policy,t_pos_rise,delta_r,healthy_positive_false_alarms,d01_coverage,d02_coverage,d04_coverage,d01_min_signed_headroom,d02_min_signed_headroom,d04_min_signed_headroom,effective_threshold_min,effective_threshold_max,safe_combined_criterion
A_TRACK_SOURCE,18,-153,360,30/30,30/30,30/30,155,176,155,18,18,0
A_TRACK_SOURCE,18,-152,360,30/30,30/30,30/30,154,175,154,18,18,0
A_TRACK_SOURCE,18,-151,360,30/30,30/30,30/30,153,174,153,18,18,0
A_TRACK_SOURCE,18,-150,360,30/30,30/30,30/30,152,173,152,18,18,0
A_TRACK_SOURCE,18,-149,360,30/30,30/30,30/30,151,172,151,18,18,0
A_TRACK_SOURCE,18,-148,360,30/30,30/30,30/30,150,171,150,18,18,0
A_TRACK_SOURCE,18,-147,360,30/30,30/30,30/30,149,170,149,18,18,0
A_TRACK_SOURCE,18,-146,360,30/30,30/30,30/30,148,169,148,18,18,0
A_TRACK_SOURCE,18,-145,360,30/30,30/30,30/30,147,168,147,18,18,0
A_TRACK_SOURCE,18,-144,360,30/30,30/30,30/30,146,167,146,18,18,0
A_TRACK_SOURCE,18,-143,360,30/30,30/30,30/30,145,166,145,18,18,0
A_TRACK_SOURCE,18,-142,360,30/30,30/30,30/30,144,165,144,18,18,0
A_TRACK_SOURCE,18,-141,360,30/30,30/30,30/30,143,164,143,18,18,0
A_TRACK_SOURCE,18,-140,360,30/30,30/30,30/30,142,163,142,18,18,0
A_TRACK_SOURCE,18,-139,360,30/30,30/30,30/30,141,162,141,18,18,0
A_TRACK_SOURCE,18,-138,360,30/30,30/30,30/30,140,161,140,18,18,0
A_TRACK_SOURCE,18,-137,360,30/30,30/30,30/30,139,160,139,18,18,0
A_TRACK_SOURCE,18,-136,360,30/30,30/30,30/30,138,159,138,18,18,0
A_TRACK_SOURCE,18,-135,360,30/30,30/30,30/30,137,158,137,18,18,0
A_TRACK_SOURCE,18,-134,360,30/30,30/30,30/30,136,157,136,18,18,0
A_TRACK_SOURCE,18,-133,360,30/30,30/30,30/30,135,156,135,18,18,0
A_TRACK_SOURCE,18,-132,360,30/30,30/30,30/30,134,155,134,18,18,0
A_TRACK_SOURCE,18,-131,360,30/30,30/30,30/30,133,154,133,18,18,0
A_TRACK_SOURCE,18,-130,360,30/30,30/30,30/30,132,153,132,18,18,0
A_TRACK_SOURCE,18,-129,360,30/30,30/30,30/30,131,152,131,18,18,0
A_TRACK_SOURCE,18,-128,360,30/30,30/30,30/30,130,151,130,18,18,0
A_TRACK_SOURCE,18,-127,360,30/30,30/30,30/30,129,150,129,18,18,0
A_TRACK_SOURCE,18,-126,360,30/30,30/30,30/30,128,149,128,18,18,0
A_TRACK_SOURCE,18,-125,360,30/30,30/30,30/30,127,148,127,18,18,0
A_TRACK_SOURCE,18,-124,360,30/30,30/30,30/30,126,147,126,18,18,0
A_TRACK_SOURCE,18,-123,360,30/30,30/30,30/30,125,146,125,18,18,0
A_TRACK_SOURCE,18,-122,360,30/30,30/30,30/30,124,145,124,18,18,0
A_TRACK_SOURCE,18,-121,360,30/30,30/30,30/30,123,144,123,18,18,0
A_TRACK_SOURCE,18,-120,360,30/30,30/30,30/30,122,143,122,18,18,0
A_TRACK_SOURCE,18,-119,360,30/30,30/30,30/30,121,142,121,18,18,0
A_TRACK_SOURCE,18,-118,360,30/30,30/30,30/30,120,141,120,18,18,0
A_TRACK_SOURCE,18,-117,360,30/30,30/30,30/30,119,140,119,18,18,0
A_TRACK_SOURCE,18,-116,360,30/30,30/30,30/30,118,139,118,18,18,0
A_TRACK_SOURCE,18,-115,360,30/30,30/30,30/30,117,138,117,18,18,0
A_TRACK_SOURCE,18,-114,360,30/30,30/30,30/30,116,137,116,18,18,0
A_TRACK_SOURCE,18,-113,360,30/30,30/30,30/30,115,136,115,18,18,0
A_TRACK_SOURCE,18,-112,360,30/30,30/30,30/30,114,135,114,18,18,0
A_TRACK_SOURCE,18,-111,360,30/30,30/30,30/30,113,134,113,18,18,0
A_TRACK_SOURCE,18,-110,360,30/30,30/30,30/30,112,133,112,18,18,0
A_TRACK_SOURCE,18,-109,360,30/30,30/30,30/30,111,132,111,18,18,0
A_TRACK_SOURCE,18,-108,360,30/30,30/30,30/30,110,131,110,18,18,0
A_TRACK_SOURCE,18,-107,360,30/30,30/30,30/30,109,130,109,18,18,0
A_TRACK_SOURCE,18,-106,360,30/30,30/30,30/30,108,129,108,18,18,0
A_TRACK_SOURCE,18,-105,360,30/30,30/30,30/30,107,128,107,18,18,0
A_TRACK_SOURCE,18,-104,360,30/30,30/30,30/30,106,127,106,18,18,0
A_TRACK_SOURCE,18,-103,360,30/30,30/30,30/30,105,126,105,18,18,0
A_TRACK_SOURCE,18,-102,360,30/30,30/30,30/30,104,125,104,18,18,0
A_TRACK_SOURCE,18,-101,360,30/30,30/30,30/30,103,124,103,18,18,0
A_TRACK_SOURCE,18,-100,360,30/30,30/30,30/30,102,123,102,18,18,0
A_TRACK_SOURCE,18,-99,360,30/30,30/30,30/30,101,122,101,18,18,0
A_TRACK_SOURCE,18,-98,360,30/30,30/30,30/30,100,121,100,18,18,0
A_TRACK_SOURCE,18,-97,360,30/30,30/30,30/30,99,120,99,18,18,0
A_TRACK_SOURCE,18,-96,360,30/30,30/30,30/30,98,119,98,18,18,0
A_TRACK_SOURCE,18,-95,360,30/30,30/30,30/30,97,118,97,18,18,0
A_TRACK_SOURCE,18,-94,360,30/30,30/30,30/30,96,117,96,18,18,0
A_TRACK_SOURCE,18,-93,360,30/30,30/30,30/30,95,116,95,18,18,0
A_TRACK_SOURCE,18,-92,360,30/30,30/30,30/30,94,115,94,18,18,0
A_TRACK_SOURCE,18,-91,360,30/30,30/30,30/30,93,114,93,18,18,0
A_TRACK_SOURCE,18,-90,360,30/30,30/30,30/30,92,113,92,18,18,0
A_TRACK_SOURCE,18,-89,360,30/30,30/30,30/30,91,112,91,18,18,0
A_TRACK_SOURCE,18,-88,360,30/30,30/30,30/30,90,111,90,18,18,0
A_TRACK_SOURCE,18,-87,360,30/30,30/30,30/30,89,110,89,18,18,0
A_TRACK_SOURCE,18,-86,360,30/30,30/30,30/30,88,109,88,18,18,0
A_TRACK_SOURCE,18,-85,360,30/30,30/30,30/30,87,108,87,18,18,0
A_TRACK_SOURCE,18,-84,360,30/30,30/30,30/30,86,107,86,18,18,0
A_TRACK_SOURCE,18,-83,360,30/30,30/30,30/30,85,106,85,18,18,0
A_TRACK_SOURCE,18,-82,360,30/30,30/30,30/30,84,105,84,18,18,0
A_TRACK_SOURCE,18,-81,360,30/30,30/30,30/30,83,104,83,18,18,0
A_TRACK_SOURCE,18,-80,360,30/30,30/30,30/30,82,103,82,18,18,0
A_TRACK_SOURCE,18,-79,360,30/30,30/30,30/30,81,102,81,18,18,0
A_TRACK_SOURCE,18,-78,360,30/30,30/30,30/30,80,101,80,18,18,0
A_TRACK_SOURCE,18,-77,360,30/30,30/30,30/30,79,100,79,18,18,0
A_TRACK_SOURCE,18,-76,360,30/30,30/30,30/30,78,99,78,18,18,0
A_TRACK_SOURCE,18,-75,360,30/30,30/30,30/30,77,98,77,18,18,0
A_TRACK_SOURCE,18,-74,360,30/30,30/30,30/30,76,97,76,18,18,0
A_TRACK_SOURCE,18,-73,360,30/30,30/30,30/30,75,96,75,18,18,0
A_TRACK_SOURCE,18,-72,360,30/30,30/30,30/30,74,95,74,18,18,0
A_TRACK_SOURCE,18,-71,360,30/30,30/30,30/30,73,94,73,18,18,0
A_TRACK_SOURCE,18,-70,360,30/30,30/30,30/30,72,93,72,18,18,0
A_TRACK_SOURCE,18,-69,360,30/30,30/30,30/30,71,92,71,18,18,0
A_TRACK_SOURCE,18,-68,360,30/30,30/30,30/30,70,91,70,18,18,0
A_TRACK_SOURCE,18,-67,360,30/30,30/30,30/30,69,90,69,18,18,0
A_TRACK_SOURCE,18,-66,360,30/30,30/30,30/30,68,89,68,18,18,0
A_TRACK_SOURCE,18,-65,360,30/30,30/30,30/30,67,88,67,18,18,0
A_TRACK_SOURCE,18,-64,360,30/30,30/30,30/30,66,87,66,18,18,0
A_TRACK_SOURCE,18,-63,360,30/30,30/30,30/30,65,86,65,18,18,0
A_TRACK_SOURCE,18,-62,360,30/30,30/30,30/30,64,85,64,18,18,0
A_TRACK_SOURCE,18,-61,360,30/30,30/30,30/30,63,84,63,18,18,0
A_TRACK_SOURCE,18,-60,360,30/30,30/30,30/30,62,83,62,18,18,0
A_TRACK_SOURCE,18,-59,360,30/30,30/30,30/30,61,82,61,18,18,0
A_TRACK_SOURCE,18,-58,360,30/30,30/30,30/30,60,81,60,18,18,0
A_TRACK_SOURCE,18,-57,360,30/30,30/30,30/30,59,80,59,18,18,0
A_TRACK_SOURCE,18,-56,360,30/30,30/30,30/30,58,79,58,18,18,0
A_TRACK_SOURCE,18,-55,360,30/30,30/30,30/30,57,78,57,18,18,0
A_TRACK_SOURCE,18,-54,360,30/30,30/30,30/30,56,77,56,18,18,0
A_TRACK_SOURCE,18,-53,360,30/30,30/30,30/30,55,76,55,18,18,0
A_TRACK_SOURCE,18,-52,360,30/30,30/30,30/30,54,75,54,18,18,0
A_TRACK_SOURCE,18,-51,360,30/30,30/30,30/30,53,74,53,18,18,0
A_TRACK_SOURCE,18,-50,360,30/30,30/30,30/30,52,73,52,18,18,0
A_TRACK_SOURCE,18,-49,360,30/30,30/30,30/30,51,72,51,18,18,0
A_TRACK_SOURCE,18,-48,360,30/30,30/30,30/30,50,71,50,18,18,0
A_TRACK_SOURCE,18,-47,360,30/30,30/30,30/30,49,70,49,18,18,0
A_TRACK_SOURCE,18,-46,360,30/30,30/30,30/30,48,69,48,18,18,0
A_TRACK_SOURCE,18,-45,360,30/30,30/30,30/30,47,68,47,18,18,0
A_TRACK_SOURCE,18,-44,360,30/30,30/30,30/30,46,67,46,18,18,0
A_TRACK_SOURCE,18,-43,360,30/30,30/30,30/30,45,66,45,18,18,0
A_TRACK_SOURCE,18,-42,360,30/30,30/30,30/30,44,65,44,18,18,0
A_TRACK_SOURCE,18,-41,360,30/30,30/30,30/30,43,64,43,18,18,0
A_TRACK_SOURCE,18,-40,354,30/30,30/30,30/30,42,63,42,18,18,0
A_TRACK_SOURCE,18,-39,352,30/30,30/30,30/30,41,62,41,18,18,0
A_TRACK_SOURCE,18,-38,352,30/30,30/30,30/30,40,61,40,18,18,0
A_TRACK_SOURCE,18,-37,352,30/30,30/30,30/30,39,60,39,18,18,0
A_TRACK_SOURCE,18,-36,347,30/30,30/30,30/30,38,59,38,18,18,0
A_TRACK_SOURCE,18,-35,340,30/30,30/30,30/30,37,58,37,18,18,0
A_TRACK_SOURCE,18,-34,315,30/30,30/30,30/30,36,57,36,18,18,0
A_TRACK_SOURCE,18,-33,308,30/30,30/30,30/30,35,56,35,18,18,0
A_TRACK_SOURCE,18,-32,308,30/30,30/30,30/30,34,55,34,18,18,0
A_TRACK_SOURCE,18,-31,308,30/30,30/30,30/30,33,54,33,18,18,0
A_TRACK_SOURCE,18,-30,308,30/30,30/30,30/30,32,53,32,18,18,0
A_TRACK_SOURCE,18,-29,308,30/30,30/30,30/30,31,52,31,18,18,0
A_TRACK_SOURCE,18,-28,300,30/30,30/30,30/30,30,51,30,18,18,0
A_TRACK_SOURCE,18,-27,300,30/30,30/30,30/30,29,50,29,18,18,0
A_TRACK_SOURCE,18,-26,300,30/30,30/30,30/30,28,49,28,18,18,0
A_TRACK_SOURCE,18,-25,300,30/30,30/30,30/30,27,48,27,18,18,0
A_TRACK_SOURCE,18,-24,300,30/30,30/30,30/30,26,47,26,18,18,0
A_TRACK_SOURCE,18,-23,234,30/30,30/30,30/30,25,46,25,18,18,0
A_TRACK_SOURCE,18,-22,234,30/30,30/30,30/30,24,45,24,18,18,0
A_TRACK_SOURCE,18,-21,234,30/30,30/30,30/30,23,44,23,18,18,0
A_TRACK_SOURCE,18,-20,234,30/30,30/30,30/30,22,43,22,18,18,0
A_TRACK_SOURCE,18,-19,234,30/30,30/30,30/30,21,42,21,18,18,0
A_TRACK_SOURCE,18,-18,50,30/30,30/30,30/30,20,41,20,18,18,0
A_TRACK_SOURCE,18,-17,50,30/30,30/30,30/30,19,40,19,18,18,0
A_TRACK_SOURCE,18,-16,50,30/30,30/30,30/30,18,39,18,18,18,0
A_TRACK_SOURCE,18,-15,50,30/30,30/30,30/30,17,38,17,18,18,0
A_TRACK_SOURCE,18,-14,50,30/30,30/30,30/30,16,37,16,18,18,0
A_TRACK_SOURCE,18,-13,50,30/30,30/30,30/30,15,36,15,18,18,0
A_TRACK_SOURCE,18,-12,10,30/30,30/30,30/30,14,35,14,18,18,0
A_TRACK_SOURCE,18,-11,10,30/30,30/30,30/30,13,34,13,18,18,0
A_TRACK_SOURCE,18,-10,10,30/30,30/30,30/30,12,33,12,18,18,0
A_TRACK_SOURCE,18,-9,10,30/30,30/30,30/30,11,32,11,18,18,0
A_TRACK_SOURCE,18,-8,6,30/30,30/30,30/30,10,31,10,18,18,0
A_TRACK_SOURCE,18,-7,6,30/30,30/30,30/30,9,30,9,18,18,0
A_TRACK_SOURCE,18,-6,6,30/30,30/30,30/30,8,29,8,18,18,0
A_TRACK_SOURCE,18,-5,6,30/30,30/30,30/30,7,28,7,18,18,0
A_TRACK_SOURCE,18,-4,6,30/30,30/30,30/30,6,27,6,18,18,0
A_TRACK_SOURCE,18,-3,6,30/30,30/30,30/30,5,26,5,18,18,0
A_TRACK_SOURCE,18,-2,5,30/30,30/30,30/30,4,25,4,18,18,0
A_TRACK_SOURCE,18,-1,2,30/30,30/30,30/30,3,24,3,18,18,0
A_TRACK_SOURCE,18,0,0,30/30,30/30,30/30,2,23,2,18,18,1
A_TRACK_SOURCE,18,1,0,30/30,30/30,30/30,1,22,1,18,18,1
A_TRACK_SOURCE,18,2,0,29/30,30/30,29/30,0,21,0,18,18,0
A_TRACK_SOURCE,18,3,0,23/30,30/30,25/30,-1,20,-1,18,18,0
A_TRACK_SOURCE,18,4,0,22/30,30/30,24/30,-2,19,-2,18,18,0
A_TRACK_SOURCE,18,5,0,21/30,30/30,23/30,-3,18,-3,18,18,0
A_TRACK_SOURCE,18,6,0,21/30,30/30,23/30,-4,17,-4,18,18,0
A_TRACK_SOURCE,18,7,0,21/30,30/30,23/30,-5,16,-5,18,18,0
A_TRACK_SOURCE,18,8,0,20/30,30/30,22/30,-6,15,-6,18,18,0
A_TRACK_SOURCE,18,9,0,16/30,30/30,18/30,-7,14,-7,18,18,0
A_TRACK_SOURCE,18,10,0,15/30,30/30,17/30,-8,13,-8,18,18,0
A_TRACK_SOURCE,18,11,0,13/30,30/30,15/30,-9,12,-9,18,18,0
A_TRACK_SOURCE,18,12,0,13/30,30/30,15/30,-10,11,-10,18,18,0
A_TRACK_SOURCE,18,13,0,13/30,30/30,15/30,-11,10,-11,18,18,0
A_TRACK_SOURCE,18,14,0,13/30,30/30,15/30,-12,9,-12,18,18,0
A_TRACK_SOURCE,18,15,0,13/30,30/30,15/30,-13,8,-13,18,18,0
A_TRACK_SOURCE,18,16,0,13/30,30/30,15/30,-14,7,-14,18,18,0
A_TRACK_SOURCE,18,17,0,13/30,30/30,15/30,-15,6,-15,18,18,0
A_TRACK_SOURCE,18,18,0,12/30,30/30,14/30,-16,5,-16,18,18,0
A_TRACK_SOURCE,18,19,0,12/30,30/30,14/30,-17,4,-17,18,18,0
A_TRACK_SOURCE,18,20,0,9/30,30/30,11/30,-18,3,-18,18,18,0
A_TRACK_SOURCE,18,21,0,9/30,30/30,11/30,-19,2,-19,18,18,0
A_TRACK_SOURCE,18,22,0,7/30,30/30,9/30,-20,1,-20,18,18,0
A_TRACK_SOURCE,18,23,0,7/30,29/30,7/30,-21,0,-21,18,18,0
A_TRACK_SOURCE,18,24,0,7/30,29/30,7/30,-22,-1,-22,18,18,0
A_TRACK_SOURCE,18,25,0,2/30,29/30,2/30,-23,-2,-23,18,18,0
A_TRACK_SOURCE,18,26,0,2/30,29/30,2/30,-24,-3,-24,18,18,0
A_TRACK_SOURCE,18,27,0,0/30,28/30,0/30,-25,-4,-25,18,18,0
A_TRACK_SOURCE,18,28,0,0/30,28/30,0/30,-26,-5,-26,18,18,0
A_TRACK_SOURCE,18,29,0,0/30,24/30,0/30,-27,-6,-27,18,18,0
A_TRACK_SOURCE,18,30,0,0/30,24/30,0/30,-28,-7,-28,18,18,0
A_TRACK_SOURCE,18,31,0,0/30,24/30,0/30,-29,-8,-29,18,18,0
A_TRACK_SOURCE,18,32,0,0/30,24/30,0/30,-30,-9,-30,18,18,0
A_TRACK_SOURCE,18,33,0,0/30,24/30,0/30,-31,-10,-31,18,18,0
A_TRACK_SOURCE,18,34,0,0/30,24/30,0/30,-32,-11,-32,18,18,0
A_TRACK_SOURCE,18,35,0,0/30,24/30,0/30,-33,-12,-33,18,18,0
A_TRACK_SOURCE,18,36,0,0/30,24/30,0/30,-34,-13,-34,18,18,0
A_TRACK_SOURCE,18,37,0,0/30,23/30,0/30,-35,-14,-35,18,18,0
A_TRACK_SOURCE,18,38,0,0/30,23/30,0/30,-36,-15,-36,18,18,0
A_TRACK_SOURCE,18,39,0,0/30,22/30,0/30,-37,-16,-37,18,18,0
A_TRACK_SOURCE,18,40,0,0/30,19/30,0/30,-38,-17,-38,18,18,0
A_TRACK_SOURCE,18,41,0,0/30,19/30,0/30,-39,-18,-39,18,18,0
A_TRACK_SOURCE,18,42,0,0/30,14/30,0/30,-40,-19,-40,18,18,0
A_TRACK_SOURCE,18,43,0,0/30,12/30,0/30,-41,-20,-41,18,18,0
A_TRACK_SOURCE,18,44,0,0/30,12/30,0/30,-42,-21,-42,18,18,0
A_TRACK_SOURCE,18,45,0,0/30,6/30,0/30,-43,-22,-43,18,18,0
A_TRACK_SOURCE,18,46,0,0/30,6/30,0/30,-44,-23,-44,18,18,0
A_TRACK_SOURCE,18,47,0,0/30,6/30,0/30,-45,-24,-45,18,18,0
A_TRACK_SOURCE,18,48,0,0/30,2/30,0/30,-46,-25,-46,18,18,0
A_TRACK_SOURCE,18,49,0,0/30,2/30,0/30,-47,-26,-47,18,18,0
A_TRACK_SOURCE,18,50,0,0/30,2/30,0/30,-48,-27,-48,18,18,0
A_TRACK_SOURCE,18,51,0,0/30,1/30,0/30,-49,-28,-49,18,18,0
A_TRACK_SOURCE,18,52,0,0/30,1/30,0/30,-50,-29,-50,18,18,0
A_TRACK_SOURCE,18,53,0,0/30,1/30,0/30,-51,-30,-51,18,18,0
A_TRACK_SOURCE,18,54,0,0/30,0/30,0/30,-52,-31,-52,18,18,0
A_TRACK_SOURCE,18,55,0,0/30,0/30,0/30,-53,-32,-53,18,18,0
A_TRACK_SOURCE,18,56,0,0/30,0/30,0/30,-54,-33,-54,18,18,0
A_TRACK_SOURCE,18,57,0,0/30,0/30,0/30,-55,-34,-55,18,18,0
A_TRACK_SOURCE,18,58,0,0/30,0/30,0/30,-56,-35,-56,18,18,0
A_TRACK_SOURCE,18,59,0,0/30,0/30,0/30,-57,-36,-57,18,18,0
A_TRACK_SOURCE,18,60,0,0/30,0/30,0/30,-58,-37,-58,18,18,0
A_TRACK_SOURCE,18,61,0,0/30,0/30,0/30,-59,-38,-59,18,18,0
A_TRACK_SOURCE,18,62,0,0/30,0/30,0/30,-60,-39,-60,18,18,0
A_TRACK_SOURCE,18,63,0,0/30,0/30,0/30,-61,-40,-61,18,18,0
A_TRACK_SOURCE,18,64,0,0/30,0/30,0/30,-62,-41,-62,18,18,0
A_TRACK_SOURCE,18,65,0,0/30,0/30,0/30,-63,-42,-63,18,18,0
A_TRACK_SOURCE,18,66,0,0/30,0/30,0/30,-64,-43,-64,18,18,0
A_TRACK_SOURCE,18,67,0,0/30,0/30,0/30,-65,-44,-65,18,18,0
A_TRACK_SOURCE,18,68,0,0/30,0/30,0/30,-66,-45,-66,18,18,0
A_TRACK_SOURCE,18,69,0,0/30,0/30,0/30,-67,-46,-67,18,18,0
A_TRACK_SOURCE,18,70,0,0/30,0/30,0/30,-68,-47,-68,18,18,0
A_TRACK_SOURCE,18,71,0,0/30,0/30,0/30,-69,-48,-69,18,18,0
A_TRACK_SOURCE,18,72,0,0/30,0/30,0/30,-70,-49,-70,18,18,0
A_TRACK_SOURCE,18,73,0,0/30,0/30,0/30,-71,-50,-71,18,18,0
A_TRACK_SOURCE,18,74,0,0/30,0/30,0/30,-72,-51,-72,18,18,0
A_TRACK_SOURCE,18,75,0,0/30,0/30,0/30,-73,-52,-73,18,18,0
A_TRACK_SOURCE,18,76,0,0/30,0/30,0/30,-74,-53,-74,18,18,0
A_TRACK_SOURCE,18,77,0,0/30,0/30,0/30,-75,-54,-75,18,18,0
A_TRACK_SOURCE,18,78,0,0/30,0/30,0/30,-76,-55,-76,18,18,0
A_TRACK_SOURCE,18,79,0,0/30,0/30,0/30,-77,-56,-77,18,18,0
A_TRACK_SOURCE,18,80,0,0/30,0/30,0/30,-78,-57,-78,18,18,0
A_TRACK_SOURCE,18,81,0,0/30,0/30,0/30,-79,-58,-79,18,18,0
A_TRACK_SOURCE,18,82,0,0/30,0/30,0/30,-80,-59,-80,18,18,0
A_TRACK_SOURCE,18,83,0,0/30,0/30,0/30,-81,-60,-81,18,18,0
A_TRACK_SOURCE,18,84,0,0/30,0/30,0/30,-82,-61,-82,18,18,0
A_TRACK_SOURCE,18,85,0,0/30,0/30,0/30,-83,-62,-83,18,18,0
A_TRACK_SOURCE,18,86,0,0/30,0/30,0/30,-84,-63,-84,18,18,0
A_TRACK_SOURCE,18,87,0,0/30,0/30,0/30,-85,-64,-85,18,18,0
A_TRACK_SOURCE,18,88,0,0/30,0/30,0/30,-86,-65,-86,18,18,0
A_TRACK_SOURCE,18,89,0,0/30,0/30,0/30,-87,-66,-87,18,18,0
A_TRACK_SOURCE,18,90,0,0/30,0/30,0/30,-88,-67,-88,18,18,0
A_TRACK_SOURCE,18,91,0,0/30,0/30,0/30,-89,-68,-89,18,18,0
A_TRACK_SOURCE,18,92,0,0/30,0/30,0/30,-90,-69,-90,18,18,0
A_TRACK_SOURCE,18,93,0,0/30,0/30,0/30,-91,-70,-91,18,18,0
A_TRACK_SOURCE,18,94,0,0/30,0/30,0/30,-92,-71,-92,18,18,0
A_TRACK_SOURCE,18,95,0,0/30,0/30,0/30,-93,-72,-93,18,18,0
A_TRACK_SOURCE,18,96,0,0/30,0/30,0/30,-94,-73,-94,18,18,0
A_TRACK_SOURCE,18,97,0,0/30,0/30,0/30,-95,-74,-95,18,18,0
A_TRACK_SOURCE,18,98,0,0/30,0/30,0/30,-96,-75,-96,18,18,0
A_TRACK_SOURCE,18,99,0,0/30,0/30,0/30,-97,-76,-97,18,18,0
A_TRACK_SOURCE,18,100,0,0/30,0/30,0/30,-98,-77,-98,18,18,0
A_TRACK_SOURCE,18,101,0,0/30,0/30,0/30,-99,-78,-99,18,18,0
A_TRACK_SOURCE,18,102,0,0/30,0/30,0/30,-100,-79,-100,18,18,0
A_TRACK_SOURCE,18,103,0,0/30,0/30,0/30,-101,-80,-101,18,18,0
A_TRACK_SOURCE,18,104,0,0/30,0/30,0/30,-102,-81,-102,18,18,0
A_TRACK_SOURCE,18,105,0,0/30,0/30,0/30,-103,-82,-103,18,18,0
A_TRACK_SOURCE,18,106,0,0/30,0/30,0/30,-104,-83,-104,18,18,0
A_TRACK_SOURCE,18,107,0,0/30,0/30,0/30,-105,-84,-105,18,18,0
A_TRACK_SOURCE,18,108,0,0/30,0/30,0/30,-106,-85,-106,18,18,0
A_TRACK_SOURCE,18,109,0,0/30,0/30,0/30,-107,-86,-107,18,18,0
A_TRACK_SOURCE,18,110,0,0/30,0/30,0/30,-108,-87,-108,18,18,0
A_TRACK_SOURCE,18,111,0,0/30,0/30,0/30,-109,-88,-109,18,18,0
A_TRACK_SOURCE,18,112,0,0/30,0/30,0/30,-110,-89,-110,18,18,0
A_TRACK_SOURCE,18,113,0,0/30,0/30,0/30,-111,-90,-111,18,18,0
A_TRACK_SOURCE,18,114,0,0/30,0/30,0/30,-112,-91,-112,18,18,0
A_TRACK_SOURCE,18,115,0,0/30,0/30,0/30,-113,-92,-113,18,18,0
A_TRACK_SOURCE,18,116,0,0/30,0/30,0/30,-114,-93,-114,18,18,0
A_TRACK_SOURCE,18,117,0,0/30,0/30,0/30,-115,-94,-115,18,18,0
A_TRACK_SOURCE,18,118,0,0/30,0/30,0/30,-116,-95,-116,18,18,0
A_TRACK_SOURCE,18,119,0,0/30,0/30,0/30,-117,-96,-117,18,18,0
A_TRACK_SOURCE,18,120,0,0/30,0/30,0/30,-118,-97,-118,18,18,0
A_TRACK_SOURCE,18,121,0,0/30,0/30,0/30,-119,-98,-119,18,18,0
A_TRACK_SOURCE,18,122,0,0/30,0/30,0/30,-120,-99,-120,18,18,0
A_TRACK_SOURCE,18,123,0,0/30,0/30,0/30,-121,-100,-121,18,18,0
A_TRACK_SOURCE,18,124,0,0/30,0/30,0/30,-122,-101,-122,18,18,0
A_TRACK_SOURCE,18,125,0,0/30,0/30,0/30,-123,-102,-123,18,18,0
A_TRACK_SOURCE,18,126,0,0/30,0/30,0/30,-124,-103,-124,18,18,0
A_TRACK_SOURCE,18,127,0,0/30,0/30,0/30,-125,-104,-125,18,18,0
A_TRACK_SOURCE,18,128,0,0/30,0/30,0/30,-126,-105,-126,18,18,0
A_TRACK_SOURCE,18,129,0,0/30,0/30,0/30,-127,-106,-127,18,18,0
A_TRACK_SOURCE,18,130,0,0/30,0/30,0/30,-128,-107,-128,18,18,0
A_TRACK_SOURCE,18,131,0,0/30,0/30,0/30,-129,-108,-129,18,18,0
A_TRACK_SOURCE,18,132,0,0/30,0/30,0/30,-130,-109,-130,18,18,0
A_TRACK_SOURCE,18,133,0,0/30,0/30,0/30,-131,-110,-131,18,18,0
A_TRACK_SOURCE,18,134,0,0/30,0/30,0/30,-132,-111,-132,18,18,0
A_TRACK_SOURCE,18,135,0,0/30,0/30,0/30,-133,-112,-133,18,18,0
A_TRACK_SOURCE,18,136,0,0/30,0/30,0/30,-134,-113,-134,18,18,0
A_TRACK_SOURCE,18,137,0,0/30,0/30,0/30,-135,-114,-135,18,18,0
A_TRACK_SOURCE,18,138,0,0/30,0/30,0/30,-136,-115,-136,18,18,0
A_TRACK_SOURCE,18,139,0,0/30,0/30,0/30,-137,-116,-137,18,18,0
A_TRACK_SOURCE,18,140,0,0/30,0/30,0/30,-138,-117,-138,18,18,0
A_TRACK_SOURCE,18,141,0,0/30,0/30,0/30,-139,-118,-139,18,18,0
A_TRACK_SOURCE,18,142,0,0/30,0/30,0/30,-140,-119,-140,18,18,0
A_TRACK_SOURCE,18,143,0,0/30,0/30,0/30,-141,-120,-141,18,18,0
A_TRACK_SOURCE,18,144,0,0/30,0/30,0/30,-142,-121,-142,18,18,0
A_TRACK_SOURCE,18,145,0,0/30,0/30,0/30,-143,-122,-143,18,18,0
A_TRACK_SOURCE,18,146,0,0/30,0/30,0/30,-144,-123,-144,18,18,0
A_TRACK_SOURCE,18,147,0,0/30,0/30,0/30,-145,-124,-145,18,18,0
A_TRACK_SOURCE,18,148,0,0/30,0/30,0/30,-146,-125,-146,18,18,0
A_TRACK_SOURCE,18,149,0,0/30,0/30,0/30,-147,-126,-147,18,18,0
A_TRACK_SOURCE,18,150,0,0/30,0/30,0/30,-148,-127,-148,18,18,0
A_TRACK_SOURCE,18,151,0,0/30,0/30,0/30,-149,-128,-149,18,18,0
A_TRACK_SOURCE,18,152,0,0/30,0/30,0/30,-150,-129,-150,18,18,0
A_TRACK_SOURCE,18,153,0,0/30,0/30,0/30,-151,-130,-151,18,18,0
A_TRACK_SOURCE,18,154,0,0/30,0/30,0/30,-152,-131,-152,18,18,0
A_TRACK_SOURCE,18,155,0,0/30,0/30,0/30,-153,-132,-153,18,18,0
A_TRACK_SOURCE,18,156,0,0/30,0/30,0/30,-154,-133,-154,18,18,0
A_TRACK_SOURCE,18,157,0,0/30,0/30,0/30,-155,-134,-155,18,18,0
A_TRACK_SOURCE,18,158,0,0/30,0/30,0/30,-156,-135,-156,18,18,0
A_TRACK_SOURCE,18,159,0,0/30,0/30,0/30,-157,-136,-157,18,18,0
A_TRACK_SOURCE,18,160,0,0/30,0/30,0/30,-158,-137,-158,18,18,0
A_TRACK_SOURCE,18,161,0,0/30,0/30,0/30,-159,-138,-159,18,18,0
A_TRACK_SOURCE,18,162,0,0/30,0/30,0/30,-160,-139,-160,18,18,0
A_TRACK_SOURCE,18,163,0,0/30,0/30,0/30,-161,-140,-161,18,18,0
A_TRACK_SOURCE,18,164,0,0/30,0/30,0/30,-162,-141,-162,18,18,0
A_TRACK_SOURCE,18,165,0,0/30,0/30,0/30,-163,-142,-163,18,18,0
A_TRACK_SOURCE,18,166,0,0/30,0/30,0/30,-164,-143,-164,18,18,0
A_TRACK_SOURCE,18,167,0,0/30,0/30,0/30,-165,-144,-165,18,18,0
A_TRACK_SOURCE,18,168,0,0/30,0/30,0/30,-166,-145,-166,18,18,0
A_TRACK_SOURCE,18,169,0,0/30,0/30,0/30,-167,-146,-167,18,18,0
A_TRACK_SOURCE,18,170,0,0/30,0/30,0/30,-168,-147,-168,18,18,0
A_TRACK_SOURCE,18,171,0,0/30,0/30,0/30,-169,-148,-169,18,18,0
A_TRACK_SOURCE,18,172,0,0/30,0/30,0/30,-170,-149,-170,18,18,0
A_TRACK_SOURCE,18,173,0,0/30,0/30,0/30,-171,-150,-171,18,18,0
A_TRACK_SOURCE,18,174,0,0/30,0/30,0/30,-172,-151,-172,18,18,0
A_TRACK_SOURCE,18,175,0,0/30,0/30,0/30,-173,-152,-173,18,18,0
A_TRACK_SOURCE,18,176,0,0/30,0/30,0/30,-174,-153,-174,18,18,0
A_TRACK_SOURCE,18,177,0,0/30,0/30,0/30,-175,-154,-175,18,18,0
A_TRACK_SOURCE,18,178,0,0/30,0/30,0/30,-176,-155,-176,18,18,0
A_TRACK_SOURCE,18,179,0,0/30,0/30,0/30,-177,-156,-177,18,18,0
A_TRACK_SOURCE,18,180,0,0/30,0/30,0/30,-178,-157,-178,18,18,0
A_TRACK_SOURCE,18,181,0,0/30,0/30,0/30,-179,-158,-179,18,18,0
A_TRACK_SOURCE,18,182,0,0/30,0/30,0/30,-180,-159,-180,18,18,0
A_TRACK_SOURCE,18,183,0,0/30,0/30,0/30,-181,-160,-181,18,18,0
A_TRACK_SOURCE,18,184,0,0/30,0/30,0/30,-182,-161,-182,18,18,0
A_TRACK_SOURCE,18,185,0,0/30,0/30,0/30,-183,-162,-183,18,18,0
A_TRACK_SOURCE,18,186,0,0/30,0/30,0/30,-184,-163,-184,18,18,0
A_TRACK_SOURCE,18,187,0,0/30,0/30,0/30,-185,-164,-185,18,18,0
A_TRACK_SOURCE,18,188,0,0/30,0/30,0/30,-186,-165,-186,18,18,0
A_TRACK_SOURCE,18,189,0,0/30,0/30,0/30,-187,-166,-187,18,18,0
A_TRACK_SOURCE,18,190,0,0/30,0/30,0/30,-188,-167,-188,18,18,0
A_TRACK_SOURCE,18,191,0,0/30,0/30,0/30,-189,-168,-189,18,18,0
A_TRACK_SOURCE,18,192,0,0/30,0/30,0/30,-190,-169,-190,18,18,0
A_TRACK_SOURCE,18,193,0,0/30,0/30,0/30,-191,-170,-191,18,18,0
A_TRACK_SOURCE,18,194,0,0/30,0/30,0/30,-192,-171,-192,18,18,0
A_TRACK_SOURCE,18,195,0,0/30,0/30,0/30,-193,-172,-193,18,18,0
A_TRACK_SOURCE,18,196,0,0/30,0/30,0/30,-194,-173,-194,18,18,0
A_TRACK_SOURCE,18,197,0,0/30,0/30,0/30,-195,-174,-195,18,18,0
A_TRACK_SOURCE,18,198,0,0/30,0/30,0/30,-196,-175,-196,18,18,0
A_TRACK_SOURCE,18,199,0,0/30,0/30,0/30,-197,-176,-197,18,18,0
A_TRACK_SOURCE,18,200,0,0/30,0/30,0/30,-198,-177,-198,18,18,0
A_TRACK_SOURCE,19,-153,360,30/30,30/30,30/30,154,175,154,19,19,0
A_TRACK_SOURCE,19,-152,360,30/30,30/30,30/30,153,174,153,19,19,0
A_TRACK_SOURCE,19,-151,360,30/30,30/30,30/30,152,173,152,19,19,0
A_TRACK_SOURCE,19,-150,360,30/30,30/30,30/30,151,172,151,19,19,0
A_TRACK_SOURCE,19,-149,360,30/30,30/30,30/30,150,171,150,19,19,0
A_TRACK_SOURCE,19,-148,360,30/30,30/30,30/30,149,170,149,19,19,0
A_TRACK_SOURCE,19,-147,360,30/30,30/30,30/30,148,169,148,19,19,0
A_TRACK_SOURCE,19,-146,360,30/30,30/30,30/30,147,168,147,19,19,0
A_TRACK_SOURCE,19,-145,360,30/30,30/30,30/30,146,167,146,19,19,0
A_TRACK_SOURCE,19,-144,360,30/30,30/30,30/30,145,166,145,19,19,0
A_TRACK_SOURCE,19,-143,360,30/30,30/30,30/30,144,165,144,19,19,0
A_TRACK_SOURCE,19,-142,360,30/30,30/30,30/30,143,164,143,19,19,0
A_TRACK_SOURCE,19,-141,360,30/30,30/30,30/30,142,163,142,19,19,0
A_TRACK_SOURCE,19,-140,360,30/30,30/30,30/30,141,162,141,19,19,0
A_TRACK_SOURCE,19,-139,360,30/30,30/30,30/30,140,161,140,19,19,0
A_TRACK_SOURCE,19,-138,360,30/30,30/30,30/30,139,160,139,19,19,0
A_TRACK_SOURCE,19,-137,360,30/30,30/30,30/30,138,159,138,19,19,0
A_TRACK_SOURCE,19,-136,360,30/30,30/30,30/30,137,158,137,19,19,0
A_TRACK_SOURCE,19,-135,360,30/30,30/30,30/30,136,157,136,19,19,0
A_TRACK_SOURCE,19,-134,360,30/30,30/30,30/30,135,156,135,19,19,0
A_TRACK_SOURCE,19,-133,360,30/30,30/30,30/30,134,155,134,19,19,0
A_TRACK_SOURCE,19,-132,360,30/30,30/30,30/30,133,154,133,19,19,0
A_TRACK_SOURCE,19,-131,360,30/30,30/30,30/30,132,153,132,19,19,0
A_TRACK_SOURCE,19,-130,360,30/30,30/30,30/30,131,152,131,19,19,0
A_TRACK_SOURCE,19,-129,360,30/30,30/30,30/30,130,151,130,19,19,0
A_TRACK_SOURCE,19,-128,360,30/30,30/30,30/30,129,150,129,19,19,0
A_TRACK_SOURCE,19,-127,360,30/30,30/30,30/30,128,149,128,19,19,0
A_TRACK_SOURCE,19,-126,360,30/30,30/30,30/30,127,148,127,19,19,0
A_TRACK_SOURCE,19,-125,360,30/30,30/30,30/30,126,147,126,19,19,0
A_TRACK_SOURCE,19,-124,360,30/30,30/30,30/30,125,146,125,19,19,0
A_TRACK_SOURCE,19,-123,360,30/30,30/30,30/30,124,145,124,19,19,0
A_TRACK_SOURCE,19,-122,360,30/30,30/30,30/30,123,144,123,19,19,0
A_TRACK_SOURCE,19,-121,360,30/30,30/30,30/30,122,143,122,19,19,0
A_TRACK_SOURCE,19,-120,360,30/30,30/30,30/30,121,142,121,19,19,0
A_TRACK_SOURCE,19,-119,360,30/30,30/30,30/30,120,141,120,19,19,0
A_TRACK_SOURCE,19,-118,360,30/30,30/30,30/30,119,140,119,19,19,0
A_TRACK_SOURCE,19,-117,360,30/30,30/30,30/30,118,139,118,19,19,0
A_TRACK_SOURCE,19,-116,360,30/30,30/30,30/30,117,138,117,19,19,0
A_TRACK_SOURCE,19,-115,360,30/30,30/30,30/30,116,137,116,19,19,0
A_TRACK_SOURCE,19,-114,360,30/30,30/30,30/30,115,136,115,19,19,0
A_TRACK_SOURCE,19,-113,360,30/30,30/30,30/30,114,135,114,19,19,0
A_TRACK_SOURCE,19,-112,360,30/30,30/30,30/30,113,134,113,19,19,0
A_TRACK_SOURCE,19,-111,360,30/30,30/30,30/30,112,133,112,19,19,0
A_TRACK_SOURCE,19,-110,360,30/30,30/30,30/30,111,132,111,19,19,0
A_TRACK_SOURCE,19,-109,360,30/30,30/30,30/30,110,131,110,19,19,0
A_TRACK_SOURCE,19,-108,360,30/30,30/30,30/30,109,130,109,19,19,0
A_TRACK_SOURCE,19,-107,360,30/30,30/30,30/30,108,129,108,19,19,0
A_TRACK_SOURCE,19,-106,360,30/30,30/30,30/30,107,128,107,19,19,0
A_TRACK_SOURCE,19,-105,360,30/30,30/30,30/30,106,127,106,19,19,0
A_TRACK_SOURCE,19,-104,360,30/30,30/30,30/30,105,126,105,19,19,0
A_TRACK_SOURCE,19,-103,360,30/30,30/30,30/30,104,125,104,19,19,0
A_TRACK_SOURCE,19,-102,360,30/30,30/30,30/30,103,124,103,19,19,0
A_TRACK_SOURCE,19,-101,360,30/30,30/30,30/30,102,123,102,19,19,0
A_TRACK_SOURCE,19,-100,360,30/30,30/30,30/30,101,122,101,19,19,0
A_TRACK_SOURCE,19,-99,360,30/30,30/30,30/30,100,121,100,19,19,0
A_TRACK_SOURCE,19,-98,360,30/30,30/30,30/30,99,120,99,19,19,0
A_TRACK_SOURCE,19,-97,360,30/30,30/30,30/30,98,119,98,19,19,0
A_TRACK_SOURCE,19,-96,360,30/30,30/30,30/30,97,118,97,19,19,0
A_TRACK_SOURCE,19,-95,360,30/30,30/30,30/30,96,117,96,19,19,0
A_TRACK_SOURCE,19,-94,360,30/30,30/30,30/30,95,116,95,19,19,0
A_TRACK_SOURCE,19,-93,360,30/30,30/30,30/30,94,115,94,19,19,0
A_TRACK_SOURCE,19,-92,360,30/30,30/30,30/30,93,114,93,19,19,0
A_TRACK_SOURCE,19,-91,360,30/30,30/30,30/30,92,113,92,19,19,0
A_TRACK_SOURCE,19,-90,360,30/30,30/30,30/30,91,112,91,19,19,0
A_TRACK_SOURCE,19,-89,360,30/30,30/30,30/30,90,111,90,19,19,0
A_TRACK_SOURCE,19,-88,360,30/30,30/30,30/30,89,110,89,19,19,0
A_TRACK_SOURCE,19,-87,360,30/30,30/30,30/30,88,109,88,19,19,0
A_TRACK_SOURCE,19,-86,360,30/30,30/30,30/30,87,108,87,19,19,0
A_TRACK_SOURCE,19,-85,360,30/30,30/30,30/30,86,107,86,19,19,0
A_TRACK_SOURCE,19,-84,360,30/30,30/30,30/30,85,106,85,19,19,0
A_TRACK_SOURCE,19,-83,360,30/30,30/30,30/30,84,105,84,19,19,0
A_TRACK_SOURCE,19,-82,360,30/30,30/30,30/30,83,104,83,19,19,0
A_TRACK_SOURCE,19,-81,360,30/30,30/30,30/30,82,103,82,19,19,0
A_TRACK_SOURCE,19,-80,360,30/30,30/30,30/30,81,102,81,19,19,0
A_TRACK_SOURCE,19,-79,360,30/30,30/30,30/30,80,101,80,19,19,0
A_TRACK_SOURCE,19,-78,360,30/30,30/30,30/30,79,100,79,19,19,0
A_TRACK_SOURCE,19,-77,360,30/30,30/30,30/30,78,99,78,19,19,0
A_TRACK_SOURCE,19,-76,360,30/30,30/30,30/30,77,98,77,19,19,0
A_TRACK_SOURCE,19,-75,360,30/30,30/30,30/30,76,97,76,19,19,0
A_TRACK_SOURCE,19,-74,360,30/30,30/30,30/30,75,96,75,19,19,0
A_TRACK_SOURCE,19,-73,360,30/30,30/30,30/30,74,95,74,19,19,0
A_TRACK_SOURCE,19,-72,360,30/30,30/30,30/30,73,94,73,19,19,0
A_TRACK_SOURCE,19,-71,360,30/30,30/30,30/30,72,93,72,19,19,0
A_TRACK_SOURCE,19,-70,360,30/30,30/30,30/30,71,92,71,19,19,0
A_TRACK_SOURCE,19,-69,360,30/30,30/30,30/30,70,91,70,19,19,0
A_TRACK_SOURCE,19,-68,360,30/30,30/30,30/30,69,90,69,19,19,0
A_TRACK_SOURCE,19,-67,360,30/30,30/30,30/30,68,89,68,19,19,0
A_TRACK_SOURCE,19,-66,360,30/30,30/30,30/30,67,88,67,19,19,0
A_TRACK_SOURCE,19,-65,360,30/30,30/30,30/30,66,87,66,19,19,0
A_TRACK_SOURCE,19,-64,360,30/30,30/30,30/30,65,86,65,19,19,0
A_TRACK_SOURCE,19,-63,360,30/30,30/30,30/30,64,85,64,19,19,0
A_TRACK_SOURCE,19,-62,360,30/30,30/30,30/30,63,84,63,19,19,0
A_TRACK_SOURCE,19,-61,360,30/30,30/30,30/30,62,83,62,19,19,0
A_TRACK_SOURCE,19,-60,360,30/30,30/30,30/30,61,82,61,19,19,0
A_TRACK_SOURCE,19,-59,360,30/30,30/30,30/30,60,81,60,19,19,0
A_TRACK_SOURCE,19,-58,360,30/30,30/30,30/30,59,80,59,19,19,0
A_TRACK_SOURCE,19,-57,360,30/30,30/30,30/30,58,79,58,19,19,0
A_TRACK_SOURCE,19,-56,360,30/30,30/30,30/30,57,78,57,19,19,0
A_TRACK_SOURCE,19,-55,360,30/30,30/30,30/30,56,77,56,19,19,0
A_TRACK_SOURCE,19,-54,360,30/30,30/30,30/30,55,76,55,19,19,0
A_TRACK_SOURCE,19,-53,360,30/30,30/30,30/30,54,75,54,19,19,0
A_TRACK_SOURCE,19,-52,360,30/30,30/30,30/30,53,74,53,19,19,0
A_TRACK_SOURCE,19,-51,360,30/30,30/30,30/30,52,73,52,19,19,0
A_TRACK_SOURCE,19,-50,360,30/30,30/30,30/30,51,72,51,19,19,0
A_TRACK_SOURCE,19,-49,360,30/30,30/30,30/30,50,71,50,19,19,0
A_TRACK_SOURCE,19,-48,360,30/30,30/30,30/30,49,70,49,19,19,0
A_TRACK_SOURCE,19,-47,360,30/30,30/30,30/30,48,69,48,19,19,0
A_TRACK_SOURCE,19,-46,360,30/30,30/30,30/30,47,68,47,19,19,0
A_TRACK_SOURCE,19,-45,360,30/30,30/30,30/30,46,67,46,19,19,0
A_TRACK_SOURCE,19,-44,360,30/30,30/30,30/30,45,66,45,19,19,0
A_TRACK_SOURCE,19,-43,360,30/30,30/30,30/30,44,65,44,19,19,0
A_TRACK_SOURCE,19,-42,360,30/30,30/30,30/30,43,64,43,19,19,0
A_TRACK_SOURCE,19,-41,354,30/30,30/30,30/30,42,63,42,19,19,0
A_TRACK_SOURCE,19,-40,352,30/30,30/30,30/30,41,62,41,19,19,0
A_TRACK_SOURCE,19,-39,352,30/30,30/30,30/30,40,61,40,19,19,0
A_TRACK_SOURCE,19,-38,352,30/30,30/30,30/30,39,60,39,19,19,0
A_TRACK_SOURCE,19,-37,347,30/30,30/30,30/30,38,59,38,19,19,0
A_TRACK_SOURCE,19,-36,340,30/30,30/30,30/30,37,58,37,19,19,0
A_TRACK_SOURCE,19,-35,315,30/30,30/30,30/30,36,57,36,19,19,0
A_TRACK_SOURCE,19,-34,308,30/30,30/30,30/30,35,56,35,19,19,0
A_TRACK_SOURCE,19,-33,308,30/30,30/30,30/30,34,55,34,19,19,0
A_TRACK_SOURCE,19,-32,308,30/30,30/30,30/30,33,54,33,19,19,0
A_TRACK_SOURCE,19,-31,308,30/30,30/30,30/30,32,53,32,19,19,0
A_TRACK_SOURCE,19,-30,308,30/30,30/30,30/30,31,52,31,19,19,0
A_TRACK_SOURCE,19,-29,300,30/30,30/30,30/30,30,51,30,19,19,0
A_TRACK_SOURCE,19,-28,300,30/30,30/30,30/30,29,50,29,19,19,0
A_TRACK_SOURCE,19,-27,300,30/30,30/30,30/30,28,49,28,19,19,0
A_TRACK_SOURCE,19,-26,300,30/30,30/30,30/30,27,48,27,19,19,0
A_TRACK_SOURCE,19,-25,300,30/30,30/30,30/30,26,47,26,19,19,0
A_TRACK_SOURCE,19,-24,234,30/30,30/30,30/30,25,46,25,19,19,0
A_TRACK_SOURCE,19,-23,234,30/30,30/30,30/30,24,45,24,19,19,0
A_TRACK_SOURCE,19,-22,234,30/30,30/30,30/30,23,44,23,19,19,0
A_TRACK_SOURCE,19,-21,234,30/30,30/30,30/30,22,43,22,19,19,0
A_TRACK_SOURCE,19,-20,234,30/30,30/30,30/30,21,42,21,19,19,0
A_TRACK_SOURCE,19,-19,50,30/30,30/30,30/30,20,41,20,19,19,0
A_TRACK_SOURCE,19,-18,50,30/30,30/30,30/30,19,40,19,19,19,0
A_TRACK_SOURCE,19,-17,50,30/30,30/30,30/30,18,39,18,19,19,0
A_TRACK_SOURCE,19,-16,50,30/30,30/30,30/30,17,38,17,19,19,0
A_TRACK_SOURCE,19,-15,50,30/30,30/30,30/30,16,37,16,19,19,0
A_TRACK_SOURCE,19,-14,50,30/30,30/30,30/30,15,36,15,19,19,0
A_TRACK_SOURCE,19,-13,10,30/30,30/30,30/30,14,35,14,19,19,0
A_TRACK_SOURCE,19,-12,10,30/30,30/30,30/30,13,34,13,19,19,0
A_TRACK_SOURCE,19,-11,10,30/30,30/30,30/30,12,33,12,19,19,0
A_TRACK_SOURCE,19,-10,10,30/30,30/30,30/30,11,32,11,19,19,0
A_TRACK_SOURCE,19,-9,6,30/30,30/30,30/30,10,31,10,19,19,0
A_TRACK_SOURCE,19,-8,6,30/30,30/30,30/30,9,30,9,19,19,0
A_TRACK_SOURCE,19,-7,6,30/30,30/30,30/30,8,29,8,19,19,0
A_TRACK_SOURCE,19,-6,6,30/30,30/30,30/30,7,28,7,19,19,0
A_TRACK_SOURCE,19,-5,6,30/30,30/30,30/30,6,27,6,19,19,0
A_TRACK_SOURCE,19,-4,6,30/30,30/30,30/30,5,26,5,19,19,0
A_TRACK_SOURCE,19,-3,5,30/30,30/30,30/30,4,25,4,19,19,0
A_TRACK_SOURCE,19,-2,2,30/30,30/30,30/30,3,24,3,19,19,0
A_TRACK_SOURCE,19,-1,0,30/30,30/30,30/30,2,23,2,19,19,1
A_TRACK_SOURCE,19,0,0,30/30,30/30,30/30,1,22,1,19,19,1
A_TRACK_SOURCE,19,1,0,29/30,30/30,29/30,0,21,0,19,19,0
A_TRACK_SOURCE,19,2,0,23/30,30/30,25/30,-1,20,-1,19,19,0
A_TRACK_SOURCE,19,3,0,22/30,30/30,24/30,-2,19,-2,19,19,0
A_TRACK_SOURCE,19,4,0,21/30,30/30,23/30,-3,18,-3,19,19,0
A_TRACK_SOURCE,19,5,0,21/30,30/30,23/30,-4,17,-4,19,19,0
A_TRACK_SOURCE,19,6,0,21/30,30/30,23/30,-5,16,-5,19,19,0
A_TRACK_SOURCE,19,7,0,20/30,30/30,22/30,-6,15,-6,19,19,0
A_TRACK_SOURCE,19,8,0,16/30,30/30,18/30,-7,14,-7,19,19,0
A_TRACK_SOURCE,19,9,0,15/30,30/30,17/30,-8,13,-8,19,19,0
A_TRACK_SOURCE,19,10,0,13/30,30/30,15/30,-9,12,-9,19,19,0
A_TRACK_SOURCE,19,11,0,13/30,30/30,15/30,-10,11,-10,19,19,0
A_TRACK_SOURCE,19,12,0,13/30,30/30,15/30,-11,10,-11,19,19,0
A_TRACK_SOURCE,19,13,0,13/30,30/30,15/30,-12,9,-12,19,19,0
A_TRACK_SOURCE,19,14,0,13/30,30/30,15/30,-13,8,-13,19,19,0
A_TRACK_SOURCE,19,15,0,13/30,30/30,15/30,-14,7,-14,19,19,0
A_TRACK_SOURCE,19,16,0,13/30,30/30,15/30,-15,6,-15,19,19,0
A_TRACK_SOURCE,19,17,0,12/30,30/30,14/30,-16,5,-16,19,19,0
A_TRACK_SOURCE,19,18,0,12/30,30/30,14/30,-17,4,-17,19,19,0
A_TRACK_SOURCE,19,19,0,9/30,30/30,11/30,-18,3,-18,19,19,0
A_TRACK_SOURCE,19,20,0,9/30,30/30,11/30,-19,2,-19,19,19,0
A_TRACK_SOURCE,19,21,0,7/30,30/30,9/30,-20,1,-20,19,19,0
A_TRACK_SOURCE,19,22,0,7/30,29/30,7/30,-21,0,-21,19,19,0
A_TRACK_SOURCE,19,23,0,7/30,29/30,7/30,-22,-1,-22,19,19,0
A_TRACK_SOURCE,19,24,0,2/30,29/30,2/30,-23,-2,-23,19,19,0
A_TRACK_SOURCE,19,25,0,2/30,29/30,2/30,-24,-3,-24,19,19,0
A_TRACK_SOURCE,19,26,0,0/30,28/30,0/30,-25,-4,-25,19,19,0
A_TRACK_SOURCE,19,27,0,0/30,28/30,0/30,-26,-5,-26,19,19,0
A_TRACK_SOURCE,19,28,0,0/30,24/30,0/30,-27,-6,-27,19,19,0
A_TRACK_SOURCE,19,29,0,0/30,24/30,0/30,-28,-7,-28,19,19,0
A_TRACK_SOURCE,19,30,0,0/30,24/30,0/30,-29,-8,-29,19,19,0
A_TRACK_SOURCE,19,31,0,0/30,24/30,0/30,-30,-9,-30,19,19,0
A_TRACK_SOURCE,19,32,0,0/30,24/30,0/30,-31,-10,-31,19,19,0
A_TRACK_SOURCE,19,33,0,0/30,24/30,0/30,-32,-11,-32,19,19,0
A_TRACK_SOURCE,19,34,0,0/30,24/30,0/30,-33,-12,-33,19,19,0
A_TRACK_SOURCE,19,35,0,0/30,24/30,0/30,-34,-13,-34,19,19,0
A_TRACK_SOURCE,19,36,0,0/30,23/30,0/30,-35,-14,-35,19,19,0
A_TRACK_SOURCE,19,37,0,0/30,23/30,0/30,-36,-15,-36,19,19,0
A_TRACK_SOURCE,19,38,0,0/30,22/30,0/30,-37,-16,-37,19,19,0
A_TRACK_SOURCE,19,39,0,0/30,19/30,0/30,-38,-17,-38,19,19,0
A_TRACK_SOURCE,19,40,0,0/30,19/30,0/30,-39,-18,-39,19,19,0
A_TRACK_SOURCE,19,41,0,0/30,14/30,0/30,-40,-19,-40,19,19,0
A_TRACK_SOURCE,19,42,0,0/30,12/30,0/30,-41,-20,-41,19,19,0
A_TRACK_SOURCE,19,43,0,0/30,12/30,0/30,-42,-21,-42,19,19,0
A_TRACK_SOURCE,19,44,0,0/30,6/30,0/30,-43,-22,-43,19,19,0
A_TRACK_SOURCE,19,45,0,0/30,6/30,0/30,-44,-23,-44,19,19,0
A_TRACK_SOURCE,19,46,0,0/30,6/30,0/30,-45,-24,-45,19,19,0
A_TRACK_SOURCE,19,47,0,0/30,2/30,0/30,-46,-25,-46,19,19,0
A_TRACK_SOURCE,19,48,0,0/30,2/30,0/30,-47,-26,-47,19,19,0
A_TRACK_SOURCE,19,49,0,0/30,2/30,0/30,-48,-27,-48,19,19,0
A_TRACK_SOURCE,19,50,0,0/30,1/30,0/30,-49,-28,-49,19,19,0
A_TRACK_SOURCE,19,51,0,0/30,1/30,0/30,-50,-29,-50,19,19,0
A_TRACK_SOURCE,19,52,0,0/30,1/30,0/30,-51,-30,-51,19,19,0
A_TRACK_SOURCE,19,53,0,0/30,0/30,0/30,-52,-31,-52,19,19,0
A_TRACK_SOURCE,19,54,0,0/30,0/30,0/30,-53,-32,-53,19,19,0
A_TRACK_SOURCE,19,55,0,0/30,0/30,0/30,-54,-33,-54,19,19,0
A_TRACK_SOURCE,19,56,0,0/30,0/30,0/30,-55,-34,-55,19,19,0
A_TRACK_SOURCE,19,57,0,0/30,0/30,0/30,-56,-35,-56,19,19,0
A_TRACK_SOURCE,19,58,0,0/30,0/30,0/30,-57,-36,-57,19,19,0
A_TRACK_SOURCE,19,59,0,0/30,0/30,0/30,-58,-37,-58,19,19,0
A_TRACK_SOURCE,19,60,0,0/30,0/30,0/30,-59,-38,-59,19,19,0
A_TRACK_SOURCE,19,61,0,0/30,0/30,0/30,-60,-39,-60,19,19,0
A_TRACK_SOURCE,19,62,0,0/30,0/30,0/30,-61,-40,-61,19,19,0
A_TRACK_SOURCE,19,63,0,0/30,0/30,0/30,-62,-41,-62,19,19,0
A_TRACK_SOURCE,19,64,0,0/30,0/30,0/30,-63,-42,-63,19,19,0
A_TRACK_SOURCE,19,65,0,0/30,0/30,0/30,-64,-43,-64,19,19,0
A_TRACK_SOURCE,19,66,0,0/30,0/30,0/30,-65,-44,-65,19,19,0
A_TRACK_SOURCE,19,67,0,0/30,0/30,0/30,-66,-45,-66,19,19,0
A_TRACK_SOURCE,19,68,0,0/30,0/30,0/30,-67,-46,-67,19,19,0
A_TRACK_SOURCE,19,69,0,0/30,0/30,0/30,-68,-47,-68,19,19,0
A_TRACK_SOURCE,19,70,0,0/30,0/30,0/30,-69,-48,-69,19,19,0
A_TRACK_SOURCE,19,71,0,0/30,0/30,0/30,-70,-49,-70,19,19,0
A_TRACK_SOURCE,19,72,0,0/30,0/30,0/30,-71,-50,-71,19,19,0
A_TRACK_SOURCE,19,73,0,0/30,0/30,0/30,-72,-51,-72,19,19,0
A_TRACK_SOURCE,19,74,0,0/30,0/30,0/30,-73,-52,-73,19,19,0
A_TRACK_SOURCE,19,75,0,0/30,0/30,0/30,-74,-53,-74,19,19,0
A_TRACK_SOURCE,19,76,0,0/30,0/30,0/30,-75,-54,-75,19,19,0
A_TRACK_SOURCE,19,77,0,0/30,0/30,0/30,-76,-55,-76,19,19,0
A_TRACK_SOURCE,19,78,0,0/30,0/30,0/30,-77,-56,-77,19,19,0
A_TRACK_SOURCE,19,79,0,0/30,0/30,0/30,-78,-57,-78,19,19,0
A_TRACK_SOURCE,19,80,0,0/30,0/30,0/30,-79,-58,-79,19,19,0
A_TRACK_SOURCE,19,81,0,0/30,0/30,0/30,-80,-59,-80,19,19,0
A_TRACK_SOURCE,19,82,0,0/30,0/30,0/30,-81,-60,-81,19,19,0
A_TRACK_SOURCE,19,83,0,0/30,0/30,0/30,-82,-61,-82,19,19,0
A_TRACK_SOURCE,19,84,0,0/30,0/30,0/30,-83,-62,-83,19,19,0
A_TRACK_SOURCE,19,85,0,0/30,0/30,0/30,-84,-63,-84,19,19,0
A_TRACK_SOURCE,19,86,0,0/30,0/30,0/30,-85,-64,-85,19,19,0
A_TRACK_SOURCE,19,87,0,0/30,0/30,0/30,-86,-65,-86,19,19,0
A_TRACK_SOURCE,19,88,0,0/30,0/30,0/30,-87,-66,-87,19,19,0
A_TRACK_SOURCE,19,89,0,0/30,0/30,0/30,-88,-67,-88,19,19,0
A_TRACK_SOURCE,19,90,0,0/30,0/30,0/30,-89,-68,-89,19,19,0
A_TRACK_SOURCE,19,91,0,0/30,0/30,0/30,-90,-69,-90,19,19,0
A_TRACK_SOURCE,19,92,0,0/30,0/30,0/30,-91,-70,-91,19,19,0
A_TRACK_SOURCE,19,93,0,0/30,0/30,0/30,-92,-71,-92,19,19,0
A_TRACK_SOURCE,19,94,0,0/30,0/30,0/30,-93,-72,-93,19,19,0
A_TRACK_SOURCE,19,95,0,0/30,0/30,0/30,-94,-73,-94,19,19,0
A_TRACK_SOURCE,19,96,0,0/30,0/30,0/30,-95,-74,-95,19,19,0
A_TRACK_SOURCE,19,97,0,0/30,0/30,0/30,-96,-75,-96,19,19,0
A_TRACK_SOURCE,19,98,0,0/30,0/30,0/30,-97,-76,-97,19,19,0
A_TRACK_SOURCE,19,99,0,0/30,0/30,0/30,-98,-77,-98,19,19,0
A_TRACK_SOURCE,19,100,0,0/30,0/30,0/30,-99,-78,-99,19,19,0
A_TRACK_SOURCE,19,101,0,0/30,0/30,0/30,-100,-79,-100,19,19,0
A_TRACK_SOURCE,19,102,0,0/30,0/30,0/30,-101,-80,-101,19,19,0
A_TRACK_SOURCE,19,103,0,0/30,0/30,0/30,-102,-81,-102,19,19,0
A_TRACK_SOURCE,19,104,0,0/30,0/30,0/30,-103,-82,-103,19,19,0
A_TRACK_SOURCE,19,105,0,0/30,0/30,0/30,-104,-83,-104,19,19,0
A_TRACK_SOURCE,19,106,0,0/30,0/30,0/30,-105,-84,-105,19,19,0
A_TRACK_SOURCE,19,107,0,0/30,0/30,0/30,-106,-85,-106,19,19,0
A_TRACK_SOURCE,19,108,0,0/30,0/30,0/30,-107,-86,-107,19,19,0
A_TRACK_SOURCE,19,109,0,0/30,0/30,0/30,-108,-87,-108,19,19,0
A_TRACK_SOURCE,19,110,0,0/30,0/30,0/30,-109,-88,-109,19,19,0
A_TRACK_SOURCE,19,111,0,0/30,0/30,0/30,-110,-89,-110,19,19,0
A_TRACK_SOURCE,19,112,0,0/30,0/30,0/30,-111,-90,-111,19,19,0
A_TRACK_SOURCE,19,113,0,0/30,0/30,0/30,-112,-91,-112,19,19,0
A_TRACK_SOURCE,19,114,0,0/30,0/30,0/30,-113,-92,-113,19,19,0
A_TRACK_SOURCE,19,115,0,0/30,0/30,0/30,-114,-93,-114,19,19,0
A_TRACK_SOURCE,19,116,0,0/30,0/30,0/30,-115,-94,-115,19,19,0
A_TRACK_SOURCE,19,117,0,0/30,0/30,0/30,-116,-95,-116,19,19,0
A_TRACK_SOURCE,19,118,0,0/30,0/30,0/30,-117,-96,-117,19,19,0
A_TRACK_SOURCE,19,119,0,0/30,0/30,0/30,-118,-97,-118,19,19,0
A_TRACK_SOURCE,19,120,0,0/30,0/30,0/30,-119,-98,-119,19,19,0
A_TRACK_SOURCE,19,121,0,0/30,0/30,0/30,-120,-99,-120,19,19,0
A_TRACK_SOURCE,19,122,0,0/30,0/30,0/30,-121,-100,-121,19,19,0
A_TRACK_SOURCE,19,123,0,0/30,0/30,0/30,-122,-101,-122,19,19,0
A_TRACK_SOURCE,19,124,0,0/30,0/30,0/30,-123,-102,-123,19,19,0
A_TRACK_SOURCE,19,125,0,0/30,0/30,0/30,-124,-103,-124,19,19,0
A_TRACK_SOURCE,19,126,0,0/30,0/30,0/30,-125,-104,-125,19,19,0
A_TRACK_SOURCE,19,127,0,0/30,0/30,0/30,-126,-105,-126,19,19,0
A_TRACK_SOURCE,19,128,0,0/30,0/30,0/30,-127,-106,-127,19,19,0
A_TRACK_SOURCE,19,129,0,0/30,0/30,0/30,-128,-107,-128,19,19,0
A_TRACK_SOURCE,19,130,0,0/30,0/30,0/30,-129,-108,-129,19,19,0
A_TRACK_SOURCE,19,131,0,0/30,0/30,0/30,-130,-109,-130,19,19,0
A_TRACK_SOURCE,19,132,0,0/30,0/30,0/30,-131,-110,-131,19,19,0
A_TRACK_SOURCE,19,133,0,0/30,0/30,0/30,-132,-111,-132,19,19,0
A_TRACK_SOURCE,19,134,0,0/30,0/30,0/30,-133,-112,-133,19,19,0
A_TRACK_SOURCE,19,135,0,0/30,0/30,0/30,-134,-113,-134,19,19,0
A_TRACK_SOURCE,19,136,0,0/30,0/30,0/30,-135,-114,-135,19,19,0
A_TRACK_SOURCE,19,137,0,0/30,0/30,0/30,-136,-115,-136,19,19,0
A_TRACK_SOURCE,19,138,0,0/30,0/30,0/30,-137,-116,-137,19,19,0
A_TRACK_SOURCE,19,139,0,0/30,0/30,0/30,-138,-117,-138,19,19,0
A_TRACK_SOURCE,19,140,0,0/30,0/30,0/30,-139,-118,-139,19,19,0
A_TRACK_SOURCE,19,141,0,0/30,0/30,0/30,-140,-119,-140,19,19,0
A_TRACK_SOURCE,19,142,0,0/30,0/30,0/30,-141,-120,-141,19,19,0
A_TRACK_SOURCE,19,143,0,0/30,0/30,0/30,-142,-121,-142,19,19,0
A_TRACK_SOURCE,19,144,0,0/30,0/30,0/30,-143,-122,-143,19,19,0
A_TRACK_SOURCE,19,145,0,0/30,0/30,0/30,-144,-123,-144,19,19,0
A_TRACK_SOURCE,19,146,0,0/30,0/30,0/30,-145,-124,-145,19,19,0
A_TRACK_SOURCE,19,147,0,0/30,0/30,0/30,-146,-125,-146,19,19,0
A_TRACK_SOURCE,19,148,0,0/30,0/30,0/30,-147,-126,-147,19,19,0
A_TRACK_SOURCE,19,149,0,0/30,0/30,0/30,-148,-127,-148,19,19,0
A_TRACK_SOURCE,19,150,0,0/30,0/30,0/30,-149,-128,-149,19,19,0
A_TRACK_SOURCE,19,151,0,0/30,0/30,0/30,-150,-129,-150,19,19,0
A_TRACK_SOURCE,19,152,0,0/30,0/30,0/30,-151,-130,-151,19,19,0
A_TRACK_SOURCE,19,153,0,0/30,0/30,0/30,-152,-131,-152,19,19,0
A_TRACK_SOURCE,19,154,0,0/30,0/30,0/30,-153,-132,-153,19,19,0
A_TRACK_SOURCE,19,155,0,0/30,0/30,0/30,-154,-133,-154,19,19,0
A_TRACK_SOURCE,19,156,0,0/30,0/30,0/30,-155,-134,-155,19,19,0
A_TRACK_SOURCE,19,157,0,0/30,0/30,0/30,-156,-135,-156,19,19,0
A_TRACK_SOURCE,19,158,0,0/30,0/30,0/30,-157,-136,-157,19,19,0
A_TRACK_SOURCE,19,159,0,0/30,0/30,0/30,-158,-137,-158,19,19,0
A_TRACK_SOURCE,19,160,0,0/30,0/30,0/30,-159,-138,-159,19,19,0
A_TRACK_SOURCE,19,161,0,0/30,0/30,0/30,-160,-139,-160,19,19,0
A_TRACK_SOURCE,19,162,0,0/30,0/30,0/30,-161,-140,-161,19,19,0
A_TRACK_SOURCE,19,163,0,0/30,0/30,0/30,-162,-141,-162,19,19,0
A_TRACK_SOURCE,19,164,0,0/30,0/30,0/30,-163,-142,-163,19,19,0
A_TRACK_SOURCE,19,165,0,0/30,0/30,0/30,-164,-143,-164,19,19,0
A_TRACK_SOURCE,19,166,0,0/30,0/30,0/30,-165,-144,-165,19,19,0
A_TRACK_SOURCE,19,167,0,0/30,0/30,0/30,-166,-145,-166,19,19,0
A_TRACK_SOURCE,19,168,0,0/30,0/30,0/30,-167,-146,-167,19,19,0
A_TRACK_SOURCE,19,169,0,0/30,0/30,0/30,-168,-147,-168,19,19,0
A_TRACK_SOURCE,19,170,0,0/30,0/30,0/30,-169,-148,-169,19,19,0
A_TRACK_SOURCE,19,171,0,0/30,0/30,0/30,-170,-149,-170,19,19,0
A_TRACK_SOURCE,19,172,0,0/30,0/30,0/30,-171,-150,-171,19,19,0
A_TRACK_SOURCE,19,173,0,0/30,0/30,0/30,-172,-151,-172,19,19,0
A_TRACK_SOURCE,19,174,0,0/30,0/30,0/30,-173,-152,-173,19,19,0
A_TRACK_SOURCE,19,175,0,0/30,0/30,0/30,-174,-153,-174,19,19,0
A_TRACK_SOURCE,19,176,0,0/30,0/30,0/30,-175,-154,-175,19,19,0
A_TRACK_SOURCE,19,177,0,0/30,0/30,0/30,-176,-155,-176,19,19,0
A_TRACK_SOURCE,19,178,0,0/30,0/30,0/30,-177,-156,-177,19,19,0
A_TRACK_SOURCE,19,179,0,0/30,0/30,0/30,-178,-157,-178,19,19,0
A_TRACK_SOURCE,19,180,0,0/30,0/30,0/30,-179,-158,-179,19,19,0
A_TRACK_SOURCE,19,181,0,0/30,0/30,0/30,-180,-159,-180,19,19,0
A_TRACK_SOURCE,19,182,0,0/30,0/30,0/30,-181,-160,-181,19,19,0
A_TRACK_SOURCE,19,183,0,0/30,0/30,0/30,-182,-161,-182,19,19,0
A_TRACK_SOURCE,19,184,0,0/30,0/30,0/30,-183,-162,-183,19,19,0
A_TRACK_SOURCE,19,185,0,0/30,0/30,0/30,-184,-163,-184,19,19,0
A_TRACK_SOURCE,19,186,0,0/30,0/30,0/30,-185,-164,-185,19,19,0
A_TRACK_SOURCE,19,187,0,0/30,0/30,0/30,-186,-165,-186,19,19,0
A_TRACK_SOURCE,19,188,0,0/30,0/30,0/30,-187,-166,-187,19,19,0
A_TRACK_SOURCE,19,189,0,0/30,0/30,0/30,-188,-167,-188,19,19,0
A_TRACK_SOURCE,19,190,0,0/30,0/30,0/30,-189,-168,-189,19,19,0
A_TRACK_SOURCE,19,191,0,0/30,0/30,0/30,-190,-169,-190,19,19,0
A_TRACK_SOURCE,19,192,0,0/30,0/30,0/30,-191,-170,-191,19,19,0
A_TRACK_SOURCE,19,193,0,0/30,0/30,0/30,-192,-171,-192,19,19,0
A_TRACK_SOURCE,19,194,0,0/30,0/30,0/30,-193,-172,-193,19,19,0
A_TRACK_SOURCE,19,195,0,0/30,0/30,0/30,-194,-173,-194,19,19,0
A_TRACK_SOURCE,19,196,0,0/30,0/30,0/30,-195,-174,-195,19,19,0
A_TRACK_SOURCE,19,197,0,0/30,0/30,0/30,-196,-175,-196,19,19,0
A_TRACK_SOURCE,19,198,0,0/30,0/30,0/30,-197,-176,-197,19,19,0
A_TRACK_SOURCE,19,199,0,0/30,0/30,0/30,-198,-177,-198,19,19,0
A_TRACK_SOURCE,19,200,0,0/30,0/30,0/30,-199,-178,-199,19,19,0
B_STARTUP_ANCHOR_SOURCE,18,-153,0,30/30,30/30,30/30,2,23,2,18,18,1
B_STARTUP_ANCHOR_SOURCE,18,-152,0,30/30,30/30,30/30,2,23,2,18,18,1
B_STARTUP_ANCHOR_SOURCE,18,-151,0,30/30,30/30,30/30,2,23,2,18,18,1
B_STARTUP_ANCHOR_SOURCE,18,-150,0,30/30,30/30,30/30,2,23,2,18,18,1
B_STARTUP_ANCHOR_SOURCE,18,-149,0,30/30,30/30,30/30,2,23,2,18,18,1
B_STARTUP_ANCHOR_SOURCE,18,-148,0,30/30,30/30,30/30,2,23,2,18,18,1
B_STARTUP_ANCHOR_SOURCE,18,-147,0,30/30,30/30,30/30,2,23,2,18,18,1
B_STARTUP_ANCHOR_SOURCE,18,-146,0,30/30,30/30,30/30,2,23,2,18,18,1
B_STARTUP_ANCHOR_SOURCE,18,-145,0,30/30,30/30,30/30,2,23,2,18,18,1
B_STARTUP_ANCHOR_SOURCE,18,-144,0,30/30,30/30,30/30,2,23,2,18,18,1
B_STARTUP_ANCHOR_SOURCE,18,-143,0,30/30,30/30,30/30,2,23,2,18,18,1
B_STARTUP_ANCHOR_SOURCE,18,-142,0,30/30,30/30,30/30,2,23,2,18,18,1
B_STARTUP_ANCHOR_SOURCE,18,-141,0,30/30,30/30,30/30,2,23,2,18,18,1
B_STARTUP_ANCHOR_SOURCE,18,-140,0,30/30,30/30,30/30,2,23,2,18,18,1
B_STARTUP_ANCHOR_SOURCE,18,-139,0,30/30,30/30,30/30,2,23,2,18,18,1
B_STARTUP_ANCHOR_SOURCE,18,-138,0,30/30,30/30,30/30,2,23,2,18,18,1
B_STARTUP_ANCHOR_SOURCE,18,-137,0,30/30,30/30,30/30,2,23,2,18,18,1
B_STARTUP_ANCHOR_SOURCE,18,-136,0,30/30,30/30,30/30,2,23,2,18,18,1
B_STARTUP_ANCHOR_SOURCE,18,-135,0,30/30,30/30,30/30,2,23,2,18,18,1
B_STARTUP_ANCHOR_SOURCE,18,-134,0,30/30,30/30,30/30,2,23,2,18,18,1
B_STARTUP_ANCHOR_SOURCE,18,-133,0,30/30,30/30,30/30,2,23,2,18,18,1
B_STARTUP_ANCHOR_SOURCE,18,-132,0,30/30,30/30,30/30,2,23,2,18,18,1
B_STARTUP_ANCHOR_SOURCE,18,-131,0,30/30,30/30,30/30,2,23,2,18,18,1
B_STARTUP_ANCHOR_SOURCE,18,-130,0,30/30,30/30,30/30,2,23,2,18,18,1
B_STARTUP_ANCHOR_SOURCE,18,-129,0,30/30,30/30,30/30,2,23,2,18,18,1
B_STARTUP_ANCHOR_SOURCE,18,-128,0,30/30,30/30,30/30,2,23,2,18,18,1
B_STARTUP_ANCHOR_SOURCE,18,-127,0,30/30,30/30,30/30,2,23,2,18,18,1
B_STARTUP_ANCHOR_SOURCE,18,-126,0,30/30,30/30,30/30,2,23,2,18,18,1
B_STARTUP_ANCHOR_SOURCE,18,-125,0,30/30,30/30,30/30,2,23,2,18,18,1
B_STARTUP_ANCHOR_SOURCE,18,-124,0,30/30,30/30,30/30,2,23,2,18,18,1
B_STARTUP_ANCHOR_SOURCE,18,-123,0,30/30,30/30,30/30,2,23,2,18,18,1
B_STARTUP_ANCHOR_SOURCE,18,-122,0,30/30,30/30,30/30,2,23,2,18,18,1
B_STARTUP_ANCHOR_SOURCE,18,-121,0,30/30,30/30,30/30,2,23,2,18,18,1
B_STARTUP_ANCHOR_SOURCE,18,-120,0,30/30,30/30,30/30,2,23,2,18,18,1
B_STARTUP_ANCHOR_SOURCE,18,-119,0,30/30,30/30,30/30,2,23,2,18,18,1
B_STARTUP_ANCHOR_SOURCE,18,-118,0,30/30,30/30,30/30,2,23,2,18,18,1
B_STARTUP_ANCHOR_SOURCE,18,-117,0,30/30,30/30,30/30,2,23,2,18,18,1
B_STARTUP_ANCHOR_SOURCE,18,-116,0,30/30,30/30,30/30,2,23,2,18,18,1
B_STARTUP_ANCHOR_SOURCE,18,-115,0,30/30,30/30,30/30,2,23,2,18,18,1
B_STARTUP_ANCHOR_SOURCE,18,-114,0,30/30,30/30,30/30,2,23,2,18,18,1
B_STARTUP_ANCHOR_SOURCE,18,-113,0,30/30,30/30,30/30,2,23,2,18,18,1
B_STARTUP_ANCHOR_SOURCE,18,-112,0,30/30,30/30,30/30,2,23,2,18,18,1
B_STARTUP_ANCHOR_SOURCE,18,-111,0,30/30,30/30,30/30,2,23,2,18,18,1
B_STARTUP_ANCHOR_SOURCE,18,-110,0,30/30,30/30,30/30,2,23,2,18,18,1
B_STARTUP_ANCHOR_SOURCE,18,-109,0,30/30,30/30,30/30,2,23,2,18,18,1
B_STARTUP_ANCHOR_SOURCE,18,-108,0,30/30,30/30,30/30,2,23,2,18,18,1
B_STARTUP_ANCHOR_SOURCE,18,-107,0,30/30,30/30,30/30,2,23,2,18,18,1
B_STARTUP_ANCHOR_SOURCE,18,-106,0,30/30,30/30,30/30,2,23,2,18,18,1
B_STARTUP_ANCHOR_SOURCE,18,-105,0,30/30,30/30,30/30,2,23,2,18,18,1
B_STARTUP_ANCHOR_SOURCE,18,-104,0,30/30,30/30,30/30,2,23,2,18,18,1
B_STARTUP_ANCHOR_SOURCE,18,-103,0,30/30,30/30,30/30,2,23,2,18,18,1
B_STARTUP_ANCHOR_SOURCE,18,-102,0,30/30,30/30,30/30,2,23,2,18,18,1
B_STARTUP_ANCHOR_SOURCE,18,-101,0,30/30,30/30,30/30,2,23,2,18,18,1
B_STARTUP_ANCHOR_SOURCE,18,-100,0,30/30,30/30,30/30,2,23,2,18,18,1
B_STARTUP_ANCHOR_SOURCE,18,-99,0,30/30,30/30,30/30,2,23,2,18,18,1
B_STARTUP_ANCHOR_SOURCE,18,-98,0,30/30,30/30,30/30,2,23,2,18,18,1
B_STARTUP_ANCHOR_SOURCE,18,-97,0,30/30,30/30,30/30,2,23,2,18,18,1
B_STARTUP_ANCHOR_SOURCE,18,-96,0,30/30,30/30,30/30,2,23,2,18,18,1
B_STARTUP_ANCHOR_SOURCE,18,-95,0,30/30,30/30,30/30,2,23,2,18,18,1
B_STARTUP_ANCHOR_SOURCE,18,-94,0,30/30,30/30,30/30,2,23,2,18,18,1
B_STARTUP_ANCHOR_SOURCE,18,-93,0,30/30,30/30,30/30,2,23,2,18,18,1
B_STARTUP_ANCHOR_SOURCE,18,-92,0,30/30,30/30,30/30,2,23,2,18,18,1
B_STARTUP_ANCHOR_SOURCE,18,-91,0,30/30,30/30,30/30,2,23,2,18,18,1
B_STARTUP_ANCHOR_SOURCE,18,-90,0,30/30,30/30,30/30,2,23,2,18,18,1
B_STARTUP_ANCHOR_SOURCE,18,-89,0,30/30,30/30,30/30,2,23,2,18,18,1
B_STARTUP_ANCHOR_SOURCE,18,-88,0,30/30,30/30,30/30,2,23,2,18,18,1
B_STARTUP_ANCHOR_SOURCE,18,-87,0,30/30,30/30,30/30,2,23,2,18,18,1
B_STARTUP_ANCHOR_SOURCE,18,-86,0,30/30,30/30,30/30,2,23,2,18,18,1
B_STARTUP_ANCHOR_SOURCE,18,-85,0,30/30,30/30,30/30,2,23,2,18,18,1
B_STARTUP_ANCHOR_SOURCE,18,-84,0,30/30,30/30,30/30,2,23,2,18,18,1
B_STARTUP_ANCHOR_SOURCE,18,-83,0,30/30,30/30,30/30,2,23,2,18,18,1
B_STARTUP_ANCHOR_SOURCE,18,-82,0,30/30,30/30,30/30,2,23,2,18,18,1
B_STARTUP_ANCHOR_SOURCE,18,-81,0,30/30,30/30,30/30,2,23,2,18,18,1
B_STARTUP_ANCHOR_SOURCE,18,-80,0,30/30,30/30,30/30,2,23,2,18,18,1
B_STARTUP_ANCHOR_SOURCE,18,-79,0,30/30,30/30,30/30,2,23,2,18,18,1
B_STARTUP_ANCHOR_SOURCE,18,-78,0,30/30,30/30,30/30,2,23,2,18,18,1
B_STARTUP_ANCHOR_SOURCE,18,-77,0,30/30,30/30,30/30,2,23,2,18,18,1
B_STARTUP_ANCHOR_SOURCE,18,-76,0,30/30,30/30,30/30,2,23,2,18,18,1
B_STARTUP_ANCHOR_SOURCE,18,-75,0,30/30,30/30,30/30,2,23,2,18,18,1
B_STARTUP_ANCHOR_SOURCE,18,-74,0,30/30,30/30,30/30,2,23,2,18,18,1
B_STARTUP_ANCHOR_SOURCE,18,-73,0,30/30,30/30,30/30,2,23,2,18,18,1
B_STARTUP_ANCHOR_SOURCE,18,-72,0,30/30,30/30,30/30,2,23,2,18,18,1
B_STARTUP_ANCHOR_SOURCE,18,-71,0,30/30,30/30,30/30,2,23,2,18,18,1
B_STARTUP_ANCHOR_SOURCE,18,-70,0,30/30,30/30,30/30,2,23,2,18,18,1
B_STARTUP_ANCHOR_SOURCE,18,-69,0,30/30,30/30,30/30,2,23,2,18,18,1
B_STARTUP_ANCHOR_SOURCE,18,-68,0,30/30,30/30,30/30,2,23,2,18,18,1
B_STARTUP_ANCHOR_SOURCE,18,-67,0,30/30,30/30,30/30,2,23,2,18,18,1
B_STARTUP_ANCHOR_SOURCE,18,-66,0,30/30,30/30,30/30,2,23,2,18,18,1
B_STARTUP_ANCHOR_SOURCE,18,-65,0,30/30,30/30,30/30,2,23,2,18,18,1
B_STARTUP_ANCHOR_SOURCE,18,-64,0,30/30,30/30,30/30,2,23,2,18,18,1
B_STARTUP_ANCHOR_SOURCE,18,-63,0,30/30,30/30,30/30,2,23,2,18,18,1
B_STARTUP_ANCHOR_SOURCE,18,-62,0,30/30,30/30,30/30,2,23,2,18,18,1
B_STARTUP_ANCHOR_SOURCE,18,-61,0,30/30,30/30,30/30,2,23,2,18,18,1
B_STARTUP_ANCHOR_SOURCE,18,-60,0,30/30,30/30,30/30,2,23,2,18,18,1
B_STARTUP_ANCHOR_SOURCE,18,-59,0,30/30,30/30,30/30,2,23,2,18,18,1
B_STARTUP_ANCHOR_SOURCE,18,-58,0,30/30,30/30,30/30,2,23,2,18,18,1
B_STARTUP_ANCHOR_SOURCE,18,-57,0,30/30,30/30,30/30,2,23,2,18,18,1
B_STARTUP_ANCHOR_SOURCE,18,-56,0,30/30,30/30,30/30,2,23,2,18,18,1
B_STARTUP_ANCHOR_SOURCE,18,-55,0,30/30,30/30,30/30,2,23,2,18,18,1
B_STARTUP_ANCHOR_SOURCE,18,-54,0,30/30,30/30,30/30,2,23,2,18,18,1
B_STARTUP_ANCHOR_SOURCE,18,-53,0,30/30,30/30,30/30,2,23,2,18,18,1
B_STARTUP_ANCHOR_SOURCE,18,-52,0,30/30,30/30,30/30,2,23,2,18,18,1
B_STARTUP_ANCHOR_SOURCE,18,-51,0,30/30,30/30,30/30,2,23,2,18,18,1
B_STARTUP_ANCHOR_SOURCE,18,-50,0,30/30,30/30,30/30,2,23,2,18,18,1
B_STARTUP_ANCHOR_SOURCE,18,-49,0,30/30,30/30,30/30,2,23,2,18,18,1
B_STARTUP_ANCHOR_SOURCE,18,-48,0,30/30,30/30,30/30,2,23,2,18,18,1
B_STARTUP_ANCHOR_SOURCE,18,-47,0,30/30,30/30,30/30,2,23,2,18,18,1
B_STARTUP_ANCHOR_SOURCE,18,-46,0,30/30,30/30,30/30,2,23,2,18,18,1
B_STARTUP_ANCHOR_SOURCE,18,-45,0,30/30,30/30,30/30,2,23,2,18,18,1
B_STARTUP_ANCHOR_SOURCE,18,-44,0,30/30,30/30,30/30,2,23,2,18,18,1
B_STARTUP_ANCHOR_SOURCE,18,-43,0,30/30,30/30,30/30,2,23,2,18,18,1
B_STARTUP_ANCHOR_SOURCE,18,-42,0,30/30,30/30,30/30,2,23,2,18,18,1
B_STARTUP_ANCHOR_SOURCE,18,-41,0,30/30,30/30,30/30,2,23,2,18,18,1
B_STARTUP_ANCHOR_SOURCE,18,-40,0,30/30,30/30,30/30,2,23,2,18,18,1
B_STARTUP_ANCHOR_SOURCE,18,-39,0,30/30,30/30,30/30,2,23,2,18,18,1
B_STARTUP_ANCHOR_SOURCE,18,-38,0,30/30,30/30,30/30,2,23,2,18,18,1
B_STARTUP_ANCHOR_SOURCE,18,-37,0,30/30,30/30,30/30,2,23,2,18,18,1
B_STARTUP_ANCHOR_SOURCE,18,-36,0,30/30,30/30,30/30,2,23,2,18,18,1
B_STARTUP_ANCHOR_SOURCE,18,-35,0,30/30,30/30,30/30,2,23,2,18,18,1
B_STARTUP_ANCHOR_SOURCE,18,-34,0,30/30,30/30,30/30,2,23,2,18,18,1
B_STARTUP_ANCHOR_SOURCE,18,-33,0,30/30,30/30,30/30,2,23,2,18,18,1
B_STARTUP_ANCHOR_SOURCE,18,-32,0,30/30,30/30,30/30,2,23,2,18,18,1
B_STARTUP_ANCHOR_SOURCE,18,-31,0,30/30,30/30,30/30,2,23,2,18,18,1
B_STARTUP_ANCHOR_SOURCE,18,-30,0,30/30,30/30,30/30,2,23,2,18,18,1
B_STARTUP_ANCHOR_SOURCE,18,-29,0,30/30,30/30,30/30,2,23,2,18,18,1
B_STARTUP_ANCHOR_SOURCE,18,-28,0,30/30,30/30,30/30,2,23,2,18,18,1
B_STARTUP_ANCHOR_SOURCE,18,-27,0,30/30,30/30,30/30,2,23,2,18,18,1
B_STARTUP_ANCHOR_SOURCE,18,-26,0,30/30,30/30,30/30,2,23,2,18,18,1
B_STARTUP_ANCHOR_SOURCE,18,-25,0,30/30,30/30,30/30,2,23,2,18,18,1
B_STARTUP_ANCHOR_SOURCE,18,-24,0,30/30,30/30,30/30,2,23,2,18,18,1
B_STARTUP_ANCHOR_SOURCE,18,-23,0,30/30,30/30,30/30,2,23,2,18,18,1
B_STARTUP_ANCHOR_SOURCE,18,-22,0,30/30,30/30,30/30,2,23,2,18,18,1
B_STARTUP_ANCHOR_SOURCE,18,-21,0,30/30,30/30,30/30,2,23,2,18,18,1
B_STARTUP_ANCHOR_SOURCE,18,-20,0,30/30,30/30,30/30,2,23,2,18,18,1
B_STARTUP_ANCHOR_SOURCE,18,-19,0,30/30,30/30,30/30,2,23,2,18,18,1
B_STARTUP_ANCHOR_SOURCE,18,-18,0,30/30,30/30,30/30,2,23,2,18,18,1
B_STARTUP_ANCHOR_SOURCE,18,-17,0,30/30,30/30,30/30,2,23,2,18,18,1
B_STARTUP_ANCHOR_SOURCE,18,-16,0,30/30,30/30,30/30,2,23,2,18,18,1
B_STARTUP_ANCHOR_SOURCE,18,-15,0,30/30,30/30,30/30,2,23,2,18,18,1
B_STARTUP_ANCHOR_SOURCE,18,-14,0,30/30,30/30,30/30,2,23,2,18,18,1
B_STARTUP_ANCHOR_SOURCE,18,-13,0,30/30,30/30,30/30,2,23,2,18,18,1
B_STARTUP_ANCHOR_SOURCE,18,-12,0,30/30,30/30,30/30,2,23,2,18,18,1
B_STARTUP_ANCHOR_SOURCE,18,-11,0,30/30,30/30,30/30,2,23,2,18,18,1
B_STARTUP_ANCHOR_SOURCE,18,-10,0,30/30,30/30,30/30,2,23,2,18,18,1
B_STARTUP_ANCHOR_SOURCE,18,-9,0,30/30,30/30,30/30,2,23,2,18,18,1
B_STARTUP_ANCHOR_SOURCE,18,-8,0,30/30,30/30,30/30,2,23,2,18,18,1
B_STARTUP_ANCHOR_SOURCE,18,-7,0,30/30,30/30,30/30,2,23,2,18,18,1
B_STARTUP_ANCHOR_SOURCE,18,-6,0,30/30,30/30,30/30,2,23,2,18,18,1
B_STARTUP_ANCHOR_SOURCE,18,-5,0,30/30,30/30,30/30,2,23,2,18,18,1
B_STARTUP_ANCHOR_SOURCE,18,-4,0,30/30,30/30,30/30,2,23,2,18,18,1
B_STARTUP_ANCHOR_SOURCE,18,-3,0,30/30,30/30,30/30,2,23,2,18,18,1
B_STARTUP_ANCHOR_SOURCE,18,-2,0,30/30,30/30,30/30,2,23,2,18,18,1
B_STARTUP_ANCHOR_SOURCE,18,-1,0,30/30,30/30,30/30,2,23,2,18,18,1
B_STARTUP_ANCHOR_SOURCE,18,0,0,30/30,30/30,30/30,2,23,2,18,18,1
B_STARTUP_ANCHOR_SOURCE,18,1,0,30/30,30/30,30/30,2,23,2,18,18,1
B_STARTUP_ANCHOR_SOURCE,18,2,0,30/30,30/30,30/30,2,23,2,18,18,1
B_STARTUP_ANCHOR_SOURCE,18,3,0,30/30,30/30,30/30,2,23,2,18,18,1
B_STARTUP_ANCHOR_SOURCE,18,4,0,30/30,30/30,30/30,2,23,2,18,18,1
B_STARTUP_ANCHOR_SOURCE,18,5,0,30/30,30/30,30/30,2,23,2,18,18,1
B_STARTUP_ANCHOR_SOURCE,18,6,0,30/30,30/30,30/30,2,23,2,18,18,1
B_STARTUP_ANCHOR_SOURCE,18,7,0,30/30,30/30,30/30,2,23,2,18,18,1
B_STARTUP_ANCHOR_SOURCE,18,8,0,30/30,30/30,30/30,2,23,2,18,18,1
B_STARTUP_ANCHOR_SOURCE,18,9,0,30/30,30/30,30/30,2,23,2,18,18,1
B_STARTUP_ANCHOR_SOURCE,18,10,0,30/30,30/30,30/30,2,23,2,18,18,1
B_STARTUP_ANCHOR_SOURCE,18,11,0,30/30,30/30,30/30,2,23,2,18,18,1
B_STARTUP_ANCHOR_SOURCE,18,12,0,30/30,30/30,30/30,2,23,2,18,18,1
B_STARTUP_ANCHOR_SOURCE,18,13,0,30/30,30/30,30/30,2,23,2,18,18,1
B_STARTUP_ANCHOR_SOURCE,18,14,0,30/30,30/30,30/30,2,23,2,18,18,1
B_STARTUP_ANCHOR_SOURCE,18,15,0,30/30,30/30,30/30,2,23,2,18,18,1
B_STARTUP_ANCHOR_SOURCE,18,16,0,30/30,30/30,30/30,2,23,2,18,18,1
B_STARTUP_ANCHOR_SOURCE,18,17,0,30/30,30/30,30/30,2,23,2,18,18,1
B_STARTUP_ANCHOR_SOURCE,18,18,0,30/30,30/30,30/30,2,23,2,18,18,1
B_STARTUP_ANCHOR_SOURCE,18,19,0,30/30,30/30,30/30,2,23,2,18,18,1
B_STARTUP_ANCHOR_SOURCE,18,20,0,30/30,30/30,30/30,2,23,2,18,18,1
B_STARTUP_ANCHOR_SOURCE,18,21,0,30/30,30/30,30/30,2,23,2,18,18,1
B_STARTUP_ANCHOR_SOURCE,18,22,0,30/30,30/30,30/30,2,23,2,18,18,1
B_STARTUP_ANCHOR_SOURCE,18,23,0,30/30,30/30,30/30,2,23,2,18,18,1
B_STARTUP_ANCHOR_SOURCE,18,24,0,30/30,30/30,30/30,2,23,2,18,18,1
B_STARTUP_ANCHOR_SOURCE,18,25,0,30/30,30/30,30/30,2,23,2,18,18,1
B_STARTUP_ANCHOR_SOURCE,18,26,0,30/30,30/30,30/30,2,23,2,18,18,1
B_STARTUP_ANCHOR_SOURCE,18,27,0,30/30,30/30,30/30,2,23,2,18,18,1
B_STARTUP_ANCHOR_SOURCE,18,28,0,30/30,30/30,30/30,2,23,2,18,18,1
B_STARTUP_ANCHOR_SOURCE,18,29,0,30/30,30/30,30/30,2,23,2,18,18,1
B_STARTUP_ANCHOR_SOURCE,18,30,0,30/30,30/30,30/30,2,23,2,18,18,1
B_STARTUP_ANCHOR_SOURCE,18,31,0,30/30,30/30,30/30,2,23,2,18,18,1
B_STARTUP_ANCHOR_SOURCE,18,32,0,30/30,30/30,30/30,2,23,2,18,18,1
B_STARTUP_ANCHOR_SOURCE,18,33,0,30/30,30/30,30/30,2,23,2,18,18,1
B_STARTUP_ANCHOR_SOURCE,18,34,0,30/30,30/30,30/30,2,23,2,18,18,1
B_STARTUP_ANCHOR_SOURCE,18,35,0,30/30,30/30,30/30,2,23,2,18,18,1
B_STARTUP_ANCHOR_SOURCE,18,36,0,30/30,30/30,30/30,2,23,2,18,18,1
B_STARTUP_ANCHOR_SOURCE,18,37,0,30/30,30/30,30/30,2,23,2,18,18,1
B_STARTUP_ANCHOR_SOURCE,18,38,0,30/30,30/30,30/30,2,23,2,18,18,1
B_STARTUP_ANCHOR_SOURCE,18,39,0,30/30,30/30,30/30,2,23,2,18,18,1
B_STARTUP_ANCHOR_SOURCE,18,40,0,30/30,30/30,30/30,2,23,2,18,18,1
B_STARTUP_ANCHOR_SOURCE,18,41,0,30/30,30/30,30/30,2,23,2,18,18,1
B_STARTUP_ANCHOR_SOURCE,18,42,0,30/30,30/30,30/30,2,23,2,18,18,1
B_STARTUP_ANCHOR_SOURCE,18,43,0,30/30,30/30,30/30,2,23,2,18,18,1
B_STARTUP_ANCHOR_SOURCE,18,44,0,30/30,30/30,30/30,2,23,2,18,18,1
B_STARTUP_ANCHOR_SOURCE,18,45,0,30/30,30/30,30/30,2,23,2,18,18,1
B_STARTUP_ANCHOR_SOURCE,18,46,0,30/30,30/30,30/30,2,23,2,18,18,1
B_STARTUP_ANCHOR_SOURCE,18,47,0,30/30,30/30,30/30,2,23,2,18,18,1
B_STARTUP_ANCHOR_SOURCE,18,48,0,30/30,30/30,30/30,2,23,2,18,18,1
B_STARTUP_ANCHOR_SOURCE,18,49,0,30/30,30/30,30/30,2,23,2,18,18,1
B_STARTUP_ANCHOR_SOURCE,18,50,0,30/30,30/30,30/30,2,23,2,18,18,1
B_STARTUP_ANCHOR_SOURCE,18,51,0,30/30,30/30,30/30,2,23,2,18,18,1
B_STARTUP_ANCHOR_SOURCE,18,52,0,30/30,30/30,30/30,2,23,2,18,18,1
B_STARTUP_ANCHOR_SOURCE,18,53,0,30/30,30/30,30/30,2,23,2,18,18,1
B_STARTUP_ANCHOR_SOURCE,18,54,0,30/30,30/30,30/30,2,23,2,18,18,1
B_STARTUP_ANCHOR_SOURCE,18,55,0,30/30,30/30,30/30,2,23,2,18,18,1
B_STARTUP_ANCHOR_SOURCE,18,56,0,30/30,30/30,30/30,2,23,2,18,18,1
B_STARTUP_ANCHOR_SOURCE,18,57,0,30/30,30/30,30/30,2,23,2,18,18,1
B_STARTUP_ANCHOR_SOURCE,18,58,0,30/30,30/30,30/30,2,23,2,18,18,1
B_STARTUP_ANCHOR_SOURCE,18,59,0,30/30,30/30,30/30,2,23,2,18,18,1
B_STARTUP_ANCHOR_SOURCE,18,60,0,30/30,30/30,30/30,2,23,2,18,18,1
B_STARTUP_ANCHOR_SOURCE,18,61,0,30/30,30/30,30/30,2,23,2,18,18,1
B_STARTUP_ANCHOR_SOURCE,18,62,0,30/30,30/30,30/30,2,23,2,18,18,1
B_STARTUP_ANCHOR_SOURCE,18,63,0,30/30,30/30,30/30,2,23,2,18,18,1
B_STARTUP_ANCHOR_SOURCE,18,64,0,30/30,30/30,30/30,2,23,2,18,18,1
B_STARTUP_ANCHOR_SOURCE,18,65,0,30/30,30/30,30/30,2,23,2,18,18,1
B_STARTUP_ANCHOR_SOURCE,18,66,0,30/30,30/30,30/30,2,23,2,18,18,1
B_STARTUP_ANCHOR_SOURCE,18,67,0,30/30,30/30,30/30,2,23,2,18,18,1
B_STARTUP_ANCHOR_SOURCE,18,68,0,30/30,30/30,30/30,2,23,2,18,18,1
B_STARTUP_ANCHOR_SOURCE,18,69,0,30/30,30/30,30/30,2,23,2,18,18,1
B_STARTUP_ANCHOR_SOURCE,18,70,0,30/30,30/30,30/30,2,23,2,18,18,1
B_STARTUP_ANCHOR_SOURCE,18,71,0,30/30,30/30,30/30,2,23,2,18,18,1
B_STARTUP_ANCHOR_SOURCE,18,72,0,30/30,30/30,30/30,2,23,2,18,18,1
B_STARTUP_ANCHOR_SOURCE,18,73,0,30/30,30/30,30/30,2,23,2,18,18,1
B_STARTUP_ANCHOR_SOURCE,18,74,0,30/30,30/30,30/30,2,23,2,18,18,1
B_STARTUP_ANCHOR_SOURCE,18,75,0,30/30,30/30,30/30,2,23,2,18,18,1
B_STARTUP_ANCHOR_SOURCE,18,76,0,30/30,30/30,30/30,2,23,2,18,18,1
B_STARTUP_ANCHOR_SOURCE,18,77,0,30/30,30/30,30/30,2,23,2,18,18,1
B_STARTUP_ANCHOR_SOURCE,18,78,0,30/30,30/30,30/30,2,23,2,18,18,1
B_STARTUP_ANCHOR_SOURCE,18,79,0,30/30,30/30,30/30,2,23,2,18,18,1
B_STARTUP_ANCHOR_SOURCE,18,80,0,30/30,30/30,30/30,2,23,2,18,18,1
B_STARTUP_ANCHOR_SOURCE,18,81,0,30/30,30/30,30/30,2,23,2,18,18,1
B_STARTUP_ANCHOR_SOURCE,18,82,0,30/30,30/30,30/30,2,23,2,18,18,1
B_STARTUP_ANCHOR_SOURCE,18,83,0,30/30,30/30,30/30,2,23,2,18,18,1
B_STARTUP_ANCHOR_SOURCE,18,84,0,30/30,30/30,30/30,2,23,2,18,18,1
B_STARTUP_ANCHOR_SOURCE,18,85,0,30/30,30/30,30/30,2,23,2,18,18,1
B_STARTUP_ANCHOR_SOURCE,18,86,0,30/30,30/30,30/30,2,23,2,18,18,1
B_STARTUP_ANCHOR_SOURCE,18,87,0,30/30,30/30,30/30,2,23,2,18,18,1
B_STARTUP_ANCHOR_SOURCE,18,88,0,30/30,30/30,30/30,2,23,2,18,18,1
B_STARTUP_ANCHOR_SOURCE,18,89,0,30/30,30/30,30/30,2,23,2,18,18,1
B_STARTUP_ANCHOR_SOURCE,18,90,0,30/30,30/30,30/30,2,23,2,18,18,1
B_STARTUP_ANCHOR_SOURCE,18,91,0,30/30,30/30,30/30,2,23,2,18,18,1
B_STARTUP_ANCHOR_SOURCE,18,92,0,30/30,30/30,30/30,2,23,2,18,18,1
B_STARTUP_ANCHOR_SOURCE,18,93,0,30/30,30/30,30/30,2,23,2,18,18,1
B_STARTUP_ANCHOR_SOURCE,18,94,0,30/30,30/30,30/30,2,23,2,18,18,1
B_STARTUP_ANCHOR_SOURCE,18,95,0,30/30,30/30,30/30,2,23,2,18,18,1
B_STARTUP_ANCHOR_SOURCE,18,96,0,30/30,30/30,30/30,2,23,2,18,18,1
B_STARTUP_ANCHOR_SOURCE,18,97,0,30/30,30/30,30/30,2,23,2,18,18,1
B_STARTUP_ANCHOR_SOURCE,18,98,0,30/30,30/30,30/30,2,23,2,18,18,1
B_STARTUP_ANCHOR_SOURCE,18,99,0,30/30,30/30,30/30,2,23,2,18,18,1
B_STARTUP_ANCHOR_SOURCE,18,100,0,30/30,30/30,30/30,2,23,2,18,18,1
B_STARTUP_ANCHOR_SOURCE,18,101,0,30/30,30/30,30/30,2,23,2,18,18,1
B_STARTUP_ANCHOR_SOURCE,18,102,0,30/30,30/30,30/30,2,23,2,18,18,1
B_STARTUP_ANCHOR_SOURCE,18,103,0,30/30,30/30,30/30,2,23,2,18,18,1
B_STARTUP_ANCHOR_SOURCE,18,104,0,30/30,30/30,30/30,2,23,2,18,18,1
B_STARTUP_ANCHOR_SOURCE,18,105,0,30/30,30/30,30/30,2,23,2,18,18,1
B_STARTUP_ANCHOR_SOURCE,18,106,0,30/30,30/30,30/30,2,23,2,18,18,1
B_STARTUP_ANCHOR_SOURCE,18,107,0,30/30,30/30,30/30,2,23,2,18,18,1
B_STARTUP_ANCHOR_SOURCE,18,108,0,30/30,30/30,30/30,2,23,2,18,18,1
B_STARTUP_ANCHOR_SOURCE,18,109,0,30/30,30/30,30/30,2,23,2,18,18,1
B_STARTUP_ANCHOR_SOURCE,18,110,0,30/30,30/30,30/30,2,23,2,18,18,1
B_STARTUP_ANCHOR_SOURCE,18,111,0,30/30,30/30,30/30,2,23,2,18,18,1
B_STARTUP_ANCHOR_SOURCE,18,112,0,30/30,30/30,30/30,2,23,2,18,18,1
B_STARTUP_ANCHOR_SOURCE,18,113,0,30/30,30/30,30/30,2,23,2,18,18,1
B_STARTUP_ANCHOR_SOURCE,18,114,0,30/30,30/30,30/30,2,23,2,18,18,1
B_STARTUP_ANCHOR_SOURCE,18,115,0,30/30,30/30,30/30,2,23,2,18,18,1
B_STARTUP_ANCHOR_SOURCE,18,116,0,30/30,30/30,30/30,2,23,2,18,18,1
B_STARTUP_ANCHOR_SOURCE,18,117,0,30/30,30/30,30/30,2,23,2,18,18,1
B_STARTUP_ANCHOR_SOURCE,18,118,0,30/30,30/30,30/30,2,23,2,18,18,1
B_STARTUP_ANCHOR_SOURCE,18,119,0,30/30,30/30,30/30,2,23,2,18,18,1
B_STARTUP_ANCHOR_SOURCE,18,120,0,30/30,30/30,30/30,2,23,2,18,18,1
B_STARTUP_ANCHOR_SOURCE,18,121,0,30/30,30/30,30/30,2,23,2,18,18,1
B_STARTUP_ANCHOR_SOURCE,18,122,0,30/30,30/30,30/30,2,23,2,18,18,1
B_STARTUP_ANCHOR_SOURCE,18,123,0,30/30,30/30,30/30,2,23,2,18,18,1
B_STARTUP_ANCHOR_SOURCE,18,124,0,30/30,30/30,30/30,2,23,2,18,18,1
B_STARTUP_ANCHOR_SOURCE,18,125,0,30/30,30/30,30/30,2,23,2,18,18,1
B_STARTUP_ANCHOR_SOURCE,18,126,0,30/30,30/30,30/30,2,23,2,18,18,1
B_STARTUP_ANCHOR_SOURCE,18,127,0,30/30,30/30,30/30,2,23,2,18,18,1
B_STARTUP_ANCHOR_SOURCE,18,128,0,30/30,30/30,30/30,2,23,2,18,18,1
B_STARTUP_ANCHOR_SOURCE,18,129,0,30/30,30/30,30/30,2,23,2,18,18,1
B_STARTUP_ANCHOR_SOURCE,18,130,0,30/30,30/30,30/30,2,23,2,18,18,1
B_STARTUP_ANCHOR_SOURCE,18,131,0,30/30,30/30,30/30,2,23,2,18,18,1
B_STARTUP_ANCHOR_SOURCE,18,132,0,30/30,30/30,30/30,2,23,2,18,18,1
B_STARTUP_ANCHOR_SOURCE,18,133,0,30/30,30/30,30/30,2,23,2,18,18,1
B_STARTUP_ANCHOR_SOURCE,18,134,0,30/30,30/30,30/30,2,23,2,18,18,1
B_STARTUP_ANCHOR_SOURCE,18,135,0,30/30,30/30,30/30,2,23,2,18,18,1
B_STARTUP_ANCHOR_SOURCE,18,136,0,30/30,30/30,30/30,2,23,2,18,18,1
B_STARTUP_ANCHOR_SOURCE,18,137,0,30/30,30/30,30/30,2,23,2,18,18,1
B_STARTUP_ANCHOR_SOURCE,18,138,0,30/30,30/30,30/30,2,23,2,18,18,1
B_STARTUP_ANCHOR_SOURCE,18,139,0,30/30,30/30,30/30,2,23,2,18,18,1
B_STARTUP_ANCHOR_SOURCE,18,140,0,30/30,30/30,30/30,2,23,2,18,18,1
B_STARTUP_ANCHOR_SOURCE,18,141,0,30/30,30/30,30/30,2,23,2,18,18,1
B_STARTUP_ANCHOR_SOURCE,18,142,0,30/30,30/30,30/30,2,23,2,18,18,1
B_STARTUP_ANCHOR_SOURCE,18,143,0,30/30,30/30,30/30,2,23,2,18,18,1
B_STARTUP_ANCHOR_SOURCE,18,144,0,30/30,30/30,30/30,2,23,2,18,18,1
B_STARTUP_ANCHOR_SOURCE,18,145,0,30/30,30/30,30/30,2,23,2,18,18,1
B_STARTUP_ANCHOR_SOURCE,18,146,0,30/30,30/30,30/30,2,23,2,18,18,1
B_STARTUP_ANCHOR_SOURCE,18,147,0,30/30,30/30,30/30,2,23,2,18,18,1
B_STARTUP_ANCHOR_SOURCE,18,148,0,30/30,30/30,30/30,2,23,2,18,18,1
B_STARTUP_ANCHOR_SOURCE,18,149,0,30/30,30/30,30/30,2,23,2,18,18,1
B_STARTUP_ANCHOR_SOURCE,18,150,0,30/30,30/30,30/30,2,23,2,18,18,1
B_STARTUP_ANCHOR_SOURCE,18,151,0,30/30,30/30,30/30,2,23,2,18,18,1
B_STARTUP_ANCHOR_SOURCE,18,152,0,30/30,30/30,30/30,2,23,2,18,18,1
B_STARTUP_ANCHOR_SOURCE,18,153,0,30/30,30/30,30/30,2,23,2,18,18,1
B_STARTUP_ANCHOR_SOURCE,18,154,0,30/30,30/30,30/30,2,23,2,18,18,1
B_STARTUP_ANCHOR_SOURCE,18,155,0,30/30,30/30,30/30,2,23,2,18,18,1
B_STARTUP_ANCHOR_SOURCE,18,156,0,30/30,30/30,30/30,2,23,2,18,18,1
B_STARTUP_ANCHOR_SOURCE,18,157,0,30/30,30/30,30/30,2,23,2,18,18,1
B_STARTUP_ANCHOR_SOURCE,18,158,0,30/30,30/30,30/30,2,23,2,18,18,1
B_STARTUP_ANCHOR_SOURCE,18,159,0,30/30,30/30,30/30,2,23,2,18,18,1
B_STARTUP_ANCHOR_SOURCE,18,160,0,30/30,30/30,30/30,2,23,2,18,18,1
B_STARTUP_ANCHOR_SOURCE,18,161,0,30/30,30/30,30/30,2,23,2,18,18,1
B_STARTUP_ANCHOR_SOURCE,18,162,0,30/30,30/30,30/30,2,23,2,18,18,1
B_STARTUP_ANCHOR_SOURCE,18,163,0,30/30,30/30,30/30,2,23,2,18,18,1
B_STARTUP_ANCHOR_SOURCE,18,164,0,30/30,30/30,30/30,2,23,2,18,18,1
B_STARTUP_ANCHOR_SOURCE,18,165,0,30/30,30/30,30/30,2,23,2,18,18,1
B_STARTUP_ANCHOR_SOURCE,18,166,0,30/30,30/30,30/30,2,23,2,18,18,1
B_STARTUP_ANCHOR_SOURCE,18,167,0,30/30,30/30,30/30,2,23,2,18,18,1
B_STARTUP_ANCHOR_SOURCE,18,168,0,30/30,30/30,30/30,2,23,2,18,18,1
B_STARTUP_ANCHOR_SOURCE,18,169,0,30/30,30/30,30/30,2,23,2,18,18,1
B_STARTUP_ANCHOR_SOURCE,18,170,0,30/30,30/30,30/30,2,23,2,18,18,1
B_STARTUP_ANCHOR_SOURCE,18,171,0,30/30,30/30,30/30,2,23,2,18,18,1
B_STARTUP_ANCHOR_SOURCE,18,172,0,30/30,30/30,30/30,2,23,2,18,18,1
B_STARTUP_ANCHOR_SOURCE,18,173,0,30/30,30/30,30/30,2,23,2,18,18,1
B_STARTUP_ANCHOR_SOURCE,18,174,0,30/30,30/30,30/30,2,23,2,18,18,1
B_STARTUP_ANCHOR_SOURCE,18,175,0,30/30,30/30,30/30,2,23,2,18,18,1
B_STARTUP_ANCHOR_SOURCE,18,176,0,30/30,30/30,30/30,2,23,2,18,18,1
B_STARTUP_ANCHOR_SOURCE,18,177,0,30/30,30/30,30/30,2,23,2,18,18,1
B_STARTUP_ANCHOR_SOURCE,18,178,0,30/30,30/30,30/30,2,23,2,18,18,1
B_STARTUP_ANCHOR_SOURCE,18,179,0,30/30,30/30,30/30,2,23,2,18,18,1
B_STARTUP_ANCHOR_SOURCE,18,180,0,30/30,30/30,30/30,2,23,2,18,18,1
B_STARTUP_ANCHOR_SOURCE,18,181,0,30/30,30/30,30/30,2,23,2,18,18,1
B_STARTUP_ANCHOR_SOURCE,18,182,0,30/30,30/30,30/30,2,23,2,18,18,1
B_STARTUP_ANCHOR_SOURCE,18,183,0,30/30,30/30,30/30,2,23,2,18,18,1
B_STARTUP_ANCHOR_SOURCE,18,184,0,30/30,30/30,30/30,2,23,2,18,18,1
B_STARTUP_ANCHOR_SOURCE,18,185,0,30/30,30/30,30/30,2,23,2,18,18,1
B_STARTUP_ANCHOR_SOURCE,18,186,0,30/30,30/30,30/30,2,23,2,18,18,1
B_STARTUP_ANCHOR_SOURCE,18,187,0,30/30,30/30,30/30,2,23,2,18,18,1
B_STARTUP_ANCHOR_SOURCE,18,188,0,30/30,30/30,30/30,2,23,2,18,18,1
B_STARTUP_ANCHOR_SOURCE,18,189,0,30/30,30/30,30/30,2,23,2,18,18,1
B_STARTUP_ANCHOR_SOURCE,18,190,0,30/30,30/30,30/30,2,23,2,18,18,1
B_STARTUP_ANCHOR_SOURCE,18,191,0,30/30,30/30,30/30,2,23,2,18,18,1
B_STARTUP_ANCHOR_SOURCE,18,192,0,30/30,30/30,30/30,2,23,2,18,18,1
B_STARTUP_ANCHOR_SOURCE,18,193,0,30/30,30/30,30/30,2,23,2,18,18,1
B_STARTUP_ANCHOR_SOURCE,18,194,0,30/30,30/30,30/30,2,23,2,18,18,1
B_STARTUP_ANCHOR_SOURCE,18,195,0,30/30,30/30,30/30,2,23,2,18,18,1
B_STARTUP_ANCHOR_SOURCE,18,196,0,30/30,30/30,30/30,2,23,2,18,18,1
B_STARTUP_ANCHOR_SOURCE,18,197,0,30/30,30/30,30/30,2,23,2,18,18,1
B_STARTUP_ANCHOR_SOURCE,18,198,0,30/30,30/30,30/30,2,23,2,18,18,1
B_STARTUP_ANCHOR_SOURCE,18,199,0,30/30,30/30,30/30,2,23,2,18,18,1
B_STARTUP_ANCHOR_SOURCE,18,200,0,30/30,30/30,30/30,2,23,2,18,18,1
B_STARTUP_ANCHOR_SOURCE,19,-153,0,30/30,30/30,30/30,1,22,1,19,19,1
B_STARTUP_ANCHOR_SOURCE,19,-152,0,30/30,30/30,30/30,1,22,1,19,19,1
B_STARTUP_ANCHOR_SOURCE,19,-151,0,30/30,30/30,30/30,1,22,1,19,19,1
B_STARTUP_ANCHOR_SOURCE,19,-150,0,30/30,30/30,30/30,1,22,1,19,19,1
B_STARTUP_ANCHOR_SOURCE,19,-149,0,30/30,30/30,30/30,1,22,1,19,19,1
B_STARTUP_ANCHOR_SOURCE,19,-148,0,30/30,30/30,30/30,1,22,1,19,19,1
B_STARTUP_ANCHOR_SOURCE,19,-147,0,30/30,30/30,30/30,1,22,1,19,19,1
B_STARTUP_ANCHOR_SOURCE,19,-146,0,30/30,30/30,30/30,1,22,1,19,19,1
B_STARTUP_ANCHOR_SOURCE,19,-145,0,30/30,30/30,30/30,1,22,1,19,19,1
B_STARTUP_ANCHOR_SOURCE,19,-144,0,30/30,30/30,30/30,1,22,1,19,19,1
B_STARTUP_ANCHOR_SOURCE,19,-143,0,30/30,30/30,30/30,1,22,1,19,19,1
B_STARTUP_ANCHOR_SOURCE,19,-142,0,30/30,30/30,30/30,1,22,1,19,19,1
B_STARTUP_ANCHOR_SOURCE,19,-141,0,30/30,30/30,30/30,1,22,1,19,19,1
B_STARTUP_ANCHOR_SOURCE,19,-140,0,30/30,30/30,30/30,1,22,1,19,19,1
B_STARTUP_ANCHOR_SOURCE,19,-139,0,30/30,30/30,30/30,1,22,1,19,19,1
B_STARTUP_ANCHOR_SOURCE,19,-138,0,30/30,30/30,30/30,1,22,1,19,19,1
B_STARTUP_ANCHOR_SOURCE,19,-137,0,30/30,30/30,30/30,1,22,1,19,19,1
B_STARTUP_ANCHOR_SOURCE,19,-136,0,30/30,30/30,30/30,1,22,1,19,19,1
B_STARTUP_ANCHOR_SOURCE,19,-135,0,30/30,30/30,30/30,1,22,1,19,19,1
B_STARTUP_ANCHOR_SOURCE,19,-134,0,30/30,30/30,30/30,1,22,1,19,19,1
B_STARTUP_ANCHOR_SOURCE,19,-133,0,30/30,30/30,30/30,1,22,1,19,19,1
B_STARTUP_ANCHOR_SOURCE,19,-132,0,30/30,30/30,30/30,1,22,1,19,19,1
B_STARTUP_ANCHOR_SOURCE,19,-131,0,30/30,30/30,30/30,1,22,1,19,19,1
B_STARTUP_ANCHOR_SOURCE,19,-130,0,30/30,30/30,30/30,1,22,1,19,19,1
B_STARTUP_ANCHOR_SOURCE,19,-129,0,30/30,30/30,30/30,1,22,1,19,19,1
B_STARTUP_ANCHOR_SOURCE,19,-128,0,30/30,30/30,30/30,1,22,1,19,19,1
B_STARTUP_ANCHOR_SOURCE,19,-127,0,30/30,30/30,30/30,1,22,1,19,19,1
B_STARTUP_ANCHOR_SOURCE,19,-126,0,30/30,30/30,30/30,1,22,1,19,19,1
B_STARTUP_ANCHOR_SOURCE,19,-125,0,30/30,30/30,30/30,1,22,1,19,19,1
B_STARTUP_ANCHOR_SOURCE,19,-124,0,30/30,30/30,30/30,1,22,1,19,19,1
B_STARTUP_ANCHOR_SOURCE,19,-123,0,30/30,30/30,30/30,1,22,1,19,19,1
B_STARTUP_ANCHOR_SOURCE,19,-122,0,30/30,30/30,30/30,1,22,1,19,19,1
B_STARTUP_ANCHOR_SOURCE,19,-121,0,30/30,30/30,30/30,1,22,1,19,19,1
B_STARTUP_ANCHOR_SOURCE,19,-120,0,30/30,30/30,30/30,1,22,1,19,19,1
B_STARTUP_ANCHOR_SOURCE,19,-119,0,30/30,30/30,30/30,1,22,1,19,19,1
B_STARTUP_ANCHOR_SOURCE,19,-118,0,30/30,30/30,30/30,1,22,1,19,19,1
B_STARTUP_ANCHOR_SOURCE,19,-117,0,30/30,30/30,30/30,1,22,1,19,19,1
B_STARTUP_ANCHOR_SOURCE,19,-116,0,30/30,30/30,30/30,1,22,1,19,19,1
B_STARTUP_ANCHOR_SOURCE,19,-115,0,30/30,30/30,30/30,1,22,1,19,19,1
B_STARTUP_ANCHOR_SOURCE,19,-114,0,30/30,30/30,30/30,1,22,1,19,19,1
B_STARTUP_ANCHOR_SOURCE,19,-113,0,30/30,30/30,30/30,1,22,1,19,19,1
B_STARTUP_ANCHOR_SOURCE,19,-112,0,30/30,30/30,30/30,1,22,1,19,19,1
B_STARTUP_ANCHOR_SOURCE,19,-111,0,30/30,30/30,30/30,1,22,1,19,19,1
B_STARTUP_ANCHOR_SOURCE,19,-110,0,30/30,30/30,30/30,1,22,1,19,19,1
B_STARTUP_ANCHOR_SOURCE,19,-109,0,30/30,30/30,30/30,1,22,1,19,19,1
B_STARTUP_ANCHOR_SOURCE,19,-108,0,30/30,30/30,30/30,1,22,1,19,19,1
B_STARTUP_ANCHOR_SOURCE,19,-107,0,30/30,30/30,30/30,1,22,1,19,19,1
B_STARTUP_ANCHOR_SOURCE,19,-106,0,30/30,30/30,30/30,1,22,1,19,19,1
B_STARTUP_ANCHOR_SOURCE,19,-105,0,30/30,30/30,30/30,1,22,1,19,19,1
B_STARTUP_ANCHOR_SOURCE,19,-104,0,30/30,30/30,30/30,1,22,1,19,19,1
B_STARTUP_ANCHOR_SOURCE,19,-103,0,30/30,30/30,30/30,1,22,1,19,19,1
B_STARTUP_ANCHOR_SOURCE,19,-102,0,30/30,30/30,30/30,1,22,1,19,19,1
B_STARTUP_ANCHOR_SOURCE,19,-101,0,30/30,30/30,30/30,1,22,1,19,19,1
B_STARTUP_ANCHOR_SOURCE,19,-100,0,30/30,30/30,30/30,1,22,1,19,19,1
B_STARTUP_ANCHOR_SOURCE,19,-99,0,30/30,30/30,30/30,1,22,1,19,19,1
B_STARTUP_ANCHOR_SOURCE,19,-98,0,30/30,30/30,30/30,1,22,1,19,19,1
B_STARTUP_ANCHOR_SOURCE,19,-97,0,30/30,30/30,30/30,1,22,1,19,19,1
B_STARTUP_ANCHOR_SOURCE,19,-96,0,30/30,30/30,30/30,1,22,1,19,19,1
B_STARTUP_ANCHOR_SOURCE,19,-95,0,30/30,30/30,30/30,1,22,1,19,19,1
B_STARTUP_ANCHOR_SOURCE,19,-94,0,30/30,30/30,30/30,1,22,1,19,19,1
B_STARTUP_ANCHOR_SOURCE,19,-93,0,30/30,30/30,30/30,1,22,1,19,19,1
B_STARTUP_ANCHOR_SOURCE,19,-92,0,30/30,30/30,30/30,1,22,1,19,19,1
B_STARTUP_ANCHOR_SOURCE,19,-91,0,30/30,30/30,30/30,1,22,1,19,19,1
B_STARTUP_ANCHOR_SOURCE,19,-90,0,30/30,30/30,30/30,1,22,1,19,19,1
B_STARTUP_ANCHOR_SOURCE,19,-89,0,30/30,30/30,30/30,1,22,1,19,19,1
B_STARTUP_ANCHOR_SOURCE,19,-88,0,30/30,30/30,30/30,1,22,1,19,19,1
B_STARTUP_ANCHOR_SOURCE,19,-87,0,30/30,30/30,30/30,1,22,1,19,19,1
B_STARTUP_ANCHOR_SOURCE,19,-86,0,30/30,30/30,30/30,1,22,1,19,19,1
B_STARTUP_ANCHOR_SOURCE,19,-85,0,30/30,30/30,30/30,1,22,1,19,19,1
B_STARTUP_ANCHOR_SOURCE,19,-84,0,30/30,30/30,30/30,1,22,1,19,19,1
B_STARTUP_ANCHOR_SOURCE,19,-83,0,30/30,30/30,30/30,1,22,1,19,19,1
B_STARTUP_ANCHOR_SOURCE,19,-82,0,30/30,30/30,30/30,1,22,1,19,19,1
B_STARTUP_ANCHOR_SOURCE,19,-81,0,30/30,30/30,30/30,1,22,1,19,19,1
B_STARTUP_ANCHOR_SOURCE,19,-80,0,30/30,30/30,30/30,1,22,1,19,19,1
B_STARTUP_ANCHOR_SOURCE,19,-79,0,30/30,30/30,30/30,1,22,1,19,19,1
B_STARTUP_ANCHOR_SOURCE,19,-78,0,30/30,30/30,30/30,1,22,1,19,19,1
B_STARTUP_ANCHOR_SOURCE,19,-77,0,30/30,30/30,30/30,1,22,1,19,19,1
B_STARTUP_ANCHOR_SOURCE,19,-76,0,30/30,30/30,30/30,1,22,1,19,19,1
B_STARTUP_ANCHOR_SOURCE,19,-75,0,30/30,30/30,30/30,1,22,1,19,19,1
B_STARTUP_ANCHOR_SOURCE,19,-74,0,30/30,30/30,30/30,1,22,1,19,19,1
B_STARTUP_ANCHOR_SOURCE,19,-73,0,30/30,30/30,30/30,1,22,1,19,19,1
B_STARTUP_ANCHOR_SOURCE,19,-72,0,30/30,30/30,30/30,1,22,1,19,19,1
B_STARTUP_ANCHOR_SOURCE,19,-71,0,30/30,30/30,30/30,1,22,1,19,19,1
B_STARTUP_ANCHOR_SOURCE,19,-70,0,30/30,30/30,30/30,1,22,1,19,19,1
B_STARTUP_ANCHOR_SOURCE,19,-69,0,30/30,30/30,30/30,1,22,1,19,19,1
B_STARTUP_ANCHOR_SOURCE,19,-68,0,30/30,30/30,30/30,1,22,1,19,19,1
B_STARTUP_ANCHOR_SOURCE,19,-67,0,30/30,30/30,30/30,1,22,1,19,19,1
B_STARTUP_ANCHOR_SOURCE,19,-66,0,30/30,30/30,30/30,1,22,1,19,19,1
B_STARTUP_ANCHOR_SOURCE,19,-65,0,30/30,30/30,30/30,1,22,1,19,19,1
B_STARTUP_ANCHOR_SOURCE,19,-64,0,30/30,30/30,30/30,1,22,1,19,19,1
B_STARTUP_ANCHOR_SOURCE,19,-63,0,30/30,30/30,30/30,1,22,1,19,19,1
B_STARTUP_ANCHOR_SOURCE,19,-62,0,30/30,30/30,30/30,1,22,1,19,19,1
B_STARTUP_ANCHOR_SOURCE,19,-61,0,30/30,30/30,30/30,1,22,1,19,19,1
B_STARTUP_ANCHOR_SOURCE,19,-60,0,30/30,30/30,30/30,1,22,1,19,19,1
B_STARTUP_ANCHOR_SOURCE,19,-59,0,30/30,30/30,30/30,1,22,1,19,19,1
B_STARTUP_ANCHOR_SOURCE,19,-58,0,30/30,30/30,30/30,1,22,1,19,19,1
B_STARTUP_ANCHOR_SOURCE,19,-57,0,30/30,30/30,30/30,1,22,1,19,19,1
B_STARTUP_ANCHOR_SOURCE,19,-56,0,30/30,30/30,30/30,1,22,1,19,19,1
B_STARTUP_ANCHOR_SOURCE,19,-55,0,30/30,30/30,30/30,1,22,1,19,19,1
B_STARTUP_ANCHOR_SOURCE,19,-54,0,30/30,30/30,30/30,1,22,1,19,19,1
B_STARTUP_ANCHOR_SOURCE,19,-53,0,30/30,30/30,30/30,1,22,1,19,19,1
B_STARTUP_ANCHOR_SOURCE,19,-52,0,30/30,30/30,30/30,1,22,1,19,19,1
B_STARTUP_ANCHOR_SOURCE,19,-51,0,30/30,30/30,30/30,1,22,1,19,19,1
B_STARTUP_ANCHOR_SOURCE,19,-50,0,30/30,30/30,30/30,1,22,1,19,19,1
B_STARTUP_ANCHOR_SOURCE,19,-49,0,30/30,30/30,30/30,1,22,1,19,19,1
B_STARTUP_ANCHOR_SOURCE,19,-48,0,30/30,30/30,30/30,1,22,1,19,19,1
B_STARTUP_ANCHOR_SOURCE,19,-47,0,30/30,30/30,30/30,1,22,1,19,19,1
B_STARTUP_ANCHOR_SOURCE,19,-46,0,30/30,30/30,30/30,1,22,1,19,19,1
B_STARTUP_ANCHOR_SOURCE,19,-45,0,30/30,30/30,30/30,1,22,1,19,19,1
B_STARTUP_ANCHOR_SOURCE,19,-44,0,30/30,30/30,30/30,1,22,1,19,19,1
B_STARTUP_ANCHOR_SOURCE,19,-43,0,30/30,30/30,30/30,1,22,1,19,19,1
B_STARTUP_ANCHOR_SOURCE,19,-42,0,30/30,30/30,30/30,1,22,1,19,19,1
B_STARTUP_ANCHOR_SOURCE,19,-41,0,30/30,30/30,30/30,1,22,1,19,19,1
B_STARTUP_ANCHOR_SOURCE,19,-40,0,30/30,30/30,30/30,1,22,1,19,19,1
B_STARTUP_ANCHOR_SOURCE,19,-39,0,30/30,30/30,30/30,1,22,1,19,19,1
B_STARTUP_ANCHOR_SOURCE,19,-38,0,30/30,30/30,30/30,1,22,1,19,19,1
B_STARTUP_ANCHOR_SOURCE,19,-37,0,30/30,30/30,30/30,1,22,1,19,19,1
B_STARTUP_ANCHOR_SOURCE,19,-36,0,30/30,30/30,30/30,1,22,1,19,19,1
B_STARTUP_ANCHOR_SOURCE,19,-35,0,30/30,30/30,30/30,1,22,1,19,19,1
B_STARTUP_ANCHOR_SOURCE,19,-34,0,30/30,30/30,30/30,1,22,1,19,19,1
B_STARTUP_ANCHOR_SOURCE,19,-33,0,30/30,30/30,30/30,1,22,1,19,19,1
B_STARTUP_ANCHOR_SOURCE,19,-32,0,30/30,30/30,30/30,1,22,1,19,19,1
B_STARTUP_ANCHOR_SOURCE,19,-31,0,30/30,30/30,30/30,1,22,1,19,19,1
B_STARTUP_ANCHOR_SOURCE,19,-30,0,30/30,30/30,30/30,1,22,1,19,19,1
B_STARTUP_ANCHOR_SOURCE,19,-29,0,30/30,30/30,30/30,1,22,1,19,19,1
B_STARTUP_ANCHOR_SOURCE,19,-28,0,30/30,30/30,30/30,1,22,1,19,19,1
B_STARTUP_ANCHOR_SOURCE,19,-27,0,30/30,30/30,30/30,1,22,1,19,19,1
B_STARTUP_ANCHOR_SOURCE,19,-26,0,30/30,30/30,30/30,1,22,1,19,19,1
B_STARTUP_ANCHOR_SOURCE,19,-25,0,30/30,30/30,30/30,1,22,1,19,19,1
B_STARTUP_ANCHOR_SOURCE,19,-24,0,30/30,30/30,30/30,1,22,1,19,19,1
B_STARTUP_ANCHOR_SOURCE,19,-23,0,30/30,30/30,30/30,1,22,1,19,19,1
B_STARTUP_ANCHOR_SOURCE,19,-22,0,30/30,30/30,30/30,1,22,1,19,19,1
B_STARTUP_ANCHOR_SOURCE,19,-21,0,30/30,30/30,30/30,1,22,1,19,19,1
B_STARTUP_ANCHOR_SOURCE,19,-20,0,30/30,30/30,30/30,1,22,1,19,19,1
B_STARTUP_ANCHOR_SOURCE,19,-19,0,30/30,30/30,30/30,1,22,1,19,19,1
B_STARTUP_ANCHOR_SOURCE,19,-18,0,30/30,30/30,30/30,1,22,1,19,19,1
B_STARTUP_ANCHOR_SOURCE,19,-17,0,30/30,30/30,30/30,1,22,1,19,19,1
B_STARTUP_ANCHOR_SOURCE,19,-16,0,30/30,30/30,30/30,1,22,1,19,19,1
B_STARTUP_ANCHOR_SOURCE,19,-15,0,30/30,30/30,30/30,1,22,1,19,19,1
B_STARTUP_ANCHOR_SOURCE,19,-14,0,30/30,30/30,30/30,1,22,1,19,19,1
B_STARTUP_ANCHOR_SOURCE,19,-13,0,30/30,30/30,30/30,1,22,1,19,19,1
B_STARTUP_ANCHOR_SOURCE,19,-12,0,30/30,30/30,30/30,1,22,1,19,19,1
B_STARTUP_ANCHOR_SOURCE,19,-11,0,30/30,30/30,30/30,1,22,1,19,19,1
B_STARTUP_ANCHOR_SOURCE,19,-10,0,30/30,30/30,30/30,1,22,1,19,19,1
B_STARTUP_ANCHOR_SOURCE,19,-9,0,30/30,30/30,30/30,1,22,1,19,19,1
B_STARTUP_ANCHOR_SOURCE,19,-8,0,30/30,30/30,30/30,1,22,1,19,19,1
B_STARTUP_ANCHOR_SOURCE,19,-7,0,30/30,30/30,30/30,1,22,1,19,19,1
B_STARTUP_ANCHOR_SOURCE,19,-6,0,30/30,30/30,30/30,1,22,1,19,19,1
B_STARTUP_ANCHOR_SOURCE,19,-5,0,30/30,30/30,30/30,1,22,1,19,19,1
B_STARTUP_ANCHOR_SOURCE,19,-4,0,30/30,30/30,30/30,1,22,1,19,19,1
B_STARTUP_ANCHOR_SOURCE,19,-3,0,30/30,30/30,30/30,1,22,1,19,19,1
B_STARTUP_ANCHOR_SOURCE,19,-2,0,30/30,30/30,30/30,1,22,1,19,19,1
B_STARTUP_ANCHOR_SOURCE,19,-1,0,30/30,30/30,30/30,1,22,1,19,19,1
B_STARTUP_ANCHOR_SOURCE,19,0,0,30/30,30/30,30/30,1,22,1,19,19,1
B_STARTUP_ANCHOR_SOURCE,19,1,0,30/30,30/30,30/30,1,22,1,19,19,1
B_STARTUP_ANCHOR_SOURCE,19,2,0,30/30,30/30,30/30,1,22,1,19,19,1
B_STARTUP_ANCHOR_SOURCE,19,3,0,30/30,30/30,30/30,1,22,1,19,19,1
B_STARTUP_ANCHOR_SOURCE,19,4,0,30/30,30/30,30/30,1,22,1,19,19,1
B_STARTUP_ANCHOR_SOURCE,19,5,0,30/30,30/30,30/30,1,22,1,19,19,1
B_STARTUP_ANCHOR_SOURCE,19,6,0,30/30,30/30,30/30,1,22,1,19,19,1
B_STARTUP_ANCHOR_SOURCE,19,7,0,30/30,30/30,30/30,1,22,1,19,19,1
B_STARTUP_ANCHOR_SOURCE,19,8,0,30/30,30/30,30/30,1,22,1,19,19,1
B_STARTUP_ANCHOR_SOURCE,19,9,0,30/30,30/30,30/30,1,22,1,19,19,1
B_STARTUP_ANCHOR_SOURCE,19,10,0,30/30,30/30,30/30,1,22,1,19,19,1
B_STARTUP_ANCHOR_SOURCE,19,11,0,30/30,30/30,30/30,1,22,1,19,19,1
B_STARTUP_ANCHOR_SOURCE,19,12,0,30/30,30/30,30/30,1,22,1,19,19,1
B_STARTUP_ANCHOR_SOURCE,19,13,0,30/30,30/30,30/30,1,22,1,19,19,1
B_STARTUP_ANCHOR_SOURCE,19,14,0,30/30,30/30,30/30,1,22,1,19,19,1
B_STARTUP_ANCHOR_SOURCE,19,15,0,30/30,30/30,30/30,1,22,1,19,19,1
B_STARTUP_ANCHOR_SOURCE,19,16,0,30/30,30/30,30/30,1,22,1,19,19,1
B_STARTUP_ANCHOR_SOURCE,19,17,0,30/30,30/30,30/30,1,22,1,19,19,1
B_STARTUP_ANCHOR_SOURCE,19,18,0,30/30,30/30,30/30,1,22,1,19,19,1
B_STARTUP_ANCHOR_SOURCE,19,19,0,30/30,30/30,30/30,1,22,1,19,19,1
B_STARTUP_ANCHOR_SOURCE,19,20,0,30/30,30/30,30/30,1,22,1,19,19,1
B_STARTUP_ANCHOR_SOURCE,19,21,0,30/30,30/30,30/30,1,22,1,19,19,1
B_STARTUP_ANCHOR_SOURCE,19,22,0,30/30,30/30,30/30,1,22,1,19,19,1
B_STARTUP_ANCHOR_SOURCE,19,23,0,30/30,30/30,30/30,1,22,1,19,19,1
B_STARTUP_ANCHOR_SOURCE,19,24,0,30/30,30/30,30/30,1,22,1,19,19,1
B_STARTUP_ANCHOR_SOURCE,19,25,0,30/30,30/30,30/30,1,22,1,19,19,1
B_STARTUP_ANCHOR_SOURCE,19,26,0,30/30,30/30,30/30,1,22,1,19,19,1
B_STARTUP_ANCHOR_SOURCE,19,27,0,30/30,30/30,30/30,1,22,1,19,19,1
B_STARTUP_ANCHOR_SOURCE,19,28,0,30/30,30/30,30/30,1,22,1,19,19,1
B_STARTUP_ANCHOR_SOURCE,19,29,0,30/30,30/30,30/30,1,22,1,19,19,1
B_STARTUP_ANCHOR_SOURCE,19,30,0,30/30,30/30,30/30,1,22,1,19,19,1
B_STARTUP_ANCHOR_SOURCE,19,31,0,30/30,30/30,30/30,1,22,1,19,19,1
B_STARTUP_ANCHOR_SOURCE,19,32,0,30/30,30/30,30/30,1,22,1,19,19,1
B_STARTUP_ANCHOR_SOURCE,19,33,0,30/30,30/30,30/30,1,22,1,19,19,1
B_STARTUP_ANCHOR_SOURCE,19,34,0,30/30,30/30,30/30,1,22,1,19,19,1
B_STARTUP_ANCHOR_SOURCE,19,35,0,30/30,30/30,30/30,1,22,1,19,19,1
B_STARTUP_ANCHOR_SOURCE,19,36,0,30/30,30/30,30/30,1,22,1,19,19,1
B_STARTUP_ANCHOR_SOURCE,19,37,0,30/30,30/30,30/30,1,22,1,19,19,1
B_STARTUP_ANCHOR_SOURCE,19,38,0,30/30,30/30,30/30,1,22,1,19,19,1
B_STARTUP_ANCHOR_SOURCE,19,39,0,30/30,30/30,30/30,1,22,1,19,19,1
B_STARTUP_ANCHOR_SOURCE,19,40,0,30/30,30/30,30/30,1,22,1,19,19,1
B_STARTUP_ANCHOR_SOURCE,19,41,0,30/30,30/30,30/30,1,22,1,19,19,1
B_STARTUP_ANCHOR_SOURCE,19,42,0,30/30,30/30,30/30,1,22,1,19,19,1
B_STARTUP_ANCHOR_SOURCE,19,43,0,30/30,30/30,30/30,1,22,1,19,19,1
B_STARTUP_ANCHOR_SOURCE,19,44,0,30/30,30/30,30/30,1,22,1,19,19,1
B_STARTUP_ANCHOR_SOURCE,19,45,0,30/30,30/30,30/30,1,22,1,19,19,1
B_STARTUP_ANCHOR_SOURCE,19,46,0,30/30,30/30,30/30,1,22,1,19,19,1
B_STARTUP_ANCHOR_SOURCE,19,47,0,30/30,30/30,30/30,1,22,1,19,19,1
B_STARTUP_ANCHOR_SOURCE,19,48,0,30/30,30/30,30/30,1,22,1,19,19,1
B_STARTUP_ANCHOR_SOURCE,19,49,0,30/30,30/30,30/30,1,22,1,19,19,1
B_STARTUP_ANCHOR_SOURCE,19,50,0,30/30,30/30,30/30,1,22,1,19,19,1
B_STARTUP_ANCHOR_SOURCE,19,51,0,30/30,30/30,30/30,1,22,1,19,19,1
B_STARTUP_ANCHOR_SOURCE,19,52,0,30/30,30/30,30/30,1,22,1,19,19,1
B_STARTUP_ANCHOR_SOURCE,19,53,0,30/30,30/30,30/30,1,22,1,19,19,1
B_STARTUP_ANCHOR_SOURCE,19,54,0,30/30,30/30,30/30,1,22,1,19,19,1
B_STARTUP_ANCHOR_SOURCE,19,55,0,30/30,30/30,30/30,1,22,1,19,19,1
B_STARTUP_ANCHOR_SOURCE,19,56,0,30/30,30/30,30/30,1,22,1,19,19,1
B_STARTUP_ANCHOR_SOURCE,19,57,0,30/30,30/30,30/30,1,22,1,19,19,1
B_STARTUP_ANCHOR_SOURCE,19,58,0,30/30,30/30,30/30,1,22,1,19,19,1
B_STARTUP_ANCHOR_SOURCE,19,59,0,30/30,30/30,30/30,1,22,1,19,19,1
B_STARTUP_ANCHOR_SOURCE,19,60,0,30/30,30/30,30/30,1,22,1,19,19,1
B_STARTUP_ANCHOR_SOURCE,19,61,0,30/30,30/30,30/30,1,22,1,19,19,1
B_STARTUP_ANCHOR_SOURCE,19,62,0,30/30,30/30,30/30,1,22,1,19,19,1
B_STARTUP_ANCHOR_SOURCE,19,63,0,30/30,30/30,30/30,1,22,1,19,19,1
B_STARTUP_ANCHOR_SOURCE,19,64,0,30/30,30/30,30/30,1,22,1,19,19,1
B_STARTUP_ANCHOR_SOURCE,19,65,0,30/30,30/30,30/30,1,22,1,19,19,1
B_STARTUP_ANCHOR_SOURCE,19,66,0,30/30,30/30,30/30,1,22,1,19,19,1
B_STARTUP_ANCHOR_SOURCE,19,67,0,30/30,30/30,30/30,1,22,1,19,19,1
B_STARTUP_ANCHOR_SOURCE,19,68,0,30/30,30/30,30/30,1,22,1,19,19,1
B_STARTUP_ANCHOR_SOURCE,19,69,0,30/30,30/30,30/30,1,22,1,19,19,1
B_STARTUP_ANCHOR_SOURCE,19,70,0,30/30,30/30,30/30,1,22,1,19,19,1
B_STARTUP_ANCHOR_SOURCE,19,71,0,30/30,30/30,30/30,1,22,1,19,19,1
B_STARTUP_ANCHOR_SOURCE,19,72,0,30/30,30/30,30/30,1,22,1,19,19,1
B_STARTUP_ANCHOR_SOURCE,19,73,0,30/30,30/30,30/30,1,22,1,19,19,1
B_STARTUP_ANCHOR_SOURCE,19,74,0,30/30,30/30,30/30,1,22,1,19,19,1
B_STARTUP_ANCHOR_SOURCE,19,75,0,30/30,30/30,30/30,1,22,1,19,19,1
B_STARTUP_ANCHOR_SOURCE,19,76,0,30/30,30/30,30/30,1,22,1,19,19,1
B_STARTUP_ANCHOR_SOURCE,19,77,0,30/30,30/30,30/30,1,22,1,19,19,1
B_STARTUP_ANCHOR_SOURCE,19,78,0,30/30,30/30,30/30,1,22,1,19,19,1
B_STARTUP_ANCHOR_SOURCE,19,79,0,30/30,30/30,30/30,1,22,1,19,19,1
B_STARTUP_ANCHOR_SOURCE,19,80,0,30/30,30/30,30/30,1,22,1,19,19,1
B_STARTUP_ANCHOR_SOURCE,19,81,0,30/30,30/30,30/30,1,22,1,19,19,1
B_STARTUP_ANCHOR_SOURCE,19,82,0,30/30,30/30,30/30,1,22,1,19,19,1
B_STARTUP_ANCHOR_SOURCE,19,83,0,30/30,30/30,30/30,1,22,1,19,19,1
B_STARTUP_ANCHOR_SOURCE,19,84,0,30/30,30/30,30/30,1,22,1,19,19,1
B_STARTUP_ANCHOR_SOURCE,19,85,0,30/30,30/30,30/30,1,22,1,19,19,1
B_STARTUP_ANCHOR_SOURCE,19,86,0,30/30,30/30,30/30,1,22,1,19,19,1
B_STARTUP_ANCHOR_SOURCE,19,87,0,30/30,30/30,30/30,1,22,1,19,19,1
B_STARTUP_ANCHOR_SOURCE,19,88,0,30/30,30/30,30/30,1,22,1,19,19,1
B_STARTUP_ANCHOR_SOURCE,19,89,0,30/30,30/30,30/30,1,22,1,19,19,1
B_STARTUP_ANCHOR_SOURCE,19,90,0,30/30,30/30,30/30,1,22,1,19,19,1
B_STARTUP_ANCHOR_SOURCE,19,91,0,30/30,30/30,30/30,1,22,1,19,19,1
B_STARTUP_ANCHOR_SOURCE,19,92,0,30/30,30/30,30/30,1,22,1,19,19,1
B_STARTUP_ANCHOR_SOURCE,19,93,0,30/30,30/30,30/30,1,22,1,19,19,1
B_STARTUP_ANCHOR_SOURCE,19,94,0,30/30,30/30,30/30,1,22,1,19,19,1
B_STARTUP_ANCHOR_SOURCE,19,95,0,30/30,30/30,30/30,1,22,1,19,19,1
B_STARTUP_ANCHOR_SOURCE,19,96,0,30/30,30/30,30/30,1,22,1,19,19,1
B_STARTUP_ANCHOR_SOURCE,19,97,0,30/30,30/30,30/30,1,22,1,19,19,1
B_STARTUP_ANCHOR_SOURCE,19,98,0,30/30,30/30,30/30,1,22,1,19,19,1
B_STARTUP_ANCHOR_SOURCE,19,99,0,30/30,30/30,30/30,1,22,1,19,19,1
B_STARTUP_ANCHOR_SOURCE,19,100,0,30/30,30/30,30/30,1,22,1,19,19,1
B_STARTUP_ANCHOR_SOURCE,19,101,0,30/30,30/30,30/30,1,22,1,19,19,1
B_STARTUP_ANCHOR_SOURCE,19,102,0,30/30,30/30,30/30,1,22,1,19,19,1
B_STARTUP_ANCHOR_SOURCE,19,103,0,30/30,30/30,30/30,1,22,1,19,19,1
B_STARTUP_ANCHOR_SOURCE,19,104,0,30/30,30/30,30/30,1,22,1,19,19,1
B_STARTUP_ANCHOR_SOURCE,19,105,0,30/30,30/30,30/30,1,22,1,19,19,1
B_STARTUP_ANCHOR_SOURCE,19,106,0,30/30,30/30,30/30,1,22,1,19,19,1
B_STARTUP_ANCHOR_SOURCE,19,107,0,30/30,30/30,30/30,1,22,1,19,19,1
B_STARTUP_ANCHOR_SOURCE,19,108,0,30/30,30/30,30/30,1,22,1,19,19,1
B_STARTUP_ANCHOR_SOURCE,19,109,0,30/30,30/30,30/30,1,22,1,19,19,1
B_STARTUP_ANCHOR_SOURCE,19,110,0,30/30,30/30,30/30,1,22,1,19,19,1
B_STARTUP_ANCHOR_SOURCE,19,111,0,30/30,30/30,30/30,1,22,1,19,19,1
B_STARTUP_ANCHOR_SOURCE,19,112,0,30/30,30/30,30/30,1,22,1,19,19,1
B_STARTUP_ANCHOR_SOURCE,19,113,0,30/30,30/30,30/30,1,22,1,19,19,1
B_STARTUP_ANCHOR_SOURCE,19,114,0,30/30,30/30,30/30,1,22,1,19,19,1
B_STARTUP_ANCHOR_SOURCE,19,115,0,30/30,30/30,30/30,1,22,1,19,19,1
B_STARTUP_ANCHOR_SOURCE,19,116,0,30/30,30/30,30/30,1,22,1,19,19,1
B_STARTUP_ANCHOR_SOURCE,19,117,0,30/30,30/30,30/30,1,22,1,19,19,1
B_STARTUP_ANCHOR_SOURCE,19,118,0,30/30,30/30,30/30,1,22,1,19,19,1
B_STARTUP_ANCHOR_SOURCE,19,119,0,30/30,30/30,30/30,1,22,1,19,19,1
B_STARTUP_ANCHOR_SOURCE,19,120,0,30/30,30/30,30/30,1,22,1,19,19,1
B_STARTUP_ANCHOR_SOURCE,19,121,0,30/30,30/30,30/30,1,22,1,19,19,1
B_STARTUP_ANCHOR_SOURCE,19,122,0,30/30,30/30,30/30,1,22,1,19,19,1
B_STARTUP_ANCHOR_SOURCE,19,123,0,30/30,30/30,30/30,1,22,1,19,19,1
B_STARTUP_ANCHOR_SOURCE,19,124,0,30/30,30/30,30/30,1,22,1,19,19,1
B_STARTUP_ANCHOR_SOURCE,19,125,0,30/30,30/30,30/30,1,22,1,19,19,1
B_STARTUP_ANCHOR_SOURCE,19,126,0,30/30,30/30,30/30,1,22,1,19,19,1
B_STARTUP_ANCHOR_SOURCE,19,127,0,30/30,30/30,30/30,1,22,1,19,19,1
B_STARTUP_ANCHOR_SOURCE,19,128,0,30/30,30/30,30/30,1,22,1,19,19,1
B_STARTUP_ANCHOR_SOURCE,19,129,0,30/30,30/30,30/30,1,22,1,19,19,1
B_STARTUP_ANCHOR_SOURCE,19,130,0,30/30,30/30,30/30,1,22,1,19,19,1
B_STARTUP_ANCHOR_SOURCE,19,131,0,30/30,30/30,30/30,1,22,1,19,19,1
B_STARTUP_ANCHOR_SOURCE,19,132,0,30/30,30/30,30/30,1,22,1,19,19,1
B_STARTUP_ANCHOR_SOURCE,19,133,0,30/30,30/30,30/30,1,22,1,19,19,1
B_STARTUP_ANCHOR_SOURCE,19,134,0,30/30,30/30,30/30,1,22,1,19,19,1
B_STARTUP_ANCHOR_SOURCE,19,135,0,30/30,30/30,30/30,1,22,1,19,19,1
B_STARTUP_ANCHOR_SOURCE,19,136,0,30/30,30/30,30/30,1,22,1,19,19,1
B_STARTUP_ANCHOR_SOURCE,19,137,0,30/30,30/30,30/30,1,22,1,19,19,1
B_STARTUP_ANCHOR_SOURCE,19,138,0,30/30,30/30,30/30,1,22,1,19,19,1
B_STARTUP_ANCHOR_SOURCE,19,139,0,30/30,30/30,30/30,1,22,1,19,19,1
B_STARTUP_ANCHOR_SOURCE,19,140,0,30/30,30/30,30/30,1,22,1,19,19,1
B_STARTUP_ANCHOR_SOURCE,19,141,0,30/30,30/30,30/30,1,22,1,19,19,1
B_STARTUP_ANCHOR_SOURCE,19,142,0,30/30,30/30,30/30,1,22,1,19,19,1
B_STARTUP_ANCHOR_SOURCE,19,143,0,30/30,30/30,30/30,1,22,1,19,19,1
B_STARTUP_ANCHOR_SOURCE,19,144,0,30/30,30/30,30/30,1,22,1,19,19,1
B_STARTUP_ANCHOR_SOURCE,19,145,0,30/30,30/30,30/30,1,22,1,19,19,1
B_STARTUP_ANCHOR_SOURCE,19,146,0,30/30,30/30,30/30,1,22,1,19,19,1
B_STARTUP_ANCHOR_SOURCE,19,147,0,30/30,30/30,30/30,1,22,1,19,19,1
B_STARTUP_ANCHOR_SOURCE,19,148,0,30/30,30/30,30/30,1,22,1,19,19,1
B_STARTUP_ANCHOR_SOURCE,19,149,0,30/30,30/30,30/30,1,22,1,19,19,1
B_STARTUP_ANCHOR_SOURCE,19,150,0,30/30,30/30,30/30,1,22,1,19,19,1
B_STARTUP_ANCHOR_SOURCE,19,151,0,30/30,30/30,30/30,1,22,1,19,19,1
B_STARTUP_ANCHOR_SOURCE,19,152,0,30/30,30/30,30/30,1,22,1,19,19,1
B_STARTUP_ANCHOR_SOURCE,19,153,0,30/30,30/30,30/30,1,22,1,19,19,1
B_STARTUP_ANCHOR_SOURCE,19,154,0,30/30,30/30,30/30,1,22,1,19,19,1
B_STARTUP_ANCHOR_SOURCE,19,155,0,30/30,30/30,30/30,1,22,1,19,19,1
B_STARTUP_ANCHOR_SOURCE,19,156,0,30/30,30/30,30/30,1,22,1,19,19,1
B_STARTUP_ANCHOR_SOURCE,19,157,0,30/30,30/30,30/30,1,22,1,19,19,1
B_STARTUP_ANCHOR_SOURCE,19,158,0,30/30,30/30,30/30,1,22,1,19,19,1
B_STARTUP_ANCHOR_SOURCE,19,159,0,30/30,30/30,30/30,1,22,1,19,19,1
B_STARTUP_ANCHOR_SOURCE,19,160,0,30/30,30/30,30/30,1,22,1,19,19,1
B_STARTUP_ANCHOR_SOURCE,19,161,0,30/30,30/30,30/30,1,22,1,19,19,1
B_STARTUP_ANCHOR_SOURCE,19,162,0,30/30,30/30,30/30,1,22,1,19,19,1
B_STARTUP_ANCHOR_SOURCE,19,163,0,30/30,30/30,30/30,1,22,1,19,19,1
B_STARTUP_ANCHOR_SOURCE,19,164,0,30/30,30/30,30/30,1,22,1,19,19,1
B_STARTUP_ANCHOR_SOURCE,19,165,0,30/30,30/30,30/30,1,22,1,19,19,1
B_STARTUP_ANCHOR_SOURCE,19,166,0,30/30,30/30,30/30,1,22,1,19,19,1
B_STARTUP_ANCHOR_SOURCE,19,167,0,30/30,30/30,30/30,1,22,1,19,19,1
B_STARTUP_ANCHOR_SOURCE,19,168,0,30/30,30/30,30/30,1,22,1,19,19,1
B_STARTUP_ANCHOR_SOURCE,19,169,0,30/30,30/30,30/30,1,22,1,19,19,1
B_STARTUP_ANCHOR_SOURCE,19,170,0,30/30,30/30,30/30,1,22,1,19,19,1
B_STARTUP_ANCHOR_SOURCE,19,171,0,30/30,30/30,30/30,1,22,1,19,19,1
B_STARTUP_ANCHOR_SOURCE,19,172,0,30/30,30/30,30/30,1,22,1,19,19,1
B_STARTUP_ANCHOR_SOURCE,19,173,0,30/30,30/30,30/30,1,22,1,19,19,1
B_STARTUP_ANCHOR_SOURCE,19,174,0,30/30,30/30,30/30,1,22,1,19,19,1
B_STARTUP_ANCHOR_SOURCE,19,175,0,30/30,30/30,30/30,1,22,1,19,19,1
B_STARTUP_ANCHOR_SOURCE,19,176,0,30/30,30/30,30/30,1,22,1,19,19,1
B_STARTUP_ANCHOR_SOURCE,19,177,0,30/30,30/30,30/30,1,22,1,19,19,1
B_STARTUP_ANCHOR_SOURCE,19,178,0,30/30,30/30,30/30,1,22,1,19,19,1
B_STARTUP_ANCHOR_SOURCE,19,179,0,30/30,30/30,30/30,1,22,1,19,19,1
B_STARTUP_ANCHOR_SOURCE,19,180,0,30/30,30/30,30/30,1,22,1,19,19,1
B_STARTUP_ANCHOR_SOURCE,19,181,0,30/30,30/30,30/30,1,22,1,19,19,1
B_STARTUP_ANCHOR_SOURCE,19,182,0,30/30,30/30,30/30,1,22,1,19,19,1
B_STARTUP_ANCHOR_SOURCE,19,183,0,30/30,30/30,30/30,1,22,1,19,19,1
B_STARTUP_ANCHOR_SOURCE,19,184,0,30/30,30/30,30/30,1,22,1,19,19,1
B_STARTUP_ANCHOR_SOURCE,19,185,0,30/30,30/30,30/30,1,22,1,19,19,1
B_STARTUP_ANCHOR_SOURCE,19,186,0,30/30,30/30,30/30,1,22,1,19,19,1
B_STARTUP_ANCHOR_SOURCE,19,187,0,30/30,30/30,30/30,1,22,1,19,19,1
B_STARTUP_ANCHOR_SOURCE,19,188,0,30/30,30/30,30/30,1,22,1,19,19,1
B_STARTUP_ANCHOR_SOURCE,19,189,0,30/30,30/30,30/30,1,22,1,19,19,1
B_STARTUP_ANCHOR_SOURCE,19,190,0,30/30,30/30,30/30,1,22,1,19,19,1
B_STARTUP_ANCHOR_SOURCE,19,191,0,30/30,30/30,30/30,1,22,1,19,19,1
B_STARTUP_ANCHOR_SOURCE,19,192,0,30/30,30/30,30/30,1,22,1,19,19,1
B_STARTUP_ANCHOR_SOURCE,19,193,0,30/30,30/30,30/30,1,22,1,19,19,1
B_STARTUP_ANCHOR_SOURCE,19,194,0,30/30,30/30,30/30,1,22,1,19,19,1
B_STARTUP_ANCHOR_SOURCE,19,195,0,30/30,30/30,30/30,1,22,1,19,19,1
B_STARTUP_ANCHOR_SOURCE,19,196,0,30/30,30/30,30/30,1,22,1,19,19,1
B_STARTUP_ANCHOR_SOURCE,19,197,0,30/30,30/30,30/30,1,22,1,19,19,1
B_STARTUP_ANCHOR_SOURCE,19,198,0,30/30,30/30,30/30,1,22,1,19,19,1
B_STARTUP_ANCHOR_SOURCE,19,199,0,30/30,30/30,30/30,1,22,1,19,19,1
B_STARTUP_ANCHOR_SOURCE,19,200,0,30/30,30/30,30/30,1,22,1,19,19,1
C_TRACK_WITH_THRESHOLD_COMPENSATION,18,-153,0,30/30,30/30,30/30,2,23,2,171,171,1
C_TRACK_WITH_THRESHOLD_COMPENSATION,18,-152,0,30/30,30/30,30/30,2,23,2,170,170,1
C_TRACK_WITH_THRESHOLD_COMPENSATION,18,-151,0,30/30,30/30,30/30,2,23,2,169,169,1
C_TRACK_WITH_THRESHOLD_COMPENSATION,18,-150,0,30/30,30/30,30/30,2,23,2,168,168,1
C_TRACK_WITH_THRESHOLD_COMPENSATION,18,-149,0,30/30,30/30,30/30,2,23,2,167,167,1
C_TRACK_WITH_THRESHOLD_COMPENSATION,18,-148,0,30/30,30/30,30/30,2,23,2,166,166,1
C_TRACK_WITH_THRESHOLD_COMPENSATION,18,-147,0,30/30,30/30,30/30,2,23,2,165,165,1
C_TRACK_WITH_THRESHOLD_COMPENSATION,18,-146,0,30/30,30/30,30/30,2,23,2,164,164,1
C_TRACK_WITH_THRESHOLD_COMPENSATION,18,-145,0,30/30,30/30,30/30,2,23,2,163,163,1
C_TRACK_WITH_THRESHOLD_COMPENSATION,18,-144,0,30/30,30/30,30/30,2,23,2,162,162,1
C_TRACK_WITH_THRESHOLD_COMPENSATION,18,-143,0,30/30,30/30,30/30,2,23,2,161,161,1
C_TRACK_WITH_THRESHOLD_COMPENSATION,18,-142,0,30/30,30/30,30/30,2,23,2,160,160,1
C_TRACK_WITH_THRESHOLD_COMPENSATION,18,-141,0,30/30,30/30,30/30,2,23,2,159,159,1
C_TRACK_WITH_THRESHOLD_COMPENSATION,18,-140,0,30/30,30/30,30/30,2,23,2,158,158,1
C_TRACK_WITH_THRESHOLD_COMPENSATION,18,-139,0,30/30,30/30,30/30,2,23,2,157,157,1
C_TRACK_WITH_THRESHOLD_COMPENSATION,18,-138,0,30/30,30/30,30/30,2,23,2,156,156,1
C_TRACK_WITH_THRESHOLD_COMPENSATION,18,-137,0,30/30,30/30,30/30,2,23,2,155,155,1
C_TRACK_WITH_THRESHOLD_COMPENSATION,18,-136,0,30/30,30/30,30/30,2,23,2,154,154,1
C_TRACK_WITH_THRESHOLD_COMPENSATION,18,-135,0,30/30,30/30,30/30,2,23,2,153,153,1
C_TRACK_WITH_THRESHOLD_COMPENSATION,18,-134,0,30/30,30/30,30/30,2,23,2,152,152,1
C_TRACK_WITH_THRESHOLD_COMPENSATION,18,-133,0,30/30,30/30,30/30,2,23,2,151,151,1
C_TRACK_WITH_THRESHOLD_COMPENSATION,18,-132,0,30/30,30/30,30/30,2,23,2,150,150,1
C_TRACK_WITH_THRESHOLD_COMPENSATION,18,-131,0,30/30,30/30,30/30,2,23,2,149,149,1
C_TRACK_WITH_THRESHOLD_COMPENSATION,18,-130,0,30/30,30/30,30/30,2,23,2,148,148,1
C_TRACK_WITH_THRESHOLD_COMPENSATION,18,-129,0,30/30,30/30,30/30,2,23,2,147,147,1
C_TRACK_WITH_THRESHOLD_COMPENSATION,18,-128,0,30/30,30/30,30/30,2,23,2,146,146,1
C_TRACK_WITH_THRESHOLD_COMPENSATION,18,-127,0,30/30,30/30,30/30,2,23,2,145,145,1
C_TRACK_WITH_THRESHOLD_COMPENSATION,18,-126,0,30/30,30/30,30/30,2,23,2,144,144,1
C_TRACK_WITH_THRESHOLD_COMPENSATION,18,-125,0,30/30,30/30,30/30,2,23,2,143,143,1
C_TRACK_WITH_THRESHOLD_COMPENSATION,18,-124,0,30/30,30/30,30/30,2,23,2,142,142,1
C_TRACK_WITH_THRESHOLD_COMPENSATION,18,-123,0,30/30,30/30,30/30,2,23,2,141,141,1
C_TRACK_WITH_THRESHOLD_COMPENSATION,18,-122,0,30/30,30/30,30/30,2,23,2,140,140,1
C_TRACK_WITH_THRESHOLD_COMPENSATION,18,-121,0,30/30,30/30,30/30,2,23,2,139,139,1
C_TRACK_WITH_THRESHOLD_COMPENSATION,18,-120,0,30/30,30/30,30/30,2,23,2,138,138,1
C_TRACK_WITH_THRESHOLD_COMPENSATION,18,-119,0,30/30,30/30,30/30,2,23,2,137,137,1
C_TRACK_WITH_THRESHOLD_COMPENSATION,18,-118,0,30/30,30/30,30/30,2,23,2,136,136,1
C_TRACK_WITH_THRESHOLD_COMPENSATION,18,-117,0,30/30,30/30,30/30,2,23,2,135,135,1
C_TRACK_WITH_THRESHOLD_COMPENSATION,18,-116,0,30/30,30/30,30/30,2,23,2,134,134,1
C_TRACK_WITH_THRESHOLD_COMPENSATION,18,-115,0,30/30,30/30,30/30,2,23,2,133,133,1
C_TRACK_WITH_THRESHOLD_COMPENSATION,18,-114,0,30/30,30/30,30/30,2,23,2,132,132,1
C_TRACK_WITH_THRESHOLD_COMPENSATION,18,-113,0,30/30,30/30,30/30,2,23,2,131,131,1
C_TRACK_WITH_THRESHOLD_COMPENSATION,18,-112,0,30/30,30/30,30/30,2,23,2,130,130,1
C_TRACK_WITH_THRESHOLD_COMPENSATION,18,-111,0,30/30,30/30,30/30,2,23,2,129,129,1
C_TRACK_WITH_THRESHOLD_COMPENSATION,18,-110,0,30/30,30/30,30/30,2,23,2,128,128,1
C_TRACK_WITH_THRESHOLD_COMPENSATION,18,-109,0,30/30,30/30,30/30,2,23,2,127,127,1
C_TRACK_WITH_THRESHOLD_COMPENSATION,18,-108,0,30/30,30/30,30/30,2,23,2,126,126,1
C_TRACK_WITH_THRESHOLD_COMPENSATION,18,-107,0,30/30,30/30,30/30,2,23,2,125,125,1
C_TRACK_WITH_THRESHOLD_COMPENSATION,18,-106,0,30/30,30/30,30/30,2,23,2,124,124,1
C_TRACK_WITH_THRESHOLD_COMPENSATION,18,-105,0,30/30,30/30,30/30,2,23,2,123,123,1
C_TRACK_WITH_THRESHOLD_COMPENSATION,18,-104,0,30/30,30/30,30/30,2,23,2,122,122,1
C_TRACK_WITH_THRESHOLD_COMPENSATION,18,-103,0,30/30,30/30,30/30,2,23,2,121,121,1
C_TRACK_WITH_THRESHOLD_COMPENSATION,18,-102,0,30/30,30/30,30/30,2,23,2,120,120,1
C_TRACK_WITH_THRESHOLD_COMPENSATION,18,-101,0,30/30,30/30,30/30,2,23,2,119,119,1
C_TRACK_WITH_THRESHOLD_COMPENSATION,18,-100,0,30/30,30/30,30/30,2,23,2,118,118,1
C_TRACK_WITH_THRESHOLD_COMPENSATION,18,-99,0,30/30,30/30,30/30,2,23,2,117,117,1
C_TRACK_WITH_THRESHOLD_COMPENSATION,18,-98,0,30/30,30/30,30/30,2,23,2,116,116,1
C_TRACK_WITH_THRESHOLD_COMPENSATION,18,-97,0,30/30,30/30,30/30,2,23,2,115,115,1
C_TRACK_WITH_THRESHOLD_COMPENSATION,18,-96,0,30/30,30/30,30/30,2,23,2,114,114,1
C_TRACK_WITH_THRESHOLD_COMPENSATION,18,-95,0,30/30,30/30,30/30,2,23,2,113,113,1
C_TRACK_WITH_THRESHOLD_COMPENSATION,18,-94,0,30/30,30/30,30/30,2,23,2,112,112,1
C_TRACK_WITH_THRESHOLD_COMPENSATION,18,-93,0,30/30,30/30,30/30,2,23,2,111,111,1
C_TRACK_WITH_THRESHOLD_COMPENSATION,18,-92,0,30/30,30/30,30/30,2,23,2,110,110,1
C_TRACK_WITH_THRESHOLD_COMPENSATION,18,-91,0,30/30,30/30,30/30,2,23,2,109,109,1
C_TRACK_WITH_THRESHOLD_COMPENSATION,18,-90,0,30/30,30/30,30/30,2,23,2,108,108,1
C_TRACK_WITH_THRESHOLD_COMPENSATION,18,-89,0,30/30,30/30,30/30,2,23,2,107,107,1
C_TRACK_WITH_THRESHOLD_COMPENSATION,18,-88,0,30/30,30/30,30/30,2,23,2,106,106,1
C_TRACK_WITH_THRESHOLD_COMPENSATION,18,-87,0,30/30,30/30,30/30,2,23,2,105,105,1
C_TRACK_WITH_THRESHOLD_COMPENSATION,18,-86,0,30/30,30/30,30/30,2,23,2,104,104,1
C_TRACK_WITH_THRESHOLD_COMPENSATION,18,-85,0,30/30,30/30,30/30,2,23,2,103,103,1
C_TRACK_WITH_THRESHOLD_COMPENSATION,18,-84,0,30/30,30/30,30/30,2,23,2,102,102,1
C_TRACK_WITH_THRESHOLD_COMPENSATION,18,-83,0,30/30,30/30,30/30,2,23,2,101,101,1
C_TRACK_WITH_THRESHOLD_COMPENSATION,18,-82,0,30/30,30/30,30/30,2,23,2,100,100,1
C_TRACK_WITH_THRESHOLD_COMPENSATION,18,-81,0,30/30,30/30,30/30,2,23,2,99,99,1
C_TRACK_WITH_THRESHOLD_COMPENSATION,18,-80,0,30/30,30/30,30/30,2,23,2,98,98,1
C_TRACK_WITH_THRESHOLD_COMPENSATION,18,-79,0,30/30,30/30,30/30,2,23,2,97,97,1
C_TRACK_WITH_THRESHOLD_COMPENSATION,18,-78,0,30/30,30/30,30/30,2,23,2,96,96,1
C_TRACK_WITH_THRESHOLD_COMPENSATION,18,-77,0,30/30,30/30,30/30,2,23,2,95,95,1
C_TRACK_WITH_THRESHOLD_COMPENSATION,18,-76,0,30/30,30/30,30/30,2,23,2,94,94,1
C_TRACK_WITH_THRESHOLD_COMPENSATION,18,-75,0,30/30,30/30,30/30,2,23,2,93,93,1
C_TRACK_WITH_THRESHOLD_COMPENSATION,18,-74,0,30/30,30/30,30/30,2,23,2,92,92,1
C_TRACK_WITH_THRESHOLD_COMPENSATION,18,-73,0,30/30,30/30,30/30,2,23,2,91,91,1
C_TRACK_WITH_THRESHOLD_COMPENSATION,18,-72,0,30/30,30/30,30/30,2,23,2,90,90,1
C_TRACK_WITH_THRESHOLD_COMPENSATION,18,-71,0,30/30,30/30,30/30,2,23,2,89,89,1
C_TRACK_WITH_THRESHOLD_COMPENSATION,18,-70,0,30/30,30/30,30/30,2,23,2,88,88,1
C_TRACK_WITH_THRESHOLD_COMPENSATION,18,-69,0,30/30,30/30,30/30,2,23,2,87,87,1
C_TRACK_WITH_THRESHOLD_COMPENSATION,18,-68,0,30/30,30/30,30/30,2,23,2,86,86,1
C_TRACK_WITH_THRESHOLD_COMPENSATION,18,-67,0,30/30,30/30,30/30,2,23,2,85,85,1
C_TRACK_WITH_THRESHOLD_COMPENSATION,18,-66,0,30/30,30/30,30/30,2,23,2,84,84,1
C_TRACK_WITH_THRESHOLD_COMPENSATION,18,-65,0,30/30,30/30,30/30,2,23,2,83,83,1
C_TRACK_WITH_THRESHOLD_COMPENSATION,18,-64,0,30/30,30/30,30/30,2,23,2,82,82,1
C_TRACK_WITH_THRESHOLD_COMPENSATION,18,-63,0,30/30,30/30,30/30,2,23,2,81,81,1
C_TRACK_WITH_THRESHOLD_COMPENSATION,18,-62,0,30/30,30/30,30/30,2,23,2,80,80,1
C_TRACK_WITH_THRESHOLD_COMPENSATION,18,-61,0,30/30,30/30,30/30,2,23,2,79,79,1
C_TRACK_WITH_THRESHOLD_COMPENSATION,18,-60,0,30/30,30/30,30/30,2,23,2,78,78,1
C_TRACK_WITH_THRESHOLD_COMPENSATION,18,-59,0,30/30,30/30,30/30,2,23,2,77,77,1
C_TRACK_WITH_THRESHOLD_COMPENSATION,18,-58,0,30/30,30/30,30/30,2,23,2,76,76,1
C_TRACK_WITH_THRESHOLD_COMPENSATION,18,-57,0,30/30,30/30,30/30,2,23,2,75,75,1
C_TRACK_WITH_THRESHOLD_COMPENSATION,18,-56,0,30/30,30/30,30/30,2,23,2,74,74,1
C_TRACK_WITH_THRESHOLD_COMPENSATION,18,-55,0,30/30,30/30,30/30,2,23,2,73,73,1
C_TRACK_WITH_THRESHOLD_COMPENSATION,18,-54,0,30/30,30/30,30/30,2,23,2,72,72,1
C_TRACK_WITH_THRESHOLD_COMPENSATION,18,-53,0,30/30,30/30,30/30,2,23,2,71,71,1
C_TRACK_WITH_THRESHOLD_COMPENSATION,18,-52,0,30/30,30/30,30/30,2,23,2,70,70,1
C_TRACK_WITH_THRESHOLD_COMPENSATION,18,-51,0,30/30,30/30,30/30,2,23,2,69,69,1
C_TRACK_WITH_THRESHOLD_COMPENSATION,18,-50,0,30/30,30/30,30/30,2,23,2,68,68,1
C_TRACK_WITH_THRESHOLD_COMPENSATION,18,-49,0,30/30,30/30,30/30,2,23,2,67,67,1
C_TRACK_WITH_THRESHOLD_COMPENSATION,18,-48,0,30/30,30/30,30/30,2,23,2,66,66,1
C_TRACK_WITH_THRESHOLD_COMPENSATION,18,-47,0,30/30,30/30,30/30,2,23,2,65,65,1
C_TRACK_WITH_THRESHOLD_COMPENSATION,18,-46,0,30/30,30/30,30/30,2,23,2,64,64,1
C_TRACK_WITH_THRESHOLD_COMPENSATION,18,-45,0,30/30,30/30,30/30,2,23,2,63,63,1
C_TRACK_WITH_THRESHOLD_COMPENSATION,18,-44,0,30/30,30/30,30/30,2,23,2,62,62,1
C_TRACK_WITH_THRESHOLD_COMPENSATION,18,-43,0,30/30,30/30,30/30,2,23,2,61,61,1
C_TRACK_WITH_THRESHOLD_COMPENSATION,18,-42,0,30/30,30/30,30/30,2,23,2,60,60,1
C_TRACK_WITH_THRESHOLD_COMPENSATION,18,-41,0,30/30,30/30,30/30,2,23,2,59,59,1
C_TRACK_WITH_THRESHOLD_COMPENSATION,18,-40,0,30/30,30/30,30/30,2,23,2,58,58,1
C_TRACK_WITH_THRESHOLD_COMPENSATION,18,-39,0,30/30,30/30,30/30,2,23,2,57,57,1
C_TRACK_WITH_THRESHOLD_COMPENSATION,18,-38,0,30/30,30/30,30/30,2,23,2,56,56,1
C_TRACK_WITH_THRESHOLD_COMPENSATION,18,-37,0,30/30,30/30,30/30,2,23,2,55,55,1
C_TRACK_WITH_THRESHOLD_COMPENSATION,18,-36,0,30/30,30/30,30/30,2,23,2,54,54,1
C_TRACK_WITH_THRESHOLD_COMPENSATION,18,-35,0,30/30,30/30,30/30,2,23,2,53,53,1
C_TRACK_WITH_THRESHOLD_COMPENSATION,18,-34,0,30/30,30/30,30/30,2,23,2,52,52,1
C_TRACK_WITH_THRESHOLD_COMPENSATION,18,-33,0,30/30,30/30,30/30,2,23,2,51,51,1
C_TRACK_WITH_THRESHOLD_COMPENSATION,18,-32,0,30/30,30/30,30/30,2,23,2,50,50,1
C_TRACK_WITH_THRESHOLD_COMPENSATION,18,-31,0,30/30,30/30,30/30,2,23,2,49,49,1
C_TRACK_WITH_THRESHOLD_COMPENSATION,18,-30,0,30/30,30/30,30/30,2,23,2,48,48,1
C_TRACK_WITH_THRESHOLD_COMPENSATION,18,-29,0,30/30,30/30,30/30,2,23,2,47,47,1
C_TRACK_WITH_THRESHOLD_COMPENSATION,18,-28,0,30/30,30/30,30/30,2,23,2,46,46,1
C_TRACK_WITH_THRESHOLD_COMPENSATION,18,-27,0,30/30,30/30,30/30,2,23,2,45,45,1
C_TRACK_WITH_THRESHOLD_COMPENSATION,18,-26,0,30/30,30/30,30/30,2,23,2,44,44,1
C_TRACK_WITH_THRESHOLD_COMPENSATION,18,-25,0,30/30,30/30,30/30,2,23,2,43,43,1
C_TRACK_WITH_THRESHOLD_COMPENSATION,18,-24,0,30/30,30/30,30/30,2,23,2,42,42,1
C_TRACK_WITH_THRESHOLD_COMPENSATION,18,-23,0,30/30,30/30,30/30,2,23,2,41,41,1
C_TRACK_WITH_THRESHOLD_COMPENSATION,18,-22,0,30/30,30/30,30/30,2,23,2,40,40,1
C_TRACK_WITH_THRESHOLD_COMPENSATION,18,-21,0,30/30,30/30,30/30,2,23,2,39,39,1
C_TRACK_WITH_THRESHOLD_COMPENSATION,18,-20,0,30/30,30/30,30/30,2,23,2,38,38,1
C_TRACK_WITH_THRESHOLD_COMPENSATION,18,-19,0,30/30,30/30,30/30,2,23,2,37,37,1
C_TRACK_WITH_THRESHOLD_COMPENSATION,18,-18,0,30/30,30/30,30/30,2,23,2,36,36,1
C_TRACK_WITH_THRESHOLD_COMPENSATION,18,-17,0,30/30,30/30,30/30,2,23,2,35,35,1
C_TRACK_WITH_THRESHOLD_COMPENSATION,18,-16,0,30/30,30/30,30/30,2,23,2,34,34,1
C_TRACK_WITH_THRESHOLD_COMPENSATION,18,-15,0,30/30,30/30,30/30,2,23,2,33,33,1
C_TRACK_WITH_THRESHOLD_COMPENSATION,18,-14,0,30/30,30/30,30/30,2,23,2,32,32,1
C_TRACK_WITH_THRESHOLD_COMPENSATION,18,-13,0,30/30,30/30,30/30,2,23,2,31,31,1
C_TRACK_WITH_THRESHOLD_COMPENSATION,18,-12,0,30/30,30/30,30/30,2,23,2,30,30,1
C_TRACK_WITH_THRESHOLD_COMPENSATION,18,-11,0,30/30,30/30,30/30,2,23,2,29,29,1
C_TRACK_WITH_THRESHOLD_COMPENSATION,18,-10,0,30/30,30/30,30/30,2,23,2,28,28,1
C_TRACK_WITH_THRESHOLD_COMPENSATION,18,-9,0,30/30,30/30,30/30,2,23,2,27,27,1
C_TRACK_WITH_THRESHOLD_COMPENSATION,18,-8,0,30/30,30/30,30/30,2,23,2,26,26,1
C_TRACK_WITH_THRESHOLD_COMPENSATION,18,-7,0,30/30,30/30,30/30,2,23,2,25,25,1
C_TRACK_WITH_THRESHOLD_COMPENSATION,18,-6,0,30/30,30/30,30/30,2,23,2,24,24,1
C_TRACK_WITH_THRESHOLD_COMPENSATION,18,-5,0,30/30,30/30,30/30,2,23,2,23,23,1
C_TRACK_WITH_THRESHOLD_COMPENSATION,18,-4,0,30/30,30/30,30/30,2,23,2,22,22,1
C_TRACK_WITH_THRESHOLD_COMPENSATION,18,-3,0,30/30,30/30,30/30,2,23,2,21,21,1
C_TRACK_WITH_THRESHOLD_COMPENSATION,18,-2,0,30/30,30/30,30/30,2,23,2,20,20,1
C_TRACK_WITH_THRESHOLD_COMPENSATION,18,-1,0,30/30,30/30,30/30,2,23,2,19,19,1
C_TRACK_WITH_THRESHOLD_COMPENSATION,18,0,0,30/30,30/30,30/30,2,23,2,18,18,1
C_TRACK_WITH_THRESHOLD_COMPENSATION,18,1,0,30/30,30/30,30/30,2,23,2,17,17,1
C_TRACK_WITH_THRESHOLD_COMPENSATION,18,2,0,30/30,30/30,30/30,2,23,2,16,16,1
C_TRACK_WITH_THRESHOLD_COMPENSATION,18,3,0,30/30,30/30,30/30,2,23,2,15,15,1
C_TRACK_WITH_THRESHOLD_COMPENSATION,18,4,0,30/30,30/30,30/30,2,23,2,14,14,1
C_TRACK_WITH_THRESHOLD_COMPENSATION,18,5,0,30/30,30/30,30/30,2,23,2,13,13,1
C_TRACK_WITH_THRESHOLD_COMPENSATION,18,6,0,30/30,30/30,30/30,2,23,2,12,12,1
C_TRACK_WITH_THRESHOLD_COMPENSATION,18,7,0,30/30,30/30,30/30,2,23,2,11,11,1
C_TRACK_WITH_THRESHOLD_COMPENSATION,18,8,0,30/30,30/30,30/30,2,23,2,10,10,1
C_TRACK_WITH_THRESHOLD_COMPENSATION,18,9,0,30/30,30/30,30/30,2,23,2,9,9,1
C_TRACK_WITH_THRESHOLD_COMPENSATION,18,10,0,30/30,30/30,30/30,2,23,2,8,8,1
C_TRACK_WITH_THRESHOLD_COMPENSATION,18,11,0,30/30,30/30,30/30,2,23,2,7,7,1
C_TRACK_WITH_THRESHOLD_COMPENSATION,18,12,0,30/30,30/30,30/30,2,23,2,6,6,1
C_TRACK_WITH_THRESHOLD_COMPENSATION,18,13,0,30/30,30/30,30/30,2,23,2,5,5,1
C_TRACK_WITH_THRESHOLD_COMPENSATION,18,14,0,30/30,30/30,30/30,2,23,2,4,4,1
C_TRACK_WITH_THRESHOLD_COMPENSATION,18,15,0,30/30,30/30,30/30,2,23,2,3,3,1
C_TRACK_WITH_THRESHOLD_COMPENSATION,18,16,0,30/30,30/30,30/30,2,23,2,2,2,1
C_TRACK_WITH_THRESHOLD_COMPENSATION,18,17,0,30/30,30/30,30/30,2,23,2,1,1,1
C_TRACK_WITH_THRESHOLD_COMPENSATION,18,18,0,30/30,30/30,30/30,2,23,2,0,0,1
C_TRACK_WITH_THRESHOLD_COMPENSATION,18,19,0,30/30,30/30,30/30,2,23,2,-1,-1,0
C_TRACK_WITH_THRESHOLD_COMPENSATION,18,20,0,30/30,30/30,30/30,2,23,2,-2,-2,0
C_TRACK_WITH_THRESHOLD_COMPENSATION,18,21,0,30/30,30/30,30/30,2,23,2,-3,-3,0
C_TRACK_WITH_THRESHOLD_COMPENSATION,18,22,0,30/30,30/30,30/30,2,23,2,-4,-4,0
C_TRACK_WITH_THRESHOLD_COMPENSATION,18,23,0,30/30,30/30,30/30,2,23,2,-5,-5,0
C_TRACK_WITH_THRESHOLD_COMPENSATION,18,24,0,30/30,30/30,30/30,2,23,2,-6,-6,0
C_TRACK_WITH_THRESHOLD_COMPENSATION,18,25,0,30/30,30/30,30/30,2,23,2,-7,-7,0
C_TRACK_WITH_THRESHOLD_COMPENSATION,18,26,0,30/30,30/30,30/30,2,23,2,-8,-8,0
C_TRACK_WITH_THRESHOLD_COMPENSATION,18,27,0,30/30,30/30,30/30,2,23,2,-9,-9,0
C_TRACK_WITH_THRESHOLD_COMPENSATION,18,28,0,30/30,30/30,30/30,2,23,2,-10,-10,0
C_TRACK_WITH_THRESHOLD_COMPENSATION,18,29,0,30/30,30/30,30/30,2,23,2,-11,-11,0
C_TRACK_WITH_THRESHOLD_COMPENSATION,18,30,0,30/30,30/30,30/30,2,23,2,-12,-12,0
C_TRACK_WITH_THRESHOLD_COMPENSATION,18,31,0,30/30,30/30,30/30,2,23,2,-13,-13,0
C_TRACK_WITH_THRESHOLD_COMPENSATION,18,32,0,30/30,30/30,30/30,2,23,2,-14,-14,0
C_TRACK_WITH_THRESHOLD_COMPENSATION,18,33,0,30/30,30/30,30/30,2,23,2,-15,-15,0
C_TRACK_WITH_THRESHOLD_COMPENSATION,18,34,0,30/30,30/30,30/30,2,23,2,-16,-16,0
C_TRACK_WITH_THRESHOLD_COMPENSATION,18,35,0,30/30,30/30,30/30,2,23,2,-17,-17,0
C_TRACK_WITH_THRESHOLD_COMPENSATION,18,36,0,30/30,30/30,30/30,2,23,2,-18,-18,0
C_TRACK_WITH_THRESHOLD_COMPENSATION,18,37,0,30/30,30/30,30/30,2,23,2,-19,-19,0
C_TRACK_WITH_THRESHOLD_COMPENSATION,18,38,0,30/30,30/30,30/30,2,23,2,-20,-20,0
C_TRACK_WITH_THRESHOLD_COMPENSATION,18,39,0,30/30,30/30,30/30,2,23,2,-21,-21,0
C_TRACK_WITH_THRESHOLD_COMPENSATION,18,40,0,30/30,30/30,30/30,2,23,2,-22,-22,0
C_TRACK_WITH_THRESHOLD_COMPENSATION,18,41,0,30/30,30/30,30/30,2,23,2,-23,-23,0
C_TRACK_WITH_THRESHOLD_COMPENSATION,18,42,0,30/30,30/30,30/30,2,23,2,-24,-24,0
C_TRACK_WITH_THRESHOLD_COMPENSATION,18,43,0,30/30,30/30,30/30,2,23,2,-25,-25,0
C_TRACK_WITH_THRESHOLD_COMPENSATION,18,44,0,30/30,30/30,30/30,2,23,2,-26,-26,0
C_TRACK_WITH_THRESHOLD_COMPENSATION,18,45,0,30/30,30/30,30/30,2,23,2,-27,-27,0
C_TRACK_WITH_THRESHOLD_COMPENSATION,18,46,0,30/30,30/30,30/30,2,23,2,-28,-28,0
C_TRACK_WITH_THRESHOLD_COMPENSATION,18,47,0,30/30,30/30,30/30,2,23,2,-29,-29,0
C_TRACK_WITH_THRESHOLD_COMPENSATION,18,48,0,30/30,30/30,30/30,2,23,2,-30,-30,0
C_TRACK_WITH_THRESHOLD_COMPENSATION,18,49,0,30/30,30/30,30/30,2,23,2,-31,-31,0
C_TRACK_WITH_THRESHOLD_COMPENSATION,18,50,0,30/30,30/30,30/30,2,23,2,-32,-32,0
C_TRACK_WITH_THRESHOLD_COMPENSATION,18,51,0,30/30,30/30,30/30,2,23,2,-33,-33,0
C_TRACK_WITH_THRESHOLD_COMPENSATION,18,52,0,30/30,30/30,30/30,2,23,2,-34,-34,0
C_TRACK_WITH_THRESHOLD_COMPENSATION,18,53,0,30/30,30/30,30/30,2,23,2,-35,-35,0
C_TRACK_WITH_THRESHOLD_COMPENSATION,18,54,0,30/30,30/30,30/30,2,23,2,-36,-36,0
C_TRACK_WITH_THRESHOLD_COMPENSATION,18,55,0,30/30,30/30,30/30,2,23,2,-37,-37,0
C_TRACK_WITH_THRESHOLD_COMPENSATION,18,56,0,30/30,30/30,30/30,2,23,2,-38,-38,0
C_TRACK_WITH_THRESHOLD_COMPENSATION,18,57,0,30/30,30/30,30/30,2,23,2,-39,-39,0
C_TRACK_WITH_THRESHOLD_COMPENSATION,18,58,0,30/30,30/30,30/30,2,23,2,-40,-40,0
C_TRACK_WITH_THRESHOLD_COMPENSATION,18,59,0,30/30,30/30,30/30,2,23,2,-41,-41,0
C_TRACK_WITH_THRESHOLD_COMPENSATION,18,60,0,30/30,30/30,30/30,2,23,2,-42,-42,0
C_TRACK_WITH_THRESHOLD_COMPENSATION,18,61,0,30/30,30/30,30/30,2,23,2,-43,-43,0
C_TRACK_WITH_THRESHOLD_COMPENSATION,18,62,0,30/30,30/30,30/30,2,23,2,-44,-44,0
C_TRACK_WITH_THRESHOLD_COMPENSATION,18,63,0,30/30,30/30,30/30,2,23,2,-45,-45,0
C_TRACK_WITH_THRESHOLD_COMPENSATION,18,64,0,30/30,30/30,30/30,2,23,2,-46,-46,0
C_TRACK_WITH_THRESHOLD_COMPENSATION,18,65,0,30/30,30/30,30/30,2,23,2,-47,-47,0
C_TRACK_WITH_THRESHOLD_COMPENSATION,18,66,0,30/30,30/30,30/30,2,23,2,-48,-48,0
C_TRACK_WITH_THRESHOLD_COMPENSATION,18,67,0,30/30,30/30,30/30,2,23,2,-49,-49,0
C_TRACK_WITH_THRESHOLD_COMPENSATION,18,68,0,30/30,30/30,30/30,2,23,2,-50,-50,0
C_TRACK_WITH_THRESHOLD_COMPENSATION,18,69,0,30/30,30/30,30/30,2,23,2,-51,-51,0
C_TRACK_WITH_THRESHOLD_COMPENSATION,18,70,0,30/30,30/30,30/30,2,23,2,-52,-52,0
C_TRACK_WITH_THRESHOLD_COMPENSATION,18,71,0,30/30,30/30,30/30,2,23,2,-53,-53,0
C_TRACK_WITH_THRESHOLD_COMPENSATION,18,72,0,30/30,30/30,30/30,2,23,2,-54,-54,0
C_TRACK_WITH_THRESHOLD_COMPENSATION,18,73,0,30/30,30/30,30/30,2,23,2,-55,-55,0
C_TRACK_WITH_THRESHOLD_COMPENSATION,18,74,0,30/30,30/30,30/30,2,23,2,-56,-56,0
C_TRACK_WITH_THRESHOLD_COMPENSATION,18,75,0,30/30,30/30,30/30,2,23,2,-57,-57,0
C_TRACK_WITH_THRESHOLD_COMPENSATION,18,76,0,30/30,30/30,30/30,2,23,2,-58,-58,0
C_TRACK_WITH_THRESHOLD_COMPENSATION,18,77,0,30/30,30/30,30/30,2,23,2,-59,-59,0
C_TRACK_WITH_THRESHOLD_COMPENSATION,18,78,0,30/30,30/30,30/30,2,23,2,-60,-60,0
C_TRACK_WITH_THRESHOLD_COMPENSATION,18,79,0,30/30,30/30,30/30,2,23,2,-61,-61,0
C_TRACK_WITH_THRESHOLD_COMPENSATION,18,80,0,30/30,30/30,30/30,2,23,2,-62,-62,0
C_TRACK_WITH_THRESHOLD_COMPENSATION,18,81,0,30/30,30/30,30/30,2,23,2,-63,-63,0
C_TRACK_WITH_THRESHOLD_COMPENSATION,18,82,0,30/30,30/30,30/30,2,23,2,-64,-64,0
C_TRACK_WITH_THRESHOLD_COMPENSATION,18,83,0,30/30,30/30,30/30,2,23,2,-65,-65,0
C_TRACK_WITH_THRESHOLD_COMPENSATION,18,84,0,30/30,30/30,30/30,2,23,2,-66,-66,0
C_TRACK_WITH_THRESHOLD_COMPENSATION,18,85,0,30/30,30/30,30/30,2,23,2,-67,-67,0
C_TRACK_WITH_THRESHOLD_COMPENSATION,18,86,0,30/30,30/30,30/30,2,23,2,-68,-68,0
C_TRACK_WITH_THRESHOLD_COMPENSATION,18,87,0,30/30,30/30,30/30,2,23,2,-69,-69,0
C_TRACK_WITH_THRESHOLD_COMPENSATION,18,88,0,30/30,30/30,30/30,2,23,2,-70,-70,0
C_TRACK_WITH_THRESHOLD_COMPENSATION,18,89,0,30/30,30/30,30/30,2,23,2,-71,-71,0
C_TRACK_WITH_THRESHOLD_COMPENSATION,18,90,0,30/30,30/30,30/30,2,23,2,-72,-72,0
C_TRACK_WITH_THRESHOLD_COMPENSATION,18,91,0,30/30,30/30,30/30,2,23,2,-73,-73,0
C_TRACK_WITH_THRESHOLD_COMPENSATION,18,92,0,30/30,30/30,30/30,2,23,2,-74,-74,0
C_TRACK_WITH_THRESHOLD_COMPENSATION,18,93,0,30/30,30/30,30/30,2,23,2,-75,-75,0
C_TRACK_WITH_THRESHOLD_COMPENSATION,18,94,0,30/30,30/30,30/30,2,23,2,-76,-76,0
C_TRACK_WITH_THRESHOLD_COMPENSATION,18,95,0,30/30,30/30,30/30,2,23,2,-77,-77,0
C_TRACK_WITH_THRESHOLD_COMPENSATION,18,96,0,30/30,30/30,30/30,2,23,2,-78,-78,0
C_TRACK_WITH_THRESHOLD_COMPENSATION,18,97,0,30/30,30/30,30/30,2,23,2,-79,-79,0
C_TRACK_WITH_THRESHOLD_COMPENSATION,18,98,0,30/30,30/30,30/30,2,23,2,-80,-80,0
C_TRACK_WITH_THRESHOLD_COMPENSATION,18,99,0,30/30,30/30,30/30,2,23,2,-81,-81,0
C_TRACK_WITH_THRESHOLD_COMPENSATION,18,100,0,30/30,30/30,30/30,2,23,2,-82,-82,0
C_TRACK_WITH_THRESHOLD_COMPENSATION,18,101,0,30/30,30/30,30/30,2,23,2,-83,-83,0
C_TRACK_WITH_THRESHOLD_COMPENSATION,18,102,0,30/30,30/30,30/30,2,23,2,-84,-84,0
C_TRACK_WITH_THRESHOLD_COMPENSATION,18,103,0,30/30,30/30,30/30,2,23,2,-85,-85,0
C_TRACK_WITH_THRESHOLD_COMPENSATION,18,104,0,30/30,30/30,30/30,2,23,2,-86,-86,0
C_TRACK_WITH_THRESHOLD_COMPENSATION,18,105,0,30/30,30/30,30/30,2,23,2,-87,-87,0
C_TRACK_WITH_THRESHOLD_COMPENSATION,18,106,0,30/30,30/30,30/30,2,23,2,-88,-88,0
C_TRACK_WITH_THRESHOLD_COMPENSATION,18,107,0,30/30,30/30,30/30,2,23,2,-89,-89,0
C_TRACK_WITH_THRESHOLD_COMPENSATION,18,108,0,30/30,30/30,30/30,2,23,2,-90,-90,0
C_TRACK_WITH_THRESHOLD_COMPENSATION,18,109,0,30/30,30/30,30/30,2,23,2,-91,-91,0
C_TRACK_WITH_THRESHOLD_COMPENSATION,18,110,0,30/30,30/30,30/30,2,23,2,-92,-92,0
C_TRACK_WITH_THRESHOLD_COMPENSATION,18,111,0,30/30,30/30,30/30,2,23,2,-93,-93,0
C_TRACK_WITH_THRESHOLD_COMPENSATION,18,112,0,30/30,30/30,30/30,2,23,2,-94,-94,0
C_TRACK_WITH_THRESHOLD_COMPENSATION,18,113,0,30/30,30/30,30/30,2,23,2,-95,-95,0
C_TRACK_WITH_THRESHOLD_COMPENSATION,18,114,0,30/30,30/30,30/30,2,23,2,-96,-96,0
C_TRACK_WITH_THRESHOLD_COMPENSATION,18,115,0,30/30,30/30,30/30,2,23,2,-97,-97,0
C_TRACK_WITH_THRESHOLD_COMPENSATION,18,116,0,30/30,30/30,30/30,2,23,2,-98,-98,0
C_TRACK_WITH_THRESHOLD_COMPENSATION,18,117,0,30/30,30/30,30/30,2,23,2,-99,-99,0
C_TRACK_WITH_THRESHOLD_COMPENSATION,18,118,0,30/30,30/30,30/30,2,23,2,-100,-100,0
C_TRACK_WITH_THRESHOLD_COMPENSATION,18,119,0,30/30,30/30,30/30,2,23,2,-101,-101,0
C_TRACK_WITH_THRESHOLD_COMPENSATION,18,120,0,30/30,30/30,30/30,2,23,2,-102,-102,0
C_TRACK_WITH_THRESHOLD_COMPENSATION,18,121,0,30/30,30/30,30/30,2,23,2,-103,-103,0
C_TRACK_WITH_THRESHOLD_COMPENSATION,18,122,0,30/30,30/30,30/30,2,23,2,-104,-104,0
C_TRACK_WITH_THRESHOLD_COMPENSATION,18,123,0,30/30,30/30,30/30,2,23,2,-105,-105,0
C_TRACK_WITH_THRESHOLD_COMPENSATION,18,124,0,30/30,30/30,30/30,2,23,2,-106,-106,0
C_TRACK_WITH_THRESHOLD_COMPENSATION,18,125,0,30/30,30/30,30/30,2,23,2,-107,-107,0
C_TRACK_WITH_THRESHOLD_COMPENSATION,18,126,0,30/30,30/30,30/30,2,23,2,-108,-108,0
C_TRACK_WITH_THRESHOLD_COMPENSATION,18,127,0,30/30,30/30,30/30,2,23,2,-109,-109,0
C_TRACK_WITH_THRESHOLD_COMPENSATION,18,128,0,30/30,30/30,30/30,2,23,2,-110,-110,0
C_TRACK_WITH_THRESHOLD_COMPENSATION,18,129,0,30/30,30/30,30/30,2,23,2,-111,-111,0
C_TRACK_WITH_THRESHOLD_COMPENSATION,18,130,0,30/30,30/30,30/30,2,23,2,-112,-112,0
C_TRACK_WITH_THRESHOLD_COMPENSATION,18,131,0,30/30,30/30,30/30,2,23,2,-113,-113,0
C_TRACK_WITH_THRESHOLD_COMPENSATION,18,132,0,30/30,30/30,30/30,2,23,2,-114,-114,0
C_TRACK_WITH_THRESHOLD_COMPENSATION,18,133,0,30/30,30/30,30/30,2,23,2,-115,-115,0
C_TRACK_WITH_THRESHOLD_COMPENSATION,18,134,0,30/30,30/30,30/30,2,23,2,-116,-116,0
C_TRACK_WITH_THRESHOLD_COMPENSATION,18,135,0,30/30,30/30,30/30,2,23,2,-117,-117,0
C_TRACK_WITH_THRESHOLD_COMPENSATION,18,136,0,30/30,30/30,30/30,2,23,2,-118,-118,0
C_TRACK_WITH_THRESHOLD_COMPENSATION,18,137,0,30/30,30/30,30/30,2,23,2,-119,-119,0
C_TRACK_WITH_THRESHOLD_COMPENSATION,18,138,0,30/30,30/30,30/30,2,23,2,-120,-120,0
C_TRACK_WITH_THRESHOLD_COMPENSATION,18,139,0,30/30,30/30,30/30,2,23,2,-121,-121,0
C_TRACK_WITH_THRESHOLD_COMPENSATION,18,140,0,30/30,30/30,30/30,2,23,2,-122,-122,0
C_TRACK_WITH_THRESHOLD_COMPENSATION,18,141,0,30/30,30/30,30/30,2,23,2,-123,-123,0
C_TRACK_WITH_THRESHOLD_COMPENSATION,18,142,0,30/30,30/30,30/30,2,23,2,-124,-124,0
C_TRACK_WITH_THRESHOLD_COMPENSATION,18,143,0,30/30,30/30,30/30,2,23,2,-125,-125,0
C_TRACK_WITH_THRESHOLD_COMPENSATION,18,144,0,30/30,30/30,30/30,2,23,2,-126,-126,0
C_TRACK_WITH_THRESHOLD_COMPENSATION,18,145,0,30/30,30/30,30/30,2,23,2,-127,-127,0
C_TRACK_WITH_THRESHOLD_COMPENSATION,18,146,0,30/30,30/30,30/30,2,23,2,-128,-128,0
C_TRACK_WITH_THRESHOLD_COMPENSATION,18,147,0,30/30,30/30,30/30,2,23,2,-129,-129,0
C_TRACK_WITH_THRESHOLD_COMPENSATION,18,148,0,30/30,30/30,30/30,2,23,2,-130,-130,0
C_TRACK_WITH_THRESHOLD_COMPENSATION,18,149,0,30/30,30/30,30/30,2,23,2,-131,-131,0
C_TRACK_WITH_THRESHOLD_COMPENSATION,18,150,0,30/30,30/30,30/30,2,23,2,-132,-132,0
C_TRACK_WITH_THRESHOLD_COMPENSATION,18,151,0,30/30,30/30,30/30,2,23,2,-133,-133,0
C_TRACK_WITH_THRESHOLD_COMPENSATION,18,152,0,30/30,30/30,30/30,2,23,2,-134,-134,0
C_TRACK_WITH_THRESHOLD_COMPENSATION,18,153,0,30/30,30/30,30/30,2,23,2,-135,-135,0
C_TRACK_WITH_THRESHOLD_COMPENSATION,18,154,0,30/30,30/30,30/30,2,23,2,-136,-136,0
C_TRACK_WITH_THRESHOLD_COMPENSATION,18,155,0,30/30,30/30,30/30,2,23,2,-137,-137,0
C_TRACK_WITH_THRESHOLD_COMPENSATION,18,156,0,30/30,30/30,30/30,2,23,2,-138,-138,0
C_TRACK_WITH_THRESHOLD_COMPENSATION,18,157,0,30/30,30/30,30/30,2,23,2,-139,-139,0
C_TRACK_WITH_THRESHOLD_COMPENSATION,18,158,0,30/30,30/30,30/30,2,23,2,-140,-140,0
C_TRACK_WITH_THRESHOLD_COMPENSATION,18,159,0,30/30,30/30,30/30,2,23,2,-141,-141,0
C_TRACK_WITH_THRESHOLD_COMPENSATION,18,160,0,30/30,30/30,30/30,2,23,2,-142,-142,0
C_TRACK_WITH_THRESHOLD_COMPENSATION,18,161,0,30/30,30/30,30/30,2,23,2,-143,-143,0
C_TRACK_WITH_THRESHOLD_COMPENSATION,18,162,0,30/30,30/30,30/30,2,23,2,-144,-144,0
C_TRACK_WITH_THRESHOLD_COMPENSATION,18,163,0,30/30,30/30,30/30,2,23,2,-145,-145,0
C_TRACK_WITH_THRESHOLD_COMPENSATION,18,164,0,30/30,30/30,30/30,2,23,2,-146,-146,0
C_TRACK_WITH_THRESHOLD_COMPENSATION,18,165,0,30/30,30/30,30/30,2,23,2,-147,-147,0
C_TRACK_WITH_THRESHOLD_COMPENSATION,18,166,0,30/30,30/30,30/30,2,23,2,-148,-148,0
C_TRACK_WITH_THRESHOLD_COMPENSATION,18,167,0,30/30,30/30,30/30,2,23,2,-149,-149,0
C_TRACK_WITH_THRESHOLD_COMPENSATION,18,168,0,30/30,30/30,30/30,2,23,2,-150,-150,0
C_TRACK_WITH_THRESHOLD_COMPENSATION,18,169,0,30/30,30/30,30/30,2,23,2,-151,-151,0
C_TRACK_WITH_THRESHOLD_COMPENSATION,18,170,0,30/30,30/30,30/30,2,23,2,-152,-152,0
C_TRACK_WITH_THRESHOLD_COMPENSATION,18,171,0,30/30,30/30,30/30,2,23,2,-153,-153,0
C_TRACK_WITH_THRESHOLD_COMPENSATION,18,172,0,30/30,30/30,30/30,2,23,2,-154,-154,0
C_TRACK_WITH_THRESHOLD_COMPENSATION,18,173,0,30/30,30/30,30/30,2,23,2,-155,-155,0
C_TRACK_WITH_THRESHOLD_COMPENSATION,18,174,0,30/30,30/30,30/30,2,23,2,-156,-156,0
C_TRACK_WITH_THRESHOLD_COMPENSATION,18,175,0,30/30,30/30,30/30,2,23,2,-157,-157,0
C_TRACK_WITH_THRESHOLD_COMPENSATION,18,176,0,30/30,30/30,30/30,2,23,2,-158,-158,0
C_TRACK_WITH_THRESHOLD_COMPENSATION,18,177,0,30/30,30/30,30/30,2,23,2,-159,-159,0
C_TRACK_WITH_THRESHOLD_COMPENSATION,18,178,0,30/30,30/30,30/30,2,23,2,-160,-160,0
C_TRACK_WITH_THRESHOLD_COMPENSATION,18,179,0,30/30,30/30,30/30,2,23,2,-161,-161,0
C_TRACK_WITH_THRESHOLD_COMPENSATION,18,180,0,30/30,30/30,30/30,2,23,2,-162,-162,0
C_TRACK_WITH_THRESHOLD_COMPENSATION,18,181,0,30/30,30/30,30/30,2,23,2,-163,-163,0
C_TRACK_WITH_THRESHOLD_COMPENSATION,18,182,0,30/30,30/30,30/30,2,23,2,-164,-164,0
C_TRACK_WITH_THRESHOLD_COMPENSATION,18,183,0,30/30,30/30,30/30,2,23,2,-165,-165,0
C_TRACK_WITH_THRESHOLD_COMPENSATION,18,184,0,30/30,30/30,30/30,2,23,2,-166,-166,0
C_TRACK_WITH_THRESHOLD_COMPENSATION,18,185,0,30/30,30/30,30/30,2,23,2,-167,-167,0
C_TRACK_WITH_THRESHOLD_COMPENSATION,18,186,0,30/30,30/30,30/30,2,23,2,-168,-168,0
C_TRACK_WITH_THRESHOLD_COMPENSATION,18,187,0,30/30,30/30,30/30,2,23,2,-169,-169,0
C_TRACK_WITH_THRESHOLD_COMPENSATION,18,188,0,30/30,30/30,30/30,2,23,2,-170,-170,0
C_TRACK_WITH_THRESHOLD_COMPENSATION,18,189,0,30/30,30/30,30/30,2,23,2,-171,-171,0
C_TRACK_WITH_THRESHOLD_COMPENSATION,18,190,0,30/30,30/30,30/30,2,23,2,-172,-172,0
C_TRACK_WITH_THRESHOLD_COMPENSATION,18,191,0,30/30,30/30,30/30,2,23,2,-173,-173,0
C_TRACK_WITH_THRESHOLD_COMPENSATION,18,192,0,30/30,30/30,30/30,2,23,2,-174,-174,0
C_TRACK_WITH_THRESHOLD_COMPENSATION,18,193,0,30/30,30/30,30/30,2,23,2,-175,-175,0
C_TRACK_WITH_THRESHOLD_COMPENSATION,18,194,0,30/30,30/30,30/30,2,23,2,-176,-176,0
C_TRACK_WITH_THRESHOLD_COMPENSATION,18,195,0,30/30,30/30,30/30,2,23,2,-177,-177,0
C_TRACK_WITH_THRESHOLD_COMPENSATION,18,196,0,30/30,30/30,30/30,2,23,2,-178,-178,0
C_TRACK_WITH_THRESHOLD_COMPENSATION,18,197,0,30/30,30/30,30/30,2,23,2,-179,-179,0
C_TRACK_WITH_THRESHOLD_COMPENSATION,18,198,0,30/30,30/30,30/30,2,23,2,-180,-180,0
C_TRACK_WITH_THRESHOLD_COMPENSATION,18,199,0,30/30,30/30,30/30,2,23,2,-181,-181,0
C_TRACK_WITH_THRESHOLD_COMPENSATION,18,200,0,30/30,30/30,30/30,2,23,2,-182,-182,0
C_TRACK_WITH_THRESHOLD_COMPENSATION,19,-153,0,30/30,30/30,30/30,1,22,1,172,172,1
C_TRACK_WITH_THRESHOLD_COMPENSATION,19,-152,0,30/30,30/30,30/30,1,22,1,171,171,1
C_TRACK_WITH_THRESHOLD_COMPENSATION,19,-151,0,30/30,30/30,30/30,1,22,1,170,170,1
C_TRACK_WITH_THRESHOLD_COMPENSATION,19,-150,0,30/30,30/30,30/30,1,22,1,169,169,1
C_TRACK_WITH_THRESHOLD_COMPENSATION,19,-149,0,30/30,30/30,30/30,1,22,1,168,168,1
C_TRACK_WITH_THRESHOLD_COMPENSATION,19,-148,0,30/30,30/30,30/30,1,22,1,167,167,1
C_TRACK_WITH_THRESHOLD_COMPENSATION,19,-147,0,30/30,30/30,30/30,1,22,1,166,166,1
C_TRACK_WITH_THRESHOLD_COMPENSATION,19,-146,0,30/30,30/30,30/30,1,22,1,165,165,1
C_TRACK_WITH_THRESHOLD_COMPENSATION,19,-145,0,30/30,30/30,30/30,1,22,1,164,164,1
C_TRACK_WITH_THRESHOLD_COMPENSATION,19,-144,0,30/30,30/30,30/30,1,22,1,163,163,1
C_TRACK_WITH_THRESHOLD_COMPENSATION,19,-143,0,30/30,30/30,30/30,1,22,1,162,162,1
C_TRACK_WITH_THRESHOLD_COMPENSATION,19,-142,0,30/30,30/30,30/30,1,22,1,161,161,1
C_TRACK_WITH_THRESHOLD_COMPENSATION,19,-141,0,30/30,30/30,30/30,1,22,1,160,160,1
C_TRACK_WITH_THRESHOLD_COMPENSATION,19,-140,0,30/30,30/30,30/30,1,22,1,159,159,1
C_TRACK_WITH_THRESHOLD_COMPENSATION,19,-139,0,30/30,30/30,30/30,1,22,1,158,158,1
C_TRACK_WITH_THRESHOLD_COMPENSATION,19,-138,0,30/30,30/30,30/30,1,22,1,157,157,1
C_TRACK_WITH_THRESHOLD_COMPENSATION,19,-137,0,30/30,30/30,30/30,1,22,1,156,156,1
C_TRACK_WITH_THRESHOLD_COMPENSATION,19,-136,0,30/30,30/30,30/30,1,22,1,155,155,1
C_TRACK_WITH_THRESHOLD_COMPENSATION,19,-135,0,30/30,30/30,30/30,1,22,1,154,154,1
C_TRACK_WITH_THRESHOLD_COMPENSATION,19,-134,0,30/30,30/30,30/30,1,22,1,153,153,1
C_TRACK_WITH_THRESHOLD_COMPENSATION,19,-133,0,30/30,30/30,30/30,1,22,1,152,152,1
C_TRACK_WITH_THRESHOLD_COMPENSATION,19,-132,0,30/30,30/30,30/30,1,22,1,151,151,1
C_TRACK_WITH_THRESHOLD_COMPENSATION,19,-131,0,30/30,30/30,30/30,1,22,1,150,150,1
C_TRACK_WITH_THRESHOLD_COMPENSATION,19,-130,0,30/30,30/30,30/30,1,22,1,149,149,1
C_TRACK_WITH_THRESHOLD_COMPENSATION,19,-129,0,30/30,30/30,30/30,1,22,1,148,148,1
C_TRACK_WITH_THRESHOLD_COMPENSATION,19,-128,0,30/30,30/30,30/30,1,22,1,147,147,1
C_TRACK_WITH_THRESHOLD_COMPENSATION,19,-127,0,30/30,30/30,30/30,1,22,1,146,146,1
C_TRACK_WITH_THRESHOLD_COMPENSATION,19,-126,0,30/30,30/30,30/30,1,22,1,145,145,1
C_TRACK_WITH_THRESHOLD_COMPENSATION,19,-125,0,30/30,30/30,30/30,1,22,1,144,144,1
C_TRACK_WITH_THRESHOLD_COMPENSATION,19,-124,0,30/30,30/30,30/30,1,22,1,143,143,1
C_TRACK_WITH_THRESHOLD_COMPENSATION,19,-123,0,30/30,30/30,30/30,1,22,1,142,142,1
C_TRACK_WITH_THRESHOLD_COMPENSATION,19,-122,0,30/30,30/30,30/30,1,22,1,141,141,1
C_TRACK_WITH_THRESHOLD_COMPENSATION,19,-121,0,30/30,30/30,30/30,1,22,1,140,140,1
C_TRACK_WITH_THRESHOLD_COMPENSATION,19,-120,0,30/30,30/30,30/30,1,22,1,139,139,1
C_TRACK_WITH_THRESHOLD_COMPENSATION,19,-119,0,30/30,30/30,30/30,1,22,1,138,138,1
C_TRACK_WITH_THRESHOLD_COMPENSATION,19,-118,0,30/30,30/30,30/30,1,22,1,137,137,1
C_TRACK_WITH_THRESHOLD_COMPENSATION,19,-117,0,30/30,30/30,30/30,1,22,1,136,136,1
C_TRACK_WITH_THRESHOLD_COMPENSATION,19,-116,0,30/30,30/30,30/30,1,22,1,135,135,1
C_TRACK_WITH_THRESHOLD_COMPENSATION,19,-115,0,30/30,30/30,30/30,1,22,1,134,134,1
C_TRACK_WITH_THRESHOLD_COMPENSATION,19,-114,0,30/30,30/30,30/30,1,22,1,133,133,1
C_TRACK_WITH_THRESHOLD_COMPENSATION,19,-113,0,30/30,30/30,30/30,1,22,1,132,132,1
C_TRACK_WITH_THRESHOLD_COMPENSATION,19,-112,0,30/30,30/30,30/30,1,22,1,131,131,1
C_TRACK_WITH_THRESHOLD_COMPENSATION,19,-111,0,30/30,30/30,30/30,1,22,1,130,130,1
C_TRACK_WITH_THRESHOLD_COMPENSATION,19,-110,0,30/30,30/30,30/30,1,22,1,129,129,1
C_TRACK_WITH_THRESHOLD_COMPENSATION,19,-109,0,30/30,30/30,30/30,1,22,1,128,128,1
C_TRACK_WITH_THRESHOLD_COMPENSATION,19,-108,0,30/30,30/30,30/30,1,22,1,127,127,1
C_TRACK_WITH_THRESHOLD_COMPENSATION,19,-107,0,30/30,30/30,30/30,1,22,1,126,126,1
C_TRACK_WITH_THRESHOLD_COMPENSATION,19,-106,0,30/30,30/30,30/30,1,22,1,125,125,1
C_TRACK_WITH_THRESHOLD_COMPENSATION,19,-105,0,30/30,30/30,30/30,1,22,1,124,124,1
C_TRACK_WITH_THRESHOLD_COMPENSATION,19,-104,0,30/30,30/30,30/30,1,22,1,123,123,1
C_TRACK_WITH_THRESHOLD_COMPENSATION,19,-103,0,30/30,30/30,30/30,1,22,1,122,122,1
C_TRACK_WITH_THRESHOLD_COMPENSATION,19,-102,0,30/30,30/30,30/30,1,22,1,121,121,1
C_TRACK_WITH_THRESHOLD_COMPENSATION,19,-101,0,30/30,30/30,30/30,1,22,1,120,120,1
C_TRACK_WITH_THRESHOLD_COMPENSATION,19,-100,0,30/30,30/30,30/30,1,22,1,119,119,1
C_TRACK_WITH_THRESHOLD_COMPENSATION,19,-99,0,30/30,30/30,30/30,1,22,1,118,118,1
C_TRACK_WITH_THRESHOLD_COMPENSATION,19,-98,0,30/30,30/30,30/30,1,22,1,117,117,1
C_TRACK_WITH_THRESHOLD_COMPENSATION,19,-97,0,30/30,30/30,30/30,1,22,1,116,116,1
C_TRACK_WITH_THRESHOLD_COMPENSATION,19,-96,0,30/30,30/30,30/30,1,22,1,115,115,1
C_TRACK_WITH_THRESHOLD_COMPENSATION,19,-95,0,30/30,30/30,30/30,1,22,1,114,114,1
C_TRACK_WITH_THRESHOLD_COMPENSATION,19,-94,0,30/30,30/30,30/30,1,22,1,113,113,1
C_TRACK_WITH_THRESHOLD_COMPENSATION,19,-93,0,30/30,30/30,30/30,1,22,1,112,112,1
C_TRACK_WITH_THRESHOLD_COMPENSATION,19,-92,0,30/30,30/30,30/30,1,22,1,111,111,1
C_TRACK_WITH_THRESHOLD_COMPENSATION,19,-91,0,30/30,30/30,30/30,1,22,1,110,110,1
C_TRACK_WITH_THRESHOLD_COMPENSATION,19,-90,0,30/30,30/30,30/30,1,22,1,109,109,1
C_TRACK_WITH_THRESHOLD_COMPENSATION,19,-89,0,30/30,30/30,30/30,1,22,1,108,108,1
C_TRACK_WITH_THRESHOLD_COMPENSATION,19,-88,0,30/30,30/30,30/30,1,22,1,107,107,1
C_TRACK_WITH_THRESHOLD_COMPENSATION,19,-87,0,30/30,30/30,30/30,1,22,1,106,106,1
C_TRACK_WITH_THRESHOLD_COMPENSATION,19,-86,0,30/30,30/30,30/30,1,22,1,105,105,1
C_TRACK_WITH_THRESHOLD_COMPENSATION,19,-85,0,30/30,30/30,30/30,1,22,1,104,104,1
C_TRACK_WITH_THRESHOLD_COMPENSATION,19,-84,0,30/30,30/30,30/30,1,22,1,103,103,1
C_TRACK_WITH_THRESHOLD_COMPENSATION,19,-83,0,30/30,30/30,30/30,1,22,1,102,102,1
C_TRACK_WITH_THRESHOLD_COMPENSATION,19,-82,0,30/30,30/30,30/30,1,22,1,101,101,1
C_TRACK_WITH_THRESHOLD_COMPENSATION,19,-81,0,30/30,30/30,30/30,1,22,1,100,100,1
C_TRACK_WITH_THRESHOLD_COMPENSATION,19,-80,0,30/30,30/30,30/30,1,22,1,99,99,1
C_TRACK_WITH_THRESHOLD_COMPENSATION,19,-79,0,30/30,30/30,30/30,1,22,1,98,98,1
C_TRACK_WITH_THRESHOLD_COMPENSATION,19,-78,0,30/30,30/30,30/30,1,22,1,97,97,1
C_TRACK_WITH_THRESHOLD_COMPENSATION,19,-77,0,30/30,30/30,30/30,1,22,1,96,96,1
C_TRACK_WITH_THRESHOLD_COMPENSATION,19,-76,0,30/30,30/30,30/30,1,22,1,95,95,1
C_TRACK_WITH_THRESHOLD_COMPENSATION,19,-75,0,30/30,30/30,30/30,1,22,1,94,94,1
C_TRACK_WITH_THRESHOLD_COMPENSATION,19,-74,0,30/30,30/30,30/30,1,22,1,93,93,1
C_TRACK_WITH_THRESHOLD_COMPENSATION,19,-73,0,30/30,30/30,30/30,1,22,1,92,92,1
C_TRACK_WITH_THRESHOLD_COMPENSATION,19,-72,0,30/30,30/30,30/30,1,22,1,91,91,1
C_TRACK_WITH_THRESHOLD_COMPENSATION,19,-71,0,30/30,30/30,30/30,1,22,1,90,90,1
C_TRACK_WITH_THRESHOLD_COMPENSATION,19,-70,0,30/30,30/30,30/30,1,22,1,89,89,1
C_TRACK_WITH_THRESHOLD_COMPENSATION,19,-69,0,30/30,30/30,30/30,1,22,1,88,88,1
C_TRACK_WITH_THRESHOLD_COMPENSATION,19,-68,0,30/30,30/30,30/30,1,22,1,87,87,1
C_TRACK_WITH_THRESHOLD_COMPENSATION,19,-67,0,30/30,30/30,30/30,1,22,1,86,86,1
C_TRACK_WITH_THRESHOLD_COMPENSATION,19,-66,0,30/30,30/30,30/30,1,22,1,85,85,1
C_TRACK_WITH_THRESHOLD_COMPENSATION,19,-65,0,30/30,30/30,30/30,1,22,1,84,84,1
C_TRACK_WITH_THRESHOLD_COMPENSATION,19,-64,0,30/30,30/30,30/30,1,22,1,83,83,1
C_TRACK_WITH_THRESHOLD_COMPENSATION,19,-63,0,30/30,30/30,30/30,1,22,1,82,82,1
C_TRACK_WITH_THRESHOLD_COMPENSATION,19,-62,0,30/30,30/30,30/30,1,22,1,81,81,1
C_TRACK_WITH_THRESHOLD_COMPENSATION,19,-61,0,30/30,30/30,30/30,1,22,1,80,80,1
C_TRACK_WITH_THRESHOLD_COMPENSATION,19,-60,0,30/30,30/30,30/30,1,22,1,79,79,1
C_TRACK_WITH_THRESHOLD_COMPENSATION,19,-59,0,30/30,30/30,30/30,1,22,1,78,78,1
C_TRACK_WITH_THRESHOLD_COMPENSATION,19,-58,0,30/30,30/30,30/30,1,22,1,77,77,1
C_TRACK_WITH_THRESHOLD_COMPENSATION,19,-57,0,30/30,30/30,30/30,1,22,1,76,76,1
C_TRACK_WITH_THRESHOLD_COMPENSATION,19,-56,0,30/30,30/30,30/30,1,22,1,75,75,1
C_TRACK_WITH_THRESHOLD_COMPENSATION,19,-55,0,30/30,30/30,30/30,1,22,1,74,74,1
C_TRACK_WITH_THRESHOLD_COMPENSATION,19,-54,0,30/30,30/30,30/30,1,22,1,73,73,1
C_TRACK_WITH_THRESHOLD_COMPENSATION,19,-53,0,30/30,30/30,30/30,1,22,1,72,72,1
C_TRACK_WITH_THRESHOLD_COMPENSATION,19,-52,0,30/30,30/30,30/30,1,22,1,71,71,1
C_TRACK_WITH_THRESHOLD_COMPENSATION,19,-51,0,30/30,30/30,30/30,1,22,1,70,70,1
C_TRACK_WITH_THRESHOLD_COMPENSATION,19,-50,0,30/30,30/30,30/30,1,22,1,69,69,1
C_TRACK_WITH_THRESHOLD_COMPENSATION,19,-49,0,30/30,30/30,30/30,1,22,1,68,68,1
C_TRACK_WITH_THRESHOLD_COMPENSATION,19,-48,0,30/30,30/30,30/30,1,22,1,67,67,1
C_TRACK_WITH_THRESHOLD_COMPENSATION,19,-47,0,30/30,30/30,30/30,1,22,1,66,66,1
C_TRACK_WITH_THRESHOLD_COMPENSATION,19,-46,0,30/30,30/30,30/30,1,22,1,65,65,1
C_TRACK_WITH_THRESHOLD_COMPENSATION,19,-45,0,30/30,30/30,30/30,1,22,1,64,64,1
C_TRACK_WITH_THRESHOLD_COMPENSATION,19,-44,0,30/30,30/30,30/30,1,22,1,63,63,1
C_TRACK_WITH_THRESHOLD_COMPENSATION,19,-43,0,30/30,30/30,30/30,1,22,1,62,62,1
C_TRACK_WITH_THRESHOLD_COMPENSATION,19,-42,0,30/30,30/30,30/30,1,22,1,61,61,1
C_TRACK_WITH_THRESHOLD_COMPENSATION,19,-41,0,30/30,30/30,30/30,1,22,1,60,60,1
C_TRACK_WITH_THRESHOLD_COMPENSATION,19,-40,0,30/30,30/30,30/30,1,22,1,59,59,1
C_TRACK_WITH_THRESHOLD_COMPENSATION,19,-39,0,30/30,30/30,30/30,1,22,1,58,58,1
C_TRACK_WITH_THRESHOLD_COMPENSATION,19,-38,0,30/30,30/30,30/30,1,22,1,57,57,1
C_TRACK_WITH_THRESHOLD_COMPENSATION,19,-37,0,30/30,30/30,30/30,1,22,1,56,56,1
C_TRACK_WITH_THRESHOLD_COMPENSATION,19,-36,0,30/30,30/30,30/30,1,22,1,55,55,1
C_TRACK_WITH_THRESHOLD_COMPENSATION,19,-35,0,30/30,30/30,30/30,1,22,1,54,54,1
C_TRACK_WITH_THRESHOLD_COMPENSATION,19,-34,0,30/30,30/30,30/30,1,22,1,53,53,1
C_TRACK_WITH_THRESHOLD_COMPENSATION,19,-33,0,30/30,30/30,30/30,1,22,1,52,52,1
C_TRACK_WITH_THRESHOLD_COMPENSATION,19,-32,0,30/30,30/30,30/30,1,22,1,51,51,1
C_TRACK_WITH_THRESHOLD_COMPENSATION,19,-31,0,30/30,30/30,30/30,1,22,1,50,50,1
C_TRACK_WITH_THRESHOLD_COMPENSATION,19,-30,0,30/30,30/30,30/30,1,22,1,49,49,1
C_TRACK_WITH_THRESHOLD_COMPENSATION,19,-29,0,30/30,30/30,30/30,1,22,1,48,48,1
C_TRACK_WITH_THRESHOLD_COMPENSATION,19,-28,0,30/30,30/30,30/30,1,22,1,47,47,1
C_TRACK_WITH_THRESHOLD_COMPENSATION,19,-27,0,30/30,30/30,30/30,1,22,1,46,46,1
C_TRACK_WITH_THRESHOLD_COMPENSATION,19,-26,0,30/30,30/30,30/30,1,22,1,45,45,1
C_TRACK_WITH_THRESHOLD_COMPENSATION,19,-25,0,30/30,30/30,30/30,1,22,1,44,44,1
C_TRACK_WITH_THRESHOLD_COMPENSATION,19,-24,0,30/30,30/30,30/30,1,22,1,43,43,1
C_TRACK_WITH_THRESHOLD_COMPENSATION,19,-23,0,30/30,30/30,30/30,1,22,1,42,42,1
C_TRACK_WITH_THRESHOLD_COMPENSATION,19,-22,0,30/30,30/30,30/30,1,22,1,41,41,1
C_TRACK_WITH_THRESHOLD_COMPENSATION,19,-21,0,30/30,30/30,30/30,1,22,1,40,40,1
C_TRACK_WITH_THRESHOLD_COMPENSATION,19,-20,0,30/30,30/30,30/30,1,22,1,39,39,1
C_TRACK_WITH_THRESHOLD_COMPENSATION,19,-19,0,30/30,30/30,30/30,1,22,1,38,38,1
C_TRACK_WITH_THRESHOLD_COMPENSATION,19,-18,0,30/30,30/30,30/30,1,22,1,37,37,1
C_TRACK_WITH_THRESHOLD_COMPENSATION,19,-17,0,30/30,30/30,30/30,1,22,1,36,36,1
C_TRACK_WITH_THRESHOLD_COMPENSATION,19,-16,0,30/30,30/30,30/30,1,22,1,35,35,1
C_TRACK_WITH_THRESHOLD_COMPENSATION,19,-15,0,30/30,30/30,30/30,1,22,1,34,34,1
C_TRACK_WITH_THRESHOLD_COMPENSATION,19,-14,0,30/30,30/30,30/30,1,22,1,33,33,1
C_TRACK_WITH_THRESHOLD_COMPENSATION,19,-13,0,30/30,30/30,30/30,1,22,1,32,32,1
C_TRACK_WITH_THRESHOLD_COMPENSATION,19,-12,0,30/30,30/30,30/30,1,22,1,31,31,1
C_TRACK_WITH_THRESHOLD_COMPENSATION,19,-11,0,30/30,30/30,30/30,1,22,1,30,30,1
C_TRACK_WITH_THRESHOLD_COMPENSATION,19,-10,0,30/30,30/30,30/30,1,22,1,29,29,1
C_TRACK_WITH_THRESHOLD_COMPENSATION,19,-9,0,30/30,30/30,30/30,1,22,1,28,28,1
C_TRACK_WITH_THRESHOLD_COMPENSATION,19,-8,0,30/30,30/30,30/30,1,22,1,27,27,1
C_TRACK_WITH_THRESHOLD_COMPENSATION,19,-7,0,30/30,30/30,30/30,1,22,1,26,26,1
C_TRACK_WITH_THRESHOLD_COMPENSATION,19,-6,0,30/30,30/30,30/30,1,22,1,25,25,1
C_TRACK_WITH_THRESHOLD_COMPENSATION,19,-5,0,30/30,30/30,30/30,1,22,1,24,24,1
C_TRACK_WITH_THRESHOLD_COMPENSATION,19,-4,0,30/30,30/30,30/30,1,22,1,23,23,1
C_TRACK_WITH_THRESHOLD_COMPENSATION,19,-3,0,30/30,30/30,30/30,1,22,1,22,22,1
C_TRACK_WITH_THRESHOLD_COMPENSATION,19,-2,0,30/30,30/30,30/30,1,22,1,21,21,1
C_TRACK_WITH_THRESHOLD_COMPENSATION,19,-1,0,30/30,30/30,30/30,1,22,1,20,20,1
C_TRACK_WITH_THRESHOLD_COMPENSATION,19,0,0,30/30,30/30,30/30,1,22,1,19,19,1
C_TRACK_WITH_THRESHOLD_COMPENSATION,19,1,0,30/30,30/30,30/30,1,22,1,18,18,1
C_TRACK_WITH_THRESHOLD_COMPENSATION,19,2,0,30/30,30/30,30/30,1,22,1,17,17,1
C_TRACK_WITH_THRESHOLD_COMPENSATION,19,3,0,30/30,30/30,30/30,1,22,1,16,16,1
C_TRACK_WITH_THRESHOLD_COMPENSATION,19,4,0,30/30,30/30,30/30,1,22,1,15,15,1
C_TRACK_WITH_THRESHOLD_COMPENSATION,19,5,0,30/30,30/30,30/30,1,22,1,14,14,1
C_TRACK_WITH_THRESHOLD_COMPENSATION,19,6,0,30/30,30/30,30/30,1,22,1,13,13,1
C_TRACK_WITH_THRESHOLD_COMPENSATION,19,7,0,30/30,30/30,30/30,1,22,1,12,12,1
C_TRACK_WITH_THRESHOLD_COMPENSATION,19,8,0,30/30,30/30,30/30,1,22,1,11,11,1
C_TRACK_WITH_THRESHOLD_COMPENSATION,19,9,0,30/30,30/30,30/30,1,22,1,10,10,1
C_TRACK_WITH_THRESHOLD_COMPENSATION,19,10,0,30/30,30/30,30/30,1,22,1,9,9,1
C_TRACK_WITH_THRESHOLD_COMPENSATION,19,11,0,30/30,30/30,30/30,1,22,1,8,8,1
C_TRACK_WITH_THRESHOLD_COMPENSATION,19,12,0,30/30,30/30,30/30,1,22,1,7,7,1
C_TRACK_WITH_THRESHOLD_COMPENSATION,19,13,0,30/30,30/30,30/30,1,22,1,6,6,1
C_TRACK_WITH_THRESHOLD_COMPENSATION,19,14,0,30/30,30/30,30/30,1,22,1,5,5,1
C_TRACK_WITH_THRESHOLD_COMPENSATION,19,15,0,30/30,30/30,30/30,1,22,1,4,4,1
C_TRACK_WITH_THRESHOLD_COMPENSATION,19,16,0,30/30,30/30,30/30,1,22,1,3,3,1
C_TRACK_WITH_THRESHOLD_COMPENSATION,19,17,0,30/30,30/30,30/30,1,22,1,2,2,1
C_TRACK_WITH_THRESHOLD_COMPENSATION,19,18,0,30/30,30/30,30/30,1,22,1,1,1,1
C_TRACK_WITH_THRESHOLD_COMPENSATION,19,19,0,30/30,30/30,30/30,1,22,1,0,0,1
C_TRACK_WITH_THRESHOLD_COMPENSATION,19,20,0,30/30,30/30,30/30,1,22,1,-1,-1,0
C_TRACK_WITH_THRESHOLD_COMPENSATION,19,21,0,30/30,30/30,30/30,1,22,1,-2,-2,0
C_TRACK_WITH_THRESHOLD_COMPENSATION,19,22,0,30/30,30/30,30/30,1,22,1,-3,-3,0
C_TRACK_WITH_THRESHOLD_COMPENSATION,19,23,0,30/30,30/30,30/30,1,22,1,-4,-4,0
C_TRACK_WITH_THRESHOLD_COMPENSATION,19,24,0,30/30,30/30,30/30,1,22,1,-5,-5,0
C_TRACK_WITH_THRESHOLD_COMPENSATION,19,25,0,30/30,30/30,30/30,1,22,1,-6,-6,0
C_TRACK_WITH_THRESHOLD_COMPENSATION,19,26,0,30/30,30/30,30/30,1,22,1,-7,-7,0
C_TRACK_WITH_THRESHOLD_COMPENSATION,19,27,0,30/30,30/30,30/30,1,22,1,-8,-8,0
C_TRACK_WITH_THRESHOLD_COMPENSATION,19,28,0,30/30,30/30,30/30,1,22,1,-9,-9,0
C_TRACK_WITH_THRESHOLD_COMPENSATION,19,29,0,30/30,30/30,30/30,1,22,1,-10,-10,0
C_TRACK_WITH_THRESHOLD_COMPENSATION,19,30,0,30/30,30/30,30/30,1,22,1,-11,-11,0
C_TRACK_WITH_THRESHOLD_COMPENSATION,19,31,0,30/30,30/30,30/30,1,22,1,-12,-12,0
C_TRACK_WITH_THRESHOLD_COMPENSATION,19,32,0,30/30,30/30,30/30,1,22,1,-13,-13,0
C_TRACK_WITH_THRESHOLD_COMPENSATION,19,33,0,30/30,30/30,30/30,1,22,1,-14,-14,0
C_TRACK_WITH_THRESHOLD_COMPENSATION,19,34,0,30/30,30/30,30/30,1,22,1,-15,-15,0
C_TRACK_WITH_THRESHOLD_COMPENSATION,19,35,0,30/30,30/30,30/30,1,22,1,-16,-16,0
C_TRACK_WITH_THRESHOLD_COMPENSATION,19,36,0,30/30,30/30,30/30,1,22,1,-17,-17,0
C_TRACK_WITH_THRESHOLD_COMPENSATION,19,37,0,30/30,30/30,30/30,1,22,1,-18,-18,0
C_TRACK_WITH_THRESHOLD_COMPENSATION,19,38,0,30/30,30/30,30/30,1,22,1,-19,-19,0
C_TRACK_WITH_THRESHOLD_COMPENSATION,19,39,0,30/30,30/30,30/30,1,22,1,-20,-20,0
C_TRACK_WITH_THRESHOLD_COMPENSATION,19,40,0,30/30,30/30,30/30,1,22,1,-21,-21,0
C_TRACK_WITH_THRESHOLD_COMPENSATION,19,41,0,30/30,30/30,30/30,1,22,1,-22,-22,0
C_TRACK_WITH_THRESHOLD_COMPENSATION,19,42,0,30/30,30/30,30/30,1,22,1,-23,-23,0
C_TRACK_WITH_THRESHOLD_COMPENSATION,19,43,0,30/30,30/30,30/30,1,22,1,-24,-24,0
C_TRACK_WITH_THRESHOLD_COMPENSATION,19,44,0,30/30,30/30,30/30,1,22,1,-25,-25,0
C_TRACK_WITH_THRESHOLD_COMPENSATION,19,45,0,30/30,30/30,30/30,1,22,1,-26,-26,0
C_TRACK_WITH_THRESHOLD_COMPENSATION,19,46,0,30/30,30/30,30/30,1,22,1,-27,-27,0
C_TRACK_WITH_THRESHOLD_COMPENSATION,19,47,0,30/30,30/30,30/30,1,22,1,-28,-28,0
C_TRACK_WITH_THRESHOLD_COMPENSATION,19,48,0,30/30,30/30,30/30,1,22,1,-29,-29,0
C_TRACK_WITH_THRESHOLD_COMPENSATION,19,49,0,30/30,30/30,30/30,1,22,1,-30,-30,0
C_TRACK_WITH_THRESHOLD_COMPENSATION,19,50,0,30/30,30/30,30/30,1,22,1,-31,-31,0
C_TRACK_WITH_THRESHOLD_COMPENSATION,19,51,0,30/30,30/30,30/30,1,22,1,-32,-32,0
C_TRACK_WITH_THRESHOLD_COMPENSATION,19,52,0,30/30,30/30,30/30,1,22,1,-33,-33,0
C_TRACK_WITH_THRESHOLD_COMPENSATION,19,53,0,30/30,30/30,30/30,1,22,1,-34,-34,0
C_TRACK_WITH_THRESHOLD_COMPENSATION,19,54,0,30/30,30/30,30/30,1,22,1,-35,-35,0
C_TRACK_WITH_THRESHOLD_COMPENSATION,19,55,0,30/30,30/30,30/30,1,22,1,-36,-36,0
C_TRACK_WITH_THRESHOLD_COMPENSATION,19,56,0,30/30,30/30,30/30,1,22,1,-37,-37,0
C_TRACK_WITH_THRESHOLD_COMPENSATION,19,57,0,30/30,30/30,30/30,1,22,1,-38,-38,0
C_TRACK_WITH_THRESHOLD_COMPENSATION,19,58,0,30/30,30/30,30/30,1,22,1,-39,-39,0
C_TRACK_WITH_THRESHOLD_COMPENSATION,19,59,0,30/30,30/30,30/30,1,22,1,-40,-40,0
C_TRACK_WITH_THRESHOLD_COMPENSATION,19,60,0,30/30,30/30,30/30,1,22,1,-41,-41,0
C_TRACK_WITH_THRESHOLD_COMPENSATION,19,61,0,30/30,30/30,30/30,1,22,1,-42,-42,0
C_TRACK_WITH_THRESHOLD_COMPENSATION,19,62,0,30/30,30/30,30/30,1,22,1,-43,-43,0
C_TRACK_WITH_THRESHOLD_COMPENSATION,19,63,0,30/30,30/30,30/30,1,22,1,-44,-44,0
C_TRACK_WITH_THRESHOLD_COMPENSATION,19,64,0,30/30,30/30,30/30,1,22,1,-45,-45,0
C_TRACK_WITH_THRESHOLD_COMPENSATION,19,65,0,30/30,30/30,30/30,1,22,1,-46,-46,0
C_TRACK_WITH_THRESHOLD_COMPENSATION,19,66,0,30/30,30/30,30/30,1,22,1,-47,-47,0
C_TRACK_WITH_THRESHOLD_COMPENSATION,19,67,0,30/30,30/30,30/30,1,22,1,-48,-48,0
C_TRACK_WITH_THRESHOLD_COMPENSATION,19,68,0,30/30,30/30,30/30,1,22,1,-49,-49,0
C_TRACK_WITH_THRESHOLD_COMPENSATION,19,69,0,30/30,30/30,30/30,1,22,1,-50,-50,0
C_TRACK_WITH_THRESHOLD_COMPENSATION,19,70,0,30/30,30/30,30/30,1,22,1,-51,-51,0
C_TRACK_WITH_THRESHOLD_COMPENSATION,19,71,0,30/30,30/30,30/30,1,22,1,-52,-52,0
C_TRACK_WITH_THRESHOLD_COMPENSATION,19,72,0,30/30,30/30,30/30,1,22,1,-53,-53,0
C_TRACK_WITH_THRESHOLD_COMPENSATION,19,73,0,30/30,30/30,30/30,1,22,1,-54,-54,0
C_TRACK_WITH_THRESHOLD_COMPENSATION,19,74,0,30/30,30/30,30/30,1,22,1,-55,-55,0
C_TRACK_WITH_THRESHOLD_COMPENSATION,19,75,0,30/30,30/30,30/30,1,22,1,-56,-56,0
C_TRACK_WITH_THRESHOLD_COMPENSATION,19,76,0,30/30,30/30,30/30,1,22,1,-57,-57,0
C_TRACK_WITH_THRESHOLD_COMPENSATION,19,77,0,30/30,30/30,30/30,1,22,1,-58,-58,0
C_TRACK_WITH_THRESHOLD_COMPENSATION,19,78,0,30/30,30/30,30/30,1,22,1,-59,-59,0
C_TRACK_WITH_THRESHOLD_COMPENSATION,19,79,0,30/30,30/30,30/30,1,22,1,-60,-60,0
C_TRACK_WITH_THRESHOLD_COMPENSATION,19,80,0,30/30,30/30,30/30,1,22,1,-61,-61,0
C_TRACK_WITH_THRESHOLD_COMPENSATION,19,81,0,30/30,30/30,30/30,1,22,1,-62,-62,0
C_TRACK_WITH_THRESHOLD_COMPENSATION,19,82,0,30/30,30/30,30/30,1,22,1,-63,-63,0
C_TRACK_WITH_THRESHOLD_COMPENSATION,19,83,0,30/30,30/30,30/30,1,22,1,-64,-64,0
C_TRACK_WITH_THRESHOLD_COMPENSATION,19,84,0,30/30,30/30,30/30,1,22,1,-65,-65,0
C_TRACK_WITH_THRESHOLD_COMPENSATION,19,85,0,30/30,30/30,30/30,1,22,1,-66,-66,0
C_TRACK_WITH_THRESHOLD_COMPENSATION,19,86,0,30/30,30/30,30/30,1,22,1,-67,-67,0
C_TRACK_WITH_THRESHOLD_COMPENSATION,19,87,0,30/30,30/30,30/30,1,22,1,-68,-68,0
C_TRACK_WITH_THRESHOLD_COMPENSATION,19,88,0,30/30,30/30,30/30,1,22,1,-69,-69,0
C_TRACK_WITH_THRESHOLD_COMPENSATION,19,89,0,30/30,30/30,30/30,1,22,1,-70,-70,0
C_TRACK_WITH_THRESHOLD_COMPENSATION,19,90,0,30/30,30/30,30/30,1,22,1,-71,-71,0
C_TRACK_WITH_THRESHOLD_COMPENSATION,19,91,0,30/30,30/30,30/30,1,22,1,-72,-72,0
C_TRACK_WITH_THRESHOLD_COMPENSATION,19,92,0,30/30,30/30,30/30,1,22,1,-73,-73,0
C_TRACK_WITH_THRESHOLD_COMPENSATION,19,93,0,30/30,30/30,30/30,1,22,1,-74,-74,0
C_TRACK_WITH_THRESHOLD_COMPENSATION,19,94,0,30/30,30/30,30/30,1,22,1,-75,-75,0
C_TRACK_WITH_THRESHOLD_COMPENSATION,19,95,0,30/30,30/30,30/30,1,22,1,-76,-76,0
C_TRACK_WITH_THRESHOLD_COMPENSATION,19,96,0,30/30,30/30,30/30,1,22,1,-77,-77,0
C_TRACK_WITH_THRESHOLD_COMPENSATION,19,97,0,30/30,30/30,30/30,1,22,1,-78,-78,0
C_TRACK_WITH_THRESHOLD_COMPENSATION,19,98,0,30/30,30/30,30/30,1,22,1,-79,-79,0
C_TRACK_WITH_THRESHOLD_COMPENSATION,19,99,0,30/30,30/30,30/30,1,22,1,-80,-80,0
C_TRACK_WITH_THRESHOLD_COMPENSATION,19,100,0,30/30,30/30,30/30,1,22,1,-81,-81,0
C_TRACK_WITH_THRESHOLD_COMPENSATION,19,101,0,30/30,30/30,30/30,1,22,1,-82,-82,0
C_TRACK_WITH_THRESHOLD_COMPENSATION,19,102,0,30/30,30/30,30/30,1,22,1,-83,-83,0
C_TRACK_WITH_THRESHOLD_COMPENSATION,19,103,0,30/30,30/30,30/30,1,22,1,-84,-84,0
C_TRACK_WITH_THRESHOLD_COMPENSATION,19,104,0,30/30,30/30,30/30,1,22,1,-85,-85,0
C_TRACK_WITH_THRESHOLD_COMPENSATION,19,105,0,30/30,30/30,30/30,1,22,1,-86,-86,0
C_TRACK_WITH_THRESHOLD_COMPENSATION,19,106,0,30/30,30/30,30/30,1,22,1,-87,-87,0
C_TRACK_WITH_THRESHOLD_COMPENSATION,19,107,0,30/30,30/30,30/30,1,22,1,-88,-88,0
C_TRACK_WITH_THRESHOLD_COMPENSATION,19,108,0,30/30,30/30,30/30,1,22,1,-89,-89,0
C_TRACK_WITH_THRESHOLD_COMPENSATION,19,109,0,30/30,30/30,30/30,1,22,1,-90,-90,0
C_TRACK_WITH_THRESHOLD_COMPENSATION,19,110,0,30/30,30/30,30/30,1,22,1,-91,-91,0
C_TRACK_WITH_THRESHOLD_COMPENSATION,19,111,0,30/30,30/30,30/30,1,22,1,-92,-92,0
C_TRACK_WITH_THRESHOLD_COMPENSATION,19,112,0,30/30,30/30,30/30,1,22,1,-93,-93,0
C_TRACK_WITH_THRESHOLD_COMPENSATION,19,113,0,30/30,30/30,30/30,1,22,1,-94,-94,0
C_TRACK_WITH_THRESHOLD_COMPENSATION,19,114,0,30/30,30/30,30/30,1,22,1,-95,-95,0
C_TRACK_WITH_THRESHOLD_COMPENSATION,19,115,0,30/30,30/30,30/30,1,22,1,-96,-96,0
C_TRACK_WITH_THRESHOLD_COMPENSATION,19,116,0,30/30,30/30,30/30,1,22,1,-97,-97,0
C_TRACK_WITH_THRESHOLD_COMPENSATION,19,117,0,30/30,30/30,30/30,1,22,1,-98,-98,0
C_TRACK_WITH_THRESHOLD_COMPENSATION,19,118,0,30/30,30/30,30/30,1,22,1,-99,-99,0
C_TRACK_WITH_THRESHOLD_COMPENSATION,19,119,0,30/30,30/30,30/30,1,22,1,-100,-100,0
C_TRACK_WITH_THRESHOLD_COMPENSATION,19,120,0,30/30,30/30,30/30,1,22,1,-101,-101,0
C_TRACK_WITH_THRESHOLD_COMPENSATION,19,121,0,30/30,30/30,30/30,1,22,1,-102,-102,0
C_TRACK_WITH_THRESHOLD_COMPENSATION,19,122,0,30/30,30/30,30/30,1,22,1,-103,-103,0
C_TRACK_WITH_THRESHOLD_COMPENSATION,19,123,0,30/30,30/30,30/30,1,22,1,-104,-104,0
C_TRACK_WITH_THRESHOLD_COMPENSATION,19,124,0,30/30,30/30,30/30,1,22,1,-105,-105,0
C_TRACK_WITH_THRESHOLD_COMPENSATION,19,125,0,30/30,30/30,30/30,1,22,1,-106,-106,0
C_TRACK_WITH_THRESHOLD_COMPENSATION,19,126,0,30/30,30/30,30/30,1,22,1,-107,-107,0
C_TRACK_WITH_THRESHOLD_COMPENSATION,19,127,0,30/30,30/30,30/30,1,22,1,-108,-108,0
C_TRACK_WITH_THRESHOLD_COMPENSATION,19,128,0,30/30,30/30,30/30,1,22,1,-109,-109,0
C_TRACK_WITH_THRESHOLD_COMPENSATION,19,129,0,30/30,30/30,30/30,1,22,1,-110,-110,0
C_TRACK_WITH_THRESHOLD_COMPENSATION,19,130,0,30/30,30/30,30/30,1,22,1,-111,-111,0
C_TRACK_WITH_THRESHOLD_COMPENSATION,19,131,0,30/30,30/30,30/30,1,22,1,-112,-112,0
C_TRACK_WITH_THRESHOLD_COMPENSATION,19,132,0,30/30,30/30,30/30,1,22,1,-113,-113,0
C_TRACK_WITH_THRESHOLD_COMPENSATION,19,133,0,30/30,30/30,30/30,1,22,1,-114,-114,0
C_TRACK_WITH_THRESHOLD_COMPENSATION,19,134,0,30/30,30/30,30/30,1,22,1,-115,-115,0
C_TRACK_WITH_THRESHOLD_COMPENSATION,19,135,0,30/30,30/30,30/30,1,22,1,-116,-116,0
C_TRACK_WITH_THRESHOLD_COMPENSATION,19,136,0,30/30,30/30,30/30,1,22,1,-117,-117,0
C_TRACK_WITH_THRESHOLD_COMPENSATION,19,137,0,30/30,30/30,30/30,1,22,1,-118,-118,0
C_TRACK_WITH_THRESHOLD_COMPENSATION,19,138,0,30/30,30/30,30/30,1,22,1,-119,-119,0
C_TRACK_WITH_THRESHOLD_COMPENSATION,19,139,0,30/30,30/30,30/30,1,22,1,-120,-120,0
C_TRACK_WITH_THRESHOLD_COMPENSATION,19,140,0,30/30,30/30,30/30,1,22,1,-121,-121,0
C_TRACK_WITH_THRESHOLD_COMPENSATION,19,141,0,30/30,30/30,30/30,1,22,1,-122,-122,0
C_TRACK_WITH_THRESHOLD_COMPENSATION,19,142,0,30/30,30/30,30/30,1,22,1,-123,-123,0
C_TRACK_WITH_THRESHOLD_COMPENSATION,19,143,0,30/30,30/30,30/30,1,22,1,-124,-124,0
C_TRACK_WITH_THRESHOLD_COMPENSATION,19,144,0,30/30,30/30,30/30,1,22,1,-125,-125,0
C_TRACK_WITH_THRESHOLD_COMPENSATION,19,145,0,30/30,30/30,30/30,1,22,1,-126,-126,0
C_TRACK_WITH_THRESHOLD_COMPENSATION,19,146,0,30/30,30/30,30/30,1,22,1,-127,-127,0
C_TRACK_WITH_THRESHOLD_COMPENSATION,19,147,0,30/30,30/30,30/30,1,22,1,-128,-128,0
C_TRACK_WITH_THRESHOLD_COMPENSATION,19,148,0,30/30,30/30,30/30,1,22,1,-129,-129,0
C_TRACK_WITH_THRESHOLD_COMPENSATION,19,149,0,30/30,30/30,30/30,1,22,1,-130,-130,0
C_TRACK_WITH_THRESHOLD_COMPENSATION,19,150,0,30/30,30/30,30/30,1,22,1,-131,-131,0
C_TRACK_WITH_THRESHOLD_COMPENSATION,19,151,0,30/30,30/30,30/30,1,22,1,-132,-132,0
C_TRACK_WITH_THRESHOLD_COMPENSATION,19,152,0,30/30,30/30,30/30,1,22,1,-133,-133,0
C_TRACK_WITH_THRESHOLD_COMPENSATION,19,153,0,30/30,30/30,30/30,1,22,1,-134,-134,0
C_TRACK_WITH_THRESHOLD_COMPENSATION,19,154,0,30/30,30/30,30/30,1,22,1,-135,-135,0
C_TRACK_WITH_THRESHOLD_COMPENSATION,19,155,0,30/30,30/30,30/30,1,22,1,-136,-136,0
C_TRACK_WITH_THRESHOLD_COMPENSATION,19,156,0,30/30,30/30,30/30,1,22,1,-137,-137,0
C_TRACK_WITH_THRESHOLD_COMPENSATION,19,157,0,30/30,30/30,30/30,1,22,1,-138,-138,0
C_TRACK_WITH_THRESHOLD_COMPENSATION,19,158,0,30/30,30/30,30/30,1,22,1,-139,-139,0
C_TRACK_WITH_THRESHOLD_COMPENSATION,19,159,0,30/30,30/30,30/30,1,22,1,-140,-140,0
C_TRACK_WITH_THRESHOLD_COMPENSATION,19,160,0,30/30,30/30,30/30,1,22,1,-141,-141,0
C_TRACK_WITH_THRESHOLD_COMPENSATION,19,161,0,30/30,30/30,30/30,1,22,1,-142,-142,0
C_TRACK_WITH_THRESHOLD_COMPENSATION,19,162,0,30/30,30/30,30/30,1,22,1,-143,-143,0
C_TRACK_WITH_THRESHOLD_COMPENSATION,19,163,0,30/30,30/30,30/30,1,22,1,-144,-144,0
C_TRACK_WITH_THRESHOLD_COMPENSATION,19,164,0,30/30,30/30,30/30,1,22,1,-145,-145,0
C_TRACK_WITH_THRESHOLD_COMPENSATION,19,165,0,30/30,30/30,30/30,1,22,1,-146,-146,0
C_TRACK_WITH_THRESHOLD_COMPENSATION,19,166,0,30/30,30/30,30/30,1,22,1,-147,-147,0
C_TRACK_WITH_THRESHOLD_COMPENSATION,19,167,0,30/30,30/30,30/30,1,22,1,-148,-148,0
C_TRACK_WITH_THRESHOLD_COMPENSATION,19,168,0,30/30,30/30,30/30,1,22,1,-149,-149,0
C_TRACK_WITH_THRESHOLD_COMPENSATION,19,169,0,30/30,30/30,30/30,1,22,1,-150,-150,0
C_TRACK_WITH_THRESHOLD_COMPENSATION,19,170,0,30/30,30/30,30/30,1,22,1,-151,-151,0
C_TRACK_WITH_THRESHOLD_COMPENSATION,19,171,0,30/30,30/30,30/30,1,22,1,-152,-152,0
C_TRACK_WITH_THRESHOLD_COMPENSATION,19,172,0,30/30,30/30,30/30,1,22,1,-153,-153,0
C_TRACK_WITH_THRESHOLD_COMPENSATION,19,173,0,30/30,30/30,30/30,1,22,1,-154,-154,0
C_TRACK_WITH_THRESHOLD_COMPENSATION,19,174,0,30/30,30/30,30/30,1,22,1,-155,-155,0
C_TRACK_WITH_THRESHOLD_COMPENSATION,19,175,0,30/30,30/30,30/30,1,22,1,-156,-156,0
C_TRACK_WITH_THRESHOLD_COMPENSATION,19,176,0,30/30,30/30,30/30,1,22,1,-157,-157,0
C_TRACK_WITH_THRESHOLD_COMPENSATION,19,177,0,30/30,30/30,30/30,1,22,1,-158,-158,0
C_TRACK_WITH_THRESHOLD_COMPENSATION,19,178,0,30/30,30/30,30/30,1,22,1,-159,-159,0
C_TRACK_WITH_THRESHOLD_COMPENSATION,19,179,0,30/30,30/30,30/30,1,22,1,-160,-160,0
C_TRACK_WITH_THRESHOLD_COMPENSATION,19,180,0,30/30,30/30,30/30,1,22,1,-161,-161,0
C_TRACK_WITH_THRESHOLD_COMPENSATION,19,181,0,30/30,30/30,30/30,1,22,1,-162,-162,0
C_TRACK_WITH_THRESHOLD_COMPENSATION,19,182,0,30/30,30/30,30/30,1,22,1,-163,-163,0
C_TRACK_WITH_THRESHOLD_COMPENSATION,19,183,0,30/30,30/30,30/30,1,22,1,-164,-164,0
C_TRACK_WITH_THRESHOLD_COMPENSATION,19,184,0,30/30,30/30,30/30,1,22,1,-165,-165,0
C_TRACK_WITH_THRESHOLD_COMPENSATION,19,185,0,30/30,30/30,30/30,1,22,1,-166,-166,0
C_TRACK_WITH_THRESHOLD_COMPENSATION,19,186,0,30/30,30/30,30/30,1,22,1,-167,-167,0
C_TRACK_WITH_THRESHOLD_COMPENSATION,19,187,0,30/30,30/30,30/30,1,22,1,-168,-168,0
C_TRACK_WITH_THRESHOLD_COMPENSATION,19,188,0,30/30,30/30,30/30,1,22,1,-169,-169,0
C_TRACK_WITH_THRESHOLD_COMPENSATION,19,189,0,30/30,30/30,30/30,1,22,1,-170,-170,0
C_TRACK_WITH_THRESHOLD_COMPENSATION,19,190,0,30/30,30/30,30/30,1,22,1,-171,-171,0
C_TRACK_WITH_THRESHOLD_COMPENSATION,19,191,0,30/30,30/30,30/30,1,22,1,-172,-172,0
C_TRACK_WITH_THRESHOLD_COMPENSATION,19,192,0,30/30,30/30,30/30,1,22,1,-173,-173,0
C_TRACK_WITH_THRESHOLD_COMPENSATION,19,193,0,30/30,30/30,30/30,1,22,1,-174,-174,0
C_TRACK_WITH_THRESHOLD_COMPENSATION,19,194,0,30/30,30/30,30/30,1,22,1,-175,-175,0
C_TRACK_WITH_THRESHOLD_COMPENSATION,19,195,0,30/30,30/30,30/30,1,22,1,-176,-176,0
C_TRACK_WITH_THRESHOLD_COMPENSATION,19,196,0,30/30,30/30,30/30,1,22,1,-177,-177,0
C_TRACK_WITH_THRESHOLD_COMPENSATION,19,197,0,30/30,30/30,30/30,1,22,1,-178,-178,0
C_TRACK_WITH_THRESHOLD_COMPENSATION,19,198,0,30/30,30/30,30/30,1,22,1,-179,-179,0
C_TRACK_WITH_THRESHOLD_COMPENSATION,19,199,0,30/30,30/30,30/30,1,22,1,-180,-180,0
C_TRACK_WITH_THRESHOLD_COMPENSATION,19,200,0,30/30,30/30,30/30,1,22,1,-181,-181,0
