scenario_id,baseline_vdd_v,margin_level,M_det,F_det,DeltaV_mv,Vdroop_v,t_fall_ps,t_hold_ps,t_rise_ps,phase_ps,actual_min_vdd_v,t_xor_rise_s,t_xor_fall_s,t_ck_rise_s,t_ck_rise_2_s,W_xor_ps,D_ref_ps,R_ps,q_sample_1_v,q_sample_2_v,vdd_at_q_sample_1_v,vdd_at_q_sample_2_v,q_sample_1_ratio,q_sample_2_ratio,q_final,q_state,active_ck_edge_count,recovery_max_ratio,valid,reason,completion_status,scenario_path,deck_sha256,source_hash,scenario_key,scenario_family,scan_stage,t0_5_state,time_axis_shift_s,recovery_start_s,recovery_end_s,recovery_model_status,evidence_source,reuse_reason,electrical_projection_sha256,normalized_deck_sha256
t0__b0p95__L2__dv90p0__h1454p0__pm700p0__0b179fb0eb214e95b809,0.95,L2,5,6,90.0,0.86,1.0,1454.0,1.0,-700.0,0.86,2.154601582e-09,2.59681694e-09,2.576823871e-09,5.460895744e-09,442.21535800000026,422.22228900000016,19.993069000000105,8.639997413e-07,-3.468111501e-07,0.95,0.95,9.094734118947369e-07,-3.6506436852631576e-07,0,stable_low,1,2.6288259558139533e-06,1,,PASS,/home/zhupl25/chiplet_side_channel/chiplet_gds_data/power_macro/delay_chain/ftc/runs/t0_transient_droop/r371/scenarios/t0__b0p95__L2__dv90p0__h1454p0__pm700p0__0b179fb0eb214e95b809,1a22f7aa5d63f71ad9e364758daf1f490aa908a992391eaccc83421d7b7a5abf,598cd1b1604d8ee7fee51d6e738e936e3007ef12ca6a441288f76eb88c5c3ed0,t0_5a_0p95_l2_boundary,L2_BOUNDARY_MINIMUM,LEFT_COARSE_EXTENSION,STABLE_Q0,0.0,2.245e-09,2.246e-09,NOT_APPLICABLE,REUSED_RETAINED_MEASUREMENT,ELECTRICALLY_EQUIVALENT_SOURCE_HASH_DRIFT,cd993833721e6bf76b515a0fdcbfa780f54a1d5eaf711e7d90185cc923871624,1a22f7aa5d63f71ad9e364758daf1f490aa908a992391eaccc83421d7b7a5abf
t0__b0p95__L2__dv90p0__h1454p0__pm675p0__e8a0ff86d8419c8655f8,0.95,L2,5,6,90.0,0.86,1.0,1454.0,1.0,-675.0,0.86,2.155655547e-09,2.603325977e-09,2.582692562e-09,5.460623723e-09,447.67043,427.0370149999998,20.633415000000184,9.220109412e-07,-1.436169965e-07,0.95,0.95,9.705378328421054e-07,-1.511757857894737e-07,0,stable_low,1,3.5654361383720933e-06,1,,PASS,/home/zhupl25/chiplet_side_channel/chiplet_gds_data/power_macro/delay_chain/ftc/runs/t0_transient_droop/r375/scenarios/t0__b0p95__L2__dv90p0__h1454p0__pm675p0__e8a0ff86d8419c8655f8,59fc640b8f5cf168904f20a1634f8f02181737d09fc122f304787603169701ec,598cd1b1604d8ee7fee51d6e738e936e3007ef12ca6a441288f76eb88c5c3ed0,t0_5a_0p95_l2_boundary,L2_BOUNDARY_MINIMUM,BOUNDARY_FINE_25PS,STABLE_Q0,0.0,2.2700000000000002e-09,2.271e-09,NOT_APPLICABLE,REUSED_RETAINED_MEASUREMENT,ELECTRICALLY_EQUIVALENT_SOURCE_HASH_DRIFT,702d4ba29a22ace1f820c12128e32081c17971c6b6be2f048556e9b41155eb22,59fc640b8f5cf168904f20a1634f8f02181737d09fc122f304787603169701ec
t0__b0p95__L2__dv90p0__h1454p0__pm650p0__26906366625230268319,0.95,L2,5,6,90.0,0.86,1.0,1454.0,1.0,-650.0,0.86,2.155116796e-09,2.609592576e-09,2.586944531e-09,5.4607807e-09,454.4757800000001,431.8277350000001,22.648045000000025,1.087330259e-06,-6.642547945e-08,0.95,0.95,1.144558167368421e-06,-6.992155731578948e-08,0,stable_low,1,4.301286095348837e-06,1,,PASS,/home/zhupl25/chiplet_side_channel/chiplet_gds_data/power_macro/delay_chain/ftc/runs/t0_transient_droop/r376/scenarios/t0__b0p95__L2__dv90p0__h1454p0__pm650p0__26906366625230268319,53d9df5d938f39a2c31e4308f12bef34745c4a3bd9ba208fbb6f256ab2975780,598cd1b1604d8ee7fee51d6e738e936e3007ef12ca6a441288f76eb88c5c3ed0,t0_5a_0p95_l2_boundary,L2_BOUNDARY_MINIMUM,BOUNDARY_FINE_25PS,STABLE_Q0,0.0,2.295e-09,2.296e-09,NOT_APPLICABLE,REUSED_RETAINED_MEASUREMENT,ELECTRICALLY_EQUIVALENT_SOURCE_HASH_DRIFT,15d03953f03a459f955932b62f7f868d2e7449d47832e35d7158f10c55eb0db0,53d9df5d938f39a2c31e4308f12bef34745c4a3bd9ba208fbb6f256ab2975780
t0__b0p95__L2__dv90p0__h1454p0__pm625p0__adcfa23e0853d4502862,0.95,L2,5,6,90.0,0.86,1.0,1454.0,1.0,-625.0,0.86,2.155023705e-09,2.61626634e-09,2.592261476e-09,5.460524226e-09,461.2426349999998,437.23777099999995,24.004863999999827,6.176466838e-07,2.989656316e-07,0.95,0.95,6.50154404e-07,3.147006648421053e-07,0,stable_low,1,1.4002699360465118e-06,1,,PASS,/home/zhupl25/chiplet_side_channel/chiplet_gds_data/power_macro/delay_chain/ftc/runs/t0_transient_droop/r377/scenarios/t0__b0p95__L2__dv90p0__h1454p0__pm625p0__adcfa23e0853d4502862,9dfd5024fe358b7eacc0326caac2ca79cecfd4d70a0c86789eec5c09c05b1fce,598cd1b1604d8ee7fee51d6e738e936e3007ef12ca6a441288f76eb88c5c3ed0,t0_5a_0p95_l2_boundary,L2_BOUNDARY_MINIMUM,BOUNDARY_FINE_25PS,STABLE_Q0,0.0,2.3200000000000003e-09,2.321e-09,NOT_APPLICABLE,REUSED_RETAINED_MEASUREMENT,ELECTRICALLY_EQUIVALENT_SOURCE_HASH_DRIFT,18d6a1a78e987d3360102c8f55346c116330e17267f20356381bd34fe358cea8,9dfd5024fe358b7eacc0326caac2ca79cecfd4d70a0c86789eec5c09c05b1fce
t0__b0p95__L2__dv90p0__h1454p0__pm600p0__538fc05852d232495e3c,0.95,L2,5,6,90.0,0.86,1.0,1454.0,1.0,-600.0,0.86,2.15500859e-09,2.622450282e-09,2.597508911e-09,5.460623643e-09,467.44169199999993,442.500321,24.941370999999947,1.057779914e-06,-8.525203341e-08,0.95,0.95,1.1134525410526318e-06,-8.97389825368421e-08,0,stable_low,1,3.565277484883721e-06,1,,PASS,/home/zhupl25/chiplet_side_channel/chiplet_gds_data/power_macro/delay_chain/ftc/runs/t0_transient_droop/r378/scenarios/t0__b0p95__L2__dv90p0__h1454p0__pm600p0__538fc05852d232495e3c,ae24bfd688e30976382e46a03e13f1f228042b9cf7613ad5af399eeb98b2d7f4,598cd1b1604d8ee7fee51d6e738e936e3007ef12ca6a441288f76eb88c5c3ed0,t0_5a_0p95_l2_boundary,L2_BOUNDARY_MINIMUM,BOUNDARY_FINE_25PS,STABLE_Q0,0.0,2.345e-09,2.346e-09,NOT_APPLICABLE,REUSED_RETAINED_MEASUREMENT,ELECTRICALLY_EQUIVALENT_SOURCE_HASH_DRIFT,897f5bb398582b4be23412316965eb9666286a64834629c82573f8fa43e60def,ae24bfd688e30976382e46a03e13f1f228042b9cf7613ad5af399eeb98b2d7f4
t0__b0p95__L2__dv90p0__h1454p0__pm575p0__aa149165f9e8051bb01d,0.95,L2,5,6,90.0,0.86,1.0,1454.0,1.0,-575.0,0.86,2.154965375e-09,2.629334687e-09,2.602758823e-09,5.460690093e-09,474.3693120000002,447.7934480000001,26.57586400000008,-2.423837435e-07,3.359763856e-07,0.95,0.95,-2.5514078263157897e-07,3.5365935326315793e-07,0,stable_low,1,1.9333397674418604e-06,1,,PASS,/home/zhupl25/chiplet_side_channel/chiplet_gds_data/power_macro/delay_chain/ftc/runs/t0_transient_droop/r379/scenarios/t0__b0p95__L2__dv90p0__h1454p0__pm575p0__aa149165f9e8051bb01d,ffa443fe87a10c3ae881624f41489332da4c9c0ad9bb8cbb8b38c0f6bbfb72c6,598cd1b1604d8ee7fee51d6e738e936e3007ef12ca6a441288f76eb88c5c3ed0,t0_5a_0p95_l2_boundary,L2_BOUNDARY_MINIMUM,BOUNDARY_FINE_25PS,STABLE_Q0,0.0,2.37e-09,2.3709999999999998e-09,NOT_APPLICABLE,REUSED_RETAINED_MEASUREMENT,ELECTRICALLY_EQUIVALENT_SOURCE_HASH_DRIFT,0adee6cb4f9e893ee0af0d45901587e5b10e4fdfb173affccb4c4ab72176693e,ffa443fe87a10c3ae881624f41489332da4c9c0ad9bb8cbb8b38c0f6bbfb72c6
t0__b0p95__L2__dv90p0__h1454p0__pm550p0__75bdebab14c40f0d890c,0.95,L2,5,6,90.0,0.86,1.0,1454.0,1.0,-550.0,0.86,2.155008618e-09,2.635417327e-09,2.607854644e-09,5.460623693e-09,480.4087089999997,452.8460259999999,27.562682999999822,1.562469709e-07,1.490690444e-07,0.95,0.95,1.6447049568421052e-07,1.5691478357894737e-07,0,stable_low,1,3.5652841186046513e-06,1,,PASS,/home/zhupl25/chiplet_side_channel/chiplet_gds_data/power_macro/delay_chain/ftc/runs/t0_transient_droop/r380/scenarios/t0__b0p95__L2__dv90p0__h1454p0__pm550p0__75bdebab14c40f0d890c,6d0205ca9a3246ac1fbc3f2140659de6177ee78a89eeab3050ce2a5b616541a1,598cd1b1604d8ee7fee51d6e738e936e3007ef12ca6a441288f76eb88c5c3ed0,t0_5a_0p95_l2_boundary,L2_BOUNDARY_MINIMUM,BOUNDARY_FINE_25PS,STABLE_Q0,0.0,2.395e-09,2.396e-09,NOT_APPLICABLE,REUSED_RETAINED_MEASUREMENT,ELECTRICALLY_EQUIVALENT_SOURCE_HASH_DRIFT,33b4e1f0b3169899eb283ef88fa7a05bcfe6fb49f7426fc0ff11b7c7b74e9c31,6d0205ca9a3246ac1fbc3f2140659de6177ee78a89eeab3050ce2a5b616541a1
t0__b0p95__L2__dv90p0__h1454p0__pm525p0__ead06defed8606fd1dc6,0.95,L2,5,6,90.0,0.86,1.0,1454.0,1.0,-525.0,0.86,2.155119426e-09,2.641822827e-09,2.612754112e-09,5.461111242e-09,486.703401,457.63468600000004,29.06871499999994,7.749431387e-07,1.929279615e-07,0.95,0.95,8.157296196842105e-07,2.0308206473684213e-07,0,stable_low,1,3.840045996511628e-06,1,,PASS,/home/zhupl25/chiplet_side_channel/chiplet_gds_data/power_macro/delay_chain/ftc/runs/t0_transient_droop/r381/scenarios/t0__b0p95__L2__dv90p0__h1454p0__pm525p0__ead06defed8606fd1dc6,aabf6685c725fec8271d7a2dda2fbd59b307962b7f8477ff51285a7805e224ba,598cd1b1604d8ee7fee51d6e738e936e3007ef12ca6a441288f76eb88c5c3ed0,t0_5a_0p95_l2_boundary,L2_BOUNDARY_MINIMUM,BOUNDARY_FINE_25PS,STABLE_Q0,0.0,2.4200000000000003e-09,2.4210000000000002e-09,NOT_APPLICABLE,REUSED_RETAINED_MEASUREMENT,ELECTRICALLY_EQUIVALENT_SOURCE_HASH_DRIFT,b21b044253a666cafde9ca471dbe86ed5c9561b58e72ef5adaee5013f4875e34,aabf6685c725fec8271d7a2dda2fbd59b307962b7f8477ff51285a7805e224ba
t0__b0p95__L2__dv90p0__h1454p0__pm500p0__95c61b265f146cc0edb0,0.95,L2,5,6,90.0,0.86,1.0,1454.0,1.0,-500.0,0.86,2.154895113e-09,2.648333359e-09,2.616903348e-09,5.460684286e-09,493.438246,462.00823499999984,31.43001100000015,1.817520409e-06,-8.262968667e-07,0.95,0.95,1.9131793778947368e-06,-8.697861754736843e-07,0,stable_low,1,3.916891675581395e-06,1,,PASS,/home/zhupl25/chiplet_side_channel/chiplet_gds_data/power_macro/delay_chain/ftc/runs/t0_transient_droop/r382/scenarios/t0__b0p95__L2__dv90p0__h1454p0__pm500p0__95c61b265f146cc0edb0,a7d99c016a1c6645cf33fe945e952aa3e18e83c8f8a9a04d3e9165f07ededee1,598cd1b1604d8ee7fee51d6e738e936e3007ef12ca6a441288f76eb88c5c3ed0,t0_5a_0p95_l2_boundary,L2_BOUNDARY_MINIMUM,BOUNDARY_FINE_25PS,STABLE_Q0,0.0,2.445e-09,2.446e-09,NOT_APPLICABLE,REUSED_RETAINED_MEASUREMENT,ELECTRICALLY_EQUIVALENT_SOURCE_HASH_DRIFT,c9af6eaabc79171ef304ebeeafabecf4d9b8f191e724eed8d3ad03aa869456d9,a7d99c016a1c6645cf33fe945e952aa3e18e83c8f8a9a04d3e9165f07ededee1
t0__b0p95__L2__dv90p0__h1454p0__pm475p0__ddb28ed842330c2b2178,0.95,L2,5,6,90.0,0.86,1.0,1454.0,1.0,-475.0,0.86,2.155156244e-09,2.654509101e-09,2.620578508e-09,5.460504849e-09,499.35285700000026,465.42226400000015,33.9305930000001,-1.430970994e-07,-8.841634798e-08,0.95,0.95,-1.5062852568421052e-07,-9.306983997894737e-08,0,stable_low,1,2.157663706976744e-06,1,,PASS,/home/zhupl25/chiplet_side_channel/chiplet_gds_data/power_macro/delay_chain/ftc/runs/t0_transient_droop/r383/scenarios/t0__b0p95__L2__dv90p0__h1454p0__pm475p0__ddb28ed842330c2b2178,0970a982f2f4408398151e4a0427254eed2b7ea8c7516569be99160aaf9832c1,598cd1b1604d8ee7fee51d6e738e936e3007ef12ca6a441288f76eb88c5c3ed0,t0_5a_0p95_l2_boundary,L2_BOUNDARY_MINIMUM,BOUNDARY_FINE_25PS,STABLE_Q0,0.0,2.47e-09,2.471e-09,NOT_APPLICABLE,REUSED_RETAINED_MEASUREMENT,ELECTRICALLY_EQUIVALENT_SOURCE_HASH_DRIFT,204788b22ff8e1651f7a0e87cbcdc7fca578a6ab21d0406104dfbd407bb0400f,0970a982f2f4408398151e4a0427254eed2b7ea8c7516569be99160aaf9832c1
t0__b0p95__L2__dv90p0__h1454p0__pm450p0__58461561561c3bc53bec,0.95,L2,5,6,90.0,0.86,1.0,1454.0,1.0,-450.0,0.86,2.155723223e-09,2.661491545e-09,2.622752824e-09,5.461230971e-09,505.76832199999984,467.02960100000024,38.7387209999996,0.9499997185,0.9499996912,0.95,0.95,0.9999997036842105,0.9999996749473685,1,stable_high,1,1.6804627802325581e-06,1,,PASS,/home/zhupl25/chiplet_side_channel/chiplet_gds_data/power_macro/delay_chain/ftc/runs/t0_transient_droop/r189/scenarios/t0__b0p95__L2__dv90p0__h1454p0__pm450p0__58461561561c3bc53bec,21a9ec93ca5aba93c53be7fe93a4708d94c7f53607053e7d38ebd4e16a6420c9,598cd1b1604d8ee7fee51d6e738e936e3007ef12ca6a441288f76eb88c5c3ed0,t0_5a_0p95_l2_boundary,L2_BOUNDARY_MINIMUM,REPRESENTATIVE_PHASE_SEED,CLEAN_Q1,0.0,2.495e-09,2.496e-09,NOT_APPLICABLE,REUSED_RETAINED_MEASUREMENT,ELECTRICALLY_EQUIVALENT_SOURCE_HASH_DRIFT,99e59376aa97b6085f983e5a00a6dca52afdebe71a08392ca17ce52bf634f350,21a9ec93ca5aba93c53be7fe93a4708d94c7f53607053e7d38ebd4e16a6420c9
t0__b0p95__L2__dv90p0__h1454p0__pm200p0__c4fec4fe1774250f8121,0.95,L2,5,6,90.0,0.86,1.0,1454.0,1.0,-200.0,0.86,2.154752499e-09,2.719825307e-09,2.64994718e-09,5.460819218e-09,565.072808,495.1946810000001,69.87812699999989,0.949999692,0.9499996829,0.95,0.95,0.9999996757894737,0.9999996662105264,1,stable_high,1,1.154121274767442e-06,1,,PASS,/home/zhupl25/chiplet_side_channel/chiplet_gds_data/power_macro/delay_chain/ftc/runs/t0_transient_droop/r372/scenarios/t0__b0p95__L2__dv90p0__h1454p0__pm200p0__c4fec4fe1774250f8121,ca87d1ec4a9ed1d5ed424a83960edc5cac5db8af65cbafb25a426432d53b5a03,598cd1b1604d8ee7fee51d6e738e936e3007ef12ca6a441288f76eb88c5c3ed0,t0_5a_0p95_l2_boundary,L2_BOUNDARY_MINIMUM,RIGHT_COARSE_EXTENSION,CLEAN_Q1,0.0,2.745e-09,2.746e-09,NOT_APPLICABLE,REUSED_RETAINED_MEASUREMENT,ELECTRICALLY_EQUIVALENT_SOURCE_HASH_DRIFT,abc8ba169c1239c154a1bb6fb09413e03cc42e7abd15ea5d7ed78c1da8f35c59,ca87d1ec4a9ed1d5ed424a83960edc5cac5db8af65cbafb25a426432d53b5a03
t0__b0p95__L2__dv90p0__h1454p0__p50p0__35280a0900d34fbc44f7,0.95,L2,5,6,90.0,0.86,1.0,1454.0,1.0,50.0,0.86,2.143306363e-09,2.703073893e-09,2.63876005e-09,5.46071314e-09,559.76753,495.45368700000006,64.3138429999999,0.9499996945,0.9499996609,0.95,0.95,0.9999996784210526,0.9999996430526316,1,stable_high,1,2.962362248837209e-06,1,,PASS,/home/zhupl25/chiplet_side_channel/chiplet_gds_data/power_macro/delay_chain/ftc/runs/t0_transient_droop/r373/scenarios/t0__b0p95__L2__dv90p0__h1454p0__p50p0__35280a0900d34fbc44f7,9a803c379e59ad6f863d5f0aaf7464cb33d947f6f42de6accb88baea75e3d724,598cd1b1604d8ee7fee51d6e738e936e3007ef12ca6a441288f76eb88c5c3ed0,t0_5a_0p95_l2_boundary,L2_BOUNDARY_MINIMUM,RIGHT_COARSE_EXTENSION,CLEAN_Q1,0.0,2.995e-09,2.996e-09,NOT_APPLICABLE,REUSED_RETAINED_MEASUREMENT,ELECTRICALLY_EQUIVALENT_SOURCE_HASH_DRIFT,0c82cb94710f2d77277b42c7a3400101aa67bb98bf5eca079cff4fa1ae28fcda,9a803c379e59ad6f863d5f0aaf7464cb33d947f6f42de6accb88baea75e3d724
t0__b0p95__L2__dv90p0__h1454p0__p75p0__638e1808df434c9edf4b,0.95,L2,5,6,90.0,0.86,1.0,1454.0,1.0,75.0,0.86,2.137359084e-09,2.694271411e-09,2.632410795e-09,5.460686175e-09,556.9123270000001,495.05171099999995,61.860616000000164,0.9499994724,0.9499999121,0.95,0.95,0.9999994446315791,0.9999999074736843,1,stable_high,1,2.0560255058139537e-06,1,,PASS,/home/zhupl25/chiplet_side_channel/chiplet_gds_data/power_macro/delay_chain/ftc/runs/t0_transient_droop/r384/scenarios/t0__b0p95__L2__dv90p0__h1454p0__p75p0__638e1808df434c9edf4b,c811f3b8da745c7c009502f08445ad2bd91daa0c34f64eb8de771c0f1b81bbec,598cd1b1604d8ee7fee51d6e738e936e3007ef12ca6a441288f76eb88c5c3ed0,t0_5a_0p95_l2_boundary,L2_BOUNDARY_MINIMUM,BOUNDARY_FINE_25PS,CLEAN_Q1,0.0,3.02e-09,3.021e-09,NOT_APPLICABLE,REUSED_RETAINED_MEASUREMENT,ELECTRICALLY_EQUIVALENT_SOURCE_HASH_DRIFT,7661c19a4e002d40c8f2ae286790fd4d7c818700203209a92a750d9d1f6614a9,c811f3b8da745c7c009502f08445ad2bd91daa0c34f64eb8de771c0f1b81bbec
t0__b0p95__L2__dv90p0__h1454p0__p100p0__d9e696e7d8e9ef6c83e5,0.95,L2,5,6,90.0,0.86,1.0,1454.0,1.0,100.0,0.86,2.131390903e-09,2.68532819e-09,2.626737292e-09,5.460568502e-09,553.937287,495.34638900000004,58.590897999999925,-1.211742385e-06,5.131996604e-07,0.95,0.95,-1.2755183000000002e-06,5.402101688421053e-07,0,stable_low,1,1.8892380593023257e-06,1,,PASS,/home/zhupl25/chiplet_side_channel/chiplet_gds_data/power_macro/delay_chain/ftc/runs/t0_transient_droop/r385/scenarios/t0__b0p95__L2__dv90p0__h1454p0__p100p0__d9e696e7d8e9ef6c83e5,85164f16a1bc824b025a83a62c7a9cc2ee58ffb530addae33d1daa50be82291d,598cd1b1604d8ee7fee51d6e738e936e3007ef12ca6a441288f76eb88c5c3ed0,t0_5a_0p95_l2_boundary,L2_BOUNDARY_MINIMUM,BOUNDARY_FINE_25PS,STABLE_Q0,0.0,3.045e-09,3.046e-09,NOT_APPLICABLE,REUSED_RETAINED_MEASUREMENT,ELECTRICALLY_EQUIVALENT_SOURCE_HASH_DRIFT,3abe5236c0d77b5923056b85a8ee5931787b8539a3f674e28409bfac580effd3,85164f16a1bc824b025a83a62c7a9cc2ee58ffb530addae33d1daa50be82291d
t0__b0p95__L2__dv90p0__h1454p0__p125p0__08a75eb96265e48f455f,0.95,L2,5,6,90.0,0.86,1.0,1454.0,1.0,125.0,0.86,2.125173912e-09,2.677467691e-09,2.620969468e-09,5.460329223e-09,552.2937789999997,495.79555599999975,56.498222999999996,-3.018294667e-07,-3.15732013e-07,0.95,0.95,-3.177152281052632e-07,-3.3234948736842103e-07,0,stable_low,1,1.2118558604651163e-06,1,,PASS,/home/zhupl25/chiplet_side_channel/chiplet_gds_data/power_macro/delay_chain/ftc/runs/t0_transient_droop/r386/scenarios/t0__b0p95__L2__dv90p0__h1454p0__p125p0__08a75eb96265e48f455f,095639c3f3fc456b03354665b72114b34b65e73ddfafae8e3f33a8b9ba5282bc,598cd1b1604d8ee7fee51d6e738e936e3007ef12ca6a441288f76eb88c5c3ed0,t0_5a_0p95_l2_boundary,L2_BOUNDARY_MINIMUM,BOUNDARY_FINE_25PS,STABLE_Q0,0.0,3.0700000000000004e-09,3.0710000000000003e-09,NOT_APPLICABLE,REUSED_RETAINED_MEASUREMENT,ELECTRICALLY_EQUIVALENT_SOURCE_HASH_DRIFT,2a8ee4438603cceb2754dd9b3bd967dd2072635cd1e00495e9f951128be8daf3,095639c3f3fc456b03354665b72114b34b65e73ddfafae8e3f33a8b9ba5282bc
t0__b0p95__L2__dv90p0__h1454p0__p150p0__d3ae5cf5ef13637d5413,0.95,L2,5,6,90.0,0.86,1.0,1454.0,1.0,150.0,0.86,2.119362111e-09,2.669062741e-09,2.614702496e-09,5.46052253e-09,549.7006299999999,495.340385,54.36024499999991,1.362816382e-07,-1.836682739e-07,0.95,0.95,1.43454356e-07,-1.9333502515789474e-07,0,stable_low,1,3.873188408139535e-06,1,,PASS,/home/zhupl25/chiplet_side_channel/chiplet_gds_data/power_macro/delay_chain/ftc/runs/t0_transient_droop/r387/scenarios/t0__b0p95__L2__dv90p0__h1454p0__p150p0__d3ae5cf5ef13637d5413,168e2984d07e3e4b0cde206001e3f85f366e9e8f6b9a35e81f15e9115c015e29,598cd1b1604d8ee7fee51d6e738e936e3007ef12ca6a441288f76eb88c5c3ed0,t0_5a_0p95_l2_boundary,L2_BOUNDARY_MINIMUM,BOUNDARY_FINE_25PS,STABLE_Q0,0.0,3.095e-09,3.096e-09,NOT_APPLICABLE,REUSED_RETAINED_MEASUREMENT,ELECTRICALLY_EQUIVALENT_SOURCE_HASH_DRIFT,a4d0c2b6124a2a3ea2dc8238c3fa1cfbdab7cda6b6768861ae3ffa91c492b6d8,168e2984d07e3e4b0cde206001e3f85f366e9e8f6b9a35e81f15e9115c015e29
t0__b0p95__L2__dv90p0__h1454p0__p175p0__0d98d6eb71382c720fc8,0.95,L2,5,6,90.0,0.86,1.0,1454.0,1.0,175.0,0.86,2.113009305e-09,2.660774348e-09,2.608501987e-09,5.460590996e-09,547.7650429999999,495.4926820000002,52.272360999999705,5.797684049e-07,-1.308718475e-07,0.95,0.95,6.102825314736843e-07,-1.3775983947368423e-07,0,stable_low,1,2.7129929627906974e-06,1,,PASS,/home/zhupl25/chiplet_side_channel/chiplet_gds_data/power_macro/delay_chain/ftc/runs/t0_transient_droop/r388/scenarios/t0__b0p95__L2__dv90p0__h1454p0__p175p0__0d98d6eb71382c720fc8,3971bf288c64b41c5e6a31dc19fae376d555dd2bcc56ae881b27fc4d2b50a3bf,598cd1b1604d8ee7fee51d6e738e936e3007ef12ca6a441288f76eb88c5c3ed0,t0_5a_0p95_l2_boundary,L2_BOUNDARY_MINIMUM,BOUNDARY_FINE_25PS,STABLE_Q0,0.0,3.12e-09,3.121e-09,NOT_APPLICABLE,REUSED_RETAINED_MEASUREMENT,ELECTRICALLY_EQUIVALENT_SOURCE_HASH_DRIFT,0bed9cd2b37930bb0a8ed6d8c13dea29302da960a7268d62194c37e5d7227d31,3971bf288c64b41c5e6a31dc19fae376d555dd2bcc56ae881b27fc4d2b50a3bf
t0__b0p95__L2__dv90p0__h1454p0__p200p0__25c4f46389029703b102,0.95,L2,5,6,90.0,0.86,1.0,1454.0,1.0,200.0,0.86,2.107172724e-09,2.651467875e-09,2.602804063e-09,5.460797909e-09,544.2951509999997,495.6313389999999,48.66381199999978,-2.35091168e-06,-2.13217689e-06,0.95,0.95,-2.4746438736842106e-06,-2.2443967263157894e-06,0,stable_low,1,1.1854105209302327e-06,1,,PASS,/home/zhupl25/chiplet_side_channel/chiplet_gds_data/power_macro/delay_chain/ftc/runs/t0_transient_droop/r389/scenarios/t0__b0p95__L2__dv90p0__h1454p0__p200p0__25c4f46389029703b102,e68d57ec97298c45ac1b83e4807d8a38b9c1fcdd5addaf7b82061eb3e89ca03a,598cd1b1604d8ee7fee51d6e738e936e3007ef12ca6a441288f76eb88c5c3ed0,t0_5a_0p95_l2_boundary,L2_BOUNDARY_MINIMUM,BOUNDARY_FINE_25PS,STABLE_Q0,0.0,3.145e-09,3.146e-09,NOT_APPLICABLE,REUSED_RETAINED_MEASUREMENT,ELECTRICALLY_EQUIVALENT_SOURCE_HASH_DRIFT,9d170d11706d438f210d63f55f90820f33af5c8faafd140afe6dec3681770eb0,e68d57ec97298c45ac1b83e4807d8a38b9c1fcdd5addaf7b82061eb3e89ca03a
t0__b0p95__L2__dv90p0__h1454p0__p225p0__9092185d6ce72f2dff1e,0.95,L2,5,6,90.0,0.86,1.0,1454.0,1.0,225.0,0.86,2.1010817e-09,2.642857447e-09,2.596613277e-09,5.460981749e-09,541.775747,495.5315769999998,46.244170000000224,-9.071907803e-07,-9.021430487e-07,0.95,0.95,-9.549376634736842e-07,-9.496242617894737e-07,0,stable_low,1,1.4041671837209302e-06,1,,PASS,/home/zhupl25/chiplet_side_channel/chiplet_gds_data/power_macro/delay_chain/ftc/runs/t0_transient_droop/r390/scenarios/t0__b0p95__L2__dv90p0__h1454p0__p225p0__9092185d6ce72f2dff1e,156fd44820551de55cdae245934067d115074d5b3db037b1207d306b314a4266,598cd1b1604d8ee7fee51d6e738e936e3007ef12ca6a441288f76eb88c5c3ed0,t0_5a_0p95_l2_boundary,L2_BOUNDARY_MINIMUM,BOUNDARY_FINE_25PS,STABLE_Q0,0.0,3.17e-09,3.171e-09,NOT_APPLICABLE,REUSED_RETAINED_MEASUREMENT,ELECTRICALLY_EQUIVALENT_SOURCE_HASH_DRIFT,16e01d4fad21ff99c2d79600a524c6ae60f2a314dba9e5a5d61b92397b2abc7e,156fd44820551de55cdae245934067d115074d5b3db037b1207d306b314a4266
t0__b0p95__L2__dv90p0__h1454p0__p250p0__460ad3de6ab93db8415f,0.95,L2,5,6,90.0,0.86,1.0,1454.0,1.0,250.0,0.86,2.095160395e-09,2.633665018e-09,2.590449991e-09,5.460328655e-09,538.504623,495.28959600000036,43.21502699999968,-5.63150848e-07,-3.993480533e-07,0.95,0.95,-5.927903663157895e-07,-4.2036637189473685e-07,0,stable_low,1,1.2628177232558141e-06,1,,PASS,/home/zhupl25/chiplet_side_channel/chiplet_gds_data/power_macro/delay_chain/ftc/runs/t0_transient_droop/r391/scenarios/t0__b0p95__L2__dv90p0__h1454p0__p250p0__460ad3de6ab93db8415f,bc931ac33308c085cabe8ce069409e68ea24b409937f3fbec1a762a7d5f1939d,598cd1b1604d8ee7fee51d6e738e936e3007ef12ca6a441288f76eb88c5c3ed0,t0_5a_0p95_l2_boundary,L2_BOUNDARY_MINIMUM,BOUNDARY_FINE_25PS,STABLE_Q0,0.0,3.195e-09,3.1959999999999997e-09,NOT_APPLICABLE,REUSED_RETAINED_MEASUREMENT,ELECTRICALLY_EQUIVALENT_SOURCE_HASH_DRIFT,80cb94aec935cafb82de162cc8be9b4184344d8af5a872a76bfeed5488febf04,bc931ac33308c085cabe8ce069409e68ea24b409937f3fbec1a762a7d5f1939d
t0__b0p95__L2__dv90p0__h1454p0__p275p0__8899d078dc3ca056f8d8,0.95,L2,5,6,90.0,0.86,1.0,1454.0,1.0,275.0,0.86,2.089043055e-09,2.62568604e-09,2.584234461e-09,5.460965263e-09,536.6429849999998,495.1914059999999,41.451578999999924,-2.423911426e-06,-3.809895141e-07,0.95,0.95,-2.5514857115789474e-06,-4.010415937894737e-07,0,stable_low,1,1.1561180255813955e-06,1,,PASS,/home/zhupl25/chiplet_side_channel/chiplet_gds_data/power_macro/delay_chain/ftc/runs/t0_transient_droop/r392/scenarios/t0__b0p95__L2__dv90p0__h1454p0__p275p0__8899d078dc3ca056f8d8,420f838407f41ab3bf20a03c593b7094fe863f92ca53ef0a63037db96b19c003,598cd1b1604d8ee7fee51d6e738e936e3007ef12ca6a441288f76eb88c5c3ed0,t0_5a_0p95_l2_boundary,L2_BOUNDARY_MINIMUM,BOUNDARY_FINE_25PS,STABLE_Q0,0.0,3.22e-09,3.221e-09,NOT_APPLICABLE,REUSED_RETAINED_MEASUREMENT,ELECTRICALLY_EQUIVALENT_SOURCE_HASH_DRIFT,09270f25ff8320e8b187a3fc7132b9549cf2027b3af6edacacbd0d26f50dcae5,420f838407f41ab3bf20a03c593b7094fe863f92ca53ef0a63037db96b19c003
t0__b0p95__L2__dv90p0__h1454p0__p300p0__f687b8ddff76a652685e,0.95,L2,5,6,90.0,0.86,1.0,1454.0,1.0,300.0,0.86,2.082744781e-09,2.617032658e-09,2.577965587e-09,5.460886745e-09,534.2878769999999,495.22080599999975,39.06707100000011,-1.475491555e-06,-1.475531836e-06,0.95,0.95,-1.553149005263158e-06,-1.5531914063157895e-06,0,stable_low,1,1.1788410651162792e-06,1,,PASS,/home/zhupl25/chiplet_side_channel/chiplet_gds_data/power_macro/delay_chain/ftc/runs/t0_transient_droop/r374/scenarios/t0__b0p95__L2__dv90p0__h1454p0__p300p0__f687b8ddff76a652685e,0a0ae3028f3b4a1c49050db25f09c794fac0b1c610863aba6583498c856ba1fd,598cd1b1604d8ee7fee51d6e738e936e3007ef12ca6a441288f76eb88c5c3ed0,t0_5a_0p95_l2_boundary,L2_BOUNDARY_MINIMUM,RIGHT_COARSE_EXTENSION,STABLE_Q0,0.0,3.2450000000000003e-09,3.246e-09,NOT_APPLICABLE,REUSED_RETAINED_MEASUREMENT,ELECTRICALLY_EQUIVALENT_SOURCE_HASH_DRIFT,8d1e75c3c027ce67193b1563ec07ed62bc09cba7816fd621c14ae67d98c0b72d,0a0ae3028f3b4a1c49050db25f09c794fac0b1c610863aba6583498c856ba1fd
t0__b0p95__L2__dv90p0__h3000p0__pm2250p0__2b52d3fdc9f3785dfeca,0.95,L2,5,6,90.0,0.86,1.0,3000.0,1.0,-2250.0,0.86,3.91499205e-09,4.355725045e-09,4.336526515e-09,7.220529792e-09,440.7329950000006,421.53446499999984,19.198530000000744,-8.732588238e-07,2.318712235e-07,0.95,0.95,-9.192198145263158e-07,2.4407497210526314e-07,0,stable_low,1,6.2664616593023255e-06,1,,PASS,/home/zhupl25/chiplet_side_channel/chiplet_gds_data/power_macro/delay_chain/ftc/runs/t0_transient_droop/r398/scenarios/t0__b0p95__L2__dv90p0__h3000p0__pm2250p0__2b52d3fdc9f3785dfeca,5080d69aa81c8705d168b843cd209870debac1c9669cbb64fc1e88aab6086f4f,598cd1b1604d8ee7fee51d6e738e936e3007ef12ca6a441288f76eb88c5c3ed0,t0_5a_0p95_l2_long,L2_LONG_PULSE,LEFT_COARSE_EXTENSION,STABLE_Q0,1.76e-09,4.0010000000000006e-09,4.002000000000001e-09,NOT_APPLICABLE,REUSED_RETAINED_MEASUREMENT,ELECTRICALLY_EQUIVALENT_SOURCE_HASH_DRIFT,c149be7815295d1b6cd86b1880d2d7a7a71c3ccb5333f44c5f906c95df03f336,5080d69aa81c8705d168b843cd209870debac1c9669cbb64fc1e88aab6086f4f
t0__b0p95__L2__dv90p0__h3000p0__pm2225p0__f4606c58d741d1da10eb,0.95,L2,5,6,90.0,0.86,1.0,3000.0,1.0,-2225.0,0.86,3.889941286e-09,4.337185221e-09,4.316468236e-09,7.195530308e-09,447.2439350000001,426.52695000000006,20.716985000000022,-8.977042318e-07,2.188604859e-07,0.95,0.95,-9.449518229473684e-07,2.3037945884210528e-07,0,stable_low,1,1.0182991872093023e-05,1,,PASS,/home/zhupl25/chiplet_side_channel/chiplet_gds_data/power_macro/delay_chain/ftc/runs/t0_transient_droop/r399/scenarios/t0__b0p95__L2__dv90p0__h3000p0__pm2225p0__f4606c58d741d1da10eb,7140fe65d146a2ca888ccb763d67d918c5ac1ad7e57f185bb4faa8e59cb6cc4c,598cd1b1604d8ee7fee51d6e738e936e3007ef12ca6a441288f76eb88c5c3ed0,t0_5a_0p95_l2_long,L2_LONG_PULSE,BOUNDARY_FINE_25PS,STABLE_Q0,1.7350000000000001e-09,4.001e-09,4.002e-09,NOT_APPLICABLE,REUSED_RETAINED_MEASUREMENT,ELECTRICALLY_EQUIVALENT_SOURCE_HASH_DRIFT,f97e7dcf6002aa31b6d83144a87abba5591ac571800f80c5e02f53d3c2382435,7140fe65d146a2ca888ccb763d67d918c5ac1ad7e57f185bb4faa8e59cb6cc4c
t0__b0p95__L2__dv90p0__h3000p0__pm2200p0__d00dcaff65d657eba0e7,0.95,L2,5,6,90.0,0.86,1.0,3000.0,1.0,-2200.0,0.86,3.865009158e-09,4.318504262e-09,4.296172681e-09,7.170977959e-09,453.49510399999957,431.163523,22.331580999999574,-3.532406256e-07,-3.366978217e-07,0.95,0.95,-3.7183223747368425e-07,-3.544187596842106e-07,0,stable_low,1,1.0610977486046512e-05,1,,PASS,/home/zhupl25/chiplet_side_channel/chiplet_gds_data/power_macro/delay_chain/ftc/runs/t0_transient_droop/r400/scenarios/t0__b0p95__L2__dv90p0__h3000p0__pm2200p0__d00dcaff65d657eba0e7,c433d1626d759c62a93ae26828a5f2a8db5a1ceb9152f9b419a28a6aec5ebab5,598cd1b1604d8ee7fee51d6e738e936e3007ef12ca6a441288f76eb88c5c3ed0,t0_5a_0p95_l2_long,L2_LONG_PULSE,BOUNDARY_FINE_25PS,STABLE_Q0,1.7099999999999999e-09,4.001e-09,4.002e-09,NOT_APPLICABLE,REUSED_RETAINED_MEASUREMENT,ELECTRICALLY_EQUIVALENT_SOURCE_HASH_DRIFT,7e506f8e857a1a147d19b6f5fc2e3640d74b917cf86cb97e5879d66d2a83d17b,c433d1626d759c62a93ae26828a5f2a8db5a1ceb9152f9b419a28a6aec5ebab5
t0__b0p95__L2__dv90p0__h3000p0__pm2175p0__8954e59c1ab76cb2c6a0,0.95,L2,5,6,90.0,0.86,1.0,3000.0,1.0,-2175.0,0.86,3.840477287e-09,4.300032816e-09,4.276723801e-09,7.145958021e-09,459.55552900000043,436.24651400000016,23.309015000000272,1.817076937e-08,-3.073871148e-09,0.95,0.95,1.912712565263158e-08,-3.2356538400000002e-09,0,stable_low,1,2.6121376441860463e-06,1,,PASS,/home/zhupl25/chiplet_side_channel/chiplet_gds_data/power_macro/delay_chain/ftc/runs/t0_transient_droop/r401/scenarios/t0__b0p95__L2__dv90p0__h3000p0__pm2175p0__8954e59c1ab76cb2c6a0,225db8f36367b803cbb66c90717d0b4b3113421f0df0a93d054f9f1e4e4d3e21,598cd1b1604d8ee7fee51d6e738e936e3007ef12ca6a441288f76eb88c5c3ed0,t0_5a_0p95_l2_long,L2_LONG_PULSE,BOUNDARY_FINE_25PS,STABLE_Q0,1.685e-09,4.0010000000000006e-09,4.002000000000001e-09,NOT_APPLICABLE,REUSED_RETAINED_MEASUREMENT,ELECTRICALLY_EQUIVALENT_SOURCE_HASH_DRIFT,adaa66a367fad3abf41f90e345fcec71e03989d491729a9c9846c6b4c27c73c6,225db8f36367b803cbb66c90717d0b4b3113421f0df0a93d054f9f1e4e4d3e21
t0__b0p95__L2__dv90p0__h3000p0__pm2150p0__01bb4e489ff0eac6f69c,0.95,L2,5,6,90.0,0.86,1.0,3000.0,1.0,-2150.0,0.86,3.815552103e-09,4.281391013e-09,4.257009256e-09,7.120879541e-09,465.8389099999996,441.45715300000023,24.381756999999368,-3.531407018e-07,-3.353191703e-07,0.95,0.95,-3.717270545263158e-07,-3.529675476842105e-07,0,stable_low,1,1.0371498466279071e-05,1,,PASS,/home/zhupl25/chiplet_side_channel/chiplet_gds_data/power_macro/delay_chain/ftc/runs/t0_transient_droop/r402/scenarios/t0__b0p95__L2__dv90p0__h3000p0__pm2150p0__01bb4e489ff0eac6f69c,415121b7e481bc3056174964e41f17a14f4e857d15fce5b5ef26a171cdc2a6c8,598cd1b1604d8ee7fee51d6e738e936e3007ef12ca6a441288f76eb88c5c3ed0,t0_5a_0p95_l2_long,L2_LONG_PULSE,BOUNDARY_FINE_25PS,STABLE_Q0,1.6599999999999999e-09,4.0010000000000006e-09,4.002000000000001e-09,NOT_APPLICABLE,REUSED_RETAINED_MEASUREMENT,ELECTRICALLY_EQUIVALENT_SOURCE_HASH_DRIFT,4a05652995bcb18dc01457bb4a6de750bce31db1a3d7d0021949be36ad5a542d,415121b7e481bc3056174964e41f17a14f4e857d15fce5b5ef26a171cdc2a6c8
t0__b0p95__L2__dv90p0__h3000p0__pm2125p0__d56d92de618a0b1db91a,0.95,L2,5,6,90.0,0.86,1.0,3000.0,1.0,-2125.0,0.86,3.79006638e-09,4.262505114e-09,4.237021275e-09,7.095773418e-09,472.4387339999994,446.95489499999957,25.48383899999982,-1.076181259e-06,1.397277223e-07,0.95,0.95,-1.132822377894737e-06,1.4708181294736842e-07,0,stable_low,1,1.2256270709302327e-06,1,,PASS,/home/zhupl25/chiplet_side_channel/chiplet_gds_data/power_macro/delay_chain/ftc/runs/t0_transient_droop/r403/scenarios/t0__b0p95__L2__dv90p0__h3000p0__pm2125p0__d56d92de618a0b1db91a,6081480502d0b08f25a6cc246bf3c763d4b357917ae081c58cd705d185d1b277,598cd1b1604d8ee7fee51d6e738e936e3007ef12ca6a441288f76eb88c5c3ed0,t0_5a_0p95_l2_long,L2_LONG_PULSE,BOUNDARY_FINE_25PS,STABLE_Q0,1.635e-09,4.001e-09,4.002e-09,NOT_APPLICABLE,REUSED_RETAINED_MEASUREMENT,ELECTRICALLY_EQUIVALENT_SOURCE_HASH_DRIFT,12e0dbc5e1fda7a4bc6e03c22a79ab316a55fd7b5f85e8926991705861c559f3,6081480502d0b08f25a6cc246bf3c763d4b357917ae081c58cd705d185d1b277
t0__b0p95__L2__dv90p0__h3000p0__pm2100p0__b3a8599cbb88f64c595a,0.95,L2,5,6,90.0,0.86,1.0,3000.0,1.0,-2100.0,0.86,3.764970135e-09,4.244077838e-09,4.217030268e-09,7.070685603e-09,479.10770299999973,452.0601329999998,27.04756999999995,-2.934340064e-07,4.941337421e-07,0.95,0.95,-3.0887790147368423e-07,5.201407811578948e-07,0,stable_low,1,1.253004061627907e-06,1,,PASS,/home/zhupl25/chiplet_side_channel/chiplet_gds_data/power_macro/delay_chain/ftc/runs/t0_transient_droop/r404/scenarios/t0__b0p95__L2__dv90p0__h3000p0__pm2100p0__b3a8599cbb88f64c595a,8caad6d87e85ad8fa1c0bfd07e7716a258c6757f8438d4dc2aeecacbf376b297,598cd1b1604d8ee7fee51d6e738e936e3007ef12ca6a441288f76eb88c5c3ed0,t0_5a_0p95_l2_long,L2_LONG_PULSE,BOUNDARY_FINE_25PS,STABLE_Q0,1.6099999999999998e-09,4.001e-09,4.002e-09,NOT_APPLICABLE,REUSED_RETAINED_MEASUREMENT,ELECTRICALLY_EQUIVALENT_SOURCE_HASH_DRIFT,1176a46a549789c1168465b56c86aa0162b11ae03dad6fdcaa7c0cb273384ce9,8caad6d87e85ad8fa1c0bfd07e7716a258c6757f8438d4dc2aeecacbf376b297
t0__b0p95__L2__dv90p0__h3000p0__pm2075p0__557eebeb07404758f9a2,0.95,L2,5,6,90.0,0.86,1.0,3000.0,1.0,-2075.0,0.86,3.73997134e-09,4.225602027e-09,4.196834749e-09,7.045685544e-09,485.6306869999996,456.8634090000004,28.767277999999237,-2.869738044e-07,4.860515737e-07,0.95,0.95,-3.0207768884210527e-07,5.116332354736842e-07,0,stable_low,1,1.2518694872093025e-06,1,,PASS,/home/zhupl25/chiplet_side_channel/chiplet_gds_data/power_macro/delay_chain/ftc/runs/t0_transient_droop/r405/scenarios/t0__b0p95__L2__dv90p0__h3000p0__pm2075p0__557eebeb07404758f9a2,bb9ce1fc11b2060053db24b0a7230dd8dbec19fe173ff445e3cf857be8a0344c,598cd1b1604d8ee7fee51d6e738e936e3007ef12ca6a441288f76eb88c5c3ed0,t0_5a_0p95_l2_long,L2_LONG_PULSE,BOUNDARY_FINE_25PS,STABLE_Q0,1.585e-09,4.0010000000000006e-09,4.002000000000001e-09,NOT_APPLICABLE,REUSED_RETAINED_MEASUREMENT,ELECTRICALLY_EQUIVALENT_SOURCE_HASH_DRIFT,b473bfe76664c9a330240dbc05e5d50750fd374f8d275fbb2ced78e219d56f03,bb9ce1fc11b2060053db24b0a7230dd8dbec19fe173ff445e3cf857be8a0344c
t0__b0p95__L2__dv90p0__h3000p0__pm2050p0__3e94c1cac0e8e7edfa04,0.95,L2,5,6,90.0,0.86,1.0,3000.0,1.0,-2050.0,0.86,3.715632783e-09,4.207578292e-09,4.176970224e-09,7.020392093e-09,491.94550900000047,461.3374409999999,30.60806800000057,-6.260263441e-07,1.09427854e-07,0.95,0.95,-6.589750990526317e-07,1.1518721473684212e-07,0,stable_low,1,2.493313910465116e-06,1,,PASS,/home/zhupl25/chiplet_side_channel/chiplet_gds_data/power_macro/delay_chain/ftc/runs/t0_transient_droop/r406/scenarios/t0__b0p95__L2__dv90p0__h3000p0__pm2050p0__3e94c1cac0e8e7edfa04,f4d4149dfa2e9f54ee17041c262317b491d94bf69d2b6eefa5309a535716156d,598cd1b1604d8ee7fee51d6e738e936e3007ef12ca6a441288f76eb88c5c3ed0,t0_5a_0p95_l2_long,L2_LONG_PULSE,BOUNDARY_FINE_25PS,STABLE_Q0,1.5600000000000002e-09,4.001e-09,4.002e-09,NOT_APPLICABLE,REUSED_RETAINED_MEASUREMENT,ELECTRICALLY_EQUIVALENT_SOURCE_HASH_DRIFT,926ac6667c35b9666cd527ffd472316aecf60243fc50af9d6f1fa0f4b48280f4,f4d4149dfa2e9f54ee17041c262317b491d94bf69d2b6eefa5309a535716156d
t0__b0p95__L2__dv90p0__h3000p0__pm2025p0__c2cebfe485e81a43ccfc,0.95,L2,5,6,90.0,0.86,1.0,3000.0,1.0,-2025.0,0.86,3.690179522e-09,4.188371574e-09,4.155167269e-09,6.995528017e-09,498.19205199999965,464.98774699999973,33.20430499999992,-1.092491674e-07,-2.453348868e-07,0.95,0.95,-1.1499912357894738e-07,-2.582472492631579e-07,0,stable_low,1,3.6993511837209302e-06,1,,PASS,/home/zhupl25/chiplet_side_channel/chiplet_gds_data/power_macro/delay_chain/ftc/runs/t0_transient_droop/r407/scenarios/t0__b0p95__L2__dv90p0__h3000p0__pm2025p0__c2cebfe485e81a43ccfc,8efcba0391664e9cb29409b4cf745dece6c28af45210f8bb904c9e15d3d27f22,598cd1b1604d8ee7fee51d6e738e936e3007ef12ca6a441288f76eb88c5c3ed0,t0_5a_0p95_l2_long,L2_LONG_PULSE,BOUNDARY_FINE_25PS,STABLE_Q0,1.535e-09,4.001e-09,4.002e-09,NOT_APPLICABLE,REUSED_RETAINED_MEASUREMENT,ELECTRICALLY_EQUIVALENT_SOURCE_HASH_DRIFT,9dbfbba7106d1b39471898c0548380bd3ebecd197ab443ee4ac30fa52986e8be,8efcba0391664e9cb29409b4cf745dece6c28af45210f8bb904c9e15d3d27f22
t0__b0p95__L2__dv90p0__h3000p0__pm2000p0__a7875c2c8e9ca7694938,0.95,L2,5,6,90.0,0.86,1.0,3000.0,1.0,-2000.0,0.86,3.665208321e-09,4.170198552e-09,4.132273003e-09,6.970703165e-09,504.99023100000005,467.0646819999999,37.92554900000016,0.9499996785,0.9499996865,0.95,0.95,0.9999996615789474,0.99999967,1,stable_high,1,2.291185280232558e-06,1,,PASS,/home/zhupl25/chiplet_side_channel/chiplet_gds_data/power_macro/delay_chain/ftc/runs/t0_transient_droop/r397/scenarios/t0__b0p95__L2__dv90p0__h3000p0__pm2000p0__a7875c2c8e9ca7694938,fc67c26de8bf01a5f587ba925c0629d643c39c1277e48e1ab649eb2f0fb807c2,598cd1b1604d8ee7fee51d6e738e936e3007ef12ca6a441288f76eb88c5c3ed0,t0_5a_0p95_l2_long,L2_LONG_PULSE,LEFT_COARSE_EXTENSION,CLEAN_Q1,1.5100000000000002e-09,4.0010000000000006e-09,4.002000000000001e-09,NOT_APPLICABLE,REUSED_RETAINED_MEASUREMENT,ELECTRICALLY_EQUIVALENT_SOURCE_HASH_DRIFT,e03075c3bac5ca51defbc1e9fe176bf7e5c824e7a25ee3d9b71146a9547dd780,fc67c26de8bf01a5f587ba925c0629d643c39c1277e48e1ab649eb2f0fb807c2
t0__b0p95__L2__dv90p0__h3000p0__pm1750p0__90cedefc5b49239155cb,0.95,L2,5,6,90.0,0.86,1.0,3000.0,1.0,-1750.0,0.86,3.414827592e-09,3.979395417e-09,3.910336964e-09,6.720581185e-09,564.567825,495.50937200000027,69.0584529999997,0.9499996982,0.9499996892,0.95,0.95,0.9999996823157895,0.9999996728421053,1,stable_high,1,3.708044988372093e-06,1,,PASS,/home/zhupl25/chiplet_side_channel/chiplet_gds_data/power_macro/delay_chain/ftc/runs/t0_transient_droop/r396/scenarios/t0__b0p95__L2__dv90p0__h3000p0__pm1750p0__90cedefc5b49239155cb,066d792f9fcfd7e9f4d3fb30fbe1ad30dacc23d710fbefdbf124b1eb588dfa53,598cd1b1604d8ee7fee51d6e738e936e3007ef12ca6a441288f76eb88c5c3ed0,t0_5a_0p95_l2_long,L2_LONG_PULSE,LEFT_COARSE_EXTENSION,CLEAN_Q1,1.26e-09,4.001e-09,4.002e-09,NOT_APPLICABLE,REUSED_RETAINED_MEASUREMENT,ELECTRICALLY_EQUIVALENT_SOURCE_HASH_DRIFT,80f1726a23c26001e80eef0811be16ce4ce81948f9719267957cfdd5c293f89f,066d792f9fcfd7e9f4d3fb30fbe1ad30dacc23d710fbefdbf124b1eb588dfa53
t0__b0p95__L2__dv90p0__h3000p0__pm1500p0__fad3d2b3d59613459dcd,0.95,L2,5,6,90.0,0.86,1.0,3000.0,1.0,-1500.0,0.86,3.164739824e-09,3.729854791e-09,3.659962697e-09,6.470514307e-09,565.1149669999995,495.22287299999965,69.89209399999987,0.9499997193,0.9499996479,0.95,0.95,0.9999997045263159,0.9999996293684211,1,stable_high,1,2.9216623918604656e-06,1,,PASS,/home/zhupl25/chiplet_side_channel/chiplet_gds_data/power_macro/delay_chain/ftc/runs/t0_transient_droop/r395/scenarios/t0__b0p95__L2__dv90p0__h3000p0__pm1500p0__fad3d2b3d59613459dcd,5999b8aff7a968de9a81cdb7a98b0d7cd7b726eddeb43ca8352c8d49dc64d0bc,598cd1b1604d8ee7fee51d6e738e936e3007ef12ca6a441288f76eb88c5c3ed0,t0_5a_0p95_l2_long,L2_LONG_PULSE,LEFT_COARSE_EXTENSION,CLEAN_Q1,1.01e-09,4.001e-09,4.002e-09,NOT_APPLICABLE,REUSED_RETAINED_MEASUREMENT,ELECTRICALLY_EQUIVALENT_SOURCE_HASH_DRIFT,40d2d4b3a540ab5e71b9f391d9d5565c838728ea818551f6079182d44e0ed6f2,5999b8aff7a968de9a81cdb7a98b0d7cd7b726eddeb43ca8352c8d49dc64d0bc
t0__b0p95__L2__dv90p0__h3000p0__pm1250p0__972c01c3331303a3ddb3,0.95,L2,5,6,90.0,0.86,1.0,3000.0,1.0,-1250.0,0.86,2.155207754e-09,2.71915544e-09,2.650277349e-09,5.46052426e-09,563.947686,495.069595,68.87809099999998,0.9499985095,0.9499966981,0.95,0.95,0.9999984310526316,0.9999965243157894,1,stable_high,1,2.220292715116279e-06,1,,PASS,/home/zhupl25/chiplet_side_channel/chiplet_gds_data/power_macro/delay_chain/ftc/runs/t0_transient_droop/r393/scenarios/t0__b0p95__L2__dv90p0__h3000p0__pm1250p0__972c01c3331303a3ddb3,77e04420f976adbc8f9bfad0ae8cb26d1d436c106fba2a86ef100d9f695da728,598cd1b1604d8ee7fee51d6e738e936e3007ef12ca6a441288f76eb88c5c3ed0,t0_5a_0p95_l2_long,L2_LONG_PULSE,LEFT_COARSE_EXTENSION,CLEAN_Q1,0.0,3.241e-09,3.2419999999999998e-09,NOT_APPLICABLE,REUSED_RETAINED_MEASUREMENT,ELECTRICALLY_EQUIVALENT_SOURCE_HASH_DRIFT,622e0e562ff47c24b9895a6ed9417d091f966b4b1f468c6f29e668e908fafa2d,77e04420f976adbc8f9bfad0ae8cb26d1d436c106fba2a86ef100d9f695da728
t0__b0p95__L2__dv90p0__h3000p0__pm1000p0__132b9e4869d12f47fc2b,0.95,L2,5,6,90.0,0.86,1.0,3000.0,1.0,-1000.0,0.86,2.154950747e-09,2.719480255e-09,2.650341043e-09,5.46075252e-09,564.5295079999997,495.3902959999998,69.13921199999993,0.9499935839,0.9500005284,0.95,0.95,0.9999932462105263,1.0000005562105263,1,stable_high,1,8.20261563372093e-07,1,,PASS,/home/zhupl25/chiplet_side_channel/chiplet_gds_data/power_macro/delay_chain/ftc/runs/t0_transient_droop/r88/scenarios/t0__b0p95__L2__dv90p0__h3000p0__pm1000p0__132b9e4869d12f47fc2b,c25b873ea09b50dc0efc1cdadae4ef089541f7d4c4591410a22227387789528b,598cd1b1604d8ee7fee51d6e738e936e3007ef12ca6a441288f76eb88c5c3ed0,t0_5a_0p95_l2_long,L2_LONG_PULSE,REUSED_T0_3_PHASE_POINT,CLEAN_Q1,0.0,3.4909999999999996e-09,3.4919999999999995e-09,NOT_APPLICABLE,REUSED_T0_3_AUTHORITY_ROW,T0_3_PHASE_WINDOW_CSV_SELECTED_SCENARIO,b1d67fd970f2958380c0b421498fcd10a10dcd669276775feb03a71162188759,c25b873ea09b50dc0efc1cdadae4ef089541f7d4c4591410a22227387789528b
t0__b0p95__L2__dv90p0__h3000p0__pm750p0__8a915554e25e9308d6d8,0.95,L2,5,6,90.0,0.86,1.0,3000.0,1.0,-750.0,0.86,2.155637251e-09,2.71956859e-09,2.650830517e-09,5.461417078e-09,563.9313390000002,495.19326599999994,68.73807300000027,0.9499919864,0.9500020376,0.95,0.95,0.999991564631579,1.0000021448421053,1,stable_high,1,2.1900713639534885e-06,1,,PASS,/home/zhupl25/chiplet_side_channel/chiplet_gds_data/power_macro/delay_chain/ftc/runs/t0_transient_droop/r89/scenarios/t0__b0p95__L2__dv90p0__h3000p0__pm750p0__8a915554e25e9308d6d8,d04d03ed4773b1d2855cb32fbc7bf93f63306035f0da1365a593774a39b60691,598cd1b1604d8ee7fee51d6e738e936e3007ef12ca6a441288f76eb88c5c3ed0,t0_5a_0p95_l2_long,L2_LONG_PULSE,REUSED_T0_3_PHASE_POINT,CLEAN_Q1,0.0,3.741e-09,3.7420000000000005e-09,NOT_APPLICABLE,REUSED_T0_3_AUTHORITY_ROW,T0_3_PHASE_WINDOW_CSV_SELECTED_SCENARIO,86bceb8dd6bc36ecf19c15de6aeb3eec54d01bee655b705a74009cffcdc58191,d04d03ed4773b1d2855cb32fbc7bf93f63306035f0da1365a593774a39b60691
t0__b0p95__L2__dv90p0__h3000p0__pm500p0__b45c947498bb3f74e01c,0.95,L2,5,6,90.0,0.86,1.0,3000.0,1.0,-500.0,0.86,2.154895113e-09,2.719019658e-09,2.650308078e-09,5.460502607e-09,564.1245449999998,495.41296499999993,68.71157999999986,0.8599996904,0.8599996484,0.86,0.86,0.9999996400000001,0.9999995911627907,1,stable_high,1,3.462975253488372e-06,1,,PASS,/home/zhupl25/chiplet_side_channel/chiplet_gds_data/power_macro/delay_chain/ftc/runs/t0_transient_droop/r90/scenarios/t0__b0p95__L2__dv90p0__h3000p0__pm500p0__b45c947498bb3f74e01c,2f4cda91b15228896104ad5d36b7a5a7c87b84fc316be4c2374db25b095544dc,598cd1b1604d8ee7fee51d6e738e936e3007ef12ca6a441288f76eb88c5c3ed0,t0_5a_0p95_l2_long,L2_LONG_PULSE,REUSED_T0_3_PHASE_POINT,CLEAN_Q1,0.0,3.991e-09,3.992e-09,NOT_APPLICABLE,REUSED_T0_3_AUTHORITY_ROW,T0_3_PHASE_WINDOW_CSV_SELECTED_SCENARIO,987c2f55e3225a75f4529192dbce4b9b301d3a75805d0c702e665fc3a62252ac,2f4cda91b15228896104ad5d36b7a5a7c87b84fc316be4c2374db25b095544dc
t0__b0p95__L2__dv90p0__h3000p0__pm250p0__d12c405986c3f7c24c3d,0.95,L2,5,6,90.0,0.86,1.0,3000.0,1.0,-250.0,0.86,2.154887721e-09,2.718810444e-09,2.650174809e-09,5.460758385e-09,563.922723,495.28708800000004,68.63563499999998,0.8599997104,0.8599996484,0.86,0.86,0.999999663255814,0.9999995911627907,1,stable_high,1,1.078813311627907e-06,1,,PASS,/home/zhupl25/chiplet_side_channel/chiplet_gds_data/power_macro/delay_chain/ftc/runs/t0_transient_droop/r91/scenarios/t0__b0p95__L2__dv90p0__h3000p0__pm250p0__d12c405986c3f7c24c3d,cd0f919dcc88eb2f33f4fff3cf4f368293b0290ade6f8686eb97b0f490b962d5,598cd1b1604d8ee7fee51d6e738e936e3007ef12ca6a441288f76eb88c5c3ed0,t0_5a_0p95_l2_long,L2_LONG_PULSE,REUSED_T0_3_PHASE_POINT,CLEAN_Q1,0.0,4.241e-09,4.242e-09,NOT_APPLICABLE,REUSED_T0_3_AUTHORITY_ROW,T0_3_PHASE_WINDOW_CSV_SELECTED_SCENARIO,ec0bd430bd13f344e87bc35ff70fdb6865428f964cb7712c9b21267401443415,cd0f919dcc88eb2f33f4fff3cf4f368293b0290ade6f8686eb97b0f490b962d5
t0__b0p95__L2__dv90p0__h3000p0__p0p0__dc5e4b2f0c52e2c2b21a,0.95,L2,5,6,90.0,0.86,1.0,3000.0,1.0,0.0,0.86,2.156094887e-09,2.71997315e-09,2.651231483e-09,5.459702783e-09,563.8782629999996,495.136596,68.74166699999961,0.8599997934,0.8599996277,0.86,0.86,0.9999997597674418,0.9999995670930233,1,stable_high,1,1.1429297982558139e-06,1,,PASS,/home/zhupl25/chiplet_side_channel/chiplet_gds_data/power_macro/delay_chain/ftc/runs/t0_transient_droop/r92/scenarios/t0__b0p95__L2__dv90p0__h3000p0__p0p0__dc5e4b2f0c52e2c2b21a,49a31f3a5c41b891a51c2bb4014784ea25b3a2e7202b8e8508a90a98b2336960,598cd1b1604d8ee7fee51d6e738e936e3007ef12ca6a441288f76eb88c5c3ed0,t0_5a_0p95_l2_long,L2_LONG_PULSE,REUSED_T0_3_PHASE_POINT,CLEAN_Q1,0.0,4.491e-09,4.492000000000001e-09,NOT_APPLICABLE,REUSED_T0_3_AUTHORITY_ROW,T0_3_PHASE_WINDOW_CSV_SELECTED_SCENARIO,9c7a41c1e1f1dfe0484612c830700106567d826af8e6d0f2e6af17eb4f2fc25a,49a31f3a5c41b891a51c2bb4014784ea25b3a2e7202b8e8508a90a98b2336960
t0__b0p95__L2__dv90p0__h3000p0__p25p0__a4c518fe8066b476707f,0.95,L2,5,6,90.0,0.86,1.0,3000.0,1.0,25.0,0.86,2.149082898e-09,2.711708813e-09,2.644767581e-09,5.465132785e-09,562.6259149999998,495.6846829999999,66.94123199999996,0.8599997079,0.8599996515,0.86,0.86,0.9999996603488372,0.9999995947674419,1,stable_high,1,2.9468826372093024e-06,1,,PASS,/home/zhupl25/chiplet_side_channel/chiplet_gds_data/power_macro/delay_chain/ftc/runs/t0_transient_droop/r114/scenarios/t0__b0p95__L2__dv90p0__h3000p0__p25p0__a4c518fe8066b476707f,05d7107766bc20b3b9945d46c4f2a4250f315362707ac6130016befb3169850e,598cd1b1604d8ee7fee51d6e738e936e3007ef12ca6a441288f76eb88c5c3ed0,t0_5a_0p95_l2_long,L2_LONG_PULSE,REUSED_T0_3_PHASE_POINT,CLEAN_Q1,0.0,4.516e-09,4.517e-09,NOT_APPLICABLE,REUSED_T0_3_AUTHORITY_ROW,T0_3_PHASE_WINDOW_CSV_SELECTED_SCENARIO,6df7d2441dea664d321a41e7142f7b79d49d6d08599ddc29ba4dc85b122c4bde,05d7107766bc20b3b9945d46c4f2a4250f315362707ac6130016befb3169850e
t0__b0p95__L2__dv90p0__h3000p0__p50p0__f3c47dd6c3902836e7bd,0.95,L2,5,6,90.0,0.86,1.0,3000.0,1.0,50.0,0.86,2.143306363e-09,2.703073893e-09,2.63876005e-09,5.470373177e-09,559.76753,495.45368700000006,64.3138429999999,0.8599996819,0.8599996352,0.86,0.86,0.999999630116279,0.9999995758139535,1,stable_high,1,2.769933130232558e-06,1,,PASS,/home/zhupl25/chiplet_side_channel/chiplet_gds_data/power_macro/delay_chain/ftc/runs/t0_transient_droop/r115/scenarios/t0__b0p95__L2__dv90p0__h3000p0__p50p0__f3c47dd6c3902836e7bd,ac149f6b6caa04e44f634a60be6c3ef11c8e8fa7358ca551c3fe20fac200695d,598cd1b1604d8ee7fee51d6e738e936e3007ef12ca6a441288f76eb88c5c3ed0,t0_5a_0p95_l2_long,L2_LONG_PULSE,REUSED_T0_3_PHASE_POINT,CLEAN_Q1,0.0,4.541e-09,4.542e-09,NOT_APPLICABLE,REUSED_T0_3_AUTHORITY_ROW,T0_3_PHASE_WINDOW_CSV_SELECTED_SCENARIO,a6d734e1ff3c5e4954ab0717fceaf6b2397d4a8b027906640166c108901d9672,ac149f6b6caa04e44f634a60be6c3ef11c8e8fa7358ca551c3fe20fac200695d
t0__b0p95__L2__dv90p0__h3000p0__p75p0__7a3bf623225297362e27,0.95,L2,5,6,90.0,0.86,1.0,3000.0,1.0,75.0,0.86,2.137359084e-09,2.694271411e-09,2.632410795e-09,5.475590541e-09,556.9123270000001,495.05171099999995,61.860616000000164,0.8599997205,0.8599996524,0.86,0.86,0.999999675,0.9999995958139535,1,stable_high,1,3.4061092918604654e-06,1,,PASS,/home/zhupl25/chiplet_side_channel/chiplet_gds_data/power_macro/delay_chain/ftc/runs/t0_transient_droop/r116/scenarios/t0__b0p95__L2__dv90p0__h3000p0__p75p0__7a3bf623225297362e27,5767abcd1fa46727e2ca73605862f1f2aa35268e08127c73afeb12e85c204241,598cd1b1604d8ee7fee51d6e738e936e3007ef12ca6a441288f76eb88c5c3ed0,t0_5a_0p95_l2_long,L2_LONG_PULSE,REUSED_T0_3_PHASE_POINT,CLEAN_Q1,0.0,4.566e-09,4.5670000000000005e-09,NOT_APPLICABLE,REUSED_T0_3_AUTHORITY_ROW,T0_3_PHASE_WINDOW_CSV_SELECTED_SCENARIO,cc577edd6ec2a1d6e13c92139125b44d60a7eadd09b3366406d0e9bd0a192ef1,5767abcd1fa46727e2ca73605862f1f2aa35268e08127c73afeb12e85c204241
t0__b0p95__L2__dv90p0__h3000p0__p100p0__44aab1c8f6595c130c80,0.95,L2,5,6,90.0,0.86,1.0,3000.0,1.0,100.0,0.86,2.131390903e-09,2.68532819e-09,2.626737292e-09,5.480532143e-09,553.937287,495.34638900000004,58.590897999999925,1.023555596e-07,1.250531221e-07,0.86,0.86,1.1901809255813954e-07,1.4541060709302326e-07,0,stable_low,1,3.7759995104651164e-06,1,,PASS,/home/zhupl25/chiplet_side_channel/chiplet_gds_data/power_macro/delay_chain/ftc/runs/t0_transient_droop/r117/scenarios/t0__b0p95__L2__dv90p0__h3000p0__p100p0__44aab1c8f6595c130c80,3822a3ab91da111cee30d19f97ee74caffab3c411011630b24946b6dfe67b9e8,598cd1b1604d8ee7fee51d6e738e936e3007ef12ca6a441288f76eb88c5c3ed0,t0_5a_0p95_l2_long,L2_LONG_PULSE,REUSED_T0_3_PHASE_POINT,STABLE_Q0,0.0,4.5909999999999996e-09,4.592e-09,NOT_APPLICABLE,REUSED_T0_3_AUTHORITY_ROW,T0_3_PHASE_WINDOW_CSV_SELECTED_SCENARIO,c6ef78d612ae537fde42a330cbe159575fb499328a65a328683b31b470fd88ca,3822a3ab91da111cee30d19f97ee74caffab3c411011630b24946b6dfe67b9e8
t0__b0p95__L2__dv90p0__h3000p0__p125p0__8cf359bce0abf9a78a17,0.95,L2,5,6,90.0,0.86,1.0,3000.0,1.0,125.0,0.86,2.125173912e-09,2.677467691e-09,2.620969468e-09,5.486207831e-09,552.2937789999997,495.79555599999975,56.498222999999996,1.110151865e-07,1.446254877e-07,0.86,0.86,1.2908742616279069e-07,1.6816917174418603e-07,0,stable_low,1,3.3608503686046513e-06,1,,PASS,/home/zhupl25/chiplet_side_channel/chiplet_gds_data/power_macro/delay_chain/ftc/runs/t0_transient_droop/r118/scenarios/t0__b0p95__L2__dv90p0__h3000p0__p125p0__8cf359bce0abf9a78a17,5072d583e6c963ac72131979b5671ba795998f122c5106b708cf6c9dd9a277fa,598cd1b1604d8ee7fee51d6e738e936e3007ef12ca6a441288f76eb88c5c3ed0,t0_5a_0p95_l2_long,L2_LONG_PULSE,REUSED_T0_3_PHASE_POINT,STABLE_Q0,0.0,4.616e-09,4.617e-09,NOT_APPLICABLE,REUSED_T0_3_AUTHORITY_ROW,T0_3_PHASE_WINDOW_CSV_SELECTED_SCENARIO,3346be50e480c83ca95d85527d6438ddb5cde99a56c16d03a7f01c2388d5daab,5072d583e6c963ac72131979b5671ba795998f122c5106b708cf6c9dd9a277fa
t0__b0p95__L2__dv90p0__h3000p0__p150p0__469604873a0047286cf7,0.95,L2,5,6,90.0,0.86,1.0,3000.0,1.0,150.0,0.86,2.119362111e-09,2.669062741e-09,2.614702496e-09,5.490263245e-09,549.7006299999999,495.340385,54.36024499999991,-8.445614304e-09,1.402884148e-07,0.86,0.86,-9.82048174883721e-09,1.6312606372093022e-07,0,stable_low,1,3.356372239534884e-06,1,,PASS,/home/zhupl25/chiplet_side_channel/chiplet_gds_data/power_macro/delay_chain/ftc/runs/t0_transient_droop/r119/scenarios/t0__b0p95__L2__dv90p0__h3000p0__p150p0__469604873a0047286cf7,d8d7b5ad1a616eb8e4d92ddbadf6b3c464cbd6bbc7e53f090c14b1e011494f2a,598cd1b1604d8ee7fee51d6e738e936e3007ef12ca6a441288f76eb88c5c3ed0,t0_5a_0p95_l2_long,L2_LONG_PULSE,REUSED_T0_3_PHASE_POINT,STABLE_Q0,0.0,4.641e-09,4.642e-09,NOT_APPLICABLE,REUSED_T0_3_AUTHORITY_ROW,T0_3_PHASE_WINDOW_CSV_SELECTED_SCENARIO,565a56021b3329c787bcc5f365ef3db42e9833aee5107a11dcdb3386cb593492,d8d7b5ad1a616eb8e4d92ddbadf6b3c464cbd6bbc7e53f090c14b1e011494f2a
t0__b0p95__L2__dv90p0__h3000p0__p175p0__9f975f30ec80c48d05ad,0.95,L2,5,6,90.0,0.86,1.0,3000.0,1.0,175.0,0.86,2.113009305e-09,2.660774348e-09,2.608501987e-09,5.495969128e-09,547.7650429999999,495.4926820000002,52.272360999999705,1.176094129e-07,1.354457799e-07,0.86,0.86,1.3675513127906976e-07,1.5749509290697677e-07,0,stable_low,1,1.3154878220930233e-06,1,,PASS,/home/zhupl25/chiplet_side_channel/chiplet_gds_data/power_macro/delay_chain/ftc/runs/t0_transient_droop/r120/scenarios/t0__b0p95__L2__dv90p0__h3000p0__p175p0__9f975f30ec80c48d05ad,d4dae265a960fdfb9fd017b287deb143e04fe30a1e5d1b98a5113f211fe34146,598cd1b1604d8ee7fee51d6e738e936e3007ef12ca6a441288f76eb88c5c3ed0,t0_5a_0p95_l2_long,L2_LONG_PULSE,REUSED_T0_3_PHASE_POINT,STABLE_Q0,0.0,4.666e-09,4.6670000000000005e-09,NOT_APPLICABLE,REUSED_T0_3_AUTHORITY_ROW,T0_3_PHASE_WINDOW_CSV_SELECTED_SCENARIO,2affe204c97ecd548afb860df7247295756636bc3c2c30a5f21148ecd152c94f,d4dae265a960fdfb9fd017b287deb143e04fe30a1e5d1b98a5113f211fe34146
t0__b0p95__L2__dv90p0__h3000p0__p200p0__a44558f762f96ad14a92,0.95,L2,5,6,90.0,0.86,1.0,3000.0,1.0,200.0,0.86,2.107172724e-09,2.651467875e-09,2.602804063e-09,5.500956387e-09,544.2951509999997,495.6313389999999,48.66381199999978,-8.156154506e-08,1.830708526e-07,0.86,0.86,-9.483900588372093e-08,2.1287308441860465e-07,0,stable_low,1,2.8384960639534887e-06,1,,PASS,/home/zhupl25/chiplet_side_channel/chiplet_gds_data/power_macro/delay_chain/ftc/runs/t0_transient_droop/r121/scenarios/t0__b0p95__L2__dv90p0__h3000p0__p200p0__a44558f762f96ad14a92,278bb062737eedae8f7a64dd25ae634e411362f3286f69b75841e2a40110a447,598cd1b1604d8ee7fee51d6e738e936e3007ef12ca6a441288f76eb88c5c3ed0,t0_5a_0p95_l2_long,L2_LONG_PULSE,REUSED_T0_3_PHASE_POINT,STABLE_Q0,0.0,4.691e-09,4.692e-09,NOT_APPLICABLE,REUSED_T0_3_AUTHORITY_ROW,T0_3_PHASE_WINDOW_CSV_SELECTED_SCENARIO,01acc698a048dc90908baebd8df81c72c7897de4ec5d5b31a20e75a15d972eaf,278bb062737eedae8f7a64dd25ae634e411362f3286f69b75841e2a40110a447
t0__b0p95__L2__dv90p0__h3000p0__p225p0__62d856216037edd61ec3,0.95,L2,5,6,90.0,0.86,1.0,3000.0,1.0,225.0,0.86,2.1010817e-09,2.642857447e-09,2.596613277e-09,5.505984012e-09,541.775747,495.5315769999998,46.244170000000224,-1.100625182e-07,1.960592048e-07,0.86,0.86,-1.279796723255814e-07,2.2797581953488374e-07,0,stable_low,1,3.324776969767442e-06,1,,PASS,/home/zhupl25/chiplet_side_channel/chiplet_gds_data/power_macro/delay_chain/ftc/runs/t0_transient_droop/r122/scenarios/t0__b0p95__L2__dv90p0__h3000p0__p225p0__62d856216037edd61ec3,85e42887dc7178a37cf7f0a8f086d3281a6a5dfa3a29fff7c4fa20e028a61f2c,598cd1b1604d8ee7fee51d6e738e936e3007ef12ca6a441288f76eb88c5c3ed0,t0_5a_0p95_l2_long,L2_LONG_PULSE,REUSED_T0_3_PHASE_POINT,STABLE_Q0,0.0,4.716e-09,4.717e-09,NOT_APPLICABLE,REUSED_T0_3_AUTHORITY_ROW,T0_3_PHASE_WINDOW_CSV_SELECTED_SCENARIO,cd7a3c06e9bde9ff802a419c98afeae8ef66f9578496a80d6bf69dc6ca4e4599,85e42887dc7178a37cf7f0a8f086d3281a6a5dfa3a29fff7c4fa20e028a61f2c
t0__b0p95__L2__dv90p0__h3000p0__p250p0__16448f4b2bce5c10a61e,0.95,L2,5,6,90.0,0.86,1.0,3000.0,1.0,250.0,0.86,2.095160395e-09,2.633665018e-09,2.590449991e-09,5.511377431e-09,538.504623,495.28959600000036,43.21502699999968,-1.167454564e-07,1.871211839e-07,0.86,0.86,-1.357505306976744e-07,2.175827719767442e-07,0,stable_low,1,3.316444153488372e-06,1,,PASS,/home/zhupl25/chiplet_side_channel/chiplet_gds_data/power_macro/delay_chain/ftc/runs/t0_transient_droop/r93/scenarios/t0__b0p95__L2__dv90p0__h3000p0__p250p0__16448f4b2bce5c10a61e,3723bb22517f99f0ce51632c2b634049ba4f995d41a2669712433b537a417f5d,598cd1b1604d8ee7fee51d6e738e936e3007ef12ca6a441288f76eb88c5c3ed0,t0_5a_0p95_l2_long,L2_LONG_PULSE,REUSED_T0_3_PHASE_POINT,STABLE_Q0,0.0,4.741e-09,4.742e-09,NOT_APPLICABLE,REUSED_T0_3_AUTHORITY_ROW,T0_3_PHASE_WINDOW_CSV_SELECTED_SCENARIO,e490eda045fa53e20d65ed527bb2a69a739e1cb6141ecb7739cffaaf1e3b50aa,3723bb22517f99f0ce51632c2b634049ba4f995d41a2669712433b537a417f5d
t0__b0p95__L2__dv90p0__h3000p0__p500p0__ca5ccfb75a20efbdad1c,0.95,L2,5,6,90.0,0.86,1.0,3000.0,1.0,500.0,0.86,2.035127244e-09,2.547824318e-09,2.530279919e-09,5.562371573e-09,512.6970739999998,495.15267499999993,17.544398999999885,1.29618167e-08,3.15445601e-07,0.86,0.86,1.507187988372093e-08,3.667972104651163e-07,0,stable_low,1,3.214636380232558e-06,1,,PASS,/home/zhupl25/chiplet_side_channel/chiplet_gds_data/power_macro/delay_chain/ftc/runs/t0_transient_droop/r94/scenarios/t0__b0p95__L2__dv90p0__h3000p0__p500p0__ca5ccfb75a20efbdad1c,a50c062e873ab07d276918bf9e9c19083122753d1bab7b847ba978486890cd25,598cd1b1604d8ee7fee51d6e738e936e3007ef12ca6a441288f76eb88c5c3ed0,t0_5a_0p95_l2_long,L2_LONG_PULSE,REUSED_T0_3_PHASE_POINT,STABLE_Q0,0.0,4.991e-09,4.992e-09,NOT_APPLICABLE,REUSED_T0_3_AUTHORITY_ROW,T0_3_PHASE_WINDOW_CSV_SELECTED_SCENARIO,02f1b3a6e8a84fb6f532ffe788b7dee2d07961dc527572c899fbc0924acbcdbd,a50c062e873ab07d276918bf9e9c19083122753d1bab7b847ba978486890cd25
t0__b0p95__L2__dv90p0__h3000p0__p750p0__5a803d340fb248eeef17,0.95,L2,5,6,90.0,0.86,1.0,3000.0,1.0,750.0,0.86,2.022448913e-09,2.461389667e-09,2.460802668e-09,5.617061832e-09,438.94075399999974,438.3537549999997,0.5869990000000485,-4.388986154e-07,1.019983035e-06,0.86,0.86,-5.103472272093023e-07,1.1860267848837208e-06,0,stable_low,1,2.887484848837209e-06,1,,PASS,/home/zhupl25/chiplet_side_channel/chiplet_gds_data/power_macro/delay_chain/ftc/runs/t0_transient_droop/r95/scenarios/t0__b0p95__L2__dv90p0__h3000p0__p750p0__5a803d340fb248eeef17,bbba6f50902316fd4bc6f67e2963cc08e620dd17a50a66a130fe0579dea0bae0,598cd1b1604d8ee7fee51d6e738e936e3007ef12ca6a441288f76eb88c5c3ed0,t0_5a_0p95_l2_long,L2_LONG_PULSE,REUSED_T0_3_PHASE_POINT,STABLE_Q0,0.0,5.241e-09,5.242000000000001e-09,NOT_APPLICABLE,REUSED_T0_3_AUTHORITY_ROW,T0_3_PHASE_WINDOW_CSV_SELECTED_SCENARIO,2025b580c2af3cca4a2d9cd4c361f44216bf1a1bf2897b802e486f32ea9024fc,bbba6f50902316fd4bc6f67e2963cc08e620dd17a50a66a130fe0579dea0bae0
t0__b0p95__L2__dv90p0__h3000p0__p1000p0__aceb64e9c497b563690b,0.95,L2,5,6,90.0,0.86,1.0,3000.0,1.0,1000.0,0.86,2.022448913e-09,2.40343136e-09,2.425115752e-09,5.666806187e-09,380.982447,402.66683900000004,-21.68439200000006,1.598782498e-07,1.736965237e-07,0.86,0.86,1.8590494162790697e-07,2.019727019767442e-07,0,stable_low,1,3.0403810488372095e-06,1,,PASS,/home/zhupl25/chiplet_side_channel/chiplet_gds_data/power_macro/delay_chain/ftc/runs/t0_transient_droop/r96/scenarios/t0__b0p95__L2__dv90p0__h3000p0__p1000p0__aceb64e9c497b563690b,02ea01af7a3f42aabe3d6bf96e5a1cbc247e5b0356beacb2ba9681b7479b02ae,598cd1b1604d8ee7fee51d6e738e936e3007ef12ca6a441288f76eb88c5c3ed0,t0_5a_0p95_l2_long,L2_LONG_PULSE,REUSED_T0_3_PHASE_POINT,STABLE_Q0,0.0,5.491e-09,5.4920000000000005e-09,NOT_APPLICABLE,REUSED_T0_3_AUTHORITY_ROW,T0_3_PHASE_WINDOW_CSV_SELECTED_SCENARIO,52a41fe2f1036bd4527b0d7126c7d3a146f485ed22f9dffcdc9eff8eb594701d,02ea01af7a3f42aabe3d6bf96e5a1cbc247e5b0356beacb2ba9681b7479b02ae
t0__b0p95__L2__dv90p0__h3000p0__p1250p0__9ea3f2c7a7147d5e191b,0.95,L2,5,6,90.0,0.86,1.0,3000.0,1.0,1250.0,0.86,2.022448913e-09,2.40343136e-09,2.425115752e-09,5.701613752e-09,380.982447,402.66683900000004,-21.68439200000006,3.059054949e-08,-2.250993588e-08,0.86,0.86,3.557040638372093e-08,-2.617434404651163e-08,0,stable_low,1,1.2270458709302326e-06,1,,PASS,/home/zhupl25/chiplet_side_channel/chiplet_gds_data/power_macro/delay_chain/ftc/runs/t0_transient_droop/r97/scenarios/t0__b0p95__L2__dv90p0__h3000p0__p1250p0__9ea3f2c7a7147d5e191b,1383539c659e1158177cafde8ebd68b59cfe0bc81901bb64476e385e90c74c11,598cd1b1604d8ee7fee51d6e738e936e3007ef12ca6a441288f76eb88c5c3ed0,t0_5a_0p95_l2_long,L2_LONG_PULSE,REUSED_T0_3_PHASE_POINT,STABLE_Q0,0.0,5.741e-09,5.742e-09,NOT_APPLICABLE,REUSED_T0_3_AUTHORITY_ROW,T0_3_PHASE_WINDOW_CSV_SELECTED_SCENARIO,cb2567ccac219a60423d517bf051a86ed7c34414d46bd3117729bbf7ca7a7949,1383539c659e1158177cafde8ebd68b59cfe0bc81901bb64476e385e90c74c11
t0__b0p95__L2__dv90p0__h3000p0__p1500p0__a94101f78dcbc5c82228,0.95,L2,5,6,90.0,0.86,1.0,3000.0,1.0,1500.0,0.86,2.022448913e-09,2.40343136e-09,2.425115752e-09,5.701173906e-09,380.982447,402.66683900000004,-21.68439200000006,-2.296358268e-06,-2.471603907e-06,0.86,0.86,-2.6701840325581396e-06,-2.873958031395349e-06,0,stable_low,1,3.3078672639534885e-06,1,,PASS,/home/zhupl25/chiplet_side_channel/chiplet_gds_data/power_macro/delay_chain/ftc/runs/t0_transient_droop/r98/scenarios/t0__b0p95__L2__dv90p0__h3000p0__p1500p0__a94101f78dcbc5c82228,29c321d069c823f210315ee0b39e7f284a8dec4c7462307bb94de91f3a4cd7d6,598cd1b1604d8ee7fee51d6e738e936e3007ef12ca6a441288f76eb88c5c3ed0,t0_5a_0p95_l2_long,L2_LONG_PULSE,REUSED_T0_3_PHASE_POINT,STABLE_Q0,0.0,5.991e-09,5.992e-09,NOT_APPLICABLE,REUSED_T0_3_AUTHORITY_ROW,T0_3_PHASE_WINDOW_CSV_SELECTED_SCENARIO,d07de594e81b341b685ee87c30e99282847a4c8d413014b63c0360d625c42381,29c321d069c823f210315ee0b39e7f284a8dec4c7462307bb94de91f3a4cd7d6
t0__b0p95__L2__dv90p0__h3000p0__p2000p0__5e593119b194dc9466bd,0.95,L2,5,6,90.0,0.86,1.0,3000.0,1.0,2000.0,0.86,2.022448913e-09,2.40343136e-09,2.425115752e-09,5.7020993e-09,380.982447,402.66683900000004,-21.68439200000006,-1.738014371e-06,-2.227771128e-06,0.86,0.86,-2.020946943023256e-06,-2.5904315441860464e-06,0,stable_low,1,2.093746093023256e-06,1,,PASS,/home/zhupl25/chiplet_side_channel/chiplet_gds_data/power_macro/delay_chain/ftc/runs/t0_transient_droop/r99/scenarios/t0__b0p95__L2__dv90p0__h3000p0__p2000p0__5e593119b194dc9466bd,444669ab852f92e9ec14789d2a026a9ce909ddb3f46ef05c5db0b26da7e8725f,598cd1b1604d8ee7fee51d6e738e936e3007ef12ca6a441288f76eb88c5c3ed0,t0_5a_0p95_l2_long,L2_LONG_PULSE,REUSED_T0_3_PHASE_POINT,STABLE_Q0,0.0,6.491e-09,6.492e-09,NOT_APPLICABLE,REUSED_T0_3_AUTHORITY_ROW,T0_3_PHASE_WINDOW_CSV_SELECTED_SCENARIO,a48e991c8d3b7856c73302aab1644f5a76c892312f5037638cf7daca432d6790,444669ab852f92e9ec14789d2a026a9ce909ddb3f46ef05c5db0b26da7e8725f
t0__b0p95__L2__dv90p0__h3000p0__p2500p0__3f74a125c622d33082e1,0.95,L2,5,6,90.0,0.86,1.0,3000.0,1.0,2500.0,0.86,2.022448913e-09,2.40343136e-09,2.425115752e-09,5.700598164e-09,380.982447,402.66683900000004,-21.68439200000006,6.677094169e-08,-1.146168329e-06,0.95,0.95,7.028520177894737e-08,-1.2064929778947368e-06,0,stable_low,1,0.05162607645348837,1,,PASS,/home/zhupl25/chiplet_side_channel/chiplet_gds_data/power_macro/delay_chain/ftc/runs/t0_transient_droop/r100/scenarios/t0__b0p95__L2__dv90p0__h3000p0__p2500p0__3f74a125c622d33082e1,5cece730e615b82ac713bcc0b3a8f63c488eb2938a917f283ec48e6ed27e7e73,598cd1b1604d8ee7fee51d6e738e936e3007ef12ca6a441288f76eb88c5c3ed0,t0_5a_0p95_l2_long,L2_LONG_PULSE,REUSED_T0_3_PHASE_POINT,STABLE_Q0,0.0,6.9909999999999995e-09,6.992e-09,NOT_APPLICABLE,REUSED_T0_3_AUTHORITY_ROW,T0_3_PHASE_WINDOW_CSV_SELECTED_SCENARIO,8341260c11a000157c4b761bc56164dfa7881682dc58a8106e3afd3629bb5e4a,5cece730e615b82ac713bcc0b3a8f63c488eb2938a917f283ec48e6ed27e7e73
t0__b1p1__L2__dv140p0__h1188p0__pm750p0__3b7d24af8ae00bd482b5,1.1,L2,3,8,140.0,0.96,1.0,1188.0,1.0,-750.0,0.96,1.991407277e-09,2.25521692e-09,2.252569629e-09,5.180878968e-09,263.8096429999998,261.16235199999977,2.6472910000000525,7.097543335e-08,-1.405431117e-07,1.1,1.1,6.452312122727272e-08,-1.2776646518181816e-07,0,stable_low,1,2.849177129166667e-06,1,,PASS,/home/zhupl25/chiplet_side_channel/chiplet_gds_data/power_macro/delay_chain/ftc/runs/t0_transient_droop/r408/scenarios/t0__b1p1__L2__dv140p0__h1188p0__pm750p0__3b7d24af8ae00bd482b5,aecb5327c38114694a097f5efef64ee91ab45c19d0d478ce7ddf80f769a3974a,598cd1b1604d8ee7fee51d6e738e936e3007ef12ca6a441288f76eb88c5c3ed0,t0_5a_1p10_l2_boundary,L2_BOUNDARY_MINIMUM,LEFT_COARSE_EXTENSION,STABLE_Q0,0.0,1.929e-09,1.9299999999999997e-09,NOT_APPLICABLE,REUSED_RETAINED_MEASUREMENT,ELECTRICALLY_EQUIVALENT_SOURCE_HASH_DRIFT,e37e77c1e24f501cc1fb16b016c62584f678b8c77d63351ca1253722d45b4637,aecb5327c38114694a097f5efef64ee91ab45c19d0d478ce7ddf80f769a3974a
t0__b1p1__L2__dv140p0__h1188p0__pm725p0__747c37919e27273ef4c2,1.1,L2,3,8,140.0,0.96,1.0,1188.0,1.0,-725.0,0.96,1.995898703e-09,2.262099748e-09,2.257244674e-09,5.18101342e-09,266.20104499999974,261.3459709999999,4.855073999999831,1.592229981e-07,1.868456448e-07,1.1,1.1,1.447481800909091e-07,1.6985967709090906e-07,0,stable_low,1,2.51839806875e-06,1,,PASS,/home/zhupl25/chiplet_side_channel/chiplet_gds_data/power_macro/delay_chain/ftc/runs/t0_transient_droop/r412/scenarios/t0__b1p1__L2__dv140p0__h1188p0__pm725p0__747c37919e27273ef4c2,9c123cccaa78376c383c9230080683432ee0216524cd56f04767c27b7910f8c0,598cd1b1604d8ee7fee51d6e738e936e3007ef12ca6a441288f76eb88c5c3ed0,t0_5a_1p10_l2_boundary,L2_BOUNDARY_MINIMUM,BOUNDARY_FINE_25PS,STABLE_Q0,0.0,1.954e-09,1.955e-09,NOT_APPLICABLE,REUSED_RETAINED_MEASUREMENT,ELECTRICALLY_EQUIVALENT_SOURCE_HASH_DRIFT,758e2e65c255d3940a6a6fb9e40432ff62290cfb4860e598ccbf3893da9c235a,9c123cccaa78376c383c9230080683432ee0216524cd56f04767c27b7910f8c0
t0__b1p1__L2__dv140p0__h1188p0__pm700p0__a02a4e5f41fa00e593b9,1.1,L2,3,8,140.0,0.96,1.0,1188.0,1.0,-700.0,0.96,2.000897128e-09,2.26864924e-09,2.262306624e-09,5.180843023e-09,267.752112,261.4094959999999,6.342616000000135,-4.210596448e-07,-6.912779482e-07,1.1,1.1,-3.827814952727272e-07,-6.284344983636363e-07,0,stable_low,1,2.786783057291667e-06,1,,PASS,/home/zhupl25/chiplet_side_channel/chiplet_gds_data/power_macro/delay_chain/ftc/runs/t0_transient_droop/r413/scenarios/t0__b1p1__L2__dv140p0__h1188p0__pm700p0__a02a4e5f41fa00e593b9,84120d6b8a052763f6c3eebf7bbcecdc9182e7a7738cc04fa563bbac69527071,598cd1b1604d8ee7fee51d6e738e936e3007ef12ca6a441288f76eb88c5c3ed0,t0_5a_1p10_l2_boundary,L2_BOUNDARY_MINIMUM,BOUNDARY_FINE_25PS,STABLE_Q0,0.0,1.979e-09,1.9799999999999998e-09,NOT_APPLICABLE,REUSED_RETAINED_MEASUREMENT,ELECTRICALLY_EQUIVALENT_SOURCE_HASH_DRIFT,7d35b3e8cd33267acba10db3a582fe850e6cf479ba44a7b975fc0e23b24cf372,84120d6b8a052763f6c3eebf7bbcecdc9182e7a7738cc04fa563bbac69527071
t0__b1p1__L2__dv140p0__h1188p0__pm675p0__34881027602dce83b754,1.1,L2,3,8,140.0,0.96,1.0,1188.0,1.0,-675.0,0.96,2.00921235e-09,2.275587758e-09,2.270015513e-09,5.180804686e-09,266.3754080000002,260.8031630000002,5.572245000000009,-6.416104045e-07,1.307881362e-07,1.1,1.1,-5.832821859090909e-07,1.1889830563636363e-07,0,stable_low,1,1.8984481489583334e-06,1,,PASS,/home/zhupl25/chiplet_side_channel/chiplet_gds_data/power_macro/delay_chain/ftc/runs/t0_transient_droop/r414/scenarios/t0__b1p1__L2__dv140p0__h1188p0__pm675p0__34881027602dce83b754,86d366fdf92d4eb553ec763667803ad3f141e538afa0e5a8e5fadff316f5df81,598cd1b1604d8ee7fee51d6e738e936e3007ef12ca6a441288f76eb88c5c3ed0,t0_5a_1p10_l2_boundary,L2_BOUNDARY_MINIMUM,BOUNDARY_FINE_25PS,STABLE_Q0,0.0,2.004e-09,2.005e-09,NOT_APPLICABLE,REUSED_RETAINED_MEASUREMENT,ELECTRICALLY_EQUIVALENT_SOURCE_HASH_DRIFT,69879755edb63d38a3af7d132c9e6b88f0f08b97656fdcef0781b3961f273ff3,86d366fdf92d4eb553ec763667803ad3f141e538afa0e5a8e5fadff316f5df81
t0__b1p1__L2__dv140p0__h1188p0__pm650p0__8983d856b678d8697bd3,1.1,L2,3,8,140.0,0.96,1.0,1188.0,1.0,-650.0,0.96,2.011578091e-09,2.282473182e-09,2.27786945e-09,5.180527188e-09,270.895091,266.29135900000006,4.603731999999923,-5.609977619e-07,-5.692806007e-07,1.1,1.1,-5.099979653636363e-07,-5.175278188181818e-07,0,stable_low,1,2.907047167708334e-06,1,,PASS,/home/zhupl25/chiplet_side_channel/chiplet_gds_data/power_macro/delay_chain/ftc/runs/t0_transient_droop/r415/scenarios/t0__b1p1__L2__dv140p0__h1188p0__pm650p0__8983d856b678d8697bd3,d1615a643fc885b71fac75be1c77fa8c9f8fafae9333abf0f989a5206c561d25,598cd1b1604d8ee7fee51d6e738e936e3007ef12ca6a441288f76eb88c5c3ed0,t0_5a_1p10_l2_boundary,L2_BOUNDARY_MINIMUM,BOUNDARY_FINE_25PS,STABLE_Q0,0.0,2.029e-09,2.03e-09,NOT_APPLICABLE,REUSED_RETAINED_MEASUREMENT,ELECTRICALLY_EQUIVALENT_SOURCE_HASH_DRIFT,993439c4d832484cbe4e97c4d8affecc20ddc25fbb32579c50620e8443a3c485,d1615a643fc885b71fac75be1c77fa8c9f8fafae9333abf0f989a5206c561d25
t0__b1p1__L2__dv140p0__h1188p0__pm625p0__5a34df08406e69b04437,1.1,L2,3,8,140.0,0.96,1.0,1188.0,1.0,-625.0,0.96,2.011741702e-09,2.289250569e-09,2.283568952e-09,5.18075494e-09,277.5088669999999,271.8272500000002,5.681616999999676,1.339336922e-07,1.211863562e-07,1.1,1.1,1.2175790199999999e-07,1.1016941472727271e-07,0,stable_low,1,2.68177158125e-06,1,,PASS,/home/zhupl25/chiplet_side_channel/chiplet_gds_data/power_macro/delay_chain/ftc/runs/t0_transient_droop/r416/scenarios/t0__b1p1__L2__dv140p0__h1188p0__pm625p0__5a34df08406e69b04437,6a029c3ee748e16b99db1abd26fc601b42fefce9c08a9b4b14829af3d15c87bc,598cd1b1604d8ee7fee51d6e738e936e3007ef12ca6a441288f76eb88c5c3ed0,t0_5a_1p10_l2_boundary,L2_BOUNDARY_MINIMUM,BOUNDARY_FINE_25PS,STABLE_Q0,0.0,2.0539999999999997e-09,2.0549999999999996e-09,NOT_APPLICABLE,REUSED_RETAINED_MEASUREMENT,ELECTRICALLY_EQUIVALENT_SOURCE_HASH_DRIFT,7efaa1f841f50246040e772779ec926240e01fa3a5ba0aa49ab16c313f064f0c,6a029c3ee748e16b99db1abd26fc601b42fefce9c08a9b4b14829af3d15c87bc
t0__b1p1__L2__dv140p0__h1188p0__pm600p0__03f0a932e9903d0c72d9,1.1,L2,3,8,140.0,0.96,1.0,1188.0,1.0,-600.0,0.96,2.011463148e-09,2.296253793e-09,2.288197154e-09,5.180941187e-09,284.7906450000001,276.73400600000025,8.056638999999848,-4.337168386e-07,-3.975545732e-07,1.1,1.1,-3.9428803509090907e-07,-3.6141324836363636e-07,0,stable_low,1,2.3134344645833336e-06,1,,PASS,/home/zhupl25/chiplet_side_channel/chiplet_gds_data/power_macro/delay_chain/ftc/runs/t0_transient_droop/r417/scenarios/t0__b1p1__L2__dv140p0__h1188p0__pm600p0__03f0a932e9903d0c72d9,84e7f498ddd6c0c07e1263068d7e1461e07e30b857550b9c227f25e2215b90ee,598cd1b1604d8ee7fee51d6e738e936e3007ef12ca6a441288f76eb88c5c3ed0,t0_5a_1p10_l2_boundary,L2_BOUNDARY_MINIMUM,BOUNDARY_FINE_25PS,STABLE_Q0,0.0,2.079e-09,2.08e-09,NOT_APPLICABLE,REUSED_RETAINED_MEASUREMENT,ELECTRICALLY_EQUIVALENT_SOURCE_HASH_DRIFT,4abcf1160acb60154ba9e6d8c96b3f49f8cfe40b8dcde4f7b8b7ed343f3b902c,84e7f498ddd6c0c07e1263068d7e1461e07e30b857550b9c227f25e2215b90ee
t0__b1p1__L2__dv140p0__h1188p0__pm575p0__7275573f9fb874bb74dd,1.1,L2,3,8,140.0,0.96,1.0,1188.0,1.0,-575.0,0.96,2.01166338e-09,2.302920729e-09,2.293826172e-09,5.18092104e-09,291.2573490000003,282.1627920000003,9.094557000000009,-1.462624737e-07,1.127148176e-07,1.1,1.1,-1.3296588518181817e-07,1.0246801599999999e-07,0,stable_low,1,2.0827569677083335e-06,1,,PASS,/home/zhupl25/chiplet_side_channel/chiplet_gds_data/power_macro/delay_chain/ftc/runs/t0_transient_droop/r418/scenarios/t0__b1p1__L2__dv140p0__h1188p0__pm575p0__7275573f9fb874bb74dd,30e46b48de659530f8966e8263ed23cc45f6f1b45ff0dc0f5888dff5424bcdd2,598cd1b1604d8ee7fee51d6e738e936e3007ef12ca6a441288f76eb88c5c3ed0,t0_5a_1p10_l2_boundary,L2_BOUNDARY_MINIMUM,BOUNDARY_FINE_25PS,STABLE_Q0,0.0,2.104e-09,2.105e-09,NOT_APPLICABLE,REUSED_RETAINED_MEASUREMENT,ELECTRICALLY_EQUIVALENT_SOURCE_HASH_DRIFT,fff7745f24473830ce55d05e39106c5e57f16954e4b0ee08622cff1aa65e4243,30e46b48de659530f8966e8263ed23cc45f6f1b45ff0dc0f5888dff5424bcdd2
t0__b1p1__L2__dv140p0__h1188p0__pm550p0__de4b07746dd7b6bc6051,1.1,L2,3,8,140.0,0.96,1.0,1188.0,1.0,-550.0,0.96,2.011294747e-09,2.309856624e-09,2.29847933e-09,5.180523787e-09,298.5618770000003,287.184583,11.377294000000347,3.249418456e-07,1.577048201e-07,1.1,1.1,2.954016778181818e-07,1.4336801827272725e-07,0,stable_low,1,2.7517040385416664e-06,1,,PASS,/home/zhupl25/chiplet_side_channel/chiplet_gds_data/power_macro/delay_chain/ftc/runs/t0_transient_droop/r419/scenarios/t0__b1p1__L2__dv140p0__h1188p0__pm550p0__de4b07746dd7b6bc6051,f6b30dc4e36e8eb73ea93a394c9fd6fa9b0ba10092cbaa3a3665fdee9280e3c4,598cd1b1604d8ee7fee51d6e738e936e3007ef12ca6a441288f76eb88c5c3ed0,t0_5a_1p10_l2_boundary,L2_BOUNDARY_MINIMUM,BOUNDARY_FINE_25PS,STABLE_Q0,0.0,2.129e-09,2.13e-09,NOT_APPLICABLE,REUSED_RETAINED_MEASUREMENT,ELECTRICALLY_EQUIVALENT_SOURCE_HASH_DRIFT,38a888fb25eb9cfa65b00906952914acbd73211e96767c4c1d59717ddac0777e,f6b30dc4e36e8eb73ea93a394c9fd6fa9b0ba10092cbaa3a3665fdee9280e3c4
t0__b1p1__L2__dv140p0__h1188p0__pm525p0__a1360cffb3c4ffa9e504,1.1,L2,3,8,140.0,0.96,1.0,1188.0,1.0,-525.0,0.96,2.01144497e-09,2.316847427e-09,2.3024267e-09,5.181031805e-09,305.40245699999997,290.9817300000002,14.420726999999772,-1.786000272e-06,-6.330211622e-07,1.1,1.1,-1.6236366109090909e-06,-5.754737838181817e-07,0,stable_low,1,2.2050622645833336e-06,1,,PASS,/home/zhupl25/chiplet_side_channel/chiplet_gds_data/power_macro/delay_chain/ftc/runs/t0_transient_droop/r420/scenarios/t0__b1p1__L2__dv140p0__h1188p0__pm525p0__a1360cffb3c4ffa9e504,c441f0810de9e95d5e9623946963d342e8ec694450a21b64b94586b00fa131a5,598cd1b1604d8ee7fee51d6e738e936e3007ef12ca6a441288f76eb88c5c3ed0,t0_5a_1p10_l2_boundary,L2_BOUNDARY_MINIMUM,BOUNDARY_FINE_25PS,STABLE_Q0,0.0,2.154e-09,2.1549999999999997e-09,NOT_APPLICABLE,REUSED_RETAINED_MEASUREMENT,ELECTRICALLY_EQUIVALENT_SOURCE_HASH_DRIFT,36450e4ba48605f4b7a491c9595442451b1c38ca27965a752c703b7033003ea5,c441f0810de9e95d5e9623946963d342e8ec694450a21b64b94586b00fa131a5
t0__b1p1__L2__dv140p0__h1188p0__pm500p0__e2fed6ee70a144fb2ff8,1.1,L2,3,8,140.0,0.96,1.0,1188.0,1.0,-500.0,0.96,2.011327428e-09,2.32372663e-09,2.304156052e-09,5.181005214e-09,312.3992019999999,292.82862399999993,19.570577999999955,1.0999997459,1.0999995948,1.1,1.1,0.9999997689999999,0.9999996316363636,1,stable_high,1,2.832988085416667e-06,1,,PASS,/home/zhupl25/chiplet_side_channel/chiplet_gds_data/power_macro/delay_chain/ftc/runs/t0_transient_droop/r302/scenarios/t0__b1p1__L2__dv140p0__h1188p0__pm500p0__e2fed6ee70a144fb2ff8,47dc9160b687d059f1b4881883b0d0cf13bc20c7c9c01fae45106dd2106f1f05,598cd1b1604d8ee7fee51d6e738e936e3007ef12ca6a441288f76eb88c5c3ed0,t0_5a_1p10_l2_boundary,L2_BOUNDARY_MINIMUM,REPRESENTATIVE_PHASE_SEED,CLEAN_Q1,0.0,2.179e-09,2.18e-09,NOT_APPLICABLE,REUSED_RETAINED_MEASUREMENT,ELECTRICALLY_EQUIVALENT_SOURCE_HASH_DRIFT,0ea8888d4a371c56fdf3b2a89d9afe4488ecc4eb59b8e299ce5c588d75204127,47dc9160b687d059f1b4881883b0d0cf13bc20c7c9c01fae45106dd2106f1f05
t0__b1p1__L2__dv140p0__h1188p0__pm250p0__cc4868a6d50f491dd66b,1.1,L2,3,8,140.0,0.96,1.0,1188.0,1.0,-250.0,0.96,2.011239981e-09,2.379004064e-09,2.335980753e-09,5.180963324e-09,367.76408299999997,324.74077200000005,43.02331099999992,1.0999996632,1.0999996636,1.1,1.1,0.9999996938181818,0.9999996941818181,1,stable_high,1,3.0917527208333337e-06,1,,PASS,/home/zhupl25/chiplet_side_channel/chiplet_gds_data/power_macro/delay_chain/ftc/runs/t0_transient_droop/r409/scenarios/t0__b1p1__L2__dv140p0__h1188p0__pm250p0__cc4868a6d50f491dd66b,147f80a84b6cd6788c00d4f827818a67daf310e3db8a8367aaa850a3fc97ce1e,598cd1b1604d8ee7fee51d6e738e936e3007ef12ca6a441288f76eb88c5c3ed0,t0_5a_1p10_l2_boundary,L2_BOUNDARY_MINIMUM,RIGHT_COARSE_EXTENSION,CLEAN_Q1,0.0,2.4289999999999998e-09,2.4299999999999997e-09,NOT_APPLICABLE,REUSED_RETAINED_MEASUREMENT,ELECTRICALLY_EQUIVALENT_SOURCE_HASH_DRIFT,5437038265897045e08775fb5189cb89f4efd5ddf31751d362e6a67ea417fd35,147f80a84b6cd6788c00d4f827818a67daf310e3db8a8367aaa850a3fc97ce1e
t0__b1p1__L2__dv140p0__h1188p0__p0p0__cd9ac746dc3141b216f8,1.1,L2,3,8,140.0,0.96,1.0,1188.0,1.0,0.0,0.96,2.011960328e-09,2.378682589e-09,2.336895689e-09,5.180449554e-09,366.72226100000006,324.93536100000006,41.7869,1.0999996365,1.099999645,1.1,1.1,0.9999996695454545,0.9999996772727272,1,stable_high,1,2.47867000625e-06,1,,PASS,/home/zhupl25/chiplet_side_channel/chiplet_gds_data/power_macro/delay_chain/ftc/runs/t0_transient_droop/r410/scenarios/t0__b1p1__L2__dv140p0__h1188p0__p0p0__cd9ac746dc3141b216f8,f77a0b8537fcb8489d24973024195e44720cf3e3b8e3216654d1cfa39c9dd9bd,598cd1b1604d8ee7fee51d6e738e936e3007ef12ca6a441288f76eb88c5c3ed0,t0_5a_1p10_l2_boundary,L2_BOUNDARY_MINIMUM,RIGHT_COARSE_EXTENSION,CLEAN_Q1,0.0,2.679e-09,2.68e-09,NOT_APPLICABLE,REUSED_RETAINED_MEASUREMENT,ELECTRICALLY_EQUIVALENT_SOURCE_HASH_DRIFT,7d0d0892195aed1738cfec9e54de07dad98f89be693ea5b1de99a5fac530ae85,f77a0b8537fcb8489d24973024195e44720cf3e3b8e3216654d1cfa39c9dd9bd
t0__b1p1__L2__dv140p0__h1188p0__p25p0__3b19f25d0ecb759fcad1,1.1,L2,3,8,140.0,0.96,1.0,1188.0,1.0,25.0,0.96,2.00481621e-09,2.369818189e-09,2.329285809e-09,5.180906718e-09,365.00197899999984,324.46959899999996,40.532379999999876,1.0999996389,1.0999995698,1.1,1.1,0.9999996717272727,0.9999996089090909,1,stable_high,1,2.5010372479166667e-06,1,,PASS,/home/zhupl25/chiplet_side_channel/chiplet_gds_data/power_macro/delay_chain/ftc/runs/t0_transient_droop/r421/scenarios/t0__b1p1__L2__dv140p0__h1188p0__p25p0__3b19f25d0ecb759fcad1,e0786728f3fc25a0159c8e8cbf498bb74a2420dcbd9d4071985a3a0494c14e53,598cd1b1604d8ee7fee51d6e738e936e3007ef12ca6a441288f76eb88c5c3ed0,t0_5a_1p10_l2_boundary,L2_BOUNDARY_MINIMUM,BOUNDARY_FINE_25PS,CLEAN_Q1,0.0,2.7039999999999998e-09,2.7049999999999997e-09,NOT_APPLICABLE,REUSED_RETAINED_MEASUREMENT,ELECTRICALLY_EQUIVALENT_SOURCE_HASH_DRIFT,1f7b67e5595c94ec536a1e299607daad9adb697e897166b3a96ab4b3091b32f2,e0786728f3fc25a0159c8e8cbf498bb74a2420dcbd9d4071985a3a0494c14e53
t0__b1p1__L2__dv140p0__h1188p0__p50p0__e1a54bdc0eebae393f03,1.1,L2,3,8,140.0,0.96,1.0,1188.0,1.0,50.0,0.96,1.998232503e-09,2.360678459e-09,2.323152911e-09,5.181032179e-09,362.44595600000014,324.92040799999984,37.5255480000003,3.054789064e-07,1.512723706e-06,1.1,1.1,2.777080967272727e-07,1.3752033690909089e-06,0,stable_low,1,2.6905209666666665e-06,1,,PASS,/home/zhupl25/chiplet_side_channel/chiplet_gds_data/power_macro/delay_chain/ftc/runs/t0_transient_droop/r422/scenarios/t0__b1p1__L2__dv140p0__h1188p0__p50p0__e1a54bdc0eebae393f03,a5470e4393fc783442716c3e688ae7384766a18c08362a6343d09425c54a4009,598cd1b1604d8ee7fee51d6e738e936e3007ef12ca6a441288f76eb88c5c3ed0,t0_5a_1p10_l2_boundary,L2_BOUNDARY_MINIMUM,BOUNDARY_FINE_25PS,STABLE_Q0,0.0,2.729e-09,2.73e-09,NOT_APPLICABLE,REUSED_RETAINED_MEASUREMENT,ELECTRICALLY_EQUIVALENT_SOURCE_HASH_DRIFT,9c084feeb1dbf49b4eae73c1e395bfeb2e49014d572ae1daf4cfbcc93020baef,a5470e4393fc783442716c3e688ae7384766a18c08362a6343d09425c54a4009
t0__b1p1__L2__dv140p0__h1188p0__p75p0__104abef966ff101e2f7a,1.1,L2,3,8,140.0,0.96,1.0,1188.0,1.0,75.0,0.96,1.991369363e-09,2.351860795e-09,2.316007394e-09,5.181052667e-09,360.4914320000001,324.63803100000007,35.85340100000002,-1.130041262e-06,-1.543240401e-06,1.1,1.1,-1.0273102381818181e-06,-1.402945819090909e-06,0,stable_low,1,3.0938834354166664e-06,1,,PASS,/home/zhupl25/chiplet_side_channel/chiplet_gds_data/power_macro/delay_chain/ftc/runs/t0_transient_droop/r423/scenarios/t0__b1p1__L2__dv140p0__h1188p0__p75p0__104abef966ff101e2f7a,2b7e2fdfe0d06721a51d0712371f35b12b7fa1d1d773ef5eeb81c57783b2f3c5,598cd1b1604d8ee7fee51d6e738e936e3007ef12ca6a441288f76eb88c5c3ed0,t0_5a_1p10_l2_boundary,L2_BOUNDARY_MINIMUM,BOUNDARY_FINE_25PS,STABLE_Q0,0.0,2.7540000000000002e-09,2.755e-09,NOT_APPLICABLE,REUSED_RETAINED_MEASUREMENT,ELECTRICALLY_EQUIVALENT_SOURCE_HASH_DRIFT,862d3a5e32c455f1c75613d9ba24cd321a01615825e5e42c58dc23ad0b8aa1f9,2b7e2fdfe0d06721a51d0712371f35b12b7fa1d1d773ef5eeb81c57783b2f3c5
t0__b1p1__L2__dv140p0__h1188p0__p100p0__c4c3ad142e60ee305548,1.1,L2,3,8,140.0,0.96,1.0,1188.0,1.0,100.0,0.96,1.984085701e-09,2.342125933e-09,2.309053733e-09,5.180709363e-09,358.040232,324.968032,33.07220000000001,-4.590085979e-06,-4.115343089e-06,1.1,1.1,-4.172805435454545e-06,-3.74122099e-06,0,stable_low,1,2.8700736895833334e-06,1,,PASS,/home/zhupl25/chiplet_side_channel/chiplet_gds_data/power_macro/delay_chain/ftc/runs/t0_transient_droop/r424/scenarios/t0__b1p1__L2__dv140p0__h1188p0__p100p0__c4c3ad142e60ee305548,5c9d4fea6b33fcda53958c289c4f376116744d95ab01fca8138bf5b3d6a957ac,598cd1b1604d8ee7fee51d6e738e936e3007ef12ca6a441288f76eb88c5c3ed0,t0_5a_1p10_l2_boundary,L2_BOUNDARY_MINIMUM,BOUNDARY_FINE_25PS,STABLE_Q0,0.0,2.779e-09,2.78e-09,NOT_APPLICABLE,REUSED_RETAINED_MEASUREMENT,ELECTRICALLY_EQUIVALENT_SOURCE_HASH_DRIFT,18f5ad221ec4a0daf06b7b112c7ca8fb27e545dd0e8146931f992bf3ad6007c2,5c9d4fea6b33fcda53958c289c4f376116744d95ab01fca8138bf5b3d6a957ac
t0__b1p1__L2__dv140p0__h1188p0__p125p0__0b1da5dff68d7b3edd45,1.1,L2,3,8,140.0,0.96,1.0,1188.0,1.0,125.0,0.96,1.976830897e-09,2.333090545e-09,2.30169055e-09,5.180886375e-09,356.2596480000002,324.859653,31.399995000000217,-4.832385565e-06,-3.634130008e-06,1.1,1.1,-4.3930777863636355e-06,-3.3037545527272726e-06,0,stable_low,1,2.457716229166667e-06,1,,PASS,/home/zhupl25/chiplet_side_channel/chiplet_gds_data/power_macro/delay_chain/ftc/runs/t0_transient_droop/r425/scenarios/t0__b1p1__L2__dv140p0__h1188p0__p125p0__0b1da5dff68d7b3edd45,14d6762ea71a4798f8c531d5c3e2d3b3d2825ab419f57043fab65a52e359a98c,598cd1b1604d8ee7fee51d6e738e936e3007ef12ca6a441288f76eb88c5c3ed0,t0_5a_1p10_l2_boundary,L2_BOUNDARY_MINIMUM,BOUNDARY_FINE_25PS,STABLE_Q0,0.0,2.804e-09,2.8049999999999997e-09,NOT_APPLICABLE,REUSED_RETAINED_MEASUREMENT,ELECTRICALLY_EQUIVALENT_SOURCE_HASH_DRIFT,4504eb35d31b4fb713e5d738e9d4c7045c50eeecb374456ce58439cd946da478,14d6762ea71a4798f8c531d5c3e2d3b3d2825ab419f57043fab65a52e359a98c
t0__b1p1__L2__dv140p0__h1188p0__p150p0__e1a457acd1cc31942a56,1.1,L2,3,8,140.0,0.96,1.0,1188.0,1.0,150.0,0.96,1.970517165e-09,2.323328e-09,2.295302599e-09,5.180536691e-09,352.8108349999998,324.78543399999995,28.025400999999874,-1.266863537e-06,-1.272660296e-06,1.1,1.1,-1.1516941245454545e-06,-1.1569639054545453e-06,0,stable_low,1,2.5263441708333332e-06,1,,PASS,/home/zhupl25/chiplet_side_channel/chiplet_gds_data/power_macro/delay_chain/ftc/runs/t0_transient_droop/r426/scenarios/t0__b1p1__L2__dv140p0__h1188p0__p150p0__e1a457acd1cc31942a56,142160c3688b4f1c7e71b48e8ad526394ef2a24552c66aab1a672cbec526fc50,598cd1b1604d8ee7fee51d6e738e936e3007ef12ca6a441288f76eb88c5c3ed0,t0_5a_1p10_l2_boundary,L2_BOUNDARY_MINIMUM,BOUNDARY_FINE_25PS,STABLE_Q0,0.0,2.829e-09,2.83e-09,NOT_APPLICABLE,REUSED_RETAINED_MEASUREMENT,ELECTRICALLY_EQUIVALENT_SOURCE_HASH_DRIFT,ed99b0bd67ec250458c6df72c78ca77b3506228b5b3b53b8b60b35f987212fe4,142160c3688b4f1c7e71b48e8ad526394ef2a24552c66aab1a672cbec526fc50
t0__b1p1__L2__dv140p0__h1188p0__p175p0__7d75ef5a7fcbc9aaba6a,1.1,L2,3,8,140.0,0.96,1.0,1188.0,1.0,175.0,0.96,1.963953917e-09,2.314377289e-09,2.288799631e-09,5.181080344e-09,350.4233719999999,324.84571400000004,25.57765799999987,-5.246204618e-06,-3.974786788e-06,1.1,1.1,-4.769276925454545e-06,-3.6134425345454544e-06,0,stable_low,1,3.386458942708334e-06,1,,PASS,/home/zhupl25/chiplet_side_channel/chiplet_gds_data/power_macro/delay_chain/ftc/runs/t0_transient_droop/r427/scenarios/t0__b1p1__L2__dv140p0__h1188p0__p175p0__7d75ef5a7fcbc9aaba6a,5e12ff05f0c4de1a186c1fa690d3e0d6a2b5816017614cd5f47f61ee8500f0fa,598cd1b1604d8ee7fee51d6e738e936e3007ef12ca6a441288f76eb88c5c3ed0,t0_5a_1p10_l2_boundary,L2_BOUNDARY_MINIMUM,BOUNDARY_FINE_25PS,STABLE_Q0,0.0,2.854e-09,2.8549999999999998e-09,NOT_APPLICABLE,REUSED_RETAINED_MEASUREMENT,ELECTRICALLY_EQUIVALENT_SOURCE_HASH_DRIFT,aec5db6c3e0827e02830aeb028ea6188aa2765b903a5d602cc4ef3ce2d3bd4e5,5e12ff05f0c4de1a186c1fa690d3e0d6a2b5816017614cd5f47f61ee8500f0fa
t0__b1p1__L2__dv140p0__h1188p0__p200p0__5fa9c60b0f90b348bf81,1.1,L2,3,8,140.0,0.96,1.0,1188.0,1.0,200.0,0.96,1.956797779e-09,2.305075943e-09,2.281498461e-09,5.181168584e-09,348.2781639999998,324.7006819999999,23.57748199999986,-5.440490129e-06,-4.175252994e-06,1.1,1.1,-4.945900117272727e-06,-3.7956845399999998e-06,0,stable_low,1,2.8970457385416666e-06,1,,PASS,/home/zhupl25/chiplet_side_channel/chiplet_gds_data/power_macro/delay_chain/ftc/runs/t0_transient_droop/r428/scenarios/t0__b1p1__L2__dv140p0__h1188p0__p200p0__5fa9c60b0f90b348bf81,d4f7873fe4d56cad918d8ec4c7955a1e86e18a1f532a6ba46c16640d0cedbae7,598cd1b1604d8ee7fee51d6e738e936e3007ef12ca6a441288f76eb88c5c3ed0,t0_5a_1p10_l2_boundary,L2_BOUNDARY_MINIMUM,BOUNDARY_FINE_25PS,STABLE_Q0,0.0,2.8789999999999997e-09,2.8799999999999996e-09,NOT_APPLICABLE,REUSED_RETAINED_MEASUREMENT,ELECTRICALLY_EQUIVALENT_SOURCE_HASH_DRIFT,69c7ab53e35733e279c338bea47b2c8f058024542fe549262e7621dca9daae94,d4f7873fe4d56cad918d8ec4c7955a1e86e18a1f532a6ba46c16640d0cedbae7
t0__b1p1__L2__dv140p0__h1188p0__p225p0__bbb76b1009bbfca04384,1.1,L2,3,8,140.0,0.96,1.0,1188.0,1.0,225.0,0.96,1.95010705e-09,2.295461015e-09,2.275049036e-09,5.18066483e-09,345.353965,324.9419860000001,20.411978999999917,-5.631488876e-06,-4.372782761e-06,1.1,1.1,-5.119535341818181e-06,-3.9752570554545455e-06,0,stable_low,1,2.7837642416666667e-06,1,,PASS,/home/zhupl25/chiplet_side_channel/chiplet_gds_data/power_macro/delay_chain/ftc/runs/t0_transient_droop/r429/scenarios/t0__b1p1__L2__dv140p0__h1188p0__p225p0__bbb76b1009bbfca04384,72a595b92435513704158dde352d16202556b2fbfba11976377b7f1ef98bb5b0,598cd1b1604d8ee7fee51d6e738e936e3007ef12ca6a441288f76eb88c5c3ed0,t0_5a_1p10_l2_boundary,L2_BOUNDARY_MINIMUM,BOUNDARY_FINE_25PS,STABLE_Q0,0.0,2.904e-09,2.9049999999999998e-09,NOT_APPLICABLE,REUSED_RETAINED_MEASUREMENT,ELECTRICALLY_EQUIVALENT_SOURCE_HASH_DRIFT,5910b65a0e5e801fc90836d968a718d5e75182c14c55c5abbb0ee65ab838d95e,72a595b92435513704158dde352d16202556b2fbfba11976377b7f1ef98bb5b0
t0__b1p1__L2__dv140p0__h1188p0__p250p0__acfcf164ec8f19981746,1.1,L2,3,8,140.0,0.96,1.0,1188.0,1.0,250.0,0.96,1.943140037e-09,2.286028115e-09,2.268032912e-09,5.181281314e-09,342.88807800000006,324.8928749999998,17.995203000000288,-5.382458872e-06,-4.662251736e-06,1.1,1.1,-4.8931444290909086e-06,-4.238410669090908e-06,0,stable_low,1,2.8610096562499998e-06,1,,PASS,/home/zhupl25/chiplet_side_channel/chiplet_gds_data/power_macro/delay_chain/ftc/runs/t0_transient_droop/r411/scenarios/t0__b1p1__L2__dv140p0__h1188p0__p250p0__acfcf164ec8f19981746,dfb2fdf59dd5e536f2e70dd37d6cc488aac578b1b9caca7a52c111a06e66ba7c,598cd1b1604d8ee7fee51d6e738e936e3007ef12ca6a441288f76eb88c5c3ed0,t0_5a_1p10_l2_boundary,L2_BOUNDARY_MINIMUM,RIGHT_COARSE_EXTENSION,STABLE_Q0,0.0,2.929e-09,2.93e-09,NOT_APPLICABLE,REUSED_RETAINED_MEASUREMENT,ELECTRICALLY_EQUIVALENT_SOURCE_HASH_DRIFT,d9e8f728db4d638a8d7f9cd36be283ecd2e38ccee4bf4012c82e4cd84395c19c,dfb2fdf59dd5e536f2e70dd37d6cc488aac578b1b9caca7a52c111a06e66ba7c
t0__b1p1__L2__dv140p0__h3000p0__pm2500p0__52df4967a01fd65c87a9,1.1,L2,3,8,140.0,0.96,1.0,3000.0,1.0,-2500.0,0.96,4.014916312e-09,4.28220574e-09,4.27614598e-09,7.19106632e-09,267.2894280000005,261.22966800000046,6.05976000000004,-1.149012603e-07,-9.772097739e-08,1.1,1.1,-1.0445569118181817e-07,-8.883725217272727e-08,0,stable_low,1,1.5874903479166668e-06,1,,PASS,/home/zhupl25/chiplet_side_channel/chiplet_gds_data/power_macro/delay_chain/ftc/runs/t0_transient_droop/r435/scenarios/t0__b1p1__L2__dv140p0__h3000p0__pm2500p0__52df4967a01fd65c87a9,bef5722382e2faceeb72e79533e144dcea7db08d22e2b36bf149f1dc985bd630,598cd1b1604d8ee7fee51d6e738e936e3007ef12ca6a441288f76eb88c5c3ed0,t0_5a_1p10_l2_long,L2_LONG_PULSE,LEFT_COARSE_EXTENSION,STABLE_Q0,2.0100000000000003e-09,4.0010000000000006e-09,4.002000000000001e-09,NOT_APPLICABLE,NEW_HSPICE_SCENARIO,,843921dd95d57d03777b3b75ba1c49ad6a53619b3d2da58c015cccebcabf322b,bef5722382e2faceeb72e79533e144dcea7db08d22e2b36bf149f1dc985bd630
t0__b1p1__L2__dv140p0__h3000p0__pm2475p0__64a125031447688b277b,1.1,L2,3,8,140.0,0.96,1.0,3000.0,1.0,-2475.0,0.96,3.996472123e-09,4.264002394e-09,4.259352834e-09,7.166111479e-09,267.53027100000014,262.8807110000004,4.649559999999724,2.330737747e-07,2.360273794e-08,1.1,1.1,2.118852497272727e-07,2.1457034490909087e-08,0,stable_low,1,3.922164916666666e-06,1,,PASS,/home/zhupl25/chiplet_side_channel/chiplet_gds_data/power_macro/delay_chain/ftc/runs/t0_transient_droop/r436/scenarios/t0__b1p1__L2__dv140p0__h3000p0__pm2475p0__64a125031447688b277b,cde621dc9114d373554ee98f3a53b3d851c6a89b140013dea9d64d6c80f15390,598cd1b1604d8ee7fee51d6e738e936e3007ef12ca6a441288f76eb88c5c3ed0,t0_5a_1p10_l2_long,L2_LONG_PULSE,BOUNDARY_FINE_25PS,STABLE_Q0,1.985e-09,4.0010000000000006e-09,4.002000000000001e-09,NOT_APPLICABLE,NEW_HSPICE_SCENARIO,,502abd9d8e8d0fc9b3956312fbd4fb8a88447710d2a6c413251dd3097962608a,cde621dc9114d373554ee98f3a53b3d851c6a89b140013dea9d64d6c80f15390
t0__b1p1__L2__dv140p0__h3000p0__pm2450p0__4a02f9b098fd0bce7ea3,1.1,L2,3,8,140.0,0.96,1.0,3000.0,1.0,-2450.0,0.96,3.971472108e-09,4.245672536e-09,4.240588968e-09,7.141065928e-09,274.20042799999993,269.11685999999963,5.083568000000298,-1.106079392e-07,-9.44191328e-08,1.1,1.1,-1.0055267199999999e-07,-8.583557527272727e-08,0,stable_low,1,1.5038951416666668e-06,1,,PASS,/home/zhupl25/chiplet_side_channel/chiplet_gds_data/power_macro/delay_chain/ftc/runs/t0_transient_droop/r437/scenarios/t0__b1p1__L2__dv140p0__h3000p0__pm2450p0__4a02f9b098fd0bce7ea3,433592a334a9c53bf57a2acfa8c3ee9db8b7bc8cf30fe3f406a9951f51dd1797,598cd1b1604d8ee7fee51d6e738e936e3007ef12ca6a441288f76eb88c5c3ed0,t0_5a_1p10_l2_long,L2_LONG_PULSE,BOUNDARY_FINE_25PS,STABLE_Q0,1.96e-09,4.001e-09,4.002e-09,NOT_APPLICABLE,NEW_HSPICE_SCENARIO,,89e8917a7872ded38a3e487d7807bfbac5a355aa62c03f31dc17f0097fd6afbc,433592a334a9c53bf57a2acfa8c3ee9db8b7bc8cf30fe3f406a9951f51dd1797
t0__b1p1__L2__dv140p0__h3000p0__pm2425p0__25b53f63ffbc9dc39bfc,1.1,L2,3,8,140.0,0.96,1.0,3000.0,1.0,-2425.0,0.96,3.946472108e-09,4.227594707e-09,4.22066491e-09,7.116226163e-09,281.1225990000002,274.1928020000002,6.929797000000008,1.855287218e-07,1.8774292e-07,1.1,1.1,1.6866247436363636e-07,1.706753818181818e-07,0,stable_low,1,1.1076614416666668e-06,1,,PASS,/home/zhupl25/chiplet_side_channel/chiplet_gds_data/power_macro/delay_chain/ftc/runs/t0_transient_droop/r438/scenarios/t0__b1p1__L2__dv140p0__h3000p0__pm2425p0__25b53f63ffbc9dc39bfc,cc2f158d433f534390f571b6ab36e3cae4212583d95797edb96ffc8dbf9f4570,598cd1b1604d8ee7fee51d6e738e936e3007ef12ca6a441288f76eb88c5c3ed0,t0_5a_1p10_l2_long,L2_LONG_PULSE,BOUNDARY_FINE_25PS,STABLE_Q0,1.9349999999999996e-09,4.001e-09,4.002e-09,NOT_APPLICABLE,NEW_HSPICE_SCENARIO,,e2b1896da666e24ffcebb7aa113847478f1e0791ee6baa5b101a2284c932aade,cc2f158d433f534390f571b6ab36e3cae4212583d95797edb96ffc8dbf9f4570
t0__b1p1__L2__dv140p0__h3000p0__pm2400p0__85be86f24bfcd7d69ff1,1.1,L2,3,8,140.0,0.96,1.0,3000.0,1.0,-2400.0,0.96,3.921472114e-09,4.209358687e-09,4.200807039e-09,7.091226796e-09,287.8865729999994,279.334925,8.551647999999375,1.643086482e-07,1.03910706e-07,1.1,1.1,1.4937149836363635e-07,9.446427818181817e-08,0,stable_low,1,1.110820028125e-06,1,,PASS,/home/zhupl25/chiplet_side_channel/chiplet_gds_data/power_macro/delay_chain/ftc/runs/t0_transient_droop/r439/scenarios/t0__b1p1__L2__dv140p0__h3000p0__pm2400p0__85be86f24bfcd7d69ff1,287b2f91e3baf2d06fb248602bd4eb5832abf8a7bb7777f9aba610db4cbc712d,598cd1b1604d8ee7fee51d6e738e936e3007ef12ca6a441288f76eb88c5c3ed0,t0_5a_1p10_l2_long,L2_LONG_PULSE,BOUNDARY_FINE_25PS,STABLE_Q0,1.9100000000000002e-09,4.0010000000000006e-09,4.002000000000001e-09,NOT_APPLICABLE,NEW_HSPICE_SCENARIO,,c210a91406e18fae9f8065925400a162ab9c57e804e8cfdcdc315c77980b691b,287b2f91e3baf2d06fb248602bd4eb5832abf8a7bb7777f9aba610db4cbc712d
t0__b1p1__L2__dv140p0__h3000p0__pm2375p0__3baa51b651bc417e6970,1.1,L2,3,8,140.0,0.96,1.0,3000.0,1.0,-2375.0,0.96,3.896472112e-09,4.191114305e-09,4.181121904e-09,7.066007973e-09,294.6421930000002,284.6497920000002,9.992400999999973,1.915752476e-07,2.092573391e-07,1.1,1.1,1.74159316e-07,1.9023394463636364e-07,0,stable_low,1,2.4242559041666664e-06,1,,PASS,/home/zhupl25/chiplet_side_channel/chiplet_gds_data/power_macro/delay_chain/ftc/runs/t0_transient_droop/r440/scenarios/t0__b1p1__L2__dv140p0__h3000p0__pm2375p0__3baa51b651bc417e6970,1faa1ee7705cd8556a8ae270734b4ff5d349ebfa30eb45a69087e9557d8800ad,598cd1b1604d8ee7fee51d6e738e936e3007ef12ca6a441288f76eb88c5c3ed0,t0_5a_1p10_l2_long,L2_LONG_PULSE,BOUNDARY_FINE_25PS,STABLE_Q0,1.885e-09,4.0010000000000006e-09,4.002000000000001e-09,NOT_APPLICABLE,NEW_HSPICE_SCENARIO,,3b1fd8ebb55540f0d1398cfa519250cdcfd6cf3d1b861cee93978ff627e931f1,1faa1ee7705cd8556a8ae270734b4ff5d349ebfa30eb45a69087e9557d8800ad
t0__b1p1__L2__dv140p0__h3000p0__pm2350p0__3e4f9de9e39f3b8cae81,1.1,L2,3,8,140.0,0.96,1.0,3000.0,1.0,-2350.0,0.96,3.871472112e-09,4.172850981e-09,4.160700919e-09,7.040906896e-09,301.378869,289.2288070000005,12.150061999999537,-9.251366634e-07,-7.282549011e-07,1.1,1.1,-8.410333303636363e-07,-6.62049910090909e-07,0,stable_low,1,1.1167797604166668e-06,1,,PASS,/home/zhupl25/chiplet_side_channel/chiplet_gds_data/power_macro/delay_chain/ftc/runs/t0_transient_droop/r441/scenarios/t0__b1p1__L2__dv140p0__h3000p0__pm2350p0__3e4f9de9e39f3b8cae81,fb434005a01092f11a6744de88b0714c4c4a6c808de1acfd6371bb421712f059,598cd1b1604d8ee7fee51d6e738e936e3007ef12ca6a441288f76eb88c5c3ed0,t0_5a_1p10_l2_long,L2_LONG_PULSE,BOUNDARY_FINE_25PS,STABLE_Q0,1.86e-09,4.0010000000000006e-09,4.002000000000001e-09,NOT_APPLICABLE,NEW_HSPICE_SCENARIO,,6ace1913a37932853558d3f280880268671d42d64cd97c1a18c76a102d1d9461,fb434005a01092f11a6744de88b0714c4c4a6c808de1acfd6371bb421712f059
t0__b1p1__L2__dv140p0__h3000p0__pm2325p0__3c7a1fb64d3c8ad2f10f,1.1,L2,3,8,140.0,0.96,1.0,3000.0,1.0,-2325.0,0.96,3.846472112e-09,4.15473923e-09,4.138658201e-09,7.016066448e-09,308.26711799999947,292.18608900000004,16.081028999999432,5.616950655e-08,2.580675913e-08,1.1,1.1,5.106318777272727e-08,2.3460690118181817e-08,0,stable_low,1,1.2935917552083333e-06,1,,PASS,/home/zhupl25/chiplet_side_channel/chiplet_gds_data/power_macro/delay_chain/ftc/runs/t0_transient_droop/r442/scenarios/t0__b1p1__L2__dv140p0__h3000p0__pm2325p0__3c7a1fb64d3c8ad2f10f,c95ec576565bc803359edd2216da0f2a2995e3503b62298e61ced56306c1aca4,598cd1b1604d8ee7fee51d6e738e936e3007ef12ca6a441288f76eb88c5c3ed0,t0_5a_1p10_l2_long,L2_LONG_PULSE,BOUNDARY_FINE_25PS,STABLE_Q0,1.8350000000000002e-09,4.001e-09,4.002e-09,NOT_APPLICABLE,NEW_HSPICE_SCENARIO,,285ddd79b0c26d6164678256b7ed90cd45138ad3eb87188c0909c9def75eccdb,c95ec576565bc803359edd2216da0f2a2995e3503b62298e61ced56306c1aca4
t0__b1p1__L2__dv140p0__h3000p0__pm2300p0__1e80f3a1b690231f7717,1.1,L2,3,8,140.0,0.96,1.0,3000.0,1.0,-2300.0,0.96,3.821472114e-09,4.136506228e-09,4.114014762e-09,6.99079319e-09,315.0341139999996,292.54264800000004,22.491465999999548,1.0999996842,1.0999997491,1.1,1.1,0.9999997129090907,0.9999997719090908,1,stable_high,1,1.656986809375e-06,1,,PASS,/home/zhupl25/chiplet_side_channel/chiplet_gds_data/power_macro/delay_chain/ftc/runs/t0_transient_droop/r443/scenarios/t0__b1p1__L2__dv140p0__h3000p0__pm2300p0__1e80f3a1b690231f7717,f7b439f22be54933b3e49c764c24ccb2bb5c8342542720e3484dff390a3aa1c0,598cd1b1604d8ee7fee51d6e738e936e3007ef12ca6a441288f76eb88c5c3ed0,t0_5a_1p10_l2_long,L2_LONG_PULSE,BOUNDARY_FINE_25PS,CLEAN_Q1,1.81e-09,4.001e-09,4.002e-09,NOT_APPLICABLE,NEW_HSPICE_SCENARIO,,0ee9c9d6e496e15bad01247ea04de1148e07fcf23c412e8b26bfd24b305f0e2c,f7b439f22be54933b3e49c764c24ccb2bb5c8342542720e3484dff390a3aa1c0
t0__b1p1__L2__dv140p0__h3000p0__pm2275p0__0bacc70dbcaefdfd3c13,1.1,L2,3,8,140.0,0.96,1.0,3000.0,1.0,-2275.0,0.96,3.796472239e-09,4.118331013e-09,4.093882788e-09,6.965870757e-09,321.85877400000027,297.4105490000001,24.44822500000015,1.0999997235,1.0999996757,1.1,1.1,0.9999997486363637,0.999999705181818,1,stable_high,1,3.1687874958333336e-06,1,,PASS,/home/zhupl25/chiplet_side_channel/chiplet_gds_data/power_macro/delay_chain/ftc/runs/t0_transient_droop/r444/scenarios/t0__b1p1__L2__dv140p0__h3000p0__pm2275p0__0bacc70dbcaefdfd3c13,a624cbffeb7498767821c41f6bcf4c164955a7d757e17a5f21240f65d04df6f9,598cd1b1604d8ee7fee51d6e738e936e3007ef12ca6a441288f76eb88c5c3ed0,t0_5a_1p10_l2_long,L2_LONG_PULSE,BOUNDARY_FINE_25PS,CLEAN_Q1,1.7850000000000001e-09,4.0010000000000006e-09,4.002000000000001e-09,NOT_APPLICABLE,NEW_HSPICE_SCENARIO,,1ac5c820d97c29ac6b6d8b54beec3564483d226673f1645a47fc786b4298ddbe,a624cbffeb7498767821c41f6bcf4c164955a7d757e17a5f21240f65d04df6f9
t0__b1p1__L2__dv140p0__h3000p0__pm2250p0__58ff823fa8c6d5cc7bad,1.1,L2,3,8,140.0,0.96,1.0,3000.0,1.0,-2250.0,0.96,3.771473452e-09,4.100449056e-09,4.075543153e-09,6.940474623e-09,328.97560399999946,304.06970099999984,24.905902999999626,1.0999998563,1.0999997249,1.1,1.1,0.9999998693636363,0.9999997499090908,1,stable_high,1,2.5104577520833332e-06,1,,PASS,/home/zhupl25/chiplet_side_channel/chiplet_gds_data/power_macro/delay_chain/ftc/runs/t0_transient_droop/r434/scenarios/t0__b1p1__L2__dv140p0__h3000p0__pm2250p0__58ff823fa8c6d5cc7bad,9aa168b5b6c2538e5143dd9e74aff6b62e8966d10c0ca9e34b33aeb670ed215b,598cd1b1604d8ee7fee51d6e738e936e3007ef12ca6a441288f76eb88c5c3ed0,t0_5a_1p10_l2_long,L2_LONG_PULSE,LEFT_COARSE_EXTENSION,CLEAN_Q1,1.76e-09,4.0010000000000006e-09,4.002000000000001e-09,NOT_APPLICABLE,NEW_HSPICE_SCENARIO,,2babcd56c91daaf0d04bafca5b671f0aae67df0fc0f016d93365401377a21461,9aa168b5b6c2538e5143dd9e74aff6b62e8966d10c0ca9e34b33aeb670ed215b
t0__b1p1__L2__dv140p0__h3000p0__pm2000p0__7c2cedce09a68f598084,1.1,L2,3,8,140.0,0.96,1.0,3000.0,1.0,-2000.0,0.96,3.52166488e-09,3.888806009e-09,3.846206937e-09,6.690872432e-09,367.14112900000015,324.54205699999983,42.59907200000032,1.0999995125,1.0999996107,1.1,1.1,0.9999995568181816,0.9999996460909091,1,stable_high,1,1.4544809052083336e-06,1,,PASS,/home/zhupl25/chiplet_side_channel/chiplet_gds_data/power_macro/delay_chain/ftc/runs/t0_transient_droop/r433/scenarios/t0__b1p1__L2__dv140p0__h3000p0__pm2000p0__7c2cedce09a68f598084,3f58da88a880863aa690b62b40c5bf395ebf46afa61804c2e110581ff8bba4ab,598cd1b1604d8ee7fee51d6e738e936e3007ef12ca6a441288f76eb88c5c3ed0,t0_5a_1p10_l2_long,L2_LONG_PULSE,LEFT_COARSE_EXTENSION,CLEAN_Q1,1.5100000000000002e-09,4.0010000000000006e-09,4.002000000000001e-09,NOT_APPLICABLE,NEW_HSPICE_SCENARIO,,3e00877943904a247ed1fd960141f464358071d746b31f08611f957f41cf277b,3f58da88a880863aa690b62b40c5bf395ebf46afa61804c2e110581ff8bba4ab
t0__b1p1__L2__dv140p0__h3000p0__pm1750p0__b0de09b76ada0539ec93,1.1,L2,3,8,140.0,0.96,1.0,3000.0,1.0,-1750.0,0.96,3.270895755e-09,3.638684406e-09,3.595758902e-09,6.44092066e-09,367.78865099999973,324.8631469999998,42.92550399999993,1.0999996479,1.099999644,1.1,1.1,0.9999996799090909,0.9999996763636362,1,stable_high,1,1.3553626541666669e-06,1,,PASS,/home/zhupl25/chiplet_side_channel/chiplet_gds_data/power_macro/delay_chain/ftc/runs/t0_transient_droop/r432/scenarios/t0__b1p1__L2__dv140p0__h3000p0__pm1750p0__b0de09b76ada0539ec93,d45c44e2719cf54bc7d9a0815a7c4112c7142722ff3c33bce61aab5159c09a95,598cd1b1604d8ee7fee51d6e738e936e3007ef12ca6a441288f76eb88c5c3ed0,t0_5a_1p10_l2_long,L2_LONG_PULSE,LEFT_COARSE_EXTENSION,CLEAN_Q1,1.26e-09,4.001e-09,4.002e-09,NOT_APPLICABLE,NEW_HSPICE_SCENARIO,,0a2730232751f5523492b3db6a39422b2c53c36c15b09f64195b2ca4091dada3,d45c44e2719cf54bc7d9a0815a7c4112c7142722ff3c33bce61aab5159c09a95
t0__b1p1__L2__dv140p0__h3000p0__pm1500p0__24ae1fbe5aa4bf02d053,1.1,L2,3,8,140.0,0.96,1.0,3000.0,1.0,-1500.0,0.96,3.020479586e-09,3.388750075e-09,3.345332057e-09,6.190799862e-09,368.27048899999977,324.852471,43.41801799999979,1.1000164872,1.0999958889,1.1,1.1,1.0000149883636362,0.9999962626363637,1,stable_high,1,1.5496771302083333e-06,1,,PASS,/home/zhupl25/chiplet_side_channel/chiplet_gds_data/power_macro/delay_chain/ftc/runs/t0_transient_droop/r431/scenarios/t0__b1p1__L2__dv140p0__h3000p0__pm1500p0__24ae1fbe5aa4bf02d053,71c61eda7eb1d75a02e66db9c4ccdef92ad8d4be9990dc67a89bc11684214835,598cd1b1604d8ee7fee51d6e738e936e3007ef12ca6a441288f76eb88c5c3ed0,t0_5a_1p10_l2_long,L2_LONG_PULSE,LEFT_COARSE_EXTENSION,CLEAN_Q1,1.01e-09,4.001e-09,4.002e-09,NOT_APPLICABLE,NEW_HSPICE_SCENARIO,,77419f3547b03ba62343be13d814681e72358503659f7ac8e64c46a3d2ecc89b,71c61eda7eb1d75a02e66db9c4ccdef92ad8d4be9990dc67a89bc11684214835
t0__b1p1__L2__dv140p0__h3000p0__pm1250p0__020f04d85c896679dcf3,1.1,L2,3,8,140.0,0.96,1.0,3000.0,1.0,-1250.0,0.96,2.011064541e-09,2.378874148e-09,2.335723559e-09,5.180987374e-09,367.80960699999986,324.6590179999999,43.15058899999997,1.0999945189,1.1000018944,1.1,1.1,0.999995017181818,1.0000017221818183,1,stable_high,1,2.003718835416667e-06,1,,PASS,/home/zhupl25/chiplet_side_channel/chiplet_gds_data/power_macro/delay_chain/ftc/runs/t0_transient_droop/r430/scenarios/t0__b1p1__L2__dv140p0__h3000p0__pm1250p0__020f04d85c896679dcf3,2da45aad131aec5dbd88948b891c74ac002effecf0fa48e780ad233834c8fbd2,598cd1b1604d8ee7fee51d6e738e936e3007ef12ca6a441288f76eb88c5c3ed0,t0_5a_1p10_l2_long,L2_LONG_PULSE,LEFT_COARSE_EXTENSION,CLEAN_Q1,0.0,3.241e-09,3.2419999999999998e-09,NOT_APPLICABLE,NEW_HSPICE_SCENARIO,,35d658467b8c09993cbc0cd81d9aefc06e0bd1255f33303cce5663d6b64d6831,2da45aad131aec5dbd88948b891c74ac002effecf0fa48e780ad233834c8fbd2
t0__b1p1__L2__dv140p0__h3000p0__pm1000p0__2fe5bf157f9cdab7420a,1.1,L2,3,8,140.0,0.96,1.0,3000.0,1.0,-1000.0,0.96,2.011110625e-09,2.378850279e-09,2.335841876e-09,5.180882506e-09,367.7396540000003,324.7312510000001,43.008403000000214,1.0999824098,1.1000087468,1.1,1.1,0.9999840089090908,1.0000079516363636,1,stable_high,1,2.6773351375000002e-06,1,,PASS,/home/zhupl25/chiplet_side_channel/chiplet_gds_data/power_macro/delay_chain/ftc/runs/t0_transient_droop/r101/scenarios/t0__b1p1__L2__dv140p0__h3000p0__pm1000p0__2fe5bf157f9cdab7420a,51b7234290d87fe002ecd9be0a9a943043d8c8364622fd1caab1bbc272c3a317,598cd1b1604d8ee7fee51d6e738e936e3007ef12ca6a441288f76eb88c5c3ed0,t0_5a_1p10_l2_long,L2_LONG_PULSE,REUSED_T0_3_PHASE_POINT,CLEAN_Q1,0.0,3.4909999999999996e-09,3.4919999999999995e-09,NOT_APPLICABLE,REUSED_T0_3_AUTHORITY_ROW,T0_3_PHASE_WINDOW_CSV_SELECTED_SCENARIO,6790cdd10c2c40d4f5a67d8c48bb77fb1302cf7d3e812f4947ec9a65f9597c46,51b7234290d87fe002ecd9be0a9a943043d8c8364622fd1caab1bbc272c3a317
t0__b1p1__L2__dv140p0__h3000p0__pm750p0__e4d8a0611a106ab7d7a6,1.1,L2,3,8,140.0,0.96,1.0,3000.0,1.0,-750.0,0.96,2.011549162e-09,2.378730997e-09,2.336491821e-09,5.180899942e-09,367.181835,324.94265900000005,42.23917599999993,1.0999809754,1.1000143191,1.1,1.1,0.9999827049090909,1.0000130173636363,1,stable_high,1,2.2203649520833335e-06,1,,PASS,/home/zhupl25/chiplet_side_channel/chiplet_gds_data/power_macro/delay_chain/ftc/runs/t0_transient_droop/r102/scenarios/t0__b1p1__L2__dv140p0__h3000p0__pm750p0__e4d8a0611a106ab7d7a6,25be37c1c10432f0d9e52d4dffb055d3987cf82fdf556efd1e62b6278dff90b7,598cd1b1604d8ee7fee51d6e738e936e3007ef12ca6a441288f76eb88c5c3ed0,t0_5a_1p10_l2_long,L2_LONG_PULSE,REUSED_T0_3_PHASE_POINT,CLEAN_Q1,0.0,3.741e-09,3.7420000000000005e-09,NOT_APPLICABLE,REUSED_T0_3_AUTHORITY_ROW,T0_3_PHASE_WINDOW_CSV_SELECTED_SCENARIO,9f0590d4e6557d7ee18d1df79b1ad57f7e9e055f9b9aeec4c8101a8b7c2f9961,25be37c1c10432f0d9e52d4dffb055d3987cf82fdf556efd1e62b6278dff90b7
t0__b1p1__L2__dv140p0__h3000p0__pm500p0__4c0063ee674ca863a637,1.1,L2,3,8,140.0,0.96,1.0,3000.0,1.0,-500.0,0.96,2.011327428e-09,2.378783857e-09,2.336248153e-09,5.181176592e-09,367.4564290000002,324.92072499999995,42.53570400000024,0.9599995002,0.9600000084,0.96,0.96,0.9999994793750001,1.00000000875,1,stable_high,1,1.8071492250000002e-06,1,,PASS,/home/zhupl25/chiplet_side_channel/chiplet_gds_data/power_macro/delay_chain/ftc/runs/t0_transient_droop/r103/scenarios/t0__b1p1__L2__dv140p0__h3000p0__pm500p0__4c0063ee674ca863a637,fc7fa01f6a308bdb401a54c801e0546149b3ff57576985cf04482c72cb2c853a,598cd1b1604d8ee7fee51d6e738e936e3007ef12ca6a441288f76eb88c5c3ed0,t0_5a_1p10_l2_long,L2_LONG_PULSE,REUSED_T0_3_PHASE_POINT,CLEAN_Q1,0.0,3.991e-09,3.992e-09,NOT_APPLICABLE,REUSED_T0_3_AUTHORITY_ROW,T0_3_PHASE_WINDOW_CSV_SELECTED_SCENARIO,5ea7f007717cd085712e1d9e8e104718944447e6e8a3a5850886c22b203385cd,fc7fa01f6a308bdb401a54c801e0546149b3ff57576985cf04482c72cb2c853a
t0__b1p1__L2__dv140p0__h3000p0__pm250p0__ccaacf3a722354187147,1.1,L2,3,8,140.0,0.96,1.0,3000.0,1.0,-250.0,0.96,2.011239981e-09,2.379004064e-09,2.335980753e-09,5.181072449e-09,367.76408299999997,324.74077200000005,43.02331099999992,0.9599996233,0.9599997579,0.96,0.96,0.9999996076041667,0.9999997478125001,1,stable_high,1,1.639535553125e-06,1,,PASS,/home/zhupl25/chiplet_side_channel/chiplet_gds_data/power_macro/delay_chain/ftc/runs/t0_transient_droop/r104/scenarios/t0__b1p1__L2__dv140p0__h3000p0__pm250p0__ccaacf3a722354187147,13fedf8b2039fcac76817d798dd24a172bb78b9b74256d9a51c165b217618229,598cd1b1604d8ee7fee51d6e738e936e3007ef12ca6a441288f76eb88c5c3ed0,t0_5a_1p10_l2_long,L2_LONG_PULSE,REUSED_T0_3_PHASE_POINT,CLEAN_Q1,0.0,4.241e-09,4.242e-09,NOT_APPLICABLE,REUSED_T0_3_AUTHORITY_ROW,T0_3_PHASE_WINDOW_CSV_SELECTED_SCENARIO,50e663fd897123c9c3f3da5c97747516792ae1e664f0271493952e8e22a2739d,13fedf8b2039fcac76817d798dd24a172bb78b9b74256d9a51c165b217618229
t0__b1p1__L2__dv140p0__h3000p0__p0p0__5c391a5be9ac16defe29,1.1,L2,3,8,140.0,0.96,1.0,3000.0,1.0,0.0,0.96,2.011960328e-09,2.378682589e-09,2.336895689e-09,5.180165223e-09,366.72226100000006,324.93536100000006,41.7869,0.9599996082,0.9599996956,0.96,0.96,0.999999591875,0.9999996829166666,1,stable_high,1,1.2983346177083334e-06,1,,PASS,/home/zhupl25/chiplet_side_channel/chiplet_gds_data/power_macro/delay_chain/ftc/runs/t0_transient_droop/r105/scenarios/t0__b1p1__L2__dv140p0__h3000p0__p0p0__5c391a5be9ac16defe29,dd2f41921a952c0d9f8b694a8499ba50426744ac3f5131ebd2b7861ef0fcd813,598cd1b1604d8ee7fee51d6e738e936e3007ef12ca6a441288f76eb88c5c3ed0,t0_5a_1p10_l2_long,L2_LONG_PULSE,REUSED_T0_3_PHASE_POINT,CLEAN_Q1,0.0,4.491e-09,4.492000000000001e-09,NOT_APPLICABLE,REUSED_T0_3_AUTHORITY_ROW,T0_3_PHASE_WINDOW_CSV_SELECTED_SCENARIO,9fbee1f60a6e5c438eb775d2117ad490b94dd42a9cb5609e09367041b7983bcb,dd2f41921a952c0d9f8b694a8499ba50426744ac3f5131ebd2b7861ef0fcd813
t0__b1p1__L2__dv140p0__h3000p0__p25p0__073a532822215d35adf2,1.1,L2,3,8,140.0,0.96,1.0,3000.0,1.0,25.0,0.96,2.00481621e-09,2.369818189e-09,2.329285809e-09,5.186086903e-09,365.00197899999984,324.46959899999996,40.532379999999876,0.9599996959,0.9599997023,0.96,0.96,0.9999996832291667,0.9999996898958333,1,stable_high,1,1.4746171760416667e-06,1,,PASS,/home/zhupl25/chiplet_side_channel/chiplet_gds_data/power_macro/delay_chain/ftc/runs/t0_transient_droop/r123/scenarios/t0__b1p1__L2__dv140p0__h3000p0__p25p0__073a532822215d35adf2,815989f0ac234653f0df4284bf7d85704e6f7378ad18c2f31f03a883b0b018b8,598cd1b1604d8ee7fee51d6e738e936e3007ef12ca6a441288f76eb88c5c3ed0,t0_5a_1p10_l2_long,L2_LONG_PULSE,REUSED_T0_3_PHASE_POINT,CLEAN_Q1,0.0,4.516e-09,4.517e-09,NOT_APPLICABLE,REUSED_T0_3_AUTHORITY_ROW,T0_3_PHASE_WINDOW_CSV_SELECTED_SCENARIO,e04e795559ec6b5f806cb52b1dfef7afdf8422cf6f129615ea1c27c77789e01d,815989f0ac234653f0df4284bf7d85704e6f7378ad18c2f31f03a883b0b018b8
t0__b1p1__L2__dv140p0__h3000p0__p50p0__e976924797b859596dc1,1.1,L2,3,8,140.0,0.96,1.0,3000.0,1.0,50.0,0.96,1.998232503e-09,2.360678459e-09,2.323152911e-09,5.191856626e-09,362.44595600000014,324.92040799999984,37.5255480000003,1.469491872e-07,1.691330632e-07,0.96,0.96,1.5307207000000002e-07,1.7618027416666667e-07,0,stable_low,1,1.3633929770833334e-06,1,,PASS,/home/zhupl25/chiplet_side_channel/chiplet_gds_data/power_macro/delay_chain/ftc/runs/t0_transient_droop/r124/scenarios/t0__b1p1__L2__dv140p0__h3000p0__p50p0__e976924797b859596dc1,bcea0835aee7602155a6461909340e29ff8f0d13d525196d9cfc2b19a826c928,598cd1b1604d8ee7fee51d6e738e936e3007ef12ca6a441288f76eb88c5c3ed0,t0_5a_1p10_l2_long,L2_LONG_PULSE,REUSED_T0_3_PHASE_POINT,STABLE_Q0,0.0,4.541e-09,4.542e-09,NOT_APPLICABLE,REUSED_T0_3_AUTHORITY_ROW,T0_3_PHASE_WINDOW_CSV_SELECTED_SCENARIO,dfbbd6dcd0b68e7a2ecc231bee2451c18cee33422b280d155cca500753ce3ee6,bcea0835aee7602155a6461909340e29ff8f0d13d525196d9cfc2b19a826c928
t0__b1p1__L2__dv140p0__h3000p0__p75p0__ae698b2d0678b3942fdc,1.1,L2,3,8,140.0,0.96,1.0,3000.0,1.0,75.0,0.96,1.991369363e-09,2.351860795e-09,2.316007394e-09,5.197798662e-09,360.4914320000001,324.63803100000007,35.85340100000002,1.455233615e-07,1.83290684e-07,0.96,0.96,1.5158683489583335e-07,1.9092779583333333e-07,0,stable_low,1,1.2427705583333332e-06,1,,PASS,/home/zhupl25/chiplet_side_channel/chiplet_gds_data/power_macro/delay_chain/ftc/runs/t0_transient_droop/r125/scenarios/t0__b1p1__L2__dv140p0__h3000p0__p75p0__ae698b2d0678b3942fdc,c7fc06e90d34a2d097064fc66d837af1e4bd91299c3071868fc9e20705876a61,598cd1b1604d8ee7fee51d6e738e936e3007ef12ca6a441288f76eb88c5c3ed0,t0_5a_1p10_l2_long,L2_LONG_PULSE,REUSED_T0_3_PHASE_POINT,STABLE_Q0,0.0,4.566e-09,4.5670000000000005e-09,NOT_APPLICABLE,REUSED_T0_3_AUTHORITY_ROW,T0_3_PHASE_WINDOW_CSV_SELECTED_SCENARIO,658317110a6bd3b4666b9baaa7467612fa487ced72e6e7658c60198eecc22db3,c7fc06e90d34a2d097064fc66d837af1e4bd91299c3071868fc9e20705876a61
t0__b1p1__L2__dv140p0__h3000p0__p100p0__34e01a2aef494ecc2455,1.1,L2,3,8,140.0,0.96,1.0,3000.0,1.0,100.0,0.96,1.984085701e-09,2.342125933e-09,2.309053733e-09,5.202844143e-09,358.040232,324.968032,33.07220000000001,-2.514550075e-07,-2.523047301e-07,0.96,0.96,-2.619322994791667e-07,-2.628174271875e-07,0,stable_low,1,1.288490784375e-06,1,,PASS,/home/zhupl25/chiplet_side_channel/chiplet_gds_data/power_macro/delay_chain/ftc/runs/t0_transient_droop/r126/scenarios/t0__b1p1__L2__dv140p0__h3000p0__p100p0__34e01a2aef494ecc2455,7b32110b8a40f58cacdada8659c0ac678d30b90719598a7a9fe8592e129fb7a9,598cd1b1604d8ee7fee51d6e738e936e3007ef12ca6a441288f76eb88c5c3ed0,t0_5a_1p10_l2_long,L2_LONG_PULSE,REUSED_T0_3_PHASE_POINT,STABLE_Q0,0.0,4.5909999999999996e-09,4.592e-09,NOT_APPLICABLE,REUSED_T0_3_AUTHORITY_ROW,T0_3_PHASE_WINDOW_CSV_SELECTED_SCENARIO,80fb444b6f3976b726d764d8f6f6e7f0a9470b4419b07368b0795009107ead26,7b32110b8a40f58cacdada8659c0ac678d30b90719598a7a9fe8592e129fb7a9
t0__b1p1__L2__dv140p0__h3000p0__p125p0__a5c46a3bdb076a90d154,1.1,L2,3,8,140.0,0.96,1.0,3000.0,1.0,125.0,0.96,1.976830897e-09,2.333090545e-09,2.30169055e-09,5.208467794e-09,356.2596480000002,324.859653,31.399995000000217,-6.167594207e-08,-1.240775766e-07,0.96,0.96,-6.424577298958334e-08,-1.29247475625e-07,0,stable_low,1,1.2864428781250002e-06,1,,PASS,/home/zhupl25/chiplet_side_channel/chiplet_gds_data/power_macro/delay_chain/ftc/runs/t0_transient_droop/r127/scenarios/t0__b1p1__L2__dv140p0__h3000p0__p125p0__a5c46a3bdb076a90d154,15caaf4bff2ba16dcad34ffd15c6dfa4901dc2f40e1f11b02c92bb342722e8a5,598cd1b1604d8ee7fee51d6e738e936e3007ef12ca6a441288f76eb88c5c3ed0,t0_5a_1p10_l2_long,L2_LONG_PULSE,REUSED_T0_3_PHASE_POINT,STABLE_Q0,0.0,4.616e-09,4.617e-09,NOT_APPLICABLE,REUSED_T0_3_AUTHORITY_ROW,T0_3_PHASE_WINDOW_CSV_SELECTED_SCENARIO,371ff1922509e88f4399d65771d8182eb1eaea0074d2ba42afaa5b0a3e795833,15caaf4bff2ba16dcad34ffd15c6dfa4901dc2f40e1f11b02c92bb342722e8a5
t0__b1p1__L2__dv140p0__h3000p0__p150p0__479389361637dae56652,1.1,L2,3,8,140.0,0.96,1.0,3000.0,1.0,150.0,0.96,1.970517165e-09,2.323328e-09,2.295302599e-09,5.214439651e-09,352.8108349999998,324.78543399999995,28.025400999999874,-5.841746394e-07,-7.361565639e-07,0.96,0.96,-6.08515249375e-07,-7.668297540625e-07,0,stable_low,1,1.3217897302083335e-06,1,,PASS,/home/zhupl25/chiplet_side_channel/chiplet_gds_data/power_macro/delay_chain/ftc/runs/t0_transient_droop/r128/scenarios/t0__b1p1__L2__dv140p0__h3000p0__p150p0__479389361637dae56652,9a487c003ad9d79203859091cc2788b9aa8854f169fc8257d49a1fef5548f77d,598cd1b1604d8ee7fee51d6e738e936e3007ef12ca6a441288f76eb88c5c3ed0,t0_5a_1p10_l2_long,L2_LONG_PULSE,REUSED_T0_3_PHASE_POINT,STABLE_Q0,0.0,4.641e-09,4.642e-09,NOT_APPLICABLE,REUSED_T0_3_AUTHORITY_ROW,T0_3_PHASE_WINDOW_CSV_SELECTED_SCENARIO,72d017d51a2994aa9f926d41bb1ee8989e7a3a7b07c083a03c89e17b787ebdc4,9a487c003ad9d79203859091cc2788b9aa8854f169fc8257d49a1fef5548f77d
t0__b1p1__L2__dv140p0__h3000p0__p175p0__3a6ffe5a26d72b4290ef,1.1,L2,3,8,140.0,0.96,1.0,3000.0,1.0,175.0,0.96,1.963953917e-09,2.314377289e-09,2.288799631e-09,5.219581032e-09,350.4233719999999,324.84571400000004,25.57765799999987,-1.739075737e-07,2.383155094e-07,0.96,0.96,-1.8115372260416666e-07,2.482453222916667e-07,0,stable_low,1,1.3900138739583334e-06,1,,PASS,/home/zhupl25/chiplet_side_channel/chiplet_gds_data/power_macro/delay_chain/ftc/runs/t0_transient_droop/r129/scenarios/t0__b1p1__L2__dv140p0__h3000p0__p175p0__3a6ffe5a26d72b4290ef,aae505b8b1df13e76097f0e3b960c1b6f043b3cf7bf31a5c8204a34cfa60263a,598cd1b1604d8ee7fee51d6e738e936e3007ef12ca6a441288f76eb88c5c3ed0,t0_5a_1p10_l2_long,L2_LONG_PULSE,REUSED_T0_3_PHASE_POINT,STABLE_Q0,0.0,4.666e-09,4.6670000000000005e-09,NOT_APPLICABLE,REUSED_T0_3_AUTHORITY_ROW,T0_3_PHASE_WINDOW_CSV_SELECTED_SCENARIO,1971b001a4669f3d4a2cae4f81cb1f4a5b3c2fadba6617fd63a4a6d8a8ebdb01,aae505b8b1df13e76097f0e3b960c1b6f043b3cf7bf31a5c8204a34cfa60263a
t0__b1p1__L2__dv140p0__h3000p0__p200p0__c870d0cd2ed42ffd9c2b,1.1,L2,3,8,140.0,0.96,1.0,3000.0,1.0,200.0,0.96,1.956797779e-09,2.305075943e-09,2.281498461e-09,5.225711321e-09,348.2781639999998,324.7006819999999,23.57748199999986,-2.385905903e-08,-3.56768867e-08,0.96,0.96,-2.4853186489583334e-08,-3.716342364583333e-08,0,stable_low,1,2.7561143083333333e-06,1,,PASS,/home/zhupl25/chiplet_side_channel/chiplet_gds_data/power_macro/delay_chain/ftc/runs/t0_transient_droop/r130/scenarios/t0__b1p1__L2__dv140p0__h3000p0__p200p0__c870d0cd2ed42ffd9c2b,8bf918c346ae32843cd63124e0cb4d0c74e953b77503637ac21601a0cf3920a7,598cd1b1604d8ee7fee51d6e738e936e3007ef12ca6a441288f76eb88c5c3ed0,t0_5a_1p10_l2_long,L2_LONG_PULSE,REUSED_T0_3_PHASE_POINT,STABLE_Q0,0.0,4.691e-09,4.692e-09,NOT_APPLICABLE,REUSED_T0_3_AUTHORITY_ROW,T0_3_PHASE_WINDOW_CSV_SELECTED_SCENARIO,3119be9f893beecb830f5acf6fd87c084ef58ddcafe683eebaf69bb0c7560b76,8bf918c346ae32843cd63124e0cb4d0c74e953b77503637ac21601a0cf3920a7
t0__b1p1__L2__dv140p0__h3000p0__p225p0__4facd8551b6055378991,1.1,L2,3,8,140.0,0.96,1.0,3000.0,1.0,225.0,0.96,1.95010705e-09,2.295461015e-09,2.275049036e-09,5.231147326e-09,345.353965,324.9419860000001,20.411978999999917,8.245433623e-08,2.580936024e-07,0.96,0.96,8.588993357291667e-08,2.6884750249999997e-07,0,stable_low,1,1.3217790270833335e-06,1,,PASS,/home/zhupl25/chiplet_side_channel/chiplet_gds_data/power_macro/delay_chain/ftc/runs/t0_transient_droop/r131/scenarios/t0__b1p1__L2__dv140p0__h3000p0__p225p0__4facd8551b6055378991,46ec5c3bed1d03785ddf152d6f720c1cefbb7231fc790be7111b1a1988a014f7,598cd1b1604d8ee7fee51d6e738e936e3007ef12ca6a441288f76eb88c5c3ed0,t0_5a_1p10_l2_long,L2_LONG_PULSE,REUSED_T0_3_PHASE_POINT,STABLE_Q0,0.0,4.716e-09,4.717e-09,NOT_APPLICABLE,REUSED_T0_3_AUTHORITY_ROW,T0_3_PHASE_WINDOW_CSV_SELECTED_SCENARIO,23fde969b05f8b98a86db7562dc7f003fd867c84b65f528d5c2550ac996d0703,46ec5c3bed1d03785ddf152d6f720c1cefbb7231fc790be7111b1a1988a014f7
t0__b1p1__L2__dv140p0__h3000p0__p250p0__a64b4fc9366e483edb0f,1.1,L2,3,8,140.0,0.96,1.0,3000.0,1.0,250.0,0.96,1.943140037e-09,2.286028115e-09,2.268032912e-09,5.236593477e-09,342.88807800000006,324.8928749999998,17.995203000000288,1.607642059e-08,-1.397436631e-07,0.96,0.96,1.6746271447916667e-08,-1.4556631572916667e-07,0,stable_low,1,2.1148460427083334e-06,1,,PASS,/home/zhupl25/chiplet_side_channel/chiplet_gds_data/power_macro/delay_chain/ftc/runs/t0_transient_droop/r106/scenarios/t0__b1p1__L2__dv140p0__h3000p0__p250p0__a64b4fc9366e483edb0f,3406aaf4dac86abce89b1554bfa266133278779d4ed31a038ef24a06246afdaa,598cd1b1604d8ee7fee51d6e738e936e3007ef12ca6a441288f76eb88c5c3ed0,t0_5a_1p10_l2_long,L2_LONG_PULSE,REUSED_T0_3_PHASE_POINT,STABLE_Q0,0.0,4.741e-09,4.742e-09,NOT_APPLICABLE,REUSED_T0_3_AUTHORITY_ROW,T0_3_PHASE_WINDOW_CSV_SELECTED_SCENARIO,ca34ae6750c313dcc6d74de256bbe60163e868ade69ccf0b7c9f5874f5eab816,3406aaf4dac86abce89b1554bfa266133278779d4ed31a038ef24a06246afdaa
t0__b1p1__L2__dv140p0__h3000p0__p500p0__6345dc6b3dc87ba7811b,1.1,L2,3,8,140.0,0.96,1.0,3000.0,1.0,500.0,0.96,1.89673728e-09,2.191478842e-09,2.194677334e-09,5.292879362e-09,294.741562,297.9400540000001,-3.198492000000101,5.116045355e-07,2.354199728e-07,0.96,0.96,5.329213911458333e-07,2.4522913833333333e-07,0,stable_low,1,1.5993629166666666e-06,1,,PASS,/home/zhupl25/chiplet_side_channel/chiplet_gds_data/power_macro/delay_chain/ftc/runs/t0_transient_droop/r107/scenarios/t0__b1p1__L2__dv140p0__h3000p0__p500p0__6345dc6b3dc87ba7811b,be40e18a83cbd54d70b3f314d2699f4fe6d754e4a812a27e3037af73c1ab105e,598cd1b1604d8ee7fee51d6e738e936e3007ef12ca6a441288f76eb88c5c3ed0,t0_5a_1p10_l2_long,L2_LONG_PULSE,REUSED_T0_3_PHASE_POINT,STABLE_Q0,0.0,4.991e-09,4.992e-09,NOT_APPLICABLE,REUSED_T0_3_AUTHORITY_ROW,T0_3_PHASE_WINDOW_CSV_SELECTED_SCENARIO,7ba3e375b5c57b2cafedb2456b42e0bbe37ae83dccc485b1701e5439fd9a8df2,be40e18a83cbd54d70b3f314d2699f4fe6d754e4a812a27e3037af73c1ab105e
t0__b1p1__L2__dv140p0__h3000p0__p750p0__16b211852520823f6bce,1.1,L2,3,8,140.0,0.96,1.0,3000.0,1.0,750.0,0.96,1.89673728e-09,2.135943675e-09,2.157900431e-09,5.340860859e-09,239.20639499999982,261.16315099999986,-21.95675600000004,1.866329915e-07,1.425806696e-07,0.96,0.96,1.9440936614583333e-07,1.4852153083333335e-07,0,stable_low,1,3.0045107364583335e-06,1,,PASS,/home/zhupl25/chiplet_side_channel/chiplet_gds_data/power_macro/delay_chain/ftc/runs/t0_transient_droop/r108/scenarios/t0__b1p1__L2__dv140p0__h3000p0__p750p0__16b211852520823f6bce,36d0b8b63df4c500306769e1c477c0b00a1e29e2df306b6d10279032e416f2e1,598cd1b1604d8ee7fee51d6e738e936e3007ef12ca6a441288f76eb88c5c3ed0,t0_5a_1p10_l2_long,L2_LONG_PULSE,REUSED_T0_3_PHASE_POINT,STABLE_Q0,0.0,5.241e-09,5.242000000000001e-09,NOT_APPLICABLE,REUSED_T0_3_AUTHORITY_ROW,T0_3_PHASE_WINDOW_CSV_SELECTED_SCENARIO,d12dea8b33ecd73ca0e08f8b8ea295791284717aaa979d53fd6bc935e2057378,36d0b8b63df4c500306769e1c477c0b00a1e29e2df306b6d10279032e416f2e1
t0__b1p1__L2__dv140p0__h3000p0__p1000p0__a9deac0befde1911cbcf,1.1,L2,3,8,140.0,0.96,1.0,3000.0,1.0,1000.0,0.96,1.89673728e-09,2.135943675e-09,2.157900431e-09,5.370811882e-09,239.20639499999982,261.16315099999986,-21.95675600000004,9.799949194e-07,-3.66664307e-06,0.96,0.96,1.0208280410416666e-06,-3.819419864583333e-06,0,stable_low,1,1.2311040125e-06,1,,PASS,/home/zhupl25/chiplet_side_channel/chiplet_gds_data/power_macro/delay_chain/ftc/runs/t0_transient_droop/r109/scenarios/t0__b1p1__L2__dv140p0__h3000p0__p1000p0__a9deac0befde1911cbcf,c2ddd83391c262b3e95c5b49ddc2b499e2306c7fb0db3e97359cc7c6088f6373,598cd1b1604d8ee7fee51d6e738e936e3007ef12ca6a441288f76eb88c5c3ed0,t0_5a_1p10_l2_long,L2_LONG_PULSE,REUSED_T0_3_PHASE_POINT,STABLE_Q0,0.0,5.491e-09,5.4920000000000005e-09,NOT_APPLICABLE,REUSED_T0_3_AUTHORITY_ROW,T0_3_PHASE_WINDOW_CSV_SELECTED_SCENARIO,d26958bcfa11440a94f07727570ab95e1c7105c3989e1ea1c5040d5a3aae6b5e,c2ddd83391c262b3e95c5b49ddc2b499e2306c7fb0db3e97359cc7c6088f6373
t0__b1p1__L2__dv140p0__h3000p0__p1250p0__b6e6689baa30d158b0fb,1.1,L2,3,8,140.0,0.96,1.0,3000.0,1.0,1250.0,0.96,1.89673728e-09,2.135943675e-09,2.157900431e-09,5.370380676e-09,239.20639499999982,261.16315099999986,-21.95675600000004,3.708602983e-06,9.72604871e-07,0.96,0.96,3.863128107291666e-06,1.0131300739583333e-06,0,stable_low,1,5.940397086458334e-06,1,,PASS,/home/zhupl25/chiplet_side_channel/chiplet_gds_data/power_macro/delay_chain/ftc/runs/t0_transient_droop/r110/scenarios/t0__b1p1__L2__dv140p0__h3000p0__p1250p0__b6e6689baa30d158b0fb,8ca5f71a86a2a26a4c29e731a382f2aa9241520b37d4fb3bb26b6ea52bf3abfd,598cd1b1604d8ee7fee51d6e738e936e3007ef12ca6a441288f76eb88c5c3ed0,t0_5a_1p10_l2_long,L2_LONG_PULSE,REUSED_T0_3_PHASE_POINT,STABLE_Q0,0.0,5.741e-09,5.742e-09,NOT_APPLICABLE,REUSED_T0_3_AUTHORITY_ROW,T0_3_PHASE_WINDOW_CSV_SELECTED_SCENARIO,84a365745617f2ef716f1884e9151cdbdaeadc804ee713b9c910e919ae9a05b5,8ca5f71a86a2a26a4c29e731a382f2aa9241520b37d4fb3bb26b6ea52bf3abfd
t0__b1p1__L2__dv140p0__h3000p0__p1500p0__d3e6a4397c36384fce71,1.1,L2,3,8,140.0,0.96,1.0,3000.0,1.0,1500.0,0.96,1.89673728e-09,2.135943675e-09,2.157900431e-09,5.371401642e-09,239.20639499999982,261.16315099999986,-21.95675600000004,-2.131253613e-06,2.540611058e-06,0.96,0.96,-2.220055846875e-06,2.6464698520833335e-06,0,stable_low,1,2.31044016875e-05,1,,PASS,/home/zhupl25/chiplet_side_channel/chiplet_gds_data/power_macro/delay_chain/ftc/runs/t0_transient_droop/r111/scenarios/t0__b1p1__L2__dv140p0__h3000p0__p1500p0__d3e6a4397c36384fce71,49e948fe1f40eb9d87b8bb000d7b61f1ac4cb8eb940d63cf3d72183a39579821,598cd1b1604d8ee7fee51d6e738e936e3007ef12ca6a441288f76eb88c5c3ed0,t0_5a_1p10_l2_long,L2_LONG_PULSE,REUSED_T0_3_PHASE_POINT,STABLE_Q0,0.0,5.991e-09,5.992e-09,NOT_APPLICABLE,REUSED_T0_3_AUTHORITY_ROW,T0_3_PHASE_WINDOW_CSV_SELECTED_SCENARIO,d59c59b56a8a38dd0db03ed5ef67470fc301de90fbfc38d6087206ff7f27be98,49e948fe1f40eb9d87b8bb000d7b61f1ac4cb8eb940d63cf3d72183a39579821
t0__b1p1__L2__dv140p0__h3000p0__p2000p0__ad66eddc2fdbb01605d1,1.1,L2,3,8,140.0,0.96,1.0,3000.0,1.0,2000.0,0.96,1.89673728e-09,2.135943675e-09,2.157900431e-09,5.371978573e-09,239.20639499999982,261.16315099999986,-21.95675600000004,-4.089091997e-06,2.577570432e-06,0.96,0.96,-4.259470830208334e-06,2.6849692e-06,0,stable_low,1,1.115009228125e-05,1,,PASS,/home/zhupl25/chiplet_side_channel/chiplet_gds_data/power_macro/delay_chain/ftc/runs/t0_transient_droop/r112/scenarios/t0__b1p1__L2__dv140p0__h3000p0__p2000p0__ad66eddc2fdbb01605d1,1c31671b02a235b52627768b0338fddf84960bffdd614be0cd7f4b4dad207486,598cd1b1604d8ee7fee51d6e738e936e3007ef12ca6a441288f76eb88c5c3ed0,t0_5a_1p10_l2_long,L2_LONG_PULSE,REUSED_T0_3_PHASE_POINT,STABLE_Q0,0.0,6.491e-09,6.492e-09,NOT_APPLICABLE,REUSED_T0_3_AUTHORITY_ROW,T0_3_PHASE_WINDOW_CSV_SELECTED_SCENARIO,4b225a9f5e8b8e3e7176941567fd962bec9ca13cbe1077801ad997006fb5838c,1c31671b02a235b52627768b0338fddf84960bffdd614be0cd7f4b4dad207486
t0__b1p1__L2__dv140p0__h3000p0__p2500p0__79c4ceb6007943220832,1.1,L2,3,8,140.0,0.96,1.0,3000.0,1.0,2500.0,0.96,1.89673728e-09,2.135943675e-09,2.157900431e-09,5.371283773e-09,239.20639499999982,261.16315099999986,-21.95675600000004,7.211196672e-08,1.540324351e-07,1.1,1.1,6.555633338181818e-08,1.4002948645454544e-07,0,stable_low,1,0.07890802921875001,1,,PASS,/home/zhupl25/chiplet_side_channel/chiplet_gds_data/power_macro/delay_chain/ftc/runs/t0_transient_droop/r113/scenarios/t0__b1p1__L2__dv140p0__h3000p0__p2500p0__79c4ceb6007943220832,4e9daf928784d468f73b00aa4292769d6ee64220abd8a990fc25cc8a3ec8e7e5,598cd1b1604d8ee7fee51d6e738e936e3007ef12ca6a441288f76eb88c5c3ed0,t0_5a_1p10_l2_long,L2_LONG_PULSE,REUSED_T0_3_PHASE_POINT,STABLE_Q0,0.0,6.9909999999999995e-09,6.992e-09,NOT_APPLICABLE,REUSED_T0_3_AUTHORITY_ROW,T0_3_PHASE_WINDOW_CSV_SELECTED_SCENARIO,368211a3d78ca1c52b6c88a4efaa122d342907cce1e3aaacd3a7219ec19d0150,4e9daf928784d468f73b00aa4292769d6ee64220abd8a990fc25cc8a3ec8e7e5
