stage,candidate_id,medium_code,fine_code,K,vdd_v,control_value,D_rise_ps,D_fall_ps,output_rise_time_ps,output_fall_time_ps,output_logic_high,output_logic_low,unexpected_transition_count,valid,scenario
size_scan_8unit,NAND2_X0P7B_A9TL40__signal_A,8,0,8,1.1,,321.0051049999999,324.41050400000006,31.086878999999957,20.766637999999748,1.1000492083,7.223110236e-07,0,True,scenarios/size_scan_8unit__m08__k08__f00__v1p10__a91dd6e9282b01c9b011
size_scan_8unit,NAND2_X0P7B_A9TL40__signal_A,8,1,8,1.1,,321.41230299999995,324.4580529999993,33.10528700000018,21.71668100000046,1.1000436128,3.492170138e-06,0,True,scenarios/size_scan_8unit__m08__k08__f01__v1p10__21b0bdb67eaa298b5dcd
size_scan_8unit,NAND2_X0P7B_A9TL40__signal_A,8,2,8,1.1,,321.86320900000004,324.8620529999999,35.85978099999991,23.197406000000566,1.1000365192,7.264793228e-06,0,True,scenarios/size_scan_8unit__m08__k08__f02__v1p10__e89da75d7047c85b994b
size_scan_8unit,NAND2_X0P7B_A9TL40__signal_A,8,3,8,1.1,,322.3512380000001,325.26033199999966,38.50534099999997,24.84534399999966,1.1000295324,6.695303306e-06,0,True,scenarios/size_scan_8unit__m08__k08__f03__v1p10__308cb1a69de8ea9a45e0
size_scan_8unit,NAND2_X0P7B_A9TL40__signal_A,8,4,8,1.1,,322.8711069999999,325.6532249999998,41.32572400000004,26.417739999999856,1.1000233638,1.819868374e-06,0,True,scenarios/size_scan_8unit__m08__k08__f04__v1p10__5d4097fef83cd6b7628d
size_scan_8unit,NAND2_X0P7B_A9TL40__signal_A,8,5,8,1.1,,323.4172669999999,326.0395220000001,44.03824700000001,27.90900000000026,1.1000167036,-2.314245773e-06,0,True,scenarios/size_scan_8unit__m08__k08__f05__v1p10__c42963e19f082a646fd0
size_scan_8unit,NAND2_X0P7B_A9TL40__signal_A,8,6,8,1.1,,323.96138699999995,326.40931199999983,46.77201100000004,29.404921000000478,1.1000102525,9.145426381e-07,0,True,scenarios/size_scan_8unit__m08__k08__f06__v1p10__517acb2331aa34c813cb
size_scan_8unit,NAND2_X0P7B_A9TL40__signal_A,8,7,8,1.1,,324.50473400000004,327.1447079999996,49.791197000000025,30.756045999999802,1.1000012167,1.757509943e-06,0,True,scenarios/size_scan_8unit__m08__k08__f07__v1p10__dcdddaa083d70dc5b8c8
size_scan_8unit,NAND2_X0P7B_A9TL40__signal_A,8,8,8,1.1,,325.04480700000005,327.8705039999995,52.185362000000104,32.437586999999304,1.0999933861,2.208708922e-06,0,True,scenarios/size_scan_8unit__m08__k08__f08__v1p10__77e8f2007edffa789836
size_scan_8unit,NAND2_X0P7B_A9TL40__signal_A,8,0,8,0.95,,422.71273300000007,439.68554699999953,38.51898899999989,24.54177700000045,0.9500727818,6.137871741e-07,0,True,scenarios/size_scan_8unit__m08__k08__f00__v0p95__05dbc6d0017becc59cc9
size_scan_8unit,NAND2_X0P7B_A9TL40__signal_A,8,1,8,0.95,,423.1098219999999,440.1357700000001,41.7455339999999,26.691645000000232,0.950063517,1.372749951e-06,0,True,scenarios/size_scan_8unit__m08__k08__f01__v0p95__98d7854e058e8c1700f9
size_scan_8unit,NAND2_X0P7B_A9TL40__signal_A,8,2,8,0.95,,423.5056729999999,440.8189109999998,45.31444499999997,28.4969159999998,0.9500538613,3.834788861e-06,0,True,scenarios/size_scan_8unit__m08__k08__f02__v0p95__ec46a7036ac8f7170d06
size_scan_8unit,NAND2_X0P7B_A9TL40__signal_A,8,3,8,0.95,,423.89893500000005,440.719287,48.43887200000012,30.447654000000295,0.9500439401,8.680704533e-07,0,True,scenarios/size_scan_8unit__m08__k08__f03__v0p95__f99e909baa37c09f3bb6
size_scan_8unit,NAND2_X0P7B_A9TL40__signal_A,8,4,8,0.95,,424.288485,441.16532499999977,51.735225,32.41235900000033,0.9500353214,3.193073318e-06,0,True,scenarios/size_scan_8unit__m08__k08__f04__v0p95__a22dd5a7373a359777e7
size_scan_8unit,NAND2_X0P7B_A9TL40__signal_A,8,5,8,0.95,,424.673536,441.60335499999997,55.10714299999994,34.149197999999785,0.9500254213,2.995183243e-06,0,True,scenarios/size_scan_8unit__m08__k08__f05__v0p95__5e23c2aa1cda0baba0e4
size_scan_8unit,NAND2_X0P7B_A9TL40__signal_A,8,6,8,0.95,,425.0536159999999,442.03354299999967,58.40584299999991,35.83999399999968,0.9500157956,8.500345051e-06,0,True,scenarios/size_scan_8unit__m08__k08__f06__v0p95__0ee0e9290b020a3db907
size_scan_8unit,NAND2_X0P7B_A9TL40__signal_A,8,7,8,0.95,,425.4687439999999,442.456451,61.47892899999992,37.81445800000002,0.9500039924,9.163629753e-06,0,True,scenarios/size_scan_8unit__m08__k08__f07__v0p95__fb6adddfa6e3ef1cda29
size_scan_8unit,NAND2_X0P7B_A9TL40__signal_A,8,8,8,0.95,,426.07429899999994,443.6995719999999,64.961985,39.41779999999956,0.9499957951,3.426837074e-06,0,True,scenarios/size_scan_8unit__m08__k08__f08__v0p95__8c7013ef2fdbd591a826
size_scan_8unit,NAND2_X0P7B_A9TL40__signal_A,8,0,8,0.8,,641.1914119999999,692.0349419999997,55.59979099999993,35.03256700000049,0.8001359798,2.135990945e-07,0,True,scenarios/size_scan_8unit__m08__k08__f00__v0p80__c1634d61f4ec4ea9396e
size_scan_8unit,NAND2_X0P7B_A9TL40__signal_A,8,1,8,0.8,,641.7058219999999,692.368968,58.748704000000004,37.31394300000037,0.8001203814,-1.696543387e-06,0,True,scenarios/size_scan_8unit__m08__k08__f01__v0p80__64b4ba588b0cf38e511d
size_scan_8unit,NAND2_X0P7B_A9TL40__signal_A,8,2,8,0.8,,642.1974969999999,692.8485860000001,63.90656299999985,39.92763299999991,0.8001029773,-1.477571722e-06,0,True,scenarios/size_scan_8unit__m08__k08__f02__v0p80__35f48fa7492ff93fd5ed
size_scan_8unit,NAND2_X0P7B_A9TL40__signal_A,8,3,8,0.8,,642.671305,693.321678,68.8314680000001,42.744288000000196,0.8000853375,-1.50815489e-07,0,True,scenarios/size_scan_8unit__m08__k08__f03__v0p80__0b46d19f01b82b5342e8
size_scan_8unit,NAND2_X0P7B_A9TL40__signal_A,8,4,8,0.8,,643.130946,693.7876649999994,74.37473500000013,45.41226500000022,0.8000686176,9.380315305e-07,0,True,scenarios/size_scan_8unit__m08__k08__f04__v0p80__e6486d4683b988ade2b7
size_scan_8unit,NAND2_X0P7B_A9TL40__signal_A,8,5,8,0.8,,643.5792319999999,694.6225059999995,78.58925799999996,47.47196899999978,0.8000514238,3.245029406e-06,0,True,scenarios/size_scan_8unit__m08__k08__f05__v0p80__517bacd0556e7a82c3fe
size_scan_8unit,NAND2_X0P7B_A9TL40__signal_A,8,6,8,0.8,,644.0183529999999,695.0609309999999,82.45504900000007,50.17017300000022,0.8000331023,1.105309192e-06,0,True,scenarios/size_scan_8unit__m08__k08__f06__v0p80__ad48249e97fd5ffa467b
size_scan_8unit,NAND2_X0P7B_A9TL40__signal_A,8,7,8,0.8,,644.449983,695.1432719999999,87.49141999999999,52.82649300000044,0.800014674,2.485902843e-06,0,True,scenarios/size_scan_8unit__m08__k08__f07__v0p80__19d483771df86e5456a0
size_scan_8unit,NAND2_X0P7B_A9TL40__signal_A,8,8,8,0.8,,644.875523,695.5760609999998,92.0220499999999,55.38291300000025,0.7999959064,7.728288252e-06,0,True,scenarios/size_scan_8unit__m08__k08__f08__v0p80__95a4a52fe739bd20aea3
size_scan_8unit,NAND2_X0P7B_A9TL40__signal_B,8,0,8,1.1,,323.0672410000001,327.29848200000004,40.90213500000003,24.18092000000018,1.0999952197,2.044940269e-05,0,True,scenarios/size_scan_8unit__m08__k08__f00__v1p10__d93682a7480c2c06ce86
size_scan_8unit,NAND2_X0P7B_A9TL40__signal_B,8,1,8,1.1,,323.22941600000007,327.27657699999975,42.41606800000013,24.38950300000045,1.0999942822,2.203137812e-05,0,True,scenarios/size_scan_8unit__m08__k08__f01__v1p10__242f0c749a343152201b
size_scan_8unit,NAND2_X0P7B_A9TL40__signal_B,8,2,8,1.1,,323.42342099999996,327.2008859999993,43.819235999999904,25.192249000000146,1.0999945999,2.015595217e-05,0,True,scenarios/size_scan_8unit__m08__k08__f02__v1p10__9056677b053ede9c285c
size_scan_8unit,NAND2_X0P7B_A9TL40__signal_B,8,3,8,1.1,,323.6218760000001,327.0980479999997,45.16440599999989,26.113035999999738,1.0999948647,2.182263159e-05,0,True,scenarios/size_scan_8unit__m08__k08__f03__v1p10__647c72f45360c89db4c6
size_scan_8unit,NAND2_X0P7B_A9TL40__signal_B,8,4,8,1.1,,323.82466500000004,326.9945429999999,46.470202999999835,27.30909299999989,1.0999950422,2.003906661e-05,0,True,scenarios/size_scan_8unit__m08__k08__f04__v1p10__84f75a6ad783c6030b11
size_scan_8unit,NAND2_X0P7B_A9TL40__signal_B,8,5,8,1.1,,324.0316930000001,327.0119979999996,47.76012399999994,28.25843100000046,1.0999950848,2.005404748e-05,0,True,scenarios/size_scan_8unit__m08__k08__f05__v1p10__f1145e55968a763f3ea3
size_scan_8unit,NAND2_X0P7B_A9TL40__signal_B,8,6,8,1.1,,324.2428799999999,327.0222719999998,49.12751500000001,29.29487999999983,1.0999949635,2.518074235e-05,0,True,scenarios/size_scan_8unit__m08__k08__f06__v1p10__41c77d1ef28a7743a76e
size_scan_8unit,NAND2_X0P7B_A9TL40__signal_B,8,7,8,1.1,,324.4581689999999,327.05960899999985,50.46479400000007,30.22587099999996,1.099994857,2.124754166e-05,0,True,scenarios/size_scan_8unit__m08__k08__f07__v1p10__92f012e221aed8b8d774
size_scan_8unit,NAND2_X0P7B_A9TL40__signal_B,8,8,8,1.1,,324.677517,327.4133420000001,51.772979999999954,31.253153999999814,1.0999946534,2.497086171e-05,0,True,scenarios/size_scan_8unit__m08__k08__f08__v1p10__24488afd022ddc47af6a
size_scan_8unit,NAND2_X0P7B_A9TL40__signal_B,8,0,8,0.95,,424.6663159999999,442.997171,50.72890900000005,28.91909800000018,0.9499944713,1.968106598e-05,0,True,scenarios/size_scan_8unit__m08__k08__f00__v0p95__1d6db8b1c28f18dcd7da
size_scan_8unit,NAND2_X0P7B_A9TL40__signal_B,8,1,8,0.95,,424.7972759999999,442.73268099999984,51.97977699999988,29.150586999999543,0.9499940868,2.329302461e-05,0,True,scenarios/size_scan_8unit__m08__k08__f01__v0p95__5f3b4423d132b19500ca
size_scan_8unit,NAND2_X0P7B_A9TL40__signal_B,8,2,8,0.95,,424.927826,442.74547299999944,54.08591099999989,30.327713000000625,0.9499944783,2.674437473e-05,0,True,scenarios/size_scan_8unit__m08__k08__f02__v0p95__e841f818aba6b3dae4d0
size_scan_8unit,NAND2_X0P7B_A9TL40__signal_B,8,3,8,0.95,,425.05996099999993,442.7582369999998,56.022294000000024,31.50284800000076,0.9499946985,3.052196708e-05,0,True,scenarios/size_scan_8unit__m08__k08__f03__v0p95__249e404442a43b688663
size_scan_8unit,NAND2_X0P7B_A9TL40__signal_B,8,4,8,0.95,,425.1937020000001,442.77096599999993,57.86014999999989,32.69189699999997,0.949994817,3.119420468e-05,0,True,scenarios/size_scan_8unit__m08__k08__f04__v0p95__95c10523ea152cfc0929
size_scan_8unit,NAND2_X0P7B_A9TL40__signal_B,8,5,8,0.95,,425.32906500000007,442.78364799999963,59.639508999999954,33.903735999999995,0.9499949233,2.807224728e-05,0,True,scenarios/size_scan_8unit__m08__k08__f05__v0p95__10a4fe1187c347998ebc
size_scan_8unit,NAND2_X0P7B_A9TL40__signal_B,8,6,8,0.95,,425.46606600000007,442.796268,61.371046999999855,35.187028000000076,0.9499950027,3.095806613e-05,0,True,scenarios/size_scan_8unit__m08__k08__f06__v0p95__e4714a529874660ad374
size_scan_8unit,NAND2_X0P7B_A9TL40__signal_B,8,7,8,0.95,,425.648504,442.80888000000004,63.02421,36.48646300000013,0.949995255,3.376683616e-05,0,True,scenarios/size_scan_8unit__m08__k08__f07__v0p95__1b2fb6e7a1a22adead17
size_scan_8unit,NAND2_X0P7B_A9TL40__signal_B,8,8,8,0.95,,425.8425559999999,442.8214499999996,64.63911800000001,37.72336700000045,0.9499951559,3.630119968e-05,0,True,scenarios/size_scan_8unit__m08__k08__f08__v0p95__7b8a93ab624e2b0dbd9a
size_scan_8unit,NAND2_X0P7B_A9TL40__signal_B,8,0,8,0.8,,643.5095650000001,695.6380030000001,69.10430599999988,39.203100999999926,0.8000010372,2.553306638e-05,0,True,scenarios/size_scan_8unit__m08__k08__f00__v0p80__bdf2da321c4a3ebe5190
size_scan_8unit,NAND2_X0P7B_A9TL40__signal_B,8,1,8,0.8,,643.2617460000001,695.806675,72.08113199999998,39.91336600000027,0.7999958556,3.017501301e-05,0,True,scenarios/size_scan_8unit__m08__k08__f01__v0p80__dcf3721811a839ba2c17
size_scan_8unit,NAND2_X0P7B_A9TL40__signal_B,8,2,8,0.8,,643.349325,695.7915539999996,75.52425800000003,41.13821899999991,0.7999955684,3.345911367e-05,0,True,scenarios/size_scan_8unit__m08__k08__f02__v0p80__c423ffa807e4e1736b50
size_scan_8unit,NAND2_X0P7B_A9TL40__signal_B,8,3,8,0.8,,643.436728,695.776578,78.55150900000007,42.424362999999545,0.7999957493,3.68904973e-05,0,True,scenarios/size_scan_8unit__m08__k08__f03__v0p80__852e0cfde235117f0cc0
size_scan_8unit,NAND2_X0P7B_A9TL40__signal_B,8,4,8,0.8,,643.524013,695.7615399999995,81.32311200000018,43.793520000000285,0.799995639,4.195628865e-05,0,True,scenarios/size_scan_8unit__m08__k08__f04__v0p80__1cbac22ed97f2236af8d
size_scan_8unit,NAND2_X0P7B_A9TL40__signal_B,8,5,8,0.8,,643.6112350000001,695.7446769999997,84.09791200000004,45.36748400000035,0.7999953905,4.410090723e-05,0,True,scenarios/size_scan_8unit__m08__k08__f05__v0p80__e4f0be0253763249e7fe
size_scan_8unit,NAND2_X0P7B_A9TL40__signal_B,8,6,8,0.8,,643.6984470000001,695.7304999999993,87.15992600000006,47.165113999999654,0.7999950789,4.770770548e-05,0,True,scenarios/size_scan_8unit__m08__k08__f06__v0p80__755e3ea73cfad7094ffb
size_scan_8unit,NAND2_X0P7B_A9TL40__signal_B,8,7,8,0.8,,643.7857020000001,695.7163599999997,89.96680899999996,49.233845999999645,0.7999955492,5.012349624e-05,0,True,scenarios/size_scan_8unit__m08__k08__f07__v0p80__bf33b7e3862e8d5643d9
size_scan_8unit,NAND2_X0P7B_A9TL40__signal_B,8,8,8,0.8,,643.873047,695.7021699999999,92.65616000000003,51.228607000000224,0.7999944976,5.34784268e-05,0,True,scenarios/size_scan_8unit__m08__k08__f08__v0p80__4f2773aa43e7361bf717
size_scan_8unit,NAND2_X1M_A9TL40__signal_A,8,0,8,1.1,,325.2009550000001,326.3975749999997,37.778377000000035,25.468130000000063,1.1000747033,-2.054591638e-08,0,True,scenarios/size_scan_8unit__m08__k08__f00__v1p10__e8c031a07f34ed7f271c
size_scan_8unit,NAND2_X1M_A9TL40__signal_A,8,1,8,1.1,,325.90706100000006,326.72522,41.665105999999874,26.694999000000244,1.100065007,2.966143707e-06,0,True,scenarios/size_scan_8unit__m08__k08__f01__v1p10__8caab7d977ea82d20864
size_scan_8unit,NAND2_X1M_A9TL40__signal_A,8,2,8,1.1,,326.6058349999999,327.27479799999986,45.67955500000018,28.867417000000597,1.1000566413,3.73153138e-06,0,True,scenarios/size_scan_8unit__m08__k08__f02__v1p10__84fdb84d40dc1fc9facc
size_scan_8unit,NAND2_X1M_A9TL40__signal_A,8,3,8,1.1,,327.2897069999999,328.1873809999995,49.61053400000006,31.05565499999987,1.1000443009,2.923837121e-07,0,True,scenarios/size_scan_8unit__m08__k08__f03__v1p10__0664a2588bfd31014c72
size_scan_8unit,NAND2_X1M_A9TL40__signal_A,8,4,8,1.1,,327.9525889999999,328.8101419999995,53.82549799999993,33.03993600000009,1.1000316144,8.700040575e-07,0,True,scenarios/size_scan_8unit__m08__k08__f04__v1p10__cea76250cd55d45da9a0
size_scan_8unit,NAND2_X1M_A9TL40__signal_A,8,5,8,1.1,,328.8045139999999,329.50858900000003,57.44879099999997,35.14561499999983,1.1000228482,7.422879478e-06,0,True,scenarios/size_scan_8unit__m08__k08__f05__v1p10__96d514fcdaf8434d5b1c
size_scan_8unit,NAND2_X1M_A9TL40__signal_A,8,6,8,1.1,,329.740315,329.5858429999996,60.20778899999987,37.08856200000001,1.1000134346,1.678062832e-06,0,True,scenarios/size_scan_8unit__m08__k08__f06__v1p10__9e8f7954e97a5c6d57f4
size_scan_8unit,NAND2_X1M_A9TL40__signal_A,8,7,8,1.1,,330.7695399999999,330.1629299999996,64.26085700000002,39.038297999999884,1.1000027894,1.920274149e-06,0,True,scenarios/size_scan_8unit__m08__k08__f07__v1p10__e76bea9ba6c9fcde2151
size_scan_8unit,NAND2_X1M_A9TL40__signal_A,8,8,8,1.1,,331.9229010000001,331.30679099999946,67.87440099999999,40.85957300000019,1.0999954389,2.074853157e-06,0,True,scenarios/size_scan_8unit__m08__k08__f08__v1p10__39ab89367b8046be52f4
size_scan_8unit,NAND2_X1M_A9TL40__signal_A,8,0,8,0.95,,427.9216409999999,442.8199489999998,47.64743400000004,30.293638000000104,0.9501089066,-2.495042219e-06,0,True,scenarios/size_scan_8unit__m08__k08__f00__v0p95__ada1667366a934b28c5f
size_scan_8unit,NAND2_X1M_A9TL40__signal_A,8,1,8,0.95,,428.590249,442.6494089999998,51.935136999999955,32.62819099999945,0.9500945209,1.219015733e-06,0,True,scenarios/size_scan_8unit__m08__k08__f01__v0p95__07d9c97f161c6b8e5bc8
size_scan_8unit,NAND2_X1M_A9TL40__signal_A,8,2,8,0.95,,429.3281769999999,443.23558499999945,56.59235299999986,35.23823799999969,0.9500807339,3.853815577e-07,0,True,scenarios/size_scan_8unit__m08__k08__f02__v0p95__6a6707f01d8863ce072c
size_scan_8unit,NAND2_X1M_A9TL40__signal_A,8,3,8,0.95,,430.10716499999995,443.8132489999996,61.264551,37.76685199999967,0.9500687355,1.310385764e-06,0,True,scenarios/size_scan_8unit__m08__k08__f03__v0p95__e78485e1e74e262a8595
size_scan_8unit,NAND2_X1M_A9TL40__signal_A,8,4,8,0.95,,430.919386,444.3801309999998,65.84473500000016,40.23920100000016,0.9500541549,4.702328056e-06,0,True,scenarios/size_scan_8unit__m08__k08__f04__v0p95__a4c598ac501391a5bad7
size_scan_8unit,NAND2_X1M_A9TL40__signal_A,8,5,8,0.95,,431.757461,445.06785099999945,70.32989799999999,42.860387999999986,0.9500399206,3.628509359e-06,0,True,scenarios/size_scan_8unit__m08__k08__f05__v0p95__4131042d52047bb007ef
size_scan_8unit,NAND2_X1M_A9TL40__signal_A,8,6,8,0.95,,432.6145949999999,445.7421929999998,74.85941399999992,45.14203299999947,0.9500251504,9.606615372e-07,0,True,scenarios/size_scan_8unit__m08__k08__f06__v0p95__e0ee56bd7cf76c6e1732
size_scan_8unit,NAND2_X1M_A9TL40__signal_A,8,7,8,0.95,,433.484652,446.39917299999945,79.41192999999996,47.45381899999978,0.9500102006,2.850593628e-06,0,True,scenarios/size_scan_8unit__m08__k08__f07__v0p95__d2ec217c623058d451ca
size_scan_8unit,NAND2_X1M_A9TL40__signal_A,8,8,8,0.95,,434.362193,447.3659909999993,84.00442799999992,49.73695500000006,0.9499959592,1.60122343e-06,0,True,scenarios/size_scan_8unit__m08__k08__f08__v0p95__7f84385ab3028a489205
size_scan_8unit,NAND2_X1M_A9TL40__signal_A,8,0,8,0.8,,648.2822170000001,695.447582,67.95699499999999,42.26277900000005,0.800205852,-3.373597662e-07,0,True,scenarios/size_scan_8unit__m08__k08__f00__v0p80__a014f2578fbfed26d38d
size_scan_8unit,NAND2_X1M_A9TL40__signal_A,8,1,8,0.8,,648.94302,696.0150019999994,73.96917099999987,44.625427000000165,0.80018302,1.454493108e-06,0,True,scenarios/size_scan_8unit__m08__k08__f01__v0p80__fb4240d9d57cc4979343
size_scan_8unit,NAND2_X1M_A9TL40__signal_A,8,2,8,0.8,,649.5719460000001,696.7130439999999,81.25290499999991,48.52633000000002,0.8001590779,-4.494094896e-07,0,True,scenarios/size_scan_8unit__m08__k08__f02__v0p80__4af8918fe1b3313010d9
size_scan_8unit,NAND2_X1M_A9TL40__signal_A,8,3,8,0.8,,650.1738009999999,697.5081009999996,88.46395200000003,52.04052799999995,0.8001337416,2.887020703e-06,0,True,scenarios/size_scan_8unit__m08__k08__f03__v0p80__900fd10d5b847250afcb
size_scan_8unit,NAND2_X1M_A9TL40__signal_A,8,4,8,0.8,,650.851151,698.2457259999993,94.782962,55.77431300000011,0.8001064381,1.671379091e-06,0,True,scenarios/size_scan_8unit__m08__k08__f04__v0p80__afcb740a82ff3a41800c
size_scan_8unit,NAND2_X1M_A9TL40__signal_A,8,5,8,0.8,,651.6538290000001,699.0485649999997,100.24889399999994,59.22306800000007,0.8000806553,1.302829802e-06,0,True,scenarios/size_scan_8unit__m08__k08__f05__v0p80__4f6142a5c8ed6dfc95fd
size_scan_8unit,NAND2_X1M_A9TL40__signal_A,8,6,8,0.8,,652.4919430000001,699.8533759999998,106.28515699999997,62.52603000000009,0.800052912,1.426617317e-06,0,True,scenarios/size_scan_8unit__m08__k08__f06__v0p80__6b240be7371823edff30
size_scan_8unit,NAND2_X1M_A9TL40__signal_A,8,7,8,0.8,,653.3602770000001,700.5693829999999,112.68794199999996,66.19835499999985,0.8000241732,-2.563517553e-07,0,True,scenarios/size_scan_8unit__m08__k08__f07__v0p80__60879241d644d9d38fe9
size_scan_8unit,NAND2_X1M_A9TL40__signal_A,8,8,8,0.8,,654.2539400000001,701.5193729999994,118.18501999999992,69.31562499999977,0.7999983234,2.1364865e-06,0,True,scenarios/size_scan_8unit__m08__k08__f08__v0p80__5421867b031eec914442
size_scan_8unit,NAND2_X1M_A9TL40__signal_B,8,0,8,1.1,,328.17765700000007,330.678645,54.08472899999992,29.805031000000472,1.0999946142,2.893380752e-05,0,True,scenarios/size_scan_8unit__m08__k08__f00__v1p10__e1058be5264331299ca9
size_scan_8unit,NAND2_X1M_A9TL40__signal_B,8,1,8,1.1,,328.53626599999996,330.36220299999957,54.94344499999996,31.244511999999904,1.099994191,2.820562305e-05,0,True,scenarios/size_scan_8unit__m08__k08__f01__v1p10__9c1d00189c507b395213
size_scan_8unit,NAND2_X1M_A9TL40__signal_B,8,2,8,1.1,,328.87656300000003,330.39118300000007,56.65636300000004,32.23198200000002,1.0999941562,2.830612779e-05,0,True,scenarios/size_scan_8unit__m08__k08__f02__v1p10__8a0111700ef7c3577f16
size_scan_8unit,NAND2_X1M_A9TL40__signal_B,8,3,8,1.1,,329.227201,330.42027199999944,58.358602000000054,33.25553600000016,1.0999942266,2.70381605e-05,0,True,scenarios/size_scan_8unit__m08__k08__f03__v1p10__aa2e59d1eee9002aa2c4
size_scan_8unit,NAND2_X1M_A9TL40__signal_B,8,4,8,1.1,,329.58738,330.61895799999945,60.30034499999987,34.30164000000004,1.0999946571,3.176676953e-05,0,True,scenarios/size_scan_8unit__m08__k08__f04__v1p10__d3d7a083cf8a4d1bba37
size_scan_8unit,NAND2_X1M_A9TL40__signal_B,8,5,8,1.1,,329.962682,330.5479589999993,62.14230200000016,35.77071300000027,1.0999951175,3.134249752e-05,0,True,scenarios/size_scan_8unit__m08__k08__f05__v1p10__20b53116e40c78ec2f46
size_scan_8unit,NAND2_X1M_A9TL40__signal_B,8,6,8,1.1,,330.3396769999999,330.59060699999935,63.834434999999985,37.127271000000455,1.0999945996,3.056583103e-05,0,True,scenarios/size_scan_8unit__m08__k08__f06__v1p10__9b5f1c1aad51965c48fb
size_scan_8unit,NAND2_X1M_A9TL40__signal_B,8,7,8,1.1,,330.723294,330.6339399999999,65.46957300000017,38.40923299999978,1.0999943539,3.107818431e-05,0,True,scenarios/size_scan_8unit__m08__k08__f07__v1p10__c76a86877885749e313e
size_scan_8unit,NAND2_X1M_A9TL40__signal_B,8,8,8,1.1,,331.128138,330.6779059999997,67.13774000000011,39.636324999999324,1.0999941387,3.169292323e-05,0,True,scenarios/size_scan_8unit__m08__k08__f08__v1p10__4764d3eada7a609b3f68
size_scan_8unit,NAND2_X1M_A9TL40__signal_B,8,0,8,0.95,,431.0599289999999,447.374932,65.92590900000003,36.20614999999983,0.9499974143,3.048967135e-05,0,True,scenarios/size_scan_8unit__m08__k08__f00__v0p95__2b39a0a3003fa8ff69b6
size_scan_8unit,NAND2_X1M_A9TL40__signal_B,8,1,8,0.95,,431.15134599999993,446.7337809999998,67.58370000000004,36.82755500000014,0.9499949334,3.456722901e-05,0,True,scenarios/size_scan_8unit__m08__k08__f01__v0p95__5fa632b44b00189ce7e3
size_scan_8unit,NAND2_X1M_A9TL40__signal_B,8,2,8,0.95,,431.425056,446.75706499999984,70.00029700000003,38.30285400000043,0.9499947602,3.619434082e-05,0,True,scenarios/size_scan_8unit__m08__k08__f02__v0p95__b35f2da36f3e2e1f2cba
size_scan_8unit,NAND2_X1M_A9TL40__signal_B,8,3,8,0.95,,431.70529899999997,446.780416,72.33570800000001,39.787342000000365,0.9499947574,3.529808379e-05,0,True,scenarios/size_scan_8unit__m08__k08__f03__v0p95__ba0946d3b09dfa8f698b
size_scan_8unit,NAND2_X1M_A9TL40__signal_B,8,4,8,0.95,,431.992153,446.80382099999997,74.61903999999996,41.29242099999973,0.9499948143,3.680405988e-05,0,True,scenarios/size_scan_8unit__m08__k08__f04__v0p95__c06fc6f03eb16abb72eb
size_scan_8unit,NAND2_X1M_A9TL40__signal_B,8,5,8,0.95,,432.285697,446.82731799999954,76.869238,42.90498300000022,0.9499948482,3.824587002e-05,0,True,scenarios/size_scan_8unit__m08__k08__f05__v0p95__6c6ee9cd368c136701b3
size_scan_8unit,NAND2_X1M_A9TL40__signal_B,8,6,8,0.95,,432.586011,446.85091799999964,79.073437,44.55218500000034,0.949995012,4.009953237e-05,0,True,scenarios/size_scan_8unit__m08__k08__f06__v0p95__c38a4553d14b872115d9
size_scan_8unit,NAND2_X1M_A9TL40__signal_B,8,7,8,0.95,,432.8931749999999,446.8745459999997,81.242586,46.11130600000003,0.9499953551,4.514223089e-05,0,True,scenarios/size_scan_8unit__m08__k08__f07__v0p95__ac781f25113f373d7868
size_scan_8unit,NAND2_X1M_A9TL40__signal_B,8,8,8,0.95,,433.20726600000006,446.89834099999996,83.41167600000009,47.6058470000003,0.949995112,4.754948778e-05,0,True,scenarios/size_scan_8unit__m08__k08__f08__v0p95__9c9128114dbb3686da51
size_scan_8unit,NAND2_X1M_A9TL40__signal_B,8,0,8,0.8,,651.3422009999999,701.1447209999995,89.62099800000017,47.53261399999934,0.7999963069,3.659105924e-05,0,True,scenarios/size_scan_8unit__m08__k08__f00__v0p80__3358b9a2466724f34d8d
size_scan_8unit,NAND2_X1M_A9TL40__signal_B,8,1,8,0.8,,651.5151679999999,701.3616899999996,93.30287300000008,49.06312599999932,0.7999960771,4.196470385e-05,0,True,scenarios/size_scan_8unit__m08__k08__f01__v0p80__f782ae6bd04813fe987e
size_scan_8unit,NAND2_X1M_A9TL40__signal_B,8,2,8,0.8,,651.734281,701.3856059999997,97.23812599999994,50.55153600000047,0.7999959219,4.627872912e-05,0,True,scenarios/size_scan_8unit__m08__k08__f02__v0p80__bf8f17ff78daaf074ce0
size_scan_8unit,NAND2_X1M_A9TL40__signal_B,8,3,8,0.8,,651.958514,701.4089279999996,101.0406389999999,52.883821000000545,0.7999955139,5.216968799e-05,0,True,scenarios/size_scan_8unit__m08__k08__f03__v0p80__9edcaed9b7efd1796acd
size_scan_8unit,NAND2_X1M_A9TL40__signal_B,8,4,8,0.8,,652.1879289999999,701.3132459999999,104.39730200000002,55.07382600000044,0.7999950818,5.791290419e-05,0,True,scenarios/size_scan_8unit__m08__k08__f04__v0p80__d15cd0a17f39fb87902d
size_scan_8unit,NAND2_X1M_A9TL40__signal_B,8,5,8,0.8,,652.422602,701.311367,107.96873500000004,57.27421099999982,0.7999957852,6.442476989e-05,0,True,scenarios/size_scan_8unit__m08__k08__f05__v0p80__f146cfb4e2bacc279ba6
size_scan_8unit,NAND2_X1M_A9TL40__signal_B,8,6,8,0.8,,652.66262,701.3093779999994,111.88626000000001,59.87876299999989,0.7999957518,6.943390614e-05,0,True,scenarios/size_scan_8unit__m08__k08__f06__v0p80__f739f8e1500a23b9d07c
size_scan_8unit,NAND2_X1M_A9TL40__signal_B,8,7,8,0.8,,652.908084,701.3073559999996,115.02821499999997,62.38435099999941,0.7999960941,7.501581966e-05,0,True,scenarios/size_scan_8unit__m08__k08__f07__v0p80__c6382987d659fe48b640
size_scan_8unit,NAND2_X1M_A9TL40__signal_B,8,8,8,0.8,,653.159107,701.3053309999993,117.88970799999996,64.81120400000006,0.7999962351,7.914721401e-05,0,True,scenarios/size_scan_8unit__m08__k08__f08__v0p80__13c3da6be4e72cc32c2b
size_scan_8unit,NAND2_X1P4B_A9TL40__signal_A,8,0,8,1.1,,335.92742699999997,331.7087319999997,58.1369990000001,36.46878500000025,1.1001118921,-1.02959634e-06,0,True,scenarios/size_scan_8unit__m08__k08__f00__v1p10__b560c54f2c36aa736b5a
size_scan_8unit,NAND2_X1P4B_A9TL40__signal_A,8,1,8,1.1,,337.0109120000001,332.06057699999945,61.61608299999998,39.23344399999946,1.1000982775,1.911414948e-06,0,True,scenarios/size_scan_8unit__m08__k08__f01__v1p10__e054fcf3dba8cdf65e2f
size_scan_8unit,NAND2_X1P4B_A9TL40__signal_A,8,2,8,1.1,,338.255253,332.9804149999997,67.30027800000009,42.42067899999993,1.1000838858,3.023787739e-06,0,True,scenarios/size_scan_8unit__m08__k08__f02__v1p10__f869ba50d0cca1256085
size_scan_8unit,NAND2_X1P4B_A9TL40__signal_A,8,3,8,1.1,,339.59433500000006,333.8900779999996,72.73463099999991,45.55732999999989,1.1000692564,7.538583909e-07,0,True,scenarios/size_scan_8unit__m08__k08__f03__v1p10__cc14f32ae12e9c70b236
size_scan_8unit,NAND2_X1P4B_A9TL40__signal_A,8,4,8,1.1,,341.01911400000006,334.8741479999995,79.03027599999992,48.110646999999915,1.1000551285,1.149076208e-06,0,True,scenarios/size_scan_8unit__m08__k08__f04__v1p10__73af57f615aab45f74a9
size_scan_8unit,NAND2_X1P4B_A9TL40__signal_A,8,5,8,1.1,,342.5193149999999,335.70468299999976,84.23044699999993,51.651636999999745,1.1000401749,2.380179314e-06,0,True,scenarios/size_scan_8unit__m08__k08__f05__v1p10__e67875432df76018906d
size_scan_8unit,NAND2_X1P4B_A9TL40__signal_A,8,6,8,1.1,,344.0810669999999,336.50742399999956,89.83632100000007,54.54177199999981,1.1000235205,2.05336856e-06,0,True,scenarios/size_scan_8unit__m08__k08__f06__v1p10__e32b9068fdb633f9c052
size_scan_8unit,NAND2_X1P4B_A9TL40__signal_A,8,7,8,1.1,,345.6684409999999,337.28673199999935,96.12755700000001,56.67992700000054,1.1000071266,3.798154638e-07,0,True,scenarios/size_scan_8unit__m08__k08__f07__v1p10__647517f09626b23dff79
size_scan_8unit,NAND2_X1P4B_A9TL40__signal_A,8,8,8,1.1,,347.53784699999994,338.4929529999999,101.853778,59.53503900000007,1.099995529,2.630322594e-06,0,True,scenarios/size_scan_8unit__m08__k08__f08__v1p10__d877f240f5b82e21df59
size_scan_8unit,NAND2_X1P4B_A9TL40__signal_A,8,0,8,0.95,,441.0942140000001,448.81497299999944,71.8928179999999,43.768323000000144,0.950159684,2.366284147e-06,0,True,scenarios/size_scan_8unit__m08__k08__f00__v0p95__a1d6d58c8664eff503a9
size_scan_8unit,NAND2_X1P4B_A9TL40__signal_A,8,1,8,0.95,,442.2215159999999,449.0972909999995,76.83349999999992,47.52571700000007,0.9501376618,8.156865312e-07,0,True,scenarios/size_scan_8unit__m08__k08__f01__v0p95__28006046c09a7e0bd175
size_scan_8unit,NAND2_X1P4B_A9TL40__signal_A,8,2,8,0.95,,443.46269700000005,449.694943,83.67146699999988,51.31668899999998,0.9501228098,-3.994584055e-07,0,True,scenarios/size_scan_8unit__m08__k08__f02__v0p95__6fc7e10fa408dca6b005
size_scan_8unit,NAND2_X1P4B_A9TL40__signal_A,8,3,8,0.95,,444.7677879999999,450.67074499999956,90.59368099999999,55.13722900000041,0.9501033379,-6.220409414e-07,0,True,scenarios/size_scan_8unit__m08__k08__f03__v0p95__c1001cd55f2fe8a4a2db
size_scan_8unit,NAND2_X1P4B_A9TL40__signal_A,8,4,8,0.95,,446.122056,451.94493799999935,97.67855200000007,58.34615700000014,0.9500800984,-1.96225652e-07,0,True,scenarios/size_scan_8unit__m08__k08__f04__v0p95__264a6b386602ee3b69c1
size_scan_8unit,NAND2_X1P4B_A9TL40__signal_A,8,5,8,0.95,,447.5111770000001,452.86521100000004,104.77242000000007,61.532904000000585,0.9500613335,2.678515075e-08,0,True,scenarios/size_scan_8unit__m08__k08__f05__v0p95__b7220685315b781e4e3e
size_scan_8unit,NAND2_X1P4B_A9TL40__signal_A,8,6,8,0.95,,448.92167500000005,453.910218,111.14045500000016,66.40297500000023,0.9500396258,4.164876365e-07,0,True,scenarios/size_scan_8unit__m08__k08__f06__v0p95__0d9bba742d9568f8a4d3
size_scan_8unit,NAND2_X1P4B_A9TL40__signal_A,8,7,8,0.95,,450.34128400000003,454.7929919999996,117.69296799999994,69.70881199999992,0.9500163332,-4.216835426e-08,0,True,scenarios/size_scan_8unit__m08__k08__f07__v0p95__25c2d6162635f2049976
size_scan_8unit,NAND2_X1P4B_A9TL40__signal_A,8,8,8,0.95,,451.948482,455.4770509999998,124.693076,73.21636799999975,0.9499943118,6.927962817e-07,0,True,scenarios/size_scan_8unit__m08__k08__f08__v0p95__ab8fc7ddff8559e0ca2b
size_scan_8unit,NAND2_X1P4B_A9TL40__signal_A,8,0,8,0.8,,666.3869849999999,703.160386,101.05719700000017,61.40475600000056,0.8003112491,-6.279260656e-07,0,True,scenarios/size_scan_8unit__m08__k08__f00__v0p80__dd135231b4fa2ffb8fca
size_scan_8unit,NAND2_X1P4B_A9TL40__signal_A,8,1,8,0.8,,667.4498990000001,704.5664299999997,110.10517400000012,64.89112099999994,0.8002788549,8.012474903e-08,0,True,scenarios/size_scan_8unit__m08__k08__f01__v0p80__bb8d9ff6b4cd31faf398
size_scan_8unit,NAND2_X1P4B_A9TL40__signal_A,8,2,8,0.8,,668.6398829999999,705.7990399999996,120.58234599999996,71.40734600000049,0.8002396943,-1.477871946e-06,0,True,scenarios/size_scan_8unit__m08__k08__f02__v0p80__365a6ca6f5ded69a1d1a
size_scan_8unit,NAND2_X1P4B_A9TL40__signal_A,8,3,8,0.8,,669.915805,706.7583869999997,129.03190999999995,75.7106719999997,0.8002045784,2.19241439e-07,0,True,scenarios/size_scan_8unit__m08__k08__f03__v0p80__bc8fd3b0cda88243a923
size_scan_8unit,NAND2_X1P4B_A9TL40__signal_A,8,4,8,0.8,,671.2654190000001,708.8825939999997,138.24235099999999,80.66236800000013,0.8001707271,4.411229778e-07,0,True,scenarios/size_scan_8unit__m08__k08__f04__v0p80__3ae6076c93516467c5d0
size_scan_8unit,NAND2_X1P4B_A9TL40__signal_A,8,5,8,0.8,,672.6772219999999,708.8710009999995,148.66321099999996,85.20836000000051,0.8001253714,5.720815036e-07,0,True,scenarios/size_scan_8unit__m08__k08__f05__v0p80__43e12c1397a3d96ddb34
size_scan_8unit,NAND2_X1P4B_A9TL40__signal_A,8,6,8,0.8,,674.140468,709.5311559999998,156.031421,89.83570999999989,0.800087736,1.745753582e-07,0,True,scenarios/size_scan_8unit__m08__k08__f06__v0p80__215375590cd9cb072031
size_scan_8unit,NAND2_X1P4B_A9TL40__signal_A,8,7,8,0.8,,675.645178,710.5565639999994,166.7519349999999,94.41972200000046,0.8000421872,2.208848848e-07,0,True,scenarios/size_scan_8unit__m08__k08__f07__v0p80__6c7d0b81fa306cc1f470
size_scan_8unit,NAND2_X1P4B_A9TL40__signal_A,8,8,8,0.8,,677.1821490000001,711.8859110000001,175.984447,99.4428139999999,0.7999962065,1.380249454e-06,0,True,scenarios/size_scan_8unit__m08__k08__f08__v0p80__8f769e5795545427fc38
size_scan_8unit,NAND2_X1P4B_A9TL40__signal_B,8,0,8,1.1,,340.657079,337.77344799999975,79.46862100000014,43.568453999999775,1.0999967838,3.891533352e-05,0,True,scenarios/size_scan_8unit__m08__k08__f00__v1p10__50ac7cac4b3ff46a9fad
size_scan_8unit,NAND2_X1P4B_A9TL40__signal_B,8,1,8,1.1,,341.1955170000001,337.3245009999993,81.93154300000002,45.25766700000003,1.0999940282,3.799538507e-05,0,True,scenarios/size_scan_8unit__m08__k08__f01__v1p10__0f91e81c397ab8708025
size_scan_8unit,NAND2_X1P4B_A9TL40__signal_B,8,2,8,1.1,,341.853434,337.2784009999995,84.66132899999998,47.144006000000005,1.0999939963,3.893453343e-05,0,True,scenarios/size_scan_8unit__m08__k08__f02__v1p10__d51074c993cc26a5248e
size_scan_8unit,NAND2_X1P4B_A9TL40__signal_B,8,3,8,1.1,,342.52153200000004,337.345882,87.17466399999986,48.88691200000062,1.0999942098,3.94114384e-05,0,True,scenarios/size_scan_8unit__m08__k08__f03__v1p10__c858377fafe73ff7fcc1
size_scan_8unit,NAND2_X1P4B_A9TL40__signal_B,8,4,8,1.1,,343.2162879999999,337.41285699999946,89.83999200000002,50.52099399999937,1.0999941917,3.73275248e-05,0,True,scenarios/size_scan_8unit__m08__k08__f04__v1p10__09972a2ffd638d6a17db
size_scan_8unit,NAND2_X1P4B_A9TL40__signal_B,8,5,8,1.1,,343.929043,337.4794369999995,92.63966400000012,52.34506700000026,1.0999949631,3.916049291e-05,0,True,scenarios/size_scan_8unit__m08__k08__f05__v1p10__4b3d3d1863b37205e950
size_scan_8unit,NAND2_X1P4B_A9TL40__signal_B,8,6,8,1.1,,344.65805900000004,337.5455160000001,95.32021499999986,54.14900499999946,1.0999945702,4.159218942e-05,0,True,scenarios/size_scan_8unit__m08__k08__f06__v1p10__db66467b6c8155d533d9
size_scan_8unit,NAND2_X1P4B_A9TL40__signal_B,8,7,8,1.1,,345.40163999999993,337.6112200000001,97.92733499999991,55.811232999999966,1.0999946261,4.316975945e-05,0,True,scenarios/size_scan_8unit__m08__k08__f07__v1p10__f3f1e8c2e4e82030c5b0
size_scan_8unit,NAND2_X1P4B_A9TL40__signal_B,8,8,8,1.1,,346.15822199999997,337.67655599999983,100.4749569999999,57.35512399999943,1.0999947327,4.478014688e-05,0,True,scenarios/size_scan_8unit__m08__k08__f08__v1p10__1f5f0911c00b3992a8f8
size_scan_8unit,NAND2_X1P4B_A9TL40__signal_B,8,0,8,0.95,,445.80718399999995,454.9209409999997,98.35541599999995,51.96257499999947,0.9499947596,3.788166186e-05,0,True,scenarios/size_scan_8unit__m08__k08__f00__v0p95__c8891599ed502c90fdd0
size_scan_8unit,NAND2_X1P4B_A9TL40__signal_B,8,1,8,0.95,,446.11556900000005,455.44756499999994,100.3534920000001,53.78591099999959,0.9499952744,4.177543758e-05,0,True,scenarios/size_scan_8unit__m08__k08__f01__v0p95__aab23a0fbdb9e1ff9ab7
size_scan_8unit,NAND2_X1P4B_A9TL40__signal_B,8,2,8,0.95,,446.627396,455.4980080000001,103.94885600000015,56.2809069999994,0.9499953335,4.448763007e-05,0,True,scenarios/size_scan_8unit__m08__k08__f02__v0p95__e3b3ea1c73edebf3fb49
size_scan_8unit,NAND2_X1P4B_A9TL40__signal_B,8,3,8,0.95,,447.15202600000003,455.5484539999998,107.39869499999993,58.6182339999999,0.9499953162,4.709271045e-05,0,True,scenarios/size_scan_8unit__m08__k08__f03__v0p95__66703396c25c4bbe1b8e
size_scan_8unit,NAND2_X1P4B_A9TL40__signal_B,8,4,8,0.95,,447.734648,455.59876499999933,110.7867660000001,60.80650799999958,0.9499952475,4.998371424e-05,0,True,scenarios/size_scan_8unit__m08__k08__f04__v0p95__b1233a7519b7faaec378
size_scan_8unit,NAND2_X1P4B_A9TL40__signal_B,8,5,8,0.95,,448.35846499999997,455.55599399999994,113.82067300000004,63.07626999999947,0.9499960288,5.080881119e-05,0,True,scenarios/size_scan_8unit__m08__k08__f05__v0p95__6450374dc7519f12049e
size_scan_8unit,NAND2_X1P4B_A9TL40__signal_B,8,6,8,0.95,,449.004127,455.5964719999996,116.75881,65.17558700000036,0.9499959313,5.420853304e-05,0,True,scenarios/size_scan_8unit__m08__k08__f06__v0p95__1b6c86d190f5c5ec1eff
size_scan_8unit,NAND2_X1P4B_A9TL40__signal_B,8,7,8,0.95,,449.67169899999993,455.6370550000001,120.26285999999988,67.04803500000054,0.9499959312,5.557996789e-05,0,True,scenarios/size_scan_8unit__m08__k08__f07__v0p95__495c324a69884d2e7c38
size_scan_8unit,NAND2_X1P4B_A9TL40__signal_B,8,8,8,0.95,,450.361441,455.6776919999995,123.57619599999995,68.89920199999926,0.9499957848,5.781663972e-05,0,True,scenarios/size_scan_8unit__m08__k08__f08__v0p95__03c053a6578df932f2f2
size_scan_8unit,NAND2_X1P4B_A9TL40__signal_B,8,0,8,0.8,,671.380426,711.4103240000001,132.4667849999999,69.94516300000014,0.7999957762,4.558848389e-05,0,True,scenarios/size_scan_8unit__m08__k08__f00__v0p80__eef849c640dec0e789d4
size_scan_8unit,NAND2_X1P4B_A9TL40__signal_B,8,1,8,0.8,,671.5219050000001,711.7333139999998,137.99420700000016,72.12439499999978,0.7999966264,5.367976816e-05,0,True,scenarios/size_scan_8unit__m08__k08__f01__v0p80__3e1a65f9e13303b8d503
size_scan_8unit,NAND2_X1P4B_A9TL40__signal_B,8,2,8,0.8,,671.945542,711.600477,143.30651800000012,74.99745599999993,0.7999956231,6.189332864e-05,0,True,scenarios/size_scan_8unit__m08__k08__f02__v0p80__5cb70e941786195baf83
size_scan_8unit,NAND2_X1P4B_A9TL40__signal_B,8,3,8,0.8,,672.381154,711.627054,148.8544040000001,78.67664799999945,0.7999955428,6.957138667e-05,0,True,scenarios/size_scan_8unit__m08__k08__f03__v0p80__0807787d2acefc46cb84
size_scan_8unit,NAND2_X1P4B_A9TL40__signal_B,8,4,8,0.8,,672.8289580000001,712.2343930000001,154.30586899999992,82.19095999999983,0.7999963193,7.725075341e-05,0,True,scenarios/size_scan_8unit__m08__k08__f04__v0p80__b2a42f1a3313a05e1b23
size_scan_8unit,NAND2_X1P4B_A9TL40__signal_B,8,5,8,0.8,,673.2891740000001,711.7745459999995,159.44868099999997,85.43960499999986,0.7999961207,8.898471935e-05,0,True,scenarios/size_scan_8unit__m08__k08__f05__v0p80__1909d89357d0766e64bb
size_scan_8unit,NAND2_X1P4B_A9TL40__signal_B,8,6,8,0.8,,673.7620310000001,712.263691,164.3294630000001,88.75660000000016,0.7999959529,9.571975097e-05,0,True,scenarios/size_scan_8unit__m08__k08__f06__v0p80__d07968fdf4ee25d9652b
size_scan_8unit,NAND2_X1P4B_A9TL40__signal_B,8,7,8,0.8,,674.2477550000001,712.27194,169.09815599999985,91.9685520000003,0.7999956705,0.0001047622117,0,True,scenarios/size_scan_8unit__m08__k08__f07__v0p80__e694f0ae41ad4775c52e
size_scan_8unit,NAND2_X1P4B_A9TL40__signal_B,8,8,8,0.8,,674.746584,712.2765789999999,173.85020299999985,95.00918999999998,0.7999957063,0.0001128630129,0,True,scenarios/size_scan_8unit__m08__k08__f08__v0p80__6e1651cd4e235a826b79
size_scan_8unit,NAND2_X2M_A9TL40__signal_A,8,0,8,1.1,,343.84788100000003,335.69398399999983,71.67359799999984,44.74934600000031,1.1001602769,-2.173827115e-06,0,True,scenarios/size_scan_8unit__m08__k08__f00__v1p10__b6d47fbfbf317eb7b023
size_scan_8unit,NAND2_X2M_A9TL40__signal_A,8,1,8,1.1,,345.67277,336.40223099999935,77.223377,49.40572899999979,1.1001409927,-1.311155465e-06,0,True,scenarios/size_scan_8unit__m08__k08__f01__v1p10__3760bfbf04c14407e0ca
size_scan_8unit,NAND2_X2M_A9TL40__signal_A,8,2,8,1.1,,347.6107159999999,337.49321100000003,85.03637100000006,53.083131999999544,1.1001220703,-1.440049022e-06,0,True,scenarios/size_scan_8unit__m08__k08__f02__v1p10__ee51d081d869fb3fb1b4
size_scan_8unit,NAND2_X2M_A9TL40__signal_A,8,3,8,1.1,,349.63912000000005,338.78016099999996,92.73972099999997,57.5523250000004,1.1001026977,1.035500758e-06,0,True,scenarios/size_scan_8unit__m08__k08__f03__v1p10__1d2462b8c6c16a11878a
size_scan_8unit,NAND2_X2M_A9TL40__signal_A,8,4,8,1.1,,351.73396,340.1523719999998,100.77864000000008,61.570107999999806,1.1000805659,-2.970348111e-07,0,True,scenarios/size_scan_8unit__m08__k08__f04__v1p10__cba290bc1f8796b34523
size_scan_8unit,NAND2_X2M_A9TL40__signal_A,8,5,8,1.1,,354.313965,341.4704410000001,108.95066799999992,64.12692100000035,1.1000601452,6.432182119e-08,0,True,scenarios/size_scan_8unit__m08__k08__f05__v1p10__22f35feb984135f16c1d
size_scan_8unit,NAND2_X2M_A9TL40__signal_A,8,6,8,1.1,,357.28480699999994,342.71430499999997,116.44522699999996,68.55840099999966,1.1000382301,6.144139381e-07,0,True,scenarios/size_scan_8unit__m08__k08__f06__v1p10__6c58e85b28c4e449baf0
size_scan_8unit,NAND2_X2M_A9TL40__signal_A,8,7,8,1.1,,360.48361900000003,343.88272799999953,124.03000000000003,71.70622000000007,1.1000156879,1.600568949e-06,0,True,scenarios/size_scan_8unit__m08__k08__f07__v1p10__dd688e313e22b325eb11
size_scan_8unit,NAND2_X2M_A9TL40__signal_A,8,8,8,1.1,,363.9011330000001,345.88551199999944,131.1401280000001,76.01451199999994,1.0999930983,3.068139806e-06,0,True,scenarios/size_scan_8unit__m08__k08__f08__v1p10__0b556ce9ecb95ae00593
size_scan_8unit,NAND2_X2M_A9TL40__signal_A,8,0,8,0.95,,450.91915000000006,453.604639,87.99279499999996,55.80722699999945,0.9502344285,6.693759179e-07,0,True,scenarios/size_scan_8unit__m08__k08__f00__v0p95__27d773006a3451e9665c
size_scan_8unit,NAND2_X2M_A9TL40__signal_A,8,1,8,0.95,,452.7224119999999,454.44140599999963,96.7158120000001,59.19439800000036,0.950206108,-7.428976803e-07,0,True,scenarios/size_scan_8unit__m08__k08__f01__v0p95__cca460ea47634b82be93
size_scan_8unit,NAND2_X2M_A9TL40__signal_A,8,2,8,0.95,,454.482902,455.62961699999954,106.3362180000001,64.08184900000008,0.9501783671,-1.336264641e-06,0,True,scenarios/size_scan_8unit__m08__k08__f02__v0p95__359ea399c4f4b4991636
size_scan_8unit,NAND2_X2M_A9TL40__signal_A,8,3,8,0.95,,456.565417,456.59588099999945,115.43889899999988,69.6756689999995,0.9501503956,-7.601915949e-07,0,True,scenarios/size_scan_8unit__m08__k08__f03__v0p95__a7088018e7802cb058aa
size_scan_8unit,NAND2_X2M_A9TL40__signal_A,8,4,8,0.95,,458.83981700000004,457.79803099999964,124.72208300000015,73.2006409999998,0.9501232876,-7.408839857e-07,0,True,scenarios/size_scan_8unit__m08__k08__f04__v0p95__914c60523b875f643987
size_scan_8unit,NAND2_X2M_A9TL40__signal_A,8,5,8,0.95,,461.4127229999999,459.8304660000001,134.8357769999999,77.7214530000001,0.9500921814,2.959682606e-07,0,True,scenarios/size_scan_8unit__m08__k08__f05__v0p95__5796d5048752d9237860
size_scan_8unit,NAND2_X2M_A9TL40__signal_A,8,6,8,0.95,,464.49923599999994,461.25316199999975,142.96103299999996,82.69914999999986,0.9500621127,6.435560575e-07,0,True,scenarios/size_scan_8unit__m08__k08__f06__v0p95__e548cc3164818b3f17e4
size_scan_8unit,NAND2_X2M_A9TL40__signal_A,8,7,8,0.95,,467.93652299999997,462.4986709999994,151.93837199999984,86.55739399999968,0.9500266984,1.418209529e-06,0,True,scenarios/size_scan_8unit__m08__k08__f07__v0p95__5e40413f259b169c5db9
size_scan_8unit,NAND2_X2M_A9TL40__signal_A,8,8,8,0.95,,471.54001700000003,463.80093599999987,162.66469600000002,92.34274099999965,0.9499942804,1.243950516e-06,0,True,scenarios/size_scan_8unit__m08__k08__f08__v0p95__7cd9bf0544de98f66358
size_scan_8unit,NAND2_X2M_A9TL40__signal_A,8,0,8,0.8,,680.237463,709.9335919999994,126.23386100000006,75.1420559999997,0.8004692906,-3.740351606e-06,0,True,scenarios/size_scan_8unit__m08__k08__f00__v0p80__1aac65bc6b267de7cbea
size_scan_8unit,NAND2_X2M_A9TL40__signal_A,8,1,8,0.8,,682.2186969999999,711.6318149999998,137.990759,80.87057700000001,0.8004182726,-2.385978025e-06,0,True,scenarios/size_scan_8unit__m08__k08__f01__v0p80__15ccf2a72978f4d15ee0
size_scan_8unit,NAND2_X2M_A9TL40__signal_A,8,2,8,0.8,,684.215807,712.9851999999997,150.16722100000007,87.73657699999998,0.8003711879,-1.471795951e-06,0,True,scenarios/size_scan_8unit__m08__k08__f02__v0p80__14f22957aca11709d142
size_scan_8unit,NAND2_X2M_A9TL40__signal_A,8,3,8,0.8,,686.181961,714.6417969999997,162.34971800000008,94.627014,0.8003233333,-7.26093027e-07,0,True,scenarios/size_scan_8unit__m08__k08__f03__v0p80__d3e6c77216ee9261d329
size_scan_8unit,NAND2_X2M_A9TL40__signal_A,8,4,8,0.8,,688.0434859999999,715.4687039999995,176.34935599999997,101.31944399999956,0.8002654402,-3.867677145e-07,0,True,scenarios/size_scan_8unit__m08__k08__f04__v0p80__a1137f3fda5cf8dc96f2
size_scan_8unit,NAND2_X2M_A9TL40__signal_A,8,5,8,0.8,,689.8411429999999,717.1120369999998,188.95268499999992,107.84283299999952,0.8002053604,-3.523439928e-08,0,True,scenarios/size_scan_8unit__m08__k08__f05__v0p80__5d24a5814860d7effad4
size_scan_8unit,NAND2_X2M_A9TL40__signal_A,8,6,8,0.8,,691.576358,718.7067089999994,200.58438600000008,113.70630199999955,0.8001387178,4.910444462e-07,0,True,scenarios/size_scan_8unit__m08__k08__f06__v0p80__02629fbded443acdf783
size_scan_8unit,NAND2_X2M_A9TL40__signal_A,8,7,8,0.8,,694.5465619999999,720.9868679999996,212.0850899999999,121.17693599999961,0.800070545,5.742412871e-07,0,True,scenarios/size_scan_8unit__m08__k08__f07__v0p80__e48d5eb58ee32efce18b
size_scan_8unit,NAND2_X2M_A9TL40__signal_A,8,8,8,0.8,,697.8143100000001,721.7432689999994,225.2609160000001,125.44793899999999,0.7999956253,5.966304188e-07,0,True,scenarios/size_scan_8unit__m08__k08__f08__v0p80__b91f9db7aa2137c4ec89
size_scan_8unit,NAND2_X2M_A9TL40__signal_B,8,0,8,1.1,,350.69813099999993,343.52279399999964,104.25139900000002,57.177983999999874,1.1000022027,5.058085904e-05,0,True,scenarios/size_scan_8unit__m08__k08__f00__v1p10__7ab529ef75faad1807ee
size_scan_8unit,NAND2_X2M_A9TL40__signal_B,8,1,8,1.1,,351.63423200000005,343.5951649999994,106.80301499999997,57.50964800000015,1.0999940576,5.272364665e-05,0,True,scenarios/size_scan_8unit__m08__k08__f01__v1p10__904b97c712f6e759712b
size_scan_8unit,NAND2_X2M_A9TL40__signal_B,8,2,8,1.1,,352.66207799999995,344.0841629999995,110.04563099999996,59.57609999999991,1.0999939215,5.453403625e-05,0,True,scenarios/size_scan_8unit__m08__k08__f02__v1p10__496e28eb17dae853115f
size_scan_8unit,NAND2_X2M_A9TL40__signal_B,8,3,8,1.1,,353.7328030000001,344.1887409999997,113.35335600000013,61.90803900000047,1.0999940036,5.366666377e-05,0,True,scenarios/size_scan_8unit__m08__k08__f03__v1p10__c77a3f16c450361d65bc
size_scan_8unit,NAND2_X2M_A9TL40__signal_B,8,4,8,1.1,,354.8429529999999,344.29290699999973,116.504341,64.25460100000002,1.099994162,5.454567909e-05,0,True,scenarios/size_scan_8unit__m08__k08__f04__v1p10__53af83083cedc6e5365e
size_scan_8unit,NAND2_X2M_A9TL40__signal_B,8,5,8,1.1,,355.9808540000001,344.01658199999974,119.9967770000001,66.60463499999982,1.0999941833,5.629815932e-05,0,True,scenarios/size_scan_8unit__m08__k08__f05__v1p10__9055ffc553c21250e28b
size_scan_8unit,NAND2_X2M_A9TL40__signal_B,8,6,8,1.1,,357.1379530000001,344.1212409999997,121.87163500000005,68.58913900000023,1.0999942995,5.643084837e-05,0,True,scenarios/size_scan_8unit__m08__k08__f06__v1p10__1333336f197eaf91f2bb
size_scan_8unit,NAND2_X2M_A9TL40__signal_B,8,7,8,1.1,,358.30626800000005,344.60478499999994,126.57505199999996,71.13085599999987,1.0999940097,5.716087425e-05,0,True,scenarios/size_scan_8unit__m08__k08__f07__v1p10__a38bb602cb14d204eaec
size_scan_8unit,NAND2_X2M_A9TL40__signal_B,8,8,8,1.1,,359.499861,344.20539499999984,128.53960900000004,72.27281899999939,1.0999926574,6.067442233e-05,0,True,scenarios/size_scan_8unit__m08__k08__f08__v1p10__7e086f6a0acc7beeb3b6
size_scan_8unit,NAND2_X2M_A9TL40__signal_B,8,0,8,0.95,,457.7753850000001,462.4158119999998,125.55876500000011,67.23079700000021,0.9499953845,5.251924926e-05,0,True,scenarios/size_scan_8unit__m08__k08__f00__v0p95__c79db8a7b89f5b078c26
size_scan_8unit,NAND2_X2M_A9TL40__signal_B,8,1,8,0.95,,458.52616900000004,463.06655699999965,130.042986,68.34953600000033,0.9499953093,5.821470994e-05,0,True,scenarios/size_scan_8unit__m08__k08__f01__v0p95__9bff99457b7eb991426e
size_scan_8unit,NAND2_X2M_A9TL40__signal_B,8,2,8,0.95,,459.45109399999996,463.2021809999993,134.57435700000002,71.33739899999931,0.9499954828,6.160253619e-05,0,True,scenarios/size_scan_8unit__m08__k08__f02__v0p95__12fef99ff828dd6a0332
size_scan_8unit,NAND2_X2M_A9TL40__signal_B,8,3,8,0.95,,460.40791599999994,462.4068979999998,139.02452800000003,74.02984400000071,0.949995545,6.540369138e-05,0,True,scenarios/size_scan_8unit__m08__k08__f03__v0p95__d9861c652251a628b3b9
size_scan_8unit,NAND2_X2M_A9TL40__signal_B,8,4,8,0.95,,461.39447000000007,463.50603000000007,143.613654,77.2010249999996,0.9499956455,6.752502752e-05,0,True,scenarios/size_scan_8unit__m08__k08__f04__v0p95__40ec84ab6ffd06615f5c
size_scan_8unit,NAND2_X2M_A9TL40__signal_B,8,5,8,0.95,,462.4105699999999,463.65311799999967,147.90312100000006,79.93253099999937,0.9499970045,7.120228944e-05,0,True,scenarios/size_scan_8unit__m08__k08__f05__v0p95__e31d5814db4472fe54a7
size_scan_8unit,NAND2_X2M_A9TL40__signal_B,8,6,8,0.95,,463.45062900000005,463.79629899999946,152.1012029999999,82.52104499999942,0.9499965751,7.497123789e-05,0,True,scenarios/size_scan_8unit__m08__k08__f06__v0p95__d1eed4e5c90d96592400
size_scan_8unit,NAND2_X2M_A9TL40__signal_B,8,7,8,0.95,,464.514357,463.94090799999975,156.23904999999996,85.04365000000028,0.9499963245,7.884641813e-05,0,True,scenarios/size_scan_8unit__m08__k08__f07__v0p95__e5f629939a6d956d8224
size_scan_8unit,NAND2_X2M_A9TL40__signal_B,8,8,8,0.95,,465.60000699999995,463.9854379999994,160.5210720000001,87.38013199999959,0.9499957253,8.054185221e-05,0,True,scenarios/size_scan_8unit__m08__k08__f08__v0p95__2c345171b1845c12ab0b
size_scan_8unit,NAND2_X2M_A9TL40__signal_B,8,0,8,0.8,,687.2542990000001,721.3217719999994,171.37822799999998,89.06716499999966,0.7999973306,6.120996766e-05,0,True,scenarios/size_scan_8unit__m08__k08__f00__v0p80__af3c6c7b81161a1cee81
size_scan_8unit,NAND2_X2M_A9TL40__signal_B,8,1,8,0.8,,687.4132769999999,720.9200759999994,178.35661099999993,91.06531200000006,0.7999932193,7.587342633e-05,0,True,scenarios/size_scan_8unit__m08__k08__f01__v0p80__80a0dba523cfa1621de9
size_scan_8unit,NAND2_X2M_A9TL40__signal_B,8,2,8,0.8,,688.1660790000001,720.9765710000001,184.82585,95.35961199999997,0.7999941015,8.819803526e-05,0,True,scenarios/size_scan_8unit__m08__k08__f02__v0p80__664fe687bc62779a4199
size_scan_8unit,NAND2_X2M_A9TL40__signal_B,8,3,8,0.8,,688.952093,721.4855159999995,191.17032199999994,99.75619000000027,0.7999973695,0.0001015684042,0,True,scenarios/size_scan_8unit__m08__k08__f03__v0p80__620474283cb082955dcb
size_scan_8unit,NAND2_X2M_A9TL40__signal_B,8,4,8,0.8,,689.771781,721.5076209999999,197.84379000000015,103.93612400000022,0.7999983358,0.0001151498707,0,True,scenarios/size_scan_8unit__m08__k08__f04__v0p80__1809ad73aa2c387cfe1d
size_scan_8unit,NAND2_X2M_A9TL40__signal_B,8,5,8,0.8,,690.6256410000001,721.5932519999994,204.1381360000001,107.94229399999978,0.7999967091,0.0001284504674,0,True,scenarios/size_scan_8unit__m08__k08__f05__v0p80__36008b176e50419cb35d
size_scan_8unit,NAND2_X2M_A9TL40__signal_B,8,6,8,0.8,,691.51422,721.6317570000001,211.28130000000013,111.91149300000014,0.7999972487,0.0001419718577,0,True,scenarios/size_scan_8unit__m08__k08__f06__v0p80__9e08b6741b6641867aa5
size_scan_8unit,NAND2_X2M_A9TL40__signal_B,8,7,8,0.8,,692.438092,721.6691419999999,218.10396900000006,115.64823400000047,0.7999969623,0.0001539443449,0,True,scenarios/size_scan_8unit__m08__k08__f07__v0p80__5fdc85cb1373fbec004d
size_scan_8unit,NAND2_X2M_A9TL40__signal_B,8,8,8,0.8,,693.3978769999999,721.7061219999996,224.317061,119.22812300000015,0.799996657,0.0001671229814,0,True,scenarios/size_scan_8unit__m08__k08__f08__v0p80__4d719275ca7364d394a7
size_scan_8unit,NAND2_X3M_A9TL40__signal_A,8,0,8,1.1,,362.2531879999999,344.9520379999994,102.35761400000013,65.09715199999992,1.1002549373,-3.743195959e-06,0,True,scenarios/size_scan_8unit__m08__k08__f00__v1p10__499b03c362fd84f17268
size_scan_8unit,NAND2_X3M_A9TL40__signal_A,8,1,8,1.1,,365.50870599999996,345.89376500000003,113.3484649999999,70.90685499999945,1.1002220225,-3.205255642e-06,0,True,scenarios/size_scan_8unit__m08__k08__f01__v1p10__ed440b91d3158430383c
size_scan_8unit,NAND2_X3M_A9TL40__signal_A,8,2,8,1.1,,368.79582700000003,348.18949399999997,124.98781500000008,76.27609300000026,1.1001972261,-1.760908022e-06,0,True,scenarios/size_scan_8unit__m08__k08__f02__v1p10__837205d89ef33918a16e
size_scan_8unit,NAND2_X3M_A9TL40__signal_A,8,3,8,1.1,,372.6736739999999,350.4150419999994,136.26323300000004,82.2283359999999,1.1001672018,-1.818386295e-06,0,True,scenarios/size_scan_8unit__m08__k08__f03__v1p10__9275f5c91feb6d25b88f
size_scan_8unit,NAND2_X3M_A9TL40__signal_A,8,4,8,1.1,,376.5724170000001,352.1970799999999,149.17982800000007,90.09835000000022,1.1001357175,-5.601371266e-07,0,True,scenarios/size_scan_8unit__m08__k08__f04__v1p10__3c489453a18f065ed409
size_scan_8unit,NAND2_X3M_A9TL40__signal_A,8,5,8,1.1,,380.97693899999996,354.11659699999973,160.599146,93.54860300000037,1.1001013921,-1.442103456e-06,0,True,scenarios/size_scan_8unit__m08__k08__f05__v1p10__1a26ccd0173dc05d5e28
size_scan_8unit,NAND2_X3M_A9TL40__signal_A,8,6,8,1.1,,386.0065649999999,355.8928779999998,170.83545700000002,99.47454700000004,1.1000682339,8.561527005e-08,0,True,scenarios/size_scan_8unit__m08__k08__f06__v1p10__c25ab3ef1e688d18c95f
size_scan_8unit,NAND2_X3M_A9TL40__signal_A,8,7,8,1.1,,391.2210899999999,358.70601399999947,183.07314199999988,105.76804199999957,1.1000304591,1.078363299e-06,0,True,scenarios/size_scan_8unit__m08__k08__f07__v1p10__89393305f2f43c960973
size_scan_8unit,NAND2_X3M_A9TL40__signal_A,8,8,8,1.1,,396.4997690000001,360.2838459999993,194.59313700000016,111.01951199999986,1.0999939158,2.51147592e-06,0,True,scenarios/size_scan_8unit__m08__k08__f08__v1p10__e825751b4d8d3d925bbf
size_scan_8unit,NAND2_X3M_A9TL40__signal_A,8,0,8,0.95,,473.9281889999999,464.2417849999996,128.55047400000015,80.59818800000002,0.9503792742,-5.164287047e-06,0,True,scenarios/size_scan_8unit__m08__k08__f00__v0p95__870e88303f651ed8ffe4
size_scan_8unit,NAND2_X3M_A9TL40__signal_A,8,1,8,0.95,,477.073902,466.24441899999954,142.18478700000003,85.89135900000053,0.9503398779,-3.258009719e-06,0,True,scenarios/size_scan_8unit__m08__k08__f01__v0p95__6264bf703a4137f03619
size_scan_8unit,NAND2_X3M_A9TL40__signal_A,8,2,8,0.95,,480.615481,468.698091,156.44343300000014,92.2508490000005,0.9502969125,-2.327505146e-06,0,True,scenarios/size_scan_8unit__m08__k08__f02__v0p95__f3f34868caeb5e98fda1
size_scan_8unit,NAND2_X3M_A9TL40__signal_A,8,3,8,0.95,,484.4074509999999,470.5699759999997,170.17266399999988,99.30519300000006,0.9502519381,-2.779550238e-06,0,True,scenarios/size_scan_8unit__m08__k08__f03__v0p95__202e68cdf8ca98c760d9
size_scan_8unit,NAND2_X3M_A9TL40__signal_A,8,4,8,0.95,,488.39548600000006,472.3967089999996,182.77531900000017,105.92695899999981,0.9502081124,-1.474312763e-06,0,True,scenarios/size_scan_8unit__m08__k08__f04__v0p95__b403cf9073db224c1dc2
size_scan_8unit,NAND2_X3M_A9TL40__signal_A,8,5,8,0.95,,493.487729,474.4675079999995,196.6341980000002,112.74876800000027,0.9501578344,-5.302940818e-07,0,True,scenarios/size_scan_8unit__m08__k08__f05__v0p95__2393f76dc84b9c35f094
size_scan_8unit,NAND2_X3M_A9TL40__signal_A,8,6,8,0.95,,499.18194100000005,476.6728469999994,209.87003200000004,122.02190499999965,0.9501088753,7.538847345e-07,0,True,scenarios/size_scan_8unit__m08__k08__f06__v0p95__1729d44a1d788bec6fe1
size_scan_8unit,NAND2_X3M_A9TL40__signal_A,8,7,8,0.95,,505.25197600000007,479.15021899999994,223.9687200000001,128.90185,0.9500544727,1.150062227e-06,0,True,scenarios/size_scan_8unit__m08__k08__f07__v0p95__bebadfc0131777c11c7e
size_scan_8unit,NAND2_X3M_A9TL40__signal_A,8,8,8,0.95,,511.639327,481.58525799999944,238.20065400000004,134.00969300000014,0.9499932274,1.631849461e-06,0,True,scenarios/size_scan_8unit__m08__k08__f08__v0p95__0c83721c1843255f1639
size_scan_8unit,NAND2_X3M_A9TL40__signal_A,8,0,8,0.8,,711.967196,724.4150219999995,181.51012600000013,107.38962499999944,0.8008090901,-4.446492513e-06,0,True,scenarios/size_scan_8unit__m08__k08__f00__v0p80__97d2d131a376c026ab98
size_scan_8unit,NAND2_X3M_A9TL40__signal_A,8,1,8,0.8,,715.0260579999999,726.203796,199.66141899999988,116.95140399999948,0.8007493913,-3.415742355e-06,0,True,scenarios/size_scan_8unit__m08__k08__f01__v0p80__5a180ab39caabe9c5468
size_scan_8unit,NAND2_X3M_A9TL40__signal_A,8,2,8,0.8,,718.1291269999999,729.1443019999995,219.5617469999999,126.5743019999995,0.8006768494,-2.740555181e-06,0,True,scenarios/size_scan_8unit__m08__k08__f02__v0p80__66e0699cc10baee6429c
size_scan_8unit,NAND2_X3M_A9TL40__signal_A,8,3,8,0.8,,721.82317,731.3078949999998,237.35720499999996,135.94121200000077,0.8005963576,-1.849689187e-06,0,True,scenarios/size_scan_8unit__m08__k08__f03__v0p80__e29399f286e14088a54e
size_scan_8unit,NAND2_X3M_A9TL40__signal_A,8,4,8,0.8,,726.151163,733.4127879999998,257.63012,145.69516899999925,0.8005069726,-1.14673017e-06,0,True,scenarios/size_scan_8unit__m08__k08__f04__v0p80__f2a52352fc35ea06b2f1
size_scan_8unit,NAND2_X3M_A9TL40__signal_A,8,5,8,0.8,,730.925659,736.0181900000001,276.01114400000006,154.58727000000002,0.8004048399,-6.293790891e-07,0,True,scenarios/size_scan_8unit__m08__k08__f05__v0p80__915e29c46adf28b995eb
size_scan_8unit,NAND2_X3M_A9TL40__signal_A,8,6,8,0.8,,736.1028489999999,738.848064,293.4175439999998,163.81984900000018,0.8002904806,-5.39678224e-07,0,True,scenarios/size_scan_8unit__m08__k08__f06__v0p80__28b53878a56a0a8bad63
size_scan_8unit,NAND2_X3M_A9TL40__signal_A,8,7,8,0.8,,741.6348759999998,741.6114429999993,311.6527100000001,173.2081729999996,0.8001585088,7.621187516e-07,0,True,scenarios/size_scan_8unit__m08__k08__f07__v0p80__fa94c3dfcc98510b216c
size_scan_8unit,NAND2_X3M_A9TL40__signal_A,8,8,8,0.8,,748.732337,743.5576079999998,330.6273220000003,183.2330219999997,0.8000782148,1.146797831e-06,0,True,scenarios/size_scan_8unit__m08__k08__f08__v0p80__7b850b6c43d7ac144184
size_scan_8unit,NAND2_X3M_A9TL40__signal_B,8,0,8,1.1,,373.329397,356.33277100000004,153.7423420000001,81.84652799999942,1.0999935159,7.12877363e-05,0,True,scenarios/size_scan_8unit__m08__k08__f00__v1p10__4250fcbf2c3085ce6310
size_scan_8unit,NAND2_X3M_A9TL40__signal_B,8,1,8,1.1,,375.173308,357.24244099999936,157.2025449999999,84.8528489999997,1.0999938443,7.525583571e-05,0,True,scenarios/size_scan_8unit__m08__k08__f01__v1p10__5ca09c38551dd7a401b4
size_scan_8unit,NAND2_X3M_A9TL40__signal_B,8,2,8,1.1,,377.041533,357.457197,161.02655900000005,88.16230500000006,1.0999938616,7.573466374e-05,0,True,scenarios/size_scan_8unit__m08__k08__f02__v1p10__81421edfc2f84a59f56a
size_scan_8unit,NAND2_X3M_A9TL40__signal_B,8,3,8,1.1,,378.96049300000004,357.6684699999997,167.70794900000007,91.28627699999994,1.0999945756,7.797145848e-05,0,True,scenarios/size_scan_8unit__m08__k08__f03__v1p10__cc929d00d86a91569d0d
size_scan_8unit,NAND2_X3M_A9TL40__signal_B,8,4,8,1.1,,380.90589600000004,357.22639299999946,172.16421400000007,93.71723299999985,1.0999940643,8.078414343e-05,0,True,scenarios/size_scan_8unit__m08__k08__f04__v1p10__37abfe007c97ccc75f35
size_scan_8unit,NAND2_X3M_A9TL40__signal_B,8,5,8,1.1,,383.06884799999995,358.0811369999997,176.33819300000008,97.30325499999978,1.0999942843,8.162510944e-05,0,True,scenarios/size_scan_8unit__m08__k08__f05__v1p10__e37b3596b44439e874ac
size_scan_8unit,NAND2_X3M_A9TL40__signal_B,8,6,8,1.1,,385.4826740000001,358.28324399999985,181.81682300000003,99.90709599999964,1.0999936301,8.558146289e-05,0,True,scenarios/size_scan_8unit__m08__k08__f06__v1p10__82783216d53219b3837b
size_scan_8unit,NAND2_X3M_A9TL40__signal_B,8,7,8,1.1,,388.0804999999999,357.7547939999993,185.21356699999998,103.7094869999994,1.0999946026,8.76836569e-05,0,True,scenarios/size_scan_8unit__m08__k08__f07__v1p10__787791d041989ae4e841
size_scan_8unit,NAND2_X3M_A9TL40__signal_B,8,8,8,1.1,,390.8577219999999,357.93420699999973,190.40416499999992,106.62758400000023,1.0999944993,9.04128241e-05,0,True,scenarios/size_scan_8unit__m08__k08__f08__v1p10__519bd81ed5eac9c01f95
size_scan_8unit,NAND2_X3M_A9TL40__signal_B,8,0,8,0.95,,484.96932599999997,478.104414,188.50268400000004,96.57012100000007,0.9499960135,7.724697206e-05,0,True,scenarios/size_scan_8unit__m08__k08__f00__v0p95__41ab24a5c7f71eded674
size_scan_8unit,NAND2_X3M_A9TL40__signal_B,8,1,8,0.95,,486.56198799999993,478.4809059999997,191.7310559999999,99.99841100000037,0.9499952029,8.283562421e-05,0,True,scenarios/size_scan_8unit__m08__k08__f01__v0p95__d92c2237eef0bdc94581
size_scan_8unit,NAND2_X3M_A9TL40__signal_B,8,2,8,0.95,,488.3045390000001,478.6814309999995,198.22743799999992,104.38711300000007,0.94999542,8.899924975e-05,0,True,scenarios/size_scan_8unit__m08__k08__f02__v0p95__df66c8d7435b0d55e07b
size_scan_8unit,NAND2_X3M_A9TL40__signal_B,8,3,8,0.95,,490.097486,478.88744499999945,204.36808500000004,108.47855900000008,0.9499954621,9.577776578e-05,0,True,scenarios/size_scan_8unit__m08__k08__f03__v0p95__7ba4559bc90f06e264e7
size_scan_8unit,NAND2_X3M_A9TL40__signal_B,8,4,8,0.95,,491.9300439999999,479.1731619999996,209.81183099999996,112.30269199999978,0.9499949443,0.0001020800725,0,True,scenarios/size_scan_8unit__m08__k08__f04__v0p95__edd3fdbda01f9cf1c87b
size_scan_8unit,NAND2_X3M_A9TL40__signal_B,8,5,8,0.95,,493.792079,479.40777799999984,217.41215500000015,115.98387900000002,0.9499952889,0.0001093305555,0,True,scenarios/size_scan_8unit__m08__k08__f05__v0p95__50c3f20f051383353198
size_scan_8unit,NAND2_X3M_A9TL40__signal_B,8,6,8,0.95,,495.7724160000001,479.64593199999945,222.08694899999992,119.34312600000003,0.9499931734,0.0001156623161,0,True,scenarios/size_scan_8unit__m08__k08__f06__v0p95__2c513e14eb6c6b4c0584
size_scan_8unit,NAND2_X3M_A9TL40__signal_B,8,7,8,0.95,,498.09909000000005,479.76521499999933,230.32183899999987,123.3770400000001,0.9499929986,0.0001230726952,0,True,scenarios/size_scan_8unit__m08__k08__f07__v0p95__1e7a40bfc1b93d0a82b1
size_scan_8unit,NAND2_X3M_A9TL40__signal_B,8,8,8,0.95,,500.53523000000007,480.12845199999987,235.99583499999997,127.07912600000022,0.949995335,0.0001310485248,0,True,scenarios/size_scan_8unit__m08__k08__f08__v0p95__994326ad4c1c4346944f
size_scan_8unit,NAND2_X3M_A9TL40__signal_B,8,0,8,0.8,,723.408937,741.3763219999998,254.47456599999995,128.22334799999933,0.7999923295,8.527047559e-05,0,True,scenarios/size_scan_8unit__m08__k08__f00__v0p80__dc5f729c6a09dff9b335
size_scan_8unit,NAND2_X3M_A9TL40__signal_B,8,1,8,0.8,,724.4541780000001,741.5544639999999,264.09683299999995,133.0800690000005,0.7999929969,0.0001086618655,0,True,scenarios/size_scan_8unit__m08__k08__f01__v0p80__1e1c2d88d3e637e8a7ca
size_scan_8unit,NAND2_X3M_A9TL40__signal_B,8,2,8,0.8,,725.961529,742.6268769999997,273.310513,139.1436879999998,0.7999946697,0.0001315206042,0,True,scenarios/size_scan_8unit__m08__k08__f02__v0p80__aabf7b5e3ddad51545c6
size_scan_8unit,NAND2_X3M_A9TL40__signal_B,8,3,8,0.8,,727.5265240000001,742.7874659999995,281.9434350000001,144.8119490000001,0.7999953373,0.0001530071954,0,True,scenarios/size_scan_8unit__m08__k08__f03__v0p80__d4c56a8e9bf8947281e6
size_scan_8unit,NAND2_X3M_A9TL40__signal_B,8,4,8,0.8,,729.149976,742.909297,291.01309699999996,151.11692300000016,0.7999922127,0.0001774731865,0,True,scenarios/size_scan_8unit__m08__k08__f04__v0p80__b0b510430f062a73a7c5
size_scan_8unit,NAND2_X3M_A9TL40__signal_B,8,5,8,0.8,,730.832697,743.013701,303.68924700000014,157.03105600000023,0.7999874857,0.0002004430339,0,True,scenarios/size_scan_8unit__m08__k08__f05__v0p80__1ab8a37fbddd33abe7f6
size_scan_8unit,NAND2_X3M_A9TL40__signal_B,8,6,8,0.8,,732.5754929999999,743.1038310000001,311.01181199999985,162.6154740000005,0.7999999284,0.0002238527755,0,True,scenarios/size_scan_8unit__m08__k08__f06__v0p80__c5a506f30e24b75f9d11
size_scan_8unit,NAND2_X3M_A9TL40__signal_B,8,7,8,0.8,,734.3790990000001,743.154428,319.366002,168.1661280000003,0.7999834747,0.0002515928371,0,True,scenarios/size_scan_8unit__m08__k08__f07__v0p80__9ecf74af83b8464f8bbb
size_scan_8unit,NAND2_X3M_A9TL40__signal_B,8,8,8,0.8,,736.244252,742.0655009999997,329.398526,173.01950699999995,0.7999903352,0.0002772516354,0,True,scenarios/size_scan_8unit__m08__k08__f08__v0p80__7f79bab2f1355b74b263
size_scan_8unit,NAND2_X4M_A9TL40__signal_A,8,0,8,1.1,,380.3263510000001,353.57629699999956,135.85350699999998,87.84331899999972,1.1003620874,-5.740579465e-06,0,True,scenarios/size_scan_8unit__m08__k08__f00__v1p10__47829510cf6e2249447f
size_scan_8unit,NAND2_X4M_A9TL40__signal_A,8,1,8,1.1,,384.9774269999999,355.7924689999995,148.61977600000012,93.07567299999982,1.1003200163,-5.322905033e-06,0,True,scenarios/size_scan_8unit__m08__k08__f01__v1p10__e1504ecf32942d3791ea
size_scan_8unit,NAND2_X4M_A9TL40__signal_A,8,2,8,1.1,,389.884681,358.0895969999998,165.59279400000005,100.47014900000006,1.1002882328,-4.121668621e-06,0,True,scenarios/size_scan_8unit__m08__k08__f02__v1p10__04cf829e3ef98d90276a
size_scan_8unit,NAND2_X4M_A9TL40__signal_A,8,3,8,1.1,,395.5648080000001,360.9265559999997,180.61007399999994,108.29363699999989,1.1002384684,-1.592746175e-06,0,True,scenarios/size_scan_8unit__m08__k08__f03__v1p10__f937e2039613f78c8536
size_scan_8unit,NAND2_X4M_A9TL40__signal_A,8,4,8,1.1,,401.8496540000001,364.00065199999966,195.99084100000002,116.71819300000044,1.1002011316,-2.295797571e-06,0,True,scenarios/size_scan_8unit__m08__k08__f04__v1p10__576bb642b2572bfcf524
size_scan_8unit,NAND2_X4M_A9TL40__signal_A,8,5,8,1.1,,408.28478399999995,366.9928689999998,211.53436199999987,124.37421299999961,1.1001557318,-1.166987017e-06,0,True,scenarios/size_scan_8unit__m08__k08__f05__v1p10__066ca35b4dc71002aebd
size_scan_8unit,NAND2_X4M_A9TL40__signal_A,8,6,8,1.1,,414.73085699999996,370.64223599999934,225.39543300000003,132.06097200000033,1.1001026736,-1.097428975e-06,0,True,scenarios/size_scan_8unit__m08__k08__f06__v1p10__683443da637abffc23df
size_scan_8unit,NAND2_X4M_A9TL40__signal_A,8,7,8,1.1,,421.49247,373.12918799999994,240.66078300000007,138.86035499999969,1.1000504499,1.930863341e-06,0,True,scenarios/size_scan_8unit__m08__k08__f07__v1p10__94f7095be6a1aa7be8a5
size_scan_8unit,NAND2_X4M_A9TL40__signal_A,8,8,8,1.1,,428.43504300000006,374.1808279999995,256.025507,145.92504000000037,1.0999871557,2.264033813e-06,0,True,scenarios/size_scan_8unit__m08__k08__f08__v1p10__4af69a1db98a5b8bda78
size_scan_8unit,NAND2_X4M_A9TL40__signal_A,8,0,8,0.95,,496.627414,475.5294569999995,173.17594999999997,106.1387200000003,0.9505325976,-6.497370978e-06,0,True,scenarios/size_scan_8unit__m08__k08__f00__v0p95__bf826b9fa26d3d021242
size_scan_8unit,NAND2_X4M_A9TL40__signal_A,8,1,8,0.95,,501.47869699999995,477.36378799999994,185.46359399999994,112.15522100000011,0.950499056,-4.905608575e-06,0,True,scenarios/size_scan_8unit__m08__k08__f01__v0p95__415c649a2a8c77c1382a
size_scan_8unit,NAND2_X4M_A9TL40__signal_A,8,2,8,0.95,,506.63458899999995,480.40188799999976,205.41911600000014,121.28641999999988,0.9504496612,-3.760115869e-06,0,True,scenarios/size_scan_8unit__m08__k08__f02__v0p95__a0d351e674f03daf8ec5
size_scan_8unit,NAND2_X4M_A9TL40__signal_A,8,3,8,0.95,,512.8632210000001,483.47242999999963,222.7132760000001,130.4072249999997,0.950387323,-2.816139726e-06,0,True,scenarios/size_scan_8unit__m08__k08__f03__v0p95__3ec35962e62db0b3c859
size_scan_8unit,NAND2_X4M_A9TL40__signal_A,8,4,8,0.95,,519.733313,486.1061309999998,242.18139800000003,139.58286499999988,0.9503231425,-1.689203834e-06,0,True,scenarios/size_scan_8unit__m08__k08__f04__v0p95__3f3aa407dcaf0dda6167
size_scan_8unit,NAND2_X4M_A9TL40__signal_A,8,5,8,0.95,,527.2515089999999,489.971906,260.5710549999999,148.34057599999986,0.9502520343,-1.167779854e-06,0,True,scenarios/size_scan_8unit__m08__k08__f05__v0p95__8c24f9125110a52b0f66
size_scan_8unit,NAND2_X4M_A9TL40__signal_A,8,6,8,0.95,,535.2217390000001,492.38954399999955,279.12191600000006,157.23484200000024,0.9501744316,-2.503913403e-07,0,True,scenarios/size_scan_8unit__m08__k08__f06__v0p95__d15ba21b49c88cc88453
size_scan_8unit,NAND2_X4M_A9TL40__signal_A,8,7,8,0.95,,543.46372,494.92168999999967,297.82612400000005,165.96616200000057,0.9500851662,7.65844257e-07,0,True,scenarios/size_scan_8unit__m08__k08__f07__v0p95__b0e8ca57788045bacadb
size_scan_8unit,NAND2_X4M_A9TL40__signal_A,8,8,8,0.95,,551.8931640000001,497.40421799999945,316.83181,175.33691900000014,0.9499953989,2.493743518e-06,0,True,scenarios/size_scan_8unit__m08__k08__f08__v0p95__4bc29228562af02085fb
size_scan_8unit,NAND2_X4M_A9TL40__signal_A,8,0,8,0.8,,743.5901550000001,738.5381229999994,238.89763800000003,141.43320600000027,0.8012905757,-5.582060667e-06,0,True,scenarios/size_scan_8unit__m08__k08__f00__v0p80__058fbd52246750b57cda
size_scan_8unit,NAND2_X4M_A9TL40__signal_A,8,1,8,0.8,,748.406748,741.893832,261.12637499999977,153.20754999999977,0.8012300044,-4.886132185e-06,0,True,scenarios/size_scan_8unit__m08__k08__f01__v0p80__c43afde4ae2f388e9801
size_scan_8unit,NAND2_X4M_A9TL40__signal_A,8,2,8,0.8,,753.424156,745.2668149999998,289.29845200000005,165.394837,0.8011461583,-4.188381115e-06,0,True,scenarios/size_scan_8unit__m08__k08__f02__v0p80__38b5de27190ea0f42df6
size_scan_8unit,NAND2_X4M_A9TL40__signal_A,8,3,8,0.8,,759.238258,748.536333,314.5510539999998,177.51080900000008,0.8010817731,-3.007645461e-06,0,True,scenarios/size_scan_8unit__m08__k08__f03__v0p80__53e0354f2427b729e02b
size_scan_8unit,NAND2_X4M_A9TL40__signal_A,8,4,8,0.8,,766.39356,751.6633069999995,339.2735209999999,189.90272199999995,0.8009576711,-2.103741738e-06,0,True,scenarios/size_scan_8unit__m08__k08__f04__v0p80__2741c62888bee4db4336
size_scan_8unit,NAND2_X4M_A9TL40__signal_A,8,5,8,0.8,,774.409366,754.6426329999994,364.603314,202.20548799999995,0.8007820103,-1.045714967e-06,0,True,scenarios/size_scan_8unit__m08__k08__f05__v0p80__125043682882ed3cfe8f
size_scan_8unit,NAND2_X4M_A9TL40__signal_A,8,6,8,0.8,,783.1592689999999,757.482906,388.3437140000001,214.106858,0.8005119645,-6.151060209e-07,0,True,scenarios/size_scan_8unit__m08__k08__f06__v0p80__4107d6c029bdf3eab20e
size_scan_8unit,NAND2_X4M_A9TL40__signal_A,8,7,8,0.8,,793.3467800000001,760.2171959999998,411.7959839999998,226.11074200000004,0.8000788984,3.077033411e-06,0,True,scenarios/size_scan_8unit__m08__k08__f07__v0p80__e5dac7de239c88f7c3ae
size_scan_8unit,NAND2_X4M_A9TL40__signal_A,8,8,8,0.8,,804.668407,765.5119879999999,438.55314500000014,238.0922829999998,0.7990337095,1.474846621e-06,0,True,scenarios/size_scan_8unit__m08__k08__f08__v0p80__98ba1906b5df2ffcd1bb
size_scan_8unit,NAND2_X4M_A9TL40__signal_B,8,0,8,1.1,,395.8656680000001,370.0844389999998,201.68461300000018,108.31933900000011,1.09999135,9.189837468e-05,0,True,scenarios/size_scan_8unit__m08__k08__f00__v1p10__ce21240bdd7d27e44f51
size_scan_8unit,NAND2_X4M_A9TL40__signal_B,8,1,8,1.1,,398.635234,370.56989899999974,208.4741349999999,111.39932200000001,1.0999935227,9.787847879e-05,0,True,scenarios/size_scan_8unit__m08__k08__f01__v1p10__288a304b1e080a4e7a3f
size_scan_8unit,NAND2_X4M_A9TL40__signal_B,8,2,8,1.1,,401.42402,370.3374299999997,214.42910399999994,116.29865799999963,1.0999952457,0.00010118919,0,True,scenarios/size_scan_8unit__m08__k08__f02__v1p10__929f91074c0af89625e7
size_scan_8unit,NAND2_X4M_A9TL40__signal_B,8,3,8,1.1,,404.4432610000001,370.86778899999973,220.85636099999985,119.46066600000044,1.099993584,0.0001052510516,0,True,scenarios/size_scan_8unit__m08__k08__f03__v1p10__e5bebf360f67dcb36f48
size_scan_8unit,NAND2_X4M_A9TL40__signal_B,8,4,8,1.1,,407.68086100000005,371.0170089999998,227.59284900000017,123.78624899999953,1.0999938627,0.0001048502162,0,True,scenarios/size_scan_8unit__m08__k08__f04__v1p10__9868af2ebbe61f80740f
size_scan_8unit,NAND2_X4M_A9TL40__signal_B,8,5,8,1.1,,411.11032,371.34770599999973,233.8109650000001,127.93390299999962,1.0999941212,0.000109817121,0,True,scenarios/size_scan_8unit__m08__k08__f05__v1p10__29b13f6e6f26c2aabe19
size_scan_8unit,NAND2_X4M_A9TL40__signal_B,8,6,8,1.1,,414.692872,371.6726499999998,239.99357100000003,131.9884299999999,1.099993885,0.0001157349602,0,True,scenarios/size_scan_8unit__m08__k08__f06__v1p10__8ee1f9cdf362dbfcc8cc
size_scan_8unit,NAND2_X4M_A9TL40__signal_B,8,7,8,1.1,,418.48431600000004,371.9905969999998,247.1995799999999,135.7875289999998,1.0999963016,0.0001171359952,0,True,scenarios/size_scan_8unit__m08__k08__f07__v1p10__d47efab5f0fa22649e42
size_scan_8unit,NAND2_X4M_A9TL40__signal_B,8,8,8,1.1,,422.59082099999995,372.5359370000001,253.68595500000006,140.1495289999998,1.0999906837,0.0001257327338,0,True,scenarios/size_scan_8unit__m08__k08__f08__v1p10__a318fb257bbb0f6d41b5
size_scan_8unit,NAND2_X4M_A9TL40__signal_B,8,0,8,0.95,,512.250354,493.29910399999983,248.024768,128.42518999999962,0.9499947899,9.539329975e-05,0,True,scenarios/size_scan_8unit__m08__k08__f00__v0p95__27a11befd0d602f20ff4
size_scan_8unit,NAND2_X4M_A9TL40__signal_B,8,1,8,0.95,,514.992699,494.44292799999994,256.47738299999986,131.5463900000003,0.9499956185,0.0001077713596,0,True,scenarios/size_scan_8unit__m08__k08__f01__v0p95__a400ca94fca6c9c4adba
size_scan_8unit,NAND2_X4M_A9TL40__signal_B,8,2,8,0.95,,517.671547,494.80298999999985,263.10340400000007,136.9706430000002,0.9499955676,0.0001174340226,0,True,scenarios/size_scan_8unit__m08__k08__f02__v0p95__247cb1600e22a3a6583c
size_scan_8unit,NAND2_X4M_A9TL40__signal_B,8,3,8,0.95,,520.410358,495.097222,269.66486499999996,142.00026300000007,0.9499955185,0.0001266120475,0,True,scenarios/size_scan_8unit__m08__k08__f03__v0p95__3fd1050a5969d58816f8
size_scan_8unit,NAND2_X4M_A9TL40__signal_B,8,4,8,0.95,,523.225494,495.2698379999995,278.22242799999987,147.34630600000003,0.9499952071,0.0001370065713,0,True,scenarios/size_scan_8unit__m08__k08__f04__v0p95__786db39f782331348c33
size_scan_8unit,NAND2_X4M_A9TL40__signal_B,8,5,8,0.95,,526.5356539999999,495.5180449999994,288.1014209999999,152.42491500000068,0.9499957911,0.0001481320722,0,True,scenarios/size_scan_8unit__m08__k08__f05__v0p95__35df256169427172b8de
size_scan_8unit,NAND2_X4M_A9TL40__signal_B,8,6,8,0.95,,530.072317,495.74798699999957,296.64743699999997,157.39906200000013,0.9499956235,0.0001585467188,0,True,scenarios/size_scan_8unit__m08__k08__f06__v0p95__4d68d513f243d4ac9058
size_scan_8unit,NAND2_X4M_A9TL40__signal_B,8,7,8,0.95,,533.7887099999999,495.9644309999998,303.482645,162.4861789999997,0.9499970069,0.0001702551533,0,True,scenarios/size_scan_8unit__m08__k08__f07__v0p95__b6e2faf18d28ddad8974
size_scan_8unit,NAND2_X4M_A9TL40__signal_B,8,8,8,0.95,,537.635902,496.42537499999946,313.89357700000005,167.47743299999988,0.9499888671,0.0001822871907,0,True,scenarios/size_scan_8unit__m08__k08__f08__v0p95__db315ac23acc8e8573b3
size_scan_8unit,NAND2_X4M_A9TL40__signal_B,8,0,8,0.8,,759.6933220000001,761.4123299999995,334.2617769999999,169.388753,0.7997887952,0.0001084904134,0,True,scenarios/size_scan_8unit__m08__k08__f00__v0p80__cbad8d252e02fbe3a2a1
size_scan_8unit,NAND2_X4M_A9TL40__signal_B,8,1,8,0.8,,761.9278519999999,761.52013,349.1890739999999,175.36687299999952,0.7997433897,0.0001442451444,0,True,scenarios/size_scan_8unit__m08__k08__f01__v0p80__9926952ca531cb8e4503
size_scan_8unit,NAND2_X4M_A9TL40__signal_B,8,2,8,0.8,,764.4207579999999,761.731444,362.12849600000004,183.41632499999983,0.7997073906,0.0001791446513,0,True,scenarios/size_scan_8unit__m08__k08__f02__v0p80__58b5870007dfef788e52
size_scan_8unit,NAND2_X4M_A9TL40__signal_B,8,3,8,0.8,,767.0025059999999,761.9409809999995,374.593772,190.87990500000038,0.7996750027,0.0002143016414,0,True,scenarios/size_scan_8unit__m08__k08__f03__v0p80__311da23e7cd01e1d5e82
size_scan_8unit,NAND2_X4M_A9TL40__signal_B,8,4,8,0.8,,769.670737,762.1491529999996,386.7046830000001,197.80189299999984,0.7996536,0.0002483686443,0,True,scenarios/size_scan_8unit__m08__k08__f04__v0p80__d144cbe8032dfde5a4a7
size_scan_8unit,NAND2_X4M_A9TL40__signal_B,8,5,8,0.8,,772.423474,762.3559939999998,398.23815400000007,205.0819459999999,0.7996319867,0.0002882467136,0,True,scenarios/size_scan_8unit__m08__k08__f05__v0p80__1f3541e6c591a0c3cc78
size_scan_8unit,NAND2_X4M_A9TL40__signal_B,8,6,8,0.8,,775.280942,763.6697049999999,408.919251,212.47395100000037,0.7995087507,0.0003301315472,0,True,scenarios/size_scan_8unit__m08__k08__f06__v0p80__1183a526b421ebec0503
size_scan_8unit,NAND2_X4M_A9TL40__signal_B,8,7,8,0.8,,778.202159,763.3553019999994,421.097172,220.2582840000002,0.7994700732,0.0003704053799,0,True,scenarios/size_scan_8unit__m08__k08__f07__v0p80__61566a03ea3cbab388e4
size_scan_8unit,NAND2_X4M_A9TL40__signal_B,8,8,8,0.8,,781.203188,763.9983859999993,435.10145100000005,226.0575819999998,0.7993202319,0.0004175921485,0,True,scenarios/size_scan_8unit__m08__k08__f08__v0p80__d36b6987db0b145c1f71
size_scan_8unit,NAND2_X6M_A9TL40__signal_A,8,0,8,1.1,,416.440155,371.5091499999998,198.46615600000013,126.5755270000003,1.1006195632,-1.018190893e-05,0,True,scenarios/size_scan_8unit__m08__k08__f00__v1p10__ced535cb2c9875848b34
size_scan_8unit,NAND2_X6M_A9TL40__signal_A,8,1,8,1.1,,424.21810700000003,375.70087299999943,220.09481000000014,138.33863299999967,1.1005718664,-8.880415186e-06,0,True,scenarios/size_scan_8unit__m08__k08__f01__v1p10__dd906d3d19b5c5d41169
size_scan_8unit,NAND2_X6M_A9TL40__signal_A,8,2,8,1.1,,432.54092399999996,379.37040199999973,243.66414100000014,149.6796110000001,1.1005134289,-7.251806528e-06,0,True,scenarios/size_scan_8unit__m08__k08__f02__v1p10__7ef464a343a44283adb7
size_scan_8unit,NAND2_X6M_A9TL40__signal_A,8,3,8,1.1,,441.815763,384.78875899999997,266.61362399999996,161.0613669999995,1.1004427063,-6.551142266e-06,0,True,scenarios/size_scan_8unit__m08__k08__f03__v1p10__bb1de57693dff250d092
size_scan_8unit,NAND2_X6M_A9TL40__signal_A,8,4,8,1.1,,451.768398,388.4852109999999,289.3700089999999,171.29216900000034,1.1003755872,-5.320622444e-06,0,True,scenarios/size_scan_8unit__m08__k08__f04__v1p10__8e5ab43357a840c07b25
size_scan_8unit,NAND2_X6M_A9TL40__signal_A,8,5,8,1.1,,461.85432799999995,392.7852620000001,312.909948,183.53843300000025,1.1002997178,-4.620195527e-06,0,True,scenarios/size_scan_8unit__m08__k08__f05__v1p10__b7bc5d07e64d1e484411
size_scan_8unit,NAND2_X6M_A9TL40__signal_A,8,6,8,1.1,,471.82992800000005,396.30259999999953,334.64558000000005,194.65647900000013,1.1002149935,-9.998034036e-07,0,True,scenarios/size_scan_8unit__m08__k08__f06__v1p10__ff1dd5c6c18b04484410
size_scan_8unit,NAND2_X6M_A9TL40__signal_A,8,7,8,1.1,,482.04754099999997,399.6409419999996,358.778281,205.38565099999985,1.1001237983,2.396877968e-06,0,True,scenarios/size_scan_8unit__m08__k08__f07__v1p10__aca01d43f44ef9d55520
size_scan_8unit,NAND2_X6M_A9TL40__signal_A,8,8,8,1.1,,492.25760399999996,404.8997619999998,385.0949349999999,216.82688300000058,1.0999997973,5.642255953e-06,0,True,scenarios/size_scan_8unit__m08__k08__f08__v1p10__ad64e61dc6b8fcced7d9
size_scan_8unit,NAND2_X6M_A9TL40__signal_A,8,0,8,0.95,,542.0278660000001,496.578351,245.65252299999997,153.09673299999997,0.9509661559,-9.466892233e-06,0,True,scenarios/size_scan_8unit__m08__k08__f00__v0p95__98741b58403b5a7d8d49
size_scan_8unit,NAND2_X6M_A9TL40__signal_A,8,1,8,0.95,,550.4459909999999,500.69594599999994,273.1251120000001,166.0746579999998,0.9509361122,-7.97366499e-06,0,True,scenarios/size_scan_8unit__m08__k08__f01__v0p95__1d7d02e7b5cfa3a80a1c
size_scan_8unit,NAND2_X6M_A9TL40__signal_A,8,2,8,0.95,,559.834275,504.9156799999993,302.56124600000004,179.4709159999998,0.9508475414,-6.23987308e-06,0,True,scenarios/size_scan_8unit__m08__k08__f02__v0p95__95a4a471d2d0ae448af1
size_scan_8unit,NAND2_X6M_A9TL40__signal_A,8,3,8,0.95,,570.531481,509.66875399999935,330.319446,193.11696699999976,0.950757612,-5.15222331e-06,0,True,scenarios/size_scan_8unit__m08__k08__f03__v0p95__d5f10e0dfebb399dca06
size_scan_8unit,NAND2_X6M_A9TL40__signal_A,8,4,8,0.95,,582.1316559999999,514.4300909999997,357.165061,207.47095299999984,0.9506805099,-4.047372402e-06,0,True,scenarios/size_scan_8unit__m08__k08__f04__v0p95__dafbb1a410ff9f9ea27a
size_scan_8unit,NAND2_X6M_A9TL40__signal_A,8,5,8,0.95,,594.0385709999999,519.2287860000001,385.74220699999984,219.865823,0.9505471546,-2.564396455e-06,0,True,scenarios/size_scan_8unit__m08__k08__f05__v0p95__e91129cdebaec7f1e9a4
size_scan_8unit,NAND2_X6M_A9TL40__signal_A,8,6,8,0.95,,606.4373740000001,523.5478079999996,413.2729160000002,233.61857400000008,0.9503788153,-1.20789222e-06,0,True,scenarios/size_scan_8unit__m08__k08__f06__v0p95__57bba1d0be8449ffc343
size_scan_8unit,NAND2_X6M_A9TL40__signal_A,8,7,8,0.95,,618.9585659999999,527.7254039999998,442.45227999999986,245.749851,0.9501277079,3.004496365e-07,0,True,scenarios/size_scan_8unit__m08__k08__f07__v0p95__6463aaae99cdf25d9459
size_scan_8unit,NAND2_X6M_A9TL40__signal_A,8,8,8,0.95,,631.5638199999999,531.1971689999995,473.11515499999996,259.0074149999997,0.9498644739,3.569545023e-07,0,True,scenarios/size_scan_8unit__m08__k08__f08__v0p95__19055f3239c3f7c1a304
size_scan_8unit,NAND2_X6M_A9TL40__signal_A,8,0,8,0.8,,806.327544,767.8705900000001,350.0343189999999,207.1679210000002,0.8031000386,-9.185904561e-06,0,True,scenarios/size_scan_8unit__m08__k08__f00__v0p80__73e19b5e6943774e228f
size_scan_8unit,NAND2_X6M_A9TL40__signal_A,8,1,8,0.8,,815.425151,772.6237609999997,384.90450400000014,225.45841599999997,0.8028591256,-9.566414876e-06,0,True,scenarios/size_scan_8unit__m08__k08__f01__v0p80__5e7fbd4bf4e35c77fcd5
size_scan_8unit,NAND2_X6M_A9TL40__signal_A,8,2,8,0.8,,825.3751189999999,777.261445,423.40338400000013,245.19706900000017,0.8026850322,-6.73233727e-06,0,True,scenarios/size_scan_8unit__m08__k08__f02__v0p80__dd2197797408a3ea1c11
size_scan_8unit,NAND2_X6M_A9TL40__signal_A,8,3,8,0.8,,837.3238759999999,782.6648789999995,460.74254500000006,262.90426199999985,0.8013676705,-4.982510709e-06,0,True,scenarios/size_scan_8unit__m08__k08__f03__v0p80__87f9cc66ff8fcb36d239
size_scan_8unit,NAND2_X6M_A9TL40__signal_A,8,4,8,0.8,,850.82097,787.0339549999999,500.35469900000015,281.8415229999997,0.7990881581,-2.117127119e-06,0,True,scenarios/size_scan_8unit__m08__k08__f04__v0p80__2988504bf0065bbb86cc
size_scan_8unit,NAND2_X6M_A9TL40__signal_A,8,5,8,0.8,,865.7471309999999,792.8604490000001,536.550176,297.4154009999995,0.7968674993,6.181965748e-07,0,True,scenarios/size_scan_8unit__m08__k08__f05__v0p80__ed2b92dc2bb7b3b0ee6b
size_scan_8unit,NAND2_X6M_A9TL40__signal_A,8,6,8,0.8,,882.4449709999999,798.5955889999996,574.3374390000001,316.3305569999999,0.7924494213,6.543157522e-06,0,True,scenarios/size_scan_8unit__m08__k08__f06__v0p80__c86840d12f37c47dfbda
size_scan_8unit,NAND2_X6M_A9TL40__signal_A,8,7,8,0.8,,899.8711230000001,804.2077229999994,614.9090939999998,332.8917949999999,0.7871218864,5.845678457e-06,0,True,scenarios/size_scan_8unit__m08__k08__f07__v0p80__83c69ab0b8feab06d0f8
size_scan_8unit,NAND2_X6M_A9TL40__signal_A,8,8,8,0.8,,917.6448379999999,807.9102529999997,654.053876,352.19701299999986,0.7811276496,6.006794547e-06,0,True,scenarios/size_scan_8unit__m08__k08__f08__v0p80__451b30c95b7a7f4bc1eb
size_scan_8unit,NAND2_X6M_A9TL40__signal_B,8,0,8,1.1,,440.87687399999993,396.63498499999986,299.8577290000001,166.47604500000008,1.0999922683,0.0001360129545,0,True,scenarios/size_scan_8unit__m08__k08__f00__v1p10__f7c206be9344da664cd0
size_scan_8unit,NAND2_X6M_A9TL40__signal_B,8,1,8,1.1,,445.41370399999994,396.4488309999995,309.771797,165.97963800000045,1.0999959209,0.0001437375756,0,True,scenarios/size_scan_8unit__m08__k08__f01__v1p10__94a0cb35aab3de63dbff
size_scan_8unit,NAND2_X6M_A9TL40__signal_B,8,2,8,1.1,,450.30050799999987,397.033627,320.6598649999999,172.72859300000025,1.09999637,0.0001511065342,0,True,scenarios/size_scan_8unit__m08__k08__f02__v1p10__d06eb15788f3d47278e9
size_scan_8unit,NAND2_X6M_A9TL40__signal_B,8,3,8,1.1,,455.49295399999994,397.5973129999998,330.82353799999987,178.28416700000048,1.099995453,0.0001582990212,0,True,scenarios/size_scan_8unit__m08__k08__f03__v1p10__7055f179baaa46560cfa
size_scan_8unit,NAND2_X6M_A9TL40__signal_B,8,4,8,1.1,,461.09889,398.14168899999936,337.28049300000004,184.50889900000013,1.0999932802,0.0001670271003,0,True,scenarios/size_scan_8unit__m08__k08__f04__v1p10__da2522401281a4c7a35e
size_scan_8unit,NAND2_X6M_A9TL40__signal_B,8,5,8,1.1,,467.08272900000003,399.61624099999983,345.70010799999994,191.22632000000053,1.0999945649,0.0001754204596,0,True,scenarios/size_scan_8unit__m08__k08__f05__v1p10__a7598406224ef2da3aa9
size_scan_8unit,NAND2_X6M_A9TL40__signal_B,8,6,8,1.1,,473.412265,400.1833699999997,355.0828310000001,196.790526,1.0999960927,0.0001856892614,0,True,scenarios/size_scan_8unit__m08__k08__f06__v1p10__cb7796566c40adf0ef87
size_scan_8unit,NAND2_X6M_A9TL40__signal_B,8,7,8,1.1,,480.068933,399.68631199999965,364.7262240000001,201.95012799999978,1.0999961482,0.0001895857587,0,True,scenarios/size_scan_8unit__m08__k08__f07__v1p10__cdbf82cfd6fe7409c131
size_scan_8unit,NAND2_X6M_A9TL40__signal_B,8,8,8,1.1,,486.7668839999999,400.17631000000006,373.30064100000004,210.21460199999996,1.0999972361,0.0002029038171,0,True,scenarios/size_scan_8unit__m08__k08__f08__v1p10__1d497041e79c4daa301d
size_scan_8unit,NAND2_X6M_A9TL40__signal_B,8,0,8,0.95,,567.4408859999999,523.994632,368.1002919999999,189.48368599999998,0.9499431068,0.0001363563063,0,True,scenarios/size_scan_8unit__m08__k08__f00__v0p95__492bc45220b6993dc8bc
size_scan_8unit,NAND2_X6M_A9TL40__signal_B,8,1,8,0.95,,572.4803770000001,525.083589,380.752298,195.19951799999953,0.9499284978,0.0001573810298,0,True,scenarios/size_scan_8unit__m08__k08__f01__v0p95__476db92307a1fab1c435
size_scan_8unit,NAND2_X6M_A9TL40__signal_B,8,2,8,0.95,,577.4044339999999,525.6552979999999,392.69975300000004,204.47588999999937,0.9499476613,0.0001765979789,0,True,scenarios/size_scan_8unit__m08__k08__f02__v0p95__05afd1236a2c87932e49
size_scan_8unit,NAND2_X6M_A9TL40__signal_B,8,3,8,0.95,,582.762452,526.2196939999997,402.31773099999987,211.62096799999983,0.9499239902,0.0001954557986,0,True,scenarios/size_scan_8unit__m08__k08__f03__v0p95__9bd61f730216338256b1
size_scan_8unit,NAND2_X6M_A9TL40__signal_B,8,4,8,0.95,,588.495837,526.1836499999998,413.909247,219.2505949999999,0.9499058254,0.0002136222523,0,True,scenarios/size_scan_8unit__m08__k08__f04__v0p95__d5f88180f5a4cda1ba65
size_scan_8unit,NAND2_X6M_A9TL40__signal_B,8,5,8,0.95,,594.529565,527.6474319999998,426.35389899999996,226.35361699999928,0.9499031591,0.0002363003818,0,True,scenarios/size_scan_8unit__m08__k08__f05__v0p95__bb7f1ecfe01188e92f77
size_scan_8unit,NAND2_X6M_A9TL40__signal_B,8,6,8,0.95,,600.77339,527.8931329999996,436.6163890000002,234.4013349999998,0.9498799185,0.0002568875622,0,True,scenarios/size_scan_8unit__m08__k08__f06__v0p95__e7c12d2dc243b7db3246
size_scan_8unit,NAND2_X6M_A9TL40__signal_B,8,7,8,0.95,,607.891519,528.851605,450.669886,243.01322500000057,0.9499709536,0.0002778134602,0,True,scenarios/size_scan_8unit__m08__k08__f07__v0p95__a0bd1c1ef653d4204f3b
size_scan_8unit,NAND2_X6M_A9TL40__signal_B,8,8,8,0.95,,615.6725359999999,529.1101729999998,463.21749399999993,249.5021819999997,0.9499556169,0.000303873366,0,True,scenarios/size_scan_8unit__m08__k08__f08__v0p95__5e5dd32c9fea64bdde27
size_scan_8unit,NAND2_X6M_A9TL40__signal_B,8,0,8,0.8,,833.7865189999999,801.7963129999994,496.924967,249.87612900000016,0.7943188935,0.0001505621896,0,True,scenarios/size_scan_8unit__m08__k08__f00__v0p80__8c15fc7d89054ad42a90
size_scan_8unit,NAND2_X6M_A9TL40__signal_B,8,1,8,0.8,,837.6585440000001,801.9510629999999,518.3470709999999,259.7914699999997,0.7931768118,0.0002200731499,0,True,scenarios/size_scan_8unit__m08__k08__f01__v0p80__af85c3a4d4de0bb78534
size_scan_8unit,NAND2_X6M_A9TL40__signal_B,8,2,8,0.8,,842.4591730000001,802.3634509999997,535.4848640000002,270.7646740000001,0.7916336479,0.0002926293776,0,True,scenarios/size_scan_8unit__m08__k08__f02__v0p80__12d224e3fa8f9ab21251
size_scan_8unit,NAND2_X6M_A9TL40__signal_B,8,3,8,0.8,,847.4994170000001,802.7682319999993,555.1775800000001,281.26487800000024,0.7905801093,0.000369825504,0,True,scenarios/size_scan_8unit__m08__k08__f03__v0p80__d5e5fad5e230105eb6f6
size_scan_8unit,NAND2_X6M_A9TL40__signal_B,8,4,8,0.8,,852.7298910000001,803.1662109999999,571.303624,292.108505,0.7891448692,0.0004479443098,0,True,scenarios/size_scan_8unit__m08__k08__f04__v0p80__2c02b54f7d3817a532d9
size_scan_8unit,NAND2_X6M_A9TL40__signal_B,8,5,8,0.8,,858.106121,803.5584979999998,591.037735,303.0714040000005,0.787717443,0.0005235063932,0,True,scenarios/size_scan_8unit__m08__k08__f05__v0p80__bbe92fd9f951708730e3
size_scan_8unit,NAND2_X6M_A9TL40__signal_B,8,6,8,0.8,,863.589499,803.9455419999998,608.962304,313.1080729999999,0.7862423552,0.0006207210109,0,True,scenarios/size_scan_8unit__m08__k08__f06__v0p80__972651b553138d48080f
size_scan_8unit,NAND2_X6M_A9TL40__signal_B,8,7,8,0.8,,869.147793,804.32818,626.5684739999998,326.3294439999998,0.7847755956,0.0007093115759,0,True,scenarios/size_scan_8unit__m08__k08__f07__v0p80__ec498917e338645438a7
size_scan_8unit,NAND2_X6M_A9TL40__signal_B,8,8,8,0.8,,875.3682579999999,806.7348189999996,641.4102589999999,335.1270899999995,0.7828249103,0.0007558776294,0,True,scenarios/size_scan_8unit__m08__k08__f08__v0p80__ffd4ceb50aa9cab0952c
size_scan_8unit,NOR2_X0P7B_A9TL40__signal_A,8,0,8,1.1,,316.34730899999994,323.76721699999956,27.460502000000073,17.07929499999997,1.0999994872,-2.126101902e-06,0,True,scenarios/size_scan_8unit__m08__k08__f00__v1p10__2f2d06085be0db75278c
size_scan_8unit,NOR2_X0P7B_A9TL40__signal_A,8,1,8,1.1,,317.22822800000006,324.2323749999993,30.123428999999927,18.06835200000031,1.0999950117,1.514086234e-06,0,True,scenarios/size_scan_8unit__m08__k08__f01__v1p10__d498b4f39832fa86a165
size_scan_8unit,NOR2_X0P7B_A9TL40__signal_A,8,2,8,1.1,,318.1086129999999,324.4292449999997,32.46421899999994,19.879679000000223,1.0999965685,1.625088595e-06,0,True,scenarios/size_scan_8unit__m08__k08__f02__v1p10__06cc043f0e308d32c28d
size_scan_8unit,NOR2_X0P7B_A9TL40__signal_A,8,3,8,1.1,,318.98160399999995,324.6487459999995,35.3125760000001,21.630001999999944,1.0999959714,2.836129311e-06,0,True,scenarios/size_scan_8unit__m08__k08__f03__v1p10__948f30e2b119b38de1c0
size_scan_8unit,NOR2_X0P7B_A9TL40__signal_A,8,4,8,1.1,,319.86002300000007,324.64233299999967,37.943134999999984,23.633838999999845,1.099995405,1.770187833e-06,0,True,scenarios/size_scan_8unit__m08__k08__f04__v1p10__b617f76e654fa725a89e
size_scan_8unit,NOR2_X0P7B_A9TL40__signal_A,8,5,8,1.1,,321.026151,325.1157110000001,40.70588700000002,25.116938000000143,1.0999949009,1.909670132e-06,0,True,scenarios/size_scan_8unit__m08__k08__f05__v1p10__a41db9a65e494c690f0a
size_scan_8unit,NOR2_X0P7B_A9TL40__signal_A,8,6,8,1.1,,322.1645269999999,325.3537659999998,43.95195799999999,26.879571999999637,1.0999951831,2.006159467e-06,0,True,scenarios/size_scan_8unit__m08__k08__f06__v1p10__45b296a00a31779570ef
size_scan_8unit,NOR2_X0P7B_A9TL40__signal_A,8,7,8,1.1,,323.25581500000004,325.5927219999999,46.345423999999994,28.62589499999974,1.0999952956,1.992737876e-06,0,True,scenarios/size_scan_8unit__m08__k08__f07__v1p10__fbeadf7d0f2eb4a9a0a6
size_scan_8unit,NOR2_X0P7B_A9TL40__signal_A,8,8,8,1.1,,324.28976699999987,325.8490389999998,48.43169299999992,30.340652999999953,1.099987464,1.84394407e-06,0,True,scenarios/size_scan_8unit__m08__k08__f08__v1p10__b2a42b929d69f7bfb1e3
size_scan_8unit,NOR2_X0P7B_A9TL40__signal_A,8,0,8,0.95,,417.09868199999994,439.70596099999983,33.818664,21.03631900000017,0.9499985429,1.135644487e-06,0,True,scenarios/size_scan_8unit__m08__k08__f00__v0p95__da9c9ed16d4c1c307504
size_scan_8unit,NOR2_X0P7B_A9TL40__signal_A,8,1,8,0.95,,417.99316699999997,439.4752219999999,37.73086400000012,22.587870000000255,0.9499982425,1.363801815e-06,0,True,scenarios/size_scan_8unit__m08__k08__f01__v0p95__c59b573cf12c999d7d97
size_scan_8unit,NOR2_X0P7B_A9TL40__signal_A,8,2,8,0.95,,419.03122300000007,440.08574999999934,41.06404599999993,24.27502700000062,0.9499984912,2.22654653e-06,0,True,scenarios/size_scan_8unit__m08__k08__f02__v0p95__6f80baf12d0aa05a4051
size_scan_8unit,NOR2_X0P7B_A9TL40__signal_A,8,3,8,0.95,,420.09622900000005,439.9479529999997,44.75103399999988,26.733157000000364,0.9499971262,6.583340435e-07,0,True,scenarios/size_scan_8unit__m08__k08__f03__v0p95__73d5455cd2b0d15a6489
size_scan_8unit,NOR2_X0P7B_A9TL40__signal_A,8,4,8,0.95,,421.14850000000007,440.05257299999965,48.07156400000012,28.38094299999994,0.949997417,-2.714696446e-06,0,True,scenarios/size_scan_8unit__m08__k08__f04__v0p95__544a584ba897c2beba3d
size_scan_8unit,NOR2_X0P7B_A9TL40__signal_A,8,5,8,0.95,,422.1806959999999,440.2621129999996,50.989848000000116,30.799414000000592,0.9499966488,3.423951111e-07,0,True,scenarios/size_scan_8unit__m08__k08__f05__v0p95__995def4783963c809ba2
size_scan_8unit,NOR2_X0P7B_A9TL40__signal_A,8,6,8,0.95,,423.1899159999999,440.6245199999995,53.611035999999885,32.95625299999993,0.9499977853,2.290201167e-06,0,True,scenarios/size_scan_8unit__m08__k08__f06__v0p95__771206392d55beab5614
size_scan_8unit,NOR2_X0P7B_A9TL40__signal_A,8,7,8,0.95,,424.18231899999995,441.1727309999997,56.816167000000085,35.1156719999996,0.9499972299,2.070661101e-06,0,True,scenarios/size_scan_8unit__m08__k08__f07__v0p95__2ab6e84f62e1264e8344
size_scan_8unit,NOR2_X0P7B_A9TL40__signal_A,8,8,8,0.95,,425.31954699999994,441.3815219999996,59.95291499999984,37.09908199999972,0.949995963,7.166589392e-06,0,True,scenarios/size_scan_8unit__m08__k08__f08__v0p95__647697db0df713ad7302
size_scan_8unit,NOR2_X0P7B_A9TL40__signal_A,8,0,8,0.8,,633.7635829999999,691.0279519999995,48.1965019999999,29.35698699999999,0.7999984045,3.249013193e-07,0,True,scenarios/size_scan_8unit__m08__k08__f00__v0p80__f19c56b567fae94baecc
size_scan_8unit,NOR2_X0P7B_A9TL40__signal_A,8,1,8,0.8,,634.9817620000001,691.774879,53.29126600000002,31.0124240000005,0.799996357,1.23936167e-06,0,True,scenarios/size_scan_8unit__m08__k08__f01__v0p80__3e88a30bfdf520984ff5
size_scan_8unit,NOR2_X0P7B_A9TL40__signal_A,8,2,8,0.8,,636.2712000000001,691.5747169999999,58.30127999999981,33.20847999999998,0.7999962824,6.538084602e-06,0,True,scenarios/size_scan_8unit__m08__k08__f02__v0p80__bcec46cb6c3221b50a9b
size_scan_8unit,NOR2_X0P7B_A9TL40__signal_A,8,3,8,0.8,,637.5682380000001,691.7800699999996,62.723223000000075,36.42580399999931,0.7999961101,4.126115285e-06,0,True,scenarios/size_scan_8unit__m08__k08__f03__v0p80__be09a314cedfc40ea5d2
size_scan_8unit,NOR2_X0P7B_A9TL40__signal_A,8,4,8,0.8,,638.884378,691.9865319999993,67.74428699999986,39.57132100000034,0.7999960299,-2.426872501e-06,0,True,scenarios/size_scan_8unit__m08__k08__f04__v0p80__cf1669e17741cb027773
size_scan_8unit,NOR2_X0P7B_A9TL40__signal_A,8,5,8,0.8,,640.2245500000001,692.1937219999994,72.32078900000008,42.87350600000023,0.79999697,8.69673359e-06,0,True,scenarios/size_scan_8unit__m08__k08__f05__v0p80__d82ac12182f6c3101a3f
size_scan_8unit,NOR2_X0P7B_A9TL40__signal_A,8,6,8,0.8,,641.5895690000001,692.4006839999993,76.59395000000006,46.03860900000046,0.79998896,9.328508909e-06,0,True,scenarios/size_scan_8unit__m08__k08__f06__v0p80__0a4d8db59e1eddfb54a3
size_scan_8unit,NOR2_X0P7B_A9TL40__signal_A,8,7,8,0.8,,642.9798840000001,692.7272819999997,80.70797300000011,49.16519499999994,0.7999958977,2.017181022e-06,0,True,scenarios/size_scan_8unit__m08__k08__f07__v0p80__40f64a172e1d0a821d5f
size_scan_8unit,NOR2_X0P7B_A9TL40__signal_A,8,8,8,0.8,,644.3051300000001,692.9386489999993,84.62221600000005,52.082673000000234,0.7999963005,2.748439623e-06,0,True,scenarios/size_scan_8unit__m08__k08__f08__v0p80__0634a6394aced384c360
size_scan_8unit,NOR2_X0P7B_A9TL40__signal_B,8,0,8,1.1,,322.46105400000005,325.5314059999995,36.12827499999982,23.131700000000233,1.099934717,2.08499718e-06,0,True,scenarios/size_scan_8unit__m08__k08__f00__v1p10__49c7dabb2caaf3d0ae56
size_scan_8unit,NOR2_X0P7B_A9TL40__signal_B,8,1,8,1.1,,322.56952,325.047224,36.57714900000007,23.348254000000377,1.0999362348,-1.067019561e-06,0,True,scenarios/size_scan_8unit__m08__k08__f01__v1p10__a5c9d7df784135e3a359
size_scan_8unit,NOR2_X0P7B_A9TL40__signal_B,8,2,8,1.1,,322.679572,325.2884559999998,38.0776519999999,24.200054999999914,1.099937053,4.454990244e-06,0,True,scenarios/size_scan_8unit__m08__k08__f02__v1p10__7658c6aee914da454bda
size_scan_8unit,NOR2_X0P7B_A9TL40__signal_B,8,3,8,1.1,,322.79113699999994,325.3325769999996,39.463667999999906,24.95493799999979,1.099939011,5.121225714e-06,0,True,scenarios/size_scan_8unit__m08__k08__f03__v1p10__02a7b328ed990997fcf8
size_scan_8unit,NOR2_X0P7B_A9TL40__signal_B,8,4,8,1.1,,322.9040309999999,325.38882600000005,40.76513899999997,25.753625999999485,1.099937264,4.439330727e-06,0,True,scenarios/size_scan_8unit__m08__k08__f04__v1p10__df4064e7ad8ad6a824bb
size_scan_8unit,NOR2_X0P7B_A9TL40__signal_B,8,5,8,1.1,,323.0180909999999,325.44593499999974,41.99864399999998,26.677747000000235,1.0999382444,3.224960552e-06,0,True,scenarios/size_scan_8unit__m08__k08__f05__v1p10__1818a2f7dbb998a7d678
size_scan_8unit,NOR2_X0P7B_A9TL40__signal_B,8,6,8,1.1,,323.13313300000004,325.5039449999999,43.17995500000016,27.559699999999754,1.099938761,4.705033604e-06,0,True,scenarios/size_scan_8unit__m08__k08__f06__v1p10__780514a8a6c96421342c
size_scan_8unit,NOR2_X0P7B_A9TL40__signal_B,8,7,8,1.1,,323.249036,325.5628969999999,44.3227939999999,28.416917999999413,1.0999387088,5.662004411e-06,0,True,scenarios/size_scan_8unit__m08__k08__f07__v1p10__c45555fee22da4f8e1b2
size_scan_8unit,NOR2_X0P7B_A9TL40__signal_B,8,8,8,1.1,,323.365653,325.62283199999945,45.44264700000019,29.260445000000182,1.0999412096,7.67863872e-06,0,True,scenarios/size_scan_8unit__m08__k08__f08__v1p10__2f85578dabcb1260c04e
size_scan_8unit,NOR2_X0P7B_A9TL40__signal_B,8,0,8,0.95,,424.15861299999995,441.2873629999997,44.106711999999874,27.567810999999843,0.9499344309,1.737832897e-06,0,True,scenarios/size_scan_8unit__m08__k08__f00__v0p95__066406ec71c83a06528e
size_scan_8unit,NOR2_X0P7B_A9TL40__signal_B,8,1,8,0.95,,424.2437499999999,440.8192249999995,44.58508299999998,28.23083800000015,0.9499312817,1.640351123e-06,0,True,scenarios/size_scan_8unit__m08__k08__f01__v0p95__d6ec699448cd48cbd80e
size_scan_8unit,NOR2_X0P7B_A9TL40__signal_B,8,2,8,0.95,,424.32860500000004,440.6307449999994,46.55904600000002,28.967128000000105,0.9499301704,2.087025478e-06,0,True,scenarios/size_scan_8unit__m08__k08__f02__v0p95__f4dcf916298fadf19d64
size_scan_8unit,NOR2_X0P7B_A9TL40__signal_B,8,3,8,0.95,,424.4131719999999,440.66560499999963,48.26336000000008,29.95193,0.9499273677,2.533800713e-06,0,True,scenarios/size_scan_8unit__m08__k08__f03__v0p95__2384044efc1796049ba2
size_scan_8unit,NOR2_X0P7B_A9TL40__signal_B,8,4,8,0.95,,424.49744599999997,440.7009559999995,49.83311499999994,30.93885300000039,0.949923939,2.897947625e-06,0,True,scenarios/size_scan_8unit__m08__k08__f04__v0p95__a70ca47609ca8a30adf5
size_scan_8unit,NOR2_X0P7B_A9TL40__signal_B,8,5,8,0.95,,424.5814240000001,440.73692599999987,51.59536100000006,32.02508299999956,0.9499212768,4.418862402e-06,0,True,scenarios/size_scan_8unit__m08__k08__f05__v0p95__a3e1efbd63dfef336ddb
size_scan_8unit,NOR2_X0P7B_A9TL40__signal_B,8,6,8,0.95,,424.66510199999993,440.7735559999995,53.30200300000006,33.18727499999992,0.9499202974,4.541047815e-06,0,True,scenarios/size_scan_8unit__m08__k08__f06__v0p95__da3407f8086cee68e30c
size_scan_8unit,NOR2_X0P7B_A9TL40__signal_B,8,7,8,0.95,,424.7484800000001,440.81085800000005,54.94072500000004,34.32928299999954,0.94991832,4.445245986e-06,0,True,scenarios/size_scan_8unit__m08__k08__f07__v0p95__f26401097004d6107cdf
size_scan_8unit,NOR2_X0P7B_A9TL40__signal_B,8,8,8,0.95,,424.831557,440.8488769999993,56.561006000000035,35.49480099999987,0.9499172811,3.459416015e-06,0,True,scenarios/size_scan_8unit__m08__k08__f08__v0p95__8f62e27457fb9e57d8b8
size_scan_8unit,NOR2_X0P7B_A9TL40__signal_B,8,0,8,0.8,,642.714672,693.1540499999994,59.659709999999926,37.55247299999981,0.7999308805,1.285962296e-06,0,True,scenarios/size_scan_8unit__m08__k08__f00__v0p80__967f7a1ce7dcbd916c0f
size_scan_8unit,NOR2_X0P7B_A9TL40__signal_B,8,1,8,0.8,,642.846763,693.1192950000001,61.369739999999844,37.6530839999996,0.7999201687,1.731224231e-06,0,True,scenarios/size_scan_8unit__m08__k08__f01__v0p80__4941445c3dc63d722290
size_scan_8unit,NOR2_X0P7B_A9TL40__signal_B,8,2,8,0.8,,642.976264,693.1146819999999,63.69187499999999,39.00016000000027,0.799909397,1.210779943e-06,0,True,scenarios/size_scan_8unit__m08__k08__f02__v0p80__d701f1a678c7da799b64
size_scan_8unit,NOR2_X0P7B_A9TL40__signal_B,8,3,8,0.8,,643.103452,693.1777849999999,66.13674300000014,40.18401099999977,0.7998985477,1.7515431e-06,0,True,scenarios/size_scan_8unit__m08__k08__f03__v0p80__6ea68a68ce81b4bce768
size_scan_8unit,NOR2_X0P7B_A9TL40__signal_B,8,4,8,0.8,,643.2284539999999,693.0900839999998,68.80492700000002,41.84035299999966,0.7998888125,9.871276373e-07,0,True,scenarios/size_scan_8unit__m08__k08__f04__v0p80__3c019aadf5b5178530ba
size_scan_8unit,NOR2_X0P7B_A9TL40__signal_B,8,5,8,0.8,,643.3513879999999,693.0852089999995,71.28842000000006,43.356066000000034,0.7998798612,1.11040311e-06,0,True,scenarios/size_scan_8unit__m08__k08__f05__v0p80__beed2a6a4ee713a3ba1e
size_scan_8unit,NOR2_X0P7B_A9TL40__signal_B,8,6,8,0.8,,643.47236,693.0803259999997,73.64741999999993,44.91530399999981,0.7998687856,1.505711438e-06,0,True,scenarios/size_scan_8unit__m08__k08__f06__v0p80__022ed27914c562050651
size_scan_8unit,NOR2_X0P7B_A9TL40__signal_B,8,7,8,0.8,,643.5914690000001,693.075539,75.9409219999999,46.526342000000376,0.7998587418,2.535816691e-06,0,True,scenarios/size_scan_8unit__m08__k08__f07__v0p80__b04ad6497187a1cabb93
size_scan_8unit,NOR2_X0P7B_A9TL40__signal_B,8,8,8,0.8,,643.7088070000001,693.0707629999997,78.46509899999998,48.199289999999834,0.7998502516,1.198179917e-06,0,True,scenarios/size_scan_8unit__m08__k08__f08__v0p80__a6f6212d5b0cbcb07346
size_scan_8unit,NOR2_X1A_A9TL40__signal_A,8,0,8,1.1,,320.4970880000001,326.91628499999945,38.65162899999994,22.194542999999893,1.0999970204,1.415223964e-06,0,True,scenarios/size_scan_8unit__m08__k08__f00__v1p10__ce415bc107c1144908e5
size_scan_8unit,NOR2_X1A_A9TL40__signal_A,8,1,8,1.1,,321.663765,327.341379,41.11678599999995,23.3704199999999,1.0999961149,3.001638366e-06,0,True,scenarios/size_scan_8unit__m08__k08__f01__v1p10__6ce23f7e28fc15b68b94
size_scan_8unit,NOR2_X1A_A9TL40__signal_A,8,2,8,1.1,,322.9281919999999,327.40107099999966,44.07990899999999,25.697129000000118,1.0999956687,1.505481066e-06,0,True,scenarios/size_scan_8unit__m08__k08__f02__v1p10__8f5e257b91b276cb60ee
size_scan_8unit,NOR2_X1A_A9TL40__signal_A,8,3,8,1.1,,324.21513099999993,328.211178,47.09166499999996,27.747812000000295,1.0999956246,2.4705135e-06,0,True,scenarios/size_scan_8unit__m08__k08__f03__v1p10__ddc110153a12f06c42b0
size_scan_8unit,NOR2_X1A_A9TL40__signal_A,8,4,8,1.1,,325.46789899999993,328.42116599999986,50.02197300000012,30.130528999999708,1.0999949597,2.812073199e-06,0,True,scenarios/size_scan_8unit__m08__k08__f04__v1p10__3dcc755f0eeacb80129b
size_scan_8unit,NOR2_X1A_A9TL40__signal_A,8,5,8,1.1,,326.6736909999999,328.2223399999996,53.956178999999885,32.41158500000064,1.0999927161,-3.323226374e-06,0,True,scenarios/size_scan_8unit__m08__k08__f05__v1p10__04cd1f092e39f041aec2
size_scan_8unit,NOR2_X1A_A9TL40__signal_A,8,6,8,1.1,,327.99443400000007,328.8462089999995,56.043613000000136,34.38676199999985,1.099993623,3.436923145e-06,0,True,scenarios/size_scan_8unit__m08__k08__f06__v1p10__2d99be8c6f61af914cb6
size_scan_8unit,NOR2_X1A_A9TL40__signal_A,8,7,8,1.1,,329.6090689999999,329.0594719999999,59.231428000000086,36.58826200000017,1.0999970148,2.205960697e-06,0,True,scenarios/size_scan_8unit__m08__k08__f07__v1p10__a4fa4e4a5cc2da1931ca
size_scan_8unit,NOR2_X1A_A9TL40__signal_A,8,8,8,1.1,,331.2772570000001,329.27232099999975,62.21312199999986,38.59365399999966,1.0999982333,1.174033668e-05,0,True,scenarios/size_scan_8unit__m08__k08__f08__v1p10__4c7ad788565ed2de95f1
size_scan_8unit,NOR2_X1A_A9TL40__signal_A,8,0,8,0.95,,422.226899,443.7528989999994,47.09164400000014,27.71677399999963,0.9499980147,1.29786462e-06,0,True,scenarios/size_scan_8unit__m08__k08__f00__v0p95__3733633e4a9bea3e63d4
size_scan_8unit,NOR2_X1A_A9TL40__signal_A,8,1,8,0.95,,423.35254299999997,443.5831809999997,51.26284599999999,28.792135999999278,0.9499979851,1.521024383e-06,0,True,scenarios/size_scan_8unit__m08__k08__f01__v0p95__8daedbe62f9e89c42620
size_scan_8unit,NOR2_X1A_A9TL40__signal_A,8,2,8,0.95,,424.459583,444.2760179999994,54.99451899999996,31.137122000000247,0.9499979012,1.190213886e-06,0,True,scenarios/size_scan_8unit__m08__k08__f02__v0p95__71ccb11604b890b02c2e
size_scan_8unit,NOR2_X1A_A9TL40__signal_A,8,3,8,0.95,,425.647954,444.4711459999996,58.589301999999975,33.72826099999989,0.9499971794,1.202828192e-06,0,True,scenarios/size_scan_8unit__m08__k08__f03__v0p95__ee211c4ecc348b361fad
size_scan_8unit,NOR2_X1A_A9TL40__signal_A,8,4,8,0.95,,427.1292429999999,444.66731399999946,62.57739500000009,36.239159000000114,0.9499967412,1.624504387e-06,0,True,scenarios/size_scan_8unit__m08__k08__f04__v0p95__f555f0a4ae77fcbb1981
size_scan_8unit,NOR2_X1A_A9TL40__signal_A,8,5,8,0.95,,428.650851,444.8642300000001,66.19146000000005,39.07373699999962,0.9499965387,1.846794676e-06,0,True,scenarios/size_scan_8unit__m08__k08__f05__v0p95__417d547af987a19d94a8
size_scan_8unit,NOR2_X1A_A9TL40__signal_A,8,6,8,0.95,,430.1942629999999,445.06165799999934,69.76339800000014,41.82804199999989,0.949996252,2.033814145e-06,0,True,scenarios/size_scan_8unit__m08__k08__f06__v0p95__22cc9c0531b519a80dba
size_scan_8unit,NOR2_X1A_A9TL40__signal_A,8,7,8,0.95,,431.73373900000007,445.2593659999999,73.26508499999981,44.4563039999999,0.9499960555,2.851803114e-06,0,True,scenarios/size_scan_8unit__m08__k08__f07__v0p95__e8f4d8b77268acce9a77
size_scan_8unit,NOR2_X1A_A9TL40__signal_A,8,8,8,0.95,,433.2553909999999,445.4570999999993,76.70039099999998,46.83255300000037,0.949996865,1.231860484e-06,0,True,scenarios/size_scan_8unit__m08__k08__f08__v0p95__10dfdfe09ad1703072c2
size_scan_8unit,NOR2_X1A_A9TL40__signal_A,8,0,8,0.8,,641.045529,696.1474099999998,66.1127150000001,37.587333,0.7999974791,1.597303449e-06,0,True,scenarios/size_scan_8unit__m08__k08__f00__v0p80__c531b5a4214dc87ff23b
size_scan_8unit,NOR2_X1A_A9TL40__signal_A,8,1,8,0.8,,642.360566,696.8284379999993,73.568143,40.132012000000714,0.7999979426,6.259512147e-07,0,True,scenarios/size_scan_8unit__m08__k08__f01__v0p80__71357975e2d0f34fe57a
size_scan_8unit,NOR2_X1A_A9TL40__signal_A,8,2,8,0.8,,643.682804,696.9917529999999,77.79214699999982,42.671948000000135,0.7999977021,1.31999197e-06,0,True,scenarios/size_scan_8unit__m08__k08__f02__v0p80__88d56bca2a04865b8b58
size_scan_8unit,NOR2_X1A_A9TL40__signal_A,8,3,8,0.8,,645.0108379999999,697.3016080000001,82.56037500000009,45.19050200000038,0.7999966671,4.83809287e-06,0,True,scenarios/size_scan_8unit__m08__k08__f03__v0p80__527824379e1092570a49
size_scan_8unit,NOR2_X1A_A9TL40__signal_A,8,4,8,0.8,,646.3436469999999,697.499085,88.06566300000003,48.85846000000035,0.7999965075,1.053466048e-06,0,True,scenarios/size_scan_8unit__m08__k08__f04__v0p80__21d7c05f824626137dab
size_scan_8unit,NOR2_X1A_A9TL40__signal_A,8,5,8,0.8,,647.680424,697.7003509999996,93.23241000000009,53.399864999999544,0.7999966102,4.006760377e-06,0,True,scenarios/size_scan_8unit__m08__k08__f05__v0p80__4de6ff1e3575ccee37b1
size_scan_8unit,NOR2_X1A_A9TL40__signal_A,8,6,8,0.8,,649.0206169999999,697.9049809999998,98.28425500000003,57.69006200000019,0.7999963814,1.082134558e-06,0,True,scenarios/size_scan_8unit__m08__k08__f06__v0p80__46bab3d452c44ef0bb39
size_scan_8unit,NOR2_X1A_A9TL40__signal_A,8,7,8,0.8,,650.258611,698.1126509999996,103.490381,61.5949220000007,0.7999965995,1.317550005e-06,0,True,scenarios/size_scan_8unit__m08__k08__f07__v0p80__20059c5478a3eb921861
size_scan_8unit,NOR2_X1A_A9TL40__signal_A,8,8,8,0.8,,651.885854,698.1890339999999,109.25600899999996,65.36839700000044,0.7999993997,2.521695358e-06,0,True,scenarios/size_scan_8unit__m08__k08__f08__v0p80__3f1580ebb24f05e00c09
size_scan_8unit,NOR2_X1A_A9TL40__signal_B,8,0,8,1.1,,326.669948,328.4187739999995,47.03190899999987,28.43348700000008,1.0999352577,2.012352688e-06,0,True,scenarios/size_scan_8unit__m08__k08__f00__v1p10__a1af81ee9f6d9df1d67a
size_scan_8unit,NOR2_X1A_A9TL40__signal_B,8,1,8,1.1,,326.90683499999994,328.5643009999994,48.15401200000005,29.543406000000203,1.0999379855,-6.390143479e-07,0,True,scenarios/size_scan_8unit__m08__k08__f01__v1p10__8d1328a5e2ad18817ccd
size_scan_8unit,NOR2_X1A_A9TL40__signal_B,8,2,8,1.1,,327.14074600000004,328.8379310000001,49.834294000000085,30.323972000000772,1.099937873,2.849912057e-06,0,True,scenarios/size_scan_8unit__m08__k08__f02__v1p10__a7e03b10cec3e5297737
size_scan_8unit,NOR2_X1A_A9TL40__signal_B,8,3,8,1.1,,327.3727150000001,328.6739499999995,51.471776000000126,31.356128999999964,1.0999375198,-7.054406093e-07,0,True,scenarios/size_scan_8unit__m08__k08__f03__v1p10__0ed6a441ab599c1e0c2c
size_scan_8unit,NOR2_X1A_A9TL40__signal_B,8,4,8,1.1,,327.60278399999993,328.7338349999998,53.07913799999999,32.326360999999686,1.0999369942,1.813318689e-06,0,True,scenarios/size_scan_8unit__m08__k08__f04__v1p10__af1430a46df27828a9e7
size_scan_8unit,NOR2_X1A_A9TL40__signal_B,8,5,8,1.1,,327.83102599999995,329.0325899999998,54.66484500000007,33.67444600000035,1.0999362003,2.711756434e-06,0,True,scenarios/size_scan_8unit__m08__k08__f05__v1p10__8ef795ebd4b158e2b3cc
size_scan_8unit,NOR2_X1A_A9TL40__signal_B,8,6,8,1.1,,328.05752299999995,329.2699679999994,56.23477200000016,34.97835300000015,1.0999364412,3.763978276e-06,0,True,scenarios/size_scan_8unit__m08__k08__f06__v1p10__a610f15ae7cb41c3995b
size_scan_8unit,NOR2_X1A_A9TL40__signal_B,8,7,8,1.1,,328.331535,328.9303629999996,57.79024400000008,36.12097000000047,1.0999372598,1.296862479e-05,0,True,scenarios/size_scan_8unit__m08__k08__f07__v1p10__e942e96dd998808f8cd9
size_scan_8unit,NOR2_X1A_A9TL40__signal_B,8,8,8,1.1,,328.64720499999993,329.00302700000003,59.316148000000084,37.29674500000014,1.0999362755,1.530094996e-05,0,True,scenarios/size_scan_8unit__m08__k08__f08__v1p10__30612c7ebe73c770d098
size_scan_8unit,NOR2_X1A_A9TL40__signal_B,8,0,8,0.95,,429.3685000000001,445.15779000000003,56.79228099999993,34.02537399999976,0.9499386293,1.456416207e-06,0,True,scenarios/size_scan_8unit__m08__k08__f00__v0p95__806179fc440cf73e5fbb
size_scan_8unit,NOR2_X1A_A9TL40__signal_B,8,1,8,0.95,,429.57330300000007,444.50953599999957,58.659613999999976,35.033056999999985,0.9499338748,-6.44114451e-07,0,True,scenarios/size_scan_8unit__m08__k08__f01__v0p95__87141e31219125ca72e9
size_scan_8unit,NOR2_X1A_A9TL40__signal_B,8,2,8,0.95,,429.82711699999993,444.53537099999977,60.71687400000007,36.24041200000013,0.9499314278,6.765321676e-08,0,True,scenarios/size_scan_8unit__m08__k08__f02__v0p95__cea67481783101cdc79b
size_scan_8unit,NOR2_X1A_A9TL40__signal_B,8,3,8,0.95,,430.0879250000001,444.56239899999935,62.85205400000006,37.4938560000001,0.9499291887,1.978587005e-06,0,True,scenarios/size_scan_8unit__m08__k08__f03__v0p95__6e97ed3995aafe63ba4f
size_scan_8unit,NOR2_X1A_A9TL40__signal_B,8,4,8,0.95,,430.35542799999996,444.590654,64.96480300000006,38.80345299999939,0.9499253383,2.049214341e-06,0,True,scenarios/size_scan_8unit__m08__k08__f04__v0p95__5381c63eddf378ef075f
size_scan_8unit,NOR2_X1A_A9TL40__signal_B,8,5,8,0.95,,430.6293340000001,444.62015999999954,66.96522499999995,40.36192699999931,0.9499229045,2.049025024e-06,0,True,scenarios/size_scan_8unit__m08__k08__f05__v0p95__b5c4647321e5f128fa03
size_scan_8unit,NOR2_X1A_A9TL40__signal_B,8,6,8,0.95,,430.9093639999999,444.84732399999956,69.09961000000001,42.23893100000019,0.9499201754,5.285389179e-06,0,True,scenarios/size_scan_8unit__m08__k08__f06__v0p95__acccbd141f00d57aff17
size_scan_8unit,NOR2_X1A_A9TL40__signal_B,8,7,8,0.95,,431.195251,444.92067000000003,71.08414400000015,43.723285999999305,0.9499187114,3.465390697e-06,0,True,scenarios/size_scan_8unit__m08__k08__f07__v0p95__9bf248fa9de0ed9bee19
size_scan_8unit,NOR2_X1A_A9TL40__signal_B,8,8,8,0.95,,431.48673899999994,444.7167070000001,73.09061000000003,45.312897999999926,0.9499165185,2.387835443e-06,0,True,scenarios/size_scan_8unit__m08__k08__f08__v0p95__084140393ffef9332bab
size_scan_8unit,NOR2_X1A_A9TL40__signal_B,8,0,8,0.8,,649.422659,698.6118259999994,78.18312800000002,45.0603939999999,0.7999333483,1.347068352e-06,0,True,scenarios/size_scan_8unit__m08__k08__f00__v0p80__731119979e440728e5e5
size_scan_8unit,NOR2_X1A_A9TL40__signal_B,8,1,8,0.8,,649.5906640000001,698.5358549999994,80.31833799999994,46.18378599999947,0.7999225655,1.0219882e-06,0,True,scenarios/size_scan_8unit__m08__k08__f01__v0p80__220e4e27f650e205b304
size_scan_8unit,NOR2_X1A_A9TL40__signal_B,8,2,8,0.8,,649.754584,699.0202309999996,83.559592,47.79787699999981,0.7999103003,1.529924233e-06,0,True,scenarios/size_scan_8unit__m08__k08__f02__v0p80__38bf715d50428f61acb4
size_scan_8unit,NOR2_X1A_A9TL40__signal_B,8,3,8,0.8,,649.914756,698.5512499999994,86.99681200000016,49.216907999999336,0.7998997256,1.475878981e-06,0,True,scenarios/size_scan_8unit__m08__k08__f03__v0p80__f7e02a79cfb381fc31ed
size_scan_8unit,NOR2_X1A_A9TL40__signal_B,8,4,8,0.8,,650.071477,698.5370059999999,90.2175640000002,51.05513099999978,0.7998884039,1.480630115e-06,0,True,scenarios/size_scan_8unit__m08__k08__f04__v0p80__32cc3bc286a46d7c0618
size_scan_8unit,NOR2_X1A_A9TL40__signal_B,8,5,8,0.8,,650.225018,698.5226909999997,93.33156199999993,53.445904000000176,0.7998770294,1.296364675e-06,0,True,scenarios/size_scan_8unit__m08__k08__f05__v0p80__350de2e8e10c7326bdd9
size_scan_8unit,NOR2_X1A_A9TL40__signal_B,8,6,8,0.8,,650.3756199999999,698.5082989999996,96.390415,55.88709299999999,0.799866178,7.865438529e-07,0,True,scenarios/size_scan_8unit__m08__k08__f06__v0p80__d965896b8d7da07b36d3
size_scan_8unit,NOR2_X1A_A9TL40__signal_B,8,7,8,0.8,,650.536281,698.5498599999996,99.44435100000011,58.43403299999976,0.7998541519,1.934458669e-06,0,True,scenarios/size_scan_8unit__m08__k08__f07__v0p80__0cb77af73a0bdcb6aab9
size_scan_8unit,NOR2_X1A_A9TL40__signal_B,8,8,8,0.8,,650.7420339999999,698.2140179999997,102.5555969999999,60.89601099999961,0.799842151,2.500024385e-06,0,True,scenarios/size_scan_8unit__m08__k08__f08__v0p80__e8017a54bfcd43a2a84b
size_scan_8unit,NOR2_X1P4A_A9TL40__signal_A,8,0,8,1.1,,327.10678199999995,331.9515669999996,55.36836299999995,30.152973000000177,1.0999979685,1.812128349e-06,0,True,scenarios/size_scan_8unit__m08__k08__f00__v1p10__2795bab32c31f0b14ea3
size_scan_8unit,NOR2_X1P4A_A9TL40__signal_A,8,1,8,1.1,,328.79399199999995,332.43549999999993,58.478747000000176,33.397812000000584,1.0999973311,9.08596892e-07,0,True,scenarios/size_scan_8unit__m08__k08__f01__v1p10__09fbe459d938417257d6
size_scan_8unit,NOR2_X1P4A_A9TL40__signal_A,8,2,8,1.1,,330.71112700000003,332.4784219999995,63.671800000000005,35.83046499999976,1.0999958435,1.554047639e-06,0,True,scenarios/size_scan_8unit__m08__k08__f02__v1p10__080502720c63a3c56b4f
size_scan_8unit,NOR2_X1P4A_A9TL40__signal_A,8,3,8,1.1,,332.8023089999999,332.80014499999965,67.68205299999998,39.11818100000048,1.0999947937,1.642896305e-06,0,True,scenarios/size_scan_8unit__m08__k08__f03__v1p10__a3d8072ce201a3c8ef1a
size_scan_8unit,NOR2_X1P4A_A9TL40__signal_A,8,4,8,1.1,,335.06410900000003,333.1440509999993,71.33226100000009,42.17760000000001,1.0999948647,4.116499731e-06,0,True,scenarios/size_scan_8unit__m08__k08__f04__v1p10__db481fd1f1819d762266
size_scan_8unit,NOR2_X1P4A_A9TL40__signal_A,8,5,8,1.1,,337.3955040000001,333.6880659999996,75.26544499999996,45.150875000000276,1.0999949276,1.753853517e-06,0,True,scenarios/size_scan_8unit__m08__k08__f05__v1p10__ca242b3aacdb674e32d6
size_scan_8unit,NOR2_X1P4A_A9TL40__signal_A,8,6,8,1.1,,339.7814140000001,333.8082979999997,80.1003280000001,47.751653999999846,1.0999975505,1.834675598e-06,0,True,scenarios/size_scan_8unit__m08__k08__f06__v1p10__2f24fab92a034a358622
size_scan_8unit,NOR2_X1P4A_A9TL40__signal_A,8,7,8,1.1,,342.2833310000001,334.1487339999994,84.112367,50.41685500000007,1.1000028396,1.456026468e-06,0,True,scenarios/size_scan_8unit__m08__k08__f07__v1p10__c3cae0206586aa4a18d3
size_scan_8unit,NOR2_X1P4A_A9TL40__signal_A,8,8,8,1.1,,345.06528799999995,334.4875049999997,88.09575099999996,53.57476499999988,1.099999352,2.084726469e-06,0,True,scenarios/size_scan_8unit__m08__k08__f08__v1p10__2a267d0752e43dab8362
size_scan_8unit,NOR2_X1P4A_A9TL40__signal_A,8,0,8,0.95,,430.5071510000001,449.22675199999935,67.9804760000001,37.733163000000495,0.9499984399,1.130660421e-06,0,True,scenarios/size_scan_8unit__m08__k08__f00__v0p95__e6bbbcc16895f1bfc6a5
size_scan_8unit,NOR2_X1P4A_A9TL40__signal_A,8,1,8,0.95,,432.3735220000001,449.21975099999946,72.83932099999994,40.18601899999995,0.9499978658,1.084184519e-06,0,True,scenarios/size_scan_8unit__m08__k08__f01__v0p95__751d62ca5a241b4301cc
size_scan_8unit,NOR2_X1P4A_A9TL40__signal_A,8,2,8,0.95,,434.39157600000004,449.51920899999936,78.37796399999988,43.18396300000015,0.949997065,2.18122168e-06,0,True,scenarios/size_scan_8unit__m08__k08__f02__v0p95__6b30d50a9f273b562e15
size_scan_8unit,NOR2_X1P4A_A9TL40__signal_A,8,3,8,0.95,,436.359069,449.83034699999996,82.88624699999991,47.308849999999545,0.9499975069,2.399390479e-06,0,True,scenarios/size_scan_8unit__m08__k08__f03__v0p95__39fb873cf0c723085586
size_scan_8unit,NOR2_X1P4A_A9TL40__signal_A,8,4,8,0.95,,438.17001600000003,450.00991599999963,88.25908199999999,51.32682699999977,0.9499974219,3.178595484e-06,0,True,scenarios/size_scan_8unit__m08__k08__f04__v0p95__d74b52b7c813ff059fb6
size_scan_8unit,NOR2_X1P4A_A9TL40__signal_A,8,5,8,0.95,,440.55282700000004,450.3388379999994,93.62801700000006,54.885255000000065,0.9499972033,2.698484653e-06,0,True,scenarios/size_scan_8unit__m08__k08__f05__v0p95__c3c9f40cf441f9b2b3c2
size_scan_8unit,NOR2_X1P4A_A9TL40__signal_A,8,6,8,0.95,,443.1527569999999,450.80863799999946,98.35793000000015,58.28271500000013,0.9499949777,2.777229679e-06,0,True,scenarios/size_scan_8unit__m08__k08__f06__v0p95__11c71023400db7a8dc7d
size_scan_8unit,NOR2_X1P4A_A9TL40__signal_A,8,7,8,0.95,,445.6892499999999,451.0087389999997,103.85052199999994,61.80465500000051,0.9499932558,1.584200301e-06,0,True,scenarios/size_scan_8unit__m08__k08__f07__v0p95__f14c96131ff042c6ebff
size_scan_8unit,NOR2_X1P4A_A9TL40__signal_A,8,8,8,0.95,,448.14704499999993,451.34707499999956,108.97253800000014,64.98602500000018,0.9499946193,2.763860308e-07,0,True,scenarios/size_scan_8unit__m08__k08__f08__v0p95__c72a557b3f7aac763cf7
size_scan_8unit,NOR2_X1P4A_A9TL40__signal_A,8,0,8,0.8,,652.155154,704.1631369999997,94.57325099999996,51.099864999999255,0.7999983534,4.016604743e-07,0,True,scenarios/size_scan_8unit__m08__k08__f00__v0p80__a974121c0cf838b3a06e
size_scan_8unit,NOR2_X1P4A_A9TL40__signal_A,8,1,8,0.8,,654.2725519999999,704.571005,101.66468499999992,55.22507099999993,0.7999985811,-3.770607258e-08,0,True,scenarios/size_scan_8unit__m08__k08__f01__v0p80__37a4d968c1d26f33ea27
size_scan_8unit,NOR2_X1P4A_A9TL40__signal_A,8,2,8,0.8,,656.539776,704.9020269999996,109.38716900000004,59.69236099999973,0.7999979194,2.379259172e-06,0,True,scenarios/size_scan_8unit__m08__k08__f02__v0p80__780510e20464d902e2bd
size_scan_8unit,NOR2_X1P4A_A9TL40__signal_A,8,3,8,0.8,,658.712257,705.2487159999993,117.73245399999989,64.57267199999949,0.7999984292,3.972251317e-06,0,True,scenarios/size_scan_8unit__m08__k08__f03__v0p80__3f93a471b5f3cd57f352
size_scan_8unit,NOR2_X1P4A_A9TL40__signal_A,8,4,8,0.8,,660.8042730000001,705.5466059999993,125.05384999999988,70.21159200000005,0.7999972436,2.203705041e-06,0,True,scenarios/size_scan_8unit__m08__k08__f04__v0p80__c3a8468cc0190aa0131d
size_scan_8unit,NOR2_X1P4A_A9TL40__signal_A,8,5,8,0.8,,662.8077049999999,705.8622839999999,132.94217099999986,75.8341049999993,0.7999973505,1.138237357e-06,0,True,scenarios/size_scan_8unit__m08__k08__f05__v0p80__b82a705292cb78ba7de2
size_scan_8unit,NOR2_X1P4A_A9TL40__signal_A,8,6,8,0.8,,664.720673,706.1743759999997,138.53926099999998,80.95957899999974,0.7999961242,1.749526293e-06,0,True,scenarios/size_scan_8unit__m08__k08__f06__v0p80__c2c50244119d7effccb1
size_scan_8unit,NOR2_X1P4A_A9TL40__signal_A,8,7,8,0.8,,667.2893650000001,706.4103429999998,147.070801,85.36697400000021,0.7999950245,1.785169516e-06,0,True,scenarios/size_scan_8unit__m08__k08__f07__v0p80__f6dcfcd86d4f0307d787
size_scan_8unit,NOR2_X1P4A_A9TL40__signal_A,8,8,8,0.8,,670.270585,706.7274409999995,154.085332,89.88394399999964,0.799995689,1.188333754e-06,0,True,scenarios/size_scan_8unit__m08__k08__f08__v0p80__33324bdfea26b43bec25
size_scan_8unit,NOR2_X1P4A_A9TL40__signal_B,8,0,8,1.1,,336.110653,334.1168139999995,66.90853700000001,39.62200500000005,1.0999249219,2.784088289e-06,0,True,scenarios/size_scan_8unit__m08__k08__f00__v1p10__fd13f2b0602d18d21a22
size_scan_8unit,NOR2_X1P4A_A9TL40__signal_B,8,1,8,1.1,,336.56063199999994,333.8621439999997,69.086664,40.583537000000305,1.0999203566,2.449361958e-06,0,True,scenarios/size_scan_8unit__m08__k08__f01__v1p10__d6f0c3d088fb4f7e9ced
size_scan_8unit,NOR2_X1P4A_A9TL40__signal_B,8,2,8,1.1,,337.0670159999999,333.9774949999994,71.47415199999993,42.28392300000011,1.0999186805,3.204412749e-06,0,True,scenarios/size_scan_8unit__m08__k08__f02__v1p10__4e2fcff985bd648c5749
size_scan_8unit,NOR2_X1P4A_A9TL40__signal_B,8,3,8,1.1,,337.6022170000001,334.0102189999993,73.57380399999994,44.01638800000039,1.0999173885,4.615583611e-06,0,True,scenarios/size_scan_8unit__m08__k08__f03__v1p10__1fd1bf53b56151f775a6
size_scan_8unit,NOR2_X1P4A_A9TL40__signal_B,8,4,8,1.1,,338.16598200000004,334.1221489999998,75.5988529999999,45.656805999999904,1.0999159799,5.480791728e-06,0,True,scenarios/size_scan_8unit__m08__k08__f04__v1p10__9e684c2a0b9e08d5e887
size_scan_8unit,NOR2_X1P4A_A9TL40__signal_B,8,5,8,1.1,,338.7579120000001,334.2370399999995,77.58860599999997,47.33870600000003,1.0999143583,6.860660406e-06,0,True,scenarios/size_scan_8unit__m08__k08__f05__v1p10__1e04b14b8c4ae2ed518f
size_scan_8unit,NOR2_X1P4A_A9TL40__signal_B,8,6,8,1.1,,339.37746,334.3553960000001,80.08695699999994,49.136371000000416,1.0999118773,3.953863912e-06,0,True,scenarios/size_scan_8unit__m08__k08__f06__v1p10__15af5aeafebe510cccc0
size_scan_8unit,NOR2_X1P4A_A9TL40__signal_B,8,7,8,1.1,,340.02394300000003,335.09125900000004,82.63493800000015,50.678877000000014,1.0999114877,4.580101323e-06,0,True,scenarios/size_scan_8unit__m08__k08__f07__v1p10__002c638495b204d05fad
size_scan_8unit,NOR2_X1P4A_A9TL40__signal_B,8,8,8,1.1,,340.6965409999999,334.98091299999936,85.04913399999985,52.22908600000004,1.0999094159,4.802309672e-06,0,True,scenarios/size_scan_8unit__m08__k08__f08__v1p10__bfd84b52a4fc71c8bde9
size_scan_8unit,NOR2_X1P4A_A9TL40__signal_B,8,0,8,0.95,,440.7973399999999,451.3039789999997,81.34959600000003,46.48454699999938,0.9499249893,6.150786323e-06,0,True,scenarios/size_scan_8unit__m08__k08__f00__v0p95__af44814e299ab7e980bd
size_scan_8unit,NOR2_X1P4A_A9TL40__signal_B,8,1,8,0.95,,441.0968749999999,450.98467499999987,83.85211399999994,48.35300100000001,0.9499169829,6.452289565e-07,0,True,scenarios/size_scan_8unit__m08__k08__f01__v0p95__2bc1da0e2b2a83a331f8
size_scan_8unit,NOR2_X1P4A_A9TL40__signal_B,8,2,8,0.95,,441.5461880000001,451.04234999999966,86.817657,50.382057999999354,0.9499115754,2.921538511e-07,0,True,scenarios/size_scan_8unit__m08__k08__f02__v0p95__99661197cab87e734be4
size_scan_8unit,NOR2_X1P4A_A9TL40__signal_B,8,3,8,0.95,,442.016047,451.1021279999997,89.53311200000009,52.577851999999446,0.9499059376,7.881129251e-07,0,True,scenarios/size_scan_8unit__m08__k08__f03__v0p95__aad4748298e3613283d5
size_scan_8unit,NOR2_X1P4A_A9TL40__signal_B,8,4,8,0.95,,442.5058570000001,451.1640669999996,92.19081200000005,54.92185099999955,0.9498999882,1.186899118e-06,0,True,scenarios/size_scan_8unit__m08__k08__f04__v0p95__ad78e97aaac4cb41c0da
size_scan_8unit,NOR2_X1P4A_A9TL40__signal_B,8,5,8,0.95,,443.01498699999996,451.2282129999996,95.76610600000004,57.146994999999905,0.9498935997,2.570057823e-06,0,True,scenarios/size_scan_8unit__m08__k08__f05__v0p95__55c600b9de065866861d
size_scan_8unit,NOR2_X1P4A_A9TL40__signal_B,8,6,8,0.95,,443.542782,451.2946499999998,99.07161199999997,59.28948399999963,0.9498876413,2.598131488e-06,0,True,scenarios/size_scan_8unit__m08__k08__f06__v0p95__49b9882f193887eb287c
size_scan_8unit,NOR2_X1P4A_A9TL40__signal_B,8,7,8,0.95,,444.0885659999999,451.3634419999999,102.21961100000016,61.538411000000075,0.9498805803,2.479180801e-06,0,True,scenarios/size_scan_8unit__m08__k08__f07__v0p95__318387133a5af83613a4
size_scan_8unit,NOR2_X1P4A_A9TL40__signal_B,8,8,8,0.95,,444.65165600000006,451.4346529999994,105.24697400000015,63.71667999999996,0.9498730755,2.415020469e-06,0,True,scenarios/size_scan_8unit__m08__k08__f08__v0p95__bf74304a34610e7b9079
size_scan_8unit,NOR2_X1P4A_A9TL40__signal_B,8,0,8,0.8,,664.767167,706.9551510000001,111.1670989999999,63.07382699999973,0.7999291536,3.84642503e-06,0,True,scenarios/size_scan_8unit__m08__k08__f00__v0p80__789c02119cd93cb635f7
size_scan_8unit,NOR2_X1P4A_A9TL40__signal_B,8,1,8,0.8,,665.03193,706.6509769999996,114.176515,64.3910150000001,0.7999033962,1.568299127e-06,0,True,scenarios/size_scan_8unit__m08__k08__f01__v0p80__70c000e54e05e3114787
size_scan_8unit,NOR2_X1P4A_A9TL40__signal_B,8,2,8,0.8,,665.297526,706.6450639999999,119.07122399999992,67.55884100000048,0.7998851735,1.540893684e-06,0,True,scenarios/size_scan_8unit__m08__k08__f02__v0p80__c493d55e62298de26f26
size_scan_8unit,NOR2_X1P4A_A9TL40__signal_B,8,3,8,0.8,,665.620208,706.6390589999997,124.10578699999992,70.69889799999994,0.7998652943,1.372029672e-06,0,True,scenarios/size_scan_8unit__m08__k08__f03__v0p80__99b824faf816700dae99
size_scan_8unit,NOR2_X1P4A_A9TL40__signal_B,8,4,8,0.8,,665.963474,706.6330579999993,128.79113600000005,73.86467100000006,0.7998462348,3.327267903e-06,0,True,scenarios/size_scan_8unit__m08__k08__f04__v0p80__1b7cbce232f0711b65c1
size_scan_8unit,NOR2_X1P4A_A9TL40__signal_B,8,5,8,0.8,,666.327117,706.6270619999997,133.3238860000001,77.11949400000043,0.7998257296,2.140997949e-06,0,True,scenarios/size_scan_8unit__m08__k08__f05__v0p80__dda05563296acd8302c0
size_scan_8unit,NOR2_X1P4A_A9TL40__signal_B,8,6,8,0.8,,666.710938,706.6211139999997,137.76485199999993,80.50738699999988,0.7998040027,2.144000627e-06,0,True,scenarios/size_scan_8unit__m08__k08__f06__v0p80__f77cd88d11210a136c62
size_scan_8unit,NOR2_X1P4A_A9TL40__signal_B,8,7,8,0.8,,667.1147460000001,706.615267,141.58145300000012,84.08904800000009,0.7997845522,1.983234124e-06,0,True,scenarios/size_scan_8unit__m08__k08__f07__v0p80__4b942ec6d01c198c5fc1
size_scan_8unit,NOR2_X1P4A_A9TL40__signal_B,8,8,8,0.8,,667.54249,706.6095690000001,144.8614700000002,87.61484699999973,0.7997589915,1.85902196e-07,0,True,scenarios/size_scan_8unit__m08__k08__f08__v0p80__09e2df1feed47afe74d7
size_scan_8unit,NOR2_X2A_A9TL40__signal_A,8,0,8,1.1,,334.57445799999994,337.58509299999935,72.38969700000007,40.57567100000038,1.10000006,6.494613769e-07,0,True,scenarios/size_scan_8unit__m08__k08__f00__v1p10__5281200ad4822dbe758f
size_scan_8unit,NOR2_X2A_A9TL40__signal_A,8,1,8,1.1,,337.25423199999994,337.5067079999997,78.69605099999987,43.48644400000027,1.0999985566,1.035284985e-06,0,True,scenarios/size_scan_8unit__m08__k08__f01__v1p10__f0613f80e28ee8322d76
size_scan_8unit,NOR2_X2A_A9TL40__signal_A,8,2,8,1.1,,340.1391619999999,337.92086099999983,83.61665900000003,47.659183999999655,1.0999993655,1.013662085e-06,0,True,scenarios/size_scan_8unit__m08__k08__f02__v1p10__bf802c9652bb4dc4a475
size_scan_8unit,NOR2_X2A_A9TL40__signal_A,8,3,8,1.1,,343.16671600000006,338.32844099999943,91.37926900000006,51.48824500000014,1.0999970772,1.157062917e-06,0,True,scenarios/size_scan_8unit__m08__k08__f03__v1p10__f21ea4cb99cce3e2a595
size_scan_8unit,NOR2_X2A_A9TL40__signal_A,8,4,8,1.1,,346.28274,338.84177400000004,97.51409799999998,56.011078999999384,1.099995833,2.082377098e-06,0,True,scenarios/size_scan_8unit__m08__k08__f04__v1p10__829865f606912388360a
size_scan_8unit,NOR2_X2A_A9TL40__signal_A,8,5,8,1.1,,349.8446139999999,339.37564999999955,102.87258,59.591684000000015,1.0999969108,1.459453383e-06,0,True,scenarios/size_scan_8unit__m08__k08__f05__v1p10__bd1bae3e263f5c2d434f
size_scan_8unit,NOR2_X2A_A9TL40__signal_A,8,6,8,1.1,,353.6889789999999,339.9218129999994,108.12366300000004,62.86380200000019,1.0999955141,1.605186281e-06,0,True,scenarios/size_scan_8unit__m08__k08__f06__v1p10__95b13b89343417d728be
size_scan_8unit,NOR2_X2A_A9TL40__signal_A,8,7,8,1.1,,357.6910649999999,340.4728490000001,112.533595,66.52776900000023,1.0999950845,1.810007924e-06,0,True,scenarios/size_scan_8unit__m08__k08__f07__v1p10__25159f9326d31f452fe5
size_scan_8unit,NOR2_X2A_A9TL40__signal_A,8,8,8,1.1,,361.81405800000005,340.9028670000001,119.00720299999995,70.32098299999967,1.099992434,2.630847972e-06,0,True,scenarios/size_scan_8unit__m08__k08__f08__v1p10__8ae063f0b9a35f12aea0
size_scan_8unit,NOR2_X2A_A9TL40__signal_A,8,0,8,0.95,,439.5858599999999,455.46056,90.33694399999992,49.06275400000006,0.9500001115,7.137238272e-07,0,True,scenarios/size_scan_8unit__m08__k08__f00__v0p95__cf221a2e0d601870c7ea
size_scan_8unit,NOR2_X2A_A9TL40__signal_A,8,1,8,0.95,,442.34696699999995,455.4669969999993,97.56992800000012,53.127101999999994,0.9499998248,1.211890462e-06,0,True,scenarios/size_scan_8unit__m08__k08__f01__v0p95__c5621c968c96fed87353
size_scan_8unit,NOR2_X2A_A9TL40__signal_A,8,2,8,0.95,,445.32769200000007,455.8882450000001,104.80338700000006,57.6756679999998,0.9499992206,1.604181172e-06,0,True,scenarios/size_scan_8unit__m08__k08__f02__v0p95__3b1697107fa342ea3402
size_scan_8unit,NOR2_X2A_A9TL40__signal_A,8,3,8,0.95,,448.350007,456.16009899999966,111.607256,62.58916400000046,0.9499996078,1.647249112e-06,0,True,scenarios/size_scan_8unit__m08__k08__f03__v0p95__aab134a1622098244992
size_scan_8unit,NOR2_X2A_A9TL40__signal_A,8,4,8,0.95,,451.34414499999997,456.7207079999994,118.13458700000002,67.73014900000004,0.9499991995,1.959834331e-06,0,True,scenarios/size_scan_8unit__m08__k08__f04__v0p95__6cec502b439f7c2fb873
size_scan_8unit,NOR2_X2A_A9TL40__signal_A,8,5,8,0.95,,454.72027099999997,457.2436639999999,126.25621499999993,72.10689800000044,0.9499982454,6.627852147e-07,0,True,scenarios/size_scan_8unit__m08__k08__f05__v0p95__3bee4a87fbe21e69768e
size_scan_8unit,NOR2_X2A_A9TL40__signal_A,8,6,8,0.95,,458.6384330000001,457.7843529999994,133.51798100000002,76.13931200000002,0.9499983365,1.192833645e-06,0,True,scenarios/size_scan_8unit__m08__k08__f06__v0p95__8f4ffae17ff9778fefd1
size_scan_8unit,NOR2_X2A_A9TL40__signal_A,8,7,8,0.95,,462.7896790000001,458.3373689999994,139.2484310000001,81.26583700000012,0.9499958189,9.870209335e-07,0,True,scenarios/size_scan_8unit__m08__k08__f07__v0p95__2b9d41d669035d2d15a1
size_scan_8unit,NOR2_X2A_A9TL40__signal_A,8,8,8,0.95,,467.22390200000007,458.344918,146.03584300000017,85.05761900000012,0.9499917269,8.836839353e-07,0,True,scenarios/size_scan_8unit__m08__k08__f08__v0p95__f82392d3f3ea8a246bd0
size_scan_8unit,NOR2_X2A_A9TL40__signal_A,8,0,8,0.8,,664.9541139999999,712.4957969999996,127.70948699999994,66.4419130000001,0.800000644,3.169518283e-07,0,True,scenarios/size_scan_8unit__m08__k08__f00__v0p80__f93ae0010450e4cd5a7d
size_scan_8unit,NOR2_X2A_A9TL40__signal_A,8,1,8,0.8,,668.0603910000001,712.1804559999997,136.13656100000003,72.27169600000056,0.7999998923,1.621974578e-06,0,True,scenarios/size_scan_8unit__m08__k08__f01__v0p80__4fc0ad419f8a52bc8b61
size_scan_8unit,NOR2_X2A_A9TL40__signal_A,8,2,8,0.8,,671.3943790000001,712.7083729999993,147.126683,78.76890899999988,0.7999989762,1.156291264e-06,0,True,scenarios/size_scan_8unit__m08__k08__f02__v0p80__46f05d1ecd804cce3f7f
size_scan_8unit,NOR2_X2A_A9TL40__signal_A,8,3,8,0.8,,674.832286,713.8288269999997,157.32867,86.26823200000001,0.7999983911,-9.561215913e-07,0,True,scenarios/size_scan_8unit__m08__k08__f03__v0p80__cba61013e0c4d20d059f
size_scan_8unit,NOR2_X2A_A9TL40__signal_A,8,4,8,0.8,,678.340854,714.3143389999999,165.99466400000003,92.97309400000003,0.7999981387,9.700226471e-07,0,True,scenarios/size_scan_8unit__m08__k08__f04__v0p80__b8a7ce85af76d24c4603
size_scan_8unit,NOR2_X2A_A9TL40__signal_A,8,5,8,0.8,,681.8747330000001,714.7378940000001,177.94704899999994,99.41869599999946,0.7999976481,2.54624898e-06,0,True,scenarios/size_scan_8unit__m08__k08__f05__v0p80__a97d75bd1cd103449196
size_scan_8unit,NOR2_X2A_A9TL40__signal_A,8,6,8,0.8,,685.440749,715.1925289999996,187.664808,105.33903,0.7999979167,1.567493585e-06,0,True,scenarios/size_scan_8unit__m08__k08__f06__v0p80__dac229b27e7b9ba44dcc
size_scan_8unit,NOR2_X2A_A9TL40__signal_A,8,7,8,0.8,,688.660114,715.8006209999995,196.60698,112.17794699999965,0.7999939832,1.710794261e-06,0,True,scenarios/size_scan_8unit__m08__k08__f07__v0p80__187e407f79c11d3c7e89
size_scan_8unit,NOR2_X2A_A9TL40__signal_A,8,8,8,0.8,,691.4725459999999,716.1149559999999,204.65674699999997,117.37789199999965,0.7999956838,1.459490566e-06,0,True,scenarios/size_scan_8unit__m08__k08__f08__v0p80__096cb75b7c2035abd240
size_scan_8unit,NOR2_X2A_A9TL40__signal_B,8,0,8,1.1,,347.231255,340.20341599999944,91.82970200000008,52.788527000000016,1.0998930798,4.017134982e-06,0,True,scenarios/size_scan_8unit__m08__k08__f00__v1p10__c06ddf4e4e8dbd9be5cf
size_scan_8unit,NOR2_X2A_A9TL40__signal_B,8,1,8,1.1,,347.93657799999994,339.99978699999974,92.09220599999998,54.11413500000025,1.0998896383,2.308606429e-06,0,True,scenarios/size_scan_8unit__m08__k08__f01__v1p10__065362f11ef97920b008
size_scan_8unit,NOR2_X2A_A9TL40__signal_B,8,2,8,1.1,,348.75605900000005,340.2226719999999,95.89133199999999,56.20516499999961,1.0998872791,1.914764387e-06,0,True,scenarios/size_scan_8unit__m08__k08__f02__v1p10__bd7da9bd358f390fbaca
size_scan_8unit,NOR2_X2A_A9TL40__signal_B,8,3,8,1.1,,349.59512299999994,340.45285399999943,99.28794600000018,58.62556400000008,1.0998849674,1.988871057e-06,0,True,scenarios/size_scan_8unit__m08__k08__f03__v1p10__5af8b42ee3073112bca6
size_scan_8unit,NOR2_X2A_A9TL40__signal_B,8,4,8,1.1,,350.45123400000006,340.6905059999994,102.43603499999992,60.876520000000525,1.0998823778,2.268803926e-06,0,True,scenarios/size_scan_8unit__m08__k08__f04__v1p10__1be617408c0b128addb8
size_scan_8unit,NOR2_X2A_A9TL40__signal_B,8,5,8,1.1,,351.32209099999994,341.3257209999998,105.48806599999992,62.87510699999958,1.0998793433,2.395888824e-06,0,True,scenarios/size_scan_8unit__m08__k08__f05__v1p10__b1f04ba2e22225c58f08
size_scan_8unit,NOR2_X2A_A9TL40__signal_B,8,6,8,1.1,,352.20559900000006,341.45306199999936,108.51918499999994,64.9582269999999,1.0998823018,1.052969131e-06,0,True,scenarios/size_scan_8unit__m08__k08__f06__v1p10__aa9b857cb9ab74630ee4
size_scan_8unit,NOR2_X2A_A9TL40__signal_B,8,7,8,1.1,,353.0998429999999,341.73668799999933,111.6359770000001,67.00927700000024,1.0998797638,1.348120878e-07,0,True,scenarios/size_scan_8unit__m08__k08__f07__v1p10__c4d762c8f85df3b1b913
size_scan_8unit,NOR2_X2A_A9TL40__signal_B,8,8,8,1.1,,354.00307499999997,341.7191719999996,114.96865299999988,68.84029399999997,1.0998712791,3.110071945e-06,0,True,scenarios/size_scan_8unit__m08__k08__f08__v1p10__b3c076cef969b77e80a0
size_scan_8unit,NOR2_X2A_A9TL40__signal_B,8,0,8,0.95,,454.0975329999999,458.02056699999986,108.83363099999991,62.9680690000004,0.9498904158,2.542647078e-06,0,True,scenarios/size_scan_8unit__m08__k08__f00__v0p95__7085f8de0cbd9cca7fd0
size_scan_8unit,NOR2_X2A_A9TL40__signal_B,8,1,8,0.95,,454.71750999999995,458.1548019999999,113.34127300000004,64.2339630000002,0.9498824575,1.517303204e-06,0,True,scenarios/size_scan_8unit__m08__k08__f01__v0p95__3e9fff999b221215ec8b
size_scan_8unit,NOR2_X2A_A9TL40__signal_B,8,2,8,0.95,,455.40823200000005,458.1217159999997,117.56634800000002,67.32677799999985,0.9498762104,1.490910147e-06,0,True,scenarios/size_scan_8unit__m08__k08__f02__v0p95__a933bb6a6c2955888ab2
size_scan_8unit,NOR2_X2A_A9TL40__signal_B,8,3,8,0.95,,456.08766299999996,458.63043999999996,121.80654999999994,70.34766800000014,0.9498671775,4.829218314e-07,0,True,scenarios/size_scan_8unit__m08__k08__f03__v0p95__6efcf711bcacc473f17d
size_scan_8unit,NOR2_X2A_A9TL40__signal_B,8,4,8,0.95,,456.756886,458.65591299999994,126.09831999999997,73.06166800000007,0.9498591322,1.913008645e-06,0,True,scenarios/size_scan_8unit__m08__k08__f04__v0p95__0505967502839d9d4ba1
size_scan_8unit,NOR2_X2A_A9TL40__signal_B,8,5,8,0.95,,457.416848,458.57809700000007,130.05090700000008,75.66489600000027,0.9498498219,2.369555468e-06,0,True,scenarios/size_scan_8unit__m08__k08__f05__v0p95__d28afe12a2b237947efd
size_scan_8unit,NOR2_X2A_A9TL40__signal_B,8,6,8,0.95,,458.0683870000001,458.72866599999963,134.0276279999999,78.64813799999962,0.9498405422,2.306185903e-06,0,True,scenarios/size_scan_8unit__m08__k08__f06__v0p95__64e6aadf2242bab6a11b
size_scan_8unit,NOR2_X2A_A9TL40__signal_B,8,7,8,0.95,,458.9473219999999,458.88618599999984,137.80363800000006,81.38721999999989,0.9498306015,2.182121796e-06,0,True,scenarios/size_scan_8unit__m08__k08__f07__v0p95__73bc7c7a8a4f2658b07e
size_scan_8unit,NOR2_X2A_A9TL40__signal_B,8,8,8,0.95,,459.88563999999997,459.0546969999998,140.6366409999999,83.94795899999977,0.9498222625,2.630130288e-06,0,True,scenarios/size_scan_8unit__m08__k08__f08__v0p95__e028cf9d2e92ae04a3d9
size_scan_8unit,NOR2_X2A_A9TL40__signal_B,8,0,8,0.8,,683.057382,716.2050259999993,149.20255899999995,81.65180000000018,0.799893219,1.399116334e-06,0,True,scenarios/size_scan_8unit__m08__k08__f00__v0p80__8553be27e4214dda37b4
size_scan_8unit,NOR2_X2A_A9TL40__signal_B,8,1,8,0.8,,683.7025100000001,715.2803220000001,153.65815399999985,85.63628600000017,0.7998622701,1.456071809e-06,0,True,scenarios/size_scan_8unit__m08__k08__f01__v0p80__488b7aaabfc2d6037a29
size_scan_8unit,NOR2_X2A_A9TL40__signal_B,8,2,8,0.8,,684.3327540000001,715.7830069999993,160.87862600000008,89.93707599999983,0.7998319346,2.305919348e-06,0,True,scenarios/size_scan_8unit__m08__k08__f02__v0p80__f841173b2a68e148dce2
size_scan_8unit,NOR2_X2A_A9TL40__signal_B,8,3,8,0.8,,684.9499729999999,716.1717949999999,166.080508,94.41403400000044,0.7998024461,1.20415822e-06,0,True,scenarios/size_scan_8unit__m08__k08__f03__v0p80__52f4eea1d0a31e926d11
size_scan_8unit,NOR2_X2A_A9TL40__signal_B,8,4,8,0.8,,685.555718,716.1918429999993,171.07966699999994,98.98389800000012,0.7997719152,1.407733032e-06,0,True,scenarios/size_scan_8unit__m08__k08__f04__v0p80__8833031ee1e5cc99d4a7
size_scan_8unit,NOR2_X2A_A9TL40__signal_B,8,5,8,0.8,,686.151296,715.7363259999996,177.80462600000013,103.38888199999985,0.7997390504,2.079263241e-06,0,True,scenarios/size_scan_8unit__m08__k08__f05__v0p80__428d5330b8fdaf0e3c05
size_scan_8unit,NOR2_X2A_A9TL40__signal_B,8,6,8,0.8,,686.7378049999999,715.943013,183.08067000000005,107.72607999999991,0.7997058195,1.538541527e-06,0,True,scenarios/size_scan_8unit__m08__k08__f06__v0p80__9e64e74d097e05cc6668
size_scan_8unit,NOR2_X2A_A9TL40__signal_B,8,7,8,0.8,,687.316218,715.4054159999994,189.39113200000006,111.7599089999997,0.7996712642,1.4005149e-06,0,True,scenarios/size_scan_8unit__m08__k08__f07__v0p80__38bfdf6523453ffb2b59
size_scan_8unit,NOR2_X2A_A9TL40__signal_B,8,8,8,0.8,,687.8873689999999,715.4334299999996,195.84695399999993,115.73307200000009,0.7996358869,1.462289054e-06,0,True,scenarios/size_scan_8unit__m08__k08__f08__v0p80__47d4f465c3f0eb1713e7
size_scan_8unit,NOR2_X3A_A9TL40__signal_A,8,0,8,1.1,,348.948982,347.3463899999995,107.46079200000005,57.674088999999945,1.1000023294,-4.752276843e-08,0,True,scenarios/size_scan_8unit__m08__k08__f00__v1p10__8fc92c61a03d415b8620
size_scan_8unit,NOR2_X3A_A9TL40__signal_A,8,1,8,1.1,,353.040065,347.47485299999937,117.13155699999987,63.43645300000008,1.1000016332,4.719790905e-07,0,True,scenarios/size_scan_8unit__m08__k08__f01__v1p10__7798e3b78311b3810a37
size_scan_8unit,NOR2_X3A_A9TL40__signal_A,8,2,8,1.1,,357.7364359999999,348.1426179999994,125.92064700000009,69.48037200000056,1.0999984289,3.386512035e-06,0,True,scenarios/size_scan_8unit__m08__k08__f02__v1p10__abdac231d53144d74faf
size_scan_8unit,NOR2_X3A_A9TL40__signal_A,8,3,8,1.1,,363.1149220000001,348.859615,134.38742899999997,75.33970099999992,1.0999970252,6.033263532e-06,0,True,scenarios/size_scan_8unit__m08__k08__f03__v1p10__1ea1814ea731b59bd035
size_scan_8unit,NOR2_X3A_A9TL40__signal_A,8,4,8,1.1,,368.52236800000003,349.54030099999983,143.263846,80.88525800000022,1.099991796,4.132185576e-06,0,True,scenarios/size_scan_8unit__m08__k08__f04__v1p10__f7637156a3fd3e1caa62
size_scan_8unit,NOR2_X3A_A9TL40__signal_A,8,5,8,1.1,,373.94979099999995,350.61085099999946,151.41739899999993,86.08856399999962,1.0999935616,8.737239732e-07,0,True,scenarios/size_scan_8unit__m08__k08__f05__v1p10__bca8cfbab8a5d138e1eb
size_scan_8unit,NOR2_X3A_A9TL40__signal_A,8,6,8,1.1,,380.258716,350.9823399999996,157.76610699999998,91.16404100000028,1.0999977124,1.59170716e-06,0,True,scenarios/size_scan_8unit__m08__k08__f06__v1p10__3e663380d52c6020468e
size_scan_8unit,NOR2_X3A_A9TL40__signal_A,8,7,8,1.1,,386.7008399999999,351.541706,167.83178800000005,96.33602099999989,1.099995993,3.17414877e-06,0,True,scenarios/size_scan_8unit__m08__k08__f07__v1p10__6c9c09a9165fb01fe8c6
size_scan_8unit,NOR2_X3A_A9TL40__signal_A,8,8,8,1.1,,393.0866940000001,352.884736,175.02643100000014,101.99593099999987,1.0999926941,1.972872329e-06,0,True,scenarios/size_scan_8unit__m08__k08__f08__v1p10__e35535836f9d0b01d62f
size_scan_8unit,NOR2_X3A_A9TL40__signal_A,8,0,8,0.95,,456.97857000000005,467.29338099999984,141.9611259999999,71.67412800000012,0.9499999364,4.178428948e-07,0,True,scenarios/size_scan_8unit__m08__k08__f00__v0p95__4bf9e72b31685418df07
size_scan_8unit,NOR2_X3A_A9TL40__signal_A,8,1,8,0.95,,461.3162449999999,467.37653299999937,144.46036800000005,76.70824700000048,0.9500012775,2.961369282e-07,0,True,scenarios/size_scan_8unit__m08__k08__f01__v0p95__ae16dc7d27e5a08c2883
size_scan_8unit,NOR2_X3A_A9TL40__signal_A,8,2,8,0.95,,466.25773799999996,468.5796069999993,156.41186099999985,84.27598899999961,0.9500013086,9.376279329e-07,0,True,scenarios/size_scan_8unit__m08__k08__f02__v0p95__20645fa3584913119aa1
size_scan_8unit,NOR2_X3A_A9TL40__signal_A,8,3,8,0.95,,471.78704200000004,469.27230700000007,166.594222,91.0927119999997,0.9500003158,3.428980668e-06,0,True,scenarios/size_scan_8unit__m08__k08__f03__v0p95__c797005fdb086d0dcf29
size_scan_8unit,NOR2_X3A_A9TL40__signal_A,8,4,8,0.95,,477.492089,469.3798699999999,177.13615800000005,97.376993,0.9499976181,-1.584879777e-06,0,True,scenarios/size_scan_8unit__m08__k08__f04__v0p95__b57a712050aed49cf8ff
size_scan_8unit,NOR2_X3A_A9TL40__signal_A,8,5,8,0.95,,483.33877099999995,470.85382799999945,188.66557000000006,103.69969700000024,0.9499998277,1.467387489e-06,0,True,scenarios/size_scan_8unit__m08__k08__f05__v0p95__fdd2bcd88240c22ed672
size_scan_8unit,NOR2_X3A_A9TL40__signal_A,8,6,8,0.95,,489.68226000000004,471.5787369999995,197.56037100000003,109.8924169999995,0.9499980094,3.216552215e-06,0,True,scenarios/size_scan_8unit__m08__k08__f06__v0p95__bc98bc1bdf71b172fc82
size_scan_8unit,NOR2_X3A_A9TL40__signal_A,8,7,8,0.95,,496.54856500000005,472.2822319999996,206.98368999999994,116.52060699999991,0.9499963612,3.639719587e-06,0,True,scenarios/size_scan_8unit__m08__k08__f07__v0p95__6d37db33725f7b5c68b5
size_scan_8unit,NOR2_X3A_A9TL40__signal_A,8,8,8,0.95,,503.8846620000001,472.96655099999975,215.56064399999997,122.4521279999996,0.9499907026,2.522844657e-06,0,True,scenarios/size_scan_8unit__m08__k08__f08__v0p95__b054a1ec37fee1fbb1e5
size_scan_8unit,NOR2_X3A_A9TL40__signal_A,8,0,8,0.8,,689.4122679999999,728.7588319999993,186.53022500000006,96.05203999999988,0.7999948176,2.596369725e-07,0,True,scenarios/size_scan_8unit__m08__k08__f00__v0p80__a2cb0a9a579c1de57973
size_scan_8unit,NOR2_X3A_A9TL40__signal_A,8,1,8,0.8,,694.224315,729.0782209999994,202.4106000000001,105.18981700000012,0.8000017063,1.179825481e-06,0,True,scenarios/size_scan_8unit__m08__k08__f01__v0p80__7b8338703f00ee866d97
size_scan_8unit,NOR2_X3A_A9TL40__signal_A,8,2,8,0.8,,699.5937560000001,730.2852699999994,213.99864700000003,114.61544000000053,0.8000010753,1.002412136e-06,0,True,scenarios/size_scan_8unit__m08__k08__f02__v0p80__8151f4c6c4bb8ff2299d
size_scan_8unit,NOR2_X3A_A9TL40__signal_A,8,3,8,0.8,,704.993396,730.4570699999996,231.323602,124.47891899999998,0.8000009291,7.687070151e-07,0,True,scenarios/size_scan_8unit__m08__k08__f03__v0p80__8dae448b2ec43771d5f4
size_scan_8unit,NOR2_X3A_A9TL40__signal_A,8,4,8,0.8,,710.336766,731.2666379999997,243.98118400000007,133.42349900000028,0.8000248079,4.093592972e-06,0,True,scenarios/size_scan_8unit__m08__k08__f04__v0p80__905dff74fa5d04e90b62
size_scan_8unit,NOR2_X3A_A9TL40__signal_A,8,5,8,0.8,,715.5722829999999,732.5729699999998,258.83708900000005,142.74501300000009,0.7999988145,9.775025979e-07,0,True,scenarios/size_scan_8unit__m08__k08__f05__v0p80__14d3a095caa564574014
size_scan_8unit,NOR2_X3A_A9TL40__signal_A,8,6,8,0.8,,722.5360989999999,733.5121809999998,273.62800599999986,151.490827,0.7999983269,8.640960624e-07,0,True,scenarios/size_scan_8unit__m08__k08__f06__v0p80__306815b770518fef4aac
size_scan_8unit,NOR2_X3A_A9TL40__signal_A,8,7,8,0.8,,729.874504,732.9609999999998,289.424942,159.27027099999992,0.8000528136,8.677173174e-07,0,True,scenarios/size_scan_8unit__m08__k08__f07__v0p80__a4740ae865da8c9c71fc
size_scan_8unit,NOR2_X3A_A9TL40__signal_A,8,8,8,0.8,,737.369632,733.6826989999997,304.157111,168.47949799999978,0.8000780508,1.76468409e-06,0,True,scenarios/size_scan_8unit__m08__k08__f08__v0p80__be4f0d3a78a566628448
size_scan_8unit,NOR2_X3A_A9TL40__signal_B,8,0,8,1.1,,367.417238,351.34127299999983,134.96510199999997,76.99991400000003,1.0998472453,1.823716162e-06,0,True,scenarios/size_scan_8unit__m08__k08__f00__v1p10__7792e1e9f0efbff514a2
size_scan_8unit,NOR2_X3A_A9TL40__signal_B,8,1,8,1.1,,368.84004100000004,351.5301219999995,136.83748699999987,78.97592600000058,1.0998385522,1.554841073e-06,0,True,scenarios/size_scan_8unit__m08__k08__f01__v1p10__0db5e53fbfa1d8bf0102
size_scan_8unit,NOR2_X3A_A9TL40__signal_B,8,2,8,1.1,,370.3910179999999,351.9649799999995,141.47889700000005,82.6049510000006,1.0998338862,1.496493624e-06,0,True,scenarios/size_scan_8unit__m08__k08__f02__v1p10__5be779d22d981e004c24
size_scan_8unit,NOR2_X3A_A9TL40__signal_B,8,3,8,1.1,,372.02071,352.41260499999953,146.053723,85.94179599999978,1.0998294733,1.907346812e-06,0,True,scenarios/size_scan_8unit__m08__k08__f03__v1p10__46dc1a2d6a395fe12157
size_scan_8unit,NOR2_X3A_A9TL40__signal_B,8,4,8,1.1,,373.7037699999999,352.8476220000001,150.2873639999999,88.55902300000017,1.0998237633,1.361897248e-06,0,True,scenarios/size_scan_8unit__m08__k08__f04__v1p10__790b2d1fa9d0d336e1dc
size_scan_8unit,NOR2_X3A_A9TL40__signal_B,8,5,8,1.1,,375.42295499999994,353.3212759999995,154.65606099999994,91.51079999999966,1.0998192413,1.873632622e-06,0,True,scenarios/size_scan_8unit__m08__k08__f05__v1p10__5403a89b32ce80dbdcb9
size_scan_8unit,NOR2_X3A_A9TL40__signal_B,8,6,8,1.1,,377.16367600000007,353.83196199999975,160.38365699999994,94.78497799999951,1.0998134606,2.755292589e-06,0,True,scenarios/size_scan_8unit__m08__k08__f06__v1p10__edc3d7ba90597eba359a
size_scan_8unit,NOR2_X3A_A9TL40__signal_B,8,7,8,1.1,,379.44997499999994,354.33089600000005,165.649514,97.4970090000001,1.0998063606,2.305109256e-06,0,True,scenarios/size_scan_8unit__m08__k08__f07__v1p10__9cdc036db5c2ea025513
size_scan_8unit,NOR2_X3A_A9TL40__signal_B,8,8,8,1.1,,381.98714299999995,354.9881199999997,170.17664000000005,100.07382299999973,1.0997999257,2.373700531e-07,0,True,scenarios/size_scan_8unit__m08__k08__f08__v1p10__881b99ae0a7787108cb2
size_scan_8unit,NOR2_X3A_A9TL40__signal_B,8,0,8,0.95,,478.69729500000005,471.60869900000006,160.48031799999993,90.32972899999972,0.9498521914,1.150570062e-06,0,True,scenarios/size_scan_8unit__m08__k08__f00__v0p95__b0dd8ab5322bb682af80
size_scan_8unit,NOR2_X3A_A9TL40__signal_B,8,1,8,0.95,,480.13920699999994,471.82050899999956,166.40165199999996,94.20223100000031,0.9498317729,1.817250724e-06,0,True,scenarios/size_scan_8unit__m08__k08__f01__v0p95__7c648f0e20b1196a2472
size_scan_8unit,NOR2_X3A_A9TL40__signal_B,8,2,8,0.95,,481.59353300000004,472.1610399999994,171.54320099999993,98.15942199999978,0.9498180652,1.952042894e-06,0,True,scenarios/size_scan_8unit__m08__k08__f02__v0p95__6b080019a30f10fc666e
size_scan_8unit,NOR2_X3A_A9TL40__signal_B,8,3,8,0.95,,483.1289059999999,472.44369199999966,177.43384900000012,102.27837299999938,0.9498025509,2.041160674e-06,0,True,scenarios/size_scan_8unit__m08__k08__f03__v0p95__5f29bf838313912802f8
size_scan_8unit,NOR2_X3A_A9TL40__signal_B,8,4,8,0.95,,484.74124199999994,472.82506999999964,183.35749000000007,105.81964100000015,0.9497835334,1.982892286e-06,0,True,scenarios/size_scan_8unit__m08__k08__f04__v0p95__a57e8ef0f0fdc5da9359
size_scan_8unit,NOR2_X3A_A9TL40__signal_B,8,5,8,0.95,,486.4499929999999,473.1933989999998,189.37993500000005,109.75012399999984,0.9497650623,2.346889253e-06,0,True,scenarios/size_scan_8unit__m08__k08__f05__v0p95__d62f8b7acdccfec5ba79
size_scan_8unit,NOR2_X3A_A9TL40__signal_B,8,6,8,0.95,,488.24734200000006,473.57313999999957,195.199747,113.60981499999967,0.9497455524,4.900905536e-06,0,True,scenarios/size_scan_8unit__m08__k08__f06__v0p95__b639036a8acac4bcdf52
size_scan_8unit,NOR2_X3A_A9TL40__signal_B,8,7,8,0.95,,490.1217679999999,473.9683329999996,200.90734700000004,117.29999900000068,0.9497249992,4.687236595e-06,0,True,scenarios/size_scan_8unit__m08__k08__f07__v0p95__8b8a69db69b3df36860c
size_scan_8unit,NOR2_X3A_A9TL40__signal_B,8,8,8,0.95,,492.0679209999999,474.0796349999998,206.61924399999995,120.94030599999995,0.9497083166,-2.58369854e-06,0,True,scenarios/size_scan_8unit__m08__k08__f08__v0p95__d22ebe1ae49d4c158cdd
size_scan_8unit,NOR2_X3A_A9TL40__signal_B,8,0,8,0.8,,716.6877939999999,733.6462029999994,220.71033799999992,119.84245599999988,0.7998549989,2.349224327e-06,0,True,scenarios/size_scan_8unit__m08__k08__f00__v0p80__07733144d1b67d473dfc
size_scan_8unit,NOR2_X3A_A9TL40__signal_B,8,1,8,0.8,,717.641688,732.3749239999994,227.10315200000002,125.14825399999934,0.7997944092,1.229228271e-06,0,True,scenarios/size_scan_8unit__m08__k08__f01__v0p80__e27b9be741c38aa5266c
size_scan_8unit,NOR2_X3A_A9TL40__signal_B,8,2,8,0.8,,718.8059639999999,732.9817479999995,235.39839400000008,131.45068900000024,0.7997363429,1.706665983e-06,0,True,scenarios/size_scan_8unit__m08__k08__f02__v0p80__38d0721051a7166fa5cb
size_scan_8unit,NOR2_X3A_A9TL40__signal_B,8,3,8,0.8,,719.9520380000001,732.6322979999998,244.5159469999998,137.7745380000001,0.79968017,1.585754396e-06,0,True,scenarios/size_scan_8unit__m08__k08__f03__v0p80__c5cbb55cae2a1af33550
size_scan_8unit,NOR2_X3A_A9TL40__signal_B,8,4,8,0.8,,721.0822390000001,732.7650779999994,254.53280900000013,144.14891499999956,0.7996210321,1.881636084e-06,0,True,scenarios/size_scan_8unit__m08__k08__f04__v0p80__ed90ef8f43e662713a8a
size_scan_8unit,NOR2_X3A_A9TL40__signal_B,8,5,8,0.8,,722.19849,733.0039859999998,263.4226970000001,149.7890579999998,0.7995547512,1.478164718e-06,0,True,scenarios/size_scan_8unit__m08__k08__f05__v0p80__b4bfd7e48de7cbe5d7df
size_scan_8unit,NOR2_X3A_A9TL40__signal_B,8,6,8,0.8,,723.296423,733.0402379999994,272.3426110000001,155.63276599999935,0.7994940835,4.075189883e-06,0,True,scenarios/size_scan_8unit__m08__k08__f06__v0p80__4a8dcc20f8384b44308b
size_scan_8unit,NOR2_X3A_A9TL40__signal_B,8,7,8,0.8,,724.388885,733.1824959999996,281.06913599999984,160.98984,0.7994209895,1.662103356e-06,0,True,scenarios/size_scan_8unit__m08__k08__f07__v0p80__1bf4307724c0da2e4cd7
size_scan_8unit,NOR2_X3A_A9TL40__signal_B,8,8,8,0.8,,725.472,734.34776,288.34075600000017,166.50165999999973,0.7993434687,1.77273389e-06,0,True,scenarios/size_scan_8unit__m08__k08__f08__v0p80__a608689502b46ffe2202
size_scan_8unit,NOR2_X4A_A9TL40__signal_A,8,0,8,1.1,,362.058433,356.323707,144.50116900000017,76.31833000000022,1.1000051379,-6.050018401e-07,0,True,scenarios/size_scan_8unit__m08__k08__f00__v1p10__9def6ec020625e33fca1
size_scan_8unit,NOR2_X4A_A9TL40__signal_A,8,1,8,1.1,,368.3619620000001,357.3353119999998,153.02621699999992,82.33608899999996,1.1000036437,-2.274656018e-07,0,True,scenarios/size_scan_8unit__m08__k08__f01__v1p10__c7ad075261f5326e17a8
size_scan_8unit,NOR2_X4A_A9TL40__signal_A,8,2,8,1.1,,375.0029079999999,358.27955399999934,161.55699000000004,89.53629799999943,1.1000035648,4.471471961e-07,0,True,scenarios/size_scan_8unit__m08__k08__f02__v1p10__6da97c8d3478bba59d1c
size_scan_8unit,NOR2_X4A_A9TL40__signal_A,8,3,8,1.1,,382.3360620000001,359.65042299999993,175.75370600000014,97.21766900000023,1.1000002904,4.257129931e-07,0,True,scenarios/size_scan_8unit__m08__k08__f03__v1p10__d5501adbe19bac2fea43
size_scan_8unit,NOR2_X4A_A9TL40__signal_A,8,4,8,1.1,,390.15814700000004,359.9071489999996,184.85102199999992,104.46662300000044,1.100000195,1.121335442e-06,0,True,scenarios/size_scan_8unit__m08__k08__f04__v1p10__a346b69574c65cbd693d
size_scan_8unit,NOR2_X4A_A9TL40__signal_A,8,5,8,1.1,,398.185896,361.2392259999998,197.288173,112.20079399999986,1.0999979067,7.721280409e-07,0,True,scenarios/size_scan_8unit__m08__k08__f05__v1p10__eed2d08965c5fd3ddd3c
size_scan_8unit,NOR2_X4A_A9TL40__signal_A,8,6,8,1.1,,406.04179500000004,362.5591759999995,207.72230299999993,119.82714700000028,1.0999946252,3.497846492e-06,0,True,scenarios/size_scan_8unit__m08__k08__f06__v1p10__68205974a2e93fe9839f
size_scan_8unit,NOR2_X4A_A9TL40__signal_A,8,7,8,1.1,,414.15494200000006,363.89890799999955,219.07174700000004,126.2507799999998,1.0999915894,4.80008315e-06,0,True,scenarios/size_scan_8unit__m08__k08__f07__v1p10__0dae043562a6a79d4711
size_scan_8unit,NOR2_X4A_A9TL40__signal_A,8,8,8,1.1,,422.3500639999999,365.24246699999986,230.36254899999986,133.56178200000048,1.0999956548,2.405907751e-06,0,True,scenarios/size_scan_8unit__m08__k08__f08__v1p10__2c9dcc3c0a2f8fee95da
size_scan_8unit,NOR2_X4A_A9TL40__signal_A,8,0,8,0.95,,473.5001609999999,478.1137589999998,176.86883,91.59681400000021,0.9500036646,-6.913938167e-08,0,True,scenarios/size_scan_8unit__m08__k08__f00__v0p95__c15cbc87b4aad1cfad55
size_scan_8unit,NOR2_X4A_A9TL40__signal_A,8,1,8,0.95,,480.15539599999994,479.16107400000004,188.4704879999999,99.51764799999987,0.9500035645,5.806421344e-07,0,True,scenarios/size_scan_8unit__m08__k08__f01__v0p95__ba5db1f14defd18314da
size_scan_8unit,NOR2_X4A_A9TL40__signal_A,8,2,8,0.95,,487.0865969999999,480.5041829999994,200.53627100000008,108.21134200000004,0.9500023586,9.760794672e-07,0,True,scenarios/size_scan_8unit__m08__k08__f02__v0p95__e5d5d532ee6e7d8909a5
size_scan_8unit,NOR2_X4A_A9TL40__signal_A,8,3,8,0.95,,494.24171500000006,481.70045499999935,214.49018900000002,117.52789300000046,0.9500010956,7.639316967e-07,0,True,scenarios/size_scan_8unit__m08__k08__f03__v0p95__bf353fdc22c3385cface
size_scan_8unit,NOR2_X4A_A9TL40__signal_A,8,4,8,0.95,,502.8216699999999,483.24857799999995,229.69868200000016,125.4904189999998,0.9499996337,1.290556706e-06,0,True,scenarios/size_scan_8unit__m08__k08__f04__v0p95__2bf9508d3bad0c08e482
size_scan_8unit,NOR2_X4A_A9TL40__signal_A,8,5,8,0.95,,511.8639120000001,484.51792499999965,243.49463999999995,134.2318699999997,0.9499982108,1.440076255e-06,0,True,scenarios/size_scan_8unit__m08__k08__f05__v0p95__3eae686fddf7f1241b74
size_scan_8unit,NOR2_X4A_A9TL40__signal_A,8,6,8,0.95,,521.071691,485.7886949999999,257.32311600000014,142.88050999999982,0.949996313,1.705438537e-06,0,True,scenarios/size_scan_8unit__m08__k08__f06__v0p95__693ae45978938bdf273d
size_scan_8unit,NOR2_X4A_A9TL40__signal_A,8,7,8,0.95,,530.455204,487.05467599999946,270.36814200000003,151.536873,0.9499952195,3.025109195e-06,0,True,scenarios/size_scan_8unit__m08__k08__f07__v0p95__c384f44891bb6c6efde9
size_scan_8unit,NOR2_X4A_A9TL40__signal_A,8,8,8,0.95,,540.014857,487.69487999999984,285.10694099999984,160.17299700000038,0.949994103,3.568866291e-06,0,True,scenarios/size_scan_8unit__m08__k08__f08__v0p95__3262feffd8ca66d63ebd
size_scan_8unit,NOR2_X4A_A9TL40__signal_A,8,0,8,0.8,,713.6872890000001,743.294871,247.14364499999982,123.64153799999974,0.8000020278,-6.819325059e-08,0,True,scenarios/size_scan_8unit__m08__k08__f00__v0p80__7c2b0e5fd6cc15300061
size_scan_8unit,NOR2_X4A_A9TL40__signal_A,8,1,8,0.8,,719.6909840000001,744.616852,267.81485299999986,135.7656909999996,0.8000554764,5.037523743e-07,0,True,scenarios/size_scan_8unit__m08__k08__f01__v0p80__1cf5df00657dc571307b
size_scan_8unit,NOR2_X4A_A9TL40__signal_A,8,2,8,0.8,,726.8564250000001,745.816916,287.6180730000002,148.67778799999994,0.8000031243,2.748725459e-07,0,True,scenarios/size_scan_8unit__m08__k08__f02__v0p80__848cfd201d4e3c887f08
size_scan_8unit,NOR2_X4A_A9TL40__signal_A,8,3,8,0.8,,734.987744,746.4929999999997,300.2752119999998,160.4014310000005,0.7999892895,1.185643498e-06,0,True,scenarios/size_scan_8unit__m08__k08__f03__v0p80__eefaff9225813286247d
size_scan_8unit,NOR2_X4A_A9TL40__signal_A,8,4,8,0.8,,743.573928,747.741197,321.8191060000002,172.85295500000032,0.8002216895,7.923557128e-07,0,True,scenarios/size_scan_8unit__m08__k08__f04__v0p80__3660c6cab621f542bccb
size_scan_8unit,NOR2_X4A_A9TL40__signal_A,8,5,8,0.8,,751.912974,749.361311,341.753978,184.17922499999983,0.7999838768,1.15920877e-06,0,True,scenarios/size_scan_8unit__m08__k08__f05__v0p80__ebd54397250843080214
size_scan_8unit,NOR2_X4A_A9TL40__signal_A,8,6,8,0.8,,761.6712499999999,750.2001449999995,360.01407500000016,195.22137199999966,0.8003185395,1.19956535e-06,0,True,scenarios/size_scan_8unit__m08__k08__f06__v0p80__ecb976df8498600670af
size_scan_8unit,NOR2_X4A_A9TL40__signal_A,8,7,8,0.8,,772.620326,751.4020549999995,375.64047899999986,206.59073400000014,0.7999122129,1.398384703e-06,0,True,scenarios/size_scan_8unit__m08__k08__f07__v0p80__ad0e866bcaf46d096d3f
size_scan_8unit,NOR2_X4A_A9TL40__signal_A,8,8,8,0.8,,783.8276419999999,752.6439429999998,397.726395,217.2906839999997,0.7997244144,3.67409302e-06,0,True,scenarios/size_scan_8unit__m08__k08__f08__v0p80__4559c28379bb2daee5b9
size_scan_8unit,NOR2_X4A_A9TL40__signal_B,8,0,8,1.1,,387.40699300000006,362.5911589999997,176.78746999999987,102.174494,1.0998042292,-2.799907342e-07,0,True,scenarios/size_scan_8unit__m08__k08__f00__v1p10__cdcb67812c2f1857a17c
size_scan_8unit,NOR2_X4A_A9TL40__signal_B,8,1,8,1.1,,389.19772199999994,362.8654089999995,180.10817300000005,103.4304259999998,1.0997884999,2.279717983e-06,0,True,scenarios/size_scan_8unit__m08__k08__f01__v1p10__8ed05c79ac65613abd84
size_scan_8unit,NOR2_X4A_A9TL40__signal_B,8,2,8,1.1,,391.253039,363.33396399999987,185.8850109999999,107.5525389999997,1.0997790319,2.524216312e-06,0,True,scenarios/size_scan_8unit__m08__k08__f02__v1p10__3e0d13a5a2260ab98e72
size_scan_8unit,NOR2_X4A_A9TL40__signal_B,8,3,8,1.1,,393.78744900000004,364.06214599999936,192.92740400000005,111.39127400000022,1.0997697244,2.999818009e-06,0,True,scenarios/size_scan_8unit__m08__k08__f03__v1p10__cb144bb27c8c54c133f3
size_scan_8unit,NOR2_X4A_A9TL40__signal_B,8,4,8,1.1,,396.590441,364.78099799999967,198.40736200000006,115.34093600000043,1.0997588512,3.008409941e-06,0,True,scenarios/size_scan_8unit__m08__k08__f04__v1p10__960c63119ec85ffe4cf6
size_scan_8unit,NOR2_X4A_A9TL40__signal_B,8,5,8,1.1,,399.61144,365.515716,204.17941800000003,119.17872900000019,1.0997481456,2.76721043e-06,0,True,scenarios/size_scan_8unit__m08__k08__f05__v1p10__7725edadddb29612ed30
size_scan_8unit,NOR2_X4A_A9TL40__signal_B,8,6,8,1.1,,402.78291700000005,366.2653539999998,210.107666,122.90663999999987,1.0997372186,2.332532453e-06,0,True,scenarios/size_scan_8unit__m08__k08__f06__v1p10__ced69dcce0e6d4804a20
size_scan_8unit,NOR2_X4A_A9TL40__signal_B,8,7,8,1.1,,406.0382350000001,367.02897599999994,216.238669,126.57977099999994,1.099726143,2.199432439e-06,0,True,scenarios/size_scan_8unit__m08__k08__f07__v1p10__930e1141991023dbf878
size_scan_8unit,NOR2_X4A_A9TL40__signal_B,8,8,8,1.1,,409.325623,367.8056279999997,222.44371800000005,130.21786600000004,1.0997149183,1.831835598e-06,0,True,scenarios/size_scan_8unit__m08__k08__f08__v1p10__67a5d5d3260073e90195
size_scan_8unit,NOR2_X4A_A9TL40__signal_B,8,0,8,0.95,,503.17281900000006,484.10277699999995,209.98797199999996,120.9096379999999,0.9498071125,2.007230451e-06,0,True,scenarios/size_scan_8unit__m08__k08__f00__v0p95__067bf4c2e1c453b2c201
size_scan_8unit,NOR2_X4A_A9TL40__signal_B,8,1,8,0.95,,505.206874,484.52944599999984,217.99575399999995,122.4607039999996,0.949779842,1.570244698e-06,0,True,scenarios/size_scan_8unit__m08__k08__f01__v0p95__389e8cbbc825422f55f5
size_scan_8unit,NOR2_X4A_A9TL40__signal_B,8,2,8,0.95,,507.3266900000001,485.01555599999995,226.1572899999999,128.04527599999966,0.9497566273,1.302305823e-06,0,True,scenarios/size_scan_8unit__m08__k08__f02__v0p95__dcd5d03c639f42ac03b6
size_scan_8unit,NOR2_X4A_A9TL40__signal_B,8,3,8,0.95,,509.41793799999994,485.5665679999995,233.44293600000006,133.06762399999974,0.9497274664,1.558287671e-06,0,True,scenarios/size_scan_8unit__m08__k08__f03__v0p95__2464195ec07614fb82e4
size_scan_8unit,NOR2_X4A_A9TL40__signal_B,8,4,8,0.95,,511.3537809999999,486.2283859999998,241.22964699999986,138.6337019999998,0.9496949301,1.20453935e-06,0,True,scenarios/size_scan_8unit__m08__k08__f04__v0p95__5cb23158abf14240968f
size_scan_8unit,NOR2_X4A_A9TL40__signal_B,8,5,8,0.95,,513.745021,486.7755079999996,248.9878319999999,143.4318480000001,0.9496641322,1.055869508e-06,0,True,scenarios/size_scan_8unit__m08__k08__f05__v0p95__30952e53f6afeaeead68
size_scan_8unit,NOR2_X4A_A9TL40__signal_B,8,6,8,0.95,,516.890126,487.4309649999995,256.610665,148.1801960000005,0.9496300131,9.97446196e-07,0,True,scenarios/size_scan_8unit__m08__k08__f06__v0p95__0b44a422c59a756ec734
size_scan_8unit,NOR2_X4A_A9TL40__signal_B,8,7,8,0.95,,520.339672,488.1519899999998,265.03070999999994,152.45498800000044,0.9495953891,7.689341318e-07,0,True,scenarios/size_scan_8unit__m08__k08__f07__v0p95__904f8a15d3fc593a1734
size_scan_8unit,NOR2_X4A_A9TL40__signal_B,8,8,8,0.95,,524.0795259999999,488.9375189999997,273.3200350000001,157.6048530000007,0.9495627514,-1.339582097e-07,0,True,scenarios/size_scan_8unit__m08__k08__f08__v0p95__7ba13a6e3c5eb267a431
size_scan_8unit,NOR2_X4A_A9TL40__signal_B,8,0,8,0.8,,750.199456,750.7613779999997,288.79899699999993,156.34211199999987,0.7998128576,2.661113337e-06,0,True,scenarios/size_scan_8unit__m08__k08__f00__v0p80__2df72608089652f5d83c
size_scan_8unit,NOR2_X4A_A9TL40__signal_B,8,1,8,0.8,,750.709964,749.8625529999997,298.63858,163.10749299999966,0.7997587211,1.079833145e-06,0,True,scenarios/size_scan_8unit__m08__k08__f01__v0p80__4c28705443af1af3b6ac
size_scan_8unit,NOR2_X4A_A9TL40__signal_B,8,2,8,0.8,,752.4747339999999,750.1549240000002,308.90785700000026,171.31067899999948,0.7996612119,5.292112014e-07,0,True,scenarios/size_scan_8unit__m08__k08__f02__v0p80__30a7e914fa8b8d30b28f
size_scan_8unit,NOR2_X4A_A9TL40__signal_B,8,3,8,0.8,,754.270054,750.450147,319.59552299999996,179.33194600000047,0.7995706596,2.192981467e-06,0,True,scenarios/size_scan_8unit__m08__k08__f03__v0p80__226dbfa06ec7df7bd4a4
size_scan_8unit,NOR2_X4A_A9TL40__signal_B,8,4,8,0.8,,756.093958,750.7485259999994,330.744511,186.3130230000006,0.799477078,2.181309672e-06,0,True,scenarios/size_scan_8unit__m08__k08__f04__v0p80__636a45269cff82f8fad4
size_scan_8unit,NOR2_X4A_A9TL40__signal_B,8,5,8,0.8,,757.9445929999999,750.4281579999996,342.4549460000001,193.81361099999924,0.7992391551,1.689965522e-06,0,True,scenarios/size_scan_8unit__m08__k08__f05__v0p80__2441bf6f8f528d155bf8
size_scan_8unit,NOR2_X4A_A9TL40__signal_B,8,6,8,0.8,,759.8201799999999,751.3675699999998,355.95659400000017,200.3797610000004,0.7992108286,1.223871736e-06,0,True,scenarios/size_scan_8unit__m08__k08__f06__v0p80__b264904f397a34eb33d6
size_scan_8unit,NOR2_X4A_A9TL40__signal_B,8,7,8,0.8,,761.7190309999999,751.6813229999993,364.57856599999985,207.915813,0.7991082285,3.666526123e-06,0,True,scenarios/size_scan_8unit__m08__k08__f07__v0p80__9ddc698ab1ca4f4833be
size_scan_8unit,NOR2_X4A_A9TL40__signal_B,8,8,8,0.8,,763.827835,752.000838,376.661243,214.4699930000002,0.7990040932,3.236463358e-06,0,True,scenarios/size_scan_8unit__m08__k08__f08__v0p80__8cb8f76168363ab3b621
size_scan_8unit,NOR2_X6A_A9TL40__signal_A,8,0,8,1.1,,391.053264,375.9959999999999,220.81457699999987,113.66704100000028,1.100010246,-2.498145775e-06,0,True,scenarios/size_scan_8unit__m08__k08__f00__v1p10__98244418e32706a1ba2a
size_scan_8unit,NOR2_X6A_A9TL40__signal_A,8,1,8,1.1,,400.861799,377.516911,227.3114649999999,122.4427570000001,1.1000084666,-1.749549361e-06,0,True,scenarios/size_scan_8unit__m08__k08__f01__v1p10__c8a002fd2bbbe9282277
size_scan_8unit,NOR2_X6A_A9TL40__signal_A,8,2,8,1.1,,412.11712499999993,379.02423099999953,241.62835700000002,134.45525899999978,1.1000058022,6.018678928e-07,0,True,scenarios/size_scan_8unit__m08__k08__f02__v1p10__adc1cbcf4df4a497a330
size_scan_8unit,NOR2_X6A_A9TL40__signal_A,8,3,8,1.1,,423.07115300000004,380.9402849999996,260.377438,145.3780710000002,1.1000044616,-5.690075475e-07,0,True,scenarios/size_scan_8unit__m08__k08__f03__v1p10__538fb37da9527a51e79b
size_scan_8unit,NOR2_X6A_A9TL40__signal_A,8,4,8,1.1,,434.4276450000001,382.9032489999996,276.69735200000014,156.10865800000013,1.100002573,-2.303738497e-07,0,True,scenarios/size_scan_8unit__m08__k08__f04__v1p10__192d8b1f57abec3fcbc1
size_scan_8unit,NOR2_X6A_A9TL40__signal_A,8,5,8,1.1,,447.9304,384.8289999999999,292.5815680000001,167.04847899999987,1.0999988962,6.905812357e-07,0,True,scenarios/size_scan_8unit__m08__k08__f05__v1p10__483a0a65249b321e5dd1
size_scan_8unit,NOR2_X6A_A9TL40__signal_A,8,6,8,1.1,,461.326001,386.7831019999994,310.0427899999999,177.53517799999995,1.0999990624,9.302991077e-07,0,True,scenarios/size_scan_8unit__m08__k08__f06__v1p10__71e7e77dbfc9f01b0871
size_scan_8unit,NOR2_X6A_A9TL40__signal_A,8,7,8,1.1,,473.51404699999995,387.64579499999957,326.72644200000013,188.9200069999996,1.0999980228,1.659446475e-06,0,True,scenarios/size_scan_8unit__m08__k08__f07__v1p10__b81fe9c4d0340260934a
size_scan_8unit,NOR2_X6A_A9TL40__signal_A,8,8,8,1.1,,486.18775000000005,390.6059069999995,343.6934530000002,200.49478699999958,1.0999929438,2.129463043e-06,0,True,scenarios/size_scan_8unit__m08__k08__f08__v1p10__95062cb2d6da0b5c6c54
size_scan_8unit,NOR2_X6A_A9TL40__signal_A,8,0,8,0.95,,509.34279000000004,501.9566260000001,262.4922430000001,137.87088700000007,0.950037156,-1.875326612e-06,0,True,scenarios/size_scan_8unit__m08__k08__f00__v0p95__fa23e4ae23af43acbbe7
size_scan_8unit,NOR2_X6A_A9TL40__signal_A,8,1,8,0.95,,519.7973700000001,503.8225159999995,279.455023,149.11597900000015,0.9500077095,-7.915404403e-07,0,True,scenarios/size_scan_8unit__m08__k08__f01__v0p95__d82aba989b5436f08132
size_scan_8unit,NOR2_X6A_A9TL40__signal_A,8,2,8,0.95,,531.753577,505.39568899999983,300.36283399999996,161.96463900000037,0.9500061763,2.185151509e-09,0,True,scenarios/size_scan_8unit__m08__k08__f02__v0p95__d6319d47243d75b10148
size_scan_8unit,NOR2_X6A_A9TL40__signal_A,8,3,8,0.95,,544.715195,507.4649179999995,320.85730900000016,174.1384499999999,0.9500019077,-1.32888427e-07,0,True,scenarios/size_scan_8unit__m08__k08__f03__v0p95__3434c487e10cae061535
size_scan_8unit,NOR2_X6A_A9TL40__signal_A,8,4,8,0.95,,558.75922,510.36779499999994,342.19621,188.19383999999968,0.9499983519,-2.510978854e-06,0,True,scenarios/size_scan_8unit__m08__k08__f04__v0p95__d4595f53f92cd9c26c14
size_scan_8unit,NOR2_X6A_A9TL40__signal_A,8,5,8,0.95,,573.171591,511.65806599999996,363.514254,200.29692399999993,0.9499948222,1.160475279e-06,0,True,scenarios/size_scan_8unit__m08__k08__f05__v0p95__3f2f8aed07f716032eba
size_scan_8unit,NOR2_X6A_A9TL40__signal_A,8,6,8,0.95,,587.584829,514.3627889999996,383.0979410000001,214.7027060000002,0.9499899102,1.951650264e-06,0,True,scenarios/size_scan_8unit__m08__k08__f06__v0p95__c70c4c071220f2c82b34
size_scan_8unit,NOR2_X6A_A9TL40__signal_A,8,7,8,0.95,,602.311383,516.1830149999996,405.9453660000001,228.0178510000005,0.9499864378,-1.712549098e-08,0,True,scenarios/size_scan_8unit__m08__k08__f07__v0p95__45aeb57b2522e958abdb
size_scan_8unit,NOR2_X6A_A9TL40__signal_A,8,8,8,0.95,,617.107232,518.0364029999997,424.73643999999996,238.78283199999976,0.9499692482,2.173006581e-06,0,True,scenarios/size_scan_8unit__m08__k08__f08__v0p95__f85419fff5101409d7ee
size_scan_8unit,NOR2_X6A_A9TL40__signal_A,8,0,8,0.8,,764.2008480000001,775.2962439999995,369.23270799999995,183.50043000000008,0.7993289628,-4.13057049e-07,0,True,scenarios/size_scan_8unit__m08__k08__f00__v0p80__2467d8fee900baad436d
size_scan_8unit,NOR2_X6A_A9TL40__signal_A,8,1,8,0.8,,773.9615319999999,776.5933059999995,389.552887,202.56115200000042,0.7986521904,-3.649645352e-07,0,True,scenarios/size_scan_8unit__m08__k08__f01__v0p80__4e2acdaf61f062062da9
size_scan_8unit,NOR2_X6A_A9TL40__signal_A,8,2,8,0.8,,786.893792,778.9822019999995,418.5967870000001,219.74896300000015,0.7980883548,-5.356909434e-07,0,True,scenarios/size_scan_8unit__m08__k08__f02__v0p80__43b14b9a2ba51409e2cb
size_scan_8unit,NOR2_X6A_A9TL40__signal_A,8,3,8,0.8,,800.2343689999999,780.80783,451.3456039999999,237.34487299999995,0.797969028,-1.057570536e-06,0,True,scenarios/size_scan_8unit__m08__k08__f03__v0p80__2d25147615cbebdd3147
size_scan_8unit,NOR2_X6A_A9TL40__signal_A,8,4,8,0.8,,816.0821740000001,782.395137,480.708428,254.73033699999942,0.7971540994,2.505182716e-07,0,True,scenarios/size_scan_8unit__m08__k08__f04__v0p80__a8a2d19f484065cc98df
size_scan_8unit,NOR2_X6A_A9TL40__signal_A,8,5,8,0.8,,832.9146729999999,784.225596,506.6434399999998,271.611926,0.7961309129,-7.018139038e-06,0,True,scenarios/size_scan_8unit__m08__k08__f05__v0p80__e1e8e1e2ba0e579146ed
size_scan_8unit,NOR2_X6A_A9TL40__signal_A,8,6,8,0.8,,850.5514009999999,786.0004529999993,538.4772719999999,288.20126500000003,0.7945681029,-7.123082335e-06,0,True,scenarios/size_scan_8unit__m08__k08__f06__v0p80__5ce77e876ea2b259b0f3
size_scan_8unit,NOR2_X6A_A9TL40__signal_A,8,7,8,0.8,,869.2046869999998,787.7188319999997,567.3335730000001,305.9678140000005,0.79366337,1.138166851e-06,0,True,scenarios/size_scan_8unit__m08__k08__f07__v0p80__2759fb874cf42fffbb18
size_scan_8unit,NOR2_X6A_A9TL40__signal_A,8,8,8,0.8,,888.2416850000002,789.3820769999998,595.5159639999998,323.1554219999997,0.7913444645,1.269859055e-05,0,True,scenarios/size_scan_8unit__m08__k08__f08__v0p80__a2513b2c6192fc468448
size_scan_8unit,NOR2_X6A_A9TL40__signal_B,8,0,8,1.1,,428.23563100000007,385.62519799999944,261.4143760000001,151.92339499999994,1.0996920925,9.257067544e-08,0,True,scenarios/size_scan_8unit__m08__k08__f00__v1p10__1378c3014d9d2496f05b
size_scan_8unit,NOR2_X6A_A9TL40__signal_B,8,1,8,1.1,,431.9115779999999,386.1430809999999,270.31647400000014,154.73124600000017,1.099676373,1.492939022e-06,0,True,scenarios/size_scan_8unit__m08__k08__f01__v1p10__9ed618f660100796560b
size_scan_8unit,NOR2_X6A_A9TL40__signal_B,8,2,8,1.1,,436.24167900000003,387.3323179999999,277.95942099999996,160.22020800000053,1.0996526219,1.986453676e-06,0,True,scenarios/size_scan_8unit__m08__k08__f02__v1p10__7e170863ad04dd0c6f75
size_scan_8unit,NOR2_X6A_A9TL40__signal_B,8,3,8,1.1,,440.9526369999999,388.51983800000005,287.5164799999999,166.10811,1.0996277968,3.383582106e-06,0,True,scenarios/size_scan_8unit__m08__k08__f03__v1p10__317e63e7e5d76e6b8f32
size_scan_8unit,NOR2_X6A_A9TL40__signal_B,8,4,8,1.1,,445.99011100000007,389.7910459999995,297.4273109999998,171.7080119999995,1.0996019572,3.198581676e-06,0,True,scenarios/size_scan_8unit__m08__k08__f04__v1p10__074433370b663dfec54c
size_scan_8unit,NOR2_X6A_A9TL40__signal_B,8,5,8,1.1,,451.28584599999994,391.0353099999995,308.187478,177.43842899999984,1.0995720259,3.384914577e-06,0,True,scenarios/size_scan_8unit__m08__k08__f05__v1p10__10f0468d738dbeaf9de8
size_scan_8unit,NOR2_X6A_A9TL40__signal_B,8,6,8,1.1,,457.0434979999999,392.2835509999999,317.05731400000013,183.2774829999998,1.0995417352,3.58461243e-06,0,True,scenarios/size_scan_8unit__m08__k08__f06__v1p10__9930a09209377a672ee8
size_scan_8unit,NOR2_X6A_A9TL40__signal_B,8,7,8,1.1,,462.91887499999996,393.53228099999956,327.0552600000001,189.29225200000005,1.0995095883,3.315577485e-06,0,True,scenarios/size_scan_8unit__m08__k08__f07__v1p10__e73a480b63cacddf9579
size_scan_8unit,NOR2_X6A_A9TL40__signal_B,8,8,8,1.1,,467.8259759999999,394.7534649999993,333.0365170000001,195.3087089999999,1.0994838353,2.797355668e-06,0,True,scenarios/size_scan_8unit__m08__k08__f08__v1p10__3f9d20e7d9c3e880645e
size_scan_8unit,NOR2_X6A_A9TL40__signal_B,8,0,8,0.95,,553.337049,510.6029700000001,316.4795050000001,179.99862999999968,0.9497386013,1.294378729e-06,0,True,scenarios/size_scan_8unit__m08__k08__f00__v0p95__41db3abcf9c679a7de0f
size_scan_8unit,NOR2_X6A_A9TL40__signal_B,8,1,8,0.95,,557.028016,511.47115699999944,328.345652,183.1490469999998,0.949642814,1.217571053e-06,0,True,scenarios/size_scan_8unit__m08__k08__f01__v0p95__3cc1a6b5d1de43c7ebef
size_scan_8unit,NOR2_X6A_A9TL40__signal_B,8,2,8,0.95,,561.1447989999999,512.8297659999996,341.7391700000001,189.9108509999994,0.9495924923,1.911179172e-06,0,True,scenarios/size_scan_8unit__m08__k08__f02__v0p95__4a7337ac3bb04778bed6
size_scan_8unit,NOR2_X6A_A9TL40__signal_B,8,3,8,0.95,,565.4617450000001,513.7680749999997,352.45120800000007,198.11489399999968,0.9495159645,-1.239638354e-06,0,True,scenarios/size_scan_8unit__m08__k08__f03__v0p95__8c8ab4143f6951aaf370
size_scan_8unit,NOR2_X6A_A9TL40__signal_B,8,4,8,0.95,,570.2977360000001,514.9863879999997,362.021149,205.33525699999956,0.9494384449,-1.227013617e-06,0,True,scenarios/size_scan_8unit__m08__k08__f04__v0p95__72803d1e4287e015aadf
size_scan_8unit,NOR2_X6A_A9TL40__signal_B,8,5,8,0.95,,576.1962869999999,516.2161499999997,375.67444399999994,212.0830069999999,0.9493744114,1.677453255e-06,0,True,scenarios/size_scan_8unit__m08__k08__f05__v0p95__cc51097773f821a32671
size_scan_8unit,NOR2_X6A_A9TL40__signal_B,8,6,8,0.95,,582.694111,517.4208199999996,385.6157709999999,219.11790799999923,0.9493011967,1.394071545e-06,0,True,scenarios/size_scan_8unit__m08__k08__f06__v0p95__74306ce673202093f6b8
size_scan_8unit,NOR2_X6A_A9TL40__signal_B,8,7,8,0.95,,589.7280850000001,518.5787339999994,400.2435180000001,226.05995100000007,0.9491905927,2.916779458e-06,0,True,scenarios/size_scan_8unit__m08__k08__f07__v0p95__4cfef1263edb1054b276
size_scan_8unit,NOR2_X6A_A9TL40__signal_B,8,8,8,0.95,,597.2104590000001,519.8776529999993,409.63000200000005,233.2532819999998,0.9491025541,1.374085628e-06,0,True,scenarios/size_scan_8unit__m08__k08__f08__v0p95__e4195c679e00560e5841
size_scan_8unit,NOR2_X6A_A9TL40__signal_B,8,0,8,0.8,,817.350572,784.6331939999998,433.39238299999977,231.80569199999977,0.7979509615,3.85311976e-06,0,True,scenarios/size_scan_8unit__m08__k08__f00__v0p80__eca751a67de5a6ac0c86
size_scan_8unit,NOR2_X6A_A9TL40__signal_B,8,1,8,0.8,,820.393859,785.0170489999996,448.2671189999998,242.3776990000001,0.7973340647,-1.87842829e-05,0,True,scenarios/size_scan_8unit__m08__k08__f01__v0p80__77889c91877ee90a6a03
size_scan_8unit,NOR2_X6A_A9TL40__signal_B,8,2,8,0.8,,824.1637609999999,785.6921359999994,465.36937099999983,253.90880899999974,0.7967773721,1.016541663e-06,0,True,scenarios/size_scan_8unit__m08__k08__f02__v0p80__dff68e2162a975aa2b85
size_scan_8unit,NOR2_X6A_A9TL40__signal_B,8,3,8,0.8,,828.048086,785.9657529999998,483.4135289999999,264.62781999999953,0.7961765509,-4.661644396e-07,0,True,scenarios/size_scan_8unit__m08__k08__f03__v0p80__a4af64c1d21cdb80011d
size_scan_8unit,NOR2_X6A_A9TL40__signal_B,8,4,8,0.8,,832.0423239999999,787.137939,499.0676950000002,274.8111220000001,0.7950823755,-1.540206277e-05,0,True,scenarios/size_scan_8unit__m08__k08__f04__v0p80__1089fce5a6ba946ca580
size_scan_8unit,NOR2_X6A_A9TL40__signal_B,8,5,8,0.8,,836.1421250000001,787.3524709999996,516.9060470000002,285.89591999999965,0.7938065989,1.941988731e-06,0,True,scenarios/size_scan_8unit__m08__k08__f05__v0p80__e5077a690f88d1ad51c9
size_scan_8unit,NOR2_X6A_A9TL40__signal_B,8,6,8,0.8,,841.708405,788.0710759999994,533.7580159999999,296.1126539999999,0.7925846177,5.453999174e-07,0,True,scenarios/size_scan_8unit__m08__k08__f06__v0p80__9a56cd6b090db8a2e0d3
size_scan_8unit,NOR2_X6A_A9TL40__signal_B,8,7,8,0.8,,848.273162,789.0685039999997,550.82685,306.29317400000065,0.7916467122,8.28349619e-06,0,True,scenarios/size_scan_8unit__m08__k08__f07__v0p80__20107196ac30b191e469
size_scan_8unit,NOR2_X6A_A9TL40__signal_B,8,8,8,0.8,,855.518063,789.5629049999995,566.9132230000001,316.29205800000017,0.7902201026,6.486287102e-06,0,True,scenarios/size_scan_8unit__m08__k08__f08__v0p80__8cfee962f06edda9da1e
