 
****************************************
Report : timing
        -path full
        -delay min
        -input_pins
        -nets
        -max_paths 80
        -transition_time
        -capacitance
Design : ftc_detection_margin_manager
Version: W-2024.09
Date   : Sun Aug 23 13:28:07 2026
****************************************

Operating Conditions: ss_typical_max_0p99v_125c   Library: sc9mc_logic0040ll_base_rvt_c40_ss_typical_max_0p99v_125c
Wire Load Model Mode: top

  Startpoint: target_fine_therm_q_reg[9]
              (rising edge-triggered flip-flop clocked by cal_clk)
  Endpoint: det_fine_therm_q_reg[9]
            (rising edge-triggered flip-flop clocked by cal_clk)
  Path Group: cal_clk
  Path Type: min

  Des/Clust/Port     Wire Load Model       Library
  ------------------------------------------------
  ftc_detection_margin_manager
                     Small                 sc9mc_logic0040ll_base_rvt_c40_ss_typical_max_0p99v_125c

  Point                                       Fanout       Cap     Trans      Incr       Path
  ----------------------------------------------------------------------------------------------
  clock cal_clk (rise edge)                                               0.000000   0.000000
  clock network delay (ideal)                                             0.000000   0.000000
  target_fine_therm_q_reg[9]/CK (DFFSQ_X1M_A9TR40)              0.050000  0.000000   0.000000 r
  target_fine_therm_q_reg[9]/Q (DFFSQ_X1M_A9TR40) <-            0.049198  0.282924   0.282924 f
  target_fine_therm_q[9] (net)                  2     0.002488            0.000000   0.282924 f
  U63/B0 (AOI22_X0P5M_A9TR40)                                   0.049198  0.000017   0.282941 f
  U63/Y (AOI22_X0P5M_A9TR40)                                    0.107472  0.078886   0.361827 r
  n31 (net)                                     1     0.001401            0.000000   0.361827 r
  U62/A0N (AO1B2_X0P5M_A9TR40)                                  0.107472  0.000024   0.361851 r
  U62/Y (AO1B2_X0P5M_A9TR40)                                    0.087856  0.094714   0.456565 f
  n93 (net)                                     1     0.001556            0.000000   0.456565 f
  det_fine_therm_q_reg[9]/D (DFFSQ_X1M_A9TR40)                  0.087856  0.000027   0.456592 f
  data arrival time                                                                  0.456592

  clock cal_clk (rise edge)                                               0.000000   0.000000
  clock network delay (ideal)                                             0.000000   0.000000
  clock uncertainty                                                       0.020000   0.020000
  det_fine_therm_q_reg[9]/CK (DFFSQ_X1M_A9TR40)                           0.000000   0.020000 r
  library hold time                                                       0.040590   0.060590
  data required time                                                                 0.060590
  ----------------------------------------------------------------------------------------------
  data required time                                                                 0.060590
  data arrival time                                                                  -0.456592
  ----------------------------------------------------------------------------------------------
  slack (MET)                                                                        0.396001


  Startpoint: target_fine_therm_q_reg[8]
              (rising edge-triggered flip-flop clocked by cal_clk)
  Endpoint: det_fine_therm_q_reg[8]
            (rising edge-triggered flip-flop clocked by cal_clk)
  Path Group: cal_clk
  Path Type: min

  Des/Clust/Port     Wire Load Model       Library
  ------------------------------------------------
  ftc_detection_margin_manager
                     Small                 sc9mc_logic0040ll_base_rvt_c40_ss_typical_max_0p99v_125c

  Point                                       Fanout       Cap     Trans      Incr       Path
  ----------------------------------------------------------------------------------------------
  clock cal_clk (rise edge)                                               0.000000   0.000000
  clock network delay (ideal)                                             0.000000   0.000000
  target_fine_therm_q_reg[8]/CK (DFFSQ_X1M_A9TR40)              0.050000  0.000000   0.000000 r
  target_fine_therm_q_reg[8]/Q (DFFSQ_X1M_A9TR40) <-            0.049198  0.282924   0.282924 f
  target_fine_therm_q[8] (net)                  2     0.002488            0.000000   0.282924 f
  U60/B0 (AOI22_X0P5M_A9TR40)                                   0.049198  0.000017   0.282941 f
  U60/Y (AOI22_X0P5M_A9TR40)                                    0.107472  0.078886   0.361827 r
  n30 (net)                                     1     0.001401            0.000000   0.361827 r
  U59/A0N (AO1B2_X0P5M_A9TR40)                                  0.107472  0.000024   0.361851 r
  U59/Y (AO1B2_X0P5M_A9TR40)                                    0.087856  0.094714   0.456565 f
  n91 (net)                                     1     0.001556            0.000000   0.456565 f
  det_fine_therm_q_reg[8]/D (DFFSQ_X1M_A9TR40)                  0.087856  0.000027   0.456592 f
  data arrival time                                                                  0.456592

  clock cal_clk (rise edge)                                               0.000000   0.000000
  clock network delay (ideal)                                             0.000000   0.000000
  clock uncertainty                                                       0.020000   0.020000
  det_fine_therm_q_reg[8]/CK (DFFSQ_X1M_A9TR40)                           0.000000   0.020000 r
  library hold time                                                       0.040590   0.060590
  data required time                                                                 0.060590
  ----------------------------------------------------------------------------------------------
  data required time                                                                 0.060590
  data arrival time                                                                  -0.456592
  ----------------------------------------------------------------------------------------------
  slack (MET)                                                                        0.396001


  Startpoint: target_fine_therm_q_reg[7]
              (rising edge-triggered flip-flop clocked by cal_clk)
  Endpoint: det_fine_therm_q_reg[7]
            (rising edge-triggered flip-flop clocked by cal_clk)
  Path Group: cal_clk
  Path Type: min

  Des/Clust/Port     Wire Load Model       Library
  ------------------------------------------------
  ftc_detection_margin_manager
                     Small                 sc9mc_logic0040ll_base_rvt_c40_ss_typical_max_0p99v_125c

  Point                                       Fanout       Cap     Trans      Incr       Path
  ----------------------------------------------------------------------------------------------
  clock cal_clk (rise edge)                                               0.000000   0.000000
  clock network delay (ideal)                                             0.000000   0.000000
  target_fine_therm_q_reg[7]/CK (DFFSQ_X1M_A9TR40)              0.050000  0.000000   0.000000 r
  target_fine_therm_q_reg[7]/Q (DFFSQ_X1M_A9TR40) <-            0.049198  0.282924   0.282924 f
  target_fine_therm_q[7] (net)                  2     0.002488            0.000000   0.282924 f
  U57/B0 (AOI22_X0P5M_A9TR40)                                   0.049198  0.000017   0.282941 f
  U57/Y (AOI22_X0P5M_A9TR40)                                    0.107472  0.078886   0.361827 r
  n29 (net)                                     1     0.001401            0.000000   0.361827 r
  U56/A0N (AO1B2_X0P5M_A9TR40)                                  0.107472  0.000024   0.361851 r
  U56/Y (AO1B2_X0P5M_A9TR40)                                    0.087856  0.094714   0.456565 f
  n89 (net)                                     1     0.001556            0.000000   0.456565 f
  det_fine_therm_q_reg[7]/D (DFFSQ_X1M_A9TR40)                  0.087856  0.000027   0.456592 f
  data arrival time                                                                  0.456592

  clock cal_clk (rise edge)                                               0.000000   0.000000
  clock network delay (ideal)                                             0.000000   0.000000
  clock uncertainty                                                       0.020000   0.020000
  det_fine_therm_q_reg[7]/CK (DFFSQ_X1M_A9TR40)                           0.000000   0.020000 r
  library hold time                                                       0.040590   0.060590
  data required time                                                                 0.060590
  ----------------------------------------------------------------------------------------------
  data required time                                                                 0.060590
  data arrival time                                                                  -0.456592
  ----------------------------------------------------------------------------------------------
  slack (MET)                                                                        0.396001


  Startpoint: target_fine_therm_q_reg[6]
              (rising edge-triggered flip-flop clocked by cal_clk)
  Endpoint: det_fine_therm_q_reg[6]
            (rising edge-triggered flip-flop clocked by cal_clk)
  Path Group: cal_clk
  Path Type: min

  Des/Clust/Port     Wire Load Model       Library
  ------------------------------------------------
  ftc_detection_margin_manager
                     Small                 sc9mc_logic0040ll_base_rvt_c40_ss_typical_max_0p99v_125c

  Point                                       Fanout       Cap     Trans      Incr       Path
  ----------------------------------------------------------------------------------------------
  clock cal_clk (rise edge)                                               0.000000   0.000000
  clock network delay (ideal)                                             0.000000   0.000000
  target_fine_therm_q_reg[6]/CK (DFFSQ_X1M_A9TR40)              0.050000  0.000000   0.000000 r
  target_fine_therm_q_reg[6]/Q (DFFSQ_X1M_A9TR40) <-            0.049198  0.282924   0.282924 f
  target_fine_therm_q[6] (net)                  2     0.002488            0.000000   0.282924 f
  U54/B0 (AOI22_X0P5M_A9TR40)                                   0.049198  0.000017   0.282941 f
  U54/Y (AOI22_X0P5M_A9TR40)                                    0.107472  0.078886   0.361827 r
  n28 (net)                                     1     0.001401            0.000000   0.361827 r
  U53/A0N (AO1B2_X0P5M_A9TR40)                                  0.107472  0.000024   0.361851 r
  U53/Y (AO1B2_X0P5M_A9TR40)                                    0.087856  0.094714   0.456565 f
  n87 (net)                                     1     0.001556            0.000000   0.456565 f
  det_fine_therm_q_reg[6]/D (DFFSQ_X1M_A9TR40)                  0.087856  0.000027   0.456592 f
  data arrival time                                                                  0.456592

  clock cal_clk (rise edge)                                               0.000000   0.000000
  clock network delay (ideal)                                             0.000000   0.000000
  clock uncertainty                                                       0.020000   0.020000
  det_fine_therm_q_reg[6]/CK (DFFSQ_X1M_A9TR40)                           0.000000   0.020000 r
  library hold time                                                       0.040590   0.060590
  data required time                                                                 0.060590
  ----------------------------------------------------------------------------------------------
  data required time                                                                 0.060590
  data arrival time                                                                  -0.456592
  ----------------------------------------------------------------------------------------------
  slack (MET)                                                                        0.396001


  Startpoint: target_fine_therm_q_reg[5]
              (rising edge-triggered flip-flop clocked by cal_clk)
  Endpoint: det_fine_therm_q_reg[5]
            (rising edge-triggered flip-flop clocked by cal_clk)
  Path Group: cal_clk
  Path Type: min

  Des/Clust/Port     Wire Load Model       Library
  ------------------------------------------------
  ftc_detection_margin_manager
                     Small                 sc9mc_logic0040ll_base_rvt_c40_ss_typical_max_0p99v_125c

  Point                                       Fanout       Cap     Trans      Incr       Path
  ----------------------------------------------------------------------------------------------
  clock cal_clk (rise edge)                                               0.000000   0.000000
  clock network delay (ideal)                                             0.000000   0.000000
  target_fine_therm_q_reg[5]/CK (DFFSQ_X1M_A9TR40)              0.050000  0.000000   0.000000 r
  target_fine_therm_q_reg[5]/Q (DFFSQ_X1M_A9TR40) <-            0.049198  0.282924   0.282924 f
  target_fine_therm_q[5] (net)                  2     0.002488            0.000000   0.282924 f
  U51/B0 (AOI22_X0P5M_A9TR40)                                   0.049198  0.000017   0.282941 f
  U51/Y (AOI22_X0P5M_A9TR40)                                    0.107472  0.078886   0.361827 r
  n27 (net)                                     1     0.001401            0.000000   0.361827 r
  U50/A0N (AO1B2_X0P5M_A9TR40)                                  0.107472  0.000024   0.361851 r
  U50/Y (AO1B2_X0P5M_A9TR40)                                    0.087856  0.094714   0.456565 f
  n85 (net)                                     1     0.001556            0.000000   0.456565 f
  det_fine_therm_q_reg[5]/D (DFFSQ_X1M_A9TR40)                  0.087856  0.000027   0.456592 f
  data arrival time                                                                  0.456592

  clock cal_clk (rise edge)                                               0.000000   0.000000
  clock network delay (ideal)                                             0.000000   0.000000
  clock uncertainty                                                       0.020000   0.020000
  det_fine_therm_q_reg[5]/CK (DFFSQ_X1M_A9TR40)                           0.000000   0.020000 r
  library hold time                                                       0.040590   0.060590
  data required time                                                                 0.060590
  ----------------------------------------------------------------------------------------------
  data required time                                                                 0.060590
  data arrival time                                                                  -0.456592
  ----------------------------------------------------------------------------------------------
  slack (MET)                                                                        0.396001


  Startpoint: target_fine_therm_q_reg[4]
              (rising edge-triggered flip-flop clocked by cal_clk)
  Endpoint: det_fine_therm_q_reg[4]
            (rising edge-triggered flip-flop clocked by cal_clk)
  Path Group: cal_clk
  Path Type: min

  Des/Clust/Port     Wire Load Model       Library
  ------------------------------------------------
  ftc_detection_margin_manager
                     Small                 sc9mc_logic0040ll_base_rvt_c40_ss_typical_max_0p99v_125c

  Point                                       Fanout       Cap     Trans      Incr       Path
  ----------------------------------------------------------------------------------------------
  clock cal_clk (rise edge)                                               0.000000   0.000000
  clock network delay (ideal)                                             0.000000   0.000000
  target_fine_therm_q_reg[4]/CK (DFFSQ_X1M_A9TR40)              0.050000  0.000000   0.000000 r
  target_fine_therm_q_reg[4]/Q (DFFSQ_X1M_A9TR40) <-            0.049198  0.282924   0.282924 f
  target_fine_therm_q[4] (net)                  2     0.002488            0.000000   0.282924 f
  U48/B0 (AOI22_X0P5M_A9TR40)                                   0.049198  0.000017   0.282941 f
  U48/Y (AOI22_X0P5M_A9TR40)                                    0.107472  0.078886   0.361827 r
  n26 (net)                                     1     0.001401            0.000000   0.361827 r
  U47/A0N (AO1B2_X0P5M_A9TR40)                                  0.107472  0.000024   0.361851 r
  U47/Y (AO1B2_X0P5M_A9TR40)                                    0.087856  0.094714   0.456565 f
  n83 (net)                                     1     0.001556            0.000000   0.456565 f
  det_fine_therm_q_reg[4]/D (DFFSQ_X1M_A9TR40)                  0.087856  0.000027   0.456592 f
  data arrival time                                                                  0.456592

  clock cal_clk (rise edge)                                               0.000000   0.000000
  clock network delay (ideal)                                             0.000000   0.000000
  clock uncertainty                                                       0.020000   0.020000
  det_fine_therm_q_reg[4]/CK (DFFSQ_X1M_A9TR40)                           0.000000   0.020000 r
  library hold time                                                       0.040590   0.060590
  data required time                                                                 0.060590
  ----------------------------------------------------------------------------------------------
  data required time                                                                 0.060590
  data arrival time                                                                  -0.456592
  ----------------------------------------------------------------------------------------------
  slack (MET)                                                                        0.396001


  Startpoint: target_fine_therm_q_reg[3]
              (rising edge-triggered flip-flop clocked by cal_clk)
  Endpoint: det_fine_therm_q_reg[3]
            (rising edge-triggered flip-flop clocked by cal_clk)
  Path Group: cal_clk
  Path Type: min

  Des/Clust/Port     Wire Load Model       Library
  ------------------------------------------------
  ftc_detection_margin_manager
                     Small                 sc9mc_logic0040ll_base_rvt_c40_ss_typical_max_0p99v_125c

  Point                                       Fanout       Cap     Trans      Incr       Path
  ----------------------------------------------------------------------------------------------
  clock cal_clk (rise edge)                                               0.000000   0.000000
  clock network delay (ideal)                                             0.000000   0.000000
  target_fine_therm_q_reg[3]/CK (DFFSQ_X1M_A9TR40)              0.050000  0.000000   0.000000 r
  target_fine_therm_q_reg[3]/Q (DFFSQ_X1M_A9TR40) <-            0.049198  0.282924   0.282924 f
  target_fine_therm_q[3] (net)                  2     0.002488            0.000000   0.282924 f
  U45/B0 (AOI22_X0P5M_A9TR40)                                   0.049198  0.000017   0.282941 f
  U45/Y (AOI22_X0P5M_A9TR40)                                    0.107472  0.078886   0.361827 r
  n25 (net)                                     1     0.001401            0.000000   0.361827 r
  U44/A0N (AO1B2_X0P5M_A9TR40)                                  0.107472  0.000024   0.361851 r
  U44/Y (AO1B2_X0P5M_A9TR40)                                    0.087856  0.094714   0.456565 f
  n81 (net)                                     1     0.001556            0.000000   0.456565 f
  det_fine_therm_q_reg[3]/D (DFFSQ_X1M_A9TR40)                  0.087856  0.000027   0.456592 f
  data arrival time                                                                  0.456592

  clock cal_clk (rise edge)                                               0.000000   0.000000
  clock network delay (ideal)                                             0.000000   0.000000
  clock uncertainty                                                       0.020000   0.020000
  det_fine_therm_q_reg[3]/CK (DFFSQ_X1M_A9TR40)                           0.000000   0.020000 r
  library hold time                                                       0.040590   0.060590
  data required time                                                                 0.060590
  ----------------------------------------------------------------------------------------------
  data required time                                                                 0.060590
  data arrival time                                                                  -0.456592
  ----------------------------------------------------------------------------------------------
  slack (MET)                                                                        0.396001


  Startpoint: target_fine_therm_q_reg[2]
              (rising edge-triggered flip-flop clocked by cal_clk)
  Endpoint: det_fine_therm_q_reg[2]
            (rising edge-triggered flip-flop clocked by cal_clk)
  Path Group: cal_clk
  Path Type: min

  Des/Clust/Port     Wire Load Model       Library
  ------------------------------------------------
  ftc_detection_margin_manager
                     Small                 sc9mc_logic0040ll_base_rvt_c40_ss_typical_max_0p99v_125c

  Point                                       Fanout       Cap     Trans      Incr       Path
  ----------------------------------------------------------------------------------------------
  clock cal_clk (rise edge)                                               0.000000   0.000000
  clock network delay (ideal)                                             0.000000   0.000000
  target_fine_therm_q_reg[2]/CK (DFFSQ_X1M_A9TR40)              0.050000  0.000000   0.000000 r
  target_fine_therm_q_reg[2]/Q (DFFSQ_X1M_A9TR40) <-            0.049198  0.282924   0.282924 f
  target_fine_therm_q[2] (net)                  2     0.002488            0.000000   0.282924 f
  U42/B0 (AOI22_X0P5M_A9TR40)                                   0.049198  0.000017   0.282941 f
  U42/Y (AOI22_X0P5M_A9TR40)                                    0.107472  0.078886   0.361827 r
  n24 (net)                                     1     0.001401            0.000000   0.361827 r
  U41/A0N (AO1B2_X0P5M_A9TR40)                                  0.107472  0.000024   0.361851 r
  U41/Y (AO1B2_X0P5M_A9TR40)                                    0.087856  0.094714   0.456565 f
  n79 (net)                                     1     0.001556            0.000000   0.456565 f
  det_fine_therm_q_reg[2]/D (DFFSQ_X1M_A9TR40)                  0.087856  0.000027   0.456592 f
  data arrival time                                                                  0.456592

  clock cal_clk (rise edge)                                               0.000000   0.000000
  clock network delay (ideal)                                             0.000000   0.000000
  clock uncertainty                                                       0.020000   0.020000
  det_fine_therm_q_reg[2]/CK (DFFSQ_X1M_A9TR40)                           0.000000   0.020000 r
  library hold time                                                       0.040590   0.060590
  data required time                                                                 0.060590
  ----------------------------------------------------------------------------------------------
  data required time                                                                 0.060590
  data arrival time                                                                  -0.456592
  ----------------------------------------------------------------------------------------------
  slack (MET)                                                                        0.396001


  Startpoint: target_fine_therm_q_reg[1]
              (rising edge-triggered flip-flop clocked by cal_clk)
  Endpoint: det_fine_therm_q_reg[1]
            (rising edge-triggered flip-flop clocked by cal_clk)
  Path Group: cal_clk
  Path Type: min

  Des/Clust/Port     Wire Load Model       Library
  ------------------------------------------------
  ftc_detection_margin_manager
                     Small                 sc9mc_logic0040ll_base_rvt_c40_ss_typical_max_0p99v_125c

  Point                                       Fanout       Cap     Trans      Incr       Path
  ----------------------------------------------------------------------------------------------
  clock cal_clk (rise edge)                                               0.000000   0.000000
  clock network delay (ideal)                                             0.000000   0.000000
  target_fine_therm_q_reg[1]/CK (DFFSQ_X1M_A9TR40)              0.050000  0.000000   0.000000 r
  target_fine_therm_q_reg[1]/Q (DFFSQ_X1M_A9TR40) <-            0.049198  0.282924   0.282924 f
  target_fine_therm_q[1] (net)                  2     0.002488            0.000000   0.282924 f
  U39/B0 (AOI22_X0P5M_A9TR40)                                   0.049198  0.000017   0.282941 f
  U39/Y (AOI22_X0P5M_A9TR40)                                    0.107472  0.078886   0.361827 r
  n23 (net)                                     1     0.001401            0.000000   0.361827 r
  U38/A0N (AO1B2_X0P5M_A9TR40)                                  0.107472  0.000024   0.361851 r
  U38/Y (AO1B2_X0P5M_A9TR40)                                    0.087856  0.094714   0.456565 f
  n77 (net)                                     1     0.001556            0.000000   0.456565 f
  det_fine_therm_q_reg[1]/D (DFFSQ_X1M_A9TR40)                  0.087856  0.000027   0.456592 f
  data arrival time                                                                  0.456592

  clock cal_clk (rise edge)                                               0.000000   0.000000
  clock network delay (ideal)                                             0.000000   0.000000
  clock uncertainty                                                       0.020000   0.020000
  det_fine_therm_q_reg[1]/CK (DFFSQ_X1M_A9TR40)                           0.000000   0.020000 r
  library hold time                                                       0.040590   0.060590
  data required time                                                                 0.060590
  ----------------------------------------------------------------------------------------------
  data required time                                                                 0.060590
  data arrival time                                                                  -0.456592
  ----------------------------------------------------------------------------------------------
  slack (MET)                                                                        0.396001


  Startpoint: target_fine_therm_q_reg[0]
              (rising edge-triggered flip-flop clocked by cal_clk)
  Endpoint: det_fine_therm_q_reg[0]
            (rising edge-triggered flip-flop clocked by cal_clk)
  Path Group: cal_clk
  Path Type: min

  Des/Clust/Port     Wire Load Model       Library
  ------------------------------------------------
  ftc_detection_margin_manager
                     Small                 sc9mc_logic0040ll_base_rvt_c40_ss_typical_max_0p99v_125c

  Point                                       Fanout       Cap     Trans      Incr       Path
  ----------------------------------------------------------------------------------------------
  clock cal_clk (rise edge)                                               0.000000   0.000000
  clock network delay (ideal)                                             0.000000   0.000000
  target_fine_therm_q_reg[0]/CK (DFFSQ_X1M_A9TR40)              0.050000  0.000000   0.000000 r
  target_fine_therm_q_reg[0]/Q (DFFSQ_X1M_A9TR40) <-            0.049198  0.282924   0.282924 f
  target_fine_therm_q[0] (net)                  2     0.002488            0.000000   0.282924 f
  U36/B0 (AOI22_X0P5M_A9TR40)                                   0.049198  0.000017   0.282941 f
  U36/Y (AOI22_X0P5M_A9TR40)                                    0.107472  0.078886   0.361827 r
  n20 (net)                                     1     0.001401            0.000000   0.361827 r
  U35/A0N (AO1B2_X0P5M_A9TR40)                                  0.107472  0.000024   0.361851 r
  U35/Y (AO1B2_X0P5M_A9TR40)                                    0.087856  0.094714   0.456565 f
  n75 (net)                                     1     0.001556            0.000000   0.456565 f
  det_fine_therm_q_reg[0]/D (DFFSQ_X1M_A9TR40)                  0.087856  0.000027   0.456592 f
  data arrival time                                                                  0.456592

  clock cal_clk (rise edge)                                               0.000000   0.000000
  clock network delay (ideal)                                             0.000000   0.000000
  clock uncertainty                                                       0.020000   0.020000
  det_fine_therm_q_reg[0]/CK (DFFSQ_X1M_A9TR40)                           0.000000   0.020000 r
  library hold time                                                       0.040590   0.060590
  data required time                                                                 0.060590
  ----------------------------------------------------------------------------------------------
  data required time                                                                 0.060590
  data arrival time                                                                  -0.456592
  ----------------------------------------------------------------------------------------------
  slack (MET)                                                                        0.396001


  Startpoint: target_medium_therm_q_reg[7]
              (rising edge-triggered flip-flop clocked by cal_clk)
  Endpoint: det_medium_therm_q_reg[7]
            (rising edge-triggered flip-flop clocked by cal_clk)
  Path Group: cal_clk
  Path Type: min

  Des/Clust/Port     Wire Load Model       Library
  ------------------------------------------------
  ftc_detection_margin_manager
                     Small                 sc9mc_logic0040ll_base_rvt_c40_ss_typical_max_0p99v_125c

  Point                                       Fanout       Cap     Trans      Incr       Path
  ----------------------------------------------------------------------------------------------
  clock cal_clk (rise edge)                                               0.000000   0.000000
  clock network delay (ideal)                                             0.000000   0.000000
  target_medium_therm_q_reg[7]/CK (DFFRPQ_X1M_A9TR40)           0.050000  0.000000   0.000000 r
  target_medium_therm_q_reg[7]/Q (DFFRPQ_X1M_A9TR40) <-         0.050609  0.278242   0.278242 f
  target_medium_therm_q[7] (net)                2     0.002488            0.000000   0.278242 f
  U18/B0 (AOI22_X0P5M_A9TR40)                                   0.050609  0.000017   0.278260 f
  U18/Y (AOI22_X0P5M_A9TR40)                                    0.107682  0.079381   0.357641 r
  n11 (net)                                     1     0.001401            0.000000   0.357641 r
  U17/A0N (AO1B2_X0P5M_A9TR40)                                  0.107682  0.000024   0.357665 r
  U17/Y (AO1B2_X0P5M_A9TR40)                                    0.087302  0.094440   0.452105 f
  n66 (net)                                     1     0.001539            0.000000   0.452105 f
  det_medium_therm_q_reg[7]/D (DFFRPQ_X1M_A9TR40)               0.087302  0.000027   0.452131 f
  data arrival time                                                                  0.452131

  clock cal_clk (rise edge)                                               0.000000   0.000000
  clock network delay (ideal)                                             0.000000   0.000000
  clock uncertainty                                                       0.020000   0.020000
  det_medium_therm_q_reg[7]/CK (DFFRPQ_X1M_A9TR40)                        0.000000   0.020000 r
  library hold time                                                       0.027568   0.047568
  data required time                                                                 0.047568
  ----------------------------------------------------------------------------------------------
  data required time                                                                 0.047568
  data arrival time                                                                  -0.452131
  ----------------------------------------------------------------------------------------------
  slack (MET)                                                                        0.404564


  Startpoint: target_medium_therm_q_reg[6]
              (rising edge-triggered flip-flop clocked by cal_clk)
  Endpoint: det_medium_therm_q_reg[6]
            (rising edge-triggered flip-flop clocked by cal_clk)
  Path Group: cal_clk
  Path Type: min

  Des/Clust/Port     Wire Load Model       Library
  ------------------------------------------------
  ftc_detection_margin_manager
                     Small                 sc9mc_logic0040ll_base_rvt_c40_ss_typical_max_0p99v_125c

  Point                                       Fanout       Cap     Trans      Incr       Path
  ----------------------------------------------------------------------------------------------
  clock cal_clk (rise edge)                                               0.000000   0.000000
  clock network delay (ideal)                                             0.000000   0.000000
  target_medium_therm_q_reg[6]/CK (DFFRPQ_X1M_A9TR40)           0.050000  0.000000   0.000000 r
  target_medium_therm_q_reg[6]/Q (DFFRPQ_X1M_A9TR40) <-         0.050609  0.278242   0.278242 f
  target_medium_therm_q[6] (net)                2     0.002488            0.000000   0.278242 f
  U16/B0 (AOI22_X0P5M_A9TR40)                                   0.050609  0.000017   0.278260 f
  U16/Y (AOI22_X0P5M_A9TR40)                                    0.107682  0.079381   0.357641 r
  n10 (net)                                     1     0.001401            0.000000   0.357641 r
  U15/A0N (AO1B2_X0P5M_A9TR40)                                  0.107682  0.000024   0.357665 r
  U15/Y (AO1B2_X0P5M_A9TR40)                                    0.087302  0.094440   0.452105 f
  n65 (net)                                     1     0.001539            0.000000   0.452105 f
  det_medium_therm_q_reg[6]/D (DFFRPQ_X1M_A9TR40)               0.087302  0.000027   0.452131 f
  data arrival time                                                                  0.452131

  clock cal_clk (rise edge)                                               0.000000   0.000000
  clock network delay (ideal)                                             0.000000   0.000000
  clock uncertainty                                                       0.020000   0.020000
  det_medium_therm_q_reg[6]/CK (DFFRPQ_X1M_A9TR40)                        0.000000   0.020000 r
  library hold time                                                       0.027568   0.047568
  data required time                                                                 0.047568
  ----------------------------------------------------------------------------------------------
  data required time                                                                 0.047568
  data arrival time                                                                  -0.452131
  ----------------------------------------------------------------------------------------------
  slack (MET)                                                                        0.404564


  Startpoint: target_medium_therm_q_reg[5]
              (rising edge-triggered flip-flop clocked by cal_clk)
  Endpoint: det_medium_therm_q_reg[5]
            (rising edge-triggered flip-flop clocked by cal_clk)
  Path Group: cal_clk
  Path Type: min

  Des/Clust/Port     Wire Load Model       Library
  ------------------------------------------------
  ftc_detection_margin_manager
                     Small                 sc9mc_logic0040ll_base_rvt_c40_ss_typical_max_0p99v_125c

  Point                                       Fanout       Cap     Trans      Incr       Path
  ----------------------------------------------------------------------------------------------
  clock cal_clk (rise edge)                                               0.000000   0.000000
  clock network delay (ideal)                                             0.000000   0.000000
  target_medium_therm_q_reg[5]/CK (DFFRPQ_X1M_A9TR40)           0.050000  0.000000   0.000000 r
  target_medium_therm_q_reg[5]/Q (DFFRPQ_X1M_A9TR40) <-         0.050609  0.278242   0.278242 f
  target_medium_therm_q[5] (net)                2     0.002488            0.000000   0.278242 f
  U14/B0 (AOI22_X0P5M_A9TR40)                                   0.050609  0.000017   0.278260 f
  U14/Y (AOI22_X0P5M_A9TR40)                                    0.107682  0.079381   0.357641 r
  n9 (net)                                      1     0.001401            0.000000   0.357641 r
  U13/A0N (AO1B2_X0P5M_A9TR40)                                  0.107682  0.000024   0.357665 r
  U13/Y (AO1B2_X0P5M_A9TR40)                                    0.087302  0.094440   0.452105 f
  n64 (net)                                     1     0.001539            0.000000   0.452105 f
  det_medium_therm_q_reg[5]/D (DFFRPQ_X1M_A9TR40)               0.087302  0.000027   0.452131 f
  data arrival time                                                                  0.452131

  clock cal_clk (rise edge)                                               0.000000   0.000000
  clock network delay (ideal)                                             0.000000   0.000000
  clock uncertainty                                                       0.020000   0.020000
  det_medium_therm_q_reg[5]/CK (DFFRPQ_X1M_A9TR40)                        0.000000   0.020000 r
  library hold time                                                       0.027568   0.047568
  data required time                                                                 0.047568
  ----------------------------------------------------------------------------------------------
  data required time                                                                 0.047568
  data arrival time                                                                  -0.452131
  ----------------------------------------------------------------------------------------------
  slack (MET)                                                                        0.404564


  Startpoint: target_medium_therm_q_reg[4]
              (rising edge-triggered flip-flop clocked by cal_clk)
  Endpoint: det_medium_therm_q_reg[4]
            (rising edge-triggered flip-flop clocked by cal_clk)
  Path Group: cal_clk
  Path Type: min

  Des/Clust/Port     Wire Load Model       Library
  ------------------------------------------------
  ftc_detection_margin_manager
                     Small                 sc9mc_logic0040ll_base_rvt_c40_ss_typical_max_0p99v_125c

  Point                                       Fanout       Cap     Trans      Incr       Path
  ----------------------------------------------------------------------------------------------
  clock cal_clk (rise edge)                                               0.000000   0.000000
  clock network delay (ideal)                                             0.000000   0.000000
  target_medium_therm_q_reg[4]/CK (DFFRPQ_X1M_A9TR40)           0.050000  0.000000   0.000000 r
  target_medium_therm_q_reg[4]/Q (DFFRPQ_X1M_A9TR40) <-         0.050609  0.278242   0.278242 f
  target_medium_therm_q[4] (net)                2     0.002488            0.000000   0.278242 f
  U12/B0 (AOI22_X0P5M_A9TR40)                                   0.050609  0.000017   0.278260 f
  U12/Y (AOI22_X0P5M_A9TR40)                                    0.107682  0.079381   0.357641 r
  n8 (net)                                      1     0.001401            0.000000   0.357641 r
  U11/A0N (AO1B2_X0P5M_A9TR40)                                  0.107682  0.000024   0.357665 r
  U11/Y (AO1B2_X0P5M_A9TR40)                                    0.087302  0.094440   0.452105 f
  n63 (net)                                     1     0.001539            0.000000   0.452105 f
  det_medium_therm_q_reg[4]/D (DFFRPQ_X1M_A9TR40)               0.087302  0.000027   0.452131 f
  data arrival time                                                                  0.452131

  clock cal_clk (rise edge)                                               0.000000   0.000000
  clock network delay (ideal)                                             0.000000   0.000000
  clock uncertainty                                                       0.020000   0.020000
  det_medium_therm_q_reg[4]/CK (DFFRPQ_X1M_A9TR40)                        0.000000   0.020000 r
  library hold time                                                       0.027568   0.047568
  data required time                                                                 0.047568
  ----------------------------------------------------------------------------------------------
  data required time                                                                 0.047568
  data arrival time                                                                  -0.452131
  ----------------------------------------------------------------------------------------------
  slack (MET)                                                                        0.404564


  Startpoint: target_medium_therm_q_reg[3]
              (rising edge-triggered flip-flop clocked by cal_clk)
  Endpoint: det_medium_therm_q_reg[3]
            (rising edge-triggered flip-flop clocked by cal_clk)
  Path Group: cal_clk
  Path Type: min

  Des/Clust/Port     Wire Load Model       Library
  ------------------------------------------------
  ftc_detection_margin_manager
                     Small                 sc9mc_logic0040ll_base_rvt_c40_ss_typical_max_0p99v_125c

  Point                                       Fanout       Cap     Trans      Incr       Path
  ----------------------------------------------------------------------------------------------
  clock cal_clk (rise edge)                                               0.000000   0.000000
  clock network delay (ideal)                                             0.000000   0.000000
  target_medium_therm_q_reg[3]/CK (DFFRPQ_X1M_A9TR40)           0.050000  0.000000   0.000000 r
  target_medium_therm_q_reg[3]/Q (DFFRPQ_X1M_A9TR40) <-         0.050609  0.278242   0.278242 f
  target_medium_therm_q[3] (net)                2     0.002488            0.000000   0.278242 f
  U10/B0 (AOI22_X0P5M_A9TR40)                                   0.050609  0.000017   0.278260 f
  U10/Y (AOI22_X0P5M_A9TR40)                                    0.107682  0.079381   0.357641 r
  n7 (net)                                      1     0.001401            0.000000   0.357641 r
  U9/A0N (AO1B2_X0P5M_A9TR40)                                   0.107682  0.000024   0.357665 r
  U9/Y (AO1B2_X0P5M_A9TR40)                                     0.087302  0.094440   0.452105 f
  n62 (net)                                     1     0.001539            0.000000   0.452105 f
  det_medium_therm_q_reg[3]/D (DFFRPQ_X1M_A9TR40)               0.087302  0.000027   0.452131 f
  data arrival time                                                                  0.452131

  clock cal_clk (rise edge)                                               0.000000   0.000000
  clock network delay (ideal)                                             0.000000   0.000000
  clock uncertainty                                                       0.020000   0.020000
  det_medium_therm_q_reg[3]/CK (DFFRPQ_X1M_A9TR40)                        0.000000   0.020000 r
  library hold time                                                       0.027568   0.047568
  data required time                                                                 0.047568
  ----------------------------------------------------------------------------------------------
  data required time                                                                 0.047568
  data arrival time                                                                  -0.452131
  ----------------------------------------------------------------------------------------------
  slack (MET)                                                                        0.404564


  Startpoint: target_medium_therm_q_reg[2]
              (rising edge-triggered flip-flop clocked by cal_clk)
  Endpoint: det_medium_therm_q_reg[2]
            (rising edge-triggered flip-flop clocked by cal_clk)
  Path Group: cal_clk
  Path Type: min

  Des/Clust/Port     Wire Load Model       Library
  ------------------------------------------------
  ftc_detection_margin_manager
                     Small                 sc9mc_logic0040ll_base_rvt_c40_ss_typical_max_0p99v_125c

  Point                                       Fanout       Cap     Trans      Incr       Path
  ----------------------------------------------------------------------------------------------
  clock cal_clk (rise edge)                                               0.000000   0.000000
  clock network delay (ideal)                                             0.000000   0.000000
  target_medium_therm_q_reg[2]/CK (DFFRPQ_X1M_A9TR40)           0.050000  0.000000   0.000000 r
  target_medium_therm_q_reg[2]/Q (DFFRPQ_X1M_A9TR40) <-         0.050609  0.278242   0.278242 f
  target_medium_therm_q[2] (net)                2     0.002488            0.000000   0.278242 f
  U8/B0 (AOI22_X0P5M_A9TR40)                                    0.050609  0.000017   0.278260 f
  U8/Y (AOI22_X0P5M_A9TR40)                                     0.107682  0.079381   0.357641 r
  n6 (net)                                      1     0.001401            0.000000   0.357641 r
  U7/A0N (AO1B2_X0P5M_A9TR40)                                   0.107682  0.000024   0.357665 r
  U7/Y (AO1B2_X0P5M_A9TR40)                                     0.087302  0.094440   0.452105 f
  n61 (net)                                     1     0.001539            0.000000   0.452105 f
  det_medium_therm_q_reg[2]/D (DFFRPQ_X1M_A9TR40)               0.087302  0.000027   0.452131 f
  data arrival time                                                                  0.452131

  clock cal_clk (rise edge)                                               0.000000   0.000000
  clock network delay (ideal)                                             0.000000   0.000000
  clock uncertainty                                                       0.020000   0.020000
  det_medium_therm_q_reg[2]/CK (DFFRPQ_X1M_A9TR40)                        0.000000   0.020000 r
  library hold time                                                       0.027568   0.047568
  data required time                                                                 0.047568
  ----------------------------------------------------------------------------------------------
  data required time                                                                 0.047568
  data arrival time                                                                  -0.452131
  ----------------------------------------------------------------------------------------------
  slack (MET)                                                                        0.404564


  Startpoint: target_medium_therm_q_reg[1]
              (rising edge-triggered flip-flop clocked by cal_clk)
  Endpoint: det_medium_therm_q_reg[1]
            (rising edge-triggered flip-flop clocked by cal_clk)
  Path Group: cal_clk
  Path Type: min

  Des/Clust/Port     Wire Load Model       Library
  ------------------------------------------------
  ftc_detection_margin_manager
                     Small                 sc9mc_logic0040ll_base_rvt_c40_ss_typical_max_0p99v_125c

  Point                                       Fanout       Cap     Trans      Incr       Path
  ----------------------------------------------------------------------------------------------
  clock cal_clk (rise edge)                                               0.000000   0.000000
  clock network delay (ideal)                                             0.000000   0.000000
  target_medium_therm_q_reg[1]/CK (DFFRPQ_X1M_A9TR40)           0.050000  0.000000   0.000000 r
  target_medium_therm_q_reg[1]/Q (DFFRPQ_X1M_A9TR40) <-         0.050609  0.278242   0.278242 f
  target_medium_therm_q[1] (net)                2     0.002488            0.000000   0.278242 f
  U6/B0 (AOI22_X0P5M_A9TR40)                                    0.050609  0.000017   0.278260 f
  U6/Y (AOI22_X0P5M_A9TR40)                                     0.107682  0.079381   0.357641 r
  n5 (net)                                      1     0.001401            0.000000   0.357641 r
  U5/A0N (AO1B2_X0P5M_A9TR40)                                   0.107682  0.000024   0.357665 r
  U5/Y (AO1B2_X0P5M_A9TR40)                                     0.087302  0.094440   0.452105 f
  n60 (net)                                     1     0.001539            0.000000   0.452105 f
  det_medium_therm_q_reg[1]/D (DFFRPQ_X1M_A9TR40)               0.087302  0.000027   0.452131 f
  data arrival time                                                                  0.452131

  clock cal_clk (rise edge)                                               0.000000   0.000000
  clock network delay (ideal)                                             0.000000   0.000000
  clock uncertainty                                                       0.020000   0.020000
  det_medium_therm_q_reg[1]/CK (DFFRPQ_X1M_A9TR40)                        0.000000   0.020000 r
  library hold time                                                       0.027568   0.047568
  data required time                                                                 0.047568
  ----------------------------------------------------------------------------------------------
  data required time                                                                 0.047568
  data arrival time                                                                  -0.452131
  ----------------------------------------------------------------------------------------------
  slack (MET)                                                                        0.404564


  Startpoint: target_medium_therm_q_reg[0]
              (rising edge-triggered flip-flop clocked by cal_clk)
  Endpoint: det_medium_therm_q_reg[0]
            (rising edge-triggered flip-flop clocked by cal_clk)
  Path Group: cal_clk
  Path Type: min

  Des/Clust/Port     Wire Load Model       Library
  ------------------------------------------------
  ftc_detection_margin_manager
                     Small                 sc9mc_logic0040ll_base_rvt_c40_ss_typical_max_0p99v_125c

  Point                                       Fanout       Cap     Trans      Incr       Path
  ----------------------------------------------------------------------------------------------
  clock cal_clk (rise edge)                                               0.000000   0.000000
  clock network delay (ideal)                                             0.000000   0.000000
  target_medium_therm_q_reg[0]/CK (DFFRPQ_X1M_A9TR40)           0.050000  0.000000   0.000000 r
  target_medium_therm_q_reg[0]/Q (DFFRPQ_X1M_A9TR40) <-         0.050609  0.278242   0.278242 f
  target_medium_therm_q[0] (net)                2     0.002488            0.000000   0.278242 f
  U4/B0 (AOI22_X0P5M_A9TR40)                                    0.050609  0.000017   0.278260 f
  U4/Y (AOI22_X0P5M_A9TR40)                                     0.107682  0.079381   0.357641 r
  n2 (net)                                      1     0.001401            0.000000   0.357641 r
  U3/A0N (AO1B2_X0P5M_A9TR40)                                   0.107682  0.000024   0.357665 r
  U3/Y (AO1B2_X0P5M_A9TR40)                                     0.087302  0.094440   0.452105 f
  n59 (net)                                     1     0.001539            0.000000   0.452105 f
  det_medium_therm_q_reg[0]/D (DFFRPQ_X1M_A9TR40)               0.087302  0.000027   0.452131 f
  data arrival time                                                                  0.452131

  clock cal_clk (rise edge)                                               0.000000   0.000000
  clock network delay (ideal)                                             0.000000   0.000000
  clock uncertainty                                                       0.020000   0.020000
  det_medium_therm_q_reg[0]/CK (DFFRPQ_X1M_A9TR40)                        0.000000   0.020000 r
  library hold time                                                       0.027568   0.047568
  data required time                                                                 0.047568
  ----------------------------------------------------------------------------------------------
  data required time                                                                 0.047568
  data arrival time                                                                  -0.452131
  ----------------------------------------------------------------------------------------------
  slack (MET)                                                                        0.404564


  Startpoint: target_medium_therm_q_reg[15]
              (rising edge-triggered flip-flop clocked by cal_clk)
  Endpoint: det_medium_therm_q_reg[15]
            (rising edge-triggered flip-flop clocked by cal_clk)
  Path Group: cal_clk
  Path Type: min

  Des/Clust/Port     Wire Load Model       Library
  ------------------------------------------------
  ftc_detection_margin_manager
                     Small                 sc9mc_logic0040ll_base_rvt_c40_ss_typical_max_0p99v_125c

  Point                                       Fanout       Cap     Trans      Incr       Path
  ----------------------------------------------------------------------------------------------
  clock cal_clk (rise edge)                                               0.000000   0.000000
  clock network delay (ideal)                                             0.000000   0.000000
  target_medium_therm_q_reg[15]/CK (DFFRPQ_X1M_A9TR40)          0.050000  0.000000   0.000000 r
  target_medium_therm_q_reg[15]/Q (DFFRPQ_X1M_A9TR40) <-        0.050784  0.278359   0.278359 f
  target_medium_therm_q[15] (net)               2     0.002505            0.000000   0.278359 f
  U34/B0 (AOI22_X0P5M_A9TR40)                                   0.050784  0.000017   0.278377 f
  U34/Y (AOI22_X0P5M_A9TR40)                                    0.107709  0.079442   0.357819 r
  n19 (net)                                     1     0.001401            0.000000   0.357819 r
  U33/A0N (AO1B2_X0P5M_A9TR40)                                  0.107709  0.000024   0.357844 r
  U33/Y (AO1B2_X0P5M_A9TR40)                                    0.087304  0.094449   0.452293 f
  n74 (net)                                     1     0.001539            0.000000   0.452293 f
  det_medium_therm_q_reg[15]/D (DFFRPQ_X1M_A9TR40)              0.087304  0.000027   0.452320 f
  data arrival time                                                                  0.452320

  clock cal_clk (rise edge)                                               0.000000   0.000000
  clock network delay (ideal)                                             0.000000   0.000000
  clock uncertainty                                                       0.020000   0.020000
  det_medium_therm_q_reg[15]/CK (DFFRPQ_X1M_A9TR40)                       0.000000   0.020000 r
  library hold time                                                       0.027567   0.047567
  data required time                                                                 0.047567
  ----------------------------------------------------------------------------------------------
  data required time                                                                 0.047567
  data arrival time                                                                  -0.452320
  ----------------------------------------------------------------------------------------------
  slack (MET)                                                                        0.404753


  Startpoint: target_medium_therm_q_reg[14]
              (rising edge-triggered flip-flop clocked by cal_clk)
  Endpoint: det_medium_therm_q_reg[14]
            (rising edge-triggered flip-flop clocked by cal_clk)
  Path Group: cal_clk
  Path Type: min

  Des/Clust/Port     Wire Load Model       Library
  ------------------------------------------------
  ftc_detection_margin_manager
                     Small                 sc9mc_logic0040ll_base_rvt_c40_ss_typical_max_0p99v_125c

  Point                                       Fanout       Cap     Trans      Incr       Path
  ----------------------------------------------------------------------------------------------
  clock cal_clk (rise edge)                                               0.000000   0.000000
  clock network delay (ideal)                                             0.000000   0.000000
  target_medium_therm_q_reg[14]/CK (DFFRPQ_X1M_A9TR40)          0.050000  0.000000   0.000000 r
  target_medium_therm_q_reg[14]/Q (DFFRPQ_X1M_A9TR40) <-        0.050784  0.278359   0.278359 f
  target_medium_therm_q[14] (net)               2     0.002505            0.000000   0.278359 f
  U32/B0 (AOI22_X0P5M_A9TR40)                                   0.050784  0.000017   0.278377 f
  U32/Y (AOI22_X0P5M_A9TR40)                                    0.107709  0.079442   0.357819 r
  n18 (net)                                     1     0.001401            0.000000   0.357819 r
  U31/A0N (AO1B2_X0P5M_A9TR40)                                  0.107709  0.000024   0.357844 r
  U31/Y (AO1B2_X0P5M_A9TR40)                                    0.087304  0.094449   0.452293 f
  n73 (net)                                     1     0.001539            0.000000   0.452293 f
  det_medium_therm_q_reg[14]/D (DFFRPQ_X1M_A9TR40)              0.087304  0.000027   0.452320 f
  data arrival time                                                                  0.452320

  clock cal_clk (rise edge)                                               0.000000   0.000000
  clock network delay (ideal)                                             0.000000   0.000000
  clock uncertainty                                                       0.020000   0.020000
  det_medium_therm_q_reg[14]/CK (DFFRPQ_X1M_A9TR40)                       0.000000   0.020000 r
  library hold time                                                       0.027567   0.047567
  data required time                                                                 0.047567
  ----------------------------------------------------------------------------------------------
  data required time                                                                 0.047567
  data arrival time                                                                  -0.452320
  ----------------------------------------------------------------------------------------------
  slack (MET)                                                                        0.404753


  Startpoint: target_medium_therm_q_reg[13]
              (rising edge-triggered flip-flop clocked by cal_clk)
  Endpoint: det_medium_therm_q_reg[13]
            (rising edge-triggered flip-flop clocked by cal_clk)
  Path Group: cal_clk
  Path Type: min

  Des/Clust/Port     Wire Load Model       Library
  ------------------------------------------------
  ftc_detection_margin_manager
                     Small                 sc9mc_logic0040ll_base_rvt_c40_ss_typical_max_0p99v_125c

  Point                                       Fanout       Cap     Trans      Incr       Path
  ----------------------------------------------------------------------------------------------
  clock cal_clk (rise edge)                                               0.000000   0.000000
  clock network delay (ideal)                                             0.000000   0.000000
  target_medium_therm_q_reg[13]/CK (DFFRPQ_X1M_A9TR40)          0.050000  0.000000   0.000000 r
  target_medium_therm_q_reg[13]/Q (DFFRPQ_X1M_A9TR40) <-        0.050784  0.278359   0.278359 f
  target_medium_therm_q[13] (net)               2     0.002505            0.000000   0.278359 f
  U30/B0 (AOI22_X0P5M_A9TR40)                                   0.050784  0.000017   0.278377 f
  U30/Y (AOI22_X0P5M_A9TR40)                                    0.107709  0.079442   0.357819 r
  n17 (net)                                     1     0.001401            0.000000   0.357819 r
  U29/A0N (AO1B2_X0P5M_A9TR40)                                  0.107709  0.000024   0.357844 r
  U29/Y (AO1B2_X0P5M_A9TR40)                                    0.087304  0.094449   0.452293 f
  n72 (net)                                     1     0.001539            0.000000   0.452293 f
  det_medium_therm_q_reg[13]/D (DFFRPQ_X1M_A9TR40)              0.087304  0.000027   0.452320 f
  data arrival time                                                                  0.452320

  clock cal_clk (rise edge)                                               0.000000   0.000000
  clock network delay (ideal)                                             0.000000   0.000000
  clock uncertainty                                                       0.020000   0.020000
  det_medium_therm_q_reg[13]/CK (DFFRPQ_X1M_A9TR40)                       0.000000   0.020000 r
  library hold time                                                       0.027567   0.047567
  data required time                                                                 0.047567
  ----------------------------------------------------------------------------------------------
  data required time                                                                 0.047567
  data arrival time                                                                  -0.452320
  ----------------------------------------------------------------------------------------------
  slack (MET)                                                                        0.404753


  Startpoint: target_medium_therm_q_reg[12]
              (rising edge-triggered flip-flop clocked by cal_clk)
  Endpoint: det_medium_therm_q_reg[12]
            (rising edge-triggered flip-flop clocked by cal_clk)
  Path Group: cal_clk
  Path Type: min

  Des/Clust/Port     Wire Load Model       Library
  ------------------------------------------------
  ftc_detection_margin_manager
                     Small                 sc9mc_logic0040ll_base_rvt_c40_ss_typical_max_0p99v_125c

  Point                                       Fanout       Cap     Trans      Incr       Path
  ----------------------------------------------------------------------------------------------
  clock cal_clk (rise edge)                                               0.000000   0.000000
  clock network delay (ideal)                                             0.000000   0.000000
  target_medium_therm_q_reg[12]/CK (DFFRPQ_X1M_A9TR40)          0.050000  0.000000   0.000000 r
  target_medium_therm_q_reg[12]/Q (DFFRPQ_X1M_A9TR40) <-        0.050784  0.278359   0.278359 f
  target_medium_therm_q[12] (net)               2     0.002505            0.000000   0.278359 f
  U28/B0 (AOI22_X0P5M_A9TR40)                                   0.050784  0.000017   0.278377 f
  U28/Y (AOI22_X0P5M_A9TR40)                                    0.107709  0.079442   0.357819 r
  n16 (net)                                     1     0.001401            0.000000   0.357819 r
  U27/A0N (AO1B2_X0P5M_A9TR40)                                  0.107709  0.000024   0.357844 r
  U27/Y (AO1B2_X0P5M_A9TR40)                                    0.087304  0.094449   0.452293 f
  n71 (net)                                     1     0.001539            0.000000   0.452293 f
  det_medium_therm_q_reg[12]/D (DFFRPQ_X1M_A9TR40)              0.087304  0.000027   0.452320 f
  data arrival time                                                                  0.452320

  clock cal_clk (rise edge)                                               0.000000   0.000000
  clock network delay (ideal)                                             0.000000   0.000000
  clock uncertainty                                                       0.020000   0.020000
  det_medium_therm_q_reg[12]/CK (DFFRPQ_X1M_A9TR40)                       0.000000   0.020000 r
  library hold time                                                       0.027567   0.047567
  data required time                                                                 0.047567
  ----------------------------------------------------------------------------------------------
  data required time                                                                 0.047567
  data arrival time                                                                  -0.452320
  ----------------------------------------------------------------------------------------------
  slack (MET)                                                                        0.404753


  Startpoint: target_medium_therm_q_reg[11]
              (rising edge-triggered flip-flop clocked by cal_clk)
  Endpoint: det_medium_therm_q_reg[11]
            (rising edge-triggered flip-flop clocked by cal_clk)
  Path Group: cal_clk
  Path Type: min

  Des/Clust/Port     Wire Load Model       Library
  ------------------------------------------------
  ftc_detection_margin_manager
                     Small                 sc9mc_logic0040ll_base_rvt_c40_ss_typical_max_0p99v_125c

  Point                                       Fanout       Cap     Trans      Incr       Path
  ----------------------------------------------------------------------------------------------
  clock cal_clk (rise edge)                                               0.000000   0.000000
  clock network delay (ideal)                                             0.000000   0.000000
  target_medium_therm_q_reg[11]/CK (DFFRPQ_X1M_A9TR40)          0.050000  0.000000   0.000000 r
  target_medium_therm_q_reg[11]/Q (DFFRPQ_X1M_A9TR40) <-        0.050784  0.278359   0.278359 f
  target_medium_therm_q[11] (net)               2     0.002505            0.000000   0.278359 f
  U26/B0 (AOI22_X0P5M_A9TR40)                                   0.050784  0.000017   0.278377 f
  U26/Y (AOI22_X0P5M_A9TR40)                                    0.107709  0.079442   0.357819 r
  n15 (net)                                     1     0.001401            0.000000   0.357819 r
  U25/A0N (AO1B2_X0P5M_A9TR40)                                  0.107709  0.000024   0.357844 r
  U25/Y (AO1B2_X0P5M_A9TR40)                                    0.087304  0.094449   0.452293 f
  n70 (net)                                     1     0.001539            0.000000   0.452293 f
  det_medium_therm_q_reg[11]/D (DFFRPQ_X1M_A9TR40)              0.087304  0.000027   0.452320 f
  data arrival time                                                                  0.452320

  clock cal_clk (rise edge)                                               0.000000   0.000000
  clock network delay (ideal)                                             0.000000   0.000000
  clock uncertainty                                                       0.020000   0.020000
  det_medium_therm_q_reg[11]/CK (DFFRPQ_X1M_A9TR40)                       0.000000   0.020000 r
  library hold time                                                       0.027567   0.047567
  data required time                                                                 0.047567
  ----------------------------------------------------------------------------------------------
  data required time                                                                 0.047567
  data arrival time                                                                  -0.452320
  ----------------------------------------------------------------------------------------------
  slack (MET)                                                                        0.404753


  Startpoint: target_medium_therm_q_reg[10]
              (rising edge-triggered flip-flop clocked by cal_clk)
  Endpoint: det_medium_therm_q_reg[10]
            (rising edge-triggered flip-flop clocked by cal_clk)
  Path Group: cal_clk
  Path Type: min

  Des/Clust/Port     Wire Load Model       Library
  ------------------------------------------------
  ftc_detection_margin_manager
                     Small                 sc9mc_logic0040ll_base_rvt_c40_ss_typical_max_0p99v_125c

  Point                                       Fanout       Cap     Trans      Incr       Path
  ----------------------------------------------------------------------------------------------
  clock cal_clk (rise edge)                                               0.000000   0.000000
  clock network delay (ideal)                                             0.000000   0.000000
  target_medium_therm_q_reg[10]/CK (DFFRPQ_X1M_A9TR40)          0.050000  0.000000   0.000000 r
  target_medium_therm_q_reg[10]/Q (DFFRPQ_X1M_A9TR40) <-        0.050784  0.278359   0.278359 f
  target_medium_therm_q[10] (net)               2     0.002505            0.000000   0.278359 f
  U24/B0 (AOI22_X0P5M_A9TR40)                                   0.050784  0.000017   0.278377 f
  U24/Y (AOI22_X0P5M_A9TR40)                                    0.107709  0.079442   0.357819 r
  n14 (net)                                     1     0.001401            0.000000   0.357819 r
  U23/A0N (AO1B2_X0P5M_A9TR40)                                  0.107709  0.000024   0.357844 r
  U23/Y (AO1B2_X0P5M_A9TR40)                                    0.087304  0.094449   0.452293 f
  n69 (net)                                     1     0.001539            0.000000   0.452293 f
  det_medium_therm_q_reg[10]/D (DFFRPQ_X1M_A9TR40)              0.087304  0.000027   0.452320 f
  data arrival time                                                                  0.452320

  clock cal_clk (rise edge)                                               0.000000   0.000000
  clock network delay (ideal)                                             0.000000   0.000000
  clock uncertainty                                                       0.020000   0.020000
  det_medium_therm_q_reg[10]/CK (DFFRPQ_X1M_A9TR40)                       0.000000   0.020000 r
  library hold time                                                       0.027567   0.047567
  data required time                                                                 0.047567
  ----------------------------------------------------------------------------------------------
  data required time                                                                 0.047567
  data arrival time                                                                  -0.452320
  ----------------------------------------------------------------------------------------------
  slack (MET)                                                                        0.404753


  Startpoint: target_medium_therm_q_reg[9]
              (rising edge-triggered flip-flop clocked by cal_clk)
  Endpoint: det_medium_therm_q_reg[9]
            (rising edge-triggered flip-flop clocked by cal_clk)
  Path Group: cal_clk
  Path Type: min

  Des/Clust/Port     Wire Load Model       Library
  ------------------------------------------------
  ftc_detection_margin_manager
                     Small                 sc9mc_logic0040ll_base_rvt_c40_ss_typical_max_0p99v_125c

  Point                                       Fanout       Cap     Trans      Incr       Path
  ----------------------------------------------------------------------------------------------
  clock cal_clk (rise edge)                                               0.000000   0.000000
  clock network delay (ideal)                                             0.000000   0.000000
  target_medium_therm_q_reg[9]/CK (DFFRPQ_X1M_A9TR40)           0.050000  0.000000   0.000000 r
  target_medium_therm_q_reg[9]/Q (DFFRPQ_X1M_A9TR40) <-         0.050784  0.278359   0.278359 f
  target_medium_therm_q[9] (net)                2     0.002505            0.000000   0.278359 f
  U22/B0 (AOI22_X0P5M_A9TR40)                                   0.050784  0.000017   0.278377 f
  U22/Y (AOI22_X0P5M_A9TR40)                                    0.107709  0.079442   0.357819 r
  n13 (net)                                     1     0.001401            0.000000   0.357819 r
  U21/A0N (AO1B2_X0P5M_A9TR40)                                  0.107709  0.000024   0.357844 r
  U21/Y (AO1B2_X0P5M_A9TR40)                                    0.087304  0.094449   0.452293 f
  n68 (net)                                     1     0.001539            0.000000   0.452293 f
  det_medium_therm_q_reg[9]/D (DFFRPQ_X1M_A9TR40)               0.087304  0.000027   0.452320 f
  data arrival time                                                                  0.452320

  clock cal_clk (rise edge)                                               0.000000   0.000000
  clock network delay (ideal)                                             0.000000   0.000000
  clock uncertainty                                                       0.020000   0.020000
  det_medium_therm_q_reg[9]/CK (DFFRPQ_X1M_A9TR40)                        0.000000   0.020000 r
  library hold time                                                       0.027567   0.047567
  data required time                                                                 0.047567
  ----------------------------------------------------------------------------------------------
  data required time                                                                 0.047567
  data arrival time                                                                  -0.452320
  ----------------------------------------------------------------------------------------------
  slack (MET)                                                                        0.404753


  Startpoint: target_medium_therm_q_reg[8]
              (rising edge-triggered flip-flop clocked by cal_clk)
  Endpoint: det_medium_therm_q_reg[8]
            (rising edge-triggered flip-flop clocked by cal_clk)
  Path Group: cal_clk
  Path Type: min

  Des/Clust/Port     Wire Load Model       Library
  ------------------------------------------------
  ftc_detection_margin_manager
                     Small                 sc9mc_logic0040ll_base_rvt_c40_ss_typical_max_0p99v_125c

  Point                                       Fanout       Cap     Trans      Incr       Path
  ----------------------------------------------------------------------------------------------
  clock cal_clk (rise edge)                                               0.000000   0.000000
  clock network delay (ideal)                                             0.000000   0.000000
  target_medium_therm_q_reg[8]/CK (DFFRPQ_X1M_A9TR40)           0.050000  0.000000   0.000000 r
  target_medium_therm_q_reg[8]/Q (DFFRPQ_X1M_A9TR40) <-         0.050799  0.278369   0.278369 f
  target_medium_therm_q[8] (net)                2     0.002507            0.000000   0.278369 f
  U20/B0 (AOI22_X0P5M_A9TR40)                                   0.050799  0.000017   0.278387 f
  U20/Y (AOI22_X0P5M_A9TR40)                                    0.107711  0.079448   0.357834 r
  n12 (net)                                     1     0.001401            0.000000   0.357834 r
  U19/A0N (AO1B2_X0P5M_A9TR40)                                  0.107711  0.000024   0.357858 r
  U19/Y (AO1B2_X0P5M_A9TR40)                                    0.087304  0.094450   0.452309 f
  n67 (net)                                     1     0.001539            0.000000   0.452309 f
  det_medium_therm_q_reg[8]/D (DFFRPQ_X1M_A9TR40)               0.087304  0.000027   0.452335 f
  data arrival time                                                                  0.452335

  clock cal_clk (rise edge)                                               0.000000   0.000000
  clock network delay (ideal)                                             0.000000   0.000000
  clock uncertainty                                                       0.020000   0.020000
  det_medium_therm_q_reg[8]/CK (DFFRPQ_X1M_A9TR40)                        0.000000   0.020000 r
  library hold time                                                       0.027567   0.047567
  data required time                                                                 0.047567
  ----------------------------------------------------------------------------------------------
  data required time                                                                 0.047567
  data arrival time                                                                  -0.452335
  ----------------------------------------------------------------------------------------------
  slack (MET)                                                                        0.404768


  Startpoint: state_q_reg[3]
              (rising edge-triggered flip-flop clocked by cal_clk)
  Endpoint: det_medium_therm_q_reg[7]
            (rising edge-triggered flip-flop clocked by cal_clk)
  Path Group: cal_clk
  Path Type: min

  Des/Clust/Port     Wire Load Model       Library
  ------------------------------------------------
  ftc_detection_margin_manager
                     Small                 sc9mc_logic0040ll_base_rvt_c40_ss_typical_max_0p99v_125c

  Point                                       Fanout       Cap     Trans      Incr       Path
  ----------------------------------------------------------------------------------------------
  clock cal_clk (rise edge)                                               0.000000   0.000000
  clock network delay (ideal)                                             0.000000   0.000000
  state_q_reg[3]/CK (DFFRPQ_X1M_A9TR40)                         0.050000  0.000000   0.000000 r
  state_q_reg[3]/Q (DFFRPQ_X1M_A9TR40) <-                       0.126749  0.325960   0.325960 r
  state_q[3] (net)                              4     0.005195            0.000000   0.325960 r
  U197/B (NOR3_X1A_A9TR40)                                      0.126749  0.000017   0.325977 r
  U197/Y (NOR3_X1A_A9TR40)                                      0.067267  0.082579   0.408556 f
  det_takeover_ready_o (net)                    2     0.001983            0.000000   0.408556 f
  U198/BN (NOR4BB_X0P7M_A9TR40)                                 0.067267  0.000018   0.408574 f
  U198/Y (NOR4BB_X0P7M_A9TR40)                                  0.072234  0.148502   0.557076 f
  n4 (net)                                      1     0.001588            0.000000   0.557076 f
  U141/A (BUFH_X1M_A9TR40)                                      0.072234  0.000027   0.557103 f
  U141/Y (BUFH_X1M_A9TR40)                                      0.049705  0.094927   0.652030 f
  n166 (net)                                    2     0.002795            0.000000   0.652030 f
  U191/A (BUF_X2M_A9TR40)                                       0.049705  0.000020   0.652050 f
  U191/Y (BUF_X2M_A9TR40)                                       0.094592  0.129158   0.781208 f
  n165 (net)                                   12     0.013342            0.000000   0.781208 f
  U18/B1 (AOI22_X0P5M_A9TR40)                                   0.094592  0.000013   0.781221 f
  U18/Y (AOI22_X0P5M_A9TR40)                                    0.107682  0.102956   0.884178 r
  n11 (net)                                     1     0.001401            0.000000   0.884178 r
  U17/A0N (AO1B2_X0P5M_A9TR40)                                  0.107682  0.000024   0.884202 r
  U17/Y (AO1B2_X0P5M_A9TR40)                                    0.087302  0.094440   0.978641 f
  n66 (net)                                     1     0.001539            0.000000   0.978641 f
  det_medium_therm_q_reg[7]/D (DFFRPQ_X1M_A9TR40)               0.087302  0.000027   0.978668 f
  data arrival time                                                                  0.978668

  clock cal_clk (rise edge)                                               0.000000   0.000000
  clock network delay (ideal)                                             0.000000   0.000000
  clock uncertainty                                                       0.020000   0.020000
  det_medium_therm_q_reg[7]/CK (DFFRPQ_X1M_A9TR40)                        0.000000   0.020000 r
  library hold time                                                       0.027568   0.047568
  data required time                                                                 0.047568
  ----------------------------------------------------------------------------------------------
  data required time                                                                 0.047568
  data arrival time                                                                  -0.978668
  ----------------------------------------------------------------------------------------------
  slack (MET)                                                                        0.931100


  Startpoint: state_q_reg[3]
              (rising edge-triggered flip-flop clocked by cal_clk)
  Endpoint: det_medium_therm_q_reg[6]
            (rising edge-triggered flip-flop clocked by cal_clk)
  Path Group: cal_clk
  Path Type: min

  Des/Clust/Port     Wire Load Model       Library
  ------------------------------------------------
  ftc_detection_margin_manager
                     Small                 sc9mc_logic0040ll_base_rvt_c40_ss_typical_max_0p99v_125c

  Point                                       Fanout       Cap     Trans      Incr       Path
  ----------------------------------------------------------------------------------------------
  clock cal_clk (rise edge)                                               0.000000   0.000000
  clock network delay (ideal)                                             0.000000   0.000000
  state_q_reg[3]/CK (DFFRPQ_X1M_A9TR40)                         0.050000  0.000000   0.000000 r
  state_q_reg[3]/Q (DFFRPQ_X1M_A9TR40) <-                       0.126749  0.325960   0.325960 r
  state_q[3] (net)                              4     0.005195            0.000000   0.325960 r
  U197/B (NOR3_X1A_A9TR40)                                      0.126749  0.000017   0.325977 r
  U197/Y (NOR3_X1A_A9TR40)                                      0.067267  0.082579   0.408556 f
  det_takeover_ready_o (net)                    2     0.001983            0.000000   0.408556 f
  U198/BN (NOR4BB_X0P7M_A9TR40)                                 0.067267  0.000018   0.408574 f
  U198/Y (NOR4BB_X0P7M_A9TR40)                                  0.072234  0.148502   0.557076 f
  n4 (net)                                      1     0.001588            0.000000   0.557076 f
  U141/A (BUFH_X1M_A9TR40)                                      0.072234  0.000027   0.557103 f
  U141/Y (BUFH_X1M_A9TR40)                                      0.049705  0.094927   0.652030 f
  n166 (net)                                    2     0.002795            0.000000   0.652030 f
  U191/A (BUF_X2M_A9TR40)                                       0.049705  0.000020   0.652050 f
  U191/Y (BUF_X2M_A9TR40)                                       0.094592  0.129158   0.781208 f
  n165 (net)                                   12     0.013342            0.000000   0.781208 f
  U16/B1 (AOI22_X0P5M_A9TR40)                                   0.094592  0.000013   0.781221 f
  U16/Y (AOI22_X0P5M_A9TR40)                                    0.107682  0.102956   0.884178 r
  n10 (net)                                     1     0.001401            0.000000   0.884178 r
  U15/A0N (AO1B2_X0P5M_A9TR40)                                  0.107682  0.000024   0.884202 r
  U15/Y (AO1B2_X0P5M_A9TR40)                                    0.087302  0.094440   0.978641 f
  n65 (net)                                     1     0.001539            0.000000   0.978641 f
  det_medium_therm_q_reg[6]/D (DFFRPQ_X1M_A9TR40)               0.087302  0.000027   0.978668 f
  data arrival time                                                                  0.978668

  clock cal_clk (rise edge)                                               0.000000   0.000000
  clock network delay (ideal)                                             0.000000   0.000000
  clock uncertainty                                                       0.020000   0.020000
  det_medium_therm_q_reg[6]/CK (DFFRPQ_X1M_A9TR40)                        0.000000   0.020000 r
  library hold time                                                       0.027568   0.047568
  data required time                                                                 0.047568
  ----------------------------------------------------------------------------------------------
  data required time                                                                 0.047568
  data arrival time                                                                  -0.978668
  ----------------------------------------------------------------------------------------------
  slack (MET)                                                                        0.931100


  Startpoint: state_q_reg[3]
              (rising edge-triggered flip-flop clocked by cal_clk)
  Endpoint: det_medium_therm_q_reg[5]
            (rising edge-triggered flip-flop clocked by cal_clk)
  Path Group: cal_clk
  Path Type: min

  Des/Clust/Port     Wire Load Model       Library
  ------------------------------------------------
  ftc_detection_margin_manager
                     Small                 sc9mc_logic0040ll_base_rvt_c40_ss_typical_max_0p99v_125c

  Point                                       Fanout       Cap     Trans      Incr       Path
  ----------------------------------------------------------------------------------------------
  clock cal_clk (rise edge)                                               0.000000   0.000000
  clock network delay (ideal)                                             0.000000   0.000000
  state_q_reg[3]/CK (DFFRPQ_X1M_A9TR40)                         0.050000  0.000000   0.000000 r
  state_q_reg[3]/Q (DFFRPQ_X1M_A9TR40) <-                       0.126749  0.325960   0.325960 r
  state_q[3] (net)                              4     0.005195            0.000000   0.325960 r
  U197/B (NOR3_X1A_A9TR40)                                      0.126749  0.000017   0.325977 r
  U197/Y (NOR3_X1A_A9TR40)                                      0.067267  0.082579   0.408556 f
  det_takeover_ready_o (net)                    2     0.001983            0.000000   0.408556 f
  U198/BN (NOR4BB_X0P7M_A9TR40)                                 0.067267  0.000018   0.408574 f
  U198/Y (NOR4BB_X0P7M_A9TR40)                                  0.072234  0.148502   0.557076 f
  n4 (net)                                      1     0.001588            0.000000   0.557076 f
  U141/A (BUFH_X1M_A9TR40)                                      0.072234  0.000027   0.557103 f
  U141/Y (BUFH_X1M_A9TR40)                                      0.049705  0.094927   0.652030 f
  n166 (net)                                    2     0.002795            0.000000   0.652030 f
  U191/A (BUF_X2M_A9TR40)                                       0.049705  0.000020   0.652050 f
  U191/Y (BUF_X2M_A9TR40)                                       0.094592  0.129158   0.781208 f
  n165 (net)                                   12     0.013342            0.000000   0.781208 f
  U14/B1 (AOI22_X0P5M_A9TR40)                                   0.094592  0.000013   0.781221 f
  U14/Y (AOI22_X0P5M_A9TR40)                                    0.107682  0.102956   0.884178 r
  n9 (net)                                      1     0.001401            0.000000   0.884178 r
  U13/A0N (AO1B2_X0P5M_A9TR40)                                  0.107682  0.000024   0.884202 r
  U13/Y (AO1B2_X0P5M_A9TR40)                                    0.087302  0.094440   0.978641 f
  n64 (net)                                     1     0.001539            0.000000   0.978641 f
  det_medium_therm_q_reg[5]/D (DFFRPQ_X1M_A9TR40)               0.087302  0.000027   0.978668 f
  data arrival time                                                                  0.978668

  clock cal_clk (rise edge)                                               0.000000   0.000000
  clock network delay (ideal)                                             0.000000   0.000000
  clock uncertainty                                                       0.020000   0.020000
  det_medium_therm_q_reg[5]/CK (DFFRPQ_X1M_A9TR40)                        0.000000   0.020000 r
  library hold time                                                       0.027568   0.047568
  data required time                                                                 0.047568
  ----------------------------------------------------------------------------------------------
  data required time                                                                 0.047568
  data arrival time                                                                  -0.978668
  ----------------------------------------------------------------------------------------------
  slack (MET)                                                                        0.931100


  Startpoint: state_q_reg[3]
              (rising edge-triggered flip-flop clocked by cal_clk)
  Endpoint: det_medium_therm_q_reg[4]
            (rising edge-triggered flip-flop clocked by cal_clk)
  Path Group: cal_clk
  Path Type: min

  Des/Clust/Port     Wire Load Model       Library
  ------------------------------------------------
  ftc_detection_margin_manager
                     Small                 sc9mc_logic0040ll_base_rvt_c40_ss_typical_max_0p99v_125c

  Point                                       Fanout       Cap     Trans      Incr       Path
  ----------------------------------------------------------------------------------------------
  clock cal_clk (rise edge)                                               0.000000   0.000000
  clock network delay (ideal)                                             0.000000   0.000000
  state_q_reg[3]/CK (DFFRPQ_X1M_A9TR40)                         0.050000  0.000000   0.000000 r
  state_q_reg[3]/Q (DFFRPQ_X1M_A9TR40) <-                       0.126749  0.325960   0.325960 r
  state_q[3] (net)                              4     0.005195            0.000000   0.325960 r
  U197/B (NOR3_X1A_A9TR40)                                      0.126749  0.000017   0.325977 r
  U197/Y (NOR3_X1A_A9TR40)                                      0.067267  0.082579   0.408556 f
  det_takeover_ready_o (net)                    2     0.001983            0.000000   0.408556 f
  U198/BN (NOR4BB_X0P7M_A9TR40)                                 0.067267  0.000018   0.408574 f
  U198/Y (NOR4BB_X0P7M_A9TR40)                                  0.072234  0.148502   0.557076 f
  n4 (net)                                      1     0.001588            0.000000   0.557076 f
  U141/A (BUFH_X1M_A9TR40)                                      0.072234  0.000027   0.557103 f
  U141/Y (BUFH_X1M_A9TR40)                                      0.049705  0.094927   0.652030 f
  n166 (net)                                    2     0.002795            0.000000   0.652030 f
  U191/A (BUF_X2M_A9TR40)                                       0.049705  0.000020   0.652050 f
  U191/Y (BUF_X2M_A9TR40)                                       0.094592  0.129158   0.781208 f
  n165 (net)                                   12     0.013342            0.000000   0.781208 f
  U12/B1 (AOI22_X0P5M_A9TR40)                                   0.094592  0.000013   0.781221 f
  U12/Y (AOI22_X0P5M_A9TR40)                                    0.107682  0.102956   0.884178 r
  n8 (net)                                      1     0.001401            0.000000   0.884178 r
  U11/A0N (AO1B2_X0P5M_A9TR40)                                  0.107682  0.000024   0.884202 r
  U11/Y (AO1B2_X0P5M_A9TR40)                                    0.087302  0.094440   0.978641 f
  n63 (net)                                     1     0.001539            0.000000   0.978641 f
  det_medium_therm_q_reg[4]/D (DFFRPQ_X1M_A9TR40)               0.087302  0.000027   0.978668 f
  data arrival time                                                                  0.978668

  clock cal_clk (rise edge)                                               0.000000   0.000000
  clock network delay (ideal)                                             0.000000   0.000000
  clock uncertainty                                                       0.020000   0.020000
  det_medium_therm_q_reg[4]/CK (DFFRPQ_X1M_A9TR40)                        0.000000   0.020000 r
  library hold time                                                       0.027568   0.047568
  data required time                                                                 0.047568
  ----------------------------------------------------------------------------------------------
  data required time                                                                 0.047568
  data arrival time                                                                  -0.978668
  ----------------------------------------------------------------------------------------------
  slack (MET)                                                                        0.931100


  Startpoint: state_q_reg[3]
              (rising edge-triggered flip-flop clocked by cal_clk)
  Endpoint: det_medium_therm_q_reg[3]
            (rising edge-triggered flip-flop clocked by cal_clk)
  Path Group: cal_clk
  Path Type: min

  Des/Clust/Port     Wire Load Model       Library
  ------------------------------------------------
  ftc_detection_margin_manager
                     Small                 sc9mc_logic0040ll_base_rvt_c40_ss_typical_max_0p99v_125c

  Point                                       Fanout       Cap     Trans      Incr       Path
  ----------------------------------------------------------------------------------------------
  clock cal_clk (rise edge)                                               0.000000   0.000000
  clock network delay (ideal)                                             0.000000   0.000000
  state_q_reg[3]/CK (DFFRPQ_X1M_A9TR40)                         0.050000  0.000000   0.000000 r
  state_q_reg[3]/Q (DFFRPQ_X1M_A9TR40) <-                       0.126749  0.325960   0.325960 r
  state_q[3] (net)                              4     0.005195            0.000000   0.325960 r
  U197/B (NOR3_X1A_A9TR40)                                      0.126749  0.000017   0.325977 r
  U197/Y (NOR3_X1A_A9TR40)                                      0.067267  0.082579   0.408556 f
  det_takeover_ready_o (net)                    2     0.001983            0.000000   0.408556 f
  U198/BN (NOR4BB_X0P7M_A9TR40)                                 0.067267  0.000018   0.408574 f
  U198/Y (NOR4BB_X0P7M_A9TR40)                                  0.072234  0.148502   0.557076 f
  n4 (net)                                      1     0.001588            0.000000   0.557076 f
  U141/A (BUFH_X1M_A9TR40)                                      0.072234  0.000027   0.557103 f
  U141/Y (BUFH_X1M_A9TR40)                                      0.049705  0.094927   0.652030 f
  n166 (net)                                    2     0.002795            0.000000   0.652030 f
  U191/A (BUF_X2M_A9TR40)                                       0.049705  0.000020   0.652050 f
  U191/Y (BUF_X2M_A9TR40)                                       0.094592  0.129158   0.781208 f
  n165 (net)                                   12     0.013342            0.000000   0.781208 f
  U10/B1 (AOI22_X0P5M_A9TR40)                                   0.094592  0.000013   0.781221 f
  U10/Y (AOI22_X0P5M_A9TR40)                                    0.107682  0.102956   0.884178 r
  n7 (net)                                      1     0.001401            0.000000   0.884178 r
  U9/A0N (AO1B2_X0P5M_A9TR40)                                   0.107682  0.000024   0.884202 r
  U9/Y (AO1B2_X0P5M_A9TR40)                                     0.087302  0.094440   0.978641 f
  n62 (net)                                     1     0.001539            0.000000   0.978641 f
  det_medium_therm_q_reg[3]/D (DFFRPQ_X1M_A9TR40)               0.087302  0.000027   0.978668 f
  data arrival time                                                                  0.978668

  clock cal_clk (rise edge)                                               0.000000   0.000000
  clock network delay (ideal)                                             0.000000   0.000000
  clock uncertainty                                                       0.020000   0.020000
  det_medium_therm_q_reg[3]/CK (DFFRPQ_X1M_A9TR40)                        0.000000   0.020000 r
  library hold time                                                       0.027568   0.047568
  data required time                                                                 0.047568
  ----------------------------------------------------------------------------------------------
  data required time                                                                 0.047568
  data arrival time                                                                  -0.978668
  ----------------------------------------------------------------------------------------------
  slack (MET)                                                                        0.931100


  Startpoint: state_q_reg[3]
              (rising edge-triggered flip-flop clocked by cal_clk)
  Endpoint: det_medium_therm_q_reg[2]
            (rising edge-triggered flip-flop clocked by cal_clk)
  Path Group: cal_clk
  Path Type: min

  Des/Clust/Port     Wire Load Model       Library
  ------------------------------------------------
  ftc_detection_margin_manager
                     Small                 sc9mc_logic0040ll_base_rvt_c40_ss_typical_max_0p99v_125c

  Point                                       Fanout       Cap     Trans      Incr       Path
  ----------------------------------------------------------------------------------------------
  clock cal_clk (rise edge)                                               0.000000   0.000000
  clock network delay (ideal)                                             0.000000   0.000000
  state_q_reg[3]/CK (DFFRPQ_X1M_A9TR40)                         0.050000  0.000000   0.000000 r
  state_q_reg[3]/Q (DFFRPQ_X1M_A9TR40) <-                       0.126749  0.325960   0.325960 r
  state_q[3] (net)                              4     0.005195            0.000000   0.325960 r
  U197/B (NOR3_X1A_A9TR40)                                      0.126749  0.000017   0.325977 r
  U197/Y (NOR3_X1A_A9TR40)                                      0.067267  0.082579   0.408556 f
  det_takeover_ready_o (net)                    2     0.001983            0.000000   0.408556 f
  U198/BN (NOR4BB_X0P7M_A9TR40)                                 0.067267  0.000018   0.408574 f
  U198/Y (NOR4BB_X0P7M_A9TR40)                                  0.072234  0.148502   0.557076 f
  n4 (net)                                      1     0.001588            0.000000   0.557076 f
  U141/A (BUFH_X1M_A9TR40)                                      0.072234  0.000027   0.557103 f
  U141/Y (BUFH_X1M_A9TR40)                                      0.049705  0.094927   0.652030 f
  n166 (net)                                    2     0.002795            0.000000   0.652030 f
  U191/A (BUF_X2M_A9TR40)                                       0.049705  0.000020   0.652050 f
  U191/Y (BUF_X2M_A9TR40)                                       0.094592  0.129158   0.781208 f
  n165 (net)                                   12     0.013342            0.000000   0.781208 f
  U8/B1 (AOI22_X0P5M_A9TR40)                                    0.094592  0.000013   0.781221 f
  U8/Y (AOI22_X0P5M_A9TR40)                                     0.107682  0.102956   0.884178 r
  n6 (net)                                      1     0.001401            0.000000   0.884178 r
  U7/A0N (AO1B2_X0P5M_A9TR40)                                   0.107682  0.000024   0.884202 r
  U7/Y (AO1B2_X0P5M_A9TR40)                                     0.087302  0.094440   0.978641 f
  n61 (net)                                     1     0.001539            0.000000   0.978641 f
  det_medium_therm_q_reg[2]/D (DFFRPQ_X1M_A9TR40)               0.087302  0.000027   0.978668 f
  data arrival time                                                                  0.978668

  clock cal_clk (rise edge)                                               0.000000   0.000000
  clock network delay (ideal)                                             0.000000   0.000000
  clock uncertainty                                                       0.020000   0.020000
  det_medium_therm_q_reg[2]/CK (DFFRPQ_X1M_A9TR40)                        0.000000   0.020000 r
  library hold time                                                       0.027568   0.047568
  data required time                                                                 0.047568
  ----------------------------------------------------------------------------------------------
  data required time                                                                 0.047568
  data arrival time                                                                  -0.978668
  ----------------------------------------------------------------------------------------------
  slack (MET)                                                                        0.931100


  Startpoint: state_q_reg[3]
              (rising edge-triggered flip-flop clocked by cal_clk)
  Endpoint: det_medium_therm_q_reg[1]
            (rising edge-triggered flip-flop clocked by cal_clk)
  Path Group: cal_clk
  Path Type: min

  Des/Clust/Port     Wire Load Model       Library
  ------------------------------------------------
  ftc_detection_margin_manager
                     Small                 sc9mc_logic0040ll_base_rvt_c40_ss_typical_max_0p99v_125c

  Point                                       Fanout       Cap     Trans      Incr       Path
  ----------------------------------------------------------------------------------------------
  clock cal_clk (rise edge)                                               0.000000   0.000000
  clock network delay (ideal)                                             0.000000   0.000000
  state_q_reg[3]/CK (DFFRPQ_X1M_A9TR40)                         0.050000  0.000000   0.000000 r
  state_q_reg[3]/Q (DFFRPQ_X1M_A9TR40) <-                       0.126749  0.325960   0.325960 r
  state_q[3] (net)                              4     0.005195            0.000000   0.325960 r
  U197/B (NOR3_X1A_A9TR40)                                      0.126749  0.000017   0.325977 r
  U197/Y (NOR3_X1A_A9TR40)                                      0.067267  0.082579   0.408556 f
  det_takeover_ready_o (net)                    2     0.001983            0.000000   0.408556 f
  U198/BN (NOR4BB_X0P7M_A9TR40)                                 0.067267  0.000018   0.408574 f
  U198/Y (NOR4BB_X0P7M_A9TR40)                                  0.072234  0.148502   0.557076 f
  n4 (net)                                      1     0.001588            0.000000   0.557076 f
  U141/A (BUFH_X1M_A9TR40)                                      0.072234  0.000027   0.557103 f
  U141/Y (BUFH_X1M_A9TR40)                                      0.049705  0.094927   0.652030 f
  n166 (net)                                    2     0.002795            0.000000   0.652030 f
  U191/A (BUF_X2M_A9TR40)                                       0.049705  0.000020   0.652050 f
  U191/Y (BUF_X2M_A9TR40)                                       0.094592  0.129158   0.781208 f
  n165 (net)                                   12     0.013342            0.000000   0.781208 f
  U6/B1 (AOI22_X0P5M_A9TR40)                                    0.094592  0.000013   0.781221 f
  U6/Y (AOI22_X0P5M_A9TR40)                                     0.107682  0.102956   0.884178 r
  n5 (net)                                      1     0.001401            0.000000   0.884178 r
  U5/A0N (AO1B2_X0P5M_A9TR40)                                   0.107682  0.000024   0.884202 r
  U5/Y (AO1B2_X0P5M_A9TR40)                                     0.087302  0.094440   0.978641 f
  n60 (net)                                     1     0.001539            0.000000   0.978641 f
  det_medium_therm_q_reg[1]/D (DFFRPQ_X1M_A9TR40)               0.087302  0.000027   0.978668 f
  data arrival time                                                                  0.978668

  clock cal_clk (rise edge)                                               0.000000   0.000000
  clock network delay (ideal)                                             0.000000   0.000000
  clock uncertainty                                                       0.020000   0.020000
  det_medium_therm_q_reg[1]/CK (DFFRPQ_X1M_A9TR40)                        0.000000   0.020000 r
  library hold time                                                       0.027568   0.047568
  data required time                                                                 0.047568
  ----------------------------------------------------------------------------------------------
  data required time                                                                 0.047568
  data arrival time                                                                  -0.978668
  ----------------------------------------------------------------------------------------------
  slack (MET)                                                                        0.931100


  Startpoint: state_q_reg[3]
              (rising edge-triggered flip-flop clocked by cal_clk)
  Endpoint: det_medium_therm_q_reg[0]
            (rising edge-triggered flip-flop clocked by cal_clk)
  Path Group: cal_clk
  Path Type: min

  Des/Clust/Port     Wire Load Model       Library
  ------------------------------------------------
  ftc_detection_margin_manager
                     Small                 sc9mc_logic0040ll_base_rvt_c40_ss_typical_max_0p99v_125c

  Point                                       Fanout       Cap     Trans      Incr       Path
  ----------------------------------------------------------------------------------------------
  clock cal_clk (rise edge)                                               0.000000   0.000000
  clock network delay (ideal)                                             0.000000   0.000000
  state_q_reg[3]/CK (DFFRPQ_X1M_A9TR40)                         0.050000  0.000000   0.000000 r
  state_q_reg[3]/Q (DFFRPQ_X1M_A9TR40) <-                       0.126749  0.325960   0.325960 r
  state_q[3] (net)                              4     0.005195            0.000000   0.325960 r
  U197/B (NOR3_X1A_A9TR40)                                      0.126749  0.000017   0.325977 r
  U197/Y (NOR3_X1A_A9TR40)                                      0.067267  0.082579   0.408556 f
  det_takeover_ready_o (net)                    2     0.001983            0.000000   0.408556 f
  U198/BN (NOR4BB_X0P7M_A9TR40)                                 0.067267  0.000018   0.408574 f
  U198/Y (NOR4BB_X0P7M_A9TR40)                                  0.072234  0.148502   0.557076 f
  n4 (net)                                      1     0.001588            0.000000   0.557076 f
  U141/A (BUFH_X1M_A9TR40)                                      0.072234  0.000027   0.557103 f
  U141/Y (BUFH_X1M_A9TR40)                                      0.049705  0.094927   0.652030 f
  n166 (net)                                    2     0.002795            0.000000   0.652030 f
  U191/A (BUF_X2M_A9TR40)                                       0.049705  0.000020   0.652050 f
  U191/Y (BUF_X2M_A9TR40)                                       0.094592  0.129158   0.781208 f
  n165 (net)                                   12     0.013342            0.000000   0.781208 f
  U4/B1 (AOI22_X0P5M_A9TR40)                                    0.094592  0.000013   0.781221 f
  U4/Y (AOI22_X0P5M_A9TR40)                                     0.107682  0.102956   0.884178 r
  n2 (net)                                      1     0.001401            0.000000   0.884178 r
  U3/A0N (AO1B2_X0P5M_A9TR40)                                   0.107682  0.000024   0.884202 r
  U3/Y (AO1B2_X0P5M_A9TR40)                                     0.087302  0.094440   0.978641 f
  n59 (net)                                     1     0.001539            0.000000   0.978641 f
  det_medium_therm_q_reg[0]/D (DFFRPQ_X1M_A9TR40)               0.087302  0.000027   0.978668 f
  data arrival time                                                                  0.978668

  clock cal_clk (rise edge)                                               0.000000   0.000000
  clock network delay (ideal)                                             0.000000   0.000000
  clock uncertainty                                                       0.020000   0.020000
  det_medium_therm_q_reg[0]/CK (DFFRPQ_X1M_A9TR40)                        0.000000   0.020000 r
  library hold time                                                       0.027568   0.047568
  data required time                                                                 0.047568
  ----------------------------------------------------------------------------------------------
  data required time                                                                 0.047568
  data arrival time                                                                  -0.978668
  ----------------------------------------------------------------------------------------------
  slack (MET)                                                                        0.931100


  Startpoint: state_q_reg[3]
              (rising edge-triggered flip-flop clocked by cal_clk)
  Endpoint: det_medium_therm_q_reg[11]
            (rising edge-triggered flip-flop clocked by cal_clk)
  Path Group: cal_clk
  Path Type: min

  Des/Clust/Port     Wire Load Model       Library
  ------------------------------------------------
  ftc_detection_margin_manager
                     Small                 sc9mc_logic0040ll_base_rvt_c40_ss_typical_max_0p99v_125c

  Point                                       Fanout       Cap     Trans      Incr       Path
  ----------------------------------------------------------------------------------------------
  clock cal_clk (rise edge)                                               0.000000   0.000000
  clock network delay (ideal)                                             0.000000   0.000000
  state_q_reg[3]/CK (DFFRPQ_X1M_A9TR40)                         0.050000  0.000000   0.000000 r
  state_q_reg[3]/Q (DFFRPQ_X1M_A9TR40) <-                       0.126749  0.325960   0.325960 r
  state_q[3] (net)                              4     0.005195            0.000000   0.325960 r
  U197/B (NOR3_X1A_A9TR40)                                      0.126749  0.000017   0.325977 r
  U197/Y (NOR3_X1A_A9TR40)                                      0.067267  0.082579   0.408556 f
  det_takeover_ready_o (net)                    2     0.001983            0.000000   0.408556 f
  U198/BN (NOR4BB_X0P7M_A9TR40)                                 0.067267  0.000018   0.408574 f
  U198/Y (NOR4BB_X0P7M_A9TR40)                                  0.072234  0.148502   0.557076 f
  n4 (net)                                      1     0.001588            0.000000   0.557076 f
  U141/A (BUFH_X1M_A9TR40)                                      0.072234  0.000027   0.557103 f
  U141/Y (BUFH_X1M_A9TR40)                                      0.049705  0.094927   0.652030 f
  n166 (net)                                    2     0.002795            0.000000   0.652030 f
  U191/A (BUF_X2M_A9TR40)                                       0.049705  0.000020   0.652050 f
  U191/Y (BUF_X2M_A9TR40)                                       0.094592  0.129158   0.781208 f
  n165 (net)                                   12     0.013342            0.000000   0.781208 f
  U26/B1 (AOI22_X0P5M_A9TR40)                                   0.094592  0.000013   0.781221 f
  U26/Y (AOI22_X0P5M_A9TR40)                                    0.107709  0.102956   0.884178 r
  n15 (net)                                     1     0.001401            0.000000   0.884178 r
  U25/A0N (AO1B2_X0P5M_A9TR40)                                  0.107709  0.000024   0.884202 r
  U25/Y (AO1B2_X0P5M_A9TR40)                                    0.087304  0.094449   0.978651 f
  n70 (net)                                     1     0.001539            0.000000   0.978651 f
  det_medium_therm_q_reg[11]/D (DFFRPQ_X1M_A9TR40)              0.087304  0.000027   0.978678 f
  data arrival time                                                                  0.978678

  clock cal_clk (rise edge)                                               0.000000   0.000000
  clock network delay (ideal)                                             0.000000   0.000000
  clock uncertainty                                                       0.020000   0.020000
  det_medium_therm_q_reg[11]/CK (DFFRPQ_X1M_A9TR40)                       0.000000   0.020000 r
  library hold time                                                       0.027567   0.047567
  data required time                                                                 0.047567
  ----------------------------------------------------------------------------------------------
  data required time                                                                 0.047567
  data arrival time                                                                  -0.978678
  ----------------------------------------------------------------------------------------------
  slack (MET)                                                                        0.931111


  Startpoint: state_q_reg[3]
              (rising edge-triggered flip-flop clocked by cal_clk)
  Endpoint: det_medium_therm_q_reg[10]
            (rising edge-triggered flip-flop clocked by cal_clk)
  Path Group: cal_clk
  Path Type: min

  Des/Clust/Port     Wire Load Model       Library
  ------------------------------------------------
  ftc_detection_margin_manager
                     Small                 sc9mc_logic0040ll_base_rvt_c40_ss_typical_max_0p99v_125c

  Point                                       Fanout       Cap     Trans      Incr       Path
  ----------------------------------------------------------------------------------------------
  clock cal_clk (rise edge)                                               0.000000   0.000000
  clock network delay (ideal)                                             0.000000   0.000000
  state_q_reg[3]/CK (DFFRPQ_X1M_A9TR40)                         0.050000  0.000000   0.000000 r
  state_q_reg[3]/Q (DFFRPQ_X1M_A9TR40) <-                       0.126749  0.325960   0.325960 r
  state_q[3] (net)                              4     0.005195            0.000000   0.325960 r
  U197/B (NOR3_X1A_A9TR40)                                      0.126749  0.000017   0.325977 r
  U197/Y (NOR3_X1A_A9TR40)                                      0.067267  0.082579   0.408556 f
  det_takeover_ready_o (net)                    2     0.001983            0.000000   0.408556 f
  U198/BN (NOR4BB_X0P7M_A9TR40)                                 0.067267  0.000018   0.408574 f
  U198/Y (NOR4BB_X0P7M_A9TR40)                                  0.072234  0.148502   0.557076 f
  n4 (net)                                      1     0.001588            0.000000   0.557076 f
  U141/A (BUFH_X1M_A9TR40)                                      0.072234  0.000027   0.557103 f
  U141/Y (BUFH_X1M_A9TR40)                                      0.049705  0.094927   0.652030 f
  n166 (net)                                    2     0.002795            0.000000   0.652030 f
  U191/A (BUF_X2M_A9TR40)                                       0.049705  0.000020   0.652050 f
  U191/Y (BUF_X2M_A9TR40)                                       0.094592  0.129158   0.781208 f
  n165 (net)                                   12     0.013342            0.000000   0.781208 f
  U24/B1 (AOI22_X0P5M_A9TR40)                                   0.094592  0.000013   0.781221 f
  U24/Y (AOI22_X0P5M_A9TR40)                                    0.107709  0.102956   0.884178 r
  n14 (net)                                     1     0.001401            0.000000   0.884178 r
  U23/A0N (AO1B2_X0P5M_A9TR40)                                  0.107709  0.000024   0.884202 r
  U23/Y (AO1B2_X0P5M_A9TR40)                                    0.087304  0.094449   0.978651 f
  n69 (net)                                     1     0.001539            0.000000   0.978651 f
  det_medium_therm_q_reg[10]/D (DFFRPQ_X1M_A9TR40)              0.087304  0.000027   0.978678 f
  data arrival time                                                                  0.978678

  clock cal_clk (rise edge)                                               0.000000   0.000000
  clock network delay (ideal)                                             0.000000   0.000000
  clock uncertainty                                                       0.020000   0.020000
  det_medium_therm_q_reg[10]/CK (DFFRPQ_X1M_A9TR40)                       0.000000   0.020000 r
  library hold time                                                       0.027567   0.047567
  data required time                                                                 0.047567
  ----------------------------------------------------------------------------------------------
  data required time                                                                 0.047567
  data arrival time                                                                  -0.978678
  ----------------------------------------------------------------------------------------------
  slack (MET)                                                                        0.931111


  Startpoint: state_q_reg[3]
              (rising edge-triggered flip-flop clocked by cal_clk)
  Endpoint: det_medium_therm_q_reg[9]
            (rising edge-triggered flip-flop clocked by cal_clk)
  Path Group: cal_clk
  Path Type: min

  Des/Clust/Port     Wire Load Model       Library
  ------------------------------------------------
  ftc_detection_margin_manager
                     Small                 sc9mc_logic0040ll_base_rvt_c40_ss_typical_max_0p99v_125c

  Point                                       Fanout       Cap     Trans      Incr       Path
  ----------------------------------------------------------------------------------------------
  clock cal_clk (rise edge)                                               0.000000   0.000000
  clock network delay (ideal)                                             0.000000   0.000000
  state_q_reg[3]/CK (DFFRPQ_X1M_A9TR40)                         0.050000  0.000000   0.000000 r
  state_q_reg[3]/Q (DFFRPQ_X1M_A9TR40) <-                       0.126749  0.325960   0.325960 r
  state_q[3] (net)                              4     0.005195            0.000000   0.325960 r
  U197/B (NOR3_X1A_A9TR40)                                      0.126749  0.000017   0.325977 r
  U197/Y (NOR3_X1A_A9TR40)                                      0.067267  0.082579   0.408556 f
  det_takeover_ready_o (net)                    2     0.001983            0.000000   0.408556 f
  U198/BN (NOR4BB_X0P7M_A9TR40)                                 0.067267  0.000018   0.408574 f
  U198/Y (NOR4BB_X0P7M_A9TR40)                                  0.072234  0.148502   0.557076 f
  n4 (net)                                      1     0.001588            0.000000   0.557076 f
  U141/A (BUFH_X1M_A9TR40)                                      0.072234  0.000027   0.557103 f
  U141/Y (BUFH_X1M_A9TR40)                                      0.049705  0.094927   0.652030 f
  n166 (net)                                    2     0.002795            0.000000   0.652030 f
  U191/A (BUF_X2M_A9TR40)                                       0.049705  0.000020   0.652050 f
  U191/Y (BUF_X2M_A9TR40)                                       0.094592  0.129158   0.781208 f
  n165 (net)                                   12     0.013342            0.000000   0.781208 f
  U22/B1 (AOI22_X0P5M_A9TR40)                                   0.094592  0.000013   0.781221 f
  U22/Y (AOI22_X0P5M_A9TR40)                                    0.107709  0.102956   0.884178 r
  n13 (net)                                     1     0.001401            0.000000   0.884178 r
  U21/A0N (AO1B2_X0P5M_A9TR40)                                  0.107709  0.000024   0.884202 r
  U21/Y (AO1B2_X0P5M_A9TR40)                                    0.087304  0.094449   0.978651 f
  n68 (net)                                     1     0.001539            0.000000   0.978651 f
  det_medium_therm_q_reg[9]/D (DFFRPQ_X1M_A9TR40)               0.087304  0.000027   0.978678 f
  data arrival time                                                                  0.978678

  clock cal_clk (rise edge)                                               0.000000   0.000000
  clock network delay (ideal)                                             0.000000   0.000000
  clock uncertainty                                                       0.020000   0.020000
  det_medium_therm_q_reg[9]/CK (DFFRPQ_X1M_A9TR40)                        0.000000   0.020000 r
  library hold time                                                       0.027567   0.047567
  data required time                                                                 0.047567
  ----------------------------------------------------------------------------------------------
  data required time                                                                 0.047567
  data arrival time                                                                  -0.978678
  ----------------------------------------------------------------------------------------------
  slack (MET)                                                                        0.931111


  Startpoint: state_q_reg[3]
              (rising edge-triggered flip-flop clocked by cal_clk)
  Endpoint: det_medium_therm_q_reg[8]
            (rising edge-triggered flip-flop clocked by cal_clk)
  Path Group: cal_clk
  Path Type: min

  Des/Clust/Port     Wire Load Model       Library
  ------------------------------------------------
  ftc_detection_margin_manager
                     Small                 sc9mc_logic0040ll_base_rvt_c40_ss_typical_max_0p99v_125c

  Point                                       Fanout       Cap     Trans      Incr       Path
  ----------------------------------------------------------------------------------------------
  clock cal_clk (rise edge)                                               0.000000   0.000000
  clock network delay (ideal)                                             0.000000   0.000000
  state_q_reg[3]/CK (DFFRPQ_X1M_A9TR40)                         0.050000  0.000000   0.000000 r
  state_q_reg[3]/Q (DFFRPQ_X1M_A9TR40) <-                       0.126749  0.325960   0.325960 r
  state_q[3] (net)                              4     0.005195            0.000000   0.325960 r
  U197/B (NOR3_X1A_A9TR40)                                      0.126749  0.000017   0.325977 r
  U197/Y (NOR3_X1A_A9TR40)                                      0.067267  0.082579   0.408556 f
  det_takeover_ready_o (net)                    2     0.001983            0.000000   0.408556 f
  U198/BN (NOR4BB_X0P7M_A9TR40)                                 0.067267  0.000018   0.408574 f
  U198/Y (NOR4BB_X0P7M_A9TR40)                                  0.072234  0.148502   0.557076 f
  n4 (net)                                      1     0.001588            0.000000   0.557076 f
  U141/A (BUFH_X1M_A9TR40)                                      0.072234  0.000027   0.557103 f
  U141/Y (BUFH_X1M_A9TR40)                                      0.049705  0.094927   0.652030 f
  n166 (net)                                    2     0.002795            0.000000   0.652030 f
  U191/A (BUF_X2M_A9TR40)                                       0.049705  0.000020   0.652050 f
  U191/Y (BUF_X2M_A9TR40)                                       0.094592  0.129158   0.781208 f
  n165 (net)                                   12     0.013342            0.000000   0.781208 f
  U20/B1 (AOI22_X0P5M_A9TR40)                                   0.094592  0.000013   0.781221 f
  U20/Y (AOI22_X0P5M_A9TR40)                                    0.107711  0.102956   0.884178 r
  n12 (net)                                     1     0.001401            0.000000   0.884178 r
  U19/A0N (AO1B2_X0P5M_A9TR40)                                  0.107711  0.000024   0.884202 r
  U19/Y (AO1B2_X0P5M_A9TR40)                                    0.087304  0.094450   0.978652 f
  n67 (net)                                     1     0.001539            0.000000   0.978652 f
  det_medium_therm_q_reg[8]/D (DFFRPQ_X1M_A9TR40)               0.087304  0.000027   0.978679 f
  data arrival time                                                                  0.978679

  clock cal_clk (rise edge)                                               0.000000   0.000000
  clock network delay (ideal)                                             0.000000   0.000000
  clock uncertainty                                                       0.020000   0.020000
  det_medium_therm_q_reg[8]/CK (DFFRPQ_X1M_A9TR40)                        0.000000   0.020000 r
  library hold time                                                       0.027567   0.047567
  data required time                                                                 0.047567
  ----------------------------------------------------------------------------------------------
  data required time                                                                 0.047567
  data arrival time                                                                  -0.978679
  ----------------------------------------------------------------------------------------------
  slack (MET)                                                                        0.931112


  Startpoint: state_q_reg[3]
              (rising edge-triggered flip-flop clocked by cal_clk)
  Endpoint: det_fine_therm_q_reg[9]
            (rising edge-triggered flip-flop clocked by cal_clk)
  Path Group: cal_clk
  Path Type: min

  Des/Clust/Port     Wire Load Model       Library
  ------------------------------------------------
  ftc_detection_margin_manager
                     Small                 sc9mc_logic0040ll_base_rvt_c40_ss_typical_max_0p99v_125c

  Point                                       Fanout       Cap     Trans      Incr       Path
  ----------------------------------------------------------------------------------------------
  clock cal_clk (rise edge)                                               0.000000   0.000000
  clock network delay (ideal)                                             0.000000   0.000000
  state_q_reg[3]/CK (DFFRPQ_X1M_A9TR40)                         0.050000  0.000000   0.000000 r
  state_q_reg[3]/Q (DFFRPQ_X1M_A9TR40) <-                       0.126749  0.325960   0.325960 r
  state_q[3] (net)                              4     0.005195            0.000000   0.325960 r
  U197/B (NOR3_X1A_A9TR40)                                      0.126749  0.000017   0.325977 r
  U197/Y (NOR3_X1A_A9TR40)                                      0.067267  0.082579   0.408556 f
  det_takeover_ready_o (net)                    2     0.001983            0.000000   0.408556 f
  U198/BN (NOR4BB_X0P7M_A9TR40)                                 0.067267  0.000018   0.408574 f
  U198/Y (NOR4BB_X0P7M_A9TR40)                                  0.072234  0.148502   0.557076 f
  n4 (net)                                      1     0.001588            0.000000   0.557076 f
  U141/A (BUFH_X1M_A9TR40)                                      0.072234  0.000027   0.557103 f
  U141/Y (BUFH_X1M_A9TR40)                                      0.049705  0.094927   0.652030 f
  n166 (net)                                    2     0.002795            0.000000   0.652030 f
  U188/A (BUF_X2M_A9TR40)                                       0.049705  0.000020   0.652050 f
  U188/Y (BUF_X2M_A9TR40)                                       0.119407  0.144624   0.796674 f
  n164 (net)                                   16     0.017991            0.000000   0.796674 f
  U63/B1 (AOI22_X0P5M_A9TR40)                                   0.119407  0.000013   0.796687 f
  U63/Y (AOI22_X0P5M_A9TR40)                                    0.107472  0.112046   0.908733 r
  n31 (net)                                     1     0.001401            0.000000   0.908733 r
  U62/A0N (AO1B2_X0P5M_A9TR40)                                  0.107472  0.000024   0.908757 r
  U62/Y (AO1B2_X0P5M_A9TR40)                                    0.087856  0.094714   1.003471 f
  n93 (net)                                     1     0.001556            0.000000   1.003471 f
  det_fine_therm_q_reg[9]/D (DFFSQ_X1M_A9TR40)                  0.087856  0.000027   1.003497 f
  data arrival time                                                                  1.003497

  clock cal_clk (rise edge)                                               0.000000   0.000000
  clock network delay (ideal)                                             0.000000   0.000000
  clock uncertainty                                                       0.020000   0.020000
  det_fine_therm_q_reg[9]/CK (DFFSQ_X1M_A9TR40)                           0.000000   0.020000 r
  library hold time                                                       0.040590   0.060590
  data required time                                                                 0.060590
  ----------------------------------------------------------------------------------------------
  data required time                                                                 0.060590
  data arrival time                                                                  -1.003497
  ----------------------------------------------------------------------------------------------
  slack (MET)                                                                        0.942907


  Startpoint: state_q_reg[3]
              (rising edge-triggered flip-flop clocked by cal_clk)
  Endpoint: det_fine_therm_q_reg[8]
            (rising edge-triggered flip-flop clocked by cal_clk)
  Path Group: cal_clk
  Path Type: min

  Des/Clust/Port     Wire Load Model       Library
  ------------------------------------------------
  ftc_detection_margin_manager
                     Small                 sc9mc_logic0040ll_base_rvt_c40_ss_typical_max_0p99v_125c

  Point                                       Fanout       Cap     Trans      Incr       Path
  ----------------------------------------------------------------------------------------------
  clock cal_clk (rise edge)                                               0.000000   0.000000
  clock network delay (ideal)                                             0.000000   0.000000
  state_q_reg[3]/CK (DFFRPQ_X1M_A9TR40)                         0.050000  0.000000   0.000000 r
  state_q_reg[3]/Q (DFFRPQ_X1M_A9TR40) <-                       0.126749  0.325960   0.325960 r
  state_q[3] (net)                              4     0.005195            0.000000   0.325960 r
  U197/B (NOR3_X1A_A9TR40)                                      0.126749  0.000017   0.325977 r
  U197/Y (NOR3_X1A_A9TR40)                                      0.067267  0.082579   0.408556 f
  det_takeover_ready_o (net)                    2     0.001983            0.000000   0.408556 f
  U198/BN (NOR4BB_X0P7M_A9TR40)                                 0.067267  0.000018   0.408574 f
  U198/Y (NOR4BB_X0P7M_A9TR40)                                  0.072234  0.148502   0.557076 f
  n4 (net)                                      1     0.001588            0.000000   0.557076 f
  U141/A (BUFH_X1M_A9TR40)                                      0.072234  0.000027   0.557103 f
  U141/Y (BUFH_X1M_A9TR40)                                      0.049705  0.094927   0.652030 f
  n166 (net)                                    2     0.002795            0.000000   0.652030 f
  U188/A (BUF_X2M_A9TR40)                                       0.049705  0.000020   0.652050 f
  U188/Y (BUF_X2M_A9TR40)                                       0.119407  0.144624   0.796674 f
  n164 (net)                                   16     0.017991            0.000000   0.796674 f
  U60/B1 (AOI22_X0P5M_A9TR40)                                   0.119407  0.000013   0.796687 f
  U60/Y (AOI22_X0P5M_A9TR40)                                    0.107472  0.112046   0.908733 r
  n30 (net)                                     1     0.001401            0.000000   0.908733 r
  U59/A0N (AO1B2_X0P5M_A9TR40)                                  0.107472  0.000024   0.908757 r
  U59/Y (AO1B2_X0P5M_A9TR40)                                    0.087856  0.094714   1.003471 f
  n91 (net)                                     1     0.001556            0.000000   1.003471 f
  det_fine_therm_q_reg[8]/D (DFFSQ_X1M_A9TR40)                  0.087856  0.000027   1.003497 f
  data arrival time                                                                  1.003497

  clock cal_clk (rise edge)                                               0.000000   0.000000
  clock network delay (ideal)                                             0.000000   0.000000
  clock uncertainty                                                       0.020000   0.020000
  det_fine_therm_q_reg[8]/CK (DFFSQ_X1M_A9TR40)                           0.000000   0.020000 r
  library hold time                                                       0.040590   0.060590
  data required time                                                                 0.060590
  ----------------------------------------------------------------------------------------------
  data required time                                                                 0.060590
  data arrival time                                                                  -1.003497
  ----------------------------------------------------------------------------------------------
  slack (MET)                                                                        0.942907


  Startpoint: state_q_reg[3]
              (rising edge-triggered flip-flop clocked by cal_clk)
  Endpoint: det_fine_therm_q_reg[7]
            (rising edge-triggered flip-flop clocked by cal_clk)
  Path Group: cal_clk
  Path Type: min

  Des/Clust/Port     Wire Load Model       Library
  ------------------------------------------------
  ftc_detection_margin_manager
                     Small                 sc9mc_logic0040ll_base_rvt_c40_ss_typical_max_0p99v_125c

  Point                                       Fanout       Cap     Trans      Incr       Path
  ----------------------------------------------------------------------------------------------
  clock cal_clk (rise edge)                                               0.000000   0.000000
  clock network delay (ideal)                                             0.000000   0.000000
  state_q_reg[3]/CK (DFFRPQ_X1M_A9TR40)                         0.050000  0.000000   0.000000 r
  state_q_reg[3]/Q (DFFRPQ_X1M_A9TR40) <-                       0.126749  0.325960   0.325960 r
  state_q[3] (net)                              4     0.005195            0.000000   0.325960 r
  U197/B (NOR3_X1A_A9TR40)                                      0.126749  0.000017   0.325977 r
  U197/Y (NOR3_X1A_A9TR40)                                      0.067267  0.082579   0.408556 f
  det_takeover_ready_o (net)                    2     0.001983            0.000000   0.408556 f
  U198/BN (NOR4BB_X0P7M_A9TR40)                                 0.067267  0.000018   0.408574 f
  U198/Y (NOR4BB_X0P7M_A9TR40)                                  0.072234  0.148502   0.557076 f
  n4 (net)                                      1     0.001588            0.000000   0.557076 f
  U141/A (BUFH_X1M_A9TR40)                                      0.072234  0.000027   0.557103 f
  U141/Y (BUFH_X1M_A9TR40)                                      0.049705  0.094927   0.652030 f
  n166 (net)                                    2     0.002795            0.000000   0.652030 f
  U188/A (BUF_X2M_A9TR40)                                       0.049705  0.000020   0.652050 f
  U188/Y (BUF_X2M_A9TR40)                                       0.119407  0.144624   0.796674 f
  n164 (net)                                   16     0.017991            0.000000   0.796674 f
  U57/B1 (AOI22_X0P5M_A9TR40)                                   0.119407  0.000013   0.796687 f
  U57/Y (AOI22_X0P5M_A9TR40)                                    0.107472  0.112046   0.908733 r
  n29 (net)                                     1     0.001401            0.000000   0.908733 r
  U56/A0N (AO1B2_X0P5M_A9TR40)                                  0.107472  0.000024   0.908757 r
  U56/Y (AO1B2_X0P5M_A9TR40)                                    0.087856  0.094714   1.003471 f
  n89 (net)                                     1     0.001556            0.000000   1.003471 f
  det_fine_therm_q_reg[7]/D (DFFSQ_X1M_A9TR40)                  0.087856  0.000027   1.003497 f
  data arrival time                                                                  1.003497

  clock cal_clk (rise edge)                                               0.000000   0.000000
  clock network delay (ideal)                                             0.000000   0.000000
  clock uncertainty                                                       0.020000   0.020000
  det_fine_therm_q_reg[7]/CK (DFFSQ_X1M_A9TR40)                           0.000000   0.020000 r
  library hold time                                                       0.040590   0.060590
  data required time                                                                 0.060590
  ----------------------------------------------------------------------------------------------
  data required time                                                                 0.060590
  data arrival time                                                                  -1.003497
  ----------------------------------------------------------------------------------------------
  slack (MET)                                                                        0.942907


  Startpoint: state_q_reg[3]
              (rising edge-triggered flip-flop clocked by cal_clk)
  Endpoint: det_fine_therm_q_reg[6]
            (rising edge-triggered flip-flop clocked by cal_clk)
  Path Group: cal_clk
  Path Type: min

  Des/Clust/Port     Wire Load Model       Library
  ------------------------------------------------
  ftc_detection_margin_manager
                     Small                 sc9mc_logic0040ll_base_rvt_c40_ss_typical_max_0p99v_125c

  Point                                       Fanout       Cap     Trans      Incr       Path
  ----------------------------------------------------------------------------------------------
  clock cal_clk (rise edge)                                               0.000000   0.000000
  clock network delay (ideal)                                             0.000000   0.000000
  state_q_reg[3]/CK (DFFRPQ_X1M_A9TR40)                         0.050000  0.000000   0.000000 r
  state_q_reg[3]/Q (DFFRPQ_X1M_A9TR40) <-                       0.126749  0.325960   0.325960 r
  state_q[3] (net)                              4     0.005195            0.000000   0.325960 r
  U197/B (NOR3_X1A_A9TR40)                                      0.126749  0.000017   0.325977 r
  U197/Y (NOR3_X1A_A9TR40)                                      0.067267  0.082579   0.408556 f
  det_takeover_ready_o (net)                    2     0.001983            0.000000   0.408556 f
  U198/BN (NOR4BB_X0P7M_A9TR40)                                 0.067267  0.000018   0.408574 f
  U198/Y (NOR4BB_X0P7M_A9TR40)                                  0.072234  0.148502   0.557076 f
  n4 (net)                                      1     0.001588            0.000000   0.557076 f
  U141/A (BUFH_X1M_A9TR40)                                      0.072234  0.000027   0.557103 f
  U141/Y (BUFH_X1M_A9TR40)                                      0.049705  0.094927   0.652030 f
  n166 (net)                                    2     0.002795            0.000000   0.652030 f
  U188/A (BUF_X2M_A9TR40)                                       0.049705  0.000020   0.652050 f
  U188/Y (BUF_X2M_A9TR40)                                       0.119407  0.144624   0.796674 f
  n164 (net)                                   16     0.017991            0.000000   0.796674 f
  U54/B1 (AOI22_X0P5M_A9TR40)                                   0.119407  0.000013   0.796687 f
  U54/Y (AOI22_X0P5M_A9TR40)                                    0.107472  0.112046   0.908733 r
  n28 (net)                                     1     0.001401            0.000000   0.908733 r
  U53/A0N (AO1B2_X0P5M_A9TR40)                                  0.107472  0.000024   0.908757 r
  U53/Y (AO1B2_X0P5M_A9TR40)                                    0.087856  0.094714   1.003471 f
  n87 (net)                                     1     0.001556            0.000000   1.003471 f
  det_fine_therm_q_reg[6]/D (DFFSQ_X1M_A9TR40)                  0.087856  0.000027   1.003497 f
  data arrival time                                                                  1.003497

  clock cal_clk (rise edge)                                               0.000000   0.000000
  clock network delay (ideal)                                             0.000000   0.000000
  clock uncertainty                                                       0.020000   0.020000
  det_fine_therm_q_reg[6]/CK (DFFSQ_X1M_A9TR40)                           0.000000   0.020000 r
  library hold time                                                       0.040590   0.060590
  data required time                                                                 0.060590
  ----------------------------------------------------------------------------------------------
  data required time                                                                 0.060590
  data arrival time                                                                  -1.003497
  ----------------------------------------------------------------------------------------------
  slack (MET)                                                                        0.942907


  Startpoint: state_q_reg[3]
              (rising edge-triggered flip-flop clocked by cal_clk)
  Endpoint: det_fine_therm_q_reg[5]
            (rising edge-triggered flip-flop clocked by cal_clk)
  Path Group: cal_clk
  Path Type: min

  Des/Clust/Port     Wire Load Model       Library
  ------------------------------------------------
  ftc_detection_margin_manager
                     Small                 sc9mc_logic0040ll_base_rvt_c40_ss_typical_max_0p99v_125c

  Point                                       Fanout       Cap     Trans      Incr       Path
  ----------------------------------------------------------------------------------------------
  clock cal_clk (rise edge)                                               0.000000   0.000000
  clock network delay (ideal)                                             0.000000   0.000000
  state_q_reg[3]/CK (DFFRPQ_X1M_A9TR40)                         0.050000  0.000000   0.000000 r
  state_q_reg[3]/Q (DFFRPQ_X1M_A9TR40) <-                       0.126749  0.325960   0.325960 r
  state_q[3] (net)                              4     0.005195            0.000000   0.325960 r
  U197/B (NOR3_X1A_A9TR40)                                      0.126749  0.000017   0.325977 r
  U197/Y (NOR3_X1A_A9TR40)                                      0.067267  0.082579   0.408556 f
  det_takeover_ready_o (net)                    2     0.001983            0.000000   0.408556 f
  U198/BN (NOR4BB_X0P7M_A9TR40)                                 0.067267  0.000018   0.408574 f
  U198/Y (NOR4BB_X0P7M_A9TR40)                                  0.072234  0.148502   0.557076 f
  n4 (net)                                      1     0.001588            0.000000   0.557076 f
  U141/A (BUFH_X1M_A9TR40)                                      0.072234  0.000027   0.557103 f
  U141/Y (BUFH_X1M_A9TR40)                                      0.049705  0.094927   0.652030 f
  n166 (net)                                    2     0.002795            0.000000   0.652030 f
  U188/A (BUF_X2M_A9TR40)                                       0.049705  0.000020   0.652050 f
  U188/Y (BUF_X2M_A9TR40)                                       0.119407  0.144624   0.796674 f
  n164 (net)                                   16     0.017991            0.000000   0.796674 f
  U51/B1 (AOI22_X0P5M_A9TR40)                                   0.119407  0.000013   0.796687 f
  U51/Y (AOI22_X0P5M_A9TR40)                                    0.107472  0.112046   0.908733 r
  n27 (net)                                     1     0.001401            0.000000   0.908733 r
  U50/A0N (AO1B2_X0P5M_A9TR40)                                  0.107472  0.000024   0.908757 r
  U50/Y (AO1B2_X0P5M_A9TR40)                                    0.087856  0.094714   1.003471 f
  n85 (net)                                     1     0.001556            0.000000   1.003471 f
  det_fine_therm_q_reg[5]/D (DFFSQ_X1M_A9TR40)                  0.087856  0.000027   1.003497 f
  data arrival time                                                                  1.003497

  clock cal_clk (rise edge)                                               0.000000   0.000000
  clock network delay (ideal)                                             0.000000   0.000000
  clock uncertainty                                                       0.020000   0.020000
  det_fine_therm_q_reg[5]/CK (DFFSQ_X1M_A9TR40)                           0.000000   0.020000 r
  library hold time                                                       0.040590   0.060590
  data required time                                                                 0.060590
  ----------------------------------------------------------------------------------------------
  data required time                                                                 0.060590
  data arrival time                                                                  -1.003497
  ----------------------------------------------------------------------------------------------
  slack (MET)                                                                        0.942907


  Startpoint: state_q_reg[3]
              (rising edge-triggered flip-flop clocked by cal_clk)
  Endpoint: det_fine_therm_q_reg[4]
            (rising edge-triggered flip-flop clocked by cal_clk)
  Path Group: cal_clk
  Path Type: min

  Des/Clust/Port     Wire Load Model       Library
  ------------------------------------------------
  ftc_detection_margin_manager
                     Small                 sc9mc_logic0040ll_base_rvt_c40_ss_typical_max_0p99v_125c

  Point                                       Fanout       Cap     Trans      Incr       Path
  ----------------------------------------------------------------------------------------------
  clock cal_clk (rise edge)                                               0.000000   0.000000
  clock network delay (ideal)                                             0.000000   0.000000
  state_q_reg[3]/CK (DFFRPQ_X1M_A9TR40)                         0.050000  0.000000   0.000000 r
  state_q_reg[3]/Q (DFFRPQ_X1M_A9TR40) <-                       0.126749  0.325960   0.325960 r
  state_q[3] (net)                              4     0.005195            0.000000   0.325960 r
  U197/B (NOR3_X1A_A9TR40)                                      0.126749  0.000017   0.325977 r
  U197/Y (NOR3_X1A_A9TR40)                                      0.067267  0.082579   0.408556 f
  det_takeover_ready_o (net)                    2     0.001983            0.000000   0.408556 f
  U198/BN (NOR4BB_X0P7M_A9TR40)                                 0.067267  0.000018   0.408574 f
  U198/Y (NOR4BB_X0P7M_A9TR40)                                  0.072234  0.148502   0.557076 f
  n4 (net)                                      1     0.001588            0.000000   0.557076 f
  U141/A (BUFH_X1M_A9TR40)                                      0.072234  0.000027   0.557103 f
  U141/Y (BUFH_X1M_A9TR40)                                      0.049705  0.094927   0.652030 f
  n166 (net)                                    2     0.002795            0.000000   0.652030 f
  U188/A (BUF_X2M_A9TR40)                                       0.049705  0.000020   0.652050 f
  U188/Y (BUF_X2M_A9TR40)                                       0.119407  0.144624   0.796674 f
  n164 (net)                                   16     0.017991            0.000000   0.796674 f
  U48/B1 (AOI22_X0P5M_A9TR40)                                   0.119407  0.000013   0.796687 f
  U48/Y (AOI22_X0P5M_A9TR40)                                    0.107472  0.112046   0.908733 r
  n26 (net)                                     1     0.001401            0.000000   0.908733 r
  U47/A0N (AO1B2_X0P5M_A9TR40)                                  0.107472  0.000024   0.908757 r
  U47/Y (AO1B2_X0P5M_A9TR40)                                    0.087856  0.094714   1.003471 f
  n83 (net)                                     1     0.001556            0.000000   1.003471 f
  det_fine_therm_q_reg[4]/D (DFFSQ_X1M_A9TR40)                  0.087856  0.000027   1.003497 f
  data arrival time                                                                  1.003497

  clock cal_clk (rise edge)                                               0.000000   0.000000
  clock network delay (ideal)                                             0.000000   0.000000
  clock uncertainty                                                       0.020000   0.020000
  det_fine_therm_q_reg[4]/CK (DFFSQ_X1M_A9TR40)                           0.000000   0.020000 r
  library hold time                                                       0.040590   0.060590
  data required time                                                                 0.060590
  ----------------------------------------------------------------------------------------------
  data required time                                                                 0.060590
  data arrival time                                                                  -1.003497
  ----------------------------------------------------------------------------------------------
  slack (MET)                                                                        0.942907


  Startpoint: state_q_reg[3]
              (rising edge-triggered flip-flop clocked by cal_clk)
  Endpoint: det_fine_therm_q_reg[3]
            (rising edge-triggered flip-flop clocked by cal_clk)
  Path Group: cal_clk
  Path Type: min

  Des/Clust/Port     Wire Load Model       Library
  ------------------------------------------------
  ftc_detection_margin_manager
                     Small                 sc9mc_logic0040ll_base_rvt_c40_ss_typical_max_0p99v_125c

  Point                                       Fanout       Cap     Trans      Incr       Path
  ----------------------------------------------------------------------------------------------
  clock cal_clk (rise edge)                                               0.000000   0.000000
  clock network delay (ideal)                                             0.000000   0.000000
  state_q_reg[3]/CK (DFFRPQ_X1M_A9TR40)                         0.050000  0.000000   0.000000 r
  state_q_reg[3]/Q (DFFRPQ_X1M_A9TR40) <-                       0.126749  0.325960   0.325960 r
  state_q[3] (net)                              4     0.005195            0.000000   0.325960 r
  U197/B (NOR3_X1A_A9TR40)                                      0.126749  0.000017   0.325977 r
  U197/Y (NOR3_X1A_A9TR40)                                      0.067267  0.082579   0.408556 f
  det_takeover_ready_o (net)                    2     0.001983            0.000000   0.408556 f
  U198/BN (NOR4BB_X0P7M_A9TR40)                                 0.067267  0.000018   0.408574 f
  U198/Y (NOR4BB_X0P7M_A9TR40)                                  0.072234  0.148502   0.557076 f
  n4 (net)                                      1     0.001588            0.000000   0.557076 f
  U141/A (BUFH_X1M_A9TR40)                                      0.072234  0.000027   0.557103 f
  U141/Y (BUFH_X1M_A9TR40)                                      0.049705  0.094927   0.652030 f
  n166 (net)                                    2     0.002795            0.000000   0.652030 f
  U188/A (BUF_X2M_A9TR40)                                       0.049705  0.000020   0.652050 f
  U188/Y (BUF_X2M_A9TR40)                                       0.119407  0.144624   0.796674 f
  n164 (net)                                   16     0.017991            0.000000   0.796674 f
  U45/B1 (AOI22_X0P5M_A9TR40)                                   0.119407  0.000013   0.796687 f
  U45/Y (AOI22_X0P5M_A9TR40)                                    0.107472  0.112046   0.908733 r
  n25 (net)                                     1     0.001401            0.000000   0.908733 r
  U44/A0N (AO1B2_X0P5M_A9TR40)                                  0.107472  0.000024   0.908757 r
  U44/Y (AO1B2_X0P5M_A9TR40)                                    0.087856  0.094714   1.003471 f
  n81 (net)                                     1     0.001556            0.000000   1.003471 f
  det_fine_therm_q_reg[3]/D (DFFSQ_X1M_A9TR40)                  0.087856  0.000027   1.003497 f
  data arrival time                                                                  1.003497

  clock cal_clk (rise edge)                                               0.000000   0.000000
  clock network delay (ideal)                                             0.000000   0.000000
  clock uncertainty                                                       0.020000   0.020000
  det_fine_therm_q_reg[3]/CK (DFFSQ_X1M_A9TR40)                           0.000000   0.020000 r
  library hold time                                                       0.040590   0.060590
  data required time                                                                 0.060590
  ----------------------------------------------------------------------------------------------
  data required time                                                                 0.060590
  data arrival time                                                                  -1.003497
  ----------------------------------------------------------------------------------------------
  slack (MET)                                                                        0.942907


  Startpoint: state_q_reg[3]
              (rising edge-triggered flip-flop clocked by cal_clk)
  Endpoint: det_fine_therm_q_reg[2]
            (rising edge-triggered flip-flop clocked by cal_clk)
  Path Group: cal_clk
  Path Type: min

  Des/Clust/Port     Wire Load Model       Library
  ------------------------------------------------
  ftc_detection_margin_manager
                     Small                 sc9mc_logic0040ll_base_rvt_c40_ss_typical_max_0p99v_125c

  Point                                       Fanout       Cap     Trans      Incr       Path
  ----------------------------------------------------------------------------------------------
  clock cal_clk (rise edge)                                               0.000000   0.000000
  clock network delay (ideal)                                             0.000000   0.000000
  state_q_reg[3]/CK (DFFRPQ_X1M_A9TR40)                         0.050000  0.000000   0.000000 r
  state_q_reg[3]/Q (DFFRPQ_X1M_A9TR40) <-                       0.126749  0.325960   0.325960 r
  state_q[3] (net)                              4     0.005195            0.000000   0.325960 r
  U197/B (NOR3_X1A_A9TR40)                                      0.126749  0.000017   0.325977 r
  U197/Y (NOR3_X1A_A9TR40)                                      0.067267  0.082579   0.408556 f
  det_takeover_ready_o (net)                    2     0.001983            0.000000   0.408556 f
  U198/BN (NOR4BB_X0P7M_A9TR40)                                 0.067267  0.000018   0.408574 f
  U198/Y (NOR4BB_X0P7M_A9TR40)                                  0.072234  0.148502   0.557076 f
  n4 (net)                                      1     0.001588            0.000000   0.557076 f
  U141/A (BUFH_X1M_A9TR40)                                      0.072234  0.000027   0.557103 f
  U141/Y (BUFH_X1M_A9TR40)                                      0.049705  0.094927   0.652030 f
  n166 (net)                                    2     0.002795            0.000000   0.652030 f
  U188/A (BUF_X2M_A9TR40)                                       0.049705  0.000020   0.652050 f
  U188/Y (BUF_X2M_A9TR40)                                       0.119407  0.144624   0.796674 f
  n164 (net)                                   16     0.017991            0.000000   0.796674 f
  U42/B1 (AOI22_X0P5M_A9TR40)                                   0.119407  0.000013   0.796687 f
  U42/Y (AOI22_X0P5M_A9TR40)                                    0.107472  0.112046   0.908733 r
  n24 (net)                                     1     0.001401            0.000000   0.908733 r
  U41/A0N (AO1B2_X0P5M_A9TR40)                                  0.107472  0.000024   0.908757 r
  U41/Y (AO1B2_X0P5M_A9TR40)                                    0.087856  0.094714   1.003471 f
  n79 (net)                                     1     0.001556            0.000000   1.003471 f
  det_fine_therm_q_reg[2]/D (DFFSQ_X1M_A9TR40)                  0.087856  0.000027   1.003497 f
  data arrival time                                                                  1.003497

  clock cal_clk (rise edge)                                               0.000000   0.000000
  clock network delay (ideal)                                             0.000000   0.000000
  clock uncertainty                                                       0.020000   0.020000
  det_fine_therm_q_reg[2]/CK (DFFSQ_X1M_A9TR40)                           0.000000   0.020000 r
  library hold time                                                       0.040590   0.060590
  data required time                                                                 0.060590
  ----------------------------------------------------------------------------------------------
  data required time                                                                 0.060590
  data arrival time                                                                  -1.003497
  ----------------------------------------------------------------------------------------------
  slack (MET)                                                                        0.942907


  Startpoint: state_q_reg[3]
              (rising edge-triggered flip-flop clocked by cal_clk)
  Endpoint: det_fine_therm_q_reg[1]
            (rising edge-triggered flip-flop clocked by cal_clk)
  Path Group: cal_clk
  Path Type: min

  Des/Clust/Port     Wire Load Model       Library
  ------------------------------------------------
  ftc_detection_margin_manager
                     Small                 sc9mc_logic0040ll_base_rvt_c40_ss_typical_max_0p99v_125c

  Point                                       Fanout       Cap     Trans      Incr       Path
  ----------------------------------------------------------------------------------------------
  clock cal_clk (rise edge)                                               0.000000   0.000000
  clock network delay (ideal)                                             0.000000   0.000000
  state_q_reg[3]/CK (DFFRPQ_X1M_A9TR40)                         0.050000  0.000000   0.000000 r
  state_q_reg[3]/Q (DFFRPQ_X1M_A9TR40) <-                       0.126749  0.325960   0.325960 r
  state_q[3] (net)                              4     0.005195            0.000000   0.325960 r
  U197/B (NOR3_X1A_A9TR40)                                      0.126749  0.000017   0.325977 r
  U197/Y (NOR3_X1A_A9TR40)                                      0.067267  0.082579   0.408556 f
  det_takeover_ready_o (net)                    2     0.001983            0.000000   0.408556 f
  U198/BN (NOR4BB_X0P7M_A9TR40)                                 0.067267  0.000018   0.408574 f
  U198/Y (NOR4BB_X0P7M_A9TR40)                                  0.072234  0.148502   0.557076 f
  n4 (net)                                      1     0.001588            0.000000   0.557076 f
  U141/A (BUFH_X1M_A9TR40)                                      0.072234  0.000027   0.557103 f
  U141/Y (BUFH_X1M_A9TR40)                                      0.049705  0.094927   0.652030 f
  n166 (net)                                    2     0.002795            0.000000   0.652030 f
  U188/A (BUF_X2M_A9TR40)                                       0.049705  0.000020   0.652050 f
  U188/Y (BUF_X2M_A9TR40)                                       0.119407  0.144624   0.796674 f
  n164 (net)                                   16     0.017991            0.000000   0.796674 f
  U39/B1 (AOI22_X0P5M_A9TR40)                                   0.119407  0.000013   0.796687 f
  U39/Y (AOI22_X0P5M_A9TR40)                                    0.107472  0.112046   0.908733 r
  n23 (net)                                     1     0.001401            0.000000   0.908733 r
  U38/A0N (AO1B2_X0P5M_A9TR40)                                  0.107472  0.000024   0.908757 r
  U38/Y (AO1B2_X0P5M_A9TR40)                                    0.087856  0.094714   1.003471 f
  n77 (net)                                     1     0.001556            0.000000   1.003471 f
  det_fine_therm_q_reg[1]/D (DFFSQ_X1M_A9TR40)                  0.087856  0.000027   1.003497 f
  data arrival time                                                                  1.003497

  clock cal_clk (rise edge)                                               0.000000   0.000000
  clock network delay (ideal)                                             0.000000   0.000000
  clock uncertainty                                                       0.020000   0.020000
  det_fine_therm_q_reg[1]/CK (DFFSQ_X1M_A9TR40)                           0.000000   0.020000 r
  library hold time                                                       0.040590   0.060590
  data required time                                                                 0.060590
  ----------------------------------------------------------------------------------------------
  data required time                                                                 0.060590
  data arrival time                                                                  -1.003497
  ----------------------------------------------------------------------------------------------
  slack (MET)                                                                        0.942907


  Startpoint: state_q_reg[3]
              (rising edge-triggered flip-flop clocked by cal_clk)
  Endpoint: det_fine_therm_q_reg[0]
            (rising edge-triggered flip-flop clocked by cal_clk)
  Path Group: cal_clk
  Path Type: min

  Des/Clust/Port     Wire Load Model       Library
  ------------------------------------------------
  ftc_detection_margin_manager
                     Small                 sc9mc_logic0040ll_base_rvt_c40_ss_typical_max_0p99v_125c

  Point                                       Fanout       Cap     Trans      Incr       Path
  ----------------------------------------------------------------------------------------------
  clock cal_clk (rise edge)                                               0.000000   0.000000
  clock network delay (ideal)                                             0.000000   0.000000
  state_q_reg[3]/CK (DFFRPQ_X1M_A9TR40)                         0.050000  0.000000   0.000000 r
  state_q_reg[3]/Q (DFFRPQ_X1M_A9TR40) <-                       0.126749  0.325960   0.325960 r
  state_q[3] (net)                              4     0.005195            0.000000   0.325960 r
  U197/B (NOR3_X1A_A9TR40)                                      0.126749  0.000017   0.325977 r
  U197/Y (NOR3_X1A_A9TR40)                                      0.067267  0.082579   0.408556 f
  det_takeover_ready_o (net)                    2     0.001983            0.000000   0.408556 f
  U198/BN (NOR4BB_X0P7M_A9TR40)                                 0.067267  0.000018   0.408574 f
  U198/Y (NOR4BB_X0P7M_A9TR40)                                  0.072234  0.148502   0.557076 f
  n4 (net)                                      1     0.001588            0.000000   0.557076 f
  U141/A (BUFH_X1M_A9TR40)                                      0.072234  0.000027   0.557103 f
  U141/Y (BUFH_X1M_A9TR40)                                      0.049705  0.094927   0.652030 f
  n166 (net)                                    2     0.002795            0.000000   0.652030 f
  U188/A (BUF_X2M_A9TR40)                                       0.049705  0.000020   0.652050 f
  U188/Y (BUF_X2M_A9TR40)                                       0.119407  0.144624   0.796674 f
  n164 (net)                                   16     0.017991            0.000000   0.796674 f
  U36/B1 (AOI22_X0P5M_A9TR40)                                   0.119407  0.000013   0.796687 f
  U36/Y (AOI22_X0P5M_A9TR40)                                    0.107472  0.112046   0.908733 r
  n20 (net)                                     1     0.001401            0.000000   0.908733 r
  U35/A0N (AO1B2_X0P5M_A9TR40)                                  0.107472  0.000024   0.908757 r
  U35/Y (AO1B2_X0P5M_A9TR40)                                    0.087856  0.094714   1.003471 f
  n75 (net)                                     1     0.001556            0.000000   1.003471 f
  det_fine_therm_q_reg[0]/D (DFFSQ_X1M_A9TR40)                  0.087856  0.000027   1.003497 f
  data arrival time                                                                  1.003497

  clock cal_clk (rise edge)                                               0.000000   0.000000
  clock network delay (ideal)                                             0.000000   0.000000
  clock uncertainty                                                       0.020000   0.020000
  det_fine_therm_q_reg[0]/CK (DFFSQ_X1M_A9TR40)                           0.000000   0.020000 r
  library hold time                                                       0.040590   0.060590
  data required time                                                                 0.060590
  ----------------------------------------------------------------------------------------------
  data required time                                                                 0.060590
  data arrival time                                                                  -1.003497
  ----------------------------------------------------------------------------------------------
  slack (MET)                                                                        0.942907


  Startpoint: state_q_reg[3]
              (rising edge-triggered flip-flop clocked by cal_clk)
  Endpoint: det_medium_therm_q_reg[15]
            (rising edge-triggered flip-flop clocked by cal_clk)
  Path Group: cal_clk
  Path Type: min

  Des/Clust/Port     Wire Load Model       Library
  ------------------------------------------------
  ftc_detection_margin_manager
                     Small                 sc9mc_logic0040ll_base_rvt_c40_ss_typical_max_0p99v_125c

  Point                                       Fanout       Cap     Trans      Incr       Path
  ----------------------------------------------------------------------------------------------
  clock cal_clk (rise edge)                                               0.000000   0.000000
  clock network delay (ideal)                                             0.000000   0.000000
  state_q_reg[3]/CK (DFFRPQ_X1M_A9TR40)                         0.050000  0.000000   0.000000 r
  state_q_reg[3]/Q (DFFRPQ_X1M_A9TR40) <-                       0.126749  0.325960   0.325960 r
  state_q[3] (net)                              4     0.005195            0.000000   0.325960 r
  U197/B (NOR3_X1A_A9TR40)                                      0.126749  0.000017   0.325977 r
  U197/Y (NOR3_X1A_A9TR40)                                      0.067267  0.082579   0.408556 f
  det_takeover_ready_o (net)                    2     0.001983            0.000000   0.408556 f
  U198/BN (NOR4BB_X0P7M_A9TR40)                                 0.067267  0.000018   0.408574 f
  U198/Y (NOR4BB_X0P7M_A9TR40)                                  0.072234  0.148502   0.557076 f
  n4 (net)                                      1     0.001588            0.000000   0.557076 f
  U141/A (BUFH_X1M_A9TR40)                                      0.072234  0.000027   0.557103 f
  U141/Y (BUFH_X1M_A9TR40)                                      0.049705  0.094927   0.652030 f
  n166 (net)                                    2     0.002795            0.000000   0.652030 f
  U188/A (BUF_X2M_A9TR40)                                       0.049705  0.000020   0.652050 f
  U188/Y (BUF_X2M_A9TR40)                                       0.119407  0.144624   0.796674 f
  n164 (net)                                   16     0.017991            0.000000   0.796674 f
  U34/B1 (AOI22_X0P5M_A9TR40)                                   0.119407  0.000013   0.796687 f
  U34/Y (AOI22_X0P5M_A9TR40)                                    0.107709  0.112046   0.908733 r
  n19 (net)                                     1     0.001401            0.000000   0.908733 r
  U33/A0N (AO1B2_X0P5M_A9TR40)                                  0.107709  0.000024   0.908757 r
  U33/Y (AO1B2_X0P5M_A9TR40)                                    0.087304  0.094449   1.003206 f
  n74 (net)                                     1     0.001539            0.000000   1.003206 f
  det_medium_therm_q_reg[15]/D (DFFRPQ_X1M_A9TR40)              0.087304  0.000027   1.003233 f
  data arrival time                                                                  1.003233

  clock cal_clk (rise edge)                                               0.000000   0.000000
  clock network delay (ideal)                                             0.000000   0.000000
  clock uncertainty                                                       0.020000   0.020000
  det_medium_therm_q_reg[15]/CK (DFFRPQ_X1M_A9TR40)                       0.000000   0.020000 r
  library hold time                                                       0.027567   0.047567
  data required time                                                                 0.047567
  ----------------------------------------------------------------------------------------------
  data required time                                                                 0.047567
  data arrival time                                                                  -1.003233
  ----------------------------------------------------------------------------------------------
  slack (MET)                                                                        0.955666


  Startpoint: state_q_reg[3]
              (rising edge-triggered flip-flop clocked by cal_clk)
  Endpoint: det_medium_therm_q_reg[14]
            (rising edge-triggered flip-flop clocked by cal_clk)
  Path Group: cal_clk
  Path Type: min

  Des/Clust/Port     Wire Load Model       Library
  ------------------------------------------------
  ftc_detection_margin_manager
                     Small                 sc9mc_logic0040ll_base_rvt_c40_ss_typical_max_0p99v_125c

  Point                                       Fanout       Cap     Trans      Incr       Path
  ----------------------------------------------------------------------------------------------
  clock cal_clk (rise edge)                                               0.000000   0.000000
  clock network delay (ideal)                                             0.000000   0.000000
  state_q_reg[3]/CK (DFFRPQ_X1M_A9TR40)                         0.050000  0.000000   0.000000 r
  state_q_reg[3]/Q (DFFRPQ_X1M_A9TR40) <-                       0.126749  0.325960   0.325960 r
  state_q[3] (net)                              4     0.005195            0.000000   0.325960 r
  U197/B (NOR3_X1A_A9TR40)                                      0.126749  0.000017   0.325977 r
  U197/Y (NOR3_X1A_A9TR40)                                      0.067267  0.082579   0.408556 f
  det_takeover_ready_o (net)                    2     0.001983            0.000000   0.408556 f
  U198/BN (NOR4BB_X0P7M_A9TR40)                                 0.067267  0.000018   0.408574 f
  U198/Y (NOR4BB_X0P7M_A9TR40)                                  0.072234  0.148502   0.557076 f
  n4 (net)                                      1     0.001588            0.000000   0.557076 f
  U141/A (BUFH_X1M_A9TR40)                                      0.072234  0.000027   0.557103 f
  U141/Y (BUFH_X1M_A9TR40)                                      0.049705  0.094927   0.652030 f
  n166 (net)                                    2     0.002795            0.000000   0.652030 f
  U188/A (BUF_X2M_A9TR40)                                       0.049705  0.000020   0.652050 f
  U188/Y (BUF_X2M_A9TR40)                                       0.119407  0.144624   0.796674 f
  n164 (net)                                   16     0.017991            0.000000   0.796674 f
  U32/B1 (AOI22_X0P5M_A9TR40)                                   0.119407  0.000013   0.796687 f
  U32/Y (AOI22_X0P5M_A9TR40)                                    0.107709  0.112046   0.908733 r
  n18 (net)                                     1     0.001401            0.000000   0.908733 r
  U31/A0N (AO1B2_X0P5M_A9TR40)                                  0.107709  0.000024   0.908757 r
  U31/Y (AO1B2_X0P5M_A9TR40)                                    0.087304  0.094449   1.003206 f
  n73 (net)                                     1     0.001539            0.000000   1.003206 f
  det_medium_therm_q_reg[14]/D (DFFRPQ_X1M_A9TR40)              0.087304  0.000027   1.003233 f
  data arrival time                                                                  1.003233

  clock cal_clk (rise edge)                                               0.000000   0.000000
  clock network delay (ideal)                                             0.000000   0.000000
  clock uncertainty                                                       0.020000   0.020000
  det_medium_therm_q_reg[14]/CK (DFFRPQ_X1M_A9TR40)                       0.000000   0.020000 r
  library hold time                                                       0.027567   0.047567
  data required time                                                                 0.047567
  ----------------------------------------------------------------------------------------------
  data required time                                                                 0.047567
  data arrival time                                                                  -1.003233
  ----------------------------------------------------------------------------------------------
  slack (MET)                                                                        0.955666


  Startpoint: state_q_reg[3]
              (rising edge-triggered flip-flop clocked by cal_clk)
  Endpoint: det_medium_therm_q_reg[13]
            (rising edge-triggered flip-flop clocked by cal_clk)
  Path Group: cal_clk
  Path Type: min

  Des/Clust/Port     Wire Load Model       Library
  ------------------------------------------------
  ftc_detection_margin_manager
                     Small                 sc9mc_logic0040ll_base_rvt_c40_ss_typical_max_0p99v_125c

  Point                                       Fanout       Cap     Trans      Incr       Path
  ----------------------------------------------------------------------------------------------
  clock cal_clk (rise edge)                                               0.000000   0.000000
  clock network delay (ideal)                                             0.000000   0.000000
  state_q_reg[3]/CK (DFFRPQ_X1M_A9TR40)                         0.050000  0.000000   0.000000 r
  state_q_reg[3]/Q (DFFRPQ_X1M_A9TR40) <-                       0.126749  0.325960   0.325960 r
  state_q[3] (net)                              4     0.005195            0.000000   0.325960 r
  U197/B (NOR3_X1A_A9TR40)                                      0.126749  0.000017   0.325977 r
  U197/Y (NOR3_X1A_A9TR40)                                      0.067267  0.082579   0.408556 f
  det_takeover_ready_o (net)                    2     0.001983            0.000000   0.408556 f
  U198/BN (NOR4BB_X0P7M_A9TR40)                                 0.067267  0.000018   0.408574 f
  U198/Y (NOR4BB_X0P7M_A9TR40)                                  0.072234  0.148502   0.557076 f
  n4 (net)                                      1     0.001588            0.000000   0.557076 f
  U141/A (BUFH_X1M_A9TR40)                                      0.072234  0.000027   0.557103 f
  U141/Y (BUFH_X1M_A9TR40)                                      0.049705  0.094927   0.652030 f
  n166 (net)                                    2     0.002795            0.000000   0.652030 f
  U188/A (BUF_X2M_A9TR40)                                       0.049705  0.000020   0.652050 f
  U188/Y (BUF_X2M_A9TR40)                                       0.119407  0.144624   0.796674 f
  n164 (net)                                   16     0.017991            0.000000   0.796674 f
  U30/B1 (AOI22_X0P5M_A9TR40)                                   0.119407  0.000013   0.796687 f
  U30/Y (AOI22_X0P5M_A9TR40)                                    0.107709  0.112046   0.908733 r
  n17 (net)                                     1     0.001401            0.000000   0.908733 r
  U29/A0N (AO1B2_X0P5M_A9TR40)                                  0.107709  0.000024   0.908757 r
  U29/Y (AO1B2_X0P5M_A9TR40)                                    0.087304  0.094449   1.003206 f
  n72 (net)                                     1     0.001539            0.000000   1.003206 f
  det_medium_therm_q_reg[13]/D (DFFRPQ_X1M_A9TR40)              0.087304  0.000027   1.003233 f
  data arrival time                                                                  1.003233

  clock cal_clk (rise edge)                                               0.000000   0.000000
  clock network delay (ideal)                                             0.000000   0.000000
  clock uncertainty                                                       0.020000   0.020000
  det_medium_therm_q_reg[13]/CK (DFFRPQ_X1M_A9TR40)                       0.000000   0.020000 r
  library hold time                                                       0.027567   0.047567
  data required time                                                                 0.047567
  ----------------------------------------------------------------------------------------------
  data required time                                                                 0.047567
  data arrival time                                                                  -1.003233
  ----------------------------------------------------------------------------------------------
  slack (MET)                                                                        0.955666


  Startpoint: state_q_reg[3]
              (rising edge-triggered flip-flop clocked by cal_clk)
  Endpoint: det_medium_therm_q_reg[12]
            (rising edge-triggered flip-flop clocked by cal_clk)
  Path Group: cal_clk
  Path Type: min

  Des/Clust/Port     Wire Load Model       Library
  ------------------------------------------------
  ftc_detection_margin_manager
                     Small                 sc9mc_logic0040ll_base_rvt_c40_ss_typical_max_0p99v_125c

  Point                                       Fanout       Cap     Trans      Incr       Path
  ----------------------------------------------------------------------------------------------
  clock cal_clk (rise edge)                                               0.000000   0.000000
  clock network delay (ideal)                                             0.000000   0.000000
  state_q_reg[3]/CK (DFFRPQ_X1M_A9TR40)                         0.050000  0.000000   0.000000 r
  state_q_reg[3]/Q (DFFRPQ_X1M_A9TR40) <-                       0.126749  0.325960   0.325960 r
  state_q[3] (net)                              4     0.005195            0.000000   0.325960 r
  U197/B (NOR3_X1A_A9TR40)                                      0.126749  0.000017   0.325977 r
  U197/Y (NOR3_X1A_A9TR40)                                      0.067267  0.082579   0.408556 f
  det_takeover_ready_o (net)                    2     0.001983            0.000000   0.408556 f
  U198/BN (NOR4BB_X0P7M_A9TR40)                                 0.067267  0.000018   0.408574 f
  U198/Y (NOR4BB_X0P7M_A9TR40)                                  0.072234  0.148502   0.557076 f
  n4 (net)                                      1     0.001588            0.000000   0.557076 f
  U141/A (BUFH_X1M_A9TR40)                                      0.072234  0.000027   0.557103 f
  U141/Y (BUFH_X1M_A9TR40)                                      0.049705  0.094927   0.652030 f
  n166 (net)                                    2     0.002795            0.000000   0.652030 f
  U188/A (BUF_X2M_A9TR40)                                       0.049705  0.000020   0.652050 f
  U188/Y (BUF_X2M_A9TR40)                                       0.119407  0.144624   0.796674 f
  n164 (net)                                   16     0.017991            0.000000   0.796674 f
  U28/B1 (AOI22_X0P5M_A9TR40)                                   0.119407  0.000013   0.796687 f
  U28/Y (AOI22_X0P5M_A9TR40)                                    0.107709  0.112046   0.908733 r
  n16 (net)                                     1     0.001401            0.000000   0.908733 r
  U27/A0N (AO1B2_X0P5M_A9TR40)                                  0.107709  0.000024   0.908757 r
  U27/Y (AO1B2_X0P5M_A9TR40)                                    0.087304  0.094449   1.003206 f
  n71 (net)                                     1     0.001539            0.000000   1.003206 f
  det_medium_therm_q_reg[12]/D (DFFRPQ_X1M_A9TR40)              0.087304  0.000027   1.003233 f
  data arrival time                                                                  1.003233

  clock cal_clk (rise edge)                                               0.000000   0.000000
  clock network delay (ideal)                                             0.000000   0.000000
  clock uncertainty                                                       0.020000   0.020000
  det_medium_therm_q_reg[12]/CK (DFFRPQ_X1M_A9TR40)                       0.000000   0.020000 r
  library hold time                                                       0.027567   0.047567
  data required time                                                                 0.047567
  ----------------------------------------------------------------------------------------------
  data required time                                                                 0.047567
  data arrival time                                                                  -1.003233
  ----------------------------------------------------------------------------------------------
  slack (MET)                                                                        0.955666


  Startpoint: state_q_reg[0]
              (rising edge-triggered flip-flop clocked by cal_clk)
  Endpoint: det_medium_therm_q_reg[7]
            (rising edge-triggered flip-flop clocked by cal_clk)
  Path Group: cal_clk
  Path Type: min

  Des/Clust/Port     Wire Load Model       Library
  ------------------------------------------------
  ftc_detection_margin_manager
                     Small                 sc9mc_logic0040ll_base_rvt_c40_ss_typical_max_0p99v_125c

  Point                                       Fanout       Cap     Trans      Incr       Path
  ----------------------------------------------------------------------------------------------
  clock cal_clk (rise edge)                                               0.000000   0.000000
  clock network delay (ideal)                                             0.000000   0.000000
  state_q_reg[0]/CK (DFFRPQ_X1M_A9TR40)                         0.050000  0.000000   0.000000 r
  state_q_reg[0]/Q (DFFRPQ_X1M_A9TR40) <-                       0.075996  0.295160   0.295160 f
  state_q[0] (net)                              4     0.005004            0.000000   0.295160 f
  U133/A (NAND2_X0P5A_A9TR40)                                   0.075996  0.000016   0.295175 f
  U133/Y (NAND2_X0P5A_A9TR40)                                   0.212930  0.145900   0.441075 r
  n37 (net)                                     4     0.005078            0.000000   0.441075 r
  U197/A (NOR3_X1A_A9TR40)                                      0.212930  0.000017   0.441092 r
  U197/Y (NOR3_X1A_A9TR40)                                      0.067267  0.107345   0.548437 f
  det_takeover_ready_o (net)                    2     0.001983            0.000000   0.548437 f
  U198/BN (NOR4BB_X0P7M_A9TR40)                                 0.067267  0.000018   0.548455 f
  U198/Y (NOR4BB_X0P7M_A9TR40)                                  0.072234  0.148502   0.696956 f
  n4 (net)                                      1     0.001588            0.000000   0.696956 f
  U141/A (BUFH_X1M_A9TR40)                                      0.072234  0.000027   0.696984 f
  U141/Y (BUFH_X1M_A9TR40)                                      0.049705  0.094927   0.791911 f
  n166 (net)                                    2     0.002795            0.000000   0.791911 f
  U191/A (BUF_X2M_A9TR40)                                       0.049705  0.000020   0.791931 f
  U191/Y (BUF_X2M_A9TR40)                                       0.094592  0.129158   0.921088 f
  n165 (net)                                   12     0.013342            0.000000   0.921088 f
  U18/B1 (AOI22_X0P5M_A9TR40)                                   0.094592  0.000013   0.921102 f
  U18/Y (AOI22_X0P5M_A9TR40)                                    0.107682  0.102956   1.024058 r
  n11 (net)                                     1     0.001401            0.000000   1.024058 r
  U17/A0N (AO1B2_X0P5M_A9TR40)                                  0.107682  0.000024   1.024082 r
  U17/Y (AO1B2_X0P5M_A9TR40)                                    0.087302  0.094440   1.118522 f
  n66 (net)                                     1     0.001539            0.000000   1.118522 f
  det_medium_therm_q_reg[7]/D (DFFRPQ_X1M_A9TR40)               0.087302  0.000027   1.118549 f
  data arrival time                                                                  1.118549

  clock cal_clk (rise edge)                                               0.000000   0.000000
  clock network delay (ideal)                                             0.000000   0.000000
  clock uncertainty                                                       0.020000   0.020000
  det_medium_therm_q_reg[7]/CK (DFFRPQ_X1M_A9TR40)                        0.000000   0.020000 r
  library hold time                                                       0.027568   0.047568
  data required time                                                                 0.047568
  ----------------------------------------------------------------------------------------------
  data required time                                                                 0.047568
  data arrival time                                                                  -1.118549
  ----------------------------------------------------------------------------------------------
  slack (MET)                                                                        1.070981


  Startpoint: state_q_reg[0]
              (rising edge-triggered flip-flop clocked by cal_clk)
  Endpoint: det_medium_therm_q_reg[6]
            (rising edge-triggered flip-flop clocked by cal_clk)
  Path Group: cal_clk
  Path Type: min

  Des/Clust/Port     Wire Load Model       Library
  ------------------------------------------------
  ftc_detection_margin_manager
                     Small                 sc9mc_logic0040ll_base_rvt_c40_ss_typical_max_0p99v_125c

  Point                                       Fanout       Cap     Trans      Incr       Path
  ----------------------------------------------------------------------------------------------
  clock cal_clk (rise edge)                                               0.000000   0.000000
  clock network delay (ideal)                                             0.000000   0.000000
  state_q_reg[0]/CK (DFFRPQ_X1M_A9TR40)                         0.050000  0.000000   0.000000 r
  state_q_reg[0]/Q (DFFRPQ_X1M_A9TR40) <-                       0.075996  0.295160   0.295160 f
  state_q[0] (net)                              4     0.005004            0.000000   0.295160 f
  U133/A (NAND2_X0P5A_A9TR40)                                   0.075996  0.000016   0.295175 f
  U133/Y (NAND2_X0P5A_A9TR40)                                   0.212930  0.145900   0.441075 r
  n37 (net)                                     4     0.005078            0.000000   0.441075 r
  U197/A (NOR3_X1A_A9TR40)                                      0.212930  0.000017   0.441092 r
  U197/Y (NOR3_X1A_A9TR40)                                      0.067267  0.107345   0.548437 f
  det_takeover_ready_o (net)                    2     0.001983            0.000000   0.548437 f
  U198/BN (NOR4BB_X0P7M_A9TR40)                                 0.067267  0.000018   0.548455 f
  U198/Y (NOR4BB_X0P7M_A9TR40)                                  0.072234  0.148502   0.696956 f
  n4 (net)                                      1     0.001588            0.000000   0.696956 f
  U141/A (BUFH_X1M_A9TR40)                                      0.072234  0.000027   0.696984 f
  U141/Y (BUFH_X1M_A9TR40)                                      0.049705  0.094927   0.791911 f
  n166 (net)                                    2     0.002795            0.000000   0.791911 f
  U191/A (BUF_X2M_A9TR40)                                       0.049705  0.000020   0.791931 f
  U191/Y (BUF_X2M_A9TR40)                                       0.094592  0.129158   0.921088 f
  n165 (net)                                   12     0.013342            0.000000   0.921088 f
  U16/B1 (AOI22_X0P5M_A9TR40)                                   0.094592  0.000013   0.921102 f
  U16/Y (AOI22_X0P5M_A9TR40)                                    0.107682  0.102956   1.024058 r
  n10 (net)                                     1     0.001401            0.000000   1.024058 r
  U15/A0N (AO1B2_X0P5M_A9TR40)                                  0.107682  0.000024   1.024082 r
  U15/Y (AO1B2_X0P5M_A9TR40)                                    0.087302  0.094440   1.118522 f
  n65 (net)                                     1     0.001539            0.000000   1.118522 f
  det_medium_therm_q_reg[6]/D (DFFRPQ_X1M_A9TR40)               0.087302  0.000027   1.118549 f
  data arrival time                                                                  1.118549

  clock cal_clk (rise edge)                                               0.000000   0.000000
  clock network delay (ideal)                                             0.000000   0.000000
  clock uncertainty                                                       0.020000   0.020000
  det_medium_therm_q_reg[6]/CK (DFFRPQ_X1M_A9TR40)                        0.000000   0.020000 r
  library hold time                                                       0.027568   0.047568
  data required time                                                                 0.047568
  ----------------------------------------------------------------------------------------------
  data required time                                                                 0.047568
  data arrival time                                                                  -1.118549
  ----------------------------------------------------------------------------------------------
  slack (MET)                                                                        1.070981


  Startpoint: state_q_reg[0]
              (rising edge-triggered flip-flop clocked by cal_clk)
  Endpoint: det_medium_therm_q_reg[5]
            (rising edge-triggered flip-flop clocked by cal_clk)
  Path Group: cal_clk
  Path Type: min

  Des/Clust/Port     Wire Load Model       Library
  ------------------------------------------------
  ftc_detection_margin_manager
                     Small                 sc9mc_logic0040ll_base_rvt_c40_ss_typical_max_0p99v_125c

  Point                                       Fanout       Cap     Trans      Incr       Path
  ----------------------------------------------------------------------------------------------
  clock cal_clk (rise edge)                                               0.000000   0.000000
  clock network delay (ideal)                                             0.000000   0.000000
  state_q_reg[0]/CK (DFFRPQ_X1M_A9TR40)                         0.050000  0.000000   0.000000 r
  state_q_reg[0]/Q (DFFRPQ_X1M_A9TR40) <-                       0.075996  0.295160   0.295160 f
  state_q[0] (net)                              4     0.005004            0.000000   0.295160 f
  U133/A (NAND2_X0P5A_A9TR40)                                   0.075996  0.000016   0.295175 f
  U133/Y (NAND2_X0P5A_A9TR40)                                   0.212930  0.145900   0.441075 r
  n37 (net)                                     4     0.005078            0.000000   0.441075 r
  U197/A (NOR3_X1A_A9TR40)                                      0.212930  0.000017   0.441092 r
  U197/Y (NOR3_X1A_A9TR40)                                      0.067267  0.107345   0.548437 f
  det_takeover_ready_o (net)                    2     0.001983            0.000000   0.548437 f
  U198/BN (NOR4BB_X0P7M_A9TR40)                                 0.067267  0.000018   0.548455 f
  U198/Y (NOR4BB_X0P7M_A9TR40)                                  0.072234  0.148502   0.696956 f
  n4 (net)                                      1     0.001588            0.000000   0.696956 f
  U141/A (BUFH_X1M_A9TR40)                                      0.072234  0.000027   0.696984 f
  U141/Y (BUFH_X1M_A9TR40)                                      0.049705  0.094927   0.791911 f
  n166 (net)                                    2     0.002795            0.000000   0.791911 f
  U191/A (BUF_X2M_A9TR40)                                       0.049705  0.000020   0.791931 f
  U191/Y (BUF_X2M_A9TR40)                                       0.094592  0.129158   0.921088 f
  n165 (net)                                   12     0.013342            0.000000   0.921088 f
  U14/B1 (AOI22_X0P5M_A9TR40)                                   0.094592  0.000013   0.921102 f
  U14/Y (AOI22_X0P5M_A9TR40)                                    0.107682  0.102956   1.024058 r
  n9 (net)                                      1     0.001401            0.000000   1.024058 r
  U13/A0N (AO1B2_X0P5M_A9TR40)                                  0.107682  0.000024   1.024082 r
  U13/Y (AO1B2_X0P5M_A9TR40)                                    0.087302  0.094440   1.118522 f
  n64 (net)                                     1     0.001539            0.000000   1.118522 f
  det_medium_therm_q_reg[5]/D (DFFRPQ_X1M_A9TR40)               0.087302  0.000027   1.118549 f
  data arrival time                                                                  1.118549

  clock cal_clk (rise edge)                                               0.000000   0.000000
  clock network delay (ideal)                                             0.000000   0.000000
  clock uncertainty                                                       0.020000   0.020000
  det_medium_therm_q_reg[5]/CK (DFFRPQ_X1M_A9TR40)                        0.000000   0.020000 r
  library hold time                                                       0.027568   0.047568
  data required time                                                                 0.047568
  ----------------------------------------------------------------------------------------------
  data required time                                                                 0.047568
  data arrival time                                                                  -1.118549
  ----------------------------------------------------------------------------------------------
  slack (MET)                                                                        1.070981


  Startpoint: state_q_reg[0]
              (rising edge-triggered flip-flop clocked by cal_clk)
  Endpoint: det_medium_therm_q_reg[4]
            (rising edge-triggered flip-flop clocked by cal_clk)
  Path Group: cal_clk
  Path Type: min

  Des/Clust/Port     Wire Load Model       Library
  ------------------------------------------------
  ftc_detection_margin_manager
                     Small                 sc9mc_logic0040ll_base_rvt_c40_ss_typical_max_0p99v_125c

  Point                                       Fanout       Cap     Trans      Incr       Path
  ----------------------------------------------------------------------------------------------
  clock cal_clk (rise edge)                                               0.000000   0.000000
  clock network delay (ideal)                                             0.000000   0.000000
  state_q_reg[0]/CK (DFFRPQ_X1M_A9TR40)                         0.050000  0.000000   0.000000 r
  state_q_reg[0]/Q (DFFRPQ_X1M_A9TR40) <-                       0.075996  0.295160   0.295160 f
  state_q[0] (net)                              4     0.005004            0.000000   0.295160 f
  U133/A (NAND2_X0P5A_A9TR40)                                   0.075996  0.000016   0.295175 f
  U133/Y (NAND2_X0P5A_A9TR40)                                   0.212930  0.145900   0.441075 r
  n37 (net)                                     4     0.005078            0.000000   0.441075 r
  U197/A (NOR3_X1A_A9TR40)                                      0.212930  0.000017   0.441092 r
  U197/Y (NOR3_X1A_A9TR40)                                      0.067267  0.107345   0.548437 f
  det_takeover_ready_o (net)                    2     0.001983            0.000000   0.548437 f
  U198/BN (NOR4BB_X0P7M_A9TR40)                                 0.067267  0.000018   0.548455 f
  U198/Y (NOR4BB_X0P7M_A9TR40)                                  0.072234  0.148502   0.696956 f
  n4 (net)                                      1     0.001588            0.000000   0.696956 f
  U141/A (BUFH_X1M_A9TR40)                                      0.072234  0.000027   0.696984 f
  U141/Y (BUFH_X1M_A9TR40)                                      0.049705  0.094927   0.791911 f
  n166 (net)                                    2     0.002795            0.000000   0.791911 f
  U191/A (BUF_X2M_A9TR40)                                       0.049705  0.000020   0.791931 f
  U191/Y (BUF_X2M_A9TR40)                                       0.094592  0.129158   0.921088 f
  n165 (net)                                   12     0.013342            0.000000   0.921088 f
  U12/B1 (AOI22_X0P5M_A9TR40)                                   0.094592  0.000013   0.921102 f
  U12/Y (AOI22_X0P5M_A9TR40)                                    0.107682  0.102956   1.024058 r
  n8 (net)                                      1     0.001401            0.000000   1.024058 r
  U11/A0N (AO1B2_X0P5M_A9TR40)                                  0.107682  0.000024   1.024082 r
  U11/Y (AO1B2_X0P5M_A9TR40)                                    0.087302  0.094440   1.118522 f
  n63 (net)                                     1     0.001539            0.000000   1.118522 f
  det_medium_therm_q_reg[4]/D (DFFRPQ_X1M_A9TR40)               0.087302  0.000027   1.118549 f
  data arrival time                                                                  1.118549

  clock cal_clk (rise edge)                                               0.000000   0.000000
  clock network delay (ideal)                                             0.000000   0.000000
  clock uncertainty                                                       0.020000   0.020000
  det_medium_therm_q_reg[4]/CK (DFFRPQ_X1M_A9TR40)                        0.000000   0.020000 r
  library hold time                                                       0.027568   0.047568
  data required time                                                                 0.047568
  ----------------------------------------------------------------------------------------------
  data required time                                                                 0.047568
  data arrival time                                                                  -1.118549
  ----------------------------------------------------------------------------------------------
  slack (MET)                                                                        1.070981


  Startpoint: state_q_reg[0]
              (rising edge-triggered flip-flop clocked by cal_clk)
  Endpoint: det_medium_therm_q_reg[3]
            (rising edge-triggered flip-flop clocked by cal_clk)
  Path Group: cal_clk
  Path Type: min

  Des/Clust/Port     Wire Load Model       Library
  ------------------------------------------------
  ftc_detection_margin_manager
                     Small                 sc9mc_logic0040ll_base_rvt_c40_ss_typical_max_0p99v_125c

  Point                                       Fanout       Cap     Trans      Incr       Path
  ----------------------------------------------------------------------------------------------
  clock cal_clk (rise edge)                                               0.000000   0.000000
  clock network delay (ideal)                                             0.000000   0.000000
  state_q_reg[0]/CK (DFFRPQ_X1M_A9TR40)                         0.050000  0.000000   0.000000 r
  state_q_reg[0]/Q (DFFRPQ_X1M_A9TR40) <-                       0.075996  0.295160   0.295160 f
  state_q[0] (net)                              4     0.005004            0.000000   0.295160 f
  U133/A (NAND2_X0P5A_A9TR40)                                   0.075996  0.000016   0.295175 f
  U133/Y (NAND2_X0P5A_A9TR40)                                   0.212930  0.145900   0.441075 r
  n37 (net)                                     4     0.005078            0.000000   0.441075 r
  U197/A (NOR3_X1A_A9TR40)                                      0.212930  0.000017   0.441092 r
  U197/Y (NOR3_X1A_A9TR40)                                      0.067267  0.107345   0.548437 f
  det_takeover_ready_o (net)                    2     0.001983            0.000000   0.548437 f
  U198/BN (NOR4BB_X0P7M_A9TR40)                                 0.067267  0.000018   0.548455 f
  U198/Y (NOR4BB_X0P7M_A9TR40)                                  0.072234  0.148502   0.696956 f
  n4 (net)                                      1     0.001588            0.000000   0.696956 f
  U141/A (BUFH_X1M_A9TR40)                                      0.072234  0.000027   0.696984 f
  U141/Y (BUFH_X1M_A9TR40)                                      0.049705  0.094927   0.791911 f
  n166 (net)                                    2     0.002795            0.000000   0.791911 f
  U191/A (BUF_X2M_A9TR40)                                       0.049705  0.000020   0.791931 f
  U191/Y (BUF_X2M_A9TR40)                                       0.094592  0.129158   0.921088 f
  n165 (net)                                   12     0.013342            0.000000   0.921088 f
  U10/B1 (AOI22_X0P5M_A9TR40)                                   0.094592  0.000013   0.921102 f
  U10/Y (AOI22_X0P5M_A9TR40)                                    0.107682  0.102956   1.024058 r
  n7 (net)                                      1     0.001401            0.000000   1.024058 r
  U9/A0N (AO1B2_X0P5M_A9TR40)                                   0.107682  0.000024   1.024082 r
  U9/Y (AO1B2_X0P5M_A9TR40)                                     0.087302  0.094440   1.118522 f
  n62 (net)                                     1     0.001539            0.000000   1.118522 f
  det_medium_therm_q_reg[3]/D (DFFRPQ_X1M_A9TR40)               0.087302  0.000027   1.118549 f
  data arrival time                                                                  1.118549

  clock cal_clk (rise edge)                                               0.000000   0.000000
  clock network delay (ideal)                                             0.000000   0.000000
  clock uncertainty                                                       0.020000   0.020000
  det_medium_therm_q_reg[3]/CK (DFFRPQ_X1M_A9TR40)                        0.000000   0.020000 r
  library hold time                                                       0.027568   0.047568
  data required time                                                                 0.047568
  ----------------------------------------------------------------------------------------------
  data required time                                                                 0.047568
  data arrival time                                                                  -1.118549
  ----------------------------------------------------------------------------------------------
  slack (MET)                                                                        1.070981


  Startpoint: state_q_reg[0]
              (rising edge-triggered flip-flop clocked by cal_clk)
  Endpoint: det_medium_therm_q_reg[2]
            (rising edge-triggered flip-flop clocked by cal_clk)
  Path Group: cal_clk
  Path Type: min

  Des/Clust/Port     Wire Load Model       Library
  ------------------------------------------------
  ftc_detection_margin_manager
                     Small                 sc9mc_logic0040ll_base_rvt_c40_ss_typical_max_0p99v_125c

  Point                                       Fanout       Cap     Trans      Incr       Path
  ----------------------------------------------------------------------------------------------
  clock cal_clk (rise edge)                                               0.000000   0.000000
  clock network delay (ideal)                                             0.000000   0.000000
  state_q_reg[0]/CK (DFFRPQ_X1M_A9TR40)                         0.050000  0.000000   0.000000 r
  state_q_reg[0]/Q (DFFRPQ_X1M_A9TR40) <-                       0.075996  0.295160   0.295160 f
  state_q[0] (net)                              4     0.005004            0.000000   0.295160 f
  U133/A (NAND2_X0P5A_A9TR40)                                   0.075996  0.000016   0.295175 f
  U133/Y (NAND2_X0P5A_A9TR40)                                   0.212930  0.145900   0.441075 r
  n37 (net)                                     4     0.005078            0.000000   0.441075 r
  U197/A (NOR3_X1A_A9TR40)                                      0.212930  0.000017   0.441092 r
  U197/Y (NOR3_X1A_A9TR40)                                      0.067267  0.107345   0.548437 f
  det_takeover_ready_o (net)                    2     0.001983            0.000000   0.548437 f
  U198/BN (NOR4BB_X0P7M_A9TR40)                                 0.067267  0.000018   0.548455 f
  U198/Y (NOR4BB_X0P7M_A9TR40)                                  0.072234  0.148502   0.696956 f
  n4 (net)                                      1     0.001588            0.000000   0.696956 f
  U141/A (BUFH_X1M_A9TR40)                                      0.072234  0.000027   0.696984 f
  U141/Y (BUFH_X1M_A9TR40)                                      0.049705  0.094927   0.791911 f
  n166 (net)                                    2     0.002795            0.000000   0.791911 f
  U191/A (BUF_X2M_A9TR40)                                       0.049705  0.000020   0.791931 f
  U191/Y (BUF_X2M_A9TR40)                                       0.094592  0.129158   0.921088 f
  n165 (net)                                   12     0.013342            0.000000   0.921088 f
  U8/B1 (AOI22_X0P5M_A9TR40)                                    0.094592  0.000013   0.921102 f
  U8/Y (AOI22_X0P5M_A9TR40)                                     0.107682  0.102956   1.024058 r
  n6 (net)                                      1     0.001401            0.000000   1.024058 r
  U7/A0N (AO1B2_X0P5M_A9TR40)                                   0.107682  0.000024   1.024082 r
  U7/Y (AO1B2_X0P5M_A9TR40)                                     0.087302  0.094440   1.118522 f
  n61 (net)                                     1     0.001539            0.000000   1.118522 f
  det_medium_therm_q_reg[2]/D (DFFRPQ_X1M_A9TR40)               0.087302  0.000027   1.118549 f
  data arrival time                                                                  1.118549

  clock cal_clk (rise edge)                                               0.000000   0.000000
  clock network delay (ideal)                                             0.000000   0.000000
  clock uncertainty                                                       0.020000   0.020000
  det_medium_therm_q_reg[2]/CK (DFFRPQ_X1M_A9TR40)                        0.000000   0.020000 r
  library hold time                                                       0.027568   0.047568
  data required time                                                                 0.047568
  ----------------------------------------------------------------------------------------------
  data required time                                                                 0.047568
  data arrival time                                                                  -1.118549
  ----------------------------------------------------------------------------------------------
  slack (MET)                                                                        1.070981


  Startpoint: state_q_reg[0]
              (rising edge-triggered flip-flop clocked by cal_clk)
  Endpoint: det_medium_therm_q_reg[1]
            (rising edge-triggered flip-flop clocked by cal_clk)
  Path Group: cal_clk
  Path Type: min

  Des/Clust/Port     Wire Load Model       Library
  ------------------------------------------------
  ftc_detection_margin_manager
                     Small                 sc9mc_logic0040ll_base_rvt_c40_ss_typical_max_0p99v_125c

  Point                                       Fanout       Cap     Trans      Incr       Path
  ----------------------------------------------------------------------------------------------
  clock cal_clk (rise edge)                                               0.000000   0.000000
  clock network delay (ideal)                                             0.000000   0.000000
  state_q_reg[0]/CK (DFFRPQ_X1M_A9TR40)                         0.050000  0.000000   0.000000 r
  state_q_reg[0]/Q (DFFRPQ_X1M_A9TR40) <-                       0.075996  0.295160   0.295160 f
  state_q[0] (net)                              4     0.005004            0.000000   0.295160 f
  U133/A (NAND2_X0P5A_A9TR40)                                   0.075996  0.000016   0.295175 f
  U133/Y (NAND2_X0P5A_A9TR40)                                   0.212930  0.145900   0.441075 r
  n37 (net)                                     4     0.005078            0.000000   0.441075 r
  U197/A (NOR3_X1A_A9TR40)                                      0.212930  0.000017   0.441092 r
  U197/Y (NOR3_X1A_A9TR40)                                      0.067267  0.107345   0.548437 f
  det_takeover_ready_o (net)                    2     0.001983            0.000000   0.548437 f
  U198/BN (NOR4BB_X0P7M_A9TR40)                                 0.067267  0.000018   0.548455 f
  U198/Y (NOR4BB_X0P7M_A9TR40)                                  0.072234  0.148502   0.696956 f
  n4 (net)                                      1     0.001588            0.000000   0.696956 f
  U141/A (BUFH_X1M_A9TR40)                                      0.072234  0.000027   0.696984 f
  U141/Y (BUFH_X1M_A9TR40)                                      0.049705  0.094927   0.791911 f
  n166 (net)                                    2     0.002795            0.000000   0.791911 f
  U191/A (BUF_X2M_A9TR40)                                       0.049705  0.000020   0.791931 f
  U191/Y (BUF_X2M_A9TR40)                                       0.094592  0.129158   0.921088 f
  n165 (net)                                   12     0.013342            0.000000   0.921088 f
  U6/B1 (AOI22_X0P5M_A9TR40)                                    0.094592  0.000013   0.921102 f
  U6/Y (AOI22_X0P5M_A9TR40)                                     0.107682  0.102956   1.024058 r
  n5 (net)                                      1     0.001401            0.000000   1.024058 r
  U5/A0N (AO1B2_X0P5M_A9TR40)                                   0.107682  0.000024   1.024082 r
  U5/Y (AO1B2_X0P5M_A9TR40)                                     0.087302  0.094440   1.118522 f
  n60 (net)                                     1     0.001539            0.000000   1.118522 f
  det_medium_therm_q_reg[1]/D (DFFRPQ_X1M_A9TR40)               0.087302  0.000027   1.118549 f
  data arrival time                                                                  1.118549

  clock cal_clk (rise edge)                                               0.000000   0.000000
  clock network delay (ideal)                                             0.000000   0.000000
  clock uncertainty                                                       0.020000   0.020000
  det_medium_therm_q_reg[1]/CK (DFFRPQ_X1M_A9TR40)                        0.000000   0.020000 r
  library hold time                                                       0.027568   0.047568
  data required time                                                                 0.047568
  ----------------------------------------------------------------------------------------------
  data required time                                                                 0.047568
  data arrival time                                                                  -1.118549
  ----------------------------------------------------------------------------------------------
  slack (MET)                                                                        1.070981


  Startpoint: state_q_reg[0]
              (rising edge-triggered flip-flop clocked by cal_clk)
  Endpoint: det_medium_therm_q_reg[0]
            (rising edge-triggered flip-flop clocked by cal_clk)
  Path Group: cal_clk
  Path Type: min

  Des/Clust/Port     Wire Load Model       Library
  ------------------------------------------------
  ftc_detection_margin_manager
                     Small                 sc9mc_logic0040ll_base_rvt_c40_ss_typical_max_0p99v_125c

  Point                                       Fanout       Cap     Trans      Incr       Path
  ----------------------------------------------------------------------------------------------
  clock cal_clk (rise edge)                                               0.000000   0.000000
  clock network delay (ideal)                                             0.000000   0.000000
  state_q_reg[0]/CK (DFFRPQ_X1M_A9TR40)                         0.050000  0.000000   0.000000 r
  state_q_reg[0]/Q (DFFRPQ_X1M_A9TR40) <-                       0.075996  0.295160   0.295160 f
  state_q[0] (net)                              4     0.005004            0.000000   0.295160 f
  U133/A (NAND2_X0P5A_A9TR40)                                   0.075996  0.000016   0.295175 f
  U133/Y (NAND2_X0P5A_A9TR40)                                   0.212930  0.145900   0.441075 r
  n37 (net)                                     4     0.005078            0.000000   0.441075 r
  U197/A (NOR3_X1A_A9TR40)                                      0.212930  0.000017   0.441092 r
  U197/Y (NOR3_X1A_A9TR40)                                      0.067267  0.107345   0.548437 f
  det_takeover_ready_o (net)                    2     0.001983            0.000000   0.548437 f
  U198/BN (NOR4BB_X0P7M_A9TR40)                                 0.067267  0.000018   0.548455 f
  U198/Y (NOR4BB_X0P7M_A9TR40)                                  0.072234  0.148502   0.696956 f
  n4 (net)                                      1     0.001588            0.000000   0.696956 f
  U141/A (BUFH_X1M_A9TR40)                                      0.072234  0.000027   0.696984 f
  U141/Y (BUFH_X1M_A9TR40)                                      0.049705  0.094927   0.791911 f
  n166 (net)                                    2     0.002795            0.000000   0.791911 f
  U191/A (BUF_X2M_A9TR40)                                       0.049705  0.000020   0.791931 f
  U191/Y (BUF_X2M_A9TR40)                                       0.094592  0.129158   0.921088 f
  n165 (net)                                   12     0.013342            0.000000   0.921088 f
  U4/B1 (AOI22_X0P5M_A9TR40)                                    0.094592  0.000013   0.921102 f
  U4/Y (AOI22_X0P5M_A9TR40)                                     0.107682  0.102956   1.024058 r
  n2 (net)                                      1     0.001401            0.000000   1.024058 r
  U3/A0N (AO1B2_X0P5M_A9TR40)                                   0.107682  0.000024   1.024082 r
  U3/Y (AO1B2_X0P5M_A9TR40)                                     0.087302  0.094440   1.118522 f
  n59 (net)                                     1     0.001539            0.000000   1.118522 f
  det_medium_therm_q_reg[0]/D (DFFRPQ_X1M_A9TR40)               0.087302  0.000027   1.118549 f
  data arrival time                                                                  1.118549

  clock cal_clk (rise edge)                                               0.000000   0.000000
  clock network delay (ideal)                                             0.000000   0.000000
  clock uncertainty                                                       0.020000   0.020000
  det_medium_therm_q_reg[0]/CK (DFFRPQ_X1M_A9TR40)                        0.000000   0.020000 r
  library hold time                                                       0.027568   0.047568
  data required time                                                                 0.047568
  ----------------------------------------------------------------------------------------------
  data required time                                                                 0.047568
  data arrival time                                                                  -1.118549
  ----------------------------------------------------------------------------------------------
  slack (MET)                                                                        1.070981


  Startpoint: state_q_reg[0]
              (rising edge-triggered flip-flop clocked by cal_clk)
  Endpoint: det_medium_therm_q_reg[11]
            (rising edge-triggered flip-flop clocked by cal_clk)
  Path Group: cal_clk
  Path Type: min

  Des/Clust/Port     Wire Load Model       Library
  ------------------------------------------------
  ftc_detection_margin_manager
                     Small                 sc9mc_logic0040ll_base_rvt_c40_ss_typical_max_0p99v_125c

  Point                                       Fanout       Cap     Trans      Incr       Path
  ----------------------------------------------------------------------------------------------
  clock cal_clk (rise edge)                                               0.000000   0.000000
  clock network delay (ideal)                                             0.000000   0.000000
  state_q_reg[0]/CK (DFFRPQ_X1M_A9TR40)                         0.050000  0.000000   0.000000 r
  state_q_reg[0]/Q (DFFRPQ_X1M_A9TR40) <-                       0.075996  0.295160   0.295160 f
  state_q[0] (net)                              4     0.005004            0.000000   0.295160 f
  U133/A (NAND2_X0P5A_A9TR40)                                   0.075996  0.000016   0.295175 f
  U133/Y (NAND2_X0P5A_A9TR40)                                   0.212930  0.145900   0.441075 r
  n37 (net)                                     4     0.005078            0.000000   0.441075 r
  U197/A (NOR3_X1A_A9TR40)                                      0.212930  0.000017   0.441092 r
  U197/Y (NOR3_X1A_A9TR40)                                      0.067267  0.107345   0.548437 f
  det_takeover_ready_o (net)                    2     0.001983            0.000000   0.548437 f
  U198/BN (NOR4BB_X0P7M_A9TR40)                                 0.067267  0.000018   0.548455 f
  U198/Y (NOR4BB_X0P7M_A9TR40)                                  0.072234  0.148502   0.696956 f
  n4 (net)                                      1     0.001588            0.000000   0.696956 f
  U141/A (BUFH_X1M_A9TR40)                                      0.072234  0.000027   0.696984 f
  U141/Y (BUFH_X1M_A9TR40)                                      0.049705  0.094927   0.791911 f
  n166 (net)                                    2     0.002795            0.000000   0.791911 f
  U191/A (BUF_X2M_A9TR40)                                       0.049705  0.000020   0.791931 f
  U191/Y (BUF_X2M_A9TR40)                                       0.094592  0.129158   0.921088 f
  n165 (net)                                   12     0.013342            0.000000   0.921088 f
  U26/B1 (AOI22_X0P5M_A9TR40)                                   0.094592  0.000013   0.921102 f
  U26/Y (AOI22_X0P5M_A9TR40)                                    0.107709  0.102956   1.024058 r
  n15 (net)                                     1     0.001401            0.000000   1.024058 r
  U25/A0N (AO1B2_X0P5M_A9TR40)                                  0.107709  0.000024   1.024082 r
  U25/Y (AO1B2_X0P5M_A9TR40)                                    0.087304  0.094449   1.118532 f
  n70 (net)                                     1     0.001539            0.000000   1.118532 f
  det_medium_therm_q_reg[11]/D (DFFRPQ_X1M_A9TR40)              0.087304  0.000027   1.118558 f
  data arrival time                                                                  1.118558

  clock cal_clk (rise edge)                                               0.000000   0.000000
  clock network delay (ideal)                                             0.000000   0.000000
  clock uncertainty                                                       0.020000   0.020000
  det_medium_therm_q_reg[11]/CK (DFFRPQ_X1M_A9TR40)                       0.000000   0.020000 r
  library hold time                                                       0.027567   0.047567
  data required time                                                                 0.047567
  ----------------------------------------------------------------------------------------------
  data required time                                                                 0.047567
  data arrival time                                                                  -1.118558
  ----------------------------------------------------------------------------------------------
  slack (MET)                                                                        1.070991


  Startpoint: state_q_reg[0]
              (rising edge-triggered flip-flop clocked by cal_clk)
  Endpoint: det_medium_therm_q_reg[10]
            (rising edge-triggered flip-flop clocked by cal_clk)
  Path Group: cal_clk
  Path Type: min

  Des/Clust/Port     Wire Load Model       Library
  ------------------------------------------------
  ftc_detection_margin_manager
                     Small                 sc9mc_logic0040ll_base_rvt_c40_ss_typical_max_0p99v_125c

  Point                                       Fanout       Cap     Trans      Incr       Path
  ----------------------------------------------------------------------------------------------
  clock cal_clk (rise edge)                                               0.000000   0.000000
  clock network delay (ideal)                                             0.000000   0.000000
  state_q_reg[0]/CK (DFFRPQ_X1M_A9TR40)                         0.050000  0.000000   0.000000 r
  state_q_reg[0]/Q (DFFRPQ_X1M_A9TR40) <-                       0.075996  0.295160   0.295160 f
  state_q[0] (net)                              4     0.005004            0.000000   0.295160 f
  U133/A (NAND2_X0P5A_A9TR40)                                   0.075996  0.000016   0.295175 f
  U133/Y (NAND2_X0P5A_A9TR40)                                   0.212930  0.145900   0.441075 r
  n37 (net)                                     4     0.005078            0.000000   0.441075 r
  U197/A (NOR3_X1A_A9TR40)                                      0.212930  0.000017   0.441092 r
  U197/Y (NOR3_X1A_A9TR40)                                      0.067267  0.107345   0.548437 f
  det_takeover_ready_o (net)                    2     0.001983            0.000000   0.548437 f
  U198/BN (NOR4BB_X0P7M_A9TR40)                                 0.067267  0.000018   0.548455 f
  U198/Y (NOR4BB_X0P7M_A9TR40)                                  0.072234  0.148502   0.696956 f
  n4 (net)                                      1     0.001588            0.000000   0.696956 f
  U141/A (BUFH_X1M_A9TR40)                                      0.072234  0.000027   0.696984 f
  U141/Y (BUFH_X1M_A9TR40)                                      0.049705  0.094927   0.791911 f
  n166 (net)                                    2     0.002795            0.000000   0.791911 f
  U191/A (BUF_X2M_A9TR40)                                       0.049705  0.000020   0.791931 f
  U191/Y (BUF_X2M_A9TR40)                                       0.094592  0.129158   0.921088 f
  n165 (net)                                   12     0.013342            0.000000   0.921088 f
  U24/B1 (AOI22_X0P5M_A9TR40)                                   0.094592  0.000013   0.921102 f
  U24/Y (AOI22_X0P5M_A9TR40)                                    0.107709  0.102956   1.024058 r
  n14 (net)                                     1     0.001401            0.000000   1.024058 r
  U23/A0N (AO1B2_X0P5M_A9TR40)                                  0.107709  0.000024   1.024082 r
  U23/Y (AO1B2_X0P5M_A9TR40)                                    0.087304  0.094449   1.118532 f
  n69 (net)                                     1     0.001539            0.000000   1.118532 f
  det_medium_therm_q_reg[10]/D (DFFRPQ_X1M_A9TR40)              0.087304  0.000027   1.118558 f
  data arrival time                                                                  1.118558

  clock cal_clk (rise edge)                                               0.000000   0.000000
  clock network delay (ideal)                                             0.000000   0.000000
  clock uncertainty                                                       0.020000   0.020000
  det_medium_therm_q_reg[10]/CK (DFFRPQ_X1M_A9TR40)                       0.000000   0.020000 r
  library hold time                                                       0.027567   0.047567
  data required time                                                                 0.047567
  ----------------------------------------------------------------------------------------------
  data required time                                                                 0.047567
  data arrival time                                                                  -1.118558
  ----------------------------------------------------------------------------------------------
  slack (MET)                                                                        1.070991


  Startpoint: state_q_reg[0]
              (rising edge-triggered flip-flop clocked by cal_clk)
  Endpoint: det_medium_therm_q_reg[9]
            (rising edge-triggered flip-flop clocked by cal_clk)
  Path Group: cal_clk
  Path Type: min

  Des/Clust/Port     Wire Load Model       Library
  ------------------------------------------------
  ftc_detection_margin_manager
                     Small                 sc9mc_logic0040ll_base_rvt_c40_ss_typical_max_0p99v_125c

  Point                                       Fanout       Cap     Trans      Incr       Path
  ----------------------------------------------------------------------------------------------
  clock cal_clk (rise edge)                                               0.000000   0.000000
  clock network delay (ideal)                                             0.000000   0.000000
  state_q_reg[0]/CK (DFFRPQ_X1M_A9TR40)                         0.050000  0.000000   0.000000 r
  state_q_reg[0]/Q (DFFRPQ_X1M_A9TR40) <-                       0.075996  0.295160   0.295160 f
  state_q[0] (net)                              4     0.005004            0.000000   0.295160 f
  U133/A (NAND2_X0P5A_A9TR40)                                   0.075996  0.000016   0.295175 f
  U133/Y (NAND2_X0P5A_A9TR40)                                   0.212930  0.145900   0.441075 r
  n37 (net)                                     4     0.005078            0.000000   0.441075 r
  U197/A (NOR3_X1A_A9TR40)                                      0.212930  0.000017   0.441092 r
  U197/Y (NOR3_X1A_A9TR40)                                      0.067267  0.107345   0.548437 f
  det_takeover_ready_o (net)                    2     0.001983            0.000000   0.548437 f
  U198/BN (NOR4BB_X0P7M_A9TR40)                                 0.067267  0.000018   0.548455 f
  U198/Y (NOR4BB_X0P7M_A9TR40)                                  0.072234  0.148502   0.696956 f
  n4 (net)                                      1     0.001588            0.000000   0.696956 f
  U141/A (BUFH_X1M_A9TR40)                                      0.072234  0.000027   0.696984 f
  U141/Y (BUFH_X1M_A9TR40)                                      0.049705  0.094927   0.791911 f
  n166 (net)                                    2     0.002795            0.000000   0.791911 f
  U191/A (BUF_X2M_A9TR40)                                       0.049705  0.000020   0.791931 f
  U191/Y (BUF_X2M_A9TR40)                                       0.094592  0.129158   0.921088 f
  n165 (net)                                   12     0.013342            0.000000   0.921088 f
  U22/B1 (AOI22_X0P5M_A9TR40)                                   0.094592  0.000013   0.921102 f
  U22/Y (AOI22_X0P5M_A9TR40)                                    0.107709  0.102956   1.024058 r
  n13 (net)                                     1     0.001401            0.000000   1.024058 r
  U21/A0N (AO1B2_X0P5M_A9TR40)                                  0.107709  0.000024   1.024082 r
  U21/Y (AO1B2_X0P5M_A9TR40)                                    0.087304  0.094449   1.118532 f
  n68 (net)                                     1     0.001539            0.000000   1.118532 f
  det_medium_therm_q_reg[9]/D (DFFRPQ_X1M_A9TR40)               0.087304  0.000027   1.118558 f
  data arrival time                                                                  1.118558

  clock cal_clk (rise edge)                                               0.000000   0.000000
  clock network delay (ideal)                                             0.000000   0.000000
  clock uncertainty                                                       0.020000   0.020000
  det_medium_therm_q_reg[9]/CK (DFFRPQ_X1M_A9TR40)                        0.000000   0.020000 r
  library hold time                                                       0.027567   0.047567
  data required time                                                                 0.047567
  ----------------------------------------------------------------------------------------------
  data required time                                                                 0.047567
  data arrival time                                                                  -1.118558
  ----------------------------------------------------------------------------------------------
  slack (MET)                                                                        1.070991


  Startpoint: state_q_reg[0]
              (rising edge-triggered flip-flop clocked by cal_clk)
  Endpoint: det_medium_therm_q_reg[8]
            (rising edge-triggered flip-flop clocked by cal_clk)
  Path Group: cal_clk
  Path Type: min

  Des/Clust/Port     Wire Load Model       Library
  ------------------------------------------------
  ftc_detection_margin_manager
                     Small                 sc9mc_logic0040ll_base_rvt_c40_ss_typical_max_0p99v_125c

  Point                                       Fanout       Cap     Trans      Incr       Path
  ----------------------------------------------------------------------------------------------
  clock cal_clk (rise edge)                                               0.000000   0.000000
  clock network delay (ideal)                                             0.000000   0.000000
  state_q_reg[0]/CK (DFFRPQ_X1M_A9TR40)                         0.050000  0.000000   0.000000 r
  state_q_reg[0]/Q (DFFRPQ_X1M_A9TR40) <-                       0.075996  0.295160   0.295160 f
  state_q[0] (net)                              4     0.005004            0.000000   0.295160 f
  U133/A (NAND2_X0P5A_A9TR40)                                   0.075996  0.000016   0.295175 f
  U133/Y (NAND2_X0P5A_A9TR40)                                   0.212930  0.145900   0.441075 r
  n37 (net)                                     4     0.005078            0.000000   0.441075 r
  U197/A (NOR3_X1A_A9TR40)                                      0.212930  0.000017   0.441092 r
  U197/Y (NOR3_X1A_A9TR40)                                      0.067267  0.107345   0.548437 f
  det_takeover_ready_o (net)                    2     0.001983            0.000000   0.548437 f
  U198/BN (NOR4BB_X0P7M_A9TR40)                                 0.067267  0.000018   0.548455 f
  U198/Y (NOR4BB_X0P7M_A9TR40)                                  0.072234  0.148502   0.696956 f
  n4 (net)                                      1     0.001588            0.000000   0.696956 f
  U141/A (BUFH_X1M_A9TR40)                                      0.072234  0.000027   0.696984 f
  U141/Y (BUFH_X1M_A9TR40)                                      0.049705  0.094927   0.791911 f
  n166 (net)                                    2     0.002795            0.000000   0.791911 f
  U191/A (BUF_X2M_A9TR40)                                       0.049705  0.000020   0.791931 f
  U191/Y (BUF_X2M_A9TR40)                                       0.094592  0.129158   0.921088 f
  n165 (net)                                   12     0.013342            0.000000   0.921088 f
  U20/B1 (AOI22_X0P5M_A9TR40)                                   0.094592  0.000013   0.921102 f
  U20/Y (AOI22_X0P5M_A9TR40)                                    0.107711  0.102956   1.024058 r
  n12 (net)                                     1     0.001401            0.000000   1.024058 r
  U19/A0N (AO1B2_X0P5M_A9TR40)                                  0.107711  0.000024   1.024082 r
  U19/Y (AO1B2_X0P5M_A9TR40)                                    0.087304  0.094450   1.118533 f
  n67 (net)                                     1     0.001539            0.000000   1.118533 f
  det_medium_therm_q_reg[8]/D (DFFRPQ_X1M_A9TR40)               0.087304  0.000027   1.118559 f
  data arrival time                                                                  1.118559

  clock cal_clk (rise edge)                                               0.000000   0.000000
  clock network delay (ideal)                                             0.000000   0.000000
  clock uncertainty                                                       0.020000   0.020000
  det_medium_therm_q_reg[8]/CK (DFFRPQ_X1M_A9TR40)                        0.000000   0.020000 r
  library hold time                                                       0.027567   0.047567
  data required time                                                                 0.047567
  ----------------------------------------------------------------------------------------------
  data required time                                                                 0.047567
  data arrival time                                                                  -1.118559
  ----------------------------------------------------------------------------------------------
  slack (MET)                                                                        1.070992


  Startpoint: state_q_reg[0]
              (rising edge-triggered flip-flop clocked by cal_clk)
  Endpoint: det_fine_therm_q_reg[9]
            (rising edge-triggered flip-flop clocked by cal_clk)
  Path Group: cal_clk
  Path Type: min

  Des/Clust/Port     Wire Load Model       Library
  ------------------------------------------------
  ftc_detection_margin_manager
                     Small                 sc9mc_logic0040ll_base_rvt_c40_ss_typical_max_0p99v_125c

  Point                                       Fanout       Cap     Trans      Incr       Path
  ----------------------------------------------------------------------------------------------
  clock cal_clk (rise edge)                                               0.000000   0.000000
  clock network delay (ideal)                                             0.000000   0.000000
  state_q_reg[0]/CK (DFFRPQ_X1M_A9TR40)                         0.050000  0.000000   0.000000 r
  state_q_reg[0]/Q (DFFRPQ_X1M_A9TR40) <-                       0.075996  0.295160   0.295160 f
  state_q[0] (net)                              4     0.005004            0.000000   0.295160 f
  U133/A (NAND2_X0P5A_A9TR40)                                   0.075996  0.000016   0.295175 f
  U133/Y (NAND2_X0P5A_A9TR40)                                   0.212930  0.145900   0.441075 r
  n37 (net)                                     4     0.005078            0.000000   0.441075 r
  U197/A (NOR3_X1A_A9TR40)                                      0.212930  0.000017   0.441092 r
  U197/Y (NOR3_X1A_A9TR40)                                      0.067267  0.107345   0.548437 f
  det_takeover_ready_o (net)                    2     0.001983            0.000000   0.548437 f
  U198/BN (NOR4BB_X0P7M_A9TR40)                                 0.067267  0.000018   0.548455 f
  U198/Y (NOR4BB_X0P7M_A9TR40)                                  0.072234  0.148502   0.696956 f
  n4 (net)                                      1     0.001588            0.000000   0.696956 f
  U141/A (BUFH_X1M_A9TR40)                                      0.072234  0.000027   0.696984 f
  U141/Y (BUFH_X1M_A9TR40)                                      0.049705  0.094927   0.791911 f
  n166 (net)                                    2     0.002795            0.000000   0.791911 f
  U188/A (BUF_X2M_A9TR40)                                       0.049705  0.000020   0.791931 f
  U188/Y (BUF_X2M_A9TR40)                                       0.119407  0.144624   0.936554 f
  n164 (net)                                   16     0.017991            0.000000   0.936554 f
  U63/B1 (AOI22_X0P5M_A9TR40)                                   0.119407  0.000013   0.936567 f
  U63/Y (AOI22_X0P5M_A9TR40)                                    0.107472  0.112046   1.048613 r
  n31 (net)                                     1     0.001401            0.000000   1.048613 r
  U62/A0N (AO1B2_X0P5M_A9TR40)                                  0.107472  0.000024   1.048637 r
  U62/Y (AO1B2_X0P5M_A9TR40)                                    0.087856  0.094714   1.143351 f
  n93 (net)                                     1     0.001556            0.000000   1.143351 f
  det_fine_therm_q_reg[9]/D (DFFSQ_X1M_A9TR40)                  0.087856  0.000027   1.143378 f
  data arrival time                                                                  1.143378

  clock cal_clk (rise edge)                                               0.000000   0.000000
  clock network delay (ideal)                                             0.000000   0.000000
  clock uncertainty                                                       0.020000   0.020000
  det_fine_therm_q_reg[9]/CK (DFFSQ_X1M_A9TR40)                           0.000000   0.020000 r
  library hold time                                                       0.040590   0.060590
  data required time                                                                 0.060590
  ----------------------------------------------------------------------------------------------
  data required time                                                                 0.060590
  data arrival time                                                                  -1.143378
  ----------------------------------------------------------------------------------------------
  slack (MET)                                                                        1.082788


  Startpoint: state_q_reg[0]
              (rising edge-triggered flip-flop clocked by cal_clk)
  Endpoint: det_fine_therm_q_reg[8]
            (rising edge-triggered flip-flop clocked by cal_clk)
  Path Group: cal_clk
  Path Type: min

  Des/Clust/Port     Wire Load Model       Library
  ------------------------------------------------
  ftc_detection_margin_manager
                     Small                 sc9mc_logic0040ll_base_rvt_c40_ss_typical_max_0p99v_125c

  Point                                       Fanout       Cap     Trans      Incr       Path
  ----------------------------------------------------------------------------------------------
  clock cal_clk (rise edge)                                               0.000000   0.000000
  clock network delay (ideal)                                             0.000000   0.000000
  state_q_reg[0]/CK (DFFRPQ_X1M_A9TR40)                         0.050000  0.000000   0.000000 r
  state_q_reg[0]/Q (DFFRPQ_X1M_A9TR40) <-                       0.075996  0.295160   0.295160 f
  state_q[0] (net)                              4     0.005004            0.000000   0.295160 f
  U133/A (NAND2_X0P5A_A9TR40)                                   0.075996  0.000016   0.295175 f
  U133/Y (NAND2_X0P5A_A9TR40)                                   0.212930  0.145900   0.441075 r
  n37 (net)                                     4     0.005078            0.000000   0.441075 r
  U197/A (NOR3_X1A_A9TR40)                                      0.212930  0.000017   0.441092 r
  U197/Y (NOR3_X1A_A9TR40)                                      0.067267  0.107345   0.548437 f
  det_takeover_ready_o (net)                    2     0.001983            0.000000   0.548437 f
  U198/BN (NOR4BB_X0P7M_A9TR40)                                 0.067267  0.000018   0.548455 f
  U198/Y (NOR4BB_X0P7M_A9TR40)                                  0.072234  0.148502   0.696956 f
  n4 (net)                                      1     0.001588            0.000000   0.696956 f
  U141/A (BUFH_X1M_A9TR40)                                      0.072234  0.000027   0.696984 f
  U141/Y (BUFH_X1M_A9TR40)                                      0.049705  0.094927   0.791911 f
  n166 (net)                                    2     0.002795            0.000000   0.791911 f
  U188/A (BUF_X2M_A9TR40)                                       0.049705  0.000020   0.791931 f
  U188/Y (BUF_X2M_A9TR40)                                       0.119407  0.144624   0.936554 f
  n164 (net)                                   16     0.017991            0.000000   0.936554 f
  U60/B1 (AOI22_X0P5M_A9TR40)                                   0.119407  0.000013   0.936567 f
  U60/Y (AOI22_X0P5M_A9TR40)                                    0.107472  0.112046   1.048613 r
  n30 (net)                                     1     0.001401            0.000000   1.048613 r
  U59/A0N (AO1B2_X0P5M_A9TR40)                                  0.107472  0.000024   1.048637 r
  U59/Y (AO1B2_X0P5M_A9TR40)                                    0.087856  0.094714   1.143351 f
  n91 (net)                                     1     0.001556            0.000000   1.143351 f
  det_fine_therm_q_reg[8]/D (DFFSQ_X1M_A9TR40)                  0.087856  0.000027   1.143378 f
  data arrival time                                                                  1.143378

  clock cal_clk (rise edge)                                               0.000000   0.000000
  clock network delay (ideal)                                             0.000000   0.000000
  clock uncertainty                                                       0.020000   0.020000
  det_fine_therm_q_reg[8]/CK (DFFSQ_X1M_A9TR40)                           0.000000   0.020000 r
  library hold time                                                       0.040590   0.060590
  data required time                                                                 0.060590
  ----------------------------------------------------------------------------------------------
  data required time                                                                 0.060590
  data arrival time                                                                  -1.143378
  ----------------------------------------------------------------------------------------------
  slack (MET)                                                                        1.082788


  Startpoint: state_q_reg[0]
              (rising edge-triggered flip-flop clocked by cal_clk)
  Endpoint: det_fine_therm_q_reg[7]
            (rising edge-triggered flip-flop clocked by cal_clk)
  Path Group: cal_clk
  Path Type: min

  Des/Clust/Port     Wire Load Model       Library
  ------------------------------------------------
  ftc_detection_margin_manager
                     Small                 sc9mc_logic0040ll_base_rvt_c40_ss_typical_max_0p99v_125c

  Point                                       Fanout       Cap     Trans      Incr       Path
  ----------------------------------------------------------------------------------------------
  clock cal_clk (rise edge)                                               0.000000   0.000000
  clock network delay (ideal)                                             0.000000   0.000000
  state_q_reg[0]/CK (DFFRPQ_X1M_A9TR40)                         0.050000  0.000000   0.000000 r
  state_q_reg[0]/Q (DFFRPQ_X1M_A9TR40) <-                       0.075996  0.295160   0.295160 f
  state_q[0] (net)                              4     0.005004            0.000000   0.295160 f
  U133/A (NAND2_X0P5A_A9TR40)                                   0.075996  0.000016   0.295175 f
  U133/Y (NAND2_X0P5A_A9TR40)                                   0.212930  0.145900   0.441075 r
  n37 (net)                                     4     0.005078            0.000000   0.441075 r
  U197/A (NOR3_X1A_A9TR40)                                      0.212930  0.000017   0.441092 r
  U197/Y (NOR3_X1A_A9TR40)                                      0.067267  0.107345   0.548437 f
  det_takeover_ready_o (net)                    2     0.001983            0.000000   0.548437 f
  U198/BN (NOR4BB_X0P7M_A9TR40)                                 0.067267  0.000018   0.548455 f
  U198/Y (NOR4BB_X0P7M_A9TR40)                                  0.072234  0.148502   0.696956 f
  n4 (net)                                      1     0.001588            0.000000   0.696956 f
  U141/A (BUFH_X1M_A9TR40)                                      0.072234  0.000027   0.696984 f
  U141/Y (BUFH_X1M_A9TR40)                                      0.049705  0.094927   0.791911 f
  n166 (net)                                    2     0.002795            0.000000   0.791911 f
  U188/A (BUF_X2M_A9TR40)                                       0.049705  0.000020   0.791931 f
  U188/Y (BUF_X2M_A9TR40)                                       0.119407  0.144624   0.936554 f
  n164 (net)                                   16     0.017991            0.000000   0.936554 f
  U57/B1 (AOI22_X0P5M_A9TR40)                                   0.119407  0.000013   0.936567 f
  U57/Y (AOI22_X0P5M_A9TR40)                                    0.107472  0.112046   1.048613 r
  n29 (net)                                     1     0.001401            0.000000   1.048613 r
  U56/A0N (AO1B2_X0P5M_A9TR40)                                  0.107472  0.000024   1.048637 r
  U56/Y (AO1B2_X0P5M_A9TR40)                                    0.087856  0.094714   1.143351 f
  n89 (net)                                     1     0.001556            0.000000   1.143351 f
  det_fine_therm_q_reg[7]/D (DFFSQ_X1M_A9TR40)                  0.087856  0.000027   1.143378 f
  data arrival time                                                                  1.143378

  clock cal_clk (rise edge)                                               0.000000   0.000000
  clock network delay (ideal)                                             0.000000   0.000000
  clock uncertainty                                                       0.020000   0.020000
  det_fine_therm_q_reg[7]/CK (DFFSQ_X1M_A9TR40)                           0.000000   0.020000 r
  library hold time                                                       0.040590   0.060590
  data required time                                                                 0.060590
  ----------------------------------------------------------------------------------------------
  data required time                                                                 0.060590
  data arrival time                                                                  -1.143378
  ----------------------------------------------------------------------------------------------
  slack (MET)                                                                        1.082788


  Startpoint: state_q_reg[0]
              (rising edge-triggered flip-flop clocked by cal_clk)
  Endpoint: det_fine_therm_q_reg[6]
            (rising edge-triggered flip-flop clocked by cal_clk)
  Path Group: cal_clk
  Path Type: min

  Des/Clust/Port     Wire Load Model       Library
  ------------------------------------------------
  ftc_detection_margin_manager
                     Small                 sc9mc_logic0040ll_base_rvt_c40_ss_typical_max_0p99v_125c

  Point                                       Fanout       Cap     Trans      Incr       Path
  ----------------------------------------------------------------------------------------------
  clock cal_clk (rise edge)                                               0.000000   0.000000
  clock network delay (ideal)                                             0.000000   0.000000
  state_q_reg[0]/CK (DFFRPQ_X1M_A9TR40)                         0.050000  0.000000   0.000000 r
  state_q_reg[0]/Q (DFFRPQ_X1M_A9TR40) <-                       0.075996  0.295160   0.295160 f
  state_q[0] (net)                              4     0.005004            0.000000   0.295160 f
  U133/A (NAND2_X0P5A_A9TR40)                                   0.075996  0.000016   0.295175 f
  U133/Y (NAND2_X0P5A_A9TR40)                                   0.212930  0.145900   0.441075 r
  n37 (net)                                     4     0.005078            0.000000   0.441075 r
  U197/A (NOR3_X1A_A9TR40)                                      0.212930  0.000017   0.441092 r
  U197/Y (NOR3_X1A_A9TR40)                                      0.067267  0.107345   0.548437 f
  det_takeover_ready_o (net)                    2     0.001983            0.000000   0.548437 f
  U198/BN (NOR4BB_X0P7M_A9TR40)                                 0.067267  0.000018   0.548455 f
  U198/Y (NOR4BB_X0P7M_A9TR40)                                  0.072234  0.148502   0.696956 f
  n4 (net)                                      1     0.001588            0.000000   0.696956 f
  U141/A (BUFH_X1M_A9TR40)                                      0.072234  0.000027   0.696984 f
  U141/Y (BUFH_X1M_A9TR40)                                      0.049705  0.094927   0.791911 f
  n166 (net)                                    2     0.002795            0.000000   0.791911 f
  U188/A (BUF_X2M_A9TR40)                                       0.049705  0.000020   0.791931 f
  U188/Y (BUF_X2M_A9TR40)                                       0.119407  0.144624   0.936554 f
  n164 (net)                                   16     0.017991            0.000000   0.936554 f
  U54/B1 (AOI22_X0P5M_A9TR40)                                   0.119407  0.000013   0.936567 f
  U54/Y (AOI22_X0P5M_A9TR40)                                    0.107472  0.112046   1.048613 r
  n28 (net)                                     1     0.001401            0.000000   1.048613 r
  U53/A0N (AO1B2_X0P5M_A9TR40)                                  0.107472  0.000024   1.048637 r
  U53/Y (AO1B2_X0P5M_A9TR40)                                    0.087856  0.094714   1.143351 f
  n87 (net)                                     1     0.001556            0.000000   1.143351 f
  det_fine_therm_q_reg[6]/D (DFFSQ_X1M_A9TR40)                  0.087856  0.000027   1.143378 f
  data arrival time                                                                  1.143378

  clock cal_clk (rise edge)                                               0.000000   0.000000
  clock network delay (ideal)                                             0.000000   0.000000
  clock uncertainty                                                       0.020000   0.020000
  det_fine_therm_q_reg[6]/CK (DFFSQ_X1M_A9TR40)                           0.000000   0.020000 r
  library hold time                                                       0.040590   0.060590
  data required time                                                                 0.060590
  ----------------------------------------------------------------------------------------------
  data required time                                                                 0.060590
  data arrival time                                                                  -1.143378
  ----------------------------------------------------------------------------------------------
  slack (MET)                                                                        1.082788


  Startpoint: state_q_reg[0]
              (rising edge-triggered flip-flop clocked by cal_clk)
  Endpoint: det_fine_therm_q_reg[5]
            (rising edge-triggered flip-flop clocked by cal_clk)
  Path Group: cal_clk
  Path Type: min

  Des/Clust/Port     Wire Load Model       Library
  ------------------------------------------------
  ftc_detection_margin_manager
                     Small                 sc9mc_logic0040ll_base_rvt_c40_ss_typical_max_0p99v_125c

  Point                                       Fanout       Cap     Trans      Incr       Path
  ----------------------------------------------------------------------------------------------
  clock cal_clk (rise edge)                                               0.000000   0.000000
  clock network delay (ideal)                                             0.000000   0.000000
  state_q_reg[0]/CK (DFFRPQ_X1M_A9TR40)                         0.050000  0.000000   0.000000 r
  state_q_reg[0]/Q (DFFRPQ_X1M_A9TR40) <-                       0.075996  0.295160   0.295160 f
  state_q[0] (net)                              4     0.005004            0.000000   0.295160 f
  U133/A (NAND2_X0P5A_A9TR40)                                   0.075996  0.000016   0.295175 f
  U133/Y (NAND2_X0P5A_A9TR40)                                   0.212930  0.145900   0.441075 r
  n37 (net)                                     4     0.005078            0.000000   0.441075 r
  U197/A (NOR3_X1A_A9TR40)                                      0.212930  0.000017   0.441092 r
  U197/Y (NOR3_X1A_A9TR40)                                      0.067267  0.107345   0.548437 f
  det_takeover_ready_o (net)                    2     0.001983            0.000000   0.548437 f
  U198/BN (NOR4BB_X0P7M_A9TR40)                                 0.067267  0.000018   0.548455 f
  U198/Y (NOR4BB_X0P7M_A9TR40)                                  0.072234  0.148502   0.696956 f
  n4 (net)                                      1     0.001588            0.000000   0.696956 f
  U141/A (BUFH_X1M_A9TR40)                                      0.072234  0.000027   0.696984 f
  U141/Y (BUFH_X1M_A9TR40)                                      0.049705  0.094927   0.791911 f
  n166 (net)                                    2     0.002795            0.000000   0.791911 f
  U188/A (BUF_X2M_A9TR40)                                       0.049705  0.000020   0.791931 f
  U188/Y (BUF_X2M_A9TR40)                                       0.119407  0.144624   0.936554 f
  n164 (net)                                   16     0.017991            0.000000   0.936554 f
  U51/B1 (AOI22_X0P5M_A9TR40)                                   0.119407  0.000013   0.936567 f
  U51/Y (AOI22_X0P5M_A9TR40)                                    0.107472  0.112046   1.048613 r
  n27 (net)                                     1     0.001401            0.000000   1.048613 r
  U50/A0N (AO1B2_X0P5M_A9TR40)                                  0.107472  0.000024   1.048637 r
  U50/Y (AO1B2_X0P5M_A9TR40)                                    0.087856  0.094714   1.143351 f
  n85 (net)                                     1     0.001556            0.000000   1.143351 f
  det_fine_therm_q_reg[5]/D (DFFSQ_X1M_A9TR40)                  0.087856  0.000027   1.143378 f
  data arrival time                                                                  1.143378

  clock cal_clk (rise edge)                                               0.000000   0.000000
  clock network delay (ideal)                                             0.000000   0.000000
  clock uncertainty                                                       0.020000   0.020000
  det_fine_therm_q_reg[5]/CK (DFFSQ_X1M_A9TR40)                           0.000000   0.020000 r
  library hold time                                                       0.040590   0.060590
  data required time                                                                 0.060590
  ----------------------------------------------------------------------------------------------
  data required time                                                                 0.060590
  data arrival time                                                                  -1.143378
  ----------------------------------------------------------------------------------------------
  slack (MET)                                                                        1.082788


  Startpoint: state_q_reg[0]
              (rising edge-triggered flip-flop clocked by cal_clk)
  Endpoint: det_fine_therm_q_reg[4]
            (rising edge-triggered flip-flop clocked by cal_clk)
  Path Group: cal_clk
  Path Type: min

  Des/Clust/Port     Wire Load Model       Library
  ------------------------------------------------
  ftc_detection_margin_manager
                     Small                 sc9mc_logic0040ll_base_rvt_c40_ss_typical_max_0p99v_125c

  Point                                       Fanout       Cap     Trans      Incr       Path
  ----------------------------------------------------------------------------------------------
  clock cal_clk (rise edge)                                               0.000000   0.000000
  clock network delay (ideal)                                             0.000000   0.000000
  state_q_reg[0]/CK (DFFRPQ_X1M_A9TR40)                         0.050000  0.000000   0.000000 r
  state_q_reg[0]/Q (DFFRPQ_X1M_A9TR40) <-                       0.075996  0.295160   0.295160 f
  state_q[0] (net)                              4     0.005004            0.000000   0.295160 f
  U133/A (NAND2_X0P5A_A9TR40)                                   0.075996  0.000016   0.295175 f
  U133/Y (NAND2_X0P5A_A9TR40)                                   0.212930  0.145900   0.441075 r
  n37 (net)                                     4     0.005078            0.000000   0.441075 r
  U197/A (NOR3_X1A_A9TR40)                                      0.212930  0.000017   0.441092 r
  U197/Y (NOR3_X1A_A9TR40)                                      0.067267  0.107345   0.548437 f
  det_takeover_ready_o (net)                    2     0.001983            0.000000   0.548437 f
  U198/BN (NOR4BB_X0P7M_A9TR40)                                 0.067267  0.000018   0.548455 f
  U198/Y (NOR4BB_X0P7M_A9TR40)                                  0.072234  0.148502   0.696956 f
  n4 (net)                                      1     0.001588            0.000000   0.696956 f
  U141/A (BUFH_X1M_A9TR40)                                      0.072234  0.000027   0.696984 f
  U141/Y (BUFH_X1M_A9TR40)                                      0.049705  0.094927   0.791911 f
  n166 (net)                                    2     0.002795            0.000000   0.791911 f
  U188/A (BUF_X2M_A9TR40)                                       0.049705  0.000020   0.791931 f
  U188/Y (BUF_X2M_A9TR40)                                       0.119407  0.144624   0.936554 f
  n164 (net)                                   16     0.017991            0.000000   0.936554 f
  U48/B1 (AOI22_X0P5M_A9TR40)                                   0.119407  0.000013   0.936567 f
  U48/Y (AOI22_X0P5M_A9TR40)                                    0.107472  0.112046   1.048613 r
  n26 (net)                                     1     0.001401            0.000000   1.048613 r
  U47/A0N (AO1B2_X0P5M_A9TR40)                                  0.107472  0.000024   1.048637 r
  U47/Y (AO1B2_X0P5M_A9TR40)                                    0.087856  0.094714   1.143351 f
  n83 (net)                                     1     0.001556            0.000000   1.143351 f
  det_fine_therm_q_reg[4]/D (DFFSQ_X1M_A9TR40)                  0.087856  0.000027   1.143378 f
  data arrival time                                                                  1.143378

  clock cal_clk (rise edge)                                               0.000000   0.000000
  clock network delay (ideal)                                             0.000000   0.000000
  clock uncertainty                                                       0.020000   0.020000
  det_fine_therm_q_reg[4]/CK (DFFSQ_X1M_A9TR40)                           0.000000   0.020000 r
  library hold time                                                       0.040590   0.060590
  data required time                                                                 0.060590
  ----------------------------------------------------------------------------------------------
  data required time                                                                 0.060590
  data arrival time                                                                  -1.143378
  ----------------------------------------------------------------------------------------------
  slack (MET)                                                                        1.082788


  Startpoint: state_q_reg[0]
              (rising edge-triggered flip-flop clocked by cal_clk)
  Endpoint: det_fine_therm_q_reg[3]
            (rising edge-triggered flip-flop clocked by cal_clk)
  Path Group: cal_clk
  Path Type: min

  Des/Clust/Port     Wire Load Model       Library
  ------------------------------------------------
  ftc_detection_margin_manager
                     Small                 sc9mc_logic0040ll_base_rvt_c40_ss_typical_max_0p99v_125c

  Point                                       Fanout       Cap     Trans      Incr       Path
  ----------------------------------------------------------------------------------------------
  clock cal_clk (rise edge)                                               0.000000   0.000000
  clock network delay (ideal)                                             0.000000   0.000000
  state_q_reg[0]/CK (DFFRPQ_X1M_A9TR40)                         0.050000  0.000000   0.000000 r
  state_q_reg[0]/Q (DFFRPQ_X1M_A9TR40) <-                       0.075996  0.295160   0.295160 f
  state_q[0] (net)                              4     0.005004            0.000000   0.295160 f
  U133/A (NAND2_X0P5A_A9TR40)                                   0.075996  0.000016   0.295175 f
  U133/Y (NAND2_X0P5A_A9TR40)                                   0.212930  0.145900   0.441075 r
  n37 (net)                                     4     0.005078            0.000000   0.441075 r
  U197/A (NOR3_X1A_A9TR40)                                      0.212930  0.000017   0.441092 r
  U197/Y (NOR3_X1A_A9TR40)                                      0.067267  0.107345   0.548437 f
  det_takeover_ready_o (net)                    2     0.001983            0.000000   0.548437 f
  U198/BN (NOR4BB_X0P7M_A9TR40)                                 0.067267  0.000018   0.548455 f
  U198/Y (NOR4BB_X0P7M_A9TR40)                                  0.072234  0.148502   0.696956 f
  n4 (net)                                      1     0.001588            0.000000   0.696956 f
  U141/A (BUFH_X1M_A9TR40)                                      0.072234  0.000027   0.696984 f
  U141/Y (BUFH_X1M_A9TR40)                                      0.049705  0.094927   0.791911 f
  n166 (net)                                    2     0.002795            0.000000   0.791911 f
  U188/A (BUF_X2M_A9TR40)                                       0.049705  0.000020   0.791931 f
  U188/Y (BUF_X2M_A9TR40)                                       0.119407  0.144624   0.936554 f
  n164 (net)                                   16     0.017991            0.000000   0.936554 f
  U45/B1 (AOI22_X0P5M_A9TR40)                                   0.119407  0.000013   0.936567 f
  U45/Y (AOI22_X0P5M_A9TR40)                                    0.107472  0.112046   1.048613 r
  n25 (net)                                     1     0.001401            0.000000   1.048613 r
  U44/A0N (AO1B2_X0P5M_A9TR40)                                  0.107472  0.000024   1.048637 r
  U44/Y (AO1B2_X0P5M_A9TR40)                                    0.087856  0.094714   1.143351 f
  n81 (net)                                     1     0.001556            0.000000   1.143351 f
  det_fine_therm_q_reg[3]/D (DFFSQ_X1M_A9TR40)                  0.087856  0.000027   1.143378 f
  data arrival time                                                                  1.143378

  clock cal_clk (rise edge)                                               0.000000   0.000000
  clock network delay (ideal)                                             0.000000   0.000000
  clock uncertainty                                                       0.020000   0.020000
  det_fine_therm_q_reg[3]/CK (DFFSQ_X1M_A9TR40)                           0.000000   0.020000 r
  library hold time                                                       0.040590   0.060590
  data required time                                                                 0.060590
  ----------------------------------------------------------------------------------------------
  data required time                                                                 0.060590
  data arrival time                                                                  -1.143378
  ----------------------------------------------------------------------------------------------
  slack (MET)                                                                        1.082788


  Startpoint: state_q_reg[0]
              (rising edge-triggered flip-flop clocked by cal_clk)
  Endpoint: det_fine_therm_q_reg[2]
            (rising edge-triggered flip-flop clocked by cal_clk)
  Path Group: cal_clk
  Path Type: min

  Des/Clust/Port     Wire Load Model       Library
  ------------------------------------------------
  ftc_detection_margin_manager
                     Small                 sc9mc_logic0040ll_base_rvt_c40_ss_typical_max_0p99v_125c

  Point                                       Fanout       Cap     Trans      Incr       Path
  ----------------------------------------------------------------------------------------------
  clock cal_clk (rise edge)                                               0.000000   0.000000
  clock network delay (ideal)                                             0.000000   0.000000
  state_q_reg[0]/CK (DFFRPQ_X1M_A9TR40)                         0.050000  0.000000   0.000000 r
  state_q_reg[0]/Q (DFFRPQ_X1M_A9TR40) <-                       0.075996  0.295160   0.295160 f
  state_q[0] (net)                              4     0.005004            0.000000   0.295160 f
  U133/A (NAND2_X0P5A_A9TR40)                                   0.075996  0.000016   0.295175 f
  U133/Y (NAND2_X0P5A_A9TR40)                                   0.212930  0.145900   0.441075 r
  n37 (net)                                     4     0.005078            0.000000   0.441075 r
  U197/A (NOR3_X1A_A9TR40)                                      0.212930  0.000017   0.441092 r
  U197/Y (NOR3_X1A_A9TR40)                                      0.067267  0.107345   0.548437 f
  det_takeover_ready_o (net)                    2     0.001983            0.000000   0.548437 f
  U198/BN (NOR4BB_X0P7M_A9TR40)                                 0.067267  0.000018   0.548455 f
  U198/Y (NOR4BB_X0P7M_A9TR40)                                  0.072234  0.148502   0.696956 f
  n4 (net)                                      1     0.001588            0.000000   0.696956 f
  U141/A (BUFH_X1M_A9TR40)                                      0.072234  0.000027   0.696984 f
  U141/Y (BUFH_X1M_A9TR40)                                      0.049705  0.094927   0.791911 f
  n166 (net)                                    2     0.002795            0.000000   0.791911 f
  U188/A (BUF_X2M_A9TR40)                                       0.049705  0.000020   0.791931 f
  U188/Y (BUF_X2M_A9TR40)                                       0.119407  0.144624   0.936554 f
  n164 (net)                                   16     0.017991            0.000000   0.936554 f
  U42/B1 (AOI22_X0P5M_A9TR40)                                   0.119407  0.000013   0.936567 f
  U42/Y (AOI22_X0P5M_A9TR40)                                    0.107472  0.112046   1.048613 r
  n24 (net)                                     1     0.001401            0.000000   1.048613 r
  U41/A0N (AO1B2_X0P5M_A9TR40)                                  0.107472  0.000024   1.048637 r
  U41/Y (AO1B2_X0P5M_A9TR40)                                    0.087856  0.094714   1.143351 f
  n79 (net)                                     1     0.001556            0.000000   1.143351 f
  det_fine_therm_q_reg[2]/D (DFFSQ_X1M_A9TR40)                  0.087856  0.000027   1.143378 f
  data arrival time                                                                  1.143378

  clock cal_clk (rise edge)                                               0.000000   0.000000
  clock network delay (ideal)                                             0.000000   0.000000
  clock uncertainty                                                       0.020000   0.020000
  det_fine_therm_q_reg[2]/CK (DFFSQ_X1M_A9TR40)                           0.000000   0.020000 r
  library hold time                                                       0.040590   0.060590
  data required time                                                                 0.060590
  ----------------------------------------------------------------------------------------------
  data required time                                                                 0.060590
  data arrival time                                                                  -1.143378
  ----------------------------------------------------------------------------------------------
  slack (MET)                                                                        1.082788


  Startpoint: state_q_reg[0]
              (rising edge-triggered flip-flop clocked by cal_clk)
  Endpoint: det_fine_therm_q_reg[1]
            (rising edge-triggered flip-flop clocked by cal_clk)
  Path Group: cal_clk
  Path Type: min

  Des/Clust/Port     Wire Load Model       Library
  ------------------------------------------------
  ftc_detection_margin_manager
                     Small                 sc9mc_logic0040ll_base_rvt_c40_ss_typical_max_0p99v_125c

  Point                                       Fanout       Cap     Trans      Incr       Path
  ----------------------------------------------------------------------------------------------
  clock cal_clk (rise edge)                                               0.000000   0.000000
  clock network delay (ideal)                                             0.000000   0.000000
  state_q_reg[0]/CK (DFFRPQ_X1M_A9TR40)                         0.050000  0.000000   0.000000 r
  state_q_reg[0]/Q (DFFRPQ_X1M_A9TR40) <-                       0.075996  0.295160   0.295160 f
  state_q[0] (net)                              4     0.005004            0.000000   0.295160 f
  U133/A (NAND2_X0P5A_A9TR40)                                   0.075996  0.000016   0.295175 f
  U133/Y (NAND2_X0P5A_A9TR40)                                   0.212930  0.145900   0.441075 r
  n37 (net)                                     4     0.005078            0.000000   0.441075 r
  U197/A (NOR3_X1A_A9TR40)                                      0.212930  0.000017   0.441092 r
  U197/Y (NOR3_X1A_A9TR40)                                      0.067267  0.107345   0.548437 f
  det_takeover_ready_o (net)                    2     0.001983            0.000000   0.548437 f
  U198/BN (NOR4BB_X0P7M_A9TR40)                                 0.067267  0.000018   0.548455 f
  U198/Y (NOR4BB_X0P7M_A9TR40)                                  0.072234  0.148502   0.696956 f
  n4 (net)                                      1     0.001588            0.000000   0.696956 f
  U141/A (BUFH_X1M_A9TR40)                                      0.072234  0.000027   0.696984 f
  U141/Y (BUFH_X1M_A9TR40)                                      0.049705  0.094927   0.791911 f
  n166 (net)                                    2     0.002795            0.000000   0.791911 f
  U188/A (BUF_X2M_A9TR40)                                       0.049705  0.000020   0.791931 f
  U188/Y (BUF_X2M_A9TR40)                                       0.119407  0.144624   0.936554 f
  n164 (net)                                   16     0.017991            0.000000   0.936554 f
  U39/B1 (AOI22_X0P5M_A9TR40)                                   0.119407  0.000013   0.936567 f
  U39/Y (AOI22_X0P5M_A9TR40)                                    0.107472  0.112046   1.048613 r
  n23 (net)                                     1     0.001401            0.000000   1.048613 r
  U38/A0N (AO1B2_X0P5M_A9TR40)                                  0.107472  0.000024   1.048637 r
  U38/Y (AO1B2_X0P5M_A9TR40)                                    0.087856  0.094714   1.143351 f
  n77 (net)                                     1     0.001556            0.000000   1.143351 f
  det_fine_therm_q_reg[1]/D (DFFSQ_X1M_A9TR40)                  0.087856  0.000027   1.143378 f
  data arrival time                                                                  1.143378

  clock cal_clk (rise edge)                                               0.000000   0.000000
  clock network delay (ideal)                                             0.000000   0.000000
  clock uncertainty                                                       0.020000   0.020000
  det_fine_therm_q_reg[1]/CK (DFFSQ_X1M_A9TR40)                           0.000000   0.020000 r
  library hold time                                                       0.040590   0.060590
  data required time                                                                 0.060590
  ----------------------------------------------------------------------------------------------
  data required time                                                                 0.060590
  data arrival time                                                                  -1.143378
  ----------------------------------------------------------------------------------------------
  slack (MET)                                                                        1.082788


  Startpoint: state_q_reg[0]
              (rising edge-triggered flip-flop clocked by cal_clk)
  Endpoint: det_fine_therm_q_reg[0]
            (rising edge-triggered flip-flop clocked by cal_clk)
  Path Group: cal_clk
  Path Type: min

  Des/Clust/Port     Wire Load Model       Library
  ------------------------------------------------
  ftc_detection_margin_manager
                     Small                 sc9mc_logic0040ll_base_rvt_c40_ss_typical_max_0p99v_125c

  Point                                       Fanout       Cap     Trans      Incr       Path
  ----------------------------------------------------------------------------------------------
  clock cal_clk (rise edge)                                               0.000000   0.000000
  clock network delay (ideal)                                             0.000000   0.000000
  state_q_reg[0]/CK (DFFRPQ_X1M_A9TR40)                         0.050000  0.000000   0.000000 r
  state_q_reg[0]/Q (DFFRPQ_X1M_A9TR40) <-                       0.075996  0.295160   0.295160 f
  state_q[0] (net)                              4     0.005004            0.000000   0.295160 f
  U133/A (NAND2_X0P5A_A9TR40)                                   0.075996  0.000016   0.295175 f
  U133/Y (NAND2_X0P5A_A9TR40)                                   0.212930  0.145900   0.441075 r
  n37 (net)                                     4     0.005078            0.000000   0.441075 r
  U197/A (NOR3_X1A_A9TR40)                                      0.212930  0.000017   0.441092 r
  U197/Y (NOR3_X1A_A9TR40)                                      0.067267  0.107345   0.548437 f
  det_takeover_ready_o (net)                    2     0.001983            0.000000   0.548437 f
  U198/BN (NOR4BB_X0P7M_A9TR40)                                 0.067267  0.000018   0.548455 f
  U198/Y (NOR4BB_X0P7M_A9TR40)                                  0.072234  0.148502   0.696956 f
  n4 (net)                                      1     0.001588            0.000000   0.696956 f
  U141/A (BUFH_X1M_A9TR40)                                      0.072234  0.000027   0.696984 f
  U141/Y (BUFH_X1M_A9TR40)                                      0.049705  0.094927   0.791911 f
  n166 (net)                                    2     0.002795            0.000000   0.791911 f
  U188/A (BUF_X2M_A9TR40)                                       0.049705  0.000020   0.791931 f
  U188/Y (BUF_X2M_A9TR40)                                       0.119407  0.144624   0.936554 f
  n164 (net)                                   16     0.017991            0.000000   0.936554 f
  U36/B1 (AOI22_X0P5M_A9TR40)                                   0.119407  0.000013   0.936567 f
  U36/Y (AOI22_X0P5M_A9TR40)                                    0.107472  0.112046   1.048613 r
  n20 (net)                                     1     0.001401            0.000000   1.048613 r
  U35/A0N (AO1B2_X0P5M_A9TR40)                                  0.107472  0.000024   1.048637 r
  U35/Y (AO1B2_X0P5M_A9TR40)                                    0.087856  0.094714   1.143351 f
  n75 (net)                                     1     0.001556            0.000000   1.143351 f
  det_fine_therm_q_reg[0]/D (DFFSQ_X1M_A9TR40)                  0.087856  0.000027   1.143378 f
  data arrival time                                                                  1.143378

  clock cal_clk (rise edge)                                               0.000000   0.000000
  clock network delay (ideal)                                             0.000000   0.000000
  clock uncertainty                                                       0.020000   0.020000
  det_fine_therm_q_reg[0]/CK (DFFSQ_X1M_A9TR40)                           0.000000   0.020000 r
  library hold time                                                       0.040590   0.060590
  data required time                                                                 0.060590
  ----------------------------------------------------------------------------------------------
  data required time                                                                 0.060590
  data arrival time                                                                  -1.143378
  ----------------------------------------------------------------------------------------------
  slack (MET)                                                                        1.082788


  Startpoint: state_q_reg[1]
              (rising edge-triggered flip-flop clocked by cal_clk)
  Endpoint: det_medium_therm_q_reg[7]
            (rising edge-triggered flip-flop clocked by cal_clk)
  Path Group: cal_clk
  Path Type: min

  Des/Clust/Port     Wire Load Model       Library
  ------------------------------------------------
  ftc_detection_margin_manager
                     Small                 sc9mc_logic0040ll_base_rvt_c40_ss_typical_max_0p99v_125c

  Point                                       Fanout       Cap     Trans      Incr       Path
  ----------------------------------------------------------------------------------------------
  clock cal_clk (rise edge)                                               0.000000   0.000000
  clock network delay (ideal)                                             0.000000   0.000000
  state_q_reg[1]/CK (DFFRPQ_X1M_A9TR40)                         0.050000  0.000000   0.000000 r
  state_q_reg[1]/Q (DFFRPQ_X1M_A9TR40) <-                       0.097548  0.309521   0.309521 f
  state_q[1] (net)                              6     0.007141            0.000000   0.309521 f
  U132/A (INV_X0P5B_A9TR40)                                     0.097548  0.000015   0.309536 f
  U132/Y (INV_X0P5B_A9TR40)                                     0.200919  0.148042   0.457578 r
  n35 (net)                                     4     0.005054            0.000000   0.457578 r
  U197/C (NOR3_X1A_A9TR40)                                      0.200919  0.000017   0.457595 r
  U197/Y (NOR3_X1A_A9TR40)                                      0.067267  0.112031   0.569625 f
  det_takeover_ready_o (net)                    2     0.001983            0.000000   0.569625 f
  U198/BN (NOR4BB_X0P7M_A9TR40)                                 0.067267  0.000018   0.569643 f
  U198/Y (NOR4BB_X0P7M_A9TR40)                                  0.072234  0.148502   0.718145 f
  n4 (net)                                      1     0.001588            0.000000   0.718145 f
  U141/A (BUFH_X1M_A9TR40)                                      0.072234  0.000027   0.718172 f
  U141/Y (BUFH_X1M_A9TR40)                                      0.049705  0.094927   0.813099 f
  n166 (net)                                    2     0.002795            0.000000   0.813099 f
  U191/A (BUF_X2M_A9TR40)                                       0.049705  0.000020   0.813119 f
  U191/Y (BUF_X2M_A9TR40)                                       0.094592  0.129158   0.942277 f
  n165 (net)                                   12     0.013342            0.000000   0.942277 f
  U18/B1 (AOI22_X0P5M_A9TR40)                                   0.094592  0.000013   0.942290 f
  U18/Y (AOI22_X0P5M_A9TR40)                                    0.107682  0.102956   1.045247 r
  n11 (net)                                     1     0.001401            0.000000   1.045247 r
  U17/A0N (AO1B2_X0P5M_A9TR40)                                  0.107682  0.000024   1.045271 r
  U17/Y (AO1B2_X0P5M_A9TR40)                                    0.087302  0.094440   1.139711 f
  n66 (net)                                     1     0.001539            0.000000   1.139711 f
  det_medium_therm_q_reg[7]/D (DFFRPQ_X1M_A9TR40)               0.087302  0.000027   1.139737 f
  data arrival time                                                                  1.139737

  clock cal_clk (rise edge)                                               0.000000   0.000000
  clock network delay (ideal)                                             0.000000   0.000000
  clock uncertainty                                                       0.020000   0.020000
  det_medium_therm_q_reg[7]/CK (DFFRPQ_X1M_A9TR40)                        0.000000   0.020000 r
  library hold time                                                       0.027568   0.047568
  data required time                                                                 0.047568
  ----------------------------------------------------------------------------------------------
  data required time                                                                 0.047568
  data arrival time                                                                  -1.139737
  ----------------------------------------------------------------------------------------------
  slack (MET)                                                                        1.092170


  Startpoint: state_q_reg[1]
              (rising edge-triggered flip-flop clocked by cal_clk)
  Endpoint: det_medium_therm_q_reg[6]
            (rising edge-triggered flip-flop clocked by cal_clk)
  Path Group: cal_clk
  Path Type: min

  Des/Clust/Port     Wire Load Model       Library
  ------------------------------------------------
  ftc_detection_margin_manager
                     Small                 sc9mc_logic0040ll_base_rvt_c40_ss_typical_max_0p99v_125c

  Point                                       Fanout       Cap     Trans      Incr       Path
  ----------------------------------------------------------------------------------------------
  clock cal_clk (rise edge)                                               0.000000   0.000000
  clock network delay (ideal)                                             0.000000   0.000000
  state_q_reg[1]/CK (DFFRPQ_X1M_A9TR40)                         0.050000  0.000000   0.000000 r
  state_q_reg[1]/Q (DFFRPQ_X1M_A9TR40) <-                       0.097548  0.309521   0.309521 f
  state_q[1] (net)                              6     0.007141            0.000000   0.309521 f
  U132/A (INV_X0P5B_A9TR40)                                     0.097548  0.000015   0.309536 f
  U132/Y (INV_X0P5B_A9TR40)                                     0.200919  0.148042   0.457578 r
  n35 (net)                                     4     0.005054            0.000000   0.457578 r
  U197/C (NOR3_X1A_A9TR40)                                      0.200919  0.000017   0.457595 r
  U197/Y (NOR3_X1A_A9TR40)                                      0.067267  0.112031   0.569625 f
  det_takeover_ready_o (net)                    2     0.001983            0.000000   0.569625 f
  U198/BN (NOR4BB_X0P7M_A9TR40)                                 0.067267  0.000018   0.569643 f
  U198/Y (NOR4BB_X0P7M_A9TR40)                                  0.072234  0.148502   0.718145 f
  n4 (net)                                      1     0.001588            0.000000   0.718145 f
  U141/A (BUFH_X1M_A9TR40)                                      0.072234  0.000027   0.718172 f
  U141/Y (BUFH_X1M_A9TR40)                                      0.049705  0.094927   0.813099 f
  n166 (net)                                    2     0.002795            0.000000   0.813099 f
  U191/A (BUF_X2M_A9TR40)                                       0.049705  0.000020   0.813119 f
  U191/Y (BUF_X2M_A9TR40)                                       0.094592  0.129158   0.942277 f
  n165 (net)                                   12     0.013342            0.000000   0.942277 f
  U16/B1 (AOI22_X0P5M_A9TR40)                                   0.094592  0.000013   0.942290 f
  U16/Y (AOI22_X0P5M_A9TR40)                                    0.107682  0.102956   1.045247 r
  n10 (net)                                     1     0.001401            0.000000   1.045247 r
  U15/A0N (AO1B2_X0P5M_A9TR40)                                  0.107682  0.000024   1.045271 r
  U15/Y (AO1B2_X0P5M_A9TR40)                                    0.087302  0.094440   1.139711 f
  n65 (net)                                     1     0.001539            0.000000   1.139711 f
  det_medium_therm_q_reg[6]/D (DFFRPQ_X1M_A9TR40)               0.087302  0.000027   1.139737 f
  data arrival time                                                                  1.139737

  clock cal_clk (rise edge)                                               0.000000   0.000000
  clock network delay (ideal)                                             0.000000   0.000000
  clock uncertainty                                                       0.020000   0.020000
  det_medium_therm_q_reg[6]/CK (DFFRPQ_X1M_A9TR40)                        0.000000   0.020000 r
  library hold time                                                       0.027568   0.047568
  data required time                                                                 0.047568
  ----------------------------------------------------------------------------------------------
  data required time                                                                 0.047568
  data arrival time                                                                  -1.139737
  ----------------------------------------------------------------------------------------------
  slack (MET)                                                                        1.092170


  Startpoint: state_q_reg[1]
              (rising edge-triggered flip-flop clocked by cal_clk)
  Endpoint: det_medium_therm_q_reg[5]
            (rising edge-triggered flip-flop clocked by cal_clk)
  Path Group: cal_clk
  Path Type: min

  Des/Clust/Port     Wire Load Model       Library
  ------------------------------------------------
  ftc_detection_margin_manager
                     Small                 sc9mc_logic0040ll_base_rvt_c40_ss_typical_max_0p99v_125c

  Point                                       Fanout       Cap     Trans      Incr       Path
  ----------------------------------------------------------------------------------------------
  clock cal_clk (rise edge)                                               0.000000   0.000000
  clock network delay (ideal)                                             0.000000   0.000000
  state_q_reg[1]/CK (DFFRPQ_X1M_A9TR40)                         0.050000  0.000000   0.000000 r
  state_q_reg[1]/Q (DFFRPQ_X1M_A9TR40) <-                       0.097548  0.309521   0.309521 f
  state_q[1] (net)                              6     0.007141            0.000000   0.309521 f
  U132/A (INV_X0P5B_A9TR40)                                     0.097548  0.000015   0.309536 f
  U132/Y (INV_X0P5B_A9TR40)                                     0.200919  0.148042   0.457578 r
  n35 (net)                                     4     0.005054            0.000000   0.457578 r
  U197/C (NOR3_X1A_A9TR40)                                      0.200919  0.000017   0.457595 r
  U197/Y (NOR3_X1A_A9TR40)                                      0.067267  0.112031   0.569625 f
  det_takeover_ready_o (net)                    2     0.001983            0.000000   0.569625 f
  U198/BN (NOR4BB_X0P7M_A9TR40)                                 0.067267  0.000018   0.569643 f
  U198/Y (NOR4BB_X0P7M_A9TR40)                                  0.072234  0.148502   0.718145 f
  n4 (net)                                      1     0.001588            0.000000   0.718145 f
  U141/A (BUFH_X1M_A9TR40)                                      0.072234  0.000027   0.718172 f
  U141/Y (BUFH_X1M_A9TR40)                                      0.049705  0.094927   0.813099 f
  n166 (net)                                    2     0.002795            0.000000   0.813099 f
  U191/A (BUF_X2M_A9TR40)                                       0.049705  0.000020   0.813119 f
  U191/Y (BUF_X2M_A9TR40)                                       0.094592  0.129158   0.942277 f
  n165 (net)                                   12     0.013342            0.000000   0.942277 f
  U14/B1 (AOI22_X0P5M_A9TR40)                                   0.094592  0.000013   0.942290 f
  U14/Y (AOI22_X0P5M_A9TR40)                                    0.107682  0.102956   1.045247 r
  n9 (net)                                      1     0.001401            0.000000   1.045247 r
  U13/A0N (AO1B2_X0P5M_A9TR40)                                  0.107682  0.000024   1.045271 r
  U13/Y (AO1B2_X0P5M_A9TR40)                                    0.087302  0.094440   1.139711 f
  n64 (net)                                     1     0.001539            0.000000   1.139711 f
  det_medium_therm_q_reg[5]/D (DFFRPQ_X1M_A9TR40)               0.087302  0.000027   1.139737 f
  data arrival time                                                                  1.139737

  clock cal_clk (rise edge)                                               0.000000   0.000000
  clock network delay (ideal)                                             0.000000   0.000000
  clock uncertainty                                                       0.020000   0.020000
  det_medium_therm_q_reg[5]/CK (DFFRPQ_X1M_A9TR40)                        0.000000   0.020000 r
  library hold time                                                       0.027568   0.047568
  data required time                                                                 0.047568
  ----------------------------------------------------------------------------------------------
  data required time                                                                 0.047568
  data arrival time                                                                  -1.139737
  ----------------------------------------------------------------------------------------------
  slack (MET)                                                                        1.092170


  Startpoint: state_q_reg[1]
              (rising edge-triggered flip-flop clocked by cal_clk)
  Endpoint: det_medium_therm_q_reg[4]
            (rising edge-triggered flip-flop clocked by cal_clk)
  Path Group: cal_clk
  Path Type: min

  Des/Clust/Port     Wire Load Model       Library
  ------------------------------------------------
  ftc_detection_margin_manager
                     Small                 sc9mc_logic0040ll_base_rvt_c40_ss_typical_max_0p99v_125c

  Point                                       Fanout       Cap     Trans      Incr       Path
  ----------------------------------------------------------------------------------------------
  clock cal_clk (rise edge)                                               0.000000   0.000000
  clock network delay (ideal)                                             0.000000   0.000000
  state_q_reg[1]/CK (DFFRPQ_X1M_A9TR40)                         0.050000  0.000000   0.000000 r
  state_q_reg[1]/Q (DFFRPQ_X1M_A9TR40) <-                       0.097548  0.309521   0.309521 f
  state_q[1] (net)                              6     0.007141            0.000000   0.309521 f
  U132/A (INV_X0P5B_A9TR40)                                     0.097548  0.000015   0.309536 f
  U132/Y (INV_X0P5B_A9TR40)                                     0.200919  0.148042   0.457578 r
  n35 (net)                                     4     0.005054            0.000000   0.457578 r
  U197/C (NOR3_X1A_A9TR40)                                      0.200919  0.000017   0.457595 r
  U197/Y (NOR3_X1A_A9TR40)                                      0.067267  0.112031   0.569625 f
  det_takeover_ready_o (net)                    2     0.001983            0.000000   0.569625 f
  U198/BN (NOR4BB_X0P7M_A9TR40)                                 0.067267  0.000018   0.569643 f
  U198/Y (NOR4BB_X0P7M_A9TR40)                                  0.072234  0.148502   0.718145 f
  n4 (net)                                      1     0.001588            0.000000   0.718145 f
  U141/A (BUFH_X1M_A9TR40)                                      0.072234  0.000027   0.718172 f
  U141/Y (BUFH_X1M_A9TR40)                                      0.049705  0.094927   0.813099 f
  n166 (net)                                    2     0.002795            0.000000   0.813099 f
  U191/A (BUF_X2M_A9TR40)                                       0.049705  0.000020   0.813119 f
  U191/Y (BUF_X2M_A9TR40)                                       0.094592  0.129158   0.942277 f
  n165 (net)                                   12     0.013342            0.000000   0.942277 f
  U12/B1 (AOI22_X0P5M_A9TR40)                                   0.094592  0.000013   0.942290 f
  U12/Y (AOI22_X0P5M_A9TR40)                                    0.107682  0.102956   1.045247 r
  n8 (net)                                      1     0.001401            0.000000   1.045247 r
  U11/A0N (AO1B2_X0P5M_A9TR40)                                  0.107682  0.000024   1.045271 r
  U11/Y (AO1B2_X0P5M_A9TR40)                                    0.087302  0.094440   1.139711 f
  n63 (net)                                     1     0.001539            0.000000   1.139711 f
  det_medium_therm_q_reg[4]/D (DFFRPQ_X1M_A9TR40)               0.087302  0.000027   1.139737 f
  data arrival time                                                                  1.139737

  clock cal_clk (rise edge)                                               0.000000   0.000000
  clock network delay (ideal)                                             0.000000   0.000000
  clock uncertainty                                                       0.020000   0.020000
  det_medium_therm_q_reg[4]/CK (DFFRPQ_X1M_A9TR40)                        0.000000   0.020000 r
  library hold time                                                       0.027568   0.047568
  data required time                                                                 0.047568
  ----------------------------------------------------------------------------------------------
  data required time                                                                 0.047568
  data arrival time                                                                  -1.139737
  ----------------------------------------------------------------------------------------------
  slack (MET)                                                                        1.092170


  Startpoint: state_q_reg[1]
              (rising edge-triggered flip-flop clocked by cal_clk)
  Endpoint: det_medium_therm_q_reg[3]
            (rising edge-triggered flip-flop clocked by cal_clk)
  Path Group: cal_clk
  Path Type: min

  Des/Clust/Port     Wire Load Model       Library
  ------------------------------------------------
  ftc_detection_margin_manager
                     Small                 sc9mc_logic0040ll_base_rvt_c40_ss_typical_max_0p99v_125c

  Point                                       Fanout       Cap     Trans      Incr       Path
  ----------------------------------------------------------------------------------------------
  clock cal_clk (rise edge)                                               0.000000   0.000000
  clock network delay (ideal)                                             0.000000   0.000000
  state_q_reg[1]/CK (DFFRPQ_X1M_A9TR40)                         0.050000  0.000000   0.000000 r
  state_q_reg[1]/Q (DFFRPQ_X1M_A9TR40) <-                       0.097548  0.309521   0.309521 f
  state_q[1] (net)                              6     0.007141            0.000000   0.309521 f
  U132/A (INV_X0P5B_A9TR40)                                     0.097548  0.000015   0.309536 f
  U132/Y (INV_X0P5B_A9TR40)                                     0.200919  0.148042   0.457578 r
  n35 (net)                                     4     0.005054            0.000000   0.457578 r
  U197/C (NOR3_X1A_A9TR40)                                      0.200919  0.000017   0.457595 r
  U197/Y (NOR3_X1A_A9TR40)                                      0.067267  0.112031   0.569625 f
  det_takeover_ready_o (net)                    2     0.001983            0.000000   0.569625 f
  U198/BN (NOR4BB_X0P7M_A9TR40)                                 0.067267  0.000018   0.569643 f
  U198/Y (NOR4BB_X0P7M_A9TR40)                                  0.072234  0.148502   0.718145 f
  n4 (net)                                      1     0.001588            0.000000   0.718145 f
  U141/A (BUFH_X1M_A9TR40)                                      0.072234  0.000027   0.718172 f
  U141/Y (BUFH_X1M_A9TR40)                                      0.049705  0.094927   0.813099 f
  n166 (net)                                    2     0.002795            0.000000   0.813099 f
  U191/A (BUF_X2M_A9TR40)                                       0.049705  0.000020   0.813119 f
  U191/Y (BUF_X2M_A9TR40)                                       0.094592  0.129158   0.942277 f
  n165 (net)                                   12     0.013342            0.000000   0.942277 f
  U10/B1 (AOI22_X0P5M_A9TR40)                                   0.094592  0.000013   0.942290 f
  U10/Y (AOI22_X0P5M_A9TR40)                                    0.107682  0.102956   1.045247 r
  n7 (net)                                      1     0.001401            0.000000   1.045247 r
  U9/A0N (AO1B2_X0P5M_A9TR40)                                   0.107682  0.000024   1.045271 r
  U9/Y (AO1B2_X0P5M_A9TR40)                                     0.087302  0.094440   1.139711 f
  n62 (net)                                     1     0.001539            0.000000   1.139711 f
  det_medium_therm_q_reg[3]/D (DFFRPQ_X1M_A9TR40)               0.087302  0.000027   1.139737 f
  data arrival time                                                                  1.139737

  clock cal_clk (rise edge)                                               0.000000   0.000000
  clock network delay (ideal)                                             0.000000   0.000000
  clock uncertainty                                                       0.020000   0.020000
  det_medium_therm_q_reg[3]/CK (DFFRPQ_X1M_A9TR40)                        0.000000   0.020000 r
  library hold time                                                       0.027568   0.047568
  data required time                                                                 0.047568
  ----------------------------------------------------------------------------------------------
  data required time                                                                 0.047568
  data arrival time                                                                  -1.139737
  ----------------------------------------------------------------------------------------------
  slack (MET)                                                                        1.092170


  Startpoint: state_q_reg[1]
              (rising edge-triggered flip-flop clocked by cal_clk)
  Endpoint: det_medium_therm_q_reg[2]
            (rising edge-triggered flip-flop clocked by cal_clk)
  Path Group: cal_clk
  Path Type: min

  Des/Clust/Port     Wire Load Model       Library
  ------------------------------------------------
  ftc_detection_margin_manager
                     Small                 sc9mc_logic0040ll_base_rvt_c40_ss_typical_max_0p99v_125c

  Point                                       Fanout       Cap     Trans      Incr       Path
  ----------------------------------------------------------------------------------------------
  clock cal_clk (rise edge)                                               0.000000   0.000000
  clock network delay (ideal)                                             0.000000   0.000000
  state_q_reg[1]/CK (DFFRPQ_X1M_A9TR40)                         0.050000  0.000000   0.000000 r
  state_q_reg[1]/Q (DFFRPQ_X1M_A9TR40) <-                       0.097548  0.309521   0.309521 f
  state_q[1] (net)                              6     0.007141            0.000000   0.309521 f
  U132/A (INV_X0P5B_A9TR40)                                     0.097548  0.000015   0.309536 f
  U132/Y (INV_X0P5B_A9TR40)                                     0.200919  0.148042   0.457578 r
  n35 (net)                                     4     0.005054            0.000000   0.457578 r
  U197/C (NOR3_X1A_A9TR40)                                      0.200919  0.000017   0.457595 r
  U197/Y (NOR3_X1A_A9TR40)                                      0.067267  0.112031   0.569625 f
  det_takeover_ready_o (net)                    2     0.001983            0.000000   0.569625 f
  U198/BN (NOR4BB_X0P7M_A9TR40)                                 0.067267  0.000018   0.569643 f
  U198/Y (NOR4BB_X0P7M_A9TR40)                                  0.072234  0.148502   0.718145 f
  n4 (net)                                      1     0.001588            0.000000   0.718145 f
  U141/A (BUFH_X1M_A9TR40)                                      0.072234  0.000027   0.718172 f
  U141/Y (BUFH_X1M_A9TR40)                                      0.049705  0.094927   0.813099 f
  n166 (net)                                    2     0.002795            0.000000   0.813099 f
  U191/A (BUF_X2M_A9TR40)                                       0.049705  0.000020   0.813119 f
  U191/Y (BUF_X2M_A9TR40)                                       0.094592  0.129158   0.942277 f
  n165 (net)                                   12     0.013342            0.000000   0.942277 f
  U8/B1 (AOI22_X0P5M_A9TR40)                                    0.094592  0.000013   0.942290 f
  U8/Y (AOI22_X0P5M_A9TR40)                                     0.107682  0.102956   1.045247 r
  n6 (net)                                      1     0.001401            0.000000   1.045247 r
  U7/A0N (AO1B2_X0P5M_A9TR40)                                   0.107682  0.000024   1.045271 r
  U7/Y (AO1B2_X0P5M_A9TR40)                                     0.087302  0.094440   1.139711 f
  n61 (net)                                     1     0.001539            0.000000   1.139711 f
  det_medium_therm_q_reg[2]/D (DFFRPQ_X1M_A9TR40)               0.087302  0.000027   1.139737 f
  data arrival time                                                                  1.139737

  clock cal_clk (rise edge)                                               0.000000   0.000000
  clock network delay (ideal)                                             0.000000   0.000000
  clock uncertainty                                                       0.020000   0.020000
  det_medium_therm_q_reg[2]/CK (DFFRPQ_X1M_A9TR40)                        0.000000   0.020000 r
  library hold time                                                       0.027568   0.047568
  data required time                                                                 0.047568
  ----------------------------------------------------------------------------------------------
  data required time                                                                 0.047568
  data arrival time                                                                  -1.139737
  ----------------------------------------------------------------------------------------------
  slack (MET)                                                                        1.092170


1
