 
****************************************
Report : timing
        -path full
        -delay min
        -input_pins
        -nets
        -max_paths 80
        -transition_time
        -capacitance
Design : ftc_detection_margin_manager
Version: W-2024.09
Date   : Sun Aug 23 13:28:06 2026
****************************************

Operating Conditions: ss_typical_max_0p99v_125c   Library: sc9mc_logic0040ll_base_rvt_c40_ss_typical_max_0p99v_125c
Wire Load Model Mode: top

  Startpoint: margin_select_valid_i
              (input port clocked by cal_clk)
  Endpoint: margin_cfg_valid_q_reg
            (rising edge-triggered flip-flop clocked by cal_clk)
  Path Group: cal_clk
  Path Type: min

  Des/Clust/Port     Wire Load Model       Library
  ------------------------------------------------
  ftc_detection_margin_manager
                     Small                 sc9mc_logic0040ll_base_rvt_c40_ss_typical_max_0p99v_125c

  Point                                       Fanout       Cap     Trans      Incr       Path
  ----------------------------------------------------------------------------------------------
  clock cal_clk (rise edge)                                               0.000000   0.000000
  clock network delay (ideal)                                             0.000000   0.000000
  input external delay                                                    0.000000   0.000000 r
  margin_select_valid_i (in)                                    0.000000  0.000000   0.000000 r
  margin_select_valid_i (net)                   6     0.007186            0.000000   0.000000 r
  U148/A1 (OAI31_X1M_A9TR40)                                    0.000000  0.000015   0.000015 r
  U148/Y (OAI31_X1M_A9TR40)                                     0.074204  0.074366   0.074382 f
  n111 (net)                                    1     0.001461            0.000000   0.074382 f
  margin_cfg_valid_q_reg/D (DFFRPQ_X0P5M_A9TR40)                0.074204  0.000025   0.074407 f
  data arrival time                                                                  0.074407

  clock cal_clk (rise edge)                                               0.000000   0.000000
  clock network delay (ideal)                                             0.000000   0.000000
  clock uncertainty                                                       0.020000   0.020000
  margin_cfg_valid_q_reg/CK (DFFRPQ_X0P5M_A9TR40)                         0.000000   0.020000 r
  library hold time                                                       0.016564   0.036564
  data required time                                                                 0.036564
  ----------------------------------------------------------------------------------------------
  data required time                                                                 0.036564
  data arrival time                                                                  -0.074407
  ----------------------------------------------------------------------------------------------
  slack (MET)                                                                        0.037843


  Startpoint: margin_sel_i[0]
              (input port clocked by cal_clk)
  Endpoint: margin_level_q_reg[0]
            (rising edge-triggered flip-flop clocked by cal_clk)
  Path Group: cal_clk
  Path Type: min

  Des/Clust/Port     Wire Load Model       Library
  ------------------------------------------------
  ftc_detection_margin_manager
                     Small                 sc9mc_logic0040ll_base_rvt_c40_ss_typical_max_0p99v_125c

  Point                                       Fanout       Cap     Trans      Incr       Path
  ----------------------------------------------------------------------------------------------
  clock cal_clk (rise edge)                                               0.000000   0.000000
  clock network delay (ideal)                                             0.000000   0.000000
  input external delay                                                    0.000000   0.000000 f
  margin_sel_i[0] (in)                                          0.000000  0.000000   0.000000 f
  margin_sel_i[0] (net)                         7     0.008719            0.000000   0.000000 f
  U136/A0 (AO22_X0P7M_A9TR40)                                   0.000000  0.000015   0.000015 f
  U136/Y (AO22_X0P7M_A9TR40)                                    0.046056  0.101148   0.101163 f
  n114 (net)                                    1     0.001539            0.000000   0.101163 f
  margin_level_q_reg[0]/D (DFFRPQ_X1M_A9TR40)                   0.046056  0.000027   0.101190 f
  data arrival time                                                                  0.101190

  clock cal_clk (rise edge)                                               0.000000   0.000000
  clock network delay (ideal)                                             0.000000   0.000000
  clock uncertainty                                                       0.020000   0.020000
  margin_level_q_reg[0]/CK (DFFRPQ_X1M_A9TR40)                            0.000000   0.020000 r
  library hold time                                                       0.037559   0.057559
  data required time                                                                 0.057559
  ----------------------------------------------------------------------------------------------
  data required time                                                                 0.057559
  data arrival time                                                                  -0.101190
  ----------------------------------------------------------------------------------------------
  slack (MET)                                                                        0.043631


  Startpoint: margin_sel_i[1]
              (input port clocked by cal_clk)
  Endpoint: margin_level_q_reg[1]
            (rising edge-triggered flip-flop clocked by cal_clk)
  Path Group: cal_clk
  Path Type: min

  Des/Clust/Port     Wire Load Model       Library
  ------------------------------------------------
  ftc_detection_margin_manager
                     Small                 sc9mc_logic0040ll_base_rvt_c40_ss_typical_max_0p99v_125c

  Point                                       Fanout       Cap     Trans      Incr       Path
  ----------------------------------------------------------------------------------------------
  clock cal_clk (rise edge)                                               0.000000   0.000000
  clock network delay (ideal)                                             0.000000   0.000000
  input external delay                                                    0.000000   0.000000 f
  margin_sel_i[1] (in)                                          0.000000  0.000000   0.000000 f
  margin_sel_i[1] (net)                         5     0.007288            0.000000   0.000000 f
  U93/A0 (AO22_X0P5M_A9TR40)                                    0.000000  0.000015   0.000015 f
  U93/Y (AO22_X0P5M_A9TR40)                                     0.057691  0.114798   0.114814 f
  n115 (net)                                    1     0.001539            0.000000   0.114814 f
  margin_level_q_reg[1]/D (DFFRPQ_X1M_A9TR40)                   0.057691  0.000027   0.114840 f
  data arrival time                                                                  0.114840

  clock cal_clk (rise edge)                                               0.000000   0.000000
  clock network delay (ideal)                                             0.000000   0.000000
  clock uncertainty                                                       0.020000   0.020000
  margin_level_q_reg[1]/CK (DFFRPQ_X1M_A9TR40)                            0.000000   0.020000 r
  library hold time                                                       0.034740   0.054740
  data required time                                                                 0.054740
  ----------------------------------------------------------------------------------------------
  data required time                                                                 0.054740
  data arrival time                                                                  -0.114840
  ----------------------------------------------------------------------------------------------
  slack (MET)                                                                        0.060100


  Startpoint: cal_fine_therm_snapshot_i[9]
              (input port clocked by cal_clk)
  Endpoint: det_fine_therm_q_reg[9]
            (rising edge-triggered flip-flop clocked by cal_clk)
  Path Group: cal_clk
  Path Type: min

  Des/Clust/Port     Wire Load Model       Library
  ------------------------------------------------
  ftc_detection_margin_manager
                     Small                 sc9mc_logic0040ll_base_rvt_c40_ss_typical_max_0p99v_125c

  Point                                       Fanout       Cap     Trans      Incr       Path
  ----------------------------------------------------------------------------------------------
  clock cal_clk (rise edge)                                               0.000000   0.000000
  clock network delay (ideal)                                             0.000000   0.000000
  input external delay                                                    0.000000   0.000000 f
  cal_fine_therm_snapshot_i[9] (in)                             0.000000  0.000000   0.000000 f
  cal_fine_therm_snapshot_i[9] (net)            1     0.001389            0.000000   0.000000 f
  U63/A0 (AOI22_X0P5M_A9TR40)                                   0.000000  0.000024   0.000024 f
  U63/Y (AOI22_X0P5M_A9TR40)                                    0.107472  0.085214   0.085238 r
  n31 (net)                                     1     0.001401            0.000000   0.085238 r
  U62/A0N (AO1B2_X0P5M_A9TR40)                                  0.107472  0.000024   0.085262 r
  U62/Y (AO1B2_X0P5M_A9TR40)                                    0.087856  0.094714   0.179976 f
  n93 (net)                                     1     0.001556            0.000000   0.179976 f
  det_fine_therm_q_reg[9]/D (DFFSQ_X1M_A9TR40)                  0.087856  0.000027   0.180003 f
  data arrival time                                                                  0.180003

  clock cal_clk (rise edge)                                               0.000000   0.000000
  clock network delay (ideal)                                             0.000000   0.000000
  clock uncertainty                                                       0.020000   0.020000
  det_fine_therm_q_reg[9]/CK (DFFSQ_X1M_A9TR40)                           0.000000   0.020000 r
  library hold time                                                       0.040590   0.060590
  data required time                                                                 0.060590
  ----------------------------------------------------------------------------------------------
  data required time                                                                 0.060590
  data arrival time                                                                  -0.180003
  ----------------------------------------------------------------------------------------------
  slack (MET)                                                                        0.119412


  Startpoint: cal_fine_therm_snapshot_i[8]
              (input port clocked by cal_clk)
  Endpoint: det_fine_therm_q_reg[8]
            (rising edge-triggered flip-flop clocked by cal_clk)
  Path Group: cal_clk
  Path Type: min

  Des/Clust/Port     Wire Load Model       Library
  ------------------------------------------------
  ftc_detection_margin_manager
                     Small                 sc9mc_logic0040ll_base_rvt_c40_ss_typical_max_0p99v_125c

  Point                                       Fanout       Cap     Trans      Incr       Path
  ----------------------------------------------------------------------------------------------
  clock cal_clk (rise edge)                                               0.000000   0.000000
  clock network delay (ideal)                                             0.000000   0.000000
  input external delay                                                    0.000000   0.000000 f
  cal_fine_therm_snapshot_i[8] (in)                             0.000000  0.000000   0.000000 f
  cal_fine_therm_snapshot_i[8] (net)            1     0.001389            0.000000   0.000000 f
  U60/A0 (AOI22_X0P5M_A9TR40)                                   0.000000  0.000024   0.000024 f
  U60/Y (AOI22_X0P5M_A9TR40)                                    0.107472  0.085214   0.085238 r
  n30 (net)                                     1     0.001401            0.000000   0.085238 r
  U59/A0N (AO1B2_X0P5M_A9TR40)                                  0.107472  0.000024   0.085262 r
  U59/Y (AO1B2_X0P5M_A9TR40)                                    0.087856  0.094714   0.179976 f
  n91 (net)                                     1     0.001556            0.000000   0.179976 f
  det_fine_therm_q_reg[8]/D (DFFSQ_X1M_A9TR40)                  0.087856  0.000027   0.180003 f
  data arrival time                                                                  0.180003

  clock cal_clk (rise edge)                                               0.000000   0.000000
  clock network delay (ideal)                                             0.000000   0.000000
  clock uncertainty                                                       0.020000   0.020000
  det_fine_therm_q_reg[8]/CK (DFFSQ_X1M_A9TR40)                           0.000000   0.020000 r
  library hold time                                                       0.040590   0.060590
  data required time                                                                 0.060590
  ----------------------------------------------------------------------------------------------
  data required time                                                                 0.060590
  data arrival time                                                                  -0.180003
  ----------------------------------------------------------------------------------------------
  slack (MET)                                                                        0.119412


  Startpoint: cal_fine_therm_snapshot_i[7]
              (input port clocked by cal_clk)
  Endpoint: det_fine_therm_q_reg[7]
            (rising edge-triggered flip-flop clocked by cal_clk)
  Path Group: cal_clk
  Path Type: min

  Des/Clust/Port     Wire Load Model       Library
  ------------------------------------------------
  ftc_detection_margin_manager
                     Small                 sc9mc_logic0040ll_base_rvt_c40_ss_typical_max_0p99v_125c

  Point                                       Fanout       Cap     Trans      Incr       Path
  ----------------------------------------------------------------------------------------------
  clock cal_clk (rise edge)                                               0.000000   0.000000
  clock network delay (ideal)                                             0.000000   0.000000
  input external delay                                                    0.000000   0.000000 f
  cal_fine_therm_snapshot_i[7] (in)                             0.000000  0.000000   0.000000 f
  cal_fine_therm_snapshot_i[7] (net)            1     0.001389            0.000000   0.000000 f
  U57/A0 (AOI22_X0P5M_A9TR40)                                   0.000000  0.000024   0.000024 f
  U57/Y (AOI22_X0P5M_A9TR40)                                    0.107472  0.085214   0.085238 r
  n29 (net)                                     1     0.001401            0.000000   0.085238 r
  U56/A0N (AO1B2_X0P5M_A9TR40)                                  0.107472  0.000024   0.085262 r
  U56/Y (AO1B2_X0P5M_A9TR40)                                    0.087856  0.094714   0.179976 f
  n89 (net)                                     1     0.001556            0.000000   0.179976 f
  det_fine_therm_q_reg[7]/D (DFFSQ_X1M_A9TR40)                  0.087856  0.000027   0.180003 f
  data arrival time                                                                  0.180003

  clock cal_clk (rise edge)                                               0.000000   0.000000
  clock network delay (ideal)                                             0.000000   0.000000
  clock uncertainty                                                       0.020000   0.020000
  det_fine_therm_q_reg[7]/CK (DFFSQ_X1M_A9TR40)                           0.000000   0.020000 r
  library hold time                                                       0.040590   0.060590
  data required time                                                                 0.060590
  ----------------------------------------------------------------------------------------------
  data required time                                                                 0.060590
  data arrival time                                                                  -0.180003
  ----------------------------------------------------------------------------------------------
  slack (MET)                                                                        0.119412


  Startpoint: cal_fine_therm_snapshot_i[6]
              (input port clocked by cal_clk)
  Endpoint: det_fine_therm_q_reg[6]
            (rising edge-triggered flip-flop clocked by cal_clk)
  Path Group: cal_clk
  Path Type: min

  Des/Clust/Port     Wire Load Model       Library
  ------------------------------------------------
  ftc_detection_margin_manager
                     Small                 sc9mc_logic0040ll_base_rvt_c40_ss_typical_max_0p99v_125c

  Point                                       Fanout       Cap     Trans      Incr       Path
  ----------------------------------------------------------------------------------------------
  clock cal_clk (rise edge)                                               0.000000   0.000000
  clock network delay (ideal)                                             0.000000   0.000000
  input external delay                                                    0.000000   0.000000 f
  cal_fine_therm_snapshot_i[6] (in)                             0.000000  0.000000   0.000000 f
  cal_fine_therm_snapshot_i[6] (net)            1     0.001389            0.000000   0.000000 f
  U54/A0 (AOI22_X0P5M_A9TR40)                                   0.000000  0.000024   0.000024 f
  U54/Y (AOI22_X0P5M_A9TR40)                                    0.107472  0.085214   0.085238 r
  n28 (net)                                     1     0.001401            0.000000   0.085238 r
  U53/A0N (AO1B2_X0P5M_A9TR40)                                  0.107472  0.000024   0.085262 r
  U53/Y (AO1B2_X0P5M_A9TR40)                                    0.087856  0.094714   0.179976 f
  n87 (net)                                     1     0.001556            0.000000   0.179976 f
  det_fine_therm_q_reg[6]/D (DFFSQ_X1M_A9TR40)                  0.087856  0.000027   0.180003 f
  data arrival time                                                                  0.180003

  clock cal_clk (rise edge)                                               0.000000   0.000000
  clock network delay (ideal)                                             0.000000   0.000000
  clock uncertainty                                                       0.020000   0.020000
  det_fine_therm_q_reg[6]/CK (DFFSQ_X1M_A9TR40)                           0.000000   0.020000 r
  library hold time                                                       0.040590   0.060590
  data required time                                                                 0.060590
  ----------------------------------------------------------------------------------------------
  data required time                                                                 0.060590
  data arrival time                                                                  -0.180003
  ----------------------------------------------------------------------------------------------
  slack (MET)                                                                        0.119412


  Startpoint: cal_fine_therm_snapshot_i[5]
              (input port clocked by cal_clk)
  Endpoint: det_fine_therm_q_reg[5]
            (rising edge-triggered flip-flop clocked by cal_clk)
  Path Group: cal_clk
  Path Type: min

  Des/Clust/Port     Wire Load Model       Library
  ------------------------------------------------
  ftc_detection_margin_manager
                     Small                 sc9mc_logic0040ll_base_rvt_c40_ss_typical_max_0p99v_125c

  Point                                       Fanout       Cap     Trans      Incr       Path
  ----------------------------------------------------------------------------------------------
  clock cal_clk (rise edge)                                               0.000000   0.000000
  clock network delay (ideal)                                             0.000000   0.000000
  input external delay                                                    0.000000   0.000000 f
  cal_fine_therm_snapshot_i[5] (in)                             0.000000  0.000000   0.000000 f
  cal_fine_therm_snapshot_i[5] (net)            1     0.001389            0.000000   0.000000 f
  U51/A0 (AOI22_X0P5M_A9TR40)                                   0.000000  0.000024   0.000024 f
  U51/Y (AOI22_X0P5M_A9TR40)                                    0.107472  0.085214   0.085238 r
  n27 (net)                                     1     0.001401            0.000000   0.085238 r
  U50/A0N (AO1B2_X0P5M_A9TR40)                                  0.107472  0.000024   0.085262 r
  U50/Y (AO1B2_X0P5M_A9TR40)                                    0.087856  0.094714   0.179976 f
  n85 (net)                                     1     0.001556            0.000000   0.179976 f
  det_fine_therm_q_reg[5]/D (DFFSQ_X1M_A9TR40)                  0.087856  0.000027   0.180003 f
  data arrival time                                                                  0.180003

  clock cal_clk (rise edge)                                               0.000000   0.000000
  clock network delay (ideal)                                             0.000000   0.000000
  clock uncertainty                                                       0.020000   0.020000
  det_fine_therm_q_reg[5]/CK (DFFSQ_X1M_A9TR40)                           0.000000   0.020000 r
  library hold time                                                       0.040590   0.060590
  data required time                                                                 0.060590
  ----------------------------------------------------------------------------------------------
  data required time                                                                 0.060590
  data arrival time                                                                  -0.180003
  ----------------------------------------------------------------------------------------------
  slack (MET)                                                                        0.119412


  Startpoint: cal_fine_therm_snapshot_i[4]
              (input port clocked by cal_clk)
  Endpoint: det_fine_therm_q_reg[4]
            (rising edge-triggered flip-flop clocked by cal_clk)
  Path Group: cal_clk
  Path Type: min

  Des/Clust/Port     Wire Load Model       Library
  ------------------------------------------------
  ftc_detection_margin_manager
                     Small                 sc9mc_logic0040ll_base_rvt_c40_ss_typical_max_0p99v_125c

  Point                                       Fanout       Cap     Trans      Incr       Path
  ----------------------------------------------------------------------------------------------
  clock cal_clk (rise edge)                                               0.000000   0.000000
  clock network delay (ideal)                                             0.000000   0.000000
  input external delay                                                    0.000000   0.000000 f
  cal_fine_therm_snapshot_i[4] (in)                             0.000000  0.000000   0.000000 f
  cal_fine_therm_snapshot_i[4] (net)            1     0.001389            0.000000   0.000000 f
  U48/A0 (AOI22_X0P5M_A9TR40)                                   0.000000  0.000024   0.000024 f
  U48/Y (AOI22_X0P5M_A9TR40)                                    0.107472  0.085214   0.085238 r
  n26 (net)                                     1     0.001401            0.000000   0.085238 r
  U47/A0N (AO1B2_X0P5M_A9TR40)                                  0.107472  0.000024   0.085262 r
  U47/Y (AO1B2_X0P5M_A9TR40)                                    0.087856  0.094714   0.179976 f
  n83 (net)                                     1     0.001556            0.000000   0.179976 f
  det_fine_therm_q_reg[4]/D (DFFSQ_X1M_A9TR40)                  0.087856  0.000027   0.180003 f
  data arrival time                                                                  0.180003

  clock cal_clk (rise edge)                                               0.000000   0.000000
  clock network delay (ideal)                                             0.000000   0.000000
  clock uncertainty                                                       0.020000   0.020000
  det_fine_therm_q_reg[4]/CK (DFFSQ_X1M_A9TR40)                           0.000000   0.020000 r
  library hold time                                                       0.040590   0.060590
  data required time                                                                 0.060590
  ----------------------------------------------------------------------------------------------
  data required time                                                                 0.060590
  data arrival time                                                                  -0.180003
  ----------------------------------------------------------------------------------------------
  slack (MET)                                                                        0.119412


  Startpoint: cal_fine_therm_snapshot_i[3]
              (input port clocked by cal_clk)
  Endpoint: det_fine_therm_q_reg[3]
            (rising edge-triggered flip-flop clocked by cal_clk)
  Path Group: cal_clk
  Path Type: min

  Des/Clust/Port     Wire Load Model       Library
  ------------------------------------------------
  ftc_detection_margin_manager
                     Small                 sc9mc_logic0040ll_base_rvt_c40_ss_typical_max_0p99v_125c

  Point                                       Fanout       Cap     Trans      Incr       Path
  ----------------------------------------------------------------------------------------------
  clock cal_clk (rise edge)                                               0.000000   0.000000
  clock network delay (ideal)                                             0.000000   0.000000
  input external delay                                                    0.000000   0.000000 f
  cal_fine_therm_snapshot_i[3] (in)                             0.000000  0.000000   0.000000 f
  cal_fine_therm_snapshot_i[3] (net)            1     0.001389            0.000000   0.000000 f
  U45/A0 (AOI22_X0P5M_A9TR40)                                   0.000000  0.000024   0.000024 f
  U45/Y (AOI22_X0P5M_A9TR40)                                    0.107472  0.085214   0.085238 r
  n25 (net)                                     1     0.001401            0.000000   0.085238 r
  U44/A0N (AO1B2_X0P5M_A9TR40)                                  0.107472  0.000024   0.085262 r
  U44/Y (AO1B2_X0P5M_A9TR40)                                    0.087856  0.094714   0.179976 f
  n81 (net)                                     1     0.001556            0.000000   0.179976 f
  det_fine_therm_q_reg[3]/D (DFFSQ_X1M_A9TR40)                  0.087856  0.000027   0.180003 f
  data arrival time                                                                  0.180003

  clock cal_clk (rise edge)                                               0.000000   0.000000
  clock network delay (ideal)                                             0.000000   0.000000
  clock uncertainty                                                       0.020000   0.020000
  det_fine_therm_q_reg[3]/CK (DFFSQ_X1M_A9TR40)                           0.000000   0.020000 r
  library hold time                                                       0.040590   0.060590
  data required time                                                                 0.060590
  ----------------------------------------------------------------------------------------------
  data required time                                                                 0.060590
  data arrival time                                                                  -0.180003
  ----------------------------------------------------------------------------------------------
  slack (MET)                                                                        0.119412


  Startpoint: cal_fine_therm_snapshot_i[2]
              (input port clocked by cal_clk)
  Endpoint: det_fine_therm_q_reg[2]
            (rising edge-triggered flip-flop clocked by cal_clk)
  Path Group: cal_clk
  Path Type: min

  Des/Clust/Port     Wire Load Model       Library
  ------------------------------------------------
  ftc_detection_margin_manager
                     Small                 sc9mc_logic0040ll_base_rvt_c40_ss_typical_max_0p99v_125c

  Point                                       Fanout       Cap     Trans      Incr       Path
  ----------------------------------------------------------------------------------------------
  clock cal_clk (rise edge)                                               0.000000   0.000000
  clock network delay (ideal)                                             0.000000   0.000000
  input external delay                                                    0.000000   0.000000 f
  cal_fine_therm_snapshot_i[2] (in)                             0.000000  0.000000   0.000000 f
  cal_fine_therm_snapshot_i[2] (net)            1     0.001389            0.000000   0.000000 f
  U42/A0 (AOI22_X0P5M_A9TR40)                                   0.000000  0.000024   0.000024 f
  U42/Y (AOI22_X0P5M_A9TR40)                                    0.107472  0.085214   0.085238 r
  n24 (net)                                     1     0.001401            0.000000   0.085238 r
  U41/A0N (AO1B2_X0P5M_A9TR40)                                  0.107472  0.000024   0.085262 r
  U41/Y (AO1B2_X0P5M_A9TR40)                                    0.087856  0.094714   0.179976 f
  n79 (net)                                     1     0.001556            0.000000   0.179976 f
  det_fine_therm_q_reg[2]/D (DFFSQ_X1M_A9TR40)                  0.087856  0.000027   0.180003 f
  data arrival time                                                                  0.180003

  clock cal_clk (rise edge)                                               0.000000   0.000000
  clock network delay (ideal)                                             0.000000   0.000000
  clock uncertainty                                                       0.020000   0.020000
  det_fine_therm_q_reg[2]/CK (DFFSQ_X1M_A9TR40)                           0.000000   0.020000 r
  library hold time                                                       0.040590   0.060590
  data required time                                                                 0.060590
  ----------------------------------------------------------------------------------------------
  data required time                                                                 0.060590
  data arrival time                                                                  -0.180003
  ----------------------------------------------------------------------------------------------
  slack (MET)                                                                        0.119412


  Startpoint: cal_fine_therm_snapshot_i[1]
              (input port clocked by cal_clk)
  Endpoint: det_fine_therm_q_reg[1]
            (rising edge-triggered flip-flop clocked by cal_clk)
  Path Group: cal_clk
  Path Type: min

  Des/Clust/Port     Wire Load Model       Library
  ------------------------------------------------
  ftc_detection_margin_manager
                     Small                 sc9mc_logic0040ll_base_rvt_c40_ss_typical_max_0p99v_125c

  Point                                       Fanout       Cap     Trans      Incr       Path
  ----------------------------------------------------------------------------------------------
  clock cal_clk (rise edge)                                               0.000000   0.000000
  clock network delay (ideal)                                             0.000000   0.000000
  input external delay                                                    0.000000   0.000000 f
  cal_fine_therm_snapshot_i[1] (in)                             0.000000  0.000000   0.000000 f
  cal_fine_therm_snapshot_i[1] (net)            1     0.001389            0.000000   0.000000 f
  U39/A0 (AOI22_X0P5M_A9TR40)                                   0.000000  0.000024   0.000024 f
  U39/Y (AOI22_X0P5M_A9TR40)                                    0.107472  0.085214   0.085238 r
  n23 (net)                                     1     0.001401            0.000000   0.085238 r
  U38/A0N (AO1B2_X0P5M_A9TR40)                                  0.107472  0.000024   0.085262 r
  U38/Y (AO1B2_X0P5M_A9TR40)                                    0.087856  0.094714   0.179976 f
  n77 (net)                                     1     0.001556            0.000000   0.179976 f
  det_fine_therm_q_reg[1]/D (DFFSQ_X1M_A9TR40)                  0.087856  0.000027   0.180003 f
  data arrival time                                                                  0.180003

  clock cal_clk (rise edge)                                               0.000000   0.000000
  clock network delay (ideal)                                             0.000000   0.000000
  clock uncertainty                                                       0.020000   0.020000
  det_fine_therm_q_reg[1]/CK (DFFSQ_X1M_A9TR40)                           0.000000   0.020000 r
  library hold time                                                       0.040590   0.060590
  data required time                                                                 0.060590
  ----------------------------------------------------------------------------------------------
  data required time                                                                 0.060590
  data arrival time                                                                  -0.180003
  ----------------------------------------------------------------------------------------------
  slack (MET)                                                                        0.119412


  Startpoint: cal_fine_therm_snapshot_i[0]
              (input port clocked by cal_clk)
  Endpoint: det_fine_therm_q_reg[0]
            (rising edge-triggered flip-flop clocked by cal_clk)
  Path Group: cal_clk
  Path Type: min

  Des/Clust/Port     Wire Load Model       Library
  ------------------------------------------------
  ftc_detection_margin_manager
                     Small                 sc9mc_logic0040ll_base_rvt_c40_ss_typical_max_0p99v_125c

  Point                                       Fanout       Cap     Trans      Incr       Path
  ----------------------------------------------------------------------------------------------
  clock cal_clk (rise edge)                                               0.000000   0.000000
  clock network delay (ideal)                                             0.000000   0.000000
  input external delay                                                    0.000000   0.000000 f
  cal_fine_therm_snapshot_i[0] (in)                             0.000000  0.000000   0.000000 f
  cal_fine_therm_snapshot_i[0] (net)            1     0.001389            0.000000   0.000000 f
  U36/A0 (AOI22_X0P5M_A9TR40)                                   0.000000  0.000024   0.000024 f
  U36/Y (AOI22_X0P5M_A9TR40)                                    0.107472  0.085214   0.085238 r
  n20 (net)                                     1     0.001401            0.000000   0.085238 r
  U35/A0N (AO1B2_X0P5M_A9TR40)                                  0.107472  0.000024   0.085262 r
  U35/Y (AO1B2_X0P5M_A9TR40)                                    0.087856  0.094714   0.179976 f
  n75 (net)                                     1     0.001556            0.000000   0.179976 f
  det_fine_therm_q_reg[0]/D (DFFSQ_X1M_A9TR40)                  0.087856  0.000027   0.180003 f
  data arrival time                                                                  0.180003

  clock cal_clk (rise edge)                                               0.000000   0.000000
  clock network delay (ideal)                                             0.000000   0.000000
  clock uncertainty                                                       0.020000   0.020000
  det_fine_therm_q_reg[0]/CK (DFFSQ_X1M_A9TR40)                           0.000000   0.020000 r
  library hold time                                                       0.040590   0.060590
  data required time                                                                 0.060590
  ----------------------------------------------------------------------------------------------
  data required time                                                                 0.060590
  data arrival time                                                                  -0.180003
  ----------------------------------------------------------------------------------------------
  slack (MET)                                                                        0.119412


  Startpoint: cal_medium_therm_snapshot_i[7]
              (input port clocked by cal_clk)
  Endpoint: det_medium_therm_q_reg[7]
            (rising edge-triggered flip-flop clocked by cal_clk)
  Path Group: cal_clk
  Path Type: min

  Des/Clust/Port     Wire Load Model       Library
  ------------------------------------------------
  ftc_detection_margin_manager
                     Small                 sc9mc_logic0040ll_base_rvt_c40_ss_typical_max_0p99v_125c

  Point                                       Fanout       Cap     Trans      Incr       Path
  ----------------------------------------------------------------------------------------------
  clock cal_clk (rise edge)                                               0.000000   0.000000
  clock network delay (ideal)                                             0.000000   0.000000
  input external delay                                                    0.000000   0.000000 f
  cal_medium_therm_snapshot_i[7] (in)                           0.000000  0.000000   0.000000 f
  cal_medium_therm_snapshot_i[7] (net)          1     0.001389            0.000000   0.000000 f
  U18/A0 (AOI22_X0P5M_A9TR40)                                   0.000000  0.000024   0.000024 f
  U18/Y (AOI22_X0P5M_A9TR40)                                    0.107682  0.085214   0.085238 r
  n11 (net)                                     1     0.001401            0.000000   0.085238 r
  U17/A0N (AO1B2_X0P5M_A9TR40)                                  0.107682  0.000024   0.085262 r
  U17/Y (AO1B2_X0P5M_A9TR40)                                    0.087302  0.094440   0.179701 f
  n66 (net)                                     1     0.001539            0.000000   0.179701 f
  det_medium_therm_q_reg[7]/D (DFFRPQ_X1M_A9TR40)               0.087302  0.000027   0.179728 f
  data arrival time                                                                  0.179728

  clock cal_clk (rise edge)                                               0.000000   0.000000
  clock network delay (ideal)                                             0.000000   0.000000
  clock uncertainty                                                       0.020000   0.020000
  det_medium_therm_q_reg[7]/CK (DFFRPQ_X1M_A9TR40)                        0.000000   0.020000 r
  library hold time                                                       0.027568   0.047568
  data required time                                                                 0.047568
  ----------------------------------------------------------------------------------------------
  data required time                                                                 0.047568
  data arrival time                                                                  -0.179728
  ----------------------------------------------------------------------------------------------
  slack (MET)                                                                        0.132160


  Startpoint: cal_medium_therm_snapshot_i[6]
              (input port clocked by cal_clk)
  Endpoint: det_medium_therm_q_reg[6]
            (rising edge-triggered flip-flop clocked by cal_clk)
  Path Group: cal_clk
  Path Type: min

  Des/Clust/Port     Wire Load Model       Library
  ------------------------------------------------
  ftc_detection_margin_manager
                     Small                 sc9mc_logic0040ll_base_rvt_c40_ss_typical_max_0p99v_125c

  Point                                       Fanout       Cap     Trans      Incr       Path
  ----------------------------------------------------------------------------------------------
  clock cal_clk (rise edge)                                               0.000000   0.000000
  clock network delay (ideal)                                             0.000000   0.000000
  input external delay                                                    0.000000   0.000000 f
  cal_medium_therm_snapshot_i[6] (in)                           0.000000  0.000000   0.000000 f
  cal_medium_therm_snapshot_i[6] (net)          1     0.001389            0.000000   0.000000 f
  U16/A0 (AOI22_X0P5M_A9TR40)                                   0.000000  0.000024   0.000024 f
  U16/Y (AOI22_X0P5M_A9TR40)                                    0.107682  0.085214   0.085238 r
  n10 (net)                                     1     0.001401            0.000000   0.085238 r
  U15/A0N (AO1B2_X0P5M_A9TR40)                                  0.107682  0.000024   0.085262 r
  U15/Y (AO1B2_X0P5M_A9TR40)                                    0.087302  0.094440   0.179701 f
  n65 (net)                                     1     0.001539            0.000000   0.179701 f
  det_medium_therm_q_reg[6]/D (DFFRPQ_X1M_A9TR40)               0.087302  0.000027   0.179728 f
  data arrival time                                                                  0.179728

  clock cal_clk (rise edge)                                               0.000000   0.000000
  clock network delay (ideal)                                             0.000000   0.000000
  clock uncertainty                                                       0.020000   0.020000
  det_medium_therm_q_reg[6]/CK (DFFRPQ_X1M_A9TR40)                        0.000000   0.020000 r
  library hold time                                                       0.027568   0.047568
  data required time                                                                 0.047568
  ----------------------------------------------------------------------------------------------
  data required time                                                                 0.047568
  data arrival time                                                                  -0.179728
  ----------------------------------------------------------------------------------------------
  slack (MET)                                                                        0.132160


  Startpoint: cal_medium_therm_snapshot_i[5]
              (input port clocked by cal_clk)
  Endpoint: det_medium_therm_q_reg[5]
            (rising edge-triggered flip-flop clocked by cal_clk)
  Path Group: cal_clk
  Path Type: min

  Des/Clust/Port     Wire Load Model       Library
  ------------------------------------------------
  ftc_detection_margin_manager
                     Small                 sc9mc_logic0040ll_base_rvt_c40_ss_typical_max_0p99v_125c

  Point                                       Fanout       Cap     Trans      Incr       Path
  ----------------------------------------------------------------------------------------------
  clock cal_clk (rise edge)                                               0.000000   0.000000
  clock network delay (ideal)                                             0.000000   0.000000
  input external delay                                                    0.000000   0.000000 f
  cal_medium_therm_snapshot_i[5] (in)                           0.000000  0.000000   0.000000 f
  cal_medium_therm_snapshot_i[5] (net)          1     0.001389            0.000000   0.000000 f
  U14/A0 (AOI22_X0P5M_A9TR40)                                   0.000000  0.000024   0.000024 f
  U14/Y (AOI22_X0P5M_A9TR40)                                    0.107682  0.085214   0.085238 r
  n9 (net)                                      1     0.001401            0.000000   0.085238 r
  U13/A0N (AO1B2_X0P5M_A9TR40)                                  0.107682  0.000024   0.085262 r
  U13/Y (AO1B2_X0P5M_A9TR40)                                    0.087302  0.094440   0.179701 f
  n64 (net)                                     1     0.001539            0.000000   0.179701 f
  det_medium_therm_q_reg[5]/D (DFFRPQ_X1M_A9TR40)               0.087302  0.000027   0.179728 f
  data arrival time                                                                  0.179728

  clock cal_clk (rise edge)                                               0.000000   0.000000
  clock network delay (ideal)                                             0.000000   0.000000
  clock uncertainty                                                       0.020000   0.020000
  det_medium_therm_q_reg[5]/CK (DFFRPQ_X1M_A9TR40)                        0.000000   0.020000 r
  library hold time                                                       0.027568   0.047568
  data required time                                                                 0.047568
  ----------------------------------------------------------------------------------------------
  data required time                                                                 0.047568
  data arrival time                                                                  -0.179728
  ----------------------------------------------------------------------------------------------
  slack (MET)                                                                        0.132160


  Startpoint: cal_medium_therm_snapshot_i[4]
              (input port clocked by cal_clk)
  Endpoint: det_medium_therm_q_reg[4]
            (rising edge-triggered flip-flop clocked by cal_clk)
  Path Group: cal_clk
  Path Type: min

  Des/Clust/Port     Wire Load Model       Library
  ------------------------------------------------
  ftc_detection_margin_manager
                     Small                 sc9mc_logic0040ll_base_rvt_c40_ss_typical_max_0p99v_125c

  Point                                       Fanout       Cap     Trans      Incr       Path
  ----------------------------------------------------------------------------------------------
  clock cal_clk (rise edge)                                               0.000000   0.000000
  clock network delay (ideal)                                             0.000000   0.000000
  input external delay                                                    0.000000   0.000000 f
  cal_medium_therm_snapshot_i[4] (in)                           0.000000  0.000000   0.000000 f
  cal_medium_therm_snapshot_i[4] (net)          1     0.001389            0.000000   0.000000 f
  U12/A0 (AOI22_X0P5M_A9TR40)                                   0.000000  0.000024   0.000024 f
  U12/Y (AOI22_X0P5M_A9TR40)                                    0.107682  0.085214   0.085238 r
  n8 (net)                                      1     0.001401            0.000000   0.085238 r
  U11/A0N (AO1B2_X0P5M_A9TR40)                                  0.107682  0.000024   0.085262 r
  U11/Y (AO1B2_X0P5M_A9TR40)                                    0.087302  0.094440   0.179701 f
  n63 (net)                                     1     0.001539            0.000000   0.179701 f
  det_medium_therm_q_reg[4]/D (DFFRPQ_X1M_A9TR40)               0.087302  0.000027   0.179728 f
  data arrival time                                                                  0.179728

  clock cal_clk (rise edge)                                               0.000000   0.000000
  clock network delay (ideal)                                             0.000000   0.000000
  clock uncertainty                                                       0.020000   0.020000
  det_medium_therm_q_reg[4]/CK (DFFRPQ_X1M_A9TR40)                        0.000000   0.020000 r
  library hold time                                                       0.027568   0.047568
  data required time                                                                 0.047568
  ----------------------------------------------------------------------------------------------
  data required time                                                                 0.047568
  data arrival time                                                                  -0.179728
  ----------------------------------------------------------------------------------------------
  slack (MET)                                                                        0.132160


  Startpoint: cal_medium_therm_snapshot_i[3]
              (input port clocked by cal_clk)
  Endpoint: det_medium_therm_q_reg[3]
            (rising edge-triggered flip-flop clocked by cal_clk)
  Path Group: cal_clk
  Path Type: min

  Des/Clust/Port     Wire Load Model       Library
  ------------------------------------------------
  ftc_detection_margin_manager
                     Small                 sc9mc_logic0040ll_base_rvt_c40_ss_typical_max_0p99v_125c

  Point                                       Fanout       Cap     Trans      Incr       Path
  ----------------------------------------------------------------------------------------------
  clock cal_clk (rise edge)                                               0.000000   0.000000
  clock network delay (ideal)                                             0.000000   0.000000
  input external delay                                                    0.000000   0.000000 f
  cal_medium_therm_snapshot_i[3] (in)                           0.000000  0.000000   0.000000 f
  cal_medium_therm_snapshot_i[3] (net)          1     0.001389            0.000000   0.000000 f
  U10/A0 (AOI22_X0P5M_A9TR40)                                   0.000000  0.000024   0.000024 f
  U10/Y (AOI22_X0P5M_A9TR40)                                    0.107682  0.085214   0.085238 r
  n7 (net)                                      1     0.001401            0.000000   0.085238 r
  U9/A0N (AO1B2_X0P5M_A9TR40)                                   0.107682  0.000024   0.085262 r
  U9/Y (AO1B2_X0P5M_A9TR40)                                     0.087302  0.094440   0.179701 f
  n62 (net)                                     1     0.001539            0.000000   0.179701 f
  det_medium_therm_q_reg[3]/D (DFFRPQ_X1M_A9TR40)               0.087302  0.000027   0.179728 f
  data arrival time                                                                  0.179728

  clock cal_clk (rise edge)                                               0.000000   0.000000
  clock network delay (ideal)                                             0.000000   0.000000
  clock uncertainty                                                       0.020000   0.020000
  det_medium_therm_q_reg[3]/CK (DFFRPQ_X1M_A9TR40)                        0.000000   0.020000 r
  library hold time                                                       0.027568   0.047568
  data required time                                                                 0.047568
  ----------------------------------------------------------------------------------------------
  data required time                                                                 0.047568
  data arrival time                                                                  -0.179728
  ----------------------------------------------------------------------------------------------
  slack (MET)                                                                        0.132160


  Startpoint: cal_medium_therm_snapshot_i[2]
              (input port clocked by cal_clk)
  Endpoint: det_medium_therm_q_reg[2]
            (rising edge-triggered flip-flop clocked by cal_clk)
  Path Group: cal_clk
  Path Type: min

  Des/Clust/Port     Wire Load Model       Library
  ------------------------------------------------
  ftc_detection_margin_manager
                     Small                 sc9mc_logic0040ll_base_rvt_c40_ss_typical_max_0p99v_125c

  Point                                       Fanout       Cap     Trans      Incr       Path
  ----------------------------------------------------------------------------------------------
  clock cal_clk (rise edge)                                               0.000000   0.000000
  clock network delay (ideal)                                             0.000000   0.000000
  input external delay                                                    0.000000   0.000000 f
  cal_medium_therm_snapshot_i[2] (in)                           0.000000  0.000000   0.000000 f
  cal_medium_therm_snapshot_i[2] (net)          1     0.001389            0.000000   0.000000 f
  U8/A0 (AOI22_X0P5M_A9TR40)                                    0.000000  0.000024   0.000024 f
  U8/Y (AOI22_X0P5M_A9TR40)                                     0.107682  0.085214   0.085238 r
  n6 (net)                                      1     0.001401            0.000000   0.085238 r
  U7/A0N (AO1B2_X0P5M_A9TR40)                                   0.107682  0.000024   0.085262 r
  U7/Y (AO1B2_X0P5M_A9TR40)                                     0.087302  0.094440   0.179701 f
  n61 (net)                                     1     0.001539            0.000000   0.179701 f
  det_medium_therm_q_reg[2]/D (DFFRPQ_X1M_A9TR40)               0.087302  0.000027   0.179728 f
  data arrival time                                                                  0.179728

  clock cal_clk (rise edge)                                               0.000000   0.000000
  clock network delay (ideal)                                             0.000000   0.000000
  clock uncertainty                                                       0.020000   0.020000
  det_medium_therm_q_reg[2]/CK (DFFRPQ_X1M_A9TR40)                        0.000000   0.020000 r
  library hold time                                                       0.027568   0.047568
  data required time                                                                 0.047568
  ----------------------------------------------------------------------------------------------
  data required time                                                                 0.047568
  data arrival time                                                                  -0.179728
  ----------------------------------------------------------------------------------------------
  slack (MET)                                                                        0.132160


  Startpoint: cal_medium_therm_snapshot_i[1]
              (input port clocked by cal_clk)
  Endpoint: det_medium_therm_q_reg[1]
            (rising edge-triggered flip-flop clocked by cal_clk)
  Path Group: cal_clk
  Path Type: min

  Des/Clust/Port     Wire Load Model       Library
  ------------------------------------------------
  ftc_detection_margin_manager
                     Small                 sc9mc_logic0040ll_base_rvt_c40_ss_typical_max_0p99v_125c

  Point                                       Fanout       Cap     Trans      Incr       Path
  ----------------------------------------------------------------------------------------------
  clock cal_clk (rise edge)                                               0.000000   0.000000
  clock network delay (ideal)                                             0.000000   0.000000
  input external delay                                                    0.000000   0.000000 f
  cal_medium_therm_snapshot_i[1] (in)                           0.000000  0.000000   0.000000 f
  cal_medium_therm_snapshot_i[1] (net)          1     0.001389            0.000000   0.000000 f
  U6/A0 (AOI22_X0P5M_A9TR40)                                    0.000000  0.000024   0.000024 f
  U6/Y (AOI22_X0P5M_A9TR40)                                     0.107682  0.085214   0.085238 r
  n5 (net)                                      1     0.001401            0.000000   0.085238 r
  U5/A0N (AO1B2_X0P5M_A9TR40)                                   0.107682  0.000024   0.085262 r
  U5/Y (AO1B2_X0P5M_A9TR40)                                     0.087302  0.094440   0.179701 f
  n60 (net)                                     1     0.001539            0.000000   0.179701 f
  det_medium_therm_q_reg[1]/D (DFFRPQ_X1M_A9TR40)               0.087302  0.000027   0.179728 f
  data arrival time                                                                  0.179728

  clock cal_clk (rise edge)                                               0.000000   0.000000
  clock network delay (ideal)                                             0.000000   0.000000
  clock uncertainty                                                       0.020000   0.020000
  det_medium_therm_q_reg[1]/CK (DFFRPQ_X1M_A9TR40)                        0.000000   0.020000 r
  library hold time                                                       0.027568   0.047568
  data required time                                                                 0.047568
  ----------------------------------------------------------------------------------------------
  data required time                                                                 0.047568
  data arrival time                                                                  -0.179728
  ----------------------------------------------------------------------------------------------
  slack (MET)                                                                        0.132160


  Startpoint: cal_medium_therm_snapshot_i[0]
              (input port clocked by cal_clk)
  Endpoint: det_medium_therm_q_reg[0]
            (rising edge-triggered flip-flop clocked by cal_clk)
  Path Group: cal_clk
  Path Type: min

  Des/Clust/Port     Wire Load Model       Library
  ------------------------------------------------
  ftc_detection_margin_manager
                     Small                 sc9mc_logic0040ll_base_rvt_c40_ss_typical_max_0p99v_125c

  Point                                       Fanout       Cap     Trans      Incr       Path
  ----------------------------------------------------------------------------------------------
  clock cal_clk (rise edge)                                               0.000000   0.000000
  clock network delay (ideal)                                             0.000000   0.000000
  input external delay                                                    0.000000   0.000000 f
  cal_medium_therm_snapshot_i[0] (in)                           0.000000  0.000000   0.000000 f
  cal_medium_therm_snapshot_i[0] (net)          1     0.001389            0.000000   0.000000 f
  U4/A0 (AOI22_X0P5M_A9TR40)                                    0.000000  0.000024   0.000024 f
  U4/Y (AOI22_X0P5M_A9TR40)                                     0.107682  0.085214   0.085238 r
  n2 (net)                                      1     0.001401            0.000000   0.085238 r
  U3/A0N (AO1B2_X0P5M_A9TR40)                                   0.107682  0.000024   0.085262 r
  U3/Y (AO1B2_X0P5M_A9TR40)                                     0.087302  0.094440   0.179701 f
  n59 (net)                                     1     0.001539            0.000000   0.179701 f
  det_medium_therm_q_reg[0]/D (DFFRPQ_X1M_A9TR40)               0.087302  0.000027   0.179728 f
  data arrival time                                                                  0.179728

  clock cal_clk (rise edge)                                               0.000000   0.000000
  clock network delay (ideal)                                             0.000000   0.000000
  clock uncertainty                                                       0.020000   0.020000
  det_medium_therm_q_reg[0]/CK (DFFRPQ_X1M_A9TR40)                        0.000000   0.020000 r
  library hold time                                                       0.027568   0.047568
  data required time                                                                 0.047568
  ----------------------------------------------------------------------------------------------
  data required time                                                                 0.047568
  data arrival time                                                                  -0.179728
  ----------------------------------------------------------------------------------------------
  slack (MET)                                                                        0.132160


  Startpoint: cal_medium_therm_snapshot_i[15]
              (input port clocked by cal_clk)
  Endpoint: det_medium_therm_q_reg[15]
            (rising edge-triggered flip-flop clocked by cal_clk)
  Path Group: cal_clk
  Path Type: min

  Des/Clust/Port     Wire Load Model       Library
  ------------------------------------------------
  ftc_detection_margin_manager
                     Small                 sc9mc_logic0040ll_base_rvt_c40_ss_typical_max_0p99v_125c

  Point                                       Fanout       Cap     Trans      Incr       Path
  ----------------------------------------------------------------------------------------------
  clock cal_clk (rise edge)                                               0.000000   0.000000
  clock network delay (ideal)                                             0.000000   0.000000
  input external delay                                                    0.000000   0.000000 f
  cal_medium_therm_snapshot_i[15] (in)                          0.000000  0.000000   0.000000 f
  cal_medium_therm_snapshot_i[15] (net)         1     0.001389            0.000000   0.000000 f
  U34/A0 (AOI22_X0P5M_A9TR40)                                   0.000000  0.000024   0.000024 f
  U34/Y (AOI22_X0P5M_A9TR40)                                    0.107709  0.085214   0.085238 r
  n19 (net)                                     1     0.001401            0.000000   0.085238 r
  U33/A0N (AO1B2_X0P5M_A9TR40)                                  0.107709  0.000024   0.085262 r
  U33/Y (AO1B2_X0P5M_A9TR40)                                    0.087304  0.094449   0.179711 f
  n74 (net)                                     1     0.001539            0.000000   0.179711 f
  det_medium_therm_q_reg[15]/D (DFFRPQ_X1M_A9TR40)              0.087304  0.000027   0.179738 f
  data arrival time                                                                  0.179738

  clock cal_clk (rise edge)                                               0.000000   0.000000
  clock network delay (ideal)                                             0.000000   0.000000
  clock uncertainty                                                       0.020000   0.020000
  det_medium_therm_q_reg[15]/CK (DFFRPQ_X1M_A9TR40)                       0.000000   0.020000 r
  library hold time                                                       0.027567   0.047567
  data required time                                                                 0.047567
  ----------------------------------------------------------------------------------------------
  data required time                                                                 0.047567
  data arrival time                                                                  -0.179738
  ----------------------------------------------------------------------------------------------
  slack (MET)                                                                        0.132171


  Startpoint: cal_medium_therm_snapshot_i[14]
              (input port clocked by cal_clk)
  Endpoint: det_medium_therm_q_reg[14]
            (rising edge-triggered flip-flop clocked by cal_clk)
  Path Group: cal_clk
  Path Type: min

  Des/Clust/Port     Wire Load Model       Library
  ------------------------------------------------
  ftc_detection_margin_manager
                     Small                 sc9mc_logic0040ll_base_rvt_c40_ss_typical_max_0p99v_125c

  Point                                       Fanout       Cap     Trans      Incr       Path
  ----------------------------------------------------------------------------------------------
  clock cal_clk (rise edge)                                               0.000000   0.000000
  clock network delay (ideal)                                             0.000000   0.000000
  input external delay                                                    0.000000   0.000000 f
  cal_medium_therm_snapshot_i[14] (in)                          0.000000  0.000000   0.000000 f
  cal_medium_therm_snapshot_i[14] (net)         1     0.001389            0.000000   0.000000 f
  U32/A0 (AOI22_X0P5M_A9TR40)                                   0.000000  0.000024   0.000024 f
  U32/Y (AOI22_X0P5M_A9TR40)                                    0.107709  0.085214   0.085238 r
  n18 (net)                                     1     0.001401            0.000000   0.085238 r
  U31/A0N (AO1B2_X0P5M_A9TR40)                                  0.107709  0.000024   0.085262 r
  U31/Y (AO1B2_X0P5M_A9TR40)                                    0.087304  0.094449   0.179711 f
  n73 (net)                                     1     0.001539            0.000000   0.179711 f
  det_medium_therm_q_reg[14]/D (DFFRPQ_X1M_A9TR40)              0.087304  0.000027   0.179738 f
  data arrival time                                                                  0.179738

  clock cal_clk (rise edge)                                               0.000000   0.000000
  clock network delay (ideal)                                             0.000000   0.000000
  clock uncertainty                                                       0.020000   0.020000
  det_medium_therm_q_reg[14]/CK (DFFRPQ_X1M_A9TR40)                       0.000000   0.020000 r
  library hold time                                                       0.027567   0.047567
  data required time                                                                 0.047567
  ----------------------------------------------------------------------------------------------
  data required time                                                                 0.047567
  data arrival time                                                                  -0.179738
  ----------------------------------------------------------------------------------------------
  slack (MET)                                                                        0.132171


  Startpoint: cal_medium_therm_snapshot_i[13]
              (input port clocked by cal_clk)
  Endpoint: det_medium_therm_q_reg[13]
            (rising edge-triggered flip-flop clocked by cal_clk)
  Path Group: cal_clk
  Path Type: min

  Des/Clust/Port     Wire Load Model       Library
  ------------------------------------------------
  ftc_detection_margin_manager
                     Small                 sc9mc_logic0040ll_base_rvt_c40_ss_typical_max_0p99v_125c

  Point                                       Fanout       Cap     Trans      Incr       Path
  ----------------------------------------------------------------------------------------------
  clock cal_clk (rise edge)                                               0.000000   0.000000
  clock network delay (ideal)                                             0.000000   0.000000
  input external delay                                                    0.000000   0.000000 f
  cal_medium_therm_snapshot_i[13] (in)                          0.000000  0.000000   0.000000 f
  cal_medium_therm_snapshot_i[13] (net)         1     0.001389            0.000000   0.000000 f
  U30/A0 (AOI22_X0P5M_A9TR40)                                   0.000000  0.000024   0.000024 f
  U30/Y (AOI22_X0P5M_A9TR40)                                    0.107709  0.085214   0.085238 r
  n17 (net)                                     1     0.001401            0.000000   0.085238 r
  U29/A0N (AO1B2_X0P5M_A9TR40)                                  0.107709  0.000024   0.085262 r
  U29/Y (AO1B2_X0P5M_A9TR40)                                    0.087304  0.094449   0.179711 f
  n72 (net)                                     1     0.001539            0.000000   0.179711 f
  det_medium_therm_q_reg[13]/D (DFFRPQ_X1M_A9TR40)              0.087304  0.000027   0.179738 f
  data arrival time                                                                  0.179738

  clock cal_clk (rise edge)                                               0.000000   0.000000
  clock network delay (ideal)                                             0.000000   0.000000
  clock uncertainty                                                       0.020000   0.020000
  det_medium_therm_q_reg[13]/CK (DFFRPQ_X1M_A9TR40)                       0.000000   0.020000 r
  library hold time                                                       0.027567   0.047567
  data required time                                                                 0.047567
  ----------------------------------------------------------------------------------------------
  data required time                                                                 0.047567
  data arrival time                                                                  -0.179738
  ----------------------------------------------------------------------------------------------
  slack (MET)                                                                        0.132171


  Startpoint: cal_medium_therm_snapshot_i[12]
              (input port clocked by cal_clk)
  Endpoint: det_medium_therm_q_reg[12]
            (rising edge-triggered flip-flop clocked by cal_clk)
  Path Group: cal_clk
  Path Type: min

  Des/Clust/Port     Wire Load Model       Library
  ------------------------------------------------
  ftc_detection_margin_manager
                     Small                 sc9mc_logic0040ll_base_rvt_c40_ss_typical_max_0p99v_125c

  Point                                       Fanout       Cap     Trans      Incr       Path
  ----------------------------------------------------------------------------------------------
  clock cal_clk (rise edge)                                               0.000000   0.000000
  clock network delay (ideal)                                             0.000000   0.000000
  input external delay                                                    0.000000   0.000000 f
  cal_medium_therm_snapshot_i[12] (in)                          0.000000  0.000000   0.000000 f
  cal_medium_therm_snapshot_i[12] (net)         1     0.001389            0.000000   0.000000 f
  U28/A0 (AOI22_X0P5M_A9TR40)                                   0.000000  0.000024   0.000024 f
  U28/Y (AOI22_X0P5M_A9TR40)                                    0.107709  0.085214   0.085238 r
  n16 (net)                                     1     0.001401            0.000000   0.085238 r
  U27/A0N (AO1B2_X0P5M_A9TR40)                                  0.107709  0.000024   0.085262 r
  U27/Y (AO1B2_X0P5M_A9TR40)                                    0.087304  0.094449   0.179711 f
  n71 (net)                                     1     0.001539            0.000000   0.179711 f
  det_medium_therm_q_reg[12]/D (DFFRPQ_X1M_A9TR40)              0.087304  0.000027   0.179738 f
  data arrival time                                                                  0.179738

  clock cal_clk (rise edge)                                               0.000000   0.000000
  clock network delay (ideal)                                             0.000000   0.000000
  clock uncertainty                                                       0.020000   0.020000
  det_medium_therm_q_reg[12]/CK (DFFRPQ_X1M_A9TR40)                       0.000000   0.020000 r
  library hold time                                                       0.027567   0.047567
  data required time                                                                 0.047567
  ----------------------------------------------------------------------------------------------
  data required time                                                                 0.047567
  data arrival time                                                                  -0.179738
  ----------------------------------------------------------------------------------------------
  slack (MET)                                                                        0.132171


  Startpoint: cal_medium_therm_snapshot_i[11]
              (input port clocked by cal_clk)
  Endpoint: det_medium_therm_q_reg[11]
            (rising edge-triggered flip-flop clocked by cal_clk)
  Path Group: cal_clk
  Path Type: min

  Des/Clust/Port     Wire Load Model       Library
  ------------------------------------------------
  ftc_detection_margin_manager
                     Small                 sc9mc_logic0040ll_base_rvt_c40_ss_typical_max_0p99v_125c

  Point                                       Fanout       Cap     Trans      Incr       Path
  ----------------------------------------------------------------------------------------------
  clock cal_clk (rise edge)                                               0.000000   0.000000
  clock network delay (ideal)                                             0.000000   0.000000
  input external delay                                                    0.000000   0.000000 f
  cal_medium_therm_snapshot_i[11] (in)                          0.000000  0.000000   0.000000 f
  cal_medium_therm_snapshot_i[11] (net)         1     0.001389            0.000000   0.000000 f
  U26/A0 (AOI22_X0P5M_A9TR40)                                   0.000000  0.000024   0.000024 f
  U26/Y (AOI22_X0P5M_A9TR40)                                    0.107709  0.085214   0.085238 r
  n15 (net)                                     1     0.001401            0.000000   0.085238 r
  U25/A0N (AO1B2_X0P5M_A9TR40)                                  0.107709  0.000024   0.085262 r
  U25/Y (AO1B2_X0P5M_A9TR40)                                    0.087304  0.094449   0.179711 f
  n70 (net)                                     1     0.001539            0.000000   0.179711 f
  det_medium_therm_q_reg[11]/D (DFFRPQ_X1M_A9TR40)              0.087304  0.000027   0.179738 f
  data arrival time                                                                  0.179738

  clock cal_clk (rise edge)                                               0.000000   0.000000
  clock network delay (ideal)                                             0.000000   0.000000
  clock uncertainty                                                       0.020000   0.020000
  det_medium_therm_q_reg[11]/CK (DFFRPQ_X1M_A9TR40)                       0.000000   0.020000 r
  library hold time                                                       0.027567   0.047567
  data required time                                                                 0.047567
  ----------------------------------------------------------------------------------------------
  data required time                                                                 0.047567
  data arrival time                                                                  -0.179738
  ----------------------------------------------------------------------------------------------
  slack (MET)                                                                        0.132171


  Startpoint: cal_medium_therm_snapshot_i[10]
              (input port clocked by cal_clk)
  Endpoint: det_medium_therm_q_reg[10]
            (rising edge-triggered flip-flop clocked by cal_clk)
  Path Group: cal_clk
  Path Type: min

  Des/Clust/Port     Wire Load Model       Library
  ------------------------------------------------
  ftc_detection_margin_manager
                     Small                 sc9mc_logic0040ll_base_rvt_c40_ss_typical_max_0p99v_125c

  Point                                       Fanout       Cap     Trans      Incr       Path
  ----------------------------------------------------------------------------------------------
  clock cal_clk (rise edge)                                               0.000000   0.000000
  clock network delay (ideal)                                             0.000000   0.000000
  input external delay                                                    0.000000   0.000000 f
  cal_medium_therm_snapshot_i[10] (in)                          0.000000  0.000000   0.000000 f
  cal_medium_therm_snapshot_i[10] (net)         1     0.001389            0.000000   0.000000 f
  U24/A0 (AOI22_X0P5M_A9TR40)                                   0.000000  0.000024   0.000024 f
  U24/Y (AOI22_X0P5M_A9TR40)                                    0.107709  0.085214   0.085238 r
  n14 (net)                                     1     0.001401            0.000000   0.085238 r
  U23/A0N (AO1B2_X0P5M_A9TR40)                                  0.107709  0.000024   0.085262 r
  U23/Y (AO1B2_X0P5M_A9TR40)                                    0.087304  0.094449   0.179711 f
  n69 (net)                                     1     0.001539            0.000000   0.179711 f
  det_medium_therm_q_reg[10]/D (DFFRPQ_X1M_A9TR40)              0.087304  0.000027   0.179738 f
  data arrival time                                                                  0.179738

  clock cal_clk (rise edge)                                               0.000000   0.000000
  clock network delay (ideal)                                             0.000000   0.000000
  clock uncertainty                                                       0.020000   0.020000
  det_medium_therm_q_reg[10]/CK (DFFRPQ_X1M_A9TR40)                       0.000000   0.020000 r
  library hold time                                                       0.027567   0.047567
  data required time                                                                 0.047567
  ----------------------------------------------------------------------------------------------
  data required time                                                                 0.047567
  data arrival time                                                                  -0.179738
  ----------------------------------------------------------------------------------------------
  slack (MET)                                                                        0.132171


  Startpoint: cal_medium_therm_snapshot_i[9]
              (input port clocked by cal_clk)
  Endpoint: det_medium_therm_q_reg[9]
            (rising edge-triggered flip-flop clocked by cal_clk)
  Path Group: cal_clk
  Path Type: min

  Des/Clust/Port     Wire Load Model       Library
  ------------------------------------------------
  ftc_detection_margin_manager
                     Small                 sc9mc_logic0040ll_base_rvt_c40_ss_typical_max_0p99v_125c

  Point                                       Fanout       Cap     Trans      Incr       Path
  ----------------------------------------------------------------------------------------------
  clock cal_clk (rise edge)                                               0.000000   0.000000
  clock network delay (ideal)                                             0.000000   0.000000
  input external delay                                                    0.000000   0.000000 f
  cal_medium_therm_snapshot_i[9] (in)                           0.000000  0.000000   0.000000 f
  cal_medium_therm_snapshot_i[9] (net)          1     0.001389            0.000000   0.000000 f
  U22/A0 (AOI22_X0P5M_A9TR40)                                   0.000000  0.000024   0.000024 f
  U22/Y (AOI22_X0P5M_A9TR40)                                    0.107709  0.085214   0.085238 r
  n13 (net)                                     1     0.001401            0.000000   0.085238 r
  U21/A0N (AO1B2_X0P5M_A9TR40)                                  0.107709  0.000024   0.085262 r
  U21/Y (AO1B2_X0P5M_A9TR40)                                    0.087304  0.094449   0.179711 f
  n68 (net)                                     1     0.001539            0.000000   0.179711 f
  det_medium_therm_q_reg[9]/D (DFFRPQ_X1M_A9TR40)               0.087304  0.000027   0.179738 f
  data arrival time                                                                  0.179738

  clock cal_clk (rise edge)                                               0.000000   0.000000
  clock network delay (ideal)                                             0.000000   0.000000
  clock uncertainty                                                       0.020000   0.020000
  det_medium_therm_q_reg[9]/CK (DFFRPQ_X1M_A9TR40)                        0.000000   0.020000 r
  library hold time                                                       0.027567   0.047567
  data required time                                                                 0.047567
  ----------------------------------------------------------------------------------------------
  data required time                                                                 0.047567
  data arrival time                                                                  -0.179738
  ----------------------------------------------------------------------------------------------
  slack (MET)                                                                        0.132171


  Startpoint: cal_medium_therm_snapshot_i[8]
              (input port clocked by cal_clk)
  Endpoint: det_medium_therm_q_reg[8]
            (rising edge-triggered flip-flop clocked by cal_clk)
  Path Group: cal_clk
  Path Type: min

  Des/Clust/Port     Wire Load Model       Library
  ------------------------------------------------
  ftc_detection_margin_manager
                     Small                 sc9mc_logic0040ll_base_rvt_c40_ss_typical_max_0p99v_125c

  Point                                       Fanout       Cap     Trans      Incr       Path
  ----------------------------------------------------------------------------------------------
  clock cal_clk (rise edge)                                               0.000000   0.000000
  clock network delay (ideal)                                             0.000000   0.000000
  input external delay                                                    0.000000   0.000000 f
  cal_medium_therm_snapshot_i[8] (in)                           0.000000  0.000000   0.000000 f
  cal_medium_therm_snapshot_i[8] (net)          1     0.001389            0.000000   0.000000 f
  U20/A0 (AOI22_X0P5M_A9TR40)                                   0.000000  0.000024   0.000024 f
  U20/Y (AOI22_X0P5M_A9TR40)                                    0.107711  0.085214   0.085238 r
  n12 (net)                                     1     0.001401            0.000000   0.085238 r
  U19/A0N (AO1B2_X0P5M_A9TR40)                                  0.107711  0.000024   0.085262 r
  U19/Y (AO1B2_X0P5M_A9TR40)                                    0.087304  0.094450   0.179712 f
  n67 (net)                                     1     0.001539            0.000000   0.179712 f
  det_medium_therm_q_reg[8]/D (DFFRPQ_X1M_A9TR40)               0.087304  0.000027   0.179739 f
  data arrival time                                                                  0.179739

  clock cal_clk (rise edge)                                               0.000000   0.000000
  clock network delay (ideal)                                             0.000000   0.000000
  clock uncertainty                                                       0.020000   0.020000
  det_medium_therm_q_reg[8]/CK (DFFRPQ_X1M_A9TR40)                        0.000000   0.020000 r
  library hold time                                                       0.027567   0.047567
  data required time                                                                 0.047567
  ----------------------------------------------------------------------------------------------
  data required time                                                                 0.047567
  data arrival time                                                                  -0.179739
  ----------------------------------------------------------------------------------------------
  slack (MET)                                                                        0.132172


  Startpoint: cal_cfg_valid_i
              (input port clocked by cal_clk)
  Endpoint: snapshot_loaded_q_reg
            (rising edge-triggered flip-flop clocked by cal_clk)
  Path Group: cal_clk
  Path Type: min

  Des/Clust/Port     Wire Load Model       Library
  ------------------------------------------------
  ftc_detection_margin_manager
                     Small                 sc9mc_logic0040ll_base_rvt_c40_ss_typical_max_0p99v_125c

  Point                                       Fanout       Cap     Trans      Incr       Path
  ----------------------------------------------------------------------------------------------
  clock cal_clk (rise edge)                                               0.000000   0.000000
  clock network delay (ideal)                                             0.000000   0.000000
  input external delay                                                    0.100000   0.100000 f
  cal_cfg_valid_i (in)                                          0.000000  0.000000   0.100000 f
  cal_cfg_valid_i (net)                         3     0.003837            0.000000   0.100000 f
  U91/A (OR2_X0P5B_A9TR40)                                      0.000000  0.000018   0.100018 f
  U91/Y (OR2_X0P5B_A9TR40)                                      0.068965  0.099607   0.199625 f
  n113 (net)                                    1     0.001539            0.000000   0.199625 f
  snapshot_loaded_q_reg/D (DFFRPQ_X1M_A9TR40)                   0.068965  0.000027   0.199651 f
  data arrival time                                                                  0.199651

  clock cal_clk (rise edge)                                               0.000000   0.000000
  clock network delay (ideal)                                             0.000000   0.000000
  clock uncertainty                                                       0.020000   0.020000
  snapshot_loaded_q_reg/CK (DFFRPQ_X1M_A9TR40)                            0.000000   0.020000 r
  library hold time                                                       0.032009   0.052009
  data required time                                                                 0.052009
  ----------------------------------------------------------------------------------------------
  data required time                                                                 0.052009
  data arrival time                                                                  -0.199651
  ----------------------------------------------------------------------------------------------
  slack (MET)                                                                        0.147642


  Startpoint: margin_select_valid_i
              (input port clocked by cal_clk)
  Endpoint: state_q_reg[0]
            (rising edge-triggered flip-flop clocked by cal_clk)
  Path Group: cal_clk
  Path Type: min

  Des/Clust/Port     Wire Load Model       Library
  ------------------------------------------------
  ftc_detection_margin_manager
                     Small                 sc9mc_logic0040ll_base_rvt_c40_ss_typical_max_0p99v_125c

  Point                                       Fanout       Cap     Trans      Incr       Path
  ----------------------------------------------------------------------------------------------
  clock cal_clk (rise edge)                                               0.000000   0.000000
  clock network delay (ideal)                                             0.000000   0.000000
  input external delay                                                    0.000000   0.000000 f
  margin_select_valid_i (in)                                    0.000000  0.000000   0.000000 f
  margin_select_valid_i (net)                   6     0.007187            0.000000   0.000000 f
  U146/A1 (AOI211_X1M_A9TR40)                                   0.000000  0.000016   0.000016 f
  U146/Y (AOI211_X1M_A9TR40)                                    0.129618  0.124748   0.124764 r
  n54 (net)                                     1     0.001430            0.000000   0.124764 r
  U115/B0 (OAI22_X0P5M_A9TR40)                                  0.129618  0.000025   0.124789 r
  U115/Y (OAI22_X0P5M_A9TR40)                                   0.063888  0.080377   0.205166 f
  n130 (net)                                    1     0.001539            0.000000   0.205166 f
  state_q_reg[0]/D (DFFRPQ_X1M_A9TR40)                          0.063888  0.000027   0.205192 f
  data arrival time                                                                  0.205192

  clock cal_clk (rise edge)                                               0.000000   0.000000
  clock network delay (ideal)                                             0.000000   0.000000
  clock uncertainty                                                       0.020000   0.020000
  state_q_reg[0]/CK (DFFRPQ_X1M_A9TR40)                                   0.000000   0.020000 r
  library hold time                                                       0.033239   0.053239
  data required time                                                                 0.053239
  ----------------------------------------------------------------------------------------------
  data required time                                                                 0.053239
  data arrival time                                                                  -0.205192
  ----------------------------------------------------------------------------------------------
  slack (MET)                                                                        0.151953


  Startpoint: margin_select_valid_i
              (input port clocked by cal_clk)
  Endpoint: state_q_reg[2]
            (rising edge-triggered flip-flop clocked by cal_clk)
  Path Group: cal_clk
  Path Type: min

  Des/Clust/Port     Wire Load Model       Library
  ------------------------------------------------
  ftc_detection_margin_manager
                     Small                 sc9mc_logic0040ll_base_rvt_c40_ss_typical_max_0p99v_125c

  Point                                       Fanout       Cap     Trans      Incr       Path
  ----------------------------------------------------------------------------------------------
  clock cal_clk (rise edge)                                               0.000000   0.000000
  clock network delay (ideal)                                             0.000000   0.000000
  input external delay                                                    0.000000   0.000000 f
  margin_select_valid_i (in)                                    0.000000  0.000000   0.000000 f
  margin_select_valid_i (net)                   6     0.007187            0.000000   0.000000 f
  U152/B0 (AOI221_X1M_A9TR40)                                   0.000000  0.000015   0.000015 f
  U152/Y (AOI221_X1M_A9TR40)                                    0.116432  0.098036   0.098051 r
  n49 (net)                                     1     0.001417            0.000000   0.098051 r
  U111/A1 (OAI21_X0P5M_A9TR40)                                  0.116432  0.000024   0.098076 r
  U111/Y (OAI21_X0P5M_A9TR40)                                   0.091904  0.126163   0.224239 f
  n128 (net)                                    1     0.001539            0.000000   0.224239 f
  state_q_reg[2]/D (DFFRPQ_X1M_A9TR40)                          0.091904  0.000027   0.224266 f
  data arrival time                                                                  0.224266

  clock cal_clk (rise edge)                                               0.000000   0.000000
  clock network delay (ideal)                                             0.000000   0.000000
  clock uncertainty                                                       0.020000   0.020000
  state_q_reg[2]/CK (DFFRPQ_X1M_A9TR40)                                   0.000000   0.020000 r
  library hold time                                                       0.026453   0.046453
  data required time                                                                 0.046453
  ----------------------------------------------------------------------------------------------
  data required time                                                                 0.046453
  data arrival time                                                                  -0.224266
  ----------------------------------------------------------------------------------------------
  slack (MET)                                                                        0.177813


  Startpoint: margin_sel_i[1]
              (input port clocked by cal_clk)
  Endpoint: target_fine_therm_q_reg[8]
            (rising edge-triggered flip-flop clocked by cal_clk)
  Path Group: cal_clk
  Path Type: min

  Des/Clust/Port     Wire Load Model       Library
  ------------------------------------------------
  ftc_detection_margin_manager
                     Small                 sc9mc_logic0040ll_base_rvt_c40_ss_typical_max_0p99v_125c

  Point                                       Fanout       Cap     Trans      Incr       Path
  ----------------------------------------------------------------------------------------------
  clock cal_clk (rise edge)                                               0.000000   0.000000
  clock network delay (ideal)                                             0.000000   0.000000
  input external delay                                                    0.000000   0.000000 f
  margin_sel_i[1] (in)                                          0.000000  0.000000   0.000000 f
  margin_sel_i[1] (net)                         5     0.007288            0.000000   0.000000 f
  u_exact_mapper/margin_sel_i[1] (ftc_detection_margin_mapper)            0.000000   0.000000 f
  u_exact_mapper/margin_sel_i[1] (net)                0.007288            0.000000   0.000000 f
  u_exact_mapper/U35/A (NAND2_X0P5A_A9TR40)                     0.000000  0.000015   0.000015 f
  u_exact_mapper/U35/Y (NAND2_X0P5A_A9TR40)                     0.122710  0.068128   0.068143 r
  u_exact_mapper/n12 (net)                      2     0.002678            0.000000   0.068143 r
  u_exact_mapper/U49/A (NAND2_X1A_A9TR40)                       0.122710  0.000021   0.068164 r
  u_exact_mapper/U49/Y (NAND2_X1A_A9TR40)                       0.062275  0.069901   0.138065 f
  u_exact_mapper/target_fine_therm_o[8] (net)
                                                1     0.001445            0.000000   0.138065 f
  u_exact_mapper/target_fine_therm_o[8] (ftc_detection_margin_mapper)     0.000000   0.138065 f
  mapper_fine_therm[8] (net)                          0.001445            0.000000   0.138065 f
  U61/B0 (AO22_X0P5M_A9TR40)                                    0.062275  0.000025   0.138090 f
  U61/Y (AO22_X0P5M_A9TR40)                                     0.058268  0.112516   0.250606 f
  n92 (net)                                     1     0.001556            0.000000   0.250606 f
  target_fine_therm_q_reg[8]/D (DFFSQ_X1M_A9TR40)               0.058268  0.000027   0.250633 f
  data arrival time                                                                  0.250633

  clock cal_clk (rise edge)                                               0.000000   0.000000
  clock network delay (ideal)                                             0.000000   0.000000
  clock uncertainty                                                       0.020000   0.020000
  target_fine_therm_q_reg[8]/CK (DFFSQ_X1M_A9TR40)                        0.000000   0.020000 r
  library hold time                                                       0.047283   0.067283
  data required time                                                                 0.067283
  ----------------------------------------------------------------------------------------------
  data required time                                                                 0.067283
  data arrival time                                                                  -0.250633
  ----------------------------------------------------------------------------------------------
  slack (MET)                                                                        0.183350


  Startpoint: margin_select_valid_i
              (input port clocked by cal_clk)
  Endpoint: margin_protocol_error_q_reg
            (rising edge-triggered flip-flop clocked by cal_clk)
  Path Group: cal_clk
  Path Type: min

  Des/Clust/Port     Wire Load Model       Library
  ------------------------------------------------
  ftc_detection_margin_manager
                     Small                 sc9mc_logic0040ll_base_rvt_c40_ss_typical_max_0p99v_125c

  Point                                       Fanout       Cap     Trans      Incr       Path
  ----------------------------------------------------------------------------------------------
  clock cal_clk (rise edge)                                               0.000000   0.000000
  clock network delay (ideal)                                             0.000000   0.000000
  input external delay                                                    0.000000   0.000000 f
  margin_select_valid_i (in)                                    0.000000  0.000000   0.000000 f
  margin_select_valid_i (net)                   6     0.007187            0.000000   0.000000 f
  U121/A (INV_X0P5B_A9TR40)                                     0.000000  0.000015   0.000015 f
  U121/Y (INV_X0P5B_A9TR40)                                     0.192265  0.102703   0.102718 r
  n40 (net)                                     4     0.004832            0.000000   0.102718 r
  U89/A1 (OAI21_X0P5M_A9TR40)                                   0.192265  0.000015   0.102733 r
  U89/Y (OAI21_X0P5M_A9TR40)                                    0.091065  0.155699   0.258432 f
  n112 (net)                                    1     0.001539            0.000000   0.258432 f
  margin_protocol_error_q_reg/D (DFFRPQ_X1M_A9TR40)             0.091065  0.000027   0.258458 f
  data arrival time                                                                  0.258458

  clock cal_clk (rise edge)                                               0.000000   0.000000
  clock network delay (ideal)                                             0.000000   0.000000
  clock uncertainty                                                       0.020000   0.020000
  margin_protocol_error_q_reg/CK (DFFRPQ_X1M_A9TR40)                      0.000000   0.020000 r
  library hold time                                                       0.026656   0.046656
  data required time                                                                 0.046656
  ----------------------------------------------------------------------------------------------
  data required time                                                                 0.046656
  data arrival time                                                                  -0.258458
  ----------------------------------------------------------------------------------------------
  slack (MET)                                                                        0.211803


  Startpoint: margin_sel_i[0]
              (input port clocked by cal_clk)
  Endpoint: target_medium_therm_q_reg[7]
            (rising edge-triggered flip-flop clocked by cal_clk)
  Path Group: cal_clk
  Path Type: min

  Des/Clust/Port     Wire Load Model       Library
  ------------------------------------------------
  ftc_detection_margin_manager
                     Small                 sc9mc_logic0040ll_base_rvt_c40_ss_typical_max_0p99v_125c

  Point                                       Fanout       Cap     Trans      Incr       Path
  ----------------------------------------------------------------------------------------------
  clock cal_clk (rise edge)                                               0.000000   0.000000
  clock network delay (ideal)                                             0.000000   0.000000
  input external delay                                                    0.000000   0.000000 f
  margin_sel_i[0] (in)                                          0.000000  0.000000   0.000000 f
  margin_sel_i[0] (net)                         7     0.008719            0.000000   0.000000 f
  u_exact_mapper/margin_sel_i[0] (ftc_detection_margin_mapper)            0.000000   0.000000 f
  u_exact_mapper/margin_sel_i[0] (net)                0.008719            0.000000   0.000000 f
  u_exact_mapper/U11/A (NAND3_X1M_A9TR40)                       0.000000  0.000016   0.000016 f
  u_exact_mapper/U11/Y (NAND3_X1M_A9TR40)                       0.105018  0.059196   0.059212 r
  u_exact_mapper/n19 (net)                      2     0.002737            0.000000   0.059212 r
  u_exact_mapper/U10/B (NAND2_X1A_A9TR40)                       0.105018  0.000021   0.059233 r
  u_exact_mapper/U10/Y (NAND2_X1A_A9TR40)                       0.094003  0.097850   0.157083 f
  u_exact_mapper/m_det_o[3]_snps (net)          3     0.003734            0.000000   0.157083 f
  u_exact_mapper/target_medium_therm_o[7] (ftc_detection_margin_mapper)   0.000000   0.157083 f
  mapper_medium_therm[7] (net)                        0.003734            0.000000   0.157083 f
  U75/B0 (AO22_X0P5M_A9TR40)                                    0.094003  0.000017   0.157100 f
  U75/Y (AO22_X0P5M_A9TR40)                                     0.058403  0.123669   0.280769 f
  n102 (net)                                    1     0.001539            0.000000   0.280769 f
  target_medium_therm_q_reg[7]/D (DFFRPQ_X1M_A9TR40)            0.058403  0.000027   0.280795 f
  data arrival time                                                                  0.280795

  clock cal_clk (rise edge)                                               0.000000   0.000000
  clock network delay (ideal)                                             0.000000   0.000000
  clock uncertainty                                                       0.020000   0.020000
  target_medium_therm_q_reg[7]/CK (DFFRPQ_X1M_A9TR40)                     0.000000   0.020000 r
  library hold time                                                       0.034568   0.054568
  data required time                                                                 0.054568
  ----------------------------------------------------------------------------------------------
  data required time                                                                 0.054568
  data arrival time                                                                  -0.280795
  ----------------------------------------------------------------------------------------------
  slack (MET)                                                                        0.226227


  Startpoint: margin_select_valid_i
              (input port clocked by cal_clk)
  Endpoint: state_q_reg[3]
            (rising edge-triggered flip-flop clocked by cal_clk)
  Path Group: cal_clk
  Path Type: min

  Des/Clust/Port     Wire Load Model       Library
  ------------------------------------------------
  ftc_detection_margin_manager
                     Small                 sc9mc_logic0040ll_base_rvt_c40_ss_typical_max_0p99v_125c

  Point                                       Fanout       Cap     Trans      Incr       Path
  ----------------------------------------------------------------------------------------------
  clock cal_clk (rise edge)                                               0.000000   0.000000
  clock network delay (ideal)                                             0.000000   0.000000
  input external delay                                                    0.000000   0.000000 r
  margin_select_valid_i (in)                                    0.000000  0.000000   0.000000 r
  margin_select_valid_i (net)                   6     0.007186            0.000000   0.000000 r
  U124/B (NOR2_X0P5A_A9TR40)                                    0.000000  0.000014   0.000014 r
  U124/Y (NOR2_X0P5A_A9TR40)                                    0.078330  0.046052   0.046066 f
  n48 (net)                                     2     0.002581            0.000000   0.046066 f
  U159/C0 (OAI221_X1M_A9TR40)                                   0.078330  0.000019   0.046086 f
  U159/Y (OAI221_X1M_A9TR40)                                    0.169429  0.124482   0.170567 r
  n53 (net)                                     3     0.003615            0.000000   0.170567 r
  U114/B (NOR2B_X0P5M_A9TR40)                                   0.169429  0.000016   0.170583 r
  U114/Y (NOR2B_X0P5M_A9TR40)                                   0.069599  0.108439   0.279022 f
  n129 (net)                                    1     0.001539            0.000000   0.279022 f
  state_q_reg[3]/D (DFFRPQ_X1M_A9TR40)                          0.069599  0.000027   0.279049 f
  data arrival time                                                                  0.279049

  clock cal_clk (rise edge)                                               0.000000   0.000000
  clock network delay (ideal)                                             0.000000   0.000000
  clock uncertainty                                                       0.020000   0.020000
  state_q_reg[3]/CK (DFFRPQ_X1M_A9TR40)                                   0.000000   0.020000 r
  library hold time                                                       0.031856   0.051856
  data required time                                                                 0.051856
  ----------------------------------------------------------------------------------------------
  data required time                                                                 0.051856
  data arrival time                                                                  -0.279049
  ----------------------------------------------------------------------------------------------
  slack (MET)                                                                        0.227193


  Startpoint: margin_sel_i[1]
              (input port clocked by cal_clk)
  Endpoint: target_medium_therm_q_reg[2]
            (rising edge-triggered flip-flop clocked by cal_clk)
  Path Group: cal_clk
  Path Type: min

  Des/Clust/Port     Wire Load Model       Library
  ------------------------------------------------
  ftc_detection_margin_manager
                     Small                 sc9mc_logic0040ll_base_rvt_c40_ss_typical_max_0p99v_125c

  Point                                       Fanout       Cap     Trans      Incr       Path
  ----------------------------------------------------------------------------------------------
  clock cal_clk (rise edge)                                               0.000000   0.000000
  clock network delay (ideal)                                             0.000000   0.000000
  input external delay                                                    0.000000   0.000000 f
  margin_sel_i[1] (in)                                          0.000000  0.000000   0.000000 f
  margin_sel_i[1] (net)                         5     0.007288            0.000000   0.000000 f
  u_exact_mapper/margin_sel_i[1] (ftc_detection_margin_mapper)            0.000000   0.000000 f
  u_exact_mapper/margin_sel_i[1] (net)                0.007288            0.000000   0.000000 f
  u_exact_mapper/U31/A (NAND2_X0P5M_A9TR40)                     0.000000  0.000015   0.000015 f
  u_exact_mapper/U31/Y (NAND2_X0P5M_A9TR40)                     0.211657  0.114739   0.114754 r
  u_exact_mapper/n15 (net)                      3     0.004359            0.000000   0.114754 r
  u_exact_mapper/U3/A (NAND2_X2A_A9TR40)                        0.211657  0.000026   0.114780 r
  u_exact_mapper/U3/Y (NAND2_X2A_A9TR40)                        0.046676  0.083681   0.198460 f
  u_exact_mapper/target_medium_therm_o[2] (net)
                                                2     0.002648            0.000000   0.198460 f
  u_exact_mapper/target_medium_therm_o[2] (ftc_detection_margin_mapper)   0.000000   0.198460 f
  mapper_medium_therm[2] (net)                        0.002648            0.000000   0.198460 f
  U70/B0 (AO22_X0P5M_A9TR40)                                    0.046676  0.000019   0.198479 f
  U70/Y (AO22_X0P5M_A9TR40)                                     0.057699  0.106711   0.305190 f
  n97 (net)                                     1     0.001539            0.000000   0.305190 f
  target_medium_therm_q_reg[2]/D (DFFRPQ_X1M_A9TR40)            0.057699  0.000027   0.305217 f
  data arrival time                                                                  0.305217

  clock cal_clk (rise edge)                                               0.000000   0.000000
  clock network delay (ideal)                                             0.000000   0.000000
  clock uncertainty                                                       0.020000   0.020000
  target_medium_therm_q_reg[2]/CK (DFFRPQ_X1M_A9TR40)                     0.000000   0.020000 r
  library hold time                                                       0.034738   0.054738
  data required time                                                                 0.054738
  ----------------------------------------------------------------------------------------------
  data required time                                                                 0.054738
  data arrival time                                                                  -0.305217
  ----------------------------------------------------------------------------------------------
  slack (MET)                                                                        0.250479


  Startpoint: margin_sel_i[0]
              (input port clocked by cal_clk)
  Endpoint: m_det_q_reg[3]
            (rising edge-triggered flip-flop clocked by cal_clk)
  Path Group: cal_clk
  Path Type: min

  Des/Clust/Port     Wire Load Model       Library
  ------------------------------------------------
  ftc_detection_margin_manager
                     Small                 sc9mc_logic0040ll_base_rvt_c40_ss_typical_max_0p99v_125c

  Point                                       Fanout       Cap     Trans      Incr       Path
  ----------------------------------------------------------------------------------------------
  clock cal_clk (rise edge)                                               0.000000   0.000000
  clock network delay (ideal)                                             0.000000   0.000000
  input external delay                                                    0.000000   0.000000 f
  margin_sel_i[0] (in)                                          0.000000  0.000000   0.000000 f
  margin_sel_i[0] (net)                         7     0.008719            0.000000   0.000000 f
  u_exact_mapper/margin_sel_i[0] (ftc_detection_margin_mapper)            0.000000   0.000000 f
  u_exact_mapper/margin_sel_i[0] (net)                0.008719            0.000000   0.000000 f
  u_exact_mapper/U11/A (NAND3_X1M_A9TR40)                       0.000000  0.000016   0.000016 f
  u_exact_mapper/U11/Y (NAND3_X1M_A9TR40)                       0.105018  0.059196   0.059212 r
  u_exact_mapper/n19 (net)                      2     0.002737            0.000000   0.059212 r
  u_exact_mapper/U10/B (NAND2_X1A_A9TR40)                       0.105018  0.000021   0.059233 r
  u_exact_mapper/U10/Y (NAND2_X1A_A9TR40)                       0.094003  0.097850   0.157083 f
  u_exact_mapper/m_det_o[3]_snps (net)          3     0.003734            0.000000   0.157083 f
  u_exact_mapper/m_det_o[3] (ftc_detection_margin_mapper)                 0.000000   0.157083 f
  mapper_m_det[3] (net)                               0.003734            0.000000   0.157083 f
  U101/A0 (AO22_X0P5M_A9TR40)                                   0.094003  0.000017   0.157100 f
  U101/Y (AO22_X0P5M_A9TR40)                                    0.057691  0.152822   0.309922 f
  n123 (net)                                    1     0.001539            0.000000   0.309922 f
  m_det_q_reg[3]/D (DFFRPQ_X1M_A9TR40)                          0.057691  0.000027   0.309948 f
  data arrival time                                                                  0.309948

  clock cal_clk (rise edge)                                               0.000000   0.000000
  clock network delay (ideal)                                             0.000000   0.000000
  clock uncertainty                                                       0.020000   0.020000
  m_det_q_reg[3]/CK (DFFRPQ_X1M_A9TR40)                                   0.000000   0.020000 r
  library hold time                                                       0.034740   0.054740
  data required time                                                                 0.054740
  ----------------------------------------------------------------------------------------------
  data required time                                                                 0.054740
  data arrival time                                                                  -0.309948
  ----------------------------------------------------------------------------------------------
  slack (MET)                                                                        0.255208


  Startpoint: margin_sel_i[0]
              (input port clocked by cal_clk)
  Endpoint: f_det_q_reg[1]
            (rising edge-triggered flip-flop clocked by cal_clk)
  Path Group: cal_clk
  Path Type: min

  Des/Clust/Port     Wire Load Model       Library
  ------------------------------------------------
  ftc_detection_margin_manager
                     Small                 sc9mc_logic0040ll_base_rvt_c40_ss_typical_max_0p99v_125c

  Point                                       Fanout       Cap     Trans      Incr       Path
  ----------------------------------------------------------------------------------------------
  clock cal_clk (rise edge)                                               0.000000   0.000000
  clock network delay (ideal)                                             0.000000   0.000000
  input external delay                                                    0.000000   0.000000 f
  margin_sel_i[0] (in)                                          0.000000  0.000000   0.000000 f
  margin_sel_i[0] (net)                         7     0.008719            0.000000   0.000000 f
  u_exact_mapper/margin_sel_i[0] (ftc_detection_margin_mapper)            0.000000   0.000000 f
  u_exact_mapper/margin_sel_i[0] (net)                0.008719            0.000000   0.000000 f
  u_exact_mapper/U32/B (NAND2_X0P5A_A9TR40)                     0.000000  0.000014   0.000014 f
  u_exact_mapper/U32/Y (NAND2_X0P5A_A9TR40)                     0.175746  0.096952   0.096966 r
  u_exact_mapper/n14 (net)                      3     0.004066            0.000000   0.096966 r
  u_exact_mapper/U47/B (NAND2B_X1M_A9TR40)                      0.175746  0.000019   0.096985 r
  u_exact_mapper/U47/Y (NAND2B_X1M_A9TR40)                      0.058707  0.093870   0.190855 f
  u_exact_mapper/f_det_o[1] (net)               1     0.001494            0.000000   0.190855 f
  u_exact_mapper/f_det_o[1] (ftc_detection_margin_mapper)                 0.000000   0.190855 f
  mapper_f_det[1] (net)                               0.001494            0.000000   0.190855 f
  U137/A0 (AO22_X0P7M_A9TR40)                                   0.058707  0.000026   0.190881 f
  U137/Y (AO22_X0P7M_A9TR40)                                    0.046056  0.125123   0.316004 f
  n117 (net)                                    1     0.001539            0.000000   0.316004 f
  f_det_q_reg[1]/D (DFFRPQ_X1M_A9TR40)                          0.046056  0.000027   0.316030 f
  data arrival time                                                                  0.316030

  clock cal_clk (rise edge)                                               0.000000   0.000000
  clock network delay (ideal)                                             0.000000   0.000000
  clock uncertainty                                                       0.020000   0.020000
  f_det_q_reg[1]/CK (DFFRPQ_X1M_A9TR40)                                   0.000000   0.020000 r
  library hold time                                                       0.037559   0.057559
  data required time                                                                 0.057559
  ----------------------------------------------------------------------------------------------
  data required time                                                                 0.057559
  data arrival time                                                                  -0.316030
  ----------------------------------------------------------------------------------------------
  slack (MET)                                                                        0.258472


  Startpoint: margin_sel_i[1]
              (input port clocked by cal_clk)
  Endpoint: target_medium_therm_q_reg[3]
            (rising edge-triggered flip-flop clocked by cal_clk)
  Path Group: cal_clk
  Path Type: min

  Des/Clust/Port     Wire Load Model       Library
  ------------------------------------------------
  ftc_detection_margin_manager
                     Small                 sc9mc_logic0040ll_base_rvt_c40_ss_typical_max_0p99v_125c

  Point                                       Fanout       Cap     Trans      Incr       Path
  ----------------------------------------------------------------------------------------------
  clock cal_clk (rise edge)                                               0.000000   0.000000
  clock network delay (ideal)                                             0.000000   0.000000
  input external delay                                                    0.000000   0.000000 r
  margin_sel_i[1] (in)                                          0.000000  0.000000   0.000000 r
  margin_sel_i[1] (net)                         5     0.007433            0.000000   0.000000 r
  u_exact_mapper/margin_sel_i[1] (ftc_detection_margin_mapper)            0.000000   0.000000 r
  u_exact_mapper/margin_sel_i[1] (net)                0.007433            0.000000   0.000000 r
  u_exact_mapper/U15/A (NOR2_X2A_A9TR40)                        0.000000  0.000024   0.000024 r
  u_exact_mapper/U15/Y (NOR2_X2A_A9TR40)                        0.040945  0.024592   0.024617 f
  u_exact_mapper/n26 (net)                      4     0.005250            0.000000   0.024617 f
  u_exact_mapper/U19/A (NAND3_X1M_A9TR40)                       0.040945  0.000017   0.024634 f
  u_exact_mapper/U19/Y (NAND3_X1M_A9TR40)                       0.152369  0.100196   0.124830 r
  u_exact_mapper/n16 (net)                      3     0.004439            0.000000   0.124830 r
  u_exact_mapper/U9/B (NAND3B_X2M_A9TR40)                       0.152369  0.000027   0.124857 r
  u_exact_mapper/U9/Y (NAND3B_X2M_A9TR40)                       0.066289  0.096982   0.221839 f
  u_exact_mapper/target_medium_therm_o[3] (net)
                                                2     0.002722            0.000000   0.221839 f
  u_exact_mapper/target_medium_therm_o[3] (ftc_detection_margin_mapper)   0.000000   0.221839 f
  mapper_medium_therm[3] (net)                        0.002722            0.000000   0.221839 f
  U71/B0 (AO22_X0P5M_A9TR40)                                    0.066289  0.000019   0.221858 f
  U71/Y (AO22_X0P5M_A9TR40)                                     0.057991  0.113739   0.335597 f
  n98 (net)                                     1     0.001539            0.000000   0.335597 f
  target_medium_therm_q_reg[3]/D (DFFRPQ_X1M_A9TR40)            0.057991  0.000027   0.335623 f
  data arrival time                                                                  0.335623

  clock cal_clk (rise edge)                                               0.000000   0.000000
  clock network delay (ideal)                                             0.000000   0.000000
  clock uncertainty                                                       0.020000   0.020000
  target_medium_therm_q_reg[3]/CK (DFFRPQ_X1M_A9TR40)                     0.000000   0.020000 r
  library hold time                                                       0.034668   0.054668
  data required time                                                                 0.054668
  ----------------------------------------------------------------------------------------------
  data required time                                                                 0.054668
  data arrival time                                                                  -0.335623
  ----------------------------------------------------------------------------------------------
  slack (MET)                                                                        0.280956


  Startpoint: margin_sel_i[1]
              (input port clocked by cal_clk)
  Endpoint: target_fine_therm_q_reg[9]
            (rising edge-triggered flip-flop clocked by cal_clk)
  Path Group: cal_clk
  Path Type: min

  Des/Clust/Port     Wire Load Model       Library
  ------------------------------------------------
  ftc_detection_margin_manager
                     Small                 sc9mc_logic0040ll_base_rvt_c40_ss_typical_max_0p99v_125c

  Point                                       Fanout       Cap     Trans      Incr       Path
  ----------------------------------------------------------------------------------------------
  clock cal_clk (rise edge)                                               0.000000   0.000000
  clock network delay (ideal)                                             0.000000   0.000000
  input external delay                                                    0.000000   0.000000 f
  margin_sel_i[1] (in)                                          0.000000  0.000000   0.000000 f
  margin_sel_i[1] (net)                         5     0.007288            0.000000   0.000000 f
  u_exact_mapper/margin_sel_i[1] (ftc_detection_margin_mapper)            0.000000   0.000000 f
  u_exact_mapper/margin_sel_i[1] (net)                0.007288            0.000000   0.000000 f
  u_exact_mapper/U35/A (NAND2_X0P5A_A9TR40)                     0.000000  0.000015   0.000015 f
  u_exact_mapper/U35/Y (NAND2_X0P5A_A9TR40)                     0.122710  0.068128   0.068143 r
  u_exact_mapper/n12 (net)                      2     0.002678            0.000000   0.068143 r
  u_exact_mapper/U29/C (NAND4_X0P5M_A9TR40)                     0.122710  0.000018   0.068161 r
  u_exact_mapper/U29/Y (NAND4_X0P5M_A9TR40)                     0.136461  0.141186   0.209347 f
  u_exact_mapper/target_fine_therm_o[9] (net)
                                                1     0.001445            0.000000   0.209347 f
  u_exact_mapper/target_fine_therm_o[9] (ftc_detection_margin_mapper)     0.000000   0.209347 f
  mapper_fine_therm[9] (net)                          0.001445            0.000000   0.209347 f
  U67/B0 (AO22_X0P5M_A9TR40)                                    0.136461  0.000025   0.209372 f
  U67/Y (AO22_X0P5M_A9TR40)                                     0.059187  0.139100   0.348472 f
  n94 (net)                                     1     0.001556            0.000000   0.348472 f
  target_fine_therm_q_reg[9]/D (DFFSQ_X1M_A9TR40)               0.059187  0.000027   0.348499 f
  data arrival time                                                                  0.348499

  clock cal_clk (rise edge)                                               0.000000   0.000000
  clock network delay (ideal)                                             0.000000   0.000000
  clock uncertainty                                                       0.020000   0.020000
  target_fine_therm_q_reg[9]/CK (DFFSQ_X1M_A9TR40)                        0.000000   0.020000 r
  library hold time                                                       0.047075   0.067075
  data required time                                                                 0.067075
  ----------------------------------------------------------------------------------------------
  data required time                                                                 0.067075
  data arrival time                                                                  -0.348499
  ----------------------------------------------------------------------------------------------
  slack (MET)                                                                        0.281423


  Startpoint: cal_fine_code_snapshot_i[0]
              (input port clocked by cal_clk)
  Endpoint: f_det_q_reg[3]
            (rising edge-triggered flip-flop clocked by cal_clk)
  Path Group: cal_clk
  Path Type: min

  Des/Clust/Port     Wire Load Model       Library
  ------------------------------------------------
  ftc_detection_margin_manager
                     Small                 sc9mc_logic0040ll_base_rvt_c40_ss_typical_max_0p99v_125c

  Point                                       Fanout       Cap     Trans      Incr       Path
  ----------------------------------------------------------------------------------------------
  clock cal_clk (rise edge)                                               0.000000   0.000000
  clock network delay (ideal)                                             0.000000   0.000000
  input external delay                                                    0.000000   0.000000 r
  cal_fine_code_snapshot_i[0] (in)                              0.000000  0.000000   0.000000 r
  cal_fine_code_snapshot_i[0] (net)             4     0.005948            0.000000   0.000000 r
  u_exact_mapper/cal_fine_code_snapshot_i[0] (ftc_detection_margin_mapper)
                                                                          0.000000   0.000000 r
  u_exact_mapper/cal_fine_code_snapshot_i[0] (net)    0.005948            0.000000   0.000000 r
  u_exact_mapper/U12/B (NOR2_X1A_A9TR40)                        0.000000  0.000017   0.000017 r
  u_exact_mapper/U12/Y (NOR2_X1A_A9TR40)                        0.032202  0.020032   0.020049 f
  u_exact_mapper/n24 (net)                      1     0.001562            0.000000   0.020049 f
  u_exact_mapper/U43/B (NAND2_X1A_A9TR40)                       0.032202  0.000027   0.020076 f
  u_exact_mapper/U43/Y (NAND2_X1A_A9TR40)                       0.075085  0.057006   0.077082 r
  u_exact_mapper/n18 (net)                      2     0.002667            0.000000   0.077082 r
  u_exact_mapper/U24/B (NAND3B_X0P5M_A9TR40)                    0.075085  0.000018   0.077100 r
  u_exact_mapper/U24/Y (NAND3B_X0P5M_A9TR40)                    0.112696  0.100876   0.177976 f
  u_exact_mapper/f_det_o[3] (net)               1     0.001449            0.000000   0.177976 f
  u_exact_mapper/f_det_o[3] (ftc_detection_margin_mapper)                 0.000000   0.177976 f
  mapper_f_det[3] (net)                               0.001449            0.000000   0.177976 f
  U97/A0 (AO22_X0P5M_A9TR40)                                    0.112696  0.000025   0.178001 f
  U97/Y (AO22_X0P5M_A9TR40)                                     0.057691  0.160240   0.338242 f
  n119 (net)                                    1     0.001539            0.000000   0.338242 f
  f_det_q_reg[3]/D (DFFRPQ_X1M_A9TR40)                          0.057691  0.000027   0.338269 f
  data arrival time                                                                  0.338269

  clock cal_clk (rise edge)                                               0.000000   0.000000
  clock network delay (ideal)                                             0.000000   0.000000
  clock uncertainty                                                       0.020000   0.020000
  f_det_q_reg[3]/CK (DFFRPQ_X1M_A9TR40)                                   0.000000   0.020000 r
  library hold time                                                       0.034740   0.054740
  data required time                                                                 0.054740
  ----------------------------------------------------------------------------------------------
  data required time                                                                 0.054740
  data arrival time                                                                  -0.338269
  ----------------------------------------------------------------------------------------------
  slack (MET)                                                                        0.283528


  Startpoint: margin_sel_i[0]
              (input port clocked by cal_clk)
  Endpoint: f_det_q_reg[0]
            (rising edge-triggered flip-flop clocked by cal_clk)
  Path Group: cal_clk
  Path Type: min

  Des/Clust/Port     Wire Load Model       Library
  ------------------------------------------------
  ftc_detection_margin_manager
                     Small                 sc9mc_logic0040ll_base_rvt_c40_ss_typical_max_0p99v_125c

  Point                                       Fanout       Cap     Trans      Incr       Path
  ----------------------------------------------------------------------------------------------
  clock cal_clk (rise edge)                                               0.000000   0.000000
  clock network delay (ideal)                                             0.000000   0.000000
  input external delay                                                    0.000000   0.000000 f
  margin_sel_i[0] (in)                                          0.000000  0.000000   0.000000 f
  margin_sel_i[0] (net)                         7     0.008719            0.000000   0.000000 f
  u_exact_mapper/margin_sel_i[0] (ftc_detection_margin_mapper)            0.000000   0.000000 f
  u_exact_mapper/margin_sel_i[0] (net)                0.008719            0.000000   0.000000 f
  u_exact_mapper/U48/A (NAND3_X1M_A9TR40)                       0.000000  0.000016   0.000016 f
  u_exact_mapper/U48/Y (NAND3_X1M_A9TR40)                       0.101416  0.057353   0.057369 r
  u_exact_mapper/n21 (net)                      2     0.002607            0.000000   0.057369 r
  u_exact_mapper/U33/A (NAND3_X0P5M_A9TR40)                     0.101416  0.000018   0.057387 r
  u_exact_mapper/U33/Y (NAND3_X0P5M_A9TR40)                     0.167491  0.137699   0.195086 f
  u_exact_mapper/f_det_o[0] (net)               2     0.002588            0.000000   0.195086 f
  u_exact_mapper/f_det_o[0] (ftc_detection_margin_mapper)                 0.000000   0.195086 f
  mapper_f_det[0] (net)                               0.002588            0.000000   0.195086 f
  U94/A0 (AO22_X0P5M_A9TR40)                                    0.167491  0.000019   0.195105 f
  U94/Y (AO22_X0P5M_A9TR40)                                     0.057691  0.181985   0.377090 f
  n116 (net)                                    1     0.001539            0.000000   0.377090 f
  f_det_q_reg[0]/D (DFFRPQ_X1M_A9TR40)                          0.057691  0.000027   0.377117 f
  data arrival time                                                                  0.377117

  clock cal_clk (rise edge)                                               0.000000   0.000000
  clock network delay (ideal)                                             0.000000   0.000000
  clock uncertainty                                                       0.020000   0.020000
  f_det_q_reg[0]/CK (DFFRPQ_X1M_A9TR40)                                   0.000000   0.020000 r
  library hold time                                                       0.034740   0.054740
  data required time                                                                 0.054740
  ----------------------------------------------------------------------------------------------
  data required time                                                                 0.054740
  data arrival time                                                                  -0.377117
  ----------------------------------------------------------------------------------------------
  slack (MET)                                                                        0.322376


  Startpoint: margin_sel_i[1]
              (input port clocked by cal_clk)
  Endpoint: m_det_q_reg[1]
            (rising edge-triggered flip-flop clocked by cal_clk)
  Path Group: cal_clk
  Path Type: min

  Des/Clust/Port     Wire Load Model       Library
  ------------------------------------------------
  ftc_detection_margin_manager
                     Small                 sc9mc_logic0040ll_base_rvt_c40_ss_typical_max_0p99v_125c

  Point                                       Fanout       Cap     Trans      Incr       Path
  ----------------------------------------------------------------------------------------------
  clock cal_clk (rise edge)                                               0.000000   0.000000
  clock network delay (ideal)                                             0.000000   0.000000
  input external delay                                                    0.000000   0.000000 r
  margin_sel_i[1] (in)                                          0.000000  0.000000   0.000000 r
  margin_sel_i[1] (net)                         5     0.007433            0.000000   0.000000 r
  u_exact_mapper/margin_sel_i[1] (ftc_detection_margin_mapper)            0.000000   0.000000 r
  u_exact_mapper/margin_sel_i[1] (net)                0.007433            0.000000   0.000000 r
  u_exact_mapper/U4/A (INV_X2M_A9TR40)                          0.000000  0.000025   0.000025 r
  u_exact_mapper/U4/Y (INV_X2M_A9TR40)                          0.027946  0.017505   0.017529 f
  u_exact_mapper/n6 (net)                       3     0.003897            0.000000   0.017529 f
  u_exact_mapper/U45/B (NAND3_X1M_A9TR40)                       0.027946  0.000018   0.017547 f
  u_exact_mapper/U45/Y (NAND3_X1M_A9TR40)                       0.137290  0.088532   0.106078 r
  u_exact_mapper/n11 (net)                      3     0.003797            0.000000   0.106078 r
  u_exact_mapper/U25/A (NAND3_X0P5M_A9TR40)                     0.137290  0.000016   0.106095 r
  u_exact_mapper/U25/Y (NAND3_X0P5M_A9TR40)                     0.112612  0.116604   0.222699 f
  u_exact_mapper/m_det_o[1] (net)               1     0.001449            0.000000   0.222699 f
  u_exact_mapper/m_det_o[1] (ftc_detection_margin_mapper)                 0.000000   0.222699 f
  mapper_m_det[1] (net)                               0.001449            0.000000   0.222699 f
  U99/A0 (AO22_X0P5M_A9TR40)                                    0.112612  0.000025   0.222724 f
  U99/Y (AO22_X0P5M_A9TR40)                                     0.057691  0.160207   0.382931 f
  n121 (net)                                    1     0.001539            0.000000   0.382931 f
  m_det_q_reg[1]/D (DFFRPQ_X1M_A9TR40)                          0.057691  0.000027   0.382958 f
  data arrival time                                                                  0.382958

  clock cal_clk (rise edge)                                               0.000000   0.000000
  clock network delay (ideal)                                             0.000000   0.000000
  clock uncertainty                                                       0.020000   0.020000
  m_det_q_reg[1]/CK (DFFRPQ_X1M_A9TR40)                                   0.000000   0.020000 r
  library hold time                                                       0.034740   0.054740
  data required time                                                                 0.054740
  ----------------------------------------------------------------------------------------------
  data required time                                                                 0.054740
  data arrival time                                                                  -0.382958
  ----------------------------------------------------------------------------------------------
  slack (MET)                                                                        0.328217


  Startpoint: margin_sel_i[0]
              (input port clocked by cal_clk)
  Endpoint: target_medium_therm_q_reg[0]
            (rising edge-triggered flip-flop clocked by cal_clk)
  Path Group: cal_clk
  Path Type: min

  Des/Clust/Port     Wire Load Model       Library
  ------------------------------------------------
  ftc_detection_margin_manager
                     Small                 sc9mc_logic0040ll_base_rvt_c40_ss_typical_max_0p99v_125c

  Point                                       Fanout       Cap     Trans      Incr       Path
  ----------------------------------------------------------------------------------------------
  clock cal_clk (rise edge)                                               0.000000   0.000000
  clock network delay (ideal)                                             0.000000   0.000000
  input external delay                                                    0.000000   0.000000 f
  margin_sel_i[0] (in)                                          0.000000  0.000000   0.000000 f
  margin_sel_i[0] (net)                         7     0.008719            0.000000   0.000000 f
  u_exact_mapper/margin_sel_i[0] (ftc_detection_margin_mapper)            0.000000   0.000000 f
  u_exact_mapper/margin_sel_i[0] (net)                0.008719            0.000000   0.000000 f
  u_exact_mapper/U32/B (NAND2_X0P5A_A9TR40)                     0.000000  0.000014   0.000014 f
  u_exact_mapper/U32/Y (NAND2_X0P5A_A9TR40)                     0.175746  0.096952   0.096966 r
  u_exact_mapper/n14 (net)                      3     0.004066            0.000000   0.096966 r
  u_exact_mapper/U16/C (NAND3BB_X1M_A9TR40)                     0.175746  0.000018   0.096985 r
  u_exact_mapper/U16/Y (NAND3BB_X1M_A9TR40)                     0.144885  0.155914   0.252899 f
  u_exact_mapper/mapping_supported_o (net)      5     0.006742            0.000000   0.252899 f
  u_exact_mapper/target_medium_therm_o[0] (ftc_detection_margin_mapper)   0.000000   0.252899 f
  mapper_medium_therm[0] (net)                        0.006742            0.000000   0.252899 f
  U68/B0 (AO22_X0P5M_A9TR40)                                    0.144885  0.000015   0.252914 f
  U68/Y (AO22_X0P5M_A9TR40)                                     0.058887  0.141901   0.394816 f
  n95 (net)                                     1     0.001539            0.000000   0.394816 f
  target_medium_therm_q_reg[0]/D (DFFRPQ_X1M_A9TR40)            0.058887  0.000027   0.394842 f
  data arrival time                                                                  0.394842

  clock cal_clk (rise edge)                                               0.000000   0.000000
  clock network delay (ideal)                                             0.000000   0.000000
  clock uncertainty                                                       0.020000   0.020000
  target_medium_therm_q_reg[0]/CK (DFFRPQ_X1M_A9TR40)                     0.000000   0.020000 r
  library hold time                                                       0.034451   0.054451
  data required time                                                                 0.054451
  ----------------------------------------------------------------------------------------------
  data required time                                                                 0.054451
  data arrival time                                                                  -0.394842
  ----------------------------------------------------------------------------------------------
  slack (MET)                                                                        0.340392


  Startpoint: margin_sel_i[0]
              (input port clocked by cal_clk)
  Endpoint: target_medium_therm_q_reg[1]
            (rising edge-triggered flip-flop clocked by cal_clk)
  Path Group: cal_clk
  Path Type: min

  Des/Clust/Port     Wire Load Model       Library
  ------------------------------------------------
  ftc_detection_margin_manager
                     Small                 sc9mc_logic0040ll_base_rvt_c40_ss_typical_max_0p99v_125c

  Point                                       Fanout       Cap     Trans      Incr       Path
  ----------------------------------------------------------------------------------------------
  clock cal_clk (rise edge)                                               0.000000   0.000000
  clock network delay (ideal)                                             0.000000   0.000000
  input external delay                                                    0.000000   0.000000 f
  margin_sel_i[0] (in)                                          0.000000  0.000000   0.000000 f
  margin_sel_i[0] (net)                         7     0.008719            0.000000   0.000000 f
  u_exact_mapper/margin_sel_i[0] (ftc_detection_margin_mapper)            0.000000   0.000000 f
  u_exact_mapper/margin_sel_i[0] (net)                0.008719            0.000000   0.000000 f
  u_exact_mapper/U32/B (NAND2_X0P5A_A9TR40)                     0.000000  0.000014   0.000014 f
  u_exact_mapper/U32/Y (NAND2_X0P5A_A9TR40)                     0.175746  0.096952   0.096966 r
  u_exact_mapper/n14 (net)                      3     0.004066            0.000000   0.096966 r
  u_exact_mapper/U16/C (NAND3BB_X1M_A9TR40)                     0.175746  0.000018   0.096985 r
  u_exact_mapper/U16/Y (NAND3BB_X1M_A9TR40)                     0.144885  0.155914   0.252899 f
  u_exact_mapper/mapping_supported_o (net)      5     0.006742            0.000000   0.252899 f
  u_exact_mapper/target_medium_therm_o[1] (ftc_detection_margin_mapper)   0.000000   0.252899 f
  mapper_medium_therm[1] (net)                        0.006742            0.000000   0.252899 f
  U69/B0 (AO22_X0P5M_A9TR40)                                    0.144885  0.000015   0.252914 f
  U69/Y (AO22_X0P5M_A9TR40)                                     0.059002  0.141901   0.394816 f
  n96 (net)                                     1     0.001539            0.000000   0.394816 f
  target_medium_therm_q_reg[1]/D (DFFRPQ_X1M_A9TR40)            0.059002  0.000027   0.394842 f
  data arrival time                                                                  0.394842

  clock cal_clk (rise edge)                                               0.000000   0.000000
  clock network delay (ideal)                                             0.000000   0.000000
  clock uncertainty                                                       0.020000   0.020000
  target_medium_therm_q_reg[1]/CK (DFFRPQ_X1M_A9TR40)                     0.000000   0.020000 r
  library hold time                                                       0.034423   0.054423
  data required time                                                                 0.054423
  ----------------------------------------------------------------------------------------------
  data required time                                                                 0.054423
  data arrival time                                                                  -0.394842
  ----------------------------------------------------------------------------------------------
  slack (MET)                                                                        0.340420


  Startpoint: margin_sel_i[1]
              (input port clocked by cal_clk)
  Endpoint: target_medium_therm_q_reg[6]
            (rising edge-triggered flip-flop clocked by cal_clk)
  Path Group: cal_clk
  Path Type: min

  Des/Clust/Port     Wire Load Model       Library
  ------------------------------------------------
  ftc_detection_margin_manager
                     Small                 sc9mc_logic0040ll_base_rvt_c40_ss_typical_max_0p99v_125c

  Point                                       Fanout       Cap     Trans      Incr       Path
  ----------------------------------------------------------------------------------------------
  clock cal_clk (rise edge)                                               0.000000   0.000000
  clock network delay (ideal)                                             0.000000   0.000000
  input external delay                                                    0.000000   0.000000 r
  margin_sel_i[1] (in)                                          0.000000  0.000000   0.000000 r
  margin_sel_i[1] (net)                         5     0.007433            0.000000   0.000000 r
  u_exact_mapper/margin_sel_i[1] (ftc_detection_margin_mapper)            0.000000   0.000000 r
  u_exact_mapper/margin_sel_i[1] (net)                0.007433            0.000000   0.000000 r
  u_exact_mapper/U15/A (NOR2_X2A_A9TR40)                        0.000000  0.000024   0.000024 r
  u_exact_mapper/U15/Y (NOR2_X2A_A9TR40)                        0.040945  0.024592   0.024617 f
  u_exact_mapper/n26 (net)                      4     0.005250            0.000000   0.024617 f
  u_exact_mapper/U13/A (NAND3_X1M_A9TR40)                       0.040945  0.000017   0.024634 f
  u_exact_mapper/U13/Y (NAND3_X1M_A9TR40)                       0.195518  0.122440   0.147075 r
  u_exact_mapper/n17 (net)                      5     0.005992            0.000000   0.147075 r
  u_exact_mapper/U38/B (NAND2B_X1M_A9TR40)                      0.195518  0.000017   0.147092 r
  u_exact_mapper/U38/Y (NAND2B_X1M_A9TR40)                      0.091534  0.126710   0.273802 f
  u_exact_mapper/target_medium_therm_o[6]_snps (net)
                                                3     0.003730            0.000000   0.273802 f
  u_exact_mapper/target_medium_therm_o[6] (ftc_detection_margin_mapper)   0.000000   0.273802 f
  mapper_medium_therm[6] (net)                        0.003730            0.000000   0.273802 f
  U74/B0 (AO22_X0P5M_A9TR40)                                    0.091534  0.000017   0.273819 f
  U74/Y (AO22_X0P5M_A9TR40)                                     0.058366  0.122785   0.396603 f
  n101 (net)                                    1     0.001539            0.000000   0.396603 f
  target_medium_therm_q_reg[6]/D (DFFRPQ_X1M_A9TR40)            0.058366  0.000027   0.396630 f
  data arrival time                                                                  0.396630

  clock cal_clk (rise edge)                                               0.000000   0.000000
  clock network delay (ideal)                                             0.000000   0.000000
  clock uncertainty                                                       0.020000   0.020000
  target_medium_therm_q_reg[6]/CK (DFFRPQ_X1M_A9TR40)                     0.000000   0.020000 r
  library hold time                                                       0.034577   0.054577
  data required time                                                                 0.054577
  ----------------------------------------------------------------------------------------------
  data required time                                                                 0.054577
  data arrival time                                                                  -0.396630
  ----------------------------------------------------------------------------------------------
  slack (MET)                                                                        0.342053


  Startpoint: margin_sel_i[1]
              (input port clocked by cal_clk)
  Endpoint: target_medium_therm_q_reg[5]
            (rising edge-triggered flip-flop clocked by cal_clk)
  Path Group: cal_clk
  Path Type: min

  Des/Clust/Port     Wire Load Model       Library
  ------------------------------------------------
  ftc_detection_margin_manager
                     Small                 sc9mc_logic0040ll_base_rvt_c40_ss_typical_max_0p99v_125c

  Point                                       Fanout       Cap     Trans      Incr       Path
  ----------------------------------------------------------------------------------------------
  clock cal_clk (rise edge)                                               0.000000   0.000000
  clock network delay (ideal)                                             0.000000   0.000000
  input external delay                                                    0.000000   0.000000 r
  margin_sel_i[1] (in)                                          0.000000  0.000000   0.000000 r
  margin_sel_i[1] (net)                         5     0.007433            0.000000   0.000000 r
  u_exact_mapper/margin_sel_i[1] (ftc_detection_margin_mapper)            0.000000   0.000000 r
  u_exact_mapper/margin_sel_i[1] (net)                0.007433            0.000000   0.000000 r
  u_exact_mapper/U15/A (NOR2_X2A_A9TR40)                        0.000000  0.000024   0.000024 r
  u_exact_mapper/U15/Y (NOR2_X2A_A9TR40)                        0.040945  0.024592   0.024617 f
  u_exact_mapper/n26 (net)                      4     0.005250            0.000000   0.024617 f
  u_exact_mapper/U13/A (NAND3_X1M_A9TR40)                       0.040945  0.000017   0.024634 f
  u_exact_mapper/U13/Y (NAND3_X1M_A9TR40)                       0.195518  0.122440   0.147075 r
  u_exact_mapper/n17 (net)                      5     0.005992            0.000000   0.147075 r
  u_exact_mapper/U38/B (NAND2B_X1M_A9TR40)                      0.195518  0.000017   0.147092 r
  u_exact_mapper/U38/Y (NAND2B_X1M_A9TR40)                      0.091534  0.126710   0.273802 f
  u_exact_mapper/target_medium_therm_o[6]_snps (net)
                                                3     0.003730            0.000000   0.273802 f
  u_exact_mapper/target_medium_therm_o[5] (ftc_detection_margin_mapper)   0.000000   0.273802 f
  mapper_medium_therm[5] (net)                        0.003730            0.000000   0.273802 f
  U73/B0 (AO22_X0P5M_A9TR40)                                    0.091534  0.000017   0.273819 f
  U73/Y (AO22_X0P5M_A9TR40)                                     0.058366  0.122785   0.396603 f
  n100 (net)                                    1     0.001539            0.000000   0.396603 f
  target_medium_therm_q_reg[5]/D (DFFRPQ_X1M_A9TR40)            0.058366  0.000027   0.396630 f
  data arrival time                                                                  0.396630

  clock cal_clk (rise edge)                                               0.000000   0.000000
  clock network delay (ideal)                                             0.000000   0.000000
  clock uncertainty                                                       0.020000   0.020000
  target_medium_therm_q_reg[5]/CK (DFFRPQ_X1M_A9TR40)                     0.000000   0.020000 r
  library hold time                                                       0.034577   0.054577
  data required time                                                                 0.054577
  ----------------------------------------------------------------------------------------------
  data required time                                                                 0.054577
  data arrival time                                                                  -0.396630
  ----------------------------------------------------------------------------------------------
  slack (MET)                                                                        0.342053


  Startpoint: margin_select_valid_i
              (input port clocked by cal_clk)
  Endpoint: state_q_reg[1]
            (rising edge-triggered flip-flop clocked by cal_clk)
  Path Group: cal_clk
  Path Type: min

  Des/Clust/Port     Wire Load Model       Library
  ------------------------------------------------
  ftc_detection_margin_manager
                     Small                 sc9mc_logic0040ll_base_rvt_c40_ss_typical_max_0p99v_125c

  Point                                       Fanout       Cap     Trans      Incr       Path
  ----------------------------------------------------------------------------------------------
  clock cal_clk (rise edge)                                               0.000000   0.000000
  clock network delay (ideal)                                             0.000000   0.000000
  input external delay                                                    0.000000   0.000000 r
  margin_select_valid_i (in)                                    0.000000  0.000000   0.000000 r
  margin_select_valid_i (net)                   6     0.007186            0.000000   0.000000 r
  U124/B (NOR2_X0P5A_A9TR40)                                    0.000000  0.000014   0.000014 r
  U124/Y (NOR2_X0P5A_A9TR40)                                    0.078330  0.046052   0.046066 f
  n48 (net)                                     2     0.002581            0.000000   0.046066 f
  U158/B0 (OA21A1OI2_X0P7M_A9TR40)                              0.078330  0.000018   0.046084 f
  U158/Y (OA21A1OI2_X0P7M_A9TR40)                               0.127246  0.143175   0.189259 r
  n47 (net)                                     1     0.001459            0.000000   0.189259 r
  U161/C0 (OA21A1OI2_X0P7M_A9TR40)                              0.127246  0.000025   0.189284 r
  U161/Y (OA21A1OI2_X0P7M_A9TR40)                               0.077528  0.093640   0.282925 f
  n45 (net)                                     1     0.001416            0.000000   0.282925 f
  U108/A (INV_X0P5B_A9TR40)                                     0.077528  0.000024   0.282949 f
  U108/Y (INV_X0P5B_A9TR40)                                     0.082181  0.073493   0.356442 r
  n127 (net)                                    1     0.001559            0.000000   0.356442 r
  state_q_reg[1]/D (DFFRPQ_X1M_A9TR40)                          0.082181  0.000027   0.356469 r
  data arrival time                                                                  0.356469

  clock cal_clk (rise edge)                                               0.000000   0.000000
  clock network delay (ideal)                                             0.000000   0.000000
  clock uncertainty                                                       0.020000   0.020000
  state_q_reg[1]/CK (DFFRPQ_X1M_A9TR40)                                   0.000000   0.020000 r
  library hold time                                                       -0.019746  0.000254
  data required time                                                                 0.000254
  ----------------------------------------------------------------------------------------------
  data required time                                                                 0.000254
  data arrival time                                                                  -0.356469
  ----------------------------------------------------------------------------------------------
  slack (MET)                                                                        0.356214


  Startpoint: margin_sel_i[0]
              (input port clocked by cal_clk)
  Endpoint: trip_qualified_q_reg
            (rising edge-triggered flip-flop clocked by cal_clk)
  Path Group: cal_clk
  Path Type: min

  Des/Clust/Port     Wire Load Model       Library
  ------------------------------------------------
  ftc_detection_margin_manager
                     Small                 sc9mc_logic0040ll_base_rvt_c40_ss_typical_max_0p99v_125c

  Point                                       Fanout       Cap     Trans      Incr       Path
  ----------------------------------------------------------------------------------------------
  clock cal_clk (rise edge)                                               0.000000   0.000000
  clock network delay (ideal)                                             0.000000   0.000000
  input external delay                                                    0.000000   0.000000 f
  margin_sel_i[0] (in)                                          0.000000  0.000000   0.000000 f
  margin_sel_i[0] (net)                         7     0.008719            0.000000   0.000000 f
  u_exact_mapper/margin_sel_i[0] (ftc_detection_margin_mapper)            0.000000   0.000000 f
  u_exact_mapper/margin_sel_i[0] (net)                0.008719            0.000000   0.000000 f
  u_exact_mapper/U30/C (NAND3_X1M_A9TR40)                       0.000000  0.000016   0.000016 f
  u_exact_mapper/U30/Y (NAND3_X1M_A9TR40)                       0.187502  0.110788   0.110804 r
  u_exact_mapper/n9 (net)                       4     0.005682            0.000000   0.110804 r
  u_exact_mapper/U28/B (NAND3_X0P5M_A9TR40)                     0.187502  0.000015   0.110819 r
  u_exact_mapper/U28/Y (NAND3_X0P5M_A9TR40)                     0.112612  0.142735   0.253554 f
  u_exact_mapper/trip_qualified_o (net)         1     0.001449            0.000000   0.253554 f
  u_exact_mapper/trip_qualified_o (ftc_detection_margin_mapper)           0.000000   0.253554 f
  mapper_trip_qualified (net)                         0.001449            0.000000   0.253554 f
  U103/A0 (AO22_X0P5M_A9TR40)                                   0.112612  0.000025   0.253579 f
  U103/Y (AO22_X0P5M_A9TR40)                                    0.057691  0.160207   0.413787 f
  n125 (net)                                    1     0.001539            0.000000   0.413787 f
  trip_qualified_q_reg/D (DFFRPQ_X1M_A9TR40)                    0.057691  0.000027   0.413813 f
  data arrival time                                                                  0.413813

  clock cal_clk (rise edge)                                               0.000000   0.000000
  clock network delay (ideal)                                             0.000000   0.000000
  clock uncertainty                                                       0.020000   0.020000
  trip_qualified_q_reg/CK (DFFRPQ_X1M_A9TR40)                             0.000000   0.020000 r
  library hold time                                                       0.034740   0.054740
  data required time                                                                 0.054740
  ----------------------------------------------------------------------------------------------
  data required time                                                                 0.054740
  data arrival time                                                                  -0.413813
  ----------------------------------------------------------------------------------------------
  slack (MET)                                                                        0.359073


  Startpoint: margin_sel_i[0]
              (input port clocked by cal_clk)
  Endpoint: target_medium_therm_q_reg[4]
            (rising edge-triggered flip-flop clocked by cal_clk)
  Path Group: cal_clk
  Path Type: min

  Des/Clust/Port     Wire Load Model       Library
  ------------------------------------------------
  ftc_detection_margin_manager
                     Small                 sc9mc_logic0040ll_base_rvt_c40_ss_typical_max_0p99v_125c

  Point                                       Fanout       Cap     Trans      Incr       Path
  ----------------------------------------------------------------------------------------------
  clock cal_clk (rise edge)                                               0.000000   0.000000
  clock network delay (ideal)                                             0.000000   0.000000
  input external delay                                                    0.000000   0.000000 f
  margin_sel_i[0] (in)                                          0.000000  0.000000   0.000000 f
  margin_sel_i[0] (net)                         7     0.008719            0.000000   0.000000 f
  u_exact_mapper/margin_sel_i[0] (ftc_detection_margin_mapper)            0.000000   0.000000 f
  u_exact_mapper/margin_sel_i[0] (net)                0.008719            0.000000   0.000000 f
  u_exact_mapper/U48/A (NAND3_X1M_A9TR40)                       0.000000  0.000016   0.000016 f
  u_exact_mapper/U48/Y (NAND3_X1M_A9TR40)                       0.101416  0.057353   0.057369 r
  u_exact_mapper/n21 (net)                      2     0.002607            0.000000   0.057369 r
  u_exact_mapper/U8/B (AND2_X1M_A9TR40)                         0.101416  0.000019   0.057389 r
  u_exact_mapper/U8/Y (AND2_X1M_A9TR40)                         0.120186  0.159304   0.216693 r
  u_exact_mapper/n8 (net)                       4     0.004923            0.000000   0.216693 r
  u_exact_mapper/U40/B (NAND2B_X1M_A9TR40)                      0.120186  0.000018   0.216711 r
  u_exact_mapper/U40/Y (NAND2B_X1M_A9TR40)                      0.073498  0.089448   0.306159 f
  u_exact_mapper/target_medium_therm_o[4] (net)
                                                2     0.002660            0.000000   0.306159 f
  u_exact_mapper/target_medium_therm_o[4] (ftc_detection_margin_mapper)   0.000000   0.306159 f
  mapper_medium_therm[4] (net)                        0.002660            0.000000   0.306159 f
  U72/B0 (AO22_X0P5M_A9TR40)                                    0.073498  0.000019   0.306178 f
  U72/Y (AO22_X0P5M_A9TR40)                                     0.058098  0.116322   0.422500 f
  n99 (net)                                     1     0.001539            0.000000   0.422500 f
  target_medium_therm_q_reg[4]/D (DFFRPQ_X1M_A9TR40)            0.058098  0.000027   0.422526 f
  data arrival time                                                                  0.422526

  clock cal_clk (rise edge)                                               0.000000   0.000000
  clock network delay (ideal)                                             0.000000   0.000000
  clock uncertainty                                                       0.020000   0.020000
  target_medium_therm_q_reg[4]/CK (DFFRPQ_X1M_A9TR40)                     0.000000   0.020000 r
  library hold time                                                       0.034642   0.054642
  data required time                                                                 0.054642
  ----------------------------------------------------------------------------------------------
  data required time                                                                 0.054642
  data arrival time                                                                  -0.422526
  ----------------------------------------------------------------------------------------------
  slack (MET)                                                                        0.367885


  Startpoint: margin_sel_i[1]
              (input port clocked by cal_clk)
  Endpoint: m_det_q_reg[0]
            (rising edge-triggered flip-flop clocked by cal_clk)
  Path Group: cal_clk
  Path Type: min

  Des/Clust/Port     Wire Load Model       Library
  ------------------------------------------------
  ftc_detection_margin_manager
                     Small                 sc9mc_logic0040ll_base_rvt_c40_ss_typical_max_0p99v_125c

  Point                                       Fanout       Cap     Trans      Incr       Path
  ----------------------------------------------------------------------------------------------
  clock cal_clk (rise edge)                                               0.000000   0.000000
  clock network delay (ideal)                                             0.000000   0.000000
  input external delay                                                    0.000000   0.000000 f
  margin_sel_i[1] (in)                                          0.000000  0.000000   0.000000 f
  margin_sel_i[1] (net)                         5     0.007288            0.000000   0.000000 f
  u_exact_mapper/margin_sel_i[1] (ftc_detection_margin_mapper)            0.000000   0.000000 f
  u_exact_mapper/margin_sel_i[1] (net)                0.007288            0.000000   0.000000 f
  u_exact_mapper/U31/A (NAND2_X0P5M_A9TR40)                     0.000000  0.000015   0.000015 f
  u_exact_mapper/U31/Y (NAND2_X0P5M_A9TR40)                     0.211657  0.114739   0.114754 r
  u_exact_mapper/n15 (net)                      3     0.004359            0.000000   0.114754 r
  u_exact_mapper/U27/B (NAND3_X0P5M_A9TR40)                     0.211657  0.000016   0.114770 r
  u_exact_mapper/U27/Y (NAND3_X0P5M_A9TR40)                     0.113598  0.149732   0.264502 f
  u_exact_mapper/m_det_o[0] (net)               1     0.001449            0.000000   0.264502 f
  u_exact_mapper/m_det_o[0] (ftc_detection_margin_mapper)                 0.000000   0.264502 f
  mapper_m_det[0] (net)                               0.001449            0.000000   0.264502 f
  U98/A0 (AO22_X0P5M_A9TR40)                                    0.113598  0.000025   0.264527 f
  U98/Y (AO22_X0P5M_A9TR40)                                     0.057691  0.160598   0.425126 f
  n120 (net)                                    1     0.001539            0.000000   0.425126 f
  m_det_q_reg[0]/D (DFFRPQ_X1M_A9TR40)                          0.057691  0.000027   0.425152 f
  data arrival time                                                                  0.425152

  clock cal_clk (rise edge)                                               0.000000   0.000000
  clock network delay (ideal)                                             0.000000   0.000000
  clock uncertainty                                                       0.020000   0.020000
  m_det_q_reg[0]/CK (DFFRPQ_X1M_A9TR40)                                   0.000000   0.020000 r
  library hold time                                                       0.034740   0.054740
  data required time                                                                 0.054740
  ----------------------------------------------------------------------------------------------
  data required time                                                                 0.054740
  data arrival time                                                                  -0.425152
  ----------------------------------------------------------------------------------------------
  slack (MET)                                                                        0.370412


  Startpoint: margin_sel_i[1]
              (input port clocked by cal_clk)
  Endpoint: m_det_q_reg[2]
            (rising edge-triggered flip-flop clocked by cal_clk)
  Path Group: cal_clk
  Path Type: min

  Des/Clust/Port     Wire Load Model       Library
  ------------------------------------------------
  ftc_detection_margin_manager
                     Small                 sc9mc_logic0040ll_base_rvt_c40_ss_typical_max_0p99v_125c

  Point                                       Fanout       Cap     Trans      Incr       Path
  ----------------------------------------------------------------------------------------------
  clock cal_clk (rise edge)                                               0.000000   0.000000
  clock network delay (ideal)                                             0.000000   0.000000
  input external delay                                                    0.000000   0.000000 r
  margin_sel_i[1] (in)                                          0.000000  0.000000   0.000000 r
  margin_sel_i[1] (net)                         5     0.007433            0.000000   0.000000 r
  u_exact_mapper/margin_sel_i[1] (ftc_detection_margin_mapper)            0.000000   0.000000 r
  u_exact_mapper/margin_sel_i[1] (net)                0.007433            0.000000   0.000000 r
  u_exact_mapper/U15/A (NOR2_X2A_A9TR40)                        0.000000  0.000024   0.000024 r
  u_exact_mapper/U15/Y (NOR2_X2A_A9TR40)                        0.040945  0.024592   0.024617 f
  u_exact_mapper/n26 (net)                      4     0.005250            0.000000   0.024617 f
  u_exact_mapper/U19/A (NAND3_X1M_A9TR40)                       0.040945  0.000017   0.024634 f
  u_exact_mapper/U19/Y (NAND3_X1M_A9TR40)                       0.152369  0.100196   0.124830 r
  u_exact_mapper/n16 (net)                      3     0.004439            0.000000   0.124830 r
  u_exact_mapper/U26/B (NAND4_X0P5M_A9TR40)                     0.152369  0.000016   0.124846 r
  u_exact_mapper/U26/Y (NAND4_X0P5M_A9TR40)                     0.139424  0.146046   0.270892 f
  u_exact_mapper/m_det_o[2] (net)               1     0.001449            0.000000   0.270892 f
  u_exact_mapper/m_det_o[2] (ftc_detection_margin_mapper)                 0.000000   0.270892 f
  mapper_m_det[2] (net)                               0.001449            0.000000   0.270892 f
  U100/A0 (AO22_X0P5M_A9TR40)                                   0.139424  0.000025   0.270917 f
  U100/Y (AO22_X0P5M_A9TR40)                                    0.057691  0.170847   0.441764 f
  n122 (net)                                    1     0.001539            0.000000   0.441764 f
  m_det_q_reg[2]/D (DFFRPQ_X1M_A9TR40)                          0.057691  0.000027   0.441791 f
  data arrival time                                                                  0.441791

  clock cal_clk (rise edge)                                               0.000000   0.000000
  clock network delay (ideal)                                             0.000000   0.000000
  clock uncertainty                                                       0.020000   0.020000
  m_det_q_reg[2]/CK (DFFRPQ_X1M_A9TR40)                                   0.000000   0.020000 r
  library hold time                                                       0.034740   0.054740
  data required time                                                                 0.054740
  ----------------------------------------------------------------------------------------------
  data required time                                                                 0.054740
  data arrival time                                                                  -0.441791
  ----------------------------------------------------------------------------------------------
  slack (MET)                                                                        0.387050


  Startpoint: margin_sel_i[0]
              (input port clocked by cal_clk)
  Endpoint: f_det_q_reg[2]
            (rising edge-triggered flip-flop clocked by cal_clk)
  Path Group: cal_clk
  Path Type: min

  Des/Clust/Port     Wire Load Model       Library
  ------------------------------------------------
  ftc_detection_margin_manager
                     Small                 sc9mc_logic0040ll_base_rvt_c40_ss_typical_max_0p99v_125c

  Point                                       Fanout       Cap     Trans      Incr       Path
  ----------------------------------------------------------------------------------------------
  clock cal_clk (rise edge)                                               0.000000   0.000000
  clock network delay (ideal)                                             0.000000   0.000000
  input external delay                                                    0.000000   0.000000 f
  margin_sel_i[0] (in)                                          0.000000  0.000000   0.000000 f
  margin_sel_i[0] (net)                         7     0.008719            0.000000   0.000000 f
  u_exact_mapper/margin_sel_i[0] (ftc_detection_margin_mapper)            0.000000   0.000000 f
  u_exact_mapper/margin_sel_i[0] (net)                0.008719            0.000000   0.000000 f
  u_exact_mapper/U11/A (NAND3_X1M_A9TR40)                       0.000000  0.000016   0.000016 f
  u_exact_mapper/U11/Y (NAND3_X1M_A9TR40)                       0.105018  0.059196   0.059212 r
  u_exact_mapper/n19 (net)                      2     0.002737            0.000000   0.059212 r
  u_exact_mapper/U23/C (NAND4_X0P7M_A9TR40)                     0.105018  0.000018   0.059231 r
  u_exact_mapper/U23/Y (NAND4_X0P7M_A9TR40)                     0.226524  0.187733   0.246964 f
  u_exact_mapper/f_det_o[2] (net)               3     0.003856            0.000000   0.246964 f
  u_exact_mapper/f_det_o[2] (ftc_detection_margin_mapper)                 0.000000   0.246964 f
  mapper_f_det[2] (net)                               0.003856            0.000000   0.246964 f
  U96/A0 (AO22_X0P5M_A9TR40)                                    0.226524  0.000017   0.246980 f
  U96/Y (AO22_X0P5M_A9TR40)                                     0.057691  0.200733   0.447713 f
  n118 (net)                                    1     0.001539            0.000000   0.447713 f
  f_det_q_reg[2]/D (DFFRPQ_X1M_A9TR40)                          0.057691  0.000027   0.447740 f
  data arrival time                                                                  0.447740

  clock cal_clk (rise edge)                                               0.000000   0.000000
  clock network delay (ideal)                                             0.000000   0.000000
  clock uncertainty                                                       0.020000   0.020000
  f_det_q_reg[2]/CK (DFFRPQ_X1M_A9TR40)                                   0.000000   0.020000 r
  library hold time                                                       0.034740   0.054740
  data required time                                                                 0.054740
  ----------------------------------------------------------------------------------------------
  data required time                                                                 0.054740
  data arrival time                                                                  -0.447740
  ----------------------------------------------------------------------------------------------
  slack (MET)                                                                        0.392999


  Startpoint: handoff_blocked_i
              (input port clocked by cal_clk)
  Endpoint: target_fine_therm_q_reg[4]
            (rising edge-triggered flip-flop clocked by cal_clk)
  Path Group: cal_clk
  Path Type: min

  Des/Clust/Port     Wire Load Model       Library
  ------------------------------------------------
  ftc_detection_margin_manager
                     Small                 sc9mc_logic0040ll_base_rvt_c40_ss_typical_max_0p99v_125c

  Point                                       Fanout       Cap     Trans      Incr       Path
  ----------------------------------------------------------------------------------------------
  clock cal_clk (rise edge)                                               0.000000   0.000000
  clock network delay (ideal)                                             0.000000   0.000000
  input external delay                                                    0.100000   0.100000 r
  handoff_blocked_i (in)                                        0.000000  0.000000   0.100000 r
  handoff_blocked_i (net)                       5     0.006193            0.000000   0.100000 r
  U168/AN (NAND3BB_X1M_A9TR40)                                  0.000000  0.000016   0.100016 r
  U168/Y (NAND3BB_X1M_A9TR40)                                   0.085603  0.086288   0.186304 r
  n21 (net)                                     1     0.002766            0.000000   0.186304 r
  U140/A (INV_X3P5B_A9TR40)                                     0.085603  0.000048   0.186352 r
  U140/Y (INV_X3P5B_A9TR40)                                     0.047254  0.055660   0.242012 f
  n163 (net)                                    5     0.006508            0.000000   0.242012 f
  U138/A (BUF_X2P5M_A9TR40)                                     0.047254  0.000017   0.242030 f
  U138/Y (BUF_X2P5M_A9TR40)                                     0.067688  0.112380   0.354410 f
  n160 (net)                                    8     0.009657            0.000000   0.354410 f
  U49/B1 (AO22_X0P5M_A9TR40)                                    0.067688  0.000014   0.354425 f
  U49/Y (AO22_X0P5M_A9TR40)                                     0.059187  0.121849   0.476273 f
  n84 (net)                                     1     0.001556            0.000000   0.476273 f
  target_fine_therm_q_reg[4]/D (DFFSQ_X1M_A9TR40)               0.059187  0.000027   0.476300 f
  data arrival time                                                                  0.476300

  clock cal_clk (rise edge)                                               0.000000   0.000000
  clock network delay (ideal)                                             0.000000   0.000000
  clock uncertainty                                                       0.020000   0.020000
  target_fine_therm_q_reg[4]/CK (DFFSQ_X1M_A9TR40)                        0.000000   0.020000 r
  library hold time                                                       0.047075   0.067075
  data required time                                                                 0.067075
  ----------------------------------------------------------------------------------------------
  data required time                                                                 0.067075
  data arrival time                                                                  -0.476300
  ----------------------------------------------------------------------------------------------
  slack (MET)                                                                        0.409225


  Startpoint: handoff_blocked_i
              (input port clocked by cal_clk)
  Endpoint: target_fine_therm_q_reg[2]
            (rising edge-triggered flip-flop clocked by cal_clk)
  Path Group: cal_clk
  Path Type: min

  Des/Clust/Port     Wire Load Model       Library
  ------------------------------------------------
  ftc_detection_margin_manager
                     Small                 sc9mc_logic0040ll_base_rvt_c40_ss_typical_max_0p99v_125c

  Point                                       Fanout       Cap     Trans      Incr       Path
  ----------------------------------------------------------------------------------------------
  clock cal_clk (rise edge)                                               0.000000   0.000000
  clock network delay (ideal)                                             0.000000   0.000000
  input external delay                                                    0.100000   0.100000 r
  handoff_blocked_i (in)                                        0.000000  0.000000   0.100000 r
  handoff_blocked_i (net)                       5     0.006193            0.000000   0.100000 r
  U168/AN (NAND3BB_X1M_A9TR40)                                  0.000000  0.000016   0.100016 r
  U168/Y (NAND3BB_X1M_A9TR40)                                   0.085603  0.086288   0.186304 r
  n21 (net)                                     1     0.002766            0.000000   0.186304 r
  U140/A (INV_X3P5B_A9TR40)                                     0.085603  0.000048   0.186352 r
  U140/Y (INV_X3P5B_A9TR40)                                     0.047254  0.055660   0.242012 f
  n163 (net)                                    5     0.006508            0.000000   0.242012 f
  U139/A (BUF_X2M_A9TR40)                                       0.047254  0.000017   0.242029 f
  U139/Y (BUF_X2M_A9TR40)                                       0.071683  0.113290   0.355319 f
  n159 (net)                                    7     0.008978            0.000000   0.355319 f
  U43/B1 (AO22_X0P5M_A9TR40)                                    0.071683  0.000015   0.355334 f
  U43/Y (AO22_X0P5M_A9TR40)                                     0.059224  0.123333   0.478667 f
  n80 (net)                                     1     0.001556            0.000000   0.478667 f
  target_fine_therm_q_reg[2]/D (DFFSQ_X1M_A9TR40)               0.059224  0.000027   0.478694 f
  data arrival time                                                                  0.478694

  clock cal_clk (rise edge)                                               0.000000   0.000000
  clock network delay (ideal)                                             0.000000   0.000000
  clock uncertainty                                                       0.020000   0.020000
  target_fine_therm_q_reg[2]/CK (DFFSQ_X1M_A9TR40)                        0.000000   0.020000 r
  library hold time                                                       0.047067   0.067067
  data required time                                                                 0.067067
  ----------------------------------------------------------------------------------------------
  data required time                                                                 0.067067
  data arrival time                                                                  -0.478694
  ----------------------------------------------------------------------------------------------
  slack (MET)                                                                        0.411627


  Startpoint: handoff_blocked_i
              (input port clocked by cal_clk)
  Endpoint: target_fine_therm_q_reg[0]
            (rising edge-triggered flip-flop clocked by cal_clk)
  Path Group: cal_clk
  Path Type: min

  Des/Clust/Port     Wire Load Model       Library
  ------------------------------------------------
  ftc_detection_margin_manager
                     Small                 sc9mc_logic0040ll_base_rvt_c40_ss_typical_max_0p99v_125c

  Point                                       Fanout       Cap     Trans      Incr       Path
  ----------------------------------------------------------------------------------------------
  clock cal_clk (rise edge)                                               0.000000   0.000000
  clock network delay (ideal)                                             0.000000   0.000000
  input external delay                                                    0.100000   0.100000 r
  handoff_blocked_i (in)                                        0.000000  0.000000   0.100000 r
  handoff_blocked_i (net)                       5     0.006193            0.000000   0.100000 r
  U168/AN (NAND3BB_X1M_A9TR40)                                  0.000000  0.000016   0.100016 r
  U168/Y (NAND3BB_X1M_A9TR40)                                   0.085603  0.086288   0.186304 r
  n21 (net)                                     1     0.002766            0.000000   0.186304 r
  U140/A (INV_X3P5B_A9TR40)                                     0.085603  0.000048   0.186352 r
  U140/Y (INV_X3P5B_A9TR40)                                     0.047254  0.055660   0.242012 f
  n163 (net)                                    5     0.006508            0.000000   0.242012 f
  U139/A (BUF_X2M_A9TR40)                                       0.047254  0.000017   0.242029 f
  U139/Y (BUF_X2M_A9TR40)                                       0.071683  0.113290   0.355319 f
  n159 (net)                                    7     0.008978            0.000000   0.355319 f
  U37/B1 (AO22_X0P5M_A9TR40)                                    0.071683  0.000015   0.355334 f
  U37/Y (AO22_X0P5M_A9TR40)                                     0.059224  0.123333   0.478667 f
  n76 (net)                                     1     0.001556            0.000000   0.478667 f
  target_fine_therm_q_reg[0]/D (DFFSQ_X1M_A9TR40)               0.059224  0.000027   0.478694 f
  data arrival time                                                                  0.478694

  clock cal_clk (rise edge)                                               0.000000   0.000000
  clock network delay (ideal)                                             0.000000   0.000000
  clock uncertainty                                                       0.020000   0.020000
  target_fine_therm_q_reg[0]/CK (DFFSQ_X1M_A9TR40)                        0.000000   0.020000 r
  library hold time                                                       0.047067   0.067067
  data required time                                                                 0.067067
  ----------------------------------------------------------------------------------------------
  data required time                                                                 0.067067
  data arrival time                                                                  -0.478694
  ----------------------------------------------------------------------------------------------
  slack (MET)                                                                        0.411627


  Startpoint: handoff_blocked_i
              (input port clocked by cal_clk)
  Endpoint: target_fine_therm_q_reg[6]
            (rising edge-triggered flip-flop clocked by cal_clk)
  Path Group: cal_clk
  Path Type: min

  Des/Clust/Port     Wire Load Model       Library
  ------------------------------------------------
  ftc_detection_margin_manager
                     Small                 sc9mc_logic0040ll_base_rvt_c40_ss_typical_max_0p99v_125c

  Point                                       Fanout       Cap     Trans      Incr       Path
  ----------------------------------------------------------------------------------------------
  clock cal_clk (rise edge)                                               0.000000   0.000000
  clock network delay (ideal)                                             0.000000   0.000000
  input external delay                                                    0.100000   0.100000 r
  handoff_blocked_i (in)                                        0.000000  0.000000   0.100000 r
  handoff_blocked_i (net)                       5     0.006193            0.000000   0.100000 r
  U168/AN (NAND3BB_X1M_A9TR40)                                  0.000000  0.000016   0.100016 r
  U168/Y (NAND3BB_X1M_A9TR40)                                   0.085603  0.086288   0.186304 r
  n21 (net)                                     1     0.002766            0.000000   0.186304 r
  U140/A (INV_X3P5B_A9TR40)                                     0.085603  0.000048   0.186352 r
  U140/Y (INV_X3P5B_A9TR40)                                     0.047254  0.055660   0.242012 f
  n163 (net)                                    5     0.006508            0.000000   0.242012 f
  U135/A (BUF_X1P2M_A9TR40)                                     0.047254  0.000016   0.242028 f
  U135/Y (BUF_X1P2M_A9TR40)                                     0.098298  0.140149   0.382178 f
  n136 (net)                                    6     0.008331            0.000000   0.382178 f
  U55/B1 (AO22_X0P5M_A9TR40)                                    0.098298  0.000015   0.382192 f
  U55/Y (AO22_X0P5M_A9TR40)                                     0.058401  0.133227   0.515419 f
  n88 (net)                                     1     0.001556            0.000000   0.515419 f
  target_fine_therm_q_reg[6]/D (DFFSQ_X1M_A9TR40)               0.058401  0.000027   0.515446 f
  data arrival time                                                                  0.515446

  clock cal_clk (rise edge)                                               0.000000   0.000000
  clock network delay (ideal)                                             0.000000   0.000000
  clock uncertainty                                                       0.020000   0.020000
  target_fine_therm_q_reg[6]/CK (DFFSQ_X1M_A9TR40)                        0.000000   0.020000 r
  library hold time                                                       0.047253   0.067253
  data required time                                                                 0.067253
  ----------------------------------------------------------------------------------------------
  data required time                                                                 0.067253
  data arrival time                                                                  -0.515446
  ----------------------------------------------------------------------------------------------
  slack (MET)                                                                        0.448193


  Startpoint: handoff_blocked_i
              (input port clocked by cal_clk)
  Endpoint: target_fine_therm_q_reg[1]
            (rising edge-triggered flip-flop clocked by cal_clk)
  Path Group: cal_clk
  Path Type: min

  Des/Clust/Port     Wire Load Model       Library
  ------------------------------------------------
  ftc_detection_margin_manager
                     Small                 sc9mc_logic0040ll_base_rvt_c40_ss_typical_max_0p99v_125c

  Point                                       Fanout       Cap     Trans      Incr       Path
  ----------------------------------------------------------------------------------------------
  clock cal_clk (rise edge)                                               0.000000   0.000000
  clock network delay (ideal)                                             0.000000   0.000000
  input external delay                                                    0.100000   0.100000 r
  handoff_blocked_i (in)                                        0.000000  0.000000   0.100000 r
  handoff_blocked_i (net)                       5     0.006193            0.000000   0.100000 r
  U168/AN (NAND3BB_X1M_A9TR40)                                  0.000000  0.000016   0.100016 r
  U168/Y (NAND3BB_X1M_A9TR40)                                   0.085603  0.086288   0.186304 r
  n21 (net)                                     1     0.002766            0.000000   0.186304 r
  U140/A (INV_X3P5B_A9TR40)                                     0.085603  0.000048   0.186352 r
  U140/Y (INV_X3P5B_A9TR40)                                     0.047254  0.055660   0.242012 f
  n163 (net)                                    5     0.006508            0.000000   0.242012 f
  U135/A (BUF_X1P2M_A9TR40)                                     0.047254  0.000016   0.242028 f
  U135/Y (BUF_X1P2M_A9TR40)                                     0.098298  0.140149   0.382178 f
  n136 (net)                                    6     0.008331            0.000000   0.382178 f
  U40/B1 (AO22_X0P5M_A9TR40)                                    0.098298  0.000015   0.382192 f
  U40/Y (AO22_X0P5M_A9TR40)                                     0.059469  0.133227   0.515419 f
  n78 (net)                                     1     0.001556            0.000000   0.515419 f
  target_fine_therm_q_reg[1]/D (DFFSQ_X1M_A9TR40)               0.059469  0.000027   0.515446 f
  data arrival time                                                                  0.515446

  clock cal_clk (rise edge)                                               0.000000   0.000000
  clock network delay (ideal)                                             0.000000   0.000000
  clock uncertainty                                                       0.020000   0.020000
  target_fine_therm_q_reg[1]/CK (DFFSQ_X1M_A9TR40)                        0.000000   0.020000 r
  library hold time                                                       0.047012   0.067012
  data required time                                                                 0.067012
  ----------------------------------------------------------------------------------------------
  data required time                                                                 0.067012
  data arrival time                                                                  -0.515446
  ----------------------------------------------------------------------------------------------
  slack (MET)                                                                        0.448434


  Startpoint: handoff_blocked_i
              (input port clocked by cal_clk)
  Endpoint: target_fine_therm_q_reg[5]
            (rising edge-triggered flip-flop clocked by cal_clk)
  Path Group: cal_clk
  Path Type: min

  Des/Clust/Port     Wire Load Model       Library
  ------------------------------------------------
  ftc_detection_margin_manager
                     Small                 sc9mc_logic0040ll_base_rvt_c40_ss_typical_max_0p99v_125c

  Point                                       Fanout       Cap     Trans      Incr       Path
  ----------------------------------------------------------------------------------------------
  clock cal_clk (rise edge)                                               0.000000   0.000000
  clock network delay (ideal)                                             0.000000   0.000000
  input external delay                                                    0.100000   0.100000 r
  handoff_blocked_i (in)                                        0.000000  0.000000   0.100000 r
  handoff_blocked_i (net)                       5     0.006193            0.000000   0.100000 r
  U168/AN (NAND3BB_X1M_A9TR40)                                  0.000000  0.000016   0.100016 r
  U168/Y (NAND3BB_X1M_A9TR40)                                   0.085603  0.086288   0.186304 r
  n21 (net)                                     1     0.002766            0.000000   0.186304 r
  U140/A (INV_X3P5B_A9TR40)                                     0.085603  0.000048   0.186352 r
  U140/Y (INV_X3P5B_A9TR40)                                     0.047254  0.055660   0.242012 f
  n163 (net)                                    5     0.006508            0.000000   0.242012 f
  U156/A (BUFH_X1M_A9TR40)                                      0.047254  0.000017   0.242030 f
  U156/Y (BUFH_X1M_A9TR40)                                      0.035866  0.076929   0.318958 f
  n157 (net)                                    1     0.001588            0.000000   0.318958 f
  U182/A (BUFH_X1M_A9TR40)                                      0.035866  0.000027   0.318986 f
  U182/Y (BUFH_X1M_A9TR40)                                      0.095786  0.108578   0.427564 f
  n161 (net)                                    6     0.007061            0.000000   0.427564 f
  U52/B1 (AO22_X0P5M_A9TR40)                                    0.095786  0.000015   0.427579 f
  U52/Y (AO22_X0P5M_A9TR40)                                     0.059446  0.132293   0.559872 f
  n86 (net)                                     1     0.001556            0.000000   0.559872 f
  target_fine_therm_q_reg[5]/D (DFFSQ_X1M_A9TR40)               0.059446  0.000027   0.559899 f
  data arrival time                                                                  0.559899

  clock cal_clk (rise edge)                                               0.000000   0.000000
  clock network delay (ideal)                                             0.000000   0.000000
  clock uncertainty                                                       0.020000   0.020000
  target_fine_therm_q_reg[5]/CK (DFFSQ_X1M_A9TR40)                        0.000000   0.020000 r
  library hold time                                                       0.047017   0.067017
  data required time                                                                 0.067017
  ----------------------------------------------------------------------------------------------
  data required time                                                                 0.067017
  data arrival time                                                                  -0.559899
  ----------------------------------------------------------------------------------------------
  slack (MET)                                                                        0.492882


  Startpoint: handoff_blocked_i
              (input port clocked by cal_clk)
  Endpoint: target_fine_therm_q_reg[7]
            (rising edge-triggered flip-flop clocked by cal_clk)
  Path Group: cal_clk
  Path Type: min

  Des/Clust/Port     Wire Load Model       Library
  ------------------------------------------------
  ftc_detection_margin_manager
                     Small                 sc9mc_logic0040ll_base_rvt_c40_ss_typical_max_0p99v_125c

  Point                                       Fanout       Cap     Trans      Incr       Path
  ----------------------------------------------------------------------------------------------
  clock cal_clk (rise edge)                                               0.000000   0.000000
  clock network delay (ideal)                                             0.000000   0.000000
  input external delay                                                    0.100000   0.100000 r
  handoff_blocked_i (in)                                        0.000000  0.000000   0.100000 r
  handoff_blocked_i (net)                       5     0.006193            0.000000   0.100000 r
  U168/AN (NAND3BB_X1M_A9TR40)                                  0.000000  0.000016   0.100016 r
  U168/Y (NAND3BB_X1M_A9TR40)                                   0.085603  0.086288   0.186304 r
  n21 (net)                                     1     0.002766            0.000000   0.186304 r
  U140/A (INV_X3P5B_A9TR40)                                     0.085603  0.000048   0.186352 r
  U140/Y (INV_X3P5B_A9TR40)                                     0.047254  0.055660   0.242012 f
  n163 (net)                                    5     0.006508            0.000000   0.242012 f
  U155/A (BUF_X1M_A9TR40)                                       0.047254  0.000016   0.242028 f
  U155/Y (BUF_X1M_A9TR40)                                       0.041847  0.095433   0.337462 f
  n162 (net)                                    1     0.001588            0.000000   0.337462 f
  U164/A (BUFH_X1M_A9TR40)                                      0.041847  0.000027   0.337489 f
  U164/Y (BUFH_X1M_A9TR40)                                      0.084125  0.104070   0.441559 f
  n158 (net)                                    5     0.006000            0.000000   0.441559 f
  U58/B1 (AO22_X0P5M_A9TR40)                                    0.084125  0.000015   0.441574 f
  U58/Y (AO22_X0P5M_A9TR40)                                     0.058401  0.127958   0.569532 f
  n90 (net)                                     1     0.001556            0.000000   0.569532 f
  target_fine_therm_q_reg[7]/D (DFFSQ_X1M_A9TR40)               0.058401  0.000027   0.569559 f
  data arrival time                                                                  0.569559

  clock cal_clk (rise edge)                                               0.000000   0.000000
  clock network delay (ideal)                                             0.000000   0.000000
  clock uncertainty                                                       0.020000   0.020000
  target_fine_therm_q_reg[7]/CK (DFFSQ_X1M_A9TR40)                        0.000000   0.020000 r
  library hold time                                                       0.047253   0.067253
  data required time                                                                 0.067253
  ----------------------------------------------------------------------------------------------
  data required time                                                                 0.067253
  data arrival time                                                                  -0.569559
  ----------------------------------------------------------------------------------------------
  slack (MET)                                                                        0.502306


  Startpoint: handoff_blocked_i
              (input port clocked by cal_clk)
  Endpoint: target_fine_therm_q_reg[3]
            (rising edge-triggered flip-flop clocked by cal_clk)
  Path Group: cal_clk
  Path Type: min

  Des/Clust/Port     Wire Load Model       Library
  ------------------------------------------------
  ftc_detection_margin_manager
                     Small                 sc9mc_logic0040ll_base_rvt_c40_ss_typical_max_0p99v_125c

  Point                                       Fanout       Cap     Trans      Incr       Path
  ----------------------------------------------------------------------------------------------
  clock cal_clk (rise edge)                                               0.000000   0.000000
  clock network delay (ideal)                                             0.000000   0.000000
  input external delay                                                    0.100000   0.100000 r
  handoff_blocked_i (in)                                        0.000000  0.000000   0.100000 r
  handoff_blocked_i (net)                       5     0.006193            0.000000   0.100000 r
  U168/AN (NAND3BB_X1M_A9TR40)                                  0.000000  0.000016   0.100016 r
  U168/Y (NAND3BB_X1M_A9TR40)                                   0.085603  0.086288   0.186304 r
  n21 (net)                                     1     0.002766            0.000000   0.186304 r
  U140/A (INV_X3P5B_A9TR40)                                     0.085603  0.000048   0.186352 r
  U140/Y (INV_X3P5B_A9TR40)                                     0.047254  0.055660   0.242012 f
  n163 (net)                                    5     0.006508            0.000000   0.242012 f
  U155/A (BUF_X1M_A9TR40)                                       0.047254  0.000016   0.242028 f
  U155/Y (BUF_X1M_A9TR40)                                       0.041847  0.095433   0.337462 f
  n162 (net)                                    1     0.001588            0.000000   0.337462 f
  U164/A (BUFH_X1M_A9TR40)                                      0.041847  0.000027   0.337489 f
  U164/Y (BUFH_X1M_A9TR40)                                      0.084125  0.104070   0.441559 f
  n158 (net)                                    5     0.006000            0.000000   0.441559 f
  U46/B1 (AO22_X0P5M_A9TR40)                                    0.084125  0.000015   0.441574 f
  U46/Y (AO22_X0P5M_A9TR40)                                     0.059339  0.127958   0.569532 f
  n82 (net)                                     1     0.001556            0.000000   0.569532 f
  target_fine_therm_q_reg[3]/D (DFFSQ_X1M_A9TR40)               0.059339  0.000027   0.569559 f
  data arrival time                                                                  0.569559

  clock cal_clk (rise edge)                                               0.000000   0.000000
  clock network delay (ideal)                                             0.000000   0.000000
  clock uncertainty                                                       0.020000   0.020000
  target_fine_therm_q_reg[3]/CK (DFFSQ_X1M_A9TR40)                        0.000000   0.020000 r
  library hold time                                                       0.047041   0.067041
  data required time                                                                 0.067041
  ----------------------------------------------------------------------------------------------
  data required time                                                                 0.067041
  data arrival time                                                                  -0.569559
  ----------------------------------------------------------------------------------------------
  slack (MET)                                                                        0.502518


  Startpoint: handoff_blocked_i
              (input port clocked by cal_clk)
  Endpoint: target_medium_therm_q_reg[15]
            (rising edge-triggered flip-flop clocked by cal_clk)
  Path Group: cal_clk
  Path Type: min

  Des/Clust/Port     Wire Load Model       Library
  ------------------------------------------------
  ftc_detection_margin_manager
                     Small                 sc9mc_logic0040ll_base_rvt_c40_ss_typical_max_0p99v_125c

  Point                                       Fanout       Cap     Trans      Incr       Path
  ----------------------------------------------------------------------------------------------
  clock cal_clk (rise edge)                                               0.000000   0.000000
  clock network delay (ideal)                                             0.000000   0.000000
  input external delay                                                    0.100000   0.100000 f
  handoff_blocked_i (in)                                        0.000000  0.000000   0.100000 f
  handoff_blocked_i (net)                       5     0.006167            0.000000   0.100000 f
  U168/AN (NAND3BB_X1M_A9TR40)                                  0.000000  0.000016   0.100016 f
  U168/Y (NAND3BB_X1M_A9TR40)                                   0.077256  0.111582   0.211598 f
  n21 (net)                                     1     0.002728            0.000000   0.211598 f
  U140/A (INV_X3P5B_A9TR40)                                     0.077256  0.000047   0.211645 f
  U140/Y (INV_X3P5B_A9TR40)                                     0.053819  0.052975   0.264620 r
  n163 (net)                                    5     0.006586            0.000000   0.264620 r
  U138/A (BUF_X2P5M_A9TR40)                                     0.053819  0.000018   0.264637 r
  U138/Y (BUF_X2P5M_A9TR40)                                     0.089825  0.107281   0.371918 r
  n160 (net)                                    8     0.009774            0.000000   0.371918 r
  U179/A (INV_X1M_A9TR40)                                       0.089825  0.000016   0.371935 r
  U179/Y (INV_X1M_A9TR40)                                       0.121214  0.106194   0.478128 f
  n156 (net)                                    8     0.009170            0.000000   0.478128 f
  U176/A (AND2_X0P7M_A9TR40)                                    0.121214  0.000014   0.478142 f
  U176/Y (AND2_X0P7M_A9TR40)                                    0.051817  0.144642   0.622784 f
  n146 (net)                                    1     0.001539            0.000000   0.622784 f
  target_medium_therm_q_reg[15]/D (DFFRPQ_X1M_A9TR40)           0.051817  0.000027   0.622811 f
  data arrival time                                                                  0.622811

  clock cal_clk (rise edge)                                               0.000000   0.000000
  clock network delay (ideal)                                             0.000000   0.000000
  clock uncertainty                                                       0.020000   0.020000
  target_medium_therm_q_reg[15]/CK (DFFRPQ_X1M_A9TR40)                    0.000000   0.020000 r
  library hold time                                                       0.036163   0.056163
  data required time                                                                 0.056163
  ----------------------------------------------------------------------------------------------
  data required time                                                                 0.056163
  data arrival time                                                                  -0.622811
  ----------------------------------------------------------------------------------------------
  slack (MET)                                                                        0.566648


  Startpoint: handoff_blocked_i
              (input port clocked by cal_clk)
  Endpoint: target_medium_therm_q_reg[14]
            (rising edge-triggered flip-flop clocked by cal_clk)
  Path Group: cal_clk
  Path Type: min

  Des/Clust/Port     Wire Load Model       Library
  ------------------------------------------------
  ftc_detection_margin_manager
                     Small                 sc9mc_logic0040ll_base_rvt_c40_ss_typical_max_0p99v_125c

  Point                                       Fanout       Cap     Trans      Incr       Path
  ----------------------------------------------------------------------------------------------
  clock cal_clk (rise edge)                                               0.000000   0.000000
  clock network delay (ideal)                                             0.000000   0.000000
  input external delay                                                    0.100000   0.100000 f
  handoff_blocked_i (in)                                        0.000000  0.000000   0.100000 f
  handoff_blocked_i (net)                       5     0.006167            0.000000   0.100000 f
  U168/AN (NAND3BB_X1M_A9TR40)                                  0.000000  0.000016   0.100016 f
  U168/Y (NAND3BB_X1M_A9TR40)                                   0.077256  0.111582   0.211598 f
  n21 (net)                                     1     0.002728            0.000000   0.211598 f
  U140/A (INV_X3P5B_A9TR40)                                     0.077256  0.000047   0.211645 f
  U140/Y (INV_X3P5B_A9TR40)                                     0.053819  0.052975   0.264620 r
  n163 (net)                                    5     0.006586            0.000000   0.264620 r
  U138/A (BUF_X2P5M_A9TR40)                                     0.053819  0.000018   0.264637 r
  U138/Y (BUF_X2P5M_A9TR40)                                     0.089825  0.107281   0.371918 r
  n160 (net)                                    8     0.009774            0.000000   0.371918 r
  U179/A (INV_X1M_A9TR40)                                       0.089825  0.000016   0.371935 r
  U179/Y (INV_X1M_A9TR40)                                       0.121214  0.106194   0.478128 f
  n156 (net)                                    8     0.009170            0.000000   0.478128 f
  U175/A (AND2_X0P7M_A9TR40)                                    0.121214  0.000014   0.478142 f
  U175/Y (AND2_X0P7M_A9TR40)                                    0.051817  0.144642   0.622784 f
  n145 (net)                                    1     0.001539            0.000000   0.622784 f
  target_medium_therm_q_reg[14]/D (DFFRPQ_X1M_A9TR40)           0.051817  0.000027   0.622811 f
  data arrival time                                                                  0.622811

  clock cal_clk (rise edge)                                               0.000000   0.000000
  clock network delay (ideal)                                             0.000000   0.000000
  clock uncertainty                                                       0.020000   0.020000
  target_medium_therm_q_reg[14]/CK (DFFRPQ_X1M_A9TR40)                    0.000000   0.020000 r
  library hold time                                                       0.036163   0.056163
  data required time                                                                 0.056163
  ----------------------------------------------------------------------------------------------
  data required time                                                                 0.056163
  data arrival time                                                                  -0.622811
  ----------------------------------------------------------------------------------------------
  slack (MET)                                                                        0.566648


  Startpoint: handoff_blocked_i
              (input port clocked by cal_clk)
  Endpoint: target_medium_therm_q_reg[13]
            (rising edge-triggered flip-flop clocked by cal_clk)
  Path Group: cal_clk
  Path Type: min

  Des/Clust/Port     Wire Load Model       Library
  ------------------------------------------------
  ftc_detection_margin_manager
                     Small                 sc9mc_logic0040ll_base_rvt_c40_ss_typical_max_0p99v_125c

  Point                                       Fanout       Cap     Trans      Incr       Path
  ----------------------------------------------------------------------------------------------
  clock cal_clk (rise edge)                                               0.000000   0.000000
  clock network delay (ideal)                                             0.000000   0.000000
  input external delay                                                    0.100000   0.100000 f
  handoff_blocked_i (in)                                        0.000000  0.000000   0.100000 f
  handoff_blocked_i (net)                       5     0.006167            0.000000   0.100000 f
  U168/AN (NAND3BB_X1M_A9TR40)                                  0.000000  0.000016   0.100016 f
  U168/Y (NAND3BB_X1M_A9TR40)                                   0.077256  0.111582   0.211598 f
  n21 (net)                                     1     0.002728            0.000000   0.211598 f
  U140/A (INV_X3P5B_A9TR40)                                     0.077256  0.000047   0.211645 f
  U140/Y (INV_X3P5B_A9TR40)                                     0.053819  0.052975   0.264620 r
  n163 (net)                                    5     0.006586            0.000000   0.264620 r
  U138/A (BUF_X2P5M_A9TR40)                                     0.053819  0.000018   0.264637 r
  U138/Y (BUF_X2P5M_A9TR40)                                     0.089825  0.107281   0.371918 r
  n160 (net)                                    8     0.009774            0.000000   0.371918 r
  U179/A (INV_X1M_A9TR40)                                       0.089825  0.000016   0.371935 r
  U179/Y (INV_X1M_A9TR40)                                       0.121214  0.106194   0.478128 f
  n156 (net)                                    8     0.009170            0.000000   0.478128 f
  U174/A (AND2_X0P7M_A9TR40)                                    0.121214  0.000014   0.478142 f
  U174/Y (AND2_X0P7M_A9TR40)                                    0.051817  0.144642   0.622784 f
  n144 (net)                                    1     0.001539            0.000000   0.622784 f
  target_medium_therm_q_reg[13]/D (DFFRPQ_X1M_A9TR40)           0.051817  0.000027   0.622811 f
  data arrival time                                                                  0.622811

  clock cal_clk (rise edge)                                               0.000000   0.000000
  clock network delay (ideal)                                             0.000000   0.000000
  clock uncertainty                                                       0.020000   0.020000
  target_medium_therm_q_reg[13]/CK (DFFRPQ_X1M_A9TR40)                    0.000000   0.020000 r
  library hold time                                                       0.036163   0.056163
  data required time                                                                 0.056163
  ----------------------------------------------------------------------------------------------
  data required time                                                                 0.056163
  data arrival time                                                                  -0.622811
  ----------------------------------------------------------------------------------------------
  slack (MET)                                                                        0.566648


  Startpoint: handoff_blocked_i
              (input port clocked by cal_clk)
  Endpoint: target_medium_therm_q_reg[12]
            (rising edge-triggered flip-flop clocked by cal_clk)
  Path Group: cal_clk
  Path Type: min

  Des/Clust/Port     Wire Load Model       Library
  ------------------------------------------------
  ftc_detection_margin_manager
                     Small                 sc9mc_logic0040ll_base_rvt_c40_ss_typical_max_0p99v_125c

  Point                                       Fanout       Cap     Trans      Incr       Path
  ----------------------------------------------------------------------------------------------
  clock cal_clk (rise edge)                                               0.000000   0.000000
  clock network delay (ideal)                                             0.000000   0.000000
  input external delay                                                    0.100000   0.100000 f
  handoff_blocked_i (in)                                        0.000000  0.000000   0.100000 f
  handoff_blocked_i (net)                       5     0.006167            0.000000   0.100000 f
  U168/AN (NAND3BB_X1M_A9TR40)                                  0.000000  0.000016   0.100016 f
  U168/Y (NAND3BB_X1M_A9TR40)                                   0.077256  0.111582   0.211598 f
  n21 (net)                                     1     0.002728            0.000000   0.211598 f
  U140/A (INV_X3P5B_A9TR40)                                     0.077256  0.000047   0.211645 f
  U140/Y (INV_X3P5B_A9TR40)                                     0.053819  0.052975   0.264620 r
  n163 (net)                                    5     0.006586            0.000000   0.264620 r
  U138/A (BUF_X2P5M_A9TR40)                                     0.053819  0.000018   0.264637 r
  U138/Y (BUF_X2P5M_A9TR40)                                     0.089825  0.107281   0.371918 r
  n160 (net)                                    8     0.009774            0.000000   0.371918 r
  U179/A (INV_X1M_A9TR40)                                       0.089825  0.000016   0.371935 r
  U179/Y (INV_X1M_A9TR40)                                       0.121214  0.106194   0.478128 f
  n156 (net)                                    8     0.009170            0.000000   0.478128 f
  U173/A (AND2_X0P7M_A9TR40)                                    0.121214  0.000014   0.478142 f
  U173/Y (AND2_X0P7M_A9TR40)                                    0.051817  0.144642   0.622784 f
  n143 (net)                                    1     0.001539            0.000000   0.622784 f
  target_medium_therm_q_reg[12]/D (DFFRPQ_X1M_A9TR40)           0.051817  0.000027   0.622811 f
  data arrival time                                                                  0.622811

  clock cal_clk (rise edge)                                               0.000000   0.000000
  clock network delay (ideal)                                             0.000000   0.000000
  clock uncertainty                                                       0.020000   0.020000
  target_medium_therm_q_reg[12]/CK (DFFRPQ_X1M_A9TR40)                    0.000000   0.020000 r
  library hold time                                                       0.036163   0.056163
  data required time                                                                 0.056163
  ----------------------------------------------------------------------------------------------
  data required time                                                                 0.056163
  data arrival time                                                                  -0.622811
  ----------------------------------------------------------------------------------------------
  slack (MET)                                                                        0.566648


  Startpoint: handoff_blocked_i
              (input port clocked by cal_clk)
  Endpoint: target_medium_therm_q_reg[11]
            (rising edge-triggered flip-flop clocked by cal_clk)
  Path Group: cal_clk
  Path Type: min

  Des/Clust/Port     Wire Load Model       Library
  ------------------------------------------------
  ftc_detection_margin_manager
                     Small                 sc9mc_logic0040ll_base_rvt_c40_ss_typical_max_0p99v_125c

  Point                                       Fanout       Cap     Trans      Incr       Path
  ----------------------------------------------------------------------------------------------
  clock cal_clk (rise edge)                                               0.000000   0.000000
  clock network delay (ideal)                                             0.000000   0.000000
  input external delay                                                    0.100000   0.100000 f
  handoff_blocked_i (in)                                        0.000000  0.000000   0.100000 f
  handoff_blocked_i (net)                       5     0.006167            0.000000   0.100000 f
  U168/AN (NAND3BB_X1M_A9TR40)                                  0.000000  0.000016   0.100016 f
  U168/Y (NAND3BB_X1M_A9TR40)                                   0.077256  0.111582   0.211598 f
  n21 (net)                                     1     0.002728            0.000000   0.211598 f
  U140/A (INV_X3P5B_A9TR40)                                     0.077256  0.000047   0.211645 f
  U140/Y (INV_X3P5B_A9TR40)                                     0.053819  0.052975   0.264620 r
  n163 (net)                                    5     0.006586            0.000000   0.264620 r
  U138/A (BUF_X2P5M_A9TR40)                                     0.053819  0.000018   0.264637 r
  U138/Y (BUF_X2P5M_A9TR40)                                     0.089825  0.107281   0.371918 r
  n160 (net)                                    8     0.009774            0.000000   0.371918 r
  U179/A (INV_X1M_A9TR40)                                       0.089825  0.000016   0.371935 r
  U179/Y (INV_X1M_A9TR40)                                       0.121214  0.106194   0.478128 f
  n156 (net)                                    8     0.009170            0.000000   0.478128 f
  U172/A (AND2_X0P7M_A9TR40)                                    0.121214  0.000014   0.478142 f
  U172/Y (AND2_X0P7M_A9TR40)                                    0.051817  0.144642   0.622784 f
  n142 (net)                                    1     0.001539            0.000000   0.622784 f
  target_medium_therm_q_reg[11]/D (DFFRPQ_X1M_A9TR40)           0.051817  0.000027   0.622811 f
  data arrival time                                                                  0.622811

  clock cal_clk (rise edge)                                               0.000000   0.000000
  clock network delay (ideal)                                             0.000000   0.000000
  clock uncertainty                                                       0.020000   0.020000
  target_medium_therm_q_reg[11]/CK (DFFRPQ_X1M_A9TR40)                    0.000000   0.020000 r
  library hold time                                                       0.036163   0.056163
  data required time                                                                 0.056163
  ----------------------------------------------------------------------------------------------
  data required time                                                                 0.056163
  data arrival time                                                                  -0.622811
  ----------------------------------------------------------------------------------------------
  slack (MET)                                                                        0.566648


  Startpoint: handoff_blocked_i
              (input port clocked by cal_clk)
  Endpoint: target_medium_therm_q_reg[10]
            (rising edge-triggered flip-flop clocked by cal_clk)
  Path Group: cal_clk
  Path Type: min

  Des/Clust/Port     Wire Load Model       Library
  ------------------------------------------------
  ftc_detection_margin_manager
                     Small                 sc9mc_logic0040ll_base_rvt_c40_ss_typical_max_0p99v_125c

  Point                                       Fanout       Cap     Trans      Incr       Path
  ----------------------------------------------------------------------------------------------
  clock cal_clk (rise edge)                                               0.000000   0.000000
  clock network delay (ideal)                                             0.000000   0.000000
  input external delay                                                    0.100000   0.100000 f
  handoff_blocked_i (in)                                        0.000000  0.000000   0.100000 f
  handoff_blocked_i (net)                       5     0.006167            0.000000   0.100000 f
  U168/AN (NAND3BB_X1M_A9TR40)                                  0.000000  0.000016   0.100016 f
  U168/Y (NAND3BB_X1M_A9TR40)                                   0.077256  0.111582   0.211598 f
  n21 (net)                                     1     0.002728            0.000000   0.211598 f
  U140/A (INV_X3P5B_A9TR40)                                     0.077256  0.000047   0.211645 f
  U140/Y (INV_X3P5B_A9TR40)                                     0.053819  0.052975   0.264620 r
  n163 (net)                                    5     0.006586            0.000000   0.264620 r
  U138/A (BUF_X2P5M_A9TR40)                                     0.053819  0.000018   0.264637 r
  U138/Y (BUF_X2P5M_A9TR40)                                     0.089825  0.107281   0.371918 r
  n160 (net)                                    8     0.009774            0.000000   0.371918 r
  U179/A (INV_X1M_A9TR40)                                       0.089825  0.000016   0.371935 r
  U179/Y (INV_X1M_A9TR40)                                       0.121214  0.106194   0.478128 f
  n156 (net)                                    8     0.009170            0.000000   0.478128 f
  U171/A (AND2_X0P7M_A9TR40)                                    0.121214  0.000014   0.478142 f
  U171/Y (AND2_X0P7M_A9TR40)                                    0.051817  0.144642   0.622784 f
  n141 (net)                                    1     0.001539            0.000000   0.622784 f
  target_medium_therm_q_reg[10]/D (DFFRPQ_X1M_A9TR40)           0.051817  0.000027   0.622811 f
  data arrival time                                                                  0.622811

  clock cal_clk (rise edge)                                               0.000000   0.000000
  clock network delay (ideal)                                             0.000000   0.000000
  clock uncertainty                                                       0.020000   0.020000
  target_medium_therm_q_reg[10]/CK (DFFRPQ_X1M_A9TR40)                    0.000000   0.020000 r
  library hold time                                                       0.036163   0.056163
  data required time                                                                 0.056163
  ----------------------------------------------------------------------------------------------
  data required time                                                                 0.056163
  data arrival time                                                                  -0.622811
  ----------------------------------------------------------------------------------------------
  slack (MET)                                                                        0.566648


  Startpoint: handoff_blocked_i
              (input port clocked by cal_clk)
  Endpoint: target_medium_therm_q_reg[9]
            (rising edge-triggered flip-flop clocked by cal_clk)
  Path Group: cal_clk
  Path Type: min

  Des/Clust/Port     Wire Load Model       Library
  ------------------------------------------------
  ftc_detection_margin_manager
                     Small                 sc9mc_logic0040ll_base_rvt_c40_ss_typical_max_0p99v_125c

  Point                                       Fanout       Cap     Trans      Incr       Path
  ----------------------------------------------------------------------------------------------
  clock cal_clk (rise edge)                                               0.000000   0.000000
  clock network delay (ideal)                                             0.000000   0.000000
  input external delay                                                    0.100000   0.100000 f
  handoff_blocked_i (in)                                        0.000000  0.000000   0.100000 f
  handoff_blocked_i (net)                       5     0.006167            0.000000   0.100000 f
  U168/AN (NAND3BB_X1M_A9TR40)                                  0.000000  0.000016   0.100016 f
  U168/Y (NAND3BB_X1M_A9TR40)                                   0.077256  0.111582   0.211598 f
  n21 (net)                                     1     0.002728            0.000000   0.211598 f
  U140/A (INV_X3P5B_A9TR40)                                     0.077256  0.000047   0.211645 f
  U140/Y (INV_X3P5B_A9TR40)                                     0.053819  0.052975   0.264620 r
  n163 (net)                                    5     0.006586            0.000000   0.264620 r
  U138/A (BUF_X2P5M_A9TR40)                                     0.053819  0.000018   0.264637 r
  U138/Y (BUF_X2P5M_A9TR40)                                     0.089825  0.107281   0.371918 r
  n160 (net)                                    8     0.009774            0.000000   0.371918 r
  U179/A (INV_X1M_A9TR40)                                       0.089825  0.000016   0.371935 r
  U179/Y (INV_X1M_A9TR40)                                       0.121214  0.106194   0.478128 f
  n156 (net)                                    8     0.009170            0.000000   0.478128 f
  U170/A (AND2_X0P7M_A9TR40)                                    0.121214  0.000014   0.478142 f
  U170/Y (AND2_X0P7M_A9TR40)                                    0.051817  0.144642   0.622784 f
  n140 (net)                                    1     0.001539            0.000000   0.622784 f
  target_medium_therm_q_reg[9]/D (DFFRPQ_X1M_A9TR40)            0.051817  0.000027   0.622811 f
  data arrival time                                                                  0.622811

  clock cal_clk (rise edge)                                               0.000000   0.000000
  clock network delay (ideal)                                             0.000000   0.000000
  clock uncertainty                                                       0.020000   0.020000
  target_medium_therm_q_reg[9]/CK (DFFRPQ_X1M_A9TR40)                     0.000000   0.020000 r
  library hold time                                                       0.036163   0.056163
  data required time                                                                 0.056163
  ----------------------------------------------------------------------------------------------
  data required time                                                                 0.056163
  data arrival time                                                                  -0.622811
  ----------------------------------------------------------------------------------------------
  slack (MET)                                                                        0.566648


  Startpoint: handoff_blocked_i
              (input port clocked by cal_clk)
  Endpoint: mapping_supported_q_reg
            (rising edge-triggered flip-flop clocked by cal_clk)
  Path Group: cal_clk
  Path Type: min

  Des/Clust/Port     Wire Load Model       Library
  ------------------------------------------------
  ftc_detection_margin_manager
                     Small                 sc9mc_logic0040ll_base_rvt_c40_ss_typical_max_0p99v_125c

  Point                                       Fanout       Cap     Trans      Incr       Path
  ----------------------------------------------------------------------------------------------
  clock cal_clk (rise edge)                                               0.000000   0.000000
  clock network delay (ideal)                                             0.000000   0.000000
  input external delay                                                    0.100000   0.100000 r
  handoff_blocked_i (in)                                        0.000000  0.000000   0.100000 r
  handoff_blocked_i (net)                       5     0.006193            0.000000   0.100000 r
  U168/AN (NAND3BB_X1M_A9TR40)                                  0.000000  0.000016   0.100016 r
  U168/Y (NAND3BB_X1M_A9TR40)                                   0.085603  0.086288   0.186304 r
  n21 (net)                                     1     0.002766            0.000000   0.186304 r
  U140/A (INV_X3P5B_A9TR40)                                     0.085603  0.000048   0.186352 r
  U140/Y (INV_X3P5B_A9TR40)                                     0.047254  0.055660   0.242012 f
  n163 (net)                                    5     0.006508            0.000000   0.242012 f
  U138/A (BUF_X2P5M_A9TR40)                                     0.047254  0.000017   0.242030 f
  U138/Y (BUF_X2P5M_A9TR40)                                     0.067688  0.112380   0.354410 f
  n160 (net)                                    8     0.009657            0.000000   0.354410 f
  U179/A (INV_X1M_A9TR40)                                       0.067688  0.000016   0.354426 f
  U179/Y (INV_X1M_A9TR40)                                       0.212030  0.140433   0.494859 r
  n156 (net)                                    8     0.009259            0.000000   0.494859 r
  U105/B (NAND2B_X0P5M_A9TR40)                                  0.212030  0.000014   0.494873 r
  U105/Y (NAND2B_X0P5M_A9TR40)                                  0.077232  0.122425   0.617298 f
  n126 (net)                                    1     0.001539            0.000000   0.617298 f
  mapping_supported_q_reg/D (DFFRPQ_X1M_A9TR40)                 0.077232  0.000027   0.617325 f
  data arrival time                                                                  0.617325

  clock cal_clk (rise edge)                                               0.000000   0.000000
  clock network delay (ideal)                                             0.000000   0.000000
  clock uncertainty                                                       0.020000   0.020000
  mapping_supported_q_reg/CK (DFFRPQ_X1M_A9TR40)                          0.000000   0.020000 r
  library hold time                                                       0.030007   0.050007
  data required time                                                                 0.050007
  ----------------------------------------------------------------------------------------------
  data required time                                                                 0.050007
  data arrival time                                                                  -0.617325
  ----------------------------------------------------------------------------------------------
  slack (MET)                                                                        0.567318


  Startpoint: handoff_blocked_i
              (input port clocked by cal_clk)
  Endpoint: m_det_q_reg[4]
            (rising edge-triggered flip-flop clocked by cal_clk)
  Path Group: cal_clk
  Path Type: min

  Des/Clust/Port     Wire Load Model       Library
  ------------------------------------------------
  ftc_detection_margin_manager
                     Small                 sc9mc_logic0040ll_base_rvt_c40_ss_typical_max_0p99v_125c

  Point                                       Fanout       Cap     Trans      Incr       Path
  ----------------------------------------------------------------------------------------------
  clock cal_clk (rise edge)                                               0.000000   0.000000
  clock network delay (ideal)                                             0.000000   0.000000
  input external delay                                                    0.100000   0.100000 f
  handoff_blocked_i (in)                                        0.000000  0.000000   0.100000 f
  handoff_blocked_i (net)                       5     0.006167            0.000000   0.100000 f
  U168/AN (NAND3BB_X1M_A9TR40)                                  0.000000  0.000016   0.100016 f
  U168/Y (NAND3BB_X1M_A9TR40)                                   0.077256  0.111582   0.211598 f
  n21 (net)                                     1     0.002728            0.000000   0.211598 f
  U140/A (INV_X3P5B_A9TR40)                                     0.077256  0.000047   0.211645 f
  U140/Y (INV_X3P5B_A9TR40)                                     0.053819  0.052975   0.264620 r
  n163 (net)                                    5     0.006586            0.000000   0.264620 r
  U139/A (BUF_X2M_A9TR40)                                       0.053819  0.000017   0.264637 r
  U139/Y (BUF_X2M_A9TR40)                                       0.105330  0.114186   0.378823 r
  n159 (net)                                    7     0.009121            0.000000   0.378823 r
  U196/A (INV_X2M_A9TR40)                                       0.105330  0.000024   0.378847 r
  U196/Y (INV_X2M_A9TR40)                                       0.113298  0.107461   0.486308 f
  n154 (net)                                   15     0.017571            0.000000   0.486308 f
  U169/B (AND2_X0P7M_A9TR40)                                    0.113298  0.000014   0.486321 f
  U169/Y (AND2_X0P7M_A9TR40)                                    0.051532  0.147261   0.633583 f
  n138 (net)                                    1     0.001539            0.000000   0.633583 f
  m_det_q_reg[4]/D (DFFRPQ_X1M_A9TR40)                          0.051532  0.000027   0.633609 f
  data arrival time                                                                  0.633609

  clock cal_clk (rise edge)                                               0.000000   0.000000
  clock network delay (ideal)                                             0.000000   0.000000
  clock uncertainty                                                       0.020000   0.020000
  m_det_q_reg[4]/CK (DFFRPQ_X1M_A9TR40)                                   0.000000   0.020000 r
  library hold time                                                       0.036232   0.056232
  data required time                                                                 0.056232
  ----------------------------------------------------------------------------------------------
  data required time                                                                 0.056232
  data arrival time                                                                  -0.633609
  ----------------------------------------------------------------------------------------------
  slack (MET)                                                                        0.577377


  Startpoint: handoff_blocked_i
              (input port clocked by cal_clk)
  Endpoint: target_medium_therm_q_reg[8]
            (rising edge-triggered flip-flop clocked by cal_clk)
  Path Group: cal_clk
  Path Type: min

  Des/Clust/Port     Wire Load Model       Library
  ------------------------------------------------
  ftc_detection_margin_manager
                     Small                 sc9mc_logic0040ll_base_rvt_c40_ss_typical_max_0p99v_125c

  Point                                       Fanout       Cap     Trans      Incr       Path
  ----------------------------------------------------------------------------------------------
  clock cal_clk (rise edge)                                               0.000000   0.000000
  clock network delay (ideal)                                             0.000000   0.000000
  input external delay                                                    0.100000   0.100000 f
  handoff_blocked_i (in)                                        0.000000  0.000000   0.100000 f
  handoff_blocked_i (net)                       5     0.006167            0.000000   0.100000 f
  U168/AN (NAND3BB_X1M_A9TR40)                                  0.000000  0.000016   0.100016 f
  U168/Y (NAND3BB_X1M_A9TR40)                                   0.077256  0.111582   0.211598 f
  n21 (net)                                     1     0.002728            0.000000   0.211598 f
  U140/A (INV_X3P5B_A9TR40)                                     0.077256  0.000047   0.211645 f
  U140/Y (INV_X3P5B_A9TR40)                                     0.053819  0.052975   0.264620 r
  n163 (net)                                    5     0.006586            0.000000   0.264620 r
  U135/A (BUF_X1P2M_A9TR40)                                     0.053819  0.000016   0.264636 r
  U135/Y (BUF_X1P2M_A9TR40)                                     0.142499  0.141125   0.405761 r
  n136 (net)                                    6     0.008454            0.000000   0.405761 r
  U145/A (INV_X3M_A9TR40)                                       0.142499  0.000031   0.405792 r
  U145/Y (INV_X3M_A9TR40)                                       0.093291  0.104415   0.510207 f
  n155 (net)                                   16     0.018659            0.000000   0.510207 f
  U177/A (AND2_X0P5M_A9TR40)                                    0.093291  0.000013   0.510221 f
  U177/Y (AND2_X0P5M_A9TR40)                                    0.060720  0.136084   0.646305 f
  n139 (net)                                    1     0.001539            0.000000   0.646305 f
  target_medium_therm_q_reg[8]/D (DFFRPQ_X1M_A9TR40)            0.060720  0.000027   0.646332 f
  data arrival time                                                                  0.646332

  clock cal_clk (rise edge)                                               0.000000   0.000000
  clock network delay (ideal)                                             0.000000   0.000000
  clock uncertainty                                                       0.020000   0.020000
  target_medium_therm_q_reg[8]/CK (DFFRPQ_X1M_A9TR40)                     0.000000   0.020000 r
  library hold time                                                       0.034007   0.054007
  data required time                                                                 0.054007
  ----------------------------------------------------------------------------------------------
  data required time                                                                 0.054007
  data arrival time                                                                  -0.646332
  ----------------------------------------------------------------------------------------------
  slack (MET)                                                                        0.592325


1
