 
****************************************
Report : timing
        -path full
        -delay max
        -input_pins
        -nets
        -max_paths 80
        -transition_time
        -capacitance
Design : ftc_detection_margin_manager
Version: W-2024.09
Date   : Sun Aug 23 13:28:07 2026
****************************************

Operating Conditions: ss_typical_max_0p99v_125c   Library: sc9mc_logic0040ll_base_rvt_c40_ss_typical_max_0p99v_125c
Wire Load Model Mode: top

  Startpoint: cal_medium_code_snapshot_i[2]
              (input port clocked by cal_clk)
  Endpoint: target_fine_therm_q_reg[3]
            (rising edge-triggered flip-flop clocked by cal_clk)
  Path Group: cal_clk
  Path Type: max

  Des/Clust/Port     Wire Load Model       Library
  ------------------------------------------------
  ftc_detection_margin_manager
                     Small                 sc9mc_logic0040ll_base_rvt_c40_ss_typical_max_0p99v_125c

  Point                                       Fanout       Cap     Trans      Incr       Path
  ----------------------------------------------------------------------------------------------
  clock cal_clk (rise edge)                                               0.000000   0.000000
  clock network delay (ideal)                                             0.000000   0.000000
  input external delay                                                    0.300000   0.300000 f
  cal_medium_code_snapshot_i[2] (in)                            0.000000  0.000000   0.300000 f
  cal_medium_code_snapshot_i[2] (net)           2     0.002777            0.000000   0.300000 f
  u_exact_mapper/cal_medium_code_snapshot_i[2] (ftc_detection_margin_mapper)
                                                                          0.000000   0.300000 f
  u_exact_mapper/cal_medium_code_snapshot_i[2] (net)  0.002777            0.000000   0.300000 f
  u_exact_mapper/U5/A (INV_X1M_A9TR40)                          0.000000  0.000021   0.300021 f
  u_exact_mapper/U5/Y (INV_X1M_A9TR40)                          0.103467  0.056512   0.356533 r
  u_exact_mapper/n31 (net)                      2     0.004140            0.000000   0.356533 r
  u_exact_mapper/U21/C (NOR4BB_X4M_A9TR40)                      0.103467  0.000041   0.356574 r
  u_exact_mapper/U21/Y (NOR4BB_X4M_A9TR40)                      0.053559  0.068233   0.424807 f
  u_exact_mapper/n30 (net)                      1     0.002307            0.000000   0.424807 f
  u_exact_mapper/U36/BN (NOR3BB_X4M_A9TR40)                     0.053559  0.000040   0.424847 f
  u_exact_mapper/U36/Y (NOR3BB_X4M_A9TR40)                      0.063344  0.103033   0.527881 f
  u_exact_mapper/n23 (net)                      4     0.005150            0.000000   0.527881 f
  u_exact_mapper/U11/C (NAND3_X1M_A9TR40)                       0.063344  0.000017   0.527898 f
  u_exact_mapper/U11/Y (NAND3_X1M_A9TR40)                       0.117836  0.093864   0.621762 r
  u_exact_mapper/n19 (net)                      2     0.002737            0.000000   0.621762 r
  u_exact_mapper/U10/B (NAND2_X1A_A9TR40)                       0.117836  0.000021   0.621783 r
  u_exact_mapper/U10/Y (NAND2_X1A_A9TR40)                       0.095683  0.102718   0.724501 f
  u_exact_mapper/m_det_o[3]_snps (net)          3     0.003734            0.000000   0.724501 f
  u_exact_mapper/U38/AN (NAND2B_X1M_A9TR40)                     0.095683  0.000017   0.724517 f
  u_exact_mapper/U38/Y (NAND2B_X1M_A9TR40)                      0.103590  0.147161   0.871679 f
  u_exact_mapper/target_medium_therm_o[6]_snps (net)
                                                3     0.003730            0.000000   0.871679 f
  u_exact_mapper/U40/AN (NAND2B_X1M_A9TR40)                     0.103590  0.000017   0.871695 f
  u_exact_mapper/U40/Y (NAND2B_X1M_A9TR40)                      0.076402  0.139386   1.011081 f
  u_exact_mapper/target_medium_therm_o[4] (net)
                                                2     0.002660            0.000000   1.011081 f
  u_exact_mapper/U9/AN (NAND3B_X2M_A9TR40)                      0.076402  0.000020   1.011101 f
  u_exact_mapper/U9/Y (NAND3B_X2M_A9TR40)                       0.074539  0.121370   1.132471 f
  u_exact_mapper/target_medium_therm_o[3] (net)
                                                2     0.002722            0.000000   1.132471 f
  u_exact_mapper/U39/A (INV_X1M_A9TR40)                         0.074539  0.000021   1.132492 f
  u_exact_mapper/U39/Y (INV_X1M_A9TR40)                         0.096750  0.080296   1.212788 r
  u_exact_mapper/n4 (net)                       2     0.003527            0.000000   1.212788 r
  u_exact_mapper/U3/B (NAND2_X2A_A9TR40)                        0.096750  0.000033   1.212821 r
  u_exact_mapper/U3/Y (NAND2_X2A_A9TR40)                        0.079102  0.064403   1.277224 f
  u_exact_mapper/target_medium_therm_o[2] (net)
                                                2     0.002648            0.000000   1.277224 f
  u_exact_mapper/U16/AN (NAND3BB_X1M_A9TR40)                    0.079102  0.000019   1.277243 f
  u_exact_mapper/U16/Y (NAND3BB_X1M_A9TR40)                     0.146571  0.180088   1.457331 f
  u_exact_mapper/mapping_supported_o (net)      5     0.006742            0.000000   1.457331 f
  u_exact_mapper/mapping_supported_o (ftc_detection_margin_mapper)        0.000000   1.457331 f
  mapper_mapping_supported (net)                      0.006742            0.000000   1.457331 f
  U151/A (NAND2_X2A_A9TR40)                                     0.146571  0.000024   1.457355 f
  U151/Y (NAND2_X2A_A9TR40)                                     0.071978  0.073944   1.531300 r
  n38 (net)                                     2     0.002793            0.000000   1.531300 r
  U157/A (INV_X1M_A9TR40)                                       0.071978  0.000021   1.531321 r
  U157/Y (INV_X1M_A9TR40)                                       0.049106  0.054095   1.585415 f
  n137 (net)                                    2     0.002723            0.000000   1.585415 f
  U153/A (NAND2_X1M_A9TR40)                                     0.049106  0.000021   1.585436 f
  U153/Y (NAND2_X1M_A9TR40)                                     0.104671  0.064974   1.650410 r
  n44 (net)                                     2     0.002673            0.000000   1.650410 r
  U154/A (NOR2_X0P7B_A9TR40)                                    0.104671  0.000019   1.650429 r
  U154/Y (NOR2_X0P7B_A9TR40)                                    0.101529  0.102350   1.752779 f
  n42 (net)                                     2     0.002601            0.000000   1.752779 f
  U168/C (NAND3BB_X1M_A9TR40)                                   0.101529  0.000020   1.752799 f
  U168/Y (NAND3BB_X1M_A9TR40)                                   0.094724  0.086918   1.839717 r
  n21 (net)                                     1     0.002766            0.000000   1.839717 r
  U140/A (INV_X3P5B_A9TR40)                                     0.094724  0.000048   1.839765 r
  U140/Y (INV_X3P5B_A9TR40)                                     0.049558  0.058906   1.898671 f
  n163 (net)                                    5     0.006508            0.000000   1.898671 f
  U139/A (BUF_X2M_A9TR40)                                       0.049558  0.000016   1.898688 f
  U139/Y (BUF_X2M_A9TR40)                                       0.071712  0.114233   2.012921 f
  n159 (net)                                    7     0.008978            0.000000   2.012921 f
  U196/A (INV_X2M_A9TR40)                                       0.071712  0.000023   2.012944 f
  U196/Y (INV_X2M_A9TR40)                                       0.191656  0.131055   2.143999 r
  n154 (net)                                   15     0.017759            0.000000   2.143999 r
  U46/A0 (AO22_X0P5M_A9TR40)                                    0.191656  0.000014   2.144013 r
  U46/Y (AO22_X0P5M_A9TR40)                                     0.093159  0.205176   2.349189 r
  n82 (net)                                     1     0.001574            0.000000   2.349189 r
  target_fine_therm_q_reg[3]/D (DFFSQ_X1M_A9TR40)               0.093159  0.000027   2.349216 r
  data arrival time                                                                  2.349216

  clock cal_clk (rise edge)                                               2.500000   2.500000
  clock network delay (ideal)                                             0.000000   2.500000
  clock uncertainty                                                       -0.050000  2.450000
  target_fine_therm_q_reg[3]/CK (DFFSQ_X1M_A9TR40)                        0.000000   2.450000 r
  library setup time                                                      -0.068499  2.381501
  data required time                                                                 2.381501
  ----------------------------------------------------------------------------------------------
  data required time                                                                 2.381501
  data arrival time                                                                  -2.349216
  ----------------------------------------------------------------------------------------------
  slack (MET)                                                                        0.032285


  Startpoint: cal_medium_code_snapshot_i[2]
              (input port clocked by cal_clk)
  Endpoint: target_fine_therm_q_reg[2]
            (rising edge-triggered flip-flop clocked by cal_clk)
  Path Group: cal_clk
  Path Type: max

  Des/Clust/Port     Wire Load Model       Library
  ------------------------------------------------
  ftc_detection_margin_manager
                     Small                 sc9mc_logic0040ll_base_rvt_c40_ss_typical_max_0p99v_125c

  Point                                       Fanout       Cap     Trans      Incr       Path
  ----------------------------------------------------------------------------------------------
  clock cal_clk (rise edge)                                               0.000000   0.000000
  clock network delay (ideal)                                             0.000000   0.000000
  input external delay                                                    0.300000   0.300000 f
  cal_medium_code_snapshot_i[2] (in)                            0.000000  0.000000   0.300000 f
  cal_medium_code_snapshot_i[2] (net)           2     0.002777            0.000000   0.300000 f
  u_exact_mapper/cal_medium_code_snapshot_i[2] (ftc_detection_margin_mapper)
                                                                          0.000000   0.300000 f
  u_exact_mapper/cal_medium_code_snapshot_i[2] (net)  0.002777            0.000000   0.300000 f
  u_exact_mapper/U5/A (INV_X1M_A9TR40)                          0.000000  0.000021   0.300021 f
  u_exact_mapper/U5/Y (INV_X1M_A9TR40)                          0.103467  0.056512   0.356533 r
  u_exact_mapper/n31 (net)                      2     0.004140            0.000000   0.356533 r
  u_exact_mapper/U21/C (NOR4BB_X4M_A9TR40)                      0.103467  0.000041   0.356574 r
  u_exact_mapper/U21/Y (NOR4BB_X4M_A9TR40)                      0.053559  0.068233   0.424807 f
  u_exact_mapper/n30 (net)                      1     0.002307            0.000000   0.424807 f
  u_exact_mapper/U36/BN (NOR3BB_X4M_A9TR40)                     0.053559  0.000040   0.424847 f
  u_exact_mapper/U36/Y (NOR3BB_X4M_A9TR40)                      0.063344  0.103033   0.527881 f
  u_exact_mapper/n23 (net)                      4     0.005150            0.000000   0.527881 f
  u_exact_mapper/U11/C (NAND3_X1M_A9TR40)                       0.063344  0.000017   0.527898 f
  u_exact_mapper/U11/Y (NAND3_X1M_A9TR40)                       0.117836  0.093864   0.621762 r
  u_exact_mapper/n19 (net)                      2     0.002737            0.000000   0.621762 r
  u_exact_mapper/U10/B (NAND2_X1A_A9TR40)                       0.117836  0.000021   0.621783 r
  u_exact_mapper/U10/Y (NAND2_X1A_A9TR40)                       0.095683  0.102718   0.724501 f
  u_exact_mapper/m_det_o[3]_snps (net)          3     0.003734            0.000000   0.724501 f
  u_exact_mapper/U38/AN (NAND2B_X1M_A9TR40)                     0.095683  0.000017   0.724517 f
  u_exact_mapper/U38/Y (NAND2B_X1M_A9TR40)                      0.103590  0.147161   0.871679 f
  u_exact_mapper/target_medium_therm_o[6]_snps (net)
                                                3     0.003730            0.000000   0.871679 f
  u_exact_mapper/U40/AN (NAND2B_X1M_A9TR40)                     0.103590  0.000017   0.871695 f
  u_exact_mapper/U40/Y (NAND2B_X1M_A9TR40)                      0.076402  0.139386   1.011081 f
  u_exact_mapper/target_medium_therm_o[4] (net)
                                                2     0.002660            0.000000   1.011081 f
  u_exact_mapper/U9/AN (NAND3B_X2M_A9TR40)                      0.076402  0.000020   1.011101 f
  u_exact_mapper/U9/Y (NAND3B_X2M_A9TR40)                       0.074539  0.121370   1.132471 f
  u_exact_mapper/target_medium_therm_o[3] (net)
                                                2     0.002722            0.000000   1.132471 f
  u_exact_mapper/U39/A (INV_X1M_A9TR40)                         0.074539  0.000021   1.132492 f
  u_exact_mapper/U39/Y (INV_X1M_A9TR40)                         0.096750  0.080296   1.212788 r
  u_exact_mapper/n4 (net)                       2     0.003527            0.000000   1.212788 r
  u_exact_mapper/U3/B (NAND2_X2A_A9TR40)                        0.096750  0.000033   1.212821 r
  u_exact_mapper/U3/Y (NAND2_X2A_A9TR40)                        0.079102  0.064403   1.277224 f
  u_exact_mapper/target_medium_therm_o[2] (net)
                                                2     0.002648            0.000000   1.277224 f
  u_exact_mapper/U16/AN (NAND3BB_X1M_A9TR40)                    0.079102  0.000019   1.277243 f
  u_exact_mapper/U16/Y (NAND3BB_X1M_A9TR40)                     0.146571  0.180088   1.457331 f
  u_exact_mapper/mapping_supported_o (net)      5     0.006742            0.000000   1.457331 f
  u_exact_mapper/mapping_supported_o (ftc_detection_margin_mapper)        0.000000   1.457331 f
  mapper_mapping_supported (net)                      0.006742            0.000000   1.457331 f
  U151/A (NAND2_X2A_A9TR40)                                     0.146571  0.000024   1.457355 f
  U151/Y (NAND2_X2A_A9TR40)                                     0.071978  0.073944   1.531300 r
  n38 (net)                                     2     0.002793            0.000000   1.531300 r
  U157/A (INV_X1M_A9TR40)                                       0.071978  0.000021   1.531321 r
  U157/Y (INV_X1M_A9TR40)                                       0.049106  0.054095   1.585415 f
  n137 (net)                                    2     0.002723            0.000000   1.585415 f
  U153/A (NAND2_X1M_A9TR40)                                     0.049106  0.000021   1.585436 f
  U153/Y (NAND2_X1M_A9TR40)                                     0.104671  0.064974   1.650410 r
  n44 (net)                                     2     0.002673            0.000000   1.650410 r
  U154/A (NOR2_X0P7B_A9TR40)                                    0.104671  0.000019   1.650429 r
  U154/Y (NOR2_X0P7B_A9TR40)                                    0.101529  0.102350   1.752779 f
  n42 (net)                                     2     0.002601            0.000000   1.752779 f
  U168/C (NAND3BB_X1M_A9TR40)                                   0.101529  0.000020   1.752799 f
  U168/Y (NAND3BB_X1M_A9TR40)                                   0.094724  0.086918   1.839717 r
  n21 (net)                                     1     0.002766            0.000000   1.839717 r
  U140/A (INV_X3P5B_A9TR40)                                     0.094724  0.000048   1.839765 r
  U140/Y (INV_X3P5B_A9TR40)                                     0.049558  0.058906   1.898671 f
  n163 (net)                                    5     0.006508            0.000000   1.898671 f
  U139/A (BUF_X2M_A9TR40)                                       0.049558  0.000016   1.898688 f
  U139/Y (BUF_X2M_A9TR40)                                       0.071712  0.114233   2.012921 f
  n159 (net)                                    7     0.008978            0.000000   2.012921 f
  U196/A (INV_X2M_A9TR40)                                       0.071712  0.000023   2.012944 f
  U196/Y (INV_X2M_A9TR40)                                       0.191656  0.131055   2.143999 r
  n154 (net)                                   15     0.017759            0.000000   2.143999 r
  U43/A0 (AO22_X0P5M_A9TR40)                                    0.191656  0.000014   2.144013 r
  U43/Y (AO22_X0P5M_A9TR40)                                     0.093159  0.205176   2.349189 r
  n80 (net)                                     1     0.001574            0.000000   2.349189 r
  target_fine_therm_q_reg[2]/D (DFFSQ_X1M_A9TR40)               0.093159  0.000027   2.349216 r
  data arrival time                                                                  2.349216

  clock cal_clk (rise edge)                                               2.500000   2.500000
  clock network delay (ideal)                                             0.000000   2.500000
  clock uncertainty                                                       -0.050000  2.450000
  target_fine_therm_q_reg[2]/CK (DFFSQ_X1M_A9TR40)                        0.000000   2.450000 r
  library setup time                                                      -0.068499  2.381501
  data required time                                                                 2.381501
  ----------------------------------------------------------------------------------------------
  data required time                                                                 2.381501
  data arrival time                                                                  -2.349216
  ----------------------------------------------------------------------------------------------
  slack (MET)                                                                        0.032285


  Startpoint: cal_medium_code_snapshot_i[2]
              (input port clocked by cal_clk)
  Endpoint: target_fine_therm_q_reg[1]
            (rising edge-triggered flip-flop clocked by cal_clk)
  Path Group: cal_clk
  Path Type: max

  Des/Clust/Port     Wire Load Model       Library
  ------------------------------------------------
  ftc_detection_margin_manager
                     Small                 sc9mc_logic0040ll_base_rvt_c40_ss_typical_max_0p99v_125c

  Point                                       Fanout       Cap     Trans      Incr       Path
  ----------------------------------------------------------------------------------------------
  clock cal_clk (rise edge)                                               0.000000   0.000000
  clock network delay (ideal)                                             0.000000   0.000000
  input external delay                                                    0.300000   0.300000 f
  cal_medium_code_snapshot_i[2] (in)                            0.000000  0.000000   0.300000 f
  cal_medium_code_snapshot_i[2] (net)           2     0.002777            0.000000   0.300000 f
  u_exact_mapper/cal_medium_code_snapshot_i[2] (ftc_detection_margin_mapper)
                                                                          0.000000   0.300000 f
  u_exact_mapper/cal_medium_code_snapshot_i[2] (net)  0.002777            0.000000   0.300000 f
  u_exact_mapper/U5/A (INV_X1M_A9TR40)                          0.000000  0.000021   0.300021 f
  u_exact_mapper/U5/Y (INV_X1M_A9TR40)                          0.103467  0.056512   0.356533 r
  u_exact_mapper/n31 (net)                      2     0.004140            0.000000   0.356533 r
  u_exact_mapper/U21/C (NOR4BB_X4M_A9TR40)                      0.103467  0.000041   0.356574 r
  u_exact_mapper/U21/Y (NOR4BB_X4M_A9TR40)                      0.053559  0.068233   0.424807 f
  u_exact_mapper/n30 (net)                      1     0.002307            0.000000   0.424807 f
  u_exact_mapper/U36/BN (NOR3BB_X4M_A9TR40)                     0.053559  0.000040   0.424847 f
  u_exact_mapper/U36/Y (NOR3BB_X4M_A9TR40)                      0.063344  0.103033   0.527881 f
  u_exact_mapper/n23 (net)                      4     0.005150            0.000000   0.527881 f
  u_exact_mapper/U11/C (NAND3_X1M_A9TR40)                       0.063344  0.000017   0.527898 f
  u_exact_mapper/U11/Y (NAND3_X1M_A9TR40)                       0.117836  0.093864   0.621762 r
  u_exact_mapper/n19 (net)                      2     0.002737            0.000000   0.621762 r
  u_exact_mapper/U10/B (NAND2_X1A_A9TR40)                       0.117836  0.000021   0.621783 r
  u_exact_mapper/U10/Y (NAND2_X1A_A9TR40)                       0.095683  0.102718   0.724501 f
  u_exact_mapper/m_det_o[3]_snps (net)          3     0.003734            0.000000   0.724501 f
  u_exact_mapper/U38/AN (NAND2B_X1M_A9TR40)                     0.095683  0.000017   0.724517 f
  u_exact_mapper/U38/Y (NAND2B_X1M_A9TR40)                      0.103590  0.147161   0.871679 f
  u_exact_mapper/target_medium_therm_o[6]_snps (net)
                                                3     0.003730            0.000000   0.871679 f
  u_exact_mapper/U40/AN (NAND2B_X1M_A9TR40)                     0.103590  0.000017   0.871695 f
  u_exact_mapper/U40/Y (NAND2B_X1M_A9TR40)                      0.076402  0.139386   1.011081 f
  u_exact_mapper/target_medium_therm_o[4] (net)
                                                2     0.002660            0.000000   1.011081 f
  u_exact_mapper/U9/AN (NAND3B_X2M_A9TR40)                      0.076402  0.000020   1.011101 f
  u_exact_mapper/U9/Y (NAND3B_X2M_A9TR40)                       0.074539  0.121370   1.132471 f
  u_exact_mapper/target_medium_therm_o[3] (net)
                                                2     0.002722            0.000000   1.132471 f
  u_exact_mapper/U39/A (INV_X1M_A9TR40)                         0.074539  0.000021   1.132492 f
  u_exact_mapper/U39/Y (INV_X1M_A9TR40)                         0.096750  0.080296   1.212788 r
  u_exact_mapper/n4 (net)                       2     0.003527            0.000000   1.212788 r
  u_exact_mapper/U3/B (NAND2_X2A_A9TR40)                        0.096750  0.000033   1.212821 r
  u_exact_mapper/U3/Y (NAND2_X2A_A9TR40)                        0.079102  0.064403   1.277224 f
  u_exact_mapper/target_medium_therm_o[2] (net)
                                                2     0.002648            0.000000   1.277224 f
  u_exact_mapper/U16/AN (NAND3BB_X1M_A9TR40)                    0.079102  0.000019   1.277243 f
  u_exact_mapper/U16/Y (NAND3BB_X1M_A9TR40)                     0.146571  0.180088   1.457331 f
  u_exact_mapper/mapping_supported_o (net)      5     0.006742            0.000000   1.457331 f
  u_exact_mapper/mapping_supported_o (ftc_detection_margin_mapper)        0.000000   1.457331 f
  mapper_mapping_supported (net)                      0.006742            0.000000   1.457331 f
  U151/A (NAND2_X2A_A9TR40)                                     0.146571  0.000024   1.457355 f
  U151/Y (NAND2_X2A_A9TR40)                                     0.071978  0.073944   1.531300 r
  n38 (net)                                     2     0.002793            0.000000   1.531300 r
  U157/A (INV_X1M_A9TR40)                                       0.071978  0.000021   1.531321 r
  U157/Y (INV_X1M_A9TR40)                                       0.049106  0.054095   1.585415 f
  n137 (net)                                    2     0.002723            0.000000   1.585415 f
  U153/A (NAND2_X1M_A9TR40)                                     0.049106  0.000021   1.585436 f
  U153/Y (NAND2_X1M_A9TR40)                                     0.104671  0.064974   1.650410 r
  n44 (net)                                     2     0.002673            0.000000   1.650410 r
  U154/A (NOR2_X0P7B_A9TR40)                                    0.104671  0.000019   1.650429 r
  U154/Y (NOR2_X0P7B_A9TR40)                                    0.101529  0.102350   1.752779 f
  n42 (net)                                     2     0.002601            0.000000   1.752779 f
  U168/C (NAND3BB_X1M_A9TR40)                                   0.101529  0.000020   1.752799 f
  U168/Y (NAND3BB_X1M_A9TR40)                                   0.094724  0.086918   1.839717 r
  n21 (net)                                     1     0.002766            0.000000   1.839717 r
  U140/A (INV_X3P5B_A9TR40)                                     0.094724  0.000048   1.839765 r
  U140/Y (INV_X3P5B_A9TR40)                                     0.049558  0.058906   1.898671 f
  n163 (net)                                    5     0.006508            0.000000   1.898671 f
  U139/A (BUF_X2M_A9TR40)                                       0.049558  0.000016   1.898688 f
  U139/Y (BUF_X2M_A9TR40)                                       0.071712  0.114233   2.012921 f
  n159 (net)                                    7     0.008978            0.000000   2.012921 f
  U196/A (INV_X2M_A9TR40)                                       0.071712  0.000023   2.012944 f
  U196/Y (INV_X2M_A9TR40)                                       0.191656  0.131055   2.143999 r
  n154 (net)                                   15     0.017759            0.000000   2.143999 r
  U40/A0 (AO22_X0P5M_A9TR40)                                    0.191656  0.000014   2.144013 r
  U40/Y (AO22_X0P5M_A9TR40)                                     0.093159  0.205176   2.349189 r
  n78 (net)                                     1     0.001574            0.000000   2.349189 r
  target_fine_therm_q_reg[1]/D (DFFSQ_X1M_A9TR40)               0.093159  0.000027   2.349216 r
  data arrival time                                                                  2.349216

  clock cal_clk (rise edge)                                               2.500000   2.500000
  clock network delay (ideal)                                             0.000000   2.500000
  clock uncertainty                                                       -0.050000  2.450000
  target_fine_therm_q_reg[1]/CK (DFFSQ_X1M_A9TR40)                        0.000000   2.450000 r
  library setup time                                                      -0.068499  2.381501
  data required time                                                                 2.381501
  ----------------------------------------------------------------------------------------------
  data required time                                                                 2.381501
  data arrival time                                                                  -2.349216
  ----------------------------------------------------------------------------------------------
  slack (MET)                                                                        0.032285


  Startpoint: cal_medium_code_snapshot_i[2]
              (input port clocked by cal_clk)
  Endpoint: target_medium_therm_q_reg[7]
            (rising edge-triggered flip-flop clocked by cal_clk)
  Path Group: cal_clk
  Path Type: max

  Des/Clust/Port     Wire Load Model       Library
  ------------------------------------------------
  ftc_detection_margin_manager
                     Small                 sc9mc_logic0040ll_base_rvt_c40_ss_typical_max_0p99v_125c

  Point                                       Fanout       Cap     Trans      Incr       Path
  ----------------------------------------------------------------------------------------------
  clock cal_clk (rise edge)                                               0.000000   0.000000
  clock network delay (ideal)                                             0.000000   0.000000
  input external delay                                                    0.300000   0.300000 f
  cal_medium_code_snapshot_i[2] (in)                            0.000000  0.000000   0.300000 f
  cal_medium_code_snapshot_i[2] (net)           2     0.002777            0.000000   0.300000 f
  u_exact_mapper/cal_medium_code_snapshot_i[2] (ftc_detection_margin_mapper)
                                                                          0.000000   0.300000 f
  u_exact_mapper/cal_medium_code_snapshot_i[2] (net)  0.002777            0.000000   0.300000 f
  u_exact_mapper/U5/A (INV_X1M_A9TR40)                          0.000000  0.000021   0.300021 f
  u_exact_mapper/U5/Y (INV_X1M_A9TR40)                          0.103467  0.056512   0.356533 r
  u_exact_mapper/n31 (net)                      2     0.004140            0.000000   0.356533 r
  u_exact_mapper/U21/C (NOR4BB_X4M_A9TR40)                      0.103467  0.000041   0.356574 r
  u_exact_mapper/U21/Y (NOR4BB_X4M_A9TR40)                      0.053559  0.068233   0.424807 f
  u_exact_mapper/n30 (net)                      1     0.002307            0.000000   0.424807 f
  u_exact_mapper/U36/BN (NOR3BB_X4M_A9TR40)                     0.053559  0.000040   0.424847 f
  u_exact_mapper/U36/Y (NOR3BB_X4M_A9TR40)                      0.063344  0.103033   0.527881 f
  u_exact_mapper/n23 (net)                      4     0.005150            0.000000   0.527881 f
  u_exact_mapper/U11/C (NAND3_X1M_A9TR40)                       0.063344  0.000017   0.527898 f
  u_exact_mapper/U11/Y (NAND3_X1M_A9TR40)                       0.117836  0.093864   0.621762 r
  u_exact_mapper/n19 (net)                      2     0.002737            0.000000   0.621762 r
  u_exact_mapper/U10/B (NAND2_X1A_A9TR40)                       0.117836  0.000021   0.621783 r
  u_exact_mapper/U10/Y (NAND2_X1A_A9TR40)                       0.095683  0.102718   0.724501 f
  u_exact_mapper/m_det_o[3]_snps (net)          3     0.003734            0.000000   0.724501 f
  u_exact_mapper/U38/AN (NAND2B_X1M_A9TR40)                     0.095683  0.000017   0.724517 f
  u_exact_mapper/U38/Y (NAND2B_X1M_A9TR40)                      0.103590  0.147161   0.871679 f
  u_exact_mapper/target_medium_therm_o[6]_snps (net)
                                                3     0.003730            0.000000   0.871679 f
  u_exact_mapper/U40/AN (NAND2B_X1M_A9TR40)                     0.103590  0.000017   0.871695 f
  u_exact_mapper/U40/Y (NAND2B_X1M_A9TR40)                      0.076402  0.139386   1.011081 f
  u_exact_mapper/target_medium_therm_o[4] (net)
                                                2     0.002660            0.000000   1.011081 f
  u_exact_mapper/U9/AN (NAND3B_X2M_A9TR40)                      0.076402  0.000020   1.011101 f
  u_exact_mapper/U9/Y (NAND3B_X2M_A9TR40)                       0.074539  0.121370   1.132471 f
  u_exact_mapper/target_medium_therm_o[3] (net)
                                                2     0.002722            0.000000   1.132471 f
  u_exact_mapper/U39/A (INV_X1M_A9TR40)                         0.074539  0.000021   1.132492 f
  u_exact_mapper/U39/Y (INV_X1M_A9TR40)                         0.096750  0.080296   1.212788 r
  u_exact_mapper/n4 (net)                       2     0.003527            0.000000   1.212788 r
  u_exact_mapper/U3/B (NAND2_X2A_A9TR40)                        0.096750  0.000033   1.212821 r
  u_exact_mapper/U3/Y (NAND2_X2A_A9TR40)                        0.079102  0.064403   1.277224 f
  u_exact_mapper/target_medium_therm_o[2] (net)
                                                2     0.002648            0.000000   1.277224 f
  u_exact_mapper/U16/AN (NAND3BB_X1M_A9TR40)                    0.079102  0.000019   1.277243 f
  u_exact_mapper/U16/Y (NAND3BB_X1M_A9TR40)                     0.146571  0.180088   1.457331 f
  u_exact_mapper/mapping_supported_o (net)      5     0.006742            0.000000   1.457331 f
  u_exact_mapper/mapping_supported_o (ftc_detection_margin_mapper)        0.000000   1.457331 f
  mapper_mapping_supported (net)                      0.006742            0.000000   1.457331 f
  U151/A (NAND2_X2A_A9TR40)                                     0.146571  0.000024   1.457355 f
  U151/Y (NAND2_X2A_A9TR40)                                     0.071978  0.073944   1.531300 r
  n38 (net)                                     2     0.002793            0.000000   1.531300 r
  U157/A (INV_X1M_A9TR40)                                       0.071978  0.000021   1.531321 r
  U157/Y (INV_X1M_A9TR40)                                       0.049106  0.054095   1.585415 f
  n137 (net)                                    2     0.002723            0.000000   1.585415 f
  U153/A (NAND2_X1M_A9TR40)                                     0.049106  0.000021   1.585436 f
  U153/Y (NAND2_X1M_A9TR40)                                     0.104671  0.064974   1.650410 r
  n44 (net)                                     2     0.002673            0.000000   1.650410 r
  U154/A (NOR2_X0P7B_A9TR40)                                    0.104671  0.000019   1.650429 r
  U154/Y (NOR2_X0P7B_A9TR40)                                    0.101529  0.102350   1.752779 f
  n42 (net)                                     2     0.002601            0.000000   1.752779 f
  U168/C (NAND3BB_X1M_A9TR40)                                   0.101529  0.000020   1.752799 f
  U168/Y (NAND3BB_X1M_A9TR40)                                   0.094724  0.086918   1.839717 r
  n21 (net)                                     1     0.002766            0.000000   1.839717 r
  U140/A (INV_X3P5B_A9TR40)                                     0.094724  0.000048   1.839765 r
  U140/Y (INV_X3P5B_A9TR40)                                     0.049558  0.058906   1.898671 f
  n163 (net)                                    5     0.006508            0.000000   1.898671 f
  U135/A (BUF_X1P2M_A9TR40)                                     0.049558  0.000015   1.898687 f
  U135/Y (BUF_X1P2M_A9TR40)                                     0.098309  0.141112   2.039799 f
  n136 (net)                                    6     0.008331            0.000000   2.039799 f
  U145/A (INV_X3M_A9TR40)                                       0.098309  0.000030   2.039829 f
  U145/Y (INV_X3M_A9TR40)                                       0.139903  0.111621   2.151450 r
  n155 (net)                                   16     0.018370            0.000000   2.151450 r
  U75/A0 (AO22_X0P5M_A9TR40)                                    0.139903  0.000014   2.151464 r
  U75/Y (AO22_X0P5M_A9TR40)                                     0.092067  0.186132   2.337595 r
  n102 (net)                                    1     0.001559            0.000000   2.337595 r
  target_medium_therm_q_reg[7]/D (DFFRPQ_X1M_A9TR40)            0.092067  0.000027   2.337622 r
  data arrival time                                                                  2.337622

  clock cal_clk (rise edge)                                               2.500000   2.500000
  clock network delay (ideal)                                             0.000000   2.500000
  clock uncertainty                                                       -0.050000  2.450000
  target_medium_therm_q_reg[7]/CK (DFFRPQ_X1M_A9TR40)                     0.000000   2.450000 r
  library setup time                                                      -0.079857  2.370143
  data required time                                                                 2.370143
  ----------------------------------------------------------------------------------------------
  data required time                                                                 2.370143
  data arrival time                                                                  -2.337622
  ----------------------------------------------------------------------------------------------
  slack (MET)                                                                        0.032521


  Startpoint: cal_medium_code_snapshot_i[2]
              (input port clocked by cal_clk)
  Endpoint: target_medium_therm_q_reg[6]
            (rising edge-triggered flip-flop clocked by cal_clk)
  Path Group: cal_clk
  Path Type: max

  Des/Clust/Port     Wire Load Model       Library
  ------------------------------------------------
  ftc_detection_margin_manager
                     Small                 sc9mc_logic0040ll_base_rvt_c40_ss_typical_max_0p99v_125c

  Point                                       Fanout       Cap     Trans      Incr       Path
  ----------------------------------------------------------------------------------------------
  clock cal_clk (rise edge)                                               0.000000   0.000000
  clock network delay (ideal)                                             0.000000   0.000000
  input external delay                                                    0.300000   0.300000 f
  cal_medium_code_snapshot_i[2] (in)                            0.000000  0.000000   0.300000 f
  cal_medium_code_snapshot_i[2] (net)           2     0.002777            0.000000   0.300000 f
  u_exact_mapper/cal_medium_code_snapshot_i[2] (ftc_detection_margin_mapper)
                                                                          0.000000   0.300000 f
  u_exact_mapper/cal_medium_code_snapshot_i[2] (net)  0.002777            0.000000   0.300000 f
  u_exact_mapper/U5/A (INV_X1M_A9TR40)                          0.000000  0.000021   0.300021 f
  u_exact_mapper/U5/Y (INV_X1M_A9TR40)                          0.103467  0.056512   0.356533 r
  u_exact_mapper/n31 (net)                      2     0.004140            0.000000   0.356533 r
  u_exact_mapper/U21/C (NOR4BB_X4M_A9TR40)                      0.103467  0.000041   0.356574 r
  u_exact_mapper/U21/Y (NOR4BB_X4M_A9TR40)                      0.053559  0.068233   0.424807 f
  u_exact_mapper/n30 (net)                      1     0.002307            0.000000   0.424807 f
  u_exact_mapper/U36/BN (NOR3BB_X4M_A9TR40)                     0.053559  0.000040   0.424847 f
  u_exact_mapper/U36/Y (NOR3BB_X4M_A9TR40)                      0.063344  0.103033   0.527881 f
  u_exact_mapper/n23 (net)                      4     0.005150            0.000000   0.527881 f
  u_exact_mapper/U11/C (NAND3_X1M_A9TR40)                       0.063344  0.000017   0.527898 f
  u_exact_mapper/U11/Y (NAND3_X1M_A9TR40)                       0.117836  0.093864   0.621762 r
  u_exact_mapper/n19 (net)                      2     0.002737            0.000000   0.621762 r
  u_exact_mapper/U10/B (NAND2_X1A_A9TR40)                       0.117836  0.000021   0.621783 r
  u_exact_mapper/U10/Y (NAND2_X1A_A9TR40)                       0.095683  0.102718   0.724501 f
  u_exact_mapper/m_det_o[3]_snps (net)          3     0.003734            0.000000   0.724501 f
  u_exact_mapper/U38/AN (NAND2B_X1M_A9TR40)                     0.095683  0.000017   0.724517 f
  u_exact_mapper/U38/Y (NAND2B_X1M_A9TR40)                      0.103590  0.147161   0.871679 f
  u_exact_mapper/target_medium_therm_o[6]_snps (net)
                                                3     0.003730            0.000000   0.871679 f
  u_exact_mapper/U40/AN (NAND2B_X1M_A9TR40)                     0.103590  0.000017   0.871695 f
  u_exact_mapper/U40/Y (NAND2B_X1M_A9TR40)                      0.076402  0.139386   1.011081 f
  u_exact_mapper/target_medium_therm_o[4] (net)
                                                2     0.002660            0.000000   1.011081 f
  u_exact_mapper/U9/AN (NAND3B_X2M_A9TR40)                      0.076402  0.000020   1.011101 f
  u_exact_mapper/U9/Y (NAND3B_X2M_A9TR40)                       0.074539  0.121370   1.132471 f
  u_exact_mapper/target_medium_therm_o[3] (net)
                                                2     0.002722            0.000000   1.132471 f
  u_exact_mapper/U39/A (INV_X1M_A9TR40)                         0.074539  0.000021   1.132492 f
  u_exact_mapper/U39/Y (INV_X1M_A9TR40)                         0.096750  0.080296   1.212788 r
  u_exact_mapper/n4 (net)                       2     0.003527            0.000000   1.212788 r
  u_exact_mapper/U3/B (NAND2_X2A_A9TR40)                        0.096750  0.000033   1.212821 r
  u_exact_mapper/U3/Y (NAND2_X2A_A9TR40)                        0.079102  0.064403   1.277224 f
  u_exact_mapper/target_medium_therm_o[2] (net)
                                                2     0.002648            0.000000   1.277224 f
  u_exact_mapper/U16/AN (NAND3BB_X1M_A9TR40)                    0.079102  0.000019   1.277243 f
  u_exact_mapper/U16/Y (NAND3BB_X1M_A9TR40)                     0.146571  0.180088   1.457331 f
  u_exact_mapper/mapping_supported_o (net)      5     0.006742            0.000000   1.457331 f
  u_exact_mapper/mapping_supported_o (ftc_detection_margin_mapper)        0.000000   1.457331 f
  mapper_mapping_supported (net)                      0.006742            0.000000   1.457331 f
  U151/A (NAND2_X2A_A9TR40)                                     0.146571  0.000024   1.457355 f
  U151/Y (NAND2_X2A_A9TR40)                                     0.071978  0.073944   1.531300 r
  n38 (net)                                     2     0.002793            0.000000   1.531300 r
  U157/A (INV_X1M_A9TR40)                                       0.071978  0.000021   1.531321 r
  U157/Y (INV_X1M_A9TR40)                                       0.049106  0.054095   1.585415 f
  n137 (net)                                    2     0.002723            0.000000   1.585415 f
  U153/A (NAND2_X1M_A9TR40)                                     0.049106  0.000021   1.585436 f
  U153/Y (NAND2_X1M_A9TR40)                                     0.104671  0.064974   1.650410 r
  n44 (net)                                     2     0.002673            0.000000   1.650410 r
  U154/A (NOR2_X0P7B_A9TR40)                                    0.104671  0.000019   1.650429 r
  U154/Y (NOR2_X0P7B_A9TR40)                                    0.101529  0.102350   1.752779 f
  n42 (net)                                     2     0.002601            0.000000   1.752779 f
  U168/C (NAND3BB_X1M_A9TR40)                                   0.101529  0.000020   1.752799 f
  U168/Y (NAND3BB_X1M_A9TR40)                                   0.094724  0.086918   1.839717 r
  n21 (net)                                     1     0.002766            0.000000   1.839717 r
  U140/A (INV_X3P5B_A9TR40)                                     0.094724  0.000048   1.839765 r
  U140/Y (INV_X3P5B_A9TR40)                                     0.049558  0.058906   1.898671 f
  n163 (net)                                    5     0.006508            0.000000   1.898671 f
  U135/A (BUF_X1P2M_A9TR40)                                     0.049558  0.000015   1.898687 f
  U135/Y (BUF_X1P2M_A9TR40)                                     0.098309  0.141112   2.039799 f
  n136 (net)                                    6     0.008331            0.000000   2.039799 f
  U145/A (INV_X3M_A9TR40)                                       0.098309  0.000030   2.039829 f
  U145/Y (INV_X3M_A9TR40)                                       0.139903  0.111621   2.151450 r
  n155 (net)                                   16     0.018370            0.000000   2.151450 r
  U74/A0 (AO22_X0P5M_A9TR40)                                    0.139903  0.000014   2.151464 r
  U74/Y (AO22_X0P5M_A9TR40)                                     0.092067  0.186132   2.337595 r
  n101 (net)                                    1     0.001559            0.000000   2.337595 r
  target_medium_therm_q_reg[6]/D (DFFRPQ_X1M_A9TR40)            0.092067  0.000027   2.337622 r
  data arrival time                                                                  2.337622

  clock cal_clk (rise edge)                                               2.500000   2.500000
  clock network delay (ideal)                                             0.000000   2.500000
  clock uncertainty                                                       -0.050000  2.450000
  target_medium_therm_q_reg[6]/CK (DFFRPQ_X1M_A9TR40)                     0.000000   2.450000 r
  library setup time                                                      -0.079857  2.370143
  data required time                                                                 2.370143
  ----------------------------------------------------------------------------------------------
  data required time                                                                 2.370143
  data arrival time                                                                  -2.337622
  ----------------------------------------------------------------------------------------------
  slack (MET)                                                                        0.032521


  Startpoint: cal_medium_code_snapshot_i[2]
              (input port clocked by cal_clk)
  Endpoint: target_medium_therm_q_reg[5]
            (rising edge-triggered flip-flop clocked by cal_clk)
  Path Group: cal_clk
  Path Type: max

  Des/Clust/Port     Wire Load Model       Library
  ------------------------------------------------
  ftc_detection_margin_manager
                     Small                 sc9mc_logic0040ll_base_rvt_c40_ss_typical_max_0p99v_125c

  Point                                       Fanout       Cap     Trans      Incr       Path
  ----------------------------------------------------------------------------------------------
  clock cal_clk (rise edge)                                               0.000000   0.000000
  clock network delay (ideal)                                             0.000000   0.000000
  input external delay                                                    0.300000   0.300000 f
  cal_medium_code_snapshot_i[2] (in)                            0.000000  0.000000   0.300000 f
  cal_medium_code_snapshot_i[2] (net)           2     0.002777            0.000000   0.300000 f
  u_exact_mapper/cal_medium_code_snapshot_i[2] (ftc_detection_margin_mapper)
                                                                          0.000000   0.300000 f
  u_exact_mapper/cal_medium_code_snapshot_i[2] (net)  0.002777            0.000000   0.300000 f
  u_exact_mapper/U5/A (INV_X1M_A9TR40)                          0.000000  0.000021   0.300021 f
  u_exact_mapper/U5/Y (INV_X1M_A9TR40)                          0.103467  0.056512   0.356533 r
  u_exact_mapper/n31 (net)                      2     0.004140            0.000000   0.356533 r
  u_exact_mapper/U21/C (NOR4BB_X4M_A9TR40)                      0.103467  0.000041   0.356574 r
  u_exact_mapper/U21/Y (NOR4BB_X4M_A9TR40)                      0.053559  0.068233   0.424807 f
  u_exact_mapper/n30 (net)                      1     0.002307            0.000000   0.424807 f
  u_exact_mapper/U36/BN (NOR3BB_X4M_A9TR40)                     0.053559  0.000040   0.424847 f
  u_exact_mapper/U36/Y (NOR3BB_X4M_A9TR40)                      0.063344  0.103033   0.527881 f
  u_exact_mapper/n23 (net)                      4     0.005150            0.000000   0.527881 f
  u_exact_mapper/U11/C (NAND3_X1M_A9TR40)                       0.063344  0.000017   0.527898 f
  u_exact_mapper/U11/Y (NAND3_X1M_A9TR40)                       0.117836  0.093864   0.621762 r
  u_exact_mapper/n19 (net)                      2     0.002737            0.000000   0.621762 r
  u_exact_mapper/U10/B (NAND2_X1A_A9TR40)                       0.117836  0.000021   0.621783 r
  u_exact_mapper/U10/Y (NAND2_X1A_A9TR40)                       0.095683  0.102718   0.724501 f
  u_exact_mapper/m_det_o[3]_snps (net)          3     0.003734            0.000000   0.724501 f
  u_exact_mapper/U38/AN (NAND2B_X1M_A9TR40)                     0.095683  0.000017   0.724517 f
  u_exact_mapper/U38/Y (NAND2B_X1M_A9TR40)                      0.103590  0.147161   0.871679 f
  u_exact_mapper/target_medium_therm_o[6]_snps (net)
                                                3     0.003730            0.000000   0.871679 f
  u_exact_mapper/U40/AN (NAND2B_X1M_A9TR40)                     0.103590  0.000017   0.871695 f
  u_exact_mapper/U40/Y (NAND2B_X1M_A9TR40)                      0.076402  0.139386   1.011081 f
  u_exact_mapper/target_medium_therm_o[4] (net)
                                                2     0.002660            0.000000   1.011081 f
  u_exact_mapper/U9/AN (NAND3B_X2M_A9TR40)                      0.076402  0.000020   1.011101 f
  u_exact_mapper/U9/Y (NAND3B_X2M_A9TR40)                       0.074539  0.121370   1.132471 f
  u_exact_mapper/target_medium_therm_o[3] (net)
                                                2     0.002722            0.000000   1.132471 f
  u_exact_mapper/U39/A (INV_X1M_A9TR40)                         0.074539  0.000021   1.132492 f
  u_exact_mapper/U39/Y (INV_X1M_A9TR40)                         0.096750  0.080296   1.212788 r
  u_exact_mapper/n4 (net)                       2     0.003527            0.000000   1.212788 r
  u_exact_mapper/U3/B (NAND2_X2A_A9TR40)                        0.096750  0.000033   1.212821 r
  u_exact_mapper/U3/Y (NAND2_X2A_A9TR40)                        0.079102  0.064403   1.277224 f
  u_exact_mapper/target_medium_therm_o[2] (net)
                                                2     0.002648            0.000000   1.277224 f
  u_exact_mapper/U16/AN (NAND3BB_X1M_A9TR40)                    0.079102  0.000019   1.277243 f
  u_exact_mapper/U16/Y (NAND3BB_X1M_A9TR40)                     0.146571  0.180088   1.457331 f
  u_exact_mapper/mapping_supported_o (net)      5     0.006742            0.000000   1.457331 f
  u_exact_mapper/mapping_supported_o (ftc_detection_margin_mapper)        0.000000   1.457331 f
  mapper_mapping_supported (net)                      0.006742            0.000000   1.457331 f
  U151/A (NAND2_X2A_A9TR40)                                     0.146571  0.000024   1.457355 f
  U151/Y (NAND2_X2A_A9TR40)                                     0.071978  0.073944   1.531300 r
  n38 (net)                                     2     0.002793            0.000000   1.531300 r
  U157/A (INV_X1M_A9TR40)                                       0.071978  0.000021   1.531321 r
  U157/Y (INV_X1M_A9TR40)                                       0.049106  0.054095   1.585415 f
  n137 (net)                                    2     0.002723            0.000000   1.585415 f
  U153/A (NAND2_X1M_A9TR40)                                     0.049106  0.000021   1.585436 f
  U153/Y (NAND2_X1M_A9TR40)                                     0.104671  0.064974   1.650410 r
  n44 (net)                                     2     0.002673            0.000000   1.650410 r
  U154/A (NOR2_X0P7B_A9TR40)                                    0.104671  0.000019   1.650429 r
  U154/Y (NOR2_X0P7B_A9TR40)                                    0.101529  0.102350   1.752779 f
  n42 (net)                                     2     0.002601            0.000000   1.752779 f
  U168/C (NAND3BB_X1M_A9TR40)                                   0.101529  0.000020   1.752799 f
  U168/Y (NAND3BB_X1M_A9TR40)                                   0.094724  0.086918   1.839717 r
  n21 (net)                                     1     0.002766            0.000000   1.839717 r
  U140/A (INV_X3P5B_A9TR40)                                     0.094724  0.000048   1.839765 r
  U140/Y (INV_X3P5B_A9TR40)                                     0.049558  0.058906   1.898671 f
  n163 (net)                                    5     0.006508            0.000000   1.898671 f
  U135/A (BUF_X1P2M_A9TR40)                                     0.049558  0.000015   1.898687 f
  U135/Y (BUF_X1P2M_A9TR40)                                     0.098309  0.141112   2.039799 f
  n136 (net)                                    6     0.008331            0.000000   2.039799 f
  U145/A (INV_X3M_A9TR40)                                       0.098309  0.000030   2.039829 f
  U145/Y (INV_X3M_A9TR40)                                       0.139903  0.111621   2.151450 r
  n155 (net)                                   16     0.018370            0.000000   2.151450 r
  U73/A0 (AO22_X0P5M_A9TR40)                                    0.139903  0.000014   2.151464 r
  U73/Y (AO22_X0P5M_A9TR40)                                     0.092067  0.186132   2.337595 r
  n100 (net)                                    1     0.001559            0.000000   2.337595 r
  target_medium_therm_q_reg[5]/D (DFFRPQ_X1M_A9TR40)            0.092067  0.000027   2.337622 r
  data arrival time                                                                  2.337622

  clock cal_clk (rise edge)                                               2.500000   2.500000
  clock network delay (ideal)                                             0.000000   2.500000
  clock uncertainty                                                       -0.050000  2.450000
  target_medium_therm_q_reg[5]/CK (DFFRPQ_X1M_A9TR40)                     0.000000   2.450000 r
  library setup time                                                      -0.079857  2.370143
  data required time                                                                 2.370143
  ----------------------------------------------------------------------------------------------
  data required time                                                                 2.370143
  data arrival time                                                                  -2.337622
  ----------------------------------------------------------------------------------------------
  slack (MET)                                                                        0.032521


  Startpoint: cal_medium_code_snapshot_i[2]
              (input port clocked by cal_clk)
  Endpoint: target_medium_therm_q_reg[4]
            (rising edge-triggered flip-flop clocked by cal_clk)
  Path Group: cal_clk
  Path Type: max

  Des/Clust/Port     Wire Load Model       Library
  ------------------------------------------------
  ftc_detection_margin_manager
                     Small                 sc9mc_logic0040ll_base_rvt_c40_ss_typical_max_0p99v_125c

  Point                                       Fanout       Cap     Trans      Incr       Path
  ----------------------------------------------------------------------------------------------
  clock cal_clk (rise edge)                                               0.000000   0.000000
  clock network delay (ideal)                                             0.000000   0.000000
  input external delay                                                    0.300000   0.300000 f
  cal_medium_code_snapshot_i[2] (in)                            0.000000  0.000000   0.300000 f
  cal_medium_code_snapshot_i[2] (net)           2     0.002777            0.000000   0.300000 f
  u_exact_mapper/cal_medium_code_snapshot_i[2] (ftc_detection_margin_mapper)
                                                                          0.000000   0.300000 f
  u_exact_mapper/cal_medium_code_snapshot_i[2] (net)  0.002777            0.000000   0.300000 f
  u_exact_mapper/U5/A (INV_X1M_A9TR40)                          0.000000  0.000021   0.300021 f
  u_exact_mapper/U5/Y (INV_X1M_A9TR40)                          0.103467  0.056512   0.356533 r
  u_exact_mapper/n31 (net)                      2     0.004140            0.000000   0.356533 r
  u_exact_mapper/U21/C (NOR4BB_X4M_A9TR40)                      0.103467  0.000041   0.356574 r
  u_exact_mapper/U21/Y (NOR4BB_X4M_A9TR40)                      0.053559  0.068233   0.424807 f
  u_exact_mapper/n30 (net)                      1     0.002307            0.000000   0.424807 f
  u_exact_mapper/U36/BN (NOR3BB_X4M_A9TR40)                     0.053559  0.000040   0.424847 f
  u_exact_mapper/U36/Y (NOR3BB_X4M_A9TR40)                      0.063344  0.103033   0.527881 f
  u_exact_mapper/n23 (net)                      4     0.005150            0.000000   0.527881 f
  u_exact_mapper/U11/C (NAND3_X1M_A9TR40)                       0.063344  0.000017   0.527898 f
  u_exact_mapper/U11/Y (NAND3_X1M_A9TR40)                       0.117836  0.093864   0.621762 r
  u_exact_mapper/n19 (net)                      2     0.002737            0.000000   0.621762 r
  u_exact_mapper/U10/B (NAND2_X1A_A9TR40)                       0.117836  0.000021   0.621783 r
  u_exact_mapper/U10/Y (NAND2_X1A_A9TR40)                       0.095683  0.102718   0.724501 f
  u_exact_mapper/m_det_o[3]_snps (net)          3     0.003734            0.000000   0.724501 f
  u_exact_mapper/U38/AN (NAND2B_X1M_A9TR40)                     0.095683  0.000017   0.724517 f
  u_exact_mapper/U38/Y (NAND2B_X1M_A9TR40)                      0.103590  0.147161   0.871679 f
  u_exact_mapper/target_medium_therm_o[6]_snps (net)
                                                3     0.003730            0.000000   0.871679 f
  u_exact_mapper/U40/AN (NAND2B_X1M_A9TR40)                     0.103590  0.000017   0.871695 f
  u_exact_mapper/U40/Y (NAND2B_X1M_A9TR40)                      0.076402  0.139386   1.011081 f
  u_exact_mapper/target_medium_therm_o[4] (net)
                                                2     0.002660            0.000000   1.011081 f
  u_exact_mapper/U9/AN (NAND3B_X2M_A9TR40)                      0.076402  0.000020   1.011101 f
  u_exact_mapper/U9/Y (NAND3B_X2M_A9TR40)                       0.074539  0.121370   1.132471 f
  u_exact_mapper/target_medium_therm_o[3] (net)
                                                2     0.002722            0.000000   1.132471 f
  u_exact_mapper/U39/A (INV_X1M_A9TR40)                         0.074539  0.000021   1.132492 f
  u_exact_mapper/U39/Y (INV_X1M_A9TR40)                         0.096750  0.080296   1.212788 r
  u_exact_mapper/n4 (net)                       2     0.003527            0.000000   1.212788 r
  u_exact_mapper/U3/B (NAND2_X2A_A9TR40)                        0.096750  0.000033   1.212821 r
  u_exact_mapper/U3/Y (NAND2_X2A_A9TR40)                        0.079102  0.064403   1.277224 f
  u_exact_mapper/target_medium_therm_o[2] (net)
                                                2     0.002648            0.000000   1.277224 f
  u_exact_mapper/U16/AN (NAND3BB_X1M_A9TR40)                    0.079102  0.000019   1.277243 f
  u_exact_mapper/U16/Y (NAND3BB_X1M_A9TR40)                     0.146571  0.180088   1.457331 f
  u_exact_mapper/mapping_supported_o (net)      5     0.006742            0.000000   1.457331 f
  u_exact_mapper/mapping_supported_o (ftc_detection_margin_mapper)        0.000000   1.457331 f
  mapper_mapping_supported (net)                      0.006742            0.000000   1.457331 f
  U151/A (NAND2_X2A_A9TR40)                                     0.146571  0.000024   1.457355 f
  U151/Y (NAND2_X2A_A9TR40)                                     0.071978  0.073944   1.531300 r
  n38 (net)                                     2     0.002793            0.000000   1.531300 r
  U157/A (INV_X1M_A9TR40)                                       0.071978  0.000021   1.531321 r
  U157/Y (INV_X1M_A9TR40)                                       0.049106  0.054095   1.585415 f
  n137 (net)                                    2     0.002723            0.000000   1.585415 f
  U153/A (NAND2_X1M_A9TR40)                                     0.049106  0.000021   1.585436 f
  U153/Y (NAND2_X1M_A9TR40)                                     0.104671  0.064974   1.650410 r
  n44 (net)                                     2     0.002673            0.000000   1.650410 r
  U154/A (NOR2_X0P7B_A9TR40)                                    0.104671  0.000019   1.650429 r
  U154/Y (NOR2_X0P7B_A9TR40)                                    0.101529  0.102350   1.752779 f
  n42 (net)                                     2     0.002601            0.000000   1.752779 f
  U168/C (NAND3BB_X1M_A9TR40)                                   0.101529  0.000020   1.752799 f
  U168/Y (NAND3BB_X1M_A9TR40)                                   0.094724  0.086918   1.839717 r
  n21 (net)                                     1     0.002766            0.000000   1.839717 r
  U140/A (INV_X3P5B_A9TR40)                                     0.094724  0.000048   1.839765 r
  U140/Y (INV_X3P5B_A9TR40)                                     0.049558  0.058906   1.898671 f
  n163 (net)                                    5     0.006508            0.000000   1.898671 f
  U135/A (BUF_X1P2M_A9TR40)                                     0.049558  0.000015   1.898687 f
  U135/Y (BUF_X1P2M_A9TR40)                                     0.098309  0.141112   2.039799 f
  n136 (net)                                    6     0.008331            0.000000   2.039799 f
  U145/A (INV_X3M_A9TR40)                                       0.098309  0.000030   2.039829 f
  U145/Y (INV_X3M_A9TR40)                                       0.139903  0.111621   2.151450 r
  n155 (net)                                   16     0.018370            0.000000   2.151450 r
  U72/A0 (AO22_X0P5M_A9TR40)                                    0.139903  0.000014   2.151464 r
  U72/Y (AO22_X0P5M_A9TR40)                                     0.092067  0.186132   2.337595 r
  n99 (net)                                     1     0.001559            0.000000   2.337595 r
  target_medium_therm_q_reg[4]/D (DFFRPQ_X1M_A9TR40)            0.092067  0.000027   2.337622 r
  data arrival time                                                                  2.337622

  clock cal_clk (rise edge)                                               2.500000   2.500000
  clock network delay (ideal)                                             0.000000   2.500000
  clock uncertainty                                                       -0.050000  2.450000
  target_medium_therm_q_reg[4]/CK (DFFRPQ_X1M_A9TR40)                     0.000000   2.450000 r
  library setup time                                                      -0.079857  2.370143
  data required time                                                                 2.370143
  ----------------------------------------------------------------------------------------------
  data required time                                                                 2.370143
  data arrival time                                                                  -2.337622
  ----------------------------------------------------------------------------------------------
  slack (MET)                                                                        0.032521


  Startpoint: cal_medium_code_snapshot_i[2]
              (input port clocked by cal_clk)
  Endpoint: target_medium_therm_q_reg[3]
            (rising edge-triggered flip-flop clocked by cal_clk)
  Path Group: cal_clk
  Path Type: max

  Des/Clust/Port     Wire Load Model       Library
  ------------------------------------------------
  ftc_detection_margin_manager
                     Small                 sc9mc_logic0040ll_base_rvt_c40_ss_typical_max_0p99v_125c

  Point                                       Fanout       Cap     Trans      Incr       Path
  ----------------------------------------------------------------------------------------------
  clock cal_clk (rise edge)                                               0.000000   0.000000
  clock network delay (ideal)                                             0.000000   0.000000
  input external delay                                                    0.300000   0.300000 f
  cal_medium_code_snapshot_i[2] (in)                            0.000000  0.000000   0.300000 f
  cal_medium_code_snapshot_i[2] (net)           2     0.002777            0.000000   0.300000 f
  u_exact_mapper/cal_medium_code_snapshot_i[2] (ftc_detection_margin_mapper)
                                                                          0.000000   0.300000 f
  u_exact_mapper/cal_medium_code_snapshot_i[2] (net)  0.002777            0.000000   0.300000 f
  u_exact_mapper/U5/A (INV_X1M_A9TR40)                          0.000000  0.000021   0.300021 f
  u_exact_mapper/U5/Y (INV_X1M_A9TR40)                          0.103467  0.056512   0.356533 r
  u_exact_mapper/n31 (net)                      2     0.004140            0.000000   0.356533 r
  u_exact_mapper/U21/C (NOR4BB_X4M_A9TR40)                      0.103467  0.000041   0.356574 r
  u_exact_mapper/U21/Y (NOR4BB_X4M_A9TR40)                      0.053559  0.068233   0.424807 f
  u_exact_mapper/n30 (net)                      1     0.002307            0.000000   0.424807 f
  u_exact_mapper/U36/BN (NOR3BB_X4M_A9TR40)                     0.053559  0.000040   0.424847 f
  u_exact_mapper/U36/Y (NOR3BB_X4M_A9TR40)                      0.063344  0.103033   0.527881 f
  u_exact_mapper/n23 (net)                      4     0.005150            0.000000   0.527881 f
  u_exact_mapper/U11/C (NAND3_X1M_A9TR40)                       0.063344  0.000017   0.527898 f
  u_exact_mapper/U11/Y (NAND3_X1M_A9TR40)                       0.117836  0.093864   0.621762 r
  u_exact_mapper/n19 (net)                      2     0.002737            0.000000   0.621762 r
  u_exact_mapper/U10/B (NAND2_X1A_A9TR40)                       0.117836  0.000021   0.621783 r
  u_exact_mapper/U10/Y (NAND2_X1A_A9TR40)                       0.095683  0.102718   0.724501 f
  u_exact_mapper/m_det_o[3]_snps (net)          3     0.003734            0.000000   0.724501 f
  u_exact_mapper/U38/AN (NAND2B_X1M_A9TR40)                     0.095683  0.000017   0.724517 f
  u_exact_mapper/U38/Y (NAND2B_X1M_A9TR40)                      0.103590  0.147161   0.871679 f
  u_exact_mapper/target_medium_therm_o[6]_snps (net)
                                                3     0.003730            0.000000   0.871679 f
  u_exact_mapper/U40/AN (NAND2B_X1M_A9TR40)                     0.103590  0.000017   0.871695 f
  u_exact_mapper/U40/Y (NAND2B_X1M_A9TR40)                      0.076402  0.139386   1.011081 f
  u_exact_mapper/target_medium_therm_o[4] (net)
                                                2     0.002660            0.000000   1.011081 f
  u_exact_mapper/U9/AN (NAND3B_X2M_A9TR40)                      0.076402  0.000020   1.011101 f
  u_exact_mapper/U9/Y (NAND3B_X2M_A9TR40)                       0.074539  0.121370   1.132471 f
  u_exact_mapper/target_medium_therm_o[3] (net)
                                                2     0.002722            0.000000   1.132471 f
  u_exact_mapper/U39/A (INV_X1M_A9TR40)                         0.074539  0.000021   1.132492 f
  u_exact_mapper/U39/Y (INV_X1M_A9TR40)                         0.096750  0.080296   1.212788 r
  u_exact_mapper/n4 (net)                       2     0.003527            0.000000   1.212788 r
  u_exact_mapper/U3/B (NAND2_X2A_A9TR40)                        0.096750  0.000033   1.212821 r
  u_exact_mapper/U3/Y (NAND2_X2A_A9TR40)                        0.079102  0.064403   1.277224 f
  u_exact_mapper/target_medium_therm_o[2] (net)
                                                2     0.002648            0.000000   1.277224 f
  u_exact_mapper/U16/AN (NAND3BB_X1M_A9TR40)                    0.079102  0.000019   1.277243 f
  u_exact_mapper/U16/Y (NAND3BB_X1M_A9TR40)                     0.146571  0.180088   1.457331 f
  u_exact_mapper/mapping_supported_o (net)      5     0.006742            0.000000   1.457331 f
  u_exact_mapper/mapping_supported_o (ftc_detection_margin_mapper)        0.000000   1.457331 f
  mapper_mapping_supported (net)                      0.006742            0.000000   1.457331 f
  U151/A (NAND2_X2A_A9TR40)                                     0.146571  0.000024   1.457355 f
  U151/Y (NAND2_X2A_A9TR40)                                     0.071978  0.073944   1.531300 r
  n38 (net)                                     2     0.002793            0.000000   1.531300 r
  U157/A (INV_X1M_A9TR40)                                       0.071978  0.000021   1.531321 r
  U157/Y (INV_X1M_A9TR40)                                       0.049106  0.054095   1.585415 f
  n137 (net)                                    2     0.002723            0.000000   1.585415 f
  U153/A (NAND2_X1M_A9TR40)                                     0.049106  0.000021   1.585436 f
  U153/Y (NAND2_X1M_A9TR40)                                     0.104671  0.064974   1.650410 r
  n44 (net)                                     2     0.002673            0.000000   1.650410 r
  U154/A (NOR2_X0P7B_A9TR40)                                    0.104671  0.000019   1.650429 r
  U154/Y (NOR2_X0P7B_A9TR40)                                    0.101529  0.102350   1.752779 f
  n42 (net)                                     2     0.002601            0.000000   1.752779 f
  U168/C (NAND3BB_X1M_A9TR40)                                   0.101529  0.000020   1.752799 f
  U168/Y (NAND3BB_X1M_A9TR40)                                   0.094724  0.086918   1.839717 r
  n21 (net)                                     1     0.002766            0.000000   1.839717 r
  U140/A (INV_X3P5B_A9TR40)                                     0.094724  0.000048   1.839765 r
  U140/Y (INV_X3P5B_A9TR40)                                     0.049558  0.058906   1.898671 f
  n163 (net)                                    5     0.006508            0.000000   1.898671 f
  U135/A (BUF_X1P2M_A9TR40)                                     0.049558  0.000015   1.898687 f
  U135/Y (BUF_X1P2M_A9TR40)                                     0.098309  0.141112   2.039799 f
  n136 (net)                                    6     0.008331            0.000000   2.039799 f
  U145/A (INV_X3M_A9TR40)                                       0.098309  0.000030   2.039829 f
  U145/Y (INV_X3M_A9TR40)                                       0.139903  0.111621   2.151450 r
  n155 (net)                                   16     0.018370            0.000000   2.151450 r
  U71/A0 (AO22_X0P5M_A9TR40)                                    0.139903  0.000014   2.151464 r
  U71/Y (AO22_X0P5M_A9TR40)                                     0.092067  0.186132   2.337595 r
  n98 (net)                                     1     0.001559            0.000000   2.337595 r
  target_medium_therm_q_reg[3]/D (DFFRPQ_X1M_A9TR40)            0.092067  0.000027   2.337622 r
  data arrival time                                                                  2.337622

  clock cal_clk (rise edge)                                               2.500000   2.500000
  clock network delay (ideal)                                             0.000000   2.500000
  clock uncertainty                                                       -0.050000  2.450000
  target_medium_therm_q_reg[3]/CK (DFFRPQ_X1M_A9TR40)                     0.000000   2.450000 r
  library setup time                                                      -0.079857  2.370143
  data required time                                                                 2.370143
  ----------------------------------------------------------------------------------------------
  data required time                                                                 2.370143
  data arrival time                                                                  -2.337622
  ----------------------------------------------------------------------------------------------
  slack (MET)                                                                        0.032521


  Startpoint: cal_medium_code_snapshot_i[2]
              (input port clocked by cal_clk)
  Endpoint: target_medium_therm_q_reg[2]
            (rising edge-triggered flip-flop clocked by cal_clk)
  Path Group: cal_clk
  Path Type: max

  Des/Clust/Port     Wire Load Model       Library
  ------------------------------------------------
  ftc_detection_margin_manager
                     Small                 sc9mc_logic0040ll_base_rvt_c40_ss_typical_max_0p99v_125c

  Point                                       Fanout       Cap     Trans      Incr       Path
  ----------------------------------------------------------------------------------------------
  clock cal_clk (rise edge)                                               0.000000   0.000000
  clock network delay (ideal)                                             0.000000   0.000000
  input external delay                                                    0.300000   0.300000 f
  cal_medium_code_snapshot_i[2] (in)                            0.000000  0.000000   0.300000 f
  cal_medium_code_snapshot_i[2] (net)           2     0.002777            0.000000   0.300000 f
  u_exact_mapper/cal_medium_code_snapshot_i[2] (ftc_detection_margin_mapper)
                                                                          0.000000   0.300000 f
  u_exact_mapper/cal_medium_code_snapshot_i[2] (net)  0.002777            0.000000   0.300000 f
  u_exact_mapper/U5/A (INV_X1M_A9TR40)                          0.000000  0.000021   0.300021 f
  u_exact_mapper/U5/Y (INV_X1M_A9TR40)                          0.103467  0.056512   0.356533 r
  u_exact_mapper/n31 (net)                      2     0.004140            0.000000   0.356533 r
  u_exact_mapper/U21/C (NOR4BB_X4M_A9TR40)                      0.103467  0.000041   0.356574 r
  u_exact_mapper/U21/Y (NOR4BB_X4M_A9TR40)                      0.053559  0.068233   0.424807 f
  u_exact_mapper/n30 (net)                      1     0.002307            0.000000   0.424807 f
  u_exact_mapper/U36/BN (NOR3BB_X4M_A9TR40)                     0.053559  0.000040   0.424847 f
  u_exact_mapper/U36/Y (NOR3BB_X4M_A9TR40)                      0.063344  0.103033   0.527881 f
  u_exact_mapper/n23 (net)                      4     0.005150            0.000000   0.527881 f
  u_exact_mapper/U11/C (NAND3_X1M_A9TR40)                       0.063344  0.000017   0.527898 f
  u_exact_mapper/U11/Y (NAND3_X1M_A9TR40)                       0.117836  0.093864   0.621762 r
  u_exact_mapper/n19 (net)                      2     0.002737            0.000000   0.621762 r
  u_exact_mapper/U10/B (NAND2_X1A_A9TR40)                       0.117836  0.000021   0.621783 r
  u_exact_mapper/U10/Y (NAND2_X1A_A9TR40)                       0.095683  0.102718   0.724501 f
  u_exact_mapper/m_det_o[3]_snps (net)          3     0.003734            0.000000   0.724501 f
  u_exact_mapper/U38/AN (NAND2B_X1M_A9TR40)                     0.095683  0.000017   0.724517 f
  u_exact_mapper/U38/Y (NAND2B_X1M_A9TR40)                      0.103590  0.147161   0.871679 f
  u_exact_mapper/target_medium_therm_o[6]_snps (net)
                                                3     0.003730            0.000000   0.871679 f
  u_exact_mapper/U40/AN (NAND2B_X1M_A9TR40)                     0.103590  0.000017   0.871695 f
  u_exact_mapper/U40/Y (NAND2B_X1M_A9TR40)                      0.076402  0.139386   1.011081 f
  u_exact_mapper/target_medium_therm_o[4] (net)
                                                2     0.002660            0.000000   1.011081 f
  u_exact_mapper/U9/AN (NAND3B_X2M_A9TR40)                      0.076402  0.000020   1.011101 f
  u_exact_mapper/U9/Y (NAND3B_X2M_A9TR40)                       0.074539  0.121370   1.132471 f
  u_exact_mapper/target_medium_therm_o[3] (net)
                                                2     0.002722            0.000000   1.132471 f
  u_exact_mapper/U39/A (INV_X1M_A9TR40)                         0.074539  0.000021   1.132492 f
  u_exact_mapper/U39/Y (INV_X1M_A9TR40)                         0.096750  0.080296   1.212788 r
  u_exact_mapper/n4 (net)                       2     0.003527            0.000000   1.212788 r
  u_exact_mapper/U3/B (NAND2_X2A_A9TR40)                        0.096750  0.000033   1.212821 r
  u_exact_mapper/U3/Y (NAND2_X2A_A9TR40)                        0.079102  0.064403   1.277224 f
  u_exact_mapper/target_medium_therm_o[2] (net)
                                                2     0.002648            0.000000   1.277224 f
  u_exact_mapper/U16/AN (NAND3BB_X1M_A9TR40)                    0.079102  0.000019   1.277243 f
  u_exact_mapper/U16/Y (NAND3BB_X1M_A9TR40)                     0.146571  0.180088   1.457331 f
  u_exact_mapper/mapping_supported_o (net)      5     0.006742            0.000000   1.457331 f
  u_exact_mapper/mapping_supported_o (ftc_detection_margin_mapper)        0.000000   1.457331 f
  mapper_mapping_supported (net)                      0.006742            0.000000   1.457331 f
  U151/A (NAND2_X2A_A9TR40)                                     0.146571  0.000024   1.457355 f
  U151/Y (NAND2_X2A_A9TR40)                                     0.071978  0.073944   1.531300 r
  n38 (net)                                     2     0.002793            0.000000   1.531300 r
  U157/A (INV_X1M_A9TR40)                                       0.071978  0.000021   1.531321 r
  U157/Y (INV_X1M_A9TR40)                                       0.049106  0.054095   1.585415 f
  n137 (net)                                    2     0.002723            0.000000   1.585415 f
  U153/A (NAND2_X1M_A9TR40)                                     0.049106  0.000021   1.585436 f
  U153/Y (NAND2_X1M_A9TR40)                                     0.104671  0.064974   1.650410 r
  n44 (net)                                     2     0.002673            0.000000   1.650410 r
  U154/A (NOR2_X0P7B_A9TR40)                                    0.104671  0.000019   1.650429 r
  U154/Y (NOR2_X0P7B_A9TR40)                                    0.101529  0.102350   1.752779 f
  n42 (net)                                     2     0.002601            0.000000   1.752779 f
  U168/C (NAND3BB_X1M_A9TR40)                                   0.101529  0.000020   1.752799 f
  U168/Y (NAND3BB_X1M_A9TR40)                                   0.094724  0.086918   1.839717 r
  n21 (net)                                     1     0.002766            0.000000   1.839717 r
  U140/A (INV_X3P5B_A9TR40)                                     0.094724  0.000048   1.839765 r
  U140/Y (INV_X3P5B_A9TR40)                                     0.049558  0.058906   1.898671 f
  n163 (net)                                    5     0.006508            0.000000   1.898671 f
  U135/A (BUF_X1P2M_A9TR40)                                     0.049558  0.000015   1.898687 f
  U135/Y (BUF_X1P2M_A9TR40)                                     0.098309  0.141112   2.039799 f
  n136 (net)                                    6     0.008331            0.000000   2.039799 f
  U145/A (INV_X3M_A9TR40)                                       0.098309  0.000030   2.039829 f
  U145/Y (INV_X3M_A9TR40)                                       0.139903  0.111621   2.151450 r
  n155 (net)                                   16     0.018370            0.000000   2.151450 r
  U70/A0 (AO22_X0P5M_A9TR40)                                    0.139903  0.000014   2.151464 r
  U70/Y (AO22_X0P5M_A9TR40)                                     0.092067  0.186132   2.337595 r
  n97 (net)                                     1     0.001559            0.000000   2.337595 r
  target_medium_therm_q_reg[2]/D (DFFRPQ_X1M_A9TR40)            0.092067  0.000027   2.337622 r
  data arrival time                                                                  2.337622

  clock cal_clk (rise edge)                                               2.500000   2.500000
  clock network delay (ideal)                                             0.000000   2.500000
  clock uncertainty                                                       -0.050000  2.450000
  target_medium_therm_q_reg[2]/CK (DFFRPQ_X1M_A9TR40)                     0.000000   2.450000 r
  library setup time                                                      -0.079857  2.370143
  data required time                                                                 2.370143
  ----------------------------------------------------------------------------------------------
  data required time                                                                 2.370143
  data arrival time                                                                  -2.337622
  ----------------------------------------------------------------------------------------------
  slack (MET)                                                                        0.032521


  Startpoint: cal_medium_code_snapshot_i[2]
              (input port clocked by cal_clk)
  Endpoint: target_medium_therm_q_reg[1]
            (rising edge-triggered flip-flop clocked by cal_clk)
  Path Group: cal_clk
  Path Type: max

  Des/Clust/Port     Wire Load Model       Library
  ------------------------------------------------
  ftc_detection_margin_manager
                     Small                 sc9mc_logic0040ll_base_rvt_c40_ss_typical_max_0p99v_125c

  Point                                       Fanout       Cap     Trans      Incr       Path
  ----------------------------------------------------------------------------------------------
  clock cal_clk (rise edge)                                               0.000000   0.000000
  clock network delay (ideal)                                             0.000000   0.000000
  input external delay                                                    0.300000   0.300000 f
  cal_medium_code_snapshot_i[2] (in)                            0.000000  0.000000   0.300000 f
  cal_medium_code_snapshot_i[2] (net)           2     0.002777            0.000000   0.300000 f
  u_exact_mapper/cal_medium_code_snapshot_i[2] (ftc_detection_margin_mapper)
                                                                          0.000000   0.300000 f
  u_exact_mapper/cal_medium_code_snapshot_i[2] (net)  0.002777            0.000000   0.300000 f
  u_exact_mapper/U5/A (INV_X1M_A9TR40)                          0.000000  0.000021   0.300021 f
  u_exact_mapper/U5/Y (INV_X1M_A9TR40)                          0.103467  0.056512   0.356533 r
  u_exact_mapper/n31 (net)                      2     0.004140            0.000000   0.356533 r
  u_exact_mapper/U21/C (NOR4BB_X4M_A9TR40)                      0.103467  0.000041   0.356574 r
  u_exact_mapper/U21/Y (NOR4BB_X4M_A9TR40)                      0.053559  0.068233   0.424807 f
  u_exact_mapper/n30 (net)                      1     0.002307            0.000000   0.424807 f
  u_exact_mapper/U36/BN (NOR3BB_X4M_A9TR40)                     0.053559  0.000040   0.424847 f
  u_exact_mapper/U36/Y (NOR3BB_X4M_A9TR40)                      0.063344  0.103033   0.527881 f
  u_exact_mapper/n23 (net)                      4     0.005150            0.000000   0.527881 f
  u_exact_mapper/U11/C (NAND3_X1M_A9TR40)                       0.063344  0.000017   0.527898 f
  u_exact_mapper/U11/Y (NAND3_X1M_A9TR40)                       0.117836  0.093864   0.621762 r
  u_exact_mapper/n19 (net)                      2     0.002737            0.000000   0.621762 r
  u_exact_mapper/U10/B (NAND2_X1A_A9TR40)                       0.117836  0.000021   0.621783 r
  u_exact_mapper/U10/Y (NAND2_X1A_A9TR40)                       0.095683  0.102718   0.724501 f
  u_exact_mapper/m_det_o[3]_snps (net)          3     0.003734            0.000000   0.724501 f
  u_exact_mapper/U38/AN (NAND2B_X1M_A9TR40)                     0.095683  0.000017   0.724517 f
  u_exact_mapper/U38/Y (NAND2B_X1M_A9TR40)                      0.103590  0.147161   0.871679 f
  u_exact_mapper/target_medium_therm_o[6]_snps (net)
                                                3     0.003730            0.000000   0.871679 f
  u_exact_mapper/U40/AN (NAND2B_X1M_A9TR40)                     0.103590  0.000017   0.871695 f
  u_exact_mapper/U40/Y (NAND2B_X1M_A9TR40)                      0.076402  0.139386   1.011081 f
  u_exact_mapper/target_medium_therm_o[4] (net)
                                                2     0.002660            0.000000   1.011081 f
  u_exact_mapper/U9/AN (NAND3B_X2M_A9TR40)                      0.076402  0.000020   1.011101 f
  u_exact_mapper/U9/Y (NAND3B_X2M_A9TR40)                       0.074539  0.121370   1.132471 f
  u_exact_mapper/target_medium_therm_o[3] (net)
                                                2     0.002722            0.000000   1.132471 f
  u_exact_mapper/U39/A (INV_X1M_A9TR40)                         0.074539  0.000021   1.132492 f
  u_exact_mapper/U39/Y (INV_X1M_A9TR40)                         0.096750  0.080296   1.212788 r
  u_exact_mapper/n4 (net)                       2     0.003527            0.000000   1.212788 r
  u_exact_mapper/U3/B (NAND2_X2A_A9TR40)                        0.096750  0.000033   1.212821 r
  u_exact_mapper/U3/Y (NAND2_X2A_A9TR40)                        0.079102  0.064403   1.277224 f
  u_exact_mapper/target_medium_therm_o[2] (net)
                                                2     0.002648            0.000000   1.277224 f
  u_exact_mapper/U16/AN (NAND3BB_X1M_A9TR40)                    0.079102  0.000019   1.277243 f
  u_exact_mapper/U16/Y (NAND3BB_X1M_A9TR40)                     0.146571  0.180088   1.457331 f
  u_exact_mapper/mapping_supported_o (net)      5     0.006742            0.000000   1.457331 f
  u_exact_mapper/mapping_supported_o (ftc_detection_margin_mapper)        0.000000   1.457331 f
  mapper_mapping_supported (net)                      0.006742            0.000000   1.457331 f
  U151/A (NAND2_X2A_A9TR40)                                     0.146571  0.000024   1.457355 f
  U151/Y (NAND2_X2A_A9TR40)                                     0.071978  0.073944   1.531300 r
  n38 (net)                                     2     0.002793            0.000000   1.531300 r
  U157/A (INV_X1M_A9TR40)                                       0.071978  0.000021   1.531321 r
  U157/Y (INV_X1M_A9TR40)                                       0.049106  0.054095   1.585415 f
  n137 (net)                                    2     0.002723            0.000000   1.585415 f
  U153/A (NAND2_X1M_A9TR40)                                     0.049106  0.000021   1.585436 f
  U153/Y (NAND2_X1M_A9TR40)                                     0.104671  0.064974   1.650410 r
  n44 (net)                                     2     0.002673            0.000000   1.650410 r
  U154/A (NOR2_X0P7B_A9TR40)                                    0.104671  0.000019   1.650429 r
  U154/Y (NOR2_X0P7B_A9TR40)                                    0.101529  0.102350   1.752779 f
  n42 (net)                                     2     0.002601            0.000000   1.752779 f
  U168/C (NAND3BB_X1M_A9TR40)                                   0.101529  0.000020   1.752799 f
  U168/Y (NAND3BB_X1M_A9TR40)                                   0.094724  0.086918   1.839717 r
  n21 (net)                                     1     0.002766            0.000000   1.839717 r
  U140/A (INV_X3P5B_A9TR40)                                     0.094724  0.000048   1.839765 r
  U140/Y (INV_X3P5B_A9TR40)                                     0.049558  0.058906   1.898671 f
  n163 (net)                                    5     0.006508            0.000000   1.898671 f
  U135/A (BUF_X1P2M_A9TR40)                                     0.049558  0.000015   1.898687 f
  U135/Y (BUF_X1P2M_A9TR40)                                     0.098309  0.141112   2.039799 f
  n136 (net)                                    6     0.008331            0.000000   2.039799 f
  U145/A (INV_X3M_A9TR40)                                       0.098309  0.000030   2.039829 f
  U145/Y (INV_X3M_A9TR40)                                       0.139903  0.111621   2.151450 r
  n155 (net)                                   16     0.018370            0.000000   2.151450 r
  U69/A0 (AO22_X0P5M_A9TR40)                                    0.139903  0.000014   2.151464 r
  U69/Y (AO22_X0P5M_A9TR40)                                     0.092067  0.186132   2.337595 r
  n96 (net)                                     1     0.001559            0.000000   2.337595 r
  target_medium_therm_q_reg[1]/D (DFFRPQ_X1M_A9TR40)            0.092067  0.000027   2.337622 r
  data arrival time                                                                  2.337622

  clock cal_clk (rise edge)                                               2.500000   2.500000
  clock network delay (ideal)                                             0.000000   2.500000
  clock uncertainty                                                       -0.050000  2.450000
  target_medium_therm_q_reg[1]/CK (DFFRPQ_X1M_A9TR40)                     0.000000   2.450000 r
  library setup time                                                      -0.079857  2.370143
  data required time                                                                 2.370143
  ----------------------------------------------------------------------------------------------
  data required time                                                                 2.370143
  data arrival time                                                                  -2.337622
  ----------------------------------------------------------------------------------------------
  slack (MET)                                                                        0.032521


  Startpoint: cal_medium_code_snapshot_i[2]
              (input port clocked by cal_clk)
  Endpoint: target_medium_therm_q_reg[0]
            (rising edge-triggered flip-flop clocked by cal_clk)
  Path Group: cal_clk
  Path Type: max

  Des/Clust/Port     Wire Load Model       Library
  ------------------------------------------------
  ftc_detection_margin_manager
                     Small                 sc9mc_logic0040ll_base_rvt_c40_ss_typical_max_0p99v_125c

  Point                                       Fanout       Cap     Trans      Incr       Path
  ----------------------------------------------------------------------------------------------
  clock cal_clk (rise edge)                                               0.000000   0.000000
  clock network delay (ideal)                                             0.000000   0.000000
  input external delay                                                    0.300000   0.300000 f
  cal_medium_code_snapshot_i[2] (in)                            0.000000  0.000000   0.300000 f
  cal_medium_code_snapshot_i[2] (net)           2     0.002777            0.000000   0.300000 f
  u_exact_mapper/cal_medium_code_snapshot_i[2] (ftc_detection_margin_mapper)
                                                                          0.000000   0.300000 f
  u_exact_mapper/cal_medium_code_snapshot_i[2] (net)  0.002777            0.000000   0.300000 f
  u_exact_mapper/U5/A (INV_X1M_A9TR40)                          0.000000  0.000021   0.300021 f
  u_exact_mapper/U5/Y (INV_X1M_A9TR40)                          0.103467  0.056512   0.356533 r
  u_exact_mapper/n31 (net)                      2     0.004140            0.000000   0.356533 r
  u_exact_mapper/U21/C (NOR4BB_X4M_A9TR40)                      0.103467  0.000041   0.356574 r
  u_exact_mapper/U21/Y (NOR4BB_X4M_A9TR40)                      0.053559  0.068233   0.424807 f
  u_exact_mapper/n30 (net)                      1     0.002307            0.000000   0.424807 f
  u_exact_mapper/U36/BN (NOR3BB_X4M_A9TR40)                     0.053559  0.000040   0.424847 f
  u_exact_mapper/U36/Y (NOR3BB_X4M_A9TR40)                      0.063344  0.103033   0.527881 f
  u_exact_mapper/n23 (net)                      4     0.005150            0.000000   0.527881 f
  u_exact_mapper/U11/C (NAND3_X1M_A9TR40)                       0.063344  0.000017   0.527898 f
  u_exact_mapper/U11/Y (NAND3_X1M_A9TR40)                       0.117836  0.093864   0.621762 r
  u_exact_mapper/n19 (net)                      2     0.002737            0.000000   0.621762 r
  u_exact_mapper/U10/B (NAND2_X1A_A9TR40)                       0.117836  0.000021   0.621783 r
  u_exact_mapper/U10/Y (NAND2_X1A_A9TR40)                       0.095683  0.102718   0.724501 f
  u_exact_mapper/m_det_o[3]_snps (net)          3     0.003734            0.000000   0.724501 f
  u_exact_mapper/U38/AN (NAND2B_X1M_A9TR40)                     0.095683  0.000017   0.724517 f
  u_exact_mapper/U38/Y (NAND2B_X1M_A9TR40)                      0.103590  0.147161   0.871679 f
  u_exact_mapper/target_medium_therm_o[6]_snps (net)
                                                3     0.003730            0.000000   0.871679 f
  u_exact_mapper/U40/AN (NAND2B_X1M_A9TR40)                     0.103590  0.000017   0.871695 f
  u_exact_mapper/U40/Y (NAND2B_X1M_A9TR40)                      0.076402  0.139386   1.011081 f
  u_exact_mapper/target_medium_therm_o[4] (net)
                                                2     0.002660            0.000000   1.011081 f
  u_exact_mapper/U9/AN (NAND3B_X2M_A9TR40)                      0.076402  0.000020   1.011101 f
  u_exact_mapper/U9/Y (NAND3B_X2M_A9TR40)                       0.074539  0.121370   1.132471 f
  u_exact_mapper/target_medium_therm_o[3] (net)
                                                2     0.002722            0.000000   1.132471 f
  u_exact_mapper/U39/A (INV_X1M_A9TR40)                         0.074539  0.000021   1.132492 f
  u_exact_mapper/U39/Y (INV_X1M_A9TR40)                         0.096750  0.080296   1.212788 r
  u_exact_mapper/n4 (net)                       2     0.003527            0.000000   1.212788 r
  u_exact_mapper/U3/B (NAND2_X2A_A9TR40)                        0.096750  0.000033   1.212821 r
  u_exact_mapper/U3/Y (NAND2_X2A_A9TR40)                        0.079102  0.064403   1.277224 f
  u_exact_mapper/target_medium_therm_o[2] (net)
                                                2     0.002648            0.000000   1.277224 f
  u_exact_mapper/U16/AN (NAND3BB_X1M_A9TR40)                    0.079102  0.000019   1.277243 f
  u_exact_mapper/U16/Y (NAND3BB_X1M_A9TR40)                     0.146571  0.180088   1.457331 f
  u_exact_mapper/mapping_supported_o (net)      5     0.006742            0.000000   1.457331 f
  u_exact_mapper/mapping_supported_o (ftc_detection_margin_mapper)        0.000000   1.457331 f
  mapper_mapping_supported (net)                      0.006742            0.000000   1.457331 f
  U151/A (NAND2_X2A_A9TR40)                                     0.146571  0.000024   1.457355 f
  U151/Y (NAND2_X2A_A9TR40)                                     0.071978  0.073944   1.531300 r
  n38 (net)                                     2     0.002793            0.000000   1.531300 r
  U157/A (INV_X1M_A9TR40)                                       0.071978  0.000021   1.531321 r
  U157/Y (INV_X1M_A9TR40)                                       0.049106  0.054095   1.585415 f
  n137 (net)                                    2     0.002723            0.000000   1.585415 f
  U153/A (NAND2_X1M_A9TR40)                                     0.049106  0.000021   1.585436 f
  U153/Y (NAND2_X1M_A9TR40)                                     0.104671  0.064974   1.650410 r
  n44 (net)                                     2     0.002673            0.000000   1.650410 r
  U154/A (NOR2_X0P7B_A9TR40)                                    0.104671  0.000019   1.650429 r
  U154/Y (NOR2_X0P7B_A9TR40)                                    0.101529  0.102350   1.752779 f
  n42 (net)                                     2     0.002601            0.000000   1.752779 f
  U168/C (NAND3BB_X1M_A9TR40)                                   0.101529  0.000020   1.752799 f
  U168/Y (NAND3BB_X1M_A9TR40)                                   0.094724  0.086918   1.839717 r
  n21 (net)                                     1     0.002766            0.000000   1.839717 r
  U140/A (INV_X3P5B_A9TR40)                                     0.094724  0.000048   1.839765 r
  U140/Y (INV_X3P5B_A9TR40)                                     0.049558  0.058906   1.898671 f
  n163 (net)                                    5     0.006508            0.000000   1.898671 f
  U135/A (BUF_X1P2M_A9TR40)                                     0.049558  0.000015   1.898687 f
  U135/Y (BUF_X1P2M_A9TR40)                                     0.098309  0.141112   2.039799 f
  n136 (net)                                    6     0.008331            0.000000   2.039799 f
  U145/A (INV_X3M_A9TR40)                                       0.098309  0.000030   2.039829 f
  U145/Y (INV_X3M_A9TR40)                                       0.139903  0.111621   2.151450 r
  n155 (net)                                   16     0.018370            0.000000   2.151450 r
  U68/A0 (AO22_X0P5M_A9TR40)                                    0.139903  0.000014   2.151464 r
  U68/Y (AO22_X0P5M_A9TR40)                                     0.092067  0.186132   2.337595 r
  n95 (net)                                     1     0.001559            0.000000   2.337595 r
  target_medium_therm_q_reg[0]/D (DFFRPQ_X1M_A9TR40)            0.092067  0.000027   2.337622 r
  data arrival time                                                                  2.337622

  clock cal_clk (rise edge)                                               2.500000   2.500000
  clock network delay (ideal)                                             0.000000   2.500000
  clock uncertainty                                                       -0.050000  2.450000
  target_medium_therm_q_reg[0]/CK (DFFRPQ_X1M_A9TR40)                     0.000000   2.450000 r
  library setup time                                                      -0.079857  2.370143
  data required time                                                                 2.370143
  ----------------------------------------------------------------------------------------------
  data required time                                                                 2.370143
  data arrival time                                                                  -2.337622
  ----------------------------------------------------------------------------------------------
  slack (MET)                                                                        0.032521


  Startpoint: cal_medium_code_snapshot_i[2]
              (input port clocked by cal_clk)
  Endpoint: target_fine_therm_q_reg[9]
            (rising edge-triggered flip-flop clocked by cal_clk)
  Path Group: cal_clk
  Path Type: max

  Des/Clust/Port     Wire Load Model       Library
  ------------------------------------------------
  ftc_detection_margin_manager
                     Small                 sc9mc_logic0040ll_base_rvt_c40_ss_typical_max_0p99v_125c

  Point                                       Fanout       Cap     Trans      Incr       Path
  ----------------------------------------------------------------------------------------------
  clock cal_clk (rise edge)                                               0.000000   0.000000
  clock network delay (ideal)                                             0.000000   0.000000
  input external delay                                                    0.300000   0.300000 f
  cal_medium_code_snapshot_i[2] (in)                            0.000000  0.000000   0.300000 f
  cal_medium_code_snapshot_i[2] (net)           2     0.002777            0.000000   0.300000 f
  u_exact_mapper/cal_medium_code_snapshot_i[2] (ftc_detection_margin_mapper)
                                                                          0.000000   0.300000 f
  u_exact_mapper/cal_medium_code_snapshot_i[2] (net)  0.002777            0.000000   0.300000 f
  u_exact_mapper/U5/A (INV_X1M_A9TR40)                          0.000000  0.000021   0.300021 f
  u_exact_mapper/U5/Y (INV_X1M_A9TR40)                          0.103467  0.056512   0.356533 r
  u_exact_mapper/n31 (net)                      2     0.004140            0.000000   0.356533 r
  u_exact_mapper/U21/C (NOR4BB_X4M_A9TR40)                      0.103467  0.000041   0.356574 r
  u_exact_mapper/U21/Y (NOR4BB_X4M_A9TR40)                      0.053559  0.068233   0.424807 f
  u_exact_mapper/n30 (net)                      1     0.002307            0.000000   0.424807 f
  u_exact_mapper/U36/BN (NOR3BB_X4M_A9TR40)                     0.053559  0.000040   0.424847 f
  u_exact_mapper/U36/Y (NOR3BB_X4M_A9TR40)                      0.063344  0.103033   0.527881 f
  u_exact_mapper/n23 (net)                      4     0.005150            0.000000   0.527881 f
  u_exact_mapper/U11/C (NAND3_X1M_A9TR40)                       0.063344  0.000017   0.527898 f
  u_exact_mapper/U11/Y (NAND3_X1M_A9TR40)                       0.117836  0.093864   0.621762 r
  u_exact_mapper/n19 (net)                      2     0.002737            0.000000   0.621762 r
  u_exact_mapper/U10/B (NAND2_X1A_A9TR40)                       0.117836  0.000021   0.621783 r
  u_exact_mapper/U10/Y (NAND2_X1A_A9TR40)                       0.095683  0.102718   0.724501 f
  u_exact_mapper/m_det_o[3]_snps (net)          3     0.003734            0.000000   0.724501 f
  u_exact_mapper/U38/AN (NAND2B_X1M_A9TR40)                     0.095683  0.000017   0.724517 f
  u_exact_mapper/U38/Y (NAND2B_X1M_A9TR40)                      0.103590  0.147161   0.871679 f
  u_exact_mapper/target_medium_therm_o[6]_snps (net)
                                                3     0.003730            0.000000   0.871679 f
  u_exact_mapper/U40/AN (NAND2B_X1M_A9TR40)                     0.103590  0.000017   0.871695 f
  u_exact_mapper/U40/Y (NAND2B_X1M_A9TR40)                      0.076402  0.139386   1.011081 f
  u_exact_mapper/target_medium_therm_o[4] (net)
                                                2     0.002660            0.000000   1.011081 f
  u_exact_mapper/U9/AN (NAND3B_X2M_A9TR40)                      0.076402  0.000020   1.011101 f
  u_exact_mapper/U9/Y (NAND3B_X2M_A9TR40)                       0.074539  0.121370   1.132471 f
  u_exact_mapper/target_medium_therm_o[3] (net)
                                                2     0.002722            0.000000   1.132471 f
  u_exact_mapper/U39/A (INV_X1M_A9TR40)                         0.074539  0.000021   1.132492 f
  u_exact_mapper/U39/Y (INV_X1M_A9TR40)                         0.096750  0.080296   1.212788 r
  u_exact_mapper/n4 (net)                       2     0.003527            0.000000   1.212788 r
  u_exact_mapper/U3/B (NAND2_X2A_A9TR40)                        0.096750  0.000033   1.212821 r
  u_exact_mapper/U3/Y (NAND2_X2A_A9TR40)                        0.079102  0.064403   1.277224 f
  u_exact_mapper/target_medium_therm_o[2] (net)
                                                2     0.002648            0.000000   1.277224 f
  u_exact_mapper/U16/AN (NAND3BB_X1M_A9TR40)                    0.079102  0.000019   1.277243 f
  u_exact_mapper/U16/Y (NAND3BB_X1M_A9TR40)                     0.146571  0.180088   1.457331 f
  u_exact_mapper/mapping_supported_o (net)      5     0.006742            0.000000   1.457331 f
  u_exact_mapper/mapping_supported_o (ftc_detection_margin_mapper)        0.000000   1.457331 f
  mapper_mapping_supported (net)                      0.006742            0.000000   1.457331 f
  U151/A (NAND2_X2A_A9TR40)                                     0.146571  0.000024   1.457355 f
  U151/Y (NAND2_X2A_A9TR40)                                     0.071978  0.073944   1.531300 r
  n38 (net)                                     2     0.002793            0.000000   1.531300 r
  U157/A (INV_X1M_A9TR40)                                       0.071978  0.000021   1.531321 r
  U157/Y (INV_X1M_A9TR40)                                       0.049106  0.054095   1.585415 f
  n137 (net)                                    2     0.002723            0.000000   1.585415 f
  U153/A (NAND2_X1M_A9TR40)                                     0.049106  0.000021   1.585436 f
  U153/Y (NAND2_X1M_A9TR40)                                     0.104671  0.064974   1.650410 r
  n44 (net)                                     2     0.002673            0.000000   1.650410 r
  U154/A (NOR2_X0P7B_A9TR40)                                    0.104671  0.000019   1.650429 r
  U154/Y (NOR2_X0P7B_A9TR40)                                    0.101529  0.102350   1.752779 f
  n42 (net)                                     2     0.002601            0.000000   1.752779 f
  U168/C (NAND3BB_X1M_A9TR40)                                   0.101529  0.000020   1.752799 f
  U168/Y (NAND3BB_X1M_A9TR40)                                   0.094724  0.086918   1.839717 r
  n21 (net)                                     1     0.002766            0.000000   1.839717 r
  U140/A (INV_X3P5B_A9TR40)                                     0.094724  0.000048   1.839765 r
  U140/Y (INV_X3P5B_A9TR40)                                     0.049558  0.058906   1.898671 f
  n163 (net)                                    5     0.006508            0.000000   1.898671 f
  U135/A (BUF_X1P2M_A9TR40)                                     0.049558  0.000015   1.898687 f
  U135/Y (BUF_X1P2M_A9TR40)                                     0.098309  0.141112   2.039799 f
  n136 (net)                                    6     0.008331            0.000000   2.039799 f
  U145/A (INV_X3M_A9TR40)                                       0.098309  0.000030   2.039829 f
  U145/Y (INV_X3M_A9TR40)                                       0.139903  0.111621   2.151450 r
  n155 (net)                                   16     0.018370            0.000000   2.151450 r
  U67/A0 (AO22_X0P5M_A9TR40)                                    0.139903  0.000014   2.151464 r
  U67/Y (AO22_X0P5M_A9TR40)                                     0.092612  0.186443   2.337907 r
  n94 (net)                                     1     0.001574            0.000000   2.337907 r
  target_fine_therm_q_reg[9]/D (DFFSQ_X1M_A9TR40)               0.092612  0.000027   2.337934 r
  data arrival time                                                                  2.337934

  clock cal_clk (rise edge)                                               2.500000   2.500000
  clock network delay (ideal)                                             0.000000   2.500000
  clock uncertainty                                                       -0.050000  2.450000
  target_fine_therm_q_reg[9]/CK (DFFSQ_X1M_A9TR40)                        0.000000   2.450000 r
  library setup time                                                      -0.068339  2.381661
  data required time                                                                 2.381661
  ----------------------------------------------------------------------------------------------
  data required time                                                                 2.381661
  data arrival time                                                                  -2.337934
  ----------------------------------------------------------------------------------------------
  slack (MET)                                                                        0.043727


  Startpoint: cal_medium_code_snapshot_i[2]
              (input port clocked by cal_clk)
  Endpoint: target_fine_therm_q_reg[8]
            (rising edge-triggered flip-flop clocked by cal_clk)
  Path Group: cal_clk
  Path Type: max

  Des/Clust/Port     Wire Load Model       Library
  ------------------------------------------------
  ftc_detection_margin_manager
                     Small                 sc9mc_logic0040ll_base_rvt_c40_ss_typical_max_0p99v_125c

  Point                                       Fanout       Cap     Trans      Incr       Path
  ----------------------------------------------------------------------------------------------
  clock cal_clk (rise edge)                                               0.000000   0.000000
  clock network delay (ideal)                                             0.000000   0.000000
  input external delay                                                    0.300000   0.300000 f
  cal_medium_code_snapshot_i[2] (in)                            0.000000  0.000000   0.300000 f
  cal_medium_code_snapshot_i[2] (net)           2     0.002777            0.000000   0.300000 f
  u_exact_mapper/cal_medium_code_snapshot_i[2] (ftc_detection_margin_mapper)
                                                                          0.000000   0.300000 f
  u_exact_mapper/cal_medium_code_snapshot_i[2] (net)  0.002777            0.000000   0.300000 f
  u_exact_mapper/U5/A (INV_X1M_A9TR40)                          0.000000  0.000021   0.300021 f
  u_exact_mapper/U5/Y (INV_X1M_A9TR40)                          0.103467  0.056512   0.356533 r
  u_exact_mapper/n31 (net)                      2     0.004140            0.000000   0.356533 r
  u_exact_mapper/U21/C (NOR4BB_X4M_A9TR40)                      0.103467  0.000041   0.356574 r
  u_exact_mapper/U21/Y (NOR4BB_X4M_A9TR40)                      0.053559  0.068233   0.424807 f
  u_exact_mapper/n30 (net)                      1     0.002307            0.000000   0.424807 f
  u_exact_mapper/U36/BN (NOR3BB_X4M_A9TR40)                     0.053559  0.000040   0.424847 f
  u_exact_mapper/U36/Y (NOR3BB_X4M_A9TR40)                      0.063344  0.103033   0.527881 f
  u_exact_mapper/n23 (net)                      4     0.005150            0.000000   0.527881 f
  u_exact_mapper/U11/C (NAND3_X1M_A9TR40)                       0.063344  0.000017   0.527898 f
  u_exact_mapper/U11/Y (NAND3_X1M_A9TR40)                       0.117836  0.093864   0.621762 r
  u_exact_mapper/n19 (net)                      2     0.002737            0.000000   0.621762 r
  u_exact_mapper/U10/B (NAND2_X1A_A9TR40)                       0.117836  0.000021   0.621783 r
  u_exact_mapper/U10/Y (NAND2_X1A_A9TR40)                       0.095683  0.102718   0.724501 f
  u_exact_mapper/m_det_o[3]_snps (net)          3     0.003734            0.000000   0.724501 f
  u_exact_mapper/U38/AN (NAND2B_X1M_A9TR40)                     0.095683  0.000017   0.724517 f
  u_exact_mapper/U38/Y (NAND2B_X1M_A9TR40)                      0.103590  0.147161   0.871679 f
  u_exact_mapper/target_medium_therm_o[6]_snps (net)
                                                3     0.003730            0.000000   0.871679 f
  u_exact_mapper/U40/AN (NAND2B_X1M_A9TR40)                     0.103590  0.000017   0.871695 f
  u_exact_mapper/U40/Y (NAND2B_X1M_A9TR40)                      0.076402  0.139386   1.011081 f
  u_exact_mapper/target_medium_therm_o[4] (net)
                                                2     0.002660            0.000000   1.011081 f
  u_exact_mapper/U9/AN (NAND3B_X2M_A9TR40)                      0.076402  0.000020   1.011101 f
  u_exact_mapper/U9/Y (NAND3B_X2M_A9TR40)                       0.074539  0.121370   1.132471 f
  u_exact_mapper/target_medium_therm_o[3] (net)
                                                2     0.002722            0.000000   1.132471 f
  u_exact_mapper/U39/A (INV_X1M_A9TR40)                         0.074539  0.000021   1.132492 f
  u_exact_mapper/U39/Y (INV_X1M_A9TR40)                         0.096750  0.080296   1.212788 r
  u_exact_mapper/n4 (net)                       2     0.003527            0.000000   1.212788 r
  u_exact_mapper/U3/B (NAND2_X2A_A9TR40)                        0.096750  0.000033   1.212821 r
  u_exact_mapper/U3/Y (NAND2_X2A_A9TR40)                        0.079102  0.064403   1.277224 f
  u_exact_mapper/target_medium_therm_o[2] (net)
                                                2     0.002648            0.000000   1.277224 f
  u_exact_mapper/U16/AN (NAND3BB_X1M_A9TR40)                    0.079102  0.000019   1.277243 f
  u_exact_mapper/U16/Y (NAND3BB_X1M_A9TR40)                     0.146571  0.180088   1.457331 f
  u_exact_mapper/mapping_supported_o (net)      5     0.006742            0.000000   1.457331 f
  u_exact_mapper/mapping_supported_o (ftc_detection_margin_mapper)        0.000000   1.457331 f
  mapper_mapping_supported (net)                      0.006742            0.000000   1.457331 f
  U151/A (NAND2_X2A_A9TR40)                                     0.146571  0.000024   1.457355 f
  U151/Y (NAND2_X2A_A9TR40)                                     0.071978  0.073944   1.531300 r
  n38 (net)                                     2     0.002793            0.000000   1.531300 r
  U157/A (INV_X1M_A9TR40)                                       0.071978  0.000021   1.531321 r
  U157/Y (INV_X1M_A9TR40)                                       0.049106  0.054095   1.585415 f
  n137 (net)                                    2     0.002723            0.000000   1.585415 f
  U153/A (NAND2_X1M_A9TR40)                                     0.049106  0.000021   1.585436 f
  U153/Y (NAND2_X1M_A9TR40)                                     0.104671  0.064974   1.650410 r
  n44 (net)                                     2     0.002673            0.000000   1.650410 r
  U154/A (NOR2_X0P7B_A9TR40)                                    0.104671  0.000019   1.650429 r
  U154/Y (NOR2_X0P7B_A9TR40)                                    0.101529  0.102350   1.752779 f
  n42 (net)                                     2     0.002601            0.000000   1.752779 f
  U168/C (NAND3BB_X1M_A9TR40)                                   0.101529  0.000020   1.752799 f
  U168/Y (NAND3BB_X1M_A9TR40)                                   0.094724  0.086918   1.839717 r
  n21 (net)                                     1     0.002766            0.000000   1.839717 r
  U140/A (INV_X3P5B_A9TR40)                                     0.094724  0.000048   1.839765 r
  U140/Y (INV_X3P5B_A9TR40)                                     0.049558  0.058906   1.898671 f
  n163 (net)                                    5     0.006508            0.000000   1.898671 f
  U135/A (BUF_X1P2M_A9TR40)                                     0.049558  0.000015   1.898687 f
  U135/Y (BUF_X1P2M_A9TR40)                                     0.098309  0.141112   2.039799 f
  n136 (net)                                    6     0.008331            0.000000   2.039799 f
  U145/A (INV_X3M_A9TR40)                                       0.098309  0.000030   2.039829 f
  U145/Y (INV_X3M_A9TR40)                                       0.139903  0.111621   2.151450 r
  n155 (net)                                   16     0.018370            0.000000   2.151450 r
  U61/A0 (AO22_X0P5M_A9TR40)                                    0.139903  0.000014   2.151464 r
  U61/Y (AO22_X0P5M_A9TR40)                                     0.092612  0.186443   2.337907 r
  n92 (net)                                     1     0.001574            0.000000   2.337907 r
  target_fine_therm_q_reg[8]/D (DFFSQ_X1M_A9TR40)               0.092612  0.000027   2.337934 r
  data arrival time                                                                  2.337934

  clock cal_clk (rise edge)                                               2.500000   2.500000
  clock network delay (ideal)                                             0.000000   2.500000
  clock uncertainty                                                       -0.050000  2.450000
  target_fine_therm_q_reg[8]/CK (DFFSQ_X1M_A9TR40)                        0.000000   2.450000 r
  library setup time                                                      -0.068339  2.381661
  data required time                                                                 2.381661
  ----------------------------------------------------------------------------------------------
  data required time                                                                 2.381661
  data arrival time                                                                  -2.337934
  ----------------------------------------------------------------------------------------------
  slack (MET)                                                                        0.043727


  Startpoint: cal_medium_code_snapshot_i[2]
              (input port clocked by cal_clk)
  Endpoint: target_fine_therm_q_reg[7]
            (rising edge-triggered flip-flop clocked by cal_clk)
  Path Group: cal_clk
  Path Type: max

  Des/Clust/Port     Wire Load Model       Library
  ------------------------------------------------
  ftc_detection_margin_manager
                     Small                 sc9mc_logic0040ll_base_rvt_c40_ss_typical_max_0p99v_125c

  Point                                       Fanout       Cap     Trans      Incr       Path
  ----------------------------------------------------------------------------------------------
  clock cal_clk (rise edge)                                               0.000000   0.000000
  clock network delay (ideal)                                             0.000000   0.000000
  input external delay                                                    0.300000   0.300000 f
  cal_medium_code_snapshot_i[2] (in)                            0.000000  0.000000   0.300000 f
  cal_medium_code_snapshot_i[2] (net)           2     0.002777            0.000000   0.300000 f
  u_exact_mapper/cal_medium_code_snapshot_i[2] (ftc_detection_margin_mapper)
                                                                          0.000000   0.300000 f
  u_exact_mapper/cal_medium_code_snapshot_i[2] (net)  0.002777            0.000000   0.300000 f
  u_exact_mapper/U5/A (INV_X1M_A9TR40)                          0.000000  0.000021   0.300021 f
  u_exact_mapper/U5/Y (INV_X1M_A9TR40)                          0.103467  0.056512   0.356533 r
  u_exact_mapper/n31 (net)                      2     0.004140            0.000000   0.356533 r
  u_exact_mapper/U21/C (NOR4BB_X4M_A9TR40)                      0.103467  0.000041   0.356574 r
  u_exact_mapper/U21/Y (NOR4BB_X4M_A9TR40)                      0.053559  0.068233   0.424807 f
  u_exact_mapper/n30 (net)                      1     0.002307            0.000000   0.424807 f
  u_exact_mapper/U36/BN (NOR3BB_X4M_A9TR40)                     0.053559  0.000040   0.424847 f
  u_exact_mapper/U36/Y (NOR3BB_X4M_A9TR40)                      0.063344  0.103033   0.527881 f
  u_exact_mapper/n23 (net)                      4     0.005150            0.000000   0.527881 f
  u_exact_mapper/U11/C (NAND3_X1M_A9TR40)                       0.063344  0.000017   0.527898 f
  u_exact_mapper/U11/Y (NAND3_X1M_A9TR40)                       0.117836  0.093864   0.621762 r
  u_exact_mapper/n19 (net)                      2     0.002737            0.000000   0.621762 r
  u_exact_mapper/U10/B (NAND2_X1A_A9TR40)                       0.117836  0.000021   0.621783 r
  u_exact_mapper/U10/Y (NAND2_X1A_A9TR40)                       0.095683  0.102718   0.724501 f
  u_exact_mapper/m_det_o[3]_snps (net)          3     0.003734            0.000000   0.724501 f
  u_exact_mapper/U38/AN (NAND2B_X1M_A9TR40)                     0.095683  0.000017   0.724517 f
  u_exact_mapper/U38/Y (NAND2B_X1M_A9TR40)                      0.103590  0.147161   0.871679 f
  u_exact_mapper/target_medium_therm_o[6]_snps (net)
                                                3     0.003730            0.000000   0.871679 f
  u_exact_mapper/U40/AN (NAND2B_X1M_A9TR40)                     0.103590  0.000017   0.871695 f
  u_exact_mapper/U40/Y (NAND2B_X1M_A9TR40)                      0.076402  0.139386   1.011081 f
  u_exact_mapper/target_medium_therm_o[4] (net)
                                                2     0.002660            0.000000   1.011081 f
  u_exact_mapper/U9/AN (NAND3B_X2M_A9TR40)                      0.076402  0.000020   1.011101 f
  u_exact_mapper/U9/Y (NAND3B_X2M_A9TR40)                       0.074539  0.121370   1.132471 f
  u_exact_mapper/target_medium_therm_o[3] (net)
                                                2     0.002722            0.000000   1.132471 f
  u_exact_mapper/U39/A (INV_X1M_A9TR40)                         0.074539  0.000021   1.132492 f
  u_exact_mapper/U39/Y (INV_X1M_A9TR40)                         0.096750  0.080296   1.212788 r
  u_exact_mapper/n4 (net)                       2     0.003527            0.000000   1.212788 r
  u_exact_mapper/U3/B (NAND2_X2A_A9TR40)                        0.096750  0.000033   1.212821 r
  u_exact_mapper/U3/Y (NAND2_X2A_A9TR40)                        0.079102  0.064403   1.277224 f
  u_exact_mapper/target_medium_therm_o[2] (net)
                                                2     0.002648            0.000000   1.277224 f
  u_exact_mapper/U16/AN (NAND3BB_X1M_A9TR40)                    0.079102  0.000019   1.277243 f
  u_exact_mapper/U16/Y (NAND3BB_X1M_A9TR40)                     0.146571  0.180088   1.457331 f
  u_exact_mapper/mapping_supported_o (net)      5     0.006742            0.000000   1.457331 f
  u_exact_mapper/mapping_supported_o (ftc_detection_margin_mapper)        0.000000   1.457331 f
  mapper_mapping_supported (net)                      0.006742            0.000000   1.457331 f
  U151/A (NAND2_X2A_A9TR40)                                     0.146571  0.000024   1.457355 f
  U151/Y (NAND2_X2A_A9TR40)                                     0.071978  0.073944   1.531300 r
  n38 (net)                                     2     0.002793            0.000000   1.531300 r
  U157/A (INV_X1M_A9TR40)                                       0.071978  0.000021   1.531321 r
  U157/Y (INV_X1M_A9TR40)                                       0.049106  0.054095   1.585415 f
  n137 (net)                                    2     0.002723            0.000000   1.585415 f
  U153/A (NAND2_X1M_A9TR40)                                     0.049106  0.000021   1.585436 f
  U153/Y (NAND2_X1M_A9TR40)                                     0.104671  0.064974   1.650410 r
  n44 (net)                                     2     0.002673            0.000000   1.650410 r
  U154/A (NOR2_X0P7B_A9TR40)                                    0.104671  0.000019   1.650429 r
  U154/Y (NOR2_X0P7B_A9TR40)                                    0.101529  0.102350   1.752779 f
  n42 (net)                                     2     0.002601            0.000000   1.752779 f
  U168/C (NAND3BB_X1M_A9TR40)                                   0.101529  0.000020   1.752799 f
  U168/Y (NAND3BB_X1M_A9TR40)                                   0.094724  0.086918   1.839717 r
  n21 (net)                                     1     0.002766            0.000000   1.839717 r
  U140/A (INV_X3P5B_A9TR40)                                     0.094724  0.000048   1.839765 r
  U140/Y (INV_X3P5B_A9TR40)                                     0.049558  0.058906   1.898671 f
  n163 (net)                                    5     0.006508            0.000000   1.898671 f
  U135/A (BUF_X1P2M_A9TR40)                                     0.049558  0.000015   1.898687 f
  U135/Y (BUF_X1P2M_A9TR40)                                     0.098309  0.141112   2.039799 f
  n136 (net)                                    6     0.008331            0.000000   2.039799 f
  U145/A (INV_X3M_A9TR40)                                       0.098309  0.000030   2.039829 f
  U145/Y (INV_X3M_A9TR40)                                       0.139903  0.111621   2.151450 r
  n155 (net)                                   16     0.018370            0.000000   2.151450 r
  U58/A0 (AO22_X0P5M_A9TR40)                                    0.139903  0.000014   2.151464 r
  U58/Y (AO22_X0P5M_A9TR40)                                     0.092612  0.186443   2.337907 r
  n90 (net)                                     1     0.001574            0.000000   2.337907 r
  target_fine_therm_q_reg[7]/D (DFFSQ_X1M_A9TR40)               0.092612  0.000027   2.337934 r
  data arrival time                                                                  2.337934

  clock cal_clk (rise edge)                                               2.500000   2.500000
  clock network delay (ideal)                                             0.000000   2.500000
  clock uncertainty                                                       -0.050000  2.450000
  target_fine_therm_q_reg[7]/CK (DFFSQ_X1M_A9TR40)                        0.000000   2.450000 r
  library setup time                                                      -0.068339  2.381661
  data required time                                                                 2.381661
  ----------------------------------------------------------------------------------------------
  data required time                                                                 2.381661
  data arrival time                                                                  -2.337934
  ----------------------------------------------------------------------------------------------
  slack (MET)                                                                        0.043727


  Startpoint: cal_medium_code_snapshot_i[2]
              (input port clocked by cal_clk)
  Endpoint: target_fine_therm_q_reg[6]
            (rising edge-triggered flip-flop clocked by cal_clk)
  Path Group: cal_clk
  Path Type: max

  Des/Clust/Port     Wire Load Model       Library
  ------------------------------------------------
  ftc_detection_margin_manager
                     Small                 sc9mc_logic0040ll_base_rvt_c40_ss_typical_max_0p99v_125c

  Point                                       Fanout       Cap     Trans      Incr       Path
  ----------------------------------------------------------------------------------------------
  clock cal_clk (rise edge)                                               0.000000   0.000000
  clock network delay (ideal)                                             0.000000   0.000000
  input external delay                                                    0.300000   0.300000 f
  cal_medium_code_snapshot_i[2] (in)                            0.000000  0.000000   0.300000 f
  cal_medium_code_snapshot_i[2] (net)           2     0.002777            0.000000   0.300000 f
  u_exact_mapper/cal_medium_code_snapshot_i[2] (ftc_detection_margin_mapper)
                                                                          0.000000   0.300000 f
  u_exact_mapper/cal_medium_code_snapshot_i[2] (net)  0.002777            0.000000   0.300000 f
  u_exact_mapper/U5/A (INV_X1M_A9TR40)                          0.000000  0.000021   0.300021 f
  u_exact_mapper/U5/Y (INV_X1M_A9TR40)                          0.103467  0.056512   0.356533 r
  u_exact_mapper/n31 (net)                      2     0.004140            0.000000   0.356533 r
  u_exact_mapper/U21/C (NOR4BB_X4M_A9TR40)                      0.103467  0.000041   0.356574 r
  u_exact_mapper/U21/Y (NOR4BB_X4M_A9TR40)                      0.053559  0.068233   0.424807 f
  u_exact_mapper/n30 (net)                      1     0.002307            0.000000   0.424807 f
  u_exact_mapper/U36/BN (NOR3BB_X4M_A9TR40)                     0.053559  0.000040   0.424847 f
  u_exact_mapper/U36/Y (NOR3BB_X4M_A9TR40)                      0.063344  0.103033   0.527881 f
  u_exact_mapper/n23 (net)                      4     0.005150            0.000000   0.527881 f
  u_exact_mapper/U11/C (NAND3_X1M_A9TR40)                       0.063344  0.000017   0.527898 f
  u_exact_mapper/U11/Y (NAND3_X1M_A9TR40)                       0.117836  0.093864   0.621762 r
  u_exact_mapper/n19 (net)                      2     0.002737            0.000000   0.621762 r
  u_exact_mapper/U10/B (NAND2_X1A_A9TR40)                       0.117836  0.000021   0.621783 r
  u_exact_mapper/U10/Y (NAND2_X1A_A9TR40)                       0.095683  0.102718   0.724501 f
  u_exact_mapper/m_det_o[3]_snps (net)          3     0.003734            0.000000   0.724501 f
  u_exact_mapper/U38/AN (NAND2B_X1M_A9TR40)                     0.095683  0.000017   0.724517 f
  u_exact_mapper/U38/Y (NAND2B_X1M_A9TR40)                      0.103590  0.147161   0.871679 f
  u_exact_mapper/target_medium_therm_o[6]_snps (net)
                                                3     0.003730            0.000000   0.871679 f
  u_exact_mapper/U40/AN (NAND2B_X1M_A9TR40)                     0.103590  0.000017   0.871695 f
  u_exact_mapper/U40/Y (NAND2B_X1M_A9TR40)                      0.076402  0.139386   1.011081 f
  u_exact_mapper/target_medium_therm_o[4] (net)
                                                2     0.002660            0.000000   1.011081 f
  u_exact_mapper/U9/AN (NAND3B_X2M_A9TR40)                      0.076402  0.000020   1.011101 f
  u_exact_mapper/U9/Y (NAND3B_X2M_A9TR40)                       0.074539  0.121370   1.132471 f
  u_exact_mapper/target_medium_therm_o[3] (net)
                                                2     0.002722            0.000000   1.132471 f
  u_exact_mapper/U39/A (INV_X1M_A9TR40)                         0.074539  0.000021   1.132492 f
  u_exact_mapper/U39/Y (INV_X1M_A9TR40)                         0.096750  0.080296   1.212788 r
  u_exact_mapper/n4 (net)                       2     0.003527            0.000000   1.212788 r
  u_exact_mapper/U3/B (NAND2_X2A_A9TR40)                        0.096750  0.000033   1.212821 r
  u_exact_mapper/U3/Y (NAND2_X2A_A9TR40)                        0.079102  0.064403   1.277224 f
  u_exact_mapper/target_medium_therm_o[2] (net)
                                                2     0.002648            0.000000   1.277224 f
  u_exact_mapper/U16/AN (NAND3BB_X1M_A9TR40)                    0.079102  0.000019   1.277243 f
  u_exact_mapper/U16/Y (NAND3BB_X1M_A9TR40)                     0.146571  0.180088   1.457331 f
  u_exact_mapper/mapping_supported_o (net)      5     0.006742            0.000000   1.457331 f
  u_exact_mapper/mapping_supported_o (ftc_detection_margin_mapper)        0.000000   1.457331 f
  mapper_mapping_supported (net)                      0.006742            0.000000   1.457331 f
  U151/A (NAND2_X2A_A9TR40)                                     0.146571  0.000024   1.457355 f
  U151/Y (NAND2_X2A_A9TR40)                                     0.071978  0.073944   1.531300 r
  n38 (net)                                     2     0.002793            0.000000   1.531300 r
  U157/A (INV_X1M_A9TR40)                                       0.071978  0.000021   1.531321 r
  U157/Y (INV_X1M_A9TR40)                                       0.049106  0.054095   1.585415 f
  n137 (net)                                    2     0.002723            0.000000   1.585415 f
  U153/A (NAND2_X1M_A9TR40)                                     0.049106  0.000021   1.585436 f
  U153/Y (NAND2_X1M_A9TR40)                                     0.104671  0.064974   1.650410 r
  n44 (net)                                     2     0.002673            0.000000   1.650410 r
  U154/A (NOR2_X0P7B_A9TR40)                                    0.104671  0.000019   1.650429 r
  U154/Y (NOR2_X0P7B_A9TR40)                                    0.101529  0.102350   1.752779 f
  n42 (net)                                     2     0.002601            0.000000   1.752779 f
  U168/C (NAND3BB_X1M_A9TR40)                                   0.101529  0.000020   1.752799 f
  U168/Y (NAND3BB_X1M_A9TR40)                                   0.094724  0.086918   1.839717 r
  n21 (net)                                     1     0.002766            0.000000   1.839717 r
  U140/A (INV_X3P5B_A9TR40)                                     0.094724  0.000048   1.839765 r
  U140/Y (INV_X3P5B_A9TR40)                                     0.049558  0.058906   1.898671 f
  n163 (net)                                    5     0.006508            0.000000   1.898671 f
  U135/A (BUF_X1P2M_A9TR40)                                     0.049558  0.000015   1.898687 f
  U135/Y (BUF_X1P2M_A9TR40)                                     0.098309  0.141112   2.039799 f
  n136 (net)                                    6     0.008331            0.000000   2.039799 f
  U145/A (INV_X3M_A9TR40)                                       0.098309  0.000030   2.039829 f
  U145/Y (INV_X3M_A9TR40)                                       0.139903  0.111621   2.151450 r
  n155 (net)                                   16     0.018370            0.000000   2.151450 r
  U55/A0 (AO22_X0P5M_A9TR40)                                    0.139903  0.000014   2.151464 r
  U55/Y (AO22_X0P5M_A9TR40)                                     0.092612  0.186443   2.337907 r
  n88 (net)                                     1     0.001574            0.000000   2.337907 r
  target_fine_therm_q_reg[6]/D (DFFSQ_X1M_A9TR40)               0.092612  0.000027   2.337934 r
  data arrival time                                                                  2.337934

  clock cal_clk (rise edge)                                               2.500000   2.500000
  clock network delay (ideal)                                             0.000000   2.500000
  clock uncertainty                                                       -0.050000  2.450000
  target_fine_therm_q_reg[6]/CK (DFFSQ_X1M_A9TR40)                        0.000000   2.450000 r
  library setup time                                                      -0.068339  2.381661
  data required time                                                                 2.381661
  ----------------------------------------------------------------------------------------------
  data required time                                                                 2.381661
  data arrival time                                                                  -2.337934
  ----------------------------------------------------------------------------------------------
  slack (MET)                                                                        0.043727


  Startpoint: cal_medium_code_snapshot_i[2]
              (input port clocked by cal_clk)
  Endpoint: target_fine_therm_q_reg[5]
            (rising edge-triggered flip-flop clocked by cal_clk)
  Path Group: cal_clk
  Path Type: max

  Des/Clust/Port     Wire Load Model       Library
  ------------------------------------------------
  ftc_detection_margin_manager
                     Small                 sc9mc_logic0040ll_base_rvt_c40_ss_typical_max_0p99v_125c

  Point                                       Fanout       Cap     Trans      Incr       Path
  ----------------------------------------------------------------------------------------------
  clock cal_clk (rise edge)                                               0.000000   0.000000
  clock network delay (ideal)                                             0.000000   0.000000
  input external delay                                                    0.300000   0.300000 f
  cal_medium_code_snapshot_i[2] (in)                            0.000000  0.000000   0.300000 f
  cal_medium_code_snapshot_i[2] (net)           2     0.002777            0.000000   0.300000 f
  u_exact_mapper/cal_medium_code_snapshot_i[2] (ftc_detection_margin_mapper)
                                                                          0.000000   0.300000 f
  u_exact_mapper/cal_medium_code_snapshot_i[2] (net)  0.002777            0.000000   0.300000 f
  u_exact_mapper/U5/A (INV_X1M_A9TR40)                          0.000000  0.000021   0.300021 f
  u_exact_mapper/U5/Y (INV_X1M_A9TR40)                          0.103467  0.056512   0.356533 r
  u_exact_mapper/n31 (net)                      2     0.004140            0.000000   0.356533 r
  u_exact_mapper/U21/C (NOR4BB_X4M_A9TR40)                      0.103467  0.000041   0.356574 r
  u_exact_mapper/U21/Y (NOR4BB_X4M_A9TR40)                      0.053559  0.068233   0.424807 f
  u_exact_mapper/n30 (net)                      1     0.002307            0.000000   0.424807 f
  u_exact_mapper/U36/BN (NOR3BB_X4M_A9TR40)                     0.053559  0.000040   0.424847 f
  u_exact_mapper/U36/Y (NOR3BB_X4M_A9TR40)                      0.063344  0.103033   0.527881 f
  u_exact_mapper/n23 (net)                      4     0.005150            0.000000   0.527881 f
  u_exact_mapper/U11/C (NAND3_X1M_A9TR40)                       0.063344  0.000017   0.527898 f
  u_exact_mapper/U11/Y (NAND3_X1M_A9TR40)                       0.117836  0.093864   0.621762 r
  u_exact_mapper/n19 (net)                      2     0.002737            0.000000   0.621762 r
  u_exact_mapper/U10/B (NAND2_X1A_A9TR40)                       0.117836  0.000021   0.621783 r
  u_exact_mapper/U10/Y (NAND2_X1A_A9TR40)                       0.095683  0.102718   0.724501 f
  u_exact_mapper/m_det_o[3]_snps (net)          3     0.003734            0.000000   0.724501 f
  u_exact_mapper/U38/AN (NAND2B_X1M_A9TR40)                     0.095683  0.000017   0.724517 f
  u_exact_mapper/U38/Y (NAND2B_X1M_A9TR40)                      0.103590  0.147161   0.871679 f
  u_exact_mapper/target_medium_therm_o[6]_snps (net)
                                                3     0.003730            0.000000   0.871679 f
  u_exact_mapper/U40/AN (NAND2B_X1M_A9TR40)                     0.103590  0.000017   0.871695 f
  u_exact_mapper/U40/Y (NAND2B_X1M_A9TR40)                      0.076402  0.139386   1.011081 f
  u_exact_mapper/target_medium_therm_o[4] (net)
                                                2     0.002660            0.000000   1.011081 f
  u_exact_mapper/U9/AN (NAND3B_X2M_A9TR40)                      0.076402  0.000020   1.011101 f
  u_exact_mapper/U9/Y (NAND3B_X2M_A9TR40)                       0.074539  0.121370   1.132471 f
  u_exact_mapper/target_medium_therm_o[3] (net)
                                                2     0.002722            0.000000   1.132471 f
  u_exact_mapper/U39/A (INV_X1M_A9TR40)                         0.074539  0.000021   1.132492 f
  u_exact_mapper/U39/Y (INV_X1M_A9TR40)                         0.096750  0.080296   1.212788 r
  u_exact_mapper/n4 (net)                       2     0.003527            0.000000   1.212788 r
  u_exact_mapper/U3/B (NAND2_X2A_A9TR40)                        0.096750  0.000033   1.212821 r
  u_exact_mapper/U3/Y (NAND2_X2A_A9TR40)                        0.079102  0.064403   1.277224 f
  u_exact_mapper/target_medium_therm_o[2] (net)
                                                2     0.002648            0.000000   1.277224 f
  u_exact_mapper/U16/AN (NAND3BB_X1M_A9TR40)                    0.079102  0.000019   1.277243 f
  u_exact_mapper/U16/Y (NAND3BB_X1M_A9TR40)                     0.146571  0.180088   1.457331 f
  u_exact_mapper/mapping_supported_o (net)      5     0.006742            0.000000   1.457331 f
  u_exact_mapper/mapping_supported_o (ftc_detection_margin_mapper)        0.000000   1.457331 f
  mapper_mapping_supported (net)                      0.006742            0.000000   1.457331 f
  U151/A (NAND2_X2A_A9TR40)                                     0.146571  0.000024   1.457355 f
  U151/Y (NAND2_X2A_A9TR40)                                     0.071978  0.073944   1.531300 r
  n38 (net)                                     2     0.002793            0.000000   1.531300 r
  U157/A (INV_X1M_A9TR40)                                       0.071978  0.000021   1.531321 r
  U157/Y (INV_X1M_A9TR40)                                       0.049106  0.054095   1.585415 f
  n137 (net)                                    2     0.002723            0.000000   1.585415 f
  U153/A (NAND2_X1M_A9TR40)                                     0.049106  0.000021   1.585436 f
  U153/Y (NAND2_X1M_A9TR40)                                     0.104671  0.064974   1.650410 r
  n44 (net)                                     2     0.002673            0.000000   1.650410 r
  U154/A (NOR2_X0P7B_A9TR40)                                    0.104671  0.000019   1.650429 r
  U154/Y (NOR2_X0P7B_A9TR40)                                    0.101529  0.102350   1.752779 f
  n42 (net)                                     2     0.002601            0.000000   1.752779 f
  U168/C (NAND3BB_X1M_A9TR40)                                   0.101529  0.000020   1.752799 f
  U168/Y (NAND3BB_X1M_A9TR40)                                   0.094724  0.086918   1.839717 r
  n21 (net)                                     1     0.002766            0.000000   1.839717 r
  U140/A (INV_X3P5B_A9TR40)                                     0.094724  0.000048   1.839765 r
  U140/Y (INV_X3P5B_A9TR40)                                     0.049558  0.058906   1.898671 f
  n163 (net)                                    5     0.006508            0.000000   1.898671 f
  U135/A (BUF_X1P2M_A9TR40)                                     0.049558  0.000015   1.898687 f
  U135/Y (BUF_X1P2M_A9TR40)                                     0.098309  0.141112   2.039799 f
  n136 (net)                                    6     0.008331            0.000000   2.039799 f
  U145/A (INV_X3M_A9TR40)                                       0.098309  0.000030   2.039829 f
  U145/Y (INV_X3M_A9TR40)                                       0.139903  0.111621   2.151450 r
  n155 (net)                                   16     0.018370            0.000000   2.151450 r
  U52/A0 (AO22_X0P5M_A9TR40)                                    0.139903  0.000014   2.151464 r
  U52/Y (AO22_X0P5M_A9TR40)                                     0.092612  0.186443   2.337907 r
  n86 (net)                                     1     0.001574            0.000000   2.337907 r
  target_fine_therm_q_reg[5]/D (DFFSQ_X1M_A9TR40)               0.092612  0.000027   2.337934 r
  data arrival time                                                                  2.337934

  clock cal_clk (rise edge)                                               2.500000   2.500000
  clock network delay (ideal)                                             0.000000   2.500000
  clock uncertainty                                                       -0.050000  2.450000
  target_fine_therm_q_reg[5]/CK (DFFSQ_X1M_A9TR40)                        0.000000   2.450000 r
  library setup time                                                      -0.068339  2.381661
  data required time                                                                 2.381661
  ----------------------------------------------------------------------------------------------
  data required time                                                                 2.381661
  data arrival time                                                                  -2.337934
  ----------------------------------------------------------------------------------------------
  slack (MET)                                                                        0.043727


  Startpoint: cal_medium_code_snapshot_i[2]
              (input port clocked by cal_clk)
  Endpoint: target_fine_therm_q_reg[4]
            (rising edge-triggered flip-flop clocked by cal_clk)
  Path Group: cal_clk
  Path Type: max

  Des/Clust/Port     Wire Load Model       Library
  ------------------------------------------------
  ftc_detection_margin_manager
                     Small                 sc9mc_logic0040ll_base_rvt_c40_ss_typical_max_0p99v_125c

  Point                                       Fanout       Cap     Trans      Incr       Path
  ----------------------------------------------------------------------------------------------
  clock cal_clk (rise edge)                                               0.000000   0.000000
  clock network delay (ideal)                                             0.000000   0.000000
  input external delay                                                    0.300000   0.300000 f
  cal_medium_code_snapshot_i[2] (in)                            0.000000  0.000000   0.300000 f
  cal_medium_code_snapshot_i[2] (net)           2     0.002777            0.000000   0.300000 f
  u_exact_mapper/cal_medium_code_snapshot_i[2] (ftc_detection_margin_mapper)
                                                                          0.000000   0.300000 f
  u_exact_mapper/cal_medium_code_snapshot_i[2] (net)  0.002777            0.000000   0.300000 f
  u_exact_mapper/U5/A (INV_X1M_A9TR40)                          0.000000  0.000021   0.300021 f
  u_exact_mapper/U5/Y (INV_X1M_A9TR40)                          0.103467  0.056512   0.356533 r
  u_exact_mapper/n31 (net)                      2     0.004140            0.000000   0.356533 r
  u_exact_mapper/U21/C (NOR4BB_X4M_A9TR40)                      0.103467  0.000041   0.356574 r
  u_exact_mapper/U21/Y (NOR4BB_X4M_A9TR40)                      0.053559  0.068233   0.424807 f
  u_exact_mapper/n30 (net)                      1     0.002307            0.000000   0.424807 f
  u_exact_mapper/U36/BN (NOR3BB_X4M_A9TR40)                     0.053559  0.000040   0.424847 f
  u_exact_mapper/U36/Y (NOR3BB_X4M_A9TR40)                      0.063344  0.103033   0.527881 f
  u_exact_mapper/n23 (net)                      4     0.005150            0.000000   0.527881 f
  u_exact_mapper/U11/C (NAND3_X1M_A9TR40)                       0.063344  0.000017   0.527898 f
  u_exact_mapper/U11/Y (NAND3_X1M_A9TR40)                       0.117836  0.093864   0.621762 r
  u_exact_mapper/n19 (net)                      2     0.002737            0.000000   0.621762 r
  u_exact_mapper/U10/B (NAND2_X1A_A9TR40)                       0.117836  0.000021   0.621783 r
  u_exact_mapper/U10/Y (NAND2_X1A_A9TR40)                       0.095683  0.102718   0.724501 f
  u_exact_mapper/m_det_o[3]_snps (net)          3     0.003734            0.000000   0.724501 f
  u_exact_mapper/U38/AN (NAND2B_X1M_A9TR40)                     0.095683  0.000017   0.724517 f
  u_exact_mapper/U38/Y (NAND2B_X1M_A9TR40)                      0.103590  0.147161   0.871679 f
  u_exact_mapper/target_medium_therm_o[6]_snps (net)
                                                3     0.003730            0.000000   0.871679 f
  u_exact_mapper/U40/AN (NAND2B_X1M_A9TR40)                     0.103590  0.000017   0.871695 f
  u_exact_mapper/U40/Y (NAND2B_X1M_A9TR40)                      0.076402  0.139386   1.011081 f
  u_exact_mapper/target_medium_therm_o[4] (net)
                                                2     0.002660            0.000000   1.011081 f
  u_exact_mapper/U9/AN (NAND3B_X2M_A9TR40)                      0.076402  0.000020   1.011101 f
  u_exact_mapper/U9/Y (NAND3B_X2M_A9TR40)                       0.074539  0.121370   1.132471 f
  u_exact_mapper/target_medium_therm_o[3] (net)
                                                2     0.002722            0.000000   1.132471 f
  u_exact_mapper/U39/A (INV_X1M_A9TR40)                         0.074539  0.000021   1.132492 f
  u_exact_mapper/U39/Y (INV_X1M_A9TR40)                         0.096750  0.080296   1.212788 r
  u_exact_mapper/n4 (net)                       2     0.003527            0.000000   1.212788 r
  u_exact_mapper/U3/B (NAND2_X2A_A9TR40)                        0.096750  0.000033   1.212821 r
  u_exact_mapper/U3/Y (NAND2_X2A_A9TR40)                        0.079102  0.064403   1.277224 f
  u_exact_mapper/target_medium_therm_o[2] (net)
                                                2     0.002648            0.000000   1.277224 f
  u_exact_mapper/U16/AN (NAND3BB_X1M_A9TR40)                    0.079102  0.000019   1.277243 f
  u_exact_mapper/U16/Y (NAND3BB_X1M_A9TR40)                     0.146571  0.180088   1.457331 f
  u_exact_mapper/mapping_supported_o (net)      5     0.006742            0.000000   1.457331 f
  u_exact_mapper/mapping_supported_o (ftc_detection_margin_mapper)        0.000000   1.457331 f
  mapper_mapping_supported (net)                      0.006742            0.000000   1.457331 f
  U151/A (NAND2_X2A_A9TR40)                                     0.146571  0.000024   1.457355 f
  U151/Y (NAND2_X2A_A9TR40)                                     0.071978  0.073944   1.531300 r
  n38 (net)                                     2     0.002793            0.000000   1.531300 r
  U157/A (INV_X1M_A9TR40)                                       0.071978  0.000021   1.531321 r
  U157/Y (INV_X1M_A9TR40)                                       0.049106  0.054095   1.585415 f
  n137 (net)                                    2     0.002723            0.000000   1.585415 f
  U153/A (NAND2_X1M_A9TR40)                                     0.049106  0.000021   1.585436 f
  U153/Y (NAND2_X1M_A9TR40)                                     0.104671  0.064974   1.650410 r
  n44 (net)                                     2     0.002673            0.000000   1.650410 r
  U154/A (NOR2_X0P7B_A9TR40)                                    0.104671  0.000019   1.650429 r
  U154/Y (NOR2_X0P7B_A9TR40)                                    0.101529  0.102350   1.752779 f
  n42 (net)                                     2     0.002601            0.000000   1.752779 f
  U168/C (NAND3BB_X1M_A9TR40)                                   0.101529  0.000020   1.752799 f
  U168/Y (NAND3BB_X1M_A9TR40)                                   0.094724  0.086918   1.839717 r
  n21 (net)                                     1     0.002766            0.000000   1.839717 r
  U140/A (INV_X3P5B_A9TR40)                                     0.094724  0.000048   1.839765 r
  U140/Y (INV_X3P5B_A9TR40)                                     0.049558  0.058906   1.898671 f
  n163 (net)                                    5     0.006508            0.000000   1.898671 f
  U135/A (BUF_X1P2M_A9TR40)                                     0.049558  0.000015   1.898687 f
  U135/Y (BUF_X1P2M_A9TR40)                                     0.098309  0.141112   2.039799 f
  n136 (net)                                    6     0.008331            0.000000   2.039799 f
  U145/A (INV_X3M_A9TR40)                                       0.098309  0.000030   2.039829 f
  U145/Y (INV_X3M_A9TR40)                                       0.139903  0.111621   2.151450 r
  n155 (net)                                   16     0.018370            0.000000   2.151450 r
  U49/A0 (AO22_X0P5M_A9TR40)                                    0.139903  0.000014   2.151464 r
  U49/Y (AO22_X0P5M_A9TR40)                                     0.092612  0.186443   2.337907 r
  n84 (net)                                     1     0.001574            0.000000   2.337907 r
  target_fine_therm_q_reg[4]/D (DFFSQ_X1M_A9TR40)               0.092612  0.000027   2.337934 r
  data arrival time                                                                  2.337934

  clock cal_clk (rise edge)                                               2.500000   2.500000
  clock network delay (ideal)                                             0.000000   2.500000
  clock uncertainty                                                       -0.050000  2.450000
  target_fine_therm_q_reg[4]/CK (DFFSQ_X1M_A9TR40)                        0.000000   2.450000 r
  library setup time                                                      -0.068339  2.381661
  data required time                                                                 2.381661
  ----------------------------------------------------------------------------------------------
  data required time                                                                 2.381661
  data arrival time                                                                  -2.337934
  ----------------------------------------------------------------------------------------------
  slack (MET)                                                                        0.043727


  Startpoint: cal_medium_code_snapshot_i[2]
              (input port clocked by cal_clk)
  Endpoint: target_fine_therm_q_reg[0]
            (rising edge-triggered flip-flop clocked by cal_clk)
  Path Group: cal_clk
  Path Type: max

  Des/Clust/Port     Wire Load Model       Library
  ------------------------------------------------
  ftc_detection_margin_manager
                     Small                 sc9mc_logic0040ll_base_rvt_c40_ss_typical_max_0p99v_125c

  Point                                       Fanout       Cap     Trans      Incr       Path
  ----------------------------------------------------------------------------------------------
  clock cal_clk (rise edge)                                               0.000000   0.000000
  clock network delay (ideal)                                             0.000000   0.000000
  input external delay                                                    0.300000   0.300000 f
  cal_medium_code_snapshot_i[2] (in)                            0.000000  0.000000   0.300000 f
  cal_medium_code_snapshot_i[2] (net)           2     0.002777            0.000000   0.300000 f
  u_exact_mapper/cal_medium_code_snapshot_i[2] (ftc_detection_margin_mapper)
                                                                          0.000000   0.300000 f
  u_exact_mapper/cal_medium_code_snapshot_i[2] (net)  0.002777            0.000000   0.300000 f
  u_exact_mapper/U5/A (INV_X1M_A9TR40)                          0.000000  0.000021   0.300021 f
  u_exact_mapper/U5/Y (INV_X1M_A9TR40)                          0.103467  0.056512   0.356533 r
  u_exact_mapper/n31 (net)                      2     0.004140            0.000000   0.356533 r
  u_exact_mapper/U21/C (NOR4BB_X4M_A9TR40)                      0.103467  0.000041   0.356574 r
  u_exact_mapper/U21/Y (NOR4BB_X4M_A9TR40)                      0.053559  0.068233   0.424807 f
  u_exact_mapper/n30 (net)                      1     0.002307            0.000000   0.424807 f
  u_exact_mapper/U36/BN (NOR3BB_X4M_A9TR40)                     0.053559  0.000040   0.424847 f
  u_exact_mapper/U36/Y (NOR3BB_X4M_A9TR40)                      0.063344  0.103033   0.527881 f
  u_exact_mapper/n23 (net)                      4     0.005150            0.000000   0.527881 f
  u_exact_mapper/U11/C (NAND3_X1M_A9TR40)                       0.063344  0.000017   0.527898 f
  u_exact_mapper/U11/Y (NAND3_X1M_A9TR40)                       0.117836  0.093864   0.621762 r
  u_exact_mapper/n19 (net)                      2     0.002737            0.000000   0.621762 r
  u_exact_mapper/U10/B (NAND2_X1A_A9TR40)                       0.117836  0.000021   0.621783 r
  u_exact_mapper/U10/Y (NAND2_X1A_A9TR40)                       0.095683  0.102718   0.724501 f
  u_exact_mapper/m_det_o[3]_snps (net)          3     0.003734            0.000000   0.724501 f
  u_exact_mapper/U38/AN (NAND2B_X1M_A9TR40)                     0.095683  0.000017   0.724517 f
  u_exact_mapper/U38/Y (NAND2B_X1M_A9TR40)                      0.103590  0.147161   0.871679 f
  u_exact_mapper/target_medium_therm_o[6]_snps (net)
                                                3     0.003730            0.000000   0.871679 f
  u_exact_mapper/U40/AN (NAND2B_X1M_A9TR40)                     0.103590  0.000017   0.871695 f
  u_exact_mapper/U40/Y (NAND2B_X1M_A9TR40)                      0.076402  0.139386   1.011081 f
  u_exact_mapper/target_medium_therm_o[4] (net)
                                                2     0.002660            0.000000   1.011081 f
  u_exact_mapper/U9/AN (NAND3B_X2M_A9TR40)                      0.076402  0.000020   1.011101 f
  u_exact_mapper/U9/Y (NAND3B_X2M_A9TR40)                       0.074539  0.121370   1.132471 f
  u_exact_mapper/target_medium_therm_o[3] (net)
                                                2     0.002722            0.000000   1.132471 f
  u_exact_mapper/U39/A (INV_X1M_A9TR40)                         0.074539  0.000021   1.132492 f
  u_exact_mapper/U39/Y (INV_X1M_A9TR40)                         0.096750  0.080296   1.212788 r
  u_exact_mapper/n4 (net)                       2     0.003527            0.000000   1.212788 r
  u_exact_mapper/U3/B (NAND2_X2A_A9TR40)                        0.096750  0.000033   1.212821 r
  u_exact_mapper/U3/Y (NAND2_X2A_A9TR40)                        0.079102  0.064403   1.277224 f
  u_exact_mapper/target_medium_therm_o[2] (net)
                                                2     0.002648            0.000000   1.277224 f
  u_exact_mapper/U16/AN (NAND3BB_X1M_A9TR40)                    0.079102  0.000019   1.277243 f
  u_exact_mapper/U16/Y (NAND3BB_X1M_A9TR40)                     0.146571  0.180088   1.457331 f
  u_exact_mapper/mapping_supported_o (net)      5     0.006742            0.000000   1.457331 f
  u_exact_mapper/mapping_supported_o (ftc_detection_margin_mapper)        0.000000   1.457331 f
  mapper_mapping_supported (net)                      0.006742            0.000000   1.457331 f
  U151/A (NAND2_X2A_A9TR40)                                     0.146571  0.000024   1.457355 f
  U151/Y (NAND2_X2A_A9TR40)                                     0.071978  0.073944   1.531300 r
  n38 (net)                                     2     0.002793            0.000000   1.531300 r
  U157/A (INV_X1M_A9TR40)                                       0.071978  0.000021   1.531321 r
  U157/Y (INV_X1M_A9TR40)                                       0.049106  0.054095   1.585415 f
  n137 (net)                                    2     0.002723            0.000000   1.585415 f
  U153/A (NAND2_X1M_A9TR40)                                     0.049106  0.000021   1.585436 f
  U153/Y (NAND2_X1M_A9TR40)                                     0.104671  0.064974   1.650410 r
  n44 (net)                                     2     0.002673            0.000000   1.650410 r
  U154/A (NOR2_X0P7B_A9TR40)                                    0.104671  0.000019   1.650429 r
  U154/Y (NOR2_X0P7B_A9TR40)                                    0.101529  0.102350   1.752779 f
  n42 (net)                                     2     0.002601            0.000000   1.752779 f
  U168/C (NAND3BB_X1M_A9TR40)                                   0.101529  0.000020   1.752799 f
  U168/Y (NAND3BB_X1M_A9TR40)                                   0.094724  0.086918   1.839717 r
  n21 (net)                                     1     0.002766            0.000000   1.839717 r
  U140/A (INV_X3P5B_A9TR40)                                     0.094724  0.000048   1.839765 r
  U140/Y (INV_X3P5B_A9TR40)                                     0.049558  0.058906   1.898671 f
  n163 (net)                                    5     0.006508            0.000000   1.898671 f
  U135/A (BUF_X1P2M_A9TR40)                                     0.049558  0.000015   1.898687 f
  U135/Y (BUF_X1P2M_A9TR40)                                     0.098309  0.141112   2.039799 f
  n136 (net)                                    6     0.008331            0.000000   2.039799 f
  U145/A (INV_X3M_A9TR40)                                       0.098309  0.000030   2.039829 f
  U145/Y (INV_X3M_A9TR40)                                       0.139903  0.111621   2.151450 r
  n155 (net)                                   16     0.018370            0.000000   2.151450 r
  U37/A0 (AO22_X0P5M_A9TR40)                                    0.139903  0.000014   2.151464 r
  U37/Y (AO22_X0P5M_A9TR40)                                     0.092612  0.186443   2.337907 r
  n76 (net)                                     1     0.001574            0.000000   2.337907 r
  target_fine_therm_q_reg[0]/D (DFFSQ_X1M_A9TR40)               0.092612  0.000027   2.337934 r
  data arrival time                                                                  2.337934

  clock cal_clk (rise edge)                                               2.500000   2.500000
  clock network delay (ideal)                                             0.000000   2.500000
  clock uncertainty                                                       -0.050000  2.450000
  target_fine_therm_q_reg[0]/CK (DFFSQ_X1M_A9TR40)                        0.000000   2.450000 r
  library setup time                                                      -0.068339  2.381661
  data required time                                                                 2.381661
  ----------------------------------------------------------------------------------------------
  data required time                                                                 2.381661
  data arrival time                                                                  -2.337934
  ----------------------------------------------------------------------------------------------
  slack (MET)                                                                        0.043727


  Startpoint: cal_medium_code_snapshot_i[2]
              (input port clocked by cal_clk)
  Endpoint: target_medium_therm_q_reg[15]
            (rising edge-triggered flip-flop clocked by cal_clk)
  Path Group: cal_clk
  Path Type: max

  Des/Clust/Port     Wire Load Model       Library
  ------------------------------------------------
  ftc_detection_margin_manager
                     Small                 sc9mc_logic0040ll_base_rvt_c40_ss_typical_max_0p99v_125c

  Point                                       Fanout       Cap     Trans      Incr       Path
  ----------------------------------------------------------------------------------------------
  clock cal_clk (rise edge)                                               0.000000   0.000000
  clock network delay (ideal)                                             0.000000   0.000000
  input external delay                                                    0.300000   0.300000 f
  cal_medium_code_snapshot_i[2] (in)                            0.000000  0.000000   0.300000 f
  cal_medium_code_snapshot_i[2] (net)           2     0.002777            0.000000   0.300000 f
  u_exact_mapper/cal_medium_code_snapshot_i[2] (ftc_detection_margin_mapper)
                                                                          0.000000   0.300000 f
  u_exact_mapper/cal_medium_code_snapshot_i[2] (net)  0.002777            0.000000   0.300000 f
  u_exact_mapper/U5/A (INV_X1M_A9TR40)                          0.000000  0.000021   0.300021 f
  u_exact_mapper/U5/Y (INV_X1M_A9TR40)                          0.103467  0.056512   0.356533 r
  u_exact_mapper/n31 (net)                      2     0.004140            0.000000   0.356533 r
  u_exact_mapper/U21/C (NOR4BB_X4M_A9TR40)                      0.103467  0.000041   0.356574 r
  u_exact_mapper/U21/Y (NOR4BB_X4M_A9TR40)                      0.053559  0.068233   0.424807 f
  u_exact_mapper/n30 (net)                      1     0.002307            0.000000   0.424807 f
  u_exact_mapper/U36/BN (NOR3BB_X4M_A9TR40)                     0.053559  0.000040   0.424847 f
  u_exact_mapper/U36/Y (NOR3BB_X4M_A9TR40)                      0.063344  0.103033   0.527881 f
  u_exact_mapper/n23 (net)                      4     0.005150            0.000000   0.527881 f
  u_exact_mapper/U11/C (NAND3_X1M_A9TR40)                       0.063344  0.000017   0.527898 f
  u_exact_mapper/U11/Y (NAND3_X1M_A9TR40)                       0.117836  0.093864   0.621762 r
  u_exact_mapper/n19 (net)                      2     0.002737            0.000000   0.621762 r
  u_exact_mapper/U10/B (NAND2_X1A_A9TR40)                       0.117836  0.000021   0.621783 r
  u_exact_mapper/U10/Y (NAND2_X1A_A9TR40)                       0.095683  0.102718   0.724501 f
  u_exact_mapper/m_det_o[3]_snps (net)          3     0.003734            0.000000   0.724501 f
  u_exact_mapper/U38/AN (NAND2B_X1M_A9TR40)                     0.095683  0.000017   0.724517 f
  u_exact_mapper/U38/Y (NAND2B_X1M_A9TR40)                      0.103590  0.147161   0.871679 f
  u_exact_mapper/target_medium_therm_o[6]_snps (net)
                                                3     0.003730            0.000000   0.871679 f
  u_exact_mapper/U40/AN (NAND2B_X1M_A9TR40)                     0.103590  0.000017   0.871695 f
  u_exact_mapper/U40/Y (NAND2B_X1M_A9TR40)                      0.076402  0.139386   1.011081 f
  u_exact_mapper/target_medium_therm_o[4] (net)
                                                2     0.002660            0.000000   1.011081 f
  u_exact_mapper/U9/AN (NAND3B_X2M_A9TR40)                      0.076402  0.000020   1.011101 f
  u_exact_mapper/U9/Y (NAND3B_X2M_A9TR40)                       0.074539  0.121370   1.132471 f
  u_exact_mapper/target_medium_therm_o[3] (net)
                                                2     0.002722            0.000000   1.132471 f
  u_exact_mapper/U39/A (INV_X1M_A9TR40)                         0.074539  0.000021   1.132492 f
  u_exact_mapper/U39/Y (INV_X1M_A9TR40)                         0.096750  0.080296   1.212788 r
  u_exact_mapper/n4 (net)                       2     0.003527            0.000000   1.212788 r
  u_exact_mapper/U3/B (NAND2_X2A_A9TR40)                        0.096750  0.000033   1.212821 r
  u_exact_mapper/U3/Y (NAND2_X2A_A9TR40)                        0.079102  0.064403   1.277224 f
  u_exact_mapper/target_medium_therm_o[2] (net)
                                                2     0.002648            0.000000   1.277224 f
  u_exact_mapper/U16/AN (NAND3BB_X1M_A9TR40)                    0.079102  0.000019   1.277243 f
  u_exact_mapper/U16/Y (NAND3BB_X1M_A9TR40)                     0.146571  0.180088   1.457331 f
  u_exact_mapper/mapping_supported_o (net)      5     0.006742            0.000000   1.457331 f
  u_exact_mapper/mapping_supported_o (ftc_detection_margin_mapper)        0.000000   1.457331 f
  mapper_mapping_supported (net)                      0.006742            0.000000   1.457331 f
  U151/A (NAND2_X2A_A9TR40)                                     0.146571  0.000024   1.457355 f
  U151/Y (NAND2_X2A_A9TR40)                                     0.071978  0.073944   1.531300 r
  n38 (net)                                     2     0.002793            0.000000   1.531300 r
  U157/A (INV_X1M_A9TR40)                                       0.071978  0.000021   1.531321 r
  U157/Y (INV_X1M_A9TR40)                                       0.049106  0.054095   1.585415 f
  n137 (net)                                    2     0.002723            0.000000   1.585415 f
  U153/A (NAND2_X1M_A9TR40)                                     0.049106  0.000021   1.585436 f
  U153/Y (NAND2_X1M_A9TR40)                                     0.104671  0.064974   1.650410 r
  n44 (net)                                     2     0.002673            0.000000   1.650410 r
  U154/A (NOR2_X0P7B_A9TR40)                                    0.104671  0.000019   1.650429 r
  U154/Y (NOR2_X0P7B_A9TR40)                                    0.101529  0.102350   1.752779 f
  n42 (net)                                     2     0.002601            0.000000   1.752779 f
  U168/C (NAND3BB_X1M_A9TR40)                                   0.101529  0.000020   1.752799 f
  U168/Y (NAND3BB_X1M_A9TR40)                                   0.094724  0.086918   1.839717 r
  n21 (net)                                     1     0.002766            0.000000   1.839717 r
  U140/A (INV_X3P5B_A9TR40)                                     0.094724  0.000048   1.839765 r
  U140/Y (INV_X3P5B_A9TR40)                                     0.049558  0.058906   1.898671 f
  n163 (net)                                    5     0.006508            0.000000   1.898671 f
  U138/A (BUF_X2P5M_A9TR40)                                     0.049558  0.000017   1.898688 f
  U138/Y (BUF_X2P5M_A9TR40)                                     0.067717  0.113324   2.012012 f
  n160 (net)                                    8     0.009657            0.000000   2.012012 f
  U179/A (INV_X1M_A9TR40)                                       0.067717  0.000016   2.012028 f
  U179/Y (INV_X1M_A9TR40)                                       0.212030  0.140445   2.152473 r
  n156 (net)                                    8     0.009259            0.000000   2.152473 r
  U176/A (AND2_X0P7M_A9TR40)                                    0.212030  0.000014   2.152488 r
  U176/Y (AND2_X0P7M_A9TR40)                                    0.068477  0.166735   2.319222 r
  n146 (net)                                    1     0.001559            0.000000   2.319222 r
  target_medium_therm_q_reg[15]/D (DFFRPQ_X1M_A9TR40)           0.068477  0.000027   2.319249 r
  data arrival time                                                                  2.319249

  clock cal_clk (rise edge)                                               2.500000   2.500000
  clock network delay (ideal)                                             0.000000   2.500000
  clock uncertainty                                                       -0.050000  2.450000
  target_medium_therm_q_reg[15]/CK (DFFRPQ_X1M_A9TR40)                    0.000000   2.450000 r
  library setup time                                                      -0.073070  2.376930
  data required time                                                                 2.376930
  ----------------------------------------------------------------------------------------------
  data required time                                                                 2.376930
  data arrival time                                                                  -2.319249
  ----------------------------------------------------------------------------------------------
  slack (MET)                                                                        0.057680


  Startpoint: cal_medium_code_snapshot_i[2]
              (input port clocked by cal_clk)
  Endpoint: target_medium_therm_q_reg[14]
            (rising edge-triggered flip-flop clocked by cal_clk)
  Path Group: cal_clk
  Path Type: max

  Des/Clust/Port     Wire Load Model       Library
  ------------------------------------------------
  ftc_detection_margin_manager
                     Small                 sc9mc_logic0040ll_base_rvt_c40_ss_typical_max_0p99v_125c

  Point                                       Fanout       Cap     Trans      Incr       Path
  ----------------------------------------------------------------------------------------------
  clock cal_clk (rise edge)                                               0.000000   0.000000
  clock network delay (ideal)                                             0.000000   0.000000
  input external delay                                                    0.300000   0.300000 f
  cal_medium_code_snapshot_i[2] (in)                            0.000000  0.000000   0.300000 f
  cal_medium_code_snapshot_i[2] (net)           2     0.002777            0.000000   0.300000 f
  u_exact_mapper/cal_medium_code_snapshot_i[2] (ftc_detection_margin_mapper)
                                                                          0.000000   0.300000 f
  u_exact_mapper/cal_medium_code_snapshot_i[2] (net)  0.002777            0.000000   0.300000 f
  u_exact_mapper/U5/A (INV_X1M_A9TR40)                          0.000000  0.000021   0.300021 f
  u_exact_mapper/U5/Y (INV_X1M_A9TR40)                          0.103467  0.056512   0.356533 r
  u_exact_mapper/n31 (net)                      2     0.004140            0.000000   0.356533 r
  u_exact_mapper/U21/C (NOR4BB_X4M_A9TR40)                      0.103467  0.000041   0.356574 r
  u_exact_mapper/U21/Y (NOR4BB_X4M_A9TR40)                      0.053559  0.068233   0.424807 f
  u_exact_mapper/n30 (net)                      1     0.002307            0.000000   0.424807 f
  u_exact_mapper/U36/BN (NOR3BB_X4M_A9TR40)                     0.053559  0.000040   0.424847 f
  u_exact_mapper/U36/Y (NOR3BB_X4M_A9TR40)                      0.063344  0.103033   0.527881 f
  u_exact_mapper/n23 (net)                      4     0.005150            0.000000   0.527881 f
  u_exact_mapper/U11/C (NAND3_X1M_A9TR40)                       0.063344  0.000017   0.527898 f
  u_exact_mapper/U11/Y (NAND3_X1M_A9TR40)                       0.117836  0.093864   0.621762 r
  u_exact_mapper/n19 (net)                      2     0.002737            0.000000   0.621762 r
  u_exact_mapper/U10/B (NAND2_X1A_A9TR40)                       0.117836  0.000021   0.621783 r
  u_exact_mapper/U10/Y (NAND2_X1A_A9TR40)                       0.095683  0.102718   0.724501 f
  u_exact_mapper/m_det_o[3]_snps (net)          3     0.003734            0.000000   0.724501 f
  u_exact_mapper/U38/AN (NAND2B_X1M_A9TR40)                     0.095683  0.000017   0.724517 f
  u_exact_mapper/U38/Y (NAND2B_X1M_A9TR40)                      0.103590  0.147161   0.871679 f
  u_exact_mapper/target_medium_therm_o[6]_snps (net)
                                                3     0.003730            0.000000   0.871679 f
  u_exact_mapper/U40/AN (NAND2B_X1M_A9TR40)                     0.103590  0.000017   0.871695 f
  u_exact_mapper/U40/Y (NAND2B_X1M_A9TR40)                      0.076402  0.139386   1.011081 f
  u_exact_mapper/target_medium_therm_o[4] (net)
                                                2     0.002660            0.000000   1.011081 f
  u_exact_mapper/U9/AN (NAND3B_X2M_A9TR40)                      0.076402  0.000020   1.011101 f
  u_exact_mapper/U9/Y (NAND3B_X2M_A9TR40)                       0.074539  0.121370   1.132471 f
  u_exact_mapper/target_medium_therm_o[3] (net)
                                                2     0.002722            0.000000   1.132471 f
  u_exact_mapper/U39/A (INV_X1M_A9TR40)                         0.074539  0.000021   1.132492 f
  u_exact_mapper/U39/Y (INV_X1M_A9TR40)                         0.096750  0.080296   1.212788 r
  u_exact_mapper/n4 (net)                       2     0.003527            0.000000   1.212788 r
  u_exact_mapper/U3/B (NAND2_X2A_A9TR40)                        0.096750  0.000033   1.212821 r
  u_exact_mapper/U3/Y (NAND2_X2A_A9TR40)                        0.079102  0.064403   1.277224 f
  u_exact_mapper/target_medium_therm_o[2] (net)
                                                2     0.002648            0.000000   1.277224 f
  u_exact_mapper/U16/AN (NAND3BB_X1M_A9TR40)                    0.079102  0.000019   1.277243 f
  u_exact_mapper/U16/Y (NAND3BB_X1M_A9TR40)                     0.146571  0.180088   1.457331 f
  u_exact_mapper/mapping_supported_o (net)      5     0.006742            0.000000   1.457331 f
  u_exact_mapper/mapping_supported_o (ftc_detection_margin_mapper)        0.000000   1.457331 f
  mapper_mapping_supported (net)                      0.006742            0.000000   1.457331 f
  U151/A (NAND2_X2A_A9TR40)                                     0.146571  0.000024   1.457355 f
  U151/Y (NAND2_X2A_A9TR40)                                     0.071978  0.073944   1.531300 r
  n38 (net)                                     2     0.002793            0.000000   1.531300 r
  U157/A (INV_X1M_A9TR40)                                       0.071978  0.000021   1.531321 r
  U157/Y (INV_X1M_A9TR40)                                       0.049106  0.054095   1.585415 f
  n137 (net)                                    2     0.002723            0.000000   1.585415 f
  U153/A (NAND2_X1M_A9TR40)                                     0.049106  0.000021   1.585436 f
  U153/Y (NAND2_X1M_A9TR40)                                     0.104671  0.064974   1.650410 r
  n44 (net)                                     2     0.002673            0.000000   1.650410 r
  U154/A (NOR2_X0P7B_A9TR40)                                    0.104671  0.000019   1.650429 r
  U154/Y (NOR2_X0P7B_A9TR40)                                    0.101529  0.102350   1.752779 f
  n42 (net)                                     2     0.002601            0.000000   1.752779 f
  U168/C (NAND3BB_X1M_A9TR40)                                   0.101529  0.000020   1.752799 f
  U168/Y (NAND3BB_X1M_A9TR40)                                   0.094724  0.086918   1.839717 r
  n21 (net)                                     1     0.002766            0.000000   1.839717 r
  U140/A (INV_X3P5B_A9TR40)                                     0.094724  0.000048   1.839765 r
  U140/Y (INV_X3P5B_A9TR40)                                     0.049558  0.058906   1.898671 f
  n163 (net)                                    5     0.006508            0.000000   1.898671 f
  U138/A (BUF_X2P5M_A9TR40)                                     0.049558  0.000017   1.898688 f
  U138/Y (BUF_X2P5M_A9TR40)                                     0.067717  0.113324   2.012012 f
  n160 (net)                                    8     0.009657            0.000000   2.012012 f
  U179/A (INV_X1M_A9TR40)                                       0.067717  0.000016   2.012028 f
  U179/Y (INV_X1M_A9TR40)                                       0.212030  0.140445   2.152473 r
  n156 (net)                                    8     0.009259            0.000000   2.152473 r
  U175/A (AND2_X0P7M_A9TR40)                                    0.212030  0.000014   2.152488 r
  U175/Y (AND2_X0P7M_A9TR40)                                    0.068477  0.166735   2.319222 r
  n145 (net)                                    1     0.001559            0.000000   2.319222 r
  target_medium_therm_q_reg[14]/D (DFFRPQ_X1M_A9TR40)           0.068477  0.000027   2.319249 r
  data arrival time                                                                  2.319249

  clock cal_clk (rise edge)                                               2.500000   2.500000
  clock network delay (ideal)                                             0.000000   2.500000
  clock uncertainty                                                       -0.050000  2.450000
  target_medium_therm_q_reg[14]/CK (DFFRPQ_X1M_A9TR40)                    0.000000   2.450000 r
  library setup time                                                      -0.073070  2.376930
  data required time                                                                 2.376930
  ----------------------------------------------------------------------------------------------
  data required time                                                                 2.376930
  data arrival time                                                                  -2.319249
  ----------------------------------------------------------------------------------------------
  slack (MET)                                                                        0.057680


  Startpoint: cal_medium_code_snapshot_i[2]
              (input port clocked by cal_clk)
  Endpoint: target_medium_therm_q_reg[13]
            (rising edge-triggered flip-flop clocked by cal_clk)
  Path Group: cal_clk
  Path Type: max

  Des/Clust/Port     Wire Load Model       Library
  ------------------------------------------------
  ftc_detection_margin_manager
                     Small                 sc9mc_logic0040ll_base_rvt_c40_ss_typical_max_0p99v_125c

  Point                                       Fanout       Cap     Trans      Incr       Path
  ----------------------------------------------------------------------------------------------
  clock cal_clk (rise edge)                                               0.000000   0.000000
  clock network delay (ideal)                                             0.000000   0.000000
  input external delay                                                    0.300000   0.300000 f
  cal_medium_code_snapshot_i[2] (in)                            0.000000  0.000000   0.300000 f
  cal_medium_code_snapshot_i[2] (net)           2     0.002777            0.000000   0.300000 f
  u_exact_mapper/cal_medium_code_snapshot_i[2] (ftc_detection_margin_mapper)
                                                                          0.000000   0.300000 f
  u_exact_mapper/cal_medium_code_snapshot_i[2] (net)  0.002777            0.000000   0.300000 f
  u_exact_mapper/U5/A (INV_X1M_A9TR40)                          0.000000  0.000021   0.300021 f
  u_exact_mapper/U5/Y (INV_X1M_A9TR40)                          0.103467  0.056512   0.356533 r
  u_exact_mapper/n31 (net)                      2     0.004140            0.000000   0.356533 r
  u_exact_mapper/U21/C (NOR4BB_X4M_A9TR40)                      0.103467  0.000041   0.356574 r
  u_exact_mapper/U21/Y (NOR4BB_X4M_A9TR40)                      0.053559  0.068233   0.424807 f
  u_exact_mapper/n30 (net)                      1     0.002307            0.000000   0.424807 f
  u_exact_mapper/U36/BN (NOR3BB_X4M_A9TR40)                     0.053559  0.000040   0.424847 f
  u_exact_mapper/U36/Y (NOR3BB_X4M_A9TR40)                      0.063344  0.103033   0.527881 f
  u_exact_mapper/n23 (net)                      4     0.005150            0.000000   0.527881 f
  u_exact_mapper/U11/C (NAND3_X1M_A9TR40)                       0.063344  0.000017   0.527898 f
  u_exact_mapper/U11/Y (NAND3_X1M_A9TR40)                       0.117836  0.093864   0.621762 r
  u_exact_mapper/n19 (net)                      2     0.002737            0.000000   0.621762 r
  u_exact_mapper/U10/B (NAND2_X1A_A9TR40)                       0.117836  0.000021   0.621783 r
  u_exact_mapper/U10/Y (NAND2_X1A_A9TR40)                       0.095683  0.102718   0.724501 f
  u_exact_mapper/m_det_o[3]_snps (net)          3     0.003734            0.000000   0.724501 f
  u_exact_mapper/U38/AN (NAND2B_X1M_A9TR40)                     0.095683  0.000017   0.724517 f
  u_exact_mapper/U38/Y (NAND2B_X1M_A9TR40)                      0.103590  0.147161   0.871679 f
  u_exact_mapper/target_medium_therm_o[6]_snps (net)
                                                3     0.003730            0.000000   0.871679 f
  u_exact_mapper/U40/AN (NAND2B_X1M_A9TR40)                     0.103590  0.000017   0.871695 f
  u_exact_mapper/U40/Y (NAND2B_X1M_A9TR40)                      0.076402  0.139386   1.011081 f
  u_exact_mapper/target_medium_therm_o[4] (net)
                                                2     0.002660            0.000000   1.011081 f
  u_exact_mapper/U9/AN (NAND3B_X2M_A9TR40)                      0.076402  0.000020   1.011101 f
  u_exact_mapper/U9/Y (NAND3B_X2M_A9TR40)                       0.074539  0.121370   1.132471 f
  u_exact_mapper/target_medium_therm_o[3] (net)
                                                2     0.002722            0.000000   1.132471 f
  u_exact_mapper/U39/A (INV_X1M_A9TR40)                         0.074539  0.000021   1.132492 f
  u_exact_mapper/U39/Y (INV_X1M_A9TR40)                         0.096750  0.080296   1.212788 r
  u_exact_mapper/n4 (net)                       2     0.003527            0.000000   1.212788 r
  u_exact_mapper/U3/B (NAND2_X2A_A9TR40)                        0.096750  0.000033   1.212821 r
  u_exact_mapper/U3/Y (NAND2_X2A_A9TR40)                        0.079102  0.064403   1.277224 f
  u_exact_mapper/target_medium_therm_o[2] (net)
                                                2     0.002648            0.000000   1.277224 f
  u_exact_mapper/U16/AN (NAND3BB_X1M_A9TR40)                    0.079102  0.000019   1.277243 f
  u_exact_mapper/U16/Y (NAND3BB_X1M_A9TR40)                     0.146571  0.180088   1.457331 f
  u_exact_mapper/mapping_supported_o (net)      5     0.006742            0.000000   1.457331 f
  u_exact_mapper/mapping_supported_o (ftc_detection_margin_mapper)        0.000000   1.457331 f
  mapper_mapping_supported (net)                      0.006742            0.000000   1.457331 f
  U151/A (NAND2_X2A_A9TR40)                                     0.146571  0.000024   1.457355 f
  U151/Y (NAND2_X2A_A9TR40)                                     0.071978  0.073944   1.531300 r
  n38 (net)                                     2     0.002793            0.000000   1.531300 r
  U157/A (INV_X1M_A9TR40)                                       0.071978  0.000021   1.531321 r
  U157/Y (INV_X1M_A9TR40)                                       0.049106  0.054095   1.585415 f
  n137 (net)                                    2     0.002723            0.000000   1.585415 f
  U153/A (NAND2_X1M_A9TR40)                                     0.049106  0.000021   1.585436 f
  U153/Y (NAND2_X1M_A9TR40)                                     0.104671  0.064974   1.650410 r
  n44 (net)                                     2     0.002673            0.000000   1.650410 r
  U154/A (NOR2_X0P7B_A9TR40)                                    0.104671  0.000019   1.650429 r
  U154/Y (NOR2_X0P7B_A9TR40)                                    0.101529  0.102350   1.752779 f
  n42 (net)                                     2     0.002601            0.000000   1.752779 f
  U168/C (NAND3BB_X1M_A9TR40)                                   0.101529  0.000020   1.752799 f
  U168/Y (NAND3BB_X1M_A9TR40)                                   0.094724  0.086918   1.839717 r
  n21 (net)                                     1     0.002766            0.000000   1.839717 r
  U140/A (INV_X3P5B_A9TR40)                                     0.094724  0.000048   1.839765 r
  U140/Y (INV_X3P5B_A9TR40)                                     0.049558  0.058906   1.898671 f
  n163 (net)                                    5     0.006508            0.000000   1.898671 f
  U138/A (BUF_X2P5M_A9TR40)                                     0.049558  0.000017   1.898688 f
  U138/Y (BUF_X2P5M_A9TR40)                                     0.067717  0.113324   2.012012 f
  n160 (net)                                    8     0.009657            0.000000   2.012012 f
  U179/A (INV_X1M_A9TR40)                                       0.067717  0.000016   2.012028 f
  U179/Y (INV_X1M_A9TR40)                                       0.212030  0.140445   2.152473 r
  n156 (net)                                    8     0.009259            0.000000   2.152473 r
  U174/A (AND2_X0P7M_A9TR40)                                    0.212030  0.000014   2.152488 r
  U174/Y (AND2_X0P7M_A9TR40)                                    0.068477  0.166735   2.319222 r
  n144 (net)                                    1     0.001559            0.000000   2.319222 r
  target_medium_therm_q_reg[13]/D (DFFRPQ_X1M_A9TR40)           0.068477  0.000027   2.319249 r
  data arrival time                                                                  2.319249

  clock cal_clk (rise edge)                                               2.500000   2.500000
  clock network delay (ideal)                                             0.000000   2.500000
  clock uncertainty                                                       -0.050000  2.450000
  target_medium_therm_q_reg[13]/CK (DFFRPQ_X1M_A9TR40)                    0.000000   2.450000 r
  library setup time                                                      -0.073070  2.376930
  data required time                                                                 2.376930
  ----------------------------------------------------------------------------------------------
  data required time                                                                 2.376930
  data arrival time                                                                  -2.319249
  ----------------------------------------------------------------------------------------------
  slack (MET)                                                                        0.057680


  Startpoint: cal_medium_code_snapshot_i[2]
              (input port clocked by cal_clk)
  Endpoint: target_medium_therm_q_reg[12]
            (rising edge-triggered flip-flop clocked by cal_clk)
  Path Group: cal_clk
  Path Type: max

  Des/Clust/Port     Wire Load Model       Library
  ------------------------------------------------
  ftc_detection_margin_manager
                     Small                 sc9mc_logic0040ll_base_rvt_c40_ss_typical_max_0p99v_125c

  Point                                       Fanout       Cap     Trans      Incr       Path
  ----------------------------------------------------------------------------------------------
  clock cal_clk (rise edge)                                               0.000000   0.000000
  clock network delay (ideal)                                             0.000000   0.000000
  input external delay                                                    0.300000   0.300000 f
  cal_medium_code_snapshot_i[2] (in)                            0.000000  0.000000   0.300000 f
  cal_medium_code_snapshot_i[2] (net)           2     0.002777            0.000000   0.300000 f
  u_exact_mapper/cal_medium_code_snapshot_i[2] (ftc_detection_margin_mapper)
                                                                          0.000000   0.300000 f
  u_exact_mapper/cal_medium_code_snapshot_i[2] (net)  0.002777            0.000000   0.300000 f
  u_exact_mapper/U5/A (INV_X1M_A9TR40)                          0.000000  0.000021   0.300021 f
  u_exact_mapper/U5/Y (INV_X1M_A9TR40)                          0.103467  0.056512   0.356533 r
  u_exact_mapper/n31 (net)                      2     0.004140            0.000000   0.356533 r
  u_exact_mapper/U21/C (NOR4BB_X4M_A9TR40)                      0.103467  0.000041   0.356574 r
  u_exact_mapper/U21/Y (NOR4BB_X4M_A9TR40)                      0.053559  0.068233   0.424807 f
  u_exact_mapper/n30 (net)                      1     0.002307            0.000000   0.424807 f
  u_exact_mapper/U36/BN (NOR3BB_X4M_A9TR40)                     0.053559  0.000040   0.424847 f
  u_exact_mapper/U36/Y (NOR3BB_X4M_A9TR40)                      0.063344  0.103033   0.527881 f
  u_exact_mapper/n23 (net)                      4     0.005150            0.000000   0.527881 f
  u_exact_mapper/U11/C (NAND3_X1M_A9TR40)                       0.063344  0.000017   0.527898 f
  u_exact_mapper/U11/Y (NAND3_X1M_A9TR40)                       0.117836  0.093864   0.621762 r
  u_exact_mapper/n19 (net)                      2     0.002737            0.000000   0.621762 r
  u_exact_mapper/U10/B (NAND2_X1A_A9TR40)                       0.117836  0.000021   0.621783 r
  u_exact_mapper/U10/Y (NAND2_X1A_A9TR40)                       0.095683  0.102718   0.724501 f
  u_exact_mapper/m_det_o[3]_snps (net)          3     0.003734            0.000000   0.724501 f
  u_exact_mapper/U38/AN (NAND2B_X1M_A9TR40)                     0.095683  0.000017   0.724517 f
  u_exact_mapper/U38/Y (NAND2B_X1M_A9TR40)                      0.103590  0.147161   0.871679 f
  u_exact_mapper/target_medium_therm_o[6]_snps (net)
                                                3     0.003730            0.000000   0.871679 f
  u_exact_mapper/U40/AN (NAND2B_X1M_A9TR40)                     0.103590  0.000017   0.871695 f
  u_exact_mapper/U40/Y (NAND2B_X1M_A9TR40)                      0.076402  0.139386   1.011081 f
  u_exact_mapper/target_medium_therm_o[4] (net)
                                                2     0.002660            0.000000   1.011081 f
  u_exact_mapper/U9/AN (NAND3B_X2M_A9TR40)                      0.076402  0.000020   1.011101 f
  u_exact_mapper/U9/Y (NAND3B_X2M_A9TR40)                       0.074539  0.121370   1.132471 f
  u_exact_mapper/target_medium_therm_o[3] (net)
                                                2     0.002722            0.000000   1.132471 f
  u_exact_mapper/U39/A (INV_X1M_A9TR40)                         0.074539  0.000021   1.132492 f
  u_exact_mapper/U39/Y (INV_X1M_A9TR40)                         0.096750  0.080296   1.212788 r
  u_exact_mapper/n4 (net)                       2     0.003527            0.000000   1.212788 r
  u_exact_mapper/U3/B (NAND2_X2A_A9TR40)                        0.096750  0.000033   1.212821 r
  u_exact_mapper/U3/Y (NAND2_X2A_A9TR40)                        0.079102  0.064403   1.277224 f
  u_exact_mapper/target_medium_therm_o[2] (net)
                                                2     0.002648            0.000000   1.277224 f
  u_exact_mapper/U16/AN (NAND3BB_X1M_A9TR40)                    0.079102  0.000019   1.277243 f
  u_exact_mapper/U16/Y (NAND3BB_X1M_A9TR40)                     0.146571  0.180088   1.457331 f
  u_exact_mapper/mapping_supported_o (net)      5     0.006742            0.000000   1.457331 f
  u_exact_mapper/mapping_supported_o (ftc_detection_margin_mapper)        0.000000   1.457331 f
  mapper_mapping_supported (net)                      0.006742            0.000000   1.457331 f
  U151/A (NAND2_X2A_A9TR40)                                     0.146571  0.000024   1.457355 f
  U151/Y (NAND2_X2A_A9TR40)                                     0.071978  0.073944   1.531300 r
  n38 (net)                                     2     0.002793            0.000000   1.531300 r
  U157/A (INV_X1M_A9TR40)                                       0.071978  0.000021   1.531321 r
  U157/Y (INV_X1M_A9TR40)                                       0.049106  0.054095   1.585415 f
  n137 (net)                                    2     0.002723            0.000000   1.585415 f
  U153/A (NAND2_X1M_A9TR40)                                     0.049106  0.000021   1.585436 f
  U153/Y (NAND2_X1M_A9TR40)                                     0.104671  0.064974   1.650410 r
  n44 (net)                                     2     0.002673            0.000000   1.650410 r
  U154/A (NOR2_X0P7B_A9TR40)                                    0.104671  0.000019   1.650429 r
  U154/Y (NOR2_X0P7B_A9TR40)                                    0.101529  0.102350   1.752779 f
  n42 (net)                                     2     0.002601            0.000000   1.752779 f
  U168/C (NAND3BB_X1M_A9TR40)                                   0.101529  0.000020   1.752799 f
  U168/Y (NAND3BB_X1M_A9TR40)                                   0.094724  0.086918   1.839717 r
  n21 (net)                                     1     0.002766            0.000000   1.839717 r
  U140/A (INV_X3P5B_A9TR40)                                     0.094724  0.000048   1.839765 r
  U140/Y (INV_X3P5B_A9TR40)                                     0.049558  0.058906   1.898671 f
  n163 (net)                                    5     0.006508            0.000000   1.898671 f
  U138/A (BUF_X2P5M_A9TR40)                                     0.049558  0.000017   1.898688 f
  U138/Y (BUF_X2P5M_A9TR40)                                     0.067717  0.113324   2.012012 f
  n160 (net)                                    8     0.009657            0.000000   2.012012 f
  U179/A (INV_X1M_A9TR40)                                       0.067717  0.000016   2.012028 f
  U179/Y (INV_X1M_A9TR40)                                       0.212030  0.140445   2.152473 r
  n156 (net)                                    8     0.009259            0.000000   2.152473 r
  U173/A (AND2_X0P7M_A9TR40)                                    0.212030  0.000014   2.152488 r
  U173/Y (AND2_X0P7M_A9TR40)                                    0.068477  0.166735   2.319222 r
  n143 (net)                                    1     0.001559            0.000000   2.319222 r
  target_medium_therm_q_reg[12]/D (DFFRPQ_X1M_A9TR40)           0.068477  0.000027   2.319249 r
  data arrival time                                                                  2.319249

  clock cal_clk (rise edge)                                               2.500000   2.500000
  clock network delay (ideal)                                             0.000000   2.500000
  clock uncertainty                                                       -0.050000  2.450000
  target_medium_therm_q_reg[12]/CK (DFFRPQ_X1M_A9TR40)                    0.000000   2.450000 r
  library setup time                                                      -0.073070  2.376930
  data required time                                                                 2.376930
  ----------------------------------------------------------------------------------------------
  data required time                                                                 2.376930
  data arrival time                                                                  -2.319249
  ----------------------------------------------------------------------------------------------
  slack (MET)                                                                        0.057680


  Startpoint: cal_medium_code_snapshot_i[2]
              (input port clocked by cal_clk)
  Endpoint: target_medium_therm_q_reg[11]
            (rising edge-triggered flip-flop clocked by cal_clk)
  Path Group: cal_clk
  Path Type: max

  Des/Clust/Port     Wire Load Model       Library
  ------------------------------------------------
  ftc_detection_margin_manager
                     Small                 sc9mc_logic0040ll_base_rvt_c40_ss_typical_max_0p99v_125c

  Point                                       Fanout       Cap     Trans      Incr       Path
  ----------------------------------------------------------------------------------------------
  clock cal_clk (rise edge)                                               0.000000   0.000000
  clock network delay (ideal)                                             0.000000   0.000000
  input external delay                                                    0.300000   0.300000 f
  cal_medium_code_snapshot_i[2] (in)                            0.000000  0.000000   0.300000 f
  cal_medium_code_snapshot_i[2] (net)           2     0.002777            0.000000   0.300000 f
  u_exact_mapper/cal_medium_code_snapshot_i[2] (ftc_detection_margin_mapper)
                                                                          0.000000   0.300000 f
  u_exact_mapper/cal_medium_code_snapshot_i[2] (net)  0.002777            0.000000   0.300000 f
  u_exact_mapper/U5/A (INV_X1M_A9TR40)                          0.000000  0.000021   0.300021 f
  u_exact_mapper/U5/Y (INV_X1M_A9TR40)                          0.103467  0.056512   0.356533 r
  u_exact_mapper/n31 (net)                      2     0.004140            0.000000   0.356533 r
  u_exact_mapper/U21/C (NOR4BB_X4M_A9TR40)                      0.103467  0.000041   0.356574 r
  u_exact_mapper/U21/Y (NOR4BB_X4M_A9TR40)                      0.053559  0.068233   0.424807 f
  u_exact_mapper/n30 (net)                      1     0.002307            0.000000   0.424807 f
  u_exact_mapper/U36/BN (NOR3BB_X4M_A9TR40)                     0.053559  0.000040   0.424847 f
  u_exact_mapper/U36/Y (NOR3BB_X4M_A9TR40)                      0.063344  0.103033   0.527881 f
  u_exact_mapper/n23 (net)                      4     0.005150            0.000000   0.527881 f
  u_exact_mapper/U11/C (NAND3_X1M_A9TR40)                       0.063344  0.000017   0.527898 f
  u_exact_mapper/U11/Y (NAND3_X1M_A9TR40)                       0.117836  0.093864   0.621762 r
  u_exact_mapper/n19 (net)                      2     0.002737            0.000000   0.621762 r
  u_exact_mapper/U10/B (NAND2_X1A_A9TR40)                       0.117836  0.000021   0.621783 r
  u_exact_mapper/U10/Y (NAND2_X1A_A9TR40)                       0.095683  0.102718   0.724501 f
  u_exact_mapper/m_det_o[3]_snps (net)          3     0.003734            0.000000   0.724501 f
  u_exact_mapper/U38/AN (NAND2B_X1M_A9TR40)                     0.095683  0.000017   0.724517 f
  u_exact_mapper/U38/Y (NAND2B_X1M_A9TR40)                      0.103590  0.147161   0.871679 f
  u_exact_mapper/target_medium_therm_o[6]_snps (net)
                                                3     0.003730            0.000000   0.871679 f
  u_exact_mapper/U40/AN (NAND2B_X1M_A9TR40)                     0.103590  0.000017   0.871695 f
  u_exact_mapper/U40/Y (NAND2B_X1M_A9TR40)                      0.076402  0.139386   1.011081 f
  u_exact_mapper/target_medium_therm_o[4] (net)
                                                2     0.002660            0.000000   1.011081 f
  u_exact_mapper/U9/AN (NAND3B_X2M_A9TR40)                      0.076402  0.000020   1.011101 f
  u_exact_mapper/U9/Y (NAND3B_X2M_A9TR40)                       0.074539  0.121370   1.132471 f
  u_exact_mapper/target_medium_therm_o[3] (net)
                                                2     0.002722            0.000000   1.132471 f
  u_exact_mapper/U39/A (INV_X1M_A9TR40)                         0.074539  0.000021   1.132492 f
  u_exact_mapper/U39/Y (INV_X1M_A9TR40)                         0.096750  0.080296   1.212788 r
  u_exact_mapper/n4 (net)                       2     0.003527            0.000000   1.212788 r
  u_exact_mapper/U3/B (NAND2_X2A_A9TR40)                        0.096750  0.000033   1.212821 r
  u_exact_mapper/U3/Y (NAND2_X2A_A9TR40)                        0.079102  0.064403   1.277224 f
  u_exact_mapper/target_medium_therm_o[2] (net)
                                                2     0.002648            0.000000   1.277224 f
  u_exact_mapper/U16/AN (NAND3BB_X1M_A9TR40)                    0.079102  0.000019   1.277243 f
  u_exact_mapper/U16/Y (NAND3BB_X1M_A9TR40)                     0.146571  0.180088   1.457331 f
  u_exact_mapper/mapping_supported_o (net)      5     0.006742            0.000000   1.457331 f
  u_exact_mapper/mapping_supported_o (ftc_detection_margin_mapper)        0.000000   1.457331 f
  mapper_mapping_supported (net)                      0.006742            0.000000   1.457331 f
  U151/A (NAND2_X2A_A9TR40)                                     0.146571  0.000024   1.457355 f
  U151/Y (NAND2_X2A_A9TR40)                                     0.071978  0.073944   1.531300 r
  n38 (net)                                     2     0.002793            0.000000   1.531300 r
  U157/A (INV_X1M_A9TR40)                                       0.071978  0.000021   1.531321 r
  U157/Y (INV_X1M_A9TR40)                                       0.049106  0.054095   1.585415 f
  n137 (net)                                    2     0.002723            0.000000   1.585415 f
  U153/A (NAND2_X1M_A9TR40)                                     0.049106  0.000021   1.585436 f
  U153/Y (NAND2_X1M_A9TR40)                                     0.104671  0.064974   1.650410 r
  n44 (net)                                     2     0.002673            0.000000   1.650410 r
  U154/A (NOR2_X0P7B_A9TR40)                                    0.104671  0.000019   1.650429 r
  U154/Y (NOR2_X0P7B_A9TR40)                                    0.101529  0.102350   1.752779 f
  n42 (net)                                     2     0.002601            0.000000   1.752779 f
  U168/C (NAND3BB_X1M_A9TR40)                                   0.101529  0.000020   1.752799 f
  U168/Y (NAND3BB_X1M_A9TR40)                                   0.094724  0.086918   1.839717 r
  n21 (net)                                     1     0.002766            0.000000   1.839717 r
  U140/A (INV_X3P5B_A9TR40)                                     0.094724  0.000048   1.839765 r
  U140/Y (INV_X3P5B_A9TR40)                                     0.049558  0.058906   1.898671 f
  n163 (net)                                    5     0.006508            0.000000   1.898671 f
  U138/A (BUF_X2P5M_A9TR40)                                     0.049558  0.000017   1.898688 f
  U138/Y (BUF_X2P5M_A9TR40)                                     0.067717  0.113324   2.012012 f
  n160 (net)                                    8     0.009657            0.000000   2.012012 f
  U179/A (INV_X1M_A9TR40)                                       0.067717  0.000016   2.012028 f
  U179/Y (INV_X1M_A9TR40)                                       0.212030  0.140445   2.152473 r
  n156 (net)                                    8     0.009259            0.000000   2.152473 r
  U172/A (AND2_X0P7M_A9TR40)                                    0.212030  0.000014   2.152488 r
  U172/Y (AND2_X0P7M_A9TR40)                                    0.068477  0.166735   2.319222 r
  n142 (net)                                    1     0.001559            0.000000   2.319222 r
  target_medium_therm_q_reg[11]/D (DFFRPQ_X1M_A9TR40)           0.068477  0.000027   2.319249 r
  data arrival time                                                                  2.319249

  clock cal_clk (rise edge)                                               2.500000   2.500000
  clock network delay (ideal)                                             0.000000   2.500000
  clock uncertainty                                                       -0.050000  2.450000
  target_medium_therm_q_reg[11]/CK (DFFRPQ_X1M_A9TR40)                    0.000000   2.450000 r
  library setup time                                                      -0.073070  2.376930
  data required time                                                                 2.376930
  ----------------------------------------------------------------------------------------------
  data required time                                                                 2.376930
  data arrival time                                                                  -2.319249
  ----------------------------------------------------------------------------------------------
  slack (MET)                                                                        0.057680


  Startpoint: cal_medium_code_snapshot_i[2]
              (input port clocked by cal_clk)
  Endpoint: target_medium_therm_q_reg[10]
            (rising edge-triggered flip-flop clocked by cal_clk)
  Path Group: cal_clk
  Path Type: max

  Des/Clust/Port     Wire Load Model       Library
  ------------------------------------------------
  ftc_detection_margin_manager
                     Small                 sc9mc_logic0040ll_base_rvt_c40_ss_typical_max_0p99v_125c

  Point                                       Fanout       Cap     Trans      Incr       Path
  ----------------------------------------------------------------------------------------------
  clock cal_clk (rise edge)                                               0.000000   0.000000
  clock network delay (ideal)                                             0.000000   0.000000
  input external delay                                                    0.300000   0.300000 f
  cal_medium_code_snapshot_i[2] (in)                            0.000000  0.000000   0.300000 f
  cal_medium_code_snapshot_i[2] (net)           2     0.002777            0.000000   0.300000 f
  u_exact_mapper/cal_medium_code_snapshot_i[2] (ftc_detection_margin_mapper)
                                                                          0.000000   0.300000 f
  u_exact_mapper/cal_medium_code_snapshot_i[2] (net)  0.002777            0.000000   0.300000 f
  u_exact_mapper/U5/A (INV_X1M_A9TR40)                          0.000000  0.000021   0.300021 f
  u_exact_mapper/U5/Y (INV_X1M_A9TR40)                          0.103467  0.056512   0.356533 r
  u_exact_mapper/n31 (net)                      2     0.004140            0.000000   0.356533 r
  u_exact_mapper/U21/C (NOR4BB_X4M_A9TR40)                      0.103467  0.000041   0.356574 r
  u_exact_mapper/U21/Y (NOR4BB_X4M_A9TR40)                      0.053559  0.068233   0.424807 f
  u_exact_mapper/n30 (net)                      1     0.002307            0.000000   0.424807 f
  u_exact_mapper/U36/BN (NOR3BB_X4M_A9TR40)                     0.053559  0.000040   0.424847 f
  u_exact_mapper/U36/Y (NOR3BB_X4M_A9TR40)                      0.063344  0.103033   0.527881 f
  u_exact_mapper/n23 (net)                      4     0.005150            0.000000   0.527881 f
  u_exact_mapper/U11/C (NAND3_X1M_A9TR40)                       0.063344  0.000017   0.527898 f
  u_exact_mapper/U11/Y (NAND3_X1M_A9TR40)                       0.117836  0.093864   0.621762 r
  u_exact_mapper/n19 (net)                      2     0.002737            0.000000   0.621762 r
  u_exact_mapper/U10/B (NAND2_X1A_A9TR40)                       0.117836  0.000021   0.621783 r
  u_exact_mapper/U10/Y (NAND2_X1A_A9TR40)                       0.095683  0.102718   0.724501 f
  u_exact_mapper/m_det_o[3]_snps (net)          3     0.003734            0.000000   0.724501 f
  u_exact_mapper/U38/AN (NAND2B_X1M_A9TR40)                     0.095683  0.000017   0.724517 f
  u_exact_mapper/U38/Y (NAND2B_X1M_A9TR40)                      0.103590  0.147161   0.871679 f
  u_exact_mapper/target_medium_therm_o[6]_snps (net)
                                                3     0.003730            0.000000   0.871679 f
  u_exact_mapper/U40/AN (NAND2B_X1M_A9TR40)                     0.103590  0.000017   0.871695 f
  u_exact_mapper/U40/Y (NAND2B_X1M_A9TR40)                      0.076402  0.139386   1.011081 f
  u_exact_mapper/target_medium_therm_o[4] (net)
                                                2     0.002660            0.000000   1.011081 f
  u_exact_mapper/U9/AN (NAND3B_X2M_A9TR40)                      0.076402  0.000020   1.011101 f
  u_exact_mapper/U9/Y (NAND3B_X2M_A9TR40)                       0.074539  0.121370   1.132471 f
  u_exact_mapper/target_medium_therm_o[3] (net)
                                                2     0.002722            0.000000   1.132471 f
  u_exact_mapper/U39/A (INV_X1M_A9TR40)                         0.074539  0.000021   1.132492 f
  u_exact_mapper/U39/Y (INV_X1M_A9TR40)                         0.096750  0.080296   1.212788 r
  u_exact_mapper/n4 (net)                       2     0.003527            0.000000   1.212788 r
  u_exact_mapper/U3/B (NAND2_X2A_A9TR40)                        0.096750  0.000033   1.212821 r
  u_exact_mapper/U3/Y (NAND2_X2A_A9TR40)                        0.079102  0.064403   1.277224 f
  u_exact_mapper/target_medium_therm_o[2] (net)
                                                2     0.002648            0.000000   1.277224 f
  u_exact_mapper/U16/AN (NAND3BB_X1M_A9TR40)                    0.079102  0.000019   1.277243 f
  u_exact_mapper/U16/Y (NAND3BB_X1M_A9TR40)                     0.146571  0.180088   1.457331 f
  u_exact_mapper/mapping_supported_o (net)      5     0.006742            0.000000   1.457331 f
  u_exact_mapper/mapping_supported_o (ftc_detection_margin_mapper)        0.000000   1.457331 f
  mapper_mapping_supported (net)                      0.006742            0.000000   1.457331 f
  U151/A (NAND2_X2A_A9TR40)                                     0.146571  0.000024   1.457355 f
  U151/Y (NAND2_X2A_A9TR40)                                     0.071978  0.073944   1.531300 r
  n38 (net)                                     2     0.002793            0.000000   1.531300 r
  U157/A (INV_X1M_A9TR40)                                       0.071978  0.000021   1.531321 r
  U157/Y (INV_X1M_A9TR40)                                       0.049106  0.054095   1.585415 f
  n137 (net)                                    2     0.002723            0.000000   1.585415 f
  U153/A (NAND2_X1M_A9TR40)                                     0.049106  0.000021   1.585436 f
  U153/Y (NAND2_X1M_A9TR40)                                     0.104671  0.064974   1.650410 r
  n44 (net)                                     2     0.002673            0.000000   1.650410 r
  U154/A (NOR2_X0P7B_A9TR40)                                    0.104671  0.000019   1.650429 r
  U154/Y (NOR2_X0P7B_A9TR40)                                    0.101529  0.102350   1.752779 f
  n42 (net)                                     2     0.002601            0.000000   1.752779 f
  U168/C (NAND3BB_X1M_A9TR40)                                   0.101529  0.000020   1.752799 f
  U168/Y (NAND3BB_X1M_A9TR40)                                   0.094724  0.086918   1.839717 r
  n21 (net)                                     1     0.002766            0.000000   1.839717 r
  U140/A (INV_X3P5B_A9TR40)                                     0.094724  0.000048   1.839765 r
  U140/Y (INV_X3P5B_A9TR40)                                     0.049558  0.058906   1.898671 f
  n163 (net)                                    5     0.006508            0.000000   1.898671 f
  U138/A (BUF_X2P5M_A9TR40)                                     0.049558  0.000017   1.898688 f
  U138/Y (BUF_X2P5M_A9TR40)                                     0.067717  0.113324   2.012012 f
  n160 (net)                                    8     0.009657            0.000000   2.012012 f
  U179/A (INV_X1M_A9TR40)                                       0.067717  0.000016   2.012028 f
  U179/Y (INV_X1M_A9TR40)                                       0.212030  0.140445   2.152473 r
  n156 (net)                                    8     0.009259            0.000000   2.152473 r
  U171/A (AND2_X0P7M_A9TR40)                                    0.212030  0.000014   2.152488 r
  U171/Y (AND2_X0P7M_A9TR40)                                    0.068477  0.166735   2.319222 r
  n141 (net)                                    1     0.001559            0.000000   2.319222 r
  target_medium_therm_q_reg[10]/D (DFFRPQ_X1M_A9TR40)           0.068477  0.000027   2.319249 r
  data arrival time                                                                  2.319249

  clock cal_clk (rise edge)                                               2.500000   2.500000
  clock network delay (ideal)                                             0.000000   2.500000
  clock uncertainty                                                       -0.050000  2.450000
  target_medium_therm_q_reg[10]/CK (DFFRPQ_X1M_A9TR40)                    0.000000   2.450000 r
  library setup time                                                      -0.073070  2.376930
  data required time                                                                 2.376930
  ----------------------------------------------------------------------------------------------
  data required time                                                                 2.376930
  data arrival time                                                                  -2.319249
  ----------------------------------------------------------------------------------------------
  slack (MET)                                                                        0.057680


  Startpoint: cal_medium_code_snapshot_i[2]
              (input port clocked by cal_clk)
  Endpoint: target_medium_therm_q_reg[9]
            (rising edge-triggered flip-flop clocked by cal_clk)
  Path Group: cal_clk
  Path Type: max

  Des/Clust/Port     Wire Load Model       Library
  ------------------------------------------------
  ftc_detection_margin_manager
                     Small                 sc9mc_logic0040ll_base_rvt_c40_ss_typical_max_0p99v_125c

  Point                                       Fanout       Cap     Trans      Incr       Path
  ----------------------------------------------------------------------------------------------
  clock cal_clk (rise edge)                                               0.000000   0.000000
  clock network delay (ideal)                                             0.000000   0.000000
  input external delay                                                    0.300000   0.300000 f
  cal_medium_code_snapshot_i[2] (in)                            0.000000  0.000000   0.300000 f
  cal_medium_code_snapshot_i[2] (net)           2     0.002777            0.000000   0.300000 f
  u_exact_mapper/cal_medium_code_snapshot_i[2] (ftc_detection_margin_mapper)
                                                                          0.000000   0.300000 f
  u_exact_mapper/cal_medium_code_snapshot_i[2] (net)  0.002777            0.000000   0.300000 f
  u_exact_mapper/U5/A (INV_X1M_A9TR40)                          0.000000  0.000021   0.300021 f
  u_exact_mapper/U5/Y (INV_X1M_A9TR40)                          0.103467  0.056512   0.356533 r
  u_exact_mapper/n31 (net)                      2     0.004140            0.000000   0.356533 r
  u_exact_mapper/U21/C (NOR4BB_X4M_A9TR40)                      0.103467  0.000041   0.356574 r
  u_exact_mapper/U21/Y (NOR4BB_X4M_A9TR40)                      0.053559  0.068233   0.424807 f
  u_exact_mapper/n30 (net)                      1     0.002307            0.000000   0.424807 f
  u_exact_mapper/U36/BN (NOR3BB_X4M_A9TR40)                     0.053559  0.000040   0.424847 f
  u_exact_mapper/U36/Y (NOR3BB_X4M_A9TR40)                      0.063344  0.103033   0.527881 f
  u_exact_mapper/n23 (net)                      4     0.005150            0.000000   0.527881 f
  u_exact_mapper/U11/C (NAND3_X1M_A9TR40)                       0.063344  0.000017   0.527898 f
  u_exact_mapper/U11/Y (NAND3_X1M_A9TR40)                       0.117836  0.093864   0.621762 r
  u_exact_mapper/n19 (net)                      2     0.002737            0.000000   0.621762 r
  u_exact_mapper/U10/B (NAND2_X1A_A9TR40)                       0.117836  0.000021   0.621783 r
  u_exact_mapper/U10/Y (NAND2_X1A_A9TR40)                       0.095683  0.102718   0.724501 f
  u_exact_mapper/m_det_o[3]_snps (net)          3     0.003734            0.000000   0.724501 f
  u_exact_mapper/U38/AN (NAND2B_X1M_A9TR40)                     0.095683  0.000017   0.724517 f
  u_exact_mapper/U38/Y (NAND2B_X1M_A9TR40)                      0.103590  0.147161   0.871679 f
  u_exact_mapper/target_medium_therm_o[6]_snps (net)
                                                3     0.003730            0.000000   0.871679 f
  u_exact_mapper/U40/AN (NAND2B_X1M_A9TR40)                     0.103590  0.000017   0.871695 f
  u_exact_mapper/U40/Y (NAND2B_X1M_A9TR40)                      0.076402  0.139386   1.011081 f
  u_exact_mapper/target_medium_therm_o[4] (net)
                                                2     0.002660            0.000000   1.011081 f
  u_exact_mapper/U9/AN (NAND3B_X2M_A9TR40)                      0.076402  0.000020   1.011101 f
  u_exact_mapper/U9/Y (NAND3B_X2M_A9TR40)                       0.074539  0.121370   1.132471 f
  u_exact_mapper/target_medium_therm_o[3] (net)
                                                2     0.002722            0.000000   1.132471 f
  u_exact_mapper/U39/A (INV_X1M_A9TR40)                         0.074539  0.000021   1.132492 f
  u_exact_mapper/U39/Y (INV_X1M_A9TR40)                         0.096750  0.080296   1.212788 r
  u_exact_mapper/n4 (net)                       2     0.003527            0.000000   1.212788 r
  u_exact_mapper/U3/B (NAND2_X2A_A9TR40)                        0.096750  0.000033   1.212821 r
  u_exact_mapper/U3/Y (NAND2_X2A_A9TR40)                        0.079102  0.064403   1.277224 f
  u_exact_mapper/target_medium_therm_o[2] (net)
                                                2     0.002648            0.000000   1.277224 f
  u_exact_mapper/U16/AN (NAND3BB_X1M_A9TR40)                    0.079102  0.000019   1.277243 f
  u_exact_mapper/U16/Y (NAND3BB_X1M_A9TR40)                     0.146571  0.180088   1.457331 f
  u_exact_mapper/mapping_supported_o (net)      5     0.006742            0.000000   1.457331 f
  u_exact_mapper/mapping_supported_o (ftc_detection_margin_mapper)        0.000000   1.457331 f
  mapper_mapping_supported (net)                      0.006742            0.000000   1.457331 f
  U151/A (NAND2_X2A_A9TR40)                                     0.146571  0.000024   1.457355 f
  U151/Y (NAND2_X2A_A9TR40)                                     0.071978  0.073944   1.531300 r
  n38 (net)                                     2     0.002793            0.000000   1.531300 r
  U157/A (INV_X1M_A9TR40)                                       0.071978  0.000021   1.531321 r
  U157/Y (INV_X1M_A9TR40)                                       0.049106  0.054095   1.585415 f
  n137 (net)                                    2     0.002723            0.000000   1.585415 f
  U153/A (NAND2_X1M_A9TR40)                                     0.049106  0.000021   1.585436 f
  U153/Y (NAND2_X1M_A9TR40)                                     0.104671  0.064974   1.650410 r
  n44 (net)                                     2     0.002673            0.000000   1.650410 r
  U154/A (NOR2_X0P7B_A9TR40)                                    0.104671  0.000019   1.650429 r
  U154/Y (NOR2_X0P7B_A9TR40)                                    0.101529  0.102350   1.752779 f
  n42 (net)                                     2     0.002601            0.000000   1.752779 f
  U168/C (NAND3BB_X1M_A9TR40)                                   0.101529  0.000020   1.752799 f
  U168/Y (NAND3BB_X1M_A9TR40)                                   0.094724  0.086918   1.839717 r
  n21 (net)                                     1     0.002766            0.000000   1.839717 r
  U140/A (INV_X3P5B_A9TR40)                                     0.094724  0.000048   1.839765 r
  U140/Y (INV_X3P5B_A9TR40)                                     0.049558  0.058906   1.898671 f
  n163 (net)                                    5     0.006508            0.000000   1.898671 f
  U138/A (BUF_X2P5M_A9TR40)                                     0.049558  0.000017   1.898688 f
  U138/Y (BUF_X2P5M_A9TR40)                                     0.067717  0.113324   2.012012 f
  n160 (net)                                    8     0.009657            0.000000   2.012012 f
  U179/A (INV_X1M_A9TR40)                                       0.067717  0.000016   2.012028 f
  U179/Y (INV_X1M_A9TR40)                                       0.212030  0.140445   2.152473 r
  n156 (net)                                    8     0.009259            0.000000   2.152473 r
  U170/A (AND2_X0P7M_A9TR40)                                    0.212030  0.000014   2.152488 r
  U170/Y (AND2_X0P7M_A9TR40)                                    0.068477  0.166735   2.319222 r
  n140 (net)                                    1     0.001559            0.000000   2.319222 r
  target_medium_therm_q_reg[9]/D (DFFRPQ_X1M_A9TR40)            0.068477  0.000027   2.319249 r
  data arrival time                                                                  2.319249

  clock cal_clk (rise edge)                                               2.500000   2.500000
  clock network delay (ideal)                                             0.000000   2.500000
  clock uncertainty                                                       -0.050000  2.450000
  target_medium_therm_q_reg[9]/CK (DFFRPQ_X1M_A9TR40)                     0.000000   2.450000 r
  library setup time                                                      -0.073070  2.376930
  data required time                                                                 2.376930
  ----------------------------------------------------------------------------------------------
  data required time                                                                 2.376930
  data arrival time                                                                  -2.319249
  ----------------------------------------------------------------------------------------------
  slack (MET)                                                                        0.057680


  Startpoint: cal_medium_code_snapshot_i[2]
              (input port clocked by cal_clk)
  Endpoint: target_medium_therm_q_reg[8]
            (rising edge-triggered flip-flop clocked by cal_clk)
  Path Group: cal_clk
  Path Type: max

  Des/Clust/Port     Wire Load Model       Library
  ------------------------------------------------
  ftc_detection_margin_manager
                     Small                 sc9mc_logic0040ll_base_rvt_c40_ss_typical_max_0p99v_125c

  Point                                       Fanout       Cap     Trans      Incr       Path
  ----------------------------------------------------------------------------------------------
  clock cal_clk (rise edge)                                               0.000000   0.000000
  clock network delay (ideal)                                             0.000000   0.000000
  input external delay                                                    0.300000   0.300000 f
  cal_medium_code_snapshot_i[2] (in)                            0.000000  0.000000   0.300000 f
  cal_medium_code_snapshot_i[2] (net)           2     0.002777            0.000000   0.300000 f
  u_exact_mapper/cal_medium_code_snapshot_i[2] (ftc_detection_margin_mapper)
                                                                          0.000000   0.300000 f
  u_exact_mapper/cal_medium_code_snapshot_i[2] (net)  0.002777            0.000000   0.300000 f
  u_exact_mapper/U5/A (INV_X1M_A9TR40)                          0.000000  0.000021   0.300021 f
  u_exact_mapper/U5/Y (INV_X1M_A9TR40)                          0.103467  0.056512   0.356533 r
  u_exact_mapper/n31 (net)                      2     0.004140            0.000000   0.356533 r
  u_exact_mapper/U21/C (NOR4BB_X4M_A9TR40)                      0.103467  0.000041   0.356574 r
  u_exact_mapper/U21/Y (NOR4BB_X4M_A9TR40)                      0.053559  0.068233   0.424807 f
  u_exact_mapper/n30 (net)                      1     0.002307            0.000000   0.424807 f
  u_exact_mapper/U36/BN (NOR3BB_X4M_A9TR40)                     0.053559  0.000040   0.424847 f
  u_exact_mapper/U36/Y (NOR3BB_X4M_A9TR40)                      0.063344  0.103033   0.527881 f
  u_exact_mapper/n23 (net)                      4     0.005150            0.000000   0.527881 f
  u_exact_mapper/U11/C (NAND3_X1M_A9TR40)                       0.063344  0.000017   0.527898 f
  u_exact_mapper/U11/Y (NAND3_X1M_A9TR40)                       0.117836  0.093864   0.621762 r
  u_exact_mapper/n19 (net)                      2     0.002737            0.000000   0.621762 r
  u_exact_mapper/U10/B (NAND2_X1A_A9TR40)                       0.117836  0.000021   0.621783 r
  u_exact_mapper/U10/Y (NAND2_X1A_A9TR40)                       0.095683  0.102718   0.724501 f
  u_exact_mapper/m_det_o[3]_snps (net)          3     0.003734            0.000000   0.724501 f
  u_exact_mapper/U38/AN (NAND2B_X1M_A9TR40)                     0.095683  0.000017   0.724517 f
  u_exact_mapper/U38/Y (NAND2B_X1M_A9TR40)                      0.103590  0.147161   0.871679 f
  u_exact_mapper/target_medium_therm_o[6]_snps (net)
                                                3     0.003730            0.000000   0.871679 f
  u_exact_mapper/U40/AN (NAND2B_X1M_A9TR40)                     0.103590  0.000017   0.871695 f
  u_exact_mapper/U40/Y (NAND2B_X1M_A9TR40)                      0.076402  0.139386   1.011081 f
  u_exact_mapper/target_medium_therm_o[4] (net)
                                                2     0.002660            0.000000   1.011081 f
  u_exact_mapper/U9/AN (NAND3B_X2M_A9TR40)                      0.076402  0.000020   1.011101 f
  u_exact_mapper/U9/Y (NAND3B_X2M_A9TR40)                       0.074539  0.121370   1.132471 f
  u_exact_mapper/target_medium_therm_o[3] (net)
                                                2     0.002722            0.000000   1.132471 f
  u_exact_mapper/U39/A (INV_X1M_A9TR40)                         0.074539  0.000021   1.132492 f
  u_exact_mapper/U39/Y (INV_X1M_A9TR40)                         0.096750  0.080296   1.212788 r
  u_exact_mapper/n4 (net)                       2     0.003527            0.000000   1.212788 r
  u_exact_mapper/U3/B (NAND2_X2A_A9TR40)                        0.096750  0.000033   1.212821 r
  u_exact_mapper/U3/Y (NAND2_X2A_A9TR40)                        0.079102  0.064403   1.277224 f
  u_exact_mapper/target_medium_therm_o[2] (net)
                                                2     0.002648            0.000000   1.277224 f
  u_exact_mapper/U16/AN (NAND3BB_X1M_A9TR40)                    0.079102  0.000019   1.277243 f
  u_exact_mapper/U16/Y (NAND3BB_X1M_A9TR40)                     0.146571  0.180088   1.457331 f
  u_exact_mapper/mapping_supported_o (net)      5     0.006742            0.000000   1.457331 f
  u_exact_mapper/mapping_supported_o (ftc_detection_margin_mapper)        0.000000   1.457331 f
  mapper_mapping_supported (net)                      0.006742            0.000000   1.457331 f
  U151/A (NAND2_X2A_A9TR40)                                     0.146571  0.000024   1.457355 f
  U151/Y (NAND2_X2A_A9TR40)                                     0.071978  0.073944   1.531300 r
  n38 (net)                                     2     0.002793            0.000000   1.531300 r
  U157/A (INV_X1M_A9TR40)                                       0.071978  0.000021   1.531321 r
  U157/Y (INV_X1M_A9TR40)                                       0.049106  0.054095   1.585415 f
  n137 (net)                                    2     0.002723            0.000000   1.585415 f
  U153/A (NAND2_X1M_A9TR40)                                     0.049106  0.000021   1.585436 f
  U153/Y (NAND2_X1M_A9TR40)                                     0.104671  0.064974   1.650410 r
  n44 (net)                                     2     0.002673            0.000000   1.650410 r
  U154/A (NOR2_X0P7B_A9TR40)                                    0.104671  0.000019   1.650429 r
  U154/Y (NOR2_X0P7B_A9TR40)                                    0.101529  0.102350   1.752779 f
  n42 (net)                                     2     0.002601            0.000000   1.752779 f
  U168/C (NAND3BB_X1M_A9TR40)                                   0.101529  0.000020   1.752799 f
  U168/Y (NAND3BB_X1M_A9TR40)                                   0.094724  0.086918   1.839717 r
  n21 (net)                                     1     0.002766            0.000000   1.839717 r
  U140/A (INV_X3P5B_A9TR40)                                     0.094724  0.000048   1.839765 r
  U140/Y (INV_X3P5B_A9TR40)                                     0.049558  0.058906   1.898671 f
  n163 (net)                                    5     0.006508            0.000000   1.898671 f
  U135/A (BUF_X1P2M_A9TR40)                                     0.049558  0.000015   1.898687 f
  U135/Y (BUF_X1P2M_A9TR40)                                     0.098309  0.141112   2.039799 f
  n136 (net)                                    6     0.008331            0.000000   2.039799 f
  U145/A (INV_X3M_A9TR40)                                       0.098309  0.000030   2.039829 f
  U145/Y (INV_X3M_A9TR40)                                       0.139903  0.111621   2.151450 r
  n155 (net)                                   16     0.018370            0.000000   2.151450 r
  U177/A (AND2_X0P5M_A9TR40)                                    0.139903  0.000013   2.151464 r
  U177/Y (AND2_X0P5M_A9TR40)                                    0.083225  0.150155   2.301618 r
  n139 (net)                                    1     0.001559            0.000000   2.301618 r
  target_medium_therm_q_reg[8]/D (DFFRPQ_X1M_A9TR40)            0.083225  0.000027   2.301645 r
  data arrival time                                                                  2.301645

  clock cal_clk (rise edge)                                               2.500000   2.500000
  clock network delay (ideal)                                             0.000000   2.500000
  clock uncertainty                                                       -0.050000  2.450000
  target_medium_therm_q_reg[8]/CK (DFFRPQ_X1M_A9TR40)                     0.000000   2.450000 r
  library setup time                                                      -0.077313  2.372687
  data required time                                                                 2.372687
  ----------------------------------------------------------------------------------------------
  data required time                                                                 2.372687
  data arrival time                                                                  -2.301645
  ----------------------------------------------------------------------------------------------
  slack (MET)                                                                        0.071042


1
