Information: Updating design information... (UID-85)
 
****************************************
Report : timing
        -path full
        -delay max
        -input_pins
        -nets
        -max_paths 50
        -transition_time
        -capacitance
Design : ftc_detection_margin_manager
Version: W-2024.09
Date   : Sun Aug 23 13:28:06 2026
****************************************

Operating Conditions: ss_typical_max_0p99v_125c   Library: sc9mc_logic0040ll_base_rvt_c40_ss_typical_max_0p99v_125c
Wire Load Model Mode: top

  Startpoint: margin_sel_i[1]
              (input port clocked by cal_clk)
  Endpoint: m_det_q_reg[2]
            (rising edge-triggered flip-flop clocked by cal_clk)
  Path Group: cal_clk
  Path Type: max

  Des/Clust/Port     Wire Load Model       Library
  ------------------------------------------------
  ftc_detection_margin_manager
                     Small                 sc9mc_logic0040ll_base_rvt_c40_ss_typical_max_0p99v_125c

  Point                                       Fanout       Cap     Trans      Incr       Path
  ----------------------------------------------------------------------------------------------
  clock cal_clk (rise edge)                                               0.000000   0.000000
  clock network delay (ideal)                                             0.000000   0.000000
  input external delay                                                    0.500000   0.500000 f
  margin_sel_i[1] (in)                                          0.000000  0.000000   0.500000 f
  margin_sel_i[1] (net)                         5     0.007288            0.000000   0.500000 f
  u_exact_mapper/margin_sel_i[1] (ftc_detection_margin_mapper)            0.000000   0.500000 f
  u_exact_mapper/margin_sel_i[1] (net)                0.007288            0.000000   0.500000 f
  u_exact_mapper/U15/A (NOR2_X2A_A9TR40)                        0.000000  0.000023   0.500023 f
  u_exact_mapper/U15/Y (NOR2_X2A_A9TR40)                        0.140056  0.084422   0.584445 r
  u_exact_mapper/n26 (net)                      4     0.005291            0.000000   0.584445 r
  u_exact_mapper/U11/B (NAND3_X1M_A9TR40)                       0.140056  0.000017   0.584462 r
  u_exact_mapper/U11/Y (NAND3_X1M_A9TR40)                       0.105809  0.117497   0.701959 f
  u_exact_mapper/n19 (net)                      2     0.002663            0.000000   0.701959 f
  u_exact_mapper/U10/B (NAND2_X1A_A9TR40)                       0.105809  0.000020   0.701980 f
  u_exact_mapper/U10/Y (NAND2_X1A_A9TR40)                       0.108649  0.097643   0.799623 r
  u_exact_mapper/m_det_o[3]_snps (net)          3     0.003730            0.000000   0.799623 r
  u_exact_mapper/U38/AN (NAND2B_X1M_A9TR40)                     0.108649  0.000017   0.799640 r
  u_exact_mapper/U38/Y (NAND2B_X1M_A9TR40)                      0.127347  0.140179   0.939818 r
  u_exact_mapper/target_medium_therm_o[6]_snps (net)
                                                3     0.003752            0.000000   0.939818 r
  u_exact_mapper/U40/AN (NAND2B_X1M_A9TR40)                     0.127347  0.000017   0.939835 r
  u_exact_mapper/U40/Y (NAND2B_X1M_A9TR40)                      0.088074  0.135782   1.075618 r
  u_exact_mapper/target_medium_therm_o[4] (net)
                                                2     0.002678            0.000000   1.075618 r
  u_exact_mapper/U9/AN (NAND3B_X2M_A9TR40)                      0.088074  0.000020   1.075637 r
  u_exact_mapper/U9/Y (NAND3B_X2M_A9TR40)                       0.092041  0.109983   1.185620 r
  u_exact_mapper/target_medium_therm_o[3] (net)
                                                2     0.002755            0.000000   1.185620 r
  u_exact_mapper/U39/A (INV_X1M_A9TR40)                         0.092041  0.000021   1.185641 r
  u_exact_mapper/U39/Y (INV_X1M_A9TR40)                         0.060643  0.066249   1.251890 f
  u_exact_mapper/n4 (net)                       2     0.003397            0.000000   1.251890 f
  u_exact_mapper/U3/B (NAND2_X2A_A9TR40)                        0.060643  0.000031   1.251922 f
  u_exact_mapper/U3/Y (NAND2_X2A_A9TR40)                        0.076469  0.051822   1.303743 r
  u_exact_mapper/target_medium_therm_o[2] (net)
                                                2     0.002673            0.000000   1.303743 r
  u_exact_mapper/U16/AN (NAND3BB_X1M_A9TR40)                    0.076469  0.000020   1.303763 r
  u_exact_mapper/U16/Y (NAND3BB_X1M_A9TR40)                     0.177340  0.165037   1.468800 r
  u_exact_mapper/mapping_supported_o (net)      5     0.006760            0.000000   1.468800 r
  u_exact_mapper/mapping_supported_o (ftc_detection_margin_mapper)        0.000000   1.468800 r
  mapper_mapping_supported (net)                      0.006760            0.000000   1.468800 r
  U151/A (NAND2_X2A_A9TR40)                                     0.177340  0.000024   1.468824 r
  U151/Y (NAND2_X2A_A9TR40)                                     0.071609  0.079464   1.548287 f
  n38 (net)                                     2     0.002770            0.000000   1.548287 f
  U157/A (INV_X1M_A9TR40)                                       0.071609  0.000021   1.548308 f
  U157/Y (INV_X1M_A9TR40)                                       0.081496  0.070956   1.619264 r
  n137 (net)                                    2     0.002787            0.000000   1.619264 r
  U153/A (NAND2_X1M_A9TR40)                                     0.081496  0.000021   1.619285 r
  U153/Y (NAND2_X1M_A9TR40)                                     0.082906  0.068508   1.687793 f
  n44 (net)                                     2     0.002659            0.000000   1.687793 f
  U154/A (NOR2_X0P7B_A9TR40)                                    0.082906  0.000019   1.687812 f
  U154/Y (NOR2_X0P7B_A9TR40)                                    0.152263  0.115691   1.803502 r
  n42 (net)                                     2     0.002695            0.000000   1.803502 r
  U168/C (NAND3BB_X1M_A9TR40)                                   0.152263  0.000021   1.803523 r
  U168/Y (NAND3BB_X1M_A9TR40)                                   0.081266  0.101753   1.905276 f
  n21 (net)                                     1     0.002728            0.000000   1.905276 f
  U140/A (INV_X3P5B_A9TR40)                                     0.081266  0.000047   1.905323 f
  U140/Y (INV_X3P5B_A9TR40)                                     0.054964  0.054273   1.959595 r
  n163 (net)                                    5     0.006586            0.000000   1.959595 r
  U156/A (BUFH_X1M_A9TR40)                                      0.054964  0.000017   1.959613 r
  U156/Y (BUFH_X1M_A9TR40)                                      0.050867  0.076323   2.035936 r
  n157 (net)                                    1     0.001602            0.000000   2.035936 r
  U182/A (BUFH_X1M_A9TR40)                                      0.050867  0.000028   2.035964 r
  U182/Y (BUFH_X1M_A9TR40)                                      0.161676  0.132216   2.168180 r
  n161 (net)                                    6     0.007067            0.000000   2.168180 r
  U100/A1 (AO22_X0P5M_A9TR40)                                   0.161676  0.000015   2.168194 r
  U100/Y (AO22_X0P5M_A9TR40)                                    0.092082  0.200750   2.368944 r
  n122 (net)                                    1     0.001559            0.000000   2.368944 r
  m_det_q_reg[2]/D (DFFRPQ_X1M_A9TR40)                          0.092082  0.000027   2.368971 r
  data arrival time                                                                  2.368971

  clock cal_clk (rise edge)                                               2.500000   2.500000
  clock network delay (ideal)                                             0.000000   2.500000
  clock uncertainty                                                       -0.050000  2.450000
  m_det_q_reg[2]/CK (DFFRPQ_X1M_A9TR40)                                   0.000000   2.450000 r
  library setup time                                                      -0.079861  2.370139
  data required time                                                                 2.370139
  ----------------------------------------------------------------------------------------------
  data required time                                                                 2.370139
  data arrival time                                                                  -2.368971
  ----------------------------------------------------------------------------------------------
  slack (MET)                                                                        0.001168


  Startpoint: margin_sel_i[1]
              (input port clocked by cal_clk)
  Endpoint: m_det_q_reg[1]
            (rising edge-triggered flip-flop clocked by cal_clk)
  Path Group: cal_clk
  Path Type: max

  Des/Clust/Port     Wire Load Model       Library
  ------------------------------------------------
  ftc_detection_margin_manager
                     Small                 sc9mc_logic0040ll_base_rvt_c40_ss_typical_max_0p99v_125c

  Point                                       Fanout       Cap     Trans      Incr       Path
  ----------------------------------------------------------------------------------------------
  clock cal_clk (rise edge)                                               0.000000   0.000000
  clock network delay (ideal)                                             0.000000   0.000000
  input external delay                                                    0.500000   0.500000 f
  margin_sel_i[1] (in)                                          0.000000  0.000000   0.500000 f
  margin_sel_i[1] (net)                         5     0.007288            0.000000   0.500000 f
  u_exact_mapper/margin_sel_i[1] (ftc_detection_margin_mapper)            0.000000   0.500000 f
  u_exact_mapper/margin_sel_i[1] (net)                0.007288            0.000000   0.500000 f
  u_exact_mapper/U15/A (NOR2_X2A_A9TR40)                        0.000000  0.000023   0.500023 f
  u_exact_mapper/U15/Y (NOR2_X2A_A9TR40)                        0.140056  0.084422   0.584445 r
  u_exact_mapper/n26 (net)                      4     0.005291            0.000000   0.584445 r
  u_exact_mapper/U11/B (NAND3_X1M_A9TR40)                       0.140056  0.000017   0.584462 r
  u_exact_mapper/U11/Y (NAND3_X1M_A9TR40)                       0.105809  0.117497   0.701959 f
  u_exact_mapper/n19 (net)                      2     0.002663            0.000000   0.701959 f
  u_exact_mapper/U10/B (NAND2_X1A_A9TR40)                       0.105809  0.000020   0.701980 f
  u_exact_mapper/U10/Y (NAND2_X1A_A9TR40)                       0.108649  0.097643   0.799623 r
  u_exact_mapper/m_det_o[3]_snps (net)          3     0.003730            0.000000   0.799623 r
  u_exact_mapper/U38/AN (NAND2B_X1M_A9TR40)                     0.108649  0.000017   0.799640 r
  u_exact_mapper/U38/Y (NAND2B_X1M_A9TR40)                      0.127347  0.140179   0.939818 r
  u_exact_mapper/target_medium_therm_o[6]_snps (net)
                                                3     0.003752            0.000000   0.939818 r
  u_exact_mapper/U40/AN (NAND2B_X1M_A9TR40)                     0.127347  0.000017   0.939835 r
  u_exact_mapper/U40/Y (NAND2B_X1M_A9TR40)                      0.088074  0.135782   1.075618 r
  u_exact_mapper/target_medium_therm_o[4] (net)
                                                2     0.002678            0.000000   1.075618 r
  u_exact_mapper/U9/AN (NAND3B_X2M_A9TR40)                      0.088074  0.000020   1.075637 r
  u_exact_mapper/U9/Y (NAND3B_X2M_A9TR40)                       0.092041  0.109983   1.185620 r
  u_exact_mapper/target_medium_therm_o[3] (net)
                                                2     0.002755            0.000000   1.185620 r
  u_exact_mapper/U39/A (INV_X1M_A9TR40)                         0.092041  0.000021   1.185641 r
  u_exact_mapper/U39/Y (INV_X1M_A9TR40)                         0.060643  0.066249   1.251890 f
  u_exact_mapper/n4 (net)                       2     0.003397            0.000000   1.251890 f
  u_exact_mapper/U3/B (NAND2_X2A_A9TR40)                        0.060643  0.000031   1.251922 f
  u_exact_mapper/U3/Y (NAND2_X2A_A9TR40)                        0.076469  0.051822   1.303743 r
  u_exact_mapper/target_medium_therm_o[2] (net)
                                                2     0.002673            0.000000   1.303743 r
  u_exact_mapper/U16/AN (NAND3BB_X1M_A9TR40)                    0.076469  0.000020   1.303763 r
  u_exact_mapper/U16/Y (NAND3BB_X1M_A9TR40)                     0.177340  0.165037   1.468800 r
  u_exact_mapper/mapping_supported_o (net)      5     0.006760            0.000000   1.468800 r
  u_exact_mapper/mapping_supported_o (ftc_detection_margin_mapper)        0.000000   1.468800 r
  mapper_mapping_supported (net)                      0.006760            0.000000   1.468800 r
  U151/A (NAND2_X2A_A9TR40)                                     0.177340  0.000024   1.468824 r
  U151/Y (NAND2_X2A_A9TR40)                                     0.071609  0.079464   1.548287 f
  n38 (net)                                     2     0.002770            0.000000   1.548287 f
  U157/A (INV_X1M_A9TR40)                                       0.071609  0.000021   1.548308 f
  U157/Y (INV_X1M_A9TR40)                                       0.081496  0.070956   1.619264 r
  n137 (net)                                    2     0.002787            0.000000   1.619264 r
  U153/A (NAND2_X1M_A9TR40)                                     0.081496  0.000021   1.619285 r
  U153/Y (NAND2_X1M_A9TR40)                                     0.082906  0.068508   1.687793 f
  n44 (net)                                     2     0.002659            0.000000   1.687793 f
  U154/A (NOR2_X0P7B_A9TR40)                                    0.082906  0.000019   1.687812 f
  U154/Y (NOR2_X0P7B_A9TR40)                                    0.152263  0.115691   1.803502 r
  n42 (net)                                     2     0.002695            0.000000   1.803502 r
  U168/C (NAND3BB_X1M_A9TR40)                                   0.152263  0.000021   1.803523 r
  U168/Y (NAND3BB_X1M_A9TR40)                                   0.081266  0.101753   1.905276 f
  n21 (net)                                     1     0.002728            0.000000   1.905276 f
  U140/A (INV_X3P5B_A9TR40)                                     0.081266  0.000047   1.905323 f
  U140/Y (INV_X3P5B_A9TR40)                                     0.054964  0.054273   1.959595 r
  n163 (net)                                    5     0.006586            0.000000   1.959595 r
  U156/A (BUFH_X1M_A9TR40)                                      0.054964  0.000017   1.959613 r
  U156/Y (BUFH_X1M_A9TR40)                                      0.050867  0.076323   2.035936 r
  n157 (net)                                    1     0.001602            0.000000   2.035936 r
  U182/A (BUFH_X1M_A9TR40)                                      0.050867  0.000028   2.035964 r
  U182/Y (BUFH_X1M_A9TR40)                                      0.161676  0.132216   2.168180 r
  n161 (net)                                    6     0.007067            0.000000   2.168180 r
  U99/A1 (AO22_X0P5M_A9TR40)                                    0.161676  0.000015   2.168194 r
  U99/Y (AO22_X0P5M_A9TR40)                                     0.092064  0.200750   2.368944 r
  n121 (net)                                    1     0.001559            0.000000   2.368944 r
  m_det_q_reg[1]/D (DFFRPQ_X1M_A9TR40)                          0.092064  0.000027   2.368971 r
  data arrival time                                                                  2.368971

  clock cal_clk (rise edge)                                               2.500000   2.500000
  clock network delay (ideal)                                             0.000000   2.500000
  clock uncertainty                                                       -0.050000  2.450000
  m_det_q_reg[1]/CK (DFFRPQ_X1M_A9TR40)                                   0.000000   2.450000 r
  library setup time                                                      -0.079856  2.370144
  data required time                                                                 2.370144
  ----------------------------------------------------------------------------------------------
  data required time                                                                 2.370144
  data arrival time                                                                  -2.368971
  ----------------------------------------------------------------------------------------------
  slack (MET)                                                                        0.001173


  Startpoint: margin_sel_i[1]
              (input port clocked by cal_clk)
  Endpoint: m_det_q_reg[0]
            (rising edge-triggered flip-flop clocked by cal_clk)
  Path Group: cal_clk
  Path Type: max

  Des/Clust/Port     Wire Load Model       Library
  ------------------------------------------------
  ftc_detection_margin_manager
                     Small                 sc9mc_logic0040ll_base_rvt_c40_ss_typical_max_0p99v_125c

  Point                                       Fanout       Cap     Trans      Incr       Path
  ----------------------------------------------------------------------------------------------
  clock cal_clk (rise edge)                                               0.000000   0.000000
  clock network delay (ideal)                                             0.000000   0.000000
  input external delay                                                    0.500000   0.500000 f
  margin_sel_i[1] (in)                                          0.000000  0.000000   0.500000 f
  margin_sel_i[1] (net)                         5     0.007288            0.000000   0.500000 f
  u_exact_mapper/margin_sel_i[1] (ftc_detection_margin_mapper)            0.000000   0.500000 f
  u_exact_mapper/margin_sel_i[1] (net)                0.007288            0.000000   0.500000 f
  u_exact_mapper/U15/A (NOR2_X2A_A9TR40)                        0.000000  0.000023   0.500023 f
  u_exact_mapper/U15/Y (NOR2_X2A_A9TR40)                        0.140056  0.084422   0.584445 r
  u_exact_mapper/n26 (net)                      4     0.005291            0.000000   0.584445 r
  u_exact_mapper/U11/B (NAND3_X1M_A9TR40)                       0.140056  0.000017   0.584462 r
  u_exact_mapper/U11/Y (NAND3_X1M_A9TR40)                       0.105809  0.117497   0.701959 f
  u_exact_mapper/n19 (net)                      2     0.002663            0.000000   0.701959 f
  u_exact_mapper/U10/B (NAND2_X1A_A9TR40)                       0.105809  0.000020   0.701980 f
  u_exact_mapper/U10/Y (NAND2_X1A_A9TR40)                       0.108649  0.097643   0.799623 r
  u_exact_mapper/m_det_o[3]_snps (net)          3     0.003730            0.000000   0.799623 r
  u_exact_mapper/U38/AN (NAND2B_X1M_A9TR40)                     0.108649  0.000017   0.799640 r
  u_exact_mapper/U38/Y (NAND2B_X1M_A9TR40)                      0.127347  0.140179   0.939818 r
  u_exact_mapper/target_medium_therm_o[6]_snps (net)
                                                3     0.003752            0.000000   0.939818 r
  u_exact_mapper/U40/AN (NAND2B_X1M_A9TR40)                     0.127347  0.000017   0.939835 r
  u_exact_mapper/U40/Y (NAND2B_X1M_A9TR40)                      0.088074  0.135782   1.075618 r
  u_exact_mapper/target_medium_therm_o[4] (net)
                                                2     0.002678            0.000000   1.075618 r
  u_exact_mapper/U9/AN (NAND3B_X2M_A9TR40)                      0.088074  0.000020   1.075637 r
  u_exact_mapper/U9/Y (NAND3B_X2M_A9TR40)                       0.092041  0.109983   1.185620 r
  u_exact_mapper/target_medium_therm_o[3] (net)
                                                2     0.002755            0.000000   1.185620 r
  u_exact_mapper/U39/A (INV_X1M_A9TR40)                         0.092041  0.000021   1.185641 r
  u_exact_mapper/U39/Y (INV_X1M_A9TR40)                         0.060643  0.066249   1.251890 f
  u_exact_mapper/n4 (net)                       2     0.003397            0.000000   1.251890 f
  u_exact_mapper/U3/B (NAND2_X2A_A9TR40)                        0.060643  0.000031   1.251922 f
  u_exact_mapper/U3/Y (NAND2_X2A_A9TR40)                        0.076469  0.051822   1.303743 r
  u_exact_mapper/target_medium_therm_o[2] (net)
                                                2     0.002673            0.000000   1.303743 r
  u_exact_mapper/U16/AN (NAND3BB_X1M_A9TR40)                    0.076469  0.000020   1.303763 r
  u_exact_mapper/U16/Y (NAND3BB_X1M_A9TR40)                     0.177340  0.165037   1.468800 r
  u_exact_mapper/mapping_supported_o (net)      5     0.006760            0.000000   1.468800 r
  u_exact_mapper/mapping_supported_o (ftc_detection_margin_mapper)        0.000000   1.468800 r
  mapper_mapping_supported (net)                      0.006760            0.000000   1.468800 r
  U151/A (NAND2_X2A_A9TR40)                                     0.177340  0.000024   1.468824 r
  U151/Y (NAND2_X2A_A9TR40)                                     0.071609  0.079464   1.548287 f
  n38 (net)                                     2     0.002770            0.000000   1.548287 f
  U157/A (INV_X1M_A9TR40)                                       0.071609  0.000021   1.548308 f
  U157/Y (INV_X1M_A9TR40)                                       0.081496  0.070956   1.619264 r
  n137 (net)                                    2     0.002787            0.000000   1.619264 r
  U153/A (NAND2_X1M_A9TR40)                                     0.081496  0.000021   1.619285 r
  U153/Y (NAND2_X1M_A9TR40)                                     0.082906  0.068508   1.687793 f
  n44 (net)                                     2     0.002659            0.000000   1.687793 f
  U154/A (NOR2_X0P7B_A9TR40)                                    0.082906  0.000019   1.687812 f
  U154/Y (NOR2_X0P7B_A9TR40)                                    0.152263  0.115691   1.803502 r
  n42 (net)                                     2     0.002695            0.000000   1.803502 r
  U168/C (NAND3BB_X1M_A9TR40)                                   0.152263  0.000021   1.803523 r
  U168/Y (NAND3BB_X1M_A9TR40)                                   0.081266  0.101753   1.905276 f
  n21 (net)                                     1     0.002728            0.000000   1.905276 f
  U140/A (INV_X3P5B_A9TR40)                                     0.081266  0.000047   1.905323 f
  U140/Y (INV_X3P5B_A9TR40)                                     0.054964  0.054273   1.959595 r
  n163 (net)                                    5     0.006586            0.000000   1.959595 r
  U156/A (BUFH_X1M_A9TR40)                                      0.054964  0.000017   1.959613 r
  U156/Y (BUFH_X1M_A9TR40)                                      0.050867  0.076323   2.035936 r
  n157 (net)                                    1     0.001602            0.000000   2.035936 r
  U182/A (BUFH_X1M_A9TR40)                                      0.050867  0.000028   2.035964 r
  U182/Y (BUFH_X1M_A9TR40)                                      0.161676  0.132216   2.168180 r
  n161 (net)                                    6     0.007067            0.000000   2.168180 r
  U98/A1 (AO22_X0P5M_A9TR40)                                    0.161676  0.000015   2.168194 r
  U98/Y (AO22_X0P5M_A9TR40)                                     0.092063  0.200750   2.368944 r
  n120 (net)                                    1     0.001559            0.000000   2.368944 r
  m_det_q_reg[0]/D (DFFRPQ_X1M_A9TR40)                          0.092063  0.000027   2.368971 r
  data arrival time                                                                  2.368971

  clock cal_clk (rise edge)                                               2.500000   2.500000
  clock network delay (ideal)                                             0.000000   2.500000
  clock uncertainty                                                       -0.050000  2.450000
  m_det_q_reg[0]/CK (DFFRPQ_X1M_A9TR40)                                   0.000000   2.450000 r
  library setup time                                                      -0.079856  2.370144
  data required time                                                                 2.370144
  ----------------------------------------------------------------------------------------------
  data required time                                                                 2.370144
  data arrival time                                                                  -2.368971
  ----------------------------------------------------------------------------------------------
  slack (MET)                                                                        0.001173


  Startpoint: margin_sel_i[1]
              (input port clocked by cal_clk)
  Endpoint: trip_qualified_q_reg
            (rising edge-triggered flip-flop clocked by cal_clk)
  Path Group: cal_clk
  Path Type: max

  Des/Clust/Port     Wire Load Model       Library
  ------------------------------------------------
  ftc_detection_margin_manager
                     Small                 sc9mc_logic0040ll_base_rvt_c40_ss_typical_max_0p99v_125c

  Point                                       Fanout       Cap     Trans      Incr       Path
  ----------------------------------------------------------------------------------------------
  clock cal_clk (rise edge)                                               0.000000   0.000000
  clock network delay (ideal)                                             0.000000   0.000000
  input external delay                                                    0.500000   0.500000 f
  margin_sel_i[1] (in)                                          0.000000  0.000000   0.500000 f
  margin_sel_i[1] (net)                         5     0.007288            0.000000   0.500000 f
  u_exact_mapper/margin_sel_i[1] (ftc_detection_margin_mapper)            0.000000   0.500000 f
  u_exact_mapper/margin_sel_i[1] (net)                0.007288            0.000000   0.500000 f
  u_exact_mapper/U15/A (NOR2_X2A_A9TR40)                        0.000000  0.000023   0.500023 f
  u_exact_mapper/U15/Y (NOR2_X2A_A9TR40)                        0.140056  0.084422   0.584445 r
  u_exact_mapper/n26 (net)                      4     0.005291            0.000000   0.584445 r
  u_exact_mapper/U11/B (NAND3_X1M_A9TR40)                       0.140056  0.000017   0.584462 r
  u_exact_mapper/U11/Y (NAND3_X1M_A9TR40)                       0.105809  0.117497   0.701959 f
  u_exact_mapper/n19 (net)                      2     0.002663            0.000000   0.701959 f
  u_exact_mapper/U10/B (NAND2_X1A_A9TR40)                       0.105809  0.000020   0.701980 f
  u_exact_mapper/U10/Y (NAND2_X1A_A9TR40)                       0.108649  0.097643   0.799623 r
  u_exact_mapper/m_det_o[3]_snps (net)          3     0.003730            0.000000   0.799623 r
  u_exact_mapper/U38/AN (NAND2B_X1M_A9TR40)                     0.108649  0.000017   0.799640 r
  u_exact_mapper/U38/Y (NAND2B_X1M_A9TR40)                      0.127347  0.140179   0.939818 r
  u_exact_mapper/target_medium_therm_o[6]_snps (net)
                                                3     0.003752            0.000000   0.939818 r
  u_exact_mapper/U40/AN (NAND2B_X1M_A9TR40)                     0.127347  0.000017   0.939835 r
  u_exact_mapper/U40/Y (NAND2B_X1M_A9TR40)                      0.088074  0.135782   1.075618 r
  u_exact_mapper/target_medium_therm_o[4] (net)
                                                2     0.002678            0.000000   1.075618 r
  u_exact_mapper/U9/AN (NAND3B_X2M_A9TR40)                      0.088074  0.000020   1.075637 r
  u_exact_mapper/U9/Y (NAND3B_X2M_A9TR40)                       0.092041  0.109983   1.185620 r
  u_exact_mapper/target_medium_therm_o[3] (net)
                                                2     0.002755            0.000000   1.185620 r
  u_exact_mapper/U39/A (INV_X1M_A9TR40)                         0.092041  0.000021   1.185641 r
  u_exact_mapper/U39/Y (INV_X1M_A9TR40)                         0.060643  0.066249   1.251890 f
  u_exact_mapper/n4 (net)                       2     0.003397            0.000000   1.251890 f
  u_exact_mapper/U3/B (NAND2_X2A_A9TR40)                        0.060643  0.000031   1.251922 f
  u_exact_mapper/U3/Y (NAND2_X2A_A9TR40)                        0.076469  0.051822   1.303743 r
  u_exact_mapper/target_medium_therm_o[2] (net)
                                                2     0.002673            0.000000   1.303743 r
  u_exact_mapper/U16/AN (NAND3BB_X1M_A9TR40)                    0.076469  0.000020   1.303763 r
  u_exact_mapper/U16/Y (NAND3BB_X1M_A9TR40)                     0.177340  0.165037   1.468800 r
  u_exact_mapper/mapping_supported_o (net)      5     0.006760            0.000000   1.468800 r
  u_exact_mapper/mapping_supported_o (ftc_detection_margin_mapper)        0.000000   1.468800 r
  mapper_mapping_supported (net)                      0.006760            0.000000   1.468800 r
  U151/A (NAND2_X2A_A9TR40)                                     0.177340  0.000024   1.468824 r
  U151/Y (NAND2_X2A_A9TR40)                                     0.071609  0.079464   1.548287 f
  n38 (net)                                     2     0.002770            0.000000   1.548287 f
  U157/A (INV_X1M_A9TR40)                                       0.071609  0.000021   1.548308 f
  U157/Y (INV_X1M_A9TR40)                                       0.081496  0.070956   1.619264 r
  n137 (net)                                    2     0.002787            0.000000   1.619264 r
  U153/A (NAND2_X1M_A9TR40)                                     0.081496  0.000021   1.619285 r
  U153/Y (NAND2_X1M_A9TR40)                                     0.082906  0.068508   1.687793 f
  n44 (net)                                     2     0.002659            0.000000   1.687793 f
  U154/A (NOR2_X0P7B_A9TR40)                                    0.082906  0.000019   1.687812 f
  U154/Y (NOR2_X0P7B_A9TR40)                                    0.152263  0.115691   1.803502 r
  n42 (net)                                     2     0.002695            0.000000   1.803502 r
  U168/C (NAND3BB_X1M_A9TR40)                                   0.152263  0.000021   1.803523 r
  U168/Y (NAND3BB_X1M_A9TR40)                                   0.081266  0.101753   1.905276 f
  n21 (net)                                     1     0.002728            0.000000   1.905276 f
  U140/A (INV_X3P5B_A9TR40)                                     0.081266  0.000047   1.905323 f
  U140/Y (INV_X3P5B_A9TR40)                                     0.054964  0.054273   1.959595 r
  n163 (net)                                    5     0.006586            0.000000   1.959595 r
  U156/A (BUFH_X1M_A9TR40)                                      0.054964  0.000017   1.959613 r
  U156/Y (BUFH_X1M_A9TR40)                                      0.050867  0.076323   2.035936 r
  n157 (net)                                    1     0.001602            0.000000   2.035936 r
  U182/A (BUFH_X1M_A9TR40)                                      0.050867  0.000028   2.035964 r
  U182/Y (BUFH_X1M_A9TR40)                                      0.161676  0.132216   2.168180 r
  n161 (net)                                    6     0.007067            0.000000   2.168180 r
  U103/A1 (AO22_X0P5M_A9TR40)                                   0.161676  0.000015   2.168194 r
  U103/Y (AO22_X0P5M_A9TR40)                                    0.092062  0.200750   2.368944 r
  n125 (net)                                    1     0.001559            0.000000   2.368944 r
  trip_qualified_q_reg/D (DFFRPQ_X1M_A9TR40)                    0.092062  0.000027   2.368971 r
  data arrival time                                                                  2.368971

  clock cal_clk (rise edge)                                               2.500000   2.500000
  clock network delay (ideal)                                             0.000000   2.500000
  clock uncertainty                                                       -0.050000  2.450000
  trip_qualified_q_reg/CK (DFFRPQ_X1M_A9TR40)                             0.000000   2.450000 r
  library setup time                                                      -0.079856  2.370144
  data required time                                                                 2.370144
  ----------------------------------------------------------------------------------------------
  data required time                                                                 2.370144
  data arrival time                                                                  -2.368971
  ----------------------------------------------------------------------------------------------
  slack (MET)                                                                        0.001173


  Startpoint: margin_sel_i[1]
              (input port clocked by cal_clk)
  Endpoint: m_det_q_reg[3]
            (rising edge-triggered flip-flop clocked by cal_clk)
  Path Group: cal_clk
  Path Type: max

  Des/Clust/Port     Wire Load Model       Library
  ------------------------------------------------
  ftc_detection_margin_manager
                     Small                 sc9mc_logic0040ll_base_rvt_c40_ss_typical_max_0p99v_125c

  Point                                       Fanout       Cap     Trans      Incr       Path
  ----------------------------------------------------------------------------------------------
  clock cal_clk (rise edge)                                               0.000000   0.000000
  clock network delay (ideal)                                             0.000000   0.000000
  input external delay                                                    0.500000   0.500000 f
  margin_sel_i[1] (in)                                          0.000000  0.000000   0.500000 f
  margin_sel_i[1] (net)                         5     0.007288            0.000000   0.500000 f
  u_exact_mapper/margin_sel_i[1] (ftc_detection_margin_mapper)            0.000000   0.500000 f
  u_exact_mapper/margin_sel_i[1] (net)                0.007288            0.000000   0.500000 f
  u_exact_mapper/U15/A (NOR2_X2A_A9TR40)                        0.000000  0.000023   0.500023 f
  u_exact_mapper/U15/Y (NOR2_X2A_A9TR40)                        0.140056  0.084422   0.584445 r
  u_exact_mapper/n26 (net)                      4     0.005291            0.000000   0.584445 r
  u_exact_mapper/U11/B (NAND3_X1M_A9TR40)                       0.140056  0.000017   0.584462 r
  u_exact_mapper/U11/Y (NAND3_X1M_A9TR40)                       0.105809  0.117497   0.701959 f
  u_exact_mapper/n19 (net)                      2     0.002663            0.000000   0.701959 f
  u_exact_mapper/U10/B (NAND2_X1A_A9TR40)                       0.105809  0.000020   0.701980 f
  u_exact_mapper/U10/Y (NAND2_X1A_A9TR40)                       0.108649  0.097643   0.799623 r
  u_exact_mapper/m_det_o[3]_snps (net)          3     0.003730            0.000000   0.799623 r
  u_exact_mapper/U38/AN (NAND2B_X1M_A9TR40)                     0.108649  0.000017   0.799640 r
  u_exact_mapper/U38/Y (NAND2B_X1M_A9TR40)                      0.127347  0.140179   0.939818 r
  u_exact_mapper/target_medium_therm_o[6]_snps (net)
                                                3     0.003752            0.000000   0.939818 r
  u_exact_mapper/U40/AN (NAND2B_X1M_A9TR40)                     0.127347  0.000017   0.939835 r
  u_exact_mapper/U40/Y (NAND2B_X1M_A9TR40)                      0.088074  0.135782   1.075618 r
  u_exact_mapper/target_medium_therm_o[4] (net)
                                                2     0.002678            0.000000   1.075618 r
  u_exact_mapper/U9/AN (NAND3B_X2M_A9TR40)                      0.088074  0.000020   1.075637 r
  u_exact_mapper/U9/Y (NAND3B_X2M_A9TR40)                       0.092041  0.109983   1.185620 r
  u_exact_mapper/target_medium_therm_o[3] (net)
                                                2     0.002755            0.000000   1.185620 r
  u_exact_mapper/U39/A (INV_X1M_A9TR40)                         0.092041  0.000021   1.185641 r
  u_exact_mapper/U39/Y (INV_X1M_A9TR40)                         0.060643  0.066249   1.251890 f
  u_exact_mapper/n4 (net)                       2     0.003397            0.000000   1.251890 f
  u_exact_mapper/U3/B (NAND2_X2A_A9TR40)                        0.060643  0.000031   1.251922 f
  u_exact_mapper/U3/Y (NAND2_X2A_A9TR40)                        0.076469  0.051822   1.303743 r
  u_exact_mapper/target_medium_therm_o[2] (net)
                                                2     0.002673            0.000000   1.303743 r
  u_exact_mapper/U16/AN (NAND3BB_X1M_A9TR40)                    0.076469  0.000020   1.303763 r
  u_exact_mapper/U16/Y (NAND3BB_X1M_A9TR40)                     0.177340  0.165037   1.468800 r
  u_exact_mapper/mapping_supported_o (net)      5     0.006760            0.000000   1.468800 r
  u_exact_mapper/mapping_supported_o (ftc_detection_margin_mapper)        0.000000   1.468800 r
  mapper_mapping_supported (net)                      0.006760            0.000000   1.468800 r
  U151/A (NAND2_X2A_A9TR40)                                     0.177340  0.000024   1.468824 r
  U151/Y (NAND2_X2A_A9TR40)                                     0.071609  0.079464   1.548287 f
  n38 (net)                                     2     0.002770            0.000000   1.548287 f
  U157/A (INV_X1M_A9TR40)                                       0.071609  0.000021   1.548308 f
  U157/Y (INV_X1M_A9TR40)                                       0.081496  0.070956   1.619264 r
  n137 (net)                                    2     0.002787            0.000000   1.619264 r
  U153/A (NAND2_X1M_A9TR40)                                     0.081496  0.000021   1.619285 r
  U153/Y (NAND2_X1M_A9TR40)                                     0.082906  0.068508   1.687793 f
  n44 (net)                                     2     0.002659            0.000000   1.687793 f
  U154/A (NOR2_X0P7B_A9TR40)                                    0.082906  0.000019   1.687812 f
  U154/Y (NOR2_X0P7B_A9TR40)                                    0.152263  0.115691   1.803502 r
  n42 (net)                                     2     0.002695            0.000000   1.803502 r
  U168/C (NAND3BB_X1M_A9TR40)                                   0.152263  0.000021   1.803523 r
  U168/Y (NAND3BB_X1M_A9TR40)                                   0.081266  0.101753   1.905276 f
  n21 (net)                                     1     0.002728            0.000000   1.905276 f
  U140/A (INV_X3P5B_A9TR40)                                     0.081266  0.000047   1.905323 f
  U140/Y (INV_X3P5B_A9TR40)                                     0.054964  0.054273   1.959595 r
  n163 (net)                                    5     0.006586            0.000000   1.959595 r
  U156/A (BUFH_X1M_A9TR40)                                      0.054964  0.000017   1.959613 r
  U156/Y (BUFH_X1M_A9TR40)                                      0.050867  0.076323   2.035936 r
  n157 (net)                                    1     0.001602            0.000000   2.035936 r
  U182/A (BUFH_X1M_A9TR40)                                      0.050867  0.000028   2.035964 r
  U182/Y (BUFH_X1M_A9TR40)                                      0.161676  0.132216   2.168180 r
  n161 (net)                                    6     0.007067            0.000000   2.168180 r
  U101/A1 (AO22_X0P5M_A9TR40)                                   0.161676  0.000015   2.168194 r
  U101/Y (AO22_X0P5M_A9TR40)                                    0.092045  0.200750   2.368944 r
  n123 (net)                                    1     0.001559            0.000000   2.368944 r
  m_det_q_reg[3]/D (DFFRPQ_X1M_A9TR40)                          0.092045  0.000027   2.368971 r
  data arrival time                                                                  2.368971

  clock cal_clk (rise edge)                                               2.500000   2.500000
  clock network delay (ideal)                                             0.000000   2.500000
  clock uncertainty                                                       -0.050000  2.450000
  m_det_q_reg[3]/CK (DFFRPQ_X1M_A9TR40)                                   0.000000   2.450000 r
  library setup time                                                      -0.079851  2.370149
  data required time                                                                 2.370149
  ----------------------------------------------------------------------------------------------
  data required time                                                                 2.370149
  data arrival time                                                                  -2.368971
  ----------------------------------------------------------------------------------------------
  slack (MET)                                                                        0.001178


  Startpoint: margin_sel_i[1]
              (input port clocked by cal_clk)
  Endpoint: f_det_q_reg[2]
            (rising edge-triggered flip-flop clocked by cal_clk)
  Path Group: cal_clk
  Path Type: max

  Des/Clust/Port     Wire Load Model       Library
  ------------------------------------------------
  ftc_detection_margin_manager
                     Small                 sc9mc_logic0040ll_base_rvt_c40_ss_typical_max_0p99v_125c

  Point                                       Fanout       Cap     Trans      Incr       Path
  ----------------------------------------------------------------------------------------------
  clock cal_clk (rise edge)                                               0.000000   0.000000
  clock network delay (ideal)                                             0.000000   0.000000
  input external delay                                                    0.500000   0.500000 f
  margin_sel_i[1] (in)                                          0.000000  0.000000   0.500000 f
  margin_sel_i[1] (net)                         5     0.007288            0.000000   0.500000 f
  u_exact_mapper/margin_sel_i[1] (ftc_detection_margin_mapper)            0.000000   0.500000 f
  u_exact_mapper/margin_sel_i[1] (net)                0.007288            0.000000   0.500000 f
  u_exact_mapper/U15/A (NOR2_X2A_A9TR40)                        0.000000  0.000023   0.500023 f
  u_exact_mapper/U15/Y (NOR2_X2A_A9TR40)                        0.140056  0.084422   0.584445 r
  u_exact_mapper/n26 (net)                      4     0.005291            0.000000   0.584445 r
  u_exact_mapper/U11/B (NAND3_X1M_A9TR40)                       0.140056  0.000017   0.584462 r
  u_exact_mapper/U11/Y (NAND3_X1M_A9TR40)                       0.105809  0.117497   0.701959 f
  u_exact_mapper/n19 (net)                      2     0.002663            0.000000   0.701959 f
  u_exact_mapper/U10/B (NAND2_X1A_A9TR40)                       0.105809  0.000020   0.701980 f
  u_exact_mapper/U10/Y (NAND2_X1A_A9TR40)                       0.108649  0.097643   0.799623 r
  u_exact_mapper/m_det_o[3]_snps (net)          3     0.003730            0.000000   0.799623 r
  u_exact_mapper/U38/AN (NAND2B_X1M_A9TR40)                     0.108649  0.000017   0.799640 r
  u_exact_mapper/U38/Y (NAND2B_X1M_A9TR40)                      0.127347  0.140179   0.939818 r
  u_exact_mapper/target_medium_therm_o[6]_snps (net)
                                                3     0.003752            0.000000   0.939818 r
  u_exact_mapper/U40/AN (NAND2B_X1M_A9TR40)                     0.127347  0.000017   0.939835 r
  u_exact_mapper/U40/Y (NAND2B_X1M_A9TR40)                      0.088074  0.135782   1.075618 r
  u_exact_mapper/target_medium_therm_o[4] (net)
                                                2     0.002678            0.000000   1.075618 r
  u_exact_mapper/U9/AN (NAND3B_X2M_A9TR40)                      0.088074  0.000020   1.075637 r
  u_exact_mapper/U9/Y (NAND3B_X2M_A9TR40)                       0.092041  0.109983   1.185620 r
  u_exact_mapper/target_medium_therm_o[3] (net)
                                                2     0.002755            0.000000   1.185620 r
  u_exact_mapper/U39/A (INV_X1M_A9TR40)                         0.092041  0.000021   1.185641 r
  u_exact_mapper/U39/Y (INV_X1M_A9TR40)                         0.060643  0.066249   1.251890 f
  u_exact_mapper/n4 (net)                       2     0.003397            0.000000   1.251890 f
  u_exact_mapper/U3/B (NAND2_X2A_A9TR40)                        0.060643  0.000031   1.251922 f
  u_exact_mapper/U3/Y (NAND2_X2A_A9TR40)                        0.076469  0.051822   1.303743 r
  u_exact_mapper/target_medium_therm_o[2] (net)
                                                2     0.002673            0.000000   1.303743 r
  u_exact_mapper/U16/AN (NAND3BB_X1M_A9TR40)                    0.076469  0.000020   1.303763 r
  u_exact_mapper/U16/Y (NAND3BB_X1M_A9TR40)                     0.177340  0.165037   1.468800 r
  u_exact_mapper/mapping_supported_o (net)      5     0.006760            0.000000   1.468800 r
  u_exact_mapper/mapping_supported_o (ftc_detection_margin_mapper)        0.000000   1.468800 r
  mapper_mapping_supported (net)                      0.006760            0.000000   1.468800 r
  U151/A (NAND2_X2A_A9TR40)                                     0.177340  0.000024   1.468824 r
  U151/Y (NAND2_X2A_A9TR40)                                     0.071609  0.079464   1.548287 f
  n38 (net)                                     2     0.002770            0.000000   1.548287 f
  U157/A (INV_X1M_A9TR40)                                       0.071609  0.000021   1.548308 f
  U157/Y (INV_X1M_A9TR40)                                       0.081496  0.070956   1.619264 r
  n137 (net)                                    2     0.002787            0.000000   1.619264 r
  U153/A (NAND2_X1M_A9TR40)                                     0.081496  0.000021   1.619285 r
  U153/Y (NAND2_X1M_A9TR40)                                     0.082906  0.068508   1.687793 f
  n44 (net)                                     2     0.002659            0.000000   1.687793 f
  U154/A (NOR2_X0P7B_A9TR40)                                    0.082906  0.000019   1.687812 f
  U154/Y (NOR2_X0P7B_A9TR40)                                    0.152263  0.115691   1.803502 r
  n42 (net)                                     2     0.002695            0.000000   1.803502 r
  U168/C (NAND3BB_X1M_A9TR40)                                   0.152263  0.000021   1.803523 r
  U168/Y (NAND3BB_X1M_A9TR40)                                   0.081266  0.101753   1.905276 f
  n21 (net)                                     1     0.002728            0.000000   1.905276 f
  U140/A (INV_X3P5B_A9TR40)                                     0.081266  0.000047   1.905323 f
  U140/Y (INV_X3P5B_A9TR40)                                     0.054964  0.054273   1.959595 r
  n163 (net)                                    5     0.006586            0.000000   1.959595 r
  U155/A (BUF_X1M_A9TR40)                                       0.054964  0.000016   1.959611 r
  U155/Y (BUF_X1M_A9TR40)                                       0.053319  0.089020   2.048631 r
  n162 (net)                                    1     0.001602            0.000000   2.048631 r
  U164/A (BUFH_X1M_A9TR40)                                      0.053319  0.000028   2.048659 r
  U164/Y (BUFH_X1M_A9TR40)                                      0.141520  0.122741   2.171401 r
  n158 (net)                                    5     0.006075            0.000000   2.171401 r
  U96/A1 (AO22_X0P5M_A9TR40)                                    0.141520  0.000015   2.171416 r
  U96/Y (AO22_X0P5M_A9TR40)                                     0.093789  0.192660   2.364076 r
  n118 (net)                                    1     0.001559            0.000000   2.364076 r
  f_det_q_reg[2]/D (DFFRPQ_X1M_A9TR40)                          0.093789  0.000027   2.364103 r
  data arrival time                                                                  2.364103

  clock cal_clk (rise edge)                                               2.500000   2.500000
  clock network delay (ideal)                                             0.000000   2.500000
  clock uncertainty                                                       -0.050000  2.450000
  f_det_q_reg[2]/CK (DFFRPQ_X1M_A9TR40)                                   0.000000   2.450000 r
  library setup time                                                      -0.080353  2.369648
  data required time                                                                 2.369648
  ----------------------------------------------------------------------------------------------
  data required time                                                                 2.369648
  data arrival time                                                                  -2.364103
  ----------------------------------------------------------------------------------------------
  slack (MET)                                                                        0.005545


  Startpoint: state_q_reg[2]
              (rising edge-triggered flip-flop clocked by cal_clk)
  Endpoint: det_medium_therm_q_reg[15]
            (rising edge-triggered flip-flop clocked by cal_clk)
  Path Group: cal_clk
  Path Type: max

  Des/Clust/Port     Wire Load Model       Library
  ------------------------------------------------
  ftc_detection_margin_manager
                     Small                 sc9mc_logic0040ll_base_rvt_c40_ss_typical_max_0p99v_125c

  Point                                       Fanout       Cap     Trans      Incr       Path
  ----------------------------------------------------------------------------------------------
  clock cal_clk (rise edge)                                               0.000000   0.000000
  clock network delay (ideal)                                             0.000000   0.000000
  state_q_reg[2]/CK (DFFRPQ_X1M_A9TR40)                         0.050000  0.000000   0.000000 r
  state_q_reg[2]/Q (DFFRPQ_X1M_A9TR40)                          0.086762  0.302334   0.302334 f
  state_q[2] (net)                              5     0.006072            0.000000   0.302334 f
  U134/A (INV_X0P5B_A9TR40)                                     0.086762  0.000015   0.302348 f
  U134/Y (INV_X0P5B_A9TR40)                                     0.158167  0.119887   0.422236 r
  n50 (net)                                     3     0.003803            0.000000   0.422236 r
  U133/B (NAND2_X0P5A_A9TR40)                                   0.158167  0.000016   0.422252 r
  U133/Y (NAND2_X0P5A_A9TR40)                                   0.212014  0.192980   0.615232 f
  n37 (net)                                     4     0.004940            0.000000   0.615232 f
  U197/A (NOR3_X1A_A9TR40)                                      0.212014  0.000017   0.615248 f
  U197/Y (NOR3_X1A_A9TR40)                                      0.212610  0.183355   0.798603 r
  det_takeover_ready_o (net)                    2     0.002004            0.000000   0.798603 r
  U198/BN (NOR4BB_X0P7M_A9TR40)                                 0.212610  0.000018   0.798621 r
  U198/Y (NOR4BB_X0P7M_A9TR40)                                  0.199200  0.247360   1.045981 r
  n4 (net)                                      1     0.001602            0.000000   1.045981 r
  U141/A (BUFH_X1M_A9TR40)                                      0.199200  0.000028   1.046009 r
  U141/Y (BUFH_X1M_A9TR40)                                      0.077797  0.138841   1.184850 r
  n166 (net)                                    2     0.002828            0.000000   1.184850 r
  U188/A (BUF_X2M_A9TR40)                                       0.077797  0.000020   1.184870 r
  U188/Y (BUF_X2M_A9TR40)                                       0.196430  0.171294   1.356164 r
  n164 (net)                                   16     0.018413            0.000000   1.356164 r
  U192/B0 (AOI2XB1_X1M_A9TR40)                                  0.196430  0.000015   1.356179 r
  U192/Y (AOI2XB1_X1M_A9TR40)                                   0.089231  0.104741   1.460920 f
  n1 (net)                                      1     0.001588            0.000000   1.460920 f
  U178/A (BUFH_X1M_A9TR40)                                      0.089231  0.000027   1.460947 f
  U178/Y (BUFH_X1M_A9TR40)                                      0.050187  0.101437   1.562385 f
  n172 (net)                                    2     0.002795            0.000000   1.562385 f
  U189/A (BUF_X2M_A9TR40)                                       0.050187  0.000020   1.562405 f
  U189/Y (BUF_X2M_A9TR40)                                       0.119513  0.144880   1.707285 f
  n170 (net)                                   16     0.018010            0.000000   1.707285 f
  U183/A (NOR2_X1A_A9TR40)                                      0.119513  0.000015   1.707299 f
  U183/Y (NOR2_X1A_A9TR40)                                      0.117579  0.105643   1.812942 r
  n3 (net)                                      1     0.001602            0.000000   1.812942 r
  U165/A (BUFH_X1M_A9TR40)                                      0.117579  0.000028   1.812970 r
  U165/Y (BUFH_X1M_A9TR40)                                      0.076291  0.112430   1.925400 r
  n169 (net)                                    2     0.002828            0.000000   1.925400 r
  U180/A (BUF_X2M_A9TR40)                                       0.076291  0.000020   1.925420 r
  U180/Y (BUF_X2M_A9TR40)                                       0.188724  0.166756   2.092176 r
  n167 (net)                                   16     0.017637            0.000000   2.092176 r
  U34/A1 (AOI22_X0P5M_A9TR40)                                   0.188724  0.000013   2.092189 r
  U34/Y (AOI22_X0P5M_A9TR40)                                    0.139917  0.167995   2.260184 f
  n19 (net)                                     1     0.001375            0.000000   2.260184 f
  U33/A0N (AO1B2_X0P5M_A9TR40)                                  0.139917  0.000024   2.260208 f
  U33/Y (AO1B2_X0P5M_A9TR40)                                    0.099884  0.100654   2.360862 r
  n74 (net)                                     1     0.001559            0.000000   2.360862 r
  det_medium_therm_q_reg[15]/D (DFFRPQ_X1M_A9TR40)              0.099884  0.000027   2.360888 r
  data arrival time                                                                  2.360888

  clock cal_clk (rise edge)                                               2.500000   2.500000
  clock network delay (ideal)                                             0.000000   2.500000
  clock uncertainty                                                       -0.050000  2.450000
  det_medium_therm_q_reg[15]/CK (DFFRPQ_X1M_A9TR40)                       0.000000   2.450000 r
  library setup time                                                      -0.082106  2.367894
  data required time                                                                 2.367894
  ----------------------------------------------------------------------------------------------
  data required time                                                                 2.367894
  data arrival time                                                                  -2.360888
  ----------------------------------------------------------------------------------------------
  slack (MET)                                                                        0.007005


  Startpoint: state_q_reg[2]
              (rising edge-triggered flip-flop clocked by cal_clk)
  Endpoint: det_medium_therm_q_reg[14]
            (rising edge-triggered flip-flop clocked by cal_clk)
  Path Group: cal_clk
  Path Type: max

  Des/Clust/Port     Wire Load Model       Library
  ------------------------------------------------
  ftc_detection_margin_manager
                     Small                 sc9mc_logic0040ll_base_rvt_c40_ss_typical_max_0p99v_125c

  Point                                       Fanout       Cap     Trans      Incr       Path
  ----------------------------------------------------------------------------------------------
  clock cal_clk (rise edge)                                               0.000000   0.000000
  clock network delay (ideal)                                             0.000000   0.000000
  state_q_reg[2]/CK (DFFRPQ_X1M_A9TR40)                         0.050000  0.000000   0.000000 r
  state_q_reg[2]/Q (DFFRPQ_X1M_A9TR40)                          0.086762  0.302334   0.302334 f
  state_q[2] (net)                              5     0.006072            0.000000   0.302334 f
  U134/A (INV_X0P5B_A9TR40)                                     0.086762  0.000015   0.302348 f
  U134/Y (INV_X0P5B_A9TR40)                                     0.158167  0.119887   0.422236 r
  n50 (net)                                     3     0.003803            0.000000   0.422236 r
  U133/B (NAND2_X0P5A_A9TR40)                                   0.158167  0.000016   0.422252 r
  U133/Y (NAND2_X0P5A_A9TR40)                                   0.212014  0.192980   0.615232 f
  n37 (net)                                     4     0.004940            0.000000   0.615232 f
  U197/A (NOR3_X1A_A9TR40)                                      0.212014  0.000017   0.615248 f
  U197/Y (NOR3_X1A_A9TR40)                                      0.212610  0.183355   0.798603 r
  det_takeover_ready_o (net)                    2     0.002004            0.000000   0.798603 r
  U198/BN (NOR4BB_X0P7M_A9TR40)                                 0.212610  0.000018   0.798621 r
  U198/Y (NOR4BB_X0P7M_A9TR40)                                  0.199200  0.247360   1.045981 r
  n4 (net)                                      1     0.001602            0.000000   1.045981 r
  U141/A (BUFH_X1M_A9TR40)                                      0.199200  0.000028   1.046009 r
  U141/Y (BUFH_X1M_A9TR40)                                      0.077797  0.138841   1.184850 r
  n166 (net)                                    2     0.002828            0.000000   1.184850 r
  U188/A (BUF_X2M_A9TR40)                                       0.077797  0.000020   1.184870 r
  U188/Y (BUF_X2M_A9TR40)                                       0.196430  0.171294   1.356164 r
  n164 (net)                                   16     0.018413            0.000000   1.356164 r
  U192/B0 (AOI2XB1_X1M_A9TR40)                                  0.196430  0.000015   1.356179 r
  U192/Y (AOI2XB1_X1M_A9TR40)                                   0.089231  0.104741   1.460920 f
  n1 (net)                                      1     0.001588            0.000000   1.460920 f
  U178/A (BUFH_X1M_A9TR40)                                      0.089231  0.000027   1.460947 f
  U178/Y (BUFH_X1M_A9TR40)                                      0.050187  0.101437   1.562385 f
  n172 (net)                                    2     0.002795            0.000000   1.562385 f
  U189/A (BUF_X2M_A9TR40)                                       0.050187  0.000020   1.562405 f
  U189/Y (BUF_X2M_A9TR40)                                       0.119513  0.144880   1.707285 f
  n170 (net)                                   16     0.018010            0.000000   1.707285 f
  U183/A (NOR2_X1A_A9TR40)                                      0.119513  0.000015   1.707299 f
  U183/Y (NOR2_X1A_A9TR40)                                      0.117579  0.105643   1.812942 r
  n3 (net)                                      1     0.001602            0.000000   1.812942 r
  U165/A (BUFH_X1M_A9TR40)                                      0.117579  0.000028   1.812970 r
  U165/Y (BUFH_X1M_A9TR40)                                      0.076291  0.112430   1.925400 r
  n169 (net)                                    2     0.002828            0.000000   1.925400 r
  U180/A (BUF_X2M_A9TR40)                                       0.076291  0.000020   1.925420 r
  U180/Y (BUF_X2M_A9TR40)                                       0.188724  0.166756   2.092176 r
  n167 (net)                                   16     0.017637            0.000000   2.092176 r
  U32/A1 (AOI22_X0P5M_A9TR40)                                   0.188724  0.000013   2.092189 r
  U32/Y (AOI22_X0P5M_A9TR40)                                    0.139917  0.167995   2.260184 f
  n18 (net)                                     1     0.001375            0.000000   2.260184 f
  U31/A0N (AO1B2_X0P5M_A9TR40)                                  0.139917  0.000024   2.260208 f
  U31/Y (AO1B2_X0P5M_A9TR40)                                    0.099884  0.100654   2.360862 r
  n73 (net)                                     1     0.001559            0.000000   2.360862 r
  det_medium_therm_q_reg[14]/D (DFFRPQ_X1M_A9TR40)              0.099884  0.000027   2.360888 r
  data arrival time                                                                  2.360888

  clock cal_clk (rise edge)                                               2.500000   2.500000
  clock network delay (ideal)                                             0.000000   2.500000
  clock uncertainty                                                       -0.050000  2.450000
  det_medium_therm_q_reg[14]/CK (DFFRPQ_X1M_A9TR40)                       0.000000   2.450000 r
  library setup time                                                      -0.082106  2.367894
  data required time                                                                 2.367894
  ----------------------------------------------------------------------------------------------
  data required time                                                                 2.367894
  data arrival time                                                                  -2.360888
  ----------------------------------------------------------------------------------------------
  slack (MET)                                                                        0.007005


  Startpoint: state_q_reg[2]
              (rising edge-triggered flip-flop clocked by cal_clk)
  Endpoint: det_medium_therm_q_reg[13]
            (rising edge-triggered flip-flop clocked by cal_clk)
  Path Group: cal_clk
  Path Type: max

  Des/Clust/Port     Wire Load Model       Library
  ------------------------------------------------
  ftc_detection_margin_manager
                     Small                 sc9mc_logic0040ll_base_rvt_c40_ss_typical_max_0p99v_125c

  Point                                       Fanout       Cap     Trans      Incr       Path
  ----------------------------------------------------------------------------------------------
  clock cal_clk (rise edge)                                               0.000000   0.000000
  clock network delay (ideal)                                             0.000000   0.000000
  state_q_reg[2]/CK (DFFRPQ_X1M_A9TR40)                         0.050000  0.000000   0.000000 r
  state_q_reg[2]/Q (DFFRPQ_X1M_A9TR40)                          0.086762  0.302334   0.302334 f
  state_q[2] (net)                              5     0.006072            0.000000   0.302334 f
  U134/A (INV_X0P5B_A9TR40)                                     0.086762  0.000015   0.302348 f
  U134/Y (INV_X0P5B_A9TR40)                                     0.158167  0.119887   0.422236 r
  n50 (net)                                     3     0.003803            0.000000   0.422236 r
  U133/B (NAND2_X0P5A_A9TR40)                                   0.158167  0.000016   0.422252 r
  U133/Y (NAND2_X0P5A_A9TR40)                                   0.212014  0.192980   0.615232 f
  n37 (net)                                     4     0.004940            0.000000   0.615232 f
  U197/A (NOR3_X1A_A9TR40)                                      0.212014  0.000017   0.615248 f
  U197/Y (NOR3_X1A_A9TR40)                                      0.212610  0.183355   0.798603 r
  det_takeover_ready_o (net)                    2     0.002004            0.000000   0.798603 r
  U198/BN (NOR4BB_X0P7M_A9TR40)                                 0.212610  0.000018   0.798621 r
  U198/Y (NOR4BB_X0P7M_A9TR40)                                  0.199200  0.247360   1.045981 r
  n4 (net)                                      1     0.001602            0.000000   1.045981 r
  U141/A (BUFH_X1M_A9TR40)                                      0.199200  0.000028   1.046009 r
  U141/Y (BUFH_X1M_A9TR40)                                      0.077797  0.138841   1.184850 r
  n166 (net)                                    2     0.002828            0.000000   1.184850 r
  U188/A (BUF_X2M_A9TR40)                                       0.077797  0.000020   1.184870 r
  U188/Y (BUF_X2M_A9TR40)                                       0.196430  0.171294   1.356164 r
  n164 (net)                                   16     0.018413            0.000000   1.356164 r
  U192/B0 (AOI2XB1_X1M_A9TR40)                                  0.196430  0.000015   1.356179 r
  U192/Y (AOI2XB1_X1M_A9TR40)                                   0.089231  0.104741   1.460920 f
  n1 (net)                                      1     0.001588            0.000000   1.460920 f
  U178/A (BUFH_X1M_A9TR40)                                      0.089231  0.000027   1.460947 f
  U178/Y (BUFH_X1M_A9TR40)                                      0.050187  0.101437   1.562385 f
  n172 (net)                                    2     0.002795            0.000000   1.562385 f
  U189/A (BUF_X2M_A9TR40)                                       0.050187  0.000020   1.562405 f
  U189/Y (BUF_X2M_A9TR40)                                       0.119513  0.144880   1.707285 f
  n170 (net)                                   16     0.018010            0.000000   1.707285 f
  U183/A (NOR2_X1A_A9TR40)                                      0.119513  0.000015   1.707299 f
  U183/Y (NOR2_X1A_A9TR40)                                      0.117579  0.105643   1.812942 r
  n3 (net)                                      1     0.001602            0.000000   1.812942 r
  U165/A (BUFH_X1M_A9TR40)                                      0.117579  0.000028   1.812970 r
  U165/Y (BUFH_X1M_A9TR40)                                      0.076291  0.112430   1.925400 r
  n169 (net)                                    2     0.002828            0.000000   1.925400 r
  U180/A (BUF_X2M_A9TR40)                                       0.076291  0.000020   1.925420 r
  U180/Y (BUF_X2M_A9TR40)                                       0.188724  0.166756   2.092176 r
  n167 (net)                                   16     0.017637            0.000000   2.092176 r
  U30/A1 (AOI22_X0P5M_A9TR40)                                   0.188724  0.000013   2.092189 r
  U30/Y (AOI22_X0P5M_A9TR40)                                    0.139917  0.167995   2.260184 f
  n17 (net)                                     1     0.001375            0.000000   2.260184 f
  U29/A0N (AO1B2_X0P5M_A9TR40)                                  0.139917  0.000024   2.260208 f
  U29/Y (AO1B2_X0P5M_A9TR40)                                    0.099884  0.100654   2.360862 r
  n72 (net)                                     1     0.001559            0.000000   2.360862 r
  det_medium_therm_q_reg[13]/D (DFFRPQ_X1M_A9TR40)              0.099884  0.000027   2.360888 r
  data arrival time                                                                  2.360888

  clock cal_clk (rise edge)                                               2.500000   2.500000
  clock network delay (ideal)                                             0.000000   2.500000
  clock uncertainty                                                       -0.050000  2.450000
  det_medium_therm_q_reg[13]/CK (DFFRPQ_X1M_A9TR40)                       0.000000   2.450000 r
  library setup time                                                      -0.082106  2.367894
  data required time                                                                 2.367894
  ----------------------------------------------------------------------------------------------
  data required time                                                                 2.367894
  data arrival time                                                                  -2.360888
  ----------------------------------------------------------------------------------------------
  slack (MET)                                                                        0.007005


  Startpoint: state_q_reg[2]
              (rising edge-triggered flip-flop clocked by cal_clk)
  Endpoint: det_medium_therm_q_reg[12]
            (rising edge-triggered flip-flop clocked by cal_clk)
  Path Group: cal_clk
  Path Type: max

  Des/Clust/Port     Wire Load Model       Library
  ------------------------------------------------
  ftc_detection_margin_manager
                     Small                 sc9mc_logic0040ll_base_rvt_c40_ss_typical_max_0p99v_125c

  Point                                       Fanout       Cap     Trans      Incr       Path
  ----------------------------------------------------------------------------------------------
  clock cal_clk (rise edge)                                               0.000000   0.000000
  clock network delay (ideal)                                             0.000000   0.000000
  state_q_reg[2]/CK (DFFRPQ_X1M_A9TR40)                         0.050000  0.000000   0.000000 r
  state_q_reg[2]/Q (DFFRPQ_X1M_A9TR40)                          0.086762  0.302334   0.302334 f
  state_q[2] (net)                              5     0.006072            0.000000   0.302334 f
  U134/A (INV_X0P5B_A9TR40)                                     0.086762  0.000015   0.302348 f
  U134/Y (INV_X0P5B_A9TR40)                                     0.158167  0.119887   0.422236 r
  n50 (net)                                     3     0.003803            0.000000   0.422236 r
  U133/B (NAND2_X0P5A_A9TR40)                                   0.158167  0.000016   0.422252 r
  U133/Y (NAND2_X0P5A_A9TR40)                                   0.212014  0.192980   0.615232 f
  n37 (net)                                     4     0.004940            0.000000   0.615232 f
  U197/A (NOR3_X1A_A9TR40)                                      0.212014  0.000017   0.615248 f
  U197/Y (NOR3_X1A_A9TR40)                                      0.212610  0.183355   0.798603 r
  det_takeover_ready_o (net)                    2     0.002004            0.000000   0.798603 r
  U198/BN (NOR4BB_X0P7M_A9TR40)                                 0.212610  0.000018   0.798621 r
  U198/Y (NOR4BB_X0P7M_A9TR40)                                  0.199200  0.247360   1.045981 r
  n4 (net)                                      1     0.001602            0.000000   1.045981 r
  U141/A (BUFH_X1M_A9TR40)                                      0.199200  0.000028   1.046009 r
  U141/Y (BUFH_X1M_A9TR40)                                      0.077797  0.138841   1.184850 r
  n166 (net)                                    2     0.002828            0.000000   1.184850 r
  U188/A (BUF_X2M_A9TR40)                                       0.077797  0.000020   1.184870 r
  U188/Y (BUF_X2M_A9TR40)                                       0.196430  0.171294   1.356164 r
  n164 (net)                                   16     0.018413            0.000000   1.356164 r
  U192/B0 (AOI2XB1_X1M_A9TR40)                                  0.196430  0.000015   1.356179 r
  U192/Y (AOI2XB1_X1M_A9TR40)                                   0.089231  0.104741   1.460920 f
  n1 (net)                                      1     0.001588            0.000000   1.460920 f
  U178/A (BUFH_X1M_A9TR40)                                      0.089231  0.000027   1.460947 f
  U178/Y (BUFH_X1M_A9TR40)                                      0.050187  0.101437   1.562385 f
  n172 (net)                                    2     0.002795            0.000000   1.562385 f
  U189/A (BUF_X2M_A9TR40)                                       0.050187  0.000020   1.562405 f
  U189/Y (BUF_X2M_A9TR40)                                       0.119513  0.144880   1.707285 f
  n170 (net)                                   16     0.018010            0.000000   1.707285 f
  U183/A (NOR2_X1A_A9TR40)                                      0.119513  0.000015   1.707299 f
  U183/Y (NOR2_X1A_A9TR40)                                      0.117579  0.105643   1.812942 r
  n3 (net)                                      1     0.001602            0.000000   1.812942 r
  U165/A (BUFH_X1M_A9TR40)                                      0.117579  0.000028   1.812970 r
  U165/Y (BUFH_X1M_A9TR40)                                      0.076291  0.112430   1.925400 r
  n169 (net)                                    2     0.002828            0.000000   1.925400 r
  U180/A (BUF_X2M_A9TR40)                                       0.076291  0.000020   1.925420 r
  U180/Y (BUF_X2M_A9TR40)                                       0.188724  0.166756   2.092176 r
  n167 (net)                                   16     0.017637            0.000000   2.092176 r
  U28/A1 (AOI22_X0P5M_A9TR40)                                   0.188724  0.000013   2.092189 r
  U28/Y (AOI22_X0P5M_A9TR40)                                    0.139917  0.167995   2.260184 f
  n16 (net)                                     1     0.001375            0.000000   2.260184 f
  U27/A0N (AO1B2_X0P5M_A9TR40)                                  0.139917  0.000024   2.260208 f
  U27/Y (AO1B2_X0P5M_A9TR40)                                    0.099884  0.100654   2.360862 r
  n71 (net)                                     1     0.001559            0.000000   2.360862 r
  det_medium_therm_q_reg[12]/D (DFFRPQ_X1M_A9TR40)              0.099884  0.000027   2.360888 r
  data arrival time                                                                  2.360888

  clock cal_clk (rise edge)                                               2.500000   2.500000
  clock network delay (ideal)                                             0.000000   2.500000
  clock uncertainty                                                       -0.050000  2.450000
  det_medium_therm_q_reg[12]/CK (DFFRPQ_X1M_A9TR40)                       0.000000   2.450000 r
  library setup time                                                      -0.082106  2.367894
  data required time                                                                 2.367894
  ----------------------------------------------------------------------------------------------
  data required time                                                                 2.367894
  data arrival time                                                                  -2.360888
  ----------------------------------------------------------------------------------------------
  slack (MET)                                                                        0.007005


  Startpoint: state_q_reg[2]
              (rising edge-triggered flip-flop clocked by cal_clk)
  Endpoint: det_medium_therm_q_reg[11]
            (rising edge-triggered flip-flop clocked by cal_clk)
  Path Group: cal_clk
  Path Type: max

  Des/Clust/Port     Wire Load Model       Library
  ------------------------------------------------
  ftc_detection_margin_manager
                     Small                 sc9mc_logic0040ll_base_rvt_c40_ss_typical_max_0p99v_125c

  Point                                       Fanout       Cap     Trans      Incr       Path
  ----------------------------------------------------------------------------------------------
  clock cal_clk (rise edge)                                               0.000000   0.000000
  clock network delay (ideal)                                             0.000000   0.000000
  state_q_reg[2]/CK (DFFRPQ_X1M_A9TR40)                         0.050000  0.000000   0.000000 r
  state_q_reg[2]/Q (DFFRPQ_X1M_A9TR40)                          0.086762  0.302334   0.302334 f
  state_q[2] (net)                              5     0.006072            0.000000   0.302334 f
  U134/A (INV_X0P5B_A9TR40)                                     0.086762  0.000015   0.302348 f
  U134/Y (INV_X0P5B_A9TR40)                                     0.158167  0.119887   0.422236 r
  n50 (net)                                     3     0.003803            0.000000   0.422236 r
  U133/B (NAND2_X0P5A_A9TR40)                                   0.158167  0.000016   0.422252 r
  U133/Y (NAND2_X0P5A_A9TR40)                                   0.212014  0.192980   0.615232 f
  n37 (net)                                     4     0.004940            0.000000   0.615232 f
  U197/A (NOR3_X1A_A9TR40)                                      0.212014  0.000017   0.615248 f
  U197/Y (NOR3_X1A_A9TR40)                                      0.212610  0.183355   0.798603 r
  det_takeover_ready_o (net)                    2     0.002004            0.000000   0.798603 r
  U198/BN (NOR4BB_X0P7M_A9TR40)                                 0.212610  0.000018   0.798621 r
  U198/Y (NOR4BB_X0P7M_A9TR40)                                  0.199200  0.247360   1.045981 r
  n4 (net)                                      1     0.001602            0.000000   1.045981 r
  U141/A (BUFH_X1M_A9TR40)                                      0.199200  0.000028   1.046009 r
  U141/Y (BUFH_X1M_A9TR40)                                      0.077797  0.138841   1.184850 r
  n166 (net)                                    2     0.002828            0.000000   1.184850 r
  U188/A (BUF_X2M_A9TR40)                                       0.077797  0.000020   1.184870 r
  U188/Y (BUF_X2M_A9TR40)                                       0.196430  0.171294   1.356164 r
  n164 (net)                                   16     0.018413            0.000000   1.356164 r
  U192/B0 (AOI2XB1_X1M_A9TR40)                                  0.196430  0.000015   1.356179 r
  U192/Y (AOI2XB1_X1M_A9TR40)                                   0.089231  0.104741   1.460920 f
  n1 (net)                                      1     0.001588            0.000000   1.460920 f
  U178/A (BUFH_X1M_A9TR40)                                      0.089231  0.000027   1.460947 f
  U178/Y (BUFH_X1M_A9TR40)                                      0.050187  0.101437   1.562385 f
  n172 (net)                                    2     0.002795            0.000000   1.562385 f
  U189/A (BUF_X2M_A9TR40)                                       0.050187  0.000020   1.562405 f
  U189/Y (BUF_X2M_A9TR40)                                       0.119513  0.144880   1.707285 f
  n170 (net)                                   16     0.018010            0.000000   1.707285 f
  U183/A (NOR2_X1A_A9TR40)                                      0.119513  0.000015   1.707299 f
  U183/Y (NOR2_X1A_A9TR40)                                      0.117579  0.105643   1.812942 r
  n3 (net)                                      1     0.001602            0.000000   1.812942 r
  U165/A (BUFH_X1M_A9TR40)                                      0.117579  0.000028   1.812970 r
  U165/Y (BUFH_X1M_A9TR40)                                      0.076291  0.112430   1.925400 r
  n169 (net)                                    2     0.002828            0.000000   1.925400 r
  U180/A (BUF_X2M_A9TR40)                                       0.076291  0.000020   1.925420 r
  U180/Y (BUF_X2M_A9TR40)                                       0.188724  0.166756   2.092176 r
  n167 (net)                                   16     0.017637            0.000000   2.092176 r
  U26/A1 (AOI22_X0P5M_A9TR40)                                   0.188724  0.000013   2.092189 r
  U26/Y (AOI22_X0P5M_A9TR40)                                    0.139917  0.167995   2.260184 f
  n15 (net)                                     1     0.001375            0.000000   2.260184 f
  U25/A0N (AO1B2_X0P5M_A9TR40)                                  0.139917  0.000024   2.260208 f
  U25/Y (AO1B2_X0P5M_A9TR40)                                    0.099884  0.100654   2.360862 r
  n70 (net)                                     1     0.001559            0.000000   2.360862 r
  det_medium_therm_q_reg[11]/D (DFFRPQ_X1M_A9TR40)              0.099884  0.000027   2.360888 r
  data arrival time                                                                  2.360888

  clock cal_clk (rise edge)                                               2.500000   2.500000
  clock network delay (ideal)                                             0.000000   2.500000
  clock uncertainty                                                       -0.050000  2.450000
  det_medium_therm_q_reg[11]/CK (DFFRPQ_X1M_A9TR40)                       0.000000   2.450000 r
  library setup time                                                      -0.082106  2.367894
  data required time                                                                 2.367894
  ----------------------------------------------------------------------------------------------
  data required time                                                                 2.367894
  data arrival time                                                                  -2.360888
  ----------------------------------------------------------------------------------------------
  slack (MET)                                                                        0.007005


  Startpoint: state_q_reg[2]
              (rising edge-triggered flip-flop clocked by cal_clk)
  Endpoint: det_medium_therm_q_reg[10]
            (rising edge-triggered flip-flop clocked by cal_clk)
  Path Group: cal_clk
  Path Type: max

  Des/Clust/Port     Wire Load Model       Library
  ------------------------------------------------
  ftc_detection_margin_manager
                     Small                 sc9mc_logic0040ll_base_rvt_c40_ss_typical_max_0p99v_125c

  Point                                       Fanout       Cap     Trans      Incr       Path
  ----------------------------------------------------------------------------------------------
  clock cal_clk (rise edge)                                               0.000000   0.000000
  clock network delay (ideal)                                             0.000000   0.000000
  state_q_reg[2]/CK (DFFRPQ_X1M_A9TR40)                         0.050000  0.000000   0.000000 r
  state_q_reg[2]/Q (DFFRPQ_X1M_A9TR40)                          0.086762  0.302334   0.302334 f
  state_q[2] (net)                              5     0.006072            0.000000   0.302334 f
  U134/A (INV_X0P5B_A9TR40)                                     0.086762  0.000015   0.302348 f
  U134/Y (INV_X0P5B_A9TR40)                                     0.158167  0.119887   0.422236 r
  n50 (net)                                     3     0.003803            0.000000   0.422236 r
  U133/B (NAND2_X0P5A_A9TR40)                                   0.158167  0.000016   0.422252 r
  U133/Y (NAND2_X0P5A_A9TR40)                                   0.212014  0.192980   0.615232 f
  n37 (net)                                     4     0.004940            0.000000   0.615232 f
  U197/A (NOR3_X1A_A9TR40)                                      0.212014  0.000017   0.615248 f
  U197/Y (NOR3_X1A_A9TR40)                                      0.212610  0.183355   0.798603 r
  det_takeover_ready_o (net)                    2     0.002004            0.000000   0.798603 r
  U198/BN (NOR4BB_X0P7M_A9TR40)                                 0.212610  0.000018   0.798621 r
  U198/Y (NOR4BB_X0P7M_A9TR40)                                  0.199200  0.247360   1.045981 r
  n4 (net)                                      1     0.001602            0.000000   1.045981 r
  U141/A (BUFH_X1M_A9TR40)                                      0.199200  0.000028   1.046009 r
  U141/Y (BUFH_X1M_A9TR40)                                      0.077797  0.138841   1.184850 r
  n166 (net)                                    2     0.002828            0.000000   1.184850 r
  U188/A (BUF_X2M_A9TR40)                                       0.077797  0.000020   1.184870 r
  U188/Y (BUF_X2M_A9TR40)                                       0.196430  0.171294   1.356164 r
  n164 (net)                                   16     0.018413            0.000000   1.356164 r
  U192/B0 (AOI2XB1_X1M_A9TR40)                                  0.196430  0.000015   1.356179 r
  U192/Y (AOI2XB1_X1M_A9TR40)                                   0.089231  0.104741   1.460920 f
  n1 (net)                                      1     0.001588            0.000000   1.460920 f
  U178/A (BUFH_X1M_A9TR40)                                      0.089231  0.000027   1.460947 f
  U178/Y (BUFH_X1M_A9TR40)                                      0.050187  0.101437   1.562385 f
  n172 (net)                                    2     0.002795            0.000000   1.562385 f
  U189/A (BUF_X2M_A9TR40)                                       0.050187  0.000020   1.562405 f
  U189/Y (BUF_X2M_A9TR40)                                       0.119513  0.144880   1.707285 f
  n170 (net)                                   16     0.018010            0.000000   1.707285 f
  U183/A (NOR2_X1A_A9TR40)                                      0.119513  0.000015   1.707299 f
  U183/Y (NOR2_X1A_A9TR40)                                      0.117579  0.105643   1.812942 r
  n3 (net)                                      1     0.001602            0.000000   1.812942 r
  U165/A (BUFH_X1M_A9TR40)                                      0.117579  0.000028   1.812970 r
  U165/Y (BUFH_X1M_A9TR40)                                      0.076291  0.112430   1.925400 r
  n169 (net)                                    2     0.002828            0.000000   1.925400 r
  U180/A (BUF_X2M_A9TR40)                                       0.076291  0.000020   1.925420 r
  U180/Y (BUF_X2M_A9TR40)                                       0.188724  0.166756   2.092176 r
  n167 (net)                                   16     0.017637            0.000000   2.092176 r
  U24/A1 (AOI22_X0P5M_A9TR40)                                   0.188724  0.000013   2.092189 r
  U24/Y (AOI22_X0P5M_A9TR40)                                    0.139917  0.167995   2.260184 f
  n14 (net)                                     1     0.001375            0.000000   2.260184 f
  U23/A0N (AO1B2_X0P5M_A9TR40)                                  0.139917  0.000024   2.260208 f
  U23/Y (AO1B2_X0P5M_A9TR40)                                    0.099884  0.100654   2.360862 r
  n69 (net)                                     1     0.001559            0.000000   2.360862 r
  det_medium_therm_q_reg[10]/D (DFFRPQ_X1M_A9TR40)              0.099884  0.000027   2.360888 r
  data arrival time                                                                  2.360888

  clock cal_clk (rise edge)                                               2.500000   2.500000
  clock network delay (ideal)                                             0.000000   2.500000
  clock uncertainty                                                       -0.050000  2.450000
  det_medium_therm_q_reg[10]/CK (DFFRPQ_X1M_A9TR40)                       0.000000   2.450000 r
  library setup time                                                      -0.082106  2.367894
  data required time                                                                 2.367894
  ----------------------------------------------------------------------------------------------
  data required time                                                                 2.367894
  data arrival time                                                                  -2.360888
  ----------------------------------------------------------------------------------------------
  slack (MET)                                                                        0.007005


  Startpoint: state_q_reg[2]
              (rising edge-triggered flip-flop clocked by cal_clk)
  Endpoint: det_fine_therm_q_reg[9]
            (rising edge-triggered flip-flop clocked by cal_clk)
  Path Group: cal_clk
  Path Type: max

  Des/Clust/Port     Wire Load Model       Library
  ------------------------------------------------
  ftc_detection_margin_manager
                     Small                 sc9mc_logic0040ll_base_rvt_c40_ss_typical_max_0p99v_125c

  Point                                       Fanout       Cap     Trans      Incr       Path
  ----------------------------------------------------------------------------------------------
  clock cal_clk (rise edge)                                               0.000000   0.000000
  clock network delay (ideal)                                             0.000000   0.000000
  state_q_reg[2]/CK (DFFRPQ_X1M_A9TR40)                         0.050000  0.000000   0.000000 r
  state_q_reg[2]/Q (DFFRPQ_X1M_A9TR40)                          0.086762  0.302334   0.302334 f
  state_q[2] (net)                              5     0.006072            0.000000   0.302334 f
  U134/A (INV_X0P5B_A9TR40)                                     0.086762  0.000015   0.302348 f
  U134/Y (INV_X0P5B_A9TR40)                                     0.158167  0.119887   0.422236 r
  n50 (net)                                     3     0.003803            0.000000   0.422236 r
  U133/B (NAND2_X0P5A_A9TR40)                                   0.158167  0.000016   0.422252 r
  U133/Y (NAND2_X0P5A_A9TR40)                                   0.212014  0.192980   0.615232 f
  n37 (net)                                     4     0.004940            0.000000   0.615232 f
  U197/A (NOR3_X1A_A9TR40)                                      0.212014  0.000017   0.615248 f
  U197/Y (NOR3_X1A_A9TR40)                                      0.212610  0.183355   0.798603 r
  det_takeover_ready_o (net)                    2     0.002004            0.000000   0.798603 r
  U198/BN (NOR4BB_X0P7M_A9TR40)                                 0.212610  0.000018   0.798621 r
  U198/Y (NOR4BB_X0P7M_A9TR40)                                  0.199200  0.247360   1.045981 r
  n4 (net)                                      1     0.001602            0.000000   1.045981 r
  U141/A (BUFH_X1M_A9TR40)                                      0.199200  0.000028   1.046009 r
  U141/Y (BUFH_X1M_A9TR40)                                      0.077797  0.138841   1.184850 r
  n166 (net)                                    2     0.002828            0.000000   1.184850 r
  U188/A (BUF_X2M_A9TR40)                                       0.077797  0.000020   1.184870 r
  U188/Y (BUF_X2M_A9TR40)                                       0.196430  0.171294   1.356164 r
  n164 (net)                                   16     0.018413            0.000000   1.356164 r
  U192/B0 (AOI2XB1_X1M_A9TR40)                                  0.196430  0.000015   1.356179 r
  U192/Y (AOI2XB1_X1M_A9TR40)                                   0.089231  0.104741   1.460920 f
  n1 (net)                                      1     0.001588            0.000000   1.460920 f
  U178/A (BUFH_X1M_A9TR40)                                      0.089231  0.000027   1.460947 f
  U178/Y (BUFH_X1M_A9TR40)                                      0.050187  0.101437   1.562385 f
  n172 (net)                                    2     0.002795            0.000000   1.562385 f
  U189/A (BUF_X2M_A9TR40)                                       0.050187  0.000020   1.562405 f
  U189/Y (BUF_X2M_A9TR40)                                       0.119513  0.144880   1.707285 f
  n170 (net)                                   16     0.018010            0.000000   1.707285 f
  U183/A (NOR2_X1A_A9TR40)                                      0.119513  0.000015   1.707299 f
  U183/Y (NOR2_X1A_A9TR40)                                      0.117579  0.105643   1.812942 r
  n3 (net)                                      1     0.001602            0.000000   1.812942 r
  U165/A (BUFH_X1M_A9TR40)                                      0.117579  0.000028   1.812970 r
  U165/Y (BUFH_X1M_A9TR40)                                      0.076291  0.112430   1.925400 r
  n169 (net)                                    2     0.002828            0.000000   1.925400 r
  U180/A (BUF_X2M_A9TR40)                                       0.076291  0.000020   1.925420 r
  U180/Y (BUF_X2M_A9TR40)                                       0.188724  0.166756   2.092176 r
  n167 (net)                                   16     0.017637            0.000000   2.092176 r
  U63/A1 (AOI22_X0P5M_A9TR40)                                   0.188724  0.000013   2.092189 r
  U63/Y (AOI22_X0P5M_A9TR40)                                    0.139917  0.167995   2.260184 f
  n31 (net)                                     1     0.001375            0.000000   2.260184 f
  U62/A0N (AO1B2_X0P5M_A9TR40)                                  0.139917  0.000024   2.260208 f
  U62/Y (AO1B2_X0P5M_A9TR40)                                    0.100342  0.100951   2.361158 r
  n93 (net)                                     1     0.001574            0.000000   2.361158 r
  det_fine_therm_q_reg[9]/D (DFFSQ_X1M_A9TR40)                  0.100342  0.000027   2.361186 r
  data arrival time                                                                  2.361186

  clock cal_clk (rise edge)                                               2.500000   2.500000
  clock network delay (ideal)                                             0.000000   2.500000
  clock uncertainty                                                       -0.050000  2.450000
  det_fine_therm_q_reg[9]/CK (DFFSQ_X1M_A9TR40)                           0.000000   2.450000 r
  library setup time                                                      -0.070604  2.379396
  data required time                                                                 2.379396
  ----------------------------------------------------------------------------------------------
  data required time                                                                 2.379396
  data arrival time                                                                  -2.361186
  ----------------------------------------------------------------------------------------------
  slack (MET)                                                                        0.018211


  Startpoint: state_q_reg[2]
              (rising edge-triggered flip-flop clocked by cal_clk)
  Endpoint: det_fine_therm_q_reg[8]
            (rising edge-triggered flip-flop clocked by cal_clk)
  Path Group: cal_clk
  Path Type: max

  Des/Clust/Port     Wire Load Model       Library
  ------------------------------------------------
  ftc_detection_margin_manager
                     Small                 sc9mc_logic0040ll_base_rvt_c40_ss_typical_max_0p99v_125c

  Point                                       Fanout       Cap     Trans      Incr       Path
  ----------------------------------------------------------------------------------------------
  clock cal_clk (rise edge)                                               0.000000   0.000000
  clock network delay (ideal)                                             0.000000   0.000000
  state_q_reg[2]/CK (DFFRPQ_X1M_A9TR40)                         0.050000  0.000000   0.000000 r
  state_q_reg[2]/Q (DFFRPQ_X1M_A9TR40)                          0.086762  0.302334   0.302334 f
  state_q[2] (net)                              5     0.006072            0.000000   0.302334 f
  U134/A (INV_X0P5B_A9TR40)                                     0.086762  0.000015   0.302348 f
  U134/Y (INV_X0P5B_A9TR40)                                     0.158167  0.119887   0.422236 r
  n50 (net)                                     3     0.003803            0.000000   0.422236 r
  U133/B (NAND2_X0P5A_A9TR40)                                   0.158167  0.000016   0.422252 r
  U133/Y (NAND2_X0P5A_A9TR40)                                   0.212014  0.192980   0.615232 f
  n37 (net)                                     4     0.004940            0.000000   0.615232 f
  U197/A (NOR3_X1A_A9TR40)                                      0.212014  0.000017   0.615248 f
  U197/Y (NOR3_X1A_A9TR40)                                      0.212610  0.183355   0.798603 r
  det_takeover_ready_o (net)                    2     0.002004            0.000000   0.798603 r
  U198/BN (NOR4BB_X0P7M_A9TR40)                                 0.212610  0.000018   0.798621 r
  U198/Y (NOR4BB_X0P7M_A9TR40)                                  0.199200  0.247360   1.045981 r
  n4 (net)                                      1     0.001602            0.000000   1.045981 r
  U141/A (BUFH_X1M_A9TR40)                                      0.199200  0.000028   1.046009 r
  U141/Y (BUFH_X1M_A9TR40)                                      0.077797  0.138841   1.184850 r
  n166 (net)                                    2     0.002828            0.000000   1.184850 r
  U188/A (BUF_X2M_A9TR40)                                       0.077797  0.000020   1.184870 r
  U188/Y (BUF_X2M_A9TR40)                                       0.196430  0.171294   1.356164 r
  n164 (net)                                   16     0.018413            0.000000   1.356164 r
  U192/B0 (AOI2XB1_X1M_A9TR40)                                  0.196430  0.000015   1.356179 r
  U192/Y (AOI2XB1_X1M_A9TR40)                                   0.089231  0.104741   1.460920 f
  n1 (net)                                      1     0.001588            0.000000   1.460920 f
  U178/A (BUFH_X1M_A9TR40)                                      0.089231  0.000027   1.460947 f
  U178/Y (BUFH_X1M_A9TR40)                                      0.050187  0.101437   1.562385 f
  n172 (net)                                    2     0.002795            0.000000   1.562385 f
  U189/A (BUF_X2M_A9TR40)                                       0.050187  0.000020   1.562405 f
  U189/Y (BUF_X2M_A9TR40)                                       0.119513  0.144880   1.707285 f
  n170 (net)                                   16     0.018010            0.000000   1.707285 f
  U183/A (NOR2_X1A_A9TR40)                                      0.119513  0.000015   1.707299 f
  U183/Y (NOR2_X1A_A9TR40)                                      0.117579  0.105643   1.812942 r
  n3 (net)                                      1     0.001602            0.000000   1.812942 r
  U165/A (BUFH_X1M_A9TR40)                                      0.117579  0.000028   1.812970 r
  U165/Y (BUFH_X1M_A9TR40)                                      0.076291  0.112430   1.925400 r
  n169 (net)                                    2     0.002828            0.000000   1.925400 r
  U180/A (BUF_X2M_A9TR40)                                       0.076291  0.000020   1.925420 r
  U180/Y (BUF_X2M_A9TR40)                                       0.188724  0.166756   2.092176 r
  n167 (net)                                   16     0.017637            0.000000   2.092176 r
  U60/A1 (AOI22_X0P5M_A9TR40)                                   0.188724  0.000013   2.092189 r
  U60/Y (AOI22_X0P5M_A9TR40)                                    0.139917  0.167995   2.260184 f
  n30 (net)                                     1     0.001375            0.000000   2.260184 f
  U59/A0N (AO1B2_X0P5M_A9TR40)                                  0.139917  0.000024   2.260208 f
  U59/Y (AO1B2_X0P5M_A9TR40)                                    0.100342  0.100951   2.361158 r
  n91 (net)                                     1     0.001574            0.000000   2.361158 r
  det_fine_therm_q_reg[8]/D (DFFSQ_X1M_A9TR40)                  0.100342  0.000027   2.361186 r
  data arrival time                                                                  2.361186

  clock cal_clk (rise edge)                                               2.500000   2.500000
  clock network delay (ideal)                                             0.000000   2.500000
  clock uncertainty                                                       -0.050000  2.450000
  det_fine_therm_q_reg[8]/CK (DFFSQ_X1M_A9TR40)                           0.000000   2.450000 r
  library setup time                                                      -0.070604  2.379396
  data required time                                                                 2.379396
  ----------------------------------------------------------------------------------------------
  data required time                                                                 2.379396
  data arrival time                                                                  -2.361186
  ----------------------------------------------------------------------------------------------
  slack (MET)                                                                        0.018211


  Startpoint: state_q_reg[2]
              (rising edge-triggered flip-flop clocked by cal_clk)
  Endpoint: det_fine_therm_q_reg[7]
            (rising edge-triggered flip-flop clocked by cal_clk)
  Path Group: cal_clk
  Path Type: max

  Des/Clust/Port     Wire Load Model       Library
  ------------------------------------------------
  ftc_detection_margin_manager
                     Small                 sc9mc_logic0040ll_base_rvt_c40_ss_typical_max_0p99v_125c

  Point                                       Fanout       Cap     Trans      Incr       Path
  ----------------------------------------------------------------------------------------------
  clock cal_clk (rise edge)                                               0.000000   0.000000
  clock network delay (ideal)                                             0.000000   0.000000
  state_q_reg[2]/CK (DFFRPQ_X1M_A9TR40)                         0.050000  0.000000   0.000000 r
  state_q_reg[2]/Q (DFFRPQ_X1M_A9TR40)                          0.086762  0.302334   0.302334 f
  state_q[2] (net)                              5     0.006072            0.000000   0.302334 f
  U134/A (INV_X0P5B_A9TR40)                                     0.086762  0.000015   0.302348 f
  U134/Y (INV_X0P5B_A9TR40)                                     0.158167  0.119887   0.422236 r
  n50 (net)                                     3     0.003803            0.000000   0.422236 r
  U133/B (NAND2_X0P5A_A9TR40)                                   0.158167  0.000016   0.422252 r
  U133/Y (NAND2_X0P5A_A9TR40)                                   0.212014  0.192980   0.615232 f
  n37 (net)                                     4     0.004940            0.000000   0.615232 f
  U197/A (NOR3_X1A_A9TR40)                                      0.212014  0.000017   0.615248 f
  U197/Y (NOR3_X1A_A9TR40)                                      0.212610  0.183355   0.798603 r
  det_takeover_ready_o (net)                    2     0.002004            0.000000   0.798603 r
  U198/BN (NOR4BB_X0P7M_A9TR40)                                 0.212610  0.000018   0.798621 r
  U198/Y (NOR4BB_X0P7M_A9TR40)                                  0.199200  0.247360   1.045981 r
  n4 (net)                                      1     0.001602            0.000000   1.045981 r
  U141/A (BUFH_X1M_A9TR40)                                      0.199200  0.000028   1.046009 r
  U141/Y (BUFH_X1M_A9TR40)                                      0.077797  0.138841   1.184850 r
  n166 (net)                                    2     0.002828            0.000000   1.184850 r
  U188/A (BUF_X2M_A9TR40)                                       0.077797  0.000020   1.184870 r
  U188/Y (BUF_X2M_A9TR40)                                       0.196430  0.171294   1.356164 r
  n164 (net)                                   16     0.018413            0.000000   1.356164 r
  U192/B0 (AOI2XB1_X1M_A9TR40)                                  0.196430  0.000015   1.356179 r
  U192/Y (AOI2XB1_X1M_A9TR40)                                   0.089231  0.104741   1.460920 f
  n1 (net)                                      1     0.001588            0.000000   1.460920 f
  U178/A (BUFH_X1M_A9TR40)                                      0.089231  0.000027   1.460947 f
  U178/Y (BUFH_X1M_A9TR40)                                      0.050187  0.101437   1.562385 f
  n172 (net)                                    2     0.002795            0.000000   1.562385 f
  U189/A (BUF_X2M_A9TR40)                                       0.050187  0.000020   1.562405 f
  U189/Y (BUF_X2M_A9TR40)                                       0.119513  0.144880   1.707285 f
  n170 (net)                                   16     0.018010            0.000000   1.707285 f
  U183/A (NOR2_X1A_A9TR40)                                      0.119513  0.000015   1.707299 f
  U183/Y (NOR2_X1A_A9TR40)                                      0.117579  0.105643   1.812942 r
  n3 (net)                                      1     0.001602            0.000000   1.812942 r
  U165/A (BUFH_X1M_A9TR40)                                      0.117579  0.000028   1.812970 r
  U165/Y (BUFH_X1M_A9TR40)                                      0.076291  0.112430   1.925400 r
  n169 (net)                                    2     0.002828            0.000000   1.925400 r
  U180/A (BUF_X2M_A9TR40)                                       0.076291  0.000020   1.925420 r
  U180/Y (BUF_X2M_A9TR40)                                       0.188724  0.166756   2.092176 r
  n167 (net)                                   16     0.017637            0.000000   2.092176 r
  U57/A1 (AOI22_X0P5M_A9TR40)                                   0.188724  0.000013   2.092189 r
  U57/Y (AOI22_X0P5M_A9TR40)                                    0.139917  0.167995   2.260184 f
  n29 (net)                                     1     0.001375            0.000000   2.260184 f
  U56/A0N (AO1B2_X0P5M_A9TR40)                                  0.139917  0.000024   2.260208 f
  U56/Y (AO1B2_X0P5M_A9TR40)                                    0.100342  0.100951   2.361158 r
  n89 (net)                                     1     0.001574            0.000000   2.361158 r
  det_fine_therm_q_reg[7]/D (DFFSQ_X1M_A9TR40)                  0.100342  0.000027   2.361186 r
  data arrival time                                                                  2.361186

  clock cal_clk (rise edge)                                               2.500000   2.500000
  clock network delay (ideal)                                             0.000000   2.500000
  clock uncertainty                                                       -0.050000  2.450000
  det_fine_therm_q_reg[7]/CK (DFFSQ_X1M_A9TR40)                           0.000000   2.450000 r
  library setup time                                                      -0.070604  2.379396
  data required time                                                                 2.379396
  ----------------------------------------------------------------------------------------------
  data required time                                                                 2.379396
  data arrival time                                                                  -2.361186
  ----------------------------------------------------------------------------------------------
  slack (MET)                                                                        0.018211


  Startpoint: state_q_reg[2]
              (rising edge-triggered flip-flop clocked by cal_clk)
  Endpoint: det_fine_therm_q_reg[6]
            (rising edge-triggered flip-flop clocked by cal_clk)
  Path Group: cal_clk
  Path Type: max

  Des/Clust/Port     Wire Load Model       Library
  ------------------------------------------------
  ftc_detection_margin_manager
                     Small                 sc9mc_logic0040ll_base_rvt_c40_ss_typical_max_0p99v_125c

  Point                                       Fanout       Cap     Trans      Incr       Path
  ----------------------------------------------------------------------------------------------
  clock cal_clk (rise edge)                                               0.000000   0.000000
  clock network delay (ideal)                                             0.000000   0.000000
  state_q_reg[2]/CK (DFFRPQ_X1M_A9TR40)                         0.050000  0.000000   0.000000 r
  state_q_reg[2]/Q (DFFRPQ_X1M_A9TR40)                          0.086762  0.302334   0.302334 f
  state_q[2] (net)                              5     0.006072            0.000000   0.302334 f
  U134/A (INV_X0P5B_A9TR40)                                     0.086762  0.000015   0.302348 f
  U134/Y (INV_X0P5B_A9TR40)                                     0.158167  0.119887   0.422236 r
  n50 (net)                                     3     0.003803            0.000000   0.422236 r
  U133/B (NAND2_X0P5A_A9TR40)                                   0.158167  0.000016   0.422252 r
  U133/Y (NAND2_X0P5A_A9TR40)                                   0.212014  0.192980   0.615232 f
  n37 (net)                                     4     0.004940            0.000000   0.615232 f
  U197/A (NOR3_X1A_A9TR40)                                      0.212014  0.000017   0.615248 f
  U197/Y (NOR3_X1A_A9TR40)                                      0.212610  0.183355   0.798603 r
  det_takeover_ready_o (net)                    2     0.002004            0.000000   0.798603 r
  U198/BN (NOR4BB_X0P7M_A9TR40)                                 0.212610  0.000018   0.798621 r
  U198/Y (NOR4BB_X0P7M_A9TR40)                                  0.199200  0.247360   1.045981 r
  n4 (net)                                      1     0.001602            0.000000   1.045981 r
  U141/A (BUFH_X1M_A9TR40)                                      0.199200  0.000028   1.046009 r
  U141/Y (BUFH_X1M_A9TR40)                                      0.077797  0.138841   1.184850 r
  n166 (net)                                    2     0.002828            0.000000   1.184850 r
  U188/A (BUF_X2M_A9TR40)                                       0.077797  0.000020   1.184870 r
  U188/Y (BUF_X2M_A9TR40)                                       0.196430  0.171294   1.356164 r
  n164 (net)                                   16     0.018413            0.000000   1.356164 r
  U192/B0 (AOI2XB1_X1M_A9TR40)                                  0.196430  0.000015   1.356179 r
  U192/Y (AOI2XB1_X1M_A9TR40)                                   0.089231  0.104741   1.460920 f
  n1 (net)                                      1     0.001588            0.000000   1.460920 f
  U178/A (BUFH_X1M_A9TR40)                                      0.089231  0.000027   1.460947 f
  U178/Y (BUFH_X1M_A9TR40)                                      0.050187  0.101437   1.562385 f
  n172 (net)                                    2     0.002795            0.000000   1.562385 f
  U189/A (BUF_X2M_A9TR40)                                       0.050187  0.000020   1.562405 f
  U189/Y (BUF_X2M_A9TR40)                                       0.119513  0.144880   1.707285 f
  n170 (net)                                   16     0.018010            0.000000   1.707285 f
  U183/A (NOR2_X1A_A9TR40)                                      0.119513  0.000015   1.707299 f
  U183/Y (NOR2_X1A_A9TR40)                                      0.117579  0.105643   1.812942 r
  n3 (net)                                      1     0.001602            0.000000   1.812942 r
  U165/A (BUFH_X1M_A9TR40)                                      0.117579  0.000028   1.812970 r
  U165/Y (BUFH_X1M_A9TR40)                                      0.076291  0.112430   1.925400 r
  n169 (net)                                    2     0.002828            0.000000   1.925400 r
  U180/A (BUF_X2M_A9TR40)                                       0.076291  0.000020   1.925420 r
  U180/Y (BUF_X2M_A9TR40)                                       0.188724  0.166756   2.092176 r
  n167 (net)                                   16     0.017637            0.000000   2.092176 r
  U54/A1 (AOI22_X0P5M_A9TR40)                                   0.188724  0.000013   2.092189 r
  U54/Y (AOI22_X0P5M_A9TR40)                                    0.139917  0.167995   2.260184 f
  n28 (net)                                     1     0.001375            0.000000   2.260184 f
  U53/A0N (AO1B2_X0P5M_A9TR40)                                  0.139917  0.000024   2.260208 f
  U53/Y (AO1B2_X0P5M_A9TR40)                                    0.100342  0.100951   2.361158 r
  n87 (net)                                     1     0.001574            0.000000   2.361158 r
  det_fine_therm_q_reg[6]/D (DFFSQ_X1M_A9TR40)                  0.100342  0.000027   2.361186 r
  data arrival time                                                                  2.361186

  clock cal_clk (rise edge)                                               2.500000   2.500000
  clock network delay (ideal)                                             0.000000   2.500000
  clock uncertainty                                                       -0.050000  2.450000
  det_fine_therm_q_reg[6]/CK (DFFSQ_X1M_A9TR40)                           0.000000   2.450000 r
  library setup time                                                      -0.070604  2.379396
  data required time                                                                 2.379396
  ----------------------------------------------------------------------------------------------
  data required time                                                                 2.379396
  data arrival time                                                                  -2.361186
  ----------------------------------------------------------------------------------------------
  slack (MET)                                                                        0.018211


  Startpoint: state_q_reg[2]
              (rising edge-triggered flip-flop clocked by cal_clk)
  Endpoint: det_fine_therm_q_reg[5]
            (rising edge-triggered flip-flop clocked by cal_clk)
  Path Group: cal_clk
  Path Type: max

  Des/Clust/Port     Wire Load Model       Library
  ------------------------------------------------
  ftc_detection_margin_manager
                     Small                 sc9mc_logic0040ll_base_rvt_c40_ss_typical_max_0p99v_125c

  Point                                       Fanout       Cap     Trans      Incr       Path
  ----------------------------------------------------------------------------------------------
  clock cal_clk (rise edge)                                               0.000000   0.000000
  clock network delay (ideal)                                             0.000000   0.000000
  state_q_reg[2]/CK (DFFRPQ_X1M_A9TR40)                         0.050000  0.000000   0.000000 r
  state_q_reg[2]/Q (DFFRPQ_X1M_A9TR40)                          0.086762  0.302334   0.302334 f
  state_q[2] (net)                              5     0.006072            0.000000   0.302334 f
  U134/A (INV_X0P5B_A9TR40)                                     0.086762  0.000015   0.302348 f
  U134/Y (INV_X0P5B_A9TR40)                                     0.158167  0.119887   0.422236 r
  n50 (net)                                     3     0.003803            0.000000   0.422236 r
  U133/B (NAND2_X0P5A_A9TR40)                                   0.158167  0.000016   0.422252 r
  U133/Y (NAND2_X0P5A_A9TR40)                                   0.212014  0.192980   0.615232 f
  n37 (net)                                     4     0.004940            0.000000   0.615232 f
  U197/A (NOR3_X1A_A9TR40)                                      0.212014  0.000017   0.615248 f
  U197/Y (NOR3_X1A_A9TR40)                                      0.212610  0.183355   0.798603 r
  det_takeover_ready_o (net)                    2     0.002004            0.000000   0.798603 r
  U198/BN (NOR4BB_X0P7M_A9TR40)                                 0.212610  0.000018   0.798621 r
  U198/Y (NOR4BB_X0P7M_A9TR40)                                  0.199200  0.247360   1.045981 r
  n4 (net)                                      1     0.001602            0.000000   1.045981 r
  U141/A (BUFH_X1M_A9TR40)                                      0.199200  0.000028   1.046009 r
  U141/Y (BUFH_X1M_A9TR40)                                      0.077797  0.138841   1.184850 r
  n166 (net)                                    2     0.002828            0.000000   1.184850 r
  U188/A (BUF_X2M_A9TR40)                                       0.077797  0.000020   1.184870 r
  U188/Y (BUF_X2M_A9TR40)                                       0.196430  0.171294   1.356164 r
  n164 (net)                                   16     0.018413            0.000000   1.356164 r
  U192/B0 (AOI2XB1_X1M_A9TR40)                                  0.196430  0.000015   1.356179 r
  U192/Y (AOI2XB1_X1M_A9TR40)                                   0.089231  0.104741   1.460920 f
  n1 (net)                                      1     0.001588            0.000000   1.460920 f
  U178/A (BUFH_X1M_A9TR40)                                      0.089231  0.000027   1.460947 f
  U178/Y (BUFH_X1M_A9TR40)                                      0.050187  0.101437   1.562385 f
  n172 (net)                                    2     0.002795            0.000000   1.562385 f
  U189/A (BUF_X2M_A9TR40)                                       0.050187  0.000020   1.562405 f
  U189/Y (BUF_X2M_A9TR40)                                       0.119513  0.144880   1.707285 f
  n170 (net)                                   16     0.018010            0.000000   1.707285 f
  U183/A (NOR2_X1A_A9TR40)                                      0.119513  0.000015   1.707299 f
  U183/Y (NOR2_X1A_A9TR40)                                      0.117579  0.105643   1.812942 r
  n3 (net)                                      1     0.001602            0.000000   1.812942 r
  U165/A (BUFH_X1M_A9TR40)                                      0.117579  0.000028   1.812970 r
  U165/Y (BUFH_X1M_A9TR40)                                      0.076291  0.112430   1.925400 r
  n169 (net)                                    2     0.002828            0.000000   1.925400 r
  U180/A (BUF_X2M_A9TR40)                                       0.076291  0.000020   1.925420 r
  U180/Y (BUF_X2M_A9TR40)                                       0.188724  0.166756   2.092176 r
  n167 (net)                                   16     0.017637            0.000000   2.092176 r
  U51/A1 (AOI22_X0P5M_A9TR40)                                   0.188724  0.000013   2.092189 r
  U51/Y (AOI22_X0P5M_A9TR40)                                    0.139917  0.167995   2.260184 f
  n27 (net)                                     1     0.001375            0.000000   2.260184 f
  U50/A0N (AO1B2_X0P5M_A9TR40)                                  0.139917  0.000024   2.260208 f
  U50/Y (AO1B2_X0P5M_A9TR40)                                    0.100342  0.100951   2.361158 r
  n85 (net)                                     1     0.001574            0.000000   2.361158 r
  det_fine_therm_q_reg[5]/D (DFFSQ_X1M_A9TR40)                  0.100342  0.000027   2.361186 r
  data arrival time                                                                  2.361186

  clock cal_clk (rise edge)                                               2.500000   2.500000
  clock network delay (ideal)                                             0.000000   2.500000
  clock uncertainty                                                       -0.050000  2.450000
  det_fine_therm_q_reg[5]/CK (DFFSQ_X1M_A9TR40)                           0.000000   2.450000 r
  library setup time                                                      -0.070604  2.379396
  data required time                                                                 2.379396
  ----------------------------------------------------------------------------------------------
  data required time                                                                 2.379396
  data arrival time                                                                  -2.361186
  ----------------------------------------------------------------------------------------------
  slack (MET)                                                                        0.018211


  Startpoint: state_q_reg[2]
              (rising edge-triggered flip-flop clocked by cal_clk)
  Endpoint: det_fine_therm_q_reg[4]
            (rising edge-triggered flip-flop clocked by cal_clk)
  Path Group: cal_clk
  Path Type: max

  Des/Clust/Port     Wire Load Model       Library
  ------------------------------------------------
  ftc_detection_margin_manager
                     Small                 sc9mc_logic0040ll_base_rvt_c40_ss_typical_max_0p99v_125c

  Point                                       Fanout       Cap     Trans      Incr       Path
  ----------------------------------------------------------------------------------------------
  clock cal_clk (rise edge)                                               0.000000   0.000000
  clock network delay (ideal)                                             0.000000   0.000000
  state_q_reg[2]/CK (DFFRPQ_X1M_A9TR40)                         0.050000  0.000000   0.000000 r
  state_q_reg[2]/Q (DFFRPQ_X1M_A9TR40)                          0.086762  0.302334   0.302334 f
  state_q[2] (net)                              5     0.006072            0.000000   0.302334 f
  U134/A (INV_X0P5B_A9TR40)                                     0.086762  0.000015   0.302348 f
  U134/Y (INV_X0P5B_A9TR40)                                     0.158167  0.119887   0.422236 r
  n50 (net)                                     3     0.003803            0.000000   0.422236 r
  U133/B (NAND2_X0P5A_A9TR40)                                   0.158167  0.000016   0.422252 r
  U133/Y (NAND2_X0P5A_A9TR40)                                   0.212014  0.192980   0.615232 f
  n37 (net)                                     4     0.004940            0.000000   0.615232 f
  U197/A (NOR3_X1A_A9TR40)                                      0.212014  0.000017   0.615248 f
  U197/Y (NOR3_X1A_A9TR40)                                      0.212610  0.183355   0.798603 r
  det_takeover_ready_o (net)                    2     0.002004            0.000000   0.798603 r
  U198/BN (NOR4BB_X0P7M_A9TR40)                                 0.212610  0.000018   0.798621 r
  U198/Y (NOR4BB_X0P7M_A9TR40)                                  0.199200  0.247360   1.045981 r
  n4 (net)                                      1     0.001602            0.000000   1.045981 r
  U141/A (BUFH_X1M_A9TR40)                                      0.199200  0.000028   1.046009 r
  U141/Y (BUFH_X1M_A9TR40)                                      0.077797  0.138841   1.184850 r
  n166 (net)                                    2     0.002828            0.000000   1.184850 r
  U188/A (BUF_X2M_A9TR40)                                       0.077797  0.000020   1.184870 r
  U188/Y (BUF_X2M_A9TR40)                                       0.196430  0.171294   1.356164 r
  n164 (net)                                   16     0.018413            0.000000   1.356164 r
  U192/B0 (AOI2XB1_X1M_A9TR40)                                  0.196430  0.000015   1.356179 r
  U192/Y (AOI2XB1_X1M_A9TR40)                                   0.089231  0.104741   1.460920 f
  n1 (net)                                      1     0.001588            0.000000   1.460920 f
  U178/A (BUFH_X1M_A9TR40)                                      0.089231  0.000027   1.460947 f
  U178/Y (BUFH_X1M_A9TR40)                                      0.050187  0.101437   1.562385 f
  n172 (net)                                    2     0.002795            0.000000   1.562385 f
  U189/A (BUF_X2M_A9TR40)                                       0.050187  0.000020   1.562405 f
  U189/Y (BUF_X2M_A9TR40)                                       0.119513  0.144880   1.707285 f
  n170 (net)                                   16     0.018010            0.000000   1.707285 f
  U183/A (NOR2_X1A_A9TR40)                                      0.119513  0.000015   1.707299 f
  U183/Y (NOR2_X1A_A9TR40)                                      0.117579  0.105643   1.812942 r
  n3 (net)                                      1     0.001602            0.000000   1.812942 r
  U165/A (BUFH_X1M_A9TR40)                                      0.117579  0.000028   1.812970 r
  U165/Y (BUFH_X1M_A9TR40)                                      0.076291  0.112430   1.925400 r
  n169 (net)                                    2     0.002828            0.000000   1.925400 r
  U180/A (BUF_X2M_A9TR40)                                       0.076291  0.000020   1.925420 r
  U180/Y (BUF_X2M_A9TR40)                                       0.188724  0.166756   2.092176 r
  n167 (net)                                   16     0.017637            0.000000   2.092176 r
  U48/A1 (AOI22_X0P5M_A9TR40)                                   0.188724  0.000013   2.092189 r
  U48/Y (AOI22_X0P5M_A9TR40)                                    0.139917  0.167995   2.260184 f
  n26 (net)                                     1     0.001375            0.000000   2.260184 f
  U47/A0N (AO1B2_X0P5M_A9TR40)                                  0.139917  0.000024   2.260208 f
  U47/Y (AO1B2_X0P5M_A9TR40)                                    0.100342  0.100951   2.361158 r
  n83 (net)                                     1     0.001574            0.000000   2.361158 r
  det_fine_therm_q_reg[4]/D (DFFSQ_X1M_A9TR40)                  0.100342  0.000027   2.361186 r
  data arrival time                                                                  2.361186

  clock cal_clk (rise edge)                                               2.500000   2.500000
  clock network delay (ideal)                                             0.000000   2.500000
  clock uncertainty                                                       -0.050000  2.450000
  det_fine_therm_q_reg[4]/CK (DFFSQ_X1M_A9TR40)                           0.000000   2.450000 r
  library setup time                                                      -0.070604  2.379396
  data required time                                                                 2.379396
  ----------------------------------------------------------------------------------------------
  data required time                                                                 2.379396
  data arrival time                                                                  -2.361186
  ----------------------------------------------------------------------------------------------
  slack (MET)                                                                        0.018211


  Startpoint: state_q_reg[2]
              (rising edge-triggered flip-flop clocked by cal_clk)
  Endpoint: det_fine_therm_q_reg[3]
            (rising edge-triggered flip-flop clocked by cal_clk)
  Path Group: cal_clk
  Path Type: max

  Des/Clust/Port     Wire Load Model       Library
  ------------------------------------------------
  ftc_detection_margin_manager
                     Small                 sc9mc_logic0040ll_base_rvt_c40_ss_typical_max_0p99v_125c

  Point                                       Fanout       Cap     Trans      Incr       Path
  ----------------------------------------------------------------------------------------------
  clock cal_clk (rise edge)                                               0.000000   0.000000
  clock network delay (ideal)                                             0.000000   0.000000
  state_q_reg[2]/CK (DFFRPQ_X1M_A9TR40)                         0.050000  0.000000   0.000000 r
  state_q_reg[2]/Q (DFFRPQ_X1M_A9TR40)                          0.086762  0.302334   0.302334 f
  state_q[2] (net)                              5     0.006072            0.000000   0.302334 f
  U134/A (INV_X0P5B_A9TR40)                                     0.086762  0.000015   0.302348 f
  U134/Y (INV_X0P5B_A9TR40)                                     0.158167  0.119887   0.422236 r
  n50 (net)                                     3     0.003803            0.000000   0.422236 r
  U133/B (NAND2_X0P5A_A9TR40)                                   0.158167  0.000016   0.422252 r
  U133/Y (NAND2_X0P5A_A9TR40)                                   0.212014  0.192980   0.615232 f
  n37 (net)                                     4     0.004940            0.000000   0.615232 f
  U197/A (NOR3_X1A_A9TR40)                                      0.212014  0.000017   0.615248 f
  U197/Y (NOR3_X1A_A9TR40)                                      0.212610  0.183355   0.798603 r
  det_takeover_ready_o (net)                    2     0.002004            0.000000   0.798603 r
  U198/BN (NOR4BB_X0P7M_A9TR40)                                 0.212610  0.000018   0.798621 r
  U198/Y (NOR4BB_X0P7M_A9TR40)                                  0.199200  0.247360   1.045981 r
  n4 (net)                                      1     0.001602            0.000000   1.045981 r
  U141/A (BUFH_X1M_A9TR40)                                      0.199200  0.000028   1.046009 r
  U141/Y (BUFH_X1M_A9TR40)                                      0.077797  0.138841   1.184850 r
  n166 (net)                                    2     0.002828            0.000000   1.184850 r
  U188/A (BUF_X2M_A9TR40)                                       0.077797  0.000020   1.184870 r
  U188/Y (BUF_X2M_A9TR40)                                       0.196430  0.171294   1.356164 r
  n164 (net)                                   16     0.018413            0.000000   1.356164 r
  U192/B0 (AOI2XB1_X1M_A9TR40)                                  0.196430  0.000015   1.356179 r
  U192/Y (AOI2XB1_X1M_A9TR40)                                   0.089231  0.104741   1.460920 f
  n1 (net)                                      1     0.001588            0.000000   1.460920 f
  U178/A (BUFH_X1M_A9TR40)                                      0.089231  0.000027   1.460947 f
  U178/Y (BUFH_X1M_A9TR40)                                      0.050187  0.101437   1.562385 f
  n172 (net)                                    2     0.002795            0.000000   1.562385 f
  U189/A (BUF_X2M_A9TR40)                                       0.050187  0.000020   1.562405 f
  U189/Y (BUF_X2M_A9TR40)                                       0.119513  0.144880   1.707285 f
  n170 (net)                                   16     0.018010            0.000000   1.707285 f
  U183/A (NOR2_X1A_A9TR40)                                      0.119513  0.000015   1.707299 f
  U183/Y (NOR2_X1A_A9TR40)                                      0.117579  0.105643   1.812942 r
  n3 (net)                                      1     0.001602            0.000000   1.812942 r
  U165/A (BUFH_X1M_A9TR40)                                      0.117579  0.000028   1.812970 r
  U165/Y (BUFH_X1M_A9TR40)                                      0.076291  0.112430   1.925400 r
  n169 (net)                                    2     0.002828            0.000000   1.925400 r
  U180/A (BUF_X2M_A9TR40)                                       0.076291  0.000020   1.925420 r
  U180/Y (BUF_X2M_A9TR40)                                       0.188724  0.166756   2.092176 r
  n167 (net)                                   16     0.017637            0.000000   2.092176 r
  U45/A1 (AOI22_X0P5M_A9TR40)                                   0.188724  0.000013   2.092189 r
  U45/Y (AOI22_X0P5M_A9TR40)                                    0.139917  0.167995   2.260184 f
  n25 (net)                                     1     0.001375            0.000000   2.260184 f
  U44/A0N (AO1B2_X0P5M_A9TR40)                                  0.139917  0.000024   2.260208 f
  U44/Y (AO1B2_X0P5M_A9TR40)                                    0.100342  0.100951   2.361158 r
  n81 (net)                                     1     0.001574            0.000000   2.361158 r
  det_fine_therm_q_reg[3]/D (DFFSQ_X1M_A9TR40)                  0.100342  0.000027   2.361186 r
  data arrival time                                                                  2.361186

  clock cal_clk (rise edge)                                               2.500000   2.500000
  clock network delay (ideal)                                             0.000000   2.500000
  clock uncertainty                                                       -0.050000  2.450000
  det_fine_therm_q_reg[3]/CK (DFFSQ_X1M_A9TR40)                           0.000000   2.450000 r
  library setup time                                                      -0.070604  2.379396
  data required time                                                                 2.379396
  ----------------------------------------------------------------------------------------------
  data required time                                                                 2.379396
  data arrival time                                                                  -2.361186
  ----------------------------------------------------------------------------------------------
  slack (MET)                                                                        0.018211


  Startpoint: state_q_reg[2]
              (rising edge-triggered flip-flop clocked by cal_clk)
  Endpoint: det_fine_therm_q_reg[2]
            (rising edge-triggered flip-flop clocked by cal_clk)
  Path Group: cal_clk
  Path Type: max

  Des/Clust/Port     Wire Load Model       Library
  ------------------------------------------------
  ftc_detection_margin_manager
                     Small                 sc9mc_logic0040ll_base_rvt_c40_ss_typical_max_0p99v_125c

  Point                                       Fanout       Cap     Trans      Incr       Path
  ----------------------------------------------------------------------------------------------
  clock cal_clk (rise edge)                                               0.000000   0.000000
  clock network delay (ideal)                                             0.000000   0.000000
  state_q_reg[2]/CK (DFFRPQ_X1M_A9TR40)                         0.050000  0.000000   0.000000 r
  state_q_reg[2]/Q (DFFRPQ_X1M_A9TR40)                          0.086762  0.302334   0.302334 f
  state_q[2] (net)                              5     0.006072            0.000000   0.302334 f
  U134/A (INV_X0P5B_A9TR40)                                     0.086762  0.000015   0.302348 f
  U134/Y (INV_X0P5B_A9TR40)                                     0.158167  0.119887   0.422236 r
  n50 (net)                                     3     0.003803            0.000000   0.422236 r
  U133/B (NAND2_X0P5A_A9TR40)                                   0.158167  0.000016   0.422252 r
  U133/Y (NAND2_X0P5A_A9TR40)                                   0.212014  0.192980   0.615232 f
  n37 (net)                                     4     0.004940            0.000000   0.615232 f
  U197/A (NOR3_X1A_A9TR40)                                      0.212014  0.000017   0.615248 f
  U197/Y (NOR3_X1A_A9TR40)                                      0.212610  0.183355   0.798603 r
  det_takeover_ready_o (net)                    2     0.002004            0.000000   0.798603 r
  U198/BN (NOR4BB_X0P7M_A9TR40)                                 0.212610  0.000018   0.798621 r
  U198/Y (NOR4BB_X0P7M_A9TR40)                                  0.199200  0.247360   1.045981 r
  n4 (net)                                      1     0.001602            0.000000   1.045981 r
  U141/A (BUFH_X1M_A9TR40)                                      0.199200  0.000028   1.046009 r
  U141/Y (BUFH_X1M_A9TR40)                                      0.077797  0.138841   1.184850 r
  n166 (net)                                    2     0.002828            0.000000   1.184850 r
  U188/A (BUF_X2M_A9TR40)                                       0.077797  0.000020   1.184870 r
  U188/Y (BUF_X2M_A9TR40)                                       0.196430  0.171294   1.356164 r
  n164 (net)                                   16     0.018413            0.000000   1.356164 r
  U192/B0 (AOI2XB1_X1M_A9TR40)                                  0.196430  0.000015   1.356179 r
  U192/Y (AOI2XB1_X1M_A9TR40)                                   0.089231  0.104741   1.460920 f
  n1 (net)                                      1     0.001588            0.000000   1.460920 f
  U178/A (BUFH_X1M_A9TR40)                                      0.089231  0.000027   1.460947 f
  U178/Y (BUFH_X1M_A9TR40)                                      0.050187  0.101437   1.562385 f
  n172 (net)                                    2     0.002795            0.000000   1.562385 f
  U189/A (BUF_X2M_A9TR40)                                       0.050187  0.000020   1.562405 f
  U189/Y (BUF_X2M_A9TR40)                                       0.119513  0.144880   1.707285 f
  n170 (net)                                   16     0.018010            0.000000   1.707285 f
  U183/A (NOR2_X1A_A9TR40)                                      0.119513  0.000015   1.707299 f
  U183/Y (NOR2_X1A_A9TR40)                                      0.117579  0.105643   1.812942 r
  n3 (net)                                      1     0.001602            0.000000   1.812942 r
  U165/A (BUFH_X1M_A9TR40)                                      0.117579  0.000028   1.812970 r
  U165/Y (BUFH_X1M_A9TR40)                                      0.076291  0.112430   1.925400 r
  n169 (net)                                    2     0.002828            0.000000   1.925400 r
  U180/A (BUF_X2M_A9TR40)                                       0.076291  0.000020   1.925420 r
  U180/Y (BUF_X2M_A9TR40)                                       0.188724  0.166756   2.092176 r
  n167 (net)                                   16     0.017637            0.000000   2.092176 r
  U42/A1 (AOI22_X0P5M_A9TR40)                                   0.188724  0.000013   2.092189 r
  U42/Y (AOI22_X0P5M_A9TR40)                                    0.139917  0.167995   2.260184 f
  n24 (net)                                     1     0.001375            0.000000   2.260184 f
  U41/A0N (AO1B2_X0P5M_A9TR40)                                  0.139917  0.000024   2.260208 f
  U41/Y (AO1B2_X0P5M_A9TR40)                                    0.100342  0.100951   2.361158 r
  n79 (net)                                     1     0.001574            0.000000   2.361158 r
  det_fine_therm_q_reg[2]/D (DFFSQ_X1M_A9TR40)                  0.100342  0.000027   2.361186 r
  data arrival time                                                                  2.361186

  clock cal_clk (rise edge)                                               2.500000   2.500000
  clock network delay (ideal)                                             0.000000   2.500000
  clock uncertainty                                                       -0.050000  2.450000
  det_fine_therm_q_reg[2]/CK (DFFSQ_X1M_A9TR40)                           0.000000   2.450000 r
  library setup time                                                      -0.070604  2.379396
  data required time                                                                 2.379396
  ----------------------------------------------------------------------------------------------
  data required time                                                                 2.379396
  data arrival time                                                                  -2.361186
  ----------------------------------------------------------------------------------------------
  slack (MET)                                                                        0.018211


  Startpoint: state_q_reg[2]
              (rising edge-triggered flip-flop clocked by cal_clk)
  Endpoint: det_fine_therm_q_reg[1]
            (rising edge-triggered flip-flop clocked by cal_clk)
  Path Group: cal_clk
  Path Type: max

  Des/Clust/Port     Wire Load Model       Library
  ------------------------------------------------
  ftc_detection_margin_manager
                     Small                 sc9mc_logic0040ll_base_rvt_c40_ss_typical_max_0p99v_125c

  Point                                       Fanout       Cap     Trans      Incr       Path
  ----------------------------------------------------------------------------------------------
  clock cal_clk (rise edge)                                               0.000000   0.000000
  clock network delay (ideal)                                             0.000000   0.000000
  state_q_reg[2]/CK (DFFRPQ_X1M_A9TR40)                         0.050000  0.000000   0.000000 r
  state_q_reg[2]/Q (DFFRPQ_X1M_A9TR40)                          0.086762  0.302334   0.302334 f
  state_q[2] (net)                              5     0.006072            0.000000   0.302334 f
  U134/A (INV_X0P5B_A9TR40)                                     0.086762  0.000015   0.302348 f
  U134/Y (INV_X0P5B_A9TR40)                                     0.158167  0.119887   0.422236 r
  n50 (net)                                     3     0.003803            0.000000   0.422236 r
  U133/B (NAND2_X0P5A_A9TR40)                                   0.158167  0.000016   0.422252 r
  U133/Y (NAND2_X0P5A_A9TR40)                                   0.212014  0.192980   0.615232 f
  n37 (net)                                     4     0.004940            0.000000   0.615232 f
  U197/A (NOR3_X1A_A9TR40)                                      0.212014  0.000017   0.615248 f
  U197/Y (NOR3_X1A_A9TR40)                                      0.212610  0.183355   0.798603 r
  det_takeover_ready_o (net)                    2     0.002004            0.000000   0.798603 r
  U198/BN (NOR4BB_X0P7M_A9TR40)                                 0.212610  0.000018   0.798621 r
  U198/Y (NOR4BB_X0P7M_A9TR40)                                  0.199200  0.247360   1.045981 r
  n4 (net)                                      1     0.001602            0.000000   1.045981 r
  U141/A (BUFH_X1M_A9TR40)                                      0.199200  0.000028   1.046009 r
  U141/Y (BUFH_X1M_A9TR40)                                      0.077797  0.138841   1.184850 r
  n166 (net)                                    2     0.002828            0.000000   1.184850 r
  U188/A (BUF_X2M_A9TR40)                                       0.077797  0.000020   1.184870 r
  U188/Y (BUF_X2M_A9TR40)                                       0.196430  0.171294   1.356164 r
  n164 (net)                                   16     0.018413            0.000000   1.356164 r
  U192/B0 (AOI2XB1_X1M_A9TR40)                                  0.196430  0.000015   1.356179 r
  U192/Y (AOI2XB1_X1M_A9TR40)                                   0.089231  0.104741   1.460920 f
  n1 (net)                                      1     0.001588            0.000000   1.460920 f
  U178/A (BUFH_X1M_A9TR40)                                      0.089231  0.000027   1.460947 f
  U178/Y (BUFH_X1M_A9TR40)                                      0.050187  0.101437   1.562385 f
  n172 (net)                                    2     0.002795            0.000000   1.562385 f
  U189/A (BUF_X2M_A9TR40)                                       0.050187  0.000020   1.562405 f
  U189/Y (BUF_X2M_A9TR40)                                       0.119513  0.144880   1.707285 f
  n170 (net)                                   16     0.018010            0.000000   1.707285 f
  U183/A (NOR2_X1A_A9TR40)                                      0.119513  0.000015   1.707299 f
  U183/Y (NOR2_X1A_A9TR40)                                      0.117579  0.105643   1.812942 r
  n3 (net)                                      1     0.001602            0.000000   1.812942 r
  U165/A (BUFH_X1M_A9TR40)                                      0.117579  0.000028   1.812970 r
  U165/Y (BUFH_X1M_A9TR40)                                      0.076291  0.112430   1.925400 r
  n169 (net)                                    2     0.002828            0.000000   1.925400 r
  U180/A (BUF_X2M_A9TR40)                                       0.076291  0.000020   1.925420 r
  U180/Y (BUF_X2M_A9TR40)                                       0.188724  0.166756   2.092176 r
  n167 (net)                                   16     0.017637            0.000000   2.092176 r
  U39/A1 (AOI22_X0P5M_A9TR40)                                   0.188724  0.000013   2.092189 r
  U39/Y (AOI22_X0P5M_A9TR40)                                    0.139917  0.167995   2.260184 f
  n23 (net)                                     1     0.001375            0.000000   2.260184 f
  U38/A0N (AO1B2_X0P5M_A9TR40)                                  0.139917  0.000024   2.260208 f
  U38/Y (AO1B2_X0P5M_A9TR40)                                    0.100342  0.100951   2.361158 r
  n77 (net)                                     1     0.001574            0.000000   2.361158 r
  det_fine_therm_q_reg[1]/D (DFFSQ_X1M_A9TR40)                  0.100342  0.000027   2.361186 r
  data arrival time                                                                  2.361186

  clock cal_clk (rise edge)                                               2.500000   2.500000
  clock network delay (ideal)                                             0.000000   2.500000
  clock uncertainty                                                       -0.050000  2.450000
  det_fine_therm_q_reg[1]/CK (DFFSQ_X1M_A9TR40)                           0.000000   2.450000 r
  library setup time                                                      -0.070604  2.379396
  data required time                                                                 2.379396
  ----------------------------------------------------------------------------------------------
  data required time                                                                 2.379396
  data arrival time                                                                  -2.361186
  ----------------------------------------------------------------------------------------------
  slack (MET)                                                                        0.018211


  Startpoint: state_q_reg[2]
              (rising edge-triggered flip-flop clocked by cal_clk)
  Endpoint: det_fine_therm_q_reg[0]
            (rising edge-triggered flip-flop clocked by cal_clk)
  Path Group: cal_clk
  Path Type: max

  Des/Clust/Port     Wire Load Model       Library
  ------------------------------------------------
  ftc_detection_margin_manager
                     Small                 sc9mc_logic0040ll_base_rvt_c40_ss_typical_max_0p99v_125c

  Point                                       Fanout       Cap     Trans      Incr       Path
  ----------------------------------------------------------------------------------------------
  clock cal_clk (rise edge)                                               0.000000   0.000000
  clock network delay (ideal)                                             0.000000   0.000000
  state_q_reg[2]/CK (DFFRPQ_X1M_A9TR40)                         0.050000  0.000000   0.000000 r
  state_q_reg[2]/Q (DFFRPQ_X1M_A9TR40)                          0.086762  0.302334   0.302334 f
  state_q[2] (net)                              5     0.006072            0.000000   0.302334 f
  U134/A (INV_X0P5B_A9TR40)                                     0.086762  0.000015   0.302348 f
  U134/Y (INV_X0P5B_A9TR40)                                     0.158167  0.119887   0.422236 r
  n50 (net)                                     3     0.003803            0.000000   0.422236 r
  U133/B (NAND2_X0P5A_A9TR40)                                   0.158167  0.000016   0.422252 r
  U133/Y (NAND2_X0P5A_A9TR40)                                   0.212014  0.192980   0.615232 f
  n37 (net)                                     4     0.004940            0.000000   0.615232 f
  U197/A (NOR3_X1A_A9TR40)                                      0.212014  0.000017   0.615248 f
  U197/Y (NOR3_X1A_A9TR40)                                      0.212610  0.183355   0.798603 r
  det_takeover_ready_o (net)                    2     0.002004            0.000000   0.798603 r
  U198/BN (NOR4BB_X0P7M_A9TR40)                                 0.212610  0.000018   0.798621 r
  U198/Y (NOR4BB_X0P7M_A9TR40)                                  0.199200  0.247360   1.045981 r
  n4 (net)                                      1     0.001602            0.000000   1.045981 r
  U141/A (BUFH_X1M_A9TR40)                                      0.199200  0.000028   1.046009 r
  U141/Y (BUFH_X1M_A9TR40)                                      0.077797  0.138841   1.184850 r
  n166 (net)                                    2     0.002828            0.000000   1.184850 r
  U188/A (BUF_X2M_A9TR40)                                       0.077797  0.000020   1.184870 r
  U188/Y (BUF_X2M_A9TR40)                                       0.196430  0.171294   1.356164 r
  n164 (net)                                   16     0.018413            0.000000   1.356164 r
  U192/B0 (AOI2XB1_X1M_A9TR40)                                  0.196430  0.000015   1.356179 r
  U192/Y (AOI2XB1_X1M_A9TR40)                                   0.089231  0.104741   1.460920 f
  n1 (net)                                      1     0.001588            0.000000   1.460920 f
  U178/A (BUFH_X1M_A9TR40)                                      0.089231  0.000027   1.460947 f
  U178/Y (BUFH_X1M_A9TR40)                                      0.050187  0.101437   1.562385 f
  n172 (net)                                    2     0.002795            0.000000   1.562385 f
  U189/A (BUF_X2M_A9TR40)                                       0.050187  0.000020   1.562405 f
  U189/Y (BUF_X2M_A9TR40)                                       0.119513  0.144880   1.707285 f
  n170 (net)                                   16     0.018010            0.000000   1.707285 f
  U183/A (NOR2_X1A_A9TR40)                                      0.119513  0.000015   1.707299 f
  U183/Y (NOR2_X1A_A9TR40)                                      0.117579  0.105643   1.812942 r
  n3 (net)                                      1     0.001602            0.000000   1.812942 r
  U165/A (BUFH_X1M_A9TR40)                                      0.117579  0.000028   1.812970 r
  U165/Y (BUFH_X1M_A9TR40)                                      0.076291  0.112430   1.925400 r
  n169 (net)                                    2     0.002828            0.000000   1.925400 r
  U180/A (BUF_X2M_A9TR40)                                       0.076291  0.000020   1.925420 r
  U180/Y (BUF_X2M_A9TR40)                                       0.188724  0.166756   2.092176 r
  n167 (net)                                   16     0.017637            0.000000   2.092176 r
  U36/A1 (AOI22_X0P5M_A9TR40)                                   0.188724  0.000013   2.092189 r
  U36/Y (AOI22_X0P5M_A9TR40)                                    0.139917  0.167995   2.260184 f
  n20 (net)                                     1     0.001375            0.000000   2.260184 f
  U35/A0N (AO1B2_X0P5M_A9TR40)                                  0.139917  0.000024   2.260208 f
  U35/Y (AO1B2_X0P5M_A9TR40)                                    0.100342  0.100951   2.361158 r
  n75 (net)                                     1     0.001574            0.000000   2.361158 r
  det_fine_therm_q_reg[0]/D (DFFSQ_X1M_A9TR40)                  0.100342  0.000027   2.361186 r
  data arrival time                                                                  2.361186

  clock cal_clk (rise edge)                                               2.500000   2.500000
  clock network delay (ideal)                                             0.000000   2.500000
  clock uncertainty                                                       -0.050000  2.450000
  det_fine_therm_q_reg[0]/CK (DFFSQ_X1M_A9TR40)                           0.000000   2.450000 r
  library setup time                                                      -0.070604  2.379396
  data required time                                                                 2.379396
  ----------------------------------------------------------------------------------------------
  data required time                                                                 2.379396
  data arrival time                                                                  -2.361186
  ----------------------------------------------------------------------------------------------
  slack (MET)                                                                        0.018211


  Startpoint: margin_sel_i[1]
              (input port clocked by cal_clk)
  Endpoint: target_medium_therm_q_reg[5]
            (rising edge-triggered flip-flop clocked by cal_clk)
  Path Group: cal_clk
  Path Type: max

  Des/Clust/Port     Wire Load Model       Library
  ------------------------------------------------
  ftc_detection_margin_manager
                     Small                 sc9mc_logic0040ll_base_rvt_c40_ss_typical_max_0p99v_125c

  Point                                       Fanout       Cap     Trans      Incr       Path
  ----------------------------------------------------------------------------------------------
  clock cal_clk (rise edge)                                               0.000000   0.000000
  clock network delay (ideal)                                             0.000000   0.000000
  input external delay                                                    0.500000   0.500000 f
  margin_sel_i[1] (in)                                          0.000000  0.000000   0.500000 f
  margin_sel_i[1] (net)                         5     0.007288            0.000000   0.500000 f
  u_exact_mapper/margin_sel_i[1] (ftc_detection_margin_mapper)            0.000000   0.500000 f
  u_exact_mapper/margin_sel_i[1] (net)                0.007288            0.000000   0.500000 f
  u_exact_mapper/U15/A (NOR2_X2A_A9TR40)                        0.000000  0.000023   0.500023 f
  u_exact_mapper/U15/Y (NOR2_X2A_A9TR40)                        0.140056  0.084422   0.584445 r
  u_exact_mapper/n26 (net)                      4     0.005291            0.000000   0.584445 r
  u_exact_mapper/U11/B (NAND3_X1M_A9TR40)                       0.140056  0.000017   0.584462 r
  u_exact_mapper/U11/Y (NAND3_X1M_A9TR40)                       0.105809  0.117497   0.701959 f
  u_exact_mapper/n19 (net)                      2     0.002663            0.000000   0.701959 f
  u_exact_mapper/U10/B (NAND2_X1A_A9TR40)                       0.105809  0.000020   0.701980 f
  u_exact_mapper/U10/Y (NAND2_X1A_A9TR40)                       0.108649  0.097643   0.799623 r
  u_exact_mapper/m_det_o[3]_snps (net)          3     0.003730            0.000000   0.799623 r
  u_exact_mapper/U38/AN (NAND2B_X1M_A9TR40)                     0.108649  0.000017   0.799640 r
  u_exact_mapper/U38/Y (NAND2B_X1M_A9TR40)                      0.127347  0.140179   0.939818 r
  u_exact_mapper/target_medium_therm_o[6]_snps (net)
                                                3     0.003752            0.000000   0.939818 r
  u_exact_mapper/U40/AN (NAND2B_X1M_A9TR40)                     0.127347  0.000017   0.939835 r
  u_exact_mapper/U40/Y (NAND2B_X1M_A9TR40)                      0.088074  0.135782   1.075618 r
  u_exact_mapper/target_medium_therm_o[4] (net)
                                                2     0.002678            0.000000   1.075618 r
  u_exact_mapper/U9/AN (NAND3B_X2M_A9TR40)                      0.088074  0.000020   1.075637 r
  u_exact_mapper/U9/Y (NAND3B_X2M_A9TR40)                       0.092041  0.109983   1.185620 r
  u_exact_mapper/target_medium_therm_o[3] (net)
                                                2     0.002755            0.000000   1.185620 r
  u_exact_mapper/U39/A (INV_X1M_A9TR40)                         0.092041  0.000021   1.185641 r
  u_exact_mapper/U39/Y (INV_X1M_A9TR40)                         0.060643  0.066249   1.251890 f
  u_exact_mapper/n4 (net)                       2     0.003397            0.000000   1.251890 f
  u_exact_mapper/U3/B (NAND2_X2A_A9TR40)                        0.060643  0.000031   1.251922 f
  u_exact_mapper/U3/Y (NAND2_X2A_A9TR40)                        0.076469  0.051822   1.303743 r
  u_exact_mapper/target_medium_therm_o[2] (net)
                                                2     0.002673            0.000000   1.303743 r
  u_exact_mapper/U16/AN (NAND3BB_X1M_A9TR40)                    0.076469  0.000020   1.303763 r
  u_exact_mapper/U16/Y (NAND3BB_X1M_A9TR40)                     0.177340  0.165037   1.468800 r
  u_exact_mapper/mapping_supported_o (net)      5     0.006760            0.000000   1.468800 r
  u_exact_mapper/mapping_supported_o (ftc_detection_margin_mapper)        0.000000   1.468800 r
  mapper_mapping_supported (net)                      0.006760            0.000000   1.468800 r
  U151/A (NAND2_X2A_A9TR40)                                     0.177340  0.000024   1.468824 r
  U151/Y (NAND2_X2A_A9TR40)                                     0.071609  0.079464   1.548287 f
  n38 (net)                                     2     0.002770            0.000000   1.548287 f
  U157/A (INV_X1M_A9TR40)                                       0.071609  0.000021   1.548308 f
  U157/Y (INV_X1M_A9TR40)                                       0.081496  0.070956   1.619264 r
  n137 (net)                                    2     0.002787            0.000000   1.619264 r
  U153/A (NAND2_X1M_A9TR40)                                     0.081496  0.000021   1.619285 r
  U153/Y (NAND2_X1M_A9TR40)                                     0.082906  0.068508   1.687793 f
  n44 (net)                                     2     0.002659            0.000000   1.687793 f
  U154/A (NOR2_X0P7B_A9TR40)                                    0.082906  0.000019   1.687812 f
  U154/Y (NOR2_X0P7B_A9TR40)                                    0.152263  0.115691   1.803502 r
  n42 (net)                                     2     0.002695            0.000000   1.803502 r
  U168/C (NAND3BB_X1M_A9TR40)                                   0.152263  0.000021   1.803523 r
  U168/Y (NAND3BB_X1M_A9TR40)                                   0.081266  0.101753   1.905276 f
  n21 (net)                                     1     0.002728            0.000000   1.905276 f
  U140/A (INV_X3P5B_A9TR40)                                     0.081266  0.000047   1.905323 f
  U140/Y (INV_X3P5B_A9TR40)                                     0.054964  0.054273   1.959595 r
  n163 (net)                                    5     0.006586            0.000000   1.959595 r
  U155/A (BUF_X1M_A9TR40)                                       0.054964  0.000016   1.959611 r
  U155/Y (BUF_X1M_A9TR40)                                       0.053319  0.089020   2.048631 r
  n162 (net)                                    1     0.001602            0.000000   2.048631 r
  U164/A (BUFH_X1M_A9TR40)                                      0.053319  0.000028   2.048659 r
  U164/Y (BUFH_X1M_A9TR40)                                      0.141520  0.122741   2.171401 r
  n158 (net)                                    5     0.006075            0.000000   2.171401 r
  U73/B1 (AO22_X0P5M_A9TR40)                                    0.141520  0.000015   2.171416 r
  U73/Y (AO22_X0P5M_A9TR40)                                     0.092067  0.174987   2.346403 r
  n100 (net)                                    1     0.001559            0.000000   2.346403 r
  target_medium_therm_q_reg[5]/D (DFFRPQ_X1M_A9TR40)            0.092067  0.000027   2.346430 r
  data arrival time                                                                  2.346430

  clock cal_clk (rise edge)                                               2.500000   2.500000
  clock network delay (ideal)                                             0.000000   2.500000
  clock uncertainty                                                       -0.050000  2.450000
  target_medium_therm_q_reg[5]/CK (DFFRPQ_X1M_A9TR40)                     0.000000   2.450000 r
  library setup time                                                      -0.079857  2.370143
  data required time                                                                 2.370143
  ----------------------------------------------------------------------------------------------
  data required time                                                                 2.370143
  data arrival time                                                                  -2.346430
  ----------------------------------------------------------------------------------------------
  slack (MET)                                                                        0.023713


  Startpoint: margin_sel_i[1]
              (input port clocked by cal_clk)
  Endpoint: target_medium_therm_q_reg[1]
            (rising edge-triggered flip-flop clocked by cal_clk)
  Path Group: cal_clk
  Path Type: max

  Des/Clust/Port     Wire Load Model       Library
  ------------------------------------------------
  ftc_detection_margin_manager
                     Small                 sc9mc_logic0040ll_base_rvt_c40_ss_typical_max_0p99v_125c

  Point                                       Fanout       Cap     Trans      Incr       Path
  ----------------------------------------------------------------------------------------------
  clock cal_clk (rise edge)                                               0.000000   0.000000
  clock network delay (ideal)                                             0.000000   0.000000
  input external delay                                                    0.500000   0.500000 f
  margin_sel_i[1] (in)                                          0.000000  0.000000   0.500000 f
  margin_sel_i[1] (net)                         5     0.007288            0.000000   0.500000 f
  u_exact_mapper/margin_sel_i[1] (ftc_detection_margin_mapper)            0.000000   0.500000 f
  u_exact_mapper/margin_sel_i[1] (net)                0.007288            0.000000   0.500000 f
  u_exact_mapper/U15/A (NOR2_X2A_A9TR40)                        0.000000  0.000023   0.500023 f
  u_exact_mapper/U15/Y (NOR2_X2A_A9TR40)                        0.140056  0.084422   0.584445 r
  u_exact_mapper/n26 (net)                      4     0.005291            0.000000   0.584445 r
  u_exact_mapper/U11/B (NAND3_X1M_A9TR40)                       0.140056  0.000017   0.584462 r
  u_exact_mapper/U11/Y (NAND3_X1M_A9TR40)                       0.105809  0.117497   0.701959 f
  u_exact_mapper/n19 (net)                      2     0.002663            0.000000   0.701959 f
  u_exact_mapper/U10/B (NAND2_X1A_A9TR40)                       0.105809  0.000020   0.701980 f
  u_exact_mapper/U10/Y (NAND2_X1A_A9TR40)                       0.108649  0.097643   0.799623 r
  u_exact_mapper/m_det_o[3]_snps (net)          3     0.003730            0.000000   0.799623 r
  u_exact_mapper/U38/AN (NAND2B_X1M_A9TR40)                     0.108649  0.000017   0.799640 r
  u_exact_mapper/U38/Y (NAND2B_X1M_A9TR40)                      0.127347  0.140179   0.939818 r
  u_exact_mapper/target_medium_therm_o[6]_snps (net)
                                                3     0.003752            0.000000   0.939818 r
  u_exact_mapper/U40/AN (NAND2B_X1M_A9TR40)                     0.127347  0.000017   0.939835 r
  u_exact_mapper/U40/Y (NAND2B_X1M_A9TR40)                      0.088074  0.135782   1.075618 r
  u_exact_mapper/target_medium_therm_o[4] (net)
                                                2     0.002678            0.000000   1.075618 r
  u_exact_mapper/U9/AN (NAND3B_X2M_A9TR40)                      0.088074  0.000020   1.075637 r
  u_exact_mapper/U9/Y (NAND3B_X2M_A9TR40)                       0.092041  0.109983   1.185620 r
  u_exact_mapper/target_medium_therm_o[3] (net)
                                                2     0.002755            0.000000   1.185620 r
  u_exact_mapper/U39/A (INV_X1M_A9TR40)                         0.092041  0.000021   1.185641 r
  u_exact_mapper/U39/Y (INV_X1M_A9TR40)                         0.060643  0.066249   1.251890 f
  u_exact_mapper/n4 (net)                       2     0.003397            0.000000   1.251890 f
  u_exact_mapper/U3/B (NAND2_X2A_A9TR40)                        0.060643  0.000031   1.251922 f
  u_exact_mapper/U3/Y (NAND2_X2A_A9TR40)                        0.076469  0.051822   1.303743 r
  u_exact_mapper/target_medium_therm_o[2] (net)
                                                2     0.002673            0.000000   1.303743 r
  u_exact_mapper/U16/AN (NAND3BB_X1M_A9TR40)                    0.076469  0.000020   1.303763 r
  u_exact_mapper/U16/Y (NAND3BB_X1M_A9TR40)                     0.177340  0.165037   1.468800 r
  u_exact_mapper/mapping_supported_o (net)      5     0.006760            0.000000   1.468800 r
  u_exact_mapper/mapping_supported_o (ftc_detection_margin_mapper)        0.000000   1.468800 r
  mapper_mapping_supported (net)                      0.006760            0.000000   1.468800 r
  U151/A (NAND2_X2A_A9TR40)                                     0.177340  0.000024   1.468824 r
  U151/Y (NAND2_X2A_A9TR40)                                     0.071609  0.079464   1.548287 f
  n38 (net)                                     2     0.002770            0.000000   1.548287 f
  U157/A (INV_X1M_A9TR40)                                       0.071609  0.000021   1.548308 f
  U157/Y (INV_X1M_A9TR40)                                       0.081496  0.070956   1.619264 r
  n137 (net)                                    2     0.002787            0.000000   1.619264 r
  U153/A (NAND2_X1M_A9TR40)                                     0.081496  0.000021   1.619285 r
  U153/Y (NAND2_X1M_A9TR40)                                     0.082906  0.068508   1.687793 f
  n44 (net)                                     2     0.002659            0.000000   1.687793 f
  U154/A (NOR2_X0P7B_A9TR40)                                    0.082906  0.000019   1.687812 f
  U154/Y (NOR2_X0P7B_A9TR40)                                    0.152263  0.115691   1.803502 r
  n42 (net)                                     2     0.002695            0.000000   1.803502 r
  U168/C (NAND3BB_X1M_A9TR40)                                   0.152263  0.000021   1.803523 r
  U168/Y (NAND3BB_X1M_A9TR40)                                   0.081266  0.101753   1.905276 f
  n21 (net)                                     1     0.002728            0.000000   1.905276 f
  U140/A (INV_X3P5B_A9TR40)                                     0.081266  0.000047   1.905323 f
  U140/Y (INV_X3P5B_A9TR40)                                     0.054964  0.054273   1.959595 r
  n163 (net)                                    5     0.006586            0.000000   1.959595 r
  U155/A (BUF_X1M_A9TR40)                                       0.054964  0.000016   1.959611 r
  U155/Y (BUF_X1M_A9TR40)                                       0.053319  0.089020   2.048631 r
  n162 (net)                                    1     0.001602            0.000000   2.048631 r
  U164/A (BUFH_X1M_A9TR40)                                      0.053319  0.000028   2.048659 r
  U164/Y (BUFH_X1M_A9TR40)                                      0.141520  0.122741   2.171401 r
  n158 (net)                                    5     0.006075            0.000000   2.171401 r
  U69/B1 (AO22_X0P5M_A9TR40)                                    0.141520  0.000015   2.171416 r
  U69/Y (AO22_X0P5M_A9TR40)                                     0.092067  0.174987   2.346403 r
  n96 (net)                                     1     0.001559            0.000000   2.346403 r
  target_medium_therm_q_reg[1]/D (DFFRPQ_X1M_A9TR40)            0.092067  0.000027   2.346430 r
  data arrival time                                                                  2.346430

  clock cal_clk (rise edge)                                               2.500000   2.500000
  clock network delay (ideal)                                             0.000000   2.500000
  clock uncertainty                                                       -0.050000  2.450000
  target_medium_therm_q_reg[1]/CK (DFFRPQ_X1M_A9TR40)                     0.000000   2.450000 r
  library setup time                                                      -0.079857  2.370143
  data required time                                                                 2.370143
  ----------------------------------------------------------------------------------------------
  data required time                                                                 2.370143
  data arrival time                                                                  -2.346430
  ----------------------------------------------------------------------------------------------
  slack (MET)                                                                        0.023713


  Startpoint: margin_sel_i[1]
              (input port clocked by cal_clk)
  Endpoint: target_medium_therm_q_reg[3]
            (rising edge-triggered flip-flop clocked by cal_clk)
  Path Group: cal_clk
  Path Type: max

  Des/Clust/Port     Wire Load Model       Library
  ------------------------------------------------
  ftc_detection_margin_manager
                     Small                 sc9mc_logic0040ll_base_rvt_c40_ss_typical_max_0p99v_125c

  Point                                       Fanout       Cap     Trans      Incr       Path
  ----------------------------------------------------------------------------------------------
  clock cal_clk (rise edge)                                               0.000000   0.000000
  clock network delay (ideal)                                             0.000000   0.000000
  input external delay                                                    0.500000   0.500000 f
  margin_sel_i[1] (in)                                          0.000000  0.000000   0.500000 f
  margin_sel_i[1] (net)                         5     0.007288            0.000000   0.500000 f
  u_exact_mapper/margin_sel_i[1] (ftc_detection_margin_mapper)            0.000000   0.500000 f
  u_exact_mapper/margin_sel_i[1] (net)                0.007288            0.000000   0.500000 f
  u_exact_mapper/U15/A (NOR2_X2A_A9TR40)                        0.000000  0.000023   0.500023 f
  u_exact_mapper/U15/Y (NOR2_X2A_A9TR40)                        0.140056  0.084422   0.584445 r
  u_exact_mapper/n26 (net)                      4     0.005291            0.000000   0.584445 r
  u_exact_mapper/U11/B (NAND3_X1M_A9TR40)                       0.140056  0.000017   0.584462 r
  u_exact_mapper/U11/Y (NAND3_X1M_A9TR40)                       0.105809  0.117497   0.701959 f
  u_exact_mapper/n19 (net)                      2     0.002663            0.000000   0.701959 f
  u_exact_mapper/U10/B (NAND2_X1A_A9TR40)                       0.105809  0.000020   0.701980 f
  u_exact_mapper/U10/Y (NAND2_X1A_A9TR40)                       0.108649  0.097643   0.799623 r
  u_exact_mapper/m_det_o[3]_snps (net)          3     0.003730            0.000000   0.799623 r
  u_exact_mapper/U38/AN (NAND2B_X1M_A9TR40)                     0.108649  0.000017   0.799640 r
  u_exact_mapper/U38/Y (NAND2B_X1M_A9TR40)                      0.127347  0.140179   0.939818 r
  u_exact_mapper/target_medium_therm_o[6]_snps (net)
                                                3     0.003752            0.000000   0.939818 r
  u_exact_mapper/U40/AN (NAND2B_X1M_A9TR40)                     0.127347  0.000017   0.939835 r
  u_exact_mapper/U40/Y (NAND2B_X1M_A9TR40)                      0.088074  0.135782   1.075618 r
  u_exact_mapper/target_medium_therm_o[4] (net)
                                                2     0.002678            0.000000   1.075618 r
  u_exact_mapper/U9/AN (NAND3B_X2M_A9TR40)                      0.088074  0.000020   1.075637 r
  u_exact_mapper/U9/Y (NAND3B_X2M_A9TR40)                       0.092041  0.109983   1.185620 r
  u_exact_mapper/target_medium_therm_o[3] (net)
                                                2     0.002755            0.000000   1.185620 r
  u_exact_mapper/U39/A (INV_X1M_A9TR40)                         0.092041  0.000021   1.185641 r
  u_exact_mapper/U39/Y (INV_X1M_A9TR40)                         0.060643  0.066249   1.251890 f
  u_exact_mapper/n4 (net)                       2     0.003397            0.000000   1.251890 f
  u_exact_mapper/U3/B (NAND2_X2A_A9TR40)                        0.060643  0.000031   1.251922 f
  u_exact_mapper/U3/Y (NAND2_X2A_A9TR40)                        0.076469  0.051822   1.303743 r
  u_exact_mapper/target_medium_therm_o[2] (net)
                                                2     0.002673            0.000000   1.303743 r
  u_exact_mapper/U16/AN (NAND3BB_X1M_A9TR40)                    0.076469  0.000020   1.303763 r
  u_exact_mapper/U16/Y (NAND3BB_X1M_A9TR40)                     0.177340  0.165037   1.468800 r
  u_exact_mapper/mapping_supported_o (net)      5     0.006760            0.000000   1.468800 r
  u_exact_mapper/mapping_supported_o (ftc_detection_margin_mapper)        0.000000   1.468800 r
  mapper_mapping_supported (net)                      0.006760            0.000000   1.468800 r
  U151/A (NAND2_X2A_A9TR40)                                     0.177340  0.000024   1.468824 r
  U151/Y (NAND2_X2A_A9TR40)                                     0.071609  0.079464   1.548287 f
  n38 (net)                                     2     0.002770            0.000000   1.548287 f
  U157/A (INV_X1M_A9TR40)                                       0.071609  0.000021   1.548308 f
  U157/Y (INV_X1M_A9TR40)                                       0.081496  0.070956   1.619264 r
  n137 (net)                                    2     0.002787            0.000000   1.619264 r
  U153/A (NAND2_X1M_A9TR40)                                     0.081496  0.000021   1.619285 r
  U153/Y (NAND2_X1M_A9TR40)                                     0.082906  0.068508   1.687793 f
  n44 (net)                                     2     0.002659            0.000000   1.687793 f
  U154/A (NOR2_X0P7B_A9TR40)                                    0.082906  0.000019   1.687812 f
  U154/Y (NOR2_X0P7B_A9TR40)                                    0.152263  0.115691   1.803502 r
  n42 (net)                                     2     0.002695            0.000000   1.803502 r
  U168/C (NAND3BB_X1M_A9TR40)                                   0.152263  0.000021   1.803523 r
  U168/Y (NAND3BB_X1M_A9TR40)                                   0.081266  0.101753   1.905276 f
  n21 (net)                                     1     0.002728            0.000000   1.905276 f
  U140/A (INV_X3P5B_A9TR40)                                     0.081266  0.000047   1.905323 f
  U140/Y (INV_X3P5B_A9TR40)                                     0.054964  0.054273   1.959595 r
  n163 (net)                                    5     0.006586            0.000000   1.959595 r
  U135/A (BUF_X1P2M_A9TR40)                                     0.054964  0.000016   1.959611 r
  U135/Y (BUF_X1P2M_A9TR40)                                     0.142504  0.141608   2.101219 r
  n136 (net)                                    6     0.008454            0.000000   2.101219 r
  U145/A (INV_X3M_A9TR40)                                       0.142504  0.000031   2.101250 r
  U145/Y (INV_X3M_A9TR40)                                       0.093292  0.104417   2.205667 f
  n155 (net)                                   16     0.018659            0.000000   2.205667 f
  U71/A0 (AO22_X0P5M_A9TR40)                                    0.093292  0.000014   2.205681 f
  U71/Y (AO22_X0P5M_A9TR40)                                     0.066819  0.175371   2.381052 f
  n98 (net)                                     1     0.001539            0.000000   2.381052 f
  target_medium_therm_q_reg[3]/D (DFFRPQ_X1M_A9TR40)            0.066819  0.000027   2.381078 f
  data arrival time                                                                  2.381078

  clock cal_clk (rise edge)                                               2.500000   2.500000
  clock network delay (ideal)                                             0.000000   2.500000
  clock uncertainty                                                       -0.050000  2.450000
  target_medium_therm_q_reg[3]/CK (DFFRPQ_X1M_A9TR40)                     0.000000   2.450000 r
  library setup time                                                      -0.042278  2.407722
  data required time                                                                 2.407722
  ----------------------------------------------------------------------------------------------
  data required time                                                                 2.407722
  data arrival time                                                                  -2.381078
  ----------------------------------------------------------------------------------------------
  slack (MET)                                                                        0.026643


  Startpoint: margin_sel_i[1]
              (input port clocked by cal_clk)
  Endpoint: target_medium_therm_q_reg[7]
            (rising edge-triggered flip-flop clocked by cal_clk)
  Path Group: cal_clk
  Path Type: max

  Des/Clust/Port     Wire Load Model       Library
  ------------------------------------------------
  ftc_detection_margin_manager
                     Small                 sc9mc_logic0040ll_base_rvt_c40_ss_typical_max_0p99v_125c

  Point                                       Fanout       Cap     Trans      Incr       Path
  ----------------------------------------------------------------------------------------------
  clock cal_clk (rise edge)                                               0.000000   0.000000
  clock network delay (ideal)                                             0.000000   0.000000
  input external delay                                                    0.500000   0.500000 f
  margin_sel_i[1] (in)                                          0.000000  0.000000   0.500000 f
  margin_sel_i[1] (net)                         5     0.007288            0.000000   0.500000 f
  u_exact_mapper/margin_sel_i[1] (ftc_detection_margin_mapper)            0.000000   0.500000 f
  u_exact_mapper/margin_sel_i[1] (net)                0.007288            0.000000   0.500000 f
  u_exact_mapper/U15/A (NOR2_X2A_A9TR40)                        0.000000  0.000023   0.500023 f
  u_exact_mapper/U15/Y (NOR2_X2A_A9TR40)                        0.140056  0.084422   0.584445 r
  u_exact_mapper/n26 (net)                      4     0.005291            0.000000   0.584445 r
  u_exact_mapper/U11/B (NAND3_X1M_A9TR40)                       0.140056  0.000017   0.584462 r
  u_exact_mapper/U11/Y (NAND3_X1M_A9TR40)                       0.105809  0.117497   0.701959 f
  u_exact_mapper/n19 (net)                      2     0.002663            0.000000   0.701959 f
  u_exact_mapper/U10/B (NAND2_X1A_A9TR40)                       0.105809  0.000020   0.701980 f
  u_exact_mapper/U10/Y (NAND2_X1A_A9TR40)                       0.108649  0.097643   0.799623 r
  u_exact_mapper/m_det_o[3]_snps (net)          3     0.003730            0.000000   0.799623 r
  u_exact_mapper/U38/AN (NAND2B_X1M_A9TR40)                     0.108649  0.000017   0.799640 r
  u_exact_mapper/U38/Y (NAND2B_X1M_A9TR40)                      0.127347  0.140179   0.939818 r
  u_exact_mapper/target_medium_therm_o[6]_snps (net)
                                                3     0.003752            0.000000   0.939818 r
  u_exact_mapper/U40/AN (NAND2B_X1M_A9TR40)                     0.127347  0.000017   0.939835 r
  u_exact_mapper/U40/Y (NAND2B_X1M_A9TR40)                      0.088074  0.135782   1.075618 r
  u_exact_mapper/target_medium_therm_o[4] (net)
                                                2     0.002678            0.000000   1.075618 r
  u_exact_mapper/U9/AN (NAND3B_X2M_A9TR40)                      0.088074  0.000020   1.075637 r
  u_exact_mapper/U9/Y (NAND3B_X2M_A9TR40)                       0.092041  0.109983   1.185620 r
  u_exact_mapper/target_medium_therm_o[3] (net)
                                                2     0.002755            0.000000   1.185620 r
  u_exact_mapper/U39/A (INV_X1M_A9TR40)                         0.092041  0.000021   1.185641 r
  u_exact_mapper/U39/Y (INV_X1M_A9TR40)                         0.060643  0.066249   1.251890 f
  u_exact_mapper/n4 (net)                       2     0.003397            0.000000   1.251890 f
  u_exact_mapper/U3/B (NAND2_X2A_A9TR40)                        0.060643  0.000031   1.251922 f
  u_exact_mapper/U3/Y (NAND2_X2A_A9TR40)                        0.076469  0.051822   1.303743 r
  u_exact_mapper/target_medium_therm_o[2] (net)
                                                2     0.002673            0.000000   1.303743 r
  u_exact_mapper/U16/AN (NAND3BB_X1M_A9TR40)                    0.076469  0.000020   1.303763 r
  u_exact_mapper/U16/Y (NAND3BB_X1M_A9TR40)                     0.177340  0.165037   1.468800 r
  u_exact_mapper/mapping_supported_o (net)      5     0.006760            0.000000   1.468800 r
  u_exact_mapper/mapping_supported_o (ftc_detection_margin_mapper)        0.000000   1.468800 r
  mapper_mapping_supported (net)                      0.006760            0.000000   1.468800 r
  U151/A (NAND2_X2A_A9TR40)                                     0.177340  0.000024   1.468824 r
  U151/Y (NAND2_X2A_A9TR40)                                     0.071609  0.079464   1.548287 f
  n38 (net)                                     2     0.002770            0.000000   1.548287 f
  U157/A (INV_X1M_A9TR40)                                       0.071609  0.000021   1.548308 f
  U157/Y (INV_X1M_A9TR40)                                       0.081496  0.070956   1.619264 r
  n137 (net)                                    2     0.002787            0.000000   1.619264 r
  U153/A (NAND2_X1M_A9TR40)                                     0.081496  0.000021   1.619285 r
  U153/Y (NAND2_X1M_A9TR40)                                     0.082906  0.068508   1.687793 f
  n44 (net)                                     2     0.002659            0.000000   1.687793 f
  U154/A (NOR2_X0P7B_A9TR40)                                    0.082906  0.000019   1.687812 f
  U154/Y (NOR2_X0P7B_A9TR40)                                    0.152263  0.115691   1.803502 r
  n42 (net)                                     2     0.002695            0.000000   1.803502 r
  U168/C (NAND3BB_X1M_A9TR40)                                   0.152263  0.000021   1.803523 r
  U168/Y (NAND3BB_X1M_A9TR40)                                   0.081266  0.101753   1.905276 f
  n21 (net)                                     1     0.002728            0.000000   1.905276 f
  U140/A (INV_X3P5B_A9TR40)                                     0.081266  0.000047   1.905323 f
  U140/Y (INV_X3P5B_A9TR40)                                     0.054964  0.054273   1.959595 r
  n163 (net)                                    5     0.006586            0.000000   1.959595 r
  U135/A (BUF_X1P2M_A9TR40)                                     0.054964  0.000016   1.959611 r
  U135/Y (BUF_X1P2M_A9TR40)                                     0.142504  0.141608   2.101219 r
  n136 (net)                                    6     0.008454            0.000000   2.101219 r
  U145/A (INV_X3M_A9TR40)                                       0.142504  0.000031   2.101250 r
  U145/Y (INV_X3M_A9TR40)                                       0.093292  0.104417   2.205667 f
  n155 (net)                                   16     0.018659            0.000000   2.205667 f
  U75/A0 (AO22_X0P5M_A9TR40)                                    0.093292  0.000014   2.205681 f
  U75/Y (AO22_X0P5M_A9TR40)                                     0.066767  0.175371   2.381052 f
  n102 (net)                                    1     0.001539            0.000000   2.381052 f
  target_medium_therm_q_reg[7]/D (DFFRPQ_X1M_A9TR40)            0.066767  0.000027   2.381078 f
  data arrival time                                                                  2.381078

  clock cal_clk (rise edge)                                               2.500000   2.500000
  clock network delay (ideal)                                             0.000000   2.500000
  clock uncertainty                                                       -0.050000  2.450000
  target_medium_therm_q_reg[7]/CK (DFFRPQ_X1M_A9TR40)                     0.000000   2.450000 r
  library setup time                                                      -0.042262  2.407738
  data required time                                                                 2.407738
  ----------------------------------------------------------------------------------------------
  data required time                                                                 2.407738
  data arrival time                                                                  -2.381078
  ----------------------------------------------------------------------------------------------
  slack (MET)                                                                        0.026660


  Startpoint: margin_sel_i[1]
              (input port clocked by cal_clk)
  Endpoint: target_medium_therm_q_reg[4]
            (rising edge-triggered flip-flop clocked by cal_clk)
  Path Group: cal_clk
  Path Type: max

  Des/Clust/Port     Wire Load Model       Library
  ------------------------------------------------
  ftc_detection_margin_manager
                     Small                 sc9mc_logic0040ll_base_rvt_c40_ss_typical_max_0p99v_125c

  Point                                       Fanout       Cap     Trans      Incr       Path
  ----------------------------------------------------------------------------------------------
  clock cal_clk (rise edge)                                               0.000000   0.000000
  clock network delay (ideal)                                             0.000000   0.000000
  input external delay                                                    0.500000   0.500000 f
  margin_sel_i[1] (in)                                          0.000000  0.000000   0.500000 f
  margin_sel_i[1] (net)                         5     0.007288            0.000000   0.500000 f
  u_exact_mapper/margin_sel_i[1] (ftc_detection_margin_mapper)            0.000000   0.500000 f
  u_exact_mapper/margin_sel_i[1] (net)                0.007288            0.000000   0.500000 f
  u_exact_mapper/U15/A (NOR2_X2A_A9TR40)                        0.000000  0.000023   0.500023 f
  u_exact_mapper/U15/Y (NOR2_X2A_A9TR40)                        0.140056  0.084422   0.584445 r
  u_exact_mapper/n26 (net)                      4     0.005291            0.000000   0.584445 r
  u_exact_mapper/U11/B (NAND3_X1M_A9TR40)                       0.140056  0.000017   0.584462 r
  u_exact_mapper/U11/Y (NAND3_X1M_A9TR40)                       0.105809  0.117497   0.701959 f
  u_exact_mapper/n19 (net)                      2     0.002663            0.000000   0.701959 f
  u_exact_mapper/U10/B (NAND2_X1A_A9TR40)                       0.105809  0.000020   0.701980 f
  u_exact_mapper/U10/Y (NAND2_X1A_A9TR40)                       0.108649  0.097643   0.799623 r
  u_exact_mapper/m_det_o[3]_snps (net)          3     0.003730            0.000000   0.799623 r
  u_exact_mapper/U38/AN (NAND2B_X1M_A9TR40)                     0.108649  0.000017   0.799640 r
  u_exact_mapper/U38/Y (NAND2B_X1M_A9TR40)                      0.127347  0.140179   0.939818 r
  u_exact_mapper/target_medium_therm_o[6]_snps (net)
                                                3     0.003752            0.000000   0.939818 r
  u_exact_mapper/U40/AN (NAND2B_X1M_A9TR40)                     0.127347  0.000017   0.939835 r
  u_exact_mapper/U40/Y (NAND2B_X1M_A9TR40)                      0.088074  0.135782   1.075618 r
  u_exact_mapper/target_medium_therm_o[4] (net)
                                                2     0.002678            0.000000   1.075618 r
  u_exact_mapper/U9/AN (NAND3B_X2M_A9TR40)                      0.088074  0.000020   1.075637 r
  u_exact_mapper/U9/Y (NAND3B_X2M_A9TR40)                       0.092041  0.109983   1.185620 r
  u_exact_mapper/target_medium_therm_o[3] (net)
                                                2     0.002755            0.000000   1.185620 r
  u_exact_mapper/U39/A (INV_X1M_A9TR40)                         0.092041  0.000021   1.185641 r
  u_exact_mapper/U39/Y (INV_X1M_A9TR40)                         0.060643  0.066249   1.251890 f
  u_exact_mapper/n4 (net)                       2     0.003397            0.000000   1.251890 f
  u_exact_mapper/U3/B (NAND2_X2A_A9TR40)                        0.060643  0.000031   1.251922 f
  u_exact_mapper/U3/Y (NAND2_X2A_A9TR40)                        0.076469  0.051822   1.303743 r
  u_exact_mapper/target_medium_therm_o[2] (net)
                                                2     0.002673            0.000000   1.303743 r
  u_exact_mapper/U16/AN (NAND3BB_X1M_A9TR40)                    0.076469  0.000020   1.303763 r
  u_exact_mapper/U16/Y (NAND3BB_X1M_A9TR40)                     0.177340  0.165037   1.468800 r
  u_exact_mapper/mapping_supported_o (net)      5     0.006760            0.000000   1.468800 r
  u_exact_mapper/mapping_supported_o (ftc_detection_margin_mapper)        0.000000   1.468800 r
  mapper_mapping_supported (net)                      0.006760            0.000000   1.468800 r
  U151/A (NAND2_X2A_A9TR40)                                     0.177340  0.000024   1.468824 r
  U151/Y (NAND2_X2A_A9TR40)                                     0.071609  0.079464   1.548287 f
  n38 (net)                                     2     0.002770            0.000000   1.548287 f
  U157/A (INV_X1M_A9TR40)                                       0.071609  0.000021   1.548308 f
  U157/Y (INV_X1M_A9TR40)                                       0.081496  0.070956   1.619264 r
  n137 (net)                                    2     0.002787            0.000000   1.619264 r
  U153/A (NAND2_X1M_A9TR40)                                     0.081496  0.000021   1.619285 r
  U153/Y (NAND2_X1M_A9TR40)                                     0.082906  0.068508   1.687793 f
  n44 (net)                                     2     0.002659            0.000000   1.687793 f
  U154/A (NOR2_X0P7B_A9TR40)                                    0.082906  0.000019   1.687812 f
  U154/Y (NOR2_X0P7B_A9TR40)                                    0.152263  0.115691   1.803502 r
  n42 (net)                                     2     0.002695            0.000000   1.803502 r
  U168/C (NAND3BB_X1M_A9TR40)                                   0.152263  0.000021   1.803523 r
  U168/Y (NAND3BB_X1M_A9TR40)                                   0.081266  0.101753   1.905276 f
  n21 (net)                                     1     0.002728            0.000000   1.905276 f
  U140/A (INV_X3P5B_A9TR40)                                     0.081266  0.000047   1.905323 f
  U140/Y (INV_X3P5B_A9TR40)                                     0.054964  0.054273   1.959595 r
  n163 (net)                                    5     0.006586            0.000000   1.959595 r
  U135/A (BUF_X1P2M_A9TR40)                                     0.054964  0.000016   1.959611 r
  U135/Y (BUF_X1P2M_A9TR40)                                     0.142504  0.141608   2.101219 r
  n136 (net)                                    6     0.008454            0.000000   2.101219 r
  U145/A (INV_X3M_A9TR40)                                       0.142504  0.000031   2.101250 r
  U145/Y (INV_X3M_A9TR40)                                       0.093292  0.104417   2.205667 f
  n155 (net)                                   16     0.018659            0.000000   2.205667 f
  U72/A0 (AO22_X0P5M_A9TR40)                                    0.093292  0.000014   2.205681 f
  U72/Y (AO22_X0P5M_A9TR40)                                     0.066767  0.175371   2.381052 f
  n99 (net)                                     1     0.001539            0.000000   2.381052 f
  target_medium_therm_q_reg[4]/D (DFFRPQ_X1M_A9TR40)            0.066767  0.000027   2.381078 f
  data arrival time                                                                  2.381078

  clock cal_clk (rise edge)                                               2.500000   2.500000
  clock network delay (ideal)                                             0.000000   2.500000
  clock uncertainty                                                       -0.050000  2.450000
  target_medium_therm_q_reg[4]/CK (DFFRPQ_X1M_A9TR40)                     0.000000   2.450000 r
  library setup time                                                      -0.042262  2.407738
  data required time                                                                 2.407738
  ----------------------------------------------------------------------------------------------
  data required time                                                                 2.407738
  data arrival time                                                                  -2.381078
  ----------------------------------------------------------------------------------------------
  slack (MET)                                                                        0.026660


  Startpoint: margin_sel_i[1]
              (input port clocked by cal_clk)
  Endpoint: target_medium_therm_q_reg[0]
            (rising edge-triggered flip-flop clocked by cal_clk)
  Path Group: cal_clk
  Path Type: max

  Des/Clust/Port     Wire Load Model       Library
  ------------------------------------------------
  ftc_detection_margin_manager
                     Small                 sc9mc_logic0040ll_base_rvt_c40_ss_typical_max_0p99v_125c

  Point                                       Fanout       Cap     Trans      Incr       Path
  ----------------------------------------------------------------------------------------------
  clock cal_clk (rise edge)                                               0.000000   0.000000
  clock network delay (ideal)                                             0.000000   0.000000
  input external delay                                                    0.500000   0.500000 f
  margin_sel_i[1] (in)                                          0.000000  0.000000   0.500000 f
  margin_sel_i[1] (net)                         5     0.007288            0.000000   0.500000 f
  u_exact_mapper/margin_sel_i[1] (ftc_detection_margin_mapper)            0.000000   0.500000 f
  u_exact_mapper/margin_sel_i[1] (net)                0.007288            0.000000   0.500000 f
  u_exact_mapper/U15/A (NOR2_X2A_A9TR40)                        0.000000  0.000023   0.500023 f
  u_exact_mapper/U15/Y (NOR2_X2A_A9TR40)                        0.140056  0.084422   0.584445 r
  u_exact_mapper/n26 (net)                      4     0.005291            0.000000   0.584445 r
  u_exact_mapper/U11/B (NAND3_X1M_A9TR40)                       0.140056  0.000017   0.584462 r
  u_exact_mapper/U11/Y (NAND3_X1M_A9TR40)                       0.105809  0.117497   0.701959 f
  u_exact_mapper/n19 (net)                      2     0.002663            0.000000   0.701959 f
  u_exact_mapper/U10/B (NAND2_X1A_A9TR40)                       0.105809  0.000020   0.701980 f
  u_exact_mapper/U10/Y (NAND2_X1A_A9TR40)                       0.108649  0.097643   0.799623 r
  u_exact_mapper/m_det_o[3]_snps (net)          3     0.003730            0.000000   0.799623 r
  u_exact_mapper/U38/AN (NAND2B_X1M_A9TR40)                     0.108649  0.000017   0.799640 r
  u_exact_mapper/U38/Y (NAND2B_X1M_A9TR40)                      0.127347  0.140179   0.939818 r
  u_exact_mapper/target_medium_therm_o[6]_snps (net)
                                                3     0.003752            0.000000   0.939818 r
  u_exact_mapper/U40/AN (NAND2B_X1M_A9TR40)                     0.127347  0.000017   0.939835 r
  u_exact_mapper/U40/Y (NAND2B_X1M_A9TR40)                      0.088074  0.135782   1.075618 r
  u_exact_mapper/target_medium_therm_o[4] (net)
                                                2     0.002678            0.000000   1.075618 r
  u_exact_mapper/U9/AN (NAND3B_X2M_A9TR40)                      0.088074  0.000020   1.075637 r
  u_exact_mapper/U9/Y (NAND3B_X2M_A9TR40)                       0.092041  0.109983   1.185620 r
  u_exact_mapper/target_medium_therm_o[3] (net)
                                                2     0.002755            0.000000   1.185620 r
  u_exact_mapper/U39/A (INV_X1M_A9TR40)                         0.092041  0.000021   1.185641 r
  u_exact_mapper/U39/Y (INV_X1M_A9TR40)                         0.060643  0.066249   1.251890 f
  u_exact_mapper/n4 (net)                       2     0.003397            0.000000   1.251890 f
  u_exact_mapper/U3/B (NAND2_X2A_A9TR40)                        0.060643  0.000031   1.251922 f
  u_exact_mapper/U3/Y (NAND2_X2A_A9TR40)                        0.076469  0.051822   1.303743 r
  u_exact_mapper/target_medium_therm_o[2] (net)
                                                2     0.002673            0.000000   1.303743 r
  u_exact_mapper/U16/AN (NAND3BB_X1M_A9TR40)                    0.076469  0.000020   1.303763 r
  u_exact_mapper/U16/Y (NAND3BB_X1M_A9TR40)                     0.177340  0.165037   1.468800 r
  u_exact_mapper/mapping_supported_o (net)      5     0.006760            0.000000   1.468800 r
  u_exact_mapper/mapping_supported_o (ftc_detection_margin_mapper)        0.000000   1.468800 r
  mapper_mapping_supported (net)                      0.006760            0.000000   1.468800 r
  U151/A (NAND2_X2A_A9TR40)                                     0.177340  0.000024   1.468824 r
  U151/Y (NAND2_X2A_A9TR40)                                     0.071609  0.079464   1.548287 f
  n38 (net)                                     2     0.002770            0.000000   1.548287 f
  U157/A (INV_X1M_A9TR40)                                       0.071609  0.000021   1.548308 f
  U157/Y (INV_X1M_A9TR40)                                       0.081496  0.070956   1.619264 r
  n137 (net)                                    2     0.002787            0.000000   1.619264 r
  U153/A (NAND2_X1M_A9TR40)                                     0.081496  0.000021   1.619285 r
  U153/Y (NAND2_X1M_A9TR40)                                     0.082906  0.068508   1.687793 f
  n44 (net)                                     2     0.002659            0.000000   1.687793 f
  U154/A (NOR2_X0P7B_A9TR40)                                    0.082906  0.000019   1.687812 f
  U154/Y (NOR2_X0P7B_A9TR40)                                    0.152263  0.115691   1.803502 r
  n42 (net)                                     2     0.002695            0.000000   1.803502 r
  U168/C (NAND3BB_X1M_A9TR40)                                   0.152263  0.000021   1.803523 r
  U168/Y (NAND3BB_X1M_A9TR40)                                   0.081266  0.101753   1.905276 f
  n21 (net)                                     1     0.002728            0.000000   1.905276 f
  U140/A (INV_X3P5B_A9TR40)                                     0.081266  0.000047   1.905323 f
  U140/Y (INV_X3P5B_A9TR40)                                     0.054964  0.054273   1.959595 r
  n163 (net)                                    5     0.006586            0.000000   1.959595 r
  U135/A (BUF_X1P2M_A9TR40)                                     0.054964  0.000016   1.959611 r
  U135/Y (BUF_X1P2M_A9TR40)                                     0.142504  0.141608   2.101219 r
  n136 (net)                                    6     0.008454            0.000000   2.101219 r
  U145/A (INV_X3M_A9TR40)                                       0.142504  0.000031   2.101250 r
  U145/Y (INV_X3M_A9TR40)                                       0.093292  0.104417   2.205667 f
  n155 (net)                                   16     0.018659            0.000000   2.205667 f
  U68/A0 (AO22_X0P5M_A9TR40)                                    0.093292  0.000014   2.205681 f
  U68/Y (AO22_X0P5M_A9TR40)                                     0.066767  0.175371   2.381052 f
  n95 (net)                                     1     0.001539            0.000000   2.381052 f
  target_medium_therm_q_reg[0]/D (DFFRPQ_X1M_A9TR40)            0.066767  0.000027   2.381078 f
  data arrival time                                                                  2.381078

  clock cal_clk (rise edge)                                               2.500000   2.500000
  clock network delay (ideal)                                             0.000000   2.500000
  clock uncertainty                                                       -0.050000  2.450000
  target_medium_therm_q_reg[0]/CK (DFFRPQ_X1M_A9TR40)                     0.000000   2.450000 r
  library setup time                                                      -0.042262  2.407738
  data required time                                                                 2.407738
  ----------------------------------------------------------------------------------------------
  data required time                                                                 2.407738
  data arrival time                                                                  -2.381078
  ----------------------------------------------------------------------------------------------
  slack (MET)                                                                        0.026660


  Startpoint: margin_sel_i[1]
              (input port clocked by cal_clk)
  Endpoint: target_medium_therm_q_reg[6]
            (rising edge-triggered flip-flop clocked by cal_clk)
  Path Group: cal_clk
  Path Type: max

  Des/Clust/Port     Wire Load Model       Library
  ------------------------------------------------
  ftc_detection_margin_manager
                     Small                 sc9mc_logic0040ll_base_rvt_c40_ss_typical_max_0p99v_125c

  Point                                       Fanout       Cap     Trans      Incr       Path
  ----------------------------------------------------------------------------------------------
  clock cal_clk (rise edge)                                               0.000000   0.000000
  clock network delay (ideal)                                             0.000000   0.000000
  input external delay                                                    0.500000   0.500000 f
  margin_sel_i[1] (in)                                          0.000000  0.000000   0.500000 f
  margin_sel_i[1] (net)                         5     0.007288            0.000000   0.500000 f
  u_exact_mapper/margin_sel_i[1] (ftc_detection_margin_mapper)            0.000000   0.500000 f
  u_exact_mapper/margin_sel_i[1] (net)                0.007288            0.000000   0.500000 f
  u_exact_mapper/U15/A (NOR2_X2A_A9TR40)                        0.000000  0.000023   0.500023 f
  u_exact_mapper/U15/Y (NOR2_X2A_A9TR40)                        0.140056  0.084422   0.584445 r
  u_exact_mapper/n26 (net)                      4     0.005291            0.000000   0.584445 r
  u_exact_mapper/U11/B (NAND3_X1M_A9TR40)                       0.140056  0.000017   0.584462 r
  u_exact_mapper/U11/Y (NAND3_X1M_A9TR40)                       0.105809  0.117497   0.701959 f
  u_exact_mapper/n19 (net)                      2     0.002663            0.000000   0.701959 f
  u_exact_mapper/U10/B (NAND2_X1A_A9TR40)                       0.105809  0.000020   0.701980 f
  u_exact_mapper/U10/Y (NAND2_X1A_A9TR40)                       0.108649  0.097643   0.799623 r
  u_exact_mapper/m_det_o[3]_snps (net)          3     0.003730            0.000000   0.799623 r
  u_exact_mapper/U38/AN (NAND2B_X1M_A9TR40)                     0.108649  0.000017   0.799640 r
  u_exact_mapper/U38/Y (NAND2B_X1M_A9TR40)                      0.127347  0.140179   0.939818 r
  u_exact_mapper/target_medium_therm_o[6]_snps (net)
                                                3     0.003752            0.000000   0.939818 r
  u_exact_mapper/U40/AN (NAND2B_X1M_A9TR40)                     0.127347  0.000017   0.939835 r
  u_exact_mapper/U40/Y (NAND2B_X1M_A9TR40)                      0.088074  0.135782   1.075618 r
  u_exact_mapper/target_medium_therm_o[4] (net)
                                                2     0.002678            0.000000   1.075618 r
  u_exact_mapper/U9/AN (NAND3B_X2M_A9TR40)                      0.088074  0.000020   1.075637 r
  u_exact_mapper/U9/Y (NAND3B_X2M_A9TR40)                       0.092041  0.109983   1.185620 r
  u_exact_mapper/target_medium_therm_o[3] (net)
                                                2     0.002755            0.000000   1.185620 r
  u_exact_mapper/U39/A (INV_X1M_A9TR40)                         0.092041  0.000021   1.185641 r
  u_exact_mapper/U39/Y (INV_X1M_A9TR40)                         0.060643  0.066249   1.251890 f
  u_exact_mapper/n4 (net)                       2     0.003397            0.000000   1.251890 f
  u_exact_mapper/U3/B (NAND2_X2A_A9TR40)                        0.060643  0.000031   1.251922 f
  u_exact_mapper/U3/Y (NAND2_X2A_A9TR40)                        0.076469  0.051822   1.303743 r
  u_exact_mapper/target_medium_therm_o[2] (net)
                                                2     0.002673            0.000000   1.303743 r
  u_exact_mapper/U16/AN (NAND3BB_X1M_A9TR40)                    0.076469  0.000020   1.303763 r
  u_exact_mapper/U16/Y (NAND3BB_X1M_A9TR40)                     0.177340  0.165037   1.468800 r
  u_exact_mapper/mapping_supported_o (net)      5     0.006760            0.000000   1.468800 r
  u_exact_mapper/mapping_supported_o (ftc_detection_margin_mapper)        0.000000   1.468800 r
  mapper_mapping_supported (net)                      0.006760            0.000000   1.468800 r
  U151/A (NAND2_X2A_A9TR40)                                     0.177340  0.000024   1.468824 r
  U151/Y (NAND2_X2A_A9TR40)                                     0.071609  0.079464   1.548287 f
  n38 (net)                                     2     0.002770            0.000000   1.548287 f
  U157/A (INV_X1M_A9TR40)                                       0.071609  0.000021   1.548308 f
  U157/Y (INV_X1M_A9TR40)                                       0.081496  0.070956   1.619264 r
  n137 (net)                                    2     0.002787            0.000000   1.619264 r
  U153/A (NAND2_X1M_A9TR40)                                     0.081496  0.000021   1.619285 r
  U153/Y (NAND2_X1M_A9TR40)                                     0.082906  0.068508   1.687793 f
  n44 (net)                                     2     0.002659            0.000000   1.687793 f
  U154/A (NOR2_X0P7B_A9TR40)                                    0.082906  0.000019   1.687812 f
  U154/Y (NOR2_X0P7B_A9TR40)                                    0.152263  0.115691   1.803502 r
  n42 (net)                                     2     0.002695            0.000000   1.803502 r
  U168/C (NAND3BB_X1M_A9TR40)                                   0.152263  0.000021   1.803523 r
  U168/Y (NAND3BB_X1M_A9TR40)                                   0.081266  0.101753   1.905276 f
  n21 (net)                                     1     0.002728            0.000000   1.905276 f
  U140/A (INV_X3P5B_A9TR40)                                     0.081266  0.000047   1.905323 f
  U140/Y (INV_X3P5B_A9TR40)                                     0.054964  0.054273   1.959595 r
  n163 (net)                                    5     0.006586            0.000000   1.959595 r
  U135/A (BUF_X1P2M_A9TR40)                                     0.054964  0.000016   1.959611 r
  U135/Y (BUF_X1P2M_A9TR40)                                     0.142504  0.141608   2.101219 r
  n136 (net)                                    6     0.008454            0.000000   2.101219 r
  U145/A (INV_X3M_A9TR40)                                       0.142504  0.000031   2.101250 r
  U145/Y (INV_X3M_A9TR40)                                       0.093292  0.104417   2.205667 f
  n155 (net)                                   16     0.018659            0.000000   2.205667 f
  U74/A0 (AO22_X0P5M_A9TR40)                                    0.093292  0.000014   2.205681 f
  U74/Y (AO22_X0P5M_A9TR40)                                     0.066759  0.175371   2.381052 f
  n101 (net)                                    1     0.001539            0.000000   2.381052 f
  target_medium_therm_q_reg[6]/D (DFFRPQ_X1M_A9TR40)            0.066759  0.000027   2.381078 f
  data arrival time                                                                  2.381078

  clock cal_clk (rise edge)                                               2.500000   2.500000
  clock network delay (ideal)                                             0.000000   2.500000
  clock uncertainty                                                       -0.050000  2.450000
  target_medium_therm_q_reg[6]/CK (DFFRPQ_X1M_A9TR40)                     0.000000   2.450000 r
  library setup time                                                      -0.042259  2.407741
  data required time                                                                 2.407741
  ----------------------------------------------------------------------------------------------
  data required time                                                                 2.407741
  data arrival time                                                                  -2.381078
  ----------------------------------------------------------------------------------------------
  slack (MET)                                                                        0.026662


  Startpoint: margin_sel_i[1]
              (input port clocked by cal_clk)
  Endpoint: target_medium_therm_q_reg[2]
            (rising edge-triggered flip-flop clocked by cal_clk)
  Path Group: cal_clk
  Path Type: max

  Des/Clust/Port     Wire Load Model       Library
  ------------------------------------------------
  ftc_detection_margin_manager
                     Small                 sc9mc_logic0040ll_base_rvt_c40_ss_typical_max_0p99v_125c

  Point                                       Fanout       Cap     Trans      Incr       Path
  ----------------------------------------------------------------------------------------------
  clock cal_clk (rise edge)                                               0.000000   0.000000
  clock network delay (ideal)                                             0.000000   0.000000
  input external delay                                                    0.500000   0.500000 f
  margin_sel_i[1] (in)                                          0.000000  0.000000   0.500000 f
  margin_sel_i[1] (net)                         5     0.007288            0.000000   0.500000 f
  u_exact_mapper/margin_sel_i[1] (ftc_detection_margin_mapper)            0.000000   0.500000 f
  u_exact_mapper/margin_sel_i[1] (net)                0.007288            0.000000   0.500000 f
  u_exact_mapper/U15/A (NOR2_X2A_A9TR40)                        0.000000  0.000023   0.500023 f
  u_exact_mapper/U15/Y (NOR2_X2A_A9TR40)                        0.140056  0.084422   0.584445 r
  u_exact_mapper/n26 (net)                      4     0.005291            0.000000   0.584445 r
  u_exact_mapper/U11/B (NAND3_X1M_A9TR40)                       0.140056  0.000017   0.584462 r
  u_exact_mapper/U11/Y (NAND3_X1M_A9TR40)                       0.105809  0.117497   0.701959 f
  u_exact_mapper/n19 (net)                      2     0.002663            0.000000   0.701959 f
  u_exact_mapper/U10/B (NAND2_X1A_A9TR40)                       0.105809  0.000020   0.701980 f
  u_exact_mapper/U10/Y (NAND2_X1A_A9TR40)                       0.108649  0.097643   0.799623 r
  u_exact_mapper/m_det_o[3]_snps (net)          3     0.003730            0.000000   0.799623 r
  u_exact_mapper/U38/AN (NAND2B_X1M_A9TR40)                     0.108649  0.000017   0.799640 r
  u_exact_mapper/U38/Y (NAND2B_X1M_A9TR40)                      0.127347  0.140179   0.939818 r
  u_exact_mapper/target_medium_therm_o[6]_snps (net)
                                                3     0.003752            0.000000   0.939818 r
  u_exact_mapper/U40/AN (NAND2B_X1M_A9TR40)                     0.127347  0.000017   0.939835 r
  u_exact_mapper/U40/Y (NAND2B_X1M_A9TR40)                      0.088074  0.135782   1.075618 r
  u_exact_mapper/target_medium_therm_o[4] (net)
                                                2     0.002678            0.000000   1.075618 r
  u_exact_mapper/U9/AN (NAND3B_X2M_A9TR40)                      0.088074  0.000020   1.075637 r
  u_exact_mapper/U9/Y (NAND3B_X2M_A9TR40)                       0.092041  0.109983   1.185620 r
  u_exact_mapper/target_medium_therm_o[3] (net)
                                                2     0.002755            0.000000   1.185620 r
  u_exact_mapper/U39/A (INV_X1M_A9TR40)                         0.092041  0.000021   1.185641 r
  u_exact_mapper/U39/Y (INV_X1M_A9TR40)                         0.060643  0.066249   1.251890 f
  u_exact_mapper/n4 (net)                       2     0.003397            0.000000   1.251890 f
  u_exact_mapper/U3/B (NAND2_X2A_A9TR40)                        0.060643  0.000031   1.251922 f
  u_exact_mapper/U3/Y (NAND2_X2A_A9TR40)                        0.076469  0.051822   1.303743 r
  u_exact_mapper/target_medium_therm_o[2] (net)
                                                2     0.002673            0.000000   1.303743 r
  u_exact_mapper/U16/AN (NAND3BB_X1M_A9TR40)                    0.076469  0.000020   1.303763 r
  u_exact_mapper/U16/Y (NAND3BB_X1M_A9TR40)                     0.177340  0.165037   1.468800 r
  u_exact_mapper/mapping_supported_o (net)      5     0.006760            0.000000   1.468800 r
  u_exact_mapper/mapping_supported_o (ftc_detection_margin_mapper)        0.000000   1.468800 r
  mapper_mapping_supported (net)                      0.006760            0.000000   1.468800 r
  U151/A (NAND2_X2A_A9TR40)                                     0.177340  0.000024   1.468824 r
  U151/Y (NAND2_X2A_A9TR40)                                     0.071609  0.079464   1.548287 f
  n38 (net)                                     2     0.002770            0.000000   1.548287 f
  U157/A (INV_X1M_A9TR40)                                       0.071609  0.000021   1.548308 f
  U157/Y (INV_X1M_A9TR40)                                       0.081496  0.070956   1.619264 r
  n137 (net)                                    2     0.002787            0.000000   1.619264 r
  U153/A (NAND2_X1M_A9TR40)                                     0.081496  0.000021   1.619285 r
  U153/Y (NAND2_X1M_A9TR40)                                     0.082906  0.068508   1.687793 f
  n44 (net)                                     2     0.002659            0.000000   1.687793 f
  U154/A (NOR2_X0P7B_A9TR40)                                    0.082906  0.000019   1.687812 f
  U154/Y (NOR2_X0P7B_A9TR40)                                    0.152263  0.115691   1.803502 r
  n42 (net)                                     2     0.002695            0.000000   1.803502 r
  U168/C (NAND3BB_X1M_A9TR40)                                   0.152263  0.000021   1.803523 r
  U168/Y (NAND3BB_X1M_A9TR40)                                   0.081266  0.101753   1.905276 f
  n21 (net)                                     1     0.002728            0.000000   1.905276 f
  U140/A (INV_X3P5B_A9TR40)                                     0.081266  0.000047   1.905323 f
  U140/Y (INV_X3P5B_A9TR40)                                     0.054964  0.054273   1.959595 r
  n163 (net)                                    5     0.006586            0.000000   1.959595 r
  U135/A (BUF_X1P2M_A9TR40)                                     0.054964  0.000016   1.959611 r
  U135/Y (BUF_X1P2M_A9TR40)                                     0.142504  0.141608   2.101219 r
  n136 (net)                                    6     0.008454            0.000000   2.101219 r
  U145/A (INV_X3M_A9TR40)                                       0.142504  0.000031   2.101250 r
  U145/Y (INV_X3M_A9TR40)                                       0.093292  0.104417   2.205667 f
  n155 (net)                                   16     0.018659            0.000000   2.205667 f
  U70/A0 (AO22_X0P5M_A9TR40)                                    0.093292  0.000014   2.205681 f
  U70/Y (AO22_X0P5M_A9TR40)                                     0.066759  0.175371   2.381052 f
  n97 (net)                                     1     0.001539            0.000000   2.381052 f
  target_medium_therm_q_reg[2]/D (DFFRPQ_X1M_A9TR40)            0.066759  0.000027   2.381078 f
  data arrival time                                                                  2.381078

  clock cal_clk (rise edge)                                               2.500000   2.500000
  clock network delay (ideal)                                             0.000000   2.500000
  clock uncertainty                                                       -0.050000  2.450000
  target_medium_therm_q_reg[2]/CK (DFFRPQ_X1M_A9TR40)                     0.000000   2.450000 r
  library setup time                                                      -0.042259  2.407741
  data required time                                                                 2.407741
  ----------------------------------------------------------------------------------------------
  data required time                                                                 2.407741
  data arrival time                                                                  -2.381078
  ----------------------------------------------------------------------------------------------
  slack (MET)                                                                        0.026662


  Startpoint: margin_sel_i[1]
              (input port clocked by cal_clk)
  Endpoint: target_fine_therm_q_reg[5]
            (rising edge-triggered flip-flop clocked by cal_clk)
  Path Group: cal_clk
  Path Type: max

  Des/Clust/Port     Wire Load Model       Library
  ------------------------------------------------
  ftc_detection_margin_manager
                     Small                 sc9mc_logic0040ll_base_rvt_c40_ss_typical_max_0p99v_125c

  Point                                       Fanout       Cap     Trans      Incr       Path
  ----------------------------------------------------------------------------------------------
  clock cal_clk (rise edge)                                               0.000000   0.000000
  clock network delay (ideal)                                             0.000000   0.000000
  input external delay                                                    0.500000   0.500000 f
  margin_sel_i[1] (in)                                          0.000000  0.000000   0.500000 f
  margin_sel_i[1] (net)                         5     0.007288            0.000000   0.500000 f
  u_exact_mapper/margin_sel_i[1] (ftc_detection_margin_mapper)            0.000000   0.500000 f
  u_exact_mapper/margin_sel_i[1] (net)                0.007288            0.000000   0.500000 f
  u_exact_mapper/U15/A (NOR2_X2A_A9TR40)                        0.000000  0.000023   0.500023 f
  u_exact_mapper/U15/Y (NOR2_X2A_A9TR40)                        0.140056  0.084422   0.584445 r
  u_exact_mapper/n26 (net)                      4     0.005291            0.000000   0.584445 r
  u_exact_mapper/U11/B (NAND3_X1M_A9TR40)                       0.140056  0.000017   0.584462 r
  u_exact_mapper/U11/Y (NAND3_X1M_A9TR40)                       0.105809  0.117497   0.701959 f
  u_exact_mapper/n19 (net)                      2     0.002663            0.000000   0.701959 f
  u_exact_mapper/U10/B (NAND2_X1A_A9TR40)                       0.105809  0.000020   0.701980 f
  u_exact_mapper/U10/Y (NAND2_X1A_A9TR40)                       0.108649  0.097643   0.799623 r
  u_exact_mapper/m_det_o[3]_snps (net)          3     0.003730            0.000000   0.799623 r
  u_exact_mapper/U38/AN (NAND2B_X1M_A9TR40)                     0.108649  0.000017   0.799640 r
  u_exact_mapper/U38/Y (NAND2B_X1M_A9TR40)                      0.127347  0.140179   0.939818 r
  u_exact_mapper/target_medium_therm_o[6]_snps (net)
                                                3     0.003752            0.000000   0.939818 r
  u_exact_mapper/U40/AN (NAND2B_X1M_A9TR40)                     0.127347  0.000017   0.939835 r
  u_exact_mapper/U40/Y (NAND2B_X1M_A9TR40)                      0.088074  0.135782   1.075618 r
  u_exact_mapper/target_medium_therm_o[4] (net)
                                                2     0.002678            0.000000   1.075618 r
  u_exact_mapper/U9/AN (NAND3B_X2M_A9TR40)                      0.088074  0.000020   1.075637 r
  u_exact_mapper/U9/Y (NAND3B_X2M_A9TR40)                       0.092041  0.109983   1.185620 r
  u_exact_mapper/target_medium_therm_o[3] (net)
                                                2     0.002755            0.000000   1.185620 r
  u_exact_mapper/U39/A (INV_X1M_A9TR40)                         0.092041  0.000021   1.185641 r
  u_exact_mapper/U39/Y (INV_X1M_A9TR40)                         0.060643  0.066249   1.251890 f
  u_exact_mapper/n4 (net)                       2     0.003397            0.000000   1.251890 f
  u_exact_mapper/U3/B (NAND2_X2A_A9TR40)                        0.060643  0.000031   1.251922 f
  u_exact_mapper/U3/Y (NAND2_X2A_A9TR40)                        0.076469  0.051822   1.303743 r
  u_exact_mapper/target_medium_therm_o[2] (net)
                                                2     0.002673            0.000000   1.303743 r
  u_exact_mapper/U16/AN (NAND3BB_X1M_A9TR40)                    0.076469  0.000020   1.303763 r
  u_exact_mapper/U16/Y (NAND3BB_X1M_A9TR40)                     0.177340  0.165037   1.468800 r
  u_exact_mapper/mapping_supported_o (net)      5     0.006760            0.000000   1.468800 r
  u_exact_mapper/mapping_supported_o (ftc_detection_margin_mapper)        0.000000   1.468800 r
  mapper_mapping_supported (net)                      0.006760            0.000000   1.468800 r
  U151/A (NAND2_X2A_A9TR40)                                     0.177340  0.000024   1.468824 r
  U151/Y (NAND2_X2A_A9TR40)                                     0.071609  0.079464   1.548287 f
  n38 (net)                                     2     0.002770            0.000000   1.548287 f
  U157/A (INV_X1M_A9TR40)                                       0.071609  0.000021   1.548308 f
  U157/Y (INV_X1M_A9TR40)                                       0.081496  0.070956   1.619264 r
  n137 (net)                                    2     0.002787            0.000000   1.619264 r
  U153/A (NAND2_X1M_A9TR40)                                     0.081496  0.000021   1.619285 r
  U153/Y (NAND2_X1M_A9TR40)                                     0.082906  0.068508   1.687793 f
  n44 (net)                                     2     0.002659            0.000000   1.687793 f
  U154/A (NOR2_X0P7B_A9TR40)                                    0.082906  0.000019   1.687812 f
  U154/Y (NOR2_X0P7B_A9TR40)                                    0.152263  0.115691   1.803502 r
  n42 (net)                                     2     0.002695            0.000000   1.803502 r
  U168/C (NAND3BB_X1M_A9TR40)                                   0.152263  0.000021   1.803523 r
  U168/Y (NAND3BB_X1M_A9TR40)                                   0.081266  0.101753   1.905276 f
  n21 (net)                                     1     0.002728            0.000000   1.905276 f
  U140/A (INV_X3P5B_A9TR40)                                     0.081266  0.000047   1.905323 f
  U140/Y (INV_X3P5B_A9TR40)                                     0.054964  0.054273   1.959595 r
  n163 (net)                                    5     0.006586            0.000000   1.959595 r
  U156/A (BUFH_X1M_A9TR40)                                      0.054964  0.000017   1.959613 r
  U156/Y (BUFH_X1M_A9TR40)                                      0.050867  0.076323   2.035936 r
  n157 (net)                                    1     0.001602            0.000000   2.035936 r
  U182/A (BUFH_X1M_A9TR40)                                      0.050867  0.000028   2.035964 r
  U182/Y (BUFH_X1M_A9TR40)                                      0.161676  0.132216   2.168180 r
  n161 (net)                                    6     0.007067            0.000000   2.168180 r
  U52/B1 (AO22_X0P5M_A9TR40)                                    0.161676  0.000015   2.168195 r
  U52/Y (AO22_X0P5M_A9TR40)                                     0.092612  0.183179   2.351374 r
  n86 (net)                                     1     0.001574            0.000000   2.351374 r
  target_fine_therm_q_reg[5]/D (DFFSQ_X1M_A9TR40)               0.092612  0.000027   2.351401 r
  data arrival time                                                                  2.351401

  clock cal_clk (rise edge)                                               2.500000   2.500000
  clock network delay (ideal)                                             0.000000   2.500000
  clock uncertainty                                                       -0.050000  2.450000
  target_fine_therm_q_reg[5]/CK (DFFSQ_X1M_A9TR40)                        0.000000   2.450000 r
  library setup time                                                      -0.068339  2.381661
  data required time                                                                 2.381661
  ----------------------------------------------------------------------------------------------
  data required time                                                                 2.381661
  data arrival time                                                                  -2.351401
  ----------------------------------------------------------------------------------------------
  slack (MET)                                                                        0.030260


  Startpoint: cal_medium_code_snapshot_i[2]
              (input port clocked by cal_clk)
  Endpoint: target_fine_therm_q_reg[3]
            (rising edge-triggered flip-flop clocked by cal_clk)
  Path Group: cal_clk
  Path Type: max

  Des/Clust/Port     Wire Load Model       Library
  ------------------------------------------------
  ftc_detection_margin_manager
                     Small                 sc9mc_logic0040ll_base_rvt_c40_ss_typical_max_0p99v_125c

  Point                                       Fanout       Cap     Trans      Incr       Path
  ----------------------------------------------------------------------------------------------
  clock cal_clk (rise edge)                                               0.000000   0.000000
  clock network delay (ideal)                                             0.000000   0.000000
  input external delay                                                    0.300000   0.300000 f
  cal_medium_code_snapshot_i[2] (in)                            0.000000  0.000000   0.300000 f
  cal_medium_code_snapshot_i[2] (net)           2     0.002777            0.000000   0.300000 f
  u_exact_mapper/cal_medium_code_snapshot_i[2] (ftc_detection_margin_mapper)
                                                                          0.000000   0.300000 f
  u_exact_mapper/cal_medium_code_snapshot_i[2] (net)  0.002777            0.000000   0.300000 f
  u_exact_mapper/U5/A (INV_X1M_A9TR40)                          0.000000  0.000021   0.300021 f
  u_exact_mapper/U5/Y (INV_X1M_A9TR40)                          0.103467  0.056512   0.356533 r
  u_exact_mapper/n31 (net)                      2     0.004140            0.000000   0.356533 r
  u_exact_mapper/U21/C (NOR4BB_X4M_A9TR40)                      0.103467  0.000041   0.356574 r
  u_exact_mapper/U21/Y (NOR4BB_X4M_A9TR40)                      0.053559  0.068233   0.424807 f
  u_exact_mapper/n30 (net)                      1     0.002307            0.000000   0.424807 f
  u_exact_mapper/U36/BN (NOR3BB_X4M_A9TR40)                     0.053559  0.000040   0.424847 f
  u_exact_mapper/U36/Y (NOR3BB_X4M_A9TR40)                      0.063344  0.103033   0.527881 f
  u_exact_mapper/n23 (net)                      4     0.005150            0.000000   0.527881 f
  u_exact_mapper/U11/C (NAND3_X1M_A9TR40)                       0.063344  0.000017   0.527898 f
  u_exact_mapper/U11/Y (NAND3_X1M_A9TR40)                       0.117836  0.093864   0.621762 r
  u_exact_mapper/n19 (net)                      2     0.002737            0.000000   0.621762 r
  u_exact_mapper/U10/B (NAND2_X1A_A9TR40)                       0.117836  0.000021   0.621783 r
  u_exact_mapper/U10/Y (NAND2_X1A_A9TR40)                       0.095683  0.102718   0.724501 f
  u_exact_mapper/m_det_o[3]_snps (net)          3     0.003734            0.000000   0.724501 f
  u_exact_mapper/U38/AN (NAND2B_X1M_A9TR40)                     0.095683  0.000017   0.724517 f
  u_exact_mapper/U38/Y (NAND2B_X1M_A9TR40)                      0.103590  0.147161   0.871679 f
  u_exact_mapper/target_medium_therm_o[6]_snps (net)
                                                3     0.003730            0.000000   0.871679 f
  u_exact_mapper/U40/AN (NAND2B_X1M_A9TR40)                     0.103590  0.000017   0.871695 f
  u_exact_mapper/U40/Y (NAND2B_X1M_A9TR40)                      0.076402  0.139386   1.011081 f
  u_exact_mapper/target_medium_therm_o[4] (net)
                                                2     0.002660            0.000000   1.011081 f
  u_exact_mapper/U9/AN (NAND3B_X2M_A9TR40)                      0.076402  0.000020   1.011101 f
  u_exact_mapper/U9/Y (NAND3B_X2M_A9TR40)                       0.074539  0.121370   1.132471 f
  u_exact_mapper/target_medium_therm_o[3] (net)
                                                2     0.002722            0.000000   1.132471 f
  u_exact_mapper/U39/A (INV_X1M_A9TR40)                         0.074539  0.000021   1.132492 f
  u_exact_mapper/U39/Y (INV_X1M_A9TR40)                         0.096750  0.080296   1.212788 r
  u_exact_mapper/n4 (net)                       2     0.003527            0.000000   1.212788 r
  u_exact_mapper/U3/B (NAND2_X2A_A9TR40)                        0.096750  0.000033   1.212821 r
  u_exact_mapper/U3/Y (NAND2_X2A_A9TR40)                        0.079102  0.064403   1.277224 f
  u_exact_mapper/target_medium_therm_o[2] (net)
                                                2     0.002648            0.000000   1.277224 f
  u_exact_mapper/U16/AN (NAND3BB_X1M_A9TR40)                    0.079102  0.000019   1.277243 f
  u_exact_mapper/U16/Y (NAND3BB_X1M_A9TR40)                     0.146571  0.180088   1.457331 f
  u_exact_mapper/mapping_supported_o (net)      5     0.006742            0.000000   1.457331 f
  u_exact_mapper/mapping_supported_o (ftc_detection_margin_mapper)        0.000000   1.457331 f
  mapper_mapping_supported (net)                      0.006742            0.000000   1.457331 f
  U151/A (NAND2_X2A_A9TR40)                                     0.146571  0.000024   1.457355 f
  U151/Y (NAND2_X2A_A9TR40)                                     0.071978  0.073944   1.531300 r
  n38 (net)                                     2     0.002793            0.000000   1.531300 r
  U157/A (INV_X1M_A9TR40)                                       0.071978  0.000021   1.531321 r
  U157/Y (INV_X1M_A9TR40)                                       0.049106  0.054095   1.585415 f
  n137 (net)                                    2     0.002723            0.000000   1.585415 f
  U153/A (NAND2_X1M_A9TR40)                                     0.049106  0.000021   1.585436 f
  U153/Y (NAND2_X1M_A9TR40)                                     0.104671  0.064974   1.650410 r
  n44 (net)                                     2     0.002673            0.000000   1.650410 r
  U154/A (NOR2_X0P7B_A9TR40)                                    0.104671  0.000019   1.650429 r
  U154/Y (NOR2_X0P7B_A9TR40)                                    0.101529  0.102350   1.752779 f
  n42 (net)                                     2     0.002601            0.000000   1.752779 f
  U168/C (NAND3BB_X1M_A9TR40)                                   0.101529  0.000020   1.752799 f
  U168/Y (NAND3BB_X1M_A9TR40)                                   0.094724  0.086918   1.839717 r
  n21 (net)                                     1     0.002766            0.000000   1.839717 r
  U140/A (INV_X3P5B_A9TR40)                                     0.094724  0.000048   1.839765 r
  U140/Y (INV_X3P5B_A9TR40)                                     0.049558  0.058906   1.898671 f
  n163 (net)                                    5     0.006508            0.000000   1.898671 f
  U139/A (BUF_X2M_A9TR40)                                       0.049558  0.000016   1.898688 f
  U139/Y (BUF_X2M_A9TR40)                                       0.071712  0.114233   2.012921 f
  n159 (net)                                    7     0.008978            0.000000   2.012921 f
  U196/A (INV_X2M_A9TR40)                                       0.071712  0.000023   2.012944 f
  U196/Y (INV_X2M_A9TR40)                                       0.191656  0.131055   2.143999 r
  n154 (net)                                   15     0.017759            0.000000   2.143999 r
  U46/A0 (AO22_X0P5M_A9TR40)                                    0.191656  0.000014   2.144013 r
  U46/Y (AO22_X0P5M_A9TR40)                                     0.093159  0.205176   2.349189 r
  n82 (net)                                     1     0.001574            0.000000   2.349189 r
  target_fine_therm_q_reg[3]/D (DFFSQ_X1M_A9TR40)               0.093159  0.000027   2.349216 r
  data arrival time                                                                  2.349216

  clock cal_clk (rise edge)                                               2.500000   2.500000
  clock network delay (ideal)                                             0.000000   2.500000
  clock uncertainty                                                       -0.050000  2.450000
  target_fine_therm_q_reg[3]/CK (DFFSQ_X1M_A9TR40)                        0.000000   2.450000 r
  library setup time                                                      -0.068499  2.381501
  data required time                                                                 2.381501
  ----------------------------------------------------------------------------------------------
  data required time                                                                 2.381501
  data arrival time                                                                  -2.349216
  ----------------------------------------------------------------------------------------------
  slack (MET)                                                                        0.032285


  Startpoint: cal_medium_code_snapshot_i[2]
              (input port clocked by cal_clk)
  Endpoint: target_fine_therm_q_reg[2]
            (rising edge-triggered flip-flop clocked by cal_clk)
  Path Group: cal_clk
  Path Type: max

  Des/Clust/Port     Wire Load Model       Library
  ------------------------------------------------
  ftc_detection_margin_manager
                     Small                 sc9mc_logic0040ll_base_rvt_c40_ss_typical_max_0p99v_125c

  Point                                       Fanout       Cap     Trans      Incr       Path
  ----------------------------------------------------------------------------------------------
  clock cal_clk (rise edge)                                               0.000000   0.000000
  clock network delay (ideal)                                             0.000000   0.000000
  input external delay                                                    0.300000   0.300000 f
  cal_medium_code_snapshot_i[2] (in)                            0.000000  0.000000   0.300000 f
  cal_medium_code_snapshot_i[2] (net)           2     0.002777            0.000000   0.300000 f
  u_exact_mapper/cal_medium_code_snapshot_i[2] (ftc_detection_margin_mapper)
                                                                          0.000000   0.300000 f
  u_exact_mapper/cal_medium_code_snapshot_i[2] (net)  0.002777            0.000000   0.300000 f
  u_exact_mapper/U5/A (INV_X1M_A9TR40)                          0.000000  0.000021   0.300021 f
  u_exact_mapper/U5/Y (INV_X1M_A9TR40)                          0.103467  0.056512   0.356533 r
  u_exact_mapper/n31 (net)                      2     0.004140            0.000000   0.356533 r
  u_exact_mapper/U21/C (NOR4BB_X4M_A9TR40)                      0.103467  0.000041   0.356574 r
  u_exact_mapper/U21/Y (NOR4BB_X4M_A9TR40)                      0.053559  0.068233   0.424807 f
  u_exact_mapper/n30 (net)                      1     0.002307            0.000000   0.424807 f
  u_exact_mapper/U36/BN (NOR3BB_X4M_A9TR40)                     0.053559  0.000040   0.424847 f
  u_exact_mapper/U36/Y (NOR3BB_X4M_A9TR40)                      0.063344  0.103033   0.527881 f
  u_exact_mapper/n23 (net)                      4     0.005150            0.000000   0.527881 f
  u_exact_mapper/U11/C (NAND3_X1M_A9TR40)                       0.063344  0.000017   0.527898 f
  u_exact_mapper/U11/Y (NAND3_X1M_A9TR40)                       0.117836  0.093864   0.621762 r
  u_exact_mapper/n19 (net)                      2     0.002737            0.000000   0.621762 r
  u_exact_mapper/U10/B (NAND2_X1A_A9TR40)                       0.117836  0.000021   0.621783 r
  u_exact_mapper/U10/Y (NAND2_X1A_A9TR40)                       0.095683  0.102718   0.724501 f
  u_exact_mapper/m_det_o[3]_snps (net)          3     0.003734            0.000000   0.724501 f
  u_exact_mapper/U38/AN (NAND2B_X1M_A9TR40)                     0.095683  0.000017   0.724517 f
  u_exact_mapper/U38/Y (NAND2B_X1M_A9TR40)                      0.103590  0.147161   0.871679 f
  u_exact_mapper/target_medium_therm_o[6]_snps (net)
                                                3     0.003730            0.000000   0.871679 f
  u_exact_mapper/U40/AN (NAND2B_X1M_A9TR40)                     0.103590  0.000017   0.871695 f
  u_exact_mapper/U40/Y (NAND2B_X1M_A9TR40)                      0.076402  0.139386   1.011081 f
  u_exact_mapper/target_medium_therm_o[4] (net)
                                                2     0.002660            0.000000   1.011081 f
  u_exact_mapper/U9/AN (NAND3B_X2M_A9TR40)                      0.076402  0.000020   1.011101 f
  u_exact_mapper/U9/Y (NAND3B_X2M_A9TR40)                       0.074539  0.121370   1.132471 f
  u_exact_mapper/target_medium_therm_o[3] (net)
                                                2     0.002722            0.000000   1.132471 f
  u_exact_mapper/U39/A (INV_X1M_A9TR40)                         0.074539  0.000021   1.132492 f
  u_exact_mapper/U39/Y (INV_X1M_A9TR40)                         0.096750  0.080296   1.212788 r
  u_exact_mapper/n4 (net)                       2     0.003527            0.000000   1.212788 r
  u_exact_mapper/U3/B (NAND2_X2A_A9TR40)                        0.096750  0.000033   1.212821 r
  u_exact_mapper/U3/Y (NAND2_X2A_A9TR40)                        0.079102  0.064403   1.277224 f
  u_exact_mapper/target_medium_therm_o[2] (net)
                                                2     0.002648            0.000000   1.277224 f
  u_exact_mapper/U16/AN (NAND3BB_X1M_A9TR40)                    0.079102  0.000019   1.277243 f
  u_exact_mapper/U16/Y (NAND3BB_X1M_A9TR40)                     0.146571  0.180088   1.457331 f
  u_exact_mapper/mapping_supported_o (net)      5     0.006742            0.000000   1.457331 f
  u_exact_mapper/mapping_supported_o (ftc_detection_margin_mapper)        0.000000   1.457331 f
  mapper_mapping_supported (net)                      0.006742            0.000000   1.457331 f
  U151/A (NAND2_X2A_A9TR40)                                     0.146571  0.000024   1.457355 f
  U151/Y (NAND2_X2A_A9TR40)                                     0.071978  0.073944   1.531300 r
  n38 (net)                                     2     0.002793            0.000000   1.531300 r
  U157/A (INV_X1M_A9TR40)                                       0.071978  0.000021   1.531321 r
  U157/Y (INV_X1M_A9TR40)                                       0.049106  0.054095   1.585415 f
  n137 (net)                                    2     0.002723            0.000000   1.585415 f
  U153/A (NAND2_X1M_A9TR40)                                     0.049106  0.000021   1.585436 f
  U153/Y (NAND2_X1M_A9TR40)                                     0.104671  0.064974   1.650410 r
  n44 (net)                                     2     0.002673            0.000000   1.650410 r
  U154/A (NOR2_X0P7B_A9TR40)                                    0.104671  0.000019   1.650429 r
  U154/Y (NOR2_X0P7B_A9TR40)                                    0.101529  0.102350   1.752779 f
  n42 (net)                                     2     0.002601            0.000000   1.752779 f
  U168/C (NAND3BB_X1M_A9TR40)                                   0.101529  0.000020   1.752799 f
  U168/Y (NAND3BB_X1M_A9TR40)                                   0.094724  0.086918   1.839717 r
  n21 (net)                                     1     0.002766            0.000000   1.839717 r
  U140/A (INV_X3P5B_A9TR40)                                     0.094724  0.000048   1.839765 r
  U140/Y (INV_X3P5B_A9TR40)                                     0.049558  0.058906   1.898671 f
  n163 (net)                                    5     0.006508            0.000000   1.898671 f
  U139/A (BUF_X2M_A9TR40)                                       0.049558  0.000016   1.898688 f
  U139/Y (BUF_X2M_A9TR40)                                       0.071712  0.114233   2.012921 f
  n159 (net)                                    7     0.008978            0.000000   2.012921 f
  U196/A (INV_X2M_A9TR40)                                       0.071712  0.000023   2.012944 f
  U196/Y (INV_X2M_A9TR40)                                       0.191656  0.131055   2.143999 r
  n154 (net)                                   15     0.017759            0.000000   2.143999 r
  U43/A0 (AO22_X0P5M_A9TR40)                                    0.191656  0.000014   2.144013 r
  U43/Y (AO22_X0P5M_A9TR40)                                     0.093159  0.205176   2.349189 r
  n80 (net)                                     1     0.001574            0.000000   2.349189 r
  target_fine_therm_q_reg[2]/D (DFFSQ_X1M_A9TR40)               0.093159  0.000027   2.349216 r
  data arrival time                                                                  2.349216

  clock cal_clk (rise edge)                                               2.500000   2.500000
  clock network delay (ideal)                                             0.000000   2.500000
  clock uncertainty                                                       -0.050000  2.450000
  target_fine_therm_q_reg[2]/CK (DFFSQ_X1M_A9TR40)                        0.000000   2.450000 r
  library setup time                                                      -0.068499  2.381501
  data required time                                                                 2.381501
  ----------------------------------------------------------------------------------------------
  data required time                                                                 2.381501
  data arrival time                                                                  -2.349216
  ----------------------------------------------------------------------------------------------
  slack (MET)                                                                        0.032285


  Startpoint: cal_medium_code_snapshot_i[2]
              (input port clocked by cal_clk)
  Endpoint: target_fine_therm_q_reg[1]
            (rising edge-triggered flip-flop clocked by cal_clk)
  Path Group: cal_clk
  Path Type: max

  Des/Clust/Port     Wire Load Model       Library
  ------------------------------------------------
  ftc_detection_margin_manager
                     Small                 sc9mc_logic0040ll_base_rvt_c40_ss_typical_max_0p99v_125c

  Point                                       Fanout       Cap     Trans      Incr       Path
  ----------------------------------------------------------------------------------------------
  clock cal_clk (rise edge)                                               0.000000   0.000000
  clock network delay (ideal)                                             0.000000   0.000000
  input external delay                                                    0.300000   0.300000 f
  cal_medium_code_snapshot_i[2] (in)                            0.000000  0.000000   0.300000 f
  cal_medium_code_snapshot_i[2] (net)           2     0.002777            0.000000   0.300000 f
  u_exact_mapper/cal_medium_code_snapshot_i[2] (ftc_detection_margin_mapper)
                                                                          0.000000   0.300000 f
  u_exact_mapper/cal_medium_code_snapshot_i[2] (net)  0.002777            0.000000   0.300000 f
  u_exact_mapper/U5/A (INV_X1M_A9TR40)                          0.000000  0.000021   0.300021 f
  u_exact_mapper/U5/Y (INV_X1M_A9TR40)                          0.103467  0.056512   0.356533 r
  u_exact_mapper/n31 (net)                      2     0.004140            0.000000   0.356533 r
  u_exact_mapper/U21/C (NOR4BB_X4M_A9TR40)                      0.103467  0.000041   0.356574 r
  u_exact_mapper/U21/Y (NOR4BB_X4M_A9TR40)                      0.053559  0.068233   0.424807 f
  u_exact_mapper/n30 (net)                      1     0.002307            0.000000   0.424807 f
  u_exact_mapper/U36/BN (NOR3BB_X4M_A9TR40)                     0.053559  0.000040   0.424847 f
  u_exact_mapper/U36/Y (NOR3BB_X4M_A9TR40)                      0.063344  0.103033   0.527881 f
  u_exact_mapper/n23 (net)                      4     0.005150            0.000000   0.527881 f
  u_exact_mapper/U11/C (NAND3_X1M_A9TR40)                       0.063344  0.000017   0.527898 f
  u_exact_mapper/U11/Y (NAND3_X1M_A9TR40)                       0.117836  0.093864   0.621762 r
  u_exact_mapper/n19 (net)                      2     0.002737            0.000000   0.621762 r
  u_exact_mapper/U10/B (NAND2_X1A_A9TR40)                       0.117836  0.000021   0.621783 r
  u_exact_mapper/U10/Y (NAND2_X1A_A9TR40)                       0.095683  0.102718   0.724501 f
  u_exact_mapper/m_det_o[3]_snps (net)          3     0.003734            0.000000   0.724501 f
  u_exact_mapper/U38/AN (NAND2B_X1M_A9TR40)                     0.095683  0.000017   0.724517 f
  u_exact_mapper/U38/Y (NAND2B_X1M_A9TR40)                      0.103590  0.147161   0.871679 f
  u_exact_mapper/target_medium_therm_o[6]_snps (net)
                                                3     0.003730            0.000000   0.871679 f
  u_exact_mapper/U40/AN (NAND2B_X1M_A9TR40)                     0.103590  0.000017   0.871695 f
  u_exact_mapper/U40/Y (NAND2B_X1M_A9TR40)                      0.076402  0.139386   1.011081 f
  u_exact_mapper/target_medium_therm_o[4] (net)
                                                2     0.002660            0.000000   1.011081 f
  u_exact_mapper/U9/AN (NAND3B_X2M_A9TR40)                      0.076402  0.000020   1.011101 f
  u_exact_mapper/U9/Y (NAND3B_X2M_A9TR40)                       0.074539  0.121370   1.132471 f
  u_exact_mapper/target_medium_therm_o[3] (net)
                                                2     0.002722            0.000000   1.132471 f
  u_exact_mapper/U39/A (INV_X1M_A9TR40)                         0.074539  0.000021   1.132492 f
  u_exact_mapper/U39/Y (INV_X1M_A9TR40)                         0.096750  0.080296   1.212788 r
  u_exact_mapper/n4 (net)                       2     0.003527            0.000000   1.212788 r
  u_exact_mapper/U3/B (NAND2_X2A_A9TR40)                        0.096750  0.000033   1.212821 r
  u_exact_mapper/U3/Y (NAND2_X2A_A9TR40)                        0.079102  0.064403   1.277224 f
  u_exact_mapper/target_medium_therm_o[2] (net)
                                                2     0.002648            0.000000   1.277224 f
  u_exact_mapper/U16/AN (NAND3BB_X1M_A9TR40)                    0.079102  0.000019   1.277243 f
  u_exact_mapper/U16/Y (NAND3BB_X1M_A9TR40)                     0.146571  0.180088   1.457331 f
  u_exact_mapper/mapping_supported_o (net)      5     0.006742            0.000000   1.457331 f
  u_exact_mapper/mapping_supported_o (ftc_detection_margin_mapper)        0.000000   1.457331 f
  mapper_mapping_supported (net)                      0.006742            0.000000   1.457331 f
  U151/A (NAND2_X2A_A9TR40)                                     0.146571  0.000024   1.457355 f
  U151/Y (NAND2_X2A_A9TR40)                                     0.071978  0.073944   1.531300 r
  n38 (net)                                     2     0.002793            0.000000   1.531300 r
  U157/A (INV_X1M_A9TR40)                                       0.071978  0.000021   1.531321 r
  U157/Y (INV_X1M_A9TR40)                                       0.049106  0.054095   1.585415 f
  n137 (net)                                    2     0.002723            0.000000   1.585415 f
  U153/A (NAND2_X1M_A9TR40)                                     0.049106  0.000021   1.585436 f
  U153/Y (NAND2_X1M_A9TR40)                                     0.104671  0.064974   1.650410 r
  n44 (net)                                     2     0.002673            0.000000   1.650410 r
  U154/A (NOR2_X0P7B_A9TR40)                                    0.104671  0.000019   1.650429 r
  U154/Y (NOR2_X0P7B_A9TR40)                                    0.101529  0.102350   1.752779 f
  n42 (net)                                     2     0.002601            0.000000   1.752779 f
  U168/C (NAND3BB_X1M_A9TR40)                                   0.101529  0.000020   1.752799 f
  U168/Y (NAND3BB_X1M_A9TR40)                                   0.094724  0.086918   1.839717 r
  n21 (net)                                     1     0.002766            0.000000   1.839717 r
  U140/A (INV_X3P5B_A9TR40)                                     0.094724  0.000048   1.839765 r
  U140/Y (INV_X3P5B_A9TR40)                                     0.049558  0.058906   1.898671 f
  n163 (net)                                    5     0.006508            0.000000   1.898671 f
  U139/A (BUF_X2M_A9TR40)                                       0.049558  0.000016   1.898688 f
  U139/Y (BUF_X2M_A9TR40)                                       0.071712  0.114233   2.012921 f
  n159 (net)                                    7     0.008978            0.000000   2.012921 f
  U196/A (INV_X2M_A9TR40)                                       0.071712  0.000023   2.012944 f
  U196/Y (INV_X2M_A9TR40)                                       0.191656  0.131055   2.143999 r
  n154 (net)                                   15     0.017759            0.000000   2.143999 r
  U40/A0 (AO22_X0P5M_A9TR40)                                    0.191656  0.000014   2.144013 r
  U40/Y (AO22_X0P5M_A9TR40)                                     0.093159  0.205176   2.349189 r
  n78 (net)                                     1     0.001574            0.000000   2.349189 r
  target_fine_therm_q_reg[1]/D (DFFSQ_X1M_A9TR40)               0.093159  0.000027   2.349216 r
  data arrival time                                                                  2.349216

  clock cal_clk (rise edge)                                               2.500000   2.500000
  clock network delay (ideal)                                             0.000000   2.500000
  clock uncertainty                                                       -0.050000  2.450000
  target_fine_therm_q_reg[1]/CK (DFFSQ_X1M_A9TR40)                        0.000000   2.450000 r
  library setup time                                                      -0.068499  2.381501
  data required time                                                                 2.381501
  ----------------------------------------------------------------------------------------------
  data required time                                                                 2.381501
  data arrival time                                                                  -2.349216
  ----------------------------------------------------------------------------------------------
  slack (MET)                                                                        0.032285


  Startpoint: cal_medium_code_snapshot_i[2]
              (input port clocked by cal_clk)
  Endpoint: f_det_q_reg[0]
            (rising edge-triggered flip-flop clocked by cal_clk)
  Path Group: cal_clk
  Path Type: max

  Des/Clust/Port     Wire Load Model       Library
  ------------------------------------------------
  ftc_detection_margin_manager
                     Small                 sc9mc_logic0040ll_base_rvt_c40_ss_typical_max_0p99v_125c

  Point                                       Fanout       Cap     Trans      Incr       Path
  ----------------------------------------------------------------------------------------------
  clock cal_clk (rise edge)                                               0.000000   0.000000
  clock network delay (ideal)                                             0.000000   0.000000
  input external delay                                                    0.300000   0.300000 f
  cal_medium_code_snapshot_i[2] (in)                            0.000000  0.000000   0.300000 f
  cal_medium_code_snapshot_i[2] (net)           2     0.002777            0.000000   0.300000 f
  u_exact_mapper/cal_medium_code_snapshot_i[2] (ftc_detection_margin_mapper)
                                                                          0.000000   0.300000 f
  u_exact_mapper/cal_medium_code_snapshot_i[2] (net)  0.002777            0.000000   0.300000 f
  u_exact_mapper/U5/A (INV_X1M_A9TR40)                          0.000000  0.000021   0.300021 f
  u_exact_mapper/U5/Y (INV_X1M_A9TR40)                          0.103467  0.056512   0.356533 r
  u_exact_mapper/n31 (net)                      2     0.004140            0.000000   0.356533 r
  u_exact_mapper/U21/C (NOR4BB_X4M_A9TR40)                      0.103467  0.000041   0.356574 r
  u_exact_mapper/U21/Y (NOR4BB_X4M_A9TR40)                      0.053559  0.068233   0.424807 f
  u_exact_mapper/n30 (net)                      1     0.002307            0.000000   0.424807 f
  u_exact_mapper/U36/BN (NOR3BB_X4M_A9TR40)                     0.053559  0.000040   0.424847 f
  u_exact_mapper/U36/Y (NOR3BB_X4M_A9TR40)                      0.063344  0.103033   0.527881 f
  u_exact_mapper/n23 (net)                      4     0.005150            0.000000   0.527881 f
  u_exact_mapper/U11/C (NAND3_X1M_A9TR40)                       0.063344  0.000017   0.527898 f
  u_exact_mapper/U11/Y (NAND3_X1M_A9TR40)                       0.117836  0.093864   0.621762 r
  u_exact_mapper/n19 (net)                      2     0.002737            0.000000   0.621762 r
  u_exact_mapper/U10/B (NAND2_X1A_A9TR40)                       0.117836  0.000021   0.621783 r
  u_exact_mapper/U10/Y (NAND2_X1A_A9TR40)                       0.095683  0.102718   0.724501 f
  u_exact_mapper/m_det_o[3]_snps (net)          3     0.003734            0.000000   0.724501 f
  u_exact_mapper/U38/AN (NAND2B_X1M_A9TR40)                     0.095683  0.000017   0.724517 f
  u_exact_mapper/U38/Y (NAND2B_X1M_A9TR40)                      0.103590  0.147161   0.871679 f
  u_exact_mapper/target_medium_therm_o[6]_snps (net)
                                                3     0.003730            0.000000   0.871679 f
  u_exact_mapper/U40/AN (NAND2B_X1M_A9TR40)                     0.103590  0.000017   0.871695 f
  u_exact_mapper/U40/Y (NAND2B_X1M_A9TR40)                      0.076402  0.139386   1.011081 f
  u_exact_mapper/target_medium_therm_o[4] (net)
                                                2     0.002660            0.000000   1.011081 f
  u_exact_mapper/U9/AN (NAND3B_X2M_A9TR40)                      0.076402  0.000020   1.011101 f
  u_exact_mapper/U9/Y (NAND3B_X2M_A9TR40)                       0.074539  0.121370   1.132471 f
  u_exact_mapper/target_medium_therm_o[3] (net)
                                                2     0.002722            0.000000   1.132471 f
  u_exact_mapper/U39/A (INV_X1M_A9TR40)                         0.074539  0.000021   1.132492 f
  u_exact_mapper/U39/Y (INV_X1M_A9TR40)                         0.096750  0.080296   1.212788 r
  u_exact_mapper/n4 (net)                       2     0.003527            0.000000   1.212788 r
  u_exact_mapper/U3/B (NAND2_X2A_A9TR40)                        0.096750  0.000033   1.212821 r
  u_exact_mapper/U3/Y (NAND2_X2A_A9TR40)                        0.079102  0.064403   1.277224 f
  u_exact_mapper/target_medium_therm_o[2] (net)
                                                2     0.002648            0.000000   1.277224 f
  u_exact_mapper/U16/AN (NAND3BB_X1M_A9TR40)                    0.079102  0.000019   1.277243 f
  u_exact_mapper/U16/Y (NAND3BB_X1M_A9TR40)                     0.146571  0.180088   1.457331 f
  u_exact_mapper/mapping_supported_o (net)      5     0.006742            0.000000   1.457331 f
  u_exact_mapper/mapping_supported_o (ftc_detection_margin_mapper)        0.000000   1.457331 f
  mapper_mapping_supported (net)                      0.006742            0.000000   1.457331 f
  U151/A (NAND2_X2A_A9TR40)                                     0.146571  0.000024   1.457355 f
  U151/Y (NAND2_X2A_A9TR40)                                     0.071978  0.073944   1.531300 r
  n38 (net)                                     2     0.002793            0.000000   1.531300 r
  U157/A (INV_X1M_A9TR40)                                       0.071978  0.000021   1.531321 r
  U157/Y (INV_X1M_A9TR40)                                       0.049106  0.054095   1.585415 f
  n137 (net)                                    2     0.002723            0.000000   1.585415 f
  U153/A (NAND2_X1M_A9TR40)                                     0.049106  0.000021   1.585436 f
  U153/Y (NAND2_X1M_A9TR40)                                     0.104671  0.064974   1.650410 r
  n44 (net)                                     2     0.002673            0.000000   1.650410 r
  U154/A (NOR2_X0P7B_A9TR40)                                    0.104671  0.000019   1.650429 r
  U154/Y (NOR2_X0P7B_A9TR40)                                    0.101529  0.102350   1.752779 f
  n42 (net)                                     2     0.002601            0.000000   1.752779 f
  U168/C (NAND3BB_X1M_A9TR40)                                   0.101529  0.000020   1.752799 f
  U168/Y (NAND3BB_X1M_A9TR40)                                   0.094724  0.086918   1.839717 r
  n21 (net)                                     1     0.002766            0.000000   1.839717 r
  U140/A (INV_X3P5B_A9TR40)                                     0.094724  0.000048   1.839765 r
  U140/Y (INV_X3P5B_A9TR40)                                     0.049558  0.058906   1.898671 f
  n163 (net)                                    5     0.006508            0.000000   1.898671 f
  U139/A (BUF_X2M_A9TR40)                                       0.049558  0.000016   1.898688 f
  U139/Y (BUF_X2M_A9TR40)                                       0.071712  0.114233   2.012921 f
  n159 (net)                                    7     0.008978            0.000000   2.012921 f
  U196/A (INV_X2M_A9TR40)                                       0.071712  0.000023   2.012944 f
  U196/Y (INV_X2M_A9TR40)                                       0.191656  0.131055   2.143999 r
  n154 (net)                                   15     0.017759            0.000000   2.143999 r
  U94/B1 (AO22_X0P5M_A9TR40)                                    0.191656  0.000014   2.144013 r
  U94/Y (AO22_X0P5M_A9TR40)                                     0.092633  0.193044   2.337057 r
  n116 (net)                                    1     0.001559            0.000000   2.337057 r
  f_det_q_reg[0]/D (DFFRPQ_X1M_A9TR40)                          0.092633  0.000027   2.337084 r
  data arrival time                                                                  2.337084

  clock cal_clk (rise edge)                                               2.500000   2.500000
  clock network delay (ideal)                                             0.000000   2.500000
  clock uncertainty                                                       -0.050000  2.450000
  f_det_q_reg[0]/CK (DFFRPQ_X1M_A9TR40)                                   0.000000   2.450000 r
  library setup time                                                      -0.080020  2.369980
  data required time                                                                 2.369980
  ----------------------------------------------------------------------------------------------
  data required time                                                                 2.369980
  data arrival time                                                                  -2.337084
  ----------------------------------------------------------------------------------------------
  slack (MET)                                                                        0.032896


  Startpoint: cal_medium_code_snapshot_i[2]
              (input port clocked by cal_clk)
  Endpoint: f_det_q_reg[3]
            (rising edge-triggered flip-flop clocked by cal_clk)
  Path Group: cal_clk
  Path Type: max

  Des/Clust/Port     Wire Load Model       Library
  ------------------------------------------------
  ftc_detection_margin_manager
                     Small                 sc9mc_logic0040ll_base_rvt_c40_ss_typical_max_0p99v_125c

  Point                                       Fanout       Cap     Trans      Incr       Path
  ----------------------------------------------------------------------------------------------
  clock cal_clk (rise edge)                                               0.000000   0.000000
  clock network delay (ideal)                                             0.000000   0.000000
  input external delay                                                    0.300000   0.300000 f
  cal_medium_code_snapshot_i[2] (in)                            0.000000  0.000000   0.300000 f
  cal_medium_code_snapshot_i[2] (net)           2     0.002777            0.000000   0.300000 f
  u_exact_mapper/cal_medium_code_snapshot_i[2] (ftc_detection_margin_mapper)
                                                                          0.000000   0.300000 f
  u_exact_mapper/cal_medium_code_snapshot_i[2] (net)  0.002777            0.000000   0.300000 f
  u_exact_mapper/U5/A (INV_X1M_A9TR40)                          0.000000  0.000021   0.300021 f
  u_exact_mapper/U5/Y (INV_X1M_A9TR40)                          0.103467  0.056512   0.356533 r
  u_exact_mapper/n31 (net)                      2     0.004140            0.000000   0.356533 r
  u_exact_mapper/U21/C (NOR4BB_X4M_A9TR40)                      0.103467  0.000041   0.356574 r
  u_exact_mapper/U21/Y (NOR4BB_X4M_A9TR40)                      0.053559  0.068233   0.424807 f
  u_exact_mapper/n30 (net)                      1     0.002307            0.000000   0.424807 f
  u_exact_mapper/U36/BN (NOR3BB_X4M_A9TR40)                     0.053559  0.000040   0.424847 f
  u_exact_mapper/U36/Y (NOR3BB_X4M_A9TR40)                      0.063344  0.103033   0.527881 f
  u_exact_mapper/n23 (net)                      4     0.005150            0.000000   0.527881 f
  u_exact_mapper/U11/C (NAND3_X1M_A9TR40)                       0.063344  0.000017   0.527898 f
  u_exact_mapper/U11/Y (NAND3_X1M_A9TR40)                       0.117836  0.093864   0.621762 r
  u_exact_mapper/n19 (net)                      2     0.002737            0.000000   0.621762 r
  u_exact_mapper/U10/B (NAND2_X1A_A9TR40)                       0.117836  0.000021   0.621783 r
  u_exact_mapper/U10/Y (NAND2_X1A_A9TR40)                       0.095683  0.102718   0.724501 f
  u_exact_mapper/m_det_o[3]_snps (net)          3     0.003734            0.000000   0.724501 f
  u_exact_mapper/U38/AN (NAND2B_X1M_A9TR40)                     0.095683  0.000017   0.724517 f
  u_exact_mapper/U38/Y (NAND2B_X1M_A9TR40)                      0.103590  0.147161   0.871679 f
  u_exact_mapper/target_medium_therm_o[6]_snps (net)
                                                3     0.003730            0.000000   0.871679 f
  u_exact_mapper/U40/AN (NAND2B_X1M_A9TR40)                     0.103590  0.000017   0.871695 f
  u_exact_mapper/U40/Y (NAND2B_X1M_A9TR40)                      0.076402  0.139386   1.011081 f
  u_exact_mapper/target_medium_therm_o[4] (net)
                                                2     0.002660            0.000000   1.011081 f
  u_exact_mapper/U9/AN (NAND3B_X2M_A9TR40)                      0.076402  0.000020   1.011101 f
  u_exact_mapper/U9/Y (NAND3B_X2M_A9TR40)                       0.074539  0.121370   1.132471 f
  u_exact_mapper/target_medium_therm_o[3] (net)
                                                2     0.002722            0.000000   1.132471 f
  u_exact_mapper/U39/A (INV_X1M_A9TR40)                         0.074539  0.000021   1.132492 f
  u_exact_mapper/U39/Y (INV_X1M_A9TR40)                         0.096750  0.080296   1.212788 r
  u_exact_mapper/n4 (net)                       2     0.003527            0.000000   1.212788 r
  u_exact_mapper/U3/B (NAND2_X2A_A9TR40)                        0.096750  0.000033   1.212821 r
  u_exact_mapper/U3/Y (NAND2_X2A_A9TR40)                        0.079102  0.064403   1.277224 f
  u_exact_mapper/target_medium_therm_o[2] (net)
                                                2     0.002648            0.000000   1.277224 f
  u_exact_mapper/U16/AN (NAND3BB_X1M_A9TR40)                    0.079102  0.000019   1.277243 f
  u_exact_mapper/U16/Y (NAND3BB_X1M_A9TR40)                     0.146571  0.180088   1.457331 f
  u_exact_mapper/mapping_supported_o (net)      5     0.006742            0.000000   1.457331 f
  u_exact_mapper/mapping_supported_o (ftc_detection_margin_mapper)        0.000000   1.457331 f
  mapper_mapping_supported (net)                      0.006742            0.000000   1.457331 f
  U151/A (NAND2_X2A_A9TR40)                                     0.146571  0.000024   1.457355 f
  U151/Y (NAND2_X2A_A9TR40)                                     0.071978  0.073944   1.531300 r
  n38 (net)                                     2     0.002793            0.000000   1.531300 r
  U157/A (INV_X1M_A9TR40)                                       0.071978  0.000021   1.531321 r
  U157/Y (INV_X1M_A9TR40)                                       0.049106  0.054095   1.585415 f
  n137 (net)                                    2     0.002723            0.000000   1.585415 f
  U153/A (NAND2_X1M_A9TR40)                                     0.049106  0.000021   1.585436 f
  U153/Y (NAND2_X1M_A9TR40)                                     0.104671  0.064974   1.650410 r
  n44 (net)                                     2     0.002673            0.000000   1.650410 r
  U154/A (NOR2_X0P7B_A9TR40)                                    0.104671  0.000019   1.650429 r
  U154/Y (NOR2_X0P7B_A9TR40)                                    0.101529  0.102350   1.752779 f
  n42 (net)                                     2     0.002601            0.000000   1.752779 f
  U168/C (NAND3BB_X1M_A9TR40)                                   0.101529  0.000020   1.752799 f
  U168/Y (NAND3BB_X1M_A9TR40)                                   0.094724  0.086918   1.839717 r
  n21 (net)                                     1     0.002766            0.000000   1.839717 r
  U140/A (INV_X3P5B_A9TR40)                                     0.094724  0.000048   1.839765 r
  U140/Y (INV_X3P5B_A9TR40)                                     0.049558  0.058906   1.898671 f
  n163 (net)                                    5     0.006508            0.000000   1.898671 f
  U139/A (BUF_X2M_A9TR40)                                       0.049558  0.000016   1.898688 f
  U139/Y (BUF_X2M_A9TR40)                                       0.071712  0.114233   2.012921 f
  n159 (net)                                    7     0.008978            0.000000   2.012921 f
  U196/A (INV_X2M_A9TR40)                                       0.071712  0.000023   2.012944 f
  U196/Y (INV_X2M_A9TR40)                                       0.191656  0.131055   2.143999 r
  n154 (net)                                   15     0.017759            0.000000   2.143999 r
  U97/B1 (AO22_X0P5M_A9TR40)                                    0.191656  0.000014   2.144013 r
  U97/Y (AO22_X0P5M_A9TR40)                                     0.092057  0.193044   2.337057 r
  n119 (net)                                    1     0.001559            0.000000   2.337057 r
  f_det_q_reg[3]/D (DFFRPQ_X1M_A9TR40)                          0.092057  0.000027   2.337084 r
  data arrival time                                                                  2.337084

  clock cal_clk (rise edge)                                               2.500000   2.500000
  clock network delay (ideal)                                             0.000000   2.500000
  clock uncertainty                                                       -0.050000  2.450000
  f_det_q_reg[3]/CK (DFFRPQ_X1M_A9TR40)                                   0.000000   2.450000 r
  library setup time                                                      -0.079854  2.370146
  data required time                                                                 2.370146
  ----------------------------------------------------------------------------------------------
  data required time                                                                 2.370146
  data arrival time                                                                  -2.337084
  ----------------------------------------------------------------------------------------------
  slack (MET)                                                                        0.033062


  Startpoint: cal_medium_code_snapshot_i[2]
              (input port clocked by cal_clk)
  Endpoint: margin_level_q_reg[1]
            (rising edge-triggered flip-flop clocked by cal_clk)
  Path Group: cal_clk
  Path Type: max

  Des/Clust/Port     Wire Load Model       Library
  ------------------------------------------------
  ftc_detection_margin_manager
                     Small                 sc9mc_logic0040ll_base_rvt_c40_ss_typical_max_0p99v_125c

  Point                                       Fanout       Cap     Trans      Incr       Path
  ----------------------------------------------------------------------------------------------
  clock cal_clk (rise edge)                                               0.000000   0.000000
  clock network delay (ideal)                                             0.000000   0.000000
  input external delay                                                    0.300000   0.300000 f
  cal_medium_code_snapshot_i[2] (in)                            0.000000  0.000000   0.300000 f
  cal_medium_code_snapshot_i[2] (net)           2     0.002777            0.000000   0.300000 f
  u_exact_mapper/cal_medium_code_snapshot_i[2] (ftc_detection_margin_mapper)
                                                                          0.000000   0.300000 f
  u_exact_mapper/cal_medium_code_snapshot_i[2] (net)  0.002777            0.000000   0.300000 f
  u_exact_mapper/U5/A (INV_X1M_A9TR40)                          0.000000  0.000021   0.300021 f
  u_exact_mapper/U5/Y (INV_X1M_A9TR40)                          0.103467  0.056512   0.356533 r
  u_exact_mapper/n31 (net)                      2     0.004140            0.000000   0.356533 r
  u_exact_mapper/U21/C (NOR4BB_X4M_A9TR40)                      0.103467  0.000041   0.356574 r
  u_exact_mapper/U21/Y (NOR4BB_X4M_A9TR40)                      0.053559  0.068233   0.424807 f
  u_exact_mapper/n30 (net)                      1     0.002307            0.000000   0.424807 f
  u_exact_mapper/U36/BN (NOR3BB_X4M_A9TR40)                     0.053559  0.000040   0.424847 f
  u_exact_mapper/U36/Y (NOR3BB_X4M_A9TR40)                      0.063344  0.103033   0.527881 f
  u_exact_mapper/n23 (net)                      4     0.005150            0.000000   0.527881 f
  u_exact_mapper/U11/C (NAND3_X1M_A9TR40)                       0.063344  0.000017   0.527898 f
  u_exact_mapper/U11/Y (NAND3_X1M_A9TR40)                       0.117836  0.093864   0.621762 r
  u_exact_mapper/n19 (net)                      2     0.002737            0.000000   0.621762 r
  u_exact_mapper/U10/B (NAND2_X1A_A9TR40)                       0.117836  0.000021   0.621783 r
  u_exact_mapper/U10/Y (NAND2_X1A_A9TR40)                       0.095683  0.102718   0.724501 f
  u_exact_mapper/m_det_o[3]_snps (net)          3     0.003734            0.000000   0.724501 f
  u_exact_mapper/U38/AN (NAND2B_X1M_A9TR40)                     0.095683  0.000017   0.724517 f
  u_exact_mapper/U38/Y (NAND2B_X1M_A9TR40)                      0.103590  0.147161   0.871679 f
  u_exact_mapper/target_medium_therm_o[6]_snps (net)
                                                3     0.003730            0.000000   0.871679 f
  u_exact_mapper/U40/AN (NAND2B_X1M_A9TR40)                     0.103590  0.000017   0.871695 f
  u_exact_mapper/U40/Y (NAND2B_X1M_A9TR40)                      0.076402  0.139386   1.011081 f
  u_exact_mapper/target_medium_therm_o[4] (net)
                                                2     0.002660            0.000000   1.011081 f
  u_exact_mapper/U9/AN (NAND3B_X2M_A9TR40)                      0.076402  0.000020   1.011101 f
  u_exact_mapper/U9/Y (NAND3B_X2M_A9TR40)                       0.074539  0.121370   1.132471 f
  u_exact_mapper/target_medium_therm_o[3] (net)
                                                2     0.002722            0.000000   1.132471 f
  u_exact_mapper/U39/A (INV_X1M_A9TR40)                         0.074539  0.000021   1.132492 f
  u_exact_mapper/U39/Y (INV_X1M_A9TR40)                         0.096750  0.080296   1.212788 r
  u_exact_mapper/n4 (net)                       2     0.003527            0.000000   1.212788 r
  u_exact_mapper/U3/B (NAND2_X2A_A9TR40)                        0.096750  0.000033   1.212821 r
  u_exact_mapper/U3/Y (NAND2_X2A_A9TR40)                        0.079102  0.064403   1.277224 f
  u_exact_mapper/target_medium_therm_o[2] (net)
                                                2     0.002648            0.000000   1.277224 f
  u_exact_mapper/U16/AN (NAND3BB_X1M_A9TR40)                    0.079102  0.000019   1.277243 f
  u_exact_mapper/U16/Y (NAND3BB_X1M_A9TR40)                     0.146571  0.180088   1.457331 f
  u_exact_mapper/mapping_supported_o (net)      5     0.006742            0.000000   1.457331 f
  u_exact_mapper/mapping_supported_o (ftc_detection_margin_mapper)        0.000000   1.457331 f
  mapper_mapping_supported (net)                      0.006742            0.000000   1.457331 f
  U151/A (NAND2_X2A_A9TR40)                                     0.146571  0.000024   1.457355 f
  U151/Y (NAND2_X2A_A9TR40)                                     0.071978  0.073944   1.531300 r
  n38 (net)                                     2     0.002793            0.000000   1.531300 r
  U157/A (INV_X1M_A9TR40)                                       0.071978  0.000021   1.531321 r
  U157/Y (INV_X1M_A9TR40)                                       0.049106  0.054095   1.585415 f
  n137 (net)                                    2     0.002723            0.000000   1.585415 f
  U153/A (NAND2_X1M_A9TR40)                                     0.049106  0.000021   1.585436 f
  U153/Y (NAND2_X1M_A9TR40)                                     0.104671  0.064974   1.650410 r
  n44 (net)                                     2     0.002673            0.000000   1.650410 r
  U154/A (NOR2_X0P7B_A9TR40)                                    0.104671  0.000019   1.650429 r
  U154/Y (NOR2_X0P7B_A9TR40)                                    0.101529  0.102350   1.752779 f
  n42 (net)                                     2     0.002601            0.000000   1.752779 f
  U168/C (NAND3BB_X1M_A9TR40)                                   0.101529  0.000020   1.752799 f
  U168/Y (NAND3BB_X1M_A9TR40)                                   0.094724  0.086918   1.839717 r
  n21 (net)                                     1     0.002766            0.000000   1.839717 r
  U140/A (INV_X3P5B_A9TR40)                                     0.094724  0.000048   1.839765 r
  U140/Y (INV_X3P5B_A9TR40)                                     0.049558  0.058906   1.898671 f
  n163 (net)                                    5     0.006508            0.000000   1.898671 f
  U139/A (BUF_X2M_A9TR40)                                       0.049558  0.000016   1.898688 f
  U139/Y (BUF_X2M_A9TR40)                                       0.071712  0.114233   2.012921 f
  n159 (net)                                    7     0.008978            0.000000   2.012921 f
  U196/A (INV_X2M_A9TR40)                                       0.071712  0.000023   2.012944 f
  U196/Y (INV_X2M_A9TR40)                                       0.191656  0.131055   2.143999 r
  n154 (net)                                   15     0.017759            0.000000   2.143999 r
  U93/B1 (AO22_X0P5M_A9TR40)                                    0.191656  0.000014   2.144013 r
  U93/Y (AO22_X0P5M_A9TR40)                                     0.092024  0.193044   2.337057 r
  n115 (net)                                    1     0.001559            0.000000   2.337057 r
  margin_level_q_reg[1]/D (DFFRPQ_X1M_A9TR40)                   0.092024  0.000027   2.337084 r
  data arrival time                                                                  2.337084

  clock cal_clk (rise edge)                                               2.500000   2.500000
  clock network delay (ideal)                                             0.000000   2.500000
  clock uncertainty                                                       -0.050000  2.450000
  margin_level_q_reg[1]/CK (DFFRPQ_X1M_A9TR40)                            0.000000   2.450000 r
  library setup time                                                      -0.079845  2.370155
  data required time                                                                 2.370155
  ----------------------------------------------------------------------------------------------
  data required time                                                                 2.370155
  data arrival time                                                                  -2.337084
  ----------------------------------------------------------------------------------------------
  slack (MET)                                                                        0.033071


  Startpoint: margin_sel_i[1]
              (input port clocked by cal_clk)
  Endpoint: target_fine_therm_q_reg[7]
            (rising edge-triggered flip-flop clocked by cal_clk)
  Path Group: cal_clk
  Path Type: max

  Des/Clust/Port     Wire Load Model       Library
  ------------------------------------------------
  ftc_detection_margin_manager
                     Small                 sc9mc_logic0040ll_base_rvt_c40_ss_typical_max_0p99v_125c

  Point                                       Fanout       Cap     Trans      Incr       Path
  ----------------------------------------------------------------------------------------------
  clock cal_clk (rise edge)                                               0.000000   0.000000
  clock network delay (ideal)                                             0.000000   0.000000
  input external delay                                                    0.500000   0.500000 f
  margin_sel_i[1] (in)                                          0.000000  0.000000   0.500000 f
  margin_sel_i[1] (net)                         5     0.007288            0.000000   0.500000 f
  u_exact_mapper/margin_sel_i[1] (ftc_detection_margin_mapper)            0.000000   0.500000 f
  u_exact_mapper/margin_sel_i[1] (net)                0.007288            0.000000   0.500000 f
  u_exact_mapper/U15/A (NOR2_X2A_A9TR40)                        0.000000  0.000023   0.500023 f
  u_exact_mapper/U15/Y (NOR2_X2A_A9TR40)                        0.140056  0.084422   0.584445 r
  u_exact_mapper/n26 (net)                      4     0.005291            0.000000   0.584445 r
  u_exact_mapper/U11/B (NAND3_X1M_A9TR40)                       0.140056  0.000017   0.584462 r
  u_exact_mapper/U11/Y (NAND3_X1M_A9TR40)                       0.105809  0.117497   0.701959 f
  u_exact_mapper/n19 (net)                      2     0.002663            0.000000   0.701959 f
  u_exact_mapper/U10/B (NAND2_X1A_A9TR40)                       0.105809  0.000020   0.701980 f
  u_exact_mapper/U10/Y (NAND2_X1A_A9TR40)                       0.108649  0.097643   0.799623 r
  u_exact_mapper/m_det_o[3]_snps (net)          3     0.003730            0.000000   0.799623 r
  u_exact_mapper/U38/AN (NAND2B_X1M_A9TR40)                     0.108649  0.000017   0.799640 r
  u_exact_mapper/U38/Y (NAND2B_X1M_A9TR40)                      0.127347  0.140179   0.939818 r
  u_exact_mapper/target_medium_therm_o[6]_snps (net)
                                                3     0.003752            0.000000   0.939818 r
  u_exact_mapper/U40/AN (NAND2B_X1M_A9TR40)                     0.127347  0.000017   0.939835 r
  u_exact_mapper/U40/Y (NAND2B_X1M_A9TR40)                      0.088074  0.135782   1.075618 r
  u_exact_mapper/target_medium_therm_o[4] (net)
                                                2     0.002678            0.000000   1.075618 r
  u_exact_mapper/U9/AN (NAND3B_X2M_A9TR40)                      0.088074  0.000020   1.075637 r
  u_exact_mapper/U9/Y (NAND3B_X2M_A9TR40)                       0.092041  0.109983   1.185620 r
  u_exact_mapper/target_medium_therm_o[3] (net)
                                                2     0.002755            0.000000   1.185620 r
  u_exact_mapper/U39/A (INV_X1M_A9TR40)                         0.092041  0.000021   1.185641 r
  u_exact_mapper/U39/Y (INV_X1M_A9TR40)                         0.060643  0.066249   1.251890 f
  u_exact_mapper/n4 (net)                       2     0.003397            0.000000   1.251890 f
  u_exact_mapper/U3/B (NAND2_X2A_A9TR40)                        0.060643  0.000031   1.251922 f
  u_exact_mapper/U3/Y (NAND2_X2A_A9TR40)                        0.076469  0.051822   1.303743 r
  u_exact_mapper/target_medium_therm_o[2] (net)
                                                2     0.002673            0.000000   1.303743 r
  u_exact_mapper/U16/AN (NAND3BB_X1M_A9TR40)                    0.076469  0.000020   1.303763 r
  u_exact_mapper/U16/Y (NAND3BB_X1M_A9TR40)                     0.177340  0.165037   1.468800 r
  u_exact_mapper/mapping_supported_o (net)      5     0.006760            0.000000   1.468800 r
  u_exact_mapper/mapping_supported_o (ftc_detection_margin_mapper)        0.000000   1.468800 r
  mapper_mapping_supported (net)                      0.006760            0.000000   1.468800 r
  U151/A (NAND2_X2A_A9TR40)                                     0.177340  0.000024   1.468824 r
  U151/Y (NAND2_X2A_A9TR40)                                     0.071609  0.079464   1.548287 f
  n38 (net)                                     2     0.002770            0.000000   1.548287 f
  U157/A (INV_X1M_A9TR40)                                       0.071609  0.000021   1.548308 f
  U157/Y (INV_X1M_A9TR40)                                       0.081496  0.070956   1.619264 r
  n137 (net)                                    2     0.002787            0.000000   1.619264 r
  U153/A (NAND2_X1M_A9TR40)                                     0.081496  0.000021   1.619285 r
  U153/Y (NAND2_X1M_A9TR40)                                     0.082906  0.068508   1.687793 f
  n44 (net)                                     2     0.002659            0.000000   1.687793 f
  U154/A (NOR2_X0P7B_A9TR40)                                    0.082906  0.000019   1.687812 f
  U154/Y (NOR2_X0P7B_A9TR40)                                    0.152263  0.115691   1.803502 r
  n42 (net)                                     2     0.002695            0.000000   1.803502 r
  U168/C (NAND3BB_X1M_A9TR40)                                   0.152263  0.000021   1.803523 r
  U168/Y (NAND3BB_X1M_A9TR40)                                   0.081266  0.101753   1.905276 f
  n21 (net)                                     1     0.002728            0.000000   1.905276 f
  U140/A (INV_X3P5B_A9TR40)                                     0.081266  0.000047   1.905323 f
  U140/Y (INV_X3P5B_A9TR40)                                     0.054964  0.054273   1.959595 r
  n163 (net)                                    5     0.006586            0.000000   1.959595 r
  U155/A (BUF_X1M_A9TR40)                                       0.054964  0.000016   1.959611 r
  U155/Y (BUF_X1M_A9TR40)                                       0.053319  0.089020   2.048631 r
  n162 (net)                                    1     0.001602            0.000000   2.048631 r
  U164/A (BUFH_X1M_A9TR40)                                      0.053319  0.000028   2.048659 r
  U164/Y (BUFH_X1M_A9TR40)                                      0.141520  0.122741   2.171401 r
  n158 (net)                                    5     0.006075            0.000000   2.171401 r
  U58/B1 (AO22_X0P5M_A9TR40)                                    0.141520  0.000015   2.171416 r
  U58/Y (AO22_X0P5M_A9TR40)                                     0.092612  0.175292   2.346709 r
  n90 (net)                                     1     0.001574            0.000000   2.346709 r
  target_fine_therm_q_reg[7]/D (DFFSQ_X1M_A9TR40)               0.092612  0.000027   2.346736 r
  data arrival time                                                                  2.346736

  clock cal_clk (rise edge)                                               2.500000   2.500000
  clock network delay (ideal)                                             0.000000   2.500000
  clock uncertainty                                                       -0.050000  2.450000
  target_fine_therm_q_reg[7]/CK (DFFSQ_X1M_A9TR40)                        0.000000   2.450000 r
  library setup time                                                      -0.068339  2.381661
  data required time                                                                 2.381661
  ----------------------------------------------------------------------------------------------
  data required time                                                                 2.381661
  data arrival time                                                                  -2.346736
  ----------------------------------------------------------------------------------------------
  slack (MET)                                                                        0.034925


  Startpoint: margin_sel_i[1]
              (input port clocked by cal_clk)
  Endpoint: target_fine_therm_q_reg[6]
            (rising edge-triggered flip-flop clocked by cal_clk)
  Path Group: cal_clk
  Path Type: max

  Des/Clust/Port     Wire Load Model       Library
  ------------------------------------------------
  ftc_detection_margin_manager
                     Small                 sc9mc_logic0040ll_base_rvt_c40_ss_typical_max_0p99v_125c

  Point                                       Fanout       Cap     Trans      Incr       Path
  ----------------------------------------------------------------------------------------------
  clock cal_clk (rise edge)                                               0.000000   0.000000
  clock network delay (ideal)                                             0.000000   0.000000
  input external delay                                                    0.500000   0.500000 f
  margin_sel_i[1] (in)                                          0.000000  0.000000   0.500000 f
  margin_sel_i[1] (net)                         5     0.007288            0.000000   0.500000 f
  u_exact_mapper/margin_sel_i[1] (ftc_detection_margin_mapper)            0.000000   0.500000 f
  u_exact_mapper/margin_sel_i[1] (net)                0.007288            0.000000   0.500000 f
  u_exact_mapper/U15/A (NOR2_X2A_A9TR40)                        0.000000  0.000023   0.500023 f
  u_exact_mapper/U15/Y (NOR2_X2A_A9TR40)                        0.140056  0.084422   0.584445 r
  u_exact_mapper/n26 (net)                      4     0.005291            0.000000   0.584445 r
  u_exact_mapper/U11/B (NAND3_X1M_A9TR40)                       0.140056  0.000017   0.584462 r
  u_exact_mapper/U11/Y (NAND3_X1M_A9TR40)                       0.105809  0.117497   0.701959 f
  u_exact_mapper/n19 (net)                      2     0.002663            0.000000   0.701959 f
  u_exact_mapper/U10/B (NAND2_X1A_A9TR40)                       0.105809  0.000020   0.701980 f
  u_exact_mapper/U10/Y (NAND2_X1A_A9TR40)                       0.108649  0.097643   0.799623 r
  u_exact_mapper/m_det_o[3]_snps (net)          3     0.003730            0.000000   0.799623 r
  u_exact_mapper/U38/AN (NAND2B_X1M_A9TR40)                     0.108649  0.000017   0.799640 r
  u_exact_mapper/U38/Y (NAND2B_X1M_A9TR40)                      0.127347  0.140179   0.939818 r
  u_exact_mapper/target_medium_therm_o[6]_snps (net)
                                                3     0.003752            0.000000   0.939818 r
  u_exact_mapper/U40/AN (NAND2B_X1M_A9TR40)                     0.127347  0.000017   0.939835 r
  u_exact_mapper/U40/Y (NAND2B_X1M_A9TR40)                      0.088074  0.135782   1.075618 r
  u_exact_mapper/target_medium_therm_o[4] (net)
                                                2     0.002678            0.000000   1.075618 r
  u_exact_mapper/U9/AN (NAND3B_X2M_A9TR40)                      0.088074  0.000020   1.075637 r
  u_exact_mapper/U9/Y (NAND3B_X2M_A9TR40)                       0.092041  0.109983   1.185620 r
  u_exact_mapper/target_medium_therm_o[3] (net)
                                                2     0.002755            0.000000   1.185620 r
  u_exact_mapper/U39/A (INV_X1M_A9TR40)                         0.092041  0.000021   1.185641 r
  u_exact_mapper/U39/Y (INV_X1M_A9TR40)                         0.060643  0.066249   1.251890 f
  u_exact_mapper/n4 (net)                       2     0.003397            0.000000   1.251890 f
  u_exact_mapper/U3/B (NAND2_X2A_A9TR40)                        0.060643  0.000031   1.251922 f
  u_exact_mapper/U3/Y (NAND2_X2A_A9TR40)                        0.076469  0.051822   1.303743 r
  u_exact_mapper/target_medium_therm_o[2] (net)
                                                2     0.002673            0.000000   1.303743 r
  u_exact_mapper/U16/AN (NAND3BB_X1M_A9TR40)                    0.076469  0.000020   1.303763 r
  u_exact_mapper/U16/Y (NAND3BB_X1M_A9TR40)                     0.177340  0.165037   1.468800 r
  u_exact_mapper/mapping_supported_o (net)      5     0.006760            0.000000   1.468800 r
  u_exact_mapper/mapping_supported_o (ftc_detection_margin_mapper)        0.000000   1.468800 r
  mapper_mapping_supported (net)                      0.006760            0.000000   1.468800 r
  U151/A (NAND2_X2A_A9TR40)                                     0.177340  0.000024   1.468824 r
  U151/Y (NAND2_X2A_A9TR40)                                     0.071609  0.079464   1.548287 f
  n38 (net)                                     2     0.002770            0.000000   1.548287 f
  U157/A (INV_X1M_A9TR40)                                       0.071609  0.000021   1.548308 f
  U157/Y (INV_X1M_A9TR40)                                       0.081496  0.070956   1.619264 r
  n137 (net)                                    2     0.002787            0.000000   1.619264 r
  U153/A (NAND2_X1M_A9TR40)                                     0.081496  0.000021   1.619285 r
  U153/Y (NAND2_X1M_A9TR40)                                     0.082906  0.068508   1.687793 f
  n44 (net)                                     2     0.002659            0.000000   1.687793 f
  U154/A (NOR2_X0P7B_A9TR40)                                    0.082906  0.000019   1.687812 f
  U154/Y (NOR2_X0P7B_A9TR40)                                    0.152263  0.115691   1.803502 r
  n42 (net)                                     2     0.002695            0.000000   1.803502 r
  U168/C (NAND3BB_X1M_A9TR40)                                   0.152263  0.000021   1.803523 r
  U168/Y (NAND3BB_X1M_A9TR40)                                   0.081266  0.101753   1.905276 f
  n21 (net)                                     1     0.002728            0.000000   1.905276 f
  U140/A (INV_X3P5B_A9TR40)                                     0.081266  0.000047   1.905323 f
  U140/Y (INV_X3P5B_A9TR40)                                     0.054964  0.054273   1.959595 r
  n163 (net)                                    5     0.006586            0.000000   1.959595 r
  U135/A (BUF_X1P2M_A9TR40)                                     0.054964  0.000016   1.959611 r
  U135/Y (BUF_X1P2M_A9TR40)                                     0.142504  0.141608   2.101219 r
  n136 (net)                                    6     0.008454            0.000000   2.101219 r
  U145/A (INV_X3M_A9TR40)                                       0.142504  0.000031   2.101250 r
  U145/Y (INV_X3M_A9TR40)                                       0.093292  0.104417   2.205667 f
  n155 (net)                                   16     0.018659            0.000000   2.205667 f
  U55/A0 (AO22_X0P5M_A9TR40)                                    0.093292  0.000014   2.205681 f
  U55/Y (AO22_X0P5M_A9TR40)                                     0.067152  0.175604   2.381285 f
  n88 (net)                                     1     0.001556            0.000000   2.381285 f
  target_fine_therm_q_reg[6]/D (DFFSQ_X1M_A9TR40)               0.067152  0.000027   2.381312 f
  data arrival time                                                                  2.381312

  clock cal_clk (rise edge)                                               2.500000   2.500000
  clock network delay (ideal)                                             0.000000   2.500000
  clock uncertainty                                                       -0.050000  2.450000
  target_fine_therm_q_reg[6]/CK (DFFSQ_X1M_A9TR40)                        0.000000   2.450000 r
  library setup time                                                      -0.027132  2.422868
  data required time                                                                 2.422868
  ----------------------------------------------------------------------------------------------
  data required time                                                                 2.422868
  data arrival time                                                                  -2.381312
  ----------------------------------------------------------------------------------------------
  slack (MET)                                                                        0.041556


  Startpoint: margin_sel_i[1]
              (input port clocked by cal_clk)
  Endpoint: target_fine_therm_q_reg[0]
            (rising edge-triggered flip-flop clocked by cal_clk)
  Path Group: cal_clk
  Path Type: max

  Des/Clust/Port     Wire Load Model       Library
  ------------------------------------------------
  ftc_detection_margin_manager
                     Small                 sc9mc_logic0040ll_base_rvt_c40_ss_typical_max_0p99v_125c

  Point                                       Fanout       Cap     Trans      Incr       Path
  ----------------------------------------------------------------------------------------------
  clock cal_clk (rise edge)                                               0.000000   0.000000
  clock network delay (ideal)                                             0.000000   0.000000
  input external delay                                                    0.500000   0.500000 f
  margin_sel_i[1] (in)                                          0.000000  0.000000   0.500000 f
  margin_sel_i[1] (net)                         5     0.007288            0.000000   0.500000 f
  u_exact_mapper/margin_sel_i[1] (ftc_detection_margin_mapper)            0.000000   0.500000 f
  u_exact_mapper/margin_sel_i[1] (net)                0.007288            0.000000   0.500000 f
  u_exact_mapper/U15/A (NOR2_X2A_A9TR40)                        0.000000  0.000023   0.500023 f
  u_exact_mapper/U15/Y (NOR2_X2A_A9TR40)                        0.140056  0.084422   0.584445 r
  u_exact_mapper/n26 (net)                      4     0.005291            0.000000   0.584445 r
  u_exact_mapper/U11/B (NAND3_X1M_A9TR40)                       0.140056  0.000017   0.584462 r
  u_exact_mapper/U11/Y (NAND3_X1M_A9TR40)                       0.105809  0.117497   0.701959 f
  u_exact_mapper/n19 (net)                      2     0.002663            0.000000   0.701959 f
  u_exact_mapper/U10/B (NAND2_X1A_A9TR40)                       0.105809  0.000020   0.701980 f
  u_exact_mapper/U10/Y (NAND2_X1A_A9TR40)                       0.108649  0.097643   0.799623 r
  u_exact_mapper/m_det_o[3]_snps (net)          3     0.003730            0.000000   0.799623 r
  u_exact_mapper/U38/AN (NAND2B_X1M_A9TR40)                     0.108649  0.000017   0.799640 r
  u_exact_mapper/U38/Y (NAND2B_X1M_A9TR40)                      0.127347  0.140179   0.939818 r
  u_exact_mapper/target_medium_therm_o[6]_snps (net)
                                                3     0.003752            0.000000   0.939818 r
  u_exact_mapper/U40/AN (NAND2B_X1M_A9TR40)                     0.127347  0.000017   0.939835 r
  u_exact_mapper/U40/Y (NAND2B_X1M_A9TR40)                      0.088074  0.135782   1.075618 r
  u_exact_mapper/target_medium_therm_o[4] (net)
                                                2     0.002678            0.000000   1.075618 r
  u_exact_mapper/U9/AN (NAND3B_X2M_A9TR40)                      0.088074  0.000020   1.075637 r
  u_exact_mapper/U9/Y (NAND3B_X2M_A9TR40)                       0.092041  0.109983   1.185620 r
  u_exact_mapper/target_medium_therm_o[3] (net)
                                                2     0.002755            0.000000   1.185620 r
  u_exact_mapper/U39/A (INV_X1M_A9TR40)                         0.092041  0.000021   1.185641 r
  u_exact_mapper/U39/Y (INV_X1M_A9TR40)                         0.060643  0.066249   1.251890 f
  u_exact_mapper/n4 (net)                       2     0.003397            0.000000   1.251890 f
  u_exact_mapper/U3/B (NAND2_X2A_A9TR40)                        0.060643  0.000031   1.251922 f
  u_exact_mapper/U3/Y (NAND2_X2A_A9TR40)                        0.076469  0.051822   1.303743 r
  u_exact_mapper/target_medium_therm_o[2] (net)
                                                2     0.002673            0.000000   1.303743 r
  u_exact_mapper/U16/AN (NAND3BB_X1M_A9TR40)                    0.076469  0.000020   1.303763 r
  u_exact_mapper/U16/Y (NAND3BB_X1M_A9TR40)                     0.177340  0.165037   1.468800 r
  u_exact_mapper/mapping_supported_o (net)      5     0.006760            0.000000   1.468800 r
  u_exact_mapper/mapping_supported_o (ftc_detection_margin_mapper)        0.000000   1.468800 r
  mapper_mapping_supported (net)                      0.006760            0.000000   1.468800 r
  U151/A (NAND2_X2A_A9TR40)                                     0.177340  0.000024   1.468824 r
  U151/Y (NAND2_X2A_A9TR40)                                     0.071609  0.079464   1.548287 f
  n38 (net)                                     2     0.002770            0.000000   1.548287 f
  U157/A (INV_X1M_A9TR40)                                       0.071609  0.000021   1.548308 f
  U157/Y (INV_X1M_A9TR40)                                       0.081496  0.070956   1.619264 r
  n137 (net)                                    2     0.002787            0.000000   1.619264 r
  U153/A (NAND2_X1M_A9TR40)                                     0.081496  0.000021   1.619285 r
  U153/Y (NAND2_X1M_A9TR40)                                     0.082906  0.068508   1.687793 f
  n44 (net)                                     2     0.002659            0.000000   1.687793 f
  U154/A (NOR2_X0P7B_A9TR40)                                    0.082906  0.000019   1.687812 f
  U154/Y (NOR2_X0P7B_A9TR40)                                    0.152263  0.115691   1.803502 r
  n42 (net)                                     2     0.002695            0.000000   1.803502 r
  U168/C (NAND3BB_X1M_A9TR40)                                   0.152263  0.000021   1.803523 r
  U168/Y (NAND3BB_X1M_A9TR40)                                   0.081266  0.101753   1.905276 f
  n21 (net)                                     1     0.002728            0.000000   1.905276 f
  U140/A (INV_X3P5B_A9TR40)                                     0.081266  0.000047   1.905323 f
  U140/Y (INV_X3P5B_A9TR40)                                     0.054964  0.054273   1.959595 r
  n163 (net)                                    5     0.006586            0.000000   1.959595 r
  U135/A (BUF_X1P2M_A9TR40)                                     0.054964  0.000016   1.959611 r
  U135/Y (BUF_X1P2M_A9TR40)                                     0.142504  0.141608   2.101219 r
  n136 (net)                                    6     0.008454            0.000000   2.101219 r
  U145/A (INV_X3M_A9TR40)                                       0.142504  0.000031   2.101250 r
  U145/Y (INV_X3M_A9TR40)                                       0.093292  0.104417   2.205667 f
  n155 (net)                                   16     0.018659            0.000000   2.205667 f
  U37/A0 (AO22_X0P5M_A9TR40)                                    0.093292  0.000014   2.205681 f
  U37/Y (AO22_X0P5M_A9TR40)                                     0.067100  0.175604   2.381285 f
  n76 (net)                                     1     0.001556            0.000000   2.381285 f
  target_fine_therm_q_reg[0]/D (DFFSQ_X1M_A9TR40)               0.067100  0.000027   2.381312 f
  data arrival time                                                                  2.381312

  clock cal_clk (rise edge)                                               2.500000   2.500000
  clock network delay (ideal)                                             0.000000   2.500000
  clock uncertainty                                                       -0.050000  2.450000
  target_fine_therm_q_reg[0]/CK (DFFSQ_X1M_A9TR40)                        0.000000   2.450000 r
  library setup time                                                      -0.027116  2.422884
  data required time                                                                 2.422884
  ----------------------------------------------------------------------------------------------
  data required time                                                                 2.422884
  data arrival time                                                                  -2.381312
  ----------------------------------------------------------------------------------------------
  slack (MET)                                                                        0.041572


  Startpoint: margin_sel_i[1]
              (input port clocked by cal_clk)
  Endpoint: target_fine_therm_q_reg[9]
            (rising edge-triggered flip-flop clocked by cal_clk)
  Path Group: cal_clk
  Path Type: max

  Des/Clust/Port     Wire Load Model       Library
  ------------------------------------------------
  ftc_detection_margin_manager
                     Small                 sc9mc_logic0040ll_base_rvt_c40_ss_typical_max_0p99v_125c

  Point                                       Fanout       Cap     Trans      Incr       Path
  ----------------------------------------------------------------------------------------------
  clock cal_clk (rise edge)                                               0.000000   0.000000
  clock network delay (ideal)                                             0.000000   0.000000
  input external delay                                                    0.500000   0.500000 f
  margin_sel_i[1] (in)                                          0.000000  0.000000   0.500000 f
  margin_sel_i[1] (net)                         5     0.007288            0.000000   0.500000 f
  u_exact_mapper/margin_sel_i[1] (ftc_detection_margin_mapper)            0.000000   0.500000 f
  u_exact_mapper/margin_sel_i[1] (net)                0.007288            0.000000   0.500000 f
  u_exact_mapper/U15/A (NOR2_X2A_A9TR40)                        0.000000  0.000023   0.500023 f
  u_exact_mapper/U15/Y (NOR2_X2A_A9TR40)                        0.140056  0.084422   0.584445 r
  u_exact_mapper/n26 (net)                      4     0.005291            0.000000   0.584445 r
  u_exact_mapper/U11/B (NAND3_X1M_A9TR40)                       0.140056  0.000017   0.584462 r
  u_exact_mapper/U11/Y (NAND3_X1M_A9TR40)                       0.105809  0.117497   0.701959 f
  u_exact_mapper/n19 (net)                      2     0.002663            0.000000   0.701959 f
  u_exact_mapper/U10/B (NAND2_X1A_A9TR40)                       0.105809  0.000020   0.701980 f
  u_exact_mapper/U10/Y (NAND2_X1A_A9TR40)                       0.108649  0.097643   0.799623 r
  u_exact_mapper/m_det_o[3]_snps (net)          3     0.003730            0.000000   0.799623 r
  u_exact_mapper/U38/AN (NAND2B_X1M_A9TR40)                     0.108649  0.000017   0.799640 r
  u_exact_mapper/U38/Y (NAND2B_X1M_A9TR40)                      0.127347  0.140179   0.939818 r
  u_exact_mapper/target_medium_therm_o[6]_snps (net)
                                                3     0.003752            0.000000   0.939818 r
  u_exact_mapper/U40/AN (NAND2B_X1M_A9TR40)                     0.127347  0.000017   0.939835 r
  u_exact_mapper/U40/Y (NAND2B_X1M_A9TR40)                      0.088074  0.135782   1.075618 r
  u_exact_mapper/target_medium_therm_o[4] (net)
                                                2     0.002678            0.000000   1.075618 r
  u_exact_mapper/U9/AN (NAND3B_X2M_A9TR40)                      0.088074  0.000020   1.075637 r
  u_exact_mapper/U9/Y (NAND3B_X2M_A9TR40)                       0.092041  0.109983   1.185620 r
  u_exact_mapper/target_medium_therm_o[3] (net)
                                                2     0.002755            0.000000   1.185620 r
  u_exact_mapper/U39/A (INV_X1M_A9TR40)                         0.092041  0.000021   1.185641 r
  u_exact_mapper/U39/Y (INV_X1M_A9TR40)                         0.060643  0.066249   1.251890 f
  u_exact_mapper/n4 (net)                       2     0.003397            0.000000   1.251890 f
  u_exact_mapper/U3/B (NAND2_X2A_A9TR40)                        0.060643  0.000031   1.251922 f
  u_exact_mapper/U3/Y (NAND2_X2A_A9TR40)                        0.076469  0.051822   1.303743 r
  u_exact_mapper/target_medium_therm_o[2] (net)
                                                2     0.002673            0.000000   1.303743 r
  u_exact_mapper/U16/AN (NAND3BB_X1M_A9TR40)                    0.076469  0.000020   1.303763 r
  u_exact_mapper/U16/Y (NAND3BB_X1M_A9TR40)                     0.177340  0.165037   1.468800 r
  u_exact_mapper/mapping_supported_o (net)      5     0.006760            0.000000   1.468800 r
  u_exact_mapper/mapping_supported_o (ftc_detection_margin_mapper)        0.000000   1.468800 r
  mapper_mapping_supported (net)                      0.006760            0.000000   1.468800 r
  U151/A (NAND2_X2A_A9TR40)                                     0.177340  0.000024   1.468824 r
  U151/Y (NAND2_X2A_A9TR40)                                     0.071609  0.079464   1.548287 f
  n38 (net)                                     2     0.002770            0.000000   1.548287 f
  U157/A (INV_X1M_A9TR40)                                       0.071609  0.000021   1.548308 f
  U157/Y (INV_X1M_A9TR40)                                       0.081496  0.070956   1.619264 r
  n137 (net)                                    2     0.002787            0.000000   1.619264 r
  U153/A (NAND2_X1M_A9TR40)                                     0.081496  0.000021   1.619285 r
  U153/Y (NAND2_X1M_A9TR40)                                     0.082906  0.068508   1.687793 f
  n44 (net)                                     2     0.002659            0.000000   1.687793 f
  U154/A (NOR2_X0P7B_A9TR40)                                    0.082906  0.000019   1.687812 f
  U154/Y (NOR2_X0P7B_A9TR40)                                    0.152263  0.115691   1.803502 r
  n42 (net)                                     2     0.002695            0.000000   1.803502 r
  U168/C (NAND3BB_X1M_A9TR40)                                   0.152263  0.000021   1.803523 r
  U168/Y (NAND3BB_X1M_A9TR40)                                   0.081266  0.101753   1.905276 f
  n21 (net)                                     1     0.002728            0.000000   1.905276 f
  U140/A (INV_X3P5B_A9TR40)                                     0.081266  0.000047   1.905323 f
  U140/Y (INV_X3P5B_A9TR40)                                     0.054964  0.054273   1.959595 r
  n163 (net)                                    5     0.006586            0.000000   1.959595 r
  U135/A (BUF_X1P2M_A9TR40)                                     0.054964  0.000016   1.959611 r
  U135/Y (BUF_X1P2M_A9TR40)                                     0.142504  0.141608   2.101219 r
  n136 (net)                                    6     0.008454            0.000000   2.101219 r
  U145/A (INV_X3M_A9TR40)                                       0.142504  0.000031   2.101250 r
  U145/Y (INV_X3M_A9TR40)                                       0.093292  0.104417   2.205667 f
  n155 (net)                                   16     0.018659            0.000000   2.205667 f
  U67/A0 (AO22_X0P5M_A9TR40)                                    0.093292  0.000014   2.205681 f
  U67/Y (AO22_X0P5M_A9TR40)                                     0.067092  0.175604   2.381285 f
  n94 (net)                                     1     0.001556            0.000000   2.381285 f
  target_fine_therm_q_reg[9]/D (DFFSQ_X1M_A9TR40)               0.067092  0.000027   2.381312 f
  data arrival time                                                                  2.381312

  clock cal_clk (rise edge)                                               2.500000   2.500000
  clock network delay (ideal)                                             0.000000   2.500000
  clock uncertainty                                                       -0.050000  2.450000
  target_fine_therm_q_reg[9]/CK (DFFSQ_X1M_A9TR40)                        0.000000   2.450000 r
  library setup time                                                      -0.027114  2.422887
  data required time                                                                 2.422887
  ----------------------------------------------------------------------------------------------
  data required time                                                                 2.422887
  data arrival time                                                                  -2.381312
  ----------------------------------------------------------------------------------------------
  slack (MET)                                                                        0.041574


  Startpoint: margin_sel_i[1]
              (input port clocked by cal_clk)
  Endpoint: target_fine_therm_q_reg[8]
            (rising edge-triggered flip-flop clocked by cal_clk)
  Path Group: cal_clk
  Path Type: max

  Des/Clust/Port     Wire Load Model       Library
  ------------------------------------------------
  ftc_detection_margin_manager
                     Small                 sc9mc_logic0040ll_base_rvt_c40_ss_typical_max_0p99v_125c

  Point                                       Fanout       Cap     Trans      Incr       Path
  ----------------------------------------------------------------------------------------------
  clock cal_clk (rise edge)                                               0.000000   0.000000
  clock network delay (ideal)                                             0.000000   0.000000
  input external delay                                                    0.500000   0.500000 f
  margin_sel_i[1] (in)                                          0.000000  0.000000   0.500000 f
  margin_sel_i[1] (net)                         5     0.007288            0.000000   0.500000 f
  u_exact_mapper/margin_sel_i[1] (ftc_detection_margin_mapper)            0.000000   0.500000 f
  u_exact_mapper/margin_sel_i[1] (net)                0.007288            0.000000   0.500000 f
  u_exact_mapper/U15/A (NOR2_X2A_A9TR40)                        0.000000  0.000023   0.500023 f
  u_exact_mapper/U15/Y (NOR2_X2A_A9TR40)                        0.140056  0.084422   0.584445 r
  u_exact_mapper/n26 (net)                      4     0.005291            0.000000   0.584445 r
  u_exact_mapper/U11/B (NAND3_X1M_A9TR40)                       0.140056  0.000017   0.584462 r
  u_exact_mapper/U11/Y (NAND3_X1M_A9TR40)                       0.105809  0.117497   0.701959 f
  u_exact_mapper/n19 (net)                      2     0.002663            0.000000   0.701959 f
  u_exact_mapper/U10/B (NAND2_X1A_A9TR40)                       0.105809  0.000020   0.701980 f
  u_exact_mapper/U10/Y (NAND2_X1A_A9TR40)                       0.108649  0.097643   0.799623 r
  u_exact_mapper/m_det_o[3]_snps (net)          3     0.003730            0.000000   0.799623 r
  u_exact_mapper/U38/AN (NAND2B_X1M_A9TR40)                     0.108649  0.000017   0.799640 r
  u_exact_mapper/U38/Y (NAND2B_X1M_A9TR40)                      0.127347  0.140179   0.939818 r
  u_exact_mapper/target_medium_therm_o[6]_snps (net)
                                                3     0.003752            0.000000   0.939818 r
  u_exact_mapper/U40/AN (NAND2B_X1M_A9TR40)                     0.127347  0.000017   0.939835 r
  u_exact_mapper/U40/Y (NAND2B_X1M_A9TR40)                      0.088074  0.135782   1.075618 r
  u_exact_mapper/target_medium_therm_o[4] (net)
                                                2     0.002678            0.000000   1.075618 r
  u_exact_mapper/U9/AN (NAND3B_X2M_A9TR40)                      0.088074  0.000020   1.075637 r
  u_exact_mapper/U9/Y (NAND3B_X2M_A9TR40)                       0.092041  0.109983   1.185620 r
  u_exact_mapper/target_medium_therm_o[3] (net)
                                                2     0.002755            0.000000   1.185620 r
  u_exact_mapper/U39/A (INV_X1M_A9TR40)                         0.092041  0.000021   1.185641 r
  u_exact_mapper/U39/Y (INV_X1M_A9TR40)                         0.060643  0.066249   1.251890 f
  u_exact_mapper/n4 (net)                       2     0.003397            0.000000   1.251890 f
  u_exact_mapper/U3/B (NAND2_X2A_A9TR40)                        0.060643  0.000031   1.251922 f
  u_exact_mapper/U3/Y (NAND2_X2A_A9TR40)                        0.076469  0.051822   1.303743 r
  u_exact_mapper/target_medium_therm_o[2] (net)
                                                2     0.002673            0.000000   1.303743 r
  u_exact_mapper/U16/AN (NAND3BB_X1M_A9TR40)                    0.076469  0.000020   1.303763 r
  u_exact_mapper/U16/Y (NAND3BB_X1M_A9TR40)                     0.177340  0.165037   1.468800 r
  u_exact_mapper/mapping_supported_o (net)      5     0.006760            0.000000   1.468800 r
  u_exact_mapper/mapping_supported_o (ftc_detection_margin_mapper)        0.000000   1.468800 r
  mapper_mapping_supported (net)                      0.006760            0.000000   1.468800 r
  U151/A (NAND2_X2A_A9TR40)                                     0.177340  0.000024   1.468824 r
  U151/Y (NAND2_X2A_A9TR40)                                     0.071609  0.079464   1.548287 f
  n38 (net)                                     2     0.002770            0.000000   1.548287 f
  U157/A (INV_X1M_A9TR40)                                       0.071609  0.000021   1.548308 f
  U157/Y (INV_X1M_A9TR40)                                       0.081496  0.070956   1.619264 r
  n137 (net)                                    2     0.002787            0.000000   1.619264 r
  U153/A (NAND2_X1M_A9TR40)                                     0.081496  0.000021   1.619285 r
  U153/Y (NAND2_X1M_A9TR40)                                     0.082906  0.068508   1.687793 f
  n44 (net)                                     2     0.002659            0.000000   1.687793 f
  U154/A (NOR2_X0P7B_A9TR40)                                    0.082906  0.000019   1.687812 f
  U154/Y (NOR2_X0P7B_A9TR40)                                    0.152263  0.115691   1.803502 r
  n42 (net)                                     2     0.002695            0.000000   1.803502 r
  U168/C (NAND3BB_X1M_A9TR40)                                   0.152263  0.000021   1.803523 r
  U168/Y (NAND3BB_X1M_A9TR40)                                   0.081266  0.101753   1.905276 f
  n21 (net)                                     1     0.002728            0.000000   1.905276 f
  U140/A (INV_X3P5B_A9TR40)                                     0.081266  0.000047   1.905323 f
  U140/Y (INV_X3P5B_A9TR40)                                     0.054964  0.054273   1.959595 r
  n163 (net)                                    5     0.006586            0.000000   1.959595 r
  U135/A (BUF_X1P2M_A9TR40)                                     0.054964  0.000016   1.959611 r
  U135/Y (BUF_X1P2M_A9TR40)                                     0.142504  0.141608   2.101219 r
  n136 (net)                                    6     0.008454            0.000000   2.101219 r
  U145/A (INV_X3M_A9TR40)                                       0.142504  0.000031   2.101250 r
  U145/Y (INV_X3M_A9TR40)                                       0.093292  0.104417   2.205667 f
  n155 (net)                                   16     0.018659            0.000000   2.205667 f
  U61/A0 (AO22_X0P5M_A9TR40)                                    0.093292  0.000014   2.205681 f
  U61/Y (AO22_X0P5M_A9TR40)                                     0.067092  0.175604   2.381285 f
  n92 (net)                                     1     0.001556            0.000000   2.381285 f
  target_fine_therm_q_reg[8]/D (DFFSQ_X1M_A9TR40)               0.067092  0.000027   2.381312 f
  data arrival time                                                                  2.381312

  clock cal_clk (rise edge)                                               2.500000   2.500000
  clock network delay (ideal)                                             0.000000   2.500000
  clock uncertainty                                                       -0.050000  2.450000
  target_fine_therm_q_reg[8]/CK (DFFSQ_X1M_A9TR40)                        0.000000   2.450000 r
  library setup time                                                      -0.027114  2.422887
  data required time                                                                 2.422887
  ----------------------------------------------------------------------------------------------
  data required time                                                                 2.422887
  data arrival time                                                                  -2.381312
  ----------------------------------------------------------------------------------------------
  slack (MET)                                                                        0.041574


  Startpoint: margin_sel_i[1]
              (input port clocked by cal_clk)
  Endpoint: target_fine_therm_q_reg[4]
            (rising edge-triggered flip-flop clocked by cal_clk)
  Path Group: cal_clk
  Path Type: max

  Des/Clust/Port     Wire Load Model       Library
  ------------------------------------------------
  ftc_detection_margin_manager
                     Small                 sc9mc_logic0040ll_base_rvt_c40_ss_typical_max_0p99v_125c

  Point                                       Fanout       Cap     Trans      Incr       Path
  ----------------------------------------------------------------------------------------------
  clock cal_clk (rise edge)                                               0.000000   0.000000
  clock network delay (ideal)                                             0.000000   0.000000
  input external delay                                                    0.500000   0.500000 f
  margin_sel_i[1] (in)                                          0.000000  0.000000   0.500000 f
  margin_sel_i[1] (net)                         5     0.007288            0.000000   0.500000 f
  u_exact_mapper/margin_sel_i[1] (ftc_detection_margin_mapper)            0.000000   0.500000 f
  u_exact_mapper/margin_sel_i[1] (net)                0.007288            0.000000   0.500000 f
  u_exact_mapper/U15/A (NOR2_X2A_A9TR40)                        0.000000  0.000023   0.500023 f
  u_exact_mapper/U15/Y (NOR2_X2A_A9TR40)                        0.140056  0.084422   0.584445 r
  u_exact_mapper/n26 (net)                      4     0.005291            0.000000   0.584445 r
  u_exact_mapper/U11/B (NAND3_X1M_A9TR40)                       0.140056  0.000017   0.584462 r
  u_exact_mapper/U11/Y (NAND3_X1M_A9TR40)                       0.105809  0.117497   0.701959 f
  u_exact_mapper/n19 (net)                      2     0.002663            0.000000   0.701959 f
  u_exact_mapper/U10/B (NAND2_X1A_A9TR40)                       0.105809  0.000020   0.701980 f
  u_exact_mapper/U10/Y (NAND2_X1A_A9TR40)                       0.108649  0.097643   0.799623 r
  u_exact_mapper/m_det_o[3]_snps (net)          3     0.003730            0.000000   0.799623 r
  u_exact_mapper/U38/AN (NAND2B_X1M_A9TR40)                     0.108649  0.000017   0.799640 r
  u_exact_mapper/U38/Y (NAND2B_X1M_A9TR40)                      0.127347  0.140179   0.939818 r
  u_exact_mapper/target_medium_therm_o[6]_snps (net)
                                                3     0.003752            0.000000   0.939818 r
  u_exact_mapper/U40/AN (NAND2B_X1M_A9TR40)                     0.127347  0.000017   0.939835 r
  u_exact_mapper/U40/Y (NAND2B_X1M_A9TR40)                      0.088074  0.135782   1.075618 r
  u_exact_mapper/target_medium_therm_o[4] (net)
                                                2     0.002678            0.000000   1.075618 r
  u_exact_mapper/U9/AN (NAND3B_X2M_A9TR40)                      0.088074  0.000020   1.075637 r
  u_exact_mapper/U9/Y (NAND3B_X2M_A9TR40)                       0.092041  0.109983   1.185620 r
  u_exact_mapper/target_medium_therm_o[3] (net)
                                                2     0.002755            0.000000   1.185620 r
  u_exact_mapper/U39/A (INV_X1M_A9TR40)                         0.092041  0.000021   1.185641 r
  u_exact_mapper/U39/Y (INV_X1M_A9TR40)                         0.060643  0.066249   1.251890 f
  u_exact_mapper/n4 (net)                       2     0.003397            0.000000   1.251890 f
  u_exact_mapper/U3/B (NAND2_X2A_A9TR40)                        0.060643  0.000031   1.251922 f
  u_exact_mapper/U3/Y (NAND2_X2A_A9TR40)                        0.076469  0.051822   1.303743 r
  u_exact_mapper/target_medium_therm_o[2] (net)
                                                2     0.002673            0.000000   1.303743 r
  u_exact_mapper/U16/AN (NAND3BB_X1M_A9TR40)                    0.076469  0.000020   1.303763 r
  u_exact_mapper/U16/Y (NAND3BB_X1M_A9TR40)                     0.177340  0.165037   1.468800 r
  u_exact_mapper/mapping_supported_o (net)      5     0.006760            0.000000   1.468800 r
  u_exact_mapper/mapping_supported_o (ftc_detection_margin_mapper)        0.000000   1.468800 r
  mapper_mapping_supported (net)                      0.006760            0.000000   1.468800 r
  U151/A (NAND2_X2A_A9TR40)                                     0.177340  0.000024   1.468824 r
  U151/Y (NAND2_X2A_A9TR40)                                     0.071609  0.079464   1.548287 f
  n38 (net)                                     2     0.002770            0.000000   1.548287 f
  U157/A (INV_X1M_A9TR40)                                       0.071609  0.000021   1.548308 f
  U157/Y (INV_X1M_A9TR40)                                       0.081496  0.070956   1.619264 r
  n137 (net)                                    2     0.002787            0.000000   1.619264 r
  U153/A (NAND2_X1M_A9TR40)                                     0.081496  0.000021   1.619285 r
  U153/Y (NAND2_X1M_A9TR40)                                     0.082906  0.068508   1.687793 f
  n44 (net)                                     2     0.002659            0.000000   1.687793 f
  U154/A (NOR2_X0P7B_A9TR40)                                    0.082906  0.000019   1.687812 f
  U154/Y (NOR2_X0P7B_A9TR40)                                    0.152263  0.115691   1.803502 r
  n42 (net)                                     2     0.002695            0.000000   1.803502 r
  U168/C (NAND3BB_X1M_A9TR40)                                   0.152263  0.000021   1.803523 r
  U168/Y (NAND3BB_X1M_A9TR40)                                   0.081266  0.101753   1.905276 f
  n21 (net)                                     1     0.002728            0.000000   1.905276 f
  U140/A (INV_X3P5B_A9TR40)                                     0.081266  0.000047   1.905323 f
  U140/Y (INV_X3P5B_A9TR40)                                     0.054964  0.054273   1.959595 r
  n163 (net)                                    5     0.006586            0.000000   1.959595 r
  U135/A (BUF_X1P2M_A9TR40)                                     0.054964  0.000016   1.959611 r
  U135/Y (BUF_X1P2M_A9TR40)                                     0.142504  0.141608   2.101219 r
  n136 (net)                                    6     0.008454            0.000000   2.101219 r
  U145/A (INV_X3M_A9TR40)                                       0.142504  0.000031   2.101250 r
  U145/Y (INV_X3M_A9TR40)                                       0.093292  0.104417   2.205667 f
  n155 (net)                                   16     0.018659            0.000000   2.205667 f
  U49/A0 (AO22_X0P5M_A9TR40)                                    0.093292  0.000014   2.205681 f
  U49/Y (AO22_X0P5M_A9TR40)                                     0.067092  0.175604   2.381285 f
  n84 (net)                                     1     0.001556            0.000000   2.381285 f
  target_fine_therm_q_reg[4]/D (DFFSQ_X1M_A9TR40)               0.067092  0.000027   2.381312 f
  data arrival time                                                                  2.381312

  clock cal_clk (rise edge)                                               2.500000   2.500000
  clock network delay (ideal)                                             0.000000   2.500000
  clock uncertainty                                                       -0.050000  2.450000
  target_fine_therm_q_reg[4]/CK (DFFSQ_X1M_A9TR40)                        0.000000   2.450000 r
  library setup time                                                      -0.027114  2.422887
  data required time                                                                 2.422887
  ----------------------------------------------------------------------------------------------
  data required time                                                                 2.422887
  data arrival time                                                                  -2.381312
  ----------------------------------------------------------------------------------------------
  slack (MET)                                                                        0.041574


  Startpoint: cal_medium_code_snapshot_i[2]
              (input port clocked by cal_clk)
  Endpoint: target_medium_therm_q_reg[15]
            (rising edge-triggered flip-flop clocked by cal_clk)
  Path Group: cal_clk
  Path Type: max

  Des/Clust/Port     Wire Load Model       Library
  ------------------------------------------------
  ftc_detection_margin_manager
                     Small                 sc9mc_logic0040ll_base_rvt_c40_ss_typical_max_0p99v_125c

  Point                                       Fanout       Cap     Trans      Incr       Path
  ----------------------------------------------------------------------------------------------
  clock cal_clk (rise edge)                                               0.000000   0.000000
  clock network delay (ideal)                                             0.000000   0.000000
  input external delay                                                    0.300000   0.300000 f
  cal_medium_code_snapshot_i[2] (in)                            0.000000  0.000000   0.300000 f
  cal_medium_code_snapshot_i[2] (net)           2     0.002777            0.000000   0.300000 f
  u_exact_mapper/cal_medium_code_snapshot_i[2] (ftc_detection_margin_mapper)
                                                                          0.000000   0.300000 f
  u_exact_mapper/cal_medium_code_snapshot_i[2] (net)  0.002777            0.000000   0.300000 f
  u_exact_mapper/U5/A (INV_X1M_A9TR40)                          0.000000  0.000021   0.300021 f
  u_exact_mapper/U5/Y (INV_X1M_A9TR40)                          0.103467  0.056512   0.356533 r
  u_exact_mapper/n31 (net)                      2     0.004140            0.000000   0.356533 r
  u_exact_mapper/U21/C (NOR4BB_X4M_A9TR40)                      0.103467  0.000041   0.356574 r
  u_exact_mapper/U21/Y (NOR4BB_X4M_A9TR40)                      0.053559  0.068233   0.424807 f
  u_exact_mapper/n30 (net)                      1     0.002307            0.000000   0.424807 f
  u_exact_mapper/U36/BN (NOR3BB_X4M_A9TR40)                     0.053559  0.000040   0.424847 f
  u_exact_mapper/U36/Y (NOR3BB_X4M_A9TR40)                      0.063344  0.103033   0.527881 f
  u_exact_mapper/n23 (net)                      4     0.005150            0.000000   0.527881 f
  u_exact_mapper/U11/C (NAND3_X1M_A9TR40)                       0.063344  0.000017   0.527898 f
  u_exact_mapper/U11/Y (NAND3_X1M_A9TR40)                       0.117836  0.093864   0.621762 r
  u_exact_mapper/n19 (net)                      2     0.002737            0.000000   0.621762 r
  u_exact_mapper/U10/B (NAND2_X1A_A9TR40)                       0.117836  0.000021   0.621783 r
  u_exact_mapper/U10/Y (NAND2_X1A_A9TR40)                       0.095683  0.102718   0.724501 f
  u_exact_mapper/m_det_o[3]_snps (net)          3     0.003734            0.000000   0.724501 f
  u_exact_mapper/U38/AN (NAND2B_X1M_A9TR40)                     0.095683  0.000017   0.724517 f
  u_exact_mapper/U38/Y (NAND2B_X1M_A9TR40)                      0.103590  0.147161   0.871679 f
  u_exact_mapper/target_medium_therm_o[6]_snps (net)
                                                3     0.003730            0.000000   0.871679 f
  u_exact_mapper/U40/AN (NAND2B_X1M_A9TR40)                     0.103590  0.000017   0.871695 f
  u_exact_mapper/U40/Y (NAND2B_X1M_A9TR40)                      0.076402  0.139386   1.011081 f
  u_exact_mapper/target_medium_therm_o[4] (net)
                                                2     0.002660            0.000000   1.011081 f
  u_exact_mapper/U9/AN (NAND3B_X2M_A9TR40)                      0.076402  0.000020   1.011101 f
  u_exact_mapper/U9/Y (NAND3B_X2M_A9TR40)                       0.074539  0.121370   1.132471 f
  u_exact_mapper/target_medium_therm_o[3] (net)
                                                2     0.002722            0.000000   1.132471 f
  u_exact_mapper/U39/A (INV_X1M_A9TR40)                         0.074539  0.000021   1.132492 f
  u_exact_mapper/U39/Y (INV_X1M_A9TR40)                         0.096750  0.080296   1.212788 r
  u_exact_mapper/n4 (net)                       2     0.003527            0.000000   1.212788 r
  u_exact_mapper/U3/B (NAND2_X2A_A9TR40)                        0.096750  0.000033   1.212821 r
  u_exact_mapper/U3/Y (NAND2_X2A_A9TR40)                        0.079102  0.064403   1.277224 f
  u_exact_mapper/target_medium_therm_o[2] (net)
                                                2     0.002648            0.000000   1.277224 f
  u_exact_mapper/U16/AN (NAND3BB_X1M_A9TR40)                    0.079102  0.000019   1.277243 f
  u_exact_mapper/U16/Y (NAND3BB_X1M_A9TR40)                     0.146571  0.180088   1.457331 f
  u_exact_mapper/mapping_supported_o (net)      5     0.006742            0.000000   1.457331 f
  u_exact_mapper/mapping_supported_o (ftc_detection_margin_mapper)        0.000000   1.457331 f
  mapper_mapping_supported (net)                      0.006742            0.000000   1.457331 f
  U151/A (NAND2_X2A_A9TR40)                                     0.146571  0.000024   1.457355 f
  U151/Y (NAND2_X2A_A9TR40)                                     0.071978  0.073944   1.531300 r
  n38 (net)                                     2     0.002793            0.000000   1.531300 r
  U157/A (INV_X1M_A9TR40)                                       0.071978  0.000021   1.531321 r
  U157/Y (INV_X1M_A9TR40)                                       0.049106  0.054095   1.585415 f
  n137 (net)                                    2     0.002723            0.000000   1.585415 f
  U153/A (NAND2_X1M_A9TR40)                                     0.049106  0.000021   1.585436 f
  U153/Y (NAND2_X1M_A9TR40)                                     0.104671  0.064974   1.650410 r
  n44 (net)                                     2     0.002673            0.000000   1.650410 r
  U154/A (NOR2_X0P7B_A9TR40)                                    0.104671  0.000019   1.650429 r
  U154/Y (NOR2_X0P7B_A9TR40)                                    0.101529  0.102350   1.752779 f
  n42 (net)                                     2     0.002601            0.000000   1.752779 f
  U168/C (NAND3BB_X1M_A9TR40)                                   0.101529  0.000020   1.752799 f
  U168/Y (NAND3BB_X1M_A9TR40)                                   0.094724  0.086918   1.839717 r
  n21 (net)                                     1     0.002766            0.000000   1.839717 r
  U140/A (INV_X3P5B_A9TR40)                                     0.094724  0.000048   1.839765 r
  U140/Y (INV_X3P5B_A9TR40)                                     0.049558  0.058906   1.898671 f
  n163 (net)                                    5     0.006508            0.000000   1.898671 f
  U138/A (BUF_X2P5M_A9TR40)                                     0.049558  0.000017   1.898688 f
  U138/Y (BUF_X2P5M_A9TR40)                                     0.067717  0.113324   2.012012 f
  n160 (net)                                    8     0.009657            0.000000   2.012012 f
  U179/A (INV_X1M_A9TR40)                                       0.067717  0.000016   2.012028 f
  U179/Y (INV_X1M_A9TR40)                                       0.212030  0.140445   2.152473 r
  n156 (net)                                    8     0.009259            0.000000   2.152473 r
  U176/A (AND2_X0P7M_A9TR40)                                    0.212030  0.000014   2.152488 r
  U176/Y (AND2_X0P7M_A9TR40)                                    0.068477  0.166735   2.319222 r
  n146 (net)                                    1     0.001559            0.000000   2.319222 r
  target_medium_therm_q_reg[15]/D (DFFRPQ_X1M_A9TR40)           0.068477  0.000027   2.319249 r
  data arrival time                                                                  2.319249

  clock cal_clk (rise edge)                                               2.500000   2.500000
  clock network delay (ideal)                                             0.000000   2.500000
  clock uncertainty                                                       -0.050000  2.450000
  target_medium_therm_q_reg[15]/CK (DFFRPQ_X1M_A9TR40)                    0.000000   2.450000 r
  library setup time                                                      -0.073070  2.376930
  data required time                                                                 2.376930
  ----------------------------------------------------------------------------------------------
  data required time                                                                 2.376930
  data arrival time                                                                  -2.319249
  ----------------------------------------------------------------------------------------------
  slack (MET)                                                                        0.057680


  Startpoint: cal_medium_code_snapshot_i[2]
              (input port clocked by cal_clk)
  Endpoint: target_medium_therm_q_reg[14]
            (rising edge-triggered flip-flop clocked by cal_clk)
  Path Group: cal_clk
  Path Type: max

  Des/Clust/Port     Wire Load Model       Library
  ------------------------------------------------
  ftc_detection_margin_manager
                     Small                 sc9mc_logic0040ll_base_rvt_c40_ss_typical_max_0p99v_125c

  Point                                       Fanout       Cap     Trans      Incr       Path
  ----------------------------------------------------------------------------------------------
  clock cal_clk (rise edge)                                               0.000000   0.000000
  clock network delay (ideal)                                             0.000000   0.000000
  input external delay                                                    0.300000   0.300000 f
  cal_medium_code_snapshot_i[2] (in)                            0.000000  0.000000   0.300000 f
  cal_medium_code_snapshot_i[2] (net)           2     0.002777            0.000000   0.300000 f
  u_exact_mapper/cal_medium_code_snapshot_i[2] (ftc_detection_margin_mapper)
                                                                          0.000000   0.300000 f
  u_exact_mapper/cal_medium_code_snapshot_i[2] (net)  0.002777            0.000000   0.300000 f
  u_exact_mapper/U5/A (INV_X1M_A9TR40)                          0.000000  0.000021   0.300021 f
  u_exact_mapper/U5/Y (INV_X1M_A9TR40)                          0.103467  0.056512   0.356533 r
  u_exact_mapper/n31 (net)                      2     0.004140            0.000000   0.356533 r
  u_exact_mapper/U21/C (NOR4BB_X4M_A9TR40)                      0.103467  0.000041   0.356574 r
  u_exact_mapper/U21/Y (NOR4BB_X4M_A9TR40)                      0.053559  0.068233   0.424807 f
  u_exact_mapper/n30 (net)                      1     0.002307            0.000000   0.424807 f
  u_exact_mapper/U36/BN (NOR3BB_X4M_A9TR40)                     0.053559  0.000040   0.424847 f
  u_exact_mapper/U36/Y (NOR3BB_X4M_A9TR40)                      0.063344  0.103033   0.527881 f
  u_exact_mapper/n23 (net)                      4     0.005150            0.000000   0.527881 f
  u_exact_mapper/U11/C (NAND3_X1M_A9TR40)                       0.063344  0.000017   0.527898 f
  u_exact_mapper/U11/Y (NAND3_X1M_A9TR40)                       0.117836  0.093864   0.621762 r
  u_exact_mapper/n19 (net)                      2     0.002737            0.000000   0.621762 r
  u_exact_mapper/U10/B (NAND2_X1A_A9TR40)                       0.117836  0.000021   0.621783 r
  u_exact_mapper/U10/Y (NAND2_X1A_A9TR40)                       0.095683  0.102718   0.724501 f
  u_exact_mapper/m_det_o[3]_snps (net)          3     0.003734            0.000000   0.724501 f
  u_exact_mapper/U38/AN (NAND2B_X1M_A9TR40)                     0.095683  0.000017   0.724517 f
  u_exact_mapper/U38/Y (NAND2B_X1M_A9TR40)                      0.103590  0.147161   0.871679 f
  u_exact_mapper/target_medium_therm_o[6]_snps (net)
                                                3     0.003730            0.000000   0.871679 f
  u_exact_mapper/U40/AN (NAND2B_X1M_A9TR40)                     0.103590  0.000017   0.871695 f
  u_exact_mapper/U40/Y (NAND2B_X1M_A9TR40)                      0.076402  0.139386   1.011081 f
  u_exact_mapper/target_medium_therm_o[4] (net)
                                                2     0.002660            0.000000   1.011081 f
  u_exact_mapper/U9/AN (NAND3B_X2M_A9TR40)                      0.076402  0.000020   1.011101 f
  u_exact_mapper/U9/Y (NAND3B_X2M_A9TR40)                       0.074539  0.121370   1.132471 f
  u_exact_mapper/target_medium_therm_o[3] (net)
                                                2     0.002722            0.000000   1.132471 f
  u_exact_mapper/U39/A (INV_X1M_A9TR40)                         0.074539  0.000021   1.132492 f
  u_exact_mapper/U39/Y (INV_X1M_A9TR40)                         0.096750  0.080296   1.212788 r
  u_exact_mapper/n4 (net)                       2     0.003527            0.000000   1.212788 r
  u_exact_mapper/U3/B (NAND2_X2A_A9TR40)                        0.096750  0.000033   1.212821 r
  u_exact_mapper/U3/Y (NAND2_X2A_A9TR40)                        0.079102  0.064403   1.277224 f
  u_exact_mapper/target_medium_therm_o[2] (net)
                                                2     0.002648            0.000000   1.277224 f
  u_exact_mapper/U16/AN (NAND3BB_X1M_A9TR40)                    0.079102  0.000019   1.277243 f
  u_exact_mapper/U16/Y (NAND3BB_X1M_A9TR40)                     0.146571  0.180088   1.457331 f
  u_exact_mapper/mapping_supported_o (net)      5     0.006742            0.000000   1.457331 f
  u_exact_mapper/mapping_supported_o (ftc_detection_margin_mapper)        0.000000   1.457331 f
  mapper_mapping_supported (net)                      0.006742            0.000000   1.457331 f
  U151/A (NAND2_X2A_A9TR40)                                     0.146571  0.000024   1.457355 f
  U151/Y (NAND2_X2A_A9TR40)                                     0.071978  0.073944   1.531300 r
  n38 (net)                                     2     0.002793            0.000000   1.531300 r
  U157/A (INV_X1M_A9TR40)                                       0.071978  0.000021   1.531321 r
  U157/Y (INV_X1M_A9TR40)                                       0.049106  0.054095   1.585415 f
  n137 (net)                                    2     0.002723            0.000000   1.585415 f
  U153/A (NAND2_X1M_A9TR40)                                     0.049106  0.000021   1.585436 f
  U153/Y (NAND2_X1M_A9TR40)                                     0.104671  0.064974   1.650410 r
  n44 (net)                                     2     0.002673            0.000000   1.650410 r
  U154/A (NOR2_X0P7B_A9TR40)                                    0.104671  0.000019   1.650429 r
  U154/Y (NOR2_X0P7B_A9TR40)                                    0.101529  0.102350   1.752779 f
  n42 (net)                                     2     0.002601            0.000000   1.752779 f
  U168/C (NAND3BB_X1M_A9TR40)                                   0.101529  0.000020   1.752799 f
  U168/Y (NAND3BB_X1M_A9TR40)                                   0.094724  0.086918   1.839717 r
  n21 (net)                                     1     0.002766            0.000000   1.839717 r
  U140/A (INV_X3P5B_A9TR40)                                     0.094724  0.000048   1.839765 r
  U140/Y (INV_X3P5B_A9TR40)                                     0.049558  0.058906   1.898671 f
  n163 (net)                                    5     0.006508            0.000000   1.898671 f
  U138/A (BUF_X2P5M_A9TR40)                                     0.049558  0.000017   1.898688 f
  U138/Y (BUF_X2P5M_A9TR40)                                     0.067717  0.113324   2.012012 f
  n160 (net)                                    8     0.009657            0.000000   2.012012 f
  U179/A (INV_X1M_A9TR40)                                       0.067717  0.000016   2.012028 f
  U179/Y (INV_X1M_A9TR40)                                       0.212030  0.140445   2.152473 r
  n156 (net)                                    8     0.009259            0.000000   2.152473 r
  U175/A (AND2_X0P7M_A9TR40)                                    0.212030  0.000014   2.152488 r
  U175/Y (AND2_X0P7M_A9TR40)                                    0.068477  0.166735   2.319222 r
  n145 (net)                                    1     0.001559            0.000000   2.319222 r
  target_medium_therm_q_reg[14]/D (DFFRPQ_X1M_A9TR40)           0.068477  0.000027   2.319249 r
  data arrival time                                                                  2.319249

  clock cal_clk (rise edge)                                               2.500000   2.500000
  clock network delay (ideal)                                             0.000000   2.500000
  clock uncertainty                                                       -0.050000  2.450000
  target_medium_therm_q_reg[14]/CK (DFFRPQ_X1M_A9TR40)                    0.000000   2.450000 r
  library setup time                                                      -0.073070  2.376930
  data required time                                                                 2.376930
  ----------------------------------------------------------------------------------------------
  data required time                                                                 2.376930
  data arrival time                                                                  -2.319249
  ----------------------------------------------------------------------------------------------
  slack (MET)                                                                        0.057680


  Startpoint: cal_medium_code_snapshot_i[2]
              (input port clocked by cal_clk)
  Endpoint: target_medium_therm_q_reg[13]
            (rising edge-triggered flip-flop clocked by cal_clk)
  Path Group: cal_clk
  Path Type: max

  Des/Clust/Port     Wire Load Model       Library
  ------------------------------------------------
  ftc_detection_margin_manager
                     Small                 sc9mc_logic0040ll_base_rvt_c40_ss_typical_max_0p99v_125c

  Point                                       Fanout       Cap     Trans      Incr       Path
  ----------------------------------------------------------------------------------------------
  clock cal_clk (rise edge)                                               0.000000   0.000000
  clock network delay (ideal)                                             0.000000   0.000000
  input external delay                                                    0.300000   0.300000 f
  cal_medium_code_snapshot_i[2] (in)                            0.000000  0.000000   0.300000 f
  cal_medium_code_snapshot_i[2] (net)           2     0.002777            0.000000   0.300000 f
  u_exact_mapper/cal_medium_code_snapshot_i[2] (ftc_detection_margin_mapper)
                                                                          0.000000   0.300000 f
  u_exact_mapper/cal_medium_code_snapshot_i[2] (net)  0.002777            0.000000   0.300000 f
  u_exact_mapper/U5/A (INV_X1M_A9TR40)                          0.000000  0.000021   0.300021 f
  u_exact_mapper/U5/Y (INV_X1M_A9TR40)                          0.103467  0.056512   0.356533 r
  u_exact_mapper/n31 (net)                      2     0.004140            0.000000   0.356533 r
  u_exact_mapper/U21/C (NOR4BB_X4M_A9TR40)                      0.103467  0.000041   0.356574 r
  u_exact_mapper/U21/Y (NOR4BB_X4M_A9TR40)                      0.053559  0.068233   0.424807 f
  u_exact_mapper/n30 (net)                      1     0.002307            0.000000   0.424807 f
  u_exact_mapper/U36/BN (NOR3BB_X4M_A9TR40)                     0.053559  0.000040   0.424847 f
  u_exact_mapper/U36/Y (NOR3BB_X4M_A9TR40)                      0.063344  0.103033   0.527881 f
  u_exact_mapper/n23 (net)                      4     0.005150            0.000000   0.527881 f
  u_exact_mapper/U11/C (NAND3_X1M_A9TR40)                       0.063344  0.000017   0.527898 f
  u_exact_mapper/U11/Y (NAND3_X1M_A9TR40)                       0.117836  0.093864   0.621762 r
  u_exact_mapper/n19 (net)                      2     0.002737            0.000000   0.621762 r
  u_exact_mapper/U10/B (NAND2_X1A_A9TR40)                       0.117836  0.000021   0.621783 r
  u_exact_mapper/U10/Y (NAND2_X1A_A9TR40)                       0.095683  0.102718   0.724501 f
  u_exact_mapper/m_det_o[3]_snps (net)          3     0.003734            0.000000   0.724501 f
  u_exact_mapper/U38/AN (NAND2B_X1M_A9TR40)                     0.095683  0.000017   0.724517 f
  u_exact_mapper/U38/Y (NAND2B_X1M_A9TR40)                      0.103590  0.147161   0.871679 f
  u_exact_mapper/target_medium_therm_o[6]_snps (net)
                                                3     0.003730            0.000000   0.871679 f
  u_exact_mapper/U40/AN (NAND2B_X1M_A9TR40)                     0.103590  0.000017   0.871695 f
  u_exact_mapper/U40/Y (NAND2B_X1M_A9TR40)                      0.076402  0.139386   1.011081 f
  u_exact_mapper/target_medium_therm_o[4] (net)
                                                2     0.002660            0.000000   1.011081 f
  u_exact_mapper/U9/AN (NAND3B_X2M_A9TR40)                      0.076402  0.000020   1.011101 f
  u_exact_mapper/U9/Y (NAND3B_X2M_A9TR40)                       0.074539  0.121370   1.132471 f
  u_exact_mapper/target_medium_therm_o[3] (net)
                                                2     0.002722            0.000000   1.132471 f
  u_exact_mapper/U39/A (INV_X1M_A9TR40)                         0.074539  0.000021   1.132492 f
  u_exact_mapper/U39/Y (INV_X1M_A9TR40)                         0.096750  0.080296   1.212788 r
  u_exact_mapper/n4 (net)                       2     0.003527            0.000000   1.212788 r
  u_exact_mapper/U3/B (NAND2_X2A_A9TR40)                        0.096750  0.000033   1.212821 r
  u_exact_mapper/U3/Y (NAND2_X2A_A9TR40)                        0.079102  0.064403   1.277224 f
  u_exact_mapper/target_medium_therm_o[2] (net)
                                                2     0.002648            0.000000   1.277224 f
  u_exact_mapper/U16/AN (NAND3BB_X1M_A9TR40)                    0.079102  0.000019   1.277243 f
  u_exact_mapper/U16/Y (NAND3BB_X1M_A9TR40)                     0.146571  0.180088   1.457331 f
  u_exact_mapper/mapping_supported_o (net)      5     0.006742            0.000000   1.457331 f
  u_exact_mapper/mapping_supported_o (ftc_detection_margin_mapper)        0.000000   1.457331 f
  mapper_mapping_supported (net)                      0.006742            0.000000   1.457331 f
  U151/A (NAND2_X2A_A9TR40)                                     0.146571  0.000024   1.457355 f
  U151/Y (NAND2_X2A_A9TR40)                                     0.071978  0.073944   1.531300 r
  n38 (net)                                     2     0.002793            0.000000   1.531300 r
  U157/A (INV_X1M_A9TR40)                                       0.071978  0.000021   1.531321 r
  U157/Y (INV_X1M_A9TR40)                                       0.049106  0.054095   1.585415 f
  n137 (net)                                    2     0.002723            0.000000   1.585415 f
  U153/A (NAND2_X1M_A9TR40)                                     0.049106  0.000021   1.585436 f
  U153/Y (NAND2_X1M_A9TR40)                                     0.104671  0.064974   1.650410 r
  n44 (net)                                     2     0.002673            0.000000   1.650410 r
  U154/A (NOR2_X0P7B_A9TR40)                                    0.104671  0.000019   1.650429 r
  U154/Y (NOR2_X0P7B_A9TR40)                                    0.101529  0.102350   1.752779 f
  n42 (net)                                     2     0.002601            0.000000   1.752779 f
  U168/C (NAND3BB_X1M_A9TR40)                                   0.101529  0.000020   1.752799 f
  U168/Y (NAND3BB_X1M_A9TR40)                                   0.094724  0.086918   1.839717 r
  n21 (net)                                     1     0.002766            0.000000   1.839717 r
  U140/A (INV_X3P5B_A9TR40)                                     0.094724  0.000048   1.839765 r
  U140/Y (INV_X3P5B_A9TR40)                                     0.049558  0.058906   1.898671 f
  n163 (net)                                    5     0.006508            0.000000   1.898671 f
  U138/A (BUF_X2P5M_A9TR40)                                     0.049558  0.000017   1.898688 f
  U138/Y (BUF_X2P5M_A9TR40)                                     0.067717  0.113324   2.012012 f
  n160 (net)                                    8     0.009657            0.000000   2.012012 f
  U179/A (INV_X1M_A9TR40)                                       0.067717  0.000016   2.012028 f
  U179/Y (INV_X1M_A9TR40)                                       0.212030  0.140445   2.152473 r
  n156 (net)                                    8     0.009259            0.000000   2.152473 r
  U174/A (AND2_X0P7M_A9TR40)                                    0.212030  0.000014   2.152488 r
  U174/Y (AND2_X0P7M_A9TR40)                                    0.068477  0.166735   2.319222 r
  n144 (net)                                    1     0.001559            0.000000   2.319222 r
  target_medium_therm_q_reg[13]/D (DFFRPQ_X1M_A9TR40)           0.068477  0.000027   2.319249 r
  data arrival time                                                                  2.319249

  clock cal_clk (rise edge)                                               2.500000   2.500000
  clock network delay (ideal)                                             0.000000   2.500000
  clock uncertainty                                                       -0.050000  2.450000
  target_medium_therm_q_reg[13]/CK (DFFRPQ_X1M_A9TR40)                    0.000000   2.450000 r
  library setup time                                                      -0.073070  2.376930
  data required time                                                                 2.376930
  ----------------------------------------------------------------------------------------------
  data required time                                                                 2.376930
  data arrival time                                                                  -2.319249
  ----------------------------------------------------------------------------------------------
  slack (MET)                                                                        0.057680


  Startpoint: cal_medium_code_snapshot_i[2]
              (input port clocked by cal_clk)
  Endpoint: target_medium_therm_q_reg[12]
            (rising edge-triggered flip-flop clocked by cal_clk)
  Path Group: cal_clk
  Path Type: max

  Des/Clust/Port     Wire Load Model       Library
  ------------------------------------------------
  ftc_detection_margin_manager
                     Small                 sc9mc_logic0040ll_base_rvt_c40_ss_typical_max_0p99v_125c

  Point                                       Fanout       Cap     Trans      Incr       Path
  ----------------------------------------------------------------------------------------------
  clock cal_clk (rise edge)                                               0.000000   0.000000
  clock network delay (ideal)                                             0.000000   0.000000
  input external delay                                                    0.300000   0.300000 f
  cal_medium_code_snapshot_i[2] (in)                            0.000000  0.000000   0.300000 f
  cal_medium_code_snapshot_i[2] (net)           2     0.002777            0.000000   0.300000 f
  u_exact_mapper/cal_medium_code_snapshot_i[2] (ftc_detection_margin_mapper)
                                                                          0.000000   0.300000 f
  u_exact_mapper/cal_medium_code_snapshot_i[2] (net)  0.002777            0.000000   0.300000 f
  u_exact_mapper/U5/A (INV_X1M_A9TR40)                          0.000000  0.000021   0.300021 f
  u_exact_mapper/U5/Y (INV_X1M_A9TR40)                          0.103467  0.056512   0.356533 r
  u_exact_mapper/n31 (net)                      2     0.004140            0.000000   0.356533 r
  u_exact_mapper/U21/C (NOR4BB_X4M_A9TR40)                      0.103467  0.000041   0.356574 r
  u_exact_mapper/U21/Y (NOR4BB_X4M_A9TR40)                      0.053559  0.068233   0.424807 f
  u_exact_mapper/n30 (net)                      1     0.002307            0.000000   0.424807 f
  u_exact_mapper/U36/BN (NOR3BB_X4M_A9TR40)                     0.053559  0.000040   0.424847 f
  u_exact_mapper/U36/Y (NOR3BB_X4M_A9TR40)                      0.063344  0.103033   0.527881 f
  u_exact_mapper/n23 (net)                      4     0.005150            0.000000   0.527881 f
  u_exact_mapper/U11/C (NAND3_X1M_A9TR40)                       0.063344  0.000017   0.527898 f
  u_exact_mapper/U11/Y (NAND3_X1M_A9TR40)                       0.117836  0.093864   0.621762 r
  u_exact_mapper/n19 (net)                      2     0.002737            0.000000   0.621762 r
  u_exact_mapper/U10/B (NAND2_X1A_A9TR40)                       0.117836  0.000021   0.621783 r
  u_exact_mapper/U10/Y (NAND2_X1A_A9TR40)                       0.095683  0.102718   0.724501 f
  u_exact_mapper/m_det_o[3]_snps (net)          3     0.003734            0.000000   0.724501 f
  u_exact_mapper/U38/AN (NAND2B_X1M_A9TR40)                     0.095683  0.000017   0.724517 f
  u_exact_mapper/U38/Y (NAND2B_X1M_A9TR40)                      0.103590  0.147161   0.871679 f
  u_exact_mapper/target_medium_therm_o[6]_snps (net)
                                                3     0.003730            0.000000   0.871679 f
  u_exact_mapper/U40/AN (NAND2B_X1M_A9TR40)                     0.103590  0.000017   0.871695 f
  u_exact_mapper/U40/Y (NAND2B_X1M_A9TR40)                      0.076402  0.139386   1.011081 f
  u_exact_mapper/target_medium_therm_o[4] (net)
                                                2     0.002660            0.000000   1.011081 f
  u_exact_mapper/U9/AN (NAND3B_X2M_A9TR40)                      0.076402  0.000020   1.011101 f
  u_exact_mapper/U9/Y (NAND3B_X2M_A9TR40)                       0.074539  0.121370   1.132471 f
  u_exact_mapper/target_medium_therm_o[3] (net)
                                                2     0.002722            0.000000   1.132471 f
  u_exact_mapper/U39/A (INV_X1M_A9TR40)                         0.074539  0.000021   1.132492 f
  u_exact_mapper/U39/Y (INV_X1M_A9TR40)                         0.096750  0.080296   1.212788 r
  u_exact_mapper/n4 (net)                       2     0.003527            0.000000   1.212788 r
  u_exact_mapper/U3/B (NAND2_X2A_A9TR40)                        0.096750  0.000033   1.212821 r
  u_exact_mapper/U3/Y (NAND2_X2A_A9TR40)                        0.079102  0.064403   1.277224 f
  u_exact_mapper/target_medium_therm_o[2] (net)
                                                2     0.002648            0.000000   1.277224 f
  u_exact_mapper/U16/AN (NAND3BB_X1M_A9TR40)                    0.079102  0.000019   1.277243 f
  u_exact_mapper/U16/Y (NAND3BB_X1M_A9TR40)                     0.146571  0.180088   1.457331 f
  u_exact_mapper/mapping_supported_o (net)      5     0.006742            0.000000   1.457331 f
  u_exact_mapper/mapping_supported_o (ftc_detection_margin_mapper)        0.000000   1.457331 f
  mapper_mapping_supported (net)                      0.006742            0.000000   1.457331 f
  U151/A (NAND2_X2A_A9TR40)                                     0.146571  0.000024   1.457355 f
  U151/Y (NAND2_X2A_A9TR40)                                     0.071978  0.073944   1.531300 r
  n38 (net)                                     2     0.002793            0.000000   1.531300 r
  U157/A (INV_X1M_A9TR40)                                       0.071978  0.000021   1.531321 r
  U157/Y (INV_X1M_A9TR40)                                       0.049106  0.054095   1.585415 f
  n137 (net)                                    2     0.002723            0.000000   1.585415 f
  U153/A (NAND2_X1M_A9TR40)                                     0.049106  0.000021   1.585436 f
  U153/Y (NAND2_X1M_A9TR40)                                     0.104671  0.064974   1.650410 r
  n44 (net)                                     2     0.002673            0.000000   1.650410 r
  U154/A (NOR2_X0P7B_A9TR40)                                    0.104671  0.000019   1.650429 r
  U154/Y (NOR2_X0P7B_A9TR40)                                    0.101529  0.102350   1.752779 f
  n42 (net)                                     2     0.002601            0.000000   1.752779 f
  U168/C (NAND3BB_X1M_A9TR40)                                   0.101529  0.000020   1.752799 f
  U168/Y (NAND3BB_X1M_A9TR40)                                   0.094724  0.086918   1.839717 r
  n21 (net)                                     1     0.002766            0.000000   1.839717 r
  U140/A (INV_X3P5B_A9TR40)                                     0.094724  0.000048   1.839765 r
  U140/Y (INV_X3P5B_A9TR40)                                     0.049558  0.058906   1.898671 f
  n163 (net)                                    5     0.006508            0.000000   1.898671 f
  U138/A (BUF_X2P5M_A9TR40)                                     0.049558  0.000017   1.898688 f
  U138/Y (BUF_X2P5M_A9TR40)                                     0.067717  0.113324   2.012012 f
  n160 (net)                                    8     0.009657            0.000000   2.012012 f
  U179/A (INV_X1M_A9TR40)                                       0.067717  0.000016   2.012028 f
  U179/Y (INV_X1M_A9TR40)                                       0.212030  0.140445   2.152473 r
  n156 (net)                                    8     0.009259            0.000000   2.152473 r
  U173/A (AND2_X0P7M_A9TR40)                                    0.212030  0.000014   2.152488 r
  U173/Y (AND2_X0P7M_A9TR40)                                    0.068477  0.166735   2.319222 r
  n143 (net)                                    1     0.001559            0.000000   2.319222 r
  target_medium_therm_q_reg[12]/D (DFFRPQ_X1M_A9TR40)           0.068477  0.000027   2.319249 r
  data arrival time                                                                  2.319249

  clock cal_clk (rise edge)                                               2.500000   2.500000
  clock network delay (ideal)                                             0.000000   2.500000
  clock uncertainty                                                       -0.050000  2.450000
  target_medium_therm_q_reg[12]/CK (DFFRPQ_X1M_A9TR40)                    0.000000   2.450000 r
  library setup time                                                      -0.073070  2.376930
  data required time                                                                 2.376930
  ----------------------------------------------------------------------------------------------
  data required time                                                                 2.376930
  data arrival time                                                                  -2.319249
  ----------------------------------------------------------------------------------------------
  slack (MET)                                                                        0.057680


  Startpoint: cal_medium_code_snapshot_i[2]
              (input port clocked by cal_clk)
  Endpoint: target_medium_therm_q_reg[11]
            (rising edge-triggered flip-flop clocked by cal_clk)
  Path Group: cal_clk
  Path Type: max

  Des/Clust/Port     Wire Load Model       Library
  ------------------------------------------------
  ftc_detection_margin_manager
                     Small                 sc9mc_logic0040ll_base_rvt_c40_ss_typical_max_0p99v_125c

  Point                                       Fanout       Cap     Trans      Incr       Path
  ----------------------------------------------------------------------------------------------
  clock cal_clk (rise edge)                                               0.000000   0.000000
  clock network delay (ideal)                                             0.000000   0.000000
  input external delay                                                    0.300000   0.300000 f
  cal_medium_code_snapshot_i[2] (in)                            0.000000  0.000000   0.300000 f
  cal_medium_code_snapshot_i[2] (net)           2     0.002777            0.000000   0.300000 f
  u_exact_mapper/cal_medium_code_snapshot_i[2] (ftc_detection_margin_mapper)
                                                                          0.000000   0.300000 f
  u_exact_mapper/cal_medium_code_snapshot_i[2] (net)  0.002777            0.000000   0.300000 f
  u_exact_mapper/U5/A (INV_X1M_A9TR40)                          0.000000  0.000021   0.300021 f
  u_exact_mapper/U5/Y (INV_X1M_A9TR40)                          0.103467  0.056512   0.356533 r
  u_exact_mapper/n31 (net)                      2     0.004140            0.000000   0.356533 r
  u_exact_mapper/U21/C (NOR4BB_X4M_A9TR40)                      0.103467  0.000041   0.356574 r
  u_exact_mapper/U21/Y (NOR4BB_X4M_A9TR40)                      0.053559  0.068233   0.424807 f
  u_exact_mapper/n30 (net)                      1     0.002307            0.000000   0.424807 f
  u_exact_mapper/U36/BN (NOR3BB_X4M_A9TR40)                     0.053559  0.000040   0.424847 f
  u_exact_mapper/U36/Y (NOR3BB_X4M_A9TR40)                      0.063344  0.103033   0.527881 f
  u_exact_mapper/n23 (net)                      4     0.005150            0.000000   0.527881 f
  u_exact_mapper/U11/C (NAND3_X1M_A9TR40)                       0.063344  0.000017   0.527898 f
  u_exact_mapper/U11/Y (NAND3_X1M_A9TR40)                       0.117836  0.093864   0.621762 r
  u_exact_mapper/n19 (net)                      2     0.002737            0.000000   0.621762 r
  u_exact_mapper/U10/B (NAND2_X1A_A9TR40)                       0.117836  0.000021   0.621783 r
  u_exact_mapper/U10/Y (NAND2_X1A_A9TR40)                       0.095683  0.102718   0.724501 f
  u_exact_mapper/m_det_o[3]_snps (net)          3     0.003734            0.000000   0.724501 f
  u_exact_mapper/U38/AN (NAND2B_X1M_A9TR40)                     0.095683  0.000017   0.724517 f
  u_exact_mapper/U38/Y (NAND2B_X1M_A9TR40)                      0.103590  0.147161   0.871679 f
  u_exact_mapper/target_medium_therm_o[6]_snps (net)
                                                3     0.003730            0.000000   0.871679 f
  u_exact_mapper/U40/AN (NAND2B_X1M_A9TR40)                     0.103590  0.000017   0.871695 f
  u_exact_mapper/U40/Y (NAND2B_X1M_A9TR40)                      0.076402  0.139386   1.011081 f
  u_exact_mapper/target_medium_therm_o[4] (net)
                                                2     0.002660            0.000000   1.011081 f
  u_exact_mapper/U9/AN (NAND3B_X2M_A9TR40)                      0.076402  0.000020   1.011101 f
  u_exact_mapper/U9/Y (NAND3B_X2M_A9TR40)                       0.074539  0.121370   1.132471 f
  u_exact_mapper/target_medium_therm_o[3] (net)
                                                2     0.002722            0.000000   1.132471 f
  u_exact_mapper/U39/A (INV_X1M_A9TR40)                         0.074539  0.000021   1.132492 f
  u_exact_mapper/U39/Y (INV_X1M_A9TR40)                         0.096750  0.080296   1.212788 r
  u_exact_mapper/n4 (net)                       2     0.003527            0.000000   1.212788 r
  u_exact_mapper/U3/B (NAND2_X2A_A9TR40)                        0.096750  0.000033   1.212821 r
  u_exact_mapper/U3/Y (NAND2_X2A_A9TR40)                        0.079102  0.064403   1.277224 f
  u_exact_mapper/target_medium_therm_o[2] (net)
                                                2     0.002648            0.000000   1.277224 f
  u_exact_mapper/U16/AN (NAND3BB_X1M_A9TR40)                    0.079102  0.000019   1.277243 f
  u_exact_mapper/U16/Y (NAND3BB_X1M_A9TR40)                     0.146571  0.180088   1.457331 f
  u_exact_mapper/mapping_supported_o (net)      5     0.006742            0.000000   1.457331 f
  u_exact_mapper/mapping_supported_o (ftc_detection_margin_mapper)        0.000000   1.457331 f
  mapper_mapping_supported (net)                      0.006742            0.000000   1.457331 f
  U151/A (NAND2_X2A_A9TR40)                                     0.146571  0.000024   1.457355 f
  U151/Y (NAND2_X2A_A9TR40)                                     0.071978  0.073944   1.531300 r
  n38 (net)                                     2     0.002793            0.000000   1.531300 r
  U157/A (INV_X1M_A9TR40)                                       0.071978  0.000021   1.531321 r
  U157/Y (INV_X1M_A9TR40)                                       0.049106  0.054095   1.585415 f
  n137 (net)                                    2     0.002723            0.000000   1.585415 f
  U153/A (NAND2_X1M_A9TR40)                                     0.049106  0.000021   1.585436 f
  U153/Y (NAND2_X1M_A9TR40)                                     0.104671  0.064974   1.650410 r
  n44 (net)                                     2     0.002673            0.000000   1.650410 r
  U154/A (NOR2_X0P7B_A9TR40)                                    0.104671  0.000019   1.650429 r
  U154/Y (NOR2_X0P7B_A9TR40)                                    0.101529  0.102350   1.752779 f
  n42 (net)                                     2     0.002601            0.000000   1.752779 f
  U168/C (NAND3BB_X1M_A9TR40)                                   0.101529  0.000020   1.752799 f
  U168/Y (NAND3BB_X1M_A9TR40)                                   0.094724  0.086918   1.839717 r
  n21 (net)                                     1     0.002766            0.000000   1.839717 r
  U140/A (INV_X3P5B_A9TR40)                                     0.094724  0.000048   1.839765 r
  U140/Y (INV_X3P5B_A9TR40)                                     0.049558  0.058906   1.898671 f
  n163 (net)                                    5     0.006508            0.000000   1.898671 f
  U138/A (BUF_X2P5M_A9TR40)                                     0.049558  0.000017   1.898688 f
  U138/Y (BUF_X2P5M_A9TR40)                                     0.067717  0.113324   2.012012 f
  n160 (net)                                    8     0.009657            0.000000   2.012012 f
  U179/A (INV_X1M_A9TR40)                                       0.067717  0.000016   2.012028 f
  U179/Y (INV_X1M_A9TR40)                                       0.212030  0.140445   2.152473 r
  n156 (net)                                    8     0.009259            0.000000   2.152473 r
  U172/A (AND2_X0P7M_A9TR40)                                    0.212030  0.000014   2.152488 r
  U172/Y (AND2_X0P7M_A9TR40)                                    0.068477  0.166735   2.319222 r
  n142 (net)                                    1     0.001559            0.000000   2.319222 r
  target_medium_therm_q_reg[11]/D (DFFRPQ_X1M_A9TR40)           0.068477  0.000027   2.319249 r
  data arrival time                                                                  2.319249

  clock cal_clk (rise edge)                                               2.500000   2.500000
  clock network delay (ideal)                                             0.000000   2.500000
  clock uncertainty                                                       -0.050000  2.450000
  target_medium_therm_q_reg[11]/CK (DFFRPQ_X1M_A9TR40)                    0.000000   2.450000 r
  library setup time                                                      -0.073070  2.376930
  data required time                                                                 2.376930
  ----------------------------------------------------------------------------------------------
  data required time                                                                 2.376930
  data arrival time                                                                  -2.319249
  ----------------------------------------------------------------------------------------------
  slack (MET)                                                                        0.057680


  Startpoint: cal_medium_code_snapshot_i[2]
              (input port clocked by cal_clk)
  Endpoint: target_medium_therm_q_reg[10]
            (rising edge-triggered flip-flop clocked by cal_clk)
  Path Group: cal_clk
  Path Type: max

  Des/Clust/Port     Wire Load Model       Library
  ------------------------------------------------
  ftc_detection_margin_manager
                     Small                 sc9mc_logic0040ll_base_rvt_c40_ss_typical_max_0p99v_125c

  Point                                       Fanout       Cap     Trans      Incr       Path
  ----------------------------------------------------------------------------------------------
  clock cal_clk (rise edge)                                               0.000000   0.000000
  clock network delay (ideal)                                             0.000000   0.000000
  input external delay                                                    0.300000   0.300000 f
  cal_medium_code_snapshot_i[2] (in)                            0.000000  0.000000   0.300000 f
  cal_medium_code_snapshot_i[2] (net)           2     0.002777            0.000000   0.300000 f
  u_exact_mapper/cal_medium_code_snapshot_i[2] (ftc_detection_margin_mapper)
                                                                          0.000000   0.300000 f
  u_exact_mapper/cal_medium_code_snapshot_i[2] (net)  0.002777            0.000000   0.300000 f
  u_exact_mapper/U5/A (INV_X1M_A9TR40)                          0.000000  0.000021   0.300021 f
  u_exact_mapper/U5/Y (INV_X1M_A9TR40)                          0.103467  0.056512   0.356533 r
  u_exact_mapper/n31 (net)                      2     0.004140            0.000000   0.356533 r
  u_exact_mapper/U21/C (NOR4BB_X4M_A9TR40)                      0.103467  0.000041   0.356574 r
  u_exact_mapper/U21/Y (NOR4BB_X4M_A9TR40)                      0.053559  0.068233   0.424807 f
  u_exact_mapper/n30 (net)                      1     0.002307            0.000000   0.424807 f
  u_exact_mapper/U36/BN (NOR3BB_X4M_A9TR40)                     0.053559  0.000040   0.424847 f
  u_exact_mapper/U36/Y (NOR3BB_X4M_A9TR40)                      0.063344  0.103033   0.527881 f
  u_exact_mapper/n23 (net)                      4     0.005150            0.000000   0.527881 f
  u_exact_mapper/U11/C (NAND3_X1M_A9TR40)                       0.063344  0.000017   0.527898 f
  u_exact_mapper/U11/Y (NAND3_X1M_A9TR40)                       0.117836  0.093864   0.621762 r
  u_exact_mapper/n19 (net)                      2     0.002737            0.000000   0.621762 r
  u_exact_mapper/U10/B (NAND2_X1A_A9TR40)                       0.117836  0.000021   0.621783 r
  u_exact_mapper/U10/Y (NAND2_X1A_A9TR40)                       0.095683  0.102718   0.724501 f
  u_exact_mapper/m_det_o[3]_snps (net)          3     0.003734            0.000000   0.724501 f
  u_exact_mapper/U38/AN (NAND2B_X1M_A9TR40)                     0.095683  0.000017   0.724517 f
  u_exact_mapper/U38/Y (NAND2B_X1M_A9TR40)                      0.103590  0.147161   0.871679 f
  u_exact_mapper/target_medium_therm_o[6]_snps (net)
                                                3     0.003730            0.000000   0.871679 f
  u_exact_mapper/U40/AN (NAND2B_X1M_A9TR40)                     0.103590  0.000017   0.871695 f
  u_exact_mapper/U40/Y (NAND2B_X1M_A9TR40)                      0.076402  0.139386   1.011081 f
  u_exact_mapper/target_medium_therm_o[4] (net)
                                                2     0.002660            0.000000   1.011081 f
  u_exact_mapper/U9/AN (NAND3B_X2M_A9TR40)                      0.076402  0.000020   1.011101 f
  u_exact_mapper/U9/Y (NAND3B_X2M_A9TR40)                       0.074539  0.121370   1.132471 f
  u_exact_mapper/target_medium_therm_o[3] (net)
                                                2     0.002722            0.000000   1.132471 f
  u_exact_mapper/U39/A (INV_X1M_A9TR40)                         0.074539  0.000021   1.132492 f
  u_exact_mapper/U39/Y (INV_X1M_A9TR40)                         0.096750  0.080296   1.212788 r
  u_exact_mapper/n4 (net)                       2     0.003527            0.000000   1.212788 r
  u_exact_mapper/U3/B (NAND2_X2A_A9TR40)                        0.096750  0.000033   1.212821 r
  u_exact_mapper/U3/Y (NAND2_X2A_A9TR40)                        0.079102  0.064403   1.277224 f
  u_exact_mapper/target_medium_therm_o[2] (net)
                                                2     0.002648            0.000000   1.277224 f
  u_exact_mapper/U16/AN (NAND3BB_X1M_A9TR40)                    0.079102  0.000019   1.277243 f
  u_exact_mapper/U16/Y (NAND3BB_X1M_A9TR40)                     0.146571  0.180088   1.457331 f
  u_exact_mapper/mapping_supported_o (net)      5     0.006742            0.000000   1.457331 f
  u_exact_mapper/mapping_supported_o (ftc_detection_margin_mapper)        0.000000   1.457331 f
  mapper_mapping_supported (net)                      0.006742            0.000000   1.457331 f
  U151/A (NAND2_X2A_A9TR40)                                     0.146571  0.000024   1.457355 f
  U151/Y (NAND2_X2A_A9TR40)                                     0.071978  0.073944   1.531300 r
  n38 (net)                                     2     0.002793            0.000000   1.531300 r
  U157/A (INV_X1M_A9TR40)                                       0.071978  0.000021   1.531321 r
  U157/Y (INV_X1M_A9TR40)                                       0.049106  0.054095   1.585415 f
  n137 (net)                                    2     0.002723            0.000000   1.585415 f
  U153/A (NAND2_X1M_A9TR40)                                     0.049106  0.000021   1.585436 f
  U153/Y (NAND2_X1M_A9TR40)                                     0.104671  0.064974   1.650410 r
  n44 (net)                                     2     0.002673            0.000000   1.650410 r
  U154/A (NOR2_X0P7B_A9TR40)                                    0.104671  0.000019   1.650429 r
  U154/Y (NOR2_X0P7B_A9TR40)                                    0.101529  0.102350   1.752779 f
  n42 (net)                                     2     0.002601            0.000000   1.752779 f
  U168/C (NAND3BB_X1M_A9TR40)                                   0.101529  0.000020   1.752799 f
  U168/Y (NAND3BB_X1M_A9TR40)                                   0.094724  0.086918   1.839717 r
  n21 (net)                                     1     0.002766            0.000000   1.839717 r
  U140/A (INV_X3P5B_A9TR40)                                     0.094724  0.000048   1.839765 r
  U140/Y (INV_X3P5B_A9TR40)                                     0.049558  0.058906   1.898671 f
  n163 (net)                                    5     0.006508            0.000000   1.898671 f
  U138/A (BUF_X2P5M_A9TR40)                                     0.049558  0.000017   1.898688 f
  U138/Y (BUF_X2P5M_A9TR40)                                     0.067717  0.113324   2.012012 f
  n160 (net)                                    8     0.009657            0.000000   2.012012 f
  U179/A (INV_X1M_A9TR40)                                       0.067717  0.000016   2.012028 f
  U179/Y (INV_X1M_A9TR40)                                       0.212030  0.140445   2.152473 r
  n156 (net)                                    8     0.009259            0.000000   2.152473 r
  U171/A (AND2_X0P7M_A9TR40)                                    0.212030  0.000014   2.152488 r
  U171/Y (AND2_X0P7M_A9TR40)                                    0.068477  0.166735   2.319222 r
  n141 (net)                                    1     0.001559            0.000000   2.319222 r
  target_medium_therm_q_reg[10]/D (DFFRPQ_X1M_A9TR40)           0.068477  0.000027   2.319249 r
  data arrival time                                                                  2.319249

  clock cal_clk (rise edge)                                               2.500000   2.500000
  clock network delay (ideal)                                             0.000000   2.500000
  clock uncertainty                                                       -0.050000  2.450000
  target_medium_therm_q_reg[10]/CK (DFFRPQ_X1M_A9TR40)                    0.000000   2.450000 r
  library setup time                                                      -0.073070  2.376930
  data required time                                                                 2.376930
  ----------------------------------------------------------------------------------------------
  data required time                                                                 2.376930
  data arrival time                                                                  -2.319249
  ----------------------------------------------------------------------------------------------
  slack (MET)                                                                        0.057680


  Startpoint: cal_medium_code_snapshot_i[2]
              (input port clocked by cal_clk)
  Endpoint: target_medium_therm_q_reg[9]
            (rising edge-triggered flip-flop clocked by cal_clk)
  Path Group: cal_clk
  Path Type: max

  Des/Clust/Port     Wire Load Model       Library
  ------------------------------------------------
  ftc_detection_margin_manager
                     Small                 sc9mc_logic0040ll_base_rvt_c40_ss_typical_max_0p99v_125c

  Point                                       Fanout       Cap     Trans      Incr       Path
  ----------------------------------------------------------------------------------------------
  clock cal_clk (rise edge)                                               0.000000   0.000000
  clock network delay (ideal)                                             0.000000   0.000000
  input external delay                                                    0.300000   0.300000 f
  cal_medium_code_snapshot_i[2] (in)                            0.000000  0.000000   0.300000 f
  cal_medium_code_snapshot_i[2] (net)           2     0.002777            0.000000   0.300000 f
  u_exact_mapper/cal_medium_code_snapshot_i[2] (ftc_detection_margin_mapper)
                                                                          0.000000   0.300000 f
  u_exact_mapper/cal_medium_code_snapshot_i[2] (net)  0.002777            0.000000   0.300000 f
  u_exact_mapper/U5/A (INV_X1M_A9TR40)                          0.000000  0.000021   0.300021 f
  u_exact_mapper/U5/Y (INV_X1M_A9TR40)                          0.103467  0.056512   0.356533 r
  u_exact_mapper/n31 (net)                      2     0.004140            0.000000   0.356533 r
  u_exact_mapper/U21/C (NOR4BB_X4M_A9TR40)                      0.103467  0.000041   0.356574 r
  u_exact_mapper/U21/Y (NOR4BB_X4M_A9TR40)                      0.053559  0.068233   0.424807 f
  u_exact_mapper/n30 (net)                      1     0.002307            0.000000   0.424807 f
  u_exact_mapper/U36/BN (NOR3BB_X4M_A9TR40)                     0.053559  0.000040   0.424847 f
  u_exact_mapper/U36/Y (NOR3BB_X4M_A9TR40)                      0.063344  0.103033   0.527881 f
  u_exact_mapper/n23 (net)                      4     0.005150            0.000000   0.527881 f
  u_exact_mapper/U11/C (NAND3_X1M_A9TR40)                       0.063344  0.000017   0.527898 f
  u_exact_mapper/U11/Y (NAND3_X1M_A9TR40)                       0.117836  0.093864   0.621762 r
  u_exact_mapper/n19 (net)                      2     0.002737            0.000000   0.621762 r
  u_exact_mapper/U10/B (NAND2_X1A_A9TR40)                       0.117836  0.000021   0.621783 r
  u_exact_mapper/U10/Y (NAND2_X1A_A9TR40)                       0.095683  0.102718   0.724501 f
  u_exact_mapper/m_det_o[3]_snps (net)          3     0.003734            0.000000   0.724501 f
  u_exact_mapper/U38/AN (NAND2B_X1M_A9TR40)                     0.095683  0.000017   0.724517 f
  u_exact_mapper/U38/Y (NAND2B_X1M_A9TR40)                      0.103590  0.147161   0.871679 f
  u_exact_mapper/target_medium_therm_o[6]_snps (net)
                                                3     0.003730            0.000000   0.871679 f
  u_exact_mapper/U40/AN (NAND2B_X1M_A9TR40)                     0.103590  0.000017   0.871695 f
  u_exact_mapper/U40/Y (NAND2B_X1M_A9TR40)                      0.076402  0.139386   1.011081 f
  u_exact_mapper/target_medium_therm_o[4] (net)
                                                2     0.002660            0.000000   1.011081 f
  u_exact_mapper/U9/AN (NAND3B_X2M_A9TR40)                      0.076402  0.000020   1.011101 f
  u_exact_mapper/U9/Y (NAND3B_X2M_A9TR40)                       0.074539  0.121370   1.132471 f
  u_exact_mapper/target_medium_therm_o[3] (net)
                                                2     0.002722            0.000000   1.132471 f
  u_exact_mapper/U39/A (INV_X1M_A9TR40)                         0.074539  0.000021   1.132492 f
  u_exact_mapper/U39/Y (INV_X1M_A9TR40)                         0.096750  0.080296   1.212788 r
  u_exact_mapper/n4 (net)                       2     0.003527            0.000000   1.212788 r
  u_exact_mapper/U3/B (NAND2_X2A_A9TR40)                        0.096750  0.000033   1.212821 r
  u_exact_mapper/U3/Y (NAND2_X2A_A9TR40)                        0.079102  0.064403   1.277224 f
  u_exact_mapper/target_medium_therm_o[2] (net)
                                                2     0.002648            0.000000   1.277224 f
  u_exact_mapper/U16/AN (NAND3BB_X1M_A9TR40)                    0.079102  0.000019   1.277243 f
  u_exact_mapper/U16/Y (NAND3BB_X1M_A9TR40)                     0.146571  0.180088   1.457331 f
  u_exact_mapper/mapping_supported_o (net)      5     0.006742            0.000000   1.457331 f
  u_exact_mapper/mapping_supported_o (ftc_detection_margin_mapper)        0.000000   1.457331 f
  mapper_mapping_supported (net)                      0.006742            0.000000   1.457331 f
  U151/A (NAND2_X2A_A9TR40)                                     0.146571  0.000024   1.457355 f
  U151/Y (NAND2_X2A_A9TR40)                                     0.071978  0.073944   1.531300 r
  n38 (net)                                     2     0.002793            0.000000   1.531300 r
  U157/A (INV_X1M_A9TR40)                                       0.071978  0.000021   1.531321 r
  U157/Y (INV_X1M_A9TR40)                                       0.049106  0.054095   1.585415 f
  n137 (net)                                    2     0.002723            0.000000   1.585415 f
  U153/A (NAND2_X1M_A9TR40)                                     0.049106  0.000021   1.585436 f
  U153/Y (NAND2_X1M_A9TR40)                                     0.104671  0.064974   1.650410 r
  n44 (net)                                     2     0.002673            0.000000   1.650410 r
  U154/A (NOR2_X0P7B_A9TR40)                                    0.104671  0.000019   1.650429 r
  U154/Y (NOR2_X0P7B_A9TR40)                                    0.101529  0.102350   1.752779 f
  n42 (net)                                     2     0.002601            0.000000   1.752779 f
  U168/C (NAND3BB_X1M_A9TR40)                                   0.101529  0.000020   1.752799 f
  U168/Y (NAND3BB_X1M_A9TR40)                                   0.094724  0.086918   1.839717 r
  n21 (net)                                     1     0.002766            0.000000   1.839717 r
  U140/A (INV_X3P5B_A9TR40)                                     0.094724  0.000048   1.839765 r
  U140/Y (INV_X3P5B_A9TR40)                                     0.049558  0.058906   1.898671 f
  n163 (net)                                    5     0.006508            0.000000   1.898671 f
  U138/A (BUF_X2P5M_A9TR40)                                     0.049558  0.000017   1.898688 f
  U138/Y (BUF_X2P5M_A9TR40)                                     0.067717  0.113324   2.012012 f
  n160 (net)                                    8     0.009657            0.000000   2.012012 f
  U179/A (INV_X1M_A9TR40)                                       0.067717  0.000016   2.012028 f
  U179/Y (INV_X1M_A9TR40)                                       0.212030  0.140445   2.152473 r
  n156 (net)                                    8     0.009259            0.000000   2.152473 r
  U170/A (AND2_X0P7M_A9TR40)                                    0.212030  0.000014   2.152488 r
  U170/Y (AND2_X0P7M_A9TR40)                                    0.068477  0.166735   2.319222 r
  n140 (net)                                    1     0.001559            0.000000   2.319222 r
  target_medium_therm_q_reg[9]/D (DFFRPQ_X1M_A9TR40)            0.068477  0.000027   2.319249 r
  data arrival time                                                                  2.319249

  clock cal_clk (rise edge)                                               2.500000   2.500000
  clock network delay (ideal)                                             0.000000   2.500000
  clock uncertainty                                                       -0.050000  2.450000
  target_medium_therm_q_reg[9]/CK (DFFRPQ_X1M_A9TR40)                     0.000000   2.450000 r
  library setup time                                                      -0.073070  2.376930
  data required time                                                                 2.376930
  ----------------------------------------------------------------------------------------------
  data required time                                                                 2.376930
  data arrival time                                                                  -2.319249
  ----------------------------------------------------------------------------------------------
  slack (MET)                                                                        0.057680


1
