 
****************************************
Report : timing
        -path full
        -delay max
        -input_pins
        -nets
        -max_paths 80
        -transition_time
        -capacitance
Design : ftc_detection_margin_manager
Version: W-2024.09
Date   : Sun Aug 23 13:28:07 2026
****************************************

Operating Conditions: ss_typical_max_0p99v_125c   Library: sc9mc_logic0040ll_base_rvt_c40_ss_typical_max_0p99v_125c
Wire Load Model Mode: top

  Startpoint: state_q_reg[2]
              (rising edge-triggered flip-flop clocked by cal_clk)
  Endpoint: det_medium_therm_q_reg[15]
            (rising edge-triggered flip-flop clocked by cal_clk)
  Path Group: cal_clk
  Path Type: max

  Des/Clust/Port     Wire Load Model       Library
  ------------------------------------------------
  ftc_detection_margin_manager
                     Small                 sc9mc_logic0040ll_base_rvt_c40_ss_typical_max_0p99v_125c

  Point                                       Fanout       Cap     Trans      Incr       Path
  ----------------------------------------------------------------------------------------------
  clock cal_clk (rise edge)                                               0.000000   0.000000
  clock network delay (ideal)                                             0.000000   0.000000
  state_q_reg[2]/CK (DFFRPQ_X1M_A9TR40)                         0.050000  0.000000   0.000000 r
  state_q_reg[2]/Q (DFFRPQ_X1M_A9TR40) <-                       0.086762  0.302334   0.302334 f
  state_q[2] (net)                              5     0.006072            0.000000   0.302334 f
  U134/A (INV_X0P5B_A9TR40)                                     0.086762  0.000015   0.302348 f
  U134/Y (INV_X0P5B_A9TR40)                                     0.158167  0.119887   0.422236 r
  n50 (net)                                     3     0.003803            0.000000   0.422236 r
  U133/B (NAND2_X0P5A_A9TR40)                                   0.158167  0.000016   0.422252 r
  U133/Y (NAND2_X0P5A_A9TR40)                                   0.212014  0.192980   0.615232 f
  n37 (net)                                     4     0.004940            0.000000   0.615232 f
  U197/A (NOR3_X1A_A9TR40)                                      0.212014  0.000017   0.615248 f
  U197/Y (NOR3_X1A_A9TR40)                                      0.212610  0.183355   0.798603 r
  det_takeover_ready_o (net)                    2     0.002004            0.000000   0.798603 r
  U198/BN (NOR4BB_X0P7M_A9TR40)                                 0.212610  0.000018   0.798621 r
  U198/Y (NOR4BB_X0P7M_A9TR40)                                  0.199200  0.247360   1.045981 r
  n4 (net)                                      1     0.001602            0.000000   1.045981 r
  U141/A (BUFH_X1M_A9TR40)                                      0.199200  0.000028   1.046009 r
  U141/Y (BUFH_X1M_A9TR40)                                      0.077797  0.138841   1.184850 r
  n166 (net)                                    2     0.002828            0.000000   1.184850 r
  U188/A (BUF_X2M_A9TR40)                                       0.077797  0.000020   1.184870 r
  U188/Y (BUF_X2M_A9TR40)                                       0.196430  0.171294   1.356164 r
  n164 (net)                                   16     0.018413            0.000000   1.356164 r
  U192/B0 (AOI2XB1_X1M_A9TR40)                                  0.196430  0.000015   1.356179 r
  U192/Y (AOI2XB1_X1M_A9TR40)                                   0.089231  0.104741   1.460920 f
  n1 (net)                                      1     0.001588            0.000000   1.460920 f
  U178/A (BUFH_X1M_A9TR40)                                      0.089231  0.000027   1.460947 f
  U178/Y (BUFH_X1M_A9TR40)                                      0.050187  0.101437   1.562385 f
  n172 (net)                                    2     0.002795            0.000000   1.562385 f
  U189/A (BUF_X2M_A9TR40)                                       0.050187  0.000020   1.562405 f
  U189/Y (BUF_X2M_A9TR40)                                       0.119513  0.144880   1.707285 f
  n170 (net)                                   16     0.018010            0.000000   1.707285 f
  U183/A (NOR2_X1A_A9TR40)                                      0.119513  0.000015   1.707299 f
  U183/Y (NOR2_X1A_A9TR40)                                      0.117579  0.105643   1.812942 r
  n3 (net)                                      1     0.001602            0.000000   1.812942 r
  U165/A (BUFH_X1M_A9TR40)                                      0.117579  0.000028   1.812970 r
  U165/Y (BUFH_X1M_A9TR40)                                      0.076291  0.112430   1.925400 r
  n169 (net)                                    2     0.002828            0.000000   1.925400 r
  U180/A (BUF_X2M_A9TR40)                                       0.076291  0.000020   1.925420 r
  U180/Y (BUF_X2M_A9TR40)                                       0.188724  0.166756   2.092176 r
  n167 (net)                                   16     0.017637            0.000000   2.092176 r
  U34/A1 (AOI22_X0P5M_A9TR40)                                   0.188724  0.000013   2.092189 r
  U34/Y (AOI22_X0P5M_A9TR40)                                    0.139917  0.167995   2.260184 f
  n19 (net)                                     1     0.001375            0.000000   2.260184 f
  U33/A0N (AO1B2_X0P5M_A9TR40)                                  0.139917  0.000024   2.260208 f
  U33/Y (AO1B2_X0P5M_A9TR40)                                    0.099884  0.100654   2.360862 r
  n74 (net)                                     1     0.001559            0.000000   2.360862 r
  det_medium_therm_q_reg[15]/D (DFFRPQ_X1M_A9TR40)              0.099884  0.000027   2.360888 r
  data arrival time                                                                  2.360888

  clock cal_clk (rise edge)                                               2.500000   2.500000
  clock network delay (ideal)                                             0.000000   2.500000
  clock uncertainty                                                       -0.050000  2.450000
  det_medium_therm_q_reg[15]/CK (DFFRPQ_X1M_A9TR40)                       0.000000   2.450000 r
  library setup time                                                      -0.082106  2.367894
  data required time                                                                 2.367894
  ----------------------------------------------------------------------------------------------
  data required time                                                                 2.367894
  data arrival time                                                                  -2.360888
  ----------------------------------------------------------------------------------------------
  slack (MET)                                                                        0.007005


  Startpoint: state_q_reg[2]
              (rising edge-triggered flip-flop clocked by cal_clk)
  Endpoint: det_medium_therm_q_reg[14]
            (rising edge-triggered flip-flop clocked by cal_clk)
  Path Group: cal_clk
  Path Type: max

  Des/Clust/Port     Wire Load Model       Library
  ------------------------------------------------
  ftc_detection_margin_manager
                     Small                 sc9mc_logic0040ll_base_rvt_c40_ss_typical_max_0p99v_125c

  Point                                       Fanout       Cap     Trans      Incr       Path
  ----------------------------------------------------------------------------------------------
  clock cal_clk (rise edge)                                               0.000000   0.000000
  clock network delay (ideal)                                             0.000000   0.000000
  state_q_reg[2]/CK (DFFRPQ_X1M_A9TR40)                         0.050000  0.000000   0.000000 r
  state_q_reg[2]/Q (DFFRPQ_X1M_A9TR40) <-                       0.086762  0.302334   0.302334 f
  state_q[2] (net)                              5     0.006072            0.000000   0.302334 f
  U134/A (INV_X0P5B_A9TR40)                                     0.086762  0.000015   0.302348 f
  U134/Y (INV_X0P5B_A9TR40)                                     0.158167  0.119887   0.422236 r
  n50 (net)                                     3     0.003803            0.000000   0.422236 r
  U133/B (NAND2_X0P5A_A9TR40)                                   0.158167  0.000016   0.422252 r
  U133/Y (NAND2_X0P5A_A9TR40)                                   0.212014  0.192980   0.615232 f
  n37 (net)                                     4     0.004940            0.000000   0.615232 f
  U197/A (NOR3_X1A_A9TR40)                                      0.212014  0.000017   0.615248 f
  U197/Y (NOR3_X1A_A9TR40)                                      0.212610  0.183355   0.798603 r
  det_takeover_ready_o (net)                    2     0.002004            0.000000   0.798603 r
  U198/BN (NOR4BB_X0P7M_A9TR40)                                 0.212610  0.000018   0.798621 r
  U198/Y (NOR4BB_X0P7M_A9TR40)                                  0.199200  0.247360   1.045981 r
  n4 (net)                                      1     0.001602            0.000000   1.045981 r
  U141/A (BUFH_X1M_A9TR40)                                      0.199200  0.000028   1.046009 r
  U141/Y (BUFH_X1M_A9TR40)                                      0.077797  0.138841   1.184850 r
  n166 (net)                                    2     0.002828            0.000000   1.184850 r
  U188/A (BUF_X2M_A9TR40)                                       0.077797  0.000020   1.184870 r
  U188/Y (BUF_X2M_A9TR40)                                       0.196430  0.171294   1.356164 r
  n164 (net)                                   16     0.018413            0.000000   1.356164 r
  U192/B0 (AOI2XB1_X1M_A9TR40)                                  0.196430  0.000015   1.356179 r
  U192/Y (AOI2XB1_X1M_A9TR40)                                   0.089231  0.104741   1.460920 f
  n1 (net)                                      1     0.001588            0.000000   1.460920 f
  U178/A (BUFH_X1M_A9TR40)                                      0.089231  0.000027   1.460947 f
  U178/Y (BUFH_X1M_A9TR40)                                      0.050187  0.101437   1.562385 f
  n172 (net)                                    2     0.002795            0.000000   1.562385 f
  U189/A (BUF_X2M_A9TR40)                                       0.050187  0.000020   1.562405 f
  U189/Y (BUF_X2M_A9TR40)                                       0.119513  0.144880   1.707285 f
  n170 (net)                                   16     0.018010            0.000000   1.707285 f
  U183/A (NOR2_X1A_A9TR40)                                      0.119513  0.000015   1.707299 f
  U183/Y (NOR2_X1A_A9TR40)                                      0.117579  0.105643   1.812942 r
  n3 (net)                                      1     0.001602            0.000000   1.812942 r
  U165/A (BUFH_X1M_A9TR40)                                      0.117579  0.000028   1.812970 r
  U165/Y (BUFH_X1M_A9TR40)                                      0.076291  0.112430   1.925400 r
  n169 (net)                                    2     0.002828            0.000000   1.925400 r
  U180/A (BUF_X2M_A9TR40)                                       0.076291  0.000020   1.925420 r
  U180/Y (BUF_X2M_A9TR40)                                       0.188724  0.166756   2.092176 r
  n167 (net)                                   16     0.017637            0.000000   2.092176 r
  U32/A1 (AOI22_X0P5M_A9TR40)                                   0.188724  0.000013   2.092189 r
  U32/Y (AOI22_X0P5M_A9TR40)                                    0.139917  0.167995   2.260184 f
  n18 (net)                                     1     0.001375            0.000000   2.260184 f
  U31/A0N (AO1B2_X0P5M_A9TR40)                                  0.139917  0.000024   2.260208 f
  U31/Y (AO1B2_X0P5M_A9TR40)                                    0.099884  0.100654   2.360862 r
  n73 (net)                                     1     0.001559            0.000000   2.360862 r
  det_medium_therm_q_reg[14]/D (DFFRPQ_X1M_A9TR40)              0.099884  0.000027   2.360888 r
  data arrival time                                                                  2.360888

  clock cal_clk (rise edge)                                               2.500000   2.500000
  clock network delay (ideal)                                             0.000000   2.500000
  clock uncertainty                                                       -0.050000  2.450000
  det_medium_therm_q_reg[14]/CK (DFFRPQ_X1M_A9TR40)                       0.000000   2.450000 r
  library setup time                                                      -0.082106  2.367894
  data required time                                                                 2.367894
  ----------------------------------------------------------------------------------------------
  data required time                                                                 2.367894
  data arrival time                                                                  -2.360888
  ----------------------------------------------------------------------------------------------
  slack (MET)                                                                        0.007005


  Startpoint: state_q_reg[2]
              (rising edge-triggered flip-flop clocked by cal_clk)
  Endpoint: det_medium_therm_q_reg[13]
            (rising edge-triggered flip-flop clocked by cal_clk)
  Path Group: cal_clk
  Path Type: max

  Des/Clust/Port     Wire Load Model       Library
  ------------------------------------------------
  ftc_detection_margin_manager
                     Small                 sc9mc_logic0040ll_base_rvt_c40_ss_typical_max_0p99v_125c

  Point                                       Fanout       Cap     Trans      Incr       Path
  ----------------------------------------------------------------------------------------------
  clock cal_clk (rise edge)                                               0.000000   0.000000
  clock network delay (ideal)                                             0.000000   0.000000
  state_q_reg[2]/CK (DFFRPQ_X1M_A9TR40)                         0.050000  0.000000   0.000000 r
  state_q_reg[2]/Q (DFFRPQ_X1M_A9TR40) <-                       0.086762  0.302334   0.302334 f
  state_q[2] (net)                              5     0.006072            0.000000   0.302334 f
  U134/A (INV_X0P5B_A9TR40)                                     0.086762  0.000015   0.302348 f
  U134/Y (INV_X0P5B_A9TR40)                                     0.158167  0.119887   0.422236 r
  n50 (net)                                     3     0.003803            0.000000   0.422236 r
  U133/B (NAND2_X0P5A_A9TR40)                                   0.158167  0.000016   0.422252 r
  U133/Y (NAND2_X0P5A_A9TR40)                                   0.212014  0.192980   0.615232 f
  n37 (net)                                     4     0.004940            0.000000   0.615232 f
  U197/A (NOR3_X1A_A9TR40)                                      0.212014  0.000017   0.615248 f
  U197/Y (NOR3_X1A_A9TR40)                                      0.212610  0.183355   0.798603 r
  det_takeover_ready_o (net)                    2     0.002004            0.000000   0.798603 r
  U198/BN (NOR4BB_X0P7M_A9TR40)                                 0.212610  0.000018   0.798621 r
  U198/Y (NOR4BB_X0P7M_A9TR40)                                  0.199200  0.247360   1.045981 r
  n4 (net)                                      1     0.001602            0.000000   1.045981 r
  U141/A (BUFH_X1M_A9TR40)                                      0.199200  0.000028   1.046009 r
  U141/Y (BUFH_X1M_A9TR40)                                      0.077797  0.138841   1.184850 r
  n166 (net)                                    2     0.002828            0.000000   1.184850 r
  U188/A (BUF_X2M_A9TR40)                                       0.077797  0.000020   1.184870 r
  U188/Y (BUF_X2M_A9TR40)                                       0.196430  0.171294   1.356164 r
  n164 (net)                                   16     0.018413            0.000000   1.356164 r
  U192/B0 (AOI2XB1_X1M_A9TR40)                                  0.196430  0.000015   1.356179 r
  U192/Y (AOI2XB1_X1M_A9TR40)                                   0.089231  0.104741   1.460920 f
  n1 (net)                                      1     0.001588            0.000000   1.460920 f
  U178/A (BUFH_X1M_A9TR40)                                      0.089231  0.000027   1.460947 f
  U178/Y (BUFH_X1M_A9TR40)                                      0.050187  0.101437   1.562385 f
  n172 (net)                                    2     0.002795            0.000000   1.562385 f
  U189/A (BUF_X2M_A9TR40)                                       0.050187  0.000020   1.562405 f
  U189/Y (BUF_X2M_A9TR40)                                       0.119513  0.144880   1.707285 f
  n170 (net)                                   16     0.018010            0.000000   1.707285 f
  U183/A (NOR2_X1A_A9TR40)                                      0.119513  0.000015   1.707299 f
  U183/Y (NOR2_X1A_A9TR40)                                      0.117579  0.105643   1.812942 r
  n3 (net)                                      1     0.001602            0.000000   1.812942 r
  U165/A (BUFH_X1M_A9TR40)                                      0.117579  0.000028   1.812970 r
  U165/Y (BUFH_X1M_A9TR40)                                      0.076291  0.112430   1.925400 r
  n169 (net)                                    2     0.002828            0.000000   1.925400 r
  U180/A (BUF_X2M_A9TR40)                                       0.076291  0.000020   1.925420 r
  U180/Y (BUF_X2M_A9TR40)                                       0.188724  0.166756   2.092176 r
  n167 (net)                                   16     0.017637            0.000000   2.092176 r
  U30/A1 (AOI22_X0P5M_A9TR40)                                   0.188724  0.000013   2.092189 r
  U30/Y (AOI22_X0P5M_A9TR40)                                    0.139917  0.167995   2.260184 f
  n17 (net)                                     1     0.001375            0.000000   2.260184 f
  U29/A0N (AO1B2_X0P5M_A9TR40)                                  0.139917  0.000024   2.260208 f
  U29/Y (AO1B2_X0P5M_A9TR40)                                    0.099884  0.100654   2.360862 r
  n72 (net)                                     1     0.001559            0.000000   2.360862 r
  det_medium_therm_q_reg[13]/D (DFFRPQ_X1M_A9TR40)              0.099884  0.000027   2.360888 r
  data arrival time                                                                  2.360888

  clock cal_clk (rise edge)                                               2.500000   2.500000
  clock network delay (ideal)                                             0.000000   2.500000
  clock uncertainty                                                       -0.050000  2.450000
  det_medium_therm_q_reg[13]/CK (DFFRPQ_X1M_A9TR40)                       0.000000   2.450000 r
  library setup time                                                      -0.082106  2.367894
  data required time                                                                 2.367894
  ----------------------------------------------------------------------------------------------
  data required time                                                                 2.367894
  data arrival time                                                                  -2.360888
  ----------------------------------------------------------------------------------------------
  slack (MET)                                                                        0.007005


  Startpoint: state_q_reg[2]
              (rising edge-triggered flip-flop clocked by cal_clk)
  Endpoint: det_medium_therm_q_reg[12]
            (rising edge-triggered flip-flop clocked by cal_clk)
  Path Group: cal_clk
  Path Type: max

  Des/Clust/Port     Wire Load Model       Library
  ------------------------------------------------
  ftc_detection_margin_manager
                     Small                 sc9mc_logic0040ll_base_rvt_c40_ss_typical_max_0p99v_125c

  Point                                       Fanout       Cap     Trans      Incr       Path
  ----------------------------------------------------------------------------------------------
  clock cal_clk (rise edge)                                               0.000000   0.000000
  clock network delay (ideal)                                             0.000000   0.000000
  state_q_reg[2]/CK (DFFRPQ_X1M_A9TR40)                         0.050000  0.000000   0.000000 r
  state_q_reg[2]/Q (DFFRPQ_X1M_A9TR40) <-                       0.086762  0.302334   0.302334 f
  state_q[2] (net)                              5     0.006072            0.000000   0.302334 f
  U134/A (INV_X0P5B_A9TR40)                                     0.086762  0.000015   0.302348 f
  U134/Y (INV_X0P5B_A9TR40)                                     0.158167  0.119887   0.422236 r
  n50 (net)                                     3     0.003803            0.000000   0.422236 r
  U133/B (NAND2_X0P5A_A9TR40)                                   0.158167  0.000016   0.422252 r
  U133/Y (NAND2_X0P5A_A9TR40)                                   0.212014  0.192980   0.615232 f
  n37 (net)                                     4     0.004940            0.000000   0.615232 f
  U197/A (NOR3_X1A_A9TR40)                                      0.212014  0.000017   0.615248 f
  U197/Y (NOR3_X1A_A9TR40)                                      0.212610  0.183355   0.798603 r
  det_takeover_ready_o (net)                    2     0.002004            0.000000   0.798603 r
  U198/BN (NOR4BB_X0P7M_A9TR40)                                 0.212610  0.000018   0.798621 r
  U198/Y (NOR4BB_X0P7M_A9TR40)                                  0.199200  0.247360   1.045981 r
  n4 (net)                                      1     0.001602            0.000000   1.045981 r
  U141/A (BUFH_X1M_A9TR40)                                      0.199200  0.000028   1.046009 r
  U141/Y (BUFH_X1M_A9TR40)                                      0.077797  0.138841   1.184850 r
  n166 (net)                                    2     0.002828            0.000000   1.184850 r
  U188/A (BUF_X2M_A9TR40)                                       0.077797  0.000020   1.184870 r
  U188/Y (BUF_X2M_A9TR40)                                       0.196430  0.171294   1.356164 r
  n164 (net)                                   16     0.018413            0.000000   1.356164 r
  U192/B0 (AOI2XB1_X1M_A9TR40)                                  0.196430  0.000015   1.356179 r
  U192/Y (AOI2XB1_X1M_A9TR40)                                   0.089231  0.104741   1.460920 f
  n1 (net)                                      1     0.001588            0.000000   1.460920 f
  U178/A (BUFH_X1M_A9TR40)                                      0.089231  0.000027   1.460947 f
  U178/Y (BUFH_X1M_A9TR40)                                      0.050187  0.101437   1.562385 f
  n172 (net)                                    2     0.002795            0.000000   1.562385 f
  U189/A (BUF_X2M_A9TR40)                                       0.050187  0.000020   1.562405 f
  U189/Y (BUF_X2M_A9TR40)                                       0.119513  0.144880   1.707285 f
  n170 (net)                                   16     0.018010            0.000000   1.707285 f
  U183/A (NOR2_X1A_A9TR40)                                      0.119513  0.000015   1.707299 f
  U183/Y (NOR2_X1A_A9TR40)                                      0.117579  0.105643   1.812942 r
  n3 (net)                                      1     0.001602            0.000000   1.812942 r
  U165/A (BUFH_X1M_A9TR40)                                      0.117579  0.000028   1.812970 r
  U165/Y (BUFH_X1M_A9TR40)                                      0.076291  0.112430   1.925400 r
  n169 (net)                                    2     0.002828            0.000000   1.925400 r
  U180/A (BUF_X2M_A9TR40)                                       0.076291  0.000020   1.925420 r
  U180/Y (BUF_X2M_A9TR40)                                       0.188724  0.166756   2.092176 r
  n167 (net)                                   16     0.017637            0.000000   2.092176 r
  U28/A1 (AOI22_X0P5M_A9TR40)                                   0.188724  0.000013   2.092189 r
  U28/Y (AOI22_X0P5M_A9TR40)                                    0.139917  0.167995   2.260184 f
  n16 (net)                                     1     0.001375            0.000000   2.260184 f
  U27/A0N (AO1B2_X0P5M_A9TR40)                                  0.139917  0.000024   2.260208 f
  U27/Y (AO1B2_X0P5M_A9TR40)                                    0.099884  0.100654   2.360862 r
  n71 (net)                                     1     0.001559            0.000000   2.360862 r
  det_medium_therm_q_reg[12]/D (DFFRPQ_X1M_A9TR40)              0.099884  0.000027   2.360888 r
  data arrival time                                                                  2.360888

  clock cal_clk (rise edge)                                               2.500000   2.500000
  clock network delay (ideal)                                             0.000000   2.500000
  clock uncertainty                                                       -0.050000  2.450000
  det_medium_therm_q_reg[12]/CK (DFFRPQ_X1M_A9TR40)                       0.000000   2.450000 r
  library setup time                                                      -0.082106  2.367894
  data required time                                                                 2.367894
  ----------------------------------------------------------------------------------------------
  data required time                                                                 2.367894
  data arrival time                                                                  -2.360888
  ----------------------------------------------------------------------------------------------
  slack (MET)                                                                        0.007005


  Startpoint: state_q_reg[2]
              (rising edge-triggered flip-flop clocked by cal_clk)
  Endpoint: det_medium_therm_q_reg[11]
            (rising edge-triggered flip-flop clocked by cal_clk)
  Path Group: cal_clk
  Path Type: max

  Des/Clust/Port     Wire Load Model       Library
  ------------------------------------------------
  ftc_detection_margin_manager
                     Small                 sc9mc_logic0040ll_base_rvt_c40_ss_typical_max_0p99v_125c

  Point                                       Fanout       Cap     Trans      Incr       Path
  ----------------------------------------------------------------------------------------------
  clock cal_clk (rise edge)                                               0.000000   0.000000
  clock network delay (ideal)                                             0.000000   0.000000
  state_q_reg[2]/CK (DFFRPQ_X1M_A9TR40)                         0.050000  0.000000   0.000000 r
  state_q_reg[2]/Q (DFFRPQ_X1M_A9TR40) <-                       0.086762  0.302334   0.302334 f
  state_q[2] (net)                              5     0.006072            0.000000   0.302334 f
  U134/A (INV_X0P5B_A9TR40)                                     0.086762  0.000015   0.302348 f
  U134/Y (INV_X0P5B_A9TR40)                                     0.158167  0.119887   0.422236 r
  n50 (net)                                     3     0.003803            0.000000   0.422236 r
  U133/B (NAND2_X0P5A_A9TR40)                                   0.158167  0.000016   0.422252 r
  U133/Y (NAND2_X0P5A_A9TR40)                                   0.212014  0.192980   0.615232 f
  n37 (net)                                     4     0.004940            0.000000   0.615232 f
  U197/A (NOR3_X1A_A9TR40)                                      0.212014  0.000017   0.615248 f
  U197/Y (NOR3_X1A_A9TR40)                                      0.212610  0.183355   0.798603 r
  det_takeover_ready_o (net)                    2     0.002004            0.000000   0.798603 r
  U198/BN (NOR4BB_X0P7M_A9TR40)                                 0.212610  0.000018   0.798621 r
  U198/Y (NOR4BB_X0P7M_A9TR40)                                  0.199200  0.247360   1.045981 r
  n4 (net)                                      1     0.001602            0.000000   1.045981 r
  U141/A (BUFH_X1M_A9TR40)                                      0.199200  0.000028   1.046009 r
  U141/Y (BUFH_X1M_A9TR40)                                      0.077797  0.138841   1.184850 r
  n166 (net)                                    2     0.002828            0.000000   1.184850 r
  U188/A (BUF_X2M_A9TR40)                                       0.077797  0.000020   1.184870 r
  U188/Y (BUF_X2M_A9TR40)                                       0.196430  0.171294   1.356164 r
  n164 (net)                                   16     0.018413            0.000000   1.356164 r
  U192/B0 (AOI2XB1_X1M_A9TR40)                                  0.196430  0.000015   1.356179 r
  U192/Y (AOI2XB1_X1M_A9TR40)                                   0.089231  0.104741   1.460920 f
  n1 (net)                                      1     0.001588            0.000000   1.460920 f
  U178/A (BUFH_X1M_A9TR40)                                      0.089231  0.000027   1.460947 f
  U178/Y (BUFH_X1M_A9TR40)                                      0.050187  0.101437   1.562385 f
  n172 (net)                                    2     0.002795            0.000000   1.562385 f
  U189/A (BUF_X2M_A9TR40)                                       0.050187  0.000020   1.562405 f
  U189/Y (BUF_X2M_A9TR40)                                       0.119513  0.144880   1.707285 f
  n170 (net)                                   16     0.018010            0.000000   1.707285 f
  U183/A (NOR2_X1A_A9TR40)                                      0.119513  0.000015   1.707299 f
  U183/Y (NOR2_X1A_A9TR40)                                      0.117579  0.105643   1.812942 r
  n3 (net)                                      1     0.001602            0.000000   1.812942 r
  U165/A (BUFH_X1M_A9TR40)                                      0.117579  0.000028   1.812970 r
  U165/Y (BUFH_X1M_A9TR40)                                      0.076291  0.112430   1.925400 r
  n169 (net)                                    2     0.002828            0.000000   1.925400 r
  U180/A (BUF_X2M_A9TR40)                                       0.076291  0.000020   1.925420 r
  U180/Y (BUF_X2M_A9TR40)                                       0.188724  0.166756   2.092176 r
  n167 (net)                                   16     0.017637            0.000000   2.092176 r
  U26/A1 (AOI22_X0P5M_A9TR40)                                   0.188724  0.000013   2.092189 r
  U26/Y (AOI22_X0P5M_A9TR40)                                    0.139917  0.167995   2.260184 f
  n15 (net)                                     1     0.001375            0.000000   2.260184 f
  U25/A0N (AO1B2_X0P5M_A9TR40)                                  0.139917  0.000024   2.260208 f
  U25/Y (AO1B2_X0P5M_A9TR40)                                    0.099884  0.100654   2.360862 r
  n70 (net)                                     1     0.001559            0.000000   2.360862 r
  det_medium_therm_q_reg[11]/D (DFFRPQ_X1M_A9TR40)              0.099884  0.000027   2.360888 r
  data arrival time                                                                  2.360888

  clock cal_clk (rise edge)                                               2.500000   2.500000
  clock network delay (ideal)                                             0.000000   2.500000
  clock uncertainty                                                       -0.050000  2.450000
  det_medium_therm_q_reg[11]/CK (DFFRPQ_X1M_A9TR40)                       0.000000   2.450000 r
  library setup time                                                      -0.082106  2.367894
  data required time                                                                 2.367894
  ----------------------------------------------------------------------------------------------
  data required time                                                                 2.367894
  data arrival time                                                                  -2.360888
  ----------------------------------------------------------------------------------------------
  slack (MET)                                                                        0.007005


  Startpoint: state_q_reg[2]
              (rising edge-triggered flip-flop clocked by cal_clk)
  Endpoint: det_medium_therm_q_reg[10]
            (rising edge-triggered flip-flop clocked by cal_clk)
  Path Group: cal_clk
  Path Type: max

  Des/Clust/Port     Wire Load Model       Library
  ------------------------------------------------
  ftc_detection_margin_manager
                     Small                 sc9mc_logic0040ll_base_rvt_c40_ss_typical_max_0p99v_125c

  Point                                       Fanout       Cap     Trans      Incr       Path
  ----------------------------------------------------------------------------------------------
  clock cal_clk (rise edge)                                               0.000000   0.000000
  clock network delay (ideal)                                             0.000000   0.000000
  state_q_reg[2]/CK (DFFRPQ_X1M_A9TR40)                         0.050000  0.000000   0.000000 r
  state_q_reg[2]/Q (DFFRPQ_X1M_A9TR40) <-                       0.086762  0.302334   0.302334 f
  state_q[2] (net)                              5     0.006072            0.000000   0.302334 f
  U134/A (INV_X0P5B_A9TR40)                                     0.086762  0.000015   0.302348 f
  U134/Y (INV_X0P5B_A9TR40)                                     0.158167  0.119887   0.422236 r
  n50 (net)                                     3     0.003803            0.000000   0.422236 r
  U133/B (NAND2_X0P5A_A9TR40)                                   0.158167  0.000016   0.422252 r
  U133/Y (NAND2_X0P5A_A9TR40)                                   0.212014  0.192980   0.615232 f
  n37 (net)                                     4     0.004940            0.000000   0.615232 f
  U197/A (NOR3_X1A_A9TR40)                                      0.212014  0.000017   0.615248 f
  U197/Y (NOR3_X1A_A9TR40)                                      0.212610  0.183355   0.798603 r
  det_takeover_ready_o (net)                    2     0.002004            0.000000   0.798603 r
  U198/BN (NOR4BB_X0P7M_A9TR40)                                 0.212610  0.000018   0.798621 r
  U198/Y (NOR4BB_X0P7M_A9TR40)                                  0.199200  0.247360   1.045981 r
  n4 (net)                                      1     0.001602            0.000000   1.045981 r
  U141/A (BUFH_X1M_A9TR40)                                      0.199200  0.000028   1.046009 r
  U141/Y (BUFH_X1M_A9TR40)                                      0.077797  0.138841   1.184850 r
  n166 (net)                                    2     0.002828            0.000000   1.184850 r
  U188/A (BUF_X2M_A9TR40)                                       0.077797  0.000020   1.184870 r
  U188/Y (BUF_X2M_A9TR40)                                       0.196430  0.171294   1.356164 r
  n164 (net)                                   16     0.018413            0.000000   1.356164 r
  U192/B0 (AOI2XB1_X1M_A9TR40)                                  0.196430  0.000015   1.356179 r
  U192/Y (AOI2XB1_X1M_A9TR40)                                   0.089231  0.104741   1.460920 f
  n1 (net)                                      1     0.001588            0.000000   1.460920 f
  U178/A (BUFH_X1M_A9TR40)                                      0.089231  0.000027   1.460947 f
  U178/Y (BUFH_X1M_A9TR40)                                      0.050187  0.101437   1.562385 f
  n172 (net)                                    2     0.002795            0.000000   1.562385 f
  U189/A (BUF_X2M_A9TR40)                                       0.050187  0.000020   1.562405 f
  U189/Y (BUF_X2M_A9TR40)                                       0.119513  0.144880   1.707285 f
  n170 (net)                                   16     0.018010            0.000000   1.707285 f
  U183/A (NOR2_X1A_A9TR40)                                      0.119513  0.000015   1.707299 f
  U183/Y (NOR2_X1A_A9TR40)                                      0.117579  0.105643   1.812942 r
  n3 (net)                                      1     0.001602            0.000000   1.812942 r
  U165/A (BUFH_X1M_A9TR40)                                      0.117579  0.000028   1.812970 r
  U165/Y (BUFH_X1M_A9TR40)                                      0.076291  0.112430   1.925400 r
  n169 (net)                                    2     0.002828            0.000000   1.925400 r
  U180/A (BUF_X2M_A9TR40)                                       0.076291  0.000020   1.925420 r
  U180/Y (BUF_X2M_A9TR40)                                       0.188724  0.166756   2.092176 r
  n167 (net)                                   16     0.017637            0.000000   2.092176 r
  U24/A1 (AOI22_X0P5M_A9TR40)                                   0.188724  0.000013   2.092189 r
  U24/Y (AOI22_X0P5M_A9TR40)                                    0.139917  0.167995   2.260184 f
  n14 (net)                                     1     0.001375            0.000000   2.260184 f
  U23/A0N (AO1B2_X0P5M_A9TR40)                                  0.139917  0.000024   2.260208 f
  U23/Y (AO1B2_X0P5M_A9TR40)                                    0.099884  0.100654   2.360862 r
  n69 (net)                                     1     0.001559            0.000000   2.360862 r
  det_medium_therm_q_reg[10]/D (DFFRPQ_X1M_A9TR40)              0.099884  0.000027   2.360888 r
  data arrival time                                                                  2.360888

  clock cal_clk (rise edge)                                               2.500000   2.500000
  clock network delay (ideal)                                             0.000000   2.500000
  clock uncertainty                                                       -0.050000  2.450000
  det_medium_therm_q_reg[10]/CK (DFFRPQ_X1M_A9TR40)                       0.000000   2.450000 r
  library setup time                                                      -0.082106  2.367894
  data required time                                                                 2.367894
  ----------------------------------------------------------------------------------------------
  data required time                                                                 2.367894
  data arrival time                                                                  -2.360888
  ----------------------------------------------------------------------------------------------
  slack (MET)                                                                        0.007005


  Startpoint: state_q_reg[2]
              (rising edge-triggered flip-flop clocked by cal_clk)
  Endpoint: det_fine_therm_q_reg[9]
            (rising edge-triggered flip-flop clocked by cal_clk)
  Path Group: cal_clk
  Path Type: max

  Des/Clust/Port     Wire Load Model       Library
  ------------------------------------------------
  ftc_detection_margin_manager
                     Small                 sc9mc_logic0040ll_base_rvt_c40_ss_typical_max_0p99v_125c

  Point                                       Fanout       Cap     Trans      Incr       Path
  ----------------------------------------------------------------------------------------------
  clock cal_clk (rise edge)                                               0.000000   0.000000
  clock network delay (ideal)                                             0.000000   0.000000
  state_q_reg[2]/CK (DFFRPQ_X1M_A9TR40)                         0.050000  0.000000   0.000000 r
  state_q_reg[2]/Q (DFFRPQ_X1M_A9TR40) <-                       0.086762  0.302334   0.302334 f
  state_q[2] (net)                              5     0.006072            0.000000   0.302334 f
  U134/A (INV_X0P5B_A9TR40)                                     0.086762  0.000015   0.302348 f
  U134/Y (INV_X0P5B_A9TR40)                                     0.158167  0.119887   0.422236 r
  n50 (net)                                     3     0.003803            0.000000   0.422236 r
  U133/B (NAND2_X0P5A_A9TR40)                                   0.158167  0.000016   0.422252 r
  U133/Y (NAND2_X0P5A_A9TR40)                                   0.212014  0.192980   0.615232 f
  n37 (net)                                     4     0.004940            0.000000   0.615232 f
  U197/A (NOR3_X1A_A9TR40)                                      0.212014  0.000017   0.615248 f
  U197/Y (NOR3_X1A_A9TR40)                                      0.212610  0.183355   0.798603 r
  det_takeover_ready_o (net)                    2     0.002004            0.000000   0.798603 r
  U198/BN (NOR4BB_X0P7M_A9TR40)                                 0.212610  0.000018   0.798621 r
  U198/Y (NOR4BB_X0P7M_A9TR40)                                  0.199200  0.247360   1.045981 r
  n4 (net)                                      1     0.001602            0.000000   1.045981 r
  U141/A (BUFH_X1M_A9TR40)                                      0.199200  0.000028   1.046009 r
  U141/Y (BUFH_X1M_A9TR40)                                      0.077797  0.138841   1.184850 r
  n166 (net)                                    2     0.002828            0.000000   1.184850 r
  U188/A (BUF_X2M_A9TR40)                                       0.077797  0.000020   1.184870 r
  U188/Y (BUF_X2M_A9TR40)                                       0.196430  0.171294   1.356164 r
  n164 (net)                                   16     0.018413            0.000000   1.356164 r
  U192/B0 (AOI2XB1_X1M_A9TR40)                                  0.196430  0.000015   1.356179 r
  U192/Y (AOI2XB1_X1M_A9TR40)                                   0.089231  0.104741   1.460920 f
  n1 (net)                                      1     0.001588            0.000000   1.460920 f
  U178/A (BUFH_X1M_A9TR40)                                      0.089231  0.000027   1.460947 f
  U178/Y (BUFH_X1M_A9TR40)                                      0.050187  0.101437   1.562385 f
  n172 (net)                                    2     0.002795            0.000000   1.562385 f
  U189/A (BUF_X2M_A9TR40)                                       0.050187  0.000020   1.562405 f
  U189/Y (BUF_X2M_A9TR40)                                       0.119513  0.144880   1.707285 f
  n170 (net)                                   16     0.018010            0.000000   1.707285 f
  U183/A (NOR2_X1A_A9TR40)                                      0.119513  0.000015   1.707299 f
  U183/Y (NOR2_X1A_A9TR40)                                      0.117579  0.105643   1.812942 r
  n3 (net)                                      1     0.001602            0.000000   1.812942 r
  U165/A (BUFH_X1M_A9TR40)                                      0.117579  0.000028   1.812970 r
  U165/Y (BUFH_X1M_A9TR40)                                      0.076291  0.112430   1.925400 r
  n169 (net)                                    2     0.002828            0.000000   1.925400 r
  U180/A (BUF_X2M_A9TR40)                                       0.076291  0.000020   1.925420 r
  U180/Y (BUF_X2M_A9TR40)                                       0.188724  0.166756   2.092176 r
  n167 (net)                                   16     0.017637            0.000000   2.092176 r
  U63/A1 (AOI22_X0P5M_A9TR40)                                   0.188724  0.000013   2.092189 r
  U63/Y (AOI22_X0P5M_A9TR40)                                    0.139917  0.167995   2.260184 f
  n31 (net)                                     1     0.001375            0.000000   2.260184 f
  U62/A0N (AO1B2_X0P5M_A9TR40)                                  0.139917  0.000024   2.260208 f
  U62/Y (AO1B2_X0P5M_A9TR40)                                    0.100342  0.100951   2.361158 r
  n93 (net)                                     1     0.001574            0.000000   2.361158 r
  det_fine_therm_q_reg[9]/D (DFFSQ_X1M_A9TR40)                  0.100342  0.000027   2.361186 r
  data arrival time                                                                  2.361186

  clock cal_clk (rise edge)                                               2.500000   2.500000
  clock network delay (ideal)                                             0.000000   2.500000
  clock uncertainty                                                       -0.050000  2.450000
  det_fine_therm_q_reg[9]/CK (DFFSQ_X1M_A9TR40)                           0.000000   2.450000 r
  library setup time                                                      -0.070604  2.379396
  data required time                                                                 2.379396
  ----------------------------------------------------------------------------------------------
  data required time                                                                 2.379396
  data arrival time                                                                  -2.361186
  ----------------------------------------------------------------------------------------------
  slack (MET)                                                                        0.018211


  Startpoint: state_q_reg[2]
              (rising edge-triggered flip-flop clocked by cal_clk)
  Endpoint: det_fine_therm_q_reg[8]
            (rising edge-triggered flip-flop clocked by cal_clk)
  Path Group: cal_clk
  Path Type: max

  Des/Clust/Port     Wire Load Model       Library
  ------------------------------------------------
  ftc_detection_margin_manager
                     Small                 sc9mc_logic0040ll_base_rvt_c40_ss_typical_max_0p99v_125c

  Point                                       Fanout       Cap     Trans      Incr       Path
  ----------------------------------------------------------------------------------------------
  clock cal_clk (rise edge)                                               0.000000   0.000000
  clock network delay (ideal)                                             0.000000   0.000000
  state_q_reg[2]/CK (DFFRPQ_X1M_A9TR40)                         0.050000  0.000000   0.000000 r
  state_q_reg[2]/Q (DFFRPQ_X1M_A9TR40) <-                       0.086762  0.302334   0.302334 f
  state_q[2] (net)                              5     0.006072            0.000000   0.302334 f
  U134/A (INV_X0P5B_A9TR40)                                     0.086762  0.000015   0.302348 f
  U134/Y (INV_X0P5B_A9TR40)                                     0.158167  0.119887   0.422236 r
  n50 (net)                                     3     0.003803            0.000000   0.422236 r
  U133/B (NAND2_X0P5A_A9TR40)                                   0.158167  0.000016   0.422252 r
  U133/Y (NAND2_X0P5A_A9TR40)                                   0.212014  0.192980   0.615232 f
  n37 (net)                                     4     0.004940            0.000000   0.615232 f
  U197/A (NOR3_X1A_A9TR40)                                      0.212014  0.000017   0.615248 f
  U197/Y (NOR3_X1A_A9TR40)                                      0.212610  0.183355   0.798603 r
  det_takeover_ready_o (net)                    2     0.002004            0.000000   0.798603 r
  U198/BN (NOR4BB_X0P7M_A9TR40)                                 0.212610  0.000018   0.798621 r
  U198/Y (NOR4BB_X0P7M_A9TR40)                                  0.199200  0.247360   1.045981 r
  n4 (net)                                      1     0.001602            0.000000   1.045981 r
  U141/A (BUFH_X1M_A9TR40)                                      0.199200  0.000028   1.046009 r
  U141/Y (BUFH_X1M_A9TR40)                                      0.077797  0.138841   1.184850 r
  n166 (net)                                    2     0.002828            0.000000   1.184850 r
  U188/A (BUF_X2M_A9TR40)                                       0.077797  0.000020   1.184870 r
  U188/Y (BUF_X2M_A9TR40)                                       0.196430  0.171294   1.356164 r
  n164 (net)                                   16     0.018413            0.000000   1.356164 r
  U192/B0 (AOI2XB1_X1M_A9TR40)                                  0.196430  0.000015   1.356179 r
  U192/Y (AOI2XB1_X1M_A9TR40)                                   0.089231  0.104741   1.460920 f
  n1 (net)                                      1     0.001588            0.000000   1.460920 f
  U178/A (BUFH_X1M_A9TR40)                                      0.089231  0.000027   1.460947 f
  U178/Y (BUFH_X1M_A9TR40)                                      0.050187  0.101437   1.562385 f
  n172 (net)                                    2     0.002795            0.000000   1.562385 f
  U189/A (BUF_X2M_A9TR40)                                       0.050187  0.000020   1.562405 f
  U189/Y (BUF_X2M_A9TR40)                                       0.119513  0.144880   1.707285 f
  n170 (net)                                   16     0.018010            0.000000   1.707285 f
  U183/A (NOR2_X1A_A9TR40)                                      0.119513  0.000015   1.707299 f
  U183/Y (NOR2_X1A_A9TR40)                                      0.117579  0.105643   1.812942 r
  n3 (net)                                      1     0.001602            0.000000   1.812942 r
  U165/A (BUFH_X1M_A9TR40)                                      0.117579  0.000028   1.812970 r
  U165/Y (BUFH_X1M_A9TR40)                                      0.076291  0.112430   1.925400 r
  n169 (net)                                    2     0.002828            0.000000   1.925400 r
  U180/A (BUF_X2M_A9TR40)                                       0.076291  0.000020   1.925420 r
  U180/Y (BUF_X2M_A9TR40)                                       0.188724  0.166756   2.092176 r
  n167 (net)                                   16     0.017637            0.000000   2.092176 r
  U60/A1 (AOI22_X0P5M_A9TR40)                                   0.188724  0.000013   2.092189 r
  U60/Y (AOI22_X0P5M_A9TR40)                                    0.139917  0.167995   2.260184 f
  n30 (net)                                     1     0.001375            0.000000   2.260184 f
  U59/A0N (AO1B2_X0P5M_A9TR40)                                  0.139917  0.000024   2.260208 f
  U59/Y (AO1B2_X0P5M_A9TR40)                                    0.100342  0.100951   2.361158 r
  n91 (net)                                     1     0.001574            0.000000   2.361158 r
  det_fine_therm_q_reg[8]/D (DFFSQ_X1M_A9TR40)                  0.100342  0.000027   2.361186 r
  data arrival time                                                                  2.361186

  clock cal_clk (rise edge)                                               2.500000   2.500000
  clock network delay (ideal)                                             0.000000   2.500000
  clock uncertainty                                                       -0.050000  2.450000
  det_fine_therm_q_reg[8]/CK (DFFSQ_X1M_A9TR40)                           0.000000   2.450000 r
  library setup time                                                      -0.070604  2.379396
  data required time                                                                 2.379396
  ----------------------------------------------------------------------------------------------
  data required time                                                                 2.379396
  data arrival time                                                                  -2.361186
  ----------------------------------------------------------------------------------------------
  slack (MET)                                                                        0.018211


  Startpoint: state_q_reg[2]
              (rising edge-triggered flip-flop clocked by cal_clk)
  Endpoint: det_fine_therm_q_reg[7]
            (rising edge-triggered flip-flop clocked by cal_clk)
  Path Group: cal_clk
  Path Type: max

  Des/Clust/Port     Wire Load Model       Library
  ------------------------------------------------
  ftc_detection_margin_manager
                     Small                 sc9mc_logic0040ll_base_rvt_c40_ss_typical_max_0p99v_125c

  Point                                       Fanout       Cap     Trans      Incr       Path
  ----------------------------------------------------------------------------------------------
  clock cal_clk (rise edge)                                               0.000000   0.000000
  clock network delay (ideal)                                             0.000000   0.000000
  state_q_reg[2]/CK (DFFRPQ_X1M_A9TR40)                         0.050000  0.000000   0.000000 r
  state_q_reg[2]/Q (DFFRPQ_X1M_A9TR40) <-                       0.086762  0.302334   0.302334 f
  state_q[2] (net)                              5     0.006072            0.000000   0.302334 f
  U134/A (INV_X0P5B_A9TR40)                                     0.086762  0.000015   0.302348 f
  U134/Y (INV_X0P5B_A9TR40)                                     0.158167  0.119887   0.422236 r
  n50 (net)                                     3     0.003803            0.000000   0.422236 r
  U133/B (NAND2_X0P5A_A9TR40)                                   0.158167  0.000016   0.422252 r
  U133/Y (NAND2_X0P5A_A9TR40)                                   0.212014  0.192980   0.615232 f
  n37 (net)                                     4     0.004940            0.000000   0.615232 f
  U197/A (NOR3_X1A_A9TR40)                                      0.212014  0.000017   0.615248 f
  U197/Y (NOR3_X1A_A9TR40)                                      0.212610  0.183355   0.798603 r
  det_takeover_ready_o (net)                    2     0.002004            0.000000   0.798603 r
  U198/BN (NOR4BB_X0P7M_A9TR40)                                 0.212610  0.000018   0.798621 r
  U198/Y (NOR4BB_X0P7M_A9TR40)                                  0.199200  0.247360   1.045981 r
  n4 (net)                                      1     0.001602            0.000000   1.045981 r
  U141/A (BUFH_X1M_A9TR40)                                      0.199200  0.000028   1.046009 r
  U141/Y (BUFH_X1M_A9TR40)                                      0.077797  0.138841   1.184850 r
  n166 (net)                                    2     0.002828            0.000000   1.184850 r
  U188/A (BUF_X2M_A9TR40)                                       0.077797  0.000020   1.184870 r
  U188/Y (BUF_X2M_A9TR40)                                       0.196430  0.171294   1.356164 r
  n164 (net)                                   16     0.018413            0.000000   1.356164 r
  U192/B0 (AOI2XB1_X1M_A9TR40)                                  0.196430  0.000015   1.356179 r
  U192/Y (AOI2XB1_X1M_A9TR40)                                   0.089231  0.104741   1.460920 f
  n1 (net)                                      1     0.001588            0.000000   1.460920 f
  U178/A (BUFH_X1M_A9TR40)                                      0.089231  0.000027   1.460947 f
  U178/Y (BUFH_X1M_A9TR40)                                      0.050187  0.101437   1.562385 f
  n172 (net)                                    2     0.002795            0.000000   1.562385 f
  U189/A (BUF_X2M_A9TR40)                                       0.050187  0.000020   1.562405 f
  U189/Y (BUF_X2M_A9TR40)                                       0.119513  0.144880   1.707285 f
  n170 (net)                                   16     0.018010            0.000000   1.707285 f
  U183/A (NOR2_X1A_A9TR40)                                      0.119513  0.000015   1.707299 f
  U183/Y (NOR2_X1A_A9TR40)                                      0.117579  0.105643   1.812942 r
  n3 (net)                                      1     0.001602            0.000000   1.812942 r
  U165/A (BUFH_X1M_A9TR40)                                      0.117579  0.000028   1.812970 r
  U165/Y (BUFH_X1M_A9TR40)                                      0.076291  0.112430   1.925400 r
  n169 (net)                                    2     0.002828            0.000000   1.925400 r
  U180/A (BUF_X2M_A9TR40)                                       0.076291  0.000020   1.925420 r
  U180/Y (BUF_X2M_A9TR40)                                       0.188724  0.166756   2.092176 r
  n167 (net)                                   16     0.017637            0.000000   2.092176 r
  U57/A1 (AOI22_X0P5M_A9TR40)                                   0.188724  0.000013   2.092189 r
  U57/Y (AOI22_X0P5M_A9TR40)                                    0.139917  0.167995   2.260184 f
  n29 (net)                                     1     0.001375            0.000000   2.260184 f
  U56/A0N (AO1B2_X0P5M_A9TR40)                                  0.139917  0.000024   2.260208 f
  U56/Y (AO1B2_X0P5M_A9TR40)                                    0.100342  0.100951   2.361158 r
  n89 (net)                                     1     0.001574            0.000000   2.361158 r
  det_fine_therm_q_reg[7]/D (DFFSQ_X1M_A9TR40)                  0.100342  0.000027   2.361186 r
  data arrival time                                                                  2.361186

  clock cal_clk (rise edge)                                               2.500000   2.500000
  clock network delay (ideal)                                             0.000000   2.500000
  clock uncertainty                                                       -0.050000  2.450000
  det_fine_therm_q_reg[7]/CK (DFFSQ_X1M_A9TR40)                           0.000000   2.450000 r
  library setup time                                                      -0.070604  2.379396
  data required time                                                                 2.379396
  ----------------------------------------------------------------------------------------------
  data required time                                                                 2.379396
  data arrival time                                                                  -2.361186
  ----------------------------------------------------------------------------------------------
  slack (MET)                                                                        0.018211


  Startpoint: state_q_reg[2]
              (rising edge-triggered flip-flop clocked by cal_clk)
  Endpoint: det_fine_therm_q_reg[6]
            (rising edge-triggered flip-flop clocked by cal_clk)
  Path Group: cal_clk
  Path Type: max

  Des/Clust/Port     Wire Load Model       Library
  ------------------------------------------------
  ftc_detection_margin_manager
                     Small                 sc9mc_logic0040ll_base_rvt_c40_ss_typical_max_0p99v_125c

  Point                                       Fanout       Cap     Trans      Incr       Path
  ----------------------------------------------------------------------------------------------
  clock cal_clk (rise edge)                                               0.000000   0.000000
  clock network delay (ideal)                                             0.000000   0.000000
  state_q_reg[2]/CK (DFFRPQ_X1M_A9TR40)                         0.050000  0.000000   0.000000 r
  state_q_reg[2]/Q (DFFRPQ_X1M_A9TR40) <-                       0.086762  0.302334   0.302334 f
  state_q[2] (net)                              5     0.006072            0.000000   0.302334 f
  U134/A (INV_X0P5B_A9TR40)                                     0.086762  0.000015   0.302348 f
  U134/Y (INV_X0P5B_A9TR40)                                     0.158167  0.119887   0.422236 r
  n50 (net)                                     3     0.003803            0.000000   0.422236 r
  U133/B (NAND2_X0P5A_A9TR40)                                   0.158167  0.000016   0.422252 r
  U133/Y (NAND2_X0P5A_A9TR40)                                   0.212014  0.192980   0.615232 f
  n37 (net)                                     4     0.004940            0.000000   0.615232 f
  U197/A (NOR3_X1A_A9TR40)                                      0.212014  0.000017   0.615248 f
  U197/Y (NOR3_X1A_A9TR40)                                      0.212610  0.183355   0.798603 r
  det_takeover_ready_o (net)                    2     0.002004            0.000000   0.798603 r
  U198/BN (NOR4BB_X0P7M_A9TR40)                                 0.212610  0.000018   0.798621 r
  U198/Y (NOR4BB_X0P7M_A9TR40)                                  0.199200  0.247360   1.045981 r
  n4 (net)                                      1     0.001602            0.000000   1.045981 r
  U141/A (BUFH_X1M_A9TR40)                                      0.199200  0.000028   1.046009 r
  U141/Y (BUFH_X1M_A9TR40)                                      0.077797  0.138841   1.184850 r
  n166 (net)                                    2     0.002828            0.000000   1.184850 r
  U188/A (BUF_X2M_A9TR40)                                       0.077797  0.000020   1.184870 r
  U188/Y (BUF_X2M_A9TR40)                                       0.196430  0.171294   1.356164 r
  n164 (net)                                   16     0.018413            0.000000   1.356164 r
  U192/B0 (AOI2XB1_X1M_A9TR40)                                  0.196430  0.000015   1.356179 r
  U192/Y (AOI2XB1_X1M_A9TR40)                                   0.089231  0.104741   1.460920 f
  n1 (net)                                      1     0.001588            0.000000   1.460920 f
  U178/A (BUFH_X1M_A9TR40)                                      0.089231  0.000027   1.460947 f
  U178/Y (BUFH_X1M_A9TR40)                                      0.050187  0.101437   1.562385 f
  n172 (net)                                    2     0.002795            0.000000   1.562385 f
  U189/A (BUF_X2M_A9TR40)                                       0.050187  0.000020   1.562405 f
  U189/Y (BUF_X2M_A9TR40)                                       0.119513  0.144880   1.707285 f
  n170 (net)                                   16     0.018010            0.000000   1.707285 f
  U183/A (NOR2_X1A_A9TR40)                                      0.119513  0.000015   1.707299 f
  U183/Y (NOR2_X1A_A9TR40)                                      0.117579  0.105643   1.812942 r
  n3 (net)                                      1     0.001602            0.000000   1.812942 r
  U165/A (BUFH_X1M_A9TR40)                                      0.117579  0.000028   1.812970 r
  U165/Y (BUFH_X1M_A9TR40)                                      0.076291  0.112430   1.925400 r
  n169 (net)                                    2     0.002828            0.000000   1.925400 r
  U180/A (BUF_X2M_A9TR40)                                       0.076291  0.000020   1.925420 r
  U180/Y (BUF_X2M_A9TR40)                                       0.188724  0.166756   2.092176 r
  n167 (net)                                   16     0.017637            0.000000   2.092176 r
  U54/A1 (AOI22_X0P5M_A9TR40)                                   0.188724  0.000013   2.092189 r
  U54/Y (AOI22_X0P5M_A9TR40)                                    0.139917  0.167995   2.260184 f
  n28 (net)                                     1     0.001375            0.000000   2.260184 f
  U53/A0N (AO1B2_X0P5M_A9TR40)                                  0.139917  0.000024   2.260208 f
  U53/Y (AO1B2_X0P5M_A9TR40)                                    0.100342  0.100951   2.361158 r
  n87 (net)                                     1     0.001574            0.000000   2.361158 r
  det_fine_therm_q_reg[6]/D (DFFSQ_X1M_A9TR40)                  0.100342  0.000027   2.361186 r
  data arrival time                                                                  2.361186

  clock cal_clk (rise edge)                                               2.500000   2.500000
  clock network delay (ideal)                                             0.000000   2.500000
  clock uncertainty                                                       -0.050000  2.450000
  det_fine_therm_q_reg[6]/CK (DFFSQ_X1M_A9TR40)                           0.000000   2.450000 r
  library setup time                                                      -0.070604  2.379396
  data required time                                                                 2.379396
  ----------------------------------------------------------------------------------------------
  data required time                                                                 2.379396
  data arrival time                                                                  -2.361186
  ----------------------------------------------------------------------------------------------
  slack (MET)                                                                        0.018211


  Startpoint: state_q_reg[2]
              (rising edge-triggered flip-flop clocked by cal_clk)
  Endpoint: det_fine_therm_q_reg[5]
            (rising edge-triggered flip-flop clocked by cal_clk)
  Path Group: cal_clk
  Path Type: max

  Des/Clust/Port     Wire Load Model       Library
  ------------------------------------------------
  ftc_detection_margin_manager
                     Small                 sc9mc_logic0040ll_base_rvt_c40_ss_typical_max_0p99v_125c

  Point                                       Fanout       Cap     Trans      Incr       Path
  ----------------------------------------------------------------------------------------------
  clock cal_clk (rise edge)                                               0.000000   0.000000
  clock network delay (ideal)                                             0.000000   0.000000
  state_q_reg[2]/CK (DFFRPQ_X1M_A9TR40)                         0.050000  0.000000   0.000000 r
  state_q_reg[2]/Q (DFFRPQ_X1M_A9TR40) <-                       0.086762  0.302334   0.302334 f
  state_q[2] (net)                              5     0.006072            0.000000   0.302334 f
  U134/A (INV_X0P5B_A9TR40)                                     0.086762  0.000015   0.302348 f
  U134/Y (INV_X0P5B_A9TR40)                                     0.158167  0.119887   0.422236 r
  n50 (net)                                     3     0.003803            0.000000   0.422236 r
  U133/B (NAND2_X0P5A_A9TR40)                                   0.158167  0.000016   0.422252 r
  U133/Y (NAND2_X0P5A_A9TR40)                                   0.212014  0.192980   0.615232 f
  n37 (net)                                     4     0.004940            0.000000   0.615232 f
  U197/A (NOR3_X1A_A9TR40)                                      0.212014  0.000017   0.615248 f
  U197/Y (NOR3_X1A_A9TR40)                                      0.212610  0.183355   0.798603 r
  det_takeover_ready_o (net)                    2     0.002004            0.000000   0.798603 r
  U198/BN (NOR4BB_X0P7M_A9TR40)                                 0.212610  0.000018   0.798621 r
  U198/Y (NOR4BB_X0P7M_A9TR40)                                  0.199200  0.247360   1.045981 r
  n4 (net)                                      1     0.001602            0.000000   1.045981 r
  U141/A (BUFH_X1M_A9TR40)                                      0.199200  0.000028   1.046009 r
  U141/Y (BUFH_X1M_A9TR40)                                      0.077797  0.138841   1.184850 r
  n166 (net)                                    2     0.002828            0.000000   1.184850 r
  U188/A (BUF_X2M_A9TR40)                                       0.077797  0.000020   1.184870 r
  U188/Y (BUF_X2M_A9TR40)                                       0.196430  0.171294   1.356164 r
  n164 (net)                                   16     0.018413            0.000000   1.356164 r
  U192/B0 (AOI2XB1_X1M_A9TR40)                                  0.196430  0.000015   1.356179 r
  U192/Y (AOI2XB1_X1M_A9TR40)                                   0.089231  0.104741   1.460920 f
  n1 (net)                                      1     0.001588            0.000000   1.460920 f
  U178/A (BUFH_X1M_A9TR40)                                      0.089231  0.000027   1.460947 f
  U178/Y (BUFH_X1M_A9TR40)                                      0.050187  0.101437   1.562385 f
  n172 (net)                                    2     0.002795            0.000000   1.562385 f
  U189/A (BUF_X2M_A9TR40)                                       0.050187  0.000020   1.562405 f
  U189/Y (BUF_X2M_A9TR40)                                       0.119513  0.144880   1.707285 f
  n170 (net)                                   16     0.018010            0.000000   1.707285 f
  U183/A (NOR2_X1A_A9TR40)                                      0.119513  0.000015   1.707299 f
  U183/Y (NOR2_X1A_A9TR40)                                      0.117579  0.105643   1.812942 r
  n3 (net)                                      1     0.001602            0.000000   1.812942 r
  U165/A (BUFH_X1M_A9TR40)                                      0.117579  0.000028   1.812970 r
  U165/Y (BUFH_X1M_A9TR40)                                      0.076291  0.112430   1.925400 r
  n169 (net)                                    2     0.002828            0.000000   1.925400 r
  U180/A (BUF_X2M_A9TR40)                                       0.076291  0.000020   1.925420 r
  U180/Y (BUF_X2M_A9TR40)                                       0.188724  0.166756   2.092176 r
  n167 (net)                                   16     0.017637            0.000000   2.092176 r
  U51/A1 (AOI22_X0P5M_A9TR40)                                   0.188724  0.000013   2.092189 r
  U51/Y (AOI22_X0P5M_A9TR40)                                    0.139917  0.167995   2.260184 f
  n27 (net)                                     1     0.001375            0.000000   2.260184 f
  U50/A0N (AO1B2_X0P5M_A9TR40)                                  0.139917  0.000024   2.260208 f
  U50/Y (AO1B2_X0P5M_A9TR40)                                    0.100342  0.100951   2.361158 r
  n85 (net)                                     1     0.001574            0.000000   2.361158 r
  det_fine_therm_q_reg[5]/D (DFFSQ_X1M_A9TR40)                  0.100342  0.000027   2.361186 r
  data arrival time                                                                  2.361186

  clock cal_clk (rise edge)                                               2.500000   2.500000
  clock network delay (ideal)                                             0.000000   2.500000
  clock uncertainty                                                       -0.050000  2.450000
  det_fine_therm_q_reg[5]/CK (DFFSQ_X1M_A9TR40)                           0.000000   2.450000 r
  library setup time                                                      -0.070604  2.379396
  data required time                                                                 2.379396
  ----------------------------------------------------------------------------------------------
  data required time                                                                 2.379396
  data arrival time                                                                  -2.361186
  ----------------------------------------------------------------------------------------------
  slack (MET)                                                                        0.018211


  Startpoint: state_q_reg[2]
              (rising edge-triggered flip-flop clocked by cal_clk)
  Endpoint: det_fine_therm_q_reg[4]
            (rising edge-triggered flip-flop clocked by cal_clk)
  Path Group: cal_clk
  Path Type: max

  Des/Clust/Port     Wire Load Model       Library
  ------------------------------------------------
  ftc_detection_margin_manager
                     Small                 sc9mc_logic0040ll_base_rvt_c40_ss_typical_max_0p99v_125c

  Point                                       Fanout       Cap     Trans      Incr       Path
  ----------------------------------------------------------------------------------------------
  clock cal_clk (rise edge)                                               0.000000   0.000000
  clock network delay (ideal)                                             0.000000   0.000000
  state_q_reg[2]/CK (DFFRPQ_X1M_A9TR40)                         0.050000  0.000000   0.000000 r
  state_q_reg[2]/Q (DFFRPQ_X1M_A9TR40) <-                       0.086762  0.302334   0.302334 f
  state_q[2] (net)                              5     0.006072            0.000000   0.302334 f
  U134/A (INV_X0P5B_A9TR40)                                     0.086762  0.000015   0.302348 f
  U134/Y (INV_X0P5B_A9TR40)                                     0.158167  0.119887   0.422236 r
  n50 (net)                                     3     0.003803            0.000000   0.422236 r
  U133/B (NAND2_X0P5A_A9TR40)                                   0.158167  0.000016   0.422252 r
  U133/Y (NAND2_X0P5A_A9TR40)                                   0.212014  0.192980   0.615232 f
  n37 (net)                                     4     0.004940            0.000000   0.615232 f
  U197/A (NOR3_X1A_A9TR40)                                      0.212014  0.000017   0.615248 f
  U197/Y (NOR3_X1A_A9TR40)                                      0.212610  0.183355   0.798603 r
  det_takeover_ready_o (net)                    2     0.002004            0.000000   0.798603 r
  U198/BN (NOR4BB_X0P7M_A9TR40)                                 0.212610  0.000018   0.798621 r
  U198/Y (NOR4BB_X0P7M_A9TR40)                                  0.199200  0.247360   1.045981 r
  n4 (net)                                      1     0.001602            0.000000   1.045981 r
  U141/A (BUFH_X1M_A9TR40)                                      0.199200  0.000028   1.046009 r
  U141/Y (BUFH_X1M_A9TR40)                                      0.077797  0.138841   1.184850 r
  n166 (net)                                    2     0.002828            0.000000   1.184850 r
  U188/A (BUF_X2M_A9TR40)                                       0.077797  0.000020   1.184870 r
  U188/Y (BUF_X2M_A9TR40)                                       0.196430  0.171294   1.356164 r
  n164 (net)                                   16     0.018413            0.000000   1.356164 r
  U192/B0 (AOI2XB1_X1M_A9TR40)                                  0.196430  0.000015   1.356179 r
  U192/Y (AOI2XB1_X1M_A9TR40)                                   0.089231  0.104741   1.460920 f
  n1 (net)                                      1     0.001588            0.000000   1.460920 f
  U178/A (BUFH_X1M_A9TR40)                                      0.089231  0.000027   1.460947 f
  U178/Y (BUFH_X1M_A9TR40)                                      0.050187  0.101437   1.562385 f
  n172 (net)                                    2     0.002795            0.000000   1.562385 f
  U189/A (BUF_X2M_A9TR40)                                       0.050187  0.000020   1.562405 f
  U189/Y (BUF_X2M_A9TR40)                                       0.119513  0.144880   1.707285 f
  n170 (net)                                   16     0.018010            0.000000   1.707285 f
  U183/A (NOR2_X1A_A9TR40)                                      0.119513  0.000015   1.707299 f
  U183/Y (NOR2_X1A_A9TR40)                                      0.117579  0.105643   1.812942 r
  n3 (net)                                      1     0.001602            0.000000   1.812942 r
  U165/A (BUFH_X1M_A9TR40)                                      0.117579  0.000028   1.812970 r
  U165/Y (BUFH_X1M_A9TR40)                                      0.076291  0.112430   1.925400 r
  n169 (net)                                    2     0.002828            0.000000   1.925400 r
  U180/A (BUF_X2M_A9TR40)                                       0.076291  0.000020   1.925420 r
  U180/Y (BUF_X2M_A9TR40)                                       0.188724  0.166756   2.092176 r
  n167 (net)                                   16     0.017637            0.000000   2.092176 r
  U48/A1 (AOI22_X0P5M_A9TR40)                                   0.188724  0.000013   2.092189 r
  U48/Y (AOI22_X0P5M_A9TR40)                                    0.139917  0.167995   2.260184 f
  n26 (net)                                     1     0.001375            0.000000   2.260184 f
  U47/A0N (AO1B2_X0P5M_A9TR40)                                  0.139917  0.000024   2.260208 f
  U47/Y (AO1B2_X0P5M_A9TR40)                                    0.100342  0.100951   2.361158 r
  n83 (net)                                     1     0.001574            0.000000   2.361158 r
  det_fine_therm_q_reg[4]/D (DFFSQ_X1M_A9TR40)                  0.100342  0.000027   2.361186 r
  data arrival time                                                                  2.361186

  clock cal_clk (rise edge)                                               2.500000   2.500000
  clock network delay (ideal)                                             0.000000   2.500000
  clock uncertainty                                                       -0.050000  2.450000
  det_fine_therm_q_reg[4]/CK (DFFSQ_X1M_A9TR40)                           0.000000   2.450000 r
  library setup time                                                      -0.070604  2.379396
  data required time                                                                 2.379396
  ----------------------------------------------------------------------------------------------
  data required time                                                                 2.379396
  data arrival time                                                                  -2.361186
  ----------------------------------------------------------------------------------------------
  slack (MET)                                                                        0.018211


  Startpoint: state_q_reg[2]
              (rising edge-triggered flip-flop clocked by cal_clk)
  Endpoint: det_fine_therm_q_reg[3]
            (rising edge-triggered flip-flop clocked by cal_clk)
  Path Group: cal_clk
  Path Type: max

  Des/Clust/Port     Wire Load Model       Library
  ------------------------------------------------
  ftc_detection_margin_manager
                     Small                 sc9mc_logic0040ll_base_rvt_c40_ss_typical_max_0p99v_125c

  Point                                       Fanout       Cap     Trans      Incr       Path
  ----------------------------------------------------------------------------------------------
  clock cal_clk (rise edge)                                               0.000000   0.000000
  clock network delay (ideal)                                             0.000000   0.000000
  state_q_reg[2]/CK (DFFRPQ_X1M_A9TR40)                         0.050000  0.000000   0.000000 r
  state_q_reg[2]/Q (DFFRPQ_X1M_A9TR40) <-                       0.086762  0.302334   0.302334 f
  state_q[2] (net)                              5     0.006072            0.000000   0.302334 f
  U134/A (INV_X0P5B_A9TR40)                                     0.086762  0.000015   0.302348 f
  U134/Y (INV_X0P5B_A9TR40)                                     0.158167  0.119887   0.422236 r
  n50 (net)                                     3     0.003803            0.000000   0.422236 r
  U133/B (NAND2_X0P5A_A9TR40)                                   0.158167  0.000016   0.422252 r
  U133/Y (NAND2_X0P5A_A9TR40)                                   0.212014  0.192980   0.615232 f
  n37 (net)                                     4     0.004940            0.000000   0.615232 f
  U197/A (NOR3_X1A_A9TR40)                                      0.212014  0.000017   0.615248 f
  U197/Y (NOR3_X1A_A9TR40)                                      0.212610  0.183355   0.798603 r
  det_takeover_ready_o (net)                    2     0.002004            0.000000   0.798603 r
  U198/BN (NOR4BB_X0P7M_A9TR40)                                 0.212610  0.000018   0.798621 r
  U198/Y (NOR4BB_X0P7M_A9TR40)                                  0.199200  0.247360   1.045981 r
  n4 (net)                                      1     0.001602            0.000000   1.045981 r
  U141/A (BUFH_X1M_A9TR40)                                      0.199200  0.000028   1.046009 r
  U141/Y (BUFH_X1M_A9TR40)                                      0.077797  0.138841   1.184850 r
  n166 (net)                                    2     0.002828            0.000000   1.184850 r
  U188/A (BUF_X2M_A9TR40)                                       0.077797  0.000020   1.184870 r
  U188/Y (BUF_X2M_A9TR40)                                       0.196430  0.171294   1.356164 r
  n164 (net)                                   16     0.018413            0.000000   1.356164 r
  U192/B0 (AOI2XB1_X1M_A9TR40)                                  0.196430  0.000015   1.356179 r
  U192/Y (AOI2XB1_X1M_A9TR40)                                   0.089231  0.104741   1.460920 f
  n1 (net)                                      1     0.001588            0.000000   1.460920 f
  U178/A (BUFH_X1M_A9TR40)                                      0.089231  0.000027   1.460947 f
  U178/Y (BUFH_X1M_A9TR40)                                      0.050187  0.101437   1.562385 f
  n172 (net)                                    2     0.002795            0.000000   1.562385 f
  U189/A (BUF_X2M_A9TR40)                                       0.050187  0.000020   1.562405 f
  U189/Y (BUF_X2M_A9TR40)                                       0.119513  0.144880   1.707285 f
  n170 (net)                                   16     0.018010            0.000000   1.707285 f
  U183/A (NOR2_X1A_A9TR40)                                      0.119513  0.000015   1.707299 f
  U183/Y (NOR2_X1A_A9TR40)                                      0.117579  0.105643   1.812942 r
  n3 (net)                                      1     0.001602            0.000000   1.812942 r
  U165/A (BUFH_X1M_A9TR40)                                      0.117579  0.000028   1.812970 r
  U165/Y (BUFH_X1M_A9TR40)                                      0.076291  0.112430   1.925400 r
  n169 (net)                                    2     0.002828            0.000000   1.925400 r
  U180/A (BUF_X2M_A9TR40)                                       0.076291  0.000020   1.925420 r
  U180/Y (BUF_X2M_A9TR40)                                       0.188724  0.166756   2.092176 r
  n167 (net)                                   16     0.017637            0.000000   2.092176 r
  U45/A1 (AOI22_X0P5M_A9TR40)                                   0.188724  0.000013   2.092189 r
  U45/Y (AOI22_X0P5M_A9TR40)                                    0.139917  0.167995   2.260184 f
  n25 (net)                                     1     0.001375            0.000000   2.260184 f
  U44/A0N (AO1B2_X0P5M_A9TR40)                                  0.139917  0.000024   2.260208 f
  U44/Y (AO1B2_X0P5M_A9TR40)                                    0.100342  0.100951   2.361158 r
  n81 (net)                                     1     0.001574            0.000000   2.361158 r
  det_fine_therm_q_reg[3]/D (DFFSQ_X1M_A9TR40)                  0.100342  0.000027   2.361186 r
  data arrival time                                                                  2.361186

  clock cal_clk (rise edge)                                               2.500000   2.500000
  clock network delay (ideal)                                             0.000000   2.500000
  clock uncertainty                                                       -0.050000  2.450000
  det_fine_therm_q_reg[3]/CK (DFFSQ_X1M_A9TR40)                           0.000000   2.450000 r
  library setup time                                                      -0.070604  2.379396
  data required time                                                                 2.379396
  ----------------------------------------------------------------------------------------------
  data required time                                                                 2.379396
  data arrival time                                                                  -2.361186
  ----------------------------------------------------------------------------------------------
  slack (MET)                                                                        0.018211


  Startpoint: state_q_reg[2]
              (rising edge-triggered flip-flop clocked by cal_clk)
  Endpoint: det_fine_therm_q_reg[2]
            (rising edge-triggered flip-flop clocked by cal_clk)
  Path Group: cal_clk
  Path Type: max

  Des/Clust/Port     Wire Load Model       Library
  ------------------------------------------------
  ftc_detection_margin_manager
                     Small                 sc9mc_logic0040ll_base_rvt_c40_ss_typical_max_0p99v_125c

  Point                                       Fanout       Cap     Trans      Incr       Path
  ----------------------------------------------------------------------------------------------
  clock cal_clk (rise edge)                                               0.000000   0.000000
  clock network delay (ideal)                                             0.000000   0.000000
  state_q_reg[2]/CK (DFFRPQ_X1M_A9TR40)                         0.050000  0.000000   0.000000 r
  state_q_reg[2]/Q (DFFRPQ_X1M_A9TR40) <-                       0.086762  0.302334   0.302334 f
  state_q[2] (net)                              5     0.006072            0.000000   0.302334 f
  U134/A (INV_X0P5B_A9TR40)                                     0.086762  0.000015   0.302348 f
  U134/Y (INV_X0P5B_A9TR40)                                     0.158167  0.119887   0.422236 r
  n50 (net)                                     3     0.003803            0.000000   0.422236 r
  U133/B (NAND2_X0P5A_A9TR40)                                   0.158167  0.000016   0.422252 r
  U133/Y (NAND2_X0P5A_A9TR40)                                   0.212014  0.192980   0.615232 f
  n37 (net)                                     4     0.004940            0.000000   0.615232 f
  U197/A (NOR3_X1A_A9TR40)                                      0.212014  0.000017   0.615248 f
  U197/Y (NOR3_X1A_A9TR40)                                      0.212610  0.183355   0.798603 r
  det_takeover_ready_o (net)                    2     0.002004            0.000000   0.798603 r
  U198/BN (NOR4BB_X0P7M_A9TR40)                                 0.212610  0.000018   0.798621 r
  U198/Y (NOR4BB_X0P7M_A9TR40)                                  0.199200  0.247360   1.045981 r
  n4 (net)                                      1     0.001602            0.000000   1.045981 r
  U141/A (BUFH_X1M_A9TR40)                                      0.199200  0.000028   1.046009 r
  U141/Y (BUFH_X1M_A9TR40)                                      0.077797  0.138841   1.184850 r
  n166 (net)                                    2     0.002828            0.000000   1.184850 r
  U188/A (BUF_X2M_A9TR40)                                       0.077797  0.000020   1.184870 r
  U188/Y (BUF_X2M_A9TR40)                                       0.196430  0.171294   1.356164 r
  n164 (net)                                   16     0.018413            0.000000   1.356164 r
  U192/B0 (AOI2XB1_X1M_A9TR40)                                  0.196430  0.000015   1.356179 r
  U192/Y (AOI2XB1_X1M_A9TR40)                                   0.089231  0.104741   1.460920 f
  n1 (net)                                      1     0.001588            0.000000   1.460920 f
  U178/A (BUFH_X1M_A9TR40)                                      0.089231  0.000027   1.460947 f
  U178/Y (BUFH_X1M_A9TR40)                                      0.050187  0.101437   1.562385 f
  n172 (net)                                    2     0.002795            0.000000   1.562385 f
  U189/A (BUF_X2M_A9TR40)                                       0.050187  0.000020   1.562405 f
  U189/Y (BUF_X2M_A9TR40)                                       0.119513  0.144880   1.707285 f
  n170 (net)                                   16     0.018010            0.000000   1.707285 f
  U183/A (NOR2_X1A_A9TR40)                                      0.119513  0.000015   1.707299 f
  U183/Y (NOR2_X1A_A9TR40)                                      0.117579  0.105643   1.812942 r
  n3 (net)                                      1     0.001602            0.000000   1.812942 r
  U165/A (BUFH_X1M_A9TR40)                                      0.117579  0.000028   1.812970 r
  U165/Y (BUFH_X1M_A9TR40)                                      0.076291  0.112430   1.925400 r
  n169 (net)                                    2     0.002828            0.000000   1.925400 r
  U180/A (BUF_X2M_A9TR40)                                       0.076291  0.000020   1.925420 r
  U180/Y (BUF_X2M_A9TR40)                                       0.188724  0.166756   2.092176 r
  n167 (net)                                   16     0.017637            0.000000   2.092176 r
  U42/A1 (AOI22_X0P5M_A9TR40)                                   0.188724  0.000013   2.092189 r
  U42/Y (AOI22_X0P5M_A9TR40)                                    0.139917  0.167995   2.260184 f
  n24 (net)                                     1     0.001375            0.000000   2.260184 f
  U41/A0N (AO1B2_X0P5M_A9TR40)                                  0.139917  0.000024   2.260208 f
  U41/Y (AO1B2_X0P5M_A9TR40)                                    0.100342  0.100951   2.361158 r
  n79 (net)                                     1     0.001574            0.000000   2.361158 r
  det_fine_therm_q_reg[2]/D (DFFSQ_X1M_A9TR40)                  0.100342  0.000027   2.361186 r
  data arrival time                                                                  2.361186

  clock cal_clk (rise edge)                                               2.500000   2.500000
  clock network delay (ideal)                                             0.000000   2.500000
  clock uncertainty                                                       -0.050000  2.450000
  det_fine_therm_q_reg[2]/CK (DFFSQ_X1M_A9TR40)                           0.000000   2.450000 r
  library setup time                                                      -0.070604  2.379396
  data required time                                                                 2.379396
  ----------------------------------------------------------------------------------------------
  data required time                                                                 2.379396
  data arrival time                                                                  -2.361186
  ----------------------------------------------------------------------------------------------
  slack (MET)                                                                        0.018211


  Startpoint: state_q_reg[2]
              (rising edge-triggered flip-flop clocked by cal_clk)
  Endpoint: det_fine_therm_q_reg[1]
            (rising edge-triggered flip-flop clocked by cal_clk)
  Path Group: cal_clk
  Path Type: max

  Des/Clust/Port     Wire Load Model       Library
  ------------------------------------------------
  ftc_detection_margin_manager
                     Small                 sc9mc_logic0040ll_base_rvt_c40_ss_typical_max_0p99v_125c

  Point                                       Fanout       Cap     Trans      Incr       Path
  ----------------------------------------------------------------------------------------------
  clock cal_clk (rise edge)                                               0.000000   0.000000
  clock network delay (ideal)                                             0.000000   0.000000
  state_q_reg[2]/CK (DFFRPQ_X1M_A9TR40)                         0.050000  0.000000   0.000000 r
  state_q_reg[2]/Q (DFFRPQ_X1M_A9TR40) <-                       0.086762  0.302334   0.302334 f
  state_q[2] (net)                              5     0.006072            0.000000   0.302334 f
  U134/A (INV_X0P5B_A9TR40)                                     0.086762  0.000015   0.302348 f
  U134/Y (INV_X0P5B_A9TR40)                                     0.158167  0.119887   0.422236 r
  n50 (net)                                     3     0.003803            0.000000   0.422236 r
  U133/B (NAND2_X0P5A_A9TR40)                                   0.158167  0.000016   0.422252 r
  U133/Y (NAND2_X0P5A_A9TR40)                                   0.212014  0.192980   0.615232 f
  n37 (net)                                     4     0.004940            0.000000   0.615232 f
  U197/A (NOR3_X1A_A9TR40)                                      0.212014  0.000017   0.615248 f
  U197/Y (NOR3_X1A_A9TR40)                                      0.212610  0.183355   0.798603 r
  det_takeover_ready_o (net)                    2     0.002004            0.000000   0.798603 r
  U198/BN (NOR4BB_X0P7M_A9TR40)                                 0.212610  0.000018   0.798621 r
  U198/Y (NOR4BB_X0P7M_A9TR40)                                  0.199200  0.247360   1.045981 r
  n4 (net)                                      1     0.001602            0.000000   1.045981 r
  U141/A (BUFH_X1M_A9TR40)                                      0.199200  0.000028   1.046009 r
  U141/Y (BUFH_X1M_A9TR40)                                      0.077797  0.138841   1.184850 r
  n166 (net)                                    2     0.002828            0.000000   1.184850 r
  U188/A (BUF_X2M_A9TR40)                                       0.077797  0.000020   1.184870 r
  U188/Y (BUF_X2M_A9TR40)                                       0.196430  0.171294   1.356164 r
  n164 (net)                                   16     0.018413            0.000000   1.356164 r
  U192/B0 (AOI2XB1_X1M_A9TR40)                                  0.196430  0.000015   1.356179 r
  U192/Y (AOI2XB1_X1M_A9TR40)                                   0.089231  0.104741   1.460920 f
  n1 (net)                                      1     0.001588            0.000000   1.460920 f
  U178/A (BUFH_X1M_A9TR40)                                      0.089231  0.000027   1.460947 f
  U178/Y (BUFH_X1M_A9TR40)                                      0.050187  0.101437   1.562385 f
  n172 (net)                                    2     0.002795            0.000000   1.562385 f
  U189/A (BUF_X2M_A9TR40)                                       0.050187  0.000020   1.562405 f
  U189/Y (BUF_X2M_A9TR40)                                       0.119513  0.144880   1.707285 f
  n170 (net)                                   16     0.018010            0.000000   1.707285 f
  U183/A (NOR2_X1A_A9TR40)                                      0.119513  0.000015   1.707299 f
  U183/Y (NOR2_X1A_A9TR40)                                      0.117579  0.105643   1.812942 r
  n3 (net)                                      1     0.001602            0.000000   1.812942 r
  U165/A (BUFH_X1M_A9TR40)                                      0.117579  0.000028   1.812970 r
  U165/Y (BUFH_X1M_A9TR40)                                      0.076291  0.112430   1.925400 r
  n169 (net)                                    2     0.002828            0.000000   1.925400 r
  U180/A (BUF_X2M_A9TR40)                                       0.076291  0.000020   1.925420 r
  U180/Y (BUF_X2M_A9TR40)                                       0.188724  0.166756   2.092176 r
  n167 (net)                                   16     0.017637            0.000000   2.092176 r
  U39/A1 (AOI22_X0P5M_A9TR40)                                   0.188724  0.000013   2.092189 r
  U39/Y (AOI22_X0P5M_A9TR40)                                    0.139917  0.167995   2.260184 f
  n23 (net)                                     1     0.001375            0.000000   2.260184 f
  U38/A0N (AO1B2_X0P5M_A9TR40)                                  0.139917  0.000024   2.260208 f
  U38/Y (AO1B2_X0P5M_A9TR40)                                    0.100342  0.100951   2.361158 r
  n77 (net)                                     1     0.001574            0.000000   2.361158 r
  det_fine_therm_q_reg[1]/D (DFFSQ_X1M_A9TR40)                  0.100342  0.000027   2.361186 r
  data arrival time                                                                  2.361186

  clock cal_clk (rise edge)                                               2.500000   2.500000
  clock network delay (ideal)                                             0.000000   2.500000
  clock uncertainty                                                       -0.050000  2.450000
  det_fine_therm_q_reg[1]/CK (DFFSQ_X1M_A9TR40)                           0.000000   2.450000 r
  library setup time                                                      -0.070604  2.379396
  data required time                                                                 2.379396
  ----------------------------------------------------------------------------------------------
  data required time                                                                 2.379396
  data arrival time                                                                  -2.361186
  ----------------------------------------------------------------------------------------------
  slack (MET)                                                                        0.018211


  Startpoint: state_q_reg[2]
              (rising edge-triggered flip-flop clocked by cal_clk)
  Endpoint: det_fine_therm_q_reg[0]
            (rising edge-triggered flip-flop clocked by cal_clk)
  Path Group: cal_clk
  Path Type: max

  Des/Clust/Port     Wire Load Model       Library
  ------------------------------------------------
  ftc_detection_margin_manager
                     Small                 sc9mc_logic0040ll_base_rvt_c40_ss_typical_max_0p99v_125c

  Point                                       Fanout       Cap     Trans      Incr       Path
  ----------------------------------------------------------------------------------------------
  clock cal_clk (rise edge)                                               0.000000   0.000000
  clock network delay (ideal)                                             0.000000   0.000000
  state_q_reg[2]/CK (DFFRPQ_X1M_A9TR40)                         0.050000  0.000000   0.000000 r
  state_q_reg[2]/Q (DFFRPQ_X1M_A9TR40) <-                       0.086762  0.302334   0.302334 f
  state_q[2] (net)                              5     0.006072            0.000000   0.302334 f
  U134/A (INV_X0P5B_A9TR40)                                     0.086762  0.000015   0.302348 f
  U134/Y (INV_X0P5B_A9TR40)                                     0.158167  0.119887   0.422236 r
  n50 (net)                                     3     0.003803            0.000000   0.422236 r
  U133/B (NAND2_X0P5A_A9TR40)                                   0.158167  0.000016   0.422252 r
  U133/Y (NAND2_X0P5A_A9TR40)                                   0.212014  0.192980   0.615232 f
  n37 (net)                                     4     0.004940            0.000000   0.615232 f
  U197/A (NOR3_X1A_A9TR40)                                      0.212014  0.000017   0.615248 f
  U197/Y (NOR3_X1A_A9TR40)                                      0.212610  0.183355   0.798603 r
  det_takeover_ready_o (net)                    2     0.002004            0.000000   0.798603 r
  U198/BN (NOR4BB_X0P7M_A9TR40)                                 0.212610  0.000018   0.798621 r
  U198/Y (NOR4BB_X0P7M_A9TR40)                                  0.199200  0.247360   1.045981 r
  n4 (net)                                      1     0.001602            0.000000   1.045981 r
  U141/A (BUFH_X1M_A9TR40)                                      0.199200  0.000028   1.046009 r
  U141/Y (BUFH_X1M_A9TR40)                                      0.077797  0.138841   1.184850 r
  n166 (net)                                    2     0.002828            0.000000   1.184850 r
  U188/A (BUF_X2M_A9TR40)                                       0.077797  0.000020   1.184870 r
  U188/Y (BUF_X2M_A9TR40)                                       0.196430  0.171294   1.356164 r
  n164 (net)                                   16     0.018413            0.000000   1.356164 r
  U192/B0 (AOI2XB1_X1M_A9TR40)                                  0.196430  0.000015   1.356179 r
  U192/Y (AOI2XB1_X1M_A9TR40)                                   0.089231  0.104741   1.460920 f
  n1 (net)                                      1     0.001588            0.000000   1.460920 f
  U178/A (BUFH_X1M_A9TR40)                                      0.089231  0.000027   1.460947 f
  U178/Y (BUFH_X1M_A9TR40)                                      0.050187  0.101437   1.562385 f
  n172 (net)                                    2     0.002795            0.000000   1.562385 f
  U189/A (BUF_X2M_A9TR40)                                       0.050187  0.000020   1.562405 f
  U189/Y (BUF_X2M_A9TR40)                                       0.119513  0.144880   1.707285 f
  n170 (net)                                   16     0.018010            0.000000   1.707285 f
  U183/A (NOR2_X1A_A9TR40)                                      0.119513  0.000015   1.707299 f
  U183/Y (NOR2_X1A_A9TR40)                                      0.117579  0.105643   1.812942 r
  n3 (net)                                      1     0.001602            0.000000   1.812942 r
  U165/A (BUFH_X1M_A9TR40)                                      0.117579  0.000028   1.812970 r
  U165/Y (BUFH_X1M_A9TR40)                                      0.076291  0.112430   1.925400 r
  n169 (net)                                    2     0.002828            0.000000   1.925400 r
  U180/A (BUF_X2M_A9TR40)                                       0.076291  0.000020   1.925420 r
  U180/Y (BUF_X2M_A9TR40)                                       0.188724  0.166756   2.092176 r
  n167 (net)                                   16     0.017637            0.000000   2.092176 r
  U36/A1 (AOI22_X0P5M_A9TR40)                                   0.188724  0.000013   2.092189 r
  U36/Y (AOI22_X0P5M_A9TR40)                                    0.139917  0.167995   2.260184 f
  n20 (net)                                     1     0.001375            0.000000   2.260184 f
  U35/A0N (AO1B2_X0P5M_A9TR40)                                  0.139917  0.000024   2.260208 f
  U35/Y (AO1B2_X0P5M_A9TR40)                                    0.100342  0.100951   2.361158 r
  n75 (net)                                     1     0.001574            0.000000   2.361158 r
  det_fine_therm_q_reg[0]/D (DFFSQ_X1M_A9TR40)                  0.100342  0.000027   2.361186 r
  data arrival time                                                                  2.361186

  clock cal_clk (rise edge)                                               2.500000   2.500000
  clock network delay (ideal)                                             0.000000   2.500000
  clock uncertainty                                                       -0.050000  2.450000
  det_fine_therm_q_reg[0]/CK (DFFSQ_X1M_A9TR40)                           0.000000   2.450000 r
  library setup time                                                      -0.070604  2.379396
  data required time                                                                 2.379396
  ----------------------------------------------------------------------------------------------
  data required time                                                                 2.379396
  data arrival time                                                                  -2.361186
  ----------------------------------------------------------------------------------------------
  slack (MET)                                                                        0.018211


  Startpoint: state_q_reg[2]
              (rising edge-triggered flip-flop clocked by cal_clk)
  Endpoint: det_medium_therm_q_reg[9]
            (rising edge-triggered flip-flop clocked by cal_clk)
  Path Group: cal_clk
  Path Type: max

  Des/Clust/Port     Wire Load Model       Library
  ------------------------------------------------
  ftc_detection_margin_manager
                     Small                 sc9mc_logic0040ll_base_rvt_c40_ss_typical_max_0p99v_125c

  Point                                       Fanout       Cap     Trans      Incr       Path
  ----------------------------------------------------------------------------------------------
  clock cal_clk (rise edge)                                               0.000000   0.000000
  clock network delay (ideal)                                             0.000000   0.000000
  state_q_reg[2]/CK (DFFRPQ_X1M_A9TR40)                         0.050000  0.000000   0.000000 r
  state_q_reg[2]/Q (DFFRPQ_X1M_A9TR40) <-                       0.086762  0.302334   0.302334 f
  state_q[2] (net)                              5     0.006072            0.000000   0.302334 f
  U134/A (INV_X0P5B_A9TR40)                                     0.086762  0.000015   0.302348 f
  U134/Y (INV_X0P5B_A9TR40)                                     0.158167  0.119887   0.422236 r
  n50 (net)                                     3     0.003803            0.000000   0.422236 r
  U133/B (NAND2_X0P5A_A9TR40)                                   0.158167  0.000016   0.422252 r
  U133/Y (NAND2_X0P5A_A9TR40)                                   0.212014  0.192980   0.615232 f
  n37 (net)                                     4     0.004940            0.000000   0.615232 f
  U197/A (NOR3_X1A_A9TR40)                                      0.212014  0.000017   0.615248 f
  U197/Y (NOR3_X1A_A9TR40)                                      0.212610  0.183355   0.798603 r
  det_takeover_ready_o (net)                    2     0.002004            0.000000   0.798603 r
  U198/BN (NOR4BB_X0P7M_A9TR40)                                 0.212610  0.000018   0.798621 r
  U198/Y (NOR4BB_X0P7M_A9TR40)                                  0.199200  0.247360   1.045981 r
  n4 (net)                                      1     0.001602            0.000000   1.045981 r
  U141/A (BUFH_X1M_A9TR40)                                      0.199200  0.000028   1.046009 r
  U141/Y (BUFH_X1M_A9TR40)                                      0.077797  0.138841   1.184850 r
  n166 (net)                                    2     0.002828            0.000000   1.184850 r
  U188/A (BUF_X2M_A9TR40)                                       0.077797  0.000020   1.184870 r
  U188/Y (BUF_X2M_A9TR40)                                       0.196430  0.171294   1.356164 r
  n164 (net)                                   16     0.018413            0.000000   1.356164 r
  U192/B0 (AOI2XB1_X1M_A9TR40)                                  0.196430  0.000015   1.356179 r
  U192/Y (AOI2XB1_X1M_A9TR40)                                   0.089231  0.104741   1.460920 f
  n1 (net)                                      1     0.001588            0.000000   1.460920 f
  U178/A (BUFH_X1M_A9TR40)                                      0.089231  0.000027   1.460947 f
  U178/Y (BUFH_X1M_A9TR40)                                      0.050187  0.101437   1.562385 f
  n172 (net)                                    2     0.002795            0.000000   1.562385 f
  U189/A (BUF_X2M_A9TR40)                                       0.050187  0.000020   1.562405 f
  U189/Y (BUF_X2M_A9TR40)                                       0.119513  0.144880   1.707285 f
  n170 (net)                                   16     0.018010            0.000000   1.707285 f
  U183/A (NOR2_X1A_A9TR40)                                      0.119513  0.000015   1.707299 f
  U183/Y (NOR2_X1A_A9TR40)                                      0.117579  0.105643   1.812942 r
  n3 (net)                                      1     0.001602            0.000000   1.812942 r
  U165/A (BUFH_X1M_A9TR40)                                      0.117579  0.000028   1.812970 r
  U165/Y (BUFH_X1M_A9TR40)                                      0.076291  0.112430   1.925400 r
  n169 (net)                                    2     0.002828            0.000000   1.925400 r
  U181/A (BUF_X2M_A9TR40)                                       0.076291  0.000020   1.925420 r
  U181/Y (BUF_X2M_A9TR40)                                       0.125195  0.133627   2.059047 r
  n168 (net)                                   10     0.011135            0.000000   2.059047 r
  U22/A1 (AOI22_X0P5M_A9TR40)                                   0.125195  0.000013   2.059060 r
  U22/Y (AOI22_X0P5M_A9TR40)                                    0.136611  0.143058   2.202117 f
  n13 (net)                                     1     0.001375            0.000000   2.202117 f
  U21/A0N (AO1B2_X0P5M_A9TR40)                                  0.136611  0.000024   2.202141 f
  U21/Y (AO1B2_X0P5M_A9TR40)                                    0.099263  0.099383   2.301525 r
  n68 (net)                                     1     0.001559            0.000000   2.301525 r
  det_medium_therm_q_reg[9]/D (DFFRPQ_X1M_A9TR40)               0.099263  0.000027   2.301552 r
  data arrival time                                                                  2.301552

  clock cal_clk (rise edge)                                               2.500000   2.500000
  clock network delay (ideal)                                             0.000000   2.500000
  clock uncertainty                                                       -0.050000  2.450000
  det_medium_therm_q_reg[9]/CK (DFFRPQ_X1M_A9TR40)                        0.000000   2.450000 r
  library setup time                                                      -0.081927  2.368073
  data required time                                                                 2.368073
  ----------------------------------------------------------------------------------------------
  data required time                                                                 2.368073
  data arrival time                                                                  -2.301552
  ----------------------------------------------------------------------------------------------
  slack (MET)                                                                        0.066521


  Startpoint: state_q_reg[2]
              (rising edge-triggered flip-flop clocked by cal_clk)
  Endpoint: det_medium_therm_q_reg[8]
            (rising edge-triggered flip-flop clocked by cal_clk)
  Path Group: cal_clk
  Path Type: max

  Des/Clust/Port     Wire Load Model       Library
  ------------------------------------------------
  ftc_detection_margin_manager
                     Small                 sc9mc_logic0040ll_base_rvt_c40_ss_typical_max_0p99v_125c

  Point                                       Fanout       Cap     Trans      Incr       Path
  ----------------------------------------------------------------------------------------------
  clock cal_clk (rise edge)                                               0.000000   0.000000
  clock network delay (ideal)                                             0.000000   0.000000
  state_q_reg[2]/CK (DFFRPQ_X1M_A9TR40)                         0.050000  0.000000   0.000000 r
  state_q_reg[2]/Q (DFFRPQ_X1M_A9TR40) <-                       0.086762  0.302334   0.302334 f
  state_q[2] (net)                              5     0.006072            0.000000   0.302334 f
  U134/A (INV_X0P5B_A9TR40)                                     0.086762  0.000015   0.302348 f
  U134/Y (INV_X0P5B_A9TR40)                                     0.158167  0.119887   0.422236 r
  n50 (net)                                     3     0.003803            0.000000   0.422236 r
  U133/B (NAND2_X0P5A_A9TR40)                                   0.158167  0.000016   0.422252 r
  U133/Y (NAND2_X0P5A_A9TR40)                                   0.212014  0.192980   0.615232 f
  n37 (net)                                     4     0.004940            0.000000   0.615232 f
  U197/A (NOR3_X1A_A9TR40)                                      0.212014  0.000017   0.615248 f
  U197/Y (NOR3_X1A_A9TR40)                                      0.212610  0.183355   0.798603 r
  det_takeover_ready_o (net)                    2     0.002004            0.000000   0.798603 r
  U198/BN (NOR4BB_X0P7M_A9TR40)                                 0.212610  0.000018   0.798621 r
  U198/Y (NOR4BB_X0P7M_A9TR40)                                  0.199200  0.247360   1.045981 r
  n4 (net)                                      1     0.001602            0.000000   1.045981 r
  U141/A (BUFH_X1M_A9TR40)                                      0.199200  0.000028   1.046009 r
  U141/Y (BUFH_X1M_A9TR40)                                      0.077797  0.138841   1.184850 r
  n166 (net)                                    2     0.002828            0.000000   1.184850 r
  U188/A (BUF_X2M_A9TR40)                                       0.077797  0.000020   1.184870 r
  U188/Y (BUF_X2M_A9TR40)                                       0.196430  0.171294   1.356164 r
  n164 (net)                                   16     0.018413            0.000000   1.356164 r
  U192/B0 (AOI2XB1_X1M_A9TR40)                                  0.196430  0.000015   1.356179 r
  U192/Y (AOI2XB1_X1M_A9TR40)                                   0.089231  0.104741   1.460920 f
  n1 (net)                                      1     0.001588            0.000000   1.460920 f
  U178/A (BUFH_X1M_A9TR40)                                      0.089231  0.000027   1.460947 f
  U178/Y (BUFH_X1M_A9TR40)                                      0.050187  0.101437   1.562385 f
  n172 (net)                                    2     0.002795            0.000000   1.562385 f
  U189/A (BUF_X2M_A9TR40)                                       0.050187  0.000020   1.562405 f
  U189/Y (BUF_X2M_A9TR40)                                       0.119513  0.144880   1.707285 f
  n170 (net)                                   16     0.018010            0.000000   1.707285 f
  U183/A (NOR2_X1A_A9TR40)                                      0.119513  0.000015   1.707299 f
  U183/Y (NOR2_X1A_A9TR40)                                      0.117579  0.105643   1.812942 r
  n3 (net)                                      1     0.001602            0.000000   1.812942 r
  U165/A (BUFH_X1M_A9TR40)                                      0.117579  0.000028   1.812970 r
  U165/Y (BUFH_X1M_A9TR40)                                      0.076291  0.112430   1.925400 r
  n169 (net)                                    2     0.002828            0.000000   1.925400 r
  U181/A (BUF_X2M_A9TR40)                                       0.076291  0.000020   1.925420 r
  U181/Y (BUF_X2M_A9TR40)                                       0.125195  0.133627   2.059047 r
  n168 (net)                                   10     0.011135            0.000000   2.059047 r
  U20/A1 (AOI22_X0P5M_A9TR40)                                   0.125195  0.000013   2.059060 r
  U20/Y (AOI22_X0P5M_A9TR40)                                    0.136611  0.143058   2.202117 f
  n12 (net)                                     1     0.001375            0.000000   2.202117 f
  U19/A0N (AO1B2_X0P5M_A9TR40)                                  0.136611  0.000024   2.202141 f
  U19/Y (AO1B2_X0P5M_A9TR40)                                    0.099263  0.099383   2.301525 r
  n67 (net)                                     1     0.001559            0.000000   2.301525 r
  det_medium_therm_q_reg[8]/D (DFFRPQ_X1M_A9TR40)               0.099263  0.000027   2.301552 r
  data arrival time                                                                  2.301552

  clock cal_clk (rise edge)                                               2.500000   2.500000
  clock network delay (ideal)                                             0.000000   2.500000
  clock uncertainty                                                       -0.050000  2.450000
  det_medium_therm_q_reg[8]/CK (DFFRPQ_X1M_A9TR40)                        0.000000   2.450000 r
  library setup time                                                      -0.081927  2.368073
  data required time                                                                 2.368073
  ----------------------------------------------------------------------------------------------
  data required time                                                                 2.368073
  data arrival time                                                                  -2.301552
  ----------------------------------------------------------------------------------------------
  slack (MET)                                                                        0.066521


  Startpoint: state_q_reg[2]
              (rising edge-triggered flip-flop clocked by cal_clk)
  Endpoint: det_medium_therm_q_reg[7]
            (rising edge-triggered flip-flop clocked by cal_clk)
  Path Group: cal_clk
  Path Type: max

  Des/Clust/Port     Wire Load Model       Library
  ------------------------------------------------
  ftc_detection_margin_manager
                     Small                 sc9mc_logic0040ll_base_rvt_c40_ss_typical_max_0p99v_125c

  Point                                       Fanout       Cap     Trans      Incr       Path
  ----------------------------------------------------------------------------------------------
  clock cal_clk (rise edge)                                               0.000000   0.000000
  clock network delay (ideal)                                             0.000000   0.000000
  state_q_reg[2]/CK (DFFRPQ_X1M_A9TR40)                         0.050000  0.000000   0.000000 r
  state_q_reg[2]/Q (DFFRPQ_X1M_A9TR40) <-                       0.086762  0.302334   0.302334 f
  state_q[2] (net)                              5     0.006072            0.000000   0.302334 f
  U134/A (INV_X0P5B_A9TR40)                                     0.086762  0.000015   0.302348 f
  U134/Y (INV_X0P5B_A9TR40)                                     0.158167  0.119887   0.422236 r
  n50 (net)                                     3     0.003803            0.000000   0.422236 r
  U133/B (NAND2_X0P5A_A9TR40)                                   0.158167  0.000016   0.422252 r
  U133/Y (NAND2_X0P5A_A9TR40)                                   0.212014  0.192980   0.615232 f
  n37 (net)                                     4     0.004940            0.000000   0.615232 f
  U197/A (NOR3_X1A_A9TR40)                                      0.212014  0.000017   0.615248 f
  U197/Y (NOR3_X1A_A9TR40)                                      0.212610  0.183355   0.798603 r
  det_takeover_ready_o (net)                    2     0.002004            0.000000   0.798603 r
  U198/BN (NOR4BB_X0P7M_A9TR40)                                 0.212610  0.000018   0.798621 r
  U198/Y (NOR4BB_X0P7M_A9TR40)                                  0.199200  0.247360   1.045981 r
  n4 (net)                                      1     0.001602            0.000000   1.045981 r
  U141/A (BUFH_X1M_A9TR40)                                      0.199200  0.000028   1.046009 r
  U141/Y (BUFH_X1M_A9TR40)                                      0.077797  0.138841   1.184850 r
  n166 (net)                                    2     0.002828            0.000000   1.184850 r
  U188/A (BUF_X2M_A9TR40)                                       0.077797  0.000020   1.184870 r
  U188/Y (BUF_X2M_A9TR40)                                       0.196430  0.171294   1.356164 r
  n164 (net)                                   16     0.018413            0.000000   1.356164 r
  U192/B0 (AOI2XB1_X1M_A9TR40)                                  0.196430  0.000015   1.356179 r
  U192/Y (AOI2XB1_X1M_A9TR40)                                   0.089231  0.104741   1.460920 f
  n1 (net)                                      1     0.001588            0.000000   1.460920 f
  U178/A (BUFH_X1M_A9TR40)                                      0.089231  0.000027   1.460947 f
  U178/Y (BUFH_X1M_A9TR40)                                      0.050187  0.101437   1.562385 f
  n172 (net)                                    2     0.002795            0.000000   1.562385 f
  U189/A (BUF_X2M_A9TR40)                                       0.050187  0.000020   1.562405 f
  U189/Y (BUF_X2M_A9TR40)                                       0.119513  0.144880   1.707285 f
  n170 (net)                                   16     0.018010            0.000000   1.707285 f
  U183/A (NOR2_X1A_A9TR40)                                      0.119513  0.000015   1.707299 f
  U183/Y (NOR2_X1A_A9TR40)                                      0.117579  0.105643   1.812942 r
  n3 (net)                                      1     0.001602            0.000000   1.812942 r
  U165/A (BUFH_X1M_A9TR40)                                      0.117579  0.000028   1.812970 r
  U165/Y (BUFH_X1M_A9TR40)                                      0.076291  0.112430   1.925400 r
  n169 (net)                                    2     0.002828            0.000000   1.925400 r
  U181/A (BUF_X2M_A9TR40)                                       0.076291  0.000020   1.925420 r
  U181/Y (BUF_X2M_A9TR40)                                       0.125195  0.133627   2.059047 r
  n168 (net)                                   10     0.011135            0.000000   2.059047 r
  U18/A1 (AOI22_X0P5M_A9TR40)                                   0.125195  0.000013   2.059060 r
  U18/Y (AOI22_X0P5M_A9TR40)                                    0.136611  0.143058   2.202117 f
  n11 (net)                                     1     0.001375            0.000000   2.202117 f
  U17/A0N (AO1B2_X0P5M_A9TR40)                                  0.136611  0.000024   2.202141 f
  U17/Y (AO1B2_X0P5M_A9TR40)                                    0.099263  0.099383   2.301525 r
  n66 (net)                                     1     0.001559            0.000000   2.301525 r
  det_medium_therm_q_reg[7]/D (DFFRPQ_X1M_A9TR40)               0.099263  0.000027   2.301552 r
  data arrival time                                                                  2.301552

  clock cal_clk (rise edge)                                               2.500000   2.500000
  clock network delay (ideal)                                             0.000000   2.500000
  clock uncertainty                                                       -0.050000  2.450000
  det_medium_therm_q_reg[7]/CK (DFFRPQ_X1M_A9TR40)                        0.000000   2.450000 r
  library setup time                                                      -0.081927  2.368073
  data required time                                                                 2.368073
  ----------------------------------------------------------------------------------------------
  data required time                                                                 2.368073
  data arrival time                                                                  -2.301552
  ----------------------------------------------------------------------------------------------
  slack (MET)                                                                        0.066521


  Startpoint: state_q_reg[2]
              (rising edge-triggered flip-flop clocked by cal_clk)
  Endpoint: det_medium_therm_q_reg[6]
            (rising edge-triggered flip-flop clocked by cal_clk)
  Path Group: cal_clk
  Path Type: max

  Des/Clust/Port     Wire Load Model       Library
  ------------------------------------------------
  ftc_detection_margin_manager
                     Small                 sc9mc_logic0040ll_base_rvt_c40_ss_typical_max_0p99v_125c

  Point                                       Fanout       Cap     Trans      Incr       Path
  ----------------------------------------------------------------------------------------------
  clock cal_clk (rise edge)                                               0.000000   0.000000
  clock network delay (ideal)                                             0.000000   0.000000
  state_q_reg[2]/CK (DFFRPQ_X1M_A9TR40)                         0.050000  0.000000   0.000000 r
  state_q_reg[2]/Q (DFFRPQ_X1M_A9TR40) <-                       0.086762  0.302334   0.302334 f
  state_q[2] (net)                              5     0.006072            0.000000   0.302334 f
  U134/A (INV_X0P5B_A9TR40)                                     0.086762  0.000015   0.302348 f
  U134/Y (INV_X0P5B_A9TR40)                                     0.158167  0.119887   0.422236 r
  n50 (net)                                     3     0.003803            0.000000   0.422236 r
  U133/B (NAND2_X0P5A_A9TR40)                                   0.158167  0.000016   0.422252 r
  U133/Y (NAND2_X0P5A_A9TR40)                                   0.212014  0.192980   0.615232 f
  n37 (net)                                     4     0.004940            0.000000   0.615232 f
  U197/A (NOR3_X1A_A9TR40)                                      0.212014  0.000017   0.615248 f
  U197/Y (NOR3_X1A_A9TR40)                                      0.212610  0.183355   0.798603 r
  det_takeover_ready_o (net)                    2     0.002004            0.000000   0.798603 r
  U198/BN (NOR4BB_X0P7M_A9TR40)                                 0.212610  0.000018   0.798621 r
  U198/Y (NOR4BB_X0P7M_A9TR40)                                  0.199200  0.247360   1.045981 r
  n4 (net)                                      1     0.001602            0.000000   1.045981 r
  U141/A (BUFH_X1M_A9TR40)                                      0.199200  0.000028   1.046009 r
  U141/Y (BUFH_X1M_A9TR40)                                      0.077797  0.138841   1.184850 r
  n166 (net)                                    2     0.002828            0.000000   1.184850 r
  U188/A (BUF_X2M_A9TR40)                                       0.077797  0.000020   1.184870 r
  U188/Y (BUF_X2M_A9TR40)                                       0.196430  0.171294   1.356164 r
  n164 (net)                                   16     0.018413            0.000000   1.356164 r
  U192/B0 (AOI2XB1_X1M_A9TR40)                                  0.196430  0.000015   1.356179 r
  U192/Y (AOI2XB1_X1M_A9TR40)                                   0.089231  0.104741   1.460920 f
  n1 (net)                                      1     0.001588            0.000000   1.460920 f
  U178/A (BUFH_X1M_A9TR40)                                      0.089231  0.000027   1.460947 f
  U178/Y (BUFH_X1M_A9TR40)                                      0.050187  0.101437   1.562385 f
  n172 (net)                                    2     0.002795            0.000000   1.562385 f
  U189/A (BUF_X2M_A9TR40)                                       0.050187  0.000020   1.562405 f
  U189/Y (BUF_X2M_A9TR40)                                       0.119513  0.144880   1.707285 f
  n170 (net)                                   16     0.018010            0.000000   1.707285 f
  U183/A (NOR2_X1A_A9TR40)                                      0.119513  0.000015   1.707299 f
  U183/Y (NOR2_X1A_A9TR40)                                      0.117579  0.105643   1.812942 r
  n3 (net)                                      1     0.001602            0.000000   1.812942 r
  U165/A (BUFH_X1M_A9TR40)                                      0.117579  0.000028   1.812970 r
  U165/Y (BUFH_X1M_A9TR40)                                      0.076291  0.112430   1.925400 r
  n169 (net)                                    2     0.002828            0.000000   1.925400 r
  U181/A (BUF_X2M_A9TR40)                                       0.076291  0.000020   1.925420 r
  U181/Y (BUF_X2M_A9TR40)                                       0.125195  0.133627   2.059047 r
  n168 (net)                                   10     0.011135            0.000000   2.059047 r
  U16/A1 (AOI22_X0P5M_A9TR40)                                   0.125195  0.000013   2.059060 r
  U16/Y (AOI22_X0P5M_A9TR40)                                    0.136611  0.143058   2.202117 f
  n10 (net)                                     1     0.001375            0.000000   2.202117 f
  U15/A0N (AO1B2_X0P5M_A9TR40)                                  0.136611  0.000024   2.202141 f
  U15/Y (AO1B2_X0P5M_A9TR40)                                    0.099263  0.099383   2.301525 r
  n65 (net)                                     1     0.001559            0.000000   2.301525 r
  det_medium_therm_q_reg[6]/D (DFFRPQ_X1M_A9TR40)               0.099263  0.000027   2.301552 r
  data arrival time                                                                  2.301552

  clock cal_clk (rise edge)                                               2.500000   2.500000
  clock network delay (ideal)                                             0.000000   2.500000
  clock uncertainty                                                       -0.050000  2.450000
  det_medium_therm_q_reg[6]/CK (DFFRPQ_X1M_A9TR40)                        0.000000   2.450000 r
  library setup time                                                      -0.081927  2.368073
  data required time                                                                 2.368073
  ----------------------------------------------------------------------------------------------
  data required time                                                                 2.368073
  data arrival time                                                                  -2.301552
  ----------------------------------------------------------------------------------------------
  slack (MET)                                                                        0.066521


  Startpoint: state_q_reg[2]
              (rising edge-triggered flip-flop clocked by cal_clk)
  Endpoint: det_medium_therm_q_reg[5]
            (rising edge-triggered flip-flop clocked by cal_clk)
  Path Group: cal_clk
  Path Type: max

  Des/Clust/Port     Wire Load Model       Library
  ------------------------------------------------
  ftc_detection_margin_manager
                     Small                 sc9mc_logic0040ll_base_rvt_c40_ss_typical_max_0p99v_125c

  Point                                       Fanout       Cap     Trans      Incr       Path
  ----------------------------------------------------------------------------------------------
  clock cal_clk (rise edge)                                               0.000000   0.000000
  clock network delay (ideal)                                             0.000000   0.000000
  state_q_reg[2]/CK (DFFRPQ_X1M_A9TR40)                         0.050000  0.000000   0.000000 r
  state_q_reg[2]/Q (DFFRPQ_X1M_A9TR40) <-                       0.086762  0.302334   0.302334 f
  state_q[2] (net)                              5     0.006072            0.000000   0.302334 f
  U134/A (INV_X0P5B_A9TR40)                                     0.086762  0.000015   0.302348 f
  U134/Y (INV_X0P5B_A9TR40)                                     0.158167  0.119887   0.422236 r
  n50 (net)                                     3     0.003803            0.000000   0.422236 r
  U133/B (NAND2_X0P5A_A9TR40)                                   0.158167  0.000016   0.422252 r
  U133/Y (NAND2_X0P5A_A9TR40)                                   0.212014  0.192980   0.615232 f
  n37 (net)                                     4     0.004940            0.000000   0.615232 f
  U197/A (NOR3_X1A_A9TR40)                                      0.212014  0.000017   0.615248 f
  U197/Y (NOR3_X1A_A9TR40)                                      0.212610  0.183355   0.798603 r
  det_takeover_ready_o (net)                    2     0.002004            0.000000   0.798603 r
  U198/BN (NOR4BB_X0P7M_A9TR40)                                 0.212610  0.000018   0.798621 r
  U198/Y (NOR4BB_X0P7M_A9TR40)                                  0.199200  0.247360   1.045981 r
  n4 (net)                                      1     0.001602            0.000000   1.045981 r
  U141/A (BUFH_X1M_A9TR40)                                      0.199200  0.000028   1.046009 r
  U141/Y (BUFH_X1M_A9TR40)                                      0.077797  0.138841   1.184850 r
  n166 (net)                                    2     0.002828            0.000000   1.184850 r
  U188/A (BUF_X2M_A9TR40)                                       0.077797  0.000020   1.184870 r
  U188/Y (BUF_X2M_A9TR40)                                       0.196430  0.171294   1.356164 r
  n164 (net)                                   16     0.018413            0.000000   1.356164 r
  U192/B0 (AOI2XB1_X1M_A9TR40)                                  0.196430  0.000015   1.356179 r
  U192/Y (AOI2XB1_X1M_A9TR40)                                   0.089231  0.104741   1.460920 f
  n1 (net)                                      1     0.001588            0.000000   1.460920 f
  U178/A (BUFH_X1M_A9TR40)                                      0.089231  0.000027   1.460947 f
  U178/Y (BUFH_X1M_A9TR40)                                      0.050187  0.101437   1.562385 f
  n172 (net)                                    2     0.002795            0.000000   1.562385 f
  U189/A (BUF_X2M_A9TR40)                                       0.050187  0.000020   1.562405 f
  U189/Y (BUF_X2M_A9TR40)                                       0.119513  0.144880   1.707285 f
  n170 (net)                                   16     0.018010            0.000000   1.707285 f
  U183/A (NOR2_X1A_A9TR40)                                      0.119513  0.000015   1.707299 f
  U183/Y (NOR2_X1A_A9TR40)                                      0.117579  0.105643   1.812942 r
  n3 (net)                                      1     0.001602            0.000000   1.812942 r
  U165/A (BUFH_X1M_A9TR40)                                      0.117579  0.000028   1.812970 r
  U165/Y (BUFH_X1M_A9TR40)                                      0.076291  0.112430   1.925400 r
  n169 (net)                                    2     0.002828            0.000000   1.925400 r
  U181/A (BUF_X2M_A9TR40)                                       0.076291  0.000020   1.925420 r
  U181/Y (BUF_X2M_A9TR40)                                       0.125195  0.133627   2.059047 r
  n168 (net)                                   10     0.011135            0.000000   2.059047 r
  U14/A1 (AOI22_X0P5M_A9TR40)                                   0.125195  0.000013   2.059060 r
  U14/Y (AOI22_X0P5M_A9TR40)                                    0.136611  0.143058   2.202117 f
  n9 (net)                                      1     0.001375            0.000000   2.202117 f
  U13/A0N (AO1B2_X0P5M_A9TR40)                                  0.136611  0.000024   2.202141 f
  U13/Y (AO1B2_X0P5M_A9TR40)                                    0.099263  0.099383   2.301525 r
  n64 (net)                                     1     0.001559            0.000000   2.301525 r
  det_medium_therm_q_reg[5]/D (DFFRPQ_X1M_A9TR40)               0.099263  0.000027   2.301552 r
  data arrival time                                                                  2.301552

  clock cal_clk (rise edge)                                               2.500000   2.500000
  clock network delay (ideal)                                             0.000000   2.500000
  clock uncertainty                                                       -0.050000  2.450000
  det_medium_therm_q_reg[5]/CK (DFFRPQ_X1M_A9TR40)                        0.000000   2.450000 r
  library setup time                                                      -0.081927  2.368073
  data required time                                                                 2.368073
  ----------------------------------------------------------------------------------------------
  data required time                                                                 2.368073
  data arrival time                                                                  -2.301552
  ----------------------------------------------------------------------------------------------
  slack (MET)                                                                        0.066521


  Startpoint: state_q_reg[2]
              (rising edge-triggered flip-flop clocked by cal_clk)
  Endpoint: det_medium_therm_q_reg[4]
            (rising edge-triggered flip-flop clocked by cal_clk)
  Path Group: cal_clk
  Path Type: max

  Des/Clust/Port     Wire Load Model       Library
  ------------------------------------------------
  ftc_detection_margin_manager
                     Small                 sc9mc_logic0040ll_base_rvt_c40_ss_typical_max_0p99v_125c

  Point                                       Fanout       Cap     Trans      Incr       Path
  ----------------------------------------------------------------------------------------------
  clock cal_clk (rise edge)                                               0.000000   0.000000
  clock network delay (ideal)                                             0.000000   0.000000
  state_q_reg[2]/CK (DFFRPQ_X1M_A9TR40)                         0.050000  0.000000   0.000000 r
  state_q_reg[2]/Q (DFFRPQ_X1M_A9TR40) <-                       0.086762  0.302334   0.302334 f
  state_q[2] (net)                              5     0.006072            0.000000   0.302334 f
  U134/A (INV_X0P5B_A9TR40)                                     0.086762  0.000015   0.302348 f
  U134/Y (INV_X0P5B_A9TR40)                                     0.158167  0.119887   0.422236 r
  n50 (net)                                     3     0.003803            0.000000   0.422236 r
  U133/B (NAND2_X0P5A_A9TR40)                                   0.158167  0.000016   0.422252 r
  U133/Y (NAND2_X0P5A_A9TR40)                                   0.212014  0.192980   0.615232 f
  n37 (net)                                     4     0.004940            0.000000   0.615232 f
  U197/A (NOR3_X1A_A9TR40)                                      0.212014  0.000017   0.615248 f
  U197/Y (NOR3_X1A_A9TR40)                                      0.212610  0.183355   0.798603 r
  det_takeover_ready_o (net)                    2     0.002004            0.000000   0.798603 r
  U198/BN (NOR4BB_X0P7M_A9TR40)                                 0.212610  0.000018   0.798621 r
  U198/Y (NOR4BB_X0P7M_A9TR40)                                  0.199200  0.247360   1.045981 r
  n4 (net)                                      1     0.001602            0.000000   1.045981 r
  U141/A (BUFH_X1M_A9TR40)                                      0.199200  0.000028   1.046009 r
  U141/Y (BUFH_X1M_A9TR40)                                      0.077797  0.138841   1.184850 r
  n166 (net)                                    2     0.002828            0.000000   1.184850 r
  U188/A (BUF_X2M_A9TR40)                                       0.077797  0.000020   1.184870 r
  U188/Y (BUF_X2M_A9TR40)                                       0.196430  0.171294   1.356164 r
  n164 (net)                                   16     0.018413            0.000000   1.356164 r
  U192/B0 (AOI2XB1_X1M_A9TR40)                                  0.196430  0.000015   1.356179 r
  U192/Y (AOI2XB1_X1M_A9TR40)                                   0.089231  0.104741   1.460920 f
  n1 (net)                                      1     0.001588            0.000000   1.460920 f
  U178/A (BUFH_X1M_A9TR40)                                      0.089231  0.000027   1.460947 f
  U178/Y (BUFH_X1M_A9TR40)                                      0.050187  0.101437   1.562385 f
  n172 (net)                                    2     0.002795            0.000000   1.562385 f
  U189/A (BUF_X2M_A9TR40)                                       0.050187  0.000020   1.562405 f
  U189/Y (BUF_X2M_A9TR40)                                       0.119513  0.144880   1.707285 f
  n170 (net)                                   16     0.018010            0.000000   1.707285 f
  U183/A (NOR2_X1A_A9TR40)                                      0.119513  0.000015   1.707299 f
  U183/Y (NOR2_X1A_A9TR40)                                      0.117579  0.105643   1.812942 r
  n3 (net)                                      1     0.001602            0.000000   1.812942 r
  U165/A (BUFH_X1M_A9TR40)                                      0.117579  0.000028   1.812970 r
  U165/Y (BUFH_X1M_A9TR40)                                      0.076291  0.112430   1.925400 r
  n169 (net)                                    2     0.002828            0.000000   1.925400 r
  U181/A (BUF_X2M_A9TR40)                                       0.076291  0.000020   1.925420 r
  U181/Y (BUF_X2M_A9TR40)                                       0.125195  0.133627   2.059047 r
  n168 (net)                                   10     0.011135            0.000000   2.059047 r
  U12/A1 (AOI22_X0P5M_A9TR40)                                   0.125195  0.000013   2.059060 r
  U12/Y (AOI22_X0P5M_A9TR40)                                    0.136611  0.143058   2.202117 f
  n8 (net)                                      1     0.001375            0.000000   2.202117 f
  U11/A0N (AO1B2_X0P5M_A9TR40)                                  0.136611  0.000024   2.202141 f
  U11/Y (AO1B2_X0P5M_A9TR40)                                    0.099263  0.099383   2.301525 r
  n63 (net)                                     1     0.001559            0.000000   2.301525 r
  det_medium_therm_q_reg[4]/D (DFFRPQ_X1M_A9TR40)               0.099263  0.000027   2.301552 r
  data arrival time                                                                  2.301552

  clock cal_clk (rise edge)                                               2.500000   2.500000
  clock network delay (ideal)                                             0.000000   2.500000
  clock uncertainty                                                       -0.050000  2.450000
  det_medium_therm_q_reg[4]/CK (DFFRPQ_X1M_A9TR40)                        0.000000   2.450000 r
  library setup time                                                      -0.081927  2.368073
  data required time                                                                 2.368073
  ----------------------------------------------------------------------------------------------
  data required time                                                                 2.368073
  data arrival time                                                                  -2.301552
  ----------------------------------------------------------------------------------------------
  slack (MET)                                                                        0.066521


  Startpoint: state_q_reg[2]
              (rising edge-triggered flip-flop clocked by cal_clk)
  Endpoint: det_medium_therm_q_reg[3]
            (rising edge-triggered flip-flop clocked by cal_clk)
  Path Group: cal_clk
  Path Type: max

  Des/Clust/Port     Wire Load Model       Library
  ------------------------------------------------
  ftc_detection_margin_manager
                     Small                 sc9mc_logic0040ll_base_rvt_c40_ss_typical_max_0p99v_125c

  Point                                       Fanout       Cap     Trans      Incr       Path
  ----------------------------------------------------------------------------------------------
  clock cal_clk (rise edge)                                               0.000000   0.000000
  clock network delay (ideal)                                             0.000000   0.000000
  state_q_reg[2]/CK (DFFRPQ_X1M_A9TR40)                         0.050000  0.000000   0.000000 r
  state_q_reg[2]/Q (DFFRPQ_X1M_A9TR40) <-                       0.086762  0.302334   0.302334 f
  state_q[2] (net)                              5     0.006072            0.000000   0.302334 f
  U134/A (INV_X0P5B_A9TR40)                                     0.086762  0.000015   0.302348 f
  U134/Y (INV_X0P5B_A9TR40)                                     0.158167  0.119887   0.422236 r
  n50 (net)                                     3     0.003803            0.000000   0.422236 r
  U133/B (NAND2_X0P5A_A9TR40)                                   0.158167  0.000016   0.422252 r
  U133/Y (NAND2_X0P5A_A9TR40)                                   0.212014  0.192980   0.615232 f
  n37 (net)                                     4     0.004940            0.000000   0.615232 f
  U197/A (NOR3_X1A_A9TR40)                                      0.212014  0.000017   0.615248 f
  U197/Y (NOR3_X1A_A9TR40)                                      0.212610  0.183355   0.798603 r
  det_takeover_ready_o (net)                    2     0.002004            0.000000   0.798603 r
  U198/BN (NOR4BB_X0P7M_A9TR40)                                 0.212610  0.000018   0.798621 r
  U198/Y (NOR4BB_X0P7M_A9TR40)                                  0.199200  0.247360   1.045981 r
  n4 (net)                                      1     0.001602            0.000000   1.045981 r
  U141/A (BUFH_X1M_A9TR40)                                      0.199200  0.000028   1.046009 r
  U141/Y (BUFH_X1M_A9TR40)                                      0.077797  0.138841   1.184850 r
  n166 (net)                                    2     0.002828            0.000000   1.184850 r
  U188/A (BUF_X2M_A9TR40)                                       0.077797  0.000020   1.184870 r
  U188/Y (BUF_X2M_A9TR40)                                       0.196430  0.171294   1.356164 r
  n164 (net)                                   16     0.018413            0.000000   1.356164 r
  U192/B0 (AOI2XB1_X1M_A9TR40)                                  0.196430  0.000015   1.356179 r
  U192/Y (AOI2XB1_X1M_A9TR40)                                   0.089231  0.104741   1.460920 f
  n1 (net)                                      1     0.001588            0.000000   1.460920 f
  U178/A (BUFH_X1M_A9TR40)                                      0.089231  0.000027   1.460947 f
  U178/Y (BUFH_X1M_A9TR40)                                      0.050187  0.101437   1.562385 f
  n172 (net)                                    2     0.002795            0.000000   1.562385 f
  U189/A (BUF_X2M_A9TR40)                                       0.050187  0.000020   1.562405 f
  U189/Y (BUF_X2M_A9TR40)                                       0.119513  0.144880   1.707285 f
  n170 (net)                                   16     0.018010            0.000000   1.707285 f
  U183/A (NOR2_X1A_A9TR40)                                      0.119513  0.000015   1.707299 f
  U183/Y (NOR2_X1A_A9TR40)                                      0.117579  0.105643   1.812942 r
  n3 (net)                                      1     0.001602            0.000000   1.812942 r
  U165/A (BUFH_X1M_A9TR40)                                      0.117579  0.000028   1.812970 r
  U165/Y (BUFH_X1M_A9TR40)                                      0.076291  0.112430   1.925400 r
  n169 (net)                                    2     0.002828            0.000000   1.925400 r
  U181/A (BUF_X2M_A9TR40)                                       0.076291  0.000020   1.925420 r
  U181/Y (BUF_X2M_A9TR40)                                       0.125195  0.133627   2.059047 r
  n168 (net)                                   10     0.011135            0.000000   2.059047 r
  U10/A1 (AOI22_X0P5M_A9TR40)                                   0.125195  0.000013   2.059060 r
  U10/Y (AOI22_X0P5M_A9TR40)                                    0.136611  0.143058   2.202117 f
  n7 (net)                                      1     0.001375            0.000000   2.202117 f
  U9/A0N (AO1B2_X0P5M_A9TR40)                                   0.136611  0.000024   2.202141 f
  U9/Y (AO1B2_X0P5M_A9TR40)                                     0.099263  0.099383   2.301525 r
  n62 (net)                                     1     0.001559            0.000000   2.301525 r
  det_medium_therm_q_reg[3]/D (DFFRPQ_X1M_A9TR40)               0.099263  0.000027   2.301552 r
  data arrival time                                                                  2.301552

  clock cal_clk (rise edge)                                               2.500000   2.500000
  clock network delay (ideal)                                             0.000000   2.500000
  clock uncertainty                                                       -0.050000  2.450000
  det_medium_therm_q_reg[3]/CK (DFFRPQ_X1M_A9TR40)                        0.000000   2.450000 r
  library setup time                                                      -0.081927  2.368073
  data required time                                                                 2.368073
  ----------------------------------------------------------------------------------------------
  data required time                                                                 2.368073
  data arrival time                                                                  -2.301552
  ----------------------------------------------------------------------------------------------
  slack (MET)                                                                        0.066521


  Startpoint: state_q_reg[2]
              (rising edge-triggered flip-flop clocked by cal_clk)
  Endpoint: det_medium_therm_q_reg[2]
            (rising edge-triggered flip-flop clocked by cal_clk)
  Path Group: cal_clk
  Path Type: max

  Des/Clust/Port     Wire Load Model       Library
  ------------------------------------------------
  ftc_detection_margin_manager
                     Small                 sc9mc_logic0040ll_base_rvt_c40_ss_typical_max_0p99v_125c

  Point                                       Fanout       Cap     Trans      Incr       Path
  ----------------------------------------------------------------------------------------------
  clock cal_clk (rise edge)                                               0.000000   0.000000
  clock network delay (ideal)                                             0.000000   0.000000
  state_q_reg[2]/CK (DFFRPQ_X1M_A9TR40)                         0.050000  0.000000   0.000000 r
  state_q_reg[2]/Q (DFFRPQ_X1M_A9TR40) <-                       0.086762  0.302334   0.302334 f
  state_q[2] (net)                              5     0.006072            0.000000   0.302334 f
  U134/A (INV_X0P5B_A9TR40)                                     0.086762  0.000015   0.302348 f
  U134/Y (INV_X0P5B_A9TR40)                                     0.158167  0.119887   0.422236 r
  n50 (net)                                     3     0.003803            0.000000   0.422236 r
  U133/B (NAND2_X0P5A_A9TR40)                                   0.158167  0.000016   0.422252 r
  U133/Y (NAND2_X0P5A_A9TR40)                                   0.212014  0.192980   0.615232 f
  n37 (net)                                     4     0.004940            0.000000   0.615232 f
  U197/A (NOR3_X1A_A9TR40)                                      0.212014  0.000017   0.615248 f
  U197/Y (NOR3_X1A_A9TR40)                                      0.212610  0.183355   0.798603 r
  det_takeover_ready_o (net)                    2     0.002004            0.000000   0.798603 r
  U198/BN (NOR4BB_X0P7M_A9TR40)                                 0.212610  0.000018   0.798621 r
  U198/Y (NOR4BB_X0P7M_A9TR40)                                  0.199200  0.247360   1.045981 r
  n4 (net)                                      1     0.001602            0.000000   1.045981 r
  U141/A (BUFH_X1M_A9TR40)                                      0.199200  0.000028   1.046009 r
  U141/Y (BUFH_X1M_A9TR40)                                      0.077797  0.138841   1.184850 r
  n166 (net)                                    2     0.002828            0.000000   1.184850 r
  U188/A (BUF_X2M_A9TR40)                                       0.077797  0.000020   1.184870 r
  U188/Y (BUF_X2M_A9TR40)                                       0.196430  0.171294   1.356164 r
  n164 (net)                                   16     0.018413            0.000000   1.356164 r
  U192/B0 (AOI2XB1_X1M_A9TR40)                                  0.196430  0.000015   1.356179 r
  U192/Y (AOI2XB1_X1M_A9TR40)                                   0.089231  0.104741   1.460920 f
  n1 (net)                                      1     0.001588            0.000000   1.460920 f
  U178/A (BUFH_X1M_A9TR40)                                      0.089231  0.000027   1.460947 f
  U178/Y (BUFH_X1M_A9TR40)                                      0.050187  0.101437   1.562385 f
  n172 (net)                                    2     0.002795            0.000000   1.562385 f
  U189/A (BUF_X2M_A9TR40)                                       0.050187  0.000020   1.562405 f
  U189/Y (BUF_X2M_A9TR40)                                       0.119513  0.144880   1.707285 f
  n170 (net)                                   16     0.018010            0.000000   1.707285 f
  U183/A (NOR2_X1A_A9TR40)                                      0.119513  0.000015   1.707299 f
  U183/Y (NOR2_X1A_A9TR40)                                      0.117579  0.105643   1.812942 r
  n3 (net)                                      1     0.001602            0.000000   1.812942 r
  U165/A (BUFH_X1M_A9TR40)                                      0.117579  0.000028   1.812970 r
  U165/Y (BUFH_X1M_A9TR40)                                      0.076291  0.112430   1.925400 r
  n169 (net)                                    2     0.002828            0.000000   1.925400 r
  U181/A (BUF_X2M_A9TR40)                                       0.076291  0.000020   1.925420 r
  U181/Y (BUF_X2M_A9TR40)                                       0.125195  0.133627   2.059047 r
  n168 (net)                                   10     0.011135            0.000000   2.059047 r
  U8/A1 (AOI22_X0P5M_A9TR40)                                    0.125195  0.000013   2.059060 r
  U8/Y (AOI22_X0P5M_A9TR40)                                     0.136611  0.143058   2.202117 f
  n6 (net)                                      1     0.001375            0.000000   2.202117 f
  U7/A0N (AO1B2_X0P5M_A9TR40)                                   0.136611  0.000024   2.202141 f
  U7/Y (AO1B2_X0P5M_A9TR40)                                     0.099263  0.099383   2.301525 r
  n61 (net)                                     1     0.001559            0.000000   2.301525 r
  det_medium_therm_q_reg[2]/D (DFFRPQ_X1M_A9TR40)               0.099263  0.000027   2.301552 r
  data arrival time                                                                  2.301552

  clock cal_clk (rise edge)                                               2.500000   2.500000
  clock network delay (ideal)                                             0.000000   2.500000
  clock uncertainty                                                       -0.050000  2.450000
  det_medium_therm_q_reg[2]/CK (DFFRPQ_X1M_A9TR40)                        0.000000   2.450000 r
  library setup time                                                      -0.081927  2.368073
  data required time                                                                 2.368073
  ----------------------------------------------------------------------------------------------
  data required time                                                                 2.368073
  data arrival time                                                                  -2.301552
  ----------------------------------------------------------------------------------------------
  slack (MET)                                                                        0.066521


  Startpoint: state_q_reg[2]
              (rising edge-triggered flip-flop clocked by cal_clk)
  Endpoint: det_medium_therm_q_reg[1]
            (rising edge-triggered flip-flop clocked by cal_clk)
  Path Group: cal_clk
  Path Type: max

  Des/Clust/Port     Wire Load Model       Library
  ------------------------------------------------
  ftc_detection_margin_manager
                     Small                 sc9mc_logic0040ll_base_rvt_c40_ss_typical_max_0p99v_125c

  Point                                       Fanout       Cap     Trans      Incr       Path
  ----------------------------------------------------------------------------------------------
  clock cal_clk (rise edge)                                               0.000000   0.000000
  clock network delay (ideal)                                             0.000000   0.000000
  state_q_reg[2]/CK (DFFRPQ_X1M_A9TR40)                         0.050000  0.000000   0.000000 r
  state_q_reg[2]/Q (DFFRPQ_X1M_A9TR40) <-                       0.086762  0.302334   0.302334 f
  state_q[2] (net)                              5     0.006072            0.000000   0.302334 f
  U134/A (INV_X0P5B_A9TR40)                                     0.086762  0.000015   0.302348 f
  U134/Y (INV_X0P5B_A9TR40)                                     0.158167  0.119887   0.422236 r
  n50 (net)                                     3     0.003803            0.000000   0.422236 r
  U133/B (NAND2_X0P5A_A9TR40)                                   0.158167  0.000016   0.422252 r
  U133/Y (NAND2_X0P5A_A9TR40)                                   0.212014  0.192980   0.615232 f
  n37 (net)                                     4     0.004940            0.000000   0.615232 f
  U197/A (NOR3_X1A_A9TR40)                                      0.212014  0.000017   0.615248 f
  U197/Y (NOR3_X1A_A9TR40)                                      0.212610  0.183355   0.798603 r
  det_takeover_ready_o (net)                    2     0.002004            0.000000   0.798603 r
  U198/BN (NOR4BB_X0P7M_A9TR40)                                 0.212610  0.000018   0.798621 r
  U198/Y (NOR4BB_X0P7M_A9TR40)                                  0.199200  0.247360   1.045981 r
  n4 (net)                                      1     0.001602            0.000000   1.045981 r
  U141/A (BUFH_X1M_A9TR40)                                      0.199200  0.000028   1.046009 r
  U141/Y (BUFH_X1M_A9TR40)                                      0.077797  0.138841   1.184850 r
  n166 (net)                                    2     0.002828            0.000000   1.184850 r
  U188/A (BUF_X2M_A9TR40)                                       0.077797  0.000020   1.184870 r
  U188/Y (BUF_X2M_A9TR40)                                       0.196430  0.171294   1.356164 r
  n164 (net)                                   16     0.018413            0.000000   1.356164 r
  U192/B0 (AOI2XB1_X1M_A9TR40)                                  0.196430  0.000015   1.356179 r
  U192/Y (AOI2XB1_X1M_A9TR40)                                   0.089231  0.104741   1.460920 f
  n1 (net)                                      1     0.001588            0.000000   1.460920 f
  U178/A (BUFH_X1M_A9TR40)                                      0.089231  0.000027   1.460947 f
  U178/Y (BUFH_X1M_A9TR40)                                      0.050187  0.101437   1.562385 f
  n172 (net)                                    2     0.002795            0.000000   1.562385 f
  U189/A (BUF_X2M_A9TR40)                                       0.050187  0.000020   1.562405 f
  U189/Y (BUF_X2M_A9TR40)                                       0.119513  0.144880   1.707285 f
  n170 (net)                                   16     0.018010            0.000000   1.707285 f
  U183/A (NOR2_X1A_A9TR40)                                      0.119513  0.000015   1.707299 f
  U183/Y (NOR2_X1A_A9TR40)                                      0.117579  0.105643   1.812942 r
  n3 (net)                                      1     0.001602            0.000000   1.812942 r
  U165/A (BUFH_X1M_A9TR40)                                      0.117579  0.000028   1.812970 r
  U165/Y (BUFH_X1M_A9TR40)                                      0.076291  0.112430   1.925400 r
  n169 (net)                                    2     0.002828            0.000000   1.925400 r
  U181/A (BUF_X2M_A9TR40)                                       0.076291  0.000020   1.925420 r
  U181/Y (BUF_X2M_A9TR40)                                       0.125195  0.133627   2.059047 r
  n168 (net)                                   10     0.011135            0.000000   2.059047 r
  U6/A1 (AOI22_X0P5M_A9TR40)                                    0.125195  0.000013   2.059060 r
  U6/Y (AOI22_X0P5M_A9TR40)                                     0.136611  0.143058   2.202117 f
  n5 (net)                                      1     0.001375            0.000000   2.202117 f
  U5/A0N (AO1B2_X0P5M_A9TR40)                                   0.136611  0.000024   2.202141 f
  U5/Y (AO1B2_X0P5M_A9TR40)                                     0.099263  0.099383   2.301525 r
  n60 (net)                                     1     0.001559            0.000000   2.301525 r
  det_medium_therm_q_reg[1]/D (DFFRPQ_X1M_A9TR40)               0.099263  0.000027   2.301552 r
  data arrival time                                                                  2.301552

  clock cal_clk (rise edge)                                               2.500000   2.500000
  clock network delay (ideal)                                             0.000000   2.500000
  clock uncertainty                                                       -0.050000  2.450000
  det_medium_therm_q_reg[1]/CK (DFFRPQ_X1M_A9TR40)                        0.000000   2.450000 r
  library setup time                                                      -0.081927  2.368073
  data required time                                                                 2.368073
  ----------------------------------------------------------------------------------------------
  data required time                                                                 2.368073
  data arrival time                                                                  -2.301552
  ----------------------------------------------------------------------------------------------
  slack (MET)                                                                        0.066521


  Startpoint: state_q_reg[2]
              (rising edge-triggered flip-flop clocked by cal_clk)
  Endpoint: det_medium_therm_q_reg[0]
            (rising edge-triggered flip-flop clocked by cal_clk)
  Path Group: cal_clk
  Path Type: max

  Des/Clust/Port     Wire Load Model       Library
  ------------------------------------------------
  ftc_detection_margin_manager
                     Small                 sc9mc_logic0040ll_base_rvt_c40_ss_typical_max_0p99v_125c

  Point                                       Fanout       Cap     Trans      Incr       Path
  ----------------------------------------------------------------------------------------------
  clock cal_clk (rise edge)                                               0.000000   0.000000
  clock network delay (ideal)                                             0.000000   0.000000
  state_q_reg[2]/CK (DFFRPQ_X1M_A9TR40)                         0.050000  0.000000   0.000000 r
  state_q_reg[2]/Q (DFFRPQ_X1M_A9TR40) <-                       0.086762  0.302334   0.302334 f
  state_q[2] (net)                              5     0.006072            0.000000   0.302334 f
  U134/A (INV_X0P5B_A9TR40)                                     0.086762  0.000015   0.302348 f
  U134/Y (INV_X0P5B_A9TR40)                                     0.158167  0.119887   0.422236 r
  n50 (net)                                     3     0.003803            0.000000   0.422236 r
  U133/B (NAND2_X0P5A_A9TR40)                                   0.158167  0.000016   0.422252 r
  U133/Y (NAND2_X0P5A_A9TR40)                                   0.212014  0.192980   0.615232 f
  n37 (net)                                     4     0.004940            0.000000   0.615232 f
  U197/A (NOR3_X1A_A9TR40)                                      0.212014  0.000017   0.615248 f
  U197/Y (NOR3_X1A_A9TR40)                                      0.212610  0.183355   0.798603 r
  det_takeover_ready_o (net)                    2     0.002004            0.000000   0.798603 r
  U198/BN (NOR4BB_X0P7M_A9TR40)                                 0.212610  0.000018   0.798621 r
  U198/Y (NOR4BB_X0P7M_A9TR40)                                  0.199200  0.247360   1.045981 r
  n4 (net)                                      1     0.001602            0.000000   1.045981 r
  U141/A (BUFH_X1M_A9TR40)                                      0.199200  0.000028   1.046009 r
  U141/Y (BUFH_X1M_A9TR40)                                      0.077797  0.138841   1.184850 r
  n166 (net)                                    2     0.002828            0.000000   1.184850 r
  U188/A (BUF_X2M_A9TR40)                                       0.077797  0.000020   1.184870 r
  U188/Y (BUF_X2M_A9TR40)                                       0.196430  0.171294   1.356164 r
  n164 (net)                                   16     0.018413            0.000000   1.356164 r
  U192/B0 (AOI2XB1_X1M_A9TR40)                                  0.196430  0.000015   1.356179 r
  U192/Y (AOI2XB1_X1M_A9TR40)                                   0.089231  0.104741   1.460920 f
  n1 (net)                                      1     0.001588            0.000000   1.460920 f
  U178/A (BUFH_X1M_A9TR40)                                      0.089231  0.000027   1.460947 f
  U178/Y (BUFH_X1M_A9TR40)                                      0.050187  0.101437   1.562385 f
  n172 (net)                                    2     0.002795            0.000000   1.562385 f
  U189/A (BUF_X2M_A9TR40)                                       0.050187  0.000020   1.562405 f
  U189/Y (BUF_X2M_A9TR40)                                       0.119513  0.144880   1.707285 f
  n170 (net)                                   16     0.018010            0.000000   1.707285 f
  U183/A (NOR2_X1A_A9TR40)                                      0.119513  0.000015   1.707299 f
  U183/Y (NOR2_X1A_A9TR40)                                      0.117579  0.105643   1.812942 r
  n3 (net)                                      1     0.001602            0.000000   1.812942 r
  U165/A (BUFH_X1M_A9TR40)                                      0.117579  0.000028   1.812970 r
  U165/Y (BUFH_X1M_A9TR40)                                      0.076291  0.112430   1.925400 r
  n169 (net)                                    2     0.002828            0.000000   1.925400 r
  U181/A (BUF_X2M_A9TR40)                                       0.076291  0.000020   1.925420 r
  U181/Y (BUF_X2M_A9TR40)                                       0.125195  0.133627   2.059047 r
  n168 (net)                                   10     0.011135            0.000000   2.059047 r
  U4/A1 (AOI22_X0P5M_A9TR40)                                    0.125195  0.000013   2.059060 r
  U4/Y (AOI22_X0P5M_A9TR40)                                     0.136611  0.143058   2.202117 f
  n2 (net)                                      1     0.001375            0.000000   2.202117 f
  U3/A0N (AO1B2_X0P5M_A9TR40)                                   0.136611  0.000024   2.202141 f
  U3/Y (AO1B2_X0P5M_A9TR40)                                     0.099263  0.099383   2.301525 r
  n59 (net)                                     1     0.001559            0.000000   2.301525 r
  det_medium_therm_q_reg[0]/D (DFFRPQ_X1M_A9TR40)               0.099263  0.000027   2.301552 r
  data arrival time                                                                  2.301552

  clock cal_clk (rise edge)                                               2.500000   2.500000
  clock network delay (ideal)                                             0.000000   2.500000
  clock uncertainty                                                       -0.050000  2.450000
  det_medium_therm_q_reg[0]/CK (DFFRPQ_X1M_A9TR40)                        0.000000   2.450000 r
  library setup time                                                      -0.081927  2.368073
  data required time                                                                 2.368073
  ----------------------------------------------------------------------------------------------
  data required time                                                                 2.368073
  data arrival time                                                                  -2.301552
  ----------------------------------------------------------------------------------------------
  slack (MET)                                                                        0.066521


  Startpoint: state_q_reg[1]
              (rising edge-triggered flip-flop clocked by cal_clk)
  Endpoint: det_medium_therm_q_reg[15]
            (rising edge-triggered flip-flop clocked by cal_clk)
  Path Group: cal_clk
  Path Type: max

  Des/Clust/Port     Wire Load Model       Library
  ------------------------------------------------
  ftc_detection_margin_manager
                     Small                 sc9mc_logic0040ll_base_rvt_c40_ss_typical_max_0p99v_125c

  Point                                       Fanout       Cap     Trans      Incr       Path
  ----------------------------------------------------------------------------------------------
  clock cal_clk (rise edge)                                               0.000000   0.000000
  clock network delay (ideal)                                             0.000000   0.000000
  state_q_reg[1]/CK (DFFRPQ_X1M_A9TR40)                         0.050000  0.000000   0.000000 r
  state_q_reg[1]/Q (DFFRPQ_X1M_A9TR40) <-                       0.165710  0.346932   0.346932 r
  state_q[1] (net)                              6     0.007180            0.000000   0.346932 r
  U132/A (INV_X0P5B_A9TR40)                                     0.165710  0.000015   0.346947 r
  U132/Y (INV_X0P5B_A9TR40)                                     0.160497  0.164915   0.511862 f
  n35 (net)                                     4     0.004946            0.000000   0.511862 f
  U197/C (NOR3_X1A_A9TR40)                                      0.160497  0.000017   0.511879 f
  U197/Y (NOR3_X1A_A9TR40)                                      0.212610  0.194642   0.706520 r
  det_takeover_ready_o (net)                    2     0.002004            0.000000   0.706520 r
  U198/BN (NOR4BB_X0P7M_A9TR40)                                 0.212610  0.000018   0.706538 r
  U198/Y (NOR4BB_X0P7M_A9TR40)                                  0.199200  0.247360   0.953898 r
  n4 (net)                                      1     0.001602            0.000000   0.953898 r
  U141/A (BUFH_X1M_A9TR40)                                      0.199200  0.000028   0.953926 r
  U141/Y (BUFH_X1M_A9TR40)                                      0.077797  0.138841   1.092767 r
  n166 (net)                                    2     0.002828            0.000000   1.092767 r
  U188/A (BUF_X2M_A9TR40)                                       0.077797  0.000020   1.092787 r
  U188/Y (BUF_X2M_A9TR40)                                       0.196430  0.171294   1.264081 r
  n164 (net)                                   16     0.018413            0.000000   1.264081 r
  U192/B0 (AOI2XB1_X1M_A9TR40)                                  0.196430  0.000015   1.264096 r
  U192/Y (AOI2XB1_X1M_A9TR40)                                   0.089231  0.104741   1.368837 f
  n1 (net)                                      1     0.001588            0.000000   1.368837 f
  U178/A (BUFH_X1M_A9TR40)                                      0.089231  0.000027   1.368864 f
  U178/Y (BUFH_X1M_A9TR40)                                      0.050187  0.101437   1.470302 f
  n172 (net)                                    2     0.002795            0.000000   1.470302 f
  U189/A (BUF_X2M_A9TR40)                                       0.050187  0.000020   1.470322 f
  U189/Y (BUF_X2M_A9TR40)                                       0.119513  0.144880   1.615202 f
  n170 (net)                                   16     0.018010            0.000000   1.615202 f
  U183/A (NOR2_X1A_A9TR40)                                      0.119513  0.000015   1.615216 f
  U183/Y (NOR2_X1A_A9TR40)                                      0.117579  0.105643   1.720859 r
  n3 (net)                                      1     0.001602            0.000000   1.720859 r
  U165/A (BUFH_X1M_A9TR40)                                      0.117579  0.000028   1.720887 r
  U165/Y (BUFH_X1M_A9TR40)                                      0.076291  0.112430   1.833317 r
  n169 (net)                                    2     0.002828            0.000000   1.833317 r
  U180/A (BUF_X2M_A9TR40)                                       0.076291  0.000020   1.833337 r
  U180/Y (BUF_X2M_A9TR40)                                       0.188724  0.166756   2.000093 r
  n167 (net)                                   16     0.017637            0.000000   2.000093 r
  U34/A1 (AOI22_X0P5M_A9TR40)                                   0.188724  0.000013   2.000106 r
  U34/Y (AOI22_X0P5M_A9TR40)                                    0.139917  0.167995   2.168101 f
  n19 (net)                                     1     0.001375            0.000000   2.168101 f
  U33/A0N (AO1B2_X0P5M_A9TR40)                                  0.139917  0.000024   2.168125 f
  U33/Y (AO1B2_X0P5M_A9TR40)                                    0.099884  0.100654   2.268779 r
  n74 (net)                                     1     0.001559            0.000000   2.268779 r
  det_medium_therm_q_reg[15]/D (DFFRPQ_X1M_A9TR40)              0.099884  0.000027   2.268806 r
  data arrival time                                                                  2.268806

  clock cal_clk (rise edge)                                               2.500000   2.500000
  clock network delay (ideal)                                             0.000000   2.500000
  clock uncertainty                                                       -0.050000  2.450000
  det_medium_therm_q_reg[15]/CK (DFFRPQ_X1M_A9TR40)                       0.000000   2.450000 r
  library setup time                                                      -0.082106  2.367894
  data required time                                                                 2.367894
  ----------------------------------------------------------------------------------------------
  data required time                                                                 2.367894
  data arrival time                                                                  -2.268806
  ----------------------------------------------------------------------------------------------
  slack (MET)                                                                        0.099088


  Startpoint: state_q_reg[1]
              (rising edge-triggered flip-flop clocked by cal_clk)
  Endpoint: det_medium_therm_q_reg[14]
            (rising edge-triggered flip-flop clocked by cal_clk)
  Path Group: cal_clk
  Path Type: max

  Des/Clust/Port     Wire Load Model       Library
  ------------------------------------------------
  ftc_detection_margin_manager
                     Small                 sc9mc_logic0040ll_base_rvt_c40_ss_typical_max_0p99v_125c

  Point                                       Fanout       Cap     Trans      Incr       Path
  ----------------------------------------------------------------------------------------------
  clock cal_clk (rise edge)                                               0.000000   0.000000
  clock network delay (ideal)                                             0.000000   0.000000
  state_q_reg[1]/CK (DFFRPQ_X1M_A9TR40)                         0.050000  0.000000   0.000000 r
  state_q_reg[1]/Q (DFFRPQ_X1M_A9TR40) <-                       0.165710  0.346932   0.346932 r
  state_q[1] (net)                              6     0.007180            0.000000   0.346932 r
  U132/A (INV_X0P5B_A9TR40)                                     0.165710  0.000015   0.346947 r
  U132/Y (INV_X0P5B_A9TR40)                                     0.160497  0.164915   0.511862 f
  n35 (net)                                     4     0.004946            0.000000   0.511862 f
  U197/C (NOR3_X1A_A9TR40)                                      0.160497  0.000017   0.511879 f
  U197/Y (NOR3_X1A_A9TR40)                                      0.212610  0.194642   0.706520 r
  det_takeover_ready_o (net)                    2     0.002004            0.000000   0.706520 r
  U198/BN (NOR4BB_X0P7M_A9TR40)                                 0.212610  0.000018   0.706538 r
  U198/Y (NOR4BB_X0P7M_A9TR40)                                  0.199200  0.247360   0.953898 r
  n4 (net)                                      1     0.001602            0.000000   0.953898 r
  U141/A (BUFH_X1M_A9TR40)                                      0.199200  0.000028   0.953926 r
  U141/Y (BUFH_X1M_A9TR40)                                      0.077797  0.138841   1.092767 r
  n166 (net)                                    2     0.002828            0.000000   1.092767 r
  U188/A (BUF_X2M_A9TR40)                                       0.077797  0.000020   1.092787 r
  U188/Y (BUF_X2M_A9TR40)                                       0.196430  0.171294   1.264081 r
  n164 (net)                                   16     0.018413            0.000000   1.264081 r
  U192/B0 (AOI2XB1_X1M_A9TR40)                                  0.196430  0.000015   1.264096 r
  U192/Y (AOI2XB1_X1M_A9TR40)                                   0.089231  0.104741   1.368837 f
  n1 (net)                                      1     0.001588            0.000000   1.368837 f
  U178/A (BUFH_X1M_A9TR40)                                      0.089231  0.000027   1.368864 f
  U178/Y (BUFH_X1M_A9TR40)                                      0.050187  0.101437   1.470302 f
  n172 (net)                                    2     0.002795            0.000000   1.470302 f
  U189/A (BUF_X2M_A9TR40)                                       0.050187  0.000020   1.470322 f
  U189/Y (BUF_X2M_A9TR40)                                       0.119513  0.144880   1.615202 f
  n170 (net)                                   16     0.018010            0.000000   1.615202 f
  U183/A (NOR2_X1A_A9TR40)                                      0.119513  0.000015   1.615216 f
  U183/Y (NOR2_X1A_A9TR40)                                      0.117579  0.105643   1.720859 r
  n3 (net)                                      1     0.001602            0.000000   1.720859 r
  U165/A (BUFH_X1M_A9TR40)                                      0.117579  0.000028   1.720887 r
  U165/Y (BUFH_X1M_A9TR40)                                      0.076291  0.112430   1.833317 r
  n169 (net)                                    2     0.002828            0.000000   1.833317 r
  U180/A (BUF_X2M_A9TR40)                                       0.076291  0.000020   1.833337 r
  U180/Y (BUF_X2M_A9TR40)                                       0.188724  0.166756   2.000093 r
  n167 (net)                                   16     0.017637            0.000000   2.000093 r
  U32/A1 (AOI22_X0P5M_A9TR40)                                   0.188724  0.000013   2.000106 r
  U32/Y (AOI22_X0P5M_A9TR40)                                    0.139917  0.167995   2.168101 f
  n18 (net)                                     1     0.001375            0.000000   2.168101 f
  U31/A0N (AO1B2_X0P5M_A9TR40)                                  0.139917  0.000024   2.168125 f
  U31/Y (AO1B2_X0P5M_A9TR40)                                    0.099884  0.100654   2.268779 r
  n73 (net)                                     1     0.001559            0.000000   2.268779 r
  det_medium_therm_q_reg[14]/D (DFFRPQ_X1M_A9TR40)              0.099884  0.000027   2.268806 r
  data arrival time                                                                  2.268806

  clock cal_clk (rise edge)                                               2.500000   2.500000
  clock network delay (ideal)                                             0.000000   2.500000
  clock uncertainty                                                       -0.050000  2.450000
  det_medium_therm_q_reg[14]/CK (DFFRPQ_X1M_A9TR40)                       0.000000   2.450000 r
  library setup time                                                      -0.082106  2.367894
  data required time                                                                 2.367894
  ----------------------------------------------------------------------------------------------
  data required time                                                                 2.367894
  data arrival time                                                                  -2.268806
  ----------------------------------------------------------------------------------------------
  slack (MET)                                                                        0.099088


  Startpoint: state_q_reg[1]
              (rising edge-triggered flip-flop clocked by cal_clk)
  Endpoint: det_medium_therm_q_reg[13]
            (rising edge-triggered flip-flop clocked by cal_clk)
  Path Group: cal_clk
  Path Type: max

  Des/Clust/Port     Wire Load Model       Library
  ------------------------------------------------
  ftc_detection_margin_manager
                     Small                 sc9mc_logic0040ll_base_rvt_c40_ss_typical_max_0p99v_125c

  Point                                       Fanout       Cap     Trans      Incr       Path
  ----------------------------------------------------------------------------------------------
  clock cal_clk (rise edge)                                               0.000000   0.000000
  clock network delay (ideal)                                             0.000000   0.000000
  state_q_reg[1]/CK (DFFRPQ_X1M_A9TR40)                         0.050000  0.000000   0.000000 r
  state_q_reg[1]/Q (DFFRPQ_X1M_A9TR40) <-                       0.165710  0.346932   0.346932 r
  state_q[1] (net)                              6     0.007180            0.000000   0.346932 r
  U132/A (INV_X0P5B_A9TR40)                                     0.165710  0.000015   0.346947 r
  U132/Y (INV_X0P5B_A9TR40)                                     0.160497  0.164915   0.511862 f
  n35 (net)                                     4     0.004946            0.000000   0.511862 f
  U197/C (NOR3_X1A_A9TR40)                                      0.160497  0.000017   0.511879 f
  U197/Y (NOR3_X1A_A9TR40)                                      0.212610  0.194642   0.706520 r
  det_takeover_ready_o (net)                    2     0.002004            0.000000   0.706520 r
  U198/BN (NOR4BB_X0P7M_A9TR40)                                 0.212610  0.000018   0.706538 r
  U198/Y (NOR4BB_X0P7M_A9TR40)                                  0.199200  0.247360   0.953898 r
  n4 (net)                                      1     0.001602            0.000000   0.953898 r
  U141/A (BUFH_X1M_A9TR40)                                      0.199200  0.000028   0.953926 r
  U141/Y (BUFH_X1M_A9TR40)                                      0.077797  0.138841   1.092767 r
  n166 (net)                                    2     0.002828            0.000000   1.092767 r
  U188/A (BUF_X2M_A9TR40)                                       0.077797  0.000020   1.092787 r
  U188/Y (BUF_X2M_A9TR40)                                       0.196430  0.171294   1.264081 r
  n164 (net)                                   16     0.018413            0.000000   1.264081 r
  U192/B0 (AOI2XB1_X1M_A9TR40)                                  0.196430  0.000015   1.264096 r
  U192/Y (AOI2XB1_X1M_A9TR40)                                   0.089231  0.104741   1.368837 f
  n1 (net)                                      1     0.001588            0.000000   1.368837 f
  U178/A (BUFH_X1M_A9TR40)                                      0.089231  0.000027   1.368864 f
  U178/Y (BUFH_X1M_A9TR40)                                      0.050187  0.101437   1.470302 f
  n172 (net)                                    2     0.002795            0.000000   1.470302 f
  U189/A (BUF_X2M_A9TR40)                                       0.050187  0.000020   1.470322 f
  U189/Y (BUF_X2M_A9TR40)                                       0.119513  0.144880   1.615202 f
  n170 (net)                                   16     0.018010            0.000000   1.615202 f
  U183/A (NOR2_X1A_A9TR40)                                      0.119513  0.000015   1.615216 f
  U183/Y (NOR2_X1A_A9TR40)                                      0.117579  0.105643   1.720859 r
  n3 (net)                                      1     0.001602            0.000000   1.720859 r
  U165/A (BUFH_X1M_A9TR40)                                      0.117579  0.000028   1.720887 r
  U165/Y (BUFH_X1M_A9TR40)                                      0.076291  0.112430   1.833317 r
  n169 (net)                                    2     0.002828            0.000000   1.833317 r
  U180/A (BUF_X2M_A9TR40)                                       0.076291  0.000020   1.833337 r
  U180/Y (BUF_X2M_A9TR40)                                       0.188724  0.166756   2.000093 r
  n167 (net)                                   16     0.017637            0.000000   2.000093 r
  U30/A1 (AOI22_X0P5M_A9TR40)                                   0.188724  0.000013   2.000106 r
  U30/Y (AOI22_X0P5M_A9TR40)                                    0.139917  0.167995   2.168101 f
  n17 (net)                                     1     0.001375            0.000000   2.168101 f
  U29/A0N (AO1B2_X0P5M_A9TR40)                                  0.139917  0.000024   2.168125 f
  U29/Y (AO1B2_X0P5M_A9TR40)                                    0.099884  0.100654   2.268779 r
  n72 (net)                                     1     0.001559            0.000000   2.268779 r
  det_medium_therm_q_reg[13]/D (DFFRPQ_X1M_A9TR40)              0.099884  0.000027   2.268806 r
  data arrival time                                                                  2.268806

  clock cal_clk (rise edge)                                               2.500000   2.500000
  clock network delay (ideal)                                             0.000000   2.500000
  clock uncertainty                                                       -0.050000  2.450000
  det_medium_therm_q_reg[13]/CK (DFFRPQ_X1M_A9TR40)                       0.000000   2.450000 r
  library setup time                                                      -0.082106  2.367894
  data required time                                                                 2.367894
  ----------------------------------------------------------------------------------------------
  data required time                                                                 2.367894
  data arrival time                                                                  -2.268806
  ----------------------------------------------------------------------------------------------
  slack (MET)                                                                        0.099088


  Startpoint: state_q_reg[1]
              (rising edge-triggered flip-flop clocked by cal_clk)
  Endpoint: det_medium_therm_q_reg[12]
            (rising edge-triggered flip-flop clocked by cal_clk)
  Path Group: cal_clk
  Path Type: max

  Des/Clust/Port     Wire Load Model       Library
  ------------------------------------------------
  ftc_detection_margin_manager
                     Small                 sc9mc_logic0040ll_base_rvt_c40_ss_typical_max_0p99v_125c

  Point                                       Fanout       Cap     Trans      Incr       Path
  ----------------------------------------------------------------------------------------------
  clock cal_clk (rise edge)                                               0.000000   0.000000
  clock network delay (ideal)                                             0.000000   0.000000
  state_q_reg[1]/CK (DFFRPQ_X1M_A9TR40)                         0.050000  0.000000   0.000000 r
  state_q_reg[1]/Q (DFFRPQ_X1M_A9TR40) <-                       0.165710  0.346932   0.346932 r
  state_q[1] (net)                              6     0.007180            0.000000   0.346932 r
  U132/A (INV_X0P5B_A9TR40)                                     0.165710  0.000015   0.346947 r
  U132/Y (INV_X0P5B_A9TR40)                                     0.160497  0.164915   0.511862 f
  n35 (net)                                     4     0.004946            0.000000   0.511862 f
  U197/C (NOR3_X1A_A9TR40)                                      0.160497  0.000017   0.511879 f
  U197/Y (NOR3_X1A_A9TR40)                                      0.212610  0.194642   0.706520 r
  det_takeover_ready_o (net)                    2     0.002004            0.000000   0.706520 r
  U198/BN (NOR4BB_X0P7M_A9TR40)                                 0.212610  0.000018   0.706538 r
  U198/Y (NOR4BB_X0P7M_A9TR40)                                  0.199200  0.247360   0.953898 r
  n4 (net)                                      1     0.001602            0.000000   0.953898 r
  U141/A (BUFH_X1M_A9TR40)                                      0.199200  0.000028   0.953926 r
  U141/Y (BUFH_X1M_A9TR40)                                      0.077797  0.138841   1.092767 r
  n166 (net)                                    2     0.002828            0.000000   1.092767 r
  U188/A (BUF_X2M_A9TR40)                                       0.077797  0.000020   1.092787 r
  U188/Y (BUF_X2M_A9TR40)                                       0.196430  0.171294   1.264081 r
  n164 (net)                                   16     0.018413            0.000000   1.264081 r
  U192/B0 (AOI2XB1_X1M_A9TR40)                                  0.196430  0.000015   1.264096 r
  U192/Y (AOI2XB1_X1M_A9TR40)                                   0.089231  0.104741   1.368837 f
  n1 (net)                                      1     0.001588            0.000000   1.368837 f
  U178/A (BUFH_X1M_A9TR40)                                      0.089231  0.000027   1.368864 f
  U178/Y (BUFH_X1M_A9TR40)                                      0.050187  0.101437   1.470302 f
  n172 (net)                                    2     0.002795            0.000000   1.470302 f
  U189/A (BUF_X2M_A9TR40)                                       0.050187  0.000020   1.470322 f
  U189/Y (BUF_X2M_A9TR40)                                       0.119513  0.144880   1.615202 f
  n170 (net)                                   16     0.018010            0.000000   1.615202 f
  U183/A (NOR2_X1A_A9TR40)                                      0.119513  0.000015   1.615216 f
  U183/Y (NOR2_X1A_A9TR40)                                      0.117579  0.105643   1.720859 r
  n3 (net)                                      1     0.001602            0.000000   1.720859 r
  U165/A (BUFH_X1M_A9TR40)                                      0.117579  0.000028   1.720887 r
  U165/Y (BUFH_X1M_A9TR40)                                      0.076291  0.112430   1.833317 r
  n169 (net)                                    2     0.002828            0.000000   1.833317 r
  U180/A (BUF_X2M_A9TR40)                                       0.076291  0.000020   1.833337 r
  U180/Y (BUF_X2M_A9TR40)                                       0.188724  0.166756   2.000093 r
  n167 (net)                                   16     0.017637            0.000000   2.000093 r
  U28/A1 (AOI22_X0P5M_A9TR40)                                   0.188724  0.000013   2.000106 r
  U28/Y (AOI22_X0P5M_A9TR40)                                    0.139917  0.167995   2.168101 f
  n16 (net)                                     1     0.001375            0.000000   2.168101 f
  U27/A0N (AO1B2_X0P5M_A9TR40)                                  0.139917  0.000024   2.168125 f
  U27/Y (AO1B2_X0P5M_A9TR40)                                    0.099884  0.100654   2.268779 r
  n71 (net)                                     1     0.001559            0.000000   2.268779 r
  det_medium_therm_q_reg[12]/D (DFFRPQ_X1M_A9TR40)              0.099884  0.000027   2.268806 r
  data arrival time                                                                  2.268806

  clock cal_clk (rise edge)                                               2.500000   2.500000
  clock network delay (ideal)                                             0.000000   2.500000
  clock uncertainty                                                       -0.050000  2.450000
  det_medium_therm_q_reg[12]/CK (DFFRPQ_X1M_A9TR40)                       0.000000   2.450000 r
  library setup time                                                      -0.082106  2.367894
  data required time                                                                 2.367894
  ----------------------------------------------------------------------------------------------
  data required time                                                                 2.367894
  data arrival time                                                                  -2.268806
  ----------------------------------------------------------------------------------------------
  slack (MET)                                                                        0.099088


  Startpoint: state_q_reg[1]
              (rising edge-triggered flip-flop clocked by cal_clk)
  Endpoint: det_medium_therm_q_reg[11]
            (rising edge-triggered flip-flop clocked by cal_clk)
  Path Group: cal_clk
  Path Type: max

  Des/Clust/Port     Wire Load Model       Library
  ------------------------------------------------
  ftc_detection_margin_manager
                     Small                 sc9mc_logic0040ll_base_rvt_c40_ss_typical_max_0p99v_125c

  Point                                       Fanout       Cap     Trans      Incr       Path
  ----------------------------------------------------------------------------------------------
  clock cal_clk (rise edge)                                               0.000000   0.000000
  clock network delay (ideal)                                             0.000000   0.000000
  state_q_reg[1]/CK (DFFRPQ_X1M_A9TR40)                         0.050000  0.000000   0.000000 r
  state_q_reg[1]/Q (DFFRPQ_X1M_A9TR40) <-                       0.165710  0.346932   0.346932 r
  state_q[1] (net)                              6     0.007180            0.000000   0.346932 r
  U132/A (INV_X0P5B_A9TR40)                                     0.165710  0.000015   0.346947 r
  U132/Y (INV_X0P5B_A9TR40)                                     0.160497  0.164915   0.511862 f
  n35 (net)                                     4     0.004946            0.000000   0.511862 f
  U197/C (NOR3_X1A_A9TR40)                                      0.160497  0.000017   0.511879 f
  U197/Y (NOR3_X1A_A9TR40)                                      0.212610  0.194642   0.706520 r
  det_takeover_ready_o (net)                    2     0.002004            0.000000   0.706520 r
  U198/BN (NOR4BB_X0P7M_A9TR40)                                 0.212610  0.000018   0.706538 r
  U198/Y (NOR4BB_X0P7M_A9TR40)                                  0.199200  0.247360   0.953898 r
  n4 (net)                                      1     0.001602            0.000000   0.953898 r
  U141/A (BUFH_X1M_A9TR40)                                      0.199200  0.000028   0.953926 r
  U141/Y (BUFH_X1M_A9TR40)                                      0.077797  0.138841   1.092767 r
  n166 (net)                                    2     0.002828            0.000000   1.092767 r
  U188/A (BUF_X2M_A9TR40)                                       0.077797  0.000020   1.092787 r
  U188/Y (BUF_X2M_A9TR40)                                       0.196430  0.171294   1.264081 r
  n164 (net)                                   16     0.018413            0.000000   1.264081 r
  U192/B0 (AOI2XB1_X1M_A9TR40)                                  0.196430  0.000015   1.264096 r
  U192/Y (AOI2XB1_X1M_A9TR40)                                   0.089231  0.104741   1.368837 f
  n1 (net)                                      1     0.001588            0.000000   1.368837 f
  U178/A (BUFH_X1M_A9TR40)                                      0.089231  0.000027   1.368864 f
  U178/Y (BUFH_X1M_A9TR40)                                      0.050187  0.101437   1.470302 f
  n172 (net)                                    2     0.002795            0.000000   1.470302 f
  U189/A (BUF_X2M_A9TR40)                                       0.050187  0.000020   1.470322 f
  U189/Y (BUF_X2M_A9TR40)                                       0.119513  0.144880   1.615202 f
  n170 (net)                                   16     0.018010            0.000000   1.615202 f
  U183/A (NOR2_X1A_A9TR40)                                      0.119513  0.000015   1.615216 f
  U183/Y (NOR2_X1A_A9TR40)                                      0.117579  0.105643   1.720859 r
  n3 (net)                                      1     0.001602            0.000000   1.720859 r
  U165/A (BUFH_X1M_A9TR40)                                      0.117579  0.000028   1.720887 r
  U165/Y (BUFH_X1M_A9TR40)                                      0.076291  0.112430   1.833317 r
  n169 (net)                                    2     0.002828            0.000000   1.833317 r
  U180/A (BUF_X2M_A9TR40)                                       0.076291  0.000020   1.833337 r
  U180/Y (BUF_X2M_A9TR40)                                       0.188724  0.166756   2.000093 r
  n167 (net)                                   16     0.017637            0.000000   2.000093 r
  U26/A1 (AOI22_X0P5M_A9TR40)                                   0.188724  0.000013   2.000106 r
  U26/Y (AOI22_X0P5M_A9TR40)                                    0.139917  0.167995   2.168101 f
  n15 (net)                                     1     0.001375            0.000000   2.168101 f
  U25/A0N (AO1B2_X0P5M_A9TR40)                                  0.139917  0.000024   2.168125 f
  U25/Y (AO1B2_X0P5M_A9TR40)                                    0.099884  0.100654   2.268779 r
  n70 (net)                                     1     0.001559            0.000000   2.268779 r
  det_medium_therm_q_reg[11]/D (DFFRPQ_X1M_A9TR40)              0.099884  0.000027   2.268806 r
  data arrival time                                                                  2.268806

  clock cal_clk (rise edge)                                               2.500000   2.500000
  clock network delay (ideal)                                             0.000000   2.500000
  clock uncertainty                                                       -0.050000  2.450000
  det_medium_therm_q_reg[11]/CK (DFFRPQ_X1M_A9TR40)                       0.000000   2.450000 r
  library setup time                                                      -0.082106  2.367894
  data required time                                                                 2.367894
  ----------------------------------------------------------------------------------------------
  data required time                                                                 2.367894
  data arrival time                                                                  -2.268806
  ----------------------------------------------------------------------------------------------
  slack (MET)                                                                        0.099088


  Startpoint: state_q_reg[1]
              (rising edge-triggered flip-flop clocked by cal_clk)
  Endpoint: det_medium_therm_q_reg[10]
            (rising edge-triggered flip-flop clocked by cal_clk)
  Path Group: cal_clk
  Path Type: max

  Des/Clust/Port     Wire Load Model       Library
  ------------------------------------------------
  ftc_detection_margin_manager
                     Small                 sc9mc_logic0040ll_base_rvt_c40_ss_typical_max_0p99v_125c

  Point                                       Fanout       Cap     Trans      Incr       Path
  ----------------------------------------------------------------------------------------------
  clock cal_clk (rise edge)                                               0.000000   0.000000
  clock network delay (ideal)                                             0.000000   0.000000
  state_q_reg[1]/CK (DFFRPQ_X1M_A9TR40)                         0.050000  0.000000   0.000000 r
  state_q_reg[1]/Q (DFFRPQ_X1M_A9TR40) <-                       0.165710  0.346932   0.346932 r
  state_q[1] (net)                              6     0.007180            0.000000   0.346932 r
  U132/A (INV_X0P5B_A9TR40)                                     0.165710  0.000015   0.346947 r
  U132/Y (INV_X0P5B_A9TR40)                                     0.160497  0.164915   0.511862 f
  n35 (net)                                     4     0.004946            0.000000   0.511862 f
  U197/C (NOR3_X1A_A9TR40)                                      0.160497  0.000017   0.511879 f
  U197/Y (NOR3_X1A_A9TR40)                                      0.212610  0.194642   0.706520 r
  det_takeover_ready_o (net)                    2     0.002004            0.000000   0.706520 r
  U198/BN (NOR4BB_X0P7M_A9TR40)                                 0.212610  0.000018   0.706538 r
  U198/Y (NOR4BB_X0P7M_A9TR40)                                  0.199200  0.247360   0.953898 r
  n4 (net)                                      1     0.001602            0.000000   0.953898 r
  U141/A (BUFH_X1M_A9TR40)                                      0.199200  0.000028   0.953926 r
  U141/Y (BUFH_X1M_A9TR40)                                      0.077797  0.138841   1.092767 r
  n166 (net)                                    2     0.002828            0.000000   1.092767 r
  U188/A (BUF_X2M_A9TR40)                                       0.077797  0.000020   1.092787 r
  U188/Y (BUF_X2M_A9TR40)                                       0.196430  0.171294   1.264081 r
  n164 (net)                                   16     0.018413            0.000000   1.264081 r
  U192/B0 (AOI2XB1_X1M_A9TR40)                                  0.196430  0.000015   1.264096 r
  U192/Y (AOI2XB1_X1M_A9TR40)                                   0.089231  0.104741   1.368837 f
  n1 (net)                                      1     0.001588            0.000000   1.368837 f
  U178/A (BUFH_X1M_A9TR40)                                      0.089231  0.000027   1.368864 f
  U178/Y (BUFH_X1M_A9TR40)                                      0.050187  0.101437   1.470302 f
  n172 (net)                                    2     0.002795            0.000000   1.470302 f
  U189/A (BUF_X2M_A9TR40)                                       0.050187  0.000020   1.470322 f
  U189/Y (BUF_X2M_A9TR40)                                       0.119513  0.144880   1.615202 f
  n170 (net)                                   16     0.018010            0.000000   1.615202 f
  U183/A (NOR2_X1A_A9TR40)                                      0.119513  0.000015   1.615216 f
  U183/Y (NOR2_X1A_A9TR40)                                      0.117579  0.105643   1.720859 r
  n3 (net)                                      1     0.001602            0.000000   1.720859 r
  U165/A (BUFH_X1M_A9TR40)                                      0.117579  0.000028   1.720887 r
  U165/Y (BUFH_X1M_A9TR40)                                      0.076291  0.112430   1.833317 r
  n169 (net)                                    2     0.002828            0.000000   1.833317 r
  U180/A (BUF_X2M_A9TR40)                                       0.076291  0.000020   1.833337 r
  U180/Y (BUF_X2M_A9TR40)                                       0.188724  0.166756   2.000093 r
  n167 (net)                                   16     0.017637            0.000000   2.000093 r
  U24/A1 (AOI22_X0P5M_A9TR40)                                   0.188724  0.000013   2.000106 r
  U24/Y (AOI22_X0P5M_A9TR40)                                    0.139917  0.167995   2.168101 f
  n14 (net)                                     1     0.001375            0.000000   2.168101 f
  U23/A0N (AO1B2_X0P5M_A9TR40)                                  0.139917  0.000024   2.168125 f
  U23/Y (AO1B2_X0P5M_A9TR40)                                    0.099884  0.100654   2.268779 r
  n69 (net)                                     1     0.001559            0.000000   2.268779 r
  det_medium_therm_q_reg[10]/D (DFFRPQ_X1M_A9TR40)              0.099884  0.000027   2.268806 r
  data arrival time                                                                  2.268806

  clock cal_clk (rise edge)                                               2.500000   2.500000
  clock network delay (ideal)                                             0.000000   2.500000
  clock uncertainty                                                       -0.050000  2.450000
  det_medium_therm_q_reg[10]/CK (DFFRPQ_X1M_A9TR40)                       0.000000   2.450000 r
  library setup time                                                      -0.082106  2.367894
  data required time                                                                 2.367894
  ----------------------------------------------------------------------------------------------
  data required time                                                                 2.367894
  data arrival time                                                                  -2.268806
  ----------------------------------------------------------------------------------------------
  slack (MET)                                                                        0.099088


  Startpoint: state_q_reg[1]
              (rising edge-triggered flip-flop clocked by cal_clk)
  Endpoint: det_fine_therm_q_reg[9]
            (rising edge-triggered flip-flop clocked by cal_clk)
  Path Group: cal_clk
  Path Type: max

  Des/Clust/Port     Wire Load Model       Library
  ------------------------------------------------
  ftc_detection_margin_manager
                     Small                 sc9mc_logic0040ll_base_rvt_c40_ss_typical_max_0p99v_125c

  Point                                       Fanout       Cap     Trans      Incr       Path
  ----------------------------------------------------------------------------------------------
  clock cal_clk (rise edge)                                               0.000000   0.000000
  clock network delay (ideal)                                             0.000000   0.000000
  state_q_reg[1]/CK (DFFRPQ_X1M_A9TR40)                         0.050000  0.000000   0.000000 r
  state_q_reg[1]/Q (DFFRPQ_X1M_A9TR40) <-                       0.165710  0.346932   0.346932 r
  state_q[1] (net)                              6     0.007180            0.000000   0.346932 r
  U132/A (INV_X0P5B_A9TR40)                                     0.165710  0.000015   0.346947 r
  U132/Y (INV_X0P5B_A9TR40)                                     0.160497  0.164915   0.511862 f
  n35 (net)                                     4     0.004946            0.000000   0.511862 f
  U197/C (NOR3_X1A_A9TR40)                                      0.160497  0.000017   0.511879 f
  U197/Y (NOR3_X1A_A9TR40)                                      0.212610  0.194642   0.706520 r
  det_takeover_ready_o (net)                    2     0.002004            0.000000   0.706520 r
  U198/BN (NOR4BB_X0P7M_A9TR40)                                 0.212610  0.000018   0.706538 r
  U198/Y (NOR4BB_X0P7M_A9TR40)                                  0.199200  0.247360   0.953898 r
  n4 (net)                                      1     0.001602            0.000000   0.953898 r
  U141/A (BUFH_X1M_A9TR40)                                      0.199200  0.000028   0.953926 r
  U141/Y (BUFH_X1M_A9TR40)                                      0.077797  0.138841   1.092767 r
  n166 (net)                                    2     0.002828            0.000000   1.092767 r
  U188/A (BUF_X2M_A9TR40)                                       0.077797  0.000020   1.092787 r
  U188/Y (BUF_X2M_A9TR40)                                       0.196430  0.171294   1.264081 r
  n164 (net)                                   16     0.018413            0.000000   1.264081 r
  U192/B0 (AOI2XB1_X1M_A9TR40)                                  0.196430  0.000015   1.264096 r
  U192/Y (AOI2XB1_X1M_A9TR40)                                   0.089231  0.104741   1.368837 f
  n1 (net)                                      1     0.001588            0.000000   1.368837 f
  U178/A (BUFH_X1M_A9TR40)                                      0.089231  0.000027   1.368864 f
  U178/Y (BUFH_X1M_A9TR40)                                      0.050187  0.101437   1.470302 f
  n172 (net)                                    2     0.002795            0.000000   1.470302 f
  U189/A (BUF_X2M_A9TR40)                                       0.050187  0.000020   1.470322 f
  U189/Y (BUF_X2M_A9TR40)                                       0.119513  0.144880   1.615202 f
  n170 (net)                                   16     0.018010            0.000000   1.615202 f
  U183/A (NOR2_X1A_A9TR40)                                      0.119513  0.000015   1.615216 f
  U183/Y (NOR2_X1A_A9TR40)                                      0.117579  0.105643   1.720859 r
  n3 (net)                                      1     0.001602            0.000000   1.720859 r
  U165/A (BUFH_X1M_A9TR40)                                      0.117579  0.000028   1.720887 r
  U165/Y (BUFH_X1M_A9TR40)                                      0.076291  0.112430   1.833317 r
  n169 (net)                                    2     0.002828            0.000000   1.833317 r
  U180/A (BUF_X2M_A9TR40)                                       0.076291  0.000020   1.833337 r
  U180/Y (BUF_X2M_A9TR40)                                       0.188724  0.166756   2.000093 r
  n167 (net)                                   16     0.017637            0.000000   2.000093 r
  U63/A1 (AOI22_X0P5M_A9TR40)                                   0.188724  0.000013   2.000106 r
  U63/Y (AOI22_X0P5M_A9TR40)                                    0.139917  0.167995   2.168101 f
  n31 (net)                                     1     0.001375            0.000000   2.168101 f
  U62/A0N (AO1B2_X0P5M_A9TR40)                                  0.139917  0.000024   2.168125 f
  U62/Y (AO1B2_X0P5M_A9TR40)                                    0.100342  0.100951   2.269075 r
  n93 (net)                                     1     0.001574            0.000000   2.269075 r
  det_fine_therm_q_reg[9]/D (DFFSQ_X1M_A9TR40)                  0.100342  0.000027   2.269103 r
  data arrival time                                                                  2.269103

  clock cal_clk (rise edge)                                               2.500000   2.500000
  clock network delay (ideal)                                             0.000000   2.500000
  clock uncertainty                                                       -0.050000  2.450000
  det_fine_therm_q_reg[9]/CK (DFFSQ_X1M_A9TR40)                           0.000000   2.450000 r
  library setup time                                                      -0.070604  2.379396
  data required time                                                                 2.379396
  ----------------------------------------------------------------------------------------------
  data required time                                                                 2.379396
  data arrival time                                                                  -2.269103
  ----------------------------------------------------------------------------------------------
  slack (MET)                                                                        0.110294


  Startpoint: state_q_reg[1]
              (rising edge-triggered flip-flop clocked by cal_clk)
  Endpoint: det_fine_therm_q_reg[8]
            (rising edge-triggered flip-flop clocked by cal_clk)
  Path Group: cal_clk
  Path Type: max

  Des/Clust/Port     Wire Load Model       Library
  ------------------------------------------------
  ftc_detection_margin_manager
                     Small                 sc9mc_logic0040ll_base_rvt_c40_ss_typical_max_0p99v_125c

  Point                                       Fanout       Cap     Trans      Incr       Path
  ----------------------------------------------------------------------------------------------
  clock cal_clk (rise edge)                                               0.000000   0.000000
  clock network delay (ideal)                                             0.000000   0.000000
  state_q_reg[1]/CK (DFFRPQ_X1M_A9TR40)                         0.050000  0.000000   0.000000 r
  state_q_reg[1]/Q (DFFRPQ_X1M_A9TR40) <-                       0.165710  0.346932   0.346932 r
  state_q[1] (net)                              6     0.007180            0.000000   0.346932 r
  U132/A (INV_X0P5B_A9TR40)                                     0.165710  0.000015   0.346947 r
  U132/Y (INV_X0P5B_A9TR40)                                     0.160497  0.164915   0.511862 f
  n35 (net)                                     4     0.004946            0.000000   0.511862 f
  U197/C (NOR3_X1A_A9TR40)                                      0.160497  0.000017   0.511879 f
  U197/Y (NOR3_X1A_A9TR40)                                      0.212610  0.194642   0.706520 r
  det_takeover_ready_o (net)                    2     0.002004            0.000000   0.706520 r
  U198/BN (NOR4BB_X0P7M_A9TR40)                                 0.212610  0.000018   0.706538 r
  U198/Y (NOR4BB_X0P7M_A9TR40)                                  0.199200  0.247360   0.953898 r
  n4 (net)                                      1     0.001602            0.000000   0.953898 r
  U141/A (BUFH_X1M_A9TR40)                                      0.199200  0.000028   0.953926 r
  U141/Y (BUFH_X1M_A9TR40)                                      0.077797  0.138841   1.092767 r
  n166 (net)                                    2     0.002828            0.000000   1.092767 r
  U188/A (BUF_X2M_A9TR40)                                       0.077797  0.000020   1.092787 r
  U188/Y (BUF_X2M_A9TR40)                                       0.196430  0.171294   1.264081 r
  n164 (net)                                   16     0.018413            0.000000   1.264081 r
  U192/B0 (AOI2XB1_X1M_A9TR40)                                  0.196430  0.000015   1.264096 r
  U192/Y (AOI2XB1_X1M_A9TR40)                                   0.089231  0.104741   1.368837 f
  n1 (net)                                      1     0.001588            0.000000   1.368837 f
  U178/A (BUFH_X1M_A9TR40)                                      0.089231  0.000027   1.368864 f
  U178/Y (BUFH_X1M_A9TR40)                                      0.050187  0.101437   1.470302 f
  n172 (net)                                    2     0.002795            0.000000   1.470302 f
  U189/A (BUF_X2M_A9TR40)                                       0.050187  0.000020   1.470322 f
  U189/Y (BUF_X2M_A9TR40)                                       0.119513  0.144880   1.615202 f
  n170 (net)                                   16     0.018010            0.000000   1.615202 f
  U183/A (NOR2_X1A_A9TR40)                                      0.119513  0.000015   1.615216 f
  U183/Y (NOR2_X1A_A9TR40)                                      0.117579  0.105643   1.720859 r
  n3 (net)                                      1     0.001602            0.000000   1.720859 r
  U165/A (BUFH_X1M_A9TR40)                                      0.117579  0.000028   1.720887 r
  U165/Y (BUFH_X1M_A9TR40)                                      0.076291  0.112430   1.833317 r
  n169 (net)                                    2     0.002828            0.000000   1.833317 r
  U180/A (BUF_X2M_A9TR40)                                       0.076291  0.000020   1.833337 r
  U180/Y (BUF_X2M_A9TR40)                                       0.188724  0.166756   2.000093 r
  n167 (net)                                   16     0.017637            0.000000   2.000093 r
  U60/A1 (AOI22_X0P5M_A9TR40)                                   0.188724  0.000013   2.000106 r
  U60/Y (AOI22_X0P5M_A9TR40)                                    0.139917  0.167995   2.168101 f
  n30 (net)                                     1     0.001375            0.000000   2.168101 f
  U59/A0N (AO1B2_X0P5M_A9TR40)                                  0.139917  0.000024   2.168125 f
  U59/Y (AO1B2_X0P5M_A9TR40)                                    0.100342  0.100951   2.269075 r
  n91 (net)                                     1     0.001574            0.000000   2.269075 r
  det_fine_therm_q_reg[8]/D (DFFSQ_X1M_A9TR40)                  0.100342  0.000027   2.269103 r
  data arrival time                                                                  2.269103

  clock cal_clk (rise edge)                                               2.500000   2.500000
  clock network delay (ideal)                                             0.000000   2.500000
  clock uncertainty                                                       -0.050000  2.450000
  det_fine_therm_q_reg[8]/CK (DFFSQ_X1M_A9TR40)                           0.000000   2.450000 r
  library setup time                                                      -0.070604  2.379396
  data required time                                                                 2.379396
  ----------------------------------------------------------------------------------------------
  data required time                                                                 2.379396
  data arrival time                                                                  -2.269103
  ----------------------------------------------------------------------------------------------
  slack (MET)                                                                        0.110294


  Startpoint: state_q_reg[1]
              (rising edge-triggered flip-flop clocked by cal_clk)
  Endpoint: det_fine_therm_q_reg[7]
            (rising edge-triggered flip-flop clocked by cal_clk)
  Path Group: cal_clk
  Path Type: max

  Des/Clust/Port     Wire Load Model       Library
  ------------------------------------------------
  ftc_detection_margin_manager
                     Small                 sc9mc_logic0040ll_base_rvt_c40_ss_typical_max_0p99v_125c

  Point                                       Fanout       Cap     Trans      Incr       Path
  ----------------------------------------------------------------------------------------------
  clock cal_clk (rise edge)                                               0.000000   0.000000
  clock network delay (ideal)                                             0.000000   0.000000
  state_q_reg[1]/CK (DFFRPQ_X1M_A9TR40)                         0.050000  0.000000   0.000000 r
  state_q_reg[1]/Q (DFFRPQ_X1M_A9TR40) <-                       0.165710  0.346932   0.346932 r
  state_q[1] (net)                              6     0.007180            0.000000   0.346932 r
  U132/A (INV_X0P5B_A9TR40)                                     0.165710  0.000015   0.346947 r
  U132/Y (INV_X0P5B_A9TR40)                                     0.160497  0.164915   0.511862 f
  n35 (net)                                     4     0.004946            0.000000   0.511862 f
  U197/C (NOR3_X1A_A9TR40)                                      0.160497  0.000017   0.511879 f
  U197/Y (NOR3_X1A_A9TR40)                                      0.212610  0.194642   0.706520 r
  det_takeover_ready_o (net)                    2     0.002004            0.000000   0.706520 r
  U198/BN (NOR4BB_X0P7M_A9TR40)                                 0.212610  0.000018   0.706538 r
  U198/Y (NOR4BB_X0P7M_A9TR40)                                  0.199200  0.247360   0.953898 r
  n4 (net)                                      1     0.001602            0.000000   0.953898 r
  U141/A (BUFH_X1M_A9TR40)                                      0.199200  0.000028   0.953926 r
  U141/Y (BUFH_X1M_A9TR40)                                      0.077797  0.138841   1.092767 r
  n166 (net)                                    2     0.002828            0.000000   1.092767 r
  U188/A (BUF_X2M_A9TR40)                                       0.077797  0.000020   1.092787 r
  U188/Y (BUF_X2M_A9TR40)                                       0.196430  0.171294   1.264081 r
  n164 (net)                                   16     0.018413            0.000000   1.264081 r
  U192/B0 (AOI2XB1_X1M_A9TR40)                                  0.196430  0.000015   1.264096 r
  U192/Y (AOI2XB1_X1M_A9TR40)                                   0.089231  0.104741   1.368837 f
  n1 (net)                                      1     0.001588            0.000000   1.368837 f
  U178/A (BUFH_X1M_A9TR40)                                      0.089231  0.000027   1.368864 f
  U178/Y (BUFH_X1M_A9TR40)                                      0.050187  0.101437   1.470302 f
  n172 (net)                                    2     0.002795            0.000000   1.470302 f
  U189/A (BUF_X2M_A9TR40)                                       0.050187  0.000020   1.470322 f
  U189/Y (BUF_X2M_A9TR40)                                       0.119513  0.144880   1.615202 f
  n170 (net)                                   16     0.018010            0.000000   1.615202 f
  U183/A (NOR2_X1A_A9TR40)                                      0.119513  0.000015   1.615216 f
  U183/Y (NOR2_X1A_A9TR40)                                      0.117579  0.105643   1.720859 r
  n3 (net)                                      1     0.001602            0.000000   1.720859 r
  U165/A (BUFH_X1M_A9TR40)                                      0.117579  0.000028   1.720887 r
  U165/Y (BUFH_X1M_A9TR40)                                      0.076291  0.112430   1.833317 r
  n169 (net)                                    2     0.002828            0.000000   1.833317 r
  U180/A (BUF_X2M_A9TR40)                                       0.076291  0.000020   1.833337 r
  U180/Y (BUF_X2M_A9TR40)                                       0.188724  0.166756   2.000093 r
  n167 (net)                                   16     0.017637            0.000000   2.000093 r
  U57/A1 (AOI22_X0P5M_A9TR40)                                   0.188724  0.000013   2.000106 r
  U57/Y (AOI22_X0P5M_A9TR40)                                    0.139917  0.167995   2.168101 f
  n29 (net)                                     1     0.001375            0.000000   2.168101 f
  U56/A0N (AO1B2_X0P5M_A9TR40)                                  0.139917  0.000024   2.168125 f
  U56/Y (AO1B2_X0P5M_A9TR40)                                    0.100342  0.100951   2.269075 r
  n89 (net)                                     1     0.001574            0.000000   2.269075 r
  det_fine_therm_q_reg[7]/D (DFFSQ_X1M_A9TR40)                  0.100342  0.000027   2.269103 r
  data arrival time                                                                  2.269103

  clock cal_clk (rise edge)                                               2.500000   2.500000
  clock network delay (ideal)                                             0.000000   2.500000
  clock uncertainty                                                       -0.050000  2.450000
  det_fine_therm_q_reg[7]/CK (DFFSQ_X1M_A9TR40)                           0.000000   2.450000 r
  library setup time                                                      -0.070604  2.379396
  data required time                                                                 2.379396
  ----------------------------------------------------------------------------------------------
  data required time                                                                 2.379396
  data arrival time                                                                  -2.269103
  ----------------------------------------------------------------------------------------------
  slack (MET)                                                                        0.110294


  Startpoint: state_q_reg[1]
              (rising edge-triggered flip-flop clocked by cal_clk)
  Endpoint: det_fine_therm_q_reg[6]
            (rising edge-triggered flip-flop clocked by cal_clk)
  Path Group: cal_clk
  Path Type: max

  Des/Clust/Port     Wire Load Model       Library
  ------------------------------------------------
  ftc_detection_margin_manager
                     Small                 sc9mc_logic0040ll_base_rvt_c40_ss_typical_max_0p99v_125c

  Point                                       Fanout       Cap     Trans      Incr       Path
  ----------------------------------------------------------------------------------------------
  clock cal_clk (rise edge)                                               0.000000   0.000000
  clock network delay (ideal)                                             0.000000   0.000000
  state_q_reg[1]/CK (DFFRPQ_X1M_A9TR40)                         0.050000  0.000000   0.000000 r
  state_q_reg[1]/Q (DFFRPQ_X1M_A9TR40) <-                       0.165710  0.346932   0.346932 r
  state_q[1] (net)                              6     0.007180            0.000000   0.346932 r
  U132/A (INV_X0P5B_A9TR40)                                     0.165710  0.000015   0.346947 r
  U132/Y (INV_X0P5B_A9TR40)                                     0.160497  0.164915   0.511862 f
  n35 (net)                                     4     0.004946            0.000000   0.511862 f
  U197/C (NOR3_X1A_A9TR40)                                      0.160497  0.000017   0.511879 f
  U197/Y (NOR3_X1A_A9TR40)                                      0.212610  0.194642   0.706520 r
  det_takeover_ready_o (net)                    2     0.002004            0.000000   0.706520 r
  U198/BN (NOR4BB_X0P7M_A9TR40)                                 0.212610  0.000018   0.706538 r
  U198/Y (NOR4BB_X0P7M_A9TR40)                                  0.199200  0.247360   0.953898 r
  n4 (net)                                      1     0.001602            0.000000   0.953898 r
  U141/A (BUFH_X1M_A9TR40)                                      0.199200  0.000028   0.953926 r
  U141/Y (BUFH_X1M_A9TR40)                                      0.077797  0.138841   1.092767 r
  n166 (net)                                    2     0.002828            0.000000   1.092767 r
  U188/A (BUF_X2M_A9TR40)                                       0.077797  0.000020   1.092787 r
  U188/Y (BUF_X2M_A9TR40)                                       0.196430  0.171294   1.264081 r
  n164 (net)                                   16     0.018413            0.000000   1.264081 r
  U192/B0 (AOI2XB1_X1M_A9TR40)                                  0.196430  0.000015   1.264096 r
  U192/Y (AOI2XB1_X1M_A9TR40)                                   0.089231  0.104741   1.368837 f
  n1 (net)                                      1     0.001588            0.000000   1.368837 f
  U178/A (BUFH_X1M_A9TR40)                                      0.089231  0.000027   1.368864 f
  U178/Y (BUFH_X1M_A9TR40)                                      0.050187  0.101437   1.470302 f
  n172 (net)                                    2     0.002795            0.000000   1.470302 f
  U189/A (BUF_X2M_A9TR40)                                       0.050187  0.000020   1.470322 f
  U189/Y (BUF_X2M_A9TR40)                                       0.119513  0.144880   1.615202 f
  n170 (net)                                   16     0.018010            0.000000   1.615202 f
  U183/A (NOR2_X1A_A9TR40)                                      0.119513  0.000015   1.615216 f
  U183/Y (NOR2_X1A_A9TR40)                                      0.117579  0.105643   1.720859 r
  n3 (net)                                      1     0.001602            0.000000   1.720859 r
  U165/A (BUFH_X1M_A9TR40)                                      0.117579  0.000028   1.720887 r
  U165/Y (BUFH_X1M_A9TR40)                                      0.076291  0.112430   1.833317 r
  n169 (net)                                    2     0.002828            0.000000   1.833317 r
  U180/A (BUF_X2M_A9TR40)                                       0.076291  0.000020   1.833337 r
  U180/Y (BUF_X2M_A9TR40)                                       0.188724  0.166756   2.000093 r
  n167 (net)                                   16     0.017637            0.000000   2.000093 r
  U54/A1 (AOI22_X0P5M_A9TR40)                                   0.188724  0.000013   2.000106 r
  U54/Y (AOI22_X0P5M_A9TR40)                                    0.139917  0.167995   2.168101 f
  n28 (net)                                     1     0.001375            0.000000   2.168101 f
  U53/A0N (AO1B2_X0P5M_A9TR40)                                  0.139917  0.000024   2.168125 f
  U53/Y (AO1B2_X0P5M_A9TR40)                                    0.100342  0.100951   2.269075 r
  n87 (net)                                     1     0.001574            0.000000   2.269075 r
  det_fine_therm_q_reg[6]/D (DFFSQ_X1M_A9TR40)                  0.100342  0.000027   2.269103 r
  data arrival time                                                                  2.269103

  clock cal_clk (rise edge)                                               2.500000   2.500000
  clock network delay (ideal)                                             0.000000   2.500000
  clock uncertainty                                                       -0.050000  2.450000
  det_fine_therm_q_reg[6]/CK (DFFSQ_X1M_A9TR40)                           0.000000   2.450000 r
  library setup time                                                      -0.070604  2.379396
  data required time                                                                 2.379396
  ----------------------------------------------------------------------------------------------
  data required time                                                                 2.379396
  data arrival time                                                                  -2.269103
  ----------------------------------------------------------------------------------------------
  slack (MET)                                                                        0.110294


  Startpoint: state_q_reg[1]
              (rising edge-triggered flip-flop clocked by cal_clk)
  Endpoint: det_fine_therm_q_reg[5]
            (rising edge-triggered flip-flop clocked by cal_clk)
  Path Group: cal_clk
  Path Type: max

  Des/Clust/Port     Wire Load Model       Library
  ------------------------------------------------
  ftc_detection_margin_manager
                     Small                 sc9mc_logic0040ll_base_rvt_c40_ss_typical_max_0p99v_125c

  Point                                       Fanout       Cap     Trans      Incr       Path
  ----------------------------------------------------------------------------------------------
  clock cal_clk (rise edge)                                               0.000000   0.000000
  clock network delay (ideal)                                             0.000000   0.000000
  state_q_reg[1]/CK (DFFRPQ_X1M_A9TR40)                         0.050000  0.000000   0.000000 r
  state_q_reg[1]/Q (DFFRPQ_X1M_A9TR40) <-                       0.165710  0.346932   0.346932 r
  state_q[1] (net)                              6     0.007180            0.000000   0.346932 r
  U132/A (INV_X0P5B_A9TR40)                                     0.165710  0.000015   0.346947 r
  U132/Y (INV_X0P5B_A9TR40)                                     0.160497  0.164915   0.511862 f
  n35 (net)                                     4     0.004946            0.000000   0.511862 f
  U197/C (NOR3_X1A_A9TR40)                                      0.160497  0.000017   0.511879 f
  U197/Y (NOR3_X1A_A9TR40)                                      0.212610  0.194642   0.706520 r
  det_takeover_ready_o (net)                    2     0.002004            0.000000   0.706520 r
  U198/BN (NOR4BB_X0P7M_A9TR40)                                 0.212610  0.000018   0.706538 r
  U198/Y (NOR4BB_X0P7M_A9TR40)                                  0.199200  0.247360   0.953898 r
  n4 (net)                                      1     0.001602            0.000000   0.953898 r
  U141/A (BUFH_X1M_A9TR40)                                      0.199200  0.000028   0.953926 r
  U141/Y (BUFH_X1M_A9TR40)                                      0.077797  0.138841   1.092767 r
  n166 (net)                                    2     0.002828            0.000000   1.092767 r
  U188/A (BUF_X2M_A9TR40)                                       0.077797  0.000020   1.092787 r
  U188/Y (BUF_X2M_A9TR40)                                       0.196430  0.171294   1.264081 r
  n164 (net)                                   16     0.018413            0.000000   1.264081 r
  U192/B0 (AOI2XB1_X1M_A9TR40)                                  0.196430  0.000015   1.264096 r
  U192/Y (AOI2XB1_X1M_A9TR40)                                   0.089231  0.104741   1.368837 f
  n1 (net)                                      1     0.001588            0.000000   1.368837 f
  U178/A (BUFH_X1M_A9TR40)                                      0.089231  0.000027   1.368864 f
  U178/Y (BUFH_X1M_A9TR40)                                      0.050187  0.101437   1.470302 f
  n172 (net)                                    2     0.002795            0.000000   1.470302 f
  U189/A (BUF_X2M_A9TR40)                                       0.050187  0.000020   1.470322 f
  U189/Y (BUF_X2M_A9TR40)                                       0.119513  0.144880   1.615202 f
  n170 (net)                                   16     0.018010            0.000000   1.615202 f
  U183/A (NOR2_X1A_A9TR40)                                      0.119513  0.000015   1.615216 f
  U183/Y (NOR2_X1A_A9TR40)                                      0.117579  0.105643   1.720859 r
  n3 (net)                                      1     0.001602            0.000000   1.720859 r
  U165/A (BUFH_X1M_A9TR40)                                      0.117579  0.000028   1.720887 r
  U165/Y (BUFH_X1M_A9TR40)                                      0.076291  0.112430   1.833317 r
  n169 (net)                                    2     0.002828            0.000000   1.833317 r
  U180/A (BUF_X2M_A9TR40)                                       0.076291  0.000020   1.833337 r
  U180/Y (BUF_X2M_A9TR40)                                       0.188724  0.166756   2.000093 r
  n167 (net)                                   16     0.017637            0.000000   2.000093 r
  U51/A1 (AOI22_X0P5M_A9TR40)                                   0.188724  0.000013   2.000106 r
  U51/Y (AOI22_X0P5M_A9TR40)                                    0.139917  0.167995   2.168101 f
  n27 (net)                                     1     0.001375            0.000000   2.168101 f
  U50/A0N (AO1B2_X0P5M_A9TR40)                                  0.139917  0.000024   2.168125 f
  U50/Y (AO1B2_X0P5M_A9TR40)                                    0.100342  0.100951   2.269075 r
  n85 (net)                                     1     0.001574            0.000000   2.269075 r
  det_fine_therm_q_reg[5]/D (DFFSQ_X1M_A9TR40)                  0.100342  0.000027   2.269103 r
  data arrival time                                                                  2.269103

  clock cal_clk (rise edge)                                               2.500000   2.500000
  clock network delay (ideal)                                             0.000000   2.500000
  clock uncertainty                                                       -0.050000  2.450000
  det_fine_therm_q_reg[5]/CK (DFFSQ_X1M_A9TR40)                           0.000000   2.450000 r
  library setup time                                                      -0.070604  2.379396
  data required time                                                                 2.379396
  ----------------------------------------------------------------------------------------------
  data required time                                                                 2.379396
  data arrival time                                                                  -2.269103
  ----------------------------------------------------------------------------------------------
  slack (MET)                                                                        0.110294


  Startpoint: state_q_reg[1]
              (rising edge-triggered flip-flop clocked by cal_clk)
  Endpoint: det_fine_therm_q_reg[4]
            (rising edge-triggered flip-flop clocked by cal_clk)
  Path Group: cal_clk
  Path Type: max

  Des/Clust/Port     Wire Load Model       Library
  ------------------------------------------------
  ftc_detection_margin_manager
                     Small                 sc9mc_logic0040ll_base_rvt_c40_ss_typical_max_0p99v_125c

  Point                                       Fanout       Cap     Trans      Incr       Path
  ----------------------------------------------------------------------------------------------
  clock cal_clk (rise edge)                                               0.000000   0.000000
  clock network delay (ideal)                                             0.000000   0.000000
  state_q_reg[1]/CK (DFFRPQ_X1M_A9TR40)                         0.050000  0.000000   0.000000 r
  state_q_reg[1]/Q (DFFRPQ_X1M_A9TR40) <-                       0.165710  0.346932   0.346932 r
  state_q[1] (net)                              6     0.007180            0.000000   0.346932 r
  U132/A (INV_X0P5B_A9TR40)                                     0.165710  0.000015   0.346947 r
  U132/Y (INV_X0P5B_A9TR40)                                     0.160497  0.164915   0.511862 f
  n35 (net)                                     4     0.004946            0.000000   0.511862 f
  U197/C (NOR3_X1A_A9TR40)                                      0.160497  0.000017   0.511879 f
  U197/Y (NOR3_X1A_A9TR40)                                      0.212610  0.194642   0.706520 r
  det_takeover_ready_o (net)                    2     0.002004            0.000000   0.706520 r
  U198/BN (NOR4BB_X0P7M_A9TR40)                                 0.212610  0.000018   0.706538 r
  U198/Y (NOR4BB_X0P7M_A9TR40)                                  0.199200  0.247360   0.953898 r
  n4 (net)                                      1     0.001602            0.000000   0.953898 r
  U141/A (BUFH_X1M_A9TR40)                                      0.199200  0.000028   0.953926 r
  U141/Y (BUFH_X1M_A9TR40)                                      0.077797  0.138841   1.092767 r
  n166 (net)                                    2     0.002828            0.000000   1.092767 r
  U188/A (BUF_X2M_A9TR40)                                       0.077797  0.000020   1.092787 r
  U188/Y (BUF_X2M_A9TR40)                                       0.196430  0.171294   1.264081 r
  n164 (net)                                   16     0.018413            0.000000   1.264081 r
  U192/B0 (AOI2XB1_X1M_A9TR40)                                  0.196430  0.000015   1.264096 r
  U192/Y (AOI2XB1_X1M_A9TR40)                                   0.089231  0.104741   1.368837 f
  n1 (net)                                      1     0.001588            0.000000   1.368837 f
  U178/A (BUFH_X1M_A9TR40)                                      0.089231  0.000027   1.368864 f
  U178/Y (BUFH_X1M_A9TR40)                                      0.050187  0.101437   1.470302 f
  n172 (net)                                    2     0.002795            0.000000   1.470302 f
  U189/A (BUF_X2M_A9TR40)                                       0.050187  0.000020   1.470322 f
  U189/Y (BUF_X2M_A9TR40)                                       0.119513  0.144880   1.615202 f
  n170 (net)                                   16     0.018010            0.000000   1.615202 f
  U183/A (NOR2_X1A_A9TR40)                                      0.119513  0.000015   1.615216 f
  U183/Y (NOR2_X1A_A9TR40)                                      0.117579  0.105643   1.720859 r
  n3 (net)                                      1     0.001602            0.000000   1.720859 r
  U165/A (BUFH_X1M_A9TR40)                                      0.117579  0.000028   1.720887 r
  U165/Y (BUFH_X1M_A9TR40)                                      0.076291  0.112430   1.833317 r
  n169 (net)                                    2     0.002828            0.000000   1.833317 r
  U180/A (BUF_X2M_A9TR40)                                       0.076291  0.000020   1.833337 r
  U180/Y (BUF_X2M_A9TR40)                                       0.188724  0.166756   2.000093 r
  n167 (net)                                   16     0.017637            0.000000   2.000093 r
  U48/A1 (AOI22_X0P5M_A9TR40)                                   0.188724  0.000013   2.000106 r
  U48/Y (AOI22_X0P5M_A9TR40)                                    0.139917  0.167995   2.168101 f
  n26 (net)                                     1     0.001375            0.000000   2.168101 f
  U47/A0N (AO1B2_X0P5M_A9TR40)                                  0.139917  0.000024   2.168125 f
  U47/Y (AO1B2_X0P5M_A9TR40)                                    0.100342  0.100951   2.269075 r
  n83 (net)                                     1     0.001574            0.000000   2.269075 r
  det_fine_therm_q_reg[4]/D (DFFSQ_X1M_A9TR40)                  0.100342  0.000027   2.269103 r
  data arrival time                                                                  2.269103

  clock cal_clk (rise edge)                                               2.500000   2.500000
  clock network delay (ideal)                                             0.000000   2.500000
  clock uncertainty                                                       -0.050000  2.450000
  det_fine_therm_q_reg[4]/CK (DFFSQ_X1M_A9TR40)                           0.000000   2.450000 r
  library setup time                                                      -0.070604  2.379396
  data required time                                                                 2.379396
  ----------------------------------------------------------------------------------------------
  data required time                                                                 2.379396
  data arrival time                                                                  -2.269103
  ----------------------------------------------------------------------------------------------
  slack (MET)                                                                        0.110294


  Startpoint: state_q_reg[1]
              (rising edge-triggered flip-flop clocked by cal_clk)
  Endpoint: det_fine_therm_q_reg[3]
            (rising edge-triggered flip-flop clocked by cal_clk)
  Path Group: cal_clk
  Path Type: max

  Des/Clust/Port     Wire Load Model       Library
  ------------------------------------------------
  ftc_detection_margin_manager
                     Small                 sc9mc_logic0040ll_base_rvt_c40_ss_typical_max_0p99v_125c

  Point                                       Fanout       Cap     Trans      Incr       Path
  ----------------------------------------------------------------------------------------------
  clock cal_clk (rise edge)                                               0.000000   0.000000
  clock network delay (ideal)                                             0.000000   0.000000
  state_q_reg[1]/CK (DFFRPQ_X1M_A9TR40)                         0.050000  0.000000   0.000000 r
  state_q_reg[1]/Q (DFFRPQ_X1M_A9TR40) <-                       0.165710  0.346932   0.346932 r
  state_q[1] (net)                              6     0.007180            0.000000   0.346932 r
  U132/A (INV_X0P5B_A9TR40)                                     0.165710  0.000015   0.346947 r
  U132/Y (INV_X0P5B_A9TR40)                                     0.160497  0.164915   0.511862 f
  n35 (net)                                     4     0.004946            0.000000   0.511862 f
  U197/C (NOR3_X1A_A9TR40)                                      0.160497  0.000017   0.511879 f
  U197/Y (NOR3_X1A_A9TR40)                                      0.212610  0.194642   0.706520 r
  det_takeover_ready_o (net)                    2     0.002004            0.000000   0.706520 r
  U198/BN (NOR4BB_X0P7M_A9TR40)                                 0.212610  0.000018   0.706538 r
  U198/Y (NOR4BB_X0P7M_A9TR40)                                  0.199200  0.247360   0.953898 r
  n4 (net)                                      1     0.001602            0.000000   0.953898 r
  U141/A (BUFH_X1M_A9TR40)                                      0.199200  0.000028   0.953926 r
  U141/Y (BUFH_X1M_A9TR40)                                      0.077797  0.138841   1.092767 r
  n166 (net)                                    2     0.002828            0.000000   1.092767 r
  U188/A (BUF_X2M_A9TR40)                                       0.077797  0.000020   1.092787 r
  U188/Y (BUF_X2M_A9TR40)                                       0.196430  0.171294   1.264081 r
  n164 (net)                                   16     0.018413            0.000000   1.264081 r
  U192/B0 (AOI2XB1_X1M_A9TR40)                                  0.196430  0.000015   1.264096 r
  U192/Y (AOI2XB1_X1M_A9TR40)                                   0.089231  0.104741   1.368837 f
  n1 (net)                                      1     0.001588            0.000000   1.368837 f
  U178/A (BUFH_X1M_A9TR40)                                      0.089231  0.000027   1.368864 f
  U178/Y (BUFH_X1M_A9TR40)                                      0.050187  0.101437   1.470302 f
  n172 (net)                                    2     0.002795            0.000000   1.470302 f
  U189/A (BUF_X2M_A9TR40)                                       0.050187  0.000020   1.470322 f
  U189/Y (BUF_X2M_A9TR40)                                       0.119513  0.144880   1.615202 f
  n170 (net)                                   16     0.018010            0.000000   1.615202 f
  U183/A (NOR2_X1A_A9TR40)                                      0.119513  0.000015   1.615216 f
  U183/Y (NOR2_X1A_A9TR40)                                      0.117579  0.105643   1.720859 r
  n3 (net)                                      1     0.001602            0.000000   1.720859 r
  U165/A (BUFH_X1M_A9TR40)                                      0.117579  0.000028   1.720887 r
  U165/Y (BUFH_X1M_A9TR40)                                      0.076291  0.112430   1.833317 r
  n169 (net)                                    2     0.002828            0.000000   1.833317 r
  U180/A (BUF_X2M_A9TR40)                                       0.076291  0.000020   1.833337 r
  U180/Y (BUF_X2M_A9TR40)                                       0.188724  0.166756   2.000093 r
  n167 (net)                                   16     0.017637            0.000000   2.000093 r
  U45/A1 (AOI22_X0P5M_A9TR40)                                   0.188724  0.000013   2.000106 r
  U45/Y (AOI22_X0P5M_A9TR40)                                    0.139917  0.167995   2.168101 f
  n25 (net)                                     1     0.001375            0.000000   2.168101 f
  U44/A0N (AO1B2_X0P5M_A9TR40)                                  0.139917  0.000024   2.168125 f
  U44/Y (AO1B2_X0P5M_A9TR40)                                    0.100342  0.100951   2.269075 r
  n81 (net)                                     1     0.001574            0.000000   2.269075 r
  det_fine_therm_q_reg[3]/D (DFFSQ_X1M_A9TR40)                  0.100342  0.000027   2.269103 r
  data arrival time                                                                  2.269103

  clock cal_clk (rise edge)                                               2.500000   2.500000
  clock network delay (ideal)                                             0.000000   2.500000
  clock uncertainty                                                       -0.050000  2.450000
  det_fine_therm_q_reg[3]/CK (DFFSQ_X1M_A9TR40)                           0.000000   2.450000 r
  library setup time                                                      -0.070604  2.379396
  data required time                                                                 2.379396
  ----------------------------------------------------------------------------------------------
  data required time                                                                 2.379396
  data arrival time                                                                  -2.269103
  ----------------------------------------------------------------------------------------------
  slack (MET)                                                                        0.110294


  Startpoint: state_q_reg[1]
              (rising edge-triggered flip-flop clocked by cal_clk)
  Endpoint: det_fine_therm_q_reg[2]
            (rising edge-triggered flip-flop clocked by cal_clk)
  Path Group: cal_clk
  Path Type: max

  Des/Clust/Port     Wire Load Model       Library
  ------------------------------------------------
  ftc_detection_margin_manager
                     Small                 sc9mc_logic0040ll_base_rvt_c40_ss_typical_max_0p99v_125c

  Point                                       Fanout       Cap     Trans      Incr       Path
  ----------------------------------------------------------------------------------------------
  clock cal_clk (rise edge)                                               0.000000   0.000000
  clock network delay (ideal)                                             0.000000   0.000000
  state_q_reg[1]/CK (DFFRPQ_X1M_A9TR40)                         0.050000  0.000000   0.000000 r
  state_q_reg[1]/Q (DFFRPQ_X1M_A9TR40) <-                       0.165710  0.346932   0.346932 r
  state_q[1] (net)                              6     0.007180            0.000000   0.346932 r
  U132/A (INV_X0P5B_A9TR40)                                     0.165710  0.000015   0.346947 r
  U132/Y (INV_X0P5B_A9TR40)                                     0.160497  0.164915   0.511862 f
  n35 (net)                                     4     0.004946            0.000000   0.511862 f
  U197/C (NOR3_X1A_A9TR40)                                      0.160497  0.000017   0.511879 f
  U197/Y (NOR3_X1A_A9TR40)                                      0.212610  0.194642   0.706520 r
  det_takeover_ready_o (net)                    2     0.002004            0.000000   0.706520 r
  U198/BN (NOR4BB_X0P7M_A9TR40)                                 0.212610  0.000018   0.706538 r
  U198/Y (NOR4BB_X0P7M_A9TR40)                                  0.199200  0.247360   0.953898 r
  n4 (net)                                      1     0.001602            0.000000   0.953898 r
  U141/A (BUFH_X1M_A9TR40)                                      0.199200  0.000028   0.953926 r
  U141/Y (BUFH_X1M_A9TR40)                                      0.077797  0.138841   1.092767 r
  n166 (net)                                    2     0.002828            0.000000   1.092767 r
  U188/A (BUF_X2M_A9TR40)                                       0.077797  0.000020   1.092787 r
  U188/Y (BUF_X2M_A9TR40)                                       0.196430  0.171294   1.264081 r
  n164 (net)                                   16     0.018413            0.000000   1.264081 r
  U192/B0 (AOI2XB1_X1M_A9TR40)                                  0.196430  0.000015   1.264096 r
  U192/Y (AOI2XB1_X1M_A9TR40)                                   0.089231  0.104741   1.368837 f
  n1 (net)                                      1     0.001588            0.000000   1.368837 f
  U178/A (BUFH_X1M_A9TR40)                                      0.089231  0.000027   1.368864 f
  U178/Y (BUFH_X1M_A9TR40)                                      0.050187  0.101437   1.470302 f
  n172 (net)                                    2     0.002795            0.000000   1.470302 f
  U189/A (BUF_X2M_A9TR40)                                       0.050187  0.000020   1.470322 f
  U189/Y (BUF_X2M_A9TR40)                                       0.119513  0.144880   1.615202 f
  n170 (net)                                   16     0.018010            0.000000   1.615202 f
  U183/A (NOR2_X1A_A9TR40)                                      0.119513  0.000015   1.615216 f
  U183/Y (NOR2_X1A_A9TR40)                                      0.117579  0.105643   1.720859 r
  n3 (net)                                      1     0.001602            0.000000   1.720859 r
  U165/A (BUFH_X1M_A9TR40)                                      0.117579  0.000028   1.720887 r
  U165/Y (BUFH_X1M_A9TR40)                                      0.076291  0.112430   1.833317 r
  n169 (net)                                    2     0.002828            0.000000   1.833317 r
  U180/A (BUF_X2M_A9TR40)                                       0.076291  0.000020   1.833337 r
  U180/Y (BUF_X2M_A9TR40)                                       0.188724  0.166756   2.000093 r
  n167 (net)                                   16     0.017637            0.000000   2.000093 r
  U42/A1 (AOI22_X0P5M_A9TR40)                                   0.188724  0.000013   2.000106 r
  U42/Y (AOI22_X0P5M_A9TR40)                                    0.139917  0.167995   2.168101 f
  n24 (net)                                     1     0.001375            0.000000   2.168101 f
  U41/A0N (AO1B2_X0P5M_A9TR40)                                  0.139917  0.000024   2.168125 f
  U41/Y (AO1B2_X0P5M_A9TR40)                                    0.100342  0.100951   2.269075 r
  n79 (net)                                     1     0.001574            0.000000   2.269075 r
  det_fine_therm_q_reg[2]/D (DFFSQ_X1M_A9TR40)                  0.100342  0.000027   2.269103 r
  data arrival time                                                                  2.269103

  clock cal_clk (rise edge)                                               2.500000   2.500000
  clock network delay (ideal)                                             0.000000   2.500000
  clock uncertainty                                                       -0.050000  2.450000
  det_fine_therm_q_reg[2]/CK (DFFSQ_X1M_A9TR40)                           0.000000   2.450000 r
  library setup time                                                      -0.070604  2.379396
  data required time                                                                 2.379396
  ----------------------------------------------------------------------------------------------
  data required time                                                                 2.379396
  data arrival time                                                                  -2.269103
  ----------------------------------------------------------------------------------------------
  slack (MET)                                                                        0.110294


  Startpoint: state_q_reg[1]
              (rising edge-triggered flip-flop clocked by cal_clk)
  Endpoint: det_fine_therm_q_reg[1]
            (rising edge-triggered flip-flop clocked by cal_clk)
  Path Group: cal_clk
  Path Type: max

  Des/Clust/Port     Wire Load Model       Library
  ------------------------------------------------
  ftc_detection_margin_manager
                     Small                 sc9mc_logic0040ll_base_rvt_c40_ss_typical_max_0p99v_125c

  Point                                       Fanout       Cap     Trans      Incr       Path
  ----------------------------------------------------------------------------------------------
  clock cal_clk (rise edge)                                               0.000000   0.000000
  clock network delay (ideal)                                             0.000000   0.000000
  state_q_reg[1]/CK (DFFRPQ_X1M_A9TR40)                         0.050000  0.000000   0.000000 r
  state_q_reg[1]/Q (DFFRPQ_X1M_A9TR40) <-                       0.165710  0.346932   0.346932 r
  state_q[1] (net)                              6     0.007180            0.000000   0.346932 r
  U132/A (INV_X0P5B_A9TR40)                                     0.165710  0.000015   0.346947 r
  U132/Y (INV_X0P5B_A9TR40)                                     0.160497  0.164915   0.511862 f
  n35 (net)                                     4     0.004946            0.000000   0.511862 f
  U197/C (NOR3_X1A_A9TR40)                                      0.160497  0.000017   0.511879 f
  U197/Y (NOR3_X1A_A9TR40)                                      0.212610  0.194642   0.706520 r
  det_takeover_ready_o (net)                    2     0.002004            0.000000   0.706520 r
  U198/BN (NOR4BB_X0P7M_A9TR40)                                 0.212610  0.000018   0.706538 r
  U198/Y (NOR4BB_X0P7M_A9TR40)                                  0.199200  0.247360   0.953898 r
  n4 (net)                                      1     0.001602            0.000000   0.953898 r
  U141/A (BUFH_X1M_A9TR40)                                      0.199200  0.000028   0.953926 r
  U141/Y (BUFH_X1M_A9TR40)                                      0.077797  0.138841   1.092767 r
  n166 (net)                                    2     0.002828            0.000000   1.092767 r
  U188/A (BUF_X2M_A9TR40)                                       0.077797  0.000020   1.092787 r
  U188/Y (BUF_X2M_A9TR40)                                       0.196430  0.171294   1.264081 r
  n164 (net)                                   16     0.018413            0.000000   1.264081 r
  U192/B0 (AOI2XB1_X1M_A9TR40)                                  0.196430  0.000015   1.264096 r
  U192/Y (AOI2XB1_X1M_A9TR40)                                   0.089231  0.104741   1.368837 f
  n1 (net)                                      1     0.001588            0.000000   1.368837 f
  U178/A (BUFH_X1M_A9TR40)                                      0.089231  0.000027   1.368864 f
  U178/Y (BUFH_X1M_A9TR40)                                      0.050187  0.101437   1.470302 f
  n172 (net)                                    2     0.002795            0.000000   1.470302 f
  U189/A (BUF_X2M_A9TR40)                                       0.050187  0.000020   1.470322 f
  U189/Y (BUF_X2M_A9TR40)                                       0.119513  0.144880   1.615202 f
  n170 (net)                                   16     0.018010            0.000000   1.615202 f
  U183/A (NOR2_X1A_A9TR40)                                      0.119513  0.000015   1.615216 f
  U183/Y (NOR2_X1A_A9TR40)                                      0.117579  0.105643   1.720859 r
  n3 (net)                                      1     0.001602            0.000000   1.720859 r
  U165/A (BUFH_X1M_A9TR40)                                      0.117579  0.000028   1.720887 r
  U165/Y (BUFH_X1M_A9TR40)                                      0.076291  0.112430   1.833317 r
  n169 (net)                                    2     0.002828            0.000000   1.833317 r
  U180/A (BUF_X2M_A9TR40)                                       0.076291  0.000020   1.833337 r
  U180/Y (BUF_X2M_A9TR40)                                       0.188724  0.166756   2.000093 r
  n167 (net)                                   16     0.017637            0.000000   2.000093 r
  U39/A1 (AOI22_X0P5M_A9TR40)                                   0.188724  0.000013   2.000106 r
  U39/Y (AOI22_X0P5M_A9TR40)                                    0.139917  0.167995   2.168101 f
  n23 (net)                                     1     0.001375            0.000000   2.168101 f
  U38/A0N (AO1B2_X0P5M_A9TR40)                                  0.139917  0.000024   2.168125 f
  U38/Y (AO1B2_X0P5M_A9TR40)                                    0.100342  0.100951   2.269075 r
  n77 (net)                                     1     0.001574            0.000000   2.269075 r
  det_fine_therm_q_reg[1]/D (DFFSQ_X1M_A9TR40)                  0.100342  0.000027   2.269103 r
  data arrival time                                                                  2.269103

  clock cal_clk (rise edge)                                               2.500000   2.500000
  clock network delay (ideal)                                             0.000000   2.500000
  clock uncertainty                                                       -0.050000  2.450000
  det_fine_therm_q_reg[1]/CK (DFFSQ_X1M_A9TR40)                           0.000000   2.450000 r
  library setup time                                                      -0.070604  2.379396
  data required time                                                                 2.379396
  ----------------------------------------------------------------------------------------------
  data required time                                                                 2.379396
  data arrival time                                                                  -2.269103
  ----------------------------------------------------------------------------------------------
  slack (MET)                                                                        0.110294


  Startpoint: state_q_reg[1]
              (rising edge-triggered flip-flop clocked by cal_clk)
  Endpoint: det_fine_therm_q_reg[0]
            (rising edge-triggered flip-flop clocked by cal_clk)
  Path Group: cal_clk
  Path Type: max

  Des/Clust/Port     Wire Load Model       Library
  ------------------------------------------------
  ftc_detection_margin_manager
                     Small                 sc9mc_logic0040ll_base_rvt_c40_ss_typical_max_0p99v_125c

  Point                                       Fanout       Cap     Trans      Incr       Path
  ----------------------------------------------------------------------------------------------
  clock cal_clk (rise edge)                                               0.000000   0.000000
  clock network delay (ideal)                                             0.000000   0.000000
  state_q_reg[1]/CK (DFFRPQ_X1M_A9TR40)                         0.050000  0.000000   0.000000 r
  state_q_reg[1]/Q (DFFRPQ_X1M_A9TR40) <-                       0.165710  0.346932   0.346932 r
  state_q[1] (net)                              6     0.007180            0.000000   0.346932 r
  U132/A (INV_X0P5B_A9TR40)                                     0.165710  0.000015   0.346947 r
  U132/Y (INV_X0P5B_A9TR40)                                     0.160497  0.164915   0.511862 f
  n35 (net)                                     4     0.004946            0.000000   0.511862 f
  U197/C (NOR3_X1A_A9TR40)                                      0.160497  0.000017   0.511879 f
  U197/Y (NOR3_X1A_A9TR40)                                      0.212610  0.194642   0.706520 r
  det_takeover_ready_o (net)                    2     0.002004            0.000000   0.706520 r
  U198/BN (NOR4BB_X0P7M_A9TR40)                                 0.212610  0.000018   0.706538 r
  U198/Y (NOR4BB_X0P7M_A9TR40)                                  0.199200  0.247360   0.953898 r
  n4 (net)                                      1     0.001602            0.000000   0.953898 r
  U141/A (BUFH_X1M_A9TR40)                                      0.199200  0.000028   0.953926 r
  U141/Y (BUFH_X1M_A9TR40)                                      0.077797  0.138841   1.092767 r
  n166 (net)                                    2     0.002828            0.000000   1.092767 r
  U188/A (BUF_X2M_A9TR40)                                       0.077797  0.000020   1.092787 r
  U188/Y (BUF_X2M_A9TR40)                                       0.196430  0.171294   1.264081 r
  n164 (net)                                   16     0.018413            0.000000   1.264081 r
  U192/B0 (AOI2XB1_X1M_A9TR40)                                  0.196430  0.000015   1.264096 r
  U192/Y (AOI2XB1_X1M_A9TR40)                                   0.089231  0.104741   1.368837 f
  n1 (net)                                      1     0.001588            0.000000   1.368837 f
  U178/A (BUFH_X1M_A9TR40)                                      0.089231  0.000027   1.368864 f
  U178/Y (BUFH_X1M_A9TR40)                                      0.050187  0.101437   1.470302 f
  n172 (net)                                    2     0.002795            0.000000   1.470302 f
  U189/A (BUF_X2M_A9TR40)                                       0.050187  0.000020   1.470322 f
  U189/Y (BUF_X2M_A9TR40)                                       0.119513  0.144880   1.615202 f
  n170 (net)                                   16     0.018010            0.000000   1.615202 f
  U183/A (NOR2_X1A_A9TR40)                                      0.119513  0.000015   1.615216 f
  U183/Y (NOR2_X1A_A9TR40)                                      0.117579  0.105643   1.720859 r
  n3 (net)                                      1     0.001602            0.000000   1.720859 r
  U165/A (BUFH_X1M_A9TR40)                                      0.117579  0.000028   1.720887 r
  U165/Y (BUFH_X1M_A9TR40)                                      0.076291  0.112430   1.833317 r
  n169 (net)                                    2     0.002828            0.000000   1.833317 r
  U180/A (BUF_X2M_A9TR40)                                       0.076291  0.000020   1.833337 r
  U180/Y (BUF_X2M_A9TR40)                                       0.188724  0.166756   2.000093 r
  n167 (net)                                   16     0.017637            0.000000   2.000093 r
  U36/A1 (AOI22_X0P5M_A9TR40)                                   0.188724  0.000013   2.000106 r
  U36/Y (AOI22_X0P5M_A9TR40)                                    0.139917  0.167995   2.168101 f
  n20 (net)                                     1     0.001375            0.000000   2.168101 f
  U35/A0N (AO1B2_X0P5M_A9TR40)                                  0.139917  0.000024   2.168125 f
  U35/Y (AO1B2_X0P5M_A9TR40)                                    0.100342  0.100951   2.269075 r
  n75 (net)                                     1     0.001574            0.000000   2.269075 r
  det_fine_therm_q_reg[0]/D (DFFSQ_X1M_A9TR40)                  0.100342  0.000027   2.269103 r
  data arrival time                                                                  2.269103

  clock cal_clk (rise edge)                                               2.500000   2.500000
  clock network delay (ideal)                                             0.000000   2.500000
  clock uncertainty                                                       -0.050000  2.450000
  det_fine_therm_q_reg[0]/CK (DFFSQ_X1M_A9TR40)                           0.000000   2.450000 r
  library setup time                                                      -0.070604  2.379396
  data required time                                                                 2.379396
  ----------------------------------------------------------------------------------------------
  data required time                                                                 2.379396
  data arrival time                                                                  -2.269103
  ----------------------------------------------------------------------------------------------
  slack (MET)                                                                        0.110294


  Startpoint: state_q_reg[0]
              (rising edge-triggered flip-flop clocked by cal_clk)
  Endpoint: det_medium_therm_q_reg[15]
            (rising edge-triggered flip-flop clocked by cal_clk)
  Path Group: cal_clk
  Path Type: max

  Des/Clust/Port     Wire Load Model       Library
  ------------------------------------------------
  ftc_detection_margin_manager
                     Small                 sc9mc_logic0040ll_base_rvt_c40_ss_typical_max_0p99v_125c

  Point                                       Fanout       Cap     Trans      Incr       Path
  ----------------------------------------------------------------------------------------------
  clock cal_clk (rise edge)                                               0.000000   0.000000
  clock network delay (ideal)                                             0.000000   0.000000
  state_q_reg[0]/CK (DFFRPQ_X1M_A9TR40)                         0.050000  0.000000   0.000000 r
  state_q_reg[0]/Q (DFFRPQ_X1M_A9TR40) <-                       0.123869  0.324410   0.324410 r
  state_q[0] (net)                              4     0.005048            0.000000   0.324410 r
  U133/A (NAND2_X0P5A_A9TR40)                                   0.123869  0.000016   0.324426 r
  U133/Y (NAND2_X0P5A_A9TR40)                                   0.212014  0.173823   0.498249 f
  n37 (net)                                     4     0.004940            0.000000   0.498249 f
  U197/A (NOR3_X1A_A9TR40)                                      0.212014  0.000017   0.498266 f
  U197/Y (NOR3_X1A_A9TR40)                                      0.212610  0.183355   0.681620 r
  det_takeover_ready_o (net)                    2     0.002004            0.000000   0.681620 r
  U198/BN (NOR4BB_X0P7M_A9TR40)                                 0.212610  0.000018   0.681639 r
  U198/Y (NOR4BB_X0P7M_A9TR40)                                  0.199200  0.247360   0.928998 r
  n4 (net)                                      1     0.001602            0.000000   0.928998 r
  U141/A (BUFH_X1M_A9TR40)                                      0.199200  0.000028   0.929026 r
  U141/Y (BUFH_X1M_A9TR40)                                      0.077797  0.138841   1.067867 r
  n166 (net)                                    2     0.002828            0.000000   1.067867 r
  U188/A (BUF_X2M_A9TR40)                                       0.077797  0.000020   1.067887 r
  U188/Y (BUF_X2M_A9TR40)                                       0.196430  0.171294   1.239181 r
  n164 (net)                                   16     0.018413            0.000000   1.239181 r
  U192/B0 (AOI2XB1_X1M_A9TR40)                                  0.196430  0.000015   1.239196 r
  U192/Y (AOI2XB1_X1M_A9TR40)                                   0.089231  0.104741   1.343937 f
  n1 (net)                                      1     0.001588            0.000000   1.343937 f
  U178/A (BUFH_X1M_A9TR40)                                      0.089231  0.000027   1.343965 f
  U178/Y (BUFH_X1M_A9TR40)                                      0.050187  0.101437   1.445402 f
  n172 (net)                                    2     0.002795            0.000000   1.445402 f
  U189/A (BUF_X2M_A9TR40)                                       0.050187  0.000020   1.445422 f
  U189/Y (BUF_X2M_A9TR40)                                       0.119513  0.144880   1.590302 f
  n170 (net)                                   16     0.018010            0.000000   1.590302 f
  U183/A (NOR2_X1A_A9TR40)                                      0.119513  0.000015   1.590317 f
  U183/Y (NOR2_X1A_A9TR40)                                      0.117579  0.105643   1.695960 r
  n3 (net)                                      1     0.001602            0.000000   1.695960 r
  U165/A (BUFH_X1M_A9TR40)                                      0.117579  0.000028   1.695987 r
  U165/Y (BUFH_X1M_A9TR40)                                      0.076291  0.112430   1.808417 r
  n169 (net)                                    2     0.002828            0.000000   1.808417 r
  U180/A (BUF_X2M_A9TR40)                                       0.076291  0.000020   1.808437 r
  U180/Y (BUF_X2M_A9TR40)                                       0.188724  0.166756   1.975193 r
  n167 (net)                                   16     0.017637            0.000000   1.975193 r
  U34/A1 (AOI22_X0P5M_A9TR40)                                   0.188724  0.000013   1.975206 r
  U34/Y (AOI22_X0P5M_A9TR40)                                    0.139917  0.167995   2.143201 f
  n19 (net)                                     1     0.001375            0.000000   2.143201 f
  U33/A0N (AO1B2_X0P5M_A9TR40)                                  0.139917  0.000024   2.143225 f
  U33/Y (AO1B2_X0P5M_A9TR40)                                    0.099884  0.100654   2.243879 r
  n74 (net)                                     1     0.001559            0.000000   2.243879 r
  det_medium_therm_q_reg[15]/D (DFFRPQ_X1M_A9TR40)              0.099884  0.000027   2.243906 r
  data arrival time                                                                  2.243906

  clock cal_clk (rise edge)                                               2.500000   2.500000
  clock network delay (ideal)                                             0.000000   2.500000
  clock uncertainty                                                       -0.050000  2.450000
  det_medium_therm_q_reg[15]/CK (DFFRPQ_X1M_A9TR40)                       0.000000   2.450000 r
  library setup time                                                      -0.082106  2.367894
  data required time                                                                 2.367894
  ----------------------------------------------------------------------------------------------
  data required time                                                                 2.367894
  data arrival time                                                                  -2.243906
  ----------------------------------------------------------------------------------------------
  slack (MET)                                                                        0.123988


  Startpoint: state_q_reg[0]
              (rising edge-triggered flip-flop clocked by cal_clk)
  Endpoint: det_medium_therm_q_reg[14]
            (rising edge-triggered flip-flop clocked by cal_clk)
  Path Group: cal_clk
  Path Type: max

  Des/Clust/Port     Wire Load Model       Library
  ------------------------------------------------
  ftc_detection_margin_manager
                     Small                 sc9mc_logic0040ll_base_rvt_c40_ss_typical_max_0p99v_125c

  Point                                       Fanout       Cap     Trans      Incr       Path
  ----------------------------------------------------------------------------------------------
  clock cal_clk (rise edge)                                               0.000000   0.000000
  clock network delay (ideal)                                             0.000000   0.000000
  state_q_reg[0]/CK (DFFRPQ_X1M_A9TR40)                         0.050000  0.000000   0.000000 r
  state_q_reg[0]/Q (DFFRPQ_X1M_A9TR40) <-                       0.123869  0.324410   0.324410 r
  state_q[0] (net)                              4     0.005048            0.000000   0.324410 r
  U133/A (NAND2_X0P5A_A9TR40)                                   0.123869  0.000016   0.324426 r
  U133/Y (NAND2_X0P5A_A9TR40)                                   0.212014  0.173823   0.498249 f
  n37 (net)                                     4     0.004940            0.000000   0.498249 f
  U197/A (NOR3_X1A_A9TR40)                                      0.212014  0.000017   0.498266 f
  U197/Y (NOR3_X1A_A9TR40)                                      0.212610  0.183355   0.681620 r
  det_takeover_ready_o (net)                    2     0.002004            0.000000   0.681620 r
  U198/BN (NOR4BB_X0P7M_A9TR40)                                 0.212610  0.000018   0.681639 r
  U198/Y (NOR4BB_X0P7M_A9TR40)                                  0.199200  0.247360   0.928998 r
  n4 (net)                                      1     0.001602            0.000000   0.928998 r
  U141/A (BUFH_X1M_A9TR40)                                      0.199200  0.000028   0.929026 r
  U141/Y (BUFH_X1M_A9TR40)                                      0.077797  0.138841   1.067867 r
  n166 (net)                                    2     0.002828            0.000000   1.067867 r
  U188/A (BUF_X2M_A9TR40)                                       0.077797  0.000020   1.067887 r
  U188/Y (BUF_X2M_A9TR40)                                       0.196430  0.171294   1.239181 r
  n164 (net)                                   16     0.018413            0.000000   1.239181 r
  U192/B0 (AOI2XB1_X1M_A9TR40)                                  0.196430  0.000015   1.239196 r
  U192/Y (AOI2XB1_X1M_A9TR40)                                   0.089231  0.104741   1.343937 f
  n1 (net)                                      1     0.001588            0.000000   1.343937 f
  U178/A (BUFH_X1M_A9TR40)                                      0.089231  0.000027   1.343965 f
  U178/Y (BUFH_X1M_A9TR40)                                      0.050187  0.101437   1.445402 f
  n172 (net)                                    2     0.002795            0.000000   1.445402 f
  U189/A (BUF_X2M_A9TR40)                                       0.050187  0.000020   1.445422 f
  U189/Y (BUF_X2M_A9TR40)                                       0.119513  0.144880   1.590302 f
  n170 (net)                                   16     0.018010            0.000000   1.590302 f
  U183/A (NOR2_X1A_A9TR40)                                      0.119513  0.000015   1.590317 f
  U183/Y (NOR2_X1A_A9TR40)                                      0.117579  0.105643   1.695960 r
  n3 (net)                                      1     0.001602            0.000000   1.695960 r
  U165/A (BUFH_X1M_A9TR40)                                      0.117579  0.000028   1.695987 r
  U165/Y (BUFH_X1M_A9TR40)                                      0.076291  0.112430   1.808417 r
  n169 (net)                                    2     0.002828            0.000000   1.808417 r
  U180/A (BUF_X2M_A9TR40)                                       0.076291  0.000020   1.808437 r
  U180/Y (BUF_X2M_A9TR40)                                       0.188724  0.166756   1.975193 r
  n167 (net)                                   16     0.017637            0.000000   1.975193 r
  U32/A1 (AOI22_X0P5M_A9TR40)                                   0.188724  0.000013   1.975206 r
  U32/Y (AOI22_X0P5M_A9TR40)                                    0.139917  0.167995   2.143201 f
  n18 (net)                                     1     0.001375            0.000000   2.143201 f
  U31/A0N (AO1B2_X0P5M_A9TR40)                                  0.139917  0.000024   2.143225 f
  U31/Y (AO1B2_X0P5M_A9TR40)                                    0.099884  0.100654   2.243879 r
  n73 (net)                                     1     0.001559            0.000000   2.243879 r
  det_medium_therm_q_reg[14]/D (DFFRPQ_X1M_A9TR40)              0.099884  0.000027   2.243906 r
  data arrival time                                                                  2.243906

  clock cal_clk (rise edge)                                               2.500000   2.500000
  clock network delay (ideal)                                             0.000000   2.500000
  clock uncertainty                                                       -0.050000  2.450000
  det_medium_therm_q_reg[14]/CK (DFFRPQ_X1M_A9TR40)                       0.000000   2.450000 r
  library setup time                                                      -0.082106  2.367894
  data required time                                                                 2.367894
  ----------------------------------------------------------------------------------------------
  data required time                                                                 2.367894
  data arrival time                                                                  -2.243906
  ----------------------------------------------------------------------------------------------
  slack (MET)                                                                        0.123988


  Startpoint: state_q_reg[0]
              (rising edge-triggered flip-flop clocked by cal_clk)
  Endpoint: det_medium_therm_q_reg[13]
            (rising edge-triggered flip-flop clocked by cal_clk)
  Path Group: cal_clk
  Path Type: max

  Des/Clust/Port     Wire Load Model       Library
  ------------------------------------------------
  ftc_detection_margin_manager
                     Small                 sc9mc_logic0040ll_base_rvt_c40_ss_typical_max_0p99v_125c

  Point                                       Fanout       Cap     Trans      Incr       Path
  ----------------------------------------------------------------------------------------------
  clock cal_clk (rise edge)                                               0.000000   0.000000
  clock network delay (ideal)                                             0.000000   0.000000
  state_q_reg[0]/CK (DFFRPQ_X1M_A9TR40)                         0.050000  0.000000   0.000000 r
  state_q_reg[0]/Q (DFFRPQ_X1M_A9TR40) <-                       0.123869  0.324410   0.324410 r
  state_q[0] (net)                              4     0.005048            0.000000   0.324410 r
  U133/A (NAND2_X0P5A_A9TR40)                                   0.123869  0.000016   0.324426 r
  U133/Y (NAND2_X0P5A_A9TR40)                                   0.212014  0.173823   0.498249 f
  n37 (net)                                     4     0.004940            0.000000   0.498249 f
  U197/A (NOR3_X1A_A9TR40)                                      0.212014  0.000017   0.498266 f
  U197/Y (NOR3_X1A_A9TR40)                                      0.212610  0.183355   0.681620 r
  det_takeover_ready_o (net)                    2     0.002004            0.000000   0.681620 r
  U198/BN (NOR4BB_X0P7M_A9TR40)                                 0.212610  0.000018   0.681639 r
  U198/Y (NOR4BB_X0P7M_A9TR40)                                  0.199200  0.247360   0.928998 r
  n4 (net)                                      1     0.001602            0.000000   0.928998 r
  U141/A (BUFH_X1M_A9TR40)                                      0.199200  0.000028   0.929026 r
  U141/Y (BUFH_X1M_A9TR40)                                      0.077797  0.138841   1.067867 r
  n166 (net)                                    2     0.002828            0.000000   1.067867 r
  U188/A (BUF_X2M_A9TR40)                                       0.077797  0.000020   1.067887 r
  U188/Y (BUF_X2M_A9TR40)                                       0.196430  0.171294   1.239181 r
  n164 (net)                                   16     0.018413            0.000000   1.239181 r
  U192/B0 (AOI2XB1_X1M_A9TR40)                                  0.196430  0.000015   1.239196 r
  U192/Y (AOI2XB1_X1M_A9TR40)                                   0.089231  0.104741   1.343937 f
  n1 (net)                                      1     0.001588            0.000000   1.343937 f
  U178/A (BUFH_X1M_A9TR40)                                      0.089231  0.000027   1.343965 f
  U178/Y (BUFH_X1M_A9TR40)                                      0.050187  0.101437   1.445402 f
  n172 (net)                                    2     0.002795            0.000000   1.445402 f
  U189/A (BUF_X2M_A9TR40)                                       0.050187  0.000020   1.445422 f
  U189/Y (BUF_X2M_A9TR40)                                       0.119513  0.144880   1.590302 f
  n170 (net)                                   16     0.018010            0.000000   1.590302 f
  U183/A (NOR2_X1A_A9TR40)                                      0.119513  0.000015   1.590317 f
  U183/Y (NOR2_X1A_A9TR40)                                      0.117579  0.105643   1.695960 r
  n3 (net)                                      1     0.001602            0.000000   1.695960 r
  U165/A (BUFH_X1M_A9TR40)                                      0.117579  0.000028   1.695987 r
  U165/Y (BUFH_X1M_A9TR40)                                      0.076291  0.112430   1.808417 r
  n169 (net)                                    2     0.002828            0.000000   1.808417 r
  U180/A (BUF_X2M_A9TR40)                                       0.076291  0.000020   1.808437 r
  U180/Y (BUF_X2M_A9TR40)                                       0.188724  0.166756   1.975193 r
  n167 (net)                                   16     0.017637            0.000000   1.975193 r
  U30/A1 (AOI22_X0P5M_A9TR40)                                   0.188724  0.000013   1.975206 r
  U30/Y (AOI22_X0P5M_A9TR40)                                    0.139917  0.167995   2.143201 f
  n17 (net)                                     1     0.001375            0.000000   2.143201 f
  U29/A0N (AO1B2_X0P5M_A9TR40)                                  0.139917  0.000024   2.143225 f
  U29/Y (AO1B2_X0P5M_A9TR40)                                    0.099884  0.100654   2.243879 r
  n72 (net)                                     1     0.001559            0.000000   2.243879 r
  det_medium_therm_q_reg[13]/D (DFFRPQ_X1M_A9TR40)              0.099884  0.000027   2.243906 r
  data arrival time                                                                  2.243906

  clock cal_clk (rise edge)                                               2.500000   2.500000
  clock network delay (ideal)                                             0.000000   2.500000
  clock uncertainty                                                       -0.050000  2.450000
  det_medium_therm_q_reg[13]/CK (DFFRPQ_X1M_A9TR40)                       0.000000   2.450000 r
  library setup time                                                      -0.082106  2.367894
  data required time                                                                 2.367894
  ----------------------------------------------------------------------------------------------
  data required time                                                                 2.367894
  data arrival time                                                                  -2.243906
  ----------------------------------------------------------------------------------------------
  slack (MET)                                                                        0.123988


  Startpoint: state_q_reg[0]
              (rising edge-triggered flip-flop clocked by cal_clk)
  Endpoint: det_medium_therm_q_reg[12]
            (rising edge-triggered flip-flop clocked by cal_clk)
  Path Group: cal_clk
  Path Type: max

  Des/Clust/Port     Wire Load Model       Library
  ------------------------------------------------
  ftc_detection_margin_manager
                     Small                 sc9mc_logic0040ll_base_rvt_c40_ss_typical_max_0p99v_125c

  Point                                       Fanout       Cap     Trans      Incr       Path
  ----------------------------------------------------------------------------------------------
  clock cal_clk (rise edge)                                               0.000000   0.000000
  clock network delay (ideal)                                             0.000000   0.000000
  state_q_reg[0]/CK (DFFRPQ_X1M_A9TR40)                         0.050000  0.000000   0.000000 r
  state_q_reg[0]/Q (DFFRPQ_X1M_A9TR40) <-                       0.123869  0.324410   0.324410 r
  state_q[0] (net)                              4     0.005048            0.000000   0.324410 r
  U133/A (NAND2_X0P5A_A9TR40)                                   0.123869  0.000016   0.324426 r
  U133/Y (NAND2_X0P5A_A9TR40)                                   0.212014  0.173823   0.498249 f
  n37 (net)                                     4     0.004940            0.000000   0.498249 f
  U197/A (NOR3_X1A_A9TR40)                                      0.212014  0.000017   0.498266 f
  U197/Y (NOR3_X1A_A9TR40)                                      0.212610  0.183355   0.681620 r
  det_takeover_ready_o (net)                    2     0.002004            0.000000   0.681620 r
  U198/BN (NOR4BB_X0P7M_A9TR40)                                 0.212610  0.000018   0.681639 r
  U198/Y (NOR4BB_X0P7M_A9TR40)                                  0.199200  0.247360   0.928998 r
  n4 (net)                                      1     0.001602            0.000000   0.928998 r
  U141/A (BUFH_X1M_A9TR40)                                      0.199200  0.000028   0.929026 r
  U141/Y (BUFH_X1M_A9TR40)                                      0.077797  0.138841   1.067867 r
  n166 (net)                                    2     0.002828            0.000000   1.067867 r
  U188/A (BUF_X2M_A9TR40)                                       0.077797  0.000020   1.067887 r
  U188/Y (BUF_X2M_A9TR40)                                       0.196430  0.171294   1.239181 r
  n164 (net)                                   16     0.018413            0.000000   1.239181 r
  U192/B0 (AOI2XB1_X1M_A9TR40)                                  0.196430  0.000015   1.239196 r
  U192/Y (AOI2XB1_X1M_A9TR40)                                   0.089231  0.104741   1.343937 f
  n1 (net)                                      1     0.001588            0.000000   1.343937 f
  U178/A (BUFH_X1M_A9TR40)                                      0.089231  0.000027   1.343965 f
  U178/Y (BUFH_X1M_A9TR40)                                      0.050187  0.101437   1.445402 f
  n172 (net)                                    2     0.002795            0.000000   1.445402 f
  U189/A (BUF_X2M_A9TR40)                                       0.050187  0.000020   1.445422 f
  U189/Y (BUF_X2M_A9TR40)                                       0.119513  0.144880   1.590302 f
  n170 (net)                                   16     0.018010            0.000000   1.590302 f
  U183/A (NOR2_X1A_A9TR40)                                      0.119513  0.000015   1.590317 f
  U183/Y (NOR2_X1A_A9TR40)                                      0.117579  0.105643   1.695960 r
  n3 (net)                                      1     0.001602            0.000000   1.695960 r
  U165/A (BUFH_X1M_A9TR40)                                      0.117579  0.000028   1.695987 r
  U165/Y (BUFH_X1M_A9TR40)                                      0.076291  0.112430   1.808417 r
  n169 (net)                                    2     0.002828            0.000000   1.808417 r
  U180/A (BUF_X2M_A9TR40)                                       0.076291  0.000020   1.808437 r
  U180/Y (BUF_X2M_A9TR40)                                       0.188724  0.166756   1.975193 r
  n167 (net)                                   16     0.017637            0.000000   1.975193 r
  U28/A1 (AOI22_X0P5M_A9TR40)                                   0.188724  0.000013   1.975206 r
  U28/Y (AOI22_X0P5M_A9TR40)                                    0.139917  0.167995   2.143201 f
  n16 (net)                                     1     0.001375            0.000000   2.143201 f
  U27/A0N (AO1B2_X0P5M_A9TR40)                                  0.139917  0.000024   2.143225 f
  U27/Y (AO1B2_X0P5M_A9TR40)                                    0.099884  0.100654   2.243879 r
  n71 (net)                                     1     0.001559            0.000000   2.243879 r
  det_medium_therm_q_reg[12]/D (DFFRPQ_X1M_A9TR40)              0.099884  0.000027   2.243906 r
  data arrival time                                                                  2.243906

  clock cal_clk (rise edge)                                               2.500000   2.500000
  clock network delay (ideal)                                             0.000000   2.500000
  clock uncertainty                                                       -0.050000  2.450000
  det_medium_therm_q_reg[12]/CK (DFFRPQ_X1M_A9TR40)                       0.000000   2.450000 r
  library setup time                                                      -0.082106  2.367894
  data required time                                                                 2.367894
  ----------------------------------------------------------------------------------------------
  data required time                                                                 2.367894
  data arrival time                                                                  -2.243906
  ----------------------------------------------------------------------------------------------
  slack (MET)                                                                        0.123988


  Startpoint: state_q_reg[0]
              (rising edge-triggered flip-flop clocked by cal_clk)
  Endpoint: det_medium_therm_q_reg[11]
            (rising edge-triggered flip-flop clocked by cal_clk)
  Path Group: cal_clk
  Path Type: max

  Des/Clust/Port     Wire Load Model       Library
  ------------------------------------------------
  ftc_detection_margin_manager
                     Small                 sc9mc_logic0040ll_base_rvt_c40_ss_typical_max_0p99v_125c

  Point                                       Fanout       Cap     Trans      Incr       Path
  ----------------------------------------------------------------------------------------------
  clock cal_clk (rise edge)                                               0.000000   0.000000
  clock network delay (ideal)                                             0.000000   0.000000
  state_q_reg[0]/CK (DFFRPQ_X1M_A9TR40)                         0.050000  0.000000   0.000000 r
  state_q_reg[0]/Q (DFFRPQ_X1M_A9TR40) <-                       0.123869  0.324410   0.324410 r
  state_q[0] (net)                              4     0.005048            0.000000   0.324410 r
  U133/A (NAND2_X0P5A_A9TR40)                                   0.123869  0.000016   0.324426 r
  U133/Y (NAND2_X0P5A_A9TR40)                                   0.212014  0.173823   0.498249 f
  n37 (net)                                     4     0.004940            0.000000   0.498249 f
  U197/A (NOR3_X1A_A9TR40)                                      0.212014  0.000017   0.498266 f
  U197/Y (NOR3_X1A_A9TR40)                                      0.212610  0.183355   0.681620 r
  det_takeover_ready_o (net)                    2     0.002004            0.000000   0.681620 r
  U198/BN (NOR4BB_X0P7M_A9TR40)                                 0.212610  0.000018   0.681639 r
  U198/Y (NOR4BB_X0P7M_A9TR40)                                  0.199200  0.247360   0.928998 r
  n4 (net)                                      1     0.001602            0.000000   0.928998 r
  U141/A (BUFH_X1M_A9TR40)                                      0.199200  0.000028   0.929026 r
  U141/Y (BUFH_X1M_A9TR40)                                      0.077797  0.138841   1.067867 r
  n166 (net)                                    2     0.002828            0.000000   1.067867 r
  U188/A (BUF_X2M_A9TR40)                                       0.077797  0.000020   1.067887 r
  U188/Y (BUF_X2M_A9TR40)                                       0.196430  0.171294   1.239181 r
  n164 (net)                                   16     0.018413            0.000000   1.239181 r
  U192/B0 (AOI2XB1_X1M_A9TR40)                                  0.196430  0.000015   1.239196 r
  U192/Y (AOI2XB1_X1M_A9TR40)                                   0.089231  0.104741   1.343937 f
  n1 (net)                                      1     0.001588            0.000000   1.343937 f
  U178/A (BUFH_X1M_A9TR40)                                      0.089231  0.000027   1.343965 f
  U178/Y (BUFH_X1M_A9TR40)                                      0.050187  0.101437   1.445402 f
  n172 (net)                                    2     0.002795            0.000000   1.445402 f
  U189/A (BUF_X2M_A9TR40)                                       0.050187  0.000020   1.445422 f
  U189/Y (BUF_X2M_A9TR40)                                       0.119513  0.144880   1.590302 f
  n170 (net)                                   16     0.018010            0.000000   1.590302 f
  U183/A (NOR2_X1A_A9TR40)                                      0.119513  0.000015   1.590317 f
  U183/Y (NOR2_X1A_A9TR40)                                      0.117579  0.105643   1.695960 r
  n3 (net)                                      1     0.001602            0.000000   1.695960 r
  U165/A (BUFH_X1M_A9TR40)                                      0.117579  0.000028   1.695987 r
  U165/Y (BUFH_X1M_A9TR40)                                      0.076291  0.112430   1.808417 r
  n169 (net)                                    2     0.002828            0.000000   1.808417 r
  U180/A (BUF_X2M_A9TR40)                                       0.076291  0.000020   1.808437 r
  U180/Y (BUF_X2M_A9TR40)                                       0.188724  0.166756   1.975193 r
  n167 (net)                                   16     0.017637            0.000000   1.975193 r
  U26/A1 (AOI22_X0P5M_A9TR40)                                   0.188724  0.000013   1.975206 r
  U26/Y (AOI22_X0P5M_A9TR40)                                    0.139917  0.167995   2.143201 f
  n15 (net)                                     1     0.001375            0.000000   2.143201 f
  U25/A0N (AO1B2_X0P5M_A9TR40)                                  0.139917  0.000024   2.143225 f
  U25/Y (AO1B2_X0P5M_A9TR40)                                    0.099884  0.100654   2.243879 r
  n70 (net)                                     1     0.001559            0.000000   2.243879 r
  det_medium_therm_q_reg[11]/D (DFFRPQ_X1M_A9TR40)              0.099884  0.000027   2.243906 r
  data arrival time                                                                  2.243906

  clock cal_clk (rise edge)                                               2.500000   2.500000
  clock network delay (ideal)                                             0.000000   2.500000
  clock uncertainty                                                       -0.050000  2.450000
  det_medium_therm_q_reg[11]/CK (DFFRPQ_X1M_A9TR40)                       0.000000   2.450000 r
  library setup time                                                      -0.082106  2.367894
  data required time                                                                 2.367894
  ----------------------------------------------------------------------------------------------
  data required time                                                                 2.367894
  data arrival time                                                                  -2.243906
  ----------------------------------------------------------------------------------------------
  slack (MET)                                                                        0.123988


  Startpoint: state_q_reg[0]
              (rising edge-triggered flip-flop clocked by cal_clk)
  Endpoint: det_medium_therm_q_reg[10]
            (rising edge-triggered flip-flop clocked by cal_clk)
  Path Group: cal_clk
  Path Type: max

  Des/Clust/Port     Wire Load Model       Library
  ------------------------------------------------
  ftc_detection_margin_manager
                     Small                 sc9mc_logic0040ll_base_rvt_c40_ss_typical_max_0p99v_125c

  Point                                       Fanout       Cap     Trans      Incr       Path
  ----------------------------------------------------------------------------------------------
  clock cal_clk (rise edge)                                               0.000000   0.000000
  clock network delay (ideal)                                             0.000000   0.000000
  state_q_reg[0]/CK (DFFRPQ_X1M_A9TR40)                         0.050000  0.000000   0.000000 r
  state_q_reg[0]/Q (DFFRPQ_X1M_A9TR40) <-                       0.123869  0.324410   0.324410 r
  state_q[0] (net)                              4     0.005048            0.000000   0.324410 r
  U133/A (NAND2_X0P5A_A9TR40)                                   0.123869  0.000016   0.324426 r
  U133/Y (NAND2_X0P5A_A9TR40)                                   0.212014  0.173823   0.498249 f
  n37 (net)                                     4     0.004940            0.000000   0.498249 f
  U197/A (NOR3_X1A_A9TR40)                                      0.212014  0.000017   0.498266 f
  U197/Y (NOR3_X1A_A9TR40)                                      0.212610  0.183355   0.681620 r
  det_takeover_ready_o (net)                    2     0.002004            0.000000   0.681620 r
  U198/BN (NOR4BB_X0P7M_A9TR40)                                 0.212610  0.000018   0.681639 r
  U198/Y (NOR4BB_X0P7M_A9TR40)                                  0.199200  0.247360   0.928998 r
  n4 (net)                                      1     0.001602            0.000000   0.928998 r
  U141/A (BUFH_X1M_A9TR40)                                      0.199200  0.000028   0.929026 r
  U141/Y (BUFH_X1M_A9TR40)                                      0.077797  0.138841   1.067867 r
  n166 (net)                                    2     0.002828            0.000000   1.067867 r
  U188/A (BUF_X2M_A9TR40)                                       0.077797  0.000020   1.067887 r
  U188/Y (BUF_X2M_A9TR40)                                       0.196430  0.171294   1.239181 r
  n164 (net)                                   16     0.018413            0.000000   1.239181 r
  U192/B0 (AOI2XB1_X1M_A9TR40)                                  0.196430  0.000015   1.239196 r
  U192/Y (AOI2XB1_X1M_A9TR40)                                   0.089231  0.104741   1.343937 f
  n1 (net)                                      1     0.001588            0.000000   1.343937 f
  U178/A (BUFH_X1M_A9TR40)                                      0.089231  0.000027   1.343965 f
  U178/Y (BUFH_X1M_A9TR40)                                      0.050187  0.101437   1.445402 f
  n172 (net)                                    2     0.002795            0.000000   1.445402 f
  U189/A (BUF_X2M_A9TR40)                                       0.050187  0.000020   1.445422 f
  U189/Y (BUF_X2M_A9TR40)                                       0.119513  0.144880   1.590302 f
  n170 (net)                                   16     0.018010            0.000000   1.590302 f
  U183/A (NOR2_X1A_A9TR40)                                      0.119513  0.000015   1.590317 f
  U183/Y (NOR2_X1A_A9TR40)                                      0.117579  0.105643   1.695960 r
  n3 (net)                                      1     0.001602            0.000000   1.695960 r
  U165/A (BUFH_X1M_A9TR40)                                      0.117579  0.000028   1.695987 r
  U165/Y (BUFH_X1M_A9TR40)                                      0.076291  0.112430   1.808417 r
  n169 (net)                                    2     0.002828            0.000000   1.808417 r
  U180/A (BUF_X2M_A9TR40)                                       0.076291  0.000020   1.808437 r
  U180/Y (BUF_X2M_A9TR40)                                       0.188724  0.166756   1.975193 r
  n167 (net)                                   16     0.017637            0.000000   1.975193 r
  U24/A1 (AOI22_X0P5M_A9TR40)                                   0.188724  0.000013   1.975206 r
  U24/Y (AOI22_X0P5M_A9TR40)                                    0.139917  0.167995   2.143201 f
  n14 (net)                                     1     0.001375            0.000000   2.143201 f
  U23/A0N (AO1B2_X0P5M_A9TR40)                                  0.139917  0.000024   2.143225 f
  U23/Y (AO1B2_X0P5M_A9TR40)                                    0.099884  0.100654   2.243879 r
  n69 (net)                                     1     0.001559            0.000000   2.243879 r
  det_medium_therm_q_reg[10]/D (DFFRPQ_X1M_A9TR40)              0.099884  0.000027   2.243906 r
  data arrival time                                                                  2.243906

  clock cal_clk (rise edge)                                               2.500000   2.500000
  clock network delay (ideal)                                             0.000000   2.500000
  clock uncertainty                                                       -0.050000  2.450000
  det_medium_therm_q_reg[10]/CK (DFFRPQ_X1M_A9TR40)                       0.000000   2.450000 r
  library setup time                                                      -0.082106  2.367894
  data required time                                                                 2.367894
  ----------------------------------------------------------------------------------------------
  data required time                                                                 2.367894
  data arrival time                                                                  -2.243906
  ----------------------------------------------------------------------------------------------
  slack (MET)                                                                        0.123988


  Startpoint: state_q_reg[0]
              (rising edge-triggered flip-flop clocked by cal_clk)
  Endpoint: det_fine_therm_q_reg[9]
            (rising edge-triggered flip-flop clocked by cal_clk)
  Path Group: cal_clk
  Path Type: max

  Des/Clust/Port     Wire Load Model       Library
  ------------------------------------------------
  ftc_detection_margin_manager
                     Small                 sc9mc_logic0040ll_base_rvt_c40_ss_typical_max_0p99v_125c

  Point                                       Fanout       Cap     Trans      Incr       Path
  ----------------------------------------------------------------------------------------------
  clock cal_clk (rise edge)                                               0.000000   0.000000
  clock network delay (ideal)                                             0.000000   0.000000
  state_q_reg[0]/CK (DFFRPQ_X1M_A9TR40)                         0.050000  0.000000   0.000000 r
  state_q_reg[0]/Q (DFFRPQ_X1M_A9TR40) <-                       0.123869  0.324410   0.324410 r
  state_q[0] (net)                              4     0.005048            0.000000   0.324410 r
  U133/A (NAND2_X0P5A_A9TR40)                                   0.123869  0.000016   0.324426 r
  U133/Y (NAND2_X0P5A_A9TR40)                                   0.212014  0.173823   0.498249 f
  n37 (net)                                     4     0.004940            0.000000   0.498249 f
  U197/A (NOR3_X1A_A9TR40)                                      0.212014  0.000017   0.498266 f
  U197/Y (NOR3_X1A_A9TR40)                                      0.212610  0.183355   0.681620 r
  det_takeover_ready_o (net)                    2     0.002004            0.000000   0.681620 r
  U198/BN (NOR4BB_X0P7M_A9TR40)                                 0.212610  0.000018   0.681639 r
  U198/Y (NOR4BB_X0P7M_A9TR40)                                  0.199200  0.247360   0.928998 r
  n4 (net)                                      1     0.001602            0.000000   0.928998 r
  U141/A (BUFH_X1M_A9TR40)                                      0.199200  0.000028   0.929026 r
  U141/Y (BUFH_X1M_A9TR40)                                      0.077797  0.138841   1.067867 r
  n166 (net)                                    2     0.002828            0.000000   1.067867 r
  U188/A (BUF_X2M_A9TR40)                                       0.077797  0.000020   1.067887 r
  U188/Y (BUF_X2M_A9TR40)                                       0.196430  0.171294   1.239181 r
  n164 (net)                                   16     0.018413            0.000000   1.239181 r
  U192/B0 (AOI2XB1_X1M_A9TR40)                                  0.196430  0.000015   1.239196 r
  U192/Y (AOI2XB1_X1M_A9TR40)                                   0.089231  0.104741   1.343937 f
  n1 (net)                                      1     0.001588            0.000000   1.343937 f
  U178/A (BUFH_X1M_A9TR40)                                      0.089231  0.000027   1.343965 f
  U178/Y (BUFH_X1M_A9TR40)                                      0.050187  0.101437   1.445402 f
  n172 (net)                                    2     0.002795            0.000000   1.445402 f
  U189/A (BUF_X2M_A9TR40)                                       0.050187  0.000020   1.445422 f
  U189/Y (BUF_X2M_A9TR40)                                       0.119513  0.144880   1.590302 f
  n170 (net)                                   16     0.018010            0.000000   1.590302 f
  U183/A (NOR2_X1A_A9TR40)                                      0.119513  0.000015   1.590317 f
  U183/Y (NOR2_X1A_A9TR40)                                      0.117579  0.105643   1.695960 r
  n3 (net)                                      1     0.001602            0.000000   1.695960 r
  U165/A (BUFH_X1M_A9TR40)                                      0.117579  0.000028   1.695987 r
  U165/Y (BUFH_X1M_A9TR40)                                      0.076291  0.112430   1.808417 r
  n169 (net)                                    2     0.002828            0.000000   1.808417 r
  U180/A (BUF_X2M_A9TR40)                                       0.076291  0.000020   1.808437 r
  U180/Y (BUF_X2M_A9TR40)                                       0.188724  0.166756   1.975193 r
  n167 (net)                                   16     0.017637            0.000000   1.975193 r
  U63/A1 (AOI22_X0P5M_A9TR40)                                   0.188724  0.000013   1.975206 r
  U63/Y (AOI22_X0P5M_A9TR40)                                    0.139917  0.167995   2.143201 f
  n31 (net)                                     1     0.001375            0.000000   2.143201 f
  U62/A0N (AO1B2_X0P5M_A9TR40)                                  0.139917  0.000024   2.143225 f
  U62/Y (AO1B2_X0P5M_A9TR40)                                    0.100342  0.100951   2.244176 r
  n93 (net)                                     1     0.001574            0.000000   2.244176 r
  det_fine_therm_q_reg[9]/D (DFFSQ_X1M_A9TR40)                  0.100342  0.000027   2.244203 r
  data arrival time                                                                  2.244203

  clock cal_clk (rise edge)                                               2.500000   2.500000
  clock network delay (ideal)                                             0.000000   2.500000
  clock uncertainty                                                       -0.050000  2.450000
  det_fine_therm_q_reg[9]/CK (DFFSQ_X1M_A9TR40)                           0.000000   2.450000 r
  library setup time                                                      -0.070604  2.379396
  data required time                                                                 2.379396
  ----------------------------------------------------------------------------------------------
  data required time                                                                 2.379396
  data arrival time                                                                  -2.244203
  ----------------------------------------------------------------------------------------------
  slack (MET)                                                                        0.135194


  Startpoint: state_q_reg[0]
              (rising edge-triggered flip-flop clocked by cal_clk)
  Endpoint: det_fine_therm_q_reg[8]
            (rising edge-triggered flip-flop clocked by cal_clk)
  Path Group: cal_clk
  Path Type: max

  Des/Clust/Port     Wire Load Model       Library
  ------------------------------------------------
  ftc_detection_margin_manager
                     Small                 sc9mc_logic0040ll_base_rvt_c40_ss_typical_max_0p99v_125c

  Point                                       Fanout       Cap     Trans      Incr       Path
  ----------------------------------------------------------------------------------------------
  clock cal_clk (rise edge)                                               0.000000   0.000000
  clock network delay (ideal)                                             0.000000   0.000000
  state_q_reg[0]/CK (DFFRPQ_X1M_A9TR40)                         0.050000  0.000000   0.000000 r
  state_q_reg[0]/Q (DFFRPQ_X1M_A9TR40) <-                       0.123869  0.324410   0.324410 r
  state_q[0] (net)                              4     0.005048            0.000000   0.324410 r
  U133/A (NAND2_X0P5A_A9TR40)                                   0.123869  0.000016   0.324426 r
  U133/Y (NAND2_X0P5A_A9TR40)                                   0.212014  0.173823   0.498249 f
  n37 (net)                                     4     0.004940            0.000000   0.498249 f
  U197/A (NOR3_X1A_A9TR40)                                      0.212014  0.000017   0.498266 f
  U197/Y (NOR3_X1A_A9TR40)                                      0.212610  0.183355   0.681620 r
  det_takeover_ready_o (net)                    2     0.002004            0.000000   0.681620 r
  U198/BN (NOR4BB_X0P7M_A9TR40)                                 0.212610  0.000018   0.681639 r
  U198/Y (NOR4BB_X0P7M_A9TR40)                                  0.199200  0.247360   0.928998 r
  n4 (net)                                      1     0.001602            0.000000   0.928998 r
  U141/A (BUFH_X1M_A9TR40)                                      0.199200  0.000028   0.929026 r
  U141/Y (BUFH_X1M_A9TR40)                                      0.077797  0.138841   1.067867 r
  n166 (net)                                    2     0.002828            0.000000   1.067867 r
  U188/A (BUF_X2M_A9TR40)                                       0.077797  0.000020   1.067887 r
  U188/Y (BUF_X2M_A9TR40)                                       0.196430  0.171294   1.239181 r
  n164 (net)                                   16     0.018413            0.000000   1.239181 r
  U192/B0 (AOI2XB1_X1M_A9TR40)                                  0.196430  0.000015   1.239196 r
  U192/Y (AOI2XB1_X1M_A9TR40)                                   0.089231  0.104741   1.343937 f
  n1 (net)                                      1     0.001588            0.000000   1.343937 f
  U178/A (BUFH_X1M_A9TR40)                                      0.089231  0.000027   1.343965 f
  U178/Y (BUFH_X1M_A9TR40)                                      0.050187  0.101437   1.445402 f
  n172 (net)                                    2     0.002795            0.000000   1.445402 f
  U189/A (BUF_X2M_A9TR40)                                       0.050187  0.000020   1.445422 f
  U189/Y (BUF_X2M_A9TR40)                                       0.119513  0.144880   1.590302 f
  n170 (net)                                   16     0.018010            0.000000   1.590302 f
  U183/A (NOR2_X1A_A9TR40)                                      0.119513  0.000015   1.590317 f
  U183/Y (NOR2_X1A_A9TR40)                                      0.117579  0.105643   1.695960 r
  n3 (net)                                      1     0.001602            0.000000   1.695960 r
  U165/A (BUFH_X1M_A9TR40)                                      0.117579  0.000028   1.695987 r
  U165/Y (BUFH_X1M_A9TR40)                                      0.076291  0.112430   1.808417 r
  n169 (net)                                    2     0.002828            0.000000   1.808417 r
  U180/A (BUF_X2M_A9TR40)                                       0.076291  0.000020   1.808437 r
  U180/Y (BUF_X2M_A9TR40)                                       0.188724  0.166756   1.975193 r
  n167 (net)                                   16     0.017637            0.000000   1.975193 r
  U60/A1 (AOI22_X0P5M_A9TR40)                                   0.188724  0.000013   1.975206 r
  U60/Y (AOI22_X0P5M_A9TR40)                                    0.139917  0.167995   2.143201 f
  n30 (net)                                     1     0.001375            0.000000   2.143201 f
  U59/A0N (AO1B2_X0P5M_A9TR40)                                  0.139917  0.000024   2.143225 f
  U59/Y (AO1B2_X0P5M_A9TR40)                                    0.100342  0.100951   2.244176 r
  n91 (net)                                     1     0.001574            0.000000   2.244176 r
  det_fine_therm_q_reg[8]/D (DFFSQ_X1M_A9TR40)                  0.100342  0.000027   2.244203 r
  data arrival time                                                                  2.244203

  clock cal_clk (rise edge)                                               2.500000   2.500000
  clock network delay (ideal)                                             0.000000   2.500000
  clock uncertainty                                                       -0.050000  2.450000
  det_fine_therm_q_reg[8]/CK (DFFSQ_X1M_A9TR40)                           0.000000   2.450000 r
  library setup time                                                      -0.070604  2.379396
  data required time                                                                 2.379396
  ----------------------------------------------------------------------------------------------
  data required time                                                                 2.379396
  data arrival time                                                                  -2.244203
  ----------------------------------------------------------------------------------------------
  slack (MET)                                                                        0.135194


  Startpoint: state_q_reg[0]
              (rising edge-triggered flip-flop clocked by cal_clk)
  Endpoint: det_fine_therm_q_reg[7]
            (rising edge-triggered flip-flop clocked by cal_clk)
  Path Group: cal_clk
  Path Type: max

  Des/Clust/Port     Wire Load Model       Library
  ------------------------------------------------
  ftc_detection_margin_manager
                     Small                 sc9mc_logic0040ll_base_rvt_c40_ss_typical_max_0p99v_125c

  Point                                       Fanout       Cap     Trans      Incr       Path
  ----------------------------------------------------------------------------------------------
  clock cal_clk (rise edge)                                               0.000000   0.000000
  clock network delay (ideal)                                             0.000000   0.000000
  state_q_reg[0]/CK (DFFRPQ_X1M_A9TR40)                         0.050000  0.000000   0.000000 r
  state_q_reg[0]/Q (DFFRPQ_X1M_A9TR40) <-                       0.123869  0.324410   0.324410 r
  state_q[0] (net)                              4     0.005048            0.000000   0.324410 r
  U133/A (NAND2_X0P5A_A9TR40)                                   0.123869  0.000016   0.324426 r
  U133/Y (NAND2_X0P5A_A9TR40)                                   0.212014  0.173823   0.498249 f
  n37 (net)                                     4     0.004940            0.000000   0.498249 f
  U197/A (NOR3_X1A_A9TR40)                                      0.212014  0.000017   0.498266 f
  U197/Y (NOR3_X1A_A9TR40)                                      0.212610  0.183355   0.681620 r
  det_takeover_ready_o (net)                    2     0.002004            0.000000   0.681620 r
  U198/BN (NOR4BB_X0P7M_A9TR40)                                 0.212610  0.000018   0.681639 r
  U198/Y (NOR4BB_X0P7M_A9TR40)                                  0.199200  0.247360   0.928998 r
  n4 (net)                                      1     0.001602            0.000000   0.928998 r
  U141/A (BUFH_X1M_A9TR40)                                      0.199200  0.000028   0.929026 r
  U141/Y (BUFH_X1M_A9TR40)                                      0.077797  0.138841   1.067867 r
  n166 (net)                                    2     0.002828            0.000000   1.067867 r
  U188/A (BUF_X2M_A9TR40)                                       0.077797  0.000020   1.067887 r
  U188/Y (BUF_X2M_A9TR40)                                       0.196430  0.171294   1.239181 r
  n164 (net)                                   16     0.018413            0.000000   1.239181 r
  U192/B0 (AOI2XB1_X1M_A9TR40)                                  0.196430  0.000015   1.239196 r
  U192/Y (AOI2XB1_X1M_A9TR40)                                   0.089231  0.104741   1.343937 f
  n1 (net)                                      1     0.001588            0.000000   1.343937 f
  U178/A (BUFH_X1M_A9TR40)                                      0.089231  0.000027   1.343965 f
  U178/Y (BUFH_X1M_A9TR40)                                      0.050187  0.101437   1.445402 f
  n172 (net)                                    2     0.002795            0.000000   1.445402 f
  U189/A (BUF_X2M_A9TR40)                                       0.050187  0.000020   1.445422 f
  U189/Y (BUF_X2M_A9TR40)                                       0.119513  0.144880   1.590302 f
  n170 (net)                                   16     0.018010            0.000000   1.590302 f
  U183/A (NOR2_X1A_A9TR40)                                      0.119513  0.000015   1.590317 f
  U183/Y (NOR2_X1A_A9TR40)                                      0.117579  0.105643   1.695960 r
  n3 (net)                                      1     0.001602            0.000000   1.695960 r
  U165/A (BUFH_X1M_A9TR40)                                      0.117579  0.000028   1.695987 r
  U165/Y (BUFH_X1M_A9TR40)                                      0.076291  0.112430   1.808417 r
  n169 (net)                                    2     0.002828            0.000000   1.808417 r
  U180/A (BUF_X2M_A9TR40)                                       0.076291  0.000020   1.808437 r
  U180/Y (BUF_X2M_A9TR40)                                       0.188724  0.166756   1.975193 r
  n167 (net)                                   16     0.017637            0.000000   1.975193 r
  U57/A1 (AOI22_X0P5M_A9TR40)                                   0.188724  0.000013   1.975206 r
  U57/Y (AOI22_X0P5M_A9TR40)                                    0.139917  0.167995   2.143201 f
  n29 (net)                                     1     0.001375            0.000000   2.143201 f
  U56/A0N (AO1B2_X0P5M_A9TR40)                                  0.139917  0.000024   2.143225 f
  U56/Y (AO1B2_X0P5M_A9TR40)                                    0.100342  0.100951   2.244176 r
  n89 (net)                                     1     0.001574            0.000000   2.244176 r
  det_fine_therm_q_reg[7]/D (DFFSQ_X1M_A9TR40)                  0.100342  0.000027   2.244203 r
  data arrival time                                                                  2.244203

  clock cal_clk (rise edge)                                               2.500000   2.500000
  clock network delay (ideal)                                             0.000000   2.500000
  clock uncertainty                                                       -0.050000  2.450000
  det_fine_therm_q_reg[7]/CK (DFFSQ_X1M_A9TR40)                           0.000000   2.450000 r
  library setup time                                                      -0.070604  2.379396
  data required time                                                                 2.379396
  ----------------------------------------------------------------------------------------------
  data required time                                                                 2.379396
  data arrival time                                                                  -2.244203
  ----------------------------------------------------------------------------------------------
  slack (MET)                                                                        0.135194


  Startpoint: state_q_reg[0]
              (rising edge-triggered flip-flop clocked by cal_clk)
  Endpoint: det_fine_therm_q_reg[6]
            (rising edge-triggered flip-flop clocked by cal_clk)
  Path Group: cal_clk
  Path Type: max

  Des/Clust/Port     Wire Load Model       Library
  ------------------------------------------------
  ftc_detection_margin_manager
                     Small                 sc9mc_logic0040ll_base_rvt_c40_ss_typical_max_0p99v_125c

  Point                                       Fanout       Cap     Trans      Incr       Path
  ----------------------------------------------------------------------------------------------
  clock cal_clk (rise edge)                                               0.000000   0.000000
  clock network delay (ideal)                                             0.000000   0.000000
  state_q_reg[0]/CK (DFFRPQ_X1M_A9TR40)                         0.050000  0.000000   0.000000 r
  state_q_reg[0]/Q (DFFRPQ_X1M_A9TR40) <-                       0.123869  0.324410   0.324410 r
  state_q[0] (net)                              4     0.005048            0.000000   0.324410 r
  U133/A (NAND2_X0P5A_A9TR40)                                   0.123869  0.000016   0.324426 r
  U133/Y (NAND2_X0P5A_A9TR40)                                   0.212014  0.173823   0.498249 f
  n37 (net)                                     4     0.004940            0.000000   0.498249 f
  U197/A (NOR3_X1A_A9TR40)                                      0.212014  0.000017   0.498266 f
  U197/Y (NOR3_X1A_A9TR40)                                      0.212610  0.183355   0.681620 r
  det_takeover_ready_o (net)                    2     0.002004            0.000000   0.681620 r
  U198/BN (NOR4BB_X0P7M_A9TR40)                                 0.212610  0.000018   0.681639 r
  U198/Y (NOR4BB_X0P7M_A9TR40)                                  0.199200  0.247360   0.928998 r
  n4 (net)                                      1     0.001602            0.000000   0.928998 r
  U141/A (BUFH_X1M_A9TR40)                                      0.199200  0.000028   0.929026 r
  U141/Y (BUFH_X1M_A9TR40)                                      0.077797  0.138841   1.067867 r
  n166 (net)                                    2     0.002828            0.000000   1.067867 r
  U188/A (BUF_X2M_A9TR40)                                       0.077797  0.000020   1.067887 r
  U188/Y (BUF_X2M_A9TR40)                                       0.196430  0.171294   1.239181 r
  n164 (net)                                   16     0.018413            0.000000   1.239181 r
  U192/B0 (AOI2XB1_X1M_A9TR40)                                  0.196430  0.000015   1.239196 r
  U192/Y (AOI2XB1_X1M_A9TR40)                                   0.089231  0.104741   1.343937 f
  n1 (net)                                      1     0.001588            0.000000   1.343937 f
  U178/A (BUFH_X1M_A9TR40)                                      0.089231  0.000027   1.343965 f
  U178/Y (BUFH_X1M_A9TR40)                                      0.050187  0.101437   1.445402 f
  n172 (net)                                    2     0.002795            0.000000   1.445402 f
  U189/A (BUF_X2M_A9TR40)                                       0.050187  0.000020   1.445422 f
  U189/Y (BUF_X2M_A9TR40)                                       0.119513  0.144880   1.590302 f
  n170 (net)                                   16     0.018010            0.000000   1.590302 f
  U183/A (NOR2_X1A_A9TR40)                                      0.119513  0.000015   1.590317 f
  U183/Y (NOR2_X1A_A9TR40)                                      0.117579  0.105643   1.695960 r
  n3 (net)                                      1     0.001602            0.000000   1.695960 r
  U165/A (BUFH_X1M_A9TR40)                                      0.117579  0.000028   1.695987 r
  U165/Y (BUFH_X1M_A9TR40)                                      0.076291  0.112430   1.808417 r
  n169 (net)                                    2     0.002828            0.000000   1.808417 r
  U180/A (BUF_X2M_A9TR40)                                       0.076291  0.000020   1.808437 r
  U180/Y (BUF_X2M_A9TR40)                                       0.188724  0.166756   1.975193 r
  n167 (net)                                   16     0.017637            0.000000   1.975193 r
  U54/A1 (AOI22_X0P5M_A9TR40)                                   0.188724  0.000013   1.975206 r
  U54/Y (AOI22_X0P5M_A9TR40)                                    0.139917  0.167995   2.143201 f
  n28 (net)                                     1     0.001375            0.000000   2.143201 f
  U53/A0N (AO1B2_X0P5M_A9TR40)                                  0.139917  0.000024   2.143225 f
  U53/Y (AO1B2_X0P5M_A9TR40)                                    0.100342  0.100951   2.244176 r
  n87 (net)                                     1     0.001574            0.000000   2.244176 r
  det_fine_therm_q_reg[6]/D (DFFSQ_X1M_A9TR40)                  0.100342  0.000027   2.244203 r
  data arrival time                                                                  2.244203

  clock cal_clk (rise edge)                                               2.500000   2.500000
  clock network delay (ideal)                                             0.000000   2.500000
  clock uncertainty                                                       -0.050000  2.450000
  det_fine_therm_q_reg[6]/CK (DFFSQ_X1M_A9TR40)                           0.000000   2.450000 r
  library setup time                                                      -0.070604  2.379396
  data required time                                                                 2.379396
  ----------------------------------------------------------------------------------------------
  data required time                                                                 2.379396
  data arrival time                                                                  -2.244203
  ----------------------------------------------------------------------------------------------
  slack (MET)                                                                        0.135194


  Startpoint: state_q_reg[0]
              (rising edge-triggered flip-flop clocked by cal_clk)
  Endpoint: det_fine_therm_q_reg[5]
            (rising edge-triggered flip-flop clocked by cal_clk)
  Path Group: cal_clk
  Path Type: max

  Des/Clust/Port     Wire Load Model       Library
  ------------------------------------------------
  ftc_detection_margin_manager
                     Small                 sc9mc_logic0040ll_base_rvt_c40_ss_typical_max_0p99v_125c

  Point                                       Fanout       Cap     Trans      Incr       Path
  ----------------------------------------------------------------------------------------------
  clock cal_clk (rise edge)                                               0.000000   0.000000
  clock network delay (ideal)                                             0.000000   0.000000
  state_q_reg[0]/CK (DFFRPQ_X1M_A9TR40)                         0.050000  0.000000   0.000000 r
  state_q_reg[0]/Q (DFFRPQ_X1M_A9TR40) <-                       0.123869  0.324410   0.324410 r
  state_q[0] (net)                              4     0.005048            0.000000   0.324410 r
  U133/A (NAND2_X0P5A_A9TR40)                                   0.123869  0.000016   0.324426 r
  U133/Y (NAND2_X0P5A_A9TR40)                                   0.212014  0.173823   0.498249 f
  n37 (net)                                     4     0.004940            0.000000   0.498249 f
  U197/A (NOR3_X1A_A9TR40)                                      0.212014  0.000017   0.498266 f
  U197/Y (NOR3_X1A_A9TR40)                                      0.212610  0.183355   0.681620 r
  det_takeover_ready_o (net)                    2     0.002004            0.000000   0.681620 r
  U198/BN (NOR4BB_X0P7M_A9TR40)                                 0.212610  0.000018   0.681639 r
  U198/Y (NOR4BB_X0P7M_A9TR40)                                  0.199200  0.247360   0.928998 r
  n4 (net)                                      1     0.001602            0.000000   0.928998 r
  U141/A (BUFH_X1M_A9TR40)                                      0.199200  0.000028   0.929026 r
  U141/Y (BUFH_X1M_A9TR40)                                      0.077797  0.138841   1.067867 r
  n166 (net)                                    2     0.002828            0.000000   1.067867 r
  U188/A (BUF_X2M_A9TR40)                                       0.077797  0.000020   1.067887 r
  U188/Y (BUF_X2M_A9TR40)                                       0.196430  0.171294   1.239181 r
  n164 (net)                                   16     0.018413            0.000000   1.239181 r
  U192/B0 (AOI2XB1_X1M_A9TR40)                                  0.196430  0.000015   1.239196 r
  U192/Y (AOI2XB1_X1M_A9TR40)                                   0.089231  0.104741   1.343937 f
  n1 (net)                                      1     0.001588            0.000000   1.343937 f
  U178/A (BUFH_X1M_A9TR40)                                      0.089231  0.000027   1.343965 f
  U178/Y (BUFH_X1M_A9TR40)                                      0.050187  0.101437   1.445402 f
  n172 (net)                                    2     0.002795            0.000000   1.445402 f
  U189/A (BUF_X2M_A9TR40)                                       0.050187  0.000020   1.445422 f
  U189/Y (BUF_X2M_A9TR40)                                       0.119513  0.144880   1.590302 f
  n170 (net)                                   16     0.018010            0.000000   1.590302 f
  U183/A (NOR2_X1A_A9TR40)                                      0.119513  0.000015   1.590317 f
  U183/Y (NOR2_X1A_A9TR40)                                      0.117579  0.105643   1.695960 r
  n3 (net)                                      1     0.001602            0.000000   1.695960 r
  U165/A (BUFH_X1M_A9TR40)                                      0.117579  0.000028   1.695987 r
  U165/Y (BUFH_X1M_A9TR40)                                      0.076291  0.112430   1.808417 r
  n169 (net)                                    2     0.002828            0.000000   1.808417 r
  U180/A (BUF_X2M_A9TR40)                                       0.076291  0.000020   1.808437 r
  U180/Y (BUF_X2M_A9TR40)                                       0.188724  0.166756   1.975193 r
  n167 (net)                                   16     0.017637            0.000000   1.975193 r
  U51/A1 (AOI22_X0P5M_A9TR40)                                   0.188724  0.000013   1.975206 r
  U51/Y (AOI22_X0P5M_A9TR40)                                    0.139917  0.167995   2.143201 f
  n27 (net)                                     1     0.001375            0.000000   2.143201 f
  U50/A0N (AO1B2_X0P5M_A9TR40)                                  0.139917  0.000024   2.143225 f
  U50/Y (AO1B2_X0P5M_A9TR40)                                    0.100342  0.100951   2.244176 r
  n85 (net)                                     1     0.001574            0.000000   2.244176 r
  det_fine_therm_q_reg[5]/D (DFFSQ_X1M_A9TR40)                  0.100342  0.000027   2.244203 r
  data arrival time                                                                  2.244203

  clock cal_clk (rise edge)                                               2.500000   2.500000
  clock network delay (ideal)                                             0.000000   2.500000
  clock uncertainty                                                       -0.050000  2.450000
  det_fine_therm_q_reg[5]/CK (DFFSQ_X1M_A9TR40)                           0.000000   2.450000 r
  library setup time                                                      -0.070604  2.379396
  data required time                                                                 2.379396
  ----------------------------------------------------------------------------------------------
  data required time                                                                 2.379396
  data arrival time                                                                  -2.244203
  ----------------------------------------------------------------------------------------------
  slack (MET)                                                                        0.135194


  Startpoint: state_q_reg[0]
              (rising edge-triggered flip-flop clocked by cal_clk)
  Endpoint: det_fine_therm_q_reg[4]
            (rising edge-triggered flip-flop clocked by cal_clk)
  Path Group: cal_clk
  Path Type: max

  Des/Clust/Port     Wire Load Model       Library
  ------------------------------------------------
  ftc_detection_margin_manager
                     Small                 sc9mc_logic0040ll_base_rvt_c40_ss_typical_max_0p99v_125c

  Point                                       Fanout       Cap     Trans      Incr       Path
  ----------------------------------------------------------------------------------------------
  clock cal_clk (rise edge)                                               0.000000   0.000000
  clock network delay (ideal)                                             0.000000   0.000000
  state_q_reg[0]/CK (DFFRPQ_X1M_A9TR40)                         0.050000  0.000000   0.000000 r
  state_q_reg[0]/Q (DFFRPQ_X1M_A9TR40) <-                       0.123869  0.324410   0.324410 r
  state_q[0] (net)                              4     0.005048            0.000000   0.324410 r
  U133/A (NAND2_X0P5A_A9TR40)                                   0.123869  0.000016   0.324426 r
  U133/Y (NAND2_X0P5A_A9TR40)                                   0.212014  0.173823   0.498249 f
  n37 (net)                                     4     0.004940            0.000000   0.498249 f
  U197/A (NOR3_X1A_A9TR40)                                      0.212014  0.000017   0.498266 f
  U197/Y (NOR3_X1A_A9TR40)                                      0.212610  0.183355   0.681620 r
  det_takeover_ready_o (net)                    2     0.002004            0.000000   0.681620 r
  U198/BN (NOR4BB_X0P7M_A9TR40)                                 0.212610  0.000018   0.681639 r
  U198/Y (NOR4BB_X0P7M_A9TR40)                                  0.199200  0.247360   0.928998 r
  n4 (net)                                      1     0.001602            0.000000   0.928998 r
  U141/A (BUFH_X1M_A9TR40)                                      0.199200  0.000028   0.929026 r
  U141/Y (BUFH_X1M_A9TR40)                                      0.077797  0.138841   1.067867 r
  n166 (net)                                    2     0.002828            0.000000   1.067867 r
  U188/A (BUF_X2M_A9TR40)                                       0.077797  0.000020   1.067887 r
  U188/Y (BUF_X2M_A9TR40)                                       0.196430  0.171294   1.239181 r
  n164 (net)                                   16     0.018413            0.000000   1.239181 r
  U192/B0 (AOI2XB1_X1M_A9TR40)                                  0.196430  0.000015   1.239196 r
  U192/Y (AOI2XB1_X1M_A9TR40)                                   0.089231  0.104741   1.343937 f
  n1 (net)                                      1     0.001588            0.000000   1.343937 f
  U178/A (BUFH_X1M_A9TR40)                                      0.089231  0.000027   1.343965 f
  U178/Y (BUFH_X1M_A9TR40)                                      0.050187  0.101437   1.445402 f
  n172 (net)                                    2     0.002795            0.000000   1.445402 f
  U189/A (BUF_X2M_A9TR40)                                       0.050187  0.000020   1.445422 f
  U189/Y (BUF_X2M_A9TR40)                                       0.119513  0.144880   1.590302 f
  n170 (net)                                   16     0.018010            0.000000   1.590302 f
  U183/A (NOR2_X1A_A9TR40)                                      0.119513  0.000015   1.590317 f
  U183/Y (NOR2_X1A_A9TR40)                                      0.117579  0.105643   1.695960 r
  n3 (net)                                      1     0.001602            0.000000   1.695960 r
  U165/A (BUFH_X1M_A9TR40)                                      0.117579  0.000028   1.695987 r
  U165/Y (BUFH_X1M_A9TR40)                                      0.076291  0.112430   1.808417 r
  n169 (net)                                    2     0.002828            0.000000   1.808417 r
  U180/A (BUF_X2M_A9TR40)                                       0.076291  0.000020   1.808437 r
  U180/Y (BUF_X2M_A9TR40)                                       0.188724  0.166756   1.975193 r
  n167 (net)                                   16     0.017637            0.000000   1.975193 r
  U48/A1 (AOI22_X0P5M_A9TR40)                                   0.188724  0.000013   1.975206 r
  U48/Y (AOI22_X0P5M_A9TR40)                                    0.139917  0.167995   2.143201 f
  n26 (net)                                     1     0.001375            0.000000   2.143201 f
  U47/A0N (AO1B2_X0P5M_A9TR40)                                  0.139917  0.000024   2.143225 f
  U47/Y (AO1B2_X0P5M_A9TR40)                                    0.100342  0.100951   2.244176 r
  n83 (net)                                     1     0.001574            0.000000   2.244176 r
  det_fine_therm_q_reg[4]/D (DFFSQ_X1M_A9TR40)                  0.100342  0.000027   2.244203 r
  data arrival time                                                                  2.244203

  clock cal_clk (rise edge)                                               2.500000   2.500000
  clock network delay (ideal)                                             0.000000   2.500000
  clock uncertainty                                                       -0.050000  2.450000
  det_fine_therm_q_reg[4]/CK (DFFSQ_X1M_A9TR40)                           0.000000   2.450000 r
  library setup time                                                      -0.070604  2.379396
  data required time                                                                 2.379396
  ----------------------------------------------------------------------------------------------
  data required time                                                                 2.379396
  data arrival time                                                                  -2.244203
  ----------------------------------------------------------------------------------------------
  slack (MET)                                                                        0.135194


  Startpoint: state_q_reg[0]
              (rising edge-triggered flip-flop clocked by cal_clk)
  Endpoint: det_fine_therm_q_reg[3]
            (rising edge-triggered flip-flop clocked by cal_clk)
  Path Group: cal_clk
  Path Type: max

  Des/Clust/Port     Wire Load Model       Library
  ------------------------------------------------
  ftc_detection_margin_manager
                     Small                 sc9mc_logic0040ll_base_rvt_c40_ss_typical_max_0p99v_125c

  Point                                       Fanout       Cap     Trans      Incr       Path
  ----------------------------------------------------------------------------------------------
  clock cal_clk (rise edge)                                               0.000000   0.000000
  clock network delay (ideal)                                             0.000000   0.000000
  state_q_reg[0]/CK (DFFRPQ_X1M_A9TR40)                         0.050000  0.000000   0.000000 r
  state_q_reg[0]/Q (DFFRPQ_X1M_A9TR40) <-                       0.123869  0.324410   0.324410 r
  state_q[0] (net)                              4     0.005048            0.000000   0.324410 r
  U133/A (NAND2_X0P5A_A9TR40)                                   0.123869  0.000016   0.324426 r
  U133/Y (NAND2_X0P5A_A9TR40)                                   0.212014  0.173823   0.498249 f
  n37 (net)                                     4     0.004940            0.000000   0.498249 f
  U197/A (NOR3_X1A_A9TR40)                                      0.212014  0.000017   0.498266 f
  U197/Y (NOR3_X1A_A9TR40)                                      0.212610  0.183355   0.681620 r
  det_takeover_ready_o (net)                    2     0.002004            0.000000   0.681620 r
  U198/BN (NOR4BB_X0P7M_A9TR40)                                 0.212610  0.000018   0.681639 r
  U198/Y (NOR4BB_X0P7M_A9TR40)                                  0.199200  0.247360   0.928998 r
  n4 (net)                                      1     0.001602            0.000000   0.928998 r
  U141/A (BUFH_X1M_A9TR40)                                      0.199200  0.000028   0.929026 r
  U141/Y (BUFH_X1M_A9TR40)                                      0.077797  0.138841   1.067867 r
  n166 (net)                                    2     0.002828            0.000000   1.067867 r
  U188/A (BUF_X2M_A9TR40)                                       0.077797  0.000020   1.067887 r
  U188/Y (BUF_X2M_A9TR40)                                       0.196430  0.171294   1.239181 r
  n164 (net)                                   16     0.018413            0.000000   1.239181 r
  U192/B0 (AOI2XB1_X1M_A9TR40)                                  0.196430  0.000015   1.239196 r
  U192/Y (AOI2XB1_X1M_A9TR40)                                   0.089231  0.104741   1.343937 f
  n1 (net)                                      1     0.001588            0.000000   1.343937 f
  U178/A (BUFH_X1M_A9TR40)                                      0.089231  0.000027   1.343965 f
  U178/Y (BUFH_X1M_A9TR40)                                      0.050187  0.101437   1.445402 f
  n172 (net)                                    2     0.002795            0.000000   1.445402 f
  U189/A (BUF_X2M_A9TR40)                                       0.050187  0.000020   1.445422 f
  U189/Y (BUF_X2M_A9TR40)                                       0.119513  0.144880   1.590302 f
  n170 (net)                                   16     0.018010            0.000000   1.590302 f
  U183/A (NOR2_X1A_A9TR40)                                      0.119513  0.000015   1.590317 f
  U183/Y (NOR2_X1A_A9TR40)                                      0.117579  0.105643   1.695960 r
  n3 (net)                                      1     0.001602            0.000000   1.695960 r
  U165/A (BUFH_X1M_A9TR40)                                      0.117579  0.000028   1.695987 r
  U165/Y (BUFH_X1M_A9TR40)                                      0.076291  0.112430   1.808417 r
  n169 (net)                                    2     0.002828            0.000000   1.808417 r
  U180/A (BUF_X2M_A9TR40)                                       0.076291  0.000020   1.808437 r
  U180/Y (BUF_X2M_A9TR40)                                       0.188724  0.166756   1.975193 r
  n167 (net)                                   16     0.017637            0.000000   1.975193 r
  U45/A1 (AOI22_X0P5M_A9TR40)                                   0.188724  0.000013   1.975206 r
  U45/Y (AOI22_X0P5M_A9TR40)                                    0.139917  0.167995   2.143201 f
  n25 (net)                                     1     0.001375            0.000000   2.143201 f
  U44/A0N (AO1B2_X0P5M_A9TR40)                                  0.139917  0.000024   2.143225 f
  U44/Y (AO1B2_X0P5M_A9TR40)                                    0.100342  0.100951   2.244176 r
  n81 (net)                                     1     0.001574            0.000000   2.244176 r
  det_fine_therm_q_reg[3]/D (DFFSQ_X1M_A9TR40)                  0.100342  0.000027   2.244203 r
  data arrival time                                                                  2.244203

  clock cal_clk (rise edge)                                               2.500000   2.500000
  clock network delay (ideal)                                             0.000000   2.500000
  clock uncertainty                                                       -0.050000  2.450000
  det_fine_therm_q_reg[3]/CK (DFFSQ_X1M_A9TR40)                           0.000000   2.450000 r
  library setup time                                                      -0.070604  2.379396
  data required time                                                                 2.379396
  ----------------------------------------------------------------------------------------------
  data required time                                                                 2.379396
  data arrival time                                                                  -2.244203
  ----------------------------------------------------------------------------------------------
  slack (MET)                                                                        0.135194


  Startpoint: state_q_reg[0]
              (rising edge-triggered flip-flop clocked by cal_clk)
  Endpoint: det_fine_therm_q_reg[2]
            (rising edge-triggered flip-flop clocked by cal_clk)
  Path Group: cal_clk
  Path Type: max

  Des/Clust/Port     Wire Load Model       Library
  ------------------------------------------------
  ftc_detection_margin_manager
                     Small                 sc9mc_logic0040ll_base_rvt_c40_ss_typical_max_0p99v_125c

  Point                                       Fanout       Cap     Trans      Incr       Path
  ----------------------------------------------------------------------------------------------
  clock cal_clk (rise edge)                                               0.000000   0.000000
  clock network delay (ideal)                                             0.000000   0.000000
  state_q_reg[0]/CK (DFFRPQ_X1M_A9TR40)                         0.050000  0.000000   0.000000 r
  state_q_reg[0]/Q (DFFRPQ_X1M_A9TR40) <-                       0.123869  0.324410   0.324410 r
  state_q[0] (net)                              4     0.005048            0.000000   0.324410 r
  U133/A (NAND2_X0P5A_A9TR40)                                   0.123869  0.000016   0.324426 r
  U133/Y (NAND2_X0P5A_A9TR40)                                   0.212014  0.173823   0.498249 f
  n37 (net)                                     4     0.004940            0.000000   0.498249 f
  U197/A (NOR3_X1A_A9TR40)                                      0.212014  0.000017   0.498266 f
  U197/Y (NOR3_X1A_A9TR40)                                      0.212610  0.183355   0.681620 r
  det_takeover_ready_o (net)                    2     0.002004            0.000000   0.681620 r
  U198/BN (NOR4BB_X0P7M_A9TR40)                                 0.212610  0.000018   0.681639 r
  U198/Y (NOR4BB_X0P7M_A9TR40)                                  0.199200  0.247360   0.928998 r
  n4 (net)                                      1     0.001602            0.000000   0.928998 r
  U141/A (BUFH_X1M_A9TR40)                                      0.199200  0.000028   0.929026 r
  U141/Y (BUFH_X1M_A9TR40)                                      0.077797  0.138841   1.067867 r
  n166 (net)                                    2     0.002828            0.000000   1.067867 r
  U188/A (BUF_X2M_A9TR40)                                       0.077797  0.000020   1.067887 r
  U188/Y (BUF_X2M_A9TR40)                                       0.196430  0.171294   1.239181 r
  n164 (net)                                   16     0.018413            0.000000   1.239181 r
  U192/B0 (AOI2XB1_X1M_A9TR40)                                  0.196430  0.000015   1.239196 r
  U192/Y (AOI2XB1_X1M_A9TR40)                                   0.089231  0.104741   1.343937 f
  n1 (net)                                      1     0.001588            0.000000   1.343937 f
  U178/A (BUFH_X1M_A9TR40)                                      0.089231  0.000027   1.343965 f
  U178/Y (BUFH_X1M_A9TR40)                                      0.050187  0.101437   1.445402 f
  n172 (net)                                    2     0.002795            0.000000   1.445402 f
  U189/A (BUF_X2M_A9TR40)                                       0.050187  0.000020   1.445422 f
  U189/Y (BUF_X2M_A9TR40)                                       0.119513  0.144880   1.590302 f
  n170 (net)                                   16     0.018010            0.000000   1.590302 f
  U183/A (NOR2_X1A_A9TR40)                                      0.119513  0.000015   1.590317 f
  U183/Y (NOR2_X1A_A9TR40)                                      0.117579  0.105643   1.695960 r
  n3 (net)                                      1     0.001602            0.000000   1.695960 r
  U165/A (BUFH_X1M_A9TR40)                                      0.117579  0.000028   1.695987 r
  U165/Y (BUFH_X1M_A9TR40)                                      0.076291  0.112430   1.808417 r
  n169 (net)                                    2     0.002828            0.000000   1.808417 r
  U180/A (BUF_X2M_A9TR40)                                       0.076291  0.000020   1.808437 r
  U180/Y (BUF_X2M_A9TR40)                                       0.188724  0.166756   1.975193 r
  n167 (net)                                   16     0.017637            0.000000   1.975193 r
  U42/A1 (AOI22_X0P5M_A9TR40)                                   0.188724  0.000013   1.975206 r
  U42/Y (AOI22_X0P5M_A9TR40)                                    0.139917  0.167995   2.143201 f
  n24 (net)                                     1     0.001375            0.000000   2.143201 f
  U41/A0N (AO1B2_X0P5M_A9TR40)                                  0.139917  0.000024   2.143225 f
  U41/Y (AO1B2_X0P5M_A9TR40)                                    0.100342  0.100951   2.244176 r
  n79 (net)                                     1     0.001574            0.000000   2.244176 r
  det_fine_therm_q_reg[2]/D (DFFSQ_X1M_A9TR40)                  0.100342  0.000027   2.244203 r
  data arrival time                                                                  2.244203

  clock cal_clk (rise edge)                                               2.500000   2.500000
  clock network delay (ideal)                                             0.000000   2.500000
  clock uncertainty                                                       -0.050000  2.450000
  det_fine_therm_q_reg[2]/CK (DFFSQ_X1M_A9TR40)                           0.000000   2.450000 r
  library setup time                                                      -0.070604  2.379396
  data required time                                                                 2.379396
  ----------------------------------------------------------------------------------------------
  data required time                                                                 2.379396
  data arrival time                                                                  -2.244203
  ----------------------------------------------------------------------------------------------
  slack (MET)                                                                        0.135194


  Startpoint: state_q_reg[0]
              (rising edge-triggered flip-flop clocked by cal_clk)
  Endpoint: det_fine_therm_q_reg[1]
            (rising edge-triggered flip-flop clocked by cal_clk)
  Path Group: cal_clk
  Path Type: max

  Des/Clust/Port     Wire Load Model       Library
  ------------------------------------------------
  ftc_detection_margin_manager
                     Small                 sc9mc_logic0040ll_base_rvt_c40_ss_typical_max_0p99v_125c

  Point                                       Fanout       Cap     Trans      Incr       Path
  ----------------------------------------------------------------------------------------------
  clock cal_clk (rise edge)                                               0.000000   0.000000
  clock network delay (ideal)                                             0.000000   0.000000
  state_q_reg[0]/CK (DFFRPQ_X1M_A9TR40)                         0.050000  0.000000   0.000000 r
  state_q_reg[0]/Q (DFFRPQ_X1M_A9TR40) <-                       0.123869  0.324410   0.324410 r
  state_q[0] (net)                              4     0.005048            0.000000   0.324410 r
  U133/A (NAND2_X0P5A_A9TR40)                                   0.123869  0.000016   0.324426 r
  U133/Y (NAND2_X0P5A_A9TR40)                                   0.212014  0.173823   0.498249 f
  n37 (net)                                     4     0.004940            0.000000   0.498249 f
  U197/A (NOR3_X1A_A9TR40)                                      0.212014  0.000017   0.498266 f
  U197/Y (NOR3_X1A_A9TR40)                                      0.212610  0.183355   0.681620 r
  det_takeover_ready_o (net)                    2     0.002004            0.000000   0.681620 r
  U198/BN (NOR4BB_X0P7M_A9TR40)                                 0.212610  0.000018   0.681639 r
  U198/Y (NOR4BB_X0P7M_A9TR40)                                  0.199200  0.247360   0.928998 r
  n4 (net)                                      1     0.001602            0.000000   0.928998 r
  U141/A (BUFH_X1M_A9TR40)                                      0.199200  0.000028   0.929026 r
  U141/Y (BUFH_X1M_A9TR40)                                      0.077797  0.138841   1.067867 r
  n166 (net)                                    2     0.002828            0.000000   1.067867 r
  U188/A (BUF_X2M_A9TR40)                                       0.077797  0.000020   1.067887 r
  U188/Y (BUF_X2M_A9TR40)                                       0.196430  0.171294   1.239181 r
  n164 (net)                                   16     0.018413            0.000000   1.239181 r
  U192/B0 (AOI2XB1_X1M_A9TR40)                                  0.196430  0.000015   1.239196 r
  U192/Y (AOI2XB1_X1M_A9TR40)                                   0.089231  0.104741   1.343937 f
  n1 (net)                                      1     0.001588            0.000000   1.343937 f
  U178/A (BUFH_X1M_A9TR40)                                      0.089231  0.000027   1.343965 f
  U178/Y (BUFH_X1M_A9TR40)                                      0.050187  0.101437   1.445402 f
  n172 (net)                                    2     0.002795            0.000000   1.445402 f
  U189/A (BUF_X2M_A9TR40)                                       0.050187  0.000020   1.445422 f
  U189/Y (BUF_X2M_A9TR40)                                       0.119513  0.144880   1.590302 f
  n170 (net)                                   16     0.018010            0.000000   1.590302 f
  U183/A (NOR2_X1A_A9TR40)                                      0.119513  0.000015   1.590317 f
  U183/Y (NOR2_X1A_A9TR40)                                      0.117579  0.105643   1.695960 r
  n3 (net)                                      1     0.001602            0.000000   1.695960 r
  U165/A (BUFH_X1M_A9TR40)                                      0.117579  0.000028   1.695987 r
  U165/Y (BUFH_X1M_A9TR40)                                      0.076291  0.112430   1.808417 r
  n169 (net)                                    2     0.002828            0.000000   1.808417 r
  U180/A (BUF_X2M_A9TR40)                                       0.076291  0.000020   1.808437 r
  U180/Y (BUF_X2M_A9TR40)                                       0.188724  0.166756   1.975193 r
  n167 (net)                                   16     0.017637            0.000000   1.975193 r
  U39/A1 (AOI22_X0P5M_A9TR40)                                   0.188724  0.000013   1.975206 r
  U39/Y (AOI22_X0P5M_A9TR40)                                    0.139917  0.167995   2.143201 f
  n23 (net)                                     1     0.001375            0.000000   2.143201 f
  U38/A0N (AO1B2_X0P5M_A9TR40)                                  0.139917  0.000024   2.143225 f
  U38/Y (AO1B2_X0P5M_A9TR40)                                    0.100342  0.100951   2.244176 r
  n77 (net)                                     1     0.001574            0.000000   2.244176 r
  det_fine_therm_q_reg[1]/D (DFFSQ_X1M_A9TR40)                  0.100342  0.000027   2.244203 r
  data arrival time                                                                  2.244203

  clock cal_clk (rise edge)                                               2.500000   2.500000
  clock network delay (ideal)                                             0.000000   2.500000
  clock uncertainty                                                       -0.050000  2.450000
  det_fine_therm_q_reg[1]/CK (DFFSQ_X1M_A9TR40)                           0.000000   2.450000 r
  library setup time                                                      -0.070604  2.379396
  data required time                                                                 2.379396
  ----------------------------------------------------------------------------------------------
  data required time                                                                 2.379396
  data arrival time                                                                  -2.244203
  ----------------------------------------------------------------------------------------------
  slack (MET)                                                                        0.135194


  Startpoint: state_q_reg[0]
              (rising edge-triggered flip-flop clocked by cal_clk)
  Endpoint: det_fine_therm_q_reg[0]
            (rising edge-triggered flip-flop clocked by cal_clk)
  Path Group: cal_clk
  Path Type: max

  Des/Clust/Port     Wire Load Model       Library
  ------------------------------------------------
  ftc_detection_margin_manager
                     Small                 sc9mc_logic0040ll_base_rvt_c40_ss_typical_max_0p99v_125c

  Point                                       Fanout       Cap     Trans      Incr       Path
  ----------------------------------------------------------------------------------------------
  clock cal_clk (rise edge)                                               0.000000   0.000000
  clock network delay (ideal)                                             0.000000   0.000000
  state_q_reg[0]/CK (DFFRPQ_X1M_A9TR40)                         0.050000  0.000000   0.000000 r
  state_q_reg[0]/Q (DFFRPQ_X1M_A9TR40) <-                       0.123869  0.324410   0.324410 r
  state_q[0] (net)                              4     0.005048            0.000000   0.324410 r
  U133/A (NAND2_X0P5A_A9TR40)                                   0.123869  0.000016   0.324426 r
  U133/Y (NAND2_X0P5A_A9TR40)                                   0.212014  0.173823   0.498249 f
  n37 (net)                                     4     0.004940            0.000000   0.498249 f
  U197/A (NOR3_X1A_A9TR40)                                      0.212014  0.000017   0.498266 f
  U197/Y (NOR3_X1A_A9TR40)                                      0.212610  0.183355   0.681620 r
  det_takeover_ready_o (net)                    2     0.002004            0.000000   0.681620 r
  U198/BN (NOR4BB_X0P7M_A9TR40)                                 0.212610  0.000018   0.681639 r
  U198/Y (NOR4BB_X0P7M_A9TR40)                                  0.199200  0.247360   0.928998 r
  n4 (net)                                      1     0.001602            0.000000   0.928998 r
  U141/A (BUFH_X1M_A9TR40)                                      0.199200  0.000028   0.929026 r
  U141/Y (BUFH_X1M_A9TR40)                                      0.077797  0.138841   1.067867 r
  n166 (net)                                    2     0.002828            0.000000   1.067867 r
  U188/A (BUF_X2M_A9TR40)                                       0.077797  0.000020   1.067887 r
  U188/Y (BUF_X2M_A9TR40)                                       0.196430  0.171294   1.239181 r
  n164 (net)                                   16     0.018413            0.000000   1.239181 r
  U192/B0 (AOI2XB1_X1M_A9TR40)                                  0.196430  0.000015   1.239196 r
  U192/Y (AOI2XB1_X1M_A9TR40)                                   0.089231  0.104741   1.343937 f
  n1 (net)                                      1     0.001588            0.000000   1.343937 f
  U178/A (BUFH_X1M_A9TR40)                                      0.089231  0.000027   1.343965 f
  U178/Y (BUFH_X1M_A9TR40)                                      0.050187  0.101437   1.445402 f
  n172 (net)                                    2     0.002795            0.000000   1.445402 f
  U189/A (BUF_X2M_A9TR40)                                       0.050187  0.000020   1.445422 f
  U189/Y (BUF_X2M_A9TR40)                                       0.119513  0.144880   1.590302 f
  n170 (net)                                   16     0.018010            0.000000   1.590302 f
  U183/A (NOR2_X1A_A9TR40)                                      0.119513  0.000015   1.590317 f
  U183/Y (NOR2_X1A_A9TR40)                                      0.117579  0.105643   1.695960 r
  n3 (net)                                      1     0.001602            0.000000   1.695960 r
  U165/A (BUFH_X1M_A9TR40)                                      0.117579  0.000028   1.695987 r
  U165/Y (BUFH_X1M_A9TR40)                                      0.076291  0.112430   1.808417 r
  n169 (net)                                    2     0.002828            0.000000   1.808417 r
  U180/A (BUF_X2M_A9TR40)                                       0.076291  0.000020   1.808437 r
  U180/Y (BUF_X2M_A9TR40)                                       0.188724  0.166756   1.975193 r
  n167 (net)                                   16     0.017637            0.000000   1.975193 r
  U36/A1 (AOI22_X0P5M_A9TR40)                                   0.188724  0.000013   1.975206 r
  U36/Y (AOI22_X0P5M_A9TR40)                                    0.139917  0.167995   2.143201 f
  n20 (net)                                     1     0.001375            0.000000   2.143201 f
  U35/A0N (AO1B2_X0P5M_A9TR40)                                  0.139917  0.000024   2.143225 f
  U35/Y (AO1B2_X0P5M_A9TR40)                                    0.100342  0.100951   2.244176 r
  n75 (net)                                     1     0.001574            0.000000   2.244176 r
  det_fine_therm_q_reg[0]/D (DFFSQ_X1M_A9TR40)                  0.100342  0.000027   2.244203 r
  data arrival time                                                                  2.244203

  clock cal_clk (rise edge)                                               2.500000   2.500000
  clock network delay (ideal)                                             0.000000   2.500000
  clock uncertainty                                                       -0.050000  2.450000
  det_fine_therm_q_reg[0]/CK (DFFSQ_X1M_A9TR40)                           0.000000   2.450000 r
  library setup time                                                      -0.070604  2.379396
  data required time                                                                 2.379396
  ----------------------------------------------------------------------------------------------
  data required time                                                                 2.379396
  data arrival time                                                                  -2.244203
  ----------------------------------------------------------------------------------------------
  slack (MET)                                                                        0.135194


  Startpoint: state_q_reg[1]
              (rising edge-triggered flip-flop clocked by cal_clk)
  Endpoint: det_medium_therm_q_reg[9]
            (rising edge-triggered flip-flop clocked by cal_clk)
  Path Group: cal_clk
  Path Type: max

  Des/Clust/Port     Wire Load Model       Library
  ------------------------------------------------
  ftc_detection_margin_manager
                     Small                 sc9mc_logic0040ll_base_rvt_c40_ss_typical_max_0p99v_125c

  Point                                       Fanout       Cap     Trans      Incr       Path
  ----------------------------------------------------------------------------------------------
  clock cal_clk (rise edge)                                               0.000000   0.000000
  clock network delay (ideal)                                             0.000000   0.000000
  state_q_reg[1]/CK (DFFRPQ_X1M_A9TR40)                         0.050000  0.000000   0.000000 r
  state_q_reg[1]/Q (DFFRPQ_X1M_A9TR40) <-                       0.165710  0.346932   0.346932 r
  state_q[1] (net)                              6     0.007180            0.000000   0.346932 r
  U132/A (INV_X0P5B_A9TR40)                                     0.165710  0.000015   0.346947 r
  U132/Y (INV_X0P5B_A9TR40)                                     0.160497  0.164915   0.511862 f
  n35 (net)                                     4     0.004946            0.000000   0.511862 f
  U197/C (NOR3_X1A_A9TR40)                                      0.160497  0.000017   0.511879 f
  U197/Y (NOR3_X1A_A9TR40)                                      0.212610  0.194642   0.706520 r
  det_takeover_ready_o (net)                    2     0.002004            0.000000   0.706520 r
  U198/BN (NOR4BB_X0P7M_A9TR40)                                 0.212610  0.000018   0.706538 r
  U198/Y (NOR4BB_X0P7M_A9TR40)                                  0.199200  0.247360   0.953898 r
  n4 (net)                                      1     0.001602            0.000000   0.953898 r
  U141/A (BUFH_X1M_A9TR40)                                      0.199200  0.000028   0.953926 r
  U141/Y (BUFH_X1M_A9TR40)                                      0.077797  0.138841   1.092767 r
  n166 (net)                                    2     0.002828            0.000000   1.092767 r
  U188/A (BUF_X2M_A9TR40)                                       0.077797  0.000020   1.092787 r
  U188/Y (BUF_X2M_A9TR40)                                       0.196430  0.171294   1.264081 r
  n164 (net)                                   16     0.018413            0.000000   1.264081 r
  U192/B0 (AOI2XB1_X1M_A9TR40)                                  0.196430  0.000015   1.264096 r
  U192/Y (AOI2XB1_X1M_A9TR40)                                   0.089231  0.104741   1.368837 f
  n1 (net)                                      1     0.001588            0.000000   1.368837 f
  U178/A (BUFH_X1M_A9TR40)                                      0.089231  0.000027   1.368864 f
  U178/Y (BUFH_X1M_A9TR40)                                      0.050187  0.101437   1.470302 f
  n172 (net)                                    2     0.002795            0.000000   1.470302 f
  U189/A (BUF_X2M_A9TR40)                                       0.050187  0.000020   1.470322 f
  U189/Y (BUF_X2M_A9TR40)                                       0.119513  0.144880   1.615202 f
  n170 (net)                                   16     0.018010            0.000000   1.615202 f
  U183/A (NOR2_X1A_A9TR40)                                      0.119513  0.000015   1.615216 f
  U183/Y (NOR2_X1A_A9TR40)                                      0.117579  0.105643   1.720859 r
  n3 (net)                                      1     0.001602            0.000000   1.720859 r
  U165/A (BUFH_X1M_A9TR40)                                      0.117579  0.000028   1.720887 r
  U165/Y (BUFH_X1M_A9TR40)                                      0.076291  0.112430   1.833317 r
  n169 (net)                                    2     0.002828            0.000000   1.833317 r
  U181/A (BUF_X2M_A9TR40)                                       0.076291  0.000020   1.833337 r
  U181/Y (BUF_X2M_A9TR40)                                       0.125195  0.133627   1.966964 r
  n168 (net)                                   10     0.011135            0.000000   1.966964 r
  U22/A1 (AOI22_X0P5M_A9TR40)                                   0.125195  0.000013   1.966977 r
  U22/Y (AOI22_X0P5M_A9TR40)                                    0.136611  0.143058   2.110035 f
  n13 (net)                                     1     0.001375            0.000000   2.110035 f
  U21/A0N (AO1B2_X0P5M_A9TR40)                                  0.136611  0.000024   2.110059 f
  U21/Y (AO1B2_X0P5M_A9TR40)                                    0.099263  0.099383   2.209442 r
  n68 (net)                                     1     0.001559            0.000000   2.209442 r
  det_medium_therm_q_reg[9]/D (DFFRPQ_X1M_A9TR40)               0.099263  0.000027   2.209469 r
  data arrival time                                                                  2.209469

  clock cal_clk (rise edge)                                               2.500000   2.500000
  clock network delay (ideal)                                             0.000000   2.500000
  clock uncertainty                                                       -0.050000  2.450000
  det_medium_therm_q_reg[9]/CK (DFFRPQ_X1M_A9TR40)                        0.000000   2.450000 r
  library setup time                                                      -0.081927  2.368073
  data required time                                                                 2.368073
  ----------------------------------------------------------------------------------------------
  data required time                                                                 2.368073
  data arrival time                                                                  -2.209469
  ----------------------------------------------------------------------------------------------
  slack (MET)                                                                        0.158604


  Startpoint: state_q_reg[1]
              (rising edge-triggered flip-flop clocked by cal_clk)
  Endpoint: det_medium_therm_q_reg[8]
            (rising edge-triggered flip-flop clocked by cal_clk)
  Path Group: cal_clk
  Path Type: max

  Des/Clust/Port     Wire Load Model       Library
  ------------------------------------------------
  ftc_detection_margin_manager
                     Small                 sc9mc_logic0040ll_base_rvt_c40_ss_typical_max_0p99v_125c

  Point                                       Fanout       Cap     Trans      Incr       Path
  ----------------------------------------------------------------------------------------------
  clock cal_clk (rise edge)                                               0.000000   0.000000
  clock network delay (ideal)                                             0.000000   0.000000
  state_q_reg[1]/CK (DFFRPQ_X1M_A9TR40)                         0.050000  0.000000   0.000000 r
  state_q_reg[1]/Q (DFFRPQ_X1M_A9TR40) <-                       0.165710  0.346932   0.346932 r
  state_q[1] (net)                              6     0.007180            0.000000   0.346932 r
  U132/A (INV_X0P5B_A9TR40)                                     0.165710  0.000015   0.346947 r
  U132/Y (INV_X0P5B_A9TR40)                                     0.160497  0.164915   0.511862 f
  n35 (net)                                     4     0.004946            0.000000   0.511862 f
  U197/C (NOR3_X1A_A9TR40)                                      0.160497  0.000017   0.511879 f
  U197/Y (NOR3_X1A_A9TR40)                                      0.212610  0.194642   0.706520 r
  det_takeover_ready_o (net)                    2     0.002004            0.000000   0.706520 r
  U198/BN (NOR4BB_X0P7M_A9TR40)                                 0.212610  0.000018   0.706538 r
  U198/Y (NOR4BB_X0P7M_A9TR40)                                  0.199200  0.247360   0.953898 r
  n4 (net)                                      1     0.001602            0.000000   0.953898 r
  U141/A (BUFH_X1M_A9TR40)                                      0.199200  0.000028   0.953926 r
  U141/Y (BUFH_X1M_A9TR40)                                      0.077797  0.138841   1.092767 r
  n166 (net)                                    2     0.002828            0.000000   1.092767 r
  U188/A (BUF_X2M_A9TR40)                                       0.077797  0.000020   1.092787 r
  U188/Y (BUF_X2M_A9TR40)                                       0.196430  0.171294   1.264081 r
  n164 (net)                                   16     0.018413            0.000000   1.264081 r
  U192/B0 (AOI2XB1_X1M_A9TR40)                                  0.196430  0.000015   1.264096 r
  U192/Y (AOI2XB1_X1M_A9TR40)                                   0.089231  0.104741   1.368837 f
  n1 (net)                                      1     0.001588            0.000000   1.368837 f
  U178/A (BUFH_X1M_A9TR40)                                      0.089231  0.000027   1.368864 f
  U178/Y (BUFH_X1M_A9TR40)                                      0.050187  0.101437   1.470302 f
  n172 (net)                                    2     0.002795            0.000000   1.470302 f
  U189/A (BUF_X2M_A9TR40)                                       0.050187  0.000020   1.470322 f
  U189/Y (BUF_X2M_A9TR40)                                       0.119513  0.144880   1.615202 f
  n170 (net)                                   16     0.018010            0.000000   1.615202 f
  U183/A (NOR2_X1A_A9TR40)                                      0.119513  0.000015   1.615216 f
  U183/Y (NOR2_X1A_A9TR40)                                      0.117579  0.105643   1.720859 r
  n3 (net)                                      1     0.001602            0.000000   1.720859 r
  U165/A (BUFH_X1M_A9TR40)                                      0.117579  0.000028   1.720887 r
  U165/Y (BUFH_X1M_A9TR40)                                      0.076291  0.112430   1.833317 r
  n169 (net)                                    2     0.002828            0.000000   1.833317 r
  U181/A (BUF_X2M_A9TR40)                                       0.076291  0.000020   1.833337 r
  U181/Y (BUF_X2M_A9TR40)                                       0.125195  0.133627   1.966964 r
  n168 (net)                                   10     0.011135            0.000000   1.966964 r
  U20/A1 (AOI22_X0P5M_A9TR40)                                   0.125195  0.000013   1.966977 r
  U20/Y (AOI22_X0P5M_A9TR40)                                    0.136611  0.143058   2.110035 f
  n12 (net)                                     1     0.001375            0.000000   2.110035 f
  U19/A0N (AO1B2_X0P5M_A9TR40)                                  0.136611  0.000024   2.110059 f
  U19/Y (AO1B2_X0P5M_A9TR40)                                    0.099263  0.099383   2.209442 r
  n67 (net)                                     1     0.001559            0.000000   2.209442 r
  det_medium_therm_q_reg[8]/D (DFFRPQ_X1M_A9TR40)               0.099263  0.000027   2.209469 r
  data arrival time                                                                  2.209469

  clock cal_clk (rise edge)                                               2.500000   2.500000
  clock network delay (ideal)                                             0.000000   2.500000
  clock uncertainty                                                       -0.050000  2.450000
  det_medium_therm_q_reg[8]/CK (DFFRPQ_X1M_A9TR40)                        0.000000   2.450000 r
  library setup time                                                      -0.081927  2.368073
  data required time                                                                 2.368073
  ----------------------------------------------------------------------------------------------
  data required time                                                                 2.368073
  data arrival time                                                                  -2.209469
  ----------------------------------------------------------------------------------------------
  slack (MET)                                                                        0.158604


  Startpoint: state_q_reg[1]
              (rising edge-triggered flip-flop clocked by cal_clk)
  Endpoint: det_medium_therm_q_reg[7]
            (rising edge-triggered flip-flop clocked by cal_clk)
  Path Group: cal_clk
  Path Type: max

  Des/Clust/Port     Wire Load Model       Library
  ------------------------------------------------
  ftc_detection_margin_manager
                     Small                 sc9mc_logic0040ll_base_rvt_c40_ss_typical_max_0p99v_125c

  Point                                       Fanout       Cap     Trans      Incr       Path
  ----------------------------------------------------------------------------------------------
  clock cal_clk (rise edge)                                               0.000000   0.000000
  clock network delay (ideal)                                             0.000000   0.000000
  state_q_reg[1]/CK (DFFRPQ_X1M_A9TR40)                         0.050000  0.000000   0.000000 r
  state_q_reg[1]/Q (DFFRPQ_X1M_A9TR40) <-                       0.165710  0.346932   0.346932 r
  state_q[1] (net)                              6     0.007180            0.000000   0.346932 r
  U132/A (INV_X0P5B_A9TR40)                                     0.165710  0.000015   0.346947 r
  U132/Y (INV_X0P5B_A9TR40)                                     0.160497  0.164915   0.511862 f
  n35 (net)                                     4     0.004946            0.000000   0.511862 f
  U197/C (NOR3_X1A_A9TR40)                                      0.160497  0.000017   0.511879 f
  U197/Y (NOR3_X1A_A9TR40)                                      0.212610  0.194642   0.706520 r
  det_takeover_ready_o (net)                    2     0.002004            0.000000   0.706520 r
  U198/BN (NOR4BB_X0P7M_A9TR40)                                 0.212610  0.000018   0.706538 r
  U198/Y (NOR4BB_X0P7M_A9TR40)                                  0.199200  0.247360   0.953898 r
  n4 (net)                                      1     0.001602            0.000000   0.953898 r
  U141/A (BUFH_X1M_A9TR40)                                      0.199200  0.000028   0.953926 r
  U141/Y (BUFH_X1M_A9TR40)                                      0.077797  0.138841   1.092767 r
  n166 (net)                                    2     0.002828            0.000000   1.092767 r
  U188/A (BUF_X2M_A9TR40)                                       0.077797  0.000020   1.092787 r
  U188/Y (BUF_X2M_A9TR40)                                       0.196430  0.171294   1.264081 r
  n164 (net)                                   16     0.018413            0.000000   1.264081 r
  U192/B0 (AOI2XB1_X1M_A9TR40)                                  0.196430  0.000015   1.264096 r
  U192/Y (AOI2XB1_X1M_A9TR40)                                   0.089231  0.104741   1.368837 f
  n1 (net)                                      1     0.001588            0.000000   1.368837 f
  U178/A (BUFH_X1M_A9TR40)                                      0.089231  0.000027   1.368864 f
  U178/Y (BUFH_X1M_A9TR40)                                      0.050187  0.101437   1.470302 f
  n172 (net)                                    2     0.002795            0.000000   1.470302 f
  U189/A (BUF_X2M_A9TR40)                                       0.050187  0.000020   1.470322 f
  U189/Y (BUF_X2M_A9TR40)                                       0.119513  0.144880   1.615202 f
  n170 (net)                                   16     0.018010            0.000000   1.615202 f
  U183/A (NOR2_X1A_A9TR40)                                      0.119513  0.000015   1.615216 f
  U183/Y (NOR2_X1A_A9TR40)                                      0.117579  0.105643   1.720859 r
  n3 (net)                                      1     0.001602            0.000000   1.720859 r
  U165/A (BUFH_X1M_A9TR40)                                      0.117579  0.000028   1.720887 r
  U165/Y (BUFH_X1M_A9TR40)                                      0.076291  0.112430   1.833317 r
  n169 (net)                                    2     0.002828            0.000000   1.833317 r
  U181/A (BUF_X2M_A9TR40)                                       0.076291  0.000020   1.833337 r
  U181/Y (BUF_X2M_A9TR40)                                       0.125195  0.133627   1.966964 r
  n168 (net)                                   10     0.011135            0.000000   1.966964 r
  U18/A1 (AOI22_X0P5M_A9TR40)                                   0.125195  0.000013   1.966977 r
  U18/Y (AOI22_X0P5M_A9TR40)                                    0.136611  0.143058   2.110035 f
  n11 (net)                                     1     0.001375            0.000000   2.110035 f
  U17/A0N (AO1B2_X0P5M_A9TR40)                                  0.136611  0.000024   2.110059 f
  U17/Y (AO1B2_X0P5M_A9TR40)                                    0.099263  0.099383   2.209442 r
  n66 (net)                                     1     0.001559            0.000000   2.209442 r
  det_medium_therm_q_reg[7]/D (DFFRPQ_X1M_A9TR40)               0.099263  0.000027   2.209469 r
  data arrival time                                                                  2.209469

  clock cal_clk (rise edge)                                               2.500000   2.500000
  clock network delay (ideal)                                             0.000000   2.500000
  clock uncertainty                                                       -0.050000  2.450000
  det_medium_therm_q_reg[7]/CK (DFFRPQ_X1M_A9TR40)                        0.000000   2.450000 r
  library setup time                                                      -0.081927  2.368073
  data required time                                                                 2.368073
  ----------------------------------------------------------------------------------------------
  data required time                                                                 2.368073
  data arrival time                                                                  -2.209469
  ----------------------------------------------------------------------------------------------
  slack (MET)                                                                        0.158604


  Startpoint: state_q_reg[1]
              (rising edge-triggered flip-flop clocked by cal_clk)
  Endpoint: det_medium_therm_q_reg[6]
            (rising edge-triggered flip-flop clocked by cal_clk)
  Path Group: cal_clk
  Path Type: max

  Des/Clust/Port     Wire Load Model       Library
  ------------------------------------------------
  ftc_detection_margin_manager
                     Small                 sc9mc_logic0040ll_base_rvt_c40_ss_typical_max_0p99v_125c

  Point                                       Fanout       Cap     Trans      Incr       Path
  ----------------------------------------------------------------------------------------------
  clock cal_clk (rise edge)                                               0.000000   0.000000
  clock network delay (ideal)                                             0.000000   0.000000
  state_q_reg[1]/CK (DFFRPQ_X1M_A9TR40)                         0.050000  0.000000   0.000000 r
  state_q_reg[1]/Q (DFFRPQ_X1M_A9TR40) <-                       0.165710  0.346932   0.346932 r
  state_q[1] (net)                              6     0.007180            0.000000   0.346932 r
  U132/A (INV_X0P5B_A9TR40)                                     0.165710  0.000015   0.346947 r
  U132/Y (INV_X0P5B_A9TR40)                                     0.160497  0.164915   0.511862 f
  n35 (net)                                     4     0.004946            0.000000   0.511862 f
  U197/C (NOR3_X1A_A9TR40)                                      0.160497  0.000017   0.511879 f
  U197/Y (NOR3_X1A_A9TR40)                                      0.212610  0.194642   0.706520 r
  det_takeover_ready_o (net)                    2     0.002004            0.000000   0.706520 r
  U198/BN (NOR4BB_X0P7M_A9TR40)                                 0.212610  0.000018   0.706538 r
  U198/Y (NOR4BB_X0P7M_A9TR40)                                  0.199200  0.247360   0.953898 r
  n4 (net)                                      1     0.001602            0.000000   0.953898 r
  U141/A (BUFH_X1M_A9TR40)                                      0.199200  0.000028   0.953926 r
  U141/Y (BUFH_X1M_A9TR40)                                      0.077797  0.138841   1.092767 r
  n166 (net)                                    2     0.002828            0.000000   1.092767 r
  U188/A (BUF_X2M_A9TR40)                                       0.077797  0.000020   1.092787 r
  U188/Y (BUF_X2M_A9TR40)                                       0.196430  0.171294   1.264081 r
  n164 (net)                                   16     0.018413            0.000000   1.264081 r
  U192/B0 (AOI2XB1_X1M_A9TR40)                                  0.196430  0.000015   1.264096 r
  U192/Y (AOI2XB1_X1M_A9TR40)                                   0.089231  0.104741   1.368837 f
  n1 (net)                                      1     0.001588            0.000000   1.368837 f
  U178/A (BUFH_X1M_A9TR40)                                      0.089231  0.000027   1.368864 f
  U178/Y (BUFH_X1M_A9TR40)                                      0.050187  0.101437   1.470302 f
  n172 (net)                                    2     0.002795            0.000000   1.470302 f
  U189/A (BUF_X2M_A9TR40)                                       0.050187  0.000020   1.470322 f
  U189/Y (BUF_X2M_A9TR40)                                       0.119513  0.144880   1.615202 f
  n170 (net)                                   16     0.018010            0.000000   1.615202 f
  U183/A (NOR2_X1A_A9TR40)                                      0.119513  0.000015   1.615216 f
  U183/Y (NOR2_X1A_A9TR40)                                      0.117579  0.105643   1.720859 r
  n3 (net)                                      1     0.001602            0.000000   1.720859 r
  U165/A (BUFH_X1M_A9TR40)                                      0.117579  0.000028   1.720887 r
  U165/Y (BUFH_X1M_A9TR40)                                      0.076291  0.112430   1.833317 r
  n169 (net)                                    2     0.002828            0.000000   1.833317 r
  U181/A (BUF_X2M_A9TR40)                                       0.076291  0.000020   1.833337 r
  U181/Y (BUF_X2M_A9TR40)                                       0.125195  0.133627   1.966964 r
  n168 (net)                                   10     0.011135            0.000000   1.966964 r
  U16/A1 (AOI22_X0P5M_A9TR40)                                   0.125195  0.000013   1.966977 r
  U16/Y (AOI22_X0P5M_A9TR40)                                    0.136611  0.143058   2.110035 f
  n10 (net)                                     1     0.001375            0.000000   2.110035 f
  U15/A0N (AO1B2_X0P5M_A9TR40)                                  0.136611  0.000024   2.110059 f
  U15/Y (AO1B2_X0P5M_A9TR40)                                    0.099263  0.099383   2.209442 r
  n65 (net)                                     1     0.001559            0.000000   2.209442 r
  det_medium_therm_q_reg[6]/D (DFFRPQ_X1M_A9TR40)               0.099263  0.000027   2.209469 r
  data arrival time                                                                  2.209469

  clock cal_clk (rise edge)                                               2.500000   2.500000
  clock network delay (ideal)                                             0.000000   2.500000
  clock uncertainty                                                       -0.050000  2.450000
  det_medium_therm_q_reg[6]/CK (DFFRPQ_X1M_A9TR40)                        0.000000   2.450000 r
  library setup time                                                      -0.081927  2.368073
  data required time                                                                 2.368073
  ----------------------------------------------------------------------------------------------
  data required time                                                                 2.368073
  data arrival time                                                                  -2.209469
  ----------------------------------------------------------------------------------------------
  slack (MET)                                                                        0.158604


  Startpoint: state_q_reg[1]
              (rising edge-triggered flip-flop clocked by cal_clk)
  Endpoint: det_medium_therm_q_reg[5]
            (rising edge-triggered flip-flop clocked by cal_clk)
  Path Group: cal_clk
  Path Type: max

  Des/Clust/Port     Wire Load Model       Library
  ------------------------------------------------
  ftc_detection_margin_manager
                     Small                 sc9mc_logic0040ll_base_rvt_c40_ss_typical_max_0p99v_125c

  Point                                       Fanout       Cap     Trans      Incr       Path
  ----------------------------------------------------------------------------------------------
  clock cal_clk (rise edge)                                               0.000000   0.000000
  clock network delay (ideal)                                             0.000000   0.000000
  state_q_reg[1]/CK (DFFRPQ_X1M_A9TR40)                         0.050000  0.000000   0.000000 r
  state_q_reg[1]/Q (DFFRPQ_X1M_A9TR40) <-                       0.165710  0.346932   0.346932 r
  state_q[1] (net)                              6     0.007180            0.000000   0.346932 r
  U132/A (INV_X0P5B_A9TR40)                                     0.165710  0.000015   0.346947 r
  U132/Y (INV_X0P5B_A9TR40)                                     0.160497  0.164915   0.511862 f
  n35 (net)                                     4     0.004946            0.000000   0.511862 f
  U197/C (NOR3_X1A_A9TR40)                                      0.160497  0.000017   0.511879 f
  U197/Y (NOR3_X1A_A9TR40)                                      0.212610  0.194642   0.706520 r
  det_takeover_ready_o (net)                    2     0.002004            0.000000   0.706520 r
  U198/BN (NOR4BB_X0P7M_A9TR40)                                 0.212610  0.000018   0.706538 r
  U198/Y (NOR4BB_X0P7M_A9TR40)                                  0.199200  0.247360   0.953898 r
  n4 (net)                                      1     0.001602            0.000000   0.953898 r
  U141/A (BUFH_X1M_A9TR40)                                      0.199200  0.000028   0.953926 r
  U141/Y (BUFH_X1M_A9TR40)                                      0.077797  0.138841   1.092767 r
  n166 (net)                                    2     0.002828            0.000000   1.092767 r
  U188/A (BUF_X2M_A9TR40)                                       0.077797  0.000020   1.092787 r
  U188/Y (BUF_X2M_A9TR40)                                       0.196430  0.171294   1.264081 r
  n164 (net)                                   16     0.018413            0.000000   1.264081 r
  U192/B0 (AOI2XB1_X1M_A9TR40)                                  0.196430  0.000015   1.264096 r
  U192/Y (AOI2XB1_X1M_A9TR40)                                   0.089231  0.104741   1.368837 f
  n1 (net)                                      1     0.001588            0.000000   1.368837 f
  U178/A (BUFH_X1M_A9TR40)                                      0.089231  0.000027   1.368864 f
  U178/Y (BUFH_X1M_A9TR40)                                      0.050187  0.101437   1.470302 f
  n172 (net)                                    2     0.002795            0.000000   1.470302 f
  U189/A (BUF_X2M_A9TR40)                                       0.050187  0.000020   1.470322 f
  U189/Y (BUF_X2M_A9TR40)                                       0.119513  0.144880   1.615202 f
  n170 (net)                                   16     0.018010            0.000000   1.615202 f
  U183/A (NOR2_X1A_A9TR40)                                      0.119513  0.000015   1.615216 f
  U183/Y (NOR2_X1A_A9TR40)                                      0.117579  0.105643   1.720859 r
  n3 (net)                                      1     0.001602            0.000000   1.720859 r
  U165/A (BUFH_X1M_A9TR40)                                      0.117579  0.000028   1.720887 r
  U165/Y (BUFH_X1M_A9TR40)                                      0.076291  0.112430   1.833317 r
  n169 (net)                                    2     0.002828            0.000000   1.833317 r
  U181/A (BUF_X2M_A9TR40)                                       0.076291  0.000020   1.833337 r
  U181/Y (BUF_X2M_A9TR40)                                       0.125195  0.133627   1.966964 r
  n168 (net)                                   10     0.011135            0.000000   1.966964 r
  U14/A1 (AOI22_X0P5M_A9TR40)                                   0.125195  0.000013   1.966977 r
  U14/Y (AOI22_X0P5M_A9TR40)                                    0.136611  0.143058   2.110035 f
  n9 (net)                                      1     0.001375            0.000000   2.110035 f
  U13/A0N (AO1B2_X0P5M_A9TR40)                                  0.136611  0.000024   2.110059 f
  U13/Y (AO1B2_X0P5M_A9TR40)                                    0.099263  0.099383   2.209442 r
  n64 (net)                                     1     0.001559            0.000000   2.209442 r
  det_medium_therm_q_reg[5]/D (DFFRPQ_X1M_A9TR40)               0.099263  0.000027   2.209469 r
  data arrival time                                                                  2.209469

  clock cal_clk (rise edge)                                               2.500000   2.500000
  clock network delay (ideal)                                             0.000000   2.500000
  clock uncertainty                                                       -0.050000  2.450000
  det_medium_therm_q_reg[5]/CK (DFFRPQ_X1M_A9TR40)                        0.000000   2.450000 r
  library setup time                                                      -0.081927  2.368073
  data required time                                                                 2.368073
  ----------------------------------------------------------------------------------------------
  data required time                                                                 2.368073
  data arrival time                                                                  -2.209469
  ----------------------------------------------------------------------------------------------
  slack (MET)                                                                        0.158604


  Startpoint: state_q_reg[1]
              (rising edge-triggered flip-flop clocked by cal_clk)
  Endpoint: det_medium_therm_q_reg[4]
            (rising edge-triggered flip-flop clocked by cal_clk)
  Path Group: cal_clk
  Path Type: max

  Des/Clust/Port     Wire Load Model       Library
  ------------------------------------------------
  ftc_detection_margin_manager
                     Small                 sc9mc_logic0040ll_base_rvt_c40_ss_typical_max_0p99v_125c

  Point                                       Fanout       Cap     Trans      Incr       Path
  ----------------------------------------------------------------------------------------------
  clock cal_clk (rise edge)                                               0.000000   0.000000
  clock network delay (ideal)                                             0.000000   0.000000
  state_q_reg[1]/CK (DFFRPQ_X1M_A9TR40)                         0.050000  0.000000   0.000000 r
  state_q_reg[1]/Q (DFFRPQ_X1M_A9TR40) <-                       0.165710  0.346932   0.346932 r
  state_q[1] (net)                              6     0.007180            0.000000   0.346932 r
  U132/A (INV_X0P5B_A9TR40)                                     0.165710  0.000015   0.346947 r
  U132/Y (INV_X0P5B_A9TR40)                                     0.160497  0.164915   0.511862 f
  n35 (net)                                     4     0.004946            0.000000   0.511862 f
  U197/C (NOR3_X1A_A9TR40)                                      0.160497  0.000017   0.511879 f
  U197/Y (NOR3_X1A_A9TR40)                                      0.212610  0.194642   0.706520 r
  det_takeover_ready_o (net)                    2     0.002004            0.000000   0.706520 r
  U198/BN (NOR4BB_X0P7M_A9TR40)                                 0.212610  0.000018   0.706538 r
  U198/Y (NOR4BB_X0P7M_A9TR40)                                  0.199200  0.247360   0.953898 r
  n4 (net)                                      1     0.001602            0.000000   0.953898 r
  U141/A (BUFH_X1M_A9TR40)                                      0.199200  0.000028   0.953926 r
  U141/Y (BUFH_X1M_A9TR40)                                      0.077797  0.138841   1.092767 r
  n166 (net)                                    2     0.002828            0.000000   1.092767 r
  U188/A (BUF_X2M_A9TR40)                                       0.077797  0.000020   1.092787 r
  U188/Y (BUF_X2M_A9TR40)                                       0.196430  0.171294   1.264081 r
  n164 (net)                                   16     0.018413            0.000000   1.264081 r
  U192/B0 (AOI2XB1_X1M_A9TR40)                                  0.196430  0.000015   1.264096 r
  U192/Y (AOI2XB1_X1M_A9TR40)                                   0.089231  0.104741   1.368837 f
  n1 (net)                                      1     0.001588            0.000000   1.368837 f
  U178/A (BUFH_X1M_A9TR40)                                      0.089231  0.000027   1.368864 f
  U178/Y (BUFH_X1M_A9TR40)                                      0.050187  0.101437   1.470302 f
  n172 (net)                                    2     0.002795            0.000000   1.470302 f
  U189/A (BUF_X2M_A9TR40)                                       0.050187  0.000020   1.470322 f
  U189/Y (BUF_X2M_A9TR40)                                       0.119513  0.144880   1.615202 f
  n170 (net)                                   16     0.018010            0.000000   1.615202 f
  U183/A (NOR2_X1A_A9TR40)                                      0.119513  0.000015   1.615216 f
  U183/Y (NOR2_X1A_A9TR40)                                      0.117579  0.105643   1.720859 r
  n3 (net)                                      1     0.001602            0.000000   1.720859 r
  U165/A (BUFH_X1M_A9TR40)                                      0.117579  0.000028   1.720887 r
  U165/Y (BUFH_X1M_A9TR40)                                      0.076291  0.112430   1.833317 r
  n169 (net)                                    2     0.002828            0.000000   1.833317 r
  U181/A (BUF_X2M_A9TR40)                                       0.076291  0.000020   1.833337 r
  U181/Y (BUF_X2M_A9TR40)                                       0.125195  0.133627   1.966964 r
  n168 (net)                                   10     0.011135            0.000000   1.966964 r
  U12/A1 (AOI22_X0P5M_A9TR40)                                   0.125195  0.000013   1.966977 r
  U12/Y (AOI22_X0P5M_A9TR40)                                    0.136611  0.143058   2.110035 f
  n8 (net)                                      1     0.001375            0.000000   2.110035 f
  U11/A0N (AO1B2_X0P5M_A9TR40)                                  0.136611  0.000024   2.110059 f
  U11/Y (AO1B2_X0P5M_A9TR40)                                    0.099263  0.099383   2.209442 r
  n63 (net)                                     1     0.001559            0.000000   2.209442 r
  det_medium_therm_q_reg[4]/D (DFFRPQ_X1M_A9TR40)               0.099263  0.000027   2.209469 r
  data arrival time                                                                  2.209469

  clock cal_clk (rise edge)                                               2.500000   2.500000
  clock network delay (ideal)                                             0.000000   2.500000
  clock uncertainty                                                       -0.050000  2.450000
  det_medium_therm_q_reg[4]/CK (DFFRPQ_X1M_A9TR40)                        0.000000   2.450000 r
  library setup time                                                      -0.081927  2.368073
  data required time                                                                 2.368073
  ----------------------------------------------------------------------------------------------
  data required time                                                                 2.368073
  data arrival time                                                                  -2.209469
  ----------------------------------------------------------------------------------------------
  slack (MET)                                                                        0.158604


  Startpoint: state_q_reg[1]
              (rising edge-triggered flip-flop clocked by cal_clk)
  Endpoint: det_medium_therm_q_reg[3]
            (rising edge-triggered flip-flop clocked by cal_clk)
  Path Group: cal_clk
  Path Type: max

  Des/Clust/Port     Wire Load Model       Library
  ------------------------------------------------
  ftc_detection_margin_manager
                     Small                 sc9mc_logic0040ll_base_rvt_c40_ss_typical_max_0p99v_125c

  Point                                       Fanout       Cap     Trans      Incr       Path
  ----------------------------------------------------------------------------------------------
  clock cal_clk (rise edge)                                               0.000000   0.000000
  clock network delay (ideal)                                             0.000000   0.000000
  state_q_reg[1]/CK (DFFRPQ_X1M_A9TR40)                         0.050000  0.000000   0.000000 r
  state_q_reg[1]/Q (DFFRPQ_X1M_A9TR40) <-                       0.165710  0.346932   0.346932 r
  state_q[1] (net)                              6     0.007180            0.000000   0.346932 r
  U132/A (INV_X0P5B_A9TR40)                                     0.165710  0.000015   0.346947 r
  U132/Y (INV_X0P5B_A9TR40)                                     0.160497  0.164915   0.511862 f
  n35 (net)                                     4     0.004946            0.000000   0.511862 f
  U197/C (NOR3_X1A_A9TR40)                                      0.160497  0.000017   0.511879 f
  U197/Y (NOR3_X1A_A9TR40)                                      0.212610  0.194642   0.706520 r
  det_takeover_ready_o (net)                    2     0.002004            0.000000   0.706520 r
  U198/BN (NOR4BB_X0P7M_A9TR40)                                 0.212610  0.000018   0.706538 r
  U198/Y (NOR4BB_X0P7M_A9TR40)                                  0.199200  0.247360   0.953898 r
  n4 (net)                                      1     0.001602            0.000000   0.953898 r
  U141/A (BUFH_X1M_A9TR40)                                      0.199200  0.000028   0.953926 r
  U141/Y (BUFH_X1M_A9TR40)                                      0.077797  0.138841   1.092767 r
  n166 (net)                                    2     0.002828            0.000000   1.092767 r
  U188/A (BUF_X2M_A9TR40)                                       0.077797  0.000020   1.092787 r
  U188/Y (BUF_X2M_A9TR40)                                       0.196430  0.171294   1.264081 r
  n164 (net)                                   16     0.018413            0.000000   1.264081 r
  U192/B0 (AOI2XB1_X1M_A9TR40)                                  0.196430  0.000015   1.264096 r
  U192/Y (AOI2XB1_X1M_A9TR40)                                   0.089231  0.104741   1.368837 f
  n1 (net)                                      1     0.001588            0.000000   1.368837 f
  U178/A (BUFH_X1M_A9TR40)                                      0.089231  0.000027   1.368864 f
  U178/Y (BUFH_X1M_A9TR40)                                      0.050187  0.101437   1.470302 f
  n172 (net)                                    2     0.002795            0.000000   1.470302 f
  U189/A (BUF_X2M_A9TR40)                                       0.050187  0.000020   1.470322 f
  U189/Y (BUF_X2M_A9TR40)                                       0.119513  0.144880   1.615202 f
  n170 (net)                                   16     0.018010            0.000000   1.615202 f
  U183/A (NOR2_X1A_A9TR40)                                      0.119513  0.000015   1.615216 f
  U183/Y (NOR2_X1A_A9TR40)                                      0.117579  0.105643   1.720859 r
  n3 (net)                                      1     0.001602            0.000000   1.720859 r
  U165/A (BUFH_X1M_A9TR40)                                      0.117579  0.000028   1.720887 r
  U165/Y (BUFH_X1M_A9TR40)                                      0.076291  0.112430   1.833317 r
  n169 (net)                                    2     0.002828            0.000000   1.833317 r
  U181/A (BUF_X2M_A9TR40)                                       0.076291  0.000020   1.833337 r
  U181/Y (BUF_X2M_A9TR40)                                       0.125195  0.133627   1.966964 r
  n168 (net)                                   10     0.011135            0.000000   1.966964 r
  U10/A1 (AOI22_X0P5M_A9TR40)                                   0.125195  0.000013   1.966977 r
  U10/Y (AOI22_X0P5M_A9TR40)                                    0.136611  0.143058   2.110035 f
  n7 (net)                                      1     0.001375            0.000000   2.110035 f
  U9/A0N (AO1B2_X0P5M_A9TR40)                                   0.136611  0.000024   2.110059 f
  U9/Y (AO1B2_X0P5M_A9TR40)                                     0.099263  0.099383   2.209442 r
  n62 (net)                                     1     0.001559            0.000000   2.209442 r
  det_medium_therm_q_reg[3]/D (DFFRPQ_X1M_A9TR40)               0.099263  0.000027   2.209469 r
  data arrival time                                                                  2.209469

  clock cal_clk (rise edge)                                               2.500000   2.500000
  clock network delay (ideal)                                             0.000000   2.500000
  clock uncertainty                                                       -0.050000  2.450000
  det_medium_therm_q_reg[3]/CK (DFFRPQ_X1M_A9TR40)                        0.000000   2.450000 r
  library setup time                                                      -0.081927  2.368073
  data required time                                                                 2.368073
  ----------------------------------------------------------------------------------------------
  data required time                                                                 2.368073
  data arrival time                                                                  -2.209469
  ----------------------------------------------------------------------------------------------
  slack (MET)                                                                        0.158604


  Startpoint: state_q_reg[1]
              (rising edge-triggered flip-flop clocked by cal_clk)
  Endpoint: det_medium_therm_q_reg[2]
            (rising edge-triggered flip-flop clocked by cal_clk)
  Path Group: cal_clk
  Path Type: max

  Des/Clust/Port     Wire Load Model       Library
  ------------------------------------------------
  ftc_detection_margin_manager
                     Small                 sc9mc_logic0040ll_base_rvt_c40_ss_typical_max_0p99v_125c

  Point                                       Fanout       Cap     Trans      Incr       Path
  ----------------------------------------------------------------------------------------------
  clock cal_clk (rise edge)                                               0.000000   0.000000
  clock network delay (ideal)                                             0.000000   0.000000
  state_q_reg[1]/CK (DFFRPQ_X1M_A9TR40)                         0.050000  0.000000   0.000000 r
  state_q_reg[1]/Q (DFFRPQ_X1M_A9TR40) <-                       0.165710  0.346932   0.346932 r
  state_q[1] (net)                              6     0.007180            0.000000   0.346932 r
  U132/A (INV_X0P5B_A9TR40)                                     0.165710  0.000015   0.346947 r
  U132/Y (INV_X0P5B_A9TR40)                                     0.160497  0.164915   0.511862 f
  n35 (net)                                     4     0.004946            0.000000   0.511862 f
  U197/C (NOR3_X1A_A9TR40)                                      0.160497  0.000017   0.511879 f
  U197/Y (NOR3_X1A_A9TR40)                                      0.212610  0.194642   0.706520 r
  det_takeover_ready_o (net)                    2     0.002004            0.000000   0.706520 r
  U198/BN (NOR4BB_X0P7M_A9TR40)                                 0.212610  0.000018   0.706538 r
  U198/Y (NOR4BB_X0P7M_A9TR40)                                  0.199200  0.247360   0.953898 r
  n4 (net)                                      1     0.001602            0.000000   0.953898 r
  U141/A (BUFH_X1M_A9TR40)                                      0.199200  0.000028   0.953926 r
  U141/Y (BUFH_X1M_A9TR40)                                      0.077797  0.138841   1.092767 r
  n166 (net)                                    2     0.002828            0.000000   1.092767 r
  U188/A (BUF_X2M_A9TR40)                                       0.077797  0.000020   1.092787 r
  U188/Y (BUF_X2M_A9TR40)                                       0.196430  0.171294   1.264081 r
  n164 (net)                                   16     0.018413            0.000000   1.264081 r
  U192/B0 (AOI2XB1_X1M_A9TR40)                                  0.196430  0.000015   1.264096 r
  U192/Y (AOI2XB1_X1M_A9TR40)                                   0.089231  0.104741   1.368837 f
  n1 (net)                                      1     0.001588            0.000000   1.368837 f
  U178/A (BUFH_X1M_A9TR40)                                      0.089231  0.000027   1.368864 f
  U178/Y (BUFH_X1M_A9TR40)                                      0.050187  0.101437   1.470302 f
  n172 (net)                                    2     0.002795            0.000000   1.470302 f
  U189/A (BUF_X2M_A9TR40)                                       0.050187  0.000020   1.470322 f
  U189/Y (BUF_X2M_A9TR40)                                       0.119513  0.144880   1.615202 f
  n170 (net)                                   16     0.018010            0.000000   1.615202 f
  U183/A (NOR2_X1A_A9TR40)                                      0.119513  0.000015   1.615216 f
  U183/Y (NOR2_X1A_A9TR40)                                      0.117579  0.105643   1.720859 r
  n3 (net)                                      1     0.001602            0.000000   1.720859 r
  U165/A (BUFH_X1M_A9TR40)                                      0.117579  0.000028   1.720887 r
  U165/Y (BUFH_X1M_A9TR40)                                      0.076291  0.112430   1.833317 r
  n169 (net)                                    2     0.002828            0.000000   1.833317 r
  U181/A (BUF_X2M_A9TR40)                                       0.076291  0.000020   1.833337 r
  U181/Y (BUF_X2M_A9TR40)                                       0.125195  0.133627   1.966964 r
  n168 (net)                                   10     0.011135            0.000000   1.966964 r
  U8/A1 (AOI22_X0P5M_A9TR40)                                    0.125195  0.000013   1.966977 r
  U8/Y (AOI22_X0P5M_A9TR40)                                     0.136611  0.143058   2.110035 f
  n6 (net)                                      1     0.001375            0.000000   2.110035 f
  U7/A0N (AO1B2_X0P5M_A9TR40)                                   0.136611  0.000024   2.110059 f
  U7/Y (AO1B2_X0P5M_A9TR40)                                     0.099263  0.099383   2.209442 r
  n61 (net)                                     1     0.001559            0.000000   2.209442 r
  det_medium_therm_q_reg[2]/D (DFFRPQ_X1M_A9TR40)               0.099263  0.000027   2.209469 r
  data arrival time                                                                  2.209469

  clock cal_clk (rise edge)                                               2.500000   2.500000
  clock network delay (ideal)                                             0.000000   2.500000
  clock uncertainty                                                       -0.050000  2.450000
  det_medium_therm_q_reg[2]/CK (DFFRPQ_X1M_A9TR40)                        0.000000   2.450000 r
  library setup time                                                      -0.081927  2.368073
  data required time                                                                 2.368073
  ----------------------------------------------------------------------------------------------
  data required time                                                                 2.368073
  data arrival time                                                                  -2.209469
  ----------------------------------------------------------------------------------------------
  slack (MET)                                                                        0.158604


  Startpoint: state_q_reg[1]
              (rising edge-triggered flip-flop clocked by cal_clk)
  Endpoint: det_medium_therm_q_reg[1]
            (rising edge-triggered flip-flop clocked by cal_clk)
  Path Group: cal_clk
  Path Type: max

  Des/Clust/Port     Wire Load Model       Library
  ------------------------------------------------
  ftc_detection_margin_manager
                     Small                 sc9mc_logic0040ll_base_rvt_c40_ss_typical_max_0p99v_125c

  Point                                       Fanout       Cap     Trans      Incr       Path
  ----------------------------------------------------------------------------------------------
  clock cal_clk (rise edge)                                               0.000000   0.000000
  clock network delay (ideal)                                             0.000000   0.000000
  state_q_reg[1]/CK (DFFRPQ_X1M_A9TR40)                         0.050000  0.000000   0.000000 r
  state_q_reg[1]/Q (DFFRPQ_X1M_A9TR40) <-                       0.165710  0.346932   0.346932 r
  state_q[1] (net)                              6     0.007180            0.000000   0.346932 r
  U132/A (INV_X0P5B_A9TR40)                                     0.165710  0.000015   0.346947 r
  U132/Y (INV_X0P5B_A9TR40)                                     0.160497  0.164915   0.511862 f
  n35 (net)                                     4     0.004946            0.000000   0.511862 f
  U197/C (NOR3_X1A_A9TR40)                                      0.160497  0.000017   0.511879 f
  U197/Y (NOR3_X1A_A9TR40)                                      0.212610  0.194642   0.706520 r
  det_takeover_ready_o (net)                    2     0.002004            0.000000   0.706520 r
  U198/BN (NOR4BB_X0P7M_A9TR40)                                 0.212610  0.000018   0.706538 r
  U198/Y (NOR4BB_X0P7M_A9TR40)                                  0.199200  0.247360   0.953898 r
  n4 (net)                                      1     0.001602            0.000000   0.953898 r
  U141/A (BUFH_X1M_A9TR40)                                      0.199200  0.000028   0.953926 r
  U141/Y (BUFH_X1M_A9TR40)                                      0.077797  0.138841   1.092767 r
  n166 (net)                                    2     0.002828            0.000000   1.092767 r
  U188/A (BUF_X2M_A9TR40)                                       0.077797  0.000020   1.092787 r
  U188/Y (BUF_X2M_A9TR40)                                       0.196430  0.171294   1.264081 r
  n164 (net)                                   16     0.018413            0.000000   1.264081 r
  U192/B0 (AOI2XB1_X1M_A9TR40)                                  0.196430  0.000015   1.264096 r
  U192/Y (AOI2XB1_X1M_A9TR40)                                   0.089231  0.104741   1.368837 f
  n1 (net)                                      1     0.001588            0.000000   1.368837 f
  U178/A (BUFH_X1M_A9TR40)                                      0.089231  0.000027   1.368864 f
  U178/Y (BUFH_X1M_A9TR40)                                      0.050187  0.101437   1.470302 f
  n172 (net)                                    2     0.002795            0.000000   1.470302 f
  U189/A (BUF_X2M_A9TR40)                                       0.050187  0.000020   1.470322 f
  U189/Y (BUF_X2M_A9TR40)                                       0.119513  0.144880   1.615202 f
  n170 (net)                                   16     0.018010            0.000000   1.615202 f
  U183/A (NOR2_X1A_A9TR40)                                      0.119513  0.000015   1.615216 f
  U183/Y (NOR2_X1A_A9TR40)                                      0.117579  0.105643   1.720859 r
  n3 (net)                                      1     0.001602            0.000000   1.720859 r
  U165/A (BUFH_X1M_A9TR40)                                      0.117579  0.000028   1.720887 r
  U165/Y (BUFH_X1M_A9TR40)                                      0.076291  0.112430   1.833317 r
  n169 (net)                                    2     0.002828            0.000000   1.833317 r
  U181/A (BUF_X2M_A9TR40)                                       0.076291  0.000020   1.833337 r
  U181/Y (BUF_X2M_A9TR40)                                       0.125195  0.133627   1.966964 r
  n168 (net)                                   10     0.011135            0.000000   1.966964 r
  U6/A1 (AOI22_X0P5M_A9TR40)                                    0.125195  0.000013   1.966977 r
  U6/Y (AOI22_X0P5M_A9TR40)                                     0.136611  0.143058   2.110035 f
  n5 (net)                                      1     0.001375            0.000000   2.110035 f
  U5/A0N (AO1B2_X0P5M_A9TR40)                                   0.136611  0.000024   2.110059 f
  U5/Y (AO1B2_X0P5M_A9TR40)                                     0.099263  0.099383   2.209442 r
  n60 (net)                                     1     0.001559            0.000000   2.209442 r
  det_medium_therm_q_reg[1]/D (DFFRPQ_X1M_A9TR40)               0.099263  0.000027   2.209469 r
  data arrival time                                                                  2.209469

  clock cal_clk (rise edge)                                               2.500000   2.500000
  clock network delay (ideal)                                             0.000000   2.500000
  clock uncertainty                                                       -0.050000  2.450000
  det_medium_therm_q_reg[1]/CK (DFFRPQ_X1M_A9TR40)                        0.000000   2.450000 r
  library setup time                                                      -0.081927  2.368073
  data required time                                                                 2.368073
  ----------------------------------------------------------------------------------------------
  data required time                                                                 2.368073
  data arrival time                                                                  -2.209469
  ----------------------------------------------------------------------------------------------
  slack (MET)                                                                        0.158604


  Startpoint: state_q_reg[1]
              (rising edge-triggered flip-flop clocked by cal_clk)
  Endpoint: det_medium_therm_q_reg[0]
            (rising edge-triggered flip-flop clocked by cal_clk)
  Path Group: cal_clk
  Path Type: max

  Des/Clust/Port     Wire Load Model       Library
  ------------------------------------------------
  ftc_detection_margin_manager
                     Small                 sc9mc_logic0040ll_base_rvt_c40_ss_typical_max_0p99v_125c

  Point                                       Fanout       Cap     Trans      Incr       Path
  ----------------------------------------------------------------------------------------------
  clock cal_clk (rise edge)                                               0.000000   0.000000
  clock network delay (ideal)                                             0.000000   0.000000
  state_q_reg[1]/CK (DFFRPQ_X1M_A9TR40)                         0.050000  0.000000   0.000000 r
  state_q_reg[1]/Q (DFFRPQ_X1M_A9TR40) <-                       0.165710  0.346932   0.346932 r
  state_q[1] (net)                              6     0.007180            0.000000   0.346932 r
  U132/A (INV_X0P5B_A9TR40)                                     0.165710  0.000015   0.346947 r
  U132/Y (INV_X0P5B_A9TR40)                                     0.160497  0.164915   0.511862 f
  n35 (net)                                     4     0.004946            0.000000   0.511862 f
  U197/C (NOR3_X1A_A9TR40)                                      0.160497  0.000017   0.511879 f
  U197/Y (NOR3_X1A_A9TR40)                                      0.212610  0.194642   0.706520 r
  det_takeover_ready_o (net)                    2     0.002004            0.000000   0.706520 r
  U198/BN (NOR4BB_X0P7M_A9TR40)                                 0.212610  0.000018   0.706538 r
  U198/Y (NOR4BB_X0P7M_A9TR40)                                  0.199200  0.247360   0.953898 r
  n4 (net)                                      1     0.001602            0.000000   0.953898 r
  U141/A (BUFH_X1M_A9TR40)                                      0.199200  0.000028   0.953926 r
  U141/Y (BUFH_X1M_A9TR40)                                      0.077797  0.138841   1.092767 r
  n166 (net)                                    2     0.002828            0.000000   1.092767 r
  U188/A (BUF_X2M_A9TR40)                                       0.077797  0.000020   1.092787 r
  U188/Y (BUF_X2M_A9TR40)                                       0.196430  0.171294   1.264081 r
  n164 (net)                                   16     0.018413            0.000000   1.264081 r
  U192/B0 (AOI2XB1_X1M_A9TR40)                                  0.196430  0.000015   1.264096 r
  U192/Y (AOI2XB1_X1M_A9TR40)                                   0.089231  0.104741   1.368837 f
  n1 (net)                                      1     0.001588            0.000000   1.368837 f
  U178/A (BUFH_X1M_A9TR40)                                      0.089231  0.000027   1.368864 f
  U178/Y (BUFH_X1M_A9TR40)                                      0.050187  0.101437   1.470302 f
  n172 (net)                                    2     0.002795            0.000000   1.470302 f
  U189/A (BUF_X2M_A9TR40)                                       0.050187  0.000020   1.470322 f
  U189/Y (BUF_X2M_A9TR40)                                       0.119513  0.144880   1.615202 f
  n170 (net)                                   16     0.018010            0.000000   1.615202 f
  U183/A (NOR2_X1A_A9TR40)                                      0.119513  0.000015   1.615216 f
  U183/Y (NOR2_X1A_A9TR40)                                      0.117579  0.105643   1.720859 r
  n3 (net)                                      1     0.001602            0.000000   1.720859 r
  U165/A (BUFH_X1M_A9TR40)                                      0.117579  0.000028   1.720887 r
  U165/Y (BUFH_X1M_A9TR40)                                      0.076291  0.112430   1.833317 r
  n169 (net)                                    2     0.002828            0.000000   1.833317 r
  U181/A (BUF_X2M_A9TR40)                                       0.076291  0.000020   1.833337 r
  U181/Y (BUF_X2M_A9TR40)                                       0.125195  0.133627   1.966964 r
  n168 (net)                                   10     0.011135            0.000000   1.966964 r
  U4/A1 (AOI22_X0P5M_A9TR40)                                    0.125195  0.000013   1.966977 r
  U4/Y (AOI22_X0P5M_A9TR40)                                     0.136611  0.143058   2.110035 f
  n2 (net)                                      1     0.001375            0.000000   2.110035 f
  U3/A0N (AO1B2_X0P5M_A9TR40)                                   0.136611  0.000024   2.110059 f
  U3/Y (AO1B2_X0P5M_A9TR40)                                     0.099263  0.099383   2.209442 r
  n59 (net)                                     1     0.001559            0.000000   2.209442 r
  det_medium_therm_q_reg[0]/D (DFFRPQ_X1M_A9TR40)               0.099263  0.000027   2.209469 r
  data arrival time                                                                  2.209469

  clock cal_clk (rise edge)                                               2.500000   2.500000
  clock network delay (ideal)                                             0.000000   2.500000
  clock uncertainty                                                       -0.050000  2.450000
  det_medium_therm_q_reg[0]/CK (DFFRPQ_X1M_A9TR40)                        0.000000   2.450000 r
  library setup time                                                      -0.081927  2.368073
  data required time                                                                 2.368073
  ----------------------------------------------------------------------------------------------
  data required time                                                                 2.368073
  data arrival time                                                                  -2.209469
  ----------------------------------------------------------------------------------------------
  slack (MET)                                                                        0.158604


  Startpoint: state_q_reg[0]
              (rising edge-triggered flip-flop clocked by cal_clk)
  Endpoint: det_medium_therm_q_reg[9]
            (rising edge-triggered flip-flop clocked by cal_clk)
  Path Group: cal_clk
  Path Type: max

  Des/Clust/Port     Wire Load Model       Library
  ------------------------------------------------
  ftc_detection_margin_manager
                     Small                 sc9mc_logic0040ll_base_rvt_c40_ss_typical_max_0p99v_125c

  Point                                       Fanout       Cap     Trans      Incr       Path
  ----------------------------------------------------------------------------------------------
  clock cal_clk (rise edge)                                               0.000000   0.000000
  clock network delay (ideal)                                             0.000000   0.000000
  state_q_reg[0]/CK (DFFRPQ_X1M_A9TR40)                         0.050000  0.000000   0.000000 r
  state_q_reg[0]/Q (DFFRPQ_X1M_A9TR40) <-                       0.123869  0.324410   0.324410 r
  state_q[0] (net)                              4     0.005048            0.000000   0.324410 r
  U133/A (NAND2_X0P5A_A9TR40)                                   0.123869  0.000016   0.324426 r
  U133/Y (NAND2_X0P5A_A9TR40)                                   0.212014  0.173823   0.498249 f
  n37 (net)                                     4     0.004940            0.000000   0.498249 f
  U197/A (NOR3_X1A_A9TR40)                                      0.212014  0.000017   0.498266 f
  U197/Y (NOR3_X1A_A9TR40)                                      0.212610  0.183355   0.681620 r
  det_takeover_ready_o (net)                    2     0.002004            0.000000   0.681620 r
  U198/BN (NOR4BB_X0P7M_A9TR40)                                 0.212610  0.000018   0.681639 r
  U198/Y (NOR4BB_X0P7M_A9TR40)                                  0.199200  0.247360   0.928998 r
  n4 (net)                                      1     0.001602            0.000000   0.928998 r
  U141/A (BUFH_X1M_A9TR40)                                      0.199200  0.000028   0.929026 r
  U141/Y (BUFH_X1M_A9TR40)                                      0.077797  0.138841   1.067867 r
  n166 (net)                                    2     0.002828            0.000000   1.067867 r
  U188/A (BUF_X2M_A9TR40)                                       0.077797  0.000020   1.067887 r
  U188/Y (BUF_X2M_A9TR40)                                       0.196430  0.171294   1.239181 r
  n164 (net)                                   16     0.018413            0.000000   1.239181 r
  U192/B0 (AOI2XB1_X1M_A9TR40)                                  0.196430  0.000015   1.239196 r
  U192/Y (AOI2XB1_X1M_A9TR40)                                   0.089231  0.104741   1.343937 f
  n1 (net)                                      1     0.001588            0.000000   1.343937 f
  U178/A (BUFH_X1M_A9TR40)                                      0.089231  0.000027   1.343965 f
  U178/Y (BUFH_X1M_A9TR40)                                      0.050187  0.101437   1.445402 f
  n172 (net)                                    2     0.002795            0.000000   1.445402 f
  U189/A (BUF_X2M_A9TR40)                                       0.050187  0.000020   1.445422 f
  U189/Y (BUF_X2M_A9TR40)                                       0.119513  0.144880   1.590302 f
  n170 (net)                                   16     0.018010            0.000000   1.590302 f
  U183/A (NOR2_X1A_A9TR40)                                      0.119513  0.000015   1.590317 f
  U183/Y (NOR2_X1A_A9TR40)                                      0.117579  0.105643   1.695960 r
  n3 (net)                                      1     0.001602            0.000000   1.695960 r
  U165/A (BUFH_X1M_A9TR40)                                      0.117579  0.000028   1.695987 r
  U165/Y (BUFH_X1M_A9TR40)                                      0.076291  0.112430   1.808417 r
  n169 (net)                                    2     0.002828            0.000000   1.808417 r
  U181/A (BUF_X2M_A9TR40)                                       0.076291  0.000020   1.808437 r
  U181/Y (BUF_X2M_A9TR40)                                       0.125195  0.133627   1.942064 r
  n168 (net)                                   10     0.011135            0.000000   1.942064 r
  U22/A1 (AOI22_X0P5M_A9TR40)                                   0.125195  0.000013   1.942077 r
  U22/Y (AOI22_X0P5M_A9TR40)                                    0.136611  0.143058   2.085135 f
  n13 (net)                                     1     0.001375            0.000000   2.085135 f
  U21/A0N (AO1B2_X0P5M_A9TR40)                                  0.136611  0.000024   2.085159 f
  U21/Y (AO1B2_X0P5M_A9TR40)                                    0.099263  0.099383   2.184542 r
  n68 (net)                                     1     0.001559            0.000000   2.184542 r
  det_medium_therm_q_reg[9]/D (DFFRPQ_X1M_A9TR40)               0.099263  0.000027   2.184569 r
  data arrival time                                                                  2.184569

  clock cal_clk (rise edge)                                               2.500000   2.500000
  clock network delay (ideal)                                             0.000000   2.500000
  clock uncertainty                                                       -0.050000  2.450000
  det_medium_therm_q_reg[9]/CK (DFFRPQ_X1M_A9TR40)                        0.000000   2.450000 r
  library setup time                                                      -0.081927  2.368073
  data required time                                                                 2.368073
  ----------------------------------------------------------------------------------------------
  data required time                                                                 2.368073
  data arrival time                                                                  -2.184569
  ----------------------------------------------------------------------------------------------
  slack (MET)                                                                        0.183504


  Startpoint: state_q_reg[0]
              (rising edge-triggered flip-flop clocked by cal_clk)
  Endpoint: det_medium_therm_q_reg[8]
            (rising edge-triggered flip-flop clocked by cal_clk)
  Path Group: cal_clk
  Path Type: max

  Des/Clust/Port     Wire Load Model       Library
  ------------------------------------------------
  ftc_detection_margin_manager
                     Small                 sc9mc_logic0040ll_base_rvt_c40_ss_typical_max_0p99v_125c

  Point                                       Fanout       Cap     Trans      Incr       Path
  ----------------------------------------------------------------------------------------------
  clock cal_clk (rise edge)                                               0.000000   0.000000
  clock network delay (ideal)                                             0.000000   0.000000
  state_q_reg[0]/CK (DFFRPQ_X1M_A9TR40)                         0.050000  0.000000   0.000000 r
  state_q_reg[0]/Q (DFFRPQ_X1M_A9TR40) <-                       0.123869  0.324410   0.324410 r
  state_q[0] (net)                              4     0.005048            0.000000   0.324410 r
  U133/A (NAND2_X0P5A_A9TR40)                                   0.123869  0.000016   0.324426 r
  U133/Y (NAND2_X0P5A_A9TR40)                                   0.212014  0.173823   0.498249 f
  n37 (net)                                     4     0.004940            0.000000   0.498249 f
  U197/A (NOR3_X1A_A9TR40)                                      0.212014  0.000017   0.498266 f
  U197/Y (NOR3_X1A_A9TR40)                                      0.212610  0.183355   0.681620 r
  det_takeover_ready_o (net)                    2     0.002004            0.000000   0.681620 r
  U198/BN (NOR4BB_X0P7M_A9TR40)                                 0.212610  0.000018   0.681639 r
  U198/Y (NOR4BB_X0P7M_A9TR40)                                  0.199200  0.247360   0.928998 r
  n4 (net)                                      1     0.001602            0.000000   0.928998 r
  U141/A (BUFH_X1M_A9TR40)                                      0.199200  0.000028   0.929026 r
  U141/Y (BUFH_X1M_A9TR40)                                      0.077797  0.138841   1.067867 r
  n166 (net)                                    2     0.002828            0.000000   1.067867 r
  U188/A (BUF_X2M_A9TR40)                                       0.077797  0.000020   1.067887 r
  U188/Y (BUF_X2M_A9TR40)                                       0.196430  0.171294   1.239181 r
  n164 (net)                                   16     0.018413            0.000000   1.239181 r
  U192/B0 (AOI2XB1_X1M_A9TR40)                                  0.196430  0.000015   1.239196 r
  U192/Y (AOI2XB1_X1M_A9TR40)                                   0.089231  0.104741   1.343937 f
  n1 (net)                                      1     0.001588            0.000000   1.343937 f
  U178/A (BUFH_X1M_A9TR40)                                      0.089231  0.000027   1.343965 f
  U178/Y (BUFH_X1M_A9TR40)                                      0.050187  0.101437   1.445402 f
  n172 (net)                                    2     0.002795            0.000000   1.445402 f
  U189/A (BUF_X2M_A9TR40)                                       0.050187  0.000020   1.445422 f
  U189/Y (BUF_X2M_A9TR40)                                       0.119513  0.144880   1.590302 f
  n170 (net)                                   16     0.018010            0.000000   1.590302 f
  U183/A (NOR2_X1A_A9TR40)                                      0.119513  0.000015   1.590317 f
  U183/Y (NOR2_X1A_A9TR40)                                      0.117579  0.105643   1.695960 r
  n3 (net)                                      1     0.001602            0.000000   1.695960 r
  U165/A (BUFH_X1M_A9TR40)                                      0.117579  0.000028   1.695987 r
  U165/Y (BUFH_X1M_A9TR40)                                      0.076291  0.112430   1.808417 r
  n169 (net)                                    2     0.002828            0.000000   1.808417 r
  U181/A (BUF_X2M_A9TR40)                                       0.076291  0.000020   1.808437 r
  U181/Y (BUF_X2M_A9TR40)                                       0.125195  0.133627   1.942064 r
  n168 (net)                                   10     0.011135            0.000000   1.942064 r
  U20/A1 (AOI22_X0P5M_A9TR40)                                   0.125195  0.000013   1.942077 r
  U20/Y (AOI22_X0P5M_A9TR40)                                    0.136611  0.143058   2.085135 f
  n12 (net)                                     1     0.001375            0.000000   2.085135 f
  U19/A0N (AO1B2_X0P5M_A9TR40)                                  0.136611  0.000024   2.085159 f
  U19/Y (AO1B2_X0P5M_A9TR40)                                    0.099263  0.099383   2.184542 r
  n67 (net)                                     1     0.001559            0.000000   2.184542 r
  det_medium_therm_q_reg[8]/D (DFFRPQ_X1M_A9TR40)               0.099263  0.000027   2.184569 r
  data arrival time                                                                  2.184569

  clock cal_clk (rise edge)                                               2.500000   2.500000
  clock network delay (ideal)                                             0.000000   2.500000
  clock uncertainty                                                       -0.050000  2.450000
  det_medium_therm_q_reg[8]/CK (DFFRPQ_X1M_A9TR40)                        0.000000   2.450000 r
  library setup time                                                      -0.081927  2.368073
  data required time                                                                 2.368073
  ----------------------------------------------------------------------------------------------
  data required time                                                                 2.368073
  data arrival time                                                                  -2.184569
  ----------------------------------------------------------------------------------------------
  slack (MET)                                                                        0.183504


  Startpoint: state_q_reg[0]
              (rising edge-triggered flip-flop clocked by cal_clk)
  Endpoint: det_medium_therm_q_reg[7]
            (rising edge-triggered flip-flop clocked by cal_clk)
  Path Group: cal_clk
  Path Type: max

  Des/Clust/Port     Wire Load Model       Library
  ------------------------------------------------
  ftc_detection_margin_manager
                     Small                 sc9mc_logic0040ll_base_rvt_c40_ss_typical_max_0p99v_125c

  Point                                       Fanout       Cap     Trans      Incr       Path
  ----------------------------------------------------------------------------------------------
  clock cal_clk (rise edge)                                               0.000000   0.000000
  clock network delay (ideal)                                             0.000000   0.000000
  state_q_reg[0]/CK (DFFRPQ_X1M_A9TR40)                         0.050000  0.000000   0.000000 r
  state_q_reg[0]/Q (DFFRPQ_X1M_A9TR40) <-                       0.123869  0.324410   0.324410 r
  state_q[0] (net)                              4     0.005048            0.000000   0.324410 r
  U133/A (NAND2_X0P5A_A9TR40)                                   0.123869  0.000016   0.324426 r
  U133/Y (NAND2_X0P5A_A9TR40)                                   0.212014  0.173823   0.498249 f
  n37 (net)                                     4     0.004940            0.000000   0.498249 f
  U197/A (NOR3_X1A_A9TR40)                                      0.212014  0.000017   0.498266 f
  U197/Y (NOR3_X1A_A9TR40)                                      0.212610  0.183355   0.681620 r
  det_takeover_ready_o (net)                    2     0.002004            0.000000   0.681620 r
  U198/BN (NOR4BB_X0P7M_A9TR40)                                 0.212610  0.000018   0.681639 r
  U198/Y (NOR4BB_X0P7M_A9TR40)                                  0.199200  0.247360   0.928998 r
  n4 (net)                                      1     0.001602            0.000000   0.928998 r
  U141/A (BUFH_X1M_A9TR40)                                      0.199200  0.000028   0.929026 r
  U141/Y (BUFH_X1M_A9TR40)                                      0.077797  0.138841   1.067867 r
  n166 (net)                                    2     0.002828            0.000000   1.067867 r
  U188/A (BUF_X2M_A9TR40)                                       0.077797  0.000020   1.067887 r
  U188/Y (BUF_X2M_A9TR40)                                       0.196430  0.171294   1.239181 r
  n164 (net)                                   16     0.018413            0.000000   1.239181 r
  U192/B0 (AOI2XB1_X1M_A9TR40)                                  0.196430  0.000015   1.239196 r
  U192/Y (AOI2XB1_X1M_A9TR40)                                   0.089231  0.104741   1.343937 f
  n1 (net)                                      1     0.001588            0.000000   1.343937 f
  U178/A (BUFH_X1M_A9TR40)                                      0.089231  0.000027   1.343965 f
  U178/Y (BUFH_X1M_A9TR40)                                      0.050187  0.101437   1.445402 f
  n172 (net)                                    2     0.002795            0.000000   1.445402 f
  U189/A (BUF_X2M_A9TR40)                                       0.050187  0.000020   1.445422 f
  U189/Y (BUF_X2M_A9TR40)                                       0.119513  0.144880   1.590302 f
  n170 (net)                                   16     0.018010            0.000000   1.590302 f
  U183/A (NOR2_X1A_A9TR40)                                      0.119513  0.000015   1.590317 f
  U183/Y (NOR2_X1A_A9TR40)                                      0.117579  0.105643   1.695960 r
  n3 (net)                                      1     0.001602            0.000000   1.695960 r
  U165/A (BUFH_X1M_A9TR40)                                      0.117579  0.000028   1.695987 r
  U165/Y (BUFH_X1M_A9TR40)                                      0.076291  0.112430   1.808417 r
  n169 (net)                                    2     0.002828            0.000000   1.808417 r
  U181/A (BUF_X2M_A9TR40)                                       0.076291  0.000020   1.808437 r
  U181/Y (BUF_X2M_A9TR40)                                       0.125195  0.133627   1.942064 r
  n168 (net)                                   10     0.011135            0.000000   1.942064 r
  U18/A1 (AOI22_X0P5M_A9TR40)                                   0.125195  0.000013   1.942077 r
  U18/Y (AOI22_X0P5M_A9TR40)                                    0.136611  0.143058   2.085135 f
  n11 (net)                                     1     0.001375            0.000000   2.085135 f
  U17/A0N (AO1B2_X0P5M_A9TR40)                                  0.136611  0.000024   2.085159 f
  U17/Y (AO1B2_X0P5M_A9TR40)                                    0.099263  0.099383   2.184542 r
  n66 (net)                                     1     0.001559            0.000000   2.184542 r
  det_medium_therm_q_reg[7]/D (DFFRPQ_X1M_A9TR40)               0.099263  0.000027   2.184569 r
  data arrival time                                                                  2.184569

  clock cal_clk (rise edge)                                               2.500000   2.500000
  clock network delay (ideal)                                             0.000000   2.500000
  clock uncertainty                                                       -0.050000  2.450000
  det_medium_therm_q_reg[7]/CK (DFFRPQ_X1M_A9TR40)                        0.000000   2.450000 r
  library setup time                                                      -0.081927  2.368073
  data required time                                                                 2.368073
  ----------------------------------------------------------------------------------------------
  data required time                                                                 2.368073
  data arrival time                                                                  -2.184569
  ----------------------------------------------------------------------------------------------
  slack (MET)                                                                        0.183504


  Startpoint: state_q_reg[0]
              (rising edge-triggered flip-flop clocked by cal_clk)
  Endpoint: det_medium_therm_q_reg[6]
            (rising edge-triggered flip-flop clocked by cal_clk)
  Path Group: cal_clk
  Path Type: max

  Des/Clust/Port     Wire Load Model       Library
  ------------------------------------------------
  ftc_detection_margin_manager
                     Small                 sc9mc_logic0040ll_base_rvt_c40_ss_typical_max_0p99v_125c

  Point                                       Fanout       Cap     Trans      Incr       Path
  ----------------------------------------------------------------------------------------------
  clock cal_clk (rise edge)                                               0.000000   0.000000
  clock network delay (ideal)                                             0.000000   0.000000
  state_q_reg[0]/CK (DFFRPQ_X1M_A9TR40)                         0.050000  0.000000   0.000000 r
  state_q_reg[0]/Q (DFFRPQ_X1M_A9TR40) <-                       0.123869  0.324410   0.324410 r
  state_q[0] (net)                              4     0.005048            0.000000   0.324410 r
  U133/A (NAND2_X0P5A_A9TR40)                                   0.123869  0.000016   0.324426 r
  U133/Y (NAND2_X0P5A_A9TR40)                                   0.212014  0.173823   0.498249 f
  n37 (net)                                     4     0.004940            0.000000   0.498249 f
  U197/A (NOR3_X1A_A9TR40)                                      0.212014  0.000017   0.498266 f
  U197/Y (NOR3_X1A_A9TR40)                                      0.212610  0.183355   0.681620 r
  det_takeover_ready_o (net)                    2     0.002004            0.000000   0.681620 r
  U198/BN (NOR4BB_X0P7M_A9TR40)                                 0.212610  0.000018   0.681639 r
  U198/Y (NOR4BB_X0P7M_A9TR40)                                  0.199200  0.247360   0.928998 r
  n4 (net)                                      1     0.001602            0.000000   0.928998 r
  U141/A (BUFH_X1M_A9TR40)                                      0.199200  0.000028   0.929026 r
  U141/Y (BUFH_X1M_A9TR40)                                      0.077797  0.138841   1.067867 r
  n166 (net)                                    2     0.002828            0.000000   1.067867 r
  U188/A (BUF_X2M_A9TR40)                                       0.077797  0.000020   1.067887 r
  U188/Y (BUF_X2M_A9TR40)                                       0.196430  0.171294   1.239181 r
  n164 (net)                                   16     0.018413            0.000000   1.239181 r
  U192/B0 (AOI2XB1_X1M_A9TR40)                                  0.196430  0.000015   1.239196 r
  U192/Y (AOI2XB1_X1M_A9TR40)                                   0.089231  0.104741   1.343937 f
  n1 (net)                                      1     0.001588            0.000000   1.343937 f
  U178/A (BUFH_X1M_A9TR40)                                      0.089231  0.000027   1.343965 f
  U178/Y (BUFH_X1M_A9TR40)                                      0.050187  0.101437   1.445402 f
  n172 (net)                                    2     0.002795            0.000000   1.445402 f
  U189/A (BUF_X2M_A9TR40)                                       0.050187  0.000020   1.445422 f
  U189/Y (BUF_X2M_A9TR40)                                       0.119513  0.144880   1.590302 f
  n170 (net)                                   16     0.018010            0.000000   1.590302 f
  U183/A (NOR2_X1A_A9TR40)                                      0.119513  0.000015   1.590317 f
  U183/Y (NOR2_X1A_A9TR40)                                      0.117579  0.105643   1.695960 r
  n3 (net)                                      1     0.001602            0.000000   1.695960 r
  U165/A (BUFH_X1M_A9TR40)                                      0.117579  0.000028   1.695987 r
  U165/Y (BUFH_X1M_A9TR40)                                      0.076291  0.112430   1.808417 r
  n169 (net)                                    2     0.002828            0.000000   1.808417 r
  U181/A (BUF_X2M_A9TR40)                                       0.076291  0.000020   1.808437 r
  U181/Y (BUF_X2M_A9TR40)                                       0.125195  0.133627   1.942064 r
  n168 (net)                                   10     0.011135            0.000000   1.942064 r
  U16/A1 (AOI22_X0P5M_A9TR40)                                   0.125195  0.000013   1.942077 r
  U16/Y (AOI22_X0P5M_A9TR40)                                    0.136611  0.143058   2.085135 f
  n10 (net)                                     1     0.001375            0.000000   2.085135 f
  U15/A0N (AO1B2_X0P5M_A9TR40)                                  0.136611  0.000024   2.085159 f
  U15/Y (AO1B2_X0P5M_A9TR40)                                    0.099263  0.099383   2.184542 r
  n65 (net)                                     1     0.001559            0.000000   2.184542 r
  det_medium_therm_q_reg[6]/D (DFFRPQ_X1M_A9TR40)               0.099263  0.000027   2.184569 r
  data arrival time                                                                  2.184569

  clock cal_clk (rise edge)                                               2.500000   2.500000
  clock network delay (ideal)                                             0.000000   2.500000
  clock uncertainty                                                       -0.050000  2.450000
  det_medium_therm_q_reg[6]/CK (DFFRPQ_X1M_A9TR40)                        0.000000   2.450000 r
  library setup time                                                      -0.081927  2.368073
  data required time                                                                 2.368073
  ----------------------------------------------------------------------------------------------
  data required time                                                                 2.368073
  data arrival time                                                                  -2.184569
  ----------------------------------------------------------------------------------------------
  slack (MET)                                                                        0.183504


  Startpoint: state_q_reg[0]
              (rising edge-triggered flip-flop clocked by cal_clk)
  Endpoint: det_medium_therm_q_reg[5]
            (rising edge-triggered flip-flop clocked by cal_clk)
  Path Group: cal_clk
  Path Type: max

  Des/Clust/Port     Wire Load Model       Library
  ------------------------------------------------
  ftc_detection_margin_manager
                     Small                 sc9mc_logic0040ll_base_rvt_c40_ss_typical_max_0p99v_125c

  Point                                       Fanout       Cap     Trans      Incr       Path
  ----------------------------------------------------------------------------------------------
  clock cal_clk (rise edge)                                               0.000000   0.000000
  clock network delay (ideal)                                             0.000000   0.000000
  state_q_reg[0]/CK (DFFRPQ_X1M_A9TR40)                         0.050000  0.000000   0.000000 r
  state_q_reg[0]/Q (DFFRPQ_X1M_A9TR40) <-                       0.123869  0.324410   0.324410 r
  state_q[0] (net)                              4     0.005048            0.000000   0.324410 r
  U133/A (NAND2_X0P5A_A9TR40)                                   0.123869  0.000016   0.324426 r
  U133/Y (NAND2_X0P5A_A9TR40)                                   0.212014  0.173823   0.498249 f
  n37 (net)                                     4     0.004940            0.000000   0.498249 f
  U197/A (NOR3_X1A_A9TR40)                                      0.212014  0.000017   0.498266 f
  U197/Y (NOR3_X1A_A9TR40)                                      0.212610  0.183355   0.681620 r
  det_takeover_ready_o (net)                    2     0.002004            0.000000   0.681620 r
  U198/BN (NOR4BB_X0P7M_A9TR40)                                 0.212610  0.000018   0.681639 r
  U198/Y (NOR4BB_X0P7M_A9TR40)                                  0.199200  0.247360   0.928998 r
  n4 (net)                                      1     0.001602            0.000000   0.928998 r
  U141/A (BUFH_X1M_A9TR40)                                      0.199200  0.000028   0.929026 r
  U141/Y (BUFH_X1M_A9TR40)                                      0.077797  0.138841   1.067867 r
  n166 (net)                                    2     0.002828            0.000000   1.067867 r
  U188/A (BUF_X2M_A9TR40)                                       0.077797  0.000020   1.067887 r
  U188/Y (BUF_X2M_A9TR40)                                       0.196430  0.171294   1.239181 r
  n164 (net)                                   16     0.018413            0.000000   1.239181 r
  U192/B0 (AOI2XB1_X1M_A9TR40)                                  0.196430  0.000015   1.239196 r
  U192/Y (AOI2XB1_X1M_A9TR40)                                   0.089231  0.104741   1.343937 f
  n1 (net)                                      1     0.001588            0.000000   1.343937 f
  U178/A (BUFH_X1M_A9TR40)                                      0.089231  0.000027   1.343965 f
  U178/Y (BUFH_X1M_A9TR40)                                      0.050187  0.101437   1.445402 f
  n172 (net)                                    2     0.002795            0.000000   1.445402 f
  U189/A (BUF_X2M_A9TR40)                                       0.050187  0.000020   1.445422 f
  U189/Y (BUF_X2M_A9TR40)                                       0.119513  0.144880   1.590302 f
  n170 (net)                                   16     0.018010            0.000000   1.590302 f
  U183/A (NOR2_X1A_A9TR40)                                      0.119513  0.000015   1.590317 f
  U183/Y (NOR2_X1A_A9TR40)                                      0.117579  0.105643   1.695960 r
  n3 (net)                                      1     0.001602            0.000000   1.695960 r
  U165/A (BUFH_X1M_A9TR40)                                      0.117579  0.000028   1.695987 r
  U165/Y (BUFH_X1M_A9TR40)                                      0.076291  0.112430   1.808417 r
  n169 (net)                                    2     0.002828            0.000000   1.808417 r
  U181/A (BUF_X2M_A9TR40)                                       0.076291  0.000020   1.808437 r
  U181/Y (BUF_X2M_A9TR40)                                       0.125195  0.133627   1.942064 r
  n168 (net)                                   10     0.011135            0.000000   1.942064 r
  U14/A1 (AOI22_X0P5M_A9TR40)                                   0.125195  0.000013   1.942077 r
  U14/Y (AOI22_X0P5M_A9TR40)                                    0.136611  0.143058   2.085135 f
  n9 (net)                                      1     0.001375            0.000000   2.085135 f
  U13/A0N (AO1B2_X0P5M_A9TR40)                                  0.136611  0.000024   2.085159 f
  U13/Y (AO1B2_X0P5M_A9TR40)                                    0.099263  0.099383   2.184542 r
  n64 (net)                                     1     0.001559            0.000000   2.184542 r
  det_medium_therm_q_reg[5]/D (DFFRPQ_X1M_A9TR40)               0.099263  0.000027   2.184569 r
  data arrival time                                                                  2.184569

  clock cal_clk (rise edge)                                               2.500000   2.500000
  clock network delay (ideal)                                             0.000000   2.500000
  clock uncertainty                                                       -0.050000  2.450000
  det_medium_therm_q_reg[5]/CK (DFFRPQ_X1M_A9TR40)                        0.000000   2.450000 r
  library setup time                                                      -0.081927  2.368073
  data required time                                                                 2.368073
  ----------------------------------------------------------------------------------------------
  data required time                                                                 2.368073
  data arrival time                                                                  -2.184569
  ----------------------------------------------------------------------------------------------
  slack (MET)                                                                        0.183504


  Startpoint: state_q_reg[0]
              (rising edge-triggered flip-flop clocked by cal_clk)
  Endpoint: det_medium_therm_q_reg[4]
            (rising edge-triggered flip-flop clocked by cal_clk)
  Path Group: cal_clk
  Path Type: max

  Des/Clust/Port     Wire Load Model       Library
  ------------------------------------------------
  ftc_detection_margin_manager
                     Small                 sc9mc_logic0040ll_base_rvt_c40_ss_typical_max_0p99v_125c

  Point                                       Fanout       Cap     Trans      Incr       Path
  ----------------------------------------------------------------------------------------------
  clock cal_clk (rise edge)                                               0.000000   0.000000
  clock network delay (ideal)                                             0.000000   0.000000
  state_q_reg[0]/CK (DFFRPQ_X1M_A9TR40)                         0.050000  0.000000   0.000000 r
  state_q_reg[0]/Q (DFFRPQ_X1M_A9TR40) <-                       0.123869  0.324410   0.324410 r
  state_q[0] (net)                              4     0.005048            0.000000   0.324410 r
  U133/A (NAND2_X0P5A_A9TR40)                                   0.123869  0.000016   0.324426 r
  U133/Y (NAND2_X0P5A_A9TR40)                                   0.212014  0.173823   0.498249 f
  n37 (net)                                     4     0.004940            0.000000   0.498249 f
  U197/A (NOR3_X1A_A9TR40)                                      0.212014  0.000017   0.498266 f
  U197/Y (NOR3_X1A_A9TR40)                                      0.212610  0.183355   0.681620 r
  det_takeover_ready_o (net)                    2     0.002004            0.000000   0.681620 r
  U198/BN (NOR4BB_X0P7M_A9TR40)                                 0.212610  0.000018   0.681639 r
  U198/Y (NOR4BB_X0P7M_A9TR40)                                  0.199200  0.247360   0.928998 r
  n4 (net)                                      1     0.001602            0.000000   0.928998 r
  U141/A (BUFH_X1M_A9TR40)                                      0.199200  0.000028   0.929026 r
  U141/Y (BUFH_X1M_A9TR40)                                      0.077797  0.138841   1.067867 r
  n166 (net)                                    2     0.002828            0.000000   1.067867 r
  U188/A (BUF_X2M_A9TR40)                                       0.077797  0.000020   1.067887 r
  U188/Y (BUF_X2M_A9TR40)                                       0.196430  0.171294   1.239181 r
  n164 (net)                                   16     0.018413            0.000000   1.239181 r
  U192/B0 (AOI2XB1_X1M_A9TR40)                                  0.196430  0.000015   1.239196 r
  U192/Y (AOI2XB1_X1M_A9TR40)                                   0.089231  0.104741   1.343937 f
  n1 (net)                                      1     0.001588            0.000000   1.343937 f
  U178/A (BUFH_X1M_A9TR40)                                      0.089231  0.000027   1.343965 f
  U178/Y (BUFH_X1M_A9TR40)                                      0.050187  0.101437   1.445402 f
  n172 (net)                                    2     0.002795            0.000000   1.445402 f
  U189/A (BUF_X2M_A9TR40)                                       0.050187  0.000020   1.445422 f
  U189/Y (BUF_X2M_A9TR40)                                       0.119513  0.144880   1.590302 f
  n170 (net)                                   16     0.018010            0.000000   1.590302 f
  U183/A (NOR2_X1A_A9TR40)                                      0.119513  0.000015   1.590317 f
  U183/Y (NOR2_X1A_A9TR40)                                      0.117579  0.105643   1.695960 r
  n3 (net)                                      1     0.001602            0.000000   1.695960 r
  U165/A (BUFH_X1M_A9TR40)                                      0.117579  0.000028   1.695987 r
  U165/Y (BUFH_X1M_A9TR40)                                      0.076291  0.112430   1.808417 r
  n169 (net)                                    2     0.002828            0.000000   1.808417 r
  U181/A (BUF_X2M_A9TR40)                                       0.076291  0.000020   1.808437 r
  U181/Y (BUF_X2M_A9TR40)                                       0.125195  0.133627   1.942064 r
  n168 (net)                                   10     0.011135            0.000000   1.942064 r
  U12/A1 (AOI22_X0P5M_A9TR40)                                   0.125195  0.000013   1.942077 r
  U12/Y (AOI22_X0P5M_A9TR40)                                    0.136611  0.143058   2.085135 f
  n8 (net)                                      1     0.001375            0.000000   2.085135 f
  U11/A0N (AO1B2_X0P5M_A9TR40)                                  0.136611  0.000024   2.085159 f
  U11/Y (AO1B2_X0P5M_A9TR40)                                    0.099263  0.099383   2.184542 r
  n63 (net)                                     1     0.001559            0.000000   2.184542 r
  det_medium_therm_q_reg[4]/D (DFFRPQ_X1M_A9TR40)               0.099263  0.000027   2.184569 r
  data arrival time                                                                  2.184569

  clock cal_clk (rise edge)                                               2.500000   2.500000
  clock network delay (ideal)                                             0.000000   2.500000
  clock uncertainty                                                       -0.050000  2.450000
  det_medium_therm_q_reg[4]/CK (DFFRPQ_X1M_A9TR40)                        0.000000   2.450000 r
  library setup time                                                      -0.081927  2.368073
  data required time                                                                 2.368073
  ----------------------------------------------------------------------------------------------
  data required time                                                                 2.368073
  data arrival time                                                                  -2.184569
  ----------------------------------------------------------------------------------------------
  slack (MET)                                                                        0.183504


  Startpoint: state_q_reg[0]
              (rising edge-triggered flip-flop clocked by cal_clk)
  Endpoint: det_medium_therm_q_reg[3]
            (rising edge-triggered flip-flop clocked by cal_clk)
  Path Group: cal_clk
  Path Type: max

  Des/Clust/Port     Wire Load Model       Library
  ------------------------------------------------
  ftc_detection_margin_manager
                     Small                 sc9mc_logic0040ll_base_rvt_c40_ss_typical_max_0p99v_125c

  Point                                       Fanout       Cap     Trans      Incr       Path
  ----------------------------------------------------------------------------------------------
  clock cal_clk (rise edge)                                               0.000000   0.000000
  clock network delay (ideal)                                             0.000000   0.000000
  state_q_reg[0]/CK (DFFRPQ_X1M_A9TR40)                         0.050000  0.000000   0.000000 r
  state_q_reg[0]/Q (DFFRPQ_X1M_A9TR40) <-                       0.123869  0.324410   0.324410 r
  state_q[0] (net)                              4     0.005048            0.000000   0.324410 r
  U133/A (NAND2_X0P5A_A9TR40)                                   0.123869  0.000016   0.324426 r
  U133/Y (NAND2_X0P5A_A9TR40)                                   0.212014  0.173823   0.498249 f
  n37 (net)                                     4     0.004940            0.000000   0.498249 f
  U197/A (NOR3_X1A_A9TR40)                                      0.212014  0.000017   0.498266 f
  U197/Y (NOR3_X1A_A9TR40)                                      0.212610  0.183355   0.681620 r
  det_takeover_ready_o (net)                    2     0.002004            0.000000   0.681620 r
  U198/BN (NOR4BB_X0P7M_A9TR40)                                 0.212610  0.000018   0.681639 r
  U198/Y (NOR4BB_X0P7M_A9TR40)                                  0.199200  0.247360   0.928998 r
  n4 (net)                                      1     0.001602            0.000000   0.928998 r
  U141/A (BUFH_X1M_A9TR40)                                      0.199200  0.000028   0.929026 r
  U141/Y (BUFH_X1M_A9TR40)                                      0.077797  0.138841   1.067867 r
  n166 (net)                                    2     0.002828            0.000000   1.067867 r
  U188/A (BUF_X2M_A9TR40)                                       0.077797  0.000020   1.067887 r
  U188/Y (BUF_X2M_A9TR40)                                       0.196430  0.171294   1.239181 r
  n164 (net)                                   16     0.018413            0.000000   1.239181 r
  U192/B0 (AOI2XB1_X1M_A9TR40)                                  0.196430  0.000015   1.239196 r
  U192/Y (AOI2XB1_X1M_A9TR40)                                   0.089231  0.104741   1.343937 f
  n1 (net)                                      1     0.001588            0.000000   1.343937 f
  U178/A (BUFH_X1M_A9TR40)                                      0.089231  0.000027   1.343965 f
  U178/Y (BUFH_X1M_A9TR40)                                      0.050187  0.101437   1.445402 f
  n172 (net)                                    2     0.002795            0.000000   1.445402 f
  U189/A (BUF_X2M_A9TR40)                                       0.050187  0.000020   1.445422 f
  U189/Y (BUF_X2M_A9TR40)                                       0.119513  0.144880   1.590302 f
  n170 (net)                                   16     0.018010            0.000000   1.590302 f
  U183/A (NOR2_X1A_A9TR40)                                      0.119513  0.000015   1.590317 f
  U183/Y (NOR2_X1A_A9TR40)                                      0.117579  0.105643   1.695960 r
  n3 (net)                                      1     0.001602            0.000000   1.695960 r
  U165/A (BUFH_X1M_A9TR40)                                      0.117579  0.000028   1.695987 r
  U165/Y (BUFH_X1M_A9TR40)                                      0.076291  0.112430   1.808417 r
  n169 (net)                                    2     0.002828            0.000000   1.808417 r
  U181/A (BUF_X2M_A9TR40)                                       0.076291  0.000020   1.808437 r
  U181/Y (BUF_X2M_A9TR40)                                       0.125195  0.133627   1.942064 r
  n168 (net)                                   10     0.011135            0.000000   1.942064 r
  U10/A1 (AOI22_X0P5M_A9TR40)                                   0.125195  0.000013   1.942077 r
  U10/Y (AOI22_X0P5M_A9TR40)                                    0.136611  0.143058   2.085135 f
  n7 (net)                                      1     0.001375            0.000000   2.085135 f
  U9/A0N (AO1B2_X0P5M_A9TR40)                                   0.136611  0.000024   2.085159 f
  U9/Y (AO1B2_X0P5M_A9TR40)                                     0.099263  0.099383   2.184542 r
  n62 (net)                                     1     0.001559            0.000000   2.184542 r
  det_medium_therm_q_reg[3]/D (DFFRPQ_X1M_A9TR40)               0.099263  0.000027   2.184569 r
  data arrival time                                                                  2.184569

  clock cal_clk (rise edge)                                               2.500000   2.500000
  clock network delay (ideal)                                             0.000000   2.500000
  clock uncertainty                                                       -0.050000  2.450000
  det_medium_therm_q_reg[3]/CK (DFFRPQ_X1M_A9TR40)                        0.000000   2.450000 r
  library setup time                                                      -0.081927  2.368073
  data required time                                                                 2.368073
  ----------------------------------------------------------------------------------------------
  data required time                                                                 2.368073
  data arrival time                                                                  -2.184569
  ----------------------------------------------------------------------------------------------
  slack (MET)                                                                        0.183504


  Startpoint: state_q_reg[0]
              (rising edge-triggered flip-flop clocked by cal_clk)
  Endpoint: det_medium_therm_q_reg[2]
            (rising edge-triggered flip-flop clocked by cal_clk)
  Path Group: cal_clk
  Path Type: max

  Des/Clust/Port     Wire Load Model       Library
  ------------------------------------------------
  ftc_detection_margin_manager
                     Small                 sc9mc_logic0040ll_base_rvt_c40_ss_typical_max_0p99v_125c

  Point                                       Fanout       Cap     Trans      Incr       Path
  ----------------------------------------------------------------------------------------------
  clock cal_clk (rise edge)                                               0.000000   0.000000
  clock network delay (ideal)                                             0.000000   0.000000
  state_q_reg[0]/CK (DFFRPQ_X1M_A9TR40)                         0.050000  0.000000   0.000000 r
  state_q_reg[0]/Q (DFFRPQ_X1M_A9TR40) <-                       0.123869  0.324410   0.324410 r
  state_q[0] (net)                              4     0.005048            0.000000   0.324410 r
  U133/A (NAND2_X0P5A_A9TR40)                                   0.123869  0.000016   0.324426 r
  U133/Y (NAND2_X0P5A_A9TR40)                                   0.212014  0.173823   0.498249 f
  n37 (net)                                     4     0.004940            0.000000   0.498249 f
  U197/A (NOR3_X1A_A9TR40)                                      0.212014  0.000017   0.498266 f
  U197/Y (NOR3_X1A_A9TR40)                                      0.212610  0.183355   0.681620 r
  det_takeover_ready_o (net)                    2     0.002004            0.000000   0.681620 r
  U198/BN (NOR4BB_X0P7M_A9TR40)                                 0.212610  0.000018   0.681639 r
  U198/Y (NOR4BB_X0P7M_A9TR40)                                  0.199200  0.247360   0.928998 r
  n4 (net)                                      1     0.001602            0.000000   0.928998 r
  U141/A (BUFH_X1M_A9TR40)                                      0.199200  0.000028   0.929026 r
  U141/Y (BUFH_X1M_A9TR40)                                      0.077797  0.138841   1.067867 r
  n166 (net)                                    2     0.002828            0.000000   1.067867 r
  U188/A (BUF_X2M_A9TR40)                                       0.077797  0.000020   1.067887 r
  U188/Y (BUF_X2M_A9TR40)                                       0.196430  0.171294   1.239181 r
  n164 (net)                                   16     0.018413            0.000000   1.239181 r
  U192/B0 (AOI2XB1_X1M_A9TR40)                                  0.196430  0.000015   1.239196 r
  U192/Y (AOI2XB1_X1M_A9TR40)                                   0.089231  0.104741   1.343937 f
  n1 (net)                                      1     0.001588            0.000000   1.343937 f
  U178/A (BUFH_X1M_A9TR40)                                      0.089231  0.000027   1.343965 f
  U178/Y (BUFH_X1M_A9TR40)                                      0.050187  0.101437   1.445402 f
  n172 (net)                                    2     0.002795            0.000000   1.445402 f
  U189/A (BUF_X2M_A9TR40)                                       0.050187  0.000020   1.445422 f
  U189/Y (BUF_X2M_A9TR40)                                       0.119513  0.144880   1.590302 f
  n170 (net)                                   16     0.018010            0.000000   1.590302 f
  U183/A (NOR2_X1A_A9TR40)                                      0.119513  0.000015   1.590317 f
  U183/Y (NOR2_X1A_A9TR40)                                      0.117579  0.105643   1.695960 r
  n3 (net)                                      1     0.001602            0.000000   1.695960 r
  U165/A (BUFH_X1M_A9TR40)                                      0.117579  0.000028   1.695987 r
  U165/Y (BUFH_X1M_A9TR40)                                      0.076291  0.112430   1.808417 r
  n169 (net)                                    2     0.002828            0.000000   1.808417 r
  U181/A (BUF_X2M_A9TR40)                                       0.076291  0.000020   1.808437 r
  U181/Y (BUF_X2M_A9TR40)                                       0.125195  0.133627   1.942064 r
  n168 (net)                                   10     0.011135            0.000000   1.942064 r
  U8/A1 (AOI22_X0P5M_A9TR40)                                    0.125195  0.000013   1.942077 r
  U8/Y (AOI22_X0P5M_A9TR40)                                     0.136611  0.143058   2.085135 f
  n6 (net)                                      1     0.001375            0.000000   2.085135 f
  U7/A0N (AO1B2_X0P5M_A9TR40)                                   0.136611  0.000024   2.085159 f
  U7/Y (AO1B2_X0P5M_A9TR40)                                     0.099263  0.099383   2.184542 r
  n61 (net)                                     1     0.001559            0.000000   2.184542 r
  det_medium_therm_q_reg[2]/D (DFFRPQ_X1M_A9TR40)               0.099263  0.000027   2.184569 r
  data arrival time                                                                  2.184569

  clock cal_clk (rise edge)                                               2.500000   2.500000
  clock network delay (ideal)                                             0.000000   2.500000
  clock uncertainty                                                       -0.050000  2.450000
  det_medium_therm_q_reg[2]/CK (DFFRPQ_X1M_A9TR40)                        0.000000   2.450000 r
  library setup time                                                      -0.081927  2.368073
  data required time                                                                 2.368073
  ----------------------------------------------------------------------------------------------
  data required time                                                                 2.368073
  data arrival time                                                                  -2.184569
  ----------------------------------------------------------------------------------------------
  slack (MET)                                                                        0.183504


  Startpoint: state_q_reg[0]
              (rising edge-triggered flip-flop clocked by cal_clk)
  Endpoint: det_medium_therm_q_reg[1]
            (rising edge-triggered flip-flop clocked by cal_clk)
  Path Group: cal_clk
  Path Type: max

  Des/Clust/Port     Wire Load Model       Library
  ------------------------------------------------
  ftc_detection_margin_manager
                     Small                 sc9mc_logic0040ll_base_rvt_c40_ss_typical_max_0p99v_125c

  Point                                       Fanout       Cap     Trans      Incr       Path
  ----------------------------------------------------------------------------------------------
  clock cal_clk (rise edge)                                               0.000000   0.000000
  clock network delay (ideal)                                             0.000000   0.000000
  state_q_reg[0]/CK (DFFRPQ_X1M_A9TR40)                         0.050000  0.000000   0.000000 r
  state_q_reg[0]/Q (DFFRPQ_X1M_A9TR40) <-                       0.123869  0.324410   0.324410 r
  state_q[0] (net)                              4     0.005048            0.000000   0.324410 r
  U133/A (NAND2_X0P5A_A9TR40)                                   0.123869  0.000016   0.324426 r
  U133/Y (NAND2_X0P5A_A9TR40)                                   0.212014  0.173823   0.498249 f
  n37 (net)                                     4     0.004940            0.000000   0.498249 f
  U197/A (NOR3_X1A_A9TR40)                                      0.212014  0.000017   0.498266 f
  U197/Y (NOR3_X1A_A9TR40)                                      0.212610  0.183355   0.681620 r
  det_takeover_ready_o (net)                    2     0.002004            0.000000   0.681620 r
  U198/BN (NOR4BB_X0P7M_A9TR40)                                 0.212610  0.000018   0.681639 r
  U198/Y (NOR4BB_X0P7M_A9TR40)                                  0.199200  0.247360   0.928998 r
  n4 (net)                                      1     0.001602            0.000000   0.928998 r
  U141/A (BUFH_X1M_A9TR40)                                      0.199200  0.000028   0.929026 r
  U141/Y (BUFH_X1M_A9TR40)                                      0.077797  0.138841   1.067867 r
  n166 (net)                                    2     0.002828            0.000000   1.067867 r
  U188/A (BUF_X2M_A9TR40)                                       0.077797  0.000020   1.067887 r
  U188/Y (BUF_X2M_A9TR40)                                       0.196430  0.171294   1.239181 r
  n164 (net)                                   16     0.018413            0.000000   1.239181 r
  U192/B0 (AOI2XB1_X1M_A9TR40)                                  0.196430  0.000015   1.239196 r
  U192/Y (AOI2XB1_X1M_A9TR40)                                   0.089231  0.104741   1.343937 f
  n1 (net)                                      1     0.001588            0.000000   1.343937 f
  U178/A (BUFH_X1M_A9TR40)                                      0.089231  0.000027   1.343965 f
  U178/Y (BUFH_X1M_A9TR40)                                      0.050187  0.101437   1.445402 f
  n172 (net)                                    2     0.002795            0.000000   1.445402 f
  U189/A (BUF_X2M_A9TR40)                                       0.050187  0.000020   1.445422 f
  U189/Y (BUF_X2M_A9TR40)                                       0.119513  0.144880   1.590302 f
  n170 (net)                                   16     0.018010            0.000000   1.590302 f
  U183/A (NOR2_X1A_A9TR40)                                      0.119513  0.000015   1.590317 f
  U183/Y (NOR2_X1A_A9TR40)                                      0.117579  0.105643   1.695960 r
  n3 (net)                                      1     0.001602            0.000000   1.695960 r
  U165/A (BUFH_X1M_A9TR40)                                      0.117579  0.000028   1.695987 r
  U165/Y (BUFH_X1M_A9TR40)                                      0.076291  0.112430   1.808417 r
  n169 (net)                                    2     0.002828            0.000000   1.808417 r
  U181/A (BUF_X2M_A9TR40)                                       0.076291  0.000020   1.808437 r
  U181/Y (BUF_X2M_A9TR40)                                       0.125195  0.133627   1.942064 r
  n168 (net)                                   10     0.011135            0.000000   1.942064 r
  U6/A1 (AOI22_X0P5M_A9TR40)                                    0.125195  0.000013   1.942077 r
  U6/Y (AOI22_X0P5M_A9TR40)                                     0.136611  0.143058   2.085135 f
  n5 (net)                                      1     0.001375            0.000000   2.085135 f
  U5/A0N (AO1B2_X0P5M_A9TR40)                                   0.136611  0.000024   2.085159 f
  U5/Y (AO1B2_X0P5M_A9TR40)                                     0.099263  0.099383   2.184542 r
  n60 (net)                                     1     0.001559            0.000000   2.184542 r
  det_medium_therm_q_reg[1]/D (DFFRPQ_X1M_A9TR40)               0.099263  0.000027   2.184569 r
  data arrival time                                                                  2.184569

  clock cal_clk (rise edge)                                               2.500000   2.500000
  clock network delay (ideal)                                             0.000000   2.500000
  clock uncertainty                                                       -0.050000  2.450000
  det_medium_therm_q_reg[1]/CK (DFFRPQ_X1M_A9TR40)                        0.000000   2.450000 r
  library setup time                                                      -0.081927  2.368073
  data required time                                                                 2.368073
  ----------------------------------------------------------------------------------------------
  data required time                                                                 2.368073
  data arrival time                                                                  -2.184569
  ----------------------------------------------------------------------------------------------
  slack (MET)                                                                        0.183504


  Startpoint: state_q_reg[0]
              (rising edge-triggered flip-flop clocked by cal_clk)
  Endpoint: det_medium_therm_q_reg[0]
            (rising edge-triggered flip-flop clocked by cal_clk)
  Path Group: cal_clk
  Path Type: max

  Des/Clust/Port     Wire Load Model       Library
  ------------------------------------------------
  ftc_detection_margin_manager
                     Small                 sc9mc_logic0040ll_base_rvt_c40_ss_typical_max_0p99v_125c

  Point                                       Fanout       Cap     Trans      Incr       Path
  ----------------------------------------------------------------------------------------------
  clock cal_clk (rise edge)                                               0.000000   0.000000
  clock network delay (ideal)                                             0.000000   0.000000
  state_q_reg[0]/CK (DFFRPQ_X1M_A9TR40)                         0.050000  0.000000   0.000000 r
  state_q_reg[0]/Q (DFFRPQ_X1M_A9TR40) <-                       0.123869  0.324410   0.324410 r
  state_q[0] (net)                              4     0.005048            0.000000   0.324410 r
  U133/A (NAND2_X0P5A_A9TR40)                                   0.123869  0.000016   0.324426 r
  U133/Y (NAND2_X0P5A_A9TR40)                                   0.212014  0.173823   0.498249 f
  n37 (net)                                     4     0.004940            0.000000   0.498249 f
  U197/A (NOR3_X1A_A9TR40)                                      0.212014  0.000017   0.498266 f
  U197/Y (NOR3_X1A_A9TR40)                                      0.212610  0.183355   0.681620 r
  det_takeover_ready_o (net)                    2     0.002004            0.000000   0.681620 r
  U198/BN (NOR4BB_X0P7M_A9TR40)                                 0.212610  0.000018   0.681639 r
  U198/Y (NOR4BB_X0P7M_A9TR40)                                  0.199200  0.247360   0.928998 r
  n4 (net)                                      1     0.001602            0.000000   0.928998 r
  U141/A (BUFH_X1M_A9TR40)                                      0.199200  0.000028   0.929026 r
  U141/Y (BUFH_X1M_A9TR40)                                      0.077797  0.138841   1.067867 r
  n166 (net)                                    2     0.002828            0.000000   1.067867 r
  U188/A (BUF_X2M_A9TR40)                                       0.077797  0.000020   1.067887 r
  U188/Y (BUF_X2M_A9TR40)                                       0.196430  0.171294   1.239181 r
  n164 (net)                                   16     0.018413            0.000000   1.239181 r
  U192/B0 (AOI2XB1_X1M_A9TR40)                                  0.196430  0.000015   1.239196 r
  U192/Y (AOI2XB1_X1M_A9TR40)                                   0.089231  0.104741   1.343937 f
  n1 (net)                                      1     0.001588            0.000000   1.343937 f
  U178/A (BUFH_X1M_A9TR40)                                      0.089231  0.000027   1.343965 f
  U178/Y (BUFH_X1M_A9TR40)                                      0.050187  0.101437   1.445402 f
  n172 (net)                                    2     0.002795            0.000000   1.445402 f
  U189/A (BUF_X2M_A9TR40)                                       0.050187  0.000020   1.445422 f
  U189/Y (BUF_X2M_A9TR40)                                       0.119513  0.144880   1.590302 f
  n170 (net)                                   16     0.018010            0.000000   1.590302 f
  U183/A (NOR2_X1A_A9TR40)                                      0.119513  0.000015   1.590317 f
  U183/Y (NOR2_X1A_A9TR40)                                      0.117579  0.105643   1.695960 r
  n3 (net)                                      1     0.001602            0.000000   1.695960 r
  U165/A (BUFH_X1M_A9TR40)                                      0.117579  0.000028   1.695987 r
  U165/Y (BUFH_X1M_A9TR40)                                      0.076291  0.112430   1.808417 r
  n169 (net)                                    2     0.002828            0.000000   1.808417 r
  U181/A (BUF_X2M_A9TR40)                                       0.076291  0.000020   1.808437 r
  U181/Y (BUF_X2M_A9TR40)                                       0.125195  0.133627   1.942064 r
  n168 (net)                                   10     0.011135            0.000000   1.942064 r
  U4/A1 (AOI22_X0P5M_A9TR40)                                    0.125195  0.000013   1.942077 r
  U4/Y (AOI22_X0P5M_A9TR40)                                     0.136611  0.143058   2.085135 f
  n2 (net)                                      1     0.001375            0.000000   2.085135 f
  U3/A0N (AO1B2_X0P5M_A9TR40)                                   0.136611  0.000024   2.085159 f
  U3/Y (AO1B2_X0P5M_A9TR40)                                     0.099263  0.099383   2.184542 r
  n59 (net)                                     1     0.001559            0.000000   2.184542 r
  det_medium_therm_q_reg[0]/D (DFFRPQ_X1M_A9TR40)               0.099263  0.000027   2.184569 r
  data arrival time                                                                  2.184569

  clock cal_clk (rise edge)                                               2.500000   2.500000
  clock network delay (ideal)                                             0.000000   2.500000
  clock uncertainty                                                       -0.050000  2.450000
  det_medium_therm_q_reg[0]/CK (DFFRPQ_X1M_A9TR40)                        0.000000   2.450000 r
  library setup time                                                      -0.081927  2.368073
  data required time                                                                 2.368073
  ----------------------------------------------------------------------------------------------
  data required time                                                                 2.368073
  data arrival time                                                                  -2.184569
  ----------------------------------------------------------------------------------------------
  slack (MET)                                                                        0.183504


  Startpoint: state_q_reg[3]
              (rising edge-triggered flip-flop clocked by cal_clk)
  Endpoint: det_medium_therm_q_reg[15]
            (rising edge-triggered flip-flop clocked by cal_clk)
  Path Group: cal_clk
  Path Type: max

  Des/Clust/Port     Wire Load Model       Library
  ------------------------------------------------
  ftc_detection_margin_manager
                     Small                 sc9mc_logic0040ll_base_rvt_c40_ss_typical_max_0p99v_125c

  Point                                       Fanout       Cap     Trans      Incr       Path
  ----------------------------------------------------------------------------------------------
  clock cal_clk (rise edge)                                               0.000000   0.000000
  clock network delay (ideal)                                             0.000000   0.000000
  state_q_reg[3]/CK (DFFRPQ_X1M_A9TR40)                         0.050000  0.000000   0.000000 r
  state_q_reg[3]/Q (DFFRPQ_X1M_A9TR40) <-                       0.076971  0.295809   0.295809 f
  state_q[3] (net)                              4     0.005101            0.000000   0.295809 f
  U197/B (NOR3_X1A_A9TR40)                                      0.076971  0.000016   0.295826 f
  U197/Y (NOR3_X1A_A9TR40)                                      0.212610  0.158633   0.454459 r
  det_takeover_ready_o (net)                    2     0.002004            0.000000   0.454459 r
  U198/BN (NOR4BB_X0P7M_A9TR40)                                 0.212610  0.000018   0.454477 r
  U198/Y (NOR4BB_X0P7M_A9TR40)                                  0.199200  0.247360   0.701836 r
  n4 (net)                                      1     0.001602            0.000000   0.701836 r
  U141/A (BUFH_X1M_A9TR40)                                      0.199200  0.000028   0.701864 r
  U141/Y (BUFH_X1M_A9TR40)                                      0.077797  0.138841   0.840705 r
  n166 (net)                                    2     0.002828            0.000000   0.840705 r
  U188/A (BUF_X2M_A9TR40)                                       0.077797  0.000020   0.840725 r
  U188/Y (BUF_X2M_A9TR40)                                       0.196430  0.171294   1.012019 r
  n164 (net)                                   16     0.018413            0.000000   1.012019 r
  U192/B0 (AOI2XB1_X1M_A9TR40)                                  0.196430  0.000015   1.012034 r
  U192/Y (AOI2XB1_X1M_A9TR40)                                   0.089231  0.104741   1.116775 f
  n1 (net)                                      1     0.001588            0.000000   1.116775 f
  U178/A (BUFH_X1M_A9TR40)                                      0.089231  0.000027   1.116803 f
  U178/Y (BUFH_X1M_A9TR40)                                      0.050187  0.101437   1.218240 f
  n172 (net)                                    2     0.002795            0.000000   1.218240 f
  U189/A (BUF_X2M_A9TR40)                                       0.050187  0.000020   1.218260 f
  U189/Y (BUF_X2M_A9TR40)                                       0.119513  0.144880   1.363140 f
  n170 (net)                                   16     0.018010            0.000000   1.363140 f
  U183/A (NOR2_X1A_A9TR40)                                      0.119513  0.000015   1.363155 f
  U183/Y (NOR2_X1A_A9TR40)                                      0.117579  0.105643   1.468798 r
  n3 (net)                                      1     0.001602            0.000000   1.468798 r
  U165/A (BUFH_X1M_A9TR40)                                      0.117579  0.000028   1.468825 r
  U165/Y (BUFH_X1M_A9TR40)                                      0.076291  0.112430   1.581255 r
  n169 (net)                                    2     0.002828            0.000000   1.581255 r
  U180/A (BUF_X2M_A9TR40)                                       0.076291  0.000020   1.581275 r
  U180/Y (BUF_X2M_A9TR40)                                       0.188724  0.166756   1.748031 r
  n167 (net)                                   16     0.017637            0.000000   1.748031 r
  U34/A1 (AOI22_X0P5M_A9TR40)                                   0.188724  0.000013   1.748044 r
  U34/Y (AOI22_X0P5M_A9TR40)                                    0.139917  0.167995   1.916039 f
  n19 (net)                                     1     0.001375            0.000000   1.916039 f
  U33/A0N (AO1B2_X0P5M_A9TR40)                                  0.139917  0.000024   1.916063 f
  U33/Y (AO1B2_X0P5M_A9TR40)                                    0.099884  0.100654   2.016717 r
  n74 (net)                                     1     0.001559            0.000000   2.016717 r
  det_medium_therm_q_reg[15]/D (DFFRPQ_X1M_A9TR40)              0.099884  0.000027   2.016744 r
  data arrival time                                                                  2.016744

  clock cal_clk (rise edge)                                               2.500000   2.500000
  clock network delay (ideal)                                             0.000000   2.500000
  clock uncertainty                                                       -0.050000  2.450000
  det_medium_therm_q_reg[15]/CK (DFFRPQ_X1M_A9TR40)                       0.000000   2.450000 r
  library setup time                                                      -0.082106  2.367894
  data required time                                                                 2.367894
  ----------------------------------------------------------------------------------------------
  data required time                                                                 2.367894
  data arrival time                                                                  -2.016744
  ----------------------------------------------------------------------------------------------
  slack (MET)                                                                        0.351150


  Startpoint: state_q_reg[3]
              (rising edge-triggered flip-flop clocked by cal_clk)
  Endpoint: det_medium_therm_q_reg[14]
            (rising edge-triggered flip-flop clocked by cal_clk)
  Path Group: cal_clk
  Path Type: max

  Des/Clust/Port     Wire Load Model       Library
  ------------------------------------------------
  ftc_detection_margin_manager
                     Small                 sc9mc_logic0040ll_base_rvt_c40_ss_typical_max_0p99v_125c

  Point                                       Fanout       Cap     Trans      Incr       Path
  ----------------------------------------------------------------------------------------------
  clock cal_clk (rise edge)                                               0.000000   0.000000
  clock network delay (ideal)                                             0.000000   0.000000
  state_q_reg[3]/CK (DFFRPQ_X1M_A9TR40)                         0.050000  0.000000   0.000000 r
  state_q_reg[3]/Q (DFFRPQ_X1M_A9TR40) <-                       0.076971  0.295809   0.295809 f
  state_q[3] (net)                              4     0.005101            0.000000   0.295809 f
  U197/B (NOR3_X1A_A9TR40)                                      0.076971  0.000016   0.295826 f
  U197/Y (NOR3_X1A_A9TR40)                                      0.212610  0.158633   0.454459 r
  det_takeover_ready_o (net)                    2     0.002004            0.000000   0.454459 r
  U198/BN (NOR4BB_X0P7M_A9TR40)                                 0.212610  0.000018   0.454477 r
  U198/Y (NOR4BB_X0P7M_A9TR40)                                  0.199200  0.247360   0.701836 r
  n4 (net)                                      1     0.001602            0.000000   0.701836 r
  U141/A (BUFH_X1M_A9TR40)                                      0.199200  0.000028   0.701864 r
  U141/Y (BUFH_X1M_A9TR40)                                      0.077797  0.138841   0.840705 r
  n166 (net)                                    2     0.002828            0.000000   0.840705 r
  U188/A (BUF_X2M_A9TR40)                                       0.077797  0.000020   0.840725 r
  U188/Y (BUF_X2M_A9TR40)                                       0.196430  0.171294   1.012019 r
  n164 (net)                                   16     0.018413            0.000000   1.012019 r
  U192/B0 (AOI2XB1_X1M_A9TR40)                                  0.196430  0.000015   1.012034 r
  U192/Y (AOI2XB1_X1M_A9TR40)                                   0.089231  0.104741   1.116775 f
  n1 (net)                                      1     0.001588            0.000000   1.116775 f
  U178/A (BUFH_X1M_A9TR40)                                      0.089231  0.000027   1.116803 f
  U178/Y (BUFH_X1M_A9TR40)                                      0.050187  0.101437   1.218240 f
  n172 (net)                                    2     0.002795            0.000000   1.218240 f
  U189/A (BUF_X2M_A9TR40)                                       0.050187  0.000020   1.218260 f
  U189/Y (BUF_X2M_A9TR40)                                       0.119513  0.144880   1.363140 f
  n170 (net)                                   16     0.018010            0.000000   1.363140 f
  U183/A (NOR2_X1A_A9TR40)                                      0.119513  0.000015   1.363155 f
  U183/Y (NOR2_X1A_A9TR40)                                      0.117579  0.105643   1.468798 r
  n3 (net)                                      1     0.001602            0.000000   1.468798 r
  U165/A (BUFH_X1M_A9TR40)                                      0.117579  0.000028   1.468825 r
  U165/Y (BUFH_X1M_A9TR40)                                      0.076291  0.112430   1.581255 r
  n169 (net)                                    2     0.002828            0.000000   1.581255 r
  U180/A (BUF_X2M_A9TR40)                                       0.076291  0.000020   1.581275 r
  U180/Y (BUF_X2M_A9TR40)                                       0.188724  0.166756   1.748031 r
  n167 (net)                                   16     0.017637            0.000000   1.748031 r
  U32/A1 (AOI22_X0P5M_A9TR40)                                   0.188724  0.000013   1.748044 r
  U32/Y (AOI22_X0P5M_A9TR40)                                    0.139917  0.167995   1.916039 f
  n18 (net)                                     1     0.001375            0.000000   1.916039 f
  U31/A0N (AO1B2_X0P5M_A9TR40)                                  0.139917  0.000024   1.916063 f
  U31/Y (AO1B2_X0P5M_A9TR40)                                    0.099884  0.100654   2.016717 r
  n73 (net)                                     1     0.001559            0.000000   2.016717 r
  det_medium_therm_q_reg[14]/D (DFFRPQ_X1M_A9TR40)              0.099884  0.000027   2.016744 r
  data arrival time                                                                  2.016744

  clock cal_clk (rise edge)                                               2.500000   2.500000
  clock network delay (ideal)                                             0.000000   2.500000
  clock uncertainty                                                       -0.050000  2.450000
  det_medium_therm_q_reg[14]/CK (DFFRPQ_X1M_A9TR40)                       0.000000   2.450000 r
  library setup time                                                      -0.082106  2.367894
  data required time                                                                 2.367894
  ----------------------------------------------------------------------------------------------
  data required time                                                                 2.367894
  data arrival time                                                                  -2.016744
  ----------------------------------------------------------------------------------------------
  slack (MET)                                                                        0.351150


1
