 
****************************************
Report : timing
        -path full
        -delay max
        -input_pins
        -nets
        -max_paths 80
        -transition_time
        -capacitance
Design : ftc_detection_margin_manager
Version: W-2024.09
Date   : Sun Aug 23 13:28:07 2026
****************************************

Operating Conditions: ss_typical_max_0p99v_125c   Library: sc9mc_logic0040ll_base_rvt_c40_ss_typical_max_0p99v_125c
Wire Load Model Mode: top

  Startpoint: margin_sel_i[1]
              (input port clocked by cal_clk)
  Endpoint: target_medium_therm_q_reg[5]
            (rising edge-triggered flip-flop clocked by cal_clk)
  Path Group: cal_clk
  Path Type: max

  Des/Clust/Port     Wire Load Model       Library
  ------------------------------------------------
  ftc_detection_margin_manager
                     Small                 sc9mc_logic0040ll_base_rvt_c40_ss_typical_max_0p99v_125c

  Point                                       Fanout       Cap     Trans      Incr       Path
  ----------------------------------------------------------------------------------------------
  clock cal_clk (rise edge)                                               0.000000   0.000000
  clock network delay (ideal)                                             0.000000   0.000000
  input external delay                                                    0.500000   0.500000 f
  margin_sel_i[1] (in)                                          0.000000  0.000000   0.500000 f
  margin_sel_i[1] (net)                         5     0.007288            0.000000   0.500000 f
  u_exact_mapper/margin_sel_i[1] (ftc_detection_margin_mapper)            0.000000   0.500000 f
  u_exact_mapper/margin_sel_i[1] (net)                0.007288            0.000000   0.500000 f
  u_exact_mapper/U15/A (NOR2_X2A_A9TR40)                        0.000000  0.000023   0.500023 f
  u_exact_mapper/U15/Y (NOR2_X2A_A9TR40)                        0.140056  0.084422   0.584445 r
  u_exact_mapper/n26 (net)                      4     0.005291            0.000000   0.584445 r
  u_exact_mapper/U11/B (NAND3_X1M_A9TR40)                       0.140056  0.000017   0.584462 r
  u_exact_mapper/U11/Y (NAND3_X1M_A9TR40)                       0.105809  0.117497   0.701959 f
  u_exact_mapper/n19 (net)                      2     0.002663            0.000000   0.701959 f
  u_exact_mapper/U10/B (NAND2_X1A_A9TR40)                       0.105809  0.000020   0.701980 f
  u_exact_mapper/U10/Y (NAND2_X1A_A9TR40)                       0.108649  0.097643   0.799623 r
  u_exact_mapper/m_det_o[3]_snps (net)          3     0.003730            0.000000   0.799623 r
  u_exact_mapper/U38/AN (NAND2B_X1M_A9TR40)                     0.108649  0.000017   0.799640 r
  u_exact_mapper/U38/Y (NAND2B_X1M_A9TR40)                      0.127347  0.140179   0.939818 r
  u_exact_mapper/target_medium_therm_o[6]_snps (net)
                                                3     0.003752            0.000000   0.939818 r
  u_exact_mapper/U40/AN (NAND2B_X1M_A9TR40)                     0.127347  0.000017   0.939835 r
  u_exact_mapper/U40/Y (NAND2B_X1M_A9TR40)                      0.088074  0.135782   1.075618 r
  u_exact_mapper/target_medium_therm_o[4] (net)
                                                2     0.002678            0.000000   1.075618 r
  u_exact_mapper/U9/AN (NAND3B_X2M_A9TR40)                      0.088074  0.000020   1.075637 r
  u_exact_mapper/U9/Y (NAND3B_X2M_A9TR40)                       0.092041  0.109983   1.185620 r
  u_exact_mapper/target_medium_therm_o[3] (net)
                                                2     0.002755            0.000000   1.185620 r
  u_exact_mapper/U39/A (INV_X1M_A9TR40)                         0.092041  0.000021   1.185641 r
  u_exact_mapper/U39/Y (INV_X1M_A9TR40)                         0.060643  0.066249   1.251890 f
  u_exact_mapper/n4 (net)                       2     0.003397            0.000000   1.251890 f
  u_exact_mapper/U3/B (NAND2_X2A_A9TR40)                        0.060643  0.000031   1.251922 f
  u_exact_mapper/U3/Y (NAND2_X2A_A9TR40)                        0.076469  0.051822   1.303743 r
  u_exact_mapper/target_medium_therm_o[2] (net)
                                                2     0.002673            0.000000   1.303743 r
  u_exact_mapper/U16/AN (NAND3BB_X1M_A9TR40)                    0.076469  0.000020   1.303763 r
  u_exact_mapper/U16/Y (NAND3BB_X1M_A9TR40)                     0.177340  0.165037   1.468800 r
  u_exact_mapper/mapping_supported_o (net)      5     0.006760            0.000000   1.468800 r
  u_exact_mapper/mapping_supported_o (ftc_detection_margin_mapper)        0.000000   1.468800 r
  mapper_mapping_supported (net)                      0.006760            0.000000   1.468800 r
  U151/A (NAND2_X2A_A9TR40)                                     0.177340  0.000024   1.468824 r
  U151/Y (NAND2_X2A_A9TR40)                                     0.071609  0.079464   1.548287 f
  n38 (net)                                     2     0.002770            0.000000   1.548287 f
  U157/A (INV_X1M_A9TR40)                                       0.071609  0.000021   1.548308 f
  U157/Y (INV_X1M_A9TR40)                                       0.081496  0.070956   1.619264 r
  n137 (net)                                    2     0.002787            0.000000   1.619264 r
  U153/A (NAND2_X1M_A9TR40)                                     0.081496  0.000021   1.619285 r
  U153/Y (NAND2_X1M_A9TR40)                                     0.082906  0.068508   1.687793 f
  n44 (net)                                     2     0.002659            0.000000   1.687793 f
  U154/A (NOR2_X0P7B_A9TR40)                                    0.082906  0.000019   1.687812 f
  U154/Y (NOR2_X0P7B_A9TR40)                                    0.152263  0.115691   1.803502 r
  n42 (net)                                     2     0.002695            0.000000   1.803502 r
  U168/C (NAND3BB_X1M_A9TR40)                                   0.152263  0.000021   1.803523 r
  U168/Y (NAND3BB_X1M_A9TR40)                                   0.081266  0.101753   1.905276 f
  n21 (net)                                     1     0.002728            0.000000   1.905276 f
  U140/A (INV_X3P5B_A9TR40)                                     0.081266  0.000047   1.905323 f
  U140/Y (INV_X3P5B_A9TR40)                                     0.054964  0.054273   1.959595 r
  n163 (net)                                    5     0.006586            0.000000   1.959595 r
  U155/A (BUF_X1M_A9TR40)                                       0.054964  0.000016   1.959611 r
  U155/Y (BUF_X1M_A9TR40)                                       0.053319  0.089020   2.048631 r
  n162 (net)                                    1     0.001602            0.000000   2.048631 r
  U164/A (BUFH_X1M_A9TR40)                                      0.053319  0.000028   2.048659 r
  U164/Y (BUFH_X1M_A9TR40)                                      0.141520  0.122741   2.171401 r
  n158 (net)                                    5     0.006075            0.000000   2.171401 r
  U73/B1 (AO22_X0P5M_A9TR40)                                    0.141520  0.000015   2.171416 r
  U73/Y (AO22_X0P5M_A9TR40)                                     0.092067  0.174987   2.346403 r
  n100 (net)                                    1     0.001559            0.000000   2.346403 r
  target_medium_therm_q_reg[5]/D (DFFRPQ_X1M_A9TR40)            0.092067  0.000027   2.346430 r
  data arrival time                                                                  2.346430

  clock cal_clk (rise edge)                                               2.500000   2.500000
  clock network delay (ideal)                                             0.000000   2.500000
  clock uncertainty                                                       -0.050000  2.450000
  target_medium_therm_q_reg[5]/CK (DFFRPQ_X1M_A9TR40)                     0.000000   2.450000 r
  library setup time                                                      -0.079857  2.370143
  data required time                                                                 2.370143
  ----------------------------------------------------------------------------------------------
  data required time                                                                 2.370143
  data arrival time                                                                  -2.346430
  ----------------------------------------------------------------------------------------------
  slack (MET)                                                                        0.023713


  Startpoint: margin_sel_i[1]
              (input port clocked by cal_clk)
  Endpoint: target_medium_therm_q_reg[1]
            (rising edge-triggered flip-flop clocked by cal_clk)
  Path Group: cal_clk
  Path Type: max

  Des/Clust/Port     Wire Load Model       Library
  ------------------------------------------------
  ftc_detection_margin_manager
                     Small                 sc9mc_logic0040ll_base_rvt_c40_ss_typical_max_0p99v_125c

  Point                                       Fanout       Cap     Trans      Incr       Path
  ----------------------------------------------------------------------------------------------
  clock cal_clk (rise edge)                                               0.000000   0.000000
  clock network delay (ideal)                                             0.000000   0.000000
  input external delay                                                    0.500000   0.500000 f
  margin_sel_i[1] (in)                                          0.000000  0.000000   0.500000 f
  margin_sel_i[1] (net)                         5     0.007288            0.000000   0.500000 f
  u_exact_mapper/margin_sel_i[1] (ftc_detection_margin_mapper)            0.000000   0.500000 f
  u_exact_mapper/margin_sel_i[1] (net)                0.007288            0.000000   0.500000 f
  u_exact_mapper/U15/A (NOR2_X2A_A9TR40)                        0.000000  0.000023   0.500023 f
  u_exact_mapper/U15/Y (NOR2_X2A_A9TR40)                        0.140056  0.084422   0.584445 r
  u_exact_mapper/n26 (net)                      4     0.005291            0.000000   0.584445 r
  u_exact_mapper/U11/B (NAND3_X1M_A9TR40)                       0.140056  0.000017   0.584462 r
  u_exact_mapper/U11/Y (NAND3_X1M_A9TR40)                       0.105809  0.117497   0.701959 f
  u_exact_mapper/n19 (net)                      2     0.002663            0.000000   0.701959 f
  u_exact_mapper/U10/B (NAND2_X1A_A9TR40)                       0.105809  0.000020   0.701980 f
  u_exact_mapper/U10/Y (NAND2_X1A_A9TR40)                       0.108649  0.097643   0.799623 r
  u_exact_mapper/m_det_o[3]_snps (net)          3     0.003730            0.000000   0.799623 r
  u_exact_mapper/U38/AN (NAND2B_X1M_A9TR40)                     0.108649  0.000017   0.799640 r
  u_exact_mapper/U38/Y (NAND2B_X1M_A9TR40)                      0.127347  0.140179   0.939818 r
  u_exact_mapper/target_medium_therm_o[6]_snps (net)
                                                3     0.003752            0.000000   0.939818 r
  u_exact_mapper/U40/AN (NAND2B_X1M_A9TR40)                     0.127347  0.000017   0.939835 r
  u_exact_mapper/U40/Y (NAND2B_X1M_A9TR40)                      0.088074  0.135782   1.075618 r
  u_exact_mapper/target_medium_therm_o[4] (net)
                                                2     0.002678            0.000000   1.075618 r
  u_exact_mapper/U9/AN (NAND3B_X2M_A9TR40)                      0.088074  0.000020   1.075637 r
  u_exact_mapper/U9/Y (NAND3B_X2M_A9TR40)                       0.092041  0.109983   1.185620 r
  u_exact_mapper/target_medium_therm_o[3] (net)
                                                2     0.002755            0.000000   1.185620 r
  u_exact_mapper/U39/A (INV_X1M_A9TR40)                         0.092041  0.000021   1.185641 r
  u_exact_mapper/U39/Y (INV_X1M_A9TR40)                         0.060643  0.066249   1.251890 f
  u_exact_mapper/n4 (net)                       2     0.003397            0.000000   1.251890 f
  u_exact_mapper/U3/B (NAND2_X2A_A9TR40)                        0.060643  0.000031   1.251922 f
  u_exact_mapper/U3/Y (NAND2_X2A_A9TR40)                        0.076469  0.051822   1.303743 r
  u_exact_mapper/target_medium_therm_o[2] (net)
                                                2     0.002673            0.000000   1.303743 r
  u_exact_mapper/U16/AN (NAND3BB_X1M_A9TR40)                    0.076469  0.000020   1.303763 r
  u_exact_mapper/U16/Y (NAND3BB_X1M_A9TR40)                     0.177340  0.165037   1.468800 r
  u_exact_mapper/mapping_supported_o (net)      5     0.006760            0.000000   1.468800 r
  u_exact_mapper/mapping_supported_o (ftc_detection_margin_mapper)        0.000000   1.468800 r
  mapper_mapping_supported (net)                      0.006760            0.000000   1.468800 r
  U151/A (NAND2_X2A_A9TR40)                                     0.177340  0.000024   1.468824 r
  U151/Y (NAND2_X2A_A9TR40)                                     0.071609  0.079464   1.548287 f
  n38 (net)                                     2     0.002770            0.000000   1.548287 f
  U157/A (INV_X1M_A9TR40)                                       0.071609  0.000021   1.548308 f
  U157/Y (INV_X1M_A9TR40)                                       0.081496  0.070956   1.619264 r
  n137 (net)                                    2     0.002787            0.000000   1.619264 r
  U153/A (NAND2_X1M_A9TR40)                                     0.081496  0.000021   1.619285 r
  U153/Y (NAND2_X1M_A9TR40)                                     0.082906  0.068508   1.687793 f
  n44 (net)                                     2     0.002659            0.000000   1.687793 f
  U154/A (NOR2_X0P7B_A9TR40)                                    0.082906  0.000019   1.687812 f
  U154/Y (NOR2_X0P7B_A9TR40)                                    0.152263  0.115691   1.803502 r
  n42 (net)                                     2     0.002695            0.000000   1.803502 r
  U168/C (NAND3BB_X1M_A9TR40)                                   0.152263  0.000021   1.803523 r
  U168/Y (NAND3BB_X1M_A9TR40)                                   0.081266  0.101753   1.905276 f
  n21 (net)                                     1     0.002728            0.000000   1.905276 f
  U140/A (INV_X3P5B_A9TR40)                                     0.081266  0.000047   1.905323 f
  U140/Y (INV_X3P5B_A9TR40)                                     0.054964  0.054273   1.959595 r
  n163 (net)                                    5     0.006586            0.000000   1.959595 r
  U155/A (BUF_X1M_A9TR40)                                       0.054964  0.000016   1.959611 r
  U155/Y (BUF_X1M_A9TR40)                                       0.053319  0.089020   2.048631 r
  n162 (net)                                    1     0.001602            0.000000   2.048631 r
  U164/A (BUFH_X1M_A9TR40)                                      0.053319  0.000028   2.048659 r
  U164/Y (BUFH_X1M_A9TR40)                                      0.141520  0.122741   2.171401 r
  n158 (net)                                    5     0.006075            0.000000   2.171401 r
  U69/B1 (AO22_X0P5M_A9TR40)                                    0.141520  0.000015   2.171416 r
  U69/Y (AO22_X0P5M_A9TR40)                                     0.092067  0.174987   2.346403 r
  n96 (net)                                     1     0.001559            0.000000   2.346403 r
  target_medium_therm_q_reg[1]/D (DFFRPQ_X1M_A9TR40)            0.092067  0.000027   2.346430 r
  data arrival time                                                                  2.346430

  clock cal_clk (rise edge)                                               2.500000   2.500000
  clock network delay (ideal)                                             0.000000   2.500000
  clock uncertainty                                                       -0.050000  2.450000
  target_medium_therm_q_reg[1]/CK (DFFRPQ_X1M_A9TR40)                     0.000000   2.450000 r
  library setup time                                                      -0.079857  2.370143
  data required time                                                                 2.370143
  ----------------------------------------------------------------------------------------------
  data required time                                                                 2.370143
  data arrival time                                                                  -2.346430
  ----------------------------------------------------------------------------------------------
  slack (MET)                                                                        0.023713


  Startpoint: margin_sel_i[1]
              (input port clocked by cal_clk)
  Endpoint: target_medium_therm_q_reg[3]
            (rising edge-triggered flip-flop clocked by cal_clk)
  Path Group: cal_clk
  Path Type: max

  Des/Clust/Port     Wire Load Model       Library
  ------------------------------------------------
  ftc_detection_margin_manager
                     Small                 sc9mc_logic0040ll_base_rvt_c40_ss_typical_max_0p99v_125c

  Point                                       Fanout       Cap     Trans      Incr       Path
  ----------------------------------------------------------------------------------------------
  clock cal_clk (rise edge)                                               0.000000   0.000000
  clock network delay (ideal)                                             0.000000   0.000000
  input external delay                                                    0.500000   0.500000 f
  margin_sel_i[1] (in)                                          0.000000  0.000000   0.500000 f
  margin_sel_i[1] (net)                         5     0.007288            0.000000   0.500000 f
  u_exact_mapper/margin_sel_i[1] (ftc_detection_margin_mapper)            0.000000   0.500000 f
  u_exact_mapper/margin_sel_i[1] (net)                0.007288            0.000000   0.500000 f
  u_exact_mapper/U15/A (NOR2_X2A_A9TR40)                        0.000000  0.000023   0.500023 f
  u_exact_mapper/U15/Y (NOR2_X2A_A9TR40)                        0.140056  0.084422   0.584445 r
  u_exact_mapper/n26 (net)                      4     0.005291            0.000000   0.584445 r
  u_exact_mapper/U11/B (NAND3_X1M_A9TR40)                       0.140056  0.000017   0.584462 r
  u_exact_mapper/U11/Y (NAND3_X1M_A9TR40)                       0.105809  0.117497   0.701959 f
  u_exact_mapper/n19 (net)                      2     0.002663            0.000000   0.701959 f
  u_exact_mapper/U10/B (NAND2_X1A_A9TR40)                       0.105809  0.000020   0.701980 f
  u_exact_mapper/U10/Y (NAND2_X1A_A9TR40)                       0.108649  0.097643   0.799623 r
  u_exact_mapper/m_det_o[3]_snps (net)          3     0.003730            0.000000   0.799623 r
  u_exact_mapper/U38/AN (NAND2B_X1M_A9TR40)                     0.108649  0.000017   0.799640 r
  u_exact_mapper/U38/Y (NAND2B_X1M_A9TR40)                      0.127347  0.140179   0.939818 r
  u_exact_mapper/target_medium_therm_o[6]_snps (net)
                                                3     0.003752            0.000000   0.939818 r
  u_exact_mapper/U40/AN (NAND2B_X1M_A9TR40)                     0.127347  0.000017   0.939835 r
  u_exact_mapper/U40/Y (NAND2B_X1M_A9TR40)                      0.088074  0.135782   1.075618 r
  u_exact_mapper/target_medium_therm_o[4] (net)
                                                2     0.002678            0.000000   1.075618 r
  u_exact_mapper/U9/AN (NAND3B_X2M_A9TR40)                      0.088074  0.000020   1.075637 r
  u_exact_mapper/U9/Y (NAND3B_X2M_A9TR40)                       0.092041  0.109983   1.185620 r
  u_exact_mapper/target_medium_therm_o[3] (net)
                                                2     0.002755            0.000000   1.185620 r
  u_exact_mapper/U39/A (INV_X1M_A9TR40)                         0.092041  0.000021   1.185641 r
  u_exact_mapper/U39/Y (INV_X1M_A9TR40)                         0.060643  0.066249   1.251890 f
  u_exact_mapper/n4 (net)                       2     0.003397            0.000000   1.251890 f
  u_exact_mapper/U3/B (NAND2_X2A_A9TR40)                        0.060643  0.000031   1.251922 f
  u_exact_mapper/U3/Y (NAND2_X2A_A9TR40)                        0.076469  0.051822   1.303743 r
  u_exact_mapper/target_medium_therm_o[2] (net)
                                                2     0.002673            0.000000   1.303743 r
  u_exact_mapper/U16/AN (NAND3BB_X1M_A9TR40)                    0.076469  0.000020   1.303763 r
  u_exact_mapper/U16/Y (NAND3BB_X1M_A9TR40)                     0.177340  0.165037   1.468800 r
  u_exact_mapper/mapping_supported_o (net)      5     0.006760            0.000000   1.468800 r
  u_exact_mapper/mapping_supported_o (ftc_detection_margin_mapper)        0.000000   1.468800 r
  mapper_mapping_supported (net)                      0.006760            0.000000   1.468800 r
  U151/A (NAND2_X2A_A9TR40)                                     0.177340  0.000024   1.468824 r
  U151/Y (NAND2_X2A_A9TR40)                                     0.071609  0.079464   1.548287 f
  n38 (net)                                     2     0.002770            0.000000   1.548287 f
  U157/A (INV_X1M_A9TR40)                                       0.071609  0.000021   1.548308 f
  U157/Y (INV_X1M_A9TR40)                                       0.081496  0.070956   1.619264 r
  n137 (net)                                    2     0.002787            0.000000   1.619264 r
  U153/A (NAND2_X1M_A9TR40)                                     0.081496  0.000021   1.619285 r
  U153/Y (NAND2_X1M_A9TR40)                                     0.082906  0.068508   1.687793 f
  n44 (net)                                     2     0.002659            0.000000   1.687793 f
  U154/A (NOR2_X0P7B_A9TR40)                                    0.082906  0.000019   1.687812 f
  U154/Y (NOR2_X0P7B_A9TR40)                                    0.152263  0.115691   1.803502 r
  n42 (net)                                     2     0.002695            0.000000   1.803502 r
  U168/C (NAND3BB_X1M_A9TR40)                                   0.152263  0.000021   1.803523 r
  U168/Y (NAND3BB_X1M_A9TR40)                                   0.081266  0.101753   1.905276 f
  n21 (net)                                     1     0.002728            0.000000   1.905276 f
  U140/A (INV_X3P5B_A9TR40)                                     0.081266  0.000047   1.905323 f
  U140/Y (INV_X3P5B_A9TR40)                                     0.054964  0.054273   1.959595 r
  n163 (net)                                    5     0.006586            0.000000   1.959595 r
  U135/A (BUF_X1P2M_A9TR40)                                     0.054964  0.000016   1.959611 r
  U135/Y (BUF_X1P2M_A9TR40)                                     0.142504  0.141608   2.101219 r
  n136 (net)                                    6     0.008454            0.000000   2.101219 r
  U145/A (INV_X3M_A9TR40)                                       0.142504  0.000031   2.101250 r
  U145/Y (INV_X3M_A9TR40)                                       0.093292  0.104417   2.205667 f
  n155 (net)                                   16     0.018659            0.000000   2.205667 f
  U71/A0 (AO22_X0P5M_A9TR40)                                    0.093292  0.000014   2.205681 f
  U71/Y (AO22_X0P5M_A9TR40)                                     0.066819  0.175371   2.381052 f
  n98 (net)                                     1     0.001539            0.000000   2.381052 f
  target_medium_therm_q_reg[3]/D (DFFRPQ_X1M_A9TR40)            0.066819  0.000027   2.381078 f
  data arrival time                                                                  2.381078

  clock cal_clk (rise edge)                                               2.500000   2.500000
  clock network delay (ideal)                                             0.000000   2.500000
  clock uncertainty                                                       -0.050000  2.450000
  target_medium_therm_q_reg[3]/CK (DFFRPQ_X1M_A9TR40)                     0.000000   2.450000 r
  library setup time                                                      -0.042278  2.407722
  data required time                                                                 2.407722
  ----------------------------------------------------------------------------------------------
  data required time                                                                 2.407722
  data arrival time                                                                  -2.381078
  ----------------------------------------------------------------------------------------------
  slack (MET)                                                                        0.026643


  Startpoint: margin_sel_i[1]
              (input port clocked by cal_clk)
  Endpoint: target_medium_therm_q_reg[7]
            (rising edge-triggered flip-flop clocked by cal_clk)
  Path Group: cal_clk
  Path Type: max

  Des/Clust/Port     Wire Load Model       Library
  ------------------------------------------------
  ftc_detection_margin_manager
                     Small                 sc9mc_logic0040ll_base_rvt_c40_ss_typical_max_0p99v_125c

  Point                                       Fanout       Cap     Trans      Incr       Path
  ----------------------------------------------------------------------------------------------
  clock cal_clk (rise edge)                                               0.000000   0.000000
  clock network delay (ideal)                                             0.000000   0.000000
  input external delay                                                    0.500000   0.500000 f
  margin_sel_i[1] (in)                                          0.000000  0.000000   0.500000 f
  margin_sel_i[1] (net)                         5     0.007288            0.000000   0.500000 f
  u_exact_mapper/margin_sel_i[1] (ftc_detection_margin_mapper)            0.000000   0.500000 f
  u_exact_mapper/margin_sel_i[1] (net)                0.007288            0.000000   0.500000 f
  u_exact_mapper/U15/A (NOR2_X2A_A9TR40)                        0.000000  0.000023   0.500023 f
  u_exact_mapper/U15/Y (NOR2_X2A_A9TR40)                        0.140056  0.084422   0.584445 r
  u_exact_mapper/n26 (net)                      4     0.005291            0.000000   0.584445 r
  u_exact_mapper/U11/B (NAND3_X1M_A9TR40)                       0.140056  0.000017   0.584462 r
  u_exact_mapper/U11/Y (NAND3_X1M_A9TR40)                       0.105809  0.117497   0.701959 f
  u_exact_mapper/n19 (net)                      2     0.002663            0.000000   0.701959 f
  u_exact_mapper/U10/B (NAND2_X1A_A9TR40)                       0.105809  0.000020   0.701980 f
  u_exact_mapper/U10/Y (NAND2_X1A_A9TR40)                       0.108649  0.097643   0.799623 r
  u_exact_mapper/m_det_o[3]_snps (net)          3     0.003730            0.000000   0.799623 r
  u_exact_mapper/U38/AN (NAND2B_X1M_A9TR40)                     0.108649  0.000017   0.799640 r
  u_exact_mapper/U38/Y (NAND2B_X1M_A9TR40)                      0.127347  0.140179   0.939818 r
  u_exact_mapper/target_medium_therm_o[6]_snps (net)
                                                3     0.003752            0.000000   0.939818 r
  u_exact_mapper/U40/AN (NAND2B_X1M_A9TR40)                     0.127347  0.000017   0.939835 r
  u_exact_mapper/U40/Y (NAND2B_X1M_A9TR40)                      0.088074  0.135782   1.075618 r
  u_exact_mapper/target_medium_therm_o[4] (net)
                                                2     0.002678            0.000000   1.075618 r
  u_exact_mapper/U9/AN (NAND3B_X2M_A9TR40)                      0.088074  0.000020   1.075637 r
  u_exact_mapper/U9/Y (NAND3B_X2M_A9TR40)                       0.092041  0.109983   1.185620 r
  u_exact_mapper/target_medium_therm_o[3] (net)
                                                2     0.002755            0.000000   1.185620 r
  u_exact_mapper/U39/A (INV_X1M_A9TR40)                         0.092041  0.000021   1.185641 r
  u_exact_mapper/U39/Y (INV_X1M_A9TR40)                         0.060643  0.066249   1.251890 f
  u_exact_mapper/n4 (net)                       2     0.003397            0.000000   1.251890 f
  u_exact_mapper/U3/B (NAND2_X2A_A9TR40)                        0.060643  0.000031   1.251922 f
  u_exact_mapper/U3/Y (NAND2_X2A_A9TR40)                        0.076469  0.051822   1.303743 r
  u_exact_mapper/target_medium_therm_o[2] (net)
                                                2     0.002673            0.000000   1.303743 r
  u_exact_mapper/U16/AN (NAND3BB_X1M_A9TR40)                    0.076469  0.000020   1.303763 r
  u_exact_mapper/U16/Y (NAND3BB_X1M_A9TR40)                     0.177340  0.165037   1.468800 r
  u_exact_mapper/mapping_supported_o (net)      5     0.006760            0.000000   1.468800 r
  u_exact_mapper/mapping_supported_o (ftc_detection_margin_mapper)        0.000000   1.468800 r
  mapper_mapping_supported (net)                      0.006760            0.000000   1.468800 r
  U151/A (NAND2_X2A_A9TR40)                                     0.177340  0.000024   1.468824 r
  U151/Y (NAND2_X2A_A9TR40)                                     0.071609  0.079464   1.548287 f
  n38 (net)                                     2     0.002770            0.000000   1.548287 f
  U157/A (INV_X1M_A9TR40)                                       0.071609  0.000021   1.548308 f
  U157/Y (INV_X1M_A9TR40)                                       0.081496  0.070956   1.619264 r
  n137 (net)                                    2     0.002787            0.000000   1.619264 r
  U153/A (NAND2_X1M_A9TR40)                                     0.081496  0.000021   1.619285 r
  U153/Y (NAND2_X1M_A9TR40)                                     0.082906  0.068508   1.687793 f
  n44 (net)                                     2     0.002659            0.000000   1.687793 f
  U154/A (NOR2_X0P7B_A9TR40)                                    0.082906  0.000019   1.687812 f
  U154/Y (NOR2_X0P7B_A9TR40)                                    0.152263  0.115691   1.803502 r
  n42 (net)                                     2     0.002695            0.000000   1.803502 r
  U168/C (NAND3BB_X1M_A9TR40)                                   0.152263  0.000021   1.803523 r
  U168/Y (NAND3BB_X1M_A9TR40)                                   0.081266  0.101753   1.905276 f
  n21 (net)                                     1     0.002728            0.000000   1.905276 f
  U140/A (INV_X3P5B_A9TR40)                                     0.081266  0.000047   1.905323 f
  U140/Y (INV_X3P5B_A9TR40)                                     0.054964  0.054273   1.959595 r
  n163 (net)                                    5     0.006586            0.000000   1.959595 r
  U135/A (BUF_X1P2M_A9TR40)                                     0.054964  0.000016   1.959611 r
  U135/Y (BUF_X1P2M_A9TR40)                                     0.142504  0.141608   2.101219 r
  n136 (net)                                    6     0.008454            0.000000   2.101219 r
  U145/A (INV_X3M_A9TR40)                                       0.142504  0.000031   2.101250 r
  U145/Y (INV_X3M_A9TR40)                                       0.093292  0.104417   2.205667 f
  n155 (net)                                   16     0.018659            0.000000   2.205667 f
  U75/A0 (AO22_X0P5M_A9TR40)                                    0.093292  0.000014   2.205681 f
  U75/Y (AO22_X0P5M_A9TR40)                                     0.066767  0.175371   2.381052 f
  n102 (net)                                    1     0.001539            0.000000   2.381052 f
  target_medium_therm_q_reg[7]/D (DFFRPQ_X1M_A9TR40)            0.066767  0.000027   2.381078 f
  data arrival time                                                                  2.381078

  clock cal_clk (rise edge)                                               2.500000   2.500000
  clock network delay (ideal)                                             0.000000   2.500000
  clock uncertainty                                                       -0.050000  2.450000
  target_medium_therm_q_reg[7]/CK (DFFRPQ_X1M_A9TR40)                     0.000000   2.450000 r
  library setup time                                                      -0.042262  2.407738
  data required time                                                                 2.407738
  ----------------------------------------------------------------------------------------------
  data required time                                                                 2.407738
  data arrival time                                                                  -2.381078
  ----------------------------------------------------------------------------------------------
  slack (MET)                                                                        0.026660


  Startpoint: margin_sel_i[1]
              (input port clocked by cal_clk)
  Endpoint: target_medium_therm_q_reg[4]
            (rising edge-triggered flip-flop clocked by cal_clk)
  Path Group: cal_clk
  Path Type: max

  Des/Clust/Port     Wire Load Model       Library
  ------------------------------------------------
  ftc_detection_margin_manager
                     Small                 sc9mc_logic0040ll_base_rvt_c40_ss_typical_max_0p99v_125c

  Point                                       Fanout       Cap     Trans      Incr       Path
  ----------------------------------------------------------------------------------------------
  clock cal_clk (rise edge)                                               0.000000   0.000000
  clock network delay (ideal)                                             0.000000   0.000000
  input external delay                                                    0.500000   0.500000 f
  margin_sel_i[1] (in)                                          0.000000  0.000000   0.500000 f
  margin_sel_i[1] (net)                         5     0.007288            0.000000   0.500000 f
  u_exact_mapper/margin_sel_i[1] (ftc_detection_margin_mapper)            0.000000   0.500000 f
  u_exact_mapper/margin_sel_i[1] (net)                0.007288            0.000000   0.500000 f
  u_exact_mapper/U15/A (NOR2_X2A_A9TR40)                        0.000000  0.000023   0.500023 f
  u_exact_mapper/U15/Y (NOR2_X2A_A9TR40)                        0.140056  0.084422   0.584445 r
  u_exact_mapper/n26 (net)                      4     0.005291            0.000000   0.584445 r
  u_exact_mapper/U11/B (NAND3_X1M_A9TR40)                       0.140056  0.000017   0.584462 r
  u_exact_mapper/U11/Y (NAND3_X1M_A9TR40)                       0.105809  0.117497   0.701959 f
  u_exact_mapper/n19 (net)                      2     0.002663            0.000000   0.701959 f
  u_exact_mapper/U10/B (NAND2_X1A_A9TR40)                       0.105809  0.000020   0.701980 f
  u_exact_mapper/U10/Y (NAND2_X1A_A9TR40)                       0.108649  0.097643   0.799623 r
  u_exact_mapper/m_det_o[3]_snps (net)          3     0.003730            0.000000   0.799623 r
  u_exact_mapper/U38/AN (NAND2B_X1M_A9TR40)                     0.108649  0.000017   0.799640 r
  u_exact_mapper/U38/Y (NAND2B_X1M_A9TR40)                      0.127347  0.140179   0.939818 r
  u_exact_mapper/target_medium_therm_o[6]_snps (net)
                                                3     0.003752            0.000000   0.939818 r
  u_exact_mapper/U40/AN (NAND2B_X1M_A9TR40)                     0.127347  0.000017   0.939835 r
  u_exact_mapper/U40/Y (NAND2B_X1M_A9TR40)                      0.088074  0.135782   1.075618 r
  u_exact_mapper/target_medium_therm_o[4] (net)
                                                2     0.002678            0.000000   1.075618 r
  u_exact_mapper/U9/AN (NAND3B_X2M_A9TR40)                      0.088074  0.000020   1.075637 r
  u_exact_mapper/U9/Y (NAND3B_X2M_A9TR40)                       0.092041  0.109983   1.185620 r
  u_exact_mapper/target_medium_therm_o[3] (net)
                                                2     0.002755            0.000000   1.185620 r
  u_exact_mapper/U39/A (INV_X1M_A9TR40)                         0.092041  0.000021   1.185641 r
  u_exact_mapper/U39/Y (INV_X1M_A9TR40)                         0.060643  0.066249   1.251890 f
  u_exact_mapper/n4 (net)                       2     0.003397            0.000000   1.251890 f
  u_exact_mapper/U3/B (NAND2_X2A_A9TR40)                        0.060643  0.000031   1.251922 f
  u_exact_mapper/U3/Y (NAND2_X2A_A9TR40)                        0.076469  0.051822   1.303743 r
  u_exact_mapper/target_medium_therm_o[2] (net)
                                                2     0.002673            0.000000   1.303743 r
  u_exact_mapper/U16/AN (NAND3BB_X1M_A9TR40)                    0.076469  0.000020   1.303763 r
  u_exact_mapper/U16/Y (NAND3BB_X1M_A9TR40)                     0.177340  0.165037   1.468800 r
  u_exact_mapper/mapping_supported_o (net)      5     0.006760            0.000000   1.468800 r
  u_exact_mapper/mapping_supported_o (ftc_detection_margin_mapper)        0.000000   1.468800 r
  mapper_mapping_supported (net)                      0.006760            0.000000   1.468800 r
  U151/A (NAND2_X2A_A9TR40)                                     0.177340  0.000024   1.468824 r
  U151/Y (NAND2_X2A_A9TR40)                                     0.071609  0.079464   1.548287 f
  n38 (net)                                     2     0.002770            0.000000   1.548287 f
  U157/A (INV_X1M_A9TR40)                                       0.071609  0.000021   1.548308 f
  U157/Y (INV_X1M_A9TR40)                                       0.081496  0.070956   1.619264 r
  n137 (net)                                    2     0.002787            0.000000   1.619264 r
  U153/A (NAND2_X1M_A9TR40)                                     0.081496  0.000021   1.619285 r
  U153/Y (NAND2_X1M_A9TR40)                                     0.082906  0.068508   1.687793 f
  n44 (net)                                     2     0.002659            0.000000   1.687793 f
  U154/A (NOR2_X0P7B_A9TR40)                                    0.082906  0.000019   1.687812 f
  U154/Y (NOR2_X0P7B_A9TR40)                                    0.152263  0.115691   1.803502 r
  n42 (net)                                     2     0.002695            0.000000   1.803502 r
  U168/C (NAND3BB_X1M_A9TR40)                                   0.152263  0.000021   1.803523 r
  U168/Y (NAND3BB_X1M_A9TR40)                                   0.081266  0.101753   1.905276 f
  n21 (net)                                     1     0.002728            0.000000   1.905276 f
  U140/A (INV_X3P5B_A9TR40)                                     0.081266  0.000047   1.905323 f
  U140/Y (INV_X3P5B_A9TR40)                                     0.054964  0.054273   1.959595 r
  n163 (net)                                    5     0.006586            0.000000   1.959595 r
  U135/A (BUF_X1P2M_A9TR40)                                     0.054964  0.000016   1.959611 r
  U135/Y (BUF_X1P2M_A9TR40)                                     0.142504  0.141608   2.101219 r
  n136 (net)                                    6     0.008454            0.000000   2.101219 r
  U145/A (INV_X3M_A9TR40)                                       0.142504  0.000031   2.101250 r
  U145/Y (INV_X3M_A9TR40)                                       0.093292  0.104417   2.205667 f
  n155 (net)                                   16     0.018659            0.000000   2.205667 f
  U72/A0 (AO22_X0P5M_A9TR40)                                    0.093292  0.000014   2.205681 f
  U72/Y (AO22_X0P5M_A9TR40)                                     0.066767  0.175371   2.381052 f
  n99 (net)                                     1     0.001539            0.000000   2.381052 f
  target_medium_therm_q_reg[4]/D (DFFRPQ_X1M_A9TR40)            0.066767  0.000027   2.381078 f
  data arrival time                                                                  2.381078

  clock cal_clk (rise edge)                                               2.500000   2.500000
  clock network delay (ideal)                                             0.000000   2.500000
  clock uncertainty                                                       -0.050000  2.450000
  target_medium_therm_q_reg[4]/CK (DFFRPQ_X1M_A9TR40)                     0.000000   2.450000 r
  library setup time                                                      -0.042262  2.407738
  data required time                                                                 2.407738
  ----------------------------------------------------------------------------------------------
  data required time                                                                 2.407738
  data arrival time                                                                  -2.381078
  ----------------------------------------------------------------------------------------------
  slack (MET)                                                                        0.026660


  Startpoint: margin_sel_i[1]
              (input port clocked by cal_clk)
  Endpoint: target_medium_therm_q_reg[0]
            (rising edge-triggered flip-flop clocked by cal_clk)
  Path Group: cal_clk
  Path Type: max

  Des/Clust/Port     Wire Load Model       Library
  ------------------------------------------------
  ftc_detection_margin_manager
                     Small                 sc9mc_logic0040ll_base_rvt_c40_ss_typical_max_0p99v_125c

  Point                                       Fanout       Cap     Trans      Incr       Path
  ----------------------------------------------------------------------------------------------
  clock cal_clk (rise edge)                                               0.000000   0.000000
  clock network delay (ideal)                                             0.000000   0.000000
  input external delay                                                    0.500000   0.500000 f
  margin_sel_i[1] (in)                                          0.000000  0.000000   0.500000 f
  margin_sel_i[1] (net)                         5     0.007288            0.000000   0.500000 f
  u_exact_mapper/margin_sel_i[1] (ftc_detection_margin_mapper)            0.000000   0.500000 f
  u_exact_mapper/margin_sel_i[1] (net)                0.007288            0.000000   0.500000 f
  u_exact_mapper/U15/A (NOR2_X2A_A9TR40)                        0.000000  0.000023   0.500023 f
  u_exact_mapper/U15/Y (NOR2_X2A_A9TR40)                        0.140056  0.084422   0.584445 r
  u_exact_mapper/n26 (net)                      4     0.005291            0.000000   0.584445 r
  u_exact_mapper/U11/B (NAND3_X1M_A9TR40)                       0.140056  0.000017   0.584462 r
  u_exact_mapper/U11/Y (NAND3_X1M_A9TR40)                       0.105809  0.117497   0.701959 f
  u_exact_mapper/n19 (net)                      2     0.002663            0.000000   0.701959 f
  u_exact_mapper/U10/B (NAND2_X1A_A9TR40)                       0.105809  0.000020   0.701980 f
  u_exact_mapper/U10/Y (NAND2_X1A_A9TR40)                       0.108649  0.097643   0.799623 r
  u_exact_mapper/m_det_o[3]_snps (net)          3     0.003730            0.000000   0.799623 r
  u_exact_mapper/U38/AN (NAND2B_X1M_A9TR40)                     0.108649  0.000017   0.799640 r
  u_exact_mapper/U38/Y (NAND2B_X1M_A9TR40)                      0.127347  0.140179   0.939818 r
  u_exact_mapper/target_medium_therm_o[6]_snps (net)
                                                3     0.003752            0.000000   0.939818 r
  u_exact_mapper/U40/AN (NAND2B_X1M_A9TR40)                     0.127347  0.000017   0.939835 r
  u_exact_mapper/U40/Y (NAND2B_X1M_A9TR40)                      0.088074  0.135782   1.075618 r
  u_exact_mapper/target_medium_therm_o[4] (net)
                                                2     0.002678            0.000000   1.075618 r
  u_exact_mapper/U9/AN (NAND3B_X2M_A9TR40)                      0.088074  0.000020   1.075637 r
  u_exact_mapper/U9/Y (NAND3B_X2M_A9TR40)                       0.092041  0.109983   1.185620 r
  u_exact_mapper/target_medium_therm_o[3] (net)
                                                2     0.002755            0.000000   1.185620 r
  u_exact_mapper/U39/A (INV_X1M_A9TR40)                         0.092041  0.000021   1.185641 r
  u_exact_mapper/U39/Y (INV_X1M_A9TR40)                         0.060643  0.066249   1.251890 f
  u_exact_mapper/n4 (net)                       2     0.003397            0.000000   1.251890 f
  u_exact_mapper/U3/B (NAND2_X2A_A9TR40)                        0.060643  0.000031   1.251922 f
  u_exact_mapper/U3/Y (NAND2_X2A_A9TR40)                        0.076469  0.051822   1.303743 r
  u_exact_mapper/target_medium_therm_o[2] (net)
                                                2     0.002673            0.000000   1.303743 r
  u_exact_mapper/U16/AN (NAND3BB_X1M_A9TR40)                    0.076469  0.000020   1.303763 r
  u_exact_mapper/U16/Y (NAND3BB_X1M_A9TR40)                     0.177340  0.165037   1.468800 r
  u_exact_mapper/mapping_supported_o (net)      5     0.006760            0.000000   1.468800 r
  u_exact_mapper/mapping_supported_o (ftc_detection_margin_mapper)        0.000000   1.468800 r
  mapper_mapping_supported (net)                      0.006760            0.000000   1.468800 r
  U151/A (NAND2_X2A_A9TR40)                                     0.177340  0.000024   1.468824 r
  U151/Y (NAND2_X2A_A9TR40)                                     0.071609  0.079464   1.548287 f
  n38 (net)                                     2     0.002770            0.000000   1.548287 f
  U157/A (INV_X1M_A9TR40)                                       0.071609  0.000021   1.548308 f
  U157/Y (INV_X1M_A9TR40)                                       0.081496  0.070956   1.619264 r
  n137 (net)                                    2     0.002787            0.000000   1.619264 r
  U153/A (NAND2_X1M_A9TR40)                                     0.081496  0.000021   1.619285 r
  U153/Y (NAND2_X1M_A9TR40)                                     0.082906  0.068508   1.687793 f
  n44 (net)                                     2     0.002659            0.000000   1.687793 f
  U154/A (NOR2_X0P7B_A9TR40)                                    0.082906  0.000019   1.687812 f
  U154/Y (NOR2_X0P7B_A9TR40)                                    0.152263  0.115691   1.803502 r
  n42 (net)                                     2     0.002695            0.000000   1.803502 r
  U168/C (NAND3BB_X1M_A9TR40)                                   0.152263  0.000021   1.803523 r
  U168/Y (NAND3BB_X1M_A9TR40)                                   0.081266  0.101753   1.905276 f
  n21 (net)                                     1     0.002728            0.000000   1.905276 f
  U140/A (INV_X3P5B_A9TR40)                                     0.081266  0.000047   1.905323 f
  U140/Y (INV_X3P5B_A9TR40)                                     0.054964  0.054273   1.959595 r
  n163 (net)                                    5     0.006586            0.000000   1.959595 r
  U135/A (BUF_X1P2M_A9TR40)                                     0.054964  0.000016   1.959611 r
  U135/Y (BUF_X1P2M_A9TR40)                                     0.142504  0.141608   2.101219 r
  n136 (net)                                    6     0.008454            0.000000   2.101219 r
  U145/A (INV_X3M_A9TR40)                                       0.142504  0.000031   2.101250 r
  U145/Y (INV_X3M_A9TR40)                                       0.093292  0.104417   2.205667 f
  n155 (net)                                   16     0.018659            0.000000   2.205667 f
  U68/A0 (AO22_X0P5M_A9TR40)                                    0.093292  0.000014   2.205681 f
  U68/Y (AO22_X0P5M_A9TR40)                                     0.066767  0.175371   2.381052 f
  n95 (net)                                     1     0.001539            0.000000   2.381052 f
  target_medium_therm_q_reg[0]/D (DFFRPQ_X1M_A9TR40)            0.066767  0.000027   2.381078 f
  data arrival time                                                                  2.381078

  clock cal_clk (rise edge)                                               2.500000   2.500000
  clock network delay (ideal)                                             0.000000   2.500000
  clock uncertainty                                                       -0.050000  2.450000
  target_medium_therm_q_reg[0]/CK (DFFRPQ_X1M_A9TR40)                     0.000000   2.450000 r
  library setup time                                                      -0.042262  2.407738
  data required time                                                                 2.407738
  ----------------------------------------------------------------------------------------------
  data required time                                                                 2.407738
  data arrival time                                                                  -2.381078
  ----------------------------------------------------------------------------------------------
  slack (MET)                                                                        0.026660


  Startpoint: margin_sel_i[1]
              (input port clocked by cal_clk)
  Endpoint: target_medium_therm_q_reg[6]
            (rising edge-triggered flip-flop clocked by cal_clk)
  Path Group: cal_clk
  Path Type: max

  Des/Clust/Port     Wire Load Model       Library
  ------------------------------------------------
  ftc_detection_margin_manager
                     Small                 sc9mc_logic0040ll_base_rvt_c40_ss_typical_max_0p99v_125c

  Point                                       Fanout       Cap     Trans      Incr       Path
  ----------------------------------------------------------------------------------------------
  clock cal_clk (rise edge)                                               0.000000   0.000000
  clock network delay (ideal)                                             0.000000   0.000000
  input external delay                                                    0.500000   0.500000 f
  margin_sel_i[1] (in)                                          0.000000  0.000000   0.500000 f
  margin_sel_i[1] (net)                         5     0.007288            0.000000   0.500000 f
  u_exact_mapper/margin_sel_i[1] (ftc_detection_margin_mapper)            0.000000   0.500000 f
  u_exact_mapper/margin_sel_i[1] (net)                0.007288            0.000000   0.500000 f
  u_exact_mapper/U15/A (NOR2_X2A_A9TR40)                        0.000000  0.000023   0.500023 f
  u_exact_mapper/U15/Y (NOR2_X2A_A9TR40)                        0.140056  0.084422   0.584445 r
  u_exact_mapper/n26 (net)                      4     0.005291            0.000000   0.584445 r
  u_exact_mapper/U11/B (NAND3_X1M_A9TR40)                       0.140056  0.000017   0.584462 r
  u_exact_mapper/U11/Y (NAND3_X1M_A9TR40)                       0.105809  0.117497   0.701959 f
  u_exact_mapper/n19 (net)                      2     0.002663            0.000000   0.701959 f
  u_exact_mapper/U10/B (NAND2_X1A_A9TR40)                       0.105809  0.000020   0.701980 f
  u_exact_mapper/U10/Y (NAND2_X1A_A9TR40)                       0.108649  0.097643   0.799623 r
  u_exact_mapper/m_det_o[3]_snps (net)          3     0.003730            0.000000   0.799623 r
  u_exact_mapper/U38/AN (NAND2B_X1M_A9TR40)                     0.108649  0.000017   0.799640 r
  u_exact_mapper/U38/Y (NAND2B_X1M_A9TR40)                      0.127347  0.140179   0.939818 r
  u_exact_mapper/target_medium_therm_o[6]_snps (net)
                                                3     0.003752            0.000000   0.939818 r
  u_exact_mapper/U40/AN (NAND2B_X1M_A9TR40)                     0.127347  0.000017   0.939835 r
  u_exact_mapper/U40/Y (NAND2B_X1M_A9TR40)                      0.088074  0.135782   1.075618 r
  u_exact_mapper/target_medium_therm_o[4] (net)
                                                2     0.002678            0.000000   1.075618 r
  u_exact_mapper/U9/AN (NAND3B_X2M_A9TR40)                      0.088074  0.000020   1.075637 r
  u_exact_mapper/U9/Y (NAND3B_X2M_A9TR40)                       0.092041  0.109983   1.185620 r
  u_exact_mapper/target_medium_therm_o[3] (net)
                                                2     0.002755            0.000000   1.185620 r
  u_exact_mapper/U39/A (INV_X1M_A9TR40)                         0.092041  0.000021   1.185641 r
  u_exact_mapper/U39/Y (INV_X1M_A9TR40)                         0.060643  0.066249   1.251890 f
  u_exact_mapper/n4 (net)                       2     0.003397            0.000000   1.251890 f
  u_exact_mapper/U3/B (NAND2_X2A_A9TR40)                        0.060643  0.000031   1.251922 f
  u_exact_mapper/U3/Y (NAND2_X2A_A9TR40)                        0.076469  0.051822   1.303743 r
  u_exact_mapper/target_medium_therm_o[2] (net)
                                                2     0.002673            0.000000   1.303743 r
  u_exact_mapper/U16/AN (NAND3BB_X1M_A9TR40)                    0.076469  0.000020   1.303763 r
  u_exact_mapper/U16/Y (NAND3BB_X1M_A9TR40)                     0.177340  0.165037   1.468800 r
  u_exact_mapper/mapping_supported_o (net)      5     0.006760            0.000000   1.468800 r
  u_exact_mapper/mapping_supported_o (ftc_detection_margin_mapper)        0.000000   1.468800 r
  mapper_mapping_supported (net)                      0.006760            0.000000   1.468800 r
  U151/A (NAND2_X2A_A9TR40)                                     0.177340  0.000024   1.468824 r
  U151/Y (NAND2_X2A_A9TR40)                                     0.071609  0.079464   1.548287 f
  n38 (net)                                     2     0.002770            0.000000   1.548287 f
  U157/A (INV_X1M_A9TR40)                                       0.071609  0.000021   1.548308 f
  U157/Y (INV_X1M_A9TR40)                                       0.081496  0.070956   1.619264 r
  n137 (net)                                    2     0.002787            0.000000   1.619264 r
  U153/A (NAND2_X1M_A9TR40)                                     0.081496  0.000021   1.619285 r
  U153/Y (NAND2_X1M_A9TR40)                                     0.082906  0.068508   1.687793 f
  n44 (net)                                     2     0.002659            0.000000   1.687793 f
  U154/A (NOR2_X0P7B_A9TR40)                                    0.082906  0.000019   1.687812 f
  U154/Y (NOR2_X0P7B_A9TR40)                                    0.152263  0.115691   1.803502 r
  n42 (net)                                     2     0.002695            0.000000   1.803502 r
  U168/C (NAND3BB_X1M_A9TR40)                                   0.152263  0.000021   1.803523 r
  U168/Y (NAND3BB_X1M_A9TR40)                                   0.081266  0.101753   1.905276 f
  n21 (net)                                     1     0.002728            0.000000   1.905276 f
  U140/A (INV_X3P5B_A9TR40)                                     0.081266  0.000047   1.905323 f
  U140/Y (INV_X3P5B_A9TR40)                                     0.054964  0.054273   1.959595 r
  n163 (net)                                    5     0.006586            0.000000   1.959595 r
  U135/A (BUF_X1P2M_A9TR40)                                     0.054964  0.000016   1.959611 r
  U135/Y (BUF_X1P2M_A9TR40)                                     0.142504  0.141608   2.101219 r
  n136 (net)                                    6     0.008454            0.000000   2.101219 r
  U145/A (INV_X3M_A9TR40)                                       0.142504  0.000031   2.101250 r
  U145/Y (INV_X3M_A9TR40)                                       0.093292  0.104417   2.205667 f
  n155 (net)                                   16     0.018659            0.000000   2.205667 f
  U74/A0 (AO22_X0P5M_A9TR40)                                    0.093292  0.000014   2.205681 f
  U74/Y (AO22_X0P5M_A9TR40)                                     0.066759  0.175371   2.381052 f
  n101 (net)                                    1     0.001539            0.000000   2.381052 f
  target_medium_therm_q_reg[6]/D (DFFRPQ_X1M_A9TR40)            0.066759  0.000027   2.381078 f
  data arrival time                                                                  2.381078

  clock cal_clk (rise edge)                                               2.500000   2.500000
  clock network delay (ideal)                                             0.000000   2.500000
  clock uncertainty                                                       -0.050000  2.450000
  target_medium_therm_q_reg[6]/CK (DFFRPQ_X1M_A9TR40)                     0.000000   2.450000 r
  library setup time                                                      -0.042259  2.407741
  data required time                                                                 2.407741
  ----------------------------------------------------------------------------------------------
  data required time                                                                 2.407741
  data arrival time                                                                  -2.381078
  ----------------------------------------------------------------------------------------------
  slack (MET)                                                                        0.026662


  Startpoint: margin_sel_i[1]
              (input port clocked by cal_clk)
  Endpoint: target_medium_therm_q_reg[2]
            (rising edge-triggered flip-flop clocked by cal_clk)
  Path Group: cal_clk
  Path Type: max

  Des/Clust/Port     Wire Load Model       Library
  ------------------------------------------------
  ftc_detection_margin_manager
                     Small                 sc9mc_logic0040ll_base_rvt_c40_ss_typical_max_0p99v_125c

  Point                                       Fanout       Cap     Trans      Incr       Path
  ----------------------------------------------------------------------------------------------
  clock cal_clk (rise edge)                                               0.000000   0.000000
  clock network delay (ideal)                                             0.000000   0.000000
  input external delay                                                    0.500000   0.500000 f
  margin_sel_i[1] (in)                                          0.000000  0.000000   0.500000 f
  margin_sel_i[1] (net)                         5     0.007288            0.000000   0.500000 f
  u_exact_mapper/margin_sel_i[1] (ftc_detection_margin_mapper)            0.000000   0.500000 f
  u_exact_mapper/margin_sel_i[1] (net)                0.007288            0.000000   0.500000 f
  u_exact_mapper/U15/A (NOR2_X2A_A9TR40)                        0.000000  0.000023   0.500023 f
  u_exact_mapper/U15/Y (NOR2_X2A_A9TR40)                        0.140056  0.084422   0.584445 r
  u_exact_mapper/n26 (net)                      4     0.005291            0.000000   0.584445 r
  u_exact_mapper/U11/B (NAND3_X1M_A9TR40)                       0.140056  0.000017   0.584462 r
  u_exact_mapper/U11/Y (NAND3_X1M_A9TR40)                       0.105809  0.117497   0.701959 f
  u_exact_mapper/n19 (net)                      2     0.002663            0.000000   0.701959 f
  u_exact_mapper/U10/B (NAND2_X1A_A9TR40)                       0.105809  0.000020   0.701980 f
  u_exact_mapper/U10/Y (NAND2_X1A_A9TR40)                       0.108649  0.097643   0.799623 r
  u_exact_mapper/m_det_o[3]_snps (net)          3     0.003730            0.000000   0.799623 r
  u_exact_mapper/U38/AN (NAND2B_X1M_A9TR40)                     0.108649  0.000017   0.799640 r
  u_exact_mapper/U38/Y (NAND2B_X1M_A9TR40)                      0.127347  0.140179   0.939818 r
  u_exact_mapper/target_medium_therm_o[6]_snps (net)
                                                3     0.003752            0.000000   0.939818 r
  u_exact_mapper/U40/AN (NAND2B_X1M_A9TR40)                     0.127347  0.000017   0.939835 r
  u_exact_mapper/U40/Y (NAND2B_X1M_A9TR40)                      0.088074  0.135782   1.075618 r
  u_exact_mapper/target_medium_therm_o[4] (net)
                                                2     0.002678            0.000000   1.075618 r
  u_exact_mapper/U9/AN (NAND3B_X2M_A9TR40)                      0.088074  0.000020   1.075637 r
  u_exact_mapper/U9/Y (NAND3B_X2M_A9TR40)                       0.092041  0.109983   1.185620 r
  u_exact_mapper/target_medium_therm_o[3] (net)
                                                2     0.002755            0.000000   1.185620 r
  u_exact_mapper/U39/A (INV_X1M_A9TR40)                         0.092041  0.000021   1.185641 r
  u_exact_mapper/U39/Y (INV_X1M_A9TR40)                         0.060643  0.066249   1.251890 f
  u_exact_mapper/n4 (net)                       2     0.003397            0.000000   1.251890 f
  u_exact_mapper/U3/B (NAND2_X2A_A9TR40)                        0.060643  0.000031   1.251922 f
  u_exact_mapper/U3/Y (NAND2_X2A_A9TR40)                        0.076469  0.051822   1.303743 r
  u_exact_mapper/target_medium_therm_o[2] (net)
                                                2     0.002673            0.000000   1.303743 r
  u_exact_mapper/U16/AN (NAND3BB_X1M_A9TR40)                    0.076469  0.000020   1.303763 r
  u_exact_mapper/U16/Y (NAND3BB_X1M_A9TR40)                     0.177340  0.165037   1.468800 r
  u_exact_mapper/mapping_supported_o (net)      5     0.006760            0.000000   1.468800 r
  u_exact_mapper/mapping_supported_o (ftc_detection_margin_mapper)        0.000000   1.468800 r
  mapper_mapping_supported (net)                      0.006760            0.000000   1.468800 r
  U151/A (NAND2_X2A_A9TR40)                                     0.177340  0.000024   1.468824 r
  U151/Y (NAND2_X2A_A9TR40)                                     0.071609  0.079464   1.548287 f
  n38 (net)                                     2     0.002770            0.000000   1.548287 f
  U157/A (INV_X1M_A9TR40)                                       0.071609  0.000021   1.548308 f
  U157/Y (INV_X1M_A9TR40)                                       0.081496  0.070956   1.619264 r
  n137 (net)                                    2     0.002787            0.000000   1.619264 r
  U153/A (NAND2_X1M_A9TR40)                                     0.081496  0.000021   1.619285 r
  U153/Y (NAND2_X1M_A9TR40)                                     0.082906  0.068508   1.687793 f
  n44 (net)                                     2     0.002659            0.000000   1.687793 f
  U154/A (NOR2_X0P7B_A9TR40)                                    0.082906  0.000019   1.687812 f
  U154/Y (NOR2_X0P7B_A9TR40)                                    0.152263  0.115691   1.803502 r
  n42 (net)                                     2     0.002695            0.000000   1.803502 r
  U168/C (NAND3BB_X1M_A9TR40)                                   0.152263  0.000021   1.803523 r
  U168/Y (NAND3BB_X1M_A9TR40)                                   0.081266  0.101753   1.905276 f
  n21 (net)                                     1     0.002728            0.000000   1.905276 f
  U140/A (INV_X3P5B_A9TR40)                                     0.081266  0.000047   1.905323 f
  U140/Y (INV_X3P5B_A9TR40)                                     0.054964  0.054273   1.959595 r
  n163 (net)                                    5     0.006586            0.000000   1.959595 r
  U135/A (BUF_X1P2M_A9TR40)                                     0.054964  0.000016   1.959611 r
  U135/Y (BUF_X1P2M_A9TR40)                                     0.142504  0.141608   2.101219 r
  n136 (net)                                    6     0.008454            0.000000   2.101219 r
  U145/A (INV_X3M_A9TR40)                                       0.142504  0.000031   2.101250 r
  U145/Y (INV_X3M_A9TR40)                                       0.093292  0.104417   2.205667 f
  n155 (net)                                   16     0.018659            0.000000   2.205667 f
  U70/A0 (AO22_X0P5M_A9TR40)                                    0.093292  0.000014   2.205681 f
  U70/Y (AO22_X0P5M_A9TR40)                                     0.066759  0.175371   2.381052 f
  n97 (net)                                     1     0.001539            0.000000   2.381052 f
  target_medium_therm_q_reg[2]/D (DFFRPQ_X1M_A9TR40)            0.066759  0.000027   2.381078 f
  data arrival time                                                                  2.381078

  clock cal_clk (rise edge)                                               2.500000   2.500000
  clock network delay (ideal)                                             0.000000   2.500000
  clock uncertainty                                                       -0.050000  2.450000
  target_medium_therm_q_reg[2]/CK (DFFRPQ_X1M_A9TR40)                     0.000000   2.450000 r
  library setup time                                                      -0.042259  2.407741
  data required time                                                                 2.407741
  ----------------------------------------------------------------------------------------------
  data required time                                                                 2.407741
  data arrival time                                                                  -2.381078
  ----------------------------------------------------------------------------------------------
  slack (MET)                                                                        0.026662


  Startpoint: margin_sel_i[1]
              (input port clocked by cal_clk)
  Endpoint: target_fine_therm_q_reg[5]
            (rising edge-triggered flip-flop clocked by cal_clk)
  Path Group: cal_clk
  Path Type: max

  Des/Clust/Port     Wire Load Model       Library
  ------------------------------------------------
  ftc_detection_margin_manager
                     Small                 sc9mc_logic0040ll_base_rvt_c40_ss_typical_max_0p99v_125c

  Point                                       Fanout       Cap     Trans      Incr       Path
  ----------------------------------------------------------------------------------------------
  clock cal_clk (rise edge)                                               0.000000   0.000000
  clock network delay (ideal)                                             0.000000   0.000000
  input external delay                                                    0.500000   0.500000 f
  margin_sel_i[1] (in)                                          0.000000  0.000000   0.500000 f
  margin_sel_i[1] (net)                         5     0.007288            0.000000   0.500000 f
  u_exact_mapper/margin_sel_i[1] (ftc_detection_margin_mapper)            0.000000   0.500000 f
  u_exact_mapper/margin_sel_i[1] (net)                0.007288            0.000000   0.500000 f
  u_exact_mapper/U15/A (NOR2_X2A_A9TR40)                        0.000000  0.000023   0.500023 f
  u_exact_mapper/U15/Y (NOR2_X2A_A9TR40)                        0.140056  0.084422   0.584445 r
  u_exact_mapper/n26 (net)                      4     0.005291            0.000000   0.584445 r
  u_exact_mapper/U11/B (NAND3_X1M_A9TR40)                       0.140056  0.000017   0.584462 r
  u_exact_mapper/U11/Y (NAND3_X1M_A9TR40)                       0.105809  0.117497   0.701959 f
  u_exact_mapper/n19 (net)                      2     0.002663            0.000000   0.701959 f
  u_exact_mapper/U10/B (NAND2_X1A_A9TR40)                       0.105809  0.000020   0.701980 f
  u_exact_mapper/U10/Y (NAND2_X1A_A9TR40)                       0.108649  0.097643   0.799623 r
  u_exact_mapper/m_det_o[3]_snps (net)          3     0.003730            0.000000   0.799623 r
  u_exact_mapper/U38/AN (NAND2B_X1M_A9TR40)                     0.108649  0.000017   0.799640 r
  u_exact_mapper/U38/Y (NAND2B_X1M_A9TR40)                      0.127347  0.140179   0.939818 r
  u_exact_mapper/target_medium_therm_o[6]_snps (net)
                                                3     0.003752            0.000000   0.939818 r
  u_exact_mapper/U40/AN (NAND2B_X1M_A9TR40)                     0.127347  0.000017   0.939835 r
  u_exact_mapper/U40/Y (NAND2B_X1M_A9TR40)                      0.088074  0.135782   1.075618 r
  u_exact_mapper/target_medium_therm_o[4] (net)
                                                2     0.002678            0.000000   1.075618 r
  u_exact_mapper/U9/AN (NAND3B_X2M_A9TR40)                      0.088074  0.000020   1.075637 r
  u_exact_mapper/U9/Y (NAND3B_X2M_A9TR40)                       0.092041  0.109983   1.185620 r
  u_exact_mapper/target_medium_therm_o[3] (net)
                                                2     0.002755            0.000000   1.185620 r
  u_exact_mapper/U39/A (INV_X1M_A9TR40)                         0.092041  0.000021   1.185641 r
  u_exact_mapper/U39/Y (INV_X1M_A9TR40)                         0.060643  0.066249   1.251890 f
  u_exact_mapper/n4 (net)                       2     0.003397            0.000000   1.251890 f
  u_exact_mapper/U3/B (NAND2_X2A_A9TR40)                        0.060643  0.000031   1.251922 f
  u_exact_mapper/U3/Y (NAND2_X2A_A9TR40)                        0.076469  0.051822   1.303743 r
  u_exact_mapper/target_medium_therm_o[2] (net)
                                                2     0.002673            0.000000   1.303743 r
  u_exact_mapper/U16/AN (NAND3BB_X1M_A9TR40)                    0.076469  0.000020   1.303763 r
  u_exact_mapper/U16/Y (NAND3BB_X1M_A9TR40)                     0.177340  0.165037   1.468800 r
  u_exact_mapper/mapping_supported_o (net)      5     0.006760            0.000000   1.468800 r
  u_exact_mapper/mapping_supported_o (ftc_detection_margin_mapper)        0.000000   1.468800 r
  mapper_mapping_supported (net)                      0.006760            0.000000   1.468800 r
  U151/A (NAND2_X2A_A9TR40)                                     0.177340  0.000024   1.468824 r
  U151/Y (NAND2_X2A_A9TR40)                                     0.071609  0.079464   1.548287 f
  n38 (net)                                     2     0.002770            0.000000   1.548287 f
  U157/A (INV_X1M_A9TR40)                                       0.071609  0.000021   1.548308 f
  U157/Y (INV_X1M_A9TR40)                                       0.081496  0.070956   1.619264 r
  n137 (net)                                    2     0.002787            0.000000   1.619264 r
  U153/A (NAND2_X1M_A9TR40)                                     0.081496  0.000021   1.619285 r
  U153/Y (NAND2_X1M_A9TR40)                                     0.082906  0.068508   1.687793 f
  n44 (net)                                     2     0.002659            0.000000   1.687793 f
  U154/A (NOR2_X0P7B_A9TR40)                                    0.082906  0.000019   1.687812 f
  U154/Y (NOR2_X0P7B_A9TR40)                                    0.152263  0.115691   1.803502 r
  n42 (net)                                     2     0.002695            0.000000   1.803502 r
  U168/C (NAND3BB_X1M_A9TR40)                                   0.152263  0.000021   1.803523 r
  U168/Y (NAND3BB_X1M_A9TR40)                                   0.081266  0.101753   1.905276 f
  n21 (net)                                     1     0.002728            0.000000   1.905276 f
  U140/A (INV_X3P5B_A9TR40)                                     0.081266  0.000047   1.905323 f
  U140/Y (INV_X3P5B_A9TR40)                                     0.054964  0.054273   1.959595 r
  n163 (net)                                    5     0.006586            0.000000   1.959595 r
  U156/A (BUFH_X1M_A9TR40)                                      0.054964  0.000017   1.959613 r
  U156/Y (BUFH_X1M_A9TR40)                                      0.050867  0.076323   2.035936 r
  n157 (net)                                    1     0.001602            0.000000   2.035936 r
  U182/A (BUFH_X1M_A9TR40)                                      0.050867  0.000028   2.035964 r
  U182/Y (BUFH_X1M_A9TR40)                                      0.161676  0.132216   2.168180 r
  n161 (net)                                    6     0.007067            0.000000   2.168180 r
  U52/B1 (AO22_X0P5M_A9TR40)                                    0.161676  0.000015   2.168195 r
  U52/Y (AO22_X0P5M_A9TR40)                                     0.092612  0.183179   2.351374 r
  n86 (net)                                     1     0.001574            0.000000   2.351374 r
  target_fine_therm_q_reg[5]/D (DFFSQ_X1M_A9TR40)               0.092612  0.000027   2.351401 r
  data arrival time                                                                  2.351401

  clock cal_clk (rise edge)                                               2.500000   2.500000
  clock network delay (ideal)                                             0.000000   2.500000
  clock uncertainty                                                       -0.050000  2.450000
  target_fine_therm_q_reg[5]/CK (DFFSQ_X1M_A9TR40)                        0.000000   2.450000 r
  library setup time                                                      -0.068339  2.381661
  data required time                                                                 2.381661
  ----------------------------------------------------------------------------------------------
  data required time                                                                 2.381661
  data arrival time                                                                  -2.351401
  ----------------------------------------------------------------------------------------------
  slack (MET)                                                                        0.030260


  Startpoint: margin_sel_i[1]
              (input port clocked by cal_clk)
  Endpoint: target_fine_therm_q_reg[3]
            (rising edge-triggered flip-flop clocked by cal_clk)
  Path Group: cal_clk
  Path Type: max

  Des/Clust/Port     Wire Load Model       Library
  ------------------------------------------------
  ftc_detection_margin_manager
                     Small                 sc9mc_logic0040ll_base_rvt_c40_ss_typical_max_0p99v_125c

  Point                                       Fanout       Cap     Trans      Incr       Path
  ----------------------------------------------------------------------------------------------
  clock cal_clk (rise edge)                                               0.000000   0.000000
  clock network delay (ideal)                                             0.000000   0.000000
  input external delay                                                    0.500000   0.500000 f
  margin_sel_i[1] (in)                                          0.000000  0.000000   0.500000 f
  margin_sel_i[1] (net)                         5     0.007288            0.000000   0.500000 f
  u_exact_mapper/margin_sel_i[1] (ftc_detection_margin_mapper)            0.000000   0.500000 f
  u_exact_mapper/margin_sel_i[1] (net)                0.007288            0.000000   0.500000 f
  u_exact_mapper/U15/A (NOR2_X2A_A9TR40)                        0.000000  0.000023   0.500023 f
  u_exact_mapper/U15/Y (NOR2_X2A_A9TR40)                        0.140056  0.084422   0.584445 r
  u_exact_mapper/n26 (net)                      4     0.005291            0.000000   0.584445 r
  u_exact_mapper/U11/B (NAND3_X1M_A9TR40)                       0.140056  0.000017   0.584462 r
  u_exact_mapper/U11/Y (NAND3_X1M_A9TR40)                       0.105809  0.117497   0.701959 f
  u_exact_mapper/n19 (net)                      2     0.002663            0.000000   0.701959 f
  u_exact_mapper/U10/B (NAND2_X1A_A9TR40)                       0.105809  0.000020   0.701980 f
  u_exact_mapper/U10/Y (NAND2_X1A_A9TR40)                       0.108649  0.097643   0.799623 r
  u_exact_mapper/m_det_o[3]_snps (net)          3     0.003730            0.000000   0.799623 r
  u_exact_mapper/U38/AN (NAND2B_X1M_A9TR40)                     0.108649  0.000017   0.799640 r
  u_exact_mapper/U38/Y (NAND2B_X1M_A9TR40)                      0.127347  0.140179   0.939818 r
  u_exact_mapper/target_medium_therm_o[6]_snps (net)
                                                3     0.003752            0.000000   0.939818 r
  u_exact_mapper/U40/AN (NAND2B_X1M_A9TR40)                     0.127347  0.000017   0.939835 r
  u_exact_mapper/U40/Y (NAND2B_X1M_A9TR40)                      0.088074  0.135782   1.075618 r
  u_exact_mapper/target_medium_therm_o[4] (net)
                                                2     0.002678            0.000000   1.075618 r
  u_exact_mapper/U9/AN (NAND3B_X2M_A9TR40)                      0.088074  0.000020   1.075637 r
  u_exact_mapper/U9/Y (NAND3B_X2M_A9TR40)                       0.092041  0.109983   1.185620 r
  u_exact_mapper/target_medium_therm_o[3] (net)
                                                2     0.002755            0.000000   1.185620 r
  u_exact_mapper/U39/A (INV_X1M_A9TR40)                         0.092041  0.000021   1.185641 r
  u_exact_mapper/U39/Y (INV_X1M_A9TR40)                         0.060643  0.066249   1.251890 f
  u_exact_mapper/n4 (net)                       2     0.003397            0.000000   1.251890 f
  u_exact_mapper/U3/B (NAND2_X2A_A9TR40)                        0.060643  0.000031   1.251922 f
  u_exact_mapper/U3/Y (NAND2_X2A_A9TR40)                        0.076469  0.051822   1.303743 r
  u_exact_mapper/target_medium_therm_o[2] (net)
                                                2     0.002673            0.000000   1.303743 r
  u_exact_mapper/U16/AN (NAND3BB_X1M_A9TR40)                    0.076469  0.000020   1.303763 r
  u_exact_mapper/U16/Y (NAND3BB_X1M_A9TR40)                     0.177340  0.165037   1.468800 r
  u_exact_mapper/mapping_supported_o (net)      5     0.006760            0.000000   1.468800 r
  u_exact_mapper/mapping_supported_o (ftc_detection_margin_mapper)        0.000000   1.468800 r
  mapper_mapping_supported (net)                      0.006760            0.000000   1.468800 r
  U151/A (NAND2_X2A_A9TR40)                                     0.177340  0.000024   1.468824 r
  U151/Y (NAND2_X2A_A9TR40)                                     0.071609  0.079464   1.548287 f
  n38 (net)                                     2     0.002770            0.000000   1.548287 f
  U157/A (INV_X1M_A9TR40)                                       0.071609  0.000021   1.548308 f
  U157/Y (INV_X1M_A9TR40)                                       0.081496  0.070956   1.619264 r
  n137 (net)                                    2     0.002787            0.000000   1.619264 r
  U153/A (NAND2_X1M_A9TR40)                                     0.081496  0.000021   1.619285 r
  U153/Y (NAND2_X1M_A9TR40)                                     0.082906  0.068508   1.687793 f
  n44 (net)                                     2     0.002659            0.000000   1.687793 f
  U154/A (NOR2_X0P7B_A9TR40)                                    0.082906  0.000019   1.687812 f
  U154/Y (NOR2_X0P7B_A9TR40)                                    0.152263  0.115691   1.803502 r
  n42 (net)                                     2     0.002695            0.000000   1.803502 r
  U168/C (NAND3BB_X1M_A9TR40)                                   0.152263  0.000021   1.803523 r
  U168/Y (NAND3BB_X1M_A9TR40)                                   0.081266  0.101753   1.905276 f
  n21 (net)                                     1     0.002728            0.000000   1.905276 f
  U140/A (INV_X3P5B_A9TR40)                                     0.081266  0.000047   1.905323 f
  U140/Y (INV_X3P5B_A9TR40)                                     0.054964  0.054273   1.959595 r
  n163 (net)                                    5     0.006586            0.000000   1.959595 r
  U155/A (BUF_X1M_A9TR40)                                       0.054964  0.000016   1.959611 r
  U155/Y (BUF_X1M_A9TR40)                                       0.053319  0.089020   2.048631 r
  n162 (net)                                    1     0.001602            0.000000   2.048631 r
  U164/A (BUFH_X1M_A9TR40)                                      0.053319  0.000028   2.048659 r
  U164/Y (BUFH_X1M_A9TR40)                                      0.141520  0.122741   2.171401 r
  n158 (net)                                    5     0.006075            0.000000   2.171401 r
  U46/B1 (AO22_X0P5M_A9TR40)                                    0.141520  0.000015   2.171416 r
  U46/Y (AO22_X0P5M_A9TR40)                                     0.093159  0.175292   2.346709 r
  n82 (net)                                     1     0.001574            0.000000   2.346709 r
  target_fine_therm_q_reg[3]/D (DFFSQ_X1M_A9TR40)               0.093159  0.000027   2.346736 r
  data arrival time                                                                  2.346736

  clock cal_clk (rise edge)                                               2.500000   2.500000
  clock network delay (ideal)                                             0.000000   2.500000
  clock uncertainty                                                       -0.050000  2.450000
  target_fine_therm_q_reg[3]/CK (DFFSQ_X1M_A9TR40)                        0.000000   2.450000 r
  library setup time                                                      -0.068499  2.381501
  data required time                                                                 2.381501
  ----------------------------------------------------------------------------------------------
  data required time                                                                 2.381501
  data arrival time                                                                  -2.346736
  ----------------------------------------------------------------------------------------------
  slack (MET)                                                                        0.034765


  Startpoint: margin_sel_i[1]
              (input port clocked by cal_clk)
  Endpoint: target_fine_therm_q_reg[7]
            (rising edge-triggered flip-flop clocked by cal_clk)
  Path Group: cal_clk
  Path Type: max

  Des/Clust/Port     Wire Load Model       Library
  ------------------------------------------------
  ftc_detection_margin_manager
                     Small                 sc9mc_logic0040ll_base_rvt_c40_ss_typical_max_0p99v_125c

  Point                                       Fanout       Cap     Trans      Incr       Path
  ----------------------------------------------------------------------------------------------
  clock cal_clk (rise edge)                                               0.000000   0.000000
  clock network delay (ideal)                                             0.000000   0.000000
  input external delay                                                    0.500000   0.500000 f
  margin_sel_i[1] (in)                                          0.000000  0.000000   0.500000 f
  margin_sel_i[1] (net)                         5     0.007288            0.000000   0.500000 f
  u_exact_mapper/margin_sel_i[1] (ftc_detection_margin_mapper)            0.000000   0.500000 f
  u_exact_mapper/margin_sel_i[1] (net)                0.007288            0.000000   0.500000 f
  u_exact_mapper/U15/A (NOR2_X2A_A9TR40)                        0.000000  0.000023   0.500023 f
  u_exact_mapper/U15/Y (NOR2_X2A_A9TR40)                        0.140056  0.084422   0.584445 r
  u_exact_mapper/n26 (net)                      4     0.005291            0.000000   0.584445 r
  u_exact_mapper/U11/B (NAND3_X1M_A9TR40)                       0.140056  0.000017   0.584462 r
  u_exact_mapper/U11/Y (NAND3_X1M_A9TR40)                       0.105809  0.117497   0.701959 f
  u_exact_mapper/n19 (net)                      2     0.002663            0.000000   0.701959 f
  u_exact_mapper/U10/B (NAND2_X1A_A9TR40)                       0.105809  0.000020   0.701980 f
  u_exact_mapper/U10/Y (NAND2_X1A_A9TR40)                       0.108649  0.097643   0.799623 r
  u_exact_mapper/m_det_o[3]_snps (net)          3     0.003730            0.000000   0.799623 r
  u_exact_mapper/U38/AN (NAND2B_X1M_A9TR40)                     0.108649  0.000017   0.799640 r
  u_exact_mapper/U38/Y (NAND2B_X1M_A9TR40)                      0.127347  0.140179   0.939818 r
  u_exact_mapper/target_medium_therm_o[6]_snps (net)
                                                3     0.003752            0.000000   0.939818 r
  u_exact_mapper/U40/AN (NAND2B_X1M_A9TR40)                     0.127347  0.000017   0.939835 r
  u_exact_mapper/U40/Y (NAND2B_X1M_A9TR40)                      0.088074  0.135782   1.075618 r
  u_exact_mapper/target_medium_therm_o[4] (net)
                                                2     0.002678            0.000000   1.075618 r
  u_exact_mapper/U9/AN (NAND3B_X2M_A9TR40)                      0.088074  0.000020   1.075637 r
  u_exact_mapper/U9/Y (NAND3B_X2M_A9TR40)                       0.092041  0.109983   1.185620 r
  u_exact_mapper/target_medium_therm_o[3] (net)
                                                2     0.002755            0.000000   1.185620 r
  u_exact_mapper/U39/A (INV_X1M_A9TR40)                         0.092041  0.000021   1.185641 r
  u_exact_mapper/U39/Y (INV_X1M_A9TR40)                         0.060643  0.066249   1.251890 f
  u_exact_mapper/n4 (net)                       2     0.003397            0.000000   1.251890 f
  u_exact_mapper/U3/B (NAND2_X2A_A9TR40)                        0.060643  0.000031   1.251922 f
  u_exact_mapper/U3/Y (NAND2_X2A_A9TR40)                        0.076469  0.051822   1.303743 r
  u_exact_mapper/target_medium_therm_o[2] (net)
                                                2     0.002673            0.000000   1.303743 r
  u_exact_mapper/U16/AN (NAND3BB_X1M_A9TR40)                    0.076469  0.000020   1.303763 r
  u_exact_mapper/U16/Y (NAND3BB_X1M_A9TR40)                     0.177340  0.165037   1.468800 r
  u_exact_mapper/mapping_supported_o (net)      5     0.006760            0.000000   1.468800 r
  u_exact_mapper/mapping_supported_o (ftc_detection_margin_mapper)        0.000000   1.468800 r
  mapper_mapping_supported (net)                      0.006760            0.000000   1.468800 r
  U151/A (NAND2_X2A_A9TR40)                                     0.177340  0.000024   1.468824 r
  U151/Y (NAND2_X2A_A9TR40)                                     0.071609  0.079464   1.548287 f
  n38 (net)                                     2     0.002770            0.000000   1.548287 f
  U157/A (INV_X1M_A9TR40)                                       0.071609  0.000021   1.548308 f
  U157/Y (INV_X1M_A9TR40)                                       0.081496  0.070956   1.619264 r
  n137 (net)                                    2     0.002787            0.000000   1.619264 r
  U153/A (NAND2_X1M_A9TR40)                                     0.081496  0.000021   1.619285 r
  U153/Y (NAND2_X1M_A9TR40)                                     0.082906  0.068508   1.687793 f
  n44 (net)                                     2     0.002659            0.000000   1.687793 f
  U154/A (NOR2_X0P7B_A9TR40)                                    0.082906  0.000019   1.687812 f
  U154/Y (NOR2_X0P7B_A9TR40)                                    0.152263  0.115691   1.803502 r
  n42 (net)                                     2     0.002695            0.000000   1.803502 r
  U168/C (NAND3BB_X1M_A9TR40)                                   0.152263  0.000021   1.803523 r
  U168/Y (NAND3BB_X1M_A9TR40)                                   0.081266  0.101753   1.905276 f
  n21 (net)                                     1     0.002728            0.000000   1.905276 f
  U140/A (INV_X3P5B_A9TR40)                                     0.081266  0.000047   1.905323 f
  U140/Y (INV_X3P5B_A9TR40)                                     0.054964  0.054273   1.959595 r
  n163 (net)                                    5     0.006586            0.000000   1.959595 r
  U155/A (BUF_X1M_A9TR40)                                       0.054964  0.000016   1.959611 r
  U155/Y (BUF_X1M_A9TR40)                                       0.053319  0.089020   2.048631 r
  n162 (net)                                    1     0.001602            0.000000   2.048631 r
  U164/A (BUFH_X1M_A9TR40)                                      0.053319  0.000028   2.048659 r
  U164/Y (BUFH_X1M_A9TR40)                                      0.141520  0.122741   2.171401 r
  n158 (net)                                    5     0.006075            0.000000   2.171401 r
  U58/B1 (AO22_X0P5M_A9TR40)                                    0.141520  0.000015   2.171416 r
  U58/Y (AO22_X0P5M_A9TR40)                                     0.092612  0.175292   2.346709 r
  n90 (net)                                     1     0.001574            0.000000   2.346709 r
  target_fine_therm_q_reg[7]/D (DFFSQ_X1M_A9TR40)               0.092612  0.000027   2.346736 r
  data arrival time                                                                  2.346736

  clock cal_clk (rise edge)                                               2.500000   2.500000
  clock network delay (ideal)                                             0.000000   2.500000
  clock uncertainty                                                       -0.050000  2.450000
  target_fine_therm_q_reg[7]/CK (DFFSQ_X1M_A9TR40)                        0.000000   2.450000 r
  library setup time                                                      -0.068339  2.381661
  data required time                                                                 2.381661
  ----------------------------------------------------------------------------------------------
  data required time                                                                 2.381661
  data arrival time                                                                  -2.346736
  ----------------------------------------------------------------------------------------------
  slack (MET)                                                                        0.034925


  Startpoint: margin_sel_i[1]
              (input port clocked by cal_clk)
  Endpoint: target_fine_therm_q_reg[2]
            (rising edge-triggered flip-flop clocked by cal_clk)
  Path Group: cal_clk
  Path Type: max

  Des/Clust/Port     Wire Load Model       Library
  ------------------------------------------------
  ftc_detection_margin_manager
                     Small                 sc9mc_logic0040ll_base_rvt_c40_ss_typical_max_0p99v_125c

  Point                                       Fanout       Cap     Trans      Incr       Path
  ----------------------------------------------------------------------------------------------
  clock cal_clk (rise edge)                                               0.000000   0.000000
  clock network delay (ideal)                                             0.000000   0.000000
  input external delay                                                    0.500000   0.500000 f
  margin_sel_i[1] (in)                                          0.000000  0.000000   0.500000 f
  margin_sel_i[1] (net)                         5     0.007288            0.000000   0.500000 f
  u_exact_mapper/margin_sel_i[1] (ftc_detection_margin_mapper)            0.000000   0.500000 f
  u_exact_mapper/margin_sel_i[1] (net)                0.007288            0.000000   0.500000 f
  u_exact_mapper/U4/A (INV_X2M_A9TR40)                          0.000000  0.000024   0.500024 f
  u_exact_mapper/U4/Y (INV_X2M_A9TR40)                          0.050583  0.029326   0.529350 r
  u_exact_mapper/n6 (net)                       3     0.004019            0.000000   0.529350 r
  u_exact_mapper/U14/A (NOR2_X0P7B_A9TR40)                      0.050583  0.000017   0.529367 r
  u_exact_mapper/U14/Y (NOR2_X0P7B_A9TR40)                      0.137198  0.099799   0.629166 f
  u_exact_mapper/n1 (net)                       3     0.003879            0.000000   0.629166 f
  u_exact_mapper/U48/C (NAND3_X1M_A9TR40)                       0.137198  0.000018   0.629184 f
  u_exact_mapper/U48/Y (NAND3_X1M_A9TR40)                       0.121586  0.122196   0.751380 r
  u_exact_mapper/n21 (net)                      2     0.002607            0.000000   0.751380 r
  u_exact_mapper/U8/B (AND2_X1M_A9TR40)                         0.121586  0.000019   0.751399 r
  u_exact_mapper/U8/Y (AND2_X1M_A9TR40)                         0.120520  0.166996   0.918395 r
  u_exact_mapper/n8 (net)                       4     0.004923            0.000000   0.918395 r
  u_exact_mapper/U40/B (NAND2B_X1M_A9TR40)                      0.120520  0.000018   0.918413 r
  u_exact_mapper/U40/Y (NAND2B_X1M_A9TR40)                      0.076402  0.089569   1.007982 f
  u_exact_mapper/target_medium_therm_o[4] (net)
                                                2     0.002660            0.000000   1.007982 f
  u_exact_mapper/U9/AN (NAND3B_X2M_A9TR40)                      0.076402  0.000020   1.008001 f
  u_exact_mapper/U9/Y (NAND3B_X2M_A9TR40)                       0.074539  0.121370   1.129371 f
  u_exact_mapper/target_medium_therm_o[3] (net)
                                                2     0.002722            0.000000   1.129371 f
  u_exact_mapper/U39/A (INV_X1M_A9TR40)                         0.074539  0.000021   1.129392 f
  u_exact_mapper/U39/Y (INV_X1M_A9TR40)                         0.096750  0.080296   1.209688 r
  u_exact_mapper/n4 (net)                       2     0.003527            0.000000   1.209688 r
  u_exact_mapper/U3/B (NAND2_X2A_A9TR40)                        0.096750  0.000033   1.209721 r
  u_exact_mapper/U3/Y (NAND2_X2A_A9TR40)                        0.079102  0.064403   1.274124 f
  u_exact_mapper/target_medium_therm_o[2] (net)
                                                2     0.002648            0.000000   1.274124 f
  u_exact_mapper/U16/AN (NAND3BB_X1M_A9TR40)                    0.079102  0.000019   1.274144 f
  u_exact_mapper/U16/Y (NAND3BB_X1M_A9TR40)                     0.146571  0.180088   1.454232 f
  u_exact_mapper/mapping_supported_o (net)      5     0.006742            0.000000   1.454232 f
  u_exact_mapper/mapping_supported_o (ftc_detection_margin_mapper)        0.000000   1.454232 f
  mapper_mapping_supported (net)                      0.006742            0.000000   1.454232 f
  U151/A (NAND2_X2A_A9TR40)                                     0.146571  0.000024   1.454256 f
  U151/Y (NAND2_X2A_A9TR40)                                     0.071978  0.073944   1.528200 r
  n38 (net)                                     2     0.002793            0.000000   1.528200 r
  U157/A (INV_X1M_A9TR40)                                       0.071978  0.000021   1.528221 r
  U157/Y (INV_X1M_A9TR40)                                       0.049106  0.054095   1.582316 f
  n137 (net)                                    2     0.002723            0.000000   1.582316 f
  U153/A (NAND2_X1M_A9TR40)                                     0.049106  0.000021   1.582336 f
  U153/Y (NAND2_X1M_A9TR40)                                     0.104671  0.064974   1.647310 r
  n44 (net)                                     2     0.002673            0.000000   1.647310 r
  U154/A (NOR2_X0P7B_A9TR40)                                    0.104671  0.000019   1.647329 r
  U154/Y (NOR2_X0P7B_A9TR40)                                    0.101529  0.102350   1.749679 f
  n42 (net)                                     2     0.002601            0.000000   1.749679 f
  U168/C (NAND3BB_X1M_A9TR40)                                   0.101529  0.000020   1.749699 f
  U168/Y (NAND3BB_X1M_A9TR40)                                   0.094724  0.086918   1.836617 r
  n21 (net)                                     1     0.002766            0.000000   1.836617 r
  U140/A (INV_X3P5B_A9TR40)                                     0.094724  0.000048   1.836665 r
  U140/Y (INV_X3P5B_A9TR40)                                     0.049558  0.058906   1.895571 f
  n163 (net)                                    5     0.006508            0.000000   1.895571 f
  U139/A (BUF_X2M_A9TR40)                                       0.049558  0.000017   1.895588 f
  U139/Y (BUF_X2M_A9TR40)                                       0.071712  0.114233   2.009821 f
  n159 (net)                                    7     0.008978            0.000000   2.009821 f
  U196/A (INV_X2M_A9TR40)                                       0.071712  0.000023   2.009844 f
  U196/Y (INV_X2M_A9TR40)                                       0.191656  0.131055   2.140899 r
  n154 (net)                                   15     0.017759            0.000000   2.140899 r
  U43/A0 (AO22_X0P5M_A9TR40)                                    0.191656  0.000014   2.140913 r
  U43/Y (AO22_X0P5M_A9TR40)                                     0.093159  0.205176   2.346089 r
  n80 (net)                                     1     0.001574            0.000000   2.346089 r
  target_fine_therm_q_reg[2]/D (DFFSQ_X1M_A9TR40)               0.093159  0.000027   2.346116 r
  data arrival time                                                                  2.346116

  clock cal_clk (rise edge)                                               2.500000   2.500000
  clock network delay (ideal)                                             0.000000   2.500000
  clock uncertainty                                                       -0.050000  2.450000
  target_fine_therm_q_reg[2]/CK (DFFSQ_X1M_A9TR40)                        0.000000   2.450000 r
  library setup time                                                      -0.068499  2.381501
  data required time                                                                 2.381501
  ----------------------------------------------------------------------------------------------
  data required time                                                                 2.381501
  data arrival time                                                                  -2.346116
  ----------------------------------------------------------------------------------------------
  slack (MET)                                                                        0.035385


  Startpoint: margin_sel_i[1]
              (input port clocked by cal_clk)
  Endpoint: target_fine_therm_q_reg[1]
            (rising edge-triggered flip-flop clocked by cal_clk)
  Path Group: cal_clk
  Path Type: max

  Des/Clust/Port     Wire Load Model       Library
  ------------------------------------------------
  ftc_detection_margin_manager
                     Small                 sc9mc_logic0040ll_base_rvt_c40_ss_typical_max_0p99v_125c

  Point                                       Fanout       Cap     Trans      Incr       Path
  ----------------------------------------------------------------------------------------------
  clock cal_clk (rise edge)                                               0.000000   0.000000
  clock network delay (ideal)                                             0.000000   0.000000
  input external delay                                                    0.500000   0.500000 f
  margin_sel_i[1] (in)                                          0.000000  0.000000   0.500000 f
  margin_sel_i[1] (net)                         5     0.007288            0.000000   0.500000 f
  u_exact_mapper/margin_sel_i[1] (ftc_detection_margin_mapper)            0.000000   0.500000 f
  u_exact_mapper/margin_sel_i[1] (net)                0.007288            0.000000   0.500000 f
  u_exact_mapper/U4/A (INV_X2M_A9TR40)                          0.000000  0.000024   0.500024 f
  u_exact_mapper/U4/Y (INV_X2M_A9TR40)                          0.050583  0.029326   0.529350 r
  u_exact_mapper/n6 (net)                       3     0.004019            0.000000   0.529350 r
  u_exact_mapper/U14/A (NOR2_X0P7B_A9TR40)                      0.050583  0.000017   0.529367 r
  u_exact_mapper/U14/Y (NOR2_X0P7B_A9TR40)                      0.137198  0.099799   0.629166 f
  u_exact_mapper/n1 (net)                       3     0.003879            0.000000   0.629166 f
  u_exact_mapper/U48/C (NAND3_X1M_A9TR40)                       0.137198  0.000018   0.629184 f
  u_exact_mapper/U48/Y (NAND3_X1M_A9TR40)                       0.121586  0.122196   0.751380 r
  u_exact_mapper/n21 (net)                      2     0.002607            0.000000   0.751380 r
  u_exact_mapper/U8/B (AND2_X1M_A9TR40)                         0.121586  0.000019   0.751399 r
  u_exact_mapper/U8/Y (AND2_X1M_A9TR40)                         0.120520  0.166996   0.918395 r
  u_exact_mapper/n8 (net)                       4     0.004923            0.000000   0.918395 r
  u_exact_mapper/U40/B (NAND2B_X1M_A9TR40)                      0.120520  0.000018   0.918413 r
  u_exact_mapper/U40/Y (NAND2B_X1M_A9TR40)                      0.076402  0.089569   1.007982 f
  u_exact_mapper/target_medium_therm_o[4] (net)
                                                2     0.002660            0.000000   1.007982 f
  u_exact_mapper/U9/AN (NAND3B_X2M_A9TR40)                      0.076402  0.000020   1.008001 f
  u_exact_mapper/U9/Y (NAND3B_X2M_A9TR40)                       0.074539  0.121370   1.129371 f
  u_exact_mapper/target_medium_therm_o[3] (net)
                                                2     0.002722            0.000000   1.129371 f
  u_exact_mapper/U39/A (INV_X1M_A9TR40)                         0.074539  0.000021   1.129392 f
  u_exact_mapper/U39/Y (INV_X1M_A9TR40)                         0.096750  0.080296   1.209688 r
  u_exact_mapper/n4 (net)                       2     0.003527            0.000000   1.209688 r
  u_exact_mapper/U3/B (NAND2_X2A_A9TR40)                        0.096750  0.000033   1.209721 r
  u_exact_mapper/U3/Y (NAND2_X2A_A9TR40)                        0.079102  0.064403   1.274124 f
  u_exact_mapper/target_medium_therm_o[2] (net)
                                                2     0.002648            0.000000   1.274124 f
  u_exact_mapper/U16/AN (NAND3BB_X1M_A9TR40)                    0.079102  0.000019   1.274144 f
  u_exact_mapper/U16/Y (NAND3BB_X1M_A9TR40)                     0.146571  0.180088   1.454232 f
  u_exact_mapper/mapping_supported_o (net)      5     0.006742            0.000000   1.454232 f
  u_exact_mapper/mapping_supported_o (ftc_detection_margin_mapper)        0.000000   1.454232 f
  mapper_mapping_supported (net)                      0.006742            0.000000   1.454232 f
  U151/A (NAND2_X2A_A9TR40)                                     0.146571  0.000024   1.454256 f
  U151/Y (NAND2_X2A_A9TR40)                                     0.071978  0.073944   1.528200 r
  n38 (net)                                     2     0.002793            0.000000   1.528200 r
  U157/A (INV_X1M_A9TR40)                                       0.071978  0.000021   1.528221 r
  U157/Y (INV_X1M_A9TR40)                                       0.049106  0.054095   1.582316 f
  n137 (net)                                    2     0.002723            0.000000   1.582316 f
  U153/A (NAND2_X1M_A9TR40)                                     0.049106  0.000021   1.582336 f
  U153/Y (NAND2_X1M_A9TR40)                                     0.104671  0.064974   1.647310 r
  n44 (net)                                     2     0.002673            0.000000   1.647310 r
  U154/A (NOR2_X0P7B_A9TR40)                                    0.104671  0.000019   1.647329 r
  U154/Y (NOR2_X0P7B_A9TR40)                                    0.101529  0.102350   1.749679 f
  n42 (net)                                     2     0.002601            0.000000   1.749679 f
  U168/C (NAND3BB_X1M_A9TR40)                                   0.101529  0.000020   1.749699 f
  U168/Y (NAND3BB_X1M_A9TR40)                                   0.094724  0.086918   1.836617 r
  n21 (net)                                     1     0.002766            0.000000   1.836617 r
  U140/A (INV_X3P5B_A9TR40)                                     0.094724  0.000048   1.836665 r
  U140/Y (INV_X3P5B_A9TR40)                                     0.049558  0.058906   1.895571 f
  n163 (net)                                    5     0.006508            0.000000   1.895571 f
  U139/A (BUF_X2M_A9TR40)                                       0.049558  0.000017   1.895588 f
  U139/Y (BUF_X2M_A9TR40)                                       0.071712  0.114233   2.009821 f
  n159 (net)                                    7     0.008978            0.000000   2.009821 f
  U196/A (INV_X2M_A9TR40)                                       0.071712  0.000023   2.009844 f
  U196/Y (INV_X2M_A9TR40)                                       0.191656  0.131055   2.140899 r
  n154 (net)                                   15     0.017759            0.000000   2.140899 r
  U40/A0 (AO22_X0P5M_A9TR40)                                    0.191656  0.000014   2.140913 r
  U40/Y (AO22_X0P5M_A9TR40)                                     0.093159  0.205176   2.346089 r
  n78 (net)                                     1     0.001574            0.000000   2.346089 r
  target_fine_therm_q_reg[1]/D (DFFSQ_X1M_A9TR40)               0.093159  0.000027   2.346116 r
  data arrival time                                                                  2.346116

  clock cal_clk (rise edge)                                               2.500000   2.500000
  clock network delay (ideal)                                             0.000000   2.500000
  clock uncertainty                                                       -0.050000  2.450000
  target_fine_therm_q_reg[1]/CK (DFFSQ_X1M_A9TR40)                        0.000000   2.450000 r
  library setup time                                                      -0.068499  2.381501
  data required time                                                                 2.381501
  ----------------------------------------------------------------------------------------------
  data required time                                                                 2.381501
  data arrival time                                                                  -2.346116
  ----------------------------------------------------------------------------------------------
  slack (MET)                                                                        0.035385


  Startpoint: margin_sel_i[1]
              (input port clocked by cal_clk)
  Endpoint: target_fine_therm_q_reg[6]
            (rising edge-triggered flip-flop clocked by cal_clk)
  Path Group: cal_clk
  Path Type: max

  Des/Clust/Port     Wire Load Model       Library
  ------------------------------------------------
  ftc_detection_margin_manager
                     Small                 sc9mc_logic0040ll_base_rvt_c40_ss_typical_max_0p99v_125c

  Point                                       Fanout       Cap     Trans      Incr       Path
  ----------------------------------------------------------------------------------------------
  clock cal_clk (rise edge)                                               0.000000   0.000000
  clock network delay (ideal)                                             0.000000   0.000000
  input external delay                                                    0.500000   0.500000 f
  margin_sel_i[1] (in)                                          0.000000  0.000000   0.500000 f
  margin_sel_i[1] (net)                         5     0.007288            0.000000   0.500000 f
  u_exact_mapper/margin_sel_i[1] (ftc_detection_margin_mapper)            0.000000   0.500000 f
  u_exact_mapper/margin_sel_i[1] (net)                0.007288            0.000000   0.500000 f
  u_exact_mapper/U15/A (NOR2_X2A_A9TR40)                        0.000000  0.000023   0.500023 f
  u_exact_mapper/U15/Y (NOR2_X2A_A9TR40)                        0.140056  0.084422   0.584445 r
  u_exact_mapper/n26 (net)                      4     0.005291            0.000000   0.584445 r
  u_exact_mapper/U11/B (NAND3_X1M_A9TR40)                       0.140056  0.000017   0.584462 r
  u_exact_mapper/U11/Y (NAND3_X1M_A9TR40)                       0.105809  0.117497   0.701959 f
  u_exact_mapper/n19 (net)                      2     0.002663            0.000000   0.701959 f
  u_exact_mapper/U10/B (NAND2_X1A_A9TR40)                       0.105809  0.000020   0.701980 f
  u_exact_mapper/U10/Y (NAND2_X1A_A9TR40)                       0.108649  0.097643   0.799623 r
  u_exact_mapper/m_det_o[3]_snps (net)          3     0.003730            0.000000   0.799623 r
  u_exact_mapper/U38/AN (NAND2B_X1M_A9TR40)                     0.108649  0.000017   0.799640 r
  u_exact_mapper/U38/Y (NAND2B_X1M_A9TR40)                      0.127347  0.140179   0.939818 r
  u_exact_mapper/target_medium_therm_o[6]_snps (net)
                                                3     0.003752            0.000000   0.939818 r
  u_exact_mapper/U40/AN (NAND2B_X1M_A9TR40)                     0.127347  0.000017   0.939835 r
  u_exact_mapper/U40/Y (NAND2B_X1M_A9TR40)                      0.088074  0.135782   1.075618 r
  u_exact_mapper/target_medium_therm_o[4] (net)
                                                2     0.002678            0.000000   1.075618 r
  u_exact_mapper/U9/AN (NAND3B_X2M_A9TR40)                      0.088074  0.000020   1.075637 r
  u_exact_mapper/U9/Y (NAND3B_X2M_A9TR40)                       0.092041  0.109983   1.185620 r
  u_exact_mapper/target_medium_therm_o[3] (net)
                                                2     0.002755            0.000000   1.185620 r
  u_exact_mapper/U39/A (INV_X1M_A9TR40)                         0.092041  0.000021   1.185641 r
  u_exact_mapper/U39/Y (INV_X1M_A9TR40)                         0.060643  0.066249   1.251890 f
  u_exact_mapper/n4 (net)                       2     0.003397            0.000000   1.251890 f
  u_exact_mapper/U3/B (NAND2_X2A_A9TR40)                        0.060643  0.000031   1.251922 f
  u_exact_mapper/U3/Y (NAND2_X2A_A9TR40)                        0.076469  0.051822   1.303743 r
  u_exact_mapper/target_medium_therm_o[2] (net)
                                                2     0.002673            0.000000   1.303743 r
  u_exact_mapper/U16/AN (NAND3BB_X1M_A9TR40)                    0.076469  0.000020   1.303763 r
  u_exact_mapper/U16/Y (NAND3BB_X1M_A9TR40)                     0.177340  0.165037   1.468800 r
  u_exact_mapper/mapping_supported_o (net)      5     0.006760            0.000000   1.468800 r
  u_exact_mapper/mapping_supported_o (ftc_detection_margin_mapper)        0.000000   1.468800 r
  mapper_mapping_supported (net)                      0.006760            0.000000   1.468800 r
  U151/A (NAND2_X2A_A9TR40)                                     0.177340  0.000024   1.468824 r
  U151/Y (NAND2_X2A_A9TR40)                                     0.071609  0.079464   1.548287 f
  n38 (net)                                     2     0.002770            0.000000   1.548287 f
  U157/A (INV_X1M_A9TR40)                                       0.071609  0.000021   1.548308 f
  U157/Y (INV_X1M_A9TR40)                                       0.081496  0.070956   1.619264 r
  n137 (net)                                    2     0.002787            0.000000   1.619264 r
  U153/A (NAND2_X1M_A9TR40)                                     0.081496  0.000021   1.619285 r
  U153/Y (NAND2_X1M_A9TR40)                                     0.082906  0.068508   1.687793 f
  n44 (net)                                     2     0.002659            0.000000   1.687793 f
  U154/A (NOR2_X0P7B_A9TR40)                                    0.082906  0.000019   1.687812 f
  U154/Y (NOR2_X0P7B_A9TR40)                                    0.152263  0.115691   1.803502 r
  n42 (net)                                     2     0.002695            0.000000   1.803502 r
  U168/C (NAND3BB_X1M_A9TR40)                                   0.152263  0.000021   1.803523 r
  U168/Y (NAND3BB_X1M_A9TR40)                                   0.081266  0.101753   1.905276 f
  n21 (net)                                     1     0.002728            0.000000   1.905276 f
  U140/A (INV_X3P5B_A9TR40)                                     0.081266  0.000047   1.905323 f
  U140/Y (INV_X3P5B_A9TR40)                                     0.054964  0.054273   1.959595 r
  n163 (net)                                    5     0.006586            0.000000   1.959595 r
  U135/A (BUF_X1P2M_A9TR40)                                     0.054964  0.000016   1.959611 r
  U135/Y (BUF_X1P2M_A9TR40)                                     0.142504  0.141608   2.101219 r
  n136 (net)                                    6     0.008454            0.000000   2.101219 r
  U145/A (INV_X3M_A9TR40)                                       0.142504  0.000031   2.101250 r
  U145/Y (INV_X3M_A9TR40)                                       0.093292  0.104417   2.205667 f
  n155 (net)                                   16     0.018659            0.000000   2.205667 f
  U55/A0 (AO22_X0P5M_A9TR40)                                    0.093292  0.000014   2.205681 f
  U55/Y (AO22_X0P5M_A9TR40)                                     0.067152  0.175604   2.381285 f
  n88 (net)                                     1     0.001556            0.000000   2.381285 f
  target_fine_therm_q_reg[6]/D (DFFSQ_X1M_A9TR40)               0.067152  0.000027   2.381312 f
  data arrival time                                                                  2.381312

  clock cal_clk (rise edge)                                               2.500000   2.500000
  clock network delay (ideal)                                             0.000000   2.500000
  clock uncertainty                                                       -0.050000  2.450000
  target_fine_therm_q_reg[6]/CK (DFFSQ_X1M_A9TR40)                        0.000000   2.450000 r
  library setup time                                                      -0.027132  2.422868
  data required time                                                                 2.422868
  ----------------------------------------------------------------------------------------------
  data required time                                                                 2.422868
  data arrival time                                                                  -2.381312
  ----------------------------------------------------------------------------------------------
  slack (MET)                                                                        0.041556


  Startpoint: margin_sel_i[1]
              (input port clocked by cal_clk)
  Endpoint: target_fine_therm_q_reg[0]
            (rising edge-triggered flip-flop clocked by cal_clk)
  Path Group: cal_clk
  Path Type: max

  Des/Clust/Port     Wire Load Model       Library
  ------------------------------------------------
  ftc_detection_margin_manager
                     Small                 sc9mc_logic0040ll_base_rvt_c40_ss_typical_max_0p99v_125c

  Point                                       Fanout       Cap     Trans      Incr       Path
  ----------------------------------------------------------------------------------------------
  clock cal_clk (rise edge)                                               0.000000   0.000000
  clock network delay (ideal)                                             0.000000   0.000000
  input external delay                                                    0.500000   0.500000 f
  margin_sel_i[1] (in)                                          0.000000  0.000000   0.500000 f
  margin_sel_i[1] (net)                         5     0.007288            0.000000   0.500000 f
  u_exact_mapper/margin_sel_i[1] (ftc_detection_margin_mapper)            0.000000   0.500000 f
  u_exact_mapper/margin_sel_i[1] (net)                0.007288            0.000000   0.500000 f
  u_exact_mapper/U15/A (NOR2_X2A_A9TR40)                        0.000000  0.000023   0.500023 f
  u_exact_mapper/U15/Y (NOR2_X2A_A9TR40)                        0.140056  0.084422   0.584445 r
  u_exact_mapper/n26 (net)                      4     0.005291            0.000000   0.584445 r
  u_exact_mapper/U11/B (NAND3_X1M_A9TR40)                       0.140056  0.000017   0.584462 r
  u_exact_mapper/U11/Y (NAND3_X1M_A9TR40)                       0.105809  0.117497   0.701959 f
  u_exact_mapper/n19 (net)                      2     0.002663            0.000000   0.701959 f
  u_exact_mapper/U10/B (NAND2_X1A_A9TR40)                       0.105809  0.000020   0.701980 f
  u_exact_mapper/U10/Y (NAND2_X1A_A9TR40)                       0.108649  0.097643   0.799623 r
  u_exact_mapper/m_det_o[3]_snps (net)          3     0.003730            0.000000   0.799623 r
  u_exact_mapper/U38/AN (NAND2B_X1M_A9TR40)                     0.108649  0.000017   0.799640 r
  u_exact_mapper/U38/Y (NAND2B_X1M_A9TR40)                      0.127347  0.140179   0.939818 r
  u_exact_mapper/target_medium_therm_o[6]_snps (net)
                                                3     0.003752            0.000000   0.939818 r
  u_exact_mapper/U40/AN (NAND2B_X1M_A9TR40)                     0.127347  0.000017   0.939835 r
  u_exact_mapper/U40/Y (NAND2B_X1M_A9TR40)                      0.088074  0.135782   1.075618 r
  u_exact_mapper/target_medium_therm_o[4] (net)
                                                2     0.002678            0.000000   1.075618 r
  u_exact_mapper/U9/AN (NAND3B_X2M_A9TR40)                      0.088074  0.000020   1.075637 r
  u_exact_mapper/U9/Y (NAND3B_X2M_A9TR40)                       0.092041  0.109983   1.185620 r
  u_exact_mapper/target_medium_therm_o[3] (net)
                                                2     0.002755            0.000000   1.185620 r
  u_exact_mapper/U39/A (INV_X1M_A9TR40)                         0.092041  0.000021   1.185641 r
  u_exact_mapper/U39/Y (INV_X1M_A9TR40)                         0.060643  0.066249   1.251890 f
  u_exact_mapper/n4 (net)                       2     0.003397            0.000000   1.251890 f
  u_exact_mapper/U3/B (NAND2_X2A_A9TR40)                        0.060643  0.000031   1.251922 f
  u_exact_mapper/U3/Y (NAND2_X2A_A9TR40)                        0.076469  0.051822   1.303743 r
  u_exact_mapper/target_medium_therm_o[2] (net)
                                                2     0.002673            0.000000   1.303743 r
  u_exact_mapper/U16/AN (NAND3BB_X1M_A9TR40)                    0.076469  0.000020   1.303763 r
  u_exact_mapper/U16/Y (NAND3BB_X1M_A9TR40)                     0.177340  0.165037   1.468800 r
  u_exact_mapper/mapping_supported_o (net)      5     0.006760            0.000000   1.468800 r
  u_exact_mapper/mapping_supported_o (ftc_detection_margin_mapper)        0.000000   1.468800 r
  mapper_mapping_supported (net)                      0.006760            0.000000   1.468800 r
  U151/A (NAND2_X2A_A9TR40)                                     0.177340  0.000024   1.468824 r
  U151/Y (NAND2_X2A_A9TR40)                                     0.071609  0.079464   1.548287 f
  n38 (net)                                     2     0.002770            0.000000   1.548287 f
  U157/A (INV_X1M_A9TR40)                                       0.071609  0.000021   1.548308 f
  U157/Y (INV_X1M_A9TR40)                                       0.081496  0.070956   1.619264 r
  n137 (net)                                    2     0.002787            0.000000   1.619264 r
  U153/A (NAND2_X1M_A9TR40)                                     0.081496  0.000021   1.619285 r
  U153/Y (NAND2_X1M_A9TR40)                                     0.082906  0.068508   1.687793 f
  n44 (net)                                     2     0.002659            0.000000   1.687793 f
  U154/A (NOR2_X0P7B_A9TR40)                                    0.082906  0.000019   1.687812 f
  U154/Y (NOR2_X0P7B_A9TR40)                                    0.152263  0.115691   1.803502 r
  n42 (net)                                     2     0.002695            0.000000   1.803502 r
  U168/C (NAND3BB_X1M_A9TR40)                                   0.152263  0.000021   1.803523 r
  U168/Y (NAND3BB_X1M_A9TR40)                                   0.081266  0.101753   1.905276 f
  n21 (net)                                     1     0.002728            0.000000   1.905276 f
  U140/A (INV_X3P5B_A9TR40)                                     0.081266  0.000047   1.905323 f
  U140/Y (INV_X3P5B_A9TR40)                                     0.054964  0.054273   1.959595 r
  n163 (net)                                    5     0.006586            0.000000   1.959595 r
  U135/A (BUF_X1P2M_A9TR40)                                     0.054964  0.000016   1.959611 r
  U135/Y (BUF_X1P2M_A9TR40)                                     0.142504  0.141608   2.101219 r
  n136 (net)                                    6     0.008454            0.000000   2.101219 r
  U145/A (INV_X3M_A9TR40)                                       0.142504  0.000031   2.101250 r
  U145/Y (INV_X3M_A9TR40)                                       0.093292  0.104417   2.205667 f
  n155 (net)                                   16     0.018659            0.000000   2.205667 f
  U37/A0 (AO22_X0P5M_A9TR40)                                    0.093292  0.000014   2.205681 f
  U37/Y (AO22_X0P5M_A9TR40)                                     0.067100  0.175604   2.381285 f
  n76 (net)                                     1     0.001556            0.000000   2.381285 f
  target_fine_therm_q_reg[0]/D (DFFSQ_X1M_A9TR40)               0.067100  0.000027   2.381312 f
  data arrival time                                                                  2.381312

  clock cal_clk (rise edge)                                               2.500000   2.500000
  clock network delay (ideal)                                             0.000000   2.500000
  clock uncertainty                                                       -0.050000  2.450000
  target_fine_therm_q_reg[0]/CK (DFFSQ_X1M_A9TR40)                        0.000000   2.450000 r
  library setup time                                                      -0.027116  2.422884
  data required time                                                                 2.422884
  ----------------------------------------------------------------------------------------------
  data required time                                                                 2.422884
  data arrival time                                                                  -2.381312
  ----------------------------------------------------------------------------------------------
  slack (MET)                                                                        0.041572


  Startpoint: margin_sel_i[1]
              (input port clocked by cal_clk)
  Endpoint: target_fine_therm_q_reg[9]
            (rising edge-triggered flip-flop clocked by cal_clk)
  Path Group: cal_clk
  Path Type: max

  Des/Clust/Port     Wire Load Model       Library
  ------------------------------------------------
  ftc_detection_margin_manager
                     Small                 sc9mc_logic0040ll_base_rvt_c40_ss_typical_max_0p99v_125c

  Point                                       Fanout       Cap     Trans      Incr       Path
  ----------------------------------------------------------------------------------------------
  clock cal_clk (rise edge)                                               0.000000   0.000000
  clock network delay (ideal)                                             0.000000   0.000000
  input external delay                                                    0.500000   0.500000 f
  margin_sel_i[1] (in)                                          0.000000  0.000000   0.500000 f
  margin_sel_i[1] (net)                         5     0.007288            0.000000   0.500000 f
  u_exact_mapper/margin_sel_i[1] (ftc_detection_margin_mapper)            0.000000   0.500000 f
  u_exact_mapper/margin_sel_i[1] (net)                0.007288            0.000000   0.500000 f
  u_exact_mapper/U15/A (NOR2_X2A_A9TR40)                        0.000000  0.000023   0.500023 f
  u_exact_mapper/U15/Y (NOR2_X2A_A9TR40)                        0.140056  0.084422   0.584445 r
  u_exact_mapper/n26 (net)                      4     0.005291            0.000000   0.584445 r
  u_exact_mapper/U11/B (NAND3_X1M_A9TR40)                       0.140056  0.000017   0.584462 r
  u_exact_mapper/U11/Y (NAND3_X1M_A9TR40)                       0.105809  0.117497   0.701959 f
  u_exact_mapper/n19 (net)                      2     0.002663            0.000000   0.701959 f
  u_exact_mapper/U10/B (NAND2_X1A_A9TR40)                       0.105809  0.000020   0.701980 f
  u_exact_mapper/U10/Y (NAND2_X1A_A9TR40)                       0.108649  0.097643   0.799623 r
  u_exact_mapper/m_det_o[3]_snps (net)          3     0.003730            0.000000   0.799623 r
  u_exact_mapper/U38/AN (NAND2B_X1M_A9TR40)                     0.108649  0.000017   0.799640 r
  u_exact_mapper/U38/Y (NAND2B_X1M_A9TR40)                      0.127347  0.140179   0.939818 r
  u_exact_mapper/target_medium_therm_o[6]_snps (net)
                                                3     0.003752            0.000000   0.939818 r
  u_exact_mapper/U40/AN (NAND2B_X1M_A9TR40)                     0.127347  0.000017   0.939835 r
  u_exact_mapper/U40/Y (NAND2B_X1M_A9TR40)                      0.088074  0.135782   1.075618 r
  u_exact_mapper/target_medium_therm_o[4] (net)
                                                2     0.002678            0.000000   1.075618 r
  u_exact_mapper/U9/AN (NAND3B_X2M_A9TR40)                      0.088074  0.000020   1.075637 r
  u_exact_mapper/U9/Y (NAND3B_X2M_A9TR40)                       0.092041  0.109983   1.185620 r
  u_exact_mapper/target_medium_therm_o[3] (net)
                                                2     0.002755            0.000000   1.185620 r
  u_exact_mapper/U39/A (INV_X1M_A9TR40)                         0.092041  0.000021   1.185641 r
  u_exact_mapper/U39/Y (INV_X1M_A9TR40)                         0.060643  0.066249   1.251890 f
  u_exact_mapper/n4 (net)                       2     0.003397            0.000000   1.251890 f
  u_exact_mapper/U3/B (NAND2_X2A_A9TR40)                        0.060643  0.000031   1.251922 f
  u_exact_mapper/U3/Y (NAND2_X2A_A9TR40)                        0.076469  0.051822   1.303743 r
  u_exact_mapper/target_medium_therm_o[2] (net)
                                                2     0.002673            0.000000   1.303743 r
  u_exact_mapper/U16/AN (NAND3BB_X1M_A9TR40)                    0.076469  0.000020   1.303763 r
  u_exact_mapper/U16/Y (NAND3BB_X1M_A9TR40)                     0.177340  0.165037   1.468800 r
  u_exact_mapper/mapping_supported_o (net)      5     0.006760            0.000000   1.468800 r
  u_exact_mapper/mapping_supported_o (ftc_detection_margin_mapper)        0.000000   1.468800 r
  mapper_mapping_supported (net)                      0.006760            0.000000   1.468800 r
  U151/A (NAND2_X2A_A9TR40)                                     0.177340  0.000024   1.468824 r
  U151/Y (NAND2_X2A_A9TR40)                                     0.071609  0.079464   1.548287 f
  n38 (net)                                     2     0.002770            0.000000   1.548287 f
  U157/A (INV_X1M_A9TR40)                                       0.071609  0.000021   1.548308 f
  U157/Y (INV_X1M_A9TR40)                                       0.081496  0.070956   1.619264 r
  n137 (net)                                    2     0.002787            0.000000   1.619264 r
  U153/A (NAND2_X1M_A9TR40)                                     0.081496  0.000021   1.619285 r
  U153/Y (NAND2_X1M_A9TR40)                                     0.082906  0.068508   1.687793 f
  n44 (net)                                     2     0.002659            0.000000   1.687793 f
  U154/A (NOR2_X0P7B_A9TR40)                                    0.082906  0.000019   1.687812 f
  U154/Y (NOR2_X0P7B_A9TR40)                                    0.152263  0.115691   1.803502 r
  n42 (net)                                     2     0.002695            0.000000   1.803502 r
  U168/C (NAND3BB_X1M_A9TR40)                                   0.152263  0.000021   1.803523 r
  U168/Y (NAND3BB_X1M_A9TR40)                                   0.081266  0.101753   1.905276 f
  n21 (net)                                     1     0.002728            0.000000   1.905276 f
  U140/A (INV_X3P5B_A9TR40)                                     0.081266  0.000047   1.905323 f
  U140/Y (INV_X3P5B_A9TR40)                                     0.054964  0.054273   1.959595 r
  n163 (net)                                    5     0.006586            0.000000   1.959595 r
  U135/A (BUF_X1P2M_A9TR40)                                     0.054964  0.000016   1.959611 r
  U135/Y (BUF_X1P2M_A9TR40)                                     0.142504  0.141608   2.101219 r
  n136 (net)                                    6     0.008454            0.000000   2.101219 r
  U145/A (INV_X3M_A9TR40)                                       0.142504  0.000031   2.101250 r
  U145/Y (INV_X3M_A9TR40)                                       0.093292  0.104417   2.205667 f
  n155 (net)                                   16     0.018659            0.000000   2.205667 f
  U67/A0 (AO22_X0P5M_A9TR40)                                    0.093292  0.000014   2.205681 f
  U67/Y (AO22_X0P5M_A9TR40)                                     0.067092  0.175604   2.381285 f
  n94 (net)                                     1     0.001556            0.000000   2.381285 f
  target_fine_therm_q_reg[9]/D (DFFSQ_X1M_A9TR40)               0.067092  0.000027   2.381312 f
  data arrival time                                                                  2.381312

  clock cal_clk (rise edge)                                               2.500000   2.500000
  clock network delay (ideal)                                             0.000000   2.500000
  clock uncertainty                                                       -0.050000  2.450000
  target_fine_therm_q_reg[9]/CK (DFFSQ_X1M_A9TR40)                        0.000000   2.450000 r
  library setup time                                                      -0.027114  2.422887
  data required time                                                                 2.422887
  ----------------------------------------------------------------------------------------------
  data required time                                                                 2.422887
  data arrival time                                                                  -2.381312
  ----------------------------------------------------------------------------------------------
  slack (MET)                                                                        0.041574


  Startpoint: margin_sel_i[1]
              (input port clocked by cal_clk)
  Endpoint: target_fine_therm_q_reg[8]
            (rising edge-triggered flip-flop clocked by cal_clk)
  Path Group: cal_clk
  Path Type: max

  Des/Clust/Port     Wire Load Model       Library
  ------------------------------------------------
  ftc_detection_margin_manager
                     Small                 sc9mc_logic0040ll_base_rvt_c40_ss_typical_max_0p99v_125c

  Point                                       Fanout       Cap     Trans      Incr       Path
  ----------------------------------------------------------------------------------------------
  clock cal_clk (rise edge)                                               0.000000   0.000000
  clock network delay (ideal)                                             0.000000   0.000000
  input external delay                                                    0.500000   0.500000 f
  margin_sel_i[1] (in)                                          0.000000  0.000000   0.500000 f
  margin_sel_i[1] (net)                         5     0.007288            0.000000   0.500000 f
  u_exact_mapper/margin_sel_i[1] (ftc_detection_margin_mapper)            0.000000   0.500000 f
  u_exact_mapper/margin_sel_i[1] (net)                0.007288            0.000000   0.500000 f
  u_exact_mapper/U15/A (NOR2_X2A_A9TR40)                        0.000000  0.000023   0.500023 f
  u_exact_mapper/U15/Y (NOR2_X2A_A9TR40)                        0.140056  0.084422   0.584445 r
  u_exact_mapper/n26 (net)                      4     0.005291            0.000000   0.584445 r
  u_exact_mapper/U11/B (NAND3_X1M_A9TR40)                       0.140056  0.000017   0.584462 r
  u_exact_mapper/U11/Y (NAND3_X1M_A9TR40)                       0.105809  0.117497   0.701959 f
  u_exact_mapper/n19 (net)                      2     0.002663            0.000000   0.701959 f
  u_exact_mapper/U10/B (NAND2_X1A_A9TR40)                       0.105809  0.000020   0.701980 f
  u_exact_mapper/U10/Y (NAND2_X1A_A9TR40)                       0.108649  0.097643   0.799623 r
  u_exact_mapper/m_det_o[3]_snps (net)          3     0.003730            0.000000   0.799623 r
  u_exact_mapper/U38/AN (NAND2B_X1M_A9TR40)                     0.108649  0.000017   0.799640 r
  u_exact_mapper/U38/Y (NAND2B_X1M_A9TR40)                      0.127347  0.140179   0.939818 r
  u_exact_mapper/target_medium_therm_o[6]_snps (net)
                                                3     0.003752            0.000000   0.939818 r
  u_exact_mapper/U40/AN (NAND2B_X1M_A9TR40)                     0.127347  0.000017   0.939835 r
  u_exact_mapper/U40/Y (NAND2B_X1M_A9TR40)                      0.088074  0.135782   1.075618 r
  u_exact_mapper/target_medium_therm_o[4] (net)
                                                2     0.002678            0.000000   1.075618 r
  u_exact_mapper/U9/AN (NAND3B_X2M_A9TR40)                      0.088074  0.000020   1.075637 r
  u_exact_mapper/U9/Y (NAND3B_X2M_A9TR40)                       0.092041  0.109983   1.185620 r
  u_exact_mapper/target_medium_therm_o[3] (net)
                                                2     0.002755            0.000000   1.185620 r
  u_exact_mapper/U39/A (INV_X1M_A9TR40)                         0.092041  0.000021   1.185641 r
  u_exact_mapper/U39/Y (INV_X1M_A9TR40)                         0.060643  0.066249   1.251890 f
  u_exact_mapper/n4 (net)                       2     0.003397            0.000000   1.251890 f
  u_exact_mapper/U3/B (NAND2_X2A_A9TR40)                        0.060643  0.000031   1.251922 f
  u_exact_mapper/U3/Y (NAND2_X2A_A9TR40)                        0.076469  0.051822   1.303743 r
  u_exact_mapper/target_medium_therm_o[2] (net)
                                                2     0.002673            0.000000   1.303743 r
  u_exact_mapper/U16/AN (NAND3BB_X1M_A9TR40)                    0.076469  0.000020   1.303763 r
  u_exact_mapper/U16/Y (NAND3BB_X1M_A9TR40)                     0.177340  0.165037   1.468800 r
  u_exact_mapper/mapping_supported_o (net)      5     0.006760            0.000000   1.468800 r
  u_exact_mapper/mapping_supported_o (ftc_detection_margin_mapper)        0.000000   1.468800 r
  mapper_mapping_supported (net)                      0.006760            0.000000   1.468800 r
  U151/A (NAND2_X2A_A9TR40)                                     0.177340  0.000024   1.468824 r
  U151/Y (NAND2_X2A_A9TR40)                                     0.071609  0.079464   1.548287 f
  n38 (net)                                     2     0.002770            0.000000   1.548287 f
  U157/A (INV_X1M_A9TR40)                                       0.071609  0.000021   1.548308 f
  U157/Y (INV_X1M_A9TR40)                                       0.081496  0.070956   1.619264 r
  n137 (net)                                    2     0.002787            0.000000   1.619264 r
  U153/A (NAND2_X1M_A9TR40)                                     0.081496  0.000021   1.619285 r
  U153/Y (NAND2_X1M_A9TR40)                                     0.082906  0.068508   1.687793 f
  n44 (net)                                     2     0.002659            0.000000   1.687793 f
  U154/A (NOR2_X0P7B_A9TR40)                                    0.082906  0.000019   1.687812 f
  U154/Y (NOR2_X0P7B_A9TR40)                                    0.152263  0.115691   1.803502 r
  n42 (net)                                     2     0.002695            0.000000   1.803502 r
  U168/C (NAND3BB_X1M_A9TR40)                                   0.152263  0.000021   1.803523 r
  U168/Y (NAND3BB_X1M_A9TR40)                                   0.081266  0.101753   1.905276 f
  n21 (net)                                     1     0.002728            0.000000   1.905276 f
  U140/A (INV_X3P5B_A9TR40)                                     0.081266  0.000047   1.905323 f
  U140/Y (INV_X3P5B_A9TR40)                                     0.054964  0.054273   1.959595 r
  n163 (net)                                    5     0.006586            0.000000   1.959595 r
  U135/A (BUF_X1P2M_A9TR40)                                     0.054964  0.000016   1.959611 r
  U135/Y (BUF_X1P2M_A9TR40)                                     0.142504  0.141608   2.101219 r
  n136 (net)                                    6     0.008454            0.000000   2.101219 r
  U145/A (INV_X3M_A9TR40)                                       0.142504  0.000031   2.101250 r
  U145/Y (INV_X3M_A9TR40)                                       0.093292  0.104417   2.205667 f
  n155 (net)                                   16     0.018659            0.000000   2.205667 f
  U61/A0 (AO22_X0P5M_A9TR40)                                    0.093292  0.000014   2.205681 f
  U61/Y (AO22_X0P5M_A9TR40)                                     0.067092  0.175604   2.381285 f
  n92 (net)                                     1     0.001556            0.000000   2.381285 f
  target_fine_therm_q_reg[8]/D (DFFSQ_X1M_A9TR40)               0.067092  0.000027   2.381312 f
  data arrival time                                                                  2.381312

  clock cal_clk (rise edge)                                               2.500000   2.500000
  clock network delay (ideal)                                             0.000000   2.500000
  clock uncertainty                                                       -0.050000  2.450000
  target_fine_therm_q_reg[8]/CK (DFFSQ_X1M_A9TR40)                        0.000000   2.450000 r
  library setup time                                                      -0.027114  2.422887
  data required time                                                                 2.422887
  ----------------------------------------------------------------------------------------------
  data required time                                                                 2.422887
  data arrival time                                                                  -2.381312
  ----------------------------------------------------------------------------------------------
  slack (MET)                                                                        0.041574


  Startpoint: margin_sel_i[1]
              (input port clocked by cal_clk)
  Endpoint: target_fine_therm_q_reg[4]
            (rising edge-triggered flip-flop clocked by cal_clk)
  Path Group: cal_clk
  Path Type: max

  Des/Clust/Port     Wire Load Model       Library
  ------------------------------------------------
  ftc_detection_margin_manager
                     Small                 sc9mc_logic0040ll_base_rvt_c40_ss_typical_max_0p99v_125c

  Point                                       Fanout       Cap     Trans      Incr       Path
  ----------------------------------------------------------------------------------------------
  clock cal_clk (rise edge)                                               0.000000   0.000000
  clock network delay (ideal)                                             0.000000   0.000000
  input external delay                                                    0.500000   0.500000 f
  margin_sel_i[1] (in)                                          0.000000  0.000000   0.500000 f
  margin_sel_i[1] (net)                         5     0.007288            0.000000   0.500000 f
  u_exact_mapper/margin_sel_i[1] (ftc_detection_margin_mapper)            0.000000   0.500000 f
  u_exact_mapper/margin_sel_i[1] (net)                0.007288            0.000000   0.500000 f
  u_exact_mapper/U15/A (NOR2_X2A_A9TR40)                        0.000000  0.000023   0.500023 f
  u_exact_mapper/U15/Y (NOR2_X2A_A9TR40)                        0.140056  0.084422   0.584445 r
  u_exact_mapper/n26 (net)                      4     0.005291            0.000000   0.584445 r
  u_exact_mapper/U11/B (NAND3_X1M_A9TR40)                       0.140056  0.000017   0.584462 r
  u_exact_mapper/U11/Y (NAND3_X1M_A9TR40)                       0.105809  0.117497   0.701959 f
  u_exact_mapper/n19 (net)                      2     0.002663            0.000000   0.701959 f
  u_exact_mapper/U10/B (NAND2_X1A_A9TR40)                       0.105809  0.000020   0.701980 f
  u_exact_mapper/U10/Y (NAND2_X1A_A9TR40)                       0.108649  0.097643   0.799623 r
  u_exact_mapper/m_det_o[3]_snps (net)          3     0.003730            0.000000   0.799623 r
  u_exact_mapper/U38/AN (NAND2B_X1M_A9TR40)                     0.108649  0.000017   0.799640 r
  u_exact_mapper/U38/Y (NAND2B_X1M_A9TR40)                      0.127347  0.140179   0.939818 r
  u_exact_mapper/target_medium_therm_o[6]_snps (net)
                                                3     0.003752            0.000000   0.939818 r
  u_exact_mapper/U40/AN (NAND2B_X1M_A9TR40)                     0.127347  0.000017   0.939835 r
  u_exact_mapper/U40/Y (NAND2B_X1M_A9TR40)                      0.088074  0.135782   1.075618 r
  u_exact_mapper/target_medium_therm_o[4] (net)
                                                2     0.002678            0.000000   1.075618 r
  u_exact_mapper/U9/AN (NAND3B_X2M_A9TR40)                      0.088074  0.000020   1.075637 r
  u_exact_mapper/U9/Y (NAND3B_X2M_A9TR40)                       0.092041  0.109983   1.185620 r
  u_exact_mapper/target_medium_therm_o[3] (net)
                                                2     0.002755            0.000000   1.185620 r
  u_exact_mapper/U39/A (INV_X1M_A9TR40)                         0.092041  0.000021   1.185641 r
  u_exact_mapper/U39/Y (INV_X1M_A9TR40)                         0.060643  0.066249   1.251890 f
  u_exact_mapper/n4 (net)                       2     0.003397            0.000000   1.251890 f
  u_exact_mapper/U3/B (NAND2_X2A_A9TR40)                        0.060643  0.000031   1.251922 f
  u_exact_mapper/U3/Y (NAND2_X2A_A9TR40)                        0.076469  0.051822   1.303743 r
  u_exact_mapper/target_medium_therm_o[2] (net)
                                                2     0.002673            0.000000   1.303743 r
  u_exact_mapper/U16/AN (NAND3BB_X1M_A9TR40)                    0.076469  0.000020   1.303763 r
  u_exact_mapper/U16/Y (NAND3BB_X1M_A9TR40)                     0.177340  0.165037   1.468800 r
  u_exact_mapper/mapping_supported_o (net)      5     0.006760            0.000000   1.468800 r
  u_exact_mapper/mapping_supported_o (ftc_detection_margin_mapper)        0.000000   1.468800 r
  mapper_mapping_supported (net)                      0.006760            0.000000   1.468800 r
  U151/A (NAND2_X2A_A9TR40)                                     0.177340  0.000024   1.468824 r
  U151/Y (NAND2_X2A_A9TR40)                                     0.071609  0.079464   1.548287 f
  n38 (net)                                     2     0.002770            0.000000   1.548287 f
  U157/A (INV_X1M_A9TR40)                                       0.071609  0.000021   1.548308 f
  U157/Y (INV_X1M_A9TR40)                                       0.081496  0.070956   1.619264 r
  n137 (net)                                    2     0.002787            0.000000   1.619264 r
  U153/A (NAND2_X1M_A9TR40)                                     0.081496  0.000021   1.619285 r
  U153/Y (NAND2_X1M_A9TR40)                                     0.082906  0.068508   1.687793 f
  n44 (net)                                     2     0.002659            0.000000   1.687793 f
  U154/A (NOR2_X0P7B_A9TR40)                                    0.082906  0.000019   1.687812 f
  U154/Y (NOR2_X0P7B_A9TR40)                                    0.152263  0.115691   1.803502 r
  n42 (net)                                     2     0.002695            0.000000   1.803502 r
  U168/C (NAND3BB_X1M_A9TR40)                                   0.152263  0.000021   1.803523 r
  U168/Y (NAND3BB_X1M_A9TR40)                                   0.081266  0.101753   1.905276 f
  n21 (net)                                     1     0.002728            0.000000   1.905276 f
  U140/A (INV_X3P5B_A9TR40)                                     0.081266  0.000047   1.905323 f
  U140/Y (INV_X3P5B_A9TR40)                                     0.054964  0.054273   1.959595 r
  n163 (net)                                    5     0.006586            0.000000   1.959595 r
  U135/A (BUF_X1P2M_A9TR40)                                     0.054964  0.000016   1.959611 r
  U135/Y (BUF_X1P2M_A9TR40)                                     0.142504  0.141608   2.101219 r
  n136 (net)                                    6     0.008454            0.000000   2.101219 r
  U145/A (INV_X3M_A9TR40)                                       0.142504  0.000031   2.101250 r
  U145/Y (INV_X3M_A9TR40)                                       0.093292  0.104417   2.205667 f
  n155 (net)                                   16     0.018659            0.000000   2.205667 f
  U49/A0 (AO22_X0P5M_A9TR40)                                    0.093292  0.000014   2.205681 f
  U49/Y (AO22_X0P5M_A9TR40)                                     0.067092  0.175604   2.381285 f
  n84 (net)                                     1     0.001556            0.000000   2.381285 f
  target_fine_therm_q_reg[4]/D (DFFSQ_X1M_A9TR40)               0.067092  0.000027   2.381312 f
  data arrival time                                                                  2.381312

  clock cal_clk (rise edge)                                               2.500000   2.500000
  clock network delay (ideal)                                             0.000000   2.500000
  clock uncertainty                                                       -0.050000  2.450000
  target_fine_therm_q_reg[4]/CK (DFFSQ_X1M_A9TR40)                        0.000000   2.450000 r
  library setup time                                                      -0.027114  2.422887
  data required time                                                                 2.422887
  ----------------------------------------------------------------------------------------------
  data required time                                                                 2.422887
  data arrival time                                                                  -2.381312
  ----------------------------------------------------------------------------------------------
  slack (MET)                                                                        0.041574


  Startpoint: margin_sel_i[1]
              (input port clocked by cal_clk)
  Endpoint: target_medium_therm_q_reg[15]
            (rising edge-triggered flip-flop clocked by cal_clk)
  Path Group: cal_clk
  Path Type: max

  Des/Clust/Port     Wire Load Model       Library
  ------------------------------------------------
  ftc_detection_margin_manager
                     Small                 sc9mc_logic0040ll_base_rvt_c40_ss_typical_max_0p99v_125c

  Point                                       Fanout       Cap     Trans      Incr       Path
  ----------------------------------------------------------------------------------------------
  clock cal_clk (rise edge)                                               0.000000   0.000000
  clock network delay (ideal)                                             0.000000   0.000000
  input external delay                                                    0.500000   0.500000 f
  margin_sel_i[1] (in)                                          0.000000  0.000000   0.500000 f
  margin_sel_i[1] (net)                         5     0.007288            0.000000   0.500000 f
  u_exact_mapper/margin_sel_i[1] (ftc_detection_margin_mapper)            0.000000   0.500000 f
  u_exact_mapper/margin_sel_i[1] (net)                0.007288            0.000000   0.500000 f
  u_exact_mapper/U4/A (INV_X2M_A9TR40)                          0.000000  0.000024   0.500024 f
  u_exact_mapper/U4/Y (INV_X2M_A9TR40)                          0.050583  0.029326   0.529350 r
  u_exact_mapper/n6 (net)                       3     0.004019            0.000000   0.529350 r
  u_exact_mapper/U14/A (NOR2_X0P7B_A9TR40)                      0.050583  0.000017   0.529367 r
  u_exact_mapper/U14/Y (NOR2_X0P7B_A9TR40)                      0.137198  0.099799   0.629166 f
  u_exact_mapper/n1 (net)                       3     0.003879            0.000000   0.629166 f
  u_exact_mapper/U48/C (NAND3_X1M_A9TR40)                       0.137198  0.000018   0.629184 f
  u_exact_mapper/U48/Y (NAND3_X1M_A9TR40)                       0.121586  0.122196   0.751380 r
  u_exact_mapper/n21 (net)                      2     0.002607            0.000000   0.751380 r
  u_exact_mapper/U8/B (AND2_X1M_A9TR40)                         0.121586  0.000019   0.751399 r
  u_exact_mapper/U8/Y (AND2_X1M_A9TR40)                         0.120520  0.166996   0.918395 r
  u_exact_mapper/n8 (net)                       4     0.004923            0.000000   0.918395 r
  u_exact_mapper/U40/B (NAND2B_X1M_A9TR40)                      0.120520  0.000018   0.918413 r
  u_exact_mapper/U40/Y (NAND2B_X1M_A9TR40)                      0.076402  0.089569   1.007982 f
  u_exact_mapper/target_medium_therm_o[4] (net)
                                                2     0.002660            0.000000   1.007982 f
  u_exact_mapper/U9/AN (NAND3B_X2M_A9TR40)                      0.076402  0.000020   1.008001 f
  u_exact_mapper/U9/Y (NAND3B_X2M_A9TR40)                       0.074539  0.121370   1.129371 f
  u_exact_mapper/target_medium_therm_o[3] (net)
                                                2     0.002722            0.000000   1.129371 f
  u_exact_mapper/U39/A (INV_X1M_A9TR40)                         0.074539  0.000021   1.129392 f
  u_exact_mapper/U39/Y (INV_X1M_A9TR40)                         0.096750  0.080296   1.209688 r
  u_exact_mapper/n4 (net)                       2     0.003527            0.000000   1.209688 r
  u_exact_mapper/U3/B (NAND2_X2A_A9TR40)                        0.096750  0.000033   1.209721 r
  u_exact_mapper/U3/Y (NAND2_X2A_A9TR40)                        0.079102  0.064403   1.274124 f
  u_exact_mapper/target_medium_therm_o[2] (net)
                                                2     0.002648            0.000000   1.274124 f
  u_exact_mapper/U16/AN (NAND3BB_X1M_A9TR40)                    0.079102  0.000019   1.274144 f
  u_exact_mapper/U16/Y (NAND3BB_X1M_A9TR40)                     0.146571  0.180088   1.454232 f
  u_exact_mapper/mapping_supported_o (net)      5     0.006742            0.000000   1.454232 f
  u_exact_mapper/mapping_supported_o (ftc_detection_margin_mapper)        0.000000   1.454232 f
  mapper_mapping_supported (net)                      0.006742            0.000000   1.454232 f
  U151/A (NAND2_X2A_A9TR40)                                     0.146571  0.000024   1.454256 f
  U151/Y (NAND2_X2A_A9TR40)                                     0.071978  0.073944   1.528200 r
  n38 (net)                                     2     0.002793            0.000000   1.528200 r
  U157/A (INV_X1M_A9TR40)                                       0.071978  0.000021   1.528221 r
  U157/Y (INV_X1M_A9TR40)                                       0.049106  0.054095   1.582316 f
  n137 (net)                                    2     0.002723            0.000000   1.582316 f
  U153/A (NAND2_X1M_A9TR40)                                     0.049106  0.000021   1.582336 f
  U153/Y (NAND2_X1M_A9TR40)                                     0.104671  0.064974   1.647310 r
  n44 (net)                                     2     0.002673            0.000000   1.647310 r
  U154/A (NOR2_X0P7B_A9TR40)                                    0.104671  0.000019   1.647329 r
  U154/Y (NOR2_X0P7B_A9TR40)                                    0.101529  0.102350   1.749679 f
  n42 (net)                                     2     0.002601            0.000000   1.749679 f
  U168/C (NAND3BB_X1M_A9TR40)                                   0.101529  0.000020   1.749699 f
  U168/Y (NAND3BB_X1M_A9TR40)                                   0.094724  0.086918   1.836617 r
  n21 (net)                                     1     0.002766            0.000000   1.836617 r
  U140/A (INV_X3P5B_A9TR40)                                     0.094724  0.000048   1.836665 r
  U140/Y (INV_X3P5B_A9TR40)                                     0.049558  0.058906   1.895571 f
  n163 (net)                                    5     0.006508            0.000000   1.895571 f
  U138/A (BUF_X2P5M_A9TR40)                                     0.049558  0.000017   1.895589 f
  U138/Y (BUF_X2P5M_A9TR40)                                     0.067717  0.113324   2.008912 f
  n160 (net)                                    8     0.009657            0.000000   2.008912 f
  U179/A (INV_X1M_A9TR40)                                       0.067717  0.000016   2.008928 f
  U179/Y (INV_X1M_A9TR40)                                       0.212030  0.140445   2.149374 r
  n156 (net)                                    8     0.009259            0.000000   2.149374 r
  U176/A (AND2_X0P7M_A9TR40)                                    0.212030  0.000014   2.149388 r
  U176/Y (AND2_X0P7M_A9TR40)                                    0.068477  0.166735   2.316123 r
  n146 (net)                                    1     0.001559            0.000000   2.316123 r
  target_medium_therm_q_reg[15]/D (DFFRPQ_X1M_A9TR40)           0.068477  0.000027   2.316149 r
  data arrival time                                                                  2.316149

  clock cal_clk (rise edge)                                               2.500000   2.500000
  clock network delay (ideal)                                             0.000000   2.500000
  clock uncertainty                                                       -0.050000  2.450000
  target_medium_therm_q_reg[15]/CK (DFFRPQ_X1M_A9TR40)                    0.000000   2.450000 r
  library setup time                                                      -0.073070  2.376930
  data required time                                                                 2.376930
  ----------------------------------------------------------------------------------------------
  data required time                                                                 2.376930
  data arrival time                                                                  -2.316149
  ----------------------------------------------------------------------------------------------
  slack (MET)                                                                        0.060780


  Startpoint: margin_sel_i[1]
              (input port clocked by cal_clk)
  Endpoint: target_medium_therm_q_reg[14]
            (rising edge-triggered flip-flop clocked by cal_clk)
  Path Group: cal_clk
  Path Type: max

  Des/Clust/Port     Wire Load Model       Library
  ------------------------------------------------
  ftc_detection_margin_manager
                     Small                 sc9mc_logic0040ll_base_rvt_c40_ss_typical_max_0p99v_125c

  Point                                       Fanout       Cap     Trans      Incr       Path
  ----------------------------------------------------------------------------------------------
  clock cal_clk (rise edge)                                               0.000000   0.000000
  clock network delay (ideal)                                             0.000000   0.000000
  input external delay                                                    0.500000   0.500000 f
  margin_sel_i[1] (in)                                          0.000000  0.000000   0.500000 f
  margin_sel_i[1] (net)                         5     0.007288            0.000000   0.500000 f
  u_exact_mapper/margin_sel_i[1] (ftc_detection_margin_mapper)            0.000000   0.500000 f
  u_exact_mapper/margin_sel_i[1] (net)                0.007288            0.000000   0.500000 f
  u_exact_mapper/U4/A (INV_X2M_A9TR40)                          0.000000  0.000024   0.500024 f
  u_exact_mapper/U4/Y (INV_X2M_A9TR40)                          0.050583  0.029326   0.529350 r
  u_exact_mapper/n6 (net)                       3     0.004019            0.000000   0.529350 r
  u_exact_mapper/U14/A (NOR2_X0P7B_A9TR40)                      0.050583  0.000017   0.529367 r
  u_exact_mapper/U14/Y (NOR2_X0P7B_A9TR40)                      0.137198  0.099799   0.629166 f
  u_exact_mapper/n1 (net)                       3     0.003879            0.000000   0.629166 f
  u_exact_mapper/U48/C (NAND3_X1M_A9TR40)                       0.137198  0.000018   0.629184 f
  u_exact_mapper/U48/Y (NAND3_X1M_A9TR40)                       0.121586  0.122196   0.751380 r
  u_exact_mapper/n21 (net)                      2     0.002607            0.000000   0.751380 r
  u_exact_mapper/U8/B (AND2_X1M_A9TR40)                         0.121586  0.000019   0.751399 r
  u_exact_mapper/U8/Y (AND2_X1M_A9TR40)                         0.120520  0.166996   0.918395 r
  u_exact_mapper/n8 (net)                       4     0.004923            0.000000   0.918395 r
  u_exact_mapper/U40/B (NAND2B_X1M_A9TR40)                      0.120520  0.000018   0.918413 r
  u_exact_mapper/U40/Y (NAND2B_X1M_A9TR40)                      0.076402  0.089569   1.007982 f
  u_exact_mapper/target_medium_therm_o[4] (net)
                                                2     0.002660            0.000000   1.007982 f
  u_exact_mapper/U9/AN (NAND3B_X2M_A9TR40)                      0.076402  0.000020   1.008001 f
  u_exact_mapper/U9/Y (NAND3B_X2M_A9TR40)                       0.074539  0.121370   1.129371 f
  u_exact_mapper/target_medium_therm_o[3] (net)
                                                2     0.002722            0.000000   1.129371 f
  u_exact_mapper/U39/A (INV_X1M_A9TR40)                         0.074539  0.000021   1.129392 f
  u_exact_mapper/U39/Y (INV_X1M_A9TR40)                         0.096750  0.080296   1.209688 r
  u_exact_mapper/n4 (net)                       2     0.003527            0.000000   1.209688 r
  u_exact_mapper/U3/B (NAND2_X2A_A9TR40)                        0.096750  0.000033   1.209721 r
  u_exact_mapper/U3/Y (NAND2_X2A_A9TR40)                        0.079102  0.064403   1.274124 f
  u_exact_mapper/target_medium_therm_o[2] (net)
                                                2     0.002648            0.000000   1.274124 f
  u_exact_mapper/U16/AN (NAND3BB_X1M_A9TR40)                    0.079102  0.000019   1.274144 f
  u_exact_mapper/U16/Y (NAND3BB_X1M_A9TR40)                     0.146571  0.180088   1.454232 f
  u_exact_mapper/mapping_supported_o (net)      5     0.006742            0.000000   1.454232 f
  u_exact_mapper/mapping_supported_o (ftc_detection_margin_mapper)        0.000000   1.454232 f
  mapper_mapping_supported (net)                      0.006742            0.000000   1.454232 f
  U151/A (NAND2_X2A_A9TR40)                                     0.146571  0.000024   1.454256 f
  U151/Y (NAND2_X2A_A9TR40)                                     0.071978  0.073944   1.528200 r
  n38 (net)                                     2     0.002793            0.000000   1.528200 r
  U157/A (INV_X1M_A9TR40)                                       0.071978  0.000021   1.528221 r
  U157/Y (INV_X1M_A9TR40)                                       0.049106  0.054095   1.582316 f
  n137 (net)                                    2     0.002723            0.000000   1.582316 f
  U153/A (NAND2_X1M_A9TR40)                                     0.049106  0.000021   1.582336 f
  U153/Y (NAND2_X1M_A9TR40)                                     0.104671  0.064974   1.647310 r
  n44 (net)                                     2     0.002673            0.000000   1.647310 r
  U154/A (NOR2_X0P7B_A9TR40)                                    0.104671  0.000019   1.647329 r
  U154/Y (NOR2_X0P7B_A9TR40)                                    0.101529  0.102350   1.749679 f
  n42 (net)                                     2     0.002601            0.000000   1.749679 f
  U168/C (NAND3BB_X1M_A9TR40)                                   0.101529  0.000020   1.749699 f
  U168/Y (NAND3BB_X1M_A9TR40)                                   0.094724  0.086918   1.836617 r
  n21 (net)                                     1     0.002766            0.000000   1.836617 r
  U140/A (INV_X3P5B_A9TR40)                                     0.094724  0.000048   1.836665 r
  U140/Y (INV_X3P5B_A9TR40)                                     0.049558  0.058906   1.895571 f
  n163 (net)                                    5     0.006508            0.000000   1.895571 f
  U138/A (BUF_X2P5M_A9TR40)                                     0.049558  0.000017   1.895589 f
  U138/Y (BUF_X2P5M_A9TR40)                                     0.067717  0.113324   2.008912 f
  n160 (net)                                    8     0.009657            0.000000   2.008912 f
  U179/A (INV_X1M_A9TR40)                                       0.067717  0.000016   2.008928 f
  U179/Y (INV_X1M_A9TR40)                                       0.212030  0.140445   2.149374 r
  n156 (net)                                    8     0.009259            0.000000   2.149374 r
  U175/A (AND2_X0P7M_A9TR40)                                    0.212030  0.000014   2.149388 r
  U175/Y (AND2_X0P7M_A9TR40)                                    0.068477  0.166735   2.316123 r
  n145 (net)                                    1     0.001559            0.000000   2.316123 r
  target_medium_therm_q_reg[14]/D (DFFRPQ_X1M_A9TR40)           0.068477  0.000027   2.316149 r
  data arrival time                                                                  2.316149

  clock cal_clk (rise edge)                                               2.500000   2.500000
  clock network delay (ideal)                                             0.000000   2.500000
  clock uncertainty                                                       -0.050000  2.450000
  target_medium_therm_q_reg[14]/CK (DFFRPQ_X1M_A9TR40)                    0.000000   2.450000 r
  library setup time                                                      -0.073070  2.376930
  data required time                                                                 2.376930
  ----------------------------------------------------------------------------------------------
  data required time                                                                 2.376930
  data arrival time                                                                  -2.316149
  ----------------------------------------------------------------------------------------------
  slack (MET)                                                                        0.060780


  Startpoint: margin_sel_i[1]
              (input port clocked by cal_clk)
  Endpoint: target_medium_therm_q_reg[13]
            (rising edge-triggered flip-flop clocked by cal_clk)
  Path Group: cal_clk
  Path Type: max

  Des/Clust/Port     Wire Load Model       Library
  ------------------------------------------------
  ftc_detection_margin_manager
                     Small                 sc9mc_logic0040ll_base_rvt_c40_ss_typical_max_0p99v_125c

  Point                                       Fanout       Cap     Trans      Incr       Path
  ----------------------------------------------------------------------------------------------
  clock cal_clk (rise edge)                                               0.000000   0.000000
  clock network delay (ideal)                                             0.000000   0.000000
  input external delay                                                    0.500000   0.500000 f
  margin_sel_i[1] (in)                                          0.000000  0.000000   0.500000 f
  margin_sel_i[1] (net)                         5     0.007288            0.000000   0.500000 f
  u_exact_mapper/margin_sel_i[1] (ftc_detection_margin_mapper)            0.000000   0.500000 f
  u_exact_mapper/margin_sel_i[1] (net)                0.007288            0.000000   0.500000 f
  u_exact_mapper/U4/A (INV_X2M_A9TR40)                          0.000000  0.000024   0.500024 f
  u_exact_mapper/U4/Y (INV_X2M_A9TR40)                          0.050583  0.029326   0.529350 r
  u_exact_mapper/n6 (net)                       3     0.004019            0.000000   0.529350 r
  u_exact_mapper/U14/A (NOR2_X0P7B_A9TR40)                      0.050583  0.000017   0.529367 r
  u_exact_mapper/U14/Y (NOR2_X0P7B_A9TR40)                      0.137198  0.099799   0.629166 f
  u_exact_mapper/n1 (net)                       3     0.003879            0.000000   0.629166 f
  u_exact_mapper/U48/C (NAND3_X1M_A9TR40)                       0.137198  0.000018   0.629184 f
  u_exact_mapper/U48/Y (NAND3_X1M_A9TR40)                       0.121586  0.122196   0.751380 r
  u_exact_mapper/n21 (net)                      2     0.002607            0.000000   0.751380 r
  u_exact_mapper/U8/B (AND2_X1M_A9TR40)                         0.121586  0.000019   0.751399 r
  u_exact_mapper/U8/Y (AND2_X1M_A9TR40)                         0.120520  0.166996   0.918395 r
  u_exact_mapper/n8 (net)                       4     0.004923            0.000000   0.918395 r
  u_exact_mapper/U40/B (NAND2B_X1M_A9TR40)                      0.120520  0.000018   0.918413 r
  u_exact_mapper/U40/Y (NAND2B_X1M_A9TR40)                      0.076402  0.089569   1.007982 f
  u_exact_mapper/target_medium_therm_o[4] (net)
                                                2     0.002660            0.000000   1.007982 f
  u_exact_mapper/U9/AN (NAND3B_X2M_A9TR40)                      0.076402  0.000020   1.008001 f
  u_exact_mapper/U9/Y (NAND3B_X2M_A9TR40)                       0.074539  0.121370   1.129371 f
  u_exact_mapper/target_medium_therm_o[3] (net)
                                                2     0.002722            0.000000   1.129371 f
  u_exact_mapper/U39/A (INV_X1M_A9TR40)                         0.074539  0.000021   1.129392 f
  u_exact_mapper/U39/Y (INV_X1M_A9TR40)                         0.096750  0.080296   1.209688 r
  u_exact_mapper/n4 (net)                       2     0.003527            0.000000   1.209688 r
  u_exact_mapper/U3/B (NAND2_X2A_A9TR40)                        0.096750  0.000033   1.209721 r
  u_exact_mapper/U3/Y (NAND2_X2A_A9TR40)                        0.079102  0.064403   1.274124 f
  u_exact_mapper/target_medium_therm_o[2] (net)
                                                2     0.002648            0.000000   1.274124 f
  u_exact_mapper/U16/AN (NAND3BB_X1M_A9TR40)                    0.079102  0.000019   1.274144 f
  u_exact_mapper/U16/Y (NAND3BB_X1M_A9TR40)                     0.146571  0.180088   1.454232 f
  u_exact_mapper/mapping_supported_o (net)      5     0.006742            0.000000   1.454232 f
  u_exact_mapper/mapping_supported_o (ftc_detection_margin_mapper)        0.000000   1.454232 f
  mapper_mapping_supported (net)                      0.006742            0.000000   1.454232 f
  U151/A (NAND2_X2A_A9TR40)                                     0.146571  0.000024   1.454256 f
  U151/Y (NAND2_X2A_A9TR40)                                     0.071978  0.073944   1.528200 r
  n38 (net)                                     2     0.002793            0.000000   1.528200 r
  U157/A (INV_X1M_A9TR40)                                       0.071978  0.000021   1.528221 r
  U157/Y (INV_X1M_A9TR40)                                       0.049106  0.054095   1.582316 f
  n137 (net)                                    2     0.002723            0.000000   1.582316 f
  U153/A (NAND2_X1M_A9TR40)                                     0.049106  0.000021   1.582336 f
  U153/Y (NAND2_X1M_A9TR40)                                     0.104671  0.064974   1.647310 r
  n44 (net)                                     2     0.002673            0.000000   1.647310 r
  U154/A (NOR2_X0P7B_A9TR40)                                    0.104671  0.000019   1.647329 r
  U154/Y (NOR2_X0P7B_A9TR40)                                    0.101529  0.102350   1.749679 f
  n42 (net)                                     2     0.002601            0.000000   1.749679 f
  U168/C (NAND3BB_X1M_A9TR40)                                   0.101529  0.000020   1.749699 f
  U168/Y (NAND3BB_X1M_A9TR40)                                   0.094724  0.086918   1.836617 r
  n21 (net)                                     1     0.002766            0.000000   1.836617 r
  U140/A (INV_X3P5B_A9TR40)                                     0.094724  0.000048   1.836665 r
  U140/Y (INV_X3P5B_A9TR40)                                     0.049558  0.058906   1.895571 f
  n163 (net)                                    5     0.006508            0.000000   1.895571 f
  U138/A (BUF_X2P5M_A9TR40)                                     0.049558  0.000017   1.895589 f
  U138/Y (BUF_X2P5M_A9TR40)                                     0.067717  0.113324   2.008912 f
  n160 (net)                                    8     0.009657            0.000000   2.008912 f
  U179/A (INV_X1M_A9TR40)                                       0.067717  0.000016   2.008928 f
  U179/Y (INV_X1M_A9TR40)                                       0.212030  0.140445   2.149374 r
  n156 (net)                                    8     0.009259            0.000000   2.149374 r
  U174/A (AND2_X0P7M_A9TR40)                                    0.212030  0.000014   2.149388 r
  U174/Y (AND2_X0P7M_A9TR40)                                    0.068477  0.166735   2.316123 r
  n144 (net)                                    1     0.001559            0.000000   2.316123 r
  target_medium_therm_q_reg[13]/D (DFFRPQ_X1M_A9TR40)           0.068477  0.000027   2.316149 r
  data arrival time                                                                  2.316149

  clock cal_clk (rise edge)                                               2.500000   2.500000
  clock network delay (ideal)                                             0.000000   2.500000
  clock uncertainty                                                       -0.050000  2.450000
  target_medium_therm_q_reg[13]/CK (DFFRPQ_X1M_A9TR40)                    0.000000   2.450000 r
  library setup time                                                      -0.073070  2.376930
  data required time                                                                 2.376930
  ----------------------------------------------------------------------------------------------
  data required time                                                                 2.376930
  data arrival time                                                                  -2.316149
  ----------------------------------------------------------------------------------------------
  slack (MET)                                                                        0.060780


  Startpoint: margin_sel_i[1]
              (input port clocked by cal_clk)
  Endpoint: target_medium_therm_q_reg[12]
            (rising edge-triggered flip-flop clocked by cal_clk)
  Path Group: cal_clk
  Path Type: max

  Des/Clust/Port     Wire Load Model       Library
  ------------------------------------------------
  ftc_detection_margin_manager
                     Small                 sc9mc_logic0040ll_base_rvt_c40_ss_typical_max_0p99v_125c

  Point                                       Fanout       Cap     Trans      Incr       Path
  ----------------------------------------------------------------------------------------------
  clock cal_clk (rise edge)                                               0.000000   0.000000
  clock network delay (ideal)                                             0.000000   0.000000
  input external delay                                                    0.500000   0.500000 f
  margin_sel_i[1] (in)                                          0.000000  0.000000   0.500000 f
  margin_sel_i[1] (net)                         5     0.007288            0.000000   0.500000 f
  u_exact_mapper/margin_sel_i[1] (ftc_detection_margin_mapper)            0.000000   0.500000 f
  u_exact_mapper/margin_sel_i[1] (net)                0.007288            0.000000   0.500000 f
  u_exact_mapper/U4/A (INV_X2M_A9TR40)                          0.000000  0.000024   0.500024 f
  u_exact_mapper/U4/Y (INV_X2M_A9TR40)                          0.050583  0.029326   0.529350 r
  u_exact_mapper/n6 (net)                       3     0.004019            0.000000   0.529350 r
  u_exact_mapper/U14/A (NOR2_X0P7B_A9TR40)                      0.050583  0.000017   0.529367 r
  u_exact_mapper/U14/Y (NOR2_X0P7B_A9TR40)                      0.137198  0.099799   0.629166 f
  u_exact_mapper/n1 (net)                       3     0.003879            0.000000   0.629166 f
  u_exact_mapper/U48/C (NAND3_X1M_A9TR40)                       0.137198  0.000018   0.629184 f
  u_exact_mapper/U48/Y (NAND3_X1M_A9TR40)                       0.121586  0.122196   0.751380 r
  u_exact_mapper/n21 (net)                      2     0.002607            0.000000   0.751380 r
  u_exact_mapper/U8/B (AND2_X1M_A9TR40)                         0.121586  0.000019   0.751399 r
  u_exact_mapper/U8/Y (AND2_X1M_A9TR40)                         0.120520  0.166996   0.918395 r
  u_exact_mapper/n8 (net)                       4     0.004923            0.000000   0.918395 r
  u_exact_mapper/U40/B (NAND2B_X1M_A9TR40)                      0.120520  0.000018   0.918413 r
  u_exact_mapper/U40/Y (NAND2B_X1M_A9TR40)                      0.076402  0.089569   1.007982 f
  u_exact_mapper/target_medium_therm_o[4] (net)
                                                2     0.002660            0.000000   1.007982 f
  u_exact_mapper/U9/AN (NAND3B_X2M_A9TR40)                      0.076402  0.000020   1.008001 f
  u_exact_mapper/U9/Y (NAND3B_X2M_A9TR40)                       0.074539  0.121370   1.129371 f
  u_exact_mapper/target_medium_therm_o[3] (net)
                                                2     0.002722            0.000000   1.129371 f
  u_exact_mapper/U39/A (INV_X1M_A9TR40)                         0.074539  0.000021   1.129392 f
  u_exact_mapper/U39/Y (INV_X1M_A9TR40)                         0.096750  0.080296   1.209688 r
  u_exact_mapper/n4 (net)                       2     0.003527            0.000000   1.209688 r
  u_exact_mapper/U3/B (NAND2_X2A_A9TR40)                        0.096750  0.000033   1.209721 r
  u_exact_mapper/U3/Y (NAND2_X2A_A9TR40)                        0.079102  0.064403   1.274124 f
  u_exact_mapper/target_medium_therm_o[2] (net)
                                                2     0.002648            0.000000   1.274124 f
  u_exact_mapper/U16/AN (NAND3BB_X1M_A9TR40)                    0.079102  0.000019   1.274144 f
  u_exact_mapper/U16/Y (NAND3BB_X1M_A9TR40)                     0.146571  0.180088   1.454232 f
  u_exact_mapper/mapping_supported_o (net)      5     0.006742            0.000000   1.454232 f
  u_exact_mapper/mapping_supported_o (ftc_detection_margin_mapper)        0.000000   1.454232 f
  mapper_mapping_supported (net)                      0.006742            0.000000   1.454232 f
  U151/A (NAND2_X2A_A9TR40)                                     0.146571  0.000024   1.454256 f
  U151/Y (NAND2_X2A_A9TR40)                                     0.071978  0.073944   1.528200 r
  n38 (net)                                     2     0.002793            0.000000   1.528200 r
  U157/A (INV_X1M_A9TR40)                                       0.071978  0.000021   1.528221 r
  U157/Y (INV_X1M_A9TR40)                                       0.049106  0.054095   1.582316 f
  n137 (net)                                    2     0.002723            0.000000   1.582316 f
  U153/A (NAND2_X1M_A9TR40)                                     0.049106  0.000021   1.582336 f
  U153/Y (NAND2_X1M_A9TR40)                                     0.104671  0.064974   1.647310 r
  n44 (net)                                     2     0.002673            0.000000   1.647310 r
  U154/A (NOR2_X0P7B_A9TR40)                                    0.104671  0.000019   1.647329 r
  U154/Y (NOR2_X0P7B_A9TR40)                                    0.101529  0.102350   1.749679 f
  n42 (net)                                     2     0.002601            0.000000   1.749679 f
  U168/C (NAND3BB_X1M_A9TR40)                                   0.101529  0.000020   1.749699 f
  U168/Y (NAND3BB_X1M_A9TR40)                                   0.094724  0.086918   1.836617 r
  n21 (net)                                     1     0.002766            0.000000   1.836617 r
  U140/A (INV_X3P5B_A9TR40)                                     0.094724  0.000048   1.836665 r
  U140/Y (INV_X3P5B_A9TR40)                                     0.049558  0.058906   1.895571 f
  n163 (net)                                    5     0.006508            0.000000   1.895571 f
  U138/A (BUF_X2P5M_A9TR40)                                     0.049558  0.000017   1.895589 f
  U138/Y (BUF_X2P5M_A9TR40)                                     0.067717  0.113324   2.008912 f
  n160 (net)                                    8     0.009657            0.000000   2.008912 f
  U179/A (INV_X1M_A9TR40)                                       0.067717  0.000016   2.008928 f
  U179/Y (INV_X1M_A9TR40)                                       0.212030  0.140445   2.149374 r
  n156 (net)                                    8     0.009259            0.000000   2.149374 r
  U173/A (AND2_X0P7M_A9TR40)                                    0.212030  0.000014   2.149388 r
  U173/Y (AND2_X0P7M_A9TR40)                                    0.068477  0.166735   2.316123 r
  n143 (net)                                    1     0.001559            0.000000   2.316123 r
  target_medium_therm_q_reg[12]/D (DFFRPQ_X1M_A9TR40)           0.068477  0.000027   2.316149 r
  data arrival time                                                                  2.316149

  clock cal_clk (rise edge)                                               2.500000   2.500000
  clock network delay (ideal)                                             0.000000   2.500000
  clock uncertainty                                                       -0.050000  2.450000
  target_medium_therm_q_reg[12]/CK (DFFRPQ_X1M_A9TR40)                    0.000000   2.450000 r
  library setup time                                                      -0.073070  2.376930
  data required time                                                                 2.376930
  ----------------------------------------------------------------------------------------------
  data required time                                                                 2.376930
  data arrival time                                                                  -2.316149
  ----------------------------------------------------------------------------------------------
  slack (MET)                                                                        0.060780


  Startpoint: margin_sel_i[1]
              (input port clocked by cal_clk)
  Endpoint: target_medium_therm_q_reg[11]
            (rising edge-triggered flip-flop clocked by cal_clk)
  Path Group: cal_clk
  Path Type: max

  Des/Clust/Port     Wire Load Model       Library
  ------------------------------------------------
  ftc_detection_margin_manager
                     Small                 sc9mc_logic0040ll_base_rvt_c40_ss_typical_max_0p99v_125c

  Point                                       Fanout       Cap     Trans      Incr       Path
  ----------------------------------------------------------------------------------------------
  clock cal_clk (rise edge)                                               0.000000   0.000000
  clock network delay (ideal)                                             0.000000   0.000000
  input external delay                                                    0.500000   0.500000 f
  margin_sel_i[1] (in)                                          0.000000  0.000000   0.500000 f
  margin_sel_i[1] (net)                         5     0.007288            0.000000   0.500000 f
  u_exact_mapper/margin_sel_i[1] (ftc_detection_margin_mapper)            0.000000   0.500000 f
  u_exact_mapper/margin_sel_i[1] (net)                0.007288            0.000000   0.500000 f
  u_exact_mapper/U4/A (INV_X2M_A9TR40)                          0.000000  0.000024   0.500024 f
  u_exact_mapper/U4/Y (INV_X2M_A9TR40)                          0.050583  0.029326   0.529350 r
  u_exact_mapper/n6 (net)                       3     0.004019            0.000000   0.529350 r
  u_exact_mapper/U14/A (NOR2_X0P7B_A9TR40)                      0.050583  0.000017   0.529367 r
  u_exact_mapper/U14/Y (NOR2_X0P7B_A9TR40)                      0.137198  0.099799   0.629166 f
  u_exact_mapper/n1 (net)                       3     0.003879            0.000000   0.629166 f
  u_exact_mapper/U48/C (NAND3_X1M_A9TR40)                       0.137198  0.000018   0.629184 f
  u_exact_mapper/U48/Y (NAND3_X1M_A9TR40)                       0.121586  0.122196   0.751380 r
  u_exact_mapper/n21 (net)                      2     0.002607            0.000000   0.751380 r
  u_exact_mapper/U8/B (AND2_X1M_A9TR40)                         0.121586  0.000019   0.751399 r
  u_exact_mapper/U8/Y (AND2_X1M_A9TR40)                         0.120520  0.166996   0.918395 r
  u_exact_mapper/n8 (net)                       4     0.004923            0.000000   0.918395 r
  u_exact_mapper/U40/B (NAND2B_X1M_A9TR40)                      0.120520  0.000018   0.918413 r
  u_exact_mapper/U40/Y (NAND2B_X1M_A9TR40)                      0.076402  0.089569   1.007982 f
  u_exact_mapper/target_medium_therm_o[4] (net)
                                                2     0.002660            0.000000   1.007982 f
  u_exact_mapper/U9/AN (NAND3B_X2M_A9TR40)                      0.076402  0.000020   1.008001 f
  u_exact_mapper/U9/Y (NAND3B_X2M_A9TR40)                       0.074539  0.121370   1.129371 f
  u_exact_mapper/target_medium_therm_o[3] (net)
                                                2     0.002722            0.000000   1.129371 f
  u_exact_mapper/U39/A (INV_X1M_A9TR40)                         0.074539  0.000021   1.129392 f
  u_exact_mapper/U39/Y (INV_X1M_A9TR40)                         0.096750  0.080296   1.209688 r
  u_exact_mapper/n4 (net)                       2     0.003527            0.000000   1.209688 r
  u_exact_mapper/U3/B (NAND2_X2A_A9TR40)                        0.096750  0.000033   1.209721 r
  u_exact_mapper/U3/Y (NAND2_X2A_A9TR40)                        0.079102  0.064403   1.274124 f
  u_exact_mapper/target_medium_therm_o[2] (net)
                                                2     0.002648            0.000000   1.274124 f
  u_exact_mapper/U16/AN (NAND3BB_X1M_A9TR40)                    0.079102  0.000019   1.274144 f
  u_exact_mapper/U16/Y (NAND3BB_X1M_A9TR40)                     0.146571  0.180088   1.454232 f
  u_exact_mapper/mapping_supported_o (net)      5     0.006742            0.000000   1.454232 f
  u_exact_mapper/mapping_supported_o (ftc_detection_margin_mapper)        0.000000   1.454232 f
  mapper_mapping_supported (net)                      0.006742            0.000000   1.454232 f
  U151/A (NAND2_X2A_A9TR40)                                     0.146571  0.000024   1.454256 f
  U151/Y (NAND2_X2A_A9TR40)                                     0.071978  0.073944   1.528200 r
  n38 (net)                                     2     0.002793            0.000000   1.528200 r
  U157/A (INV_X1M_A9TR40)                                       0.071978  0.000021   1.528221 r
  U157/Y (INV_X1M_A9TR40)                                       0.049106  0.054095   1.582316 f
  n137 (net)                                    2     0.002723            0.000000   1.582316 f
  U153/A (NAND2_X1M_A9TR40)                                     0.049106  0.000021   1.582336 f
  U153/Y (NAND2_X1M_A9TR40)                                     0.104671  0.064974   1.647310 r
  n44 (net)                                     2     0.002673            0.000000   1.647310 r
  U154/A (NOR2_X0P7B_A9TR40)                                    0.104671  0.000019   1.647329 r
  U154/Y (NOR2_X0P7B_A9TR40)                                    0.101529  0.102350   1.749679 f
  n42 (net)                                     2     0.002601            0.000000   1.749679 f
  U168/C (NAND3BB_X1M_A9TR40)                                   0.101529  0.000020   1.749699 f
  U168/Y (NAND3BB_X1M_A9TR40)                                   0.094724  0.086918   1.836617 r
  n21 (net)                                     1     0.002766            0.000000   1.836617 r
  U140/A (INV_X3P5B_A9TR40)                                     0.094724  0.000048   1.836665 r
  U140/Y (INV_X3P5B_A9TR40)                                     0.049558  0.058906   1.895571 f
  n163 (net)                                    5     0.006508            0.000000   1.895571 f
  U138/A (BUF_X2P5M_A9TR40)                                     0.049558  0.000017   1.895589 f
  U138/Y (BUF_X2P5M_A9TR40)                                     0.067717  0.113324   2.008912 f
  n160 (net)                                    8     0.009657            0.000000   2.008912 f
  U179/A (INV_X1M_A9TR40)                                       0.067717  0.000016   2.008928 f
  U179/Y (INV_X1M_A9TR40)                                       0.212030  0.140445   2.149374 r
  n156 (net)                                    8     0.009259            0.000000   2.149374 r
  U172/A (AND2_X0P7M_A9TR40)                                    0.212030  0.000014   2.149388 r
  U172/Y (AND2_X0P7M_A9TR40)                                    0.068477  0.166735   2.316123 r
  n142 (net)                                    1     0.001559            0.000000   2.316123 r
  target_medium_therm_q_reg[11]/D (DFFRPQ_X1M_A9TR40)           0.068477  0.000027   2.316149 r
  data arrival time                                                                  2.316149

  clock cal_clk (rise edge)                                               2.500000   2.500000
  clock network delay (ideal)                                             0.000000   2.500000
  clock uncertainty                                                       -0.050000  2.450000
  target_medium_therm_q_reg[11]/CK (DFFRPQ_X1M_A9TR40)                    0.000000   2.450000 r
  library setup time                                                      -0.073070  2.376930
  data required time                                                                 2.376930
  ----------------------------------------------------------------------------------------------
  data required time                                                                 2.376930
  data arrival time                                                                  -2.316149
  ----------------------------------------------------------------------------------------------
  slack (MET)                                                                        0.060780


  Startpoint: margin_sel_i[1]
              (input port clocked by cal_clk)
  Endpoint: target_medium_therm_q_reg[10]
            (rising edge-triggered flip-flop clocked by cal_clk)
  Path Group: cal_clk
  Path Type: max

  Des/Clust/Port     Wire Load Model       Library
  ------------------------------------------------
  ftc_detection_margin_manager
                     Small                 sc9mc_logic0040ll_base_rvt_c40_ss_typical_max_0p99v_125c

  Point                                       Fanout       Cap     Trans      Incr       Path
  ----------------------------------------------------------------------------------------------
  clock cal_clk (rise edge)                                               0.000000   0.000000
  clock network delay (ideal)                                             0.000000   0.000000
  input external delay                                                    0.500000   0.500000 f
  margin_sel_i[1] (in)                                          0.000000  0.000000   0.500000 f
  margin_sel_i[1] (net)                         5     0.007288            0.000000   0.500000 f
  u_exact_mapper/margin_sel_i[1] (ftc_detection_margin_mapper)            0.000000   0.500000 f
  u_exact_mapper/margin_sel_i[1] (net)                0.007288            0.000000   0.500000 f
  u_exact_mapper/U4/A (INV_X2M_A9TR40)                          0.000000  0.000024   0.500024 f
  u_exact_mapper/U4/Y (INV_X2M_A9TR40)                          0.050583  0.029326   0.529350 r
  u_exact_mapper/n6 (net)                       3     0.004019            0.000000   0.529350 r
  u_exact_mapper/U14/A (NOR2_X0P7B_A9TR40)                      0.050583  0.000017   0.529367 r
  u_exact_mapper/U14/Y (NOR2_X0P7B_A9TR40)                      0.137198  0.099799   0.629166 f
  u_exact_mapper/n1 (net)                       3     0.003879            0.000000   0.629166 f
  u_exact_mapper/U48/C (NAND3_X1M_A9TR40)                       0.137198  0.000018   0.629184 f
  u_exact_mapper/U48/Y (NAND3_X1M_A9TR40)                       0.121586  0.122196   0.751380 r
  u_exact_mapper/n21 (net)                      2     0.002607            0.000000   0.751380 r
  u_exact_mapper/U8/B (AND2_X1M_A9TR40)                         0.121586  0.000019   0.751399 r
  u_exact_mapper/U8/Y (AND2_X1M_A9TR40)                         0.120520  0.166996   0.918395 r
  u_exact_mapper/n8 (net)                       4     0.004923            0.000000   0.918395 r
  u_exact_mapper/U40/B (NAND2B_X1M_A9TR40)                      0.120520  0.000018   0.918413 r
  u_exact_mapper/U40/Y (NAND2B_X1M_A9TR40)                      0.076402  0.089569   1.007982 f
  u_exact_mapper/target_medium_therm_o[4] (net)
                                                2     0.002660            0.000000   1.007982 f
  u_exact_mapper/U9/AN (NAND3B_X2M_A9TR40)                      0.076402  0.000020   1.008001 f
  u_exact_mapper/U9/Y (NAND3B_X2M_A9TR40)                       0.074539  0.121370   1.129371 f
  u_exact_mapper/target_medium_therm_o[3] (net)
                                                2     0.002722            0.000000   1.129371 f
  u_exact_mapper/U39/A (INV_X1M_A9TR40)                         0.074539  0.000021   1.129392 f
  u_exact_mapper/U39/Y (INV_X1M_A9TR40)                         0.096750  0.080296   1.209688 r
  u_exact_mapper/n4 (net)                       2     0.003527            0.000000   1.209688 r
  u_exact_mapper/U3/B (NAND2_X2A_A9TR40)                        0.096750  0.000033   1.209721 r
  u_exact_mapper/U3/Y (NAND2_X2A_A9TR40)                        0.079102  0.064403   1.274124 f
  u_exact_mapper/target_medium_therm_o[2] (net)
                                                2     0.002648            0.000000   1.274124 f
  u_exact_mapper/U16/AN (NAND3BB_X1M_A9TR40)                    0.079102  0.000019   1.274144 f
  u_exact_mapper/U16/Y (NAND3BB_X1M_A9TR40)                     0.146571  0.180088   1.454232 f
  u_exact_mapper/mapping_supported_o (net)      5     0.006742            0.000000   1.454232 f
  u_exact_mapper/mapping_supported_o (ftc_detection_margin_mapper)        0.000000   1.454232 f
  mapper_mapping_supported (net)                      0.006742            0.000000   1.454232 f
  U151/A (NAND2_X2A_A9TR40)                                     0.146571  0.000024   1.454256 f
  U151/Y (NAND2_X2A_A9TR40)                                     0.071978  0.073944   1.528200 r
  n38 (net)                                     2     0.002793            0.000000   1.528200 r
  U157/A (INV_X1M_A9TR40)                                       0.071978  0.000021   1.528221 r
  U157/Y (INV_X1M_A9TR40)                                       0.049106  0.054095   1.582316 f
  n137 (net)                                    2     0.002723            0.000000   1.582316 f
  U153/A (NAND2_X1M_A9TR40)                                     0.049106  0.000021   1.582336 f
  U153/Y (NAND2_X1M_A9TR40)                                     0.104671  0.064974   1.647310 r
  n44 (net)                                     2     0.002673            0.000000   1.647310 r
  U154/A (NOR2_X0P7B_A9TR40)                                    0.104671  0.000019   1.647329 r
  U154/Y (NOR2_X0P7B_A9TR40)                                    0.101529  0.102350   1.749679 f
  n42 (net)                                     2     0.002601            0.000000   1.749679 f
  U168/C (NAND3BB_X1M_A9TR40)                                   0.101529  0.000020   1.749699 f
  U168/Y (NAND3BB_X1M_A9TR40)                                   0.094724  0.086918   1.836617 r
  n21 (net)                                     1     0.002766            0.000000   1.836617 r
  U140/A (INV_X3P5B_A9TR40)                                     0.094724  0.000048   1.836665 r
  U140/Y (INV_X3P5B_A9TR40)                                     0.049558  0.058906   1.895571 f
  n163 (net)                                    5     0.006508            0.000000   1.895571 f
  U138/A (BUF_X2P5M_A9TR40)                                     0.049558  0.000017   1.895589 f
  U138/Y (BUF_X2P5M_A9TR40)                                     0.067717  0.113324   2.008912 f
  n160 (net)                                    8     0.009657            0.000000   2.008912 f
  U179/A (INV_X1M_A9TR40)                                       0.067717  0.000016   2.008928 f
  U179/Y (INV_X1M_A9TR40)                                       0.212030  0.140445   2.149374 r
  n156 (net)                                    8     0.009259            0.000000   2.149374 r
  U171/A (AND2_X0P7M_A9TR40)                                    0.212030  0.000014   2.149388 r
  U171/Y (AND2_X0P7M_A9TR40)                                    0.068477  0.166735   2.316123 r
  n141 (net)                                    1     0.001559            0.000000   2.316123 r
  target_medium_therm_q_reg[10]/D (DFFRPQ_X1M_A9TR40)           0.068477  0.000027   2.316149 r
  data arrival time                                                                  2.316149

  clock cal_clk (rise edge)                                               2.500000   2.500000
  clock network delay (ideal)                                             0.000000   2.500000
  clock uncertainty                                                       -0.050000  2.450000
  target_medium_therm_q_reg[10]/CK (DFFRPQ_X1M_A9TR40)                    0.000000   2.450000 r
  library setup time                                                      -0.073070  2.376930
  data required time                                                                 2.376930
  ----------------------------------------------------------------------------------------------
  data required time                                                                 2.376930
  data arrival time                                                                  -2.316149
  ----------------------------------------------------------------------------------------------
  slack (MET)                                                                        0.060780


  Startpoint: margin_sel_i[1]
              (input port clocked by cal_clk)
  Endpoint: target_medium_therm_q_reg[9]
            (rising edge-triggered flip-flop clocked by cal_clk)
  Path Group: cal_clk
  Path Type: max

  Des/Clust/Port     Wire Load Model       Library
  ------------------------------------------------
  ftc_detection_margin_manager
                     Small                 sc9mc_logic0040ll_base_rvt_c40_ss_typical_max_0p99v_125c

  Point                                       Fanout       Cap     Trans      Incr       Path
  ----------------------------------------------------------------------------------------------
  clock cal_clk (rise edge)                                               0.000000   0.000000
  clock network delay (ideal)                                             0.000000   0.000000
  input external delay                                                    0.500000   0.500000 f
  margin_sel_i[1] (in)                                          0.000000  0.000000   0.500000 f
  margin_sel_i[1] (net)                         5     0.007288            0.000000   0.500000 f
  u_exact_mapper/margin_sel_i[1] (ftc_detection_margin_mapper)            0.000000   0.500000 f
  u_exact_mapper/margin_sel_i[1] (net)                0.007288            0.000000   0.500000 f
  u_exact_mapper/U4/A (INV_X2M_A9TR40)                          0.000000  0.000024   0.500024 f
  u_exact_mapper/U4/Y (INV_X2M_A9TR40)                          0.050583  0.029326   0.529350 r
  u_exact_mapper/n6 (net)                       3     0.004019            0.000000   0.529350 r
  u_exact_mapper/U14/A (NOR2_X0P7B_A9TR40)                      0.050583  0.000017   0.529367 r
  u_exact_mapper/U14/Y (NOR2_X0P7B_A9TR40)                      0.137198  0.099799   0.629166 f
  u_exact_mapper/n1 (net)                       3     0.003879            0.000000   0.629166 f
  u_exact_mapper/U48/C (NAND3_X1M_A9TR40)                       0.137198  0.000018   0.629184 f
  u_exact_mapper/U48/Y (NAND3_X1M_A9TR40)                       0.121586  0.122196   0.751380 r
  u_exact_mapper/n21 (net)                      2     0.002607            0.000000   0.751380 r
  u_exact_mapper/U8/B (AND2_X1M_A9TR40)                         0.121586  0.000019   0.751399 r
  u_exact_mapper/U8/Y (AND2_X1M_A9TR40)                         0.120520  0.166996   0.918395 r
  u_exact_mapper/n8 (net)                       4     0.004923            0.000000   0.918395 r
  u_exact_mapper/U40/B (NAND2B_X1M_A9TR40)                      0.120520  0.000018   0.918413 r
  u_exact_mapper/U40/Y (NAND2B_X1M_A9TR40)                      0.076402  0.089569   1.007982 f
  u_exact_mapper/target_medium_therm_o[4] (net)
                                                2     0.002660            0.000000   1.007982 f
  u_exact_mapper/U9/AN (NAND3B_X2M_A9TR40)                      0.076402  0.000020   1.008001 f
  u_exact_mapper/U9/Y (NAND3B_X2M_A9TR40)                       0.074539  0.121370   1.129371 f
  u_exact_mapper/target_medium_therm_o[3] (net)
                                                2     0.002722            0.000000   1.129371 f
  u_exact_mapper/U39/A (INV_X1M_A9TR40)                         0.074539  0.000021   1.129392 f
  u_exact_mapper/U39/Y (INV_X1M_A9TR40)                         0.096750  0.080296   1.209688 r
  u_exact_mapper/n4 (net)                       2     0.003527            0.000000   1.209688 r
  u_exact_mapper/U3/B (NAND2_X2A_A9TR40)                        0.096750  0.000033   1.209721 r
  u_exact_mapper/U3/Y (NAND2_X2A_A9TR40)                        0.079102  0.064403   1.274124 f
  u_exact_mapper/target_medium_therm_o[2] (net)
                                                2     0.002648            0.000000   1.274124 f
  u_exact_mapper/U16/AN (NAND3BB_X1M_A9TR40)                    0.079102  0.000019   1.274144 f
  u_exact_mapper/U16/Y (NAND3BB_X1M_A9TR40)                     0.146571  0.180088   1.454232 f
  u_exact_mapper/mapping_supported_o (net)      5     0.006742            0.000000   1.454232 f
  u_exact_mapper/mapping_supported_o (ftc_detection_margin_mapper)        0.000000   1.454232 f
  mapper_mapping_supported (net)                      0.006742            0.000000   1.454232 f
  U151/A (NAND2_X2A_A9TR40)                                     0.146571  0.000024   1.454256 f
  U151/Y (NAND2_X2A_A9TR40)                                     0.071978  0.073944   1.528200 r
  n38 (net)                                     2     0.002793            0.000000   1.528200 r
  U157/A (INV_X1M_A9TR40)                                       0.071978  0.000021   1.528221 r
  U157/Y (INV_X1M_A9TR40)                                       0.049106  0.054095   1.582316 f
  n137 (net)                                    2     0.002723            0.000000   1.582316 f
  U153/A (NAND2_X1M_A9TR40)                                     0.049106  0.000021   1.582336 f
  U153/Y (NAND2_X1M_A9TR40)                                     0.104671  0.064974   1.647310 r
  n44 (net)                                     2     0.002673            0.000000   1.647310 r
  U154/A (NOR2_X0P7B_A9TR40)                                    0.104671  0.000019   1.647329 r
  U154/Y (NOR2_X0P7B_A9TR40)                                    0.101529  0.102350   1.749679 f
  n42 (net)                                     2     0.002601            0.000000   1.749679 f
  U168/C (NAND3BB_X1M_A9TR40)                                   0.101529  0.000020   1.749699 f
  U168/Y (NAND3BB_X1M_A9TR40)                                   0.094724  0.086918   1.836617 r
  n21 (net)                                     1     0.002766            0.000000   1.836617 r
  U140/A (INV_X3P5B_A9TR40)                                     0.094724  0.000048   1.836665 r
  U140/Y (INV_X3P5B_A9TR40)                                     0.049558  0.058906   1.895571 f
  n163 (net)                                    5     0.006508            0.000000   1.895571 f
  U138/A (BUF_X2P5M_A9TR40)                                     0.049558  0.000017   1.895589 f
  U138/Y (BUF_X2P5M_A9TR40)                                     0.067717  0.113324   2.008912 f
  n160 (net)                                    8     0.009657            0.000000   2.008912 f
  U179/A (INV_X1M_A9TR40)                                       0.067717  0.000016   2.008928 f
  U179/Y (INV_X1M_A9TR40)                                       0.212030  0.140445   2.149374 r
  n156 (net)                                    8     0.009259            0.000000   2.149374 r
  U170/A (AND2_X0P7M_A9TR40)                                    0.212030  0.000014   2.149388 r
  U170/Y (AND2_X0P7M_A9TR40)                                    0.068477  0.166735   2.316123 r
  n140 (net)                                    1     0.001559            0.000000   2.316123 r
  target_medium_therm_q_reg[9]/D (DFFRPQ_X1M_A9TR40)            0.068477  0.000027   2.316149 r
  data arrival time                                                                  2.316149

  clock cal_clk (rise edge)                                               2.500000   2.500000
  clock network delay (ideal)                                             0.000000   2.500000
  clock uncertainty                                                       -0.050000  2.450000
  target_medium_therm_q_reg[9]/CK (DFFRPQ_X1M_A9TR40)                     0.000000   2.450000 r
  library setup time                                                      -0.073070  2.376930
  data required time                                                                 2.376930
  ----------------------------------------------------------------------------------------------
  data required time                                                                 2.376930
  data arrival time                                                                  -2.316149
  ----------------------------------------------------------------------------------------------
  slack (MET)                                                                        0.060780


  Startpoint: margin_sel_i[1]
              (input port clocked by cal_clk)
  Endpoint: target_medium_therm_q_reg[8]
            (rising edge-triggered flip-flop clocked by cal_clk)
  Path Group: cal_clk
  Path Type: max

  Des/Clust/Port     Wire Load Model       Library
  ------------------------------------------------
  ftc_detection_margin_manager
                     Small                 sc9mc_logic0040ll_base_rvt_c40_ss_typical_max_0p99v_125c

  Point                                       Fanout       Cap     Trans      Incr       Path
  ----------------------------------------------------------------------------------------------
  clock cal_clk (rise edge)                                               0.000000   0.000000
  clock network delay (ideal)                                             0.000000   0.000000
  input external delay                                                    0.500000   0.500000 f
  margin_sel_i[1] (in)                                          0.000000  0.000000   0.500000 f
  margin_sel_i[1] (net)                         5     0.007288            0.000000   0.500000 f
  u_exact_mapper/margin_sel_i[1] (ftc_detection_margin_mapper)            0.000000   0.500000 f
  u_exact_mapper/margin_sel_i[1] (net)                0.007288            0.000000   0.500000 f
  u_exact_mapper/U15/A (NOR2_X2A_A9TR40)                        0.000000  0.000023   0.500023 f
  u_exact_mapper/U15/Y (NOR2_X2A_A9TR40)                        0.140056  0.084422   0.584445 r
  u_exact_mapper/n26 (net)                      4     0.005291            0.000000   0.584445 r
  u_exact_mapper/U11/B (NAND3_X1M_A9TR40)                       0.140056  0.000017   0.584462 r
  u_exact_mapper/U11/Y (NAND3_X1M_A9TR40)                       0.105809  0.117497   0.701959 f
  u_exact_mapper/n19 (net)                      2     0.002663            0.000000   0.701959 f
  u_exact_mapper/U10/B (NAND2_X1A_A9TR40)                       0.105809  0.000020   0.701980 f
  u_exact_mapper/U10/Y (NAND2_X1A_A9TR40)                       0.108649  0.097643   0.799623 r
  u_exact_mapper/m_det_o[3]_snps (net)          3     0.003730            0.000000   0.799623 r
  u_exact_mapper/U38/AN (NAND2B_X1M_A9TR40)                     0.108649  0.000017   0.799640 r
  u_exact_mapper/U38/Y (NAND2B_X1M_A9TR40)                      0.127347  0.140179   0.939818 r
  u_exact_mapper/target_medium_therm_o[6]_snps (net)
                                                3     0.003752            0.000000   0.939818 r
  u_exact_mapper/U40/AN (NAND2B_X1M_A9TR40)                     0.127347  0.000017   0.939835 r
  u_exact_mapper/U40/Y (NAND2B_X1M_A9TR40)                      0.088074  0.135782   1.075618 r
  u_exact_mapper/target_medium_therm_o[4] (net)
                                                2     0.002678            0.000000   1.075618 r
  u_exact_mapper/U9/AN (NAND3B_X2M_A9TR40)                      0.088074  0.000020   1.075637 r
  u_exact_mapper/U9/Y (NAND3B_X2M_A9TR40)                       0.092041  0.109983   1.185620 r
  u_exact_mapper/target_medium_therm_o[3] (net)
                                                2     0.002755            0.000000   1.185620 r
  u_exact_mapper/U39/A (INV_X1M_A9TR40)                         0.092041  0.000021   1.185641 r
  u_exact_mapper/U39/Y (INV_X1M_A9TR40)                         0.060643  0.066249   1.251890 f
  u_exact_mapper/n4 (net)                       2     0.003397            0.000000   1.251890 f
  u_exact_mapper/U3/B (NAND2_X2A_A9TR40)                        0.060643  0.000031   1.251922 f
  u_exact_mapper/U3/Y (NAND2_X2A_A9TR40)                        0.076469  0.051822   1.303743 r
  u_exact_mapper/target_medium_therm_o[2] (net)
                                                2     0.002673            0.000000   1.303743 r
  u_exact_mapper/U16/AN (NAND3BB_X1M_A9TR40)                    0.076469  0.000020   1.303763 r
  u_exact_mapper/U16/Y (NAND3BB_X1M_A9TR40)                     0.177340  0.165037   1.468800 r
  u_exact_mapper/mapping_supported_o (net)      5     0.006760            0.000000   1.468800 r
  u_exact_mapper/mapping_supported_o (ftc_detection_margin_mapper)        0.000000   1.468800 r
  mapper_mapping_supported (net)                      0.006760            0.000000   1.468800 r
  U151/A (NAND2_X2A_A9TR40)                                     0.177340  0.000024   1.468824 r
  U151/Y (NAND2_X2A_A9TR40)                                     0.071609  0.079464   1.548287 f
  n38 (net)                                     2     0.002770            0.000000   1.548287 f
  U157/A (INV_X1M_A9TR40)                                       0.071609  0.000021   1.548308 f
  U157/Y (INV_X1M_A9TR40)                                       0.081496  0.070956   1.619264 r
  n137 (net)                                    2     0.002787            0.000000   1.619264 r
  U153/A (NAND2_X1M_A9TR40)                                     0.081496  0.000021   1.619285 r
  U153/Y (NAND2_X1M_A9TR40)                                     0.082906  0.068508   1.687793 f
  n44 (net)                                     2     0.002659            0.000000   1.687793 f
  U154/A (NOR2_X0P7B_A9TR40)                                    0.082906  0.000019   1.687812 f
  U154/Y (NOR2_X0P7B_A9TR40)                                    0.152263  0.115691   1.803502 r
  n42 (net)                                     2     0.002695            0.000000   1.803502 r
  U168/C (NAND3BB_X1M_A9TR40)                                   0.152263  0.000021   1.803523 r
  U168/Y (NAND3BB_X1M_A9TR40)                                   0.081266  0.101753   1.905276 f
  n21 (net)                                     1     0.002728            0.000000   1.905276 f
  U140/A (INV_X3P5B_A9TR40)                                     0.081266  0.000047   1.905323 f
  U140/Y (INV_X3P5B_A9TR40)                                     0.054964  0.054273   1.959595 r
  n163 (net)                                    5     0.006586            0.000000   1.959595 r
  U135/A (BUF_X1P2M_A9TR40)                                     0.054964  0.000016   1.959611 r
  U135/Y (BUF_X1P2M_A9TR40)                                     0.142504  0.141608   2.101219 r
  n136 (net)                                    6     0.008454            0.000000   2.101219 r
  U145/A (INV_X3M_A9TR40)                                       0.142504  0.000031   2.101250 r
  U145/Y (INV_X3M_A9TR40)                                       0.093292  0.104417   2.205667 f
  n155 (net)                                   16     0.018659            0.000000   2.205667 f
  U177/A (AND2_X0P5M_A9TR40)                                    0.093292  0.000013   2.205681 f
  U177/Y (AND2_X0P5M_A9TR40)                                    0.060730  0.136085   2.341765 f
  n139 (net)                                    1     0.001539            0.000000   2.341765 f
  target_medium_therm_q_reg[8]/D (DFFRPQ_X1M_A9TR40)            0.060730  0.000027   2.341792 f
  data arrival time                                                                  2.341792

  clock cal_clk (rise edge)                                               2.500000   2.500000
  clock network delay (ideal)                                             0.000000   2.500000
  clock uncertainty                                                       -0.050000  2.450000
  target_medium_therm_q_reg[8]/CK (DFFRPQ_X1M_A9TR40)                     0.000000   2.450000 r
  library setup time                                                      -0.040358  2.409642
  data required time                                                                 2.409642
  ----------------------------------------------------------------------------------------------
  data required time                                                                 2.409642
  data arrival time                                                                  -2.341792
  ----------------------------------------------------------------------------------------------
  slack (MET)                                                                        0.067850


1
