 
****************************************
Report : timing
        -path full
        -delay min
        -input_pins
        -nets
        -max_paths 80
        -transition_time
        -capacitance
Design : ftc_detection_margin_manager
Version: W-2024.09
Date   : Sun Aug 23 13:28:07 2026
****************************************

Operating Conditions: ss_typical_max_0p99v_125c   Library: sc9mc_logic0040ll_base_rvt_c40_ss_typical_max_0p99v_125c
Wire Load Model Mode: top

  Startpoint: margin_protocol_error_q_reg
              (rising edge-triggered flip-flop clocked by cal_clk)
  Endpoint: margin_protocol_error_o
            (output port clocked by cal_clk)
  Path Group: cal_clk
  Path Type: min

  Des/Clust/Port     Wire Load Model       Library
  ------------------------------------------------
  ftc_detection_margin_manager
                     Small                 sc9mc_logic0040ll_base_rvt_c40_ss_typical_max_0p99v_125c

  Point                                       Fanout       Cap     Trans      Incr       Path
  ----------------------------------------------------------------------------------------------
  clock cal_clk (rise edge)                                               0.000000   0.000000
  clock network delay (ideal)                                             0.000000   0.000000
  margin_protocol_error_q_reg/CK (DFFRPQ_X1M_A9TR40)            0.050000  0.000000   0.000000 r
  margin_protocol_error_q_reg/Q (DFFRPQ_X1M_A9TR40) <-          0.045731  0.274992   0.274992 f
  margin_protocol_error_o (net)                 2     0.002004            0.000000   0.274992 f
  margin_protocol_error_o (out)                                 0.045731  0.000011   0.275003 f
  data arrival time                                                                  0.275003

  clock cal_clk (rise edge)                                               0.000000   0.000000
  clock network delay (ideal)                                             0.000000   0.000000
  clock uncertainty                                                       0.020000   0.020000
  output external delay                                                   0.000000   0.020000
  data required time                                                                 0.020000
  ----------------------------------------------------------------------------------------------
  data required time                                                                 0.020000
  data arrival time                                                                  -0.275003
  ----------------------------------------------------------------------------------------------
  slack (MET)                                                                        0.255003


  Startpoint: det_medium_therm_q_reg[15]
              (rising edge-triggered flip-flop clocked by cal_clk)
  Endpoint: det_medium_therm_o[15]
            (output port clocked by cal_clk)
  Path Group: cal_clk
  Path Type: min

  Des/Clust/Port     Wire Load Model       Library
  ------------------------------------------------
  ftc_detection_margin_manager
                     Small                 sc9mc_logic0040ll_base_rvt_c40_ss_typical_max_0p99v_125c

  Point                                       Fanout       Cap     Trans      Incr       Path
  ----------------------------------------------------------------------------------------------
  clock cal_clk (rise edge)                                               0.000000   0.000000
  clock network delay (ideal)                                             0.000000   0.000000
  det_medium_therm_q_reg[15]/CK (DFFRPQ_X1M_A9TR40)             0.050000  0.000000   0.000000 r
  det_medium_therm_q_reg[15]/Q (DFFRPQ_X1M_A9TR40) <-           0.045761  0.275012   0.275012 f
  det_medium_therm_o[15] (net)                  2     0.002007            0.000000   0.275012 f
  det_medium_therm_o[15] (out)                                  0.045761  0.000011   0.275023 f
  data arrival time                                                                  0.275023

  clock cal_clk (rise edge)                                               0.000000   0.000000
  clock network delay (ideal)                                             0.000000   0.000000
  clock uncertainty                                                       0.020000   0.020000
  output external delay                                                   0.000000   0.020000
  data required time                                                                 0.020000
  ----------------------------------------------------------------------------------------------
  data required time                                                                 0.020000
  data arrival time                                                                  -0.275023
  ----------------------------------------------------------------------------------------------
  slack (MET)                                                                        0.255023


  Startpoint: det_medium_therm_q_reg[14]
              (rising edge-triggered flip-flop clocked by cal_clk)
  Endpoint: det_medium_therm_o[14]
            (output port clocked by cal_clk)
  Path Group: cal_clk
  Path Type: min

  Des/Clust/Port     Wire Load Model       Library
  ------------------------------------------------
  ftc_detection_margin_manager
                     Small                 sc9mc_logic0040ll_base_rvt_c40_ss_typical_max_0p99v_125c

  Point                                       Fanout       Cap     Trans      Incr       Path
  ----------------------------------------------------------------------------------------------
  clock cal_clk (rise edge)                                               0.000000   0.000000
  clock network delay (ideal)                                             0.000000   0.000000
  det_medium_therm_q_reg[14]/CK (DFFRPQ_X1M_A9TR40)             0.050000  0.000000   0.000000 r
  det_medium_therm_q_reg[14]/Q (DFFRPQ_X1M_A9TR40) <-           0.045761  0.275012   0.275012 f
  det_medium_therm_o[14] (net)                  2     0.002007            0.000000   0.275012 f
  det_medium_therm_o[14] (out)                                  0.045761  0.000011   0.275023 f
  data arrival time                                                                  0.275023

  clock cal_clk (rise edge)                                               0.000000   0.000000
  clock network delay (ideal)                                             0.000000   0.000000
  clock uncertainty                                                       0.020000   0.020000
  output external delay                                                   0.000000   0.020000
  data required time                                                                 0.020000
  ----------------------------------------------------------------------------------------------
  data required time                                                                 0.020000
  data arrival time                                                                  -0.275023
  ----------------------------------------------------------------------------------------------
  slack (MET)                                                                        0.255023


  Startpoint: det_medium_therm_q_reg[13]
              (rising edge-triggered flip-flop clocked by cal_clk)
  Endpoint: det_medium_therm_o[13]
            (output port clocked by cal_clk)
  Path Group: cal_clk
  Path Type: min

  Des/Clust/Port     Wire Load Model       Library
  ------------------------------------------------
  ftc_detection_margin_manager
                     Small                 sc9mc_logic0040ll_base_rvt_c40_ss_typical_max_0p99v_125c

  Point                                       Fanout       Cap     Trans      Incr       Path
  ----------------------------------------------------------------------------------------------
  clock cal_clk (rise edge)                                               0.000000   0.000000
  clock network delay (ideal)                                             0.000000   0.000000
  det_medium_therm_q_reg[13]/CK (DFFRPQ_X1M_A9TR40)             0.050000  0.000000   0.000000 r
  det_medium_therm_q_reg[13]/Q (DFFRPQ_X1M_A9TR40) <-           0.045761  0.275012   0.275012 f
  det_medium_therm_o[13] (net)                  2     0.002007            0.000000   0.275012 f
  det_medium_therm_o[13] (out)                                  0.045761  0.000011   0.275023 f
  data arrival time                                                                  0.275023

  clock cal_clk (rise edge)                                               0.000000   0.000000
  clock network delay (ideal)                                             0.000000   0.000000
  clock uncertainty                                                       0.020000   0.020000
  output external delay                                                   0.000000   0.020000
  data required time                                                                 0.020000
  ----------------------------------------------------------------------------------------------
  data required time                                                                 0.020000
  data arrival time                                                                  -0.275023
  ----------------------------------------------------------------------------------------------
  slack (MET)                                                                        0.255023


  Startpoint: det_medium_therm_q_reg[12]
              (rising edge-triggered flip-flop clocked by cal_clk)
  Endpoint: det_medium_therm_o[12]
            (output port clocked by cal_clk)
  Path Group: cal_clk
  Path Type: min

  Des/Clust/Port     Wire Load Model       Library
  ------------------------------------------------
  ftc_detection_margin_manager
                     Small                 sc9mc_logic0040ll_base_rvt_c40_ss_typical_max_0p99v_125c

  Point                                       Fanout       Cap     Trans      Incr       Path
  ----------------------------------------------------------------------------------------------
  clock cal_clk (rise edge)                                               0.000000   0.000000
  clock network delay (ideal)                                             0.000000   0.000000
  det_medium_therm_q_reg[12]/CK (DFFRPQ_X1M_A9TR40)             0.050000  0.000000   0.000000 r
  det_medium_therm_q_reg[12]/Q (DFFRPQ_X1M_A9TR40) <-           0.045761  0.275012   0.275012 f
  det_medium_therm_o[12] (net)                  2     0.002007            0.000000   0.275012 f
  det_medium_therm_o[12] (out)                                  0.045761  0.000011   0.275023 f
  data arrival time                                                                  0.275023

  clock cal_clk (rise edge)                                               0.000000   0.000000
  clock network delay (ideal)                                             0.000000   0.000000
  clock uncertainty                                                       0.020000   0.020000
  output external delay                                                   0.000000   0.020000
  data required time                                                                 0.020000
  ----------------------------------------------------------------------------------------------
  data required time                                                                 0.020000
  data arrival time                                                                  -0.275023
  ----------------------------------------------------------------------------------------------
  slack (MET)                                                                        0.255023


  Startpoint: det_medium_therm_q_reg[11]
              (rising edge-triggered flip-flop clocked by cal_clk)
  Endpoint: det_medium_therm_o[11]
            (output port clocked by cal_clk)
  Path Group: cal_clk
  Path Type: min

  Des/Clust/Port     Wire Load Model       Library
  ------------------------------------------------
  ftc_detection_margin_manager
                     Small                 sc9mc_logic0040ll_base_rvt_c40_ss_typical_max_0p99v_125c

  Point                                       Fanout       Cap     Trans      Incr       Path
  ----------------------------------------------------------------------------------------------
  clock cal_clk (rise edge)                                               0.000000   0.000000
  clock network delay (ideal)                                             0.000000   0.000000
  det_medium_therm_q_reg[11]/CK (DFFRPQ_X1M_A9TR40)             0.050000  0.000000   0.000000 r
  det_medium_therm_q_reg[11]/Q (DFFRPQ_X1M_A9TR40) <-           0.045761  0.275012   0.275012 f
  det_medium_therm_o[11] (net)                  2     0.002007            0.000000   0.275012 f
  det_medium_therm_o[11] (out)                                  0.045761  0.000011   0.275023 f
  data arrival time                                                                  0.275023

  clock cal_clk (rise edge)                                               0.000000   0.000000
  clock network delay (ideal)                                             0.000000   0.000000
  clock uncertainty                                                       0.020000   0.020000
  output external delay                                                   0.000000   0.020000
  data required time                                                                 0.020000
  ----------------------------------------------------------------------------------------------
  data required time                                                                 0.020000
  data arrival time                                                                  -0.275023
  ----------------------------------------------------------------------------------------------
  slack (MET)                                                                        0.255023


  Startpoint: det_medium_therm_q_reg[10]
              (rising edge-triggered flip-flop clocked by cal_clk)
  Endpoint: det_medium_therm_o[10]
            (output port clocked by cal_clk)
  Path Group: cal_clk
  Path Type: min

  Des/Clust/Port     Wire Load Model       Library
  ------------------------------------------------
  ftc_detection_margin_manager
                     Small                 sc9mc_logic0040ll_base_rvt_c40_ss_typical_max_0p99v_125c

  Point                                       Fanout       Cap     Trans      Incr       Path
  ----------------------------------------------------------------------------------------------
  clock cal_clk (rise edge)                                               0.000000   0.000000
  clock network delay (ideal)                                             0.000000   0.000000
  det_medium_therm_q_reg[10]/CK (DFFRPQ_X1M_A9TR40)             0.050000  0.000000   0.000000 r
  det_medium_therm_q_reg[10]/Q (DFFRPQ_X1M_A9TR40) <-           0.045761  0.275012   0.275012 f
  det_medium_therm_o[10] (net)                  2     0.002007            0.000000   0.275012 f
  det_medium_therm_o[10] (out)                                  0.045761  0.000011   0.275023 f
  data arrival time                                                                  0.275023

  clock cal_clk (rise edge)                                               0.000000   0.000000
  clock network delay (ideal)                                             0.000000   0.000000
  clock uncertainty                                                       0.020000   0.020000
  output external delay                                                   0.000000   0.020000
  data required time                                                                 0.020000
  ----------------------------------------------------------------------------------------------
  data required time                                                                 0.020000
  data arrival time                                                                  -0.275023
  ----------------------------------------------------------------------------------------------
  slack (MET)                                                                        0.255023


  Startpoint: det_medium_therm_q_reg[9]
              (rising edge-triggered flip-flop clocked by cal_clk)
  Endpoint: det_medium_therm_o[9]
            (output port clocked by cal_clk)
  Path Group: cal_clk
  Path Type: min

  Des/Clust/Port     Wire Load Model       Library
  ------------------------------------------------
  ftc_detection_margin_manager
                     Small                 sc9mc_logic0040ll_base_rvt_c40_ss_typical_max_0p99v_125c

  Point                                       Fanout       Cap     Trans      Incr       Path
  ----------------------------------------------------------------------------------------------
  clock cal_clk (rise edge)                                               0.000000   0.000000
  clock network delay (ideal)                                             0.000000   0.000000
  det_medium_therm_q_reg[9]/CK (DFFRPQ_X1M_A9TR40)              0.050000  0.000000   0.000000 r
  det_medium_therm_q_reg[9]/Q (DFFRPQ_X1M_A9TR40) <-            0.045761  0.275012   0.275012 f
  det_medium_therm_o[9] (net)                   2     0.002007            0.000000   0.275012 f
  det_medium_therm_o[9] (out)                                   0.045761  0.000011   0.275023 f
  data arrival time                                                                  0.275023

  clock cal_clk (rise edge)                                               0.000000   0.000000
  clock network delay (ideal)                                             0.000000   0.000000
  clock uncertainty                                                       0.020000   0.020000
  output external delay                                                   0.000000   0.020000
  data required time                                                                 0.020000
  ----------------------------------------------------------------------------------------------
  data required time                                                                 0.020000
  data arrival time                                                                  -0.275023
  ----------------------------------------------------------------------------------------------
  slack (MET)                                                                        0.255023


  Startpoint: det_medium_therm_q_reg[8]
              (rising edge-triggered flip-flop clocked by cal_clk)
  Endpoint: det_medium_therm_o[8]
            (output port clocked by cal_clk)
  Path Group: cal_clk
  Path Type: min

  Des/Clust/Port     Wire Load Model       Library
  ------------------------------------------------
  ftc_detection_margin_manager
                     Small                 sc9mc_logic0040ll_base_rvt_c40_ss_typical_max_0p99v_125c

  Point                                       Fanout       Cap     Trans      Incr       Path
  ----------------------------------------------------------------------------------------------
  clock cal_clk (rise edge)                                               0.000000   0.000000
  clock network delay (ideal)                                             0.000000   0.000000
  det_medium_therm_q_reg[8]/CK (DFFRPQ_X1M_A9TR40)              0.050000  0.000000   0.000000 r
  det_medium_therm_q_reg[8]/Q (DFFRPQ_X1M_A9TR40) <-            0.045761  0.275012   0.275012 f
  det_medium_therm_o[8] (net)                   2     0.002007            0.000000   0.275012 f
  det_medium_therm_o[8] (out)                                   0.045761  0.000011   0.275023 f
  data arrival time                                                                  0.275023

  clock cal_clk (rise edge)                                               0.000000   0.000000
  clock network delay (ideal)                                             0.000000   0.000000
  clock uncertainty                                                       0.020000   0.020000
  output external delay                                                   0.000000   0.020000
  data required time                                                                 0.020000
  ----------------------------------------------------------------------------------------------
  data required time                                                                 0.020000
  data arrival time                                                                  -0.275023
  ----------------------------------------------------------------------------------------------
  slack (MET)                                                                        0.255023


  Startpoint: det_medium_therm_q_reg[7]
              (rising edge-triggered flip-flop clocked by cal_clk)
  Endpoint: det_medium_therm_o[7]
            (output port clocked by cal_clk)
  Path Group: cal_clk
  Path Type: min

  Des/Clust/Port     Wire Load Model       Library
  ------------------------------------------------
  ftc_detection_margin_manager
                     Small                 sc9mc_logic0040ll_base_rvt_c40_ss_typical_max_0p99v_125c

  Point                                       Fanout       Cap     Trans      Incr       Path
  ----------------------------------------------------------------------------------------------
  clock cal_clk (rise edge)                                               0.000000   0.000000
  clock network delay (ideal)                                             0.000000   0.000000
  det_medium_therm_q_reg[7]/CK (DFFRPQ_X1M_A9TR40)              0.050000  0.000000   0.000000 r
  det_medium_therm_q_reg[7]/Q (DFFRPQ_X1M_A9TR40) <-            0.045761  0.275012   0.275012 f
  det_medium_therm_o[7] (net)                   2     0.002007            0.000000   0.275012 f
  det_medium_therm_o[7] (out)                                   0.045761  0.000011   0.275023 f
  data arrival time                                                                  0.275023

  clock cal_clk (rise edge)                                               0.000000   0.000000
  clock network delay (ideal)                                             0.000000   0.000000
  clock uncertainty                                                       0.020000   0.020000
  output external delay                                                   0.000000   0.020000
  data required time                                                                 0.020000
  ----------------------------------------------------------------------------------------------
  data required time                                                                 0.020000
  data arrival time                                                                  -0.275023
  ----------------------------------------------------------------------------------------------
  slack (MET)                                                                        0.255023


  Startpoint: det_medium_therm_q_reg[6]
              (rising edge-triggered flip-flop clocked by cal_clk)
  Endpoint: det_medium_therm_o[6]
            (output port clocked by cal_clk)
  Path Group: cal_clk
  Path Type: min

  Des/Clust/Port     Wire Load Model       Library
  ------------------------------------------------
  ftc_detection_margin_manager
                     Small                 sc9mc_logic0040ll_base_rvt_c40_ss_typical_max_0p99v_125c

  Point                                       Fanout       Cap     Trans      Incr       Path
  ----------------------------------------------------------------------------------------------
  clock cal_clk (rise edge)                                               0.000000   0.000000
  clock network delay (ideal)                                             0.000000   0.000000
  det_medium_therm_q_reg[6]/CK (DFFRPQ_X1M_A9TR40)              0.050000  0.000000   0.000000 r
  det_medium_therm_q_reg[6]/Q (DFFRPQ_X1M_A9TR40) <-            0.045761  0.275012   0.275012 f
  det_medium_therm_o[6] (net)                   2     0.002007            0.000000   0.275012 f
  det_medium_therm_o[6] (out)                                   0.045761  0.000011   0.275023 f
  data arrival time                                                                  0.275023

  clock cal_clk (rise edge)                                               0.000000   0.000000
  clock network delay (ideal)                                             0.000000   0.000000
  clock uncertainty                                                       0.020000   0.020000
  output external delay                                                   0.000000   0.020000
  data required time                                                                 0.020000
  ----------------------------------------------------------------------------------------------
  data required time                                                                 0.020000
  data arrival time                                                                  -0.275023
  ----------------------------------------------------------------------------------------------
  slack (MET)                                                                        0.255023


  Startpoint: det_medium_therm_q_reg[5]
              (rising edge-triggered flip-flop clocked by cal_clk)
  Endpoint: det_medium_therm_o[5]
            (output port clocked by cal_clk)
  Path Group: cal_clk
  Path Type: min

  Des/Clust/Port     Wire Load Model       Library
  ------------------------------------------------
  ftc_detection_margin_manager
                     Small                 sc9mc_logic0040ll_base_rvt_c40_ss_typical_max_0p99v_125c

  Point                                       Fanout       Cap     Trans      Incr       Path
  ----------------------------------------------------------------------------------------------
  clock cal_clk (rise edge)                                               0.000000   0.000000
  clock network delay (ideal)                                             0.000000   0.000000
  det_medium_therm_q_reg[5]/CK (DFFRPQ_X1M_A9TR40)              0.050000  0.000000   0.000000 r
  det_medium_therm_q_reg[5]/Q (DFFRPQ_X1M_A9TR40) <-            0.045761  0.275012   0.275012 f
  det_medium_therm_o[5] (net)                   2     0.002007            0.000000   0.275012 f
  det_medium_therm_o[5] (out)                                   0.045761  0.000011   0.275023 f
  data arrival time                                                                  0.275023

  clock cal_clk (rise edge)                                               0.000000   0.000000
  clock network delay (ideal)                                             0.000000   0.000000
  clock uncertainty                                                       0.020000   0.020000
  output external delay                                                   0.000000   0.020000
  data required time                                                                 0.020000
  ----------------------------------------------------------------------------------------------
  data required time                                                                 0.020000
  data arrival time                                                                  -0.275023
  ----------------------------------------------------------------------------------------------
  slack (MET)                                                                        0.255023


  Startpoint: det_medium_therm_q_reg[4]
              (rising edge-triggered flip-flop clocked by cal_clk)
  Endpoint: det_medium_therm_o[4]
            (output port clocked by cal_clk)
  Path Group: cal_clk
  Path Type: min

  Des/Clust/Port     Wire Load Model       Library
  ------------------------------------------------
  ftc_detection_margin_manager
                     Small                 sc9mc_logic0040ll_base_rvt_c40_ss_typical_max_0p99v_125c

  Point                                       Fanout       Cap     Trans      Incr       Path
  ----------------------------------------------------------------------------------------------
  clock cal_clk (rise edge)                                               0.000000   0.000000
  clock network delay (ideal)                                             0.000000   0.000000
  det_medium_therm_q_reg[4]/CK (DFFRPQ_X1M_A9TR40)              0.050000  0.000000   0.000000 r
  det_medium_therm_q_reg[4]/Q (DFFRPQ_X1M_A9TR40) <-            0.045761  0.275012   0.275012 f
  det_medium_therm_o[4] (net)                   2     0.002007            0.000000   0.275012 f
  det_medium_therm_o[4] (out)                                   0.045761  0.000011   0.275023 f
  data arrival time                                                                  0.275023

  clock cal_clk (rise edge)                                               0.000000   0.000000
  clock network delay (ideal)                                             0.000000   0.000000
  clock uncertainty                                                       0.020000   0.020000
  output external delay                                                   0.000000   0.020000
  data required time                                                                 0.020000
  ----------------------------------------------------------------------------------------------
  data required time                                                                 0.020000
  data arrival time                                                                  -0.275023
  ----------------------------------------------------------------------------------------------
  slack (MET)                                                                        0.255023


  Startpoint: det_medium_therm_q_reg[3]
              (rising edge-triggered flip-flop clocked by cal_clk)
  Endpoint: det_medium_therm_o[3]
            (output port clocked by cal_clk)
  Path Group: cal_clk
  Path Type: min

  Des/Clust/Port     Wire Load Model       Library
  ------------------------------------------------
  ftc_detection_margin_manager
                     Small                 sc9mc_logic0040ll_base_rvt_c40_ss_typical_max_0p99v_125c

  Point                                       Fanout       Cap     Trans      Incr       Path
  ----------------------------------------------------------------------------------------------
  clock cal_clk (rise edge)                                               0.000000   0.000000
  clock network delay (ideal)                                             0.000000   0.000000
  det_medium_therm_q_reg[3]/CK (DFFRPQ_X1M_A9TR40)              0.050000  0.000000   0.000000 r
  det_medium_therm_q_reg[3]/Q (DFFRPQ_X1M_A9TR40) <-            0.045761  0.275012   0.275012 f
  det_medium_therm_o[3] (net)                   2     0.002007            0.000000   0.275012 f
  det_medium_therm_o[3] (out)                                   0.045761  0.000011   0.275023 f
  data arrival time                                                                  0.275023

  clock cal_clk (rise edge)                                               0.000000   0.000000
  clock network delay (ideal)                                             0.000000   0.000000
  clock uncertainty                                                       0.020000   0.020000
  output external delay                                                   0.000000   0.020000
  data required time                                                                 0.020000
  ----------------------------------------------------------------------------------------------
  data required time                                                                 0.020000
  data arrival time                                                                  -0.275023
  ----------------------------------------------------------------------------------------------
  slack (MET)                                                                        0.255023


  Startpoint: det_medium_therm_q_reg[2]
              (rising edge-triggered flip-flop clocked by cal_clk)
  Endpoint: det_medium_therm_o[2]
            (output port clocked by cal_clk)
  Path Group: cal_clk
  Path Type: min

  Des/Clust/Port     Wire Load Model       Library
  ------------------------------------------------
  ftc_detection_margin_manager
                     Small                 sc9mc_logic0040ll_base_rvt_c40_ss_typical_max_0p99v_125c

  Point                                       Fanout       Cap     Trans      Incr       Path
  ----------------------------------------------------------------------------------------------
  clock cal_clk (rise edge)                                               0.000000   0.000000
  clock network delay (ideal)                                             0.000000   0.000000
  det_medium_therm_q_reg[2]/CK (DFFRPQ_X1M_A9TR40)              0.050000  0.000000   0.000000 r
  det_medium_therm_q_reg[2]/Q (DFFRPQ_X1M_A9TR40) <-            0.045761  0.275012   0.275012 f
  det_medium_therm_o[2] (net)                   2     0.002007            0.000000   0.275012 f
  det_medium_therm_o[2] (out)                                   0.045761  0.000011   0.275023 f
  data arrival time                                                                  0.275023

  clock cal_clk (rise edge)                                               0.000000   0.000000
  clock network delay (ideal)                                             0.000000   0.000000
  clock uncertainty                                                       0.020000   0.020000
  output external delay                                                   0.000000   0.020000
  data required time                                                                 0.020000
  ----------------------------------------------------------------------------------------------
  data required time                                                                 0.020000
  data arrival time                                                                  -0.275023
  ----------------------------------------------------------------------------------------------
  slack (MET)                                                                        0.255023


  Startpoint: det_medium_therm_q_reg[1]
              (rising edge-triggered flip-flop clocked by cal_clk)
  Endpoint: det_medium_therm_o[1]
            (output port clocked by cal_clk)
  Path Group: cal_clk
  Path Type: min

  Des/Clust/Port     Wire Load Model       Library
  ------------------------------------------------
  ftc_detection_margin_manager
                     Small                 sc9mc_logic0040ll_base_rvt_c40_ss_typical_max_0p99v_125c

  Point                                       Fanout       Cap     Trans      Incr       Path
  ----------------------------------------------------------------------------------------------
  clock cal_clk (rise edge)                                               0.000000   0.000000
  clock network delay (ideal)                                             0.000000   0.000000
  det_medium_therm_q_reg[1]/CK (DFFRPQ_X1M_A9TR40)              0.050000  0.000000   0.000000 r
  det_medium_therm_q_reg[1]/Q (DFFRPQ_X1M_A9TR40) <-            0.045761  0.275012   0.275012 f
  det_medium_therm_o[1] (net)                   2     0.002007            0.000000   0.275012 f
  det_medium_therm_o[1] (out)                                   0.045761  0.000011   0.275023 f
  data arrival time                                                                  0.275023

  clock cal_clk (rise edge)                                               0.000000   0.000000
  clock network delay (ideal)                                             0.000000   0.000000
  clock uncertainty                                                       0.020000   0.020000
  output external delay                                                   0.000000   0.020000
  data required time                                                                 0.020000
  ----------------------------------------------------------------------------------------------
  data required time                                                                 0.020000
  data arrival time                                                                  -0.275023
  ----------------------------------------------------------------------------------------------
  slack (MET)                                                                        0.255023


  Startpoint: det_medium_therm_q_reg[0]
              (rising edge-triggered flip-flop clocked by cal_clk)
  Endpoint: det_medium_therm_o[0]
            (output port clocked by cal_clk)
  Path Group: cal_clk
  Path Type: min

  Des/Clust/Port     Wire Load Model       Library
  ------------------------------------------------
  ftc_detection_margin_manager
                     Small                 sc9mc_logic0040ll_base_rvt_c40_ss_typical_max_0p99v_125c

  Point                                       Fanout       Cap     Trans      Incr       Path
  ----------------------------------------------------------------------------------------------
  clock cal_clk (rise edge)                                               0.000000   0.000000
  clock network delay (ideal)                                             0.000000   0.000000
  det_medium_therm_q_reg[0]/CK (DFFRPQ_X1M_A9TR40)              0.050000  0.000000   0.000000 r
  det_medium_therm_q_reg[0]/Q (DFFRPQ_X1M_A9TR40) <-            0.045761  0.275012   0.275012 f
  det_medium_therm_o[0] (net)                   2     0.002007            0.000000   0.275012 f
  det_medium_therm_o[0] (out)                                   0.045761  0.000011   0.275023 f
  data arrival time                                                                  0.275023

  clock cal_clk (rise edge)                                               0.000000   0.000000
  clock network delay (ideal)                                             0.000000   0.000000
  clock uncertainty                                                       0.020000   0.020000
  output external delay                                                   0.000000   0.020000
  data required time                                                                 0.020000
  ----------------------------------------------------------------------------------------------
  data required time                                                                 0.020000
  data arrival time                                                                  -0.275023
  ----------------------------------------------------------------------------------------------
  slack (MET)                                                                        0.255023


  Startpoint: m_det_q_reg[4]
              (rising edge-triggered flip-flop clocked by cal_clk)
  Endpoint: m_det_o[4] (output port clocked by cal_clk)
  Path Group: cal_clk
  Path Type: min

  Des/Clust/Port     Wire Load Model       Library
  ------------------------------------------------
  ftc_detection_margin_manager
                     Small                 sc9mc_logic0040ll_base_rvt_c40_ss_typical_max_0p99v_125c

  Point                                       Fanout       Cap     Trans      Incr       Path
  ----------------------------------------------------------------------------------------------
  clock cal_clk (rise edge)                                               0.000000   0.000000
  clock network delay (ideal)                                             0.000000   0.000000
  m_det_q_reg[4]/CK (DFFRPQ_X1M_A9TR40)                         0.050000  0.000000   0.000000 r
  m_det_q_reg[4]/Q (DFFRPQ_X1M_A9TR40) <-                       0.045788  0.275030   0.275030 f
  m_det_o[4] (net)                              2     0.002010            0.000000   0.275030 f
  m_det_o[4] (out)                                              0.045788  0.000011   0.275041 f
  data arrival time                                                                  0.275041

  clock cal_clk (rise edge)                                               0.000000   0.000000
  clock network delay (ideal)                                             0.000000   0.000000
  clock uncertainty                                                       0.020000   0.020000
  output external delay                                                   0.000000   0.020000
  data required time                                                                 0.020000
  ----------------------------------------------------------------------------------------------
  data required time                                                                 0.020000
  data arrival time                                                                  -0.275041
  ----------------------------------------------------------------------------------------------
  slack (MET)                                                                        0.255041


  Startpoint: mapping_supported_q_reg
              (rising edge-triggered flip-flop clocked by cal_clk)
  Endpoint: mapping_supported_o
            (output port clocked by cal_clk)
  Path Group: cal_clk
  Path Type: min

  Des/Clust/Port     Wire Load Model       Library
  ------------------------------------------------
  ftc_detection_margin_manager
                     Small                 sc9mc_logic0040ll_base_rvt_c40_ss_typical_max_0p99v_125c

  Point                                       Fanout       Cap     Trans      Incr       Path
  ----------------------------------------------------------------------------------------------
  clock cal_clk (rise edge)                                               0.000000   0.000000
  clock network delay (ideal)                                             0.000000   0.000000
  mapping_supported_q_reg/CK (DFFRPQ_X1M_A9TR40)                0.050000  0.000000   0.000000 r
  mapping_supported_q_reg/Q (DFFRPQ_X1M_A9TR40) <-              0.046075  0.275222   0.275222 f
  mapping_supported_o (net)                     2     0.002039            0.000000   0.275222 f
  mapping_supported_o (out)                                     0.046075  0.000011   0.275232 f
  data arrival time                                                                  0.275232

  clock cal_clk (rise edge)                                               0.000000   0.000000
  clock network delay (ideal)                                             0.000000   0.000000
  clock uncertainty                                                       0.020000   0.020000
  output external delay                                                   0.000000   0.020000
  data required time                                                                 0.020000
  ----------------------------------------------------------------------------------------------
  data required time                                                                 0.020000
  data arrival time                                                                  -0.275232
  ----------------------------------------------------------------------------------------------
  slack (MET)                                                                        0.255232


  Startpoint: trip_qualified_q_reg
              (rising edge-triggered flip-flop clocked by cal_clk)
  Endpoint: trip_qualified_o
            (output port clocked by cal_clk)
  Path Group: cal_clk
  Path Type: min

  Des/Clust/Port     Wire Load Model       Library
  ------------------------------------------------
  ftc_detection_margin_manager
                     Small                 sc9mc_logic0040ll_base_rvt_c40_ss_typical_max_0p99v_125c

  Point                                       Fanout       Cap     Trans      Incr       Path
  ----------------------------------------------------------------------------------------------
  clock cal_clk (rise edge)                                               0.000000   0.000000
  clock network delay (ideal)                                             0.000000   0.000000
  trip_qualified_q_reg/CK (DFFRPQ_X1M_A9TR40)                   0.050000  0.000000   0.000000 r
  trip_qualified_q_reg/Q (DFFRPQ_X1M_A9TR40) <-                 0.046113  0.275246   0.275246 f
  trip_qualified_o (net)                        2     0.002042            0.000000   0.275246 f
  trip_qualified_o (out)                                        0.046113  0.000011   0.275257 f
  data arrival time                                                                  0.275257

  clock cal_clk (rise edge)                                               0.000000   0.000000
  clock network delay (ideal)                                             0.000000   0.000000
  clock uncertainty                                                       0.020000   0.020000
  output external delay                                                   0.000000   0.020000
  data required time                                                                 0.020000
  ----------------------------------------------------------------------------------------------
  data required time                                                                 0.020000
  data arrival time                                                                  -0.275257
  ----------------------------------------------------------------------------------------------
  slack (MET)                                                                        0.255257


  Startpoint: m_det_q_reg[3]
              (rising edge-triggered flip-flop clocked by cal_clk)
  Endpoint: m_det_o[3] (output port clocked by cal_clk)
  Path Group: cal_clk
  Path Type: min

  Des/Clust/Port     Wire Load Model       Library
  ------------------------------------------------
  ftc_detection_margin_manager
                     Small                 sc9mc_logic0040ll_base_rvt_c40_ss_typical_max_0p99v_125c

  Point                                       Fanout       Cap     Trans      Incr       Path
  ----------------------------------------------------------------------------------------------
  clock cal_clk (rise edge)                                               0.000000   0.000000
  clock network delay (ideal)                                             0.000000   0.000000
  m_det_q_reg[3]/CK (DFFRPQ_X1M_A9TR40)                         0.050000  0.000000   0.000000 r
  m_det_q_reg[3]/Q (DFFRPQ_X1M_A9TR40) <-                       0.046113  0.275246   0.275246 f
  m_det_o[3] (net)                              2     0.002042            0.000000   0.275246 f
  m_det_o[3] (out)                                              0.046113  0.000011   0.275257 f
  data arrival time                                                                  0.275257

  clock cal_clk (rise edge)                                               0.000000   0.000000
  clock network delay (ideal)                                             0.000000   0.000000
  clock uncertainty                                                       0.020000   0.020000
  output external delay                                                   0.000000   0.020000
  data required time                                                                 0.020000
  ----------------------------------------------------------------------------------------------
  data required time                                                                 0.020000
  data arrival time                                                                  -0.275257
  ----------------------------------------------------------------------------------------------
  slack (MET)                                                                        0.255257


  Startpoint: m_det_q_reg[2]
              (rising edge-triggered flip-flop clocked by cal_clk)
  Endpoint: m_det_o[2] (output port clocked by cal_clk)
  Path Group: cal_clk
  Path Type: min

  Des/Clust/Port     Wire Load Model       Library
  ------------------------------------------------
  ftc_detection_margin_manager
                     Small                 sc9mc_logic0040ll_base_rvt_c40_ss_typical_max_0p99v_125c

  Point                                       Fanout       Cap     Trans      Incr       Path
  ----------------------------------------------------------------------------------------------
  clock cal_clk (rise edge)                                               0.000000   0.000000
  clock network delay (ideal)                                             0.000000   0.000000
  m_det_q_reg[2]/CK (DFFRPQ_X1M_A9TR40)                         0.050000  0.000000   0.000000 r
  m_det_q_reg[2]/Q (DFFRPQ_X1M_A9TR40) <-                       0.046113  0.275246   0.275246 f
  m_det_o[2] (net)                              2     0.002042            0.000000   0.275246 f
  m_det_o[2] (out)                                              0.046113  0.000011   0.275257 f
  data arrival time                                                                  0.275257

  clock cal_clk (rise edge)                                               0.000000   0.000000
  clock network delay (ideal)                                             0.000000   0.000000
  clock uncertainty                                                       0.020000   0.020000
  output external delay                                                   0.000000   0.020000
  data required time                                                                 0.020000
  ----------------------------------------------------------------------------------------------
  data required time                                                                 0.020000
  data arrival time                                                                  -0.275257
  ----------------------------------------------------------------------------------------------
  slack (MET)                                                                        0.255257


  Startpoint: m_det_q_reg[1]
              (rising edge-triggered flip-flop clocked by cal_clk)
  Endpoint: m_det_o[1] (output port clocked by cal_clk)
  Path Group: cal_clk
  Path Type: min

  Des/Clust/Port     Wire Load Model       Library
  ------------------------------------------------
  ftc_detection_margin_manager
                     Small                 sc9mc_logic0040ll_base_rvt_c40_ss_typical_max_0p99v_125c

  Point                                       Fanout       Cap     Trans      Incr       Path
  ----------------------------------------------------------------------------------------------
  clock cal_clk (rise edge)                                               0.000000   0.000000
  clock network delay (ideal)                                             0.000000   0.000000
  m_det_q_reg[1]/CK (DFFRPQ_X1M_A9TR40)                         0.050000  0.000000   0.000000 r
  m_det_q_reg[1]/Q (DFFRPQ_X1M_A9TR40) <-                       0.046113  0.275246   0.275246 f
  m_det_o[1] (net)                              2     0.002042            0.000000   0.275246 f
  m_det_o[1] (out)                                              0.046113  0.000011   0.275257 f
  data arrival time                                                                  0.275257

  clock cal_clk (rise edge)                                               0.000000   0.000000
  clock network delay (ideal)                                             0.000000   0.000000
  clock uncertainty                                                       0.020000   0.020000
  output external delay                                                   0.000000   0.020000
  data required time                                                                 0.020000
  ----------------------------------------------------------------------------------------------
  data required time                                                                 0.020000
  data arrival time                                                                  -0.275257
  ----------------------------------------------------------------------------------------------
  slack (MET)                                                                        0.255257


  Startpoint: m_det_q_reg[0]
              (rising edge-triggered flip-flop clocked by cal_clk)
  Endpoint: m_det_o[0] (output port clocked by cal_clk)
  Path Group: cal_clk
  Path Type: min

  Des/Clust/Port     Wire Load Model       Library
  ------------------------------------------------
  ftc_detection_margin_manager
                     Small                 sc9mc_logic0040ll_base_rvt_c40_ss_typical_max_0p99v_125c

  Point                                       Fanout       Cap     Trans      Incr       Path
  ----------------------------------------------------------------------------------------------
  clock cal_clk (rise edge)                                               0.000000   0.000000
  clock network delay (ideal)                                             0.000000   0.000000
  m_det_q_reg[0]/CK (DFFRPQ_X1M_A9TR40)                         0.050000  0.000000   0.000000 r
  m_det_q_reg[0]/Q (DFFRPQ_X1M_A9TR40) <-                       0.046113  0.275246   0.275246 f
  m_det_o[0] (net)                              2     0.002042            0.000000   0.275246 f
  m_det_o[0] (out)                                              0.046113  0.000011   0.275257 f
  data arrival time                                                                  0.275257

  clock cal_clk (rise edge)                                               0.000000   0.000000
  clock network delay (ideal)                                             0.000000   0.000000
  clock uncertainty                                                       0.020000   0.020000
  output external delay                                                   0.000000   0.020000
  data required time                                                                 0.020000
  ----------------------------------------------------------------------------------------------
  data required time                                                                 0.020000
  data arrival time                                                                  -0.275257
  ----------------------------------------------------------------------------------------------
  slack (MET)                                                                        0.255257


  Startpoint: f_det_q_reg[3]
              (rising edge-triggered flip-flop clocked by cal_clk)
  Endpoint: f_det_o[3] (output port clocked by cal_clk)
  Path Group: cal_clk
  Path Type: min

  Des/Clust/Port     Wire Load Model       Library
  ------------------------------------------------
  ftc_detection_margin_manager
                     Small                 sc9mc_logic0040ll_base_rvt_c40_ss_typical_max_0p99v_125c

  Point                                       Fanout       Cap     Trans      Incr       Path
  ----------------------------------------------------------------------------------------------
  clock cal_clk (rise edge)                                               0.000000   0.000000
  clock network delay (ideal)                                             0.000000   0.000000
  f_det_q_reg[3]/CK (DFFRPQ_X1M_A9TR40)                         0.050000  0.000000   0.000000 r
  f_det_q_reg[3]/Q (DFFRPQ_X1M_A9TR40) <-                       0.046113  0.275246   0.275246 f
  f_det_o[3] (net)                              2     0.002042            0.000000   0.275246 f
  f_det_o[3] (out)                                              0.046113  0.000011   0.275257 f
  data arrival time                                                                  0.275257

  clock cal_clk (rise edge)                                               0.000000   0.000000
  clock network delay (ideal)                                             0.000000   0.000000
  clock uncertainty                                                       0.020000   0.020000
  output external delay                                                   0.000000   0.020000
  data required time                                                                 0.020000
  ----------------------------------------------------------------------------------------------
  data required time                                                                 0.020000
  data arrival time                                                                  -0.275257
  ----------------------------------------------------------------------------------------------
  slack (MET)                                                                        0.255257


  Startpoint: f_det_q_reg[2]
              (rising edge-triggered flip-flop clocked by cal_clk)
  Endpoint: f_det_o[2] (output port clocked by cal_clk)
  Path Group: cal_clk
  Path Type: min

  Des/Clust/Port     Wire Load Model       Library
  ------------------------------------------------
  ftc_detection_margin_manager
                     Small                 sc9mc_logic0040ll_base_rvt_c40_ss_typical_max_0p99v_125c

  Point                                       Fanout       Cap     Trans      Incr       Path
  ----------------------------------------------------------------------------------------------
  clock cal_clk (rise edge)                                               0.000000   0.000000
  clock network delay (ideal)                                             0.000000   0.000000
  f_det_q_reg[2]/CK (DFFRPQ_X1M_A9TR40)                         0.050000  0.000000   0.000000 r
  f_det_q_reg[2]/Q (DFFRPQ_X1M_A9TR40) <-                       0.046113  0.275246   0.275246 f
  f_det_o[2] (net)                              2     0.002042            0.000000   0.275246 f
  f_det_o[2] (out)                                              0.046113  0.000011   0.275257 f
  data arrival time                                                                  0.275257

  clock cal_clk (rise edge)                                               0.000000   0.000000
  clock network delay (ideal)                                             0.000000   0.000000
  clock uncertainty                                                       0.020000   0.020000
  output external delay                                                   0.000000   0.020000
  data required time                                                                 0.020000
  ----------------------------------------------------------------------------------------------
  data required time                                                                 0.020000
  data arrival time                                                                  -0.275257
  ----------------------------------------------------------------------------------------------
  slack (MET)                                                                        0.255257


  Startpoint: f_det_q_reg[0]
              (rising edge-triggered flip-flop clocked by cal_clk)
  Endpoint: f_det_o[0] (output port clocked by cal_clk)
  Path Group: cal_clk
  Path Type: min

  Des/Clust/Port     Wire Load Model       Library
  ------------------------------------------------
  ftc_detection_margin_manager
                     Small                 sc9mc_logic0040ll_base_rvt_c40_ss_typical_max_0p99v_125c

  Point                                       Fanout       Cap     Trans      Incr       Path
  ----------------------------------------------------------------------------------------------
  clock cal_clk (rise edge)                                               0.000000   0.000000
  clock network delay (ideal)                                             0.000000   0.000000
  f_det_q_reg[0]/CK (DFFRPQ_X1M_A9TR40)                         0.050000  0.000000   0.000000 r
  f_det_q_reg[0]/Q (DFFRPQ_X1M_A9TR40) <-                       0.046113  0.275246   0.275246 f
  f_det_o[0] (net)                              2     0.002042            0.000000   0.275246 f
  f_det_o[0] (out)                                              0.046113  0.000011   0.275257 f
  data arrival time                                                                  0.275257

  clock cal_clk (rise edge)                                               0.000000   0.000000
  clock network delay (ideal)                                             0.000000   0.000000
  clock uncertainty                                                       0.020000   0.020000
  output external delay                                                   0.000000   0.020000
  data required time                                                                 0.020000
  ----------------------------------------------------------------------------------------------
  data required time                                                                 0.020000
  data arrival time                                                                  -0.275257
  ----------------------------------------------------------------------------------------------
  slack (MET)                                                                        0.255257


  Startpoint: margin_level_q_reg[1]
              (rising edge-triggered flip-flop clocked by cal_clk)
  Endpoint: margin_level_o[1]
            (output port clocked by cal_clk)
  Path Group: cal_clk
  Path Type: min

  Des/Clust/Port     Wire Load Model       Library
  ------------------------------------------------
  ftc_detection_margin_manager
                     Small                 sc9mc_logic0040ll_base_rvt_c40_ss_typical_max_0p99v_125c

  Point                                       Fanout       Cap     Trans      Incr       Path
  ----------------------------------------------------------------------------------------------
  clock cal_clk (rise edge)                                               0.000000   0.000000
  clock network delay (ideal)                                             0.000000   0.000000
  margin_level_q_reg[1]/CK (DFFRPQ_X1M_A9TR40)                  0.050000  0.000000   0.000000 r
  margin_level_q_reg[1]/Q (DFFRPQ_X1M_A9TR40) <-                0.046113  0.275246   0.275246 f
  margin_level_o[1] (net)                       2     0.002042            0.000000   0.275246 f
  margin_level_o[1] (out)                                       0.046113  0.000011   0.275257 f
  data arrival time                                                                  0.275257

  clock cal_clk (rise edge)                                               0.000000   0.000000
  clock network delay (ideal)                                             0.000000   0.000000
  clock uncertainty                                                       0.020000   0.020000
  output external delay                                                   0.000000   0.020000
  data required time                                                                 0.020000
  ----------------------------------------------------------------------------------------------
  data required time                                                                 0.020000
  data arrival time                                                                  -0.275257
  ----------------------------------------------------------------------------------------------
  slack (MET)                                                                        0.255257


  Startpoint: f_det_q_reg[1]
              (rising edge-triggered flip-flop clocked by cal_clk)
  Endpoint: f_det_o[1] (output port clocked by cal_clk)
  Path Group: cal_clk
  Path Type: min

  Des/Clust/Port     Wire Load Model       Library
  ------------------------------------------------
  ftc_detection_margin_manager
                     Small                 sc9mc_logic0040ll_base_rvt_c40_ss_typical_max_0p99v_125c

  Point                                       Fanout       Cap     Trans      Incr       Path
  ----------------------------------------------------------------------------------------------
  clock cal_clk (rise edge)                                               0.000000   0.000000
  clock network delay (ideal)                                             0.000000   0.000000
  f_det_q_reg[1]/CK (DFFRPQ_X1M_A9TR40)                         0.050000  0.000000   0.000000 r
  f_det_q_reg[1]/Q (DFFRPQ_X1M_A9TR40) <-                       0.046584  0.275560   0.275560 f
  f_det_o[1] (net)                              2     0.002089            0.000000   0.275560 f
  f_det_o[1] (out)                                              0.046584  0.000011   0.275571 f
  data arrival time                                                                  0.275571

  clock cal_clk (rise edge)                                               0.000000   0.000000
  clock network delay (ideal)                                             0.000000   0.000000
  clock uncertainty                                                       0.020000   0.020000
  output external delay                                                   0.000000   0.020000
  data required time                                                                 0.020000
  ----------------------------------------------------------------------------------------------
  data required time                                                                 0.020000
  data arrival time                                                                  -0.275571
  ----------------------------------------------------------------------------------------------
  slack (MET)                                                                        0.255571


  Startpoint: margin_level_q_reg[0]
              (rising edge-triggered flip-flop clocked by cal_clk)
  Endpoint: margin_level_o[0]
            (output port clocked by cal_clk)
  Path Group: cal_clk
  Path Type: min

  Des/Clust/Port     Wire Load Model       Library
  ------------------------------------------------
  ftc_detection_margin_manager
                     Small                 sc9mc_logic0040ll_base_rvt_c40_ss_typical_max_0p99v_125c

  Point                                       Fanout       Cap     Trans      Incr       Path
  ----------------------------------------------------------------------------------------------
  clock cal_clk (rise edge)                                               0.000000   0.000000
  clock network delay (ideal)                                             0.000000   0.000000
  margin_level_q_reg[0]/CK (DFFRPQ_X1M_A9TR40)                  0.050000  0.000000   0.000000 r
  margin_level_q_reg[0]/Q (DFFRPQ_X1M_A9TR40) <-                0.046584  0.275560   0.275560 f
  margin_level_o[0] (net)                       2     0.002089            0.000000   0.275560 f
  margin_level_o[0] (out)                                       0.046584  0.000011   0.275571 f
  data arrival time                                                                  0.275571

  clock cal_clk (rise edge)                                               0.000000   0.000000
  clock network delay (ideal)                                             0.000000   0.000000
  clock uncertainty                                                       0.020000   0.020000
  output external delay                                                   0.000000   0.020000
  data required time                                                                 0.020000
  ----------------------------------------------------------------------------------------------
  data required time                                                                 0.020000
  data arrival time                                                                  -0.275571
  ----------------------------------------------------------------------------------------------
  slack (MET)                                                                        0.255571


  Startpoint: det_fine_therm_q_reg[9]
              (rising edge-triggered flip-flop clocked by cal_clk)
  Endpoint: det_fine_therm_o[9]
            (output port clocked by cal_clk)
  Path Group: cal_clk
  Path Type: min

  Des/Clust/Port     Wire Load Model       Library
  ------------------------------------------------
  ftc_detection_margin_manager
                     Small                 sc9mc_logic0040ll_base_rvt_c40_ss_typical_max_0p99v_125c

  Point                                       Fanout       Cap     Trans      Incr       Path
  ----------------------------------------------------------------------------------------------
  clock cal_clk (rise edge)                                               0.000000   0.000000
  clock network delay (ideal)                                             0.000000   0.000000
  det_fine_therm_q_reg[9]/CK (DFFSQ_X1M_A9TR40)                 0.050000  0.000000   0.000000 r
  det_fine_therm_q_reg[9]/Q (DFFSQ_X1M_A9TR40) <-               0.044348  0.279719   0.279719 f
  det_fine_therm_o[9] (net)                     2     0.002007            0.000000   0.279719 f
  det_fine_therm_o[9] (out)                                     0.044348  0.000011   0.279730 f
  data arrival time                                                                  0.279730

  clock cal_clk (rise edge)                                               0.000000   0.000000
  clock network delay (ideal)                                             0.000000   0.000000
  clock uncertainty                                                       0.020000   0.020000
  output external delay                                                   0.000000   0.020000
  data required time                                                                 0.020000
  ----------------------------------------------------------------------------------------------
  data required time                                                                 0.020000
  data arrival time                                                                  -0.279730
  ----------------------------------------------------------------------------------------------
  slack (MET)                                                                        0.259730


  Startpoint: det_fine_therm_q_reg[8]
              (rising edge-triggered flip-flop clocked by cal_clk)
  Endpoint: det_fine_therm_o[8]
            (output port clocked by cal_clk)
  Path Group: cal_clk
  Path Type: min

  Des/Clust/Port     Wire Load Model       Library
  ------------------------------------------------
  ftc_detection_margin_manager
                     Small                 sc9mc_logic0040ll_base_rvt_c40_ss_typical_max_0p99v_125c

  Point                                       Fanout       Cap     Trans      Incr       Path
  ----------------------------------------------------------------------------------------------
  clock cal_clk (rise edge)                                               0.000000   0.000000
  clock network delay (ideal)                                             0.000000   0.000000
  det_fine_therm_q_reg[8]/CK (DFFSQ_X1M_A9TR40)                 0.050000  0.000000   0.000000 r
  det_fine_therm_q_reg[8]/Q (DFFSQ_X1M_A9TR40) <-               0.044348  0.279719   0.279719 f
  det_fine_therm_o[8] (net)                     2     0.002007            0.000000   0.279719 f
  det_fine_therm_o[8] (out)                                     0.044348  0.000011   0.279730 f
  data arrival time                                                                  0.279730

  clock cal_clk (rise edge)                                               0.000000   0.000000
  clock network delay (ideal)                                             0.000000   0.000000
  clock uncertainty                                                       0.020000   0.020000
  output external delay                                                   0.000000   0.020000
  data required time                                                                 0.020000
  ----------------------------------------------------------------------------------------------
  data required time                                                                 0.020000
  data arrival time                                                                  -0.279730
  ----------------------------------------------------------------------------------------------
  slack (MET)                                                                        0.259730


  Startpoint: det_fine_therm_q_reg[7]
              (rising edge-triggered flip-flop clocked by cal_clk)
  Endpoint: det_fine_therm_o[7]
            (output port clocked by cal_clk)
  Path Group: cal_clk
  Path Type: min

  Des/Clust/Port     Wire Load Model       Library
  ------------------------------------------------
  ftc_detection_margin_manager
                     Small                 sc9mc_logic0040ll_base_rvt_c40_ss_typical_max_0p99v_125c

  Point                                       Fanout       Cap     Trans      Incr       Path
  ----------------------------------------------------------------------------------------------
  clock cal_clk (rise edge)                                               0.000000   0.000000
  clock network delay (ideal)                                             0.000000   0.000000
  det_fine_therm_q_reg[7]/CK (DFFSQ_X1M_A9TR40)                 0.050000  0.000000   0.000000 r
  det_fine_therm_q_reg[7]/Q (DFFSQ_X1M_A9TR40) <-               0.044348  0.279719   0.279719 f
  det_fine_therm_o[7] (net)                     2     0.002007            0.000000   0.279719 f
  det_fine_therm_o[7] (out)                                     0.044348  0.000011   0.279730 f
  data arrival time                                                                  0.279730

  clock cal_clk (rise edge)                                               0.000000   0.000000
  clock network delay (ideal)                                             0.000000   0.000000
  clock uncertainty                                                       0.020000   0.020000
  output external delay                                                   0.000000   0.020000
  data required time                                                                 0.020000
  ----------------------------------------------------------------------------------------------
  data required time                                                                 0.020000
  data arrival time                                                                  -0.279730
  ----------------------------------------------------------------------------------------------
  slack (MET)                                                                        0.259730


  Startpoint: det_fine_therm_q_reg[6]
              (rising edge-triggered flip-flop clocked by cal_clk)
  Endpoint: det_fine_therm_o[6]
            (output port clocked by cal_clk)
  Path Group: cal_clk
  Path Type: min

  Des/Clust/Port     Wire Load Model       Library
  ------------------------------------------------
  ftc_detection_margin_manager
                     Small                 sc9mc_logic0040ll_base_rvt_c40_ss_typical_max_0p99v_125c

  Point                                       Fanout       Cap     Trans      Incr       Path
  ----------------------------------------------------------------------------------------------
  clock cal_clk (rise edge)                                               0.000000   0.000000
  clock network delay (ideal)                                             0.000000   0.000000
  det_fine_therm_q_reg[6]/CK (DFFSQ_X1M_A9TR40)                 0.050000  0.000000   0.000000 r
  det_fine_therm_q_reg[6]/Q (DFFSQ_X1M_A9TR40) <-               0.044348  0.279719   0.279719 f
  det_fine_therm_o[6] (net)                     2     0.002007            0.000000   0.279719 f
  det_fine_therm_o[6] (out)                                     0.044348  0.000011   0.279730 f
  data arrival time                                                                  0.279730

  clock cal_clk (rise edge)                                               0.000000   0.000000
  clock network delay (ideal)                                             0.000000   0.000000
  clock uncertainty                                                       0.020000   0.020000
  output external delay                                                   0.000000   0.020000
  data required time                                                                 0.020000
  ----------------------------------------------------------------------------------------------
  data required time                                                                 0.020000
  data arrival time                                                                  -0.279730
  ----------------------------------------------------------------------------------------------
  slack (MET)                                                                        0.259730


  Startpoint: det_fine_therm_q_reg[5]
              (rising edge-triggered flip-flop clocked by cal_clk)
  Endpoint: det_fine_therm_o[5]
            (output port clocked by cal_clk)
  Path Group: cal_clk
  Path Type: min

  Des/Clust/Port     Wire Load Model       Library
  ------------------------------------------------
  ftc_detection_margin_manager
                     Small                 sc9mc_logic0040ll_base_rvt_c40_ss_typical_max_0p99v_125c

  Point                                       Fanout       Cap     Trans      Incr       Path
  ----------------------------------------------------------------------------------------------
  clock cal_clk (rise edge)                                               0.000000   0.000000
  clock network delay (ideal)                                             0.000000   0.000000
  det_fine_therm_q_reg[5]/CK (DFFSQ_X1M_A9TR40)                 0.050000  0.000000   0.000000 r
  det_fine_therm_q_reg[5]/Q (DFFSQ_X1M_A9TR40) <-               0.044348  0.279719   0.279719 f
  det_fine_therm_o[5] (net)                     2     0.002007            0.000000   0.279719 f
  det_fine_therm_o[5] (out)                                     0.044348  0.000011   0.279730 f
  data arrival time                                                                  0.279730

  clock cal_clk (rise edge)                                               0.000000   0.000000
  clock network delay (ideal)                                             0.000000   0.000000
  clock uncertainty                                                       0.020000   0.020000
  output external delay                                                   0.000000   0.020000
  data required time                                                                 0.020000
  ----------------------------------------------------------------------------------------------
  data required time                                                                 0.020000
  data arrival time                                                                  -0.279730
  ----------------------------------------------------------------------------------------------
  slack (MET)                                                                        0.259730


  Startpoint: det_fine_therm_q_reg[4]
              (rising edge-triggered flip-flop clocked by cal_clk)
  Endpoint: det_fine_therm_o[4]
            (output port clocked by cal_clk)
  Path Group: cal_clk
  Path Type: min

  Des/Clust/Port     Wire Load Model       Library
  ------------------------------------------------
  ftc_detection_margin_manager
                     Small                 sc9mc_logic0040ll_base_rvt_c40_ss_typical_max_0p99v_125c

  Point                                       Fanout       Cap     Trans      Incr       Path
  ----------------------------------------------------------------------------------------------
  clock cal_clk (rise edge)                                               0.000000   0.000000
  clock network delay (ideal)                                             0.000000   0.000000
  det_fine_therm_q_reg[4]/CK (DFFSQ_X1M_A9TR40)                 0.050000  0.000000   0.000000 r
  det_fine_therm_q_reg[4]/Q (DFFSQ_X1M_A9TR40) <-               0.044348  0.279719   0.279719 f
  det_fine_therm_o[4] (net)                     2     0.002007            0.000000   0.279719 f
  det_fine_therm_o[4] (out)                                     0.044348  0.000011   0.279730 f
  data arrival time                                                                  0.279730

  clock cal_clk (rise edge)                                               0.000000   0.000000
  clock network delay (ideal)                                             0.000000   0.000000
  clock uncertainty                                                       0.020000   0.020000
  output external delay                                                   0.000000   0.020000
  data required time                                                                 0.020000
  ----------------------------------------------------------------------------------------------
  data required time                                                                 0.020000
  data arrival time                                                                  -0.279730
  ----------------------------------------------------------------------------------------------
  slack (MET)                                                                        0.259730


  Startpoint: det_fine_therm_q_reg[3]
              (rising edge-triggered flip-flop clocked by cal_clk)
  Endpoint: det_fine_therm_o[3]
            (output port clocked by cal_clk)
  Path Group: cal_clk
  Path Type: min

  Des/Clust/Port     Wire Load Model       Library
  ------------------------------------------------
  ftc_detection_margin_manager
                     Small                 sc9mc_logic0040ll_base_rvt_c40_ss_typical_max_0p99v_125c

  Point                                       Fanout       Cap     Trans      Incr       Path
  ----------------------------------------------------------------------------------------------
  clock cal_clk (rise edge)                                               0.000000   0.000000
  clock network delay (ideal)                                             0.000000   0.000000
  det_fine_therm_q_reg[3]/CK (DFFSQ_X1M_A9TR40)                 0.050000  0.000000   0.000000 r
  det_fine_therm_q_reg[3]/Q (DFFSQ_X1M_A9TR40) <-               0.044348  0.279719   0.279719 f
  det_fine_therm_o[3] (net)                     2     0.002007            0.000000   0.279719 f
  det_fine_therm_o[3] (out)                                     0.044348  0.000011   0.279730 f
  data arrival time                                                                  0.279730

  clock cal_clk (rise edge)                                               0.000000   0.000000
  clock network delay (ideal)                                             0.000000   0.000000
  clock uncertainty                                                       0.020000   0.020000
  output external delay                                                   0.000000   0.020000
  data required time                                                                 0.020000
  ----------------------------------------------------------------------------------------------
  data required time                                                                 0.020000
  data arrival time                                                                  -0.279730
  ----------------------------------------------------------------------------------------------
  slack (MET)                                                                        0.259730


  Startpoint: det_fine_therm_q_reg[2]
              (rising edge-triggered flip-flop clocked by cal_clk)
  Endpoint: det_fine_therm_o[2]
            (output port clocked by cal_clk)
  Path Group: cal_clk
  Path Type: min

  Des/Clust/Port     Wire Load Model       Library
  ------------------------------------------------
  ftc_detection_margin_manager
                     Small                 sc9mc_logic0040ll_base_rvt_c40_ss_typical_max_0p99v_125c

  Point                                       Fanout       Cap     Trans      Incr       Path
  ----------------------------------------------------------------------------------------------
  clock cal_clk (rise edge)                                               0.000000   0.000000
  clock network delay (ideal)                                             0.000000   0.000000
  det_fine_therm_q_reg[2]/CK (DFFSQ_X1M_A9TR40)                 0.050000  0.000000   0.000000 r
  det_fine_therm_q_reg[2]/Q (DFFSQ_X1M_A9TR40) <-               0.044348  0.279719   0.279719 f
  det_fine_therm_o[2] (net)                     2     0.002007            0.000000   0.279719 f
  det_fine_therm_o[2] (out)                                     0.044348  0.000011   0.279730 f
  data arrival time                                                                  0.279730

  clock cal_clk (rise edge)                                               0.000000   0.000000
  clock network delay (ideal)                                             0.000000   0.000000
  clock uncertainty                                                       0.020000   0.020000
  output external delay                                                   0.000000   0.020000
  data required time                                                                 0.020000
  ----------------------------------------------------------------------------------------------
  data required time                                                                 0.020000
  data arrival time                                                                  -0.279730
  ----------------------------------------------------------------------------------------------
  slack (MET)                                                                        0.259730


  Startpoint: det_fine_therm_q_reg[1]
              (rising edge-triggered flip-flop clocked by cal_clk)
  Endpoint: det_fine_therm_o[1]
            (output port clocked by cal_clk)
  Path Group: cal_clk
  Path Type: min

  Des/Clust/Port     Wire Load Model       Library
  ------------------------------------------------
  ftc_detection_margin_manager
                     Small                 sc9mc_logic0040ll_base_rvt_c40_ss_typical_max_0p99v_125c

  Point                                       Fanout       Cap     Trans      Incr       Path
  ----------------------------------------------------------------------------------------------
  clock cal_clk (rise edge)                                               0.000000   0.000000
  clock network delay (ideal)                                             0.000000   0.000000
  det_fine_therm_q_reg[1]/CK (DFFSQ_X1M_A9TR40)                 0.050000  0.000000   0.000000 r
  det_fine_therm_q_reg[1]/Q (DFFSQ_X1M_A9TR40) <-               0.044348  0.279719   0.279719 f
  det_fine_therm_o[1] (net)                     2     0.002007            0.000000   0.279719 f
  det_fine_therm_o[1] (out)                                     0.044348  0.000011   0.279730 f
  data arrival time                                                                  0.279730

  clock cal_clk (rise edge)                                               0.000000   0.000000
  clock network delay (ideal)                                             0.000000   0.000000
  clock uncertainty                                                       0.020000   0.020000
  output external delay                                                   0.000000   0.020000
  data required time                                                                 0.020000
  ----------------------------------------------------------------------------------------------
  data required time                                                                 0.020000
  data arrival time                                                                  -0.279730
  ----------------------------------------------------------------------------------------------
  slack (MET)                                                                        0.259730


  Startpoint: det_fine_therm_q_reg[0]
              (rising edge-triggered flip-flop clocked by cal_clk)
  Endpoint: det_fine_therm_o[0]
            (output port clocked by cal_clk)
  Path Group: cal_clk
  Path Type: min

  Des/Clust/Port     Wire Load Model       Library
  ------------------------------------------------
  ftc_detection_margin_manager
                     Small                 sc9mc_logic0040ll_base_rvt_c40_ss_typical_max_0p99v_125c

  Point                                       Fanout       Cap     Trans      Incr       Path
  ----------------------------------------------------------------------------------------------
  clock cal_clk (rise edge)                                               0.000000   0.000000
  clock network delay (ideal)                                             0.000000   0.000000
  det_fine_therm_q_reg[0]/CK (DFFSQ_X1M_A9TR40)                 0.050000  0.000000   0.000000 r
  det_fine_therm_q_reg[0]/Q (DFFSQ_X1M_A9TR40) <-               0.044348  0.279719   0.279719 f
  det_fine_therm_o[0] (net)                     2     0.002007            0.000000   0.279719 f
  det_fine_therm_o[0] (out)                                     0.044348  0.000011   0.279730 f
  data arrival time                                                                  0.279730

  clock cal_clk (rise edge)                                               0.000000   0.000000
  clock network delay (ideal)                                             0.000000   0.000000
  clock uncertainty                                                       0.020000   0.020000
  output external delay                                                   0.000000   0.020000
  data required time                                                                 0.020000
  ----------------------------------------------------------------------------------------------
  data required time                                                                 0.020000
  data arrival time                                                                  -0.279730
  ----------------------------------------------------------------------------------------------
  slack (MET)                                                                        0.259730


  Startpoint: margin_cfg_valid_q_reg
              (rising edge-triggered flip-flop clocked by cal_clk)
  Endpoint: margin_cfg_valid_o
            (output port clocked by cal_clk)
  Path Group: cal_clk
  Path Type: min

  Des/Clust/Port     Wire Load Model       Library
  ------------------------------------------------
  ftc_detection_margin_manager
                     Small                 sc9mc_logic0040ll_base_rvt_c40_ss_typical_max_0p99v_125c

  Point                                       Fanout       Cap     Trans      Incr       Path
  ----------------------------------------------------------------------------------------------
  clock cal_clk (rise edge)                                               0.000000   0.000000
  clock network delay (ideal)                                             0.000000   0.000000
  margin_cfg_valid_q_reg/CK (DFFRPQ_X0P5M_A9TR40)               0.050000  0.000000   0.000000 r
  margin_cfg_valid_q_reg/Q (DFFRPQ_X0P5M_A9TR40) <-             0.073319  0.329892   0.329892 f
  margin_cfg_valid_o (net)                      2     0.002013            0.000000   0.329892 f
  margin_cfg_valid_o (out)                                      0.073319  0.000011   0.329902 f
  data arrival time                                                                  0.329902

  clock cal_clk (rise edge)                                               0.000000   0.000000
  clock network delay (ideal)                                             0.000000   0.000000
  clock uncertainty                                                       0.020000   0.020000
  output external delay                                                   0.000000   0.020000
  data required time                                                                 0.020000
  ----------------------------------------------------------------------------------------------
  data required time                                                                 0.020000
  data arrival time                                                                  -0.329902
  ----------------------------------------------------------------------------------------------
  slack (MET)                                                                        0.309902


  Startpoint: state_q_reg[3]
              (rising edge-triggered flip-flop clocked by cal_clk)
  Endpoint: det_takeover_ready_o
            (output port clocked by cal_clk)
  Path Group: cal_clk
  Path Type: min

  Des/Clust/Port     Wire Load Model       Library
  ------------------------------------------------
  ftc_detection_margin_manager
                     Small                 sc9mc_logic0040ll_base_rvt_c40_ss_typical_max_0p99v_125c

  Point                                       Fanout       Cap     Trans      Incr       Path
  ----------------------------------------------------------------------------------------------
  clock cal_clk (rise edge)                                               0.000000   0.000000
  clock network delay (ideal)                                             0.000000   0.000000
  state_q_reg[3]/CK (DFFRPQ_X1M_A9TR40)                         0.050000  0.000000   0.000000 r
  state_q_reg[3]/Q (DFFRPQ_X1M_A9TR40) <-                       0.126749  0.325960   0.325960 r
  state_q[3] (net)                              4     0.005195            0.000000   0.325960 r
  U197/B (NOR3_X1A_A9TR40)                                      0.126749  0.000017   0.325977 r
  U197/Y (NOR3_X1A_A9TR40)                                      0.067267  0.082579   0.408556 f
  det_takeover_ready_o (net)                    2     0.001983            0.000000   0.408556 f
  det_takeover_ready_o (out)                                    0.067267  0.000011   0.408567 f
  data arrival time                                                                  0.408567

  clock cal_clk (rise edge)                                               0.000000   0.000000
  clock network delay (ideal)                                             0.000000   0.000000
  clock uncertainty                                                       0.020000   0.020000
  output external delay                                                   0.000000   0.020000
  data required time                                                                 0.020000
  ----------------------------------------------------------------------------------------------
  data required time                                                                 0.020000
  data arrival time                                                                  -0.408567
  ----------------------------------------------------------------------------------------------
  slack (MET)                                                                        0.388567


  Startpoint: state_q_reg[0]
              (rising edge-triggered flip-flop clocked by cal_clk)
  Endpoint: det_takeover_ready_o
            (output port clocked by cal_clk)
  Path Group: cal_clk
  Path Type: min

  Des/Clust/Port     Wire Load Model       Library
  ------------------------------------------------
  ftc_detection_margin_manager
                     Small                 sc9mc_logic0040ll_base_rvt_c40_ss_typical_max_0p99v_125c

  Point                                       Fanout       Cap     Trans      Incr       Path
  ----------------------------------------------------------------------------------------------
  clock cal_clk (rise edge)                                               0.000000   0.000000
  clock network delay (ideal)                                             0.000000   0.000000
  state_q_reg[0]/CK (DFFRPQ_X1M_A9TR40)                         0.050000  0.000000   0.000000 r
  state_q_reg[0]/Q (DFFRPQ_X1M_A9TR40) <-                       0.075996  0.295160   0.295160 f
  state_q[0] (net)                              4     0.005004            0.000000   0.295160 f
  U133/A (NAND2_X0P5A_A9TR40)                                   0.075996  0.000016   0.295175 f
  U133/Y (NAND2_X0P5A_A9TR40)                                   0.212930  0.145900   0.441075 r
  n37 (net)                                     4     0.005078            0.000000   0.441075 r
  U197/A (NOR3_X1A_A9TR40)                                      0.212930  0.000017   0.441092 r
  U197/Y (NOR3_X1A_A9TR40)                                      0.067267  0.107345   0.548437 f
  det_takeover_ready_o (net)                    2     0.001983            0.000000   0.548437 f
  det_takeover_ready_o (out)                                    0.067267  0.000011   0.548448 f
  data arrival time                                                                  0.548448

  clock cal_clk (rise edge)                                               0.000000   0.000000
  clock network delay (ideal)                                             0.000000   0.000000
  clock uncertainty                                                       0.020000   0.020000
  output external delay                                                   0.000000   0.020000
  data required time                                                                 0.020000
  ----------------------------------------------------------------------------------------------
  data required time                                                                 0.020000
  data arrival time                                                                  -0.548448
  ----------------------------------------------------------------------------------------------
  slack (MET)                                                                        0.528448


  Startpoint: state_q_reg[1]
              (rising edge-triggered flip-flop clocked by cal_clk)
  Endpoint: det_takeover_ready_o
            (output port clocked by cal_clk)
  Path Group: cal_clk
  Path Type: min

  Des/Clust/Port     Wire Load Model       Library
  ------------------------------------------------
  ftc_detection_margin_manager
                     Small                 sc9mc_logic0040ll_base_rvt_c40_ss_typical_max_0p99v_125c

  Point                                       Fanout       Cap     Trans      Incr       Path
  ----------------------------------------------------------------------------------------------
  clock cal_clk (rise edge)                                               0.000000   0.000000
  clock network delay (ideal)                                             0.000000   0.000000
  state_q_reg[1]/CK (DFFRPQ_X1M_A9TR40)                         0.050000  0.000000   0.000000 r
  state_q_reg[1]/Q (DFFRPQ_X1M_A9TR40) <-                       0.097548  0.309521   0.309521 f
  state_q[1] (net)                              6     0.007141            0.000000   0.309521 f
  U132/A (INV_X0P5B_A9TR40)                                     0.097548  0.000015   0.309536 f
  U132/Y (INV_X0P5B_A9TR40)                                     0.200919  0.148042   0.457578 r
  n35 (net)                                     4     0.005054            0.000000   0.457578 r
  U197/C (NOR3_X1A_A9TR40)                                      0.200919  0.000017   0.457595 r
  U197/Y (NOR3_X1A_A9TR40)                                      0.067267  0.112031   0.569625 f
  det_takeover_ready_o (net)                    2     0.001983            0.000000   0.569625 f
  det_takeover_ready_o (out)                                    0.067267  0.000011   0.569636 f
  data arrival time                                                                  0.569636

  clock cal_clk (rise edge)                                               0.000000   0.000000
  clock network delay (ideal)                                             0.000000   0.000000
  clock uncertainty                                                       0.020000   0.020000
  output external delay                                                   0.000000   0.020000
  data required time                                                                 0.020000
  ----------------------------------------------------------------------------------------------
  data required time                                                                 0.020000
  data arrival time                                                                  -0.569636
  ----------------------------------------------------------------------------------------------
  slack (MET)                                                                        0.549636


  Startpoint: state_q_reg[2]
              (rising edge-triggered flip-flop clocked by cal_clk)
  Endpoint: det_takeover_ready_o
            (output port clocked by cal_clk)
  Path Group: cal_clk
  Path Type: min

  Des/Clust/Port     Wire Load Model       Library
  ------------------------------------------------
  ftc_detection_margin_manager
                     Small                 sc9mc_logic0040ll_base_rvt_c40_ss_typical_max_0p99v_125c

  Point                                       Fanout       Cap     Trans      Incr       Path
  ----------------------------------------------------------------------------------------------
  clock cal_clk (rise edge)                                               0.000000   0.000000
  clock network delay (ideal)                                             0.000000   0.000000
  state_q_reg[2]/CK (DFFRPQ_X1M_A9TR40)                         0.050000  0.000000   0.000000 r
  state_q_reg[2]/Q (DFFRPQ_X1M_A9TR40) <-                       0.145378  0.335988   0.335988 r
  state_q[2] (net)                              5     0.006144            0.000000   0.335988 r
  U134/A (INV_X0P5B_A9TR40)                                     0.145378  0.000015   0.336003 r
  U134/Y (INV_X0P5B_A9TR40)                                     0.130386  0.135333   0.471336 f
  n50 (net)                                     3     0.003743            0.000000   0.471336 f
  U133/B (NAND2_X0P5A_A9TR40)                                   0.130386  0.000016   0.471352 f
  U133/Y (NAND2_X0P5A_A9TR40)                                   0.212930  0.170915   0.642267 r
  n37 (net)                                     4     0.005078            0.000000   0.642267 r
  U197/A (NOR3_X1A_A9TR40)                                      0.212930  0.000017   0.642284 r
  U197/Y (NOR3_X1A_A9TR40)                                      0.067267  0.107345   0.749629 f
  det_takeover_ready_o (net)                    2     0.001983            0.000000   0.749629 f
  det_takeover_ready_o (out)                                    0.067267  0.000011   0.749640 f
  data arrival time                                                                  0.749640

  clock cal_clk (rise edge)                                               0.000000   0.000000
  clock network delay (ideal)                                             0.000000   0.000000
  clock uncertainty                                                       0.020000   0.020000
  output external delay                                                   0.000000   0.020000
  data required time                                                                 0.020000
  ----------------------------------------------------------------------------------------------
  data required time                                                                 0.020000
  data arrival time                                                                  -0.749640
  ----------------------------------------------------------------------------------------------
  slack (MET)                                                                        0.729640


1
