 
****************************************
Report : timing
        -path full
        -delay min
        -input_pins
        -nets
        -max_paths 80
        -transition_time
        -capacitance
Design : ftc_detection_margin_manager
Version: W-2024.09
Date   : Sun Aug 23 13:28:06 2026
****************************************

Operating Conditions: ss_typical_max_0p99v_125c   Library: sc9mc_logic0040ll_base_rvt_c40_ss_typical_max_0p99v_125c
Wire Load Model Mode: top

  Startpoint: f_det_q_reg[1]
              (rising edge-triggered flip-flop clocked by cal_clk)
  Endpoint: f_det_q_reg[1]
            (rising edge-triggered flip-flop clocked by cal_clk)
  Path Group: cal_clk
  Path Type: min

  Des/Clust/Port     Wire Load Model       Library
  ------------------------------------------------
  ftc_detection_margin_manager
                     Small                 sc9mc_logic0040ll_base_rvt_c40_ss_typical_max_0p99v_125c

  Point                                       Fanout       Cap     Trans      Incr       Path
  ----------------------------------------------------------------------------------------------
  clock cal_clk (rise edge)                                               0.000000   0.000000
  clock network delay (ideal)                                             0.000000   0.000000
  f_det_q_reg[1]/CK (DFFRPQ_X1M_A9TR40)                         0.050000  0.000000   0.000000 r
  f_det_q_reg[1]/Q (DFFRPQ_X1M_A9TR40) <-                       0.046584  0.275560   0.275560 f
  f_det_o[1] (net)                              2     0.002089            0.000000   0.275560 f
  U137/B0 (AO22_X0P7M_A9TR40)                                   0.046584  0.000019   0.275580 f
  U137/Y (AO22_X0P7M_A9TR40)                                    0.046056  0.094107   0.369687 f
  n117 (net)                                    1     0.001539            0.000000   0.369687 f
  f_det_q_reg[1]/D (DFFRPQ_X1M_A9TR40)                          0.046056  0.000027   0.369713 f
  data arrival time                                                                  0.369713

  clock cal_clk (rise edge)                                               0.000000   0.000000
  clock network delay (ideal)                                             0.000000   0.000000
  clock uncertainty                                                       0.020000   0.020000
  f_det_q_reg[1]/CK (DFFRPQ_X1M_A9TR40)                                   0.000000   0.020000 r
  library hold time                                                       0.037559   0.057559
  data required time                                                                 0.057559
  ----------------------------------------------------------------------------------------------
  data required time                                                                 0.057559
  data arrival time                                                                  -0.369713
  ----------------------------------------------------------------------------------------------
  slack (MET)                                                                        0.312155


  Startpoint: margin_level_q_reg[0]
              (rising edge-triggered flip-flop clocked by cal_clk)
  Endpoint: margin_level_q_reg[0]
            (rising edge-triggered flip-flop clocked by cal_clk)
  Path Group: cal_clk
  Path Type: min

  Des/Clust/Port     Wire Load Model       Library
  ------------------------------------------------
  ftc_detection_margin_manager
                     Small                 sc9mc_logic0040ll_base_rvt_c40_ss_typical_max_0p99v_125c

  Point                                       Fanout       Cap     Trans      Incr       Path
  ----------------------------------------------------------------------------------------------
  clock cal_clk (rise edge)                                               0.000000   0.000000
  clock network delay (ideal)                                             0.000000   0.000000
  margin_level_q_reg[0]/CK (DFFRPQ_X1M_A9TR40)                  0.050000  0.000000   0.000000 r
  margin_level_q_reg[0]/Q (DFFRPQ_X1M_A9TR40) <-                0.046584  0.275560   0.275560 f
  margin_level_o[0] (net)                       2     0.002089            0.000000   0.275560 f
  U136/B0 (AO22_X0P7M_A9TR40)                                   0.046584  0.000019   0.275580 f
  U136/Y (AO22_X0P7M_A9TR40)                                    0.046056  0.094107   0.369687 f
  n114 (net)                                    1     0.001539            0.000000   0.369687 f
  margin_level_q_reg[0]/D (DFFRPQ_X1M_A9TR40)                   0.046056  0.000027   0.369713 f
  data arrival time                                                                  0.369713

  clock cal_clk (rise edge)                                               0.000000   0.000000
  clock network delay (ideal)                                             0.000000   0.000000
  clock uncertainty                                                       0.020000   0.020000
  margin_level_q_reg[0]/CK (DFFRPQ_X1M_A9TR40)                            0.000000   0.020000 r
  library hold time                                                       0.037559   0.057559
  data required time                                                                 0.057559
  ----------------------------------------------------------------------------------------------
  data required time                                                                 0.057559
  data arrival time                                                                  -0.369713
  ----------------------------------------------------------------------------------------------
  slack (MET)                                                                        0.312155


  Startpoint: trip_qualified_q_reg
              (rising edge-triggered flip-flop clocked by cal_clk)
  Endpoint: trip_qualified_q_reg
            (rising edge-triggered flip-flop clocked by cal_clk)
  Path Group: cal_clk
  Path Type: min

  Des/Clust/Port     Wire Load Model       Library
  ------------------------------------------------
  ftc_detection_margin_manager
                     Small                 sc9mc_logic0040ll_base_rvt_c40_ss_typical_max_0p99v_125c

  Point                                       Fanout       Cap     Trans      Incr       Path
  ----------------------------------------------------------------------------------------------
  clock cal_clk (rise edge)                                               0.000000   0.000000
  clock network delay (ideal)                                             0.000000   0.000000
  trip_qualified_q_reg/CK (DFFRPQ_X1M_A9TR40)                   0.050000  0.000000   0.000000 r
  trip_qualified_q_reg/Q (DFFRPQ_X1M_A9TR40) <-                 0.046113  0.275246   0.275246 f
  trip_qualified_o (net)                        2     0.002042            0.000000   0.275246 f
  U103/B0 (AO22_X0P5M_A9TR40)                                   0.046113  0.000019   0.275265 f
  U103/Y (AO22_X0P5M_A9TR40)                                    0.057691  0.106509   0.381774 f
  n125 (net)                                    1     0.001539            0.000000   0.381774 f
  trip_qualified_q_reg/D (DFFRPQ_X1M_A9TR40)                    0.057691  0.000027   0.381801 f
  data arrival time                                                                  0.381801

  clock cal_clk (rise edge)                                               0.000000   0.000000
  clock network delay (ideal)                                             0.000000   0.000000
  clock uncertainty                                                       0.020000   0.020000
  trip_qualified_q_reg/CK (DFFRPQ_X1M_A9TR40)                             0.000000   0.020000 r
  library hold time                                                       0.034740   0.054740
  data required time                                                                 0.054740
  ----------------------------------------------------------------------------------------------
  data required time                                                                 0.054740
  data arrival time                                                                  -0.381801
  ----------------------------------------------------------------------------------------------
  slack (MET)                                                                        0.327060


  Startpoint: m_det_q_reg[3]
              (rising edge-triggered flip-flop clocked by cal_clk)
  Endpoint: m_det_q_reg[3]
            (rising edge-triggered flip-flop clocked by cal_clk)
  Path Group: cal_clk
  Path Type: min

  Des/Clust/Port     Wire Load Model       Library
  ------------------------------------------------
  ftc_detection_margin_manager
                     Small                 sc9mc_logic0040ll_base_rvt_c40_ss_typical_max_0p99v_125c

  Point                                       Fanout       Cap     Trans      Incr       Path
  ----------------------------------------------------------------------------------------------
  clock cal_clk (rise edge)                                               0.000000   0.000000
  clock network delay (ideal)                                             0.000000   0.000000
  m_det_q_reg[3]/CK (DFFRPQ_X1M_A9TR40)                         0.050000  0.000000   0.000000 r
  m_det_q_reg[3]/Q (DFFRPQ_X1M_A9TR40) <-                       0.046113  0.275246   0.275246 f
  m_det_o[3] (net)                              2     0.002042            0.000000   0.275246 f
  U101/B0 (AO22_X0P5M_A9TR40)                                   0.046113  0.000019   0.275265 f
  U101/Y (AO22_X0P5M_A9TR40)                                    0.057691  0.106509   0.381774 f
  n123 (net)                                    1     0.001539            0.000000   0.381774 f
  m_det_q_reg[3]/D (DFFRPQ_X1M_A9TR40)                          0.057691  0.000027   0.381801 f
  data arrival time                                                                  0.381801

  clock cal_clk (rise edge)                                               0.000000   0.000000
  clock network delay (ideal)                                             0.000000   0.000000
  clock uncertainty                                                       0.020000   0.020000
  m_det_q_reg[3]/CK (DFFRPQ_X1M_A9TR40)                                   0.000000   0.020000 r
  library hold time                                                       0.034740   0.054740
  data required time                                                                 0.054740
  ----------------------------------------------------------------------------------------------
  data required time                                                                 0.054740
  data arrival time                                                                  -0.381801
  ----------------------------------------------------------------------------------------------
  slack (MET)                                                                        0.327060


  Startpoint: m_det_q_reg[2]
              (rising edge-triggered flip-flop clocked by cal_clk)
  Endpoint: m_det_q_reg[2]
            (rising edge-triggered flip-flop clocked by cal_clk)
  Path Group: cal_clk
  Path Type: min

  Des/Clust/Port     Wire Load Model       Library
  ------------------------------------------------
  ftc_detection_margin_manager
                     Small                 sc9mc_logic0040ll_base_rvt_c40_ss_typical_max_0p99v_125c

  Point                                       Fanout       Cap     Trans      Incr       Path
  ----------------------------------------------------------------------------------------------
  clock cal_clk (rise edge)                                               0.000000   0.000000
  clock network delay (ideal)                                             0.000000   0.000000
  m_det_q_reg[2]/CK (DFFRPQ_X1M_A9TR40)                         0.050000  0.000000   0.000000 r
  m_det_q_reg[2]/Q (DFFRPQ_X1M_A9TR40) <-                       0.046113  0.275246   0.275246 f
  m_det_o[2] (net)                              2     0.002042            0.000000   0.275246 f
  U100/B0 (AO22_X0P5M_A9TR40)                                   0.046113  0.000019   0.275265 f
  U100/Y (AO22_X0P5M_A9TR40)                                    0.057691  0.106509   0.381774 f
  n122 (net)                                    1     0.001539            0.000000   0.381774 f
  m_det_q_reg[2]/D (DFFRPQ_X1M_A9TR40)                          0.057691  0.000027   0.381801 f
  data arrival time                                                                  0.381801

  clock cal_clk (rise edge)                                               0.000000   0.000000
  clock network delay (ideal)                                             0.000000   0.000000
  clock uncertainty                                                       0.020000   0.020000
  m_det_q_reg[2]/CK (DFFRPQ_X1M_A9TR40)                                   0.000000   0.020000 r
  library hold time                                                       0.034740   0.054740
  data required time                                                                 0.054740
  ----------------------------------------------------------------------------------------------
  data required time                                                                 0.054740
  data arrival time                                                                  -0.381801
  ----------------------------------------------------------------------------------------------
  slack (MET)                                                                        0.327060


  Startpoint: m_det_q_reg[1]
              (rising edge-triggered flip-flop clocked by cal_clk)
  Endpoint: m_det_q_reg[1]
            (rising edge-triggered flip-flop clocked by cal_clk)
  Path Group: cal_clk
  Path Type: min

  Des/Clust/Port     Wire Load Model       Library
  ------------------------------------------------
  ftc_detection_margin_manager
                     Small                 sc9mc_logic0040ll_base_rvt_c40_ss_typical_max_0p99v_125c

  Point                                       Fanout       Cap     Trans      Incr       Path
  ----------------------------------------------------------------------------------------------
  clock cal_clk (rise edge)                                               0.000000   0.000000
  clock network delay (ideal)                                             0.000000   0.000000
  m_det_q_reg[1]/CK (DFFRPQ_X1M_A9TR40)                         0.050000  0.000000   0.000000 r
  m_det_q_reg[1]/Q (DFFRPQ_X1M_A9TR40) <-                       0.046113  0.275246   0.275246 f
  m_det_o[1] (net)                              2     0.002042            0.000000   0.275246 f
  U99/B0 (AO22_X0P5M_A9TR40)                                    0.046113  0.000019   0.275265 f
  U99/Y (AO22_X0P5M_A9TR40)                                     0.057691  0.106509   0.381774 f
  n121 (net)                                    1     0.001539            0.000000   0.381774 f
  m_det_q_reg[1]/D (DFFRPQ_X1M_A9TR40)                          0.057691  0.000027   0.381801 f
  data arrival time                                                                  0.381801

  clock cal_clk (rise edge)                                               0.000000   0.000000
  clock network delay (ideal)                                             0.000000   0.000000
  clock uncertainty                                                       0.020000   0.020000
  m_det_q_reg[1]/CK (DFFRPQ_X1M_A9TR40)                                   0.000000   0.020000 r
  library hold time                                                       0.034740   0.054740
  data required time                                                                 0.054740
  ----------------------------------------------------------------------------------------------
  data required time                                                                 0.054740
  data arrival time                                                                  -0.381801
  ----------------------------------------------------------------------------------------------
  slack (MET)                                                                        0.327060


  Startpoint: m_det_q_reg[0]
              (rising edge-triggered flip-flop clocked by cal_clk)
  Endpoint: m_det_q_reg[0]
            (rising edge-triggered flip-flop clocked by cal_clk)
  Path Group: cal_clk
  Path Type: min

  Des/Clust/Port     Wire Load Model       Library
  ------------------------------------------------
  ftc_detection_margin_manager
                     Small                 sc9mc_logic0040ll_base_rvt_c40_ss_typical_max_0p99v_125c

  Point                                       Fanout       Cap     Trans      Incr       Path
  ----------------------------------------------------------------------------------------------
  clock cal_clk (rise edge)                                               0.000000   0.000000
  clock network delay (ideal)                                             0.000000   0.000000
  m_det_q_reg[0]/CK (DFFRPQ_X1M_A9TR40)                         0.050000  0.000000   0.000000 r
  m_det_q_reg[0]/Q (DFFRPQ_X1M_A9TR40) <-                       0.046113  0.275246   0.275246 f
  m_det_o[0] (net)                              2     0.002042            0.000000   0.275246 f
  U98/B0 (AO22_X0P5M_A9TR40)                                    0.046113  0.000019   0.275265 f
  U98/Y (AO22_X0P5M_A9TR40)                                     0.057691  0.106509   0.381774 f
  n120 (net)                                    1     0.001539            0.000000   0.381774 f
  m_det_q_reg[0]/D (DFFRPQ_X1M_A9TR40)                          0.057691  0.000027   0.381801 f
  data arrival time                                                                  0.381801

  clock cal_clk (rise edge)                                               0.000000   0.000000
  clock network delay (ideal)                                             0.000000   0.000000
  clock uncertainty                                                       0.020000   0.020000
  m_det_q_reg[0]/CK (DFFRPQ_X1M_A9TR40)                                   0.000000   0.020000 r
  library hold time                                                       0.034740   0.054740
  data required time                                                                 0.054740
  ----------------------------------------------------------------------------------------------
  data required time                                                                 0.054740
  data arrival time                                                                  -0.381801
  ----------------------------------------------------------------------------------------------
  slack (MET)                                                                        0.327060


  Startpoint: f_det_q_reg[3]
              (rising edge-triggered flip-flop clocked by cal_clk)
  Endpoint: f_det_q_reg[3]
            (rising edge-triggered flip-flop clocked by cal_clk)
  Path Group: cal_clk
  Path Type: min

  Des/Clust/Port     Wire Load Model       Library
  ------------------------------------------------
  ftc_detection_margin_manager
                     Small                 sc9mc_logic0040ll_base_rvt_c40_ss_typical_max_0p99v_125c

  Point                                       Fanout       Cap     Trans      Incr       Path
  ----------------------------------------------------------------------------------------------
  clock cal_clk (rise edge)                                               0.000000   0.000000
  clock network delay (ideal)                                             0.000000   0.000000
  f_det_q_reg[3]/CK (DFFRPQ_X1M_A9TR40)                         0.050000  0.000000   0.000000 r
  f_det_q_reg[3]/Q (DFFRPQ_X1M_A9TR40) <-                       0.046113  0.275246   0.275246 f
  f_det_o[3] (net)                              2     0.002042            0.000000   0.275246 f
  U97/B0 (AO22_X0P5M_A9TR40)                                    0.046113  0.000019   0.275265 f
  U97/Y (AO22_X0P5M_A9TR40)                                     0.057691  0.106509   0.381774 f
  n119 (net)                                    1     0.001539            0.000000   0.381774 f
  f_det_q_reg[3]/D (DFFRPQ_X1M_A9TR40)                          0.057691  0.000027   0.381801 f
  data arrival time                                                                  0.381801

  clock cal_clk (rise edge)                                               0.000000   0.000000
  clock network delay (ideal)                                             0.000000   0.000000
  clock uncertainty                                                       0.020000   0.020000
  f_det_q_reg[3]/CK (DFFRPQ_X1M_A9TR40)                                   0.000000   0.020000 r
  library hold time                                                       0.034740   0.054740
  data required time                                                                 0.054740
  ----------------------------------------------------------------------------------------------
  data required time                                                                 0.054740
  data arrival time                                                                  -0.381801
  ----------------------------------------------------------------------------------------------
  slack (MET)                                                                        0.327060


  Startpoint: f_det_q_reg[2]
              (rising edge-triggered flip-flop clocked by cal_clk)
  Endpoint: f_det_q_reg[2]
            (rising edge-triggered flip-flop clocked by cal_clk)
  Path Group: cal_clk
  Path Type: min

  Des/Clust/Port     Wire Load Model       Library
  ------------------------------------------------
  ftc_detection_margin_manager
                     Small                 sc9mc_logic0040ll_base_rvt_c40_ss_typical_max_0p99v_125c

  Point                                       Fanout       Cap     Trans      Incr       Path
  ----------------------------------------------------------------------------------------------
  clock cal_clk (rise edge)                                               0.000000   0.000000
  clock network delay (ideal)                                             0.000000   0.000000
  f_det_q_reg[2]/CK (DFFRPQ_X1M_A9TR40)                         0.050000  0.000000   0.000000 r
  f_det_q_reg[2]/Q (DFFRPQ_X1M_A9TR40) <-                       0.046113  0.275246   0.275246 f
  f_det_o[2] (net)                              2     0.002042            0.000000   0.275246 f
  U96/B0 (AO22_X0P5M_A9TR40)                                    0.046113  0.000019   0.275265 f
  U96/Y (AO22_X0P5M_A9TR40)                                     0.057691  0.106509   0.381774 f
  n118 (net)                                    1     0.001539            0.000000   0.381774 f
  f_det_q_reg[2]/D (DFFRPQ_X1M_A9TR40)                          0.057691  0.000027   0.381801 f
  data arrival time                                                                  0.381801

  clock cal_clk (rise edge)                                               0.000000   0.000000
  clock network delay (ideal)                                             0.000000   0.000000
  clock uncertainty                                                       0.020000   0.020000
  f_det_q_reg[2]/CK (DFFRPQ_X1M_A9TR40)                                   0.000000   0.020000 r
  library hold time                                                       0.034740   0.054740
  data required time                                                                 0.054740
  ----------------------------------------------------------------------------------------------
  data required time                                                                 0.054740
  data arrival time                                                                  -0.381801
  ----------------------------------------------------------------------------------------------
  slack (MET)                                                                        0.327060


  Startpoint: f_det_q_reg[0]
              (rising edge-triggered flip-flop clocked by cal_clk)
  Endpoint: f_det_q_reg[0]
            (rising edge-triggered flip-flop clocked by cal_clk)
  Path Group: cal_clk
  Path Type: min

  Des/Clust/Port     Wire Load Model       Library
  ------------------------------------------------
  ftc_detection_margin_manager
                     Small                 sc9mc_logic0040ll_base_rvt_c40_ss_typical_max_0p99v_125c

  Point                                       Fanout       Cap     Trans      Incr       Path
  ----------------------------------------------------------------------------------------------
  clock cal_clk (rise edge)                                               0.000000   0.000000
  clock network delay (ideal)                                             0.000000   0.000000
  f_det_q_reg[0]/CK (DFFRPQ_X1M_A9TR40)                         0.050000  0.000000   0.000000 r
  f_det_q_reg[0]/Q (DFFRPQ_X1M_A9TR40) <-                       0.046113  0.275246   0.275246 f
  f_det_o[0] (net)                              2     0.002042            0.000000   0.275246 f
  U94/B0 (AO22_X0P5M_A9TR40)                                    0.046113  0.000019   0.275265 f
  U94/Y (AO22_X0P5M_A9TR40)                                     0.057691  0.106509   0.381774 f
  n116 (net)                                    1     0.001539            0.000000   0.381774 f
  f_det_q_reg[0]/D (DFFRPQ_X1M_A9TR40)                          0.057691  0.000027   0.381801 f
  data arrival time                                                                  0.381801

  clock cal_clk (rise edge)                                               0.000000   0.000000
  clock network delay (ideal)                                             0.000000   0.000000
  clock uncertainty                                                       0.020000   0.020000
  f_det_q_reg[0]/CK (DFFRPQ_X1M_A9TR40)                                   0.000000   0.020000 r
  library hold time                                                       0.034740   0.054740
  data required time                                                                 0.054740
  ----------------------------------------------------------------------------------------------
  data required time                                                                 0.054740
  data arrival time                                                                  -0.381801
  ----------------------------------------------------------------------------------------------
  slack (MET)                                                                        0.327060


  Startpoint: margin_level_q_reg[1]
              (rising edge-triggered flip-flop clocked by cal_clk)
  Endpoint: margin_level_q_reg[1]
            (rising edge-triggered flip-flop clocked by cal_clk)
  Path Group: cal_clk
  Path Type: min

  Des/Clust/Port     Wire Load Model       Library
  ------------------------------------------------
  ftc_detection_margin_manager
                     Small                 sc9mc_logic0040ll_base_rvt_c40_ss_typical_max_0p99v_125c

  Point                                       Fanout       Cap     Trans      Incr       Path
  ----------------------------------------------------------------------------------------------
  clock cal_clk (rise edge)                                               0.000000   0.000000
  clock network delay (ideal)                                             0.000000   0.000000
  margin_level_q_reg[1]/CK (DFFRPQ_X1M_A9TR40)                  0.050000  0.000000   0.000000 r
  margin_level_q_reg[1]/Q (DFFRPQ_X1M_A9TR40) <-                0.046113  0.275246   0.275246 f
  margin_level_o[1] (net)                       2     0.002042            0.000000   0.275246 f
  U93/B0 (AO22_X0P5M_A9TR40)                                    0.046113  0.000019   0.275265 f
  U93/Y (AO22_X0P5M_A9TR40)                                     0.057691  0.106509   0.381774 f
  n115 (net)                                    1     0.001539            0.000000   0.381774 f
  margin_level_q_reg[1]/D (DFFRPQ_X1M_A9TR40)                   0.057691  0.000027   0.381801 f
  data arrival time                                                                  0.381801

  clock cal_clk (rise edge)                                               0.000000   0.000000
  clock network delay (ideal)                                             0.000000   0.000000
  clock uncertainty                                                       0.020000   0.020000
  margin_level_q_reg[1]/CK (DFFRPQ_X1M_A9TR40)                            0.000000   0.020000 r
  library hold time                                                       0.034740   0.054740
  data required time                                                                 0.054740
  ----------------------------------------------------------------------------------------------
  data required time                                                                 0.054740
  data arrival time                                                                  -0.381801
  ----------------------------------------------------------------------------------------------
  slack (MET)                                                                        0.327060


  Startpoint: m_det_q_reg[4]
              (rising edge-triggered flip-flop clocked by cal_clk)
  Endpoint: m_det_q_reg[4]
            (rising edge-triggered flip-flop clocked by cal_clk)
  Path Group: cal_clk
  Path Type: min

  Des/Clust/Port     Wire Load Model       Library
  ------------------------------------------------
  ftc_detection_margin_manager
                     Small                 sc9mc_logic0040ll_base_rvt_c40_ss_typical_max_0p99v_125c

  Point                                       Fanout       Cap     Trans      Incr       Path
  ----------------------------------------------------------------------------------------------
  clock cal_clk (rise edge)                                               0.000000   0.000000
  clock network delay (ideal)                                             0.000000   0.000000
  m_det_q_reg[4]/CK (DFFRPQ_X1M_A9TR40)                         0.050000  0.000000   0.000000 r
  m_det_q_reg[4]/Q (DFFRPQ_X1M_A9TR40) <-                       0.045788  0.275030   0.275030 f
  m_det_o[4] (net)                              2     0.002010            0.000000   0.275030 f
  U169/A (AND2_X0P7M_A9TR40)                                    0.045788  0.000018   0.275048 f
  U169/Y (AND2_X0P7M_A9TR40)                                    0.051532  0.112911   0.387959 f
  n138 (net)                                    1     0.001539            0.000000   0.387959 f
  m_det_q_reg[4]/D (DFFRPQ_X1M_A9TR40)                          0.051532  0.000027   0.387986 f
  data arrival time                                                                  0.387986

  clock cal_clk (rise edge)                                               0.000000   0.000000
  clock network delay (ideal)                                             0.000000   0.000000
  clock uncertainty                                                       0.020000   0.020000
  m_det_q_reg[4]/CK (DFFRPQ_X1M_A9TR40)                                   0.000000   0.020000 r
  library hold time                                                       0.036232   0.056232
  data required time                                                                 0.056232
  ----------------------------------------------------------------------------------------------
  data required time                                                                 0.056232
  data arrival time                                                                  -0.387986
  ----------------------------------------------------------------------------------------------
  slack (MET)                                                                        0.331754


  Startpoint: mapping_supported_q_reg
              (rising edge-triggered flip-flop clocked by cal_clk)
  Endpoint: mapping_supported_q_reg
            (rising edge-triggered flip-flop clocked by cal_clk)
  Path Group: cal_clk
  Path Type: min

  Des/Clust/Port     Wire Load Model       Library
  ------------------------------------------------
  ftc_detection_margin_manager
                     Small                 sc9mc_logic0040ll_base_rvt_c40_ss_typical_max_0p99v_125c

  Point                                       Fanout       Cap     Trans      Incr       Path
  ----------------------------------------------------------------------------------------------
  clock cal_clk (rise edge)                                               0.000000   0.000000
  clock network delay (ideal)                                             0.000000   0.000000
  mapping_supported_q_reg/CK (DFFRPQ_X1M_A9TR40)                0.050000  0.000000   0.000000 r
  mapping_supported_q_reg/Q (DFFRPQ_X1M_A9TR40) <-              0.046075  0.275222   0.275222 f
  mapping_supported_o (net)                     2     0.002039            0.000000   0.275222 f
  U105/AN (NAND2B_X0P5M_A9TR40)                                 0.046075  0.000019   0.275240 f
  U105/Y (NAND2B_X0P5M_A9TR40)                                  0.077232  0.115153   0.390393 f
  n126 (net)                                    1     0.001539            0.000000   0.390393 f
  mapping_supported_q_reg/D (DFFRPQ_X1M_A9TR40)                 0.077232  0.000027   0.390419 f
  data arrival time                                                                  0.390419

  clock cal_clk (rise edge)                                               0.000000   0.000000
  clock network delay (ideal)                                             0.000000   0.000000
  clock uncertainty                                                       0.020000   0.020000
  mapping_supported_q_reg/CK (DFFRPQ_X1M_A9TR40)                          0.000000   0.020000 r
  library hold time                                                       0.030007   0.050007
  data required time                                                                 0.050007
  ----------------------------------------------------------------------------------------------
  data required time                                                                 0.050007
  data arrival time                                                                  -0.390419
  ----------------------------------------------------------------------------------------------
  slack (MET)                                                                        0.340413


  Startpoint: target_medium_therm_q_reg[15]
              (rising edge-triggered flip-flop clocked by cal_clk)
  Endpoint: target_medium_therm_q_reg[15]
            (rising edge-triggered flip-flop clocked by cal_clk)
  Path Group: cal_clk
  Path Type: min

  Des/Clust/Port     Wire Load Model       Library
  ------------------------------------------------
  ftc_detection_margin_manager
                     Small                 sc9mc_logic0040ll_base_rvt_c40_ss_typical_max_0p99v_125c

  Point                                       Fanout       Cap     Trans      Incr       Path
  ----------------------------------------------------------------------------------------------
  clock cal_clk (rise edge)                                               0.000000   0.000000
  clock network delay (ideal)                                             0.000000   0.000000
  target_medium_therm_q_reg[15]/CK (DFFRPQ_X1M_A9TR40)          0.050000  0.000000   0.000000 r
  target_medium_therm_q_reg[15]/Q (DFFRPQ_X1M_A9TR40) <-        0.050784  0.278359   0.278359 f
  target_medium_therm_q[15] (net)               2     0.002505            0.000000   0.278359 f
  U176/B (AND2_X0P7M_A9TR40)                                    0.050784  0.000019   0.278378 f
  U176/Y (AND2_X0P7M_A9TR40)                                    0.051817  0.121232   0.399610 f
  n146 (net)                                    1     0.001539            0.000000   0.399610 f
  target_medium_therm_q_reg[15]/D (DFFRPQ_X1M_A9TR40)           0.051817  0.000027   0.399636 f
  data arrival time                                                                  0.399636

  clock cal_clk (rise edge)                                               0.000000   0.000000
  clock network delay (ideal)                                             0.000000   0.000000
  clock uncertainty                                                       0.020000   0.020000
  target_medium_therm_q_reg[15]/CK (DFFRPQ_X1M_A9TR40)                    0.000000   0.020000 r
  library hold time                                                       0.036163   0.056163
  data required time                                                                 0.056163
  ----------------------------------------------------------------------------------------------
  data required time                                                                 0.056163
  data arrival time                                                                  -0.399636
  ----------------------------------------------------------------------------------------------
  slack (MET)                                                                        0.343473


  Startpoint: target_medium_therm_q_reg[14]
              (rising edge-triggered flip-flop clocked by cal_clk)
  Endpoint: target_medium_therm_q_reg[14]
            (rising edge-triggered flip-flop clocked by cal_clk)
  Path Group: cal_clk
  Path Type: min

  Des/Clust/Port     Wire Load Model       Library
  ------------------------------------------------
  ftc_detection_margin_manager
                     Small                 sc9mc_logic0040ll_base_rvt_c40_ss_typical_max_0p99v_125c

  Point                                       Fanout       Cap     Trans      Incr       Path
  ----------------------------------------------------------------------------------------------
  clock cal_clk (rise edge)                                               0.000000   0.000000
  clock network delay (ideal)                                             0.000000   0.000000
  target_medium_therm_q_reg[14]/CK (DFFRPQ_X1M_A9TR40)          0.050000  0.000000   0.000000 r
  target_medium_therm_q_reg[14]/Q (DFFRPQ_X1M_A9TR40) <-        0.050784  0.278359   0.278359 f
  target_medium_therm_q[14] (net)               2     0.002505            0.000000   0.278359 f
  U175/B (AND2_X0P7M_A9TR40)                                    0.050784  0.000019   0.278378 f
  U175/Y (AND2_X0P7M_A9TR40)                                    0.051817  0.121232   0.399610 f
  n145 (net)                                    1     0.001539            0.000000   0.399610 f
  target_medium_therm_q_reg[14]/D (DFFRPQ_X1M_A9TR40)           0.051817  0.000027   0.399636 f
  data arrival time                                                                  0.399636

  clock cal_clk (rise edge)                                               0.000000   0.000000
  clock network delay (ideal)                                             0.000000   0.000000
  clock uncertainty                                                       0.020000   0.020000
  target_medium_therm_q_reg[14]/CK (DFFRPQ_X1M_A9TR40)                    0.000000   0.020000 r
  library hold time                                                       0.036163   0.056163
  data required time                                                                 0.056163
  ----------------------------------------------------------------------------------------------
  data required time                                                                 0.056163
  data arrival time                                                                  -0.399636
  ----------------------------------------------------------------------------------------------
  slack (MET)                                                                        0.343473


  Startpoint: target_medium_therm_q_reg[13]
              (rising edge-triggered flip-flop clocked by cal_clk)
  Endpoint: target_medium_therm_q_reg[13]
            (rising edge-triggered flip-flop clocked by cal_clk)
  Path Group: cal_clk
  Path Type: min

  Des/Clust/Port     Wire Load Model       Library
  ------------------------------------------------
  ftc_detection_margin_manager
                     Small                 sc9mc_logic0040ll_base_rvt_c40_ss_typical_max_0p99v_125c

  Point                                       Fanout       Cap     Trans      Incr       Path
  ----------------------------------------------------------------------------------------------
  clock cal_clk (rise edge)                                               0.000000   0.000000
  clock network delay (ideal)                                             0.000000   0.000000
  target_medium_therm_q_reg[13]/CK (DFFRPQ_X1M_A9TR40)          0.050000  0.000000   0.000000 r
  target_medium_therm_q_reg[13]/Q (DFFRPQ_X1M_A9TR40) <-        0.050784  0.278359   0.278359 f
  target_medium_therm_q[13] (net)               2     0.002505            0.000000   0.278359 f
  U174/B (AND2_X0P7M_A9TR40)                                    0.050784  0.000019   0.278378 f
  U174/Y (AND2_X0P7M_A9TR40)                                    0.051817  0.121232   0.399610 f
  n144 (net)                                    1     0.001539            0.000000   0.399610 f
  target_medium_therm_q_reg[13]/D (DFFRPQ_X1M_A9TR40)           0.051817  0.000027   0.399636 f
  data arrival time                                                                  0.399636

  clock cal_clk (rise edge)                                               0.000000   0.000000
  clock network delay (ideal)                                             0.000000   0.000000
  clock uncertainty                                                       0.020000   0.020000
  target_medium_therm_q_reg[13]/CK (DFFRPQ_X1M_A9TR40)                    0.000000   0.020000 r
  library hold time                                                       0.036163   0.056163
  data required time                                                                 0.056163
  ----------------------------------------------------------------------------------------------
  data required time                                                                 0.056163
  data arrival time                                                                  -0.399636
  ----------------------------------------------------------------------------------------------
  slack (MET)                                                                        0.343473


  Startpoint: target_medium_therm_q_reg[12]
              (rising edge-triggered flip-flop clocked by cal_clk)
  Endpoint: target_medium_therm_q_reg[12]
            (rising edge-triggered flip-flop clocked by cal_clk)
  Path Group: cal_clk
  Path Type: min

  Des/Clust/Port     Wire Load Model       Library
  ------------------------------------------------
  ftc_detection_margin_manager
                     Small                 sc9mc_logic0040ll_base_rvt_c40_ss_typical_max_0p99v_125c

  Point                                       Fanout       Cap     Trans      Incr       Path
  ----------------------------------------------------------------------------------------------
  clock cal_clk (rise edge)                                               0.000000   0.000000
  clock network delay (ideal)                                             0.000000   0.000000
  target_medium_therm_q_reg[12]/CK (DFFRPQ_X1M_A9TR40)          0.050000  0.000000   0.000000 r
  target_medium_therm_q_reg[12]/Q (DFFRPQ_X1M_A9TR40) <-        0.050784  0.278359   0.278359 f
  target_medium_therm_q[12] (net)               2     0.002505            0.000000   0.278359 f
  U173/B (AND2_X0P7M_A9TR40)                                    0.050784  0.000019   0.278378 f
  U173/Y (AND2_X0P7M_A9TR40)                                    0.051817  0.121232   0.399610 f
  n143 (net)                                    1     0.001539            0.000000   0.399610 f
  target_medium_therm_q_reg[12]/D (DFFRPQ_X1M_A9TR40)           0.051817  0.000027   0.399636 f
  data arrival time                                                                  0.399636

  clock cal_clk (rise edge)                                               0.000000   0.000000
  clock network delay (ideal)                                             0.000000   0.000000
  clock uncertainty                                                       0.020000   0.020000
  target_medium_therm_q_reg[12]/CK (DFFRPQ_X1M_A9TR40)                    0.000000   0.020000 r
  library hold time                                                       0.036163   0.056163
  data required time                                                                 0.056163
  ----------------------------------------------------------------------------------------------
  data required time                                                                 0.056163
  data arrival time                                                                  -0.399636
  ----------------------------------------------------------------------------------------------
  slack (MET)                                                                        0.343473


  Startpoint: target_medium_therm_q_reg[11]
              (rising edge-triggered flip-flop clocked by cal_clk)
  Endpoint: target_medium_therm_q_reg[11]
            (rising edge-triggered flip-flop clocked by cal_clk)
  Path Group: cal_clk
  Path Type: min

  Des/Clust/Port     Wire Load Model       Library
  ------------------------------------------------
  ftc_detection_margin_manager
                     Small                 sc9mc_logic0040ll_base_rvt_c40_ss_typical_max_0p99v_125c

  Point                                       Fanout       Cap     Trans      Incr       Path
  ----------------------------------------------------------------------------------------------
  clock cal_clk (rise edge)                                               0.000000   0.000000
  clock network delay (ideal)                                             0.000000   0.000000
  target_medium_therm_q_reg[11]/CK (DFFRPQ_X1M_A9TR40)          0.050000  0.000000   0.000000 r
  target_medium_therm_q_reg[11]/Q (DFFRPQ_X1M_A9TR40) <-        0.050784  0.278359   0.278359 f
  target_medium_therm_q[11] (net)               2     0.002505            0.000000   0.278359 f
  U172/B (AND2_X0P7M_A9TR40)                                    0.050784  0.000019   0.278378 f
  U172/Y (AND2_X0P7M_A9TR40)                                    0.051817  0.121232   0.399610 f
  n142 (net)                                    1     0.001539            0.000000   0.399610 f
  target_medium_therm_q_reg[11]/D (DFFRPQ_X1M_A9TR40)           0.051817  0.000027   0.399636 f
  data arrival time                                                                  0.399636

  clock cal_clk (rise edge)                                               0.000000   0.000000
  clock network delay (ideal)                                             0.000000   0.000000
  clock uncertainty                                                       0.020000   0.020000
  target_medium_therm_q_reg[11]/CK (DFFRPQ_X1M_A9TR40)                    0.000000   0.020000 r
  library hold time                                                       0.036163   0.056163
  data required time                                                                 0.056163
  ----------------------------------------------------------------------------------------------
  data required time                                                                 0.056163
  data arrival time                                                                  -0.399636
  ----------------------------------------------------------------------------------------------
  slack (MET)                                                                        0.343473


  Startpoint: target_medium_therm_q_reg[10]
              (rising edge-triggered flip-flop clocked by cal_clk)
  Endpoint: target_medium_therm_q_reg[10]
            (rising edge-triggered flip-flop clocked by cal_clk)
  Path Group: cal_clk
  Path Type: min

  Des/Clust/Port     Wire Load Model       Library
  ------------------------------------------------
  ftc_detection_margin_manager
                     Small                 sc9mc_logic0040ll_base_rvt_c40_ss_typical_max_0p99v_125c

  Point                                       Fanout       Cap     Trans      Incr       Path
  ----------------------------------------------------------------------------------------------
  clock cal_clk (rise edge)                                               0.000000   0.000000
  clock network delay (ideal)                                             0.000000   0.000000
  target_medium_therm_q_reg[10]/CK (DFFRPQ_X1M_A9TR40)          0.050000  0.000000   0.000000 r
  target_medium_therm_q_reg[10]/Q (DFFRPQ_X1M_A9TR40) <-        0.050784  0.278359   0.278359 f
  target_medium_therm_q[10] (net)               2     0.002505            0.000000   0.278359 f
  U171/B (AND2_X0P7M_A9TR40)                                    0.050784  0.000019   0.278378 f
  U171/Y (AND2_X0P7M_A9TR40)                                    0.051817  0.121232   0.399610 f
  n141 (net)                                    1     0.001539            0.000000   0.399610 f
  target_medium_therm_q_reg[10]/D (DFFRPQ_X1M_A9TR40)           0.051817  0.000027   0.399636 f
  data arrival time                                                                  0.399636

  clock cal_clk (rise edge)                                               0.000000   0.000000
  clock network delay (ideal)                                             0.000000   0.000000
  clock uncertainty                                                       0.020000   0.020000
  target_medium_therm_q_reg[10]/CK (DFFRPQ_X1M_A9TR40)                    0.000000   0.020000 r
  library hold time                                                       0.036163   0.056163
  data required time                                                                 0.056163
  ----------------------------------------------------------------------------------------------
  data required time                                                                 0.056163
  data arrival time                                                                  -0.399636
  ----------------------------------------------------------------------------------------------
  slack (MET)                                                                        0.343473


  Startpoint: target_medium_therm_q_reg[9]
              (rising edge-triggered flip-flop clocked by cal_clk)
  Endpoint: target_medium_therm_q_reg[9]
            (rising edge-triggered flip-flop clocked by cal_clk)
  Path Group: cal_clk
  Path Type: min

  Des/Clust/Port     Wire Load Model       Library
  ------------------------------------------------
  ftc_detection_margin_manager
                     Small                 sc9mc_logic0040ll_base_rvt_c40_ss_typical_max_0p99v_125c

  Point                                       Fanout       Cap     Trans      Incr       Path
  ----------------------------------------------------------------------------------------------
  clock cal_clk (rise edge)                                               0.000000   0.000000
  clock network delay (ideal)                                             0.000000   0.000000
  target_medium_therm_q_reg[9]/CK (DFFRPQ_X1M_A9TR40)           0.050000  0.000000   0.000000 r
  target_medium_therm_q_reg[9]/Q (DFFRPQ_X1M_A9TR40) <-         0.050784  0.278359   0.278359 f
  target_medium_therm_q[9] (net)                2     0.002505            0.000000   0.278359 f
  U170/B (AND2_X0P7M_A9TR40)                                    0.050784  0.000019   0.278378 f
  U170/Y (AND2_X0P7M_A9TR40)                                    0.051817  0.121232   0.399610 f
  n140 (net)                                    1     0.001539            0.000000   0.399610 f
  target_medium_therm_q_reg[9]/D (DFFRPQ_X1M_A9TR40)            0.051817  0.000027   0.399636 f
  data arrival time                                                                  0.399636

  clock cal_clk (rise edge)                                               0.000000   0.000000
  clock network delay (ideal)                                             0.000000   0.000000
  clock uncertainty                                                       0.020000   0.020000
  target_medium_therm_q_reg[9]/CK (DFFRPQ_X1M_A9TR40)                     0.000000   0.020000 r
  library hold time                                                       0.036163   0.056163
  data required time                                                                 0.056163
  ----------------------------------------------------------------------------------------------
  data required time                                                                 0.056163
  data arrival time                                                                  -0.399636
  ----------------------------------------------------------------------------------------------
  slack (MET)                                                                        0.343473


  Startpoint: det_fine_therm_q_reg[9]
              (rising edge-triggered flip-flop clocked by cal_clk)
  Endpoint: det_fine_therm_q_reg[9]
            (rising edge-triggered flip-flop clocked by cal_clk)
  Path Group: cal_clk
  Path Type: min

  Des/Clust/Port     Wire Load Model       Library
  ------------------------------------------------
  ftc_detection_margin_manager
                     Small                 sc9mc_logic0040ll_base_rvt_c40_ss_typical_max_0p99v_125c

  Point                                       Fanout       Cap     Trans      Incr       Path
  ----------------------------------------------------------------------------------------------
  clock cal_clk (rise edge)                                               0.000000   0.000000
  clock network delay (ideal)                                             0.000000   0.000000
  det_fine_therm_q_reg[9]/CK (DFFSQ_X1M_A9TR40)                 0.050000  0.000000   0.000000 r
  det_fine_therm_q_reg[9]/Q (DFFSQ_X1M_A9TR40) <-               0.044348  0.279719   0.279719 f
  det_fine_therm_o[9] (net)                     2     0.002007            0.000000   0.279719 f
  U62/B0 (AO1B2_X0P5M_A9TR40)                                   0.044348  0.000018   0.279737 f
  U62/Y (AO1B2_X0P5M_A9TR40)                                    0.087856  0.130231   0.409969 f
  n93 (net)                                     1     0.001556            0.000000   0.409969 f
  det_fine_therm_q_reg[9]/D (DFFSQ_X1M_A9TR40)                  0.087856  0.000027   0.409995 f
  data arrival time                                                                  0.409995

  clock cal_clk (rise edge)                                               0.000000   0.000000
  clock network delay (ideal)                                             0.000000   0.000000
  clock uncertainty                                                       0.020000   0.020000
  det_fine_therm_q_reg[9]/CK (DFFSQ_X1M_A9TR40)                           0.000000   0.020000 r
  library hold time                                                       0.040590   0.060590
  data required time                                                                 0.060590
  ----------------------------------------------------------------------------------------------
  data required time                                                                 0.060590
  data arrival time                                                                  -0.409995
  ----------------------------------------------------------------------------------------------
  slack (MET)                                                                        0.349405


  Startpoint: det_fine_therm_q_reg[8]
              (rising edge-triggered flip-flop clocked by cal_clk)
  Endpoint: det_fine_therm_q_reg[8]
            (rising edge-triggered flip-flop clocked by cal_clk)
  Path Group: cal_clk
  Path Type: min

  Des/Clust/Port     Wire Load Model       Library
  ------------------------------------------------
  ftc_detection_margin_manager
                     Small                 sc9mc_logic0040ll_base_rvt_c40_ss_typical_max_0p99v_125c

  Point                                       Fanout       Cap     Trans      Incr       Path
  ----------------------------------------------------------------------------------------------
  clock cal_clk (rise edge)                                               0.000000   0.000000
  clock network delay (ideal)                                             0.000000   0.000000
  det_fine_therm_q_reg[8]/CK (DFFSQ_X1M_A9TR40)                 0.050000  0.000000   0.000000 r
  det_fine_therm_q_reg[8]/Q (DFFSQ_X1M_A9TR40) <-               0.044348  0.279719   0.279719 f
  det_fine_therm_o[8] (net)                     2     0.002007            0.000000   0.279719 f
  U59/B0 (AO1B2_X0P5M_A9TR40)                                   0.044348  0.000018   0.279737 f
  U59/Y (AO1B2_X0P5M_A9TR40)                                    0.087856  0.130231   0.409969 f
  n91 (net)                                     1     0.001556            0.000000   0.409969 f
  det_fine_therm_q_reg[8]/D (DFFSQ_X1M_A9TR40)                  0.087856  0.000027   0.409995 f
  data arrival time                                                                  0.409995

  clock cal_clk (rise edge)                                               0.000000   0.000000
  clock network delay (ideal)                                             0.000000   0.000000
  clock uncertainty                                                       0.020000   0.020000
  det_fine_therm_q_reg[8]/CK (DFFSQ_X1M_A9TR40)                           0.000000   0.020000 r
  library hold time                                                       0.040590   0.060590
  data required time                                                                 0.060590
  ----------------------------------------------------------------------------------------------
  data required time                                                                 0.060590
  data arrival time                                                                  -0.409995
  ----------------------------------------------------------------------------------------------
  slack (MET)                                                                        0.349405


  Startpoint: det_fine_therm_q_reg[7]
              (rising edge-triggered flip-flop clocked by cal_clk)
  Endpoint: det_fine_therm_q_reg[7]
            (rising edge-triggered flip-flop clocked by cal_clk)
  Path Group: cal_clk
  Path Type: min

  Des/Clust/Port     Wire Load Model       Library
  ------------------------------------------------
  ftc_detection_margin_manager
                     Small                 sc9mc_logic0040ll_base_rvt_c40_ss_typical_max_0p99v_125c

  Point                                       Fanout       Cap     Trans      Incr       Path
  ----------------------------------------------------------------------------------------------
  clock cal_clk (rise edge)                                               0.000000   0.000000
  clock network delay (ideal)                                             0.000000   0.000000
  det_fine_therm_q_reg[7]/CK (DFFSQ_X1M_A9TR40)                 0.050000  0.000000   0.000000 r
  det_fine_therm_q_reg[7]/Q (DFFSQ_X1M_A9TR40) <-               0.044348  0.279719   0.279719 f
  det_fine_therm_o[7] (net)                     2     0.002007            0.000000   0.279719 f
  U56/B0 (AO1B2_X0P5M_A9TR40)                                   0.044348  0.000018   0.279737 f
  U56/Y (AO1B2_X0P5M_A9TR40)                                    0.087856  0.130231   0.409969 f
  n89 (net)                                     1     0.001556            0.000000   0.409969 f
  det_fine_therm_q_reg[7]/D (DFFSQ_X1M_A9TR40)                  0.087856  0.000027   0.409995 f
  data arrival time                                                                  0.409995

  clock cal_clk (rise edge)                                               0.000000   0.000000
  clock network delay (ideal)                                             0.000000   0.000000
  clock uncertainty                                                       0.020000   0.020000
  det_fine_therm_q_reg[7]/CK (DFFSQ_X1M_A9TR40)                           0.000000   0.020000 r
  library hold time                                                       0.040590   0.060590
  data required time                                                                 0.060590
  ----------------------------------------------------------------------------------------------
  data required time                                                                 0.060590
  data arrival time                                                                  -0.409995
  ----------------------------------------------------------------------------------------------
  slack (MET)                                                                        0.349405


  Startpoint: det_fine_therm_q_reg[6]
              (rising edge-triggered flip-flop clocked by cal_clk)
  Endpoint: det_fine_therm_q_reg[6]
            (rising edge-triggered flip-flop clocked by cal_clk)
  Path Group: cal_clk
  Path Type: min

  Des/Clust/Port     Wire Load Model       Library
  ------------------------------------------------
  ftc_detection_margin_manager
                     Small                 sc9mc_logic0040ll_base_rvt_c40_ss_typical_max_0p99v_125c

  Point                                       Fanout       Cap     Trans      Incr       Path
  ----------------------------------------------------------------------------------------------
  clock cal_clk (rise edge)                                               0.000000   0.000000
  clock network delay (ideal)                                             0.000000   0.000000
  det_fine_therm_q_reg[6]/CK (DFFSQ_X1M_A9TR40)                 0.050000  0.000000   0.000000 r
  det_fine_therm_q_reg[6]/Q (DFFSQ_X1M_A9TR40) <-               0.044348  0.279719   0.279719 f
  det_fine_therm_o[6] (net)                     2     0.002007            0.000000   0.279719 f
  U53/B0 (AO1B2_X0P5M_A9TR40)                                   0.044348  0.000018   0.279737 f
  U53/Y (AO1B2_X0P5M_A9TR40)                                    0.087856  0.130231   0.409969 f
  n87 (net)                                     1     0.001556            0.000000   0.409969 f
  det_fine_therm_q_reg[6]/D (DFFSQ_X1M_A9TR40)                  0.087856  0.000027   0.409995 f
  data arrival time                                                                  0.409995

  clock cal_clk (rise edge)                                               0.000000   0.000000
  clock network delay (ideal)                                             0.000000   0.000000
  clock uncertainty                                                       0.020000   0.020000
  det_fine_therm_q_reg[6]/CK (DFFSQ_X1M_A9TR40)                           0.000000   0.020000 r
  library hold time                                                       0.040590   0.060590
  data required time                                                                 0.060590
  ----------------------------------------------------------------------------------------------
  data required time                                                                 0.060590
  data arrival time                                                                  -0.409995
  ----------------------------------------------------------------------------------------------
  slack (MET)                                                                        0.349405


  Startpoint: det_fine_therm_q_reg[5]
              (rising edge-triggered flip-flop clocked by cal_clk)
  Endpoint: det_fine_therm_q_reg[5]
            (rising edge-triggered flip-flop clocked by cal_clk)
  Path Group: cal_clk
  Path Type: min

  Des/Clust/Port     Wire Load Model       Library
  ------------------------------------------------
  ftc_detection_margin_manager
                     Small                 sc9mc_logic0040ll_base_rvt_c40_ss_typical_max_0p99v_125c

  Point                                       Fanout       Cap     Trans      Incr       Path
  ----------------------------------------------------------------------------------------------
  clock cal_clk (rise edge)                                               0.000000   0.000000
  clock network delay (ideal)                                             0.000000   0.000000
  det_fine_therm_q_reg[5]/CK (DFFSQ_X1M_A9TR40)                 0.050000  0.000000   0.000000 r
  det_fine_therm_q_reg[5]/Q (DFFSQ_X1M_A9TR40) <-               0.044348  0.279719   0.279719 f
  det_fine_therm_o[5] (net)                     2     0.002007            0.000000   0.279719 f
  U50/B0 (AO1B2_X0P5M_A9TR40)                                   0.044348  0.000018   0.279737 f
  U50/Y (AO1B2_X0P5M_A9TR40)                                    0.087856  0.130231   0.409969 f
  n85 (net)                                     1     0.001556            0.000000   0.409969 f
  det_fine_therm_q_reg[5]/D (DFFSQ_X1M_A9TR40)                  0.087856  0.000027   0.409995 f
  data arrival time                                                                  0.409995

  clock cal_clk (rise edge)                                               0.000000   0.000000
  clock network delay (ideal)                                             0.000000   0.000000
  clock uncertainty                                                       0.020000   0.020000
  det_fine_therm_q_reg[5]/CK (DFFSQ_X1M_A9TR40)                           0.000000   0.020000 r
  library hold time                                                       0.040590   0.060590
  data required time                                                                 0.060590
  ----------------------------------------------------------------------------------------------
  data required time                                                                 0.060590
  data arrival time                                                                  -0.409995
  ----------------------------------------------------------------------------------------------
  slack (MET)                                                                        0.349405


  Startpoint: det_fine_therm_q_reg[4]
              (rising edge-triggered flip-flop clocked by cal_clk)
  Endpoint: det_fine_therm_q_reg[4]
            (rising edge-triggered flip-flop clocked by cal_clk)
  Path Group: cal_clk
  Path Type: min

  Des/Clust/Port     Wire Load Model       Library
  ------------------------------------------------
  ftc_detection_margin_manager
                     Small                 sc9mc_logic0040ll_base_rvt_c40_ss_typical_max_0p99v_125c

  Point                                       Fanout       Cap     Trans      Incr       Path
  ----------------------------------------------------------------------------------------------
  clock cal_clk (rise edge)                                               0.000000   0.000000
  clock network delay (ideal)                                             0.000000   0.000000
  det_fine_therm_q_reg[4]/CK (DFFSQ_X1M_A9TR40)                 0.050000  0.000000   0.000000 r
  det_fine_therm_q_reg[4]/Q (DFFSQ_X1M_A9TR40) <-               0.044348  0.279719   0.279719 f
  det_fine_therm_o[4] (net)                     2     0.002007            0.000000   0.279719 f
  U47/B0 (AO1B2_X0P5M_A9TR40)                                   0.044348  0.000018   0.279737 f
  U47/Y (AO1B2_X0P5M_A9TR40)                                    0.087856  0.130231   0.409969 f
  n83 (net)                                     1     0.001556            0.000000   0.409969 f
  det_fine_therm_q_reg[4]/D (DFFSQ_X1M_A9TR40)                  0.087856  0.000027   0.409995 f
  data arrival time                                                                  0.409995

  clock cal_clk (rise edge)                                               0.000000   0.000000
  clock network delay (ideal)                                             0.000000   0.000000
  clock uncertainty                                                       0.020000   0.020000
  det_fine_therm_q_reg[4]/CK (DFFSQ_X1M_A9TR40)                           0.000000   0.020000 r
  library hold time                                                       0.040590   0.060590
  data required time                                                                 0.060590
  ----------------------------------------------------------------------------------------------
  data required time                                                                 0.060590
  data arrival time                                                                  -0.409995
  ----------------------------------------------------------------------------------------------
  slack (MET)                                                                        0.349405


  Startpoint: det_fine_therm_q_reg[3]
              (rising edge-triggered flip-flop clocked by cal_clk)
  Endpoint: det_fine_therm_q_reg[3]
            (rising edge-triggered flip-flop clocked by cal_clk)
  Path Group: cal_clk
  Path Type: min

  Des/Clust/Port     Wire Load Model       Library
  ------------------------------------------------
  ftc_detection_margin_manager
                     Small                 sc9mc_logic0040ll_base_rvt_c40_ss_typical_max_0p99v_125c

  Point                                       Fanout       Cap     Trans      Incr       Path
  ----------------------------------------------------------------------------------------------
  clock cal_clk (rise edge)                                               0.000000   0.000000
  clock network delay (ideal)                                             0.000000   0.000000
  det_fine_therm_q_reg[3]/CK (DFFSQ_X1M_A9TR40)                 0.050000  0.000000   0.000000 r
  det_fine_therm_q_reg[3]/Q (DFFSQ_X1M_A9TR40) <-               0.044348  0.279719   0.279719 f
  det_fine_therm_o[3] (net)                     2     0.002007            0.000000   0.279719 f
  U44/B0 (AO1B2_X0P5M_A9TR40)                                   0.044348  0.000018   0.279737 f
  U44/Y (AO1B2_X0P5M_A9TR40)                                    0.087856  0.130231   0.409969 f
  n81 (net)                                     1     0.001556            0.000000   0.409969 f
  det_fine_therm_q_reg[3]/D (DFFSQ_X1M_A9TR40)                  0.087856  0.000027   0.409995 f
  data arrival time                                                                  0.409995

  clock cal_clk (rise edge)                                               0.000000   0.000000
  clock network delay (ideal)                                             0.000000   0.000000
  clock uncertainty                                                       0.020000   0.020000
  det_fine_therm_q_reg[3]/CK (DFFSQ_X1M_A9TR40)                           0.000000   0.020000 r
  library hold time                                                       0.040590   0.060590
  data required time                                                                 0.060590
  ----------------------------------------------------------------------------------------------
  data required time                                                                 0.060590
  data arrival time                                                                  -0.409995
  ----------------------------------------------------------------------------------------------
  slack (MET)                                                                        0.349405


  Startpoint: det_fine_therm_q_reg[2]
              (rising edge-triggered flip-flop clocked by cal_clk)
  Endpoint: det_fine_therm_q_reg[2]
            (rising edge-triggered flip-flop clocked by cal_clk)
  Path Group: cal_clk
  Path Type: min

  Des/Clust/Port     Wire Load Model       Library
  ------------------------------------------------
  ftc_detection_margin_manager
                     Small                 sc9mc_logic0040ll_base_rvt_c40_ss_typical_max_0p99v_125c

  Point                                       Fanout       Cap     Trans      Incr       Path
  ----------------------------------------------------------------------------------------------
  clock cal_clk (rise edge)                                               0.000000   0.000000
  clock network delay (ideal)                                             0.000000   0.000000
  det_fine_therm_q_reg[2]/CK (DFFSQ_X1M_A9TR40)                 0.050000  0.000000   0.000000 r
  det_fine_therm_q_reg[2]/Q (DFFSQ_X1M_A9TR40) <-               0.044348  0.279719   0.279719 f
  det_fine_therm_o[2] (net)                     2     0.002007            0.000000   0.279719 f
  U41/B0 (AO1B2_X0P5M_A9TR40)                                   0.044348  0.000018   0.279737 f
  U41/Y (AO1B2_X0P5M_A9TR40)                                    0.087856  0.130231   0.409969 f
  n79 (net)                                     1     0.001556            0.000000   0.409969 f
  det_fine_therm_q_reg[2]/D (DFFSQ_X1M_A9TR40)                  0.087856  0.000027   0.409995 f
  data arrival time                                                                  0.409995

  clock cal_clk (rise edge)                                               0.000000   0.000000
  clock network delay (ideal)                                             0.000000   0.000000
  clock uncertainty                                                       0.020000   0.020000
  det_fine_therm_q_reg[2]/CK (DFFSQ_X1M_A9TR40)                           0.000000   0.020000 r
  library hold time                                                       0.040590   0.060590
  data required time                                                                 0.060590
  ----------------------------------------------------------------------------------------------
  data required time                                                                 0.060590
  data arrival time                                                                  -0.409995
  ----------------------------------------------------------------------------------------------
  slack (MET)                                                                        0.349405


  Startpoint: det_fine_therm_q_reg[1]
              (rising edge-triggered flip-flop clocked by cal_clk)
  Endpoint: det_fine_therm_q_reg[1]
            (rising edge-triggered flip-flop clocked by cal_clk)
  Path Group: cal_clk
  Path Type: min

  Des/Clust/Port     Wire Load Model       Library
  ------------------------------------------------
  ftc_detection_margin_manager
                     Small                 sc9mc_logic0040ll_base_rvt_c40_ss_typical_max_0p99v_125c

  Point                                       Fanout       Cap     Trans      Incr       Path
  ----------------------------------------------------------------------------------------------
  clock cal_clk (rise edge)                                               0.000000   0.000000
  clock network delay (ideal)                                             0.000000   0.000000
  det_fine_therm_q_reg[1]/CK (DFFSQ_X1M_A9TR40)                 0.050000  0.000000   0.000000 r
  det_fine_therm_q_reg[1]/Q (DFFSQ_X1M_A9TR40) <-               0.044348  0.279719   0.279719 f
  det_fine_therm_o[1] (net)                     2     0.002007            0.000000   0.279719 f
  U38/B0 (AO1B2_X0P5M_A9TR40)                                   0.044348  0.000018   0.279737 f
  U38/Y (AO1B2_X0P5M_A9TR40)                                    0.087856  0.130231   0.409969 f
  n77 (net)                                     1     0.001556            0.000000   0.409969 f
  det_fine_therm_q_reg[1]/D (DFFSQ_X1M_A9TR40)                  0.087856  0.000027   0.409995 f
  data arrival time                                                                  0.409995

  clock cal_clk (rise edge)                                               0.000000   0.000000
  clock network delay (ideal)                                             0.000000   0.000000
  clock uncertainty                                                       0.020000   0.020000
  det_fine_therm_q_reg[1]/CK (DFFSQ_X1M_A9TR40)                           0.000000   0.020000 r
  library hold time                                                       0.040590   0.060590
  data required time                                                                 0.060590
  ----------------------------------------------------------------------------------------------
  data required time                                                                 0.060590
  data arrival time                                                                  -0.409995
  ----------------------------------------------------------------------------------------------
  slack (MET)                                                                        0.349405


  Startpoint: det_fine_therm_q_reg[0]
              (rising edge-triggered flip-flop clocked by cal_clk)
  Endpoint: det_fine_therm_q_reg[0]
            (rising edge-triggered flip-flop clocked by cal_clk)
  Path Group: cal_clk
  Path Type: min

  Des/Clust/Port     Wire Load Model       Library
  ------------------------------------------------
  ftc_detection_margin_manager
                     Small                 sc9mc_logic0040ll_base_rvt_c40_ss_typical_max_0p99v_125c

  Point                                       Fanout       Cap     Trans      Incr       Path
  ----------------------------------------------------------------------------------------------
  clock cal_clk (rise edge)                                               0.000000   0.000000
  clock network delay (ideal)                                             0.000000   0.000000
  det_fine_therm_q_reg[0]/CK (DFFSQ_X1M_A9TR40)                 0.050000  0.000000   0.000000 r
  det_fine_therm_q_reg[0]/Q (DFFSQ_X1M_A9TR40) <-               0.044348  0.279719   0.279719 f
  det_fine_therm_o[0] (net)                     2     0.002007            0.000000   0.279719 f
  U35/B0 (AO1B2_X0P5M_A9TR40)                                   0.044348  0.000018   0.279737 f
  U35/Y (AO1B2_X0P5M_A9TR40)                                    0.087856  0.130231   0.409969 f
  n75 (net)                                     1     0.001556            0.000000   0.409969 f
  det_fine_therm_q_reg[0]/D (DFFSQ_X1M_A9TR40)                  0.087856  0.000027   0.409995 f
  data arrival time                                                                  0.409995

  clock cal_clk (rise edge)                                               0.000000   0.000000
  clock network delay (ideal)                                             0.000000   0.000000
  clock uncertainty                                                       0.020000   0.020000
  det_fine_therm_q_reg[0]/CK (DFFSQ_X1M_A9TR40)                           0.000000   0.020000 r
  library hold time                                                       0.040590   0.060590
  data required time                                                                 0.060590
  ----------------------------------------------------------------------------------------------
  data required time                                                                 0.060590
  data arrival time                                                                  -0.409995
  ----------------------------------------------------------------------------------------------
  slack (MET)                                                                        0.349405


  Startpoint: target_medium_therm_q_reg[8]
              (rising edge-triggered flip-flop clocked by cal_clk)
  Endpoint: target_medium_therm_q_reg[8]
            (rising edge-triggered flip-flop clocked by cal_clk)
  Path Group: cal_clk
  Path Type: min

  Des/Clust/Port     Wire Load Model       Library
  ------------------------------------------------
  ftc_detection_margin_manager
                     Small                 sc9mc_logic0040ll_base_rvt_c40_ss_typical_max_0p99v_125c

  Point                                       Fanout       Cap     Trans      Incr       Path
  ----------------------------------------------------------------------------------------------
  clock cal_clk (rise edge)                                               0.000000   0.000000
  clock network delay (ideal)                                             0.000000   0.000000
  target_medium_therm_q_reg[8]/CK (DFFRPQ_X1M_A9TR40)           0.050000  0.000000   0.000000 r
  target_medium_therm_q_reg[8]/Q (DFFRPQ_X1M_A9TR40) <-         0.050799  0.278369   0.278369 f
  target_medium_therm_q[8] (net)                2     0.002507            0.000000   0.278369 f
  U177/B (AND2_X0P5M_A9TR40)                                    0.050799  0.000019   0.278388 f
  U177/Y (AND2_X0P5M_A9TR40)                                    0.060720  0.125247   0.403635 f
  n139 (net)                                    1     0.001539            0.000000   0.403635 f
  target_medium_therm_q_reg[8]/D (DFFRPQ_X1M_A9TR40)            0.060720  0.000027   0.403661 f
  data arrival time                                                                  0.403661

  clock cal_clk (rise edge)                                               0.000000   0.000000
  clock network delay (ideal)                                             0.000000   0.000000
  clock uncertainty                                                       0.020000   0.020000
  target_medium_therm_q_reg[8]/CK (DFFRPQ_X1M_A9TR40)                     0.000000   0.020000 r
  library hold time                                                       0.034007   0.054007
  data required time                                                                 0.054007
  ----------------------------------------------------------------------------------------------
  data required time                                                                 0.054007
  data arrival time                                                                  -0.403661
  ----------------------------------------------------------------------------------------------
  slack (MET)                                                                        0.349655


  Startpoint: snapshot_loaded_q_reg
              (rising edge-triggered flip-flop clocked by cal_clk)
  Endpoint: snapshot_loaded_q_reg
            (rising edge-triggered flip-flop clocked by cal_clk)
  Path Group: cal_clk
  Path Type: min

  Des/Clust/Port     Wire Load Model       Library
  ------------------------------------------------
  ftc_detection_margin_manager
                     Small                 sc9mc_logic0040ll_base_rvt_c40_ss_typical_max_0p99v_125c

  Point                                       Fanout       Cap     Trans      Incr       Path
  ----------------------------------------------------------------------------------------------
  clock cal_clk (rise edge)                                               0.000000   0.000000
  clock network delay (ideal)                                             0.000000   0.000000
  snapshot_loaded_q_reg/CK (DFFRPQ_X1M_A9TR40)                  0.050000  0.000000   0.000000 r
  snapshot_loaded_q_reg/Q (DFFRPQ_X1M_A9TR40) <-                0.052936  0.279793   0.279793 f
  snapshot_loaded_q (net)                       2     0.002719            0.000000   0.279793 f
  U91/B (OR2_X0P5B_A9TR40)                                      0.052936  0.000020   0.279813 f
  U91/Y (OR2_X0P5B_A9TR40)                                      0.068965  0.126649   0.406463 f
  n113 (net)                                    1     0.001539            0.000000   0.406463 f
  snapshot_loaded_q_reg/D (DFFRPQ_X1M_A9TR40)                   0.068965  0.000027   0.406489 f
  data arrival time                                                                  0.406489

  clock cal_clk (rise edge)                                               0.000000   0.000000
  clock network delay (ideal)                                             0.000000   0.000000
  clock uncertainty                                                       0.020000   0.020000
  snapshot_loaded_q_reg/CK (DFFRPQ_X1M_A9TR40)                            0.000000   0.020000 r
  library hold time                                                       0.032009   0.052009
  data required time                                                                 0.052009
  ----------------------------------------------------------------------------------------------
  data required time                                                                 0.052009
  data arrival time                                                                  -0.406489
  ----------------------------------------------------------------------------------------------
  slack (MET)                                                                        0.354480


  Startpoint: target_fine_therm_q_reg[8]
              (rising edge-triggered flip-flop clocked by cal_clk)
  Endpoint: target_fine_therm_q_reg[8]
            (rising edge-triggered flip-flop clocked by cal_clk)
  Path Group: cal_clk
  Path Type: min

  Des/Clust/Port     Wire Load Model       Library
  ------------------------------------------------
  ftc_detection_margin_manager
                     Small                 sc9mc_logic0040ll_base_rvt_c40_ss_typical_max_0p99v_125c

  Point                                       Fanout       Cap     Trans      Incr       Path
  ----------------------------------------------------------------------------------------------
  clock cal_clk (rise edge)                                               0.000000   0.000000
  clock network delay (ideal)                                             0.000000   0.000000
  target_fine_therm_q_reg[8]/CK (DFFSQ_X1M_A9TR40)              0.050000  0.000000   0.000000 r
  target_fine_therm_q_reg[8]/Q (DFFSQ_X1M_A9TR40) <-            0.049198  0.282924   0.282924 f
  target_fine_therm_q[8] (net)                  2     0.002488            0.000000   0.282924 f
  U61/A1 (AO22_X0P5M_A9TR40)                                    0.049198  0.000018   0.282942 f
  U61/Y (AO22_X0P5M_A9TR40)                                     0.058268  0.141760   0.424701 f
  n92 (net)                                     1     0.001556            0.000000   0.424701 f
  target_fine_therm_q_reg[8]/D (DFFSQ_X1M_A9TR40)               0.058268  0.000027   0.424728 f
  data arrival time                                                                  0.424728

  clock cal_clk (rise edge)                                               0.000000   0.000000
  clock network delay (ideal)                                             0.000000   0.000000
  clock uncertainty                                                       0.020000   0.020000
  target_fine_therm_q_reg[8]/CK (DFFSQ_X1M_A9TR40)                        0.000000   0.020000 r
  library hold time                                                       0.047283   0.067283
  data required time                                                                 0.067283
  ----------------------------------------------------------------------------------------------
  data required time                                                                 0.067283
  data arrival time                                                                  -0.424728
  ----------------------------------------------------------------------------------------------
  slack (MET)                                                                        0.357445


  Startpoint: target_fine_therm_q_reg[7]
              (rising edge-triggered flip-flop clocked by cal_clk)
  Endpoint: target_fine_therm_q_reg[7]
            (rising edge-triggered flip-flop clocked by cal_clk)
  Path Group: cal_clk
  Path Type: min

  Des/Clust/Port     Wire Load Model       Library
  ------------------------------------------------
  ftc_detection_margin_manager
                     Small                 sc9mc_logic0040ll_base_rvt_c40_ss_typical_max_0p99v_125c

  Point                                       Fanout       Cap     Trans      Incr       Path
  ----------------------------------------------------------------------------------------------
  clock cal_clk (rise edge)                                               0.000000   0.000000
  clock network delay (ideal)                                             0.000000   0.000000
  target_fine_therm_q_reg[7]/CK (DFFSQ_X1M_A9TR40)              0.050000  0.000000   0.000000 r
  target_fine_therm_q_reg[7]/Q (DFFSQ_X1M_A9TR40) <-            0.049198  0.282924   0.282924 f
  target_fine_therm_q[7] (net)                  2     0.002488            0.000000   0.282924 f
  U58/A1 (AO22_X0P5M_A9TR40)                                    0.049198  0.000018   0.282942 f
  U58/Y (AO22_X0P5M_A9TR40)                                     0.058401  0.141760   0.424701 f
  n90 (net)                                     1     0.001556            0.000000   0.424701 f
  target_fine_therm_q_reg[7]/D (DFFSQ_X1M_A9TR40)               0.058401  0.000027   0.424728 f
  data arrival time                                                                  0.424728

  clock cal_clk (rise edge)                                               0.000000   0.000000
  clock network delay (ideal)                                             0.000000   0.000000
  clock uncertainty                                                       0.020000   0.020000
  target_fine_therm_q_reg[7]/CK (DFFSQ_X1M_A9TR40)                        0.000000   0.020000 r
  library hold time                                                       0.047253   0.067253
  data required time                                                                 0.067253
  ----------------------------------------------------------------------------------------------
  data required time                                                                 0.067253
  data arrival time                                                                  -0.424728
  ----------------------------------------------------------------------------------------------
  slack (MET)                                                                        0.357475


  Startpoint: target_fine_therm_q_reg[6]
              (rising edge-triggered flip-flop clocked by cal_clk)
  Endpoint: target_fine_therm_q_reg[6]
            (rising edge-triggered flip-flop clocked by cal_clk)
  Path Group: cal_clk
  Path Type: min

  Des/Clust/Port     Wire Load Model       Library
  ------------------------------------------------
  ftc_detection_margin_manager
                     Small                 sc9mc_logic0040ll_base_rvt_c40_ss_typical_max_0p99v_125c

  Point                                       Fanout       Cap     Trans      Incr       Path
  ----------------------------------------------------------------------------------------------
  clock cal_clk (rise edge)                                               0.000000   0.000000
  clock network delay (ideal)                                             0.000000   0.000000
  target_fine_therm_q_reg[6]/CK (DFFSQ_X1M_A9TR40)              0.050000  0.000000   0.000000 r
  target_fine_therm_q_reg[6]/Q (DFFSQ_X1M_A9TR40) <-            0.049198  0.282924   0.282924 f
  target_fine_therm_q[6] (net)                  2     0.002488            0.000000   0.282924 f
  U55/A1 (AO22_X0P5M_A9TR40)                                    0.049198  0.000018   0.282942 f
  U55/Y (AO22_X0P5M_A9TR40)                                     0.058401  0.141760   0.424701 f
  n88 (net)                                     1     0.001556            0.000000   0.424701 f
  target_fine_therm_q_reg[6]/D (DFFSQ_X1M_A9TR40)               0.058401  0.000027   0.424728 f
  data arrival time                                                                  0.424728

  clock cal_clk (rise edge)                                               0.000000   0.000000
  clock network delay (ideal)                                             0.000000   0.000000
  clock uncertainty                                                       0.020000   0.020000
  target_fine_therm_q_reg[6]/CK (DFFSQ_X1M_A9TR40)                        0.000000   0.020000 r
  library hold time                                                       0.047253   0.067253
  data required time                                                                 0.067253
  ----------------------------------------------------------------------------------------------
  data required time                                                                 0.067253
  data arrival time                                                                  -0.424728
  ----------------------------------------------------------------------------------------------
  slack (MET)                                                                        0.357475


  Startpoint: target_fine_therm_q_reg[9]
              (rising edge-triggered flip-flop clocked by cal_clk)
  Endpoint: target_fine_therm_q_reg[9]
            (rising edge-triggered flip-flop clocked by cal_clk)
  Path Group: cal_clk
  Path Type: min

  Des/Clust/Port     Wire Load Model       Library
  ------------------------------------------------
  ftc_detection_margin_manager
                     Small                 sc9mc_logic0040ll_base_rvt_c40_ss_typical_max_0p99v_125c

  Point                                       Fanout       Cap     Trans      Incr       Path
  ----------------------------------------------------------------------------------------------
  clock cal_clk (rise edge)                                               0.000000   0.000000
  clock network delay (ideal)                                             0.000000   0.000000
  target_fine_therm_q_reg[9]/CK (DFFSQ_X1M_A9TR40)              0.050000  0.000000   0.000000 r
  target_fine_therm_q_reg[9]/Q (DFFSQ_X1M_A9TR40) <-            0.049198  0.282924   0.282924 f
  target_fine_therm_q[9] (net)                  2     0.002488            0.000000   0.282924 f
  U67/A1 (AO22_X0P5M_A9TR40)                                    0.049198  0.000018   0.282942 f
  U67/Y (AO22_X0P5M_A9TR40)                                     0.059187  0.141760   0.424701 f
  n94 (net)                                     1     0.001556            0.000000   0.424701 f
  target_fine_therm_q_reg[9]/D (DFFSQ_X1M_A9TR40)               0.059187  0.000027   0.424728 f
  data arrival time                                                                  0.424728

  clock cal_clk (rise edge)                                               0.000000   0.000000
  clock network delay (ideal)                                             0.000000   0.000000
  clock uncertainty                                                       0.020000   0.020000
  target_fine_therm_q_reg[9]/CK (DFFSQ_X1M_A9TR40)                        0.000000   0.020000 r
  library hold time                                                       0.047075   0.067075
  data required time                                                                 0.067075
  ----------------------------------------------------------------------------------------------
  data required time                                                                 0.067075
  data arrival time                                                                  -0.424728
  ----------------------------------------------------------------------------------------------
  slack (MET)                                                                        0.357653


  Startpoint: target_fine_therm_q_reg[4]
              (rising edge-triggered flip-flop clocked by cal_clk)
  Endpoint: target_fine_therm_q_reg[4]
            (rising edge-triggered flip-flop clocked by cal_clk)
  Path Group: cal_clk
  Path Type: min

  Des/Clust/Port     Wire Load Model       Library
  ------------------------------------------------
  ftc_detection_margin_manager
                     Small                 sc9mc_logic0040ll_base_rvt_c40_ss_typical_max_0p99v_125c

  Point                                       Fanout       Cap     Trans      Incr       Path
  ----------------------------------------------------------------------------------------------
  clock cal_clk (rise edge)                                               0.000000   0.000000
  clock network delay (ideal)                                             0.000000   0.000000
  target_fine_therm_q_reg[4]/CK (DFFSQ_X1M_A9TR40)              0.050000  0.000000   0.000000 r
  target_fine_therm_q_reg[4]/Q (DFFSQ_X1M_A9TR40) <-            0.049198  0.282924   0.282924 f
  target_fine_therm_q[4] (net)                  2     0.002488            0.000000   0.282924 f
  U49/A1 (AO22_X0P5M_A9TR40)                                    0.049198  0.000018   0.282942 f
  U49/Y (AO22_X0P5M_A9TR40)                                     0.059187  0.141760   0.424701 f
  n84 (net)                                     1     0.001556            0.000000   0.424701 f
  target_fine_therm_q_reg[4]/D (DFFSQ_X1M_A9TR40)               0.059187  0.000027   0.424728 f
  data arrival time                                                                  0.424728

  clock cal_clk (rise edge)                                               0.000000   0.000000
  clock network delay (ideal)                                             0.000000   0.000000
  clock uncertainty                                                       0.020000   0.020000
  target_fine_therm_q_reg[4]/CK (DFFSQ_X1M_A9TR40)                        0.000000   0.020000 r
  library hold time                                                       0.047075   0.067075
  data required time                                                                 0.067075
  ----------------------------------------------------------------------------------------------
  data required time                                                                 0.067075
  data arrival time                                                                  -0.424728
  ----------------------------------------------------------------------------------------------
  slack (MET)                                                                        0.357653


  Startpoint: target_fine_therm_q_reg[2]
              (rising edge-triggered flip-flop clocked by cal_clk)
  Endpoint: target_fine_therm_q_reg[2]
            (rising edge-triggered flip-flop clocked by cal_clk)
  Path Group: cal_clk
  Path Type: min

  Des/Clust/Port     Wire Load Model       Library
  ------------------------------------------------
  ftc_detection_margin_manager
                     Small                 sc9mc_logic0040ll_base_rvt_c40_ss_typical_max_0p99v_125c

  Point                                       Fanout       Cap     Trans      Incr       Path
  ----------------------------------------------------------------------------------------------
  clock cal_clk (rise edge)                                               0.000000   0.000000
  clock network delay (ideal)                                             0.000000   0.000000
  target_fine_therm_q_reg[2]/CK (DFFSQ_X1M_A9TR40)              0.050000  0.000000   0.000000 r
  target_fine_therm_q_reg[2]/Q (DFFSQ_X1M_A9TR40) <-            0.049198  0.282924   0.282924 f
  target_fine_therm_q[2] (net)                  2     0.002488            0.000000   0.282924 f
  U43/A1 (AO22_X0P5M_A9TR40)                                    0.049198  0.000018   0.282942 f
  U43/Y (AO22_X0P5M_A9TR40)                                     0.059224  0.141760   0.424701 f
  n80 (net)                                     1     0.001556            0.000000   0.424701 f
  target_fine_therm_q_reg[2]/D (DFFSQ_X1M_A9TR40)               0.059224  0.000027   0.424728 f
  data arrival time                                                                  0.424728

  clock cal_clk (rise edge)                                               0.000000   0.000000
  clock network delay (ideal)                                             0.000000   0.000000
  clock uncertainty                                                       0.020000   0.020000
  target_fine_therm_q_reg[2]/CK (DFFSQ_X1M_A9TR40)                        0.000000   0.020000 r
  library hold time                                                       0.047067   0.067067
  data required time                                                                 0.067067
  ----------------------------------------------------------------------------------------------
  data required time                                                                 0.067067
  data arrival time                                                                  -0.424728
  ----------------------------------------------------------------------------------------------
  slack (MET)                                                                        0.357661


  Startpoint: target_fine_therm_q_reg[0]
              (rising edge-triggered flip-flop clocked by cal_clk)
  Endpoint: target_fine_therm_q_reg[0]
            (rising edge-triggered flip-flop clocked by cal_clk)
  Path Group: cal_clk
  Path Type: min

  Des/Clust/Port     Wire Load Model       Library
  ------------------------------------------------
  ftc_detection_margin_manager
                     Small                 sc9mc_logic0040ll_base_rvt_c40_ss_typical_max_0p99v_125c

  Point                                       Fanout       Cap     Trans      Incr       Path
  ----------------------------------------------------------------------------------------------
  clock cal_clk (rise edge)                                               0.000000   0.000000
  clock network delay (ideal)                                             0.000000   0.000000
  target_fine_therm_q_reg[0]/CK (DFFSQ_X1M_A9TR40)              0.050000  0.000000   0.000000 r
  target_fine_therm_q_reg[0]/Q (DFFSQ_X1M_A9TR40) <-            0.049198  0.282924   0.282924 f
  target_fine_therm_q[0] (net)                  2     0.002488            0.000000   0.282924 f
  U37/A1 (AO22_X0P5M_A9TR40)                                    0.049198  0.000018   0.282942 f
  U37/Y (AO22_X0P5M_A9TR40)                                     0.059224  0.141760   0.424701 f
  n76 (net)                                     1     0.001556            0.000000   0.424701 f
  target_fine_therm_q_reg[0]/D (DFFSQ_X1M_A9TR40)               0.059224  0.000027   0.424728 f
  data arrival time                                                                  0.424728

  clock cal_clk (rise edge)                                               0.000000   0.000000
  clock network delay (ideal)                                             0.000000   0.000000
  clock uncertainty                                                       0.020000   0.020000
  target_fine_therm_q_reg[0]/CK (DFFSQ_X1M_A9TR40)                        0.000000   0.020000 r
  library hold time                                                       0.047067   0.067067
  data required time                                                                 0.067067
  ----------------------------------------------------------------------------------------------
  data required time                                                                 0.067067
  data arrival time                                                                  -0.424728
  ----------------------------------------------------------------------------------------------
  slack (MET)                                                                        0.357661


  Startpoint: target_fine_therm_q_reg[3]
              (rising edge-triggered flip-flop clocked by cal_clk)
  Endpoint: target_fine_therm_q_reg[3]
            (rising edge-triggered flip-flop clocked by cal_clk)
  Path Group: cal_clk
  Path Type: min

  Des/Clust/Port     Wire Load Model       Library
  ------------------------------------------------
  ftc_detection_margin_manager
                     Small                 sc9mc_logic0040ll_base_rvt_c40_ss_typical_max_0p99v_125c

  Point                                       Fanout       Cap     Trans      Incr       Path
  ----------------------------------------------------------------------------------------------
  clock cal_clk (rise edge)                                               0.000000   0.000000
  clock network delay (ideal)                                             0.000000   0.000000
  target_fine_therm_q_reg[3]/CK (DFFSQ_X1M_A9TR40)              0.050000  0.000000   0.000000 r
  target_fine_therm_q_reg[3]/Q (DFFSQ_X1M_A9TR40) <-            0.049198  0.282924   0.282924 f
  target_fine_therm_q[3] (net)                  2     0.002488            0.000000   0.282924 f
  U46/A1 (AO22_X0P5M_A9TR40)                                    0.049198  0.000018   0.282942 f
  U46/Y (AO22_X0P5M_A9TR40)                                     0.059339  0.141760   0.424701 f
  n82 (net)                                     1     0.001556            0.000000   0.424701 f
  target_fine_therm_q_reg[3]/D (DFFSQ_X1M_A9TR40)               0.059339  0.000027   0.424728 f
  data arrival time                                                                  0.424728

  clock cal_clk (rise edge)                                               0.000000   0.000000
  clock network delay (ideal)                                             0.000000   0.000000
  clock uncertainty                                                       0.020000   0.020000
  target_fine_therm_q_reg[3]/CK (DFFSQ_X1M_A9TR40)                        0.000000   0.020000 r
  library hold time                                                       0.047041   0.067041
  data required time                                                                 0.067041
  ----------------------------------------------------------------------------------------------
  data required time                                                                 0.067041
  data arrival time                                                                  -0.424728
  ----------------------------------------------------------------------------------------------
  slack (MET)                                                                        0.357687


  Startpoint: target_fine_therm_q_reg[5]
              (rising edge-triggered flip-flop clocked by cal_clk)
  Endpoint: target_fine_therm_q_reg[5]
            (rising edge-triggered flip-flop clocked by cal_clk)
  Path Group: cal_clk
  Path Type: min

  Des/Clust/Port     Wire Load Model       Library
  ------------------------------------------------
  ftc_detection_margin_manager
                     Small                 sc9mc_logic0040ll_base_rvt_c40_ss_typical_max_0p99v_125c

  Point                                       Fanout       Cap     Trans      Incr       Path
  ----------------------------------------------------------------------------------------------
  clock cal_clk (rise edge)                                               0.000000   0.000000
  clock network delay (ideal)                                             0.000000   0.000000
  target_fine_therm_q_reg[5]/CK (DFFSQ_X1M_A9TR40)              0.050000  0.000000   0.000000 r
  target_fine_therm_q_reg[5]/Q (DFFSQ_X1M_A9TR40) <-            0.049198  0.282924   0.282924 f
  target_fine_therm_q[5] (net)                  2     0.002488            0.000000   0.282924 f
  U52/A1 (AO22_X0P5M_A9TR40)                                    0.049198  0.000018   0.282942 f
  U52/Y (AO22_X0P5M_A9TR40)                                     0.059446  0.141760   0.424701 f
  n86 (net)                                     1     0.001556            0.000000   0.424701 f
  target_fine_therm_q_reg[5]/D (DFFSQ_X1M_A9TR40)               0.059446  0.000027   0.424728 f
  data arrival time                                                                  0.424728

  clock cal_clk (rise edge)                                               0.000000   0.000000
  clock network delay (ideal)                                             0.000000   0.000000
  clock uncertainty                                                       0.020000   0.020000
  target_fine_therm_q_reg[5]/CK (DFFSQ_X1M_A9TR40)                        0.000000   0.020000 r
  library hold time                                                       0.047017   0.067017
  data required time                                                                 0.067017
  ----------------------------------------------------------------------------------------------
  data required time                                                                 0.067017
  data arrival time                                                                  -0.424728
  ----------------------------------------------------------------------------------------------
  slack (MET)                                                                        0.357711


  Startpoint: target_fine_therm_q_reg[1]
              (rising edge-triggered flip-flop clocked by cal_clk)
  Endpoint: target_fine_therm_q_reg[1]
            (rising edge-triggered flip-flop clocked by cal_clk)
  Path Group: cal_clk
  Path Type: min

  Des/Clust/Port     Wire Load Model       Library
  ------------------------------------------------
  ftc_detection_margin_manager
                     Small                 sc9mc_logic0040ll_base_rvt_c40_ss_typical_max_0p99v_125c

  Point                                       Fanout       Cap     Trans      Incr       Path
  ----------------------------------------------------------------------------------------------
  clock cal_clk (rise edge)                                               0.000000   0.000000
  clock network delay (ideal)                                             0.000000   0.000000
  target_fine_therm_q_reg[1]/CK (DFFSQ_X1M_A9TR40)              0.050000  0.000000   0.000000 r
  target_fine_therm_q_reg[1]/Q (DFFSQ_X1M_A9TR40) <-            0.049198  0.282924   0.282924 f
  target_fine_therm_q[1] (net)                  2     0.002488            0.000000   0.282924 f
  U40/A1 (AO22_X0P5M_A9TR40)                                    0.049198  0.000018   0.282942 f
  U40/Y (AO22_X0P5M_A9TR40)                                     0.059469  0.141760   0.424701 f
  n78 (net)                                     1     0.001556            0.000000   0.424701 f
  target_fine_therm_q_reg[1]/D (DFFSQ_X1M_A9TR40)               0.059469  0.000027   0.424728 f
  data arrival time                                                                  0.424728

  clock cal_clk (rise edge)                                               0.000000   0.000000
  clock network delay (ideal)                                             0.000000   0.000000
  clock uncertainty                                                       0.020000   0.020000
  target_fine_therm_q_reg[1]/CK (DFFSQ_X1M_A9TR40)                        0.000000   0.020000 r
  library hold time                                                       0.047012   0.067012
  data required time                                                                 0.067012
  ----------------------------------------------------------------------------------------------
  data required time                                                                 0.067012
  data arrival time                                                                  -0.424728
  ----------------------------------------------------------------------------------------------
  slack (MET)                                                                        0.357717


  Startpoint: det_medium_therm_q_reg[7]
              (rising edge-triggered flip-flop clocked by cal_clk)
  Endpoint: det_medium_therm_q_reg[7]
            (rising edge-triggered flip-flop clocked by cal_clk)
  Path Group: cal_clk
  Path Type: min

  Des/Clust/Port     Wire Load Model       Library
  ------------------------------------------------
  ftc_detection_margin_manager
                     Small                 sc9mc_logic0040ll_base_rvt_c40_ss_typical_max_0p99v_125c

  Point                                       Fanout       Cap     Trans      Incr       Path
  ----------------------------------------------------------------------------------------------
  clock cal_clk (rise edge)                                               0.000000   0.000000
  clock network delay (ideal)                                             0.000000   0.000000
  det_medium_therm_q_reg[7]/CK (DFFRPQ_X1M_A9TR40)              0.050000  0.000000   0.000000 r
  det_medium_therm_q_reg[7]/Q (DFFRPQ_X1M_A9TR40) <-            0.045761  0.275012   0.275012 f
  det_medium_therm_o[7] (net)                   2     0.002007            0.000000   0.275012 f
  U17/B0 (AO1B2_X0P5M_A9TR40)                                   0.045761  0.000018   0.275030 f
  U17/Y (AO1B2_X0P5M_A9TR40)                                    0.087302  0.130460   0.405491 f
  n66 (net)                                     1     0.001539            0.000000   0.405491 f
  det_medium_therm_q_reg[7]/D (DFFRPQ_X1M_A9TR40)               0.087302  0.000027   0.405517 f
  data arrival time                                                                  0.405517

  clock cal_clk (rise edge)                                               0.000000   0.000000
  clock network delay (ideal)                                             0.000000   0.000000
  clock uncertainty                                                       0.020000   0.020000
  det_medium_therm_q_reg[7]/CK (DFFRPQ_X1M_A9TR40)                        0.000000   0.020000 r
  library hold time                                                       0.027568   0.047568
  data required time                                                                 0.047568
  ----------------------------------------------------------------------------------------------
  data required time                                                                 0.047568
  data arrival time                                                                  -0.405517
  ----------------------------------------------------------------------------------------------
  slack (MET)                                                                        0.357950


  Startpoint: det_medium_therm_q_reg[6]
              (rising edge-triggered flip-flop clocked by cal_clk)
  Endpoint: det_medium_therm_q_reg[6]
            (rising edge-triggered flip-flop clocked by cal_clk)
  Path Group: cal_clk
  Path Type: min

  Des/Clust/Port     Wire Load Model       Library
  ------------------------------------------------
  ftc_detection_margin_manager
                     Small                 sc9mc_logic0040ll_base_rvt_c40_ss_typical_max_0p99v_125c

  Point                                       Fanout       Cap     Trans      Incr       Path
  ----------------------------------------------------------------------------------------------
  clock cal_clk (rise edge)                                               0.000000   0.000000
  clock network delay (ideal)                                             0.000000   0.000000
  det_medium_therm_q_reg[6]/CK (DFFRPQ_X1M_A9TR40)              0.050000  0.000000   0.000000 r
  det_medium_therm_q_reg[6]/Q (DFFRPQ_X1M_A9TR40) <-            0.045761  0.275012   0.275012 f
  det_medium_therm_o[6] (net)                   2     0.002007            0.000000   0.275012 f
  U15/B0 (AO1B2_X0P5M_A9TR40)                                   0.045761  0.000018   0.275030 f
  U15/Y (AO1B2_X0P5M_A9TR40)                                    0.087302  0.130460   0.405491 f
  n65 (net)                                     1     0.001539            0.000000   0.405491 f
  det_medium_therm_q_reg[6]/D (DFFRPQ_X1M_A9TR40)               0.087302  0.000027   0.405517 f
  data arrival time                                                                  0.405517

  clock cal_clk (rise edge)                                               0.000000   0.000000
  clock network delay (ideal)                                             0.000000   0.000000
  clock uncertainty                                                       0.020000   0.020000
  det_medium_therm_q_reg[6]/CK (DFFRPQ_X1M_A9TR40)                        0.000000   0.020000 r
  library hold time                                                       0.027568   0.047568
  data required time                                                                 0.047568
  ----------------------------------------------------------------------------------------------
  data required time                                                                 0.047568
  data arrival time                                                                  -0.405517
  ----------------------------------------------------------------------------------------------
  slack (MET)                                                                        0.357950


  Startpoint: det_medium_therm_q_reg[5]
              (rising edge-triggered flip-flop clocked by cal_clk)
  Endpoint: det_medium_therm_q_reg[5]
            (rising edge-triggered flip-flop clocked by cal_clk)
  Path Group: cal_clk
  Path Type: min

  Des/Clust/Port     Wire Load Model       Library
  ------------------------------------------------
  ftc_detection_margin_manager
                     Small                 sc9mc_logic0040ll_base_rvt_c40_ss_typical_max_0p99v_125c

  Point                                       Fanout       Cap     Trans      Incr       Path
  ----------------------------------------------------------------------------------------------
  clock cal_clk (rise edge)                                               0.000000   0.000000
  clock network delay (ideal)                                             0.000000   0.000000
  det_medium_therm_q_reg[5]/CK (DFFRPQ_X1M_A9TR40)              0.050000  0.000000   0.000000 r
  det_medium_therm_q_reg[5]/Q (DFFRPQ_X1M_A9TR40) <-            0.045761  0.275012   0.275012 f
  det_medium_therm_o[5] (net)                   2     0.002007            0.000000   0.275012 f
  U13/B0 (AO1B2_X0P5M_A9TR40)                                   0.045761  0.000018   0.275030 f
  U13/Y (AO1B2_X0P5M_A9TR40)                                    0.087302  0.130460   0.405491 f
  n64 (net)                                     1     0.001539            0.000000   0.405491 f
  det_medium_therm_q_reg[5]/D (DFFRPQ_X1M_A9TR40)               0.087302  0.000027   0.405517 f
  data arrival time                                                                  0.405517

  clock cal_clk (rise edge)                                               0.000000   0.000000
  clock network delay (ideal)                                             0.000000   0.000000
  clock uncertainty                                                       0.020000   0.020000
  det_medium_therm_q_reg[5]/CK (DFFRPQ_X1M_A9TR40)                        0.000000   0.020000 r
  library hold time                                                       0.027568   0.047568
  data required time                                                                 0.047568
  ----------------------------------------------------------------------------------------------
  data required time                                                                 0.047568
  data arrival time                                                                  -0.405517
  ----------------------------------------------------------------------------------------------
  slack (MET)                                                                        0.357950


  Startpoint: det_medium_therm_q_reg[4]
              (rising edge-triggered flip-flop clocked by cal_clk)
  Endpoint: det_medium_therm_q_reg[4]
            (rising edge-triggered flip-flop clocked by cal_clk)
  Path Group: cal_clk
  Path Type: min

  Des/Clust/Port     Wire Load Model       Library
  ------------------------------------------------
  ftc_detection_margin_manager
                     Small                 sc9mc_logic0040ll_base_rvt_c40_ss_typical_max_0p99v_125c

  Point                                       Fanout       Cap     Trans      Incr       Path
  ----------------------------------------------------------------------------------------------
  clock cal_clk (rise edge)                                               0.000000   0.000000
  clock network delay (ideal)                                             0.000000   0.000000
  det_medium_therm_q_reg[4]/CK (DFFRPQ_X1M_A9TR40)              0.050000  0.000000   0.000000 r
  det_medium_therm_q_reg[4]/Q (DFFRPQ_X1M_A9TR40) <-            0.045761  0.275012   0.275012 f
  det_medium_therm_o[4] (net)                   2     0.002007            0.000000   0.275012 f
  U11/B0 (AO1B2_X0P5M_A9TR40)                                   0.045761  0.000018   0.275030 f
  U11/Y (AO1B2_X0P5M_A9TR40)                                    0.087302  0.130460   0.405491 f
  n63 (net)                                     1     0.001539            0.000000   0.405491 f
  det_medium_therm_q_reg[4]/D (DFFRPQ_X1M_A9TR40)               0.087302  0.000027   0.405517 f
  data arrival time                                                                  0.405517

  clock cal_clk (rise edge)                                               0.000000   0.000000
  clock network delay (ideal)                                             0.000000   0.000000
  clock uncertainty                                                       0.020000   0.020000
  det_medium_therm_q_reg[4]/CK (DFFRPQ_X1M_A9TR40)                        0.000000   0.020000 r
  library hold time                                                       0.027568   0.047568
  data required time                                                                 0.047568
  ----------------------------------------------------------------------------------------------
  data required time                                                                 0.047568
  data arrival time                                                                  -0.405517
  ----------------------------------------------------------------------------------------------
  slack (MET)                                                                        0.357950


  Startpoint: det_medium_therm_q_reg[3]
              (rising edge-triggered flip-flop clocked by cal_clk)
  Endpoint: det_medium_therm_q_reg[3]
            (rising edge-triggered flip-flop clocked by cal_clk)
  Path Group: cal_clk
  Path Type: min

  Des/Clust/Port     Wire Load Model       Library
  ------------------------------------------------
  ftc_detection_margin_manager
                     Small                 sc9mc_logic0040ll_base_rvt_c40_ss_typical_max_0p99v_125c

  Point                                       Fanout       Cap     Trans      Incr       Path
  ----------------------------------------------------------------------------------------------
  clock cal_clk (rise edge)                                               0.000000   0.000000
  clock network delay (ideal)                                             0.000000   0.000000
  det_medium_therm_q_reg[3]/CK (DFFRPQ_X1M_A9TR40)              0.050000  0.000000   0.000000 r
  det_medium_therm_q_reg[3]/Q (DFFRPQ_X1M_A9TR40) <-            0.045761  0.275012   0.275012 f
  det_medium_therm_o[3] (net)                   2     0.002007            0.000000   0.275012 f
  U9/B0 (AO1B2_X0P5M_A9TR40)                                    0.045761  0.000018   0.275030 f
  U9/Y (AO1B2_X0P5M_A9TR40)                                     0.087302  0.130460   0.405491 f
  n62 (net)                                     1     0.001539            0.000000   0.405491 f
  det_medium_therm_q_reg[3]/D (DFFRPQ_X1M_A9TR40)               0.087302  0.000027   0.405517 f
  data arrival time                                                                  0.405517

  clock cal_clk (rise edge)                                               0.000000   0.000000
  clock network delay (ideal)                                             0.000000   0.000000
  clock uncertainty                                                       0.020000   0.020000
  det_medium_therm_q_reg[3]/CK (DFFRPQ_X1M_A9TR40)                        0.000000   0.020000 r
  library hold time                                                       0.027568   0.047568
  data required time                                                                 0.047568
  ----------------------------------------------------------------------------------------------
  data required time                                                                 0.047568
  data arrival time                                                                  -0.405517
  ----------------------------------------------------------------------------------------------
  slack (MET)                                                                        0.357950


  Startpoint: det_medium_therm_q_reg[2]
              (rising edge-triggered flip-flop clocked by cal_clk)
  Endpoint: det_medium_therm_q_reg[2]
            (rising edge-triggered flip-flop clocked by cal_clk)
  Path Group: cal_clk
  Path Type: min

  Des/Clust/Port     Wire Load Model       Library
  ------------------------------------------------
  ftc_detection_margin_manager
                     Small                 sc9mc_logic0040ll_base_rvt_c40_ss_typical_max_0p99v_125c

  Point                                       Fanout       Cap     Trans      Incr       Path
  ----------------------------------------------------------------------------------------------
  clock cal_clk (rise edge)                                               0.000000   0.000000
  clock network delay (ideal)                                             0.000000   0.000000
  det_medium_therm_q_reg[2]/CK (DFFRPQ_X1M_A9TR40)              0.050000  0.000000   0.000000 r
  det_medium_therm_q_reg[2]/Q (DFFRPQ_X1M_A9TR40) <-            0.045761  0.275012   0.275012 f
  det_medium_therm_o[2] (net)                   2     0.002007            0.000000   0.275012 f
  U7/B0 (AO1B2_X0P5M_A9TR40)                                    0.045761  0.000018   0.275030 f
  U7/Y (AO1B2_X0P5M_A9TR40)                                     0.087302  0.130460   0.405491 f
  n61 (net)                                     1     0.001539            0.000000   0.405491 f
  det_medium_therm_q_reg[2]/D (DFFRPQ_X1M_A9TR40)               0.087302  0.000027   0.405517 f
  data arrival time                                                                  0.405517

  clock cal_clk (rise edge)                                               0.000000   0.000000
  clock network delay (ideal)                                             0.000000   0.000000
  clock uncertainty                                                       0.020000   0.020000
  det_medium_therm_q_reg[2]/CK (DFFRPQ_X1M_A9TR40)                        0.000000   0.020000 r
  library hold time                                                       0.027568   0.047568
  data required time                                                                 0.047568
  ----------------------------------------------------------------------------------------------
  data required time                                                                 0.047568
  data arrival time                                                                  -0.405517
  ----------------------------------------------------------------------------------------------
  slack (MET)                                                                        0.357950


  Startpoint: det_medium_therm_q_reg[1]
              (rising edge-triggered flip-flop clocked by cal_clk)
  Endpoint: det_medium_therm_q_reg[1]
            (rising edge-triggered flip-flop clocked by cal_clk)
  Path Group: cal_clk
  Path Type: min

  Des/Clust/Port     Wire Load Model       Library
  ------------------------------------------------
  ftc_detection_margin_manager
                     Small                 sc9mc_logic0040ll_base_rvt_c40_ss_typical_max_0p99v_125c

  Point                                       Fanout       Cap     Trans      Incr       Path
  ----------------------------------------------------------------------------------------------
  clock cal_clk (rise edge)                                               0.000000   0.000000
  clock network delay (ideal)                                             0.000000   0.000000
  det_medium_therm_q_reg[1]/CK (DFFRPQ_X1M_A9TR40)              0.050000  0.000000   0.000000 r
  det_medium_therm_q_reg[1]/Q (DFFRPQ_X1M_A9TR40) <-            0.045761  0.275012   0.275012 f
  det_medium_therm_o[1] (net)                   2     0.002007            0.000000   0.275012 f
  U5/B0 (AO1B2_X0P5M_A9TR40)                                    0.045761  0.000018   0.275030 f
  U5/Y (AO1B2_X0P5M_A9TR40)                                     0.087302  0.130460   0.405491 f
  n60 (net)                                     1     0.001539            0.000000   0.405491 f
  det_medium_therm_q_reg[1]/D (DFFRPQ_X1M_A9TR40)               0.087302  0.000027   0.405517 f
  data arrival time                                                                  0.405517

  clock cal_clk (rise edge)                                               0.000000   0.000000
  clock network delay (ideal)                                             0.000000   0.000000
  clock uncertainty                                                       0.020000   0.020000
  det_medium_therm_q_reg[1]/CK (DFFRPQ_X1M_A9TR40)                        0.000000   0.020000 r
  library hold time                                                       0.027568   0.047568
  data required time                                                                 0.047568
  ----------------------------------------------------------------------------------------------
  data required time                                                                 0.047568
  data arrival time                                                                  -0.405517
  ----------------------------------------------------------------------------------------------
  slack (MET)                                                                        0.357950


  Startpoint: det_medium_therm_q_reg[0]
              (rising edge-triggered flip-flop clocked by cal_clk)
  Endpoint: det_medium_therm_q_reg[0]
            (rising edge-triggered flip-flop clocked by cal_clk)
  Path Group: cal_clk
  Path Type: min

  Des/Clust/Port     Wire Load Model       Library
  ------------------------------------------------
  ftc_detection_margin_manager
                     Small                 sc9mc_logic0040ll_base_rvt_c40_ss_typical_max_0p99v_125c

  Point                                       Fanout       Cap     Trans      Incr       Path
  ----------------------------------------------------------------------------------------------
  clock cal_clk (rise edge)                                               0.000000   0.000000
  clock network delay (ideal)                                             0.000000   0.000000
  det_medium_therm_q_reg[0]/CK (DFFRPQ_X1M_A9TR40)              0.050000  0.000000   0.000000 r
  det_medium_therm_q_reg[0]/Q (DFFRPQ_X1M_A9TR40) <-            0.045761  0.275012   0.275012 f
  det_medium_therm_o[0] (net)                   2     0.002007            0.000000   0.275012 f
  U3/B0 (AO1B2_X0P5M_A9TR40)                                    0.045761  0.000018   0.275030 f
  U3/Y (AO1B2_X0P5M_A9TR40)                                     0.087302  0.130460   0.405491 f
  n59 (net)                                     1     0.001539            0.000000   0.405491 f
  det_medium_therm_q_reg[0]/D (DFFRPQ_X1M_A9TR40)               0.087302  0.000027   0.405517 f
  data arrival time                                                                  0.405517

  clock cal_clk (rise edge)                                               0.000000   0.000000
  clock network delay (ideal)                                             0.000000   0.000000
  clock uncertainty                                                       0.020000   0.020000
  det_medium_therm_q_reg[0]/CK (DFFRPQ_X1M_A9TR40)                        0.000000   0.020000 r
  library hold time                                                       0.027568   0.047568
  data required time                                                                 0.047568
  ----------------------------------------------------------------------------------------------
  data required time                                                                 0.047568
  data arrival time                                                                  -0.405517
  ----------------------------------------------------------------------------------------------
  slack (MET)                                                                        0.357950


  Startpoint: det_medium_therm_q_reg[15]
              (rising edge-triggered flip-flop clocked by cal_clk)
  Endpoint: det_medium_therm_q_reg[15]
            (rising edge-triggered flip-flop clocked by cal_clk)
  Path Group: cal_clk
  Path Type: min

  Des/Clust/Port     Wire Load Model       Library
  ------------------------------------------------
  ftc_detection_margin_manager
                     Small                 sc9mc_logic0040ll_base_rvt_c40_ss_typical_max_0p99v_125c

  Point                                       Fanout       Cap     Trans      Incr       Path
  ----------------------------------------------------------------------------------------------
  clock cal_clk (rise edge)                                               0.000000   0.000000
  clock network delay (ideal)                                             0.000000   0.000000
  det_medium_therm_q_reg[15]/CK (DFFRPQ_X1M_A9TR40)             0.050000  0.000000   0.000000 r
  det_medium_therm_q_reg[15]/Q (DFFRPQ_X1M_A9TR40) <-           0.045761  0.275012   0.275012 f
  det_medium_therm_o[15] (net)                  2     0.002007            0.000000   0.275012 f
  U33/B0 (AO1B2_X0P5M_A9TR40)                                   0.045761  0.000018   0.275030 f
  U33/Y (AO1B2_X0P5M_A9TR40)                                    0.087304  0.130460   0.405491 f
  n74 (net)                                     1     0.001539            0.000000   0.405491 f
  det_medium_therm_q_reg[15]/D (DFFRPQ_X1M_A9TR40)              0.087304  0.000027   0.405517 f
  data arrival time                                                                  0.405517

  clock cal_clk (rise edge)                                               0.000000   0.000000
  clock network delay (ideal)                                             0.000000   0.000000
  clock uncertainty                                                       0.020000   0.020000
  det_medium_therm_q_reg[15]/CK (DFFRPQ_X1M_A9TR40)                       0.000000   0.020000 r
  library hold time                                                       0.027567   0.047567
  data required time                                                                 0.047567
  ----------------------------------------------------------------------------------------------
  data required time                                                                 0.047567
  data arrival time                                                                  -0.405517
  ----------------------------------------------------------------------------------------------
  slack (MET)                                                                        0.357950


  Startpoint: det_medium_therm_q_reg[14]
              (rising edge-triggered flip-flop clocked by cal_clk)
  Endpoint: det_medium_therm_q_reg[14]
            (rising edge-triggered flip-flop clocked by cal_clk)
  Path Group: cal_clk
  Path Type: min

  Des/Clust/Port     Wire Load Model       Library
  ------------------------------------------------
  ftc_detection_margin_manager
                     Small                 sc9mc_logic0040ll_base_rvt_c40_ss_typical_max_0p99v_125c

  Point                                       Fanout       Cap     Trans      Incr       Path
  ----------------------------------------------------------------------------------------------
  clock cal_clk (rise edge)                                               0.000000   0.000000
  clock network delay (ideal)                                             0.000000   0.000000
  det_medium_therm_q_reg[14]/CK (DFFRPQ_X1M_A9TR40)             0.050000  0.000000   0.000000 r
  det_medium_therm_q_reg[14]/Q (DFFRPQ_X1M_A9TR40) <-           0.045761  0.275012   0.275012 f
  det_medium_therm_o[14] (net)                  2     0.002007            0.000000   0.275012 f
  U31/B0 (AO1B2_X0P5M_A9TR40)                                   0.045761  0.000018   0.275030 f
  U31/Y (AO1B2_X0P5M_A9TR40)                                    0.087304  0.130460   0.405491 f
  n73 (net)                                     1     0.001539            0.000000   0.405491 f
  det_medium_therm_q_reg[14]/D (DFFRPQ_X1M_A9TR40)              0.087304  0.000027   0.405517 f
  data arrival time                                                                  0.405517

  clock cal_clk (rise edge)                                               0.000000   0.000000
  clock network delay (ideal)                                             0.000000   0.000000
  clock uncertainty                                                       0.020000   0.020000
  det_medium_therm_q_reg[14]/CK (DFFRPQ_X1M_A9TR40)                       0.000000   0.020000 r
  library hold time                                                       0.027567   0.047567
  data required time                                                                 0.047567
  ----------------------------------------------------------------------------------------------
  data required time                                                                 0.047567
  data arrival time                                                                  -0.405517
  ----------------------------------------------------------------------------------------------
  slack (MET)                                                                        0.357950


  Startpoint: det_medium_therm_q_reg[13]
              (rising edge-triggered flip-flop clocked by cal_clk)
  Endpoint: det_medium_therm_q_reg[13]
            (rising edge-triggered flip-flop clocked by cal_clk)
  Path Group: cal_clk
  Path Type: min

  Des/Clust/Port     Wire Load Model       Library
  ------------------------------------------------
  ftc_detection_margin_manager
                     Small                 sc9mc_logic0040ll_base_rvt_c40_ss_typical_max_0p99v_125c

  Point                                       Fanout       Cap     Trans      Incr       Path
  ----------------------------------------------------------------------------------------------
  clock cal_clk (rise edge)                                               0.000000   0.000000
  clock network delay (ideal)                                             0.000000   0.000000
  det_medium_therm_q_reg[13]/CK (DFFRPQ_X1M_A9TR40)             0.050000  0.000000   0.000000 r
  det_medium_therm_q_reg[13]/Q (DFFRPQ_X1M_A9TR40) <-           0.045761  0.275012   0.275012 f
  det_medium_therm_o[13] (net)                  2     0.002007            0.000000   0.275012 f
  U29/B0 (AO1B2_X0P5M_A9TR40)                                   0.045761  0.000018   0.275030 f
  U29/Y (AO1B2_X0P5M_A9TR40)                                    0.087304  0.130460   0.405491 f
  n72 (net)                                     1     0.001539            0.000000   0.405491 f
  det_medium_therm_q_reg[13]/D (DFFRPQ_X1M_A9TR40)              0.087304  0.000027   0.405517 f
  data arrival time                                                                  0.405517

  clock cal_clk (rise edge)                                               0.000000   0.000000
  clock network delay (ideal)                                             0.000000   0.000000
  clock uncertainty                                                       0.020000   0.020000
  det_medium_therm_q_reg[13]/CK (DFFRPQ_X1M_A9TR40)                       0.000000   0.020000 r
  library hold time                                                       0.027567   0.047567
  data required time                                                                 0.047567
  ----------------------------------------------------------------------------------------------
  data required time                                                                 0.047567
  data arrival time                                                                  -0.405517
  ----------------------------------------------------------------------------------------------
  slack (MET)                                                                        0.357950


  Startpoint: det_medium_therm_q_reg[12]
              (rising edge-triggered flip-flop clocked by cal_clk)
  Endpoint: det_medium_therm_q_reg[12]
            (rising edge-triggered flip-flop clocked by cal_clk)
  Path Group: cal_clk
  Path Type: min

  Des/Clust/Port     Wire Load Model       Library
  ------------------------------------------------
  ftc_detection_margin_manager
                     Small                 sc9mc_logic0040ll_base_rvt_c40_ss_typical_max_0p99v_125c

  Point                                       Fanout       Cap     Trans      Incr       Path
  ----------------------------------------------------------------------------------------------
  clock cal_clk (rise edge)                                               0.000000   0.000000
  clock network delay (ideal)                                             0.000000   0.000000
  det_medium_therm_q_reg[12]/CK (DFFRPQ_X1M_A9TR40)             0.050000  0.000000   0.000000 r
  det_medium_therm_q_reg[12]/Q (DFFRPQ_X1M_A9TR40) <-           0.045761  0.275012   0.275012 f
  det_medium_therm_o[12] (net)                  2     0.002007            0.000000   0.275012 f
  U27/B0 (AO1B2_X0P5M_A9TR40)                                   0.045761  0.000018   0.275030 f
  U27/Y (AO1B2_X0P5M_A9TR40)                                    0.087304  0.130460   0.405491 f
  n71 (net)                                     1     0.001539            0.000000   0.405491 f
  det_medium_therm_q_reg[12]/D (DFFRPQ_X1M_A9TR40)              0.087304  0.000027   0.405517 f
  data arrival time                                                                  0.405517

  clock cal_clk (rise edge)                                               0.000000   0.000000
  clock network delay (ideal)                                             0.000000   0.000000
  clock uncertainty                                                       0.020000   0.020000
  det_medium_therm_q_reg[12]/CK (DFFRPQ_X1M_A9TR40)                       0.000000   0.020000 r
  library hold time                                                       0.027567   0.047567
  data required time                                                                 0.047567
  ----------------------------------------------------------------------------------------------
  data required time                                                                 0.047567
  data arrival time                                                                  -0.405517
  ----------------------------------------------------------------------------------------------
  slack (MET)                                                                        0.357950


  Startpoint: det_medium_therm_q_reg[11]
              (rising edge-triggered flip-flop clocked by cal_clk)
  Endpoint: det_medium_therm_q_reg[11]
            (rising edge-triggered flip-flop clocked by cal_clk)
  Path Group: cal_clk
  Path Type: min

  Des/Clust/Port     Wire Load Model       Library
  ------------------------------------------------
  ftc_detection_margin_manager
                     Small                 sc9mc_logic0040ll_base_rvt_c40_ss_typical_max_0p99v_125c

  Point                                       Fanout       Cap     Trans      Incr       Path
  ----------------------------------------------------------------------------------------------
  clock cal_clk (rise edge)                                               0.000000   0.000000
  clock network delay (ideal)                                             0.000000   0.000000
  det_medium_therm_q_reg[11]/CK (DFFRPQ_X1M_A9TR40)             0.050000  0.000000   0.000000 r
  det_medium_therm_q_reg[11]/Q (DFFRPQ_X1M_A9TR40) <-           0.045761  0.275012   0.275012 f
  det_medium_therm_o[11] (net)                  2     0.002007            0.000000   0.275012 f
  U25/B0 (AO1B2_X0P5M_A9TR40)                                   0.045761  0.000018   0.275030 f
  U25/Y (AO1B2_X0P5M_A9TR40)                                    0.087304  0.130460   0.405491 f
  n70 (net)                                     1     0.001539            0.000000   0.405491 f
  det_medium_therm_q_reg[11]/D (DFFRPQ_X1M_A9TR40)              0.087304  0.000027   0.405517 f
  data arrival time                                                                  0.405517

  clock cal_clk (rise edge)                                               0.000000   0.000000
  clock network delay (ideal)                                             0.000000   0.000000
  clock uncertainty                                                       0.020000   0.020000
  det_medium_therm_q_reg[11]/CK (DFFRPQ_X1M_A9TR40)                       0.000000   0.020000 r
  library hold time                                                       0.027567   0.047567
  data required time                                                                 0.047567
  ----------------------------------------------------------------------------------------------
  data required time                                                                 0.047567
  data arrival time                                                                  -0.405517
  ----------------------------------------------------------------------------------------------
  slack (MET)                                                                        0.357950


  Startpoint: det_medium_therm_q_reg[10]
              (rising edge-triggered flip-flop clocked by cal_clk)
  Endpoint: det_medium_therm_q_reg[10]
            (rising edge-triggered flip-flop clocked by cal_clk)
  Path Group: cal_clk
  Path Type: min

  Des/Clust/Port     Wire Load Model       Library
  ------------------------------------------------
  ftc_detection_margin_manager
                     Small                 sc9mc_logic0040ll_base_rvt_c40_ss_typical_max_0p99v_125c

  Point                                       Fanout       Cap     Trans      Incr       Path
  ----------------------------------------------------------------------------------------------
  clock cal_clk (rise edge)                                               0.000000   0.000000
  clock network delay (ideal)                                             0.000000   0.000000
  det_medium_therm_q_reg[10]/CK (DFFRPQ_X1M_A9TR40)             0.050000  0.000000   0.000000 r
  det_medium_therm_q_reg[10]/Q (DFFRPQ_X1M_A9TR40) <-           0.045761  0.275012   0.275012 f
  det_medium_therm_o[10] (net)                  2     0.002007            0.000000   0.275012 f
  U23/B0 (AO1B2_X0P5M_A9TR40)                                   0.045761  0.000018   0.275030 f
  U23/Y (AO1B2_X0P5M_A9TR40)                                    0.087304  0.130460   0.405491 f
  n69 (net)                                     1     0.001539            0.000000   0.405491 f
  det_medium_therm_q_reg[10]/D (DFFRPQ_X1M_A9TR40)              0.087304  0.000027   0.405517 f
  data arrival time                                                                  0.405517

  clock cal_clk (rise edge)                                               0.000000   0.000000
  clock network delay (ideal)                                             0.000000   0.000000
  clock uncertainty                                                       0.020000   0.020000
  det_medium_therm_q_reg[10]/CK (DFFRPQ_X1M_A9TR40)                       0.000000   0.020000 r
  library hold time                                                       0.027567   0.047567
  data required time                                                                 0.047567
  ----------------------------------------------------------------------------------------------
  data required time                                                                 0.047567
  data arrival time                                                                  -0.405517
  ----------------------------------------------------------------------------------------------
  slack (MET)                                                                        0.357950


  Startpoint: det_medium_therm_q_reg[9]
              (rising edge-triggered flip-flop clocked by cal_clk)
  Endpoint: det_medium_therm_q_reg[9]
            (rising edge-triggered flip-flop clocked by cal_clk)
  Path Group: cal_clk
  Path Type: min

  Des/Clust/Port     Wire Load Model       Library
  ------------------------------------------------
  ftc_detection_margin_manager
                     Small                 sc9mc_logic0040ll_base_rvt_c40_ss_typical_max_0p99v_125c

  Point                                       Fanout       Cap     Trans      Incr       Path
  ----------------------------------------------------------------------------------------------
  clock cal_clk (rise edge)                                               0.000000   0.000000
  clock network delay (ideal)                                             0.000000   0.000000
  det_medium_therm_q_reg[9]/CK (DFFRPQ_X1M_A9TR40)              0.050000  0.000000   0.000000 r
  det_medium_therm_q_reg[9]/Q (DFFRPQ_X1M_A9TR40) <-            0.045761  0.275012   0.275012 f
  det_medium_therm_o[9] (net)                   2     0.002007            0.000000   0.275012 f
  U21/B0 (AO1B2_X0P5M_A9TR40)                                   0.045761  0.000018   0.275030 f
  U21/Y (AO1B2_X0P5M_A9TR40)                                    0.087304  0.130460   0.405491 f
  n68 (net)                                     1     0.001539            0.000000   0.405491 f
  det_medium_therm_q_reg[9]/D (DFFRPQ_X1M_A9TR40)               0.087304  0.000027   0.405517 f
  data arrival time                                                                  0.405517

  clock cal_clk (rise edge)                                               0.000000   0.000000
  clock network delay (ideal)                                             0.000000   0.000000
  clock uncertainty                                                       0.020000   0.020000
  det_medium_therm_q_reg[9]/CK (DFFRPQ_X1M_A9TR40)                        0.000000   0.020000 r
  library hold time                                                       0.027567   0.047567
  data required time                                                                 0.047567
  ----------------------------------------------------------------------------------------------
  data required time                                                                 0.047567
  data arrival time                                                                  -0.405517
  ----------------------------------------------------------------------------------------------
  slack (MET)                                                                        0.357950


  Startpoint: det_medium_therm_q_reg[8]
              (rising edge-triggered flip-flop clocked by cal_clk)
  Endpoint: det_medium_therm_q_reg[8]
            (rising edge-triggered flip-flop clocked by cal_clk)
  Path Group: cal_clk
  Path Type: min

  Des/Clust/Port     Wire Load Model       Library
  ------------------------------------------------
  ftc_detection_margin_manager
                     Small                 sc9mc_logic0040ll_base_rvt_c40_ss_typical_max_0p99v_125c

  Point                                       Fanout       Cap     Trans      Incr       Path
  ----------------------------------------------------------------------------------------------
  clock cal_clk (rise edge)                                               0.000000   0.000000
  clock network delay (ideal)                                             0.000000   0.000000
  det_medium_therm_q_reg[8]/CK (DFFRPQ_X1M_A9TR40)              0.050000  0.000000   0.000000 r
  det_medium_therm_q_reg[8]/Q (DFFRPQ_X1M_A9TR40) <-            0.045761  0.275012   0.275012 f
  det_medium_therm_o[8] (net)                   2     0.002007            0.000000   0.275012 f
  U19/B0 (AO1B2_X0P5M_A9TR40)                                   0.045761  0.000018   0.275030 f
  U19/Y (AO1B2_X0P5M_A9TR40)                                    0.087304  0.130460   0.405491 f
  n67 (net)                                     1     0.001539            0.000000   0.405491 f
  det_medium_therm_q_reg[8]/D (DFFRPQ_X1M_A9TR40)               0.087304  0.000027   0.405517 f
  data arrival time                                                                  0.405517

  clock cal_clk (rise edge)                                               0.000000   0.000000
  clock network delay (ideal)                                             0.000000   0.000000
  clock uncertainty                                                       0.020000   0.020000
  det_medium_therm_q_reg[8]/CK (DFFRPQ_X1M_A9TR40)                        0.000000   0.020000 r
  library hold time                                                       0.027567   0.047567
  data required time                                                                 0.047567
  ----------------------------------------------------------------------------------------------
  data required time                                                                 0.047567
  data arrival time                                                                  -0.405517
  ----------------------------------------------------------------------------------------------
  slack (MET)                                                                        0.357950


  Startpoint: target_medium_therm_q_reg[2]
              (rising edge-triggered flip-flop clocked by cal_clk)
  Endpoint: target_medium_therm_q_reg[2]
            (rising edge-triggered flip-flop clocked by cal_clk)
  Path Group: cal_clk
  Path Type: min

  Des/Clust/Port     Wire Load Model       Library
  ------------------------------------------------
  ftc_detection_margin_manager
                     Small                 sc9mc_logic0040ll_base_rvt_c40_ss_typical_max_0p99v_125c

  Point                                       Fanout       Cap     Trans      Incr       Path
  ----------------------------------------------------------------------------------------------
  clock cal_clk (rise edge)                                               0.000000   0.000000
  clock network delay (ideal)                                             0.000000   0.000000
  target_medium_therm_q_reg[2]/CK (DFFRPQ_X1M_A9TR40)           0.050000  0.000000   0.000000 r
  target_medium_therm_q_reg[2]/Q (DFFRPQ_X1M_A9TR40) <-         0.050609  0.278242   0.278242 f
  target_medium_therm_q[2] (net)                2     0.002488            0.000000   0.278242 f
  U70/A1 (AO22_X0P5M_A9TR40)                                    0.050609  0.000018   0.278261 f
  U70/Y (AO22_X0P5M_A9TR40)                                     0.057699  0.142110   0.420371 f
  n97 (net)                                     1     0.001539            0.000000   0.420371 f
  target_medium_therm_q_reg[2]/D (DFFRPQ_X1M_A9TR40)            0.057699  0.000027   0.420397 f
  data arrival time                                                                  0.420397

  clock cal_clk (rise edge)                                               0.000000   0.000000
  clock network delay (ideal)                                             0.000000   0.000000
  clock uncertainty                                                       0.020000   0.020000
  target_medium_therm_q_reg[2]/CK (DFFRPQ_X1M_A9TR40)                     0.000000   0.020000 r
  library hold time                                                       0.034738   0.054738
  data required time                                                                 0.054738
  ----------------------------------------------------------------------------------------------
  data required time                                                                 0.054738
  data arrival time                                                                  -0.420397
  ----------------------------------------------------------------------------------------------
  slack (MET)                                                                        0.365659


  Startpoint: target_medium_therm_q_reg[3]
              (rising edge-triggered flip-flop clocked by cal_clk)
  Endpoint: target_medium_therm_q_reg[3]
            (rising edge-triggered flip-flop clocked by cal_clk)
  Path Group: cal_clk
  Path Type: min

  Des/Clust/Port     Wire Load Model       Library
  ------------------------------------------------
  ftc_detection_margin_manager
                     Small                 sc9mc_logic0040ll_base_rvt_c40_ss_typical_max_0p99v_125c

  Point                                       Fanout       Cap     Trans      Incr       Path
  ----------------------------------------------------------------------------------------------
  clock cal_clk (rise edge)                                               0.000000   0.000000
  clock network delay (ideal)                                             0.000000   0.000000
  target_medium_therm_q_reg[3]/CK (DFFRPQ_X1M_A9TR40)           0.050000  0.000000   0.000000 r
  target_medium_therm_q_reg[3]/Q (DFFRPQ_X1M_A9TR40) <-         0.050609  0.278242   0.278242 f
  target_medium_therm_q[3] (net)                2     0.002488            0.000000   0.278242 f
  U71/A1 (AO22_X0P5M_A9TR40)                                    0.050609  0.000018   0.278261 f
  U71/Y (AO22_X0P5M_A9TR40)                                     0.057991  0.142110   0.420371 f
  n98 (net)                                     1     0.001539            0.000000   0.420371 f
  target_medium_therm_q_reg[3]/D (DFFRPQ_X1M_A9TR40)            0.057991  0.000027   0.420397 f
  data arrival time                                                                  0.420397

  clock cal_clk (rise edge)                                               0.000000   0.000000
  clock network delay (ideal)                                             0.000000   0.000000
  clock uncertainty                                                       0.020000   0.020000
  target_medium_therm_q_reg[3]/CK (DFFRPQ_X1M_A9TR40)                     0.000000   0.020000 r
  library hold time                                                       0.034668   0.054668
  data required time                                                                 0.054668
  ----------------------------------------------------------------------------------------------
  data required time                                                                 0.054668
  data arrival time                                                                  -0.420397
  ----------------------------------------------------------------------------------------------
  slack (MET)                                                                        0.365730


  Startpoint: target_medium_therm_q_reg[4]
              (rising edge-triggered flip-flop clocked by cal_clk)
  Endpoint: target_medium_therm_q_reg[4]
            (rising edge-triggered flip-flop clocked by cal_clk)
  Path Group: cal_clk
  Path Type: min

  Des/Clust/Port     Wire Load Model       Library
  ------------------------------------------------
  ftc_detection_margin_manager
                     Small                 sc9mc_logic0040ll_base_rvt_c40_ss_typical_max_0p99v_125c

  Point                                       Fanout       Cap     Trans      Incr       Path
  ----------------------------------------------------------------------------------------------
  clock cal_clk (rise edge)                                               0.000000   0.000000
  clock network delay (ideal)                                             0.000000   0.000000
  target_medium_therm_q_reg[4]/CK (DFFRPQ_X1M_A9TR40)           0.050000  0.000000   0.000000 r
  target_medium_therm_q_reg[4]/Q (DFFRPQ_X1M_A9TR40) <-         0.050609  0.278242   0.278242 f
  target_medium_therm_q[4] (net)                2     0.002488            0.000000   0.278242 f
  U72/A1 (AO22_X0P5M_A9TR40)                                    0.050609  0.000018   0.278261 f
  U72/Y (AO22_X0P5M_A9TR40)                                     0.058098  0.142110   0.420371 f
  n99 (net)                                     1     0.001539            0.000000   0.420371 f
  target_medium_therm_q_reg[4]/D (DFFRPQ_X1M_A9TR40)            0.058098  0.000027   0.420397 f
  data arrival time                                                                  0.420397

  clock cal_clk (rise edge)                                               0.000000   0.000000
  clock network delay (ideal)                                             0.000000   0.000000
  clock uncertainty                                                       0.020000   0.020000
  target_medium_therm_q_reg[4]/CK (DFFRPQ_X1M_A9TR40)                     0.000000   0.020000 r
  library hold time                                                       0.034642   0.054642
  data required time                                                                 0.054642
  ----------------------------------------------------------------------------------------------
  data required time                                                                 0.054642
  data arrival time                                                                  -0.420397
  ----------------------------------------------------------------------------------------------
  slack (MET)                                                                        0.365756


  Startpoint: target_medium_therm_q_reg[6]
              (rising edge-triggered flip-flop clocked by cal_clk)
  Endpoint: target_medium_therm_q_reg[6]
            (rising edge-triggered flip-flop clocked by cal_clk)
  Path Group: cal_clk
  Path Type: min

  Des/Clust/Port     Wire Load Model       Library
  ------------------------------------------------
  ftc_detection_margin_manager
                     Small                 sc9mc_logic0040ll_base_rvt_c40_ss_typical_max_0p99v_125c

  Point                                       Fanout       Cap     Trans      Incr       Path
  ----------------------------------------------------------------------------------------------
  clock cal_clk (rise edge)                                               0.000000   0.000000
  clock network delay (ideal)                                             0.000000   0.000000
  target_medium_therm_q_reg[6]/CK (DFFRPQ_X1M_A9TR40)           0.050000  0.000000   0.000000 r
  target_medium_therm_q_reg[6]/Q (DFFRPQ_X1M_A9TR40) <-         0.050609  0.278242   0.278242 f
  target_medium_therm_q[6] (net)                2     0.002488            0.000000   0.278242 f
  U74/A1 (AO22_X0P5M_A9TR40)                                    0.050609  0.000018   0.278261 f
  U74/Y (AO22_X0P5M_A9TR40)                                     0.058366  0.142110   0.420371 f
  n101 (net)                                    1     0.001539            0.000000   0.420371 f
  target_medium_therm_q_reg[6]/D (DFFRPQ_X1M_A9TR40)            0.058366  0.000027   0.420397 f
  data arrival time                                                                  0.420397

  clock cal_clk (rise edge)                                               0.000000   0.000000
  clock network delay (ideal)                                             0.000000   0.000000
  clock uncertainty                                                       0.020000   0.020000
  target_medium_therm_q_reg[6]/CK (DFFRPQ_X1M_A9TR40)                     0.000000   0.020000 r
  library hold time                                                       0.034577   0.054577
  data required time                                                                 0.054577
  ----------------------------------------------------------------------------------------------
  data required time                                                                 0.054577
  data arrival time                                                                  -0.420397
  ----------------------------------------------------------------------------------------------
  slack (MET)                                                                        0.365821


  Startpoint: target_medium_therm_q_reg[5]
              (rising edge-triggered flip-flop clocked by cal_clk)
  Endpoint: target_medium_therm_q_reg[5]
            (rising edge-triggered flip-flop clocked by cal_clk)
  Path Group: cal_clk
  Path Type: min

  Des/Clust/Port     Wire Load Model       Library
  ------------------------------------------------
  ftc_detection_margin_manager
                     Small                 sc9mc_logic0040ll_base_rvt_c40_ss_typical_max_0p99v_125c

  Point                                       Fanout       Cap     Trans      Incr       Path
  ----------------------------------------------------------------------------------------------
  clock cal_clk (rise edge)                                               0.000000   0.000000
  clock network delay (ideal)                                             0.000000   0.000000
  target_medium_therm_q_reg[5]/CK (DFFRPQ_X1M_A9TR40)           0.050000  0.000000   0.000000 r
  target_medium_therm_q_reg[5]/Q (DFFRPQ_X1M_A9TR40) <-         0.050609  0.278242   0.278242 f
  target_medium_therm_q[5] (net)                2     0.002488            0.000000   0.278242 f
  U73/A1 (AO22_X0P5M_A9TR40)                                    0.050609  0.000018   0.278261 f
  U73/Y (AO22_X0P5M_A9TR40)                                     0.058366  0.142110   0.420371 f
  n100 (net)                                    1     0.001539            0.000000   0.420371 f
  target_medium_therm_q_reg[5]/D (DFFRPQ_X1M_A9TR40)            0.058366  0.000027   0.420397 f
  data arrival time                                                                  0.420397

  clock cal_clk (rise edge)                                               0.000000   0.000000
  clock network delay (ideal)                                             0.000000   0.000000
  clock uncertainty                                                       0.020000   0.020000
  target_medium_therm_q_reg[5]/CK (DFFRPQ_X1M_A9TR40)                     0.000000   0.020000 r
  library hold time                                                       0.034577   0.054577
  data required time                                                                 0.054577
  ----------------------------------------------------------------------------------------------
  data required time                                                                 0.054577
  data arrival time                                                                  -0.420397
  ----------------------------------------------------------------------------------------------
  slack (MET)                                                                        0.365821


  Startpoint: target_medium_therm_q_reg[7]
              (rising edge-triggered flip-flop clocked by cal_clk)
  Endpoint: target_medium_therm_q_reg[7]
            (rising edge-triggered flip-flop clocked by cal_clk)
  Path Group: cal_clk
  Path Type: min

  Des/Clust/Port     Wire Load Model       Library
  ------------------------------------------------
  ftc_detection_margin_manager
                     Small                 sc9mc_logic0040ll_base_rvt_c40_ss_typical_max_0p99v_125c

  Point                                       Fanout       Cap     Trans      Incr       Path
  ----------------------------------------------------------------------------------------------
  clock cal_clk (rise edge)                                               0.000000   0.000000
  clock network delay (ideal)                                             0.000000   0.000000
  target_medium_therm_q_reg[7]/CK (DFFRPQ_X1M_A9TR40)           0.050000  0.000000   0.000000 r
  target_medium_therm_q_reg[7]/Q (DFFRPQ_X1M_A9TR40) <-         0.050609  0.278242   0.278242 f
  target_medium_therm_q[7] (net)                2     0.002488            0.000000   0.278242 f
  U75/A1 (AO22_X0P5M_A9TR40)                                    0.050609  0.000018   0.278261 f
  U75/Y (AO22_X0P5M_A9TR40)                                     0.058403  0.142110   0.420371 f
  n102 (net)                                    1     0.001539            0.000000   0.420371 f
  target_medium_therm_q_reg[7]/D (DFFRPQ_X1M_A9TR40)            0.058403  0.000027   0.420397 f
  data arrival time                                                                  0.420397

  clock cal_clk (rise edge)                                               0.000000   0.000000
  clock network delay (ideal)                                             0.000000   0.000000
  clock uncertainty                                                       0.020000   0.020000
  target_medium_therm_q_reg[7]/CK (DFFRPQ_X1M_A9TR40)                     0.000000   0.020000 r
  library hold time                                                       0.034568   0.054568
  data required time                                                                 0.054568
  ----------------------------------------------------------------------------------------------
  data required time                                                                 0.054568
  data arrival time                                                                  -0.420397
  ----------------------------------------------------------------------------------------------
  slack (MET)                                                                        0.365829


  Startpoint: target_medium_therm_q_reg[0]
              (rising edge-triggered flip-flop clocked by cal_clk)
  Endpoint: target_medium_therm_q_reg[0]
            (rising edge-triggered flip-flop clocked by cal_clk)
  Path Group: cal_clk
  Path Type: min

  Des/Clust/Port     Wire Load Model       Library
  ------------------------------------------------
  ftc_detection_margin_manager
                     Small                 sc9mc_logic0040ll_base_rvt_c40_ss_typical_max_0p99v_125c

  Point                                       Fanout       Cap     Trans      Incr       Path
  ----------------------------------------------------------------------------------------------
  clock cal_clk (rise edge)                                               0.000000   0.000000
  clock network delay (ideal)                                             0.000000   0.000000
  target_medium_therm_q_reg[0]/CK (DFFRPQ_X1M_A9TR40)           0.050000  0.000000   0.000000 r
  target_medium_therm_q_reg[0]/Q (DFFRPQ_X1M_A9TR40) <-         0.050609  0.278242   0.278242 f
  target_medium_therm_q[0] (net)                2     0.002488            0.000000   0.278242 f
  U68/A1 (AO22_X0P5M_A9TR40)                                    0.050609  0.000018   0.278261 f
  U68/Y (AO22_X0P5M_A9TR40)                                     0.058887  0.142110   0.420371 f
  n95 (net)                                     1     0.001539            0.000000   0.420371 f
  target_medium_therm_q_reg[0]/D (DFFRPQ_X1M_A9TR40)            0.058887  0.000027   0.420397 f
  data arrival time                                                                  0.420397

  clock cal_clk (rise edge)                                               0.000000   0.000000
  clock network delay (ideal)                                             0.000000   0.000000
  clock uncertainty                                                       0.020000   0.020000
  target_medium_therm_q_reg[0]/CK (DFFRPQ_X1M_A9TR40)                     0.000000   0.020000 r
  library hold time                                                       0.034451   0.054451
  data required time                                                                 0.054451
  ----------------------------------------------------------------------------------------------
  data required time                                                                 0.054451
  data arrival time                                                                  -0.420397
  ----------------------------------------------------------------------------------------------
  slack (MET)                                                                        0.365947


  Startpoint: target_medium_therm_q_reg[1]
              (rising edge-triggered flip-flop clocked by cal_clk)
  Endpoint: target_medium_therm_q_reg[1]
            (rising edge-triggered flip-flop clocked by cal_clk)
  Path Group: cal_clk
  Path Type: min

  Des/Clust/Port     Wire Load Model       Library
  ------------------------------------------------
  ftc_detection_margin_manager
                     Small                 sc9mc_logic0040ll_base_rvt_c40_ss_typical_max_0p99v_125c

  Point                                       Fanout       Cap     Trans      Incr       Path
  ----------------------------------------------------------------------------------------------
  clock cal_clk (rise edge)                                               0.000000   0.000000
  clock network delay (ideal)                                             0.000000   0.000000
  target_medium_therm_q_reg[1]/CK (DFFRPQ_X1M_A9TR40)           0.050000  0.000000   0.000000 r
  target_medium_therm_q_reg[1]/Q (DFFRPQ_X1M_A9TR40) <-         0.050609  0.278242   0.278242 f
  target_medium_therm_q[1] (net)                2     0.002488            0.000000   0.278242 f
  U69/A1 (AO22_X0P5M_A9TR40)                                    0.050609  0.000018   0.278261 f
  U69/Y (AO22_X0P5M_A9TR40)                                     0.059002  0.142110   0.420371 f
  n96 (net)                                     1     0.001539            0.000000   0.420371 f
  target_medium_therm_q_reg[1]/D (DFFRPQ_X1M_A9TR40)            0.059002  0.000027   0.420397 f
  data arrival time                                                                  0.420397

  clock cal_clk (rise edge)                                               0.000000   0.000000
  clock network delay (ideal)                                             0.000000   0.000000
  clock uncertainty                                                       0.020000   0.020000
  target_medium_therm_q_reg[1]/CK (DFFRPQ_X1M_A9TR40)                     0.000000   0.020000 r
  library hold time                                                       0.034423   0.054423
  data required time                                                                 0.054423
  ----------------------------------------------------------------------------------------------
  data required time                                                                 0.054423
  data arrival time                                                                  -0.420397
  ----------------------------------------------------------------------------------------------
  slack (MET)                                                                        0.365975


  Startpoint: state_q_reg[3]
              (rising edge-triggered flip-flop clocked by cal_clk)
  Endpoint: state_q_reg[3]
            (rising edge-triggered flip-flop clocked by cal_clk)
  Path Group: cal_clk
  Path Type: min

  Des/Clust/Port     Wire Load Model       Library
  ------------------------------------------------
  ftc_detection_margin_manager
                     Small                 sc9mc_logic0040ll_base_rvt_c40_ss_typical_max_0p99v_125c

  Point                                       Fanout       Cap     Trans      Incr       Path
  ----------------------------------------------------------------------------------------------
  clock cal_clk (rise edge)                                               0.000000   0.000000
  clock network delay (ideal)                                             0.000000   0.000000
  state_q_reg[3]/CK (DFFRPQ_X1M_A9TR40)                         0.050000  0.000000   0.000000 r
  state_q_reg[3]/Q (DFFRPQ_X1M_A9TR40) <-                       0.076971  0.295809   0.295809 f
  state_q[3] (net)                              4     0.005101            0.000000   0.295809 f
  U114/AN (NOR2B_X0P5M_A9TR40)                                  0.076971  0.000016   0.295825 f
  U114/Y (NOR2B_X0P5M_A9TR40)                                   0.069599  0.123814   0.419639 f
  n129 (net)                                    1     0.001539            0.000000   0.419639 f
  state_q_reg[3]/D (DFFRPQ_X1M_A9TR40)                          0.069599  0.000027   0.419666 f
  data arrival time                                                                  0.419666

  clock cal_clk (rise edge)                                               0.000000   0.000000
  clock network delay (ideal)                                             0.000000   0.000000
  clock uncertainty                                                       0.020000   0.020000
  state_q_reg[3]/CK (DFFRPQ_X1M_A9TR40)                                   0.000000   0.020000 r
  library hold time                                                       0.031856   0.051856
  data required time                                                                 0.051856
  ----------------------------------------------------------------------------------------------
  data required time                                                                 0.051856
  data arrival time                                                                  -0.419666
  ----------------------------------------------------------------------------------------------
  slack (MET)                                                                        0.367810


  Startpoint: state_q_reg[0]
              (rising edge-triggered flip-flop clocked by cal_clk)
  Endpoint: state_q_reg[0]
            (rising edge-triggered flip-flop clocked by cal_clk)
  Path Group: cal_clk
  Path Type: min

  Des/Clust/Port     Wire Load Model       Library
  ------------------------------------------------
  ftc_detection_margin_manager
                     Small                 sc9mc_logic0040ll_base_rvt_c40_ss_typical_max_0p99v_125c

  Point                                       Fanout       Cap     Trans      Incr       Path
  ----------------------------------------------------------------------------------------------
  clock cal_clk (rise edge)                                               0.000000   0.000000
  clock network delay (ideal)                                             0.000000   0.000000
  state_q_reg[0]/CK (DFFRPQ_X1M_A9TR40)                         0.050000  0.000000   0.000000 r
  state_q_reg[0]/Q (DFFRPQ_X1M_A9TR40) <-                       0.123869  0.324410   0.324410 r
  state_q[0] (net)                              4     0.005048            0.000000   0.324410 r
  U115/A0 (OAI22_X0P5M_A9TR40)                                  0.123869  0.000016   0.324426 r
  U115/Y (OAI22_X0P5M_A9TR40)                                   0.063888  0.097876   0.422302 f
  n130 (net)                                    1     0.001539            0.000000   0.422302 f
  state_q_reg[0]/D (DFFRPQ_X1M_A9TR40)                          0.063888  0.000027   0.422329 f
  data arrival time                                                                  0.422329

  clock cal_clk (rise edge)                                               0.000000   0.000000
  clock network delay (ideal)                                             0.000000   0.000000
  clock uncertainty                                                       0.020000   0.020000
  state_q_reg[0]/CK (DFFRPQ_X1M_A9TR40)                                   0.000000   0.020000 r
  library hold time                                                       0.033239   0.053239
  data required time                                                                 0.053239
  ----------------------------------------------------------------------------------------------
  data required time                                                                 0.053239
  data arrival time                                                                  -0.422329
  ----------------------------------------------------------------------------------------------
  slack (MET)                                                                        0.369090


  Startpoint: target_fine_therm_q_reg[9]
              (rising edge-triggered flip-flop clocked by cal_clk)
  Endpoint: det_fine_therm_q_reg[9]
            (rising edge-triggered flip-flop clocked by cal_clk)
  Path Group: cal_clk
  Path Type: min

  Des/Clust/Port     Wire Load Model       Library
  ------------------------------------------------
  ftc_detection_margin_manager
                     Small                 sc9mc_logic0040ll_base_rvt_c40_ss_typical_max_0p99v_125c

  Point                                       Fanout       Cap     Trans      Incr       Path
  ----------------------------------------------------------------------------------------------
  clock cal_clk (rise edge)                                               0.000000   0.000000
  clock network delay (ideal)                                             0.000000   0.000000
  target_fine_therm_q_reg[9]/CK (DFFSQ_X1M_A9TR40)              0.050000  0.000000   0.000000 r
  target_fine_therm_q_reg[9]/Q (DFFSQ_X1M_A9TR40) <-            0.049198  0.282924   0.282924 f
  target_fine_therm_q[9] (net)                  2     0.002488            0.000000   0.282924 f
  U63/B0 (AOI22_X0P5M_A9TR40)                                   0.049198  0.000017   0.282941 f
  U63/Y (AOI22_X0P5M_A9TR40)                                    0.107472  0.078886   0.361827 r
  n31 (net)                                     1     0.001401            0.000000   0.361827 r
  U62/A0N (AO1B2_X0P5M_A9TR40)                                  0.107472  0.000024   0.361851 r
  U62/Y (AO1B2_X0P5M_A9TR40)                                    0.087856  0.094714   0.456565 f
  n93 (net)                                     1     0.001556            0.000000   0.456565 f
  det_fine_therm_q_reg[9]/D (DFFSQ_X1M_A9TR40)                  0.087856  0.000027   0.456592 f
  data arrival time                                                                  0.456592

  clock cal_clk (rise edge)                                               0.000000   0.000000
  clock network delay (ideal)                                             0.000000   0.000000
  clock uncertainty                                                       0.020000   0.020000
  det_fine_therm_q_reg[9]/CK (DFFSQ_X1M_A9TR40)                           0.000000   0.020000 r
  library hold time                                                       0.040590   0.060590
  data required time                                                                 0.060590
  ----------------------------------------------------------------------------------------------
  data required time                                                                 0.060590
  data arrival time                                                                  -0.456592
  ----------------------------------------------------------------------------------------------
  slack (MET)                                                                        0.396001


  Startpoint: target_fine_therm_q_reg[8]
              (rising edge-triggered flip-flop clocked by cal_clk)
  Endpoint: det_fine_therm_q_reg[8]
            (rising edge-triggered flip-flop clocked by cal_clk)
  Path Group: cal_clk
  Path Type: min

  Des/Clust/Port     Wire Load Model       Library
  ------------------------------------------------
  ftc_detection_margin_manager
                     Small                 sc9mc_logic0040ll_base_rvt_c40_ss_typical_max_0p99v_125c

  Point                                       Fanout       Cap     Trans      Incr       Path
  ----------------------------------------------------------------------------------------------
  clock cal_clk (rise edge)                                               0.000000   0.000000
  clock network delay (ideal)                                             0.000000   0.000000
  target_fine_therm_q_reg[8]/CK (DFFSQ_X1M_A9TR40)              0.050000  0.000000   0.000000 r
  target_fine_therm_q_reg[8]/Q (DFFSQ_X1M_A9TR40) <-            0.049198  0.282924   0.282924 f
  target_fine_therm_q[8] (net)                  2     0.002488            0.000000   0.282924 f
  U60/B0 (AOI22_X0P5M_A9TR40)                                   0.049198  0.000017   0.282941 f
  U60/Y (AOI22_X0P5M_A9TR40)                                    0.107472  0.078886   0.361827 r
  n30 (net)                                     1     0.001401            0.000000   0.361827 r
  U59/A0N (AO1B2_X0P5M_A9TR40)                                  0.107472  0.000024   0.361851 r
  U59/Y (AO1B2_X0P5M_A9TR40)                                    0.087856  0.094714   0.456565 f
  n91 (net)                                     1     0.001556            0.000000   0.456565 f
  det_fine_therm_q_reg[8]/D (DFFSQ_X1M_A9TR40)                  0.087856  0.000027   0.456592 f
  data arrival time                                                                  0.456592

  clock cal_clk (rise edge)                                               0.000000   0.000000
  clock network delay (ideal)                                             0.000000   0.000000
  clock uncertainty                                                       0.020000   0.020000
  det_fine_therm_q_reg[8]/CK (DFFSQ_X1M_A9TR40)                           0.000000   0.020000 r
  library hold time                                                       0.040590   0.060590
  data required time                                                                 0.060590
  ----------------------------------------------------------------------------------------------
  data required time                                                                 0.060590
  data arrival time                                                                  -0.456592
  ----------------------------------------------------------------------------------------------
  slack (MET)                                                                        0.396001


  Startpoint: target_fine_therm_q_reg[7]
              (rising edge-triggered flip-flop clocked by cal_clk)
  Endpoint: det_fine_therm_q_reg[7]
            (rising edge-triggered flip-flop clocked by cal_clk)
  Path Group: cal_clk
  Path Type: min

  Des/Clust/Port     Wire Load Model       Library
  ------------------------------------------------
  ftc_detection_margin_manager
                     Small                 sc9mc_logic0040ll_base_rvt_c40_ss_typical_max_0p99v_125c

  Point                                       Fanout       Cap     Trans      Incr       Path
  ----------------------------------------------------------------------------------------------
  clock cal_clk (rise edge)                                               0.000000   0.000000
  clock network delay (ideal)                                             0.000000   0.000000
  target_fine_therm_q_reg[7]/CK (DFFSQ_X1M_A9TR40)              0.050000  0.000000   0.000000 r
  target_fine_therm_q_reg[7]/Q (DFFSQ_X1M_A9TR40) <-            0.049198  0.282924   0.282924 f
  target_fine_therm_q[7] (net)                  2     0.002488            0.000000   0.282924 f
  U57/B0 (AOI22_X0P5M_A9TR40)                                   0.049198  0.000017   0.282941 f
  U57/Y (AOI22_X0P5M_A9TR40)                                    0.107472  0.078886   0.361827 r
  n29 (net)                                     1     0.001401            0.000000   0.361827 r
  U56/A0N (AO1B2_X0P5M_A9TR40)                                  0.107472  0.000024   0.361851 r
  U56/Y (AO1B2_X0P5M_A9TR40)                                    0.087856  0.094714   0.456565 f
  n89 (net)                                     1     0.001556            0.000000   0.456565 f
  det_fine_therm_q_reg[7]/D (DFFSQ_X1M_A9TR40)                  0.087856  0.000027   0.456592 f
  data arrival time                                                                  0.456592

  clock cal_clk (rise edge)                                               0.000000   0.000000
  clock network delay (ideal)                                             0.000000   0.000000
  clock uncertainty                                                       0.020000   0.020000
  det_fine_therm_q_reg[7]/CK (DFFSQ_X1M_A9TR40)                           0.000000   0.020000 r
  library hold time                                                       0.040590   0.060590
  data required time                                                                 0.060590
  ----------------------------------------------------------------------------------------------
  data required time                                                                 0.060590
  data arrival time                                                                  -0.456592
  ----------------------------------------------------------------------------------------------
  slack (MET)                                                                        0.396001


  Startpoint: target_fine_therm_q_reg[6]
              (rising edge-triggered flip-flop clocked by cal_clk)
  Endpoint: det_fine_therm_q_reg[6]
            (rising edge-triggered flip-flop clocked by cal_clk)
  Path Group: cal_clk
  Path Type: min

  Des/Clust/Port     Wire Load Model       Library
  ------------------------------------------------
  ftc_detection_margin_manager
                     Small                 sc9mc_logic0040ll_base_rvt_c40_ss_typical_max_0p99v_125c

  Point                                       Fanout       Cap     Trans      Incr       Path
  ----------------------------------------------------------------------------------------------
  clock cal_clk (rise edge)                                               0.000000   0.000000
  clock network delay (ideal)                                             0.000000   0.000000
  target_fine_therm_q_reg[6]/CK (DFFSQ_X1M_A9TR40)              0.050000  0.000000   0.000000 r
  target_fine_therm_q_reg[6]/Q (DFFSQ_X1M_A9TR40) <-            0.049198  0.282924   0.282924 f
  target_fine_therm_q[6] (net)                  2     0.002488            0.000000   0.282924 f
  U54/B0 (AOI22_X0P5M_A9TR40)                                   0.049198  0.000017   0.282941 f
  U54/Y (AOI22_X0P5M_A9TR40)                                    0.107472  0.078886   0.361827 r
  n28 (net)                                     1     0.001401            0.000000   0.361827 r
  U53/A0N (AO1B2_X0P5M_A9TR40)                                  0.107472  0.000024   0.361851 r
  U53/Y (AO1B2_X0P5M_A9TR40)                                    0.087856  0.094714   0.456565 f
  n87 (net)                                     1     0.001556            0.000000   0.456565 f
  det_fine_therm_q_reg[6]/D (DFFSQ_X1M_A9TR40)                  0.087856  0.000027   0.456592 f
  data arrival time                                                                  0.456592

  clock cal_clk (rise edge)                                               0.000000   0.000000
  clock network delay (ideal)                                             0.000000   0.000000
  clock uncertainty                                                       0.020000   0.020000
  det_fine_therm_q_reg[6]/CK (DFFSQ_X1M_A9TR40)                           0.000000   0.020000 r
  library hold time                                                       0.040590   0.060590
  data required time                                                                 0.060590
  ----------------------------------------------------------------------------------------------
  data required time                                                                 0.060590
  data arrival time                                                                  -0.456592
  ----------------------------------------------------------------------------------------------
  slack (MET)                                                                        0.396001


  Startpoint: target_fine_therm_q_reg[5]
              (rising edge-triggered flip-flop clocked by cal_clk)
  Endpoint: det_fine_therm_q_reg[5]
            (rising edge-triggered flip-flop clocked by cal_clk)
  Path Group: cal_clk
  Path Type: min

  Des/Clust/Port     Wire Load Model       Library
  ------------------------------------------------
  ftc_detection_margin_manager
                     Small                 sc9mc_logic0040ll_base_rvt_c40_ss_typical_max_0p99v_125c

  Point                                       Fanout       Cap     Trans      Incr       Path
  ----------------------------------------------------------------------------------------------
  clock cal_clk (rise edge)                                               0.000000   0.000000
  clock network delay (ideal)                                             0.000000   0.000000
  target_fine_therm_q_reg[5]/CK (DFFSQ_X1M_A9TR40)              0.050000  0.000000   0.000000 r
  target_fine_therm_q_reg[5]/Q (DFFSQ_X1M_A9TR40) <-            0.049198  0.282924   0.282924 f
  target_fine_therm_q[5] (net)                  2     0.002488            0.000000   0.282924 f
  U51/B0 (AOI22_X0P5M_A9TR40)                                   0.049198  0.000017   0.282941 f
  U51/Y (AOI22_X0P5M_A9TR40)                                    0.107472  0.078886   0.361827 r
  n27 (net)                                     1     0.001401            0.000000   0.361827 r
  U50/A0N (AO1B2_X0P5M_A9TR40)                                  0.107472  0.000024   0.361851 r
  U50/Y (AO1B2_X0P5M_A9TR40)                                    0.087856  0.094714   0.456565 f
  n85 (net)                                     1     0.001556            0.000000   0.456565 f
  det_fine_therm_q_reg[5]/D (DFFSQ_X1M_A9TR40)                  0.087856  0.000027   0.456592 f
  data arrival time                                                                  0.456592

  clock cal_clk (rise edge)                                               0.000000   0.000000
  clock network delay (ideal)                                             0.000000   0.000000
  clock uncertainty                                                       0.020000   0.020000
  det_fine_therm_q_reg[5]/CK (DFFSQ_X1M_A9TR40)                           0.000000   0.020000 r
  library hold time                                                       0.040590   0.060590
  data required time                                                                 0.060590
  ----------------------------------------------------------------------------------------------
  data required time                                                                 0.060590
  data arrival time                                                                  -0.456592
  ----------------------------------------------------------------------------------------------
  slack (MET)                                                                        0.396001


  Startpoint: target_fine_therm_q_reg[4]
              (rising edge-triggered flip-flop clocked by cal_clk)
  Endpoint: det_fine_therm_q_reg[4]
            (rising edge-triggered flip-flop clocked by cal_clk)
  Path Group: cal_clk
  Path Type: min

  Des/Clust/Port     Wire Load Model       Library
  ------------------------------------------------
  ftc_detection_margin_manager
                     Small                 sc9mc_logic0040ll_base_rvt_c40_ss_typical_max_0p99v_125c

  Point                                       Fanout       Cap     Trans      Incr       Path
  ----------------------------------------------------------------------------------------------
  clock cal_clk (rise edge)                                               0.000000   0.000000
  clock network delay (ideal)                                             0.000000   0.000000
  target_fine_therm_q_reg[4]/CK (DFFSQ_X1M_A9TR40)              0.050000  0.000000   0.000000 r
  target_fine_therm_q_reg[4]/Q (DFFSQ_X1M_A9TR40) <-            0.049198  0.282924   0.282924 f
  target_fine_therm_q[4] (net)                  2     0.002488            0.000000   0.282924 f
  U48/B0 (AOI22_X0P5M_A9TR40)                                   0.049198  0.000017   0.282941 f
  U48/Y (AOI22_X0P5M_A9TR40)                                    0.107472  0.078886   0.361827 r
  n26 (net)                                     1     0.001401            0.000000   0.361827 r
  U47/A0N (AO1B2_X0P5M_A9TR40)                                  0.107472  0.000024   0.361851 r
  U47/Y (AO1B2_X0P5M_A9TR40)                                    0.087856  0.094714   0.456565 f
  n83 (net)                                     1     0.001556            0.000000   0.456565 f
  det_fine_therm_q_reg[4]/D (DFFSQ_X1M_A9TR40)                  0.087856  0.000027   0.456592 f
  data arrival time                                                                  0.456592

  clock cal_clk (rise edge)                                               0.000000   0.000000
  clock network delay (ideal)                                             0.000000   0.000000
  clock uncertainty                                                       0.020000   0.020000
  det_fine_therm_q_reg[4]/CK (DFFSQ_X1M_A9TR40)                           0.000000   0.020000 r
  library hold time                                                       0.040590   0.060590
  data required time                                                                 0.060590
  ----------------------------------------------------------------------------------------------
  data required time                                                                 0.060590
  data arrival time                                                                  -0.456592
  ----------------------------------------------------------------------------------------------
  slack (MET)                                                                        0.396001


  Startpoint: target_fine_therm_q_reg[3]
              (rising edge-triggered flip-flop clocked by cal_clk)
  Endpoint: det_fine_therm_q_reg[3]
            (rising edge-triggered flip-flop clocked by cal_clk)
  Path Group: cal_clk
  Path Type: min

  Des/Clust/Port     Wire Load Model       Library
  ------------------------------------------------
  ftc_detection_margin_manager
                     Small                 sc9mc_logic0040ll_base_rvt_c40_ss_typical_max_0p99v_125c

  Point                                       Fanout       Cap     Trans      Incr       Path
  ----------------------------------------------------------------------------------------------
  clock cal_clk (rise edge)                                               0.000000   0.000000
  clock network delay (ideal)                                             0.000000   0.000000
  target_fine_therm_q_reg[3]/CK (DFFSQ_X1M_A9TR40)              0.050000  0.000000   0.000000 r
  target_fine_therm_q_reg[3]/Q (DFFSQ_X1M_A9TR40) <-            0.049198  0.282924   0.282924 f
  target_fine_therm_q[3] (net)                  2     0.002488            0.000000   0.282924 f
  U45/B0 (AOI22_X0P5M_A9TR40)                                   0.049198  0.000017   0.282941 f
  U45/Y (AOI22_X0P5M_A9TR40)                                    0.107472  0.078886   0.361827 r
  n25 (net)                                     1     0.001401            0.000000   0.361827 r
  U44/A0N (AO1B2_X0P5M_A9TR40)                                  0.107472  0.000024   0.361851 r
  U44/Y (AO1B2_X0P5M_A9TR40)                                    0.087856  0.094714   0.456565 f
  n81 (net)                                     1     0.001556            0.000000   0.456565 f
  det_fine_therm_q_reg[3]/D (DFFSQ_X1M_A9TR40)                  0.087856  0.000027   0.456592 f
  data arrival time                                                                  0.456592

  clock cal_clk (rise edge)                                               0.000000   0.000000
  clock network delay (ideal)                                             0.000000   0.000000
  clock uncertainty                                                       0.020000   0.020000
  det_fine_therm_q_reg[3]/CK (DFFSQ_X1M_A9TR40)                           0.000000   0.020000 r
  library hold time                                                       0.040590   0.060590
  data required time                                                                 0.060590
  ----------------------------------------------------------------------------------------------
  data required time                                                                 0.060590
  data arrival time                                                                  -0.456592
  ----------------------------------------------------------------------------------------------
  slack (MET)                                                                        0.396001


  Startpoint: target_fine_therm_q_reg[2]
              (rising edge-triggered flip-flop clocked by cal_clk)
  Endpoint: det_fine_therm_q_reg[2]
            (rising edge-triggered flip-flop clocked by cal_clk)
  Path Group: cal_clk
  Path Type: min

  Des/Clust/Port     Wire Load Model       Library
  ------------------------------------------------
  ftc_detection_margin_manager
                     Small                 sc9mc_logic0040ll_base_rvt_c40_ss_typical_max_0p99v_125c

  Point                                       Fanout       Cap     Trans      Incr       Path
  ----------------------------------------------------------------------------------------------
  clock cal_clk (rise edge)                                               0.000000   0.000000
  clock network delay (ideal)                                             0.000000   0.000000
  target_fine_therm_q_reg[2]/CK (DFFSQ_X1M_A9TR40)              0.050000  0.000000   0.000000 r
  target_fine_therm_q_reg[2]/Q (DFFSQ_X1M_A9TR40) <-            0.049198  0.282924   0.282924 f
  target_fine_therm_q[2] (net)                  2     0.002488            0.000000   0.282924 f
  U42/B0 (AOI22_X0P5M_A9TR40)                                   0.049198  0.000017   0.282941 f
  U42/Y (AOI22_X0P5M_A9TR40)                                    0.107472  0.078886   0.361827 r
  n24 (net)                                     1     0.001401            0.000000   0.361827 r
  U41/A0N (AO1B2_X0P5M_A9TR40)                                  0.107472  0.000024   0.361851 r
  U41/Y (AO1B2_X0P5M_A9TR40)                                    0.087856  0.094714   0.456565 f
  n79 (net)                                     1     0.001556            0.000000   0.456565 f
  det_fine_therm_q_reg[2]/D (DFFSQ_X1M_A9TR40)                  0.087856  0.000027   0.456592 f
  data arrival time                                                                  0.456592

  clock cal_clk (rise edge)                                               0.000000   0.000000
  clock network delay (ideal)                                             0.000000   0.000000
  clock uncertainty                                                       0.020000   0.020000
  det_fine_therm_q_reg[2]/CK (DFFSQ_X1M_A9TR40)                           0.000000   0.020000 r
  library hold time                                                       0.040590   0.060590
  data required time                                                                 0.060590
  ----------------------------------------------------------------------------------------------
  data required time                                                                 0.060590
  data arrival time                                                                  -0.456592
  ----------------------------------------------------------------------------------------------
  slack (MET)                                                                        0.396001


  Startpoint: target_fine_therm_q_reg[1]
              (rising edge-triggered flip-flop clocked by cal_clk)
  Endpoint: det_fine_therm_q_reg[1]
            (rising edge-triggered flip-flop clocked by cal_clk)
  Path Group: cal_clk
  Path Type: min

  Des/Clust/Port     Wire Load Model       Library
  ------------------------------------------------
  ftc_detection_margin_manager
                     Small                 sc9mc_logic0040ll_base_rvt_c40_ss_typical_max_0p99v_125c

  Point                                       Fanout       Cap     Trans      Incr       Path
  ----------------------------------------------------------------------------------------------
  clock cal_clk (rise edge)                                               0.000000   0.000000
  clock network delay (ideal)                                             0.000000   0.000000
  target_fine_therm_q_reg[1]/CK (DFFSQ_X1M_A9TR40)              0.050000  0.000000   0.000000 r
  target_fine_therm_q_reg[1]/Q (DFFSQ_X1M_A9TR40) <-            0.049198  0.282924   0.282924 f
  target_fine_therm_q[1] (net)                  2     0.002488            0.000000   0.282924 f
  U39/B0 (AOI22_X0P5M_A9TR40)                                   0.049198  0.000017   0.282941 f
  U39/Y (AOI22_X0P5M_A9TR40)                                    0.107472  0.078886   0.361827 r
  n23 (net)                                     1     0.001401            0.000000   0.361827 r
  U38/A0N (AO1B2_X0P5M_A9TR40)                                  0.107472  0.000024   0.361851 r
  U38/Y (AO1B2_X0P5M_A9TR40)                                    0.087856  0.094714   0.456565 f
  n77 (net)                                     1     0.001556            0.000000   0.456565 f
  det_fine_therm_q_reg[1]/D (DFFSQ_X1M_A9TR40)                  0.087856  0.000027   0.456592 f
  data arrival time                                                                  0.456592

  clock cal_clk (rise edge)                                               0.000000   0.000000
  clock network delay (ideal)                                             0.000000   0.000000
  clock uncertainty                                                       0.020000   0.020000
  det_fine_therm_q_reg[1]/CK (DFFSQ_X1M_A9TR40)                           0.000000   0.020000 r
  library hold time                                                       0.040590   0.060590
  data required time                                                                 0.060590
  ----------------------------------------------------------------------------------------------
  data required time                                                                 0.060590
  data arrival time                                                                  -0.456592
  ----------------------------------------------------------------------------------------------
  slack (MET)                                                                        0.396001


  Startpoint: target_fine_therm_q_reg[0]
              (rising edge-triggered flip-flop clocked by cal_clk)
  Endpoint: det_fine_therm_q_reg[0]
            (rising edge-triggered flip-flop clocked by cal_clk)
  Path Group: cal_clk
  Path Type: min

  Des/Clust/Port     Wire Load Model       Library
  ------------------------------------------------
  ftc_detection_margin_manager
                     Small                 sc9mc_logic0040ll_base_rvt_c40_ss_typical_max_0p99v_125c

  Point                                       Fanout       Cap     Trans      Incr       Path
  ----------------------------------------------------------------------------------------------
  clock cal_clk (rise edge)                                               0.000000   0.000000
  clock network delay (ideal)                                             0.000000   0.000000
  target_fine_therm_q_reg[0]/CK (DFFSQ_X1M_A9TR40)              0.050000  0.000000   0.000000 r
  target_fine_therm_q_reg[0]/Q (DFFSQ_X1M_A9TR40) <-            0.049198  0.282924   0.282924 f
  target_fine_therm_q[0] (net)                  2     0.002488            0.000000   0.282924 f
  U36/B0 (AOI22_X0P5M_A9TR40)                                   0.049198  0.000017   0.282941 f
  U36/Y (AOI22_X0P5M_A9TR40)                                    0.107472  0.078886   0.361827 r
  n20 (net)                                     1     0.001401            0.000000   0.361827 r
  U35/A0N (AO1B2_X0P5M_A9TR40)                                  0.107472  0.000024   0.361851 r
  U35/Y (AO1B2_X0P5M_A9TR40)                                    0.087856  0.094714   0.456565 f
  n75 (net)                                     1     0.001556            0.000000   0.456565 f
  det_fine_therm_q_reg[0]/D (DFFSQ_X1M_A9TR40)                  0.087856  0.000027   0.456592 f
  data arrival time                                                                  0.456592

  clock cal_clk (rise edge)                                               0.000000   0.000000
  clock network delay (ideal)                                             0.000000   0.000000
  clock uncertainty                                                       0.020000   0.020000
  det_fine_therm_q_reg[0]/CK (DFFSQ_X1M_A9TR40)                           0.000000   0.020000 r
  library hold time                                                       0.040590   0.060590
  data required time                                                                 0.060590
  ----------------------------------------------------------------------------------------------
  data required time                                                                 0.060590
  data arrival time                                                                  -0.456592
  ----------------------------------------------------------------------------------------------
  slack (MET)                                                                        0.396001


  Startpoint: target_medium_therm_q_reg[7]
              (rising edge-triggered flip-flop clocked by cal_clk)
  Endpoint: det_medium_therm_q_reg[7]
            (rising edge-triggered flip-flop clocked by cal_clk)
  Path Group: cal_clk
  Path Type: min

  Des/Clust/Port     Wire Load Model       Library
  ------------------------------------------------
  ftc_detection_margin_manager
                     Small                 sc9mc_logic0040ll_base_rvt_c40_ss_typical_max_0p99v_125c

  Point                                       Fanout       Cap     Trans      Incr       Path
  ----------------------------------------------------------------------------------------------
  clock cal_clk (rise edge)                                               0.000000   0.000000
  clock network delay (ideal)                                             0.000000   0.000000
  target_medium_therm_q_reg[7]/CK (DFFRPQ_X1M_A9TR40)           0.050000  0.000000   0.000000 r
  target_medium_therm_q_reg[7]/Q (DFFRPQ_X1M_A9TR40) <-         0.050609  0.278242   0.278242 f
  target_medium_therm_q[7] (net)                2     0.002488            0.000000   0.278242 f
  U18/B0 (AOI22_X0P5M_A9TR40)                                   0.050609  0.000017   0.278260 f
  U18/Y (AOI22_X0P5M_A9TR40)                                    0.107682  0.079381   0.357641 r
  n11 (net)                                     1     0.001401            0.000000   0.357641 r
  U17/A0N (AO1B2_X0P5M_A9TR40)                                  0.107682  0.000024   0.357665 r
  U17/Y (AO1B2_X0P5M_A9TR40)                                    0.087302  0.094440   0.452105 f
  n66 (net)                                     1     0.001539            0.000000   0.452105 f
  det_medium_therm_q_reg[7]/D (DFFRPQ_X1M_A9TR40)               0.087302  0.000027   0.452131 f
  data arrival time                                                                  0.452131

  clock cal_clk (rise edge)                                               0.000000   0.000000
  clock network delay (ideal)                                             0.000000   0.000000
  clock uncertainty                                                       0.020000   0.020000
  det_medium_therm_q_reg[7]/CK (DFFRPQ_X1M_A9TR40)                        0.000000   0.020000 r
  library hold time                                                       0.027568   0.047568
  data required time                                                                 0.047568
  ----------------------------------------------------------------------------------------------
  data required time                                                                 0.047568
  data arrival time                                                                  -0.452131
  ----------------------------------------------------------------------------------------------
  slack (MET)                                                                        0.404564


  Startpoint: target_medium_therm_q_reg[6]
              (rising edge-triggered flip-flop clocked by cal_clk)
  Endpoint: det_medium_therm_q_reg[6]
            (rising edge-triggered flip-flop clocked by cal_clk)
  Path Group: cal_clk
  Path Type: min

  Des/Clust/Port     Wire Load Model       Library
  ------------------------------------------------
  ftc_detection_margin_manager
                     Small                 sc9mc_logic0040ll_base_rvt_c40_ss_typical_max_0p99v_125c

  Point                                       Fanout       Cap     Trans      Incr       Path
  ----------------------------------------------------------------------------------------------
  clock cal_clk (rise edge)                                               0.000000   0.000000
  clock network delay (ideal)                                             0.000000   0.000000
  target_medium_therm_q_reg[6]/CK (DFFRPQ_X1M_A9TR40)           0.050000  0.000000   0.000000 r
  target_medium_therm_q_reg[6]/Q (DFFRPQ_X1M_A9TR40) <-         0.050609  0.278242   0.278242 f
  target_medium_therm_q[6] (net)                2     0.002488            0.000000   0.278242 f
  U16/B0 (AOI22_X0P5M_A9TR40)                                   0.050609  0.000017   0.278260 f
  U16/Y (AOI22_X0P5M_A9TR40)                                    0.107682  0.079381   0.357641 r
  n10 (net)                                     1     0.001401            0.000000   0.357641 r
  U15/A0N (AO1B2_X0P5M_A9TR40)                                  0.107682  0.000024   0.357665 r
  U15/Y (AO1B2_X0P5M_A9TR40)                                    0.087302  0.094440   0.452105 f
  n65 (net)                                     1     0.001539            0.000000   0.452105 f
  det_medium_therm_q_reg[6]/D (DFFRPQ_X1M_A9TR40)               0.087302  0.000027   0.452131 f
  data arrival time                                                                  0.452131

  clock cal_clk (rise edge)                                               0.000000   0.000000
  clock network delay (ideal)                                             0.000000   0.000000
  clock uncertainty                                                       0.020000   0.020000
  det_medium_therm_q_reg[6]/CK (DFFRPQ_X1M_A9TR40)                        0.000000   0.020000 r
  library hold time                                                       0.027568   0.047568
  data required time                                                                 0.047568
  ----------------------------------------------------------------------------------------------
  data required time                                                                 0.047568
  data arrival time                                                                  -0.452131
  ----------------------------------------------------------------------------------------------
  slack (MET)                                                                        0.404564


1
