seed,mc_process_signature,temperature_c,background_stimulus_signature,event_index,polarity,q_ff,M_FF,M_REF_STARTUP_RISE,M_REF_STARTUP_FALL,source_run,capture_status,e_anchor,D_start,signed_alarm_18,signed_alarm_19
41001,872f414712bc0a75e7e7e5db29cf2e9b43fab71f3535e8480ad882302177bc4d,-40,a47522d223ca7148c306a44da11f67079a1cfe671bedd6fc8652c5821fa55af5,0,RISE,000000000000000000000001111111,182,198,176,/home/zhupl25/chiplet_side_channel/chiplet_gds_data/power_macro/delay_chain/ftc/runs/b_fe_frontend/bfe14_arch1_benign_temp_drift/physical/seed_41001/t_-040C/source_hspice,VALID,-16,16,0,0
41001,872f414712bc0a75e7e7e5db29cf2e9b43fab71f3535e8480ad882302177bc4d,-40,a47522d223ca7148c306a44da11f67079a1cfe671bedd6fc8652c5821fa55af5,1,FALL,000000000000000000000000111111,159,198,176,/home/zhupl25/chiplet_side_channel/chiplet_gds_data/power_macro/delay_chain/ftc/runs/b_fe_frontend/bfe14_arch1_benign_temp_drift/physical/seed_41001/t_-040C/source_hspice,VALID,-17,17,0,0
41001,872f414712bc0a75e7e7e5db29cf2e9b43fab71f3535e8480ad882302177bc4d,-40,a47522d223ca7148c306a44da11f67079a1cfe671bedd6fc8652c5821fa55af5,2,RISE,000000000000000000000001111111,182,198,176,/home/zhupl25/chiplet_side_channel/chiplet_gds_data/power_macro/delay_chain/ftc/runs/b_fe_frontend/bfe14_arch1_benign_temp_drift/physical/seed_41001/t_-040C/source_hspice,VALID,-16,16,0,0
41001,872f414712bc0a75e7e7e5db29cf2e9b43fab71f3535e8480ad882302177bc4d,-40,a47522d223ca7148c306a44da11f67079a1cfe671bedd6fc8652c5821fa55af5,3,FALL,000000000000000000000000111111,159,198,176,/home/zhupl25/chiplet_side_channel/chiplet_gds_data/power_macro/delay_chain/ftc/runs/b_fe_frontend/bfe14_arch1_benign_temp_drift/physical/seed_41001/t_-040C/source_hspice,VALID,-17,17,0,0
41001,872f414712bc0a75e7e7e5db29cf2e9b43fab71f3535e8480ad882302177bc4d,-40,a47522d223ca7148c306a44da11f67079a1cfe671bedd6fc8652c5821fa55af5,4,RISE,000000000000000000000001111111,182,198,176,/home/zhupl25/chiplet_side_channel/chiplet_gds_data/power_macro/delay_chain/ftc/runs/b_fe_frontend/bfe14_arch1_benign_temp_drift/physical/seed_41001/t_-040C/source_hspice,VALID,-16,16,0,0
41001,872f414712bc0a75e7e7e5db29cf2e9b43fab71f3535e8480ad882302177bc4d,-40,a47522d223ca7148c306a44da11f67079a1cfe671bedd6fc8652c5821fa55af5,5,FALL,000000000000000000000000111111,159,198,176,/home/zhupl25/chiplet_side_channel/chiplet_gds_data/power_macro/delay_chain/ftc/runs/b_fe_frontend/bfe14_arch1_benign_temp_drift/physical/seed_41001/t_-040C/source_hspice,VALID,-17,17,0,0
41001,872f414712bc0a75e7e7e5db29cf2e9b43fab71f3535e8480ad882302177bc4d,-40,a47522d223ca7148c306a44da11f67079a1cfe671bedd6fc8652c5821fa55af5,6,RISE,000000000000000000000001111111,182,198,176,/home/zhupl25/chiplet_side_channel/chiplet_gds_data/power_macro/delay_chain/ftc/runs/b_fe_frontend/bfe14_arch1_benign_temp_drift/physical/seed_41001/t_-040C/source_hspice,VALID,-16,16,0,0
41001,872f414712bc0a75e7e7e5db29cf2e9b43fab71f3535e8480ad882302177bc4d,-40,a47522d223ca7148c306a44da11f67079a1cfe671bedd6fc8652c5821fa55af5,7,FALL,000000000000000000000000111111,159,198,176,/home/zhupl25/chiplet_side_channel/chiplet_gds_data/power_macro/delay_chain/ftc/runs/b_fe_frontend/bfe14_arch1_benign_temp_drift/physical/seed_41001/t_-040C/source_hspice,VALID,-17,17,0,0
41001,872f414712bc0a75e7e7e5db29cf2e9b43fab71f3535e8480ad882302177bc4d,-40,a47522d223ca7148c306a44da11f67079a1cfe671bedd6fc8652c5821fa55af5,8,RISE,000000000000000000000001111111,182,198,176,/home/zhupl25/chiplet_side_channel/chiplet_gds_data/power_macro/delay_chain/ftc/runs/b_fe_frontend/bfe14_arch1_benign_temp_drift/physical/seed_41001/t_-040C/source_hspice,VALID,-16,16,0,0
41001,872f414712bc0a75e7e7e5db29cf2e9b43fab71f3535e8480ad882302177bc4d,-40,a47522d223ca7148c306a44da11f67079a1cfe671bedd6fc8652c5821fa55af5,9,FALL,000000000000000000000000111111,159,198,176,/home/zhupl25/chiplet_side_channel/chiplet_gds_data/power_macro/delay_chain/ftc/runs/b_fe_frontend/bfe14_arch1_benign_temp_drift/physical/seed_41001/t_-040C/source_hspice,VALID,-17,17,0,0
41001,872f414712bc0a75e7e7e5db29cf2e9b43fab71f3535e8480ad882302177bc4d,-40,a47522d223ca7148c306a44da11f67079a1cfe671bedd6fc8652c5821fa55af5,10,RISE,000000000000000000000001111111,182,198,176,/home/zhupl25/chiplet_side_channel/chiplet_gds_data/power_macro/delay_chain/ftc/runs/b_fe_frontend/bfe14_arch1_benign_temp_drift/physical/seed_41001/t_-040C/source_hspice,VALID,-16,16,0,0
41001,872f414712bc0a75e7e7e5db29cf2e9b43fab71f3535e8480ad882302177bc4d,-40,a47522d223ca7148c306a44da11f67079a1cfe671bedd6fc8652c5821fa55af5,11,FALL,000000000000000000000000111111,159,198,176,/home/zhupl25/chiplet_side_channel/chiplet_gds_data/power_macro/delay_chain/ftc/runs/b_fe_frontend/bfe14_arch1_benign_temp_drift/physical/seed_41001/t_-040C/source_hspice,VALID,-17,17,0,0
41001,872f414712bc0a75e7e7e5db29cf2e9b43fab71f3535e8480ad882302177bc4d,-40,a47522d223ca7148c306a44da11f67079a1cfe671bedd6fc8652c5821fa55af5,12,RISE,000000000000000000000001111111,182,198,176,/home/zhupl25/chiplet_side_channel/chiplet_gds_data/power_macro/delay_chain/ftc/runs/b_fe_frontend/bfe14_arch1_benign_temp_drift/physical/seed_41001/t_-040C/source_hspice,VALID,-16,16,0,0
41001,872f414712bc0a75e7e7e5db29cf2e9b43fab71f3535e8480ad882302177bc4d,-40,a47522d223ca7148c306a44da11f67079a1cfe671bedd6fc8652c5821fa55af5,13,FALL,000000000000000000000000111111,159,198,176,/home/zhupl25/chiplet_side_channel/chiplet_gds_data/power_macro/delay_chain/ftc/runs/b_fe_frontend/bfe14_arch1_benign_temp_drift/physical/seed_41001/t_-040C/source_hspice,VALID,-17,17,0,0
41001,872f414712bc0a75e7e7e5db29cf2e9b43fab71f3535e8480ad882302177bc4d,-40,a47522d223ca7148c306a44da11f67079a1cfe671bedd6fc8652c5821fa55af5,14,RISE,000000000000000000000001111111,182,198,176,/home/zhupl25/chiplet_side_channel/chiplet_gds_data/power_macro/delay_chain/ftc/runs/b_fe_frontend/bfe14_arch1_benign_temp_drift/physical/seed_41001/t_-040C/source_hspice,VALID,-16,16,0,0
41001,872f414712bc0a75e7e7e5db29cf2e9b43fab71f3535e8480ad882302177bc4d,-40,a47522d223ca7148c306a44da11f67079a1cfe671bedd6fc8652c5821fa55af5,15,FALL,000000000000000000000000111111,159,198,176,/home/zhupl25/chiplet_side_channel/chiplet_gds_data/power_macro/delay_chain/ftc/runs/b_fe_frontend/bfe14_arch1_benign_temp_drift/physical/seed_41001/t_-040C/source_hspice,VALID,-17,17,0,0
41001,872f414712bc0a75e7e7e5db29cf2e9b43fab71f3535e8480ad882302177bc4d,-40,a47522d223ca7148c306a44da11f67079a1cfe671bedd6fc8652c5821fa55af5,16,RISE,000000000000000000000001111111,182,198,176,/home/zhupl25/chiplet_side_channel/chiplet_gds_data/power_macro/delay_chain/ftc/runs/b_fe_frontend/bfe14_arch1_benign_temp_drift/physical/seed_41001/t_-040C/source_hspice,VALID,-16,16,0,0
41001,872f414712bc0a75e7e7e5db29cf2e9b43fab71f3535e8480ad882302177bc4d,-40,a47522d223ca7148c306a44da11f67079a1cfe671bedd6fc8652c5821fa55af5,17,FALL,000000000000000000000000111111,159,198,176,/home/zhupl25/chiplet_side_channel/chiplet_gds_data/power_macro/delay_chain/ftc/runs/b_fe_frontend/bfe14_arch1_benign_temp_drift/physical/seed_41001/t_-040C/source_hspice,VALID,-17,17,0,0
41001,872f414712bc0a75e7e7e5db29cf2e9b43fab71f3535e8480ad882302177bc4d,-40,a47522d223ca7148c306a44da11f67079a1cfe671bedd6fc8652c5821fa55af5,18,RISE,000000000000000000000001111111,182,198,176,/home/zhupl25/chiplet_side_channel/chiplet_gds_data/power_macro/delay_chain/ftc/runs/b_fe_frontend/bfe14_arch1_benign_temp_drift/physical/seed_41001/t_-040C/source_hspice,VALID,-16,16,0,0
41001,872f414712bc0a75e7e7e5db29cf2e9b43fab71f3535e8480ad882302177bc4d,-40,a47522d223ca7148c306a44da11f67079a1cfe671bedd6fc8652c5821fa55af5,19,FALL,000000000000000000000000111111,159,198,176,/home/zhupl25/chiplet_side_channel/chiplet_gds_data/power_macro/delay_chain/ftc/runs/b_fe_frontend/bfe14_arch1_benign_temp_drift/physical/seed_41001/t_-040C/source_hspice,VALID,-17,17,0,0
41001,872f414712bc0a75e7e7e5db29cf2e9b43fab71f3535e8480ad882302177bc4d,-40,a47522d223ca7148c306a44da11f67079a1cfe671bedd6fc8652c5821fa55af5,20,RISE,000000000000000000000001111111,182,198,176,/home/zhupl25/chiplet_side_channel/chiplet_gds_data/power_macro/delay_chain/ftc/runs/b_fe_frontend/bfe14_arch1_benign_temp_drift/physical/seed_41001/t_-040C/source_hspice,VALID,-16,16,0,0
41001,872f414712bc0a75e7e7e5db29cf2e9b43fab71f3535e8480ad882302177bc4d,-40,a47522d223ca7148c306a44da11f67079a1cfe671bedd6fc8652c5821fa55af5,21,FALL,000000000000000000000000011111,135,198,176,/home/zhupl25/chiplet_side_channel/chiplet_gds_data/power_macro/delay_chain/ftc/runs/b_fe_frontend/bfe14_arch1_benign_temp_drift/physical/seed_41001/t_-040C/source_hspice,VALID,-41,41,0,0
41001,872f414712bc0a75e7e7e5db29cf2e9b43fab71f3535e8480ad882302177bc4d,-40,a47522d223ca7148c306a44da11f67079a1cfe671bedd6fc8652c5821fa55af5,22,RISE,000000000000000000000001111111,182,198,176,/home/zhupl25/chiplet_side_channel/chiplet_gds_data/power_macro/delay_chain/ftc/runs/b_fe_frontend/bfe14_arch1_benign_temp_drift/physical/seed_41001/t_-040C/source_hspice,VALID,-16,16,0,0
41001,872f414712bc0a75e7e7e5db29cf2e9b43fab71f3535e8480ad882302177bc4d,-40,a47522d223ca7148c306a44da11f67079a1cfe671bedd6fc8652c5821fa55af5,23,FALL,000000000000000000000000111111,159,198,176,/home/zhupl25/chiplet_side_channel/chiplet_gds_data/power_macro/delay_chain/ftc/runs/b_fe_frontend/bfe14_arch1_benign_temp_drift/physical/seed_41001/t_-040C/source_hspice,VALID,-17,17,0,0
41001,872f414712bc0a75e7e7e5db29cf2e9b43fab71f3535e8480ad882302177bc4d,125,a47522d223ca7148c306a44da11f67079a1cfe671bedd6fc8652c5821fa55af5,0,RISE,000000000000000000000011111111,204,198,176,/home/zhupl25/chiplet_side_channel/chiplet_gds_data/power_macro/delay_chain/ftc/runs/b_fe_frontend/bfe14_arch1_benign_temp_drift/physical/seed_41001/t_+125C/source_hspice,VALID,6,6,0,0
41001,872f414712bc0a75e7e7e5db29cf2e9b43fab71f3535e8480ad882302177bc4d,125,a47522d223ca7148c306a44da11f67079a1cfe671bedd6fc8652c5821fa55af5,1,FALL,000000000000000000000011111111,204,198,176,/home/zhupl25/chiplet_side_channel/chiplet_gds_data/power_macro/delay_chain/ftc/runs/b_fe_frontend/bfe14_arch1_benign_temp_drift/physical/seed_41001/t_+125C/source_hspice,VALID,28,28,0,0
41001,872f414712bc0a75e7e7e5db29cf2e9b43fab71f3535e8480ad882302177bc4d,125,a47522d223ca7148c306a44da11f67079a1cfe671bedd6fc8652c5821fa55af5,2,RISE,000000000000000000000011111111,204,198,176,/home/zhupl25/chiplet_side_channel/chiplet_gds_data/power_macro/delay_chain/ftc/runs/b_fe_frontend/bfe14_arch1_benign_temp_drift/physical/seed_41001/t_+125C/source_hspice,VALID,6,6,0,0
41001,872f414712bc0a75e7e7e5db29cf2e9b43fab71f3535e8480ad882302177bc4d,125,a47522d223ca7148c306a44da11f67079a1cfe671bedd6fc8652c5821fa55af5,3,FALL,000000000000000000000011111111,204,198,176,/home/zhupl25/chiplet_side_channel/chiplet_gds_data/power_macro/delay_chain/ftc/runs/b_fe_frontend/bfe14_arch1_benign_temp_drift/physical/seed_41001/t_+125C/source_hspice,VALID,28,28,0,0
41001,872f414712bc0a75e7e7e5db29cf2e9b43fab71f3535e8480ad882302177bc4d,125,a47522d223ca7148c306a44da11f67079a1cfe671bedd6fc8652c5821fa55af5,4,RISE,000000000000000000000111111111,225,198,176,/home/zhupl25/chiplet_side_channel/chiplet_gds_data/power_macro/delay_chain/ftc/runs/b_fe_frontend/bfe14_arch1_benign_temp_drift/physical/seed_41001/t_+125C/source_hspice,VALID,27,27,1,1
41001,872f414712bc0a75e7e7e5db29cf2e9b43fab71f3535e8480ad882302177bc4d,125,a47522d223ca7148c306a44da11f67079a1cfe671bedd6fc8652c5821fa55af5,5,FALL,000000000000000000000011111111,204,198,176,/home/zhupl25/chiplet_side_channel/chiplet_gds_data/power_macro/delay_chain/ftc/runs/b_fe_frontend/bfe14_arch1_benign_temp_drift/physical/seed_41001/t_+125C/source_hspice,VALID,28,28,0,0
41001,872f414712bc0a75e7e7e5db29cf2e9b43fab71f3535e8480ad882302177bc4d,125,a47522d223ca7148c306a44da11f67079a1cfe671bedd6fc8652c5821fa55af5,6,RISE,000000000000000000000011111111,204,198,176,/home/zhupl25/chiplet_side_channel/chiplet_gds_data/power_macro/delay_chain/ftc/runs/b_fe_frontend/bfe14_arch1_benign_temp_drift/physical/seed_41001/t_+125C/source_hspice,VALID,6,6,0,0
41001,872f414712bc0a75e7e7e5db29cf2e9b43fab71f3535e8480ad882302177bc4d,125,a47522d223ca7148c306a44da11f67079a1cfe671bedd6fc8652c5821fa55af5,7,FALL,000000000000000000000011111111,204,198,176,/home/zhupl25/chiplet_side_channel/chiplet_gds_data/power_macro/delay_chain/ftc/runs/b_fe_frontend/bfe14_arch1_benign_temp_drift/physical/seed_41001/t_+125C/source_hspice,VALID,28,28,0,0
41001,872f414712bc0a75e7e7e5db29cf2e9b43fab71f3535e8480ad882302177bc4d,125,a47522d223ca7148c306a44da11f67079a1cfe671bedd6fc8652c5821fa55af5,8,RISE,000000000000000000000011111111,204,198,176,/home/zhupl25/chiplet_side_channel/chiplet_gds_data/power_macro/delay_chain/ftc/runs/b_fe_frontend/bfe14_arch1_benign_temp_drift/physical/seed_41001/t_+125C/source_hspice,VALID,6,6,0,0
41001,872f414712bc0a75e7e7e5db29cf2e9b43fab71f3535e8480ad882302177bc4d,125,a47522d223ca7148c306a44da11f67079a1cfe671bedd6fc8652c5821fa55af5,9,FALL,000000000000000000000011111111,204,198,176,/home/zhupl25/chiplet_side_channel/chiplet_gds_data/power_macro/delay_chain/ftc/runs/b_fe_frontend/bfe14_arch1_benign_temp_drift/physical/seed_41001/t_+125C/source_hspice,VALID,28,28,0,0
41001,872f414712bc0a75e7e7e5db29cf2e9b43fab71f3535e8480ad882302177bc4d,125,a47522d223ca7148c306a44da11f67079a1cfe671bedd6fc8652c5821fa55af5,10,RISE,000000000000000000000011111111,204,198,176,/home/zhupl25/chiplet_side_channel/chiplet_gds_data/power_macro/delay_chain/ftc/runs/b_fe_frontend/bfe14_arch1_benign_temp_drift/physical/seed_41001/t_+125C/source_hspice,VALID,6,6,0,0
41001,872f414712bc0a75e7e7e5db29cf2e9b43fab71f3535e8480ad882302177bc4d,125,a47522d223ca7148c306a44da11f67079a1cfe671bedd6fc8652c5821fa55af5,11,FALL,000000000000000000000011111111,204,198,176,/home/zhupl25/chiplet_side_channel/chiplet_gds_data/power_macro/delay_chain/ftc/runs/b_fe_frontend/bfe14_arch1_benign_temp_drift/physical/seed_41001/t_+125C/source_hspice,VALID,28,28,0,0
41001,872f414712bc0a75e7e7e5db29cf2e9b43fab71f3535e8480ad882302177bc4d,125,a47522d223ca7148c306a44da11f67079a1cfe671bedd6fc8652c5821fa55af5,12,RISE,000000000000000000000011111111,204,198,176,/home/zhupl25/chiplet_side_channel/chiplet_gds_data/power_macro/delay_chain/ftc/runs/b_fe_frontend/bfe14_arch1_benign_temp_drift/physical/seed_41001/t_+125C/source_hspice,VALID,6,6,0,0
41001,872f414712bc0a75e7e7e5db29cf2e9b43fab71f3535e8480ad882302177bc4d,125,a47522d223ca7148c306a44da11f67079a1cfe671bedd6fc8652c5821fa55af5,13,FALL,000000000000000000000011111111,204,198,176,/home/zhupl25/chiplet_side_channel/chiplet_gds_data/power_macro/delay_chain/ftc/runs/b_fe_frontend/bfe14_arch1_benign_temp_drift/physical/seed_41001/t_+125C/source_hspice,VALID,28,28,0,0
41001,872f414712bc0a75e7e7e5db29cf2e9b43fab71f3535e8480ad882302177bc4d,125,a47522d223ca7148c306a44da11f67079a1cfe671bedd6fc8652c5821fa55af5,14,RISE,000000000000000000000011111111,204,198,176,/home/zhupl25/chiplet_side_channel/chiplet_gds_data/power_macro/delay_chain/ftc/runs/b_fe_frontend/bfe14_arch1_benign_temp_drift/physical/seed_41001/t_+125C/source_hspice,VALID,6,6,0,0
41001,872f414712bc0a75e7e7e5db29cf2e9b43fab71f3535e8480ad882302177bc4d,125,a47522d223ca7148c306a44da11f67079a1cfe671bedd6fc8652c5821fa55af5,15,FALL,000000000000000000000011111111,204,198,176,/home/zhupl25/chiplet_side_channel/chiplet_gds_data/power_macro/delay_chain/ftc/runs/b_fe_frontend/bfe14_arch1_benign_temp_drift/physical/seed_41001/t_+125C/source_hspice,VALID,28,28,0,0
41001,872f414712bc0a75e7e7e5db29cf2e9b43fab71f3535e8480ad882302177bc4d,125,a47522d223ca7148c306a44da11f67079a1cfe671bedd6fc8652c5821fa55af5,16,RISE,000000000000000000000011111111,204,198,176,/home/zhupl25/chiplet_side_channel/chiplet_gds_data/power_macro/delay_chain/ftc/runs/b_fe_frontend/bfe14_arch1_benign_temp_drift/physical/seed_41001/t_+125C/source_hspice,VALID,6,6,0,0
41001,872f414712bc0a75e7e7e5db29cf2e9b43fab71f3535e8480ad882302177bc4d,125,a47522d223ca7148c306a44da11f67079a1cfe671bedd6fc8652c5821fa55af5,17,FALL,000000000000000000000011111111,204,198,176,/home/zhupl25/chiplet_side_channel/chiplet_gds_data/power_macro/delay_chain/ftc/runs/b_fe_frontend/bfe14_arch1_benign_temp_drift/physical/seed_41001/t_+125C/source_hspice,VALID,28,28,0,0
41001,872f414712bc0a75e7e7e5db29cf2e9b43fab71f3535e8480ad882302177bc4d,125,a47522d223ca7148c306a44da11f67079a1cfe671bedd6fc8652c5821fa55af5,18,RISE,000000000000000000000011111111,204,198,176,/home/zhupl25/chiplet_side_channel/chiplet_gds_data/power_macro/delay_chain/ftc/runs/b_fe_frontend/bfe14_arch1_benign_temp_drift/physical/seed_41001/t_+125C/source_hspice,VALID,6,6,0,0
41001,872f414712bc0a75e7e7e5db29cf2e9b43fab71f3535e8480ad882302177bc4d,125,a47522d223ca7148c306a44da11f67079a1cfe671bedd6fc8652c5821fa55af5,19,FALL,000000000000000000000011111111,204,198,176,/home/zhupl25/chiplet_side_channel/chiplet_gds_data/power_macro/delay_chain/ftc/runs/b_fe_frontend/bfe14_arch1_benign_temp_drift/physical/seed_41001/t_+125C/source_hspice,VALID,28,28,0,0
41001,872f414712bc0a75e7e7e5db29cf2e9b43fab71f3535e8480ad882302177bc4d,125,a47522d223ca7148c306a44da11f67079a1cfe671bedd6fc8652c5821fa55af5,20,RISE,000000000000000000000011111111,204,198,176,/home/zhupl25/chiplet_side_channel/chiplet_gds_data/power_macro/delay_chain/ftc/runs/b_fe_frontend/bfe14_arch1_benign_temp_drift/physical/seed_41001/t_+125C/source_hspice,VALID,6,6,0,0
41001,872f414712bc0a75e7e7e5db29cf2e9b43fab71f3535e8480ad882302177bc4d,125,a47522d223ca7148c306a44da11f67079a1cfe671bedd6fc8652c5821fa55af5,21,FALL,000000000000000000000001111111,182,198,176,/home/zhupl25/chiplet_side_channel/chiplet_gds_data/power_macro/delay_chain/ftc/runs/b_fe_frontend/bfe14_arch1_benign_temp_drift/physical/seed_41001/t_+125C/source_hspice,VALID,6,6,0,0
41001,872f414712bc0a75e7e7e5db29cf2e9b43fab71f3535e8480ad882302177bc4d,125,a47522d223ca7148c306a44da11f67079a1cfe671bedd6fc8652c5821fa55af5,22,RISE,000000000000000000000011111111,204,198,176,/home/zhupl25/chiplet_side_channel/chiplet_gds_data/power_macro/delay_chain/ftc/runs/b_fe_frontend/bfe14_arch1_benign_temp_drift/physical/seed_41001/t_+125C/source_hspice,VALID,6,6,0,0
41001,872f414712bc0a75e7e7e5db29cf2e9b43fab71f3535e8480ad882302177bc4d,125,a47522d223ca7148c306a44da11f67079a1cfe671bedd6fc8652c5821fa55af5,23,FALL,000000000000000000000011111111,204,198,176,/home/zhupl25/chiplet_side_channel/chiplet_gds_data/power_macro/delay_chain/ftc/runs/b_fe_frontend/bfe14_arch1_benign_temp_drift/physical/seed_41001/t_+125C/source_hspice,VALID,28,28,0,0
41002,6dace8106119b4409b89fa9089489bb4a8a08408e2b4e60cc383a9ec26beb652,-40,a47522d223ca7148c306a44da11f67079a1cfe671bedd6fc8652c5821fa55af5,0,RISE,000000000000000000000001111111,182,198,182,/home/zhupl25/chiplet_side_channel/chiplet_gds_data/power_macro/delay_chain/ftc/runs/b_fe_frontend/bfe14_arch1_benign_temp_drift/physical/seed_41002/t_-040C/source_hspice,VALID,-16,16,0,0
41002,6dace8106119b4409b89fa9089489bb4a8a08408e2b4e60cc383a9ec26beb652,-40,a47522d223ca7148c306a44da11f67079a1cfe671bedd6fc8652c5821fa55af5,1,FALL,000000000000000000000000111111,159,198,182,/home/zhupl25/chiplet_side_channel/chiplet_gds_data/power_macro/delay_chain/ftc/runs/b_fe_frontend/bfe14_arch1_benign_temp_drift/physical/seed_41002/t_-040C/source_hspice,VALID,-23,23,0,0
41002,6dace8106119b4409b89fa9089489bb4a8a08408e2b4e60cc383a9ec26beb652,-40,a47522d223ca7148c306a44da11f67079a1cfe671bedd6fc8652c5821fa55af5,2,RISE,000000000000000000000001111111,182,198,182,/home/zhupl25/chiplet_side_channel/chiplet_gds_data/power_macro/delay_chain/ftc/runs/b_fe_frontend/bfe14_arch1_benign_temp_drift/physical/seed_41002/t_-040C/source_hspice,VALID,-16,16,0,0
41002,6dace8106119b4409b89fa9089489bb4a8a08408e2b4e60cc383a9ec26beb652,-40,a47522d223ca7148c306a44da11f67079a1cfe671bedd6fc8652c5821fa55af5,3,FALL,000000000000000000000000111111,159,198,182,/home/zhupl25/chiplet_side_channel/chiplet_gds_data/power_macro/delay_chain/ftc/runs/b_fe_frontend/bfe14_arch1_benign_temp_drift/physical/seed_41002/t_-040C/source_hspice,VALID,-23,23,0,0
41002,6dace8106119b4409b89fa9089489bb4a8a08408e2b4e60cc383a9ec26beb652,-40,a47522d223ca7148c306a44da11f67079a1cfe671bedd6fc8652c5821fa55af5,4,RISE,000000000000000000000001111111,182,198,182,/home/zhupl25/chiplet_side_channel/chiplet_gds_data/power_macro/delay_chain/ftc/runs/b_fe_frontend/bfe14_arch1_benign_temp_drift/physical/seed_41002/t_-040C/source_hspice,VALID,-16,16,0,0
41002,6dace8106119b4409b89fa9089489bb4a8a08408e2b4e60cc383a9ec26beb652,-40,a47522d223ca7148c306a44da11f67079a1cfe671bedd6fc8652c5821fa55af5,5,FALL,000000000000000000000000111111,159,198,182,/home/zhupl25/chiplet_side_channel/chiplet_gds_data/power_macro/delay_chain/ftc/runs/b_fe_frontend/bfe14_arch1_benign_temp_drift/physical/seed_41002/t_-040C/source_hspice,VALID,-23,23,0,0
41002,6dace8106119b4409b89fa9089489bb4a8a08408e2b4e60cc383a9ec26beb652,-40,a47522d223ca7148c306a44da11f67079a1cfe671bedd6fc8652c5821fa55af5,6,RISE,000000000000000000000001111111,182,198,182,/home/zhupl25/chiplet_side_channel/chiplet_gds_data/power_macro/delay_chain/ftc/runs/b_fe_frontend/bfe14_arch1_benign_temp_drift/physical/seed_41002/t_-040C/source_hspice,VALID,-16,16,0,0
41002,6dace8106119b4409b89fa9089489bb4a8a08408e2b4e60cc383a9ec26beb652,-40,a47522d223ca7148c306a44da11f67079a1cfe671bedd6fc8652c5821fa55af5,7,FALL,000000000000000000000000111111,159,198,182,/home/zhupl25/chiplet_side_channel/chiplet_gds_data/power_macro/delay_chain/ftc/runs/b_fe_frontend/bfe14_arch1_benign_temp_drift/physical/seed_41002/t_-040C/source_hspice,VALID,-23,23,0,0
41002,6dace8106119b4409b89fa9089489bb4a8a08408e2b4e60cc383a9ec26beb652,-40,a47522d223ca7148c306a44da11f67079a1cfe671bedd6fc8652c5821fa55af5,8,RISE,000000000000000000000001111111,182,198,182,/home/zhupl25/chiplet_side_channel/chiplet_gds_data/power_macro/delay_chain/ftc/runs/b_fe_frontend/bfe14_arch1_benign_temp_drift/physical/seed_41002/t_-040C/source_hspice,VALID,-16,16,0,0
41002,6dace8106119b4409b89fa9089489bb4a8a08408e2b4e60cc383a9ec26beb652,-40,a47522d223ca7148c306a44da11f67079a1cfe671bedd6fc8652c5821fa55af5,9,FALL,000000000000000000000000111111,159,198,182,/home/zhupl25/chiplet_side_channel/chiplet_gds_data/power_macro/delay_chain/ftc/runs/b_fe_frontend/bfe14_arch1_benign_temp_drift/physical/seed_41002/t_-040C/source_hspice,VALID,-23,23,0,0
41002,6dace8106119b4409b89fa9089489bb4a8a08408e2b4e60cc383a9ec26beb652,-40,a47522d223ca7148c306a44da11f67079a1cfe671bedd6fc8652c5821fa55af5,10,RISE,000000000000000000000001111111,182,198,182,/home/zhupl25/chiplet_side_channel/chiplet_gds_data/power_macro/delay_chain/ftc/runs/b_fe_frontend/bfe14_arch1_benign_temp_drift/physical/seed_41002/t_-040C/source_hspice,VALID,-16,16,0,0
41002,6dace8106119b4409b89fa9089489bb4a8a08408e2b4e60cc383a9ec26beb652,-40,a47522d223ca7148c306a44da11f67079a1cfe671bedd6fc8652c5821fa55af5,11,FALL,000000000000000000000000111111,159,198,182,/home/zhupl25/chiplet_side_channel/chiplet_gds_data/power_macro/delay_chain/ftc/runs/b_fe_frontend/bfe14_arch1_benign_temp_drift/physical/seed_41002/t_-040C/source_hspice,VALID,-23,23,0,0
41002,6dace8106119b4409b89fa9089489bb4a8a08408e2b4e60cc383a9ec26beb652,-40,a47522d223ca7148c306a44da11f67079a1cfe671bedd6fc8652c5821fa55af5,12,RISE,000000000000000000000001111111,182,198,182,/home/zhupl25/chiplet_side_channel/chiplet_gds_data/power_macro/delay_chain/ftc/runs/b_fe_frontend/bfe14_arch1_benign_temp_drift/physical/seed_41002/t_-040C/source_hspice,VALID,-16,16,0,0
41002,6dace8106119b4409b89fa9089489bb4a8a08408e2b4e60cc383a9ec26beb652,-40,a47522d223ca7148c306a44da11f67079a1cfe671bedd6fc8652c5821fa55af5,13,FALL,000000000000000000000000111111,159,198,182,/home/zhupl25/chiplet_side_channel/chiplet_gds_data/power_macro/delay_chain/ftc/runs/b_fe_frontend/bfe14_arch1_benign_temp_drift/physical/seed_41002/t_-040C/source_hspice,VALID,-23,23,0,0
41002,6dace8106119b4409b89fa9089489bb4a8a08408e2b4e60cc383a9ec26beb652,-40,a47522d223ca7148c306a44da11f67079a1cfe671bedd6fc8652c5821fa55af5,14,RISE,000000000000000000000001111111,182,198,182,/home/zhupl25/chiplet_side_channel/chiplet_gds_data/power_macro/delay_chain/ftc/runs/b_fe_frontend/bfe14_arch1_benign_temp_drift/physical/seed_41002/t_-040C/source_hspice,VALID,-16,16,0,0
41002,6dace8106119b4409b89fa9089489bb4a8a08408e2b4e60cc383a9ec26beb652,-40,a47522d223ca7148c306a44da11f67079a1cfe671bedd6fc8652c5821fa55af5,15,FALL,000000000000000000000000111111,159,198,182,/home/zhupl25/chiplet_side_channel/chiplet_gds_data/power_macro/delay_chain/ftc/runs/b_fe_frontend/bfe14_arch1_benign_temp_drift/physical/seed_41002/t_-040C/source_hspice,VALID,-23,23,0,0
41002,6dace8106119b4409b89fa9089489bb4a8a08408e2b4e60cc383a9ec26beb652,-40,a47522d223ca7148c306a44da11f67079a1cfe671bedd6fc8652c5821fa55af5,16,RISE,000000000000000000000001111111,182,198,182,/home/zhupl25/chiplet_side_channel/chiplet_gds_data/power_macro/delay_chain/ftc/runs/b_fe_frontend/bfe14_arch1_benign_temp_drift/physical/seed_41002/t_-040C/source_hspice,VALID,-16,16,0,0
41002,6dace8106119b4409b89fa9089489bb4a8a08408e2b4e60cc383a9ec26beb652,-40,a47522d223ca7148c306a44da11f67079a1cfe671bedd6fc8652c5821fa55af5,17,FALL,000000000000000000000000111111,159,198,182,/home/zhupl25/chiplet_side_channel/chiplet_gds_data/power_macro/delay_chain/ftc/runs/b_fe_frontend/bfe14_arch1_benign_temp_drift/physical/seed_41002/t_-040C/source_hspice,VALID,-23,23,0,0
41002,6dace8106119b4409b89fa9089489bb4a8a08408e2b4e60cc383a9ec26beb652,-40,a47522d223ca7148c306a44da11f67079a1cfe671bedd6fc8652c5821fa55af5,18,RISE,000000000000000000000001111111,182,198,182,/home/zhupl25/chiplet_side_channel/chiplet_gds_data/power_macro/delay_chain/ftc/runs/b_fe_frontend/bfe14_arch1_benign_temp_drift/physical/seed_41002/t_-040C/source_hspice,VALID,-16,16,0,0
41002,6dace8106119b4409b89fa9089489bb4a8a08408e2b4e60cc383a9ec26beb652,-40,a47522d223ca7148c306a44da11f67079a1cfe671bedd6fc8652c5821fa55af5,19,FALL,000000000000000000000000111111,159,198,182,/home/zhupl25/chiplet_side_channel/chiplet_gds_data/power_macro/delay_chain/ftc/runs/b_fe_frontend/bfe14_arch1_benign_temp_drift/physical/seed_41002/t_-040C/source_hspice,VALID,-23,23,0,0
41002,6dace8106119b4409b89fa9089489bb4a8a08408e2b4e60cc383a9ec26beb652,-40,a47522d223ca7148c306a44da11f67079a1cfe671bedd6fc8652c5821fa55af5,20,RISE,000000000000000000000001111111,182,198,182,/home/zhupl25/chiplet_side_channel/chiplet_gds_data/power_macro/delay_chain/ftc/runs/b_fe_frontend/bfe14_arch1_benign_temp_drift/physical/seed_41002/t_-040C/source_hspice,VALID,-16,16,0,0
41002,6dace8106119b4409b89fa9089489bb4a8a08408e2b4e60cc383a9ec26beb652,-40,a47522d223ca7148c306a44da11f67079a1cfe671bedd6fc8652c5821fa55af5,21,FALL,000000000000000000000000111111,159,198,182,/home/zhupl25/chiplet_side_channel/chiplet_gds_data/power_macro/delay_chain/ftc/runs/b_fe_frontend/bfe14_arch1_benign_temp_drift/physical/seed_41002/t_-040C/source_hspice,VALID,-23,23,0,0
41002,6dace8106119b4409b89fa9089489bb4a8a08408e2b4e60cc383a9ec26beb652,-40,a47522d223ca7148c306a44da11f67079a1cfe671bedd6fc8652c5821fa55af5,22,RISE,000000000000000000000001111111,182,198,182,/home/zhupl25/chiplet_side_channel/chiplet_gds_data/power_macro/delay_chain/ftc/runs/b_fe_frontend/bfe14_arch1_benign_temp_drift/physical/seed_41002/t_-040C/source_hspice,VALID,-16,16,0,0
41002,6dace8106119b4409b89fa9089489bb4a8a08408e2b4e60cc383a9ec26beb652,-40,a47522d223ca7148c306a44da11f67079a1cfe671bedd6fc8652c5821fa55af5,23,FALL,000000000000000000000000111111,159,198,182,/home/zhupl25/chiplet_side_channel/chiplet_gds_data/power_macro/delay_chain/ftc/runs/b_fe_frontend/bfe14_arch1_benign_temp_drift/physical/seed_41002/t_-040C/source_hspice,VALID,-23,23,0,0
41002,6dace8106119b4409b89fa9089489bb4a8a08408e2b4e60cc383a9ec26beb652,125,a47522d223ca7148c306a44da11f67079a1cfe671bedd6fc8652c5821fa55af5,0,RISE,000000000000000000000011111111,204,198,182,/home/zhupl25/chiplet_side_channel/chiplet_gds_data/power_macro/delay_chain/ftc/runs/b_fe_frontend/bfe14_arch1_benign_temp_drift/physical/seed_41002/t_+125C/source_hspice,VALID,6,6,0,0
41002,6dace8106119b4409b89fa9089489bb4a8a08408e2b4e60cc383a9ec26beb652,125,a47522d223ca7148c306a44da11f67079a1cfe671bedd6fc8652c5821fa55af5,1,FALL,000000000000000000000011111111,204,198,182,/home/zhupl25/chiplet_side_channel/chiplet_gds_data/power_macro/delay_chain/ftc/runs/b_fe_frontend/bfe14_arch1_benign_temp_drift/physical/seed_41002/t_+125C/source_hspice,VALID,22,22,0,0
41002,6dace8106119b4409b89fa9089489bb4a8a08408e2b4e60cc383a9ec26beb652,125,a47522d223ca7148c306a44da11f67079a1cfe671bedd6fc8652c5821fa55af5,2,RISE,000000000000000000000011111111,204,198,182,/home/zhupl25/chiplet_side_channel/chiplet_gds_data/power_macro/delay_chain/ftc/runs/b_fe_frontend/bfe14_arch1_benign_temp_drift/physical/seed_41002/t_+125C/source_hspice,VALID,6,6,0,0
41002,6dace8106119b4409b89fa9089489bb4a8a08408e2b4e60cc383a9ec26beb652,125,a47522d223ca7148c306a44da11f67079a1cfe671bedd6fc8652c5821fa55af5,3,FALL,000000000000000000000011111111,204,198,182,/home/zhupl25/chiplet_side_channel/chiplet_gds_data/power_macro/delay_chain/ftc/runs/b_fe_frontend/bfe14_arch1_benign_temp_drift/physical/seed_41002/t_+125C/source_hspice,VALID,22,22,0,0
41002,6dace8106119b4409b89fa9089489bb4a8a08408e2b4e60cc383a9ec26beb652,125,a47522d223ca7148c306a44da11f67079a1cfe671bedd6fc8652c5821fa55af5,4,RISE,000000000000000000000111111111,225,198,182,/home/zhupl25/chiplet_side_channel/chiplet_gds_data/power_macro/delay_chain/ftc/runs/b_fe_frontend/bfe14_arch1_benign_temp_drift/physical/seed_41002/t_+125C/source_hspice,VALID,27,27,1,1
41002,6dace8106119b4409b89fa9089489bb4a8a08408e2b4e60cc383a9ec26beb652,125,a47522d223ca7148c306a44da11f67079a1cfe671bedd6fc8652c5821fa55af5,5,FALL,000000000000000000000011111111,204,198,182,/home/zhupl25/chiplet_side_channel/chiplet_gds_data/power_macro/delay_chain/ftc/runs/b_fe_frontend/bfe14_arch1_benign_temp_drift/physical/seed_41002/t_+125C/source_hspice,VALID,22,22,0,0
41002,6dace8106119b4409b89fa9089489bb4a8a08408e2b4e60cc383a9ec26beb652,125,a47522d223ca7148c306a44da11f67079a1cfe671bedd6fc8652c5821fa55af5,6,RISE,000000000000000000000011111111,204,198,182,/home/zhupl25/chiplet_side_channel/chiplet_gds_data/power_macro/delay_chain/ftc/runs/b_fe_frontend/bfe14_arch1_benign_temp_drift/physical/seed_41002/t_+125C/source_hspice,VALID,6,6,0,0
41002,6dace8106119b4409b89fa9089489bb4a8a08408e2b4e60cc383a9ec26beb652,125,a47522d223ca7148c306a44da11f67079a1cfe671bedd6fc8652c5821fa55af5,7,FALL,000000000000000000000011111111,204,198,182,/home/zhupl25/chiplet_side_channel/chiplet_gds_data/power_macro/delay_chain/ftc/runs/b_fe_frontend/bfe14_arch1_benign_temp_drift/physical/seed_41002/t_+125C/source_hspice,VALID,22,22,0,0
41002,6dace8106119b4409b89fa9089489bb4a8a08408e2b4e60cc383a9ec26beb652,125,a47522d223ca7148c306a44da11f67079a1cfe671bedd6fc8652c5821fa55af5,8,RISE,000000000000000000000011111111,204,198,182,/home/zhupl25/chiplet_side_channel/chiplet_gds_data/power_macro/delay_chain/ftc/runs/b_fe_frontend/bfe14_arch1_benign_temp_drift/physical/seed_41002/t_+125C/source_hspice,VALID,6,6,0,0
41002,6dace8106119b4409b89fa9089489bb4a8a08408e2b4e60cc383a9ec26beb652,125,a47522d223ca7148c306a44da11f67079a1cfe671bedd6fc8652c5821fa55af5,9,FALL,000000000000000000000011111111,204,198,182,/home/zhupl25/chiplet_side_channel/chiplet_gds_data/power_macro/delay_chain/ftc/runs/b_fe_frontend/bfe14_arch1_benign_temp_drift/physical/seed_41002/t_+125C/source_hspice,VALID,22,22,0,0
41002,6dace8106119b4409b89fa9089489bb4a8a08408e2b4e60cc383a9ec26beb652,125,a47522d223ca7148c306a44da11f67079a1cfe671bedd6fc8652c5821fa55af5,10,RISE,000000000000000000000011111111,204,198,182,/home/zhupl25/chiplet_side_channel/chiplet_gds_data/power_macro/delay_chain/ftc/runs/b_fe_frontend/bfe14_arch1_benign_temp_drift/physical/seed_41002/t_+125C/source_hspice,VALID,6,6,0,0
41002,6dace8106119b4409b89fa9089489bb4a8a08408e2b4e60cc383a9ec26beb652,125,a47522d223ca7148c306a44da11f67079a1cfe671bedd6fc8652c5821fa55af5,11,FALL,000000000000000000000011111111,204,198,182,/home/zhupl25/chiplet_side_channel/chiplet_gds_data/power_macro/delay_chain/ftc/runs/b_fe_frontend/bfe14_arch1_benign_temp_drift/physical/seed_41002/t_+125C/source_hspice,VALID,22,22,0,0
41002,6dace8106119b4409b89fa9089489bb4a8a08408e2b4e60cc383a9ec26beb652,125,a47522d223ca7148c306a44da11f67079a1cfe671bedd6fc8652c5821fa55af5,12,RISE,000000000000000000000011111111,204,198,182,/home/zhupl25/chiplet_side_channel/chiplet_gds_data/power_macro/delay_chain/ftc/runs/b_fe_frontend/bfe14_arch1_benign_temp_drift/physical/seed_41002/t_+125C/source_hspice,VALID,6,6,0,0
41002,6dace8106119b4409b89fa9089489bb4a8a08408e2b4e60cc383a9ec26beb652,125,a47522d223ca7148c306a44da11f67079a1cfe671bedd6fc8652c5821fa55af5,13,FALL,000000000000000000000011111111,204,198,182,/home/zhupl25/chiplet_side_channel/chiplet_gds_data/power_macro/delay_chain/ftc/runs/b_fe_frontend/bfe14_arch1_benign_temp_drift/physical/seed_41002/t_+125C/source_hspice,VALID,22,22,0,0
41002,6dace8106119b4409b89fa9089489bb4a8a08408e2b4e60cc383a9ec26beb652,125,a47522d223ca7148c306a44da11f67079a1cfe671bedd6fc8652c5821fa55af5,14,RISE,000000000000000000000011111111,204,198,182,/home/zhupl25/chiplet_side_channel/chiplet_gds_data/power_macro/delay_chain/ftc/runs/b_fe_frontend/bfe14_arch1_benign_temp_drift/physical/seed_41002/t_+125C/source_hspice,VALID,6,6,0,0
41002,6dace8106119b4409b89fa9089489bb4a8a08408e2b4e60cc383a9ec26beb652,125,a47522d223ca7148c306a44da11f67079a1cfe671bedd6fc8652c5821fa55af5,15,FALL,000000000000000000000011111111,204,198,182,/home/zhupl25/chiplet_side_channel/chiplet_gds_data/power_macro/delay_chain/ftc/runs/b_fe_frontend/bfe14_arch1_benign_temp_drift/physical/seed_41002/t_+125C/source_hspice,VALID,22,22,0,0
41002,6dace8106119b4409b89fa9089489bb4a8a08408e2b4e60cc383a9ec26beb652,125,a47522d223ca7148c306a44da11f67079a1cfe671bedd6fc8652c5821fa55af5,16,RISE,000000000000000000000011111111,204,198,182,/home/zhupl25/chiplet_side_channel/chiplet_gds_data/power_macro/delay_chain/ftc/runs/b_fe_frontend/bfe14_arch1_benign_temp_drift/physical/seed_41002/t_+125C/source_hspice,VALID,6,6,0,0
41002,6dace8106119b4409b89fa9089489bb4a8a08408e2b4e60cc383a9ec26beb652,125,a47522d223ca7148c306a44da11f67079a1cfe671bedd6fc8652c5821fa55af5,17,FALL,000000000000000000000011111111,204,198,182,/home/zhupl25/chiplet_side_channel/chiplet_gds_data/power_macro/delay_chain/ftc/runs/b_fe_frontend/bfe14_arch1_benign_temp_drift/physical/seed_41002/t_+125C/source_hspice,VALID,22,22,0,0
41002,6dace8106119b4409b89fa9089489bb4a8a08408e2b4e60cc383a9ec26beb652,125,a47522d223ca7148c306a44da11f67079a1cfe671bedd6fc8652c5821fa55af5,18,RISE,000000000000000000000011111111,204,198,182,/home/zhupl25/chiplet_side_channel/chiplet_gds_data/power_macro/delay_chain/ftc/runs/b_fe_frontend/bfe14_arch1_benign_temp_drift/physical/seed_41002/t_+125C/source_hspice,VALID,6,6,0,0
41002,6dace8106119b4409b89fa9089489bb4a8a08408e2b4e60cc383a9ec26beb652,125,a47522d223ca7148c306a44da11f67079a1cfe671bedd6fc8652c5821fa55af5,19,FALL,000000000000000000000011111111,204,198,182,/home/zhupl25/chiplet_side_channel/chiplet_gds_data/power_macro/delay_chain/ftc/runs/b_fe_frontend/bfe14_arch1_benign_temp_drift/physical/seed_41002/t_+125C/source_hspice,VALID,22,22,0,0
41002,6dace8106119b4409b89fa9089489bb4a8a08408e2b4e60cc383a9ec26beb652,125,a47522d223ca7148c306a44da11f67079a1cfe671bedd6fc8652c5821fa55af5,20,RISE,000000000000000000000011111111,204,198,182,/home/zhupl25/chiplet_side_channel/chiplet_gds_data/power_macro/delay_chain/ftc/runs/b_fe_frontend/bfe14_arch1_benign_temp_drift/physical/seed_41002/t_+125C/source_hspice,VALID,6,6,0,0
41002,6dace8106119b4409b89fa9089489bb4a8a08408e2b4e60cc383a9ec26beb652,125,a47522d223ca7148c306a44da11f67079a1cfe671bedd6fc8652c5821fa55af5,21,FALL,000000000000000000000011111111,204,198,182,/home/zhupl25/chiplet_side_channel/chiplet_gds_data/power_macro/delay_chain/ftc/runs/b_fe_frontend/bfe14_arch1_benign_temp_drift/physical/seed_41002/t_+125C/source_hspice,VALID,22,22,0,0
41002,6dace8106119b4409b89fa9089489bb4a8a08408e2b4e60cc383a9ec26beb652,125,a47522d223ca7148c306a44da11f67079a1cfe671bedd6fc8652c5821fa55af5,22,RISE,000000000000000000000011111111,204,198,182,/home/zhupl25/chiplet_side_channel/chiplet_gds_data/power_macro/delay_chain/ftc/runs/b_fe_frontend/bfe14_arch1_benign_temp_drift/physical/seed_41002/t_+125C/source_hspice,VALID,6,6,0,0
41002,6dace8106119b4409b89fa9089489bb4a8a08408e2b4e60cc383a9ec26beb652,125,a47522d223ca7148c306a44da11f67079a1cfe671bedd6fc8652c5821fa55af5,23,FALL,000000000000000000000011111111,204,198,182,/home/zhupl25/chiplet_side_channel/chiplet_gds_data/power_macro/delay_chain/ftc/runs/b_fe_frontend/bfe14_arch1_benign_temp_drift/physical/seed_41002/t_+125C/source_hspice,VALID,22,22,0,0
41003,633c1708c14f0ca327d366892321ebd783a5a158d0ca863392266115d27742d5,-40,a47522d223ca7148c306a44da11f67079a1cfe671bedd6fc8652c5821fa55af5,0,RISE,000000000000000000000000011111,135,159,128,/home/zhupl25/chiplet_side_channel/chiplet_gds_data/power_macro/delay_chain/ftc/runs/b_fe_frontend/bfe14_arch1_benign_temp_drift/physical/seed_41003/t_-040C/source_hspice,VALID,-24,24,0,0
41003,633c1708c14f0ca327d366892321ebd783a5a158d0ca863392266115d27742d5,-40,a47522d223ca7148c306a44da11f67079a1cfe671bedd6fc8652c5821fa55af5,1,FALL,000000000000000000000000000111,84,159,128,/home/zhupl25/chiplet_side_channel/chiplet_gds_data/power_macro/delay_chain/ftc/runs/b_fe_frontend/bfe14_arch1_benign_temp_drift/physical/seed_41003/t_-040C/source_hspice,VALID,-44,44,0,0
41003,633c1708c14f0ca327d366892321ebd783a5a158d0ca863392266115d27742d5,-40,a47522d223ca7148c306a44da11f67079a1cfe671bedd6fc8652c5821fa55af5,2,RISE,000000000000000000000000011111,135,159,128,/home/zhupl25/chiplet_side_channel/chiplet_gds_data/power_macro/delay_chain/ftc/runs/b_fe_frontend/bfe14_arch1_benign_temp_drift/physical/seed_41003/t_-040C/source_hspice,VALID,-24,24,0,0
41003,633c1708c14f0ca327d366892321ebd783a5a158d0ca863392266115d27742d5,-40,a47522d223ca7148c306a44da11f67079a1cfe671bedd6fc8652c5821fa55af5,3,FALL,000000000000000000000000000111,84,159,128,/home/zhupl25/chiplet_side_channel/chiplet_gds_data/power_macro/delay_chain/ftc/runs/b_fe_frontend/bfe14_arch1_benign_temp_drift/physical/seed_41003/t_-040C/source_hspice,VALID,-44,44,0,0
41003,633c1708c14f0ca327d366892321ebd783a5a158d0ca863392266115d27742d5,-40,a47522d223ca7148c306a44da11f67079a1cfe671bedd6fc8652c5821fa55af5,4,RISE,000000000000000000000000011111,135,159,128,/home/zhupl25/chiplet_side_channel/chiplet_gds_data/power_macro/delay_chain/ftc/runs/b_fe_frontend/bfe14_arch1_benign_temp_drift/physical/seed_41003/t_-040C/source_hspice,VALID,-24,24,0,0
41003,633c1708c14f0ca327d366892321ebd783a5a158d0ca863392266115d27742d5,-40,a47522d223ca7148c306a44da11f67079a1cfe671bedd6fc8652c5821fa55af5,5,FALL,000000000000000000000000000111,84,159,128,/home/zhupl25/chiplet_side_channel/chiplet_gds_data/power_macro/delay_chain/ftc/runs/b_fe_frontend/bfe14_arch1_benign_temp_drift/physical/seed_41003/t_-040C/source_hspice,VALID,-44,44,0,0
41003,633c1708c14f0ca327d366892321ebd783a5a158d0ca863392266115d27742d5,-40,a47522d223ca7148c306a44da11f67079a1cfe671bedd6fc8652c5821fa55af5,6,RISE,000000000000000000000000011111,135,159,128,/home/zhupl25/chiplet_side_channel/chiplet_gds_data/power_macro/delay_chain/ftc/runs/b_fe_frontend/bfe14_arch1_benign_temp_drift/physical/seed_41003/t_-040C/source_hspice,VALID,-24,24,0,0
41003,633c1708c14f0ca327d366892321ebd783a5a158d0ca863392266115d27742d5,-40,a47522d223ca7148c306a44da11f67079a1cfe671bedd6fc8652c5821fa55af5,7,FALL,000000000000000000000000000111,84,159,128,/home/zhupl25/chiplet_side_channel/chiplet_gds_data/power_macro/delay_chain/ftc/runs/b_fe_frontend/bfe14_arch1_benign_temp_drift/physical/seed_41003/t_-040C/source_hspice,VALID,-44,44,0,0
41003,633c1708c14f0ca327d366892321ebd783a5a158d0ca863392266115d27742d5,-40,a47522d223ca7148c306a44da11f67079a1cfe671bedd6fc8652c5821fa55af5,8,RISE,000000000000000000000000011111,135,159,128,/home/zhupl25/chiplet_side_channel/chiplet_gds_data/power_macro/delay_chain/ftc/runs/b_fe_frontend/bfe14_arch1_benign_temp_drift/physical/seed_41003/t_-040C/source_hspice,VALID,-24,24,0,0
41003,633c1708c14f0ca327d366892321ebd783a5a158d0ca863392266115d27742d5,-40,a47522d223ca7148c306a44da11f67079a1cfe671bedd6fc8652c5821fa55af5,9,FALL,000000000000000000000000000111,84,159,128,/home/zhupl25/chiplet_side_channel/chiplet_gds_data/power_macro/delay_chain/ftc/runs/b_fe_frontend/bfe14_arch1_benign_temp_drift/physical/seed_41003/t_-040C/source_hspice,VALID,-44,44,0,0
41003,633c1708c14f0ca327d366892321ebd783a5a158d0ca863392266115d27742d5,-40,a47522d223ca7148c306a44da11f67079a1cfe671bedd6fc8652c5821fa55af5,10,RISE,000000000000000000000000011111,135,159,128,/home/zhupl25/chiplet_side_channel/chiplet_gds_data/power_macro/delay_chain/ftc/runs/b_fe_frontend/bfe14_arch1_benign_temp_drift/physical/seed_41003/t_-040C/source_hspice,VALID,-24,24,0,0
41003,633c1708c14f0ca327d366892321ebd783a5a158d0ca863392266115d27742d5,-40,a47522d223ca7148c306a44da11f67079a1cfe671bedd6fc8652c5821fa55af5,11,FALL,000000000000000000000000000111,84,159,128,/home/zhupl25/chiplet_side_channel/chiplet_gds_data/power_macro/delay_chain/ftc/runs/b_fe_frontend/bfe14_arch1_benign_temp_drift/physical/seed_41003/t_-040C/source_hspice,VALID,-44,44,0,0
41003,633c1708c14f0ca327d366892321ebd783a5a158d0ca863392266115d27742d5,-40,a47522d223ca7148c306a44da11f67079a1cfe671bedd6fc8652c5821fa55af5,12,RISE,000000000000000000000000011111,135,159,128,/home/zhupl25/chiplet_side_channel/chiplet_gds_data/power_macro/delay_chain/ftc/runs/b_fe_frontend/bfe14_arch1_benign_temp_drift/physical/seed_41003/t_-040C/source_hspice,VALID,-24,24,0,0
41003,633c1708c14f0ca327d366892321ebd783a5a158d0ca863392266115d27742d5,-40,a47522d223ca7148c306a44da11f67079a1cfe671bedd6fc8652c5821fa55af5,13,FALL,000000000000000000000000000111,84,159,128,/home/zhupl25/chiplet_side_channel/chiplet_gds_data/power_macro/delay_chain/ftc/runs/b_fe_frontend/bfe14_arch1_benign_temp_drift/physical/seed_41003/t_-040C/source_hspice,VALID,-44,44,0,0
41003,633c1708c14f0ca327d366892321ebd783a5a158d0ca863392266115d27742d5,-40,a47522d223ca7148c306a44da11f67079a1cfe671bedd6fc8652c5821fa55af5,14,RISE,000000000000000000000000011111,135,159,128,/home/zhupl25/chiplet_side_channel/chiplet_gds_data/power_macro/delay_chain/ftc/runs/b_fe_frontend/bfe14_arch1_benign_temp_drift/physical/seed_41003/t_-040C/source_hspice,VALID,-24,24,0,0
41003,633c1708c14f0ca327d366892321ebd783a5a158d0ca863392266115d27742d5,-40,a47522d223ca7148c306a44da11f67079a1cfe671bedd6fc8652c5821fa55af5,15,FALL,000000000000000000000000000111,84,159,128,/home/zhupl25/chiplet_side_channel/chiplet_gds_data/power_macro/delay_chain/ftc/runs/b_fe_frontend/bfe14_arch1_benign_temp_drift/physical/seed_41003/t_-040C/source_hspice,VALID,-44,44,0,0
41003,633c1708c14f0ca327d366892321ebd783a5a158d0ca863392266115d27742d5,-40,a47522d223ca7148c306a44da11f67079a1cfe671bedd6fc8652c5821fa55af5,16,RISE,000000000000000000000000011111,135,159,128,/home/zhupl25/chiplet_side_channel/chiplet_gds_data/power_macro/delay_chain/ftc/runs/b_fe_frontend/bfe14_arch1_benign_temp_drift/physical/seed_41003/t_-040C/source_hspice,VALID,-24,24,0,0
41003,633c1708c14f0ca327d366892321ebd783a5a158d0ca863392266115d27742d5,-40,a47522d223ca7148c306a44da11f67079a1cfe671bedd6fc8652c5821fa55af5,17,FALL,000000000000000000000000000111,84,159,128,/home/zhupl25/chiplet_side_channel/chiplet_gds_data/power_macro/delay_chain/ftc/runs/b_fe_frontend/bfe14_arch1_benign_temp_drift/physical/seed_41003/t_-040C/source_hspice,VALID,-44,44,0,0
41003,633c1708c14f0ca327d366892321ebd783a5a158d0ca863392266115d27742d5,-40,a47522d223ca7148c306a44da11f67079a1cfe671bedd6fc8652c5821fa55af5,18,RISE,000000000000000000000000011111,135,159,128,/home/zhupl25/chiplet_side_channel/chiplet_gds_data/power_macro/delay_chain/ftc/runs/b_fe_frontend/bfe14_arch1_benign_temp_drift/physical/seed_41003/t_-040C/source_hspice,VALID,-24,24,0,0
41003,633c1708c14f0ca327d366892321ebd783a5a158d0ca863392266115d27742d5,-40,a47522d223ca7148c306a44da11f67079a1cfe671bedd6fc8652c5821fa55af5,19,FALL,000000000000000000000000000111,84,159,128,/home/zhupl25/chiplet_side_channel/chiplet_gds_data/power_macro/delay_chain/ftc/runs/b_fe_frontend/bfe14_arch1_benign_temp_drift/physical/seed_41003/t_-040C/source_hspice,VALID,-44,44,0,0
41003,633c1708c14f0ca327d366892321ebd783a5a158d0ca863392266115d27742d5,-40,a47522d223ca7148c306a44da11f67079a1cfe671bedd6fc8652c5821fa55af5,20,RISE,000000000000000000000000011111,135,159,128,/home/zhupl25/chiplet_side_channel/chiplet_gds_data/power_macro/delay_chain/ftc/runs/b_fe_frontend/bfe14_arch1_benign_temp_drift/physical/seed_41003/t_-040C/source_hspice,VALID,-24,24,0,0
41003,633c1708c14f0ca327d366892321ebd783a5a158d0ca863392266115d27742d5,-40,a47522d223ca7148c306a44da11f67079a1cfe671bedd6fc8652c5821fa55af5,21,FALL,000000000000000000000000000111,84,159,128,/home/zhupl25/chiplet_side_channel/chiplet_gds_data/power_macro/delay_chain/ftc/runs/b_fe_frontend/bfe14_arch1_benign_temp_drift/physical/seed_41003/t_-040C/source_hspice,VALID,-44,44,0,0
41003,633c1708c14f0ca327d366892321ebd783a5a158d0ca863392266115d27742d5,-40,a47522d223ca7148c306a44da11f67079a1cfe671bedd6fc8652c5821fa55af5,22,RISE,000000000000000000000000011111,135,159,128,/home/zhupl25/chiplet_side_channel/chiplet_gds_data/power_macro/delay_chain/ftc/runs/b_fe_frontend/bfe14_arch1_benign_temp_drift/physical/seed_41003/t_-040C/source_hspice,VALID,-24,24,0,0
41003,633c1708c14f0ca327d366892321ebd783a5a158d0ca863392266115d27742d5,-40,a47522d223ca7148c306a44da11f67079a1cfe671bedd6fc8652c5821fa55af5,23,FALL,000000000000000000000000000111,84,159,128,/home/zhupl25/chiplet_side_channel/chiplet_gds_data/power_macro/delay_chain/ftc/runs/b_fe_frontend/bfe14_arch1_benign_temp_drift/physical/seed_41003/t_-040C/source_hspice,VALID,-44,44,0,0
41003,633c1708c14f0ca327d366892321ebd783a5a158d0ca863392266115d27742d5,125,a47522d223ca7148c306a44da11f67079a1cfe671bedd6fc8652c5821fa55af5,0,RISE,000000000000000000000011111111,204,159,128,/home/zhupl25/chiplet_side_channel/chiplet_gds_data/power_macro/delay_chain/ftc/runs/b_fe_frontend/bfe14_arch1_benign_temp_drift/physical/seed_41003/t_+125C/source_hspice,VALID,45,45,1,1
41003,633c1708c14f0ca327d366892321ebd783a5a158d0ca863392266115d27742d5,125,a47522d223ca7148c306a44da11f67079a1cfe671bedd6fc8652c5821fa55af5,1,FALL,000000000000000000000000111111,159,159,128,/home/zhupl25/chiplet_side_channel/chiplet_gds_data/power_macro/delay_chain/ftc/runs/b_fe_frontend/bfe14_arch1_benign_temp_drift/physical/seed_41003/t_+125C/source_hspice,VALID,31,31,0,0
41003,633c1708c14f0ca327d366892321ebd783a5a158d0ca863392266115d27742d5,125,a47522d223ca7148c306a44da11f67079a1cfe671bedd6fc8652c5821fa55af5,2,RISE,000000000000000000000011111111,204,159,128,/home/zhupl25/chiplet_side_channel/chiplet_gds_data/power_macro/delay_chain/ftc/runs/b_fe_frontend/bfe14_arch1_benign_temp_drift/physical/seed_41003/t_+125C/source_hspice,VALID,45,45,1,1
41003,633c1708c14f0ca327d366892321ebd783a5a158d0ca863392266115d27742d5,125,a47522d223ca7148c306a44da11f67079a1cfe671bedd6fc8652c5821fa55af5,3,FALL,000000000000000000000000111111,159,159,128,/home/zhupl25/chiplet_side_channel/chiplet_gds_data/power_macro/delay_chain/ftc/runs/b_fe_frontend/bfe14_arch1_benign_temp_drift/physical/seed_41003/t_+125C/source_hspice,VALID,31,31,0,0
41003,633c1708c14f0ca327d366892321ebd783a5a158d0ca863392266115d27742d5,125,a47522d223ca7148c306a44da11f67079a1cfe671bedd6fc8652c5821fa55af5,4,RISE,000000000000000000000011111111,204,159,128,/home/zhupl25/chiplet_side_channel/chiplet_gds_data/power_macro/delay_chain/ftc/runs/b_fe_frontend/bfe14_arch1_benign_temp_drift/physical/seed_41003/t_+125C/source_hspice,VALID,45,45,1,1
41003,633c1708c14f0ca327d366892321ebd783a5a158d0ca863392266115d27742d5,125,a47522d223ca7148c306a44da11f67079a1cfe671bedd6fc8652c5821fa55af5,5,FALL,000000000000000000000000111111,159,159,128,/home/zhupl25/chiplet_side_channel/chiplet_gds_data/power_macro/delay_chain/ftc/runs/b_fe_frontend/bfe14_arch1_benign_temp_drift/physical/seed_41003/t_+125C/source_hspice,VALID,31,31,0,0
41003,633c1708c14f0ca327d366892321ebd783a5a158d0ca863392266115d27742d5,125,a47522d223ca7148c306a44da11f67079a1cfe671bedd6fc8652c5821fa55af5,6,RISE,000000000000000000000001111111,182,159,128,/home/zhupl25/chiplet_side_channel/chiplet_gds_data/power_macro/delay_chain/ftc/runs/b_fe_frontend/bfe14_arch1_benign_temp_drift/physical/seed_41003/t_+125C/source_hspice,VALID,23,23,1,1
41003,633c1708c14f0ca327d366892321ebd783a5a158d0ca863392266115d27742d5,125,a47522d223ca7148c306a44da11f67079a1cfe671bedd6fc8652c5821fa55af5,7,FALL,000000000000000000000000111111,159,159,128,/home/zhupl25/chiplet_side_channel/chiplet_gds_data/power_macro/delay_chain/ftc/runs/b_fe_frontend/bfe14_arch1_benign_temp_drift/physical/seed_41003/t_+125C/source_hspice,VALID,31,31,0,0
41003,633c1708c14f0ca327d366892321ebd783a5a158d0ca863392266115d27742d5,125,a47522d223ca7148c306a44da11f67079a1cfe671bedd6fc8652c5821fa55af5,8,RISE,000000000000000000000001111111,182,159,128,/home/zhupl25/chiplet_side_channel/chiplet_gds_data/power_macro/delay_chain/ftc/runs/b_fe_frontend/bfe14_arch1_benign_temp_drift/physical/seed_41003/t_+125C/source_hspice,VALID,23,23,1,1
41003,633c1708c14f0ca327d366892321ebd783a5a158d0ca863392266115d27742d5,125,a47522d223ca7148c306a44da11f67079a1cfe671bedd6fc8652c5821fa55af5,9,FALL,000000000000000000000000111111,159,159,128,/home/zhupl25/chiplet_side_channel/chiplet_gds_data/power_macro/delay_chain/ftc/runs/b_fe_frontend/bfe14_arch1_benign_temp_drift/physical/seed_41003/t_+125C/source_hspice,VALID,31,31,0,0
41003,633c1708c14f0ca327d366892321ebd783a5a158d0ca863392266115d27742d5,125,a47522d223ca7148c306a44da11f67079a1cfe671bedd6fc8652c5821fa55af5,10,RISE,000000000000000000000011111111,204,159,128,/home/zhupl25/chiplet_side_channel/chiplet_gds_data/power_macro/delay_chain/ftc/runs/b_fe_frontend/bfe14_arch1_benign_temp_drift/physical/seed_41003/t_+125C/source_hspice,VALID,45,45,1,1
41003,633c1708c14f0ca327d366892321ebd783a5a158d0ca863392266115d27742d5,125,a47522d223ca7148c306a44da11f67079a1cfe671bedd6fc8652c5821fa55af5,11,FALL,000000000000000000000000111111,159,159,128,/home/zhupl25/chiplet_side_channel/chiplet_gds_data/power_macro/delay_chain/ftc/runs/b_fe_frontend/bfe14_arch1_benign_temp_drift/physical/seed_41003/t_+125C/source_hspice,VALID,31,31,0,0
41003,633c1708c14f0ca327d366892321ebd783a5a158d0ca863392266115d27742d5,125,a47522d223ca7148c306a44da11f67079a1cfe671bedd6fc8652c5821fa55af5,12,RISE,000000000000000000000001111111,182,159,128,/home/zhupl25/chiplet_side_channel/chiplet_gds_data/power_macro/delay_chain/ftc/runs/b_fe_frontend/bfe14_arch1_benign_temp_drift/physical/seed_41003/t_+125C/source_hspice,VALID,23,23,1,1
41003,633c1708c14f0ca327d366892321ebd783a5a158d0ca863392266115d27742d5,125,a47522d223ca7148c306a44da11f67079a1cfe671bedd6fc8652c5821fa55af5,13,FALL,000000000000000000000000111111,159,159,128,/home/zhupl25/chiplet_side_channel/chiplet_gds_data/power_macro/delay_chain/ftc/runs/b_fe_frontend/bfe14_arch1_benign_temp_drift/physical/seed_41003/t_+125C/source_hspice,VALID,31,31,0,0
41003,633c1708c14f0ca327d366892321ebd783a5a158d0ca863392266115d27742d5,125,a47522d223ca7148c306a44da11f67079a1cfe671bedd6fc8652c5821fa55af5,14,RISE,000000000000000000000001111111,182,159,128,/home/zhupl25/chiplet_side_channel/chiplet_gds_data/power_macro/delay_chain/ftc/runs/b_fe_frontend/bfe14_arch1_benign_temp_drift/physical/seed_41003/t_+125C/source_hspice,VALID,23,23,1,1
41003,633c1708c14f0ca327d366892321ebd783a5a158d0ca863392266115d27742d5,125,a47522d223ca7148c306a44da11f67079a1cfe671bedd6fc8652c5821fa55af5,15,FALL,000000000000000000000000111111,159,159,128,/home/zhupl25/chiplet_side_channel/chiplet_gds_data/power_macro/delay_chain/ftc/runs/b_fe_frontend/bfe14_arch1_benign_temp_drift/physical/seed_41003/t_+125C/source_hspice,VALID,31,31,0,0
41003,633c1708c14f0ca327d366892321ebd783a5a158d0ca863392266115d27742d5,125,a47522d223ca7148c306a44da11f67079a1cfe671bedd6fc8652c5821fa55af5,16,RISE,000000000000000000000001111111,182,159,128,/home/zhupl25/chiplet_side_channel/chiplet_gds_data/power_macro/delay_chain/ftc/runs/b_fe_frontend/bfe14_arch1_benign_temp_drift/physical/seed_41003/t_+125C/source_hspice,VALID,23,23,1,1
41003,633c1708c14f0ca327d366892321ebd783a5a158d0ca863392266115d27742d5,125,a47522d223ca7148c306a44da11f67079a1cfe671bedd6fc8652c5821fa55af5,17,FALL,000000000000000000000000111111,159,159,128,/home/zhupl25/chiplet_side_channel/chiplet_gds_data/power_macro/delay_chain/ftc/runs/b_fe_frontend/bfe14_arch1_benign_temp_drift/physical/seed_41003/t_+125C/source_hspice,VALID,31,31,0,0
41003,633c1708c14f0ca327d366892321ebd783a5a158d0ca863392266115d27742d5,125,a47522d223ca7148c306a44da11f67079a1cfe671bedd6fc8652c5821fa55af5,18,RISE,000000000000000000000001111111,182,159,128,/home/zhupl25/chiplet_side_channel/chiplet_gds_data/power_macro/delay_chain/ftc/runs/b_fe_frontend/bfe14_arch1_benign_temp_drift/physical/seed_41003/t_+125C/source_hspice,VALID,23,23,1,1
41003,633c1708c14f0ca327d366892321ebd783a5a158d0ca863392266115d27742d5,125,a47522d223ca7148c306a44da11f67079a1cfe671bedd6fc8652c5821fa55af5,19,FALL,000000000000000000000000111111,159,159,128,/home/zhupl25/chiplet_side_channel/chiplet_gds_data/power_macro/delay_chain/ftc/runs/b_fe_frontend/bfe14_arch1_benign_temp_drift/physical/seed_41003/t_+125C/source_hspice,VALID,31,31,0,0
41003,633c1708c14f0ca327d366892321ebd783a5a158d0ca863392266115d27742d5,125,a47522d223ca7148c306a44da11f67079a1cfe671bedd6fc8652c5821fa55af5,20,RISE,000000000000000000000001111111,182,159,128,/home/zhupl25/chiplet_side_channel/chiplet_gds_data/power_macro/delay_chain/ftc/runs/b_fe_frontend/bfe14_arch1_benign_temp_drift/physical/seed_41003/t_+125C/source_hspice,VALID,23,23,1,1
41003,633c1708c14f0ca327d366892321ebd783a5a158d0ca863392266115d27742d5,125,a47522d223ca7148c306a44da11f67079a1cfe671bedd6fc8652c5821fa55af5,21,FALL,000000000000000000000000111111,159,159,128,/home/zhupl25/chiplet_side_channel/chiplet_gds_data/power_macro/delay_chain/ftc/runs/b_fe_frontend/bfe14_arch1_benign_temp_drift/physical/seed_41003/t_+125C/source_hspice,VALID,31,31,0,0
41003,633c1708c14f0ca327d366892321ebd783a5a158d0ca863392266115d27742d5,125,a47522d223ca7148c306a44da11f67079a1cfe671bedd6fc8652c5821fa55af5,22,RISE,000000000000000000000011111111,204,159,128,/home/zhupl25/chiplet_side_channel/chiplet_gds_data/power_macro/delay_chain/ftc/runs/b_fe_frontend/bfe14_arch1_benign_temp_drift/physical/seed_41003/t_+125C/source_hspice,VALID,45,45,1,1
41003,633c1708c14f0ca327d366892321ebd783a5a158d0ca863392266115d27742d5,125,a47522d223ca7148c306a44da11f67079a1cfe671bedd6fc8652c5821fa55af5,23,FALL,000000000000000000000000111111,159,159,128,/home/zhupl25/chiplet_side_channel/chiplet_gds_data/power_macro/delay_chain/ftc/runs/b_fe_frontend/bfe14_arch1_benign_temp_drift/physical/seed_41003/t_+125C/source_hspice,VALID,31,31,0,0
41004,8ba9c1a71d742bcb0f4b20065d63276a64bf8373f9edc9b9a83a1683806bbf23,-40,a47522d223ca7148c306a44da11f67079a1cfe671bedd6fc8652c5821fa55af5,0,RISE,000000000000000000000001111111,182,187,159,/home/zhupl25/chiplet_side_channel/chiplet_gds_data/power_macro/delay_chain/ftc/runs/b_fe_frontend/bfe14_arch1_benign_temp_drift/physical/seed_41004/t_-040C/source_hspice,VALID,-5,5,0,0
41004,8ba9c1a71d742bcb0f4b20065d63276a64bf8373f9edc9b9a83a1683806bbf23,-40,a47522d223ca7148c306a44da11f67079a1cfe671bedd6fc8652c5821fa55af5,1,FALL,000000000000000000000000011111,135,187,159,/home/zhupl25/chiplet_side_channel/chiplet_gds_data/power_macro/delay_chain/ftc/runs/b_fe_frontend/bfe14_arch1_benign_temp_drift/physical/seed_41004/t_-040C/source_hspice,VALID,-24,24,0,0
41004,8ba9c1a71d742bcb0f4b20065d63276a64bf8373f9edc9b9a83a1683806bbf23,-40,a47522d223ca7148c306a44da11f67079a1cfe671bedd6fc8652c5821fa55af5,2,RISE,000000000000000000000001111111,182,187,159,/home/zhupl25/chiplet_side_channel/chiplet_gds_data/power_macro/delay_chain/ftc/runs/b_fe_frontend/bfe14_arch1_benign_temp_drift/physical/seed_41004/t_-040C/source_hspice,VALID,-5,5,0,0
41004,8ba9c1a71d742bcb0f4b20065d63276a64bf8373f9edc9b9a83a1683806bbf23,-40,a47522d223ca7148c306a44da11f67079a1cfe671bedd6fc8652c5821fa55af5,3,FALL,000000000000000000000000011111,135,187,159,/home/zhupl25/chiplet_side_channel/chiplet_gds_data/power_macro/delay_chain/ftc/runs/b_fe_frontend/bfe14_arch1_benign_temp_drift/physical/seed_41004/t_-040C/source_hspice,VALID,-24,24,0,0
41004,8ba9c1a71d742bcb0f4b20065d63276a64bf8373f9edc9b9a83a1683806bbf23,-40,a47522d223ca7148c306a44da11f67079a1cfe671bedd6fc8652c5821fa55af5,4,RISE,000000000000000000000001111111,182,187,159,/home/zhupl25/chiplet_side_channel/chiplet_gds_data/power_macro/delay_chain/ftc/runs/b_fe_frontend/bfe14_arch1_benign_temp_drift/physical/seed_41004/t_-040C/source_hspice,VALID,-5,5,0,0
41004,8ba9c1a71d742bcb0f4b20065d63276a64bf8373f9edc9b9a83a1683806bbf23,-40,a47522d223ca7148c306a44da11f67079a1cfe671bedd6fc8652c5821fa55af5,5,FALL,000000000000000000000000011111,135,187,159,/home/zhupl25/chiplet_side_channel/chiplet_gds_data/power_macro/delay_chain/ftc/runs/b_fe_frontend/bfe14_arch1_benign_temp_drift/physical/seed_41004/t_-040C/source_hspice,VALID,-24,24,0,0
41004,8ba9c1a71d742bcb0f4b20065d63276a64bf8373f9edc9b9a83a1683806bbf23,-40,a47522d223ca7148c306a44da11f67079a1cfe671bedd6fc8652c5821fa55af5,6,RISE,000000000000000000000001111111,182,187,159,/home/zhupl25/chiplet_side_channel/chiplet_gds_data/power_macro/delay_chain/ftc/runs/b_fe_frontend/bfe14_arch1_benign_temp_drift/physical/seed_41004/t_-040C/source_hspice,VALID,-5,5,0,0
41004,8ba9c1a71d742bcb0f4b20065d63276a64bf8373f9edc9b9a83a1683806bbf23,-40,a47522d223ca7148c306a44da11f67079a1cfe671bedd6fc8652c5821fa55af5,7,FALL,000000000000000000000000011111,135,187,159,/home/zhupl25/chiplet_side_channel/chiplet_gds_data/power_macro/delay_chain/ftc/runs/b_fe_frontend/bfe14_arch1_benign_temp_drift/physical/seed_41004/t_-040C/source_hspice,VALID,-24,24,0,0
41004,8ba9c1a71d742bcb0f4b20065d63276a64bf8373f9edc9b9a83a1683806bbf23,-40,a47522d223ca7148c306a44da11f67079a1cfe671bedd6fc8652c5821fa55af5,8,RISE,000000000000000000000001111111,182,187,159,/home/zhupl25/chiplet_side_channel/chiplet_gds_data/power_macro/delay_chain/ftc/runs/b_fe_frontend/bfe14_arch1_benign_temp_drift/physical/seed_41004/t_-040C/source_hspice,VALID,-5,5,0,0
41004,8ba9c1a71d742bcb0f4b20065d63276a64bf8373f9edc9b9a83a1683806bbf23,-40,a47522d223ca7148c306a44da11f67079a1cfe671bedd6fc8652c5821fa55af5,9,FALL,000000000000000000000000011111,135,187,159,/home/zhupl25/chiplet_side_channel/chiplet_gds_data/power_macro/delay_chain/ftc/runs/b_fe_frontend/bfe14_arch1_benign_temp_drift/physical/seed_41004/t_-040C/source_hspice,VALID,-24,24,0,0
41004,8ba9c1a71d742bcb0f4b20065d63276a64bf8373f9edc9b9a83a1683806bbf23,-40,a47522d223ca7148c306a44da11f67079a1cfe671bedd6fc8652c5821fa55af5,10,RISE,000000000000000000000001111111,182,187,159,/home/zhupl25/chiplet_side_channel/chiplet_gds_data/power_macro/delay_chain/ftc/runs/b_fe_frontend/bfe14_arch1_benign_temp_drift/physical/seed_41004/t_-040C/source_hspice,VALID,-5,5,0,0
41004,8ba9c1a71d742bcb0f4b20065d63276a64bf8373f9edc9b9a83a1683806bbf23,-40,a47522d223ca7148c306a44da11f67079a1cfe671bedd6fc8652c5821fa55af5,11,FALL,000000000000000000000000011111,135,187,159,/home/zhupl25/chiplet_side_channel/chiplet_gds_data/power_macro/delay_chain/ftc/runs/b_fe_frontend/bfe14_arch1_benign_temp_drift/physical/seed_41004/t_-040C/source_hspice,VALID,-24,24,0,0
41004,8ba9c1a71d742bcb0f4b20065d63276a64bf8373f9edc9b9a83a1683806bbf23,-40,a47522d223ca7148c306a44da11f67079a1cfe671bedd6fc8652c5821fa55af5,12,RISE,000000000000000000000001111111,182,187,159,/home/zhupl25/chiplet_side_channel/chiplet_gds_data/power_macro/delay_chain/ftc/runs/b_fe_frontend/bfe14_arch1_benign_temp_drift/physical/seed_41004/t_-040C/source_hspice,VALID,-5,5,0,0
41004,8ba9c1a71d742bcb0f4b20065d63276a64bf8373f9edc9b9a83a1683806bbf23,-40,a47522d223ca7148c306a44da11f67079a1cfe671bedd6fc8652c5821fa55af5,13,FALL,000000000000000000000000011111,135,187,159,/home/zhupl25/chiplet_side_channel/chiplet_gds_data/power_macro/delay_chain/ftc/runs/b_fe_frontend/bfe14_arch1_benign_temp_drift/physical/seed_41004/t_-040C/source_hspice,VALID,-24,24,0,0
41004,8ba9c1a71d742bcb0f4b20065d63276a64bf8373f9edc9b9a83a1683806bbf23,-40,a47522d223ca7148c306a44da11f67079a1cfe671bedd6fc8652c5821fa55af5,14,RISE,000000000000000000000001111111,182,187,159,/home/zhupl25/chiplet_side_channel/chiplet_gds_data/power_macro/delay_chain/ftc/runs/b_fe_frontend/bfe14_arch1_benign_temp_drift/physical/seed_41004/t_-040C/source_hspice,VALID,-5,5,0,0
41004,8ba9c1a71d742bcb0f4b20065d63276a64bf8373f9edc9b9a83a1683806bbf23,-40,a47522d223ca7148c306a44da11f67079a1cfe671bedd6fc8652c5821fa55af5,15,FALL,000000000000000000000000011111,135,187,159,/home/zhupl25/chiplet_side_channel/chiplet_gds_data/power_macro/delay_chain/ftc/runs/b_fe_frontend/bfe14_arch1_benign_temp_drift/physical/seed_41004/t_-040C/source_hspice,VALID,-24,24,0,0
41004,8ba9c1a71d742bcb0f4b20065d63276a64bf8373f9edc9b9a83a1683806bbf23,-40,a47522d223ca7148c306a44da11f67079a1cfe671bedd6fc8652c5821fa55af5,16,RISE,000000000000000000000001111111,182,187,159,/home/zhupl25/chiplet_side_channel/chiplet_gds_data/power_macro/delay_chain/ftc/runs/b_fe_frontend/bfe14_arch1_benign_temp_drift/physical/seed_41004/t_-040C/source_hspice,VALID,-5,5,0,0
41004,8ba9c1a71d742bcb0f4b20065d63276a64bf8373f9edc9b9a83a1683806bbf23,-40,a47522d223ca7148c306a44da11f67079a1cfe671bedd6fc8652c5821fa55af5,17,FALL,000000000000000000000000011111,135,187,159,/home/zhupl25/chiplet_side_channel/chiplet_gds_data/power_macro/delay_chain/ftc/runs/b_fe_frontend/bfe14_arch1_benign_temp_drift/physical/seed_41004/t_-040C/source_hspice,VALID,-24,24,0,0
41004,8ba9c1a71d742bcb0f4b20065d63276a64bf8373f9edc9b9a83a1683806bbf23,-40,a47522d223ca7148c306a44da11f67079a1cfe671bedd6fc8652c5821fa55af5,18,RISE,000000000000000000000001111111,182,187,159,/home/zhupl25/chiplet_side_channel/chiplet_gds_data/power_macro/delay_chain/ftc/runs/b_fe_frontend/bfe14_arch1_benign_temp_drift/physical/seed_41004/t_-040C/source_hspice,VALID,-5,5,0,0
41004,8ba9c1a71d742bcb0f4b20065d63276a64bf8373f9edc9b9a83a1683806bbf23,-40,a47522d223ca7148c306a44da11f67079a1cfe671bedd6fc8652c5821fa55af5,19,FALL,000000000000000000000000011111,135,187,159,/home/zhupl25/chiplet_side_channel/chiplet_gds_data/power_macro/delay_chain/ftc/runs/b_fe_frontend/bfe14_arch1_benign_temp_drift/physical/seed_41004/t_-040C/source_hspice,VALID,-24,24,0,0
41004,8ba9c1a71d742bcb0f4b20065d63276a64bf8373f9edc9b9a83a1683806bbf23,-40,a47522d223ca7148c306a44da11f67079a1cfe671bedd6fc8652c5821fa55af5,20,RISE,000000000000000000000000111111,159,187,159,/home/zhupl25/chiplet_side_channel/chiplet_gds_data/power_macro/delay_chain/ftc/runs/b_fe_frontend/bfe14_arch1_benign_temp_drift/physical/seed_41004/t_-040C/source_hspice,VALID,-28,28,0,0
41004,8ba9c1a71d742bcb0f4b20065d63276a64bf8373f9edc9b9a83a1683806bbf23,-40,a47522d223ca7148c306a44da11f67079a1cfe671bedd6fc8652c5821fa55af5,21,FALL,000000000000000000000000011111,135,187,159,/home/zhupl25/chiplet_side_channel/chiplet_gds_data/power_macro/delay_chain/ftc/runs/b_fe_frontend/bfe14_arch1_benign_temp_drift/physical/seed_41004/t_-040C/source_hspice,VALID,-24,24,0,0
41004,8ba9c1a71d742bcb0f4b20065d63276a64bf8373f9edc9b9a83a1683806bbf23,-40,a47522d223ca7148c306a44da11f67079a1cfe671bedd6fc8652c5821fa55af5,22,RISE,000000000000000000000001111111,182,187,159,/home/zhupl25/chiplet_side_channel/chiplet_gds_data/power_macro/delay_chain/ftc/runs/b_fe_frontend/bfe14_arch1_benign_temp_drift/physical/seed_41004/t_-040C/source_hspice,VALID,-5,5,0,0
41004,8ba9c1a71d742bcb0f4b20065d63276a64bf8373f9edc9b9a83a1683806bbf23,-40,a47522d223ca7148c306a44da11f67079a1cfe671bedd6fc8652c5821fa55af5,23,FALL,000000000000000000000000011111,135,187,159,/home/zhupl25/chiplet_side_channel/chiplet_gds_data/power_macro/delay_chain/ftc/runs/b_fe_frontend/bfe14_arch1_benign_temp_drift/physical/seed_41004/t_-040C/source_hspice,VALID,-24,24,0,0
41004,8ba9c1a71d742bcb0f4b20065d63276a64bf8373f9edc9b9a83a1683806bbf23,125,a47522d223ca7148c306a44da11f67079a1cfe671bedd6fc8652c5821fa55af5,0,RISE,000000000000000000000011111111,204,187,159,/home/zhupl25/chiplet_side_channel/chiplet_gds_data/power_macro/delay_chain/ftc/runs/b_fe_frontend/bfe14_arch1_benign_temp_drift/physical/seed_41004/t_+125C/source_hspice,VALID,17,17,0,0
41004,8ba9c1a71d742bcb0f4b20065d63276a64bf8373f9edc9b9a83a1683806bbf23,125,a47522d223ca7148c306a44da11f67079a1cfe671bedd6fc8652c5821fa55af5,1,FALL,000000000000000000000001111111,182,187,159,/home/zhupl25/chiplet_side_channel/chiplet_gds_data/power_macro/delay_chain/ftc/runs/b_fe_frontend/bfe14_arch1_benign_temp_drift/physical/seed_41004/t_+125C/source_hspice,VALID,23,23,0,0
41004,8ba9c1a71d742bcb0f4b20065d63276a64bf8373f9edc9b9a83a1683806bbf23,125,a47522d223ca7148c306a44da11f67079a1cfe671bedd6fc8652c5821fa55af5,2,RISE,000000000000000000000011111111,204,187,159,/home/zhupl25/chiplet_side_channel/chiplet_gds_data/power_macro/delay_chain/ftc/runs/b_fe_frontend/bfe14_arch1_benign_temp_drift/physical/seed_41004/t_+125C/source_hspice,VALID,17,17,0,0
41004,8ba9c1a71d742bcb0f4b20065d63276a64bf8373f9edc9b9a83a1683806bbf23,125,a47522d223ca7148c306a44da11f67079a1cfe671bedd6fc8652c5821fa55af5,3,FALL,000000000000000000000001111111,182,187,159,/home/zhupl25/chiplet_side_channel/chiplet_gds_data/power_macro/delay_chain/ftc/runs/b_fe_frontend/bfe14_arch1_benign_temp_drift/physical/seed_41004/t_+125C/source_hspice,VALID,23,23,0,0
41004,8ba9c1a71d742bcb0f4b20065d63276a64bf8373f9edc9b9a83a1683806bbf23,125,a47522d223ca7148c306a44da11f67079a1cfe671bedd6fc8652c5821fa55af5,4,RISE,000000000000000000000111111111,225,187,159,/home/zhupl25/chiplet_side_channel/chiplet_gds_data/power_macro/delay_chain/ftc/runs/b_fe_frontend/bfe14_arch1_benign_temp_drift/physical/seed_41004/t_+125C/source_hspice,VALID,38,38,1,1
41004,8ba9c1a71d742bcb0f4b20065d63276a64bf8373f9edc9b9a83a1683806bbf23,125,a47522d223ca7148c306a44da11f67079a1cfe671bedd6fc8652c5821fa55af5,5,FALL,000000000000000000000001111111,182,187,159,/home/zhupl25/chiplet_side_channel/chiplet_gds_data/power_macro/delay_chain/ftc/runs/b_fe_frontend/bfe14_arch1_benign_temp_drift/physical/seed_41004/t_+125C/source_hspice,VALID,23,23,0,0
41004,8ba9c1a71d742bcb0f4b20065d63276a64bf8373f9edc9b9a83a1683806bbf23,125,a47522d223ca7148c306a44da11f67079a1cfe671bedd6fc8652c5821fa55af5,6,RISE,000000000000000000000011111111,204,187,159,/home/zhupl25/chiplet_side_channel/chiplet_gds_data/power_macro/delay_chain/ftc/runs/b_fe_frontend/bfe14_arch1_benign_temp_drift/physical/seed_41004/t_+125C/source_hspice,VALID,17,17,0,0
41004,8ba9c1a71d742bcb0f4b20065d63276a64bf8373f9edc9b9a83a1683806bbf23,125,a47522d223ca7148c306a44da11f67079a1cfe671bedd6fc8652c5821fa55af5,7,FALL,000000000000000000000001111111,182,187,159,/home/zhupl25/chiplet_side_channel/chiplet_gds_data/power_macro/delay_chain/ftc/runs/b_fe_frontend/bfe14_arch1_benign_temp_drift/physical/seed_41004/t_+125C/source_hspice,VALID,23,23,0,0
41004,8ba9c1a71d742bcb0f4b20065d63276a64bf8373f9edc9b9a83a1683806bbf23,125,a47522d223ca7148c306a44da11f67079a1cfe671bedd6fc8652c5821fa55af5,8,RISE,000000000000000000000011111111,204,187,159,/home/zhupl25/chiplet_side_channel/chiplet_gds_data/power_macro/delay_chain/ftc/runs/b_fe_frontend/bfe14_arch1_benign_temp_drift/physical/seed_41004/t_+125C/source_hspice,VALID,17,17,0,0
41004,8ba9c1a71d742bcb0f4b20065d63276a64bf8373f9edc9b9a83a1683806bbf23,125,a47522d223ca7148c306a44da11f67079a1cfe671bedd6fc8652c5821fa55af5,9,FALL,000000000000000000000001111111,182,187,159,/home/zhupl25/chiplet_side_channel/chiplet_gds_data/power_macro/delay_chain/ftc/runs/b_fe_frontend/bfe14_arch1_benign_temp_drift/physical/seed_41004/t_+125C/source_hspice,VALID,23,23,0,0
41004,8ba9c1a71d742bcb0f4b20065d63276a64bf8373f9edc9b9a83a1683806bbf23,125,a47522d223ca7148c306a44da11f67079a1cfe671bedd6fc8652c5821fa55af5,10,RISE,000000000000000000000011111111,204,187,159,/home/zhupl25/chiplet_side_channel/chiplet_gds_data/power_macro/delay_chain/ftc/runs/b_fe_frontend/bfe14_arch1_benign_temp_drift/physical/seed_41004/t_+125C/source_hspice,VALID,17,17,0,0
41004,8ba9c1a71d742bcb0f4b20065d63276a64bf8373f9edc9b9a83a1683806bbf23,125,a47522d223ca7148c306a44da11f67079a1cfe671bedd6fc8652c5821fa55af5,11,FALL,000000000000000000000001111111,182,187,159,/home/zhupl25/chiplet_side_channel/chiplet_gds_data/power_macro/delay_chain/ftc/runs/b_fe_frontend/bfe14_arch1_benign_temp_drift/physical/seed_41004/t_+125C/source_hspice,VALID,23,23,0,0
41004,8ba9c1a71d742bcb0f4b20065d63276a64bf8373f9edc9b9a83a1683806bbf23,125,a47522d223ca7148c306a44da11f67079a1cfe671bedd6fc8652c5821fa55af5,12,RISE,000000000000000000000011111111,204,187,159,/home/zhupl25/chiplet_side_channel/chiplet_gds_data/power_macro/delay_chain/ftc/runs/b_fe_frontend/bfe14_arch1_benign_temp_drift/physical/seed_41004/t_+125C/source_hspice,VALID,17,17,0,0
41004,8ba9c1a71d742bcb0f4b20065d63276a64bf8373f9edc9b9a83a1683806bbf23,125,a47522d223ca7148c306a44da11f67079a1cfe671bedd6fc8652c5821fa55af5,13,FALL,000000000000000000000001111111,182,187,159,/home/zhupl25/chiplet_side_channel/chiplet_gds_data/power_macro/delay_chain/ftc/runs/b_fe_frontend/bfe14_arch1_benign_temp_drift/physical/seed_41004/t_+125C/source_hspice,VALID,23,23,0,0
41004,8ba9c1a71d742bcb0f4b20065d63276a64bf8373f9edc9b9a83a1683806bbf23,125,a47522d223ca7148c306a44da11f67079a1cfe671bedd6fc8652c5821fa55af5,14,RISE,000000000000000000000011111111,204,187,159,/home/zhupl25/chiplet_side_channel/chiplet_gds_data/power_macro/delay_chain/ftc/runs/b_fe_frontend/bfe14_arch1_benign_temp_drift/physical/seed_41004/t_+125C/source_hspice,VALID,17,17,0,0
41004,8ba9c1a71d742bcb0f4b20065d63276a64bf8373f9edc9b9a83a1683806bbf23,125,a47522d223ca7148c306a44da11f67079a1cfe671bedd6fc8652c5821fa55af5,15,FALL,000000000000000000000001111111,182,187,159,/home/zhupl25/chiplet_side_channel/chiplet_gds_data/power_macro/delay_chain/ftc/runs/b_fe_frontend/bfe14_arch1_benign_temp_drift/physical/seed_41004/t_+125C/source_hspice,VALID,23,23,0,0
41004,8ba9c1a71d742bcb0f4b20065d63276a64bf8373f9edc9b9a83a1683806bbf23,125,a47522d223ca7148c306a44da11f67079a1cfe671bedd6fc8652c5821fa55af5,16,RISE,000000000000000000000011111111,204,187,159,/home/zhupl25/chiplet_side_channel/chiplet_gds_data/power_macro/delay_chain/ftc/runs/b_fe_frontend/bfe14_arch1_benign_temp_drift/physical/seed_41004/t_+125C/source_hspice,VALID,17,17,0,0
41004,8ba9c1a71d742bcb0f4b20065d63276a64bf8373f9edc9b9a83a1683806bbf23,125,a47522d223ca7148c306a44da11f67079a1cfe671bedd6fc8652c5821fa55af5,17,FALL,000000000000000000000001111111,182,187,159,/home/zhupl25/chiplet_side_channel/chiplet_gds_data/power_macro/delay_chain/ftc/runs/b_fe_frontend/bfe14_arch1_benign_temp_drift/physical/seed_41004/t_+125C/source_hspice,VALID,23,23,0,0
41004,8ba9c1a71d742bcb0f4b20065d63276a64bf8373f9edc9b9a83a1683806bbf23,125,a47522d223ca7148c306a44da11f67079a1cfe671bedd6fc8652c5821fa55af5,18,RISE,000000000000000000000011111111,204,187,159,/home/zhupl25/chiplet_side_channel/chiplet_gds_data/power_macro/delay_chain/ftc/runs/b_fe_frontend/bfe14_arch1_benign_temp_drift/physical/seed_41004/t_+125C/source_hspice,VALID,17,17,0,0
41004,8ba9c1a71d742bcb0f4b20065d63276a64bf8373f9edc9b9a83a1683806bbf23,125,a47522d223ca7148c306a44da11f67079a1cfe671bedd6fc8652c5821fa55af5,19,FALL,000000000000000000000001111111,182,187,159,/home/zhupl25/chiplet_side_channel/chiplet_gds_data/power_macro/delay_chain/ftc/runs/b_fe_frontend/bfe14_arch1_benign_temp_drift/physical/seed_41004/t_+125C/source_hspice,VALID,23,23,0,0
41004,8ba9c1a71d742bcb0f4b20065d63276a64bf8373f9edc9b9a83a1683806bbf23,125,a47522d223ca7148c306a44da11f67079a1cfe671bedd6fc8652c5821fa55af5,20,RISE,000000000000000000000011111111,204,187,159,/home/zhupl25/chiplet_side_channel/chiplet_gds_data/power_macro/delay_chain/ftc/runs/b_fe_frontend/bfe14_arch1_benign_temp_drift/physical/seed_41004/t_+125C/source_hspice,VALID,17,17,0,0
41004,8ba9c1a71d742bcb0f4b20065d63276a64bf8373f9edc9b9a83a1683806bbf23,125,a47522d223ca7148c306a44da11f67079a1cfe671bedd6fc8652c5821fa55af5,21,FALL,000000000000000000000001111111,182,187,159,/home/zhupl25/chiplet_side_channel/chiplet_gds_data/power_macro/delay_chain/ftc/runs/b_fe_frontend/bfe14_arch1_benign_temp_drift/physical/seed_41004/t_+125C/source_hspice,VALID,23,23,0,0
41004,8ba9c1a71d742bcb0f4b20065d63276a64bf8373f9edc9b9a83a1683806bbf23,125,a47522d223ca7148c306a44da11f67079a1cfe671bedd6fc8652c5821fa55af5,22,RISE,000000000000000000000011111111,204,187,159,/home/zhupl25/chiplet_side_channel/chiplet_gds_data/power_macro/delay_chain/ftc/runs/b_fe_frontend/bfe14_arch1_benign_temp_drift/physical/seed_41004/t_+125C/source_hspice,VALID,17,17,0,0
41004,8ba9c1a71d742bcb0f4b20065d63276a64bf8373f9edc9b9a83a1683806bbf23,125,a47522d223ca7148c306a44da11f67079a1cfe671bedd6fc8652c5821fa55af5,23,FALL,000000000000000000000001111111,182,187,159,/home/zhupl25/chiplet_side_channel/chiplet_gds_data/power_macro/delay_chain/ftc/runs/b_fe_frontend/bfe14_arch1_benign_temp_drift/physical/seed_41004/t_+125C/source_hspice,VALID,23,23,0,0
41005,78ec35f87dabab08082cd50954fc18094bbb1de54b7d81418fdede92caa2bd1f,-40,a47522d223ca7148c306a44da11f67079a1cfe671bedd6fc8652c5821fa55af5,0,RISE,000000000000000000000001111111,182,204,176,/home/zhupl25/chiplet_side_channel/chiplet_gds_data/power_macro/delay_chain/ftc/runs/b_fe_frontend/bfe14_arch1_benign_temp_drift/physical/seed_41005/t_-040C/source_hspice,VALID,-22,22,0,0
41005,78ec35f87dabab08082cd50954fc18094bbb1de54b7d81418fdede92caa2bd1f,-40,a47522d223ca7148c306a44da11f67079a1cfe671bedd6fc8652c5821fa55af5,1,FALL,000000000000000000000000111111,159,204,176,/home/zhupl25/chiplet_side_channel/chiplet_gds_data/power_macro/delay_chain/ftc/runs/b_fe_frontend/bfe14_arch1_benign_temp_drift/physical/seed_41005/t_-040C/source_hspice,VALID,-17,17,0,0
41005,78ec35f87dabab08082cd50954fc18094bbb1de54b7d81418fdede92caa2bd1f,-40,a47522d223ca7148c306a44da11f67079a1cfe671bedd6fc8652c5821fa55af5,2,RISE,000000000000000000000001111111,182,204,176,/home/zhupl25/chiplet_side_channel/chiplet_gds_data/power_macro/delay_chain/ftc/runs/b_fe_frontend/bfe14_arch1_benign_temp_drift/physical/seed_41005/t_-040C/source_hspice,VALID,-22,22,0,0
41005,78ec35f87dabab08082cd50954fc18094bbb1de54b7d81418fdede92caa2bd1f,-40,a47522d223ca7148c306a44da11f67079a1cfe671bedd6fc8652c5821fa55af5,3,FALL,000000000000000000000000011111,135,204,176,/home/zhupl25/chiplet_side_channel/chiplet_gds_data/power_macro/delay_chain/ftc/runs/b_fe_frontend/bfe14_arch1_benign_temp_drift/physical/seed_41005/t_-040C/source_hspice,VALID,-41,41,0,0
41005,78ec35f87dabab08082cd50954fc18094bbb1de54b7d81418fdede92caa2bd1f,-40,a47522d223ca7148c306a44da11f67079a1cfe671bedd6fc8652c5821fa55af5,4,RISE,000000000000000000000011111111,204,204,176,/home/zhupl25/chiplet_side_channel/chiplet_gds_data/power_macro/delay_chain/ftc/runs/b_fe_frontend/bfe14_arch1_benign_temp_drift/physical/seed_41005/t_-040C/source_hspice,VALID,0,0,0,0
41005,78ec35f87dabab08082cd50954fc18094bbb1de54b7d81418fdede92caa2bd1f,-40,a47522d223ca7148c306a44da11f67079a1cfe671bedd6fc8652c5821fa55af5,5,FALL,000000000000000000000000111111,159,204,176,/home/zhupl25/chiplet_side_channel/chiplet_gds_data/power_macro/delay_chain/ftc/runs/b_fe_frontend/bfe14_arch1_benign_temp_drift/physical/seed_41005/t_-040C/source_hspice,VALID,-17,17,0,0
41005,78ec35f87dabab08082cd50954fc18094bbb1de54b7d81418fdede92caa2bd1f,-40,a47522d223ca7148c306a44da11f67079a1cfe671bedd6fc8652c5821fa55af5,6,RISE,000000000000000000000001111111,182,204,176,/home/zhupl25/chiplet_side_channel/chiplet_gds_data/power_macro/delay_chain/ftc/runs/b_fe_frontend/bfe14_arch1_benign_temp_drift/physical/seed_41005/t_-040C/source_hspice,VALID,-22,22,0,0
41005,78ec35f87dabab08082cd50954fc18094bbb1de54b7d81418fdede92caa2bd1f,-40,a47522d223ca7148c306a44da11f67079a1cfe671bedd6fc8652c5821fa55af5,7,FALL,000000000000000000000000111111,159,204,176,/home/zhupl25/chiplet_side_channel/chiplet_gds_data/power_macro/delay_chain/ftc/runs/b_fe_frontend/bfe14_arch1_benign_temp_drift/physical/seed_41005/t_-040C/source_hspice,VALID,-17,17,0,0
41005,78ec35f87dabab08082cd50954fc18094bbb1de54b7d81418fdede92caa2bd1f,-40,a47522d223ca7148c306a44da11f67079a1cfe671bedd6fc8652c5821fa55af5,8,RISE,000000000000000000000001111111,182,204,176,/home/zhupl25/chiplet_side_channel/chiplet_gds_data/power_macro/delay_chain/ftc/runs/b_fe_frontend/bfe14_arch1_benign_temp_drift/physical/seed_41005/t_-040C/source_hspice,VALID,-22,22,0,0
41005,78ec35f87dabab08082cd50954fc18094bbb1de54b7d81418fdede92caa2bd1f,-40,a47522d223ca7148c306a44da11f67079a1cfe671bedd6fc8652c5821fa55af5,9,FALL,000000000000000000000000111111,159,204,176,/home/zhupl25/chiplet_side_channel/chiplet_gds_data/power_macro/delay_chain/ftc/runs/b_fe_frontend/bfe14_arch1_benign_temp_drift/physical/seed_41005/t_-040C/source_hspice,VALID,-17,17,0,0
41005,78ec35f87dabab08082cd50954fc18094bbb1de54b7d81418fdede92caa2bd1f,-40,a47522d223ca7148c306a44da11f67079a1cfe671bedd6fc8652c5821fa55af5,10,RISE,000000000000000000000001111111,182,204,176,/home/zhupl25/chiplet_side_channel/chiplet_gds_data/power_macro/delay_chain/ftc/runs/b_fe_frontend/bfe14_arch1_benign_temp_drift/physical/seed_41005/t_-040C/source_hspice,VALID,-22,22,0,0
41005,78ec35f87dabab08082cd50954fc18094bbb1de54b7d81418fdede92caa2bd1f,-40,a47522d223ca7148c306a44da11f67079a1cfe671bedd6fc8652c5821fa55af5,11,FALL,000000000000000000000000111111,159,204,176,/home/zhupl25/chiplet_side_channel/chiplet_gds_data/power_macro/delay_chain/ftc/runs/b_fe_frontend/bfe14_arch1_benign_temp_drift/physical/seed_41005/t_-040C/source_hspice,VALID,-17,17,0,0
41005,78ec35f87dabab08082cd50954fc18094bbb1de54b7d81418fdede92caa2bd1f,-40,a47522d223ca7148c306a44da11f67079a1cfe671bedd6fc8652c5821fa55af5,12,RISE,000000000000000000000001111111,182,204,176,/home/zhupl25/chiplet_side_channel/chiplet_gds_data/power_macro/delay_chain/ftc/runs/b_fe_frontend/bfe14_arch1_benign_temp_drift/physical/seed_41005/t_-040C/source_hspice,VALID,-22,22,0,0
41005,78ec35f87dabab08082cd50954fc18094bbb1de54b7d81418fdede92caa2bd1f,-40,a47522d223ca7148c306a44da11f67079a1cfe671bedd6fc8652c5821fa55af5,13,FALL,000000000000000000000000011111,135,204,176,/home/zhupl25/chiplet_side_channel/chiplet_gds_data/power_macro/delay_chain/ftc/runs/b_fe_frontend/bfe14_arch1_benign_temp_drift/physical/seed_41005/t_-040C/source_hspice,VALID,-41,41,0,0
41005,78ec35f87dabab08082cd50954fc18094bbb1de54b7d81418fdede92caa2bd1f,-40,a47522d223ca7148c306a44da11f67079a1cfe671bedd6fc8652c5821fa55af5,14,RISE,000000000000000000000001111111,182,204,176,/home/zhupl25/chiplet_side_channel/chiplet_gds_data/power_macro/delay_chain/ftc/runs/b_fe_frontend/bfe14_arch1_benign_temp_drift/physical/seed_41005/t_-040C/source_hspice,VALID,-22,22,0,0
41005,78ec35f87dabab08082cd50954fc18094bbb1de54b7d81418fdede92caa2bd1f,-40,a47522d223ca7148c306a44da11f67079a1cfe671bedd6fc8652c5821fa55af5,15,FALL,000000000000000000000000111111,159,204,176,/home/zhupl25/chiplet_side_channel/chiplet_gds_data/power_macro/delay_chain/ftc/runs/b_fe_frontend/bfe14_arch1_benign_temp_drift/physical/seed_41005/t_-040C/source_hspice,VALID,-17,17,0,0
41005,78ec35f87dabab08082cd50954fc18094bbb1de54b7d81418fdede92caa2bd1f,-40,a47522d223ca7148c306a44da11f67079a1cfe671bedd6fc8652c5821fa55af5,16,RISE,000000000000000000000001111111,182,204,176,/home/zhupl25/chiplet_side_channel/chiplet_gds_data/power_macro/delay_chain/ftc/runs/b_fe_frontend/bfe14_arch1_benign_temp_drift/physical/seed_41005/t_-040C/source_hspice,VALID,-22,22,0,0
41005,78ec35f87dabab08082cd50954fc18094bbb1de54b7d81418fdede92caa2bd1f,-40,a47522d223ca7148c306a44da11f67079a1cfe671bedd6fc8652c5821fa55af5,17,FALL,000000000000000000000000111111,159,204,176,/home/zhupl25/chiplet_side_channel/chiplet_gds_data/power_macro/delay_chain/ftc/runs/b_fe_frontend/bfe14_arch1_benign_temp_drift/physical/seed_41005/t_-040C/source_hspice,VALID,-17,17,0,0
41005,78ec35f87dabab08082cd50954fc18094bbb1de54b7d81418fdede92caa2bd1f,-40,a47522d223ca7148c306a44da11f67079a1cfe671bedd6fc8652c5821fa55af5,18,RISE,000000000000000000000001111111,182,204,176,/home/zhupl25/chiplet_side_channel/chiplet_gds_data/power_macro/delay_chain/ftc/runs/b_fe_frontend/bfe14_arch1_benign_temp_drift/physical/seed_41005/t_-040C/source_hspice,VALID,-22,22,0,0
41005,78ec35f87dabab08082cd50954fc18094bbb1de54b7d81418fdede92caa2bd1f,-40,a47522d223ca7148c306a44da11f67079a1cfe671bedd6fc8652c5821fa55af5,19,FALL,000000000000000000000000111111,159,204,176,/home/zhupl25/chiplet_side_channel/chiplet_gds_data/power_macro/delay_chain/ftc/runs/b_fe_frontend/bfe14_arch1_benign_temp_drift/physical/seed_41005/t_-040C/source_hspice,VALID,-17,17,0,0
41005,78ec35f87dabab08082cd50954fc18094bbb1de54b7d81418fdede92caa2bd1f,-40,a47522d223ca7148c306a44da11f67079a1cfe671bedd6fc8652c5821fa55af5,20,RISE,000000000000000000000001111111,182,204,176,/home/zhupl25/chiplet_side_channel/chiplet_gds_data/power_macro/delay_chain/ftc/runs/b_fe_frontend/bfe14_arch1_benign_temp_drift/physical/seed_41005/t_-040C/source_hspice,VALID,-22,22,0,0
41005,78ec35f87dabab08082cd50954fc18094bbb1de54b7d81418fdede92caa2bd1f,-40,a47522d223ca7148c306a44da11f67079a1cfe671bedd6fc8652c5821fa55af5,21,FALL,000000000000000000000000011111,135,204,176,/home/zhupl25/chiplet_side_channel/chiplet_gds_data/power_macro/delay_chain/ftc/runs/b_fe_frontend/bfe14_arch1_benign_temp_drift/physical/seed_41005/t_-040C/source_hspice,VALID,-41,41,0,0
41005,78ec35f87dabab08082cd50954fc18094bbb1de54b7d81418fdede92caa2bd1f,-40,a47522d223ca7148c306a44da11f67079a1cfe671bedd6fc8652c5821fa55af5,22,RISE,000000000000000000000001111111,182,204,176,/home/zhupl25/chiplet_side_channel/chiplet_gds_data/power_macro/delay_chain/ftc/runs/b_fe_frontend/bfe14_arch1_benign_temp_drift/physical/seed_41005/t_-040C/source_hspice,VALID,-22,22,0,0
41005,78ec35f87dabab08082cd50954fc18094bbb1de54b7d81418fdede92caa2bd1f,-40,a47522d223ca7148c306a44da11f67079a1cfe671bedd6fc8652c5821fa55af5,23,FALL,000000000000000000000000111111,159,204,176,/home/zhupl25/chiplet_side_channel/chiplet_gds_data/power_macro/delay_chain/ftc/runs/b_fe_frontend/bfe14_arch1_benign_temp_drift/physical/seed_41005/t_-040C/source_hspice,VALID,-17,17,0,0
41005,78ec35f87dabab08082cd50954fc18094bbb1de54b7d81418fdede92caa2bd1f,125,a47522d223ca7148c306a44da11f67079a1cfe671bedd6fc8652c5821fa55af5,0,RISE,000000000000000000000111111111,225,204,176,/home/zhupl25/chiplet_side_channel/chiplet_gds_data/power_macro/delay_chain/ftc/runs/b_fe_frontend/bfe14_arch1_benign_temp_drift/physical/seed_41005/t_+125C/source_hspice,VALID,21,21,1,1
41005,78ec35f87dabab08082cd50954fc18094bbb1de54b7d81418fdede92caa2bd1f,125,a47522d223ca7148c306a44da11f67079a1cfe671bedd6fc8652c5821fa55af5,1,FALL,000000000000000000000011111111,204,204,176,/home/zhupl25/chiplet_side_channel/chiplet_gds_data/power_macro/delay_chain/ftc/runs/b_fe_frontend/bfe14_arch1_benign_temp_drift/physical/seed_41005/t_+125C/source_hspice,VALID,28,28,0,0
41005,78ec35f87dabab08082cd50954fc18094bbb1de54b7d81418fdede92caa2bd1f,125,a47522d223ca7148c306a44da11f67079a1cfe671bedd6fc8652c5821fa55af5,2,RISE,000000000000000000000111111111,225,204,176,/home/zhupl25/chiplet_side_channel/chiplet_gds_data/power_macro/delay_chain/ftc/runs/b_fe_frontend/bfe14_arch1_benign_temp_drift/physical/seed_41005/t_+125C/source_hspice,VALID,21,21,1,1
41005,78ec35f87dabab08082cd50954fc18094bbb1de54b7d81418fdede92caa2bd1f,125,a47522d223ca7148c306a44da11f67079a1cfe671bedd6fc8652c5821fa55af5,3,FALL,000000000000000000000011111111,204,204,176,/home/zhupl25/chiplet_side_channel/chiplet_gds_data/power_macro/delay_chain/ftc/runs/b_fe_frontend/bfe14_arch1_benign_temp_drift/physical/seed_41005/t_+125C/source_hspice,VALID,28,28,0,0
41005,78ec35f87dabab08082cd50954fc18094bbb1de54b7d81418fdede92caa2bd1f,125,a47522d223ca7148c306a44da11f67079a1cfe671bedd6fc8652c5821fa55af5,4,RISE,000000000000000000000111111111,225,204,176,/home/zhupl25/chiplet_side_channel/chiplet_gds_data/power_macro/delay_chain/ftc/runs/b_fe_frontend/bfe14_arch1_benign_temp_drift/physical/seed_41005/t_+125C/source_hspice,VALID,21,21,1,1
41005,78ec35f87dabab08082cd50954fc18094bbb1de54b7d81418fdede92caa2bd1f,125,a47522d223ca7148c306a44da11f67079a1cfe671bedd6fc8652c5821fa55af5,5,FALL,000000000000000000000011111111,204,204,176,/home/zhupl25/chiplet_side_channel/chiplet_gds_data/power_macro/delay_chain/ftc/runs/b_fe_frontend/bfe14_arch1_benign_temp_drift/physical/seed_41005/t_+125C/source_hspice,VALID,28,28,0,0
41005,78ec35f87dabab08082cd50954fc18094bbb1de54b7d81418fdede92caa2bd1f,125,a47522d223ca7148c306a44da11f67079a1cfe671bedd6fc8652c5821fa55af5,6,RISE,000000000000000000000111111111,225,204,176,/home/zhupl25/chiplet_side_channel/chiplet_gds_data/power_macro/delay_chain/ftc/runs/b_fe_frontend/bfe14_arch1_benign_temp_drift/physical/seed_41005/t_+125C/source_hspice,VALID,21,21,1,1
41005,78ec35f87dabab08082cd50954fc18094bbb1de54b7d81418fdede92caa2bd1f,125,a47522d223ca7148c306a44da11f67079a1cfe671bedd6fc8652c5821fa55af5,7,FALL,000000000000000000000011111111,204,204,176,/home/zhupl25/chiplet_side_channel/chiplet_gds_data/power_macro/delay_chain/ftc/runs/b_fe_frontend/bfe14_arch1_benign_temp_drift/physical/seed_41005/t_+125C/source_hspice,VALID,28,28,0,0
41005,78ec35f87dabab08082cd50954fc18094bbb1de54b7d81418fdede92caa2bd1f,125,a47522d223ca7148c306a44da11f67079a1cfe671bedd6fc8652c5821fa55af5,8,RISE,000000000000000000000111111111,225,204,176,/home/zhupl25/chiplet_side_channel/chiplet_gds_data/power_macro/delay_chain/ftc/runs/b_fe_frontend/bfe14_arch1_benign_temp_drift/physical/seed_41005/t_+125C/source_hspice,VALID,21,21,1,1
41005,78ec35f87dabab08082cd50954fc18094bbb1de54b7d81418fdede92caa2bd1f,125,a47522d223ca7148c306a44da11f67079a1cfe671bedd6fc8652c5821fa55af5,9,FALL,000000000000000000000011111111,204,204,176,/home/zhupl25/chiplet_side_channel/chiplet_gds_data/power_macro/delay_chain/ftc/runs/b_fe_frontend/bfe14_arch1_benign_temp_drift/physical/seed_41005/t_+125C/source_hspice,VALID,28,28,0,0
41005,78ec35f87dabab08082cd50954fc18094bbb1de54b7d81418fdede92caa2bd1f,125,a47522d223ca7148c306a44da11f67079a1cfe671bedd6fc8652c5821fa55af5,10,RISE,000000000000000000000111111111,225,204,176,/home/zhupl25/chiplet_side_channel/chiplet_gds_data/power_macro/delay_chain/ftc/runs/b_fe_frontend/bfe14_arch1_benign_temp_drift/physical/seed_41005/t_+125C/source_hspice,VALID,21,21,1,1
41005,78ec35f87dabab08082cd50954fc18094bbb1de54b7d81418fdede92caa2bd1f,125,a47522d223ca7148c306a44da11f67079a1cfe671bedd6fc8652c5821fa55af5,11,FALL,000000000000000000000011111111,204,204,176,/home/zhupl25/chiplet_side_channel/chiplet_gds_data/power_macro/delay_chain/ftc/runs/b_fe_frontend/bfe14_arch1_benign_temp_drift/physical/seed_41005/t_+125C/source_hspice,VALID,28,28,0,0
41005,78ec35f87dabab08082cd50954fc18094bbb1de54b7d81418fdede92caa2bd1f,125,a47522d223ca7148c306a44da11f67079a1cfe671bedd6fc8652c5821fa55af5,12,RISE,000000000000000000000111111111,225,204,176,/home/zhupl25/chiplet_side_channel/chiplet_gds_data/power_macro/delay_chain/ftc/runs/b_fe_frontend/bfe14_arch1_benign_temp_drift/physical/seed_41005/t_+125C/source_hspice,VALID,21,21,1,1
41005,78ec35f87dabab08082cd50954fc18094bbb1de54b7d81418fdede92caa2bd1f,125,a47522d223ca7148c306a44da11f67079a1cfe671bedd6fc8652c5821fa55af5,13,FALL,000000000000000000000011111111,204,204,176,/home/zhupl25/chiplet_side_channel/chiplet_gds_data/power_macro/delay_chain/ftc/runs/b_fe_frontend/bfe14_arch1_benign_temp_drift/physical/seed_41005/t_+125C/source_hspice,VALID,28,28,0,0
41005,78ec35f87dabab08082cd50954fc18094bbb1de54b7d81418fdede92caa2bd1f,125,a47522d223ca7148c306a44da11f67079a1cfe671bedd6fc8652c5821fa55af5,14,RISE,000000000000000000000111111111,225,204,176,/home/zhupl25/chiplet_side_channel/chiplet_gds_data/power_macro/delay_chain/ftc/runs/b_fe_frontend/bfe14_arch1_benign_temp_drift/physical/seed_41005/t_+125C/source_hspice,VALID,21,21,1,1
41005,78ec35f87dabab08082cd50954fc18094bbb1de54b7d81418fdede92caa2bd1f,125,a47522d223ca7148c306a44da11f67079a1cfe671bedd6fc8652c5821fa55af5,15,FALL,000000000000000000000011111111,204,204,176,/home/zhupl25/chiplet_side_channel/chiplet_gds_data/power_macro/delay_chain/ftc/runs/b_fe_frontend/bfe14_arch1_benign_temp_drift/physical/seed_41005/t_+125C/source_hspice,VALID,28,28,0,0
41005,78ec35f87dabab08082cd50954fc18094bbb1de54b7d81418fdede92caa2bd1f,125,a47522d223ca7148c306a44da11f67079a1cfe671bedd6fc8652c5821fa55af5,16,RISE,000000000000000000000111111111,225,204,176,/home/zhupl25/chiplet_side_channel/chiplet_gds_data/power_macro/delay_chain/ftc/runs/b_fe_frontend/bfe14_arch1_benign_temp_drift/physical/seed_41005/t_+125C/source_hspice,VALID,21,21,1,1
41005,78ec35f87dabab08082cd50954fc18094bbb1de54b7d81418fdede92caa2bd1f,125,a47522d223ca7148c306a44da11f67079a1cfe671bedd6fc8652c5821fa55af5,17,FALL,000000000000000000000011111111,204,204,176,/home/zhupl25/chiplet_side_channel/chiplet_gds_data/power_macro/delay_chain/ftc/runs/b_fe_frontend/bfe14_arch1_benign_temp_drift/physical/seed_41005/t_+125C/source_hspice,VALID,28,28,0,0
41005,78ec35f87dabab08082cd50954fc18094bbb1de54b7d81418fdede92caa2bd1f,125,a47522d223ca7148c306a44da11f67079a1cfe671bedd6fc8652c5821fa55af5,18,RISE,000000000000000000000111111111,225,204,176,/home/zhupl25/chiplet_side_channel/chiplet_gds_data/power_macro/delay_chain/ftc/runs/b_fe_frontend/bfe14_arch1_benign_temp_drift/physical/seed_41005/t_+125C/source_hspice,VALID,21,21,1,1
41005,78ec35f87dabab08082cd50954fc18094bbb1de54b7d81418fdede92caa2bd1f,125,a47522d223ca7148c306a44da11f67079a1cfe671bedd6fc8652c5821fa55af5,19,FALL,000000000000000000000011111111,204,204,176,/home/zhupl25/chiplet_side_channel/chiplet_gds_data/power_macro/delay_chain/ftc/runs/b_fe_frontend/bfe14_arch1_benign_temp_drift/physical/seed_41005/t_+125C/source_hspice,VALID,28,28,0,0
41005,78ec35f87dabab08082cd50954fc18094bbb1de54b7d81418fdede92caa2bd1f,125,a47522d223ca7148c306a44da11f67079a1cfe671bedd6fc8652c5821fa55af5,20,RISE,000000000000000000000111111111,225,204,176,/home/zhupl25/chiplet_side_channel/chiplet_gds_data/power_macro/delay_chain/ftc/runs/b_fe_frontend/bfe14_arch1_benign_temp_drift/physical/seed_41005/t_+125C/source_hspice,VALID,21,21,1,1
41005,78ec35f87dabab08082cd50954fc18094bbb1de54b7d81418fdede92caa2bd1f,125,a47522d223ca7148c306a44da11f67079a1cfe671bedd6fc8652c5821fa55af5,21,FALL,000000000000000000000001111111,182,204,176,/home/zhupl25/chiplet_side_channel/chiplet_gds_data/power_macro/delay_chain/ftc/runs/b_fe_frontend/bfe14_arch1_benign_temp_drift/physical/seed_41005/t_+125C/source_hspice,VALID,6,6,0,0
41005,78ec35f87dabab08082cd50954fc18094bbb1de54b7d81418fdede92caa2bd1f,125,a47522d223ca7148c306a44da11f67079a1cfe671bedd6fc8652c5821fa55af5,22,RISE,000000000000000000000111111111,225,204,176,/home/zhupl25/chiplet_side_channel/chiplet_gds_data/power_macro/delay_chain/ftc/runs/b_fe_frontend/bfe14_arch1_benign_temp_drift/physical/seed_41005/t_+125C/source_hspice,VALID,21,21,1,1
41005,78ec35f87dabab08082cd50954fc18094bbb1de54b7d81418fdede92caa2bd1f,125,a47522d223ca7148c306a44da11f67079a1cfe671bedd6fc8652c5821fa55af5,23,FALL,000000000000000000000011111111,204,204,176,/home/zhupl25/chiplet_side_channel/chiplet_gds_data/power_macro/delay_chain/ftc/runs/b_fe_frontend/bfe14_arch1_benign_temp_drift/physical/seed_41005/t_+125C/source_hspice,VALID,28,28,0,0
41006,696854591f8b714e22e7ead41c95225b4703902d0f6115afa40b4e6798fc3190,-40,a47522d223ca7148c306a44da11f67079a1cfe671bedd6fc8652c5821fa55af5,0,RISE,000000000000000000000000111111,159,182,182,/home/zhupl25/chiplet_side_channel/chiplet_gds_data/power_macro/delay_chain/ftc/runs/b_fe_frontend/bfe14_arch1_benign_temp_drift/physical/seed_41006/t_-040C/source_hspice,VALID,-23,23,0,0
41006,696854591f8b714e22e7ead41c95225b4703902d0f6115afa40b4e6798fc3190,-40,a47522d223ca7148c306a44da11f67079a1cfe671bedd6fc8652c5821fa55af5,1,FALL,000000000000000000000000111111,159,182,182,/home/zhupl25/chiplet_side_channel/chiplet_gds_data/power_macro/delay_chain/ftc/runs/b_fe_frontend/bfe14_arch1_benign_temp_drift/physical/seed_41006/t_-040C/source_hspice,VALID,-23,23,0,0
41006,696854591f8b714e22e7ead41c95225b4703902d0f6115afa40b4e6798fc3190,-40,a47522d223ca7148c306a44da11f67079a1cfe671bedd6fc8652c5821fa55af5,2,RISE,000000000000000000000000111111,159,182,182,/home/zhupl25/chiplet_side_channel/chiplet_gds_data/power_macro/delay_chain/ftc/runs/b_fe_frontend/bfe14_arch1_benign_temp_drift/physical/seed_41006/t_-040C/source_hspice,VALID,-23,23,0,0
41006,696854591f8b714e22e7ead41c95225b4703902d0f6115afa40b4e6798fc3190,-40,a47522d223ca7148c306a44da11f67079a1cfe671bedd6fc8652c5821fa55af5,3,FALL,000000000000000000000000111111,159,182,182,/home/zhupl25/chiplet_side_channel/chiplet_gds_data/power_macro/delay_chain/ftc/runs/b_fe_frontend/bfe14_arch1_benign_temp_drift/physical/seed_41006/t_-040C/source_hspice,VALID,-23,23,0,0
41006,696854591f8b714e22e7ead41c95225b4703902d0f6115afa40b4e6798fc3190,-40,a47522d223ca7148c306a44da11f67079a1cfe671bedd6fc8652c5821fa55af5,4,RISE,000000000000000000000001111111,182,182,182,/home/zhupl25/chiplet_side_channel/chiplet_gds_data/power_macro/delay_chain/ftc/runs/b_fe_frontend/bfe14_arch1_benign_temp_drift/physical/seed_41006/t_-040C/source_hspice,VALID,0,0,0,0
41006,696854591f8b714e22e7ead41c95225b4703902d0f6115afa40b4e6798fc3190,-40,a47522d223ca7148c306a44da11f67079a1cfe671bedd6fc8652c5821fa55af5,5,FALL,000000000000000000000000111111,159,182,182,/home/zhupl25/chiplet_side_channel/chiplet_gds_data/power_macro/delay_chain/ftc/runs/b_fe_frontend/bfe14_arch1_benign_temp_drift/physical/seed_41006/t_-040C/source_hspice,VALID,-23,23,0,0
41006,696854591f8b714e22e7ead41c95225b4703902d0f6115afa40b4e6798fc3190,-40,a47522d223ca7148c306a44da11f67079a1cfe671bedd6fc8652c5821fa55af5,6,RISE,000000000000000000000000111111,159,182,182,/home/zhupl25/chiplet_side_channel/chiplet_gds_data/power_macro/delay_chain/ftc/runs/b_fe_frontend/bfe14_arch1_benign_temp_drift/physical/seed_41006/t_-040C/source_hspice,VALID,-23,23,0,0
41006,696854591f8b714e22e7ead41c95225b4703902d0f6115afa40b4e6798fc3190,-40,a47522d223ca7148c306a44da11f67079a1cfe671bedd6fc8652c5821fa55af5,7,FALL,000000000000000000000000111111,159,182,182,/home/zhupl25/chiplet_side_channel/chiplet_gds_data/power_macro/delay_chain/ftc/runs/b_fe_frontend/bfe14_arch1_benign_temp_drift/physical/seed_41006/t_-040C/source_hspice,VALID,-23,23,0,0
41006,696854591f8b714e22e7ead41c95225b4703902d0f6115afa40b4e6798fc3190,-40,a47522d223ca7148c306a44da11f67079a1cfe671bedd6fc8652c5821fa55af5,8,RISE,000000000000000000000000111111,159,182,182,/home/zhupl25/chiplet_side_channel/chiplet_gds_data/power_macro/delay_chain/ftc/runs/b_fe_frontend/bfe14_arch1_benign_temp_drift/physical/seed_41006/t_-040C/source_hspice,VALID,-23,23,0,0
41006,696854591f8b714e22e7ead41c95225b4703902d0f6115afa40b4e6798fc3190,-40,a47522d223ca7148c306a44da11f67079a1cfe671bedd6fc8652c5821fa55af5,9,FALL,000000000000000000000000111111,159,182,182,/home/zhupl25/chiplet_side_channel/chiplet_gds_data/power_macro/delay_chain/ftc/runs/b_fe_frontend/bfe14_arch1_benign_temp_drift/physical/seed_41006/t_-040C/source_hspice,VALID,-23,23,0,0
41006,696854591f8b714e22e7ead41c95225b4703902d0f6115afa40b4e6798fc3190,-40,a47522d223ca7148c306a44da11f67079a1cfe671bedd6fc8652c5821fa55af5,10,RISE,000000000000000000000000111111,159,182,182,/home/zhupl25/chiplet_side_channel/chiplet_gds_data/power_macro/delay_chain/ftc/runs/b_fe_frontend/bfe14_arch1_benign_temp_drift/physical/seed_41006/t_-040C/source_hspice,VALID,-23,23,0,0
41006,696854591f8b714e22e7ead41c95225b4703902d0f6115afa40b4e6798fc3190,-40,a47522d223ca7148c306a44da11f67079a1cfe671bedd6fc8652c5821fa55af5,11,FALL,000000000000000000000000111111,159,182,182,/home/zhupl25/chiplet_side_channel/chiplet_gds_data/power_macro/delay_chain/ftc/runs/b_fe_frontend/bfe14_arch1_benign_temp_drift/physical/seed_41006/t_-040C/source_hspice,VALID,-23,23,0,0
41006,696854591f8b714e22e7ead41c95225b4703902d0f6115afa40b4e6798fc3190,-40,a47522d223ca7148c306a44da11f67079a1cfe671bedd6fc8652c5821fa55af5,12,RISE,000000000000000000000000111111,159,182,182,/home/zhupl25/chiplet_side_channel/chiplet_gds_data/power_macro/delay_chain/ftc/runs/b_fe_frontend/bfe14_arch1_benign_temp_drift/physical/seed_41006/t_-040C/source_hspice,VALID,-23,23,0,0
41006,696854591f8b714e22e7ead41c95225b4703902d0f6115afa40b4e6798fc3190,-40,a47522d223ca7148c306a44da11f67079a1cfe671bedd6fc8652c5821fa55af5,13,FALL,000000000000000000000000111111,159,182,182,/home/zhupl25/chiplet_side_channel/chiplet_gds_data/power_macro/delay_chain/ftc/runs/b_fe_frontend/bfe14_arch1_benign_temp_drift/physical/seed_41006/t_-040C/source_hspice,VALID,-23,23,0,0
41006,696854591f8b714e22e7ead41c95225b4703902d0f6115afa40b4e6798fc3190,-40,a47522d223ca7148c306a44da11f67079a1cfe671bedd6fc8652c5821fa55af5,14,RISE,000000000000000000000000111111,159,182,182,/home/zhupl25/chiplet_side_channel/chiplet_gds_data/power_macro/delay_chain/ftc/runs/b_fe_frontend/bfe14_arch1_benign_temp_drift/physical/seed_41006/t_-040C/source_hspice,VALID,-23,23,0,0
41006,696854591f8b714e22e7ead41c95225b4703902d0f6115afa40b4e6798fc3190,-40,a47522d223ca7148c306a44da11f67079a1cfe671bedd6fc8652c5821fa55af5,15,FALL,000000000000000000000000111111,159,182,182,/home/zhupl25/chiplet_side_channel/chiplet_gds_data/power_macro/delay_chain/ftc/runs/b_fe_frontend/bfe14_arch1_benign_temp_drift/physical/seed_41006/t_-040C/source_hspice,VALID,-23,23,0,0
41006,696854591f8b714e22e7ead41c95225b4703902d0f6115afa40b4e6798fc3190,-40,a47522d223ca7148c306a44da11f67079a1cfe671bedd6fc8652c5821fa55af5,16,RISE,000000000000000000000000111111,159,182,182,/home/zhupl25/chiplet_side_channel/chiplet_gds_data/power_macro/delay_chain/ftc/runs/b_fe_frontend/bfe14_arch1_benign_temp_drift/physical/seed_41006/t_-040C/source_hspice,VALID,-23,23,0,0
41006,696854591f8b714e22e7ead41c95225b4703902d0f6115afa40b4e6798fc3190,-40,a47522d223ca7148c306a44da11f67079a1cfe671bedd6fc8652c5821fa55af5,17,FALL,000000000000000000000000111111,159,182,182,/home/zhupl25/chiplet_side_channel/chiplet_gds_data/power_macro/delay_chain/ftc/runs/b_fe_frontend/bfe14_arch1_benign_temp_drift/physical/seed_41006/t_-040C/source_hspice,VALID,-23,23,0,0
41006,696854591f8b714e22e7ead41c95225b4703902d0f6115afa40b4e6798fc3190,-40,a47522d223ca7148c306a44da11f67079a1cfe671bedd6fc8652c5821fa55af5,18,RISE,000000000000000000000000111111,159,182,182,/home/zhupl25/chiplet_side_channel/chiplet_gds_data/power_macro/delay_chain/ftc/runs/b_fe_frontend/bfe14_arch1_benign_temp_drift/physical/seed_41006/t_-040C/source_hspice,VALID,-23,23,0,0
41006,696854591f8b714e22e7ead41c95225b4703902d0f6115afa40b4e6798fc3190,-40,a47522d223ca7148c306a44da11f67079a1cfe671bedd6fc8652c5821fa55af5,19,FALL,000000000000000000000000111111,159,182,182,/home/zhupl25/chiplet_side_channel/chiplet_gds_data/power_macro/delay_chain/ftc/runs/b_fe_frontend/bfe14_arch1_benign_temp_drift/physical/seed_41006/t_-040C/source_hspice,VALID,-23,23,0,0
41006,696854591f8b714e22e7ead41c95225b4703902d0f6115afa40b4e6798fc3190,-40,a47522d223ca7148c306a44da11f67079a1cfe671bedd6fc8652c5821fa55af5,20,RISE,000000000000000000000000111111,159,182,182,/home/zhupl25/chiplet_side_channel/chiplet_gds_data/power_macro/delay_chain/ftc/runs/b_fe_frontend/bfe14_arch1_benign_temp_drift/physical/seed_41006/t_-040C/source_hspice,VALID,-23,23,0,0
41006,696854591f8b714e22e7ead41c95225b4703902d0f6115afa40b4e6798fc3190,-40,a47522d223ca7148c306a44da11f67079a1cfe671bedd6fc8652c5821fa55af5,21,FALL,000000000000000000000000011111,135,182,182,/home/zhupl25/chiplet_side_channel/chiplet_gds_data/power_macro/delay_chain/ftc/runs/b_fe_frontend/bfe14_arch1_benign_temp_drift/physical/seed_41006/t_-040C/source_hspice,VALID,-47,47,0,0
41006,696854591f8b714e22e7ead41c95225b4703902d0f6115afa40b4e6798fc3190,-40,a47522d223ca7148c306a44da11f67079a1cfe671bedd6fc8652c5821fa55af5,22,RISE,000000000000000000000000111111,159,182,182,/home/zhupl25/chiplet_side_channel/chiplet_gds_data/power_macro/delay_chain/ftc/runs/b_fe_frontend/bfe14_arch1_benign_temp_drift/physical/seed_41006/t_-040C/source_hspice,VALID,-23,23,0,0
41006,696854591f8b714e22e7ead41c95225b4703902d0f6115afa40b4e6798fc3190,-40,a47522d223ca7148c306a44da11f67079a1cfe671bedd6fc8652c5821fa55af5,23,FALL,000000000000000000000000111111,159,182,182,/home/zhupl25/chiplet_side_channel/chiplet_gds_data/power_macro/delay_chain/ftc/runs/b_fe_frontend/bfe14_arch1_benign_temp_drift/physical/seed_41006/t_-040C/source_hspice,VALID,-23,23,0,0
41006,696854591f8b714e22e7ead41c95225b4703902d0f6115afa40b4e6798fc3190,125,a47522d223ca7148c306a44da11f67079a1cfe671bedd6fc8652c5821fa55af5,0,RISE,000000000000000000000011111111,204,182,182,/home/zhupl25/chiplet_side_channel/chiplet_gds_data/power_macro/delay_chain/ftc/runs/b_fe_frontend/bfe14_arch1_benign_temp_drift/physical/seed_41006/t_+125C/source_hspice,VALID,22,22,1,1
41006,696854591f8b714e22e7ead41c95225b4703902d0f6115afa40b4e6798fc3190,125,a47522d223ca7148c306a44da11f67079a1cfe671bedd6fc8652c5821fa55af5,1,FALL,000000000000000000000011111111,204,182,182,/home/zhupl25/chiplet_side_channel/chiplet_gds_data/power_macro/delay_chain/ftc/runs/b_fe_frontend/bfe14_arch1_benign_temp_drift/physical/seed_41006/t_+125C/source_hspice,VALID,22,22,0,0
41006,696854591f8b714e22e7ead41c95225b4703902d0f6115afa40b4e6798fc3190,125,a47522d223ca7148c306a44da11f67079a1cfe671bedd6fc8652c5821fa55af5,2,RISE,000000000000000000000011111111,204,182,182,/home/zhupl25/chiplet_side_channel/chiplet_gds_data/power_macro/delay_chain/ftc/runs/b_fe_frontend/bfe14_arch1_benign_temp_drift/physical/seed_41006/t_+125C/source_hspice,VALID,22,22,1,1
41006,696854591f8b714e22e7ead41c95225b4703902d0f6115afa40b4e6798fc3190,125,a47522d223ca7148c306a44da11f67079a1cfe671bedd6fc8652c5821fa55af5,3,FALL,000000000000000000000011111111,204,182,182,/home/zhupl25/chiplet_side_channel/chiplet_gds_data/power_macro/delay_chain/ftc/runs/b_fe_frontend/bfe14_arch1_benign_temp_drift/physical/seed_41006/t_+125C/source_hspice,VALID,22,22,0,0
41006,696854591f8b714e22e7ead41c95225b4703902d0f6115afa40b4e6798fc3190,125,a47522d223ca7148c306a44da11f67079a1cfe671bedd6fc8652c5821fa55af5,4,RISE,000000000000000000000011111111,204,182,182,/home/zhupl25/chiplet_side_channel/chiplet_gds_data/power_macro/delay_chain/ftc/runs/b_fe_frontend/bfe14_arch1_benign_temp_drift/physical/seed_41006/t_+125C/source_hspice,VALID,22,22,1,1
41006,696854591f8b714e22e7ead41c95225b4703902d0f6115afa40b4e6798fc3190,125,a47522d223ca7148c306a44da11f67079a1cfe671bedd6fc8652c5821fa55af5,5,FALL,000000000000000000000011111111,204,182,182,/home/zhupl25/chiplet_side_channel/chiplet_gds_data/power_macro/delay_chain/ftc/runs/b_fe_frontend/bfe14_arch1_benign_temp_drift/physical/seed_41006/t_+125C/source_hspice,VALID,22,22,0,0
41006,696854591f8b714e22e7ead41c95225b4703902d0f6115afa40b4e6798fc3190,125,a47522d223ca7148c306a44da11f67079a1cfe671bedd6fc8652c5821fa55af5,6,RISE,000000000000000000000011111111,204,182,182,/home/zhupl25/chiplet_side_channel/chiplet_gds_data/power_macro/delay_chain/ftc/runs/b_fe_frontend/bfe14_arch1_benign_temp_drift/physical/seed_41006/t_+125C/source_hspice,VALID,22,22,1,1
41006,696854591f8b714e22e7ead41c95225b4703902d0f6115afa40b4e6798fc3190,125,a47522d223ca7148c306a44da11f67079a1cfe671bedd6fc8652c5821fa55af5,7,FALL,000000000000000000000011111111,204,182,182,/home/zhupl25/chiplet_side_channel/chiplet_gds_data/power_macro/delay_chain/ftc/runs/b_fe_frontend/bfe14_arch1_benign_temp_drift/physical/seed_41006/t_+125C/source_hspice,VALID,22,22,0,0
41006,696854591f8b714e22e7ead41c95225b4703902d0f6115afa40b4e6798fc3190,125,a47522d223ca7148c306a44da11f67079a1cfe671bedd6fc8652c5821fa55af5,8,RISE,000000000000000000000011111111,204,182,182,/home/zhupl25/chiplet_side_channel/chiplet_gds_data/power_macro/delay_chain/ftc/runs/b_fe_frontend/bfe14_arch1_benign_temp_drift/physical/seed_41006/t_+125C/source_hspice,VALID,22,22,1,1
41006,696854591f8b714e22e7ead41c95225b4703902d0f6115afa40b4e6798fc3190,125,a47522d223ca7148c306a44da11f67079a1cfe671bedd6fc8652c5821fa55af5,9,FALL,000000000000000000000011111111,204,182,182,/home/zhupl25/chiplet_side_channel/chiplet_gds_data/power_macro/delay_chain/ftc/runs/b_fe_frontend/bfe14_arch1_benign_temp_drift/physical/seed_41006/t_+125C/source_hspice,VALID,22,22,0,0
41006,696854591f8b714e22e7ead41c95225b4703902d0f6115afa40b4e6798fc3190,125,a47522d223ca7148c306a44da11f67079a1cfe671bedd6fc8652c5821fa55af5,10,RISE,000000000000000000000011111111,204,182,182,/home/zhupl25/chiplet_side_channel/chiplet_gds_data/power_macro/delay_chain/ftc/runs/b_fe_frontend/bfe14_arch1_benign_temp_drift/physical/seed_41006/t_+125C/source_hspice,VALID,22,22,1,1
41006,696854591f8b714e22e7ead41c95225b4703902d0f6115afa40b4e6798fc3190,125,a47522d223ca7148c306a44da11f67079a1cfe671bedd6fc8652c5821fa55af5,11,FALL,000000000000000000000011111111,204,182,182,/home/zhupl25/chiplet_side_channel/chiplet_gds_data/power_macro/delay_chain/ftc/runs/b_fe_frontend/bfe14_arch1_benign_temp_drift/physical/seed_41006/t_+125C/source_hspice,VALID,22,22,0,0
41006,696854591f8b714e22e7ead41c95225b4703902d0f6115afa40b4e6798fc3190,125,a47522d223ca7148c306a44da11f67079a1cfe671bedd6fc8652c5821fa55af5,12,RISE,000000000000000000000011111111,204,182,182,/home/zhupl25/chiplet_side_channel/chiplet_gds_data/power_macro/delay_chain/ftc/runs/b_fe_frontend/bfe14_arch1_benign_temp_drift/physical/seed_41006/t_+125C/source_hspice,VALID,22,22,1,1
41006,696854591f8b714e22e7ead41c95225b4703902d0f6115afa40b4e6798fc3190,125,a47522d223ca7148c306a44da11f67079a1cfe671bedd6fc8652c5821fa55af5,13,FALL,000000000000000000000011111111,204,182,182,/home/zhupl25/chiplet_side_channel/chiplet_gds_data/power_macro/delay_chain/ftc/runs/b_fe_frontend/bfe14_arch1_benign_temp_drift/physical/seed_41006/t_+125C/source_hspice,VALID,22,22,0,0
41006,696854591f8b714e22e7ead41c95225b4703902d0f6115afa40b4e6798fc3190,125,a47522d223ca7148c306a44da11f67079a1cfe671bedd6fc8652c5821fa55af5,14,RISE,000000000000000000000011111111,204,182,182,/home/zhupl25/chiplet_side_channel/chiplet_gds_data/power_macro/delay_chain/ftc/runs/b_fe_frontend/bfe14_arch1_benign_temp_drift/physical/seed_41006/t_+125C/source_hspice,VALID,22,22,1,1
41006,696854591f8b714e22e7ead41c95225b4703902d0f6115afa40b4e6798fc3190,125,a47522d223ca7148c306a44da11f67079a1cfe671bedd6fc8652c5821fa55af5,15,FALL,000000000000000000000011111111,204,182,182,/home/zhupl25/chiplet_side_channel/chiplet_gds_data/power_macro/delay_chain/ftc/runs/b_fe_frontend/bfe14_arch1_benign_temp_drift/physical/seed_41006/t_+125C/source_hspice,VALID,22,22,0,0
41006,696854591f8b714e22e7ead41c95225b4703902d0f6115afa40b4e6798fc3190,125,a47522d223ca7148c306a44da11f67079a1cfe671bedd6fc8652c5821fa55af5,16,RISE,000000000000000000000011111111,204,182,182,/home/zhupl25/chiplet_side_channel/chiplet_gds_data/power_macro/delay_chain/ftc/runs/b_fe_frontend/bfe14_arch1_benign_temp_drift/physical/seed_41006/t_+125C/source_hspice,VALID,22,22,1,1
41006,696854591f8b714e22e7ead41c95225b4703902d0f6115afa40b4e6798fc3190,125,a47522d223ca7148c306a44da11f67079a1cfe671bedd6fc8652c5821fa55af5,17,FALL,000000000000000000000011111111,204,182,182,/home/zhupl25/chiplet_side_channel/chiplet_gds_data/power_macro/delay_chain/ftc/runs/b_fe_frontend/bfe14_arch1_benign_temp_drift/physical/seed_41006/t_+125C/source_hspice,VALID,22,22,0,0
41006,696854591f8b714e22e7ead41c95225b4703902d0f6115afa40b4e6798fc3190,125,a47522d223ca7148c306a44da11f67079a1cfe671bedd6fc8652c5821fa55af5,18,RISE,000000000000000000000011111111,204,182,182,/home/zhupl25/chiplet_side_channel/chiplet_gds_data/power_macro/delay_chain/ftc/runs/b_fe_frontend/bfe14_arch1_benign_temp_drift/physical/seed_41006/t_+125C/source_hspice,VALID,22,22,1,1
41006,696854591f8b714e22e7ead41c95225b4703902d0f6115afa40b4e6798fc3190,125,a47522d223ca7148c306a44da11f67079a1cfe671bedd6fc8652c5821fa55af5,19,FALL,000000000000000000000011111111,204,182,182,/home/zhupl25/chiplet_side_channel/chiplet_gds_data/power_macro/delay_chain/ftc/runs/b_fe_frontend/bfe14_arch1_benign_temp_drift/physical/seed_41006/t_+125C/source_hspice,VALID,22,22,0,0
41006,696854591f8b714e22e7ead41c95225b4703902d0f6115afa40b4e6798fc3190,125,a47522d223ca7148c306a44da11f67079a1cfe671bedd6fc8652c5821fa55af5,20,RISE,000000000000000000000011111111,204,182,182,/home/zhupl25/chiplet_side_channel/chiplet_gds_data/power_macro/delay_chain/ftc/runs/b_fe_frontend/bfe14_arch1_benign_temp_drift/physical/seed_41006/t_+125C/source_hspice,VALID,22,22,1,1
41006,696854591f8b714e22e7ead41c95225b4703902d0f6115afa40b4e6798fc3190,125,a47522d223ca7148c306a44da11f67079a1cfe671bedd6fc8652c5821fa55af5,21,FALL,000000000000000000000011111111,204,182,182,/home/zhupl25/chiplet_side_channel/chiplet_gds_data/power_macro/delay_chain/ftc/runs/b_fe_frontend/bfe14_arch1_benign_temp_drift/physical/seed_41006/t_+125C/source_hspice,VALID,22,22,0,0
41006,696854591f8b714e22e7ead41c95225b4703902d0f6115afa40b4e6798fc3190,125,a47522d223ca7148c306a44da11f67079a1cfe671bedd6fc8652c5821fa55af5,22,RISE,000000000000000000000011111111,204,182,182,/home/zhupl25/chiplet_side_channel/chiplet_gds_data/power_macro/delay_chain/ftc/runs/b_fe_frontend/bfe14_arch1_benign_temp_drift/physical/seed_41006/t_+125C/source_hspice,VALID,22,22,1,1
41006,696854591f8b714e22e7ead41c95225b4703902d0f6115afa40b4e6798fc3190,125,a47522d223ca7148c306a44da11f67079a1cfe671bedd6fc8652c5821fa55af5,23,FALL,000000000000000000000011111111,204,182,182,/home/zhupl25/chiplet_side_channel/chiplet_gds_data/power_macro/delay_chain/ftc/runs/b_fe_frontend/bfe14_arch1_benign_temp_drift/physical/seed_41006/t_+125C/source_hspice,VALID,22,22,0,0
41007,18955488bf7a297b208b8a7f3cb70b618e6d9f7f0ea87e8f5651c30a4028ea92,-40,a47522d223ca7148c306a44da11f67079a1cfe671bedd6fc8652c5821fa55af5,0,RISE,000000000000000000000001111111,182,204,182,/home/zhupl25/chiplet_side_channel/chiplet_gds_data/power_macro/delay_chain/ftc/runs/b_fe_frontend/bfe14_arch1_benign_temp_drift/physical/seed_41007/t_-040C/source_hspice,VALID,-22,22,0,0
41007,18955488bf7a297b208b8a7f3cb70b618e6d9f7f0ea87e8f5651c30a4028ea92,-40,a47522d223ca7148c306a44da11f67079a1cfe671bedd6fc8652c5821fa55af5,1,FALL,000000000000000000000000111111,159,204,182,/home/zhupl25/chiplet_side_channel/chiplet_gds_data/power_macro/delay_chain/ftc/runs/b_fe_frontend/bfe14_arch1_benign_temp_drift/physical/seed_41007/t_-040C/source_hspice,VALID,-23,23,0,0
41007,18955488bf7a297b208b8a7f3cb70b618e6d9f7f0ea87e8f5651c30a4028ea92,-40,a47522d223ca7148c306a44da11f67079a1cfe671bedd6fc8652c5821fa55af5,2,RISE,000000000000000000000001111111,182,204,182,/home/zhupl25/chiplet_side_channel/chiplet_gds_data/power_macro/delay_chain/ftc/runs/b_fe_frontend/bfe14_arch1_benign_temp_drift/physical/seed_41007/t_-040C/source_hspice,VALID,-22,22,0,0
41007,18955488bf7a297b208b8a7f3cb70b618e6d9f7f0ea87e8f5651c30a4028ea92,-40,a47522d223ca7148c306a44da11f67079a1cfe671bedd6fc8652c5821fa55af5,3,FALL,000000000000000000000000111111,159,204,182,/home/zhupl25/chiplet_side_channel/chiplet_gds_data/power_macro/delay_chain/ftc/runs/b_fe_frontend/bfe14_arch1_benign_temp_drift/physical/seed_41007/t_-040C/source_hspice,VALID,-23,23,0,0
41007,18955488bf7a297b208b8a7f3cb70b618e6d9f7f0ea87e8f5651c30a4028ea92,-40,a47522d223ca7148c306a44da11f67079a1cfe671bedd6fc8652c5821fa55af5,4,RISE,000000000000000000000001111111,182,204,182,/home/zhupl25/chiplet_side_channel/chiplet_gds_data/power_macro/delay_chain/ftc/runs/b_fe_frontend/bfe14_arch1_benign_temp_drift/physical/seed_41007/t_-040C/source_hspice,VALID,-22,22,0,0
41007,18955488bf7a297b208b8a7f3cb70b618e6d9f7f0ea87e8f5651c30a4028ea92,-40,a47522d223ca7148c306a44da11f67079a1cfe671bedd6fc8652c5821fa55af5,5,FALL,000000000000000000000000111111,159,204,182,/home/zhupl25/chiplet_side_channel/chiplet_gds_data/power_macro/delay_chain/ftc/runs/b_fe_frontend/bfe14_arch1_benign_temp_drift/physical/seed_41007/t_-040C/source_hspice,VALID,-23,23,0,0
41007,18955488bf7a297b208b8a7f3cb70b618e6d9f7f0ea87e8f5651c30a4028ea92,-40,a47522d223ca7148c306a44da11f67079a1cfe671bedd6fc8652c5821fa55af5,6,RISE,000000000000000000000001111111,182,204,182,/home/zhupl25/chiplet_side_channel/chiplet_gds_data/power_macro/delay_chain/ftc/runs/b_fe_frontend/bfe14_arch1_benign_temp_drift/physical/seed_41007/t_-040C/source_hspice,VALID,-22,22,0,0
41007,18955488bf7a297b208b8a7f3cb70b618e6d9f7f0ea87e8f5651c30a4028ea92,-40,a47522d223ca7148c306a44da11f67079a1cfe671bedd6fc8652c5821fa55af5,7,FALL,000000000000000000000000111111,159,204,182,/home/zhupl25/chiplet_side_channel/chiplet_gds_data/power_macro/delay_chain/ftc/runs/b_fe_frontend/bfe14_arch1_benign_temp_drift/physical/seed_41007/t_-040C/source_hspice,VALID,-23,23,0,0
41007,18955488bf7a297b208b8a7f3cb70b618e6d9f7f0ea87e8f5651c30a4028ea92,-40,a47522d223ca7148c306a44da11f67079a1cfe671bedd6fc8652c5821fa55af5,8,RISE,000000000000000000000001111111,182,204,182,/home/zhupl25/chiplet_side_channel/chiplet_gds_data/power_macro/delay_chain/ftc/runs/b_fe_frontend/bfe14_arch1_benign_temp_drift/physical/seed_41007/t_-040C/source_hspice,VALID,-22,22,0,0
41007,18955488bf7a297b208b8a7f3cb70b618e6d9f7f0ea87e8f5651c30a4028ea92,-40,a47522d223ca7148c306a44da11f67079a1cfe671bedd6fc8652c5821fa55af5,9,FALL,000000000000000000000000111111,159,204,182,/home/zhupl25/chiplet_side_channel/chiplet_gds_data/power_macro/delay_chain/ftc/runs/b_fe_frontend/bfe14_arch1_benign_temp_drift/physical/seed_41007/t_-040C/source_hspice,VALID,-23,23,0,0
41007,18955488bf7a297b208b8a7f3cb70b618e6d9f7f0ea87e8f5651c30a4028ea92,-40,a47522d223ca7148c306a44da11f67079a1cfe671bedd6fc8652c5821fa55af5,10,RISE,000000000000000000000001111111,182,204,182,/home/zhupl25/chiplet_side_channel/chiplet_gds_data/power_macro/delay_chain/ftc/runs/b_fe_frontend/bfe14_arch1_benign_temp_drift/physical/seed_41007/t_-040C/source_hspice,VALID,-22,22,0,0
41007,18955488bf7a297b208b8a7f3cb70b618e6d9f7f0ea87e8f5651c30a4028ea92,-40,a47522d223ca7148c306a44da11f67079a1cfe671bedd6fc8652c5821fa55af5,11,FALL,000000000000000000000000111111,159,204,182,/home/zhupl25/chiplet_side_channel/chiplet_gds_data/power_macro/delay_chain/ftc/runs/b_fe_frontend/bfe14_arch1_benign_temp_drift/physical/seed_41007/t_-040C/source_hspice,VALID,-23,23,0,0
41007,18955488bf7a297b208b8a7f3cb70b618e6d9f7f0ea87e8f5651c30a4028ea92,-40,a47522d223ca7148c306a44da11f67079a1cfe671bedd6fc8652c5821fa55af5,12,RISE,000000000000000000000001111111,182,204,182,/home/zhupl25/chiplet_side_channel/chiplet_gds_data/power_macro/delay_chain/ftc/runs/b_fe_frontend/bfe14_arch1_benign_temp_drift/physical/seed_41007/t_-040C/source_hspice,VALID,-22,22,0,0
41007,18955488bf7a297b208b8a7f3cb70b618e6d9f7f0ea87e8f5651c30a4028ea92,-40,a47522d223ca7148c306a44da11f67079a1cfe671bedd6fc8652c5821fa55af5,13,FALL,000000000000000000000000111111,159,204,182,/home/zhupl25/chiplet_side_channel/chiplet_gds_data/power_macro/delay_chain/ftc/runs/b_fe_frontend/bfe14_arch1_benign_temp_drift/physical/seed_41007/t_-040C/source_hspice,VALID,-23,23,0,0
41007,18955488bf7a297b208b8a7f3cb70b618e6d9f7f0ea87e8f5651c30a4028ea92,-40,a47522d223ca7148c306a44da11f67079a1cfe671bedd6fc8652c5821fa55af5,14,RISE,000000000000000000000001111111,182,204,182,/home/zhupl25/chiplet_side_channel/chiplet_gds_data/power_macro/delay_chain/ftc/runs/b_fe_frontend/bfe14_arch1_benign_temp_drift/physical/seed_41007/t_-040C/source_hspice,VALID,-22,22,0,0
41007,18955488bf7a297b208b8a7f3cb70b618e6d9f7f0ea87e8f5651c30a4028ea92,-40,a47522d223ca7148c306a44da11f67079a1cfe671bedd6fc8652c5821fa55af5,15,FALL,000000000000000000000000111111,159,204,182,/home/zhupl25/chiplet_side_channel/chiplet_gds_data/power_macro/delay_chain/ftc/runs/b_fe_frontend/bfe14_arch1_benign_temp_drift/physical/seed_41007/t_-040C/source_hspice,VALID,-23,23,0,0
41007,18955488bf7a297b208b8a7f3cb70b618e6d9f7f0ea87e8f5651c30a4028ea92,-40,a47522d223ca7148c306a44da11f67079a1cfe671bedd6fc8652c5821fa55af5,16,RISE,000000000000000000000001111111,182,204,182,/home/zhupl25/chiplet_side_channel/chiplet_gds_data/power_macro/delay_chain/ftc/runs/b_fe_frontend/bfe14_arch1_benign_temp_drift/physical/seed_41007/t_-040C/source_hspice,VALID,-22,22,0,0
41007,18955488bf7a297b208b8a7f3cb70b618e6d9f7f0ea87e8f5651c30a4028ea92,-40,a47522d223ca7148c306a44da11f67079a1cfe671bedd6fc8652c5821fa55af5,17,FALL,000000000000000000000000111111,159,204,182,/home/zhupl25/chiplet_side_channel/chiplet_gds_data/power_macro/delay_chain/ftc/runs/b_fe_frontend/bfe14_arch1_benign_temp_drift/physical/seed_41007/t_-040C/source_hspice,VALID,-23,23,0,0
41007,18955488bf7a297b208b8a7f3cb70b618e6d9f7f0ea87e8f5651c30a4028ea92,-40,a47522d223ca7148c306a44da11f67079a1cfe671bedd6fc8652c5821fa55af5,18,RISE,000000000000000000000001111111,182,204,182,/home/zhupl25/chiplet_side_channel/chiplet_gds_data/power_macro/delay_chain/ftc/runs/b_fe_frontend/bfe14_arch1_benign_temp_drift/physical/seed_41007/t_-040C/source_hspice,VALID,-22,22,0,0
41007,18955488bf7a297b208b8a7f3cb70b618e6d9f7f0ea87e8f5651c30a4028ea92,-40,a47522d223ca7148c306a44da11f67079a1cfe671bedd6fc8652c5821fa55af5,19,FALL,000000000000000000000000111111,159,204,182,/home/zhupl25/chiplet_side_channel/chiplet_gds_data/power_macro/delay_chain/ftc/runs/b_fe_frontend/bfe14_arch1_benign_temp_drift/physical/seed_41007/t_-040C/source_hspice,VALID,-23,23,0,0
41007,18955488bf7a297b208b8a7f3cb70b618e6d9f7f0ea87e8f5651c30a4028ea92,-40,a47522d223ca7148c306a44da11f67079a1cfe671bedd6fc8652c5821fa55af5,20,RISE,000000000000000000000001111111,182,204,182,/home/zhupl25/chiplet_side_channel/chiplet_gds_data/power_macro/delay_chain/ftc/runs/b_fe_frontend/bfe14_arch1_benign_temp_drift/physical/seed_41007/t_-040C/source_hspice,VALID,-22,22,0,0
41007,18955488bf7a297b208b8a7f3cb70b618e6d9f7f0ea87e8f5651c30a4028ea92,-40,a47522d223ca7148c306a44da11f67079a1cfe671bedd6fc8652c5821fa55af5,21,FALL,000000000000000000000000011111,135,204,182,/home/zhupl25/chiplet_side_channel/chiplet_gds_data/power_macro/delay_chain/ftc/runs/b_fe_frontend/bfe14_arch1_benign_temp_drift/physical/seed_41007/t_-040C/source_hspice,VALID,-47,47,0,0
41007,18955488bf7a297b208b8a7f3cb70b618e6d9f7f0ea87e8f5651c30a4028ea92,-40,a47522d223ca7148c306a44da11f67079a1cfe671bedd6fc8652c5821fa55af5,22,RISE,000000000000000000000001111111,182,204,182,/home/zhupl25/chiplet_side_channel/chiplet_gds_data/power_macro/delay_chain/ftc/runs/b_fe_frontend/bfe14_arch1_benign_temp_drift/physical/seed_41007/t_-040C/source_hspice,VALID,-22,22,0,0
41007,18955488bf7a297b208b8a7f3cb70b618e6d9f7f0ea87e8f5651c30a4028ea92,-40,a47522d223ca7148c306a44da11f67079a1cfe671bedd6fc8652c5821fa55af5,23,FALL,000000000000000000000000111111,159,204,182,/home/zhupl25/chiplet_side_channel/chiplet_gds_data/power_macro/delay_chain/ftc/runs/b_fe_frontend/bfe14_arch1_benign_temp_drift/physical/seed_41007/t_-040C/source_hspice,VALID,-23,23,0,0
41007,18955488bf7a297b208b8a7f3cb70b618e6d9f7f0ea87e8f5651c30a4028ea92,125,a47522d223ca7148c306a44da11f67079a1cfe671bedd6fc8652c5821fa55af5,0,RISE,000000000000000000000011111111,204,204,182,/home/zhupl25/chiplet_side_channel/chiplet_gds_data/power_macro/delay_chain/ftc/runs/b_fe_frontend/bfe14_arch1_benign_temp_drift/physical/seed_41007/t_+125C/source_hspice,VALID,0,0,0,0
41007,18955488bf7a297b208b8a7f3cb70b618e6d9f7f0ea87e8f5651c30a4028ea92,125,a47522d223ca7148c306a44da11f67079a1cfe671bedd6fc8652c5821fa55af5,1,FALL,000000000000000000000011111111,204,204,182,/home/zhupl25/chiplet_side_channel/chiplet_gds_data/power_macro/delay_chain/ftc/runs/b_fe_frontend/bfe14_arch1_benign_temp_drift/physical/seed_41007/t_+125C/source_hspice,VALID,22,22,0,0
41007,18955488bf7a297b208b8a7f3cb70b618e6d9f7f0ea87e8f5651c30a4028ea92,125,a47522d223ca7148c306a44da11f67079a1cfe671bedd6fc8652c5821fa55af5,2,RISE,000000000000000000000011111111,204,204,182,/home/zhupl25/chiplet_side_channel/chiplet_gds_data/power_macro/delay_chain/ftc/runs/b_fe_frontend/bfe14_arch1_benign_temp_drift/physical/seed_41007/t_+125C/source_hspice,VALID,0,0,0,0
41007,18955488bf7a297b208b8a7f3cb70b618e6d9f7f0ea87e8f5651c30a4028ea92,125,a47522d223ca7148c306a44da11f67079a1cfe671bedd6fc8652c5821fa55af5,3,FALL,000000000000000000000011111111,204,204,182,/home/zhupl25/chiplet_side_channel/chiplet_gds_data/power_macro/delay_chain/ftc/runs/b_fe_frontend/bfe14_arch1_benign_temp_drift/physical/seed_41007/t_+125C/source_hspice,VALID,22,22,0,0
41007,18955488bf7a297b208b8a7f3cb70b618e6d9f7f0ea87e8f5651c30a4028ea92,125,a47522d223ca7148c306a44da11f67079a1cfe671bedd6fc8652c5821fa55af5,4,RISE,000000000000000000000111111111,225,204,182,/home/zhupl25/chiplet_side_channel/chiplet_gds_data/power_macro/delay_chain/ftc/runs/b_fe_frontend/bfe14_arch1_benign_temp_drift/physical/seed_41007/t_+125C/source_hspice,VALID,21,21,1,1
41007,18955488bf7a297b208b8a7f3cb70b618e6d9f7f0ea87e8f5651c30a4028ea92,125,a47522d223ca7148c306a44da11f67079a1cfe671bedd6fc8652c5821fa55af5,5,FALL,000000000000000000000011111111,204,204,182,/home/zhupl25/chiplet_side_channel/chiplet_gds_data/power_macro/delay_chain/ftc/runs/b_fe_frontend/bfe14_arch1_benign_temp_drift/physical/seed_41007/t_+125C/source_hspice,VALID,22,22,0,0
41007,18955488bf7a297b208b8a7f3cb70b618e6d9f7f0ea87e8f5651c30a4028ea92,125,a47522d223ca7148c306a44da11f67079a1cfe671bedd6fc8652c5821fa55af5,6,RISE,000000000000000000000011111111,204,204,182,/home/zhupl25/chiplet_side_channel/chiplet_gds_data/power_macro/delay_chain/ftc/runs/b_fe_frontend/bfe14_arch1_benign_temp_drift/physical/seed_41007/t_+125C/source_hspice,VALID,0,0,0,0
41007,18955488bf7a297b208b8a7f3cb70b618e6d9f7f0ea87e8f5651c30a4028ea92,125,a47522d223ca7148c306a44da11f67079a1cfe671bedd6fc8652c5821fa55af5,7,FALL,000000000000000000000011111111,204,204,182,/home/zhupl25/chiplet_side_channel/chiplet_gds_data/power_macro/delay_chain/ftc/runs/b_fe_frontend/bfe14_arch1_benign_temp_drift/physical/seed_41007/t_+125C/source_hspice,VALID,22,22,0,0
41007,18955488bf7a297b208b8a7f3cb70b618e6d9f7f0ea87e8f5651c30a4028ea92,125,a47522d223ca7148c306a44da11f67079a1cfe671bedd6fc8652c5821fa55af5,8,RISE,000000000000000000000011111111,204,204,182,/home/zhupl25/chiplet_side_channel/chiplet_gds_data/power_macro/delay_chain/ftc/runs/b_fe_frontend/bfe14_arch1_benign_temp_drift/physical/seed_41007/t_+125C/source_hspice,VALID,0,0,0,0
41007,18955488bf7a297b208b8a7f3cb70b618e6d9f7f0ea87e8f5651c30a4028ea92,125,a47522d223ca7148c306a44da11f67079a1cfe671bedd6fc8652c5821fa55af5,9,FALL,000000000000000000000011111111,204,204,182,/home/zhupl25/chiplet_side_channel/chiplet_gds_data/power_macro/delay_chain/ftc/runs/b_fe_frontend/bfe14_arch1_benign_temp_drift/physical/seed_41007/t_+125C/source_hspice,VALID,22,22,0,0
41007,18955488bf7a297b208b8a7f3cb70b618e6d9f7f0ea87e8f5651c30a4028ea92,125,a47522d223ca7148c306a44da11f67079a1cfe671bedd6fc8652c5821fa55af5,10,RISE,000000000000000000000011111111,204,204,182,/home/zhupl25/chiplet_side_channel/chiplet_gds_data/power_macro/delay_chain/ftc/runs/b_fe_frontend/bfe14_arch1_benign_temp_drift/physical/seed_41007/t_+125C/source_hspice,VALID,0,0,0,0
41007,18955488bf7a297b208b8a7f3cb70b618e6d9f7f0ea87e8f5651c30a4028ea92,125,a47522d223ca7148c306a44da11f67079a1cfe671bedd6fc8652c5821fa55af5,11,FALL,000000000000000000000011111111,204,204,182,/home/zhupl25/chiplet_side_channel/chiplet_gds_data/power_macro/delay_chain/ftc/runs/b_fe_frontend/bfe14_arch1_benign_temp_drift/physical/seed_41007/t_+125C/source_hspice,VALID,22,22,0,0
41007,18955488bf7a297b208b8a7f3cb70b618e6d9f7f0ea87e8f5651c30a4028ea92,125,a47522d223ca7148c306a44da11f67079a1cfe671bedd6fc8652c5821fa55af5,12,RISE,000000000000000000000011111111,204,204,182,/home/zhupl25/chiplet_side_channel/chiplet_gds_data/power_macro/delay_chain/ftc/runs/b_fe_frontend/bfe14_arch1_benign_temp_drift/physical/seed_41007/t_+125C/source_hspice,VALID,0,0,0,0
41007,18955488bf7a297b208b8a7f3cb70b618e6d9f7f0ea87e8f5651c30a4028ea92,125,a47522d223ca7148c306a44da11f67079a1cfe671bedd6fc8652c5821fa55af5,13,FALL,000000000000000000000011111111,204,204,182,/home/zhupl25/chiplet_side_channel/chiplet_gds_data/power_macro/delay_chain/ftc/runs/b_fe_frontend/bfe14_arch1_benign_temp_drift/physical/seed_41007/t_+125C/source_hspice,VALID,22,22,0,0
41007,18955488bf7a297b208b8a7f3cb70b618e6d9f7f0ea87e8f5651c30a4028ea92,125,a47522d223ca7148c306a44da11f67079a1cfe671bedd6fc8652c5821fa55af5,14,RISE,000000000000000000000011111111,204,204,182,/home/zhupl25/chiplet_side_channel/chiplet_gds_data/power_macro/delay_chain/ftc/runs/b_fe_frontend/bfe14_arch1_benign_temp_drift/physical/seed_41007/t_+125C/source_hspice,VALID,0,0,0,0
41007,18955488bf7a297b208b8a7f3cb70b618e6d9f7f0ea87e8f5651c30a4028ea92,125,a47522d223ca7148c306a44da11f67079a1cfe671bedd6fc8652c5821fa55af5,15,FALL,000000000000000000000011111111,204,204,182,/home/zhupl25/chiplet_side_channel/chiplet_gds_data/power_macro/delay_chain/ftc/runs/b_fe_frontend/bfe14_arch1_benign_temp_drift/physical/seed_41007/t_+125C/source_hspice,VALID,22,22,0,0
41007,18955488bf7a297b208b8a7f3cb70b618e6d9f7f0ea87e8f5651c30a4028ea92,125,a47522d223ca7148c306a44da11f67079a1cfe671bedd6fc8652c5821fa55af5,16,RISE,000000000000000000000011111111,204,204,182,/home/zhupl25/chiplet_side_channel/chiplet_gds_data/power_macro/delay_chain/ftc/runs/b_fe_frontend/bfe14_arch1_benign_temp_drift/physical/seed_41007/t_+125C/source_hspice,VALID,0,0,0,0
41007,18955488bf7a297b208b8a7f3cb70b618e6d9f7f0ea87e8f5651c30a4028ea92,125,a47522d223ca7148c306a44da11f67079a1cfe671bedd6fc8652c5821fa55af5,17,FALL,000000000000000000000011111111,204,204,182,/home/zhupl25/chiplet_side_channel/chiplet_gds_data/power_macro/delay_chain/ftc/runs/b_fe_frontend/bfe14_arch1_benign_temp_drift/physical/seed_41007/t_+125C/source_hspice,VALID,22,22,0,0
41007,18955488bf7a297b208b8a7f3cb70b618e6d9f7f0ea87e8f5651c30a4028ea92,125,a47522d223ca7148c306a44da11f67079a1cfe671bedd6fc8652c5821fa55af5,18,RISE,000000000000000000000011111111,204,204,182,/home/zhupl25/chiplet_side_channel/chiplet_gds_data/power_macro/delay_chain/ftc/runs/b_fe_frontend/bfe14_arch1_benign_temp_drift/physical/seed_41007/t_+125C/source_hspice,VALID,0,0,0,0
41007,18955488bf7a297b208b8a7f3cb70b618e6d9f7f0ea87e8f5651c30a4028ea92,125,a47522d223ca7148c306a44da11f67079a1cfe671bedd6fc8652c5821fa55af5,19,FALL,000000000000000000000011111111,204,204,182,/home/zhupl25/chiplet_side_channel/chiplet_gds_data/power_macro/delay_chain/ftc/runs/b_fe_frontend/bfe14_arch1_benign_temp_drift/physical/seed_41007/t_+125C/source_hspice,VALID,22,22,0,0
41007,18955488bf7a297b208b8a7f3cb70b618e6d9f7f0ea87e8f5651c30a4028ea92,125,a47522d223ca7148c306a44da11f67079a1cfe671bedd6fc8652c5821fa55af5,20,RISE,000000000000000000000011111111,204,204,182,/home/zhupl25/chiplet_side_channel/chiplet_gds_data/power_macro/delay_chain/ftc/runs/b_fe_frontend/bfe14_arch1_benign_temp_drift/physical/seed_41007/t_+125C/source_hspice,VALID,0,0,0,0
41007,18955488bf7a297b208b8a7f3cb70b618e6d9f7f0ea87e8f5651c30a4028ea92,125,a47522d223ca7148c306a44da11f67079a1cfe671bedd6fc8652c5821fa55af5,21,FALL,000000000000000000000011111111,204,204,182,/home/zhupl25/chiplet_side_channel/chiplet_gds_data/power_macro/delay_chain/ftc/runs/b_fe_frontend/bfe14_arch1_benign_temp_drift/physical/seed_41007/t_+125C/source_hspice,VALID,22,22,0,0
41007,18955488bf7a297b208b8a7f3cb70b618e6d9f7f0ea87e8f5651c30a4028ea92,125,a47522d223ca7148c306a44da11f67079a1cfe671bedd6fc8652c5821fa55af5,22,RISE,000000000000000000000011111111,204,204,182,/home/zhupl25/chiplet_side_channel/chiplet_gds_data/power_macro/delay_chain/ftc/runs/b_fe_frontend/bfe14_arch1_benign_temp_drift/physical/seed_41007/t_+125C/source_hspice,VALID,0,0,0,0
41007,18955488bf7a297b208b8a7f3cb70b618e6d9f7f0ea87e8f5651c30a4028ea92,125,a47522d223ca7148c306a44da11f67079a1cfe671bedd6fc8652c5821fa55af5,23,FALL,000000000000000000000011111111,204,204,182,/home/zhupl25/chiplet_side_channel/chiplet_gds_data/power_macro/delay_chain/ftc/runs/b_fe_frontend/bfe14_arch1_benign_temp_drift/physical/seed_41007/t_+125C/source_hspice,VALID,22,22,0,0
41008,73462fedaeeab1ba2b4e0f816532d1795bdfb0f65eb930eb4a6a9f345c007502,-40,a47522d223ca7148c306a44da11f67079a1cfe671bedd6fc8652c5821fa55af5,0,RISE,000000000000000000000001111111,182,182,159,/home/zhupl25/chiplet_side_channel/chiplet_gds_data/power_macro/delay_chain/ftc/runs/b_fe_frontend/bfe14_arch1_benign_temp_drift/physical/seed_41008/t_-040C/source_hspice,VALID,0,0,0,0
41008,73462fedaeeab1ba2b4e0f816532d1795bdfb0f65eb930eb4a6a9f345c007502,-40,a47522d223ca7148c306a44da11f67079a1cfe671bedd6fc8652c5821fa55af5,1,FALL,000000000000000000000000111111,159,182,159,/home/zhupl25/chiplet_side_channel/chiplet_gds_data/power_macro/delay_chain/ftc/runs/b_fe_frontend/bfe14_arch1_benign_temp_drift/physical/seed_41008/t_-040C/source_hspice,VALID,0,0,0,0
41008,73462fedaeeab1ba2b4e0f816532d1795bdfb0f65eb930eb4a6a9f345c007502,-40,a47522d223ca7148c306a44da11f67079a1cfe671bedd6fc8652c5821fa55af5,2,RISE,000000000000000000000000111111,159,182,159,/home/zhupl25/chiplet_side_channel/chiplet_gds_data/power_macro/delay_chain/ftc/runs/b_fe_frontend/bfe14_arch1_benign_temp_drift/physical/seed_41008/t_-040C/source_hspice,VALID,-23,23,0,0
41008,73462fedaeeab1ba2b4e0f816532d1795bdfb0f65eb930eb4a6a9f345c007502,-40,a47522d223ca7148c306a44da11f67079a1cfe671bedd6fc8652c5821fa55af5,3,FALL,000000000000000000000000011111,135,182,159,/home/zhupl25/chiplet_side_channel/chiplet_gds_data/power_macro/delay_chain/ftc/runs/b_fe_frontend/bfe14_arch1_benign_temp_drift/physical/seed_41008/t_-040C/source_hspice,VALID,-24,24,0,0
41008,73462fedaeeab1ba2b4e0f816532d1795bdfb0f65eb930eb4a6a9f345c007502,-40,a47522d223ca7148c306a44da11f67079a1cfe671bedd6fc8652c5821fa55af5,4,RISE,000000000000000000000001111111,182,182,159,/home/zhupl25/chiplet_side_channel/chiplet_gds_data/power_macro/delay_chain/ftc/runs/b_fe_frontend/bfe14_arch1_benign_temp_drift/physical/seed_41008/t_-040C/source_hspice,VALID,0,0,0,0
41008,73462fedaeeab1ba2b4e0f816532d1795bdfb0f65eb930eb4a6a9f345c007502,-40,a47522d223ca7148c306a44da11f67079a1cfe671bedd6fc8652c5821fa55af5,5,FALL,000000000000000000000000111111,159,182,159,/home/zhupl25/chiplet_side_channel/chiplet_gds_data/power_macro/delay_chain/ftc/runs/b_fe_frontend/bfe14_arch1_benign_temp_drift/physical/seed_41008/t_-040C/source_hspice,VALID,0,0,0,0
41008,73462fedaeeab1ba2b4e0f816532d1795bdfb0f65eb930eb4a6a9f345c007502,-40,a47522d223ca7148c306a44da11f67079a1cfe671bedd6fc8652c5821fa55af5,6,RISE,000000000000000000000000111111,159,182,159,/home/zhupl25/chiplet_side_channel/chiplet_gds_data/power_macro/delay_chain/ftc/runs/b_fe_frontend/bfe14_arch1_benign_temp_drift/physical/seed_41008/t_-040C/source_hspice,VALID,-23,23,0,0
41008,73462fedaeeab1ba2b4e0f816532d1795bdfb0f65eb930eb4a6a9f345c007502,-40,a47522d223ca7148c306a44da11f67079a1cfe671bedd6fc8652c5821fa55af5,7,FALL,000000000000000000000000111111,159,182,159,/home/zhupl25/chiplet_side_channel/chiplet_gds_data/power_macro/delay_chain/ftc/runs/b_fe_frontend/bfe14_arch1_benign_temp_drift/physical/seed_41008/t_-040C/source_hspice,VALID,0,0,0,0
41008,73462fedaeeab1ba2b4e0f816532d1795bdfb0f65eb930eb4a6a9f345c007502,-40,a47522d223ca7148c306a44da11f67079a1cfe671bedd6fc8652c5821fa55af5,8,RISE,000000000000000000000000111111,159,182,159,/home/zhupl25/chiplet_side_channel/chiplet_gds_data/power_macro/delay_chain/ftc/runs/b_fe_frontend/bfe14_arch1_benign_temp_drift/physical/seed_41008/t_-040C/source_hspice,VALID,-23,23,0,0
41008,73462fedaeeab1ba2b4e0f816532d1795bdfb0f65eb930eb4a6a9f345c007502,-40,a47522d223ca7148c306a44da11f67079a1cfe671bedd6fc8652c5821fa55af5,9,FALL,000000000000000000000000111111,159,182,159,/home/zhupl25/chiplet_side_channel/chiplet_gds_data/power_macro/delay_chain/ftc/runs/b_fe_frontend/bfe14_arch1_benign_temp_drift/physical/seed_41008/t_-040C/source_hspice,VALID,0,0,0,0
41008,73462fedaeeab1ba2b4e0f816532d1795bdfb0f65eb930eb4a6a9f345c007502,-40,a47522d223ca7148c306a44da11f67079a1cfe671bedd6fc8652c5821fa55af5,10,RISE,000000000000000000000001111111,182,182,159,/home/zhupl25/chiplet_side_channel/chiplet_gds_data/power_macro/delay_chain/ftc/runs/b_fe_frontend/bfe14_arch1_benign_temp_drift/physical/seed_41008/t_-040C/source_hspice,VALID,0,0,0,0
41008,73462fedaeeab1ba2b4e0f816532d1795bdfb0f65eb930eb4a6a9f345c007502,-40,a47522d223ca7148c306a44da11f67079a1cfe671bedd6fc8652c5821fa55af5,11,FALL,000000000000000000000000011111,135,182,159,/home/zhupl25/chiplet_side_channel/chiplet_gds_data/power_macro/delay_chain/ftc/runs/b_fe_frontend/bfe14_arch1_benign_temp_drift/physical/seed_41008/t_-040C/source_hspice,VALID,-24,24,0,0
41008,73462fedaeeab1ba2b4e0f816532d1795bdfb0f65eb930eb4a6a9f345c007502,-40,a47522d223ca7148c306a44da11f67079a1cfe671bedd6fc8652c5821fa55af5,12,RISE,000000000000000000000000111111,159,182,159,/home/zhupl25/chiplet_side_channel/chiplet_gds_data/power_macro/delay_chain/ftc/runs/b_fe_frontend/bfe14_arch1_benign_temp_drift/physical/seed_41008/t_-040C/source_hspice,VALID,-23,23,0,0
41008,73462fedaeeab1ba2b4e0f816532d1795bdfb0f65eb930eb4a6a9f345c007502,-40,a47522d223ca7148c306a44da11f67079a1cfe671bedd6fc8652c5821fa55af5,13,FALL,000000000000000000000000011111,135,182,159,/home/zhupl25/chiplet_side_channel/chiplet_gds_data/power_macro/delay_chain/ftc/runs/b_fe_frontend/bfe14_arch1_benign_temp_drift/physical/seed_41008/t_-040C/source_hspice,VALID,-24,24,0,0
41008,73462fedaeeab1ba2b4e0f816532d1795bdfb0f65eb930eb4a6a9f345c007502,-40,a47522d223ca7148c306a44da11f67079a1cfe671bedd6fc8652c5821fa55af5,14,RISE,000000000000000000000000111111,159,182,159,/home/zhupl25/chiplet_side_channel/chiplet_gds_data/power_macro/delay_chain/ftc/runs/b_fe_frontend/bfe14_arch1_benign_temp_drift/physical/seed_41008/t_-040C/source_hspice,VALID,-23,23,0,0
41008,73462fedaeeab1ba2b4e0f816532d1795bdfb0f65eb930eb4a6a9f345c007502,-40,a47522d223ca7148c306a44da11f67079a1cfe671bedd6fc8652c5821fa55af5,15,FALL,000000000000000000000000011111,135,182,159,/home/zhupl25/chiplet_side_channel/chiplet_gds_data/power_macro/delay_chain/ftc/runs/b_fe_frontend/bfe14_arch1_benign_temp_drift/physical/seed_41008/t_-040C/source_hspice,VALID,-24,24,0,0
41008,73462fedaeeab1ba2b4e0f816532d1795bdfb0f65eb930eb4a6a9f345c007502,-40,a47522d223ca7148c306a44da11f67079a1cfe671bedd6fc8652c5821fa55af5,16,RISE,000000000000000000000000111111,159,182,159,/home/zhupl25/chiplet_side_channel/chiplet_gds_data/power_macro/delay_chain/ftc/runs/b_fe_frontend/bfe14_arch1_benign_temp_drift/physical/seed_41008/t_-040C/source_hspice,VALID,-23,23,0,0
41008,73462fedaeeab1ba2b4e0f816532d1795bdfb0f65eb930eb4a6a9f345c007502,-40,a47522d223ca7148c306a44da11f67079a1cfe671bedd6fc8652c5821fa55af5,17,FALL,000000000000000000000000111111,159,182,159,/home/zhupl25/chiplet_side_channel/chiplet_gds_data/power_macro/delay_chain/ftc/runs/b_fe_frontend/bfe14_arch1_benign_temp_drift/physical/seed_41008/t_-040C/source_hspice,VALID,0,0,0,0
41008,73462fedaeeab1ba2b4e0f816532d1795bdfb0f65eb930eb4a6a9f345c007502,-40,a47522d223ca7148c306a44da11f67079a1cfe671bedd6fc8652c5821fa55af5,18,RISE,000000000000000000000000111111,159,182,159,/home/zhupl25/chiplet_side_channel/chiplet_gds_data/power_macro/delay_chain/ftc/runs/b_fe_frontend/bfe14_arch1_benign_temp_drift/physical/seed_41008/t_-040C/source_hspice,VALID,-23,23,0,0
41008,73462fedaeeab1ba2b4e0f816532d1795bdfb0f65eb930eb4a6a9f345c007502,-40,a47522d223ca7148c306a44da11f67079a1cfe671bedd6fc8652c5821fa55af5,19,FALL,000000000000000000000000011111,135,182,159,/home/zhupl25/chiplet_side_channel/chiplet_gds_data/power_macro/delay_chain/ftc/runs/b_fe_frontend/bfe14_arch1_benign_temp_drift/physical/seed_41008/t_-040C/source_hspice,VALID,-24,24,0,0
41008,73462fedaeeab1ba2b4e0f816532d1795bdfb0f65eb930eb4a6a9f345c007502,-40,a47522d223ca7148c306a44da11f67079a1cfe671bedd6fc8652c5821fa55af5,20,RISE,000000000000000000000000111111,159,182,159,/home/zhupl25/chiplet_side_channel/chiplet_gds_data/power_macro/delay_chain/ftc/runs/b_fe_frontend/bfe14_arch1_benign_temp_drift/physical/seed_41008/t_-040C/source_hspice,VALID,-23,23,0,0
41008,73462fedaeeab1ba2b4e0f816532d1795bdfb0f65eb930eb4a6a9f345c007502,-40,a47522d223ca7148c306a44da11f67079a1cfe671bedd6fc8652c5821fa55af5,21,FALL,000000000000000000000000011111,135,182,159,/home/zhupl25/chiplet_side_channel/chiplet_gds_data/power_macro/delay_chain/ftc/runs/b_fe_frontend/bfe14_arch1_benign_temp_drift/physical/seed_41008/t_-040C/source_hspice,VALID,-24,24,0,0
41008,73462fedaeeab1ba2b4e0f816532d1795bdfb0f65eb930eb4a6a9f345c007502,-40,a47522d223ca7148c306a44da11f67079a1cfe671bedd6fc8652c5821fa55af5,22,RISE,000000000000000000000001111111,182,182,159,/home/zhupl25/chiplet_side_channel/chiplet_gds_data/power_macro/delay_chain/ftc/runs/b_fe_frontend/bfe14_arch1_benign_temp_drift/physical/seed_41008/t_-040C/source_hspice,VALID,0,0,0,0
41008,73462fedaeeab1ba2b4e0f816532d1795bdfb0f65eb930eb4a6a9f345c007502,-40,a47522d223ca7148c306a44da11f67079a1cfe671bedd6fc8652c5821fa55af5,23,FALL,000000000000000000000000111111,159,182,159,/home/zhupl25/chiplet_side_channel/chiplet_gds_data/power_macro/delay_chain/ftc/runs/b_fe_frontend/bfe14_arch1_benign_temp_drift/physical/seed_41008/t_-040C/source_hspice,VALID,0,0,0,0
41008,73462fedaeeab1ba2b4e0f816532d1795bdfb0f65eb930eb4a6a9f345c007502,125,a47522d223ca7148c306a44da11f67079a1cfe671bedd6fc8652c5821fa55af5,0,RISE,000000000000000000000011111111,204,182,159,/home/zhupl25/chiplet_side_channel/chiplet_gds_data/power_macro/delay_chain/ftc/runs/b_fe_frontend/bfe14_arch1_benign_temp_drift/physical/seed_41008/t_+125C/source_hspice,VALID,22,22,1,1
41008,73462fedaeeab1ba2b4e0f816532d1795bdfb0f65eb930eb4a6a9f345c007502,125,a47522d223ca7148c306a44da11f67079a1cfe671bedd6fc8652c5821fa55af5,1,FALL,000000000000000000000011111111,204,182,159,/home/zhupl25/chiplet_side_channel/chiplet_gds_data/power_macro/delay_chain/ftc/runs/b_fe_frontend/bfe14_arch1_benign_temp_drift/physical/seed_41008/t_+125C/source_hspice,VALID,45,45,0,0
41008,73462fedaeeab1ba2b4e0f816532d1795bdfb0f65eb930eb4a6a9f345c007502,125,a47522d223ca7148c306a44da11f67079a1cfe671bedd6fc8652c5821fa55af5,2,RISE,000000000000000000000011111111,204,182,159,/home/zhupl25/chiplet_side_channel/chiplet_gds_data/power_macro/delay_chain/ftc/runs/b_fe_frontend/bfe14_arch1_benign_temp_drift/physical/seed_41008/t_+125C/source_hspice,VALID,22,22,1,1
41008,73462fedaeeab1ba2b4e0f816532d1795bdfb0f65eb930eb4a6a9f345c007502,125,a47522d223ca7148c306a44da11f67079a1cfe671bedd6fc8652c5821fa55af5,3,FALL,000000000000000000000001111111,182,182,159,/home/zhupl25/chiplet_side_channel/chiplet_gds_data/power_macro/delay_chain/ftc/runs/b_fe_frontend/bfe14_arch1_benign_temp_drift/physical/seed_41008/t_+125C/source_hspice,VALID,23,23,0,0
41008,73462fedaeeab1ba2b4e0f816532d1795bdfb0f65eb930eb4a6a9f345c007502,125,a47522d223ca7148c306a44da11f67079a1cfe671bedd6fc8652c5821fa55af5,4,RISE,000000000000000000000011111111,204,182,159,/home/zhupl25/chiplet_side_channel/chiplet_gds_data/power_macro/delay_chain/ftc/runs/b_fe_frontend/bfe14_arch1_benign_temp_drift/physical/seed_41008/t_+125C/source_hspice,VALID,22,22,1,1
41008,73462fedaeeab1ba2b4e0f816532d1795bdfb0f65eb930eb4a6a9f345c007502,125,a47522d223ca7148c306a44da11f67079a1cfe671bedd6fc8652c5821fa55af5,5,FALL,000000000000000000000011111111,204,182,159,/home/zhupl25/chiplet_side_channel/chiplet_gds_data/power_macro/delay_chain/ftc/runs/b_fe_frontend/bfe14_arch1_benign_temp_drift/physical/seed_41008/t_+125C/source_hspice,VALID,45,45,0,0
41008,73462fedaeeab1ba2b4e0f816532d1795bdfb0f65eb930eb4a6a9f345c007502,125,a47522d223ca7148c306a44da11f67079a1cfe671bedd6fc8652c5821fa55af5,6,RISE,000000000000000000000011111111,204,182,159,/home/zhupl25/chiplet_side_channel/chiplet_gds_data/power_macro/delay_chain/ftc/runs/b_fe_frontend/bfe14_arch1_benign_temp_drift/physical/seed_41008/t_+125C/source_hspice,VALID,22,22,1,1
41008,73462fedaeeab1ba2b4e0f816532d1795bdfb0f65eb930eb4a6a9f345c007502,125,a47522d223ca7148c306a44da11f67079a1cfe671bedd6fc8652c5821fa55af5,7,FALL,000000000000000000000011111111,204,182,159,/home/zhupl25/chiplet_side_channel/chiplet_gds_data/power_macro/delay_chain/ftc/runs/b_fe_frontend/bfe14_arch1_benign_temp_drift/physical/seed_41008/t_+125C/source_hspice,VALID,45,45,0,0
41008,73462fedaeeab1ba2b4e0f816532d1795bdfb0f65eb930eb4a6a9f345c007502,125,a47522d223ca7148c306a44da11f67079a1cfe671bedd6fc8652c5821fa55af5,8,RISE,000000000000000000000011111111,204,182,159,/home/zhupl25/chiplet_side_channel/chiplet_gds_data/power_macro/delay_chain/ftc/runs/b_fe_frontend/bfe14_arch1_benign_temp_drift/physical/seed_41008/t_+125C/source_hspice,VALID,22,22,1,1
41008,73462fedaeeab1ba2b4e0f816532d1795bdfb0f65eb930eb4a6a9f345c007502,125,a47522d223ca7148c306a44da11f67079a1cfe671bedd6fc8652c5821fa55af5,9,FALL,000000000000000000000011111111,204,182,159,/home/zhupl25/chiplet_side_channel/chiplet_gds_data/power_macro/delay_chain/ftc/runs/b_fe_frontend/bfe14_arch1_benign_temp_drift/physical/seed_41008/t_+125C/source_hspice,VALID,45,45,0,0
41008,73462fedaeeab1ba2b4e0f816532d1795bdfb0f65eb930eb4a6a9f345c007502,125,a47522d223ca7148c306a44da11f67079a1cfe671bedd6fc8652c5821fa55af5,10,RISE,000000000000000000000011111111,204,182,159,/home/zhupl25/chiplet_side_channel/chiplet_gds_data/power_macro/delay_chain/ftc/runs/b_fe_frontend/bfe14_arch1_benign_temp_drift/physical/seed_41008/t_+125C/source_hspice,VALID,22,22,1,1
41008,73462fedaeeab1ba2b4e0f816532d1795bdfb0f65eb930eb4a6a9f345c007502,125,a47522d223ca7148c306a44da11f67079a1cfe671bedd6fc8652c5821fa55af5,11,FALL,000000000000000000000001111111,182,182,159,/home/zhupl25/chiplet_side_channel/chiplet_gds_data/power_macro/delay_chain/ftc/runs/b_fe_frontend/bfe14_arch1_benign_temp_drift/physical/seed_41008/t_+125C/source_hspice,VALID,23,23,0,0
41008,73462fedaeeab1ba2b4e0f816532d1795bdfb0f65eb930eb4a6a9f345c007502,125,a47522d223ca7148c306a44da11f67079a1cfe671bedd6fc8652c5821fa55af5,12,RISE,000000000000000000000011111111,204,182,159,/home/zhupl25/chiplet_side_channel/chiplet_gds_data/power_macro/delay_chain/ftc/runs/b_fe_frontend/bfe14_arch1_benign_temp_drift/physical/seed_41008/t_+125C/source_hspice,VALID,22,22,1,1
41008,73462fedaeeab1ba2b4e0f816532d1795bdfb0f65eb930eb4a6a9f345c007502,125,a47522d223ca7148c306a44da11f67079a1cfe671bedd6fc8652c5821fa55af5,13,FALL,000000000000000000000001111111,182,182,159,/home/zhupl25/chiplet_side_channel/chiplet_gds_data/power_macro/delay_chain/ftc/runs/b_fe_frontend/bfe14_arch1_benign_temp_drift/physical/seed_41008/t_+125C/source_hspice,VALID,23,23,0,0
41008,73462fedaeeab1ba2b4e0f816532d1795bdfb0f65eb930eb4a6a9f345c007502,125,a47522d223ca7148c306a44da11f67079a1cfe671bedd6fc8652c5821fa55af5,14,RISE,000000000000000000000011111111,204,182,159,/home/zhupl25/chiplet_side_channel/chiplet_gds_data/power_macro/delay_chain/ftc/runs/b_fe_frontend/bfe14_arch1_benign_temp_drift/physical/seed_41008/t_+125C/source_hspice,VALID,22,22,1,1
41008,73462fedaeeab1ba2b4e0f816532d1795bdfb0f65eb930eb4a6a9f345c007502,125,a47522d223ca7148c306a44da11f67079a1cfe671bedd6fc8652c5821fa55af5,15,FALL,000000000000000000000001111111,182,182,159,/home/zhupl25/chiplet_side_channel/chiplet_gds_data/power_macro/delay_chain/ftc/runs/b_fe_frontend/bfe14_arch1_benign_temp_drift/physical/seed_41008/t_+125C/source_hspice,VALID,23,23,0,0
41008,73462fedaeeab1ba2b4e0f816532d1795bdfb0f65eb930eb4a6a9f345c007502,125,a47522d223ca7148c306a44da11f67079a1cfe671bedd6fc8652c5821fa55af5,16,RISE,000000000000000000000011111111,204,182,159,/home/zhupl25/chiplet_side_channel/chiplet_gds_data/power_macro/delay_chain/ftc/runs/b_fe_frontend/bfe14_arch1_benign_temp_drift/physical/seed_41008/t_+125C/source_hspice,VALID,22,22,1,1
41008,73462fedaeeab1ba2b4e0f816532d1795bdfb0f65eb930eb4a6a9f345c007502,125,a47522d223ca7148c306a44da11f67079a1cfe671bedd6fc8652c5821fa55af5,17,FALL,000000000000000000000011111111,204,182,159,/home/zhupl25/chiplet_side_channel/chiplet_gds_data/power_macro/delay_chain/ftc/runs/b_fe_frontend/bfe14_arch1_benign_temp_drift/physical/seed_41008/t_+125C/source_hspice,VALID,45,45,0,0
41008,73462fedaeeab1ba2b4e0f816532d1795bdfb0f65eb930eb4a6a9f345c007502,125,a47522d223ca7148c306a44da11f67079a1cfe671bedd6fc8652c5821fa55af5,18,RISE,000000000000000000000011111111,204,182,159,/home/zhupl25/chiplet_side_channel/chiplet_gds_data/power_macro/delay_chain/ftc/runs/b_fe_frontend/bfe14_arch1_benign_temp_drift/physical/seed_41008/t_+125C/source_hspice,VALID,22,22,1,1
41008,73462fedaeeab1ba2b4e0f816532d1795bdfb0f65eb930eb4a6a9f345c007502,125,a47522d223ca7148c306a44da11f67079a1cfe671bedd6fc8652c5821fa55af5,19,FALL,000000000000000000000001111111,182,182,159,/home/zhupl25/chiplet_side_channel/chiplet_gds_data/power_macro/delay_chain/ftc/runs/b_fe_frontend/bfe14_arch1_benign_temp_drift/physical/seed_41008/t_+125C/source_hspice,VALID,23,23,0,0
41008,73462fedaeeab1ba2b4e0f816532d1795bdfb0f65eb930eb4a6a9f345c007502,125,a47522d223ca7148c306a44da11f67079a1cfe671bedd6fc8652c5821fa55af5,20,RISE,000000000000000000000011111111,204,182,159,/home/zhupl25/chiplet_side_channel/chiplet_gds_data/power_macro/delay_chain/ftc/runs/b_fe_frontend/bfe14_arch1_benign_temp_drift/physical/seed_41008/t_+125C/source_hspice,VALID,22,22,1,1
41008,73462fedaeeab1ba2b4e0f816532d1795bdfb0f65eb930eb4a6a9f345c007502,125,a47522d223ca7148c306a44da11f67079a1cfe671bedd6fc8652c5821fa55af5,21,FALL,000000000000000000000001111111,182,182,159,/home/zhupl25/chiplet_side_channel/chiplet_gds_data/power_macro/delay_chain/ftc/runs/b_fe_frontend/bfe14_arch1_benign_temp_drift/physical/seed_41008/t_+125C/source_hspice,VALID,23,23,0,0
41008,73462fedaeeab1ba2b4e0f816532d1795bdfb0f65eb930eb4a6a9f345c007502,125,a47522d223ca7148c306a44da11f67079a1cfe671bedd6fc8652c5821fa55af5,22,RISE,000000000000000000000011111111,204,182,159,/home/zhupl25/chiplet_side_channel/chiplet_gds_data/power_macro/delay_chain/ftc/runs/b_fe_frontend/bfe14_arch1_benign_temp_drift/physical/seed_41008/t_+125C/source_hspice,VALID,22,22,1,1
41008,73462fedaeeab1ba2b4e0f816532d1795bdfb0f65eb930eb4a6a9f345c007502,125,a47522d223ca7148c306a44da11f67079a1cfe671bedd6fc8652c5821fa55af5,23,FALL,000000000000000000000011111111,204,182,159,/home/zhupl25/chiplet_side_channel/chiplet_gds_data/power_macro/delay_chain/ftc/runs/b_fe_frontend/bfe14_arch1_benign_temp_drift/physical/seed_41008/t_+125C/source_hspice,VALID,45,45,0,0
41009,43df2a9a140ba65a4ec960d914267c160e0578006ff6a647af8d9c102036abb4,-40,a47522d223ca7148c306a44da11f67079a1cfe671bedd6fc8652c5821fa55af5,0,RISE,000000000000000000000001111111,182,187,159,/home/zhupl25/chiplet_side_channel/chiplet_gds_data/power_macro/delay_chain/ftc/runs/b_fe_frontend/bfe14_arch1_benign_temp_drift/physical/seed_41009/t_-040C/source_hspice,VALID,-5,5,0,0
41009,43df2a9a140ba65a4ec960d914267c160e0578006ff6a647af8d9c102036abb4,-40,a47522d223ca7148c306a44da11f67079a1cfe671bedd6fc8652c5821fa55af5,1,FALL,000000000000000000000000011111,135,187,159,/home/zhupl25/chiplet_side_channel/chiplet_gds_data/power_macro/delay_chain/ftc/runs/b_fe_frontend/bfe14_arch1_benign_temp_drift/physical/seed_41009/t_-040C/source_hspice,VALID,-24,24,0,0
41009,43df2a9a140ba65a4ec960d914267c160e0578006ff6a647af8d9c102036abb4,-40,a47522d223ca7148c306a44da11f67079a1cfe671bedd6fc8652c5821fa55af5,2,RISE,000000000000000000000001111111,182,187,159,/home/zhupl25/chiplet_side_channel/chiplet_gds_data/power_macro/delay_chain/ftc/runs/b_fe_frontend/bfe14_arch1_benign_temp_drift/physical/seed_41009/t_-040C/source_hspice,VALID,-5,5,0,0
41009,43df2a9a140ba65a4ec960d914267c160e0578006ff6a647af8d9c102036abb4,-40,a47522d223ca7148c306a44da11f67079a1cfe671bedd6fc8652c5821fa55af5,3,FALL,000000000000000000000000011111,135,187,159,/home/zhupl25/chiplet_side_channel/chiplet_gds_data/power_macro/delay_chain/ftc/runs/b_fe_frontend/bfe14_arch1_benign_temp_drift/physical/seed_41009/t_-040C/source_hspice,VALID,-24,24,0,0
41009,43df2a9a140ba65a4ec960d914267c160e0578006ff6a647af8d9c102036abb4,-40,a47522d223ca7148c306a44da11f67079a1cfe671bedd6fc8652c5821fa55af5,4,RISE,000000000000000000000001111111,182,187,159,/home/zhupl25/chiplet_side_channel/chiplet_gds_data/power_macro/delay_chain/ftc/runs/b_fe_frontend/bfe14_arch1_benign_temp_drift/physical/seed_41009/t_-040C/source_hspice,VALID,-5,5,0,0
41009,43df2a9a140ba65a4ec960d914267c160e0578006ff6a647af8d9c102036abb4,-40,a47522d223ca7148c306a44da11f67079a1cfe671bedd6fc8652c5821fa55af5,5,FALL,000000000000000000000000011111,135,187,159,/home/zhupl25/chiplet_side_channel/chiplet_gds_data/power_macro/delay_chain/ftc/runs/b_fe_frontend/bfe14_arch1_benign_temp_drift/physical/seed_41009/t_-040C/source_hspice,VALID,-24,24,0,0
41009,43df2a9a140ba65a4ec960d914267c160e0578006ff6a647af8d9c102036abb4,-40,a47522d223ca7148c306a44da11f67079a1cfe671bedd6fc8652c5821fa55af5,6,RISE,000000000000000000000000111111,159,187,159,/home/zhupl25/chiplet_side_channel/chiplet_gds_data/power_macro/delay_chain/ftc/runs/b_fe_frontend/bfe14_arch1_benign_temp_drift/physical/seed_41009/t_-040C/source_hspice,VALID,-28,28,0,0
41009,43df2a9a140ba65a4ec960d914267c160e0578006ff6a647af8d9c102036abb4,-40,a47522d223ca7148c306a44da11f67079a1cfe671bedd6fc8652c5821fa55af5,7,FALL,000000000000000000000000011111,135,187,159,/home/zhupl25/chiplet_side_channel/chiplet_gds_data/power_macro/delay_chain/ftc/runs/b_fe_frontend/bfe14_arch1_benign_temp_drift/physical/seed_41009/t_-040C/source_hspice,VALID,-24,24,0,0
41009,43df2a9a140ba65a4ec960d914267c160e0578006ff6a647af8d9c102036abb4,-40,a47522d223ca7148c306a44da11f67079a1cfe671bedd6fc8652c5821fa55af5,8,RISE,000000000000000000000001111111,182,187,159,/home/zhupl25/chiplet_side_channel/chiplet_gds_data/power_macro/delay_chain/ftc/runs/b_fe_frontend/bfe14_arch1_benign_temp_drift/physical/seed_41009/t_-040C/source_hspice,VALID,-5,5,0,0
41009,43df2a9a140ba65a4ec960d914267c160e0578006ff6a647af8d9c102036abb4,-40,a47522d223ca7148c306a44da11f67079a1cfe671bedd6fc8652c5821fa55af5,9,FALL,000000000000000000000000011111,135,187,159,/home/zhupl25/chiplet_side_channel/chiplet_gds_data/power_macro/delay_chain/ftc/runs/b_fe_frontend/bfe14_arch1_benign_temp_drift/physical/seed_41009/t_-040C/source_hspice,VALID,-24,24,0,0
41009,43df2a9a140ba65a4ec960d914267c160e0578006ff6a647af8d9c102036abb4,-40,a47522d223ca7148c306a44da11f67079a1cfe671bedd6fc8652c5821fa55af5,10,RISE,000000000000000000000001111111,182,187,159,/home/zhupl25/chiplet_side_channel/chiplet_gds_data/power_macro/delay_chain/ftc/runs/b_fe_frontend/bfe14_arch1_benign_temp_drift/physical/seed_41009/t_-040C/source_hspice,VALID,-5,5,0,0
41009,43df2a9a140ba65a4ec960d914267c160e0578006ff6a647af8d9c102036abb4,-40,a47522d223ca7148c306a44da11f67079a1cfe671bedd6fc8652c5821fa55af5,11,FALL,000000000000000000000000011111,135,187,159,/home/zhupl25/chiplet_side_channel/chiplet_gds_data/power_macro/delay_chain/ftc/runs/b_fe_frontend/bfe14_arch1_benign_temp_drift/physical/seed_41009/t_-040C/source_hspice,VALID,-24,24,0,0
41009,43df2a9a140ba65a4ec960d914267c160e0578006ff6a647af8d9c102036abb4,-40,a47522d223ca7148c306a44da11f67079a1cfe671bedd6fc8652c5821fa55af5,12,RISE,000000000000000000000000111111,159,187,159,/home/zhupl25/chiplet_side_channel/chiplet_gds_data/power_macro/delay_chain/ftc/runs/b_fe_frontend/bfe14_arch1_benign_temp_drift/physical/seed_41009/t_-040C/source_hspice,VALID,-28,28,0,0
41009,43df2a9a140ba65a4ec960d914267c160e0578006ff6a647af8d9c102036abb4,-40,a47522d223ca7148c306a44da11f67079a1cfe671bedd6fc8652c5821fa55af5,13,FALL,000000000000000000000000011111,135,187,159,/home/zhupl25/chiplet_side_channel/chiplet_gds_data/power_macro/delay_chain/ftc/runs/b_fe_frontend/bfe14_arch1_benign_temp_drift/physical/seed_41009/t_-040C/source_hspice,VALID,-24,24,0,0
41009,43df2a9a140ba65a4ec960d914267c160e0578006ff6a647af8d9c102036abb4,-40,a47522d223ca7148c306a44da11f67079a1cfe671bedd6fc8652c5821fa55af5,14,RISE,000000000000000000000001111111,182,187,159,/home/zhupl25/chiplet_side_channel/chiplet_gds_data/power_macro/delay_chain/ftc/runs/b_fe_frontend/bfe14_arch1_benign_temp_drift/physical/seed_41009/t_-040C/source_hspice,VALID,-5,5,0,0
41009,43df2a9a140ba65a4ec960d914267c160e0578006ff6a647af8d9c102036abb4,-40,a47522d223ca7148c306a44da11f67079a1cfe671bedd6fc8652c5821fa55af5,15,FALL,000000000000000000000000011111,135,187,159,/home/zhupl25/chiplet_side_channel/chiplet_gds_data/power_macro/delay_chain/ftc/runs/b_fe_frontend/bfe14_arch1_benign_temp_drift/physical/seed_41009/t_-040C/source_hspice,VALID,-24,24,0,0
41009,43df2a9a140ba65a4ec960d914267c160e0578006ff6a647af8d9c102036abb4,-40,a47522d223ca7148c306a44da11f67079a1cfe671bedd6fc8652c5821fa55af5,16,RISE,000000000000000000000000111111,159,187,159,/home/zhupl25/chiplet_side_channel/chiplet_gds_data/power_macro/delay_chain/ftc/runs/b_fe_frontend/bfe14_arch1_benign_temp_drift/physical/seed_41009/t_-040C/source_hspice,VALID,-28,28,0,0
41009,43df2a9a140ba65a4ec960d914267c160e0578006ff6a647af8d9c102036abb4,-40,a47522d223ca7148c306a44da11f67079a1cfe671bedd6fc8652c5821fa55af5,17,FALL,000000000000000000000000011111,135,187,159,/home/zhupl25/chiplet_side_channel/chiplet_gds_data/power_macro/delay_chain/ftc/runs/b_fe_frontend/bfe14_arch1_benign_temp_drift/physical/seed_41009/t_-040C/source_hspice,VALID,-24,24,0,0
41009,43df2a9a140ba65a4ec960d914267c160e0578006ff6a647af8d9c102036abb4,-40,a47522d223ca7148c306a44da11f67079a1cfe671bedd6fc8652c5821fa55af5,18,RISE,000000000000000000000000111111,159,187,159,/home/zhupl25/chiplet_side_channel/chiplet_gds_data/power_macro/delay_chain/ftc/runs/b_fe_frontend/bfe14_arch1_benign_temp_drift/physical/seed_41009/t_-040C/source_hspice,VALID,-28,28,0,0
41009,43df2a9a140ba65a4ec960d914267c160e0578006ff6a647af8d9c102036abb4,-40,a47522d223ca7148c306a44da11f67079a1cfe671bedd6fc8652c5821fa55af5,19,FALL,000000000000000000000000011111,135,187,159,/home/zhupl25/chiplet_side_channel/chiplet_gds_data/power_macro/delay_chain/ftc/runs/b_fe_frontend/bfe14_arch1_benign_temp_drift/physical/seed_41009/t_-040C/source_hspice,VALID,-24,24,0,0
41009,43df2a9a140ba65a4ec960d914267c160e0578006ff6a647af8d9c102036abb4,-40,a47522d223ca7148c306a44da11f67079a1cfe671bedd6fc8652c5821fa55af5,20,RISE,000000000000000000000000111111,159,187,159,/home/zhupl25/chiplet_side_channel/chiplet_gds_data/power_macro/delay_chain/ftc/runs/b_fe_frontend/bfe14_arch1_benign_temp_drift/physical/seed_41009/t_-040C/source_hspice,VALID,-28,28,0,0
41009,43df2a9a140ba65a4ec960d914267c160e0578006ff6a647af8d9c102036abb4,-40,a47522d223ca7148c306a44da11f67079a1cfe671bedd6fc8652c5821fa55af5,21,FALL,000000000000000000000000011111,135,187,159,/home/zhupl25/chiplet_side_channel/chiplet_gds_data/power_macro/delay_chain/ftc/runs/b_fe_frontend/bfe14_arch1_benign_temp_drift/physical/seed_41009/t_-040C/source_hspice,VALID,-24,24,0,0
41009,43df2a9a140ba65a4ec960d914267c160e0578006ff6a647af8d9c102036abb4,-40,a47522d223ca7148c306a44da11f67079a1cfe671bedd6fc8652c5821fa55af5,22,RISE,000000000000000000000001111111,182,187,159,/home/zhupl25/chiplet_side_channel/chiplet_gds_data/power_macro/delay_chain/ftc/runs/b_fe_frontend/bfe14_arch1_benign_temp_drift/physical/seed_41009/t_-040C/source_hspice,VALID,-5,5,0,0
41009,43df2a9a140ba65a4ec960d914267c160e0578006ff6a647af8d9c102036abb4,-40,a47522d223ca7148c306a44da11f67079a1cfe671bedd6fc8652c5821fa55af5,23,FALL,000000000000000000000000011111,135,187,159,/home/zhupl25/chiplet_side_channel/chiplet_gds_data/power_macro/delay_chain/ftc/runs/b_fe_frontend/bfe14_arch1_benign_temp_drift/physical/seed_41009/t_-040C/source_hspice,VALID,-24,24,0,0
41009,43df2a9a140ba65a4ec960d914267c160e0578006ff6a647af8d9c102036abb4,125,a47522d223ca7148c306a44da11f67079a1cfe671bedd6fc8652c5821fa55af5,0,RISE,000000000000000000000011111111,204,187,159,/home/zhupl25/chiplet_side_channel/chiplet_gds_data/power_macro/delay_chain/ftc/runs/b_fe_frontend/bfe14_arch1_benign_temp_drift/physical/seed_41009/t_+125C/source_hspice,VALID,17,17,0,0
41009,43df2a9a140ba65a4ec960d914267c160e0578006ff6a647af8d9c102036abb4,125,a47522d223ca7148c306a44da11f67079a1cfe671bedd6fc8652c5821fa55af5,1,FALL,000000000000000000000011111111,204,187,159,/home/zhupl25/chiplet_side_channel/chiplet_gds_data/power_macro/delay_chain/ftc/runs/b_fe_frontend/bfe14_arch1_benign_temp_drift/physical/seed_41009/t_+125C/source_hspice,VALID,45,45,0,0
41009,43df2a9a140ba65a4ec960d914267c160e0578006ff6a647af8d9c102036abb4,125,a47522d223ca7148c306a44da11f67079a1cfe671bedd6fc8652c5821fa55af5,2,RISE,000000000000000000000011111111,204,187,159,/home/zhupl25/chiplet_side_channel/chiplet_gds_data/power_macro/delay_chain/ftc/runs/b_fe_frontend/bfe14_arch1_benign_temp_drift/physical/seed_41009/t_+125C/source_hspice,VALID,17,17,0,0
41009,43df2a9a140ba65a4ec960d914267c160e0578006ff6a647af8d9c102036abb4,125,a47522d223ca7148c306a44da11f67079a1cfe671bedd6fc8652c5821fa55af5,3,FALL,000000000000000000000001111111,182,187,159,/home/zhupl25/chiplet_side_channel/chiplet_gds_data/power_macro/delay_chain/ftc/runs/b_fe_frontend/bfe14_arch1_benign_temp_drift/physical/seed_41009/t_+125C/source_hspice,VALID,23,23,0,0
41009,43df2a9a140ba65a4ec960d914267c160e0578006ff6a647af8d9c102036abb4,125,a47522d223ca7148c306a44da11f67079a1cfe671bedd6fc8652c5821fa55af5,4,RISE,000000000000000000000111111111,225,187,159,/home/zhupl25/chiplet_side_channel/chiplet_gds_data/power_macro/delay_chain/ftc/runs/b_fe_frontend/bfe14_arch1_benign_temp_drift/physical/seed_41009/t_+125C/source_hspice,VALID,38,38,1,1
41009,43df2a9a140ba65a4ec960d914267c160e0578006ff6a647af8d9c102036abb4,125,a47522d223ca7148c306a44da11f67079a1cfe671bedd6fc8652c5821fa55af5,5,FALL,000000000000000000000001111111,182,187,159,/home/zhupl25/chiplet_side_channel/chiplet_gds_data/power_macro/delay_chain/ftc/runs/b_fe_frontend/bfe14_arch1_benign_temp_drift/physical/seed_41009/t_+125C/source_hspice,VALID,23,23,0,0
41009,43df2a9a140ba65a4ec960d914267c160e0578006ff6a647af8d9c102036abb4,125,a47522d223ca7148c306a44da11f67079a1cfe671bedd6fc8652c5821fa55af5,6,RISE,000000000000000000000011111111,204,187,159,/home/zhupl25/chiplet_side_channel/chiplet_gds_data/power_macro/delay_chain/ftc/runs/b_fe_frontend/bfe14_arch1_benign_temp_drift/physical/seed_41009/t_+125C/source_hspice,VALID,17,17,0,0
41009,43df2a9a140ba65a4ec960d914267c160e0578006ff6a647af8d9c102036abb4,125,a47522d223ca7148c306a44da11f67079a1cfe671bedd6fc8652c5821fa55af5,7,FALL,000000000000000000000001111111,182,187,159,/home/zhupl25/chiplet_side_channel/chiplet_gds_data/power_macro/delay_chain/ftc/runs/b_fe_frontend/bfe14_arch1_benign_temp_drift/physical/seed_41009/t_+125C/source_hspice,VALID,23,23,0,0
41009,43df2a9a140ba65a4ec960d914267c160e0578006ff6a647af8d9c102036abb4,125,a47522d223ca7148c306a44da11f67079a1cfe671bedd6fc8652c5821fa55af5,8,RISE,000000000000000000000011111111,204,187,159,/home/zhupl25/chiplet_side_channel/chiplet_gds_data/power_macro/delay_chain/ftc/runs/b_fe_frontend/bfe14_arch1_benign_temp_drift/physical/seed_41009/t_+125C/source_hspice,VALID,17,17,0,0
41009,43df2a9a140ba65a4ec960d914267c160e0578006ff6a647af8d9c102036abb4,125,a47522d223ca7148c306a44da11f67079a1cfe671bedd6fc8652c5821fa55af5,9,FALL,000000000000000000000011111111,204,187,159,/home/zhupl25/chiplet_side_channel/chiplet_gds_data/power_macro/delay_chain/ftc/runs/b_fe_frontend/bfe14_arch1_benign_temp_drift/physical/seed_41009/t_+125C/source_hspice,VALID,45,45,0,0
41009,43df2a9a140ba65a4ec960d914267c160e0578006ff6a647af8d9c102036abb4,125,a47522d223ca7148c306a44da11f67079a1cfe671bedd6fc8652c5821fa55af5,10,RISE,000000000000000000000011111111,204,187,159,/home/zhupl25/chiplet_side_channel/chiplet_gds_data/power_macro/delay_chain/ftc/runs/b_fe_frontend/bfe14_arch1_benign_temp_drift/physical/seed_41009/t_+125C/source_hspice,VALID,17,17,0,0
41009,43df2a9a140ba65a4ec960d914267c160e0578006ff6a647af8d9c102036abb4,125,a47522d223ca7148c306a44da11f67079a1cfe671bedd6fc8652c5821fa55af5,11,FALL,000000000000000000000001111111,182,187,159,/home/zhupl25/chiplet_side_channel/chiplet_gds_data/power_macro/delay_chain/ftc/runs/b_fe_frontend/bfe14_arch1_benign_temp_drift/physical/seed_41009/t_+125C/source_hspice,VALID,23,23,0,0
41009,43df2a9a140ba65a4ec960d914267c160e0578006ff6a647af8d9c102036abb4,125,a47522d223ca7148c306a44da11f67079a1cfe671bedd6fc8652c5821fa55af5,12,RISE,000000000000000000000011111111,204,187,159,/home/zhupl25/chiplet_side_channel/chiplet_gds_data/power_macro/delay_chain/ftc/runs/b_fe_frontend/bfe14_arch1_benign_temp_drift/physical/seed_41009/t_+125C/source_hspice,VALID,17,17,0,0
41009,43df2a9a140ba65a4ec960d914267c160e0578006ff6a647af8d9c102036abb4,125,a47522d223ca7148c306a44da11f67079a1cfe671bedd6fc8652c5821fa55af5,13,FALL,000000000000000000000001111111,182,187,159,/home/zhupl25/chiplet_side_channel/chiplet_gds_data/power_macro/delay_chain/ftc/runs/b_fe_frontend/bfe14_arch1_benign_temp_drift/physical/seed_41009/t_+125C/source_hspice,VALID,23,23,0,0
41009,43df2a9a140ba65a4ec960d914267c160e0578006ff6a647af8d9c102036abb4,125,a47522d223ca7148c306a44da11f67079a1cfe671bedd6fc8652c5821fa55af5,14,RISE,000000000000000000000011111111,204,187,159,/home/zhupl25/chiplet_side_channel/chiplet_gds_data/power_macro/delay_chain/ftc/runs/b_fe_frontend/bfe14_arch1_benign_temp_drift/physical/seed_41009/t_+125C/source_hspice,VALID,17,17,0,0
41009,43df2a9a140ba65a4ec960d914267c160e0578006ff6a647af8d9c102036abb4,125,a47522d223ca7148c306a44da11f67079a1cfe671bedd6fc8652c5821fa55af5,15,FALL,000000000000000000000001111111,182,187,159,/home/zhupl25/chiplet_side_channel/chiplet_gds_data/power_macro/delay_chain/ftc/runs/b_fe_frontend/bfe14_arch1_benign_temp_drift/physical/seed_41009/t_+125C/source_hspice,VALID,23,23,0,0
41009,43df2a9a140ba65a4ec960d914267c160e0578006ff6a647af8d9c102036abb4,125,a47522d223ca7148c306a44da11f67079a1cfe671bedd6fc8652c5821fa55af5,16,RISE,000000000000000000000011111111,204,187,159,/home/zhupl25/chiplet_side_channel/chiplet_gds_data/power_macro/delay_chain/ftc/runs/b_fe_frontend/bfe14_arch1_benign_temp_drift/physical/seed_41009/t_+125C/source_hspice,VALID,17,17,0,0
41009,43df2a9a140ba65a4ec960d914267c160e0578006ff6a647af8d9c102036abb4,125,a47522d223ca7148c306a44da11f67079a1cfe671bedd6fc8652c5821fa55af5,17,FALL,000000000000000000000001111111,182,187,159,/home/zhupl25/chiplet_side_channel/chiplet_gds_data/power_macro/delay_chain/ftc/runs/b_fe_frontend/bfe14_arch1_benign_temp_drift/physical/seed_41009/t_+125C/source_hspice,VALID,23,23,0,0
41009,43df2a9a140ba65a4ec960d914267c160e0578006ff6a647af8d9c102036abb4,125,a47522d223ca7148c306a44da11f67079a1cfe671bedd6fc8652c5821fa55af5,18,RISE,000000000000000000000011111111,204,187,159,/home/zhupl25/chiplet_side_channel/chiplet_gds_data/power_macro/delay_chain/ftc/runs/b_fe_frontend/bfe14_arch1_benign_temp_drift/physical/seed_41009/t_+125C/source_hspice,VALID,17,17,0,0
41009,43df2a9a140ba65a4ec960d914267c160e0578006ff6a647af8d9c102036abb4,125,a47522d223ca7148c306a44da11f67079a1cfe671bedd6fc8652c5821fa55af5,19,FALL,000000000000000000000001111111,182,187,159,/home/zhupl25/chiplet_side_channel/chiplet_gds_data/power_macro/delay_chain/ftc/runs/b_fe_frontend/bfe14_arch1_benign_temp_drift/physical/seed_41009/t_+125C/source_hspice,VALID,23,23,0,0
41009,43df2a9a140ba65a4ec960d914267c160e0578006ff6a647af8d9c102036abb4,125,a47522d223ca7148c306a44da11f67079a1cfe671bedd6fc8652c5821fa55af5,20,RISE,000000000000000000000011111111,204,187,159,/home/zhupl25/chiplet_side_channel/chiplet_gds_data/power_macro/delay_chain/ftc/runs/b_fe_frontend/bfe14_arch1_benign_temp_drift/physical/seed_41009/t_+125C/source_hspice,VALID,17,17,0,0
41009,43df2a9a140ba65a4ec960d914267c160e0578006ff6a647af8d9c102036abb4,125,a47522d223ca7148c306a44da11f67079a1cfe671bedd6fc8652c5821fa55af5,21,FALL,000000000000000000000001111111,182,187,159,/home/zhupl25/chiplet_side_channel/chiplet_gds_data/power_macro/delay_chain/ftc/runs/b_fe_frontend/bfe14_arch1_benign_temp_drift/physical/seed_41009/t_+125C/source_hspice,VALID,23,23,0,0
41009,43df2a9a140ba65a4ec960d914267c160e0578006ff6a647af8d9c102036abb4,125,a47522d223ca7148c306a44da11f67079a1cfe671bedd6fc8652c5821fa55af5,22,RISE,000000000000000000000011111111,204,187,159,/home/zhupl25/chiplet_side_channel/chiplet_gds_data/power_macro/delay_chain/ftc/runs/b_fe_frontend/bfe14_arch1_benign_temp_drift/physical/seed_41009/t_+125C/source_hspice,VALID,17,17,0,0
41009,43df2a9a140ba65a4ec960d914267c160e0578006ff6a647af8d9c102036abb4,125,a47522d223ca7148c306a44da11f67079a1cfe671bedd6fc8652c5821fa55af5,23,FALL,000000000000000000000001111111,182,187,159,/home/zhupl25/chiplet_side_channel/chiplet_gds_data/power_macro/delay_chain/ftc/runs/b_fe_frontend/bfe14_arch1_benign_temp_drift/physical/seed_41009/t_+125C/source_hspice,VALID,23,23,0,0
41010,ddd71eb247598986e0f2ee5fe98fc066deb22fc5aeae14f6fe1c618fa300fd86,-40,a47522d223ca7148c306a44da11f67079a1cfe671bedd6fc8652c5821fa55af5,0,RISE,000000000000000000000000111111,159,182,159,/home/zhupl25/chiplet_side_channel/chiplet_gds_data/power_macro/delay_chain/ftc/runs/b_fe_frontend/bfe14_arch1_benign_temp_drift/physical/seed_41010/t_-040C/source_hspice,VALID,-23,23,0,0
41010,ddd71eb247598986e0f2ee5fe98fc066deb22fc5aeae14f6fe1c618fa300fd86,-40,a47522d223ca7148c306a44da11f67079a1cfe671bedd6fc8652c5821fa55af5,1,FALL,000000000000000000000000011111,135,182,159,/home/zhupl25/chiplet_side_channel/chiplet_gds_data/power_macro/delay_chain/ftc/runs/b_fe_frontend/bfe14_arch1_benign_temp_drift/physical/seed_41010/t_-040C/source_hspice,VALID,-24,24,0,0
41010,ddd71eb247598986e0f2ee5fe98fc066deb22fc5aeae14f6fe1c618fa300fd86,-40,a47522d223ca7148c306a44da11f67079a1cfe671bedd6fc8652c5821fa55af5,2,RISE,000000000000000000000000111111,159,182,159,/home/zhupl25/chiplet_side_channel/chiplet_gds_data/power_macro/delay_chain/ftc/runs/b_fe_frontend/bfe14_arch1_benign_temp_drift/physical/seed_41010/t_-040C/source_hspice,VALID,-23,23,0,0
41010,ddd71eb247598986e0f2ee5fe98fc066deb22fc5aeae14f6fe1c618fa300fd86,-40,a47522d223ca7148c306a44da11f67079a1cfe671bedd6fc8652c5821fa55af5,3,FALL,000000000000000000000000011111,135,182,159,/home/zhupl25/chiplet_side_channel/chiplet_gds_data/power_macro/delay_chain/ftc/runs/b_fe_frontend/bfe14_arch1_benign_temp_drift/physical/seed_41010/t_-040C/source_hspice,VALID,-24,24,0,0
41010,ddd71eb247598986e0f2ee5fe98fc066deb22fc5aeae14f6fe1c618fa300fd86,-40,a47522d223ca7148c306a44da11f67079a1cfe671bedd6fc8652c5821fa55af5,4,RISE,000000000000000000000000111111,159,182,159,/home/zhupl25/chiplet_side_channel/chiplet_gds_data/power_macro/delay_chain/ftc/runs/b_fe_frontend/bfe14_arch1_benign_temp_drift/physical/seed_41010/t_-040C/source_hspice,VALID,-23,23,0,0
41010,ddd71eb247598986e0f2ee5fe98fc066deb22fc5aeae14f6fe1c618fa300fd86,-40,a47522d223ca7148c306a44da11f67079a1cfe671bedd6fc8652c5821fa55af5,5,FALL,000000000000000000000000011111,135,182,159,/home/zhupl25/chiplet_side_channel/chiplet_gds_data/power_macro/delay_chain/ftc/runs/b_fe_frontend/bfe14_arch1_benign_temp_drift/physical/seed_41010/t_-040C/source_hspice,VALID,-24,24,0,0
41010,ddd71eb247598986e0f2ee5fe98fc066deb22fc5aeae14f6fe1c618fa300fd86,-40,a47522d223ca7148c306a44da11f67079a1cfe671bedd6fc8652c5821fa55af5,6,RISE,000000000000000000000000111111,159,182,159,/home/zhupl25/chiplet_side_channel/chiplet_gds_data/power_macro/delay_chain/ftc/runs/b_fe_frontend/bfe14_arch1_benign_temp_drift/physical/seed_41010/t_-040C/source_hspice,VALID,-23,23,0,0
41010,ddd71eb247598986e0f2ee5fe98fc066deb22fc5aeae14f6fe1c618fa300fd86,-40,a47522d223ca7148c306a44da11f67079a1cfe671bedd6fc8652c5821fa55af5,7,FALL,000000000000000000000000011111,135,182,159,/home/zhupl25/chiplet_side_channel/chiplet_gds_data/power_macro/delay_chain/ftc/runs/b_fe_frontend/bfe14_arch1_benign_temp_drift/physical/seed_41010/t_-040C/source_hspice,VALID,-24,24,0,0
41010,ddd71eb247598986e0f2ee5fe98fc066deb22fc5aeae14f6fe1c618fa300fd86,-40,a47522d223ca7148c306a44da11f67079a1cfe671bedd6fc8652c5821fa55af5,8,RISE,000000000000000000000000111111,159,182,159,/home/zhupl25/chiplet_side_channel/chiplet_gds_data/power_macro/delay_chain/ftc/runs/b_fe_frontend/bfe14_arch1_benign_temp_drift/physical/seed_41010/t_-040C/source_hspice,VALID,-23,23,0,0
41010,ddd71eb247598986e0f2ee5fe98fc066deb22fc5aeae14f6fe1c618fa300fd86,-40,a47522d223ca7148c306a44da11f67079a1cfe671bedd6fc8652c5821fa55af5,9,FALL,000000000000000000000000011111,135,182,159,/home/zhupl25/chiplet_side_channel/chiplet_gds_data/power_macro/delay_chain/ftc/runs/b_fe_frontend/bfe14_arch1_benign_temp_drift/physical/seed_41010/t_-040C/source_hspice,VALID,-24,24,0,0
41010,ddd71eb247598986e0f2ee5fe98fc066deb22fc5aeae14f6fe1c618fa300fd86,-40,a47522d223ca7148c306a44da11f67079a1cfe671bedd6fc8652c5821fa55af5,10,RISE,000000000000000000000000111111,159,182,159,/home/zhupl25/chiplet_side_channel/chiplet_gds_data/power_macro/delay_chain/ftc/runs/b_fe_frontend/bfe14_arch1_benign_temp_drift/physical/seed_41010/t_-040C/source_hspice,VALID,-23,23,0,0
41010,ddd71eb247598986e0f2ee5fe98fc066deb22fc5aeae14f6fe1c618fa300fd86,-40,a47522d223ca7148c306a44da11f67079a1cfe671bedd6fc8652c5821fa55af5,11,FALL,000000000000000000000000011111,135,182,159,/home/zhupl25/chiplet_side_channel/chiplet_gds_data/power_macro/delay_chain/ftc/runs/b_fe_frontend/bfe14_arch1_benign_temp_drift/physical/seed_41010/t_-040C/source_hspice,VALID,-24,24,0,0
41010,ddd71eb247598986e0f2ee5fe98fc066deb22fc5aeae14f6fe1c618fa300fd86,-40,a47522d223ca7148c306a44da11f67079a1cfe671bedd6fc8652c5821fa55af5,12,RISE,000000000000000000000000111111,159,182,159,/home/zhupl25/chiplet_side_channel/chiplet_gds_data/power_macro/delay_chain/ftc/runs/b_fe_frontend/bfe14_arch1_benign_temp_drift/physical/seed_41010/t_-040C/source_hspice,VALID,-23,23,0,0
41010,ddd71eb247598986e0f2ee5fe98fc066deb22fc5aeae14f6fe1c618fa300fd86,-40,a47522d223ca7148c306a44da11f67079a1cfe671bedd6fc8652c5821fa55af5,13,FALL,000000000000000000000000011111,135,182,159,/home/zhupl25/chiplet_side_channel/chiplet_gds_data/power_macro/delay_chain/ftc/runs/b_fe_frontend/bfe14_arch1_benign_temp_drift/physical/seed_41010/t_-040C/source_hspice,VALID,-24,24,0,0
41010,ddd71eb247598986e0f2ee5fe98fc066deb22fc5aeae14f6fe1c618fa300fd86,-40,a47522d223ca7148c306a44da11f67079a1cfe671bedd6fc8652c5821fa55af5,14,RISE,000000000000000000000000111111,159,182,159,/home/zhupl25/chiplet_side_channel/chiplet_gds_data/power_macro/delay_chain/ftc/runs/b_fe_frontend/bfe14_arch1_benign_temp_drift/physical/seed_41010/t_-040C/source_hspice,VALID,-23,23,0,0
41010,ddd71eb247598986e0f2ee5fe98fc066deb22fc5aeae14f6fe1c618fa300fd86,-40,a47522d223ca7148c306a44da11f67079a1cfe671bedd6fc8652c5821fa55af5,15,FALL,000000000000000000000000011111,135,182,159,/home/zhupl25/chiplet_side_channel/chiplet_gds_data/power_macro/delay_chain/ftc/runs/b_fe_frontend/bfe14_arch1_benign_temp_drift/physical/seed_41010/t_-040C/source_hspice,VALID,-24,24,0,0
41010,ddd71eb247598986e0f2ee5fe98fc066deb22fc5aeae14f6fe1c618fa300fd86,-40,a47522d223ca7148c306a44da11f67079a1cfe671bedd6fc8652c5821fa55af5,16,RISE,000000000000000000000000111111,159,182,159,/home/zhupl25/chiplet_side_channel/chiplet_gds_data/power_macro/delay_chain/ftc/runs/b_fe_frontend/bfe14_arch1_benign_temp_drift/physical/seed_41010/t_-040C/source_hspice,VALID,-23,23,0,0
41010,ddd71eb247598986e0f2ee5fe98fc066deb22fc5aeae14f6fe1c618fa300fd86,-40,a47522d223ca7148c306a44da11f67079a1cfe671bedd6fc8652c5821fa55af5,17,FALL,000000000000000000000000011111,135,182,159,/home/zhupl25/chiplet_side_channel/chiplet_gds_data/power_macro/delay_chain/ftc/runs/b_fe_frontend/bfe14_arch1_benign_temp_drift/physical/seed_41010/t_-040C/source_hspice,VALID,-24,24,0,0
41010,ddd71eb247598986e0f2ee5fe98fc066deb22fc5aeae14f6fe1c618fa300fd86,-40,a47522d223ca7148c306a44da11f67079a1cfe671bedd6fc8652c5821fa55af5,18,RISE,000000000000000000000000111111,159,182,159,/home/zhupl25/chiplet_side_channel/chiplet_gds_data/power_macro/delay_chain/ftc/runs/b_fe_frontend/bfe14_arch1_benign_temp_drift/physical/seed_41010/t_-040C/source_hspice,VALID,-23,23,0,0
41010,ddd71eb247598986e0f2ee5fe98fc066deb22fc5aeae14f6fe1c618fa300fd86,-40,a47522d223ca7148c306a44da11f67079a1cfe671bedd6fc8652c5821fa55af5,19,FALL,000000000000000000000000011111,135,182,159,/home/zhupl25/chiplet_side_channel/chiplet_gds_data/power_macro/delay_chain/ftc/runs/b_fe_frontend/bfe14_arch1_benign_temp_drift/physical/seed_41010/t_-040C/source_hspice,VALID,-24,24,0,0
41010,ddd71eb247598986e0f2ee5fe98fc066deb22fc5aeae14f6fe1c618fa300fd86,-40,a47522d223ca7148c306a44da11f67079a1cfe671bedd6fc8652c5821fa55af5,20,RISE,000000000000000000000000111111,159,182,159,/home/zhupl25/chiplet_side_channel/chiplet_gds_data/power_macro/delay_chain/ftc/runs/b_fe_frontend/bfe14_arch1_benign_temp_drift/physical/seed_41010/t_-040C/source_hspice,VALID,-23,23,0,0
41010,ddd71eb247598986e0f2ee5fe98fc066deb22fc5aeae14f6fe1c618fa300fd86,-40,a47522d223ca7148c306a44da11f67079a1cfe671bedd6fc8652c5821fa55af5,21,FALL,000000000000000000000000001111,110,182,159,/home/zhupl25/chiplet_side_channel/chiplet_gds_data/power_macro/delay_chain/ftc/runs/b_fe_frontend/bfe14_arch1_benign_temp_drift/physical/seed_41010/t_-040C/source_hspice,VALID,-49,49,0,0
41010,ddd71eb247598986e0f2ee5fe98fc066deb22fc5aeae14f6fe1c618fa300fd86,-40,a47522d223ca7148c306a44da11f67079a1cfe671bedd6fc8652c5821fa55af5,22,RISE,000000000000000000000000111111,159,182,159,/home/zhupl25/chiplet_side_channel/chiplet_gds_data/power_macro/delay_chain/ftc/runs/b_fe_frontend/bfe14_arch1_benign_temp_drift/physical/seed_41010/t_-040C/source_hspice,VALID,-23,23,0,0
41010,ddd71eb247598986e0f2ee5fe98fc066deb22fc5aeae14f6fe1c618fa300fd86,-40,a47522d223ca7148c306a44da11f67079a1cfe671bedd6fc8652c5821fa55af5,23,FALL,000000000000000000000000011111,135,182,159,/home/zhupl25/chiplet_side_channel/chiplet_gds_data/power_macro/delay_chain/ftc/runs/b_fe_frontend/bfe14_arch1_benign_temp_drift/physical/seed_41010/t_-040C/source_hspice,VALID,-24,24,0,0
41010,ddd71eb247598986e0f2ee5fe98fc066deb22fc5aeae14f6fe1c618fa300fd86,125,a47522d223ca7148c306a44da11f67079a1cfe671bedd6fc8652c5821fa55af5,0,RISE,000000000000000000000011111111,204,182,159,/home/zhupl25/chiplet_side_channel/chiplet_gds_data/power_macro/delay_chain/ftc/runs/b_fe_frontend/bfe14_arch1_benign_temp_drift/physical/seed_41010/t_+125C/source_hspice,VALID,22,22,1,1
41010,ddd71eb247598986e0f2ee5fe98fc066deb22fc5aeae14f6fe1c618fa300fd86,125,a47522d223ca7148c306a44da11f67079a1cfe671bedd6fc8652c5821fa55af5,1,FALL,000000000000000000000011111111,204,182,159,/home/zhupl25/chiplet_side_channel/chiplet_gds_data/power_macro/delay_chain/ftc/runs/b_fe_frontend/bfe14_arch1_benign_temp_drift/physical/seed_41010/t_+125C/source_hspice,VALID,45,45,0,0
41010,ddd71eb247598986e0f2ee5fe98fc066deb22fc5aeae14f6fe1c618fa300fd86,125,a47522d223ca7148c306a44da11f67079a1cfe671bedd6fc8652c5821fa55af5,2,RISE,000000000000000000000011111111,204,182,159,/home/zhupl25/chiplet_side_channel/chiplet_gds_data/power_macro/delay_chain/ftc/runs/b_fe_frontend/bfe14_arch1_benign_temp_drift/physical/seed_41010/t_+125C/source_hspice,VALID,22,22,1,1
41010,ddd71eb247598986e0f2ee5fe98fc066deb22fc5aeae14f6fe1c618fa300fd86,125,a47522d223ca7148c306a44da11f67079a1cfe671bedd6fc8652c5821fa55af5,3,FALL,000000000000000000000001111111,182,182,159,/home/zhupl25/chiplet_side_channel/chiplet_gds_data/power_macro/delay_chain/ftc/runs/b_fe_frontend/bfe14_arch1_benign_temp_drift/physical/seed_41010/t_+125C/source_hspice,VALID,23,23,0,0
41010,ddd71eb247598986e0f2ee5fe98fc066deb22fc5aeae14f6fe1c618fa300fd86,125,a47522d223ca7148c306a44da11f67079a1cfe671bedd6fc8652c5821fa55af5,4,RISE,000000000000000000000011111111,204,182,159,/home/zhupl25/chiplet_side_channel/chiplet_gds_data/power_macro/delay_chain/ftc/runs/b_fe_frontend/bfe14_arch1_benign_temp_drift/physical/seed_41010/t_+125C/source_hspice,VALID,22,22,1,1
41010,ddd71eb247598986e0f2ee5fe98fc066deb22fc5aeae14f6fe1c618fa300fd86,125,a47522d223ca7148c306a44da11f67079a1cfe671bedd6fc8652c5821fa55af5,5,FALL,000000000000000000000011111111,204,182,159,/home/zhupl25/chiplet_side_channel/chiplet_gds_data/power_macro/delay_chain/ftc/runs/b_fe_frontend/bfe14_arch1_benign_temp_drift/physical/seed_41010/t_+125C/source_hspice,VALID,45,45,0,0
41010,ddd71eb247598986e0f2ee5fe98fc066deb22fc5aeae14f6fe1c618fa300fd86,125,a47522d223ca7148c306a44da11f67079a1cfe671bedd6fc8652c5821fa55af5,6,RISE,000000000000000000000011111111,204,182,159,/home/zhupl25/chiplet_side_channel/chiplet_gds_data/power_macro/delay_chain/ftc/runs/b_fe_frontend/bfe14_arch1_benign_temp_drift/physical/seed_41010/t_+125C/source_hspice,VALID,22,22,1,1
41010,ddd71eb247598986e0f2ee5fe98fc066deb22fc5aeae14f6fe1c618fa300fd86,125,a47522d223ca7148c306a44da11f67079a1cfe671bedd6fc8652c5821fa55af5,7,FALL,000000000000000000000001111111,182,182,159,/home/zhupl25/chiplet_side_channel/chiplet_gds_data/power_macro/delay_chain/ftc/runs/b_fe_frontend/bfe14_arch1_benign_temp_drift/physical/seed_41010/t_+125C/source_hspice,VALID,23,23,0,0
41010,ddd71eb247598986e0f2ee5fe98fc066deb22fc5aeae14f6fe1c618fa300fd86,125,a47522d223ca7148c306a44da11f67079a1cfe671bedd6fc8652c5821fa55af5,8,RISE,000000000000000000000011111111,204,182,159,/home/zhupl25/chiplet_side_channel/chiplet_gds_data/power_macro/delay_chain/ftc/runs/b_fe_frontend/bfe14_arch1_benign_temp_drift/physical/seed_41010/t_+125C/source_hspice,VALID,22,22,1,1
41010,ddd71eb247598986e0f2ee5fe98fc066deb22fc5aeae14f6fe1c618fa300fd86,125,a47522d223ca7148c306a44da11f67079a1cfe671bedd6fc8652c5821fa55af5,9,FALL,000000000000000000000011111111,204,182,159,/home/zhupl25/chiplet_side_channel/chiplet_gds_data/power_macro/delay_chain/ftc/runs/b_fe_frontend/bfe14_arch1_benign_temp_drift/physical/seed_41010/t_+125C/source_hspice,VALID,45,45,0,0
41010,ddd71eb247598986e0f2ee5fe98fc066deb22fc5aeae14f6fe1c618fa300fd86,125,a47522d223ca7148c306a44da11f67079a1cfe671bedd6fc8652c5821fa55af5,10,RISE,000000000000000000000011111111,204,182,159,/home/zhupl25/chiplet_side_channel/chiplet_gds_data/power_macro/delay_chain/ftc/runs/b_fe_frontend/bfe14_arch1_benign_temp_drift/physical/seed_41010/t_+125C/source_hspice,VALID,22,22,1,1
41010,ddd71eb247598986e0f2ee5fe98fc066deb22fc5aeae14f6fe1c618fa300fd86,125,a47522d223ca7148c306a44da11f67079a1cfe671bedd6fc8652c5821fa55af5,11,FALL,000000000000000000000001111111,182,182,159,/home/zhupl25/chiplet_side_channel/chiplet_gds_data/power_macro/delay_chain/ftc/runs/b_fe_frontend/bfe14_arch1_benign_temp_drift/physical/seed_41010/t_+125C/source_hspice,VALID,23,23,0,0
41010,ddd71eb247598986e0f2ee5fe98fc066deb22fc5aeae14f6fe1c618fa300fd86,125,a47522d223ca7148c306a44da11f67079a1cfe671bedd6fc8652c5821fa55af5,12,RISE,000000000000000000000011111111,204,182,159,/home/zhupl25/chiplet_side_channel/chiplet_gds_data/power_macro/delay_chain/ftc/runs/b_fe_frontend/bfe14_arch1_benign_temp_drift/physical/seed_41010/t_+125C/source_hspice,VALID,22,22,1,1
41010,ddd71eb247598986e0f2ee5fe98fc066deb22fc5aeae14f6fe1c618fa300fd86,125,a47522d223ca7148c306a44da11f67079a1cfe671bedd6fc8652c5821fa55af5,13,FALL,000000000000000000000001111111,182,182,159,/home/zhupl25/chiplet_side_channel/chiplet_gds_data/power_macro/delay_chain/ftc/runs/b_fe_frontend/bfe14_arch1_benign_temp_drift/physical/seed_41010/t_+125C/source_hspice,VALID,23,23,0,0
41010,ddd71eb247598986e0f2ee5fe98fc066deb22fc5aeae14f6fe1c618fa300fd86,125,a47522d223ca7148c306a44da11f67079a1cfe671bedd6fc8652c5821fa55af5,14,RISE,000000000000000000000011111111,204,182,159,/home/zhupl25/chiplet_side_channel/chiplet_gds_data/power_macro/delay_chain/ftc/runs/b_fe_frontend/bfe14_arch1_benign_temp_drift/physical/seed_41010/t_+125C/source_hspice,VALID,22,22,1,1
41010,ddd71eb247598986e0f2ee5fe98fc066deb22fc5aeae14f6fe1c618fa300fd86,125,a47522d223ca7148c306a44da11f67079a1cfe671bedd6fc8652c5821fa55af5,15,FALL,000000000000000000000001111111,182,182,159,/home/zhupl25/chiplet_side_channel/chiplet_gds_data/power_macro/delay_chain/ftc/runs/b_fe_frontend/bfe14_arch1_benign_temp_drift/physical/seed_41010/t_+125C/source_hspice,VALID,23,23,0,0
41010,ddd71eb247598986e0f2ee5fe98fc066deb22fc5aeae14f6fe1c618fa300fd86,125,a47522d223ca7148c306a44da11f67079a1cfe671bedd6fc8652c5821fa55af5,16,RISE,000000000000000000000011111111,204,182,159,/home/zhupl25/chiplet_side_channel/chiplet_gds_data/power_macro/delay_chain/ftc/runs/b_fe_frontend/bfe14_arch1_benign_temp_drift/physical/seed_41010/t_+125C/source_hspice,VALID,22,22,1,1
41010,ddd71eb247598986e0f2ee5fe98fc066deb22fc5aeae14f6fe1c618fa300fd86,125,a47522d223ca7148c306a44da11f67079a1cfe671bedd6fc8652c5821fa55af5,17,FALL,000000000000000000000011111111,204,182,159,/home/zhupl25/chiplet_side_channel/chiplet_gds_data/power_macro/delay_chain/ftc/runs/b_fe_frontend/bfe14_arch1_benign_temp_drift/physical/seed_41010/t_+125C/source_hspice,VALID,45,45,0,0
41010,ddd71eb247598986e0f2ee5fe98fc066deb22fc5aeae14f6fe1c618fa300fd86,125,a47522d223ca7148c306a44da11f67079a1cfe671bedd6fc8652c5821fa55af5,18,RISE,000000000000000000000011111111,204,182,159,/home/zhupl25/chiplet_side_channel/chiplet_gds_data/power_macro/delay_chain/ftc/runs/b_fe_frontend/bfe14_arch1_benign_temp_drift/physical/seed_41010/t_+125C/source_hspice,VALID,22,22,1,1
41010,ddd71eb247598986e0f2ee5fe98fc066deb22fc5aeae14f6fe1c618fa300fd86,125,a47522d223ca7148c306a44da11f67079a1cfe671bedd6fc8652c5821fa55af5,19,FALL,000000000000000000000001111111,182,182,159,/home/zhupl25/chiplet_side_channel/chiplet_gds_data/power_macro/delay_chain/ftc/runs/b_fe_frontend/bfe14_arch1_benign_temp_drift/physical/seed_41010/t_+125C/source_hspice,VALID,23,23,0,0
41010,ddd71eb247598986e0f2ee5fe98fc066deb22fc5aeae14f6fe1c618fa300fd86,125,a47522d223ca7148c306a44da11f67079a1cfe671bedd6fc8652c5821fa55af5,20,RISE,000000000000000000000011111111,204,182,159,/home/zhupl25/chiplet_side_channel/chiplet_gds_data/power_macro/delay_chain/ftc/runs/b_fe_frontend/bfe14_arch1_benign_temp_drift/physical/seed_41010/t_+125C/source_hspice,VALID,22,22,1,1
41010,ddd71eb247598986e0f2ee5fe98fc066deb22fc5aeae14f6fe1c618fa300fd86,125,a47522d223ca7148c306a44da11f67079a1cfe671bedd6fc8652c5821fa55af5,21,FALL,000000000000000000000001111111,182,182,159,/home/zhupl25/chiplet_side_channel/chiplet_gds_data/power_macro/delay_chain/ftc/runs/b_fe_frontend/bfe14_arch1_benign_temp_drift/physical/seed_41010/t_+125C/source_hspice,VALID,23,23,0,0
41010,ddd71eb247598986e0f2ee5fe98fc066deb22fc5aeae14f6fe1c618fa300fd86,125,a47522d223ca7148c306a44da11f67079a1cfe671bedd6fc8652c5821fa55af5,22,RISE,000000000000000000000011111111,204,182,159,/home/zhupl25/chiplet_side_channel/chiplet_gds_data/power_macro/delay_chain/ftc/runs/b_fe_frontend/bfe14_arch1_benign_temp_drift/physical/seed_41010/t_+125C/source_hspice,VALID,22,22,1,1
41010,ddd71eb247598986e0f2ee5fe98fc066deb22fc5aeae14f6fe1c618fa300fd86,125,a47522d223ca7148c306a44da11f67079a1cfe671bedd6fc8652c5821fa55af5,23,FALL,000000000000000000000001111111,182,182,159,/home/zhupl25/chiplet_side_channel/chiplet_gds_data/power_macro/delay_chain/ftc/runs/b_fe_frontend/bfe14_arch1_benign_temp_drift/physical/seed_41010/t_+125C/source_hspice,VALID,23,23,0,0
41011,6252db7cb1622cbeb7291fbe24ce9935ed8e0f48a4e61dd2839e7bd3d74935c8,-40,a47522d223ca7148c306a44da11f67079a1cfe671bedd6fc8652c5821fa55af5,0,RISE,000000000000000000000000111111,159,176,159,/home/zhupl25/chiplet_side_channel/chiplet_gds_data/power_macro/delay_chain/ftc/runs/b_fe_frontend/bfe14_arch1_benign_temp_drift/physical/seed_41011/t_-040C/source_hspice,VALID,-17,17,0,0
41011,6252db7cb1622cbeb7291fbe24ce9935ed8e0f48a4e61dd2839e7bd3d74935c8,-40,a47522d223ca7148c306a44da11f67079a1cfe671bedd6fc8652c5821fa55af5,1,FALL,000000000000000000000000011111,135,176,159,/home/zhupl25/chiplet_side_channel/chiplet_gds_data/power_macro/delay_chain/ftc/runs/b_fe_frontend/bfe14_arch1_benign_temp_drift/physical/seed_41011/t_-040C/source_hspice,VALID,-24,24,0,0
41011,6252db7cb1622cbeb7291fbe24ce9935ed8e0f48a4e61dd2839e7bd3d74935c8,-40,a47522d223ca7148c306a44da11f67079a1cfe671bedd6fc8652c5821fa55af5,2,RISE,000000000000000000000000111111,159,176,159,/home/zhupl25/chiplet_side_channel/chiplet_gds_data/power_macro/delay_chain/ftc/runs/b_fe_frontend/bfe14_arch1_benign_temp_drift/physical/seed_41011/t_-040C/source_hspice,VALID,-17,17,0,0
41011,6252db7cb1622cbeb7291fbe24ce9935ed8e0f48a4e61dd2839e7bd3d74935c8,-40,a47522d223ca7148c306a44da11f67079a1cfe671bedd6fc8652c5821fa55af5,3,FALL,000000000000000000000000011111,135,176,159,/home/zhupl25/chiplet_side_channel/chiplet_gds_data/power_macro/delay_chain/ftc/runs/b_fe_frontend/bfe14_arch1_benign_temp_drift/physical/seed_41011/t_-040C/source_hspice,VALID,-24,24,0,0
41011,6252db7cb1622cbeb7291fbe24ce9935ed8e0f48a4e61dd2839e7bd3d74935c8,-40,a47522d223ca7148c306a44da11f67079a1cfe671bedd6fc8652c5821fa55af5,4,RISE,000000000000000000000000111111,159,176,159,/home/zhupl25/chiplet_side_channel/chiplet_gds_data/power_macro/delay_chain/ftc/runs/b_fe_frontend/bfe14_arch1_benign_temp_drift/physical/seed_41011/t_-040C/source_hspice,VALID,-17,17,0,0
41011,6252db7cb1622cbeb7291fbe24ce9935ed8e0f48a4e61dd2839e7bd3d74935c8,-40,a47522d223ca7148c306a44da11f67079a1cfe671bedd6fc8652c5821fa55af5,5,FALL,000000000000000000000000011111,135,176,159,/home/zhupl25/chiplet_side_channel/chiplet_gds_data/power_macro/delay_chain/ftc/runs/b_fe_frontend/bfe14_arch1_benign_temp_drift/physical/seed_41011/t_-040C/source_hspice,VALID,-24,24,0,0
41011,6252db7cb1622cbeb7291fbe24ce9935ed8e0f48a4e61dd2839e7bd3d74935c8,-40,a47522d223ca7148c306a44da11f67079a1cfe671bedd6fc8652c5821fa55af5,6,RISE,000000000000000000000000011111,135,176,159,/home/zhupl25/chiplet_side_channel/chiplet_gds_data/power_macro/delay_chain/ftc/runs/b_fe_frontend/bfe14_arch1_benign_temp_drift/physical/seed_41011/t_-040C/source_hspice,VALID,-41,41,0,0
41011,6252db7cb1622cbeb7291fbe24ce9935ed8e0f48a4e61dd2839e7bd3d74935c8,-40,a47522d223ca7148c306a44da11f67079a1cfe671bedd6fc8652c5821fa55af5,7,FALL,000000000000000000000000011111,135,176,159,/home/zhupl25/chiplet_side_channel/chiplet_gds_data/power_macro/delay_chain/ftc/runs/b_fe_frontend/bfe14_arch1_benign_temp_drift/physical/seed_41011/t_-040C/source_hspice,VALID,-24,24,0,0
41011,6252db7cb1622cbeb7291fbe24ce9935ed8e0f48a4e61dd2839e7bd3d74935c8,-40,a47522d223ca7148c306a44da11f67079a1cfe671bedd6fc8652c5821fa55af5,8,RISE,000000000000000000000000111111,159,176,159,/home/zhupl25/chiplet_side_channel/chiplet_gds_data/power_macro/delay_chain/ftc/runs/b_fe_frontend/bfe14_arch1_benign_temp_drift/physical/seed_41011/t_-040C/source_hspice,VALID,-17,17,0,0
41011,6252db7cb1622cbeb7291fbe24ce9935ed8e0f48a4e61dd2839e7bd3d74935c8,-40,a47522d223ca7148c306a44da11f67079a1cfe671bedd6fc8652c5821fa55af5,9,FALL,000000000000000000000000011111,135,176,159,/home/zhupl25/chiplet_side_channel/chiplet_gds_data/power_macro/delay_chain/ftc/runs/b_fe_frontend/bfe14_arch1_benign_temp_drift/physical/seed_41011/t_-040C/source_hspice,VALID,-24,24,0,0
41011,6252db7cb1622cbeb7291fbe24ce9935ed8e0f48a4e61dd2839e7bd3d74935c8,-40,a47522d223ca7148c306a44da11f67079a1cfe671bedd6fc8652c5821fa55af5,10,RISE,000000000000000000000000111111,159,176,159,/home/zhupl25/chiplet_side_channel/chiplet_gds_data/power_macro/delay_chain/ftc/runs/b_fe_frontend/bfe14_arch1_benign_temp_drift/physical/seed_41011/t_-040C/source_hspice,VALID,-17,17,0,0
41011,6252db7cb1622cbeb7291fbe24ce9935ed8e0f48a4e61dd2839e7bd3d74935c8,-40,a47522d223ca7148c306a44da11f67079a1cfe671bedd6fc8652c5821fa55af5,11,FALL,000000000000000000000000011111,135,176,159,/home/zhupl25/chiplet_side_channel/chiplet_gds_data/power_macro/delay_chain/ftc/runs/b_fe_frontend/bfe14_arch1_benign_temp_drift/physical/seed_41011/t_-040C/source_hspice,VALID,-24,24,0,0
41011,6252db7cb1622cbeb7291fbe24ce9935ed8e0f48a4e61dd2839e7bd3d74935c8,-40,a47522d223ca7148c306a44da11f67079a1cfe671bedd6fc8652c5821fa55af5,12,RISE,000000000000000000000000011111,135,176,159,/home/zhupl25/chiplet_side_channel/chiplet_gds_data/power_macro/delay_chain/ftc/runs/b_fe_frontend/bfe14_arch1_benign_temp_drift/physical/seed_41011/t_-040C/source_hspice,VALID,-41,41,0,0
41011,6252db7cb1622cbeb7291fbe24ce9935ed8e0f48a4e61dd2839e7bd3d74935c8,-40,a47522d223ca7148c306a44da11f67079a1cfe671bedd6fc8652c5821fa55af5,13,FALL,000000000000000000000000011111,135,176,159,/home/zhupl25/chiplet_side_channel/chiplet_gds_data/power_macro/delay_chain/ftc/runs/b_fe_frontend/bfe14_arch1_benign_temp_drift/physical/seed_41011/t_-040C/source_hspice,VALID,-24,24,0,0
41011,6252db7cb1622cbeb7291fbe24ce9935ed8e0f48a4e61dd2839e7bd3d74935c8,-40,a47522d223ca7148c306a44da11f67079a1cfe671bedd6fc8652c5821fa55af5,14,RISE,000000000000000000000000111111,159,176,159,/home/zhupl25/chiplet_side_channel/chiplet_gds_data/power_macro/delay_chain/ftc/runs/b_fe_frontend/bfe14_arch1_benign_temp_drift/physical/seed_41011/t_-040C/source_hspice,VALID,-17,17,0,0
41011,6252db7cb1622cbeb7291fbe24ce9935ed8e0f48a4e61dd2839e7bd3d74935c8,-40,a47522d223ca7148c306a44da11f67079a1cfe671bedd6fc8652c5821fa55af5,15,FALL,000000000000000000000000011111,135,176,159,/home/zhupl25/chiplet_side_channel/chiplet_gds_data/power_macro/delay_chain/ftc/runs/b_fe_frontend/bfe14_arch1_benign_temp_drift/physical/seed_41011/t_-040C/source_hspice,VALID,-24,24,0,0
41011,6252db7cb1622cbeb7291fbe24ce9935ed8e0f48a4e61dd2839e7bd3d74935c8,-40,a47522d223ca7148c306a44da11f67079a1cfe671bedd6fc8652c5821fa55af5,16,RISE,000000000000000000000000011111,135,176,159,/home/zhupl25/chiplet_side_channel/chiplet_gds_data/power_macro/delay_chain/ftc/runs/b_fe_frontend/bfe14_arch1_benign_temp_drift/physical/seed_41011/t_-040C/source_hspice,VALID,-41,41,0,0
41011,6252db7cb1622cbeb7291fbe24ce9935ed8e0f48a4e61dd2839e7bd3d74935c8,-40,a47522d223ca7148c306a44da11f67079a1cfe671bedd6fc8652c5821fa55af5,17,FALL,000000000000000000000000011111,135,176,159,/home/zhupl25/chiplet_side_channel/chiplet_gds_data/power_macro/delay_chain/ftc/runs/b_fe_frontend/bfe14_arch1_benign_temp_drift/physical/seed_41011/t_-040C/source_hspice,VALID,-24,24,0,0
41011,6252db7cb1622cbeb7291fbe24ce9935ed8e0f48a4e61dd2839e7bd3d74935c8,-40,a47522d223ca7148c306a44da11f67079a1cfe671bedd6fc8652c5821fa55af5,18,RISE,000000000000000000000000011111,135,176,159,/home/zhupl25/chiplet_side_channel/chiplet_gds_data/power_macro/delay_chain/ftc/runs/b_fe_frontend/bfe14_arch1_benign_temp_drift/physical/seed_41011/t_-040C/source_hspice,VALID,-41,41,0,0
41011,6252db7cb1622cbeb7291fbe24ce9935ed8e0f48a4e61dd2839e7bd3d74935c8,-40,a47522d223ca7148c306a44da11f67079a1cfe671bedd6fc8652c5821fa55af5,19,FALL,000000000000000000000000011111,135,176,159,/home/zhupl25/chiplet_side_channel/chiplet_gds_data/power_macro/delay_chain/ftc/runs/b_fe_frontend/bfe14_arch1_benign_temp_drift/physical/seed_41011/t_-040C/source_hspice,VALID,-24,24,0,0
41011,6252db7cb1622cbeb7291fbe24ce9935ed8e0f48a4e61dd2839e7bd3d74935c8,-40,a47522d223ca7148c306a44da11f67079a1cfe671bedd6fc8652c5821fa55af5,20,RISE,000000000000000000000000011111,135,176,159,/home/zhupl25/chiplet_side_channel/chiplet_gds_data/power_macro/delay_chain/ftc/runs/b_fe_frontend/bfe14_arch1_benign_temp_drift/physical/seed_41011/t_-040C/source_hspice,VALID,-41,41,0,0
41011,6252db7cb1622cbeb7291fbe24ce9935ed8e0f48a4e61dd2839e7bd3d74935c8,-40,a47522d223ca7148c306a44da11f67079a1cfe671bedd6fc8652c5821fa55af5,21,FALL,000000000000000000000000011111,135,176,159,/home/zhupl25/chiplet_side_channel/chiplet_gds_data/power_macro/delay_chain/ftc/runs/b_fe_frontend/bfe14_arch1_benign_temp_drift/physical/seed_41011/t_-040C/source_hspice,VALID,-24,24,0,0
41011,6252db7cb1622cbeb7291fbe24ce9935ed8e0f48a4e61dd2839e7bd3d74935c8,-40,a47522d223ca7148c306a44da11f67079a1cfe671bedd6fc8652c5821fa55af5,22,RISE,000000000000000000000000111111,159,176,159,/home/zhupl25/chiplet_side_channel/chiplet_gds_data/power_macro/delay_chain/ftc/runs/b_fe_frontend/bfe14_arch1_benign_temp_drift/physical/seed_41011/t_-040C/source_hspice,VALID,-17,17,0,0
41011,6252db7cb1622cbeb7291fbe24ce9935ed8e0f48a4e61dd2839e7bd3d74935c8,-40,a47522d223ca7148c306a44da11f67079a1cfe671bedd6fc8652c5821fa55af5,23,FALL,000000000000000000000000011111,135,176,159,/home/zhupl25/chiplet_side_channel/chiplet_gds_data/power_macro/delay_chain/ftc/runs/b_fe_frontend/bfe14_arch1_benign_temp_drift/physical/seed_41011/t_-040C/source_hspice,VALID,-24,24,0,0
41011,6252db7cb1622cbeb7291fbe24ce9935ed8e0f48a4e61dd2839e7bd3d74935c8,125,a47522d223ca7148c306a44da11f67079a1cfe671bedd6fc8652c5821fa55af5,0,RISE,000000000000000000000011111111,204,176,159,/home/zhupl25/chiplet_side_channel/chiplet_gds_data/power_macro/delay_chain/ftc/runs/b_fe_frontend/bfe14_arch1_benign_temp_drift/physical/seed_41011/t_+125C/source_hspice,VALID,28,28,1,1
41011,6252db7cb1622cbeb7291fbe24ce9935ed8e0f48a4e61dd2839e7bd3d74935c8,125,a47522d223ca7148c306a44da11f67079a1cfe671bedd6fc8652c5821fa55af5,1,FALL,000000000000000000000011111111,204,176,159,/home/zhupl25/chiplet_side_channel/chiplet_gds_data/power_macro/delay_chain/ftc/runs/b_fe_frontend/bfe14_arch1_benign_temp_drift/physical/seed_41011/t_+125C/source_hspice,VALID,45,45,0,0
41011,6252db7cb1622cbeb7291fbe24ce9935ed8e0f48a4e61dd2839e7bd3d74935c8,125,a47522d223ca7148c306a44da11f67079a1cfe671bedd6fc8652c5821fa55af5,2,RISE,000000000000000000000011111111,204,176,159,/home/zhupl25/chiplet_side_channel/chiplet_gds_data/power_macro/delay_chain/ftc/runs/b_fe_frontend/bfe14_arch1_benign_temp_drift/physical/seed_41011/t_+125C/source_hspice,VALID,28,28,1,1
41011,6252db7cb1622cbeb7291fbe24ce9935ed8e0f48a4e61dd2839e7bd3d74935c8,125,a47522d223ca7148c306a44da11f67079a1cfe671bedd6fc8652c5821fa55af5,3,FALL,000000000000000000000001111111,182,176,159,/home/zhupl25/chiplet_side_channel/chiplet_gds_data/power_macro/delay_chain/ftc/runs/b_fe_frontend/bfe14_arch1_benign_temp_drift/physical/seed_41011/t_+125C/source_hspice,VALID,23,23,0,0
41011,6252db7cb1622cbeb7291fbe24ce9935ed8e0f48a4e61dd2839e7bd3d74935c8,125,a47522d223ca7148c306a44da11f67079a1cfe671bedd6fc8652c5821fa55af5,4,RISE,000000000000000000000011111111,204,176,159,/home/zhupl25/chiplet_side_channel/chiplet_gds_data/power_macro/delay_chain/ftc/runs/b_fe_frontend/bfe14_arch1_benign_temp_drift/physical/seed_41011/t_+125C/source_hspice,VALID,28,28,1,1
41011,6252db7cb1622cbeb7291fbe24ce9935ed8e0f48a4e61dd2839e7bd3d74935c8,125,a47522d223ca7148c306a44da11f67079a1cfe671bedd6fc8652c5821fa55af5,5,FALL,000000000000000000000011111111,204,176,159,/home/zhupl25/chiplet_side_channel/chiplet_gds_data/power_macro/delay_chain/ftc/runs/b_fe_frontend/bfe14_arch1_benign_temp_drift/physical/seed_41011/t_+125C/source_hspice,VALID,45,45,0,0
41011,6252db7cb1622cbeb7291fbe24ce9935ed8e0f48a4e61dd2839e7bd3d74935c8,125,a47522d223ca7148c306a44da11f67079a1cfe671bedd6fc8652c5821fa55af5,6,RISE,000000000000000000000001111111,182,176,159,/home/zhupl25/chiplet_side_channel/chiplet_gds_data/power_macro/delay_chain/ftc/runs/b_fe_frontend/bfe14_arch1_benign_temp_drift/physical/seed_41011/t_+125C/source_hspice,VALID,6,6,0,0
41011,6252db7cb1622cbeb7291fbe24ce9935ed8e0f48a4e61dd2839e7bd3d74935c8,125,a47522d223ca7148c306a44da11f67079a1cfe671bedd6fc8652c5821fa55af5,7,FALL,000000000000000000000011111111,204,176,159,/home/zhupl25/chiplet_side_channel/chiplet_gds_data/power_macro/delay_chain/ftc/runs/b_fe_frontend/bfe14_arch1_benign_temp_drift/physical/seed_41011/t_+125C/source_hspice,VALID,45,45,0,0
41011,6252db7cb1622cbeb7291fbe24ce9935ed8e0f48a4e61dd2839e7bd3d74935c8,125,a47522d223ca7148c306a44da11f67079a1cfe671bedd6fc8652c5821fa55af5,8,RISE,000000000000000000000001111111,182,176,159,/home/zhupl25/chiplet_side_channel/chiplet_gds_data/power_macro/delay_chain/ftc/runs/b_fe_frontend/bfe14_arch1_benign_temp_drift/physical/seed_41011/t_+125C/source_hspice,VALID,6,6,0,0
41011,6252db7cb1622cbeb7291fbe24ce9935ed8e0f48a4e61dd2839e7bd3d74935c8,125,a47522d223ca7148c306a44da11f67079a1cfe671bedd6fc8652c5821fa55af5,9,FALL,000000000000000000000011111111,204,176,159,/home/zhupl25/chiplet_side_channel/chiplet_gds_data/power_macro/delay_chain/ftc/runs/b_fe_frontend/bfe14_arch1_benign_temp_drift/physical/seed_41011/t_+125C/source_hspice,VALID,45,45,0,0
41011,6252db7cb1622cbeb7291fbe24ce9935ed8e0f48a4e61dd2839e7bd3d74935c8,125,a47522d223ca7148c306a44da11f67079a1cfe671bedd6fc8652c5821fa55af5,10,RISE,000000000000000000000011111111,204,176,159,/home/zhupl25/chiplet_side_channel/chiplet_gds_data/power_macro/delay_chain/ftc/runs/b_fe_frontend/bfe14_arch1_benign_temp_drift/physical/seed_41011/t_+125C/source_hspice,VALID,28,28,1,1
41011,6252db7cb1622cbeb7291fbe24ce9935ed8e0f48a4e61dd2839e7bd3d74935c8,125,a47522d223ca7148c306a44da11f67079a1cfe671bedd6fc8652c5821fa55af5,11,FALL,000000000000000000000001111111,182,176,159,/home/zhupl25/chiplet_side_channel/chiplet_gds_data/power_macro/delay_chain/ftc/runs/b_fe_frontend/bfe14_arch1_benign_temp_drift/physical/seed_41011/t_+125C/source_hspice,VALID,23,23,0,0
41011,6252db7cb1622cbeb7291fbe24ce9935ed8e0f48a4e61dd2839e7bd3d74935c8,125,a47522d223ca7148c306a44da11f67079a1cfe671bedd6fc8652c5821fa55af5,12,RISE,000000000000000000000001111111,182,176,159,/home/zhupl25/chiplet_side_channel/chiplet_gds_data/power_macro/delay_chain/ftc/runs/b_fe_frontend/bfe14_arch1_benign_temp_drift/physical/seed_41011/t_+125C/source_hspice,VALID,6,6,0,0
41011,6252db7cb1622cbeb7291fbe24ce9935ed8e0f48a4e61dd2839e7bd3d74935c8,125,a47522d223ca7148c306a44da11f67079a1cfe671bedd6fc8652c5821fa55af5,13,FALL,000000000000000000000001111111,182,176,159,/home/zhupl25/chiplet_side_channel/chiplet_gds_data/power_macro/delay_chain/ftc/runs/b_fe_frontend/bfe14_arch1_benign_temp_drift/physical/seed_41011/t_+125C/source_hspice,VALID,23,23,0,0
41011,6252db7cb1622cbeb7291fbe24ce9935ed8e0f48a4e61dd2839e7bd3d74935c8,125,a47522d223ca7148c306a44da11f67079a1cfe671bedd6fc8652c5821fa55af5,14,RISE,000000000000000000000011111111,204,176,159,/home/zhupl25/chiplet_side_channel/chiplet_gds_data/power_macro/delay_chain/ftc/runs/b_fe_frontend/bfe14_arch1_benign_temp_drift/physical/seed_41011/t_+125C/source_hspice,VALID,28,28,1,1
41011,6252db7cb1622cbeb7291fbe24ce9935ed8e0f48a4e61dd2839e7bd3d74935c8,125,a47522d223ca7148c306a44da11f67079a1cfe671bedd6fc8652c5821fa55af5,15,FALL,000000000000000000000001111111,182,176,159,/home/zhupl25/chiplet_side_channel/chiplet_gds_data/power_macro/delay_chain/ftc/runs/b_fe_frontend/bfe14_arch1_benign_temp_drift/physical/seed_41011/t_+125C/source_hspice,VALID,23,23,0,0
41011,6252db7cb1622cbeb7291fbe24ce9935ed8e0f48a4e61dd2839e7bd3d74935c8,125,a47522d223ca7148c306a44da11f67079a1cfe671bedd6fc8652c5821fa55af5,16,RISE,000000000000000000000001111111,182,176,159,/home/zhupl25/chiplet_side_channel/chiplet_gds_data/power_macro/delay_chain/ftc/runs/b_fe_frontend/bfe14_arch1_benign_temp_drift/physical/seed_41011/t_+125C/source_hspice,VALID,6,6,0,0
41011,6252db7cb1622cbeb7291fbe24ce9935ed8e0f48a4e61dd2839e7bd3d74935c8,125,a47522d223ca7148c306a44da11f67079a1cfe671bedd6fc8652c5821fa55af5,17,FALL,000000000000000000000011111111,204,176,159,/home/zhupl25/chiplet_side_channel/chiplet_gds_data/power_macro/delay_chain/ftc/runs/b_fe_frontend/bfe14_arch1_benign_temp_drift/physical/seed_41011/t_+125C/source_hspice,VALID,45,45,0,0
41011,6252db7cb1622cbeb7291fbe24ce9935ed8e0f48a4e61dd2839e7bd3d74935c8,125,a47522d223ca7148c306a44da11f67079a1cfe671bedd6fc8652c5821fa55af5,18,RISE,000000000000000000000001111111,182,176,159,/home/zhupl25/chiplet_side_channel/chiplet_gds_data/power_macro/delay_chain/ftc/runs/b_fe_frontend/bfe14_arch1_benign_temp_drift/physical/seed_41011/t_+125C/source_hspice,VALID,6,6,0,0
41011,6252db7cb1622cbeb7291fbe24ce9935ed8e0f48a4e61dd2839e7bd3d74935c8,125,a47522d223ca7148c306a44da11f67079a1cfe671bedd6fc8652c5821fa55af5,19,FALL,000000000000000000000001111111,182,176,159,/home/zhupl25/chiplet_side_channel/chiplet_gds_data/power_macro/delay_chain/ftc/runs/b_fe_frontend/bfe14_arch1_benign_temp_drift/physical/seed_41011/t_+125C/source_hspice,VALID,23,23,0,0
41011,6252db7cb1622cbeb7291fbe24ce9935ed8e0f48a4e61dd2839e7bd3d74935c8,125,a47522d223ca7148c306a44da11f67079a1cfe671bedd6fc8652c5821fa55af5,20,RISE,000000000000000000000001111111,182,176,159,/home/zhupl25/chiplet_side_channel/chiplet_gds_data/power_macro/delay_chain/ftc/runs/b_fe_frontend/bfe14_arch1_benign_temp_drift/physical/seed_41011/t_+125C/source_hspice,VALID,6,6,0,0
41011,6252db7cb1622cbeb7291fbe24ce9935ed8e0f48a4e61dd2839e7bd3d74935c8,125,a47522d223ca7148c306a44da11f67079a1cfe671bedd6fc8652c5821fa55af5,21,FALL,000000000000000000000001111111,182,176,159,/home/zhupl25/chiplet_side_channel/chiplet_gds_data/power_macro/delay_chain/ftc/runs/b_fe_frontend/bfe14_arch1_benign_temp_drift/physical/seed_41011/t_+125C/source_hspice,VALID,23,23,0,0
41011,6252db7cb1622cbeb7291fbe24ce9935ed8e0f48a4e61dd2839e7bd3d74935c8,125,a47522d223ca7148c306a44da11f67079a1cfe671bedd6fc8652c5821fa55af5,22,RISE,000000000000000000000011111111,204,176,159,/home/zhupl25/chiplet_side_channel/chiplet_gds_data/power_macro/delay_chain/ftc/runs/b_fe_frontend/bfe14_arch1_benign_temp_drift/physical/seed_41011/t_+125C/source_hspice,VALID,28,28,1,1
41011,6252db7cb1622cbeb7291fbe24ce9935ed8e0f48a4e61dd2839e7bd3d74935c8,125,a47522d223ca7148c306a44da11f67079a1cfe671bedd6fc8652c5821fa55af5,23,FALL,000000000000000000000001111111,182,176,159,/home/zhupl25/chiplet_side_channel/chiplet_gds_data/power_macro/delay_chain/ftc/runs/b_fe_frontend/bfe14_arch1_benign_temp_drift/physical/seed_41011/t_+125C/source_hspice,VALID,23,23,0,0
41012,caa6eaa24b7d8fb062e268de2061f42e98b43b32af13a1bd01456fbaa611f791,-40,a47522d223ca7148c306a44da11f67079a1cfe671bedd6fc8652c5821fa55af5,0,RISE,000000000000000000000001111111,182,204,182,/home/zhupl25/chiplet_side_channel/chiplet_gds_data/power_macro/delay_chain/ftc/runs/b_fe_frontend/bfe14_arch1_benign_temp_drift/physical/seed_41012/t_-040C/source_hspice,VALID,-22,22,0,0
41012,caa6eaa24b7d8fb062e268de2061f42e98b43b32af13a1bd01456fbaa611f791,-40,a47522d223ca7148c306a44da11f67079a1cfe671bedd6fc8652c5821fa55af5,1,FALL,000000000000000000000000111111,159,204,182,/home/zhupl25/chiplet_side_channel/chiplet_gds_data/power_macro/delay_chain/ftc/runs/b_fe_frontend/bfe14_arch1_benign_temp_drift/physical/seed_41012/t_-040C/source_hspice,VALID,-23,23,0,0
41012,caa6eaa24b7d8fb062e268de2061f42e98b43b32af13a1bd01456fbaa611f791,-40,a47522d223ca7148c306a44da11f67079a1cfe671bedd6fc8652c5821fa55af5,2,RISE,000000000000000000000001111111,182,204,182,/home/zhupl25/chiplet_side_channel/chiplet_gds_data/power_macro/delay_chain/ftc/runs/b_fe_frontend/bfe14_arch1_benign_temp_drift/physical/seed_41012/t_-040C/source_hspice,VALID,-22,22,0,0
41012,caa6eaa24b7d8fb062e268de2061f42e98b43b32af13a1bd01456fbaa611f791,-40,a47522d223ca7148c306a44da11f67079a1cfe671bedd6fc8652c5821fa55af5,3,FALL,000000000000000000000000111111,159,204,182,/home/zhupl25/chiplet_side_channel/chiplet_gds_data/power_macro/delay_chain/ftc/runs/b_fe_frontend/bfe14_arch1_benign_temp_drift/physical/seed_41012/t_-040C/source_hspice,VALID,-23,23,0,0
41012,caa6eaa24b7d8fb062e268de2061f42e98b43b32af13a1bd01456fbaa611f791,-40,a47522d223ca7148c306a44da11f67079a1cfe671bedd6fc8652c5821fa55af5,4,RISE,000000000000000000000001111111,182,204,182,/home/zhupl25/chiplet_side_channel/chiplet_gds_data/power_macro/delay_chain/ftc/runs/b_fe_frontend/bfe14_arch1_benign_temp_drift/physical/seed_41012/t_-040C/source_hspice,VALID,-22,22,0,0
41012,caa6eaa24b7d8fb062e268de2061f42e98b43b32af13a1bd01456fbaa611f791,-40,a47522d223ca7148c306a44da11f67079a1cfe671bedd6fc8652c5821fa55af5,5,FALL,000000000000000000000000111111,159,204,182,/home/zhupl25/chiplet_side_channel/chiplet_gds_data/power_macro/delay_chain/ftc/runs/b_fe_frontend/bfe14_arch1_benign_temp_drift/physical/seed_41012/t_-040C/source_hspice,VALID,-23,23,0,0
41012,caa6eaa24b7d8fb062e268de2061f42e98b43b32af13a1bd01456fbaa611f791,-40,a47522d223ca7148c306a44da11f67079a1cfe671bedd6fc8652c5821fa55af5,6,RISE,000000000000000000000001111111,182,204,182,/home/zhupl25/chiplet_side_channel/chiplet_gds_data/power_macro/delay_chain/ftc/runs/b_fe_frontend/bfe14_arch1_benign_temp_drift/physical/seed_41012/t_-040C/source_hspice,VALID,-22,22,0,0
41012,caa6eaa24b7d8fb062e268de2061f42e98b43b32af13a1bd01456fbaa611f791,-40,a47522d223ca7148c306a44da11f67079a1cfe671bedd6fc8652c5821fa55af5,7,FALL,000000000000000000000000111111,159,204,182,/home/zhupl25/chiplet_side_channel/chiplet_gds_data/power_macro/delay_chain/ftc/runs/b_fe_frontend/bfe14_arch1_benign_temp_drift/physical/seed_41012/t_-040C/source_hspice,VALID,-23,23,0,0
41012,caa6eaa24b7d8fb062e268de2061f42e98b43b32af13a1bd01456fbaa611f791,-40,a47522d223ca7148c306a44da11f67079a1cfe671bedd6fc8652c5821fa55af5,8,RISE,000000000000000000000001111111,182,204,182,/home/zhupl25/chiplet_side_channel/chiplet_gds_data/power_macro/delay_chain/ftc/runs/b_fe_frontend/bfe14_arch1_benign_temp_drift/physical/seed_41012/t_-040C/source_hspice,VALID,-22,22,0,0
41012,caa6eaa24b7d8fb062e268de2061f42e98b43b32af13a1bd01456fbaa611f791,-40,a47522d223ca7148c306a44da11f67079a1cfe671bedd6fc8652c5821fa55af5,9,FALL,000000000000000000000000111111,159,204,182,/home/zhupl25/chiplet_side_channel/chiplet_gds_data/power_macro/delay_chain/ftc/runs/b_fe_frontend/bfe14_arch1_benign_temp_drift/physical/seed_41012/t_-040C/source_hspice,VALID,-23,23,0,0
41012,caa6eaa24b7d8fb062e268de2061f42e98b43b32af13a1bd01456fbaa611f791,-40,a47522d223ca7148c306a44da11f67079a1cfe671bedd6fc8652c5821fa55af5,10,RISE,000000000000000000000001111111,182,204,182,/home/zhupl25/chiplet_side_channel/chiplet_gds_data/power_macro/delay_chain/ftc/runs/b_fe_frontend/bfe14_arch1_benign_temp_drift/physical/seed_41012/t_-040C/source_hspice,VALID,-22,22,0,0
41012,caa6eaa24b7d8fb062e268de2061f42e98b43b32af13a1bd01456fbaa611f791,-40,a47522d223ca7148c306a44da11f67079a1cfe671bedd6fc8652c5821fa55af5,11,FALL,000000000000000000000000111111,159,204,182,/home/zhupl25/chiplet_side_channel/chiplet_gds_data/power_macro/delay_chain/ftc/runs/b_fe_frontend/bfe14_arch1_benign_temp_drift/physical/seed_41012/t_-040C/source_hspice,VALID,-23,23,0,0
41012,caa6eaa24b7d8fb062e268de2061f42e98b43b32af13a1bd01456fbaa611f791,-40,a47522d223ca7148c306a44da11f67079a1cfe671bedd6fc8652c5821fa55af5,12,RISE,000000000000000000000001111111,182,204,182,/home/zhupl25/chiplet_side_channel/chiplet_gds_data/power_macro/delay_chain/ftc/runs/b_fe_frontend/bfe14_arch1_benign_temp_drift/physical/seed_41012/t_-040C/source_hspice,VALID,-22,22,0,0
41012,caa6eaa24b7d8fb062e268de2061f42e98b43b32af13a1bd01456fbaa611f791,-40,a47522d223ca7148c306a44da11f67079a1cfe671bedd6fc8652c5821fa55af5,13,FALL,000000000000000000000000111111,159,204,182,/home/zhupl25/chiplet_side_channel/chiplet_gds_data/power_macro/delay_chain/ftc/runs/b_fe_frontend/bfe14_arch1_benign_temp_drift/physical/seed_41012/t_-040C/source_hspice,VALID,-23,23,0,0
41012,caa6eaa24b7d8fb062e268de2061f42e98b43b32af13a1bd01456fbaa611f791,-40,a47522d223ca7148c306a44da11f67079a1cfe671bedd6fc8652c5821fa55af5,14,RISE,000000000000000000000001111111,182,204,182,/home/zhupl25/chiplet_side_channel/chiplet_gds_data/power_macro/delay_chain/ftc/runs/b_fe_frontend/bfe14_arch1_benign_temp_drift/physical/seed_41012/t_-040C/source_hspice,VALID,-22,22,0,0
41012,caa6eaa24b7d8fb062e268de2061f42e98b43b32af13a1bd01456fbaa611f791,-40,a47522d223ca7148c306a44da11f67079a1cfe671bedd6fc8652c5821fa55af5,15,FALL,000000000000000000000000111111,159,204,182,/home/zhupl25/chiplet_side_channel/chiplet_gds_data/power_macro/delay_chain/ftc/runs/b_fe_frontend/bfe14_arch1_benign_temp_drift/physical/seed_41012/t_-040C/source_hspice,VALID,-23,23,0,0
41012,caa6eaa24b7d8fb062e268de2061f42e98b43b32af13a1bd01456fbaa611f791,-40,a47522d223ca7148c306a44da11f67079a1cfe671bedd6fc8652c5821fa55af5,16,RISE,000000000000000000000001111111,182,204,182,/home/zhupl25/chiplet_side_channel/chiplet_gds_data/power_macro/delay_chain/ftc/runs/b_fe_frontend/bfe14_arch1_benign_temp_drift/physical/seed_41012/t_-040C/source_hspice,VALID,-22,22,0,0
41012,caa6eaa24b7d8fb062e268de2061f42e98b43b32af13a1bd01456fbaa611f791,-40,a47522d223ca7148c306a44da11f67079a1cfe671bedd6fc8652c5821fa55af5,17,FALL,000000000000000000000000111111,159,204,182,/home/zhupl25/chiplet_side_channel/chiplet_gds_data/power_macro/delay_chain/ftc/runs/b_fe_frontend/bfe14_arch1_benign_temp_drift/physical/seed_41012/t_-040C/source_hspice,VALID,-23,23,0,0
41012,caa6eaa24b7d8fb062e268de2061f42e98b43b32af13a1bd01456fbaa611f791,-40,a47522d223ca7148c306a44da11f67079a1cfe671bedd6fc8652c5821fa55af5,18,RISE,000000000000000000000001111111,182,204,182,/home/zhupl25/chiplet_side_channel/chiplet_gds_data/power_macro/delay_chain/ftc/runs/b_fe_frontend/bfe14_arch1_benign_temp_drift/physical/seed_41012/t_-040C/source_hspice,VALID,-22,22,0,0
41012,caa6eaa24b7d8fb062e268de2061f42e98b43b32af13a1bd01456fbaa611f791,-40,a47522d223ca7148c306a44da11f67079a1cfe671bedd6fc8652c5821fa55af5,19,FALL,000000000000000000000000111111,159,204,182,/home/zhupl25/chiplet_side_channel/chiplet_gds_data/power_macro/delay_chain/ftc/runs/b_fe_frontend/bfe14_arch1_benign_temp_drift/physical/seed_41012/t_-040C/source_hspice,VALID,-23,23,0,0
41012,caa6eaa24b7d8fb062e268de2061f42e98b43b32af13a1bd01456fbaa611f791,-40,a47522d223ca7148c306a44da11f67079a1cfe671bedd6fc8652c5821fa55af5,20,RISE,000000000000000000000001111111,182,204,182,/home/zhupl25/chiplet_side_channel/chiplet_gds_data/power_macro/delay_chain/ftc/runs/b_fe_frontend/bfe14_arch1_benign_temp_drift/physical/seed_41012/t_-040C/source_hspice,VALID,-22,22,0,0
41012,caa6eaa24b7d8fb062e268de2061f42e98b43b32af13a1bd01456fbaa611f791,-40,a47522d223ca7148c306a44da11f67079a1cfe671bedd6fc8652c5821fa55af5,21,FALL,000000000000000000000000111111,159,204,182,/home/zhupl25/chiplet_side_channel/chiplet_gds_data/power_macro/delay_chain/ftc/runs/b_fe_frontend/bfe14_arch1_benign_temp_drift/physical/seed_41012/t_-040C/source_hspice,VALID,-23,23,0,0
41012,caa6eaa24b7d8fb062e268de2061f42e98b43b32af13a1bd01456fbaa611f791,-40,a47522d223ca7148c306a44da11f67079a1cfe671bedd6fc8652c5821fa55af5,22,RISE,000000000000000000000001111111,182,204,182,/home/zhupl25/chiplet_side_channel/chiplet_gds_data/power_macro/delay_chain/ftc/runs/b_fe_frontend/bfe14_arch1_benign_temp_drift/physical/seed_41012/t_-040C/source_hspice,VALID,-22,22,0,0
41012,caa6eaa24b7d8fb062e268de2061f42e98b43b32af13a1bd01456fbaa611f791,-40,a47522d223ca7148c306a44da11f67079a1cfe671bedd6fc8652c5821fa55af5,23,FALL,000000000000000000000000111111,159,204,182,/home/zhupl25/chiplet_side_channel/chiplet_gds_data/power_macro/delay_chain/ftc/runs/b_fe_frontend/bfe14_arch1_benign_temp_drift/physical/seed_41012/t_-040C/source_hspice,VALID,-23,23,0,0
41012,caa6eaa24b7d8fb062e268de2061f42e98b43b32af13a1bd01456fbaa611f791,125,a47522d223ca7148c306a44da11f67079a1cfe671bedd6fc8652c5821fa55af5,0,RISE,000000000000000000000111111111,225,204,182,/home/zhupl25/chiplet_side_channel/chiplet_gds_data/power_macro/delay_chain/ftc/runs/b_fe_frontend/bfe14_arch1_benign_temp_drift/physical/seed_41012/t_+125C/source_hspice,VALID,21,21,1,1
41012,caa6eaa24b7d8fb062e268de2061f42e98b43b32af13a1bd01456fbaa611f791,125,a47522d223ca7148c306a44da11f67079a1cfe671bedd6fc8652c5821fa55af5,1,FALL,000000000000000000000011111111,204,204,182,/home/zhupl25/chiplet_side_channel/chiplet_gds_data/power_macro/delay_chain/ftc/runs/b_fe_frontend/bfe14_arch1_benign_temp_drift/physical/seed_41012/t_+125C/source_hspice,VALID,22,22,0,0
41012,caa6eaa24b7d8fb062e268de2061f42e98b43b32af13a1bd01456fbaa611f791,125,a47522d223ca7148c306a44da11f67079a1cfe671bedd6fc8652c5821fa55af5,2,RISE,000000000000000000000111111111,225,204,182,/home/zhupl25/chiplet_side_channel/chiplet_gds_data/power_macro/delay_chain/ftc/runs/b_fe_frontend/bfe14_arch1_benign_temp_drift/physical/seed_41012/t_+125C/source_hspice,VALID,21,21,1,1
41012,caa6eaa24b7d8fb062e268de2061f42e98b43b32af13a1bd01456fbaa611f791,125,a47522d223ca7148c306a44da11f67079a1cfe671bedd6fc8652c5821fa55af5,3,FALL,000000000000000000000011111111,204,204,182,/home/zhupl25/chiplet_side_channel/chiplet_gds_data/power_macro/delay_chain/ftc/runs/b_fe_frontend/bfe14_arch1_benign_temp_drift/physical/seed_41012/t_+125C/source_hspice,VALID,22,22,0,0
41012,caa6eaa24b7d8fb062e268de2061f42e98b43b32af13a1bd01456fbaa611f791,125,a47522d223ca7148c306a44da11f67079a1cfe671bedd6fc8652c5821fa55af5,4,RISE,000000000000000000000111111111,225,204,182,/home/zhupl25/chiplet_side_channel/chiplet_gds_data/power_macro/delay_chain/ftc/runs/b_fe_frontend/bfe14_arch1_benign_temp_drift/physical/seed_41012/t_+125C/source_hspice,VALID,21,21,1,1
41012,caa6eaa24b7d8fb062e268de2061f42e98b43b32af13a1bd01456fbaa611f791,125,a47522d223ca7148c306a44da11f67079a1cfe671bedd6fc8652c5821fa55af5,5,FALL,000000000000000000000011111111,204,204,182,/home/zhupl25/chiplet_side_channel/chiplet_gds_data/power_macro/delay_chain/ftc/runs/b_fe_frontend/bfe14_arch1_benign_temp_drift/physical/seed_41012/t_+125C/source_hspice,VALID,22,22,0,0
41012,caa6eaa24b7d8fb062e268de2061f42e98b43b32af13a1bd01456fbaa611f791,125,a47522d223ca7148c306a44da11f67079a1cfe671bedd6fc8652c5821fa55af5,6,RISE,000000000000000000000011111111,204,204,182,/home/zhupl25/chiplet_side_channel/chiplet_gds_data/power_macro/delay_chain/ftc/runs/b_fe_frontend/bfe14_arch1_benign_temp_drift/physical/seed_41012/t_+125C/source_hspice,VALID,0,0,0,0
41012,caa6eaa24b7d8fb062e268de2061f42e98b43b32af13a1bd01456fbaa611f791,125,a47522d223ca7148c306a44da11f67079a1cfe671bedd6fc8652c5821fa55af5,7,FALL,000000000000000000000011111111,204,204,182,/home/zhupl25/chiplet_side_channel/chiplet_gds_data/power_macro/delay_chain/ftc/runs/b_fe_frontend/bfe14_arch1_benign_temp_drift/physical/seed_41012/t_+125C/source_hspice,VALID,22,22,0,0
41012,caa6eaa24b7d8fb062e268de2061f42e98b43b32af13a1bd01456fbaa611f791,125,a47522d223ca7148c306a44da11f67079a1cfe671bedd6fc8652c5821fa55af5,8,RISE,000000000000000000000111111111,225,204,182,/home/zhupl25/chiplet_side_channel/chiplet_gds_data/power_macro/delay_chain/ftc/runs/b_fe_frontend/bfe14_arch1_benign_temp_drift/physical/seed_41012/t_+125C/source_hspice,VALID,21,21,1,1
41012,caa6eaa24b7d8fb062e268de2061f42e98b43b32af13a1bd01456fbaa611f791,125,a47522d223ca7148c306a44da11f67079a1cfe671bedd6fc8652c5821fa55af5,9,FALL,000000000000000000000011111111,204,204,182,/home/zhupl25/chiplet_side_channel/chiplet_gds_data/power_macro/delay_chain/ftc/runs/b_fe_frontend/bfe14_arch1_benign_temp_drift/physical/seed_41012/t_+125C/source_hspice,VALID,22,22,0,0
41012,caa6eaa24b7d8fb062e268de2061f42e98b43b32af13a1bd01456fbaa611f791,125,a47522d223ca7148c306a44da11f67079a1cfe671bedd6fc8652c5821fa55af5,10,RISE,000000000000000000000111111111,225,204,182,/home/zhupl25/chiplet_side_channel/chiplet_gds_data/power_macro/delay_chain/ftc/runs/b_fe_frontend/bfe14_arch1_benign_temp_drift/physical/seed_41012/t_+125C/source_hspice,VALID,21,21,1,1
41012,caa6eaa24b7d8fb062e268de2061f42e98b43b32af13a1bd01456fbaa611f791,125,a47522d223ca7148c306a44da11f67079a1cfe671bedd6fc8652c5821fa55af5,11,FALL,000000000000000000000011111111,204,204,182,/home/zhupl25/chiplet_side_channel/chiplet_gds_data/power_macro/delay_chain/ftc/runs/b_fe_frontend/bfe14_arch1_benign_temp_drift/physical/seed_41012/t_+125C/source_hspice,VALID,22,22,0,0
41012,caa6eaa24b7d8fb062e268de2061f42e98b43b32af13a1bd01456fbaa611f791,125,a47522d223ca7148c306a44da11f67079a1cfe671bedd6fc8652c5821fa55af5,12,RISE,000000000000000000000011111111,204,204,182,/home/zhupl25/chiplet_side_channel/chiplet_gds_data/power_macro/delay_chain/ftc/runs/b_fe_frontend/bfe14_arch1_benign_temp_drift/physical/seed_41012/t_+125C/source_hspice,VALID,0,0,0,0
41012,caa6eaa24b7d8fb062e268de2061f42e98b43b32af13a1bd01456fbaa611f791,125,a47522d223ca7148c306a44da11f67079a1cfe671bedd6fc8652c5821fa55af5,13,FALL,000000000000000000000011111111,204,204,182,/home/zhupl25/chiplet_side_channel/chiplet_gds_data/power_macro/delay_chain/ftc/runs/b_fe_frontend/bfe14_arch1_benign_temp_drift/physical/seed_41012/t_+125C/source_hspice,VALID,22,22,0,0
41012,caa6eaa24b7d8fb062e268de2061f42e98b43b32af13a1bd01456fbaa611f791,125,a47522d223ca7148c306a44da11f67079a1cfe671bedd6fc8652c5821fa55af5,14,RISE,000000000000000000000111111111,225,204,182,/home/zhupl25/chiplet_side_channel/chiplet_gds_data/power_macro/delay_chain/ftc/runs/b_fe_frontend/bfe14_arch1_benign_temp_drift/physical/seed_41012/t_+125C/source_hspice,VALID,21,21,1,1
41012,caa6eaa24b7d8fb062e268de2061f42e98b43b32af13a1bd01456fbaa611f791,125,a47522d223ca7148c306a44da11f67079a1cfe671bedd6fc8652c5821fa55af5,15,FALL,000000000000000000000011111111,204,204,182,/home/zhupl25/chiplet_side_channel/chiplet_gds_data/power_macro/delay_chain/ftc/runs/b_fe_frontend/bfe14_arch1_benign_temp_drift/physical/seed_41012/t_+125C/source_hspice,VALID,22,22,0,0
41012,caa6eaa24b7d8fb062e268de2061f42e98b43b32af13a1bd01456fbaa611f791,125,a47522d223ca7148c306a44da11f67079a1cfe671bedd6fc8652c5821fa55af5,16,RISE,000000000000000000000011111111,204,204,182,/home/zhupl25/chiplet_side_channel/chiplet_gds_data/power_macro/delay_chain/ftc/runs/b_fe_frontend/bfe14_arch1_benign_temp_drift/physical/seed_41012/t_+125C/source_hspice,VALID,0,0,0,0
41012,caa6eaa24b7d8fb062e268de2061f42e98b43b32af13a1bd01456fbaa611f791,125,a47522d223ca7148c306a44da11f67079a1cfe671bedd6fc8652c5821fa55af5,17,FALL,000000000000000000000011111111,204,204,182,/home/zhupl25/chiplet_side_channel/chiplet_gds_data/power_macro/delay_chain/ftc/runs/b_fe_frontend/bfe14_arch1_benign_temp_drift/physical/seed_41012/t_+125C/source_hspice,VALID,22,22,0,0
41012,caa6eaa24b7d8fb062e268de2061f42e98b43b32af13a1bd01456fbaa611f791,125,a47522d223ca7148c306a44da11f67079a1cfe671bedd6fc8652c5821fa55af5,18,RISE,000000000000000000000011111111,204,204,182,/home/zhupl25/chiplet_side_channel/chiplet_gds_data/power_macro/delay_chain/ftc/runs/b_fe_frontend/bfe14_arch1_benign_temp_drift/physical/seed_41012/t_+125C/source_hspice,VALID,0,0,0,0
41012,caa6eaa24b7d8fb062e268de2061f42e98b43b32af13a1bd01456fbaa611f791,125,a47522d223ca7148c306a44da11f67079a1cfe671bedd6fc8652c5821fa55af5,19,FALL,000000000000000000000011111111,204,204,182,/home/zhupl25/chiplet_side_channel/chiplet_gds_data/power_macro/delay_chain/ftc/runs/b_fe_frontend/bfe14_arch1_benign_temp_drift/physical/seed_41012/t_+125C/source_hspice,VALID,22,22,0,0
41012,caa6eaa24b7d8fb062e268de2061f42e98b43b32af13a1bd01456fbaa611f791,125,a47522d223ca7148c306a44da11f67079a1cfe671bedd6fc8652c5821fa55af5,20,RISE,000000000000000000000011111111,204,204,182,/home/zhupl25/chiplet_side_channel/chiplet_gds_data/power_macro/delay_chain/ftc/runs/b_fe_frontend/bfe14_arch1_benign_temp_drift/physical/seed_41012/t_+125C/source_hspice,VALID,0,0,0,0
41012,caa6eaa24b7d8fb062e268de2061f42e98b43b32af13a1bd01456fbaa611f791,125,a47522d223ca7148c306a44da11f67079a1cfe671bedd6fc8652c5821fa55af5,21,FALL,000000000000000000000011111111,204,204,182,/home/zhupl25/chiplet_side_channel/chiplet_gds_data/power_macro/delay_chain/ftc/runs/b_fe_frontend/bfe14_arch1_benign_temp_drift/physical/seed_41012/t_+125C/source_hspice,VALID,22,22,0,0
41012,caa6eaa24b7d8fb062e268de2061f42e98b43b32af13a1bd01456fbaa611f791,125,a47522d223ca7148c306a44da11f67079a1cfe671bedd6fc8652c5821fa55af5,22,RISE,000000000000000000000111111111,225,204,182,/home/zhupl25/chiplet_side_channel/chiplet_gds_data/power_macro/delay_chain/ftc/runs/b_fe_frontend/bfe14_arch1_benign_temp_drift/physical/seed_41012/t_+125C/source_hspice,VALID,21,21,1,1
41012,caa6eaa24b7d8fb062e268de2061f42e98b43b32af13a1bd01456fbaa611f791,125,a47522d223ca7148c306a44da11f67079a1cfe671bedd6fc8652c5821fa55af5,23,FALL,000000000000000000000011111111,204,204,182,/home/zhupl25/chiplet_side_channel/chiplet_gds_data/power_macro/delay_chain/ftc/runs/b_fe_frontend/bfe14_arch1_benign_temp_drift/physical/seed_41012/t_+125C/source_hspice,VALID,22,22,0,0
41013,9b0c0bba410a345ede4a4335782dc764c8c6190369dbbc90be44895674d4007a,-40,a47522d223ca7148c306a44da11f67079a1cfe671bedd6fc8652c5821fa55af5,0,RISE,000000000000000000000111111111,225,235,204,/home/zhupl25/chiplet_side_channel/chiplet_gds_data/power_macro/delay_chain/ftc/runs/b_fe_frontend/bfe14_arch1_benign_temp_drift/physical/seed_41013/t_-040C/source_hspice,VALID,-10,10,0,0
41013,9b0c0bba410a345ede4a4335782dc764c8c6190369dbbc90be44895674d4007a,-40,a47522d223ca7148c306a44da11f67079a1cfe671bedd6fc8652c5821fa55af5,1,FALL,000000000000000000000011111111,204,235,204,/home/zhupl25/chiplet_side_channel/chiplet_gds_data/power_macro/delay_chain/ftc/runs/b_fe_frontend/bfe14_arch1_benign_temp_drift/physical/seed_41013/t_-040C/source_hspice,VALID,0,0,0,0
41013,9b0c0bba410a345ede4a4335782dc764c8c6190369dbbc90be44895674d4007a,-40,a47522d223ca7148c306a44da11f67079a1cfe671bedd6fc8652c5821fa55af5,2,RISE,000000000000000000000111111111,225,235,204,/home/zhupl25/chiplet_side_channel/chiplet_gds_data/power_macro/delay_chain/ftc/runs/b_fe_frontend/bfe14_arch1_benign_temp_drift/physical/seed_41013/t_-040C/source_hspice,VALID,-10,10,0,0
41013,9b0c0bba410a345ede4a4335782dc764c8c6190369dbbc90be44895674d4007a,-40,a47522d223ca7148c306a44da11f67079a1cfe671bedd6fc8652c5821fa55af5,3,FALL,000000000000000000000001111111,182,235,204,/home/zhupl25/chiplet_side_channel/chiplet_gds_data/power_macro/delay_chain/ftc/runs/b_fe_frontend/bfe14_arch1_benign_temp_drift/physical/seed_41013/t_-040C/source_hspice,VALID,-22,22,0,0
41013,9b0c0bba410a345ede4a4335782dc764c8c6190369dbbc90be44895674d4007a,-40,a47522d223ca7148c306a44da11f67079a1cfe671bedd6fc8652c5821fa55af5,4,RISE,000000000000000000000111111111,225,235,204,/home/zhupl25/chiplet_side_channel/chiplet_gds_data/power_macro/delay_chain/ftc/runs/b_fe_frontend/bfe14_arch1_benign_temp_drift/physical/seed_41013/t_-040C/source_hspice,VALID,-10,10,0,0
41013,9b0c0bba410a345ede4a4335782dc764c8c6190369dbbc90be44895674d4007a,-40,a47522d223ca7148c306a44da11f67079a1cfe671bedd6fc8652c5821fa55af5,5,FALL,000000000000000000000011111111,204,235,204,/home/zhupl25/chiplet_side_channel/chiplet_gds_data/power_macro/delay_chain/ftc/runs/b_fe_frontend/bfe14_arch1_benign_temp_drift/physical/seed_41013/t_-040C/source_hspice,VALID,0,0,0,0
41013,9b0c0bba410a345ede4a4335782dc764c8c6190369dbbc90be44895674d4007a,-40,a47522d223ca7148c306a44da11f67079a1cfe671bedd6fc8652c5821fa55af5,6,RISE,000000000000000000000111111111,225,235,204,/home/zhupl25/chiplet_side_channel/chiplet_gds_data/power_macro/delay_chain/ftc/runs/b_fe_frontend/bfe14_arch1_benign_temp_drift/physical/seed_41013/t_-040C/source_hspice,VALID,-10,10,0,0
41013,9b0c0bba410a345ede4a4335782dc764c8c6190369dbbc90be44895674d4007a,-40,a47522d223ca7148c306a44da11f67079a1cfe671bedd6fc8652c5821fa55af5,7,FALL,000000000000000000000011111111,204,235,204,/home/zhupl25/chiplet_side_channel/chiplet_gds_data/power_macro/delay_chain/ftc/runs/b_fe_frontend/bfe14_arch1_benign_temp_drift/physical/seed_41013/t_-040C/source_hspice,VALID,0,0,0,0
41013,9b0c0bba410a345ede4a4335782dc764c8c6190369dbbc90be44895674d4007a,-40,a47522d223ca7148c306a44da11f67079a1cfe671bedd6fc8652c5821fa55af5,8,RISE,000000000000000000000111111111,225,235,204,/home/zhupl25/chiplet_side_channel/chiplet_gds_data/power_macro/delay_chain/ftc/runs/b_fe_frontend/bfe14_arch1_benign_temp_drift/physical/seed_41013/t_-040C/source_hspice,VALID,-10,10,0,0
41013,9b0c0bba410a345ede4a4335782dc764c8c6190369dbbc90be44895674d4007a,-40,a47522d223ca7148c306a44da11f67079a1cfe671bedd6fc8652c5821fa55af5,9,FALL,000000000000000000000011111111,204,235,204,/home/zhupl25/chiplet_side_channel/chiplet_gds_data/power_macro/delay_chain/ftc/runs/b_fe_frontend/bfe14_arch1_benign_temp_drift/physical/seed_41013/t_-040C/source_hspice,VALID,0,0,0,0
41013,9b0c0bba410a345ede4a4335782dc764c8c6190369dbbc90be44895674d4007a,-40,a47522d223ca7148c306a44da11f67079a1cfe671bedd6fc8652c5821fa55af5,10,RISE,000000000000000000000111111111,225,235,204,/home/zhupl25/chiplet_side_channel/chiplet_gds_data/power_macro/delay_chain/ftc/runs/b_fe_frontend/bfe14_arch1_benign_temp_drift/physical/seed_41013/t_-040C/source_hspice,VALID,-10,10,0,0
41013,9b0c0bba410a345ede4a4335782dc764c8c6190369dbbc90be44895674d4007a,-40,a47522d223ca7148c306a44da11f67079a1cfe671bedd6fc8652c5821fa55af5,11,FALL,000000000000000000000001111111,182,235,204,/home/zhupl25/chiplet_side_channel/chiplet_gds_data/power_macro/delay_chain/ftc/runs/b_fe_frontend/bfe14_arch1_benign_temp_drift/physical/seed_41013/t_-040C/source_hspice,VALID,-22,22,0,0
41013,9b0c0bba410a345ede4a4335782dc764c8c6190369dbbc90be44895674d4007a,-40,a47522d223ca7148c306a44da11f67079a1cfe671bedd6fc8652c5821fa55af5,12,RISE,000000000000000000000111111111,225,235,204,/home/zhupl25/chiplet_side_channel/chiplet_gds_data/power_macro/delay_chain/ftc/runs/b_fe_frontend/bfe14_arch1_benign_temp_drift/physical/seed_41013/t_-040C/source_hspice,VALID,-10,10,0,0
41013,9b0c0bba410a345ede4a4335782dc764c8c6190369dbbc90be44895674d4007a,-40,a47522d223ca7148c306a44da11f67079a1cfe671bedd6fc8652c5821fa55af5,13,FALL,000000000000000000000001111111,182,235,204,/home/zhupl25/chiplet_side_channel/chiplet_gds_data/power_macro/delay_chain/ftc/runs/b_fe_frontend/bfe14_arch1_benign_temp_drift/physical/seed_41013/t_-040C/source_hspice,VALID,-22,22,0,0
41013,9b0c0bba410a345ede4a4335782dc764c8c6190369dbbc90be44895674d4007a,-40,a47522d223ca7148c306a44da11f67079a1cfe671bedd6fc8652c5821fa55af5,14,RISE,000000000000000000000111111111,225,235,204,/home/zhupl25/chiplet_side_channel/chiplet_gds_data/power_macro/delay_chain/ftc/runs/b_fe_frontend/bfe14_arch1_benign_temp_drift/physical/seed_41013/t_-040C/source_hspice,VALID,-10,10,0,0
41013,9b0c0bba410a345ede4a4335782dc764c8c6190369dbbc90be44895674d4007a,-40,a47522d223ca7148c306a44da11f67079a1cfe671bedd6fc8652c5821fa55af5,15,FALL,000000000000000000000001111111,182,235,204,/home/zhupl25/chiplet_side_channel/chiplet_gds_data/power_macro/delay_chain/ftc/runs/b_fe_frontend/bfe14_arch1_benign_temp_drift/physical/seed_41013/t_-040C/source_hspice,VALID,-22,22,0,0
41013,9b0c0bba410a345ede4a4335782dc764c8c6190369dbbc90be44895674d4007a,-40,a47522d223ca7148c306a44da11f67079a1cfe671bedd6fc8652c5821fa55af5,16,RISE,000000000000000000000111111111,225,235,204,/home/zhupl25/chiplet_side_channel/chiplet_gds_data/power_macro/delay_chain/ftc/runs/b_fe_frontend/bfe14_arch1_benign_temp_drift/physical/seed_41013/t_-040C/source_hspice,VALID,-10,10,0,0
41013,9b0c0bba410a345ede4a4335782dc764c8c6190369dbbc90be44895674d4007a,-40,a47522d223ca7148c306a44da11f67079a1cfe671bedd6fc8652c5821fa55af5,17,FALL,000000000000000000000011111111,204,235,204,/home/zhupl25/chiplet_side_channel/chiplet_gds_data/power_macro/delay_chain/ftc/runs/b_fe_frontend/bfe14_arch1_benign_temp_drift/physical/seed_41013/t_-040C/source_hspice,VALID,0,0,0,0
41013,9b0c0bba410a345ede4a4335782dc764c8c6190369dbbc90be44895674d4007a,-40,a47522d223ca7148c306a44da11f67079a1cfe671bedd6fc8652c5821fa55af5,18,RISE,000000000000000000000111111111,225,235,204,/home/zhupl25/chiplet_side_channel/chiplet_gds_data/power_macro/delay_chain/ftc/runs/b_fe_frontend/bfe14_arch1_benign_temp_drift/physical/seed_41013/t_-040C/source_hspice,VALID,-10,10,0,0
41013,9b0c0bba410a345ede4a4335782dc764c8c6190369dbbc90be44895674d4007a,-40,a47522d223ca7148c306a44da11f67079a1cfe671bedd6fc8652c5821fa55af5,19,FALL,000000000000000000000011111111,204,235,204,/home/zhupl25/chiplet_side_channel/chiplet_gds_data/power_macro/delay_chain/ftc/runs/b_fe_frontend/bfe14_arch1_benign_temp_drift/physical/seed_41013/t_-040C/source_hspice,VALID,0,0,0,0
41013,9b0c0bba410a345ede4a4335782dc764c8c6190369dbbc90be44895674d4007a,-40,a47522d223ca7148c306a44da11f67079a1cfe671bedd6fc8652c5821fa55af5,20,RISE,000000000000000000000111111111,225,235,204,/home/zhupl25/chiplet_side_channel/chiplet_gds_data/power_macro/delay_chain/ftc/runs/b_fe_frontend/bfe14_arch1_benign_temp_drift/physical/seed_41013/t_-040C/source_hspice,VALID,-10,10,0,0
41013,9b0c0bba410a345ede4a4335782dc764c8c6190369dbbc90be44895674d4007a,-40,a47522d223ca7148c306a44da11f67079a1cfe671bedd6fc8652c5821fa55af5,21,FALL,000000000000000000000001111111,182,235,204,/home/zhupl25/chiplet_side_channel/chiplet_gds_data/power_macro/delay_chain/ftc/runs/b_fe_frontend/bfe14_arch1_benign_temp_drift/physical/seed_41013/t_-040C/source_hspice,VALID,-22,22,0,0
41013,9b0c0bba410a345ede4a4335782dc764c8c6190369dbbc90be44895674d4007a,-40,a47522d223ca7148c306a44da11f67079a1cfe671bedd6fc8652c5821fa55af5,22,RISE,000000000000000000000111111111,225,235,204,/home/zhupl25/chiplet_side_channel/chiplet_gds_data/power_macro/delay_chain/ftc/runs/b_fe_frontend/bfe14_arch1_benign_temp_drift/physical/seed_41013/t_-040C/source_hspice,VALID,-10,10,0,0
41013,9b0c0bba410a345ede4a4335782dc764c8c6190369dbbc90be44895674d4007a,-40,a47522d223ca7148c306a44da11f67079a1cfe671bedd6fc8652c5821fa55af5,23,FALL,000000000000000000000011111111,204,235,204,/home/zhupl25/chiplet_side_channel/chiplet_gds_data/power_macro/delay_chain/ftc/runs/b_fe_frontend/bfe14_arch1_benign_temp_drift/physical/seed_41013/t_-040C/source_hspice,VALID,0,0,0,0
41013,9b0c0bba410a345ede4a4335782dc764c8c6190369dbbc90be44895674d4007a,125,a47522d223ca7148c306a44da11f67079a1cfe671bedd6fc8652c5821fa55af5,0,RISE,000000000000000000001111111111,245,235,204,/home/zhupl25/chiplet_side_channel/chiplet_gds_data/power_macro/delay_chain/ftc/runs/b_fe_frontend/bfe14_arch1_benign_temp_drift/physical/seed_41013/t_+125C/source_hspice,VALID,10,10,0,0
41013,9b0c0bba410a345ede4a4335782dc764c8c6190369dbbc90be44895674d4007a,125,a47522d223ca7148c306a44da11f67079a1cfe671bedd6fc8652c5821fa55af5,1,FALL,000000000000000000000111111111,225,235,204,/home/zhupl25/chiplet_side_channel/chiplet_gds_data/power_macro/delay_chain/ftc/runs/b_fe_frontend/bfe14_arch1_benign_temp_drift/physical/seed_41013/t_+125C/source_hspice,VALID,21,21,0,0
41013,9b0c0bba410a345ede4a4335782dc764c8c6190369dbbc90be44895674d4007a,125,a47522d223ca7148c306a44da11f67079a1cfe671bedd6fc8652c5821fa55af5,2,RISE,000000000000000000001111111111,245,235,204,/home/zhupl25/chiplet_side_channel/chiplet_gds_data/power_macro/delay_chain/ftc/runs/b_fe_frontend/bfe14_arch1_benign_temp_drift/physical/seed_41013/t_+125C/source_hspice,VALID,10,10,0,0
41013,9b0c0bba410a345ede4a4335782dc764c8c6190369dbbc90be44895674d4007a,125,a47522d223ca7148c306a44da11f67079a1cfe671bedd6fc8652c5821fa55af5,3,FALL,000000000000000000000111111111,225,235,204,/home/zhupl25/chiplet_side_channel/chiplet_gds_data/power_macro/delay_chain/ftc/runs/b_fe_frontend/bfe14_arch1_benign_temp_drift/physical/seed_41013/t_+125C/source_hspice,VALID,21,21,0,0
41013,9b0c0bba410a345ede4a4335782dc764c8c6190369dbbc90be44895674d4007a,125,a47522d223ca7148c306a44da11f67079a1cfe671bedd6fc8652c5821fa55af5,4,RISE,000000000000000000001111111111,245,235,204,/home/zhupl25/chiplet_side_channel/chiplet_gds_data/power_macro/delay_chain/ftc/runs/b_fe_frontend/bfe14_arch1_benign_temp_drift/physical/seed_41013/t_+125C/source_hspice,VALID,10,10,0,0
41013,9b0c0bba410a345ede4a4335782dc764c8c6190369dbbc90be44895674d4007a,125,a47522d223ca7148c306a44da11f67079a1cfe671bedd6fc8652c5821fa55af5,5,FALL,000000000000000000000111111111,225,235,204,/home/zhupl25/chiplet_side_channel/chiplet_gds_data/power_macro/delay_chain/ftc/runs/b_fe_frontend/bfe14_arch1_benign_temp_drift/physical/seed_41013/t_+125C/source_hspice,VALID,21,21,0,0
41013,9b0c0bba410a345ede4a4335782dc764c8c6190369dbbc90be44895674d4007a,125,a47522d223ca7148c306a44da11f67079a1cfe671bedd6fc8652c5821fa55af5,6,RISE,000000000000000000001111111111,245,235,204,/home/zhupl25/chiplet_side_channel/chiplet_gds_data/power_macro/delay_chain/ftc/runs/b_fe_frontend/bfe14_arch1_benign_temp_drift/physical/seed_41013/t_+125C/source_hspice,VALID,10,10,0,0
41013,9b0c0bba410a345ede4a4335782dc764c8c6190369dbbc90be44895674d4007a,125,a47522d223ca7148c306a44da11f67079a1cfe671bedd6fc8652c5821fa55af5,7,FALL,000000000000000000000111111111,225,235,204,/home/zhupl25/chiplet_side_channel/chiplet_gds_data/power_macro/delay_chain/ftc/runs/b_fe_frontend/bfe14_arch1_benign_temp_drift/physical/seed_41013/t_+125C/source_hspice,VALID,21,21,0,0
41013,9b0c0bba410a345ede4a4335782dc764c8c6190369dbbc90be44895674d4007a,125,a47522d223ca7148c306a44da11f67079a1cfe671bedd6fc8652c5821fa55af5,8,RISE,000000000000000000001111111111,245,235,204,/home/zhupl25/chiplet_side_channel/chiplet_gds_data/power_macro/delay_chain/ftc/runs/b_fe_frontend/bfe14_arch1_benign_temp_drift/physical/seed_41013/t_+125C/source_hspice,VALID,10,10,0,0
41013,9b0c0bba410a345ede4a4335782dc764c8c6190369dbbc90be44895674d4007a,125,a47522d223ca7148c306a44da11f67079a1cfe671bedd6fc8652c5821fa55af5,9,FALL,000000000000000000000111111111,225,235,204,/home/zhupl25/chiplet_side_channel/chiplet_gds_data/power_macro/delay_chain/ftc/runs/b_fe_frontend/bfe14_arch1_benign_temp_drift/physical/seed_41013/t_+125C/source_hspice,VALID,21,21,0,0
41013,9b0c0bba410a345ede4a4335782dc764c8c6190369dbbc90be44895674d4007a,125,a47522d223ca7148c306a44da11f67079a1cfe671bedd6fc8652c5821fa55af5,10,RISE,000000000000000000001111111111,245,235,204,/home/zhupl25/chiplet_side_channel/chiplet_gds_data/power_macro/delay_chain/ftc/runs/b_fe_frontend/bfe14_arch1_benign_temp_drift/physical/seed_41013/t_+125C/source_hspice,VALID,10,10,0,0
41013,9b0c0bba410a345ede4a4335782dc764c8c6190369dbbc90be44895674d4007a,125,a47522d223ca7148c306a44da11f67079a1cfe671bedd6fc8652c5821fa55af5,11,FALL,000000000000000000000111111111,225,235,204,/home/zhupl25/chiplet_side_channel/chiplet_gds_data/power_macro/delay_chain/ftc/runs/b_fe_frontend/bfe14_arch1_benign_temp_drift/physical/seed_41013/t_+125C/source_hspice,VALID,21,21,0,0
41013,9b0c0bba410a345ede4a4335782dc764c8c6190369dbbc90be44895674d4007a,125,a47522d223ca7148c306a44da11f67079a1cfe671bedd6fc8652c5821fa55af5,12,RISE,000000000000000000001111111111,245,235,204,/home/zhupl25/chiplet_side_channel/chiplet_gds_data/power_macro/delay_chain/ftc/runs/b_fe_frontend/bfe14_arch1_benign_temp_drift/physical/seed_41013/t_+125C/source_hspice,VALID,10,10,0,0
41013,9b0c0bba410a345ede4a4335782dc764c8c6190369dbbc90be44895674d4007a,125,a47522d223ca7148c306a44da11f67079a1cfe671bedd6fc8652c5821fa55af5,13,FALL,000000000000000000000111111111,225,235,204,/home/zhupl25/chiplet_side_channel/chiplet_gds_data/power_macro/delay_chain/ftc/runs/b_fe_frontend/bfe14_arch1_benign_temp_drift/physical/seed_41013/t_+125C/source_hspice,VALID,21,21,0,0
41013,9b0c0bba410a345ede4a4335782dc764c8c6190369dbbc90be44895674d4007a,125,a47522d223ca7148c306a44da11f67079a1cfe671bedd6fc8652c5821fa55af5,14,RISE,000000000000000000001111111111,245,235,204,/home/zhupl25/chiplet_side_channel/chiplet_gds_data/power_macro/delay_chain/ftc/runs/b_fe_frontend/bfe14_arch1_benign_temp_drift/physical/seed_41013/t_+125C/source_hspice,VALID,10,10,0,0
41013,9b0c0bba410a345ede4a4335782dc764c8c6190369dbbc90be44895674d4007a,125,a47522d223ca7148c306a44da11f67079a1cfe671bedd6fc8652c5821fa55af5,15,FALL,000000000000000000000111111111,225,235,204,/home/zhupl25/chiplet_side_channel/chiplet_gds_data/power_macro/delay_chain/ftc/runs/b_fe_frontend/bfe14_arch1_benign_temp_drift/physical/seed_41013/t_+125C/source_hspice,VALID,21,21,0,0
41013,9b0c0bba410a345ede4a4335782dc764c8c6190369dbbc90be44895674d4007a,125,a47522d223ca7148c306a44da11f67079a1cfe671bedd6fc8652c5821fa55af5,16,RISE,000000000000000000001111111111,245,235,204,/home/zhupl25/chiplet_side_channel/chiplet_gds_data/power_macro/delay_chain/ftc/runs/b_fe_frontend/bfe14_arch1_benign_temp_drift/physical/seed_41013/t_+125C/source_hspice,VALID,10,10,0,0
41013,9b0c0bba410a345ede4a4335782dc764c8c6190369dbbc90be44895674d4007a,125,a47522d223ca7148c306a44da11f67079a1cfe671bedd6fc8652c5821fa55af5,17,FALL,000000000000000000000111111111,225,235,204,/home/zhupl25/chiplet_side_channel/chiplet_gds_data/power_macro/delay_chain/ftc/runs/b_fe_frontend/bfe14_arch1_benign_temp_drift/physical/seed_41013/t_+125C/source_hspice,VALID,21,21,0,0
41013,9b0c0bba410a345ede4a4335782dc764c8c6190369dbbc90be44895674d4007a,125,a47522d223ca7148c306a44da11f67079a1cfe671bedd6fc8652c5821fa55af5,18,RISE,000000000000000000001111111111,245,235,204,/home/zhupl25/chiplet_side_channel/chiplet_gds_data/power_macro/delay_chain/ftc/runs/b_fe_frontend/bfe14_arch1_benign_temp_drift/physical/seed_41013/t_+125C/source_hspice,VALID,10,10,0,0
41013,9b0c0bba410a345ede4a4335782dc764c8c6190369dbbc90be44895674d4007a,125,a47522d223ca7148c306a44da11f67079a1cfe671bedd6fc8652c5821fa55af5,19,FALL,000000000000000000000111111111,225,235,204,/home/zhupl25/chiplet_side_channel/chiplet_gds_data/power_macro/delay_chain/ftc/runs/b_fe_frontend/bfe14_arch1_benign_temp_drift/physical/seed_41013/t_+125C/source_hspice,VALID,21,21,0,0
41013,9b0c0bba410a345ede4a4335782dc764c8c6190369dbbc90be44895674d4007a,125,a47522d223ca7148c306a44da11f67079a1cfe671bedd6fc8652c5821fa55af5,20,RISE,000000000000000000001111111111,245,235,204,/home/zhupl25/chiplet_side_channel/chiplet_gds_data/power_macro/delay_chain/ftc/runs/b_fe_frontend/bfe14_arch1_benign_temp_drift/physical/seed_41013/t_+125C/source_hspice,VALID,10,10,0,0
41013,9b0c0bba410a345ede4a4335782dc764c8c6190369dbbc90be44895674d4007a,125,a47522d223ca7148c306a44da11f67079a1cfe671bedd6fc8652c5821fa55af5,21,FALL,000000000000000000000111111111,225,235,204,/home/zhupl25/chiplet_side_channel/chiplet_gds_data/power_macro/delay_chain/ftc/runs/b_fe_frontend/bfe14_arch1_benign_temp_drift/physical/seed_41013/t_+125C/source_hspice,VALID,21,21,0,0
41013,9b0c0bba410a345ede4a4335782dc764c8c6190369dbbc90be44895674d4007a,125,a47522d223ca7148c306a44da11f67079a1cfe671bedd6fc8652c5821fa55af5,22,RISE,000000000000000000001111111111,245,235,204,/home/zhupl25/chiplet_side_channel/chiplet_gds_data/power_macro/delay_chain/ftc/runs/b_fe_frontend/bfe14_arch1_benign_temp_drift/physical/seed_41013/t_+125C/source_hspice,VALID,10,10,0,0
41013,9b0c0bba410a345ede4a4335782dc764c8c6190369dbbc90be44895674d4007a,125,a47522d223ca7148c306a44da11f67079a1cfe671bedd6fc8652c5821fa55af5,23,FALL,000000000000000000000111111111,225,235,204,/home/zhupl25/chiplet_side_channel/chiplet_gds_data/power_macro/delay_chain/ftc/runs/b_fe_frontend/bfe14_arch1_benign_temp_drift/physical/seed_41013/t_+125C/source_hspice,VALID,21,21,0,0
41014,85c4986afe03b6b3e3a0333927ca56b67ae2d4f43ca257ea9c2829c307c54565,-40,a47522d223ca7148c306a44da11f67079a1cfe671bedd6fc8652c5821fa55af5,0,RISE,000000000000000000000000111111,159,182,159,/home/zhupl25/chiplet_side_channel/chiplet_gds_data/power_macro/delay_chain/ftc/runs/b_fe_frontend/bfe14_arch1_benign_temp_drift/physical/seed_41014/t_-040C/source_hspice,VALID,-23,23,0,0
41014,85c4986afe03b6b3e3a0333927ca56b67ae2d4f43ca257ea9c2829c307c54565,-40,a47522d223ca7148c306a44da11f67079a1cfe671bedd6fc8652c5821fa55af5,1,FALL,000000000000000000000000011111,135,182,159,/home/zhupl25/chiplet_side_channel/chiplet_gds_data/power_macro/delay_chain/ftc/runs/b_fe_frontend/bfe14_arch1_benign_temp_drift/physical/seed_41014/t_-040C/source_hspice,VALID,-24,24,0,0
41014,85c4986afe03b6b3e3a0333927ca56b67ae2d4f43ca257ea9c2829c307c54565,-40,a47522d223ca7148c306a44da11f67079a1cfe671bedd6fc8652c5821fa55af5,2,RISE,000000000000000000000000111111,159,182,159,/home/zhupl25/chiplet_side_channel/chiplet_gds_data/power_macro/delay_chain/ftc/runs/b_fe_frontend/bfe14_arch1_benign_temp_drift/physical/seed_41014/t_-040C/source_hspice,VALID,-23,23,0,0
41014,85c4986afe03b6b3e3a0333927ca56b67ae2d4f43ca257ea9c2829c307c54565,-40,a47522d223ca7148c306a44da11f67079a1cfe671bedd6fc8652c5821fa55af5,3,FALL,000000000000000000000000011111,135,182,159,/home/zhupl25/chiplet_side_channel/chiplet_gds_data/power_macro/delay_chain/ftc/runs/b_fe_frontend/bfe14_arch1_benign_temp_drift/physical/seed_41014/t_-040C/source_hspice,VALID,-24,24,0,0
41014,85c4986afe03b6b3e3a0333927ca56b67ae2d4f43ca257ea9c2829c307c54565,-40,a47522d223ca7148c306a44da11f67079a1cfe671bedd6fc8652c5821fa55af5,4,RISE,000000000000000000000001111111,182,182,159,/home/zhupl25/chiplet_side_channel/chiplet_gds_data/power_macro/delay_chain/ftc/runs/b_fe_frontend/bfe14_arch1_benign_temp_drift/physical/seed_41014/t_-040C/source_hspice,VALID,0,0,0,0
41014,85c4986afe03b6b3e3a0333927ca56b67ae2d4f43ca257ea9c2829c307c54565,-40,a47522d223ca7148c306a44da11f67079a1cfe671bedd6fc8652c5821fa55af5,5,FALL,000000000000000000000000011111,135,182,159,/home/zhupl25/chiplet_side_channel/chiplet_gds_data/power_macro/delay_chain/ftc/runs/b_fe_frontend/bfe14_arch1_benign_temp_drift/physical/seed_41014/t_-040C/source_hspice,VALID,-24,24,0,0
41014,85c4986afe03b6b3e3a0333927ca56b67ae2d4f43ca257ea9c2829c307c54565,-40,a47522d223ca7148c306a44da11f67079a1cfe671bedd6fc8652c5821fa55af5,6,RISE,000000000000000000000000111111,159,182,159,/home/zhupl25/chiplet_side_channel/chiplet_gds_data/power_macro/delay_chain/ftc/runs/b_fe_frontend/bfe14_arch1_benign_temp_drift/physical/seed_41014/t_-040C/source_hspice,VALID,-23,23,0,0
41014,85c4986afe03b6b3e3a0333927ca56b67ae2d4f43ca257ea9c2829c307c54565,-40,a47522d223ca7148c306a44da11f67079a1cfe671bedd6fc8652c5821fa55af5,7,FALL,000000000000000000000000011111,135,182,159,/home/zhupl25/chiplet_side_channel/chiplet_gds_data/power_macro/delay_chain/ftc/runs/b_fe_frontend/bfe14_arch1_benign_temp_drift/physical/seed_41014/t_-040C/source_hspice,VALID,-24,24,0,0
41014,85c4986afe03b6b3e3a0333927ca56b67ae2d4f43ca257ea9c2829c307c54565,-40,a47522d223ca7148c306a44da11f67079a1cfe671bedd6fc8652c5821fa55af5,8,RISE,000000000000000000000000111111,159,182,159,/home/zhupl25/chiplet_side_channel/chiplet_gds_data/power_macro/delay_chain/ftc/runs/b_fe_frontend/bfe14_arch1_benign_temp_drift/physical/seed_41014/t_-040C/source_hspice,VALID,-23,23,0,0
41014,85c4986afe03b6b3e3a0333927ca56b67ae2d4f43ca257ea9c2829c307c54565,-40,a47522d223ca7148c306a44da11f67079a1cfe671bedd6fc8652c5821fa55af5,9,FALL,000000000000000000000000011111,135,182,159,/home/zhupl25/chiplet_side_channel/chiplet_gds_data/power_macro/delay_chain/ftc/runs/b_fe_frontend/bfe14_arch1_benign_temp_drift/physical/seed_41014/t_-040C/source_hspice,VALID,-24,24,0,0
41014,85c4986afe03b6b3e3a0333927ca56b67ae2d4f43ca257ea9c2829c307c54565,-40,a47522d223ca7148c306a44da11f67079a1cfe671bedd6fc8652c5821fa55af5,10,RISE,000000000000000000000000111111,159,182,159,/home/zhupl25/chiplet_side_channel/chiplet_gds_data/power_macro/delay_chain/ftc/runs/b_fe_frontend/bfe14_arch1_benign_temp_drift/physical/seed_41014/t_-040C/source_hspice,VALID,-23,23,0,0
41014,85c4986afe03b6b3e3a0333927ca56b67ae2d4f43ca257ea9c2829c307c54565,-40,a47522d223ca7148c306a44da11f67079a1cfe671bedd6fc8652c5821fa55af5,11,FALL,000000000000000000000000011111,135,182,159,/home/zhupl25/chiplet_side_channel/chiplet_gds_data/power_macro/delay_chain/ftc/runs/b_fe_frontend/bfe14_arch1_benign_temp_drift/physical/seed_41014/t_-040C/source_hspice,VALID,-24,24,0,0
41014,85c4986afe03b6b3e3a0333927ca56b67ae2d4f43ca257ea9c2829c307c54565,-40,a47522d223ca7148c306a44da11f67079a1cfe671bedd6fc8652c5821fa55af5,12,RISE,000000000000000000000000111111,159,182,159,/home/zhupl25/chiplet_side_channel/chiplet_gds_data/power_macro/delay_chain/ftc/runs/b_fe_frontend/bfe14_arch1_benign_temp_drift/physical/seed_41014/t_-040C/source_hspice,VALID,-23,23,0,0
41014,85c4986afe03b6b3e3a0333927ca56b67ae2d4f43ca257ea9c2829c307c54565,-40,a47522d223ca7148c306a44da11f67079a1cfe671bedd6fc8652c5821fa55af5,13,FALL,000000000000000000000000011111,135,182,159,/home/zhupl25/chiplet_side_channel/chiplet_gds_data/power_macro/delay_chain/ftc/runs/b_fe_frontend/bfe14_arch1_benign_temp_drift/physical/seed_41014/t_-040C/source_hspice,VALID,-24,24,0,0
41014,85c4986afe03b6b3e3a0333927ca56b67ae2d4f43ca257ea9c2829c307c54565,-40,a47522d223ca7148c306a44da11f67079a1cfe671bedd6fc8652c5821fa55af5,14,RISE,000000000000000000000000111111,159,182,159,/home/zhupl25/chiplet_side_channel/chiplet_gds_data/power_macro/delay_chain/ftc/runs/b_fe_frontend/bfe14_arch1_benign_temp_drift/physical/seed_41014/t_-040C/source_hspice,VALID,-23,23,0,0
41014,85c4986afe03b6b3e3a0333927ca56b67ae2d4f43ca257ea9c2829c307c54565,-40,a47522d223ca7148c306a44da11f67079a1cfe671bedd6fc8652c5821fa55af5,15,FALL,000000000000000000000000011111,135,182,159,/home/zhupl25/chiplet_side_channel/chiplet_gds_data/power_macro/delay_chain/ftc/runs/b_fe_frontend/bfe14_arch1_benign_temp_drift/physical/seed_41014/t_-040C/source_hspice,VALID,-24,24,0,0
41014,85c4986afe03b6b3e3a0333927ca56b67ae2d4f43ca257ea9c2829c307c54565,-40,a47522d223ca7148c306a44da11f67079a1cfe671bedd6fc8652c5821fa55af5,16,RISE,000000000000000000000000111111,159,182,159,/home/zhupl25/chiplet_side_channel/chiplet_gds_data/power_macro/delay_chain/ftc/runs/b_fe_frontend/bfe14_arch1_benign_temp_drift/physical/seed_41014/t_-040C/source_hspice,VALID,-23,23,0,0
41014,85c4986afe03b6b3e3a0333927ca56b67ae2d4f43ca257ea9c2829c307c54565,-40,a47522d223ca7148c306a44da11f67079a1cfe671bedd6fc8652c5821fa55af5,17,FALL,000000000000000000000000011111,135,182,159,/home/zhupl25/chiplet_side_channel/chiplet_gds_data/power_macro/delay_chain/ftc/runs/b_fe_frontend/bfe14_arch1_benign_temp_drift/physical/seed_41014/t_-040C/source_hspice,VALID,-24,24,0,0
41014,85c4986afe03b6b3e3a0333927ca56b67ae2d4f43ca257ea9c2829c307c54565,-40,a47522d223ca7148c306a44da11f67079a1cfe671bedd6fc8652c5821fa55af5,18,RISE,000000000000000000000000111111,159,182,159,/home/zhupl25/chiplet_side_channel/chiplet_gds_data/power_macro/delay_chain/ftc/runs/b_fe_frontend/bfe14_arch1_benign_temp_drift/physical/seed_41014/t_-040C/source_hspice,VALID,-23,23,0,0
41014,85c4986afe03b6b3e3a0333927ca56b67ae2d4f43ca257ea9c2829c307c54565,-40,a47522d223ca7148c306a44da11f67079a1cfe671bedd6fc8652c5821fa55af5,19,FALL,000000000000000000000000011111,135,182,159,/home/zhupl25/chiplet_side_channel/chiplet_gds_data/power_macro/delay_chain/ftc/runs/b_fe_frontend/bfe14_arch1_benign_temp_drift/physical/seed_41014/t_-040C/source_hspice,VALID,-24,24,0,0
41014,85c4986afe03b6b3e3a0333927ca56b67ae2d4f43ca257ea9c2829c307c54565,-40,a47522d223ca7148c306a44da11f67079a1cfe671bedd6fc8652c5821fa55af5,20,RISE,000000000000000000000000111111,159,182,159,/home/zhupl25/chiplet_side_channel/chiplet_gds_data/power_macro/delay_chain/ftc/runs/b_fe_frontend/bfe14_arch1_benign_temp_drift/physical/seed_41014/t_-040C/source_hspice,VALID,-23,23,0,0
41014,85c4986afe03b6b3e3a0333927ca56b67ae2d4f43ca257ea9c2829c307c54565,-40,a47522d223ca7148c306a44da11f67079a1cfe671bedd6fc8652c5821fa55af5,21,FALL,000000000000000000000000011111,135,182,159,/home/zhupl25/chiplet_side_channel/chiplet_gds_data/power_macro/delay_chain/ftc/runs/b_fe_frontend/bfe14_arch1_benign_temp_drift/physical/seed_41014/t_-040C/source_hspice,VALID,-24,24,0,0
41014,85c4986afe03b6b3e3a0333927ca56b67ae2d4f43ca257ea9c2829c307c54565,-40,a47522d223ca7148c306a44da11f67079a1cfe671bedd6fc8652c5821fa55af5,22,RISE,000000000000000000000000111111,159,182,159,/home/zhupl25/chiplet_side_channel/chiplet_gds_data/power_macro/delay_chain/ftc/runs/b_fe_frontend/bfe14_arch1_benign_temp_drift/physical/seed_41014/t_-040C/source_hspice,VALID,-23,23,0,0
41014,85c4986afe03b6b3e3a0333927ca56b67ae2d4f43ca257ea9c2829c307c54565,-40,a47522d223ca7148c306a44da11f67079a1cfe671bedd6fc8652c5821fa55af5,23,FALL,000000000000000000000000011111,135,182,159,/home/zhupl25/chiplet_side_channel/chiplet_gds_data/power_macro/delay_chain/ftc/runs/b_fe_frontend/bfe14_arch1_benign_temp_drift/physical/seed_41014/t_-040C/source_hspice,VALID,-24,24,0,0
41014,85c4986afe03b6b3e3a0333927ca56b67ae2d4f43ca257ea9c2829c307c54565,125,a47522d223ca7148c306a44da11f67079a1cfe671bedd6fc8652c5821fa55af5,0,RISE,000000000000000000000011111111,204,182,159,/home/zhupl25/chiplet_side_channel/chiplet_gds_data/power_macro/delay_chain/ftc/runs/b_fe_frontend/bfe14_arch1_benign_temp_drift/physical/seed_41014/t_+125C/source_hspice,VALID,22,22,1,1
41014,85c4986afe03b6b3e3a0333927ca56b67ae2d4f43ca257ea9c2829c307c54565,125,a47522d223ca7148c306a44da11f67079a1cfe671bedd6fc8652c5821fa55af5,1,FALL,000000000000000000000011111111,204,182,159,/home/zhupl25/chiplet_side_channel/chiplet_gds_data/power_macro/delay_chain/ftc/runs/b_fe_frontend/bfe14_arch1_benign_temp_drift/physical/seed_41014/t_+125C/source_hspice,VALID,45,45,0,0
41014,85c4986afe03b6b3e3a0333927ca56b67ae2d4f43ca257ea9c2829c307c54565,125,a47522d223ca7148c306a44da11f67079a1cfe671bedd6fc8652c5821fa55af5,2,RISE,000000000000000000000011111111,204,182,159,/home/zhupl25/chiplet_side_channel/chiplet_gds_data/power_macro/delay_chain/ftc/runs/b_fe_frontend/bfe14_arch1_benign_temp_drift/physical/seed_41014/t_+125C/source_hspice,VALID,22,22,1,1
41014,85c4986afe03b6b3e3a0333927ca56b67ae2d4f43ca257ea9c2829c307c54565,125,a47522d223ca7148c306a44da11f67079a1cfe671bedd6fc8652c5821fa55af5,3,FALL,000000000000000000000001111111,182,182,159,/home/zhupl25/chiplet_side_channel/chiplet_gds_data/power_macro/delay_chain/ftc/runs/b_fe_frontend/bfe14_arch1_benign_temp_drift/physical/seed_41014/t_+125C/source_hspice,VALID,23,23,0,0
41014,85c4986afe03b6b3e3a0333927ca56b67ae2d4f43ca257ea9c2829c307c54565,125,a47522d223ca7148c306a44da11f67079a1cfe671bedd6fc8652c5821fa55af5,4,RISE,000000000000000000000111111111,225,182,159,/home/zhupl25/chiplet_side_channel/chiplet_gds_data/power_macro/delay_chain/ftc/runs/b_fe_frontend/bfe14_arch1_benign_temp_drift/physical/seed_41014/t_+125C/source_hspice,VALID,43,43,1,1
41014,85c4986afe03b6b3e3a0333927ca56b67ae2d4f43ca257ea9c2829c307c54565,125,a47522d223ca7148c306a44da11f67079a1cfe671bedd6fc8652c5821fa55af5,5,FALL,000000000000000000000011111111,204,182,159,/home/zhupl25/chiplet_side_channel/chiplet_gds_data/power_macro/delay_chain/ftc/runs/b_fe_frontend/bfe14_arch1_benign_temp_drift/physical/seed_41014/t_+125C/source_hspice,VALID,45,45,0,0
41014,85c4986afe03b6b3e3a0333927ca56b67ae2d4f43ca257ea9c2829c307c54565,125,a47522d223ca7148c306a44da11f67079a1cfe671bedd6fc8652c5821fa55af5,6,RISE,000000000000000000000011111111,204,182,159,/home/zhupl25/chiplet_side_channel/chiplet_gds_data/power_macro/delay_chain/ftc/runs/b_fe_frontend/bfe14_arch1_benign_temp_drift/physical/seed_41014/t_+125C/source_hspice,VALID,22,22,1,1
41014,85c4986afe03b6b3e3a0333927ca56b67ae2d4f43ca257ea9c2829c307c54565,125,a47522d223ca7148c306a44da11f67079a1cfe671bedd6fc8652c5821fa55af5,7,FALL,000000000000000000000011111111,204,182,159,/home/zhupl25/chiplet_side_channel/chiplet_gds_data/power_macro/delay_chain/ftc/runs/b_fe_frontend/bfe14_arch1_benign_temp_drift/physical/seed_41014/t_+125C/source_hspice,VALID,45,45,0,0
41014,85c4986afe03b6b3e3a0333927ca56b67ae2d4f43ca257ea9c2829c307c54565,125,a47522d223ca7148c306a44da11f67079a1cfe671bedd6fc8652c5821fa55af5,8,RISE,000000000000000000000011111111,204,182,159,/home/zhupl25/chiplet_side_channel/chiplet_gds_data/power_macro/delay_chain/ftc/runs/b_fe_frontend/bfe14_arch1_benign_temp_drift/physical/seed_41014/t_+125C/source_hspice,VALID,22,22,1,1
41014,85c4986afe03b6b3e3a0333927ca56b67ae2d4f43ca257ea9c2829c307c54565,125,a47522d223ca7148c306a44da11f67079a1cfe671bedd6fc8652c5821fa55af5,9,FALL,000000000000000000000011111111,204,182,159,/home/zhupl25/chiplet_side_channel/chiplet_gds_data/power_macro/delay_chain/ftc/runs/b_fe_frontend/bfe14_arch1_benign_temp_drift/physical/seed_41014/t_+125C/source_hspice,VALID,45,45,0,0
41014,85c4986afe03b6b3e3a0333927ca56b67ae2d4f43ca257ea9c2829c307c54565,125,a47522d223ca7148c306a44da11f67079a1cfe671bedd6fc8652c5821fa55af5,10,RISE,000000000000000000000011111111,204,182,159,/home/zhupl25/chiplet_side_channel/chiplet_gds_data/power_macro/delay_chain/ftc/runs/b_fe_frontend/bfe14_arch1_benign_temp_drift/physical/seed_41014/t_+125C/source_hspice,VALID,22,22,1,1
41014,85c4986afe03b6b3e3a0333927ca56b67ae2d4f43ca257ea9c2829c307c54565,125,a47522d223ca7148c306a44da11f67079a1cfe671bedd6fc8652c5821fa55af5,11,FALL,000000000000000000000001111111,182,182,159,/home/zhupl25/chiplet_side_channel/chiplet_gds_data/power_macro/delay_chain/ftc/runs/b_fe_frontend/bfe14_arch1_benign_temp_drift/physical/seed_41014/t_+125C/source_hspice,VALID,23,23,0,0
41014,85c4986afe03b6b3e3a0333927ca56b67ae2d4f43ca257ea9c2829c307c54565,125,a47522d223ca7148c306a44da11f67079a1cfe671bedd6fc8652c5821fa55af5,12,RISE,000000000000000000000011111111,204,182,159,/home/zhupl25/chiplet_side_channel/chiplet_gds_data/power_macro/delay_chain/ftc/runs/b_fe_frontend/bfe14_arch1_benign_temp_drift/physical/seed_41014/t_+125C/source_hspice,VALID,22,22,1,1
41014,85c4986afe03b6b3e3a0333927ca56b67ae2d4f43ca257ea9c2829c307c54565,125,a47522d223ca7148c306a44da11f67079a1cfe671bedd6fc8652c5821fa55af5,13,FALL,000000000000000000000001111111,182,182,159,/home/zhupl25/chiplet_side_channel/chiplet_gds_data/power_macro/delay_chain/ftc/runs/b_fe_frontend/bfe14_arch1_benign_temp_drift/physical/seed_41014/t_+125C/source_hspice,VALID,23,23,0,0
41014,85c4986afe03b6b3e3a0333927ca56b67ae2d4f43ca257ea9c2829c307c54565,125,a47522d223ca7148c306a44da11f67079a1cfe671bedd6fc8652c5821fa55af5,14,RISE,000000000000000000000011111111,204,182,159,/home/zhupl25/chiplet_side_channel/chiplet_gds_data/power_macro/delay_chain/ftc/runs/b_fe_frontend/bfe14_arch1_benign_temp_drift/physical/seed_41014/t_+125C/source_hspice,VALID,22,22,1,1
41014,85c4986afe03b6b3e3a0333927ca56b67ae2d4f43ca257ea9c2829c307c54565,125,a47522d223ca7148c306a44da11f67079a1cfe671bedd6fc8652c5821fa55af5,15,FALL,000000000000000000000001111111,182,182,159,/home/zhupl25/chiplet_side_channel/chiplet_gds_data/power_macro/delay_chain/ftc/runs/b_fe_frontend/bfe14_arch1_benign_temp_drift/physical/seed_41014/t_+125C/source_hspice,VALID,23,23,0,0
41014,85c4986afe03b6b3e3a0333927ca56b67ae2d4f43ca257ea9c2829c307c54565,125,a47522d223ca7148c306a44da11f67079a1cfe671bedd6fc8652c5821fa55af5,16,RISE,000000000000000000000011111111,204,182,159,/home/zhupl25/chiplet_side_channel/chiplet_gds_data/power_macro/delay_chain/ftc/runs/b_fe_frontend/bfe14_arch1_benign_temp_drift/physical/seed_41014/t_+125C/source_hspice,VALID,22,22,1,1
41014,85c4986afe03b6b3e3a0333927ca56b67ae2d4f43ca257ea9c2829c307c54565,125,a47522d223ca7148c306a44da11f67079a1cfe671bedd6fc8652c5821fa55af5,17,FALL,000000000000000000000011111111,204,182,159,/home/zhupl25/chiplet_side_channel/chiplet_gds_data/power_macro/delay_chain/ftc/runs/b_fe_frontend/bfe14_arch1_benign_temp_drift/physical/seed_41014/t_+125C/source_hspice,VALID,45,45,0,0
41014,85c4986afe03b6b3e3a0333927ca56b67ae2d4f43ca257ea9c2829c307c54565,125,a47522d223ca7148c306a44da11f67079a1cfe671bedd6fc8652c5821fa55af5,18,RISE,000000000000000000000011111111,204,182,159,/home/zhupl25/chiplet_side_channel/chiplet_gds_data/power_macro/delay_chain/ftc/runs/b_fe_frontend/bfe14_arch1_benign_temp_drift/physical/seed_41014/t_+125C/source_hspice,VALID,22,22,1,1
41014,85c4986afe03b6b3e3a0333927ca56b67ae2d4f43ca257ea9c2829c307c54565,125,a47522d223ca7148c306a44da11f67079a1cfe671bedd6fc8652c5821fa55af5,19,FALL,000000000000000000000001111111,182,182,159,/home/zhupl25/chiplet_side_channel/chiplet_gds_data/power_macro/delay_chain/ftc/runs/b_fe_frontend/bfe14_arch1_benign_temp_drift/physical/seed_41014/t_+125C/source_hspice,VALID,23,23,0,0
41014,85c4986afe03b6b3e3a0333927ca56b67ae2d4f43ca257ea9c2829c307c54565,125,a47522d223ca7148c306a44da11f67079a1cfe671bedd6fc8652c5821fa55af5,20,RISE,000000000000000000000011111111,204,182,159,/home/zhupl25/chiplet_side_channel/chiplet_gds_data/power_macro/delay_chain/ftc/runs/b_fe_frontend/bfe14_arch1_benign_temp_drift/physical/seed_41014/t_+125C/source_hspice,VALID,22,22,1,1
41014,85c4986afe03b6b3e3a0333927ca56b67ae2d4f43ca257ea9c2829c307c54565,125,a47522d223ca7148c306a44da11f67079a1cfe671bedd6fc8652c5821fa55af5,21,FALL,000000000000000000000001111111,182,182,159,/home/zhupl25/chiplet_side_channel/chiplet_gds_data/power_macro/delay_chain/ftc/runs/b_fe_frontend/bfe14_arch1_benign_temp_drift/physical/seed_41014/t_+125C/source_hspice,VALID,23,23,0,0
41014,85c4986afe03b6b3e3a0333927ca56b67ae2d4f43ca257ea9c2829c307c54565,125,a47522d223ca7148c306a44da11f67079a1cfe671bedd6fc8652c5821fa55af5,22,RISE,000000000000000000000011111111,204,182,159,/home/zhupl25/chiplet_side_channel/chiplet_gds_data/power_macro/delay_chain/ftc/runs/b_fe_frontend/bfe14_arch1_benign_temp_drift/physical/seed_41014/t_+125C/source_hspice,VALID,22,22,1,1
41014,85c4986afe03b6b3e3a0333927ca56b67ae2d4f43ca257ea9c2829c307c54565,125,a47522d223ca7148c306a44da11f67079a1cfe671bedd6fc8652c5821fa55af5,23,FALL,000000000000000000000011111111,204,182,159,/home/zhupl25/chiplet_side_channel/chiplet_gds_data/power_macro/delay_chain/ftc/runs/b_fe_frontend/bfe14_arch1_benign_temp_drift/physical/seed_41014/t_+125C/source_hspice,VALID,45,45,0,0
41015,d07f2cc08012711f31599693b7813c5f7b11252f75851a566fa826afc1f49b09,-40,a47522d223ca7148c306a44da11f67079a1cfe671bedd6fc8652c5821fa55af5,0,RISE,000000000000000000000001111111,182,204,159,/home/zhupl25/chiplet_side_channel/chiplet_gds_data/power_macro/delay_chain/ftc/runs/b_fe_frontend/bfe14_arch1_benign_temp_drift/physical/seed_41015/t_-040C/source_hspice,VALID,-22,22,0,0
41015,d07f2cc08012711f31599693b7813c5f7b11252f75851a566fa826afc1f49b09,-40,a47522d223ca7148c306a44da11f67079a1cfe671bedd6fc8652c5821fa55af5,1,FALL,000000000000000000000000011111,135,204,159,/home/zhupl25/chiplet_side_channel/chiplet_gds_data/power_macro/delay_chain/ftc/runs/b_fe_frontend/bfe14_arch1_benign_temp_drift/physical/seed_41015/t_-040C/source_hspice,VALID,-24,24,0,0
41015,d07f2cc08012711f31599693b7813c5f7b11252f75851a566fa826afc1f49b09,-40,a47522d223ca7148c306a44da11f67079a1cfe671bedd6fc8652c5821fa55af5,2,RISE,000000000000000000000001111111,182,204,159,/home/zhupl25/chiplet_side_channel/chiplet_gds_data/power_macro/delay_chain/ftc/runs/b_fe_frontend/bfe14_arch1_benign_temp_drift/physical/seed_41015/t_-040C/source_hspice,VALID,-22,22,0,0
41015,d07f2cc08012711f31599693b7813c5f7b11252f75851a566fa826afc1f49b09,-40,a47522d223ca7148c306a44da11f67079a1cfe671bedd6fc8652c5821fa55af5,3,FALL,000000000000000000000000011111,135,204,159,/home/zhupl25/chiplet_side_channel/chiplet_gds_data/power_macro/delay_chain/ftc/runs/b_fe_frontend/bfe14_arch1_benign_temp_drift/physical/seed_41015/t_-040C/source_hspice,VALID,-24,24,0,0
41015,d07f2cc08012711f31599693b7813c5f7b11252f75851a566fa826afc1f49b09,-40,a47522d223ca7148c306a44da11f67079a1cfe671bedd6fc8652c5821fa55af5,4,RISE,000000000000000000000001111111,182,204,159,/home/zhupl25/chiplet_side_channel/chiplet_gds_data/power_macro/delay_chain/ftc/runs/b_fe_frontend/bfe14_arch1_benign_temp_drift/physical/seed_41015/t_-040C/source_hspice,VALID,-22,22,0,0
41015,d07f2cc08012711f31599693b7813c5f7b11252f75851a566fa826afc1f49b09,-40,a47522d223ca7148c306a44da11f67079a1cfe671bedd6fc8652c5821fa55af5,5,FALL,000000000000000000000000011111,135,204,159,/home/zhupl25/chiplet_side_channel/chiplet_gds_data/power_macro/delay_chain/ftc/runs/b_fe_frontend/bfe14_arch1_benign_temp_drift/physical/seed_41015/t_-040C/source_hspice,VALID,-24,24,0,0
41015,d07f2cc08012711f31599693b7813c5f7b11252f75851a566fa826afc1f49b09,-40,a47522d223ca7148c306a44da11f67079a1cfe671bedd6fc8652c5821fa55af5,6,RISE,000000000000000000000001111111,182,204,159,/home/zhupl25/chiplet_side_channel/chiplet_gds_data/power_macro/delay_chain/ftc/runs/b_fe_frontend/bfe14_arch1_benign_temp_drift/physical/seed_41015/t_-040C/source_hspice,VALID,-22,22,0,0
41015,d07f2cc08012711f31599693b7813c5f7b11252f75851a566fa826afc1f49b09,-40,a47522d223ca7148c306a44da11f67079a1cfe671bedd6fc8652c5821fa55af5,7,FALL,000000000000000000000000011111,135,204,159,/home/zhupl25/chiplet_side_channel/chiplet_gds_data/power_macro/delay_chain/ftc/runs/b_fe_frontend/bfe14_arch1_benign_temp_drift/physical/seed_41015/t_-040C/source_hspice,VALID,-24,24,0,0
41015,d07f2cc08012711f31599693b7813c5f7b11252f75851a566fa826afc1f49b09,-40,a47522d223ca7148c306a44da11f67079a1cfe671bedd6fc8652c5821fa55af5,8,RISE,000000000000000000000001111111,182,204,159,/home/zhupl25/chiplet_side_channel/chiplet_gds_data/power_macro/delay_chain/ftc/runs/b_fe_frontend/bfe14_arch1_benign_temp_drift/physical/seed_41015/t_-040C/source_hspice,VALID,-22,22,0,0
41015,d07f2cc08012711f31599693b7813c5f7b11252f75851a566fa826afc1f49b09,-40,a47522d223ca7148c306a44da11f67079a1cfe671bedd6fc8652c5821fa55af5,9,FALL,000000000000000000000000011111,135,204,159,/home/zhupl25/chiplet_side_channel/chiplet_gds_data/power_macro/delay_chain/ftc/runs/b_fe_frontend/bfe14_arch1_benign_temp_drift/physical/seed_41015/t_-040C/source_hspice,VALID,-24,24,0,0
41015,d07f2cc08012711f31599693b7813c5f7b11252f75851a566fa826afc1f49b09,-40,a47522d223ca7148c306a44da11f67079a1cfe671bedd6fc8652c5821fa55af5,10,RISE,000000000000000000000001111111,182,204,159,/home/zhupl25/chiplet_side_channel/chiplet_gds_data/power_macro/delay_chain/ftc/runs/b_fe_frontend/bfe14_arch1_benign_temp_drift/physical/seed_41015/t_-040C/source_hspice,VALID,-22,22,0,0
41015,d07f2cc08012711f31599693b7813c5f7b11252f75851a566fa826afc1f49b09,-40,a47522d223ca7148c306a44da11f67079a1cfe671bedd6fc8652c5821fa55af5,11,FALL,000000000000000000000000011111,135,204,159,/home/zhupl25/chiplet_side_channel/chiplet_gds_data/power_macro/delay_chain/ftc/runs/b_fe_frontend/bfe14_arch1_benign_temp_drift/physical/seed_41015/t_-040C/source_hspice,VALID,-24,24,0,0
41015,d07f2cc08012711f31599693b7813c5f7b11252f75851a566fa826afc1f49b09,-40,a47522d223ca7148c306a44da11f67079a1cfe671bedd6fc8652c5821fa55af5,12,RISE,000000000000000000000001111111,182,204,159,/home/zhupl25/chiplet_side_channel/chiplet_gds_data/power_macro/delay_chain/ftc/runs/b_fe_frontend/bfe14_arch1_benign_temp_drift/physical/seed_41015/t_-040C/source_hspice,VALID,-22,22,0,0
41015,d07f2cc08012711f31599693b7813c5f7b11252f75851a566fa826afc1f49b09,-40,a47522d223ca7148c306a44da11f67079a1cfe671bedd6fc8652c5821fa55af5,13,FALL,000000000000000000000000011111,135,204,159,/home/zhupl25/chiplet_side_channel/chiplet_gds_data/power_macro/delay_chain/ftc/runs/b_fe_frontend/bfe14_arch1_benign_temp_drift/physical/seed_41015/t_-040C/source_hspice,VALID,-24,24,0,0
41015,d07f2cc08012711f31599693b7813c5f7b11252f75851a566fa826afc1f49b09,-40,a47522d223ca7148c306a44da11f67079a1cfe671bedd6fc8652c5821fa55af5,14,RISE,000000000000000000000001111111,182,204,159,/home/zhupl25/chiplet_side_channel/chiplet_gds_data/power_macro/delay_chain/ftc/runs/b_fe_frontend/bfe14_arch1_benign_temp_drift/physical/seed_41015/t_-040C/source_hspice,VALID,-22,22,0,0
41015,d07f2cc08012711f31599693b7813c5f7b11252f75851a566fa826afc1f49b09,-40,a47522d223ca7148c306a44da11f67079a1cfe671bedd6fc8652c5821fa55af5,15,FALL,000000000000000000000000011111,135,204,159,/home/zhupl25/chiplet_side_channel/chiplet_gds_data/power_macro/delay_chain/ftc/runs/b_fe_frontend/bfe14_arch1_benign_temp_drift/physical/seed_41015/t_-040C/source_hspice,VALID,-24,24,0,0
41015,d07f2cc08012711f31599693b7813c5f7b11252f75851a566fa826afc1f49b09,-40,a47522d223ca7148c306a44da11f67079a1cfe671bedd6fc8652c5821fa55af5,16,RISE,000000000000000000000001111111,182,204,159,/home/zhupl25/chiplet_side_channel/chiplet_gds_data/power_macro/delay_chain/ftc/runs/b_fe_frontend/bfe14_arch1_benign_temp_drift/physical/seed_41015/t_-040C/source_hspice,VALID,-22,22,0,0
41015,d07f2cc08012711f31599693b7813c5f7b11252f75851a566fa826afc1f49b09,-40,a47522d223ca7148c306a44da11f67079a1cfe671bedd6fc8652c5821fa55af5,17,FALL,000000000000000000000000011111,135,204,159,/home/zhupl25/chiplet_side_channel/chiplet_gds_data/power_macro/delay_chain/ftc/runs/b_fe_frontend/bfe14_arch1_benign_temp_drift/physical/seed_41015/t_-040C/source_hspice,VALID,-24,24,0,0
41015,d07f2cc08012711f31599693b7813c5f7b11252f75851a566fa826afc1f49b09,-40,a47522d223ca7148c306a44da11f67079a1cfe671bedd6fc8652c5821fa55af5,18,RISE,000000000000000000000001111111,182,204,159,/home/zhupl25/chiplet_side_channel/chiplet_gds_data/power_macro/delay_chain/ftc/runs/b_fe_frontend/bfe14_arch1_benign_temp_drift/physical/seed_41015/t_-040C/source_hspice,VALID,-22,22,0,0
41015,d07f2cc08012711f31599693b7813c5f7b11252f75851a566fa826afc1f49b09,-40,a47522d223ca7148c306a44da11f67079a1cfe671bedd6fc8652c5821fa55af5,19,FALL,000000000000000000000000011111,135,204,159,/home/zhupl25/chiplet_side_channel/chiplet_gds_data/power_macro/delay_chain/ftc/runs/b_fe_frontend/bfe14_arch1_benign_temp_drift/physical/seed_41015/t_-040C/source_hspice,VALID,-24,24,0,0
41015,d07f2cc08012711f31599693b7813c5f7b11252f75851a566fa826afc1f49b09,-40,a47522d223ca7148c306a44da11f67079a1cfe671bedd6fc8652c5821fa55af5,20,RISE,000000000000000000000001111111,182,204,159,/home/zhupl25/chiplet_side_channel/chiplet_gds_data/power_macro/delay_chain/ftc/runs/b_fe_frontend/bfe14_arch1_benign_temp_drift/physical/seed_41015/t_-040C/source_hspice,VALID,-22,22,0,0
41015,d07f2cc08012711f31599693b7813c5f7b11252f75851a566fa826afc1f49b09,-40,a47522d223ca7148c306a44da11f67079a1cfe671bedd6fc8652c5821fa55af5,21,FALL,000000000000000000000000001111,110,204,159,/home/zhupl25/chiplet_side_channel/chiplet_gds_data/power_macro/delay_chain/ftc/runs/b_fe_frontend/bfe14_arch1_benign_temp_drift/physical/seed_41015/t_-040C/source_hspice,VALID,-49,49,0,0
41015,d07f2cc08012711f31599693b7813c5f7b11252f75851a566fa826afc1f49b09,-40,a47522d223ca7148c306a44da11f67079a1cfe671bedd6fc8652c5821fa55af5,22,RISE,000000000000000000000001111111,182,204,159,/home/zhupl25/chiplet_side_channel/chiplet_gds_data/power_macro/delay_chain/ftc/runs/b_fe_frontend/bfe14_arch1_benign_temp_drift/physical/seed_41015/t_-040C/source_hspice,VALID,-22,22,0,0
41015,d07f2cc08012711f31599693b7813c5f7b11252f75851a566fa826afc1f49b09,-40,a47522d223ca7148c306a44da11f67079a1cfe671bedd6fc8652c5821fa55af5,23,FALL,000000000000000000000000011111,135,204,159,/home/zhupl25/chiplet_side_channel/chiplet_gds_data/power_macro/delay_chain/ftc/runs/b_fe_frontend/bfe14_arch1_benign_temp_drift/physical/seed_41015/t_-040C/source_hspice,VALID,-24,24,0,0
41015,d07f2cc08012711f31599693b7813c5f7b11252f75851a566fa826afc1f49b09,125,a47522d223ca7148c306a44da11f67079a1cfe671bedd6fc8652c5821fa55af5,0,RISE,000000000000000000000111111111,225,204,159,/home/zhupl25/chiplet_side_channel/chiplet_gds_data/power_macro/delay_chain/ftc/runs/b_fe_frontend/bfe14_arch1_benign_temp_drift/physical/seed_41015/t_+125C/source_hspice,VALID,21,21,1,1
41015,d07f2cc08012711f31599693b7813c5f7b11252f75851a566fa826afc1f49b09,125,a47522d223ca7148c306a44da11f67079a1cfe671bedd6fc8652c5821fa55af5,1,FALL,000000000000000000000001111111,182,204,159,/home/zhupl25/chiplet_side_channel/chiplet_gds_data/power_macro/delay_chain/ftc/runs/b_fe_frontend/bfe14_arch1_benign_temp_drift/physical/seed_41015/t_+125C/source_hspice,VALID,23,23,0,0
41015,d07f2cc08012711f31599693b7813c5f7b11252f75851a566fa826afc1f49b09,125,a47522d223ca7148c306a44da11f67079a1cfe671bedd6fc8652c5821fa55af5,2,RISE,000000000000000000000111111111,225,204,159,/home/zhupl25/chiplet_side_channel/chiplet_gds_data/power_macro/delay_chain/ftc/runs/b_fe_frontend/bfe14_arch1_benign_temp_drift/physical/seed_41015/t_+125C/source_hspice,VALID,21,21,1,1
41015,d07f2cc08012711f31599693b7813c5f7b11252f75851a566fa826afc1f49b09,125,a47522d223ca7148c306a44da11f67079a1cfe671bedd6fc8652c5821fa55af5,3,FALL,000000000000000000000001111111,182,204,159,/home/zhupl25/chiplet_side_channel/chiplet_gds_data/power_macro/delay_chain/ftc/runs/b_fe_frontend/bfe14_arch1_benign_temp_drift/physical/seed_41015/t_+125C/source_hspice,VALID,23,23,0,0
41015,d07f2cc08012711f31599693b7813c5f7b11252f75851a566fa826afc1f49b09,125,a47522d223ca7148c306a44da11f67079a1cfe671bedd6fc8652c5821fa55af5,4,RISE,000000000000000000000111111111,225,204,159,/home/zhupl25/chiplet_side_channel/chiplet_gds_data/power_macro/delay_chain/ftc/runs/b_fe_frontend/bfe14_arch1_benign_temp_drift/physical/seed_41015/t_+125C/source_hspice,VALID,21,21,1,1
41015,d07f2cc08012711f31599693b7813c5f7b11252f75851a566fa826afc1f49b09,125,a47522d223ca7148c306a44da11f67079a1cfe671bedd6fc8652c5821fa55af5,5,FALL,000000000000000000000001111111,182,204,159,/home/zhupl25/chiplet_side_channel/chiplet_gds_data/power_macro/delay_chain/ftc/runs/b_fe_frontend/bfe14_arch1_benign_temp_drift/physical/seed_41015/t_+125C/source_hspice,VALID,23,23,0,0
41015,d07f2cc08012711f31599693b7813c5f7b11252f75851a566fa826afc1f49b09,125,a47522d223ca7148c306a44da11f67079a1cfe671bedd6fc8652c5821fa55af5,6,RISE,000000000000000000000111111111,225,204,159,/home/zhupl25/chiplet_side_channel/chiplet_gds_data/power_macro/delay_chain/ftc/runs/b_fe_frontend/bfe14_arch1_benign_temp_drift/physical/seed_41015/t_+125C/source_hspice,VALID,21,21,1,1
41015,d07f2cc08012711f31599693b7813c5f7b11252f75851a566fa826afc1f49b09,125,a47522d223ca7148c306a44da11f67079a1cfe671bedd6fc8652c5821fa55af5,7,FALL,000000000000000000000001111111,182,204,159,/home/zhupl25/chiplet_side_channel/chiplet_gds_data/power_macro/delay_chain/ftc/runs/b_fe_frontend/bfe14_arch1_benign_temp_drift/physical/seed_41015/t_+125C/source_hspice,VALID,23,23,0,0
41015,d07f2cc08012711f31599693b7813c5f7b11252f75851a566fa826afc1f49b09,125,a47522d223ca7148c306a44da11f67079a1cfe671bedd6fc8652c5821fa55af5,8,RISE,000000000000000000000111111111,225,204,159,/home/zhupl25/chiplet_side_channel/chiplet_gds_data/power_macro/delay_chain/ftc/runs/b_fe_frontend/bfe14_arch1_benign_temp_drift/physical/seed_41015/t_+125C/source_hspice,VALID,21,21,1,1
41015,d07f2cc08012711f31599693b7813c5f7b11252f75851a566fa826afc1f49b09,125,a47522d223ca7148c306a44da11f67079a1cfe671bedd6fc8652c5821fa55af5,9,FALL,000000000000000000000001111111,182,204,159,/home/zhupl25/chiplet_side_channel/chiplet_gds_data/power_macro/delay_chain/ftc/runs/b_fe_frontend/bfe14_arch1_benign_temp_drift/physical/seed_41015/t_+125C/source_hspice,VALID,23,23,0,0
41015,d07f2cc08012711f31599693b7813c5f7b11252f75851a566fa826afc1f49b09,125,a47522d223ca7148c306a44da11f67079a1cfe671bedd6fc8652c5821fa55af5,10,RISE,000000000000000000000111111111,225,204,159,/home/zhupl25/chiplet_side_channel/chiplet_gds_data/power_macro/delay_chain/ftc/runs/b_fe_frontend/bfe14_arch1_benign_temp_drift/physical/seed_41015/t_+125C/source_hspice,VALID,21,21,1,1
41015,d07f2cc08012711f31599693b7813c5f7b11252f75851a566fa826afc1f49b09,125,a47522d223ca7148c306a44da11f67079a1cfe671bedd6fc8652c5821fa55af5,11,FALL,000000000000000000000001111111,182,204,159,/home/zhupl25/chiplet_side_channel/chiplet_gds_data/power_macro/delay_chain/ftc/runs/b_fe_frontend/bfe14_arch1_benign_temp_drift/physical/seed_41015/t_+125C/source_hspice,VALID,23,23,0,0
41015,d07f2cc08012711f31599693b7813c5f7b11252f75851a566fa826afc1f49b09,125,a47522d223ca7148c306a44da11f67079a1cfe671bedd6fc8652c5821fa55af5,12,RISE,000000000000000000000111111111,225,204,159,/home/zhupl25/chiplet_side_channel/chiplet_gds_data/power_macro/delay_chain/ftc/runs/b_fe_frontend/bfe14_arch1_benign_temp_drift/physical/seed_41015/t_+125C/source_hspice,VALID,21,21,1,1
41015,d07f2cc08012711f31599693b7813c5f7b11252f75851a566fa826afc1f49b09,125,a47522d223ca7148c306a44da11f67079a1cfe671bedd6fc8652c5821fa55af5,13,FALL,000000000000000000000001111111,182,204,159,/home/zhupl25/chiplet_side_channel/chiplet_gds_data/power_macro/delay_chain/ftc/runs/b_fe_frontend/bfe14_arch1_benign_temp_drift/physical/seed_41015/t_+125C/source_hspice,VALID,23,23,0,0
41015,d07f2cc08012711f31599693b7813c5f7b11252f75851a566fa826afc1f49b09,125,a47522d223ca7148c306a44da11f67079a1cfe671bedd6fc8652c5821fa55af5,14,RISE,000000000000000000000111111111,225,204,159,/home/zhupl25/chiplet_side_channel/chiplet_gds_data/power_macro/delay_chain/ftc/runs/b_fe_frontend/bfe14_arch1_benign_temp_drift/physical/seed_41015/t_+125C/source_hspice,VALID,21,21,1,1
41015,d07f2cc08012711f31599693b7813c5f7b11252f75851a566fa826afc1f49b09,125,a47522d223ca7148c306a44da11f67079a1cfe671bedd6fc8652c5821fa55af5,15,FALL,000000000000000000000001111111,182,204,159,/home/zhupl25/chiplet_side_channel/chiplet_gds_data/power_macro/delay_chain/ftc/runs/b_fe_frontend/bfe14_arch1_benign_temp_drift/physical/seed_41015/t_+125C/source_hspice,VALID,23,23,0,0
41015,d07f2cc08012711f31599693b7813c5f7b11252f75851a566fa826afc1f49b09,125,a47522d223ca7148c306a44da11f67079a1cfe671bedd6fc8652c5821fa55af5,16,RISE,000000000000000000000111111111,225,204,159,/home/zhupl25/chiplet_side_channel/chiplet_gds_data/power_macro/delay_chain/ftc/runs/b_fe_frontend/bfe14_arch1_benign_temp_drift/physical/seed_41015/t_+125C/source_hspice,VALID,21,21,1,1
41015,d07f2cc08012711f31599693b7813c5f7b11252f75851a566fa826afc1f49b09,125,a47522d223ca7148c306a44da11f67079a1cfe671bedd6fc8652c5821fa55af5,17,FALL,000000000000000000000001111111,182,204,159,/home/zhupl25/chiplet_side_channel/chiplet_gds_data/power_macro/delay_chain/ftc/runs/b_fe_frontend/bfe14_arch1_benign_temp_drift/physical/seed_41015/t_+125C/source_hspice,VALID,23,23,0,0
41015,d07f2cc08012711f31599693b7813c5f7b11252f75851a566fa826afc1f49b09,125,a47522d223ca7148c306a44da11f67079a1cfe671bedd6fc8652c5821fa55af5,18,RISE,000000000000000000000111111111,225,204,159,/home/zhupl25/chiplet_side_channel/chiplet_gds_data/power_macro/delay_chain/ftc/runs/b_fe_frontend/bfe14_arch1_benign_temp_drift/physical/seed_41015/t_+125C/source_hspice,VALID,21,21,1,1
41015,d07f2cc08012711f31599693b7813c5f7b11252f75851a566fa826afc1f49b09,125,a47522d223ca7148c306a44da11f67079a1cfe671bedd6fc8652c5821fa55af5,19,FALL,000000000000000000000001111111,182,204,159,/home/zhupl25/chiplet_side_channel/chiplet_gds_data/power_macro/delay_chain/ftc/runs/b_fe_frontend/bfe14_arch1_benign_temp_drift/physical/seed_41015/t_+125C/source_hspice,VALID,23,23,0,0
41015,d07f2cc08012711f31599693b7813c5f7b11252f75851a566fa826afc1f49b09,125,a47522d223ca7148c306a44da11f67079a1cfe671bedd6fc8652c5821fa55af5,20,RISE,000000000000000000000111111111,225,204,159,/home/zhupl25/chiplet_side_channel/chiplet_gds_data/power_macro/delay_chain/ftc/runs/b_fe_frontend/bfe14_arch1_benign_temp_drift/physical/seed_41015/t_+125C/source_hspice,VALID,21,21,1,1
41015,d07f2cc08012711f31599693b7813c5f7b11252f75851a566fa826afc1f49b09,125,a47522d223ca7148c306a44da11f67079a1cfe671bedd6fc8652c5821fa55af5,21,FALL,000000000000000000000001111111,182,204,159,/home/zhupl25/chiplet_side_channel/chiplet_gds_data/power_macro/delay_chain/ftc/runs/b_fe_frontend/bfe14_arch1_benign_temp_drift/physical/seed_41015/t_+125C/source_hspice,VALID,23,23,0,0
41015,d07f2cc08012711f31599693b7813c5f7b11252f75851a566fa826afc1f49b09,125,a47522d223ca7148c306a44da11f67079a1cfe671bedd6fc8652c5821fa55af5,22,RISE,000000000000000000000111111111,225,204,159,/home/zhupl25/chiplet_side_channel/chiplet_gds_data/power_macro/delay_chain/ftc/runs/b_fe_frontend/bfe14_arch1_benign_temp_drift/physical/seed_41015/t_+125C/source_hspice,VALID,21,21,1,1
41015,d07f2cc08012711f31599693b7813c5f7b11252f75851a566fa826afc1f49b09,125,a47522d223ca7148c306a44da11f67079a1cfe671bedd6fc8652c5821fa55af5,23,FALL,000000000000000000000001111111,182,204,159,/home/zhupl25/chiplet_side_channel/chiplet_gds_data/power_macro/delay_chain/ftc/runs/b_fe_frontend/bfe14_arch1_benign_temp_drift/physical/seed_41015/t_+125C/source_hspice,VALID,23,23,0,0
41016,8da7492d08f89c56aab6bbf8673d3aaeb15003e0163a7592f1fc1c7ab72b18ff,-40,a47522d223ca7148c306a44da11f67079a1cfe671bedd6fc8652c5821fa55af5,0,RISE,000000000000000000000000111111,159,182,159,/home/zhupl25/chiplet_side_channel/chiplet_gds_data/power_macro/delay_chain/ftc/runs/b_fe_frontend/bfe14_arch1_benign_temp_drift/physical/seed_41016/t_-040C/source_hspice,VALID,-23,23,0,0
41016,8da7492d08f89c56aab6bbf8673d3aaeb15003e0163a7592f1fc1c7ab72b18ff,-40,a47522d223ca7148c306a44da11f67079a1cfe671bedd6fc8652c5821fa55af5,1,FALL,000000000000000000000000111111,159,182,159,/home/zhupl25/chiplet_side_channel/chiplet_gds_data/power_macro/delay_chain/ftc/runs/b_fe_frontend/bfe14_arch1_benign_temp_drift/physical/seed_41016/t_-040C/source_hspice,VALID,0,0,0,0
41016,8da7492d08f89c56aab6bbf8673d3aaeb15003e0163a7592f1fc1c7ab72b18ff,-40,a47522d223ca7148c306a44da11f67079a1cfe671bedd6fc8652c5821fa55af5,2,RISE,000000000000000000000000111111,159,182,159,/home/zhupl25/chiplet_side_channel/chiplet_gds_data/power_macro/delay_chain/ftc/runs/b_fe_frontend/bfe14_arch1_benign_temp_drift/physical/seed_41016/t_-040C/source_hspice,VALID,-23,23,0,0
41016,8da7492d08f89c56aab6bbf8673d3aaeb15003e0163a7592f1fc1c7ab72b18ff,-40,a47522d223ca7148c306a44da11f67079a1cfe671bedd6fc8652c5821fa55af5,3,FALL,000000000000000000000000011111,135,182,159,/home/zhupl25/chiplet_side_channel/chiplet_gds_data/power_macro/delay_chain/ftc/runs/b_fe_frontend/bfe14_arch1_benign_temp_drift/physical/seed_41016/t_-040C/source_hspice,VALID,-24,24,0,0
41016,8da7492d08f89c56aab6bbf8673d3aaeb15003e0163a7592f1fc1c7ab72b18ff,-40,a47522d223ca7148c306a44da11f67079a1cfe671bedd6fc8652c5821fa55af5,4,RISE,000000000000000000000000111111,159,182,159,/home/zhupl25/chiplet_side_channel/chiplet_gds_data/power_macro/delay_chain/ftc/runs/b_fe_frontend/bfe14_arch1_benign_temp_drift/physical/seed_41016/t_-040C/source_hspice,VALID,-23,23,0,0
41016,8da7492d08f89c56aab6bbf8673d3aaeb15003e0163a7592f1fc1c7ab72b18ff,-40,a47522d223ca7148c306a44da11f67079a1cfe671bedd6fc8652c5821fa55af5,5,FALL,000000000000000000000000011111,135,182,159,/home/zhupl25/chiplet_side_channel/chiplet_gds_data/power_macro/delay_chain/ftc/runs/b_fe_frontend/bfe14_arch1_benign_temp_drift/physical/seed_41016/t_-040C/source_hspice,VALID,-24,24,0,0
41016,8da7492d08f89c56aab6bbf8673d3aaeb15003e0163a7592f1fc1c7ab72b18ff,-40,a47522d223ca7148c306a44da11f67079a1cfe671bedd6fc8652c5821fa55af5,6,RISE,000000000000000000000000111111,159,182,159,/home/zhupl25/chiplet_side_channel/chiplet_gds_data/power_macro/delay_chain/ftc/runs/b_fe_frontend/bfe14_arch1_benign_temp_drift/physical/seed_41016/t_-040C/source_hspice,VALID,-23,23,0,0
41016,8da7492d08f89c56aab6bbf8673d3aaeb15003e0163a7592f1fc1c7ab72b18ff,-40,a47522d223ca7148c306a44da11f67079a1cfe671bedd6fc8652c5821fa55af5,7,FALL,000000000000000000000000011111,135,182,159,/home/zhupl25/chiplet_side_channel/chiplet_gds_data/power_macro/delay_chain/ftc/runs/b_fe_frontend/bfe14_arch1_benign_temp_drift/physical/seed_41016/t_-040C/source_hspice,VALID,-24,24,0,0
41016,8da7492d08f89c56aab6bbf8673d3aaeb15003e0163a7592f1fc1c7ab72b18ff,-40,a47522d223ca7148c306a44da11f67079a1cfe671bedd6fc8652c5821fa55af5,8,RISE,000000000000000000000000111111,159,182,159,/home/zhupl25/chiplet_side_channel/chiplet_gds_data/power_macro/delay_chain/ftc/runs/b_fe_frontend/bfe14_arch1_benign_temp_drift/physical/seed_41016/t_-040C/source_hspice,VALID,-23,23,0,0
41016,8da7492d08f89c56aab6bbf8673d3aaeb15003e0163a7592f1fc1c7ab72b18ff,-40,a47522d223ca7148c306a44da11f67079a1cfe671bedd6fc8652c5821fa55af5,9,FALL,000000000000000000000000011111,135,182,159,/home/zhupl25/chiplet_side_channel/chiplet_gds_data/power_macro/delay_chain/ftc/runs/b_fe_frontend/bfe14_arch1_benign_temp_drift/physical/seed_41016/t_-040C/source_hspice,VALID,-24,24,0,0
41016,8da7492d08f89c56aab6bbf8673d3aaeb15003e0163a7592f1fc1c7ab72b18ff,-40,a47522d223ca7148c306a44da11f67079a1cfe671bedd6fc8652c5821fa55af5,10,RISE,000000000000000000000000111111,159,182,159,/home/zhupl25/chiplet_side_channel/chiplet_gds_data/power_macro/delay_chain/ftc/runs/b_fe_frontend/bfe14_arch1_benign_temp_drift/physical/seed_41016/t_-040C/source_hspice,VALID,-23,23,0,0
41016,8da7492d08f89c56aab6bbf8673d3aaeb15003e0163a7592f1fc1c7ab72b18ff,-40,a47522d223ca7148c306a44da11f67079a1cfe671bedd6fc8652c5821fa55af5,11,FALL,000000000000000000000000011111,135,182,159,/home/zhupl25/chiplet_side_channel/chiplet_gds_data/power_macro/delay_chain/ftc/runs/b_fe_frontend/bfe14_arch1_benign_temp_drift/physical/seed_41016/t_-040C/source_hspice,VALID,-24,24,0,0
41016,8da7492d08f89c56aab6bbf8673d3aaeb15003e0163a7592f1fc1c7ab72b18ff,-40,a47522d223ca7148c306a44da11f67079a1cfe671bedd6fc8652c5821fa55af5,12,RISE,000000000000000000000000111111,159,182,159,/home/zhupl25/chiplet_side_channel/chiplet_gds_data/power_macro/delay_chain/ftc/runs/b_fe_frontend/bfe14_arch1_benign_temp_drift/physical/seed_41016/t_-040C/source_hspice,VALID,-23,23,0,0
41016,8da7492d08f89c56aab6bbf8673d3aaeb15003e0163a7592f1fc1c7ab72b18ff,-40,a47522d223ca7148c306a44da11f67079a1cfe671bedd6fc8652c5821fa55af5,13,FALL,000000000000000000000000011111,135,182,159,/home/zhupl25/chiplet_side_channel/chiplet_gds_data/power_macro/delay_chain/ftc/runs/b_fe_frontend/bfe14_arch1_benign_temp_drift/physical/seed_41016/t_-040C/source_hspice,VALID,-24,24,0,0
41016,8da7492d08f89c56aab6bbf8673d3aaeb15003e0163a7592f1fc1c7ab72b18ff,-40,a47522d223ca7148c306a44da11f67079a1cfe671bedd6fc8652c5821fa55af5,14,RISE,000000000000000000000000111111,159,182,159,/home/zhupl25/chiplet_side_channel/chiplet_gds_data/power_macro/delay_chain/ftc/runs/b_fe_frontend/bfe14_arch1_benign_temp_drift/physical/seed_41016/t_-040C/source_hspice,VALID,-23,23,0,0
41016,8da7492d08f89c56aab6bbf8673d3aaeb15003e0163a7592f1fc1c7ab72b18ff,-40,a47522d223ca7148c306a44da11f67079a1cfe671bedd6fc8652c5821fa55af5,15,FALL,000000000000000000000000011111,135,182,159,/home/zhupl25/chiplet_side_channel/chiplet_gds_data/power_macro/delay_chain/ftc/runs/b_fe_frontend/bfe14_arch1_benign_temp_drift/physical/seed_41016/t_-040C/source_hspice,VALID,-24,24,0,0
41016,8da7492d08f89c56aab6bbf8673d3aaeb15003e0163a7592f1fc1c7ab72b18ff,-40,a47522d223ca7148c306a44da11f67079a1cfe671bedd6fc8652c5821fa55af5,16,RISE,000000000000000000000000111111,159,182,159,/home/zhupl25/chiplet_side_channel/chiplet_gds_data/power_macro/delay_chain/ftc/runs/b_fe_frontend/bfe14_arch1_benign_temp_drift/physical/seed_41016/t_-040C/source_hspice,VALID,-23,23,0,0
41016,8da7492d08f89c56aab6bbf8673d3aaeb15003e0163a7592f1fc1c7ab72b18ff,-40,a47522d223ca7148c306a44da11f67079a1cfe671bedd6fc8652c5821fa55af5,17,FALL,000000000000000000000000011111,135,182,159,/home/zhupl25/chiplet_side_channel/chiplet_gds_data/power_macro/delay_chain/ftc/runs/b_fe_frontend/bfe14_arch1_benign_temp_drift/physical/seed_41016/t_-040C/source_hspice,VALID,-24,24,0,0
41016,8da7492d08f89c56aab6bbf8673d3aaeb15003e0163a7592f1fc1c7ab72b18ff,-40,a47522d223ca7148c306a44da11f67079a1cfe671bedd6fc8652c5821fa55af5,18,RISE,000000000000000000000000111111,159,182,159,/home/zhupl25/chiplet_side_channel/chiplet_gds_data/power_macro/delay_chain/ftc/runs/b_fe_frontend/bfe14_arch1_benign_temp_drift/physical/seed_41016/t_-040C/source_hspice,VALID,-23,23,0,0
41016,8da7492d08f89c56aab6bbf8673d3aaeb15003e0163a7592f1fc1c7ab72b18ff,-40,a47522d223ca7148c306a44da11f67079a1cfe671bedd6fc8652c5821fa55af5,19,FALL,000000000000000000000000011111,135,182,159,/home/zhupl25/chiplet_side_channel/chiplet_gds_data/power_macro/delay_chain/ftc/runs/b_fe_frontend/bfe14_arch1_benign_temp_drift/physical/seed_41016/t_-040C/source_hspice,VALID,-24,24,0,0
41016,8da7492d08f89c56aab6bbf8673d3aaeb15003e0163a7592f1fc1c7ab72b18ff,-40,a47522d223ca7148c306a44da11f67079a1cfe671bedd6fc8652c5821fa55af5,20,RISE,000000000000000000000000111111,159,182,159,/home/zhupl25/chiplet_side_channel/chiplet_gds_data/power_macro/delay_chain/ftc/runs/b_fe_frontend/bfe14_arch1_benign_temp_drift/physical/seed_41016/t_-040C/source_hspice,VALID,-23,23,0,0
41016,8da7492d08f89c56aab6bbf8673d3aaeb15003e0163a7592f1fc1c7ab72b18ff,-40,a47522d223ca7148c306a44da11f67079a1cfe671bedd6fc8652c5821fa55af5,21,FALL,000000000000000000000000011111,135,182,159,/home/zhupl25/chiplet_side_channel/chiplet_gds_data/power_macro/delay_chain/ftc/runs/b_fe_frontend/bfe14_arch1_benign_temp_drift/physical/seed_41016/t_-040C/source_hspice,VALID,-24,24,0,0
41016,8da7492d08f89c56aab6bbf8673d3aaeb15003e0163a7592f1fc1c7ab72b18ff,-40,a47522d223ca7148c306a44da11f67079a1cfe671bedd6fc8652c5821fa55af5,22,RISE,000000000000000000000000111111,159,182,159,/home/zhupl25/chiplet_side_channel/chiplet_gds_data/power_macro/delay_chain/ftc/runs/b_fe_frontend/bfe14_arch1_benign_temp_drift/physical/seed_41016/t_-040C/source_hspice,VALID,-23,23,0,0
41016,8da7492d08f89c56aab6bbf8673d3aaeb15003e0163a7592f1fc1c7ab72b18ff,-40,a47522d223ca7148c306a44da11f67079a1cfe671bedd6fc8652c5821fa55af5,23,FALL,000000000000000000000000011111,135,182,159,/home/zhupl25/chiplet_side_channel/chiplet_gds_data/power_macro/delay_chain/ftc/runs/b_fe_frontend/bfe14_arch1_benign_temp_drift/physical/seed_41016/t_-040C/source_hspice,VALID,-24,24,0,0
41016,8da7492d08f89c56aab6bbf8673d3aaeb15003e0163a7592f1fc1c7ab72b18ff,125,a47522d223ca7148c306a44da11f67079a1cfe671bedd6fc8652c5821fa55af5,0,RISE,000000000000000000000011111111,204,182,159,/home/zhupl25/chiplet_side_channel/chiplet_gds_data/power_macro/delay_chain/ftc/runs/b_fe_frontend/bfe14_arch1_benign_temp_drift/physical/seed_41016/t_+125C/source_hspice,VALID,22,22,1,1
41016,8da7492d08f89c56aab6bbf8673d3aaeb15003e0163a7592f1fc1c7ab72b18ff,125,a47522d223ca7148c306a44da11f67079a1cfe671bedd6fc8652c5821fa55af5,1,FALL,000000000000000000000011111111,204,182,159,/home/zhupl25/chiplet_side_channel/chiplet_gds_data/power_macro/delay_chain/ftc/runs/b_fe_frontend/bfe14_arch1_benign_temp_drift/physical/seed_41016/t_+125C/source_hspice,VALID,45,45,0,0
41016,8da7492d08f89c56aab6bbf8673d3aaeb15003e0163a7592f1fc1c7ab72b18ff,125,a47522d223ca7148c306a44da11f67079a1cfe671bedd6fc8652c5821fa55af5,2,RISE,000000000000000000000011111111,204,182,159,/home/zhupl25/chiplet_side_channel/chiplet_gds_data/power_macro/delay_chain/ftc/runs/b_fe_frontend/bfe14_arch1_benign_temp_drift/physical/seed_41016/t_+125C/source_hspice,VALID,22,22,1,1
41016,8da7492d08f89c56aab6bbf8673d3aaeb15003e0163a7592f1fc1c7ab72b18ff,125,a47522d223ca7148c306a44da11f67079a1cfe671bedd6fc8652c5821fa55af5,3,FALL,000000000000000000000001111111,182,182,159,/home/zhupl25/chiplet_side_channel/chiplet_gds_data/power_macro/delay_chain/ftc/runs/b_fe_frontend/bfe14_arch1_benign_temp_drift/physical/seed_41016/t_+125C/source_hspice,VALID,23,23,0,0
41016,8da7492d08f89c56aab6bbf8673d3aaeb15003e0163a7592f1fc1c7ab72b18ff,125,a47522d223ca7148c306a44da11f67079a1cfe671bedd6fc8652c5821fa55af5,4,RISE,000000000000000000000011111111,204,182,159,/home/zhupl25/chiplet_side_channel/chiplet_gds_data/power_macro/delay_chain/ftc/runs/b_fe_frontend/bfe14_arch1_benign_temp_drift/physical/seed_41016/t_+125C/source_hspice,VALID,22,22,1,1
41016,8da7492d08f89c56aab6bbf8673d3aaeb15003e0163a7592f1fc1c7ab72b18ff,125,a47522d223ca7148c306a44da11f67079a1cfe671bedd6fc8652c5821fa55af5,5,FALL,000000000000000000000011111111,204,182,159,/home/zhupl25/chiplet_side_channel/chiplet_gds_data/power_macro/delay_chain/ftc/runs/b_fe_frontend/bfe14_arch1_benign_temp_drift/physical/seed_41016/t_+125C/source_hspice,VALID,45,45,0,0
41016,8da7492d08f89c56aab6bbf8673d3aaeb15003e0163a7592f1fc1c7ab72b18ff,125,a47522d223ca7148c306a44da11f67079a1cfe671bedd6fc8652c5821fa55af5,6,RISE,000000000000000000000011111111,204,182,159,/home/zhupl25/chiplet_side_channel/chiplet_gds_data/power_macro/delay_chain/ftc/runs/b_fe_frontend/bfe14_arch1_benign_temp_drift/physical/seed_41016/t_+125C/source_hspice,VALID,22,22,1,1
41016,8da7492d08f89c56aab6bbf8673d3aaeb15003e0163a7592f1fc1c7ab72b18ff,125,a47522d223ca7148c306a44da11f67079a1cfe671bedd6fc8652c5821fa55af5,7,FALL,000000000000000000000011111111,204,182,159,/home/zhupl25/chiplet_side_channel/chiplet_gds_data/power_macro/delay_chain/ftc/runs/b_fe_frontend/bfe14_arch1_benign_temp_drift/physical/seed_41016/t_+125C/source_hspice,VALID,45,45,0,0
41016,8da7492d08f89c56aab6bbf8673d3aaeb15003e0163a7592f1fc1c7ab72b18ff,125,a47522d223ca7148c306a44da11f67079a1cfe671bedd6fc8652c5821fa55af5,8,RISE,000000000000000000000011111111,204,182,159,/home/zhupl25/chiplet_side_channel/chiplet_gds_data/power_macro/delay_chain/ftc/runs/b_fe_frontend/bfe14_arch1_benign_temp_drift/physical/seed_41016/t_+125C/source_hspice,VALID,22,22,1,1
41016,8da7492d08f89c56aab6bbf8673d3aaeb15003e0163a7592f1fc1c7ab72b18ff,125,a47522d223ca7148c306a44da11f67079a1cfe671bedd6fc8652c5821fa55af5,9,FALL,000000000000000000000011111111,204,182,159,/home/zhupl25/chiplet_side_channel/chiplet_gds_data/power_macro/delay_chain/ftc/runs/b_fe_frontend/bfe14_arch1_benign_temp_drift/physical/seed_41016/t_+125C/source_hspice,VALID,45,45,0,0
41016,8da7492d08f89c56aab6bbf8673d3aaeb15003e0163a7592f1fc1c7ab72b18ff,125,a47522d223ca7148c306a44da11f67079a1cfe671bedd6fc8652c5821fa55af5,10,RISE,000000000000000000000011111111,204,182,159,/home/zhupl25/chiplet_side_channel/chiplet_gds_data/power_macro/delay_chain/ftc/runs/b_fe_frontend/bfe14_arch1_benign_temp_drift/physical/seed_41016/t_+125C/source_hspice,VALID,22,22,1,1
41016,8da7492d08f89c56aab6bbf8673d3aaeb15003e0163a7592f1fc1c7ab72b18ff,125,a47522d223ca7148c306a44da11f67079a1cfe671bedd6fc8652c5821fa55af5,11,FALL,000000000000000000000001111111,182,182,159,/home/zhupl25/chiplet_side_channel/chiplet_gds_data/power_macro/delay_chain/ftc/runs/b_fe_frontend/bfe14_arch1_benign_temp_drift/physical/seed_41016/t_+125C/source_hspice,VALID,23,23,0,0
41016,8da7492d08f89c56aab6bbf8673d3aaeb15003e0163a7592f1fc1c7ab72b18ff,125,a47522d223ca7148c306a44da11f67079a1cfe671bedd6fc8652c5821fa55af5,12,RISE,000000000000000000000011111111,204,182,159,/home/zhupl25/chiplet_side_channel/chiplet_gds_data/power_macro/delay_chain/ftc/runs/b_fe_frontend/bfe14_arch1_benign_temp_drift/physical/seed_41016/t_+125C/source_hspice,VALID,22,22,1,1
41016,8da7492d08f89c56aab6bbf8673d3aaeb15003e0163a7592f1fc1c7ab72b18ff,125,a47522d223ca7148c306a44da11f67079a1cfe671bedd6fc8652c5821fa55af5,13,FALL,000000000000000000000001111111,182,182,159,/home/zhupl25/chiplet_side_channel/chiplet_gds_data/power_macro/delay_chain/ftc/runs/b_fe_frontend/bfe14_arch1_benign_temp_drift/physical/seed_41016/t_+125C/source_hspice,VALID,23,23,0,0
41016,8da7492d08f89c56aab6bbf8673d3aaeb15003e0163a7592f1fc1c7ab72b18ff,125,a47522d223ca7148c306a44da11f67079a1cfe671bedd6fc8652c5821fa55af5,14,RISE,000000000000000000000011111111,204,182,159,/home/zhupl25/chiplet_side_channel/chiplet_gds_data/power_macro/delay_chain/ftc/runs/b_fe_frontend/bfe14_arch1_benign_temp_drift/physical/seed_41016/t_+125C/source_hspice,VALID,22,22,1,1
41016,8da7492d08f89c56aab6bbf8673d3aaeb15003e0163a7592f1fc1c7ab72b18ff,125,a47522d223ca7148c306a44da11f67079a1cfe671bedd6fc8652c5821fa55af5,15,FALL,000000000000000000000001111111,182,182,159,/home/zhupl25/chiplet_side_channel/chiplet_gds_data/power_macro/delay_chain/ftc/runs/b_fe_frontend/bfe14_arch1_benign_temp_drift/physical/seed_41016/t_+125C/source_hspice,VALID,23,23,0,0
41016,8da7492d08f89c56aab6bbf8673d3aaeb15003e0163a7592f1fc1c7ab72b18ff,125,a47522d223ca7148c306a44da11f67079a1cfe671bedd6fc8652c5821fa55af5,16,RISE,000000000000000000000011111111,204,182,159,/home/zhupl25/chiplet_side_channel/chiplet_gds_data/power_macro/delay_chain/ftc/runs/b_fe_frontend/bfe14_arch1_benign_temp_drift/physical/seed_41016/t_+125C/source_hspice,VALID,22,22,1,1
41016,8da7492d08f89c56aab6bbf8673d3aaeb15003e0163a7592f1fc1c7ab72b18ff,125,a47522d223ca7148c306a44da11f67079a1cfe671bedd6fc8652c5821fa55af5,17,FALL,000000000000000000000011111111,204,182,159,/home/zhupl25/chiplet_side_channel/chiplet_gds_data/power_macro/delay_chain/ftc/runs/b_fe_frontend/bfe14_arch1_benign_temp_drift/physical/seed_41016/t_+125C/source_hspice,VALID,45,45,0,0
41016,8da7492d08f89c56aab6bbf8673d3aaeb15003e0163a7592f1fc1c7ab72b18ff,125,a47522d223ca7148c306a44da11f67079a1cfe671bedd6fc8652c5821fa55af5,18,RISE,000000000000000000000011111111,204,182,159,/home/zhupl25/chiplet_side_channel/chiplet_gds_data/power_macro/delay_chain/ftc/runs/b_fe_frontend/bfe14_arch1_benign_temp_drift/physical/seed_41016/t_+125C/source_hspice,VALID,22,22,1,1
41016,8da7492d08f89c56aab6bbf8673d3aaeb15003e0163a7592f1fc1c7ab72b18ff,125,a47522d223ca7148c306a44da11f67079a1cfe671bedd6fc8652c5821fa55af5,19,FALL,000000000000000000000001111111,182,182,159,/home/zhupl25/chiplet_side_channel/chiplet_gds_data/power_macro/delay_chain/ftc/runs/b_fe_frontend/bfe14_arch1_benign_temp_drift/physical/seed_41016/t_+125C/source_hspice,VALID,23,23,0,0
41016,8da7492d08f89c56aab6bbf8673d3aaeb15003e0163a7592f1fc1c7ab72b18ff,125,a47522d223ca7148c306a44da11f67079a1cfe671bedd6fc8652c5821fa55af5,20,RISE,000000000000000000000001111111,182,182,159,/home/zhupl25/chiplet_side_channel/chiplet_gds_data/power_macro/delay_chain/ftc/runs/b_fe_frontend/bfe14_arch1_benign_temp_drift/physical/seed_41016/t_+125C/source_hspice,VALID,0,0,0,0
41016,8da7492d08f89c56aab6bbf8673d3aaeb15003e0163a7592f1fc1c7ab72b18ff,125,a47522d223ca7148c306a44da11f67079a1cfe671bedd6fc8652c5821fa55af5,21,FALL,000000000000000000000001111111,182,182,159,/home/zhupl25/chiplet_side_channel/chiplet_gds_data/power_macro/delay_chain/ftc/runs/b_fe_frontend/bfe14_arch1_benign_temp_drift/physical/seed_41016/t_+125C/source_hspice,VALID,23,23,0,0
41016,8da7492d08f89c56aab6bbf8673d3aaeb15003e0163a7592f1fc1c7ab72b18ff,125,a47522d223ca7148c306a44da11f67079a1cfe671bedd6fc8652c5821fa55af5,22,RISE,000000000000000000000011111111,204,182,159,/home/zhupl25/chiplet_side_channel/chiplet_gds_data/power_macro/delay_chain/ftc/runs/b_fe_frontend/bfe14_arch1_benign_temp_drift/physical/seed_41016/t_+125C/source_hspice,VALID,22,22,1,1
41016,8da7492d08f89c56aab6bbf8673d3aaeb15003e0163a7592f1fc1c7ab72b18ff,125,a47522d223ca7148c306a44da11f67079a1cfe671bedd6fc8652c5821fa55af5,23,FALL,000000000000000000000011111111,204,182,159,/home/zhupl25/chiplet_side_channel/chiplet_gds_data/power_macro/delay_chain/ftc/runs/b_fe_frontend/bfe14_arch1_benign_temp_drift/physical/seed_41016/t_+125C/source_hspice,VALID,45,45,0,0
41017,f2b93d5ff1c3ba28cccfba450f6ea33efdad1cea9d8ad1c6cf167fd71751bd55,-40,a47522d223ca7148c306a44da11f67079a1cfe671bedd6fc8652c5821fa55af5,0,RISE,000000000000000000000001111111,182,198,170,/home/zhupl25/chiplet_side_channel/chiplet_gds_data/power_macro/delay_chain/ftc/runs/b_fe_frontend/bfe14_arch1_benign_temp_drift/physical/seed_41017/t_-040C/source_hspice,VALID,-16,16,0,0
41017,f2b93d5ff1c3ba28cccfba450f6ea33efdad1cea9d8ad1c6cf167fd71751bd55,-40,a47522d223ca7148c306a44da11f67079a1cfe671bedd6fc8652c5821fa55af5,1,FALL,000000000000000000000000111111,159,198,170,/home/zhupl25/chiplet_side_channel/chiplet_gds_data/power_macro/delay_chain/ftc/runs/b_fe_frontend/bfe14_arch1_benign_temp_drift/physical/seed_41017/t_-040C/source_hspice,VALID,-11,11,0,0
41017,f2b93d5ff1c3ba28cccfba450f6ea33efdad1cea9d8ad1c6cf167fd71751bd55,-40,a47522d223ca7148c306a44da11f67079a1cfe671bedd6fc8652c5821fa55af5,2,RISE,000000000000000000000001111111,182,198,170,/home/zhupl25/chiplet_side_channel/chiplet_gds_data/power_macro/delay_chain/ftc/runs/b_fe_frontend/bfe14_arch1_benign_temp_drift/physical/seed_41017/t_-040C/source_hspice,VALID,-16,16,0,0
41017,f2b93d5ff1c3ba28cccfba450f6ea33efdad1cea9d8ad1c6cf167fd71751bd55,-40,a47522d223ca7148c306a44da11f67079a1cfe671bedd6fc8652c5821fa55af5,3,FALL,000000000000000000000000011111,135,198,170,/home/zhupl25/chiplet_side_channel/chiplet_gds_data/power_macro/delay_chain/ftc/runs/b_fe_frontend/bfe14_arch1_benign_temp_drift/physical/seed_41017/t_-040C/source_hspice,VALID,-35,35,0,0
41017,f2b93d5ff1c3ba28cccfba450f6ea33efdad1cea9d8ad1c6cf167fd71751bd55,-40,a47522d223ca7148c306a44da11f67079a1cfe671bedd6fc8652c5821fa55af5,4,RISE,000000000000000000000001111111,182,198,170,/home/zhupl25/chiplet_side_channel/chiplet_gds_data/power_macro/delay_chain/ftc/runs/b_fe_frontend/bfe14_arch1_benign_temp_drift/physical/seed_41017/t_-040C/source_hspice,VALID,-16,16,0,0
41017,f2b93d5ff1c3ba28cccfba450f6ea33efdad1cea9d8ad1c6cf167fd71751bd55,-40,a47522d223ca7148c306a44da11f67079a1cfe671bedd6fc8652c5821fa55af5,5,FALL,000000000000000000000000111111,159,198,170,/home/zhupl25/chiplet_side_channel/chiplet_gds_data/power_macro/delay_chain/ftc/runs/b_fe_frontend/bfe14_arch1_benign_temp_drift/physical/seed_41017/t_-040C/source_hspice,VALID,-11,11,0,0
41017,f2b93d5ff1c3ba28cccfba450f6ea33efdad1cea9d8ad1c6cf167fd71751bd55,-40,a47522d223ca7148c306a44da11f67079a1cfe671bedd6fc8652c5821fa55af5,6,RISE,000000000000000000000001111111,182,198,170,/home/zhupl25/chiplet_side_channel/chiplet_gds_data/power_macro/delay_chain/ftc/runs/b_fe_frontend/bfe14_arch1_benign_temp_drift/physical/seed_41017/t_-040C/source_hspice,VALID,-16,16,0,0
41017,f2b93d5ff1c3ba28cccfba450f6ea33efdad1cea9d8ad1c6cf167fd71751bd55,-40,a47522d223ca7148c306a44da11f67079a1cfe671bedd6fc8652c5821fa55af5,7,FALL,000000000000000000000000011111,135,198,170,/home/zhupl25/chiplet_side_channel/chiplet_gds_data/power_macro/delay_chain/ftc/runs/b_fe_frontend/bfe14_arch1_benign_temp_drift/physical/seed_41017/t_-040C/source_hspice,VALID,-35,35,0,0
41017,f2b93d5ff1c3ba28cccfba450f6ea33efdad1cea9d8ad1c6cf167fd71751bd55,-40,a47522d223ca7148c306a44da11f67079a1cfe671bedd6fc8652c5821fa55af5,8,RISE,000000000000000000000001111111,182,198,170,/home/zhupl25/chiplet_side_channel/chiplet_gds_data/power_macro/delay_chain/ftc/runs/b_fe_frontend/bfe14_arch1_benign_temp_drift/physical/seed_41017/t_-040C/source_hspice,VALID,-16,16,0,0
41017,f2b93d5ff1c3ba28cccfba450f6ea33efdad1cea9d8ad1c6cf167fd71751bd55,-40,a47522d223ca7148c306a44da11f67079a1cfe671bedd6fc8652c5821fa55af5,9,FALL,000000000000000000000000111111,159,198,170,/home/zhupl25/chiplet_side_channel/chiplet_gds_data/power_macro/delay_chain/ftc/runs/b_fe_frontend/bfe14_arch1_benign_temp_drift/physical/seed_41017/t_-040C/source_hspice,VALID,-11,11,0,0
41017,f2b93d5ff1c3ba28cccfba450f6ea33efdad1cea9d8ad1c6cf167fd71751bd55,-40,a47522d223ca7148c306a44da11f67079a1cfe671bedd6fc8652c5821fa55af5,10,RISE,000000000000000000000001111111,182,198,170,/home/zhupl25/chiplet_side_channel/chiplet_gds_data/power_macro/delay_chain/ftc/runs/b_fe_frontend/bfe14_arch1_benign_temp_drift/physical/seed_41017/t_-040C/source_hspice,VALID,-16,16,0,0
41017,f2b93d5ff1c3ba28cccfba450f6ea33efdad1cea9d8ad1c6cf167fd71751bd55,-40,a47522d223ca7148c306a44da11f67079a1cfe671bedd6fc8652c5821fa55af5,11,FALL,000000000000000000000000011111,135,198,170,/home/zhupl25/chiplet_side_channel/chiplet_gds_data/power_macro/delay_chain/ftc/runs/b_fe_frontend/bfe14_arch1_benign_temp_drift/physical/seed_41017/t_-040C/source_hspice,VALID,-35,35,0,0
41017,f2b93d5ff1c3ba28cccfba450f6ea33efdad1cea9d8ad1c6cf167fd71751bd55,-40,a47522d223ca7148c306a44da11f67079a1cfe671bedd6fc8652c5821fa55af5,12,RISE,000000000000000000000001111111,182,198,170,/home/zhupl25/chiplet_side_channel/chiplet_gds_data/power_macro/delay_chain/ftc/runs/b_fe_frontend/bfe14_arch1_benign_temp_drift/physical/seed_41017/t_-040C/source_hspice,VALID,-16,16,0,0
41017,f2b93d5ff1c3ba28cccfba450f6ea33efdad1cea9d8ad1c6cf167fd71751bd55,-40,a47522d223ca7148c306a44da11f67079a1cfe671bedd6fc8652c5821fa55af5,13,FALL,000000000000000000000000011111,135,198,170,/home/zhupl25/chiplet_side_channel/chiplet_gds_data/power_macro/delay_chain/ftc/runs/b_fe_frontend/bfe14_arch1_benign_temp_drift/physical/seed_41017/t_-040C/source_hspice,VALID,-35,35,0,0
41017,f2b93d5ff1c3ba28cccfba450f6ea33efdad1cea9d8ad1c6cf167fd71751bd55,-40,a47522d223ca7148c306a44da11f67079a1cfe671bedd6fc8652c5821fa55af5,14,RISE,000000000000000000000001111111,182,198,170,/home/zhupl25/chiplet_side_channel/chiplet_gds_data/power_macro/delay_chain/ftc/runs/b_fe_frontend/bfe14_arch1_benign_temp_drift/physical/seed_41017/t_-040C/source_hspice,VALID,-16,16,0,0
41017,f2b93d5ff1c3ba28cccfba450f6ea33efdad1cea9d8ad1c6cf167fd71751bd55,-40,a47522d223ca7148c306a44da11f67079a1cfe671bedd6fc8652c5821fa55af5,15,FALL,000000000000000000000000011111,135,198,170,/home/zhupl25/chiplet_side_channel/chiplet_gds_data/power_macro/delay_chain/ftc/runs/b_fe_frontend/bfe14_arch1_benign_temp_drift/physical/seed_41017/t_-040C/source_hspice,VALID,-35,35,0,0
41017,f2b93d5ff1c3ba28cccfba450f6ea33efdad1cea9d8ad1c6cf167fd71751bd55,-40,a47522d223ca7148c306a44da11f67079a1cfe671bedd6fc8652c5821fa55af5,16,RISE,000000000000000000000001111111,182,198,170,/home/zhupl25/chiplet_side_channel/chiplet_gds_data/power_macro/delay_chain/ftc/runs/b_fe_frontend/bfe14_arch1_benign_temp_drift/physical/seed_41017/t_-040C/source_hspice,VALID,-16,16,0,0
41017,f2b93d5ff1c3ba28cccfba450f6ea33efdad1cea9d8ad1c6cf167fd71751bd55,-40,a47522d223ca7148c306a44da11f67079a1cfe671bedd6fc8652c5821fa55af5,17,FALL,000000000000000000000000111111,159,198,170,/home/zhupl25/chiplet_side_channel/chiplet_gds_data/power_macro/delay_chain/ftc/runs/b_fe_frontend/bfe14_arch1_benign_temp_drift/physical/seed_41017/t_-040C/source_hspice,VALID,-11,11,0,0
41017,f2b93d5ff1c3ba28cccfba450f6ea33efdad1cea9d8ad1c6cf167fd71751bd55,-40,a47522d223ca7148c306a44da11f67079a1cfe671bedd6fc8652c5821fa55af5,18,RISE,000000000000000000000001111111,182,198,170,/home/zhupl25/chiplet_side_channel/chiplet_gds_data/power_macro/delay_chain/ftc/runs/b_fe_frontend/bfe14_arch1_benign_temp_drift/physical/seed_41017/t_-040C/source_hspice,VALID,-16,16,0,0
41017,f2b93d5ff1c3ba28cccfba450f6ea33efdad1cea9d8ad1c6cf167fd71751bd55,-40,a47522d223ca7148c306a44da11f67079a1cfe671bedd6fc8652c5821fa55af5,19,FALL,000000000000000000000000011111,135,198,170,/home/zhupl25/chiplet_side_channel/chiplet_gds_data/power_macro/delay_chain/ftc/runs/b_fe_frontend/bfe14_arch1_benign_temp_drift/physical/seed_41017/t_-040C/source_hspice,VALID,-35,35,0,0
41017,f2b93d5ff1c3ba28cccfba450f6ea33efdad1cea9d8ad1c6cf167fd71751bd55,-40,a47522d223ca7148c306a44da11f67079a1cfe671bedd6fc8652c5821fa55af5,20,RISE,000000000000000000000001111111,182,198,170,/home/zhupl25/chiplet_side_channel/chiplet_gds_data/power_macro/delay_chain/ftc/runs/b_fe_frontend/bfe14_arch1_benign_temp_drift/physical/seed_41017/t_-040C/source_hspice,VALID,-16,16,0,0
41017,f2b93d5ff1c3ba28cccfba450f6ea33efdad1cea9d8ad1c6cf167fd71751bd55,-40,a47522d223ca7148c306a44da11f67079a1cfe671bedd6fc8652c5821fa55af5,21,FALL,000000000000000000000000011111,135,198,170,/home/zhupl25/chiplet_side_channel/chiplet_gds_data/power_macro/delay_chain/ftc/runs/b_fe_frontend/bfe14_arch1_benign_temp_drift/physical/seed_41017/t_-040C/source_hspice,VALID,-35,35,0,0
41017,f2b93d5ff1c3ba28cccfba450f6ea33efdad1cea9d8ad1c6cf167fd71751bd55,-40,a47522d223ca7148c306a44da11f67079a1cfe671bedd6fc8652c5821fa55af5,22,RISE,000000000000000000000001111111,182,198,170,/home/zhupl25/chiplet_side_channel/chiplet_gds_data/power_macro/delay_chain/ftc/runs/b_fe_frontend/bfe14_arch1_benign_temp_drift/physical/seed_41017/t_-040C/source_hspice,VALID,-16,16,0,0
41017,f2b93d5ff1c3ba28cccfba450f6ea33efdad1cea9d8ad1c6cf167fd71751bd55,-40,a47522d223ca7148c306a44da11f67079a1cfe671bedd6fc8652c5821fa55af5,23,FALL,000000000000000000000000011111,135,198,170,/home/zhupl25/chiplet_side_channel/chiplet_gds_data/power_macro/delay_chain/ftc/runs/b_fe_frontend/bfe14_arch1_benign_temp_drift/physical/seed_41017/t_-040C/source_hspice,VALID,-35,35,0,0
41017,f2b93d5ff1c3ba28cccfba450f6ea33efdad1cea9d8ad1c6cf167fd71751bd55,125,a47522d223ca7148c306a44da11f67079a1cfe671bedd6fc8652c5821fa55af5,0,RISE,000000000000000000000111111111,225,198,170,/home/zhupl25/chiplet_side_channel/chiplet_gds_data/power_macro/delay_chain/ftc/runs/b_fe_frontend/bfe14_arch1_benign_temp_drift/physical/seed_41017/t_+125C/source_hspice,VALID,27,27,1,1
41017,f2b93d5ff1c3ba28cccfba450f6ea33efdad1cea9d8ad1c6cf167fd71751bd55,125,a47522d223ca7148c306a44da11f67079a1cfe671bedd6fc8652c5821fa55af5,1,FALL,000000000000000000000011111111,204,198,170,/home/zhupl25/chiplet_side_channel/chiplet_gds_data/power_macro/delay_chain/ftc/runs/b_fe_frontend/bfe14_arch1_benign_temp_drift/physical/seed_41017/t_+125C/source_hspice,VALID,34,34,0,0
41017,f2b93d5ff1c3ba28cccfba450f6ea33efdad1cea9d8ad1c6cf167fd71751bd55,125,a47522d223ca7148c306a44da11f67079a1cfe671bedd6fc8652c5821fa55af5,2,RISE,000000000000000000000111111111,225,198,170,/home/zhupl25/chiplet_side_channel/chiplet_gds_data/power_macro/delay_chain/ftc/runs/b_fe_frontend/bfe14_arch1_benign_temp_drift/physical/seed_41017/t_+125C/source_hspice,VALID,27,27,1,1
41017,f2b93d5ff1c3ba28cccfba450f6ea33efdad1cea9d8ad1c6cf167fd71751bd55,125,a47522d223ca7148c306a44da11f67079a1cfe671bedd6fc8652c5821fa55af5,3,FALL,000000000000000000000011111111,204,198,170,/home/zhupl25/chiplet_side_channel/chiplet_gds_data/power_macro/delay_chain/ftc/runs/b_fe_frontend/bfe14_arch1_benign_temp_drift/physical/seed_41017/t_+125C/source_hspice,VALID,34,34,0,0
41017,f2b93d5ff1c3ba28cccfba450f6ea33efdad1cea9d8ad1c6cf167fd71751bd55,125,a47522d223ca7148c306a44da11f67079a1cfe671bedd6fc8652c5821fa55af5,4,RISE,000000000000000000000111111111,225,198,170,/home/zhupl25/chiplet_side_channel/chiplet_gds_data/power_macro/delay_chain/ftc/runs/b_fe_frontend/bfe14_arch1_benign_temp_drift/physical/seed_41017/t_+125C/source_hspice,VALID,27,27,1,1
41017,f2b93d5ff1c3ba28cccfba450f6ea33efdad1cea9d8ad1c6cf167fd71751bd55,125,a47522d223ca7148c306a44da11f67079a1cfe671bedd6fc8652c5821fa55af5,5,FALL,000000000000000000000011111111,204,198,170,/home/zhupl25/chiplet_side_channel/chiplet_gds_data/power_macro/delay_chain/ftc/runs/b_fe_frontend/bfe14_arch1_benign_temp_drift/physical/seed_41017/t_+125C/source_hspice,VALID,34,34,0,0
41017,f2b93d5ff1c3ba28cccfba450f6ea33efdad1cea9d8ad1c6cf167fd71751bd55,125,a47522d223ca7148c306a44da11f67079a1cfe671bedd6fc8652c5821fa55af5,6,RISE,000000000000000000000011111111,204,198,170,/home/zhupl25/chiplet_side_channel/chiplet_gds_data/power_macro/delay_chain/ftc/runs/b_fe_frontend/bfe14_arch1_benign_temp_drift/physical/seed_41017/t_+125C/source_hspice,VALID,6,6,0,0
41017,f2b93d5ff1c3ba28cccfba450f6ea33efdad1cea9d8ad1c6cf167fd71751bd55,125,a47522d223ca7148c306a44da11f67079a1cfe671bedd6fc8652c5821fa55af5,7,FALL,000000000000000000000011111111,204,198,170,/home/zhupl25/chiplet_side_channel/chiplet_gds_data/power_macro/delay_chain/ftc/runs/b_fe_frontend/bfe14_arch1_benign_temp_drift/physical/seed_41017/t_+125C/source_hspice,VALID,34,34,0,0
41017,f2b93d5ff1c3ba28cccfba450f6ea33efdad1cea9d8ad1c6cf167fd71751bd55,125,a47522d223ca7148c306a44da11f67079a1cfe671bedd6fc8652c5821fa55af5,8,RISE,000000000000000000000011111111,204,198,170,/home/zhupl25/chiplet_side_channel/chiplet_gds_data/power_macro/delay_chain/ftc/runs/b_fe_frontend/bfe14_arch1_benign_temp_drift/physical/seed_41017/t_+125C/source_hspice,VALID,6,6,0,0
41017,f2b93d5ff1c3ba28cccfba450f6ea33efdad1cea9d8ad1c6cf167fd71751bd55,125,a47522d223ca7148c306a44da11f67079a1cfe671bedd6fc8652c5821fa55af5,9,FALL,000000000000000000000011111111,204,198,170,/home/zhupl25/chiplet_side_channel/chiplet_gds_data/power_macro/delay_chain/ftc/runs/b_fe_frontend/bfe14_arch1_benign_temp_drift/physical/seed_41017/t_+125C/source_hspice,VALID,34,34,0,0
41017,f2b93d5ff1c3ba28cccfba450f6ea33efdad1cea9d8ad1c6cf167fd71751bd55,125,a47522d223ca7148c306a44da11f67079a1cfe671bedd6fc8652c5821fa55af5,10,RISE,000000000000000000000111111111,225,198,170,/home/zhupl25/chiplet_side_channel/chiplet_gds_data/power_macro/delay_chain/ftc/runs/b_fe_frontend/bfe14_arch1_benign_temp_drift/physical/seed_41017/t_+125C/source_hspice,VALID,27,27,1,1
41017,f2b93d5ff1c3ba28cccfba450f6ea33efdad1cea9d8ad1c6cf167fd71751bd55,125,a47522d223ca7148c306a44da11f67079a1cfe671bedd6fc8652c5821fa55af5,11,FALL,000000000000000000000011111111,204,198,170,/home/zhupl25/chiplet_side_channel/chiplet_gds_data/power_macro/delay_chain/ftc/runs/b_fe_frontend/bfe14_arch1_benign_temp_drift/physical/seed_41017/t_+125C/source_hspice,VALID,34,34,0,0
41017,f2b93d5ff1c3ba28cccfba450f6ea33efdad1cea9d8ad1c6cf167fd71751bd55,125,a47522d223ca7148c306a44da11f67079a1cfe671bedd6fc8652c5821fa55af5,12,RISE,000000000000000000000011111111,204,198,170,/home/zhupl25/chiplet_side_channel/chiplet_gds_data/power_macro/delay_chain/ftc/runs/b_fe_frontend/bfe14_arch1_benign_temp_drift/physical/seed_41017/t_+125C/source_hspice,VALID,6,6,0,0
41017,f2b93d5ff1c3ba28cccfba450f6ea33efdad1cea9d8ad1c6cf167fd71751bd55,125,a47522d223ca7148c306a44da11f67079a1cfe671bedd6fc8652c5821fa55af5,13,FALL,000000000000000000000011111111,204,198,170,/home/zhupl25/chiplet_side_channel/chiplet_gds_data/power_macro/delay_chain/ftc/runs/b_fe_frontend/bfe14_arch1_benign_temp_drift/physical/seed_41017/t_+125C/source_hspice,VALID,34,34,0,0
41017,f2b93d5ff1c3ba28cccfba450f6ea33efdad1cea9d8ad1c6cf167fd71751bd55,125,a47522d223ca7148c306a44da11f67079a1cfe671bedd6fc8652c5821fa55af5,14,RISE,000000000000000000000011111111,204,198,170,/home/zhupl25/chiplet_side_channel/chiplet_gds_data/power_macro/delay_chain/ftc/runs/b_fe_frontend/bfe14_arch1_benign_temp_drift/physical/seed_41017/t_+125C/source_hspice,VALID,6,6,0,0
41017,f2b93d5ff1c3ba28cccfba450f6ea33efdad1cea9d8ad1c6cf167fd71751bd55,125,a47522d223ca7148c306a44da11f67079a1cfe671bedd6fc8652c5821fa55af5,15,FALL,000000000000000000000011111111,204,198,170,/home/zhupl25/chiplet_side_channel/chiplet_gds_data/power_macro/delay_chain/ftc/runs/b_fe_frontend/bfe14_arch1_benign_temp_drift/physical/seed_41017/t_+125C/source_hspice,VALID,34,34,0,0
41017,f2b93d5ff1c3ba28cccfba450f6ea33efdad1cea9d8ad1c6cf167fd71751bd55,125,a47522d223ca7148c306a44da11f67079a1cfe671bedd6fc8652c5821fa55af5,16,RISE,000000000000000000000011111111,204,198,170,/home/zhupl25/chiplet_side_channel/chiplet_gds_data/power_macro/delay_chain/ftc/runs/b_fe_frontend/bfe14_arch1_benign_temp_drift/physical/seed_41017/t_+125C/source_hspice,VALID,6,6,0,0
41017,f2b93d5ff1c3ba28cccfba450f6ea33efdad1cea9d8ad1c6cf167fd71751bd55,125,a47522d223ca7148c306a44da11f67079a1cfe671bedd6fc8652c5821fa55af5,17,FALL,000000000000000000000011111111,204,198,170,/home/zhupl25/chiplet_side_channel/chiplet_gds_data/power_macro/delay_chain/ftc/runs/b_fe_frontend/bfe14_arch1_benign_temp_drift/physical/seed_41017/t_+125C/source_hspice,VALID,34,34,0,0
41017,f2b93d5ff1c3ba28cccfba450f6ea33efdad1cea9d8ad1c6cf167fd71751bd55,125,a47522d223ca7148c306a44da11f67079a1cfe671bedd6fc8652c5821fa55af5,18,RISE,000000000000000000000011111111,204,198,170,/home/zhupl25/chiplet_side_channel/chiplet_gds_data/power_macro/delay_chain/ftc/runs/b_fe_frontend/bfe14_arch1_benign_temp_drift/physical/seed_41017/t_+125C/source_hspice,VALID,6,6,0,0
41017,f2b93d5ff1c3ba28cccfba450f6ea33efdad1cea9d8ad1c6cf167fd71751bd55,125,a47522d223ca7148c306a44da11f67079a1cfe671bedd6fc8652c5821fa55af5,19,FALL,000000000000000000000011111111,204,198,170,/home/zhupl25/chiplet_side_channel/chiplet_gds_data/power_macro/delay_chain/ftc/runs/b_fe_frontend/bfe14_arch1_benign_temp_drift/physical/seed_41017/t_+125C/source_hspice,VALID,34,34,0,0
41017,f2b93d5ff1c3ba28cccfba450f6ea33efdad1cea9d8ad1c6cf167fd71751bd55,125,a47522d223ca7148c306a44da11f67079a1cfe671bedd6fc8652c5821fa55af5,20,RISE,000000000000000000000011111111,204,198,170,/home/zhupl25/chiplet_side_channel/chiplet_gds_data/power_macro/delay_chain/ftc/runs/b_fe_frontend/bfe14_arch1_benign_temp_drift/physical/seed_41017/t_+125C/source_hspice,VALID,6,6,0,0
41017,f2b93d5ff1c3ba28cccfba450f6ea33efdad1cea9d8ad1c6cf167fd71751bd55,125,a47522d223ca7148c306a44da11f67079a1cfe671bedd6fc8652c5821fa55af5,21,FALL,000000000000000000000001111111,182,198,170,/home/zhupl25/chiplet_side_channel/chiplet_gds_data/power_macro/delay_chain/ftc/runs/b_fe_frontend/bfe14_arch1_benign_temp_drift/physical/seed_41017/t_+125C/source_hspice,VALID,12,12,0,0
41017,f2b93d5ff1c3ba28cccfba450f6ea33efdad1cea9d8ad1c6cf167fd71751bd55,125,a47522d223ca7148c306a44da11f67079a1cfe671bedd6fc8652c5821fa55af5,22,RISE,000000000000000000000111111111,225,198,170,/home/zhupl25/chiplet_side_channel/chiplet_gds_data/power_macro/delay_chain/ftc/runs/b_fe_frontend/bfe14_arch1_benign_temp_drift/physical/seed_41017/t_+125C/source_hspice,VALID,27,27,1,1
41017,f2b93d5ff1c3ba28cccfba450f6ea33efdad1cea9d8ad1c6cf167fd71751bd55,125,a47522d223ca7148c306a44da11f67079a1cfe671bedd6fc8652c5821fa55af5,23,FALL,000000000000000000000011111111,204,198,170,/home/zhupl25/chiplet_side_channel/chiplet_gds_data/power_macro/delay_chain/ftc/runs/b_fe_frontend/bfe14_arch1_benign_temp_drift/physical/seed_41017/t_+125C/source_hspice,VALID,34,34,0,0
41018,f4f901fc83162b4a630f2e5760f01562402a733ac6ae5c0575d3c83d3a6dbb76,-40,a47522d223ca7148c306a44da11f67079a1cfe671bedd6fc8652c5821fa55af5,0,RISE,000000000000000000000011111111,204,219,193,/home/zhupl25/chiplet_side_channel/chiplet_gds_data/power_macro/delay_chain/ftc/runs/b_fe_frontend/bfe14_arch1_benign_temp_drift/physical/seed_41018/t_-040C/source_hspice,VALID,-15,15,0,0
41018,f4f901fc83162b4a630f2e5760f01562402a733ac6ae5c0575d3c83d3a6dbb76,-40,a47522d223ca7148c306a44da11f67079a1cfe671bedd6fc8652c5821fa55af5,1,FALL,000000000000000000000001111111,182,219,193,/home/zhupl25/chiplet_side_channel/chiplet_gds_data/power_macro/delay_chain/ftc/runs/b_fe_frontend/bfe14_arch1_benign_temp_drift/physical/seed_41018/t_-040C/source_hspice,VALID,-11,11,0,0
41018,f4f901fc83162b4a630f2e5760f01562402a733ac6ae5c0575d3c83d3a6dbb76,-40,a47522d223ca7148c306a44da11f67079a1cfe671bedd6fc8652c5821fa55af5,2,RISE,000000000000000000000011111111,204,219,193,/home/zhupl25/chiplet_side_channel/chiplet_gds_data/power_macro/delay_chain/ftc/runs/b_fe_frontend/bfe14_arch1_benign_temp_drift/physical/seed_41018/t_-040C/source_hspice,VALID,-15,15,0,0
41018,f4f901fc83162b4a630f2e5760f01562402a733ac6ae5c0575d3c83d3a6dbb76,-40,a47522d223ca7148c306a44da11f67079a1cfe671bedd6fc8652c5821fa55af5,3,FALL,000000000000000000000001111111,182,219,193,/home/zhupl25/chiplet_side_channel/chiplet_gds_data/power_macro/delay_chain/ftc/runs/b_fe_frontend/bfe14_arch1_benign_temp_drift/physical/seed_41018/t_-040C/source_hspice,VALID,-11,11,0,0
41018,f4f901fc83162b4a630f2e5760f01562402a733ac6ae5c0575d3c83d3a6dbb76,-40,a47522d223ca7148c306a44da11f67079a1cfe671bedd6fc8652c5821fa55af5,4,RISE,000000000000000000000011111111,204,219,193,/home/zhupl25/chiplet_side_channel/chiplet_gds_data/power_macro/delay_chain/ftc/runs/b_fe_frontend/bfe14_arch1_benign_temp_drift/physical/seed_41018/t_-040C/source_hspice,VALID,-15,15,0,0
41018,f4f901fc83162b4a630f2e5760f01562402a733ac6ae5c0575d3c83d3a6dbb76,-40,a47522d223ca7148c306a44da11f67079a1cfe671bedd6fc8652c5821fa55af5,5,FALL,000000000000000000000001111111,182,219,193,/home/zhupl25/chiplet_side_channel/chiplet_gds_data/power_macro/delay_chain/ftc/runs/b_fe_frontend/bfe14_arch1_benign_temp_drift/physical/seed_41018/t_-040C/source_hspice,VALID,-11,11,0,0
41018,f4f901fc83162b4a630f2e5760f01562402a733ac6ae5c0575d3c83d3a6dbb76,-40,a47522d223ca7148c306a44da11f67079a1cfe671bedd6fc8652c5821fa55af5,6,RISE,000000000000000000000011111111,204,219,193,/home/zhupl25/chiplet_side_channel/chiplet_gds_data/power_macro/delay_chain/ftc/runs/b_fe_frontend/bfe14_arch1_benign_temp_drift/physical/seed_41018/t_-040C/source_hspice,VALID,-15,15,0,0
41018,f4f901fc83162b4a630f2e5760f01562402a733ac6ae5c0575d3c83d3a6dbb76,-40,a47522d223ca7148c306a44da11f67079a1cfe671bedd6fc8652c5821fa55af5,7,FALL,000000000000000000000001111111,182,219,193,/home/zhupl25/chiplet_side_channel/chiplet_gds_data/power_macro/delay_chain/ftc/runs/b_fe_frontend/bfe14_arch1_benign_temp_drift/physical/seed_41018/t_-040C/source_hspice,VALID,-11,11,0,0
41018,f4f901fc83162b4a630f2e5760f01562402a733ac6ae5c0575d3c83d3a6dbb76,-40,a47522d223ca7148c306a44da11f67079a1cfe671bedd6fc8652c5821fa55af5,8,RISE,000000000000000000000011111111,204,219,193,/home/zhupl25/chiplet_side_channel/chiplet_gds_data/power_macro/delay_chain/ftc/runs/b_fe_frontend/bfe14_arch1_benign_temp_drift/physical/seed_41018/t_-040C/source_hspice,VALID,-15,15,0,0
41018,f4f901fc83162b4a630f2e5760f01562402a733ac6ae5c0575d3c83d3a6dbb76,-40,a47522d223ca7148c306a44da11f67079a1cfe671bedd6fc8652c5821fa55af5,9,FALL,000000000000000000000001111111,182,219,193,/home/zhupl25/chiplet_side_channel/chiplet_gds_data/power_macro/delay_chain/ftc/runs/b_fe_frontend/bfe14_arch1_benign_temp_drift/physical/seed_41018/t_-040C/source_hspice,VALID,-11,11,0,0
41018,f4f901fc83162b4a630f2e5760f01562402a733ac6ae5c0575d3c83d3a6dbb76,-40,a47522d223ca7148c306a44da11f67079a1cfe671bedd6fc8652c5821fa55af5,10,RISE,000000000000000000000011111111,204,219,193,/home/zhupl25/chiplet_side_channel/chiplet_gds_data/power_macro/delay_chain/ftc/runs/b_fe_frontend/bfe14_arch1_benign_temp_drift/physical/seed_41018/t_-040C/source_hspice,VALID,-15,15,0,0
41018,f4f901fc83162b4a630f2e5760f01562402a733ac6ae5c0575d3c83d3a6dbb76,-40,a47522d223ca7148c306a44da11f67079a1cfe671bedd6fc8652c5821fa55af5,11,FALL,000000000000000000000001111111,182,219,193,/home/zhupl25/chiplet_side_channel/chiplet_gds_data/power_macro/delay_chain/ftc/runs/b_fe_frontend/bfe14_arch1_benign_temp_drift/physical/seed_41018/t_-040C/source_hspice,VALID,-11,11,0,0
41018,f4f901fc83162b4a630f2e5760f01562402a733ac6ae5c0575d3c83d3a6dbb76,-40,a47522d223ca7148c306a44da11f67079a1cfe671bedd6fc8652c5821fa55af5,12,RISE,000000000000000000000011111111,204,219,193,/home/zhupl25/chiplet_side_channel/chiplet_gds_data/power_macro/delay_chain/ftc/runs/b_fe_frontend/bfe14_arch1_benign_temp_drift/physical/seed_41018/t_-040C/source_hspice,VALID,-15,15,0,0
41018,f4f901fc83162b4a630f2e5760f01562402a733ac6ae5c0575d3c83d3a6dbb76,-40,a47522d223ca7148c306a44da11f67079a1cfe671bedd6fc8652c5821fa55af5,13,FALL,000000000000000000000001111111,182,219,193,/home/zhupl25/chiplet_side_channel/chiplet_gds_data/power_macro/delay_chain/ftc/runs/b_fe_frontend/bfe14_arch1_benign_temp_drift/physical/seed_41018/t_-040C/source_hspice,VALID,-11,11,0,0
41018,f4f901fc83162b4a630f2e5760f01562402a733ac6ae5c0575d3c83d3a6dbb76,-40,a47522d223ca7148c306a44da11f67079a1cfe671bedd6fc8652c5821fa55af5,14,RISE,000000000000000000000011111111,204,219,193,/home/zhupl25/chiplet_side_channel/chiplet_gds_data/power_macro/delay_chain/ftc/runs/b_fe_frontend/bfe14_arch1_benign_temp_drift/physical/seed_41018/t_-040C/source_hspice,VALID,-15,15,0,0
41018,f4f901fc83162b4a630f2e5760f01562402a733ac6ae5c0575d3c83d3a6dbb76,-40,a47522d223ca7148c306a44da11f67079a1cfe671bedd6fc8652c5821fa55af5,15,FALL,000000000000000000000001111111,182,219,193,/home/zhupl25/chiplet_side_channel/chiplet_gds_data/power_macro/delay_chain/ftc/runs/b_fe_frontend/bfe14_arch1_benign_temp_drift/physical/seed_41018/t_-040C/source_hspice,VALID,-11,11,0,0
41018,f4f901fc83162b4a630f2e5760f01562402a733ac6ae5c0575d3c83d3a6dbb76,-40,a47522d223ca7148c306a44da11f67079a1cfe671bedd6fc8652c5821fa55af5,16,RISE,000000000000000000000011111111,204,219,193,/home/zhupl25/chiplet_side_channel/chiplet_gds_data/power_macro/delay_chain/ftc/runs/b_fe_frontend/bfe14_arch1_benign_temp_drift/physical/seed_41018/t_-040C/source_hspice,VALID,-15,15,0,0
41018,f4f901fc83162b4a630f2e5760f01562402a733ac6ae5c0575d3c83d3a6dbb76,-40,a47522d223ca7148c306a44da11f67079a1cfe671bedd6fc8652c5821fa55af5,17,FALL,000000000000000000000001111111,182,219,193,/home/zhupl25/chiplet_side_channel/chiplet_gds_data/power_macro/delay_chain/ftc/runs/b_fe_frontend/bfe14_arch1_benign_temp_drift/physical/seed_41018/t_-040C/source_hspice,VALID,-11,11,0,0
41018,f4f901fc83162b4a630f2e5760f01562402a733ac6ae5c0575d3c83d3a6dbb76,-40,a47522d223ca7148c306a44da11f67079a1cfe671bedd6fc8652c5821fa55af5,18,RISE,000000000000000000000011111111,204,219,193,/home/zhupl25/chiplet_side_channel/chiplet_gds_data/power_macro/delay_chain/ftc/runs/b_fe_frontend/bfe14_arch1_benign_temp_drift/physical/seed_41018/t_-040C/source_hspice,VALID,-15,15,0,0
41018,f4f901fc83162b4a630f2e5760f01562402a733ac6ae5c0575d3c83d3a6dbb76,-40,a47522d223ca7148c306a44da11f67079a1cfe671bedd6fc8652c5821fa55af5,19,FALL,000000000000000000000001111111,182,219,193,/home/zhupl25/chiplet_side_channel/chiplet_gds_data/power_macro/delay_chain/ftc/runs/b_fe_frontend/bfe14_arch1_benign_temp_drift/physical/seed_41018/t_-040C/source_hspice,VALID,-11,11,0,0
41018,f4f901fc83162b4a630f2e5760f01562402a733ac6ae5c0575d3c83d3a6dbb76,-40,a47522d223ca7148c306a44da11f67079a1cfe671bedd6fc8652c5821fa55af5,20,RISE,000000000000000000000011111111,204,219,193,/home/zhupl25/chiplet_side_channel/chiplet_gds_data/power_macro/delay_chain/ftc/runs/b_fe_frontend/bfe14_arch1_benign_temp_drift/physical/seed_41018/t_-040C/source_hspice,VALID,-15,15,0,0
41018,f4f901fc83162b4a630f2e5760f01562402a733ac6ae5c0575d3c83d3a6dbb76,-40,a47522d223ca7148c306a44da11f67079a1cfe671bedd6fc8652c5821fa55af5,21,FALL,000000000000000000000000111111,159,219,193,/home/zhupl25/chiplet_side_channel/chiplet_gds_data/power_macro/delay_chain/ftc/runs/b_fe_frontend/bfe14_arch1_benign_temp_drift/physical/seed_41018/t_-040C/source_hspice,VALID,-34,34,0,0
41018,f4f901fc83162b4a630f2e5760f01562402a733ac6ae5c0575d3c83d3a6dbb76,-40,a47522d223ca7148c306a44da11f67079a1cfe671bedd6fc8652c5821fa55af5,22,RISE,000000000000000000000011111111,204,219,193,/home/zhupl25/chiplet_side_channel/chiplet_gds_data/power_macro/delay_chain/ftc/runs/b_fe_frontend/bfe14_arch1_benign_temp_drift/physical/seed_41018/t_-040C/source_hspice,VALID,-15,15,0,0
41018,f4f901fc83162b4a630f2e5760f01562402a733ac6ae5c0575d3c83d3a6dbb76,-40,a47522d223ca7148c306a44da11f67079a1cfe671bedd6fc8652c5821fa55af5,23,FALL,000000000000000000000001111111,182,219,193,/home/zhupl25/chiplet_side_channel/chiplet_gds_data/power_macro/delay_chain/ftc/runs/b_fe_frontend/bfe14_arch1_benign_temp_drift/physical/seed_41018/t_-040C/source_hspice,VALID,-11,11,0,0
41018,f4f901fc83162b4a630f2e5760f01562402a733ac6ae5c0575d3c83d3a6dbb76,125,a47522d223ca7148c306a44da11f67079a1cfe671bedd6fc8652c5821fa55af5,0,RISE,000000000000000000000111111111,225,219,193,/home/zhupl25/chiplet_side_channel/chiplet_gds_data/power_macro/delay_chain/ftc/runs/b_fe_frontend/bfe14_arch1_benign_temp_drift/physical/seed_41018/t_+125C/source_hspice,VALID,6,6,0,0
41018,f4f901fc83162b4a630f2e5760f01562402a733ac6ae5c0575d3c83d3a6dbb76,125,a47522d223ca7148c306a44da11f67079a1cfe671bedd6fc8652c5821fa55af5,1,FALL,000000000000000000000111111111,225,219,193,/home/zhupl25/chiplet_side_channel/chiplet_gds_data/power_macro/delay_chain/ftc/runs/b_fe_frontend/bfe14_arch1_benign_temp_drift/physical/seed_41018/t_+125C/source_hspice,VALID,32,32,0,0
41018,f4f901fc83162b4a630f2e5760f01562402a733ac6ae5c0575d3c83d3a6dbb76,125,a47522d223ca7148c306a44da11f67079a1cfe671bedd6fc8652c5821fa55af5,2,RISE,000000000000000000000111111111,225,219,193,/home/zhupl25/chiplet_side_channel/chiplet_gds_data/power_macro/delay_chain/ftc/runs/b_fe_frontend/bfe14_arch1_benign_temp_drift/physical/seed_41018/t_+125C/source_hspice,VALID,6,6,0,0
41018,f4f901fc83162b4a630f2e5760f01562402a733ac6ae5c0575d3c83d3a6dbb76,125,a47522d223ca7148c306a44da11f67079a1cfe671bedd6fc8652c5821fa55af5,3,FALL,000000000000000000000011111111,204,219,193,/home/zhupl25/chiplet_side_channel/chiplet_gds_data/power_macro/delay_chain/ftc/runs/b_fe_frontend/bfe14_arch1_benign_temp_drift/physical/seed_41018/t_+125C/source_hspice,VALID,11,11,0,0
41018,f4f901fc83162b4a630f2e5760f01562402a733ac6ae5c0575d3c83d3a6dbb76,125,a47522d223ca7148c306a44da11f67079a1cfe671bedd6fc8652c5821fa55af5,4,RISE,000000000000000000000111111111,225,219,193,/home/zhupl25/chiplet_side_channel/chiplet_gds_data/power_macro/delay_chain/ftc/runs/b_fe_frontend/bfe14_arch1_benign_temp_drift/physical/seed_41018/t_+125C/source_hspice,VALID,6,6,0,0
41018,f4f901fc83162b4a630f2e5760f01562402a733ac6ae5c0575d3c83d3a6dbb76,125,a47522d223ca7148c306a44da11f67079a1cfe671bedd6fc8652c5821fa55af5,5,FALL,000000000000000000000111111111,225,219,193,/home/zhupl25/chiplet_side_channel/chiplet_gds_data/power_macro/delay_chain/ftc/runs/b_fe_frontend/bfe14_arch1_benign_temp_drift/physical/seed_41018/t_+125C/source_hspice,VALID,32,32,0,0
41018,f4f901fc83162b4a630f2e5760f01562402a733ac6ae5c0575d3c83d3a6dbb76,125,a47522d223ca7148c306a44da11f67079a1cfe671bedd6fc8652c5821fa55af5,6,RISE,000000000000000000000111111111,225,219,193,/home/zhupl25/chiplet_side_channel/chiplet_gds_data/power_macro/delay_chain/ftc/runs/b_fe_frontend/bfe14_arch1_benign_temp_drift/physical/seed_41018/t_+125C/source_hspice,VALID,6,6,0,0
41018,f4f901fc83162b4a630f2e5760f01562402a733ac6ae5c0575d3c83d3a6dbb76,125,a47522d223ca7148c306a44da11f67079a1cfe671bedd6fc8652c5821fa55af5,7,FALL,000000000000000000000011111111,204,219,193,/home/zhupl25/chiplet_side_channel/chiplet_gds_data/power_macro/delay_chain/ftc/runs/b_fe_frontend/bfe14_arch1_benign_temp_drift/physical/seed_41018/t_+125C/source_hspice,VALID,11,11,0,0
41018,f4f901fc83162b4a630f2e5760f01562402a733ac6ae5c0575d3c83d3a6dbb76,125,a47522d223ca7148c306a44da11f67079a1cfe671bedd6fc8652c5821fa55af5,8,RISE,000000000000000000000111111111,225,219,193,/home/zhupl25/chiplet_side_channel/chiplet_gds_data/power_macro/delay_chain/ftc/runs/b_fe_frontend/bfe14_arch1_benign_temp_drift/physical/seed_41018/t_+125C/source_hspice,VALID,6,6,0,0
41018,f4f901fc83162b4a630f2e5760f01562402a733ac6ae5c0575d3c83d3a6dbb76,125,a47522d223ca7148c306a44da11f67079a1cfe671bedd6fc8652c5821fa55af5,9,FALL,000000000000000000000111111111,225,219,193,/home/zhupl25/chiplet_side_channel/chiplet_gds_data/power_macro/delay_chain/ftc/runs/b_fe_frontend/bfe14_arch1_benign_temp_drift/physical/seed_41018/t_+125C/source_hspice,VALID,32,32,0,0
41018,f4f901fc83162b4a630f2e5760f01562402a733ac6ae5c0575d3c83d3a6dbb76,125,a47522d223ca7148c306a44da11f67079a1cfe671bedd6fc8652c5821fa55af5,10,RISE,000000000000000000000111111111,225,219,193,/home/zhupl25/chiplet_side_channel/chiplet_gds_data/power_macro/delay_chain/ftc/runs/b_fe_frontend/bfe14_arch1_benign_temp_drift/physical/seed_41018/t_+125C/source_hspice,VALID,6,6,0,0
41018,f4f901fc83162b4a630f2e5760f01562402a733ac6ae5c0575d3c83d3a6dbb76,125,a47522d223ca7148c306a44da11f67079a1cfe671bedd6fc8652c5821fa55af5,11,FALL,000000000000000000000011111111,204,219,193,/home/zhupl25/chiplet_side_channel/chiplet_gds_data/power_macro/delay_chain/ftc/runs/b_fe_frontend/bfe14_arch1_benign_temp_drift/physical/seed_41018/t_+125C/source_hspice,VALID,11,11,0,0
41018,f4f901fc83162b4a630f2e5760f01562402a733ac6ae5c0575d3c83d3a6dbb76,125,a47522d223ca7148c306a44da11f67079a1cfe671bedd6fc8652c5821fa55af5,12,RISE,000000000000000000000111111111,225,219,193,/home/zhupl25/chiplet_side_channel/chiplet_gds_data/power_macro/delay_chain/ftc/runs/b_fe_frontend/bfe14_arch1_benign_temp_drift/physical/seed_41018/t_+125C/source_hspice,VALID,6,6,0,0
41018,f4f901fc83162b4a630f2e5760f01562402a733ac6ae5c0575d3c83d3a6dbb76,125,a47522d223ca7148c306a44da11f67079a1cfe671bedd6fc8652c5821fa55af5,13,FALL,000000000000000000000011111111,204,219,193,/home/zhupl25/chiplet_side_channel/chiplet_gds_data/power_macro/delay_chain/ftc/runs/b_fe_frontend/bfe14_arch1_benign_temp_drift/physical/seed_41018/t_+125C/source_hspice,VALID,11,11,0,0
41018,f4f901fc83162b4a630f2e5760f01562402a733ac6ae5c0575d3c83d3a6dbb76,125,a47522d223ca7148c306a44da11f67079a1cfe671bedd6fc8652c5821fa55af5,14,RISE,000000000000000000000111111111,225,219,193,/home/zhupl25/chiplet_side_channel/chiplet_gds_data/power_macro/delay_chain/ftc/runs/b_fe_frontend/bfe14_arch1_benign_temp_drift/physical/seed_41018/t_+125C/source_hspice,VALID,6,6,0,0
41018,f4f901fc83162b4a630f2e5760f01562402a733ac6ae5c0575d3c83d3a6dbb76,125,a47522d223ca7148c306a44da11f67079a1cfe671bedd6fc8652c5821fa55af5,15,FALL,000000000000000000000011111111,204,219,193,/home/zhupl25/chiplet_side_channel/chiplet_gds_data/power_macro/delay_chain/ftc/runs/b_fe_frontend/bfe14_arch1_benign_temp_drift/physical/seed_41018/t_+125C/source_hspice,VALID,11,11,0,0
41018,f4f901fc83162b4a630f2e5760f01562402a733ac6ae5c0575d3c83d3a6dbb76,125,a47522d223ca7148c306a44da11f67079a1cfe671bedd6fc8652c5821fa55af5,16,RISE,000000000000000000000111111111,225,219,193,/home/zhupl25/chiplet_side_channel/chiplet_gds_data/power_macro/delay_chain/ftc/runs/b_fe_frontend/bfe14_arch1_benign_temp_drift/physical/seed_41018/t_+125C/source_hspice,VALID,6,6,0,0
41018,f4f901fc83162b4a630f2e5760f01562402a733ac6ae5c0575d3c83d3a6dbb76,125,a47522d223ca7148c306a44da11f67079a1cfe671bedd6fc8652c5821fa55af5,17,FALL,000000000000000000000111111111,225,219,193,/home/zhupl25/chiplet_side_channel/chiplet_gds_data/power_macro/delay_chain/ftc/runs/b_fe_frontend/bfe14_arch1_benign_temp_drift/physical/seed_41018/t_+125C/source_hspice,VALID,32,32,0,0
41018,f4f901fc83162b4a630f2e5760f01562402a733ac6ae5c0575d3c83d3a6dbb76,125,a47522d223ca7148c306a44da11f67079a1cfe671bedd6fc8652c5821fa55af5,18,RISE,000000000000000000000111111111,225,219,193,/home/zhupl25/chiplet_side_channel/chiplet_gds_data/power_macro/delay_chain/ftc/runs/b_fe_frontend/bfe14_arch1_benign_temp_drift/physical/seed_41018/t_+125C/source_hspice,VALID,6,6,0,0
41018,f4f901fc83162b4a630f2e5760f01562402a733ac6ae5c0575d3c83d3a6dbb76,125,a47522d223ca7148c306a44da11f67079a1cfe671bedd6fc8652c5821fa55af5,19,FALL,000000000000000000000011111111,204,219,193,/home/zhupl25/chiplet_side_channel/chiplet_gds_data/power_macro/delay_chain/ftc/runs/b_fe_frontend/bfe14_arch1_benign_temp_drift/physical/seed_41018/t_+125C/source_hspice,VALID,11,11,0,0
41018,f4f901fc83162b4a630f2e5760f01562402a733ac6ae5c0575d3c83d3a6dbb76,125,a47522d223ca7148c306a44da11f67079a1cfe671bedd6fc8652c5821fa55af5,20,RISE,000000000000000000000111111111,225,219,193,/home/zhupl25/chiplet_side_channel/chiplet_gds_data/power_macro/delay_chain/ftc/runs/b_fe_frontend/bfe14_arch1_benign_temp_drift/physical/seed_41018/t_+125C/source_hspice,VALID,6,6,0,0
41018,f4f901fc83162b4a630f2e5760f01562402a733ac6ae5c0575d3c83d3a6dbb76,125,a47522d223ca7148c306a44da11f67079a1cfe671bedd6fc8652c5821fa55af5,21,FALL,000000000000000000000011111111,204,219,193,/home/zhupl25/chiplet_side_channel/chiplet_gds_data/power_macro/delay_chain/ftc/runs/b_fe_frontend/bfe14_arch1_benign_temp_drift/physical/seed_41018/t_+125C/source_hspice,VALID,11,11,0,0
41018,f4f901fc83162b4a630f2e5760f01562402a733ac6ae5c0575d3c83d3a6dbb76,125,a47522d223ca7148c306a44da11f67079a1cfe671bedd6fc8652c5821fa55af5,22,RISE,000000000000000000000111111111,225,219,193,/home/zhupl25/chiplet_side_channel/chiplet_gds_data/power_macro/delay_chain/ftc/runs/b_fe_frontend/bfe14_arch1_benign_temp_drift/physical/seed_41018/t_+125C/source_hspice,VALID,6,6,0,0
41018,f4f901fc83162b4a630f2e5760f01562402a733ac6ae5c0575d3c83d3a6dbb76,125,a47522d223ca7148c306a44da11f67079a1cfe671bedd6fc8652c5821fa55af5,23,FALL,000000000000000000000011111111,204,219,193,/home/zhupl25/chiplet_side_channel/chiplet_gds_data/power_macro/delay_chain/ftc/runs/b_fe_frontend/bfe14_arch1_benign_temp_drift/physical/seed_41018/t_+125C/source_hspice,VALID,11,11,0,0
41019,fd0a0b5a62db110824da9ed6ded63e50260b11ce3e2857d8c0d5e1802b43acb5,-40,a47522d223ca7148c306a44da11f67079a1cfe671bedd6fc8652c5821fa55af5,0,RISE,000000000000000000000001111111,182,187,159,/home/zhupl25/chiplet_side_channel/chiplet_gds_data/power_macro/delay_chain/ftc/runs/b_fe_frontend/bfe14_arch1_benign_temp_drift/physical/seed_41019/t_-040C/source_hspice,VALID,-5,5,0,0
41019,fd0a0b5a62db110824da9ed6ded63e50260b11ce3e2857d8c0d5e1802b43acb5,-40,a47522d223ca7148c306a44da11f67079a1cfe671bedd6fc8652c5821fa55af5,1,FALL,000000000000000000000000011111,135,187,159,/home/zhupl25/chiplet_side_channel/chiplet_gds_data/power_macro/delay_chain/ftc/runs/b_fe_frontend/bfe14_arch1_benign_temp_drift/physical/seed_41019/t_-040C/source_hspice,VALID,-24,24,0,0
41019,fd0a0b5a62db110824da9ed6ded63e50260b11ce3e2857d8c0d5e1802b43acb5,-40,a47522d223ca7148c306a44da11f67079a1cfe671bedd6fc8652c5821fa55af5,2,RISE,000000000000000000000001111111,182,187,159,/home/zhupl25/chiplet_side_channel/chiplet_gds_data/power_macro/delay_chain/ftc/runs/b_fe_frontend/bfe14_arch1_benign_temp_drift/physical/seed_41019/t_-040C/source_hspice,VALID,-5,5,0,0
41019,fd0a0b5a62db110824da9ed6ded63e50260b11ce3e2857d8c0d5e1802b43acb5,-40,a47522d223ca7148c306a44da11f67079a1cfe671bedd6fc8652c5821fa55af5,3,FALL,000000000000000000000000001111,110,187,159,/home/zhupl25/chiplet_side_channel/chiplet_gds_data/power_macro/delay_chain/ftc/runs/b_fe_frontend/bfe14_arch1_benign_temp_drift/physical/seed_41019/t_-040C/source_hspice,VALID,-49,49,0,0
41019,fd0a0b5a62db110824da9ed6ded63e50260b11ce3e2857d8c0d5e1802b43acb5,-40,a47522d223ca7148c306a44da11f67079a1cfe671bedd6fc8652c5821fa55af5,4,RISE,000000000000000000000001111111,182,187,159,/home/zhupl25/chiplet_side_channel/chiplet_gds_data/power_macro/delay_chain/ftc/runs/b_fe_frontend/bfe14_arch1_benign_temp_drift/physical/seed_41019/t_-040C/source_hspice,VALID,-5,5,0,0
41019,fd0a0b5a62db110824da9ed6ded63e50260b11ce3e2857d8c0d5e1802b43acb5,-40,a47522d223ca7148c306a44da11f67079a1cfe671bedd6fc8652c5821fa55af5,5,FALL,000000000000000000000000011111,135,187,159,/home/zhupl25/chiplet_side_channel/chiplet_gds_data/power_macro/delay_chain/ftc/runs/b_fe_frontend/bfe14_arch1_benign_temp_drift/physical/seed_41019/t_-040C/source_hspice,VALID,-24,24,0,0
41019,fd0a0b5a62db110824da9ed6ded63e50260b11ce3e2857d8c0d5e1802b43acb5,-40,a47522d223ca7148c306a44da11f67079a1cfe671bedd6fc8652c5821fa55af5,6,RISE,000000000000000000000000111111,159,187,159,/home/zhupl25/chiplet_side_channel/chiplet_gds_data/power_macro/delay_chain/ftc/runs/b_fe_frontend/bfe14_arch1_benign_temp_drift/physical/seed_41019/t_-040C/source_hspice,VALID,-28,28,0,0
41019,fd0a0b5a62db110824da9ed6ded63e50260b11ce3e2857d8c0d5e1802b43acb5,-40,a47522d223ca7148c306a44da11f67079a1cfe671bedd6fc8652c5821fa55af5,7,FALL,000000000000000000000000011111,135,187,159,/home/zhupl25/chiplet_side_channel/chiplet_gds_data/power_macro/delay_chain/ftc/runs/b_fe_frontend/bfe14_arch1_benign_temp_drift/physical/seed_41019/t_-040C/source_hspice,VALID,-24,24,0,0
41019,fd0a0b5a62db110824da9ed6ded63e50260b11ce3e2857d8c0d5e1802b43acb5,-40,a47522d223ca7148c306a44da11f67079a1cfe671bedd6fc8652c5821fa55af5,8,RISE,000000000000000000000000111111,159,187,159,/home/zhupl25/chiplet_side_channel/chiplet_gds_data/power_macro/delay_chain/ftc/runs/b_fe_frontend/bfe14_arch1_benign_temp_drift/physical/seed_41019/t_-040C/source_hspice,VALID,-28,28,0,0
41019,fd0a0b5a62db110824da9ed6ded63e50260b11ce3e2857d8c0d5e1802b43acb5,-40,a47522d223ca7148c306a44da11f67079a1cfe671bedd6fc8652c5821fa55af5,9,FALL,000000000000000000000000011111,135,187,159,/home/zhupl25/chiplet_side_channel/chiplet_gds_data/power_macro/delay_chain/ftc/runs/b_fe_frontend/bfe14_arch1_benign_temp_drift/physical/seed_41019/t_-040C/source_hspice,VALID,-24,24,0,0
41019,fd0a0b5a62db110824da9ed6ded63e50260b11ce3e2857d8c0d5e1802b43acb5,-40,a47522d223ca7148c306a44da11f67079a1cfe671bedd6fc8652c5821fa55af5,10,RISE,000000000000000000000001111111,182,187,159,/home/zhupl25/chiplet_side_channel/chiplet_gds_data/power_macro/delay_chain/ftc/runs/b_fe_frontend/bfe14_arch1_benign_temp_drift/physical/seed_41019/t_-040C/source_hspice,VALID,-5,5,0,0
41019,fd0a0b5a62db110824da9ed6ded63e50260b11ce3e2857d8c0d5e1802b43acb5,-40,a47522d223ca7148c306a44da11f67079a1cfe671bedd6fc8652c5821fa55af5,11,FALL,000000000000000000000000011111,135,187,159,/home/zhupl25/chiplet_side_channel/chiplet_gds_data/power_macro/delay_chain/ftc/runs/b_fe_frontend/bfe14_arch1_benign_temp_drift/physical/seed_41019/t_-040C/source_hspice,VALID,-24,24,0,0
41019,fd0a0b5a62db110824da9ed6ded63e50260b11ce3e2857d8c0d5e1802b43acb5,-40,a47522d223ca7148c306a44da11f67079a1cfe671bedd6fc8652c5821fa55af5,12,RISE,000000000000000000000000111111,159,187,159,/home/zhupl25/chiplet_side_channel/chiplet_gds_data/power_macro/delay_chain/ftc/runs/b_fe_frontend/bfe14_arch1_benign_temp_drift/physical/seed_41019/t_-040C/source_hspice,VALID,-28,28,0,0
41019,fd0a0b5a62db110824da9ed6ded63e50260b11ce3e2857d8c0d5e1802b43acb5,-40,a47522d223ca7148c306a44da11f67079a1cfe671bedd6fc8652c5821fa55af5,13,FALL,000000000000000000000000011111,135,187,159,/home/zhupl25/chiplet_side_channel/chiplet_gds_data/power_macro/delay_chain/ftc/runs/b_fe_frontend/bfe14_arch1_benign_temp_drift/physical/seed_41019/t_-040C/source_hspice,VALID,-24,24,0,0
41019,fd0a0b5a62db110824da9ed6ded63e50260b11ce3e2857d8c0d5e1802b43acb5,-40,a47522d223ca7148c306a44da11f67079a1cfe671bedd6fc8652c5821fa55af5,14,RISE,000000000000000000000000111111,159,187,159,/home/zhupl25/chiplet_side_channel/chiplet_gds_data/power_macro/delay_chain/ftc/runs/b_fe_frontend/bfe14_arch1_benign_temp_drift/physical/seed_41019/t_-040C/source_hspice,VALID,-28,28,0,0
41019,fd0a0b5a62db110824da9ed6ded63e50260b11ce3e2857d8c0d5e1802b43acb5,-40,a47522d223ca7148c306a44da11f67079a1cfe671bedd6fc8652c5821fa55af5,15,FALL,000000000000000000000000011111,135,187,159,/home/zhupl25/chiplet_side_channel/chiplet_gds_data/power_macro/delay_chain/ftc/runs/b_fe_frontend/bfe14_arch1_benign_temp_drift/physical/seed_41019/t_-040C/source_hspice,VALID,-24,24,0,0
41019,fd0a0b5a62db110824da9ed6ded63e50260b11ce3e2857d8c0d5e1802b43acb5,-40,a47522d223ca7148c306a44da11f67079a1cfe671bedd6fc8652c5821fa55af5,16,RISE,000000000000000000000000111111,159,187,159,/home/zhupl25/chiplet_side_channel/chiplet_gds_data/power_macro/delay_chain/ftc/runs/b_fe_frontend/bfe14_arch1_benign_temp_drift/physical/seed_41019/t_-040C/source_hspice,VALID,-28,28,0,0
41019,fd0a0b5a62db110824da9ed6ded63e50260b11ce3e2857d8c0d5e1802b43acb5,-40,a47522d223ca7148c306a44da11f67079a1cfe671bedd6fc8652c5821fa55af5,17,FALL,000000000000000000000000011111,135,187,159,/home/zhupl25/chiplet_side_channel/chiplet_gds_data/power_macro/delay_chain/ftc/runs/b_fe_frontend/bfe14_arch1_benign_temp_drift/physical/seed_41019/t_-040C/source_hspice,VALID,-24,24,0,0
41019,fd0a0b5a62db110824da9ed6ded63e50260b11ce3e2857d8c0d5e1802b43acb5,-40,a47522d223ca7148c306a44da11f67079a1cfe671bedd6fc8652c5821fa55af5,18,RISE,000000000000000000000000111111,159,187,159,/home/zhupl25/chiplet_side_channel/chiplet_gds_data/power_macro/delay_chain/ftc/runs/b_fe_frontend/bfe14_arch1_benign_temp_drift/physical/seed_41019/t_-040C/source_hspice,VALID,-28,28,0,0
41019,fd0a0b5a62db110824da9ed6ded63e50260b11ce3e2857d8c0d5e1802b43acb5,-40,a47522d223ca7148c306a44da11f67079a1cfe671bedd6fc8652c5821fa55af5,19,FALL,000000000000000000000000011111,135,187,159,/home/zhupl25/chiplet_side_channel/chiplet_gds_data/power_macro/delay_chain/ftc/runs/b_fe_frontend/bfe14_arch1_benign_temp_drift/physical/seed_41019/t_-040C/source_hspice,VALID,-24,24,0,0
41019,fd0a0b5a62db110824da9ed6ded63e50260b11ce3e2857d8c0d5e1802b43acb5,-40,a47522d223ca7148c306a44da11f67079a1cfe671bedd6fc8652c5821fa55af5,20,RISE,000000000000000000000000111111,159,187,159,/home/zhupl25/chiplet_side_channel/chiplet_gds_data/power_macro/delay_chain/ftc/runs/b_fe_frontend/bfe14_arch1_benign_temp_drift/physical/seed_41019/t_-040C/source_hspice,VALID,-28,28,0,0
41019,fd0a0b5a62db110824da9ed6ded63e50260b11ce3e2857d8c0d5e1802b43acb5,-40,a47522d223ca7148c306a44da11f67079a1cfe671bedd6fc8652c5821fa55af5,21,FALL,000000000000000000000000001111,110,187,159,/home/zhupl25/chiplet_side_channel/chiplet_gds_data/power_macro/delay_chain/ftc/runs/b_fe_frontend/bfe14_arch1_benign_temp_drift/physical/seed_41019/t_-040C/source_hspice,VALID,-49,49,0,0
41019,fd0a0b5a62db110824da9ed6ded63e50260b11ce3e2857d8c0d5e1802b43acb5,-40,a47522d223ca7148c306a44da11f67079a1cfe671bedd6fc8652c5821fa55af5,22,RISE,000000000000000000000001111111,182,187,159,/home/zhupl25/chiplet_side_channel/chiplet_gds_data/power_macro/delay_chain/ftc/runs/b_fe_frontend/bfe14_arch1_benign_temp_drift/physical/seed_41019/t_-040C/source_hspice,VALID,-5,5,0,0
41019,fd0a0b5a62db110824da9ed6ded63e50260b11ce3e2857d8c0d5e1802b43acb5,-40,a47522d223ca7148c306a44da11f67079a1cfe671bedd6fc8652c5821fa55af5,23,FALL,000000000000000000000000011111,135,187,159,/home/zhupl25/chiplet_side_channel/chiplet_gds_data/power_macro/delay_chain/ftc/runs/b_fe_frontend/bfe14_arch1_benign_temp_drift/physical/seed_41019/t_-040C/source_hspice,VALID,-24,24,0,0
41019,fd0a0b5a62db110824da9ed6ded63e50260b11ce3e2857d8c0d5e1802b43acb5,125,a47522d223ca7148c306a44da11f67079a1cfe671bedd6fc8652c5821fa55af5,0,RISE,000000000000000000000011111111,204,187,159,/home/zhupl25/chiplet_side_channel/chiplet_gds_data/power_macro/delay_chain/ftc/runs/b_fe_frontend/bfe14_arch1_benign_temp_drift/physical/seed_41019/t_+125C/source_hspice,VALID,17,17,0,0
41019,fd0a0b5a62db110824da9ed6ded63e50260b11ce3e2857d8c0d5e1802b43acb5,125,a47522d223ca7148c306a44da11f67079a1cfe671bedd6fc8652c5821fa55af5,1,FALL,000000000000000000000001111111,182,187,159,/home/zhupl25/chiplet_side_channel/chiplet_gds_data/power_macro/delay_chain/ftc/runs/b_fe_frontend/bfe14_arch1_benign_temp_drift/physical/seed_41019/t_+125C/source_hspice,VALID,23,23,0,0
41019,fd0a0b5a62db110824da9ed6ded63e50260b11ce3e2857d8c0d5e1802b43acb5,125,a47522d223ca7148c306a44da11f67079a1cfe671bedd6fc8652c5821fa55af5,2,RISE,000000000000000000000011111111,204,187,159,/home/zhupl25/chiplet_side_channel/chiplet_gds_data/power_macro/delay_chain/ftc/runs/b_fe_frontend/bfe14_arch1_benign_temp_drift/physical/seed_41019/t_+125C/source_hspice,VALID,17,17,0,0
41019,fd0a0b5a62db110824da9ed6ded63e50260b11ce3e2857d8c0d5e1802b43acb5,125,a47522d223ca7148c306a44da11f67079a1cfe671bedd6fc8652c5821fa55af5,3,FALL,000000000000000000000001111111,182,187,159,/home/zhupl25/chiplet_side_channel/chiplet_gds_data/power_macro/delay_chain/ftc/runs/b_fe_frontend/bfe14_arch1_benign_temp_drift/physical/seed_41019/t_+125C/source_hspice,VALID,23,23,0,0
41019,fd0a0b5a62db110824da9ed6ded63e50260b11ce3e2857d8c0d5e1802b43acb5,125,a47522d223ca7148c306a44da11f67079a1cfe671bedd6fc8652c5821fa55af5,4,RISE,000000000000000000000011111111,204,187,159,/home/zhupl25/chiplet_side_channel/chiplet_gds_data/power_macro/delay_chain/ftc/runs/b_fe_frontend/bfe14_arch1_benign_temp_drift/physical/seed_41019/t_+125C/source_hspice,VALID,17,17,0,0
41019,fd0a0b5a62db110824da9ed6ded63e50260b11ce3e2857d8c0d5e1802b43acb5,125,a47522d223ca7148c306a44da11f67079a1cfe671bedd6fc8652c5821fa55af5,5,FALL,000000000000000000000001111111,182,187,159,/home/zhupl25/chiplet_side_channel/chiplet_gds_data/power_macro/delay_chain/ftc/runs/b_fe_frontend/bfe14_arch1_benign_temp_drift/physical/seed_41019/t_+125C/source_hspice,VALID,23,23,0,0
41019,fd0a0b5a62db110824da9ed6ded63e50260b11ce3e2857d8c0d5e1802b43acb5,125,a47522d223ca7148c306a44da11f67079a1cfe671bedd6fc8652c5821fa55af5,6,RISE,000000000000000000000011111111,204,187,159,/home/zhupl25/chiplet_side_channel/chiplet_gds_data/power_macro/delay_chain/ftc/runs/b_fe_frontend/bfe14_arch1_benign_temp_drift/physical/seed_41019/t_+125C/source_hspice,VALID,17,17,0,0
41019,fd0a0b5a62db110824da9ed6ded63e50260b11ce3e2857d8c0d5e1802b43acb5,125,a47522d223ca7148c306a44da11f67079a1cfe671bedd6fc8652c5821fa55af5,7,FALL,000000000000000000000001111111,182,187,159,/home/zhupl25/chiplet_side_channel/chiplet_gds_data/power_macro/delay_chain/ftc/runs/b_fe_frontend/bfe14_arch1_benign_temp_drift/physical/seed_41019/t_+125C/source_hspice,VALID,23,23,0,0
41019,fd0a0b5a62db110824da9ed6ded63e50260b11ce3e2857d8c0d5e1802b43acb5,125,a47522d223ca7148c306a44da11f67079a1cfe671bedd6fc8652c5821fa55af5,8,RISE,000000000000000000000011111111,204,187,159,/home/zhupl25/chiplet_side_channel/chiplet_gds_data/power_macro/delay_chain/ftc/runs/b_fe_frontend/bfe14_arch1_benign_temp_drift/physical/seed_41019/t_+125C/source_hspice,VALID,17,17,0,0
41019,fd0a0b5a62db110824da9ed6ded63e50260b11ce3e2857d8c0d5e1802b43acb5,125,a47522d223ca7148c306a44da11f67079a1cfe671bedd6fc8652c5821fa55af5,9,FALL,000000000000000000000001111111,182,187,159,/home/zhupl25/chiplet_side_channel/chiplet_gds_data/power_macro/delay_chain/ftc/runs/b_fe_frontend/bfe14_arch1_benign_temp_drift/physical/seed_41019/t_+125C/source_hspice,VALID,23,23,0,0
41019,fd0a0b5a62db110824da9ed6ded63e50260b11ce3e2857d8c0d5e1802b43acb5,125,a47522d223ca7148c306a44da11f67079a1cfe671bedd6fc8652c5821fa55af5,10,RISE,000000000000000000000011111111,204,187,159,/home/zhupl25/chiplet_side_channel/chiplet_gds_data/power_macro/delay_chain/ftc/runs/b_fe_frontend/bfe14_arch1_benign_temp_drift/physical/seed_41019/t_+125C/source_hspice,VALID,17,17,0,0
41019,fd0a0b5a62db110824da9ed6ded63e50260b11ce3e2857d8c0d5e1802b43acb5,125,a47522d223ca7148c306a44da11f67079a1cfe671bedd6fc8652c5821fa55af5,11,FALL,000000000000000000000001111111,182,187,159,/home/zhupl25/chiplet_side_channel/chiplet_gds_data/power_macro/delay_chain/ftc/runs/b_fe_frontend/bfe14_arch1_benign_temp_drift/physical/seed_41019/t_+125C/source_hspice,VALID,23,23,0,0
41019,fd0a0b5a62db110824da9ed6ded63e50260b11ce3e2857d8c0d5e1802b43acb5,125,a47522d223ca7148c306a44da11f67079a1cfe671bedd6fc8652c5821fa55af5,12,RISE,000000000000000000000011111111,204,187,159,/home/zhupl25/chiplet_side_channel/chiplet_gds_data/power_macro/delay_chain/ftc/runs/b_fe_frontend/bfe14_arch1_benign_temp_drift/physical/seed_41019/t_+125C/source_hspice,VALID,17,17,0,0
41019,fd0a0b5a62db110824da9ed6ded63e50260b11ce3e2857d8c0d5e1802b43acb5,125,a47522d223ca7148c306a44da11f67079a1cfe671bedd6fc8652c5821fa55af5,13,FALL,000000000000000000000001111111,182,187,159,/home/zhupl25/chiplet_side_channel/chiplet_gds_data/power_macro/delay_chain/ftc/runs/b_fe_frontend/bfe14_arch1_benign_temp_drift/physical/seed_41019/t_+125C/source_hspice,VALID,23,23,0,0
41019,fd0a0b5a62db110824da9ed6ded63e50260b11ce3e2857d8c0d5e1802b43acb5,125,a47522d223ca7148c306a44da11f67079a1cfe671bedd6fc8652c5821fa55af5,14,RISE,000000000000000000000011111111,204,187,159,/home/zhupl25/chiplet_side_channel/chiplet_gds_data/power_macro/delay_chain/ftc/runs/b_fe_frontend/bfe14_arch1_benign_temp_drift/physical/seed_41019/t_+125C/source_hspice,VALID,17,17,0,0
41019,fd0a0b5a62db110824da9ed6ded63e50260b11ce3e2857d8c0d5e1802b43acb5,125,a47522d223ca7148c306a44da11f67079a1cfe671bedd6fc8652c5821fa55af5,15,FALL,000000000000000000000001111111,182,187,159,/home/zhupl25/chiplet_side_channel/chiplet_gds_data/power_macro/delay_chain/ftc/runs/b_fe_frontend/bfe14_arch1_benign_temp_drift/physical/seed_41019/t_+125C/source_hspice,VALID,23,23,0,0
41019,fd0a0b5a62db110824da9ed6ded63e50260b11ce3e2857d8c0d5e1802b43acb5,125,a47522d223ca7148c306a44da11f67079a1cfe671bedd6fc8652c5821fa55af5,16,RISE,000000000000000000000011111111,204,187,159,/home/zhupl25/chiplet_side_channel/chiplet_gds_data/power_macro/delay_chain/ftc/runs/b_fe_frontend/bfe14_arch1_benign_temp_drift/physical/seed_41019/t_+125C/source_hspice,VALID,17,17,0,0
41019,fd0a0b5a62db110824da9ed6ded63e50260b11ce3e2857d8c0d5e1802b43acb5,125,a47522d223ca7148c306a44da11f67079a1cfe671bedd6fc8652c5821fa55af5,17,FALL,000000000000000000000001111111,182,187,159,/home/zhupl25/chiplet_side_channel/chiplet_gds_data/power_macro/delay_chain/ftc/runs/b_fe_frontend/bfe14_arch1_benign_temp_drift/physical/seed_41019/t_+125C/source_hspice,VALID,23,23,0,0
41019,fd0a0b5a62db110824da9ed6ded63e50260b11ce3e2857d8c0d5e1802b43acb5,125,a47522d223ca7148c306a44da11f67079a1cfe671bedd6fc8652c5821fa55af5,18,RISE,000000000000000000000011111111,204,187,159,/home/zhupl25/chiplet_side_channel/chiplet_gds_data/power_macro/delay_chain/ftc/runs/b_fe_frontend/bfe14_arch1_benign_temp_drift/physical/seed_41019/t_+125C/source_hspice,VALID,17,17,0,0
41019,fd0a0b5a62db110824da9ed6ded63e50260b11ce3e2857d8c0d5e1802b43acb5,125,a47522d223ca7148c306a44da11f67079a1cfe671bedd6fc8652c5821fa55af5,19,FALL,000000000000000000000001111111,182,187,159,/home/zhupl25/chiplet_side_channel/chiplet_gds_data/power_macro/delay_chain/ftc/runs/b_fe_frontend/bfe14_arch1_benign_temp_drift/physical/seed_41019/t_+125C/source_hspice,VALID,23,23,0,0
41019,fd0a0b5a62db110824da9ed6ded63e50260b11ce3e2857d8c0d5e1802b43acb5,125,a47522d223ca7148c306a44da11f67079a1cfe671bedd6fc8652c5821fa55af5,20,RISE,000000000000000000000011111111,204,187,159,/home/zhupl25/chiplet_side_channel/chiplet_gds_data/power_macro/delay_chain/ftc/runs/b_fe_frontend/bfe14_arch1_benign_temp_drift/physical/seed_41019/t_+125C/source_hspice,VALID,17,17,0,0
41019,fd0a0b5a62db110824da9ed6ded63e50260b11ce3e2857d8c0d5e1802b43acb5,125,a47522d223ca7148c306a44da11f67079a1cfe671bedd6fc8652c5821fa55af5,21,FALL,000000000000000000000001111111,182,187,159,/home/zhupl25/chiplet_side_channel/chiplet_gds_data/power_macro/delay_chain/ftc/runs/b_fe_frontend/bfe14_arch1_benign_temp_drift/physical/seed_41019/t_+125C/source_hspice,VALID,23,23,0,0
41019,fd0a0b5a62db110824da9ed6ded63e50260b11ce3e2857d8c0d5e1802b43acb5,125,a47522d223ca7148c306a44da11f67079a1cfe671bedd6fc8652c5821fa55af5,22,RISE,000000000000000000000011111111,204,187,159,/home/zhupl25/chiplet_side_channel/chiplet_gds_data/power_macro/delay_chain/ftc/runs/b_fe_frontend/bfe14_arch1_benign_temp_drift/physical/seed_41019/t_+125C/source_hspice,VALID,17,17,0,0
41019,fd0a0b5a62db110824da9ed6ded63e50260b11ce3e2857d8c0d5e1802b43acb5,125,a47522d223ca7148c306a44da11f67079a1cfe671bedd6fc8652c5821fa55af5,23,FALL,000000000000000000000001111111,182,187,159,/home/zhupl25/chiplet_side_channel/chiplet_gds_data/power_macro/delay_chain/ftc/runs/b_fe_frontend/bfe14_arch1_benign_temp_drift/physical/seed_41019/t_+125C/source_hspice,VALID,23,23,0,0
41020,057b4f67032f525c904f4a6c0c293606789132adac5b5a8f442228cf5eee3f01,-40,a47522d223ca7148c306a44da11f67079a1cfe671bedd6fc8652c5821fa55af5,0,RISE,000000000000000000000000011111,135,159,135,/home/zhupl25/chiplet_side_channel/chiplet_gds_data/power_macro/delay_chain/ftc/runs/b_fe_frontend/bfe14_arch1_benign_temp_drift/physical/seed_41020/t_-040C/source_hspice,VALID,-24,24,0,0
41020,057b4f67032f525c904f4a6c0c293606789132adac5b5a8f442228cf5eee3f01,-40,a47522d223ca7148c306a44da11f67079a1cfe671bedd6fc8652c5821fa55af5,1,FALL,000000000000000000000000001111,110,159,135,/home/zhupl25/chiplet_side_channel/chiplet_gds_data/power_macro/delay_chain/ftc/runs/b_fe_frontend/bfe14_arch1_benign_temp_drift/physical/seed_41020/t_-040C/source_hspice,VALID,-25,25,0,0
41020,057b4f67032f525c904f4a6c0c293606789132adac5b5a8f442228cf5eee3f01,-40,a47522d223ca7148c306a44da11f67079a1cfe671bedd6fc8652c5821fa55af5,2,RISE,000000000000000000000000011111,135,159,135,/home/zhupl25/chiplet_side_channel/chiplet_gds_data/power_macro/delay_chain/ftc/runs/b_fe_frontend/bfe14_arch1_benign_temp_drift/physical/seed_41020/t_-040C/source_hspice,VALID,-24,24,0,0
41020,057b4f67032f525c904f4a6c0c293606789132adac5b5a8f442228cf5eee3f01,-40,a47522d223ca7148c306a44da11f67079a1cfe671bedd6fc8652c5821fa55af5,3,FALL,000000000000000000000000001111,110,159,135,/home/zhupl25/chiplet_side_channel/chiplet_gds_data/power_macro/delay_chain/ftc/runs/b_fe_frontend/bfe14_arch1_benign_temp_drift/physical/seed_41020/t_-040C/source_hspice,VALID,-25,25,0,0
41020,057b4f67032f525c904f4a6c0c293606789132adac5b5a8f442228cf5eee3f01,-40,a47522d223ca7148c306a44da11f67079a1cfe671bedd6fc8652c5821fa55af5,4,RISE,000000000000000000000000011111,135,159,135,/home/zhupl25/chiplet_side_channel/chiplet_gds_data/power_macro/delay_chain/ftc/runs/b_fe_frontend/bfe14_arch1_benign_temp_drift/physical/seed_41020/t_-040C/source_hspice,VALID,-24,24,0,0
41020,057b4f67032f525c904f4a6c0c293606789132adac5b5a8f442228cf5eee3f01,-40,a47522d223ca7148c306a44da11f67079a1cfe671bedd6fc8652c5821fa55af5,5,FALL,000000000000000000000000001111,110,159,135,/home/zhupl25/chiplet_side_channel/chiplet_gds_data/power_macro/delay_chain/ftc/runs/b_fe_frontend/bfe14_arch1_benign_temp_drift/physical/seed_41020/t_-040C/source_hspice,VALID,-25,25,0,0
41020,057b4f67032f525c904f4a6c0c293606789132adac5b5a8f442228cf5eee3f01,-40,a47522d223ca7148c306a44da11f67079a1cfe671bedd6fc8652c5821fa55af5,6,RISE,000000000000000000000000011111,135,159,135,/home/zhupl25/chiplet_side_channel/chiplet_gds_data/power_macro/delay_chain/ftc/runs/b_fe_frontend/bfe14_arch1_benign_temp_drift/physical/seed_41020/t_-040C/source_hspice,VALID,-24,24,0,0
41020,057b4f67032f525c904f4a6c0c293606789132adac5b5a8f442228cf5eee3f01,-40,a47522d223ca7148c306a44da11f67079a1cfe671bedd6fc8652c5821fa55af5,7,FALL,000000000000000000000000001111,110,159,135,/home/zhupl25/chiplet_side_channel/chiplet_gds_data/power_macro/delay_chain/ftc/runs/b_fe_frontend/bfe14_arch1_benign_temp_drift/physical/seed_41020/t_-040C/source_hspice,VALID,-25,25,0,0
41020,057b4f67032f525c904f4a6c0c293606789132adac5b5a8f442228cf5eee3f01,-40,a47522d223ca7148c306a44da11f67079a1cfe671bedd6fc8652c5821fa55af5,8,RISE,000000000000000000000000011111,135,159,135,/home/zhupl25/chiplet_side_channel/chiplet_gds_data/power_macro/delay_chain/ftc/runs/b_fe_frontend/bfe14_arch1_benign_temp_drift/physical/seed_41020/t_-040C/source_hspice,VALID,-24,24,0,0
41020,057b4f67032f525c904f4a6c0c293606789132adac5b5a8f442228cf5eee3f01,-40,a47522d223ca7148c306a44da11f67079a1cfe671bedd6fc8652c5821fa55af5,9,FALL,000000000000000000000000001111,110,159,135,/home/zhupl25/chiplet_side_channel/chiplet_gds_data/power_macro/delay_chain/ftc/runs/b_fe_frontend/bfe14_arch1_benign_temp_drift/physical/seed_41020/t_-040C/source_hspice,VALID,-25,25,0,0
41020,057b4f67032f525c904f4a6c0c293606789132adac5b5a8f442228cf5eee3f01,-40,a47522d223ca7148c306a44da11f67079a1cfe671bedd6fc8652c5821fa55af5,10,RISE,000000000000000000000000011111,135,159,135,/home/zhupl25/chiplet_side_channel/chiplet_gds_data/power_macro/delay_chain/ftc/runs/b_fe_frontend/bfe14_arch1_benign_temp_drift/physical/seed_41020/t_-040C/source_hspice,VALID,-24,24,0,0
41020,057b4f67032f525c904f4a6c0c293606789132adac5b5a8f442228cf5eee3f01,-40,a47522d223ca7148c306a44da11f67079a1cfe671bedd6fc8652c5821fa55af5,11,FALL,000000000000000000000000001111,110,159,135,/home/zhupl25/chiplet_side_channel/chiplet_gds_data/power_macro/delay_chain/ftc/runs/b_fe_frontend/bfe14_arch1_benign_temp_drift/physical/seed_41020/t_-040C/source_hspice,VALID,-25,25,0,0
41020,057b4f67032f525c904f4a6c0c293606789132adac5b5a8f442228cf5eee3f01,-40,a47522d223ca7148c306a44da11f67079a1cfe671bedd6fc8652c5821fa55af5,12,RISE,000000000000000000000000011111,135,159,135,/home/zhupl25/chiplet_side_channel/chiplet_gds_data/power_macro/delay_chain/ftc/runs/b_fe_frontend/bfe14_arch1_benign_temp_drift/physical/seed_41020/t_-040C/source_hspice,VALID,-24,24,0,0
41020,057b4f67032f525c904f4a6c0c293606789132adac5b5a8f442228cf5eee3f01,-40,a47522d223ca7148c306a44da11f67079a1cfe671bedd6fc8652c5821fa55af5,13,FALL,000000000000000000000000001111,110,159,135,/home/zhupl25/chiplet_side_channel/chiplet_gds_data/power_macro/delay_chain/ftc/runs/b_fe_frontend/bfe14_arch1_benign_temp_drift/physical/seed_41020/t_-040C/source_hspice,VALID,-25,25,0,0
41020,057b4f67032f525c904f4a6c0c293606789132adac5b5a8f442228cf5eee3f01,-40,a47522d223ca7148c306a44da11f67079a1cfe671bedd6fc8652c5821fa55af5,14,RISE,000000000000000000000000011111,135,159,135,/home/zhupl25/chiplet_side_channel/chiplet_gds_data/power_macro/delay_chain/ftc/runs/b_fe_frontend/bfe14_arch1_benign_temp_drift/physical/seed_41020/t_-040C/source_hspice,VALID,-24,24,0,0
41020,057b4f67032f525c904f4a6c0c293606789132adac5b5a8f442228cf5eee3f01,-40,a47522d223ca7148c306a44da11f67079a1cfe671bedd6fc8652c5821fa55af5,15,FALL,000000000000000000000000001111,110,159,135,/home/zhupl25/chiplet_side_channel/chiplet_gds_data/power_macro/delay_chain/ftc/runs/b_fe_frontend/bfe14_arch1_benign_temp_drift/physical/seed_41020/t_-040C/source_hspice,VALID,-25,25,0,0
41020,057b4f67032f525c904f4a6c0c293606789132adac5b5a8f442228cf5eee3f01,-40,a47522d223ca7148c306a44da11f67079a1cfe671bedd6fc8652c5821fa55af5,16,RISE,000000000000000000000000011111,135,159,135,/home/zhupl25/chiplet_side_channel/chiplet_gds_data/power_macro/delay_chain/ftc/runs/b_fe_frontend/bfe14_arch1_benign_temp_drift/physical/seed_41020/t_-040C/source_hspice,VALID,-24,24,0,0
41020,057b4f67032f525c904f4a6c0c293606789132adac5b5a8f442228cf5eee3f01,-40,a47522d223ca7148c306a44da11f67079a1cfe671bedd6fc8652c5821fa55af5,17,FALL,000000000000000000000000001111,110,159,135,/home/zhupl25/chiplet_side_channel/chiplet_gds_data/power_macro/delay_chain/ftc/runs/b_fe_frontend/bfe14_arch1_benign_temp_drift/physical/seed_41020/t_-040C/source_hspice,VALID,-25,25,0,0
41020,057b4f67032f525c904f4a6c0c293606789132adac5b5a8f442228cf5eee3f01,-40,a47522d223ca7148c306a44da11f67079a1cfe671bedd6fc8652c5821fa55af5,18,RISE,000000000000000000000000011111,135,159,135,/home/zhupl25/chiplet_side_channel/chiplet_gds_data/power_macro/delay_chain/ftc/runs/b_fe_frontend/bfe14_arch1_benign_temp_drift/physical/seed_41020/t_-040C/source_hspice,VALID,-24,24,0,0
41020,057b4f67032f525c904f4a6c0c293606789132adac5b5a8f442228cf5eee3f01,-40,a47522d223ca7148c306a44da11f67079a1cfe671bedd6fc8652c5821fa55af5,19,FALL,000000000000000000000000001111,110,159,135,/home/zhupl25/chiplet_side_channel/chiplet_gds_data/power_macro/delay_chain/ftc/runs/b_fe_frontend/bfe14_arch1_benign_temp_drift/physical/seed_41020/t_-040C/source_hspice,VALID,-25,25,0,0
41020,057b4f67032f525c904f4a6c0c293606789132adac5b5a8f442228cf5eee3f01,-40,a47522d223ca7148c306a44da11f67079a1cfe671bedd6fc8652c5821fa55af5,20,RISE,000000000000000000000000011111,135,159,135,/home/zhupl25/chiplet_side_channel/chiplet_gds_data/power_macro/delay_chain/ftc/runs/b_fe_frontend/bfe14_arch1_benign_temp_drift/physical/seed_41020/t_-040C/source_hspice,VALID,-24,24,0,0
41020,057b4f67032f525c904f4a6c0c293606789132adac5b5a8f442228cf5eee3f01,-40,a47522d223ca7148c306a44da11f67079a1cfe671bedd6fc8652c5821fa55af5,21,FALL,000000000000000000000000000111,84,159,135,/home/zhupl25/chiplet_side_channel/chiplet_gds_data/power_macro/delay_chain/ftc/runs/b_fe_frontend/bfe14_arch1_benign_temp_drift/physical/seed_41020/t_-040C/source_hspice,VALID,-51,51,0,0
41020,057b4f67032f525c904f4a6c0c293606789132adac5b5a8f442228cf5eee3f01,-40,a47522d223ca7148c306a44da11f67079a1cfe671bedd6fc8652c5821fa55af5,22,RISE,000000000000000000000000011111,135,159,135,/home/zhupl25/chiplet_side_channel/chiplet_gds_data/power_macro/delay_chain/ftc/runs/b_fe_frontend/bfe14_arch1_benign_temp_drift/physical/seed_41020/t_-040C/source_hspice,VALID,-24,24,0,0
41020,057b4f67032f525c904f4a6c0c293606789132adac5b5a8f442228cf5eee3f01,-40,a47522d223ca7148c306a44da11f67079a1cfe671bedd6fc8652c5821fa55af5,23,FALL,000000000000000000000000001111,110,159,135,/home/zhupl25/chiplet_side_channel/chiplet_gds_data/power_macro/delay_chain/ftc/runs/b_fe_frontend/bfe14_arch1_benign_temp_drift/physical/seed_41020/t_-040C/source_hspice,VALID,-25,25,0,0
41020,057b4f67032f525c904f4a6c0c293606789132adac5b5a8f442228cf5eee3f01,125,a47522d223ca7148c306a44da11f67079a1cfe671bedd6fc8652c5821fa55af5,0,RISE,000000000000000000000001111111,182,159,135,/home/zhupl25/chiplet_side_channel/chiplet_gds_data/power_macro/delay_chain/ftc/runs/b_fe_frontend/bfe14_arch1_benign_temp_drift/physical/seed_41020/t_+125C/source_hspice,VALID,23,23,1,1
41020,057b4f67032f525c904f4a6c0c293606789132adac5b5a8f442228cf5eee3f01,125,a47522d223ca7148c306a44da11f67079a1cfe671bedd6fc8652c5821fa55af5,1,FALL,000000000000000000000000111111,159,159,135,/home/zhupl25/chiplet_side_channel/chiplet_gds_data/power_macro/delay_chain/ftc/runs/b_fe_frontend/bfe14_arch1_benign_temp_drift/physical/seed_41020/t_+125C/source_hspice,VALID,24,24,0,0
41020,057b4f67032f525c904f4a6c0c293606789132adac5b5a8f442228cf5eee3f01,125,a47522d223ca7148c306a44da11f67079a1cfe671bedd6fc8652c5821fa55af5,2,RISE,000000000000000000000001111111,182,159,135,/home/zhupl25/chiplet_side_channel/chiplet_gds_data/power_macro/delay_chain/ftc/runs/b_fe_frontend/bfe14_arch1_benign_temp_drift/physical/seed_41020/t_+125C/source_hspice,VALID,23,23,1,1
41020,057b4f67032f525c904f4a6c0c293606789132adac5b5a8f442228cf5eee3f01,125,a47522d223ca7148c306a44da11f67079a1cfe671bedd6fc8652c5821fa55af5,3,FALL,000000000000000000000000111111,159,159,135,/home/zhupl25/chiplet_side_channel/chiplet_gds_data/power_macro/delay_chain/ftc/runs/b_fe_frontend/bfe14_arch1_benign_temp_drift/physical/seed_41020/t_+125C/source_hspice,VALID,24,24,0,0
41020,057b4f67032f525c904f4a6c0c293606789132adac5b5a8f442228cf5eee3f01,125,a47522d223ca7148c306a44da11f67079a1cfe671bedd6fc8652c5821fa55af5,4,RISE,000000000000000000000001111111,182,159,135,/home/zhupl25/chiplet_side_channel/chiplet_gds_data/power_macro/delay_chain/ftc/runs/b_fe_frontend/bfe14_arch1_benign_temp_drift/physical/seed_41020/t_+125C/source_hspice,VALID,23,23,1,1
41020,057b4f67032f525c904f4a6c0c293606789132adac5b5a8f442228cf5eee3f01,125,a47522d223ca7148c306a44da11f67079a1cfe671bedd6fc8652c5821fa55af5,5,FALL,000000000000000000000000111111,159,159,135,/home/zhupl25/chiplet_side_channel/chiplet_gds_data/power_macro/delay_chain/ftc/runs/b_fe_frontend/bfe14_arch1_benign_temp_drift/physical/seed_41020/t_+125C/source_hspice,VALID,24,24,0,0
41020,057b4f67032f525c904f4a6c0c293606789132adac5b5a8f442228cf5eee3f01,125,a47522d223ca7148c306a44da11f67079a1cfe671bedd6fc8652c5821fa55af5,6,RISE,000000000000000000000001111111,182,159,135,/home/zhupl25/chiplet_side_channel/chiplet_gds_data/power_macro/delay_chain/ftc/runs/b_fe_frontend/bfe14_arch1_benign_temp_drift/physical/seed_41020/t_+125C/source_hspice,VALID,23,23,1,1
41020,057b4f67032f525c904f4a6c0c293606789132adac5b5a8f442228cf5eee3f01,125,a47522d223ca7148c306a44da11f67079a1cfe671bedd6fc8652c5821fa55af5,7,FALL,000000000000000000000000111111,159,159,135,/home/zhupl25/chiplet_side_channel/chiplet_gds_data/power_macro/delay_chain/ftc/runs/b_fe_frontend/bfe14_arch1_benign_temp_drift/physical/seed_41020/t_+125C/source_hspice,VALID,24,24,0,0
41020,057b4f67032f525c904f4a6c0c293606789132adac5b5a8f442228cf5eee3f01,125,a47522d223ca7148c306a44da11f67079a1cfe671bedd6fc8652c5821fa55af5,8,RISE,000000000000000000000001111111,182,159,135,/home/zhupl25/chiplet_side_channel/chiplet_gds_data/power_macro/delay_chain/ftc/runs/b_fe_frontend/bfe14_arch1_benign_temp_drift/physical/seed_41020/t_+125C/source_hspice,VALID,23,23,1,1
41020,057b4f67032f525c904f4a6c0c293606789132adac5b5a8f442228cf5eee3f01,125,a47522d223ca7148c306a44da11f67079a1cfe671bedd6fc8652c5821fa55af5,9,FALL,000000000000000000000000111111,159,159,135,/home/zhupl25/chiplet_side_channel/chiplet_gds_data/power_macro/delay_chain/ftc/runs/b_fe_frontend/bfe14_arch1_benign_temp_drift/physical/seed_41020/t_+125C/source_hspice,VALID,24,24,0,0
41020,057b4f67032f525c904f4a6c0c293606789132adac5b5a8f442228cf5eee3f01,125,a47522d223ca7148c306a44da11f67079a1cfe671bedd6fc8652c5821fa55af5,10,RISE,000000000000000000000001111111,182,159,135,/home/zhupl25/chiplet_side_channel/chiplet_gds_data/power_macro/delay_chain/ftc/runs/b_fe_frontend/bfe14_arch1_benign_temp_drift/physical/seed_41020/t_+125C/source_hspice,VALID,23,23,1,1
41020,057b4f67032f525c904f4a6c0c293606789132adac5b5a8f442228cf5eee3f01,125,a47522d223ca7148c306a44da11f67079a1cfe671bedd6fc8652c5821fa55af5,11,FALL,000000000000000000000000111111,159,159,135,/home/zhupl25/chiplet_side_channel/chiplet_gds_data/power_macro/delay_chain/ftc/runs/b_fe_frontend/bfe14_arch1_benign_temp_drift/physical/seed_41020/t_+125C/source_hspice,VALID,24,24,0,0
41020,057b4f67032f525c904f4a6c0c293606789132adac5b5a8f442228cf5eee3f01,125,a47522d223ca7148c306a44da11f67079a1cfe671bedd6fc8652c5821fa55af5,12,RISE,000000000000000000000001111111,182,159,135,/home/zhupl25/chiplet_side_channel/chiplet_gds_data/power_macro/delay_chain/ftc/runs/b_fe_frontend/bfe14_arch1_benign_temp_drift/physical/seed_41020/t_+125C/source_hspice,VALID,23,23,1,1
41020,057b4f67032f525c904f4a6c0c293606789132adac5b5a8f442228cf5eee3f01,125,a47522d223ca7148c306a44da11f67079a1cfe671bedd6fc8652c5821fa55af5,13,FALL,000000000000000000000000111111,159,159,135,/home/zhupl25/chiplet_side_channel/chiplet_gds_data/power_macro/delay_chain/ftc/runs/b_fe_frontend/bfe14_arch1_benign_temp_drift/physical/seed_41020/t_+125C/source_hspice,VALID,24,24,0,0
41020,057b4f67032f525c904f4a6c0c293606789132adac5b5a8f442228cf5eee3f01,125,a47522d223ca7148c306a44da11f67079a1cfe671bedd6fc8652c5821fa55af5,14,RISE,000000000000000000000001111111,182,159,135,/home/zhupl25/chiplet_side_channel/chiplet_gds_data/power_macro/delay_chain/ftc/runs/b_fe_frontend/bfe14_arch1_benign_temp_drift/physical/seed_41020/t_+125C/source_hspice,VALID,23,23,1,1
41020,057b4f67032f525c904f4a6c0c293606789132adac5b5a8f442228cf5eee3f01,125,a47522d223ca7148c306a44da11f67079a1cfe671bedd6fc8652c5821fa55af5,15,FALL,000000000000000000000000111111,159,159,135,/home/zhupl25/chiplet_side_channel/chiplet_gds_data/power_macro/delay_chain/ftc/runs/b_fe_frontend/bfe14_arch1_benign_temp_drift/physical/seed_41020/t_+125C/source_hspice,VALID,24,24,0,0
41020,057b4f67032f525c904f4a6c0c293606789132adac5b5a8f442228cf5eee3f01,125,a47522d223ca7148c306a44da11f67079a1cfe671bedd6fc8652c5821fa55af5,16,RISE,000000000000000000000001111111,182,159,135,/home/zhupl25/chiplet_side_channel/chiplet_gds_data/power_macro/delay_chain/ftc/runs/b_fe_frontend/bfe14_arch1_benign_temp_drift/physical/seed_41020/t_+125C/source_hspice,VALID,23,23,1,1
41020,057b4f67032f525c904f4a6c0c293606789132adac5b5a8f442228cf5eee3f01,125,a47522d223ca7148c306a44da11f67079a1cfe671bedd6fc8652c5821fa55af5,17,FALL,000000000000000000000000111111,159,159,135,/home/zhupl25/chiplet_side_channel/chiplet_gds_data/power_macro/delay_chain/ftc/runs/b_fe_frontend/bfe14_arch1_benign_temp_drift/physical/seed_41020/t_+125C/source_hspice,VALID,24,24,0,0
41020,057b4f67032f525c904f4a6c0c293606789132adac5b5a8f442228cf5eee3f01,125,a47522d223ca7148c306a44da11f67079a1cfe671bedd6fc8652c5821fa55af5,18,RISE,000000000000000000000001111111,182,159,135,/home/zhupl25/chiplet_side_channel/chiplet_gds_data/power_macro/delay_chain/ftc/runs/b_fe_frontend/bfe14_arch1_benign_temp_drift/physical/seed_41020/t_+125C/source_hspice,VALID,23,23,1,1
41020,057b4f67032f525c904f4a6c0c293606789132adac5b5a8f442228cf5eee3f01,125,a47522d223ca7148c306a44da11f67079a1cfe671bedd6fc8652c5821fa55af5,19,FALL,000000000000000000000000111111,159,159,135,/home/zhupl25/chiplet_side_channel/chiplet_gds_data/power_macro/delay_chain/ftc/runs/b_fe_frontend/bfe14_arch1_benign_temp_drift/physical/seed_41020/t_+125C/source_hspice,VALID,24,24,0,0
41020,057b4f67032f525c904f4a6c0c293606789132adac5b5a8f442228cf5eee3f01,125,a47522d223ca7148c306a44da11f67079a1cfe671bedd6fc8652c5821fa55af5,20,RISE,000000000000000000000001111111,182,159,135,/home/zhupl25/chiplet_side_channel/chiplet_gds_data/power_macro/delay_chain/ftc/runs/b_fe_frontend/bfe14_arch1_benign_temp_drift/physical/seed_41020/t_+125C/source_hspice,VALID,23,23,1,1
41020,057b4f67032f525c904f4a6c0c293606789132adac5b5a8f442228cf5eee3f01,125,a47522d223ca7148c306a44da11f67079a1cfe671bedd6fc8652c5821fa55af5,21,FALL,000000000000000000000000111111,159,159,135,/home/zhupl25/chiplet_side_channel/chiplet_gds_data/power_macro/delay_chain/ftc/runs/b_fe_frontend/bfe14_arch1_benign_temp_drift/physical/seed_41020/t_+125C/source_hspice,VALID,24,24,0,0
41020,057b4f67032f525c904f4a6c0c293606789132adac5b5a8f442228cf5eee3f01,125,a47522d223ca7148c306a44da11f67079a1cfe671bedd6fc8652c5821fa55af5,22,RISE,000000000000000000000001111111,182,159,135,/home/zhupl25/chiplet_side_channel/chiplet_gds_data/power_macro/delay_chain/ftc/runs/b_fe_frontend/bfe14_arch1_benign_temp_drift/physical/seed_41020/t_+125C/source_hspice,VALID,23,23,1,1
41020,057b4f67032f525c904f4a6c0c293606789132adac5b5a8f442228cf5eee3f01,125,a47522d223ca7148c306a44da11f67079a1cfe671bedd6fc8652c5821fa55af5,23,FALL,000000000000000000000000111111,159,159,135,/home/zhupl25/chiplet_side_channel/chiplet_gds_data/power_macro/delay_chain/ftc/runs/b_fe_frontend/bfe14_arch1_benign_temp_drift/physical/seed_41020/t_+125C/source_hspice,VALID,24,24,0,0
41021,2ce1fc0342bede38f029ca88fe66b503c962de181c40c98b0d1bea91c55b07b7,-40,a47522d223ca7148c306a44da11f67079a1cfe671bedd6fc8652c5821fa55af5,0,RISE,000000000000000000000000111111,159,182,141,/home/zhupl25/chiplet_side_channel/chiplet_gds_data/power_macro/delay_chain/ftc/runs/b_fe_frontend/bfe14_arch1_benign_temp_drift/physical/seed_41021/t_-040C/source_hspice,VALID,-23,23,0,0
41021,2ce1fc0342bede38f029ca88fe66b503c962de181c40c98b0d1bea91c55b07b7,-40,a47522d223ca7148c306a44da11f67079a1cfe671bedd6fc8652c5821fa55af5,1,FALL,000000000000000000000000001111,110,182,141,/home/zhupl25/chiplet_side_channel/chiplet_gds_data/power_macro/delay_chain/ftc/runs/b_fe_frontend/bfe14_arch1_benign_temp_drift/physical/seed_41021/t_-040C/source_hspice,VALID,-31,31,0,0
41021,2ce1fc0342bede38f029ca88fe66b503c962de181c40c98b0d1bea91c55b07b7,-40,a47522d223ca7148c306a44da11f67079a1cfe671bedd6fc8652c5821fa55af5,2,RISE,000000000000000000000000111111,159,182,141,/home/zhupl25/chiplet_side_channel/chiplet_gds_data/power_macro/delay_chain/ftc/runs/b_fe_frontend/bfe14_arch1_benign_temp_drift/physical/seed_41021/t_-040C/source_hspice,VALID,-23,23,0,0
41021,2ce1fc0342bede38f029ca88fe66b503c962de181c40c98b0d1bea91c55b07b7,-40,a47522d223ca7148c306a44da11f67079a1cfe671bedd6fc8652c5821fa55af5,3,FALL,000000000000000000000000001111,110,182,141,/home/zhupl25/chiplet_side_channel/chiplet_gds_data/power_macro/delay_chain/ftc/runs/b_fe_frontend/bfe14_arch1_benign_temp_drift/physical/seed_41021/t_-040C/source_hspice,VALID,-31,31,0,0
41021,2ce1fc0342bede38f029ca88fe66b503c962de181c40c98b0d1bea91c55b07b7,-40,a47522d223ca7148c306a44da11f67079a1cfe671bedd6fc8652c5821fa55af5,4,RISE,000000000000000000000000111111,159,182,141,/home/zhupl25/chiplet_side_channel/chiplet_gds_data/power_macro/delay_chain/ftc/runs/b_fe_frontend/bfe14_arch1_benign_temp_drift/physical/seed_41021/t_-040C/source_hspice,VALID,-23,23,0,0
41021,2ce1fc0342bede38f029ca88fe66b503c962de181c40c98b0d1bea91c55b07b7,-40,a47522d223ca7148c306a44da11f67079a1cfe671bedd6fc8652c5821fa55af5,5,FALL,000000000000000000000000001111,110,182,141,/home/zhupl25/chiplet_side_channel/chiplet_gds_data/power_macro/delay_chain/ftc/runs/b_fe_frontend/bfe14_arch1_benign_temp_drift/physical/seed_41021/t_-040C/source_hspice,VALID,-31,31,0,0
41021,2ce1fc0342bede38f029ca88fe66b503c962de181c40c98b0d1bea91c55b07b7,-40,a47522d223ca7148c306a44da11f67079a1cfe671bedd6fc8652c5821fa55af5,6,RISE,000000000000000000000000111111,159,182,141,/home/zhupl25/chiplet_side_channel/chiplet_gds_data/power_macro/delay_chain/ftc/runs/b_fe_frontend/bfe14_arch1_benign_temp_drift/physical/seed_41021/t_-040C/source_hspice,VALID,-23,23,0,0
41021,2ce1fc0342bede38f029ca88fe66b503c962de181c40c98b0d1bea91c55b07b7,-40,a47522d223ca7148c306a44da11f67079a1cfe671bedd6fc8652c5821fa55af5,7,FALL,000000000000000000000000001111,110,182,141,/home/zhupl25/chiplet_side_channel/chiplet_gds_data/power_macro/delay_chain/ftc/runs/b_fe_frontend/bfe14_arch1_benign_temp_drift/physical/seed_41021/t_-040C/source_hspice,VALID,-31,31,0,0
41021,2ce1fc0342bede38f029ca88fe66b503c962de181c40c98b0d1bea91c55b07b7,-40,a47522d223ca7148c306a44da11f67079a1cfe671bedd6fc8652c5821fa55af5,8,RISE,000000000000000000000000111111,159,182,141,/home/zhupl25/chiplet_side_channel/chiplet_gds_data/power_macro/delay_chain/ftc/runs/b_fe_frontend/bfe14_arch1_benign_temp_drift/physical/seed_41021/t_-040C/source_hspice,VALID,-23,23,0,0
41021,2ce1fc0342bede38f029ca88fe66b503c962de181c40c98b0d1bea91c55b07b7,-40,a47522d223ca7148c306a44da11f67079a1cfe671bedd6fc8652c5821fa55af5,9,FALL,000000000000000000000000001111,110,182,141,/home/zhupl25/chiplet_side_channel/chiplet_gds_data/power_macro/delay_chain/ftc/runs/b_fe_frontend/bfe14_arch1_benign_temp_drift/physical/seed_41021/t_-040C/source_hspice,VALID,-31,31,0,0
41021,2ce1fc0342bede38f029ca88fe66b503c962de181c40c98b0d1bea91c55b07b7,-40,a47522d223ca7148c306a44da11f67079a1cfe671bedd6fc8652c5821fa55af5,10,RISE,000000000000000000000000111111,159,182,141,/home/zhupl25/chiplet_side_channel/chiplet_gds_data/power_macro/delay_chain/ftc/runs/b_fe_frontend/bfe14_arch1_benign_temp_drift/physical/seed_41021/t_-040C/source_hspice,VALID,-23,23,0,0
41021,2ce1fc0342bede38f029ca88fe66b503c962de181c40c98b0d1bea91c55b07b7,-40,a47522d223ca7148c306a44da11f67079a1cfe671bedd6fc8652c5821fa55af5,11,FALL,000000000000000000000000001111,110,182,141,/home/zhupl25/chiplet_side_channel/chiplet_gds_data/power_macro/delay_chain/ftc/runs/b_fe_frontend/bfe14_arch1_benign_temp_drift/physical/seed_41021/t_-040C/source_hspice,VALID,-31,31,0,0
41021,2ce1fc0342bede38f029ca88fe66b503c962de181c40c98b0d1bea91c55b07b7,-40,a47522d223ca7148c306a44da11f67079a1cfe671bedd6fc8652c5821fa55af5,12,RISE,000000000000000000000000111111,159,182,141,/home/zhupl25/chiplet_side_channel/chiplet_gds_data/power_macro/delay_chain/ftc/runs/b_fe_frontend/bfe14_arch1_benign_temp_drift/physical/seed_41021/t_-040C/source_hspice,VALID,-23,23,0,0
41021,2ce1fc0342bede38f029ca88fe66b503c962de181c40c98b0d1bea91c55b07b7,-40,a47522d223ca7148c306a44da11f67079a1cfe671bedd6fc8652c5821fa55af5,13,FALL,000000000000000000000000001111,110,182,141,/home/zhupl25/chiplet_side_channel/chiplet_gds_data/power_macro/delay_chain/ftc/runs/b_fe_frontend/bfe14_arch1_benign_temp_drift/physical/seed_41021/t_-040C/source_hspice,VALID,-31,31,0,0
41021,2ce1fc0342bede38f029ca88fe66b503c962de181c40c98b0d1bea91c55b07b7,-40,a47522d223ca7148c306a44da11f67079a1cfe671bedd6fc8652c5821fa55af5,14,RISE,000000000000000000000000111111,159,182,141,/home/zhupl25/chiplet_side_channel/chiplet_gds_data/power_macro/delay_chain/ftc/runs/b_fe_frontend/bfe14_arch1_benign_temp_drift/physical/seed_41021/t_-040C/source_hspice,VALID,-23,23,0,0
41021,2ce1fc0342bede38f029ca88fe66b503c962de181c40c98b0d1bea91c55b07b7,-40,a47522d223ca7148c306a44da11f67079a1cfe671bedd6fc8652c5821fa55af5,15,FALL,000000000000000000000000001111,110,182,141,/home/zhupl25/chiplet_side_channel/chiplet_gds_data/power_macro/delay_chain/ftc/runs/b_fe_frontend/bfe14_arch1_benign_temp_drift/physical/seed_41021/t_-040C/source_hspice,VALID,-31,31,0,0
41021,2ce1fc0342bede38f029ca88fe66b503c962de181c40c98b0d1bea91c55b07b7,-40,a47522d223ca7148c306a44da11f67079a1cfe671bedd6fc8652c5821fa55af5,16,RISE,000000000000000000000000111111,159,182,141,/home/zhupl25/chiplet_side_channel/chiplet_gds_data/power_macro/delay_chain/ftc/runs/b_fe_frontend/bfe14_arch1_benign_temp_drift/physical/seed_41021/t_-040C/source_hspice,VALID,-23,23,0,0
41021,2ce1fc0342bede38f029ca88fe66b503c962de181c40c98b0d1bea91c55b07b7,-40,a47522d223ca7148c306a44da11f67079a1cfe671bedd6fc8652c5821fa55af5,17,FALL,000000000000000000000000001111,110,182,141,/home/zhupl25/chiplet_side_channel/chiplet_gds_data/power_macro/delay_chain/ftc/runs/b_fe_frontend/bfe14_arch1_benign_temp_drift/physical/seed_41021/t_-040C/source_hspice,VALID,-31,31,0,0
41021,2ce1fc0342bede38f029ca88fe66b503c962de181c40c98b0d1bea91c55b07b7,-40,a47522d223ca7148c306a44da11f67079a1cfe671bedd6fc8652c5821fa55af5,18,RISE,000000000000000000000000111111,159,182,141,/home/zhupl25/chiplet_side_channel/chiplet_gds_data/power_macro/delay_chain/ftc/runs/b_fe_frontend/bfe14_arch1_benign_temp_drift/physical/seed_41021/t_-040C/source_hspice,VALID,-23,23,0,0
41021,2ce1fc0342bede38f029ca88fe66b503c962de181c40c98b0d1bea91c55b07b7,-40,a47522d223ca7148c306a44da11f67079a1cfe671bedd6fc8652c5821fa55af5,19,FALL,000000000000000000000000001111,110,182,141,/home/zhupl25/chiplet_side_channel/chiplet_gds_data/power_macro/delay_chain/ftc/runs/b_fe_frontend/bfe14_arch1_benign_temp_drift/physical/seed_41021/t_-040C/source_hspice,VALID,-31,31,0,0
41021,2ce1fc0342bede38f029ca88fe66b503c962de181c40c98b0d1bea91c55b07b7,-40,a47522d223ca7148c306a44da11f67079a1cfe671bedd6fc8652c5821fa55af5,20,RISE,000000000000000000000000111111,159,182,141,/home/zhupl25/chiplet_side_channel/chiplet_gds_data/power_macro/delay_chain/ftc/runs/b_fe_frontend/bfe14_arch1_benign_temp_drift/physical/seed_41021/t_-040C/source_hspice,VALID,-23,23,0,0
41021,2ce1fc0342bede38f029ca88fe66b503c962de181c40c98b0d1bea91c55b07b7,-40,a47522d223ca7148c306a44da11f67079a1cfe671bedd6fc8652c5821fa55af5,21,FALL,000000000000000000000000001111,110,182,141,/home/zhupl25/chiplet_side_channel/chiplet_gds_data/power_macro/delay_chain/ftc/runs/b_fe_frontend/bfe14_arch1_benign_temp_drift/physical/seed_41021/t_-040C/source_hspice,VALID,-31,31,0,0
41021,2ce1fc0342bede38f029ca88fe66b503c962de181c40c98b0d1bea91c55b07b7,-40,a47522d223ca7148c306a44da11f67079a1cfe671bedd6fc8652c5821fa55af5,22,RISE,000000000000000000000000111111,159,182,141,/home/zhupl25/chiplet_side_channel/chiplet_gds_data/power_macro/delay_chain/ftc/runs/b_fe_frontend/bfe14_arch1_benign_temp_drift/physical/seed_41021/t_-040C/source_hspice,VALID,-23,23,0,0
41021,2ce1fc0342bede38f029ca88fe66b503c962de181c40c98b0d1bea91c55b07b7,-40,a47522d223ca7148c306a44da11f67079a1cfe671bedd6fc8652c5821fa55af5,23,FALL,000000000000000000000000001111,110,182,141,/home/zhupl25/chiplet_side_channel/chiplet_gds_data/power_macro/delay_chain/ftc/runs/b_fe_frontend/bfe14_arch1_benign_temp_drift/physical/seed_41021/t_-040C/source_hspice,VALID,-31,31,0,0
41021,2ce1fc0342bede38f029ca88fe66b503c962de181c40c98b0d1bea91c55b07b7,125,a47522d223ca7148c306a44da11f67079a1cfe671bedd6fc8652c5821fa55af5,0,RISE,000000000000000000000011111111,204,182,141,/home/zhupl25/chiplet_side_channel/chiplet_gds_data/power_macro/delay_chain/ftc/runs/b_fe_frontend/bfe14_arch1_benign_temp_drift/physical/seed_41021/t_+125C/source_hspice,VALID,22,22,1,1
41021,2ce1fc0342bede38f029ca88fe66b503c962de181c40c98b0d1bea91c55b07b7,125,a47522d223ca7148c306a44da11f67079a1cfe671bedd6fc8652c5821fa55af5,1,FALL,000000000000000000000001111111,182,182,141,/home/zhupl25/chiplet_side_channel/chiplet_gds_data/power_macro/delay_chain/ftc/runs/b_fe_frontend/bfe14_arch1_benign_temp_drift/physical/seed_41021/t_+125C/source_hspice,VALID,41,41,0,0
41021,2ce1fc0342bede38f029ca88fe66b503c962de181c40c98b0d1bea91c55b07b7,125,a47522d223ca7148c306a44da11f67079a1cfe671bedd6fc8652c5821fa55af5,2,RISE,000000000000000000000011111111,204,182,141,/home/zhupl25/chiplet_side_channel/chiplet_gds_data/power_macro/delay_chain/ftc/runs/b_fe_frontend/bfe14_arch1_benign_temp_drift/physical/seed_41021/t_+125C/source_hspice,VALID,22,22,1,1
41021,2ce1fc0342bede38f029ca88fe66b503c962de181c40c98b0d1bea91c55b07b7,125,a47522d223ca7148c306a44da11f67079a1cfe671bedd6fc8652c5821fa55af5,3,FALL,000000000000000000000001111111,182,182,141,/home/zhupl25/chiplet_side_channel/chiplet_gds_data/power_macro/delay_chain/ftc/runs/b_fe_frontend/bfe14_arch1_benign_temp_drift/physical/seed_41021/t_+125C/source_hspice,VALID,41,41,0,0
41021,2ce1fc0342bede38f029ca88fe66b503c962de181c40c98b0d1bea91c55b07b7,125,a47522d223ca7148c306a44da11f67079a1cfe671bedd6fc8652c5821fa55af5,4,RISE,000000000000000000000011111111,204,182,141,/home/zhupl25/chiplet_side_channel/chiplet_gds_data/power_macro/delay_chain/ftc/runs/b_fe_frontend/bfe14_arch1_benign_temp_drift/physical/seed_41021/t_+125C/source_hspice,VALID,22,22,1,1
41021,2ce1fc0342bede38f029ca88fe66b503c962de181c40c98b0d1bea91c55b07b7,125,a47522d223ca7148c306a44da11f67079a1cfe671bedd6fc8652c5821fa55af5,5,FALL,000000000000000000000001111111,182,182,141,/home/zhupl25/chiplet_side_channel/chiplet_gds_data/power_macro/delay_chain/ftc/runs/b_fe_frontend/bfe14_arch1_benign_temp_drift/physical/seed_41021/t_+125C/source_hspice,VALID,41,41,0,0
41021,2ce1fc0342bede38f029ca88fe66b503c962de181c40c98b0d1bea91c55b07b7,125,a47522d223ca7148c306a44da11f67079a1cfe671bedd6fc8652c5821fa55af5,6,RISE,000000000000000000000011111111,204,182,141,/home/zhupl25/chiplet_side_channel/chiplet_gds_data/power_macro/delay_chain/ftc/runs/b_fe_frontend/bfe14_arch1_benign_temp_drift/physical/seed_41021/t_+125C/source_hspice,VALID,22,22,1,1
41021,2ce1fc0342bede38f029ca88fe66b503c962de181c40c98b0d1bea91c55b07b7,125,a47522d223ca7148c306a44da11f67079a1cfe671bedd6fc8652c5821fa55af5,7,FALL,000000000000000000000001111111,182,182,141,/home/zhupl25/chiplet_side_channel/chiplet_gds_data/power_macro/delay_chain/ftc/runs/b_fe_frontend/bfe14_arch1_benign_temp_drift/physical/seed_41021/t_+125C/source_hspice,VALID,41,41,0,0
41021,2ce1fc0342bede38f029ca88fe66b503c962de181c40c98b0d1bea91c55b07b7,125,a47522d223ca7148c306a44da11f67079a1cfe671bedd6fc8652c5821fa55af5,8,RISE,000000000000000000000011111111,204,182,141,/home/zhupl25/chiplet_side_channel/chiplet_gds_data/power_macro/delay_chain/ftc/runs/b_fe_frontend/bfe14_arch1_benign_temp_drift/physical/seed_41021/t_+125C/source_hspice,VALID,22,22,1,1
41021,2ce1fc0342bede38f029ca88fe66b503c962de181c40c98b0d1bea91c55b07b7,125,a47522d223ca7148c306a44da11f67079a1cfe671bedd6fc8652c5821fa55af5,9,FALL,000000000000000000000001111111,182,182,141,/home/zhupl25/chiplet_side_channel/chiplet_gds_data/power_macro/delay_chain/ftc/runs/b_fe_frontend/bfe14_arch1_benign_temp_drift/physical/seed_41021/t_+125C/source_hspice,VALID,41,41,0,0
41021,2ce1fc0342bede38f029ca88fe66b503c962de181c40c98b0d1bea91c55b07b7,125,a47522d223ca7148c306a44da11f67079a1cfe671bedd6fc8652c5821fa55af5,10,RISE,000000000000000000000011111111,204,182,141,/home/zhupl25/chiplet_side_channel/chiplet_gds_data/power_macro/delay_chain/ftc/runs/b_fe_frontend/bfe14_arch1_benign_temp_drift/physical/seed_41021/t_+125C/source_hspice,VALID,22,22,1,1
41021,2ce1fc0342bede38f029ca88fe66b503c962de181c40c98b0d1bea91c55b07b7,125,a47522d223ca7148c306a44da11f67079a1cfe671bedd6fc8652c5821fa55af5,11,FALL,000000000000000000000001111111,182,182,141,/home/zhupl25/chiplet_side_channel/chiplet_gds_data/power_macro/delay_chain/ftc/runs/b_fe_frontend/bfe14_arch1_benign_temp_drift/physical/seed_41021/t_+125C/source_hspice,VALID,41,41,0,0
41021,2ce1fc0342bede38f029ca88fe66b503c962de181c40c98b0d1bea91c55b07b7,125,a47522d223ca7148c306a44da11f67079a1cfe671bedd6fc8652c5821fa55af5,12,RISE,000000000000000000000011111111,204,182,141,/home/zhupl25/chiplet_side_channel/chiplet_gds_data/power_macro/delay_chain/ftc/runs/b_fe_frontend/bfe14_arch1_benign_temp_drift/physical/seed_41021/t_+125C/source_hspice,VALID,22,22,1,1
41021,2ce1fc0342bede38f029ca88fe66b503c962de181c40c98b0d1bea91c55b07b7,125,a47522d223ca7148c306a44da11f67079a1cfe671bedd6fc8652c5821fa55af5,13,FALL,000000000000000000000001111111,182,182,141,/home/zhupl25/chiplet_side_channel/chiplet_gds_data/power_macro/delay_chain/ftc/runs/b_fe_frontend/bfe14_arch1_benign_temp_drift/physical/seed_41021/t_+125C/source_hspice,VALID,41,41,0,0
41021,2ce1fc0342bede38f029ca88fe66b503c962de181c40c98b0d1bea91c55b07b7,125,a47522d223ca7148c306a44da11f67079a1cfe671bedd6fc8652c5821fa55af5,14,RISE,000000000000000000000011111111,204,182,141,/home/zhupl25/chiplet_side_channel/chiplet_gds_data/power_macro/delay_chain/ftc/runs/b_fe_frontend/bfe14_arch1_benign_temp_drift/physical/seed_41021/t_+125C/source_hspice,VALID,22,22,1,1
41021,2ce1fc0342bede38f029ca88fe66b503c962de181c40c98b0d1bea91c55b07b7,125,a47522d223ca7148c306a44da11f67079a1cfe671bedd6fc8652c5821fa55af5,15,FALL,000000000000000000000001111111,182,182,141,/home/zhupl25/chiplet_side_channel/chiplet_gds_data/power_macro/delay_chain/ftc/runs/b_fe_frontend/bfe14_arch1_benign_temp_drift/physical/seed_41021/t_+125C/source_hspice,VALID,41,41,0,0
41021,2ce1fc0342bede38f029ca88fe66b503c962de181c40c98b0d1bea91c55b07b7,125,a47522d223ca7148c306a44da11f67079a1cfe671bedd6fc8652c5821fa55af5,16,RISE,000000000000000000000011111111,204,182,141,/home/zhupl25/chiplet_side_channel/chiplet_gds_data/power_macro/delay_chain/ftc/runs/b_fe_frontend/bfe14_arch1_benign_temp_drift/physical/seed_41021/t_+125C/source_hspice,VALID,22,22,1,1
41021,2ce1fc0342bede38f029ca88fe66b503c962de181c40c98b0d1bea91c55b07b7,125,a47522d223ca7148c306a44da11f67079a1cfe671bedd6fc8652c5821fa55af5,17,FALL,000000000000000000000001111111,182,182,141,/home/zhupl25/chiplet_side_channel/chiplet_gds_data/power_macro/delay_chain/ftc/runs/b_fe_frontend/bfe14_arch1_benign_temp_drift/physical/seed_41021/t_+125C/source_hspice,VALID,41,41,0,0
41021,2ce1fc0342bede38f029ca88fe66b503c962de181c40c98b0d1bea91c55b07b7,125,a47522d223ca7148c306a44da11f67079a1cfe671bedd6fc8652c5821fa55af5,18,RISE,000000000000000000000011111111,204,182,141,/home/zhupl25/chiplet_side_channel/chiplet_gds_data/power_macro/delay_chain/ftc/runs/b_fe_frontend/bfe14_arch1_benign_temp_drift/physical/seed_41021/t_+125C/source_hspice,VALID,22,22,1,1
41021,2ce1fc0342bede38f029ca88fe66b503c962de181c40c98b0d1bea91c55b07b7,125,a47522d223ca7148c306a44da11f67079a1cfe671bedd6fc8652c5821fa55af5,19,FALL,000000000000000000000001111111,182,182,141,/home/zhupl25/chiplet_side_channel/chiplet_gds_data/power_macro/delay_chain/ftc/runs/b_fe_frontend/bfe14_arch1_benign_temp_drift/physical/seed_41021/t_+125C/source_hspice,VALID,41,41,0,0
41021,2ce1fc0342bede38f029ca88fe66b503c962de181c40c98b0d1bea91c55b07b7,125,a47522d223ca7148c306a44da11f67079a1cfe671bedd6fc8652c5821fa55af5,20,RISE,000000000000000000000011111111,204,182,141,/home/zhupl25/chiplet_side_channel/chiplet_gds_data/power_macro/delay_chain/ftc/runs/b_fe_frontend/bfe14_arch1_benign_temp_drift/physical/seed_41021/t_+125C/source_hspice,VALID,22,22,1,1
41021,2ce1fc0342bede38f029ca88fe66b503c962de181c40c98b0d1bea91c55b07b7,125,a47522d223ca7148c306a44da11f67079a1cfe671bedd6fc8652c5821fa55af5,21,FALL,000000000000000000000001111111,182,182,141,/home/zhupl25/chiplet_side_channel/chiplet_gds_data/power_macro/delay_chain/ftc/runs/b_fe_frontend/bfe14_arch1_benign_temp_drift/physical/seed_41021/t_+125C/source_hspice,VALID,41,41,0,0
41021,2ce1fc0342bede38f029ca88fe66b503c962de181c40c98b0d1bea91c55b07b7,125,a47522d223ca7148c306a44da11f67079a1cfe671bedd6fc8652c5821fa55af5,22,RISE,000000000000000000000011111111,204,182,141,/home/zhupl25/chiplet_side_channel/chiplet_gds_data/power_macro/delay_chain/ftc/runs/b_fe_frontend/bfe14_arch1_benign_temp_drift/physical/seed_41021/t_+125C/source_hspice,VALID,22,22,1,1
41021,2ce1fc0342bede38f029ca88fe66b503c962de181c40c98b0d1bea91c55b07b7,125,a47522d223ca7148c306a44da11f67079a1cfe671bedd6fc8652c5821fa55af5,23,FALL,000000000000000000000001111111,182,182,141,/home/zhupl25/chiplet_side_channel/chiplet_gds_data/power_macro/delay_chain/ftc/runs/b_fe_frontend/bfe14_arch1_benign_temp_drift/physical/seed_41021/t_+125C/source_hspice,VALID,41,41,0,0
41022,0c7782e877ccf0bab7ce0e0137d86236866b6f7e0fa50dfc4be6dcdda05bfa5d,-40,a47522d223ca7148c306a44da11f67079a1cfe671bedd6fc8652c5821fa55af5,0,RISE,000000000000000000000001111111,182,204,159,/home/zhupl25/chiplet_side_channel/chiplet_gds_data/power_macro/delay_chain/ftc/runs/b_fe_frontend/bfe14_arch1_benign_temp_drift/physical/seed_41022/t_-040C/source_hspice,VALID,-22,22,0,0
41022,0c7782e877ccf0bab7ce0e0137d86236866b6f7e0fa50dfc4be6dcdda05bfa5d,-40,a47522d223ca7148c306a44da11f67079a1cfe671bedd6fc8652c5821fa55af5,1,FALL,000000000000000000000000011111,135,204,159,/home/zhupl25/chiplet_side_channel/chiplet_gds_data/power_macro/delay_chain/ftc/runs/b_fe_frontend/bfe14_arch1_benign_temp_drift/physical/seed_41022/t_-040C/source_hspice,VALID,-24,24,0,0
41022,0c7782e877ccf0bab7ce0e0137d86236866b6f7e0fa50dfc4be6dcdda05bfa5d,-40,a47522d223ca7148c306a44da11f67079a1cfe671bedd6fc8652c5821fa55af5,2,RISE,000000000000000000000001111111,182,204,159,/home/zhupl25/chiplet_side_channel/chiplet_gds_data/power_macro/delay_chain/ftc/runs/b_fe_frontend/bfe14_arch1_benign_temp_drift/physical/seed_41022/t_-040C/source_hspice,VALID,-22,22,0,0
41022,0c7782e877ccf0bab7ce0e0137d86236866b6f7e0fa50dfc4be6dcdda05bfa5d,-40,a47522d223ca7148c306a44da11f67079a1cfe671bedd6fc8652c5821fa55af5,3,FALL,000000000000000000000000011111,135,204,159,/home/zhupl25/chiplet_side_channel/chiplet_gds_data/power_macro/delay_chain/ftc/runs/b_fe_frontend/bfe14_arch1_benign_temp_drift/physical/seed_41022/t_-040C/source_hspice,VALID,-24,24,0,0
41022,0c7782e877ccf0bab7ce0e0137d86236866b6f7e0fa50dfc4be6dcdda05bfa5d,-40,a47522d223ca7148c306a44da11f67079a1cfe671bedd6fc8652c5821fa55af5,4,RISE,000000000000000000000001111111,182,204,159,/home/zhupl25/chiplet_side_channel/chiplet_gds_data/power_macro/delay_chain/ftc/runs/b_fe_frontend/bfe14_arch1_benign_temp_drift/physical/seed_41022/t_-040C/source_hspice,VALID,-22,22,0,0
41022,0c7782e877ccf0bab7ce0e0137d86236866b6f7e0fa50dfc4be6dcdda05bfa5d,-40,a47522d223ca7148c306a44da11f67079a1cfe671bedd6fc8652c5821fa55af5,5,FALL,000000000000000000000000011111,135,204,159,/home/zhupl25/chiplet_side_channel/chiplet_gds_data/power_macro/delay_chain/ftc/runs/b_fe_frontend/bfe14_arch1_benign_temp_drift/physical/seed_41022/t_-040C/source_hspice,VALID,-24,24,0,0
41022,0c7782e877ccf0bab7ce0e0137d86236866b6f7e0fa50dfc4be6dcdda05bfa5d,-40,a47522d223ca7148c306a44da11f67079a1cfe671bedd6fc8652c5821fa55af5,6,RISE,000000000000000000000001111111,182,204,159,/home/zhupl25/chiplet_side_channel/chiplet_gds_data/power_macro/delay_chain/ftc/runs/b_fe_frontend/bfe14_arch1_benign_temp_drift/physical/seed_41022/t_-040C/source_hspice,VALID,-22,22,0,0
41022,0c7782e877ccf0bab7ce0e0137d86236866b6f7e0fa50dfc4be6dcdda05bfa5d,-40,a47522d223ca7148c306a44da11f67079a1cfe671bedd6fc8652c5821fa55af5,7,FALL,000000000000000000000000011111,135,204,159,/home/zhupl25/chiplet_side_channel/chiplet_gds_data/power_macro/delay_chain/ftc/runs/b_fe_frontend/bfe14_arch1_benign_temp_drift/physical/seed_41022/t_-040C/source_hspice,VALID,-24,24,0,0
41022,0c7782e877ccf0bab7ce0e0137d86236866b6f7e0fa50dfc4be6dcdda05bfa5d,-40,a47522d223ca7148c306a44da11f67079a1cfe671bedd6fc8652c5821fa55af5,8,RISE,000000000000000000000001111111,182,204,159,/home/zhupl25/chiplet_side_channel/chiplet_gds_data/power_macro/delay_chain/ftc/runs/b_fe_frontend/bfe14_arch1_benign_temp_drift/physical/seed_41022/t_-040C/source_hspice,VALID,-22,22,0,0
41022,0c7782e877ccf0bab7ce0e0137d86236866b6f7e0fa50dfc4be6dcdda05bfa5d,-40,a47522d223ca7148c306a44da11f67079a1cfe671bedd6fc8652c5821fa55af5,9,FALL,000000000000000000000000011111,135,204,159,/home/zhupl25/chiplet_side_channel/chiplet_gds_data/power_macro/delay_chain/ftc/runs/b_fe_frontend/bfe14_arch1_benign_temp_drift/physical/seed_41022/t_-040C/source_hspice,VALID,-24,24,0,0
41022,0c7782e877ccf0bab7ce0e0137d86236866b6f7e0fa50dfc4be6dcdda05bfa5d,-40,a47522d223ca7148c306a44da11f67079a1cfe671bedd6fc8652c5821fa55af5,10,RISE,000000000000000000000001111111,182,204,159,/home/zhupl25/chiplet_side_channel/chiplet_gds_data/power_macro/delay_chain/ftc/runs/b_fe_frontend/bfe14_arch1_benign_temp_drift/physical/seed_41022/t_-040C/source_hspice,VALID,-22,22,0,0
41022,0c7782e877ccf0bab7ce0e0137d86236866b6f7e0fa50dfc4be6dcdda05bfa5d,-40,a47522d223ca7148c306a44da11f67079a1cfe671bedd6fc8652c5821fa55af5,11,FALL,000000000000000000000000011111,135,204,159,/home/zhupl25/chiplet_side_channel/chiplet_gds_data/power_macro/delay_chain/ftc/runs/b_fe_frontend/bfe14_arch1_benign_temp_drift/physical/seed_41022/t_-040C/source_hspice,VALID,-24,24,0,0
41022,0c7782e877ccf0bab7ce0e0137d86236866b6f7e0fa50dfc4be6dcdda05bfa5d,-40,a47522d223ca7148c306a44da11f67079a1cfe671bedd6fc8652c5821fa55af5,12,RISE,000000000000000000000001111111,182,204,159,/home/zhupl25/chiplet_side_channel/chiplet_gds_data/power_macro/delay_chain/ftc/runs/b_fe_frontend/bfe14_arch1_benign_temp_drift/physical/seed_41022/t_-040C/source_hspice,VALID,-22,22,0,0
41022,0c7782e877ccf0bab7ce0e0137d86236866b6f7e0fa50dfc4be6dcdda05bfa5d,-40,a47522d223ca7148c306a44da11f67079a1cfe671bedd6fc8652c5821fa55af5,13,FALL,000000000000000000000000011111,135,204,159,/home/zhupl25/chiplet_side_channel/chiplet_gds_data/power_macro/delay_chain/ftc/runs/b_fe_frontend/bfe14_arch1_benign_temp_drift/physical/seed_41022/t_-040C/source_hspice,VALID,-24,24,0,0
41022,0c7782e877ccf0bab7ce0e0137d86236866b6f7e0fa50dfc4be6dcdda05bfa5d,-40,a47522d223ca7148c306a44da11f67079a1cfe671bedd6fc8652c5821fa55af5,14,RISE,000000000000000000000001111111,182,204,159,/home/zhupl25/chiplet_side_channel/chiplet_gds_data/power_macro/delay_chain/ftc/runs/b_fe_frontend/bfe14_arch1_benign_temp_drift/physical/seed_41022/t_-040C/source_hspice,VALID,-22,22,0,0
41022,0c7782e877ccf0bab7ce0e0137d86236866b6f7e0fa50dfc4be6dcdda05bfa5d,-40,a47522d223ca7148c306a44da11f67079a1cfe671bedd6fc8652c5821fa55af5,15,FALL,000000000000000000000000011111,135,204,159,/home/zhupl25/chiplet_side_channel/chiplet_gds_data/power_macro/delay_chain/ftc/runs/b_fe_frontend/bfe14_arch1_benign_temp_drift/physical/seed_41022/t_-040C/source_hspice,VALID,-24,24,0,0
41022,0c7782e877ccf0bab7ce0e0137d86236866b6f7e0fa50dfc4be6dcdda05bfa5d,-40,a47522d223ca7148c306a44da11f67079a1cfe671bedd6fc8652c5821fa55af5,16,RISE,000000000000000000000001111111,182,204,159,/home/zhupl25/chiplet_side_channel/chiplet_gds_data/power_macro/delay_chain/ftc/runs/b_fe_frontend/bfe14_arch1_benign_temp_drift/physical/seed_41022/t_-040C/source_hspice,VALID,-22,22,0,0
41022,0c7782e877ccf0bab7ce0e0137d86236866b6f7e0fa50dfc4be6dcdda05bfa5d,-40,a47522d223ca7148c306a44da11f67079a1cfe671bedd6fc8652c5821fa55af5,17,FALL,000000000000000000000000011111,135,204,159,/home/zhupl25/chiplet_side_channel/chiplet_gds_data/power_macro/delay_chain/ftc/runs/b_fe_frontend/bfe14_arch1_benign_temp_drift/physical/seed_41022/t_-040C/source_hspice,VALID,-24,24,0,0
41022,0c7782e877ccf0bab7ce0e0137d86236866b6f7e0fa50dfc4be6dcdda05bfa5d,-40,a47522d223ca7148c306a44da11f67079a1cfe671bedd6fc8652c5821fa55af5,18,RISE,000000000000000000000001111111,182,204,159,/home/zhupl25/chiplet_side_channel/chiplet_gds_data/power_macro/delay_chain/ftc/runs/b_fe_frontend/bfe14_arch1_benign_temp_drift/physical/seed_41022/t_-040C/source_hspice,VALID,-22,22,0,0
41022,0c7782e877ccf0bab7ce0e0137d86236866b6f7e0fa50dfc4be6dcdda05bfa5d,-40,a47522d223ca7148c306a44da11f67079a1cfe671bedd6fc8652c5821fa55af5,19,FALL,000000000000000000000000011111,135,204,159,/home/zhupl25/chiplet_side_channel/chiplet_gds_data/power_macro/delay_chain/ftc/runs/b_fe_frontend/bfe14_arch1_benign_temp_drift/physical/seed_41022/t_-040C/source_hspice,VALID,-24,24,0,0
41022,0c7782e877ccf0bab7ce0e0137d86236866b6f7e0fa50dfc4be6dcdda05bfa5d,-40,a47522d223ca7148c306a44da11f67079a1cfe671bedd6fc8652c5821fa55af5,20,RISE,000000000000000000000001111111,182,204,159,/home/zhupl25/chiplet_side_channel/chiplet_gds_data/power_macro/delay_chain/ftc/runs/b_fe_frontend/bfe14_arch1_benign_temp_drift/physical/seed_41022/t_-040C/source_hspice,VALID,-22,22,0,0
41022,0c7782e877ccf0bab7ce0e0137d86236866b6f7e0fa50dfc4be6dcdda05bfa5d,-40,a47522d223ca7148c306a44da11f67079a1cfe671bedd6fc8652c5821fa55af5,21,FALL,000000000000000000000000011111,135,204,159,/home/zhupl25/chiplet_side_channel/chiplet_gds_data/power_macro/delay_chain/ftc/runs/b_fe_frontend/bfe14_arch1_benign_temp_drift/physical/seed_41022/t_-040C/source_hspice,VALID,-24,24,0,0
41022,0c7782e877ccf0bab7ce0e0137d86236866b6f7e0fa50dfc4be6dcdda05bfa5d,-40,a47522d223ca7148c306a44da11f67079a1cfe671bedd6fc8652c5821fa55af5,22,RISE,000000000000000000000001111111,182,204,159,/home/zhupl25/chiplet_side_channel/chiplet_gds_data/power_macro/delay_chain/ftc/runs/b_fe_frontend/bfe14_arch1_benign_temp_drift/physical/seed_41022/t_-040C/source_hspice,VALID,-22,22,0,0
41022,0c7782e877ccf0bab7ce0e0137d86236866b6f7e0fa50dfc4be6dcdda05bfa5d,-40,a47522d223ca7148c306a44da11f67079a1cfe671bedd6fc8652c5821fa55af5,23,FALL,000000000000000000000000011111,135,204,159,/home/zhupl25/chiplet_side_channel/chiplet_gds_data/power_macro/delay_chain/ftc/runs/b_fe_frontend/bfe14_arch1_benign_temp_drift/physical/seed_41022/t_-040C/source_hspice,VALID,-24,24,0,0
41022,0c7782e877ccf0bab7ce0e0137d86236866b6f7e0fa50dfc4be6dcdda05bfa5d,125,a47522d223ca7148c306a44da11f67079a1cfe671bedd6fc8652c5821fa55af5,0,RISE,000000000000000000000111111111,225,204,159,/home/zhupl25/chiplet_side_channel/chiplet_gds_data/power_macro/delay_chain/ftc/runs/b_fe_frontend/bfe14_arch1_benign_temp_drift/physical/seed_41022/t_+125C/source_hspice,VALID,21,21,1,1
41022,0c7782e877ccf0bab7ce0e0137d86236866b6f7e0fa50dfc4be6dcdda05bfa5d,125,a47522d223ca7148c306a44da11f67079a1cfe671bedd6fc8652c5821fa55af5,1,FALL,000000000000000000000011111111,204,204,159,/home/zhupl25/chiplet_side_channel/chiplet_gds_data/power_macro/delay_chain/ftc/runs/b_fe_frontend/bfe14_arch1_benign_temp_drift/physical/seed_41022/t_+125C/source_hspice,VALID,45,45,0,0
41022,0c7782e877ccf0bab7ce0e0137d86236866b6f7e0fa50dfc4be6dcdda05bfa5d,125,a47522d223ca7148c306a44da11f67079a1cfe671bedd6fc8652c5821fa55af5,2,RISE,000000000000000000000111111111,225,204,159,/home/zhupl25/chiplet_side_channel/chiplet_gds_data/power_macro/delay_chain/ftc/runs/b_fe_frontend/bfe14_arch1_benign_temp_drift/physical/seed_41022/t_+125C/source_hspice,VALID,21,21,1,1
41022,0c7782e877ccf0bab7ce0e0137d86236866b6f7e0fa50dfc4be6dcdda05bfa5d,125,a47522d223ca7148c306a44da11f67079a1cfe671bedd6fc8652c5821fa55af5,3,FALL,000000000000000000000001111111,182,204,159,/home/zhupl25/chiplet_side_channel/chiplet_gds_data/power_macro/delay_chain/ftc/runs/b_fe_frontend/bfe14_arch1_benign_temp_drift/physical/seed_41022/t_+125C/source_hspice,VALID,23,23,0,0
41022,0c7782e877ccf0bab7ce0e0137d86236866b6f7e0fa50dfc4be6dcdda05bfa5d,125,a47522d223ca7148c306a44da11f67079a1cfe671bedd6fc8652c5821fa55af5,4,RISE,000000000000000000000111111111,225,204,159,/home/zhupl25/chiplet_side_channel/chiplet_gds_data/power_macro/delay_chain/ftc/runs/b_fe_frontend/bfe14_arch1_benign_temp_drift/physical/seed_41022/t_+125C/source_hspice,VALID,21,21,1,1
41022,0c7782e877ccf0bab7ce0e0137d86236866b6f7e0fa50dfc4be6dcdda05bfa5d,125,a47522d223ca7148c306a44da11f67079a1cfe671bedd6fc8652c5821fa55af5,5,FALL,000000000000000000000011111111,204,204,159,/home/zhupl25/chiplet_side_channel/chiplet_gds_data/power_macro/delay_chain/ftc/runs/b_fe_frontend/bfe14_arch1_benign_temp_drift/physical/seed_41022/t_+125C/source_hspice,VALID,45,45,0,0
41022,0c7782e877ccf0bab7ce0e0137d86236866b6f7e0fa50dfc4be6dcdda05bfa5d,125,a47522d223ca7148c306a44da11f67079a1cfe671bedd6fc8652c5821fa55af5,6,RISE,000000000000000000000011111111,204,204,159,/home/zhupl25/chiplet_side_channel/chiplet_gds_data/power_macro/delay_chain/ftc/runs/b_fe_frontend/bfe14_arch1_benign_temp_drift/physical/seed_41022/t_+125C/source_hspice,VALID,0,0,0,0
41022,0c7782e877ccf0bab7ce0e0137d86236866b6f7e0fa50dfc4be6dcdda05bfa5d,125,a47522d223ca7148c306a44da11f67079a1cfe671bedd6fc8652c5821fa55af5,7,FALL,000000000000000000000011111111,204,204,159,/home/zhupl25/chiplet_side_channel/chiplet_gds_data/power_macro/delay_chain/ftc/runs/b_fe_frontend/bfe14_arch1_benign_temp_drift/physical/seed_41022/t_+125C/source_hspice,VALID,45,45,0,0
41022,0c7782e877ccf0bab7ce0e0137d86236866b6f7e0fa50dfc4be6dcdda05bfa5d,125,a47522d223ca7148c306a44da11f67079a1cfe671bedd6fc8652c5821fa55af5,8,RISE,000000000000000000000111111111,225,204,159,/home/zhupl25/chiplet_side_channel/chiplet_gds_data/power_macro/delay_chain/ftc/runs/b_fe_frontend/bfe14_arch1_benign_temp_drift/physical/seed_41022/t_+125C/source_hspice,VALID,21,21,1,1
41022,0c7782e877ccf0bab7ce0e0137d86236866b6f7e0fa50dfc4be6dcdda05bfa5d,125,a47522d223ca7148c306a44da11f67079a1cfe671bedd6fc8652c5821fa55af5,9,FALL,000000000000000000000011111111,204,204,159,/home/zhupl25/chiplet_side_channel/chiplet_gds_data/power_macro/delay_chain/ftc/runs/b_fe_frontend/bfe14_arch1_benign_temp_drift/physical/seed_41022/t_+125C/source_hspice,VALID,45,45,0,0
41022,0c7782e877ccf0bab7ce0e0137d86236866b6f7e0fa50dfc4be6dcdda05bfa5d,125,a47522d223ca7148c306a44da11f67079a1cfe671bedd6fc8652c5821fa55af5,10,RISE,000000000000000000000111111111,225,204,159,/home/zhupl25/chiplet_side_channel/chiplet_gds_data/power_macro/delay_chain/ftc/runs/b_fe_frontend/bfe14_arch1_benign_temp_drift/physical/seed_41022/t_+125C/source_hspice,VALID,21,21,1,1
41022,0c7782e877ccf0bab7ce0e0137d86236866b6f7e0fa50dfc4be6dcdda05bfa5d,125,a47522d223ca7148c306a44da11f67079a1cfe671bedd6fc8652c5821fa55af5,11,FALL,000000000000000000000001111111,182,204,159,/home/zhupl25/chiplet_side_channel/chiplet_gds_data/power_macro/delay_chain/ftc/runs/b_fe_frontend/bfe14_arch1_benign_temp_drift/physical/seed_41022/t_+125C/source_hspice,VALID,23,23,0,0
41022,0c7782e877ccf0bab7ce0e0137d86236866b6f7e0fa50dfc4be6dcdda05bfa5d,125,a47522d223ca7148c306a44da11f67079a1cfe671bedd6fc8652c5821fa55af5,12,RISE,000000000000000000000011111111,204,204,159,/home/zhupl25/chiplet_side_channel/chiplet_gds_data/power_macro/delay_chain/ftc/runs/b_fe_frontend/bfe14_arch1_benign_temp_drift/physical/seed_41022/t_+125C/source_hspice,VALID,0,0,0,0
41022,0c7782e877ccf0bab7ce0e0137d86236866b6f7e0fa50dfc4be6dcdda05bfa5d,125,a47522d223ca7148c306a44da11f67079a1cfe671bedd6fc8652c5821fa55af5,13,FALL,000000000000000000000001111111,182,204,159,/home/zhupl25/chiplet_side_channel/chiplet_gds_data/power_macro/delay_chain/ftc/runs/b_fe_frontend/bfe14_arch1_benign_temp_drift/physical/seed_41022/t_+125C/source_hspice,VALID,23,23,0,0
41022,0c7782e877ccf0bab7ce0e0137d86236866b6f7e0fa50dfc4be6dcdda05bfa5d,125,a47522d223ca7148c306a44da11f67079a1cfe671bedd6fc8652c5821fa55af5,14,RISE,000000000000000000000111111111,225,204,159,/home/zhupl25/chiplet_side_channel/chiplet_gds_data/power_macro/delay_chain/ftc/runs/b_fe_frontend/bfe14_arch1_benign_temp_drift/physical/seed_41022/t_+125C/source_hspice,VALID,21,21,1,1
41022,0c7782e877ccf0bab7ce0e0137d86236866b6f7e0fa50dfc4be6dcdda05bfa5d,125,a47522d223ca7148c306a44da11f67079a1cfe671bedd6fc8652c5821fa55af5,15,FALL,000000000000000000000001111111,182,204,159,/home/zhupl25/chiplet_side_channel/chiplet_gds_data/power_macro/delay_chain/ftc/runs/b_fe_frontend/bfe14_arch1_benign_temp_drift/physical/seed_41022/t_+125C/source_hspice,VALID,23,23,0,0
41022,0c7782e877ccf0bab7ce0e0137d86236866b6f7e0fa50dfc4be6dcdda05bfa5d,125,a47522d223ca7148c306a44da11f67079a1cfe671bedd6fc8652c5821fa55af5,16,RISE,000000000000000000000011111111,204,204,159,/home/zhupl25/chiplet_side_channel/chiplet_gds_data/power_macro/delay_chain/ftc/runs/b_fe_frontend/bfe14_arch1_benign_temp_drift/physical/seed_41022/t_+125C/source_hspice,VALID,0,0,0,0
41022,0c7782e877ccf0bab7ce0e0137d86236866b6f7e0fa50dfc4be6dcdda05bfa5d,125,a47522d223ca7148c306a44da11f67079a1cfe671bedd6fc8652c5821fa55af5,17,FALL,000000000000000000000011111111,204,204,159,/home/zhupl25/chiplet_side_channel/chiplet_gds_data/power_macro/delay_chain/ftc/runs/b_fe_frontend/bfe14_arch1_benign_temp_drift/physical/seed_41022/t_+125C/source_hspice,VALID,45,45,0,0
41022,0c7782e877ccf0bab7ce0e0137d86236866b6f7e0fa50dfc4be6dcdda05bfa5d,125,a47522d223ca7148c306a44da11f67079a1cfe671bedd6fc8652c5821fa55af5,18,RISE,000000000000000000000011111111,204,204,159,/home/zhupl25/chiplet_side_channel/chiplet_gds_data/power_macro/delay_chain/ftc/runs/b_fe_frontend/bfe14_arch1_benign_temp_drift/physical/seed_41022/t_+125C/source_hspice,VALID,0,0,0,0
41022,0c7782e877ccf0bab7ce0e0137d86236866b6f7e0fa50dfc4be6dcdda05bfa5d,125,a47522d223ca7148c306a44da11f67079a1cfe671bedd6fc8652c5821fa55af5,19,FALL,000000000000000000000001111111,182,204,159,/home/zhupl25/chiplet_side_channel/chiplet_gds_data/power_macro/delay_chain/ftc/runs/b_fe_frontend/bfe14_arch1_benign_temp_drift/physical/seed_41022/t_+125C/source_hspice,VALID,23,23,0,0
41022,0c7782e877ccf0bab7ce0e0137d86236866b6f7e0fa50dfc4be6dcdda05bfa5d,125,a47522d223ca7148c306a44da11f67079a1cfe671bedd6fc8652c5821fa55af5,20,RISE,000000000000000000000011111111,204,204,159,/home/zhupl25/chiplet_side_channel/chiplet_gds_data/power_macro/delay_chain/ftc/runs/b_fe_frontend/bfe14_arch1_benign_temp_drift/physical/seed_41022/t_+125C/source_hspice,VALID,0,0,0,0
41022,0c7782e877ccf0bab7ce0e0137d86236866b6f7e0fa50dfc4be6dcdda05bfa5d,125,a47522d223ca7148c306a44da11f67079a1cfe671bedd6fc8652c5821fa55af5,21,FALL,000000000000000000000001111111,182,204,159,/home/zhupl25/chiplet_side_channel/chiplet_gds_data/power_macro/delay_chain/ftc/runs/b_fe_frontend/bfe14_arch1_benign_temp_drift/physical/seed_41022/t_+125C/source_hspice,VALID,23,23,0,0
41022,0c7782e877ccf0bab7ce0e0137d86236866b6f7e0fa50dfc4be6dcdda05bfa5d,125,a47522d223ca7148c306a44da11f67079a1cfe671bedd6fc8652c5821fa55af5,22,RISE,000000000000000000000111111111,225,204,159,/home/zhupl25/chiplet_side_channel/chiplet_gds_data/power_macro/delay_chain/ftc/runs/b_fe_frontend/bfe14_arch1_benign_temp_drift/physical/seed_41022/t_+125C/source_hspice,VALID,21,21,1,1
41022,0c7782e877ccf0bab7ce0e0137d86236866b6f7e0fa50dfc4be6dcdda05bfa5d,125,a47522d223ca7148c306a44da11f67079a1cfe671bedd6fc8652c5821fa55af5,23,FALL,000000000000000000000011111111,204,204,159,/home/zhupl25/chiplet_side_channel/chiplet_gds_data/power_macro/delay_chain/ftc/runs/b_fe_frontend/bfe14_arch1_benign_temp_drift/physical/seed_41022/t_+125C/source_hspice,VALID,45,45,0,0
41023,84f87b94eb0649b56da2ef95989c7285f2d5646957fbbf6e040dcba60f04decb,-40,a47522d223ca7148c306a44da11f67079a1cfe671bedd6fc8652c5821fa55af5,0,RISE,000000000000000000000011111111,204,209,182,/home/zhupl25/chiplet_side_channel/chiplet_gds_data/power_macro/delay_chain/ftc/runs/b_fe_frontend/bfe14_arch1_benign_temp_drift/physical/seed_41023/t_-040C/source_hspice,VALID,-5,5,0,0
41023,84f87b94eb0649b56da2ef95989c7285f2d5646957fbbf6e040dcba60f04decb,-40,a47522d223ca7148c306a44da11f67079a1cfe671bedd6fc8652c5821fa55af5,1,FALL,000000000000000000000000111111,159,209,182,/home/zhupl25/chiplet_side_channel/chiplet_gds_data/power_macro/delay_chain/ftc/runs/b_fe_frontend/bfe14_arch1_benign_temp_drift/physical/seed_41023/t_-040C/source_hspice,VALID,-23,23,0,0
41023,84f87b94eb0649b56da2ef95989c7285f2d5646957fbbf6e040dcba60f04decb,-40,a47522d223ca7148c306a44da11f67079a1cfe671bedd6fc8652c5821fa55af5,2,RISE,000000000000000000000011111111,204,209,182,/home/zhupl25/chiplet_side_channel/chiplet_gds_data/power_macro/delay_chain/ftc/runs/b_fe_frontend/bfe14_arch1_benign_temp_drift/physical/seed_41023/t_-040C/source_hspice,VALID,-5,5,0,0
41023,84f87b94eb0649b56da2ef95989c7285f2d5646957fbbf6e040dcba60f04decb,-40,a47522d223ca7148c306a44da11f67079a1cfe671bedd6fc8652c5821fa55af5,3,FALL,000000000000000000000000111111,159,209,182,/home/zhupl25/chiplet_side_channel/chiplet_gds_data/power_macro/delay_chain/ftc/runs/b_fe_frontend/bfe14_arch1_benign_temp_drift/physical/seed_41023/t_-040C/source_hspice,VALID,-23,23,0,0
41023,84f87b94eb0649b56da2ef95989c7285f2d5646957fbbf6e040dcba60f04decb,-40,a47522d223ca7148c306a44da11f67079a1cfe671bedd6fc8652c5821fa55af5,4,RISE,000000000000000000000011111111,204,209,182,/home/zhupl25/chiplet_side_channel/chiplet_gds_data/power_macro/delay_chain/ftc/runs/b_fe_frontend/bfe14_arch1_benign_temp_drift/physical/seed_41023/t_-040C/source_hspice,VALID,-5,5,0,0
41023,84f87b94eb0649b56da2ef95989c7285f2d5646957fbbf6e040dcba60f04decb,-40,a47522d223ca7148c306a44da11f67079a1cfe671bedd6fc8652c5821fa55af5,5,FALL,000000000000000000000000111111,159,209,182,/home/zhupl25/chiplet_side_channel/chiplet_gds_data/power_macro/delay_chain/ftc/runs/b_fe_frontend/bfe14_arch1_benign_temp_drift/physical/seed_41023/t_-040C/source_hspice,VALID,-23,23,0,0
41023,84f87b94eb0649b56da2ef95989c7285f2d5646957fbbf6e040dcba60f04decb,-40,a47522d223ca7148c306a44da11f67079a1cfe671bedd6fc8652c5821fa55af5,6,RISE,000000000000000000000011111111,204,209,182,/home/zhupl25/chiplet_side_channel/chiplet_gds_data/power_macro/delay_chain/ftc/runs/b_fe_frontend/bfe14_arch1_benign_temp_drift/physical/seed_41023/t_-040C/source_hspice,VALID,-5,5,0,0
41023,84f87b94eb0649b56da2ef95989c7285f2d5646957fbbf6e040dcba60f04decb,-40,a47522d223ca7148c306a44da11f67079a1cfe671bedd6fc8652c5821fa55af5,7,FALL,000000000000000000000000111111,159,209,182,/home/zhupl25/chiplet_side_channel/chiplet_gds_data/power_macro/delay_chain/ftc/runs/b_fe_frontend/bfe14_arch1_benign_temp_drift/physical/seed_41023/t_-040C/source_hspice,VALID,-23,23,0,0
41023,84f87b94eb0649b56da2ef95989c7285f2d5646957fbbf6e040dcba60f04decb,-40,a47522d223ca7148c306a44da11f67079a1cfe671bedd6fc8652c5821fa55af5,8,RISE,000000000000000000000011111111,204,209,182,/home/zhupl25/chiplet_side_channel/chiplet_gds_data/power_macro/delay_chain/ftc/runs/b_fe_frontend/bfe14_arch1_benign_temp_drift/physical/seed_41023/t_-040C/source_hspice,VALID,-5,5,0,0
41023,84f87b94eb0649b56da2ef95989c7285f2d5646957fbbf6e040dcba60f04decb,-40,a47522d223ca7148c306a44da11f67079a1cfe671bedd6fc8652c5821fa55af5,9,FALL,000000000000000000000000111111,159,209,182,/home/zhupl25/chiplet_side_channel/chiplet_gds_data/power_macro/delay_chain/ftc/runs/b_fe_frontend/bfe14_arch1_benign_temp_drift/physical/seed_41023/t_-040C/source_hspice,VALID,-23,23,0,0
41023,84f87b94eb0649b56da2ef95989c7285f2d5646957fbbf6e040dcba60f04decb,-40,a47522d223ca7148c306a44da11f67079a1cfe671bedd6fc8652c5821fa55af5,10,RISE,000000000000000000000011111111,204,209,182,/home/zhupl25/chiplet_side_channel/chiplet_gds_data/power_macro/delay_chain/ftc/runs/b_fe_frontend/bfe14_arch1_benign_temp_drift/physical/seed_41023/t_-040C/source_hspice,VALID,-5,5,0,0
41023,84f87b94eb0649b56da2ef95989c7285f2d5646957fbbf6e040dcba60f04decb,-40,a47522d223ca7148c306a44da11f67079a1cfe671bedd6fc8652c5821fa55af5,11,FALL,000000000000000000000000111111,159,209,182,/home/zhupl25/chiplet_side_channel/chiplet_gds_data/power_macro/delay_chain/ftc/runs/b_fe_frontend/bfe14_arch1_benign_temp_drift/physical/seed_41023/t_-040C/source_hspice,VALID,-23,23,0,0
41023,84f87b94eb0649b56da2ef95989c7285f2d5646957fbbf6e040dcba60f04decb,-40,a47522d223ca7148c306a44da11f67079a1cfe671bedd6fc8652c5821fa55af5,12,RISE,000000000000000000000011111111,204,209,182,/home/zhupl25/chiplet_side_channel/chiplet_gds_data/power_macro/delay_chain/ftc/runs/b_fe_frontend/bfe14_arch1_benign_temp_drift/physical/seed_41023/t_-040C/source_hspice,VALID,-5,5,0,0
41023,84f87b94eb0649b56da2ef95989c7285f2d5646957fbbf6e040dcba60f04decb,-40,a47522d223ca7148c306a44da11f67079a1cfe671bedd6fc8652c5821fa55af5,13,FALL,000000000000000000000000111111,159,209,182,/home/zhupl25/chiplet_side_channel/chiplet_gds_data/power_macro/delay_chain/ftc/runs/b_fe_frontend/bfe14_arch1_benign_temp_drift/physical/seed_41023/t_-040C/source_hspice,VALID,-23,23,0,0
41023,84f87b94eb0649b56da2ef95989c7285f2d5646957fbbf6e040dcba60f04decb,-40,a47522d223ca7148c306a44da11f67079a1cfe671bedd6fc8652c5821fa55af5,14,RISE,000000000000000000000011111111,204,209,182,/home/zhupl25/chiplet_side_channel/chiplet_gds_data/power_macro/delay_chain/ftc/runs/b_fe_frontend/bfe14_arch1_benign_temp_drift/physical/seed_41023/t_-040C/source_hspice,VALID,-5,5,0,0
41023,84f87b94eb0649b56da2ef95989c7285f2d5646957fbbf6e040dcba60f04decb,-40,a47522d223ca7148c306a44da11f67079a1cfe671bedd6fc8652c5821fa55af5,15,FALL,000000000000000000000000111111,159,209,182,/home/zhupl25/chiplet_side_channel/chiplet_gds_data/power_macro/delay_chain/ftc/runs/b_fe_frontend/bfe14_arch1_benign_temp_drift/physical/seed_41023/t_-040C/source_hspice,VALID,-23,23,0,0
41023,84f87b94eb0649b56da2ef95989c7285f2d5646957fbbf6e040dcba60f04decb,-40,a47522d223ca7148c306a44da11f67079a1cfe671bedd6fc8652c5821fa55af5,16,RISE,000000000000000000000011111111,204,209,182,/home/zhupl25/chiplet_side_channel/chiplet_gds_data/power_macro/delay_chain/ftc/runs/b_fe_frontend/bfe14_arch1_benign_temp_drift/physical/seed_41023/t_-040C/source_hspice,VALID,-5,5,0,0
41023,84f87b94eb0649b56da2ef95989c7285f2d5646957fbbf6e040dcba60f04decb,-40,a47522d223ca7148c306a44da11f67079a1cfe671bedd6fc8652c5821fa55af5,17,FALL,000000000000000000000000111111,159,209,182,/home/zhupl25/chiplet_side_channel/chiplet_gds_data/power_macro/delay_chain/ftc/runs/b_fe_frontend/bfe14_arch1_benign_temp_drift/physical/seed_41023/t_-040C/source_hspice,VALID,-23,23,0,0
41023,84f87b94eb0649b56da2ef95989c7285f2d5646957fbbf6e040dcba60f04decb,-40,a47522d223ca7148c306a44da11f67079a1cfe671bedd6fc8652c5821fa55af5,18,RISE,000000000000000000000011111111,204,209,182,/home/zhupl25/chiplet_side_channel/chiplet_gds_data/power_macro/delay_chain/ftc/runs/b_fe_frontend/bfe14_arch1_benign_temp_drift/physical/seed_41023/t_-040C/source_hspice,VALID,-5,5,0,0
41023,84f87b94eb0649b56da2ef95989c7285f2d5646957fbbf6e040dcba60f04decb,-40,a47522d223ca7148c306a44da11f67079a1cfe671bedd6fc8652c5821fa55af5,19,FALL,000000000000000000000000111111,159,209,182,/home/zhupl25/chiplet_side_channel/chiplet_gds_data/power_macro/delay_chain/ftc/runs/b_fe_frontend/bfe14_arch1_benign_temp_drift/physical/seed_41023/t_-040C/source_hspice,VALID,-23,23,0,0
41023,84f87b94eb0649b56da2ef95989c7285f2d5646957fbbf6e040dcba60f04decb,-40,a47522d223ca7148c306a44da11f67079a1cfe671bedd6fc8652c5821fa55af5,20,RISE,000000000000000000000011111111,204,209,182,/home/zhupl25/chiplet_side_channel/chiplet_gds_data/power_macro/delay_chain/ftc/runs/b_fe_frontend/bfe14_arch1_benign_temp_drift/physical/seed_41023/t_-040C/source_hspice,VALID,-5,5,0,0
41023,84f87b94eb0649b56da2ef95989c7285f2d5646957fbbf6e040dcba60f04decb,-40,a47522d223ca7148c306a44da11f67079a1cfe671bedd6fc8652c5821fa55af5,21,FALL,000000000000000000000000111111,159,209,182,/home/zhupl25/chiplet_side_channel/chiplet_gds_data/power_macro/delay_chain/ftc/runs/b_fe_frontend/bfe14_arch1_benign_temp_drift/physical/seed_41023/t_-040C/source_hspice,VALID,-23,23,0,0
41023,84f87b94eb0649b56da2ef95989c7285f2d5646957fbbf6e040dcba60f04decb,-40,a47522d223ca7148c306a44da11f67079a1cfe671bedd6fc8652c5821fa55af5,22,RISE,000000000000000000000011111111,204,209,182,/home/zhupl25/chiplet_side_channel/chiplet_gds_data/power_macro/delay_chain/ftc/runs/b_fe_frontend/bfe14_arch1_benign_temp_drift/physical/seed_41023/t_-040C/source_hspice,VALID,-5,5,0,0
41023,84f87b94eb0649b56da2ef95989c7285f2d5646957fbbf6e040dcba60f04decb,-40,a47522d223ca7148c306a44da11f67079a1cfe671bedd6fc8652c5821fa55af5,23,FALL,000000000000000000000000111111,159,209,182,/home/zhupl25/chiplet_side_channel/chiplet_gds_data/power_macro/delay_chain/ftc/runs/b_fe_frontend/bfe14_arch1_benign_temp_drift/physical/seed_41023/t_-040C/source_hspice,VALID,-23,23,0,0
41023,84f87b94eb0649b56da2ef95989c7285f2d5646957fbbf6e040dcba60f04decb,125,a47522d223ca7148c306a44da11f67079a1cfe671bedd6fc8652c5821fa55af5,0,RISE,000000000000000000000111111111,225,209,182,/home/zhupl25/chiplet_side_channel/chiplet_gds_data/power_macro/delay_chain/ftc/runs/b_fe_frontend/bfe14_arch1_benign_temp_drift/physical/seed_41023/t_+125C/source_hspice,VALID,16,16,0,0
41023,84f87b94eb0649b56da2ef95989c7285f2d5646957fbbf6e040dcba60f04decb,125,a47522d223ca7148c306a44da11f67079a1cfe671bedd6fc8652c5821fa55af5,1,FALL,000000000000000000000011111111,204,209,182,/home/zhupl25/chiplet_side_channel/chiplet_gds_data/power_macro/delay_chain/ftc/runs/b_fe_frontend/bfe14_arch1_benign_temp_drift/physical/seed_41023/t_+125C/source_hspice,VALID,22,22,0,0
41023,84f87b94eb0649b56da2ef95989c7285f2d5646957fbbf6e040dcba60f04decb,125,a47522d223ca7148c306a44da11f67079a1cfe671bedd6fc8652c5821fa55af5,2,RISE,000000000000000000000111111111,225,209,182,/home/zhupl25/chiplet_side_channel/chiplet_gds_data/power_macro/delay_chain/ftc/runs/b_fe_frontend/bfe14_arch1_benign_temp_drift/physical/seed_41023/t_+125C/source_hspice,VALID,16,16,0,0
41023,84f87b94eb0649b56da2ef95989c7285f2d5646957fbbf6e040dcba60f04decb,125,a47522d223ca7148c306a44da11f67079a1cfe671bedd6fc8652c5821fa55af5,3,FALL,000000000000000000000011111111,204,209,182,/home/zhupl25/chiplet_side_channel/chiplet_gds_data/power_macro/delay_chain/ftc/runs/b_fe_frontend/bfe14_arch1_benign_temp_drift/physical/seed_41023/t_+125C/source_hspice,VALID,22,22,0,0
41023,84f87b94eb0649b56da2ef95989c7285f2d5646957fbbf6e040dcba60f04decb,125,a47522d223ca7148c306a44da11f67079a1cfe671bedd6fc8652c5821fa55af5,4,RISE,000000000000000000000111111111,225,209,182,/home/zhupl25/chiplet_side_channel/chiplet_gds_data/power_macro/delay_chain/ftc/runs/b_fe_frontend/bfe14_arch1_benign_temp_drift/physical/seed_41023/t_+125C/source_hspice,VALID,16,16,0,0
41023,84f87b94eb0649b56da2ef95989c7285f2d5646957fbbf6e040dcba60f04decb,125,a47522d223ca7148c306a44da11f67079a1cfe671bedd6fc8652c5821fa55af5,5,FALL,000000000000000000000011111111,204,209,182,/home/zhupl25/chiplet_side_channel/chiplet_gds_data/power_macro/delay_chain/ftc/runs/b_fe_frontend/bfe14_arch1_benign_temp_drift/physical/seed_41023/t_+125C/source_hspice,VALID,22,22,0,0
41023,84f87b94eb0649b56da2ef95989c7285f2d5646957fbbf6e040dcba60f04decb,125,a47522d223ca7148c306a44da11f67079a1cfe671bedd6fc8652c5821fa55af5,6,RISE,000000000000000000000111111111,225,209,182,/home/zhupl25/chiplet_side_channel/chiplet_gds_data/power_macro/delay_chain/ftc/runs/b_fe_frontend/bfe14_arch1_benign_temp_drift/physical/seed_41023/t_+125C/source_hspice,VALID,16,16,0,0
41023,84f87b94eb0649b56da2ef95989c7285f2d5646957fbbf6e040dcba60f04decb,125,a47522d223ca7148c306a44da11f67079a1cfe671bedd6fc8652c5821fa55af5,7,FALL,000000000000000000000011111111,204,209,182,/home/zhupl25/chiplet_side_channel/chiplet_gds_data/power_macro/delay_chain/ftc/runs/b_fe_frontend/bfe14_arch1_benign_temp_drift/physical/seed_41023/t_+125C/source_hspice,VALID,22,22,0,0
41023,84f87b94eb0649b56da2ef95989c7285f2d5646957fbbf6e040dcba60f04decb,125,a47522d223ca7148c306a44da11f67079a1cfe671bedd6fc8652c5821fa55af5,8,RISE,000000000000000000000111111111,225,209,182,/home/zhupl25/chiplet_side_channel/chiplet_gds_data/power_macro/delay_chain/ftc/runs/b_fe_frontend/bfe14_arch1_benign_temp_drift/physical/seed_41023/t_+125C/source_hspice,VALID,16,16,0,0
41023,84f87b94eb0649b56da2ef95989c7285f2d5646957fbbf6e040dcba60f04decb,125,a47522d223ca7148c306a44da11f67079a1cfe671bedd6fc8652c5821fa55af5,9,FALL,000000000000000000000011111111,204,209,182,/home/zhupl25/chiplet_side_channel/chiplet_gds_data/power_macro/delay_chain/ftc/runs/b_fe_frontend/bfe14_arch1_benign_temp_drift/physical/seed_41023/t_+125C/source_hspice,VALID,22,22,0,0
41023,84f87b94eb0649b56da2ef95989c7285f2d5646957fbbf6e040dcba60f04decb,125,a47522d223ca7148c306a44da11f67079a1cfe671bedd6fc8652c5821fa55af5,10,RISE,000000000000000000000111111111,225,209,182,/home/zhupl25/chiplet_side_channel/chiplet_gds_data/power_macro/delay_chain/ftc/runs/b_fe_frontend/bfe14_arch1_benign_temp_drift/physical/seed_41023/t_+125C/source_hspice,VALID,16,16,0,0
41023,84f87b94eb0649b56da2ef95989c7285f2d5646957fbbf6e040dcba60f04decb,125,a47522d223ca7148c306a44da11f67079a1cfe671bedd6fc8652c5821fa55af5,11,FALL,000000000000000000000011111111,204,209,182,/home/zhupl25/chiplet_side_channel/chiplet_gds_data/power_macro/delay_chain/ftc/runs/b_fe_frontend/bfe14_arch1_benign_temp_drift/physical/seed_41023/t_+125C/source_hspice,VALID,22,22,0,0
41023,84f87b94eb0649b56da2ef95989c7285f2d5646957fbbf6e040dcba60f04decb,125,a47522d223ca7148c306a44da11f67079a1cfe671bedd6fc8652c5821fa55af5,12,RISE,000000000000000000000111111111,225,209,182,/home/zhupl25/chiplet_side_channel/chiplet_gds_data/power_macro/delay_chain/ftc/runs/b_fe_frontend/bfe14_arch1_benign_temp_drift/physical/seed_41023/t_+125C/source_hspice,VALID,16,16,0,0
41023,84f87b94eb0649b56da2ef95989c7285f2d5646957fbbf6e040dcba60f04decb,125,a47522d223ca7148c306a44da11f67079a1cfe671bedd6fc8652c5821fa55af5,13,FALL,000000000000000000000011111111,204,209,182,/home/zhupl25/chiplet_side_channel/chiplet_gds_data/power_macro/delay_chain/ftc/runs/b_fe_frontend/bfe14_arch1_benign_temp_drift/physical/seed_41023/t_+125C/source_hspice,VALID,22,22,0,0
41023,84f87b94eb0649b56da2ef95989c7285f2d5646957fbbf6e040dcba60f04decb,125,a47522d223ca7148c306a44da11f67079a1cfe671bedd6fc8652c5821fa55af5,14,RISE,000000000000000000000111111111,225,209,182,/home/zhupl25/chiplet_side_channel/chiplet_gds_data/power_macro/delay_chain/ftc/runs/b_fe_frontend/bfe14_arch1_benign_temp_drift/physical/seed_41023/t_+125C/source_hspice,VALID,16,16,0,0
41023,84f87b94eb0649b56da2ef95989c7285f2d5646957fbbf6e040dcba60f04decb,125,a47522d223ca7148c306a44da11f67079a1cfe671bedd6fc8652c5821fa55af5,15,FALL,000000000000000000000011111111,204,209,182,/home/zhupl25/chiplet_side_channel/chiplet_gds_data/power_macro/delay_chain/ftc/runs/b_fe_frontend/bfe14_arch1_benign_temp_drift/physical/seed_41023/t_+125C/source_hspice,VALID,22,22,0,0
41023,84f87b94eb0649b56da2ef95989c7285f2d5646957fbbf6e040dcba60f04decb,125,a47522d223ca7148c306a44da11f67079a1cfe671bedd6fc8652c5821fa55af5,16,RISE,000000000000000000000111111111,225,209,182,/home/zhupl25/chiplet_side_channel/chiplet_gds_data/power_macro/delay_chain/ftc/runs/b_fe_frontend/bfe14_arch1_benign_temp_drift/physical/seed_41023/t_+125C/source_hspice,VALID,16,16,0,0
41023,84f87b94eb0649b56da2ef95989c7285f2d5646957fbbf6e040dcba60f04decb,125,a47522d223ca7148c306a44da11f67079a1cfe671bedd6fc8652c5821fa55af5,17,FALL,000000000000000000000011111111,204,209,182,/home/zhupl25/chiplet_side_channel/chiplet_gds_data/power_macro/delay_chain/ftc/runs/b_fe_frontend/bfe14_arch1_benign_temp_drift/physical/seed_41023/t_+125C/source_hspice,VALID,22,22,0,0
41023,84f87b94eb0649b56da2ef95989c7285f2d5646957fbbf6e040dcba60f04decb,125,a47522d223ca7148c306a44da11f67079a1cfe671bedd6fc8652c5821fa55af5,18,RISE,000000000000000000000111111111,225,209,182,/home/zhupl25/chiplet_side_channel/chiplet_gds_data/power_macro/delay_chain/ftc/runs/b_fe_frontend/bfe14_arch1_benign_temp_drift/physical/seed_41023/t_+125C/source_hspice,VALID,16,16,0,0
41023,84f87b94eb0649b56da2ef95989c7285f2d5646957fbbf6e040dcba60f04decb,125,a47522d223ca7148c306a44da11f67079a1cfe671bedd6fc8652c5821fa55af5,19,FALL,000000000000000000000011111111,204,209,182,/home/zhupl25/chiplet_side_channel/chiplet_gds_data/power_macro/delay_chain/ftc/runs/b_fe_frontend/bfe14_arch1_benign_temp_drift/physical/seed_41023/t_+125C/source_hspice,VALID,22,22,0,0
41023,84f87b94eb0649b56da2ef95989c7285f2d5646957fbbf6e040dcba60f04decb,125,a47522d223ca7148c306a44da11f67079a1cfe671bedd6fc8652c5821fa55af5,20,RISE,000000000000000000000111111111,225,209,182,/home/zhupl25/chiplet_side_channel/chiplet_gds_data/power_macro/delay_chain/ftc/runs/b_fe_frontend/bfe14_arch1_benign_temp_drift/physical/seed_41023/t_+125C/source_hspice,VALID,16,16,0,0
41023,84f87b94eb0649b56da2ef95989c7285f2d5646957fbbf6e040dcba60f04decb,125,a47522d223ca7148c306a44da11f67079a1cfe671bedd6fc8652c5821fa55af5,21,FALL,000000000000000000000011111111,204,209,182,/home/zhupl25/chiplet_side_channel/chiplet_gds_data/power_macro/delay_chain/ftc/runs/b_fe_frontend/bfe14_arch1_benign_temp_drift/physical/seed_41023/t_+125C/source_hspice,VALID,22,22,0,0
41023,84f87b94eb0649b56da2ef95989c7285f2d5646957fbbf6e040dcba60f04decb,125,a47522d223ca7148c306a44da11f67079a1cfe671bedd6fc8652c5821fa55af5,22,RISE,000000000000000000000111111111,225,209,182,/home/zhupl25/chiplet_side_channel/chiplet_gds_data/power_macro/delay_chain/ftc/runs/b_fe_frontend/bfe14_arch1_benign_temp_drift/physical/seed_41023/t_+125C/source_hspice,VALID,16,16,0,0
41023,84f87b94eb0649b56da2ef95989c7285f2d5646957fbbf6e040dcba60f04decb,125,a47522d223ca7148c306a44da11f67079a1cfe671bedd6fc8652c5821fa55af5,23,FALL,000000000000000000000011111111,204,209,182,/home/zhupl25/chiplet_side_channel/chiplet_gds_data/power_macro/delay_chain/ftc/runs/b_fe_frontend/bfe14_arch1_benign_temp_drift/physical/seed_41023/t_+125C/source_hspice,VALID,22,22,0,0
41024,bedfc4ae8a4e4d2cc1e290e635b8811deb495565d982c25381bfbb314d16e19b,-40,a47522d223ca7148c306a44da11f67079a1cfe671bedd6fc8652c5821fa55af5,0,RISE,000000000000000000000000111111,159,164,147,/home/zhupl25/chiplet_side_channel/chiplet_gds_data/power_macro/delay_chain/ftc/runs/b_fe_frontend/bfe14_arch1_benign_temp_drift/physical/seed_41024/t_-040C/source_hspice,VALID,-5,5,0,0
41024,bedfc4ae8a4e4d2cc1e290e635b8811deb495565d982c25381bfbb314d16e19b,-40,a47522d223ca7148c306a44da11f67079a1cfe671bedd6fc8652c5821fa55af5,1,FALL,000000000000000000000000001111,110,164,147,/home/zhupl25/chiplet_side_channel/chiplet_gds_data/power_macro/delay_chain/ftc/runs/b_fe_frontend/bfe14_arch1_benign_temp_drift/physical/seed_41024/t_-040C/source_hspice,VALID,-37,37,0,0
41024,bedfc4ae8a4e4d2cc1e290e635b8811deb495565d982c25381bfbb314d16e19b,-40,a47522d223ca7148c306a44da11f67079a1cfe671bedd6fc8652c5821fa55af5,2,RISE,000000000000000000000000111111,159,164,147,/home/zhupl25/chiplet_side_channel/chiplet_gds_data/power_macro/delay_chain/ftc/runs/b_fe_frontend/bfe14_arch1_benign_temp_drift/physical/seed_41024/t_-040C/source_hspice,VALID,-5,5,0,0
41024,bedfc4ae8a4e4d2cc1e290e635b8811deb495565d982c25381bfbb314d16e19b,-40,a47522d223ca7148c306a44da11f67079a1cfe671bedd6fc8652c5821fa55af5,3,FALL,000000000000000000000000001111,110,164,147,/home/zhupl25/chiplet_side_channel/chiplet_gds_data/power_macro/delay_chain/ftc/runs/b_fe_frontend/bfe14_arch1_benign_temp_drift/physical/seed_41024/t_-040C/source_hspice,VALID,-37,37,0,0
41024,bedfc4ae8a4e4d2cc1e290e635b8811deb495565d982c25381bfbb314d16e19b,-40,a47522d223ca7148c306a44da11f67079a1cfe671bedd6fc8652c5821fa55af5,4,RISE,000000000000000000000000111111,159,164,147,/home/zhupl25/chiplet_side_channel/chiplet_gds_data/power_macro/delay_chain/ftc/runs/b_fe_frontend/bfe14_arch1_benign_temp_drift/physical/seed_41024/t_-040C/source_hspice,VALID,-5,5,0,0
41024,bedfc4ae8a4e4d2cc1e290e635b8811deb495565d982c25381bfbb314d16e19b,-40,a47522d223ca7148c306a44da11f67079a1cfe671bedd6fc8652c5821fa55af5,5,FALL,000000000000000000000000001111,110,164,147,/home/zhupl25/chiplet_side_channel/chiplet_gds_data/power_macro/delay_chain/ftc/runs/b_fe_frontend/bfe14_arch1_benign_temp_drift/physical/seed_41024/t_-040C/source_hspice,VALID,-37,37,0,0
41024,bedfc4ae8a4e4d2cc1e290e635b8811deb495565d982c25381bfbb314d16e19b,-40,a47522d223ca7148c306a44da11f67079a1cfe671bedd6fc8652c5821fa55af5,6,RISE,000000000000000000000000011111,135,164,147,/home/zhupl25/chiplet_side_channel/chiplet_gds_data/power_macro/delay_chain/ftc/runs/b_fe_frontend/bfe14_arch1_benign_temp_drift/physical/seed_41024/t_-040C/source_hspice,VALID,-29,29,0,0
41024,bedfc4ae8a4e4d2cc1e290e635b8811deb495565d982c25381bfbb314d16e19b,-40,a47522d223ca7148c306a44da11f67079a1cfe671bedd6fc8652c5821fa55af5,7,FALL,000000000000000000000000001111,110,164,147,/home/zhupl25/chiplet_side_channel/chiplet_gds_data/power_macro/delay_chain/ftc/runs/b_fe_frontend/bfe14_arch1_benign_temp_drift/physical/seed_41024/t_-040C/source_hspice,VALID,-37,37,0,0
41024,bedfc4ae8a4e4d2cc1e290e635b8811deb495565d982c25381bfbb314d16e19b,-40,a47522d223ca7148c306a44da11f67079a1cfe671bedd6fc8652c5821fa55af5,8,RISE,000000000000000000000000011111,135,164,147,/home/zhupl25/chiplet_side_channel/chiplet_gds_data/power_macro/delay_chain/ftc/runs/b_fe_frontend/bfe14_arch1_benign_temp_drift/physical/seed_41024/t_-040C/source_hspice,VALID,-29,29,0,0
41024,bedfc4ae8a4e4d2cc1e290e635b8811deb495565d982c25381bfbb314d16e19b,-40,a47522d223ca7148c306a44da11f67079a1cfe671bedd6fc8652c5821fa55af5,9,FALL,000000000000000000000000001111,110,164,147,/home/zhupl25/chiplet_side_channel/chiplet_gds_data/power_macro/delay_chain/ftc/runs/b_fe_frontend/bfe14_arch1_benign_temp_drift/physical/seed_41024/t_-040C/source_hspice,VALID,-37,37,0,0
41024,bedfc4ae8a4e4d2cc1e290e635b8811deb495565d982c25381bfbb314d16e19b,-40,a47522d223ca7148c306a44da11f67079a1cfe671bedd6fc8652c5821fa55af5,10,RISE,000000000000000000000000111111,159,164,147,/home/zhupl25/chiplet_side_channel/chiplet_gds_data/power_macro/delay_chain/ftc/runs/b_fe_frontend/bfe14_arch1_benign_temp_drift/physical/seed_41024/t_-040C/source_hspice,VALID,-5,5,0,0
41024,bedfc4ae8a4e4d2cc1e290e635b8811deb495565d982c25381bfbb314d16e19b,-40,a47522d223ca7148c306a44da11f67079a1cfe671bedd6fc8652c5821fa55af5,11,FALL,000000000000000000000000001111,110,164,147,/home/zhupl25/chiplet_side_channel/chiplet_gds_data/power_macro/delay_chain/ftc/runs/b_fe_frontend/bfe14_arch1_benign_temp_drift/physical/seed_41024/t_-040C/source_hspice,VALID,-37,37,0,0
41024,bedfc4ae8a4e4d2cc1e290e635b8811deb495565d982c25381bfbb314d16e19b,-40,a47522d223ca7148c306a44da11f67079a1cfe671bedd6fc8652c5821fa55af5,12,RISE,000000000000000000000000011111,135,164,147,/home/zhupl25/chiplet_side_channel/chiplet_gds_data/power_macro/delay_chain/ftc/runs/b_fe_frontend/bfe14_arch1_benign_temp_drift/physical/seed_41024/t_-040C/source_hspice,VALID,-29,29,0,0
41024,bedfc4ae8a4e4d2cc1e290e635b8811deb495565d982c25381bfbb314d16e19b,-40,a47522d223ca7148c306a44da11f67079a1cfe671bedd6fc8652c5821fa55af5,13,FALL,000000000000000000000000001111,110,164,147,/home/zhupl25/chiplet_side_channel/chiplet_gds_data/power_macro/delay_chain/ftc/runs/b_fe_frontend/bfe14_arch1_benign_temp_drift/physical/seed_41024/t_-040C/source_hspice,VALID,-37,37,0,0
41024,bedfc4ae8a4e4d2cc1e290e635b8811deb495565d982c25381bfbb314d16e19b,-40,a47522d223ca7148c306a44da11f67079a1cfe671bedd6fc8652c5821fa55af5,14,RISE,000000000000000000000000111111,159,164,147,/home/zhupl25/chiplet_side_channel/chiplet_gds_data/power_macro/delay_chain/ftc/runs/b_fe_frontend/bfe14_arch1_benign_temp_drift/physical/seed_41024/t_-040C/source_hspice,VALID,-5,5,0,0
41024,bedfc4ae8a4e4d2cc1e290e635b8811deb495565d982c25381bfbb314d16e19b,-40,a47522d223ca7148c306a44da11f67079a1cfe671bedd6fc8652c5821fa55af5,15,FALL,000000000000000000000000001111,110,164,147,/home/zhupl25/chiplet_side_channel/chiplet_gds_data/power_macro/delay_chain/ftc/runs/b_fe_frontend/bfe14_arch1_benign_temp_drift/physical/seed_41024/t_-040C/source_hspice,VALID,-37,37,0,0
41024,bedfc4ae8a4e4d2cc1e290e635b8811deb495565d982c25381bfbb314d16e19b,-40,a47522d223ca7148c306a44da11f67079a1cfe671bedd6fc8652c5821fa55af5,16,RISE,000000000000000000000000011111,135,164,147,/home/zhupl25/chiplet_side_channel/chiplet_gds_data/power_macro/delay_chain/ftc/runs/b_fe_frontend/bfe14_arch1_benign_temp_drift/physical/seed_41024/t_-040C/source_hspice,VALID,-29,29,0,0
41024,bedfc4ae8a4e4d2cc1e290e635b8811deb495565d982c25381bfbb314d16e19b,-40,a47522d223ca7148c306a44da11f67079a1cfe671bedd6fc8652c5821fa55af5,17,FALL,000000000000000000000000001111,110,164,147,/home/zhupl25/chiplet_side_channel/chiplet_gds_data/power_macro/delay_chain/ftc/runs/b_fe_frontend/bfe14_arch1_benign_temp_drift/physical/seed_41024/t_-040C/source_hspice,VALID,-37,37,0,0
41024,bedfc4ae8a4e4d2cc1e290e635b8811deb495565d982c25381bfbb314d16e19b,-40,a47522d223ca7148c306a44da11f67079a1cfe671bedd6fc8652c5821fa55af5,18,RISE,000000000000000000000000011111,135,164,147,/home/zhupl25/chiplet_side_channel/chiplet_gds_data/power_macro/delay_chain/ftc/runs/b_fe_frontend/bfe14_arch1_benign_temp_drift/physical/seed_41024/t_-040C/source_hspice,VALID,-29,29,0,0
41024,bedfc4ae8a4e4d2cc1e290e635b8811deb495565d982c25381bfbb314d16e19b,-40,a47522d223ca7148c306a44da11f67079a1cfe671bedd6fc8652c5821fa55af5,19,FALL,000000000000000000000000001111,110,164,147,/home/zhupl25/chiplet_side_channel/chiplet_gds_data/power_macro/delay_chain/ftc/runs/b_fe_frontend/bfe14_arch1_benign_temp_drift/physical/seed_41024/t_-040C/source_hspice,VALID,-37,37,0,0
41024,bedfc4ae8a4e4d2cc1e290e635b8811deb495565d982c25381bfbb314d16e19b,-40,a47522d223ca7148c306a44da11f67079a1cfe671bedd6fc8652c5821fa55af5,20,RISE,000000000000000000000000011111,135,164,147,/home/zhupl25/chiplet_side_channel/chiplet_gds_data/power_macro/delay_chain/ftc/runs/b_fe_frontend/bfe14_arch1_benign_temp_drift/physical/seed_41024/t_-040C/source_hspice,VALID,-29,29,0,0
41024,bedfc4ae8a4e4d2cc1e290e635b8811deb495565d982c25381bfbb314d16e19b,-40,a47522d223ca7148c306a44da11f67079a1cfe671bedd6fc8652c5821fa55af5,21,FALL,000000000000000000000000001111,110,164,147,/home/zhupl25/chiplet_side_channel/chiplet_gds_data/power_macro/delay_chain/ftc/runs/b_fe_frontend/bfe14_arch1_benign_temp_drift/physical/seed_41024/t_-040C/source_hspice,VALID,-37,37,0,0
41024,bedfc4ae8a4e4d2cc1e290e635b8811deb495565d982c25381bfbb314d16e19b,-40,a47522d223ca7148c306a44da11f67079a1cfe671bedd6fc8652c5821fa55af5,22,RISE,000000000000000000000000111111,159,164,147,/home/zhupl25/chiplet_side_channel/chiplet_gds_data/power_macro/delay_chain/ftc/runs/b_fe_frontend/bfe14_arch1_benign_temp_drift/physical/seed_41024/t_-040C/source_hspice,VALID,-5,5,0,0
41024,bedfc4ae8a4e4d2cc1e290e635b8811deb495565d982c25381bfbb314d16e19b,-40,a47522d223ca7148c306a44da11f67079a1cfe671bedd6fc8652c5821fa55af5,23,FALL,000000000000000000000000001111,110,164,147,/home/zhupl25/chiplet_side_channel/chiplet_gds_data/power_macro/delay_chain/ftc/runs/b_fe_frontend/bfe14_arch1_benign_temp_drift/physical/seed_41024/t_-040C/source_hspice,VALID,-37,37,0,0
41024,bedfc4ae8a4e4d2cc1e290e635b8811deb495565d982c25381bfbb314d16e19b,125,a47522d223ca7148c306a44da11f67079a1cfe671bedd6fc8652c5821fa55af5,0,RISE,000000000000000000000001111111,182,164,147,/home/zhupl25/chiplet_side_channel/chiplet_gds_data/power_macro/delay_chain/ftc/runs/b_fe_frontend/bfe14_arch1_benign_temp_drift/physical/seed_41024/t_+125C/source_hspice,VALID,18,18,0,0
41024,bedfc4ae8a4e4d2cc1e290e635b8811deb495565d982c25381bfbb314d16e19b,125,a47522d223ca7148c306a44da11f67079a1cfe671bedd6fc8652c5821fa55af5,1,FALL,000000000000000000000001111111,182,164,147,/home/zhupl25/chiplet_side_channel/chiplet_gds_data/power_macro/delay_chain/ftc/runs/b_fe_frontend/bfe14_arch1_benign_temp_drift/physical/seed_41024/t_+125C/source_hspice,VALID,35,35,0,0
41024,bedfc4ae8a4e4d2cc1e290e635b8811deb495565d982c25381bfbb314d16e19b,125,a47522d223ca7148c306a44da11f67079a1cfe671bedd6fc8652c5821fa55af5,2,RISE,000000000000000000000001111111,182,164,147,/home/zhupl25/chiplet_side_channel/chiplet_gds_data/power_macro/delay_chain/ftc/runs/b_fe_frontend/bfe14_arch1_benign_temp_drift/physical/seed_41024/t_+125C/source_hspice,VALID,18,18,0,0
41024,bedfc4ae8a4e4d2cc1e290e635b8811deb495565d982c25381bfbb314d16e19b,125,a47522d223ca7148c306a44da11f67079a1cfe671bedd6fc8652c5821fa55af5,3,FALL,000000000000000000000001111111,182,164,147,/home/zhupl25/chiplet_side_channel/chiplet_gds_data/power_macro/delay_chain/ftc/runs/b_fe_frontend/bfe14_arch1_benign_temp_drift/physical/seed_41024/t_+125C/source_hspice,VALID,35,35,0,0
41024,bedfc4ae8a4e4d2cc1e290e635b8811deb495565d982c25381bfbb314d16e19b,125,a47522d223ca7148c306a44da11f67079a1cfe671bedd6fc8652c5821fa55af5,4,RISE,000000000000000000000001111111,182,164,147,/home/zhupl25/chiplet_side_channel/chiplet_gds_data/power_macro/delay_chain/ftc/runs/b_fe_frontend/bfe14_arch1_benign_temp_drift/physical/seed_41024/t_+125C/source_hspice,VALID,18,18,0,0
41024,bedfc4ae8a4e4d2cc1e290e635b8811deb495565d982c25381bfbb314d16e19b,125,a47522d223ca7148c306a44da11f67079a1cfe671bedd6fc8652c5821fa55af5,5,FALL,000000000000000000000001111111,182,164,147,/home/zhupl25/chiplet_side_channel/chiplet_gds_data/power_macro/delay_chain/ftc/runs/b_fe_frontend/bfe14_arch1_benign_temp_drift/physical/seed_41024/t_+125C/source_hspice,VALID,35,35,0,0
41024,bedfc4ae8a4e4d2cc1e290e635b8811deb495565d982c25381bfbb314d16e19b,125,a47522d223ca7148c306a44da11f67079a1cfe671bedd6fc8652c5821fa55af5,6,RISE,000000000000000000000001111111,182,164,147,/home/zhupl25/chiplet_side_channel/chiplet_gds_data/power_macro/delay_chain/ftc/runs/b_fe_frontend/bfe14_arch1_benign_temp_drift/physical/seed_41024/t_+125C/source_hspice,VALID,18,18,0,0
41024,bedfc4ae8a4e4d2cc1e290e635b8811deb495565d982c25381bfbb314d16e19b,125,a47522d223ca7148c306a44da11f67079a1cfe671bedd6fc8652c5821fa55af5,7,FALL,000000000000000000000001111111,182,164,147,/home/zhupl25/chiplet_side_channel/chiplet_gds_data/power_macro/delay_chain/ftc/runs/b_fe_frontend/bfe14_arch1_benign_temp_drift/physical/seed_41024/t_+125C/source_hspice,VALID,35,35,0,0
41024,bedfc4ae8a4e4d2cc1e290e635b8811deb495565d982c25381bfbb314d16e19b,125,a47522d223ca7148c306a44da11f67079a1cfe671bedd6fc8652c5821fa55af5,8,RISE,000000000000000000000001111111,182,164,147,/home/zhupl25/chiplet_side_channel/chiplet_gds_data/power_macro/delay_chain/ftc/runs/b_fe_frontend/bfe14_arch1_benign_temp_drift/physical/seed_41024/t_+125C/source_hspice,VALID,18,18,0,0
41024,bedfc4ae8a4e4d2cc1e290e635b8811deb495565d982c25381bfbb314d16e19b,125,a47522d223ca7148c306a44da11f67079a1cfe671bedd6fc8652c5821fa55af5,9,FALL,000000000000000000000001111111,182,164,147,/home/zhupl25/chiplet_side_channel/chiplet_gds_data/power_macro/delay_chain/ftc/runs/b_fe_frontend/bfe14_arch1_benign_temp_drift/physical/seed_41024/t_+125C/source_hspice,VALID,35,35,0,0
41024,bedfc4ae8a4e4d2cc1e290e635b8811deb495565d982c25381bfbb314d16e19b,125,a47522d223ca7148c306a44da11f67079a1cfe671bedd6fc8652c5821fa55af5,10,RISE,000000000000000000000001111111,182,164,147,/home/zhupl25/chiplet_side_channel/chiplet_gds_data/power_macro/delay_chain/ftc/runs/b_fe_frontend/bfe14_arch1_benign_temp_drift/physical/seed_41024/t_+125C/source_hspice,VALID,18,18,0,0
41024,bedfc4ae8a4e4d2cc1e290e635b8811deb495565d982c25381bfbb314d16e19b,125,a47522d223ca7148c306a44da11f67079a1cfe671bedd6fc8652c5821fa55af5,11,FALL,000000000000000000000001111111,182,164,147,/home/zhupl25/chiplet_side_channel/chiplet_gds_data/power_macro/delay_chain/ftc/runs/b_fe_frontend/bfe14_arch1_benign_temp_drift/physical/seed_41024/t_+125C/source_hspice,VALID,35,35,0,0
41024,bedfc4ae8a4e4d2cc1e290e635b8811deb495565d982c25381bfbb314d16e19b,125,a47522d223ca7148c306a44da11f67079a1cfe671bedd6fc8652c5821fa55af5,12,RISE,000000000000000000000001111111,182,164,147,/home/zhupl25/chiplet_side_channel/chiplet_gds_data/power_macro/delay_chain/ftc/runs/b_fe_frontend/bfe14_arch1_benign_temp_drift/physical/seed_41024/t_+125C/source_hspice,VALID,18,18,0,0
41024,bedfc4ae8a4e4d2cc1e290e635b8811deb495565d982c25381bfbb314d16e19b,125,a47522d223ca7148c306a44da11f67079a1cfe671bedd6fc8652c5821fa55af5,13,FALL,000000000000000000000001111111,182,164,147,/home/zhupl25/chiplet_side_channel/chiplet_gds_data/power_macro/delay_chain/ftc/runs/b_fe_frontend/bfe14_arch1_benign_temp_drift/physical/seed_41024/t_+125C/source_hspice,VALID,35,35,0,0
41024,bedfc4ae8a4e4d2cc1e290e635b8811deb495565d982c25381bfbb314d16e19b,125,a47522d223ca7148c306a44da11f67079a1cfe671bedd6fc8652c5821fa55af5,14,RISE,000000000000000000000001111111,182,164,147,/home/zhupl25/chiplet_side_channel/chiplet_gds_data/power_macro/delay_chain/ftc/runs/b_fe_frontend/bfe14_arch1_benign_temp_drift/physical/seed_41024/t_+125C/source_hspice,VALID,18,18,0,0
41024,bedfc4ae8a4e4d2cc1e290e635b8811deb495565d982c25381bfbb314d16e19b,125,a47522d223ca7148c306a44da11f67079a1cfe671bedd6fc8652c5821fa55af5,15,FALL,000000000000000000000001111111,182,164,147,/home/zhupl25/chiplet_side_channel/chiplet_gds_data/power_macro/delay_chain/ftc/runs/b_fe_frontend/bfe14_arch1_benign_temp_drift/physical/seed_41024/t_+125C/source_hspice,VALID,35,35,0,0
41024,bedfc4ae8a4e4d2cc1e290e635b8811deb495565d982c25381bfbb314d16e19b,125,a47522d223ca7148c306a44da11f67079a1cfe671bedd6fc8652c5821fa55af5,16,RISE,000000000000000000000001111111,182,164,147,/home/zhupl25/chiplet_side_channel/chiplet_gds_data/power_macro/delay_chain/ftc/runs/b_fe_frontend/bfe14_arch1_benign_temp_drift/physical/seed_41024/t_+125C/source_hspice,VALID,18,18,0,0
41024,bedfc4ae8a4e4d2cc1e290e635b8811deb495565d982c25381bfbb314d16e19b,125,a47522d223ca7148c306a44da11f67079a1cfe671bedd6fc8652c5821fa55af5,17,FALL,000000000000000000000001111111,182,164,147,/home/zhupl25/chiplet_side_channel/chiplet_gds_data/power_macro/delay_chain/ftc/runs/b_fe_frontend/bfe14_arch1_benign_temp_drift/physical/seed_41024/t_+125C/source_hspice,VALID,35,35,0,0
41024,bedfc4ae8a4e4d2cc1e290e635b8811deb495565d982c25381bfbb314d16e19b,125,a47522d223ca7148c306a44da11f67079a1cfe671bedd6fc8652c5821fa55af5,18,RISE,000000000000000000000001111111,182,164,147,/home/zhupl25/chiplet_side_channel/chiplet_gds_data/power_macro/delay_chain/ftc/runs/b_fe_frontend/bfe14_arch1_benign_temp_drift/physical/seed_41024/t_+125C/source_hspice,VALID,18,18,0,0
41024,bedfc4ae8a4e4d2cc1e290e635b8811deb495565d982c25381bfbb314d16e19b,125,a47522d223ca7148c306a44da11f67079a1cfe671bedd6fc8652c5821fa55af5,19,FALL,000000000000000000000001111111,182,164,147,/home/zhupl25/chiplet_side_channel/chiplet_gds_data/power_macro/delay_chain/ftc/runs/b_fe_frontend/bfe14_arch1_benign_temp_drift/physical/seed_41024/t_+125C/source_hspice,VALID,35,35,0,0
41024,bedfc4ae8a4e4d2cc1e290e635b8811deb495565d982c25381bfbb314d16e19b,125,a47522d223ca7148c306a44da11f67079a1cfe671bedd6fc8652c5821fa55af5,20,RISE,000000000000000000000001111111,182,164,147,/home/zhupl25/chiplet_side_channel/chiplet_gds_data/power_macro/delay_chain/ftc/runs/b_fe_frontend/bfe14_arch1_benign_temp_drift/physical/seed_41024/t_+125C/source_hspice,VALID,18,18,0,0
41024,bedfc4ae8a4e4d2cc1e290e635b8811deb495565d982c25381bfbb314d16e19b,125,a47522d223ca7148c306a44da11f67079a1cfe671bedd6fc8652c5821fa55af5,21,FALL,000000000000000000000000111111,159,164,147,/home/zhupl25/chiplet_side_channel/chiplet_gds_data/power_macro/delay_chain/ftc/runs/b_fe_frontend/bfe14_arch1_benign_temp_drift/physical/seed_41024/t_+125C/source_hspice,VALID,12,12,0,0
41024,bedfc4ae8a4e4d2cc1e290e635b8811deb495565d982c25381bfbb314d16e19b,125,a47522d223ca7148c306a44da11f67079a1cfe671bedd6fc8652c5821fa55af5,22,RISE,000000000000000000000001111111,182,164,147,/home/zhupl25/chiplet_side_channel/chiplet_gds_data/power_macro/delay_chain/ftc/runs/b_fe_frontend/bfe14_arch1_benign_temp_drift/physical/seed_41024/t_+125C/source_hspice,VALID,18,18,0,0
41024,bedfc4ae8a4e4d2cc1e290e635b8811deb495565d982c25381bfbb314d16e19b,125,a47522d223ca7148c306a44da11f67079a1cfe671bedd6fc8652c5821fa55af5,23,FALL,000000000000000000000001111111,182,164,147,/home/zhupl25/chiplet_side_channel/chiplet_gds_data/power_macro/delay_chain/ftc/runs/b_fe_frontend/bfe14_arch1_benign_temp_drift/physical/seed_41024/t_+125C/source_hspice,VALID,35,35,0,0
41025,f0b2949e77adbd5946f383bee01df953a1bfb187950354ff55523168360548dc,-40,a47522d223ca7148c306a44da11f67079a1cfe671bedd6fc8652c5821fa55af5,0,RISE,000000000000000000000011111111,204,225,204,/home/zhupl25/chiplet_side_channel/chiplet_gds_data/power_macro/delay_chain/ftc/runs/b_fe_frontend/bfe14_arch1_benign_temp_drift/physical/seed_41025/t_-040C/source_hspice,VALID,-21,21,0,0
41025,f0b2949e77adbd5946f383bee01df953a1bfb187950354ff55523168360548dc,-40,a47522d223ca7148c306a44da11f67079a1cfe671bedd6fc8652c5821fa55af5,1,FALL,000000000000000000000001111111,182,225,204,/home/zhupl25/chiplet_side_channel/chiplet_gds_data/power_macro/delay_chain/ftc/runs/b_fe_frontend/bfe14_arch1_benign_temp_drift/physical/seed_41025/t_-040C/source_hspice,VALID,-22,22,0,0
41025,f0b2949e77adbd5946f383bee01df953a1bfb187950354ff55523168360548dc,-40,a47522d223ca7148c306a44da11f67079a1cfe671bedd6fc8652c5821fa55af5,2,RISE,000000000000000000000011111111,204,225,204,/home/zhupl25/chiplet_side_channel/chiplet_gds_data/power_macro/delay_chain/ftc/runs/b_fe_frontend/bfe14_arch1_benign_temp_drift/physical/seed_41025/t_-040C/source_hspice,VALID,-21,21,0,0
41025,f0b2949e77adbd5946f383bee01df953a1bfb187950354ff55523168360548dc,-40,a47522d223ca7148c306a44da11f67079a1cfe671bedd6fc8652c5821fa55af5,3,FALL,000000000000000000000001111111,182,225,204,/home/zhupl25/chiplet_side_channel/chiplet_gds_data/power_macro/delay_chain/ftc/runs/b_fe_frontend/bfe14_arch1_benign_temp_drift/physical/seed_41025/t_-040C/source_hspice,VALID,-22,22,0,0
41025,f0b2949e77adbd5946f383bee01df953a1bfb187950354ff55523168360548dc,-40,a47522d223ca7148c306a44da11f67079a1cfe671bedd6fc8652c5821fa55af5,4,RISE,000000000000000000000011111111,204,225,204,/home/zhupl25/chiplet_side_channel/chiplet_gds_data/power_macro/delay_chain/ftc/runs/b_fe_frontend/bfe14_arch1_benign_temp_drift/physical/seed_41025/t_-040C/source_hspice,VALID,-21,21,0,0
41025,f0b2949e77adbd5946f383bee01df953a1bfb187950354ff55523168360548dc,-40,a47522d223ca7148c306a44da11f67079a1cfe671bedd6fc8652c5821fa55af5,5,FALL,000000000000000000000001111111,182,225,204,/home/zhupl25/chiplet_side_channel/chiplet_gds_data/power_macro/delay_chain/ftc/runs/b_fe_frontend/bfe14_arch1_benign_temp_drift/physical/seed_41025/t_-040C/source_hspice,VALID,-22,22,0,0
41025,f0b2949e77adbd5946f383bee01df953a1bfb187950354ff55523168360548dc,-40,a47522d223ca7148c306a44da11f67079a1cfe671bedd6fc8652c5821fa55af5,6,RISE,000000000000000000000011111111,204,225,204,/home/zhupl25/chiplet_side_channel/chiplet_gds_data/power_macro/delay_chain/ftc/runs/b_fe_frontend/bfe14_arch1_benign_temp_drift/physical/seed_41025/t_-040C/source_hspice,VALID,-21,21,0,0
41025,f0b2949e77adbd5946f383bee01df953a1bfb187950354ff55523168360548dc,-40,a47522d223ca7148c306a44da11f67079a1cfe671bedd6fc8652c5821fa55af5,7,FALL,000000000000000000000001111111,182,225,204,/home/zhupl25/chiplet_side_channel/chiplet_gds_data/power_macro/delay_chain/ftc/runs/b_fe_frontend/bfe14_arch1_benign_temp_drift/physical/seed_41025/t_-040C/source_hspice,VALID,-22,22,0,0
41025,f0b2949e77adbd5946f383bee01df953a1bfb187950354ff55523168360548dc,-40,a47522d223ca7148c306a44da11f67079a1cfe671bedd6fc8652c5821fa55af5,8,RISE,000000000000000000000011111111,204,225,204,/home/zhupl25/chiplet_side_channel/chiplet_gds_data/power_macro/delay_chain/ftc/runs/b_fe_frontend/bfe14_arch1_benign_temp_drift/physical/seed_41025/t_-040C/source_hspice,VALID,-21,21,0,0
41025,f0b2949e77adbd5946f383bee01df953a1bfb187950354ff55523168360548dc,-40,a47522d223ca7148c306a44da11f67079a1cfe671bedd6fc8652c5821fa55af5,9,FALL,000000000000000000000001111111,182,225,204,/home/zhupl25/chiplet_side_channel/chiplet_gds_data/power_macro/delay_chain/ftc/runs/b_fe_frontend/bfe14_arch1_benign_temp_drift/physical/seed_41025/t_-040C/source_hspice,VALID,-22,22,0,0
41025,f0b2949e77adbd5946f383bee01df953a1bfb187950354ff55523168360548dc,-40,a47522d223ca7148c306a44da11f67079a1cfe671bedd6fc8652c5821fa55af5,10,RISE,000000000000000000000011111111,204,225,204,/home/zhupl25/chiplet_side_channel/chiplet_gds_data/power_macro/delay_chain/ftc/runs/b_fe_frontend/bfe14_arch1_benign_temp_drift/physical/seed_41025/t_-040C/source_hspice,VALID,-21,21,0,0
41025,f0b2949e77adbd5946f383bee01df953a1bfb187950354ff55523168360548dc,-40,a47522d223ca7148c306a44da11f67079a1cfe671bedd6fc8652c5821fa55af5,11,FALL,000000000000000000000001111111,182,225,204,/home/zhupl25/chiplet_side_channel/chiplet_gds_data/power_macro/delay_chain/ftc/runs/b_fe_frontend/bfe14_arch1_benign_temp_drift/physical/seed_41025/t_-040C/source_hspice,VALID,-22,22,0,0
41025,f0b2949e77adbd5946f383bee01df953a1bfb187950354ff55523168360548dc,-40,a47522d223ca7148c306a44da11f67079a1cfe671bedd6fc8652c5821fa55af5,12,RISE,000000000000000000000011111111,204,225,204,/home/zhupl25/chiplet_side_channel/chiplet_gds_data/power_macro/delay_chain/ftc/runs/b_fe_frontend/bfe14_arch1_benign_temp_drift/physical/seed_41025/t_-040C/source_hspice,VALID,-21,21,0,0
41025,f0b2949e77adbd5946f383bee01df953a1bfb187950354ff55523168360548dc,-40,a47522d223ca7148c306a44da11f67079a1cfe671bedd6fc8652c5821fa55af5,13,FALL,000000000000000000000001111111,182,225,204,/home/zhupl25/chiplet_side_channel/chiplet_gds_data/power_macro/delay_chain/ftc/runs/b_fe_frontend/bfe14_arch1_benign_temp_drift/physical/seed_41025/t_-040C/source_hspice,VALID,-22,22,0,0
41025,f0b2949e77adbd5946f383bee01df953a1bfb187950354ff55523168360548dc,-40,a47522d223ca7148c306a44da11f67079a1cfe671bedd6fc8652c5821fa55af5,14,RISE,000000000000000000000011111111,204,225,204,/home/zhupl25/chiplet_side_channel/chiplet_gds_data/power_macro/delay_chain/ftc/runs/b_fe_frontend/bfe14_arch1_benign_temp_drift/physical/seed_41025/t_-040C/source_hspice,VALID,-21,21,0,0
41025,f0b2949e77adbd5946f383bee01df953a1bfb187950354ff55523168360548dc,-40,a47522d223ca7148c306a44da11f67079a1cfe671bedd6fc8652c5821fa55af5,15,FALL,000000000000000000000001111111,182,225,204,/home/zhupl25/chiplet_side_channel/chiplet_gds_data/power_macro/delay_chain/ftc/runs/b_fe_frontend/bfe14_arch1_benign_temp_drift/physical/seed_41025/t_-040C/source_hspice,VALID,-22,22,0,0
41025,f0b2949e77adbd5946f383bee01df953a1bfb187950354ff55523168360548dc,-40,a47522d223ca7148c306a44da11f67079a1cfe671bedd6fc8652c5821fa55af5,16,RISE,000000000000000000000011111111,204,225,204,/home/zhupl25/chiplet_side_channel/chiplet_gds_data/power_macro/delay_chain/ftc/runs/b_fe_frontend/bfe14_arch1_benign_temp_drift/physical/seed_41025/t_-040C/source_hspice,VALID,-21,21,0,0
41025,f0b2949e77adbd5946f383bee01df953a1bfb187950354ff55523168360548dc,-40,a47522d223ca7148c306a44da11f67079a1cfe671bedd6fc8652c5821fa55af5,17,FALL,000000000000000000000001111111,182,225,204,/home/zhupl25/chiplet_side_channel/chiplet_gds_data/power_macro/delay_chain/ftc/runs/b_fe_frontend/bfe14_arch1_benign_temp_drift/physical/seed_41025/t_-040C/source_hspice,VALID,-22,22,0,0
41025,f0b2949e77adbd5946f383bee01df953a1bfb187950354ff55523168360548dc,-40,a47522d223ca7148c306a44da11f67079a1cfe671bedd6fc8652c5821fa55af5,18,RISE,000000000000000000000011111111,204,225,204,/home/zhupl25/chiplet_side_channel/chiplet_gds_data/power_macro/delay_chain/ftc/runs/b_fe_frontend/bfe14_arch1_benign_temp_drift/physical/seed_41025/t_-040C/source_hspice,VALID,-21,21,0,0
41025,f0b2949e77adbd5946f383bee01df953a1bfb187950354ff55523168360548dc,-40,a47522d223ca7148c306a44da11f67079a1cfe671bedd6fc8652c5821fa55af5,19,FALL,000000000000000000000001111111,182,225,204,/home/zhupl25/chiplet_side_channel/chiplet_gds_data/power_macro/delay_chain/ftc/runs/b_fe_frontend/bfe14_arch1_benign_temp_drift/physical/seed_41025/t_-040C/source_hspice,VALID,-22,22,0,0
41025,f0b2949e77adbd5946f383bee01df953a1bfb187950354ff55523168360548dc,-40,a47522d223ca7148c306a44da11f67079a1cfe671bedd6fc8652c5821fa55af5,20,RISE,000000000000000000000011111111,204,225,204,/home/zhupl25/chiplet_side_channel/chiplet_gds_data/power_macro/delay_chain/ftc/runs/b_fe_frontend/bfe14_arch1_benign_temp_drift/physical/seed_41025/t_-040C/source_hspice,VALID,-21,21,0,0
41025,f0b2949e77adbd5946f383bee01df953a1bfb187950354ff55523168360548dc,-40,a47522d223ca7148c306a44da11f67079a1cfe671bedd6fc8652c5821fa55af5,21,FALL,000000000000000000000000111111,159,225,204,/home/zhupl25/chiplet_side_channel/chiplet_gds_data/power_macro/delay_chain/ftc/runs/b_fe_frontend/bfe14_arch1_benign_temp_drift/physical/seed_41025/t_-040C/source_hspice,VALID,-45,45,0,0
41025,f0b2949e77adbd5946f383bee01df953a1bfb187950354ff55523168360548dc,-40,a47522d223ca7148c306a44da11f67079a1cfe671bedd6fc8652c5821fa55af5,22,RISE,000000000000000000000011111111,204,225,204,/home/zhupl25/chiplet_side_channel/chiplet_gds_data/power_macro/delay_chain/ftc/runs/b_fe_frontend/bfe14_arch1_benign_temp_drift/physical/seed_41025/t_-040C/source_hspice,VALID,-21,21,0,0
41025,f0b2949e77adbd5946f383bee01df953a1bfb187950354ff55523168360548dc,-40,a47522d223ca7148c306a44da11f67079a1cfe671bedd6fc8652c5821fa55af5,23,FALL,000000000000000000000001111111,182,225,204,/home/zhupl25/chiplet_side_channel/chiplet_gds_data/power_macro/delay_chain/ftc/runs/b_fe_frontend/bfe14_arch1_benign_temp_drift/physical/seed_41025/t_-040C/source_hspice,VALID,-22,22,0,0
41025,f0b2949e77adbd5946f383bee01df953a1bfb187950354ff55523168360548dc,125,a47522d223ca7148c306a44da11f67079a1cfe671bedd6fc8652c5821fa55af5,0,RISE,000000000000000000000111111111,225,225,204,/home/zhupl25/chiplet_side_channel/chiplet_gds_data/power_macro/delay_chain/ftc/runs/b_fe_frontend/bfe14_arch1_benign_temp_drift/physical/seed_41025/t_+125C/source_hspice,VALID,0,0,0,0
41025,f0b2949e77adbd5946f383bee01df953a1bfb187950354ff55523168360548dc,125,a47522d223ca7148c306a44da11f67079a1cfe671bedd6fc8652c5821fa55af5,1,FALL,000000000000000000000111111111,225,225,204,/home/zhupl25/chiplet_side_channel/chiplet_gds_data/power_macro/delay_chain/ftc/runs/b_fe_frontend/bfe14_arch1_benign_temp_drift/physical/seed_41025/t_+125C/source_hspice,VALID,21,21,0,0
41025,f0b2949e77adbd5946f383bee01df953a1bfb187950354ff55523168360548dc,125,a47522d223ca7148c306a44da11f67079a1cfe671bedd6fc8652c5821fa55af5,2,RISE,000000000000000000000111111111,225,225,204,/home/zhupl25/chiplet_side_channel/chiplet_gds_data/power_macro/delay_chain/ftc/runs/b_fe_frontend/bfe14_arch1_benign_temp_drift/physical/seed_41025/t_+125C/source_hspice,VALID,0,0,0,0
41025,f0b2949e77adbd5946f383bee01df953a1bfb187950354ff55523168360548dc,125,a47522d223ca7148c306a44da11f67079a1cfe671bedd6fc8652c5821fa55af5,3,FALL,000000000000000000000111111111,225,225,204,/home/zhupl25/chiplet_side_channel/chiplet_gds_data/power_macro/delay_chain/ftc/runs/b_fe_frontend/bfe14_arch1_benign_temp_drift/physical/seed_41025/t_+125C/source_hspice,VALID,21,21,0,0
41025,f0b2949e77adbd5946f383bee01df953a1bfb187950354ff55523168360548dc,125,a47522d223ca7148c306a44da11f67079a1cfe671bedd6fc8652c5821fa55af5,4,RISE,000000000000000000001111111111,245,225,204,/home/zhupl25/chiplet_side_channel/chiplet_gds_data/power_macro/delay_chain/ftc/runs/b_fe_frontend/bfe14_arch1_benign_temp_drift/physical/seed_41025/t_+125C/source_hspice,VALID,20,20,1,1
41025,f0b2949e77adbd5946f383bee01df953a1bfb187950354ff55523168360548dc,125,a47522d223ca7148c306a44da11f67079a1cfe671bedd6fc8652c5821fa55af5,5,FALL,000000000000000000000111111111,225,225,204,/home/zhupl25/chiplet_side_channel/chiplet_gds_data/power_macro/delay_chain/ftc/runs/b_fe_frontend/bfe14_arch1_benign_temp_drift/physical/seed_41025/t_+125C/source_hspice,VALID,21,21,0,0
41025,f0b2949e77adbd5946f383bee01df953a1bfb187950354ff55523168360548dc,125,a47522d223ca7148c306a44da11f67079a1cfe671bedd6fc8652c5821fa55af5,6,RISE,000000000000000000000111111111,225,225,204,/home/zhupl25/chiplet_side_channel/chiplet_gds_data/power_macro/delay_chain/ftc/runs/b_fe_frontend/bfe14_arch1_benign_temp_drift/physical/seed_41025/t_+125C/source_hspice,VALID,0,0,0,0
41025,f0b2949e77adbd5946f383bee01df953a1bfb187950354ff55523168360548dc,125,a47522d223ca7148c306a44da11f67079a1cfe671bedd6fc8652c5821fa55af5,7,FALL,000000000000000000000111111111,225,225,204,/home/zhupl25/chiplet_side_channel/chiplet_gds_data/power_macro/delay_chain/ftc/runs/b_fe_frontend/bfe14_arch1_benign_temp_drift/physical/seed_41025/t_+125C/source_hspice,VALID,21,21,0,0
41025,f0b2949e77adbd5946f383bee01df953a1bfb187950354ff55523168360548dc,125,a47522d223ca7148c306a44da11f67079a1cfe671bedd6fc8652c5821fa55af5,8,RISE,000000000000000000000111111111,225,225,204,/home/zhupl25/chiplet_side_channel/chiplet_gds_data/power_macro/delay_chain/ftc/runs/b_fe_frontend/bfe14_arch1_benign_temp_drift/physical/seed_41025/t_+125C/source_hspice,VALID,0,0,0,0
41025,f0b2949e77adbd5946f383bee01df953a1bfb187950354ff55523168360548dc,125,a47522d223ca7148c306a44da11f67079a1cfe671bedd6fc8652c5821fa55af5,9,FALL,000000000000000000000111111111,225,225,204,/home/zhupl25/chiplet_side_channel/chiplet_gds_data/power_macro/delay_chain/ftc/runs/b_fe_frontend/bfe14_arch1_benign_temp_drift/physical/seed_41025/t_+125C/source_hspice,VALID,21,21,0,0
41025,f0b2949e77adbd5946f383bee01df953a1bfb187950354ff55523168360548dc,125,a47522d223ca7148c306a44da11f67079a1cfe671bedd6fc8652c5821fa55af5,10,RISE,000000000000000000000111111111,225,225,204,/home/zhupl25/chiplet_side_channel/chiplet_gds_data/power_macro/delay_chain/ftc/runs/b_fe_frontend/bfe14_arch1_benign_temp_drift/physical/seed_41025/t_+125C/source_hspice,VALID,0,0,0,0
41025,f0b2949e77adbd5946f383bee01df953a1bfb187950354ff55523168360548dc,125,a47522d223ca7148c306a44da11f67079a1cfe671bedd6fc8652c5821fa55af5,11,FALL,000000000000000000000111111111,225,225,204,/home/zhupl25/chiplet_side_channel/chiplet_gds_data/power_macro/delay_chain/ftc/runs/b_fe_frontend/bfe14_arch1_benign_temp_drift/physical/seed_41025/t_+125C/source_hspice,VALID,21,21,0,0
41025,f0b2949e77adbd5946f383bee01df953a1bfb187950354ff55523168360548dc,125,a47522d223ca7148c306a44da11f67079a1cfe671bedd6fc8652c5821fa55af5,12,RISE,000000000000000000000111111111,225,225,204,/home/zhupl25/chiplet_side_channel/chiplet_gds_data/power_macro/delay_chain/ftc/runs/b_fe_frontend/bfe14_arch1_benign_temp_drift/physical/seed_41025/t_+125C/source_hspice,VALID,0,0,0,0
41025,f0b2949e77adbd5946f383bee01df953a1bfb187950354ff55523168360548dc,125,a47522d223ca7148c306a44da11f67079a1cfe671bedd6fc8652c5821fa55af5,13,FALL,000000000000000000000111111111,225,225,204,/home/zhupl25/chiplet_side_channel/chiplet_gds_data/power_macro/delay_chain/ftc/runs/b_fe_frontend/bfe14_arch1_benign_temp_drift/physical/seed_41025/t_+125C/source_hspice,VALID,21,21,0,0
41025,f0b2949e77adbd5946f383bee01df953a1bfb187950354ff55523168360548dc,125,a47522d223ca7148c306a44da11f67079a1cfe671bedd6fc8652c5821fa55af5,14,RISE,000000000000000000000111111111,225,225,204,/home/zhupl25/chiplet_side_channel/chiplet_gds_data/power_macro/delay_chain/ftc/runs/b_fe_frontend/bfe14_arch1_benign_temp_drift/physical/seed_41025/t_+125C/source_hspice,VALID,0,0,0,0
41025,f0b2949e77adbd5946f383bee01df953a1bfb187950354ff55523168360548dc,125,a47522d223ca7148c306a44da11f67079a1cfe671bedd6fc8652c5821fa55af5,15,FALL,000000000000000000000111111111,225,225,204,/home/zhupl25/chiplet_side_channel/chiplet_gds_data/power_macro/delay_chain/ftc/runs/b_fe_frontend/bfe14_arch1_benign_temp_drift/physical/seed_41025/t_+125C/source_hspice,VALID,21,21,0,0
41025,f0b2949e77adbd5946f383bee01df953a1bfb187950354ff55523168360548dc,125,a47522d223ca7148c306a44da11f67079a1cfe671bedd6fc8652c5821fa55af5,16,RISE,000000000000000000000111111111,225,225,204,/home/zhupl25/chiplet_side_channel/chiplet_gds_data/power_macro/delay_chain/ftc/runs/b_fe_frontend/bfe14_arch1_benign_temp_drift/physical/seed_41025/t_+125C/source_hspice,VALID,0,0,0,0
41025,f0b2949e77adbd5946f383bee01df953a1bfb187950354ff55523168360548dc,125,a47522d223ca7148c306a44da11f67079a1cfe671bedd6fc8652c5821fa55af5,17,FALL,000000000000000000000111111111,225,225,204,/home/zhupl25/chiplet_side_channel/chiplet_gds_data/power_macro/delay_chain/ftc/runs/b_fe_frontend/bfe14_arch1_benign_temp_drift/physical/seed_41025/t_+125C/source_hspice,VALID,21,21,0,0
41025,f0b2949e77adbd5946f383bee01df953a1bfb187950354ff55523168360548dc,125,a47522d223ca7148c306a44da11f67079a1cfe671bedd6fc8652c5821fa55af5,18,RISE,000000000000000000000111111111,225,225,204,/home/zhupl25/chiplet_side_channel/chiplet_gds_data/power_macro/delay_chain/ftc/runs/b_fe_frontend/bfe14_arch1_benign_temp_drift/physical/seed_41025/t_+125C/source_hspice,VALID,0,0,0,0
41025,f0b2949e77adbd5946f383bee01df953a1bfb187950354ff55523168360548dc,125,a47522d223ca7148c306a44da11f67079a1cfe671bedd6fc8652c5821fa55af5,19,FALL,000000000000000000000111111111,225,225,204,/home/zhupl25/chiplet_side_channel/chiplet_gds_data/power_macro/delay_chain/ftc/runs/b_fe_frontend/bfe14_arch1_benign_temp_drift/physical/seed_41025/t_+125C/source_hspice,VALID,21,21,0,0
41025,f0b2949e77adbd5946f383bee01df953a1bfb187950354ff55523168360548dc,125,a47522d223ca7148c306a44da11f67079a1cfe671bedd6fc8652c5821fa55af5,20,RISE,000000000000000000000111111111,225,225,204,/home/zhupl25/chiplet_side_channel/chiplet_gds_data/power_macro/delay_chain/ftc/runs/b_fe_frontend/bfe14_arch1_benign_temp_drift/physical/seed_41025/t_+125C/source_hspice,VALID,0,0,0,0
41025,f0b2949e77adbd5946f383bee01df953a1bfb187950354ff55523168360548dc,125,a47522d223ca7148c306a44da11f67079a1cfe671bedd6fc8652c5821fa55af5,21,FALL,000000000000000000000111111111,225,225,204,/home/zhupl25/chiplet_side_channel/chiplet_gds_data/power_macro/delay_chain/ftc/runs/b_fe_frontend/bfe14_arch1_benign_temp_drift/physical/seed_41025/t_+125C/source_hspice,VALID,21,21,0,0
41025,f0b2949e77adbd5946f383bee01df953a1bfb187950354ff55523168360548dc,125,a47522d223ca7148c306a44da11f67079a1cfe671bedd6fc8652c5821fa55af5,22,RISE,000000000000000000000111111111,225,225,204,/home/zhupl25/chiplet_side_channel/chiplet_gds_data/power_macro/delay_chain/ftc/runs/b_fe_frontend/bfe14_arch1_benign_temp_drift/physical/seed_41025/t_+125C/source_hspice,VALID,0,0,0,0
41025,f0b2949e77adbd5946f383bee01df953a1bfb187950354ff55523168360548dc,125,a47522d223ca7148c306a44da11f67079a1cfe671bedd6fc8652c5821fa55af5,23,FALL,000000000000000000000111111111,225,225,204,/home/zhupl25/chiplet_side_channel/chiplet_gds_data/power_macro/delay_chain/ftc/runs/b_fe_frontend/bfe14_arch1_benign_temp_drift/physical/seed_41025/t_+125C/source_hspice,VALID,21,21,0,0
41026,e70f1d64563bbdab8af19e602b1e4e382a8d8fa09fc38105106fc9a6eb1f377b,-40,a47522d223ca7148c306a44da11f67079a1cfe671bedd6fc8652c5821fa55af5,0,RISE,000000000000000000000000111111,159,164,153,/home/zhupl25/chiplet_side_channel/chiplet_gds_data/power_macro/delay_chain/ftc/runs/b_fe_frontend/bfe14_arch1_benign_temp_drift/physical/seed_41026/t_-040C/source_hspice,VALID,-5,5,0,0
41026,e70f1d64563bbdab8af19e602b1e4e382a8d8fa09fc38105106fc9a6eb1f377b,-40,a47522d223ca7148c306a44da11f67079a1cfe671bedd6fc8652c5821fa55af5,1,FALL,000000000000000000000000011111,135,164,153,/home/zhupl25/chiplet_side_channel/chiplet_gds_data/power_macro/delay_chain/ftc/runs/b_fe_frontend/bfe14_arch1_benign_temp_drift/physical/seed_41026/t_-040C/source_hspice,VALID,-18,18,0,0
41026,e70f1d64563bbdab8af19e602b1e4e382a8d8fa09fc38105106fc9a6eb1f377b,-40,a47522d223ca7148c306a44da11f67079a1cfe671bedd6fc8652c5821fa55af5,2,RISE,000000000000000000000000111111,159,164,153,/home/zhupl25/chiplet_side_channel/chiplet_gds_data/power_macro/delay_chain/ftc/runs/b_fe_frontend/bfe14_arch1_benign_temp_drift/physical/seed_41026/t_-040C/source_hspice,VALID,-5,5,0,0
41026,e70f1d64563bbdab8af19e602b1e4e382a8d8fa09fc38105106fc9a6eb1f377b,-40,a47522d223ca7148c306a44da11f67079a1cfe671bedd6fc8652c5821fa55af5,3,FALL,000000000000000000000000001111,110,164,153,/home/zhupl25/chiplet_side_channel/chiplet_gds_data/power_macro/delay_chain/ftc/runs/b_fe_frontend/bfe14_arch1_benign_temp_drift/physical/seed_41026/t_-040C/source_hspice,VALID,-43,43,0,0
41026,e70f1d64563bbdab8af19e602b1e4e382a8d8fa09fc38105106fc9a6eb1f377b,-40,a47522d223ca7148c306a44da11f67079a1cfe671bedd6fc8652c5821fa55af5,4,RISE,000000000000000000000000111111,159,164,153,/home/zhupl25/chiplet_side_channel/chiplet_gds_data/power_macro/delay_chain/ftc/runs/b_fe_frontend/bfe14_arch1_benign_temp_drift/physical/seed_41026/t_-040C/source_hspice,VALID,-5,5,0,0
41026,e70f1d64563bbdab8af19e602b1e4e382a8d8fa09fc38105106fc9a6eb1f377b,-40,a47522d223ca7148c306a44da11f67079a1cfe671bedd6fc8652c5821fa55af5,5,FALL,000000000000000000000000011111,135,164,153,/home/zhupl25/chiplet_side_channel/chiplet_gds_data/power_macro/delay_chain/ftc/runs/b_fe_frontend/bfe14_arch1_benign_temp_drift/physical/seed_41026/t_-040C/source_hspice,VALID,-18,18,0,0
41026,e70f1d64563bbdab8af19e602b1e4e382a8d8fa09fc38105106fc9a6eb1f377b,-40,a47522d223ca7148c306a44da11f67079a1cfe671bedd6fc8652c5821fa55af5,6,RISE,000000000000000000000000011111,135,164,153,/home/zhupl25/chiplet_side_channel/chiplet_gds_data/power_macro/delay_chain/ftc/runs/b_fe_frontend/bfe14_arch1_benign_temp_drift/physical/seed_41026/t_-040C/source_hspice,VALID,-29,29,0,0
41026,e70f1d64563bbdab8af19e602b1e4e382a8d8fa09fc38105106fc9a6eb1f377b,-40,a47522d223ca7148c306a44da11f67079a1cfe671bedd6fc8652c5821fa55af5,7,FALL,000000000000000000000000011111,135,164,153,/home/zhupl25/chiplet_side_channel/chiplet_gds_data/power_macro/delay_chain/ftc/runs/b_fe_frontend/bfe14_arch1_benign_temp_drift/physical/seed_41026/t_-040C/source_hspice,VALID,-18,18,0,0
41026,e70f1d64563bbdab8af19e602b1e4e382a8d8fa09fc38105106fc9a6eb1f377b,-40,a47522d223ca7148c306a44da11f67079a1cfe671bedd6fc8652c5821fa55af5,8,RISE,000000000000000000000000011111,135,164,153,/home/zhupl25/chiplet_side_channel/chiplet_gds_data/power_macro/delay_chain/ftc/runs/b_fe_frontend/bfe14_arch1_benign_temp_drift/physical/seed_41026/t_-040C/source_hspice,VALID,-29,29,0,0
41026,e70f1d64563bbdab8af19e602b1e4e382a8d8fa09fc38105106fc9a6eb1f377b,-40,a47522d223ca7148c306a44da11f67079a1cfe671bedd6fc8652c5821fa55af5,9,FALL,000000000000000000000000011111,135,164,153,/home/zhupl25/chiplet_side_channel/chiplet_gds_data/power_macro/delay_chain/ftc/runs/b_fe_frontend/bfe14_arch1_benign_temp_drift/physical/seed_41026/t_-040C/source_hspice,VALID,-18,18,0,0
41026,e70f1d64563bbdab8af19e602b1e4e382a8d8fa09fc38105106fc9a6eb1f377b,-40,a47522d223ca7148c306a44da11f67079a1cfe671bedd6fc8652c5821fa55af5,10,RISE,000000000000000000000000111111,159,164,153,/home/zhupl25/chiplet_side_channel/chiplet_gds_data/power_macro/delay_chain/ftc/runs/b_fe_frontend/bfe14_arch1_benign_temp_drift/physical/seed_41026/t_-040C/source_hspice,VALID,-5,5,0,0
41026,e70f1d64563bbdab8af19e602b1e4e382a8d8fa09fc38105106fc9a6eb1f377b,-40,a47522d223ca7148c306a44da11f67079a1cfe671bedd6fc8652c5821fa55af5,11,FALL,000000000000000000000000011111,135,164,153,/home/zhupl25/chiplet_side_channel/chiplet_gds_data/power_macro/delay_chain/ftc/runs/b_fe_frontend/bfe14_arch1_benign_temp_drift/physical/seed_41026/t_-040C/source_hspice,VALID,-18,18,0,0
41026,e70f1d64563bbdab8af19e602b1e4e382a8d8fa09fc38105106fc9a6eb1f377b,-40,a47522d223ca7148c306a44da11f67079a1cfe671bedd6fc8652c5821fa55af5,12,RISE,000000000000000000000000011111,135,164,153,/home/zhupl25/chiplet_side_channel/chiplet_gds_data/power_macro/delay_chain/ftc/runs/b_fe_frontend/bfe14_arch1_benign_temp_drift/physical/seed_41026/t_-040C/source_hspice,VALID,-29,29,0,0
41026,e70f1d64563bbdab8af19e602b1e4e382a8d8fa09fc38105106fc9a6eb1f377b,-40,a47522d223ca7148c306a44da11f67079a1cfe671bedd6fc8652c5821fa55af5,13,FALL,000000000000000000000000001111,110,164,153,/home/zhupl25/chiplet_side_channel/chiplet_gds_data/power_macro/delay_chain/ftc/runs/b_fe_frontend/bfe14_arch1_benign_temp_drift/physical/seed_41026/t_-040C/source_hspice,VALID,-43,43,0,0
41026,e70f1d64563bbdab8af19e602b1e4e382a8d8fa09fc38105106fc9a6eb1f377b,-40,a47522d223ca7148c306a44da11f67079a1cfe671bedd6fc8652c5821fa55af5,14,RISE,000000000000000000000000111111,159,164,153,/home/zhupl25/chiplet_side_channel/chiplet_gds_data/power_macro/delay_chain/ftc/runs/b_fe_frontend/bfe14_arch1_benign_temp_drift/physical/seed_41026/t_-040C/source_hspice,VALID,-5,5,0,0
41026,e70f1d64563bbdab8af19e602b1e4e382a8d8fa09fc38105106fc9a6eb1f377b,-40,a47522d223ca7148c306a44da11f67079a1cfe671bedd6fc8652c5821fa55af5,15,FALL,000000000000000000000000001111,110,164,153,/home/zhupl25/chiplet_side_channel/chiplet_gds_data/power_macro/delay_chain/ftc/runs/b_fe_frontend/bfe14_arch1_benign_temp_drift/physical/seed_41026/t_-040C/source_hspice,VALID,-43,43,0,0
41026,e70f1d64563bbdab8af19e602b1e4e382a8d8fa09fc38105106fc9a6eb1f377b,-40,a47522d223ca7148c306a44da11f67079a1cfe671bedd6fc8652c5821fa55af5,16,RISE,000000000000000000000000011111,135,164,153,/home/zhupl25/chiplet_side_channel/chiplet_gds_data/power_macro/delay_chain/ftc/runs/b_fe_frontend/bfe14_arch1_benign_temp_drift/physical/seed_41026/t_-040C/source_hspice,VALID,-29,29,0,0
41026,e70f1d64563bbdab8af19e602b1e4e382a8d8fa09fc38105106fc9a6eb1f377b,-40,a47522d223ca7148c306a44da11f67079a1cfe671bedd6fc8652c5821fa55af5,17,FALL,000000000000000000000000011111,135,164,153,/home/zhupl25/chiplet_side_channel/chiplet_gds_data/power_macro/delay_chain/ftc/runs/b_fe_frontend/bfe14_arch1_benign_temp_drift/physical/seed_41026/t_-040C/source_hspice,VALID,-18,18,0,0
41026,e70f1d64563bbdab8af19e602b1e4e382a8d8fa09fc38105106fc9a6eb1f377b,-40,a47522d223ca7148c306a44da11f67079a1cfe671bedd6fc8652c5821fa55af5,18,RISE,000000000000000000000000011111,135,164,153,/home/zhupl25/chiplet_side_channel/chiplet_gds_data/power_macro/delay_chain/ftc/runs/b_fe_frontend/bfe14_arch1_benign_temp_drift/physical/seed_41026/t_-040C/source_hspice,VALID,-29,29,0,0
41026,e70f1d64563bbdab8af19e602b1e4e382a8d8fa09fc38105106fc9a6eb1f377b,-40,a47522d223ca7148c306a44da11f67079a1cfe671bedd6fc8652c5821fa55af5,19,FALL,000000000000000000000000011111,135,164,153,/home/zhupl25/chiplet_side_channel/chiplet_gds_data/power_macro/delay_chain/ftc/runs/b_fe_frontend/bfe14_arch1_benign_temp_drift/physical/seed_41026/t_-040C/source_hspice,VALID,-18,18,0,0
41026,e70f1d64563bbdab8af19e602b1e4e382a8d8fa09fc38105106fc9a6eb1f377b,-40,a47522d223ca7148c306a44da11f67079a1cfe671bedd6fc8652c5821fa55af5,20,RISE,000000000000000000000000011111,135,164,153,/home/zhupl25/chiplet_side_channel/chiplet_gds_data/power_macro/delay_chain/ftc/runs/b_fe_frontend/bfe14_arch1_benign_temp_drift/physical/seed_41026/t_-040C/source_hspice,VALID,-29,29,0,0
41026,e70f1d64563bbdab8af19e602b1e4e382a8d8fa09fc38105106fc9a6eb1f377b,-40,a47522d223ca7148c306a44da11f67079a1cfe671bedd6fc8652c5821fa55af5,21,FALL,000000000000000000000000001111,110,164,153,/home/zhupl25/chiplet_side_channel/chiplet_gds_data/power_macro/delay_chain/ftc/runs/b_fe_frontend/bfe14_arch1_benign_temp_drift/physical/seed_41026/t_-040C/source_hspice,VALID,-43,43,0,0
41026,e70f1d64563bbdab8af19e602b1e4e382a8d8fa09fc38105106fc9a6eb1f377b,-40,a47522d223ca7148c306a44da11f67079a1cfe671bedd6fc8652c5821fa55af5,22,RISE,000000000000000000000000111111,159,164,153,/home/zhupl25/chiplet_side_channel/chiplet_gds_data/power_macro/delay_chain/ftc/runs/b_fe_frontend/bfe14_arch1_benign_temp_drift/physical/seed_41026/t_-040C/source_hspice,VALID,-5,5,0,0
41026,e70f1d64563bbdab8af19e602b1e4e382a8d8fa09fc38105106fc9a6eb1f377b,-40,a47522d223ca7148c306a44da11f67079a1cfe671bedd6fc8652c5821fa55af5,23,FALL,000000000000000000000000011111,135,164,153,/home/zhupl25/chiplet_side_channel/chiplet_gds_data/power_macro/delay_chain/ftc/runs/b_fe_frontend/bfe14_arch1_benign_temp_drift/physical/seed_41026/t_-040C/source_hspice,VALID,-18,18,0,0
41026,e70f1d64563bbdab8af19e602b1e4e382a8d8fa09fc38105106fc9a6eb1f377b,125,a47522d223ca7148c306a44da11f67079a1cfe671bedd6fc8652c5821fa55af5,0,RISE,000000000000000000000001111111,182,164,153,/home/zhupl25/chiplet_side_channel/chiplet_gds_data/power_macro/delay_chain/ftc/runs/b_fe_frontend/bfe14_arch1_benign_temp_drift/physical/seed_41026/t_+125C/source_hspice,VALID,18,18,0,0
41026,e70f1d64563bbdab8af19e602b1e4e382a8d8fa09fc38105106fc9a6eb1f377b,125,a47522d223ca7148c306a44da11f67079a1cfe671bedd6fc8652c5821fa55af5,1,FALL,000000000000000000000001111111,182,164,153,/home/zhupl25/chiplet_side_channel/chiplet_gds_data/power_macro/delay_chain/ftc/runs/b_fe_frontend/bfe14_arch1_benign_temp_drift/physical/seed_41026/t_+125C/source_hspice,VALID,29,29,0,0
41026,e70f1d64563bbdab8af19e602b1e4e382a8d8fa09fc38105106fc9a6eb1f377b,125,a47522d223ca7148c306a44da11f67079a1cfe671bedd6fc8652c5821fa55af5,2,RISE,000000000000000000000001111111,182,164,153,/home/zhupl25/chiplet_side_channel/chiplet_gds_data/power_macro/delay_chain/ftc/runs/b_fe_frontend/bfe14_arch1_benign_temp_drift/physical/seed_41026/t_+125C/source_hspice,VALID,18,18,0,0
41026,e70f1d64563bbdab8af19e602b1e4e382a8d8fa09fc38105106fc9a6eb1f377b,125,a47522d223ca7148c306a44da11f67079a1cfe671bedd6fc8652c5821fa55af5,3,FALL,000000000000000000000001111111,182,164,153,/home/zhupl25/chiplet_side_channel/chiplet_gds_data/power_macro/delay_chain/ftc/runs/b_fe_frontend/bfe14_arch1_benign_temp_drift/physical/seed_41026/t_+125C/source_hspice,VALID,29,29,0,0
41026,e70f1d64563bbdab8af19e602b1e4e382a8d8fa09fc38105106fc9a6eb1f377b,125,a47522d223ca7148c306a44da11f67079a1cfe671bedd6fc8652c5821fa55af5,4,RISE,000000000000000000000011111111,204,164,153,/home/zhupl25/chiplet_side_channel/chiplet_gds_data/power_macro/delay_chain/ftc/runs/b_fe_frontend/bfe14_arch1_benign_temp_drift/physical/seed_41026/t_+125C/source_hspice,VALID,40,40,1,1
41026,e70f1d64563bbdab8af19e602b1e4e382a8d8fa09fc38105106fc9a6eb1f377b,125,a47522d223ca7148c306a44da11f67079a1cfe671bedd6fc8652c5821fa55af5,5,FALL,000000000000000000000001111111,182,164,153,/home/zhupl25/chiplet_side_channel/chiplet_gds_data/power_macro/delay_chain/ftc/runs/b_fe_frontend/bfe14_arch1_benign_temp_drift/physical/seed_41026/t_+125C/source_hspice,VALID,29,29,0,0
41026,e70f1d64563bbdab8af19e602b1e4e382a8d8fa09fc38105106fc9a6eb1f377b,125,a47522d223ca7148c306a44da11f67079a1cfe671bedd6fc8652c5821fa55af5,6,RISE,000000000000000000000001111111,182,164,153,/home/zhupl25/chiplet_side_channel/chiplet_gds_data/power_macro/delay_chain/ftc/runs/b_fe_frontend/bfe14_arch1_benign_temp_drift/physical/seed_41026/t_+125C/source_hspice,VALID,18,18,0,0
41026,e70f1d64563bbdab8af19e602b1e4e382a8d8fa09fc38105106fc9a6eb1f377b,125,a47522d223ca7148c306a44da11f67079a1cfe671bedd6fc8652c5821fa55af5,7,FALL,000000000000000000000001111111,182,164,153,/home/zhupl25/chiplet_side_channel/chiplet_gds_data/power_macro/delay_chain/ftc/runs/b_fe_frontend/bfe14_arch1_benign_temp_drift/physical/seed_41026/t_+125C/source_hspice,VALID,29,29,0,0
41026,e70f1d64563bbdab8af19e602b1e4e382a8d8fa09fc38105106fc9a6eb1f377b,125,a47522d223ca7148c306a44da11f67079a1cfe671bedd6fc8652c5821fa55af5,8,RISE,000000000000000000000001111111,182,164,153,/home/zhupl25/chiplet_side_channel/chiplet_gds_data/power_macro/delay_chain/ftc/runs/b_fe_frontend/bfe14_arch1_benign_temp_drift/physical/seed_41026/t_+125C/source_hspice,VALID,18,18,0,0
41026,e70f1d64563bbdab8af19e602b1e4e382a8d8fa09fc38105106fc9a6eb1f377b,125,a47522d223ca7148c306a44da11f67079a1cfe671bedd6fc8652c5821fa55af5,9,FALL,000000000000000000000001111111,182,164,153,/home/zhupl25/chiplet_side_channel/chiplet_gds_data/power_macro/delay_chain/ftc/runs/b_fe_frontend/bfe14_arch1_benign_temp_drift/physical/seed_41026/t_+125C/source_hspice,VALID,29,29,0,0
41026,e70f1d64563bbdab8af19e602b1e4e382a8d8fa09fc38105106fc9a6eb1f377b,125,a47522d223ca7148c306a44da11f67079a1cfe671bedd6fc8652c5821fa55af5,10,RISE,000000000000000000000011111111,204,164,153,/home/zhupl25/chiplet_side_channel/chiplet_gds_data/power_macro/delay_chain/ftc/runs/b_fe_frontend/bfe14_arch1_benign_temp_drift/physical/seed_41026/t_+125C/source_hspice,VALID,40,40,1,1
41026,e70f1d64563bbdab8af19e602b1e4e382a8d8fa09fc38105106fc9a6eb1f377b,125,a47522d223ca7148c306a44da11f67079a1cfe671bedd6fc8652c5821fa55af5,11,FALL,000000000000000000000001111111,182,164,153,/home/zhupl25/chiplet_side_channel/chiplet_gds_data/power_macro/delay_chain/ftc/runs/b_fe_frontend/bfe14_arch1_benign_temp_drift/physical/seed_41026/t_+125C/source_hspice,VALID,29,29,0,0
41026,e70f1d64563bbdab8af19e602b1e4e382a8d8fa09fc38105106fc9a6eb1f377b,125,a47522d223ca7148c306a44da11f67079a1cfe671bedd6fc8652c5821fa55af5,12,RISE,000000000000000000000001111111,182,164,153,/home/zhupl25/chiplet_side_channel/chiplet_gds_data/power_macro/delay_chain/ftc/runs/b_fe_frontend/bfe14_arch1_benign_temp_drift/physical/seed_41026/t_+125C/source_hspice,VALID,18,18,0,0
41026,e70f1d64563bbdab8af19e602b1e4e382a8d8fa09fc38105106fc9a6eb1f377b,125,a47522d223ca7148c306a44da11f67079a1cfe671bedd6fc8652c5821fa55af5,13,FALL,000000000000000000000001111111,182,164,153,/home/zhupl25/chiplet_side_channel/chiplet_gds_data/power_macro/delay_chain/ftc/runs/b_fe_frontend/bfe14_arch1_benign_temp_drift/physical/seed_41026/t_+125C/source_hspice,VALID,29,29,0,0
41026,e70f1d64563bbdab8af19e602b1e4e382a8d8fa09fc38105106fc9a6eb1f377b,125,a47522d223ca7148c306a44da11f67079a1cfe671bedd6fc8652c5821fa55af5,14,RISE,000000000000000000000001111111,182,164,153,/home/zhupl25/chiplet_side_channel/chiplet_gds_data/power_macro/delay_chain/ftc/runs/b_fe_frontend/bfe14_arch1_benign_temp_drift/physical/seed_41026/t_+125C/source_hspice,VALID,18,18,0,0
41026,e70f1d64563bbdab8af19e602b1e4e382a8d8fa09fc38105106fc9a6eb1f377b,125,a47522d223ca7148c306a44da11f67079a1cfe671bedd6fc8652c5821fa55af5,15,FALL,000000000000000000000001111111,182,164,153,/home/zhupl25/chiplet_side_channel/chiplet_gds_data/power_macro/delay_chain/ftc/runs/b_fe_frontend/bfe14_arch1_benign_temp_drift/physical/seed_41026/t_+125C/source_hspice,VALID,29,29,0,0
41026,e70f1d64563bbdab8af19e602b1e4e382a8d8fa09fc38105106fc9a6eb1f377b,125,a47522d223ca7148c306a44da11f67079a1cfe671bedd6fc8652c5821fa55af5,16,RISE,000000000000000000000001111111,182,164,153,/home/zhupl25/chiplet_side_channel/chiplet_gds_data/power_macro/delay_chain/ftc/runs/b_fe_frontend/bfe14_arch1_benign_temp_drift/physical/seed_41026/t_+125C/source_hspice,VALID,18,18,0,0
41026,e70f1d64563bbdab8af19e602b1e4e382a8d8fa09fc38105106fc9a6eb1f377b,125,a47522d223ca7148c306a44da11f67079a1cfe671bedd6fc8652c5821fa55af5,17,FALL,000000000000000000000001111111,182,164,153,/home/zhupl25/chiplet_side_channel/chiplet_gds_data/power_macro/delay_chain/ftc/runs/b_fe_frontend/bfe14_arch1_benign_temp_drift/physical/seed_41026/t_+125C/source_hspice,VALID,29,29,0,0
41026,e70f1d64563bbdab8af19e602b1e4e382a8d8fa09fc38105106fc9a6eb1f377b,125,a47522d223ca7148c306a44da11f67079a1cfe671bedd6fc8652c5821fa55af5,18,RISE,000000000000000000000001111111,182,164,153,/home/zhupl25/chiplet_side_channel/chiplet_gds_data/power_macro/delay_chain/ftc/runs/b_fe_frontend/bfe14_arch1_benign_temp_drift/physical/seed_41026/t_+125C/source_hspice,VALID,18,18,0,0
41026,e70f1d64563bbdab8af19e602b1e4e382a8d8fa09fc38105106fc9a6eb1f377b,125,a47522d223ca7148c306a44da11f67079a1cfe671bedd6fc8652c5821fa55af5,19,FALL,000000000000000000000001111111,182,164,153,/home/zhupl25/chiplet_side_channel/chiplet_gds_data/power_macro/delay_chain/ftc/runs/b_fe_frontend/bfe14_arch1_benign_temp_drift/physical/seed_41026/t_+125C/source_hspice,VALID,29,29,0,0
41026,e70f1d64563bbdab8af19e602b1e4e382a8d8fa09fc38105106fc9a6eb1f377b,125,a47522d223ca7148c306a44da11f67079a1cfe671bedd6fc8652c5821fa55af5,20,RISE,000000000000000000000001111111,182,164,153,/home/zhupl25/chiplet_side_channel/chiplet_gds_data/power_macro/delay_chain/ftc/runs/b_fe_frontend/bfe14_arch1_benign_temp_drift/physical/seed_41026/t_+125C/source_hspice,VALID,18,18,0,0
41026,e70f1d64563bbdab8af19e602b1e4e382a8d8fa09fc38105106fc9a6eb1f377b,125,a47522d223ca7148c306a44da11f67079a1cfe671bedd6fc8652c5821fa55af5,21,FALL,000000000000000000000001111111,182,164,153,/home/zhupl25/chiplet_side_channel/chiplet_gds_data/power_macro/delay_chain/ftc/runs/b_fe_frontend/bfe14_arch1_benign_temp_drift/physical/seed_41026/t_+125C/source_hspice,VALID,29,29,0,0
41026,e70f1d64563bbdab8af19e602b1e4e382a8d8fa09fc38105106fc9a6eb1f377b,125,a47522d223ca7148c306a44da11f67079a1cfe671bedd6fc8652c5821fa55af5,22,RISE,000000000000000000000011111111,204,164,153,/home/zhupl25/chiplet_side_channel/chiplet_gds_data/power_macro/delay_chain/ftc/runs/b_fe_frontend/bfe14_arch1_benign_temp_drift/physical/seed_41026/t_+125C/source_hspice,VALID,40,40,1,1
41026,e70f1d64563bbdab8af19e602b1e4e382a8d8fa09fc38105106fc9a6eb1f377b,125,a47522d223ca7148c306a44da11f67079a1cfe671bedd6fc8652c5821fa55af5,23,FALL,000000000000000000000001111111,182,164,153,/home/zhupl25/chiplet_side_channel/chiplet_gds_data/power_macro/delay_chain/ftc/runs/b_fe_frontend/bfe14_arch1_benign_temp_drift/physical/seed_41026/t_+125C/source_hspice,VALID,29,29,0,0
41027,946dfa47654e4f0c03723f92a972e36befbeeebaba206d020eec60291d5f72dc,-40,a47522d223ca7148c306a44da11f67079a1cfe671bedd6fc8652c5821fa55af5,0,RISE,000000000000000000000000011111,135,153,135,/home/zhupl25/chiplet_side_channel/chiplet_gds_data/power_macro/delay_chain/ftc/runs/b_fe_frontend/bfe14_arch1_benign_temp_drift/physical/seed_41027/t_-040C/source_hspice,VALID,-18,18,0,0
41027,946dfa47654e4f0c03723f92a972e36befbeeebaba206d020eec60291d5f72dc,-40,a47522d223ca7148c306a44da11f67079a1cfe671bedd6fc8652c5821fa55af5,1,FALL,000000000000000000000000001111,110,153,135,/home/zhupl25/chiplet_side_channel/chiplet_gds_data/power_macro/delay_chain/ftc/runs/b_fe_frontend/bfe14_arch1_benign_temp_drift/physical/seed_41027/t_-040C/source_hspice,VALID,-25,25,0,0
41027,946dfa47654e4f0c03723f92a972e36befbeeebaba206d020eec60291d5f72dc,-40,a47522d223ca7148c306a44da11f67079a1cfe671bedd6fc8652c5821fa55af5,2,RISE,000000000000000000000000011111,135,153,135,/home/zhupl25/chiplet_side_channel/chiplet_gds_data/power_macro/delay_chain/ftc/runs/b_fe_frontend/bfe14_arch1_benign_temp_drift/physical/seed_41027/t_-040C/source_hspice,VALID,-18,18,0,0
41027,946dfa47654e4f0c03723f92a972e36befbeeebaba206d020eec60291d5f72dc,-40,a47522d223ca7148c306a44da11f67079a1cfe671bedd6fc8652c5821fa55af5,3,FALL,000000000000000000000000001111,110,153,135,/home/zhupl25/chiplet_side_channel/chiplet_gds_data/power_macro/delay_chain/ftc/runs/b_fe_frontend/bfe14_arch1_benign_temp_drift/physical/seed_41027/t_-040C/source_hspice,VALID,-25,25,0,0
41027,946dfa47654e4f0c03723f92a972e36befbeeebaba206d020eec60291d5f72dc,-40,a47522d223ca7148c306a44da11f67079a1cfe671bedd6fc8652c5821fa55af5,4,RISE,000000000000000000000000011111,135,153,135,/home/zhupl25/chiplet_side_channel/chiplet_gds_data/power_macro/delay_chain/ftc/runs/b_fe_frontend/bfe14_arch1_benign_temp_drift/physical/seed_41027/t_-040C/source_hspice,VALID,-18,18,0,0
41027,946dfa47654e4f0c03723f92a972e36befbeeebaba206d020eec60291d5f72dc,-40,a47522d223ca7148c306a44da11f67079a1cfe671bedd6fc8652c5821fa55af5,5,FALL,000000000000000000000000001111,110,153,135,/home/zhupl25/chiplet_side_channel/chiplet_gds_data/power_macro/delay_chain/ftc/runs/b_fe_frontend/bfe14_arch1_benign_temp_drift/physical/seed_41027/t_-040C/source_hspice,VALID,-25,25,0,0
41027,946dfa47654e4f0c03723f92a972e36befbeeebaba206d020eec60291d5f72dc,-40,a47522d223ca7148c306a44da11f67079a1cfe671bedd6fc8652c5821fa55af5,6,RISE,000000000000000000000000011111,135,153,135,/home/zhupl25/chiplet_side_channel/chiplet_gds_data/power_macro/delay_chain/ftc/runs/b_fe_frontend/bfe14_arch1_benign_temp_drift/physical/seed_41027/t_-040C/source_hspice,VALID,-18,18,0,0
41027,946dfa47654e4f0c03723f92a972e36befbeeebaba206d020eec60291d5f72dc,-40,a47522d223ca7148c306a44da11f67079a1cfe671bedd6fc8652c5821fa55af5,7,FALL,000000000000000000000000001111,110,153,135,/home/zhupl25/chiplet_side_channel/chiplet_gds_data/power_macro/delay_chain/ftc/runs/b_fe_frontend/bfe14_arch1_benign_temp_drift/physical/seed_41027/t_-040C/source_hspice,VALID,-25,25,0,0
41027,946dfa47654e4f0c03723f92a972e36befbeeebaba206d020eec60291d5f72dc,-40,a47522d223ca7148c306a44da11f67079a1cfe671bedd6fc8652c5821fa55af5,8,RISE,000000000000000000000000011111,135,153,135,/home/zhupl25/chiplet_side_channel/chiplet_gds_data/power_macro/delay_chain/ftc/runs/b_fe_frontend/bfe14_arch1_benign_temp_drift/physical/seed_41027/t_-040C/source_hspice,VALID,-18,18,0,0
41027,946dfa47654e4f0c03723f92a972e36befbeeebaba206d020eec60291d5f72dc,-40,a47522d223ca7148c306a44da11f67079a1cfe671bedd6fc8652c5821fa55af5,9,FALL,000000000000000000000000001111,110,153,135,/home/zhupl25/chiplet_side_channel/chiplet_gds_data/power_macro/delay_chain/ftc/runs/b_fe_frontend/bfe14_arch1_benign_temp_drift/physical/seed_41027/t_-040C/source_hspice,VALID,-25,25,0,0
41027,946dfa47654e4f0c03723f92a972e36befbeeebaba206d020eec60291d5f72dc,-40,a47522d223ca7148c306a44da11f67079a1cfe671bedd6fc8652c5821fa55af5,10,RISE,000000000000000000000000011111,135,153,135,/home/zhupl25/chiplet_side_channel/chiplet_gds_data/power_macro/delay_chain/ftc/runs/b_fe_frontend/bfe14_arch1_benign_temp_drift/physical/seed_41027/t_-040C/source_hspice,VALID,-18,18,0,0
41027,946dfa47654e4f0c03723f92a972e36befbeeebaba206d020eec60291d5f72dc,-40,a47522d223ca7148c306a44da11f67079a1cfe671bedd6fc8652c5821fa55af5,11,FALL,000000000000000000000000001111,110,153,135,/home/zhupl25/chiplet_side_channel/chiplet_gds_data/power_macro/delay_chain/ftc/runs/b_fe_frontend/bfe14_arch1_benign_temp_drift/physical/seed_41027/t_-040C/source_hspice,VALID,-25,25,0,0
41027,946dfa47654e4f0c03723f92a972e36befbeeebaba206d020eec60291d5f72dc,-40,a47522d223ca7148c306a44da11f67079a1cfe671bedd6fc8652c5821fa55af5,12,RISE,000000000000000000000000011111,135,153,135,/home/zhupl25/chiplet_side_channel/chiplet_gds_data/power_macro/delay_chain/ftc/runs/b_fe_frontend/bfe14_arch1_benign_temp_drift/physical/seed_41027/t_-040C/source_hspice,VALID,-18,18,0,0
41027,946dfa47654e4f0c03723f92a972e36befbeeebaba206d020eec60291d5f72dc,-40,a47522d223ca7148c306a44da11f67079a1cfe671bedd6fc8652c5821fa55af5,13,FALL,000000000000000000000000001111,110,153,135,/home/zhupl25/chiplet_side_channel/chiplet_gds_data/power_macro/delay_chain/ftc/runs/b_fe_frontend/bfe14_arch1_benign_temp_drift/physical/seed_41027/t_-040C/source_hspice,VALID,-25,25,0,0
41027,946dfa47654e4f0c03723f92a972e36befbeeebaba206d020eec60291d5f72dc,-40,a47522d223ca7148c306a44da11f67079a1cfe671bedd6fc8652c5821fa55af5,14,RISE,000000000000000000000000011111,135,153,135,/home/zhupl25/chiplet_side_channel/chiplet_gds_data/power_macro/delay_chain/ftc/runs/b_fe_frontend/bfe14_arch1_benign_temp_drift/physical/seed_41027/t_-040C/source_hspice,VALID,-18,18,0,0
41027,946dfa47654e4f0c03723f92a972e36befbeeebaba206d020eec60291d5f72dc,-40,a47522d223ca7148c306a44da11f67079a1cfe671bedd6fc8652c5821fa55af5,15,FALL,000000000000000000000000001111,110,153,135,/home/zhupl25/chiplet_side_channel/chiplet_gds_data/power_macro/delay_chain/ftc/runs/b_fe_frontend/bfe14_arch1_benign_temp_drift/physical/seed_41027/t_-040C/source_hspice,VALID,-25,25,0,0
41027,946dfa47654e4f0c03723f92a972e36befbeeebaba206d020eec60291d5f72dc,-40,a47522d223ca7148c306a44da11f67079a1cfe671bedd6fc8652c5821fa55af5,16,RISE,000000000000000000000000011111,135,153,135,/home/zhupl25/chiplet_side_channel/chiplet_gds_data/power_macro/delay_chain/ftc/runs/b_fe_frontend/bfe14_arch1_benign_temp_drift/physical/seed_41027/t_-040C/source_hspice,VALID,-18,18,0,0
41027,946dfa47654e4f0c03723f92a972e36befbeeebaba206d020eec60291d5f72dc,-40,a47522d223ca7148c306a44da11f67079a1cfe671bedd6fc8652c5821fa55af5,17,FALL,000000000000000000000000001111,110,153,135,/home/zhupl25/chiplet_side_channel/chiplet_gds_data/power_macro/delay_chain/ftc/runs/b_fe_frontend/bfe14_arch1_benign_temp_drift/physical/seed_41027/t_-040C/source_hspice,VALID,-25,25,0,0
41027,946dfa47654e4f0c03723f92a972e36befbeeebaba206d020eec60291d5f72dc,-40,a47522d223ca7148c306a44da11f67079a1cfe671bedd6fc8652c5821fa55af5,18,RISE,000000000000000000000000011111,135,153,135,/home/zhupl25/chiplet_side_channel/chiplet_gds_data/power_macro/delay_chain/ftc/runs/b_fe_frontend/bfe14_arch1_benign_temp_drift/physical/seed_41027/t_-040C/source_hspice,VALID,-18,18,0,0
41027,946dfa47654e4f0c03723f92a972e36befbeeebaba206d020eec60291d5f72dc,-40,a47522d223ca7148c306a44da11f67079a1cfe671bedd6fc8652c5821fa55af5,19,FALL,000000000000000000000000001111,110,153,135,/home/zhupl25/chiplet_side_channel/chiplet_gds_data/power_macro/delay_chain/ftc/runs/b_fe_frontend/bfe14_arch1_benign_temp_drift/physical/seed_41027/t_-040C/source_hspice,VALID,-25,25,0,0
41027,946dfa47654e4f0c03723f92a972e36befbeeebaba206d020eec60291d5f72dc,-40,a47522d223ca7148c306a44da11f67079a1cfe671bedd6fc8652c5821fa55af5,20,RISE,000000000000000000000000011111,135,153,135,/home/zhupl25/chiplet_side_channel/chiplet_gds_data/power_macro/delay_chain/ftc/runs/b_fe_frontend/bfe14_arch1_benign_temp_drift/physical/seed_41027/t_-040C/source_hspice,VALID,-18,18,0,0
41027,946dfa47654e4f0c03723f92a972e36befbeeebaba206d020eec60291d5f72dc,-40,a47522d223ca7148c306a44da11f67079a1cfe671bedd6fc8652c5821fa55af5,21,FALL,000000000000000000000000000111,84,153,135,/home/zhupl25/chiplet_side_channel/chiplet_gds_data/power_macro/delay_chain/ftc/runs/b_fe_frontend/bfe14_arch1_benign_temp_drift/physical/seed_41027/t_-040C/source_hspice,VALID,-51,51,0,0
41027,946dfa47654e4f0c03723f92a972e36befbeeebaba206d020eec60291d5f72dc,-40,a47522d223ca7148c306a44da11f67079a1cfe671bedd6fc8652c5821fa55af5,22,RISE,000000000000000000000000011111,135,153,135,/home/zhupl25/chiplet_side_channel/chiplet_gds_data/power_macro/delay_chain/ftc/runs/b_fe_frontend/bfe14_arch1_benign_temp_drift/physical/seed_41027/t_-040C/source_hspice,VALID,-18,18,0,0
41027,946dfa47654e4f0c03723f92a972e36befbeeebaba206d020eec60291d5f72dc,-40,a47522d223ca7148c306a44da11f67079a1cfe671bedd6fc8652c5821fa55af5,23,FALL,000000000000000000000000001111,110,153,135,/home/zhupl25/chiplet_side_channel/chiplet_gds_data/power_macro/delay_chain/ftc/runs/b_fe_frontend/bfe14_arch1_benign_temp_drift/physical/seed_41027/t_-040C/source_hspice,VALID,-25,25,0,0
41027,946dfa47654e4f0c03723f92a972e36befbeeebaba206d020eec60291d5f72dc,125,a47522d223ca7148c306a44da11f67079a1cfe671bedd6fc8652c5821fa55af5,0,RISE,000000000000000000000001111111,182,153,135,/home/zhupl25/chiplet_side_channel/chiplet_gds_data/power_macro/delay_chain/ftc/runs/b_fe_frontend/bfe14_arch1_benign_temp_drift/physical/seed_41027/t_+125C/source_hspice,VALID,29,29,1,1
41027,946dfa47654e4f0c03723f92a972e36befbeeebaba206d020eec60291d5f72dc,125,a47522d223ca7148c306a44da11f67079a1cfe671bedd6fc8652c5821fa55af5,1,FALL,000000000000000000000000111111,159,153,135,/home/zhupl25/chiplet_side_channel/chiplet_gds_data/power_macro/delay_chain/ftc/runs/b_fe_frontend/bfe14_arch1_benign_temp_drift/physical/seed_41027/t_+125C/source_hspice,VALID,24,24,0,0
41027,946dfa47654e4f0c03723f92a972e36befbeeebaba206d020eec60291d5f72dc,125,a47522d223ca7148c306a44da11f67079a1cfe671bedd6fc8652c5821fa55af5,2,RISE,000000000000000000000001111111,182,153,135,/home/zhupl25/chiplet_side_channel/chiplet_gds_data/power_macro/delay_chain/ftc/runs/b_fe_frontend/bfe14_arch1_benign_temp_drift/physical/seed_41027/t_+125C/source_hspice,VALID,29,29,1,1
41027,946dfa47654e4f0c03723f92a972e36befbeeebaba206d020eec60291d5f72dc,125,a47522d223ca7148c306a44da11f67079a1cfe671bedd6fc8652c5821fa55af5,3,FALL,000000000000000000000000111111,159,153,135,/home/zhupl25/chiplet_side_channel/chiplet_gds_data/power_macro/delay_chain/ftc/runs/b_fe_frontend/bfe14_arch1_benign_temp_drift/physical/seed_41027/t_+125C/source_hspice,VALID,24,24,0,0
41027,946dfa47654e4f0c03723f92a972e36befbeeebaba206d020eec60291d5f72dc,125,a47522d223ca7148c306a44da11f67079a1cfe671bedd6fc8652c5821fa55af5,4,RISE,000000000000000000000001111111,182,153,135,/home/zhupl25/chiplet_side_channel/chiplet_gds_data/power_macro/delay_chain/ftc/runs/b_fe_frontend/bfe14_arch1_benign_temp_drift/physical/seed_41027/t_+125C/source_hspice,VALID,29,29,1,1
41027,946dfa47654e4f0c03723f92a972e36befbeeebaba206d020eec60291d5f72dc,125,a47522d223ca7148c306a44da11f67079a1cfe671bedd6fc8652c5821fa55af5,5,FALL,000000000000000000000000111111,159,153,135,/home/zhupl25/chiplet_side_channel/chiplet_gds_data/power_macro/delay_chain/ftc/runs/b_fe_frontend/bfe14_arch1_benign_temp_drift/physical/seed_41027/t_+125C/source_hspice,VALID,24,24,0,0
41027,946dfa47654e4f0c03723f92a972e36befbeeebaba206d020eec60291d5f72dc,125,a47522d223ca7148c306a44da11f67079a1cfe671bedd6fc8652c5821fa55af5,6,RISE,000000000000000000000001111111,182,153,135,/home/zhupl25/chiplet_side_channel/chiplet_gds_data/power_macro/delay_chain/ftc/runs/b_fe_frontend/bfe14_arch1_benign_temp_drift/physical/seed_41027/t_+125C/source_hspice,VALID,29,29,1,1
41027,946dfa47654e4f0c03723f92a972e36befbeeebaba206d020eec60291d5f72dc,125,a47522d223ca7148c306a44da11f67079a1cfe671bedd6fc8652c5821fa55af5,7,FALL,000000000000000000000000111111,159,153,135,/home/zhupl25/chiplet_side_channel/chiplet_gds_data/power_macro/delay_chain/ftc/runs/b_fe_frontend/bfe14_arch1_benign_temp_drift/physical/seed_41027/t_+125C/source_hspice,VALID,24,24,0,0
41027,946dfa47654e4f0c03723f92a972e36befbeeebaba206d020eec60291d5f72dc,125,a47522d223ca7148c306a44da11f67079a1cfe671bedd6fc8652c5821fa55af5,8,RISE,000000000000000000000001111111,182,153,135,/home/zhupl25/chiplet_side_channel/chiplet_gds_data/power_macro/delay_chain/ftc/runs/b_fe_frontend/bfe14_arch1_benign_temp_drift/physical/seed_41027/t_+125C/source_hspice,VALID,29,29,1,1
41027,946dfa47654e4f0c03723f92a972e36befbeeebaba206d020eec60291d5f72dc,125,a47522d223ca7148c306a44da11f67079a1cfe671bedd6fc8652c5821fa55af5,9,FALL,000000000000000000000000111111,159,153,135,/home/zhupl25/chiplet_side_channel/chiplet_gds_data/power_macro/delay_chain/ftc/runs/b_fe_frontend/bfe14_arch1_benign_temp_drift/physical/seed_41027/t_+125C/source_hspice,VALID,24,24,0,0
41027,946dfa47654e4f0c03723f92a972e36befbeeebaba206d020eec60291d5f72dc,125,a47522d223ca7148c306a44da11f67079a1cfe671bedd6fc8652c5821fa55af5,10,RISE,000000000000000000000001111111,182,153,135,/home/zhupl25/chiplet_side_channel/chiplet_gds_data/power_macro/delay_chain/ftc/runs/b_fe_frontend/bfe14_arch1_benign_temp_drift/physical/seed_41027/t_+125C/source_hspice,VALID,29,29,1,1
41027,946dfa47654e4f0c03723f92a972e36befbeeebaba206d020eec60291d5f72dc,125,a47522d223ca7148c306a44da11f67079a1cfe671bedd6fc8652c5821fa55af5,11,FALL,000000000000000000000000111111,159,153,135,/home/zhupl25/chiplet_side_channel/chiplet_gds_data/power_macro/delay_chain/ftc/runs/b_fe_frontend/bfe14_arch1_benign_temp_drift/physical/seed_41027/t_+125C/source_hspice,VALID,24,24,0,0
41027,946dfa47654e4f0c03723f92a972e36befbeeebaba206d020eec60291d5f72dc,125,a47522d223ca7148c306a44da11f67079a1cfe671bedd6fc8652c5821fa55af5,12,RISE,000000000000000000000000111111,159,153,135,/home/zhupl25/chiplet_side_channel/chiplet_gds_data/power_macro/delay_chain/ftc/runs/b_fe_frontend/bfe14_arch1_benign_temp_drift/physical/seed_41027/t_+125C/source_hspice,VALID,6,6,0,0
41027,946dfa47654e4f0c03723f92a972e36befbeeebaba206d020eec60291d5f72dc,125,a47522d223ca7148c306a44da11f67079a1cfe671bedd6fc8652c5821fa55af5,13,FALL,000000000000000000000000111111,159,153,135,/home/zhupl25/chiplet_side_channel/chiplet_gds_data/power_macro/delay_chain/ftc/runs/b_fe_frontend/bfe14_arch1_benign_temp_drift/physical/seed_41027/t_+125C/source_hspice,VALID,24,24,0,0
41027,946dfa47654e4f0c03723f92a972e36befbeeebaba206d020eec60291d5f72dc,125,a47522d223ca7148c306a44da11f67079a1cfe671bedd6fc8652c5821fa55af5,14,RISE,000000000000000000000001111111,182,153,135,/home/zhupl25/chiplet_side_channel/chiplet_gds_data/power_macro/delay_chain/ftc/runs/b_fe_frontend/bfe14_arch1_benign_temp_drift/physical/seed_41027/t_+125C/source_hspice,VALID,29,29,1,1
41027,946dfa47654e4f0c03723f92a972e36befbeeebaba206d020eec60291d5f72dc,125,a47522d223ca7148c306a44da11f67079a1cfe671bedd6fc8652c5821fa55af5,15,FALL,000000000000000000000000111111,159,153,135,/home/zhupl25/chiplet_side_channel/chiplet_gds_data/power_macro/delay_chain/ftc/runs/b_fe_frontend/bfe14_arch1_benign_temp_drift/physical/seed_41027/t_+125C/source_hspice,VALID,24,24,0,0
41027,946dfa47654e4f0c03723f92a972e36befbeeebaba206d020eec60291d5f72dc,125,a47522d223ca7148c306a44da11f67079a1cfe671bedd6fc8652c5821fa55af5,16,RISE,000000000000000000000001111111,182,153,135,/home/zhupl25/chiplet_side_channel/chiplet_gds_data/power_macro/delay_chain/ftc/runs/b_fe_frontend/bfe14_arch1_benign_temp_drift/physical/seed_41027/t_+125C/source_hspice,VALID,29,29,1,1
41027,946dfa47654e4f0c03723f92a972e36befbeeebaba206d020eec60291d5f72dc,125,a47522d223ca7148c306a44da11f67079a1cfe671bedd6fc8652c5821fa55af5,17,FALL,000000000000000000000000111111,159,153,135,/home/zhupl25/chiplet_side_channel/chiplet_gds_data/power_macro/delay_chain/ftc/runs/b_fe_frontend/bfe14_arch1_benign_temp_drift/physical/seed_41027/t_+125C/source_hspice,VALID,24,24,0,0
41027,946dfa47654e4f0c03723f92a972e36befbeeebaba206d020eec60291d5f72dc,125,a47522d223ca7148c306a44da11f67079a1cfe671bedd6fc8652c5821fa55af5,18,RISE,000000000000000000000001111111,182,153,135,/home/zhupl25/chiplet_side_channel/chiplet_gds_data/power_macro/delay_chain/ftc/runs/b_fe_frontend/bfe14_arch1_benign_temp_drift/physical/seed_41027/t_+125C/source_hspice,VALID,29,29,1,1
41027,946dfa47654e4f0c03723f92a972e36befbeeebaba206d020eec60291d5f72dc,125,a47522d223ca7148c306a44da11f67079a1cfe671bedd6fc8652c5821fa55af5,19,FALL,000000000000000000000000111111,159,153,135,/home/zhupl25/chiplet_side_channel/chiplet_gds_data/power_macro/delay_chain/ftc/runs/b_fe_frontend/bfe14_arch1_benign_temp_drift/physical/seed_41027/t_+125C/source_hspice,VALID,24,24,0,0
41027,946dfa47654e4f0c03723f92a972e36befbeeebaba206d020eec60291d5f72dc,125,a47522d223ca7148c306a44da11f67079a1cfe671bedd6fc8652c5821fa55af5,20,RISE,000000000000000000000000111111,159,153,135,/home/zhupl25/chiplet_side_channel/chiplet_gds_data/power_macro/delay_chain/ftc/runs/b_fe_frontend/bfe14_arch1_benign_temp_drift/physical/seed_41027/t_+125C/source_hspice,VALID,6,6,0,0
41027,946dfa47654e4f0c03723f92a972e36befbeeebaba206d020eec60291d5f72dc,125,a47522d223ca7148c306a44da11f67079a1cfe671bedd6fc8652c5821fa55af5,21,FALL,000000000000000000000000111111,159,153,135,/home/zhupl25/chiplet_side_channel/chiplet_gds_data/power_macro/delay_chain/ftc/runs/b_fe_frontend/bfe14_arch1_benign_temp_drift/physical/seed_41027/t_+125C/source_hspice,VALID,24,24,0,0
41027,946dfa47654e4f0c03723f92a972e36befbeeebaba206d020eec60291d5f72dc,125,a47522d223ca7148c306a44da11f67079a1cfe671bedd6fc8652c5821fa55af5,22,RISE,000000000000000000000001111111,182,153,135,/home/zhupl25/chiplet_side_channel/chiplet_gds_data/power_macro/delay_chain/ftc/runs/b_fe_frontend/bfe14_arch1_benign_temp_drift/physical/seed_41027/t_+125C/source_hspice,VALID,29,29,1,1
41027,946dfa47654e4f0c03723f92a972e36befbeeebaba206d020eec60291d5f72dc,125,a47522d223ca7148c306a44da11f67079a1cfe671bedd6fc8652c5821fa55af5,23,FALL,000000000000000000000000111111,159,153,135,/home/zhupl25/chiplet_side_channel/chiplet_gds_data/power_macro/delay_chain/ftc/runs/b_fe_frontend/bfe14_arch1_benign_temp_drift/physical/seed_41027/t_+125C/source_hspice,VALID,24,24,0,0
41028,f8f31ed95a933b7a48bf1a4b7797af1cb9f079fc5d5614bd2571ddb35eaebc93,-40,a47522d223ca7148c306a44da11f67079a1cfe671bedd6fc8652c5821fa55af5,0,RISE,000000000000000000000001111111,182,204,176,/home/zhupl25/chiplet_side_channel/chiplet_gds_data/power_macro/delay_chain/ftc/runs/b_fe_frontend/bfe14_arch1_benign_temp_drift/physical/seed_41028/t_-040C/source_hspice,VALID,-22,22,0,0
41028,f8f31ed95a933b7a48bf1a4b7797af1cb9f079fc5d5614bd2571ddb35eaebc93,-40,a47522d223ca7148c306a44da11f67079a1cfe671bedd6fc8652c5821fa55af5,1,FALL,000000000000000000000000111111,159,204,176,/home/zhupl25/chiplet_side_channel/chiplet_gds_data/power_macro/delay_chain/ftc/runs/b_fe_frontend/bfe14_arch1_benign_temp_drift/physical/seed_41028/t_-040C/source_hspice,VALID,-17,17,0,0
41028,f8f31ed95a933b7a48bf1a4b7797af1cb9f079fc5d5614bd2571ddb35eaebc93,-40,a47522d223ca7148c306a44da11f67079a1cfe671bedd6fc8652c5821fa55af5,2,RISE,000000000000000000000001111111,182,204,176,/home/zhupl25/chiplet_side_channel/chiplet_gds_data/power_macro/delay_chain/ftc/runs/b_fe_frontend/bfe14_arch1_benign_temp_drift/physical/seed_41028/t_-040C/source_hspice,VALID,-22,22,0,0
41028,f8f31ed95a933b7a48bf1a4b7797af1cb9f079fc5d5614bd2571ddb35eaebc93,-40,a47522d223ca7148c306a44da11f67079a1cfe671bedd6fc8652c5821fa55af5,3,FALL,000000000000000000000000111111,159,204,176,/home/zhupl25/chiplet_side_channel/chiplet_gds_data/power_macro/delay_chain/ftc/runs/b_fe_frontend/bfe14_arch1_benign_temp_drift/physical/seed_41028/t_-040C/source_hspice,VALID,-17,17,0,0
41028,f8f31ed95a933b7a48bf1a4b7797af1cb9f079fc5d5614bd2571ddb35eaebc93,-40,a47522d223ca7148c306a44da11f67079a1cfe671bedd6fc8652c5821fa55af5,4,RISE,000000000000000000000011111111,204,204,176,/home/zhupl25/chiplet_side_channel/chiplet_gds_data/power_macro/delay_chain/ftc/runs/b_fe_frontend/bfe14_arch1_benign_temp_drift/physical/seed_41028/t_-040C/source_hspice,VALID,0,0,0,0
41028,f8f31ed95a933b7a48bf1a4b7797af1cb9f079fc5d5614bd2571ddb35eaebc93,-40,a47522d223ca7148c306a44da11f67079a1cfe671bedd6fc8652c5821fa55af5,5,FALL,000000000000000000000000111111,159,204,176,/home/zhupl25/chiplet_side_channel/chiplet_gds_data/power_macro/delay_chain/ftc/runs/b_fe_frontend/bfe14_arch1_benign_temp_drift/physical/seed_41028/t_-040C/source_hspice,VALID,-17,17,0,0
41028,f8f31ed95a933b7a48bf1a4b7797af1cb9f079fc5d5614bd2571ddb35eaebc93,-40,a47522d223ca7148c306a44da11f67079a1cfe671bedd6fc8652c5821fa55af5,6,RISE,000000000000000000000001111111,182,204,176,/home/zhupl25/chiplet_side_channel/chiplet_gds_data/power_macro/delay_chain/ftc/runs/b_fe_frontend/bfe14_arch1_benign_temp_drift/physical/seed_41028/t_-040C/source_hspice,VALID,-22,22,0,0
41028,f8f31ed95a933b7a48bf1a4b7797af1cb9f079fc5d5614bd2571ddb35eaebc93,-40,a47522d223ca7148c306a44da11f67079a1cfe671bedd6fc8652c5821fa55af5,7,FALL,000000000000000000000000111111,159,204,176,/home/zhupl25/chiplet_side_channel/chiplet_gds_data/power_macro/delay_chain/ftc/runs/b_fe_frontend/bfe14_arch1_benign_temp_drift/physical/seed_41028/t_-040C/source_hspice,VALID,-17,17,0,0
41028,f8f31ed95a933b7a48bf1a4b7797af1cb9f079fc5d5614bd2571ddb35eaebc93,-40,a47522d223ca7148c306a44da11f67079a1cfe671bedd6fc8652c5821fa55af5,8,RISE,000000000000000000000001111111,182,204,176,/home/zhupl25/chiplet_side_channel/chiplet_gds_data/power_macro/delay_chain/ftc/runs/b_fe_frontend/bfe14_arch1_benign_temp_drift/physical/seed_41028/t_-040C/source_hspice,VALID,-22,22,0,0
41028,f8f31ed95a933b7a48bf1a4b7797af1cb9f079fc5d5614bd2571ddb35eaebc93,-40,a47522d223ca7148c306a44da11f67079a1cfe671bedd6fc8652c5821fa55af5,9,FALL,000000000000000000000000111111,159,204,176,/home/zhupl25/chiplet_side_channel/chiplet_gds_data/power_macro/delay_chain/ftc/runs/b_fe_frontend/bfe14_arch1_benign_temp_drift/physical/seed_41028/t_-040C/source_hspice,VALID,-17,17,0,0
41028,f8f31ed95a933b7a48bf1a4b7797af1cb9f079fc5d5614bd2571ddb35eaebc93,-40,a47522d223ca7148c306a44da11f67079a1cfe671bedd6fc8652c5821fa55af5,10,RISE,000000000000000000000001111111,182,204,176,/home/zhupl25/chiplet_side_channel/chiplet_gds_data/power_macro/delay_chain/ftc/runs/b_fe_frontend/bfe14_arch1_benign_temp_drift/physical/seed_41028/t_-040C/source_hspice,VALID,-22,22,0,0
41028,f8f31ed95a933b7a48bf1a4b7797af1cb9f079fc5d5614bd2571ddb35eaebc93,-40,a47522d223ca7148c306a44da11f67079a1cfe671bedd6fc8652c5821fa55af5,11,FALL,000000000000000000000000111111,159,204,176,/home/zhupl25/chiplet_side_channel/chiplet_gds_data/power_macro/delay_chain/ftc/runs/b_fe_frontend/bfe14_arch1_benign_temp_drift/physical/seed_41028/t_-040C/source_hspice,VALID,-17,17,0,0
41028,f8f31ed95a933b7a48bf1a4b7797af1cb9f079fc5d5614bd2571ddb35eaebc93,-40,a47522d223ca7148c306a44da11f67079a1cfe671bedd6fc8652c5821fa55af5,12,RISE,000000000000000000000001111111,182,204,176,/home/zhupl25/chiplet_side_channel/chiplet_gds_data/power_macro/delay_chain/ftc/runs/b_fe_frontend/bfe14_arch1_benign_temp_drift/physical/seed_41028/t_-040C/source_hspice,VALID,-22,22,0,0
41028,f8f31ed95a933b7a48bf1a4b7797af1cb9f079fc5d5614bd2571ddb35eaebc93,-40,a47522d223ca7148c306a44da11f67079a1cfe671bedd6fc8652c5821fa55af5,13,FALL,000000000000000000000000111111,159,204,176,/home/zhupl25/chiplet_side_channel/chiplet_gds_data/power_macro/delay_chain/ftc/runs/b_fe_frontend/bfe14_arch1_benign_temp_drift/physical/seed_41028/t_-040C/source_hspice,VALID,-17,17,0,0
41028,f8f31ed95a933b7a48bf1a4b7797af1cb9f079fc5d5614bd2571ddb35eaebc93,-40,a47522d223ca7148c306a44da11f67079a1cfe671bedd6fc8652c5821fa55af5,14,RISE,000000000000000000000001111111,182,204,176,/home/zhupl25/chiplet_side_channel/chiplet_gds_data/power_macro/delay_chain/ftc/runs/b_fe_frontend/bfe14_arch1_benign_temp_drift/physical/seed_41028/t_-040C/source_hspice,VALID,-22,22,0,0
41028,f8f31ed95a933b7a48bf1a4b7797af1cb9f079fc5d5614bd2571ddb35eaebc93,-40,a47522d223ca7148c306a44da11f67079a1cfe671bedd6fc8652c5821fa55af5,15,FALL,000000000000000000000000111111,159,204,176,/home/zhupl25/chiplet_side_channel/chiplet_gds_data/power_macro/delay_chain/ftc/runs/b_fe_frontend/bfe14_arch1_benign_temp_drift/physical/seed_41028/t_-040C/source_hspice,VALID,-17,17,0,0
41028,f8f31ed95a933b7a48bf1a4b7797af1cb9f079fc5d5614bd2571ddb35eaebc93,-40,a47522d223ca7148c306a44da11f67079a1cfe671bedd6fc8652c5821fa55af5,16,RISE,000000000000000000000001111111,182,204,176,/home/zhupl25/chiplet_side_channel/chiplet_gds_data/power_macro/delay_chain/ftc/runs/b_fe_frontend/bfe14_arch1_benign_temp_drift/physical/seed_41028/t_-040C/source_hspice,VALID,-22,22,0,0
41028,f8f31ed95a933b7a48bf1a4b7797af1cb9f079fc5d5614bd2571ddb35eaebc93,-40,a47522d223ca7148c306a44da11f67079a1cfe671bedd6fc8652c5821fa55af5,17,FALL,000000000000000000000000111111,159,204,176,/home/zhupl25/chiplet_side_channel/chiplet_gds_data/power_macro/delay_chain/ftc/runs/b_fe_frontend/bfe14_arch1_benign_temp_drift/physical/seed_41028/t_-040C/source_hspice,VALID,-17,17,0,0
41028,f8f31ed95a933b7a48bf1a4b7797af1cb9f079fc5d5614bd2571ddb35eaebc93,-40,a47522d223ca7148c306a44da11f67079a1cfe671bedd6fc8652c5821fa55af5,18,RISE,000000000000000000000001111111,182,204,176,/home/zhupl25/chiplet_side_channel/chiplet_gds_data/power_macro/delay_chain/ftc/runs/b_fe_frontend/bfe14_arch1_benign_temp_drift/physical/seed_41028/t_-040C/source_hspice,VALID,-22,22,0,0
41028,f8f31ed95a933b7a48bf1a4b7797af1cb9f079fc5d5614bd2571ddb35eaebc93,-40,a47522d223ca7148c306a44da11f67079a1cfe671bedd6fc8652c5821fa55af5,19,FALL,000000000000000000000000111111,159,204,176,/home/zhupl25/chiplet_side_channel/chiplet_gds_data/power_macro/delay_chain/ftc/runs/b_fe_frontend/bfe14_arch1_benign_temp_drift/physical/seed_41028/t_-040C/source_hspice,VALID,-17,17,0,0
41028,f8f31ed95a933b7a48bf1a4b7797af1cb9f079fc5d5614bd2571ddb35eaebc93,-40,a47522d223ca7148c306a44da11f67079a1cfe671bedd6fc8652c5821fa55af5,20,RISE,000000000000000000000001111111,182,204,176,/home/zhupl25/chiplet_side_channel/chiplet_gds_data/power_macro/delay_chain/ftc/runs/b_fe_frontend/bfe14_arch1_benign_temp_drift/physical/seed_41028/t_-040C/source_hspice,VALID,-22,22,0,0
41028,f8f31ed95a933b7a48bf1a4b7797af1cb9f079fc5d5614bd2571ddb35eaebc93,-40,a47522d223ca7148c306a44da11f67079a1cfe671bedd6fc8652c5821fa55af5,21,FALL,000000000000000000000000011111,135,204,176,/home/zhupl25/chiplet_side_channel/chiplet_gds_data/power_macro/delay_chain/ftc/runs/b_fe_frontend/bfe14_arch1_benign_temp_drift/physical/seed_41028/t_-040C/source_hspice,VALID,-41,41,0,0
41028,f8f31ed95a933b7a48bf1a4b7797af1cb9f079fc5d5614bd2571ddb35eaebc93,-40,a47522d223ca7148c306a44da11f67079a1cfe671bedd6fc8652c5821fa55af5,22,RISE,000000000000000000000001111111,182,204,176,/home/zhupl25/chiplet_side_channel/chiplet_gds_data/power_macro/delay_chain/ftc/runs/b_fe_frontend/bfe14_arch1_benign_temp_drift/physical/seed_41028/t_-040C/source_hspice,VALID,-22,22,0,0
41028,f8f31ed95a933b7a48bf1a4b7797af1cb9f079fc5d5614bd2571ddb35eaebc93,-40,a47522d223ca7148c306a44da11f67079a1cfe671bedd6fc8652c5821fa55af5,23,FALL,000000000000000000000000111111,159,204,176,/home/zhupl25/chiplet_side_channel/chiplet_gds_data/power_macro/delay_chain/ftc/runs/b_fe_frontend/bfe14_arch1_benign_temp_drift/physical/seed_41028/t_-040C/source_hspice,VALID,-17,17,0,0
41028,f8f31ed95a933b7a48bf1a4b7797af1cb9f079fc5d5614bd2571ddb35eaebc93,125,a47522d223ca7148c306a44da11f67079a1cfe671bedd6fc8652c5821fa55af5,0,RISE,000000000000000000000111111111,225,204,176,/home/zhupl25/chiplet_side_channel/chiplet_gds_data/power_macro/delay_chain/ftc/runs/b_fe_frontend/bfe14_arch1_benign_temp_drift/physical/seed_41028/t_+125C/source_hspice,VALID,21,21,1,1
41028,f8f31ed95a933b7a48bf1a4b7797af1cb9f079fc5d5614bd2571ddb35eaebc93,125,a47522d223ca7148c306a44da11f67079a1cfe671bedd6fc8652c5821fa55af5,1,FALL,000000000000000000000011111111,204,204,176,/home/zhupl25/chiplet_side_channel/chiplet_gds_data/power_macro/delay_chain/ftc/runs/b_fe_frontend/bfe14_arch1_benign_temp_drift/physical/seed_41028/t_+125C/source_hspice,VALID,28,28,0,0
41028,f8f31ed95a933b7a48bf1a4b7797af1cb9f079fc5d5614bd2571ddb35eaebc93,125,a47522d223ca7148c306a44da11f67079a1cfe671bedd6fc8652c5821fa55af5,2,RISE,000000000000000000000111111111,225,204,176,/home/zhupl25/chiplet_side_channel/chiplet_gds_data/power_macro/delay_chain/ftc/runs/b_fe_frontend/bfe14_arch1_benign_temp_drift/physical/seed_41028/t_+125C/source_hspice,VALID,21,21,1,1
41028,f8f31ed95a933b7a48bf1a4b7797af1cb9f079fc5d5614bd2571ddb35eaebc93,125,a47522d223ca7148c306a44da11f67079a1cfe671bedd6fc8652c5821fa55af5,3,FALL,000000000000000000000011111111,204,204,176,/home/zhupl25/chiplet_side_channel/chiplet_gds_data/power_macro/delay_chain/ftc/runs/b_fe_frontend/bfe14_arch1_benign_temp_drift/physical/seed_41028/t_+125C/source_hspice,VALID,28,28,0,0
41028,f8f31ed95a933b7a48bf1a4b7797af1cb9f079fc5d5614bd2571ddb35eaebc93,125,a47522d223ca7148c306a44da11f67079a1cfe671bedd6fc8652c5821fa55af5,4,RISE,000000000000000000000111111111,225,204,176,/home/zhupl25/chiplet_side_channel/chiplet_gds_data/power_macro/delay_chain/ftc/runs/b_fe_frontend/bfe14_arch1_benign_temp_drift/physical/seed_41028/t_+125C/source_hspice,VALID,21,21,1,1
41028,f8f31ed95a933b7a48bf1a4b7797af1cb9f079fc5d5614bd2571ddb35eaebc93,125,a47522d223ca7148c306a44da11f67079a1cfe671bedd6fc8652c5821fa55af5,5,FALL,000000000000000000000011111111,204,204,176,/home/zhupl25/chiplet_side_channel/chiplet_gds_data/power_macro/delay_chain/ftc/runs/b_fe_frontend/bfe14_arch1_benign_temp_drift/physical/seed_41028/t_+125C/source_hspice,VALID,28,28,0,0
41028,f8f31ed95a933b7a48bf1a4b7797af1cb9f079fc5d5614bd2571ddb35eaebc93,125,a47522d223ca7148c306a44da11f67079a1cfe671bedd6fc8652c5821fa55af5,6,RISE,000000000000000000000111111111,225,204,176,/home/zhupl25/chiplet_side_channel/chiplet_gds_data/power_macro/delay_chain/ftc/runs/b_fe_frontend/bfe14_arch1_benign_temp_drift/physical/seed_41028/t_+125C/source_hspice,VALID,21,21,1,1
41028,f8f31ed95a933b7a48bf1a4b7797af1cb9f079fc5d5614bd2571ddb35eaebc93,125,a47522d223ca7148c306a44da11f67079a1cfe671bedd6fc8652c5821fa55af5,7,FALL,000000000000000000000011111111,204,204,176,/home/zhupl25/chiplet_side_channel/chiplet_gds_data/power_macro/delay_chain/ftc/runs/b_fe_frontend/bfe14_arch1_benign_temp_drift/physical/seed_41028/t_+125C/source_hspice,VALID,28,28,0,0
41028,f8f31ed95a933b7a48bf1a4b7797af1cb9f079fc5d5614bd2571ddb35eaebc93,125,a47522d223ca7148c306a44da11f67079a1cfe671bedd6fc8652c5821fa55af5,8,RISE,000000000000000000000111111111,225,204,176,/home/zhupl25/chiplet_side_channel/chiplet_gds_data/power_macro/delay_chain/ftc/runs/b_fe_frontend/bfe14_arch1_benign_temp_drift/physical/seed_41028/t_+125C/source_hspice,VALID,21,21,1,1
41028,f8f31ed95a933b7a48bf1a4b7797af1cb9f079fc5d5614bd2571ddb35eaebc93,125,a47522d223ca7148c306a44da11f67079a1cfe671bedd6fc8652c5821fa55af5,9,FALL,000000000000000000000011111111,204,204,176,/home/zhupl25/chiplet_side_channel/chiplet_gds_data/power_macro/delay_chain/ftc/runs/b_fe_frontend/bfe14_arch1_benign_temp_drift/physical/seed_41028/t_+125C/source_hspice,VALID,28,28,0,0
41028,f8f31ed95a933b7a48bf1a4b7797af1cb9f079fc5d5614bd2571ddb35eaebc93,125,a47522d223ca7148c306a44da11f67079a1cfe671bedd6fc8652c5821fa55af5,10,RISE,000000000000000000000111111111,225,204,176,/home/zhupl25/chiplet_side_channel/chiplet_gds_data/power_macro/delay_chain/ftc/runs/b_fe_frontend/bfe14_arch1_benign_temp_drift/physical/seed_41028/t_+125C/source_hspice,VALID,21,21,1,1
41028,f8f31ed95a933b7a48bf1a4b7797af1cb9f079fc5d5614bd2571ddb35eaebc93,125,a47522d223ca7148c306a44da11f67079a1cfe671bedd6fc8652c5821fa55af5,11,FALL,000000000000000000000011111111,204,204,176,/home/zhupl25/chiplet_side_channel/chiplet_gds_data/power_macro/delay_chain/ftc/runs/b_fe_frontend/bfe14_arch1_benign_temp_drift/physical/seed_41028/t_+125C/source_hspice,VALID,28,28,0,0
41028,f8f31ed95a933b7a48bf1a4b7797af1cb9f079fc5d5614bd2571ddb35eaebc93,125,a47522d223ca7148c306a44da11f67079a1cfe671bedd6fc8652c5821fa55af5,12,RISE,000000000000000000000111111111,225,204,176,/home/zhupl25/chiplet_side_channel/chiplet_gds_data/power_macro/delay_chain/ftc/runs/b_fe_frontend/bfe14_arch1_benign_temp_drift/physical/seed_41028/t_+125C/source_hspice,VALID,21,21,1,1
41028,f8f31ed95a933b7a48bf1a4b7797af1cb9f079fc5d5614bd2571ddb35eaebc93,125,a47522d223ca7148c306a44da11f67079a1cfe671bedd6fc8652c5821fa55af5,13,FALL,000000000000000000000011111111,204,204,176,/home/zhupl25/chiplet_side_channel/chiplet_gds_data/power_macro/delay_chain/ftc/runs/b_fe_frontend/bfe14_arch1_benign_temp_drift/physical/seed_41028/t_+125C/source_hspice,VALID,28,28,0,0
41028,f8f31ed95a933b7a48bf1a4b7797af1cb9f079fc5d5614bd2571ddb35eaebc93,125,a47522d223ca7148c306a44da11f67079a1cfe671bedd6fc8652c5821fa55af5,14,RISE,000000000000000000000111111111,225,204,176,/home/zhupl25/chiplet_side_channel/chiplet_gds_data/power_macro/delay_chain/ftc/runs/b_fe_frontend/bfe14_arch1_benign_temp_drift/physical/seed_41028/t_+125C/source_hspice,VALID,21,21,1,1
41028,f8f31ed95a933b7a48bf1a4b7797af1cb9f079fc5d5614bd2571ddb35eaebc93,125,a47522d223ca7148c306a44da11f67079a1cfe671bedd6fc8652c5821fa55af5,15,FALL,000000000000000000000011111111,204,204,176,/home/zhupl25/chiplet_side_channel/chiplet_gds_data/power_macro/delay_chain/ftc/runs/b_fe_frontend/bfe14_arch1_benign_temp_drift/physical/seed_41028/t_+125C/source_hspice,VALID,28,28,0,0
41028,f8f31ed95a933b7a48bf1a4b7797af1cb9f079fc5d5614bd2571ddb35eaebc93,125,a47522d223ca7148c306a44da11f67079a1cfe671bedd6fc8652c5821fa55af5,16,RISE,000000000000000000000111111111,225,204,176,/home/zhupl25/chiplet_side_channel/chiplet_gds_data/power_macro/delay_chain/ftc/runs/b_fe_frontend/bfe14_arch1_benign_temp_drift/physical/seed_41028/t_+125C/source_hspice,VALID,21,21,1,1
41028,f8f31ed95a933b7a48bf1a4b7797af1cb9f079fc5d5614bd2571ddb35eaebc93,125,a47522d223ca7148c306a44da11f67079a1cfe671bedd6fc8652c5821fa55af5,17,FALL,000000000000000000000011111111,204,204,176,/home/zhupl25/chiplet_side_channel/chiplet_gds_data/power_macro/delay_chain/ftc/runs/b_fe_frontend/bfe14_arch1_benign_temp_drift/physical/seed_41028/t_+125C/source_hspice,VALID,28,28,0,0
41028,f8f31ed95a933b7a48bf1a4b7797af1cb9f079fc5d5614bd2571ddb35eaebc93,125,a47522d223ca7148c306a44da11f67079a1cfe671bedd6fc8652c5821fa55af5,18,RISE,000000000000000000000111111111,225,204,176,/home/zhupl25/chiplet_side_channel/chiplet_gds_data/power_macro/delay_chain/ftc/runs/b_fe_frontend/bfe14_arch1_benign_temp_drift/physical/seed_41028/t_+125C/source_hspice,VALID,21,21,1,1
41028,f8f31ed95a933b7a48bf1a4b7797af1cb9f079fc5d5614bd2571ddb35eaebc93,125,a47522d223ca7148c306a44da11f67079a1cfe671bedd6fc8652c5821fa55af5,19,FALL,000000000000000000000011111111,204,204,176,/home/zhupl25/chiplet_side_channel/chiplet_gds_data/power_macro/delay_chain/ftc/runs/b_fe_frontend/bfe14_arch1_benign_temp_drift/physical/seed_41028/t_+125C/source_hspice,VALID,28,28,0,0
41028,f8f31ed95a933b7a48bf1a4b7797af1cb9f079fc5d5614bd2571ddb35eaebc93,125,a47522d223ca7148c306a44da11f67079a1cfe671bedd6fc8652c5821fa55af5,20,RISE,000000000000000000000111111111,225,204,176,/home/zhupl25/chiplet_side_channel/chiplet_gds_data/power_macro/delay_chain/ftc/runs/b_fe_frontend/bfe14_arch1_benign_temp_drift/physical/seed_41028/t_+125C/source_hspice,VALID,21,21,1,1
41028,f8f31ed95a933b7a48bf1a4b7797af1cb9f079fc5d5614bd2571ddb35eaebc93,125,a47522d223ca7148c306a44da11f67079a1cfe671bedd6fc8652c5821fa55af5,21,FALL,000000000000000000000011111111,204,204,176,/home/zhupl25/chiplet_side_channel/chiplet_gds_data/power_macro/delay_chain/ftc/runs/b_fe_frontend/bfe14_arch1_benign_temp_drift/physical/seed_41028/t_+125C/source_hspice,VALID,28,28,0,0
41028,f8f31ed95a933b7a48bf1a4b7797af1cb9f079fc5d5614bd2571ddb35eaebc93,125,a47522d223ca7148c306a44da11f67079a1cfe671bedd6fc8652c5821fa55af5,22,RISE,000000000000000000000111111111,225,204,176,/home/zhupl25/chiplet_side_channel/chiplet_gds_data/power_macro/delay_chain/ftc/runs/b_fe_frontend/bfe14_arch1_benign_temp_drift/physical/seed_41028/t_+125C/source_hspice,VALID,21,21,1,1
41028,f8f31ed95a933b7a48bf1a4b7797af1cb9f079fc5d5614bd2571ddb35eaebc93,125,a47522d223ca7148c306a44da11f67079a1cfe671bedd6fc8652c5821fa55af5,23,FALL,000000000000000000000011111111,204,204,176,/home/zhupl25/chiplet_side_channel/chiplet_gds_data/power_macro/delay_chain/ftc/runs/b_fe_frontend/bfe14_arch1_benign_temp_drift/physical/seed_41028/t_+125C/source_hspice,VALID,28,28,0,0
41029,fda09ea699b722b6216f33f143080294d948c5b5806d81a0b49c4f2b578991a0,-40,a47522d223ca7148c306a44da11f67079a1cfe671bedd6fc8652c5821fa55af5,0,RISE,000000000000000000000000011111,135,159,153,/home/zhupl25/chiplet_side_channel/chiplet_gds_data/power_macro/delay_chain/ftc/runs/b_fe_frontend/bfe14_arch1_benign_temp_drift/physical/seed_41029/t_-040C/source_hspice,VALID,-24,24,0,0
41029,fda09ea699b722b6216f33f143080294d948c5b5806d81a0b49c4f2b578991a0,-40,a47522d223ca7148c306a44da11f67079a1cfe671bedd6fc8652c5821fa55af5,1,FALL,000000000000000000000000011111,135,159,153,/home/zhupl25/chiplet_side_channel/chiplet_gds_data/power_macro/delay_chain/ftc/runs/b_fe_frontend/bfe14_arch1_benign_temp_drift/physical/seed_41029/t_-040C/source_hspice,VALID,-18,18,0,0
41029,fda09ea699b722b6216f33f143080294d948c5b5806d81a0b49c4f2b578991a0,-40,a47522d223ca7148c306a44da11f67079a1cfe671bedd6fc8652c5821fa55af5,2,RISE,000000000000000000000000011111,135,159,153,/home/zhupl25/chiplet_side_channel/chiplet_gds_data/power_macro/delay_chain/ftc/runs/b_fe_frontend/bfe14_arch1_benign_temp_drift/physical/seed_41029/t_-040C/source_hspice,VALID,-24,24,0,0
41029,fda09ea699b722b6216f33f143080294d948c5b5806d81a0b49c4f2b578991a0,-40,a47522d223ca7148c306a44da11f67079a1cfe671bedd6fc8652c5821fa55af5,3,FALL,000000000000000000000000001111,110,159,153,/home/zhupl25/chiplet_side_channel/chiplet_gds_data/power_macro/delay_chain/ftc/runs/b_fe_frontend/bfe14_arch1_benign_temp_drift/physical/seed_41029/t_-040C/source_hspice,VALID,-43,43,0,0
41029,fda09ea699b722b6216f33f143080294d948c5b5806d81a0b49c4f2b578991a0,-40,a47522d223ca7148c306a44da11f67079a1cfe671bedd6fc8652c5821fa55af5,4,RISE,000000000000000000000000011111,135,159,153,/home/zhupl25/chiplet_side_channel/chiplet_gds_data/power_macro/delay_chain/ftc/runs/b_fe_frontend/bfe14_arch1_benign_temp_drift/physical/seed_41029/t_-040C/source_hspice,VALID,-24,24,0,0
41029,fda09ea699b722b6216f33f143080294d948c5b5806d81a0b49c4f2b578991a0,-40,a47522d223ca7148c306a44da11f67079a1cfe671bedd6fc8652c5821fa55af5,5,FALL,000000000000000000000000011111,135,159,153,/home/zhupl25/chiplet_side_channel/chiplet_gds_data/power_macro/delay_chain/ftc/runs/b_fe_frontend/bfe14_arch1_benign_temp_drift/physical/seed_41029/t_-040C/source_hspice,VALID,-18,18,0,0
41029,fda09ea699b722b6216f33f143080294d948c5b5806d81a0b49c4f2b578991a0,-40,a47522d223ca7148c306a44da11f67079a1cfe671bedd6fc8652c5821fa55af5,6,RISE,000000000000000000000000011111,135,159,153,/home/zhupl25/chiplet_side_channel/chiplet_gds_data/power_macro/delay_chain/ftc/runs/b_fe_frontend/bfe14_arch1_benign_temp_drift/physical/seed_41029/t_-040C/source_hspice,VALID,-24,24,0,0
41029,fda09ea699b722b6216f33f143080294d948c5b5806d81a0b49c4f2b578991a0,-40,a47522d223ca7148c306a44da11f67079a1cfe671bedd6fc8652c5821fa55af5,7,FALL,000000000000000000000000011111,135,159,153,/home/zhupl25/chiplet_side_channel/chiplet_gds_data/power_macro/delay_chain/ftc/runs/b_fe_frontend/bfe14_arch1_benign_temp_drift/physical/seed_41029/t_-040C/source_hspice,VALID,-18,18,0,0
41029,fda09ea699b722b6216f33f143080294d948c5b5806d81a0b49c4f2b578991a0,-40,a47522d223ca7148c306a44da11f67079a1cfe671bedd6fc8652c5821fa55af5,8,RISE,000000000000000000000000011111,135,159,153,/home/zhupl25/chiplet_side_channel/chiplet_gds_data/power_macro/delay_chain/ftc/runs/b_fe_frontend/bfe14_arch1_benign_temp_drift/physical/seed_41029/t_-040C/source_hspice,VALID,-24,24,0,0
41029,fda09ea699b722b6216f33f143080294d948c5b5806d81a0b49c4f2b578991a0,-40,a47522d223ca7148c306a44da11f67079a1cfe671bedd6fc8652c5821fa55af5,9,FALL,000000000000000000000000011111,135,159,153,/home/zhupl25/chiplet_side_channel/chiplet_gds_data/power_macro/delay_chain/ftc/runs/b_fe_frontend/bfe14_arch1_benign_temp_drift/physical/seed_41029/t_-040C/source_hspice,VALID,-18,18,0,0
41029,fda09ea699b722b6216f33f143080294d948c5b5806d81a0b49c4f2b578991a0,-40,a47522d223ca7148c306a44da11f67079a1cfe671bedd6fc8652c5821fa55af5,10,RISE,000000000000000000000000011111,135,159,153,/home/zhupl25/chiplet_side_channel/chiplet_gds_data/power_macro/delay_chain/ftc/runs/b_fe_frontend/bfe14_arch1_benign_temp_drift/physical/seed_41029/t_-040C/source_hspice,VALID,-24,24,0,0
41029,fda09ea699b722b6216f33f143080294d948c5b5806d81a0b49c4f2b578991a0,-40,a47522d223ca7148c306a44da11f67079a1cfe671bedd6fc8652c5821fa55af5,11,FALL,000000000000000000000000001111,110,159,153,/home/zhupl25/chiplet_side_channel/chiplet_gds_data/power_macro/delay_chain/ftc/runs/b_fe_frontend/bfe14_arch1_benign_temp_drift/physical/seed_41029/t_-040C/source_hspice,VALID,-43,43,0,0
41029,fda09ea699b722b6216f33f143080294d948c5b5806d81a0b49c4f2b578991a0,-40,a47522d223ca7148c306a44da11f67079a1cfe671bedd6fc8652c5821fa55af5,12,RISE,000000000000000000000000011111,135,159,153,/home/zhupl25/chiplet_side_channel/chiplet_gds_data/power_macro/delay_chain/ftc/runs/b_fe_frontend/bfe14_arch1_benign_temp_drift/physical/seed_41029/t_-040C/source_hspice,VALID,-24,24,0,0
41029,fda09ea699b722b6216f33f143080294d948c5b5806d81a0b49c4f2b578991a0,-40,a47522d223ca7148c306a44da11f67079a1cfe671bedd6fc8652c5821fa55af5,13,FALL,000000000000000000000000001111,110,159,153,/home/zhupl25/chiplet_side_channel/chiplet_gds_data/power_macro/delay_chain/ftc/runs/b_fe_frontend/bfe14_arch1_benign_temp_drift/physical/seed_41029/t_-040C/source_hspice,VALID,-43,43,0,0
41029,fda09ea699b722b6216f33f143080294d948c5b5806d81a0b49c4f2b578991a0,-40,a47522d223ca7148c306a44da11f67079a1cfe671bedd6fc8652c5821fa55af5,14,RISE,000000000000000000000000011111,135,159,153,/home/zhupl25/chiplet_side_channel/chiplet_gds_data/power_macro/delay_chain/ftc/runs/b_fe_frontend/bfe14_arch1_benign_temp_drift/physical/seed_41029/t_-040C/source_hspice,VALID,-24,24,0,0
41029,fda09ea699b722b6216f33f143080294d948c5b5806d81a0b49c4f2b578991a0,-40,a47522d223ca7148c306a44da11f67079a1cfe671bedd6fc8652c5821fa55af5,15,FALL,000000000000000000000000001111,110,159,153,/home/zhupl25/chiplet_side_channel/chiplet_gds_data/power_macro/delay_chain/ftc/runs/b_fe_frontend/bfe14_arch1_benign_temp_drift/physical/seed_41029/t_-040C/source_hspice,VALID,-43,43,0,0
41029,fda09ea699b722b6216f33f143080294d948c5b5806d81a0b49c4f2b578991a0,-40,a47522d223ca7148c306a44da11f67079a1cfe671bedd6fc8652c5821fa55af5,16,RISE,000000000000000000000000011111,135,159,153,/home/zhupl25/chiplet_side_channel/chiplet_gds_data/power_macro/delay_chain/ftc/runs/b_fe_frontend/bfe14_arch1_benign_temp_drift/physical/seed_41029/t_-040C/source_hspice,VALID,-24,24,0,0
41029,fda09ea699b722b6216f33f143080294d948c5b5806d81a0b49c4f2b578991a0,-40,a47522d223ca7148c306a44da11f67079a1cfe671bedd6fc8652c5821fa55af5,17,FALL,000000000000000000000000011111,135,159,153,/home/zhupl25/chiplet_side_channel/chiplet_gds_data/power_macro/delay_chain/ftc/runs/b_fe_frontend/bfe14_arch1_benign_temp_drift/physical/seed_41029/t_-040C/source_hspice,VALID,-18,18,0,0
41029,fda09ea699b722b6216f33f143080294d948c5b5806d81a0b49c4f2b578991a0,-40,a47522d223ca7148c306a44da11f67079a1cfe671bedd6fc8652c5821fa55af5,18,RISE,000000000000000000000000011111,135,159,153,/home/zhupl25/chiplet_side_channel/chiplet_gds_data/power_macro/delay_chain/ftc/runs/b_fe_frontend/bfe14_arch1_benign_temp_drift/physical/seed_41029/t_-040C/source_hspice,VALID,-24,24,0,0
41029,fda09ea699b722b6216f33f143080294d948c5b5806d81a0b49c4f2b578991a0,-40,a47522d223ca7148c306a44da11f67079a1cfe671bedd6fc8652c5821fa55af5,19,FALL,000000000000000000000000001111,110,159,153,/home/zhupl25/chiplet_side_channel/chiplet_gds_data/power_macro/delay_chain/ftc/runs/b_fe_frontend/bfe14_arch1_benign_temp_drift/physical/seed_41029/t_-040C/source_hspice,VALID,-43,43,0,0
41029,fda09ea699b722b6216f33f143080294d948c5b5806d81a0b49c4f2b578991a0,-40,a47522d223ca7148c306a44da11f67079a1cfe671bedd6fc8652c5821fa55af5,20,RISE,000000000000000000000000011111,135,159,153,/home/zhupl25/chiplet_side_channel/chiplet_gds_data/power_macro/delay_chain/ftc/runs/b_fe_frontend/bfe14_arch1_benign_temp_drift/physical/seed_41029/t_-040C/source_hspice,VALID,-24,24,0,0
41029,fda09ea699b722b6216f33f143080294d948c5b5806d81a0b49c4f2b578991a0,-40,a47522d223ca7148c306a44da11f67079a1cfe671bedd6fc8652c5821fa55af5,21,FALL,000000000000000000000000001111,110,159,153,/home/zhupl25/chiplet_side_channel/chiplet_gds_data/power_macro/delay_chain/ftc/runs/b_fe_frontend/bfe14_arch1_benign_temp_drift/physical/seed_41029/t_-040C/source_hspice,VALID,-43,43,0,0
41029,fda09ea699b722b6216f33f143080294d948c5b5806d81a0b49c4f2b578991a0,-40,a47522d223ca7148c306a44da11f67079a1cfe671bedd6fc8652c5821fa55af5,22,RISE,000000000000000000000000011111,135,159,153,/home/zhupl25/chiplet_side_channel/chiplet_gds_data/power_macro/delay_chain/ftc/runs/b_fe_frontend/bfe14_arch1_benign_temp_drift/physical/seed_41029/t_-040C/source_hspice,VALID,-24,24,0,0
41029,fda09ea699b722b6216f33f143080294d948c5b5806d81a0b49c4f2b578991a0,-40,a47522d223ca7148c306a44da11f67079a1cfe671bedd6fc8652c5821fa55af5,23,FALL,000000000000000000000000011111,135,159,153,/home/zhupl25/chiplet_side_channel/chiplet_gds_data/power_macro/delay_chain/ftc/runs/b_fe_frontend/bfe14_arch1_benign_temp_drift/physical/seed_41029/t_-040C/source_hspice,VALID,-18,18,0,0
41029,fda09ea699b722b6216f33f143080294d948c5b5806d81a0b49c4f2b578991a0,125,a47522d223ca7148c306a44da11f67079a1cfe671bedd6fc8652c5821fa55af5,0,RISE,000000000000000000000001111111,182,159,153,/home/zhupl25/chiplet_side_channel/chiplet_gds_data/power_macro/delay_chain/ftc/runs/b_fe_frontend/bfe14_arch1_benign_temp_drift/physical/seed_41029/t_+125C/source_hspice,VALID,23,23,1,1
41029,fda09ea699b722b6216f33f143080294d948c5b5806d81a0b49c4f2b578991a0,125,a47522d223ca7148c306a44da11f67079a1cfe671bedd6fc8652c5821fa55af5,1,FALL,000000000000000000000001111111,182,159,153,/home/zhupl25/chiplet_side_channel/chiplet_gds_data/power_macro/delay_chain/ftc/runs/b_fe_frontend/bfe14_arch1_benign_temp_drift/physical/seed_41029/t_+125C/source_hspice,VALID,29,29,0,0
41029,fda09ea699b722b6216f33f143080294d948c5b5806d81a0b49c4f2b578991a0,125,a47522d223ca7148c306a44da11f67079a1cfe671bedd6fc8652c5821fa55af5,2,RISE,000000000000000000000001111111,182,159,153,/home/zhupl25/chiplet_side_channel/chiplet_gds_data/power_macro/delay_chain/ftc/runs/b_fe_frontend/bfe14_arch1_benign_temp_drift/physical/seed_41029/t_+125C/source_hspice,VALID,23,23,1,1
41029,fda09ea699b722b6216f33f143080294d948c5b5806d81a0b49c4f2b578991a0,125,a47522d223ca7148c306a44da11f67079a1cfe671bedd6fc8652c5821fa55af5,3,FALL,000000000000000000000001111111,182,159,153,/home/zhupl25/chiplet_side_channel/chiplet_gds_data/power_macro/delay_chain/ftc/runs/b_fe_frontend/bfe14_arch1_benign_temp_drift/physical/seed_41029/t_+125C/source_hspice,VALID,29,29,0,0
41029,fda09ea699b722b6216f33f143080294d948c5b5806d81a0b49c4f2b578991a0,125,a47522d223ca7148c306a44da11f67079a1cfe671bedd6fc8652c5821fa55af5,4,RISE,000000000000000000000011111111,204,159,153,/home/zhupl25/chiplet_side_channel/chiplet_gds_data/power_macro/delay_chain/ftc/runs/b_fe_frontend/bfe14_arch1_benign_temp_drift/physical/seed_41029/t_+125C/source_hspice,VALID,45,45,1,1
41029,fda09ea699b722b6216f33f143080294d948c5b5806d81a0b49c4f2b578991a0,125,a47522d223ca7148c306a44da11f67079a1cfe671bedd6fc8652c5821fa55af5,5,FALL,000000000000000000000001111111,182,159,153,/home/zhupl25/chiplet_side_channel/chiplet_gds_data/power_macro/delay_chain/ftc/runs/b_fe_frontend/bfe14_arch1_benign_temp_drift/physical/seed_41029/t_+125C/source_hspice,VALID,29,29,0,0
41029,fda09ea699b722b6216f33f143080294d948c5b5806d81a0b49c4f2b578991a0,125,a47522d223ca7148c306a44da11f67079a1cfe671bedd6fc8652c5821fa55af5,6,RISE,000000000000000000000001111111,182,159,153,/home/zhupl25/chiplet_side_channel/chiplet_gds_data/power_macro/delay_chain/ftc/runs/b_fe_frontend/bfe14_arch1_benign_temp_drift/physical/seed_41029/t_+125C/source_hspice,VALID,23,23,1,1
41029,fda09ea699b722b6216f33f143080294d948c5b5806d81a0b49c4f2b578991a0,125,a47522d223ca7148c306a44da11f67079a1cfe671bedd6fc8652c5821fa55af5,7,FALL,000000000000000000000001111111,182,159,153,/home/zhupl25/chiplet_side_channel/chiplet_gds_data/power_macro/delay_chain/ftc/runs/b_fe_frontend/bfe14_arch1_benign_temp_drift/physical/seed_41029/t_+125C/source_hspice,VALID,29,29,0,0
41029,fda09ea699b722b6216f33f143080294d948c5b5806d81a0b49c4f2b578991a0,125,a47522d223ca7148c306a44da11f67079a1cfe671bedd6fc8652c5821fa55af5,8,RISE,000000000000000000000001111111,182,159,153,/home/zhupl25/chiplet_side_channel/chiplet_gds_data/power_macro/delay_chain/ftc/runs/b_fe_frontend/bfe14_arch1_benign_temp_drift/physical/seed_41029/t_+125C/source_hspice,VALID,23,23,1,1
41029,fda09ea699b722b6216f33f143080294d948c5b5806d81a0b49c4f2b578991a0,125,a47522d223ca7148c306a44da11f67079a1cfe671bedd6fc8652c5821fa55af5,9,FALL,000000000000000000000001111111,182,159,153,/home/zhupl25/chiplet_side_channel/chiplet_gds_data/power_macro/delay_chain/ftc/runs/b_fe_frontend/bfe14_arch1_benign_temp_drift/physical/seed_41029/t_+125C/source_hspice,VALID,29,29,0,0
41029,fda09ea699b722b6216f33f143080294d948c5b5806d81a0b49c4f2b578991a0,125,a47522d223ca7148c306a44da11f67079a1cfe671bedd6fc8652c5821fa55af5,10,RISE,000000000000000000000001111111,182,159,153,/home/zhupl25/chiplet_side_channel/chiplet_gds_data/power_macro/delay_chain/ftc/runs/b_fe_frontend/bfe14_arch1_benign_temp_drift/physical/seed_41029/t_+125C/source_hspice,VALID,23,23,1,1
41029,fda09ea699b722b6216f33f143080294d948c5b5806d81a0b49c4f2b578991a0,125,a47522d223ca7148c306a44da11f67079a1cfe671bedd6fc8652c5821fa55af5,11,FALL,000000000000000000000001111111,182,159,153,/home/zhupl25/chiplet_side_channel/chiplet_gds_data/power_macro/delay_chain/ftc/runs/b_fe_frontend/bfe14_arch1_benign_temp_drift/physical/seed_41029/t_+125C/source_hspice,VALID,29,29,0,0
41029,fda09ea699b722b6216f33f143080294d948c5b5806d81a0b49c4f2b578991a0,125,a47522d223ca7148c306a44da11f67079a1cfe671bedd6fc8652c5821fa55af5,12,RISE,000000000000000000000001111111,182,159,153,/home/zhupl25/chiplet_side_channel/chiplet_gds_data/power_macro/delay_chain/ftc/runs/b_fe_frontend/bfe14_arch1_benign_temp_drift/physical/seed_41029/t_+125C/source_hspice,VALID,23,23,1,1
41029,fda09ea699b722b6216f33f143080294d948c5b5806d81a0b49c4f2b578991a0,125,a47522d223ca7148c306a44da11f67079a1cfe671bedd6fc8652c5821fa55af5,13,FALL,000000000000000000000001111111,182,159,153,/home/zhupl25/chiplet_side_channel/chiplet_gds_data/power_macro/delay_chain/ftc/runs/b_fe_frontend/bfe14_arch1_benign_temp_drift/physical/seed_41029/t_+125C/source_hspice,VALID,29,29,0,0
41029,fda09ea699b722b6216f33f143080294d948c5b5806d81a0b49c4f2b578991a0,125,a47522d223ca7148c306a44da11f67079a1cfe671bedd6fc8652c5821fa55af5,14,RISE,000000000000000000000001111111,182,159,153,/home/zhupl25/chiplet_side_channel/chiplet_gds_data/power_macro/delay_chain/ftc/runs/b_fe_frontend/bfe14_arch1_benign_temp_drift/physical/seed_41029/t_+125C/source_hspice,VALID,23,23,1,1
41029,fda09ea699b722b6216f33f143080294d948c5b5806d81a0b49c4f2b578991a0,125,a47522d223ca7148c306a44da11f67079a1cfe671bedd6fc8652c5821fa55af5,15,FALL,000000000000000000000001111111,182,159,153,/home/zhupl25/chiplet_side_channel/chiplet_gds_data/power_macro/delay_chain/ftc/runs/b_fe_frontend/bfe14_arch1_benign_temp_drift/physical/seed_41029/t_+125C/source_hspice,VALID,29,29,0,0
41029,fda09ea699b722b6216f33f143080294d948c5b5806d81a0b49c4f2b578991a0,125,a47522d223ca7148c306a44da11f67079a1cfe671bedd6fc8652c5821fa55af5,16,RISE,000000000000000000000001111111,182,159,153,/home/zhupl25/chiplet_side_channel/chiplet_gds_data/power_macro/delay_chain/ftc/runs/b_fe_frontend/bfe14_arch1_benign_temp_drift/physical/seed_41029/t_+125C/source_hspice,VALID,23,23,1,1
41029,fda09ea699b722b6216f33f143080294d948c5b5806d81a0b49c4f2b578991a0,125,a47522d223ca7148c306a44da11f67079a1cfe671bedd6fc8652c5821fa55af5,17,FALL,000000000000000000000001111111,182,159,153,/home/zhupl25/chiplet_side_channel/chiplet_gds_data/power_macro/delay_chain/ftc/runs/b_fe_frontend/bfe14_arch1_benign_temp_drift/physical/seed_41029/t_+125C/source_hspice,VALID,29,29,0,0
41029,fda09ea699b722b6216f33f143080294d948c5b5806d81a0b49c4f2b578991a0,125,a47522d223ca7148c306a44da11f67079a1cfe671bedd6fc8652c5821fa55af5,18,RISE,000000000000000000000001111111,182,159,153,/home/zhupl25/chiplet_side_channel/chiplet_gds_data/power_macro/delay_chain/ftc/runs/b_fe_frontend/bfe14_arch1_benign_temp_drift/physical/seed_41029/t_+125C/source_hspice,VALID,23,23,1,1
41029,fda09ea699b722b6216f33f143080294d948c5b5806d81a0b49c4f2b578991a0,125,a47522d223ca7148c306a44da11f67079a1cfe671bedd6fc8652c5821fa55af5,19,FALL,000000000000000000000001111111,182,159,153,/home/zhupl25/chiplet_side_channel/chiplet_gds_data/power_macro/delay_chain/ftc/runs/b_fe_frontend/bfe14_arch1_benign_temp_drift/physical/seed_41029/t_+125C/source_hspice,VALID,29,29,0,0
41029,fda09ea699b722b6216f33f143080294d948c5b5806d81a0b49c4f2b578991a0,125,a47522d223ca7148c306a44da11f67079a1cfe671bedd6fc8652c5821fa55af5,20,RISE,000000000000000000000001111111,182,159,153,/home/zhupl25/chiplet_side_channel/chiplet_gds_data/power_macro/delay_chain/ftc/runs/b_fe_frontend/bfe14_arch1_benign_temp_drift/physical/seed_41029/t_+125C/source_hspice,VALID,23,23,1,1
41029,fda09ea699b722b6216f33f143080294d948c5b5806d81a0b49c4f2b578991a0,125,a47522d223ca7148c306a44da11f67079a1cfe671bedd6fc8652c5821fa55af5,21,FALL,000000000000000000000001111111,182,159,153,/home/zhupl25/chiplet_side_channel/chiplet_gds_data/power_macro/delay_chain/ftc/runs/b_fe_frontend/bfe14_arch1_benign_temp_drift/physical/seed_41029/t_+125C/source_hspice,VALID,29,29,0,0
41029,fda09ea699b722b6216f33f143080294d948c5b5806d81a0b49c4f2b578991a0,125,a47522d223ca7148c306a44da11f67079a1cfe671bedd6fc8652c5821fa55af5,22,RISE,000000000000000000000001111111,182,159,153,/home/zhupl25/chiplet_side_channel/chiplet_gds_data/power_macro/delay_chain/ftc/runs/b_fe_frontend/bfe14_arch1_benign_temp_drift/physical/seed_41029/t_+125C/source_hspice,VALID,23,23,1,1
41029,fda09ea699b722b6216f33f143080294d948c5b5806d81a0b49c4f2b578991a0,125,a47522d223ca7148c306a44da11f67079a1cfe671bedd6fc8652c5821fa55af5,23,FALL,000000000000000000000001111111,182,159,153,/home/zhupl25/chiplet_side_channel/chiplet_gds_data/power_macro/delay_chain/ftc/runs/b_fe_frontend/bfe14_arch1_benign_temp_drift/physical/seed_41029/t_+125C/source_hspice,VALID,29,29,0,0
41030,51313437e0071309e73daffa0a73fca3ce6ee3f665745e02742add2cb2ffa023,-40,a47522d223ca7148c306a44da11f67079a1cfe671bedd6fc8652c5821fa55af5,0,RISE,000000000000000000000001111111,182,198,182,/home/zhupl25/chiplet_side_channel/chiplet_gds_data/power_macro/delay_chain/ftc/runs/b_fe_frontend/bfe14_arch1_benign_temp_drift/physical/seed_41030/t_-040C/source_hspice,VALID,-16,16,0,0
41030,51313437e0071309e73daffa0a73fca3ce6ee3f665745e02742add2cb2ffa023,-40,a47522d223ca7148c306a44da11f67079a1cfe671bedd6fc8652c5821fa55af5,1,FALL,000000000000000000000001111111,182,198,182,/home/zhupl25/chiplet_side_channel/chiplet_gds_data/power_macro/delay_chain/ftc/runs/b_fe_frontend/bfe14_arch1_benign_temp_drift/physical/seed_41030/t_-040C/source_hspice,VALID,0,0,0,0
41030,51313437e0071309e73daffa0a73fca3ce6ee3f665745e02742add2cb2ffa023,-40,a47522d223ca7148c306a44da11f67079a1cfe671bedd6fc8652c5821fa55af5,2,RISE,000000000000000000000001111111,182,198,182,/home/zhupl25/chiplet_side_channel/chiplet_gds_data/power_macro/delay_chain/ftc/runs/b_fe_frontend/bfe14_arch1_benign_temp_drift/physical/seed_41030/t_-040C/source_hspice,VALID,-16,16,0,0
41030,51313437e0071309e73daffa0a73fca3ce6ee3f665745e02742add2cb2ffa023,-40,a47522d223ca7148c306a44da11f67079a1cfe671bedd6fc8652c5821fa55af5,3,FALL,000000000000000000000000111111,159,198,182,/home/zhupl25/chiplet_side_channel/chiplet_gds_data/power_macro/delay_chain/ftc/runs/b_fe_frontend/bfe14_arch1_benign_temp_drift/physical/seed_41030/t_-040C/source_hspice,VALID,-23,23,0,0
41030,51313437e0071309e73daffa0a73fca3ce6ee3f665745e02742add2cb2ffa023,-40,a47522d223ca7148c306a44da11f67079a1cfe671bedd6fc8652c5821fa55af5,4,RISE,000000000000000000000001111111,182,198,182,/home/zhupl25/chiplet_side_channel/chiplet_gds_data/power_macro/delay_chain/ftc/runs/b_fe_frontend/bfe14_arch1_benign_temp_drift/physical/seed_41030/t_-040C/source_hspice,VALID,-16,16,0,0
41030,51313437e0071309e73daffa0a73fca3ce6ee3f665745e02742add2cb2ffa023,-40,a47522d223ca7148c306a44da11f67079a1cfe671bedd6fc8652c5821fa55af5,5,FALL,000000000000000000000001111111,182,198,182,/home/zhupl25/chiplet_side_channel/chiplet_gds_data/power_macro/delay_chain/ftc/runs/b_fe_frontend/bfe14_arch1_benign_temp_drift/physical/seed_41030/t_-040C/source_hspice,VALID,0,0,0,0
41030,51313437e0071309e73daffa0a73fca3ce6ee3f665745e02742add2cb2ffa023,-40,a47522d223ca7148c306a44da11f67079a1cfe671bedd6fc8652c5821fa55af5,6,RISE,000000000000000000000001111111,182,198,182,/home/zhupl25/chiplet_side_channel/chiplet_gds_data/power_macro/delay_chain/ftc/runs/b_fe_frontend/bfe14_arch1_benign_temp_drift/physical/seed_41030/t_-040C/source_hspice,VALID,-16,16,0,0
41030,51313437e0071309e73daffa0a73fca3ce6ee3f665745e02742add2cb2ffa023,-40,a47522d223ca7148c306a44da11f67079a1cfe671bedd6fc8652c5821fa55af5,7,FALL,000000000000000000000001111111,182,198,182,/home/zhupl25/chiplet_side_channel/chiplet_gds_data/power_macro/delay_chain/ftc/runs/b_fe_frontend/bfe14_arch1_benign_temp_drift/physical/seed_41030/t_-040C/source_hspice,VALID,0,0,0,0
41030,51313437e0071309e73daffa0a73fca3ce6ee3f665745e02742add2cb2ffa023,-40,a47522d223ca7148c306a44da11f67079a1cfe671bedd6fc8652c5821fa55af5,8,RISE,000000000000000000000001111111,182,198,182,/home/zhupl25/chiplet_side_channel/chiplet_gds_data/power_macro/delay_chain/ftc/runs/b_fe_frontend/bfe14_arch1_benign_temp_drift/physical/seed_41030/t_-040C/source_hspice,VALID,-16,16,0,0
41030,51313437e0071309e73daffa0a73fca3ce6ee3f665745e02742add2cb2ffa023,-40,a47522d223ca7148c306a44da11f67079a1cfe671bedd6fc8652c5821fa55af5,9,FALL,000000000000000000000001111111,182,198,182,/home/zhupl25/chiplet_side_channel/chiplet_gds_data/power_macro/delay_chain/ftc/runs/b_fe_frontend/bfe14_arch1_benign_temp_drift/physical/seed_41030/t_-040C/source_hspice,VALID,0,0,0,0
41030,51313437e0071309e73daffa0a73fca3ce6ee3f665745e02742add2cb2ffa023,-40,a47522d223ca7148c306a44da11f67079a1cfe671bedd6fc8652c5821fa55af5,10,RISE,000000000000000000000001111111,182,198,182,/home/zhupl25/chiplet_side_channel/chiplet_gds_data/power_macro/delay_chain/ftc/runs/b_fe_frontend/bfe14_arch1_benign_temp_drift/physical/seed_41030/t_-040C/source_hspice,VALID,-16,16,0,0
41030,51313437e0071309e73daffa0a73fca3ce6ee3f665745e02742add2cb2ffa023,-40,a47522d223ca7148c306a44da11f67079a1cfe671bedd6fc8652c5821fa55af5,11,FALL,000000000000000000000000111111,159,198,182,/home/zhupl25/chiplet_side_channel/chiplet_gds_data/power_macro/delay_chain/ftc/runs/b_fe_frontend/bfe14_arch1_benign_temp_drift/physical/seed_41030/t_-040C/source_hspice,VALID,-23,23,0,0
41030,51313437e0071309e73daffa0a73fca3ce6ee3f665745e02742add2cb2ffa023,-40,a47522d223ca7148c306a44da11f67079a1cfe671bedd6fc8652c5821fa55af5,12,RISE,000000000000000000000001111111,182,198,182,/home/zhupl25/chiplet_side_channel/chiplet_gds_data/power_macro/delay_chain/ftc/runs/b_fe_frontend/bfe14_arch1_benign_temp_drift/physical/seed_41030/t_-040C/source_hspice,VALID,-16,16,0,0
41030,51313437e0071309e73daffa0a73fca3ce6ee3f665745e02742add2cb2ffa023,-40,a47522d223ca7148c306a44da11f67079a1cfe671bedd6fc8652c5821fa55af5,13,FALL,000000000000000000000000111111,159,198,182,/home/zhupl25/chiplet_side_channel/chiplet_gds_data/power_macro/delay_chain/ftc/runs/b_fe_frontend/bfe14_arch1_benign_temp_drift/physical/seed_41030/t_-040C/source_hspice,VALID,-23,23,0,0
41030,51313437e0071309e73daffa0a73fca3ce6ee3f665745e02742add2cb2ffa023,-40,a47522d223ca7148c306a44da11f67079a1cfe671bedd6fc8652c5821fa55af5,14,RISE,000000000000000000000001111111,182,198,182,/home/zhupl25/chiplet_side_channel/chiplet_gds_data/power_macro/delay_chain/ftc/runs/b_fe_frontend/bfe14_arch1_benign_temp_drift/physical/seed_41030/t_-040C/source_hspice,VALID,-16,16,0,0
41030,51313437e0071309e73daffa0a73fca3ce6ee3f665745e02742add2cb2ffa023,-40,a47522d223ca7148c306a44da11f67079a1cfe671bedd6fc8652c5821fa55af5,15,FALL,000000000000000000000000111111,159,198,182,/home/zhupl25/chiplet_side_channel/chiplet_gds_data/power_macro/delay_chain/ftc/runs/b_fe_frontend/bfe14_arch1_benign_temp_drift/physical/seed_41030/t_-040C/source_hspice,VALID,-23,23,0,0
41030,51313437e0071309e73daffa0a73fca3ce6ee3f665745e02742add2cb2ffa023,-40,a47522d223ca7148c306a44da11f67079a1cfe671bedd6fc8652c5821fa55af5,16,RISE,000000000000000000000001111111,182,198,182,/home/zhupl25/chiplet_side_channel/chiplet_gds_data/power_macro/delay_chain/ftc/runs/b_fe_frontend/bfe14_arch1_benign_temp_drift/physical/seed_41030/t_-040C/source_hspice,VALID,-16,16,0,0
41030,51313437e0071309e73daffa0a73fca3ce6ee3f665745e02742add2cb2ffa023,-40,a47522d223ca7148c306a44da11f67079a1cfe671bedd6fc8652c5821fa55af5,17,FALL,000000000000000000000001111111,182,198,182,/home/zhupl25/chiplet_side_channel/chiplet_gds_data/power_macro/delay_chain/ftc/runs/b_fe_frontend/bfe14_arch1_benign_temp_drift/physical/seed_41030/t_-040C/source_hspice,VALID,0,0,0,0
41030,51313437e0071309e73daffa0a73fca3ce6ee3f665745e02742add2cb2ffa023,-40,a47522d223ca7148c306a44da11f67079a1cfe671bedd6fc8652c5821fa55af5,18,RISE,000000000000000000000001111111,182,198,182,/home/zhupl25/chiplet_side_channel/chiplet_gds_data/power_macro/delay_chain/ftc/runs/b_fe_frontend/bfe14_arch1_benign_temp_drift/physical/seed_41030/t_-040C/source_hspice,VALID,-16,16,0,0
41030,51313437e0071309e73daffa0a73fca3ce6ee3f665745e02742add2cb2ffa023,-40,a47522d223ca7148c306a44da11f67079a1cfe671bedd6fc8652c5821fa55af5,19,FALL,000000000000000000000000111111,159,198,182,/home/zhupl25/chiplet_side_channel/chiplet_gds_data/power_macro/delay_chain/ftc/runs/b_fe_frontend/bfe14_arch1_benign_temp_drift/physical/seed_41030/t_-040C/source_hspice,VALID,-23,23,0,0
41030,51313437e0071309e73daffa0a73fca3ce6ee3f665745e02742add2cb2ffa023,-40,a47522d223ca7148c306a44da11f67079a1cfe671bedd6fc8652c5821fa55af5,20,RISE,000000000000000000000001111111,182,198,182,/home/zhupl25/chiplet_side_channel/chiplet_gds_data/power_macro/delay_chain/ftc/runs/b_fe_frontend/bfe14_arch1_benign_temp_drift/physical/seed_41030/t_-040C/source_hspice,VALID,-16,16,0,0
41030,51313437e0071309e73daffa0a73fca3ce6ee3f665745e02742add2cb2ffa023,-40,a47522d223ca7148c306a44da11f67079a1cfe671bedd6fc8652c5821fa55af5,21,FALL,000000000000000000000000111111,159,198,182,/home/zhupl25/chiplet_side_channel/chiplet_gds_data/power_macro/delay_chain/ftc/runs/b_fe_frontend/bfe14_arch1_benign_temp_drift/physical/seed_41030/t_-040C/source_hspice,VALID,-23,23,0,0
41030,51313437e0071309e73daffa0a73fca3ce6ee3f665745e02742add2cb2ffa023,-40,a47522d223ca7148c306a44da11f67079a1cfe671bedd6fc8652c5821fa55af5,22,RISE,000000000000000000000001111111,182,198,182,/home/zhupl25/chiplet_side_channel/chiplet_gds_data/power_macro/delay_chain/ftc/runs/b_fe_frontend/bfe14_arch1_benign_temp_drift/physical/seed_41030/t_-040C/source_hspice,VALID,-16,16,0,0
41030,51313437e0071309e73daffa0a73fca3ce6ee3f665745e02742add2cb2ffa023,-40,a47522d223ca7148c306a44da11f67079a1cfe671bedd6fc8652c5821fa55af5,23,FALL,000000000000000000000000111111,159,198,182,/home/zhupl25/chiplet_side_channel/chiplet_gds_data/power_macro/delay_chain/ftc/runs/b_fe_frontend/bfe14_arch1_benign_temp_drift/physical/seed_41030/t_-040C/source_hspice,VALID,-23,23,0,0
41030,51313437e0071309e73daffa0a73fca3ce6ee3f665745e02742add2cb2ffa023,125,a47522d223ca7148c306a44da11f67079a1cfe671bedd6fc8652c5821fa55af5,0,RISE,000000000000000000000011111111,204,198,182,/home/zhupl25/chiplet_side_channel/chiplet_gds_data/power_macro/delay_chain/ftc/runs/b_fe_frontend/bfe14_arch1_benign_temp_drift/physical/seed_41030/t_+125C/source_hspice,VALID,6,6,0,0
41030,51313437e0071309e73daffa0a73fca3ce6ee3f665745e02742add2cb2ffa023,125,a47522d223ca7148c306a44da11f67079a1cfe671bedd6fc8652c5821fa55af5,1,FALL,000000000000000000000011111111,204,198,182,/home/zhupl25/chiplet_side_channel/chiplet_gds_data/power_macro/delay_chain/ftc/runs/b_fe_frontend/bfe14_arch1_benign_temp_drift/physical/seed_41030/t_+125C/source_hspice,VALID,22,22,0,0
41030,51313437e0071309e73daffa0a73fca3ce6ee3f665745e02742add2cb2ffa023,125,a47522d223ca7148c306a44da11f67079a1cfe671bedd6fc8652c5821fa55af5,2,RISE,000000000000000000000011111111,204,198,182,/home/zhupl25/chiplet_side_channel/chiplet_gds_data/power_macro/delay_chain/ftc/runs/b_fe_frontend/bfe14_arch1_benign_temp_drift/physical/seed_41030/t_+125C/source_hspice,VALID,6,6,0,0
41030,51313437e0071309e73daffa0a73fca3ce6ee3f665745e02742add2cb2ffa023,125,a47522d223ca7148c306a44da11f67079a1cfe671bedd6fc8652c5821fa55af5,3,FALL,000000000000000000000011111111,204,198,182,/home/zhupl25/chiplet_side_channel/chiplet_gds_data/power_macro/delay_chain/ftc/runs/b_fe_frontend/bfe14_arch1_benign_temp_drift/physical/seed_41030/t_+125C/source_hspice,VALID,22,22,0,0
41030,51313437e0071309e73daffa0a73fca3ce6ee3f665745e02742add2cb2ffa023,125,a47522d223ca7148c306a44da11f67079a1cfe671bedd6fc8652c5821fa55af5,4,RISE,000000000000000000000111111111,225,198,182,/home/zhupl25/chiplet_side_channel/chiplet_gds_data/power_macro/delay_chain/ftc/runs/b_fe_frontend/bfe14_arch1_benign_temp_drift/physical/seed_41030/t_+125C/source_hspice,VALID,27,27,1,1
41030,51313437e0071309e73daffa0a73fca3ce6ee3f665745e02742add2cb2ffa023,125,a47522d223ca7148c306a44da11f67079a1cfe671bedd6fc8652c5821fa55af5,5,FALL,000000000000000000000011111111,204,198,182,/home/zhupl25/chiplet_side_channel/chiplet_gds_data/power_macro/delay_chain/ftc/runs/b_fe_frontend/bfe14_arch1_benign_temp_drift/physical/seed_41030/t_+125C/source_hspice,VALID,22,22,0,0
41030,51313437e0071309e73daffa0a73fca3ce6ee3f665745e02742add2cb2ffa023,125,a47522d223ca7148c306a44da11f67079a1cfe671bedd6fc8652c5821fa55af5,6,RISE,000000000000000000000011111111,204,198,182,/home/zhupl25/chiplet_side_channel/chiplet_gds_data/power_macro/delay_chain/ftc/runs/b_fe_frontend/bfe14_arch1_benign_temp_drift/physical/seed_41030/t_+125C/source_hspice,VALID,6,6,0,0
41030,51313437e0071309e73daffa0a73fca3ce6ee3f665745e02742add2cb2ffa023,125,a47522d223ca7148c306a44da11f67079a1cfe671bedd6fc8652c5821fa55af5,7,FALL,000000000000000000000011111111,204,198,182,/home/zhupl25/chiplet_side_channel/chiplet_gds_data/power_macro/delay_chain/ftc/runs/b_fe_frontend/bfe14_arch1_benign_temp_drift/physical/seed_41030/t_+125C/source_hspice,VALID,22,22,0,0
41030,51313437e0071309e73daffa0a73fca3ce6ee3f665745e02742add2cb2ffa023,125,a47522d223ca7148c306a44da11f67079a1cfe671bedd6fc8652c5821fa55af5,8,RISE,000000000000000000000011111111,204,198,182,/home/zhupl25/chiplet_side_channel/chiplet_gds_data/power_macro/delay_chain/ftc/runs/b_fe_frontend/bfe14_arch1_benign_temp_drift/physical/seed_41030/t_+125C/source_hspice,VALID,6,6,0,0
41030,51313437e0071309e73daffa0a73fca3ce6ee3f665745e02742add2cb2ffa023,125,a47522d223ca7148c306a44da11f67079a1cfe671bedd6fc8652c5821fa55af5,9,FALL,000000000000000000000011111111,204,198,182,/home/zhupl25/chiplet_side_channel/chiplet_gds_data/power_macro/delay_chain/ftc/runs/b_fe_frontend/bfe14_arch1_benign_temp_drift/physical/seed_41030/t_+125C/source_hspice,VALID,22,22,0,0
41030,51313437e0071309e73daffa0a73fca3ce6ee3f665745e02742add2cb2ffa023,125,a47522d223ca7148c306a44da11f67079a1cfe671bedd6fc8652c5821fa55af5,10,RISE,000000000000000000000011111111,204,198,182,/home/zhupl25/chiplet_side_channel/chiplet_gds_data/power_macro/delay_chain/ftc/runs/b_fe_frontend/bfe14_arch1_benign_temp_drift/physical/seed_41030/t_+125C/source_hspice,VALID,6,6,0,0
41030,51313437e0071309e73daffa0a73fca3ce6ee3f665745e02742add2cb2ffa023,125,a47522d223ca7148c306a44da11f67079a1cfe671bedd6fc8652c5821fa55af5,11,FALL,000000000000000000000011111111,204,198,182,/home/zhupl25/chiplet_side_channel/chiplet_gds_data/power_macro/delay_chain/ftc/runs/b_fe_frontend/bfe14_arch1_benign_temp_drift/physical/seed_41030/t_+125C/source_hspice,VALID,22,22,0,0
41030,51313437e0071309e73daffa0a73fca3ce6ee3f665745e02742add2cb2ffa023,125,a47522d223ca7148c306a44da11f67079a1cfe671bedd6fc8652c5821fa55af5,12,RISE,000000000000000000000011111111,204,198,182,/home/zhupl25/chiplet_side_channel/chiplet_gds_data/power_macro/delay_chain/ftc/runs/b_fe_frontend/bfe14_arch1_benign_temp_drift/physical/seed_41030/t_+125C/source_hspice,VALID,6,6,0,0
41030,51313437e0071309e73daffa0a73fca3ce6ee3f665745e02742add2cb2ffa023,125,a47522d223ca7148c306a44da11f67079a1cfe671bedd6fc8652c5821fa55af5,13,FALL,000000000000000000000011111111,204,198,182,/home/zhupl25/chiplet_side_channel/chiplet_gds_data/power_macro/delay_chain/ftc/runs/b_fe_frontend/bfe14_arch1_benign_temp_drift/physical/seed_41030/t_+125C/source_hspice,VALID,22,22,0,0
41030,51313437e0071309e73daffa0a73fca3ce6ee3f665745e02742add2cb2ffa023,125,a47522d223ca7148c306a44da11f67079a1cfe671bedd6fc8652c5821fa55af5,14,RISE,000000000000000000000011111111,204,198,182,/home/zhupl25/chiplet_side_channel/chiplet_gds_data/power_macro/delay_chain/ftc/runs/b_fe_frontend/bfe14_arch1_benign_temp_drift/physical/seed_41030/t_+125C/source_hspice,VALID,6,6,0,0
41030,51313437e0071309e73daffa0a73fca3ce6ee3f665745e02742add2cb2ffa023,125,a47522d223ca7148c306a44da11f67079a1cfe671bedd6fc8652c5821fa55af5,15,FALL,000000000000000000000011111111,204,198,182,/home/zhupl25/chiplet_side_channel/chiplet_gds_data/power_macro/delay_chain/ftc/runs/b_fe_frontend/bfe14_arch1_benign_temp_drift/physical/seed_41030/t_+125C/source_hspice,VALID,22,22,0,0
41030,51313437e0071309e73daffa0a73fca3ce6ee3f665745e02742add2cb2ffa023,125,a47522d223ca7148c306a44da11f67079a1cfe671bedd6fc8652c5821fa55af5,16,RISE,000000000000000000000011111111,204,198,182,/home/zhupl25/chiplet_side_channel/chiplet_gds_data/power_macro/delay_chain/ftc/runs/b_fe_frontend/bfe14_arch1_benign_temp_drift/physical/seed_41030/t_+125C/source_hspice,VALID,6,6,0,0
41030,51313437e0071309e73daffa0a73fca3ce6ee3f665745e02742add2cb2ffa023,125,a47522d223ca7148c306a44da11f67079a1cfe671bedd6fc8652c5821fa55af5,17,FALL,000000000000000000000011111111,204,198,182,/home/zhupl25/chiplet_side_channel/chiplet_gds_data/power_macro/delay_chain/ftc/runs/b_fe_frontend/bfe14_arch1_benign_temp_drift/physical/seed_41030/t_+125C/source_hspice,VALID,22,22,0,0
41030,51313437e0071309e73daffa0a73fca3ce6ee3f665745e02742add2cb2ffa023,125,a47522d223ca7148c306a44da11f67079a1cfe671bedd6fc8652c5821fa55af5,18,RISE,000000000000000000000011111111,204,198,182,/home/zhupl25/chiplet_side_channel/chiplet_gds_data/power_macro/delay_chain/ftc/runs/b_fe_frontend/bfe14_arch1_benign_temp_drift/physical/seed_41030/t_+125C/source_hspice,VALID,6,6,0,0
41030,51313437e0071309e73daffa0a73fca3ce6ee3f665745e02742add2cb2ffa023,125,a47522d223ca7148c306a44da11f67079a1cfe671bedd6fc8652c5821fa55af5,19,FALL,000000000000000000000011111111,204,198,182,/home/zhupl25/chiplet_side_channel/chiplet_gds_data/power_macro/delay_chain/ftc/runs/b_fe_frontend/bfe14_arch1_benign_temp_drift/physical/seed_41030/t_+125C/source_hspice,VALID,22,22,0,0
41030,51313437e0071309e73daffa0a73fca3ce6ee3f665745e02742add2cb2ffa023,125,a47522d223ca7148c306a44da11f67079a1cfe671bedd6fc8652c5821fa55af5,20,RISE,000000000000000000000011111111,204,198,182,/home/zhupl25/chiplet_side_channel/chiplet_gds_data/power_macro/delay_chain/ftc/runs/b_fe_frontend/bfe14_arch1_benign_temp_drift/physical/seed_41030/t_+125C/source_hspice,VALID,6,6,0,0
41030,51313437e0071309e73daffa0a73fca3ce6ee3f665745e02742add2cb2ffa023,125,a47522d223ca7148c306a44da11f67079a1cfe671bedd6fc8652c5821fa55af5,21,FALL,000000000000000000000011111111,204,198,182,/home/zhupl25/chiplet_side_channel/chiplet_gds_data/power_macro/delay_chain/ftc/runs/b_fe_frontend/bfe14_arch1_benign_temp_drift/physical/seed_41030/t_+125C/source_hspice,VALID,22,22,0,0
41030,51313437e0071309e73daffa0a73fca3ce6ee3f665745e02742add2cb2ffa023,125,a47522d223ca7148c306a44da11f67079a1cfe671bedd6fc8652c5821fa55af5,22,RISE,000000000000000000000011111111,204,198,182,/home/zhupl25/chiplet_side_channel/chiplet_gds_data/power_macro/delay_chain/ftc/runs/b_fe_frontend/bfe14_arch1_benign_temp_drift/physical/seed_41030/t_+125C/source_hspice,VALID,6,6,0,0
41030,51313437e0071309e73daffa0a73fca3ce6ee3f665745e02742add2cb2ffa023,125,a47522d223ca7148c306a44da11f67079a1cfe671bedd6fc8652c5821fa55af5,23,FALL,000000000000000000000011111111,204,198,182,/home/zhupl25/chiplet_side_channel/chiplet_gds_data/power_macro/delay_chain/ftc/runs/b_fe_frontend/bfe14_arch1_benign_temp_drift/physical/seed_41030/t_+125C/source_hspice,VALID,22,22,0,0
