seed,temperature_c,event_index,polarity,M_FF,M_REF_STARTUP_SELECTED,e_anchor,D_anchor,signed_alarm_18,signed_alarm_19,startup_abs_alarm,outside_T_TRACK_5,outside_B_TRACK_2,q_ff,source_run
41001,-40,0,RISE,182,198,-16,16,0,0,0,1,1,000000000000000000000001111111,/home/zhupl25/chiplet_side_channel/chiplet_gds_data/power_macro/delay_chain/ftc/runs/b_fe_frontend/bfe14_arch1_benign_temp_drift/physical/seed_41001/t_-040C/source_hspice
41001,-40,1,FALL,159,176,-17,17,0,0,0,1,1,000000000000000000000000111111,/home/zhupl25/chiplet_side_channel/chiplet_gds_data/power_macro/delay_chain/ftc/runs/b_fe_frontend/bfe14_arch1_benign_temp_drift/physical/seed_41001/t_-040C/source_hspice
41001,-40,2,RISE,182,198,-16,16,0,0,0,1,1,000000000000000000000001111111,/home/zhupl25/chiplet_side_channel/chiplet_gds_data/power_macro/delay_chain/ftc/runs/b_fe_frontend/bfe14_arch1_benign_temp_drift/physical/seed_41001/t_-040C/source_hspice
41001,-40,3,FALL,159,176,-17,17,0,0,0,1,1,000000000000000000000000111111,/home/zhupl25/chiplet_side_channel/chiplet_gds_data/power_macro/delay_chain/ftc/runs/b_fe_frontend/bfe14_arch1_benign_temp_drift/physical/seed_41001/t_-040C/source_hspice
41001,-40,4,RISE,182,198,-16,16,0,0,0,1,1,000000000000000000000001111111,/home/zhupl25/chiplet_side_channel/chiplet_gds_data/power_macro/delay_chain/ftc/runs/b_fe_frontend/bfe14_arch1_benign_temp_drift/physical/seed_41001/t_-040C/source_hspice
41001,-40,5,FALL,159,176,-17,17,0,0,0,1,1,000000000000000000000000111111,/home/zhupl25/chiplet_side_channel/chiplet_gds_data/power_macro/delay_chain/ftc/runs/b_fe_frontend/bfe14_arch1_benign_temp_drift/physical/seed_41001/t_-040C/source_hspice
41001,-40,6,RISE,182,198,-16,16,0,0,0,1,1,000000000000000000000001111111,/home/zhupl25/chiplet_side_channel/chiplet_gds_data/power_macro/delay_chain/ftc/runs/b_fe_frontend/bfe14_arch1_benign_temp_drift/physical/seed_41001/t_-040C/source_hspice
41001,-40,7,FALL,159,176,-17,17,0,0,0,1,1,000000000000000000000000111111,/home/zhupl25/chiplet_side_channel/chiplet_gds_data/power_macro/delay_chain/ftc/runs/b_fe_frontend/bfe14_arch1_benign_temp_drift/physical/seed_41001/t_-040C/source_hspice
41001,-40,8,RISE,182,198,-16,16,0,0,0,1,1,000000000000000000000001111111,/home/zhupl25/chiplet_side_channel/chiplet_gds_data/power_macro/delay_chain/ftc/runs/b_fe_frontend/bfe14_arch1_benign_temp_drift/physical/seed_41001/t_-040C/source_hspice
41001,-40,9,FALL,159,176,-17,17,0,0,0,1,1,000000000000000000000000111111,/home/zhupl25/chiplet_side_channel/chiplet_gds_data/power_macro/delay_chain/ftc/runs/b_fe_frontend/bfe14_arch1_benign_temp_drift/physical/seed_41001/t_-040C/source_hspice
41001,-40,10,RISE,182,198,-16,16,0,0,0,1,1,000000000000000000000001111111,/home/zhupl25/chiplet_side_channel/chiplet_gds_data/power_macro/delay_chain/ftc/runs/b_fe_frontend/bfe14_arch1_benign_temp_drift/physical/seed_41001/t_-040C/source_hspice
41001,-40,11,FALL,159,176,-17,17,0,0,0,1,1,000000000000000000000000111111,/home/zhupl25/chiplet_side_channel/chiplet_gds_data/power_macro/delay_chain/ftc/runs/b_fe_frontend/bfe14_arch1_benign_temp_drift/physical/seed_41001/t_-040C/source_hspice
41001,-40,12,RISE,182,198,-16,16,0,0,0,1,1,000000000000000000000001111111,/home/zhupl25/chiplet_side_channel/chiplet_gds_data/power_macro/delay_chain/ftc/runs/b_fe_frontend/bfe14_arch1_benign_temp_drift/physical/seed_41001/t_-040C/source_hspice
41001,-40,13,FALL,159,176,-17,17,0,0,0,1,1,000000000000000000000000111111,/home/zhupl25/chiplet_side_channel/chiplet_gds_data/power_macro/delay_chain/ftc/runs/b_fe_frontend/bfe14_arch1_benign_temp_drift/physical/seed_41001/t_-040C/source_hspice
41001,-40,14,RISE,182,198,-16,16,0,0,0,1,1,000000000000000000000001111111,/home/zhupl25/chiplet_side_channel/chiplet_gds_data/power_macro/delay_chain/ftc/runs/b_fe_frontend/bfe14_arch1_benign_temp_drift/physical/seed_41001/t_-040C/source_hspice
41001,-40,15,FALL,159,176,-17,17,0,0,0,1,1,000000000000000000000000111111,/home/zhupl25/chiplet_side_channel/chiplet_gds_data/power_macro/delay_chain/ftc/runs/b_fe_frontend/bfe14_arch1_benign_temp_drift/physical/seed_41001/t_-040C/source_hspice
41001,-40,16,RISE,182,198,-16,16,0,0,0,1,1,000000000000000000000001111111,/home/zhupl25/chiplet_side_channel/chiplet_gds_data/power_macro/delay_chain/ftc/runs/b_fe_frontend/bfe14_arch1_benign_temp_drift/physical/seed_41001/t_-040C/source_hspice
41001,-40,17,FALL,159,176,-17,17,0,0,0,1,1,000000000000000000000000111111,/home/zhupl25/chiplet_side_channel/chiplet_gds_data/power_macro/delay_chain/ftc/runs/b_fe_frontend/bfe14_arch1_benign_temp_drift/physical/seed_41001/t_-040C/source_hspice
41001,-40,18,RISE,182,198,-16,16,0,0,0,1,1,000000000000000000000001111111,/home/zhupl25/chiplet_side_channel/chiplet_gds_data/power_macro/delay_chain/ftc/runs/b_fe_frontend/bfe14_arch1_benign_temp_drift/physical/seed_41001/t_-040C/source_hspice
41001,-40,19,FALL,159,176,-17,17,0,0,0,1,1,000000000000000000000000111111,/home/zhupl25/chiplet_side_channel/chiplet_gds_data/power_macro/delay_chain/ftc/runs/b_fe_frontend/bfe14_arch1_benign_temp_drift/physical/seed_41001/t_-040C/source_hspice
41001,-40,20,RISE,182,198,-16,16,0,0,0,1,1,000000000000000000000001111111,/home/zhupl25/chiplet_side_channel/chiplet_gds_data/power_macro/delay_chain/ftc/runs/b_fe_frontend/bfe14_arch1_benign_temp_drift/physical/seed_41001/t_-040C/source_hspice
41001,-40,21,FALL,135,176,-41,41,0,0,1,1,1,000000000000000000000000011111,/home/zhupl25/chiplet_side_channel/chiplet_gds_data/power_macro/delay_chain/ftc/runs/b_fe_frontend/bfe14_arch1_benign_temp_drift/physical/seed_41001/t_-040C/source_hspice
41001,-40,22,RISE,182,198,-16,16,0,0,0,1,1,000000000000000000000001111111,/home/zhupl25/chiplet_side_channel/chiplet_gds_data/power_macro/delay_chain/ftc/runs/b_fe_frontend/bfe14_arch1_benign_temp_drift/physical/seed_41001/t_-040C/source_hspice
41001,-40,23,FALL,159,176,-17,17,0,0,0,1,1,000000000000000000000000111111,/home/zhupl25/chiplet_side_channel/chiplet_gds_data/power_macro/delay_chain/ftc/runs/b_fe_frontend/bfe14_arch1_benign_temp_drift/physical/seed_41001/t_-040C/source_hspice
41001,125,0,RISE,204,198,6,6,0,0,0,1,1,000000000000000000000011111111,/home/zhupl25/chiplet_side_channel/chiplet_gds_data/power_macro/delay_chain/ftc/runs/b_fe_frontend/bfe14_arch1_benign_temp_drift/physical/seed_41001/t_+125C/source_hspice
41001,125,1,FALL,204,176,28,28,0,0,1,1,1,000000000000000000000011111111,/home/zhupl25/chiplet_side_channel/chiplet_gds_data/power_macro/delay_chain/ftc/runs/b_fe_frontend/bfe14_arch1_benign_temp_drift/physical/seed_41001/t_+125C/source_hspice
41001,125,2,RISE,204,198,6,6,0,0,0,1,1,000000000000000000000011111111,/home/zhupl25/chiplet_side_channel/chiplet_gds_data/power_macro/delay_chain/ftc/runs/b_fe_frontend/bfe14_arch1_benign_temp_drift/physical/seed_41001/t_+125C/source_hspice
41001,125,3,FALL,204,176,28,28,0,0,1,1,1,000000000000000000000011111111,/home/zhupl25/chiplet_side_channel/chiplet_gds_data/power_macro/delay_chain/ftc/runs/b_fe_frontend/bfe14_arch1_benign_temp_drift/physical/seed_41001/t_+125C/source_hspice
41001,125,4,RISE,225,198,27,27,1,1,1,1,1,000000000000000000000111111111,/home/zhupl25/chiplet_side_channel/chiplet_gds_data/power_macro/delay_chain/ftc/runs/b_fe_frontend/bfe14_arch1_benign_temp_drift/physical/seed_41001/t_+125C/source_hspice
41001,125,5,FALL,204,176,28,28,0,0,1,1,1,000000000000000000000011111111,/home/zhupl25/chiplet_side_channel/chiplet_gds_data/power_macro/delay_chain/ftc/runs/b_fe_frontend/bfe14_arch1_benign_temp_drift/physical/seed_41001/t_+125C/source_hspice
41001,125,6,RISE,204,198,6,6,0,0,0,1,1,000000000000000000000011111111,/home/zhupl25/chiplet_side_channel/chiplet_gds_data/power_macro/delay_chain/ftc/runs/b_fe_frontend/bfe14_arch1_benign_temp_drift/physical/seed_41001/t_+125C/source_hspice
41001,125,7,FALL,204,176,28,28,0,0,1,1,1,000000000000000000000011111111,/home/zhupl25/chiplet_side_channel/chiplet_gds_data/power_macro/delay_chain/ftc/runs/b_fe_frontend/bfe14_arch1_benign_temp_drift/physical/seed_41001/t_+125C/source_hspice
41001,125,8,RISE,204,198,6,6,0,0,0,1,1,000000000000000000000011111111,/home/zhupl25/chiplet_side_channel/chiplet_gds_data/power_macro/delay_chain/ftc/runs/b_fe_frontend/bfe14_arch1_benign_temp_drift/physical/seed_41001/t_+125C/source_hspice
41001,125,9,FALL,204,176,28,28,0,0,1,1,1,000000000000000000000011111111,/home/zhupl25/chiplet_side_channel/chiplet_gds_data/power_macro/delay_chain/ftc/runs/b_fe_frontend/bfe14_arch1_benign_temp_drift/physical/seed_41001/t_+125C/source_hspice
41001,125,10,RISE,204,198,6,6,0,0,0,1,1,000000000000000000000011111111,/home/zhupl25/chiplet_side_channel/chiplet_gds_data/power_macro/delay_chain/ftc/runs/b_fe_frontend/bfe14_arch1_benign_temp_drift/physical/seed_41001/t_+125C/source_hspice
41001,125,11,FALL,204,176,28,28,0,0,1,1,1,000000000000000000000011111111,/home/zhupl25/chiplet_side_channel/chiplet_gds_data/power_macro/delay_chain/ftc/runs/b_fe_frontend/bfe14_arch1_benign_temp_drift/physical/seed_41001/t_+125C/source_hspice
41001,125,12,RISE,204,198,6,6,0,0,0,1,1,000000000000000000000011111111,/home/zhupl25/chiplet_side_channel/chiplet_gds_data/power_macro/delay_chain/ftc/runs/b_fe_frontend/bfe14_arch1_benign_temp_drift/physical/seed_41001/t_+125C/source_hspice
41001,125,13,FALL,204,176,28,28,0,0,1,1,1,000000000000000000000011111111,/home/zhupl25/chiplet_side_channel/chiplet_gds_data/power_macro/delay_chain/ftc/runs/b_fe_frontend/bfe14_arch1_benign_temp_drift/physical/seed_41001/t_+125C/source_hspice
41001,125,14,RISE,204,198,6,6,0,0,0,1,1,000000000000000000000011111111,/home/zhupl25/chiplet_side_channel/chiplet_gds_data/power_macro/delay_chain/ftc/runs/b_fe_frontend/bfe14_arch1_benign_temp_drift/physical/seed_41001/t_+125C/source_hspice
41001,125,15,FALL,204,176,28,28,0,0,1,1,1,000000000000000000000011111111,/home/zhupl25/chiplet_side_channel/chiplet_gds_data/power_macro/delay_chain/ftc/runs/b_fe_frontend/bfe14_arch1_benign_temp_drift/physical/seed_41001/t_+125C/source_hspice
41001,125,16,RISE,204,198,6,6,0,0,0,1,1,000000000000000000000011111111,/home/zhupl25/chiplet_side_channel/chiplet_gds_data/power_macro/delay_chain/ftc/runs/b_fe_frontend/bfe14_arch1_benign_temp_drift/physical/seed_41001/t_+125C/source_hspice
41001,125,17,FALL,204,176,28,28,0,0,1,1,1,000000000000000000000011111111,/home/zhupl25/chiplet_side_channel/chiplet_gds_data/power_macro/delay_chain/ftc/runs/b_fe_frontend/bfe14_arch1_benign_temp_drift/physical/seed_41001/t_+125C/source_hspice
41001,125,18,RISE,204,198,6,6,0,0,0,1,1,000000000000000000000011111111,/home/zhupl25/chiplet_side_channel/chiplet_gds_data/power_macro/delay_chain/ftc/runs/b_fe_frontend/bfe14_arch1_benign_temp_drift/physical/seed_41001/t_+125C/source_hspice
41001,125,19,FALL,204,176,28,28,0,0,1,1,1,000000000000000000000011111111,/home/zhupl25/chiplet_side_channel/chiplet_gds_data/power_macro/delay_chain/ftc/runs/b_fe_frontend/bfe14_arch1_benign_temp_drift/physical/seed_41001/t_+125C/source_hspice
41001,125,20,RISE,204,198,6,6,0,0,0,1,1,000000000000000000000011111111,/home/zhupl25/chiplet_side_channel/chiplet_gds_data/power_macro/delay_chain/ftc/runs/b_fe_frontend/bfe14_arch1_benign_temp_drift/physical/seed_41001/t_+125C/source_hspice
41001,125,21,FALL,182,176,6,6,0,0,0,1,1,000000000000000000000001111111,/home/zhupl25/chiplet_side_channel/chiplet_gds_data/power_macro/delay_chain/ftc/runs/b_fe_frontend/bfe14_arch1_benign_temp_drift/physical/seed_41001/t_+125C/source_hspice
41001,125,22,RISE,204,198,6,6,0,0,0,1,1,000000000000000000000011111111,/home/zhupl25/chiplet_side_channel/chiplet_gds_data/power_macro/delay_chain/ftc/runs/b_fe_frontend/bfe14_arch1_benign_temp_drift/physical/seed_41001/t_+125C/source_hspice
41001,125,23,FALL,204,176,28,28,0,0,1,1,1,000000000000000000000011111111,/home/zhupl25/chiplet_side_channel/chiplet_gds_data/power_macro/delay_chain/ftc/runs/b_fe_frontend/bfe14_arch1_benign_temp_drift/physical/seed_41001/t_+125C/source_hspice
41002,-40,0,RISE,182,198,-16,16,0,0,0,1,1,000000000000000000000001111111,/home/zhupl25/chiplet_side_channel/chiplet_gds_data/power_macro/delay_chain/ftc/runs/b_fe_frontend/bfe14_arch1_benign_temp_drift/physical/seed_41002/t_-040C/source_hspice
41002,-40,1,FALL,159,182,-23,23,0,0,0,1,1,000000000000000000000000111111,/home/zhupl25/chiplet_side_channel/chiplet_gds_data/power_macro/delay_chain/ftc/runs/b_fe_frontend/bfe14_arch1_benign_temp_drift/physical/seed_41002/t_-040C/source_hspice
41002,-40,2,RISE,182,198,-16,16,0,0,0,1,1,000000000000000000000001111111,/home/zhupl25/chiplet_side_channel/chiplet_gds_data/power_macro/delay_chain/ftc/runs/b_fe_frontend/bfe14_arch1_benign_temp_drift/physical/seed_41002/t_-040C/source_hspice
41002,-40,3,FALL,159,182,-23,23,0,0,0,1,1,000000000000000000000000111111,/home/zhupl25/chiplet_side_channel/chiplet_gds_data/power_macro/delay_chain/ftc/runs/b_fe_frontend/bfe14_arch1_benign_temp_drift/physical/seed_41002/t_-040C/source_hspice
41002,-40,4,RISE,182,198,-16,16,0,0,0,1,1,000000000000000000000001111111,/home/zhupl25/chiplet_side_channel/chiplet_gds_data/power_macro/delay_chain/ftc/runs/b_fe_frontend/bfe14_arch1_benign_temp_drift/physical/seed_41002/t_-040C/source_hspice
41002,-40,5,FALL,159,182,-23,23,0,0,0,1,1,000000000000000000000000111111,/home/zhupl25/chiplet_side_channel/chiplet_gds_data/power_macro/delay_chain/ftc/runs/b_fe_frontend/bfe14_arch1_benign_temp_drift/physical/seed_41002/t_-040C/source_hspice
41002,-40,6,RISE,182,198,-16,16,0,0,0,1,1,000000000000000000000001111111,/home/zhupl25/chiplet_side_channel/chiplet_gds_data/power_macro/delay_chain/ftc/runs/b_fe_frontend/bfe14_arch1_benign_temp_drift/physical/seed_41002/t_-040C/source_hspice
41002,-40,7,FALL,159,182,-23,23,0,0,0,1,1,000000000000000000000000111111,/home/zhupl25/chiplet_side_channel/chiplet_gds_data/power_macro/delay_chain/ftc/runs/b_fe_frontend/bfe14_arch1_benign_temp_drift/physical/seed_41002/t_-040C/source_hspice
41002,-40,8,RISE,182,198,-16,16,0,0,0,1,1,000000000000000000000001111111,/home/zhupl25/chiplet_side_channel/chiplet_gds_data/power_macro/delay_chain/ftc/runs/b_fe_frontend/bfe14_arch1_benign_temp_drift/physical/seed_41002/t_-040C/source_hspice
41002,-40,9,FALL,159,182,-23,23,0,0,0,1,1,000000000000000000000000111111,/home/zhupl25/chiplet_side_channel/chiplet_gds_data/power_macro/delay_chain/ftc/runs/b_fe_frontend/bfe14_arch1_benign_temp_drift/physical/seed_41002/t_-040C/source_hspice
41002,-40,10,RISE,182,198,-16,16,0,0,0,1,1,000000000000000000000001111111,/home/zhupl25/chiplet_side_channel/chiplet_gds_data/power_macro/delay_chain/ftc/runs/b_fe_frontend/bfe14_arch1_benign_temp_drift/physical/seed_41002/t_-040C/source_hspice
41002,-40,11,FALL,159,182,-23,23,0,0,0,1,1,000000000000000000000000111111,/home/zhupl25/chiplet_side_channel/chiplet_gds_data/power_macro/delay_chain/ftc/runs/b_fe_frontend/bfe14_arch1_benign_temp_drift/physical/seed_41002/t_-040C/source_hspice
41002,-40,12,RISE,182,198,-16,16,0,0,0,1,1,000000000000000000000001111111,/home/zhupl25/chiplet_side_channel/chiplet_gds_data/power_macro/delay_chain/ftc/runs/b_fe_frontend/bfe14_arch1_benign_temp_drift/physical/seed_41002/t_-040C/source_hspice
41002,-40,13,FALL,159,182,-23,23,0,0,0,1,1,000000000000000000000000111111,/home/zhupl25/chiplet_side_channel/chiplet_gds_data/power_macro/delay_chain/ftc/runs/b_fe_frontend/bfe14_arch1_benign_temp_drift/physical/seed_41002/t_-040C/source_hspice
41002,-40,14,RISE,182,198,-16,16,0,0,0,1,1,000000000000000000000001111111,/home/zhupl25/chiplet_side_channel/chiplet_gds_data/power_macro/delay_chain/ftc/runs/b_fe_frontend/bfe14_arch1_benign_temp_drift/physical/seed_41002/t_-040C/source_hspice
41002,-40,15,FALL,159,182,-23,23,0,0,0,1,1,000000000000000000000000111111,/home/zhupl25/chiplet_side_channel/chiplet_gds_data/power_macro/delay_chain/ftc/runs/b_fe_frontend/bfe14_arch1_benign_temp_drift/physical/seed_41002/t_-040C/source_hspice
41002,-40,16,RISE,182,198,-16,16,0,0,0,1,1,000000000000000000000001111111,/home/zhupl25/chiplet_side_channel/chiplet_gds_data/power_macro/delay_chain/ftc/runs/b_fe_frontend/bfe14_arch1_benign_temp_drift/physical/seed_41002/t_-040C/source_hspice
41002,-40,17,FALL,159,182,-23,23,0,0,0,1,1,000000000000000000000000111111,/home/zhupl25/chiplet_side_channel/chiplet_gds_data/power_macro/delay_chain/ftc/runs/b_fe_frontend/bfe14_arch1_benign_temp_drift/physical/seed_41002/t_-040C/source_hspice
41002,-40,18,RISE,182,198,-16,16,0,0,0,1,1,000000000000000000000001111111,/home/zhupl25/chiplet_side_channel/chiplet_gds_data/power_macro/delay_chain/ftc/runs/b_fe_frontend/bfe14_arch1_benign_temp_drift/physical/seed_41002/t_-040C/source_hspice
41002,-40,19,FALL,159,182,-23,23,0,0,0,1,1,000000000000000000000000111111,/home/zhupl25/chiplet_side_channel/chiplet_gds_data/power_macro/delay_chain/ftc/runs/b_fe_frontend/bfe14_arch1_benign_temp_drift/physical/seed_41002/t_-040C/source_hspice
41002,-40,20,RISE,182,198,-16,16,0,0,0,1,1,000000000000000000000001111111,/home/zhupl25/chiplet_side_channel/chiplet_gds_data/power_macro/delay_chain/ftc/runs/b_fe_frontend/bfe14_arch1_benign_temp_drift/physical/seed_41002/t_-040C/source_hspice
41002,-40,21,FALL,159,182,-23,23,0,0,0,1,1,000000000000000000000000111111,/home/zhupl25/chiplet_side_channel/chiplet_gds_data/power_macro/delay_chain/ftc/runs/b_fe_frontend/bfe14_arch1_benign_temp_drift/physical/seed_41002/t_-040C/source_hspice
41002,-40,22,RISE,182,198,-16,16,0,0,0,1,1,000000000000000000000001111111,/home/zhupl25/chiplet_side_channel/chiplet_gds_data/power_macro/delay_chain/ftc/runs/b_fe_frontend/bfe14_arch1_benign_temp_drift/physical/seed_41002/t_-040C/source_hspice
41002,-40,23,FALL,159,182,-23,23,0,0,0,1,1,000000000000000000000000111111,/home/zhupl25/chiplet_side_channel/chiplet_gds_data/power_macro/delay_chain/ftc/runs/b_fe_frontend/bfe14_arch1_benign_temp_drift/physical/seed_41002/t_-040C/source_hspice
41002,125,0,RISE,204,198,6,6,0,0,0,1,1,000000000000000000000011111111,/home/zhupl25/chiplet_side_channel/chiplet_gds_data/power_macro/delay_chain/ftc/runs/b_fe_frontend/bfe14_arch1_benign_temp_drift/physical/seed_41002/t_+125C/source_hspice
41002,125,1,FALL,204,182,22,22,0,0,0,1,1,000000000000000000000011111111,/home/zhupl25/chiplet_side_channel/chiplet_gds_data/power_macro/delay_chain/ftc/runs/b_fe_frontend/bfe14_arch1_benign_temp_drift/physical/seed_41002/t_+125C/source_hspice
41002,125,2,RISE,204,198,6,6,0,0,0,1,1,000000000000000000000011111111,/home/zhupl25/chiplet_side_channel/chiplet_gds_data/power_macro/delay_chain/ftc/runs/b_fe_frontend/bfe14_arch1_benign_temp_drift/physical/seed_41002/t_+125C/source_hspice
41002,125,3,FALL,204,182,22,22,0,0,0,1,1,000000000000000000000011111111,/home/zhupl25/chiplet_side_channel/chiplet_gds_data/power_macro/delay_chain/ftc/runs/b_fe_frontend/bfe14_arch1_benign_temp_drift/physical/seed_41002/t_+125C/source_hspice
41002,125,4,RISE,225,198,27,27,1,1,1,1,1,000000000000000000000111111111,/home/zhupl25/chiplet_side_channel/chiplet_gds_data/power_macro/delay_chain/ftc/runs/b_fe_frontend/bfe14_arch1_benign_temp_drift/physical/seed_41002/t_+125C/source_hspice
41002,125,5,FALL,204,182,22,22,0,0,0,1,1,000000000000000000000011111111,/home/zhupl25/chiplet_side_channel/chiplet_gds_data/power_macro/delay_chain/ftc/runs/b_fe_frontend/bfe14_arch1_benign_temp_drift/physical/seed_41002/t_+125C/source_hspice
41002,125,6,RISE,204,198,6,6,0,0,0,1,1,000000000000000000000011111111,/home/zhupl25/chiplet_side_channel/chiplet_gds_data/power_macro/delay_chain/ftc/runs/b_fe_frontend/bfe14_arch1_benign_temp_drift/physical/seed_41002/t_+125C/source_hspice
41002,125,7,FALL,204,182,22,22,0,0,0,1,1,000000000000000000000011111111,/home/zhupl25/chiplet_side_channel/chiplet_gds_data/power_macro/delay_chain/ftc/runs/b_fe_frontend/bfe14_arch1_benign_temp_drift/physical/seed_41002/t_+125C/source_hspice
41002,125,8,RISE,204,198,6,6,0,0,0,1,1,000000000000000000000011111111,/home/zhupl25/chiplet_side_channel/chiplet_gds_data/power_macro/delay_chain/ftc/runs/b_fe_frontend/bfe14_arch1_benign_temp_drift/physical/seed_41002/t_+125C/source_hspice
41002,125,9,FALL,204,182,22,22,0,0,0,1,1,000000000000000000000011111111,/home/zhupl25/chiplet_side_channel/chiplet_gds_data/power_macro/delay_chain/ftc/runs/b_fe_frontend/bfe14_arch1_benign_temp_drift/physical/seed_41002/t_+125C/source_hspice
41002,125,10,RISE,204,198,6,6,0,0,0,1,1,000000000000000000000011111111,/home/zhupl25/chiplet_side_channel/chiplet_gds_data/power_macro/delay_chain/ftc/runs/b_fe_frontend/bfe14_arch1_benign_temp_drift/physical/seed_41002/t_+125C/source_hspice
41002,125,11,FALL,204,182,22,22,0,0,0,1,1,000000000000000000000011111111,/home/zhupl25/chiplet_side_channel/chiplet_gds_data/power_macro/delay_chain/ftc/runs/b_fe_frontend/bfe14_arch1_benign_temp_drift/physical/seed_41002/t_+125C/source_hspice
41002,125,12,RISE,204,198,6,6,0,0,0,1,1,000000000000000000000011111111,/home/zhupl25/chiplet_side_channel/chiplet_gds_data/power_macro/delay_chain/ftc/runs/b_fe_frontend/bfe14_arch1_benign_temp_drift/physical/seed_41002/t_+125C/source_hspice
41002,125,13,FALL,204,182,22,22,0,0,0,1,1,000000000000000000000011111111,/home/zhupl25/chiplet_side_channel/chiplet_gds_data/power_macro/delay_chain/ftc/runs/b_fe_frontend/bfe14_arch1_benign_temp_drift/physical/seed_41002/t_+125C/source_hspice
41002,125,14,RISE,204,198,6,6,0,0,0,1,1,000000000000000000000011111111,/home/zhupl25/chiplet_side_channel/chiplet_gds_data/power_macro/delay_chain/ftc/runs/b_fe_frontend/bfe14_arch1_benign_temp_drift/physical/seed_41002/t_+125C/source_hspice
41002,125,15,FALL,204,182,22,22,0,0,0,1,1,000000000000000000000011111111,/home/zhupl25/chiplet_side_channel/chiplet_gds_data/power_macro/delay_chain/ftc/runs/b_fe_frontend/bfe14_arch1_benign_temp_drift/physical/seed_41002/t_+125C/source_hspice
41002,125,16,RISE,204,198,6,6,0,0,0,1,1,000000000000000000000011111111,/home/zhupl25/chiplet_side_channel/chiplet_gds_data/power_macro/delay_chain/ftc/runs/b_fe_frontend/bfe14_arch1_benign_temp_drift/physical/seed_41002/t_+125C/source_hspice
41002,125,17,FALL,204,182,22,22,0,0,0,1,1,000000000000000000000011111111,/home/zhupl25/chiplet_side_channel/chiplet_gds_data/power_macro/delay_chain/ftc/runs/b_fe_frontend/bfe14_arch1_benign_temp_drift/physical/seed_41002/t_+125C/source_hspice
41002,125,18,RISE,204,198,6,6,0,0,0,1,1,000000000000000000000011111111,/home/zhupl25/chiplet_side_channel/chiplet_gds_data/power_macro/delay_chain/ftc/runs/b_fe_frontend/bfe14_arch1_benign_temp_drift/physical/seed_41002/t_+125C/source_hspice
41002,125,19,FALL,204,182,22,22,0,0,0,1,1,000000000000000000000011111111,/home/zhupl25/chiplet_side_channel/chiplet_gds_data/power_macro/delay_chain/ftc/runs/b_fe_frontend/bfe14_arch1_benign_temp_drift/physical/seed_41002/t_+125C/source_hspice
41002,125,20,RISE,204,198,6,6,0,0,0,1,1,000000000000000000000011111111,/home/zhupl25/chiplet_side_channel/chiplet_gds_data/power_macro/delay_chain/ftc/runs/b_fe_frontend/bfe14_arch1_benign_temp_drift/physical/seed_41002/t_+125C/source_hspice
41002,125,21,FALL,204,182,22,22,0,0,0,1,1,000000000000000000000011111111,/home/zhupl25/chiplet_side_channel/chiplet_gds_data/power_macro/delay_chain/ftc/runs/b_fe_frontend/bfe14_arch1_benign_temp_drift/physical/seed_41002/t_+125C/source_hspice
41002,125,22,RISE,204,198,6,6,0,0,0,1,1,000000000000000000000011111111,/home/zhupl25/chiplet_side_channel/chiplet_gds_data/power_macro/delay_chain/ftc/runs/b_fe_frontend/bfe14_arch1_benign_temp_drift/physical/seed_41002/t_+125C/source_hspice
41002,125,23,FALL,204,182,22,22,0,0,0,1,1,000000000000000000000011111111,/home/zhupl25/chiplet_side_channel/chiplet_gds_data/power_macro/delay_chain/ftc/runs/b_fe_frontend/bfe14_arch1_benign_temp_drift/physical/seed_41002/t_+125C/source_hspice
41003,-40,0,RISE,135,159,-24,24,0,0,1,1,1,000000000000000000000000011111,/home/zhupl25/chiplet_side_channel/chiplet_gds_data/power_macro/delay_chain/ftc/runs/b_fe_frontend/bfe14_arch1_benign_temp_drift/physical/seed_41003/t_-040C/source_hspice
41003,-40,1,FALL,84,128,-44,44,0,0,1,1,1,000000000000000000000000000111,/home/zhupl25/chiplet_side_channel/chiplet_gds_data/power_macro/delay_chain/ftc/runs/b_fe_frontend/bfe14_arch1_benign_temp_drift/physical/seed_41003/t_-040C/source_hspice
41003,-40,2,RISE,135,159,-24,24,0,0,1,1,1,000000000000000000000000011111,/home/zhupl25/chiplet_side_channel/chiplet_gds_data/power_macro/delay_chain/ftc/runs/b_fe_frontend/bfe14_arch1_benign_temp_drift/physical/seed_41003/t_-040C/source_hspice
41003,-40,3,FALL,84,128,-44,44,0,0,1,1,1,000000000000000000000000000111,/home/zhupl25/chiplet_side_channel/chiplet_gds_data/power_macro/delay_chain/ftc/runs/b_fe_frontend/bfe14_arch1_benign_temp_drift/physical/seed_41003/t_-040C/source_hspice
41003,-40,4,RISE,135,159,-24,24,0,0,1,1,1,000000000000000000000000011111,/home/zhupl25/chiplet_side_channel/chiplet_gds_data/power_macro/delay_chain/ftc/runs/b_fe_frontend/bfe14_arch1_benign_temp_drift/physical/seed_41003/t_-040C/source_hspice
41003,-40,5,FALL,84,128,-44,44,0,0,1,1,1,000000000000000000000000000111,/home/zhupl25/chiplet_side_channel/chiplet_gds_data/power_macro/delay_chain/ftc/runs/b_fe_frontend/bfe14_arch1_benign_temp_drift/physical/seed_41003/t_-040C/source_hspice
41003,-40,6,RISE,135,159,-24,24,0,0,1,1,1,000000000000000000000000011111,/home/zhupl25/chiplet_side_channel/chiplet_gds_data/power_macro/delay_chain/ftc/runs/b_fe_frontend/bfe14_arch1_benign_temp_drift/physical/seed_41003/t_-040C/source_hspice
41003,-40,7,FALL,84,128,-44,44,0,0,1,1,1,000000000000000000000000000111,/home/zhupl25/chiplet_side_channel/chiplet_gds_data/power_macro/delay_chain/ftc/runs/b_fe_frontend/bfe14_arch1_benign_temp_drift/physical/seed_41003/t_-040C/source_hspice
41003,-40,8,RISE,135,159,-24,24,0,0,1,1,1,000000000000000000000000011111,/home/zhupl25/chiplet_side_channel/chiplet_gds_data/power_macro/delay_chain/ftc/runs/b_fe_frontend/bfe14_arch1_benign_temp_drift/physical/seed_41003/t_-040C/source_hspice
41003,-40,9,FALL,84,128,-44,44,0,0,1,1,1,000000000000000000000000000111,/home/zhupl25/chiplet_side_channel/chiplet_gds_data/power_macro/delay_chain/ftc/runs/b_fe_frontend/bfe14_arch1_benign_temp_drift/physical/seed_41003/t_-040C/source_hspice
41003,-40,10,RISE,135,159,-24,24,0,0,1,1,1,000000000000000000000000011111,/home/zhupl25/chiplet_side_channel/chiplet_gds_data/power_macro/delay_chain/ftc/runs/b_fe_frontend/bfe14_arch1_benign_temp_drift/physical/seed_41003/t_-040C/source_hspice
41003,-40,11,FALL,84,128,-44,44,0,0,1,1,1,000000000000000000000000000111,/home/zhupl25/chiplet_side_channel/chiplet_gds_data/power_macro/delay_chain/ftc/runs/b_fe_frontend/bfe14_arch1_benign_temp_drift/physical/seed_41003/t_-040C/source_hspice
41003,-40,12,RISE,135,159,-24,24,0,0,1,1,1,000000000000000000000000011111,/home/zhupl25/chiplet_side_channel/chiplet_gds_data/power_macro/delay_chain/ftc/runs/b_fe_frontend/bfe14_arch1_benign_temp_drift/physical/seed_41003/t_-040C/source_hspice
41003,-40,13,FALL,84,128,-44,44,0,0,1,1,1,000000000000000000000000000111,/home/zhupl25/chiplet_side_channel/chiplet_gds_data/power_macro/delay_chain/ftc/runs/b_fe_frontend/bfe14_arch1_benign_temp_drift/physical/seed_41003/t_-040C/source_hspice
41003,-40,14,RISE,135,159,-24,24,0,0,1,1,1,000000000000000000000000011111,/home/zhupl25/chiplet_side_channel/chiplet_gds_data/power_macro/delay_chain/ftc/runs/b_fe_frontend/bfe14_arch1_benign_temp_drift/physical/seed_41003/t_-040C/source_hspice
41003,-40,15,FALL,84,128,-44,44,0,0,1,1,1,000000000000000000000000000111,/home/zhupl25/chiplet_side_channel/chiplet_gds_data/power_macro/delay_chain/ftc/runs/b_fe_frontend/bfe14_arch1_benign_temp_drift/physical/seed_41003/t_-040C/source_hspice
41003,-40,16,RISE,135,159,-24,24,0,0,1,1,1,000000000000000000000000011111,/home/zhupl25/chiplet_side_channel/chiplet_gds_data/power_macro/delay_chain/ftc/runs/b_fe_frontend/bfe14_arch1_benign_temp_drift/physical/seed_41003/t_-040C/source_hspice
41003,-40,17,FALL,84,128,-44,44,0,0,1,1,1,000000000000000000000000000111,/home/zhupl25/chiplet_side_channel/chiplet_gds_data/power_macro/delay_chain/ftc/runs/b_fe_frontend/bfe14_arch1_benign_temp_drift/physical/seed_41003/t_-040C/source_hspice
41003,-40,18,RISE,135,159,-24,24,0,0,1,1,1,000000000000000000000000011111,/home/zhupl25/chiplet_side_channel/chiplet_gds_data/power_macro/delay_chain/ftc/runs/b_fe_frontend/bfe14_arch1_benign_temp_drift/physical/seed_41003/t_-040C/source_hspice
41003,-40,19,FALL,84,128,-44,44,0,0,1,1,1,000000000000000000000000000111,/home/zhupl25/chiplet_side_channel/chiplet_gds_data/power_macro/delay_chain/ftc/runs/b_fe_frontend/bfe14_arch1_benign_temp_drift/physical/seed_41003/t_-040C/source_hspice
41003,-40,20,RISE,135,159,-24,24,0,0,1,1,1,000000000000000000000000011111,/home/zhupl25/chiplet_side_channel/chiplet_gds_data/power_macro/delay_chain/ftc/runs/b_fe_frontend/bfe14_arch1_benign_temp_drift/physical/seed_41003/t_-040C/source_hspice
41003,-40,21,FALL,84,128,-44,44,0,0,1,1,1,000000000000000000000000000111,/home/zhupl25/chiplet_side_channel/chiplet_gds_data/power_macro/delay_chain/ftc/runs/b_fe_frontend/bfe14_arch1_benign_temp_drift/physical/seed_41003/t_-040C/source_hspice
41003,-40,22,RISE,135,159,-24,24,0,0,1,1,1,000000000000000000000000011111,/home/zhupl25/chiplet_side_channel/chiplet_gds_data/power_macro/delay_chain/ftc/runs/b_fe_frontend/bfe14_arch1_benign_temp_drift/physical/seed_41003/t_-040C/source_hspice
41003,-40,23,FALL,84,128,-44,44,0,0,1,1,1,000000000000000000000000000111,/home/zhupl25/chiplet_side_channel/chiplet_gds_data/power_macro/delay_chain/ftc/runs/b_fe_frontend/bfe14_arch1_benign_temp_drift/physical/seed_41003/t_-040C/source_hspice
41003,125,0,RISE,204,159,45,45,1,1,1,1,1,000000000000000000000011111111,/home/zhupl25/chiplet_side_channel/chiplet_gds_data/power_macro/delay_chain/ftc/runs/b_fe_frontend/bfe14_arch1_benign_temp_drift/physical/seed_41003/t_+125C/source_hspice
41003,125,1,FALL,159,128,31,31,0,0,1,1,1,000000000000000000000000111111,/home/zhupl25/chiplet_side_channel/chiplet_gds_data/power_macro/delay_chain/ftc/runs/b_fe_frontend/bfe14_arch1_benign_temp_drift/physical/seed_41003/t_+125C/source_hspice
41003,125,2,RISE,204,159,45,45,1,1,1,1,1,000000000000000000000011111111,/home/zhupl25/chiplet_side_channel/chiplet_gds_data/power_macro/delay_chain/ftc/runs/b_fe_frontend/bfe14_arch1_benign_temp_drift/physical/seed_41003/t_+125C/source_hspice
41003,125,3,FALL,159,128,31,31,0,0,1,1,1,000000000000000000000000111111,/home/zhupl25/chiplet_side_channel/chiplet_gds_data/power_macro/delay_chain/ftc/runs/b_fe_frontend/bfe14_arch1_benign_temp_drift/physical/seed_41003/t_+125C/source_hspice
41003,125,4,RISE,204,159,45,45,1,1,1,1,1,000000000000000000000011111111,/home/zhupl25/chiplet_side_channel/chiplet_gds_data/power_macro/delay_chain/ftc/runs/b_fe_frontend/bfe14_arch1_benign_temp_drift/physical/seed_41003/t_+125C/source_hspice
41003,125,5,FALL,159,128,31,31,0,0,1,1,1,000000000000000000000000111111,/home/zhupl25/chiplet_side_channel/chiplet_gds_data/power_macro/delay_chain/ftc/runs/b_fe_frontend/bfe14_arch1_benign_temp_drift/physical/seed_41003/t_+125C/source_hspice
41003,125,6,RISE,182,159,23,23,1,1,1,1,1,000000000000000000000001111111,/home/zhupl25/chiplet_side_channel/chiplet_gds_data/power_macro/delay_chain/ftc/runs/b_fe_frontend/bfe14_arch1_benign_temp_drift/physical/seed_41003/t_+125C/source_hspice
41003,125,7,FALL,159,128,31,31,0,0,1,1,1,000000000000000000000000111111,/home/zhupl25/chiplet_side_channel/chiplet_gds_data/power_macro/delay_chain/ftc/runs/b_fe_frontend/bfe14_arch1_benign_temp_drift/physical/seed_41003/t_+125C/source_hspice
41003,125,8,RISE,182,159,23,23,1,1,1,1,1,000000000000000000000001111111,/home/zhupl25/chiplet_side_channel/chiplet_gds_data/power_macro/delay_chain/ftc/runs/b_fe_frontend/bfe14_arch1_benign_temp_drift/physical/seed_41003/t_+125C/source_hspice
41003,125,9,FALL,159,128,31,31,0,0,1,1,1,000000000000000000000000111111,/home/zhupl25/chiplet_side_channel/chiplet_gds_data/power_macro/delay_chain/ftc/runs/b_fe_frontend/bfe14_arch1_benign_temp_drift/physical/seed_41003/t_+125C/source_hspice
41003,125,10,RISE,204,159,45,45,1,1,1,1,1,000000000000000000000011111111,/home/zhupl25/chiplet_side_channel/chiplet_gds_data/power_macro/delay_chain/ftc/runs/b_fe_frontend/bfe14_arch1_benign_temp_drift/physical/seed_41003/t_+125C/source_hspice
41003,125,11,FALL,159,128,31,31,0,0,1,1,1,000000000000000000000000111111,/home/zhupl25/chiplet_side_channel/chiplet_gds_data/power_macro/delay_chain/ftc/runs/b_fe_frontend/bfe14_arch1_benign_temp_drift/physical/seed_41003/t_+125C/source_hspice
41003,125,12,RISE,182,159,23,23,1,1,1,1,1,000000000000000000000001111111,/home/zhupl25/chiplet_side_channel/chiplet_gds_data/power_macro/delay_chain/ftc/runs/b_fe_frontend/bfe14_arch1_benign_temp_drift/physical/seed_41003/t_+125C/source_hspice
41003,125,13,FALL,159,128,31,31,0,0,1,1,1,000000000000000000000000111111,/home/zhupl25/chiplet_side_channel/chiplet_gds_data/power_macro/delay_chain/ftc/runs/b_fe_frontend/bfe14_arch1_benign_temp_drift/physical/seed_41003/t_+125C/source_hspice
41003,125,14,RISE,182,159,23,23,1,1,1,1,1,000000000000000000000001111111,/home/zhupl25/chiplet_side_channel/chiplet_gds_data/power_macro/delay_chain/ftc/runs/b_fe_frontend/bfe14_arch1_benign_temp_drift/physical/seed_41003/t_+125C/source_hspice
41003,125,15,FALL,159,128,31,31,0,0,1,1,1,000000000000000000000000111111,/home/zhupl25/chiplet_side_channel/chiplet_gds_data/power_macro/delay_chain/ftc/runs/b_fe_frontend/bfe14_arch1_benign_temp_drift/physical/seed_41003/t_+125C/source_hspice
41003,125,16,RISE,182,159,23,23,1,1,1,1,1,000000000000000000000001111111,/home/zhupl25/chiplet_side_channel/chiplet_gds_data/power_macro/delay_chain/ftc/runs/b_fe_frontend/bfe14_arch1_benign_temp_drift/physical/seed_41003/t_+125C/source_hspice
41003,125,17,FALL,159,128,31,31,0,0,1,1,1,000000000000000000000000111111,/home/zhupl25/chiplet_side_channel/chiplet_gds_data/power_macro/delay_chain/ftc/runs/b_fe_frontend/bfe14_arch1_benign_temp_drift/physical/seed_41003/t_+125C/source_hspice
41003,125,18,RISE,182,159,23,23,1,1,1,1,1,000000000000000000000001111111,/home/zhupl25/chiplet_side_channel/chiplet_gds_data/power_macro/delay_chain/ftc/runs/b_fe_frontend/bfe14_arch1_benign_temp_drift/physical/seed_41003/t_+125C/source_hspice
41003,125,19,FALL,159,128,31,31,0,0,1,1,1,000000000000000000000000111111,/home/zhupl25/chiplet_side_channel/chiplet_gds_data/power_macro/delay_chain/ftc/runs/b_fe_frontend/bfe14_arch1_benign_temp_drift/physical/seed_41003/t_+125C/source_hspice
41003,125,20,RISE,182,159,23,23,1,1,1,1,1,000000000000000000000001111111,/home/zhupl25/chiplet_side_channel/chiplet_gds_data/power_macro/delay_chain/ftc/runs/b_fe_frontend/bfe14_arch1_benign_temp_drift/physical/seed_41003/t_+125C/source_hspice
41003,125,21,FALL,159,128,31,31,0,0,1,1,1,000000000000000000000000111111,/home/zhupl25/chiplet_side_channel/chiplet_gds_data/power_macro/delay_chain/ftc/runs/b_fe_frontend/bfe14_arch1_benign_temp_drift/physical/seed_41003/t_+125C/source_hspice
41003,125,22,RISE,204,159,45,45,1,1,1,1,1,000000000000000000000011111111,/home/zhupl25/chiplet_side_channel/chiplet_gds_data/power_macro/delay_chain/ftc/runs/b_fe_frontend/bfe14_arch1_benign_temp_drift/physical/seed_41003/t_+125C/source_hspice
41003,125,23,FALL,159,128,31,31,0,0,1,1,1,000000000000000000000000111111,/home/zhupl25/chiplet_side_channel/chiplet_gds_data/power_macro/delay_chain/ftc/runs/b_fe_frontend/bfe14_arch1_benign_temp_drift/physical/seed_41003/t_+125C/source_hspice
41004,-40,0,RISE,182,187,-5,5,0,0,0,0,1,000000000000000000000001111111,/home/zhupl25/chiplet_side_channel/chiplet_gds_data/power_macro/delay_chain/ftc/runs/b_fe_frontend/bfe14_arch1_benign_temp_drift/physical/seed_41004/t_-040C/source_hspice
41004,-40,1,FALL,135,159,-24,24,0,0,0,1,1,000000000000000000000000011111,/home/zhupl25/chiplet_side_channel/chiplet_gds_data/power_macro/delay_chain/ftc/runs/b_fe_frontend/bfe14_arch1_benign_temp_drift/physical/seed_41004/t_-040C/source_hspice
41004,-40,2,RISE,182,187,-5,5,0,0,0,0,1,000000000000000000000001111111,/home/zhupl25/chiplet_side_channel/chiplet_gds_data/power_macro/delay_chain/ftc/runs/b_fe_frontend/bfe14_arch1_benign_temp_drift/physical/seed_41004/t_-040C/source_hspice
41004,-40,3,FALL,135,159,-24,24,0,0,0,1,1,000000000000000000000000011111,/home/zhupl25/chiplet_side_channel/chiplet_gds_data/power_macro/delay_chain/ftc/runs/b_fe_frontend/bfe14_arch1_benign_temp_drift/physical/seed_41004/t_-040C/source_hspice
41004,-40,4,RISE,182,187,-5,5,0,0,0,0,1,000000000000000000000001111111,/home/zhupl25/chiplet_side_channel/chiplet_gds_data/power_macro/delay_chain/ftc/runs/b_fe_frontend/bfe14_arch1_benign_temp_drift/physical/seed_41004/t_-040C/source_hspice
41004,-40,5,FALL,135,159,-24,24,0,0,0,1,1,000000000000000000000000011111,/home/zhupl25/chiplet_side_channel/chiplet_gds_data/power_macro/delay_chain/ftc/runs/b_fe_frontend/bfe14_arch1_benign_temp_drift/physical/seed_41004/t_-040C/source_hspice
41004,-40,6,RISE,182,187,-5,5,0,0,0,0,1,000000000000000000000001111111,/home/zhupl25/chiplet_side_channel/chiplet_gds_data/power_macro/delay_chain/ftc/runs/b_fe_frontend/bfe14_arch1_benign_temp_drift/physical/seed_41004/t_-040C/source_hspice
41004,-40,7,FALL,135,159,-24,24,0,0,0,1,1,000000000000000000000000011111,/home/zhupl25/chiplet_side_channel/chiplet_gds_data/power_macro/delay_chain/ftc/runs/b_fe_frontend/bfe14_arch1_benign_temp_drift/physical/seed_41004/t_-040C/source_hspice
41004,-40,8,RISE,182,187,-5,5,0,0,0,0,1,000000000000000000000001111111,/home/zhupl25/chiplet_side_channel/chiplet_gds_data/power_macro/delay_chain/ftc/runs/b_fe_frontend/bfe14_arch1_benign_temp_drift/physical/seed_41004/t_-040C/source_hspice
41004,-40,9,FALL,135,159,-24,24,0,0,0,1,1,000000000000000000000000011111,/home/zhupl25/chiplet_side_channel/chiplet_gds_data/power_macro/delay_chain/ftc/runs/b_fe_frontend/bfe14_arch1_benign_temp_drift/physical/seed_41004/t_-040C/source_hspice
41004,-40,10,RISE,182,187,-5,5,0,0,0,0,1,000000000000000000000001111111,/home/zhupl25/chiplet_side_channel/chiplet_gds_data/power_macro/delay_chain/ftc/runs/b_fe_frontend/bfe14_arch1_benign_temp_drift/physical/seed_41004/t_-040C/source_hspice
41004,-40,11,FALL,135,159,-24,24,0,0,0,1,1,000000000000000000000000011111,/home/zhupl25/chiplet_side_channel/chiplet_gds_data/power_macro/delay_chain/ftc/runs/b_fe_frontend/bfe14_arch1_benign_temp_drift/physical/seed_41004/t_-040C/source_hspice
41004,-40,12,RISE,182,187,-5,5,0,0,0,0,1,000000000000000000000001111111,/home/zhupl25/chiplet_side_channel/chiplet_gds_data/power_macro/delay_chain/ftc/runs/b_fe_frontend/bfe14_arch1_benign_temp_drift/physical/seed_41004/t_-040C/source_hspice
41004,-40,13,FALL,135,159,-24,24,0,0,0,1,1,000000000000000000000000011111,/home/zhupl25/chiplet_side_channel/chiplet_gds_data/power_macro/delay_chain/ftc/runs/b_fe_frontend/bfe14_arch1_benign_temp_drift/physical/seed_41004/t_-040C/source_hspice
41004,-40,14,RISE,182,187,-5,5,0,0,0,0,1,000000000000000000000001111111,/home/zhupl25/chiplet_side_channel/chiplet_gds_data/power_macro/delay_chain/ftc/runs/b_fe_frontend/bfe14_arch1_benign_temp_drift/physical/seed_41004/t_-040C/source_hspice
41004,-40,15,FALL,135,159,-24,24,0,0,0,1,1,000000000000000000000000011111,/home/zhupl25/chiplet_side_channel/chiplet_gds_data/power_macro/delay_chain/ftc/runs/b_fe_frontend/bfe14_arch1_benign_temp_drift/physical/seed_41004/t_-040C/source_hspice
41004,-40,16,RISE,182,187,-5,5,0,0,0,0,1,000000000000000000000001111111,/home/zhupl25/chiplet_side_channel/chiplet_gds_data/power_macro/delay_chain/ftc/runs/b_fe_frontend/bfe14_arch1_benign_temp_drift/physical/seed_41004/t_-040C/source_hspice
41004,-40,17,FALL,135,159,-24,24,0,0,0,1,1,000000000000000000000000011111,/home/zhupl25/chiplet_side_channel/chiplet_gds_data/power_macro/delay_chain/ftc/runs/b_fe_frontend/bfe14_arch1_benign_temp_drift/physical/seed_41004/t_-040C/source_hspice
41004,-40,18,RISE,182,187,-5,5,0,0,0,0,1,000000000000000000000001111111,/home/zhupl25/chiplet_side_channel/chiplet_gds_data/power_macro/delay_chain/ftc/runs/b_fe_frontend/bfe14_arch1_benign_temp_drift/physical/seed_41004/t_-040C/source_hspice
41004,-40,19,FALL,135,159,-24,24,0,0,0,1,1,000000000000000000000000011111,/home/zhupl25/chiplet_side_channel/chiplet_gds_data/power_macro/delay_chain/ftc/runs/b_fe_frontend/bfe14_arch1_benign_temp_drift/physical/seed_41004/t_-040C/source_hspice
41004,-40,20,RISE,159,187,-28,28,0,0,1,1,1,000000000000000000000000111111,/home/zhupl25/chiplet_side_channel/chiplet_gds_data/power_macro/delay_chain/ftc/runs/b_fe_frontend/bfe14_arch1_benign_temp_drift/physical/seed_41004/t_-040C/source_hspice
41004,-40,21,FALL,135,159,-24,24,0,0,0,1,1,000000000000000000000000011111,/home/zhupl25/chiplet_side_channel/chiplet_gds_data/power_macro/delay_chain/ftc/runs/b_fe_frontend/bfe14_arch1_benign_temp_drift/physical/seed_41004/t_-040C/source_hspice
41004,-40,22,RISE,182,187,-5,5,0,0,0,0,1,000000000000000000000001111111,/home/zhupl25/chiplet_side_channel/chiplet_gds_data/power_macro/delay_chain/ftc/runs/b_fe_frontend/bfe14_arch1_benign_temp_drift/physical/seed_41004/t_-040C/source_hspice
41004,-40,23,FALL,135,159,-24,24,0,0,0,1,1,000000000000000000000000011111,/home/zhupl25/chiplet_side_channel/chiplet_gds_data/power_macro/delay_chain/ftc/runs/b_fe_frontend/bfe14_arch1_benign_temp_drift/physical/seed_41004/t_-040C/source_hspice
41004,125,0,RISE,204,187,17,17,0,0,0,1,1,000000000000000000000011111111,/home/zhupl25/chiplet_side_channel/chiplet_gds_data/power_macro/delay_chain/ftc/runs/b_fe_frontend/bfe14_arch1_benign_temp_drift/physical/seed_41004/t_+125C/source_hspice
41004,125,1,FALL,182,159,23,23,0,0,0,1,1,000000000000000000000001111111,/home/zhupl25/chiplet_side_channel/chiplet_gds_data/power_macro/delay_chain/ftc/runs/b_fe_frontend/bfe14_arch1_benign_temp_drift/physical/seed_41004/t_+125C/source_hspice
41004,125,2,RISE,204,187,17,17,0,0,0,1,1,000000000000000000000011111111,/home/zhupl25/chiplet_side_channel/chiplet_gds_data/power_macro/delay_chain/ftc/runs/b_fe_frontend/bfe14_arch1_benign_temp_drift/physical/seed_41004/t_+125C/source_hspice
41004,125,3,FALL,182,159,23,23,0,0,0,1,1,000000000000000000000001111111,/home/zhupl25/chiplet_side_channel/chiplet_gds_data/power_macro/delay_chain/ftc/runs/b_fe_frontend/bfe14_arch1_benign_temp_drift/physical/seed_41004/t_+125C/source_hspice
41004,125,4,RISE,225,187,38,38,1,1,1,1,1,000000000000000000000111111111,/home/zhupl25/chiplet_side_channel/chiplet_gds_data/power_macro/delay_chain/ftc/runs/b_fe_frontend/bfe14_arch1_benign_temp_drift/physical/seed_41004/t_+125C/source_hspice
41004,125,5,FALL,182,159,23,23,0,0,0,1,1,000000000000000000000001111111,/home/zhupl25/chiplet_side_channel/chiplet_gds_data/power_macro/delay_chain/ftc/runs/b_fe_frontend/bfe14_arch1_benign_temp_drift/physical/seed_41004/t_+125C/source_hspice
41004,125,6,RISE,204,187,17,17,0,0,0,1,1,000000000000000000000011111111,/home/zhupl25/chiplet_side_channel/chiplet_gds_data/power_macro/delay_chain/ftc/runs/b_fe_frontend/bfe14_arch1_benign_temp_drift/physical/seed_41004/t_+125C/source_hspice
41004,125,7,FALL,182,159,23,23,0,0,0,1,1,000000000000000000000001111111,/home/zhupl25/chiplet_side_channel/chiplet_gds_data/power_macro/delay_chain/ftc/runs/b_fe_frontend/bfe14_arch1_benign_temp_drift/physical/seed_41004/t_+125C/source_hspice
41004,125,8,RISE,204,187,17,17,0,0,0,1,1,000000000000000000000011111111,/home/zhupl25/chiplet_side_channel/chiplet_gds_data/power_macro/delay_chain/ftc/runs/b_fe_frontend/bfe14_arch1_benign_temp_drift/physical/seed_41004/t_+125C/source_hspice
41004,125,9,FALL,182,159,23,23,0,0,0,1,1,000000000000000000000001111111,/home/zhupl25/chiplet_side_channel/chiplet_gds_data/power_macro/delay_chain/ftc/runs/b_fe_frontend/bfe14_arch1_benign_temp_drift/physical/seed_41004/t_+125C/source_hspice
41004,125,10,RISE,204,187,17,17,0,0,0,1,1,000000000000000000000011111111,/home/zhupl25/chiplet_side_channel/chiplet_gds_data/power_macro/delay_chain/ftc/runs/b_fe_frontend/bfe14_arch1_benign_temp_drift/physical/seed_41004/t_+125C/source_hspice
41004,125,11,FALL,182,159,23,23,0,0,0,1,1,000000000000000000000001111111,/home/zhupl25/chiplet_side_channel/chiplet_gds_data/power_macro/delay_chain/ftc/runs/b_fe_frontend/bfe14_arch1_benign_temp_drift/physical/seed_41004/t_+125C/source_hspice
41004,125,12,RISE,204,187,17,17,0,0,0,1,1,000000000000000000000011111111,/home/zhupl25/chiplet_side_channel/chiplet_gds_data/power_macro/delay_chain/ftc/runs/b_fe_frontend/bfe14_arch1_benign_temp_drift/physical/seed_41004/t_+125C/source_hspice
41004,125,13,FALL,182,159,23,23,0,0,0,1,1,000000000000000000000001111111,/home/zhupl25/chiplet_side_channel/chiplet_gds_data/power_macro/delay_chain/ftc/runs/b_fe_frontend/bfe14_arch1_benign_temp_drift/physical/seed_41004/t_+125C/source_hspice
41004,125,14,RISE,204,187,17,17,0,0,0,1,1,000000000000000000000011111111,/home/zhupl25/chiplet_side_channel/chiplet_gds_data/power_macro/delay_chain/ftc/runs/b_fe_frontend/bfe14_arch1_benign_temp_drift/physical/seed_41004/t_+125C/source_hspice
41004,125,15,FALL,182,159,23,23,0,0,0,1,1,000000000000000000000001111111,/home/zhupl25/chiplet_side_channel/chiplet_gds_data/power_macro/delay_chain/ftc/runs/b_fe_frontend/bfe14_arch1_benign_temp_drift/physical/seed_41004/t_+125C/source_hspice
41004,125,16,RISE,204,187,17,17,0,0,0,1,1,000000000000000000000011111111,/home/zhupl25/chiplet_side_channel/chiplet_gds_data/power_macro/delay_chain/ftc/runs/b_fe_frontend/bfe14_arch1_benign_temp_drift/physical/seed_41004/t_+125C/source_hspice
41004,125,17,FALL,182,159,23,23,0,0,0,1,1,000000000000000000000001111111,/home/zhupl25/chiplet_side_channel/chiplet_gds_data/power_macro/delay_chain/ftc/runs/b_fe_frontend/bfe14_arch1_benign_temp_drift/physical/seed_41004/t_+125C/source_hspice
41004,125,18,RISE,204,187,17,17,0,0,0,1,1,000000000000000000000011111111,/home/zhupl25/chiplet_side_channel/chiplet_gds_data/power_macro/delay_chain/ftc/runs/b_fe_frontend/bfe14_arch1_benign_temp_drift/physical/seed_41004/t_+125C/source_hspice
41004,125,19,FALL,182,159,23,23,0,0,0,1,1,000000000000000000000001111111,/home/zhupl25/chiplet_side_channel/chiplet_gds_data/power_macro/delay_chain/ftc/runs/b_fe_frontend/bfe14_arch1_benign_temp_drift/physical/seed_41004/t_+125C/source_hspice
41004,125,20,RISE,204,187,17,17,0,0,0,1,1,000000000000000000000011111111,/home/zhupl25/chiplet_side_channel/chiplet_gds_data/power_macro/delay_chain/ftc/runs/b_fe_frontend/bfe14_arch1_benign_temp_drift/physical/seed_41004/t_+125C/source_hspice
41004,125,21,FALL,182,159,23,23,0,0,0,1,1,000000000000000000000001111111,/home/zhupl25/chiplet_side_channel/chiplet_gds_data/power_macro/delay_chain/ftc/runs/b_fe_frontend/bfe14_arch1_benign_temp_drift/physical/seed_41004/t_+125C/source_hspice
41004,125,22,RISE,204,187,17,17,0,0,0,1,1,000000000000000000000011111111,/home/zhupl25/chiplet_side_channel/chiplet_gds_data/power_macro/delay_chain/ftc/runs/b_fe_frontend/bfe14_arch1_benign_temp_drift/physical/seed_41004/t_+125C/source_hspice
41004,125,23,FALL,182,159,23,23,0,0,0,1,1,000000000000000000000001111111,/home/zhupl25/chiplet_side_channel/chiplet_gds_data/power_macro/delay_chain/ftc/runs/b_fe_frontend/bfe14_arch1_benign_temp_drift/physical/seed_41004/t_+125C/source_hspice
41005,-40,0,RISE,182,204,-22,22,0,0,0,1,1,000000000000000000000001111111,/home/zhupl25/chiplet_side_channel/chiplet_gds_data/power_macro/delay_chain/ftc/runs/b_fe_frontend/bfe14_arch1_benign_temp_drift/physical/seed_41005/t_-040C/source_hspice
41005,-40,1,FALL,159,176,-17,17,0,0,0,1,1,000000000000000000000000111111,/home/zhupl25/chiplet_side_channel/chiplet_gds_data/power_macro/delay_chain/ftc/runs/b_fe_frontend/bfe14_arch1_benign_temp_drift/physical/seed_41005/t_-040C/source_hspice
41005,-40,2,RISE,182,204,-22,22,0,0,0,1,1,000000000000000000000001111111,/home/zhupl25/chiplet_side_channel/chiplet_gds_data/power_macro/delay_chain/ftc/runs/b_fe_frontend/bfe14_arch1_benign_temp_drift/physical/seed_41005/t_-040C/source_hspice
41005,-40,3,FALL,135,176,-41,41,0,0,1,1,1,000000000000000000000000011111,/home/zhupl25/chiplet_side_channel/chiplet_gds_data/power_macro/delay_chain/ftc/runs/b_fe_frontend/bfe14_arch1_benign_temp_drift/physical/seed_41005/t_-040C/source_hspice
41005,-40,4,RISE,204,204,0,0,0,0,0,0,0,000000000000000000000011111111,/home/zhupl25/chiplet_side_channel/chiplet_gds_data/power_macro/delay_chain/ftc/runs/b_fe_frontend/bfe14_arch1_benign_temp_drift/physical/seed_41005/t_-040C/source_hspice
41005,-40,5,FALL,159,176,-17,17,0,0,0,1,1,000000000000000000000000111111,/home/zhupl25/chiplet_side_channel/chiplet_gds_data/power_macro/delay_chain/ftc/runs/b_fe_frontend/bfe14_arch1_benign_temp_drift/physical/seed_41005/t_-040C/source_hspice
41005,-40,6,RISE,182,204,-22,22,0,0,0,1,1,000000000000000000000001111111,/home/zhupl25/chiplet_side_channel/chiplet_gds_data/power_macro/delay_chain/ftc/runs/b_fe_frontend/bfe14_arch1_benign_temp_drift/physical/seed_41005/t_-040C/source_hspice
41005,-40,7,FALL,159,176,-17,17,0,0,0,1,1,000000000000000000000000111111,/home/zhupl25/chiplet_side_channel/chiplet_gds_data/power_macro/delay_chain/ftc/runs/b_fe_frontend/bfe14_arch1_benign_temp_drift/physical/seed_41005/t_-040C/source_hspice
41005,-40,8,RISE,182,204,-22,22,0,0,0,1,1,000000000000000000000001111111,/home/zhupl25/chiplet_side_channel/chiplet_gds_data/power_macro/delay_chain/ftc/runs/b_fe_frontend/bfe14_arch1_benign_temp_drift/physical/seed_41005/t_-040C/source_hspice
41005,-40,9,FALL,159,176,-17,17,0,0,0,1,1,000000000000000000000000111111,/home/zhupl25/chiplet_side_channel/chiplet_gds_data/power_macro/delay_chain/ftc/runs/b_fe_frontend/bfe14_arch1_benign_temp_drift/physical/seed_41005/t_-040C/source_hspice
41005,-40,10,RISE,182,204,-22,22,0,0,0,1,1,000000000000000000000001111111,/home/zhupl25/chiplet_side_channel/chiplet_gds_data/power_macro/delay_chain/ftc/runs/b_fe_frontend/bfe14_arch1_benign_temp_drift/physical/seed_41005/t_-040C/source_hspice
41005,-40,11,FALL,159,176,-17,17,0,0,0,1,1,000000000000000000000000111111,/home/zhupl25/chiplet_side_channel/chiplet_gds_data/power_macro/delay_chain/ftc/runs/b_fe_frontend/bfe14_arch1_benign_temp_drift/physical/seed_41005/t_-040C/source_hspice
41005,-40,12,RISE,182,204,-22,22,0,0,0,1,1,000000000000000000000001111111,/home/zhupl25/chiplet_side_channel/chiplet_gds_data/power_macro/delay_chain/ftc/runs/b_fe_frontend/bfe14_arch1_benign_temp_drift/physical/seed_41005/t_-040C/source_hspice
41005,-40,13,FALL,135,176,-41,41,0,0,1,1,1,000000000000000000000000011111,/home/zhupl25/chiplet_side_channel/chiplet_gds_data/power_macro/delay_chain/ftc/runs/b_fe_frontend/bfe14_arch1_benign_temp_drift/physical/seed_41005/t_-040C/source_hspice
41005,-40,14,RISE,182,204,-22,22,0,0,0,1,1,000000000000000000000001111111,/home/zhupl25/chiplet_side_channel/chiplet_gds_data/power_macro/delay_chain/ftc/runs/b_fe_frontend/bfe14_arch1_benign_temp_drift/physical/seed_41005/t_-040C/source_hspice
41005,-40,15,FALL,159,176,-17,17,0,0,0,1,1,000000000000000000000000111111,/home/zhupl25/chiplet_side_channel/chiplet_gds_data/power_macro/delay_chain/ftc/runs/b_fe_frontend/bfe14_arch1_benign_temp_drift/physical/seed_41005/t_-040C/source_hspice
41005,-40,16,RISE,182,204,-22,22,0,0,0,1,1,000000000000000000000001111111,/home/zhupl25/chiplet_side_channel/chiplet_gds_data/power_macro/delay_chain/ftc/runs/b_fe_frontend/bfe14_arch1_benign_temp_drift/physical/seed_41005/t_-040C/source_hspice
41005,-40,17,FALL,159,176,-17,17,0,0,0,1,1,000000000000000000000000111111,/home/zhupl25/chiplet_side_channel/chiplet_gds_data/power_macro/delay_chain/ftc/runs/b_fe_frontend/bfe14_arch1_benign_temp_drift/physical/seed_41005/t_-040C/source_hspice
41005,-40,18,RISE,182,204,-22,22,0,0,0,1,1,000000000000000000000001111111,/home/zhupl25/chiplet_side_channel/chiplet_gds_data/power_macro/delay_chain/ftc/runs/b_fe_frontend/bfe14_arch1_benign_temp_drift/physical/seed_41005/t_-040C/source_hspice
41005,-40,19,FALL,159,176,-17,17,0,0,0,1,1,000000000000000000000000111111,/home/zhupl25/chiplet_side_channel/chiplet_gds_data/power_macro/delay_chain/ftc/runs/b_fe_frontend/bfe14_arch1_benign_temp_drift/physical/seed_41005/t_-040C/source_hspice
41005,-40,20,RISE,182,204,-22,22,0,0,0,1,1,000000000000000000000001111111,/home/zhupl25/chiplet_side_channel/chiplet_gds_data/power_macro/delay_chain/ftc/runs/b_fe_frontend/bfe14_arch1_benign_temp_drift/physical/seed_41005/t_-040C/source_hspice
41005,-40,21,FALL,135,176,-41,41,0,0,1,1,1,000000000000000000000000011111,/home/zhupl25/chiplet_side_channel/chiplet_gds_data/power_macro/delay_chain/ftc/runs/b_fe_frontend/bfe14_arch1_benign_temp_drift/physical/seed_41005/t_-040C/source_hspice
41005,-40,22,RISE,182,204,-22,22,0,0,0,1,1,000000000000000000000001111111,/home/zhupl25/chiplet_side_channel/chiplet_gds_data/power_macro/delay_chain/ftc/runs/b_fe_frontend/bfe14_arch1_benign_temp_drift/physical/seed_41005/t_-040C/source_hspice
41005,-40,23,FALL,159,176,-17,17,0,0,0,1,1,000000000000000000000000111111,/home/zhupl25/chiplet_side_channel/chiplet_gds_data/power_macro/delay_chain/ftc/runs/b_fe_frontend/bfe14_arch1_benign_temp_drift/physical/seed_41005/t_-040C/source_hspice
41005,125,0,RISE,225,204,21,21,1,1,0,1,1,000000000000000000000111111111,/home/zhupl25/chiplet_side_channel/chiplet_gds_data/power_macro/delay_chain/ftc/runs/b_fe_frontend/bfe14_arch1_benign_temp_drift/physical/seed_41005/t_+125C/source_hspice
41005,125,1,FALL,204,176,28,28,0,0,1,1,1,000000000000000000000011111111,/home/zhupl25/chiplet_side_channel/chiplet_gds_data/power_macro/delay_chain/ftc/runs/b_fe_frontend/bfe14_arch1_benign_temp_drift/physical/seed_41005/t_+125C/source_hspice
41005,125,2,RISE,225,204,21,21,1,1,0,1,1,000000000000000000000111111111,/home/zhupl25/chiplet_side_channel/chiplet_gds_data/power_macro/delay_chain/ftc/runs/b_fe_frontend/bfe14_arch1_benign_temp_drift/physical/seed_41005/t_+125C/source_hspice
41005,125,3,FALL,204,176,28,28,0,0,1,1,1,000000000000000000000011111111,/home/zhupl25/chiplet_side_channel/chiplet_gds_data/power_macro/delay_chain/ftc/runs/b_fe_frontend/bfe14_arch1_benign_temp_drift/physical/seed_41005/t_+125C/source_hspice
41005,125,4,RISE,225,204,21,21,1,1,0,1,1,000000000000000000000111111111,/home/zhupl25/chiplet_side_channel/chiplet_gds_data/power_macro/delay_chain/ftc/runs/b_fe_frontend/bfe14_arch1_benign_temp_drift/physical/seed_41005/t_+125C/source_hspice
41005,125,5,FALL,204,176,28,28,0,0,1,1,1,000000000000000000000011111111,/home/zhupl25/chiplet_side_channel/chiplet_gds_data/power_macro/delay_chain/ftc/runs/b_fe_frontend/bfe14_arch1_benign_temp_drift/physical/seed_41005/t_+125C/source_hspice
41005,125,6,RISE,225,204,21,21,1,1,0,1,1,000000000000000000000111111111,/home/zhupl25/chiplet_side_channel/chiplet_gds_data/power_macro/delay_chain/ftc/runs/b_fe_frontend/bfe14_arch1_benign_temp_drift/physical/seed_41005/t_+125C/source_hspice
41005,125,7,FALL,204,176,28,28,0,0,1,1,1,000000000000000000000011111111,/home/zhupl25/chiplet_side_channel/chiplet_gds_data/power_macro/delay_chain/ftc/runs/b_fe_frontend/bfe14_arch1_benign_temp_drift/physical/seed_41005/t_+125C/source_hspice
41005,125,8,RISE,225,204,21,21,1,1,0,1,1,000000000000000000000111111111,/home/zhupl25/chiplet_side_channel/chiplet_gds_data/power_macro/delay_chain/ftc/runs/b_fe_frontend/bfe14_arch1_benign_temp_drift/physical/seed_41005/t_+125C/source_hspice
41005,125,9,FALL,204,176,28,28,0,0,1,1,1,000000000000000000000011111111,/home/zhupl25/chiplet_side_channel/chiplet_gds_data/power_macro/delay_chain/ftc/runs/b_fe_frontend/bfe14_arch1_benign_temp_drift/physical/seed_41005/t_+125C/source_hspice
41005,125,10,RISE,225,204,21,21,1,1,0,1,1,000000000000000000000111111111,/home/zhupl25/chiplet_side_channel/chiplet_gds_data/power_macro/delay_chain/ftc/runs/b_fe_frontend/bfe14_arch1_benign_temp_drift/physical/seed_41005/t_+125C/source_hspice
41005,125,11,FALL,204,176,28,28,0,0,1,1,1,000000000000000000000011111111,/home/zhupl25/chiplet_side_channel/chiplet_gds_data/power_macro/delay_chain/ftc/runs/b_fe_frontend/bfe14_arch1_benign_temp_drift/physical/seed_41005/t_+125C/source_hspice
41005,125,12,RISE,225,204,21,21,1,1,0,1,1,000000000000000000000111111111,/home/zhupl25/chiplet_side_channel/chiplet_gds_data/power_macro/delay_chain/ftc/runs/b_fe_frontend/bfe14_arch1_benign_temp_drift/physical/seed_41005/t_+125C/source_hspice
41005,125,13,FALL,204,176,28,28,0,0,1,1,1,000000000000000000000011111111,/home/zhupl25/chiplet_side_channel/chiplet_gds_data/power_macro/delay_chain/ftc/runs/b_fe_frontend/bfe14_arch1_benign_temp_drift/physical/seed_41005/t_+125C/source_hspice
41005,125,14,RISE,225,204,21,21,1,1,0,1,1,000000000000000000000111111111,/home/zhupl25/chiplet_side_channel/chiplet_gds_data/power_macro/delay_chain/ftc/runs/b_fe_frontend/bfe14_arch1_benign_temp_drift/physical/seed_41005/t_+125C/source_hspice
41005,125,15,FALL,204,176,28,28,0,0,1,1,1,000000000000000000000011111111,/home/zhupl25/chiplet_side_channel/chiplet_gds_data/power_macro/delay_chain/ftc/runs/b_fe_frontend/bfe14_arch1_benign_temp_drift/physical/seed_41005/t_+125C/source_hspice
41005,125,16,RISE,225,204,21,21,1,1,0,1,1,000000000000000000000111111111,/home/zhupl25/chiplet_side_channel/chiplet_gds_data/power_macro/delay_chain/ftc/runs/b_fe_frontend/bfe14_arch1_benign_temp_drift/physical/seed_41005/t_+125C/source_hspice
41005,125,17,FALL,204,176,28,28,0,0,1,1,1,000000000000000000000011111111,/home/zhupl25/chiplet_side_channel/chiplet_gds_data/power_macro/delay_chain/ftc/runs/b_fe_frontend/bfe14_arch1_benign_temp_drift/physical/seed_41005/t_+125C/source_hspice
41005,125,18,RISE,225,204,21,21,1,1,0,1,1,000000000000000000000111111111,/home/zhupl25/chiplet_side_channel/chiplet_gds_data/power_macro/delay_chain/ftc/runs/b_fe_frontend/bfe14_arch1_benign_temp_drift/physical/seed_41005/t_+125C/source_hspice
41005,125,19,FALL,204,176,28,28,0,0,1,1,1,000000000000000000000011111111,/home/zhupl25/chiplet_side_channel/chiplet_gds_data/power_macro/delay_chain/ftc/runs/b_fe_frontend/bfe14_arch1_benign_temp_drift/physical/seed_41005/t_+125C/source_hspice
41005,125,20,RISE,225,204,21,21,1,1,0,1,1,000000000000000000000111111111,/home/zhupl25/chiplet_side_channel/chiplet_gds_data/power_macro/delay_chain/ftc/runs/b_fe_frontend/bfe14_arch1_benign_temp_drift/physical/seed_41005/t_+125C/source_hspice
41005,125,21,FALL,182,176,6,6,0,0,0,1,1,000000000000000000000001111111,/home/zhupl25/chiplet_side_channel/chiplet_gds_data/power_macro/delay_chain/ftc/runs/b_fe_frontend/bfe14_arch1_benign_temp_drift/physical/seed_41005/t_+125C/source_hspice
41005,125,22,RISE,225,204,21,21,1,1,0,1,1,000000000000000000000111111111,/home/zhupl25/chiplet_side_channel/chiplet_gds_data/power_macro/delay_chain/ftc/runs/b_fe_frontend/bfe14_arch1_benign_temp_drift/physical/seed_41005/t_+125C/source_hspice
41005,125,23,FALL,204,176,28,28,0,0,1,1,1,000000000000000000000011111111,/home/zhupl25/chiplet_side_channel/chiplet_gds_data/power_macro/delay_chain/ftc/runs/b_fe_frontend/bfe14_arch1_benign_temp_drift/physical/seed_41005/t_+125C/source_hspice
41006,-40,0,RISE,159,182,-23,23,0,0,1,1,1,000000000000000000000000111111,/home/zhupl25/chiplet_side_channel/chiplet_gds_data/power_macro/delay_chain/ftc/runs/b_fe_frontend/bfe14_arch1_benign_temp_drift/physical/seed_41006/t_-040C/source_hspice
41006,-40,1,FALL,159,182,-23,23,0,0,0,1,1,000000000000000000000000111111,/home/zhupl25/chiplet_side_channel/chiplet_gds_data/power_macro/delay_chain/ftc/runs/b_fe_frontend/bfe14_arch1_benign_temp_drift/physical/seed_41006/t_-040C/source_hspice
41006,-40,2,RISE,159,182,-23,23,0,0,1,1,1,000000000000000000000000111111,/home/zhupl25/chiplet_side_channel/chiplet_gds_data/power_macro/delay_chain/ftc/runs/b_fe_frontend/bfe14_arch1_benign_temp_drift/physical/seed_41006/t_-040C/source_hspice
41006,-40,3,FALL,159,182,-23,23,0,0,0,1,1,000000000000000000000000111111,/home/zhupl25/chiplet_side_channel/chiplet_gds_data/power_macro/delay_chain/ftc/runs/b_fe_frontend/bfe14_arch1_benign_temp_drift/physical/seed_41006/t_-040C/source_hspice
41006,-40,4,RISE,182,182,0,0,0,0,0,0,0,000000000000000000000001111111,/home/zhupl25/chiplet_side_channel/chiplet_gds_data/power_macro/delay_chain/ftc/runs/b_fe_frontend/bfe14_arch1_benign_temp_drift/physical/seed_41006/t_-040C/source_hspice
41006,-40,5,FALL,159,182,-23,23,0,0,0,1,1,000000000000000000000000111111,/home/zhupl25/chiplet_side_channel/chiplet_gds_data/power_macro/delay_chain/ftc/runs/b_fe_frontend/bfe14_arch1_benign_temp_drift/physical/seed_41006/t_-040C/source_hspice
41006,-40,6,RISE,159,182,-23,23,0,0,1,1,1,000000000000000000000000111111,/home/zhupl25/chiplet_side_channel/chiplet_gds_data/power_macro/delay_chain/ftc/runs/b_fe_frontend/bfe14_arch1_benign_temp_drift/physical/seed_41006/t_-040C/source_hspice
41006,-40,7,FALL,159,182,-23,23,0,0,0,1,1,000000000000000000000000111111,/home/zhupl25/chiplet_side_channel/chiplet_gds_data/power_macro/delay_chain/ftc/runs/b_fe_frontend/bfe14_arch1_benign_temp_drift/physical/seed_41006/t_-040C/source_hspice
41006,-40,8,RISE,159,182,-23,23,0,0,1,1,1,000000000000000000000000111111,/home/zhupl25/chiplet_side_channel/chiplet_gds_data/power_macro/delay_chain/ftc/runs/b_fe_frontend/bfe14_arch1_benign_temp_drift/physical/seed_41006/t_-040C/source_hspice
41006,-40,9,FALL,159,182,-23,23,0,0,0,1,1,000000000000000000000000111111,/home/zhupl25/chiplet_side_channel/chiplet_gds_data/power_macro/delay_chain/ftc/runs/b_fe_frontend/bfe14_arch1_benign_temp_drift/physical/seed_41006/t_-040C/source_hspice
41006,-40,10,RISE,159,182,-23,23,0,0,1,1,1,000000000000000000000000111111,/home/zhupl25/chiplet_side_channel/chiplet_gds_data/power_macro/delay_chain/ftc/runs/b_fe_frontend/bfe14_arch1_benign_temp_drift/physical/seed_41006/t_-040C/source_hspice
41006,-40,11,FALL,159,182,-23,23,0,0,0,1,1,000000000000000000000000111111,/home/zhupl25/chiplet_side_channel/chiplet_gds_data/power_macro/delay_chain/ftc/runs/b_fe_frontend/bfe14_arch1_benign_temp_drift/physical/seed_41006/t_-040C/source_hspice
41006,-40,12,RISE,159,182,-23,23,0,0,1,1,1,000000000000000000000000111111,/home/zhupl25/chiplet_side_channel/chiplet_gds_data/power_macro/delay_chain/ftc/runs/b_fe_frontend/bfe14_arch1_benign_temp_drift/physical/seed_41006/t_-040C/source_hspice
41006,-40,13,FALL,159,182,-23,23,0,0,0,1,1,000000000000000000000000111111,/home/zhupl25/chiplet_side_channel/chiplet_gds_data/power_macro/delay_chain/ftc/runs/b_fe_frontend/bfe14_arch1_benign_temp_drift/physical/seed_41006/t_-040C/source_hspice
41006,-40,14,RISE,159,182,-23,23,0,0,1,1,1,000000000000000000000000111111,/home/zhupl25/chiplet_side_channel/chiplet_gds_data/power_macro/delay_chain/ftc/runs/b_fe_frontend/bfe14_arch1_benign_temp_drift/physical/seed_41006/t_-040C/source_hspice
41006,-40,15,FALL,159,182,-23,23,0,0,0,1,1,000000000000000000000000111111,/home/zhupl25/chiplet_side_channel/chiplet_gds_data/power_macro/delay_chain/ftc/runs/b_fe_frontend/bfe14_arch1_benign_temp_drift/physical/seed_41006/t_-040C/source_hspice
41006,-40,16,RISE,159,182,-23,23,0,0,1,1,1,000000000000000000000000111111,/home/zhupl25/chiplet_side_channel/chiplet_gds_data/power_macro/delay_chain/ftc/runs/b_fe_frontend/bfe14_arch1_benign_temp_drift/physical/seed_41006/t_-040C/source_hspice
41006,-40,17,FALL,159,182,-23,23,0,0,0,1,1,000000000000000000000000111111,/home/zhupl25/chiplet_side_channel/chiplet_gds_data/power_macro/delay_chain/ftc/runs/b_fe_frontend/bfe14_arch1_benign_temp_drift/physical/seed_41006/t_-040C/source_hspice
41006,-40,18,RISE,159,182,-23,23,0,0,1,1,1,000000000000000000000000111111,/home/zhupl25/chiplet_side_channel/chiplet_gds_data/power_macro/delay_chain/ftc/runs/b_fe_frontend/bfe14_arch1_benign_temp_drift/physical/seed_41006/t_-040C/source_hspice
41006,-40,19,FALL,159,182,-23,23,0,0,0,1,1,000000000000000000000000111111,/home/zhupl25/chiplet_side_channel/chiplet_gds_data/power_macro/delay_chain/ftc/runs/b_fe_frontend/bfe14_arch1_benign_temp_drift/physical/seed_41006/t_-040C/source_hspice
41006,-40,20,RISE,159,182,-23,23,0,0,1,1,1,000000000000000000000000111111,/home/zhupl25/chiplet_side_channel/chiplet_gds_data/power_macro/delay_chain/ftc/runs/b_fe_frontend/bfe14_arch1_benign_temp_drift/physical/seed_41006/t_-040C/source_hspice
41006,-40,21,FALL,135,182,-47,47,0,0,1,1,1,000000000000000000000000011111,/home/zhupl25/chiplet_side_channel/chiplet_gds_data/power_macro/delay_chain/ftc/runs/b_fe_frontend/bfe14_arch1_benign_temp_drift/physical/seed_41006/t_-040C/source_hspice
41006,-40,22,RISE,159,182,-23,23,0,0,1,1,1,000000000000000000000000111111,/home/zhupl25/chiplet_side_channel/chiplet_gds_data/power_macro/delay_chain/ftc/runs/b_fe_frontend/bfe14_arch1_benign_temp_drift/physical/seed_41006/t_-040C/source_hspice
41006,-40,23,FALL,159,182,-23,23,0,0,0,1,1,000000000000000000000000111111,/home/zhupl25/chiplet_side_channel/chiplet_gds_data/power_macro/delay_chain/ftc/runs/b_fe_frontend/bfe14_arch1_benign_temp_drift/physical/seed_41006/t_-040C/source_hspice
41006,125,0,RISE,204,182,22,22,1,1,0,1,1,000000000000000000000011111111,/home/zhupl25/chiplet_side_channel/chiplet_gds_data/power_macro/delay_chain/ftc/runs/b_fe_frontend/bfe14_arch1_benign_temp_drift/physical/seed_41006/t_+125C/source_hspice
41006,125,1,FALL,204,182,22,22,0,0,0,1,1,000000000000000000000011111111,/home/zhupl25/chiplet_side_channel/chiplet_gds_data/power_macro/delay_chain/ftc/runs/b_fe_frontend/bfe14_arch1_benign_temp_drift/physical/seed_41006/t_+125C/source_hspice
41006,125,2,RISE,204,182,22,22,1,1,0,1,1,000000000000000000000011111111,/home/zhupl25/chiplet_side_channel/chiplet_gds_data/power_macro/delay_chain/ftc/runs/b_fe_frontend/bfe14_arch1_benign_temp_drift/physical/seed_41006/t_+125C/source_hspice
41006,125,3,FALL,204,182,22,22,0,0,0,1,1,000000000000000000000011111111,/home/zhupl25/chiplet_side_channel/chiplet_gds_data/power_macro/delay_chain/ftc/runs/b_fe_frontend/bfe14_arch1_benign_temp_drift/physical/seed_41006/t_+125C/source_hspice
41006,125,4,RISE,204,182,22,22,1,1,0,1,1,000000000000000000000011111111,/home/zhupl25/chiplet_side_channel/chiplet_gds_data/power_macro/delay_chain/ftc/runs/b_fe_frontend/bfe14_arch1_benign_temp_drift/physical/seed_41006/t_+125C/source_hspice
41006,125,5,FALL,204,182,22,22,0,0,0,1,1,000000000000000000000011111111,/home/zhupl25/chiplet_side_channel/chiplet_gds_data/power_macro/delay_chain/ftc/runs/b_fe_frontend/bfe14_arch1_benign_temp_drift/physical/seed_41006/t_+125C/source_hspice
41006,125,6,RISE,204,182,22,22,1,1,0,1,1,000000000000000000000011111111,/home/zhupl25/chiplet_side_channel/chiplet_gds_data/power_macro/delay_chain/ftc/runs/b_fe_frontend/bfe14_arch1_benign_temp_drift/physical/seed_41006/t_+125C/source_hspice
41006,125,7,FALL,204,182,22,22,0,0,0,1,1,000000000000000000000011111111,/home/zhupl25/chiplet_side_channel/chiplet_gds_data/power_macro/delay_chain/ftc/runs/b_fe_frontend/bfe14_arch1_benign_temp_drift/physical/seed_41006/t_+125C/source_hspice
41006,125,8,RISE,204,182,22,22,1,1,0,1,1,000000000000000000000011111111,/home/zhupl25/chiplet_side_channel/chiplet_gds_data/power_macro/delay_chain/ftc/runs/b_fe_frontend/bfe14_arch1_benign_temp_drift/physical/seed_41006/t_+125C/source_hspice
41006,125,9,FALL,204,182,22,22,0,0,0,1,1,000000000000000000000011111111,/home/zhupl25/chiplet_side_channel/chiplet_gds_data/power_macro/delay_chain/ftc/runs/b_fe_frontend/bfe14_arch1_benign_temp_drift/physical/seed_41006/t_+125C/source_hspice
41006,125,10,RISE,204,182,22,22,1,1,0,1,1,000000000000000000000011111111,/home/zhupl25/chiplet_side_channel/chiplet_gds_data/power_macro/delay_chain/ftc/runs/b_fe_frontend/bfe14_arch1_benign_temp_drift/physical/seed_41006/t_+125C/source_hspice
41006,125,11,FALL,204,182,22,22,0,0,0,1,1,000000000000000000000011111111,/home/zhupl25/chiplet_side_channel/chiplet_gds_data/power_macro/delay_chain/ftc/runs/b_fe_frontend/bfe14_arch1_benign_temp_drift/physical/seed_41006/t_+125C/source_hspice
41006,125,12,RISE,204,182,22,22,1,1,0,1,1,000000000000000000000011111111,/home/zhupl25/chiplet_side_channel/chiplet_gds_data/power_macro/delay_chain/ftc/runs/b_fe_frontend/bfe14_arch1_benign_temp_drift/physical/seed_41006/t_+125C/source_hspice
41006,125,13,FALL,204,182,22,22,0,0,0,1,1,000000000000000000000011111111,/home/zhupl25/chiplet_side_channel/chiplet_gds_data/power_macro/delay_chain/ftc/runs/b_fe_frontend/bfe14_arch1_benign_temp_drift/physical/seed_41006/t_+125C/source_hspice
41006,125,14,RISE,204,182,22,22,1,1,0,1,1,000000000000000000000011111111,/home/zhupl25/chiplet_side_channel/chiplet_gds_data/power_macro/delay_chain/ftc/runs/b_fe_frontend/bfe14_arch1_benign_temp_drift/physical/seed_41006/t_+125C/source_hspice
41006,125,15,FALL,204,182,22,22,0,0,0,1,1,000000000000000000000011111111,/home/zhupl25/chiplet_side_channel/chiplet_gds_data/power_macro/delay_chain/ftc/runs/b_fe_frontend/bfe14_arch1_benign_temp_drift/physical/seed_41006/t_+125C/source_hspice
41006,125,16,RISE,204,182,22,22,1,1,0,1,1,000000000000000000000011111111,/home/zhupl25/chiplet_side_channel/chiplet_gds_data/power_macro/delay_chain/ftc/runs/b_fe_frontend/bfe14_arch1_benign_temp_drift/physical/seed_41006/t_+125C/source_hspice
41006,125,17,FALL,204,182,22,22,0,0,0,1,1,000000000000000000000011111111,/home/zhupl25/chiplet_side_channel/chiplet_gds_data/power_macro/delay_chain/ftc/runs/b_fe_frontend/bfe14_arch1_benign_temp_drift/physical/seed_41006/t_+125C/source_hspice
41006,125,18,RISE,204,182,22,22,1,1,0,1,1,000000000000000000000011111111,/home/zhupl25/chiplet_side_channel/chiplet_gds_data/power_macro/delay_chain/ftc/runs/b_fe_frontend/bfe14_arch1_benign_temp_drift/physical/seed_41006/t_+125C/source_hspice
41006,125,19,FALL,204,182,22,22,0,0,0,1,1,000000000000000000000011111111,/home/zhupl25/chiplet_side_channel/chiplet_gds_data/power_macro/delay_chain/ftc/runs/b_fe_frontend/bfe14_arch1_benign_temp_drift/physical/seed_41006/t_+125C/source_hspice
41006,125,20,RISE,204,182,22,22,1,1,0,1,1,000000000000000000000011111111,/home/zhupl25/chiplet_side_channel/chiplet_gds_data/power_macro/delay_chain/ftc/runs/b_fe_frontend/bfe14_arch1_benign_temp_drift/physical/seed_41006/t_+125C/source_hspice
41006,125,21,FALL,204,182,22,22,0,0,0,1,1,000000000000000000000011111111,/home/zhupl25/chiplet_side_channel/chiplet_gds_data/power_macro/delay_chain/ftc/runs/b_fe_frontend/bfe14_arch1_benign_temp_drift/physical/seed_41006/t_+125C/source_hspice
41006,125,22,RISE,204,182,22,22,1,1,0,1,1,000000000000000000000011111111,/home/zhupl25/chiplet_side_channel/chiplet_gds_data/power_macro/delay_chain/ftc/runs/b_fe_frontend/bfe14_arch1_benign_temp_drift/physical/seed_41006/t_+125C/source_hspice
41006,125,23,FALL,204,182,22,22,0,0,0,1,1,000000000000000000000011111111,/home/zhupl25/chiplet_side_channel/chiplet_gds_data/power_macro/delay_chain/ftc/runs/b_fe_frontend/bfe14_arch1_benign_temp_drift/physical/seed_41006/t_+125C/source_hspice
41007,-40,0,RISE,182,204,-22,22,0,0,0,1,1,000000000000000000000001111111,/home/zhupl25/chiplet_side_channel/chiplet_gds_data/power_macro/delay_chain/ftc/runs/b_fe_frontend/bfe14_arch1_benign_temp_drift/physical/seed_41007/t_-040C/source_hspice
41007,-40,1,FALL,159,182,-23,23,0,0,0,1,1,000000000000000000000000111111,/home/zhupl25/chiplet_side_channel/chiplet_gds_data/power_macro/delay_chain/ftc/runs/b_fe_frontend/bfe14_arch1_benign_temp_drift/physical/seed_41007/t_-040C/source_hspice
41007,-40,2,RISE,182,204,-22,22,0,0,0,1,1,000000000000000000000001111111,/home/zhupl25/chiplet_side_channel/chiplet_gds_data/power_macro/delay_chain/ftc/runs/b_fe_frontend/bfe14_arch1_benign_temp_drift/physical/seed_41007/t_-040C/source_hspice
41007,-40,3,FALL,159,182,-23,23,0,0,0,1,1,000000000000000000000000111111,/home/zhupl25/chiplet_side_channel/chiplet_gds_data/power_macro/delay_chain/ftc/runs/b_fe_frontend/bfe14_arch1_benign_temp_drift/physical/seed_41007/t_-040C/source_hspice
41007,-40,4,RISE,182,204,-22,22,0,0,0,1,1,000000000000000000000001111111,/home/zhupl25/chiplet_side_channel/chiplet_gds_data/power_macro/delay_chain/ftc/runs/b_fe_frontend/bfe14_arch1_benign_temp_drift/physical/seed_41007/t_-040C/source_hspice
41007,-40,5,FALL,159,182,-23,23,0,0,0,1,1,000000000000000000000000111111,/home/zhupl25/chiplet_side_channel/chiplet_gds_data/power_macro/delay_chain/ftc/runs/b_fe_frontend/bfe14_arch1_benign_temp_drift/physical/seed_41007/t_-040C/source_hspice
41007,-40,6,RISE,182,204,-22,22,0,0,0,1,1,000000000000000000000001111111,/home/zhupl25/chiplet_side_channel/chiplet_gds_data/power_macro/delay_chain/ftc/runs/b_fe_frontend/bfe14_arch1_benign_temp_drift/physical/seed_41007/t_-040C/source_hspice
41007,-40,7,FALL,159,182,-23,23,0,0,0,1,1,000000000000000000000000111111,/home/zhupl25/chiplet_side_channel/chiplet_gds_data/power_macro/delay_chain/ftc/runs/b_fe_frontend/bfe14_arch1_benign_temp_drift/physical/seed_41007/t_-040C/source_hspice
41007,-40,8,RISE,182,204,-22,22,0,0,0,1,1,000000000000000000000001111111,/home/zhupl25/chiplet_side_channel/chiplet_gds_data/power_macro/delay_chain/ftc/runs/b_fe_frontend/bfe14_arch1_benign_temp_drift/physical/seed_41007/t_-040C/source_hspice
41007,-40,9,FALL,159,182,-23,23,0,0,0,1,1,000000000000000000000000111111,/home/zhupl25/chiplet_side_channel/chiplet_gds_data/power_macro/delay_chain/ftc/runs/b_fe_frontend/bfe14_arch1_benign_temp_drift/physical/seed_41007/t_-040C/source_hspice
41007,-40,10,RISE,182,204,-22,22,0,0,0,1,1,000000000000000000000001111111,/home/zhupl25/chiplet_side_channel/chiplet_gds_data/power_macro/delay_chain/ftc/runs/b_fe_frontend/bfe14_arch1_benign_temp_drift/physical/seed_41007/t_-040C/source_hspice
41007,-40,11,FALL,159,182,-23,23,0,0,0,1,1,000000000000000000000000111111,/home/zhupl25/chiplet_side_channel/chiplet_gds_data/power_macro/delay_chain/ftc/runs/b_fe_frontend/bfe14_arch1_benign_temp_drift/physical/seed_41007/t_-040C/source_hspice
41007,-40,12,RISE,182,204,-22,22,0,0,0,1,1,000000000000000000000001111111,/home/zhupl25/chiplet_side_channel/chiplet_gds_data/power_macro/delay_chain/ftc/runs/b_fe_frontend/bfe14_arch1_benign_temp_drift/physical/seed_41007/t_-040C/source_hspice
41007,-40,13,FALL,159,182,-23,23,0,0,0,1,1,000000000000000000000000111111,/home/zhupl25/chiplet_side_channel/chiplet_gds_data/power_macro/delay_chain/ftc/runs/b_fe_frontend/bfe14_arch1_benign_temp_drift/physical/seed_41007/t_-040C/source_hspice
41007,-40,14,RISE,182,204,-22,22,0,0,0,1,1,000000000000000000000001111111,/home/zhupl25/chiplet_side_channel/chiplet_gds_data/power_macro/delay_chain/ftc/runs/b_fe_frontend/bfe14_arch1_benign_temp_drift/physical/seed_41007/t_-040C/source_hspice
41007,-40,15,FALL,159,182,-23,23,0,0,0,1,1,000000000000000000000000111111,/home/zhupl25/chiplet_side_channel/chiplet_gds_data/power_macro/delay_chain/ftc/runs/b_fe_frontend/bfe14_arch1_benign_temp_drift/physical/seed_41007/t_-040C/source_hspice
41007,-40,16,RISE,182,204,-22,22,0,0,0,1,1,000000000000000000000001111111,/home/zhupl25/chiplet_side_channel/chiplet_gds_data/power_macro/delay_chain/ftc/runs/b_fe_frontend/bfe14_arch1_benign_temp_drift/physical/seed_41007/t_-040C/source_hspice
41007,-40,17,FALL,159,182,-23,23,0,0,0,1,1,000000000000000000000000111111,/home/zhupl25/chiplet_side_channel/chiplet_gds_data/power_macro/delay_chain/ftc/runs/b_fe_frontend/bfe14_arch1_benign_temp_drift/physical/seed_41007/t_-040C/source_hspice
41007,-40,18,RISE,182,204,-22,22,0,0,0,1,1,000000000000000000000001111111,/home/zhupl25/chiplet_side_channel/chiplet_gds_data/power_macro/delay_chain/ftc/runs/b_fe_frontend/bfe14_arch1_benign_temp_drift/physical/seed_41007/t_-040C/source_hspice
41007,-40,19,FALL,159,182,-23,23,0,0,0,1,1,000000000000000000000000111111,/home/zhupl25/chiplet_side_channel/chiplet_gds_data/power_macro/delay_chain/ftc/runs/b_fe_frontend/bfe14_arch1_benign_temp_drift/physical/seed_41007/t_-040C/source_hspice
41007,-40,20,RISE,182,204,-22,22,0,0,0,1,1,000000000000000000000001111111,/home/zhupl25/chiplet_side_channel/chiplet_gds_data/power_macro/delay_chain/ftc/runs/b_fe_frontend/bfe14_arch1_benign_temp_drift/physical/seed_41007/t_-040C/source_hspice
41007,-40,21,FALL,135,182,-47,47,0,0,1,1,1,000000000000000000000000011111,/home/zhupl25/chiplet_side_channel/chiplet_gds_data/power_macro/delay_chain/ftc/runs/b_fe_frontend/bfe14_arch1_benign_temp_drift/physical/seed_41007/t_-040C/source_hspice
41007,-40,22,RISE,182,204,-22,22,0,0,0,1,1,000000000000000000000001111111,/home/zhupl25/chiplet_side_channel/chiplet_gds_data/power_macro/delay_chain/ftc/runs/b_fe_frontend/bfe14_arch1_benign_temp_drift/physical/seed_41007/t_-040C/source_hspice
41007,-40,23,FALL,159,182,-23,23,0,0,0,1,1,000000000000000000000000111111,/home/zhupl25/chiplet_side_channel/chiplet_gds_data/power_macro/delay_chain/ftc/runs/b_fe_frontend/bfe14_arch1_benign_temp_drift/physical/seed_41007/t_-040C/source_hspice
41007,125,0,RISE,204,204,0,0,0,0,0,0,0,000000000000000000000011111111,/home/zhupl25/chiplet_side_channel/chiplet_gds_data/power_macro/delay_chain/ftc/runs/b_fe_frontend/bfe14_arch1_benign_temp_drift/physical/seed_41007/t_+125C/source_hspice
41007,125,1,FALL,204,182,22,22,0,0,0,1,1,000000000000000000000011111111,/home/zhupl25/chiplet_side_channel/chiplet_gds_data/power_macro/delay_chain/ftc/runs/b_fe_frontend/bfe14_arch1_benign_temp_drift/physical/seed_41007/t_+125C/source_hspice
41007,125,2,RISE,204,204,0,0,0,0,0,0,0,000000000000000000000011111111,/home/zhupl25/chiplet_side_channel/chiplet_gds_data/power_macro/delay_chain/ftc/runs/b_fe_frontend/bfe14_arch1_benign_temp_drift/physical/seed_41007/t_+125C/source_hspice
41007,125,3,FALL,204,182,22,22,0,0,0,1,1,000000000000000000000011111111,/home/zhupl25/chiplet_side_channel/chiplet_gds_data/power_macro/delay_chain/ftc/runs/b_fe_frontend/bfe14_arch1_benign_temp_drift/physical/seed_41007/t_+125C/source_hspice
41007,125,4,RISE,225,204,21,21,1,1,0,1,1,000000000000000000000111111111,/home/zhupl25/chiplet_side_channel/chiplet_gds_data/power_macro/delay_chain/ftc/runs/b_fe_frontend/bfe14_arch1_benign_temp_drift/physical/seed_41007/t_+125C/source_hspice
41007,125,5,FALL,204,182,22,22,0,0,0,1,1,000000000000000000000011111111,/home/zhupl25/chiplet_side_channel/chiplet_gds_data/power_macro/delay_chain/ftc/runs/b_fe_frontend/bfe14_arch1_benign_temp_drift/physical/seed_41007/t_+125C/source_hspice
41007,125,6,RISE,204,204,0,0,0,0,0,0,0,000000000000000000000011111111,/home/zhupl25/chiplet_side_channel/chiplet_gds_data/power_macro/delay_chain/ftc/runs/b_fe_frontend/bfe14_arch1_benign_temp_drift/physical/seed_41007/t_+125C/source_hspice
41007,125,7,FALL,204,182,22,22,0,0,0,1,1,000000000000000000000011111111,/home/zhupl25/chiplet_side_channel/chiplet_gds_data/power_macro/delay_chain/ftc/runs/b_fe_frontend/bfe14_arch1_benign_temp_drift/physical/seed_41007/t_+125C/source_hspice
41007,125,8,RISE,204,204,0,0,0,0,0,0,0,000000000000000000000011111111,/home/zhupl25/chiplet_side_channel/chiplet_gds_data/power_macro/delay_chain/ftc/runs/b_fe_frontend/bfe14_arch1_benign_temp_drift/physical/seed_41007/t_+125C/source_hspice
41007,125,9,FALL,204,182,22,22,0,0,0,1,1,000000000000000000000011111111,/home/zhupl25/chiplet_side_channel/chiplet_gds_data/power_macro/delay_chain/ftc/runs/b_fe_frontend/bfe14_arch1_benign_temp_drift/physical/seed_41007/t_+125C/source_hspice
41007,125,10,RISE,204,204,0,0,0,0,0,0,0,000000000000000000000011111111,/home/zhupl25/chiplet_side_channel/chiplet_gds_data/power_macro/delay_chain/ftc/runs/b_fe_frontend/bfe14_arch1_benign_temp_drift/physical/seed_41007/t_+125C/source_hspice
41007,125,11,FALL,204,182,22,22,0,0,0,1,1,000000000000000000000011111111,/home/zhupl25/chiplet_side_channel/chiplet_gds_data/power_macro/delay_chain/ftc/runs/b_fe_frontend/bfe14_arch1_benign_temp_drift/physical/seed_41007/t_+125C/source_hspice
41007,125,12,RISE,204,204,0,0,0,0,0,0,0,000000000000000000000011111111,/home/zhupl25/chiplet_side_channel/chiplet_gds_data/power_macro/delay_chain/ftc/runs/b_fe_frontend/bfe14_arch1_benign_temp_drift/physical/seed_41007/t_+125C/source_hspice
41007,125,13,FALL,204,182,22,22,0,0,0,1,1,000000000000000000000011111111,/home/zhupl25/chiplet_side_channel/chiplet_gds_data/power_macro/delay_chain/ftc/runs/b_fe_frontend/bfe14_arch1_benign_temp_drift/physical/seed_41007/t_+125C/source_hspice
41007,125,14,RISE,204,204,0,0,0,0,0,0,0,000000000000000000000011111111,/home/zhupl25/chiplet_side_channel/chiplet_gds_data/power_macro/delay_chain/ftc/runs/b_fe_frontend/bfe14_arch1_benign_temp_drift/physical/seed_41007/t_+125C/source_hspice
41007,125,15,FALL,204,182,22,22,0,0,0,1,1,000000000000000000000011111111,/home/zhupl25/chiplet_side_channel/chiplet_gds_data/power_macro/delay_chain/ftc/runs/b_fe_frontend/bfe14_arch1_benign_temp_drift/physical/seed_41007/t_+125C/source_hspice
41007,125,16,RISE,204,204,0,0,0,0,0,0,0,000000000000000000000011111111,/home/zhupl25/chiplet_side_channel/chiplet_gds_data/power_macro/delay_chain/ftc/runs/b_fe_frontend/bfe14_arch1_benign_temp_drift/physical/seed_41007/t_+125C/source_hspice
41007,125,17,FALL,204,182,22,22,0,0,0,1,1,000000000000000000000011111111,/home/zhupl25/chiplet_side_channel/chiplet_gds_data/power_macro/delay_chain/ftc/runs/b_fe_frontend/bfe14_arch1_benign_temp_drift/physical/seed_41007/t_+125C/source_hspice
41007,125,18,RISE,204,204,0,0,0,0,0,0,0,000000000000000000000011111111,/home/zhupl25/chiplet_side_channel/chiplet_gds_data/power_macro/delay_chain/ftc/runs/b_fe_frontend/bfe14_arch1_benign_temp_drift/physical/seed_41007/t_+125C/source_hspice
41007,125,19,FALL,204,182,22,22,0,0,0,1,1,000000000000000000000011111111,/home/zhupl25/chiplet_side_channel/chiplet_gds_data/power_macro/delay_chain/ftc/runs/b_fe_frontend/bfe14_arch1_benign_temp_drift/physical/seed_41007/t_+125C/source_hspice
41007,125,20,RISE,204,204,0,0,0,0,0,0,0,000000000000000000000011111111,/home/zhupl25/chiplet_side_channel/chiplet_gds_data/power_macro/delay_chain/ftc/runs/b_fe_frontend/bfe14_arch1_benign_temp_drift/physical/seed_41007/t_+125C/source_hspice
41007,125,21,FALL,204,182,22,22,0,0,0,1,1,000000000000000000000011111111,/home/zhupl25/chiplet_side_channel/chiplet_gds_data/power_macro/delay_chain/ftc/runs/b_fe_frontend/bfe14_arch1_benign_temp_drift/physical/seed_41007/t_+125C/source_hspice
41007,125,22,RISE,204,204,0,0,0,0,0,0,0,000000000000000000000011111111,/home/zhupl25/chiplet_side_channel/chiplet_gds_data/power_macro/delay_chain/ftc/runs/b_fe_frontend/bfe14_arch1_benign_temp_drift/physical/seed_41007/t_+125C/source_hspice
41007,125,23,FALL,204,182,22,22,0,0,0,1,1,000000000000000000000011111111,/home/zhupl25/chiplet_side_channel/chiplet_gds_data/power_macro/delay_chain/ftc/runs/b_fe_frontend/bfe14_arch1_benign_temp_drift/physical/seed_41007/t_+125C/source_hspice
41008,-40,0,RISE,182,182,0,0,0,0,0,0,0,000000000000000000000001111111,/home/zhupl25/chiplet_side_channel/chiplet_gds_data/power_macro/delay_chain/ftc/runs/b_fe_frontend/bfe14_arch1_benign_temp_drift/physical/seed_41008/t_-040C/source_hspice
41008,-40,1,FALL,159,159,0,0,0,0,0,0,0,000000000000000000000000111111,/home/zhupl25/chiplet_side_channel/chiplet_gds_data/power_macro/delay_chain/ftc/runs/b_fe_frontend/bfe14_arch1_benign_temp_drift/physical/seed_41008/t_-040C/source_hspice
41008,-40,2,RISE,159,182,-23,23,0,0,1,1,1,000000000000000000000000111111,/home/zhupl25/chiplet_side_channel/chiplet_gds_data/power_macro/delay_chain/ftc/runs/b_fe_frontend/bfe14_arch1_benign_temp_drift/physical/seed_41008/t_-040C/source_hspice
41008,-40,3,FALL,135,159,-24,24,0,0,0,1,1,000000000000000000000000011111,/home/zhupl25/chiplet_side_channel/chiplet_gds_data/power_macro/delay_chain/ftc/runs/b_fe_frontend/bfe14_arch1_benign_temp_drift/physical/seed_41008/t_-040C/source_hspice
41008,-40,4,RISE,182,182,0,0,0,0,0,0,0,000000000000000000000001111111,/home/zhupl25/chiplet_side_channel/chiplet_gds_data/power_macro/delay_chain/ftc/runs/b_fe_frontend/bfe14_arch1_benign_temp_drift/physical/seed_41008/t_-040C/source_hspice
41008,-40,5,FALL,159,159,0,0,0,0,0,0,0,000000000000000000000000111111,/home/zhupl25/chiplet_side_channel/chiplet_gds_data/power_macro/delay_chain/ftc/runs/b_fe_frontend/bfe14_arch1_benign_temp_drift/physical/seed_41008/t_-040C/source_hspice
41008,-40,6,RISE,159,182,-23,23,0,0,1,1,1,000000000000000000000000111111,/home/zhupl25/chiplet_side_channel/chiplet_gds_data/power_macro/delay_chain/ftc/runs/b_fe_frontend/bfe14_arch1_benign_temp_drift/physical/seed_41008/t_-040C/source_hspice
41008,-40,7,FALL,159,159,0,0,0,0,0,0,0,000000000000000000000000111111,/home/zhupl25/chiplet_side_channel/chiplet_gds_data/power_macro/delay_chain/ftc/runs/b_fe_frontend/bfe14_arch1_benign_temp_drift/physical/seed_41008/t_-040C/source_hspice
41008,-40,8,RISE,159,182,-23,23,0,0,1,1,1,000000000000000000000000111111,/home/zhupl25/chiplet_side_channel/chiplet_gds_data/power_macro/delay_chain/ftc/runs/b_fe_frontend/bfe14_arch1_benign_temp_drift/physical/seed_41008/t_-040C/source_hspice
41008,-40,9,FALL,159,159,0,0,0,0,0,0,0,000000000000000000000000111111,/home/zhupl25/chiplet_side_channel/chiplet_gds_data/power_macro/delay_chain/ftc/runs/b_fe_frontend/bfe14_arch1_benign_temp_drift/physical/seed_41008/t_-040C/source_hspice
41008,-40,10,RISE,182,182,0,0,0,0,0,0,0,000000000000000000000001111111,/home/zhupl25/chiplet_side_channel/chiplet_gds_data/power_macro/delay_chain/ftc/runs/b_fe_frontend/bfe14_arch1_benign_temp_drift/physical/seed_41008/t_-040C/source_hspice
41008,-40,11,FALL,135,159,-24,24,0,0,0,1,1,000000000000000000000000011111,/home/zhupl25/chiplet_side_channel/chiplet_gds_data/power_macro/delay_chain/ftc/runs/b_fe_frontend/bfe14_arch1_benign_temp_drift/physical/seed_41008/t_-040C/source_hspice
41008,-40,12,RISE,159,182,-23,23,0,0,1,1,1,000000000000000000000000111111,/home/zhupl25/chiplet_side_channel/chiplet_gds_data/power_macro/delay_chain/ftc/runs/b_fe_frontend/bfe14_arch1_benign_temp_drift/physical/seed_41008/t_-040C/source_hspice
41008,-40,13,FALL,135,159,-24,24,0,0,0,1,1,000000000000000000000000011111,/home/zhupl25/chiplet_side_channel/chiplet_gds_data/power_macro/delay_chain/ftc/runs/b_fe_frontend/bfe14_arch1_benign_temp_drift/physical/seed_41008/t_-040C/source_hspice
41008,-40,14,RISE,159,182,-23,23,0,0,1,1,1,000000000000000000000000111111,/home/zhupl25/chiplet_side_channel/chiplet_gds_data/power_macro/delay_chain/ftc/runs/b_fe_frontend/bfe14_arch1_benign_temp_drift/physical/seed_41008/t_-040C/source_hspice
41008,-40,15,FALL,135,159,-24,24,0,0,0,1,1,000000000000000000000000011111,/home/zhupl25/chiplet_side_channel/chiplet_gds_data/power_macro/delay_chain/ftc/runs/b_fe_frontend/bfe14_arch1_benign_temp_drift/physical/seed_41008/t_-040C/source_hspice
41008,-40,16,RISE,159,182,-23,23,0,0,1,1,1,000000000000000000000000111111,/home/zhupl25/chiplet_side_channel/chiplet_gds_data/power_macro/delay_chain/ftc/runs/b_fe_frontend/bfe14_arch1_benign_temp_drift/physical/seed_41008/t_-040C/source_hspice
41008,-40,17,FALL,159,159,0,0,0,0,0,0,0,000000000000000000000000111111,/home/zhupl25/chiplet_side_channel/chiplet_gds_data/power_macro/delay_chain/ftc/runs/b_fe_frontend/bfe14_arch1_benign_temp_drift/physical/seed_41008/t_-040C/source_hspice
41008,-40,18,RISE,159,182,-23,23,0,0,1,1,1,000000000000000000000000111111,/home/zhupl25/chiplet_side_channel/chiplet_gds_data/power_macro/delay_chain/ftc/runs/b_fe_frontend/bfe14_arch1_benign_temp_drift/physical/seed_41008/t_-040C/source_hspice
41008,-40,19,FALL,135,159,-24,24,0,0,0,1,1,000000000000000000000000011111,/home/zhupl25/chiplet_side_channel/chiplet_gds_data/power_macro/delay_chain/ftc/runs/b_fe_frontend/bfe14_arch1_benign_temp_drift/physical/seed_41008/t_-040C/source_hspice
41008,-40,20,RISE,159,182,-23,23,0,0,1,1,1,000000000000000000000000111111,/home/zhupl25/chiplet_side_channel/chiplet_gds_data/power_macro/delay_chain/ftc/runs/b_fe_frontend/bfe14_arch1_benign_temp_drift/physical/seed_41008/t_-040C/source_hspice
41008,-40,21,FALL,135,159,-24,24,0,0,0,1,1,000000000000000000000000011111,/home/zhupl25/chiplet_side_channel/chiplet_gds_data/power_macro/delay_chain/ftc/runs/b_fe_frontend/bfe14_arch1_benign_temp_drift/physical/seed_41008/t_-040C/source_hspice
41008,-40,22,RISE,182,182,0,0,0,0,0,0,0,000000000000000000000001111111,/home/zhupl25/chiplet_side_channel/chiplet_gds_data/power_macro/delay_chain/ftc/runs/b_fe_frontend/bfe14_arch1_benign_temp_drift/physical/seed_41008/t_-040C/source_hspice
41008,-40,23,FALL,159,159,0,0,0,0,0,0,0,000000000000000000000000111111,/home/zhupl25/chiplet_side_channel/chiplet_gds_data/power_macro/delay_chain/ftc/runs/b_fe_frontend/bfe14_arch1_benign_temp_drift/physical/seed_41008/t_-040C/source_hspice
41008,125,0,RISE,204,182,22,22,1,1,0,1,1,000000000000000000000011111111,/home/zhupl25/chiplet_side_channel/chiplet_gds_data/power_macro/delay_chain/ftc/runs/b_fe_frontend/bfe14_arch1_benign_temp_drift/physical/seed_41008/t_+125C/source_hspice
41008,125,1,FALL,204,159,45,45,0,0,1,1,1,000000000000000000000011111111,/home/zhupl25/chiplet_side_channel/chiplet_gds_data/power_macro/delay_chain/ftc/runs/b_fe_frontend/bfe14_arch1_benign_temp_drift/physical/seed_41008/t_+125C/source_hspice
41008,125,2,RISE,204,182,22,22,1,1,0,1,1,000000000000000000000011111111,/home/zhupl25/chiplet_side_channel/chiplet_gds_data/power_macro/delay_chain/ftc/runs/b_fe_frontend/bfe14_arch1_benign_temp_drift/physical/seed_41008/t_+125C/source_hspice
41008,125,3,FALL,182,159,23,23,0,0,0,1,1,000000000000000000000001111111,/home/zhupl25/chiplet_side_channel/chiplet_gds_data/power_macro/delay_chain/ftc/runs/b_fe_frontend/bfe14_arch1_benign_temp_drift/physical/seed_41008/t_+125C/source_hspice
41008,125,4,RISE,204,182,22,22,1,1,0,1,1,000000000000000000000011111111,/home/zhupl25/chiplet_side_channel/chiplet_gds_data/power_macro/delay_chain/ftc/runs/b_fe_frontend/bfe14_arch1_benign_temp_drift/physical/seed_41008/t_+125C/source_hspice
41008,125,5,FALL,204,159,45,45,0,0,1,1,1,000000000000000000000011111111,/home/zhupl25/chiplet_side_channel/chiplet_gds_data/power_macro/delay_chain/ftc/runs/b_fe_frontend/bfe14_arch1_benign_temp_drift/physical/seed_41008/t_+125C/source_hspice
41008,125,6,RISE,204,182,22,22,1,1,0,1,1,000000000000000000000011111111,/home/zhupl25/chiplet_side_channel/chiplet_gds_data/power_macro/delay_chain/ftc/runs/b_fe_frontend/bfe14_arch1_benign_temp_drift/physical/seed_41008/t_+125C/source_hspice
41008,125,7,FALL,204,159,45,45,0,0,1,1,1,000000000000000000000011111111,/home/zhupl25/chiplet_side_channel/chiplet_gds_data/power_macro/delay_chain/ftc/runs/b_fe_frontend/bfe14_arch1_benign_temp_drift/physical/seed_41008/t_+125C/source_hspice
41008,125,8,RISE,204,182,22,22,1,1,0,1,1,000000000000000000000011111111,/home/zhupl25/chiplet_side_channel/chiplet_gds_data/power_macro/delay_chain/ftc/runs/b_fe_frontend/bfe14_arch1_benign_temp_drift/physical/seed_41008/t_+125C/source_hspice
41008,125,9,FALL,204,159,45,45,0,0,1,1,1,000000000000000000000011111111,/home/zhupl25/chiplet_side_channel/chiplet_gds_data/power_macro/delay_chain/ftc/runs/b_fe_frontend/bfe14_arch1_benign_temp_drift/physical/seed_41008/t_+125C/source_hspice
41008,125,10,RISE,204,182,22,22,1,1,0,1,1,000000000000000000000011111111,/home/zhupl25/chiplet_side_channel/chiplet_gds_data/power_macro/delay_chain/ftc/runs/b_fe_frontend/bfe14_arch1_benign_temp_drift/physical/seed_41008/t_+125C/source_hspice
41008,125,11,FALL,182,159,23,23,0,0,0,1,1,000000000000000000000001111111,/home/zhupl25/chiplet_side_channel/chiplet_gds_data/power_macro/delay_chain/ftc/runs/b_fe_frontend/bfe14_arch1_benign_temp_drift/physical/seed_41008/t_+125C/source_hspice
41008,125,12,RISE,204,182,22,22,1,1,0,1,1,000000000000000000000011111111,/home/zhupl25/chiplet_side_channel/chiplet_gds_data/power_macro/delay_chain/ftc/runs/b_fe_frontend/bfe14_arch1_benign_temp_drift/physical/seed_41008/t_+125C/source_hspice
41008,125,13,FALL,182,159,23,23,0,0,0,1,1,000000000000000000000001111111,/home/zhupl25/chiplet_side_channel/chiplet_gds_data/power_macro/delay_chain/ftc/runs/b_fe_frontend/bfe14_arch1_benign_temp_drift/physical/seed_41008/t_+125C/source_hspice
41008,125,14,RISE,204,182,22,22,1,1,0,1,1,000000000000000000000011111111,/home/zhupl25/chiplet_side_channel/chiplet_gds_data/power_macro/delay_chain/ftc/runs/b_fe_frontend/bfe14_arch1_benign_temp_drift/physical/seed_41008/t_+125C/source_hspice
41008,125,15,FALL,182,159,23,23,0,0,0,1,1,000000000000000000000001111111,/home/zhupl25/chiplet_side_channel/chiplet_gds_data/power_macro/delay_chain/ftc/runs/b_fe_frontend/bfe14_arch1_benign_temp_drift/physical/seed_41008/t_+125C/source_hspice
41008,125,16,RISE,204,182,22,22,1,1,0,1,1,000000000000000000000011111111,/home/zhupl25/chiplet_side_channel/chiplet_gds_data/power_macro/delay_chain/ftc/runs/b_fe_frontend/bfe14_arch1_benign_temp_drift/physical/seed_41008/t_+125C/source_hspice
41008,125,17,FALL,204,159,45,45,0,0,1,1,1,000000000000000000000011111111,/home/zhupl25/chiplet_side_channel/chiplet_gds_data/power_macro/delay_chain/ftc/runs/b_fe_frontend/bfe14_arch1_benign_temp_drift/physical/seed_41008/t_+125C/source_hspice
41008,125,18,RISE,204,182,22,22,1,1,0,1,1,000000000000000000000011111111,/home/zhupl25/chiplet_side_channel/chiplet_gds_data/power_macro/delay_chain/ftc/runs/b_fe_frontend/bfe14_arch1_benign_temp_drift/physical/seed_41008/t_+125C/source_hspice
41008,125,19,FALL,182,159,23,23,0,0,0,1,1,000000000000000000000001111111,/home/zhupl25/chiplet_side_channel/chiplet_gds_data/power_macro/delay_chain/ftc/runs/b_fe_frontend/bfe14_arch1_benign_temp_drift/physical/seed_41008/t_+125C/source_hspice
41008,125,20,RISE,204,182,22,22,1,1,0,1,1,000000000000000000000011111111,/home/zhupl25/chiplet_side_channel/chiplet_gds_data/power_macro/delay_chain/ftc/runs/b_fe_frontend/bfe14_arch1_benign_temp_drift/physical/seed_41008/t_+125C/source_hspice
41008,125,21,FALL,182,159,23,23,0,0,0,1,1,000000000000000000000001111111,/home/zhupl25/chiplet_side_channel/chiplet_gds_data/power_macro/delay_chain/ftc/runs/b_fe_frontend/bfe14_arch1_benign_temp_drift/physical/seed_41008/t_+125C/source_hspice
41008,125,22,RISE,204,182,22,22,1,1,0,1,1,000000000000000000000011111111,/home/zhupl25/chiplet_side_channel/chiplet_gds_data/power_macro/delay_chain/ftc/runs/b_fe_frontend/bfe14_arch1_benign_temp_drift/physical/seed_41008/t_+125C/source_hspice
41008,125,23,FALL,204,159,45,45,0,0,1,1,1,000000000000000000000011111111,/home/zhupl25/chiplet_side_channel/chiplet_gds_data/power_macro/delay_chain/ftc/runs/b_fe_frontend/bfe14_arch1_benign_temp_drift/physical/seed_41008/t_+125C/source_hspice
41009,-40,0,RISE,182,187,-5,5,0,0,0,0,1,000000000000000000000001111111,/home/zhupl25/chiplet_side_channel/chiplet_gds_data/power_macro/delay_chain/ftc/runs/b_fe_frontend/bfe14_arch1_benign_temp_drift/physical/seed_41009/t_-040C/source_hspice
41009,-40,1,FALL,135,159,-24,24,0,0,0,1,1,000000000000000000000000011111,/home/zhupl25/chiplet_side_channel/chiplet_gds_data/power_macro/delay_chain/ftc/runs/b_fe_frontend/bfe14_arch1_benign_temp_drift/physical/seed_41009/t_-040C/source_hspice
41009,-40,2,RISE,182,187,-5,5,0,0,0,0,1,000000000000000000000001111111,/home/zhupl25/chiplet_side_channel/chiplet_gds_data/power_macro/delay_chain/ftc/runs/b_fe_frontend/bfe14_arch1_benign_temp_drift/physical/seed_41009/t_-040C/source_hspice
41009,-40,3,FALL,135,159,-24,24,0,0,0,1,1,000000000000000000000000011111,/home/zhupl25/chiplet_side_channel/chiplet_gds_data/power_macro/delay_chain/ftc/runs/b_fe_frontend/bfe14_arch1_benign_temp_drift/physical/seed_41009/t_-040C/source_hspice
41009,-40,4,RISE,182,187,-5,5,0,0,0,0,1,000000000000000000000001111111,/home/zhupl25/chiplet_side_channel/chiplet_gds_data/power_macro/delay_chain/ftc/runs/b_fe_frontend/bfe14_arch1_benign_temp_drift/physical/seed_41009/t_-040C/source_hspice
41009,-40,5,FALL,135,159,-24,24,0,0,0,1,1,000000000000000000000000011111,/home/zhupl25/chiplet_side_channel/chiplet_gds_data/power_macro/delay_chain/ftc/runs/b_fe_frontend/bfe14_arch1_benign_temp_drift/physical/seed_41009/t_-040C/source_hspice
41009,-40,6,RISE,159,187,-28,28,0,0,1,1,1,000000000000000000000000111111,/home/zhupl25/chiplet_side_channel/chiplet_gds_data/power_macro/delay_chain/ftc/runs/b_fe_frontend/bfe14_arch1_benign_temp_drift/physical/seed_41009/t_-040C/source_hspice
41009,-40,7,FALL,135,159,-24,24,0,0,0,1,1,000000000000000000000000011111,/home/zhupl25/chiplet_side_channel/chiplet_gds_data/power_macro/delay_chain/ftc/runs/b_fe_frontend/bfe14_arch1_benign_temp_drift/physical/seed_41009/t_-040C/source_hspice
41009,-40,8,RISE,182,187,-5,5,0,0,0,0,1,000000000000000000000001111111,/home/zhupl25/chiplet_side_channel/chiplet_gds_data/power_macro/delay_chain/ftc/runs/b_fe_frontend/bfe14_arch1_benign_temp_drift/physical/seed_41009/t_-040C/source_hspice
41009,-40,9,FALL,135,159,-24,24,0,0,0,1,1,000000000000000000000000011111,/home/zhupl25/chiplet_side_channel/chiplet_gds_data/power_macro/delay_chain/ftc/runs/b_fe_frontend/bfe14_arch1_benign_temp_drift/physical/seed_41009/t_-040C/source_hspice
41009,-40,10,RISE,182,187,-5,5,0,0,0,0,1,000000000000000000000001111111,/home/zhupl25/chiplet_side_channel/chiplet_gds_data/power_macro/delay_chain/ftc/runs/b_fe_frontend/bfe14_arch1_benign_temp_drift/physical/seed_41009/t_-040C/source_hspice
41009,-40,11,FALL,135,159,-24,24,0,0,0,1,1,000000000000000000000000011111,/home/zhupl25/chiplet_side_channel/chiplet_gds_data/power_macro/delay_chain/ftc/runs/b_fe_frontend/bfe14_arch1_benign_temp_drift/physical/seed_41009/t_-040C/source_hspice
41009,-40,12,RISE,159,187,-28,28,0,0,1,1,1,000000000000000000000000111111,/home/zhupl25/chiplet_side_channel/chiplet_gds_data/power_macro/delay_chain/ftc/runs/b_fe_frontend/bfe14_arch1_benign_temp_drift/physical/seed_41009/t_-040C/source_hspice
41009,-40,13,FALL,135,159,-24,24,0,0,0,1,1,000000000000000000000000011111,/home/zhupl25/chiplet_side_channel/chiplet_gds_data/power_macro/delay_chain/ftc/runs/b_fe_frontend/bfe14_arch1_benign_temp_drift/physical/seed_41009/t_-040C/source_hspice
41009,-40,14,RISE,182,187,-5,5,0,0,0,0,1,000000000000000000000001111111,/home/zhupl25/chiplet_side_channel/chiplet_gds_data/power_macro/delay_chain/ftc/runs/b_fe_frontend/bfe14_arch1_benign_temp_drift/physical/seed_41009/t_-040C/source_hspice
41009,-40,15,FALL,135,159,-24,24,0,0,0,1,1,000000000000000000000000011111,/home/zhupl25/chiplet_side_channel/chiplet_gds_data/power_macro/delay_chain/ftc/runs/b_fe_frontend/bfe14_arch1_benign_temp_drift/physical/seed_41009/t_-040C/source_hspice
41009,-40,16,RISE,159,187,-28,28,0,0,1,1,1,000000000000000000000000111111,/home/zhupl25/chiplet_side_channel/chiplet_gds_data/power_macro/delay_chain/ftc/runs/b_fe_frontend/bfe14_arch1_benign_temp_drift/physical/seed_41009/t_-040C/source_hspice
41009,-40,17,FALL,135,159,-24,24,0,0,0,1,1,000000000000000000000000011111,/home/zhupl25/chiplet_side_channel/chiplet_gds_data/power_macro/delay_chain/ftc/runs/b_fe_frontend/bfe14_arch1_benign_temp_drift/physical/seed_41009/t_-040C/source_hspice
41009,-40,18,RISE,159,187,-28,28,0,0,1,1,1,000000000000000000000000111111,/home/zhupl25/chiplet_side_channel/chiplet_gds_data/power_macro/delay_chain/ftc/runs/b_fe_frontend/bfe14_arch1_benign_temp_drift/physical/seed_41009/t_-040C/source_hspice
41009,-40,19,FALL,135,159,-24,24,0,0,0,1,1,000000000000000000000000011111,/home/zhupl25/chiplet_side_channel/chiplet_gds_data/power_macro/delay_chain/ftc/runs/b_fe_frontend/bfe14_arch1_benign_temp_drift/physical/seed_41009/t_-040C/source_hspice
41009,-40,20,RISE,159,187,-28,28,0,0,1,1,1,000000000000000000000000111111,/home/zhupl25/chiplet_side_channel/chiplet_gds_data/power_macro/delay_chain/ftc/runs/b_fe_frontend/bfe14_arch1_benign_temp_drift/physical/seed_41009/t_-040C/source_hspice
41009,-40,21,FALL,135,159,-24,24,0,0,0,1,1,000000000000000000000000011111,/home/zhupl25/chiplet_side_channel/chiplet_gds_data/power_macro/delay_chain/ftc/runs/b_fe_frontend/bfe14_arch1_benign_temp_drift/physical/seed_41009/t_-040C/source_hspice
41009,-40,22,RISE,182,187,-5,5,0,0,0,0,1,000000000000000000000001111111,/home/zhupl25/chiplet_side_channel/chiplet_gds_data/power_macro/delay_chain/ftc/runs/b_fe_frontend/bfe14_arch1_benign_temp_drift/physical/seed_41009/t_-040C/source_hspice
41009,-40,23,FALL,135,159,-24,24,0,0,0,1,1,000000000000000000000000011111,/home/zhupl25/chiplet_side_channel/chiplet_gds_data/power_macro/delay_chain/ftc/runs/b_fe_frontend/bfe14_arch1_benign_temp_drift/physical/seed_41009/t_-040C/source_hspice
41009,125,0,RISE,204,187,17,17,0,0,0,1,1,000000000000000000000011111111,/home/zhupl25/chiplet_side_channel/chiplet_gds_data/power_macro/delay_chain/ftc/runs/b_fe_frontend/bfe14_arch1_benign_temp_drift/physical/seed_41009/t_+125C/source_hspice
41009,125,1,FALL,204,159,45,45,0,0,1,1,1,000000000000000000000011111111,/home/zhupl25/chiplet_side_channel/chiplet_gds_data/power_macro/delay_chain/ftc/runs/b_fe_frontend/bfe14_arch1_benign_temp_drift/physical/seed_41009/t_+125C/source_hspice
41009,125,2,RISE,204,187,17,17,0,0,0,1,1,000000000000000000000011111111,/home/zhupl25/chiplet_side_channel/chiplet_gds_data/power_macro/delay_chain/ftc/runs/b_fe_frontend/bfe14_arch1_benign_temp_drift/physical/seed_41009/t_+125C/source_hspice
41009,125,3,FALL,182,159,23,23,0,0,0,1,1,000000000000000000000001111111,/home/zhupl25/chiplet_side_channel/chiplet_gds_data/power_macro/delay_chain/ftc/runs/b_fe_frontend/bfe14_arch1_benign_temp_drift/physical/seed_41009/t_+125C/source_hspice
41009,125,4,RISE,225,187,38,38,1,1,1,1,1,000000000000000000000111111111,/home/zhupl25/chiplet_side_channel/chiplet_gds_data/power_macro/delay_chain/ftc/runs/b_fe_frontend/bfe14_arch1_benign_temp_drift/physical/seed_41009/t_+125C/source_hspice
41009,125,5,FALL,182,159,23,23,0,0,0,1,1,000000000000000000000001111111,/home/zhupl25/chiplet_side_channel/chiplet_gds_data/power_macro/delay_chain/ftc/runs/b_fe_frontend/bfe14_arch1_benign_temp_drift/physical/seed_41009/t_+125C/source_hspice
41009,125,6,RISE,204,187,17,17,0,0,0,1,1,000000000000000000000011111111,/home/zhupl25/chiplet_side_channel/chiplet_gds_data/power_macro/delay_chain/ftc/runs/b_fe_frontend/bfe14_arch1_benign_temp_drift/physical/seed_41009/t_+125C/source_hspice
41009,125,7,FALL,182,159,23,23,0,0,0,1,1,000000000000000000000001111111,/home/zhupl25/chiplet_side_channel/chiplet_gds_data/power_macro/delay_chain/ftc/runs/b_fe_frontend/bfe14_arch1_benign_temp_drift/physical/seed_41009/t_+125C/source_hspice
41009,125,8,RISE,204,187,17,17,0,0,0,1,1,000000000000000000000011111111,/home/zhupl25/chiplet_side_channel/chiplet_gds_data/power_macro/delay_chain/ftc/runs/b_fe_frontend/bfe14_arch1_benign_temp_drift/physical/seed_41009/t_+125C/source_hspice
41009,125,9,FALL,204,159,45,45,0,0,1,1,1,000000000000000000000011111111,/home/zhupl25/chiplet_side_channel/chiplet_gds_data/power_macro/delay_chain/ftc/runs/b_fe_frontend/bfe14_arch1_benign_temp_drift/physical/seed_41009/t_+125C/source_hspice
41009,125,10,RISE,204,187,17,17,0,0,0,1,1,000000000000000000000011111111,/home/zhupl25/chiplet_side_channel/chiplet_gds_data/power_macro/delay_chain/ftc/runs/b_fe_frontend/bfe14_arch1_benign_temp_drift/physical/seed_41009/t_+125C/source_hspice
41009,125,11,FALL,182,159,23,23,0,0,0,1,1,000000000000000000000001111111,/home/zhupl25/chiplet_side_channel/chiplet_gds_data/power_macro/delay_chain/ftc/runs/b_fe_frontend/bfe14_arch1_benign_temp_drift/physical/seed_41009/t_+125C/source_hspice
41009,125,12,RISE,204,187,17,17,0,0,0,1,1,000000000000000000000011111111,/home/zhupl25/chiplet_side_channel/chiplet_gds_data/power_macro/delay_chain/ftc/runs/b_fe_frontend/bfe14_arch1_benign_temp_drift/physical/seed_41009/t_+125C/source_hspice
41009,125,13,FALL,182,159,23,23,0,0,0,1,1,000000000000000000000001111111,/home/zhupl25/chiplet_side_channel/chiplet_gds_data/power_macro/delay_chain/ftc/runs/b_fe_frontend/bfe14_arch1_benign_temp_drift/physical/seed_41009/t_+125C/source_hspice
41009,125,14,RISE,204,187,17,17,0,0,0,1,1,000000000000000000000011111111,/home/zhupl25/chiplet_side_channel/chiplet_gds_data/power_macro/delay_chain/ftc/runs/b_fe_frontend/bfe14_arch1_benign_temp_drift/physical/seed_41009/t_+125C/source_hspice
41009,125,15,FALL,182,159,23,23,0,0,0,1,1,000000000000000000000001111111,/home/zhupl25/chiplet_side_channel/chiplet_gds_data/power_macro/delay_chain/ftc/runs/b_fe_frontend/bfe14_arch1_benign_temp_drift/physical/seed_41009/t_+125C/source_hspice
41009,125,16,RISE,204,187,17,17,0,0,0,1,1,000000000000000000000011111111,/home/zhupl25/chiplet_side_channel/chiplet_gds_data/power_macro/delay_chain/ftc/runs/b_fe_frontend/bfe14_arch1_benign_temp_drift/physical/seed_41009/t_+125C/source_hspice
41009,125,17,FALL,182,159,23,23,0,0,0,1,1,000000000000000000000001111111,/home/zhupl25/chiplet_side_channel/chiplet_gds_data/power_macro/delay_chain/ftc/runs/b_fe_frontend/bfe14_arch1_benign_temp_drift/physical/seed_41009/t_+125C/source_hspice
41009,125,18,RISE,204,187,17,17,0,0,0,1,1,000000000000000000000011111111,/home/zhupl25/chiplet_side_channel/chiplet_gds_data/power_macro/delay_chain/ftc/runs/b_fe_frontend/bfe14_arch1_benign_temp_drift/physical/seed_41009/t_+125C/source_hspice
41009,125,19,FALL,182,159,23,23,0,0,0,1,1,000000000000000000000001111111,/home/zhupl25/chiplet_side_channel/chiplet_gds_data/power_macro/delay_chain/ftc/runs/b_fe_frontend/bfe14_arch1_benign_temp_drift/physical/seed_41009/t_+125C/source_hspice
41009,125,20,RISE,204,187,17,17,0,0,0,1,1,000000000000000000000011111111,/home/zhupl25/chiplet_side_channel/chiplet_gds_data/power_macro/delay_chain/ftc/runs/b_fe_frontend/bfe14_arch1_benign_temp_drift/physical/seed_41009/t_+125C/source_hspice
41009,125,21,FALL,182,159,23,23,0,0,0,1,1,000000000000000000000001111111,/home/zhupl25/chiplet_side_channel/chiplet_gds_data/power_macro/delay_chain/ftc/runs/b_fe_frontend/bfe14_arch1_benign_temp_drift/physical/seed_41009/t_+125C/source_hspice
41009,125,22,RISE,204,187,17,17,0,0,0,1,1,000000000000000000000011111111,/home/zhupl25/chiplet_side_channel/chiplet_gds_data/power_macro/delay_chain/ftc/runs/b_fe_frontend/bfe14_arch1_benign_temp_drift/physical/seed_41009/t_+125C/source_hspice
41009,125,23,FALL,182,159,23,23,0,0,0,1,1,000000000000000000000001111111,/home/zhupl25/chiplet_side_channel/chiplet_gds_data/power_macro/delay_chain/ftc/runs/b_fe_frontend/bfe14_arch1_benign_temp_drift/physical/seed_41009/t_+125C/source_hspice
41010,-40,0,RISE,159,182,-23,23,0,0,1,1,1,000000000000000000000000111111,/home/zhupl25/chiplet_side_channel/chiplet_gds_data/power_macro/delay_chain/ftc/runs/b_fe_frontend/bfe14_arch1_benign_temp_drift/physical/seed_41010/t_-040C/source_hspice
41010,-40,1,FALL,135,159,-24,24,0,0,0,1,1,000000000000000000000000011111,/home/zhupl25/chiplet_side_channel/chiplet_gds_data/power_macro/delay_chain/ftc/runs/b_fe_frontend/bfe14_arch1_benign_temp_drift/physical/seed_41010/t_-040C/source_hspice
41010,-40,2,RISE,159,182,-23,23,0,0,1,1,1,000000000000000000000000111111,/home/zhupl25/chiplet_side_channel/chiplet_gds_data/power_macro/delay_chain/ftc/runs/b_fe_frontend/bfe14_arch1_benign_temp_drift/physical/seed_41010/t_-040C/source_hspice
41010,-40,3,FALL,135,159,-24,24,0,0,0,1,1,000000000000000000000000011111,/home/zhupl25/chiplet_side_channel/chiplet_gds_data/power_macro/delay_chain/ftc/runs/b_fe_frontend/bfe14_arch1_benign_temp_drift/physical/seed_41010/t_-040C/source_hspice
41010,-40,4,RISE,159,182,-23,23,0,0,1,1,1,000000000000000000000000111111,/home/zhupl25/chiplet_side_channel/chiplet_gds_data/power_macro/delay_chain/ftc/runs/b_fe_frontend/bfe14_arch1_benign_temp_drift/physical/seed_41010/t_-040C/source_hspice
41010,-40,5,FALL,135,159,-24,24,0,0,0,1,1,000000000000000000000000011111,/home/zhupl25/chiplet_side_channel/chiplet_gds_data/power_macro/delay_chain/ftc/runs/b_fe_frontend/bfe14_arch1_benign_temp_drift/physical/seed_41010/t_-040C/source_hspice
41010,-40,6,RISE,159,182,-23,23,0,0,1,1,1,000000000000000000000000111111,/home/zhupl25/chiplet_side_channel/chiplet_gds_data/power_macro/delay_chain/ftc/runs/b_fe_frontend/bfe14_arch1_benign_temp_drift/physical/seed_41010/t_-040C/source_hspice
41010,-40,7,FALL,135,159,-24,24,0,0,0,1,1,000000000000000000000000011111,/home/zhupl25/chiplet_side_channel/chiplet_gds_data/power_macro/delay_chain/ftc/runs/b_fe_frontend/bfe14_arch1_benign_temp_drift/physical/seed_41010/t_-040C/source_hspice
41010,-40,8,RISE,159,182,-23,23,0,0,1,1,1,000000000000000000000000111111,/home/zhupl25/chiplet_side_channel/chiplet_gds_data/power_macro/delay_chain/ftc/runs/b_fe_frontend/bfe14_arch1_benign_temp_drift/physical/seed_41010/t_-040C/source_hspice
41010,-40,9,FALL,135,159,-24,24,0,0,0,1,1,000000000000000000000000011111,/home/zhupl25/chiplet_side_channel/chiplet_gds_data/power_macro/delay_chain/ftc/runs/b_fe_frontend/bfe14_arch1_benign_temp_drift/physical/seed_41010/t_-040C/source_hspice
41010,-40,10,RISE,159,182,-23,23,0,0,1,1,1,000000000000000000000000111111,/home/zhupl25/chiplet_side_channel/chiplet_gds_data/power_macro/delay_chain/ftc/runs/b_fe_frontend/bfe14_arch1_benign_temp_drift/physical/seed_41010/t_-040C/source_hspice
41010,-40,11,FALL,135,159,-24,24,0,0,0,1,1,000000000000000000000000011111,/home/zhupl25/chiplet_side_channel/chiplet_gds_data/power_macro/delay_chain/ftc/runs/b_fe_frontend/bfe14_arch1_benign_temp_drift/physical/seed_41010/t_-040C/source_hspice
41010,-40,12,RISE,159,182,-23,23,0,0,1,1,1,000000000000000000000000111111,/home/zhupl25/chiplet_side_channel/chiplet_gds_data/power_macro/delay_chain/ftc/runs/b_fe_frontend/bfe14_arch1_benign_temp_drift/physical/seed_41010/t_-040C/source_hspice
41010,-40,13,FALL,135,159,-24,24,0,0,0,1,1,000000000000000000000000011111,/home/zhupl25/chiplet_side_channel/chiplet_gds_data/power_macro/delay_chain/ftc/runs/b_fe_frontend/bfe14_arch1_benign_temp_drift/physical/seed_41010/t_-040C/source_hspice
41010,-40,14,RISE,159,182,-23,23,0,0,1,1,1,000000000000000000000000111111,/home/zhupl25/chiplet_side_channel/chiplet_gds_data/power_macro/delay_chain/ftc/runs/b_fe_frontend/bfe14_arch1_benign_temp_drift/physical/seed_41010/t_-040C/source_hspice
41010,-40,15,FALL,135,159,-24,24,0,0,0,1,1,000000000000000000000000011111,/home/zhupl25/chiplet_side_channel/chiplet_gds_data/power_macro/delay_chain/ftc/runs/b_fe_frontend/bfe14_arch1_benign_temp_drift/physical/seed_41010/t_-040C/source_hspice
41010,-40,16,RISE,159,182,-23,23,0,0,1,1,1,000000000000000000000000111111,/home/zhupl25/chiplet_side_channel/chiplet_gds_data/power_macro/delay_chain/ftc/runs/b_fe_frontend/bfe14_arch1_benign_temp_drift/physical/seed_41010/t_-040C/source_hspice
41010,-40,17,FALL,135,159,-24,24,0,0,0,1,1,000000000000000000000000011111,/home/zhupl25/chiplet_side_channel/chiplet_gds_data/power_macro/delay_chain/ftc/runs/b_fe_frontend/bfe14_arch1_benign_temp_drift/physical/seed_41010/t_-040C/source_hspice
41010,-40,18,RISE,159,182,-23,23,0,0,1,1,1,000000000000000000000000111111,/home/zhupl25/chiplet_side_channel/chiplet_gds_data/power_macro/delay_chain/ftc/runs/b_fe_frontend/bfe14_arch1_benign_temp_drift/physical/seed_41010/t_-040C/source_hspice
41010,-40,19,FALL,135,159,-24,24,0,0,0,1,1,000000000000000000000000011111,/home/zhupl25/chiplet_side_channel/chiplet_gds_data/power_macro/delay_chain/ftc/runs/b_fe_frontend/bfe14_arch1_benign_temp_drift/physical/seed_41010/t_-040C/source_hspice
41010,-40,20,RISE,159,182,-23,23,0,0,1,1,1,000000000000000000000000111111,/home/zhupl25/chiplet_side_channel/chiplet_gds_data/power_macro/delay_chain/ftc/runs/b_fe_frontend/bfe14_arch1_benign_temp_drift/physical/seed_41010/t_-040C/source_hspice
41010,-40,21,FALL,110,159,-49,49,0,0,1,1,1,000000000000000000000000001111,/home/zhupl25/chiplet_side_channel/chiplet_gds_data/power_macro/delay_chain/ftc/runs/b_fe_frontend/bfe14_arch1_benign_temp_drift/physical/seed_41010/t_-040C/source_hspice
41010,-40,22,RISE,159,182,-23,23,0,0,1,1,1,000000000000000000000000111111,/home/zhupl25/chiplet_side_channel/chiplet_gds_data/power_macro/delay_chain/ftc/runs/b_fe_frontend/bfe14_arch1_benign_temp_drift/physical/seed_41010/t_-040C/source_hspice
41010,-40,23,FALL,135,159,-24,24,0,0,0,1,1,000000000000000000000000011111,/home/zhupl25/chiplet_side_channel/chiplet_gds_data/power_macro/delay_chain/ftc/runs/b_fe_frontend/bfe14_arch1_benign_temp_drift/physical/seed_41010/t_-040C/source_hspice
41010,125,0,RISE,204,182,22,22,1,1,0,1,1,000000000000000000000011111111,/home/zhupl25/chiplet_side_channel/chiplet_gds_data/power_macro/delay_chain/ftc/runs/b_fe_frontend/bfe14_arch1_benign_temp_drift/physical/seed_41010/t_+125C/source_hspice
41010,125,1,FALL,204,159,45,45,0,0,1,1,1,000000000000000000000011111111,/home/zhupl25/chiplet_side_channel/chiplet_gds_data/power_macro/delay_chain/ftc/runs/b_fe_frontend/bfe14_arch1_benign_temp_drift/physical/seed_41010/t_+125C/source_hspice
41010,125,2,RISE,204,182,22,22,1,1,0,1,1,000000000000000000000011111111,/home/zhupl25/chiplet_side_channel/chiplet_gds_data/power_macro/delay_chain/ftc/runs/b_fe_frontend/bfe14_arch1_benign_temp_drift/physical/seed_41010/t_+125C/source_hspice
41010,125,3,FALL,182,159,23,23,0,0,0,1,1,000000000000000000000001111111,/home/zhupl25/chiplet_side_channel/chiplet_gds_data/power_macro/delay_chain/ftc/runs/b_fe_frontend/bfe14_arch1_benign_temp_drift/physical/seed_41010/t_+125C/source_hspice
41010,125,4,RISE,204,182,22,22,1,1,0,1,1,000000000000000000000011111111,/home/zhupl25/chiplet_side_channel/chiplet_gds_data/power_macro/delay_chain/ftc/runs/b_fe_frontend/bfe14_arch1_benign_temp_drift/physical/seed_41010/t_+125C/source_hspice
41010,125,5,FALL,204,159,45,45,0,0,1,1,1,000000000000000000000011111111,/home/zhupl25/chiplet_side_channel/chiplet_gds_data/power_macro/delay_chain/ftc/runs/b_fe_frontend/bfe14_arch1_benign_temp_drift/physical/seed_41010/t_+125C/source_hspice
41010,125,6,RISE,204,182,22,22,1,1,0,1,1,000000000000000000000011111111,/home/zhupl25/chiplet_side_channel/chiplet_gds_data/power_macro/delay_chain/ftc/runs/b_fe_frontend/bfe14_arch1_benign_temp_drift/physical/seed_41010/t_+125C/source_hspice
41010,125,7,FALL,182,159,23,23,0,0,0,1,1,000000000000000000000001111111,/home/zhupl25/chiplet_side_channel/chiplet_gds_data/power_macro/delay_chain/ftc/runs/b_fe_frontend/bfe14_arch1_benign_temp_drift/physical/seed_41010/t_+125C/source_hspice
41010,125,8,RISE,204,182,22,22,1,1,0,1,1,000000000000000000000011111111,/home/zhupl25/chiplet_side_channel/chiplet_gds_data/power_macro/delay_chain/ftc/runs/b_fe_frontend/bfe14_arch1_benign_temp_drift/physical/seed_41010/t_+125C/source_hspice
41010,125,9,FALL,204,159,45,45,0,0,1,1,1,000000000000000000000011111111,/home/zhupl25/chiplet_side_channel/chiplet_gds_data/power_macro/delay_chain/ftc/runs/b_fe_frontend/bfe14_arch1_benign_temp_drift/physical/seed_41010/t_+125C/source_hspice
41010,125,10,RISE,204,182,22,22,1,1,0,1,1,000000000000000000000011111111,/home/zhupl25/chiplet_side_channel/chiplet_gds_data/power_macro/delay_chain/ftc/runs/b_fe_frontend/bfe14_arch1_benign_temp_drift/physical/seed_41010/t_+125C/source_hspice
41010,125,11,FALL,182,159,23,23,0,0,0,1,1,000000000000000000000001111111,/home/zhupl25/chiplet_side_channel/chiplet_gds_data/power_macro/delay_chain/ftc/runs/b_fe_frontend/bfe14_arch1_benign_temp_drift/physical/seed_41010/t_+125C/source_hspice
41010,125,12,RISE,204,182,22,22,1,1,0,1,1,000000000000000000000011111111,/home/zhupl25/chiplet_side_channel/chiplet_gds_data/power_macro/delay_chain/ftc/runs/b_fe_frontend/bfe14_arch1_benign_temp_drift/physical/seed_41010/t_+125C/source_hspice
41010,125,13,FALL,182,159,23,23,0,0,0,1,1,000000000000000000000001111111,/home/zhupl25/chiplet_side_channel/chiplet_gds_data/power_macro/delay_chain/ftc/runs/b_fe_frontend/bfe14_arch1_benign_temp_drift/physical/seed_41010/t_+125C/source_hspice
41010,125,14,RISE,204,182,22,22,1,1,0,1,1,000000000000000000000011111111,/home/zhupl25/chiplet_side_channel/chiplet_gds_data/power_macro/delay_chain/ftc/runs/b_fe_frontend/bfe14_arch1_benign_temp_drift/physical/seed_41010/t_+125C/source_hspice
41010,125,15,FALL,182,159,23,23,0,0,0,1,1,000000000000000000000001111111,/home/zhupl25/chiplet_side_channel/chiplet_gds_data/power_macro/delay_chain/ftc/runs/b_fe_frontend/bfe14_arch1_benign_temp_drift/physical/seed_41010/t_+125C/source_hspice
41010,125,16,RISE,204,182,22,22,1,1,0,1,1,000000000000000000000011111111,/home/zhupl25/chiplet_side_channel/chiplet_gds_data/power_macro/delay_chain/ftc/runs/b_fe_frontend/bfe14_arch1_benign_temp_drift/physical/seed_41010/t_+125C/source_hspice
41010,125,17,FALL,204,159,45,45,0,0,1,1,1,000000000000000000000011111111,/home/zhupl25/chiplet_side_channel/chiplet_gds_data/power_macro/delay_chain/ftc/runs/b_fe_frontend/bfe14_arch1_benign_temp_drift/physical/seed_41010/t_+125C/source_hspice
41010,125,18,RISE,204,182,22,22,1,1,0,1,1,000000000000000000000011111111,/home/zhupl25/chiplet_side_channel/chiplet_gds_data/power_macro/delay_chain/ftc/runs/b_fe_frontend/bfe14_arch1_benign_temp_drift/physical/seed_41010/t_+125C/source_hspice
41010,125,19,FALL,182,159,23,23,0,0,0,1,1,000000000000000000000001111111,/home/zhupl25/chiplet_side_channel/chiplet_gds_data/power_macro/delay_chain/ftc/runs/b_fe_frontend/bfe14_arch1_benign_temp_drift/physical/seed_41010/t_+125C/source_hspice
41010,125,20,RISE,204,182,22,22,1,1,0,1,1,000000000000000000000011111111,/home/zhupl25/chiplet_side_channel/chiplet_gds_data/power_macro/delay_chain/ftc/runs/b_fe_frontend/bfe14_arch1_benign_temp_drift/physical/seed_41010/t_+125C/source_hspice
41010,125,21,FALL,182,159,23,23,0,0,0,1,1,000000000000000000000001111111,/home/zhupl25/chiplet_side_channel/chiplet_gds_data/power_macro/delay_chain/ftc/runs/b_fe_frontend/bfe14_arch1_benign_temp_drift/physical/seed_41010/t_+125C/source_hspice
41010,125,22,RISE,204,182,22,22,1,1,0,1,1,000000000000000000000011111111,/home/zhupl25/chiplet_side_channel/chiplet_gds_data/power_macro/delay_chain/ftc/runs/b_fe_frontend/bfe14_arch1_benign_temp_drift/physical/seed_41010/t_+125C/source_hspice
41010,125,23,FALL,182,159,23,23,0,0,0,1,1,000000000000000000000001111111,/home/zhupl25/chiplet_side_channel/chiplet_gds_data/power_macro/delay_chain/ftc/runs/b_fe_frontend/bfe14_arch1_benign_temp_drift/physical/seed_41010/t_+125C/source_hspice
41011,-40,0,RISE,159,176,-17,17,0,0,0,1,1,000000000000000000000000111111,/home/zhupl25/chiplet_side_channel/chiplet_gds_data/power_macro/delay_chain/ftc/runs/b_fe_frontend/bfe14_arch1_benign_temp_drift/physical/seed_41011/t_-040C/source_hspice
41011,-40,1,FALL,135,159,-24,24,0,0,0,1,1,000000000000000000000000011111,/home/zhupl25/chiplet_side_channel/chiplet_gds_data/power_macro/delay_chain/ftc/runs/b_fe_frontend/bfe14_arch1_benign_temp_drift/physical/seed_41011/t_-040C/source_hspice
41011,-40,2,RISE,159,176,-17,17,0,0,0,1,1,000000000000000000000000111111,/home/zhupl25/chiplet_side_channel/chiplet_gds_data/power_macro/delay_chain/ftc/runs/b_fe_frontend/bfe14_arch1_benign_temp_drift/physical/seed_41011/t_-040C/source_hspice
41011,-40,3,FALL,135,159,-24,24,0,0,0,1,1,000000000000000000000000011111,/home/zhupl25/chiplet_side_channel/chiplet_gds_data/power_macro/delay_chain/ftc/runs/b_fe_frontend/bfe14_arch1_benign_temp_drift/physical/seed_41011/t_-040C/source_hspice
41011,-40,4,RISE,159,176,-17,17,0,0,0,1,1,000000000000000000000000111111,/home/zhupl25/chiplet_side_channel/chiplet_gds_data/power_macro/delay_chain/ftc/runs/b_fe_frontend/bfe14_arch1_benign_temp_drift/physical/seed_41011/t_-040C/source_hspice
41011,-40,5,FALL,135,159,-24,24,0,0,0,1,1,000000000000000000000000011111,/home/zhupl25/chiplet_side_channel/chiplet_gds_data/power_macro/delay_chain/ftc/runs/b_fe_frontend/bfe14_arch1_benign_temp_drift/physical/seed_41011/t_-040C/source_hspice
41011,-40,6,RISE,135,176,-41,41,0,0,1,1,1,000000000000000000000000011111,/home/zhupl25/chiplet_side_channel/chiplet_gds_data/power_macro/delay_chain/ftc/runs/b_fe_frontend/bfe14_arch1_benign_temp_drift/physical/seed_41011/t_-040C/source_hspice
41011,-40,7,FALL,135,159,-24,24,0,0,0,1,1,000000000000000000000000011111,/home/zhupl25/chiplet_side_channel/chiplet_gds_data/power_macro/delay_chain/ftc/runs/b_fe_frontend/bfe14_arch1_benign_temp_drift/physical/seed_41011/t_-040C/source_hspice
41011,-40,8,RISE,159,176,-17,17,0,0,0,1,1,000000000000000000000000111111,/home/zhupl25/chiplet_side_channel/chiplet_gds_data/power_macro/delay_chain/ftc/runs/b_fe_frontend/bfe14_arch1_benign_temp_drift/physical/seed_41011/t_-040C/source_hspice
41011,-40,9,FALL,135,159,-24,24,0,0,0,1,1,000000000000000000000000011111,/home/zhupl25/chiplet_side_channel/chiplet_gds_data/power_macro/delay_chain/ftc/runs/b_fe_frontend/bfe14_arch1_benign_temp_drift/physical/seed_41011/t_-040C/source_hspice
41011,-40,10,RISE,159,176,-17,17,0,0,0,1,1,000000000000000000000000111111,/home/zhupl25/chiplet_side_channel/chiplet_gds_data/power_macro/delay_chain/ftc/runs/b_fe_frontend/bfe14_arch1_benign_temp_drift/physical/seed_41011/t_-040C/source_hspice
41011,-40,11,FALL,135,159,-24,24,0,0,0,1,1,000000000000000000000000011111,/home/zhupl25/chiplet_side_channel/chiplet_gds_data/power_macro/delay_chain/ftc/runs/b_fe_frontend/bfe14_arch1_benign_temp_drift/physical/seed_41011/t_-040C/source_hspice
41011,-40,12,RISE,135,176,-41,41,0,0,1,1,1,000000000000000000000000011111,/home/zhupl25/chiplet_side_channel/chiplet_gds_data/power_macro/delay_chain/ftc/runs/b_fe_frontend/bfe14_arch1_benign_temp_drift/physical/seed_41011/t_-040C/source_hspice
41011,-40,13,FALL,135,159,-24,24,0,0,0,1,1,000000000000000000000000011111,/home/zhupl25/chiplet_side_channel/chiplet_gds_data/power_macro/delay_chain/ftc/runs/b_fe_frontend/bfe14_arch1_benign_temp_drift/physical/seed_41011/t_-040C/source_hspice
41011,-40,14,RISE,159,176,-17,17,0,0,0,1,1,000000000000000000000000111111,/home/zhupl25/chiplet_side_channel/chiplet_gds_data/power_macro/delay_chain/ftc/runs/b_fe_frontend/bfe14_arch1_benign_temp_drift/physical/seed_41011/t_-040C/source_hspice
41011,-40,15,FALL,135,159,-24,24,0,0,0,1,1,000000000000000000000000011111,/home/zhupl25/chiplet_side_channel/chiplet_gds_data/power_macro/delay_chain/ftc/runs/b_fe_frontend/bfe14_arch1_benign_temp_drift/physical/seed_41011/t_-040C/source_hspice
41011,-40,16,RISE,135,176,-41,41,0,0,1,1,1,000000000000000000000000011111,/home/zhupl25/chiplet_side_channel/chiplet_gds_data/power_macro/delay_chain/ftc/runs/b_fe_frontend/bfe14_arch1_benign_temp_drift/physical/seed_41011/t_-040C/source_hspice
41011,-40,17,FALL,135,159,-24,24,0,0,0,1,1,000000000000000000000000011111,/home/zhupl25/chiplet_side_channel/chiplet_gds_data/power_macro/delay_chain/ftc/runs/b_fe_frontend/bfe14_arch1_benign_temp_drift/physical/seed_41011/t_-040C/source_hspice
41011,-40,18,RISE,135,176,-41,41,0,0,1,1,1,000000000000000000000000011111,/home/zhupl25/chiplet_side_channel/chiplet_gds_data/power_macro/delay_chain/ftc/runs/b_fe_frontend/bfe14_arch1_benign_temp_drift/physical/seed_41011/t_-040C/source_hspice
41011,-40,19,FALL,135,159,-24,24,0,0,0,1,1,000000000000000000000000011111,/home/zhupl25/chiplet_side_channel/chiplet_gds_data/power_macro/delay_chain/ftc/runs/b_fe_frontend/bfe14_arch1_benign_temp_drift/physical/seed_41011/t_-040C/source_hspice
41011,-40,20,RISE,135,176,-41,41,0,0,1,1,1,000000000000000000000000011111,/home/zhupl25/chiplet_side_channel/chiplet_gds_data/power_macro/delay_chain/ftc/runs/b_fe_frontend/bfe14_arch1_benign_temp_drift/physical/seed_41011/t_-040C/source_hspice
41011,-40,21,FALL,135,159,-24,24,0,0,0,1,1,000000000000000000000000011111,/home/zhupl25/chiplet_side_channel/chiplet_gds_data/power_macro/delay_chain/ftc/runs/b_fe_frontend/bfe14_arch1_benign_temp_drift/physical/seed_41011/t_-040C/source_hspice
41011,-40,22,RISE,159,176,-17,17,0,0,0,1,1,000000000000000000000000111111,/home/zhupl25/chiplet_side_channel/chiplet_gds_data/power_macro/delay_chain/ftc/runs/b_fe_frontend/bfe14_arch1_benign_temp_drift/physical/seed_41011/t_-040C/source_hspice
41011,-40,23,FALL,135,159,-24,24,0,0,0,1,1,000000000000000000000000011111,/home/zhupl25/chiplet_side_channel/chiplet_gds_data/power_macro/delay_chain/ftc/runs/b_fe_frontend/bfe14_arch1_benign_temp_drift/physical/seed_41011/t_-040C/source_hspice
41011,125,0,RISE,204,176,28,28,1,1,1,1,1,000000000000000000000011111111,/home/zhupl25/chiplet_side_channel/chiplet_gds_data/power_macro/delay_chain/ftc/runs/b_fe_frontend/bfe14_arch1_benign_temp_drift/physical/seed_41011/t_+125C/source_hspice
41011,125,1,FALL,204,159,45,45,0,0,1,1,1,000000000000000000000011111111,/home/zhupl25/chiplet_side_channel/chiplet_gds_data/power_macro/delay_chain/ftc/runs/b_fe_frontend/bfe14_arch1_benign_temp_drift/physical/seed_41011/t_+125C/source_hspice
41011,125,2,RISE,204,176,28,28,1,1,1,1,1,000000000000000000000011111111,/home/zhupl25/chiplet_side_channel/chiplet_gds_data/power_macro/delay_chain/ftc/runs/b_fe_frontend/bfe14_arch1_benign_temp_drift/physical/seed_41011/t_+125C/source_hspice
41011,125,3,FALL,182,159,23,23,0,0,0,1,1,000000000000000000000001111111,/home/zhupl25/chiplet_side_channel/chiplet_gds_data/power_macro/delay_chain/ftc/runs/b_fe_frontend/bfe14_arch1_benign_temp_drift/physical/seed_41011/t_+125C/source_hspice
41011,125,4,RISE,204,176,28,28,1,1,1,1,1,000000000000000000000011111111,/home/zhupl25/chiplet_side_channel/chiplet_gds_data/power_macro/delay_chain/ftc/runs/b_fe_frontend/bfe14_arch1_benign_temp_drift/physical/seed_41011/t_+125C/source_hspice
41011,125,5,FALL,204,159,45,45,0,0,1,1,1,000000000000000000000011111111,/home/zhupl25/chiplet_side_channel/chiplet_gds_data/power_macro/delay_chain/ftc/runs/b_fe_frontend/bfe14_arch1_benign_temp_drift/physical/seed_41011/t_+125C/source_hspice
41011,125,6,RISE,182,176,6,6,0,0,0,1,1,000000000000000000000001111111,/home/zhupl25/chiplet_side_channel/chiplet_gds_data/power_macro/delay_chain/ftc/runs/b_fe_frontend/bfe14_arch1_benign_temp_drift/physical/seed_41011/t_+125C/source_hspice
41011,125,7,FALL,204,159,45,45,0,0,1,1,1,000000000000000000000011111111,/home/zhupl25/chiplet_side_channel/chiplet_gds_data/power_macro/delay_chain/ftc/runs/b_fe_frontend/bfe14_arch1_benign_temp_drift/physical/seed_41011/t_+125C/source_hspice
41011,125,8,RISE,182,176,6,6,0,0,0,1,1,000000000000000000000001111111,/home/zhupl25/chiplet_side_channel/chiplet_gds_data/power_macro/delay_chain/ftc/runs/b_fe_frontend/bfe14_arch1_benign_temp_drift/physical/seed_41011/t_+125C/source_hspice
41011,125,9,FALL,204,159,45,45,0,0,1,1,1,000000000000000000000011111111,/home/zhupl25/chiplet_side_channel/chiplet_gds_data/power_macro/delay_chain/ftc/runs/b_fe_frontend/bfe14_arch1_benign_temp_drift/physical/seed_41011/t_+125C/source_hspice
41011,125,10,RISE,204,176,28,28,1,1,1,1,1,000000000000000000000011111111,/home/zhupl25/chiplet_side_channel/chiplet_gds_data/power_macro/delay_chain/ftc/runs/b_fe_frontend/bfe14_arch1_benign_temp_drift/physical/seed_41011/t_+125C/source_hspice
41011,125,11,FALL,182,159,23,23,0,0,0,1,1,000000000000000000000001111111,/home/zhupl25/chiplet_side_channel/chiplet_gds_data/power_macro/delay_chain/ftc/runs/b_fe_frontend/bfe14_arch1_benign_temp_drift/physical/seed_41011/t_+125C/source_hspice
41011,125,12,RISE,182,176,6,6,0,0,0,1,1,000000000000000000000001111111,/home/zhupl25/chiplet_side_channel/chiplet_gds_data/power_macro/delay_chain/ftc/runs/b_fe_frontend/bfe14_arch1_benign_temp_drift/physical/seed_41011/t_+125C/source_hspice
41011,125,13,FALL,182,159,23,23,0,0,0,1,1,000000000000000000000001111111,/home/zhupl25/chiplet_side_channel/chiplet_gds_data/power_macro/delay_chain/ftc/runs/b_fe_frontend/bfe14_arch1_benign_temp_drift/physical/seed_41011/t_+125C/source_hspice
41011,125,14,RISE,204,176,28,28,1,1,1,1,1,000000000000000000000011111111,/home/zhupl25/chiplet_side_channel/chiplet_gds_data/power_macro/delay_chain/ftc/runs/b_fe_frontend/bfe14_arch1_benign_temp_drift/physical/seed_41011/t_+125C/source_hspice
41011,125,15,FALL,182,159,23,23,0,0,0,1,1,000000000000000000000001111111,/home/zhupl25/chiplet_side_channel/chiplet_gds_data/power_macro/delay_chain/ftc/runs/b_fe_frontend/bfe14_arch1_benign_temp_drift/physical/seed_41011/t_+125C/source_hspice
41011,125,16,RISE,182,176,6,6,0,0,0,1,1,000000000000000000000001111111,/home/zhupl25/chiplet_side_channel/chiplet_gds_data/power_macro/delay_chain/ftc/runs/b_fe_frontend/bfe14_arch1_benign_temp_drift/physical/seed_41011/t_+125C/source_hspice
41011,125,17,FALL,204,159,45,45,0,0,1,1,1,000000000000000000000011111111,/home/zhupl25/chiplet_side_channel/chiplet_gds_data/power_macro/delay_chain/ftc/runs/b_fe_frontend/bfe14_arch1_benign_temp_drift/physical/seed_41011/t_+125C/source_hspice
41011,125,18,RISE,182,176,6,6,0,0,0,1,1,000000000000000000000001111111,/home/zhupl25/chiplet_side_channel/chiplet_gds_data/power_macro/delay_chain/ftc/runs/b_fe_frontend/bfe14_arch1_benign_temp_drift/physical/seed_41011/t_+125C/source_hspice
41011,125,19,FALL,182,159,23,23,0,0,0,1,1,000000000000000000000001111111,/home/zhupl25/chiplet_side_channel/chiplet_gds_data/power_macro/delay_chain/ftc/runs/b_fe_frontend/bfe14_arch1_benign_temp_drift/physical/seed_41011/t_+125C/source_hspice
41011,125,20,RISE,182,176,6,6,0,0,0,1,1,000000000000000000000001111111,/home/zhupl25/chiplet_side_channel/chiplet_gds_data/power_macro/delay_chain/ftc/runs/b_fe_frontend/bfe14_arch1_benign_temp_drift/physical/seed_41011/t_+125C/source_hspice
41011,125,21,FALL,182,159,23,23,0,0,0,1,1,000000000000000000000001111111,/home/zhupl25/chiplet_side_channel/chiplet_gds_data/power_macro/delay_chain/ftc/runs/b_fe_frontend/bfe14_arch1_benign_temp_drift/physical/seed_41011/t_+125C/source_hspice
41011,125,22,RISE,204,176,28,28,1,1,1,1,1,000000000000000000000011111111,/home/zhupl25/chiplet_side_channel/chiplet_gds_data/power_macro/delay_chain/ftc/runs/b_fe_frontend/bfe14_arch1_benign_temp_drift/physical/seed_41011/t_+125C/source_hspice
41011,125,23,FALL,182,159,23,23,0,0,0,1,1,000000000000000000000001111111,/home/zhupl25/chiplet_side_channel/chiplet_gds_data/power_macro/delay_chain/ftc/runs/b_fe_frontend/bfe14_arch1_benign_temp_drift/physical/seed_41011/t_+125C/source_hspice
41012,-40,0,RISE,182,204,-22,22,0,0,0,1,1,000000000000000000000001111111,/home/zhupl25/chiplet_side_channel/chiplet_gds_data/power_macro/delay_chain/ftc/runs/b_fe_frontend/bfe14_arch1_benign_temp_drift/physical/seed_41012/t_-040C/source_hspice
41012,-40,1,FALL,159,182,-23,23,0,0,0,1,1,000000000000000000000000111111,/home/zhupl25/chiplet_side_channel/chiplet_gds_data/power_macro/delay_chain/ftc/runs/b_fe_frontend/bfe14_arch1_benign_temp_drift/physical/seed_41012/t_-040C/source_hspice
41012,-40,2,RISE,182,204,-22,22,0,0,0,1,1,000000000000000000000001111111,/home/zhupl25/chiplet_side_channel/chiplet_gds_data/power_macro/delay_chain/ftc/runs/b_fe_frontend/bfe14_arch1_benign_temp_drift/physical/seed_41012/t_-040C/source_hspice
41012,-40,3,FALL,159,182,-23,23,0,0,0,1,1,000000000000000000000000111111,/home/zhupl25/chiplet_side_channel/chiplet_gds_data/power_macro/delay_chain/ftc/runs/b_fe_frontend/bfe14_arch1_benign_temp_drift/physical/seed_41012/t_-040C/source_hspice
41012,-40,4,RISE,182,204,-22,22,0,0,0,1,1,000000000000000000000001111111,/home/zhupl25/chiplet_side_channel/chiplet_gds_data/power_macro/delay_chain/ftc/runs/b_fe_frontend/bfe14_arch1_benign_temp_drift/physical/seed_41012/t_-040C/source_hspice
41012,-40,5,FALL,159,182,-23,23,0,0,0,1,1,000000000000000000000000111111,/home/zhupl25/chiplet_side_channel/chiplet_gds_data/power_macro/delay_chain/ftc/runs/b_fe_frontend/bfe14_arch1_benign_temp_drift/physical/seed_41012/t_-040C/source_hspice
41012,-40,6,RISE,182,204,-22,22,0,0,0,1,1,000000000000000000000001111111,/home/zhupl25/chiplet_side_channel/chiplet_gds_data/power_macro/delay_chain/ftc/runs/b_fe_frontend/bfe14_arch1_benign_temp_drift/physical/seed_41012/t_-040C/source_hspice
41012,-40,7,FALL,159,182,-23,23,0,0,0,1,1,000000000000000000000000111111,/home/zhupl25/chiplet_side_channel/chiplet_gds_data/power_macro/delay_chain/ftc/runs/b_fe_frontend/bfe14_arch1_benign_temp_drift/physical/seed_41012/t_-040C/source_hspice
41012,-40,8,RISE,182,204,-22,22,0,0,0,1,1,000000000000000000000001111111,/home/zhupl25/chiplet_side_channel/chiplet_gds_data/power_macro/delay_chain/ftc/runs/b_fe_frontend/bfe14_arch1_benign_temp_drift/physical/seed_41012/t_-040C/source_hspice
41012,-40,9,FALL,159,182,-23,23,0,0,0,1,1,000000000000000000000000111111,/home/zhupl25/chiplet_side_channel/chiplet_gds_data/power_macro/delay_chain/ftc/runs/b_fe_frontend/bfe14_arch1_benign_temp_drift/physical/seed_41012/t_-040C/source_hspice
41012,-40,10,RISE,182,204,-22,22,0,0,0,1,1,000000000000000000000001111111,/home/zhupl25/chiplet_side_channel/chiplet_gds_data/power_macro/delay_chain/ftc/runs/b_fe_frontend/bfe14_arch1_benign_temp_drift/physical/seed_41012/t_-040C/source_hspice
41012,-40,11,FALL,159,182,-23,23,0,0,0,1,1,000000000000000000000000111111,/home/zhupl25/chiplet_side_channel/chiplet_gds_data/power_macro/delay_chain/ftc/runs/b_fe_frontend/bfe14_arch1_benign_temp_drift/physical/seed_41012/t_-040C/source_hspice
41012,-40,12,RISE,182,204,-22,22,0,0,0,1,1,000000000000000000000001111111,/home/zhupl25/chiplet_side_channel/chiplet_gds_data/power_macro/delay_chain/ftc/runs/b_fe_frontend/bfe14_arch1_benign_temp_drift/physical/seed_41012/t_-040C/source_hspice
41012,-40,13,FALL,159,182,-23,23,0,0,0,1,1,000000000000000000000000111111,/home/zhupl25/chiplet_side_channel/chiplet_gds_data/power_macro/delay_chain/ftc/runs/b_fe_frontend/bfe14_arch1_benign_temp_drift/physical/seed_41012/t_-040C/source_hspice
41012,-40,14,RISE,182,204,-22,22,0,0,0,1,1,000000000000000000000001111111,/home/zhupl25/chiplet_side_channel/chiplet_gds_data/power_macro/delay_chain/ftc/runs/b_fe_frontend/bfe14_arch1_benign_temp_drift/physical/seed_41012/t_-040C/source_hspice
41012,-40,15,FALL,159,182,-23,23,0,0,0,1,1,000000000000000000000000111111,/home/zhupl25/chiplet_side_channel/chiplet_gds_data/power_macro/delay_chain/ftc/runs/b_fe_frontend/bfe14_arch1_benign_temp_drift/physical/seed_41012/t_-040C/source_hspice
41012,-40,16,RISE,182,204,-22,22,0,0,0,1,1,000000000000000000000001111111,/home/zhupl25/chiplet_side_channel/chiplet_gds_data/power_macro/delay_chain/ftc/runs/b_fe_frontend/bfe14_arch1_benign_temp_drift/physical/seed_41012/t_-040C/source_hspice
41012,-40,17,FALL,159,182,-23,23,0,0,0,1,1,000000000000000000000000111111,/home/zhupl25/chiplet_side_channel/chiplet_gds_data/power_macro/delay_chain/ftc/runs/b_fe_frontend/bfe14_arch1_benign_temp_drift/physical/seed_41012/t_-040C/source_hspice
41012,-40,18,RISE,182,204,-22,22,0,0,0,1,1,000000000000000000000001111111,/home/zhupl25/chiplet_side_channel/chiplet_gds_data/power_macro/delay_chain/ftc/runs/b_fe_frontend/bfe14_arch1_benign_temp_drift/physical/seed_41012/t_-040C/source_hspice
41012,-40,19,FALL,159,182,-23,23,0,0,0,1,1,000000000000000000000000111111,/home/zhupl25/chiplet_side_channel/chiplet_gds_data/power_macro/delay_chain/ftc/runs/b_fe_frontend/bfe14_arch1_benign_temp_drift/physical/seed_41012/t_-040C/source_hspice
41012,-40,20,RISE,182,204,-22,22,0,0,0,1,1,000000000000000000000001111111,/home/zhupl25/chiplet_side_channel/chiplet_gds_data/power_macro/delay_chain/ftc/runs/b_fe_frontend/bfe14_arch1_benign_temp_drift/physical/seed_41012/t_-040C/source_hspice
41012,-40,21,FALL,159,182,-23,23,0,0,0,1,1,000000000000000000000000111111,/home/zhupl25/chiplet_side_channel/chiplet_gds_data/power_macro/delay_chain/ftc/runs/b_fe_frontend/bfe14_arch1_benign_temp_drift/physical/seed_41012/t_-040C/source_hspice
41012,-40,22,RISE,182,204,-22,22,0,0,0,1,1,000000000000000000000001111111,/home/zhupl25/chiplet_side_channel/chiplet_gds_data/power_macro/delay_chain/ftc/runs/b_fe_frontend/bfe14_arch1_benign_temp_drift/physical/seed_41012/t_-040C/source_hspice
41012,-40,23,FALL,159,182,-23,23,0,0,0,1,1,000000000000000000000000111111,/home/zhupl25/chiplet_side_channel/chiplet_gds_data/power_macro/delay_chain/ftc/runs/b_fe_frontend/bfe14_arch1_benign_temp_drift/physical/seed_41012/t_-040C/source_hspice
41012,125,0,RISE,225,204,21,21,1,1,0,1,1,000000000000000000000111111111,/home/zhupl25/chiplet_side_channel/chiplet_gds_data/power_macro/delay_chain/ftc/runs/b_fe_frontend/bfe14_arch1_benign_temp_drift/physical/seed_41012/t_+125C/source_hspice
41012,125,1,FALL,204,182,22,22,0,0,0,1,1,000000000000000000000011111111,/home/zhupl25/chiplet_side_channel/chiplet_gds_data/power_macro/delay_chain/ftc/runs/b_fe_frontend/bfe14_arch1_benign_temp_drift/physical/seed_41012/t_+125C/source_hspice
41012,125,2,RISE,225,204,21,21,1,1,0,1,1,000000000000000000000111111111,/home/zhupl25/chiplet_side_channel/chiplet_gds_data/power_macro/delay_chain/ftc/runs/b_fe_frontend/bfe14_arch1_benign_temp_drift/physical/seed_41012/t_+125C/source_hspice
41012,125,3,FALL,204,182,22,22,0,0,0,1,1,000000000000000000000011111111,/home/zhupl25/chiplet_side_channel/chiplet_gds_data/power_macro/delay_chain/ftc/runs/b_fe_frontend/bfe14_arch1_benign_temp_drift/physical/seed_41012/t_+125C/source_hspice
41012,125,4,RISE,225,204,21,21,1,1,0,1,1,000000000000000000000111111111,/home/zhupl25/chiplet_side_channel/chiplet_gds_data/power_macro/delay_chain/ftc/runs/b_fe_frontend/bfe14_arch1_benign_temp_drift/physical/seed_41012/t_+125C/source_hspice
41012,125,5,FALL,204,182,22,22,0,0,0,1,1,000000000000000000000011111111,/home/zhupl25/chiplet_side_channel/chiplet_gds_data/power_macro/delay_chain/ftc/runs/b_fe_frontend/bfe14_arch1_benign_temp_drift/physical/seed_41012/t_+125C/source_hspice
41012,125,6,RISE,204,204,0,0,0,0,0,0,0,000000000000000000000011111111,/home/zhupl25/chiplet_side_channel/chiplet_gds_data/power_macro/delay_chain/ftc/runs/b_fe_frontend/bfe14_arch1_benign_temp_drift/physical/seed_41012/t_+125C/source_hspice
41012,125,7,FALL,204,182,22,22,0,0,0,1,1,000000000000000000000011111111,/home/zhupl25/chiplet_side_channel/chiplet_gds_data/power_macro/delay_chain/ftc/runs/b_fe_frontend/bfe14_arch1_benign_temp_drift/physical/seed_41012/t_+125C/source_hspice
41012,125,8,RISE,225,204,21,21,1,1,0,1,1,000000000000000000000111111111,/home/zhupl25/chiplet_side_channel/chiplet_gds_data/power_macro/delay_chain/ftc/runs/b_fe_frontend/bfe14_arch1_benign_temp_drift/physical/seed_41012/t_+125C/source_hspice
41012,125,9,FALL,204,182,22,22,0,0,0,1,1,000000000000000000000011111111,/home/zhupl25/chiplet_side_channel/chiplet_gds_data/power_macro/delay_chain/ftc/runs/b_fe_frontend/bfe14_arch1_benign_temp_drift/physical/seed_41012/t_+125C/source_hspice
41012,125,10,RISE,225,204,21,21,1,1,0,1,1,000000000000000000000111111111,/home/zhupl25/chiplet_side_channel/chiplet_gds_data/power_macro/delay_chain/ftc/runs/b_fe_frontend/bfe14_arch1_benign_temp_drift/physical/seed_41012/t_+125C/source_hspice
41012,125,11,FALL,204,182,22,22,0,0,0,1,1,000000000000000000000011111111,/home/zhupl25/chiplet_side_channel/chiplet_gds_data/power_macro/delay_chain/ftc/runs/b_fe_frontend/bfe14_arch1_benign_temp_drift/physical/seed_41012/t_+125C/source_hspice
41012,125,12,RISE,204,204,0,0,0,0,0,0,0,000000000000000000000011111111,/home/zhupl25/chiplet_side_channel/chiplet_gds_data/power_macro/delay_chain/ftc/runs/b_fe_frontend/bfe14_arch1_benign_temp_drift/physical/seed_41012/t_+125C/source_hspice
41012,125,13,FALL,204,182,22,22,0,0,0,1,1,000000000000000000000011111111,/home/zhupl25/chiplet_side_channel/chiplet_gds_data/power_macro/delay_chain/ftc/runs/b_fe_frontend/bfe14_arch1_benign_temp_drift/physical/seed_41012/t_+125C/source_hspice
41012,125,14,RISE,225,204,21,21,1,1,0,1,1,000000000000000000000111111111,/home/zhupl25/chiplet_side_channel/chiplet_gds_data/power_macro/delay_chain/ftc/runs/b_fe_frontend/bfe14_arch1_benign_temp_drift/physical/seed_41012/t_+125C/source_hspice
41012,125,15,FALL,204,182,22,22,0,0,0,1,1,000000000000000000000011111111,/home/zhupl25/chiplet_side_channel/chiplet_gds_data/power_macro/delay_chain/ftc/runs/b_fe_frontend/bfe14_arch1_benign_temp_drift/physical/seed_41012/t_+125C/source_hspice
41012,125,16,RISE,204,204,0,0,0,0,0,0,0,000000000000000000000011111111,/home/zhupl25/chiplet_side_channel/chiplet_gds_data/power_macro/delay_chain/ftc/runs/b_fe_frontend/bfe14_arch1_benign_temp_drift/physical/seed_41012/t_+125C/source_hspice
41012,125,17,FALL,204,182,22,22,0,0,0,1,1,000000000000000000000011111111,/home/zhupl25/chiplet_side_channel/chiplet_gds_data/power_macro/delay_chain/ftc/runs/b_fe_frontend/bfe14_arch1_benign_temp_drift/physical/seed_41012/t_+125C/source_hspice
41012,125,18,RISE,204,204,0,0,0,0,0,0,0,000000000000000000000011111111,/home/zhupl25/chiplet_side_channel/chiplet_gds_data/power_macro/delay_chain/ftc/runs/b_fe_frontend/bfe14_arch1_benign_temp_drift/physical/seed_41012/t_+125C/source_hspice
41012,125,19,FALL,204,182,22,22,0,0,0,1,1,000000000000000000000011111111,/home/zhupl25/chiplet_side_channel/chiplet_gds_data/power_macro/delay_chain/ftc/runs/b_fe_frontend/bfe14_arch1_benign_temp_drift/physical/seed_41012/t_+125C/source_hspice
41012,125,20,RISE,204,204,0,0,0,0,0,0,0,000000000000000000000011111111,/home/zhupl25/chiplet_side_channel/chiplet_gds_data/power_macro/delay_chain/ftc/runs/b_fe_frontend/bfe14_arch1_benign_temp_drift/physical/seed_41012/t_+125C/source_hspice
41012,125,21,FALL,204,182,22,22,0,0,0,1,1,000000000000000000000011111111,/home/zhupl25/chiplet_side_channel/chiplet_gds_data/power_macro/delay_chain/ftc/runs/b_fe_frontend/bfe14_arch1_benign_temp_drift/physical/seed_41012/t_+125C/source_hspice
41012,125,22,RISE,225,204,21,21,1,1,0,1,1,000000000000000000000111111111,/home/zhupl25/chiplet_side_channel/chiplet_gds_data/power_macro/delay_chain/ftc/runs/b_fe_frontend/bfe14_arch1_benign_temp_drift/physical/seed_41012/t_+125C/source_hspice
41012,125,23,FALL,204,182,22,22,0,0,0,1,1,000000000000000000000011111111,/home/zhupl25/chiplet_side_channel/chiplet_gds_data/power_macro/delay_chain/ftc/runs/b_fe_frontend/bfe14_arch1_benign_temp_drift/physical/seed_41012/t_+125C/source_hspice
41013,-40,0,RISE,225,235,-10,10,0,0,0,1,1,000000000000000000000111111111,/home/zhupl25/chiplet_side_channel/chiplet_gds_data/power_macro/delay_chain/ftc/runs/b_fe_frontend/bfe14_arch1_benign_temp_drift/physical/seed_41013/t_-040C/source_hspice
41013,-40,1,FALL,204,204,0,0,0,0,0,0,0,000000000000000000000011111111,/home/zhupl25/chiplet_side_channel/chiplet_gds_data/power_macro/delay_chain/ftc/runs/b_fe_frontend/bfe14_arch1_benign_temp_drift/physical/seed_41013/t_-040C/source_hspice
41013,-40,2,RISE,225,235,-10,10,0,0,0,1,1,000000000000000000000111111111,/home/zhupl25/chiplet_side_channel/chiplet_gds_data/power_macro/delay_chain/ftc/runs/b_fe_frontend/bfe14_arch1_benign_temp_drift/physical/seed_41013/t_-040C/source_hspice
41013,-40,3,FALL,182,204,-22,22,0,0,0,1,1,000000000000000000000001111111,/home/zhupl25/chiplet_side_channel/chiplet_gds_data/power_macro/delay_chain/ftc/runs/b_fe_frontend/bfe14_arch1_benign_temp_drift/physical/seed_41013/t_-040C/source_hspice
41013,-40,4,RISE,225,235,-10,10,0,0,0,1,1,000000000000000000000111111111,/home/zhupl25/chiplet_side_channel/chiplet_gds_data/power_macro/delay_chain/ftc/runs/b_fe_frontend/bfe14_arch1_benign_temp_drift/physical/seed_41013/t_-040C/source_hspice
41013,-40,5,FALL,204,204,0,0,0,0,0,0,0,000000000000000000000011111111,/home/zhupl25/chiplet_side_channel/chiplet_gds_data/power_macro/delay_chain/ftc/runs/b_fe_frontend/bfe14_arch1_benign_temp_drift/physical/seed_41013/t_-040C/source_hspice
41013,-40,6,RISE,225,235,-10,10,0,0,0,1,1,000000000000000000000111111111,/home/zhupl25/chiplet_side_channel/chiplet_gds_data/power_macro/delay_chain/ftc/runs/b_fe_frontend/bfe14_arch1_benign_temp_drift/physical/seed_41013/t_-040C/source_hspice
41013,-40,7,FALL,204,204,0,0,0,0,0,0,0,000000000000000000000011111111,/home/zhupl25/chiplet_side_channel/chiplet_gds_data/power_macro/delay_chain/ftc/runs/b_fe_frontend/bfe14_arch1_benign_temp_drift/physical/seed_41013/t_-040C/source_hspice
41013,-40,8,RISE,225,235,-10,10,0,0,0,1,1,000000000000000000000111111111,/home/zhupl25/chiplet_side_channel/chiplet_gds_data/power_macro/delay_chain/ftc/runs/b_fe_frontend/bfe14_arch1_benign_temp_drift/physical/seed_41013/t_-040C/source_hspice
41013,-40,9,FALL,204,204,0,0,0,0,0,0,0,000000000000000000000011111111,/home/zhupl25/chiplet_side_channel/chiplet_gds_data/power_macro/delay_chain/ftc/runs/b_fe_frontend/bfe14_arch1_benign_temp_drift/physical/seed_41013/t_-040C/source_hspice
41013,-40,10,RISE,225,235,-10,10,0,0,0,1,1,000000000000000000000111111111,/home/zhupl25/chiplet_side_channel/chiplet_gds_data/power_macro/delay_chain/ftc/runs/b_fe_frontend/bfe14_arch1_benign_temp_drift/physical/seed_41013/t_-040C/source_hspice
41013,-40,11,FALL,182,204,-22,22,0,0,0,1,1,000000000000000000000001111111,/home/zhupl25/chiplet_side_channel/chiplet_gds_data/power_macro/delay_chain/ftc/runs/b_fe_frontend/bfe14_arch1_benign_temp_drift/physical/seed_41013/t_-040C/source_hspice
41013,-40,12,RISE,225,235,-10,10,0,0,0,1,1,000000000000000000000111111111,/home/zhupl25/chiplet_side_channel/chiplet_gds_data/power_macro/delay_chain/ftc/runs/b_fe_frontend/bfe14_arch1_benign_temp_drift/physical/seed_41013/t_-040C/source_hspice
41013,-40,13,FALL,182,204,-22,22,0,0,0,1,1,000000000000000000000001111111,/home/zhupl25/chiplet_side_channel/chiplet_gds_data/power_macro/delay_chain/ftc/runs/b_fe_frontend/bfe14_arch1_benign_temp_drift/physical/seed_41013/t_-040C/source_hspice
41013,-40,14,RISE,225,235,-10,10,0,0,0,1,1,000000000000000000000111111111,/home/zhupl25/chiplet_side_channel/chiplet_gds_data/power_macro/delay_chain/ftc/runs/b_fe_frontend/bfe14_arch1_benign_temp_drift/physical/seed_41013/t_-040C/source_hspice
41013,-40,15,FALL,182,204,-22,22,0,0,0,1,1,000000000000000000000001111111,/home/zhupl25/chiplet_side_channel/chiplet_gds_data/power_macro/delay_chain/ftc/runs/b_fe_frontend/bfe14_arch1_benign_temp_drift/physical/seed_41013/t_-040C/source_hspice
41013,-40,16,RISE,225,235,-10,10,0,0,0,1,1,000000000000000000000111111111,/home/zhupl25/chiplet_side_channel/chiplet_gds_data/power_macro/delay_chain/ftc/runs/b_fe_frontend/bfe14_arch1_benign_temp_drift/physical/seed_41013/t_-040C/source_hspice
41013,-40,17,FALL,204,204,0,0,0,0,0,0,0,000000000000000000000011111111,/home/zhupl25/chiplet_side_channel/chiplet_gds_data/power_macro/delay_chain/ftc/runs/b_fe_frontend/bfe14_arch1_benign_temp_drift/physical/seed_41013/t_-040C/source_hspice
41013,-40,18,RISE,225,235,-10,10,0,0,0,1,1,000000000000000000000111111111,/home/zhupl25/chiplet_side_channel/chiplet_gds_data/power_macro/delay_chain/ftc/runs/b_fe_frontend/bfe14_arch1_benign_temp_drift/physical/seed_41013/t_-040C/source_hspice
41013,-40,19,FALL,204,204,0,0,0,0,0,0,0,000000000000000000000011111111,/home/zhupl25/chiplet_side_channel/chiplet_gds_data/power_macro/delay_chain/ftc/runs/b_fe_frontend/bfe14_arch1_benign_temp_drift/physical/seed_41013/t_-040C/source_hspice
41013,-40,20,RISE,225,235,-10,10,0,0,0,1,1,000000000000000000000111111111,/home/zhupl25/chiplet_side_channel/chiplet_gds_data/power_macro/delay_chain/ftc/runs/b_fe_frontend/bfe14_arch1_benign_temp_drift/physical/seed_41013/t_-040C/source_hspice
41013,-40,21,FALL,182,204,-22,22,0,0,0,1,1,000000000000000000000001111111,/home/zhupl25/chiplet_side_channel/chiplet_gds_data/power_macro/delay_chain/ftc/runs/b_fe_frontend/bfe14_arch1_benign_temp_drift/physical/seed_41013/t_-040C/source_hspice
41013,-40,22,RISE,225,235,-10,10,0,0,0,1,1,000000000000000000000111111111,/home/zhupl25/chiplet_side_channel/chiplet_gds_data/power_macro/delay_chain/ftc/runs/b_fe_frontend/bfe14_arch1_benign_temp_drift/physical/seed_41013/t_-040C/source_hspice
41013,-40,23,FALL,204,204,0,0,0,0,0,0,0,000000000000000000000011111111,/home/zhupl25/chiplet_side_channel/chiplet_gds_data/power_macro/delay_chain/ftc/runs/b_fe_frontend/bfe14_arch1_benign_temp_drift/physical/seed_41013/t_-040C/source_hspice
41013,125,0,RISE,245,235,10,10,0,0,0,1,1,000000000000000000001111111111,/home/zhupl25/chiplet_side_channel/chiplet_gds_data/power_macro/delay_chain/ftc/runs/b_fe_frontend/bfe14_arch1_benign_temp_drift/physical/seed_41013/t_+125C/source_hspice
41013,125,1,FALL,225,204,21,21,0,0,0,1,1,000000000000000000000111111111,/home/zhupl25/chiplet_side_channel/chiplet_gds_data/power_macro/delay_chain/ftc/runs/b_fe_frontend/bfe14_arch1_benign_temp_drift/physical/seed_41013/t_+125C/source_hspice
41013,125,2,RISE,245,235,10,10,0,0,0,1,1,000000000000000000001111111111,/home/zhupl25/chiplet_side_channel/chiplet_gds_data/power_macro/delay_chain/ftc/runs/b_fe_frontend/bfe14_arch1_benign_temp_drift/physical/seed_41013/t_+125C/source_hspice
41013,125,3,FALL,225,204,21,21,0,0,0,1,1,000000000000000000000111111111,/home/zhupl25/chiplet_side_channel/chiplet_gds_data/power_macro/delay_chain/ftc/runs/b_fe_frontend/bfe14_arch1_benign_temp_drift/physical/seed_41013/t_+125C/source_hspice
41013,125,4,RISE,245,235,10,10,0,0,0,1,1,000000000000000000001111111111,/home/zhupl25/chiplet_side_channel/chiplet_gds_data/power_macro/delay_chain/ftc/runs/b_fe_frontend/bfe14_arch1_benign_temp_drift/physical/seed_41013/t_+125C/source_hspice
41013,125,5,FALL,225,204,21,21,0,0,0,1,1,000000000000000000000111111111,/home/zhupl25/chiplet_side_channel/chiplet_gds_data/power_macro/delay_chain/ftc/runs/b_fe_frontend/bfe14_arch1_benign_temp_drift/physical/seed_41013/t_+125C/source_hspice
41013,125,6,RISE,245,235,10,10,0,0,0,1,1,000000000000000000001111111111,/home/zhupl25/chiplet_side_channel/chiplet_gds_data/power_macro/delay_chain/ftc/runs/b_fe_frontend/bfe14_arch1_benign_temp_drift/physical/seed_41013/t_+125C/source_hspice
41013,125,7,FALL,225,204,21,21,0,0,0,1,1,000000000000000000000111111111,/home/zhupl25/chiplet_side_channel/chiplet_gds_data/power_macro/delay_chain/ftc/runs/b_fe_frontend/bfe14_arch1_benign_temp_drift/physical/seed_41013/t_+125C/source_hspice
41013,125,8,RISE,245,235,10,10,0,0,0,1,1,000000000000000000001111111111,/home/zhupl25/chiplet_side_channel/chiplet_gds_data/power_macro/delay_chain/ftc/runs/b_fe_frontend/bfe14_arch1_benign_temp_drift/physical/seed_41013/t_+125C/source_hspice
41013,125,9,FALL,225,204,21,21,0,0,0,1,1,000000000000000000000111111111,/home/zhupl25/chiplet_side_channel/chiplet_gds_data/power_macro/delay_chain/ftc/runs/b_fe_frontend/bfe14_arch1_benign_temp_drift/physical/seed_41013/t_+125C/source_hspice
41013,125,10,RISE,245,235,10,10,0,0,0,1,1,000000000000000000001111111111,/home/zhupl25/chiplet_side_channel/chiplet_gds_data/power_macro/delay_chain/ftc/runs/b_fe_frontend/bfe14_arch1_benign_temp_drift/physical/seed_41013/t_+125C/source_hspice
41013,125,11,FALL,225,204,21,21,0,0,0,1,1,000000000000000000000111111111,/home/zhupl25/chiplet_side_channel/chiplet_gds_data/power_macro/delay_chain/ftc/runs/b_fe_frontend/bfe14_arch1_benign_temp_drift/physical/seed_41013/t_+125C/source_hspice
41013,125,12,RISE,245,235,10,10,0,0,0,1,1,000000000000000000001111111111,/home/zhupl25/chiplet_side_channel/chiplet_gds_data/power_macro/delay_chain/ftc/runs/b_fe_frontend/bfe14_arch1_benign_temp_drift/physical/seed_41013/t_+125C/source_hspice
41013,125,13,FALL,225,204,21,21,0,0,0,1,1,000000000000000000000111111111,/home/zhupl25/chiplet_side_channel/chiplet_gds_data/power_macro/delay_chain/ftc/runs/b_fe_frontend/bfe14_arch1_benign_temp_drift/physical/seed_41013/t_+125C/source_hspice
41013,125,14,RISE,245,235,10,10,0,0,0,1,1,000000000000000000001111111111,/home/zhupl25/chiplet_side_channel/chiplet_gds_data/power_macro/delay_chain/ftc/runs/b_fe_frontend/bfe14_arch1_benign_temp_drift/physical/seed_41013/t_+125C/source_hspice
41013,125,15,FALL,225,204,21,21,0,0,0,1,1,000000000000000000000111111111,/home/zhupl25/chiplet_side_channel/chiplet_gds_data/power_macro/delay_chain/ftc/runs/b_fe_frontend/bfe14_arch1_benign_temp_drift/physical/seed_41013/t_+125C/source_hspice
41013,125,16,RISE,245,235,10,10,0,0,0,1,1,000000000000000000001111111111,/home/zhupl25/chiplet_side_channel/chiplet_gds_data/power_macro/delay_chain/ftc/runs/b_fe_frontend/bfe14_arch1_benign_temp_drift/physical/seed_41013/t_+125C/source_hspice
41013,125,17,FALL,225,204,21,21,0,0,0,1,1,000000000000000000000111111111,/home/zhupl25/chiplet_side_channel/chiplet_gds_data/power_macro/delay_chain/ftc/runs/b_fe_frontend/bfe14_arch1_benign_temp_drift/physical/seed_41013/t_+125C/source_hspice
41013,125,18,RISE,245,235,10,10,0,0,0,1,1,000000000000000000001111111111,/home/zhupl25/chiplet_side_channel/chiplet_gds_data/power_macro/delay_chain/ftc/runs/b_fe_frontend/bfe14_arch1_benign_temp_drift/physical/seed_41013/t_+125C/source_hspice
41013,125,19,FALL,225,204,21,21,0,0,0,1,1,000000000000000000000111111111,/home/zhupl25/chiplet_side_channel/chiplet_gds_data/power_macro/delay_chain/ftc/runs/b_fe_frontend/bfe14_arch1_benign_temp_drift/physical/seed_41013/t_+125C/source_hspice
41013,125,20,RISE,245,235,10,10,0,0,0,1,1,000000000000000000001111111111,/home/zhupl25/chiplet_side_channel/chiplet_gds_data/power_macro/delay_chain/ftc/runs/b_fe_frontend/bfe14_arch1_benign_temp_drift/physical/seed_41013/t_+125C/source_hspice
41013,125,21,FALL,225,204,21,21,0,0,0,1,1,000000000000000000000111111111,/home/zhupl25/chiplet_side_channel/chiplet_gds_data/power_macro/delay_chain/ftc/runs/b_fe_frontend/bfe14_arch1_benign_temp_drift/physical/seed_41013/t_+125C/source_hspice
41013,125,22,RISE,245,235,10,10,0,0,0,1,1,000000000000000000001111111111,/home/zhupl25/chiplet_side_channel/chiplet_gds_data/power_macro/delay_chain/ftc/runs/b_fe_frontend/bfe14_arch1_benign_temp_drift/physical/seed_41013/t_+125C/source_hspice
41013,125,23,FALL,225,204,21,21,0,0,0,1,1,000000000000000000000111111111,/home/zhupl25/chiplet_side_channel/chiplet_gds_data/power_macro/delay_chain/ftc/runs/b_fe_frontend/bfe14_arch1_benign_temp_drift/physical/seed_41013/t_+125C/source_hspice
41014,-40,0,RISE,159,182,-23,23,0,0,1,1,1,000000000000000000000000111111,/home/zhupl25/chiplet_side_channel/chiplet_gds_data/power_macro/delay_chain/ftc/runs/b_fe_frontend/bfe14_arch1_benign_temp_drift/physical/seed_41014/t_-040C/source_hspice
41014,-40,1,FALL,135,159,-24,24,0,0,0,1,1,000000000000000000000000011111,/home/zhupl25/chiplet_side_channel/chiplet_gds_data/power_macro/delay_chain/ftc/runs/b_fe_frontend/bfe14_arch1_benign_temp_drift/physical/seed_41014/t_-040C/source_hspice
41014,-40,2,RISE,159,182,-23,23,0,0,1,1,1,000000000000000000000000111111,/home/zhupl25/chiplet_side_channel/chiplet_gds_data/power_macro/delay_chain/ftc/runs/b_fe_frontend/bfe14_arch1_benign_temp_drift/physical/seed_41014/t_-040C/source_hspice
41014,-40,3,FALL,135,159,-24,24,0,0,0,1,1,000000000000000000000000011111,/home/zhupl25/chiplet_side_channel/chiplet_gds_data/power_macro/delay_chain/ftc/runs/b_fe_frontend/bfe14_arch1_benign_temp_drift/physical/seed_41014/t_-040C/source_hspice
41014,-40,4,RISE,182,182,0,0,0,0,0,0,0,000000000000000000000001111111,/home/zhupl25/chiplet_side_channel/chiplet_gds_data/power_macro/delay_chain/ftc/runs/b_fe_frontend/bfe14_arch1_benign_temp_drift/physical/seed_41014/t_-040C/source_hspice
41014,-40,5,FALL,135,159,-24,24,0,0,0,1,1,000000000000000000000000011111,/home/zhupl25/chiplet_side_channel/chiplet_gds_data/power_macro/delay_chain/ftc/runs/b_fe_frontend/bfe14_arch1_benign_temp_drift/physical/seed_41014/t_-040C/source_hspice
41014,-40,6,RISE,159,182,-23,23,0,0,1,1,1,000000000000000000000000111111,/home/zhupl25/chiplet_side_channel/chiplet_gds_data/power_macro/delay_chain/ftc/runs/b_fe_frontend/bfe14_arch1_benign_temp_drift/physical/seed_41014/t_-040C/source_hspice
41014,-40,7,FALL,135,159,-24,24,0,0,0,1,1,000000000000000000000000011111,/home/zhupl25/chiplet_side_channel/chiplet_gds_data/power_macro/delay_chain/ftc/runs/b_fe_frontend/bfe14_arch1_benign_temp_drift/physical/seed_41014/t_-040C/source_hspice
41014,-40,8,RISE,159,182,-23,23,0,0,1,1,1,000000000000000000000000111111,/home/zhupl25/chiplet_side_channel/chiplet_gds_data/power_macro/delay_chain/ftc/runs/b_fe_frontend/bfe14_arch1_benign_temp_drift/physical/seed_41014/t_-040C/source_hspice
41014,-40,9,FALL,135,159,-24,24,0,0,0,1,1,000000000000000000000000011111,/home/zhupl25/chiplet_side_channel/chiplet_gds_data/power_macro/delay_chain/ftc/runs/b_fe_frontend/bfe14_arch1_benign_temp_drift/physical/seed_41014/t_-040C/source_hspice
41014,-40,10,RISE,159,182,-23,23,0,0,1,1,1,000000000000000000000000111111,/home/zhupl25/chiplet_side_channel/chiplet_gds_data/power_macro/delay_chain/ftc/runs/b_fe_frontend/bfe14_arch1_benign_temp_drift/physical/seed_41014/t_-040C/source_hspice
41014,-40,11,FALL,135,159,-24,24,0,0,0,1,1,000000000000000000000000011111,/home/zhupl25/chiplet_side_channel/chiplet_gds_data/power_macro/delay_chain/ftc/runs/b_fe_frontend/bfe14_arch1_benign_temp_drift/physical/seed_41014/t_-040C/source_hspice
41014,-40,12,RISE,159,182,-23,23,0,0,1,1,1,000000000000000000000000111111,/home/zhupl25/chiplet_side_channel/chiplet_gds_data/power_macro/delay_chain/ftc/runs/b_fe_frontend/bfe14_arch1_benign_temp_drift/physical/seed_41014/t_-040C/source_hspice
41014,-40,13,FALL,135,159,-24,24,0,0,0,1,1,000000000000000000000000011111,/home/zhupl25/chiplet_side_channel/chiplet_gds_data/power_macro/delay_chain/ftc/runs/b_fe_frontend/bfe14_arch1_benign_temp_drift/physical/seed_41014/t_-040C/source_hspice
41014,-40,14,RISE,159,182,-23,23,0,0,1,1,1,000000000000000000000000111111,/home/zhupl25/chiplet_side_channel/chiplet_gds_data/power_macro/delay_chain/ftc/runs/b_fe_frontend/bfe14_arch1_benign_temp_drift/physical/seed_41014/t_-040C/source_hspice
41014,-40,15,FALL,135,159,-24,24,0,0,0,1,1,000000000000000000000000011111,/home/zhupl25/chiplet_side_channel/chiplet_gds_data/power_macro/delay_chain/ftc/runs/b_fe_frontend/bfe14_arch1_benign_temp_drift/physical/seed_41014/t_-040C/source_hspice
41014,-40,16,RISE,159,182,-23,23,0,0,1,1,1,000000000000000000000000111111,/home/zhupl25/chiplet_side_channel/chiplet_gds_data/power_macro/delay_chain/ftc/runs/b_fe_frontend/bfe14_arch1_benign_temp_drift/physical/seed_41014/t_-040C/source_hspice
41014,-40,17,FALL,135,159,-24,24,0,0,0,1,1,000000000000000000000000011111,/home/zhupl25/chiplet_side_channel/chiplet_gds_data/power_macro/delay_chain/ftc/runs/b_fe_frontend/bfe14_arch1_benign_temp_drift/physical/seed_41014/t_-040C/source_hspice
41014,-40,18,RISE,159,182,-23,23,0,0,1,1,1,000000000000000000000000111111,/home/zhupl25/chiplet_side_channel/chiplet_gds_data/power_macro/delay_chain/ftc/runs/b_fe_frontend/bfe14_arch1_benign_temp_drift/physical/seed_41014/t_-040C/source_hspice
41014,-40,19,FALL,135,159,-24,24,0,0,0,1,1,000000000000000000000000011111,/home/zhupl25/chiplet_side_channel/chiplet_gds_data/power_macro/delay_chain/ftc/runs/b_fe_frontend/bfe14_arch1_benign_temp_drift/physical/seed_41014/t_-040C/source_hspice
41014,-40,20,RISE,159,182,-23,23,0,0,1,1,1,000000000000000000000000111111,/home/zhupl25/chiplet_side_channel/chiplet_gds_data/power_macro/delay_chain/ftc/runs/b_fe_frontend/bfe14_arch1_benign_temp_drift/physical/seed_41014/t_-040C/source_hspice
41014,-40,21,FALL,135,159,-24,24,0,0,0,1,1,000000000000000000000000011111,/home/zhupl25/chiplet_side_channel/chiplet_gds_data/power_macro/delay_chain/ftc/runs/b_fe_frontend/bfe14_arch1_benign_temp_drift/physical/seed_41014/t_-040C/source_hspice
41014,-40,22,RISE,159,182,-23,23,0,0,1,1,1,000000000000000000000000111111,/home/zhupl25/chiplet_side_channel/chiplet_gds_data/power_macro/delay_chain/ftc/runs/b_fe_frontend/bfe14_arch1_benign_temp_drift/physical/seed_41014/t_-040C/source_hspice
41014,-40,23,FALL,135,159,-24,24,0,0,0,1,1,000000000000000000000000011111,/home/zhupl25/chiplet_side_channel/chiplet_gds_data/power_macro/delay_chain/ftc/runs/b_fe_frontend/bfe14_arch1_benign_temp_drift/physical/seed_41014/t_-040C/source_hspice
41014,125,0,RISE,204,182,22,22,1,1,0,1,1,000000000000000000000011111111,/home/zhupl25/chiplet_side_channel/chiplet_gds_data/power_macro/delay_chain/ftc/runs/b_fe_frontend/bfe14_arch1_benign_temp_drift/physical/seed_41014/t_+125C/source_hspice
41014,125,1,FALL,204,159,45,45,0,0,1,1,1,000000000000000000000011111111,/home/zhupl25/chiplet_side_channel/chiplet_gds_data/power_macro/delay_chain/ftc/runs/b_fe_frontend/bfe14_arch1_benign_temp_drift/physical/seed_41014/t_+125C/source_hspice
41014,125,2,RISE,204,182,22,22,1,1,0,1,1,000000000000000000000011111111,/home/zhupl25/chiplet_side_channel/chiplet_gds_data/power_macro/delay_chain/ftc/runs/b_fe_frontend/bfe14_arch1_benign_temp_drift/physical/seed_41014/t_+125C/source_hspice
41014,125,3,FALL,182,159,23,23,0,0,0,1,1,000000000000000000000001111111,/home/zhupl25/chiplet_side_channel/chiplet_gds_data/power_macro/delay_chain/ftc/runs/b_fe_frontend/bfe14_arch1_benign_temp_drift/physical/seed_41014/t_+125C/source_hspice
41014,125,4,RISE,225,182,43,43,1,1,1,1,1,000000000000000000000111111111,/home/zhupl25/chiplet_side_channel/chiplet_gds_data/power_macro/delay_chain/ftc/runs/b_fe_frontend/bfe14_arch1_benign_temp_drift/physical/seed_41014/t_+125C/source_hspice
41014,125,5,FALL,204,159,45,45,0,0,1,1,1,000000000000000000000011111111,/home/zhupl25/chiplet_side_channel/chiplet_gds_data/power_macro/delay_chain/ftc/runs/b_fe_frontend/bfe14_arch1_benign_temp_drift/physical/seed_41014/t_+125C/source_hspice
41014,125,6,RISE,204,182,22,22,1,1,0,1,1,000000000000000000000011111111,/home/zhupl25/chiplet_side_channel/chiplet_gds_data/power_macro/delay_chain/ftc/runs/b_fe_frontend/bfe14_arch1_benign_temp_drift/physical/seed_41014/t_+125C/source_hspice
41014,125,7,FALL,204,159,45,45,0,0,1,1,1,000000000000000000000011111111,/home/zhupl25/chiplet_side_channel/chiplet_gds_data/power_macro/delay_chain/ftc/runs/b_fe_frontend/bfe14_arch1_benign_temp_drift/physical/seed_41014/t_+125C/source_hspice
41014,125,8,RISE,204,182,22,22,1,1,0,1,1,000000000000000000000011111111,/home/zhupl25/chiplet_side_channel/chiplet_gds_data/power_macro/delay_chain/ftc/runs/b_fe_frontend/bfe14_arch1_benign_temp_drift/physical/seed_41014/t_+125C/source_hspice
41014,125,9,FALL,204,159,45,45,0,0,1,1,1,000000000000000000000011111111,/home/zhupl25/chiplet_side_channel/chiplet_gds_data/power_macro/delay_chain/ftc/runs/b_fe_frontend/bfe14_arch1_benign_temp_drift/physical/seed_41014/t_+125C/source_hspice
41014,125,10,RISE,204,182,22,22,1,1,0,1,1,000000000000000000000011111111,/home/zhupl25/chiplet_side_channel/chiplet_gds_data/power_macro/delay_chain/ftc/runs/b_fe_frontend/bfe14_arch1_benign_temp_drift/physical/seed_41014/t_+125C/source_hspice
41014,125,11,FALL,182,159,23,23,0,0,0,1,1,000000000000000000000001111111,/home/zhupl25/chiplet_side_channel/chiplet_gds_data/power_macro/delay_chain/ftc/runs/b_fe_frontend/bfe14_arch1_benign_temp_drift/physical/seed_41014/t_+125C/source_hspice
41014,125,12,RISE,204,182,22,22,1,1,0,1,1,000000000000000000000011111111,/home/zhupl25/chiplet_side_channel/chiplet_gds_data/power_macro/delay_chain/ftc/runs/b_fe_frontend/bfe14_arch1_benign_temp_drift/physical/seed_41014/t_+125C/source_hspice
41014,125,13,FALL,182,159,23,23,0,0,0,1,1,000000000000000000000001111111,/home/zhupl25/chiplet_side_channel/chiplet_gds_data/power_macro/delay_chain/ftc/runs/b_fe_frontend/bfe14_arch1_benign_temp_drift/physical/seed_41014/t_+125C/source_hspice
41014,125,14,RISE,204,182,22,22,1,1,0,1,1,000000000000000000000011111111,/home/zhupl25/chiplet_side_channel/chiplet_gds_data/power_macro/delay_chain/ftc/runs/b_fe_frontend/bfe14_arch1_benign_temp_drift/physical/seed_41014/t_+125C/source_hspice
41014,125,15,FALL,182,159,23,23,0,0,0,1,1,000000000000000000000001111111,/home/zhupl25/chiplet_side_channel/chiplet_gds_data/power_macro/delay_chain/ftc/runs/b_fe_frontend/bfe14_arch1_benign_temp_drift/physical/seed_41014/t_+125C/source_hspice
41014,125,16,RISE,204,182,22,22,1,1,0,1,1,000000000000000000000011111111,/home/zhupl25/chiplet_side_channel/chiplet_gds_data/power_macro/delay_chain/ftc/runs/b_fe_frontend/bfe14_arch1_benign_temp_drift/physical/seed_41014/t_+125C/source_hspice
41014,125,17,FALL,204,159,45,45,0,0,1,1,1,000000000000000000000011111111,/home/zhupl25/chiplet_side_channel/chiplet_gds_data/power_macro/delay_chain/ftc/runs/b_fe_frontend/bfe14_arch1_benign_temp_drift/physical/seed_41014/t_+125C/source_hspice
41014,125,18,RISE,204,182,22,22,1,1,0,1,1,000000000000000000000011111111,/home/zhupl25/chiplet_side_channel/chiplet_gds_data/power_macro/delay_chain/ftc/runs/b_fe_frontend/bfe14_arch1_benign_temp_drift/physical/seed_41014/t_+125C/source_hspice
41014,125,19,FALL,182,159,23,23,0,0,0,1,1,000000000000000000000001111111,/home/zhupl25/chiplet_side_channel/chiplet_gds_data/power_macro/delay_chain/ftc/runs/b_fe_frontend/bfe14_arch1_benign_temp_drift/physical/seed_41014/t_+125C/source_hspice
41014,125,20,RISE,204,182,22,22,1,1,0,1,1,000000000000000000000011111111,/home/zhupl25/chiplet_side_channel/chiplet_gds_data/power_macro/delay_chain/ftc/runs/b_fe_frontend/bfe14_arch1_benign_temp_drift/physical/seed_41014/t_+125C/source_hspice
41014,125,21,FALL,182,159,23,23,0,0,0,1,1,000000000000000000000001111111,/home/zhupl25/chiplet_side_channel/chiplet_gds_data/power_macro/delay_chain/ftc/runs/b_fe_frontend/bfe14_arch1_benign_temp_drift/physical/seed_41014/t_+125C/source_hspice
41014,125,22,RISE,204,182,22,22,1,1,0,1,1,000000000000000000000011111111,/home/zhupl25/chiplet_side_channel/chiplet_gds_data/power_macro/delay_chain/ftc/runs/b_fe_frontend/bfe14_arch1_benign_temp_drift/physical/seed_41014/t_+125C/source_hspice
41014,125,23,FALL,204,159,45,45,0,0,1,1,1,000000000000000000000011111111,/home/zhupl25/chiplet_side_channel/chiplet_gds_data/power_macro/delay_chain/ftc/runs/b_fe_frontend/bfe14_arch1_benign_temp_drift/physical/seed_41014/t_+125C/source_hspice
41015,-40,0,RISE,182,204,-22,22,0,0,0,1,1,000000000000000000000001111111,/home/zhupl25/chiplet_side_channel/chiplet_gds_data/power_macro/delay_chain/ftc/runs/b_fe_frontend/bfe14_arch1_benign_temp_drift/physical/seed_41015/t_-040C/source_hspice
41015,-40,1,FALL,135,159,-24,24,0,0,0,1,1,000000000000000000000000011111,/home/zhupl25/chiplet_side_channel/chiplet_gds_data/power_macro/delay_chain/ftc/runs/b_fe_frontend/bfe14_arch1_benign_temp_drift/physical/seed_41015/t_-040C/source_hspice
41015,-40,2,RISE,182,204,-22,22,0,0,0,1,1,000000000000000000000001111111,/home/zhupl25/chiplet_side_channel/chiplet_gds_data/power_macro/delay_chain/ftc/runs/b_fe_frontend/bfe14_arch1_benign_temp_drift/physical/seed_41015/t_-040C/source_hspice
41015,-40,3,FALL,135,159,-24,24,0,0,0,1,1,000000000000000000000000011111,/home/zhupl25/chiplet_side_channel/chiplet_gds_data/power_macro/delay_chain/ftc/runs/b_fe_frontend/bfe14_arch1_benign_temp_drift/physical/seed_41015/t_-040C/source_hspice
41015,-40,4,RISE,182,204,-22,22,0,0,0,1,1,000000000000000000000001111111,/home/zhupl25/chiplet_side_channel/chiplet_gds_data/power_macro/delay_chain/ftc/runs/b_fe_frontend/bfe14_arch1_benign_temp_drift/physical/seed_41015/t_-040C/source_hspice
41015,-40,5,FALL,135,159,-24,24,0,0,0,1,1,000000000000000000000000011111,/home/zhupl25/chiplet_side_channel/chiplet_gds_data/power_macro/delay_chain/ftc/runs/b_fe_frontend/bfe14_arch1_benign_temp_drift/physical/seed_41015/t_-040C/source_hspice
41015,-40,6,RISE,182,204,-22,22,0,0,0,1,1,000000000000000000000001111111,/home/zhupl25/chiplet_side_channel/chiplet_gds_data/power_macro/delay_chain/ftc/runs/b_fe_frontend/bfe14_arch1_benign_temp_drift/physical/seed_41015/t_-040C/source_hspice
41015,-40,7,FALL,135,159,-24,24,0,0,0,1,1,000000000000000000000000011111,/home/zhupl25/chiplet_side_channel/chiplet_gds_data/power_macro/delay_chain/ftc/runs/b_fe_frontend/bfe14_arch1_benign_temp_drift/physical/seed_41015/t_-040C/source_hspice
41015,-40,8,RISE,182,204,-22,22,0,0,0,1,1,000000000000000000000001111111,/home/zhupl25/chiplet_side_channel/chiplet_gds_data/power_macro/delay_chain/ftc/runs/b_fe_frontend/bfe14_arch1_benign_temp_drift/physical/seed_41015/t_-040C/source_hspice
41015,-40,9,FALL,135,159,-24,24,0,0,0,1,1,000000000000000000000000011111,/home/zhupl25/chiplet_side_channel/chiplet_gds_data/power_macro/delay_chain/ftc/runs/b_fe_frontend/bfe14_arch1_benign_temp_drift/physical/seed_41015/t_-040C/source_hspice
41015,-40,10,RISE,182,204,-22,22,0,0,0,1,1,000000000000000000000001111111,/home/zhupl25/chiplet_side_channel/chiplet_gds_data/power_macro/delay_chain/ftc/runs/b_fe_frontend/bfe14_arch1_benign_temp_drift/physical/seed_41015/t_-040C/source_hspice
41015,-40,11,FALL,135,159,-24,24,0,0,0,1,1,000000000000000000000000011111,/home/zhupl25/chiplet_side_channel/chiplet_gds_data/power_macro/delay_chain/ftc/runs/b_fe_frontend/bfe14_arch1_benign_temp_drift/physical/seed_41015/t_-040C/source_hspice
41015,-40,12,RISE,182,204,-22,22,0,0,0,1,1,000000000000000000000001111111,/home/zhupl25/chiplet_side_channel/chiplet_gds_data/power_macro/delay_chain/ftc/runs/b_fe_frontend/bfe14_arch1_benign_temp_drift/physical/seed_41015/t_-040C/source_hspice
41015,-40,13,FALL,135,159,-24,24,0,0,0,1,1,000000000000000000000000011111,/home/zhupl25/chiplet_side_channel/chiplet_gds_data/power_macro/delay_chain/ftc/runs/b_fe_frontend/bfe14_arch1_benign_temp_drift/physical/seed_41015/t_-040C/source_hspice
41015,-40,14,RISE,182,204,-22,22,0,0,0,1,1,000000000000000000000001111111,/home/zhupl25/chiplet_side_channel/chiplet_gds_data/power_macro/delay_chain/ftc/runs/b_fe_frontend/bfe14_arch1_benign_temp_drift/physical/seed_41015/t_-040C/source_hspice
41015,-40,15,FALL,135,159,-24,24,0,0,0,1,1,000000000000000000000000011111,/home/zhupl25/chiplet_side_channel/chiplet_gds_data/power_macro/delay_chain/ftc/runs/b_fe_frontend/bfe14_arch1_benign_temp_drift/physical/seed_41015/t_-040C/source_hspice
41015,-40,16,RISE,182,204,-22,22,0,0,0,1,1,000000000000000000000001111111,/home/zhupl25/chiplet_side_channel/chiplet_gds_data/power_macro/delay_chain/ftc/runs/b_fe_frontend/bfe14_arch1_benign_temp_drift/physical/seed_41015/t_-040C/source_hspice
41015,-40,17,FALL,135,159,-24,24,0,0,0,1,1,000000000000000000000000011111,/home/zhupl25/chiplet_side_channel/chiplet_gds_data/power_macro/delay_chain/ftc/runs/b_fe_frontend/bfe14_arch1_benign_temp_drift/physical/seed_41015/t_-040C/source_hspice
41015,-40,18,RISE,182,204,-22,22,0,0,0,1,1,000000000000000000000001111111,/home/zhupl25/chiplet_side_channel/chiplet_gds_data/power_macro/delay_chain/ftc/runs/b_fe_frontend/bfe14_arch1_benign_temp_drift/physical/seed_41015/t_-040C/source_hspice
41015,-40,19,FALL,135,159,-24,24,0,0,0,1,1,000000000000000000000000011111,/home/zhupl25/chiplet_side_channel/chiplet_gds_data/power_macro/delay_chain/ftc/runs/b_fe_frontend/bfe14_arch1_benign_temp_drift/physical/seed_41015/t_-040C/source_hspice
41015,-40,20,RISE,182,204,-22,22,0,0,0,1,1,000000000000000000000001111111,/home/zhupl25/chiplet_side_channel/chiplet_gds_data/power_macro/delay_chain/ftc/runs/b_fe_frontend/bfe14_arch1_benign_temp_drift/physical/seed_41015/t_-040C/source_hspice
41015,-40,21,FALL,110,159,-49,49,0,0,1,1,1,000000000000000000000000001111,/home/zhupl25/chiplet_side_channel/chiplet_gds_data/power_macro/delay_chain/ftc/runs/b_fe_frontend/bfe14_arch1_benign_temp_drift/physical/seed_41015/t_-040C/source_hspice
41015,-40,22,RISE,182,204,-22,22,0,0,0,1,1,000000000000000000000001111111,/home/zhupl25/chiplet_side_channel/chiplet_gds_data/power_macro/delay_chain/ftc/runs/b_fe_frontend/bfe14_arch1_benign_temp_drift/physical/seed_41015/t_-040C/source_hspice
41015,-40,23,FALL,135,159,-24,24,0,0,0,1,1,000000000000000000000000011111,/home/zhupl25/chiplet_side_channel/chiplet_gds_data/power_macro/delay_chain/ftc/runs/b_fe_frontend/bfe14_arch1_benign_temp_drift/physical/seed_41015/t_-040C/source_hspice
41015,125,0,RISE,225,204,21,21,1,1,0,1,1,000000000000000000000111111111,/home/zhupl25/chiplet_side_channel/chiplet_gds_data/power_macro/delay_chain/ftc/runs/b_fe_frontend/bfe14_arch1_benign_temp_drift/physical/seed_41015/t_+125C/source_hspice
41015,125,1,FALL,182,159,23,23,0,0,0,1,1,000000000000000000000001111111,/home/zhupl25/chiplet_side_channel/chiplet_gds_data/power_macro/delay_chain/ftc/runs/b_fe_frontend/bfe14_arch1_benign_temp_drift/physical/seed_41015/t_+125C/source_hspice
41015,125,2,RISE,225,204,21,21,1,1,0,1,1,000000000000000000000111111111,/home/zhupl25/chiplet_side_channel/chiplet_gds_data/power_macro/delay_chain/ftc/runs/b_fe_frontend/bfe14_arch1_benign_temp_drift/physical/seed_41015/t_+125C/source_hspice
41015,125,3,FALL,182,159,23,23,0,0,0,1,1,000000000000000000000001111111,/home/zhupl25/chiplet_side_channel/chiplet_gds_data/power_macro/delay_chain/ftc/runs/b_fe_frontend/bfe14_arch1_benign_temp_drift/physical/seed_41015/t_+125C/source_hspice
41015,125,4,RISE,225,204,21,21,1,1,0,1,1,000000000000000000000111111111,/home/zhupl25/chiplet_side_channel/chiplet_gds_data/power_macro/delay_chain/ftc/runs/b_fe_frontend/bfe14_arch1_benign_temp_drift/physical/seed_41015/t_+125C/source_hspice
41015,125,5,FALL,182,159,23,23,0,0,0,1,1,000000000000000000000001111111,/home/zhupl25/chiplet_side_channel/chiplet_gds_data/power_macro/delay_chain/ftc/runs/b_fe_frontend/bfe14_arch1_benign_temp_drift/physical/seed_41015/t_+125C/source_hspice
41015,125,6,RISE,225,204,21,21,1,1,0,1,1,000000000000000000000111111111,/home/zhupl25/chiplet_side_channel/chiplet_gds_data/power_macro/delay_chain/ftc/runs/b_fe_frontend/bfe14_arch1_benign_temp_drift/physical/seed_41015/t_+125C/source_hspice
41015,125,7,FALL,182,159,23,23,0,0,0,1,1,000000000000000000000001111111,/home/zhupl25/chiplet_side_channel/chiplet_gds_data/power_macro/delay_chain/ftc/runs/b_fe_frontend/bfe14_arch1_benign_temp_drift/physical/seed_41015/t_+125C/source_hspice
41015,125,8,RISE,225,204,21,21,1,1,0,1,1,000000000000000000000111111111,/home/zhupl25/chiplet_side_channel/chiplet_gds_data/power_macro/delay_chain/ftc/runs/b_fe_frontend/bfe14_arch1_benign_temp_drift/physical/seed_41015/t_+125C/source_hspice
41015,125,9,FALL,182,159,23,23,0,0,0,1,1,000000000000000000000001111111,/home/zhupl25/chiplet_side_channel/chiplet_gds_data/power_macro/delay_chain/ftc/runs/b_fe_frontend/bfe14_arch1_benign_temp_drift/physical/seed_41015/t_+125C/source_hspice
41015,125,10,RISE,225,204,21,21,1,1,0,1,1,000000000000000000000111111111,/home/zhupl25/chiplet_side_channel/chiplet_gds_data/power_macro/delay_chain/ftc/runs/b_fe_frontend/bfe14_arch1_benign_temp_drift/physical/seed_41015/t_+125C/source_hspice
41015,125,11,FALL,182,159,23,23,0,0,0,1,1,000000000000000000000001111111,/home/zhupl25/chiplet_side_channel/chiplet_gds_data/power_macro/delay_chain/ftc/runs/b_fe_frontend/bfe14_arch1_benign_temp_drift/physical/seed_41015/t_+125C/source_hspice
41015,125,12,RISE,225,204,21,21,1,1,0,1,1,000000000000000000000111111111,/home/zhupl25/chiplet_side_channel/chiplet_gds_data/power_macro/delay_chain/ftc/runs/b_fe_frontend/bfe14_arch1_benign_temp_drift/physical/seed_41015/t_+125C/source_hspice
41015,125,13,FALL,182,159,23,23,0,0,0,1,1,000000000000000000000001111111,/home/zhupl25/chiplet_side_channel/chiplet_gds_data/power_macro/delay_chain/ftc/runs/b_fe_frontend/bfe14_arch1_benign_temp_drift/physical/seed_41015/t_+125C/source_hspice
41015,125,14,RISE,225,204,21,21,1,1,0,1,1,000000000000000000000111111111,/home/zhupl25/chiplet_side_channel/chiplet_gds_data/power_macro/delay_chain/ftc/runs/b_fe_frontend/bfe14_arch1_benign_temp_drift/physical/seed_41015/t_+125C/source_hspice
41015,125,15,FALL,182,159,23,23,0,0,0,1,1,000000000000000000000001111111,/home/zhupl25/chiplet_side_channel/chiplet_gds_data/power_macro/delay_chain/ftc/runs/b_fe_frontend/bfe14_arch1_benign_temp_drift/physical/seed_41015/t_+125C/source_hspice
41015,125,16,RISE,225,204,21,21,1,1,0,1,1,000000000000000000000111111111,/home/zhupl25/chiplet_side_channel/chiplet_gds_data/power_macro/delay_chain/ftc/runs/b_fe_frontend/bfe14_arch1_benign_temp_drift/physical/seed_41015/t_+125C/source_hspice
41015,125,17,FALL,182,159,23,23,0,0,0,1,1,000000000000000000000001111111,/home/zhupl25/chiplet_side_channel/chiplet_gds_data/power_macro/delay_chain/ftc/runs/b_fe_frontend/bfe14_arch1_benign_temp_drift/physical/seed_41015/t_+125C/source_hspice
41015,125,18,RISE,225,204,21,21,1,1,0,1,1,000000000000000000000111111111,/home/zhupl25/chiplet_side_channel/chiplet_gds_data/power_macro/delay_chain/ftc/runs/b_fe_frontend/bfe14_arch1_benign_temp_drift/physical/seed_41015/t_+125C/source_hspice
41015,125,19,FALL,182,159,23,23,0,0,0,1,1,000000000000000000000001111111,/home/zhupl25/chiplet_side_channel/chiplet_gds_data/power_macro/delay_chain/ftc/runs/b_fe_frontend/bfe14_arch1_benign_temp_drift/physical/seed_41015/t_+125C/source_hspice
41015,125,20,RISE,225,204,21,21,1,1,0,1,1,000000000000000000000111111111,/home/zhupl25/chiplet_side_channel/chiplet_gds_data/power_macro/delay_chain/ftc/runs/b_fe_frontend/bfe14_arch1_benign_temp_drift/physical/seed_41015/t_+125C/source_hspice
41015,125,21,FALL,182,159,23,23,0,0,0,1,1,000000000000000000000001111111,/home/zhupl25/chiplet_side_channel/chiplet_gds_data/power_macro/delay_chain/ftc/runs/b_fe_frontend/bfe14_arch1_benign_temp_drift/physical/seed_41015/t_+125C/source_hspice
41015,125,22,RISE,225,204,21,21,1,1,0,1,1,000000000000000000000111111111,/home/zhupl25/chiplet_side_channel/chiplet_gds_data/power_macro/delay_chain/ftc/runs/b_fe_frontend/bfe14_arch1_benign_temp_drift/physical/seed_41015/t_+125C/source_hspice
41015,125,23,FALL,182,159,23,23,0,0,0,1,1,000000000000000000000001111111,/home/zhupl25/chiplet_side_channel/chiplet_gds_data/power_macro/delay_chain/ftc/runs/b_fe_frontend/bfe14_arch1_benign_temp_drift/physical/seed_41015/t_+125C/source_hspice
41016,-40,0,RISE,159,182,-23,23,0,0,1,1,1,000000000000000000000000111111,/home/zhupl25/chiplet_side_channel/chiplet_gds_data/power_macro/delay_chain/ftc/runs/b_fe_frontend/bfe14_arch1_benign_temp_drift/physical/seed_41016/t_-040C/source_hspice
41016,-40,1,FALL,159,159,0,0,0,0,0,0,0,000000000000000000000000111111,/home/zhupl25/chiplet_side_channel/chiplet_gds_data/power_macro/delay_chain/ftc/runs/b_fe_frontend/bfe14_arch1_benign_temp_drift/physical/seed_41016/t_-040C/source_hspice
41016,-40,2,RISE,159,182,-23,23,0,0,1,1,1,000000000000000000000000111111,/home/zhupl25/chiplet_side_channel/chiplet_gds_data/power_macro/delay_chain/ftc/runs/b_fe_frontend/bfe14_arch1_benign_temp_drift/physical/seed_41016/t_-040C/source_hspice
41016,-40,3,FALL,135,159,-24,24,0,0,0,1,1,000000000000000000000000011111,/home/zhupl25/chiplet_side_channel/chiplet_gds_data/power_macro/delay_chain/ftc/runs/b_fe_frontend/bfe14_arch1_benign_temp_drift/physical/seed_41016/t_-040C/source_hspice
41016,-40,4,RISE,159,182,-23,23,0,0,1,1,1,000000000000000000000000111111,/home/zhupl25/chiplet_side_channel/chiplet_gds_data/power_macro/delay_chain/ftc/runs/b_fe_frontend/bfe14_arch1_benign_temp_drift/physical/seed_41016/t_-040C/source_hspice
41016,-40,5,FALL,135,159,-24,24,0,0,0,1,1,000000000000000000000000011111,/home/zhupl25/chiplet_side_channel/chiplet_gds_data/power_macro/delay_chain/ftc/runs/b_fe_frontend/bfe14_arch1_benign_temp_drift/physical/seed_41016/t_-040C/source_hspice
41016,-40,6,RISE,159,182,-23,23,0,0,1,1,1,000000000000000000000000111111,/home/zhupl25/chiplet_side_channel/chiplet_gds_data/power_macro/delay_chain/ftc/runs/b_fe_frontend/bfe14_arch1_benign_temp_drift/physical/seed_41016/t_-040C/source_hspice
41016,-40,7,FALL,135,159,-24,24,0,0,0,1,1,000000000000000000000000011111,/home/zhupl25/chiplet_side_channel/chiplet_gds_data/power_macro/delay_chain/ftc/runs/b_fe_frontend/bfe14_arch1_benign_temp_drift/physical/seed_41016/t_-040C/source_hspice
41016,-40,8,RISE,159,182,-23,23,0,0,1,1,1,000000000000000000000000111111,/home/zhupl25/chiplet_side_channel/chiplet_gds_data/power_macro/delay_chain/ftc/runs/b_fe_frontend/bfe14_arch1_benign_temp_drift/physical/seed_41016/t_-040C/source_hspice
41016,-40,9,FALL,135,159,-24,24,0,0,0,1,1,000000000000000000000000011111,/home/zhupl25/chiplet_side_channel/chiplet_gds_data/power_macro/delay_chain/ftc/runs/b_fe_frontend/bfe14_arch1_benign_temp_drift/physical/seed_41016/t_-040C/source_hspice
41016,-40,10,RISE,159,182,-23,23,0,0,1,1,1,000000000000000000000000111111,/home/zhupl25/chiplet_side_channel/chiplet_gds_data/power_macro/delay_chain/ftc/runs/b_fe_frontend/bfe14_arch1_benign_temp_drift/physical/seed_41016/t_-040C/source_hspice
41016,-40,11,FALL,135,159,-24,24,0,0,0,1,1,000000000000000000000000011111,/home/zhupl25/chiplet_side_channel/chiplet_gds_data/power_macro/delay_chain/ftc/runs/b_fe_frontend/bfe14_arch1_benign_temp_drift/physical/seed_41016/t_-040C/source_hspice
41016,-40,12,RISE,159,182,-23,23,0,0,1,1,1,000000000000000000000000111111,/home/zhupl25/chiplet_side_channel/chiplet_gds_data/power_macro/delay_chain/ftc/runs/b_fe_frontend/bfe14_arch1_benign_temp_drift/physical/seed_41016/t_-040C/source_hspice
41016,-40,13,FALL,135,159,-24,24,0,0,0,1,1,000000000000000000000000011111,/home/zhupl25/chiplet_side_channel/chiplet_gds_data/power_macro/delay_chain/ftc/runs/b_fe_frontend/bfe14_arch1_benign_temp_drift/physical/seed_41016/t_-040C/source_hspice
41016,-40,14,RISE,159,182,-23,23,0,0,1,1,1,000000000000000000000000111111,/home/zhupl25/chiplet_side_channel/chiplet_gds_data/power_macro/delay_chain/ftc/runs/b_fe_frontend/bfe14_arch1_benign_temp_drift/physical/seed_41016/t_-040C/source_hspice
41016,-40,15,FALL,135,159,-24,24,0,0,0,1,1,000000000000000000000000011111,/home/zhupl25/chiplet_side_channel/chiplet_gds_data/power_macro/delay_chain/ftc/runs/b_fe_frontend/bfe14_arch1_benign_temp_drift/physical/seed_41016/t_-040C/source_hspice
41016,-40,16,RISE,159,182,-23,23,0,0,1,1,1,000000000000000000000000111111,/home/zhupl25/chiplet_side_channel/chiplet_gds_data/power_macro/delay_chain/ftc/runs/b_fe_frontend/bfe14_arch1_benign_temp_drift/physical/seed_41016/t_-040C/source_hspice
41016,-40,17,FALL,135,159,-24,24,0,0,0,1,1,000000000000000000000000011111,/home/zhupl25/chiplet_side_channel/chiplet_gds_data/power_macro/delay_chain/ftc/runs/b_fe_frontend/bfe14_arch1_benign_temp_drift/physical/seed_41016/t_-040C/source_hspice
41016,-40,18,RISE,159,182,-23,23,0,0,1,1,1,000000000000000000000000111111,/home/zhupl25/chiplet_side_channel/chiplet_gds_data/power_macro/delay_chain/ftc/runs/b_fe_frontend/bfe14_arch1_benign_temp_drift/physical/seed_41016/t_-040C/source_hspice
41016,-40,19,FALL,135,159,-24,24,0,0,0,1,1,000000000000000000000000011111,/home/zhupl25/chiplet_side_channel/chiplet_gds_data/power_macro/delay_chain/ftc/runs/b_fe_frontend/bfe14_arch1_benign_temp_drift/physical/seed_41016/t_-040C/source_hspice
41016,-40,20,RISE,159,182,-23,23,0,0,1,1,1,000000000000000000000000111111,/home/zhupl25/chiplet_side_channel/chiplet_gds_data/power_macro/delay_chain/ftc/runs/b_fe_frontend/bfe14_arch1_benign_temp_drift/physical/seed_41016/t_-040C/source_hspice
41016,-40,21,FALL,135,159,-24,24,0,0,0,1,1,000000000000000000000000011111,/home/zhupl25/chiplet_side_channel/chiplet_gds_data/power_macro/delay_chain/ftc/runs/b_fe_frontend/bfe14_arch1_benign_temp_drift/physical/seed_41016/t_-040C/source_hspice
41016,-40,22,RISE,159,182,-23,23,0,0,1,1,1,000000000000000000000000111111,/home/zhupl25/chiplet_side_channel/chiplet_gds_data/power_macro/delay_chain/ftc/runs/b_fe_frontend/bfe14_arch1_benign_temp_drift/physical/seed_41016/t_-040C/source_hspice
41016,-40,23,FALL,135,159,-24,24,0,0,0,1,1,000000000000000000000000011111,/home/zhupl25/chiplet_side_channel/chiplet_gds_data/power_macro/delay_chain/ftc/runs/b_fe_frontend/bfe14_arch1_benign_temp_drift/physical/seed_41016/t_-040C/source_hspice
41016,125,0,RISE,204,182,22,22,1,1,0,1,1,000000000000000000000011111111,/home/zhupl25/chiplet_side_channel/chiplet_gds_data/power_macro/delay_chain/ftc/runs/b_fe_frontend/bfe14_arch1_benign_temp_drift/physical/seed_41016/t_+125C/source_hspice
41016,125,1,FALL,204,159,45,45,0,0,1,1,1,000000000000000000000011111111,/home/zhupl25/chiplet_side_channel/chiplet_gds_data/power_macro/delay_chain/ftc/runs/b_fe_frontend/bfe14_arch1_benign_temp_drift/physical/seed_41016/t_+125C/source_hspice
41016,125,2,RISE,204,182,22,22,1,1,0,1,1,000000000000000000000011111111,/home/zhupl25/chiplet_side_channel/chiplet_gds_data/power_macro/delay_chain/ftc/runs/b_fe_frontend/bfe14_arch1_benign_temp_drift/physical/seed_41016/t_+125C/source_hspice
41016,125,3,FALL,182,159,23,23,0,0,0,1,1,000000000000000000000001111111,/home/zhupl25/chiplet_side_channel/chiplet_gds_data/power_macro/delay_chain/ftc/runs/b_fe_frontend/bfe14_arch1_benign_temp_drift/physical/seed_41016/t_+125C/source_hspice
41016,125,4,RISE,204,182,22,22,1,1,0,1,1,000000000000000000000011111111,/home/zhupl25/chiplet_side_channel/chiplet_gds_data/power_macro/delay_chain/ftc/runs/b_fe_frontend/bfe14_arch1_benign_temp_drift/physical/seed_41016/t_+125C/source_hspice
41016,125,5,FALL,204,159,45,45,0,0,1,1,1,000000000000000000000011111111,/home/zhupl25/chiplet_side_channel/chiplet_gds_data/power_macro/delay_chain/ftc/runs/b_fe_frontend/bfe14_arch1_benign_temp_drift/physical/seed_41016/t_+125C/source_hspice
41016,125,6,RISE,204,182,22,22,1,1,0,1,1,000000000000000000000011111111,/home/zhupl25/chiplet_side_channel/chiplet_gds_data/power_macro/delay_chain/ftc/runs/b_fe_frontend/bfe14_arch1_benign_temp_drift/physical/seed_41016/t_+125C/source_hspice
41016,125,7,FALL,204,159,45,45,0,0,1,1,1,000000000000000000000011111111,/home/zhupl25/chiplet_side_channel/chiplet_gds_data/power_macro/delay_chain/ftc/runs/b_fe_frontend/bfe14_arch1_benign_temp_drift/physical/seed_41016/t_+125C/source_hspice
41016,125,8,RISE,204,182,22,22,1,1,0,1,1,000000000000000000000011111111,/home/zhupl25/chiplet_side_channel/chiplet_gds_data/power_macro/delay_chain/ftc/runs/b_fe_frontend/bfe14_arch1_benign_temp_drift/physical/seed_41016/t_+125C/source_hspice
41016,125,9,FALL,204,159,45,45,0,0,1,1,1,000000000000000000000011111111,/home/zhupl25/chiplet_side_channel/chiplet_gds_data/power_macro/delay_chain/ftc/runs/b_fe_frontend/bfe14_arch1_benign_temp_drift/physical/seed_41016/t_+125C/source_hspice
41016,125,10,RISE,204,182,22,22,1,1,0,1,1,000000000000000000000011111111,/home/zhupl25/chiplet_side_channel/chiplet_gds_data/power_macro/delay_chain/ftc/runs/b_fe_frontend/bfe14_arch1_benign_temp_drift/physical/seed_41016/t_+125C/source_hspice
41016,125,11,FALL,182,159,23,23,0,0,0,1,1,000000000000000000000001111111,/home/zhupl25/chiplet_side_channel/chiplet_gds_data/power_macro/delay_chain/ftc/runs/b_fe_frontend/bfe14_arch1_benign_temp_drift/physical/seed_41016/t_+125C/source_hspice
41016,125,12,RISE,204,182,22,22,1,1,0,1,1,000000000000000000000011111111,/home/zhupl25/chiplet_side_channel/chiplet_gds_data/power_macro/delay_chain/ftc/runs/b_fe_frontend/bfe14_arch1_benign_temp_drift/physical/seed_41016/t_+125C/source_hspice
41016,125,13,FALL,182,159,23,23,0,0,0,1,1,000000000000000000000001111111,/home/zhupl25/chiplet_side_channel/chiplet_gds_data/power_macro/delay_chain/ftc/runs/b_fe_frontend/bfe14_arch1_benign_temp_drift/physical/seed_41016/t_+125C/source_hspice
41016,125,14,RISE,204,182,22,22,1,1,0,1,1,000000000000000000000011111111,/home/zhupl25/chiplet_side_channel/chiplet_gds_data/power_macro/delay_chain/ftc/runs/b_fe_frontend/bfe14_arch1_benign_temp_drift/physical/seed_41016/t_+125C/source_hspice
41016,125,15,FALL,182,159,23,23,0,0,0,1,1,000000000000000000000001111111,/home/zhupl25/chiplet_side_channel/chiplet_gds_data/power_macro/delay_chain/ftc/runs/b_fe_frontend/bfe14_arch1_benign_temp_drift/physical/seed_41016/t_+125C/source_hspice
41016,125,16,RISE,204,182,22,22,1,1,0,1,1,000000000000000000000011111111,/home/zhupl25/chiplet_side_channel/chiplet_gds_data/power_macro/delay_chain/ftc/runs/b_fe_frontend/bfe14_arch1_benign_temp_drift/physical/seed_41016/t_+125C/source_hspice
41016,125,17,FALL,204,159,45,45,0,0,1,1,1,000000000000000000000011111111,/home/zhupl25/chiplet_side_channel/chiplet_gds_data/power_macro/delay_chain/ftc/runs/b_fe_frontend/bfe14_arch1_benign_temp_drift/physical/seed_41016/t_+125C/source_hspice
41016,125,18,RISE,204,182,22,22,1,1,0,1,1,000000000000000000000011111111,/home/zhupl25/chiplet_side_channel/chiplet_gds_data/power_macro/delay_chain/ftc/runs/b_fe_frontend/bfe14_arch1_benign_temp_drift/physical/seed_41016/t_+125C/source_hspice
41016,125,19,FALL,182,159,23,23,0,0,0,1,1,000000000000000000000001111111,/home/zhupl25/chiplet_side_channel/chiplet_gds_data/power_macro/delay_chain/ftc/runs/b_fe_frontend/bfe14_arch1_benign_temp_drift/physical/seed_41016/t_+125C/source_hspice
41016,125,20,RISE,182,182,0,0,0,0,0,0,0,000000000000000000000001111111,/home/zhupl25/chiplet_side_channel/chiplet_gds_data/power_macro/delay_chain/ftc/runs/b_fe_frontend/bfe14_arch1_benign_temp_drift/physical/seed_41016/t_+125C/source_hspice
41016,125,21,FALL,182,159,23,23,0,0,0,1,1,000000000000000000000001111111,/home/zhupl25/chiplet_side_channel/chiplet_gds_data/power_macro/delay_chain/ftc/runs/b_fe_frontend/bfe14_arch1_benign_temp_drift/physical/seed_41016/t_+125C/source_hspice
41016,125,22,RISE,204,182,22,22,1,1,0,1,1,000000000000000000000011111111,/home/zhupl25/chiplet_side_channel/chiplet_gds_data/power_macro/delay_chain/ftc/runs/b_fe_frontend/bfe14_arch1_benign_temp_drift/physical/seed_41016/t_+125C/source_hspice
41016,125,23,FALL,204,159,45,45,0,0,1,1,1,000000000000000000000011111111,/home/zhupl25/chiplet_side_channel/chiplet_gds_data/power_macro/delay_chain/ftc/runs/b_fe_frontend/bfe14_arch1_benign_temp_drift/physical/seed_41016/t_+125C/source_hspice
41017,-40,0,RISE,182,198,-16,16,0,0,0,1,1,000000000000000000000001111111,/home/zhupl25/chiplet_side_channel/chiplet_gds_data/power_macro/delay_chain/ftc/runs/b_fe_frontend/bfe14_arch1_benign_temp_drift/physical/seed_41017/t_-040C/source_hspice
41017,-40,1,FALL,159,170,-11,11,0,0,0,1,1,000000000000000000000000111111,/home/zhupl25/chiplet_side_channel/chiplet_gds_data/power_macro/delay_chain/ftc/runs/b_fe_frontend/bfe14_arch1_benign_temp_drift/physical/seed_41017/t_-040C/source_hspice
41017,-40,2,RISE,182,198,-16,16,0,0,0,1,1,000000000000000000000001111111,/home/zhupl25/chiplet_side_channel/chiplet_gds_data/power_macro/delay_chain/ftc/runs/b_fe_frontend/bfe14_arch1_benign_temp_drift/physical/seed_41017/t_-040C/source_hspice
41017,-40,3,FALL,135,170,-35,35,0,0,1,1,1,000000000000000000000000011111,/home/zhupl25/chiplet_side_channel/chiplet_gds_data/power_macro/delay_chain/ftc/runs/b_fe_frontend/bfe14_arch1_benign_temp_drift/physical/seed_41017/t_-040C/source_hspice
41017,-40,4,RISE,182,198,-16,16,0,0,0,1,1,000000000000000000000001111111,/home/zhupl25/chiplet_side_channel/chiplet_gds_data/power_macro/delay_chain/ftc/runs/b_fe_frontend/bfe14_arch1_benign_temp_drift/physical/seed_41017/t_-040C/source_hspice
41017,-40,5,FALL,159,170,-11,11,0,0,0,1,1,000000000000000000000000111111,/home/zhupl25/chiplet_side_channel/chiplet_gds_data/power_macro/delay_chain/ftc/runs/b_fe_frontend/bfe14_arch1_benign_temp_drift/physical/seed_41017/t_-040C/source_hspice
41017,-40,6,RISE,182,198,-16,16,0,0,0,1,1,000000000000000000000001111111,/home/zhupl25/chiplet_side_channel/chiplet_gds_data/power_macro/delay_chain/ftc/runs/b_fe_frontend/bfe14_arch1_benign_temp_drift/physical/seed_41017/t_-040C/source_hspice
41017,-40,7,FALL,135,170,-35,35,0,0,1,1,1,000000000000000000000000011111,/home/zhupl25/chiplet_side_channel/chiplet_gds_data/power_macro/delay_chain/ftc/runs/b_fe_frontend/bfe14_arch1_benign_temp_drift/physical/seed_41017/t_-040C/source_hspice
41017,-40,8,RISE,182,198,-16,16,0,0,0,1,1,000000000000000000000001111111,/home/zhupl25/chiplet_side_channel/chiplet_gds_data/power_macro/delay_chain/ftc/runs/b_fe_frontend/bfe14_arch1_benign_temp_drift/physical/seed_41017/t_-040C/source_hspice
41017,-40,9,FALL,159,170,-11,11,0,0,0,1,1,000000000000000000000000111111,/home/zhupl25/chiplet_side_channel/chiplet_gds_data/power_macro/delay_chain/ftc/runs/b_fe_frontend/bfe14_arch1_benign_temp_drift/physical/seed_41017/t_-040C/source_hspice
41017,-40,10,RISE,182,198,-16,16,0,0,0,1,1,000000000000000000000001111111,/home/zhupl25/chiplet_side_channel/chiplet_gds_data/power_macro/delay_chain/ftc/runs/b_fe_frontend/bfe14_arch1_benign_temp_drift/physical/seed_41017/t_-040C/source_hspice
41017,-40,11,FALL,135,170,-35,35,0,0,1,1,1,000000000000000000000000011111,/home/zhupl25/chiplet_side_channel/chiplet_gds_data/power_macro/delay_chain/ftc/runs/b_fe_frontend/bfe14_arch1_benign_temp_drift/physical/seed_41017/t_-040C/source_hspice
41017,-40,12,RISE,182,198,-16,16,0,0,0,1,1,000000000000000000000001111111,/home/zhupl25/chiplet_side_channel/chiplet_gds_data/power_macro/delay_chain/ftc/runs/b_fe_frontend/bfe14_arch1_benign_temp_drift/physical/seed_41017/t_-040C/source_hspice
41017,-40,13,FALL,135,170,-35,35,0,0,1,1,1,000000000000000000000000011111,/home/zhupl25/chiplet_side_channel/chiplet_gds_data/power_macro/delay_chain/ftc/runs/b_fe_frontend/bfe14_arch1_benign_temp_drift/physical/seed_41017/t_-040C/source_hspice
41017,-40,14,RISE,182,198,-16,16,0,0,0,1,1,000000000000000000000001111111,/home/zhupl25/chiplet_side_channel/chiplet_gds_data/power_macro/delay_chain/ftc/runs/b_fe_frontend/bfe14_arch1_benign_temp_drift/physical/seed_41017/t_-040C/source_hspice
41017,-40,15,FALL,135,170,-35,35,0,0,1,1,1,000000000000000000000000011111,/home/zhupl25/chiplet_side_channel/chiplet_gds_data/power_macro/delay_chain/ftc/runs/b_fe_frontend/bfe14_arch1_benign_temp_drift/physical/seed_41017/t_-040C/source_hspice
41017,-40,16,RISE,182,198,-16,16,0,0,0,1,1,000000000000000000000001111111,/home/zhupl25/chiplet_side_channel/chiplet_gds_data/power_macro/delay_chain/ftc/runs/b_fe_frontend/bfe14_arch1_benign_temp_drift/physical/seed_41017/t_-040C/source_hspice
41017,-40,17,FALL,159,170,-11,11,0,0,0,1,1,000000000000000000000000111111,/home/zhupl25/chiplet_side_channel/chiplet_gds_data/power_macro/delay_chain/ftc/runs/b_fe_frontend/bfe14_arch1_benign_temp_drift/physical/seed_41017/t_-040C/source_hspice
41017,-40,18,RISE,182,198,-16,16,0,0,0,1,1,000000000000000000000001111111,/home/zhupl25/chiplet_side_channel/chiplet_gds_data/power_macro/delay_chain/ftc/runs/b_fe_frontend/bfe14_arch1_benign_temp_drift/physical/seed_41017/t_-040C/source_hspice
41017,-40,19,FALL,135,170,-35,35,0,0,1,1,1,000000000000000000000000011111,/home/zhupl25/chiplet_side_channel/chiplet_gds_data/power_macro/delay_chain/ftc/runs/b_fe_frontend/bfe14_arch1_benign_temp_drift/physical/seed_41017/t_-040C/source_hspice
41017,-40,20,RISE,182,198,-16,16,0,0,0,1,1,000000000000000000000001111111,/home/zhupl25/chiplet_side_channel/chiplet_gds_data/power_macro/delay_chain/ftc/runs/b_fe_frontend/bfe14_arch1_benign_temp_drift/physical/seed_41017/t_-040C/source_hspice
41017,-40,21,FALL,135,170,-35,35,0,0,1,1,1,000000000000000000000000011111,/home/zhupl25/chiplet_side_channel/chiplet_gds_data/power_macro/delay_chain/ftc/runs/b_fe_frontend/bfe14_arch1_benign_temp_drift/physical/seed_41017/t_-040C/source_hspice
41017,-40,22,RISE,182,198,-16,16,0,0,0,1,1,000000000000000000000001111111,/home/zhupl25/chiplet_side_channel/chiplet_gds_data/power_macro/delay_chain/ftc/runs/b_fe_frontend/bfe14_arch1_benign_temp_drift/physical/seed_41017/t_-040C/source_hspice
41017,-40,23,FALL,135,170,-35,35,0,0,1,1,1,000000000000000000000000011111,/home/zhupl25/chiplet_side_channel/chiplet_gds_data/power_macro/delay_chain/ftc/runs/b_fe_frontend/bfe14_arch1_benign_temp_drift/physical/seed_41017/t_-040C/source_hspice
41017,125,0,RISE,225,198,27,27,1,1,1,1,1,000000000000000000000111111111,/home/zhupl25/chiplet_side_channel/chiplet_gds_data/power_macro/delay_chain/ftc/runs/b_fe_frontend/bfe14_arch1_benign_temp_drift/physical/seed_41017/t_+125C/source_hspice
41017,125,1,FALL,204,170,34,34,0,0,1,1,1,000000000000000000000011111111,/home/zhupl25/chiplet_side_channel/chiplet_gds_data/power_macro/delay_chain/ftc/runs/b_fe_frontend/bfe14_arch1_benign_temp_drift/physical/seed_41017/t_+125C/source_hspice
41017,125,2,RISE,225,198,27,27,1,1,1,1,1,000000000000000000000111111111,/home/zhupl25/chiplet_side_channel/chiplet_gds_data/power_macro/delay_chain/ftc/runs/b_fe_frontend/bfe14_arch1_benign_temp_drift/physical/seed_41017/t_+125C/source_hspice
41017,125,3,FALL,204,170,34,34,0,0,1,1,1,000000000000000000000011111111,/home/zhupl25/chiplet_side_channel/chiplet_gds_data/power_macro/delay_chain/ftc/runs/b_fe_frontend/bfe14_arch1_benign_temp_drift/physical/seed_41017/t_+125C/source_hspice
41017,125,4,RISE,225,198,27,27,1,1,1,1,1,000000000000000000000111111111,/home/zhupl25/chiplet_side_channel/chiplet_gds_data/power_macro/delay_chain/ftc/runs/b_fe_frontend/bfe14_arch1_benign_temp_drift/physical/seed_41017/t_+125C/source_hspice
41017,125,5,FALL,204,170,34,34,0,0,1,1,1,000000000000000000000011111111,/home/zhupl25/chiplet_side_channel/chiplet_gds_data/power_macro/delay_chain/ftc/runs/b_fe_frontend/bfe14_arch1_benign_temp_drift/physical/seed_41017/t_+125C/source_hspice
41017,125,6,RISE,204,198,6,6,0,0,0,1,1,000000000000000000000011111111,/home/zhupl25/chiplet_side_channel/chiplet_gds_data/power_macro/delay_chain/ftc/runs/b_fe_frontend/bfe14_arch1_benign_temp_drift/physical/seed_41017/t_+125C/source_hspice
41017,125,7,FALL,204,170,34,34,0,0,1,1,1,000000000000000000000011111111,/home/zhupl25/chiplet_side_channel/chiplet_gds_data/power_macro/delay_chain/ftc/runs/b_fe_frontend/bfe14_arch1_benign_temp_drift/physical/seed_41017/t_+125C/source_hspice
41017,125,8,RISE,204,198,6,6,0,0,0,1,1,000000000000000000000011111111,/home/zhupl25/chiplet_side_channel/chiplet_gds_data/power_macro/delay_chain/ftc/runs/b_fe_frontend/bfe14_arch1_benign_temp_drift/physical/seed_41017/t_+125C/source_hspice
41017,125,9,FALL,204,170,34,34,0,0,1,1,1,000000000000000000000011111111,/home/zhupl25/chiplet_side_channel/chiplet_gds_data/power_macro/delay_chain/ftc/runs/b_fe_frontend/bfe14_arch1_benign_temp_drift/physical/seed_41017/t_+125C/source_hspice
41017,125,10,RISE,225,198,27,27,1,1,1,1,1,000000000000000000000111111111,/home/zhupl25/chiplet_side_channel/chiplet_gds_data/power_macro/delay_chain/ftc/runs/b_fe_frontend/bfe14_arch1_benign_temp_drift/physical/seed_41017/t_+125C/source_hspice
41017,125,11,FALL,204,170,34,34,0,0,1,1,1,000000000000000000000011111111,/home/zhupl25/chiplet_side_channel/chiplet_gds_data/power_macro/delay_chain/ftc/runs/b_fe_frontend/bfe14_arch1_benign_temp_drift/physical/seed_41017/t_+125C/source_hspice
41017,125,12,RISE,204,198,6,6,0,0,0,1,1,000000000000000000000011111111,/home/zhupl25/chiplet_side_channel/chiplet_gds_data/power_macro/delay_chain/ftc/runs/b_fe_frontend/bfe14_arch1_benign_temp_drift/physical/seed_41017/t_+125C/source_hspice
41017,125,13,FALL,204,170,34,34,0,0,1,1,1,000000000000000000000011111111,/home/zhupl25/chiplet_side_channel/chiplet_gds_data/power_macro/delay_chain/ftc/runs/b_fe_frontend/bfe14_arch1_benign_temp_drift/physical/seed_41017/t_+125C/source_hspice
41017,125,14,RISE,204,198,6,6,0,0,0,1,1,000000000000000000000011111111,/home/zhupl25/chiplet_side_channel/chiplet_gds_data/power_macro/delay_chain/ftc/runs/b_fe_frontend/bfe14_arch1_benign_temp_drift/physical/seed_41017/t_+125C/source_hspice
41017,125,15,FALL,204,170,34,34,0,0,1,1,1,000000000000000000000011111111,/home/zhupl25/chiplet_side_channel/chiplet_gds_data/power_macro/delay_chain/ftc/runs/b_fe_frontend/bfe14_arch1_benign_temp_drift/physical/seed_41017/t_+125C/source_hspice
41017,125,16,RISE,204,198,6,6,0,0,0,1,1,000000000000000000000011111111,/home/zhupl25/chiplet_side_channel/chiplet_gds_data/power_macro/delay_chain/ftc/runs/b_fe_frontend/bfe14_arch1_benign_temp_drift/physical/seed_41017/t_+125C/source_hspice
41017,125,17,FALL,204,170,34,34,0,0,1,1,1,000000000000000000000011111111,/home/zhupl25/chiplet_side_channel/chiplet_gds_data/power_macro/delay_chain/ftc/runs/b_fe_frontend/bfe14_arch1_benign_temp_drift/physical/seed_41017/t_+125C/source_hspice
41017,125,18,RISE,204,198,6,6,0,0,0,1,1,000000000000000000000011111111,/home/zhupl25/chiplet_side_channel/chiplet_gds_data/power_macro/delay_chain/ftc/runs/b_fe_frontend/bfe14_arch1_benign_temp_drift/physical/seed_41017/t_+125C/source_hspice
41017,125,19,FALL,204,170,34,34,0,0,1,1,1,000000000000000000000011111111,/home/zhupl25/chiplet_side_channel/chiplet_gds_data/power_macro/delay_chain/ftc/runs/b_fe_frontend/bfe14_arch1_benign_temp_drift/physical/seed_41017/t_+125C/source_hspice
41017,125,20,RISE,204,198,6,6,0,0,0,1,1,000000000000000000000011111111,/home/zhupl25/chiplet_side_channel/chiplet_gds_data/power_macro/delay_chain/ftc/runs/b_fe_frontend/bfe14_arch1_benign_temp_drift/physical/seed_41017/t_+125C/source_hspice
41017,125,21,FALL,182,170,12,12,0,0,0,1,1,000000000000000000000001111111,/home/zhupl25/chiplet_side_channel/chiplet_gds_data/power_macro/delay_chain/ftc/runs/b_fe_frontend/bfe14_arch1_benign_temp_drift/physical/seed_41017/t_+125C/source_hspice
41017,125,22,RISE,225,198,27,27,1,1,1,1,1,000000000000000000000111111111,/home/zhupl25/chiplet_side_channel/chiplet_gds_data/power_macro/delay_chain/ftc/runs/b_fe_frontend/bfe14_arch1_benign_temp_drift/physical/seed_41017/t_+125C/source_hspice
41017,125,23,FALL,204,170,34,34,0,0,1,1,1,000000000000000000000011111111,/home/zhupl25/chiplet_side_channel/chiplet_gds_data/power_macro/delay_chain/ftc/runs/b_fe_frontend/bfe14_arch1_benign_temp_drift/physical/seed_41017/t_+125C/source_hspice
41018,-40,0,RISE,204,219,-15,15,0,0,0,1,1,000000000000000000000011111111,/home/zhupl25/chiplet_side_channel/chiplet_gds_data/power_macro/delay_chain/ftc/runs/b_fe_frontend/bfe14_arch1_benign_temp_drift/physical/seed_41018/t_-040C/source_hspice
41018,-40,1,FALL,182,193,-11,11,0,0,0,1,1,000000000000000000000001111111,/home/zhupl25/chiplet_side_channel/chiplet_gds_data/power_macro/delay_chain/ftc/runs/b_fe_frontend/bfe14_arch1_benign_temp_drift/physical/seed_41018/t_-040C/source_hspice
41018,-40,2,RISE,204,219,-15,15,0,0,0,1,1,000000000000000000000011111111,/home/zhupl25/chiplet_side_channel/chiplet_gds_data/power_macro/delay_chain/ftc/runs/b_fe_frontend/bfe14_arch1_benign_temp_drift/physical/seed_41018/t_-040C/source_hspice
41018,-40,3,FALL,182,193,-11,11,0,0,0,1,1,000000000000000000000001111111,/home/zhupl25/chiplet_side_channel/chiplet_gds_data/power_macro/delay_chain/ftc/runs/b_fe_frontend/bfe14_arch1_benign_temp_drift/physical/seed_41018/t_-040C/source_hspice
41018,-40,4,RISE,204,219,-15,15,0,0,0,1,1,000000000000000000000011111111,/home/zhupl25/chiplet_side_channel/chiplet_gds_data/power_macro/delay_chain/ftc/runs/b_fe_frontend/bfe14_arch1_benign_temp_drift/physical/seed_41018/t_-040C/source_hspice
41018,-40,5,FALL,182,193,-11,11,0,0,0,1,1,000000000000000000000001111111,/home/zhupl25/chiplet_side_channel/chiplet_gds_data/power_macro/delay_chain/ftc/runs/b_fe_frontend/bfe14_arch1_benign_temp_drift/physical/seed_41018/t_-040C/source_hspice
41018,-40,6,RISE,204,219,-15,15,0,0,0,1,1,000000000000000000000011111111,/home/zhupl25/chiplet_side_channel/chiplet_gds_data/power_macro/delay_chain/ftc/runs/b_fe_frontend/bfe14_arch1_benign_temp_drift/physical/seed_41018/t_-040C/source_hspice
41018,-40,7,FALL,182,193,-11,11,0,0,0,1,1,000000000000000000000001111111,/home/zhupl25/chiplet_side_channel/chiplet_gds_data/power_macro/delay_chain/ftc/runs/b_fe_frontend/bfe14_arch1_benign_temp_drift/physical/seed_41018/t_-040C/source_hspice
41018,-40,8,RISE,204,219,-15,15,0,0,0,1,1,000000000000000000000011111111,/home/zhupl25/chiplet_side_channel/chiplet_gds_data/power_macro/delay_chain/ftc/runs/b_fe_frontend/bfe14_arch1_benign_temp_drift/physical/seed_41018/t_-040C/source_hspice
41018,-40,9,FALL,182,193,-11,11,0,0,0,1,1,000000000000000000000001111111,/home/zhupl25/chiplet_side_channel/chiplet_gds_data/power_macro/delay_chain/ftc/runs/b_fe_frontend/bfe14_arch1_benign_temp_drift/physical/seed_41018/t_-040C/source_hspice
41018,-40,10,RISE,204,219,-15,15,0,0,0,1,1,000000000000000000000011111111,/home/zhupl25/chiplet_side_channel/chiplet_gds_data/power_macro/delay_chain/ftc/runs/b_fe_frontend/bfe14_arch1_benign_temp_drift/physical/seed_41018/t_-040C/source_hspice
41018,-40,11,FALL,182,193,-11,11,0,0,0,1,1,000000000000000000000001111111,/home/zhupl25/chiplet_side_channel/chiplet_gds_data/power_macro/delay_chain/ftc/runs/b_fe_frontend/bfe14_arch1_benign_temp_drift/physical/seed_41018/t_-040C/source_hspice
41018,-40,12,RISE,204,219,-15,15,0,0,0,1,1,000000000000000000000011111111,/home/zhupl25/chiplet_side_channel/chiplet_gds_data/power_macro/delay_chain/ftc/runs/b_fe_frontend/bfe14_arch1_benign_temp_drift/physical/seed_41018/t_-040C/source_hspice
41018,-40,13,FALL,182,193,-11,11,0,0,0,1,1,000000000000000000000001111111,/home/zhupl25/chiplet_side_channel/chiplet_gds_data/power_macro/delay_chain/ftc/runs/b_fe_frontend/bfe14_arch1_benign_temp_drift/physical/seed_41018/t_-040C/source_hspice
41018,-40,14,RISE,204,219,-15,15,0,0,0,1,1,000000000000000000000011111111,/home/zhupl25/chiplet_side_channel/chiplet_gds_data/power_macro/delay_chain/ftc/runs/b_fe_frontend/bfe14_arch1_benign_temp_drift/physical/seed_41018/t_-040C/source_hspice
41018,-40,15,FALL,182,193,-11,11,0,0,0,1,1,000000000000000000000001111111,/home/zhupl25/chiplet_side_channel/chiplet_gds_data/power_macro/delay_chain/ftc/runs/b_fe_frontend/bfe14_arch1_benign_temp_drift/physical/seed_41018/t_-040C/source_hspice
41018,-40,16,RISE,204,219,-15,15,0,0,0,1,1,000000000000000000000011111111,/home/zhupl25/chiplet_side_channel/chiplet_gds_data/power_macro/delay_chain/ftc/runs/b_fe_frontend/bfe14_arch1_benign_temp_drift/physical/seed_41018/t_-040C/source_hspice
41018,-40,17,FALL,182,193,-11,11,0,0,0,1,1,000000000000000000000001111111,/home/zhupl25/chiplet_side_channel/chiplet_gds_data/power_macro/delay_chain/ftc/runs/b_fe_frontend/bfe14_arch1_benign_temp_drift/physical/seed_41018/t_-040C/source_hspice
41018,-40,18,RISE,204,219,-15,15,0,0,0,1,1,000000000000000000000011111111,/home/zhupl25/chiplet_side_channel/chiplet_gds_data/power_macro/delay_chain/ftc/runs/b_fe_frontend/bfe14_arch1_benign_temp_drift/physical/seed_41018/t_-040C/source_hspice
41018,-40,19,FALL,182,193,-11,11,0,0,0,1,1,000000000000000000000001111111,/home/zhupl25/chiplet_side_channel/chiplet_gds_data/power_macro/delay_chain/ftc/runs/b_fe_frontend/bfe14_arch1_benign_temp_drift/physical/seed_41018/t_-040C/source_hspice
41018,-40,20,RISE,204,219,-15,15,0,0,0,1,1,000000000000000000000011111111,/home/zhupl25/chiplet_side_channel/chiplet_gds_data/power_macro/delay_chain/ftc/runs/b_fe_frontend/bfe14_arch1_benign_temp_drift/physical/seed_41018/t_-040C/source_hspice
41018,-40,21,FALL,159,193,-34,34,0,0,1,1,1,000000000000000000000000111111,/home/zhupl25/chiplet_side_channel/chiplet_gds_data/power_macro/delay_chain/ftc/runs/b_fe_frontend/bfe14_arch1_benign_temp_drift/physical/seed_41018/t_-040C/source_hspice
41018,-40,22,RISE,204,219,-15,15,0,0,0,1,1,000000000000000000000011111111,/home/zhupl25/chiplet_side_channel/chiplet_gds_data/power_macro/delay_chain/ftc/runs/b_fe_frontend/bfe14_arch1_benign_temp_drift/physical/seed_41018/t_-040C/source_hspice
41018,-40,23,FALL,182,193,-11,11,0,0,0,1,1,000000000000000000000001111111,/home/zhupl25/chiplet_side_channel/chiplet_gds_data/power_macro/delay_chain/ftc/runs/b_fe_frontend/bfe14_arch1_benign_temp_drift/physical/seed_41018/t_-040C/source_hspice
41018,125,0,RISE,225,219,6,6,0,0,0,1,1,000000000000000000000111111111,/home/zhupl25/chiplet_side_channel/chiplet_gds_data/power_macro/delay_chain/ftc/runs/b_fe_frontend/bfe14_arch1_benign_temp_drift/physical/seed_41018/t_+125C/source_hspice
41018,125,1,FALL,225,193,32,32,0,0,1,1,1,000000000000000000000111111111,/home/zhupl25/chiplet_side_channel/chiplet_gds_data/power_macro/delay_chain/ftc/runs/b_fe_frontend/bfe14_arch1_benign_temp_drift/physical/seed_41018/t_+125C/source_hspice
41018,125,2,RISE,225,219,6,6,0,0,0,1,1,000000000000000000000111111111,/home/zhupl25/chiplet_side_channel/chiplet_gds_data/power_macro/delay_chain/ftc/runs/b_fe_frontend/bfe14_arch1_benign_temp_drift/physical/seed_41018/t_+125C/source_hspice
41018,125,3,FALL,204,193,11,11,0,0,0,1,1,000000000000000000000011111111,/home/zhupl25/chiplet_side_channel/chiplet_gds_data/power_macro/delay_chain/ftc/runs/b_fe_frontend/bfe14_arch1_benign_temp_drift/physical/seed_41018/t_+125C/source_hspice
41018,125,4,RISE,225,219,6,6,0,0,0,1,1,000000000000000000000111111111,/home/zhupl25/chiplet_side_channel/chiplet_gds_data/power_macro/delay_chain/ftc/runs/b_fe_frontend/bfe14_arch1_benign_temp_drift/physical/seed_41018/t_+125C/source_hspice
41018,125,5,FALL,225,193,32,32,0,0,1,1,1,000000000000000000000111111111,/home/zhupl25/chiplet_side_channel/chiplet_gds_data/power_macro/delay_chain/ftc/runs/b_fe_frontend/bfe14_arch1_benign_temp_drift/physical/seed_41018/t_+125C/source_hspice
41018,125,6,RISE,225,219,6,6,0,0,0,1,1,000000000000000000000111111111,/home/zhupl25/chiplet_side_channel/chiplet_gds_data/power_macro/delay_chain/ftc/runs/b_fe_frontend/bfe14_arch1_benign_temp_drift/physical/seed_41018/t_+125C/source_hspice
41018,125,7,FALL,204,193,11,11,0,0,0,1,1,000000000000000000000011111111,/home/zhupl25/chiplet_side_channel/chiplet_gds_data/power_macro/delay_chain/ftc/runs/b_fe_frontend/bfe14_arch1_benign_temp_drift/physical/seed_41018/t_+125C/source_hspice
41018,125,8,RISE,225,219,6,6,0,0,0,1,1,000000000000000000000111111111,/home/zhupl25/chiplet_side_channel/chiplet_gds_data/power_macro/delay_chain/ftc/runs/b_fe_frontend/bfe14_arch1_benign_temp_drift/physical/seed_41018/t_+125C/source_hspice
41018,125,9,FALL,225,193,32,32,0,0,1,1,1,000000000000000000000111111111,/home/zhupl25/chiplet_side_channel/chiplet_gds_data/power_macro/delay_chain/ftc/runs/b_fe_frontend/bfe14_arch1_benign_temp_drift/physical/seed_41018/t_+125C/source_hspice
41018,125,10,RISE,225,219,6,6,0,0,0,1,1,000000000000000000000111111111,/home/zhupl25/chiplet_side_channel/chiplet_gds_data/power_macro/delay_chain/ftc/runs/b_fe_frontend/bfe14_arch1_benign_temp_drift/physical/seed_41018/t_+125C/source_hspice
41018,125,11,FALL,204,193,11,11,0,0,0,1,1,000000000000000000000011111111,/home/zhupl25/chiplet_side_channel/chiplet_gds_data/power_macro/delay_chain/ftc/runs/b_fe_frontend/bfe14_arch1_benign_temp_drift/physical/seed_41018/t_+125C/source_hspice
41018,125,12,RISE,225,219,6,6,0,0,0,1,1,000000000000000000000111111111,/home/zhupl25/chiplet_side_channel/chiplet_gds_data/power_macro/delay_chain/ftc/runs/b_fe_frontend/bfe14_arch1_benign_temp_drift/physical/seed_41018/t_+125C/source_hspice
41018,125,13,FALL,204,193,11,11,0,0,0,1,1,000000000000000000000011111111,/home/zhupl25/chiplet_side_channel/chiplet_gds_data/power_macro/delay_chain/ftc/runs/b_fe_frontend/bfe14_arch1_benign_temp_drift/physical/seed_41018/t_+125C/source_hspice
41018,125,14,RISE,225,219,6,6,0,0,0,1,1,000000000000000000000111111111,/home/zhupl25/chiplet_side_channel/chiplet_gds_data/power_macro/delay_chain/ftc/runs/b_fe_frontend/bfe14_arch1_benign_temp_drift/physical/seed_41018/t_+125C/source_hspice
41018,125,15,FALL,204,193,11,11,0,0,0,1,1,000000000000000000000011111111,/home/zhupl25/chiplet_side_channel/chiplet_gds_data/power_macro/delay_chain/ftc/runs/b_fe_frontend/bfe14_arch1_benign_temp_drift/physical/seed_41018/t_+125C/source_hspice
41018,125,16,RISE,225,219,6,6,0,0,0,1,1,000000000000000000000111111111,/home/zhupl25/chiplet_side_channel/chiplet_gds_data/power_macro/delay_chain/ftc/runs/b_fe_frontend/bfe14_arch1_benign_temp_drift/physical/seed_41018/t_+125C/source_hspice
41018,125,17,FALL,225,193,32,32,0,0,1,1,1,000000000000000000000111111111,/home/zhupl25/chiplet_side_channel/chiplet_gds_data/power_macro/delay_chain/ftc/runs/b_fe_frontend/bfe14_arch1_benign_temp_drift/physical/seed_41018/t_+125C/source_hspice
41018,125,18,RISE,225,219,6,6,0,0,0,1,1,000000000000000000000111111111,/home/zhupl25/chiplet_side_channel/chiplet_gds_data/power_macro/delay_chain/ftc/runs/b_fe_frontend/bfe14_arch1_benign_temp_drift/physical/seed_41018/t_+125C/source_hspice
41018,125,19,FALL,204,193,11,11,0,0,0,1,1,000000000000000000000011111111,/home/zhupl25/chiplet_side_channel/chiplet_gds_data/power_macro/delay_chain/ftc/runs/b_fe_frontend/bfe14_arch1_benign_temp_drift/physical/seed_41018/t_+125C/source_hspice
41018,125,20,RISE,225,219,6,6,0,0,0,1,1,000000000000000000000111111111,/home/zhupl25/chiplet_side_channel/chiplet_gds_data/power_macro/delay_chain/ftc/runs/b_fe_frontend/bfe14_arch1_benign_temp_drift/physical/seed_41018/t_+125C/source_hspice
41018,125,21,FALL,204,193,11,11,0,0,0,1,1,000000000000000000000011111111,/home/zhupl25/chiplet_side_channel/chiplet_gds_data/power_macro/delay_chain/ftc/runs/b_fe_frontend/bfe14_arch1_benign_temp_drift/physical/seed_41018/t_+125C/source_hspice
41018,125,22,RISE,225,219,6,6,0,0,0,1,1,000000000000000000000111111111,/home/zhupl25/chiplet_side_channel/chiplet_gds_data/power_macro/delay_chain/ftc/runs/b_fe_frontend/bfe14_arch1_benign_temp_drift/physical/seed_41018/t_+125C/source_hspice
41018,125,23,FALL,204,193,11,11,0,0,0,1,1,000000000000000000000011111111,/home/zhupl25/chiplet_side_channel/chiplet_gds_data/power_macro/delay_chain/ftc/runs/b_fe_frontend/bfe14_arch1_benign_temp_drift/physical/seed_41018/t_+125C/source_hspice
41019,-40,0,RISE,182,187,-5,5,0,0,0,0,1,000000000000000000000001111111,/home/zhupl25/chiplet_side_channel/chiplet_gds_data/power_macro/delay_chain/ftc/runs/b_fe_frontend/bfe14_arch1_benign_temp_drift/physical/seed_41019/t_-040C/source_hspice
41019,-40,1,FALL,135,159,-24,24,0,0,0,1,1,000000000000000000000000011111,/home/zhupl25/chiplet_side_channel/chiplet_gds_data/power_macro/delay_chain/ftc/runs/b_fe_frontend/bfe14_arch1_benign_temp_drift/physical/seed_41019/t_-040C/source_hspice
41019,-40,2,RISE,182,187,-5,5,0,0,0,0,1,000000000000000000000001111111,/home/zhupl25/chiplet_side_channel/chiplet_gds_data/power_macro/delay_chain/ftc/runs/b_fe_frontend/bfe14_arch1_benign_temp_drift/physical/seed_41019/t_-040C/source_hspice
41019,-40,3,FALL,110,159,-49,49,0,0,1,1,1,000000000000000000000000001111,/home/zhupl25/chiplet_side_channel/chiplet_gds_data/power_macro/delay_chain/ftc/runs/b_fe_frontend/bfe14_arch1_benign_temp_drift/physical/seed_41019/t_-040C/source_hspice
41019,-40,4,RISE,182,187,-5,5,0,0,0,0,1,000000000000000000000001111111,/home/zhupl25/chiplet_side_channel/chiplet_gds_data/power_macro/delay_chain/ftc/runs/b_fe_frontend/bfe14_arch1_benign_temp_drift/physical/seed_41019/t_-040C/source_hspice
41019,-40,5,FALL,135,159,-24,24,0,0,0,1,1,000000000000000000000000011111,/home/zhupl25/chiplet_side_channel/chiplet_gds_data/power_macro/delay_chain/ftc/runs/b_fe_frontend/bfe14_arch1_benign_temp_drift/physical/seed_41019/t_-040C/source_hspice
41019,-40,6,RISE,159,187,-28,28,0,0,1,1,1,000000000000000000000000111111,/home/zhupl25/chiplet_side_channel/chiplet_gds_data/power_macro/delay_chain/ftc/runs/b_fe_frontend/bfe14_arch1_benign_temp_drift/physical/seed_41019/t_-040C/source_hspice
41019,-40,7,FALL,135,159,-24,24,0,0,0,1,1,000000000000000000000000011111,/home/zhupl25/chiplet_side_channel/chiplet_gds_data/power_macro/delay_chain/ftc/runs/b_fe_frontend/bfe14_arch1_benign_temp_drift/physical/seed_41019/t_-040C/source_hspice
41019,-40,8,RISE,159,187,-28,28,0,0,1,1,1,000000000000000000000000111111,/home/zhupl25/chiplet_side_channel/chiplet_gds_data/power_macro/delay_chain/ftc/runs/b_fe_frontend/bfe14_arch1_benign_temp_drift/physical/seed_41019/t_-040C/source_hspice
41019,-40,9,FALL,135,159,-24,24,0,0,0,1,1,000000000000000000000000011111,/home/zhupl25/chiplet_side_channel/chiplet_gds_data/power_macro/delay_chain/ftc/runs/b_fe_frontend/bfe14_arch1_benign_temp_drift/physical/seed_41019/t_-040C/source_hspice
41019,-40,10,RISE,182,187,-5,5,0,0,0,0,1,000000000000000000000001111111,/home/zhupl25/chiplet_side_channel/chiplet_gds_data/power_macro/delay_chain/ftc/runs/b_fe_frontend/bfe14_arch1_benign_temp_drift/physical/seed_41019/t_-040C/source_hspice
41019,-40,11,FALL,135,159,-24,24,0,0,0,1,1,000000000000000000000000011111,/home/zhupl25/chiplet_side_channel/chiplet_gds_data/power_macro/delay_chain/ftc/runs/b_fe_frontend/bfe14_arch1_benign_temp_drift/physical/seed_41019/t_-040C/source_hspice
41019,-40,12,RISE,159,187,-28,28,0,0,1,1,1,000000000000000000000000111111,/home/zhupl25/chiplet_side_channel/chiplet_gds_data/power_macro/delay_chain/ftc/runs/b_fe_frontend/bfe14_arch1_benign_temp_drift/physical/seed_41019/t_-040C/source_hspice
41019,-40,13,FALL,135,159,-24,24,0,0,0,1,1,000000000000000000000000011111,/home/zhupl25/chiplet_side_channel/chiplet_gds_data/power_macro/delay_chain/ftc/runs/b_fe_frontend/bfe14_arch1_benign_temp_drift/physical/seed_41019/t_-040C/source_hspice
41019,-40,14,RISE,159,187,-28,28,0,0,1,1,1,000000000000000000000000111111,/home/zhupl25/chiplet_side_channel/chiplet_gds_data/power_macro/delay_chain/ftc/runs/b_fe_frontend/bfe14_arch1_benign_temp_drift/physical/seed_41019/t_-040C/source_hspice
41019,-40,15,FALL,135,159,-24,24,0,0,0,1,1,000000000000000000000000011111,/home/zhupl25/chiplet_side_channel/chiplet_gds_data/power_macro/delay_chain/ftc/runs/b_fe_frontend/bfe14_arch1_benign_temp_drift/physical/seed_41019/t_-040C/source_hspice
41019,-40,16,RISE,159,187,-28,28,0,0,1,1,1,000000000000000000000000111111,/home/zhupl25/chiplet_side_channel/chiplet_gds_data/power_macro/delay_chain/ftc/runs/b_fe_frontend/bfe14_arch1_benign_temp_drift/physical/seed_41019/t_-040C/source_hspice
41019,-40,17,FALL,135,159,-24,24,0,0,0,1,1,000000000000000000000000011111,/home/zhupl25/chiplet_side_channel/chiplet_gds_data/power_macro/delay_chain/ftc/runs/b_fe_frontend/bfe14_arch1_benign_temp_drift/physical/seed_41019/t_-040C/source_hspice
41019,-40,18,RISE,159,187,-28,28,0,0,1,1,1,000000000000000000000000111111,/home/zhupl25/chiplet_side_channel/chiplet_gds_data/power_macro/delay_chain/ftc/runs/b_fe_frontend/bfe14_arch1_benign_temp_drift/physical/seed_41019/t_-040C/source_hspice
41019,-40,19,FALL,135,159,-24,24,0,0,0,1,1,000000000000000000000000011111,/home/zhupl25/chiplet_side_channel/chiplet_gds_data/power_macro/delay_chain/ftc/runs/b_fe_frontend/bfe14_arch1_benign_temp_drift/physical/seed_41019/t_-040C/source_hspice
41019,-40,20,RISE,159,187,-28,28,0,0,1,1,1,000000000000000000000000111111,/home/zhupl25/chiplet_side_channel/chiplet_gds_data/power_macro/delay_chain/ftc/runs/b_fe_frontend/bfe14_arch1_benign_temp_drift/physical/seed_41019/t_-040C/source_hspice
41019,-40,21,FALL,110,159,-49,49,0,0,1,1,1,000000000000000000000000001111,/home/zhupl25/chiplet_side_channel/chiplet_gds_data/power_macro/delay_chain/ftc/runs/b_fe_frontend/bfe14_arch1_benign_temp_drift/physical/seed_41019/t_-040C/source_hspice
41019,-40,22,RISE,182,187,-5,5,0,0,0,0,1,000000000000000000000001111111,/home/zhupl25/chiplet_side_channel/chiplet_gds_data/power_macro/delay_chain/ftc/runs/b_fe_frontend/bfe14_arch1_benign_temp_drift/physical/seed_41019/t_-040C/source_hspice
41019,-40,23,FALL,135,159,-24,24,0,0,0,1,1,000000000000000000000000011111,/home/zhupl25/chiplet_side_channel/chiplet_gds_data/power_macro/delay_chain/ftc/runs/b_fe_frontend/bfe14_arch1_benign_temp_drift/physical/seed_41019/t_-040C/source_hspice
41019,125,0,RISE,204,187,17,17,0,0,0,1,1,000000000000000000000011111111,/home/zhupl25/chiplet_side_channel/chiplet_gds_data/power_macro/delay_chain/ftc/runs/b_fe_frontend/bfe14_arch1_benign_temp_drift/physical/seed_41019/t_+125C/source_hspice
41019,125,1,FALL,182,159,23,23,0,0,0,1,1,000000000000000000000001111111,/home/zhupl25/chiplet_side_channel/chiplet_gds_data/power_macro/delay_chain/ftc/runs/b_fe_frontend/bfe14_arch1_benign_temp_drift/physical/seed_41019/t_+125C/source_hspice
41019,125,2,RISE,204,187,17,17,0,0,0,1,1,000000000000000000000011111111,/home/zhupl25/chiplet_side_channel/chiplet_gds_data/power_macro/delay_chain/ftc/runs/b_fe_frontend/bfe14_arch1_benign_temp_drift/physical/seed_41019/t_+125C/source_hspice
41019,125,3,FALL,182,159,23,23,0,0,0,1,1,000000000000000000000001111111,/home/zhupl25/chiplet_side_channel/chiplet_gds_data/power_macro/delay_chain/ftc/runs/b_fe_frontend/bfe14_arch1_benign_temp_drift/physical/seed_41019/t_+125C/source_hspice
41019,125,4,RISE,204,187,17,17,0,0,0,1,1,000000000000000000000011111111,/home/zhupl25/chiplet_side_channel/chiplet_gds_data/power_macro/delay_chain/ftc/runs/b_fe_frontend/bfe14_arch1_benign_temp_drift/physical/seed_41019/t_+125C/source_hspice
41019,125,5,FALL,182,159,23,23,0,0,0,1,1,000000000000000000000001111111,/home/zhupl25/chiplet_side_channel/chiplet_gds_data/power_macro/delay_chain/ftc/runs/b_fe_frontend/bfe14_arch1_benign_temp_drift/physical/seed_41019/t_+125C/source_hspice
41019,125,6,RISE,204,187,17,17,0,0,0,1,1,000000000000000000000011111111,/home/zhupl25/chiplet_side_channel/chiplet_gds_data/power_macro/delay_chain/ftc/runs/b_fe_frontend/bfe14_arch1_benign_temp_drift/physical/seed_41019/t_+125C/source_hspice
41019,125,7,FALL,182,159,23,23,0,0,0,1,1,000000000000000000000001111111,/home/zhupl25/chiplet_side_channel/chiplet_gds_data/power_macro/delay_chain/ftc/runs/b_fe_frontend/bfe14_arch1_benign_temp_drift/physical/seed_41019/t_+125C/source_hspice
41019,125,8,RISE,204,187,17,17,0,0,0,1,1,000000000000000000000011111111,/home/zhupl25/chiplet_side_channel/chiplet_gds_data/power_macro/delay_chain/ftc/runs/b_fe_frontend/bfe14_arch1_benign_temp_drift/physical/seed_41019/t_+125C/source_hspice
41019,125,9,FALL,182,159,23,23,0,0,0,1,1,000000000000000000000001111111,/home/zhupl25/chiplet_side_channel/chiplet_gds_data/power_macro/delay_chain/ftc/runs/b_fe_frontend/bfe14_arch1_benign_temp_drift/physical/seed_41019/t_+125C/source_hspice
41019,125,10,RISE,204,187,17,17,0,0,0,1,1,000000000000000000000011111111,/home/zhupl25/chiplet_side_channel/chiplet_gds_data/power_macro/delay_chain/ftc/runs/b_fe_frontend/bfe14_arch1_benign_temp_drift/physical/seed_41019/t_+125C/source_hspice
41019,125,11,FALL,182,159,23,23,0,0,0,1,1,000000000000000000000001111111,/home/zhupl25/chiplet_side_channel/chiplet_gds_data/power_macro/delay_chain/ftc/runs/b_fe_frontend/bfe14_arch1_benign_temp_drift/physical/seed_41019/t_+125C/source_hspice
41019,125,12,RISE,204,187,17,17,0,0,0,1,1,000000000000000000000011111111,/home/zhupl25/chiplet_side_channel/chiplet_gds_data/power_macro/delay_chain/ftc/runs/b_fe_frontend/bfe14_arch1_benign_temp_drift/physical/seed_41019/t_+125C/source_hspice
41019,125,13,FALL,182,159,23,23,0,0,0,1,1,000000000000000000000001111111,/home/zhupl25/chiplet_side_channel/chiplet_gds_data/power_macro/delay_chain/ftc/runs/b_fe_frontend/bfe14_arch1_benign_temp_drift/physical/seed_41019/t_+125C/source_hspice
41019,125,14,RISE,204,187,17,17,0,0,0,1,1,000000000000000000000011111111,/home/zhupl25/chiplet_side_channel/chiplet_gds_data/power_macro/delay_chain/ftc/runs/b_fe_frontend/bfe14_arch1_benign_temp_drift/physical/seed_41019/t_+125C/source_hspice
41019,125,15,FALL,182,159,23,23,0,0,0,1,1,000000000000000000000001111111,/home/zhupl25/chiplet_side_channel/chiplet_gds_data/power_macro/delay_chain/ftc/runs/b_fe_frontend/bfe14_arch1_benign_temp_drift/physical/seed_41019/t_+125C/source_hspice
41019,125,16,RISE,204,187,17,17,0,0,0,1,1,000000000000000000000011111111,/home/zhupl25/chiplet_side_channel/chiplet_gds_data/power_macro/delay_chain/ftc/runs/b_fe_frontend/bfe14_arch1_benign_temp_drift/physical/seed_41019/t_+125C/source_hspice
41019,125,17,FALL,182,159,23,23,0,0,0,1,1,000000000000000000000001111111,/home/zhupl25/chiplet_side_channel/chiplet_gds_data/power_macro/delay_chain/ftc/runs/b_fe_frontend/bfe14_arch1_benign_temp_drift/physical/seed_41019/t_+125C/source_hspice
41019,125,18,RISE,204,187,17,17,0,0,0,1,1,000000000000000000000011111111,/home/zhupl25/chiplet_side_channel/chiplet_gds_data/power_macro/delay_chain/ftc/runs/b_fe_frontend/bfe14_arch1_benign_temp_drift/physical/seed_41019/t_+125C/source_hspice
41019,125,19,FALL,182,159,23,23,0,0,0,1,1,000000000000000000000001111111,/home/zhupl25/chiplet_side_channel/chiplet_gds_data/power_macro/delay_chain/ftc/runs/b_fe_frontend/bfe14_arch1_benign_temp_drift/physical/seed_41019/t_+125C/source_hspice
41019,125,20,RISE,204,187,17,17,0,0,0,1,1,000000000000000000000011111111,/home/zhupl25/chiplet_side_channel/chiplet_gds_data/power_macro/delay_chain/ftc/runs/b_fe_frontend/bfe14_arch1_benign_temp_drift/physical/seed_41019/t_+125C/source_hspice
41019,125,21,FALL,182,159,23,23,0,0,0,1,1,000000000000000000000001111111,/home/zhupl25/chiplet_side_channel/chiplet_gds_data/power_macro/delay_chain/ftc/runs/b_fe_frontend/bfe14_arch1_benign_temp_drift/physical/seed_41019/t_+125C/source_hspice
41019,125,22,RISE,204,187,17,17,0,0,0,1,1,000000000000000000000011111111,/home/zhupl25/chiplet_side_channel/chiplet_gds_data/power_macro/delay_chain/ftc/runs/b_fe_frontend/bfe14_arch1_benign_temp_drift/physical/seed_41019/t_+125C/source_hspice
41019,125,23,FALL,182,159,23,23,0,0,0,1,1,000000000000000000000001111111,/home/zhupl25/chiplet_side_channel/chiplet_gds_data/power_macro/delay_chain/ftc/runs/b_fe_frontend/bfe14_arch1_benign_temp_drift/physical/seed_41019/t_+125C/source_hspice
41020,-40,0,RISE,135,159,-24,24,0,0,1,1,1,000000000000000000000000011111,/home/zhupl25/chiplet_side_channel/chiplet_gds_data/power_macro/delay_chain/ftc/runs/b_fe_frontend/bfe14_arch1_benign_temp_drift/physical/seed_41020/t_-040C/source_hspice
41020,-40,1,FALL,110,135,-25,25,0,0,1,1,1,000000000000000000000000001111,/home/zhupl25/chiplet_side_channel/chiplet_gds_data/power_macro/delay_chain/ftc/runs/b_fe_frontend/bfe14_arch1_benign_temp_drift/physical/seed_41020/t_-040C/source_hspice
41020,-40,2,RISE,135,159,-24,24,0,0,1,1,1,000000000000000000000000011111,/home/zhupl25/chiplet_side_channel/chiplet_gds_data/power_macro/delay_chain/ftc/runs/b_fe_frontend/bfe14_arch1_benign_temp_drift/physical/seed_41020/t_-040C/source_hspice
41020,-40,3,FALL,110,135,-25,25,0,0,1,1,1,000000000000000000000000001111,/home/zhupl25/chiplet_side_channel/chiplet_gds_data/power_macro/delay_chain/ftc/runs/b_fe_frontend/bfe14_arch1_benign_temp_drift/physical/seed_41020/t_-040C/source_hspice
41020,-40,4,RISE,135,159,-24,24,0,0,1,1,1,000000000000000000000000011111,/home/zhupl25/chiplet_side_channel/chiplet_gds_data/power_macro/delay_chain/ftc/runs/b_fe_frontend/bfe14_arch1_benign_temp_drift/physical/seed_41020/t_-040C/source_hspice
41020,-40,5,FALL,110,135,-25,25,0,0,1,1,1,000000000000000000000000001111,/home/zhupl25/chiplet_side_channel/chiplet_gds_data/power_macro/delay_chain/ftc/runs/b_fe_frontend/bfe14_arch1_benign_temp_drift/physical/seed_41020/t_-040C/source_hspice
41020,-40,6,RISE,135,159,-24,24,0,0,1,1,1,000000000000000000000000011111,/home/zhupl25/chiplet_side_channel/chiplet_gds_data/power_macro/delay_chain/ftc/runs/b_fe_frontend/bfe14_arch1_benign_temp_drift/physical/seed_41020/t_-040C/source_hspice
41020,-40,7,FALL,110,135,-25,25,0,0,1,1,1,000000000000000000000000001111,/home/zhupl25/chiplet_side_channel/chiplet_gds_data/power_macro/delay_chain/ftc/runs/b_fe_frontend/bfe14_arch1_benign_temp_drift/physical/seed_41020/t_-040C/source_hspice
41020,-40,8,RISE,135,159,-24,24,0,0,1,1,1,000000000000000000000000011111,/home/zhupl25/chiplet_side_channel/chiplet_gds_data/power_macro/delay_chain/ftc/runs/b_fe_frontend/bfe14_arch1_benign_temp_drift/physical/seed_41020/t_-040C/source_hspice
41020,-40,9,FALL,110,135,-25,25,0,0,1,1,1,000000000000000000000000001111,/home/zhupl25/chiplet_side_channel/chiplet_gds_data/power_macro/delay_chain/ftc/runs/b_fe_frontend/bfe14_arch1_benign_temp_drift/physical/seed_41020/t_-040C/source_hspice
41020,-40,10,RISE,135,159,-24,24,0,0,1,1,1,000000000000000000000000011111,/home/zhupl25/chiplet_side_channel/chiplet_gds_data/power_macro/delay_chain/ftc/runs/b_fe_frontend/bfe14_arch1_benign_temp_drift/physical/seed_41020/t_-040C/source_hspice
41020,-40,11,FALL,110,135,-25,25,0,0,1,1,1,000000000000000000000000001111,/home/zhupl25/chiplet_side_channel/chiplet_gds_data/power_macro/delay_chain/ftc/runs/b_fe_frontend/bfe14_arch1_benign_temp_drift/physical/seed_41020/t_-040C/source_hspice
41020,-40,12,RISE,135,159,-24,24,0,0,1,1,1,000000000000000000000000011111,/home/zhupl25/chiplet_side_channel/chiplet_gds_data/power_macro/delay_chain/ftc/runs/b_fe_frontend/bfe14_arch1_benign_temp_drift/physical/seed_41020/t_-040C/source_hspice
41020,-40,13,FALL,110,135,-25,25,0,0,1,1,1,000000000000000000000000001111,/home/zhupl25/chiplet_side_channel/chiplet_gds_data/power_macro/delay_chain/ftc/runs/b_fe_frontend/bfe14_arch1_benign_temp_drift/physical/seed_41020/t_-040C/source_hspice
41020,-40,14,RISE,135,159,-24,24,0,0,1,1,1,000000000000000000000000011111,/home/zhupl25/chiplet_side_channel/chiplet_gds_data/power_macro/delay_chain/ftc/runs/b_fe_frontend/bfe14_arch1_benign_temp_drift/physical/seed_41020/t_-040C/source_hspice
41020,-40,15,FALL,110,135,-25,25,0,0,1,1,1,000000000000000000000000001111,/home/zhupl25/chiplet_side_channel/chiplet_gds_data/power_macro/delay_chain/ftc/runs/b_fe_frontend/bfe14_arch1_benign_temp_drift/physical/seed_41020/t_-040C/source_hspice
41020,-40,16,RISE,135,159,-24,24,0,0,1,1,1,000000000000000000000000011111,/home/zhupl25/chiplet_side_channel/chiplet_gds_data/power_macro/delay_chain/ftc/runs/b_fe_frontend/bfe14_arch1_benign_temp_drift/physical/seed_41020/t_-040C/source_hspice
41020,-40,17,FALL,110,135,-25,25,0,0,1,1,1,000000000000000000000000001111,/home/zhupl25/chiplet_side_channel/chiplet_gds_data/power_macro/delay_chain/ftc/runs/b_fe_frontend/bfe14_arch1_benign_temp_drift/physical/seed_41020/t_-040C/source_hspice
41020,-40,18,RISE,135,159,-24,24,0,0,1,1,1,000000000000000000000000011111,/home/zhupl25/chiplet_side_channel/chiplet_gds_data/power_macro/delay_chain/ftc/runs/b_fe_frontend/bfe14_arch1_benign_temp_drift/physical/seed_41020/t_-040C/source_hspice
41020,-40,19,FALL,110,135,-25,25,0,0,1,1,1,000000000000000000000000001111,/home/zhupl25/chiplet_side_channel/chiplet_gds_data/power_macro/delay_chain/ftc/runs/b_fe_frontend/bfe14_arch1_benign_temp_drift/physical/seed_41020/t_-040C/source_hspice
41020,-40,20,RISE,135,159,-24,24,0,0,1,1,1,000000000000000000000000011111,/home/zhupl25/chiplet_side_channel/chiplet_gds_data/power_macro/delay_chain/ftc/runs/b_fe_frontend/bfe14_arch1_benign_temp_drift/physical/seed_41020/t_-040C/source_hspice
41020,-40,21,FALL,84,135,-51,51,0,0,1,1,1,000000000000000000000000000111,/home/zhupl25/chiplet_side_channel/chiplet_gds_data/power_macro/delay_chain/ftc/runs/b_fe_frontend/bfe14_arch1_benign_temp_drift/physical/seed_41020/t_-040C/source_hspice
41020,-40,22,RISE,135,159,-24,24,0,0,1,1,1,000000000000000000000000011111,/home/zhupl25/chiplet_side_channel/chiplet_gds_data/power_macro/delay_chain/ftc/runs/b_fe_frontend/bfe14_arch1_benign_temp_drift/physical/seed_41020/t_-040C/source_hspice
41020,-40,23,FALL,110,135,-25,25,0,0,1,1,1,000000000000000000000000001111,/home/zhupl25/chiplet_side_channel/chiplet_gds_data/power_macro/delay_chain/ftc/runs/b_fe_frontend/bfe14_arch1_benign_temp_drift/physical/seed_41020/t_-040C/source_hspice
41020,125,0,RISE,182,159,23,23,1,1,1,1,1,000000000000000000000001111111,/home/zhupl25/chiplet_side_channel/chiplet_gds_data/power_macro/delay_chain/ftc/runs/b_fe_frontend/bfe14_arch1_benign_temp_drift/physical/seed_41020/t_+125C/source_hspice
41020,125,1,FALL,159,135,24,24,0,0,0,1,1,000000000000000000000000111111,/home/zhupl25/chiplet_side_channel/chiplet_gds_data/power_macro/delay_chain/ftc/runs/b_fe_frontend/bfe14_arch1_benign_temp_drift/physical/seed_41020/t_+125C/source_hspice
41020,125,2,RISE,182,159,23,23,1,1,1,1,1,000000000000000000000001111111,/home/zhupl25/chiplet_side_channel/chiplet_gds_data/power_macro/delay_chain/ftc/runs/b_fe_frontend/bfe14_arch1_benign_temp_drift/physical/seed_41020/t_+125C/source_hspice
41020,125,3,FALL,159,135,24,24,0,0,0,1,1,000000000000000000000000111111,/home/zhupl25/chiplet_side_channel/chiplet_gds_data/power_macro/delay_chain/ftc/runs/b_fe_frontend/bfe14_arch1_benign_temp_drift/physical/seed_41020/t_+125C/source_hspice
41020,125,4,RISE,182,159,23,23,1,1,1,1,1,000000000000000000000001111111,/home/zhupl25/chiplet_side_channel/chiplet_gds_data/power_macro/delay_chain/ftc/runs/b_fe_frontend/bfe14_arch1_benign_temp_drift/physical/seed_41020/t_+125C/source_hspice
41020,125,5,FALL,159,135,24,24,0,0,0,1,1,000000000000000000000000111111,/home/zhupl25/chiplet_side_channel/chiplet_gds_data/power_macro/delay_chain/ftc/runs/b_fe_frontend/bfe14_arch1_benign_temp_drift/physical/seed_41020/t_+125C/source_hspice
41020,125,6,RISE,182,159,23,23,1,1,1,1,1,000000000000000000000001111111,/home/zhupl25/chiplet_side_channel/chiplet_gds_data/power_macro/delay_chain/ftc/runs/b_fe_frontend/bfe14_arch1_benign_temp_drift/physical/seed_41020/t_+125C/source_hspice
41020,125,7,FALL,159,135,24,24,0,0,0,1,1,000000000000000000000000111111,/home/zhupl25/chiplet_side_channel/chiplet_gds_data/power_macro/delay_chain/ftc/runs/b_fe_frontend/bfe14_arch1_benign_temp_drift/physical/seed_41020/t_+125C/source_hspice
41020,125,8,RISE,182,159,23,23,1,1,1,1,1,000000000000000000000001111111,/home/zhupl25/chiplet_side_channel/chiplet_gds_data/power_macro/delay_chain/ftc/runs/b_fe_frontend/bfe14_arch1_benign_temp_drift/physical/seed_41020/t_+125C/source_hspice
41020,125,9,FALL,159,135,24,24,0,0,0,1,1,000000000000000000000000111111,/home/zhupl25/chiplet_side_channel/chiplet_gds_data/power_macro/delay_chain/ftc/runs/b_fe_frontend/bfe14_arch1_benign_temp_drift/physical/seed_41020/t_+125C/source_hspice
41020,125,10,RISE,182,159,23,23,1,1,1,1,1,000000000000000000000001111111,/home/zhupl25/chiplet_side_channel/chiplet_gds_data/power_macro/delay_chain/ftc/runs/b_fe_frontend/bfe14_arch1_benign_temp_drift/physical/seed_41020/t_+125C/source_hspice
41020,125,11,FALL,159,135,24,24,0,0,0,1,1,000000000000000000000000111111,/home/zhupl25/chiplet_side_channel/chiplet_gds_data/power_macro/delay_chain/ftc/runs/b_fe_frontend/bfe14_arch1_benign_temp_drift/physical/seed_41020/t_+125C/source_hspice
41020,125,12,RISE,182,159,23,23,1,1,1,1,1,000000000000000000000001111111,/home/zhupl25/chiplet_side_channel/chiplet_gds_data/power_macro/delay_chain/ftc/runs/b_fe_frontend/bfe14_arch1_benign_temp_drift/physical/seed_41020/t_+125C/source_hspice
41020,125,13,FALL,159,135,24,24,0,0,0,1,1,000000000000000000000000111111,/home/zhupl25/chiplet_side_channel/chiplet_gds_data/power_macro/delay_chain/ftc/runs/b_fe_frontend/bfe14_arch1_benign_temp_drift/physical/seed_41020/t_+125C/source_hspice
41020,125,14,RISE,182,159,23,23,1,1,1,1,1,000000000000000000000001111111,/home/zhupl25/chiplet_side_channel/chiplet_gds_data/power_macro/delay_chain/ftc/runs/b_fe_frontend/bfe14_arch1_benign_temp_drift/physical/seed_41020/t_+125C/source_hspice
41020,125,15,FALL,159,135,24,24,0,0,0,1,1,000000000000000000000000111111,/home/zhupl25/chiplet_side_channel/chiplet_gds_data/power_macro/delay_chain/ftc/runs/b_fe_frontend/bfe14_arch1_benign_temp_drift/physical/seed_41020/t_+125C/source_hspice
41020,125,16,RISE,182,159,23,23,1,1,1,1,1,000000000000000000000001111111,/home/zhupl25/chiplet_side_channel/chiplet_gds_data/power_macro/delay_chain/ftc/runs/b_fe_frontend/bfe14_arch1_benign_temp_drift/physical/seed_41020/t_+125C/source_hspice
41020,125,17,FALL,159,135,24,24,0,0,0,1,1,000000000000000000000000111111,/home/zhupl25/chiplet_side_channel/chiplet_gds_data/power_macro/delay_chain/ftc/runs/b_fe_frontend/bfe14_arch1_benign_temp_drift/physical/seed_41020/t_+125C/source_hspice
41020,125,18,RISE,182,159,23,23,1,1,1,1,1,000000000000000000000001111111,/home/zhupl25/chiplet_side_channel/chiplet_gds_data/power_macro/delay_chain/ftc/runs/b_fe_frontend/bfe14_arch1_benign_temp_drift/physical/seed_41020/t_+125C/source_hspice
41020,125,19,FALL,159,135,24,24,0,0,0,1,1,000000000000000000000000111111,/home/zhupl25/chiplet_side_channel/chiplet_gds_data/power_macro/delay_chain/ftc/runs/b_fe_frontend/bfe14_arch1_benign_temp_drift/physical/seed_41020/t_+125C/source_hspice
41020,125,20,RISE,182,159,23,23,1,1,1,1,1,000000000000000000000001111111,/home/zhupl25/chiplet_side_channel/chiplet_gds_data/power_macro/delay_chain/ftc/runs/b_fe_frontend/bfe14_arch1_benign_temp_drift/physical/seed_41020/t_+125C/source_hspice
41020,125,21,FALL,159,135,24,24,0,0,0,1,1,000000000000000000000000111111,/home/zhupl25/chiplet_side_channel/chiplet_gds_data/power_macro/delay_chain/ftc/runs/b_fe_frontend/bfe14_arch1_benign_temp_drift/physical/seed_41020/t_+125C/source_hspice
41020,125,22,RISE,182,159,23,23,1,1,1,1,1,000000000000000000000001111111,/home/zhupl25/chiplet_side_channel/chiplet_gds_data/power_macro/delay_chain/ftc/runs/b_fe_frontend/bfe14_arch1_benign_temp_drift/physical/seed_41020/t_+125C/source_hspice
41020,125,23,FALL,159,135,24,24,0,0,0,1,1,000000000000000000000000111111,/home/zhupl25/chiplet_side_channel/chiplet_gds_data/power_macro/delay_chain/ftc/runs/b_fe_frontend/bfe14_arch1_benign_temp_drift/physical/seed_41020/t_+125C/source_hspice
41021,-40,0,RISE,159,182,-23,23,0,0,1,1,1,000000000000000000000000111111,/home/zhupl25/chiplet_side_channel/chiplet_gds_data/power_macro/delay_chain/ftc/runs/b_fe_frontend/bfe14_arch1_benign_temp_drift/physical/seed_41021/t_-040C/source_hspice
41021,-40,1,FALL,110,141,-31,31,0,0,1,1,1,000000000000000000000000001111,/home/zhupl25/chiplet_side_channel/chiplet_gds_data/power_macro/delay_chain/ftc/runs/b_fe_frontend/bfe14_arch1_benign_temp_drift/physical/seed_41021/t_-040C/source_hspice
41021,-40,2,RISE,159,182,-23,23,0,0,1,1,1,000000000000000000000000111111,/home/zhupl25/chiplet_side_channel/chiplet_gds_data/power_macro/delay_chain/ftc/runs/b_fe_frontend/bfe14_arch1_benign_temp_drift/physical/seed_41021/t_-040C/source_hspice
41021,-40,3,FALL,110,141,-31,31,0,0,1,1,1,000000000000000000000000001111,/home/zhupl25/chiplet_side_channel/chiplet_gds_data/power_macro/delay_chain/ftc/runs/b_fe_frontend/bfe14_arch1_benign_temp_drift/physical/seed_41021/t_-040C/source_hspice
41021,-40,4,RISE,159,182,-23,23,0,0,1,1,1,000000000000000000000000111111,/home/zhupl25/chiplet_side_channel/chiplet_gds_data/power_macro/delay_chain/ftc/runs/b_fe_frontend/bfe14_arch1_benign_temp_drift/physical/seed_41021/t_-040C/source_hspice
41021,-40,5,FALL,110,141,-31,31,0,0,1,1,1,000000000000000000000000001111,/home/zhupl25/chiplet_side_channel/chiplet_gds_data/power_macro/delay_chain/ftc/runs/b_fe_frontend/bfe14_arch1_benign_temp_drift/physical/seed_41021/t_-040C/source_hspice
41021,-40,6,RISE,159,182,-23,23,0,0,1,1,1,000000000000000000000000111111,/home/zhupl25/chiplet_side_channel/chiplet_gds_data/power_macro/delay_chain/ftc/runs/b_fe_frontend/bfe14_arch1_benign_temp_drift/physical/seed_41021/t_-040C/source_hspice
41021,-40,7,FALL,110,141,-31,31,0,0,1,1,1,000000000000000000000000001111,/home/zhupl25/chiplet_side_channel/chiplet_gds_data/power_macro/delay_chain/ftc/runs/b_fe_frontend/bfe14_arch1_benign_temp_drift/physical/seed_41021/t_-040C/source_hspice
41021,-40,8,RISE,159,182,-23,23,0,0,1,1,1,000000000000000000000000111111,/home/zhupl25/chiplet_side_channel/chiplet_gds_data/power_macro/delay_chain/ftc/runs/b_fe_frontend/bfe14_arch1_benign_temp_drift/physical/seed_41021/t_-040C/source_hspice
41021,-40,9,FALL,110,141,-31,31,0,0,1,1,1,000000000000000000000000001111,/home/zhupl25/chiplet_side_channel/chiplet_gds_data/power_macro/delay_chain/ftc/runs/b_fe_frontend/bfe14_arch1_benign_temp_drift/physical/seed_41021/t_-040C/source_hspice
41021,-40,10,RISE,159,182,-23,23,0,0,1,1,1,000000000000000000000000111111,/home/zhupl25/chiplet_side_channel/chiplet_gds_data/power_macro/delay_chain/ftc/runs/b_fe_frontend/bfe14_arch1_benign_temp_drift/physical/seed_41021/t_-040C/source_hspice
41021,-40,11,FALL,110,141,-31,31,0,0,1,1,1,000000000000000000000000001111,/home/zhupl25/chiplet_side_channel/chiplet_gds_data/power_macro/delay_chain/ftc/runs/b_fe_frontend/bfe14_arch1_benign_temp_drift/physical/seed_41021/t_-040C/source_hspice
41021,-40,12,RISE,159,182,-23,23,0,0,1,1,1,000000000000000000000000111111,/home/zhupl25/chiplet_side_channel/chiplet_gds_data/power_macro/delay_chain/ftc/runs/b_fe_frontend/bfe14_arch1_benign_temp_drift/physical/seed_41021/t_-040C/source_hspice
41021,-40,13,FALL,110,141,-31,31,0,0,1,1,1,000000000000000000000000001111,/home/zhupl25/chiplet_side_channel/chiplet_gds_data/power_macro/delay_chain/ftc/runs/b_fe_frontend/bfe14_arch1_benign_temp_drift/physical/seed_41021/t_-040C/source_hspice
41021,-40,14,RISE,159,182,-23,23,0,0,1,1,1,000000000000000000000000111111,/home/zhupl25/chiplet_side_channel/chiplet_gds_data/power_macro/delay_chain/ftc/runs/b_fe_frontend/bfe14_arch1_benign_temp_drift/physical/seed_41021/t_-040C/source_hspice
41021,-40,15,FALL,110,141,-31,31,0,0,1,1,1,000000000000000000000000001111,/home/zhupl25/chiplet_side_channel/chiplet_gds_data/power_macro/delay_chain/ftc/runs/b_fe_frontend/bfe14_arch1_benign_temp_drift/physical/seed_41021/t_-040C/source_hspice
41021,-40,16,RISE,159,182,-23,23,0,0,1,1,1,000000000000000000000000111111,/home/zhupl25/chiplet_side_channel/chiplet_gds_data/power_macro/delay_chain/ftc/runs/b_fe_frontend/bfe14_arch1_benign_temp_drift/physical/seed_41021/t_-040C/source_hspice
41021,-40,17,FALL,110,141,-31,31,0,0,1,1,1,000000000000000000000000001111,/home/zhupl25/chiplet_side_channel/chiplet_gds_data/power_macro/delay_chain/ftc/runs/b_fe_frontend/bfe14_arch1_benign_temp_drift/physical/seed_41021/t_-040C/source_hspice
41021,-40,18,RISE,159,182,-23,23,0,0,1,1,1,000000000000000000000000111111,/home/zhupl25/chiplet_side_channel/chiplet_gds_data/power_macro/delay_chain/ftc/runs/b_fe_frontend/bfe14_arch1_benign_temp_drift/physical/seed_41021/t_-040C/source_hspice
41021,-40,19,FALL,110,141,-31,31,0,0,1,1,1,000000000000000000000000001111,/home/zhupl25/chiplet_side_channel/chiplet_gds_data/power_macro/delay_chain/ftc/runs/b_fe_frontend/bfe14_arch1_benign_temp_drift/physical/seed_41021/t_-040C/source_hspice
41021,-40,20,RISE,159,182,-23,23,0,0,1,1,1,000000000000000000000000111111,/home/zhupl25/chiplet_side_channel/chiplet_gds_data/power_macro/delay_chain/ftc/runs/b_fe_frontend/bfe14_arch1_benign_temp_drift/physical/seed_41021/t_-040C/source_hspice
41021,-40,21,FALL,110,141,-31,31,0,0,1,1,1,000000000000000000000000001111,/home/zhupl25/chiplet_side_channel/chiplet_gds_data/power_macro/delay_chain/ftc/runs/b_fe_frontend/bfe14_arch1_benign_temp_drift/physical/seed_41021/t_-040C/source_hspice
41021,-40,22,RISE,159,182,-23,23,0,0,1,1,1,000000000000000000000000111111,/home/zhupl25/chiplet_side_channel/chiplet_gds_data/power_macro/delay_chain/ftc/runs/b_fe_frontend/bfe14_arch1_benign_temp_drift/physical/seed_41021/t_-040C/source_hspice
41021,-40,23,FALL,110,141,-31,31,0,0,1,1,1,000000000000000000000000001111,/home/zhupl25/chiplet_side_channel/chiplet_gds_data/power_macro/delay_chain/ftc/runs/b_fe_frontend/bfe14_arch1_benign_temp_drift/physical/seed_41021/t_-040C/source_hspice
41021,125,0,RISE,204,182,22,22,1,1,0,1,1,000000000000000000000011111111,/home/zhupl25/chiplet_side_channel/chiplet_gds_data/power_macro/delay_chain/ftc/runs/b_fe_frontend/bfe14_arch1_benign_temp_drift/physical/seed_41021/t_+125C/source_hspice
41021,125,1,FALL,182,141,41,41,0,0,1,1,1,000000000000000000000001111111,/home/zhupl25/chiplet_side_channel/chiplet_gds_data/power_macro/delay_chain/ftc/runs/b_fe_frontend/bfe14_arch1_benign_temp_drift/physical/seed_41021/t_+125C/source_hspice
41021,125,2,RISE,204,182,22,22,1,1,0,1,1,000000000000000000000011111111,/home/zhupl25/chiplet_side_channel/chiplet_gds_data/power_macro/delay_chain/ftc/runs/b_fe_frontend/bfe14_arch1_benign_temp_drift/physical/seed_41021/t_+125C/source_hspice
41021,125,3,FALL,182,141,41,41,0,0,1,1,1,000000000000000000000001111111,/home/zhupl25/chiplet_side_channel/chiplet_gds_data/power_macro/delay_chain/ftc/runs/b_fe_frontend/bfe14_arch1_benign_temp_drift/physical/seed_41021/t_+125C/source_hspice
41021,125,4,RISE,204,182,22,22,1,1,0,1,1,000000000000000000000011111111,/home/zhupl25/chiplet_side_channel/chiplet_gds_data/power_macro/delay_chain/ftc/runs/b_fe_frontend/bfe14_arch1_benign_temp_drift/physical/seed_41021/t_+125C/source_hspice
41021,125,5,FALL,182,141,41,41,0,0,1,1,1,000000000000000000000001111111,/home/zhupl25/chiplet_side_channel/chiplet_gds_data/power_macro/delay_chain/ftc/runs/b_fe_frontend/bfe14_arch1_benign_temp_drift/physical/seed_41021/t_+125C/source_hspice
41021,125,6,RISE,204,182,22,22,1,1,0,1,1,000000000000000000000011111111,/home/zhupl25/chiplet_side_channel/chiplet_gds_data/power_macro/delay_chain/ftc/runs/b_fe_frontend/bfe14_arch1_benign_temp_drift/physical/seed_41021/t_+125C/source_hspice
41021,125,7,FALL,182,141,41,41,0,0,1,1,1,000000000000000000000001111111,/home/zhupl25/chiplet_side_channel/chiplet_gds_data/power_macro/delay_chain/ftc/runs/b_fe_frontend/bfe14_arch1_benign_temp_drift/physical/seed_41021/t_+125C/source_hspice
41021,125,8,RISE,204,182,22,22,1,1,0,1,1,000000000000000000000011111111,/home/zhupl25/chiplet_side_channel/chiplet_gds_data/power_macro/delay_chain/ftc/runs/b_fe_frontend/bfe14_arch1_benign_temp_drift/physical/seed_41021/t_+125C/source_hspice
41021,125,9,FALL,182,141,41,41,0,0,1,1,1,000000000000000000000001111111,/home/zhupl25/chiplet_side_channel/chiplet_gds_data/power_macro/delay_chain/ftc/runs/b_fe_frontend/bfe14_arch1_benign_temp_drift/physical/seed_41021/t_+125C/source_hspice
41021,125,10,RISE,204,182,22,22,1,1,0,1,1,000000000000000000000011111111,/home/zhupl25/chiplet_side_channel/chiplet_gds_data/power_macro/delay_chain/ftc/runs/b_fe_frontend/bfe14_arch1_benign_temp_drift/physical/seed_41021/t_+125C/source_hspice
41021,125,11,FALL,182,141,41,41,0,0,1,1,1,000000000000000000000001111111,/home/zhupl25/chiplet_side_channel/chiplet_gds_data/power_macro/delay_chain/ftc/runs/b_fe_frontend/bfe14_arch1_benign_temp_drift/physical/seed_41021/t_+125C/source_hspice
41021,125,12,RISE,204,182,22,22,1,1,0,1,1,000000000000000000000011111111,/home/zhupl25/chiplet_side_channel/chiplet_gds_data/power_macro/delay_chain/ftc/runs/b_fe_frontend/bfe14_arch1_benign_temp_drift/physical/seed_41021/t_+125C/source_hspice
41021,125,13,FALL,182,141,41,41,0,0,1,1,1,000000000000000000000001111111,/home/zhupl25/chiplet_side_channel/chiplet_gds_data/power_macro/delay_chain/ftc/runs/b_fe_frontend/bfe14_arch1_benign_temp_drift/physical/seed_41021/t_+125C/source_hspice
41021,125,14,RISE,204,182,22,22,1,1,0,1,1,000000000000000000000011111111,/home/zhupl25/chiplet_side_channel/chiplet_gds_data/power_macro/delay_chain/ftc/runs/b_fe_frontend/bfe14_arch1_benign_temp_drift/physical/seed_41021/t_+125C/source_hspice
41021,125,15,FALL,182,141,41,41,0,0,1,1,1,000000000000000000000001111111,/home/zhupl25/chiplet_side_channel/chiplet_gds_data/power_macro/delay_chain/ftc/runs/b_fe_frontend/bfe14_arch1_benign_temp_drift/physical/seed_41021/t_+125C/source_hspice
41021,125,16,RISE,204,182,22,22,1,1,0,1,1,000000000000000000000011111111,/home/zhupl25/chiplet_side_channel/chiplet_gds_data/power_macro/delay_chain/ftc/runs/b_fe_frontend/bfe14_arch1_benign_temp_drift/physical/seed_41021/t_+125C/source_hspice
41021,125,17,FALL,182,141,41,41,0,0,1,1,1,000000000000000000000001111111,/home/zhupl25/chiplet_side_channel/chiplet_gds_data/power_macro/delay_chain/ftc/runs/b_fe_frontend/bfe14_arch1_benign_temp_drift/physical/seed_41021/t_+125C/source_hspice
41021,125,18,RISE,204,182,22,22,1,1,0,1,1,000000000000000000000011111111,/home/zhupl25/chiplet_side_channel/chiplet_gds_data/power_macro/delay_chain/ftc/runs/b_fe_frontend/bfe14_arch1_benign_temp_drift/physical/seed_41021/t_+125C/source_hspice
41021,125,19,FALL,182,141,41,41,0,0,1,1,1,000000000000000000000001111111,/home/zhupl25/chiplet_side_channel/chiplet_gds_data/power_macro/delay_chain/ftc/runs/b_fe_frontend/bfe14_arch1_benign_temp_drift/physical/seed_41021/t_+125C/source_hspice
41021,125,20,RISE,204,182,22,22,1,1,0,1,1,000000000000000000000011111111,/home/zhupl25/chiplet_side_channel/chiplet_gds_data/power_macro/delay_chain/ftc/runs/b_fe_frontend/bfe14_arch1_benign_temp_drift/physical/seed_41021/t_+125C/source_hspice
41021,125,21,FALL,182,141,41,41,0,0,1,1,1,000000000000000000000001111111,/home/zhupl25/chiplet_side_channel/chiplet_gds_data/power_macro/delay_chain/ftc/runs/b_fe_frontend/bfe14_arch1_benign_temp_drift/physical/seed_41021/t_+125C/source_hspice
41021,125,22,RISE,204,182,22,22,1,1,0,1,1,000000000000000000000011111111,/home/zhupl25/chiplet_side_channel/chiplet_gds_data/power_macro/delay_chain/ftc/runs/b_fe_frontend/bfe14_arch1_benign_temp_drift/physical/seed_41021/t_+125C/source_hspice
41021,125,23,FALL,182,141,41,41,0,0,1,1,1,000000000000000000000001111111,/home/zhupl25/chiplet_side_channel/chiplet_gds_data/power_macro/delay_chain/ftc/runs/b_fe_frontend/bfe14_arch1_benign_temp_drift/physical/seed_41021/t_+125C/source_hspice
41022,-40,0,RISE,182,204,-22,22,0,0,0,1,1,000000000000000000000001111111,/home/zhupl25/chiplet_side_channel/chiplet_gds_data/power_macro/delay_chain/ftc/runs/b_fe_frontend/bfe14_arch1_benign_temp_drift/physical/seed_41022/t_-040C/source_hspice
41022,-40,1,FALL,135,159,-24,24,0,0,0,1,1,000000000000000000000000011111,/home/zhupl25/chiplet_side_channel/chiplet_gds_data/power_macro/delay_chain/ftc/runs/b_fe_frontend/bfe14_arch1_benign_temp_drift/physical/seed_41022/t_-040C/source_hspice
41022,-40,2,RISE,182,204,-22,22,0,0,0,1,1,000000000000000000000001111111,/home/zhupl25/chiplet_side_channel/chiplet_gds_data/power_macro/delay_chain/ftc/runs/b_fe_frontend/bfe14_arch1_benign_temp_drift/physical/seed_41022/t_-040C/source_hspice
41022,-40,3,FALL,135,159,-24,24,0,0,0,1,1,000000000000000000000000011111,/home/zhupl25/chiplet_side_channel/chiplet_gds_data/power_macro/delay_chain/ftc/runs/b_fe_frontend/bfe14_arch1_benign_temp_drift/physical/seed_41022/t_-040C/source_hspice
41022,-40,4,RISE,182,204,-22,22,0,0,0,1,1,000000000000000000000001111111,/home/zhupl25/chiplet_side_channel/chiplet_gds_data/power_macro/delay_chain/ftc/runs/b_fe_frontend/bfe14_arch1_benign_temp_drift/physical/seed_41022/t_-040C/source_hspice
41022,-40,5,FALL,135,159,-24,24,0,0,0,1,1,000000000000000000000000011111,/home/zhupl25/chiplet_side_channel/chiplet_gds_data/power_macro/delay_chain/ftc/runs/b_fe_frontend/bfe14_arch1_benign_temp_drift/physical/seed_41022/t_-040C/source_hspice
41022,-40,6,RISE,182,204,-22,22,0,0,0,1,1,000000000000000000000001111111,/home/zhupl25/chiplet_side_channel/chiplet_gds_data/power_macro/delay_chain/ftc/runs/b_fe_frontend/bfe14_arch1_benign_temp_drift/physical/seed_41022/t_-040C/source_hspice
41022,-40,7,FALL,135,159,-24,24,0,0,0,1,1,000000000000000000000000011111,/home/zhupl25/chiplet_side_channel/chiplet_gds_data/power_macro/delay_chain/ftc/runs/b_fe_frontend/bfe14_arch1_benign_temp_drift/physical/seed_41022/t_-040C/source_hspice
41022,-40,8,RISE,182,204,-22,22,0,0,0,1,1,000000000000000000000001111111,/home/zhupl25/chiplet_side_channel/chiplet_gds_data/power_macro/delay_chain/ftc/runs/b_fe_frontend/bfe14_arch1_benign_temp_drift/physical/seed_41022/t_-040C/source_hspice
41022,-40,9,FALL,135,159,-24,24,0,0,0,1,1,000000000000000000000000011111,/home/zhupl25/chiplet_side_channel/chiplet_gds_data/power_macro/delay_chain/ftc/runs/b_fe_frontend/bfe14_arch1_benign_temp_drift/physical/seed_41022/t_-040C/source_hspice
41022,-40,10,RISE,182,204,-22,22,0,0,0,1,1,000000000000000000000001111111,/home/zhupl25/chiplet_side_channel/chiplet_gds_data/power_macro/delay_chain/ftc/runs/b_fe_frontend/bfe14_arch1_benign_temp_drift/physical/seed_41022/t_-040C/source_hspice
41022,-40,11,FALL,135,159,-24,24,0,0,0,1,1,000000000000000000000000011111,/home/zhupl25/chiplet_side_channel/chiplet_gds_data/power_macro/delay_chain/ftc/runs/b_fe_frontend/bfe14_arch1_benign_temp_drift/physical/seed_41022/t_-040C/source_hspice
41022,-40,12,RISE,182,204,-22,22,0,0,0,1,1,000000000000000000000001111111,/home/zhupl25/chiplet_side_channel/chiplet_gds_data/power_macro/delay_chain/ftc/runs/b_fe_frontend/bfe14_arch1_benign_temp_drift/physical/seed_41022/t_-040C/source_hspice
41022,-40,13,FALL,135,159,-24,24,0,0,0,1,1,000000000000000000000000011111,/home/zhupl25/chiplet_side_channel/chiplet_gds_data/power_macro/delay_chain/ftc/runs/b_fe_frontend/bfe14_arch1_benign_temp_drift/physical/seed_41022/t_-040C/source_hspice
41022,-40,14,RISE,182,204,-22,22,0,0,0,1,1,000000000000000000000001111111,/home/zhupl25/chiplet_side_channel/chiplet_gds_data/power_macro/delay_chain/ftc/runs/b_fe_frontend/bfe14_arch1_benign_temp_drift/physical/seed_41022/t_-040C/source_hspice
41022,-40,15,FALL,135,159,-24,24,0,0,0,1,1,000000000000000000000000011111,/home/zhupl25/chiplet_side_channel/chiplet_gds_data/power_macro/delay_chain/ftc/runs/b_fe_frontend/bfe14_arch1_benign_temp_drift/physical/seed_41022/t_-040C/source_hspice
41022,-40,16,RISE,182,204,-22,22,0,0,0,1,1,000000000000000000000001111111,/home/zhupl25/chiplet_side_channel/chiplet_gds_data/power_macro/delay_chain/ftc/runs/b_fe_frontend/bfe14_arch1_benign_temp_drift/physical/seed_41022/t_-040C/source_hspice
41022,-40,17,FALL,135,159,-24,24,0,0,0,1,1,000000000000000000000000011111,/home/zhupl25/chiplet_side_channel/chiplet_gds_data/power_macro/delay_chain/ftc/runs/b_fe_frontend/bfe14_arch1_benign_temp_drift/physical/seed_41022/t_-040C/source_hspice
41022,-40,18,RISE,182,204,-22,22,0,0,0,1,1,000000000000000000000001111111,/home/zhupl25/chiplet_side_channel/chiplet_gds_data/power_macro/delay_chain/ftc/runs/b_fe_frontend/bfe14_arch1_benign_temp_drift/physical/seed_41022/t_-040C/source_hspice
41022,-40,19,FALL,135,159,-24,24,0,0,0,1,1,000000000000000000000000011111,/home/zhupl25/chiplet_side_channel/chiplet_gds_data/power_macro/delay_chain/ftc/runs/b_fe_frontend/bfe14_arch1_benign_temp_drift/physical/seed_41022/t_-040C/source_hspice
41022,-40,20,RISE,182,204,-22,22,0,0,0,1,1,000000000000000000000001111111,/home/zhupl25/chiplet_side_channel/chiplet_gds_data/power_macro/delay_chain/ftc/runs/b_fe_frontend/bfe14_arch1_benign_temp_drift/physical/seed_41022/t_-040C/source_hspice
41022,-40,21,FALL,135,159,-24,24,0,0,0,1,1,000000000000000000000000011111,/home/zhupl25/chiplet_side_channel/chiplet_gds_data/power_macro/delay_chain/ftc/runs/b_fe_frontend/bfe14_arch1_benign_temp_drift/physical/seed_41022/t_-040C/source_hspice
41022,-40,22,RISE,182,204,-22,22,0,0,0,1,1,000000000000000000000001111111,/home/zhupl25/chiplet_side_channel/chiplet_gds_data/power_macro/delay_chain/ftc/runs/b_fe_frontend/bfe14_arch1_benign_temp_drift/physical/seed_41022/t_-040C/source_hspice
41022,-40,23,FALL,135,159,-24,24,0,0,0,1,1,000000000000000000000000011111,/home/zhupl25/chiplet_side_channel/chiplet_gds_data/power_macro/delay_chain/ftc/runs/b_fe_frontend/bfe14_arch1_benign_temp_drift/physical/seed_41022/t_-040C/source_hspice
41022,125,0,RISE,225,204,21,21,1,1,0,1,1,000000000000000000000111111111,/home/zhupl25/chiplet_side_channel/chiplet_gds_data/power_macro/delay_chain/ftc/runs/b_fe_frontend/bfe14_arch1_benign_temp_drift/physical/seed_41022/t_+125C/source_hspice
41022,125,1,FALL,204,159,45,45,0,0,1,1,1,000000000000000000000011111111,/home/zhupl25/chiplet_side_channel/chiplet_gds_data/power_macro/delay_chain/ftc/runs/b_fe_frontend/bfe14_arch1_benign_temp_drift/physical/seed_41022/t_+125C/source_hspice
41022,125,2,RISE,225,204,21,21,1,1,0,1,1,000000000000000000000111111111,/home/zhupl25/chiplet_side_channel/chiplet_gds_data/power_macro/delay_chain/ftc/runs/b_fe_frontend/bfe14_arch1_benign_temp_drift/physical/seed_41022/t_+125C/source_hspice
41022,125,3,FALL,182,159,23,23,0,0,0,1,1,000000000000000000000001111111,/home/zhupl25/chiplet_side_channel/chiplet_gds_data/power_macro/delay_chain/ftc/runs/b_fe_frontend/bfe14_arch1_benign_temp_drift/physical/seed_41022/t_+125C/source_hspice
41022,125,4,RISE,225,204,21,21,1,1,0,1,1,000000000000000000000111111111,/home/zhupl25/chiplet_side_channel/chiplet_gds_data/power_macro/delay_chain/ftc/runs/b_fe_frontend/bfe14_arch1_benign_temp_drift/physical/seed_41022/t_+125C/source_hspice
41022,125,5,FALL,204,159,45,45,0,0,1,1,1,000000000000000000000011111111,/home/zhupl25/chiplet_side_channel/chiplet_gds_data/power_macro/delay_chain/ftc/runs/b_fe_frontend/bfe14_arch1_benign_temp_drift/physical/seed_41022/t_+125C/source_hspice
41022,125,6,RISE,204,204,0,0,0,0,0,0,0,000000000000000000000011111111,/home/zhupl25/chiplet_side_channel/chiplet_gds_data/power_macro/delay_chain/ftc/runs/b_fe_frontend/bfe14_arch1_benign_temp_drift/physical/seed_41022/t_+125C/source_hspice
41022,125,7,FALL,204,159,45,45,0,0,1,1,1,000000000000000000000011111111,/home/zhupl25/chiplet_side_channel/chiplet_gds_data/power_macro/delay_chain/ftc/runs/b_fe_frontend/bfe14_arch1_benign_temp_drift/physical/seed_41022/t_+125C/source_hspice
41022,125,8,RISE,225,204,21,21,1,1,0,1,1,000000000000000000000111111111,/home/zhupl25/chiplet_side_channel/chiplet_gds_data/power_macro/delay_chain/ftc/runs/b_fe_frontend/bfe14_arch1_benign_temp_drift/physical/seed_41022/t_+125C/source_hspice
41022,125,9,FALL,204,159,45,45,0,0,1,1,1,000000000000000000000011111111,/home/zhupl25/chiplet_side_channel/chiplet_gds_data/power_macro/delay_chain/ftc/runs/b_fe_frontend/bfe14_arch1_benign_temp_drift/physical/seed_41022/t_+125C/source_hspice
41022,125,10,RISE,225,204,21,21,1,1,0,1,1,000000000000000000000111111111,/home/zhupl25/chiplet_side_channel/chiplet_gds_data/power_macro/delay_chain/ftc/runs/b_fe_frontend/bfe14_arch1_benign_temp_drift/physical/seed_41022/t_+125C/source_hspice
41022,125,11,FALL,182,159,23,23,0,0,0,1,1,000000000000000000000001111111,/home/zhupl25/chiplet_side_channel/chiplet_gds_data/power_macro/delay_chain/ftc/runs/b_fe_frontend/bfe14_arch1_benign_temp_drift/physical/seed_41022/t_+125C/source_hspice
41022,125,12,RISE,204,204,0,0,0,0,0,0,0,000000000000000000000011111111,/home/zhupl25/chiplet_side_channel/chiplet_gds_data/power_macro/delay_chain/ftc/runs/b_fe_frontend/bfe14_arch1_benign_temp_drift/physical/seed_41022/t_+125C/source_hspice
41022,125,13,FALL,182,159,23,23,0,0,0,1,1,000000000000000000000001111111,/home/zhupl25/chiplet_side_channel/chiplet_gds_data/power_macro/delay_chain/ftc/runs/b_fe_frontend/bfe14_arch1_benign_temp_drift/physical/seed_41022/t_+125C/source_hspice
41022,125,14,RISE,225,204,21,21,1,1,0,1,1,000000000000000000000111111111,/home/zhupl25/chiplet_side_channel/chiplet_gds_data/power_macro/delay_chain/ftc/runs/b_fe_frontend/bfe14_arch1_benign_temp_drift/physical/seed_41022/t_+125C/source_hspice
41022,125,15,FALL,182,159,23,23,0,0,0,1,1,000000000000000000000001111111,/home/zhupl25/chiplet_side_channel/chiplet_gds_data/power_macro/delay_chain/ftc/runs/b_fe_frontend/bfe14_arch1_benign_temp_drift/physical/seed_41022/t_+125C/source_hspice
41022,125,16,RISE,204,204,0,0,0,0,0,0,0,000000000000000000000011111111,/home/zhupl25/chiplet_side_channel/chiplet_gds_data/power_macro/delay_chain/ftc/runs/b_fe_frontend/bfe14_arch1_benign_temp_drift/physical/seed_41022/t_+125C/source_hspice
41022,125,17,FALL,204,159,45,45,0,0,1,1,1,000000000000000000000011111111,/home/zhupl25/chiplet_side_channel/chiplet_gds_data/power_macro/delay_chain/ftc/runs/b_fe_frontend/bfe14_arch1_benign_temp_drift/physical/seed_41022/t_+125C/source_hspice
41022,125,18,RISE,204,204,0,0,0,0,0,0,0,000000000000000000000011111111,/home/zhupl25/chiplet_side_channel/chiplet_gds_data/power_macro/delay_chain/ftc/runs/b_fe_frontend/bfe14_arch1_benign_temp_drift/physical/seed_41022/t_+125C/source_hspice
41022,125,19,FALL,182,159,23,23,0,0,0,1,1,000000000000000000000001111111,/home/zhupl25/chiplet_side_channel/chiplet_gds_data/power_macro/delay_chain/ftc/runs/b_fe_frontend/bfe14_arch1_benign_temp_drift/physical/seed_41022/t_+125C/source_hspice
41022,125,20,RISE,204,204,0,0,0,0,0,0,0,000000000000000000000011111111,/home/zhupl25/chiplet_side_channel/chiplet_gds_data/power_macro/delay_chain/ftc/runs/b_fe_frontend/bfe14_arch1_benign_temp_drift/physical/seed_41022/t_+125C/source_hspice
41022,125,21,FALL,182,159,23,23,0,0,0,1,1,000000000000000000000001111111,/home/zhupl25/chiplet_side_channel/chiplet_gds_data/power_macro/delay_chain/ftc/runs/b_fe_frontend/bfe14_arch1_benign_temp_drift/physical/seed_41022/t_+125C/source_hspice
41022,125,22,RISE,225,204,21,21,1,1,0,1,1,000000000000000000000111111111,/home/zhupl25/chiplet_side_channel/chiplet_gds_data/power_macro/delay_chain/ftc/runs/b_fe_frontend/bfe14_arch1_benign_temp_drift/physical/seed_41022/t_+125C/source_hspice
41022,125,23,FALL,204,159,45,45,0,0,1,1,1,000000000000000000000011111111,/home/zhupl25/chiplet_side_channel/chiplet_gds_data/power_macro/delay_chain/ftc/runs/b_fe_frontend/bfe14_arch1_benign_temp_drift/physical/seed_41022/t_+125C/source_hspice
41023,-40,0,RISE,204,209,-5,5,0,0,0,0,1,000000000000000000000011111111,/home/zhupl25/chiplet_side_channel/chiplet_gds_data/power_macro/delay_chain/ftc/runs/b_fe_frontend/bfe14_arch1_benign_temp_drift/physical/seed_41023/t_-040C/source_hspice
41023,-40,1,FALL,159,182,-23,23,0,0,0,1,1,000000000000000000000000111111,/home/zhupl25/chiplet_side_channel/chiplet_gds_data/power_macro/delay_chain/ftc/runs/b_fe_frontend/bfe14_arch1_benign_temp_drift/physical/seed_41023/t_-040C/source_hspice
41023,-40,2,RISE,204,209,-5,5,0,0,0,0,1,000000000000000000000011111111,/home/zhupl25/chiplet_side_channel/chiplet_gds_data/power_macro/delay_chain/ftc/runs/b_fe_frontend/bfe14_arch1_benign_temp_drift/physical/seed_41023/t_-040C/source_hspice
41023,-40,3,FALL,159,182,-23,23,0,0,0,1,1,000000000000000000000000111111,/home/zhupl25/chiplet_side_channel/chiplet_gds_data/power_macro/delay_chain/ftc/runs/b_fe_frontend/bfe14_arch1_benign_temp_drift/physical/seed_41023/t_-040C/source_hspice
41023,-40,4,RISE,204,209,-5,5,0,0,0,0,1,000000000000000000000011111111,/home/zhupl25/chiplet_side_channel/chiplet_gds_data/power_macro/delay_chain/ftc/runs/b_fe_frontend/bfe14_arch1_benign_temp_drift/physical/seed_41023/t_-040C/source_hspice
41023,-40,5,FALL,159,182,-23,23,0,0,0,1,1,000000000000000000000000111111,/home/zhupl25/chiplet_side_channel/chiplet_gds_data/power_macro/delay_chain/ftc/runs/b_fe_frontend/bfe14_arch1_benign_temp_drift/physical/seed_41023/t_-040C/source_hspice
41023,-40,6,RISE,204,209,-5,5,0,0,0,0,1,000000000000000000000011111111,/home/zhupl25/chiplet_side_channel/chiplet_gds_data/power_macro/delay_chain/ftc/runs/b_fe_frontend/bfe14_arch1_benign_temp_drift/physical/seed_41023/t_-040C/source_hspice
41023,-40,7,FALL,159,182,-23,23,0,0,0,1,1,000000000000000000000000111111,/home/zhupl25/chiplet_side_channel/chiplet_gds_data/power_macro/delay_chain/ftc/runs/b_fe_frontend/bfe14_arch1_benign_temp_drift/physical/seed_41023/t_-040C/source_hspice
41023,-40,8,RISE,204,209,-5,5,0,0,0,0,1,000000000000000000000011111111,/home/zhupl25/chiplet_side_channel/chiplet_gds_data/power_macro/delay_chain/ftc/runs/b_fe_frontend/bfe14_arch1_benign_temp_drift/physical/seed_41023/t_-040C/source_hspice
41023,-40,9,FALL,159,182,-23,23,0,0,0,1,1,000000000000000000000000111111,/home/zhupl25/chiplet_side_channel/chiplet_gds_data/power_macro/delay_chain/ftc/runs/b_fe_frontend/bfe14_arch1_benign_temp_drift/physical/seed_41023/t_-040C/source_hspice
41023,-40,10,RISE,204,209,-5,5,0,0,0,0,1,000000000000000000000011111111,/home/zhupl25/chiplet_side_channel/chiplet_gds_data/power_macro/delay_chain/ftc/runs/b_fe_frontend/bfe14_arch1_benign_temp_drift/physical/seed_41023/t_-040C/source_hspice
41023,-40,11,FALL,159,182,-23,23,0,0,0,1,1,000000000000000000000000111111,/home/zhupl25/chiplet_side_channel/chiplet_gds_data/power_macro/delay_chain/ftc/runs/b_fe_frontend/bfe14_arch1_benign_temp_drift/physical/seed_41023/t_-040C/source_hspice
41023,-40,12,RISE,204,209,-5,5,0,0,0,0,1,000000000000000000000011111111,/home/zhupl25/chiplet_side_channel/chiplet_gds_data/power_macro/delay_chain/ftc/runs/b_fe_frontend/bfe14_arch1_benign_temp_drift/physical/seed_41023/t_-040C/source_hspice
41023,-40,13,FALL,159,182,-23,23,0,0,0,1,1,000000000000000000000000111111,/home/zhupl25/chiplet_side_channel/chiplet_gds_data/power_macro/delay_chain/ftc/runs/b_fe_frontend/bfe14_arch1_benign_temp_drift/physical/seed_41023/t_-040C/source_hspice
41023,-40,14,RISE,204,209,-5,5,0,0,0,0,1,000000000000000000000011111111,/home/zhupl25/chiplet_side_channel/chiplet_gds_data/power_macro/delay_chain/ftc/runs/b_fe_frontend/bfe14_arch1_benign_temp_drift/physical/seed_41023/t_-040C/source_hspice
41023,-40,15,FALL,159,182,-23,23,0,0,0,1,1,000000000000000000000000111111,/home/zhupl25/chiplet_side_channel/chiplet_gds_data/power_macro/delay_chain/ftc/runs/b_fe_frontend/bfe14_arch1_benign_temp_drift/physical/seed_41023/t_-040C/source_hspice
41023,-40,16,RISE,204,209,-5,5,0,0,0,0,1,000000000000000000000011111111,/home/zhupl25/chiplet_side_channel/chiplet_gds_data/power_macro/delay_chain/ftc/runs/b_fe_frontend/bfe14_arch1_benign_temp_drift/physical/seed_41023/t_-040C/source_hspice
41023,-40,17,FALL,159,182,-23,23,0,0,0,1,1,000000000000000000000000111111,/home/zhupl25/chiplet_side_channel/chiplet_gds_data/power_macro/delay_chain/ftc/runs/b_fe_frontend/bfe14_arch1_benign_temp_drift/physical/seed_41023/t_-040C/source_hspice
41023,-40,18,RISE,204,209,-5,5,0,0,0,0,1,000000000000000000000011111111,/home/zhupl25/chiplet_side_channel/chiplet_gds_data/power_macro/delay_chain/ftc/runs/b_fe_frontend/bfe14_arch1_benign_temp_drift/physical/seed_41023/t_-040C/source_hspice
41023,-40,19,FALL,159,182,-23,23,0,0,0,1,1,000000000000000000000000111111,/home/zhupl25/chiplet_side_channel/chiplet_gds_data/power_macro/delay_chain/ftc/runs/b_fe_frontend/bfe14_arch1_benign_temp_drift/physical/seed_41023/t_-040C/source_hspice
41023,-40,20,RISE,204,209,-5,5,0,0,0,0,1,000000000000000000000011111111,/home/zhupl25/chiplet_side_channel/chiplet_gds_data/power_macro/delay_chain/ftc/runs/b_fe_frontend/bfe14_arch1_benign_temp_drift/physical/seed_41023/t_-040C/source_hspice
41023,-40,21,FALL,159,182,-23,23,0,0,0,1,1,000000000000000000000000111111,/home/zhupl25/chiplet_side_channel/chiplet_gds_data/power_macro/delay_chain/ftc/runs/b_fe_frontend/bfe14_arch1_benign_temp_drift/physical/seed_41023/t_-040C/source_hspice
41023,-40,22,RISE,204,209,-5,5,0,0,0,0,1,000000000000000000000011111111,/home/zhupl25/chiplet_side_channel/chiplet_gds_data/power_macro/delay_chain/ftc/runs/b_fe_frontend/bfe14_arch1_benign_temp_drift/physical/seed_41023/t_-040C/source_hspice
41023,-40,23,FALL,159,182,-23,23,0,0,0,1,1,000000000000000000000000111111,/home/zhupl25/chiplet_side_channel/chiplet_gds_data/power_macro/delay_chain/ftc/runs/b_fe_frontend/bfe14_arch1_benign_temp_drift/physical/seed_41023/t_-040C/source_hspice
41023,125,0,RISE,225,209,16,16,0,0,0,1,1,000000000000000000000111111111,/home/zhupl25/chiplet_side_channel/chiplet_gds_data/power_macro/delay_chain/ftc/runs/b_fe_frontend/bfe14_arch1_benign_temp_drift/physical/seed_41023/t_+125C/source_hspice
41023,125,1,FALL,204,182,22,22,0,0,0,1,1,000000000000000000000011111111,/home/zhupl25/chiplet_side_channel/chiplet_gds_data/power_macro/delay_chain/ftc/runs/b_fe_frontend/bfe14_arch1_benign_temp_drift/physical/seed_41023/t_+125C/source_hspice
41023,125,2,RISE,225,209,16,16,0,0,0,1,1,000000000000000000000111111111,/home/zhupl25/chiplet_side_channel/chiplet_gds_data/power_macro/delay_chain/ftc/runs/b_fe_frontend/bfe14_arch1_benign_temp_drift/physical/seed_41023/t_+125C/source_hspice
41023,125,3,FALL,204,182,22,22,0,0,0,1,1,000000000000000000000011111111,/home/zhupl25/chiplet_side_channel/chiplet_gds_data/power_macro/delay_chain/ftc/runs/b_fe_frontend/bfe14_arch1_benign_temp_drift/physical/seed_41023/t_+125C/source_hspice
41023,125,4,RISE,225,209,16,16,0,0,0,1,1,000000000000000000000111111111,/home/zhupl25/chiplet_side_channel/chiplet_gds_data/power_macro/delay_chain/ftc/runs/b_fe_frontend/bfe14_arch1_benign_temp_drift/physical/seed_41023/t_+125C/source_hspice
41023,125,5,FALL,204,182,22,22,0,0,0,1,1,000000000000000000000011111111,/home/zhupl25/chiplet_side_channel/chiplet_gds_data/power_macro/delay_chain/ftc/runs/b_fe_frontend/bfe14_arch1_benign_temp_drift/physical/seed_41023/t_+125C/source_hspice
41023,125,6,RISE,225,209,16,16,0,0,0,1,1,000000000000000000000111111111,/home/zhupl25/chiplet_side_channel/chiplet_gds_data/power_macro/delay_chain/ftc/runs/b_fe_frontend/bfe14_arch1_benign_temp_drift/physical/seed_41023/t_+125C/source_hspice
41023,125,7,FALL,204,182,22,22,0,0,0,1,1,000000000000000000000011111111,/home/zhupl25/chiplet_side_channel/chiplet_gds_data/power_macro/delay_chain/ftc/runs/b_fe_frontend/bfe14_arch1_benign_temp_drift/physical/seed_41023/t_+125C/source_hspice
41023,125,8,RISE,225,209,16,16,0,0,0,1,1,000000000000000000000111111111,/home/zhupl25/chiplet_side_channel/chiplet_gds_data/power_macro/delay_chain/ftc/runs/b_fe_frontend/bfe14_arch1_benign_temp_drift/physical/seed_41023/t_+125C/source_hspice
41023,125,9,FALL,204,182,22,22,0,0,0,1,1,000000000000000000000011111111,/home/zhupl25/chiplet_side_channel/chiplet_gds_data/power_macro/delay_chain/ftc/runs/b_fe_frontend/bfe14_arch1_benign_temp_drift/physical/seed_41023/t_+125C/source_hspice
41023,125,10,RISE,225,209,16,16,0,0,0,1,1,000000000000000000000111111111,/home/zhupl25/chiplet_side_channel/chiplet_gds_data/power_macro/delay_chain/ftc/runs/b_fe_frontend/bfe14_arch1_benign_temp_drift/physical/seed_41023/t_+125C/source_hspice
41023,125,11,FALL,204,182,22,22,0,0,0,1,1,000000000000000000000011111111,/home/zhupl25/chiplet_side_channel/chiplet_gds_data/power_macro/delay_chain/ftc/runs/b_fe_frontend/bfe14_arch1_benign_temp_drift/physical/seed_41023/t_+125C/source_hspice
41023,125,12,RISE,225,209,16,16,0,0,0,1,1,000000000000000000000111111111,/home/zhupl25/chiplet_side_channel/chiplet_gds_data/power_macro/delay_chain/ftc/runs/b_fe_frontend/bfe14_arch1_benign_temp_drift/physical/seed_41023/t_+125C/source_hspice
41023,125,13,FALL,204,182,22,22,0,0,0,1,1,000000000000000000000011111111,/home/zhupl25/chiplet_side_channel/chiplet_gds_data/power_macro/delay_chain/ftc/runs/b_fe_frontend/bfe14_arch1_benign_temp_drift/physical/seed_41023/t_+125C/source_hspice
41023,125,14,RISE,225,209,16,16,0,0,0,1,1,000000000000000000000111111111,/home/zhupl25/chiplet_side_channel/chiplet_gds_data/power_macro/delay_chain/ftc/runs/b_fe_frontend/bfe14_arch1_benign_temp_drift/physical/seed_41023/t_+125C/source_hspice
41023,125,15,FALL,204,182,22,22,0,0,0,1,1,000000000000000000000011111111,/home/zhupl25/chiplet_side_channel/chiplet_gds_data/power_macro/delay_chain/ftc/runs/b_fe_frontend/bfe14_arch1_benign_temp_drift/physical/seed_41023/t_+125C/source_hspice
41023,125,16,RISE,225,209,16,16,0,0,0,1,1,000000000000000000000111111111,/home/zhupl25/chiplet_side_channel/chiplet_gds_data/power_macro/delay_chain/ftc/runs/b_fe_frontend/bfe14_arch1_benign_temp_drift/physical/seed_41023/t_+125C/source_hspice
41023,125,17,FALL,204,182,22,22,0,0,0,1,1,000000000000000000000011111111,/home/zhupl25/chiplet_side_channel/chiplet_gds_data/power_macro/delay_chain/ftc/runs/b_fe_frontend/bfe14_arch1_benign_temp_drift/physical/seed_41023/t_+125C/source_hspice
41023,125,18,RISE,225,209,16,16,0,0,0,1,1,000000000000000000000111111111,/home/zhupl25/chiplet_side_channel/chiplet_gds_data/power_macro/delay_chain/ftc/runs/b_fe_frontend/bfe14_arch1_benign_temp_drift/physical/seed_41023/t_+125C/source_hspice
41023,125,19,FALL,204,182,22,22,0,0,0,1,1,000000000000000000000011111111,/home/zhupl25/chiplet_side_channel/chiplet_gds_data/power_macro/delay_chain/ftc/runs/b_fe_frontend/bfe14_arch1_benign_temp_drift/physical/seed_41023/t_+125C/source_hspice
41023,125,20,RISE,225,209,16,16,0,0,0,1,1,000000000000000000000111111111,/home/zhupl25/chiplet_side_channel/chiplet_gds_data/power_macro/delay_chain/ftc/runs/b_fe_frontend/bfe14_arch1_benign_temp_drift/physical/seed_41023/t_+125C/source_hspice
41023,125,21,FALL,204,182,22,22,0,0,0,1,1,000000000000000000000011111111,/home/zhupl25/chiplet_side_channel/chiplet_gds_data/power_macro/delay_chain/ftc/runs/b_fe_frontend/bfe14_arch1_benign_temp_drift/physical/seed_41023/t_+125C/source_hspice
41023,125,22,RISE,225,209,16,16,0,0,0,1,1,000000000000000000000111111111,/home/zhupl25/chiplet_side_channel/chiplet_gds_data/power_macro/delay_chain/ftc/runs/b_fe_frontend/bfe14_arch1_benign_temp_drift/physical/seed_41023/t_+125C/source_hspice
41023,125,23,FALL,204,182,22,22,0,0,0,1,1,000000000000000000000011111111,/home/zhupl25/chiplet_side_channel/chiplet_gds_data/power_macro/delay_chain/ftc/runs/b_fe_frontend/bfe14_arch1_benign_temp_drift/physical/seed_41023/t_+125C/source_hspice
41024,-40,0,RISE,159,164,-5,5,0,0,0,0,1,000000000000000000000000111111,/home/zhupl25/chiplet_side_channel/chiplet_gds_data/power_macro/delay_chain/ftc/runs/b_fe_frontend/bfe14_arch1_benign_temp_drift/physical/seed_41024/t_-040C/source_hspice
41024,-40,1,FALL,110,147,-37,37,0,0,1,1,1,000000000000000000000000001111,/home/zhupl25/chiplet_side_channel/chiplet_gds_data/power_macro/delay_chain/ftc/runs/b_fe_frontend/bfe14_arch1_benign_temp_drift/physical/seed_41024/t_-040C/source_hspice
41024,-40,2,RISE,159,164,-5,5,0,0,0,0,1,000000000000000000000000111111,/home/zhupl25/chiplet_side_channel/chiplet_gds_data/power_macro/delay_chain/ftc/runs/b_fe_frontend/bfe14_arch1_benign_temp_drift/physical/seed_41024/t_-040C/source_hspice
41024,-40,3,FALL,110,147,-37,37,0,0,1,1,1,000000000000000000000000001111,/home/zhupl25/chiplet_side_channel/chiplet_gds_data/power_macro/delay_chain/ftc/runs/b_fe_frontend/bfe14_arch1_benign_temp_drift/physical/seed_41024/t_-040C/source_hspice
41024,-40,4,RISE,159,164,-5,5,0,0,0,0,1,000000000000000000000000111111,/home/zhupl25/chiplet_side_channel/chiplet_gds_data/power_macro/delay_chain/ftc/runs/b_fe_frontend/bfe14_arch1_benign_temp_drift/physical/seed_41024/t_-040C/source_hspice
41024,-40,5,FALL,110,147,-37,37,0,0,1,1,1,000000000000000000000000001111,/home/zhupl25/chiplet_side_channel/chiplet_gds_data/power_macro/delay_chain/ftc/runs/b_fe_frontend/bfe14_arch1_benign_temp_drift/physical/seed_41024/t_-040C/source_hspice
41024,-40,6,RISE,135,164,-29,29,0,0,1,1,1,000000000000000000000000011111,/home/zhupl25/chiplet_side_channel/chiplet_gds_data/power_macro/delay_chain/ftc/runs/b_fe_frontend/bfe14_arch1_benign_temp_drift/physical/seed_41024/t_-040C/source_hspice
41024,-40,7,FALL,110,147,-37,37,0,0,1,1,1,000000000000000000000000001111,/home/zhupl25/chiplet_side_channel/chiplet_gds_data/power_macro/delay_chain/ftc/runs/b_fe_frontend/bfe14_arch1_benign_temp_drift/physical/seed_41024/t_-040C/source_hspice
41024,-40,8,RISE,135,164,-29,29,0,0,1,1,1,000000000000000000000000011111,/home/zhupl25/chiplet_side_channel/chiplet_gds_data/power_macro/delay_chain/ftc/runs/b_fe_frontend/bfe14_arch1_benign_temp_drift/physical/seed_41024/t_-040C/source_hspice
41024,-40,9,FALL,110,147,-37,37,0,0,1,1,1,000000000000000000000000001111,/home/zhupl25/chiplet_side_channel/chiplet_gds_data/power_macro/delay_chain/ftc/runs/b_fe_frontend/bfe14_arch1_benign_temp_drift/physical/seed_41024/t_-040C/source_hspice
41024,-40,10,RISE,159,164,-5,5,0,0,0,0,1,000000000000000000000000111111,/home/zhupl25/chiplet_side_channel/chiplet_gds_data/power_macro/delay_chain/ftc/runs/b_fe_frontend/bfe14_arch1_benign_temp_drift/physical/seed_41024/t_-040C/source_hspice
41024,-40,11,FALL,110,147,-37,37,0,0,1,1,1,000000000000000000000000001111,/home/zhupl25/chiplet_side_channel/chiplet_gds_data/power_macro/delay_chain/ftc/runs/b_fe_frontend/bfe14_arch1_benign_temp_drift/physical/seed_41024/t_-040C/source_hspice
41024,-40,12,RISE,135,164,-29,29,0,0,1,1,1,000000000000000000000000011111,/home/zhupl25/chiplet_side_channel/chiplet_gds_data/power_macro/delay_chain/ftc/runs/b_fe_frontend/bfe14_arch1_benign_temp_drift/physical/seed_41024/t_-040C/source_hspice
41024,-40,13,FALL,110,147,-37,37,0,0,1,1,1,000000000000000000000000001111,/home/zhupl25/chiplet_side_channel/chiplet_gds_data/power_macro/delay_chain/ftc/runs/b_fe_frontend/bfe14_arch1_benign_temp_drift/physical/seed_41024/t_-040C/source_hspice
41024,-40,14,RISE,159,164,-5,5,0,0,0,0,1,000000000000000000000000111111,/home/zhupl25/chiplet_side_channel/chiplet_gds_data/power_macro/delay_chain/ftc/runs/b_fe_frontend/bfe14_arch1_benign_temp_drift/physical/seed_41024/t_-040C/source_hspice
41024,-40,15,FALL,110,147,-37,37,0,0,1,1,1,000000000000000000000000001111,/home/zhupl25/chiplet_side_channel/chiplet_gds_data/power_macro/delay_chain/ftc/runs/b_fe_frontend/bfe14_arch1_benign_temp_drift/physical/seed_41024/t_-040C/source_hspice
41024,-40,16,RISE,135,164,-29,29,0,0,1,1,1,000000000000000000000000011111,/home/zhupl25/chiplet_side_channel/chiplet_gds_data/power_macro/delay_chain/ftc/runs/b_fe_frontend/bfe14_arch1_benign_temp_drift/physical/seed_41024/t_-040C/source_hspice
41024,-40,17,FALL,110,147,-37,37,0,0,1,1,1,000000000000000000000000001111,/home/zhupl25/chiplet_side_channel/chiplet_gds_data/power_macro/delay_chain/ftc/runs/b_fe_frontend/bfe14_arch1_benign_temp_drift/physical/seed_41024/t_-040C/source_hspice
41024,-40,18,RISE,135,164,-29,29,0,0,1,1,1,000000000000000000000000011111,/home/zhupl25/chiplet_side_channel/chiplet_gds_data/power_macro/delay_chain/ftc/runs/b_fe_frontend/bfe14_arch1_benign_temp_drift/physical/seed_41024/t_-040C/source_hspice
41024,-40,19,FALL,110,147,-37,37,0,0,1,1,1,000000000000000000000000001111,/home/zhupl25/chiplet_side_channel/chiplet_gds_data/power_macro/delay_chain/ftc/runs/b_fe_frontend/bfe14_arch1_benign_temp_drift/physical/seed_41024/t_-040C/source_hspice
41024,-40,20,RISE,135,164,-29,29,0,0,1,1,1,000000000000000000000000011111,/home/zhupl25/chiplet_side_channel/chiplet_gds_data/power_macro/delay_chain/ftc/runs/b_fe_frontend/bfe14_arch1_benign_temp_drift/physical/seed_41024/t_-040C/source_hspice
41024,-40,21,FALL,110,147,-37,37,0,0,1,1,1,000000000000000000000000001111,/home/zhupl25/chiplet_side_channel/chiplet_gds_data/power_macro/delay_chain/ftc/runs/b_fe_frontend/bfe14_arch1_benign_temp_drift/physical/seed_41024/t_-040C/source_hspice
41024,-40,22,RISE,159,164,-5,5,0,0,0,0,1,000000000000000000000000111111,/home/zhupl25/chiplet_side_channel/chiplet_gds_data/power_macro/delay_chain/ftc/runs/b_fe_frontend/bfe14_arch1_benign_temp_drift/physical/seed_41024/t_-040C/source_hspice
41024,-40,23,FALL,110,147,-37,37,0,0,1,1,1,000000000000000000000000001111,/home/zhupl25/chiplet_side_channel/chiplet_gds_data/power_macro/delay_chain/ftc/runs/b_fe_frontend/bfe14_arch1_benign_temp_drift/physical/seed_41024/t_-040C/source_hspice
41024,125,0,RISE,182,164,18,18,0,0,0,1,1,000000000000000000000001111111,/home/zhupl25/chiplet_side_channel/chiplet_gds_data/power_macro/delay_chain/ftc/runs/b_fe_frontend/bfe14_arch1_benign_temp_drift/physical/seed_41024/t_+125C/source_hspice
41024,125,1,FALL,182,147,35,35,0,0,1,1,1,000000000000000000000001111111,/home/zhupl25/chiplet_side_channel/chiplet_gds_data/power_macro/delay_chain/ftc/runs/b_fe_frontend/bfe14_arch1_benign_temp_drift/physical/seed_41024/t_+125C/source_hspice
41024,125,2,RISE,182,164,18,18,0,0,0,1,1,000000000000000000000001111111,/home/zhupl25/chiplet_side_channel/chiplet_gds_data/power_macro/delay_chain/ftc/runs/b_fe_frontend/bfe14_arch1_benign_temp_drift/physical/seed_41024/t_+125C/source_hspice
41024,125,3,FALL,182,147,35,35,0,0,1,1,1,000000000000000000000001111111,/home/zhupl25/chiplet_side_channel/chiplet_gds_data/power_macro/delay_chain/ftc/runs/b_fe_frontend/bfe14_arch1_benign_temp_drift/physical/seed_41024/t_+125C/source_hspice
41024,125,4,RISE,182,164,18,18,0,0,0,1,1,000000000000000000000001111111,/home/zhupl25/chiplet_side_channel/chiplet_gds_data/power_macro/delay_chain/ftc/runs/b_fe_frontend/bfe14_arch1_benign_temp_drift/physical/seed_41024/t_+125C/source_hspice
41024,125,5,FALL,182,147,35,35,0,0,1,1,1,000000000000000000000001111111,/home/zhupl25/chiplet_side_channel/chiplet_gds_data/power_macro/delay_chain/ftc/runs/b_fe_frontend/bfe14_arch1_benign_temp_drift/physical/seed_41024/t_+125C/source_hspice
41024,125,6,RISE,182,164,18,18,0,0,0,1,1,000000000000000000000001111111,/home/zhupl25/chiplet_side_channel/chiplet_gds_data/power_macro/delay_chain/ftc/runs/b_fe_frontend/bfe14_arch1_benign_temp_drift/physical/seed_41024/t_+125C/source_hspice
41024,125,7,FALL,182,147,35,35,0,0,1,1,1,000000000000000000000001111111,/home/zhupl25/chiplet_side_channel/chiplet_gds_data/power_macro/delay_chain/ftc/runs/b_fe_frontend/bfe14_arch1_benign_temp_drift/physical/seed_41024/t_+125C/source_hspice
41024,125,8,RISE,182,164,18,18,0,0,0,1,1,000000000000000000000001111111,/home/zhupl25/chiplet_side_channel/chiplet_gds_data/power_macro/delay_chain/ftc/runs/b_fe_frontend/bfe14_arch1_benign_temp_drift/physical/seed_41024/t_+125C/source_hspice
41024,125,9,FALL,182,147,35,35,0,0,1,1,1,000000000000000000000001111111,/home/zhupl25/chiplet_side_channel/chiplet_gds_data/power_macro/delay_chain/ftc/runs/b_fe_frontend/bfe14_arch1_benign_temp_drift/physical/seed_41024/t_+125C/source_hspice
41024,125,10,RISE,182,164,18,18,0,0,0,1,1,000000000000000000000001111111,/home/zhupl25/chiplet_side_channel/chiplet_gds_data/power_macro/delay_chain/ftc/runs/b_fe_frontend/bfe14_arch1_benign_temp_drift/physical/seed_41024/t_+125C/source_hspice
41024,125,11,FALL,182,147,35,35,0,0,1,1,1,000000000000000000000001111111,/home/zhupl25/chiplet_side_channel/chiplet_gds_data/power_macro/delay_chain/ftc/runs/b_fe_frontend/bfe14_arch1_benign_temp_drift/physical/seed_41024/t_+125C/source_hspice
41024,125,12,RISE,182,164,18,18,0,0,0,1,1,000000000000000000000001111111,/home/zhupl25/chiplet_side_channel/chiplet_gds_data/power_macro/delay_chain/ftc/runs/b_fe_frontend/bfe14_arch1_benign_temp_drift/physical/seed_41024/t_+125C/source_hspice
41024,125,13,FALL,182,147,35,35,0,0,1,1,1,000000000000000000000001111111,/home/zhupl25/chiplet_side_channel/chiplet_gds_data/power_macro/delay_chain/ftc/runs/b_fe_frontend/bfe14_arch1_benign_temp_drift/physical/seed_41024/t_+125C/source_hspice
41024,125,14,RISE,182,164,18,18,0,0,0,1,1,000000000000000000000001111111,/home/zhupl25/chiplet_side_channel/chiplet_gds_data/power_macro/delay_chain/ftc/runs/b_fe_frontend/bfe14_arch1_benign_temp_drift/physical/seed_41024/t_+125C/source_hspice
41024,125,15,FALL,182,147,35,35,0,0,1,1,1,000000000000000000000001111111,/home/zhupl25/chiplet_side_channel/chiplet_gds_data/power_macro/delay_chain/ftc/runs/b_fe_frontend/bfe14_arch1_benign_temp_drift/physical/seed_41024/t_+125C/source_hspice
41024,125,16,RISE,182,164,18,18,0,0,0,1,1,000000000000000000000001111111,/home/zhupl25/chiplet_side_channel/chiplet_gds_data/power_macro/delay_chain/ftc/runs/b_fe_frontend/bfe14_arch1_benign_temp_drift/physical/seed_41024/t_+125C/source_hspice
41024,125,17,FALL,182,147,35,35,0,0,1,1,1,000000000000000000000001111111,/home/zhupl25/chiplet_side_channel/chiplet_gds_data/power_macro/delay_chain/ftc/runs/b_fe_frontend/bfe14_arch1_benign_temp_drift/physical/seed_41024/t_+125C/source_hspice
41024,125,18,RISE,182,164,18,18,0,0,0,1,1,000000000000000000000001111111,/home/zhupl25/chiplet_side_channel/chiplet_gds_data/power_macro/delay_chain/ftc/runs/b_fe_frontend/bfe14_arch1_benign_temp_drift/physical/seed_41024/t_+125C/source_hspice
41024,125,19,FALL,182,147,35,35,0,0,1,1,1,000000000000000000000001111111,/home/zhupl25/chiplet_side_channel/chiplet_gds_data/power_macro/delay_chain/ftc/runs/b_fe_frontend/bfe14_arch1_benign_temp_drift/physical/seed_41024/t_+125C/source_hspice
41024,125,20,RISE,182,164,18,18,0,0,0,1,1,000000000000000000000001111111,/home/zhupl25/chiplet_side_channel/chiplet_gds_data/power_macro/delay_chain/ftc/runs/b_fe_frontend/bfe14_arch1_benign_temp_drift/physical/seed_41024/t_+125C/source_hspice
41024,125,21,FALL,159,147,12,12,0,0,0,1,1,000000000000000000000000111111,/home/zhupl25/chiplet_side_channel/chiplet_gds_data/power_macro/delay_chain/ftc/runs/b_fe_frontend/bfe14_arch1_benign_temp_drift/physical/seed_41024/t_+125C/source_hspice
41024,125,22,RISE,182,164,18,18,0,0,0,1,1,000000000000000000000001111111,/home/zhupl25/chiplet_side_channel/chiplet_gds_data/power_macro/delay_chain/ftc/runs/b_fe_frontend/bfe14_arch1_benign_temp_drift/physical/seed_41024/t_+125C/source_hspice
41024,125,23,FALL,182,147,35,35,0,0,1,1,1,000000000000000000000001111111,/home/zhupl25/chiplet_side_channel/chiplet_gds_data/power_macro/delay_chain/ftc/runs/b_fe_frontend/bfe14_arch1_benign_temp_drift/physical/seed_41024/t_+125C/source_hspice
41025,-40,0,RISE,204,225,-21,21,0,0,0,1,1,000000000000000000000011111111,/home/zhupl25/chiplet_side_channel/chiplet_gds_data/power_macro/delay_chain/ftc/runs/b_fe_frontend/bfe14_arch1_benign_temp_drift/physical/seed_41025/t_-040C/source_hspice
41025,-40,1,FALL,182,204,-22,22,0,0,0,1,1,000000000000000000000001111111,/home/zhupl25/chiplet_side_channel/chiplet_gds_data/power_macro/delay_chain/ftc/runs/b_fe_frontend/bfe14_arch1_benign_temp_drift/physical/seed_41025/t_-040C/source_hspice
41025,-40,2,RISE,204,225,-21,21,0,0,0,1,1,000000000000000000000011111111,/home/zhupl25/chiplet_side_channel/chiplet_gds_data/power_macro/delay_chain/ftc/runs/b_fe_frontend/bfe14_arch1_benign_temp_drift/physical/seed_41025/t_-040C/source_hspice
41025,-40,3,FALL,182,204,-22,22,0,0,0,1,1,000000000000000000000001111111,/home/zhupl25/chiplet_side_channel/chiplet_gds_data/power_macro/delay_chain/ftc/runs/b_fe_frontend/bfe14_arch1_benign_temp_drift/physical/seed_41025/t_-040C/source_hspice
41025,-40,4,RISE,204,225,-21,21,0,0,0,1,1,000000000000000000000011111111,/home/zhupl25/chiplet_side_channel/chiplet_gds_data/power_macro/delay_chain/ftc/runs/b_fe_frontend/bfe14_arch1_benign_temp_drift/physical/seed_41025/t_-040C/source_hspice
41025,-40,5,FALL,182,204,-22,22,0,0,0,1,1,000000000000000000000001111111,/home/zhupl25/chiplet_side_channel/chiplet_gds_data/power_macro/delay_chain/ftc/runs/b_fe_frontend/bfe14_arch1_benign_temp_drift/physical/seed_41025/t_-040C/source_hspice
41025,-40,6,RISE,204,225,-21,21,0,0,0,1,1,000000000000000000000011111111,/home/zhupl25/chiplet_side_channel/chiplet_gds_data/power_macro/delay_chain/ftc/runs/b_fe_frontend/bfe14_arch1_benign_temp_drift/physical/seed_41025/t_-040C/source_hspice
41025,-40,7,FALL,182,204,-22,22,0,0,0,1,1,000000000000000000000001111111,/home/zhupl25/chiplet_side_channel/chiplet_gds_data/power_macro/delay_chain/ftc/runs/b_fe_frontend/bfe14_arch1_benign_temp_drift/physical/seed_41025/t_-040C/source_hspice
41025,-40,8,RISE,204,225,-21,21,0,0,0,1,1,000000000000000000000011111111,/home/zhupl25/chiplet_side_channel/chiplet_gds_data/power_macro/delay_chain/ftc/runs/b_fe_frontend/bfe14_arch1_benign_temp_drift/physical/seed_41025/t_-040C/source_hspice
41025,-40,9,FALL,182,204,-22,22,0,0,0,1,1,000000000000000000000001111111,/home/zhupl25/chiplet_side_channel/chiplet_gds_data/power_macro/delay_chain/ftc/runs/b_fe_frontend/bfe14_arch1_benign_temp_drift/physical/seed_41025/t_-040C/source_hspice
41025,-40,10,RISE,204,225,-21,21,0,0,0,1,1,000000000000000000000011111111,/home/zhupl25/chiplet_side_channel/chiplet_gds_data/power_macro/delay_chain/ftc/runs/b_fe_frontend/bfe14_arch1_benign_temp_drift/physical/seed_41025/t_-040C/source_hspice
41025,-40,11,FALL,182,204,-22,22,0,0,0,1,1,000000000000000000000001111111,/home/zhupl25/chiplet_side_channel/chiplet_gds_data/power_macro/delay_chain/ftc/runs/b_fe_frontend/bfe14_arch1_benign_temp_drift/physical/seed_41025/t_-040C/source_hspice
41025,-40,12,RISE,204,225,-21,21,0,0,0,1,1,000000000000000000000011111111,/home/zhupl25/chiplet_side_channel/chiplet_gds_data/power_macro/delay_chain/ftc/runs/b_fe_frontend/bfe14_arch1_benign_temp_drift/physical/seed_41025/t_-040C/source_hspice
41025,-40,13,FALL,182,204,-22,22,0,0,0,1,1,000000000000000000000001111111,/home/zhupl25/chiplet_side_channel/chiplet_gds_data/power_macro/delay_chain/ftc/runs/b_fe_frontend/bfe14_arch1_benign_temp_drift/physical/seed_41025/t_-040C/source_hspice
41025,-40,14,RISE,204,225,-21,21,0,0,0,1,1,000000000000000000000011111111,/home/zhupl25/chiplet_side_channel/chiplet_gds_data/power_macro/delay_chain/ftc/runs/b_fe_frontend/bfe14_arch1_benign_temp_drift/physical/seed_41025/t_-040C/source_hspice
41025,-40,15,FALL,182,204,-22,22,0,0,0,1,1,000000000000000000000001111111,/home/zhupl25/chiplet_side_channel/chiplet_gds_data/power_macro/delay_chain/ftc/runs/b_fe_frontend/bfe14_arch1_benign_temp_drift/physical/seed_41025/t_-040C/source_hspice
41025,-40,16,RISE,204,225,-21,21,0,0,0,1,1,000000000000000000000011111111,/home/zhupl25/chiplet_side_channel/chiplet_gds_data/power_macro/delay_chain/ftc/runs/b_fe_frontend/bfe14_arch1_benign_temp_drift/physical/seed_41025/t_-040C/source_hspice
41025,-40,17,FALL,182,204,-22,22,0,0,0,1,1,000000000000000000000001111111,/home/zhupl25/chiplet_side_channel/chiplet_gds_data/power_macro/delay_chain/ftc/runs/b_fe_frontend/bfe14_arch1_benign_temp_drift/physical/seed_41025/t_-040C/source_hspice
41025,-40,18,RISE,204,225,-21,21,0,0,0,1,1,000000000000000000000011111111,/home/zhupl25/chiplet_side_channel/chiplet_gds_data/power_macro/delay_chain/ftc/runs/b_fe_frontend/bfe14_arch1_benign_temp_drift/physical/seed_41025/t_-040C/source_hspice
41025,-40,19,FALL,182,204,-22,22,0,0,0,1,1,000000000000000000000001111111,/home/zhupl25/chiplet_side_channel/chiplet_gds_data/power_macro/delay_chain/ftc/runs/b_fe_frontend/bfe14_arch1_benign_temp_drift/physical/seed_41025/t_-040C/source_hspice
41025,-40,20,RISE,204,225,-21,21,0,0,0,1,1,000000000000000000000011111111,/home/zhupl25/chiplet_side_channel/chiplet_gds_data/power_macro/delay_chain/ftc/runs/b_fe_frontend/bfe14_arch1_benign_temp_drift/physical/seed_41025/t_-040C/source_hspice
41025,-40,21,FALL,159,204,-45,45,0,0,1,1,1,000000000000000000000000111111,/home/zhupl25/chiplet_side_channel/chiplet_gds_data/power_macro/delay_chain/ftc/runs/b_fe_frontend/bfe14_arch1_benign_temp_drift/physical/seed_41025/t_-040C/source_hspice
41025,-40,22,RISE,204,225,-21,21,0,0,0,1,1,000000000000000000000011111111,/home/zhupl25/chiplet_side_channel/chiplet_gds_data/power_macro/delay_chain/ftc/runs/b_fe_frontend/bfe14_arch1_benign_temp_drift/physical/seed_41025/t_-040C/source_hspice
41025,-40,23,FALL,182,204,-22,22,0,0,0,1,1,000000000000000000000001111111,/home/zhupl25/chiplet_side_channel/chiplet_gds_data/power_macro/delay_chain/ftc/runs/b_fe_frontend/bfe14_arch1_benign_temp_drift/physical/seed_41025/t_-040C/source_hspice
41025,125,0,RISE,225,225,0,0,0,0,0,0,0,000000000000000000000111111111,/home/zhupl25/chiplet_side_channel/chiplet_gds_data/power_macro/delay_chain/ftc/runs/b_fe_frontend/bfe14_arch1_benign_temp_drift/physical/seed_41025/t_+125C/source_hspice
41025,125,1,FALL,225,204,21,21,0,0,0,1,1,000000000000000000000111111111,/home/zhupl25/chiplet_side_channel/chiplet_gds_data/power_macro/delay_chain/ftc/runs/b_fe_frontend/bfe14_arch1_benign_temp_drift/physical/seed_41025/t_+125C/source_hspice
41025,125,2,RISE,225,225,0,0,0,0,0,0,0,000000000000000000000111111111,/home/zhupl25/chiplet_side_channel/chiplet_gds_data/power_macro/delay_chain/ftc/runs/b_fe_frontend/bfe14_arch1_benign_temp_drift/physical/seed_41025/t_+125C/source_hspice
41025,125,3,FALL,225,204,21,21,0,0,0,1,1,000000000000000000000111111111,/home/zhupl25/chiplet_side_channel/chiplet_gds_data/power_macro/delay_chain/ftc/runs/b_fe_frontend/bfe14_arch1_benign_temp_drift/physical/seed_41025/t_+125C/source_hspice
41025,125,4,RISE,245,225,20,20,1,1,0,1,1,000000000000000000001111111111,/home/zhupl25/chiplet_side_channel/chiplet_gds_data/power_macro/delay_chain/ftc/runs/b_fe_frontend/bfe14_arch1_benign_temp_drift/physical/seed_41025/t_+125C/source_hspice
41025,125,5,FALL,225,204,21,21,0,0,0,1,1,000000000000000000000111111111,/home/zhupl25/chiplet_side_channel/chiplet_gds_data/power_macro/delay_chain/ftc/runs/b_fe_frontend/bfe14_arch1_benign_temp_drift/physical/seed_41025/t_+125C/source_hspice
41025,125,6,RISE,225,225,0,0,0,0,0,0,0,000000000000000000000111111111,/home/zhupl25/chiplet_side_channel/chiplet_gds_data/power_macro/delay_chain/ftc/runs/b_fe_frontend/bfe14_arch1_benign_temp_drift/physical/seed_41025/t_+125C/source_hspice
41025,125,7,FALL,225,204,21,21,0,0,0,1,1,000000000000000000000111111111,/home/zhupl25/chiplet_side_channel/chiplet_gds_data/power_macro/delay_chain/ftc/runs/b_fe_frontend/bfe14_arch1_benign_temp_drift/physical/seed_41025/t_+125C/source_hspice
41025,125,8,RISE,225,225,0,0,0,0,0,0,0,000000000000000000000111111111,/home/zhupl25/chiplet_side_channel/chiplet_gds_data/power_macro/delay_chain/ftc/runs/b_fe_frontend/bfe14_arch1_benign_temp_drift/physical/seed_41025/t_+125C/source_hspice
41025,125,9,FALL,225,204,21,21,0,0,0,1,1,000000000000000000000111111111,/home/zhupl25/chiplet_side_channel/chiplet_gds_data/power_macro/delay_chain/ftc/runs/b_fe_frontend/bfe14_arch1_benign_temp_drift/physical/seed_41025/t_+125C/source_hspice
41025,125,10,RISE,225,225,0,0,0,0,0,0,0,000000000000000000000111111111,/home/zhupl25/chiplet_side_channel/chiplet_gds_data/power_macro/delay_chain/ftc/runs/b_fe_frontend/bfe14_arch1_benign_temp_drift/physical/seed_41025/t_+125C/source_hspice
41025,125,11,FALL,225,204,21,21,0,0,0,1,1,000000000000000000000111111111,/home/zhupl25/chiplet_side_channel/chiplet_gds_data/power_macro/delay_chain/ftc/runs/b_fe_frontend/bfe14_arch1_benign_temp_drift/physical/seed_41025/t_+125C/source_hspice
41025,125,12,RISE,225,225,0,0,0,0,0,0,0,000000000000000000000111111111,/home/zhupl25/chiplet_side_channel/chiplet_gds_data/power_macro/delay_chain/ftc/runs/b_fe_frontend/bfe14_arch1_benign_temp_drift/physical/seed_41025/t_+125C/source_hspice
41025,125,13,FALL,225,204,21,21,0,0,0,1,1,000000000000000000000111111111,/home/zhupl25/chiplet_side_channel/chiplet_gds_data/power_macro/delay_chain/ftc/runs/b_fe_frontend/bfe14_arch1_benign_temp_drift/physical/seed_41025/t_+125C/source_hspice
41025,125,14,RISE,225,225,0,0,0,0,0,0,0,000000000000000000000111111111,/home/zhupl25/chiplet_side_channel/chiplet_gds_data/power_macro/delay_chain/ftc/runs/b_fe_frontend/bfe14_arch1_benign_temp_drift/physical/seed_41025/t_+125C/source_hspice
41025,125,15,FALL,225,204,21,21,0,0,0,1,1,000000000000000000000111111111,/home/zhupl25/chiplet_side_channel/chiplet_gds_data/power_macro/delay_chain/ftc/runs/b_fe_frontend/bfe14_arch1_benign_temp_drift/physical/seed_41025/t_+125C/source_hspice
41025,125,16,RISE,225,225,0,0,0,0,0,0,0,000000000000000000000111111111,/home/zhupl25/chiplet_side_channel/chiplet_gds_data/power_macro/delay_chain/ftc/runs/b_fe_frontend/bfe14_arch1_benign_temp_drift/physical/seed_41025/t_+125C/source_hspice
41025,125,17,FALL,225,204,21,21,0,0,0,1,1,000000000000000000000111111111,/home/zhupl25/chiplet_side_channel/chiplet_gds_data/power_macro/delay_chain/ftc/runs/b_fe_frontend/bfe14_arch1_benign_temp_drift/physical/seed_41025/t_+125C/source_hspice
41025,125,18,RISE,225,225,0,0,0,0,0,0,0,000000000000000000000111111111,/home/zhupl25/chiplet_side_channel/chiplet_gds_data/power_macro/delay_chain/ftc/runs/b_fe_frontend/bfe14_arch1_benign_temp_drift/physical/seed_41025/t_+125C/source_hspice
41025,125,19,FALL,225,204,21,21,0,0,0,1,1,000000000000000000000111111111,/home/zhupl25/chiplet_side_channel/chiplet_gds_data/power_macro/delay_chain/ftc/runs/b_fe_frontend/bfe14_arch1_benign_temp_drift/physical/seed_41025/t_+125C/source_hspice
41025,125,20,RISE,225,225,0,0,0,0,0,0,0,000000000000000000000111111111,/home/zhupl25/chiplet_side_channel/chiplet_gds_data/power_macro/delay_chain/ftc/runs/b_fe_frontend/bfe14_arch1_benign_temp_drift/physical/seed_41025/t_+125C/source_hspice
41025,125,21,FALL,225,204,21,21,0,0,0,1,1,000000000000000000000111111111,/home/zhupl25/chiplet_side_channel/chiplet_gds_data/power_macro/delay_chain/ftc/runs/b_fe_frontend/bfe14_arch1_benign_temp_drift/physical/seed_41025/t_+125C/source_hspice
41025,125,22,RISE,225,225,0,0,0,0,0,0,0,000000000000000000000111111111,/home/zhupl25/chiplet_side_channel/chiplet_gds_data/power_macro/delay_chain/ftc/runs/b_fe_frontend/bfe14_arch1_benign_temp_drift/physical/seed_41025/t_+125C/source_hspice
41025,125,23,FALL,225,204,21,21,0,0,0,1,1,000000000000000000000111111111,/home/zhupl25/chiplet_side_channel/chiplet_gds_data/power_macro/delay_chain/ftc/runs/b_fe_frontend/bfe14_arch1_benign_temp_drift/physical/seed_41025/t_+125C/source_hspice
41026,-40,0,RISE,159,164,-5,5,0,0,0,0,1,000000000000000000000000111111,/home/zhupl25/chiplet_side_channel/chiplet_gds_data/power_macro/delay_chain/ftc/runs/b_fe_frontend/bfe14_arch1_benign_temp_drift/physical/seed_41026/t_-040C/source_hspice
41026,-40,1,FALL,135,153,-18,18,0,0,0,1,1,000000000000000000000000011111,/home/zhupl25/chiplet_side_channel/chiplet_gds_data/power_macro/delay_chain/ftc/runs/b_fe_frontend/bfe14_arch1_benign_temp_drift/physical/seed_41026/t_-040C/source_hspice
41026,-40,2,RISE,159,164,-5,5,0,0,0,0,1,000000000000000000000000111111,/home/zhupl25/chiplet_side_channel/chiplet_gds_data/power_macro/delay_chain/ftc/runs/b_fe_frontend/bfe14_arch1_benign_temp_drift/physical/seed_41026/t_-040C/source_hspice
41026,-40,3,FALL,110,153,-43,43,0,0,1,1,1,000000000000000000000000001111,/home/zhupl25/chiplet_side_channel/chiplet_gds_data/power_macro/delay_chain/ftc/runs/b_fe_frontend/bfe14_arch1_benign_temp_drift/physical/seed_41026/t_-040C/source_hspice
41026,-40,4,RISE,159,164,-5,5,0,0,0,0,1,000000000000000000000000111111,/home/zhupl25/chiplet_side_channel/chiplet_gds_data/power_macro/delay_chain/ftc/runs/b_fe_frontend/bfe14_arch1_benign_temp_drift/physical/seed_41026/t_-040C/source_hspice
41026,-40,5,FALL,135,153,-18,18,0,0,0,1,1,000000000000000000000000011111,/home/zhupl25/chiplet_side_channel/chiplet_gds_data/power_macro/delay_chain/ftc/runs/b_fe_frontend/bfe14_arch1_benign_temp_drift/physical/seed_41026/t_-040C/source_hspice
41026,-40,6,RISE,135,164,-29,29,0,0,1,1,1,000000000000000000000000011111,/home/zhupl25/chiplet_side_channel/chiplet_gds_data/power_macro/delay_chain/ftc/runs/b_fe_frontend/bfe14_arch1_benign_temp_drift/physical/seed_41026/t_-040C/source_hspice
41026,-40,7,FALL,135,153,-18,18,0,0,0,1,1,000000000000000000000000011111,/home/zhupl25/chiplet_side_channel/chiplet_gds_data/power_macro/delay_chain/ftc/runs/b_fe_frontend/bfe14_arch1_benign_temp_drift/physical/seed_41026/t_-040C/source_hspice
41026,-40,8,RISE,135,164,-29,29,0,0,1,1,1,000000000000000000000000011111,/home/zhupl25/chiplet_side_channel/chiplet_gds_data/power_macro/delay_chain/ftc/runs/b_fe_frontend/bfe14_arch1_benign_temp_drift/physical/seed_41026/t_-040C/source_hspice
41026,-40,9,FALL,135,153,-18,18,0,0,0,1,1,000000000000000000000000011111,/home/zhupl25/chiplet_side_channel/chiplet_gds_data/power_macro/delay_chain/ftc/runs/b_fe_frontend/bfe14_arch1_benign_temp_drift/physical/seed_41026/t_-040C/source_hspice
41026,-40,10,RISE,159,164,-5,5,0,0,0,0,1,000000000000000000000000111111,/home/zhupl25/chiplet_side_channel/chiplet_gds_data/power_macro/delay_chain/ftc/runs/b_fe_frontend/bfe14_arch1_benign_temp_drift/physical/seed_41026/t_-040C/source_hspice
41026,-40,11,FALL,135,153,-18,18,0,0,0,1,1,000000000000000000000000011111,/home/zhupl25/chiplet_side_channel/chiplet_gds_data/power_macro/delay_chain/ftc/runs/b_fe_frontend/bfe14_arch1_benign_temp_drift/physical/seed_41026/t_-040C/source_hspice
41026,-40,12,RISE,135,164,-29,29,0,0,1,1,1,000000000000000000000000011111,/home/zhupl25/chiplet_side_channel/chiplet_gds_data/power_macro/delay_chain/ftc/runs/b_fe_frontend/bfe14_arch1_benign_temp_drift/physical/seed_41026/t_-040C/source_hspice
41026,-40,13,FALL,110,153,-43,43,0,0,1,1,1,000000000000000000000000001111,/home/zhupl25/chiplet_side_channel/chiplet_gds_data/power_macro/delay_chain/ftc/runs/b_fe_frontend/bfe14_arch1_benign_temp_drift/physical/seed_41026/t_-040C/source_hspice
41026,-40,14,RISE,159,164,-5,5,0,0,0,0,1,000000000000000000000000111111,/home/zhupl25/chiplet_side_channel/chiplet_gds_data/power_macro/delay_chain/ftc/runs/b_fe_frontend/bfe14_arch1_benign_temp_drift/physical/seed_41026/t_-040C/source_hspice
41026,-40,15,FALL,110,153,-43,43,0,0,1,1,1,000000000000000000000000001111,/home/zhupl25/chiplet_side_channel/chiplet_gds_data/power_macro/delay_chain/ftc/runs/b_fe_frontend/bfe14_arch1_benign_temp_drift/physical/seed_41026/t_-040C/source_hspice
41026,-40,16,RISE,135,164,-29,29,0,0,1,1,1,000000000000000000000000011111,/home/zhupl25/chiplet_side_channel/chiplet_gds_data/power_macro/delay_chain/ftc/runs/b_fe_frontend/bfe14_arch1_benign_temp_drift/physical/seed_41026/t_-040C/source_hspice
41026,-40,17,FALL,135,153,-18,18,0,0,0,1,1,000000000000000000000000011111,/home/zhupl25/chiplet_side_channel/chiplet_gds_data/power_macro/delay_chain/ftc/runs/b_fe_frontend/bfe14_arch1_benign_temp_drift/physical/seed_41026/t_-040C/source_hspice
41026,-40,18,RISE,135,164,-29,29,0,0,1,1,1,000000000000000000000000011111,/home/zhupl25/chiplet_side_channel/chiplet_gds_data/power_macro/delay_chain/ftc/runs/b_fe_frontend/bfe14_arch1_benign_temp_drift/physical/seed_41026/t_-040C/source_hspice
41026,-40,19,FALL,135,153,-18,18,0,0,0,1,1,000000000000000000000000011111,/home/zhupl25/chiplet_side_channel/chiplet_gds_data/power_macro/delay_chain/ftc/runs/b_fe_frontend/bfe14_arch1_benign_temp_drift/physical/seed_41026/t_-040C/source_hspice
41026,-40,20,RISE,135,164,-29,29,0,0,1,1,1,000000000000000000000000011111,/home/zhupl25/chiplet_side_channel/chiplet_gds_data/power_macro/delay_chain/ftc/runs/b_fe_frontend/bfe14_arch1_benign_temp_drift/physical/seed_41026/t_-040C/source_hspice
41026,-40,21,FALL,110,153,-43,43,0,0,1,1,1,000000000000000000000000001111,/home/zhupl25/chiplet_side_channel/chiplet_gds_data/power_macro/delay_chain/ftc/runs/b_fe_frontend/bfe14_arch1_benign_temp_drift/physical/seed_41026/t_-040C/source_hspice
41026,-40,22,RISE,159,164,-5,5,0,0,0,0,1,000000000000000000000000111111,/home/zhupl25/chiplet_side_channel/chiplet_gds_data/power_macro/delay_chain/ftc/runs/b_fe_frontend/bfe14_arch1_benign_temp_drift/physical/seed_41026/t_-040C/source_hspice
41026,-40,23,FALL,135,153,-18,18,0,0,0,1,1,000000000000000000000000011111,/home/zhupl25/chiplet_side_channel/chiplet_gds_data/power_macro/delay_chain/ftc/runs/b_fe_frontend/bfe14_arch1_benign_temp_drift/physical/seed_41026/t_-040C/source_hspice
41026,125,0,RISE,182,164,18,18,0,0,0,1,1,000000000000000000000001111111,/home/zhupl25/chiplet_side_channel/chiplet_gds_data/power_macro/delay_chain/ftc/runs/b_fe_frontend/bfe14_arch1_benign_temp_drift/physical/seed_41026/t_+125C/source_hspice
41026,125,1,FALL,182,153,29,29,0,0,1,1,1,000000000000000000000001111111,/home/zhupl25/chiplet_side_channel/chiplet_gds_data/power_macro/delay_chain/ftc/runs/b_fe_frontend/bfe14_arch1_benign_temp_drift/physical/seed_41026/t_+125C/source_hspice
41026,125,2,RISE,182,164,18,18,0,0,0,1,1,000000000000000000000001111111,/home/zhupl25/chiplet_side_channel/chiplet_gds_data/power_macro/delay_chain/ftc/runs/b_fe_frontend/bfe14_arch1_benign_temp_drift/physical/seed_41026/t_+125C/source_hspice
41026,125,3,FALL,182,153,29,29,0,0,1,1,1,000000000000000000000001111111,/home/zhupl25/chiplet_side_channel/chiplet_gds_data/power_macro/delay_chain/ftc/runs/b_fe_frontend/bfe14_arch1_benign_temp_drift/physical/seed_41026/t_+125C/source_hspice
41026,125,4,RISE,204,164,40,40,1,1,1,1,1,000000000000000000000011111111,/home/zhupl25/chiplet_side_channel/chiplet_gds_data/power_macro/delay_chain/ftc/runs/b_fe_frontend/bfe14_arch1_benign_temp_drift/physical/seed_41026/t_+125C/source_hspice
41026,125,5,FALL,182,153,29,29,0,0,1,1,1,000000000000000000000001111111,/home/zhupl25/chiplet_side_channel/chiplet_gds_data/power_macro/delay_chain/ftc/runs/b_fe_frontend/bfe14_arch1_benign_temp_drift/physical/seed_41026/t_+125C/source_hspice
41026,125,6,RISE,182,164,18,18,0,0,0,1,1,000000000000000000000001111111,/home/zhupl25/chiplet_side_channel/chiplet_gds_data/power_macro/delay_chain/ftc/runs/b_fe_frontend/bfe14_arch1_benign_temp_drift/physical/seed_41026/t_+125C/source_hspice
41026,125,7,FALL,182,153,29,29,0,0,1,1,1,000000000000000000000001111111,/home/zhupl25/chiplet_side_channel/chiplet_gds_data/power_macro/delay_chain/ftc/runs/b_fe_frontend/bfe14_arch1_benign_temp_drift/physical/seed_41026/t_+125C/source_hspice
41026,125,8,RISE,182,164,18,18,0,0,0,1,1,000000000000000000000001111111,/home/zhupl25/chiplet_side_channel/chiplet_gds_data/power_macro/delay_chain/ftc/runs/b_fe_frontend/bfe14_arch1_benign_temp_drift/physical/seed_41026/t_+125C/source_hspice
41026,125,9,FALL,182,153,29,29,0,0,1,1,1,000000000000000000000001111111,/home/zhupl25/chiplet_side_channel/chiplet_gds_data/power_macro/delay_chain/ftc/runs/b_fe_frontend/bfe14_arch1_benign_temp_drift/physical/seed_41026/t_+125C/source_hspice
41026,125,10,RISE,204,164,40,40,1,1,1,1,1,000000000000000000000011111111,/home/zhupl25/chiplet_side_channel/chiplet_gds_data/power_macro/delay_chain/ftc/runs/b_fe_frontend/bfe14_arch1_benign_temp_drift/physical/seed_41026/t_+125C/source_hspice
41026,125,11,FALL,182,153,29,29,0,0,1,1,1,000000000000000000000001111111,/home/zhupl25/chiplet_side_channel/chiplet_gds_data/power_macro/delay_chain/ftc/runs/b_fe_frontend/bfe14_arch1_benign_temp_drift/physical/seed_41026/t_+125C/source_hspice
41026,125,12,RISE,182,164,18,18,0,0,0,1,1,000000000000000000000001111111,/home/zhupl25/chiplet_side_channel/chiplet_gds_data/power_macro/delay_chain/ftc/runs/b_fe_frontend/bfe14_arch1_benign_temp_drift/physical/seed_41026/t_+125C/source_hspice
41026,125,13,FALL,182,153,29,29,0,0,1,1,1,000000000000000000000001111111,/home/zhupl25/chiplet_side_channel/chiplet_gds_data/power_macro/delay_chain/ftc/runs/b_fe_frontend/bfe14_arch1_benign_temp_drift/physical/seed_41026/t_+125C/source_hspice
41026,125,14,RISE,182,164,18,18,0,0,0,1,1,000000000000000000000001111111,/home/zhupl25/chiplet_side_channel/chiplet_gds_data/power_macro/delay_chain/ftc/runs/b_fe_frontend/bfe14_arch1_benign_temp_drift/physical/seed_41026/t_+125C/source_hspice
41026,125,15,FALL,182,153,29,29,0,0,1,1,1,000000000000000000000001111111,/home/zhupl25/chiplet_side_channel/chiplet_gds_data/power_macro/delay_chain/ftc/runs/b_fe_frontend/bfe14_arch1_benign_temp_drift/physical/seed_41026/t_+125C/source_hspice
41026,125,16,RISE,182,164,18,18,0,0,0,1,1,000000000000000000000001111111,/home/zhupl25/chiplet_side_channel/chiplet_gds_data/power_macro/delay_chain/ftc/runs/b_fe_frontend/bfe14_arch1_benign_temp_drift/physical/seed_41026/t_+125C/source_hspice
41026,125,17,FALL,182,153,29,29,0,0,1,1,1,000000000000000000000001111111,/home/zhupl25/chiplet_side_channel/chiplet_gds_data/power_macro/delay_chain/ftc/runs/b_fe_frontend/bfe14_arch1_benign_temp_drift/physical/seed_41026/t_+125C/source_hspice
41026,125,18,RISE,182,164,18,18,0,0,0,1,1,000000000000000000000001111111,/home/zhupl25/chiplet_side_channel/chiplet_gds_data/power_macro/delay_chain/ftc/runs/b_fe_frontend/bfe14_arch1_benign_temp_drift/physical/seed_41026/t_+125C/source_hspice
41026,125,19,FALL,182,153,29,29,0,0,1,1,1,000000000000000000000001111111,/home/zhupl25/chiplet_side_channel/chiplet_gds_data/power_macro/delay_chain/ftc/runs/b_fe_frontend/bfe14_arch1_benign_temp_drift/physical/seed_41026/t_+125C/source_hspice
41026,125,20,RISE,182,164,18,18,0,0,0,1,1,000000000000000000000001111111,/home/zhupl25/chiplet_side_channel/chiplet_gds_data/power_macro/delay_chain/ftc/runs/b_fe_frontend/bfe14_arch1_benign_temp_drift/physical/seed_41026/t_+125C/source_hspice
41026,125,21,FALL,182,153,29,29,0,0,1,1,1,000000000000000000000001111111,/home/zhupl25/chiplet_side_channel/chiplet_gds_data/power_macro/delay_chain/ftc/runs/b_fe_frontend/bfe14_arch1_benign_temp_drift/physical/seed_41026/t_+125C/source_hspice
41026,125,22,RISE,204,164,40,40,1,1,1,1,1,000000000000000000000011111111,/home/zhupl25/chiplet_side_channel/chiplet_gds_data/power_macro/delay_chain/ftc/runs/b_fe_frontend/bfe14_arch1_benign_temp_drift/physical/seed_41026/t_+125C/source_hspice
41026,125,23,FALL,182,153,29,29,0,0,1,1,1,000000000000000000000001111111,/home/zhupl25/chiplet_side_channel/chiplet_gds_data/power_macro/delay_chain/ftc/runs/b_fe_frontend/bfe14_arch1_benign_temp_drift/physical/seed_41026/t_+125C/source_hspice
41027,-40,0,RISE,135,153,-18,18,0,0,0,1,1,000000000000000000000000011111,/home/zhupl25/chiplet_side_channel/chiplet_gds_data/power_macro/delay_chain/ftc/runs/b_fe_frontend/bfe14_arch1_benign_temp_drift/physical/seed_41027/t_-040C/source_hspice
41027,-40,1,FALL,110,135,-25,25,0,0,1,1,1,000000000000000000000000001111,/home/zhupl25/chiplet_side_channel/chiplet_gds_data/power_macro/delay_chain/ftc/runs/b_fe_frontend/bfe14_arch1_benign_temp_drift/physical/seed_41027/t_-040C/source_hspice
41027,-40,2,RISE,135,153,-18,18,0,0,0,1,1,000000000000000000000000011111,/home/zhupl25/chiplet_side_channel/chiplet_gds_data/power_macro/delay_chain/ftc/runs/b_fe_frontend/bfe14_arch1_benign_temp_drift/physical/seed_41027/t_-040C/source_hspice
41027,-40,3,FALL,110,135,-25,25,0,0,1,1,1,000000000000000000000000001111,/home/zhupl25/chiplet_side_channel/chiplet_gds_data/power_macro/delay_chain/ftc/runs/b_fe_frontend/bfe14_arch1_benign_temp_drift/physical/seed_41027/t_-040C/source_hspice
41027,-40,4,RISE,135,153,-18,18,0,0,0,1,1,000000000000000000000000011111,/home/zhupl25/chiplet_side_channel/chiplet_gds_data/power_macro/delay_chain/ftc/runs/b_fe_frontend/bfe14_arch1_benign_temp_drift/physical/seed_41027/t_-040C/source_hspice
41027,-40,5,FALL,110,135,-25,25,0,0,1,1,1,000000000000000000000000001111,/home/zhupl25/chiplet_side_channel/chiplet_gds_data/power_macro/delay_chain/ftc/runs/b_fe_frontend/bfe14_arch1_benign_temp_drift/physical/seed_41027/t_-040C/source_hspice
41027,-40,6,RISE,135,153,-18,18,0,0,0,1,1,000000000000000000000000011111,/home/zhupl25/chiplet_side_channel/chiplet_gds_data/power_macro/delay_chain/ftc/runs/b_fe_frontend/bfe14_arch1_benign_temp_drift/physical/seed_41027/t_-040C/source_hspice
41027,-40,7,FALL,110,135,-25,25,0,0,1,1,1,000000000000000000000000001111,/home/zhupl25/chiplet_side_channel/chiplet_gds_data/power_macro/delay_chain/ftc/runs/b_fe_frontend/bfe14_arch1_benign_temp_drift/physical/seed_41027/t_-040C/source_hspice
41027,-40,8,RISE,135,153,-18,18,0,0,0,1,1,000000000000000000000000011111,/home/zhupl25/chiplet_side_channel/chiplet_gds_data/power_macro/delay_chain/ftc/runs/b_fe_frontend/bfe14_arch1_benign_temp_drift/physical/seed_41027/t_-040C/source_hspice
41027,-40,9,FALL,110,135,-25,25,0,0,1,1,1,000000000000000000000000001111,/home/zhupl25/chiplet_side_channel/chiplet_gds_data/power_macro/delay_chain/ftc/runs/b_fe_frontend/bfe14_arch1_benign_temp_drift/physical/seed_41027/t_-040C/source_hspice
41027,-40,10,RISE,135,153,-18,18,0,0,0,1,1,000000000000000000000000011111,/home/zhupl25/chiplet_side_channel/chiplet_gds_data/power_macro/delay_chain/ftc/runs/b_fe_frontend/bfe14_arch1_benign_temp_drift/physical/seed_41027/t_-040C/source_hspice
41027,-40,11,FALL,110,135,-25,25,0,0,1,1,1,000000000000000000000000001111,/home/zhupl25/chiplet_side_channel/chiplet_gds_data/power_macro/delay_chain/ftc/runs/b_fe_frontend/bfe14_arch1_benign_temp_drift/physical/seed_41027/t_-040C/source_hspice
41027,-40,12,RISE,135,153,-18,18,0,0,0,1,1,000000000000000000000000011111,/home/zhupl25/chiplet_side_channel/chiplet_gds_data/power_macro/delay_chain/ftc/runs/b_fe_frontend/bfe14_arch1_benign_temp_drift/physical/seed_41027/t_-040C/source_hspice
41027,-40,13,FALL,110,135,-25,25,0,0,1,1,1,000000000000000000000000001111,/home/zhupl25/chiplet_side_channel/chiplet_gds_data/power_macro/delay_chain/ftc/runs/b_fe_frontend/bfe14_arch1_benign_temp_drift/physical/seed_41027/t_-040C/source_hspice
41027,-40,14,RISE,135,153,-18,18,0,0,0,1,1,000000000000000000000000011111,/home/zhupl25/chiplet_side_channel/chiplet_gds_data/power_macro/delay_chain/ftc/runs/b_fe_frontend/bfe14_arch1_benign_temp_drift/physical/seed_41027/t_-040C/source_hspice
41027,-40,15,FALL,110,135,-25,25,0,0,1,1,1,000000000000000000000000001111,/home/zhupl25/chiplet_side_channel/chiplet_gds_data/power_macro/delay_chain/ftc/runs/b_fe_frontend/bfe14_arch1_benign_temp_drift/physical/seed_41027/t_-040C/source_hspice
41027,-40,16,RISE,135,153,-18,18,0,0,0,1,1,000000000000000000000000011111,/home/zhupl25/chiplet_side_channel/chiplet_gds_data/power_macro/delay_chain/ftc/runs/b_fe_frontend/bfe14_arch1_benign_temp_drift/physical/seed_41027/t_-040C/source_hspice
41027,-40,17,FALL,110,135,-25,25,0,0,1,1,1,000000000000000000000000001111,/home/zhupl25/chiplet_side_channel/chiplet_gds_data/power_macro/delay_chain/ftc/runs/b_fe_frontend/bfe14_arch1_benign_temp_drift/physical/seed_41027/t_-040C/source_hspice
41027,-40,18,RISE,135,153,-18,18,0,0,0,1,1,000000000000000000000000011111,/home/zhupl25/chiplet_side_channel/chiplet_gds_data/power_macro/delay_chain/ftc/runs/b_fe_frontend/bfe14_arch1_benign_temp_drift/physical/seed_41027/t_-040C/source_hspice
41027,-40,19,FALL,110,135,-25,25,0,0,1,1,1,000000000000000000000000001111,/home/zhupl25/chiplet_side_channel/chiplet_gds_data/power_macro/delay_chain/ftc/runs/b_fe_frontend/bfe14_arch1_benign_temp_drift/physical/seed_41027/t_-040C/source_hspice
41027,-40,20,RISE,135,153,-18,18,0,0,0,1,1,000000000000000000000000011111,/home/zhupl25/chiplet_side_channel/chiplet_gds_data/power_macro/delay_chain/ftc/runs/b_fe_frontend/bfe14_arch1_benign_temp_drift/physical/seed_41027/t_-040C/source_hspice
41027,-40,21,FALL,84,135,-51,51,0,0,1,1,1,000000000000000000000000000111,/home/zhupl25/chiplet_side_channel/chiplet_gds_data/power_macro/delay_chain/ftc/runs/b_fe_frontend/bfe14_arch1_benign_temp_drift/physical/seed_41027/t_-040C/source_hspice
41027,-40,22,RISE,135,153,-18,18,0,0,0,1,1,000000000000000000000000011111,/home/zhupl25/chiplet_side_channel/chiplet_gds_data/power_macro/delay_chain/ftc/runs/b_fe_frontend/bfe14_arch1_benign_temp_drift/physical/seed_41027/t_-040C/source_hspice
41027,-40,23,FALL,110,135,-25,25,0,0,1,1,1,000000000000000000000000001111,/home/zhupl25/chiplet_side_channel/chiplet_gds_data/power_macro/delay_chain/ftc/runs/b_fe_frontend/bfe14_arch1_benign_temp_drift/physical/seed_41027/t_-040C/source_hspice
41027,125,0,RISE,182,153,29,29,1,1,1,1,1,000000000000000000000001111111,/home/zhupl25/chiplet_side_channel/chiplet_gds_data/power_macro/delay_chain/ftc/runs/b_fe_frontend/bfe14_arch1_benign_temp_drift/physical/seed_41027/t_+125C/source_hspice
41027,125,1,FALL,159,135,24,24,0,0,0,1,1,000000000000000000000000111111,/home/zhupl25/chiplet_side_channel/chiplet_gds_data/power_macro/delay_chain/ftc/runs/b_fe_frontend/bfe14_arch1_benign_temp_drift/physical/seed_41027/t_+125C/source_hspice
41027,125,2,RISE,182,153,29,29,1,1,1,1,1,000000000000000000000001111111,/home/zhupl25/chiplet_side_channel/chiplet_gds_data/power_macro/delay_chain/ftc/runs/b_fe_frontend/bfe14_arch1_benign_temp_drift/physical/seed_41027/t_+125C/source_hspice
41027,125,3,FALL,159,135,24,24,0,0,0,1,1,000000000000000000000000111111,/home/zhupl25/chiplet_side_channel/chiplet_gds_data/power_macro/delay_chain/ftc/runs/b_fe_frontend/bfe14_arch1_benign_temp_drift/physical/seed_41027/t_+125C/source_hspice
41027,125,4,RISE,182,153,29,29,1,1,1,1,1,000000000000000000000001111111,/home/zhupl25/chiplet_side_channel/chiplet_gds_data/power_macro/delay_chain/ftc/runs/b_fe_frontend/bfe14_arch1_benign_temp_drift/physical/seed_41027/t_+125C/source_hspice
41027,125,5,FALL,159,135,24,24,0,0,0,1,1,000000000000000000000000111111,/home/zhupl25/chiplet_side_channel/chiplet_gds_data/power_macro/delay_chain/ftc/runs/b_fe_frontend/bfe14_arch1_benign_temp_drift/physical/seed_41027/t_+125C/source_hspice
41027,125,6,RISE,182,153,29,29,1,1,1,1,1,000000000000000000000001111111,/home/zhupl25/chiplet_side_channel/chiplet_gds_data/power_macro/delay_chain/ftc/runs/b_fe_frontend/bfe14_arch1_benign_temp_drift/physical/seed_41027/t_+125C/source_hspice
41027,125,7,FALL,159,135,24,24,0,0,0,1,1,000000000000000000000000111111,/home/zhupl25/chiplet_side_channel/chiplet_gds_data/power_macro/delay_chain/ftc/runs/b_fe_frontend/bfe14_arch1_benign_temp_drift/physical/seed_41027/t_+125C/source_hspice
41027,125,8,RISE,182,153,29,29,1,1,1,1,1,000000000000000000000001111111,/home/zhupl25/chiplet_side_channel/chiplet_gds_data/power_macro/delay_chain/ftc/runs/b_fe_frontend/bfe14_arch1_benign_temp_drift/physical/seed_41027/t_+125C/source_hspice
41027,125,9,FALL,159,135,24,24,0,0,0,1,1,000000000000000000000000111111,/home/zhupl25/chiplet_side_channel/chiplet_gds_data/power_macro/delay_chain/ftc/runs/b_fe_frontend/bfe14_arch1_benign_temp_drift/physical/seed_41027/t_+125C/source_hspice
41027,125,10,RISE,182,153,29,29,1,1,1,1,1,000000000000000000000001111111,/home/zhupl25/chiplet_side_channel/chiplet_gds_data/power_macro/delay_chain/ftc/runs/b_fe_frontend/bfe14_arch1_benign_temp_drift/physical/seed_41027/t_+125C/source_hspice
41027,125,11,FALL,159,135,24,24,0,0,0,1,1,000000000000000000000000111111,/home/zhupl25/chiplet_side_channel/chiplet_gds_data/power_macro/delay_chain/ftc/runs/b_fe_frontend/bfe14_arch1_benign_temp_drift/physical/seed_41027/t_+125C/source_hspice
41027,125,12,RISE,159,153,6,6,0,0,0,1,1,000000000000000000000000111111,/home/zhupl25/chiplet_side_channel/chiplet_gds_data/power_macro/delay_chain/ftc/runs/b_fe_frontend/bfe14_arch1_benign_temp_drift/physical/seed_41027/t_+125C/source_hspice
41027,125,13,FALL,159,135,24,24,0,0,0,1,1,000000000000000000000000111111,/home/zhupl25/chiplet_side_channel/chiplet_gds_data/power_macro/delay_chain/ftc/runs/b_fe_frontend/bfe14_arch1_benign_temp_drift/physical/seed_41027/t_+125C/source_hspice
41027,125,14,RISE,182,153,29,29,1,1,1,1,1,000000000000000000000001111111,/home/zhupl25/chiplet_side_channel/chiplet_gds_data/power_macro/delay_chain/ftc/runs/b_fe_frontend/bfe14_arch1_benign_temp_drift/physical/seed_41027/t_+125C/source_hspice
41027,125,15,FALL,159,135,24,24,0,0,0,1,1,000000000000000000000000111111,/home/zhupl25/chiplet_side_channel/chiplet_gds_data/power_macro/delay_chain/ftc/runs/b_fe_frontend/bfe14_arch1_benign_temp_drift/physical/seed_41027/t_+125C/source_hspice
41027,125,16,RISE,182,153,29,29,1,1,1,1,1,000000000000000000000001111111,/home/zhupl25/chiplet_side_channel/chiplet_gds_data/power_macro/delay_chain/ftc/runs/b_fe_frontend/bfe14_arch1_benign_temp_drift/physical/seed_41027/t_+125C/source_hspice
41027,125,17,FALL,159,135,24,24,0,0,0,1,1,000000000000000000000000111111,/home/zhupl25/chiplet_side_channel/chiplet_gds_data/power_macro/delay_chain/ftc/runs/b_fe_frontend/bfe14_arch1_benign_temp_drift/physical/seed_41027/t_+125C/source_hspice
41027,125,18,RISE,182,153,29,29,1,1,1,1,1,000000000000000000000001111111,/home/zhupl25/chiplet_side_channel/chiplet_gds_data/power_macro/delay_chain/ftc/runs/b_fe_frontend/bfe14_arch1_benign_temp_drift/physical/seed_41027/t_+125C/source_hspice
41027,125,19,FALL,159,135,24,24,0,0,0,1,1,000000000000000000000000111111,/home/zhupl25/chiplet_side_channel/chiplet_gds_data/power_macro/delay_chain/ftc/runs/b_fe_frontend/bfe14_arch1_benign_temp_drift/physical/seed_41027/t_+125C/source_hspice
41027,125,20,RISE,159,153,6,6,0,0,0,1,1,000000000000000000000000111111,/home/zhupl25/chiplet_side_channel/chiplet_gds_data/power_macro/delay_chain/ftc/runs/b_fe_frontend/bfe14_arch1_benign_temp_drift/physical/seed_41027/t_+125C/source_hspice
41027,125,21,FALL,159,135,24,24,0,0,0,1,1,000000000000000000000000111111,/home/zhupl25/chiplet_side_channel/chiplet_gds_data/power_macro/delay_chain/ftc/runs/b_fe_frontend/bfe14_arch1_benign_temp_drift/physical/seed_41027/t_+125C/source_hspice
41027,125,22,RISE,182,153,29,29,1,1,1,1,1,000000000000000000000001111111,/home/zhupl25/chiplet_side_channel/chiplet_gds_data/power_macro/delay_chain/ftc/runs/b_fe_frontend/bfe14_arch1_benign_temp_drift/physical/seed_41027/t_+125C/source_hspice
41027,125,23,FALL,159,135,24,24,0,0,0,1,1,000000000000000000000000111111,/home/zhupl25/chiplet_side_channel/chiplet_gds_data/power_macro/delay_chain/ftc/runs/b_fe_frontend/bfe14_arch1_benign_temp_drift/physical/seed_41027/t_+125C/source_hspice
41028,-40,0,RISE,182,204,-22,22,0,0,0,1,1,000000000000000000000001111111,/home/zhupl25/chiplet_side_channel/chiplet_gds_data/power_macro/delay_chain/ftc/runs/b_fe_frontend/bfe14_arch1_benign_temp_drift/physical/seed_41028/t_-040C/source_hspice
41028,-40,1,FALL,159,176,-17,17,0,0,0,1,1,000000000000000000000000111111,/home/zhupl25/chiplet_side_channel/chiplet_gds_data/power_macro/delay_chain/ftc/runs/b_fe_frontend/bfe14_arch1_benign_temp_drift/physical/seed_41028/t_-040C/source_hspice
41028,-40,2,RISE,182,204,-22,22,0,0,0,1,1,000000000000000000000001111111,/home/zhupl25/chiplet_side_channel/chiplet_gds_data/power_macro/delay_chain/ftc/runs/b_fe_frontend/bfe14_arch1_benign_temp_drift/physical/seed_41028/t_-040C/source_hspice
41028,-40,3,FALL,159,176,-17,17,0,0,0,1,1,000000000000000000000000111111,/home/zhupl25/chiplet_side_channel/chiplet_gds_data/power_macro/delay_chain/ftc/runs/b_fe_frontend/bfe14_arch1_benign_temp_drift/physical/seed_41028/t_-040C/source_hspice
41028,-40,4,RISE,204,204,0,0,0,0,0,0,0,000000000000000000000011111111,/home/zhupl25/chiplet_side_channel/chiplet_gds_data/power_macro/delay_chain/ftc/runs/b_fe_frontend/bfe14_arch1_benign_temp_drift/physical/seed_41028/t_-040C/source_hspice
41028,-40,5,FALL,159,176,-17,17,0,0,0,1,1,000000000000000000000000111111,/home/zhupl25/chiplet_side_channel/chiplet_gds_data/power_macro/delay_chain/ftc/runs/b_fe_frontend/bfe14_arch1_benign_temp_drift/physical/seed_41028/t_-040C/source_hspice
41028,-40,6,RISE,182,204,-22,22,0,0,0,1,1,000000000000000000000001111111,/home/zhupl25/chiplet_side_channel/chiplet_gds_data/power_macro/delay_chain/ftc/runs/b_fe_frontend/bfe14_arch1_benign_temp_drift/physical/seed_41028/t_-040C/source_hspice
41028,-40,7,FALL,159,176,-17,17,0,0,0,1,1,000000000000000000000000111111,/home/zhupl25/chiplet_side_channel/chiplet_gds_data/power_macro/delay_chain/ftc/runs/b_fe_frontend/bfe14_arch1_benign_temp_drift/physical/seed_41028/t_-040C/source_hspice
41028,-40,8,RISE,182,204,-22,22,0,0,0,1,1,000000000000000000000001111111,/home/zhupl25/chiplet_side_channel/chiplet_gds_data/power_macro/delay_chain/ftc/runs/b_fe_frontend/bfe14_arch1_benign_temp_drift/physical/seed_41028/t_-040C/source_hspice
41028,-40,9,FALL,159,176,-17,17,0,0,0,1,1,000000000000000000000000111111,/home/zhupl25/chiplet_side_channel/chiplet_gds_data/power_macro/delay_chain/ftc/runs/b_fe_frontend/bfe14_arch1_benign_temp_drift/physical/seed_41028/t_-040C/source_hspice
41028,-40,10,RISE,182,204,-22,22,0,0,0,1,1,000000000000000000000001111111,/home/zhupl25/chiplet_side_channel/chiplet_gds_data/power_macro/delay_chain/ftc/runs/b_fe_frontend/bfe14_arch1_benign_temp_drift/physical/seed_41028/t_-040C/source_hspice
41028,-40,11,FALL,159,176,-17,17,0,0,0,1,1,000000000000000000000000111111,/home/zhupl25/chiplet_side_channel/chiplet_gds_data/power_macro/delay_chain/ftc/runs/b_fe_frontend/bfe14_arch1_benign_temp_drift/physical/seed_41028/t_-040C/source_hspice
41028,-40,12,RISE,182,204,-22,22,0,0,0,1,1,000000000000000000000001111111,/home/zhupl25/chiplet_side_channel/chiplet_gds_data/power_macro/delay_chain/ftc/runs/b_fe_frontend/bfe14_arch1_benign_temp_drift/physical/seed_41028/t_-040C/source_hspice
41028,-40,13,FALL,159,176,-17,17,0,0,0,1,1,000000000000000000000000111111,/home/zhupl25/chiplet_side_channel/chiplet_gds_data/power_macro/delay_chain/ftc/runs/b_fe_frontend/bfe14_arch1_benign_temp_drift/physical/seed_41028/t_-040C/source_hspice
41028,-40,14,RISE,182,204,-22,22,0,0,0,1,1,000000000000000000000001111111,/home/zhupl25/chiplet_side_channel/chiplet_gds_data/power_macro/delay_chain/ftc/runs/b_fe_frontend/bfe14_arch1_benign_temp_drift/physical/seed_41028/t_-040C/source_hspice
41028,-40,15,FALL,159,176,-17,17,0,0,0,1,1,000000000000000000000000111111,/home/zhupl25/chiplet_side_channel/chiplet_gds_data/power_macro/delay_chain/ftc/runs/b_fe_frontend/bfe14_arch1_benign_temp_drift/physical/seed_41028/t_-040C/source_hspice
41028,-40,16,RISE,182,204,-22,22,0,0,0,1,1,000000000000000000000001111111,/home/zhupl25/chiplet_side_channel/chiplet_gds_data/power_macro/delay_chain/ftc/runs/b_fe_frontend/bfe14_arch1_benign_temp_drift/physical/seed_41028/t_-040C/source_hspice
41028,-40,17,FALL,159,176,-17,17,0,0,0,1,1,000000000000000000000000111111,/home/zhupl25/chiplet_side_channel/chiplet_gds_data/power_macro/delay_chain/ftc/runs/b_fe_frontend/bfe14_arch1_benign_temp_drift/physical/seed_41028/t_-040C/source_hspice
41028,-40,18,RISE,182,204,-22,22,0,0,0,1,1,000000000000000000000001111111,/home/zhupl25/chiplet_side_channel/chiplet_gds_data/power_macro/delay_chain/ftc/runs/b_fe_frontend/bfe14_arch1_benign_temp_drift/physical/seed_41028/t_-040C/source_hspice
41028,-40,19,FALL,159,176,-17,17,0,0,0,1,1,000000000000000000000000111111,/home/zhupl25/chiplet_side_channel/chiplet_gds_data/power_macro/delay_chain/ftc/runs/b_fe_frontend/bfe14_arch1_benign_temp_drift/physical/seed_41028/t_-040C/source_hspice
41028,-40,20,RISE,182,204,-22,22,0,0,0,1,1,000000000000000000000001111111,/home/zhupl25/chiplet_side_channel/chiplet_gds_data/power_macro/delay_chain/ftc/runs/b_fe_frontend/bfe14_arch1_benign_temp_drift/physical/seed_41028/t_-040C/source_hspice
41028,-40,21,FALL,135,176,-41,41,0,0,1,1,1,000000000000000000000000011111,/home/zhupl25/chiplet_side_channel/chiplet_gds_data/power_macro/delay_chain/ftc/runs/b_fe_frontend/bfe14_arch1_benign_temp_drift/physical/seed_41028/t_-040C/source_hspice
41028,-40,22,RISE,182,204,-22,22,0,0,0,1,1,000000000000000000000001111111,/home/zhupl25/chiplet_side_channel/chiplet_gds_data/power_macro/delay_chain/ftc/runs/b_fe_frontend/bfe14_arch1_benign_temp_drift/physical/seed_41028/t_-040C/source_hspice
41028,-40,23,FALL,159,176,-17,17,0,0,0,1,1,000000000000000000000000111111,/home/zhupl25/chiplet_side_channel/chiplet_gds_data/power_macro/delay_chain/ftc/runs/b_fe_frontend/bfe14_arch1_benign_temp_drift/physical/seed_41028/t_-040C/source_hspice
41028,125,0,RISE,225,204,21,21,1,1,0,1,1,000000000000000000000111111111,/home/zhupl25/chiplet_side_channel/chiplet_gds_data/power_macro/delay_chain/ftc/runs/b_fe_frontend/bfe14_arch1_benign_temp_drift/physical/seed_41028/t_+125C/source_hspice
41028,125,1,FALL,204,176,28,28,0,0,1,1,1,000000000000000000000011111111,/home/zhupl25/chiplet_side_channel/chiplet_gds_data/power_macro/delay_chain/ftc/runs/b_fe_frontend/bfe14_arch1_benign_temp_drift/physical/seed_41028/t_+125C/source_hspice
41028,125,2,RISE,225,204,21,21,1,1,0,1,1,000000000000000000000111111111,/home/zhupl25/chiplet_side_channel/chiplet_gds_data/power_macro/delay_chain/ftc/runs/b_fe_frontend/bfe14_arch1_benign_temp_drift/physical/seed_41028/t_+125C/source_hspice
41028,125,3,FALL,204,176,28,28,0,0,1,1,1,000000000000000000000011111111,/home/zhupl25/chiplet_side_channel/chiplet_gds_data/power_macro/delay_chain/ftc/runs/b_fe_frontend/bfe14_arch1_benign_temp_drift/physical/seed_41028/t_+125C/source_hspice
41028,125,4,RISE,225,204,21,21,1,1,0,1,1,000000000000000000000111111111,/home/zhupl25/chiplet_side_channel/chiplet_gds_data/power_macro/delay_chain/ftc/runs/b_fe_frontend/bfe14_arch1_benign_temp_drift/physical/seed_41028/t_+125C/source_hspice
41028,125,5,FALL,204,176,28,28,0,0,1,1,1,000000000000000000000011111111,/home/zhupl25/chiplet_side_channel/chiplet_gds_data/power_macro/delay_chain/ftc/runs/b_fe_frontend/bfe14_arch1_benign_temp_drift/physical/seed_41028/t_+125C/source_hspice
41028,125,6,RISE,225,204,21,21,1,1,0,1,1,000000000000000000000111111111,/home/zhupl25/chiplet_side_channel/chiplet_gds_data/power_macro/delay_chain/ftc/runs/b_fe_frontend/bfe14_arch1_benign_temp_drift/physical/seed_41028/t_+125C/source_hspice
41028,125,7,FALL,204,176,28,28,0,0,1,1,1,000000000000000000000011111111,/home/zhupl25/chiplet_side_channel/chiplet_gds_data/power_macro/delay_chain/ftc/runs/b_fe_frontend/bfe14_arch1_benign_temp_drift/physical/seed_41028/t_+125C/source_hspice
41028,125,8,RISE,225,204,21,21,1,1,0,1,1,000000000000000000000111111111,/home/zhupl25/chiplet_side_channel/chiplet_gds_data/power_macro/delay_chain/ftc/runs/b_fe_frontend/bfe14_arch1_benign_temp_drift/physical/seed_41028/t_+125C/source_hspice
41028,125,9,FALL,204,176,28,28,0,0,1,1,1,000000000000000000000011111111,/home/zhupl25/chiplet_side_channel/chiplet_gds_data/power_macro/delay_chain/ftc/runs/b_fe_frontend/bfe14_arch1_benign_temp_drift/physical/seed_41028/t_+125C/source_hspice
41028,125,10,RISE,225,204,21,21,1,1,0,1,1,000000000000000000000111111111,/home/zhupl25/chiplet_side_channel/chiplet_gds_data/power_macro/delay_chain/ftc/runs/b_fe_frontend/bfe14_arch1_benign_temp_drift/physical/seed_41028/t_+125C/source_hspice
41028,125,11,FALL,204,176,28,28,0,0,1,1,1,000000000000000000000011111111,/home/zhupl25/chiplet_side_channel/chiplet_gds_data/power_macro/delay_chain/ftc/runs/b_fe_frontend/bfe14_arch1_benign_temp_drift/physical/seed_41028/t_+125C/source_hspice
41028,125,12,RISE,225,204,21,21,1,1,0,1,1,000000000000000000000111111111,/home/zhupl25/chiplet_side_channel/chiplet_gds_data/power_macro/delay_chain/ftc/runs/b_fe_frontend/bfe14_arch1_benign_temp_drift/physical/seed_41028/t_+125C/source_hspice
41028,125,13,FALL,204,176,28,28,0,0,1,1,1,000000000000000000000011111111,/home/zhupl25/chiplet_side_channel/chiplet_gds_data/power_macro/delay_chain/ftc/runs/b_fe_frontend/bfe14_arch1_benign_temp_drift/physical/seed_41028/t_+125C/source_hspice
41028,125,14,RISE,225,204,21,21,1,1,0,1,1,000000000000000000000111111111,/home/zhupl25/chiplet_side_channel/chiplet_gds_data/power_macro/delay_chain/ftc/runs/b_fe_frontend/bfe14_arch1_benign_temp_drift/physical/seed_41028/t_+125C/source_hspice
41028,125,15,FALL,204,176,28,28,0,0,1,1,1,000000000000000000000011111111,/home/zhupl25/chiplet_side_channel/chiplet_gds_data/power_macro/delay_chain/ftc/runs/b_fe_frontend/bfe14_arch1_benign_temp_drift/physical/seed_41028/t_+125C/source_hspice
41028,125,16,RISE,225,204,21,21,1,1,0,1,1,000000000000000000000111111111,/home/zhupl25/chiplet_side_channel/chiplet_gds_data/power_macro/delay_chain/ftc/runs/b_fe_frontend/bfe14_arch1_benign_temp_drift/physical/seed_41028/t_+125C/source_hspice
41028,125,17,FALL,204,176,28,28,0,0,1,1,1,000000000000000000000011111111,/home/zhupl25/chiplet_side_channel/chiplet_gds_data/power_macro/delay_chain/ftc/runs/b_fe_frontend/bfe14_arch1_benign_temp_drift/physical/seed_41028/t_+125C/source_hspice
41028,125,18,RISE,225,204,21,21,1,1,0,1,1,000000000000000000000111111111,/home/zhupl25/chiplet_side_channel/chiplet_gds_data/power_macro/delay_chain/ftc/runs/b_fe_frontend/bfe14_arch1_benign_temp_drift/physical/seed_41028/t_+125C/source_hspice
41028,125,19,FALL,204,176,28,28,0,0,1,1,1,000000000000000000000011111111,/home/zhupl25/chiplet_side_channel/chiplet_gds_data/power_macro/delay_chain/ftc/runs/b_fe_frontend/bfe14_arch1_benign_temp_drift/physical/seed_41028/t_+125C/source_hspice
41028,125,20,RISE,225,204,21,21,1,1,0,1,1,000000000000000000000111111111,/home/zhupl25/chiplet_side_channel/chiplet_gds_data/power_macro/delay_chain/ftc/runs/b_fe_frontend/bfe14_arch1_benign_temp_drift/physical/seed_41028/t_+125C/source_hspice
41028,125,21,FALL,204,176,28,28,0,0,1,1,1,000000000000000000000011111111,/home/zhupl25/chiplet_side_channel/chiplet_gds_data/power_macro/delay_chain/ftc/runs/b_fe_frontend/bfe14_arch1_benign_temp_drift/physical/seed_41028/t_+125C/source_hspice
41028,125,22,RISE,225,204,21,21,1,1,0,1,1,000000000000000000000111111111,/home/zhupl25/chiplet_side_channel/chiplet_gds_data/power_macro/delay_chain/ftc/runs/b_fe_frontend/bfe14_arch1_benign_temp_drift/physical/seed_41028/t_+125C/source_hspice
41028,125,23,FALL,204,176,28,28,0,0,1,1,1,000000000000000000000011111111,/home/zhupl25/chiplet_side_channel/chiplet_gds_data/power_macro/delay_chain/ftc/runs/b_fe_frontend/bfe14_arch1_benign_temp_drift/physical/seed_41028/t_+125C/source_hspice
41029,-40,0,RISE,135,159,-24,24,0,0,1,1,1,000000000000000000000000011111,/home/zhupl25/chiplet_side_channel/chiplet_gds_data/power_macro/delay_chain/ftc/runs/b_fe_frontend/bfe14_arch1_benign_temp_drift/physical/seed_41029/t_-040C/source_hspice
41029,-40,1,FALL,135,153,-18,18,0,0,0,1,1,000000000000000000000000011111,/home/zhupl25/chiplet_side_channel/chiplet_gds_data/power_macro/delay_chain/ftc/runs/b_fe_frontend/bfe14_arch1_benign_temp_drift/physical/seed_41029/t_-040C/source_hspice
41029,-40,2,RISE,135,159,-24,24,0,0,1,1,1,000000000000000000000000011111,/home/zhupl25/chiplet_side_channel/chiplet_gds_data/power_macro/delay_chain/ftc/runs/b_fe_frontend/bfe14_arch1_benign_temp_drift/physical/seed_41029/t_-040C/source_hspice
41029,-40,3,FALL,110,153,-43,43,0,0,1,1,1,000000000000000000000000001111,/home/zhupl25/chiplet_side_channel/chiplet_gds_data/power_macro/delay_chain/ftc/runs/b_fe_frontend/bfe14_arch1_benign_temp_drift/physical/seed_41029/t_-040C/source_hspice
41029,-40,4,RISE,135,159,-24,24,0,0,1,1,1,000000000000000000000000011111,/home/zhupl25/chiplet_side_channel/chiplet_gds_data/power_macro/delay_chain/ftc/runs/b_fe_frontend/bfe14_arch1_benign_temp_drift/physical/seed_41029/t_-040C/source_hspice
41029,-40,5,FALL,135,153,-18,18,0,0,0,1,1,000000000000000000000000011111,/home/zhupl25/chiplet_side_channel/chiplet_gds_data/power_macro/delay_chain/ftc/runs/b_fe_frontend/bfe14_arch1_benign_temp_drift/physical/seed_41029/t_-040C/source_hspice
41029,-40,6,RISE,135,159,-24,24,0,0,1,1,1,000000000000000000000000011111,/home/zhupl25/chiplet_side_channel/chiplet_gds_data/power_macro/delay_chain/ftc/runs/b_fe_frontend/bfe14_arch1_benign_temp_drift/physical/seed_41029/t_-040C/source_hspice
41029,-40,7,FALL,135,153,-18,18,0,0,0,1,1,000000000000000000000000011111,/home/zhupl25/chiplet_side_channel/chiplet_gds_data/power_macro/delay_chain/ftc/runs/b_fe_frontend/bfe14_arch1_benign_temp_drift/physical/seed_41029/t_-040C/source_hspice
41029,-40,8,RISE,135,159,-24,24,0,0,1,1,1,000000000000000000000000011111,/home/zhupl25/chiplet_side_channel/chiplet_gds_data/power_macro/delay_chain/ftc/runs/b_fe_frontend/bfe14_arch1_benign_temp_drift/physical/seed_41029/t_-040C/source_hspice
41029,-40,9,FALL,135,153,-18,18,0,0,0,1,1,000000000000000000000000011111,/home/zhupl25/chiplet_side_channel/chiplet_gds_data/power_macro/delay_chain/ftc/runs/b_fe_frontend/bfe14_arch1_benign_temp_drift/physical/seed_41029/t_-040C/source_hspice
41029,-40,10,RISE,135,159,-24,24,0,0,1,1,1,000000000000000000000000011111,/home/zhupl25/chiplet_side_channel/chiplet_gds_data/power_macro/delay_chain/ftc/runs/b_fe_frontend/bfe14_arch1_benign_temp_drift/physical/seed_41029/t_-040C/source_hspice
41029,-40,11,FALL,110,153,-43,43,0,0,1,1,1,000000000000000000000000001111,/home/zhupl25/chiplet_side_channel/chiplet_gds_data/power_macro/delay_chain/ftc/runs/b_fe_frontend/bfe14_arch1_benign_temp_drift/physical/seed_41029/t_-040C/source_hspice
41029,-40,12,RISE,135,159,-24,24,0,0,1,1,1,000000000000000000000000011111,/home/zhupl25/chiplet_side_channel/chiplet_gds_data/power_macro/delay_chain/ftc/runs/b_fe_frontend/bfe14_arch1_benign_temp_drift/physical/seed_41029/t_-040C/source_hspice
41029,-40,13,FALL,110,153,-43,43,0,0,1,1,1,000000000000000000000000001111,/home/zhupl25/chiplet_side_channel/chiplet_gds_data/power_macro/delay_chain/ftc/runs/b_fe_frontend/bfe14_arch1_benign_temp_drift/physical/seed_41029/t_-040C/source_hspice
41029,-40,14,RISE,135,159,-24,24,0,0,1,1,1,000000000000000000000000011111,/home/zhupl25/chiplet_side_channel/chiplet_gds_data/power_macro/delay_chain/ftc/runs/b_fe_frontend/bfe14_arch1_benign_temp_drift/physical/seed_41029/t_-040C/source_hspice
41029,-40,15,FALL,110,153,-43,43,0,0,1,1,1,000000000000000000000000001111,/home/zhupl25/chiplet_side_channel/chiplet_gds_data/power_macro/delay_chain/ftc/runs/b_fe_frontend/bfe14_arch1_benign_temp_drift/physical/seed_41029/t_-040C/source_hspice
41029,-40,16,RISE,135,159,-24,24,0,0,1,1,1,000000000000000000000000011111,/home/zhupl25/chiplet_side_channel/chiplet_gds_data/power_macro/delay_chain/ftc/runs/b_fe_frontend/bfe14_arch1_benign_temp_drift/physical/seed_41029/t_-040C/source_hspice
41029,-40,17,FALL,135,153,-18,18,0,0,0,1,1,000000000000000000000000011111,/home/zhupl25/chiplet_side_channel/chiplet_gds_data/power_macro/delay_chain/ftc/runs/b_fe_frontend/bfe14_arch1_benign_temp_drift/physical/seed_41029/t_-040C/source_hspice
41029,-40,18,RISE,135,159,-24,24,0,0,1,1,1,000000000000000000000000011111,/home/zhupl25/chiplet_side_channel/chiplet_gds_data/power_macro/delay_chain/ftc/runs/b_fe_frontend/bfe14_arch1_benign_temp_drift/physical/seed_41029/t_-040C/source_hspice
41029,-40,19,FALL,110,153,-43,43,0,0,1,1,1,000000000000000000000000001111,/home/zhupl25/chiplet_side_channel/chiplet_gds_data/power_macro/delay_chain/ftc/runs/b_fe_frontend/bfe14_arch1_benign_temp_drift/physical/seed_41029/t_-040C/source_hspice
41029,-40,20,RISE,135,159,-24,24,0,0,1,1,1,000000000000000000000000011111,/home/zhupl25/chiplet_side_channel/chiplet_gds_data/power_macro/delay_chain/ftc/runs/b_fe_frontend/bfe14_arch1_benign_temp_drift/physical/seed_41029/t_-040C/source_hspice
41029,-40,21,FALL,110,153,-43,43,0,0,1,1,1,000000000000000000000000001111,/home/zhupl25/chiplet_side_channel/chiplet_gds_data/power_macro/delay_chain/ftc/runs/b_fe_frontend/bfe14_arch1_benign_temp_drift/physical/seed_41029/t_-040C/source_hspice
41029,-40,22,RISE,135,159,-24,24,0,0,1,1,1,000000000000000000000000011111,/home/zhupl25/chiplet_side_channel/chiplet_gds_data/power_macro/delay_chain/ftc/runs/b_fe_frontend/bfe14_arch1_benign_temp_drift/physical/seed_41029/t_-040C/source_hspice
41029,-40,23,FALL,135,153,-18,18,0,0,0,1,1,000000000000000000000000011111,/home/zhupl25/chiplet_side_channel/chiplet_gds_data/power_macro/delay_chain/ftc/runs/b_fe_frontend/bfe14_arch1_benign_temp_drift/physical/seed_41029/t_-040C/source_hspice
41029,125,0,RISE,182,159,23,23,1,1,1,1,1,000000000000000000000001111111,/home/zhupl25/chiplet_side_channel/chiplet_gds_data/power_macro/delay_chain/ftc/runs/b_fe_frontend/bfe14_arch1_benign_temp_drift/physical/seed_41029/t_+125C/source_hspice
41029,125,1,FALL,182,153,29,29,0,0,1,1,1,000000000000000000000001111111,/home/zhupl25/chiplet_side_channel/chiplet_gds_data/power_macro/delay_chain/ftc/runs/b_fe_frontend/bfe14_arch1_benign_temp_drift/physical/seed_41029/t_+125C/source_hspice
41029,125,2,RISE,182,159,23,23,1,1,1,1,1,000000000000000000000001111111,/home/zhupl25/chiplet_side_channel/chiplet_gds_data/power_macro/delay_chain/ftc/runs/b_fe_frontend/bfe14_arch1_benign_temp_drift/physical/seed_41029/t_+125C/source_hspice
41029,125,3,FALL,182,153,29,29,0,0,1,1,1,000000000000000000000001111111,/home/zhupl25/chiplet_side_channel/chiplet_gds_data/power_macro/delay_chain/ftc/runs/b_fe_frontend/bfe14_arch1_benign_temp_drift/physical/seed_41029/t_+125C/source_hspice
41029,125,4,RISE,204,159,45,45,1,1,1,1,1,000000000000000000000011111111,/home/zhupl25/chiplet_side_channel/chiplet_gds_data/power_macro/delay_chain/ftc/runs/b_fe_frontend/bfe14_arch1_benign_temp_drift/physical/seed_41029/t_+125C/source_hspice
41029,125,5,FALL,182,153,29,29,0,0,1,1,1,000000000000000000000001111111,/home/zhupl25/chiplet_side_channel/chiplet_gds_data/power_macro/delay_chain/ftc/runs/b_fe_frontend/bfe14_arch1_benign_temp_drift/physical/seed_41029/t_+125C/source_hspice
41029,125,6,RISE,182,159,23,23,1,1,1,1,1,000000000000000000000001111111,/home/zhupl25/chiplet_side_channel/chiplet_gds_data/power_macro/delay_chain/ftc/runs/b_fe_frontend/bfe14_arch1_benign_temp_drift/physical/seed_41029/t_+125C/source_hspice
41029,125,7,FALL,182,153,29,29,0,0,1,1,1,000000000000000000000001111111,/home/zhupl25/chiplet_side_channel/chiplet_gds_data/power_macro/delay_chain/ftc/runs/b_fe_frontend/bfe14_arch1_benign_temp_drift/physical/seed_41029/t_+125C/source_hspice
41029,125,8,RISE,182,159,23,23,1,1,1,1,1,000000000000000000000001111111,/home/zhupl25/chiplet_side_channel/chiplet_gds_data/power_macro/delay_chain/ftc/runs/b_fe_frontend/bfe14_arch1_benign_temp_drift/physical/seed_41029/t_+125C/source_hspice
41029,125,9,FALL,182,153,29,29,0,0,1,1,1,000000000000000000000001111111,/home/zhupl25/chiplet_side_channel/chiplet_gds_data/power_macro/delay_chain/ftc/runs/b_fe_frontend/bfe14_arch1_benign_temp_drift/physical/seed_41029/t_+125C/source_hspice
41029,125,10,RISE,182,159,23,23,1,1,1,1,1,000000000000000000000001111111,/home/zhupl25/chiplet_side_channel/chiplet_gds_data/power_macro/delay_chain/ftc/runs/b_fe_frontend/bfe14_arch1_benign_temp_drift/physical/seed_41029/t_+125C/source_hspice
41029,125,11,FALL,182,153,29,29,0,0,1,1,1,000000000000000000000001111111,/home/zhupl25/chiplet_side_channel/chiplet_gds_data/power_macro/delay_chain/ftc/runs/b_fe_frontend/bfe14_arch1_benign_temp_drift/physical/seed_41029/t_+125C/source_hspice
41029,125,12,RISE,182,159,23,23,1,1,1,1,1,000000000000000000000001111111,/home/zhupl25/chiplet_side_channel/chiplet_gds_data/power_macro/delay_chain/ftc/runs/b_fe_frontend/bfe14_arch1_benign_temp_drift/physical/seed_41029/t_+125C/source_hspice
41029,125,13,FALL,182,153,29,29,0,0,1,1,1,000000000000000000000001111111,/home/zhupl25/chiplet_side_channel/chiplet_gds_data/power_macro/delay_chain/ftc/runs/b_fe_frontend/bfe14_arch1_benign_temp_drift/physical/seed_41029/t_+125C/source_hspice
41029,125,14,RISE,182,159,23,23,1,1,1,1,1,000000000000000000000001111111,/home/zhupl25/chiplet_side_channel/chiplet_gds_data/power_macro/delay_chain/ftc/runs/b_fe_frontend/bfe14_arch1_benign_temp_drift/physical/seed_41029/t_+125C/source_hspice
41029,125,15,FALL,182,153,29,29,0,0,1,1,1,000000000000000000000001111111,/home/zhupl25/chiplet_side_channel/chiplet_gds_data/power_macro/delay_chain/ftc/runs/b_fe_frontend/bfe14_arch1_benign_temp_drift/physical/seed_41029/t_+125C/source_hspice
41029,125,16,RISE,182,159,23,23,1,1,1,1,1,000000000000000000000001111111,/home/zhupl25/chiplet_side_channel/chiplet_gds_data/power_macro/delay_chain/ftc/runs/b_fe_frontend/bfe14_arch1_benign_temp_drift/physical/seed_41029/t_+125C/source_hspice
41029,125,17,FALL,182,153,29,29,0,0,1,1,1,000000000000000000000001111111,/home/zhupl25/chiplet_side_channel/chiplet_gds_data/power_macro/delay_chain/ftc/runs/b_fe_frontend/bfe14_arch1_benign_temp_drift/physical/seed_41029/t_+125C/source_hspice
41029,125,18,RISE,182,159,23,23,1,1,1,1,1,000000000000000000000001111111,/home/zhupl25/chiplet_side_channel/chiplet_gds_data/power_macro/delay_chain/ftc/runs/b_fe_frontend/bfe14_arch1_benign_temp_drift/physical/seed_41029/t_+125C/source_hspice
41029,125,19,FALL,182,153,29,29,0,0,1,1,1,000000000000000000000001111111,/home/zhupl25/chiplet_side_channel/chiplet_gds_data/power_macro/delay_chain/ftc/runs/b_fe_frontend/bfe14_arch1_benign_temp_drift/physical/seed_41029/t_+125C/source_hspice
41029,125,20,RISE,182,159,23,23,1,1,1,1,1,000000000000000000000001111111,/home/zhupl25/chiplet_side_channel/chiplet_gds_data/power_macro/delay_chain/ftc/runs/b_fe_frontend/bfe14_arch1_benign_temp_drift/physical/seed_41029/t_+125C/source_hspice
41029,125,21,FALL,182,153,29,29,0,0,1,1,1,000000000000000000000001111111,/home/zhupl25/chiplet_side_channel/chiplet_gds_data/power_macro/delay_chain/ftc/runs/b_fe_frontend/bfe14_arch1_benign_temp_drift/physical/seed_41029/t_+125C/source_hspice
41029,125,22,RISE,182,159,23,23,1,1,1,1,1,000000000000000000000001111111,/home/zhupl25/chiplet_side_channel/chiplet_gds_data/power_macro/delay_chain/ftc/runs/b_fe_frontend/bfe14_arch1_benign_temp_drift/physical/seed_41029/t_+125C/source_hspice
41029,125,23,FALL,182,153,29,29,0,0,1,1,1,000000000000000000000001111111,/home/zhupl25/chiplet_side_channel/chiplet_gds_data/power_macro/delay_chain/ftc/runs/b_fe_frontend/bfe14_arch1_benign_temp_drift/physical/seed_41029/t_+125C/source_hspice
41030,-40,0,RISE,182,198,-16,16,0,0,0,1,1,000000000000000000000001111111,/home/zhupl25/chiplet_side_channel/chiplet_gds_data/power_macro/delay_chain/ftc/runs/b_fe_frontend/bfe14_arch1_benign_temp_drift/physical/seed_41030/t_-040C/source_hspice
41030,-40,1,FALL,182,182,0,0,0,0,0,0,0,000000000000000000000001111111,/home/zhupl25/chiplet_side_channel/chiplet_gds_data/power_macro/delay_chain/ftc/runs/b_fe_frontend/bfe14_arch1_benign_temp_drift/physical/seed_41030/t_-040C/source_hspice
41030,-40,2,RISE,182,198,-16,16,0,0,0,1,1,000000000000000000000001111111,/home/zhupl25/chiplet_side_channel/chiplet_gds_data/power_macro/delay_chain/ftc/runs/b_fe_frontend/bfe14_arch1_benign_temp_drift/physical/seed_41030/t_-040C/source_hspice
41030,-40,3,FALL,159,182,-23,23,0,0,0,1,1,000000000000000000000000111111,/home/zhupl25/chiplet_side_channel/chiplet_gds_data/power_macro/delay_chain/ftc/runs/b_fe_frontend/bfe14_arch1_benign_temp_drift/physical/seed_41030/t_-040C/source_hspice
41030,-40,4,RISE,182,198,-16,16,0,0,0,1,1,000000000000000000000001111111,/home/zhupl25/chiplet_side_channel/chiplet_gds_data/power_macro/delay_chain/ftc/runs/b_fe_frontend/bfe14_arch1_benign_temp_drift/physical/seed_41030/t_-040C/source_hspice
41030,-40,5,FALL,182,182,0,0,0,0,0,0,0,000000000000000000000001111111,/home/zhupl25/chiplet_side_channel/chiplet_gds_data/power_macro/delay_chain/ftc/runs/b_fe_frontend/bfe14_arch1_benign_temp_drift/physical/seed_41030/t_-040C/source_hspice
41030,-40,6,RISE,182,198,-16,16,0,0,0,1,1,000000000000000000000001111111,/home/zhupl25/chiplet_side_channel/chiplet_gds_data/power_macro/delay_chain/ftc/runs/b_fe_frontend/bfe14_arch1_benign_temp_drift/physical/seed_41030/t_-040C/source_hspice
41030,-40,7,FALL,182,182,0,0,0,0,0,0,0,000000000000000000000001111111,/home/zhupl25/chiplet_side_channel/chiplet_gds_data/power_macro/delay_chain/ftc/runs/b_fe_frontend/bfe14_arch1_benign_temp_drift/physical/seed_41030/t_-040C/source_hspice
41030,-40,8,RISE,182,198,-16,16,0,0,0,1,1,000000000000000000000001111111,/home/zhupl25/chiplet_side_channel/chiplet_gds_data/power_macro/delay_chain/ftc/runs/b_fe_frontend/bfe14_arch1_benign_temp_drift/physical/seed_41030/t_-040C/source_hspice
41030,-40,9,FALL,182,182,0,0,0,0,0,0,0,000000000000000000000001111111,/home/zhupl25/chiplet_side_channel/chiplet_gds_data/power_macro/delay_chain/ftc/runs/b_fe_frontend/bfe14_arch1_benign_temp_drift/physical/seed_41030/t_-040C/source_hspice
41030,-40,10,RISE,182,198,-16,16,0,0,0,1,1,000000000000000000000001111111,/home/zhupl25/chiplet_side_channel/chiplet_gds_data/power_macro/delay_chain/ftc/runs/b_fe_frontend/bfe14_arch1_benign_temp_drift/physical/seed_41030/t_-040C/source_hspice
41030,-40,11,FALL,159,182,-23,23,0,0,0,1,1,000000000000000000000000111111,/home/zhupl25/chiplet_side_channel/chiplet_gds_data/power_macro/delay_chain/ftc/runs/b_fe_frontend/bfe14_arch1_benign_temp_drift/physical/seed_41030/t_-040C/source_hspice
41030,-40,12,RISE,182,198,-16,16,0,0,0,1,1,000000000000000000000001111111,/home/zhupl25/chiplet_side_channel/chiplet_gds_data/power_macro/delay_chain/ftc/runs/b_fe_frontend/bfe14_arch1_benign_temp_drift/physical/seed_41030/t_-040C/source_hspice
41030,-40,13,FALL,159,182,-23,23,0,0,0,1,1,000000000000000000000000111111,/home/zhupl25/chiplet_side_channel/chiplet_gds_data/power_macro/delay_chain/ftc/runs/b_fe_frontend/bfe14_arch1_benign_temp_drift/physical/seed_41030/t_-040C/source_hspice
41030,-40,14,RISE,182,198,-16,16,0,0,0,1,1,000000000000000000000001111111,/home/zhupl25/chiplet_side_channel/chiplet_gds_data/power_macro/delay_chain/ftc/runs/b_fe_frontend/bfe14_arch1_benign_temp_drift/physical/seed_41030/t_-040C/source_hspice
41030,-40,15,FALL,159,182,-23,23,0,0,0,1,1,000000000000000000000000111111,/home/zhupl25/chiplet_side_channel/chiplet_gds_data/power_macro/delay_chain/ftc/runs/b_fe_frontend/bfe14_arch1_benign_temp_drift/physical/seed_41030/t_-040C/source_hspice
41030,-40,16,RISE,182,198,-16,16,0,0,0,1,1,000000000000000000000001111111,/home/zhupl25/chiplet_side_channel/chiplet_gds_data/power_macro/delay_chain/ftc/runs/b_fe_frontend/bfe14_arch1_benign_temp_drift/physical/seed_41030/t_-040C/source_hspice
41030,-40,17,FALL,182,182,0,0,0,0,0,0,0,000000000000000000000001111111,/home/zhupl25/chiplet_side_channel/chiplet_gds_data/power_macro/delay_chain/ftc/runs/b_fe_frontend/bfe14_arch1_benign_temp_drift/physical/seed_41030/t_-040C/source_hspice
41030,-40,18,RISE,182,198,-16,16,0,0,0,1,1,000000000000000000000001111111,/home/zhupl25/chiplet_side_channel/chiplet_gds_data/power_macro/delay_chain/ftc/runs/b_fe_frontend/bfe14_arch1_benign_temp_drift/physical/seed_41030/t_-040C/source_hspice
41030,-40,19,FALL,159,182,-23,23,0,0,0,1,1,000000000000000000000000111111,/home/zhupl25/chiplet_side_channel/chiplet_gds_data/power_macro/delay_chain/ftc/runs/b_fe_frontend/bfe14_arch1_benign_temp_drift/physical/seed_41030/t_-040C/source_hspice
41030,-40,20,RISE,182,198,-16,16,0,0,0,1,1,000000000000000000000001111111,/home/zhupl25/chiplet_side_channel/chiplet_gds_data/power_macro/delay_chain/ftc/runs/b_fe_frontend/bfe14_arch1_benign_temp_drift/physical/seed_41030/t_-040C/source_hspice
41030,-40,21,FALL,159,182,-23,23,0,0,0,1,1,000000000000000000000000111111,/home/zhupl25/chiplet_side_channel/chiplet_gds_data/power_macro/delay_chain/ftc/runs/b_fe_frontend/bfe14_arch1_benign_temp_drift/physical/seed_41030/t_-040C/source_hspice
41030,-40,22,RISE,182,198,-16,16,0,0,0,1,1,000000000000000000000001111111,/home/zhupl25/chiplet_side_channel/chiplet_gds_data/power_macro/delay_chain/ftc/runs/b_fe_frontend/bfe14_arch1_benign_temp_drift/physical/seed_41030/t_-040C/source_hspice
41030,-40,23,FALL,159,182,-23,23,0,0,0,1,1,000000000000000000000000111111,/home/zhupl25/chiplet_side_channel/chiplet_gds_data/power_macro/delay_chain/ftc/runs/b_fe_frontend/bfe14_arch1_benign_temp_drift/physical/seed_41030/t_-040C/source_hspice
41030,125,0,RISE,204,198,6,6,0,0,0,1,1,000000000000000000000011111111,/home/zhupl25/chiplet_side_channel/chiplet_gds_data/power_macro/delay_chain/ftc/runs/b_fe_frontend/bfe14_arch1_benign_temp_drift/physical/seed_41030/t_+125C/source_hspice
41030,125,1,FALL,204,182,22,22,0,0,0,1,1,000000000000000000000011111111,/home/zhupl25/chiplet_side_channel/chiplet_gds_data/power_macro/delay_chain/ftc/runs/b_fe_frontend/bfe14_arch1_benign_temp_drift/physical/seed_41030/t_+125C/source_hspice
41030,125,2,RISE,204,198,6,6,0,0,0,1,1,000000000000000000000011111111,/home/zhupl25/chiplet_side_channel/chiplet_gds_data/power_macro/delay_chain/ftc/runs/b_fe_frontend/bfe14_arch1_benign_temp_drift/physical/seed_41030/t_+125C/source_hspice
41030,125,3,FALL,204,182,22,22,0,0,0,1,1,000000000000000000000011111111,/home/zhupl25/chiplet_side_channel/chiplet_gds_data/power_macro/delay_chain/ftc/runs/b_fe_frontend/bfe14_arch1_benign_temp_drift/physical/seed_41030/t_+125C/source_hspice
41030,125,4,RISE,225,198,27,27,1,1,1,1,1,000000000000000000000111111111,/home/zhupl25/chiplet_side_channel/chiplet_gds_data/power_macro/delay_chain/ftc/runs/b_fe_frontend/bfe14_arch1_benign_temp_drift/physical/seed_41030/t_+125C/source_hspice
41030,125,5,FALL,204,182,22,22,0,0,0,1,1,000000000000000000000011111111,/home/zhupl25/chiplet_side_channel/chiplet_gds_data/power_macro/delay_chain/ftc/runs/b_fe_frontend/bfe14_arch1_benign_temp_drift/physical/seed_41030/t_+125C/source_hspice
41030,125,6,RISE,204,198,6,6,0,0,0,1,1,000000000000000000000011111111,/home/zhupl25/chiplet_side_channel/chiplet_gds_data/power_macro/delay_chain/ftc/runs/b_fe_frontend/bfe14_arch1_benign_temp_drift/physical/seed_41030/t_+125C/source_hspice
41030,125,7,FALL,204,182,22,22,0,0,0,1,1,000000000000000000000011111111,/home/zhupl25/chiplet_side_channel/chiplet_gds_data/power_macro/delay_chain/ftc/runs/b_fe_frontend/bfe14_arch1_benign_temp_drift/physical/seed_41030/t_+125C/source_hspice
41030,125,8,RISE,204,198,6,6,0,0,0,1,1,000000000000000000000011111111,/home/zhupl25/chiplet_side_channel/chiplet_gds_data/power_macro/delay_chain/ftc/runs/b_fe_frontend/bfe14_arch1_benign_temp_drift/physical/seed_41030/t_+125C/source_hspice
41030,125,9,FALL,204,182,22,22,0,0,0,1,1,000000000000000000000011111111,/home/zhupl25/chiplet_side_channel/chiplet_gds_data/power_macro/delay_chain/ftc/runs/b_fe_frontend/bfe14_arch1_benign_temp_drift/physical/seed_41030/t_+125C/source_hspice
41030,125,10,RISE,204,198,6,6,0,0,0,1,1,000000000000000000000011111111,/home/zhupl25/chiplet_side_channel/chiplet_gds_data/power_macro/delay_chain/ftc/runs/b_fe_frontend/bfe14_arch1_benign_temp_drift/physical/seed_41030/t_+125C/source_hspice
41030,125,11,FALL,204,182,22,22,0,0,0,1,1,000000000000000000000011111111,/home/zhupl25/chiplet_side_channel/chiplet_gds_data/power_macro/delay_chain/ftc/runs/b_fe_frontend/bfe14_arch1_benign_temp_drift/physical/seed_41030/t_+125C/source_hspice
41030,125,12,RISE,204,198,6,6,0,0,0,1,1,000000000000000000000011111111,/home/zhupl25/chiplet_side_channel/chiplet_gds_data/power_macro/delay_chain/ftc/runs/b_fe_frontend/bfe14_arch1_benign_temp_drift/physical/seed_41030/t_+125C/source_hspice
41030,125,13,FALL,204,182,22,22,0,0,0,1,1,000000000000000000000011111111,/home/zhupl25/chiplet_side_channel/chiplet_gds_data/power_macro/delay_chain/ftc/runs/b_fe_frontend/bfe14_arch1_benign_temp_drift/physical/seed_41030/t_+125C/source_hspice
41030,125,14,RISE,204,198,6,6,0,0,0,1,1,000000000000000000000011111111,/home/zhupl25/chiplet_side_channel/chiplet_gds_data/power_macro/delay_chain/ftc/runs/b_fe_frontend/bfe14_arch1_benign_temp_drift/physical/seed_41030/t_+125C/source_hspice
41030,125,15,FALL,204,182,22,22,0,0,0,1,1,000000000000000000000011111111,/home/zhupl25/chiplet_side_channel/chiplet_gds_data/power_macro/delay_chain/ftc/runs/b_fe_frontend/bfe14_arch1_benign_temp_drift/physical/seed_41030/t_+125C/source_hspice
41030,125,16,RISE,204,198,6,6,0,0,0,1,1,000000000000000000000011111111,/home/zhupl25/chiplet_side_channel/chiplet_gds_data/power_macro/delay_chain/ftc/runs/b_fe_frontend/bfe14_arch1_benign_temp_drift/physical/seed_41030/t_+125C/source_hspice
41030,125,17,FALL,204,182,22,22,0,0,0,1,1,000000000000000000000011111111,/home/zhupl25/chiplet_side_channel/chiplet_gds_data/power_macro/delay_chain/ftc/runs/b_fe_frontend/bfe14_arch1_benign_temp_drift/physical/seed_41030/t_+125C/source_hspice
41030,125,18,RISE,204,198,6,6,0,0,0,1,1,000000000000000000000011111111,/home/zhupl25/chiplet_side_channel/chiplet_gds_data/power_macro/delay_chain/ftc/runs/b_fe_frontend/bfe14_arch1_benign_temp_drift/physical/seed_41030/t_+125C/source_hspice
41030,125,19,FALL,204,182,22,22,0,0,0,1,1,000000000000000000000011111111,/home/zhupl25/chiplet_side_channel/chiplet_gds_data/power_macro/delay_chain/ftc/runs/b_fe_frontend/bfe14_arch1_benign_temp_drift/physical/seed_41030/t_+125C/source_hspice
41030,125,20,RISE,204,198,6,6,0,0,0,1,1,000000000000000000000011111111,/home/zhupl25/chiplet_side_channel/chiplet_gds_data/power_macro/delay_chain/ftc/runs/b_fe_frontend/bfe14_arch1_benign_temp_drift/physical/seed_41030/t_+125C/source_hspice
41030,125,21,FALL,204,182,22,22,0,0,0,1,1,000000000000000000000011111111,/home/zhupl25/chiplet_side_channel/chiplet_gds_data/power_macro/delay_chain/ftc/runs/b_fe_frontend/bfe14_arch1_benign_temp_drift/physical/seed_41030/t_+125C/source_hspice
41030,125,22,RISE,204,198,6,6,0,0,0,1,1,000000000000000000000011111111,/home/zhupl25/chiplet_side_channel/chiplet_gds_data/power_macro/delay_chain/ftc/runs/b_fe_frontend/bfe14_arch1_benign_temp_drift/physical/seed_41030/t_+125C/source_hspice
41030,125,23,FALL,204,182,22,22,0,0,0,1,1,000000000000000000000011111111,/home/zhupl25/chiplet_side_channel/chiplet_gds_data/power_macro/delay_chain/ftc/runs/b_fe_frontend/bfe14_arch1_benign_temp_drift/physical/seed_41030/t_+125C/source_hspice
41027,85,0,RISE,159,153,6,6,0,0,0,1,1,000000000000000000000000111111,/home/zhupl25/chiplet_side_channel/chiplet_gds_data/power_macro/delay_chain/ftc/runs/b_fe_frontend/bfe14_arch1_benign_temp_drift/physical/seed_41027/t_+085C/source_hspice
41027,85,1,FALL,159,135,24,24,0,0,0,1,1,000000000000000000000000111111,/home/zhupl25/chiplet_side_channel/chiplet_gds_data/power_macro/delay_chain/ftc/runs/b_fe_frontend/bfe14_arch1_benign_temp_drift/physical/seed_41027/t_+085C/source_hspice
41027,85,2,RISE,159,153,6,6,0,0,0,1,1,000000000000000000000000111111,/home/zhupl25/chiplet_side_channel/chiplet_gds_data/power_macro/delay_chain/ftc/runs/b_fe_frontend/bfe14_arch1_benign_temp_drift/physical/seed_41027/t_+085C/source_hspice
41027,85,3,FALL,135,135,0,0,0,0,0,0,0,000000000000000000000000011111,/home/zhupl25/chiplet_side_channel/chiplet_gds_data/power_macro/delay_chain/ftc/runs/b_fe_frontend/bfe14_arch1_benign_temp_drift/physical/seed_41027/t_+085C/source_hspice
41027,85,4,RISE,159,153,6,6,0,0,0,1,1,000000000000000000000000111111,/home/zhupl25/chiplet_side_channel/chiplet_gds_data/power_macro/delay_chain/ftc/runs/b_fe_frontend/bfe14_arch1_benign_temp_drift/physical/seed_41027/t_+085C/source_hspice
41027,85,5,FALL,159,135,24,24,0,0,0,1,1,000000000000000000000000111111,/home/zhupl25/chiplet_side_channel/chiplet_gds_data/power_macro/delay_chain/ftc/runs/b_fe_frontend/bfe14_arch1_benign_temp_drift/physical/seed_41027/t_+085C/source_hspice
41027,85,6,RISE,159,153,6,6,0,0,0,1,1,000000000000000000000000111111,/home/zhupl25/chiplet_side_channel/chiplet_gds_data/power_macro/delay_chain/ftc/runs/b_fe_frontend/bfe14_arch1_benign_temp_drift/physical/seed_41027/t_+085C/source_hspice
41027,85,7,FALL,159,135,24,24,0,0,0,1,1,000000000000000000000000111111,/home/zhupl25/chiplet_side_channel/chiplet_gds_data/power_macro/delay_chain/ftc/runs/b_fe_frontend/bfe14_arch1_benign_temp_drift/physical/seed_41027/t_+085C/source_hspice
41027,85,8,RISE,159,153,6,6,0,0,0,1,1,000000000000000000000000111111,/home/zhupl25/chiplet_side_channel/chiplet_gds_data/power_macro/delay_chain/ftc/runs/b_fe_frontend/bfe14_arch1_benign_temp_drift/physical/seed_41027/t_+085C/source_hspice
41027,85,9,FALL,159,135,24,24,0,0,0,1,1,000000000000000000000000111111,/home/zhupl25/chiplet_side_channel/chiplet_gds_data/power_macro/delay_chain/ftc/runs/b_fe_frontend/bfe14_arch1_benign_temp_drift/physical/seed_41027/t_+085C/source_hspice
41027,85,10,RISE,159,153,6,6,0,0,0,1,1,000000000000000000000000111111,/home/zhupl25/chiplet_side_channel/chiplet_gds_data/power_macro/delay_chain/ftc/runs/b_fe_frontend/bfe14_arch1_benign_temp_drift/physical/seed_41027/t_+085C/source_hspice
41027,85,11,FALL,159,135,24,24,0,0,0,1,1,000000000000000000000000111111,/home/zhupl25/chiplet_side_channel/chiplet_gds_data/power_macro/delay_chain/ftc/runs/b_fe_frontend/bfe14_arch1_benign_temp_drift/physical/seed_41027/t_+085C/source_hspice
41027,85,12,RISE,159,153,6,6,0,0,0,1,1,000000000000000000000000111111,/home/zhupl25/chiplet_side_channel/chiplet_gds_data/power_macro/delay_chain/ftc/runs/b_fe_frontend/bfe14_arch1_benign_temp_drift/physical/seed_41027/t_+085C/source_hspice
41027,85,13,FALL,135,135,0,0,0,0,0,0,0,000000000000000000000000011111,/home/zhupl25/chiplet_side_channel/chiplet_gds_data/power_macro/delay_chain/ftc/runs/b_fe_frontend/bfe14_arch1_benign_temp_drift/physical/seed_41027/t_+085C/source_hspice
41027,85,14,RISE,159,153,6,6,0,0,0,1,1,000000000000000000000000111111,/home/zhupl25/chiplet_side_channel/chiplet_gds_data/power_macro/delay_chain/ftc/runs/b_fe_frontend/bfe14_arch1_benign_temp_drift/physical/seed_41027/t_+085C/source_hspice
41027,85,15,FALL,159,135,24,24,0,0,0,1,1,000000000000000000000000111111,/home/zhupl25/chiplet_side_channel/chiplet_gds_data/power_macro/delay_chain/ftc/runs/b_fe_frontend/bfe14_arch1_benign_temp_drift/physical/seed_41027/t_+085C/source_hspice
41027,85,16,RISE,159,153,6,6,0,0,0,1,1,000000000000000000000000111111,/home/zhupl25/chiplet_side_channel/chiplet_gds_data/power_macro/delay_chain/ftc/runs/b_fe_frontend/bfe14_arch1_benign_temp_drift/physical/seed_41027/t_+085C/source_hspice
41027,85,17,FALL,159,135,24,24,0,0,0,1,1,000000000000000000000000111111,/home/zhupl25/chiplet_side_channel/chiplet_gds_data/power_macro/delay_chain/ftc/runs/b_fe_frontend/bfe14_arch1_benign_temp_drift/physical/seed_41027/t_+085C/source_hspice
41027,85,18,RISE,159,153,6,6,0,0,0,1,1,000000000000000000000000111111,/home/zhupl25/chiplet_side_channel/chiplet_gds_data/power_macro/delay_chain/ftc/runs/b_fe_frontend/bfe14_arch1_benign_temp_drift/physical/seed_41027/t_+085C/source_hspice
41027,85,19,FALL,159,135,24,24,0,0,0,1,1,000000000000000000000000111111,/home/zhupl25/chiplet_side_channel/chiplet_gds_data/power_macro/delay_chain/ftc/runs/b_fe_frontend/bfe14_arch1_benign_temp_drift/physical/seed_41027/t_+085C/source_hspice
41027,85,20,RISE,159,153,6,6,0,0,0,1,1,000000000000000000000000111111,/home/zhupl25/chiplet_side_channel/chiplet_gds_data/power_macro/delay_chain/ftc/runs/b_fe_frontend/bfe14_arch1_benign_temp_drift/physical/seed_41027/t_+085C/source_hspice
41027,85,21,FALL,135,135,0,0,0,0,0,0,0,000000000000000000000000011111,/home/zhupl25/chiplet_side_channel/chiplet_gds_data/power_macro/delay_chain/ftc/runs/b_fe_frontend/bfe14_arch1_benign_temp_drift/physical/seed_41027/t_+085C/source_hspice
41027,85,22,RISE,159,153,6,6,0,0,0,1,1,000000000000000000000000111111,/home/zhupl25/chiplet_side_channel/chiplet_gds_data/power_macro/delay_chain/ftc/runs/b_fe_frontend/bfe14_arch1_benign_temp_drift/physical/seed_41027/t_+085C/source_hspice
41027,85,23,FALL,159,135,24,24,0,0,0,1,1,000000000000000000000000111111,/home/zhupl25/chiplet_side_channel/chiplet_gds_data/power_macro/delay_chain/ftc/runs/b_fe_frontend/bfe14_arch1_benign_temp_drift/physical/seed_41027/t_+085C/source_hspice
41019,85,0,RISE,204,187,17,17,0,0,0,1,1,000000000000000000000011111111,/home/zhupl25/chiplet_side_channel/chiplet_gds_data/power_macro/delay_chain/ftc/runs/b_fe_frontend/bfe14_arch1_benign_temp_drift/physical/seed_41019/t_+085C/source_hspice
41019,85,1,FALL,159,159,0,0,0,0,0,0,0,000000000000000000000000111111,/home/zhupl25/chiplet_side_channel/chiplet_gds_data/power_macro/delay_chain/ftc/runs/b_fe_frontend/bfe14_arch1_benign_temp_drift/physical/seed_41019/t_+085C/source_hspice
41019,85,2,RISE,204,187,17,17,0,0,0,1,1,000000000000000000000011111111,/home/zhupl25/chiplet_side_channel/chiplet_gds_data/power_macro/delay_chain/ftc/runs/b_fe_frontend/bfe14_arch1_benign_temp_drift/physical/seed_41019/t_+085C/source_hspice
41019,85,3,FALL,159,159,0,0,0,0,0,0,0,000000000000000000000000111111,/home/zhupl25/chiplet_side_channel/chiplet_gds_data/power_macro/delay_chain/ftc/runs/b_fe_frontend/bfe14_arch1_benign_temp_drift/physical/seed_41019/t_+085C/source_hspice
41019,85,4,RISE,204,187,17,17,0,0,0,1,1,000000000000000000000011111111,/home/zhupl25/chiplet_side_channel/chiplet_gds_data/power_macro/delay_chain/ftc/runs/b_fe_frontend/bfe14_arch1_benign_temp_drift/physical/seed_41019/t_+085C/source_hspice
41019,85,5,FALL,159,159,0,0,0,0,0,0,0,000000000000000000000000111111,/home/zhupl25/chiplet_side_channel/chiplet_gds_data/power_macro/delay_chain/ftc/runs/b_fe_frontend/bfe14_arch1_benign_temp_drift/physical/seed_41019/t_+085C/source_hspice
41019,85,6,RISE,204,187,17,17,0,0,0,1,1,000000000000000000000011111111,/home/zhupl25/chiplet_side_channel/chiplet_gds_data/power_macro/delay_chain/ftc/runs/b_fe_frontend/bfe14_arch1_benign_temp_drift/physical/seed_41019/t_+085C/source_hspice
41019,85,7,FALL,159,159,0,0,0,0,0,0,0,000000000000000000000000111111,/home/zhupl25/chiplet_side_channel/chiplet_gds_data/power_macro/delay_chain/ftc/runs/b_fe_frontend/bfe14_arch1_benign_temp_drift/physical/seed_41019/t_+085C/source_hspice
41019,85,8,RISE,204,187,17,17,0,0,0,1,1,000000000000000000000011111111,/home/zhupl25/chiplet_side_channel/chiplet_gds_data/power_macro/delay_chain/ftc/runs/b_fe_frontend/bfe14_arch1_benign_temp_drift/physical/seed_41019/t_+085C/source_hspice
41019,85,9,FALL,159,159,0,0,0,0,0,0,0,000000000000000000000000111111,/home/zhupl25/chiplet_side_channel/chiplet_gds_data/power_macro/delay_chain/ftc/runs/b_fe_frontend/bfe14_arch1_benign_temp_drift/physical/seed_41019/t_+085C/source_hspice
41019,85,10,RISE,204,187,17,17,0,0,0,1,1,000000000000000000000011111111,/home/zhupl25/chiplet_side_channel/chiplet_gds_data/power_macro/delay_chain/ftc/runs/b_fe_frontend/bfe14_arch1_benign_temp_drift/physical/seed_41019/t_+085C/source_hspice
41019,85,11,FALL,159,159,0,0,0,0,0,0,0,000000000000000000000000111111,/home/zhupl25/chiplet_side_channel/chiplet_gds_data/power_macro/delay_chain/ftc/runs/b_fe_frontend/bfe14_arch1_benign_temp_drift/physical/seed_41019/t_+085C/source_hspice
41019,85,12,RISE,204,187,17,17,0,0,0,1,1,000000000000000000000011111111,/home/zhupl25/chiplet_side_channel/chiplet_gds_data/power_macro/delay_chain/ftc/runs/b_fe_frontend/bfe14_arch1_benign_temp_drift/physical/seed_41019/t_+085C/source_hspice
41019,85,13,FALL,159,159,0,0,0,0,0,0,0,000000000000000000000000111111,/home/zhupl25/chiplet_side_channel/chiplet_gds_data/power_macro/delay_chain/ftc/runs/b_fe_frontend/bfe14_arch1_benign_temp_drift/physical/seed_41019/t_+085C/source_hspice
41019,85,14,RISE,204,187,17,17,0,0,0,1,1,000000000000000000000011111111,/home/zhupl25/chiplet_side_channel/chiplet_gds_data/power_macro/delay_chain/ftc/runs/b_fe_frontend/bfe14_arch1_benign_temp_drift/physical/seed_41019/t_+085C/source_hspice
41019,85,15,FALL,159,159,0,0,0,0,0,0,0,000000000000000000000000111111,/home/zhupl25/chiplet_side_channel/chiplet_gds_data/power_macro/delay_chain/ftc/runs/b_fe_frontend/bfe14_arch1_benign_temp_drift/physical/seed_41019/t_+085C/source_hspice
41019,85,16,RISE,204,187,17,17,0,0,0,1,1,000000000000000000000011111111,/home/zhupl25/chiplet_side_channel/chiplet_gds_data/power_macro/delay_chain/ftc/runs/b_fe_frontend/bfe14_arch1_benign_temp_drift/physical/seed_41019/t_+085C/source_hspice
41019,85,17,FALL,159,159,0,0,0,0,0,0,0,000000000000000000000000111111,/home/zhupl25/chiplet_side_channel/chiplet_gds_data/power_macro/delay_chain/ftc/runs/b_fe_frontend/bfe14_arch1_benign_temp_drift/physical/seed_41019/t_+085C/source_hspice
41019,85,18,RISE,204,187,17,17,0,0,0,1,1,000000000000000000000011111111,/home/zhupl25/chiplet_side_channel/chiplet_gds_data/power_macro/delay_chain/ftc/runs/b_fe_frontend/bfe14_arch1_benign_temp_drift/physical/seed_41019/t_+085C/source_hspice
41019,85,19,FALL,159,159,0,0,0,0,0,0,0,000000000000000000000000111111,/home/zhupl25/chiplet_side_channel/chiplet_gds_data/power_macro/delay_chain/ftc/runs/b_fe_frontend/bfe14_arch1_benign_temp_drift/physical/seed_41019/t_+085C/source_hspice
41019,85,20,RISE,204,187,17,17,0,0,0,1,1,000000000000000000000011111111,/home/zhupl25/chiplet_side_channel/chiplet_gds_data/power_macro/delay_chain/ftc/runs/b_fe_frontend/bfe14_arch1_benign_temp_drift/physical/seed_41019/t_+085C/source_hspice
41019,85,21,FALL,159,159,0,0,0,0,0,0,0,000000000000000000000000111111,/home/zhupl25/chiplet_side_channel/chiplet_gds_data/power_macro/delay_chain/ftc/runs/b_fe_frontend/bfe14_arch1_benign_temp_drift/physical/seed_41019/t_+085C/source_hspice
41019,85,22,RISE,204,187,17,17,0,0,0,1,1,000000000000000000000011111111,/home/zhupl25/chiplet_side_channel/chiplet_gds_data/power_macro/delay_chain/ftc/runs/b_fe_frontend/bfe14_arch1_benign_temp_drift/physical/seed_41019/t_+085C/source_hspice
41019,85,23,FALL,159,159,0,0,0,0,0,0,0,000000000000000000000000111111,/home/zhupl25/chiplet_side_channel/chiplet_gds_data/power_macro/delay_chain/ftc/runs/b_fe_frontend/bfe14_arch1_benign_temp_drift/physical/seed_41019/t_+085C/source_hspice
41013,85,0,RISE,245,235,10,10,0,0,0,1,1,000000000000000000001111111111,/home/zhupl25/chiplet_side_channel/chiplet_gds_data/power_macro/delay_chain/ftc/runs/b_fe_frontend/bfe14_arch1_benign_temp_drift/physical/seed_41013/t_+085C/source_hspice
41013,85,1,FALL,225,204,21,21,0,0,0,1,1,000000000000000000000111111111,/home/zhupl25/chiplet_side_channel/chiplet_gds_data/power_macro/delay_chain/ftc/runs/b_fe_frontend/bfe14_arch1_benign_temp_drift/physical/seed_41013/t_+085C/source_hspice
41013,85,2,RISE,245,235,10,10,0,0,0,1,1,000000000000000000001111111111,/home/zhupl25/chiplet_side_channel/chiplet_gds_data/power_macro/delay_chain/ftc/runs/b_fe_frontend/bfe14_arch1_benign_temp_drift/physical/seed_41013/t_+085C/source_hspice
41013,85,3,FALL,204,204,0,0,0,0,0,0,0,000000000000000000000011111111,/home/zhupl25/chiplet_side_channel/chiplet_gds_data/power_macro/delay_chain/ftc/runs/b_fe_frontend/bfe14_arch1_benign_temp_drift/physical/seed_41013/t_+085C/source_hspice
41013,85,4,RISE,245,235,10,10,0,0,0,1,1,000000000000000000001111111111,/home/zhupl25/chiplet_side_channel/chiplet_gds_data/power_macro/delay_chain/ftc/runs/b_fe_frontend/bfe14_arch1_benign_temp_drift/physical/seed_41013/t_+085C/source_hspice
41013,85,5,FALL,225,204,21,21,0,0,0,1,1,000000000000000000000111111111,/home/zhupl25/chiplet_side_channel/chiplet_gds_data/power_macro/delay_chain/ftc/runs/b_fe_frontend/bfe14_arch1_benign_temp_drift/physical/seed_41013/t_+085C/source_hspice
41013,85,6,RISE,245,235,10,10,0,0,0,1,1,000000000000000000001111111111,/home/zhupl25/chiplet_side_channel/chiplet_gds_data/power_macro/delay_chain/ftc/runs/b_fe_frontend/bfe14_arch1_benign_temp_drift/physical/seed_41013/t_+085C/source_hspice
41013,85,7,FALL,225,204,21,21,0,0,0,1,1,000000000000000000000111111111,/home/zhupl25/chiplet_side_channel/chiplet_gds_data/power_macro/delay_chain/ftc/runs/b_fe_frontend/bfe14_arch1_benign_temp_drift/physical/seed_41013/t_+085C/source_hspice
41013,85,8,RISE,245,235,10,10,0,0,0,1,1,000000000000000000001111111111,/home/zhupl25/chiplet_side_channel/chiplet_gds_data/power_macro/delay_chain/ftc/runs/b_fe_frontend/bfe14_arch1_benign_temp_drift/physical/seed_41013/t_+085C/source_hspice
41013,85,9,FALL,225,204,21,21,0,0,0,1,1,000000000000000000000111111111,/home/zhupl25/chiplet_side_channel/chiplet_gds_data/power_macro/delay_chain/ftc/runs/b_fe_frontend/bfe14_arch1_benign_temp_drift/physical/seed_41013/t_+085C/source_hspice
41013,85,10,RISE,245,235,10,10,0,0,0,1,1,000000000000000000001111111111,/home/zhupl25/chiplet_side_channel/chiplet_gds_data/power_macro/delay_chain/ftc/runs/b_fe_frontend/bfe14_arch1_benign_temp_drift/physical/seed_41013/t_+085C/source_hspice
41013,85,11,FALL,225,204,21,21,0,0,0,1,1,000000000000000000000111111111,/home/zhupl25/chiplet_side_channel/chiplet_gds_data/power_macro/delay_chain/ftc/runs/b_fe_frontend/bfe14_arch1_benign_temp_drift/physical/seed_41013/t_+085C/source_hspice
41013,85,12,RISE,245,235,10,10,0,0,0,1,1,000000000000000000001111111111,/home/zhupl25/chiplet_side_channel/chiplet_gds_data/power_macro/delay_chain/ftc/runs/b_fe_frontend/bfe14_arch1_benign_temp_drift/physical/seed_41013/t_+085C/source_hspice
41013,85,13,FALL,204,204,0,0,0,0,0,0,0,000000000000000000000011111111,/home/zhupl25/chiplet_side_channel/chiplet_gds_data/power_macro/delay_chain/ftc/runs/b_fe_frontend/bfe14_arch1_benign_temp_drift/physical/seed_41013/t_+085C/source_hspice
41013,85,14,RISE,245,235,10,10,0,0,0,1,1,000000000000000000001111111111,/home/zhupl25/chiplet_side_channel/chiplet_gds_data/power_macro/delay_chain/ftc/runs/b_fe_frontend/bfe14_arch1_benign_temp_drift/physical/seed_41013/t_+085C/source_hspice
41013,85,15,FALL,225,204,21,21,0,0,0,1,1,000000000000000000000111111111,/home/zhupl25/chiplet_side_channel/chiplet_gds_data/power_macro/delay_chain/ftc/runs/b_fe_frontend/bfe14_arch1_benign_temp_drift/physical/seed_41013/t_+085C/source_hspice
41013,85,16,RISE,245,235,10,10,0,0,0,1,1,000000000000000000001111111111,/home/zhupl25/chiplet_side_channel/chiplet_gds_data/power_macro/delay_chain/ftc/runs/b_fe_frontend/bfe14_arch1_benign_temp_drift/physical/seed_41013/t_+085C/source_hspice
41013,85,17,FALL,225,204,21,21,0,0,0,1,1,000000000000000000000111111111,/home/zhupl25/chiplet_side_channel/chiplet_gds_data/power_macro/delay_chain/ftc/runs/b_fe_frontend/bfe14_arch1_benign_temp_drift/physical/seed_41013/t_+085C/source_hspice
41013,85,18,RISE,245,235,10,10,0,0,0,1,1,000000000000000000001111111111,/home/zhupl25/chiplet_side_channel/chiplet_gds_data/power_macro/delay_chain/ftc/runs/b_fe_frontend/bfe14_arch1_benign_temp_drift/physical/seed_41013/t_+085C/source_hspice
41013,85,19,FALL,225,204,21,21,0,0,0,1,1,000000000000000000000111111111,/home/zhupl25/chiplet_side_channel/chiplet_gds_data/power_macro/delay_chain/ftc/runs/b_fe_frontend/bfe14_arch1_benign_temp_drift/physical/seed_41013/t_+085C/source_hspice
41013,85,20,RISE,245,235,10,10,0,0,0,1,1,000000000000000000001111111111,/home/zhupl25/chiplet_side_channel/chiplet_gds_data/power_macro/delay_chain/ftc/runs/b_fe_frontend/bfe14_arch1_benign_temp_drift/physical/seed_41013/t_+085C/source_hspice
41013,85,21,FALL,204,204,0,0,0,0,0,0,0,000000000000000000000011111111,/home/zhupl25/chiplet_side_channel/chiplet_gds_data/power_macro/delay_chain/ftc/runs/b_fe_frontend/bfe14_arch1_benign_temp_drift/physical/seed_41013/t_+085C/source_hspice
41013,85,22,RISE,245,235,10,10,0,0,0,1,1,000000000000000000001111111111,/home/zhupl25/chiplet_side_channel/chiplet_gds_data/power_macro/delay_chain/ftc/runs/b_fe_frontend/bfe14_arch1_benign_temp_drift/physical/seed_41013/t_+085C/source_hspice
41013,85,23,FALL,225,204,21,21,0,0,0,1,1,000000000000000000000111111111,/home/zhupl25/chiplet_side_channel/chiplet_gds_data/power_macro/delay_chain/ftc/runs/b_fe_frontend/bfe14_arch1_benign_temp_drift/physical/seed_41013/t_+085C/source_hspice
