seed,temperature_c,event_index,polarity,M_FF,M_REF_STARTUP_RISE,M_REF_STARTUP_FALL,signed_alarm_18,signed_alarm_19,alarm_a18,sticky_a18,before_a18_rise,before_a18_fall,after_a18_rise,after_a18_fall,D_track_a18,abs_alarm_a18,tracker_update_a18,alarm_b18,sticky_b18,before_b18_rise,before_b18_fall,after_b18_rise,after_b18_fall,D_track_b18,abs_alarm_b18,tracker_update_b18,alarm_a19,sticky_a19,before_a19_rise,before_a19_fall,after_a19_rise,after_a19_fall,D_track_a19,abs_alarm_a19,tracker_update_a19,alarm_b19,sticky_b19,before_b19_rise,before_b19_fall,after_b19_rise,after_b19_fall,D_track_b19,abs_alarm_b19,tracker_update_b19
41001,-40,0,RISE,182,198,176,0,0,0,0,198,176,198,176,16,0,0,0,0,198,176,198,176,16,0,0,0,0,198,176,198,176,16,0,0,0,0,198,176,198,176,16,0,0
41001,-40,1,FALL,159,198,176,0,0,0,0,198,176,198,176,17,0,0,0,0,198,176,198,176,17,0,0,0,0,198,176,198,176,17,0,0,0,0,198,176,198,176,17,0,0
41001,-40,2,RISE,182,198,176,0,0,0,0,198,176,198,176,16,0,0,0,0,198,176,198,176,16,0,0,0,0,198,176,198,176,16,0,0,0,0,198,176,198,176,16,0,0
41001,-40,3,FALL,159,198,176,0,0,0,0,198,176,198,176,17,0,0,0,0,198,176,198,176,17,0,0,0,0,198,176,198,176,17,0,0,0,0,198,176,198,176,17,0,0
41001,-40,4,RISE,182,198,176,0,0,0,0,198,176,198,176,16,0,0,0,0,198,176,198,176,16,0,0,0,0,198,176,198,176,16,0,0,0,0,198,176,198,176,16,0,0
41001,-40,5,FALL,159,198,176,0,0,0,0,198,176,198,176,17,0,0,0,0,198,176,198,176,17,0,0,0,0,198,176,198,176,17,0,0,0,0,198,176,198,176,17,0,0
41001,-40,6,RISE,182,198,176,0,0,0,0,198,176,198,176,16,0,0,0,0,198,176,198,176,16,0,0,0,0,198,176,198,176,16,0,0,0,0,198,176,198,176,16,0,0
41001,-40,7,FALL,159,198,176,0,0,0,0,198,176,198,176,17,0,0,0,0,198,176,198,176,17,0,0,0,0,198,176,198,176,17,0,0,0,0,198,176,198,176,17,0,0
41001,-40,8,RISE,182,198,176,0,0,0,0,198,176,198,176,16,0,0,0,0,198,176,198,176,16,0,0,0,0,198,176,198,176,16,0,0,0,0,198,176,198,176,16,0,0
41001,-40,9,FALL,159,198,176,0,0,0,0,198,176,198,176,17,0,0,0,0,198,176,198,176,17,0,0,0,0,198,176,198,176,17,0,0,0,0,198,176,198,176,17,0,0
41001,-40,10,RISE,182,198,176,0,0,0,0,198,176,198,176,16,0,0,0,0,198,176,198,176,16,0,0,0,0,198,176,198,176,16,0,0,0,0,198,176,198,176,16,0,0
41001,-40,11,FALL,159,198,176,0,0,0,0,198,176,198,176,17,0,0,0,0,198,176,198,176,17,0,0,0,0,198,176,198,176,17,0,0,0,0,198,176,198,176,17,0,0
41001,-40,12,RISE,182,198,176,0,0,0,0,198,176,198,176,16,0,0,0,0,198,176,198,176,16,0,0,0,0,198,176,198,176,16,0,0,0,0,198,176,198,176,16,0,0
41001,-40,13,FALL,159,198,176,0,0,0,0,198,176,198,176,17,0,0,0,0,198,176,198,176,17,0,0,0,0,198,176,198,176,17,0,0,0,0,198,176,198,176,17,0,0
41001,-40,14,RISE,182,198,176,0,0,0,0,198,176,198,176,16,0,0,0,0,198,176,198,176,16,0,0,0,0,198,176,198,176,16,0,0,0,0,198,176,198,176,16,0,0
41001,-40,15,FALL,159,198,176,0,0,0,0,198,176,198,176,17,0,0,0,0,198,176,198,176,17,0,0,0,0,198,176,198,176,17,0,0,0,0,198,176,198,176,17,0,0
41001,-40,16,RISE,182,198,176,0,0,0,0,198,176,198,176,16,0,0,0,0,198,176,198,176,16,0,0,0,0,198,176,198,176,16,0,0,0,0,198,176,198,176,16,0,0
41001,-40,17,FALL,159,198,176,0,0,0,0,198,176,198,176,17,0,0,0,0,198,176,198,176,17,0,0,0,0,198,176,198,176,17,0,0,0,0,198,176,198,176,17,0,0
41001,-40,18,RISE,182,198,176,0,0,0,0,198,176,198,176,16,0,0,0,0,198,176,198,176,16,0,0,0,0,198,176,198,176,16,0,0,0,0,198,176,198,176,16,0,0
41001,-40,19,FALL,159,198,176,0,0,0,0,198,176,198,176,17,0,0,0,0,198,176,198,176,17,0,0,0,0,198,176,198,176,17,0,0,0,0,198,176,198,176,17,0,0
41001,-40,20,RISE,182,198,176,0,0,0,0,198,176,198,176,16,0,0,0,0,198,176,198,176,16,0,0,0,0,198,176,198,176,16,0,0,0,0,198,176,198,176,16,0,0
41001,-40,21,FALL,135,198,176,0,0,1,0,198,176,198,176,41,1,0,1,0,198,176,198,176,41,1,0,1,0,198,176,198,176,41,1,0,1,0,198,176,198,176,41,1,0
41001,-40,22,RISE,182,198,176,0,0,0,1,198,176,198,176,16,0,0,0,1,198,176,198,176,16,0,0,0,1,198,176,198,176,16,0,0,0,1,198,176,198,176,16,0,0
41001,-40,23,FALL,159,198,176,0,0,0,1,198,176,198,176,17,0,0,0,1,198,176,198,176,17,0,0,0,1,198,176,198,176,17,0,0,0,1,198,176,198,176,17,0,0
41001,125,0,RISE,204,198,176,0,0,0,0,198,176,198,176,6,0,0,0,0,198,176,198,176,6,0,0,0,0,198,176,198,176,6,0,0,0,0,198,176,198,176,6,0,0
41001,125,1,FALL,204,198,176,0,0,1,0,198,176,198,176,28,1,0,1,0,198,176,198,176,28,1,0,1,0,198,176,198,176,28,1,0,1,0,198,176,198,176,28,1,0
41001,125,2,RISE,204,198,176,0,0,0,1,198,176,198,176,6,0,0,0,1,198,176,198,176,6,0,0,0,1,198,176,198,176,6,0,0,0,1,198,176,198,176,6,0,0
41001,125,3,FALL,204,198,176,0,0,1,1,198,176,198,176,28,1,0,1,1,198,176,198,176,28,1,0,1,1,198,176,198,176,28,1,0,1,1,198,176,198,176,28,1,0
41001,125,4,RISE,225,198,176,1,1,1,1,198,176,198,176,27,1,0,1,1,198,176,198,176,27,1,0,1,1,198,176,198,176,27,1,0,1,1,198,176,198,176,27,1,0
41001,125,5,FALL,204,198,176,0,0,1,1,198,176,198,176,28,1,0,1,1,198,176,198,176,28,1,0,1,1,198,176,198,176,28,1,0,1,1,198,176,198,176,28,1,0
41001,125,6,RISE,204,198,176,0,0,0,1,198,176,198,176,6,0,0,0,1,198,176,198,176,6,0,0,0,1,198,176,198,176,6,0,0,0,1,198,176,198,176,6,0,0
41001,125,7,FALL,204,198,176,0,0,1,1,198,176,198,176,28,1,0,1,1,198,176,198,176,28,1,0,1,1,198,176,198,176,28,1,0,1,1,198,176,198,176,28,1,0
41001,125,8,RISE,204,198,176,0,0,0,1,198,176,198,176,6,0,0,0,1,198,176,198,176,6,0,0,0,1,198,176,198,176,6,0,0,0,1,198,176,198,176,6,0,0
41001,125,9,FALL,204,198,176,0,0,1,1,198,176,198,176,28,1,0,1,1,198,176,198,176,28,1,0,1,1,198,176,198,176,28,1,0,1,1,198,176,198,176,28,1,0
41001,125,10,RISE,204,198,176,0,0,0,1,198,176,198,176,6,0,0,0,1,198,176,198,176,6,0,0,0,1,198,176,198,176,6,0,0,0,1,198,176,198,176,6,0,0
41001,125,11,FALL,204,198,176,0,0,1,1,198,176,198,176,28,1,0,1,1,198,176,198,176,28,1,0,1,1,198,176,198,176,28,1,0,1,1,198,176,198,176,28,1,0
41001,125,12,RISE,204,198,176,0,0,0,1,198,176,198,176,6,0,0,0,1,198,176,198,176,6,0,0,0,1,198,176,198,176,6,0,0,0,1,198,176,198,176,6,0,0
41001,125,13,FALL,204,198,176,0,0,1,1,198,176,198,176,28,1,0,1,1,198,176,198,176,28,1,0,1,1,198,176,198,176,28,1,0,1,1,198,176,198,176,28,1,0
41001,125,14,RISE,204,198,176,0,0,0,1,198,176,198,176,6,0,0,0,1,198,176,198,176,6,0,0,0,1,198,176,198,176,6,0,0,0,1,198,176,198,176,6,0,0
41001,125,15,FALL,204,198,176,0,0,1,1,198,176,198,176,28,1,0,1,1,198,176,198,176,28,1,0,1,1,198,176,198,176,28,1,0,1,1,198,176,198,176,28,1,0
41001,125,16,RISE,204,198,176,0,0,0,1,198,176,198,176,6,0,0,0,1,198,176,198,176,6,0,0,0,1,198,176,198,176,6,0,0,0,1,198,176,198,176,6,0,0
41001,125,17,FALL,204,198,176,0,0,1,1,198,176,198,176,28,1,0,1,1,198,176,198,176,28,1,0,1,1,198,176,198,176,28,1,0,1,1,198,176,198,176,28,1,0
41001,125,18,RISE,204,198,176,0,0,0,1,198,176,198,176,6,0,0,0,1,198,176,198,176,6,0,0,0,1,198,176,198,176,6,0,0,0,1,198,176,198,176,6,0,0
41001,125,19,FALL,204,198,176,0,0,1,1,198,176,198,176,28,1,0,1,1,198,176,198,176,28,1,0,1,1,198,176,198,176,28,1,0,1,1,198,176,198,176,28,1,0
41001,125,20,RISE,204,198,176,0,0,0,1,198,176,198,176,6,0,0,0,1,198,176,198,176,6,0,0,0,1,198,176,198,176,6,0,0,0,1,198,176,198,176,6,0,0
41001,125,21,FALL,182,198,176,0,0,0,1,198,176,198,176,6,0,0,0,1,198,176,198,176,6,0,0,0,1,198,176,198,176,6,0,0,0,1,198,176,198,176,6,0,0
41001,125,22,RISE,204,198,176,0,0,0,1,198,176,198,176,6,0,0,0,1,198,176,198,176,6,0,0,0,1,198,176,198,176,6,0,0,0,1,198,176,198,176,6,0,0
41001,125,23,FALL,204,198,176,0,0,1,1,198,176,198,176,28,1,0,1,1,198,176,198,176,28,1,0,1,1,198,176,198,176,28,1,0,1,1,198,176,198,176,28,1,0
41002,-40,0,RISE,182,198,182,0,0,0,0,198,182,198,182,16,0,0,0,0,198,182,198,182,16,0,0,0,0,198,182,198,182,16,0,0,0,0,198,182,198,182,16,0,0
41002,-40,1,FALL,159,198,182,0,0,0,0,198,182,198,182,23,0,0,0,0,198,182,198,182,23,0,0,0,0,198,182,198,182,23,0,0,0,0,198,182,198,182,23,0,0
41002,-40,2,RISE,182,198,182,0,0,0,0,198,182,198,182,16,0,0,0,0,198,182,198,182,16,0,0,0,0,198,182,198,182,16,0,0,0,0,198,182,198,182,16,0,0
41002,-40,3,FALL,159,198,182,0,0,0,0,198,182,198,182,23,0,0,0,0,198,182,198,182,23,0,0,0,0,198,182,198,182,23,0,0,0,0,198,182,198,182,23,0,0
41002,-40,4,RISE,182,198,182,0,0,0,0,198,182,198,182,16,0,0,0,0,198,182,198,182,16,0,0,0,0,198,182,198,182,16,0,0,0,0,198,182,198,182,16,0,0
41002,-40,5,FALL,159,198,182,0,0,0,0,198,182,198,182,23,0,0,0,0,198,182,198,182,23,0,0,0,0,198,182,198,182,23,0,0,0,0,198,182,198,182,23,0,0
41002,-40,6,RISE,182,198,182,0,0,0,0,198,182,198,182,16,0,0,0,0,198,182,198,182,16,0,0,0,0,198,182,198,182,16,0,0,0,0,198,182,198,182,16,0,0
41002,-40,7,FALL,159,198,182,0,0,0,0,198,182,198,182,23,0,0,0,0,198,182,198,182,23,0,0,0,0,198,182,198,182,23,0,0,0,0,198,182,198,182,23,0,0
41002,-40,8,RISE,182,198,182,0,0,0,0,198,182,198,182,16,0,0,0,0,198,182,198,182,16,0,0,0,0,198,182,198,182,16,0,0,0,0,198,182,198,182,16,0,0
41002,-40,9,FALL,159,198,182,0,0,0,0,198,182,198,182,23,0,0,0,0,198,182,198,182,23,0,0,0,0,198,182,198,182,23,0,0,0,0,198,182,198,182,23,0,0
41002,-40,10,RISE,182,198,182,0,0,0,0,198,182,198,182,16,0,0,0,0,198,182,198,182,16,0,0,0,0,198,182,198,182,16,0,0,0,0,198,182,198,182,16,0,0
41002,-40,11,FALL,159,198,182,0,0,0,0,198,182,198,182,23,0,0,0,0,198,182,198,182,23,0,0,0,0,198,182,198,182,23,0,0,0,0,198,182,198,182,23,0,0
41002,-40,12,RISE,182,198,182,0,0,0,0,198,182,198,182,16,0,0,0,0,198,182,198,182,16,0,0,0,0,198,182,198,182,16,0,0,0,0,198,182,198,182,16,0,0
41002,-40,13,FALL,159,198,182,0,0,0,0,198,182,198,182,23,0,0,0,0,198,182,198,182,23,0,0,0,0,198,182,198,182,23,0,0,0,0,198,182,198,182,23,0,0
41002,-40,14,RISE,182,198,182,0,0,0,0,198,182,198,182,16,0,0,0,0,198,182,198,182,16,0,0,0,0,198,182,198,182,16,0,0,0,0,198,182,198,182,16,0,0
41002,-40,15,FALL,159,198,182,0,0,0,0,198,182,198,182,23,0,0,0,0,198,182,198,182,23,0,0,0,0,198,182,198,182,23,0,0,0,0,198,182,198,182,23,0,0
41002,-40,16,RISE,182,198,182,0,0,0,0,198,182,198,182,16,0,0,0,0,198,182,198,182,16,0,0,0,0,198,182,198,182,16,0,0,0,0,198,182,198,182,16,0,0
41002,-40,17,FALL,159,198,182,0,0,0,0,198,182,198,182,23,0,0,0,0,198,182,198,182,23,0,0,0,0,198,182,198,182,23,0,0,0,0,198,182,198,182,23,0,0
41002,-40,18,RISE,182,198,182,0,0,0,0,198,182,198,182,16,0,0,0,0,198,182,198,182,16,0,0,0,0,198,182,198,182,16,0,0,0,0,198,182,198,182,16,0,0
41002,-40,19,FALL,159,198,182,0,0,0,0,198,182,198,182,23,0,0,0,0,198,182,198,182,23,0,0,0,0,198,182,198,182,23,0,0,0,0,198,182,198,182,23,0,0
41002,-40,20,RISE,182,198,182,0,0,0,0,198,182,198,182,16,0,0,0,0,198,182,198,182,16,0,0,0,0,198,182,198,182,16,0,0,0,0,198,182,198,182,16,0,0
41002,-40,21,FALL,159,198,182,0,0,0,0,198,182,198,182,23,0,0,0,0,198,182,198,182,23,0,0,0,0,198,182,198,182,23,0,0,0,0,198,182,198,182,23,0,0
41002,-40,22,RISE,182,198,182,0,0,0,0,198,182,198,182,16,0,0,0,0,198,182,198,182,16,0,0,0,0,198,182,198,182,16,0,0,0,0,198,182,198,182,16,0,0
41002,-40,23,FALL,159,198,182,0,0,0,0,198,182,198,182,23,0,0,0,0,198,182,198,182,23,0,0,0,0,198,182,198,182,23,0,0,0,0,198,182,198,182,23,0,0
41002,125,0,RISE,204,198,182,0,0,0,0,198,182,198,182,6,0,0,0,0,198,182,198,182,6,0,0,0,0,198,182,198,182,6,0,0,0,0,198,182,198,182,6,0,0
41002,125,1,FALL,204,198,182,0,0,0,0,198,182,198,182,22,0,0,0,0,198,182,198,182,22,0,0,0,0,198,182,198,182,22,0,0,0,0,198,182,198,182,22,0,0
41002,125,2,RISE,204,198,182,0,0,0,0,198,182,198,182,6,0,0,0,0,198,182,198,182,6,0,0,0,0,198,182,198,182,6,0,0,0,0,198,182,198,182,6,0,0
41002,125,3,FALL,204,198,182,0,0,0,0,198,182,198,182,22,0,0,0,0,198,182,198,182,22,0,0,0,0,198,182,198,182,22,0,0,0,0,198,182,198,182,22,0,0
41002,125,4,RISE,225,198,182,1,1,1,0,198,182,198,182,27,1,0,1,0,198,182,198,182,27,1,0,1,0,198,182,198,182,27,1,0,1,0,198,182,198,182,27,1,0
41002,125,5,FALL,204,198,182,0,0,0,1,198,182,198,182,22,0,0,0,1,198,182,198,182,22,0,0,0,1,198,182,198,182,22,0,0,0,1,198,182,198,182,22,0,0
41002,125,6,RISE,204,198,182,0,0,0,1,198,182,198,182,6,0,0,0,1,198,182,198,182,6,0,0,0,1,198,182,198,182,6,0,0,0,1,198,182,198,182,6,0,0
41002,125,7,FALL,204,198,182,0,0,0,1,198,182,198,182,22,0,0,0,1,198,182,198,182,22,0,0,0,1,198,182,198,182,22,0,0,0,1,198,182,198,182,22,0,0
41002,125,8,RISE,204,198,182,0,0,0,1,198,182,198,182,6,0,0,0,1,198,182,198,182,6,0,0,0,1,198,182,198,182,6,0,0,0,1,198,182,198,182,6,0,0
41002,125,9,FALL,204,198,182,0,0,0,1,198,182,198,182,22,0,0,0,1,198,182,198,182,22,0,0,0,1,198,182,198,182,22,0,0,0,1,198,182,198,182,22,0,0
41002,125,10,RISE,204,198,182,0,0,0,1,198,182,198,182,6,0,0,0,1,198,182,198,182,6,0,0,0,1,198,182,198,182,6,0,0,0,1,198,182,198,182,6,0,0
41002,125,11,FALL,204,198,182,0,0,0,1,198,182,198,182,22,0,0,0,1,198,182,198,182,22,0,0,0,1,198,182,198,182,22,0,0,0,1,198,182,198,182,22,0,0
41002,125,12,RISE,204,198,182,0,0,0,1,198,182,198,182,6,0,0,0,1,198,182,198,182,6,0,0,0,1,198,182,198,182,6,0,0,0,1,198,182,198,182,6,0,0
41002,125,13,FALL,204,198,182,0,0,0,1,198,182,198,182,22,0,0,0,1,198,182,198,182,22,0,0,0,1,198,182,198,182,22,0,0,0,1,198,182,198,182,22,0,0
41002,125,14,RISE,204,198,182,0,0,0,1,198,182,198,182,6,0,0,0,1,198,182,198,182,6,0,0,0,1,198,182,198,182,6,0,0,0,1,198,182,198,182,6,0,0
41002,125,15,FALL,204,198,182,0,0,0,1,198,182,198,182,22,0,0,0,1,198,182,198,182,22,0,0,0,1,198,182,198,182,22,0,0,0,1,198,182,198,182,22,0,0
41002,125,16,RISE,204,198,182,0,0,0,1,198,182,198,182,6,0,0,0,1,198,182,198,182,6,0,0,0,1,198,182,198,182,6,0,0,0,1,198,182,198,182,6,0,0
41002,125,17,FALL,204,198,182,0,0,0,1,198,182,198,182,22,0,0,0,1,198,182,198,182,22,0,0,0,1,198,182,198,182,22,0,0,0,1,198,182,198,182,22,0,0
41002,125,18,RISE,204,198,182,0,0,0,1,198,182,198,182,6,0,0,0,1,198,182,198,182,6,0,0,0,1,198,182,198,182,6,0,0,0,1,198,182,198,182,6,0,0
41002,125,19,FALL,204,198,182,0,0,0,1,198,182,198,182,22,0,0,0,1,198,182,198,182,22,0,0,0,1,198,182,198,182,22,0,0,0,1,198,182,198,182,22,0,0
41002,125,20,RISE,204,198,182,0,0,0,1,198,182,198,182,6,0,0,0,1,198,182,198,182,6,0,0,0,1,198,182,198,182,6,0,0,0,1,198,182,198,182,6,0,0
41002,125,21,FALL,204,198,182,0,0,0,1,198,182,198,182,22,0,0,0,1,198,182,198,182,22,0,0,0,1,198,182,198,182,22,0,0,0,1,198,182,198,182,22,0,0
41002,125,22,RISE,204,198,182,0,0,0,1,198,182,198,182,6,0,0,0,1,198,182,198,182,6,0,0,0,1,198,182,198,182,6,0,0,0,1,198,182,198,182,6,0,0
41002,125,23,FALL,204,198,182,0,0,0,1,198,182,198,182,22,0,0,0,1,198,182,198,182,22,0,0,0,1,198,182,198,182,22,0,0,0,1,198,182,198,182,22,0,0
41003,-40,0,RISE,135,159,128,0,0,1,0,159,128,159,128,24,1,0,1,0,159,128,159,128,24,1,0,1,0,159,128,159,128,24,1,0,1,0,159,128,159,128,24,1,0
41003,-40,1,FALL,84,159,128,0,0,1,1,159,128,159,128,44,1,0,1,1,159,128,159,128,44,1,0,1,1,159,128,159,128,44,1,0,1,1,159,128,159,128,44,1,0
41003,-40,2,RISE,135,159,128,0,0,1,1,159,128,159,128,24,1,0,1,1,159,128,159,128,24,1,0,1,1,159,128,159,128,24,1,0,1,1,159,128,159,128,24,1,0
41003,-40,3,FALL,84,159,128,0,0,1,1,159,128,159,128,44,1,0,1,1,159,128,159,128,44,1,0,1,1,159,128,159,128,44,1,0,1,1,159,128,159,128,44,1,0
41003,-40,4,RISE,135,159,128,0,0,1,1,159,128,159,128,24,1,0,1,1,159,128,159,128,24,1,0,1,1,159,128,159,128,24,1,0,1,1,159,128,159,128,24,1,0
41003,-40,5,FALL,84,159,128,0,0,1,1,159,128,159,128,44,1,0,1,1,159,128,159,128,44,1,0,1,1,159,128,159,128,44,1,0,1,1,159,128,159,128,44,1,0
41003,-40,6,RISE,135,159,128,0,0,1,1,159,128,159,128,24,1,0,1,1,159,128,159,128,24,1,0,1,1,159,128,159,128,24,1,0,1,1,159,128,159,128,24,1,0
41003,-40,7,FALL,84,159,128,0,0,1,1,159,128,159,128,44,1,0,1,1,159,128,159,128,44,1,0,1,1,159,128,159,128,44,1,0,1,1,159,128,159,128,44,1,0
41003,-40,8,RISE,135,159,128,0,0,1,1,159,128,159,128,24,1,0,1,1,159,128,159,128,24,1,0,1,1,159,128,159,128,24,1,0,1,1,159,128,159,128,24,1,0
41003,-40,9,FALL,84,159,128,0,0,1,1,159,128,159,128,44,1,0,1,1,159,128,159,128,44,1,0,1,1,159,128,159,128,44,1,0,1,1,159,128,159,128,44,1,0
41003,-40,10,RISE,135,159,128,0,0,1,1,159,128,159,128,24,1,0,1,1,159,128,159,128,24,1,0,1,1,159,128,159,128,24,1,0,1,1,159,128,159,128,24,1,0
41003,-40,11,FALL,84,159,128,0,0,1,1,159,128,159,128,44,1,0,1,1,159,128,159,128,44,1,0,1,1,159,128,159,128,44,1,0,1,1,159,128,159,128,44,1,0
41003,-40,12,RISE,135,159,128,0,0,1,1,159,128,159,128,24,1,0,1,1,159,128,159,128,24,1,0,1,1,159,128,159,128,24,1,0,1,1,159,128,159,128,24,1,0
41003,-40,13,FALL,84,159,128,0,0,1,1,159,128,159,128,44,1,0,1,1,159,128,159,128,44,1,0,1,1,159,128,159,128,44,1,0,1,1,159,128,159,128,44,1,0
41003,-40,14,RISE,135,159,128,0,0,1,1,159,128,159,128,24,1,0,1,1,159,128,159,128,24,1,0,1,1,159,128,159,128,24,1,0,1,1,159,128,159,128,24,1,0
41003,-40,15,FALL,84,159,128,0,0,1,1,159,128,159,128,44,1,0,1,1,159,128,159,128,44,1,0,1,1,159,128,159,128,44,1,0,1,1,159,128,159,128,44,1,0
41003,-40,16,RISE,135,159,128,0,0,1,1,159,128,159,128,24,1,0,1,1,159,128,159,128,24,1,0,1,1,159,128,159,128,24,1,0,1,1,159,128,159,128,24,1,0
41003,-40,17,FALL,84,159,128,0,0,1,1,159,128,159,128,44,1,0,1,1,159,128,159,128,44,1,0,1,1,159,128,159,128,44,1,0,1,1,159,128,159,128,44,1,0
41003,-40,18,RISE,135,159,128,0,0,1,1,159,128,159,128,24,1,0,1,1,159,128,159,128,24,1,0,1,1,159,128,159,128,24,1,0,1,1,159,128,159,128,24,1,0
41003,-40,19,FALL,84,159,128,0,0,1,1,159,128,159,128,44,1,0,1,1,159,128,159,128,44,1,0,1,1,159,128,159,128,44,1,0,1,1,159,128,159,128,44,1,0
41003,-40,20,RISE,135,159,128,0,0,1,1,159,128,159,128,24,1,0,1,1,159,128,159,128,24,1,0,1,1,159,128,159,128,24,1,0,1,1,159,128,159,128,24,1,0
41003,-40,21,FALL,84,159,128,0,0,1,1,159,128,159,128,44,1,0,1,1,159,128,159,128,44,1,0,1,1,159,128,159,128,44,1,0,1,1,159,128,159,128,44,1,0
41003,-40,22,RISE,135,159,128,0,0,1,1,159,128,159,128,24,1,0,1,1,159,128,159,128,24,1,0,1,1,159,128,159,128,24,1,0,1,1,159,128,159,128,24,1,0
41003,-40,23,FALL,84,159,128,0,0,1,1,159,128,159,128,44,1,0,1,1,159,128,159,128,44,1,0,1,1,159,128,159,128,44,1,0,1,1,159,128,159,128,44,1,0
41003,125,0,RISE,204,159,128,1,1,1,0,159,128,159,128,45,1,0,1,0,159,128,159,128,45,1,0,1,0,159,128,159,128,45,1,0,1,0,159,128,159,128,45,1,0
41003,125,1,FALL,159,159,128,0,0,1,1,159,128,159,128,31,1,0,1,1,159,128,159,128,31,1,0,1,1,159,128,159,128,31,1,0,1,1,159,128,159,128,31,1,0
41003,125,2,RISE,204,159,128,1,1,1,1,159,128,159,128,45,1,0,1,1,159,128,159,128,45,1,0,1,1,159,128,159,128,45,1,0,1,1,159,128,159,128,45,1,0
41003,125,3,FALL,159,159,128,0,0,1,1,159,128,159,128,31,1,0,1,1,159,128,159,128,31,1,0,1,1,159,128,159,128,31,1,0,1,1,159,128,159,128,31,1,0
41003,125,4,RISE,204,159,128,1,1,1,1,159,128,159,128,45,1,0,1,1,159,128,159,128,45,1,0,1,1,159,128,159,128,45,1,0,1,1,159,128,159,128,45,1,0
41003,125,5,FALL,159,159,128,0,0,1,1,159,128,159,128,31,1,0,1,1,159,128,159,128,31,1,0,1,1,159,128,159,128,31,1,0,1,1,159,128,159,128,31,1,0
41003,125,6,RISE,182,159,128,1,1,1,1,159,128,159,128,23,1,0,1,1,159,128,159,128,23,1,0,1,1,159,128,159,128,23,1,0,1,1,159,128,159,128,23,1,0
41003,125,7,FALL,159,159,128,0,0,1,1,159,128,159,128,31,1,0,1,1,159,128,159,128,31,1,0,1,1,159,128,159,128,31,1,0,1,1,159,128,159,128,31,1,0
41003,125,8,RISE,182,159,128,1,1,1,1,159,128,159,128,23,1,0,1,1,159,128,159,128,23,1,0,1,1,159,128,159,128,23,1,0,1,1,159,128,159,128,23,1,0
41003,125,9,FALL,159,159,128,0,0,1,1,159,128,159,128,31,1,0,1,1,159,128,159,128,31,1,0,1,1,159,128,159,128,31,1,0,1,1,159,128,159,128,31,1,0
41003,125,10,RISE,204,159,128,1,1,1,1,159,128,159,128,45,1,0,1,1,159,128,159,128,45,1,0,1,1,159,128,159,128,45,1,0,1,1,159,128,159,128,45,1,0
41003,125,11,FALL,159,159,128,0,0,1,1,159,128,159,128,31,1,0,1,1,159,128,159,128,31,1,0,1,1,159,128,159,128,31,1,0,1,1,159,128,159,128,31,1,0
41003,125,12,RISE,182,159,128,1,1,1,1,159,128,159,128,23,1,0,1,1,159,128,159,128,23,1,0,1,1,159,128,159,128,23,1,0,1,1,159,128,159,128,23,1,0
41003,125,13,FALL,159,159,128,0,0,1,1,159,128,159,128,31,1,0,1,1,159,128,159,128,31,1,0,1,1,159,128,159,128,31,1,0,1,1,159,128,159,128,31,1,0
41003,125,14,RISE,182,159,128,1,1,1,1,159,128,159,128,23,1,0,1,1,159,128,159,128,23,1,0,1,1,159,128,159,128,23,1,0,1,1,159,128,159,128,23,1,0
41003,125,15,FALL,159,159,128,0,0,1,1,159,128,159,128,31,1,0,1,1,159,128,159,128,31,1,0,1,1,159,128,159,128,31,1,0,1,1,159,128,159,128,31,1,0
41003,125,16,RISE,182,159,128,1,1,1,1,159,128,159,128,23,1,0,1,1,159,128,159,128,23,1,0,1,1,159,128,159,128,23,1,0,1,1,159,128,159,128,23,1,0
41003,125,17,FALL,159,159,128,0,0,1,1,159,128,159,128,31,1,0,1,1,159,128,159,128,31,1,0,1,1,159,128,159,128,31,1,0,1,1,159,128,159,128,31,1,0
41003,125,18,RISE,182,159,128,1,1,1,1,159,128,159,128,23,1,0,1,1,159,128,159,128,23,1,0,1,1,159,128,159,128,23,1,0,1,1,159,128,159,128,23,1,0
41003,125,19,FALL,159,159,128,0,0,1,1,159,128,159,128,31,1,0,1,1,159,128,159,128,31,1,0,1,1,159,128,159,128,31,1,0,1,1,159,128,159,128,31,1,0
41003,125,20,RISE,182,159,128,1,1,1,1,159,128,159,128,23,1,0,1,1,159,128,159,128,23,1,0,1,1,159,128,159,128,23,1,0,1,1,159,128,159,128,23,1,0
41003,125,21,FALL,159,159,128,0,0,1,1,159,128,159,128,31,1,0,1,1,159,128,159,128,31,1,0,1,1,159,128,159,128,31,1,0,1,1,159,128,159,128,31,1,0
41003,125,22,RISE,204,159,128,1,1,1,1,159,128,159,128,45,1,0,1,1,159,128,159,128,45,1,0,1,1,159,128,159,128,45,1,0,1,1,159,128,159,128,45,1,0
41003,125,23,FALL,159,159,128,0,0,1,1,159,128,159,128,31,1,0,1,1,159,128,159,128,31,1,0,1,1,159,128,159,128,31,1,0,1,1,159,128,159,128,31,1,0
41004,-40,0,RISE,182,187,159,0,0,0,0,187,159,187,159,5,0,0,0,0,187,159,187,159,5,0,0,0,0,187,159,187,159,5,0,0,0,0,187,159,187,159,5,0,0
41004,-40,1,FALL,135,187,159,0,0,0,0,187,159,187,159,24,0,0,0,0,187,159,187,159,24,0,0,0,0,187,159,187,159,24,0,0,0,0,187,159,187,159,24,0,0
41004,-40,2,RISE,182,187,159,0,0,0,0,187,159,187,159,5,0,0,0,0,187,159,187,159,5,0,0,0,0,187,159,187,159,5,0,0,0,0,187,159,187,159,5,0,0
41004,-40,3,FALL,135,187,159,0,0,0,0,187,159,187,159,24,0,0,0,0,187,159,186,159,24,0,1,0,0,187,159,187,159,24,0,0,0,0,187,159,186,159,24,0,1
41004,-40,4,RISE,182,187,159,0,0,0,0,187,159,187,159,5,0,0,0,0,186,159,186,159,4,0,0,0,0,187,159,187,159,5,0,0,0,0,186,159,186,159,4,0,0
41004,-40,5,FALL,135,187,159,0,0,0,0,187,159,187,159,24,0,0,0,0,186,159,186,159,24,0,0,0,0,187,159,187,159,24,0,0,0,0,186,159,186,159,24,0,0
41004,-40,6,RISE,182,187,159,0,0,0,0,187,159,187,159,5,0,0,0,0,186,159,186,159,4,0,0,0,0,187,159,187,159,5,0,0,0,0,186,159,186,159,4,0,0
41004,-40,7,FALL,135,187,159,0,0,0,0,187,159,187,159,24,0,0,0,0,186,159,185,159,24,0,1,0,0,187,159,187,159,24,0,0,0,0,186,159,185,159,24,0,1
41004,-40,8,RISE,182,187,159,0,0,0,0,187,159,187,159,5,0,0,0,0,185,159,185,159,3,0,0,0,0,187,159,187,159,5,0,0,0,0,185,159,185,159,3,0,0
41004,-40,9,FALL,135,187,159,0,0,0,0,187,159,187,159,24,0,0,0,0,185,159,185,159,24,0,0,0,0,187,159,187,159,24,0,0,0,0,185,159,185,159,24,0,0
41004,-40,10,RISE,182,187,159,0,0,0,0,187,159,187,159,5,0,0,0,0,185,159,185,159,3,0,0,0,0,187,159,187,159,5,0,0,0,0,185,159,185,159,3,0,0
41004,-40,11,FALL,135,187,159,0,0,0,0,187,159,187,159,24,0,0,0,0,185,159,185,159,24,0,0,0,0,187,159,187,159,24,0,0,0,0,185,159,185,159,24,0,0
41004,-40,12,RISE,182,187,159,0,0,0,0,187,159,187,159,5,0,0,0,0,185,159,185,159,3,0,0,0,0,187,159,187,159,5,0,0,0,0,185,159,185,159,3,0,0
41004,-40,13,FALL,135,187,159,0,0,0,0,187,159,187,159,24,0,0,0,0,185,159,185,159,24,0,0,0,0,187,159,187,159,24,0,0,0,0,185,159,185,159,24,0,0
41004,-40,14,RISE,182,187,159,0,0,0,0,187,159,187,159,5,0,0,0,0,185,159,185,159,3,0,0,0,0,187,159,187,159,5,0,0,0,0,185,159,185,159,3,0,0
41004,-40,15,FALL,135,187,159,0,0,0,0,187,159,187,159,24,0,0,0,0,185,159,185,159,24,0,0,0,0,187,159,187,159,24,0,0,0,0,185,159,185,159,24,0,0
41004,-40,16,RISE,182,187,159,0,0,0,0,187,159,187,159,5,0,0,0,0,185,159,185,159,3,0,0,0,0,187,159,187,159,5,0,0,0,0,185,159,185,159,3,0,0
41004,-40,17,FALL,135,187,159,0,0,0,0,187,159,187,159,24,0,0,0,0,185,159,185,159,24,0,0,0,0,187,159,187,159,24,0,0,0,0,185,159,185,159,24,0,0
41004,-40,18,RISE,182,187,159,0,0,0,0,187,159,187,159,5,0,0,0,0,185,159,185,159,3,0,0,0,0,187,159,187,159,5,0,0,0,0,185,159,185,159,3,0,0
41004,-40,19,FALL,135,187,159,0,0,0,0,187,159,187,159,24,0,0,0,0,185,159,185,159,24,0,0,0,0,187,159,187,159,24,0,0,0,0,185,159,185,159,24,0,0
41004,-40,20,RISE,159,187,159,0,0,1,0,187,159,187,159,28,1,0,1,0,185,159,185,159,26,1,0,1,0,187,159,187,159,28,1,0,1,0,185,159,185,159,26,1,0
41004,-40,21,FALL,135,187,159,0,0,0,1,187,159,187,159,24,0,0,0,1,185,159,185,159,24,0,0,0,1,187,159,187,159,24,0,0,0,1,185,159,185,159,24,0,0
41004,-40,22,RISE,182,187,159,0,0,0,1,187,159,187,159,5,0,0,0,1,185,159,185,159,3,0,0,0,1,187,159,187,159,5,0,0,0,1,185,159,185,159,3,0,0
41004,-40,23,FALL,135,187,159,0,0,0,1,187,159,187,159,24,0,0,0,1,185,159,185,159,24,0,0,0,1,187,159,187,159,24,0,0,0,1,185,159,185,159,24,0,0
41004,125,0,RISE,204,187,159,0,0,0,0,187,159,187,159,17,0,0,0,0,187,159,187,159,17,0,0,0,0,187,159,187,159,17,0,0,0,0,187,159,187,159,17,0,0
41004,125,1,FALL,182,187,159,0,0,0,0,187,159,187,159,23,0,0,0,0,187,159,187,159,23,0,0,0,0,187,159,187,159,23,0,0,0,0,187,159,187,159,23,0,0
41004,125,2,RISE,204,187,159,0,0,0,0,187,159,187,159,17,0,0,0,0,187,159,187,159,17,0,0,0,0,187,159,187,159,17,0,0,0,0,187,159,187,159,17,0,0
41004,125,3,FALL,182,187,159,0,0,0,0,187,159,187,159,23,0,0,0,0,187,159,187,159,23,0,0,0,0,187,159,187,159,23,0,0,0,0,187,159,187,159,23,0,0
41004,125,4,RISE,225,187,159,1,1,1,0,187,159,187,159,38,1,0,1,0,187,159,187,159,38,1,0,1,0,187,159,187,159,38,1,0,1,0,187,159,187,159,38,1,0
41004,125,5,FALL,182,187,159,0,0,0,1,187,159,187,159,23,0,0,0,1,187,159,187,159,23,0,0,0,1,187,159,187,159,23,0,0,0,1,187,159,187,159,23,0,0
41004,125,6,RISE,204,187,159,0,0,0,1,187,159,187,159,17,0,0,0,1,187,159,187,159,17,0,0,0,1,187,159,187,159,17,0,0,0,1,187,159,187,159,17,0,0
41004,125,7,FALL,182,187,159,0,0,0,1,187,159,187,159,23,0,0,0,1,187,159,187,159,23,0,0,0,1,187,159,187,159,23,0,0,0,1,187,159,187,159,23,0,0
41004,125,8,RISE,204,187,159,0,0,0,1,187,159,187,159,17,0,0,0,1,187,159,187,159,17,0,0,0,1,187,159,187,159,17,0,0,0,1,187,159,187,159,17,0,0
41004,125,9,FALL,182,187,159,0,0,0,1,187,159,187,159,23,0,0,0,1,187,159,187,159,23,0,0,0,1,187,159,187,159,23,0,0,0,1,187,159,187,159,23,0,0
41004,125,10,RISE,204,187,159,0,0,0,1,187,159,187,159,17,0,0,0,1,187,159,187,159,17,0,0,0,1,187,159,187,159,17,0,0,0,1,187,159,187,159,17,0,0
41004,125,11,FALL,182,187,159,0,0,0,1,187,159,187,159,23,0,0,0,1,187,159,187,159,23,0,0,0,1,187,159,187,159,23,0,0,0,1,187,159,187,159,23,0,0
41004,125,12,RISE,204,187,159,0,0,0,1,187,159,187,159,17,0,0,0,1,187,159,187,159,17,0,0,0,1,187,159,187,159,17,0,0,0,1,187,159,187,159,17,0,0
41004,125,13,FALL,182,187,159,0,0,0,1,187,159,187,159,23,0,0,0,1,187,159,187,159,23,0,0,0,1,187,159,187,159,23,0,0,0,1,187,159,187,159,23,0,0
41004,125,14,RISE,204,187,159,0,0,0,1,187,159,187,159,17,0,0,0,1,187,159,187,159,17,0,0,0,1,187,159,187,159,17,0,0,0,1,187,159,187,159,17,0,0
41004,125,15,FALL,182,187,159,0,0,0,1,187,159,187,159,23,0,0,0,1,187,159,187,159,23,0,0,0,1,187,159,187,159,23,0,0,0,1,187,159,187,159,23,0,0
41004,125,16,RISE,204,187,159,0,0,0,1,187,159,187,159,17,0,0,0,1,187,159,187,159,17,0,0,0,1,187,159,187,159,17,0,0,0,1,187,159,187,159,17,0,0
41004,125,17,FALL,182,187,159,0,0,0,1,187,159,187,159,23,0,0,0,1,187,159,187,159,23,0,0,0,1,187,159,187,159,23,0,0,0,1,187,159,187,159,23,0,0
41004,125,18,RISE,204,187,159,0,0,0,1,187,159,187,159,17,0,0,0,1,187,159,187,159,17,0,0,0,1,187,159,187,159,17,0,0,0,1,187,159,187,159,17,0,0
41004,125,19,FALL,182,187,159,0,0,0,1,187,159,187,159,23,0,0,0,1,187,159,187,159,23,0,0,0,1,187,159,187,159,23,0,0,0,1,187,159,187,159,23,0,0
41004,125,20,RISE,204,187,159,0,0,0,1,187,159,187,159,17,0,0,0,1,187,159,187,159,17,0,0,0,1,187,159,187,159,17,0,0,0,1,187,159,187,159,17,0,0
41004,125,21,FALL,182,187,159,0,0,0,1,187,159,187,159,23,0,0,0,1,187,159,187,159,23,0,0,0,1,187,159,187,159,23,0,0,0,1,187,159,187,159,23,0,0
41004,125,22,RISE,204,187,159,0,0,0,1,187,159,187,159,17,0,0,0,1,187,159,187,159,17,0,0,0,1,187,159,187,159,17,0,0,0,1,187,159,187,159,17,0,0
41004,125,23,FALL,182,187,159,0,0,0,1,187,159,187,159,23,0,0,0,1,187,159,187,159,23,0,0,0,1,187,159,187,159,23,0,0,0,1,187,159,187,159,23,0,0
41005,-40,0,RISE,182,204,176,0,0,0,0,204,176,204,176,22,0,0,0,0,204,176,204,176,22,0,0,0,0,204,176,204,176,22,0,0,0,0,204,176,204,176,22,0,0
41005,-40,1,FALL,159,204,176,0,0,0,0,204,176,204,176,17,0,0,0,0,204,176,204,176,17,0,0,0,0,204,176,204,176,17,0,0,0,0,204,176,204,176,17,0,0
41005,-40,2,RISE,182,204,176,0,0,0,0,204,176,204,176,22,0,0,0,0,204,176,204,176,22,0,0,0,0,204,176,204,176,22,0,0,0,0,204,176,204,176,22,0,0
41005,-40,3,FALL,135,204,176,0,0,1,0,204,176,204,176,41,1,0,1,0,204,176,204,176,41,1,0,1,0,204,176,204,176,41,1,0,1,0,204,176,204,176,41,1,0
41005,-40,4,RISE,204,204,176,0,0,0,1,204,176,204,176,0,0,0,0,1,204,176,204,176,0,0,0,0,1,204,176,204,176,0,0,0,0,1,204,176,204,176,0,0,0
41005,-40,5,FALL,159,204,176,0,0,0,1,204,176,204,176,17,0,0,0,1,204,176,204,176,17,0,0,0,1,204,176,204,176,17,0,0,0,1,204,176,204,176,17,0,0
41005,-40,6,RISE,182,204,176,0,0,0,1,204,176,204,176,22,0,0,0,1,204,176,204,176,22,0,0,0,1,204,176,204,176,22,0,0,0,1,204,176,204,176,22,0,0
41005,-40,7,FALL,159,204,176,0,0,0,1,204,176,204,176,17,0,0,0,1,204,176,204,176,17,0,0,0,1,204,176,204,176,17,0,0,0,1,204,176,204,176,17,0,0
41005,-40,8,RISE,182,204,176,0,0,0,1,204,176,204,176,22,0,0,0,1,204,176,204,176,22,0,0,0,1,204,176,204,176,22,0,0,0,1,204,176,204,176,22,0,0
41005,-40,9,FALL,159,204,176,0,0,0,1,204,176,204,176,17,0,0,0,1,204,176,204,176,17,0,0,0,1,204,176,204,176,17,0,0,0,1,204,176,204,176,17,0,0
41005,-40,10,RISE,182,204,176,0,0,0,1,204,176,204,176,22,0,0,0,1,204,176,204,176,22,0,0,0,1,204,176,204,176,22,0,0,0,1,204,176,204,176,22,0,0
41005,-40,11,FALL,159,204,176,0,0,0,1,204,176,204,176,17,0,0,0,1,204,176,204,176,17,0,0,0,1,204,176,204,176,17,0,0,0,1,204,176,204,176,17,0,0
41005,-40,12,RISE,182,204,176,0,0,0,1,204,176,204,176,22,0,0,0,1,204,176,204,176,22,0,0,0,1,204,176,204,176,22,0,0,0,1,204,176,204,176,22,0,0
41005,-40,13,FALL,135,204,176,0,0,1,1,204,176,204,176,41,1,0,1,1,204,176,204,176,41,1,0,1,1,204,176,204,176,41,1,0,1,1,204,176,204,176,41,1,0
41005,-40,14,RISE,182,204,176,0,0,0,1,204,176,204,176,22,0,0,0,1,204,176,204,176,22,0,0,0,1,204,176,204,176,22,0,0,0,1,204,176,204,176,22,0,0
41005,-40,15,FALL,159,204,176,0,0,0,1,204,176,204,176,17,0,0,0,1,204,176,204,176,17,0,0,0,1,204,176,204,176,17,0,0,0,1,204,176,204,176,17,0,0
41005,-40,16,RISE,182,204,176,0,0,0,1,204,176,204,176,22,0,0,0,1,204,176,204,176,22,0,0,0,1,204,176,204,176,22,0,0,0,1,204,176,204,176,22,0,0
41005,-40,17,FALL,159,204,176,0,0,0,1,204,176,204,176,17,0,0,0,1,204,176,204,176,17,0,0,0,1,204,176,204,176,17,0,0,0,1,204,176,204,176,17,0,0
41005,-40,18,RISE,182,204,176,0,0,0,1,204,176,204,176,22,0,0,0,1,204,176,204,176,22,0,0,0,1,204,176,204,176,22,0,0,0,1,204,176,204,176,22,0,0
41005,-40,19,FALL,159,204,176,0,0,0,1,204,176,204,176,17,0,0,0,1,204,176,204,176,17,0,0,0,1,204,176,204,176,17,0,0,0,1,204,176,204,176,17,0,0
41005,-40,20,RISE,182,204,176,0,0,0,1,204,176,204,176,22,0,0,0,1,204,176,204,176,22,0,0,0,1,204,176,204,176,22,0,0,0,1,204,176,204,176,22,0,0
41005,-40,21,FALL,135,204,176,0,0,1,1,204,176,204,176,41,1,0,1,1,204,176,204,176,41,1,0,1,1,204,176,204,176,41,1,0,1,1,204,176,204,176,41,1,0
41005,-40,22,RISE,182,204,176,0,0,0,1,204,176,204,176,22,0,0,0,1,204,176,204,176,22,0,0,0,1,204,176,204,176,22,0,0,0,1,204,176,204,176,22,0,0
41005,-40,23,FALL,159,204,176,0,0,0,1,204,176,204,176,17,0,0,0,1,204,176,204,176,17,0,0,0,1,204,176,204,176,17,0,0,0,1,204,176,204,176,17,0,0
41005,125,0,RISE,225,204,176,1,1,1,0,204,176,204,176,21,0,0,1,0,204,176,204,176,21,0,0,1,0,204,176,204,176,21,0,0,1,0,204,176,204,176,21,0,0
41005,125,1,FALL,204,204,176,0,0,1,1,204,176,204,176,28,1,0,1,1,204,176,204,176,28,1,0,1,1,204,176,204,176,28,1,0,1,1,204,176,204,176,28,1,0
41005,125,2,RISE,225,204,176,1,1,1,1,204,176,204,176,21,0,0,1,1,204,176,204,176,21,0,0,1,1,204,176,204,176,21,0,0,1,1,204,176,204,176,21,0,0
41005,125,3,FALL,204,204,176,0,0,1,1,204,176,204,176,28,1,0,1,1,204,176,204,176,28,1,0,1,1,204,176,204,176,28,1,0,1,1,204,176,204,176,28,1,0
41005,125,4,RISE,225,204,176,1,1,1,1,204,176,204,176,21,0,0,1,1,204,176,204,176,21,0,0,1,1,204,176,204,176,21,0,0,1,1,204,176,204,176,21,0,0
41005,125,5,FALL,204,204,176,0,0,1,1,204,176,204,176,28,1,0,1,1,204,176,204,176,28,1,0,1,1,204,176,204,176,28,1,0,1,1,204,176,204,176,28,1,0
41005,125,6,RISE,225,204,176,1,1,1,1,204,176,204,176,21,0,0,1,1,204,176,204,176,21,0,0,1,1,204,176,204,176,21,0,0,1,1,204,176,204,176,21,0,0
41005,125,7,FALL,204,204,176,0,0,1,1,204,176,204,176,28,1,0,1,1,204,176,204,176,28,1,0,1,1,204,176,204,176,28,1,0,1,1,204,176,204,176,28,1,0
41005,125,8,RISE,225,204,176,1,1,1,1,204,176,204,176,21,0,0,1,1,204,176,204,176,21,0,0,1,1,204,176,204,176,21,0,0,1,1,204,176,204,176,21,0,0
41005,125,9,FALL,204,204,176,0,0,1,1,204,176,204,176,28,1,0,1,1,204,176,204,176,28,1,0,1,1,204,176,204,176,28,1,0,1,1,204,176,204,176,28,1,0
41005,125,10,RISE,225,204,176,1,1,1,1,204,176,204,176,21,0,0,1,1,204,176,204,176,21,0,0,1,1,204,176,204,176,21,0,0,1,1,204,176,204,176,21,0,0
41005,125,11,FALL,204,204,176,0,0,1,1,204,176,204,176,28,1,0,1,1,204,176,204,176,28,1,0,1,1,204,176,204,176,28,1,0,1,1,204,176,204,176,28,1,0
41005,125,12,RISE,225,204,176,1,1,1,1,204,176,204,176,21,0,0,1,1,204,176,204,176,21,0,0,1,1,204,176,204,176,21,0,0,1,1,204,176,204,176,21,0,0
41005,125,13,FALL,204,204,176,0,0,1,1,204,176,204,176,28,1,0,1,1,204,176,204,176,28,1,0,1,1,204,176,204,176,28,1,0,1,1,204,176,204,176,28,1,0
41005,125,14,RISE,225,204,176,1,1,1,1,204,176,204,176,21,0,0,1,1,204,176,204,176,21,0,0,1,1,204,176,204,176,21,0,0,1,1,204,176,204,176,21,0,0
41005,125,15,FALL,204,204,176,0,0,1,1,204,176,204,176,28,1,0,1,1,204,176,204,176,28,1,0,1,1,204,176,204,176,28,1,0,1,1,204,176,204,176,28,1,0
41005,125,16,RISE,225,204,176,1,1,1,1,204,176,204,176,21,0,0,1,1,204,176,204,176,21,0,0,1,1,204,176,204,176,21,0,0,1,1,204,176,204,176,21,0,0
41005,125,17,FALL,204,204,176,0,0,1,1,204,176,204,176,28,1,0,1,1,204,176,204,176,28,1,0,1,1,204,176,204,176,28,1,0,1,1,204,176,204,176,28,1,0
41005,125,18,RISE,225,204,176,1,1,1,1,204,176,204,176,21,0,0,1,1,204,176,204,176,21,0,0,1,1,204,176,204,176,21,0,0,1,1,204,176,204,176,21,0,0
41005,125,19,FALL,204,204,176,0,0,1,1,204,176,204,176,28,1,0,1,1,204,176,204,176,28,1,0,1,1,204,176,204,176,28,1,0,1,1,204,176,204,176,28,1,0
41005,125,20,RISE,225,204,176,1,1,1,1,204,176,204,176,21,0,0,1,1,204,176,204,176,21,0,0,1,1,204,176,204,176,21,0,0,1,1,204,176,204,176,21,0,0
41005,125,21,FALL,182,204,176,0,0,0,1,204,176,204,176,6,0,0,0,1,204,176,204,176,6,0,0,0,1,204,176,204,176,6,0,0,0,1,204,176,204,176,6,0,0
41005,125,22,RISE,225,204,176,1,1,1,1,204,176,204,176,21,0,0,1,1,204,176,204,176,21,0,0,1,1,204,176,204,176,21,0,0,1,1,204,176,204,176,21,0,0
41005,125,23,FALL,204,204,176,0,0,1,1,204,176,204,176,28,1,0,1,1,204,176,204,176,28,1,0,1,1,204,176,204,176,28,1,0,1,1,204,176,204,176,28,1,0
41006,-40,0,RISE,159,182,182,0,0,1,0,182,182,182,182,23,1,0,1,0,182,182,182,182,23,1,0,1,0,182,182,182,182,23,1,0,1,0,182,182,182,182,23,1,0
41006,-40,1,FALL,159,182,182,0,0,0,1,182,182,182,182,23,0,0,0,1,182,182,182,182,23,0,0,0,1,182,182,182,182,23,0,0,0,1,182,182,182,182,23,0,0
41006,-40,2,RISE,159,182,182,0,0,1,1,182,182,182,182,23,1,0,1,1,182,182,182,182,23,1,0,1,1,182,182,182,182,23,1,0,1,1,182,182,182,182,23,1,0
41006,-40,3,FALL,159,182,182,0,0,0,1,182,182,182,182,23,0,0,0,1,182,182,182,182,23,0,0,0,1,182,182,182,182,23,0,0,0,1,182,182,182,182,23,0,0
41006,-40,4,RISE,182,182,182,0,0,0,1,182,182,182,182,0,0,0,0,1,182,182,182,182,0,0,0,0,1,182,182,182,182,0,0,0,0,1,182,182,182,182,0,0,0
41006,-40,5,FALL,159,182,182,0,0,0,1,182,182,182,182,23,0,0,0,1,182,182,182,182,23,0,0,0,1,182,182,182,182,23,0,0,0,1,182,182,182,182,23,0,0
41006,-40,6,RISE,159,182,182,0,0,1,1,182,182,182,182,23,1,0,1,1,182,182,182,182,23,1,0,1,1,182,182,182,182,23,1,0,1,1,182,182,182,182,23,1,0
41006,-40,7,FALL,159,182,182,0,0,0,1,182,182,182,182,23,0,0,0,1,182,182,182,182,23,0,0,0,1,182,182,182,182,23,0,0,0,1,182,182,182,182,23,0,0
41006,-40,8,RISE,159,182,182,0,0,1,1,182,182,182,182,23,1,0,1,1,182,182,182,182,23,1,0,1,1,182,182,182,182,23,1,0,1,1,182,182,182,182,23,1,0
41006,-40,9,FALL,159,182,182,0,0,0,1,182,182,182,182,23,0,0,0,1,182,182,182,182,23,0,0,0,1,182,182,182,182,23,0,0,0,1,182,182,182,182,23,0,0
41006,-40,10,RISE,159,182,182,0,0,1,1,182,182,182,182,23,1,0,1,1,182,182,182,182,23,1,0,1,1,182,182,182,182,23,1,0,1,1,182,182,182,182,23,1,0
41006,-40,11,FALL,159,182,182,0,0,0,1,182,182,182,182,23,0,0,0,1,182,182,182,182,23,0,0,0,1,182,182,182,182,23,0,0,0,1,182,182,182,182,23,0,0
41006,-40,12,RISE,159,182,182,0,0,1,1,182,182,182,182,23,1,0,1,1,182,182,182,182,23,1,0,1,1,182,182,182,182,23,1,0,1,1,182,182,182,182,23,1,0
41006,-40,13,FALL,159,182,182,0,0,0,1,182,182,182,182,23,0,0,0,1,182,182,182,182,23,0,0,0,1,182,182,182,182,23,0,0,0,1,182,182,182,182,23,0,0
41006,-40,14,RISE,159,182,182,0,0,1,1,182,182,182,182,23,1,0,1,1,182,182,182,182,23,1,0,1,1,182,182,182,182,23,1,0,1,1,182,182,182,182,23,1,0
41006,-40,15,FALL,159,182,182,0,0,0,1,182,182,182,182,23,0,0,0,1,182,182,182,182,23,0,0,0,1,182,182,182,182,23,0,0,0,1,182,182,182,182,23,0,0
41006,-40,16,RISE,159,182,182,0,0,1,1,182,182,182,182,23,1,0,1,1,182,182,182,182,23,1,0,1,1,182,182,182,182,23,1,0,1,1,182,182,182,182,23,1,0
41006,-40,17,FALL,159,182,182,0,0,0,1,182,182,182,182,23,0,0,0,1,182,182,182,182,23,0,0,0,1,182,182,182,182,23,0,0,0,1,182,182,182,182,23,0,0
41006,-40,18,RISE,159,182,182,0,0,1,1,182,182,182,182,23,1,0,1,1,182,182,182,182,23,1,0,1,1,182,182,182,182,23,1,0,1,1,182,182,182,182,23,1,0
41006,-40,19,FALL,159,182,182,0,0,0,1,182,182,182,182,23,0,0,0,1,182,182,182,182,23,0,0,0,1,182,182,182,182,23,0,0,0,1,182,182,182,182,23,0,0
41006,-40,20,RISE,159,182,182,0,0,1,1,182,182,182,182,23,1,0,1,1,182,182,182,182,23,1,0,1,1,182,182,182,182,23,1,0,1,1,182,182,182,182,23,1,0
41006,-40,21,FALL,135,182,182,0,0,1,1,182,182,182,182,47,1,0,1,1,182,182,182,182,47,1,0,1,1,182,182,182,182,47,1,0,1,1,182,182,182,182,47,1,0
41006,-40,22,RISE,159,182,182,0,0,1,1,182,182,182,182,23,1,0,1,1,182,182,182,182,23,1,0,1,1,182,182,182,182,23,1,0,1,1,182,182,182,182,23,1,0
41006,-40,23,FALL,159,182,182,0,0,0,1,182,182,182,182,23,0,0,0,1,182,182,182,182,23,0,0,0,1,182,182,182,182,23,0,0,0,1,182,182,182,182,23,0,0
41006,125,0,RISE,204,182,182,1,1,1,0,182,182,182,182,22,0,0,1,0,182,182,182,182,22,0,0,1,0,182,182,182,182,22,0,0,1,0,182,182,182,182,22,0,0
41006,125,1,FALL,204,182,182,0,0,0,1,182,182,182,182,22,0,0,0,1,182,182,182,182,22,0,0,0,1,182,182,182,182,22,0,0,0,1,182,182,182,182,22,0,0
41006,125,2,RISE,204,182,182,1,1,1,1,182,182,182,182,22,0,0,1,1,182,182,182,182,22,0,0,1,1,182,182,182,182,22,0,0,1,1,182,182,182,182,22,0,0
41006,125,3,FALL,204,182,182,0,0,0,1,182,182,182,182,22,0,0,0,1,182,182,182,182,22,0,0,0,1,182,182,182,182,22,0,0,0,1,182,182,182,182,22,0,0
41006,125,4,RISE,204,182,182,1,1,1,1,182,182,182,182,22,0,0,1,1,182,182,182,182,22,0,0,1,1,182,182,182,182,22,0,0,1,1,182,182,182,182,22,0,0
41006,125,5,FALL,204,182,182,0,0,0,1,182,182,182,182,22,0,0,0,1,182,182,182,182,22,0,0,0,1,182,182,182,182,22,0,0,0,1,182,182,182,182,22,0,0
41006,125,6,RISE,204,182,182,1,1,1,1,182,182,182,182,22,0,0,1,1,182,182,182,182,22,0,0,1,1,182,182,182,182,22,0,0,1,1,182,182,182,182,22,0,0
41006,125,7,FALL,204,182,182,0,0,0,1,182,182,182,182,22,0,0,0,1,182,182,182,182,22,0,0,0,1,182,182,182,182,22,0,0,0,1,182,182,182,182,22,0,0
41006,125,8,RISE,204,182,182,1,1,1,1,182,182,182,182,22,0,0,1,1,182,182,182,182,22,0,0,1,1,182,182,182,182,22,0,0,1,1,182,182,182,182,22,0,0
41006,125,9,FALL,204,182,182,0,0,0,1,182,182,182,182,22,0,0,0,1,182,182,182,182,22,0,0,0,1,182,182,182,182,22,0,0,0,1,182,182,182,182,22,0,0
41006,125,10,RISE,204,182,182,1,1,1,1,182,182,182,182,22,0,0,1,1,182,182,182,182,22,0,0,1,1,182,182,182,182,22,0,0,1,1,182,182,182,182,22,0,0
41006,125,11,FALL,204,182,182,0,0,0,1,182,182,182,182,22,0,0,0,1,182,182,182,182,22,0,0,0,1,182,182,182,182,22,0,0,0,1,182,182,182,182,22,0,0
41006,125,12,RISE,204,182,182,1,1,1,1,182,182,182,182,22,0,0,1,1,182,182,182,182,22,0,0,1,1,182,182,182,182,22,0,0,1,1,182,182,182,182,22,0,0
41006,125,13,FALL,204,182,182,0,0,0,1,182,182,182,182,22,0,0,0,1,182,182,182,182,22,0,0,0,1,182,182,182,182,22,0,0,0,1,182,182,182,182,22,0,0
41006,125,14,RISE,204,182,182,1,1,1,1,182,182,182,182,22,0,0,1,1,182,182,182,182,22,0,0,1,1,182,182,182,182,22,0,0,1,1,182,182,182,182,22,0,0
41006,125,15,FALL,204,182,182,0,0,0,1,182,182,182,182,22,0,0,0,1,182,182,182,182,22,0,0,0,1,182,182,182,182,22,0,0,0,1,182,182,182,182,22,0,0
41006,125,16,RISE,204,182,182,1,1,1,1,182,182,182,182,22,0,0,1,1,182,182,182,182,22,0,0,1,1,182,182,182,182,22,0,0,1,1,182,182,182,182,22,0,0
41006,125,17,FALL,204,182,182,0,0,0,1,182,182,182,182,22,0,0,0,1,182,182,182,182,22,0,0,0,1,182,182,182,182,22,0,0,0,1,182,182,182,182,22,0,0
41006,125,18,RISE,204,182,182,1,1,1,1,182,182,182,182,22,0,0,1,1,182,182,182,182,22,0,0,1,1,182,182,182,182,22,0,0,1,1,182,182,182,182,22,0,0
41006,125,19,FALL,204,182,182,0,0,0,1,182,182,182,182,22,0,0,0,1,182,182,182,182,22,0,0,0,1,182,182,182,182,22,0,0,0,1,182,182,182,182,22,0,0
41006,125,20,RISE,204,182,182,1,1,1,1,182,182,182,182,22,0,0,1,1,182,182,182,182,22,0,0,1,1,182,182,182,182,22,0,0,1,1,182,182,182,182,22,0,0
41006,125,21,FALL,204,182,182,0,0,0,1,182,182,182,182,22,0,0,0,1,182,182,182,182,22,0,0,0,1,182,182,182,182,22,0,0,0,1,182,182,182,182,22,0,0
41006,125,22,RISE,204,182,182,1,1,1,1,182,182,182,182,22,0,0,1,1,182,182,182,182,22,0,0,1,1,182,182,182,182,22,0,0,1,1,182,182,182,182,22,0,0
41006,125,23,FALL,204,182,182,0,0,0,1,182,182,182,182,22,0,0,0,1,182,182,182,182,22,0,0,0,1,182,182,182,182,22,0,0,0,1,182,182,182,182,22,0,0
41007,-40,0,RISE,182,204,182,0,0,0,0,204,182,204,182,22,0,0,0,0,204,182,204,182,22,0,0,0,0,204,182,204,182,22,0,0,0,0,204,182,204,182,22,0,0
41007,-40,1,FALL,159,204,182,0,0,0,0,204,182,204,182,23,0,0,0,0,204,182,204,182,23,0,0,0,0,204,182,204,182,23,0,0,0,0,204,182,204,182,23,0,0
41007,-40,2,RISE,182,204,182,0,0,0,0,204,182,204,182,22,0,0,0,0,204,182,204,182,22,0,0,0,0,204,182,204,182,22,0,0,0,0,204,182,204,182,22,0,0
41007,-40,3,FALL,159,204,182,0,0,0,0,204,182,204,182,23,0,0,0,0,204,182,204,182,23,0,0,0,0,204,182,204,182,23,0,0,0,0,204,182,204,182,23,0,0
41007,-40,4,RISE,182,204,182,0,0,0,0,204,182,204,182,22,0,0,0,0,204,182,204,182,22,0,0,0,0,204,182,204,182,22,0,0,0,0,204,182,204,182,22,0,0
41007,-40,5,FALL,159,204,182,0,0,0,0,204,182,204,182,23,0,0,0,0,204,182,204,182,23,0,0,0,0,204,182,204,182,23,0,0,0,0,204,182,204,182,23,0,0
41007,-40,6,RISE,182,204,182,0,0,0,0,204,182,204,182,22,0,0,0,0,204,182,204,182,22,0,0,0,0,204,182,204,182,22,0,0,0,0,204,182,204,182,22,0,0
41007,-40,7,FALL,159,204,182,0,0,0,0,204,182,204,182,23,0,0,0,0,204,182,204,182,23,0,0,0,0,204,182,204,182,23,0,0,0,0,204,182,204,182,23,0,0
41007,-40,8,RISE,182,204,182,0,0,0,0,204,182,204,182,22,0,0,0,0,204,182,204,182,22,0,0,0,0,204,182,204,182,22,0,0,0,0,204,182,204,182,22,0,0
41007,-40,9,FALL,159,204,182,0,0,0,0,204,182,204,182,23,0,0,0,0,204,182,204,182,23,0,0,0,0,204,182,204,182,23,0,0,0,0,204,182,204,182,23,0,0
41007,-40,10,RISE,182,204,182,0,0,0,0,204,182,204,182,22,0,0,0,0,204,182,204,182,22,0,0,0,0,204,182,204,182,22,0,0,0,0,204,182,204,182,22,0,0
41007,-40,11,FALL,159,204,182,0,0,0,0,204,182,204,182,23,0,0,0,0,204,182,204,182,23,0,0,0,0,204,182,204,182,23,0,0,0,0,204,182,204,182,23,0,0
41007,-40,12,RISE,182,204,182,0,0,0,0,204,182,204,182,22,0,0,0,0,204,182,204,182,22,0,0,0,0,204,182,204,182,22,0,0,0,0,204,182,204,182,22,0,0
41007,-40,13,FALL,159,204,182,0,0,0,0,204,182,204,182,23,0,0,0,0,204,182,204,182,23,0,0,0,0,204,182,204,182,23,0,0,0,0,204,182,204,182,23,0,0
41007,-40,14,RISE,182,204,182,0,0,0,0,204,182,204,182,22,0,0,0,0,204,182,204,182,22,0,0,0,0,204,182,204,182,22,0,0,0,0,204,182,204,182,22,0,0
41007,-40,15,FALL,159,204,182,0,0,0,0,204,182,204,182,23,0,0,0,0,204,182,204,182,23,0,0,0,0,204,182,204,182,23,0,0,0,0,204,182,204,182,23,0,0
41007,-40,16,RISE,182,204,182,0,0,0,0,204,182,204,182,22,0,0,0,0,204,182,204,182,22,0,0,0,0,204,182,204,182,22,0,0,0,0,204,182,204,182,22,0,0
41007,-40,17,FALL,159,204,182,0,0,0,0,204,182,204,182,23,0,0,0,0,204,182,204,182,23,0,0,0,0,204,182,204,182,23,0,0,0,0,204,182,204,182,23,0,0
41007,-40,18,RISE,182,204,182,0,0,0,0,204,182,204,182,22,0,0,0,0,204,182,204,182,22,0,0,0,0,204,182,204,182,22,0,0,0,0,204,182,204,182,22,0,0
41007,-40,19,FALL,159,204,182,0,0,0,0,204,182,204,182,23,0,0,0,0,204,182,204,182,23,0,0,0,0,204,182,204,182,23,0,0,0,0,204,182,204,182,23,0,0
41007,-40,20,RISE,182,204,182,0,0,0,0,204,182,204,182,22,0,0,0,0,204,182,204,182,22,0,0,0,0,204,182,204,182,22,0,0,0,0,204,182,204,182,22,0,0
41007,-40,21,FALL,135,204,182,0,0,1,0,204,182,204,182,47,1,0,1,0,204,182,204,182,47,1,0,1,0,204,182,204,182,47,1,0,1,0,204,182,204,182,47,1,0
41007,-40,22,RISE,182,204,182,0,0,0,1,204,182,204,182,22,0,0,0,1,204,182,204,182,22,0,0,0,1,204,182,204,182,22,0,0,0,1,204,182,204,182,22,0,0
41007,-40,23,FALL,159,204,182,0,0,0,1,204,182,204,182,23,0,0,0,1,204,182,204,182,23,0,0,0,1,204,182,204,182,23,0,0,0,1,204,182,204,182,23,0,0
41007,125,0,RISE,204,204,182,0,0,0,0,204,182,204,182,0,0,0,0,0,204,182,204,182,0,0,0,0,0,204,182,204,182,0,0,0,0,0,204,182,204,182,0,0,0
41007,125,1,FALL,204,204,182,0,0,0,0,204,182,204,182,22,0,0,0,0,204,182,204,182,22,0,0,0,0,204,182,204,182,22,0,0,0,0,204,182,204,182,22,0,0
41007,125,2,RISE,204,204,182,0,0,0,0,204,182,204,182,0,0,0,0,0,204,182,204,182,0,0,0,0,0,204,182,204,182,0,0,0,0,0,204,182,204,182,0,0,0
41007,125,3,FALL,204,204,182,0,0,0,0,204,182,204,182,22,0,0,0,0,204,182,204,182,22,0,0,0,0,204,182,204,182,22,0,0,0,0,204,182,204,182,22,0,0
41007,125,4,RISE,225,204,182,1,1,1,0,204,182,204,182,21,0,0,1,0,204,182,204,182,21,0,0,1,0,204,182,204,182,21,0,0,1,0,204,182,204,182,21,0,0
41007,125,5,FALL,204,204,182,0,0,0,1,204,182,204,182,22,0,0,0,1,204,182,204,182,22,0,0,0,1,204,182,204,182,22,0,0,0,1,204,182,204,182,22,0,0
41007,125,6,RISE,204,204,182,0,0,0,1,204,182,204,182,0,0,0,0,1,204,182,204,182,0,0,0,0,1,204,182,204,182,0,0,0,0,1,204,182,204,182,0,0,0
41007,125,7,FALL,204,204,182,0,0,0,1,204,182,204,182,22,0,0,0,1,204,182,204,182,22,0,0,0,1,204,182,204,182,22,0,0,0,1,204,182,204,182,22,0,0
41007,125,8,RISE,204,204,182,0,0,0,1,204,182,204,182,0,0,0,0,1,204,182,204,182,0,0,0,0,1,204,182,204,182,0,0,0,0,1,204,182,204,182,0,0,0
41007,125,9,FALL,204,204,182,0,0,0,1,204,182,204,182,22,0,0,0,1,204,182,204,182,22,0,0,0,1,204,182,204,182,22,0,0,0,1,204,182,204,182,22,0,0
41007,125,10,RISE,204,204,182,0,0,0,1,204,182,204,182,0,0,0,0,1,204,182,204,182,0,0,0,0,1,204,182,204,182,0,0,0,0,1,204,182,204,182,0,0,0
41007,125,11,FALL,204,204,182,0,0,0,1,204,182,204,182,22,0,0,0,1,204,182,204,182,22,0,0,0,1,204,182,204,182,22,0,0,0,1,204,182,204,182,22,0,0
41007,125,12,RISE,204,204,182,0,0,0,1,204,182,204,182,0,0,0,0,1,204,182,204,182,0,0,0,0,1,204,182,204,182,0,0,0,0,1,204,182,204,182,0,0,0
41007,125,13,FALL,204,204,182,0,0,0,1,204,182,204,182,22,0,0,0,1,204,182,204,182,22,0,0,0,1,204,182,204,182,22,0,0,0,1,204,182,204,182,22,0,0
41007,125,14,RISE,204,204,182,0,0,0,1,204,182,204,182,0,0,0,0,1,204,182,204,182,0,0,0,0,1,204,182,204,182,0,0,0,0,1,204,182,204,182,0,0,0
41007,125,15,FALL,204,204,182,0,0,0,1,204,182,204,182,22,0,0,0,1,204,182,204,182,22,0,0,0,1,204,182,204,182,22,0,0,0,1,204,182,204,182,22,0,0
41007,125,16,RISE,204,204,182,0,0,0,1,204,182,204,182,0,0,0,0,1,204,182,204,182,0,0,0,0,1,204,182,204,182,0,0,0,0,1,204,182,204,182,0,0,0
41007,125,17,FALL,204,204,182,0,0,0,1,204,182,204,182,22,0,0,0,1,204,182,204,182,22,0,0,0,1,204,182,204,182,22,0,0,0,1,204,182,204,182,22,0,0
41007,125,18,RISE,204,204,182,0,0,0,1,204,182,204,182,0,0,0,0,1,204,182,204,182,0,0,0,0,1,204,182,204,182,0,0,0,0,1,204,182,204,182,0,0,0
41007,125,19,FALL,204,204,182,0,0,0,1,204,182,204,182,22,0,0,0,1,204,182,204,182,22,0,0,0,1,204,182,204,182,22,0,0,0,1,204,182,204,182,22,0,0
41007,125,20,RISE,204,204,182,0,0,0,1,204,182,204,182,0,0,0,0,1,204,182,204,182,0,0,0,0,1,204,182,204,182,0,0,0,0,1,204,182,204,182,0,0,0
41007,125,21,FALL,204,204,182,0,0,0,1,204,182,204,182,22,0,0,0,1,204,182,204,182,22,0,0,0,1,204,182,204,182,22,0,0,0,1,204,182,204,182,22,0,0
41007,125,22,RISE,204,204,182,0,0,0,1,204,182,204,182,0,0,0,0,1,204,182,204,182,0,0,0,0,1,204,182,204,182,0,0,0,0,1,204,182,204,182,0,0,0
41007,125,23,FALL,204,204,182,0,0,0,1,204,182,204,182,22,0,0,0,1,204,182,204,182,22,0,0,0,1,204,182,204,182,22,0,0,0,1,204,182,204,182,22,0,0
41008,-40,0,RISE,182,182,159,0,0,0,0,182,159,182,159,0,0,0,0,0,182,159,182,159,0,0,0,0,0,182,159,182,159,0,0,0,0,0,182,159,182,159,0,0,0
41008,-40,1,FALL,159,182,159,0,0,0,0,182,159,182,159,0,0,0,0,0,182,159,182,159,0,0,0,0,0,182,159,182,159,0,0,0,0,0,182,159,182,159,0,0,0
41008,-40,2,RISE,159,182,159,0,0,1,0,182,159,182,159,23,1,0,1,0,182,159,182,159,23,1,0,1,0,182,159,182,159,23,1,0,1,0,182,159,182,159,23,1,0
41008,-40,3,FALL,135,182,159,0,0,0,1,182,159,182,159,24,0,0,0,1,182,159,182,159,24,0,0,0,1,182,159,182,159,24,0,0,0,1,182,159,182,159,24,0,0
41008,-40,4,RISE,182,182,159,0,0,0,1,182,159,182,159,0,0,0,0,1,182,159,182,159,0,0,0,0,1,182,159,182,159,0,0,0,0,1,182,159,182,159,0,0,0
41008,-40,5,FALL,159,182,159,0,0,0,1,182,159,182,159,0,0,0,0,1,182,159,182,159,0,0,0,0,1,182,159,182,159,0,0,0,0,1,182,159,182,159,0,0,0
41008,-40,6,RISE,159,182,159,0,0,1,1,182,159,182,159,23,1,0,1,1,182,159,182,159,23,1,0,1,1,182,159,182,159,23,1,0,1,1,182,159,182,159,23,1,0
41008,-40,7,FALL,159,182,159,0,0,0,1,182,159,182,159,0,0,0,0,1,182,159,182,159,0,0,0,0,1,182,159,182,159,0,0,0,0,1,182,159,182,159,0,0,0
41008,-40,8,RISE,159,182,159,0,0,1,1,182,159,182,159,23,1,0,1,1,182,159,182,159,23,1,0,1,1,182,159,182,159,23,1,0,1,1,182,159,182,159,23,1,0
41008,-40,9,FALL,159,182,159,0,0,0,1,182,159,182,159,0,0,0,0,1,182,159,182,159,0,0,0,0,1,182,159,182,159,0,0,0,0,1,182,159,182,159,0,0,0
41008,-40,10,RISE,182,182,159,0,0,0,1,182,159,182,159,0,0,0,0,1,182,159,182,159,0,0,0,0,1,182,159,182,159,0,0,0,0,1,182,159,182,159,0,0,0
41008,-40,11,FALL,135,182,159,0,0,0,1,182,159,182,159,24,0,0,0,1,182,159,182,159,24,0,0,0,1,182,159,182,159,24,0,0,0,1,182,159,182,159,24,0,0
41008,-40,12,RISE,159,182,159,0,0,1,1,182,159,182,159,23,1,0,1,1,182,159,182,159,23,1,0,1,1,182,159,182,159,23,1,0,1,1,182,159,182,159,23,1,0
41008,-40,13,FALL,135,182,159,0,0,0,1,182,159,182,159,24,0,0,0,1,182,159,182,159,24,0,0,0,1,182,159,182,159,24,0,0,0,1,182,159,182,159,24,0,0
41008,-40,14,RISE,159,182,159,0,0,1,1,182,159,182,159,23,1,0,1,1,182,159,182,159,23,1,0,1,1,182,159,182,159,23,1,0,1,1,182,159,182,159,23,1,0
41008,-40,15,FALL,135,182,159,0,0,0,1,182,159,182,159,24,0,0,0,1,182,159,182,159,24,0,0,0,1,182,159,182,159,24,0,0,0,1,182,159,182,159,24,0,0
41008,-40,16,RISE,159,182,159,0,0,1,1,182,159,182,159,23,1,0,1,1,182,159,182,159,23,1,0,1,1,182,159,182,159,23,1,0,1,1,182,159,182,159,23,1,0
41008,-40,17,FALL,159,182,159,0,0,0,1,182,159,182,159,0,0,0,0,1,182,159,182,159,0,0,0,0,1,182,159,182,159,0,0,0,0,1,182,159,182,159,0,0,0
41008,-40,18,RISE,159,182,159,0,0,1,1,182,159,182,159,23,1,0,1,1,182,159,182,159,23,1,0,1,1,182,159,182,159,23,1,0,1,1,182,159,182,159,23,1,0
41008,-40,19,FALL,135,182,159,0,0,0,1,182,159,182,159,24,0,0,0,1,182,159,182,159,24,0,0,0,1,182,159,182,159,24,0,0,0,1,182,159,182,159,24,0,0
41008,-40,20,RISE,159,182,159,0,0,1,1,182,159,182,159,23,1,0,1,1,182,159,182,159,23,1,0,1,1,182,159,182,159,23,1,0,1,1,182,159,182,159,23,1,0
41008,-40,21,FALL,135,182,159,0,0,0,1,182,159,182,159,24,0,0,0,1,182,159,182,159,24,0,0,0,1,182,159,182,159,24,0,0,0,1,182,159,182,159,24,0,0
41008,-40,22,RISE,182,182,159,0,0,0,1,182,159,182,159,0,0,0,0,1,182,159,182,159,0,0,0,0,1,182,159,182,159,0,0,0,0,1,182,159,182,159,0,0,0
41008,-40,23,FALL,159,182,159,0,0,0,1,182,159,182,159,0,0,0,0,1,182,159,182,159,0,0,0,0,1,182,159,182,159,0,0,0,0,1,182,159,182,159,0,0,0
41008,125,0,RISE,204,182,159,1,1,1,0,182,159,182,159,22,0,0,1,0,182,159,182,159,22,0,0,1,0,182,159,182,159,22,0,0,1,0,182,159,182,159,22,0,0
41008,125,1,FALL,204,182,159,0,0,1,1,182,159,182,159,45,1,0,1,1,182,159,182,159,45,1,0,1,1,182,159,182,159,45,1,0,1,1,182,159,182,159,45,1,0
41008,125,2,RISE,204,182,159,1,1,1,1,182,159,182,159,22,0,0,1,1,182,159,182,159,22,0,0,1,1,182,159,182,159,22,0,0,1,1,182,159,182,159,22,0,0
41008,125,3,FALL,182,182,159,0,0,0,1,182,159,182,159,23,0,0,0,1,182,159,182,159,23,0,0,0,1,182,159,182,159,23,0,0,0,1,182,159,182,159,23,0,0
41008,125,4,RISE,204,182,159,1,1,1,1,182,159,182,159,22,0,0,1,1,182,159,182,159,22,0,0,1,1,182,159,182,159,22,0,0,1,1,182,159,182,159,22,0,0
41008,125,5,FALL,204,182,159,0,0,1,1,182,159,182,159,45,1,0,1,1,182,159,182,159,45,1,0,1,1,182,159,182,159,45,1,0,1,1,182,159,182,159,45,1,0
41008,125,6,RISE,204,182,159,1,1,1,1,182,159,182,159,22,0,0,1,1,182,159,182,159,22,0,0,1,1,182,159,182,159,22,0,0,1,1,182,159,182,159,22,0,0
41008,125,7,FALL,204,182,159,0,0,1,1,182,159,182,159,45,1,0,1,1,182,159,182,159,45,1,0,1,1,182,159,182,159,45,1,0,1,1,182,159,182,159,45,1,0
41008,125,8,RISE,204,182,159,1,1,1,1,182,159,182,159,22,0,0,1,1,182,159,182,159,22,0,0,1,1,182,159,182,159,22,0,0,1,1,182,159,182,159,22,0,0
41008,125,9,FALL,204,182,159,0,0,1,1,182,159,182,159,45,1,0,1,1,182,159,182,159,45,1,0,1,1,182,159,182,159,45,1,0,1,1,182,159,182,159,45,1,0
41008,125,10,RISE,204,182,159,1,1,1,1,182,159,182,159,22,0,0,1,1,182,159,182,159,22,0,0,1,1,182,159,182,159,22,0,0,1,1,182,159,182,159,22,0,0
41008,125,11,FALL,182,182,159,0,0,0,1,182,159,182,159,23,0,0,0,1,182,159,182,159,23,0,0,0,1,182,159,182,159,23,0,0,0,1,182,159,182,159,23,0,0
41008,125,12,RISE,204,182,159,1,1,1,1,182,159,182,159,22,0,0,1,1,182,159,182,159,22,0,0,1,1,182,159,182,159,22,0,0,1,1,182,159,182,159,22,0,0
41008,125,13,FALL,182,182,159,0,0,0,1,182,159,182,159,23,0,0,0,1,182,159,182,159,23,0,0,0,1,182,159,182,159,23,0,0,0,1,182,159,182,159,23,0,0
41008,125,14,RISE,204,182,159,1,1,1,1,182,159,182,159,22,0,0,1,1,182,159,182,159,22,0,0,1,1,182,159,182,159,22,0,0,1,1,182,159,182,159,22,0,0
41008,125,15,FALL,182,182,159,0,0,0,1,182,159,182,159,23,0,0,0,1,182,159,182,159,23,0,0,0,1,182,159,182,159,23,0,0,0,1,182,159,182,159,23,0,0
41008,125,16,RISE,204,182,159,1,1,1,1,182,159,182,159,22,0,0,1,1,182,159,182,159,22,0,0,1,1,182,159,182,159,22,0,0,1,1,182,159,182,159,22,0,0
41008,125,17,FALL,204,182,159,0,0,1,1,182,159,182,159,45,1,0,1,1,182,159,182,159,45,1,0,1,1,182,159,182,159,45,1,0,1,1,182,159,182,159,45,1,0
41008,125,18,RISE,204,182,159,1,1,1,1,182,159,182,159,22,0,0,1,1,182,159,182,159,22,0,0,1,1,182,159,182,159,22,0,0,1,1,182,159,182,159,22,0,0
41008,125,19,FALL,182,182,159,0,0,0,1,182,159,182,159,23,0,0,0,1,182,159,182,159,23,0,0,0,1,182,159,182,159,23,0,0,0,1,182,159,182,159,23,0,0
41008,125,20,RISE,204,182,159,1,1,1,1,182,159,182,159,22,0,0,1,1,182,159,182,159,22,0,0,1,1,182,159,182,159,22,0,0,1,1,182,159,182,159,22,0,0
41008,125,21,FALL,182,182,159,0,0,0,1,182,159,182,159,23,0,0,0,1,182,159,182,159,23,0,0,0,1,182,159,182,159,23,0,0,0,1,182,159,182,159,23,0,0
41008,125,22,RISE,204,182,159,1,1,1,1,182,159,182,159,22,0,0,1,1,182,159,182,159,22,0,0,1,1,182,159,182,159,22,0,0,1,1,182,159,182,159,22,0,0
41008,125,23,FALL,204,182,159,0,0,1,1,182,159,182,159,45,1,0,1,1,182,159,182,159,45,1,0,1,1,182,159,182,159,45,1,0,1,1,182,159,182,159,45,1,0
41009,-40,0,RISE,182,187,159,0,0,0,0,187,159,187,159,5,0,0,0,0,187,159,187,159,5,0,0,0,0,187,159,187,159,5,0,0,0,0,187,159,187,159,5,0,0
41009,-40,1,FALL,135,187,159,0,0,0,0,187,159,187,159,24,0,0,0,0,187,159,187,159,24,0,0,0,0,187,159,187,159,24,0,0,0,0,187,159,187,159,24,0,0
41009,-40,2,RISE,182,187,159,0,0,0,0,187,159,187,159,5,0,0,0,0,187,159,187,159,5,0,0,0,0,187,159,187,159,5,0,0,0,0,187,159,187,159,5,0,0
41009,-40,3,FALL,135,187,159,0,0,0,0,187,159,187,159,24,0,0,0,0,187,159,186,159,24,0,1,0,0,187,159,187,159,24,0,0,0,0,187,159,186,159,24,0,1
41009,-40,4,RISE,182,187,159,0,0,0,0,187,159,187,159,5,0,0,0,0,186,159,186,159,4,0,0,0,0,187,159,187,159,5,0,0,0,0,186,159,186,159,4,0,0
41009,-40,5,FALL,135,187,159,0,0,0,0,187,159,187,159,24,0,0,0,0,186,159,186,159,24,0,0,0,0,187,159,187,159,24,0,0,0,0,186,159,186,159,24,0,0
41009,-40,6,RISE,159,187,159,0,0,1,0,187,159,187,159,28,1,0,1,0,186,159,186,159,27,1,0,1,0,187,159,187,159,28,1,0,1,0,186,159,186,159,27,1,0
41009,-40,7,FALL,135,187,159,0,0,0,1,187,159,187,159,24,0,0,0,1,186,159,186,159,24,0,0,0,1,187,159,187,159,24,0,0,0,1,186,159,186,159,24,0,0
41009,-40,8,RISE,182,187,159,0,0,0,1,187,159,187,159,5,0,0,0,1,186,159,186,159,4,0,0,0,1,187,159,187,159,5,0,0,0,1,186,159,186,159,4,0,0
41009,-40,9,FALL,135,187,159,0,0,0,1,187,159,187,159,24,0,0,0,1,186,159,186,159,24,0,0,0,1,187,159,187,159,24,0,0,0,1,186,159,186,159,24,0,0
41009,-40,10,RISE,182,187,159,0,0,0,1,187,159,187,159,5,0,0,0,1,186,159,186,159,4,0,0,0,1,187,159,187,159,5,0,0,0,1,186,159,186,159,4,0,0
41009,-40,11,FALL,135,187,159,0,0,0,1,187,159,187,159,24,0,0,0,1,186,159,186,159,24,0,0,0,1,187,159,187,159,24,0,0,0,1,186,159,186,159,24,0,0
41009,-40,12,RISE,159,187,159,0,0,1,1,187,159,187,159,28,1,0,1,1,186,159,186,159,27,1,0,1,1,187,159,187,159,28,1,0,1,1,186,159,186,159,27,1,0
41009,-40,13,FALL,135,187,159,0,0,0,1,187,159,187,159,24,0,0,0,1,186,159,186,159,24,0,0,0,1,187,159,187,159,24,0,0,0,1,186,159,186,159,24,0,0
41009,-40,14,RISE,182,187,159,0,0,0,1,187,159,187,159,5,0,0,0,1,186,159,186,159,4,0,0,0,1,187,159,187,159,5,0,0,0,1,186,159,186,159,4,0,0
41009,-40,15,FALL,135,187,159,0,0,0,1,187,159,187,159,24,0,0,0,1,186,159,186,159,24,0,0,0,1,187,159,187,159,24,0,0,0,1,186,159,186,159,24,0,0
41009,-40,16,RISE,159,187,159,0,0,1,1,187,159,187,159,28,1,0,1,1,186,159,186,159,27,1,0,1,1,187,159,187,159,28,1,0,1,1,186,159,186,159,27,1,0
41009,-40,17,FALL,135,187,159,0,0,0,1,187,159,187,159,24,0,0,0,1,186,159,186,159,24,0,0,0,1,187,159,187,159,24,0,0,0,1,186,159,186,159,24,0,0
41009,-40,18,RISE,159,187,159,0,0,1,1,187,159,187,159,28,1,0,1,1,186,159,186,159,27,1,0,1,1,187,159,187,159,28,1,0,1,1,186,159,186,159,27,1,0
41009,-40,19,FALL,135,187,159,0,0,0,1,187,159,187,159,24,0,0,0,1,186,159,186,159,24,0,0,0,1,187,159,187,159,24,0,0,0,1,186,159,186,159,24,0,0
41009,-40,20,RISE,159,187,159,0,0,1,1,187,159,187,159,28,1,0,1,1,186,159,186,159,27,1,0,1,1,187,159,187,159,28,1,0,1,1,186,159,186,159,27,1,0
41009,-40,21,FALL,135,187,159,0,0,0,1,187,159,187,159,24,0,0,0,1,186,159,186,159,24,0,0,0,1,187,159,187,159,24,0,0,0,1,186,159,186,159,24,0,0
41009,-40,22,RISE,182,187,159,0,0,0,1,187,159,187,159,5,0,0,0,1,186,159,186,159,4,0,0,0,1,187,159,187,159,5,0,0,0,1,186,159,186,159,4,0,0
41009,-40,23,FALL,135,187,159,0,0,0,1,187,159,187,159,24,0,0,0,1,186,159,186,159,24,0,0,0,1,187,159,187,159,24,0,0,0,1,186,159,186,159,24,0,0
41009,125,0,RISE,204,187,159,0,0,0,0,187,159,187,159,17,0,0,0,0,187,159,187,159,17,0,0,0,0,187,159,187,159,17,0,0,0,0,187,159,187,159,17,0,0
41009,125,1,FALL,204,187,159,0,0,1,0,187,159,187,159,45,1,0,1,0,187,159,187,159,45,1,0,1,0,187,159,187,159,45,1,0,1,0,187,159,187,159,45,1,0
41009,125,2,RISE,204,187,159,0,0,0,1,187,159,187,159,17,0,0,0,1,187,159,187,159,17,0,0,0,1,187,159,187,159,17,0,0,0,1,187,159,187,159,17,0,0
41009,125,3,FALL,182,187,159,0,0,0,1,187,159,187,159,23,0,0,0,1,187,159,187,159,23,0,0,0,1,187,159,187,159,23,0,0,0,1,187,159,187,159,23,0,0
41009,125,4,RISE,225,187,159,1,1,1,1,187,159,187,159,38,1,0,1,1,187,159,187,159,38,1,0,1,1,187,159,187,159,38,1,0,1,1,187,159,187,159,38,1,0
41009,125,5,FALL,182,187,159,0,0,0,1,187,159,187,159,23,0,0,0,1,187,159,187,159,23,0,0,0,1,187,159,187,159,23,0,0,0,1,187,159,187,159,23,0,0
41009,125,6,RISE,204,187,159,0,0,0,1,187,159,187,159,17,0,0,0,1,187,159,187,159,17,0,0,0,1,187,159,187,159,17,0,0,0,1,187,159,187,159,17,0,0
41009,125,7,FALL,182,187,159,0,0,0,1,187,159,187,159,23,0,0,0,1,187,159,187,159,23,0,0,0,1,187,159,187,159,23,0,0,0,1,187,159,187,159,23,0,0
41009,125,8,RISE,204,187,159,0,0,0,1,187,159,187,159,17,0,0,0,1,187,159,187,159,17,0,0,0,1,187,159,187,159,17,0,0,0,1,187,159,187,159,17,0,0
41009,125,9,FALL,204,187,159,0,0,1,1,187,159,187,159,45,1,0,1,1,187,159,187,159,45,1,0,1,1,187,159,187,159,45,1,0,1,1,187,159,187,159,45,1,0
41009,125,10,RISE,204,187,159,0,0,0,1,187,159,187,159,17,0,0,0,1,187,159,187,159,17,0,0,0,1,187,159,187,159,17,0,0,0,1,187,159,187,159,17,0,0
41009,125,11,FALL,182,187,159,0,0,0,1,187,159,187,159,23,0,0,0,1,187,159,187,159,23,0,0,0,1,187,159,187,159,23,0,0,0,1,187,159,187,159,23,0,0
41009,125,12,RISE,204,187,159,0,0,0,1,187,159,187,159,17,0,0,0,1,187,159,187,159,17,0,0,0,1,187,159,187,159,17,0,0,0,1,187,159,187,159,17,0,0
41009,125,13,FALL,182,187,159,0,0,0,1,187,159,187,159,23,0,0,0,1,187,159,187,159,23,0,0,0,1,187,159,187,159,23,0,0,0,1,187,159,187,159,23,0,0
41009,125,14,RISE,204,187,159,0,0,0,1,187,159,187,159,17,0,0,0,1,187,159,187,159,17,0,0,0,1,187,159,187,159,17,0,0,0,1,187,159,187,159,17,0,0
41009,125,15,FALL,182,187,159,0,0,0,1,187,159,187,159,23,0,0,0,1,187,159,187,159,23,0,0,0,1,187,159,187,159,23,0,0,0,1,187,159,187,159,23,0,0
41009,125,16,RISE,204,187,159,0,0,0,1,187,159,187,159,17,0,0,0,1,187,159,187,159,17,0,0,0,1,187,159,187,159,17,0,0,0,1,187,159,187,159,17,0,0
41009,125,17,FALL,182,187,159,0,0,0,1,187,159,187,159,23,0,0,0,1,187,159,187,159,23,0,0,0,1,187,159,187,159,23,0,0,0,1,187,159,187,159,23,0,0
41009,125,18,RISE,204,187,159,0,0,0,1,187,159,187,159,17,0,0,0,1,187,159,187,159,17,0,0,0,1,187,159,187,159,17,0,0,0,1,187,159,187,159,17,0,0
41009,125,19,FALL,182,187,159,0,0,0,1,187,159,187,159,23,0,0,0,1,187,159,187,159,23,0,0,0,1,187,159,187,159,23,0,0,0,1,187,159,187,159,23,0,0
41009,125,20,RISE,204,187,159,0,0,0,1,187,159,187,159,17,0,0,0,1,187,159,187,159,17,0,0,0,1,187,159,187,159,17,0,0,0,1,187,159,187,159,17,0,0
41009,125,21,FALL,182,187,159,0,0,0,1,187,159,187,159,23,0,0,0,1,187,159,187,159,23,0,0,0,1,187,159,187,159,23,0,0,0,1,187,159,187,159,23,0,0
41009,125,22,RISE,204,187,159,0,0,0,1,187,159,187,159,17,0,0,0,1,187,159,187,159,17,0,0,0,1,187,159,187,159,17,0,0,0,1,187,159,187,159,17,0,0
41009,125,23,FALL,182,187,159,0,0,0,1,187,159,187,159,23,0,0,0,1,187,159,187,159,23,0,0,0,1,187,159,187,159,23,0,0,0,1,187,159,187,159,23,0,0
41010,-40,0,RISE,159,182,159,0,0,1,0,182,159,182,159,23,1,0,1,0,182,159,182,159,23,1,0,1,0,182,159,182,159,23,1,0,1,0,182,159,182,159,23,1,0
41010,-40,1,FALL,135,182,159,0,0,0,1,182,159,182,159,24,0,0,0,1,182,159,182,159,24,0,0,0,1,182,159,182,159,24,0,0,0,1,182,159,182,159,24,0,0
41010,-40,2,RISE,159,182,159,0,0,1,1,182,159,182,159,23,1,0,1,1,182,159,182,159,23,1,0,1,1,182,159,182,159,23,1,0,1,1,182,159,182,159,23,1,0
41010,-40,3,FALL,135,182,159,0,0,0,1,182,159,182,159,24,0,0,0,1,182,159,182,159,24,0,0,0,1,182,159,182,159,24,0,0,0,1,182,159,182,159,24,0,0
41010,-40,4,RISE,159,182,159,0,0,1,1,182,159,182,159,23,1,0,1,1,182,159,182,159,23,1,0,1,1,182,159,182,159,23,1,0,1,1,182,159,182,159,23,1,0
41010,-40,5,FALL,135,182,159,0,0,0,1,182,159,182,159,24,0,0,0,1,182,159,182,159,24,0,0,0,1,182,159,182,159,24,0,0,0,1,182,159,182,159,24,0,0
41010,-40,6,RISE,159,182,159,0,0,1,1,182,159,182,159,23,1,0,1,1,182,159,182,159,23,1,0,1,1,182,159,182,159,23,1,0,1,1,182,159,182,159,23,1,0
41010,-40,7,FALL,135,182,159,0,0,0,1,182,159,182,159,24,0,0,0,1,182,159,182,159,24,0,0,0,1,182,159,182,159,24,0,0,0,1,182,159,182,159,24,0,0
41010,-40,8,RISE,159,182,159,0,0,1,1,182,159,182,159,23,1,0,1,1,182,159,182,159,23,1,0,1,1,182,159,182,159,23,1,0,1,1,182,159,182,159,23,1,0
41010,-40,9,FALL,135,182,159,0,0,0,1,182,159,182,159,24,0,0,0,1,182,159,182,159,24,0,0,0,1,182,159,182,159,24,0,0,0,1,182,159,182,159,24,0,0
41010,-40,10,RISE,159,182,159,0,0,1,1,182,159,182,159,23,1,0,1,1,182,159,182,159,23,1,0,1,1,182,159,182,159,23,1,0,1,1,182,159,182,159,23,1,0
41010,-40,11,FALL,135,182,159,0,0,0,1,182,159,182,159,24,0,0,0,1,182,159,182,159,24,0,0,0,1,182,159,182,159,24,0,0,0,1,182,159,182,159,24,0,0
41010,-40,12,RISE,159,182,159,0,0,1,1,182,159,182,159,23,1,0,1,1,182,159,182,159,23,1,0,1,1,182,159,182,159,23,1,0,1,1,182,159,182,159,23,1,0
41010,-40,13,FALL,135,182,159,0,0,0,1,182,159,182,159,24,0,0,0,1,182,159,182,159,24,0,0,0,1,182,159,182,159,24,0,0,0,1,182,159,182,159,24,0,0
41010,-40,14,RISE,159,182,159,0,0,1,1,182,159,182,159,23,1,0,1,1,182,159,182,159,23,1,0,1,1,182,159,182,159,23,1,0,1,1,182,159,182,159,23,1,0
41010,-40,15,FALL,135,182,159,0,0,0,1,182,159,182,159,24,0,0,0,1,182,159,182,159,24,0,0,0,1,182,159,182,159,24,0,0,0,1,182,159,182,159,24,0,0
41010,-40,16,RISE,159,182,159,0,0,1,1,182,159,182,159,23,1,0,1,1,182,159,182,159,23,1,0,1,1,182,159,182,159,23,1,0,1,1,182,159,182,159,23,1,0
41010,-40,17,FALL,135,182,159,0,0,0,1,182,159,182,159,24,0,0,0,1,182,159,182,159,24,0,0,0,1,182,159,182,159,24,0,0,0,1,182,159,182,159,24,0,0
41010,-40,18,RISE,159,182,159,0,0,1,1,182,159,182,159,23,1,0,1,1,182,159,182,159,23,1,0,1,1,182,159,182,159,23,1,0,1,1,182,159,182,159,23,1,0
41010,-40,19,FALL,135,182,159,0,0,0,1,182,159,182,159,24,0,0,0,1,182,159,182,159,24,0,0,0,1,182,159,182,159,24,0,0,0,1,182,159,182,159,24,0,0
41010,-40,20,RISE,159,182,159,0,0,1,1,182,159,182,159,23,1,0,1,1,182,159,182,159,23,1,0,1,1,182,159,182,159,23,1,0,1,1,182,159,182,159,23,1,0
41010,-40,21,FALL,110,182,159,0,0,1,1,182,159,182,159,49,1,0,1,1,182,159,182,159,49,1,0,1,1,182,159,182,159,49,1,0,1,1,182,159,182,159,49,1,0
41010,-40,22,RISE,159,182,159,0,0,1,1,182,159,182,159,23,1,0,1,1,182,159,182,159,23,1,0,1,1,182,159,182,159,23,1,0,1,1,182,159,182,159,23,1,0
41010,-40,23,FALL,135,182,159,0,0,0,1,182,159,182,159,24,0,0,0,1,182,159,182,159,24,0,0,0,1,182,159,182,159,24,0,0,0,1,182,159,182,159,24,0,0
41010,125,0,RISE,204,182,159,1,1,1,0,182,159,182,159,22,0,0,1,0,182,159,182,159,22,0,0,1,0,182,159,182,159,22,0,0,1,0,182,159,182,159,22,0,0
41010,125,1,FALL,204,182,159,0,0,1,1,182,159,182,159,45,1,0,1,1,182,159,182,159,45,1,0,1,1,182,159,182,159,45,1,0,1,1,182,159,182,159,45,1,0
41010,125,2,RISE,204,182,159,1,1,1,1,182,159,182,159,22,0,0,1,1,182,159,182,159,22,0,0,1,1,182,159,182,159,22,0,0,1,1,182,159,182,159,22,0,0
41010,125,3,FALL,182,182,159,0,0,0,1,182,159,182,159,23,0,0,0,1,182,159,182,159,23,0,0,0,1,182,159,182,159,23,0,0,0,1,182,159,182,159,23,0,0
41010,125,4,RISE,204,182,159,1,1,1,1,182,159,182,159,22,0,0,1,1,182,159,182,159,22,0,0,1,1,182,159,182,159,22,0,0,1,1,182,159,182,159,22,0,0
41010,125,5,FALL,204,182,159,0,0,1,1,182,159,182,159,45,1,0,1,1,182,159,182,159,45,1,0,1,1,182,159,182,159,45,1,0,1,1,182,159,182,159,45,1,0
41010,125,6,RISE,204,182,159,1,1,1,1,182,159,182,159,22,0,0,1,1,182,159,182,159,22,0,0,1,1,182,159,182,159,22,0,0,1,1,182,159,182,159,22,0,0
41010,125,7,FALL,182,182,159,0,0,0,1,182,159,182,159,23,0,0,0,1,182,159,182,159,23,0,0,0,1,182,159,182,159,23,0,0,0,1,182,159,182,159,23,0,0
41010,125,8,RISE,204,182,159,1,1,1,1,182,159,182,159,22,0,0,1,1,182,159,182,159,22,0,0,1,1,182,159,182,159,22,0,0,1,1,182,159,182,159,22,0,0
41010,125,9,FALL,204,182,159,0,0,1,1,182,159,182,159,45,1,0,1,1,182,159,182,159,45,1,0,1,1,182,159,182,159,45,1,0,1,1,182,159,182,159,45,1,0
41010,125,10,RISE,204,182,159,1,1,1,1,182,159,182,159,22,0,0,1,1,182,159,182,159,22,0,0,1,1,182,159,182,159,22,0,0,1,1,182,159,182,159,22,0,0
41010,125,11,FALL,182,182,159,0,0,0,1,182,159,182,159,23,0,0,0,1,182,159,182,159,23,0,0,0,1,182,159,182,159,23,0,0,0,1,182,159,182,159,23,0,0
41010,125,12,RISE,204,182,159,1,1,1,1,182,159,182,159,22,0,0,1,1,182,159,182,159,22,0,0,1,1,182,159,182,159,22,0,0,1,1,182,159,182,159,22,0,0
41010,125,13,FALL,182,182,159,0,0,0,1,182,159,182,159,23,0,0,0,1,182,159,182,159,23,0,0,0,1,182,159,182,159,23,0,0,0,1,182,159,182,159,23,0,0
41010,125,14,RISE,204,182,159,1,1,1,1,182,159,182,159,22,0,0,1,1,182,159,182,159,22,0,0,1,1,182,159,182,159,22,0,0,1,1,182,159,182,159,22,0,0
41010,125,15,FALL,182,182,159,0,0,0,1,182,159,182,159,23,0,0,0,1,182,159,182,159,23,0,0,0,1,182,159,182,159,23,0,0,0,1,182,159,182,159,23,0,0
41010,125,16,RISE,204,182,159,1,1,1,1,182,159,182,159,22,0,0,1,1,182,159,182,159,22,0,0,1,1,182,159,182,159,22,0,0,1,1,182,159,182,159,22,0,0
41010,125,17,FALL,204,182,159,0,0,1,1,182,159,182,159,45,1,0,1,1,182,159,182,159,45,1,0,1,1,182,159,182,159,45,1,0,1,1,182,159,182,159,45,1,0
41010,125,18,RISE,204,182,159,1,1,1,1,182,159,182,159,22,0,0,1,1,182,159,182,159,22,0,0,1,1,182,159,182,159,22,0,0,1,1,182,159,182,159,22,0,0
41010,125,19,FALL,182,182,159,0,0,0,1,182,159,182,159,23,0,0,0,1,182,159,182,159,23,0,0,0,1,182,159,182,159,23,0,0,0,1,182,159,182,159,23,0,0
41010,125,20,RISE,204,182,159,1,1,1,1,182,159,182,159,22,0,0,1,1,182,159,182,159,22,0,0,1,1,182,159,182,159,22,0,0,1,1,182,159,182,159,22,0,0
41010,125,21,FALL,182,182,159,0,0,0,1,182,159,182,159,23,0,0,0,1,182,159,182,159,23,0,0,0,1,182,159,182,159,23,0,0,0,1,182,159,182,159,23,0,0
41010,125,22,RISE,204,182,159,1,1,1,1,182,159,182,159,22,0,0,1,1,182,159,182,159,22,0,0,1,1,182,159,182,159,22,0,0,1,1,182,159,182,159,22,0,0
41010,125,23,FALL,182,182,159,0,0,0,1,182,159,182,159,23,0,0,0,1,182,159,182,159,23,0,0,0,1,182,159,182,159,23,0,0,0,1,182,159,182,159,23,0,0
41011,-40,0,RISE,159,176,159,0,0,0,0,176,159,176,159,17,0,0,0,0,176,159,176,159,17,0,0,0,0,176,159,176,159,17,0,0,0,0,176,159,176,159,17,0,0
41011,-40,1,FALL,135,176,159,0,0,0,0,176,159,176,159,24,0,0,0,0,176,159,176,159,24,0,0,0,0,176,159,176,159,24,0,0,0,0,176,159,176,159,24,0,0
41011,-40,2,RISE,159,176,159,0,0,0,0,176,159,176,159,17,0,0,0,0,176,159,176,159,17,0,0,0,0,176,159,176,159,17,0,0,0,0,176,159,176,159,17,0,0
41011,-40,3,FALL,135,176,159,0,0,0,0,176,159,176,159,24,0,0,0,0,176,159,176,159,24,0,0,0,0,176,159,176,159,24,0,0,0,0,176,159,176,159,24,0,0
41011,-40,4,RISE,159,176,159,0,0,0,0,176,159,176,159,17,0,0,0,0,176,159,176,159,17,0,0,0,0,176,159,176,159,17,0,0,0,0,176,159,176,159,17,0,0
41011,-40,5,FALL,135,176,159,0,0,0,0,176,159,176,159,24,0,0,0,0,176,159,176,159,24,0,0,0,0,176,159,176,159,24,0,0,0,0,176,159,176,159,24,0,0
41011,-40,6,RISE,135,176,159,0,0,1,0,176,159,176,159,41,1,0,1,0,176,159,176,159,41,1,0,1,0,176,159,176,159,41,1,0,1,0,176,159,176,159,41,1,0
41011,-40,7,FALL,135,176,159,0,0,0,1,176,159,176,159,24,0,0,0,1,176,159,176,159,24,0,0,0,1,176,159,176,159,24,0,0,0,1,176,159,176,159,24,0,0
41011,-40,8,RISE,159,176,159,0,0,0,1,176,159,176,159,17,0,0,0,1,176,159,176,159,17,0,0,0,1,176,159,176,159,17,0,0,0,1,176,159,176,159,17,0,0
41011,-40,9,FALL,135,176,159,0,0,0,1,176,159,176,159,24,0,0,0,1,176,159,176,159,24,0,0,0,1,176,159,176,159,24,0,0,0,1,176,159,176,159,24,0,0
41011,-40,10,RISE,159,176,159,0,0,0,1,176,159,176,159,17,0,0,0,1,176,159,176,159,17,0,0,0,1,176,159,176,159,17,0,0,0,1,176,159,176,159,17,0,0
41011,-40,11,FALL,135,176,159,0,0,0,1,176,159,176,159,24,0,0,0,1,176,159,176,159,24,0,0,0,1,176,159,176,159,24,0,0,0,1,176,159,176,159,24,0,0
41011,-40,12,RISE,135,176,159,0,0,1,1,176,159,176,159,41,1,0,1,1,176,159,176,159,41,1,0,1,1,176,159,176,159,41,1,0,1,1,176,159,176,159,41,1,0
41011,-40,13,FALL,135,176,159,0,0,0,1,176,159,176,159,24,0,0,0,1,176,159,176,159,24,0,0,0,1,176,159,176,159,24,0,0,0,1,176,159,176,159,24,0,0
41011,-40,14,RISE,159,176,159,0,0,0,1,176,159,176,159,17,0,0,0,1,176,159,176,159,17,0,0,0,1,176,159,176,159,17,0,0,0,1,176,159,176,159,17,0,0
41011,-40,15,FALL,135,176,159,0,0,0,1,176,159,176,159,24,0,0,0,1,176,159,176,159,24,0,0,0,1,176,159,176,159,24,0,0,0,1,176,159,176,159,24,0,0
41011,-40,16,RISE,135,176,159,0,0,1,1,176,159,176,159,41,1,0,1,1,176,159,176,159,41,1,0,1,1,176,159,176,159,41,1,0,1,1,176,159,176,159,41,1,0
41011,-40,17,FALL,135,176,159,0,0,0,1,176,159,176,159,24,0,0,0,1,176,159,176,159,24,0,0,0,1,176,159,176,159,24,0,0,0,1,176,159,176,159,24,0,0
41011,-40,18,RISE,135,176,159,0,0,1,1,176,159,176,159,41,1,0,1,1,176,159,176,159,41,1,0,1,1,176,159,176,159,41,1,0,1,1,176,159,176,159,41,1,0
41011,-40,19,FALL,135,176,159,0,0,0,1,176,159,176,159,24,0,0,0,1,176,159,176,159,24,0,0,0,1,176,159,176,159,24,0,0,0,1,176,159,176,159,24,0,0
41011,-40,20,RISE,135,176,159,0,0,1,1,176,159,176,159,41,1,0,1,1,176,159,176,159,41,1,0,1,1,176,159,176,159,41,1,0,1,1,176,159,176,159,41,1,0
41011,-40,21,FALL,135,176,159,0,0,0,1,176,159,176,159,24,0,0,0,1,176,159,176,159,24,0,0,0,1,176,159,176,159,24,0,0,0,1,176,159,176,159,24,0,0
41011,-40,22,RISE,159,176,159,0,0,0,1,176,159,176,159,17,0,0,0,1,176,159,176,159,17,0,0,0,1,176,159,176,159,17,0,0,0,1,176,159,176,159,17,0,0
41011,-40,23,FALL,135,176,159,0,0,0,1,176,159,176,159,24,0,0,0,1,176,159,176,159,24,0,0,0,1,176,159,176,159,24,0,0,0,1,176,159,176,159,24,0,0
41011,125,0,RISE,204,176,159,1,1,1,0,176,159,176,159,28,1,0,1,0,176,159,176,159,28,1,0,1,0,176,159,176,159,28,1,0,1,0,176,159,176,159,28,1,0
41011,125,1,FALL,204,176,159,0,0,1,1,176,159,176,159,45,1,0,1,1,176,159,176,159,45,1,0,1,1,176,159,176,159,45,1,0,1,1,176,159,176,159,45,1,0
41011,125,2,RISE,204,176,159,1,1,1,1,176,159,176,159,28,1,0,1,1,176,159,176,159,28,1,0,1,1,176,159,176,159,28,1,0,1,1,176,159,176,159,28,1,0
41011,125,3,FALL,182,176,159,0,0,0,1,176,159,176,159,23,0,0,0,1,176,159,176,159,23,0,0,0,1,176,159,176,159,23,0,0,0,1,176,159,176,159,23,0,0
41011,125,4,RISE,204,176,159,1,1,1,1,176,159,176,159,28,1,0,1,1,176,159,176,159,28,1,0,1,1,176,159,176,159,28,1,0,1,1,176,159,176,159,28,1,0
41011,125,5,FALL,204,176,159,0,0,1,1,176,159,176,159,45,1,0,1,1,176,159,176,159,45,1,0,1,1,176,159,176,159,45,1,0,1,1,176,159,176,159,45,1,0
41011,125,6,RISE,182,176,159,0,0,0,1,176,159,176,159,6,0,0,0,1,176,159,176,159,6,0,0,0,1,176,159,176,159,6,0,0,0,1,176,159,176,159,6,0,0
41011,125,7,FALL,204,176,159,0,0,1,1,176,159,176,159,45,1,0,1,1,176,159,176,159,45,1,0,1,1,176,159,176,159,45,1,0,1,1,176,159,176,159,45,1,0
41011,125,8,RISE,182,176,159,0,0,0,1,176,159,176,159,6,0,0,0,1,176,159,176,159,6,0,0,0,1,176,159,176,159,6,0,0,0,1,176,159,176,159,6,0,0
41011,125,9,FALL,204,176,159,0,0,1,1,176,159,176,159,45,1,0,1,1,176,159,176,159,45,1,0,1,1,176,159,176,159,45,1,0,1,1,176,159,176,159,45,1,0
41011,125,10,RISE,204,176,159,1,1,1,1,176,159,176,159,28,1,0,1,1,176,159,176,159,28,1,0,1,1,176,159,176,159,28,1,0,1,1,176,159,176,159,28,1,0
41011,125,11,FALL,182,176,159,0,0,0,1,176,159,176,159,23,0,0,0,1,176,159,176,159,23,0,0,0,1,176,159,176,159,23,0,0,0,1,176,159,176,159,23,0,0
41011,125,12,RISE,182,176,159,0,0,0,1,176,159,176,159,6,0,0,0,1,176,159,176,159,6,0,0,0,1,176,159,176,159,6,0,0,0,1,176,159,176,159,6,0,0
41011,125,13,FALL,182,176,159,0,0,0,1,176,159,176,159,23,0,0,0,1,176,159,176,159,23,0,0,0,1,176,159,176,159,23,0,0,0,1,176,159,176,159,23,0,0
41011,125,14,RISE,204,176,159,1,1,1,1,176,159,176,159,28,1,0,1,1,176,159,176,159,28,1,0,1,1,176,159,176,159,28,1,0,1,1,176,159,176,159,28,1,0
41011,125,15,FALL,182,176,159,0,0,0,1,176,159,176,159,23,0,0,0,1,176,159,176,159,23,0,0,0,1,176,159,176,159,23,0,0,0,1,176,159,176,159,23,0,0
41011,125,16,RISE,182,176,159,0,0,0,1,176,159,176,159,6,0,0,0,1,176,159,176,159,6,0,0,0,1,176,159,176,159,6,0,0,0,1,176,159,176,159,6,0,0
41011,125,17,FALL,204,176,159,0,0,1,1,176,159,176,159,45,1,0,1,1,176,159,176,159,45,1,0,1,1,176,159,176,159,45,1,0,1,1,176,159,176,159,45,1,0
41011,125,18,RISE,182,176,159,0,0,0,1,176,159,176,159,6,0,0,0,1,176,159,176,159,6,0,0,0,1,176,159,176,159,6,0,0,0,1,176,159,176,159,6,0,0
41011,125,19,FALL,182,176,159,0,0,0,1,176,159,176,159,23,0,0,0,1,176,159,176,159,23,0,0,0,1,176,159,176,159,23,0,0,0,1,176,159,176,159,23,0,0
41011,125,20,RISE,182,176,159,0,0,0,1,176,159,176,159,6,0,0,0,1,176,159,176,159,6,0,0,0,1,176,159,176,159,6,0,0,0,1,176,159,176,159,6,0,0
41011,125,21,FALL,182,176,159,0,0,0,1,176,159,176,159,23,0,0,0,1,176,159,176,159,23,0,0,0,1,176,159,176,159,23,0,0,0,1,176,159,176,159,23,0,0
41011,125,22,RISE,204,176,159,1,1,1,1,176,159,176,159,28,1,0,1,1,176,159,176,159,28,1,0,1,1,176,159,176,159,28,1,0,1,1,176,159,176,159,28,1,0
41011,125,23,FALL,182,176,159,0,0,0,1,176,159,176,159,23,0,0,0,1,176,159,176,159,23,0,0,0,1,176,159,176,159,23,0,0,0,1,176,159,176,159,23,0,0
41012,-40,0,RISE,182,204,182,0,0,0,0,204,182,204,182,22,0,0,0,0,204,182,204,182,22,0,0,0,0,204,182,204,182,22,0,0,0,0,204,182,204,182,22,0,0
41012,-40,1,FALL,159,204,182,0,0,0,0,204,182,204,182,23,0,0,0,0,204,182,204,182,23,0,0,0,0,204,182,204,182,23,0,0,0,0,204,182,204,182,23,0,0
41012,-40,2,RISE,182,204,182,0,0,0,0,204,182,204,182,22,0,0,0,0,204,182,204,182,22,0,0,0,0,204,182,204,182,22,0,0,0,0,204,182,204,182,22,0,0
41012,-40,3,FALL,159,204,182,0,0,0,0,204,182,204,182,23,0,0,0,0,204,182,204,182,23,0,0,0,0,204,182,204,182,23,0,0,0,0,204,182,204,182,23,0,0
41012,-40,4,RISE,182,204,182,0,0,0,0,204,182,204,182,22,0,0,0,0,204,182,204,182,22,0,0,0,0,204,182,204,182,22,0,0,0,0,204,182,204,182,22,0,0
41012,-40,5,FALL,159,204,182,0,0,0,0,204,182,204,182,23,0,0,0,0,204,182,204,182,23,0,0,0,0,204,182,204,182,23,0,0,0,0,204,182,204,182,23,0,0
41012,-40,6,RISE,182,204,182,0,0,0,0,204,182,204,182,22,0,0,0,0,204,182,204,182,22,0,0,0,0,204,182,204,182,22,0,0,0,0,204,182,204,182,22,0,0
41012,-40,7,FALL,159,204,182,0,0,0,0,204,182,204,182,23,0,0,0,0,204,182,204,182,23,0,0,0,0,204,182,204,182,23,0,0,0,0,204,182,204,182,23,0,0
41012,-40,8,RISE,182,204,182,0,0,0,0,204,182,204,182,22,0,0,0,0,204,182,204,182,22,0,0,0,0,204,182,204,182,22,0,0,0,0,204,182,204,182,22,0,0
41012,-40,9,FALL,159,204,182,0,0,0,0,204,182,204,182,23,0,0,0,0,204,182,204,182,23,0,0,0,0,204,182,204,182,23,0,0,0,0,204,182,204,182,23,0,0
41012,-40,10,RISE,182,204,182,0,0,0,0,204,182,204,182,22,0,0,0,0,204,182,204,182,22,0,0,0,0,204,182,204,182,22,0,0,0,0,204,182,204,182,22,0,0
41012,-40,11,FALL,159,204,182,0,0,0,0,204,182,204,182,23,0,0,0,0,204,182,204,182,23,0,0,0,0,204,182,204,182,23,0,0,0,0,204,182,204,182,23,0,0
41012,-40,12,RISE,182,204,182,0,0,0,0,204,182,204,182,22,0,0,0,0,204,182,204,182,22,0,0,0,0,204,182,204,182,22,0,0,0,0,204,182,204,182,22,0,0
41012,-40,13,FALL,159,204,182,0,0,0,0,204,182,204,182,23,0,0,0,0,204,182,204,182,23,0,0,0,0,204,182,204,182,23,0,0,0,0,204,182,204,182,23,0,0
41012,-40,14,RISE,182,204,182,0,0,0,0,204,182,204,182,22,0,0,0,0,204,182,204,182,22,0,0,0,0,204,182,204,182,22,0,0,0,0,204,182,204,182,22,0,0
41012,-40,15,FALL,159,204,182,0,0,0,0,204,182,204,182,23,0,0,0,0,204,182,204,182,23,0,0,0,0,204,182,204,182,23,0,0,0,0,204,182,204,182,23,0,0
41012,-40,16,RISE,182,204,182,0,0,0,0,204,182,204,182,22,0,0,0,0,204,182,204,182,22,0,0,0,0,204,182,204,182,22,0,0,0,0,204,182,204,182,22,0,0
41012,-40,17,FALL,159,204,182,0,0,0,0,204,182,204,182,23,0,0,0,0,204,182,204,182,23,0,0,0,0,204,182,204,182,23,0,0,0,0,204,182,204,182,23,0,0
41012,-40,18,RISE,182,204,182,0,0,0,0,204,182,204,182,22,0,0,0,0,204,182,204,182,22,0,0,0,0,204,182,204,182,22,0,0,0,0,204,182,204,182,22,0,0
41012,-40,19,FALL,159,204,182,0,0,0,0,204,182,204,182,23,0,0,0,0,204,182,204,182,23,0,0,0,0,204,182,204,182,23,0,0,0,0,204,182,204,182,23,0,0
41012,-40,20,RISE,182,204,182,0,0,0,0,204,182,204,182,22,0,0,0,0,204,182,204,182,22,0,0,0,0,204,182,204,182,22,0,0,0,0,204,182,204,182,22,0,0
41012,-40,21,FALL,159,204,182,0,0,0,0,204,182,204,182,23,0,0,0,0,204,182,204,182,23,0,0,0,0,204,182,204,182,23,0,0,0,0,204,182,204,182,23,0,0
41012,-40,22,RISE,182,204,182,0,0,0,0,204,182,204,182,22,0,0,0,0,204,182,204,182,22,0,0,0,0,204,182,204,182,22,0,0,0,0,204,182,204,182,22,0,0
41012,-40,23,FALL,159,204,182,0,0,0,0,204,182,204,182,23,0,0,0,0,204,182,204,182,23,0,0,0,0,204,182,204,182,23,0,0,0,0,204,182,204,182,23,0,0
41012,125,0,RISE,225,204,182,1,1,1,0,204,182,204,182,21,0,0,1,0,204,182,204,182,21,0,0,1,0,204,182,204,182,21,0,0,1,0,204,182,204,182,21,0,0
41012,125,1,FALL,204,204,182,0,0,0,1,204,182,204,182,22,0,0,0,1,204,182,204,182,22,0,0,0,1,204,182,204,182,22,0,0,0,1,204,182,204,182,22,0,0
41012,125,2,RISE,225,204,182,1,1,1,1,204,182,204,182,21,0,0,1,1,204,182,204,182,21,0,0,1,1,204,182,204,182,21,0,0,1,1,204,182,204,182,21,0,0
41012,125,3,FALL,204,204,182,0,0,0,1,204,182,204,182,22,0,0,0,1,204,182,204,182,22,0,0,0,1,204,182,204,182,22,0,0,0,1,204,182,204,182,22,0,0
41012,125,4,RISE,225,204,182,1,1,1,1,204,182,204,182,21,0,0,1,1,204,182,204,182,21,0,0,1,1,204,182,204,182,21,0,0,1,1,204,182,204,182,21,0,0
41012,125,5,FALL,204,204,182,0,0,0,1,204,182,204,182,22,0,0,0,1,204,182,204,182,22,0,0,0,1,204,182,204,182,22,0,0,0,1,204,182,204,182,22,0,0
41012,125,6,RISE,204,204,182,0,0,0,1,204,182,204,182,0,0,0,0,1,204,182,204,182,0,0,0,0,1,204,182,204,182,0,0,0,0,1,204,182,204,182,0,0,0
41012,125,7,FALL,204,204,182,0,0,0,1,204,182,204,182,22,0,0,0,1,204,182,204,182,22,0,0,0,1,204,182,204,182,22,0,0,0,1,204,182,204,182,22,0,0
41012,125,8,RISE,225,204,182,1,1,1,1,204,182,204,182,21,0,0,1,1,204,182,204,182,21,0,0,1,1,204,182,204,182,21,0,0,1,1,204,182,204,182,21,0,0
41012,125,9,FALL,204,204,182,0,0,0,1,204,182,204,182,22,0,0,0,1,204,182,204,182,22,0,0,0,1,204,182,204,182,22,0,0,0,1,204,182,204,182,22,0,0
41012,125,10,RISE,225,204,182,1,1,1,1,204,182,204,182,21,0,0,1,1,204,182,204,182,21,0,0,1,1,204,182,204,182,21,0,0,1,1,204,182,204,182,21,0,0
41012,125,11,FALL,204,204,182,0,0,0,1,204,182,204,182,22,0,0,0,1,204,182,204,182,22,0,0,0,1,204,182,204,182,22,0,0,0,1,204,182,204,182,22,0,0
41012,125,12,RISE,204,204,182,0,0,0,1,204,182,204,182,0,0,0,0,1,204,182,204,182,0,0,0,0,1,204,182,204,182,0,0,0,0,1,204,182,204,182,0,0,0
41012,125,13,FALL,204,204,182,0,0,0,1,204,182,204,182,22,0,0,0,1,204,182,204,182,22,0,0,0,1,204,182,204,182,22,0,0,0,1,204,182,204,182,22,0,0
41012,125,14,RISE,225,204,182,1,1,1,1,204,182,204,182,21,0,0,1,1,204,182,204,182,21,0,0,1,1,204,182,204,182,21,0,0,1,1,204,182,204,182,21,0,0
41012,125,15,FALL,204,204,182,0,0,0,1,204,182,204,182,22,0,0,0,1,204,182,204,182,22,0,0,0,1,204,182,204,182,22,0,0,0,1,204,182,204,182,22,0,0
41012,125,16,RISE,204,204,182,0,0,0,1,204,182,204,182,0,0,0,0,1,204,182,204,182,0,0,0,0,1,204,182,204,182,0,0,0,0,1,204,182,204,182,0,0,0
41012,125,17,FALL,204,204,182,0,0,0,1,204,182,204,182,22,0,0,0,1,204,182,204,182,22,0,0,0,1,204,182,204,182,22,0,0,0,1,204,182,204,182,22,0,0
41012,125,18,RISE,204,204,182,0,0,0,1,204,182,204,182,0,0,0,0,1,204,182,204,182,0,0,0,0,1,204,182,204,182,0,0,0,0,1,204,182,204,182,0,0,0
41012,125,19,FALL,204,204,182,0,0,0,1,204,182,204,182,22,0,0,0,1,204,182,204,182,22,0,0,0,1,204,182,204,182,22,0,0,0,1,204,182,204,182,22,0,0
41012,125,20,RISE,204,204,182,0,0,0,1,204,182,204,182,0,0,0,0,1,204,182,204,182,0,0,0,0,1,204,182,204,182,0,0,0,0,1,204,182,204,182,0,0,0
41012,125,21,FALL,204,204,182,0,0,0,1,204,182,204,182,22,0,0,0,1,204,182,204,182,22,0,0,0,1,204,182,204,182,22,0,0,0,1,204,182,204,182,22,0,0
41012,125,22,RISE,225,204,182,1,1,1,1,204,182,204,182,21,0,0,1,1,204,182,204,182,21,0,0,1,1,204,182,204,182,21,0,0,1,1,204,182,204,182,21,0,0
41012,125,23,FALL,204,204,182,0,0,0,1,204,182,204,182,22,0,0,0,1,204,182,204,182,22,0,0,0,1,204,182,204,182,22,0,0,0,1,204,182,204,182,22,0,0
41013,-40,0,RISE,225,235,204,0,0,0,0,235,204,235,204,10,0,0,0,0,235,204,235,204,10,0,0,0,0,235,204,235,204,10,0,0,0,0,235,204,235,204,10,0,0
41013,-40,1,FALL,204,235,204,0,0,0,0,235,204,235,204,0,0,0,0,0,235,204,235,204,0,0,0,0,0,235,204,235,204,0,0,0,0,0,235,204,235,204,0,0,0
41013,-40,2,RISE,225,235,204,0,0,0,0,235,204,235,204,10,0,0,0,0,235,204,235,204,10,0,0,0,0,235,204,235,204,10,0,0,0,0,235,204,235,204,10,0,0
41013,-40,3,FALL,182,235,204,0,0,0,0,235,204,235,204,22,0,0,0,0,235,204,235,204,22,0,0,0,0,235,204,235,204,22,0,0,0,0,235,204,235,204,22,0,0
41013,-40,4,RISE,225,235,204,0,0,0,0,235,204,235,204,10,0,0,0,0,235,204,235,204,10,0,0,0,0,235,204,235,204,10,0,0,0,0,235,204,235,204,10,0,0
41013,-40,5,FALL,204,235,204,0,0,0,0,235,204,235,204,0,0,0,0,0,235,204,235,204,0,0,0,0,0,235,204,235,204,0,0,0,0,0,235,204,235,204,0,0,0
41013,-40,6,RISE,225,235,204,0,0,0,0,235,204,235,204,10,0,0,0,0,235,204,235,204,10,0,0,0,0,235,204,235,204,10,0,0,0,0,235,204,235,204,10,0,0
41013,-40,7,FALL,204,235,204,0,0,0,0,235,204,235,204,0,0,0,0,0,235,204,235,204,0,0,0,0,0,235,204,235,204,0,0,0,0,0,235,204,235,204,0,0,0
41013,-40,8,RISE,225,235,204,0,0,0,0,235,204,235,204,10,0,0,0,0,235,204,235,204,10,0,0,0,0,235,204,235,204,10,0,0,0,0,235,204,235,204,10,0,0
41013,-40,9,FALL,204,235,204,0,0,0,0,235,204,235,204,0,0,0,0,0,235,204,235,204,0,0,0,0,0,235,204,235,204,0,0,0,0,0,235,204,235,204,0,0,0
41013,-40,10,RISE,225,235,204,0,0,0,0,235,204,235,204,10,0,0,0,0,235,204,235,204,10,0,0,0,0,235,204,235,204,10,0,0,0,0,235,204,235,204,10,0,0
41013,-40,11,FALL,182,235,204,0,0,0,0,235,204,235,204,22,0,0,0,0,235,204,235,204,22,0,0,0,0,235,204,235,204,22,0,0,0,0,235,204,235,204,22,0,0
41013,-40,12,RISE,225,235,204,0,0,0,0,235,204,235,204,10,0,0,0,0,235,204,235,204,10,0,0,0,0,235,204,235,204,10,0,0,0,0,235,204,235,204,10,0,0
41013,-40,13,FALL,182,235,204,0,0,0,0,235,204,235,204,22,0,0,0,0,235,204,235,204,22,0,0,0,0,235,204,235,204,22,0,0,0,0,235,204,235,204,22,0,0
41013,-40,14,RISE,225,235,204,0,0,0,0,235,204,235,204,10,0,0,0,0,235,204,235,204,10,0,0,0,0,235,204,235,204,10,0,0,0,0,235,204,235,204,10,0,0
41013,-40,15,FALL,182,235,204,0,0,0,0,235,204,235,204,22,0,0,0,0,235,204,235,204,22,0,0,0,0,235,204,235,204,22,0,0,0,0,235,204,235,204,22,0,0
41013,-40,16,RISE,225,235,204,0,0,0,0,235,204,235,204,10,0,0,0,0,235,204,235,204,10,0,0,0,0,235,204,235,204,10,0,0,0,0,235,204,235,204,10,0,0
41013,-40,17,FALL,204,235,204,0,0,0,0,235,204,235,204,0,0,0,0,0,235,204,235,204,0,0,0,0,0,235,204,235,204,0,0,0,0,0,235,204,235,204,0,0,0
41013,-40,18,RISE,225,235,204,0,0,0,0,235,204,235,204,10,0,0,0,0,235,204,235,204,10,0,0,0,0,235,204,235,204,10,0,0,0,0,235,204,235,204,10,0,0
41013,-40,19,FALL,204,235,204,0,0,0,0,235,204,235,204,0,0,0,0,0,235,204,235,204,0,0,0,0,0,235,204,235,204,0,0,0,0,0,235,204,235,204,0,0,0
41013,-40,20,RISE,225,235,204,0,0,0,0,235,204,235,204,10,0,0,0,0,235,204,235,204,10,0,0,0,0,235,204,235,204,10,0,0,0,0,235,204,235,204,10,0,0
41013,-40,21,FALL,182,235,204,0,0,0,0,235,204,235,204,22,0,0,0,0,235,204,235,204,22,0,0,0,0,235,204,235,204,22,0,0,0,0,235,204,235,204,22,0,0
41013,-40,22,RISE,225,235,204,0,0,0,0,235,204,235,204,10,0,0,0,0,235,204,235,204,10,0,0,0,0,235,204,235,204,10,0,0,0,0,235,204,235,204,10,0,0
41013,-40,23,FALL,204,235,204,0,0,0,0,235,204,235,204,0,0,0,0,0,235,204,235,204,0,0,0,0,0,235,204,235,204,0,0,0,0,0,235,204,235,204,0,0,0
41013,125,0,RISE,245,235,204,0,0,0,0,235,204,235,204,10,0,0,0,0,235,204,235,204,10,0,0,0,0,235,204,235,204,10,0,0,0,0,235,204,235,204,10,0,0
41013,125,1,FALL,225,235,204,0,0,0,0,235,204,235,204,21,0,0,0,0,235,204,235,204,21,0,0,0,0,235,204,235,204,21,0,0,0,0,235,204,235,204,21,0,0
41013,125,2,RISE,245,235,204,0,0,0,0,235,204,235,204,10,0,0,0,0,235,204,235,204,10,0,0,0,0,235,204,235,204,10,0,0,0,0,235,204,235,204,10,0,0
41013,125,3,FALL,225,235,204,0,0,0,0,235,204,235,204,21,0,0,0,0,235,204,235,204,21,0,0,0,0,235,204,235,204,21,0,0,0,0,235,204,235,204,21,0,0
41013,125,4,RISE,245,235,204,0,0,0,0,235,204,235,204,10,0,0,0,0,235,204,235,204,10,0,0,0,0,235,204,235,204,10,0,0,0,0,235,204,235,204,10,0,0
41013,125,5,FALL,225,235,204,0,0,0,0,235,204,235,204,21,0,0,0,0,235,204,235,204,21,0,0,0,0,235,204,235,204,21,0,0,0,0,235,204,235,204,21,0,0
41013,125,6,RISE,245,235,204,0,0,0,0,235,204,235,204,10,0,0,0,0,235,204,235,204,10,0,0,0,0,235,204,235,204,10,0,0,0,0,235,204,235,204,10,0,0
41013,125,7,FALL,225,235,204,0,0,0,0,235,204,235,204,21,0,0,0,0,235,204,235,204,21,0,0,0,0,235,204,235,204,21,0,0,0,0,235,204,235,204,21,0,0
41013,125,8,RISE,245,235,204,0,0,0,0,235,204,235,204,10,0,0,0,0,235,204,235,204,10,0,0,0,0,235,204,235,204,10,0,0,0,0,235,204,235,204,10,0,0
41013,125,9,FALL,225,235,204,0,0,0,0,235,204,235,204,21,0,0,0,0,235,204,235,204,21,0,0,0,0,235,204,235,204,21,0,0,0,0,235,204,235,204,21,0,0
41013,125,10,RISE,245,235,204,0,0,0,0,235,204,235,204,10,0,0,0,0,235,204,235,204,10,0,0,0,0,235,204,235,204,10,0,0,0,0,235,204,235,204,10,0,0
41013,125,11,FALL,225,235,204,0,0,0,0,235,204,235,204,21,0,0,0,0,235,204,235,204,21,0,0,0,0,235,204,235,204,21,0,0,0,0,235,204,235,204,21,0,0
41013,125,12,RISE,245,235,204,0,0,0,0,235,204,235,204,10,0,0,0,0,235,204,235,204,10,0,0,0,0,235,204,235,204,10,0,0,0,0,235,204,235,204,10,0,0
41013,125,13,FALL,225,235,204,0,0,0,0,235,204,235,204,21,0,0,0,0,235,204,235,204,21,0,0,0,0,235,204,235,204,21,0,0,0,0,235,204,235,204,21,0,0
41013,125,14,RISE,245,235,204,0,0,0,0,235,204,235,204,10,0,0,0,0,235,204,235,204,10,0,0,0,0,235,204,235,204,10,0,0,0,0,235,204,235,204,10,0,0
41013,125,15,FALL,225,235,204,0,0,0,0,235,204,235,204,21,0,0,0,0,235,204,235,204,21,0,0,0,0,235,204,235,204,21,0,0,0,0,235,204,235,204,21,0,0
41013,125,16,RISE,245,235,204,0,0,0,0,235,204,235,204,10,0,0,0,0,235,204,235,204,10,0,0,0,0,235,204,235,204,10,0,0,0,0,235,204,235,204,10,0,0
41013,125,17,FALL,225,235,204,0,0,0,0,235,204,235,204,21,0,0,0,0,235,204,235,204,21,0,0,0,0,235,204,235,204,21,0,0,0,0,235,204,235,204,21,0,0
41013,125,18,RISE,245,235,204,0,0,0,0,235,204,235,204,10,0,0,0,0,235,204,235,204,10,0,0,0,0,235,204,235,204,10,0,0,0,0,235,204,235,204,10,0,0
41013,125,19,FALL,225,235,204,0,0,0,0,235,204,235,204,21,0,0,0,0,235,204,235,204,21,0,0,0,0,235,204,235,204,21,0,0,0,0,235,204,235,204,21,0,0
41013,125,20,RISE,245,235,204,0,0,0,0,235,204,235,204,10,0,0,0,0,235,204,235,204,10,0,0,0,0,235,204,235,204,10,0,0,0,0,235,204,235,204,10,0,0
41013,125,21,FALL,225,235,204,0,0,0,0,235,204,235,204,21,0,0,0,0,235,204,235,204,21,0,0,0,0,235,204,235,204,21,0,0,0,0,235,204,235,204,21,0,0
41013,125,22,RISE,245,235,204,0,0,0,0,235,204,235,204,10,0,0,0,0,235,204,235,204,10,0,0,0,0,235,204,235,204,10,0,0,0,0,235,204,235,204,10,0,0
41013,125,23,FALL,225,235,204,0,0,0,0,235,204,235,204,21,0,0,0,0,235,204,235,204,21,0,0,0,0,235,204,235,204,21,0,0,0,0,235,204,235,204,21,0,0
41014,-40,0,RISE,159,182,159,0,0,1,0,182,159,182,159,23,1,0,1,0,182,159,182,159,23,1,0,1,0,182,159,182,159,23,1,0,1,0,182,159,182,159,23,1,0
41014,-40,1,FALL,135,182,159,0,0,0,1,182,159,182,159,24,0,0,0,1,182,159,182,159,24,0,0,0,1,182,159,182,159,24,0,0,0,1,182,159,182,159,24,0,0
41014,-40,2,RISE,159,182,159,0,0,1,1,182,159,182,159,23,1,0,1,1,182,159,182,159,23,1,0,1,1,182,159,182,159,23,1,0,1,1,182,159,182,159,23,1,0
41014,-40,3,FALL,135,182,159,0,0,0,1,182,159,182,159,24,0,0,0,1,182,159,182,159,24,0,0,0,1,182,159,182,159,24,0,0,0,1,182,159,182,159,24,0,0
41014,-40,4,RISE,182,182,159,0,0,0,1,182,159,182,159,0,0,0,0,1,182,159,182,159,0,0,0,0,1,182,159,182,159,0,0,0,0,1,182,159,182,159,0,0,0
41014,-40,5,FALL,135,182,159,0,0,0,1,182,159,182,159,24,0,0,0,1,182,159,182,159,24,0,0,0,1,182,159,182,159,24,0,0,0,1,182,159,182,159,24,0,0
41014,-40,6,RISE,159,182,159,0,0,1,1,182,159,182,159,23,1,0,1,1,182,159,182,159,23,1,0,1,1,182,159,182,159,23,1,0,1,1,182,159,182,159,23,1,0
41014,-40,7,FALL,135,182,159,0,0,0,1,182,159,182,159,24,0,0,0,1,182,159,182,159,24,0,0,0,1,182,159,182,159,24,0,0,0,1,182,159,182,159,24,0,0
41014,-40,8,RISE,159,182,159,0,0,1,1,182,159,182,159,23,1,0,1,1,182,159,182,159,23,1,0,1,1,182,159,182,159,23,1,0,1,1,182,159,182,159,23,1,0
41014,-40,9,FALL,135,182,159,0,0,0,1,182,159,182,159,24,0,0,0,1,182,159,182,159,24,0,0,0,1,182,159,182,159,24,0,0,0,1,182,159,182,159,24,0,0
41014,-40,10,RISE,159,182,159,0,0,1,1,182,159,182,159,23,1,0,1,1,182,159,182,159,23,1,0,1,1,182,159,182,159,23,1,0,1,1,182,159,182,159,23,1,0
41014,-40,11,FALL,135,182,159,0,0,0,1,182,159,182,159,24,0,0,0,1,182,159,182,159,24,0,0,0,1,182,159,182,159,24,0,0,0,1,182,159,182,159,24,0,0
41014,-40,12,RISE,159,182,159,0,0,1,1,182,159,182,159,23,1,0,1,1,182,159,182,159,23,1,0,1,1,182,159,182,159,23,1,0,1,1,182,159,182,159,23,1,0
41014,-40,13,FALL,135,182,159,0,0,0,1,182,159,182,159,24,0,0,0,1,182,159,182,159,24,0,0,0,1,182,159,182,159,24,0,0,0,1,182,159,182,159,24,0,0
41014,-40,14,RISE,159,182,159,0,0,1,1,182,159,182,159,23,1,0,1,1,182,159,182,159,23,1,0,1,1,182,159,182,159,23,1,0,1,1,182,159,182,159,23,1,0
41014,-40,15,FALL,135,182,159,0,0,0,1,182,159,182,159,24,0,0,0,1,182,159,182,159,24,0,0,0,1,182,159,182,159,24,0,0,0,1,182,159,182,159,24,0,0
41014,-40,16,RISE,159,182,159,0,0,1,1,182,159,182,159,23,1,0,1,1,182,159,182,159,23,1,0,1,1,182,159,182,159,23,1,0,1,1,182,159,182,159,23,1,0
41014,-40,17,FALL,135,182,159,0,0,0,1,182,159,182,159,24,0,0,0,1,182,159,182,159,24,0,0,0,1,182,159,182,159,24,0,0,0,1,182,159,182,159,24,0,0
41014,-40,18,RISE,159,182,159,0,0,1,1,182,159,182,159,23,1,0,1,1,182,159,182,159,23,1,0,1,1,182,159,182,159,23,1,0,1,1,182,159,182,159,23,1,0
41014,-40,19,FALL,135,182,159,0,0,0,1,182,159,182,159,24,0,0,0,1,182,159,182,159,24,0,0,0,1,182,159,182,159,24,0,0,0,1,182,159,182,159,24,0,0
41014,-40,20,RISE,159,182,159,0,0,1,1,182,159,182,159,23,1,0,1,1,182,159,182,159,23,1,0,1,1,182,159,182,159,23,1,0,1,1,182,159,182,159,23,1,0
41014,-40,21,FALL,135,182,159,0,0,0,1,182,159,182,159,24,0,0,0,1,182,159,182,159,24,0,0,0,1,182,159,182,159,24,0,0,0,1,182,159,182,159,24,0,0
41014,-40,22,RISE,159,182,159,0,0,1,1,182,159,182,159,23,1,0,1,1,182,159,182,159,23,1,0,1,1,182,159,182,159,23,1,0,1,1,182,159,182,159,23,1,0
41014,-40,23,FALL,135,182,159,0,0,0,1,182,159,182,159,24,0,0,0,1,182,159,182,159,24,0,0,0,1,182,159,182,159,24,0,0,0,1,182,159,182,159,24,0,0
41014,125,0,RISE,204,182,159,1,1,1,0,182,159,182,159,22,0,0,1,0,182,159,182,159,22,0,0,1,0,182,159,182,159,22,0,0,1,0,182,159,182,159,22,0,0
41014,125,1,FALL,204,182,159,0,0,1,1,182,159,182,159,45,1,0,1,1,182,159,182,159,45,1,0,1,1,182,159,182,159,45,1,0,1,1,182,159,182,159,45,1,0
41014,125,2,RISE,204,182,159,1,1,1,1,182,159,182,159,22,0,0,1,1,182,159,182,159,22,0,0,1,1,182,159,182,159,22,0,0,1,1,182,159,182,159,22,0,0
41014,125,3,FALL,182,182,159,0,0,0,1,182,159,182,159,23,0,0,0,1,182,159,182,159,23,0,0,0,1,182,159,182,159,23,0,0,0,1,182,159,182,159,23,0,0
41014,125,4,RISE,225,182,159,1,1,1,1,182,159,182,159,43,1,0,1,1,182,159,182,159,43,1,0,1,1,182,159,182,159,43,1,0,1,1,182,159,182,159,43,1,0
41014,125,5,FALL,204,182,159,0,0,1,1,182,159,182,159,45,1,0,1,1,182,159,182,159,45,1,0,1,1,182,159,182,159,45,1,0,1,1,182,159,182,159,45,1,0
41014,125,6,RISE,204,182,159,1,1,1,1,182,159,182,159,22,0,0,1,1,182,159,182,159,22,0,0,1,1,182,159,182,159,22,0,0,1,1,182,159,182,159,22,0,0
41014,125,7,FALL,204,182,159,0,0,1,1,182,159,182,159,45,1,0,1,1,182,159,182,159,45,1,0,1,1,182,159,182,159,45,1,0,1,1,182,159,182,159,45,1,0
41014,125,8,RISE,204,182,159,1,1,1,1,182,159,182,159,22,0,0,1,1,182,159,182,159,22,0,0,1,1,182,159,182,159,22,0,0,1,1,182,159,182,159,22,0,0
41014,125,9,FALL,204,182,159,0,0,1,1,182,159,182,159,45,1,0,1,1,182,159,182,159,45,1,0,1,1,182,159,182,159,45,1,0,1,1,182,159,182,159,45,1,0
41014,125,10,RISE,204,182,159,1,1,1,1,182,159,182,159,22,0,0,1,1,182,159,182,159,22,0,0,1,1,182,159,182,159,22,0,0,1,1,182,159,182,159,22,0,0
41014,125,11,FALL,182,182,159,0,0,0,1,182,159,182,159,23,0,0,0,1,182,159,182,159,23,0,0,0,1,182,159,182,159,23,0,0,0,1,182,159,182,159,23,0,0
41014,125,12,RISE,204,182,159,1,1,1,1,182,159,182,159,22,0,0,1,1,182,159,182,159,22,0,0,1,1,182,159,182,159,22,0,0,1,1,182,159,182,159,22,0,0
41014,125,13,FALL,182,182,159,0,0,0,1,182,159,182,159,23,0,0,0,1,182,159,182,159,23,0,0,0,1,182,159,182,159,23,0,0,0,1,182,159,182,159,23,0,0
41014,125,14,RISE,204,182,159,1,1,1,1,182,159,182,159,22,0,0,1,1,182,159,182,159,22,0,0,1,1,182,159,182,159,22,0,0,1,1,182,159,182,159,22,0,0
41014,125,15,FALL,182,182,159,0,0,0,1,182,159,182,159,23,0,0,0,1,182,159,182,159,23,0,0,0,1,182,159,182,159,23,0,0,0,1,182,159,182,159,23,0,0
41014,125,16,RISE,204,182,159,1,1,1,1,182,159,182,159,22,0,0,1,1,182,159,182,159,22,0,0,1,1,182,159,182,159,22,0,0,1,1,182,159,182,159,22,0,0
41014,125,17,FALL,204,182,159,0,0,1,1,182,159,182,159,45,1,0,1,1,182,159,182,159,45,1,0,1,1,182,159,182,159,45,1,0,1,1,182,159,182,159,45,1,0
41014,125,18,RISE,204,182,159,1,1,1,1,182,159,182,159,22,0,0,1,1,182,159,182,159,22,0,0,1,1,182,159,182,159,22,0,0,1,1,182,159,182,159,22,0,0
41014,125,19,FALL,182,182,159,0,0,0,1,182,159,182,159,23,0,0,0,1,182,159,182,159,23,0,0,0,1,182,159,182,159,23,0,0,0,1,182,159,182,159,23,0,0
41014,125,20,RISE,204,182,159,1,1,1,1,182,159,182,159,22,0,0,1,1,182,159,182,159,22,0,0,1,1,182,159,182,159,22,0,0,1,1,182,159,182,159,22,0,0
41014,125,21,FALL,182,182,159,0,0,0,1,182,159,182,159,23,0,0,0,1,182,159,182,159,23,0,0,0,1,182,159,182,159,23,0,0,0,1,182,159,182,159,23,0,0
41014,125,22,RISE,204,182,159,1,1,1,1,182,159,182,159,22,0,0,1,1,182,159,182,159,22,0,0,1,1,182,159,182,159,22,0,0,1,1,182,159,182,159,22,0,0
41014,125,23,FALL,204,182,159,0,0,1,1,182,159,182,159,45,1,0,1,1,182,159,182,159,45,1,0,1,1,182,159,182,159,45,1,0,1,1,182,159,182,159,45,1,0
41015,-40,0,RISE,182,204,159,0,0,0,0,204,159,204,159,22,0,0,0,0,204,159,204,159,22,0,0,0,0,204,159,204,159,22,0,0,0,0,204,159,204,159,22,0,0
41015,-40,1,FALL,135,204,159,0,0,0,0,204,159,204,159,24,0,0,0,0,204,159,204,159,24,0,0,0,0,204,159,204,159,24,0,0,0,0,204,159,204,159,24,0,0
41015,-40,2,RISE,182,204,159,0,0,0,0,204,159,204,159,22,0,0,0,0,204,159,204,159,22,0,0,0,0,204,159,204,159,22,0,0,0,0,204,159,204,159,22,0,0
41015,-40,3,FALL,135,204,159,0,0,0,0,204,159,204,159,24,0,0,0,0,204,159,204,159,24,0,0,0,0,204,159,204,159,24,0,0,0,0,204,159,204,159,24,0,0
41015,-40,4,RISE,182,204,159,0,0,0,0,204,159,204,159,22,0,0,0,0,204,159,204,159,22,0,0,0,0,204,159,204,159,22,0,0,0,0,204,159,204,159,22,0,0
41015,-40,5,FALL,135,204,159,0,0,0,0,204,159,204,159,24,0,0,0,0,204,159,204,159,24,0,0,0,0,204,159,204,159,24,0,0,0,0,204,159,204,159,24,0,0
41015,-40,6,RISE,182,204,159,0,0,0,0,204,159,204,159,22,0,0,0,0,204,159,204,159,22,0,0,0,0,204,159,204,159,22,0,0,0,0,204,159,204,159,22,0,0
41015,-40,7,FALL,135,204,159,0,0,0,0,204,159,204,159,24,0,0,0,0,204,159,204,159,24,0,0,0,0,204,159,204,159,24,0,0,0,0,204,159,204,159,24,0,0
41015,-40,8,RISE,182,204,159,0,0,0,0,204,159,204,159,22,0,0,0,0,204,159,204,159,22,0,0,0,0,204,159,204,159,22,0,0,0,0,204,159,204,159,22,0,0
41015,-40,9,FALL,135,204,159,0,0,0,0,204,159,204,159,24,0,0,0,0,204,159,204,159,24,0,0,0,0,204,159,204,159,24,0,0,0,0,204,159,204,159,24,0,0
41015,-40,10,RISE,182,204,159,0,0,0,0,204,159,204,159,22,0,0,0,0,204,159,204,159,22,0,0,0,0,204,159,204,159,22,0,0,0,0,204,159,204,159,22,0,0
41015,-40,11,FALL,135,204,159,0,0,0,0,204,159,204,159,24,0,0,0,0,204,159,204,159,24,0,0,0,0,204,159,204,159,24,0,0,0,0,204,159,204,159,24,0,0
41015,-40,12,RISE,182,204,159,0,0,0,0,204,159,204,159,22,0,0,0,0,204,159,204,159,22,0,0,0,0,204,159,204,159,22,0,0,0,0,204,159,204,159,22,0,0
41015,-40,13,FALL,135,204,159,0,0,0,0,204,159,204,159,24,0,0,0,0,204,159,204,159,24,0,0,0,0,204,159,204,159,24,0,0,0,0,204,159,204,159,24,0,0
41015,-40,14,RISE,182,204,159,0,0,0,0,204,159,204,159,22,0,0,0,0,204,159,204,159,22,0,0,0,0,204,159,204,159,22,0,0,0,0,204,159,204,159,22,0,0
41015,-40,15,FALL,135,204,159,0,0,0,0,204,159,204,159,24,0,0,0,0,204,159,204,159,24,0,0,0,0,204,159,204,159,24,0,0,0,0,204,159,204,159,24,0,0
41015,-40,16,RISE,182,204,159,0,0,0,0,204,159,204,159,22,0,0,0,0,204,159,204,159,22,0,0,0,0,204,159,204,159,22,0,0,0,0,204,159,204,159,22,0,0
41015,-40,17,FALL,135,204,159,0,0,0,0,204,159,204,159,24,0,0,0,0,204,159,204,159,24,0,0,0,0,204,159,204,159,24,0,0,0,0,204,159,204,159,24,0,0
41015,-40,18,RISE,182,204,159,0,0,0,0,204,159,204,159,22,0,0,0,0,204,159,204,159,22,0,0,0,0,204,159,204,159,22,0,0,0,0,204,159,204,159,22,0,0
41015,-40,19,FALL,135,204,159,0,0,0,0,204,159,204,159,24,0,0,0,0,204,159,204,159,24,0,0,0,0,204,159,204,159,24,0,0,0,0,204,159,204,159,24,0,0
41015,-40,20,RISE,182,204,159,0,0,0,0,204,159,204,159,22,0,0,0,0,204,159,204,159,22,0,0,0,0,204,159,204,159,22,0,0,0,0,204,159,204,159,22,0,0
41015,-40,21,FALL,110,204,159,0,0,1,0,204,159,204,159,49,1,0,1,0,204,159,204,159,49,1,0,1,0,204,159,204,159,49,1,0,1,0,204,159,204,159,49,1,0
41015,-40,22,RISE,182,204,159,0,0,0,1,204,159,204,159,22,0,0,0,1,204,159,204,159,22,0,0,0,1,204,159,204,159,22,0,0,0,1,204,159,204,159,22,0,0
41015,-40,23,FALL,135,204,159,0,0,0,1,204,159,204,159,24,0,0,0,1,204,159,204,159,24,0,0,0,1,204,159,204,159,24,0,0,0,1,204,159,204,159,24,0,0
41015,125,0,RISE,225,204,159,1,1,1,0,204,159,204,159,21,0,0,1,0,204,159,204,159,21,0,0,1,0,204,159,204,159,21,0,0,1,0,204,159,204,159,21,0,0
41015,125,1,FALL,182,204,159,0,0,0,1,204,159,204,159,23,0,0,0,1,204,159,204,159,23,0,0,0,1,204,159,204,159,23,0,0,0,1,204,159,204,159,23,0,0
41015,125,2,RISE,225,204,159,1,1,1,1,204,159,204,159,21,0,0,1,1,204,159,204,159,21,0,0,1,1,204,159,204,159,21,0,0,1,1,204,159,204,159,21,0,0
41015,125,3,FALL,182,204,159,0,0,0,1,204,159,204,159,23,0,0,0,1,204,159,204,159,23,0,0,0,1,204,159,204,159,23,0,0,0,1,204,159,204,159,23,0,0
41015,125,4,RISE,225,204,159,1,1,1,1,204,159,204,159,21,0,0,1,1,204,159,204,159,21,0,0,1,1,204,159,204,159,21,0,0,1,1,204,159,204,159,21,0,0
41015,125,5,FALL,182,204,159,0,0,0,1,204,159,204,159,23,0,0,0,1,204,159,204,159,23,0,0,0,1,204,159,204,159,23,0,0,0,1,204,159,204,159,23,0,0
41015,125,6,RISE,225,204,159,1,1,1,1,204,159,204,159,21,0,0,1,1,204,159,204,159,21,0,0,1,1,204,159,204,159,21,0,0,1,1,204,159,204,159,21,0,0
41015,125,7,FALL,182,204,159,0,0,0,1,204,159,204,159,23,0,0,0,1,204,159,204,159,23,0,0,0,1,204,159,204,159,23,0,0,0,1,204,159,204,159,23,0,0
41015,125,8,RISE,225,204,159,1,1,1,1,204,159,204,159,21,0,0,1,1,204,159,204,159,21,0,0,1,1,204,159,204,159,21,0,0,1,1,204,159,204,159,21,0,0
41015,125,9,FALL,182,204,159,0,0,0,1,204,159,204,159,23,0,0,0,1,204,159,204,159,23,0,0,0,1,204,159,204,159,23,0,0,0,1,204,159,204,159,23,0,0
41015,125,10,RISE,225,204,159,1,1,1,1,204,159,204,159,21,0,0,1,1,204,159,204,159,21,0,0,1,1,204,159,204,159,21,0,0,1,1,204,159,204,159,21,0,0
41015,125,11,FALL,182,204,159,0,0,0,1,204,159,204,159,23,0,0,0,1,204,159,204,159,23,0,0,0,1,204,159,204,159,23,0,0,0,1,204,159,204,159,23,0,0
41015,125,12,RISE,225,204,159,1,1,1,1,204,159,204,159,21,0,0,1,1,204,159,204,159,21,0,0,1,1,204,159,204,159,21,0,0,1,1,204,159,204,159,21,0,0
41015,125,13,FALL,182,204,159,0,0,0,1,204,159,204,159,23,0,0,0,1,204,159,204,159,23,0,0,0,1,204,159,204,159,23,0,0,0,1,204,159,204,159,23,0,0
41015,125,14,RISE,225,204,159,1,1,1,1,204,159,204,159,21,0,0,1,1,204,159,204,159,21,0,0,1,1,204,159,204,159,21,0,0,1,1,204,159,204,159,21,0,0
41015,125,15,FALL,182,204,159,0,0,0,1,204,159,204,159,23,0,0,0,1,204,159,204,159,23,0,0,0,1,204,159,204,159,23,0,0,0,1,204,159,204,159,23,0,0
41015,125,16,RISE,225,204,159,1,1,1,1,204,159,204,159,21,0,0,1,1,204,159,204,159,21,0,0,1,1,204,159,204,159,21,0,0,1,1,204,159,204,159,21,0,0
41015,125,17,FALL,182,204,159,0,0,0,1,204,159,204,159,23,0,0,0,1,204,159,204,159,23,0,0,0,1,204,159,204,159,23,0,0,0,1,204,159,204,159,23,0,0
41015,125,18,RISE,225,204,159,1,1,1,1,204,159,204,159,21,0,0,1,1,204,159,204,159,21,0,0,1,1,204,159,204,159,21,0,0,1,1,204,159,204,159,21,0,0
41015,125,19,FALL,182,204,159,0,0,0,1,204,159,204,159,23,0,0,0,1,204,159,204,159,23,0,0,0,1,204,159,204,159,23,0,0,0,1,204,159,204,159,23,0,0
41015,125,20,RISE,225,204,159,1,1,1,1,204,159,204,159,21,0,0,1,1,204,159,204,159,21,0,0,1,1,204,159,204,159,21,0,0,1,1,204,159,204,159,21,0,0
41015,125,21,FALL,182,204,159,0,0,0,1,204,159,204,159,23,0,0,0,1,204,159,204,159,23,0,0,0,1,204,159,204,159,23,0,0,0,1,204,159,204,159,23,0,0
41015,125,22,RISE,225,204,159,1,1,1,1,204,159,204,159,21,0,0,1,1,204,159,204,159,21,0,0,1,1,204,159,204,159,21,0,0,1,1,204,159,204,159,21,0,0
41015,125,23,FALL,182,204,159,0,0,0,1,204,159,204,159,23,0,0,0,1,204,159,204,159,23,0,0,0,1,204,159,204,159,23,0,0,0,1,204,159,204,159,23,0,0
41016,-40,0,RISE,159,182,159,0,0,1,0,182,159,182,159,23,1,0,1,0,182,159,182,159,23,1,0,1,0,182,159,182,159,23,1,0,1,0,182,159,182,159,23,1,0
41016,-40,1,FALL,159,182,159,0,0,0,1,182,159,182,159,0,0,0,0,1,182,159,182,159,0,0,0,0,1,182,159,182,159,0,0,0,0,1,182,159,182,159,0,0,0
41016,-40,2,RISE,159,182,159,0,0,1,1,182,159,182,159,23,1,0,1,1,182,159,182,159,23,1,0,1,1,182,159,182,159,23,1,0,1,1,182,159,182,159,23,1,0
41016,-40,3,FALL,135,182,159,0,0,0,1,182,159,182,159,24,0,0,0,1,182,159,182,159,24,0,0,0,1,182,159,182,159,24,0,0,0,1,182,159,182,159,24,0,0
41016,-40,4,RISE,159,182,159,0,0,1,1,182,159,182,159,23,1,0,1,1,182,159,182,159,23,1,0,1,1,182,159,182,159,23,1,0,1,1,182,159,182,159,23,1,0
41016,-40,5,FALL,135,182,159,0,0,0,1,182,159,182,159,24,0,0,0,1,182,159,182,159,24,0,0,0,1,182,159,182,159,24,0,0,0,1,182,159,182,159,24,0,0
41016,-40,6,RISE,159,182,159,0,0,1,1,182,159,182,159,23,1,0,1,1,182,159,182,159,23,1,0,1,1,182,159,182,159,23,1,0,1,1,182,159,182,159,23,1,0
41016,-40,7,FALL,135,182,159,0,0,0,1,182,159,182,159,24,0,0,0,1,182,159,182,159,24,0,0,0,1,182,159,182,159,24,0,0,0,1,182,159,182,159,24,0,0
41016,-40,8,RISE,159,182,159,0,0,1,1,182,159,182,159,23,1,0,1,1,182,159,182,159,23,1,0,1,1,182,159,182,159,23,1,0,1,1,182,159,182,159,23,1,0
41016,-40,9,FALL,135,182,159,0,0,0,1,182,159,182,159,24,0,0,0,1,182,159,182,159,24,0,0,0,1,182,159,182,159,24,0,0,0,1,182,159,182,159,24,0,0
41016,-40,10,RISE,159,182,159,0,0,1,1,182,159,182,159,23,1,0,1,1,182,159,182,159,23,1,0,1,1,182,159,182,159,23,1,0,1,1,182,159,182,159,23,1,0
41016,-40,11,FALL,135,182,159,0,0,0,1,182,159,182,159,24,0,0,0,1,182,159,182,159,24,0,0,0,1,182,159,182,159,24,0,0,0,1,182,159,182,159,24,0,0
41016,-40,12,RISE,159,182,159,0,0,1,1,182,159,182,159,23,1,0,1,1,182,159,182,159,23,1,0,1,1,182,159,182,159,23,1,0,1,1,182,159,182,159,23,1,0
41016,-40,13,FALL,135,182,159,0,0,0,1,182,159,182,159,24,0,0,0,1,182,159,182,159,24,0,0,0,1,182,159,182,159,24,0,0,0,1,182,159,182,159,24,0,0
41016,-40,14,RISE,159,182,159,0,0,1,1,182,159,182,159,23,1,0,1,1,182,159,182,159,23,1,0,1,1,182,159,182,159,23,1,0,1,1,182,159,182,159,23,1,0
41016,-40,15,FALL,135,182,159,0,0,0,1,182,159,182,159,24,0,0,0,1,182,159,182,159,24,0,0,0,1,182,159,182,159,24,0,0,0,1,182,159,182,159,24,0,0
41016,-40,16,RISE,159,182,159,0,0,1,1,182,159,182,159,23,1,0,1,1,182,159,182,159,23,1,0,1,1,182,159,182,159,23,1,0,1,1,182,159,182,159,23,1,0
41016,-40,17,FALL,135,182,159,0,0,0,1,182,159,182,159,24,0,0,0,1,182,159,182,159,24,0,0,0,1,182,159,182,159,24,0,0,0,1,182,159,182,159,24,0,0
41016,-40,18,RISE,159,182,159,0,0,1,1,182,159,182,159,23,1,0,1,1,182,159,182,159,23,1,0,1,1,182,159,182,159,23,1,0,1,1,182,159,182,159,23,1,0
41016,-40,19,FALL,135,182,159,0,0,0,1,182,159,182,159,24,0,0,0,1,182,159,182,159,24,0,0,0,1,182,159,182,159,24,0,0,0,1,182,159,182,159,24,0,0
41016,-40,20,RISE,159,182,159,0,0,1,1,182,159,182,159,23,1,0,1,1,182,159,182,159,23,1,0,1,1,182,159,182,159,23,1,0,1,1,182,159,182,159,23,1,0
41016,-40,21,FALL,135,182,159,0,0,0,1,182,159,182,159,24,0,0,0,1,182,159,182,159,24,0,0,0,1,182,159,182,159,24,0,0,0,1,182,159,182,159,24,0,0
41016,-40,22,RISE,159,182,159,0,0,1,1,182,159,182,159,23,1,0,1,1,182,159,182,159,23,1,0,1,1,182,159,182,159,23,1,0,1,1,182,159,182,159,23,1,0
41016,-40,23,FALL,135,182,159,0,0,0,1,182,159,182,159,24,0,0,0,1,182,159,182,159,24,0,0,0,1,182,159,182,159,24,0,0,0,1,182,159,182,159,24,0,0
41016,125,0,RISE,204,182,159,1,1,1,0,182,159,182,159,22,0,0,1,0,182,159,182,159,22,0,0,1,0,182,159,182,159,22,0,0,1,0,182,159,182,159,22,0,0
41016,125,1,FALL,204,182,159,0,0,1,1,182,159,182,159,45,1,0,1,1,182,159,182,159,45,1,0,1,1,182,159,182,159,45,1,0,1,1,182,159,182,159,45,1,0
41016,125,2,RISE,204,182,159,1,1,1,1,182,159,182,159,22,0,0,1,1,182,159,182,159,22,0,0,1,1,182,159,182,159,22,0,0,1,1,182,159,182,159,22,0,0
41016,125,3,FALL,182,182,159,0,0,0,1,182,159,182,159,23,0,0,0,1,182,159,182,159,23,0,0,0,1,182,159,182,159,23,0,0,0,1,182,159,182,159,23,0,0
41016,125,4,RISE,204,182,159,1,1,1,1,182,159,182,159,22,0,0,1,1,182,159,182,159,22,0,0,1,1,182,159,182,159,22,0,0,1,1,182,159,182,159,22,0,0
41016,125,5,FALL,204,182,159,0,0,1,1,182,159,182,159,45,1,0,1,1,182,159,182,159,45,1,0,1,1,182,159,182,159,45,1,0,1,1,182,159,182,159,45,1,0
41016,125,6,RISE,204,182,159,1,1,1,1,182,159,182,159,22,0,0,1,1,182,159,182,159,22,0,0,1,1,182,159,182,159,22,0,0,1,1,182,159,182,159,22,0,0
41016,125,7,FALL,204,182,159,0,0,1,1,182,159,182,159,45,1,0,1,1,182,159,182,159,45,1,0,1,1,182,159,182,159,45,1,0,1,1,182,159,182,159,45,1,0
41016,125,8,RISE,204,182,159,1,1,1,1,182,159,182,159,22,0,0,1,1,182,159,182,159,22,0,0,1,1,182,159,182,159,22,0,0,1,1,182,159,182,159,22,0,0
41016,125,9,FALL,204,182,159,0,0,1,1,182,159,182,159,45,1,0,1,1,182,159,182,159,45,1,0,1,1,182,159,182,159,45,1,0,1,1,182,159,182,159,45,1,0
41016,125,10,RISE,204,182,159,1,1,1,1,182,159,182,159,22,0,0,1,1,182,159,182,159,22,0,0,1,1,182,159,182,159,22,0,0,1,1,182,159,182,159,22,0,0
41016,125,11,FALL,182,182,159,0,0,0,1,182,159,182,159,23,0,0,0,1,182,159,182,159,23,0,0,0,1,182,159,182,159,23,0,0,0,1,182,159,182,159,23,0,0
41016,125,12,RISE,204,182,159,1,1,1,1,182,159,182,159,22,0,0,1,1,182,159,182,159,22,0,0,1,1,182,159,182,159,22,0,0,1,1,182,159,182,159,22,0,0
41016,125,13,FALL,182,182,159,0,0,0,1,182,159,182,159,23,0,0,0,1,182,159,182,159,23,0,0,0,1,182,159,182,159,23,0,0,0,1,182,159,182,159,23,0,0
41016,125,14,RISE,204,182,159,1,1,1,1,182,159,182,159,22,0,0,1,1,182,159,182,159,22,0,0,1,1,182,159,182,159,22,0,0,1,1,182,159,182,159,22,0,0
41016,125,15,FALL,182,182,159,0,0,0,1,182,159,182,159,23,0,0,0,1,182,159,182,159,23,0,0,0,1,182,159,182,159,23,0,0,0,1,182,159,182,159,23,0,0
41016,125,16,RISE,204,182,159,1,1,1,1,182,159,182,159,22,0,0,1,1,182,159,182,159,22,0,0,1,1,182,159,182,159,22,0,0,1,1,182,159,182,159,22,0,0
41016,125,17,FALL,204,182,159,0,0,1,1,182,159,182,159,45,1,0,1,1,182,159,182,159,45,1,0,1,1,182,159,182,159,45,1,0,1,1,182,159,182,159,45,1,0
41016,125,18,RISE,204,182,159,1,1,1,1,182,159,182,159,22,0,0,1,1,182,159,182,159,22,0,0,1,1,182,159,182,159,22,0,0,1,1,182,159,182,159,22,0,0
41016,125,19,FALL,182,182,159,0,0,0,1,182,159,182,159,23,0,0,0,1,182,159,182,159,23,0,0,0,1,182,159,182,159,23,0,0,0,1,182,159,182,159,23,0,0
41016,125,20,RISE,182,182,159,0,0,0,1,182,159,182,159,0,0,0,0,1,182,159,182,159,0,0,0,0,1,182,159,182,159,0,0,0,0,1,182,159,182,159,0,0,0
41016,125,21,FALL,182,182,159,0,0,0,1,182,159,182,159,23,0,0,0,1,182,159,182,159,23,0,0,0,1,182,159,182,159,23,0,0,0,1,182,159,182,159,23,0,0
41016,125,22,RISE,204,182,159,1,1,1,1,182,159,182,159,22,0,0,1,1,182,159,182,159,22,0,0,1,1,182,159,182,159,22,0,0,1,1,182,159,182,159,22,0,0
41016,125,23,FALL,204,182,159,0,0,1,1,182,159,182,159,45,1,0,1,1,182,159,182,159,45,1,0,1,1,182,159,182,159,45,1,0,1,1,182,159,182,159,45,1,0
41017,-40,0,RISE,182,198,170,0,0,0,0,198,170,198,170,16,0,0,0,0,198,170,198,170,16,0,0,0,0,198,170,198,170,16,0,0,0,0,198,170,198,170,16,0,0
41017,-40,1,FALL,159,198,170,0,0,0,0,198,170,198,170,11,0,0,0,0,198,170,198,170,11,0,0,0,0,198,170,198,170,11,0,0,0,0,198,170,198,170,11,0,0
41017,-40,2,RISE,182,198,170,0,0,0,0,198,170,198,170,16,0,0,0,0,198,170,198,170,16,0,0,0,0,198,170,198,170,16,0,0,0,0,198,170,198,170,16,0,0
41017,-40,3,FALL,135,198,170,0,0,1,0,198,170,198,170,35,1,0,1,0,198,170,198,170,35,1,0,1,0,198,170,198,170,35,1,0,1,0,198,170,198,170,35,1,0
41017,-40,4,RISE,182,198,170,0,0,0,1,198,170,198,170,16,0,0,0,1,198,170,198,170,16,0,0,0,1,198,170,198,170,16,0,0,0,1,198,170,198,170,16,0,0
41017,-40,5,FALL,159,198,170,0,0,0,1,198,170,198,170,11,0,0,0,1,198,170,198,170,11,0,0,0,1,198,170,198,170,11,0,0,0,1,198,170,198,170,11,0,0
41017,-40,6,RISE,182,198,170,0,0,0,1,198,170,198,170,16,0,0,0,1,198,170,198,170,16,0,0,0,1,198,170,198,170,16,0,0,0,1,198,170,198,170,16,0,0
41017,-40,7,FALL,135,198,170,0,0,1,1,198,170,198,170,35,1,0,1,1,198,170,198,170,35,1,0,1,1,198,170,198,170,35,1,0,1,1,198,170,198,170,35,1,0
41017,-40,8,RISE,182,198,170,0,0,0,1,198,170,198,170,16,0,0,0,1,198,170,198,170,16,0,0,0,1,198,170,198,170,16,0,0,0,1,198,170,198,170,16,0,0
41017,-40,9,FALL,159,198,170,0,0,0,1,198,170,198,170,11,0,0,0,1,198,170,198,170,11,0,0,0,1,198,170,198,170,11,0,0,0,1,198,170,198,170,11,0,0
41017,-40,10,RISE,182,198,170,0,0,0,1,198,170,198,170,16,0,0,0,1,198,170,198,170,16,0,0,0,1,198,170,198,170,16,0,0,0,1,198,170,198,170,16,0,0
41017,-40,11,FALL,135,198,170,0,0,1,1,198,170,198,170,35,1,0,1,1,198,170,198,170,35,1,0,1,1,198,170,198,170,35,1,0,1,1,198,170,198,170,35,1,0
41017,-40,12,RISE,182,198,170,0,0,0,1,198,170,198,170,16,0,0,0,1,198,170,198,170,16,0,0,0,1,198,170,198,170,16,0,0,0,1,198,170,198,170,16,0,0
41017,-40,13,FALL,135,198,170,0,0,1,1,198,170,198,170,35,1,0,1,1,198,170,198,170,35,1,0,1,1,198,170,198,170,35,1,0,1,1,198,170,198,170,35,1,0
41017,-40,14,RISE,182,198,170,0,0,0,1,198,170,198,170,16,0,0,0,1,198,170,198,170,16,0,0,0,1,198,170,198,170,16,0,0,0,1,198,170,198,170,16,0,0
41017,-40,15,FALL,135,198,170,0,0,1,1,198,170,198,170,35,1,0,1,1,198,170,198,170,35,1,0,1,1,198,170,198,170,35,1,0,1,1,198,170,198,170,35,1,0
41017,-40,16,RISE,182,198,170,0,0,0,1,198,170,198,170,16,0,0,0,1,198,170,198,170,16,0,0,0,1,198,170,198,170,16,0,0,0,1,198,170,198,170,16,0,0
41017,-40,17,FALL,159,198,170,0,0,0,1,198,170,198,170,11,0,0,0,1,198,170,198,170,11,0,0,0,1,198,170,198,170,11,0,0,0,1,198,170,198,170,11,0,0
41017,-40,18,RISE,182,198,170,0,0,0,1,198,170,198,170,16,0,0,0,1,198,170,198,170,16,0,0,0,1,198,170,198,170,16,0,0,0,1,198,170,198,170,16,0,0
41017,-40,19,FALL,135,198,170,0,0,1,1,198,170,198,170,35,1,0,1,1,198,170,198,170,35,1,0,1,1,198,170,198,170,35,1,0,1,1,198,170,198,170,35,1,0
41017,-40,20,RISE,182,198,170,0,0,0,1,198,170,198,170,16,0,0,0,1,198,170,198,170,16,0,0,0,1,198,170,198,170,16,0,0,0,1,198,170,198,170,16,0,0
41017,-40,21,FALL,135,198,170,0,0,1,1,198,170,198,170,35,1,0,1,1,198,170,198,170,35,1,0,1,1,198,170,198,170,35,1,0,1,1,198,170,198,170,35,1,0
41017,-40,22,RISE,182,198,170,0,0,0,1,198,170,198,170,16,0,0,0,1,198,170,198,170,16,0,0,0,1,198,170,198,170,16,0,0,0,1,198,170,198,170,16,0,0
41017,-40,23,FALL,135,198,170,0,0,1,1,198,170,198,170,35,1,0,1,1,198,170,198,170,35,1,0,1,1,198,170,198,170,35,1,0,1,1,198,170,198,170,35,1,0
41017,125,0,RISE,225,198,170,1,1,1,0,198,170,198,170,27,1,0,1,0,198,170,198,170,27,1,0,1,0,198,170,198,170,27,1,0,1,0,198,170,198,170,27,1,0
41017,125,1,FALL,204,198,170,0,0,1,1,198,170,198,170,34,1,0,1,1,198,170,198,170,34,1,0,1,1,198,170,198,170,34,1,0,1,1,198,170,198,170,34,1,0
41017,125,2,RISE,225,198,170,1,1,1,1,198,170,198,170,27,1,0,1,1,198,170,198,170,27,1,0,1,1,198,170,198,170,27,1,0,1,1,198,170,198,170,27,1,0
41017,125,3,FALL,204,198,170,0,0,1,1,198,170,198,170,34,1,0,1,1,198,170,198,170,34,1,0,1,1,198,170,198,170,34,1,0,1,1,198,170,198,170,34,1,0
41017,125,4,RISE,225,198,170,1,1,1,1,198,170,198,170,27,1,0,1,1,198,170,198,170,27,1,0,1,1,198,170,198,170,27,1,0,1,1,198,170,198,170,27,1,0
41017,125,5,FALL,204,198,170,0,0,1,1,198,170,198,170,34,1,0,1,1,198,170,198,170,34,1,0,1,1,198,170,198,170,34,1,0,1,1,198,170,198,170,34,1,0
41017,125,6,RISE,204,198,170,0,0,0,1,198,170,198,170,6,0,0,0,1,198,170,198,170,6,0,0,0,1,198,170,198,170,6,0,0,0,1,198,170,198,170,6,0,0
41017,125,7,FALL,204,198,170,0,0,1,1,198,170,198,170,34,1,0,1,1,198,170,198,170,34,1,0,1,1,198,170,198,170,34,1,0,1,1,198,170,198,170,34,1,0
41017,125,8,RISE,204,198,170,0,0,0,1,198,170,198,170,6,0,0,0,1,198,170,198,170,6,0,0,0,1,198,170,198,170,6,0,0,0,1,198,170,198,170,6,0,0
41017,125,9,FALL,204,198,170,0,0,1,1,198,170,198,170,34,1,0,1,1,198,170,198,170,34,1,0,1,1,198,170,198,170,34,1,0,1,1,198,170,198,170,34,1,0
41017,125,10,RISE,225,198,170,1,1,1,1,198,170,198,170,27,1,0,1,1,198,170,198,170,27,1,0,1,1,198,170,198,170,27,1,0,1,1,198,170,198,170,27,1,0
41017,125,11,FALL,204,198,170,0,0,1,1,198,170,198,170,34,1,0,1,1,198,170,198,170,34,1,0,1,1,198,170,198,170,34,1,0,1,1,198,170,198,170,34,1,0
41017,125,12,RISE,204,198,170,0,0,0,1,198,170,198,170,6,0,0,0,1,198,170,198,170,6,0,0,0,1,198,170,198,170,6,0,0,0,1,198,170,198,170,6,0,0
41017,125,13,FALL,204,198,170,0,0,1,1,198,170,198,170,34,1,0,1,1,198,170,198,170,34,1,0,1,1,198,170,198,170,34,1,0,1,1,198,170,198,170,34,1,0
41017,125,14,RISE,204,198,170,0,0,0,1,198,170,198,170,6,0,0,0,1,198,170,198,170,6,0,0,0,1,198,170,198,170,6,0,0,0,1,198,170,198,170,6,0,0
41017,125,15,FALL,204,198,170,0,0,1,1,198,170,198,170,34,1,0,1,1,198,170,198,170,34,1,0,1,1,198,170,198,170,34,1,0,1,1,198,170,198,170,34,1,0
41017,125,16,RISE,204,198,170,0,0,0,1,198,170,198,170,6,0,0,0,1,198,170,198,170,6,0,0,0,1,198,170,198,170,6,0,0,0,1,198,170,198,170,6,0,0
41017,125,17,FALL,204,198,170,0,0,1,1,198,170,198,170,34,1,0,1,1,198,170,198,170,34,1,0,1,1,198,170,198,170,34,1,0,1,1,198,170,198,170,34,1,0
41017,125,18,RISE,204,198,170,0,0,0,1,198,170,198,170,6,0,0,0,1,198,170,198,170,6,0,0,0,1,198,170,198,170,6,0,0,0,1,198,170,198,170,6,0,0
41017,125,19,FALL,204,198,170,0,0,1,1,198,170,198,170,34,1,0,1,1,198,170,198,170,34,1,0,1,1,198,170,198,170,34,1,0,1,1,198,170,198,170,34,1,0
41017,125,20,RISE,204,198,170,0,0,0,1,198,170,198,170,6,0,0,0,1,198,170,198,170,6,0,0,0,1,198,170,198,170,6,0,0,0,1,198,170,198,170,6,0,0
41017,125,21,FALL,182,198,170,0,0,0,1,198,170,198,170,12,0,0,0,1,198,170,198,170,12,0,0,0,1,198,170,198,170,12,0,0,0,1,198,170,198,170,12,0,0
41017,125,22,RISE,225,198,170,1,1,1,1,198,170,198,170,27,1,0,1,1,198,170,198,170,27,1,0,1,1,198,170,198,170,27,1,0,1,1,198,170,198,170,27,1,0
41017,125,23,FALL,204,198,170,0,0,1,1,198,170,198,170,34,1,0,1,1,198,170,198,170,34,1,0,1,1,198,170,198,170,34,1,0,1,1,198,170,198,170,34,1,0
41018,-40,0,RISE,204,219,193,0,0,0,0,219,193,219,193,15,0,0,0,0,219,193,219,193,15,0,0,0,0,219,193,219,193,15,0,0,0,0,219,193,219,193,15,0,0
41018,-40,1,FALL,182,219,193,0,0,0,0,219,193,219,193,11,0,0,0,0,219,193,219,193,11,0,0,0,0,219,193,219,193,11,0,0,0,0,219,193,219,193,11,0,0
41018,-40,2,RISE,204,219,193,0,0,0,0,219,193,219,193,15,0,0,0,0,219,193,219,193,15,0,0,0,0,219,193,219,193,15,0,0,0,0,219,193,219,193,15,0,0
41018,-40,3,FALL,182,219,193,0,0,0,0,219,193,219,193,11,0,0,0,0,219,193,219,193,11,0,0,0,0,219,193,219,193,11,0,0,0,0,219,193,219,193,11,0,0
41018,-40,4,RISE,204,219,193,0,0,0,0,219,193,219,193,15,0,0,0,0,219,193,219,193,15,0,0,0,0,219,193,219,193,15,0,0,0,0,219,193,219,193,15,0,0
41018,-40,5,FALL,182,219,193,0,0,0,0,219,193,219,193,11,0,0,0,0,219,193,219,193,11,0,0,0,0,219,193,219,193,11,0,0,0,0,219,193,219,193,11,0,0
41018,-40,6,RISE,204,219,193,0,0,0,0,219,193,219,193,15,0,0,0,0,219,193,219,193,15,0,0,0,0,219,193,219,193,15,0,0,0,0,219,193,219,193,15,0,0
41018,-40,7,FALL,182,219,193,0,0,0,0,219,193,219,193,11,0,0,0,0,219,193,219,193,11,0,0,0,0,219,193,219,193,11,0,0,0,0,219,193,219,193,11,0,0
41018,-40,8,RISE,204,219,193,0,0,0,0,219,193,219,193,15,0,0,0,0,219,193,219,193,15,0,0,0,0,219,193,219,193,15,0,0,0,0,219,193,219,193,15,0,0
41018,-40,9,FALL,182,219,193,0,0,0,0,219,193,219,193,11,0,0,0,0,219,193,219,193,11,0,0,0,0,219,193,219,193,11,0,0,0,0,219,193,219,193,11,0,0
41018,-40,10,RISE,204,219,193,0,0,0,0,219,193,219,193,15,0,0,0,0,219,193,219,193,15,0,0,0,0,219,193,219,193,15,0,0,0,0,219,193,219,193,15,0,0
41018,-40,11,FALL,182,219,193,0,0,0,0,219,193,219,193,11,0,0,0,0,219,193,219,193,11,0,0,0,0,219,193,219,193,11,0,0,0,0,219,193,219,193,11,0,0
41018,-40,12,RISE,204,219,193,0,0,0,0,219,193,219,193,15,0,0,0,0,219,193,219,193,15,0,0,0,0,219,193,219,193,15,0,0,0,0,219,193,219,193,15,0,0
41018,-40,13,FALL,182,219,193,0,0,0,0,219,193,219,193,11,0,0,0,0,219,193,219,193,11,0,0,0,0,219,193,219,193,11,0,0,0,0,219,193,219,193,11,0,0
41018,-40,14,RISE,204,219,193,0,0,0,0,219,193,219,193,15,0,0,0,0,219,193,219,193,15,0,0,0,0,219,193,219,193,15,0,0,0,0,219,193,219,193,15,0,0
41018,-40,15,FALL,182,219,193,0,0,0,0,219,193,219,193,11,0,0,0,0,219,193,219,193,11,0,0,0,0,219,193,219,193,11,0,0,0,0,219,193,219,193,11,0,0
41018,-40,16,RISE,204,219,193,0,0,0,0,219,193,219,193,15,0,0,0,0,219,193,219,193,15,0,0,0,0,219,193,219,193,15,0,0,0,0,219,193,219,193,15,0,0
41018,-40,17,FALL,182,219,193,0,0,0,0,219,193,219,193,11,0,0,0,0,219,193,219,193,11,0,0,0,0,219,193,219,193,11,0,0,0,0,219,193,219,193,11,0,0
41018,-40,18,RISE,204,219,193,0,0,0,0,219,193,219,193,15,0,0,0,0,219,193,219,193,15,0,0,0,0,219,193,219,193,15,0,0,0,0,219,193,219,193,15,0,0
41018,-40,19,FALL,182,219,193,0,0,0,0,219,193,219,193,11,0,0,0,0,219,193,219,193,11,0,0,0,0,219,193,219,193,11,0,0,0,0,219,193,219,193,11,0,0
41018,-40,20,RISE,204,219,193,0,0,0,0,219,193,219,193,15,0,0,0,0,219,193,219,193,15,0,0,0,0,219,193,219,193,15,0,0,0,0,219,193,219,193,15,0,0
41018,-40,21,FALL,159,219,193,0,0,1,0,219,193,219,193,34,1,0,1,0,219,193,219,193,34,1,0,1,0,219,193,219,193,34,1,0,1,0,219,193,219,193,34,1,0
41018,-40,22,RISE,204,219,193,0,0,0,1,219,193,219,193,15,0,0,0,1,219,193,219,193,15,0,0,0,1,219,193,219,193,15,0,0,0,1,219,193,219,193,15,0,0
41018,-40,23,FALL,182,219,193,0,0,0,1,219,193,219,193,11,0,0,0,1,219,193,219,193,11,0,0,0,1,219,193,219,193,11,0,0,0,1,219,193,219,193,11,0,0
41018,125,0,RISE,225,219,193,0,0,0,0,219,193,219,193,6,0,0,0,0,219,193,219,193,6,0,0,0,0,219,193,219,193,6,0,0,0,0,219,193,219,193,6,0,0
41018,125,1,FALL,225,219,193,0,0,1,0,219,193,219,193,32,1,0,1,0,219,193,219,193,32,1,0,1,0,219,193,219,193,32,1,0,1,0,219,193,219,193,32,1,0
41018,125,2,RISE,225,219,193,0,0,0,1,219,193,219,193,6,0,0,0,1,219,193,219,193,6,0,0,0,1,219,193,219,193,6,0,0,0,1,219,193,219,193,6,0,0
41018,125,3,FALL,204,219,193,0,0,0,1,219,193,219,193,11,0,0,0,1,219,193,219,193,11,0,0,0,1,219,193,219,193,11,0,0,0,1,219,193,219,193,11,0,0
41018,125,4,RISE,225,219,193,0,0,0,1,219,193,219,193,6,0,0,0,1,219,193,219,193,6,0,0,0,1,219,193,219,193,6,0,0,0,1,219,193,219,193,6,0,0
41018,125,5,FALL,225,219,193,0,0,1,1,219,193,219,193,32,1,0,1,1,219,193,219,193,32,1,0,1,1,219,193,219,193,32,1,0,1,1,219,193,219,193,32,1,0
41018,125,6,RISE,225,219,193,0,0,0,1,219,193,219,193,6,0,0,0,1,219,193,219,193,6,0,0,0,1,219,193,219,193,6,0,0,0,1,219,193,219,193,6,0,0
41018,125,7,FALL,204,219,193,0,0,0,1,219,193,219,193,11,0,0,0,1,219,193,219,193,11,0,0,0,1,219,193,219,193,11,0,0,0,1,219,193,219,193,11,0,0
41018,125,8,RISE,225,219,193,0,0,0,1,219,193,219,193,6,0,0,0,1,219,193,219,193,6,0,0,0,1,219,193,219,193,6,0,0,0,1,219,193,219,193,6,0,0
41018,125,9,FALL,225,219,193,0,0,1,1,219,193,219,193,32,1,0,1,1,219,193,219,193,32,1,0,1,1,219,193,219,193,32,1,0,1,1,219,193,219,193,32,1,0
41018,125,10,RISE,225,219,193,0,0,0,1,219,193,219,193,6,0,0,0,1,219,193,219,193,6,0,0,0,1,219,193,219,193,6,0,0,0,1,219,193,219,193,6,0,0
41018,125,11,FALL,204,219,193,0,0,0,1,219,193,219,193,11,0,0,0,1,219,193,219,193,11,0,0,0,1,219,193,219,193,11,0,0,0,1,219,193,219,193,11,0,0
41018,125,12,RISE,225,219,193,0,0,0,1,219,193,219,193,6,0,0,0,1,219,193,219,193,6,0,0,0,1,219,193,219,193,6,0,0,0,1,219,193,219,193,6,0,0
41018,125,13,FALL,204,219,193,0,0,0,1,219,193,219,193,11,0,0,0,1,219,193,219,193,11,0,0,0,1,219,193,219,193,11,0,0,0,1,219,193,219,193,11,0,0
41018,125,14,RISE,225,219,193,0,0,0,1,219,193,219,193,6,0,0,0,1,219,193,219,193,6,0,0,0,1,219,193,219,193,6,0,0,0,1,219,193,219,193,6,0,0
41018,125,15,FALL,204,219,193,0,0,0,1,219,193,219,193,11,0,0,0,1,219,193,219,193,11,0,0,0,1,219,193,219,193,11,0,0,0,1,219,193,219,193,11,0,0
41018,125,16,RISE,225,219,193,0,0,0,1,219,193,219,193,6,0,0,0,1,219,193,219,193,6,0,0,0,1,219,193,219,193,6,0,0,0,1,219,193,219,193,6,0,0
41018,125,17,FALL,225,219,193,0,0,1,1,219,193,219,193,32,1,0,1,1,219,193,219,193,32,1,0,1,1,219,193,219,193,32,1,0,1,1,219,193,219,193,32,1,0
41018,125,18,RISE,225,219,193,0,0,0,1,219,193,219,193,6,0,0,0,1,219,193,219,193,6,0,0,0,1,219,193,219,193,6,0,0,0,1,219,193,219,193,6,0,0
41018,125,19,FALL,204,219,193,0,0,0,1,219,193,219,193,11,0,0,0,1,219,193,219,193,11,0,0,0,1,219,193,219,193,11,0,0,0,1,219,193,219,193,11,0,0
41018,125,20,RISE,225,219,193,0,0,0,1,219,193,219,193,6,0,0,0,1,219,193,219,193,6,0,0,0,1,219,193,219,193,6,0,0,0,1,219,193,219,193,6,0,0
41018,125,21,FALL,204,219,193,0,0,0,1,219,193,219,193,11,0,0,0,1,219,193,219,193,11,0,0,0,1,219,193,219,193,11,0,0,0,1,219,193,219,193,11,0,0
41018,125,22,RISE,225,219,193,0,0,0,1,219,193,219,193,6,0,0,0,1,219,193,219,193,6,0,0,0,1,219,193,219,193,6,0,0,0,1,219,193,219,193,6,0,0
41018,125,23,FALL,204,219,193,0,0,0,1,219,193,219,193,11,0,0,0,1,219,193,219,193,11,0,0,0,1,219,193,219,193,11,0,0,0,1,219,193,219,193,11,0,0
41019,-40,0,RISE,182,187,159,0,0,0,0,187,159,187,159,5,0,0,0,0,187,159,187,159,5,0,0,0,0,187,159,187,159,5,0,0,0,0,187,159,187,159,5,0,0
41019,-40,1,FALL,135,187,159,0,0,0,0,187,159,187,159,24,0,0,0,0,187,159,187,159,24,0,0,0,0,187,159,187,159,24,0,0,0,0,187,159,187,159,24,0,0
41019,-40,2,RISE,182,187,159,0,0,0,0,187,159,187,159,5,0,0,0,0,187,159,187,159,5,0,0,0,0,187,159,187,159,5,0,0,0,0,187,159,187,159,5,0,0
41019,-40,3,FALL,110,187,159,0,0,1,0,187,159,187,159,49,1,0,1,0,187,159,186,159,49,1,1,1,0,187,159,187,159,49,1,0,1,0,187,159,186,159,49,1,1
41019,-40,4,RISE,182,187,159,0,0,0,1,187,159,187,159,5,0,0,0,1,186,159,186,159,4,0,0,0,1,187,159,187,159,5,0,0,0,1,186,159,186,159,4,0,0
41019,-40,5,FALL,135,187,159,0,0,0,1,187,159,187,159,24,0,0,0,1,186,159,186,159,24,0,0,0,1,187,159,187,159,24,0,0,0,1,186,159,186,159,24,0,0
41019,-40,6,RISE,159,187,159,0,0,1,1,187,159,187,159,28,1,0,1,1,186,159,186,159,27,1,0,1,1,187,159,187,159,28,1,0,1,1,186,159,186,159,27,1,0
41019,-40,7,FALL,135,187,159,0,0,0,1,187,159,187,159,24,0,0,0,1,186,159,186,159,24,0,0,0,1,187,159,187,159,24,0,0,0,1,186,159,186,159,24,0,0
41019,-40,8,RISE,159,187,159,0,0,1,1,187,159,187,159,28,1,0,1,1,186,159,186,159,27,1,0,1,1,187,159,187,159,28,1,0,1,1,186,159,186,159,27,1,0
41019,-40,9,FALL,135,187,159,0,0,0,1,187,159,187,159,24,0,0,0,1,186,159,186,159,24,0,0,0,1,187,159,187,159,24,0,0,0,1,186,159,186,159,24,0,0
41019,-40,10,RISE,182,187,159,0,0,0,1,187,159,187,159,5,0,0,0,1,186,159,186,159,4,0,0,0,1,187,159,187,159,5,0,0,0,1,186,159,186,159,4,0,0
41019,-40,11,FALL,135,187,159,0,0,0,1,187,159,187,159,24,0,0,0,1,186,159,186,159,24,0,0,0,1,187,159,187,159,24,0,0,0,1,186,159,186,159,24,0,0
41019,-40,12,RISE,159,187,159,0,0,1,1,187,159,187,159,28,1,0,1,1,186,159,186,159,27,1,0,1,1,187,159,187,159,28,1,0,1,1,186,159,186,159,27,1,0
41019,-40,13,FALL,135,187,159,0,0,0,1,187,159,187,159,24,0,0,0,1,186,159,186,159,24,0,0,0,1,187,159,187,159,24,0,0,0,1,186,159,186,159,24,0,0
41019,-40,14,RISE,159,187,159,0,0,1,1,187,159,187,159,28,1,0,1,1,186,159,186,159,27,1,0,1,1,187,159,187,159,28,1,0,1,1,186,159,186,159,27,1,0
41019,-40,15,FALL,135,187,159,0,0,0,1,187,159,187,159,24,0,0,0,1,186,159,186,159,24,0,0,0,1,187,159,187,159,24,0,0,0,1,186,159,186,159,24,0,0
41019,-40,16,RISE,159,187,159,0,0,1,1,187,159,187,159,28,1,0,1,1,186,159,186,159,27,1,0,1,1,187,159,187,159,28,1,0,1,1,186,159,186,159,27,1,0
41019,-40,17,FALL,135,187,159,0,0,0,1,187,159,187,159,24,0,0,0,1,186,159,186,159,24,0,0,0,1,187,159,187,159,24,0,0,0,1,186,159,186,159,24,0,0
41019,-40,18,RISE,159,187,159,0,0,1,1,187,159,187,159,28,1,0,1,1,186,159,186,159,27,1,0,1,1,187,159,187,159,28,1,0,1,1,186,159,186,159,27,1,0
41019,-40,19,FALL,135,187,159,0,0,0,1,187,159,187,159,24,0,0,0,1,186,159,186,159,24,0,0,0,1,187,159,187,159,24,0,0,0,1,186,159,186,159,24,0,0
41019,-40,20,RISE,159,187,159,0,0,1,1,187,159,187,159,28,1,0,1,1,186,159,186,159,27,1,0,1,1,187,159,187,159,28,1,0,1,1,186,159,186,159,27,1,0
41019,-40,21,FALL,110,187,159,0,0,1,1,187,159,187,159,49,1,0,1,1,186,159,186,159,49,1,0,1,1,187,159,187,159,49,1,0,1,1,186,159,186,159,49,1,0
41019,-40,22,RISE,182,187,159,0,0,0,1,187,159,187,159,5,0,0,0,1,186,159,186,159,4,0,0,0,1,187,159,187,159,5,0,0,0,1,186,159,186,159,4,0,0
41019,-40,23,FALL,135,187,159,0,0,0,1,187,159,187,159,24,0,0,0,1,186,159,186,159,24,0,0,0,1,187,159,187,159,24,0,0,0,1,186,159,186,159,24,0,0
41019,125,0,RISE,204,187,159,0,0,0,0,187,159,187,159,17,0,0,0,0,187,159,187,159,17,0,0,0,0,187,159,187,159,17,0,0,0,0,187,159,187,159,17,0,0
41019,125,1,FALL,182,187,159,0,0,0,0,187,159,187,159,23,0,0,0,0,187,159,187,159,23,0,0,0,0,187,159,187,159,23,0,0,0,0,187,159,187,159,23,0,0
41019,125,2,RISE,204,187,159,0,0,0,0,187,159,187,159,17,0,0,0,0,187,159,187,159,17,0,0,0,0,187,159,187,159,17,0,0,0,0,187,159,187,159,17,0,0
41019,125,3,FALL,182,187,159,0,0,0,0,187,159,187,159,23,0,0,0,0,187,159,187,159,23,0,0,0,0,187,159,187,159,23,0,0,0,0,187,159,187,159,23,0,0
41019,125,4,RISE,204,187,159,0,0,0,0,187,159,187,159,17,0,0,0,0,187,159,187,159,17,0,0,0,0,187,159,187,159,17,0,0,0,0,187,159,187,159,17,0,0
41019,125,5,FALL,182,187,159,0,0,0,0,187,159,187,159,23,0,0,0,0,187,159,187,159,23,0,0,0,0,187,159,187,159,23,0,0,0,0,187,159,187,159,23,0,0
41019,125,6,RISE,204,187,159,0,0,0,0,187,159,187,159,17,0,0,0,0,187,159,187,159,17,0,0,0,0,187,159,187,159,17,0,0,0,0,187,159,187,159,17,0,0
41019,125,7,FALL,182,187,159,0,0,0,0,187,159,187,159,23,0,0,0,0,187,159,187,159,23,0,0,0,0,187,159,187,159,23,0,0,0,0,187,159,187,159,23,0,0
41019,125,8,RISE,204,187,159,0,0,0,0,187,159,187,159,17,0,0,0,0,187,159,187,159,17,0,0,0,0,187,159,187,159,17,0,0,0,0,187,159,187,159,17,0,0
41019,125,9,FALL,182,187,159,0,0,0,0,187,159,187,159,23,0,0,0,0,187,159,187,159,23,0,0,0,0,187,159,187,159,23,0,0,0,0,187,159,187,159,23,0,0
41019,125,10,RISE,204,187,159,0,0,0,0,187,159,187,159,17,0,0,0,0,187,159,187,159,17,0,0,0,0,187,159,187,159,17,0,0,0,0,187,159,187,159,17,0,0
41019,125,11,FALL,182,187,159,0,0,0,0,187,159,187,159,23,0,0,0,0,187,159,187,159,23,0,0,0,0,187,159,187,159,23,0,0,0,0,187,159,187,159,23,0,0
41019,125,12,RISE,204,187,159,0,0,0,0,187,159,187,159,17,0,0,0,0,187,159,187,159,17,0,0,0,0,187,159,187,159,17,0,0,0,0,187,159,187,159,17,0,0
41019,125,13,FALL,182,187,159,0,0,0,0,187,159,187,159,23,0,0,0,0,187,159,187,159,23,0,0,0,0,187,159,187,159,23,0,0,0,0,187,159,187,159,23,0,0
41019,125,14,RISE,204,187,159,0,0,0,0,187,159,187,159,17,0,0,0,0,187,159,187,159,17,0,0,0,0,187,159,187,159,17,0,0,0,0,187,159,187,159,17,0,0
41019,125,15,FALL,182,187,159,0,0,0,0,187,159,187,159,23,0,0,0,0,187,159,187,159,23,0,0,0,0,187,159,187,159,23,0,0,0,0,187,159,187,159,23,0,0
41019,125,16,RISE,204,187,159,0,0,0,0,187,159,187,159,17,0,0,0,0,187,159,187,159,17,0,0,0,0,187,159,187,159,17,0,0,0,0,187,159,187,159,17,0,0
41019,125,17,FALL,182,187,159,0,0,0,0,187,159,187,159,23,0,0,0,0,187,159,187,159,23,0,0,0,0,187,159,187,159,23,0,0,0,0,187,159,187,159,23,0,0
41019,125,18,RISE,204,187,159,0,0,0,0,187,159,187,159,17,0,0,0,0,187,159,187,159,17,0,0,0,0,187,159,187,159,17,0,0,0,0,187,159,187,159,17,0,0
41019,125,19,FALL,182,187,159,0,0,0,0,187,159,187,159,23,0,0,0,0,187,159,187,159,23,0,0,0,0,187,159,187,159,23,0,0,0,0,187,159,187,159,23,0,0
41019,125,20,RISE,204,187,159,0,0,0,0,187,159,187,159,17,0,0,0,0,187,159,187,159,17,0,0,0,0,187,159,187,159,17,0,0,0,0,187,159,187,159,17,0,0
41019,125,21,FALL,182,187,159,0,0,0,0,187,159,187,159,23,0,0,0,0,187,159,187,159,23,0,0,0,0,187,159,187,159,23,0,0,0,0,187,159,187,159,23,0,0
41019,125,22,RISE,204,187,159,0,0,0,0,187,159,187,159,17,0,0,0,0,187,159,187,159,17,0,0,0,0,187,159,187,159,17,0,0,0,0,187,159,187,159,17,0,0
41019,125,23,FALL,182,187,159,0,0,0,0,187,159,187,159,23,0,0,0,0,187,159,187,159,23,0,0,0,0,187,159,187,159,23,0,0,0,0,187,159,187,159,23,0,0
41020,-40,0,RISE,135,159,135,0,0,1,0,159,135,159,135,24,1,0,1,0,159,135,159,135,24,1,0,1,0,159,135,159,135,24,1,0,1,0,159,135,159,135,24,1,0
41020,-40,1,FALL,110,159,135,0,0,1,1,159,135,159,135,25,1,0,1,1,159,135,159,135,25,1,0,1,1,159,135,159,135,25,1,0,1,1,159,135,159,135,25,1,0
41020,-40,2,RISE,135,159,135,0,0,1,1,159,135,159,135,24,1,0,1,1,159,135,159,135,24,1,0,1,1,159,135,159,135,24,1,0,1,1,159,135,159,135,24,1,0
41020,-40,3,FALL,110,159,135,0,0,1,1,159,135,159,135,25,1,0,1,1,159,135,159,135,25,1,0,1,1,159,135,159,135,25,1,0,1,1,159,135,159,135,25,1,0
41020,-40,4,RISE,135,159,135,0,0,1,1,159,135,159,135,24,1,0,1,1,159,135,159,135,24,1,0,1,1,159,135,159,135,24,1,0,1,1,159,135,159,135,24,1,0
41020,-40,5,FALL,110,159,135,0,0,1,1,159,135,159,135,25,1,0,1,1,159,135,159,135,25,1,0,1,1,159,135,159,135,25,1,0,1,1,159,135,159,135,25,1,0
41020,-40,6,RISE,135,159,135,0,0,1,1,159,135,159,135,24,1,0,1,1,159,135,159,135,24,1,0,1,1,159,135,159,135,24,1,0,1,1,159,135,159,135,24,1,0
41020,-40,7,FALL,110,159,135,0,0,1,1,159,135,159,135,25,1,0,1,1,159,135,159,135,25,1,0,1,1,159,135,159,135,25,1,0,1,1,159,135,159,135,25,1,0
41020,-40,8,RISE,135,159,135,0,0,1,1,159,135,159,135,24,1,0,1,1,159,135,159,135,24,1,0,1,1,159,135,159,135,24,1,0,1,1,159,135,159,135,24,1,0
41020,-40,9,FALL,110,159,135,0,0,1,1,159,135,159,135,25,1,0,1,1,159,135,159,135,25,1,0,1,1,159,135,159,135,25,1,0,1,1,159,135,159,135,25,1,0
41020,-40,10,RISE,135,159,135,0,0,1,1,159,135,159,135,24,1,0,1,1,159,135,159,135,24,1,0,1,1,159,135,159,135,24,1,0,1,1,159,135,159,135,24,1,0
41020,-40,11,FALL,110,159,135,0,0,1,1,159,135,159,135,25,1,0,1,1,159,135,159,135,25,1,0,1,1,159,135,159,135,25,1,0,1,1,159,135,159,135,25,1,0
41020,-40,12,RISE,135,159,135,0,0,1,1,159,135,159,135,24,1,0,1,1,159,135,159,135,24,1,0,1,1,159,135,159,135,24,1,0,1,1,159,135,159,135,24,1,0
41020,-40,13,FALL,110,159,135,0,0,1,1,159,135,159,135,25,1,0,1,1,159,135,159,135,25,1,0,1,1,159,135,159,135,25,1,0,1,1,159,135,159,135,25,1,0
41020,-40,14,RISE,135,159,135,0,0,1,1,159,135,159,135,24,1,0,1,1,159,135,159,135,24,1,0,1,1,159,135,159,135,24,1,0,1,1,159,135,159,135,24,1,0
41020,-40,15,FALL,110,159,135,0,0,1,1,159,135,159,135,25,1,0,1,1,159,135,159,135,25,1,0,1,1,159,135,159,135,25,1,0,1,1,159,135,159,135,25,1,0
41020,-40,16,RISE,135,159,135,0,0,1,1,159,135,159,135,24,1,0,1,1,159,135,159,135,24,1,0,1,1,159,135,159,135,24,1,0,1,1,159,135,159,135,24,1,0
41020,-40,17,FALL,110,159,135,0,0,1,1,159,135,159,135,25,1,0,1,1,159,135,159,135,25,1,0,1,1,159,135,159,135,25,1,0,1,1,159,135,159,135,25,1,0
41020,-40,18,RISE,135,159,135,0,0,1,1,159,135,159,135,24,1,0,1,1,159,135,159,135,24,1,0,1,1,159,135,159,135,24,1,0,1,1,159,135,159,135,24,1,0
41020,-40,19,FALL,110,159,135,0,0,1,1,159,135,159,135,25,1,0,1,1,159,135,159,135,25,1,0,1,1,159,135,159,135,25,1,0,1,1,159,135,159,135,25,1,0
41020,-40,20,RISE,135,159,135,0,0,1,1,159,135,159,135,24,1,0,1,1,159,135,159,135,24,1,0,1,1,159,135,159,135,24,1,0,1,1,159,135,159,135,24,1,0
41020,-40,21,FALL,84,159,135,0,0,1,1,159,135,159,135,51,1,0,1,1,159,135,159,135,51,1,0,1,1,159,135,159,135,51,1,0,1,1,159,135,159,135,51,1,0
41020,-40,22,RISE,135,159,135,0,0,1,1,159,135,159,135,24,1,0,1,1,159,135,159,135,24,1,0,1,1,159,135,159,135,24,1,0,1,1,159,135,159,135,24,1,0
41020,-40,23,FALL,110,159,135,0,0,1,1,159,135,159,135,25,1,0,1,1,159,135,159,135,25,1,0,1,1,159,135,159,135,25,1,0,1,1,159,135,159,135,25,1,0
41020,125,0,RISE,182,159,135,1,1,1,0,159,135,159,135,23,1,0,1,0,159,135,159,135,23,1,0,1,0,159,135,159,135,23,1,0,1,0,159,135,159,135,23,1,0
41020,125,1,FALL,159,159,135,0,0,0,1,159,135,159,135,24,0,0,0,1,159,135,159,135,24,0,0,0,1,159,135,159,135,24,0,0,0,1,159,135,159,135,24,0,0
41020,125,2,RISE,182,159,135,1,1,1,1,159,135,159,135,23,1,0,1,1,159,135,159,135,23,1,0,1,1,159,135,159,135,23,1,0,1,1,159,135,159,135,23,1,0
41020,125,3,FALL,159,159,135,0,0,0,1,159,135,159,135,24,0,0,0,1,159,135,159,135,24,0,0,0,1,159,135,159,135,24,0,0,0,1,159,135,159,135,24,0,0
41020,125,4,RISE,182,159,135,1,1,1,1,159,135,159,135,23,1,0,1,1,159,135,159,135,23,1,0,1,1,159,135,159,135,23,1,0,1,1,159,135,159,135,23,1,0
41020,125,5,FALL,159,159,135,0,0,0,1,159,135,159,135,24,0,0,0,1,159,135,159,135,24,0,0,0,1,159,135,159,135,24,0,0,0,1,159,135,159,135,24,0,0
41020,125,6,RISE,182,159,135,1,1,1,1,159,135,159,135,23,1,0,1,1,159,135,159,135,23,1,0,1,1,159,135,159,135,23,1,0,1,1,159,135,159,135,23,1,0
41020,125,7,FALL,159,159,135,0,0,0,1,159,135,159,135,24,0,0,0,1,159,135,159,135,24,0,0,0,1,159,135,159,135,24,0,0,0,1,159,135,159,135,24,0,0
41020,125,8,RISE,182,159,135,1,1,1,1,159,135,159,135,23,1,0,1,1,159,135,159,135,23,1,0,1,1,159,135,159,135,23,1,0,1,1,159,135,159,135,23,1,0
41020,125,9,FALL,159,159,135,0,0,0,1,159,135,159,135,24,0,0,0,1,159,135,159,135,24,0,0,0,1,159,135,159,135,24,0,0,0,1,159,135,159,135,24,0,0
41020,125,10,RISE,182,159,135,1,1,1,1,159,135,159,135,23,1,0,1,1,159,135,159,135,23,1,0,1,1,159,135,159,135,23,1,0,1,1,159,135,159,135,23,1,0
41020,125,11,FALL,159,159,135,0,0,0,1,159,135,159,135,24,0,0,0,1,159,135,159,135,24,0,0,0,1,159,135,159,135,24,0,0,0,1,159,135,159,135,24,0,0
41020,125,12,RISE,182,159,135,1,1,1,1,159,135,159,135,23,1,0,1,1,159,135,159,135,23,1,0,1,1,159,135,159,135,23,1,0,1,1,159,135,159,135,23,1,0
41020,125,13,FALL,159,159,135,0,0,0,1,159,135,159,135,24,0,0,0,1,159,135,159,135,24,0,0,0,1,159,135,159,135,24,0,0,0,1,159,135,159,135,24,0,0
41020,125,14,RISE,182,159,135,1,1,1,1,159,135,159,135,23,1,0,1,1,159,135,159,135,23,1,0,1,1,159,135,159,135,23,1,0,1,1,159,135,159,135,23,1,0
41020,125,15,FALL,159,159,135,0,0,0,1,159,135,159,135,24,0,0,0,1,159,135,159,135,24,0,0,0,1,159,135,159,135,24,0,0,0,1,159,135,159,135,24,0,0
41020,125,16,RISE,182,159,135,1,1,1,1,159,135,159,135,23,1,0,1,1,159,135,159,135,23,1,0,1,1,159,135,159,135,23,1,0,1,1,159,135,159,135,23,1,0
41020,125,17,FALL,159,159,135,0,0,0,1,159,135,159,135,24,0,0,0,1,159,135,159,135,24,0,0,0,1,159,135,159,135,24,0,0,0,1,159,135,159,135,24,0,0
41020,125,18,RISE,182,159,135,1,1,1,1,159,135,159,135,23,1,0,1,1,159,135,159,135,23,1,0,1,1,159,135,159,135,23,1,0,1,1,159,135,159,135,23,1,0
41020,125,19,FALL,159,159,135,0,0,0,1,159,135,159,135,24,0,0,0,1,159,135,159,135,24,0,0,0,1,159,135,159,135,24,0,0,0,1,159,135,159,135,24,0,0
41020,125,20,RISE,182,159,135,1,1,1,1,159,135,159,135,23,1,0,1,1,159,135,159,135,23,1,0,1,1,159,135,159,135,23,1,0,1,1,159,135,159,135,23,1,0
41020,125,21,FALL,159,159,135,0,0,0,1,159,135,159,135,24,0,0,0,1,159,135,159,135,24,0,0,0,1,159,135,159,135,24,0,0,0,1,159,135,159,135,24,0,0
41020,125,22,RISE,182,159,135,1,1,1,1,159,135,159,135,23,1,0,1,1,159,135,159,135,23,1,0,1,1,159,135,159,135,23,1,0,1,1,159,135,159,135,23,1,0
41020,125,23,FALL,159,159,135,0,0,0,1,159,135,159,135,24,0,0,0,1,159,135,159,135,24,0,0,0,1,159,135,159,135,24,0,0,0,1,159,135,159,135,24,0,0
41021,-40,0,RISE,159,182,141,0,0,1,0,182,141,182,141,23,1,0,1,0,182,141,182,141,23,1,0,1,0,182,141,182,141,23,1,0,1,0,182,141,182,141,23,1,0
41021,-40,1,FALL,110,182,141,0,0,1,1,182,141,182,141,31,1,0,1,1,182,141,182,141,31,1,0,1,1,182,141,182,141,31,1,0,1,1,182,141,182,141,31,1,0
41021,-40,2,RISE,159,182,141,0,0,1,1,182,141,182,141,23,1,0,1,1,182,141,182,141,23,1,0,1,1,182,141,182,141,23,1,0,1,1,182,141,182,141,23,1,0
41021,-40,3,FALL,110,182,141,0,0,1,1,182,141,182,141,31,1,0,1,1,182,141,182,141,31,1,0,1,1,182,141,182,141,31,1,0,1,1,182,141,182,141,31,1,0
41021,-40,4,RISE,159,182,141,0,0,1,1,182,141,182,141,23,1,0,1,1,182,141,182,141,23,1,0,1,1,182,141,182,141,23,1,0,1,1,182,141,182,141,23,1,0
41021,-40,5,FALL,110,182,141,0,0,1,1,182,141,182,141,31,1,0,1,1,182,141,182,141,31,1,0,1,1,182,141,182,141,31,1,0,1,1,182,141,182,141,31,1,0
41021,-40,6,RISE,159,182,141,0,0,1,1,182,141,182,141,23,1,0,1,1,182,141,182,141,23,1,0,1,1,182,141,182,141,23,1,0,1,1,182,141,182,141,23,1,0
41021,-40,7,FALL,110,182,141,0,0,1,1,182,141,182,141,31,1,0,1,1,182,141,182,141,31,1,0,1,1,182,141,182,141,31,1,0,1,1,182,141,182,141,31,1,0
41021,-40,8,RISE,159,182,141,0,0,1,1,182,141,182,141,23,1,0,1,1,182,141,182,141,23,1,0,1,1,182,141,182,141,23,1,0,1,1,182,141,182,141,23,1,0
41021,-40,9,FALL,110,182,141,0,0,1,1,182,141,182,141,31,1,0,1,1,182,141,182,141,31,1,0,1,1,182,141,182,141,31,1,0,1,1,182,141,182,141,31,1,0
41021,-40,10,RISE,159,182,141,0,0,1,1,182,141,182,141,23,1,0,1,1,182,141,182,141,23,1,0,1,1,182,141,182,141,23,1,0,1,1,182,141,182,141,23,1,0
41021,-40,11,FALL,110,182,141,0,0,1,1,182,141,182,141,31,1,0,1,1,182,141,182,141,31,1,0,1,1,182,141,182,141,31,1,0,1,1,182,141,182,141,31,1,0
41021,-40,12,RISE,159,182,141,0,0,1,1,182,141,182,141,23,1,0,1,1,182,141,182,141,23,1,0,1,1,182,141,182,141,23,1,0,1,1,182,141,182,141,23,1,0
41021,-40,13,FALL,110,182,141,0,0,1,1,182,141,182,141,31,1,0,1,1,182,141,182,141,31,1,0,1,1,182,141,182,141,31,1,0,1,1,182,141,182,141,31,1,0
41021,-40,14,RISE,159,182,141,0,0,1,1,182,141,182,141,23,1,0,1,1,182,141,182,141,23,1,0,1,1,182,141,182,141,23,1,0,1,1,182,141,182,141,23,1,0
41021,-40,15,FALL,110,182,141,0,0,1,1,182,141,182,141,31,1,0,1,1,182,141,182,141,31,1,0,1,1,182,141,182,141,31,1,0,1,1,182,141,182,141,31,1,0
41021,-40,16,RISE,159,182,141,0,0,1,1,182,141,182,141,23,1,0,1,1,182,141,182,141,23,1,0,1,1,182,141,182,141,23,1,0,1,1,182,141,182,141,23,1,0
41021,-40,17,FALL,110,182,141,0,0,1,1,182,141,182,141,31,1,0,1,1,182,141,182,141,31,1,0,1,1,182,141,182,141,31,1,0,1,1,182,141,182,141,31,1,0
41021,-40,18,RISE,159,182,141,0,0,1,1,182,141,182,141,23,1,0,1,1,182,141,182,141,23,1,0,1,1,182,141,182,141,23,1,0,1,1,182,141,182,141,23,1,0
41021,-40,19,FALL,110,182,141,0,0,1,1,182,141,182,141,31,1,0,1,1,182,141,182,141,31,1,0,1,1,182,141,182,141,31,1,0,1,1,182,141,182,141,31,1,0
41021,-40,20,RISE,159,182,141,0,0,1,1,182,141,182,141,23,1,0,1,1,182,141,182,141,23,1,0,1,1,182,141,182,141,23,1,0,1,1,182,141,182,141,23,1,0
41021,-40,21,FALL,110,182,141,0,0,1,1,182,141,182,141,31,1,0,1,1,182,141,182,141,31,1,0,1,1,182,141,182,141,31,1,0,1,1,182,141,182,141,31,1,0
41021,-40,22,RISE,159,182,141,0,0,1,1,182,141,182,141,23,1,0,1,1,182,141,182,141,23,1,0,1,1,182,141,182,141,23,1,0,1,1,182,141,182,141,23,1,0
41021,-40,23,FALL,110,182,141,0,0,1,1,182,141,182,141,31,1,0,1,1,182,141,182,141,31,1,0,1,1,182,141,182,141,31,1,0,1,1,182,141,182,141,31,1,0
41021,125,0,RISE,204,182,141,1,1,1,0,182,141,182,141,22,0,0,1,0,182,141,182,141,22,0,0,1,0,182,141,182,141,22,0,0,1,0,182,141,182,141,22,0,0
41021,125,1,FALL,182,182,141,0,0,1,1,182,141,182,141,41,1,0,1,1,182,141,182,141,41,1,0,1,1,182,141,182,141,41,1,0,1,1,182,141,182,141,41,1,0
41021,125,2,RISE,204,182,141,1,1,1,1,182,141,182,141,22,0,0,1,1,182,141,182,141,22,0,0,1,1,182,141,182,141,22,0,0,1,1,182,141,182,141,22,0,0
41021,125,3,FALL,182,182,141,0,0,1,1,182,141,182,141,41,1,0,1,1,182,141,182,141,41,1,0,1,1,182,141,182,141,41,1,0,1,1,182,141,182,141,41,1,0
41021,125,4,RISE,204,182,141,1,1,1,1,182,141,182,141,22,0,0,1,1,182,141,182,141,22,0,0,1,1,182,141,182,141,22,0,0,1,1,182,141,182,141,22,0,0
41021,125,5,FALL,182,182,141,0,0,1,1,182,141,182,141,41,1,0,1,1,182,141,182,141,41,1,0,1,1,182,141,182,141,41,1,0,1,1,182,141,182,141,41,1,0
41021,125,6,RISE,204,182,141,1,1,1,1,182,141,182,141,22,0,0,1,1,182,141,182,141,22,0,0,1,1,182,141,182,141,22,0,0,1,1,182,141,182,141,22,0,0
41021,125,7,FALL,182,182,141,0,0,1,1,182,141,182,141,41,1,0,1,1,182,141,182,141,41,1,0,1,1,182,141,182,141,41,1,0,1,1,182,141,182,141,41,1,0
41021,125,8,RISE,204,182,141,1,1,1,1,182,141,182,141,22,0,0,1,1,182,141,182,141,22,0,0,1,1,182,141,182,141,22,0,0,1,1,182,141,182,141,22,0,0
41021,125,9,FALL,182,182,141,0,0,1,1,182,141,182,141,41,1,0,1,1,182,141,182,141,41,1,0,1,1,182,141,182,141,41,1,0,1,1,182,141,182,141,41,1,0
41021,125,10,RISE,204,182,141,1,1,1,1,182,141,182,141,22,0,0,1,1,182,141,182,141,22,0,0,1,1,182,141,182,141,22,0,0,1,1,182,141,182,141,22,0,0
41021,125,11,FALL,182,182,141,0,0,1,1,182,141,182,141,41,1,0,1,1,182,141,182,141,41,1,0,1,1,182,141,182,141,41,1,0,1,1,182,141,182,141,41,1,0
41021,125,12,RISE,204,182,141,1,1,1,1,182,141,182,141,22,0,0,1,1,182,141,182,141,22,0,0,1,1,182,141,182,141,22,0,0,1,1,182,141,182,141,22,0,0
41021,125,13,FALL,182,182,141,0,0,1,1,182,141,182,141,41,1,0,1,1,182,141,182,141,41,1,0,1,1,182,141,182,141,41,1,0,1,1,182,141,182,141,41,1,0
41021,125,14,RISE,204,182,141,1,1,1,1,182,141,182,141,22,0,0,1,1,182,141,182,141,22,0,0,1,1,182,141,182,141,22,0,0,1,1,182,141,182,141,22,0,0
41021,125,15,FALL,182,182,141,0,0,1,1,182,141,182,141,41,1,0,1,1,182,141,182,141,41,1,0,1,1,182,141,182,141,41,1,0,1,1,182,141,182,141,41,1,0
41021,125,16,RISE,204,182,141,1,1,1,1,182,141,182,141,22,0,0,1,1,182,141,182,141,22,0,0,1,1,182,141,182,141,22,0,0,1,1,182,141,182,141,22,0,0
41021,125,17,FALL,182,182,141,0,0,1,1,182,141,182,141,41,1,0,1,1,182,141,182,141,41,1,0,1,1,182,141,182,141,41,1,0,1,1,182,141,182,141,41,1,0
41021,125,18,RISE,204,182,141,1,1,1,1,182,141,182,141,22,0,0,1,1,182,141,182,141,22,0,0,1,1,182,141,182,141,22,0,0,1,1,182,141,182,141,22,0,0
41021,125,19,FALL,182,182,141,0,0,1,1,182,141,182,141,41,1,0,1,1,182,141,182,141,41,1,0,1,1,182,141,182,141,41,1,0,1,1,182,141,182,141,41,1,0
41021,125,20,RISE,204,182,141,1,1,1,1,182,141,182,141,22,0,0,1,1,182,141,182,141,22,0,0,1,1,182,141,182,141,22,0,0,1,1,182,141,182,141,22,0,0
41021,125,21,FALL,182,182,141,0,0,1,1,182,141,182,141,41,1,0,1,1,182,141,182,141,41,1,0,1,1,182,141,182,141,41,1,0,1,1,182,141,182,141,41,1,0
41021,125,22,RISE,204,182,141,1,1,1,1,182,141,182,141,22,0,0,1,1,182,141,182,141,22,0,0,1,1,182,141,182,141,22,0,0,1,1,182,141,182,141,22,0,0
41021,125,23,FALL,182,182,141,0,0,1,1,182,141,182,141,41,1,0,1,1,182,141,182,141,41,1,0,1,1,182,141,182,141,41,1,0,1,1,182,141,182,141,41,1,0
41022,-40,0,RISE,182,204,159,0,0,0,0,204,159,204,159,22,0,0,0,0,204,159,204,159,22,0,0,0,0,204,159,204,159,22,0,0,0,0,204,159,204,159,22,0,0
41022,-40,1,FALL,135,204,159,0,0,0,0,204,159,204,159,24,0,0,0,0,204,159,204,159,24,0,0,0,0,204,159,204,159,24,0,0,0,0,204,159,204,159,24,0,0
41022,-40,2,RISE,182,204,159,0,0,0,0,204,159,204,159,22,0,0,0,0,204,159,204,159,22,0,0,0,0,204,159,204,159,22,0,0,0,0,204,159,204,159,22,0,0
41022,-40,3,FALL,135,204,159,0,0,0,0,204,159,204,159,24,0,0,0,0,204,159,204,159,24,0,0,0,0,204,159,204,159,24,0,0,0,0,204,159,204,159,24,0,0
41022,-40,4,RISE,182,204,159,0,0,0,0,204,159,204,159,22,0,0,0,0,204,159,204,159,22,0,0,0,0,204,159,204,159,22,0,0,0,0,204,159,204,159,22,0,0
41022,-40,5,FALL,135,204,159,0,0,0,0,204,159,204,159,24,0,0,0,0,204,159,204,159,24,0,0,0,0,204,159,204,159,24,0,0,0,0,204,159,204,159,24,0,0
41022,-40,6,RISE,182,204,159,0,0,0,0,204,159,204,159,22,0,0,0,0,204,159,204,159,22,0,0,0,0,204,159,204,159,22,0,0,0,0,204,159,204,159,22,0,0
41022,-40,7,FALL,135,204,159,0,0,0,0,204,159,204,159,24,0,0,0,0,204,159,204,159,24,0,0,0,0,204,159,204,159,24,0,0,0,0,204,159,204,159,24,0,0
41022,-40,8,RISE,182,204,159,0,0,0,0,204,159,204,159,22,0,0,0,0,204,159,204,159,22,0,0,0,0,204,159,204,159,22,0,0,0,0,204,159,204,159,22,0,0
41022,-40,9,FALL,135,204,159,0,0,0,0,204,159,204,159,24,0,0,0,0,204,159,204,159,24,0,0,0,0,204,159,204,159,24,0,0,0,0,204,159,204,159,24,0,0
41022,-40,10,RISE,182,204,159,0,0,0,0,204,159,204,159,22,0,0,0,0,204,159,204,159,22,0,0,0,0,204,159,204,159,22,0,0,0,0,204,159,204,159,22,0,0
41022,-40,11,FALL,135,204,159,0,0,0,0,204,159,204,159,24,0,0,0,0,204,159,204,159,24,0,0,0,0,204,159,204,159,24,0,0,0,0,204,159,204,159,24,0,0
41022,-40,12,RISE,182,204,159,0,0,0,0,204,159,204,159,22,0,0,0,0,204,159,204,159,22,0,0,0,0,204,159,204,159,22,0,0,0,0,204,159,204,159,22,0,0
41022,-40,13,FALL,135,204,159,0,0,0,0,204,159,204,159,24,0,0,0,0,204,159,204,159,24,0,0,0,0,204,159,204,159,24,0,0,0,0,204,159,204,159,24,0,0
41022,-40,14,RISE,182,204,159,0,0,0,0,204,159,204,159,22,0,0,0,0,204,159,204,159,22,0,0,0,0,204,159,204,159,22,0,0,0,0,204,159,204,159,22,0,0
41022,-40,15,FALL,135,204,159,0,0,0,0,204,159,204,159,24,0,0,0,0,204,159,204,159,24,0,0,0,0,204,159,204,159,24,0,0,0,0,204,159,204,159,24,0,0
41022,-40,16,RISE,182,204,159,0,0,0,0,204,159,204,159,22,0,0,0,0,204,159,204,159,22,0,0,0,0,204,159,204,159,22,0,0,0,0,204,159,204,159,22,0,0
41022,-40,17,FALL,135,204,159,0,0,0,0,204,159,204,159,24,0,0,0,0,204,159,204,159,24,0,0,0,0,204,159,204,159,24,0,0,0,0,204,159,204,159,24,0,0
41022,-40,18,RISE,182,204,159,0,0,0,0,204,159,204,159,22,0,0,0,0,204,159,204,159,22,0,0,0,0,204,159,204,159,22,0,0,0,0,204,159,204,159,22,0,0
41022,-40,19,FALL,135,204,159,0,0,0,0,204,159,204,159,24,0,0,0,0,204,159,204,159,24,0,0,0,0,204,159,204,159,24,0,0,0,0,204,159,204,159,24,0,0
41022,-40,20,RISE,182,204,159,0,0,0,0,204,159,204,159,22,0,0,0,0,204,159,204,159,22,0,0,0,0,204,159,204,159,22,0,0,0,0,204,159,204,159,22,0,0
41022,-40,21,FALL,135,204,159,0,0,0,0,204,159,204,159,24,0,0,0,0,204,159,204,159,24,0,0,0,0,204,159,204,159,24,0,0,0,0,204,159,204,159,24,0,0
41022,-40,22,RISE,182,204,159,0,0,0,0,204,159,204,159,22,0,0,0,0,204,159,204,159,22,0,0,0,0,204,159,204,159,22,0,0,0,0,204,159,204,159,22,0,0
41022,-40,23,FALL,135,204,159,0,0,0,0,204,159,204,159,24,0,0,0,0,204,159,204,159,24,0,0,0,0,204,159,204,159,24,0,0,0,0,204,159,204,159,24,0,0
41022,125,0,RISE,225,204,159,1,1,1,0,204,159,204,159,21,0,0,1,0,204,159,204,159,21,0,0,1,0,204,159,204,159,21,0,0,1,0,204,159,204,159,21,0,0
41022,125,1,FALL,204,204,159,0,0,1,1,204,159,204,159,45,1,0,1,1,204,159,204,159,45,1,0,1,1,204,159,204,159,45,1,0,1,1,204,159,204,159,45,1,0
41022,125,2,RISE,225,204,159,1,1,1,1,204,159,204,159,21,0,0,1,1,204,159,204,159,21,0,0,1,1,204,159,204,159,21,0,0,1,1,204,159,204,159,21,0,0
41022,125,3,FALL,182,204,159,0,0,0,1,204,159,204,159,23,0,0,0,1,204,159,204,159,23,0,0,0,1,204,159,204,159,23,0,0,0,1,204,159,204,159,23,0,0
41022,125,4,RISE,225,204,159,1,1,1,1,204,159,204,159,21,0,0,1,1,204,159,204,159,21,0,0,1,1,204,159,204,159,21,0,0,1,1,204,159,204,159,21,0,0
41022,125,5,FALL,204,204,159,0,0,1,1,204,159,204,159,45,1,0,1,1,204,159,204,159,45,1,0,1,1,204,159,204,159,45,1,0,1,1,204,159,204,159,45,1,0
41022,125,6,RISE,204,204,159,0,0,0,1,204,159,204,159,0,0,0,0,1,204,159,204,159,0,0,0,0,1,204,159,204,159,0,0,0,0,1,204,159,204,159,0,0,0
41022,125,7,FALL,204,204,159,0,0,1,1,204,159,204,159,45,1,0,1,1,204,159,204,159,45,1,0,1,1,204,159,204,159,45,1,0,1,1,204,159,204,159,45,1,0
41022,125,8,RISE,225,204,159,1,1,1,1,204,159,204,159,21,0,0,1,1,204,159,204,159,21,0,0,1,1,204,159,204,159,21,0,0,1,1,204,159,204,159,21,0,0
41022,125,9,FALL,204,204,159,0,0,1,1,204,159,204,159,45,1,0,1,1,204,159,204,159,45,1,0,1,1,204,159,204,159,45,1,0,1,1,204,159,204,159,45,1,0
41022,125,10,RISE,225,204,159,1,1,1,1,204,159,204,159,21,0,0,1,1,204,159,204,159,21,0,0,1,1,204,159,204,159,21,0,0,1,1,204,159,204,159,21,0,0
41022,125,11,FALL,182,204,159,0,0,0,1,204,159,204,159,23,0,0,0,1,204,159,204,159,23,0,0,0,1,204,159,204,159,23,0,0,0,1,204,159,204,159,23,0,0
41022,125,12,RISE,204,204,159,0,0,0,1,204,159,204,159,0,0,0,0,1,204,159,204,159,0,0,0,0,1,204,159,204,159,0,0,0,0,1,204,159,204,159,0,0,0
41022,125,13,FALL,182,204,159,0,0,0,1,204,159,204,159,23,0,0,0,1,204,159,204,159,23,0,0,0,1,204,159,204,159,23,0,0,0,1,204,159,204,159,23,0,0
41022,125,14,RISE,225,204,159,1,1,1,1,204,159,204,159,21,0,0,1,1,204,159,204,159,21,0,0,1,1,204,159,204,159,21,0,0,1,1,204,159,204,159,21,0,0
41022,125,15,FALL,182,204,159,0,0,0,1,204,159,204,159,23,0,0,0,1,204,159,204,159,23,0,0,0,1,204,159,204,159,23,0,0,0,1,204,159,204,159,23,0,0
41022,125,16,RISE,204,204,159,0,0,0,1,204,159,204,159,0,0,0,0,1,204,159,204,159,0,0,0,0,1,204,159,204,159,0,0,0,0,1,204,159,204,159,0,0,0
41022,125,17,FALL,204,204,159,0,0,1,1,204,159,204,159,45,1,0,1,1,204,159,204,159,45,1,0,1,1,204,159,204,159,45,1,0,1,1,204,159,204,159,45,1,0
41022,125,18,RISE,204,204,159,0,0,0,1,204,159,204,159,0,0,0,0,1,204,159,204,159,0,0,0,0,1,204,159,204,159,0,0,0,0,1,204,159,204,159,0,0,0
41022,125,19,FALL,182,204,159,0,0,0,1,204,159,204,159,23,0,0,0,1,204,159,204,159,23,0,0,0,1,204,159,204,159,23,0,0,0,1,204,159,204,159,23,0,0
41022,125,20,RISE,204,204,159,0,0,0,1,204,159,204,159,0,0,0,0,1,204,159,204,159,0,0,0,0,1,204,159,204,159,0,0,0,0,1,204,159,204,159,0,0,0
41022,125,21,FALL,182,204,159,0,0,0,1,204,159,204,159,23,0,0,0,1,204,159,204,159,23,0,0,0,1,204,159,204,159,23,0,0,0,1,204,159,204,159,23,0,0
41022,125,22,RISE,225,204,159,1,1,1,1,204,159,204,159,21,0,0,1,1,204,159,204,159,21,0,0,1,1,204,159,204,159,21,0,0,1,1,204,159,204,159,21,0,0
41022,125,23,FALL,204,204,159,0,0,1,1,204,159,204,159,45,1,0,1,1,204,159,204,159,45,1,0,1,1,204,159,204,159,45,1,0,1,1,204,159,204,159,45,1,0
41023,-40,0,RISE,204,209,182,0,0,0,0,209,182,209,182,5,0,0,0,0,209,182,209,182,5,0,0,0,0,209,182,209,182,5,0,0,0,0,209,182,209,182,5,0,0
41023,-40,1,FALL,159,209,182,0,0,0,0,209,182,209,182,23,0,0,0,0,209,182,209,182,23,0,0,0,0,209,182,209,182,23,0,0,0,0,209,182,209,182,23,0,0
41023,-40,2,RISE,204,209,182,0,0,0,0,209,182,209,182,5,0,0,0,0,209,182,209,182,5,0,0,0,0,209,182,209,182,5,0,0,0,0,209,182,209,182,5,0,0
41023,-40,3,FALL,159,209,182,0,0,0,0,209,182,209,182,23,0,0,0,0,209,182,208,182,23,0,1,0,0,209,182,209,182,23,0,0,0,0,209,182,208,182,23,0,1
41023,-40,4,RISE,204,209,182,0,0,0,0,209,182,209,182,5,0,0,0,0,208,182,208,182,4,0,0,0,0,209,182,209,182,5,0,0,0,0,208,182,208,182,4,0,0
41023,-40,5,FALL,159,209,182,0,0,0,0,209,182,209,182,23,0,0,0,0,208,182,208,182,23,0,0,0,0,209,182,209,182,23,0,0,0,0,208,182,208,182,23,0,0
41023,-40,6,RISE,204,209,182,0,0,0,0,209,182,209,182,5,0,0,0,0,208,182,208,182,4,0,0,0,0,209,182,209,182,5,0,0,0,0,208,182,208,182,4,0,0
41023,-40,7,FALL,159,209,182,0,0,0,0,209,182,209,182,23,0,0,0,0,208,182,207,182,23,0,1,0,0,209,182,209,182,23,0,0,0,0,208,182,207,182,23,0,1
41023,-40,8,RISE,204,209,182,0,0,0,0,209,182,209,182,5,0,0,0,0,207,182,207,182,3,0,0,0,0,209,182,209,182,5,0,0,0,0,207,182,207,182,3,0,0
41023,-40,9,FALL,159,209,182,0,0,0,0,209,182,209,182,23,0,0,0,0,207,182,207,182,23,0,0,0,0,209,182,209,182,23,0,0,0,0,207,182,207,182,23,0,0
41023,-40,10,RISE,204,209,182,0,0,0,0,209,182,209,182,5,0,0,0,0,207,182,207,182,3,0,0,0,0,209,182,209,182,5,0,0,0,0,207,182,207,182,3,0,0
41023,-40,11,FALL,159,209,182,0,0,0,0,209,182,209,182,23,0,0,0,0,207,182,207,182,23,0,0,0,0,209,182,209,182,23,0,0,0,0,207,182,207,182,23,0,0
41023,-40,12,RISE,204,209,182,0,0,0,0,209,182,209,182,5,0,0,0,0,207,182,207,182,3,0,0,0,0,209,182,209,182,5,0,0,0,0,207,182,207,182,3,0,0
41023,-40,13,FALL,159,209,182,0,0,0,0,209,182,209,182,23,0,0,0,0,207,182,207,182,23,0,0,0,0,209,182,209,182,23,0,0,0,0,207,182,207,182,23,0,0
41023,-40,14,RISE,204,209,182,0,0,0,0,209,182,209,182,5,0,0,0,0,207,182,207,182,3,0,0,0,0,209,182,209,182,5,0,0,0,0,207,182,207,182,3,0,0
41023,-40,15,FALL,159,209,182,0,0,0,0,209,182,209,182,23,0,0,0,0,207,182,207,182,23,0,0,0,0,209,182,209,182,23,0,0,0,0,207,182,207,182,23,0,0
41023,-40,16,RISE,204,209,182,0,0,0,0,209,182,209,182,5,0,0,0,0,207,182,207,182,3,0,0,0,0,209,182,209,182,5,0,0,0,0,207,182,207,182,3,0,0
41023,-40,17,FALL,159,209,182,0,0,0,0,209,182,209,182,23,0,0,0,0,207,182,207,182,23,0,0,0,0,209,182,209,182,23,0,0,0,0,207,182,207,182,23,0,0
41023,-40,18,RISE,204,209,182,0,0,0,0,209,182,209,182,5,0,0,0,0,207,182,207,182,3,0,0,0,0,209,182,209,182,5,0,0,0,0,207,182,207,182,3,0,0
41023,-40,19,FALL,159,209,182,0,0,0,0,209,182,209,182,23,0,0,0,0,207,182,207,182,23,0,0,0,0,209,182,209,182,23,0,0,0,0,207,182,207,182,23,0,0
41023,-40,20,RISE,204,209,182,0,0,0,0,209,182,209,182,5,0,0,0,0,207,182,207,182,3,0,0,0,0,209,182,209,182,5,0,0,0,0,207,182,207,182,3,0,0
41023,-40,21,FALL,159,209,182,0,0,0,0,209,182,209,182,23,0,0,0,0,207,182,207,182,23,0,0,0,0,209,182,209,182,23,0,0,0,0,207,182,207,182,23,0,0
41023,-40,22,RISE,204,209,182,0,0,0,0,209,182,209,182,5,0,0,0,0,207,182,207,182,3,0,0,0,0,209,182,209,182,5,0,0,0,0,207,182,207,182,3,0,0
41023,-40,23,FALL,159,209,182,0,0,0,0,209,182,209,182,23,0,0,0,0,207,182,207,182,23,0,0,0,0,209,182,209,182,23,0,0,0,0,207,182,207,182,23,0,0
41023,125,0,RISE,225,209,182,0,0,0,0,209,182,209,182,16,0,0,0,0,209,182,209,182,16,0,0,0,0,209,182,209,182,16,0,0,0,0,209,182,209,182,16,0,0
41023,125,1,FALL,204,209,182,0,0,0,0,209,182,209,182,22,0,0,0,0,209,182,209,182,22,0,0,0,0,209,182,209,182,22,0,0,0,0,209,182,209,182,22,0,0
41023,125,2,RISE,225,209,182,0,0,0,0,209,182,209,182,16,0,0,0,0,209,182,209,182,16,0,0,0,0,209,182,209,182,16,0,0,0,0,209,182,209,182,16,0,0
41023,125,3,FALL,204,209,182,0,0,0,0,209,182,209,182,22,0,0,0,0,209,182,209,182,22,0,0,0,0,209,182,209,182,22,0,0,0,0,209,182,209,182,22,0,0
41023,125,4,RISE,225,209,182,0,0,0,0,209,182,209,182,16,0,0,0,0,209,182,209,182,16,0,0,0,0,209,182,209,182,16,0,0,0,0,209,182,209,182,16,0,0
41023,125,5,FALL,204,209,182,0,0,0,0,209,182,209,182,22,0,0,0,0,209,182,209,182,22,0,0,0,0,209,182,209,182,22,0,0,0,0,209,182,209,182,22,0,0
41023,125,6,RISE,225,209,182,0,0,0,0,209,182,209,182,16,0,0,0,0,209,182,209,182,16,0,0,0,0,209,182,209,182,16,0,0,0,0,209,182,209,182,16,0,0
41023,125,7,FALL,204,209,182,0,0,0,0,209,182,209,182,22,0,0,0,0,209,182,209,182,22,0,0,0,0,209,182,209,182,22,0,0,0,0,209,182,209,182,22,0,0
41023,125,8,RISE,225,209,182,0,0,0,0,209,182,209,182,16,0,0,0,0,209,182,209,182,16,0,0,0,0,209,182,209,182,16,0,0,0,0,209,182,209,182,16,0,0
41023,125,9,FALL,204,209,182,0,0,0,0,209,182,209,182,22,0,0,0,0,209,182,209,182,22,0,0,0,0,209,182,209,182,22,0,0,0,0,209,182,209,182,22,0,0
41023,125,10,RISE,225,209,182,0,0,0,0,209,182,209,182,16,0,0,0,0,209,182,209,182,16,0,0,0,0,209,182,209,182,16,0,0,0,0,209,182,209,182,16,0,0
41023,125,11,FALL,204,209,182,0,0,0,0,209,182,209,182,22,0,0,0,0,209,182,209,182,22,0,0,0,0,209,182,209,182,22,0,0,0,0,209,182,209,182,22,0,0
41023,125,12,RISE,225,209,182,0,0,0,0,209,182,209,182,16,0,0,0,0,209,182,209,182,16,0,0,0,0,209,182,209,182,16,0,0,0,0,209,182,209,182,16,0,0
41023,125,13,FALL,204,209,182,0,0,0,0,209,182,209,182,22,0,0,0,0,209,182,209,182,22,0,0,0,0,209,182,209,182,22,0,0,0,0,209,182,209,182,22,0,0
41023,125,14,RISE,225,209,182,0,0,0,0,209,182,209,182,16,0,0,0,0,209,182,209,182,16,0,0,0,0,209,182,209,182,16,0,0,0,0,209,182,209,182,16,0,0
41023,125,15,FALL,204,209,182,0,0,0,0,209,182,209,182,22,0,0,0,0,209,182,209,182,22,0,0,0,0,209,182,209,182,22,0,0,0,0,209,182,209,182,22,0,0
41023,125,16,RISE,225,209,182,0,0,0,0,209,182,209,182,16,0,0,0,0,209,182,209,182,16,0,0,0,0,209,182,209,182,16,0,0,0,0,209,182,209,182,16,0,0
41023,125,17,FALL,204,209,182,0,0,0,0,209,182,209,182,22,0,0,0,0,209,182,209,182,22,0,0,0,0,209,182,209,182,22,0,0,0,0,209,182,209,182,22,0,0
41023,125,18,RISE,225,209,182,0,0,0,0,209,182,209,182,16,0,0,0,0,209,182,209,182,16,0,0,0,0,209,182,209,182,16,0,0,0,0,209,182,209,182,16,0,0
41023,125,19,FALL,204,209,182,0,0,0,0,209,182,209,182,22,0,0,0,0,209,182,209,182,22,0,0,0,0,209,182,209,182,22,0,0,0,0,209,182,209,182,22,0,0
41023,125,20,RISE,225,209,182,0,0,0,0,209,182,209,182,16,0,0,0,0,209,182,209,182,16,0,0,0,0,209,182,209,182,16,0,0,0,0,209,182,209,182,16,0,0
41023,125,21,FALL,204,209,182,0,0,0,0,209,182,209,182,22,0,0,0,0,209,182,209,182,22,0,0,0,0,209,182,209,182,22,0,0,0,0,209,182,209,182,22,0,0
41023,125,22,RISE,225,209,182,0,0,0,0,209,182,209,182,16,0,0,0,0,209,182,209,182,16,0,0,0,0,209,182,209,182,16,0,0,0,0,209,182,209,182,16,0,0
41023,125,23,FALL,204,209,182,0,0,0,0,209,182,209,182,22,0,0,0,0,209,182,209,182,22,0,0,0,0,209,182,209,182,22,0,0,0,0,209,182,209,182,22,0,0
41024,-40,0,RISE,159,164,147,0,0,0,0,164,147,164,147,5,0,0,0,0,164,147,164,147,5,0,0,0,0,164,147,164,147,5,0,0,0,0,164,147,164,147,5,0,0
41024,-40,1,FALL,110,164,147,0,0,1,0,164,147,164,147,37,1,0,1,0,164,147,164,147,37,1,0,1,0,164,147,164,147,37,1,0,1,0,164,147,164,147,37,1,0
41024,-40,2,RISE,159,164,147,0,0,0,1,164,147,164,147,5,0,0,0,1,164,147,164,147,5,0,0,0,1,164,147,164,147,5,0,0,0,1,164,147,164,147,5,0,0
41024,-40,3,FALL,110,164,147,0,0,1,1,164,147,164,147,37,1,0,1,1,164,147,164,147,37,1,0,1,1,164,147,164,147,37,1,0,1,1,164,147,164,147,37,1,0
41024,-40,4,RISE,159,164,147,0,0,0,1,164,147,164,147,5,0,0,0,1,164,147,164,147,5,0,0,0,1,164,147,164,147,5,0,0,0,1,164,147,164,147,5,0,0
41024,-40,5,FALL,110,164,147,0,0,1,1,164,147,164,147,37,1,0,1,1,164,147,164,147,37,1,0,1,1,164,147,164,147,37,1,0,1,1,164,147,164,147,37,1,0
41024,-40,6,RISE,135,164,147,0,0,1,1,164,147,164,147,29,1,0,1,1,164,147,164,147,29,1,0,1,1,164,147,164,147,29,1,0,1,1,164,147,164,147,29,1,0
41024,-40,7,FALL,110,164,147,0,0,1,1,164,147,164,147,37,1,0,1,1,164,147,164,147,37,1,0,1,1,164,147,164,147,37,1,0,1,1,164,147,164,147,37,1,0
41024,-40,8,RISE,135,164,147,0,0,1,1,164,147,164,147,29,1,0,1,1,164,147,164,147,29,1,0,1,1,164,147,164,147,29,1,0,1,1,164,147,164,147,29,1,0
41024,-40,9,FALL,110,164,147,0,0,1,1,164,147,164,147,37,1,0,1,1,164,147,164,147,37,1,0,1,1,164,147,164,147,37,1,0,1,1,164,147,164,147,37,1,0
41024,-40,10,RISE,159,164,147,0,0,0,1,164,147,164,147,5,0,0,0,1,164,147,164,147,5,0,0,0,1,164,147,164,147,5,0,0,0,1,164,147,164,147,5,0,0
41024,-40,11,FALL,110,164,147,0,0,1,1,164,147,164,147,37,1,0,1,1,164,147,164,147,37,1,0,1,1,164,147,164,147,37,1,0,1,1,164,147,164,147,37,1,0
41024,-40,12,RISE,135,164,147,0,0,1,1,164,147,164,147,29,1,0,1,1,164,147,164,147,29,1,0,1,1,164,147,164,147,29,1,0,1,1,164,147,164,147,29,1,0
41024,-40,13,FALL,110,164,147,0,0,1,1,164,147,164,147,37,1,0,1,1,164,147,164,147,37,1,0,1,1,164,147,164,147,37,1,0,1,1,164,147,164,147,37,1,0
41024,-40,14,RISE,159,164,147,0,0,0,1,164,147,164,147,5,0,0,0,1,164,147,164,147,5,0,0,0,1,164,147,164,147,5,0,0,0,1,164,147,164,147,5,0,0
41024,-40,15,FALL,110,164,147,0,0,1,1,164,147,164,147,37,1,0,1,1,164,147,164,147,37,1,0,1,1,164,147,164,147,37,1,0,1,1,164,147,164,147,37,1,0
41024,-40,16,RISE,135,164,147,0,0,1,1,164,147,164,147,29,1,0,1,1,164,147,164,147,29,1,0,1,1,164,147,164,147,29,1,0,1,1,164,147,164,147,29,1,0
41024,-40,17,FALL,110,164,147,0,0,1,1,164,147,164,147,37,1,0,1,1,164,147,164,147,37,1,0,1,1,164,147,164,147,37,1,0,1,1,164,147,164,147,37,1,0
41024,-40,18,RISE,135,164,147,0,0,1,1,164,147,164,147,29,1,0,1,1,164,147,164,147,29,1,0,1,1,164,147,164,147,29,1,0,1,1,164,147,164,147,29,1,0
41024,-40,19,FALL,110,164,147,0,0,1,1,164,147,164,147,37,1,0,1,1,164,147,164,147,37,1,0,1,1,164,147,164,147,37,1,0,1,1,164,147,164,147,37,1,0
41024,-40,20,RISE,135,164,147,0,0,1,1,164,147,164,147,29,1,0,1,1,164,147,164,147,29,1,0,1,1,164,147,164,147,29,1,0,1,1,164,147,164,147,29,1,0
41024,-40,21,FALL,110,164,147,0,0,1,1,164,147,164,147,37,1,0,1,1,164,147,164,147,37,1,0,1,1,164,147,164,147,37,1,0,1,1,164,147,164,147,37,1,0
41024,-40,22,RISE,159,164,147,0,0,0,1,164,147,164,147,5,0,0,0,1,164,147,164,147,5,0,0,0,1,164,147,164,147,5,0,0,0,1,164,147,164,147,5,0,0
41024,-40,23,FALL,110,164,147,0,0,1,1,164,147,164,147,37,1,0,1,1,164,147,164,147,37,1,0,1,1,164,147,164,147,37,1,0,1,1,164,147,164,147,37,1,0
41024,125,0,RISE,182,164,147,0,0,0,0,164,147,164,147,18,0,0,0,0,164,147,164,147,18,0,0,0,0,164,147,164,147,18,0,0,0,0,164,147,164,147,18,0,0
41024,125,1,FALL,182,164,147,0,0,1,0,164,147,164,147,35,1,0,1,0,164,147,164,147,35,1,0,1,0,164,147,164,147,35,1,0,1,0,164,147,164,147,35,1,0
41024,125,2,RISE,182,164,147,0,0,0,1,164,147,164,147,18,0,0,0,1,164,147,164,147,18,0,0,0,1,164,147,164,147,18,0,0,0,1,164,147,164,147,18,0,0
41024,125,3,FALL,182,164,147,0,0,1,1,164,147,164,147,35,1,0,1,1,164,147,164,147,35,1,0,1,1,164,147,164,147,35,1,0,1,1,164,147,164,147,35,1,0
41024,125,4,RISE,182,164,147,0,0,0,1,164,147,164,147,18,0,0,0,1,164,147,164,147,18,0,0,0,1,164,147,164,147,18,0,0,0,1,164,147,164,147,18,0,0
41024,125,5,FALL,182,164,147,0,0,1,1,164,147,164,147,35,1,0,1,1,164,147,164,147,35,1,0,1,1,164,147,164,147,35,1,0,1,1,164,147,164,147,35,1,0
41024,125,6,RISE,182,164,147,0,0,0,1,164,147,164,147,18,0,0,0,1,164,147,164,147,18,0,0,0,1,164,147,164,147,18,0,0,0,1,164,147,164,147,18,0,0
41024,125,7,FALL,182,164,147,0,0,1,1,164,147,164,147,35,1,0,1,1,164,147,164,147,35,1,0,1,1,164,147,164,147,35,1,0,1,1,164,147,164,147,35,1,0
41024,125,8,RISE,182,164,147,0,0,0,1,164,147,164,147,18,0,0,0,1,164,147,164,147,18,0,0,0,1,164,147,164,147,18,0,0,0,1,164,147,164,147,18,0,0
41024,125,9,FALL,182,164,147,0,0,1,1,164,147,164,147,35,1,0,1,1,164,147,164,147,35,1,0,1,1,164,147,164,147,35,1,0,1,1,164,147,164,147,35,1,0
41024,125,10,RISE,182,164,147,0,0,0,1,164,147,164,147,18,0,0,0,1,164,147,164,147,18,0,0,0,1,164,147,164,147,18,0,0,0,1,164,147,164,147,18,0,0
41024,125,11,FALL,182,164,147,0,0,1,1,164,147,164,147,35,1,0,1,1,164,147,164,147,35,1,0,1,1,164,147,164,147,35,1,0,1,1,164,147,164,147,35,1,0
41024,125,12,RISE,182,164,147,0,0,0,1,164,147,164,147,18,0,0,0,1,164,147,164,147,18,0,0,0,1,164,147,164,147,18,0,0,0,1,164,147,164,147,18,0,0
41024,125,13,FALL,182,164,147,0,0,1,1,164,147,164,147,35,1,0,1,1,164,147,164,147,35,1,0,1,1,164,147,164,147,35,1,0,1,1,164,147,164,147,35,1,0
41024,125,14,RISE,182,164,147,0,0,0,1,164,147,164,147,18,0,0,0,1,164,147,164,147,18,0,0,0,1,164,147,164,147,18,0,0,0,1,164,147,164,147,18,0,0
41024,125,15,FALL,182,164,147,0,0,1,1,164,147,164,147,35,1,0,1,1,164,147,164,147,35,1,0,1,1,164,147,164,147,35,1,0,1,1,164,147,164,147,35,1,0
41024,125,16,RISE,182,164,147,0,0,0,1,164,147,164,147,18,0,0,0,1,164,147,164,147,18,0,0,0,1,164,147,164,147,18,0,0,0,1,164,147,164,147,18,0,0
41024,125,17,FALL,182,164,147,0,0,1,1,164,147,164,147,35,1,0,1,1,164,147,164,147,35,1,0,1,1,164,147,164,147,35,1,0,1,1,164,147,164,147,35,1,0
41024,125,18,RISE,182,164,147,0,0,0,1,164,147,164,147,18,0,0,0,1,164,147,164,147,18,0,0,0,1,164,147,164,147,18,0,0,0,1,164,147,164,147,18,0,0
41024,125,19,FALL,182,164,147,0,0,1,1,164,147,164,147,35,1,0,1,1,164,147,164,147,35,1,0,1,1,164,147,164,147,35,1,0,1,1,164,147,164,147,35,1,0
41024,125,20,RISE,182,164,147,0,0,0,1,164,147,164,147,18,0,0,0,1,164,147,164,147,18,0,0,0,1,164,147,164,147,18,0,0,0,1,164,147,164,147,18,0,0
41024,125,21,FALL,159,164,147,0,0,0,1,164,147,164,147,12,0,0,0,1,164,147,164,147,12,0,0,0,1,164,147,164,147,12,0,0,0,1,164,147,164,147,12,0,0
41024,125,22,RISE,182,164,147,0,0,0,1,164,147,164,147,18,0,0,0,1,164,147,164,147,18,0,0,0,1,164,147,164,147,18,0,0,0,1,164,147,164,147,18,0,0
41024,125,23,FALL,182,164,147,0,0,1,1,164,147,164,147,35,1,0,1,1,164,147,164,147,35,1,0,1,1,164,147,164,147,35,1,0,1,1,164,147,164,147,35,1,0
41025,-40,0,RISE,204,225,204,0,0,0,0,225,204,225,204,21,0,0,0,0,225,204,225,204,21,0,0,0,0,225,204,225,204,21,0,0,0,0,225,204,225,204,21,0,0
41025,-40,1,FALL,182,225,204,0,0,0,0,225,204,225,204,22,0,0,0,0,225,204,225,204,22,0,0,0,0,225,204,225,204,22,0,0,0,0,225,204,225,204,22,0,0
41025,-40,2,RISE,204,225,204,0,0,0,0,225,204,225,204,21,0,0,0,0,225,204,225,204,21,0,0,0,0,225,204,225,204,21,0,0,0,0,225,204,225,204,21,0,0
41025,-40,3,FALL,182,225,204,0,0,0,0,225,204,225,204,22,0,0,0,0,225,204,225,204,22,0,0,0,0,225,204,225,204,22,0,0,0,0,225,204,225,204,22,0,0
41025,-40,4,RISE,204,225,204,0,0,0,0,225,204,225,204,21,0,0,0,0,225,204,225,204,21,0,0,0,0,225,204,225,204,21,0,0,0,0,225,204,225,204,21,0,0
41025,-40,5,FALL,182,225,204,0,0,0,0,225,204,225,204,22,0,0,0,0,225,204,225,204,22,0,0,0,0,225,204,225,204,22,0,0,0,0,225,204,225,204,22,0,0
41025,-40,6,RISE,204,225,204,0,0,0,0,225,204,225,204,21,0,0,0,0,225,204,225,204,21,0,0,0,0,225,204,225,204,21,0,0,0,0,225,204,225,204,21,0,0
41025,-40,7,FALL,182,225,204,0,0,0,0,225,204,225,204,22,0,0,0,0,225,204,225,204,22,0,0,0,0,225,204,225,204,22,0,0,0,0,225,204,225,204,22,0,0
41025,-40,8,RISE,204,225,204,0,0,0,0,225,204,225,204,21,0,0,0,0,225,204,225,204,21,0,0,0,0,225,204,225,204,21,0,0,0,0,225,204,225,204,21,0,0
41025,-40,9,FALL,182,225,204,0,0,0,0,225,204,225,204,22,0,0,0,0,225,204,225,204,22,0,0,0,0,225,204,225,204,22,0,0,0,0,225,204,225,204,22,0,0
41025,-40,10,RISE,204,225,204,0,0,0,0,225,204,225,204,21,0,0,0,0,225,204,225,204,21,0,0,0,0,225,204,225,204,21,0,0,0,0,225,204,225,204,21,0,0
41025,-40,11,FALL,182,225,204,0,0,0,0,225,204,225,204,22,0,0,0,0,225,204,225,204,22,0,0,0,0,225,204,225,204,22,0,0,0,0,225,204,225,204,22,0,0
41025,-40,12,RISE,204,225,204,0,0,0,0,225,204,225,204,21,0,0,0,0,225,204,225,204,21,0,0,0,0,225,204,225,204,21,0,0,0,0,225,204,225,204,21,0,0
41025,-40,13,FALL,182,225,204,0,0,0,0,225,204,225,204,22,0,0,0,0,225,204,225,204,22,0,0,0,0,225,204,225,204,22,0,0,0,0,225,204,225,204,22,0,0
41025,-40,14,RISE,204,225,204,0,0,0,0,225,204,225,204,21,0,0,0,0,225,204,225,204,21,0,0,0,0,225,204,225,204,21,0,0,0,0,225,204,225,204,21,0,0
41025,-40,15,FALL,182,225,204,0,0,0,0,225,204,225,204,22,0,0,0,0,225,204,225,204,22,0,0,0,0,225,204,225,204,22,0,0,0,0,225,204,225,204,22,0,0
41025,-40,16,RISE,204,225,204,0,0,0,0,225,204,225,204,21,0,0,0,0,225,204,225,204,21,0,0,0,0,225,204,225,204,21,0,0,0,0,225,204,225,204,21,0,0
41025,-40,17,FALL,182,225,204,0,0,0,0,225,204,225,204,22,0,0,0,0,225,204,225,204,22,0,0,0,0,225,204,225,204,22,0,0,0,0,225,204,225,204,22,0,0
41025,-40,18,RISE,204,225,204,0,0,0,0,225,204,225,204,21,0,0,0,0,225,204,225,204,21,0,0,0,0,225,204,225,204,21,0,0,0,0,225,204,225,204,21,0,0
41025,-40,19,FALL,182,225,204,0,0,0,0,225,204,225,204,22,0,0,0,0,225,204,225,204,22,0,0,0,0,225,204,225,204,22,0,0,0,0,225,204,225,204,22,0,0
41025,-40,20,RISE,204,225,204,0,0,0,0,225,204,225,204,21,0,0,0,0,225,204,225,204,21,0,0,0,0,225,204,225,204,21,0,0,0,0,225,204,225,204,21,0,0
41025,-40,21,FALL,159,225,204,0,0,1,0,225,204,225,204,45,1,0,1,0,225,204,225,204,45,1,0,1,0,225,204,225,204,45,1,0,1,0,225,204,225,204,45,1,0
41025,-40,22,RISE,204,225,204,0,0,0,1,225,204,225,204,21,0,0,0,1,225,204,225,204,21,0,0,0,1,225,204,225,204,21,0,0,0,1,225,204,225,204,21,0,0
41025,-40,23,FALL,182,225,204,0,0,0,1,225,204,225,204,22,0,0,0,1,225,204,225,204,22,0,0,0,1,225,204,225,204,22,0,0,0,1,225,204,225,204,22,0,0
41025,125,0,RISE,225,225,204,0,0,0,0,225,204,225,204,0,0,0,0,0,225,204,225,204,0,0,0,0,0,225,204,225,204,0,0,0,0,0,225,204,225,204,0,0,0
41025,125,1,FALL,225,225,204,0,0,0,0,225,204,225,204,21,0,0,0,0,225,204,225,204,21,0,0,0,0,225,204,225,204,21,0,0,0,0,225,204,225,204,21,0,0
41025,125,2,RISE,225,225,204,0,0,0,0,225,204,225,204,0,0,0,0,0,225,204,225,204,0,0,0,0,0,225,204,225,204,0,0,0,0,0,225,204,225,204,0,0,0
41025,125,3,FALL,225,225,204,0,0,0,0,225,204,225,204,21,0,0,0,0,225,204,225,204,21,0,0,0,0,225,204,225,204,21,0,0,0,0,225,204,225,204,21,0,0
41025,125,4,RISE,245,225,204,1,1,1,0,225,204,225,204,20,0,0,1,0,225,204,225,204,20,0,0,1,0,225,204,225,204,20,0,0,1,0,225,204,225,204,20,0,0
41025,125,5,FALL,225,225,204,0,0,0,1,225,204,225,204,21,0,0,0,1,225,204,225,204,21,0,0,0,1,225,204,225,204,21,0,0,0,1,225,204,225,204,21,0,0
41025,125,6,RISE,225,225,204,0,0,0,1,225,204,225,204,0,0,0,0,1,225,204,225,204,0,0,0,0,1,225,204,225,204,0,0,0,0,1,225,204,225,204,0,0,0
41025,125,7,FALL,225,225,204,0,0,0,1,225,204,225,204,21,0,0,0,1,225,204,225,204,21,0,0,0,1,225,204,225,204,21,0,0,0,1,225,204,225,204,21,0,0
41025,125,8,RISE,225,225,204,0,0,0,1,225,204,225,204,0,0,0,0,1,225,204,225,204,0,0,0,0,1,225,204,225,204,0,0,0,0,1,225,204,225,204,0,0,0
41025,125,9,FALL,225,225,204,0,0,0,1,225,204,225,204,21,0,0,0,1,225,204,225,204,21,0,0,0,1,225,204,225,204,21,0,0,0,1,225,204,225,204,21,0,0
41025,125,10,RISE,225,225,204,0,0,0,1,225,204,225,204,0,0,0,0,1,225,204,225,204,0,0,0,0,1,225,204,225,204,0,0,0,0,1,225,204,225,204,0,0,0
41025,125,11,FALL,225,225,204,0,0,0,1,225,204,225,204,21,0,0,0,1,225,204,225,204,21,0,0,0,1,225,204,225,204,21,0,0,0,1,225,204,225,204,21,0,0
41025,125,12,RISE,225,225,204,0,0,0,1,225,204,225,204,0,0,0,0,1,225,204,225,204,0,0,0,0,1,225,204,225,204,0,0,0,0,1,225,204,225,204,0,0,0
41025,125,13,FALL,225,225,204,0,0,0,1,225,204,225,204,21,0,0,0,1,225,204,225,204,21,0,0,0,1,225,204,225,204,21,0,0,0,1,225,204,225,204,21,0,0
41025,125,14,RISE,225,225,204,0,0,0,1,225,204,225,204,0,0,0,0,1,225,204,225,204,0,0,0,0,1,225,204,225,204,0,0,0,0,1,225,204,225,204,0,0,0
41025,125,15,FALL,225,225,204,0,0,0,1,225,204,225,204,21,0,0,0,1,225,204,225,204,21,0,0,0,1,225,204,225,204,21,0,0,0,1,225,204,225,204,21,0,0
41025,125,16,RISE,225,225,204,0,0,0,1,225,204,225,204,0,0,0,0,1,225,204,225,204,0,0,0,0,1,225,204,225,204,0,0,0,0,1,225,204,225,204,0,0,0
41025,125,17,FALL,225,225,204,0,0,0,1,225,204,225,204,21,0,0,0,1,225,204,225,204,21,0,0,0,1,225,204,225,204,21,0,0,0,1,225,204,225,204,21,0,0
41025,125,18,RISE,225,225,204,0,0,0,1,225,204,225,204,0,0,0,0,1,225,204,225,204,0,0,0,0,1,225,204,225,204,0,0,0,0,1,225,204,225,204,0,0,0
41025,125,19,FALL,225,225,204,0,0,0,1,225,204,225,204,21,0,0,0,1,225,204,225,204,21,0,0,0,1,225,204,225,204,21,0,0,0,1,225,204,225,204,21,0,0
41025,125,20,RISE,225,225,204,0,0,0,1,225,204,225,204,0,0,0,0,1,225,204,225,204,0,0,0,0,1,225,204,225,204,0,0,0,0,1,225,204,225,204,0,0,0
41025,125,21,FALL,225,225,204,0,0,0,1,225,204,225,204,21,0,0,0,1,225,204,225,204,21,0,0,0,1,225,204,225,204,21,0,0,0,1,225,204,225,204,21,0,0
41025,125,22,RISE,225,225,204,0,0,0,1,225,204,225,204,0,0,0,0,1,225,204,225,204,0,0,0,0,1,225,204,225,204,0,0,0,0,1,225,204,225,204,0,0,0
41025,125,23,FALL,225,225,204,0,0,0,1,225,204,225,204,21,0,0,0,1,225,204,225,204,21,0,0,0,1,225,204,225,204,21,0,0,0,1,225,204,225,204,21,0,0
41026,-40,0,RISE,159,164,153,0,0,0,0,164,153,164,153,5,0,0,0,0,164,153,164,153,5,0,0,0,0,164,153,164,153,5,0,0,0,0,164,153,164,153,5,0,0
41026,-40,1,FALL,135,164,153,0,0,0,0,164,153,164,153,18,0,0,0,0,164,153,164,153,18,0,0,0,0,164,153,164,153,18,0,0,0,0,164,153,164,153,18,0,0
41026,-40,2,RISE,159,164,153,0,0,0,0,164,153,164,153,5,0,0,0,0,164,153,164,153,5,0,0,0,0,164,153,164,153,5,0,0,0,0,164,153,164,153,5,0,0
41026,-40,3,FALL,110,164,153,0,0,1,0,164,153,164,153,43,1,0,1,0,164,153,163,153,43,1,1,1,0,164,153,164,153,43,1,0,1,0,164,153,163,153,43,1,1
41026,-40,4,RISE,159,164,153,0,0,0,1,164,153,164,153,5,0,0,0,1,163,153,163,153,4,0,0,0,1,164,153,164,153,5,0,0,0,1,163,153,163,153,4,0,0
41026,-40,5,FALL,135,164,153,0,0,0,1,164,153,164,153,18,0,0,0,1,163,153,163,153,18,0,0,0,1,164,153,164,153,18,0,0,0,1,163,153,163,153,18,0,0
41026,-40,6,RISE,135,164,153,0,0,1,1,164,153,164,153,29,1,0,1,1,163,153,163,153,28,1,0,1,1,164,153,164,153,29,1,0,1,1,163,153,163,153,28,1,0
41026,-40,7,FALL,135,164,153,0,0,0,1,164,153,164,153,18,0,0,0,1,163,153,163,153,18,0,0,0,1,164,153,164,153,18,0,0,0,1,163,153,163,153,18,0,0
41026,-40,8,RISE,135,164,153,0,0,1,1,164,153,164,153,29,1,0,1,1,163,153,163,153,28,1,0,1,1,164,153,164,153,29,1,0,1,1,163,153,163,153,28,1,0
41026,-40,9,FALL,135,164,153,0,0,0,1,164,153,164,153,18,0,0,0,1,163,153,163,153,18,0,0,0,1,164,153,164,153,18,0,0,0,1,163,153,163,153,18,0,0
41026,-40,10,RISE,159,164,153,0,0,0,1,164,153,164,153,5,0,0,0,1,163,153,163,153,4,0,0,0,1,164,153,164,153,5,0,0,0,1,163,153,163,153,4,0,0
41026,-40,11,FALL,135,164,153,0,0,0,1,164,153,164,153,18,0,0,0,1,163,153,163,153,18,0,0,0,1,164,153,164,153,18,0,0,0,1,163,153,163,153,18,0,0
41026,-40,12,RISE,135,164,153,0,0,1,1,164,153,164,153,29,1,0,1,1,163,153,163,153,28,1,0,1,1,164,153,164,153,29,1,0,1,1,163,153,163,153,28,1,0
41026,-40,13,FALL,110,164,153,0,0,1,1,164,153,164,153,43,1,0,1,1,163,153,163,153,43,1,0,1,1,164,153,164,153,43,1,0,1,1,163,153,163,153,43,1,0
41026,-40,14,RISE,159,164,153,0,0,0,1,164,153,164,153,5,0,0,0,1,163,153,163,153,4,0,0,0,1,164,153,164,153,5,0,0,0,1,163,153,163,153,4,0,0
41026,-40,15,FALL,110,164,153,0,0,1,1,164,153,164,153,43,1,0,1,1,163,153,163,153,43,1,0,1,1,164,153,164,153,43,1,0,1,1,163,153,163,153,43,1,0
41026,-40,16,RISE,135,164,153,0,0,1,1,164,153,164,153,29,1,0,1,1,163,153,163,153,28,1,0,1,1,164,153,164,153,29,1,0,1,1,163,153,163,153,28,1,0
41026,-40,17,FALL,135,164,153,0,0,0,1,164,153,164,153,18,0,0,0,1,163,153,163,153,18,0,0,0,1,164,153,164,153,18,0,0,0,1,163,153,163,153,18,0,0
41026,-40,18,RISE,135,164,153,0,0,1,1,164,153,164,153,29,1,0,1,1,163,153,163,153,28,1,0,1,1,164,153,164,153,29,1,0,1,1,163,153,163,153,28,1,0
41026,-40,19,FALL,135,164,153,0,0,0,1,164,153,164,153,18,0,0,0,1,163,153,163,153,18,0,0,0,1,164,153,164,153,18,0,0,0,1,163,153,163,153,18,0,0
41026,-40,20,RISE,135,164,153,0,0,1,1,164,153,164,153,29,1,0,1,1,163,153,163,153,28,1,0,1,1,164,153,164,153,29,1,0,1,1,163,153,163,153,28,1,0
41026,-40,21,FALL,110,164,153,0,0,1,1,164,153,164,153,43,1,0,1,1,163,153,163,153,43,1,0,1,1,164,153,164,153,43,1,0,1,1,163,153,163,153,43,1,0
41026,-40,22,RISE,159,164,153,0,0,0,1,164,153,164,153,5,0,0,0,1,163,153,163,153,4,0,0,0,1,164,153,164,153,5,0,0,0,1,163,153,163,153,4,0,0
41026,-40,23,FALL,135,164,153,0,0,0,1,164,153,164,153,18,0,0,0,1,163,153,163,153,18,0,0,0,1,164,153,164,153,18,0,0,0,1,163,153,163,153,18,0,0
41026,125,0,RISE,182,164,153,0,0,0,0,164,153,164,153,18,0,0,0,0,164,153,164,153,18,0,0,0,0,164,153,164,153,18,0,0,0,0,164,153,164,153,18,0,0
41026,125,1,FALL,182,164,153,0,0,1,0,164,153,164,153,29,1,0,1,0,164,153,164,153,29,1,0,1,0,164,153,164,153,29,1,0,1,0,164,153,164,153,29,1,0
41026,125,2,RISE,182,164,153,0,0,0,1,164,153,164,153,18,0,0,0,1,164,153,164,153,18,0,0,0,1,164,153,164,153,18,0,0,0,1,164,153,164,153,18,0,0
41026,125,3,FALL,182,164,153,0,0,1,1,164,153,164,153,29,1,0,1,1,164,153,164,153,29,1,0,1,1,164,153,164,153,29,1,0,1,1,164,153,164,153,29,1,0
41026,125,4,RISE,204,164,153,1,1,1,1,164,153,164,153,40,1,0,1,1,164,153,164,153,40,1,0,1,1,164,153,164,153,40,1,0,1,1,164,153,164,153,40,1,0
41026,125,5,FALL,182,164,153,0,0,1,1,164,153,164,153,29,1,0,1,1,164,153,164,153,29,1,0,1,1,164,153,164,153,29,1,0,1,1,164,153,164,153,29,1,0
41026,125,6,RISE,182,164,153,0,0,0,1,164,153,164,153,18,0,0,0,1,164,153,164,153,18,0,0,0,1,164,153,164,153,18,0,0,0,1,164,153,164,153,18,0,0
41026,125,7,FALL,182,164,153,0,0,1,1,164,153,164,153,29,1,0,1,1,164,153,164,153,29,1,0,1,1,164,153,164,153,29,1,0,1,1,164,153,164,153,29,1,0
41026,125,8,RISE,182,164,153,0,0,0,1,164,153,164,153,18,0,0,0,1,164,153,164,153,18,0,0,0,1,164,153,164,153,18,0,0,0,1,164,153,164,153,18,0,0
41026,125,9,FALL,182,164,153,0,0,1,1,164,153,164,153,29,1,0,1,1,164,153,164,153,29,1,0,1,1,164,153,164,153,29,1,0,1,1,164,153,164,153,29,1,0
41026,125,10,RISE,204,164,153,1,1,1,1,164,153,164,153,40,1,0,1,1,164,153,164,153,40,1,0,1,1,164,153,164,153,40,1,0,1,1,164,153,164,153,40,1,0
41026,125,11,FALL,182,164,153,0,0,1,1,164,153,164,153,29,1,0,1,1,164,153,164,153,29,1,0,1,1,164,153,164,153,29,1,0,1,1,164,153,164,153,29,1,0
41026,125,12,RISE,182,164,153,0,0,0,1,164,153,164,153,18,0,0,0,1,164,153,164,153,18,0,0,0,1,164,153,164,153,18,0,0,0,1,164,153,164,153,18,0,0
41026,125,13,FALL,182,164,153,0,0,1,1,164,153,164,153,29,1,0,1,1,164,153,164,153,29,1,0,1,1,164,153,164,153,29,1,0,1,1,164,153,164,153,29,1,0
41026,125,14,RISE,182,164,153,0,0,0,1,164,153,164,153,18,0,0,0,1,164,153,164,153,18,0,0,0,1,164,153,164,153,18,0,0,0,1,164,153,164,153,18,0,0
41026,125,15,FALL,182,164,153,0,0,1,1,164,153,164,153,29,1,0,1,1,164,153,164,153,29,1,0,1,1,164,153,164,153,29,1,0,1,1,164,153,164,153,29,1,0
41026,125,16,RISE,182,164,153,0,0,0,1,164,153,164,153,18,0,0,0,1,164,153,164,153,18,0,0,0,1,164,153,164,153,18,0,0,0,1,164,153,164,153,18,0,0
41026,125,17,FALL,182,164,153,0,0,1,1,164,153,164,153,29,1,0,1,1,164,153,164,153,29,1,0,1,1,164,153,164,153,29,1,0,1,1,164,153,164,153,29,1,0
41026,125,18,RISE,182,164,153,0,0,0,1,164,153,164,153,18,0,0,0,1,164,153,164,153,18,0,0,0,1,164,153,164,153,18,0,0,0,1,164,153,164,153,18,0,0
41026,125,19,FALL,182,164,153,0,0,1,1,164,153,164,153,29,1,0,1,1,164,153,164,153,29,1,0,1,1,164,153,164,153,29,1,0,1,1,164,153,164,153,29,1,0
41026,125,20,RISE,182,164,153,0,0,0,1,164,153,164,153,18,0,0,0,1,164,153,164,153,18,0,0,0,1,164,153,164,153,18,0,0,0,1,164,153,164,153,18,0,0
41026,125,21,FALL,182,164,153,0,0,1,1,164,153,164,153,29,1,0,1,1,164,153,164,153,29,1,0,1,1,164,153,164,153,29,1,0,1,1,164,153,164,153,29,1,0
41026,125,22,RISE,204,164,153,1,1,1,1,164,153,164,153,40,1,0,1,1,164,153,164,153,40,1,0,1,1,164,153,164,153,40,1,0,1,1,164,153,164,153,40,1,0
41026,125,23,FALL,182,164,153,0,0,1,1,164,153,164,153,29,1,0,1,1,164,153,164,153,29,1,0,1,1,164,153,164,153,29,1,0,1,1,164,153,164,153,29,1,0
41027,-40,0,RISE,135,153,135,0,0,0,0,153,135,153,135,18,0,0,0,0,153,135,153,135,18,0,0,0,0,153,135,153,135,18,0,0,0,0,153,135,153,135,18,0,0
41027,-40,1,FALL,110,153,135,0,0,1,0,153,135,153,135,25,1,0,1,0,153,135,153,135,25,1,0,1,0,153,135,153,135,25,1,0,1,0,153,135,153,135,25,1,0
41027,-40,2,RISE,135,153,135,0,0,0,1,153,135,153,135,18,0,0,0,1,153,135,153,135,18,0,0,0,1,153,135,153,135,18,0,0,0,1,153,135,153,135,18,0,0
41027,-40,3,FALL,110,153,135,0,0,1,1,153,135,153,135,25,1,0,1,1,153,135,153,135,25,1,0,1,1,153,135,153,135,25,1,0,1,1,153,135,153,135,25,1,0
41027,-40,4,RISE,135,153,135,0,0,0,1,153,135,153,135,18,0,0,0,1,153,135,153,135,18,0,0,0,1,153,135,153,135,18,0,0,0,1,153,135,153,135,18,0,0
41027,-40,5,FALL,110,153,135,0,0,1,1,153,135,153,135,25,1,0,1,1,153,135,153,135,25,1,0,1,1,153,135,153,135,25,1,0,1,1,153,135,153,135,25,1,0
41027,-40,6,RISE,135,153,135,0,0,0,1,153,135,153,135,18,0,0,0,1,153,135,153,135,18,0,0,0,1,153,135,153,135,18,0,0,0,1,153,135,153,135,18,0,0
41027,-40,7,FALL,110,153,135,0,0,1,1,153,135,153,135,25,1,0,1,1,153,135,153,135,25,1,0,1,1,153,135,153,135,25,1,0,1,1,153,135,153,135,25,1,0
41027,-40,8,RISE,135,153,135,0,0,0,1,153,135,153,135,18,0,0,0,1,153,135,153,135,18,0,0,0,1,153,135,153,135,18,0,0,0,1,153,135,153,135,18,0,0
41027,-40,9,FALL,110,153,135,0,0,1,1,153,135,153,135,25,1,0,1,1,153,135,153,135,25,1,0,1,1,153,135,153,135,25,1,0,1,1,153,135,153,135,25,1,0
41027,-40,10,RISE,135,153,135,0,0,0,1,153,135,153,135,18,0,0,0,1,153,135,153,135,18,0,0,0,1,153,135,153,135,18,0,0,0,1,153,135,153,135,18,0,0
41027,-40,11,FALL,110,153,135,0,0,1,1,153,135,153,135,25,1,0,1,1,153,135,153,135,25,1,0,1,1,153,135,153,135,25,1,0,1,1,153,135,153,135,25,1,0
41027,-40,12,RISE,135,153,135,0,0,0,1,153,135,153,135,18,0,0,0,1,153,135,153,135,18,0,0,0,1,153,135,153,135,18,0,0,0,1,153,135,153,135,18,0,0
41027,-40,13,FALL,110,153,135,0,0,1,1,153,135,153,135,25,1,0,1,1,153,135,153,135,25,1,0,1,1,153,135,153,135,25,1,0,1,1,153,135,153,135,25,1,0
41027,-40,14,RISE,135,153,135,0,0,0,1,153,135,153,135,18,0,0,0,1,153,135,153,135,18,0,0,0,1,153,135,153,135,18,0,0,0,1,153,135,153,135,18,0,0
41027,-40,15,FALL,110,153,135,0,0,1,1,153,135,153,135,25,1,0,1,1,153,135,153,135,25,1,0,1,1,153,135,153,135,25,1,0,1,1,153,135,153,135,25,1,0
41027,-40,16,RISE,135,153,135,0,0,0,1,153,135,153,135,18,0,0,0,1,153,135,153,135,18,0,0,0,1,153,135,153,135,18,0,0,0,1,153,135,153,135,18,0,0
41027,-40,17,FALL,110,153,135,0,0,1,1,153,135,153,135,25,1,0,1,1,153,135,153,135,25,1,0,1,1,153,135,153,135,25,1,0,1,1,153,135,153,135,25,1,0
41027,-40,18,RISE,135,153,135,0,0,0,1,153,135,153,135,18,0,0,0,1,153,135,153,135,18,0,0,0,1,153,135,153,135,18,0,0,0,1,153,135,153,135,18,0,0
41027,-40,19,FALL,110,153,135,0,0,1,1,153,135,153,135,25,1,0,1,1,153,135,153,135,25,1,0,1,1,153,135,153,135,25,1,0,1,1,153,135,153,135,25,1,0
41027,-40,20,RISE,135,153,135,0,0,0,1,153,135,153,135,18,0,0,0,1,153,135,153,135,18,0,0,0,1,153,135,153,135,18,0,0,0,1,153,135,153,135,18,0,0
41027,-40,21,FALL,84,153,135,0,0,1,1,153,135,153,135,51,1,0,1,1,153,135,153,135,51,1,0,1,1,153,135,153,135,51,1,0,1,1,153,135,153,135,51,1,0
41027,-40,22,RISE,135,153,135,0,0,0,1,153,135,153,135,18,0,0,0,1,153,135,153,135,18,0,0,0,1,153,135,153,135,18,0,0,0,1,153,135,153,135,18,0,0
41027,-40,23,FALL,110,153,135,0,0,1,1,153,135,153,135,25,1,0,1,1,153,135,153,135,25,1,0,1,1,153,135,153,135,25,1,0,1,1,153,135,153,135,25,1,0
41027,125,0,RISE,182,153,135,1,1,1,0,153,135,153,135,29,1,0,1,0,153,135,153,135,29,1,0,1,0,153,135,153,135,29,1,0,1,0,153,135,153,135,29,1,0
41027,125,1,FALL,159,153,135,0,0,0,1,153,135,153,135,24,0,0,0,1,153,135,153,135,24,0,0,0,1,153,135,153,135,24,0,0,0,1,153,135,153,135,24,0,0
41027,125,2,RISE,182,153,135,1,1,1,1,153,135,153,135,29,1,0,1,1,153,135,153,135,29,1,0,1,1,153,135,153,135,29,1,0,1,1,153,135,153,135,29,1,0
41027,125,3,FALL,159,153,135,0,0,0,1,153,135,153,135,24,0,0,0,1,153,135,153,135,24,0,0,0,1,153,135,153,135,24,0,0,0,1,153,135,153,135,24,0,0
41027,125,4,RISE,182,153,135,1,1,1,1,153,135,153,135,29,1,0,1,1,153,135,153,135,29,1,0,1,1,153,135,153,135,29,1,0,1,1,153,135,153,135,29,1,0
41027,125,5,FALL,159,153,135,0,0,0,1,153,135,153,135,24,0,0,0,1,153,135,153,135,24,0,0,0,1,153,135,153,135,24,0,0,0,1,153,135,153,135,24,0,0
41027,125,6,RISE,182,153,135,1,1,1,1,153,135,153,135,29,1,0,1,1,153,135,153,135,29,1,0,1,1,153,135,153,135,29,1,0,1,1,153,135,153,135,29,1,0
41027,125,7,FALL,159,153,135,0,0,0,1,153,135,153,135,24,0,0,0,1,153,135,153,135,24,0,0,0,1,153,135,153,135,24,0,0,0,1,153,135,153,135,24,0,0
41027,125,8,RISE,182,153,135,1,1,1,1,153,135,153,135,29,1,0,1,1,153,135,153,135,29,1,0,1,1,153,135,153,135,29,1,0,1,1,153,135,153,135,29,1,0
41027,125,9,FALL,159,153,135,0,0,0,1,153,135,153,135,24,0,0,0,1,153,135,153,135,24,0,0,0,1,153,135,153,135,24,0,0,0,1,153,135,153,135,24,0,0
41027,125,10,RISE,182,153,135,1,1,1,1,153,135,153,135,29,1,0,1,1,153,135,153,135,29,1,0,1,1,153,135,153,135,29,1,0,1,1,153,135,153,135,29,1,0
41027,125,11,FALL,159,153,135,0,0,0,1,153,135,153,135,24,0,0,0,1,153,135,153,135,24,0,0,0,1,153,135,153,135,24,0,0,0,1,153,135,153,135,24,0,0
41027,125,12,RISE,159,153,135,0,0,0,1,153,135,153,135,6,0,0,0,1,153,135,153,135,6,0,0,0,1,153,135,153,135,6,0,0,0,1,153,135,153,135,6,0,0
41027,125,13,FALL,159,153,135,0,0,0,1,153,135,153,135,24,0,0,0,1,153,135,153,135,24,0,0,0,1,153,135,153,135,24,0,0,0,1,153,135,153,135,24,0,0
41027,125,14,RISE,182,153,135,1,1,1,1,153,135,153,135,29,1,0,1,1,153,135,153,135,29,1,0,1,1,153,135,153,135,29,1,0,1,1,153,135,153,135,29,1,0
41027,125,15,FALL,159,153,135,0,0,0,1,153,135,153,135,24,0,0,0,1,153,135,153,135,24,0,0,0,1,153,135,153,135,24,0,0,0,1,153,135,153,135,24,0,0
41027,125,16,RISE,182,153,135,1,1,1,1,153,135,153,135,29,1,0,1,1,153,135,153,135,29,1,0,1,1,153,135,153,135,29,1,0,1,1,153,135,153,135,29,1,0
41027,125,17,FALL,159,153,135,0,0,0,1,153,135,153,135,24,0,0,0,1,153,135,153,135,24,0,0,0,1,153,135,153,135,24,0,0,0,1,153,135,153,135,24,0,0
41027,125,18,RISE,182,153,135,1,1,1,1,153,135,153,135,29,1,0,1,1,153,135,153,135,29,1,0,1,1,153,135,153,135,29,1,0,1,1,153,135,153,135,29,1,0
41027,125,19,FALL,159,153,135,0,0,0,1,153,135,153,135,24,0,0,0,1,153,135,153,135,24,0,0,0,1,153,135,153,135,24,0,0,0,1,153,135,153,135,24,0,0
41027,125,20,RISE,159,153,135,0,0,0,1,153,135,153,135,6,0,0,0,1,153,135,153,135,6,0,0,0,1,153,135,153,135,6,0,0,0,1,153,135,153,135,6,0,0
41027,125,21,FALL,159,153,135,0,0,0,1,153,135,153,135,24,0,0,0,1,153,135,153,135,24,0,0,0,1,153,135,153,135,24,0,0,0,1,153,135,153,135,24,0,0
41027,125,22,RISE,182,153,135,1,1,1,1,153,135,153,135,29,1,0,1,1,153,135,153,135,29,1,0,1,1,153,135,153,135,29,1,0,1,1,153,135,153,135,29,1,0
41027,125,23,FALL,159,153,135,0,0,0,1,153,135,153,135,24,0,0,0,1,153,135,153,135,24,0,0,0,1,153,135,153,135,24,0,0,0,1,153,135,153,135,24,0,0
41028,-40,0,RISE,182,204,176,0,0,0,0,204,176,204,176,22,0,0,0,0,204,176,204,176,22,0,0,0,0,204,176,204,176,22,0,0,0,0,204,176,204,176,22,0,0
41028,-40,1,FALL,159,204,176,0,0,0,0,204,176,204,176,17,0,0,0,0,204,176,204,176,17,0,0,0,0,204,176,204,176,17,0,0,0,0,204,176,204,176,17,0,0
41028,-40,2,RISE,182,204,176,0,0,0,0,204,176,204,176,22,0,0,0,0,204,176,204,176,22,0,0,0,0,204,176,204,176,22,0,0,0,0,204,176,204,176,22,0,0
41028,-40,3,FALL,159,204,176,0,0,0,0,204,176,204,176,17,0,0,0,0,204,176,204,176,17,0,0,0,0,204,176,204,176,17,0,0,0,0,204,176,204,176,17,0,0
41028,-40,4,RISE,204,204,176,0,0,0,0,204,176,204,176,0,0,0,0,0,204,176,204,176,0,0,0,0,0,204,176,204,176,0,0,0,0,0,204,176,204,176,0,0,0
41028,-40,5,FALL,159,204,176,0,0,0,0,204,176,204,176,17,0,0,0,0,204,176,204,176,17,0,0,0,0,204,176,204,176,17,0,0,0,0,204,176,204,176,17,0,0
41028,-40,6,RISE,182,204,176,0,0,0,0,204,176,204,176,22,0,0,0,0,204,176,204,176,22,0,0,0,0,204,176,204,176,22,0,0,0,0,204,176,204,176,22,0,0
41028,-40,7,FALL,159,204,176,0,0,0,0,204,176,204,176,17,0,0,0,0,204,176,204,176,17,0,0,0,0,204,176,204,176,17,0,0,0,0,204,176,204,176,17,0,0
41028,-40,8,RISE,182,204,176,0,0,0,0,204,176,204,176,22,0,0,0,0,204,176,204,176,22,0,0,0,0,204,176,204,176,22,0,0,0,0,204,176,204,176,22,0,0
41028,-40,9,FALL,159,204,176,0,0,0,0,204,176,204,176,17,0,0,0,0,204,176,204,176,17,0,0,0,0,204,176,204,176,17,0,0,0,0,204,176,204,176,17,0,0
41028,-40,10,RISE,182,204,176,0,0,0,0,204,176,204,176,22,0,0,0,0,204,176,204,176,22,0,0,0,0,204,176,204,176,22,0,0,0,0,204,176,204,176,22,0,0
41028,-40,11,FALL,159,204,176,0,0,0,0,204,176,204,176,17,0,0,0,0,204,176,204,176,17,0,0,0,0,204,176,204,176,17,0,0,0,0,204,176,204,176,17,0,0
41028,-40,12,RISE,182,204,176,0,0,0,0,204,176,204,176,22,0,0,0,0,204,176,204,176,22,0,0,0,0,204,176,204,176,22,0,0,0,0,204,176,204,176,22,0,0
41028,-40,13,FALL,159,204,176,0,0,0,0,204,176,204,176,17,0,0,0,0,204,176,204,176,17,0,0,0,0,204,176,204,176,17,0,0,0,0,204,176,204,176,17,0,0
41028,-40,14,RISE,182,204,176,0,0,0,0,204,176,204,176,22,0,0,0,0,204,176,204,176,22,0,0,0,0,204,176,204,176,22,0,0,0,0,204,176,204,176,22,0,0
41028,-40,15,FALL,159,204,176,0,0,0,0,204,176,204,176,17,0,0,0,0,204,176,204,176,17,0,0,0,0,204,176,204,176,17,0,0,0,0,204,176,204,176,17,0,0
41028,-40,16,RISE,182,204,176,0,0,0,0,204,176,204,176,22,0,0,0,0,204,176,204,176,22,0,0,0,0,204,176,204,176,22,0,0,0,0,204,176,204,176,22,0,0
41028,-40,17,FALL,159,204,176,0,0,0,0,204,176,204,176,17,0,0,0,0,204,176,204,176,17,0,0,0,0,204,176,204,176,17,0,0,0,0,204,176,204,176,17,0,0
41028,-40,18,RISE,182,204,176,0,0,0,0,204,176,204,176,22,0,0,0,0,204,176,204,176,22,0,0,0,0,204,176,204,176,22,0,0,0,0,204,176,204,176,22,0,0
41028,-40,19,FALL,159,204,176,0,0,0,0,204,176,204,176,17,0,0,0,0,204,176,204,176,17,0,0,0,0,204,176,204,176,17,0,0,0,0,204,176,204,176,17,0,0
41028,-40,20,RISE,182,204,176,0,0,0,0,204,176,204,176,22,0,0,0,0,204,176,204,176,22,0,0,0,0,204,176,204,176,22,0,0,0,0,204,176,204,176,22,0,0
41028,-40,21,FALL,135,204,176,0,0,1,0,204,176,204,176,41,1,0,1,0,204,176,204,176,41,1,0,1,0,204,176,204,176,41,1,0,1,0,204,176,204,176,41,1,0
41028,-40,22,RISE,182,204,176,0,0,0,1,204,176,204,176,22,0,0,0,1,204,176,204,176,22,0,0,0,1,204,176,204,176,22,0,0,0,1,204,176,204,176,22,0,0
41028,-40,23,FALL,159,204,176,0,0,0,1,204,176,204,176,17,0,0,0,1,204,176,204,176,17,0,0,0,1,204,176,204,176,17,0,0,0,1,204,176,204,176,17,0,0
41028,125,0,RISE,225,204,176,1,1,1,0,204,176,204,176,21,0,0,1,0,204,176,204,176,21,0,0,1,0,204,176,204,176,21,0,0,1,0,204,176,204,176,21,0,0
41028,125,1,FALL,204,204,176,0,0,1,1,204,176,204,176,28,1,0,1,1,204,176,204,176,28,1,0,1,1,204,176,204,176,28,1,0,1,1,204,176,204,176,28,1,0
41028,125,2,RISE,225,204,176,1,1,1,1,204,176,204,176,21,0,0,1,1,204,176,204,176,21,0,0,1,1,204,176,204,176,21,0,0,1,1,204,176,204,176,21,0,0
41028,125,3,FALL,204,204,176,0,0,1,1,204,176,204,176,28,1,0,1,1,204,176,204,176,28,1,0,1,1,204,176,204,176,28,1,0,1,1,204,176,204,176,28,1,0
41028,125,4,RISE,225,204,176,1,1,1,1,204,176,204,176,21,0,0,1,1,204,176,204,176,21,0,0,1,1,204,176,204,176,21,0,0,1,1,204,176,204,176,21,0,0
41028,125,5,FALL,204,204,176,0,0,1,1,204,176,204,176,28,1,0,1,1,204,176,204,176,28,1,0,1,1,204,176,204,176,28,1,0,1,1,204,176,204,176,28,1,0
41028,125,6,RISE,225,204,176,1,1,1,1,204,176,204,176,21,0,0,1,1,204,176,204,176,21,0,0,1,1,204,176,204,176,21,0,0,1,1,204,176,204,176,21,0,0
41028,125,7,FALL,204,204,176,0,0,1,1,204,176,204,176,28,1,0,1,1,204,176,204,176,28,1,0,1,1,204,176,204,176,28,1,0,1,1,204,176,204,176,28,1,0
41028,125,8,RISE,225,204,176,1,1,1,1,204,176,204,176,21,0,0,1,1,204,176,204,176,21,0,0,1,1,204,176,204,176,21,0,0,1,1,204,176,204,176,21,0,0
41028,125,9,FALL,204,204,176,0,0,1,1,204,176,204,176,28,1,0,1,1,204,176,204,176,28,1,0,1,1,204,176,204,176,28,1,0,1,1,204,176,204,176,28,1,0
41028,125,10,RISE,225,204,176,1,1,1,1,204,176,204,176,21,0,0,1,1,204,176,204,176,21,0,0,1,1,204,176,204,176,21,0,0,1,1,204,176,204,176,21,0,0
41028,125,11,FALL,204,204,176,0,0,1,1,204,176,204,176,28,1,0,1,1,204,176,204,176,28,1,0,1,1,204,176,204,176,28,1,0,1,1,204,176,204,176,28,1,0
41028,125,12,RISE,225,204,176,1,1,1,1,204,176,204,176,21,0,0,1,1,204,176,204,176,21,0,0,1,1,204,176,204,176,21,0,0,1,1,204,176,204,176,21,0,0
41028,125,13,FALL,204,204,176,0,0,1,1,204,176,204,176,28,1,0,1,1,204,176,204,176,28,1,0,1,1,204,176,204,176,28,1,0,1,1,204,176,204,176,28,1,0
41028,125,14,RISE,225,204,176,1,1,1,1,204,176,204,176,21,0,0,1,1,204,176,204,176,21,0,0,1,1,204,176,204,176,21,0,0,1,1,204,176,204,176,21,0,0
41028,125,15,FALL,204,204,176,0,0,1,1,204,176,204,176,28,1,0,1,1,204,176,204,176,28,1,0,1,1,204,176,204,176,28,1,0,1,1,204,176,204,176,28,1,0
41028,125,16,RISE,225,204,176,1,1,1,1,204,176,204,176,21,0,0,1,1,204,176,204,176,21,0,0,1,1,204,176,204,176,21,0,0,1,1,204,176,204,176,21,0,0
41028,125,17,FALL,204,204,176,0,0,1,1,204,176,204,176,28,1,0,1,1,204,176,204,176,28,1,0,1,1,204,176,204,176,28,1,0,1,1,204,176,204,176,28,1,0
41028,125,18,RISE,225,204,176,1,1,1,1,204,176,204,176,21,0,0,1,1,204,176,204,176,21,0,0,1,1,204,176,204,176,21,0,0,1,1,204,176,204,176,21,0,0
41028,125,19,FALL,204,204,176,0,0,1,1,204,176,204,176,28,1,0,1,1,204,176,204,176,28,1,0,1,1,204,176,204,176,28,1,0,1,1,204,176,204,176,28,1,0
41028,125,20,RISE,225,204,176,1,1,1,1,204,176,204,176,21,0,0,1,1,204,176,204,176,21,0,0,1,1,204,176,204,176,21,0,0,1,1,204,176,204,176,21,0,0
41028,125,21,FALL,204,204,176,0,0,1,1,204,176,204,176,28,1,0,1,1,204,176,204,176,28,1,0,1,1,204,176,204,176,28,1,0,1,1,204,176,204,176,28,1,0
41028,125,22,RISE,225,204,176,1,1,1,1,204,176,204,176,21,0,0,1,1,204,176,204,176,21,0,0,1,1,204,176,204,176,21,0,0,1,1,204,176,204,176,21,0,0
41028,125,23,FALL,204,204,176,0,0,1,1,204,176,204,176,28,1,0,1,1,204,176,204,176,28,1,0,1,1,204,176,204,176,28,1,0,1,1,204,176,204,176,28,1,0
41029,-40,0,RISE,135,159,153,0,0,1,0,159,153,159,153,24,1,0,1,0,159,153,159,153,24,1,0,1,0,159,153,159,153,24,1,0,1,0,159,153,159,153,24,1,0
41029,-40,1,FALL,135,159,153,0,0,0,1,159,153,159,153,18,0,0,0,1,159,153,159,153,18,0,0,0,1,159,153,159,153,18,0,0,0,1,159,153,159,153,18,0,0
41029,-40,2,RISE,135,159,153,0,0,1,1,159,153,159,153,24,1,0,1,1,159,153,159,153,24,1,0,1,1,159,153,159,153,24,1,0,1,1,159,153,159,153,24,1,0
41029,-40,3,FALL,110,159,153,0,0,1,1,159,153,159,153,43,1,0,1,1,159,153,159,153,43,1,0,1,1,159,153,159,153,43,1,0,1,1,159,153,159,153,43,1,0
41029,-40,4,RISE,135,159,153,0,0,1,1,159,153,159,153,24,1,0,1,1,159,153,159,153,24,1,0,1,1,159,153,159,153,24,1,0,1,1,159,153,159,153,24,1,0
41029,-40,5,FALL,135,159,153,0,0,0,1,159,153,159,153,18,0,0,0,1,159,153,159,153,18,0,0,0,1,159,153,159,153,18,0,0,0,1,159,153,159,153,18,0,0
41029,-40,6,RISE,135,159,153,0,0,1,1,159,153,159,153,24,1,0,1,1,159,153,159,153,24,1,0,1,1,159,153,159,153,24,1,0,1,1,159,153,159,153,24,1,0
41029,-40,7,FALL,135,159,153,0,0,0,1,159,153,159,153,18,0,0,0,1,159,153,159,153,18,0,0,0,1,159,153,159,153,18,0,0,0,1,159,153,159,153,18,0,0
41029,-40,8,RISE,135,159,153,0,0,1,1,159,153,159,153,24,1,0,1,1,159,153,159,153,24,1,0,1,1,159,153,159,153,24,1,0,1,1,159,153,159,153,24,1,0
41029,-40,9,FALL,135,159,153,0,0,0,1,159,153,159,153,18,0,0,0,1,159,153,159,153,18,0,0,0,1,159,153,159,153,18,0,0,0,1,159,153,159,153,18,0,0
41029,-40,10,RISE,135,159,153,0,0,1,1,159,153,159,153,24,1,0,1,1,159,153,159,153,24,1,0,1,1,159,153,159,153,24,1,0,1,1,159,153,159,153,24,1,0
41029,-40,11,FALL,110,159,153,0,0,1,1,159,153,159,153,43,1,0,1,1,159,153,159,153,43,1,0,1,1,159,153,159,153,43,1,0,1,1,159,153,159,153,43,1,0
41029,-40,12,RISE,135,159,153,0,0,1,1,159,153,159,153,24,1,0,1,1,159,153,159,153,24,1,0,1,1,159,153,159,153,24,1,0,1,1,159,153,159,153,24,1,0
41029,-40,13,FALL,110,159,153,0,0,1,1,159,153,159,153,43,1,0,1,1,159,153,159,153,43,1,0,1,1,159,153,159,153,43,1,0,1,1,159,153,159,153,43,1,0
41029,-40,14,RISE,135,159,153,0,0,1,1,159,153,159,153,24,1,0,1,1,159,153,159,153,24,1,0,1,1,159,153,159,153,24,1,0,1,1,159,153,159,153,24,1,0
41029,-40,15,FALL,110,159,153,0,0,1,1,159,153,159,153,43,1,0,1,1,159,153,159,153,43,1,0,1,1,159,153,159,153,43,1,0,1,1,159,153,159,153,43,1,0
41029,-40,16,RISE,135,159,153,0,0,1,1,159,153,159,153,24,1,0,1,1,159,153,159,153,24,1,0,1,1,159,153,159,153,24,1,0,1,1,159,153,159,153,24,1,0
41029,-40,17,FALL,135,159,153,0,0,0,1,159,153,159,153,18,0,0,0,1,159,153,159,153,18,0,0,0,1,159,153,159,153,18,0,0,0,1,159,153,159,153,18,0,0
41029,-40,18,RISE,135,159,153,0,0,1,1,159,153,159,153,24,1,0,1,1,159,153,159,153,24,1,0,1,1,159,153,159,153,24,1,0,1,1,159,153,159,153,24,1,0
41029,-40,19,FALL,110,159,153,0,0,1,1,159,153,159,153,43,1,0,1,1,159,153,159,153,43,1,0,1,1,159,153,159,153,43,1,0,1,1,159,153,159,153,43,1,0
41029,-40,20,RISE,135,159,153,0,0,1,1,159,153,159,153,24,1,0,1,1,159,153,159,153,24,1,0,1,1,159,153,159,153,24,1,0,1,1,159,153,159,153,24,1,0
41029,-40,21,FALL,110,159,153,0,0,1,1,159,153,159,153,43,1,0,1,1,159,153,159,153,43,1,0,1,1,159,153,159,153,43,1,0,1,1,159,153,159,153,43,1,0
41029,-40,22,RISE,135,159,153,0,0,1,1,159,153,159,153,24,1,0,1,1,159,153,159,153,24,1,0,1,1,159,153,159,153,24,1,0,1,1,159,153,159,153,24,1,0
41029,-40,23,FALL,135,159,153,0,0,0,1,159,153,159,153,18,0,0,0,1,159,153,159,153,18,0,0,0,1,159,153,159,153,18,0,0,0,1,159,153,159,153,18,0,0
41029,125,0,RISE,182,159,153,1,1,1,0,159,153,159,153,23,1,0,1,0,159,153,159,153,23,1,0,1,0,159,153,159,153,23,1,0,1,0,159,153,159,153,23,1,0
41029,125,1,FALL,182,159,153,0,0,1,1,159,153,159,153,29,1,0,1,1,159,153,159,153,29,1,0,1,1,159,153,159,153,29,1,0,1,1,159,153,159,153,29,1,0
41029,125,2,RISE,182,159,153,1,1,1,1,159,153,159,153,23,1,0,1,1,159,153,159,153,23,1,0,1,1,159,153,159,153,23,1,0,1,1,159,153,159,153,23,1,0
41029,125,3,FALL,182,159,153,0,0,1,1,159,153,159,153,29,1,0,1,1,159,153,159,153,29,1,0,1,1,159,153,159,153,29,1,0,1,1,159,153,159,153,29,1,0
41029,125,4,RISE,204,159,153,1,1,1,1,159,153,159,153,45,1,0,1,1,159,153,159,153,45,1,0,1,1,159,153,159,153,45,1,0,1,1,159,153,159,153,45,1,0
41029,125,5,FALL,182,159,153,0,0,1,1,159,153,159,153,29,1,0,1,1,159,153,159,153,29,1,0,1,1,159,153,159,153,29,1,0,1,1,159,153,159,153,29,1,0
41029,125,6,RISE,182,159,153,1,1,1,1,159,153,159,153,23,1,0,1,1,159,153,159,153,23,1,0,1,1,159,153,159,153,23,1,0,1,1,159,153,159,153,23,1,0
41029,125,7,FALL,182,159,153,0,0,1,1,159,153,159,153,29,1,0,1,1,159,153,159,153,29,1,0,1,1,159,153,159,153,29,1,0,1,1,159,153,159,153,29,1,0
41029,125,8,RISE,182,159,153,1,1,1,1,159,153,159,153,23,1,0,1,1,159,153,159,153,23,1,0,1,1,159,153,159,153,23,1,0,1,1,159,153,159,153,23,1,0
41029,125,9,FALL,182,159,153,0,0,1,1,159,153,159,153,29,1,0,1,1,159,153,159,153,29,1,0,1,1,159,153,159,153,29,1,0,1,1,159,153,159,153,29,1,0
41029,125,10,RISE,182,159,153,1,1,1,1,159,153,159,153,23,1,0,1,1,159,153,159,153,23,1,0,1,1,159,153,159,153,23,1,0,1,1,159,153,159,153,23,1,0
41029,125,11,FALL,182,159,153,0,0,1,1,159,153,159,153,29,1,0,1,1,159,153,159,153,29,1,0,1,1,159,153,159,153,29,1,0,1,1,159,153,159,153,29,1,0
41029,125,12,RISE,182,159,153,1,1,1,1,159,153,159,153,23,1,0,1,1,159,153,159,153,23,1,0,1,1,159,153,159,153,23,1,0,1,1,159,153,159,153,23,1,0
41029,125,13,FALL,182,159,153,0,0,1,1,159,153,159,153,29,1,0,1,1,159,153,159,153,29,1,0,1,1,159,153,159,153,29,1,0,1,1,159,153,159,153,29,1,0
41029,125,14,RISE,182,159,153,1,1,1,1,159,153,159,153,23,1,0,1,1,159,153,159,153,23,1,0,1,1,159,153,159,153,23,1,0,1,1,159,153,159,153,23,1,0
41029,125,15,FALL,182,159,153,0,0,1,1,159,153,159,153,29,1,0,1,1,159,153,159,153,29,1,0,1,1,159,153,159,153,29,1,0,1,1,159,153,159,153,29,1,0
41029,125,16,RISE,182,159,153,1,1,1,1,159,153,159,153,23,1,0,1,1,159,153,159,153,23,1,0,1,1,159,153,159,153,23,1,0,1,1,159,153,159,153,23,1,0
41029,125,17,FALL,182,159,153,0,0,1,1,159,153,159,153,29,1,0,1,1,159,153,159,153,29,1,0,1,1,159,153,159,153,29,1,0,1,1,159,153,159,153,29,1,0
41029,125,18,RISE,182,159,153,1,1,1,1,159,153,159,153,23,1,0,1,1,159,153,159,153,23,1,0,1,1,159,153,159,153,23,1,0,1,1,159,153,159,153,23,1,0
41029,125,19,FALL,182,159,153,0,0,1,1,159,153,159,153,29,1,0,1,1,159,153,159,153,29,1,0,1,1,159,153,159,153,29,1,0,1,1,159,153,159,153,29,1,0
41029,125,20,RISE,182,159,153,1,1,1,1,159,153,159,153,23,1,0,1,1,159,153,159,153,23,1,0,1,1,159,153,159,153,23,1,0,1,1,159,153,159,153,23,1,0
41029,125,21,FALL,182,159,153,0,0,1,1,159,153,159,153,29,1,0,1,1,159,153,159,153,29,1,0,1,1,159,153,159,153,29,1,0,1,1,159,153,159,153,29,1,0
41029,125,22,RISE,182,159,153,1,1,1,1,159,153,159,153,23,1,0,1,1,159,153,159,153,23,1,0,1,1,159,153,159,153,23,1,0,1,1,159,153,159,153,23,1,0
41029,125,23,FALL,182,159,153,0,0,1,1,159,153,159,153,29,1,0,1,1,159,153,159,153,29,1,0,1,1,159,153,159,153,29,1,0,1,1,159,153,159,153,29,1,0
41030,-40,0,RISE,182,198,182,0,0,0,0,198,182,198,182,16,0,0,0,0,198,182,198,182,16,0,0,0,0,198,182,198,182,16,0,0,0,0,198,182,198,182,16,0,0
41030,-40,1,FALL,182,198,182,0,0,0,0,198,182,198,182,0,0,0,0,0,198,182,198,182,0,0,0,0,0,198,182,198,182,0,0,0,0,0,198,182,198,182,0,0,0
41030,-40,2,RISE,182,198,182,0,0,0,0,198,182,198,182,16,0,0,0,0,198,182,198,182,16,0,0,0,0,198,182,198,182,16,0,0,0,0,198,182,198,182,16,0,0
41030,-40,3,FALL,159,198,182,0,0,0,0,198,182,198,182,23,0,0,0,0,198,182,198,182,23,0,0,0,0,198,182,198,182,23,0,0,0,0,198,182,198,182,23,0,0
41030,-40,4,RISE,182,198,182,0,0,0,0,198,182,198,182,16,0,0,0,0,198,182,198,182,16,0,0,0,0,198,182,198,182,16,0,0,0,0,198,182,198,182,16,0,0
41030,-40,5,FALL,182,198,182,0,0,0,0,198,182,198,182,0,0,0,0,0,198,182,198,182,0,0,0,0,0,198,182,198,182,0,0,0,0,0,198,182,198,182,0,0,0
41030,-40,6,RISE,182,198,182,0,0,0,0,198,182,198,182,16,0,0,0,0,198,182,198,182,16,0,0,0,0,198,182,198,182,16,0,0,0,0,198,182,198,182,16,0,0
41030,-40,7,FALL,182,198,182,0,0,0,0,198,182,198,182,0,0,0,0,0,198,182,198,182,0,0,0,0,0,198,182,198,182,0,0,0,0,0,198,182,198,182,0,0,0
41030,-40,8,RISE,182,198,182,0,0,0,0,198,182,198,182,16,0,0,0,0,198,182,198,182,16,0,0,0,0,198,182,198,182,16,0,0,0,0,198,182,198,182,16,0,0
41030,-40,9,FALL,182,198,182,0,0,0,0,198,182,198,182,0,0,0,0,0,198,182,198,182,0,0,0,0,0,198,182,198,182,0,0,0,0,0,198,182,198,182,0,0,0
41030,-40,10,RISE,182,198,182,0,0,0,0,198,182,198,182,16,0,0,0,0,198,182,198,182,16,0,0,0,0,198,182,198,182,16,0,0,0,0,198,182,198,182,16,0,0
41030,-40,11,FALL,159,198,182,0,0,0,0,198,182,198,182,23,0,0,0,0,198,182,198,182,23,0,0,0,0,198,182,198,182,23,0,0,0,0,198,182,198,182,23,0,0
41030,-40,12,RISE,182,198,182,0,0,0,0,198,182,198,182,16,0,0,0,0,198,182,198,182,16,0,0,0,0,198,182,198,182,16,0,0,0,0,198,182,198,182,16,0,0
41030,-40,13,FALL,159,198,182,0,0,0,0,198,182,198,182,23,0,0,0,0,198,182,198,182,23,0,0,0,0,198,182,198,182,23,0,0,0,0,198,182,198,182,23,0,0
41030,-40,14,RISE,182,198,182,0,0,0,0,198,182,198,182,16,0,0,0,0,198,182,198,182,16,0,0,0,0,198,182,198,182,16,0,0,0,0,198,182,198,182,16,0,0
41030,-40,15,FALL,159,198,182,0,0,0,0,198,182,198,182,23,0,0,0,0,198,182,198,182,23,0,0,0,0,198,182,198,182,23,0,0,0,0,198,182,198,182,23,0,0
41030,-40,16,RISE,182,198,182,0,0,0,0,198,182,198,182,16,0,0,0,0,198,182,198,182,16,0,0,0,0,198,182,198,182,16,0,0,0,0,198,182,198,182,16,0,0
41030,-40,17,FALL,182,198,182,0,0,0,0,198,182,198,182,0,0,0,0,0,198,182,198,182,0,0,0,0,0,198,182,198,182,0,0,0,0,0,198,182,198,182,0,0,0
41030,-40,18,RISE,182,198,182,0,0,0,0,198,182,198,182,16,0,0,0,0,198,182,198,182,16,0,0,0,0,198,182,198,182,16,0,0,0,0,198,182,198,182,16,0,0
41030,-40,19,FALL,159,198,182,0,0,0,0,198,182,198,182,23,0,0,0,0,198,182,198,182,23,0,0,0,0,198,182,198,182,23,0,0,0,0,198,182,198,182,23,0,0
41030,-40,20,RISE,182,198,182,0,0,0,0,198,182,198,182,16,0,0,0,0,198,182,198,182,16,0,0,0,0,198,182,198,182,16,0,0,0,0,198,182,198,182,16,0,0
41030,-40,21,FALL,159,198,182,0,0,0,0,198,182,198,182,23,0,0,0,0,198,182,198,182,23,0,0,0,0,198,182,198,182,23,0,0,0,0,198,182,198,182,23,0,0
41030,-40,22,RISE,182,198,182,0,0,0,0,198,182,198,182,16,0,0,0,0,198,182,198,182,16,0,0,0,0,198,182,198,182,16,0,0,0,0,198,182,198,182,16,0,0
41030,-40,23,FALL,159,198,182,0,0,0,0,198,182,198,182,23,0,0,0,0,198,182,198,182,23,0,0,0,0,198,182,198,182,23,0,0,0,0,198,182,198,182,23,0,0
41030,125,0,RISE,204,198,182,0,0,0,0,198,182,198,182,6,0,0,0,0,198,182,198,182,6,0,0,0,0,198,182,198,182,6,0,0,0,0,198,182,198,182,6,0,0
41030,125,1,FALL,204,198,182,0,0,0,0,198,182,198,182,22,0,0,0,0,198,182,198,182,22,0,0,0,0,198,182,198,182,22,0,0,0,0,198,182,198,182,22,0,0
41030,125,2,RISE,204,198,182,0,0,0,0,198,182,198,182,6,0,0,0,0,198,182,198,182,6,0,0,0,0,198,182,198,182,6,0,0,0,0,198,182,198,182,6,0,0
41030,125,3,FALL,204,198,182,0,0,0,0,198,182,198,182,22,0,0,0,0,198,182,198,182,22,0,0,0,0,198,182,198,182,22,0,0,0,0,198,182,198,182,22,0,0
41030,125,4,RISE,225,198,182,1,1,1,0,198,182,198,182,27,1,0,1,0,198,182,198,182,27,1,0,1,0,198,182,198,182,27,1,0,1,0,198,182,198,182,27,1,0
41030,125,5,FALL,204,198,182,0,0,0,1,198,182,198,182,22,0,0,0,1,198,182,198,182,22,0,0,0,1,198,182,198,182,22,0,0,0,1,198,182,198,182,22,0,0
41030,125,6,RISE,204,198,182,0,0,0,1,198,182,198,182,6,0,0,0,1,198,182,198,182,6,0,0,0,1,198,182,198,182,6,0,0,0,1,198,182,198,182,6,0,0
41030,125,7,FALL,204,198,182,0,0,0,1,198,182,198,182,22,0,0,0,1,198,182,198,182,22,0,0,0,1,198,182,198,182,22,0,0,0,1,198,182,198,182,22,0,0
41030,125,8,RISE,204,198,182,0,0,0,1,198,182,198,182,6,0,0,0,1,198,182,198,182,6,0,0,0,1,198,182,198,182,6,0,0,0,1,198,182,198,182,6,0,0
41030,125,9,FALL,204,198,182,0,0,0,1,198,182,198,182,22,0,0,0,1,198,182,198,182,22,0,0,0,1,198,182,198,182,22,0,0,0,1,198,182,198,182,22,0,0
41030,125,10,RISE,204,198,182,0,0,0,1,198,182,198,182,6,0,0,0,1,198,182,198,182,6,0,0,0,1,198,182,198,182,6,0,0,0,1,198,182,198,182,6,0,0
41030,125,11,FALL,204,198,182,0,0,0,1,198,182,198,182,22,0,0,0,1,198,182,198,182,22,0,0,0,1,198,182,198,182,22,0,0,0,1,198,182,198,182,22,0,0
41030,125,12,RISE,204,198,182,0,0,0,1,198,182,198,182,6,0,0,0,1,198,182,198,182,6,0,0,0,1,198,182,198,182,6,0,0,0,1,198,182,198,182,6,0,0
41030,125,13,FALL,204,198,182,0,0,0,1,198,182,198,182,22,0,0,0,1,198,182,198,182,22,0,0,0,1,198,182,198,182,22,0,0,0,1,198,182,198,182,22,0,0
41030,125,14,RISE,204,198,182,0,0,0,1,198,182,198,182,6,0,0,0,1,198,182,198,182,6,0,0,0,1,198,182,198,182,6,0,0,0,1,198,182,198,182,6,0,0
41030,125,15,FALL,204,198,182,0,0,0,1,198,182,198,182,22,0,0,0,1,198,182,198,182,22,0,0,0,1,198,182,198,182,22,0,0,0,1,198,182,198,182,22,0,0
41030,125,16,RISE,204,198,182,0,0,0,1,198,182,198,182,6,0,0,0,1,198,182,198,182,6,0,0,0,1,198,182,198,182,6,0,0,0,1,198,182,198,182,6,0,0
41030,125,17,FALL,204,198,182,0,0,0,1,198,182,198,182,22,0,0,0,1,198,182,198,182,22,0,0,0,1,198,182,198,182,22,0,0,0,1,198,182,198,182,22,0,0
41030,125,18,RISE,204,198,182,0,0,0,1,198,182,198,182,6,0,0,0,1,198,182,198,182,6,0,0,0,1,198,182,198,182,6,0,0,0,1,198,182,198,182,6,0,0
41030,125,19,FALL,204,198,182,0,0,0,1,198,182,198,182,22,0,0,0,1,198,182,198,182,22,0,0,0,1,198,182,198,182,22,0,0,0,1,198,182,198,182,22,0,0
41030,125,20,RISE,204,198,182,0,0,0,1,198,182,198,182,6,0,0,0,1,198,182,198,182,6,0,0,0,1,198,182,198,182,6,0,0,0,1,198,182,198,182,6,0,0
41030,125,21,FALL,204,198,182,0,0,0,1,198,182,198,182,22,0,0,0,1,198,182,198,182,22,0,0,0,1,198,182,198,182,22,0,0,0,1,198,182,198,182,22,0,0
41030,125,22,RISE,204,198,182,0,0,0,1,198,182,198,182,6,0,0,0,1,198,182,198,182,6,0,0,0,1,198,182,198,182,6,0,0,0,1,198,182,198,182,6,0,0
41030,125,23,FALL,204,198,182,0,0,0,1,198,182,198,182,22,0,0,0,1,198,182,198,182,22,0,0,0,1,198,182,198,182,22,0,0,0,1,198,182,198,182,22,0,0
41027,85,0,RISE,159,153,135,0,0,0,0,153,135,153,135,6,0,0,0,0,153,135,153,135,6,0,0,0,0,153,135,153,135,6,0,0,0,0,153,135,153,135,6,0,0
41027,85,1,FALL,159,153,135,0,0,0,0,153,135,153,135,24,0,0,0,0,153,135,153,135,24,0,0,0,0,153,135,153,135,24,0,0,0,0,153,135,153,135,24,0,0
41027,85,2,RISE,159,153,135,0,0,0,0,153,135,153,135,6,0,0,0,0,153,135,153,135,6,0,0,0,0,153,135,153,135,6,0,0,0,0,153,135,153,135,6,0,0
41027,85,3,FALL,135,153,135,0,0,0,0,153,135,153,135,0,0,0,0,0,153,135,153,135,0,0,0,0,0,153,135,153,135,0,0,0,0,0,153,135,153,135,0,0,0
41027,85,4,RISE,159,153,135,0,0,0,0,153,135,153,135,6,0,0,0,0,153,135,153,135,6,0,0,0,0,153,135,153,135,6,0,0,0,0,153,135,153,135,6,0,0
41027,85,5,FALL,159,153,135,0,0,0,0,153,135,153,135,24,0,0,0,0,153,135,153,135,24,0,0,0,0,153,135,153,135,24,0,0,0,0,153,135,153,135,24,0,0
41027,85,6,RISE,159,153,135,0,0,0,0,153,135,153,135,6,0,0,0,0,153,135,153,135,6,0,0,0,0,153,135,153,135,6,0,0,0,0,153,135,153,135,6,0,0
41027,85,7,FALL,159,153,135,0,0,0,0,153,135,153,135,24,0,0,0,0,153,135,153,135,24,0,0,0,0,153,135,153,135,24,0,0,0,0,153,135,153,135,24,0,0
41027,85,8,RISE,159,153,135,0,0,0,0,153,135,153,135,6,0,0,0,0,153,135,153,135,6,0,0,0,0,153,135,153,135,6,0,0,0,0,153,135,153,135,6,0,0
41027,85,9,FALL,159,153,135,0,0,0,0,153,135,153,135,24,0,0,0,0,153,135,153,135,24,0,0,0,0,153,135,153,135,24,0,0,0,0,153,135,153,135,24,0,0
41027,85,10,RISE,159,153,135,0,0,0,0,153,135,153,135,6,0,0,0,0,153,135,153,135,6,0,0,0,0,153,135,153,135,6,0,0,0,0,153,135,153,135,6,0,0
41027,85,11,FALL,159,153,135,0,0,0,0,153,135,153,135,24,0,0,0,0,153,135,153,135,24,0,0,0,0,153,135,153,135,24,0,0,0,0,153,135,153,135,24,0,0
41027,85,12,RISE,159,153,135,0,0,0,0,153,135,153,135,6,0,0,0,0,153,135,153,135,6,0,0,0,0,153,135,153,135,6,0,0,0,0,153,135,153,135,6,0,0
41027,85,13,FALL,135,153,135,0,0,0,0,153,135,153,135,0,0,0,0,0,153,135,153,135,0,0,0,0,0,153,135,153,135,0,0,0,0,0,153,135,153,135,0,0,0
41027,85,14,RISE,159,153,135,0,0,0,0,153,135,153,135,6,0,0,0,0,153,135,153,135,6,0,0,0,0,153,135,153,135,6,0,0,0,0,153,135,153,135,6,0,0
41027,85,15,FALL,159,153,135,0,0,0,0,153,135,153,135,24,0,0,0,0,153,135,153,135,24,0,0,0,0,153,135,153,135,24,0,0,0,0,153,135,153,135,24,0,0
41027,85,16,RISE,159,153,135,0,0,0,0,153,135,153,135,6,0,0,0,0,153,135,153,135,6,0,0,0,0,153,135,153,135,6,0,0,0,0,153,135,153,135,6,0,0
41027,85,17,FALL,159,153,135,0,0,0,0,153,135,153,135,24,0,0,0,0,153,135,153,135,24,0,0,0,0,153,135,153,135,24,0,0,0,0,153,135,153,135,24,0,0
41027,85,18,RISE,159,153,135,0,0,0,0,153,135,153,135,6,0,0,0,0,153,135,153,135,6,0,0,0,0,153,135,153,135,6,0,0,0,0,153,135,153,135,6,0,0
41027,85,19,FALL,159,153,135,0,0,0,0,153,135,153,135,24,0,0,0,0,153,135,153,135,24,0,0,0,0,153,135,153,135,24,0,0,0,0,153,135,153,135,24,0,0
41027,85,20,RISE,159,153,135,0,0,0,0,153,135,153,135,6,0,0,0,0,153,135,153,135,6,0,0,0,0,153,135,153,135,6,0,0,0,0,153,135,153,135,6,0,0
41027,85,21,FALL,135,153,135,0,0,0,0,153,135,153,135,0,0,0,0,0,153,135,153,135,0,0,0,0,0,153,135,153,135,0,0,0,0,0,153,135,153,135,0,0,0
41027,85,22,RISE,159,153,135,0,0,0,0,153,135,153,135,6,0,0,0,0,153,135,153,135,6,0,0,0,0,153,135,153,135,6,0,0,0,0,153,135,153,135,6,0,0
41027,85,23,FALL,159,153,135,0,0,0,0,153,135,153,135,24,0,0,0,0,153,135,153,135,24,0,0,0,0,153,135,153,135,24,0,0,0,0,153,135,153,135,24,0,0
41019,85,0,RISE,204,187,159,0,0,0,0,187,159,187,159,17,0,0,0,0,187,159,187,159,17,0,0,0,0,187,159,187,159,17,0,0,0,0,187,159,187,159,17,0,0
41019,85,1,FALL,159,187,159,0,0,0,0,187,159,187,159,0,0,0,0,0,187,159,187,159,0,0,0,0,0,187,159,187,159,0,0,0,0,0,187,159,187,159,0,0,0
41019,85,2,RISE,204,187,159,0,0,0,0,187,159,187,159,17,0,0,0,0,187,159,187,159,17,0,0,0,0,187,159,187,159,17,0,0,0,0,187,159,187,159,17,0,0
41019,85,3,FALL,159,187,159,0,0,0,0,187,159,187,159,0,0,0,0,0,187,159,187,159,0,0,0,0,0,187,159,187,159,0,0,0,0,0,187,159,187,159,0,0,0
41019,85,4,RISE,204,187,159,0,0,0,0,187,159,187,159,17,0,0,0,0,187,159,187,159,17,0,0,0,0,187,159,187,159,17,0,0,0,0,187,159,187,159,17,0,0
41019,85,5,FALL,159,187,159,0,0,0,0,187,159,187,159,0,0,0,0,0,187,159,187,159,0,0,0,0,0,187,159,187,159,0,0,0,0,0,187,159,187,159,0,0,0
41019,85,6,RISE,204,187,159,0,0,0,0,187,159,187,159,17,0,0,0,0,187,159,187,159,17,0,0,0,0,187,159,187,159,17,0,0,0,0,187,159,187,159,17,0,0
41019,85,7,FALL,159,187,159,0,0,0,0,187,159,187,159,0,0,0,0,0,187,159,187,159,0,0,0,0,0,187,159,187,159,0,0,0,0,0,187,159,187,159,0,0,0
41019,85,8,RISE,204,187,159,0,0,0,0,187,159,187,159,17,0,0,0,0,187,159,187,159,17,0,0,0,0,187,159,187,159,17,0,0,0,0,187,159,187,159,17,0,0
41019,85,9,FALL,159,187,159,0,0,0,0,187,159,187,159,0,0,0,0,0,187,159,187,159,0,0,0,0,0,187,159,187,159,0,0,0,0,0,187,159,187,159,0,0,0
41019,85,10,RISE,204,187,159,0,0,0,0,187,159,187,159,17,0,0,0,0,187,159,187,159,17,0,0,0,0,187,159,187,159,17,0,0,0,0,187,159,187,159,17,0,0
41019,85,11,FALL,159,187,159,0,0,0,0,187,159,187,159,0,0,0,0,0,187,159,187,159,0,0,0,0,0,187,159,187,159,0,0,0,0,0,187,159,187,159,0,0,0
41019,85,12,RISE,204,187,159,0,0,0,0,187,159,187,159,17,0,0,0,0,187,159,187,159,17,0,0,0,0,187,159,187,159,17,0,0,0,0,187,159,187,159,17,0,0
41019,85,13,FALL,159,187,159,0,0,0,0,187,159,187,159,0,0,0,0,0,187,159,187,159,0,0,0,0,0,187,159,187,159,0,0,0,0,0,187,159,187,159,0,0,0
41019,85,14,RISE,204,187,159,0,0,0,0,187,159,187,159,17,0,0,0,0,187,159,187,159,17,0,0,0,0,187,159,187,159,17,0,0,0,0,187,159,187,159,17,0,0
41019,85,15,FALL,159,187,159,0,0,0,0,187,159,187,159,0,0,0,0,0,187,159,187,159,0,0,0,0,0,187,159,187,159,0,0,0,0,0,187,159,187,159,0,0,0
41019,85,16,RISE,204,187,159,0,0,0,0,187,159,187,159,17,0,0,0,0,187,159,187,159,17,0,0,0,0,187,159,187,159,17,0,0,0,0,187,159,187,159,17,0,0
41019,85,17,FALL,159,187,159,0,0,0,0,187,159,187,159,0,0,0,0,0,187,159,187,159,0,0,0,0,0,187,159,187,159,0,0,0,0,0,187,159,187,159,0,0,0
41019,85,18,RISE,204,187,159,0,0,0,0,187,159,187,159,17,0,0,0,0,187,159,187,159,17,0,0,0,0,187,159,187,159,17,0,0,0,0,187,159,187,159,17,0,0
41019,85,19,FALL,159,187,159,0,0,0,0,187,159,187,159,0,0,0,0,0,187,159,187,159,0,0,0,0,0,187,159,187,159,0,0,0,0,0,187,159,187,159,0,0,0
41019,85,20,RISE,204,187,159,0,0,0,0,187,159,187,159,17,0,0,0,0,187,159,187,159,17,0,0,0,0,187,159,187,159,17,0,0,0,0,187,159,187,159,17,0,0
41019,85,21,FALL,159,187,159,0,0,0,0,187,159,187,159,0,0,0,0,0,187,159,187,159,0,0,0,0,0,187,159,187,159,0,0,0,0,0,187,159,187,159,0,0,0
41019,85,22,RISE,204,187,159,0,0,0,0,187,159,187,159,17,0,0,0,0,187,159,187,159,17,0,0,0,0,187,159,187,159,17,0,0,0,0,187,159,187,159,17,0,0
41019,85,23,FALL,159,187,159,0,0,0,0,187,159,187,159,0,0,0,0,0,187,159,187,159,0,0,0,0,0,187,159,187,159,0,0,0,0,0,187,159,187,159,0,0,0
41013,85,0,RISE,245,235,204,0,0,0,0,235,204,235,204,10,0,0,0,0,235,204,235,204,10,0,0,0,0,235,204,235,204,10,0,0,0,0,235,204,235,204,10,0,0
41013,85,1,FALL,225,235,204,0,0,0,0,235,204,235,204,21,0,0,0,0,235,204,235,204,21,0,0,0,0,235,204,235,204,21,0,0,0,0,235,204,235,204,21,0,0
41013,85,2,RISE,245,235,204,0,0,0,0,235,204,235,204,10,0,0,0,0,235,204,235,204,10,0,0,0,0,235,204,235,204,10,0,0,0,0,235,204,235,204,10,0,0
41013,85,3,FALL,204,235,204,0,0,0,0,235,204,235,204,0,0,0,0,0,235,204,235,204,0,0,0,0,0,235,204,235,204,0,0,0,0,0,235,204,235,204,0,0,0
41013,85,4,RISE,245,235,204,0,0,0,0,235,204,235,204,10,0,0,0,0,235,204,235,204,10,0,0,0,0,235,204,235,204,10,0,0,0,0,235,204,235,204,10,0,0
41013,85,5,FALL,225,235,204,0,0,0,0,235,204,235,204,21,0,0,0,0,235,204,235,204,21,0,0,0,0,235,204,235,204,21,0,0,0,0,235,204,235,204,21,0,0
41013,85,6,RISE,245,235,204,0,0,0,0,235,204,235,204,10,0,0,0,0,235,204,235,204,10,0,0,0,0,235,204,235,204,10,0,0,0,0,235,204,235,204,10,0,0
41013,85,7,FALL,225,235,204,0,0,0,0,235,204,235,204,21,0,0,0,0,235,204,235,204,21,0,0,0,0,235,204,235,204,21,0,0,0,0,235,204,235,204,21,0,0
41013,85,8,RISE,245,235,204,0,0,0,0,235,204,235,204,10,0,0,0,0,235,204,235,204,10,0,0,0,0,235,204,235,204,10,0,0,0,0,235,204,235,204,10,0,0
41013,85,9,FALL,225,235,204,0,0,0,0,235,204,235,204,21,0,0,0,0,235,204,235,204,21,0,0,0,0,235,204,235,204,21,0,0,0,0,235,204,235,204,21,0,0
41013,85,10,RISE,245,235,204,0,0,0,0,235,204,235,204,10,0,0,0,0,235,204,235,204,10,0,0,0,0,235,204,235,204,10,0,0,0,0,235,204,235,204,10,0,0
41013,85,11,FALL,225,235,204,0,0,0,0,235,204,235,204,21,0,0,0,0,235,204,235,204,21,0,0,0,0,235,204,235,204,21,0,0,0,0,235,204,235,204,21,0,0
41013,85,12,RISE,245,235,204,0,0,0,0,235,204,235,204,10,0,0,0,0,235,204,235,204,10,0,0,0,0,235,204,235,204,10,0,0,0,0,235,204,235,204,10,0,0
41013,85,13,FALL,204,235,204,0,0,0,0,235,204,235,204,0,0,0,0,0,235,204,235,204,0,0,0,0,0,235,204,235,204,0,0,0,0,0,235,204,235,204,0,0,0
41013,85,14,RISE,245,235,204,0,0,0,0,235,204,235,204,10,0,0,0,0,235,204,235,204,10,0,0,0,0,235,204,235,204,10,0,0,0,0,235,204,235,204,10,0,0
41013,85,15,FALL,225,235,204,0,0,0,0,235,204,235,204,21,0,0,0,0,235,204,235,204,21,0,0,0,0,235,204,235,204,21,0,0,0,0,235,204,235,204,21,0,0
41013,85,16,RISE,245,235,204,0,0,0,0,235,204,235,204,10,0,0,0,0,235,204,235,204,10,0,0,0,0,235,204,235,204,10,0,0,0,0,235,204,235,204,10,0,0
41013,85,17,FALL,225,235,204,0,0,0,0,235,204,235,204,21,0,0,0,0,235,204,235,204,21,0,0,0,0,235,204,235,204,21,0,0,0,0,235,204,235,204,21,0,0
41013,85,18,RISE,245,235,204,0,0,0,0,235,204,235,204,10,0,0,0,0,235,204,235,204,10,0,0,0,0,235,204,235,204,10,0,0,0,0,235,204,235,204,10,0,0
41013,85,19,FALL,225,235,204,0,0,0,0,235,204,235,204,21,0,0,0,0,235,204,235,204,21,0,0,0,0,235,204,235,204,21,0,0,0,0,235,204,235,204,21,0,0
41013,85,20,RISE,245,235,204,0,0,0,0,235,204,235,204,10,0,0,0,0,235,204,235,204,10,0,0,0,0,235,204,235,204,10,0,0,0,0,235,204,235,204,10,0,0
41013,85,21,FALL,204,235,204,0,0,0,0,235,204,235,204,0,0,0,0,0,235,204,235,204,0,0,0,0,0,235,204,235,204,0,0,0,0,0,235,204,235,204,0,0,0
41013,85,22,RISE,245,235,204,0,0,0,0,235,204,235,204,10,0,0,0,0,235,204,235,204,10,0,0,0,0,235,204,235,204,10,0,0,0,0,235,204,235,204,10,0,0
41013,85,23,FALL,225,235,204,0,0,0,0,235,204,235,204,21,0,0,0,0,235,204,235,204,21,0,0,0,0,235,204,235,204,21,0,0,0,0,235,204,235,204,21,0,0
