dataset,seed,polarity,m_ff,m_ref,arch0_margin,signed_e,abs_e,expected_arch0_alarm,expected_sign0_t18_alarm,expected_sign0_t19_alarm,source_artifact,source_sha256
healthy_fpr,41001,RISE,182,198,22,-16,16,0,0,0,/home/zhupl25/chiplet_side_channel/chiplet_gds_data/power_macro/delay_chain/ftc/analysis/b_fe_frontend/bfe8_d02_arch0_pilot/BFE8_D02_HEALTHY_FPR.csv,4a50c05e752ff384a586bdb682af6b2e7c68dba69c92d9251bcfa3332321258a
healthy_fpr,41001,FALL,182,176,24,6,6,0,0,0,/home/zhupl25/chiplet_side_channel/chiplet_gds_data/power_macro/delay_chain/ftc/analysis/b_fe_frontend/bfe8_d02_arch0_pilot/BFE8_D02_HEALTHY_FPR.csv,4a50c05e752ff384a586bdb682af6b2e7c68dba69c92d9251bcfa3332321258a
healthy_fpr,41001,RISE,182,198,22,-16,16,0,0,0,/home/zhupl25/chiplet_side_channel/chiplet_gds_data/power_macro/delay_chain/ftc/analysis/b_fe_frontend/bfe8_d02_arch0_pilot/BFE8_D02_HEALTHY_FPR.csv,4a50c05e752ff384a586bdb682af6b2e7c68dba69c92d9251bcfa3332321258a
healthy_fpr,41001,FALL,159,176,24,-17,17,0,0,0,/home/zhupl25/chiplet_side_channel/chiplet_gds_data/power_macro/delay_chain/ftc/analysis/b_fe_frontend/bfe8_d02_arch0_pilot/BFE8_D02_HEALTHY_FPR.csv,4a50c05e752ff384a586bdb682af6b2e7c68dba69c92d9251bcfa3332321258a
healthy_fpr,41001,RISE,182,198,22,-16,16,0,0,0,/home/zhupl25/chiplet_side_channel/chiplet_gds_data/power_macro/delay_chain/ftc/analysis/b_fe_frontend/bfe8_d02_arch0_pilot/BFE8_D02_HEALTHY_FPR.csv,4a50c05e752ff384a586bdb682af6b2e7c68dba69c92d9251bcfa3332321258a
healthy_fpr,41001,FALL,159,176,24,-17,17,0,0,0,/home/zhupl25/chiplet_side_channel/chiplet_gds_data/power_macro/delay_chain/ftc/analysis/b_fe_frontend/bfe8_d02_arch0_pilot/BFE8_D02_HEALTHY_FPR.csv,4a50c05e752ff384a586bdb682af6b2e7c68dba69c92d9251bcfa3332321258a
healthy_fpr,41001,RISE,204,198,22,6,6,0,0,0,/home/zhupl25/chiplet_side_channel/chiplet_gds_data/power_macro/delay_chain/ftc/analysis/b_fe_frontend/bfe8_d02_arch0_pilot/BFE8_D02_HEALTHY_FPR.csv,4a50c05e752ff384a586bdb682af6b2e7c68dba69c92d9251bcfa3332321258a
healthy_fpr,41001,FALL,182,176,24,6,6,0,0,0,/home/zhupl25/chiplet_side_channel/chiplet_gds_data/power_macro/delay_chain/ftc/analysis/b_fe_frontend/bfe8_d02_arch0_pilot/BFE8_D02_HEALTHY_FPR.csv,4a50c05e752ff384a586bdb682af6b2e7c68dba69c92d9251bcfa3332321258a
healthy_fpr,41002,RISE,182,198,22,-16,16,0,0,0,/home/zhupl25/chiplet_side_channel/chiplet_gds_data/power_macro/delay_chain/ftc/analysis/b_fe_frontend/bfe8_d02_arch0_pilot/BFE8_D02_HEALTHY_FPR.csv,4a50c05e752ff384a586bdb682af6b2e7c68dba69c92d9251bcfa3332321258a
healthy_fpr,41002,FALL,182,182,24,0,0,0,0,0,/home/zhupl25/chiplet_side_channel/chiplet_gds_data/power_macro/delay_chain/ftc/analysis/b_fe_frontend/bfe8_d02_arch0_pilot/BFE8_D02_HEALTHY_FPR.csv,4a50c05e752ff384a586bdb682af6b2e7c68dba69c92d9251bcfa3332321258a
healthy_fpr,41002,RISE,182,198,22,-16,16,0,0,0,/home/zhupl25/chiplet_side_channel/chiplet_gds_data/power_macro/delay_chain/ftc/analysis/b_fe_frontend/bfe8_d02_arch0_pilot/BFE8_D02_HEALTHY_FPR.csv,4a50c05e752ff384a586bdb682af6b2e7c68dba69c92d9251bcfa3332321258a
healthy_fpr,41002,FALL,182,182,24,0,0,0,0,0,/home/zhupl25/chiplet_side_channel/chiplet_gds_data/power_macro/delay_chain/ftc/analysis/b_fe_frontend/bfe8_d02_arch0_pilot/BFE8_D02_HEALTHY_FPR.csv,4a50c05e752ff384a586bdb682af6b2e7c68dba69c92d9251bcfa3332321258a
healthy_fpr,41002,RISE,182,198,22,-16,16,0,0,0,/home/zhupl25/chiplet_side_channel/chiplet_gds_data/power_macro/delay_chain/ftc/analysis/b_fe_frontend/bfe8_d02_arch0_pilot/BFE8_D02_HEALTHY_FPR.csv,4a50c05e752ff384a586bdb682af6b2e7c68dba69c92d9251bcfa3332321258a
healthy_fpr,41002,FALL,182,182,24,0,0,0,0,0,/home/zhupl25/chiplet_side_channel/chiplet_gds_data/power_macro/delay_chain/ftc/analysis/b_fe_frontend/bfe8_d02_arch0_pilot/BFE8_D02_HEALTHY_FPR.csv,4a50c05e752ff384a586bdb682af6b2e7c68dba69c92d9251bcfa3332321258a
healthy_fpr,41002,RISE,204,198,22,6,6,0,0,0,/home/zhupl25/chiplet_side_channel/chiplet_gds_data/power_macro/delay_chain/ftc/analysis/b_fe_frontend/bfe8_d02_arch0_pilot/BFE8_D02_HEALTHY_FPR.csv,4a50c05e752ff384a586bdb682af6b2e7c68dba69c92d9251bcfa3332321258a
healthy_fpr,41002,FALL,182,182,24,0,0,0,0,0,/home/zhupl25/chiplet_side_channel/chiplet_gds_data/power_macro/delay_chain/ftc/analysis/b_fe_frontend/bfe8_d02_arch0_pilot/BFE8_D02_HEALTHY_FPR.csv,4a50c05e752ff384a586bdb682af6b2e7c68dba69c92d9251bcfa3332321258a
healthy_fpr,41003,RISE,159,159,22,0,0,0,0,0,/home/zhupl25/chiplet_side_channel/chiplet_gds_data/power_macro/delay_chain/ftc/analysis/b_fe_frontend/bfe8_d02_arch0_pilot/BFE8_D02_HEALTHY_FPR.csv,4a50c05e752ff384a586bdb682af6b2e7c68dba69c92d9251bcfa3332321258a
healthy_fpr,41003,FALL,135,128,24,7,7,0,0,0,/home/zhupl25/chiplet_side_channel/chiplet_gds_data/power_macro/delay_chain/ftc/analysis/b_fe_frontend/bfe8_d02_arch0_pilot/BFE8_D02_HEALTHY_FPR.csv,4a50c05e752ff384a586bdb682af6b2e7c68dba69c92d9251bcfa3332321258a
healthy_fpr,41003,RISE,159,159,22,0,0,0,0,0,/home/zhupl25/chiplet_side_channel/chiplet_gds_data/power_macro/delay_chain/ftc/analysis/b_fe_frontend/bfe8_d02_arch0_pilot/BFE8_D02_HEALTHY_FPR.csv,4a50c05e752ff384a586bdb682af6b2e7c68dba69c92d9251bcfa3332321258a
healthy_fpr,41003,FALL,110,128,24,-18,18,0,0,0,/home/zhupl25/chiplet_side_channel/chiplet_gds_data/power_macro/delay_chain/ftc/analysis/b_fe_frontend/bfe8_d02_arch0_pilot/BFE8_D02_HEALTHY_FPR.csv,4a50c05e752ff384a586bdb682af6b2e7c68dba69c92d9251bcfa3332321258a
healthy_fpr,41003,RISE,159,159,22,0,0,0,0,0,/home/zhupl25/chiplet_side_channel/chiplet_gds_data/power_macro/delay_chain/ftc/analysis/b_fe_frontend/bfe8_d02_arch0_pilot/BFE8_D02_HEALTHY_FPR.csv,4a50c05e752ff384a586bdb682af6b2e7c68dba69c92d9251bcfa3332321258a
healthy_fpr,41003,FALL,110,128,24,-18,18,0,0,0,/home/zhupl25/chiplet_side_channel/chiplet_gds_data/power_macro/delay_chain/ftc/analysis/b_fe_frontend/bfe8_d02_arch0_pilot/BFE8_D02_HEALTHY_FPR.csv,4a50c05e752ff384a586bdb682af6b2e7c68dba69c92d9251bcfa3332321258a
healthy_fpr,41003,RISE,159,159,22,0,0,0,0,0,/home/zhupl25/chiplet_side_channel/chiplet_gds_data/power_macro/delay_chain/ftc/analysis/b_fe_frontend/bfe8_d02_arch0_pilot/BFE8_D02_HEALTHY_FPR.csv,4a50c05e752ff384a586bdb682af6b2e7c68dba69c92d9251bcfa3332321258a
healthy_fpr,41003,FALL,135,128,24,7,7,0,0,0,/home/zhupl25/chiplet_side_channel/chiplet_gds_data/power_macro/delay_chain/ftc/analysis/b_fe_frontend/bfe8_d02_arch0_pilot/BFE8_D02_HEALTHY_FPR.csv,4a50c05e752ff384a586bdb682af6b2e7c68dba69c92d9251bcfa3332321258a
healthy_fpr,41004,RISE,182,187,22,-5,5,0,0,0,/home/zhupl25/chiplet_side_channel/chiplet_gds_data/power_macro/delay_chain/ftc/analysis/b_fe_frontend/bfe8_d02_arch0_pilot/BFE8_D02_HEALTHY_FPR.csv,4a50c05e752ff384a586bdb682af6b2e7c68dba69c92d9251bcfa3332321258a
healthy_fpr,41004,FALL,159,159,24,0,0,0,0,0,/home/zhupl25/chiplet_side_channel/chiplet_gds_data/power_macro/delay_chain/ftc/analysis/b_fe_frontend/bfe8_d02_arch0_pilot/BFE8_D02_HEALTHY_FPR.csv,4a50c05e752ff384a586bdb682af6b2e7c68dba69c92d9251bcfa3332321258a
healthy_fpr,41004,RISE,182,187,22,-5,5,0,0,0,/home/zhupl25/chiplet_side_channel/chiplet_gds_data/power_macro/delay_chain/ftc/analysis/b_fe_frontend/bfe8_d02_arch0_pilot/BFE8_D02_HEALTHY_FPR.csv,4a50c05e752ff384a586bdb682af6b2e7c68dba69c92d9251bcfa3332321258a
healthy_fpr,41004,FALL,159,159,24,0,0,0,0,0,/home/zhupl25/chiplet_side_channel/chiplet_gds_data/power_macro/delay_chain/ftc/analysis/b_fe_frontend/bfe8_d02_arch0_pilot/BFE8_D02_HEALTHY_FPR.csv,4a50c05e752ff384a586bdb682af6b2e7c68dba69c92d9251bcfa3332321258a
healthy_fpr,41004,RISE,182,187,22,-5,5,0,0,0,/home/zhupl25/chiplet_side_channel/chiplet_gds_data/power_macro/delay_chain/ftc/analysis/b_fe_frontend/bfe8_d02_arch0_pilot/BFE8_D02_HEALTHY_FPR.csv,4a50c05e752ff384a586bdb682af6b2e7c68dba69c92d9251bcfa3332321258a
healthy_fpr,41004,FALL,135,159,24,-24,24,0,0,0,/home/zhupl25/chiplet_side_channel/chiplet_gds_data/power_macro/delay_chain/ftc/analysis/b_fe_frontend/bfe8_d02_arch0_pilot/BFE8_D02_HEALTHY_FPR.csv,4a50c05e752ff384a586bdb682af6b2e7c68dba69c92d9251bcfa3332321258a
healthy_fpr,41004,RISE,182,187,22,-5,5,0,0,0,/home/zhupl25/chiplet_side_channel/chiplet_gds_data/power_macro/delay_chain/ftc/analysis/b_fe_frontend/bfe8_d02_arch0_pilot/BFE8_D02_HEALTHY_FPR.csv,4a50c05e752ff384a586bdb682af6b2e7c68dba69c92d9251bcfa3332321258a
healthy_fpr,41004,FALL,159,159,24,0,0,0,0,0,/home/zhupl25/chiplet_side_channel/chiplet_gds_data/power_macro/delay_chain/ftc/analysis/b_fe_frontend/bfe8_d02_arch0_pilot/BFE8_D02_HEALTHY_FPR.csv,4a50c05e752ff384a586bdb682af6b2e7c68dba69c92d9251bcfa3332321258a
healthy_fpr,41005,RISE,204,204,22,0,0,0,0,0,/home/zhupl25/chiplet_side_channel/chiplet_gds_data/power_macro/delay_chain/ftc/analysis/b_fe_frontend/bfe8_d02_arch0_pilot/BFE8_D02_HEALTHY_FPR.csv,4a50c05e752ff384a586bdb682af6b2e7c68dba69c92d9251bcfa3332321258a
healthy_fpr,41005,FALL,182,176,24,6,6,0,0,0,/home/zhupl25/chiplet_side_channel/chiplet_gds_data/power_macro/delay_chain/ftc/analysis/b_fe_frontend/bfe8_d02_arch0_pilot/BFE8_D02_HEALTHY_FPR.csv,4a50c05e752ff384a586bdb682af6b2e7c68dba69c92d9251bcfa3332321258a
healthy_fpr,41005,RISE,204,204,22,0,0,0,0,0,/home/zhupl25/chiplet_side_channel/chiplet_gds_data/power_macro/delay_chain/ftc/analysis/b_fe_frontend/bfe8_d02_arch0_pilot/BFE8_D02_HEALTHY_FPR.csv,4a50c05e752ff384a586bdb682af6b2e7c68dba69c92d9251bcfa3332321258a
healthy_fpr,41005,FALL,159,176,24,-17,17,0,0,0,/home/zhupl25/chiplet_side_channel/chiplet_gds_data/power_macro/delay_chain/ftc/analysis/b_fe_frontend/bfe8_d02_arch0_pilot/BFE8_D02_HEALTHY_FPR.csv,4a50c05e752ff384a586bdb682af6b2e7c68dba69c92d9251bcfa3332321258a
healthy_fpr,41005,RISE,204,204,22,0,0,0,0,0,/home/zhupl25/chiplet_side_channel/chiplet_gds_data/power_macro/delay_chain/ftc/analysis/b_fe_frontend/bfe8_d02_arch0_pilot/BFE8_D02_HEALTHY_FPR.csv,4a50c05e752ff384a586bdb682af6b2e7c68dba69c92d9251bcfa3332321258a
healthy_fpr,41005,FALL,159,176,24,-17,17,0,0,0,/home/zhupl25/chiplet_side_channel/chiplet_gds_data/power_macro/delay_chain/ftc/analysis/b_fe_frontend/bfe8_d02_arch0_pilot/BFE8_D02_HEALTHY_FPR.csv,4a50c05e752ff384a586bdb682af6b2e7c68dba69c92d9251bcfa3332321258a
healthy_fpr,41005,RISE,204,204,22,0,0,0,0,0,/home/zhupl25/chiplet_side_channel/chiplet_gds_data/power_macro/delay_chain/ftc/analysis/b_fe_frontend/bfe8_d02_arch0_pilot/BFE8_D02_HEALTHY_FPR.csv,4a50c05e752ff384a586bdb682af6b2e7c68dba69c92d9251bcfa3332321258a
healthy_fpr,41005,FALL,182,176,24,6,6,0,0,0,/home/zhupl25/chiplet_side_channel/chiplet_gds_data/power_macro/delay_chain/ftc/analysis/b_fe_frontend/bfe8_d02_arch0_pilot/BFE8_D02_HEALTHY_FPR.csv,4a50c05e752ff384a586bdb682af6b2e7c68dba69c92d9251bcfa3332321258a
healthy_fpr,41006,RISE,182,182,22,0,0,0,0,0,/home/zhupl25/chiplet_side_channel/chiplet_gds_data/power_macro/delay_chain/ftc/analysis/b_fe_frontend/bfe8_d02_arch0_pilot/BFE8_D02_HEALTHY_FPR.csv,4a50c05e752ff384a586bdb682af6b2e7c68dba69c92d9251bcfa3332321258a
healthy_fpr,41006,FALL,182,182,24,0,0,0,0,0,/home/zhupl25/chiplet_side_channel/chiplet_gds_data/power_macro/delay_chain/ftc/analysis/b_fe_frontend/bfe8_d02_arch0_pilot/BFE8_D02_HEALTHY_FPR.csv,4a50c05e752ff384a586bdb682af6b2e7c68dba69c92d9251bcfa3332321258a
healthy_fpr,41006,RISE,182,182,22,0,0,0,0,0,/home/zhupl25/chiplet_side_channel/chiplet_gds_data/power_macro/delay_chain/ftc/analysis/b_fe_frontend/bfe8_d02_arch0_pilot/BFE8_D02_HEALTHY_FPR.csv,4a50c05e752ff384a586bdb682af6b2e7c68dba69c92d9251bcfa3332321258a
healthy_fpr,41006,FALL,182,182,24,0,0,0,0,0,/home/zhupl25/chiplet_side_channel/chiplet_gds_data/power_macro/delay_chain/ftc/analysis/b_fe_frontend/bfe8_d02_arch0_pilot/BFE8_D02_HEALTHY_FPR.csv,4a50c05e752ff384a586bdb682af6b2e7c68dba69c92d9251bcfa3332321258a
healthy_fpr,41006,RISE,182,182,22,0,0,0,0,0,/home/zhupl25/chiplet_side_channel/chiplet_gds_data/power_macro/delay_chain/ftc/analysis/b_fe_frontend/bfe8_d02_arch0_pilot/BFE8_D02_HEALTHY_FPR.csv,4a50c05e752ff384a586bdb682af6b2e7c68dba69c92d9251bcfa3332321258a
healthy_fpr,41006,FALL,159,182,24,-23,23,0,0,0,/home/zhupl25/chiplet_side_channel/chiplet_gds_data/power_macro/delay_chain/ftc/analysis/b_fe_frontend/bfe8_d02_arch0_pilot/BFE8_D02_HEALTHY_FPR.csv,4a50c05e752ff384a586bdb682af6b2e7c68dba69c92d9251bcfa3332321258a
healthy_fpr,41006,RISE,182,182,22,0,0,0,0,0,/home/zhupl25/chiplet_side_channel/chiplet_gds_data/power_macro/delay_chain/ftc/analysis/b_fe_frontend/bfe8_d02_arch0_pilot/BFE8_D02_HEALTHY_FPR.csv,4a50c05e752ff384a586bdb682af6b2e7c68dba69c92d9251bcfa3332321258a
healthy_fpr,41006,FALL,182,182,24,0,0,0,0,0,/home/zhupl25/chiplet_side_channel/chiplet_gds_data/power_macro/delay_chain/ftc/analysis/b_fe_frontend/bfe8_d02_arch0_pilot/BFE8_D02_HEALTHY_FPR.csv,4a50c05e752ff384a586bdb682af6b2e7c68dba69c92d9251bcfa3332321258a
healthy_fpr,41007,RISE,204,204,22,0,0,0,0,0,/home/zhupl25/chiplet_side_channel/chiplet_gds_data/power_macro/delay_chain/ftc/analysis/b_fe_frontend/bfe8_d02_arch0_pilot/BFE8_D02_HEALTHY_FPR.csv,4a50c05e752ff384a586bdb682af6b2e7c68dba69c92d9251bcfa3332321258a
healthy_fpr,41007,FALL,182,182,24,0,0,0,0,0,/home/zhupl25/chiplet_side_channel/chiplet_gds_data/power_macro/delay_chain/ftc/analysis/b_fe_frontend/bfe8_d02_arch0_pilot/BFE8_D02_HEALTHY_FPR.csv,4a50c05e752ff384a586bdb682af6b2e7c68dba69c92d9251bcfa3332321258a
healthy_fpr,41007,RISE,204,204,22,0,0,0,0,0,/home/zhupl25/chiplet_side_channel/chiplet_gds_data/power_macro/delay_chain/ftc/analysis/b_fe_frontend/bfe8_d02_arch0_pilot/BFE8_D02_HEALTHY_FPR.csv,4a50c05e752ff384a586bdb682af6b2e7c68dba69c92d9251bcfa3332321258a
healthy_fpr,41007,FALL,182,182,24,0,0,0,0,0,/home/zhupl25/chiplet_side_channel/chiplet_gds_data/power_macro/delay_chain/ftc/analysis/b_fe_frontend/bfe8_d02_arch0_pilot/BFE8_D02_HEALTHY_FPR.csv,4a50c05e752ff384a586bdb682af6b2e7c68dba69c92d9251bcfa3332321258a
healthy_fpr,41007,RISE,182,204,22,-22,22,0,0,0,/home/zhupl25/chiplet_side_channel/chiplet_gds_data/power_macro/delay_chain/ftc/analysis/b_fe_frontend/bfe8_d02_arch0_pilot/BFE8_D02_HEALTHY_FPR.csv,4a50c05e752ff384a586bdb682af6b2e7c68dba69c92d9251bcfa3332321258a
healthy_fpr,41007,FALL,159,182,24,-23,23,0,0,0,/home/zhupl25/chiplet_side_channel/chiplet_gds_data/power_macro/delay_chain/ftc/analysis/b_fe_frontend/bfe8_d02_arch0_pilot/BFE8_D02_HEALTHY_FPR.csv,4a50c05e752ff384a586bdb682af6b2e7c68dba69c92d9251bcfa3332321258a
healthy_fpr,41007,RISE,204,204,22,0,0,0,0,0,/home/zhupl25/chiplet_side_channel/chiplet_gds_data/power_macro/delay_chain/ftc/analysis/b_fe_frontend/bfe8_d02_arch0_pilot/BFE8_D02_HEALTHY_FPR.csv,4a50c05e752ff384a586bdb682af6b2e7c68dba69c92d9251bcfa3332321258a
healthy_fpr,41007,FALL,182,182,24,0,0,0,0,0,/home/zhupl25/chiplet_side_channel/chiplet_gds_data/power_macro/delay_chain/ftc/analysis/b_fe_frontend/bfe8_d02_arch0_pilot/BFE8_D02_HEALTHY_FPR.csv,4a50c05e752ff384a586bdb682af6b2e7c68dba69c92d9251bcfa3332321258a
healthy_fpr,41008,RISE,182,182,22,0,0,0,0,0,/home/zhupl25/chiplet_side_channel/chiplet_gds_data/power_macro/delay_chain/ftc/analysis/b_fe_frontend/bfe8_d02_arch0_pilot/BFE8_D02_HEALTHY_FPR.csv,4a50c05e752ff384a586bdb682af6b2e7c68dba69c92d9251bcfa3332321258a
healthy_fpr,41008,FALL,159,159,24,0,0,0,0,0,/home/zhupl25/chiplet_side_channel/chiplet_gds_data/power_macro/delay_chain/ftc/analysis/b_fe_frontend/bfe8_d02_arch0_pilot/BFE8_D02_HEALTHY_FPR.csv,4a50c05e752ff384a586bdb682af6b2e7c68dba69c92d9251bcfa3332321258a
healthy_fpr,41008,RISE,182,182,22,0,0,0,0,0,/home/zhupl25/chiplet_side_channel/chiplet_gds_data/power_macro/delay_chain/ftc/analysis/b_fe_frontend/bfe8_d02_arch0_pilot/BFE8_D02_HEALTHY_FPR.csv,4a50c05e752ff384a586bdb682af6b2e7c68dba69c92d9251bcfa3332321258a
healthy_fpr,41008,FALL,159,159,24,0,0,0,0,0,/home/zhupl25/chiplet_side_channel/chiplet_gds_data/power_macro/delay_chain/ftc/analysis/b_fe_frontend/bfe8_d02_arch0_pilot/BFE8_D02_HEALTHY_FPR.csv,4a50c05e752ff384a586bdb682af6b2e7c68dba69c92d9251bcfa3332321258a
healthy_fpr,41008,RISE,182,182,22,0,0,0,0,0,/home/zhupl25/chiplet_side_channel/chiplet_gds_data/power_macro/delay_chain/ftc/analysis/b_fe_frontend/bfe8_d02_arch0_pilot/BFE8_D02_HEALTHY_FPR.csv,4a50c05e752ff384a586bdb682af6b2e7c68dba69c92d9251bcfa3332321258a
healthy_fpr,41008,FALL,159,159,24,0,0,0,0,0,/home/zhupl25/chiplet_side_channel/chiplet_gds_data/power_macro/delay_chain/ftc/analysis/b_fe_frontend/bfe8_d02_arch0_pilot/BFE8_D02_HEALTHY_FPR.csv,4a50c05e752ff384a586bdb682af6b2e7c68dba69c92d9251bcfa3332321258a
healthy_fpr,41008,RISE,182,182,22,0,0,0,0,0,/home/zhupl25/chiplet_side_channel/chiplet_gds_data/power_macro/delay_chain/ftc/analysis/b_fe_frontend/bfe8_d02_arch0_pilot/BFE8_D02_HEALTHY_FPR.csv,4a50c05e752ff384a586bdb682af6b2e7c68dba69c92d9251bcfa3332321258a
healthy_fpr,41008,FALL,159,159,24,0,0,0,0,0,/home/zhupl25/chiplet_side_channel/chiplet_gds_data/power_macro/delay_chain/ftc/analysis/b_fe_frontend/bfe8_d02_arch0_pilot/BFE8_D02_HEALTHY_FPR.csv,4a50c05e752ff384a586bdb682af6b2e7c68dba69c92d9251bcfa3332321258a
healthy_fpr,41009,RISE,182,187,22,-5,5,0,0,0,/home/zhupl25/chiplet_side_channel/chiplet_gds_data/power_macro/delay_chain/ftc/analysis/b_fe_frontend/bfe8_d02_arch0_pilot/BFE8_D02_HEALTHY_FPR.csv,4a50c05e752ff384a586bdb682af6b2e7c68dba69c92d9251bcfa3332321258a
healthy_fpr,41009,FALL,159,159,24,0,0,0,0,0,/home/zhupl25/chiplet_side_channel/chiplet_gds_data/power_macro/delay_chain/ftc/analysis/b_fe_frontend/bfe8_d02_arch0_pilot/BFE8_D02_HEALTHY_FPR.csv,4a50c05e752ff384a586bdb682af6b2e7c68dba69c92d9251bcfa3332321258a
healthy_fpr,41009,RISE,182,187,22,-5,5,0,0,0,/home/zhupl25/chiplet_side_channel/chiplet_gds_data/power_macro/delay_chain/ftc/analysis/b_fe_frontend/bfe8_d02_arch0_pilot/BFE8_D02_HEALTHY_FPR.csv,4a50c05e752ff384a586bdb682af6b2e7c68dba69c92d9251bcfa3332321258a
healthy_fpr,41009,FALL,159,159,24,0,0,0,0,0,/home/zhupl25/chiplet_side_channel/chiplet_gds_data/power_macro/delay_chain/ftc/analysis/b_fe_frontend/bfe8_d02_arch0_pilot/BFE8_D02_HEALTHY_FPR.csv,4a50c05e752ff384a586bdb682af6b2e7c68dba69c92d9251bcfa3332321258a
healthy_fpr,41009,RISE,182,187,22,-5,5,0,0,0,/home/zhupl25/chiplet_side_channel/chiplet_gds_data/power_macro/delay_chain/ftc/analysis/b_fe_frontend/bfe8_d02_arch0_pilot/BFE8_D02_HEALTHY_FPR.csv,4a50c05e752ff384a586bdb682af6b2e7c68dba69c92d9251bcfa3332321258a
healthy_fpr,41009,FALL,159,159,24,0,0,0,0,0,/home/zhupl25/chiplet_side_channel/chiplet_gds_data/power_macro/delay_chain/ftc/analysis/b_fe_frontend/bfe8_d02_arch0_pilot/BFE8_D02_HEALTHY_FPR.csv,4a50c05e752ff384a586bdb682af6b2e7c68dba69c92d9251bcfa3332321258a
healthy_fpr,41009,RISE,182,187,22,-5,5,0,0,0,/home/zhupl25/chiplet_side_channel/chiplet_gds_data/power_macro/delay_chain/ftc/analysis/b_fe_frontend/bfe8_d02_arch0_pilot/BFE8_D02_HEALTHY_FPR.csv,4a50c05e752ff384a586bdb682af6b2e7c68dba69c92d9251bcfa3332321258a
healthy_fpr,41009,FALL,159,159,24,0,0,0,0,0,/home/zhupl25/chiplet_side_channel/chiplet_gds_data/power_macro/delay_chain/ftc/analysis/b_fe_frontend/bfe8_d02_arch0_pilot/BFE8_D02_HEALTHY_FPR.csv,4a50c05e752ff384a586bdb682af6b2e7c68dba69c92d9251bcfa3332321258a
healthy_fpr,41010,RISE,182,182,22,0,0,0,0,0,/home/zhupl25/chiplet_side_channel/chiplet_gds_data/power_macro/delay_chain/ftc/analysis/b_fe_frontend/bfe8_d02_arch0_pilot/BFE8_D02_HEALTHY_FPR.csv,4a50c05e752ff384a586bdb682af6b2e7c68dba69c92d9251bcfa3332321258a
healthy_fpr,41010,FALL,159,159,24,0,0,0,0,0,/home/zhupl25/chiplet_side_channel/chiplet_gds_data/power_macro/delay_chain/ftc/analysis/b_fe_frontend/bfe8_d02_arch0_pilot/BFE8_D02_HEALTHY_FPR.csv,4a50c05e752ff384a586bdb682af6b2e7c68dba69c92d9251bcfa3332321258a
healthy_fpr,41010,RISE,182,182,22,0,0,0,0,0,/home/zhupl25/chiplet_side_channel/chiplet_gds_data/power_macro/delay_chain/ftc/analysis/b_fe_frontend/bfe8_d02_arch0_pilot/BFE8_D02_HEALTHY_FPR.csv,4a50c05e752ff384a586bdb682af6b2e7c68dba69c92d9251bcfa3332321258a
healthy_fpr,41010,FALL,159,159,24,0,0,0,0,0,/home/zhupl25/chiplet_side_channel/chiplet_gds_data/power_macro/delay_chain/ftc/analysis/b_fe_frontend/bfe8_d02_arch0_pilot/BFE8_D02_HEALTHY_FPR.csv,4a50c05e752ff384a586bdb682af6b2e7c68dba69c92d9251bcfa3332321258a
healthy_fpr,41010,RISE,182,182,22,0,0,0,0,0,/home/zhupl25/chiplet_side_channel/chiplet_gds_data/power_macro/delay_chain/ftc/analysis/b_fe_frontend/bfe8_d02_arch0_pilot/BFE8_D02_HEALTHY_FPR.csv,4a50c05e752ff384a586bdb682af6b2e7c68dba69c92d9251bcfa3332321258a
healthy_fpr,41010,FALL,135,159,24,-24,24,0,0,0,/home/zhupl25/chiplet_side_channel/chiplet_gds_data/power_macro/delay_chain/ftc/analysis/b_fe_frontend/bfe8_d02_arch0_pilot/BFE8_D02_HEALTHY_FPR.csv,4a50c05e752ff384a586bdb682af6b2e7c68dba69c92d9251bcfa3332321258a
healthy_fpr,41010,RISE,182,182,22,0,0,0,0,0,/home/zhupl25/chiplet_side_channel/chiplet_gds_data/power_macro/delay_chain/ftc/analysis/b_fe_frontend/bfe8_d02_arch0_pilot/BFE8_D02_HEALTHY_FPR.csv,4a50c05e752ff384a586bdb682af6b2e7c68dba69c92d9251bcfa3332321258a
healthy_fpr,41010,FALL,159,159,24,0,0,0,0,0,/home/zhupl25/chiplet_side_channel/chiplet_gds_data/power_macro/delay_chain/ftc/analysis/b_fe_frontend/bfe8_d02_arch0_pilot/BFE8_D02_HEALTHY_FPR.csv,4a50c05e752ff384a586bdb682af6b2e7c68dba69c92d9251bcfa3332321258a
healthy_fpr,41011,RISE,159,176,22,-17,17,0,0,0,/home/zhupl25/chiplet_side_channel/chiplet_gds_data/power_macro/delay_chain/ftc/analysis/b_fe_frontend/bfe8_d02_arch0_pilot/BFE8_D02_HEALTHY_FPR.csv,4a50c05e752ff384a586bdb682af6b2e7c68dba69c92d9251bcfa3332321258a
healthy_fpr,41011,FALL,159,159,24,0,0,0,0,0,/home/zhupl25/chiplet_side_channel/chiplet_gds_data/power_macro/delay_chain/ftc/analysis/b_fe_frontend/bfe8_d02_arch0_pilot/BFE8_D02_HEALTHY_FPR.csv,4a50c05e752ff384a586bdb682af6b2e7c68dba69c92d9251bcfa3332321258a
healthy_fpr,41011,RISE,159,176,22,-17,17,0,0,0,/home/zhupl25/chiplet_side_channel/chiplet_gds_data/power_macro/delay_chain/ftc/analysis/b_fe_frontend/bfe8_d02_arch0_pilot/BFE8_D02_HEALTHY_FPR.csv,4a50c05e752ff384a586bdb682af6b2e7c68dba69c92d9251bcfa3332321258a
healthy_fpr,41011,FALL,159,159,24,0,0,0,0,0,/home/zhupl25/chiplet_side_channel/chiplet_gds_data/power_macro/delay_chain/ftc/analysis/b_fe_frontend/bfe8_d02_arch0_pilot/BFE8_D02_HEALTHY_FPR.csv,4a50c05e752ff384a586bdb682af6b2e7c68dba69c92d9251bcfa3332321258a
healthy_fpr,41011,RISE,159,176,22,-17,17,0,0,0,/home/zhupl25/chiplet_side_channel/chiplet_gds_data/power_macro/delay_chain/ftc/analysis/b_fe_frontend/bfe8_d02_arch0_pilot/BFE8_D02_HEALTHY_FPR.csv,4a50c05e752ff384a586bdb682af6b2e7c68dba69c92d9251bcfa3332321258a
healthy_fpr,41011,FALL,159,159,24,0,0,0,0,0,/home/zhupl25/chiplet_side_channel/chiplet_gds_data/power_macro/delay_chain/ftc/analysis/b_fe_frontend/bfe8_d02_arch0_pilot/BFE8_D02_HEALTHY_FPR.csv,4a50c05e752ff384a586bdb682af6b2e7c68dba69c92d9251bcfa3332321258a
healthy_fpr,41011,RISE,182,176,22,6,6,0,0,0,/home/zhupl25/chiplet_side_channel/chiplet_gds_data/power_macro/delay_chain/ftc/analysis/b_fe_frontend/bfe8_d02_arch0_pilot/BFE8_D02_HEALTHY_FPR.csv,4a50c05e752ff384a586bdb682af6b2e7c68dba69c92d9251bcfa3332321258a
healthy_fpr,41011,FALL,159,159,24,0,0,0,0,0,/home/zhupl25/chiplet_side_channel/chiplet_gds_data/power_macro/delay_chain/ftc/analysis/b_fe_frontend/bfe8_d02_arch0_pilot/BFE8_D02_HEALTHY_FPR.csv,4a50c05e752ff384a586bdb682af6b2e7c68dba69c92d9251bcfa3332321258a
healthy_fpr,41012,RISE,204,204,22,0,0,0,0,0,/home/zhupl25/chiplet_side_channel/chiplet_gds_data/power_macro/delay_chain/ftc/analysis/b_fe_frontend/bfe8_d02_arch0_pilot/BFE8_D02_HEALTHY_FPR.csv,4a50c05e752ff384a586bdb682af6b2e7c68dba69c92d9251bcfa3332321258a
healthy_fpr,41012,FALL,182,182,24,0,0,0,0,0,/home/zhupl25/chiplet_side_channel/chiplet_gds_data/power_macro/delay_chain/ftc/analysis/b_fe_frontend/bfe8_d02_arch0_pilot/BFE8_D02_HEALTHY_FPR.csv,4a50c05e752ff384a586bdb682af6b2e7c68dba69c92d9251bcfa3332321258a
healthy_fpr,41012,RISE,204,204,22,0,0,0,0,0,/home/zhupl25/chiplet_side_channel/chiplet_gds_data/power_macro/delay_chain/ftc/analysis/b_fe_frontend/bfe8_d02_arch0_pilot/BFE8_D02_HEALTHY_FPR.csv,4a50c05e752ff384a586bdb682af6b2e7c68dba69c92d9251bcfa3332321258a
healthy_fpr,41012,FALL,182,182,24,0,0,0,0,0,/home/zhupl25/chiplet_side_channel/chiplet_gds_data/power_macro/delay_chain/ftc/analysis/b_fe_frontend/bfe8_d02_arch0_pilot/BFE8_D02_HEALTHY_FPR.csv,4a50c05e752ff384a586bdb682af6b2e7c68dba69c92d9251bcfa3332321258a
healthy_fpr,41012,RISE,182,204,22,-22,22,0,0,0,/home/zhupl25/chiplet_side_channel/chiplet_gds_data/power_macro/delay_chain/ftc/analysis/b_fe_frontend/bfe8_d02_arch0_pilot/BFE8_D02_HEALTHY_FPR.csv,4a50c05e752ff384a586bdb682af6b2e7c68dba69c92d9251bcfa3332321258a
healthy_fpr,41012,FALL,159,182,24,-23,23,0,0,0,/home/zhupl25/chiplet_side_channel/chiplet_gds_data/power_macro/delay_chain/ftc/analysis/b_fe_frontend/bfe8_d02_arch0_pilot/BFE8_D02_HEALTHY_FPR.csv,4a50c05e752ff384a586bdb682af6b2e7c68dba69c92d9251bcfa3332321258a
healthy_fpr,41012,RISE,204,204,22,0,0,0,0,0,/home/zhupl25/chiplet_side_channel/chiplet_gds_data/power_macro/delay_chain/ftc/analysis/b_fe_frontend/bfe8_d02_arch0_pilot/BFE8_D02_HEALTHY_FPR.csv,4a50c05e752ff384a586bdb682af6b2e7c68dba69c92d9251bcfa3332321258a
healthy_fpr,41012,FALL,182,182,24,0,0,0,0,0,/home/zhupl25/chiplet_side_channel/chiplet_gds_data/power_macro/delay_chain/ftc/analysis/b_fe_frontend/bfe8_d02_arch0_pilot/BFE8_D02_HEALTHY_FPR.csv,4a50c05e752ff384a586bdb682af6b2e7c68dba69c92d9251bcfa3332321258a
healthy_fpr,41013,RISE,225,235,22,-10,10,0,0,0,/home/zhupl25/chiplet_side_channel/chiplet_gds_data/power_macro/delay_chain/ftc/analysis/b_fe_frontend/bfe8_d02_arch0_pilot/BFE8_D02_HEALTHY_FPR.csv,4a50c05e752ff384a586bdb682af6b2e7c68dba69c92d9251bcfa3332321258a
healthy_fpr,41013,FALL,204,204,24,0,0,0,0,0,/home/zhupl25/chiplet_side_channel/chiplet_gds_data/power_macro/delay_chain/ftc/analysis/b_fe_frontend/bfe8_d02_arch0_pilot/BFE8_D02_HEALTHY_FPR.csv,4a50c05e752ff384a586bdb682af6b2e7c68dba69c92d9251bcfa3332321258a
healthy_fpr,41013,RISE,225,235,22,-10,10,0,0,0,/home/zhupl25/chiplet_side_channel/chiplet_gds_data/power_macro/delay_chain/ftc/analysis/b_fe_frontend/bfe8_d02_arch0_pilot/BFE8_D02_HEALTHY_FPR.csv,4a50c05e752ff384a586bdb682af6b2e7c68dba69c92d9251bcfa3332321258a
healthy_fpr,41013,FALL,204,204,24,0,0,0,0,0,/home/zhupl25/chiplet_side_channel/chiplet_gds_data/power_macro/delay_chain/ftc/analysis/b_fe_frontend/bfe8_d02_arch0_pilot/BFE8_D02_HEALTHY_FPR.csv,4a50c05e752ff384a586bdb682af6b2e7c68dba69c92d9251bcfa3332321258a
healthy_fpr,41013,RISE,225,235,22,-10,10,0,0,0,/home/zhupl25/chiplet_side_channel/chiplet_gds_data/power_macro/delay_chain/ftc/analysis/b_fe_frontend/bfe8_d02_arch0_pilot/BFE8_D02_HEALTHY_FPR.csv,4a50c05e752ff384a586bdb682af6b2e7c68dba69c92d9251bcfa3332321258a
healthy_fpr,41013,FALL,204,204,24,0,0,0,0,0,/home/zhupl25/chiplet_side_channel/chiplet_gds_data/power_macro/delay_chain/ftc/analysis/b_fe_frontend/bfe8_d02_arch0_pilot/BFE8_D02_HEALTHY_FPR.csv,4a50c05e752ff384a586bdb682af6b2e7c68dba69c92d9251bcfa3332321258a
healthy_fpr,41013,RISE,245,235,22,10,10,0,0,0,/home/zhupl25/chiplet_side_channel/chiplet_gds_data/power_macro/delay_chain/ftc/analysis/b_fe_frontend/bfe8_d02_arch0_pilot/BFE8_D02_HEALTHY_FPR.csv,4a50c05e752ff384a586bdb682af6b2e7c68dba69c92d9251bcfa3332321258a
healthy_fpr,41013,FALL,204,204,24,0,0,0,0,0,/home/zhupl25/chiplet_side_channel/chiplet_gds_data/power_macro/delay_chain/ftc/analysis/b_fe_frontend/bfe8_d02_arch0_pilot/BFE8_D02_HEALTHY_FPR.csv,4a50c05e752ff384a586bdb682af6b2e7c68dba69c92d9251bcfa3332321258a
healthy_fpr,41014,RISE,182,182,22,0,0,0,0,0,/home/zhupl25/chiplet_side_channel/chiplet_gds_data/power_macro/delay_chain/ftc/analysis/b_fe_frontend/bfe8_d02_arch0_pilot/BFE8_D02_HEALTHY_FPR.csv,4a50c05e752ff384a586bdb682af6b2e7c68dba69c92d9251bcfa3332321258a
healthy_fpr,41014,FALL,159,159,24,0,0,0,0,0,/home/zhupl25/chiplet_side_channel/chiplet_gds_data/power_macro/delay_chain/ftc/analysis/b_fe_frontend/bfe8_d02_arch0_pilot/BFE8_D02_HEALTHY_FPR.csv,4a50c05e752ff384a586bdb682af6b2e7c68dba69c92d9251bcfa3332321258a
healthy_fpr,41014,RISE,182,182,22,0,0,0,0,0,/home/zhupl25/chiplet_side_channel/chiplet_gds_data/power_macro/delay_chain/ftc/analysis/b_fe_frontend/bfe8_d02_arch0_pilot/BFE8_D02_HEALTHY_FPR.csv,4a50c05e752ff384a586bdb682af6b2e7c68dba69c92d9251bcfa3332321258a
healthy_fpr,41014,FALL,159,159,24,0,0,0,0,0,/home/zhupl25/chiplet_side_channel/chiplet_gds_data/power_macro/delay_chain/ftc/analysis/b_fe_frontend/bfe8_d02_arch0_pilot/BFE8_D02_HEALTHY_FPR.csv,4a50c05e752ff384a586bdb682af6b2e7c68dba69c92d9251bcfa3332321258a
healthy_fpr,41014,RISE,182,182,22,0,0,0,0,0,/home/zhupl25/chiplet_side_channel/chiplet_gds_data/power_macro/delay_chain/ftc/analysis/b_fe_frontend/bfe8_d02_arch0_pilot/BFE8_D02_HEALTHY_FPR.csv,4a50c05e752ff384a586bdb682af6b2e7c68dba69c92d9251bcfa3332321258a
healthy_fpr,41014,FALL,159,159,24,0,0,0,0,0,/home/zhupl25/chiplet_side_channel/chiplet_gds_data/power_macro/delay_chain/ftc/analysis/b_fe_frontend/bfe8_d02_arch0_pilot/BFE8_D02_HEALTHY_FPR.csv,4a50c05e752ff384a586bdb682af6b2e7c68dba69c92d9251bcfa3332321258a
healthy_fpr,41014,RISE,182,182,22,0,0,0,0,0,/home/zhupl25/chiplet_side_channel/chiplet_gds_data/power_macro/delay_chain/ftc/analysis/b_fe_frontend/bfe8_d02_arch0_pilot/BFE8_D02_HEALTHY_FPR.csv,4a50c05e752ff384a586bdb682af6b2e7c68dba69c92d9251bcfa3332321258a
healthy_fpr,41014,FALL,159,159,24,0,0,0,0,0,/home/zhupl25/chiplet_side_channel/chiplet_gds_data/power_macro/delay_chain/ftc/analysis/b_fe_frontend/bfe8_d02_arch0_pilot/BFE8_D02_HEALTHY_FPR.csv,4a50c05e752ff384a586bdb682af6b2e7c68dba69c92d9251bcfa3332321258a
healthy_fpr,41015,RISE,204,204,22,0,0,0,0,0,/home/zhupl25/chiplet_side_channel/chiplet_gds_data/power_macro/delay_chain/ftc/analysis/b_fe_frontend/bfe8_d02_arch0_pilot/BFE8_D02_HEALTHY_FPR.csv,4a50c05e752ff384a586bdb682af6b2e7c68dba69c92d9251bcfa3332321258a
healthy_fpr,41015,FALL,159,159,24,0,0,0,0,0,/home/zhupl25/chiplet_side_channel/chiplet_gds_data/power_macro/delay_chain/ftc/analysis/b_fe_frontend/bfe8_d02_arch0_pilot/BFE8_D02_HEALTHY_FPR.csv,4a50c05e752ff384a586bdb682af6b2e7c68dba69c92d9251bcfa3332321258a
healthy_fpr,41015,RISE,204,204,22,0,0,0,0,0,/home/zhupl25/chiplet_side_channel/chiplet_gds_data/power_macro/delay_chain/ftc/analysis/b_fe_frontend/bfe8_d02_arch0_pilot/BFE8_D02_HEALTHY_FPR.csv,4a50c05e752ff384a586bdb682af6b2e7c68dba69c92d9251bcfa3332321258a
healthy_fpr,41015,FALL,159,159,24,0,0,0,0,0,/home/zhupl25/chiplet_side_channel/chiplet_gds_data/power_macro/delay_chain/ftc/analysis/b_fe_frontend/bfe8_d02_arch0_pilot/BFE8_D02_HEALTHY_FPR.csv,4a50c05e752ff384a586bdb682af6b2e7c68dba69c92d9251bcfa3332321258a
healthy_fpr,41015,RISE,204,204,22,0,0,0,0,0,/home/zhupl25/chiplet_side_channel/chiplet_gds_data/power_macro/delay_chain/ftc/analysis/b_fe_frontend/bfe8_d02_arch0_pilot/BFE8_D02_HEALTHY_FPR.csv,4a50c05e752ff384a586bdb682af6b2e7c68dba69c92d9251bcfa3332321258a
healthy_fpr,41015,FALL,159,159,24,0,0,0,0,0,/home/zhupl25/chiplet_side_channel/chiplet_gds_data/power_macro/delay_chain/ftc/analysis/b_fe_frontend/bfe8_d02_arch0_pilot/BFE8_D02_HEALTHY_FPR.csv,4a50c05e752ff384a586bdb682af6b2e7c68dba69c92d9251bcfa3332321258a
healthy_fpr,41015,RISE,204,204,22,0,0,0,0,0,/home/zhupl25/chiplet_side_channel/chiplet_gds_data/power_macro/delay_chain/ftc/analysis/b_fe_frontend/bfe8_d02_arch0_pilot/BFE8_D02_HEALTHY_FPR.csv,4a50c05e752ff384a586bdb682af6b2e7c68dba69c92d9251bcfa3332321258a
healthy_fpr,41015,FALL,159,159,24,0,0,0,0,0,/home/zhupl25/chiplet_side_channel/chiplet_gds_data/power_macro/delay_chain/ftc/analysis/b_fe_frontend/bfe8_d02_arch0_pilot/BFE8_D02_HEALTHY_FPR.csv,4a50c05e752ff384a586bdb682af6b2e7c68dba69c92d9251bcfa3332321258a
healthy_fpr,41016,RISE,182,182,22,0,0,0,0,0,/home/zhupl25/chiplet_side_channel/chiplet_gds_data/power_macro/delay_chain/ftc/analysis/b_fe_frontend/bfe8_d02_arch0_pilot/BFE8_D02_HEALTHY_FPR.csv,4a50c05e752ff384a586bdb682af6b2e7c68dba69c92d9251bcfa3332321258a
healthy_fpr,41016,FALL,159,159,24,0,0,0,0,0,/home/zhupl25/chiplet_side_channel/chiplet_gds_data/power_macro/delay_chain/ftc/analysis/b_fe_frontend/bfe8_d02_arch0_pilot/BFE8_D02_HEALTHY_FPR.csv,4a50c05e752ff384a586bdb682af6b2e7c68dba69c92d9251bcfa3332321258a
healthy_fpr,41016,RISE,182,182,22,0,0,0,0,0,/home/zhupl25/chiplet_side_channel/chiplet_gds_data/power_macro/delay_chain/ftc/analysis/b_fe_frontend/bfe8_d02_arch0_pilot/BFE8_D02_HEALTHY_FPR.csv,4a50c05e752ff384a586bdb682af6b2e7c68dba69c92d9251bcfa3332321258a
healthy_fpr,41016,FALL,159,159,24,0,0,0,0,0,/home/zhupl25/chiplet_side_channel/chiplet_gds_data/power_macro/delay_chain/ftc/analysis/b_fe_frontend/bfe8_d02_arch0_pilot/BFE8_D02_HEALTHY_FPR.csv,4a50c05e752ff384a586bdb682af6b2e7c68dba69c92d9251bcfa3332321258a
healthy_fpr,41016,RISE,182,182,22,0,0,0,0,0,/home/zhupl25/chiplet_side_channel/chiplet_gds_data/power_macro/delay_chain/ftc/analysis/b_fe_frontend/bfe8_d02_arch0_pilot/BFE8_D02_HEALTHY_FPR.csv,4a50c05e752ff384a586bdb682af6b2e7c68dba69c92d9251bcfa3332321258a
healthy_fpr,41016,FALL,159,159,24,0,0,0,0,0,/home/zhupl25/chiplet_side_channel/chiplet_gds_data/power_macro/delay_chain/ftc/analysis/b_fe_frontend/bfe8_d02_arch0_pilot/BFE8_D02_HEALTHY_FPR.csv,4a50c05e752ff384a586bdb682af6b2e7c68dba69c92d9251bcfa3332321258a
healthy_fpr,41016,RISE,182,182,22,0,0,0,0,0,/home/zhupl25/chiplet_side_channel/chiplet_gds_data/power_macro/delay_chain/ftc/analysis/b_fe_frontend/bfe8_d02_arch0_pilot/BFE8_D02_HEALTHY_FPR.csv,4a50c05e752ff384a586bdb682af6b2e7c68dba69c92d9251bcfa3332321258a
healthy_fpr,41016,FALL,159,159,24,0,0,0,0,0,/home/zhupl25/chiplet_side_channel/chiplet_gds_data/power_macro/delay_chain/ftc/analysis/b_fe_frontend/bfe8_d02_arch0_pilot/BFE8_D02_HEALTHY_FPR.csv,4a50c05e752ff384a586bdb682af6b2e7c68dba69c92d9251bcfa3332321258a
healthy_fpr,41017,RISE,182,198,22,-16,16,0,0,0,/home/zhupl25/chiplet_side_channel/chiplet_gds_data/power_macro/delay_chain/ftc/analysis/b_fe_frontend/bfe8_d02_arch0_pilot/BFE8_D02_HEALTHY_FPR.csv,4a50c05e752ff384a586bdb682af6b2e7c68dba69c92d9251bcfa3332321258a
healthy_fpr,41017,FALL,182,170,24,12,12,0,0,0,/home/zhupl25/chiplet_side_channel/chiplet_gds_data/power_macro/delay_chain/ftc/analysis/b_fe_frontend/bfe8_d02_arch0_pilot/BFE8_D02_HEALTHY_FPR.csv,4a50c05e752ff384a586bdb682af6b2e7c68dba69c92d9251bcfa3332321258a
healthy_fpr,41017,RISE,182,198,22,-16,16,0,0,0,/home/zhupl25/chiplet_side_channel/chiplet_gds_data/power_macro/delay_chain/ftc/analysis/b_fe_frontend/bfe8_d02_arch0_pilot/BFE8_D02_HEALTHY_FPR.csv,4a50c05e752ff384a586bdb682af6b2e7c68dba69c92d9251bcfa3332321258a
healthy_fpr,41017,FALL,159,170,24,-11,11,0,0,0,/home/zhupl25/chiplet_side_channel/chiplet_gds_data/power_macro/delay_chain/ftc/analysis/b_fe_frontend/bfe8_d02_arch0_pilot/BFE8_D02_HEALTHY_FPR.csv,4a50c05e752ff384a586bdb682af6b2e7c68dba69c92d9251bcfa3332321258a
healthy_fpr,41017,RISE,182,198,22,-16,16,0,0,0,/home/zhupl25/chiplet_side_channel/chiplet_gds_data/power_macro/delay_chain/ftc/analysis/b_fe_frontend/bfe8_d02_arch0_pilot/BFE8_D02_HEALTHY_FPR.csv,4a50c05e752ff384a586bdb682af6b2e7c68dba69c92d9251bcfa3332321258a
healthy_fpr,41017,FALL,159,170,24,-11,11,0,0,0,/home/zhupl25/chiplet_side_channel/chiplet_gds_data/power_macro/delay_chain/ftc/analysis/b_fe_frontend/bfe8_d02_arch0_pilot/BFE8_D02_HEALTHY_FPR.csv,4a50c05e752ff384a586bdb682af6b2e7c68dba69c92d9251bcfa3332321258a
healthy_fpr,41017,RISE,204,198,22,6,6,0,0,0,/home/zhupl25/chiplet_side_channel/chiplet_gds_data/power_macro/delay_chain/ftc/analysis/b_fe_frontend/bfe8_d02_arch0_pilot/BFE8_D02_HEALTHY_FPR.csv,4a50c05e752ff384a586bdb682af6b2e7c68dba69c92d9251bcfa3332321258a
healthy_fpr,41017,FALL,159,170,24,-11,11,0,0,0,/home/zhupl25/chiplet_side_channel/chiplet_gds_data/power_macro/delay_chain/ftc/analysis/b_fe_frontend/bfe8_d02_arch0_pilot/BFE8_D02_HEALTHY_FPR.csv,4a50c05e752ff384a586bdb682af6b2e7c68dba69c92d9251bcfa3332321258a
healthy_fpr,41018,RISE,204,219,22,-15,15,0,0,0,/home/zhupl25/chiplet_side_channel/chiplet_gds_data/power_macro/delay_chain/ftc/analysis/b_fe_frontend/bfe8_d02_arch0_pilot/BFE8_D02_HEALTHY_FPR.csv,4a50c05e752ff384a586bdb682af6b2e7c68dba69c92d9251bcfa3332321258a
healthy_fpr,41018,FALL,204,193,24,11,11,0,0,0,/home/zhupl25/chiplet_side_channel/chiplet_gds_data/power_macro/delay_chain/ftc/analysis/b_fe_frontend/bfe8_d02_arch0_pilot/BFE8_D02_HEALTHY_FPR.csv,4a50c05e752ff384a586bdb682af6b2e7c68dba69c92d9251bcfa3332321258a
healthy_fpr,41018,RISE,204,219,22,-15,15,0,0,0,/home/zhupl25/chiplet_side_channel/chiplet_gds_data/power_macro/delay_chain/ftc/analysis/b_fe_frontend/bfe8_d02_arch0_pilot/BFE8_D02_HEALTHY_FPR.csv,4a50c05e752ff384a586bdb682af6b2e7c68dba69c92d9251bcfa3332321258a
healthy_fpr,41018,FALL,182,193,24,-11,11,0,0,0,/home/zhupl25/chiplet_side_channel/chiplet_gds_data/power_macro/delay_chain/ftc/analysis/b_fe_frontend/bfe8_d02_arch0_pilot/BFE8_D02_HEALTHY_FPR.csv,4a50c05e752ff384a586bdb682af6b2e7c68dba69c92d9251bcfa3332321258a
healthy_fpr,41018,RISE,204,219,22,-15,15,0,0,0,/home/zhupl25/chiplet_side_channel/chiplet_gds_data/power_macro/delay_chain/ftc/analysis/b_fe_frontend/bfe8_d02_arch0_pilot/BFE8_D02_HEALTHY_FPR.csv,4a50c05e752ff384a586bdb682af6b2e7c68dba69c92d9251bcfa3332321258a
healthy_fpr,41018,FALL,182,193,24,-11,11,0,0,0,/home/zhupl25/chiplet_side_channel/chiplet_gds_data/power_macro/delay_chain/ftc/analysis/b_fe_frontend/bfe8_d02_arch0_pilot/BFE8_D02_HEALTHY_FPR.csv,4a50c05e752ff384a586bdb682af6b2e7c68dba69c92d9251bcfa3332321258a
healthy_fpr,41018,RISE,225,219,22,6,6,0,0,0,/home/zhupl25/chiplet_side_channel/chiplet_gds_data/power_macro/delay_chain/ftc/analysis/b_fe_frontend/bfe8_d02_arch0_pilot/BFE8_D02_HEALTHY_FPR.csv,4a50c05e752ff384a586bdb682af6b2e7c68dba69c92d9251bcfa3332321258a
healthy_fpr,41018,FALL,182,193,24,-11,11,0,0,0,/home/zhupl25/chiplet_side_channel/chiplet_gds_data/power_macro/delay_chain/ftc/analysis/b_fe_frontend/bfe8_d02_arch0_pilot/BFE8_D02_HEALTHY_FPR.csv,4a50c05e752ff384a586bdb682af6b2e7c68dba69c92d9251bcfa3332321258a
healthy_fpr,41019,RISE,182,187,22,-5,5,0,0,0,/home/zhupl25/chiplet_side_channel/chiplet_gds_data/power_macro/delay_chain/ftc/analysis/b_fe_frontend/bfe8_d02_arch0_pilot/BFE8_D02_HEALTHY_FPR.csv,4a50c05e752ff384a586bdb682af6b2e7c68dba69c92d9251bcfa3332321258a
healthy_fpr,41019,FALL,159,159,24,0,0,0,0,0,/home/zhupl25/chiplet_side_channel/chiplet_gds_data/power_macro/delay_chain/ftc/analysis/b_fe_frontend/bfe8_d02_arch0_pilot/BFE8_D02_HEALTHY_FPR.csv,4a50c05e752ff384a586bdb682af6b2e7c68dba69c92d9251bcfa3332321258a
healthy_fpr,41019,RISE,182,187,22,-5,5,0,0,0,/home/zhupl25/chiplet_side_channel/chiplet_gds_data/power_macro/delay_chain/ftc/analysis/b_fe_frontend/bfe8_d02_arch0_pilot/BFE8_D02_HEALTHY_FPR.csv,4a50c05e752ff384a586bdb682af6b2e7c68dba69c92d9251bcfa3332321258a
healthy_fpr,41019,FALL,159,159,24,0,0,0,0,0,/home/zhupl25/chiplet_side_channel/chiplet_gds_data/power_macro/delay_chain/ftc/analysis/b_fe_frontend/bfe8_d02_arch0_pilot/BFE8_D02_HEALTHY_FPR.csv,4a50c05e752ff384a586bdb682af6b2e7c68dba69c92d9251bcfa3332321258a
healthy_fpr,41019,RISE,182,187,22,-5,5,0,0,0,/home/zhupl25/chiplet_side_channel/chiplet_gds_data/power_macro/delay_chain/ftc/analysis/b_fe_frontend/bfe8_d02_arch0_pilot/BFE8_D02_HEALTHY_FPR.csv,4a50c05e752ff384a586bdb682af6b2e7c68dba69c92d9251bcfa3332321258a
healthy_fpr,41019,FALL,135,159,24,-24,24,0,0,0,/home/zhupl25/chiplet_side_channel/chiplet_gds_data/power_macro/delay_chain/ftc/analysis/b_fe_frontend/bfe8_d02_arch0_pilot/BFE8_D02_HEALTHY_FPR.csv,4a50c05e752ff384a586bdb682af6b2e7c68dba69c92d9251bcfa3332321258a
healthy_fpr,41019,RISE,182,187,22,-5,5,0,0,0,/home/zhupl25/chiplet_side_channel/chiplet_gds_data/power_macro/delay_chain/ftc/analysis/b_fe_frontend/bfe8_d02_arch0_pilot/BFE8_D02_HEALTHY_FPR.csv,4a50c05e752ff384a586bdb682af6b2e7c68dba69c92d9251bcfa3332321258a
healthy_fpr,41019,FALL,159,159,24,0,0,0,0,0,/home/zhupl25/chiplet_side_channel/chiplet_gds_data/power_macro/delay_chain/ftc/analysis/b_fe_frontend/bfe8_d02_arch0_pilot/BFE8_D02_HEALTHY_FPR.csv,4a50c05e752ff384a586bdb682af6b2e7c68dba69c92d9251bcfa3332321258a
healthy_fpr,41020,RISE,159,159,22,0,0,0,0,0,/home/zhupl25/chiplet_side_channel/chiplet_gds_data/power_macro/delay_chain/ftc/analysis/b_fe_frontend/bfe8_d02_arch0_pilot/BFE8_D02_HEALTHY_FPR.csv,4a50c05e752ff384a586bdb682af6b2e7c68dba69c92d9251bcfa3332321258a
healthy_fpr,41020,FALL,135,135,24,0,0,0,0,0,/home/zhupl25/chiplet_side_channel/chiplet_gds_data/power_macro/delay_chain/ftc/analysis/b_fe_frontend/bfe8_d02_arch0_pilot/BFE8_D02_HEALTHY_FPR.csv,4a50c05e752ff384a586bdb682af6b2e7c68dba69c92d9251bcfa3332321258a
healthy_fpr,41020,RISE,159,159,22,0,0,0,0,0,/home/zhupl25/chiplet_side_channel/chiplet_gds_data/power_macro/delay_chain/ftc/analysis/b_fe_frontend/bfe8_d02_arch0_pilot/BFE8_D02_HEALTHY_FPR.csv,4a50c05e752ff384a586bdb682af6b2e7c68dba69c92d9251bcfa3332321258a
healthy_fpr,41020,FALL,135,135,24,0,0,0,0,0,/home/zhupl25/chiplet_side_channel/chiplet_gds_data/power_macro/delay_chain/ftc/analysis/b_fe_frontend/bfe8_d02_arch0_pilot/BFE8_D02_HEALTHY_FPR.csv,4a50c05e752ff384a586bdb682af6b2e7c68dba69c92d9251bcfa3332321258a
healthy_fpr,41020,RISE,159,159,22,0,0,0,0,0,/home/zhupl25/chiplet_side_channel/chiplet_gds_data/power_macro/delay_chain/ftc/analysis/b_fe_frontend/bfe8_d02_arch0_pilot/BFE8_D02_HEALTHY_FPR.csv,4a50c05e752ff384a586bdb682af6b2e7c68dba69c92d9251bcfa3332321258a
healthy_fpr,41020,FALL,110,135,24,-25,25,1,0,0,/home/zhupl25/chiplet_side_channel/chiplet_gds_data/power_macro/delay_chain/ftc/analysis/b_fe_frontend/bfe8_d02_arch0_pilot/BFE8_D02_HEALTHY_FPR.csv,4a50c05e752ff384a586bdb682af6b2e7c68dba69c92d9251bcfa3332321258a
healthy_fpr,41020,RISE,159,159,22,0,0,0,0,0,/home/zhupl25/chiplet_side_channel/chiplet_gds_data/power_macro/delay_chain/ftc/analysis/b_fe_frontend/bfe8_d02_arch0_pilot/BFE8_D02_HEALTHY_FPR.csv,4a50c05e752ff384a586bdb682af6b2e7c68dba69c92d9251bcfa3332321258a
healthy_fpr,41020,FALL,135,135,24,0,0,0,0,0,/home/zhupl25/chiplet_side_channel/chiplet_gds_data/power_macro/delay_chain/ftc/analysis/b_fe_frontend/bfe8_d02_arch0_pilot/BFE8_D02_HEALTHY_FPR.csv,4a50c05e752ff384a586bdb682af6b2e7c68dba69c92d9251bcfa3332321258a
healthy_fpr,41021,RISE,182,182,22,0,0,0,0,0,/home/zhupl25/chiplet_side_channel/chiplet_gds_data/power_macro/delay_chain/ftc/analysis/b_fe_frontend/bfe8_d02_arch0_pilot/BFE8_D02_HEALTHY_FPR.csv,4a50c05e752ff384a586bdb682af6b2e7c68dba69c92d9251bcfa3332321258a
healthy_fpr,41021,FALL,135,141,24,-6,6,0,0,0,/home/zhupl25/chiplet_side_channel/chiplet_gds_data/power_macro/delay_chain/ftc/analysis/b_fe_frontend/bfe8_d02_arch0_pilot/BFE8_D02_HEALTHY_FPR.csv,4a50c05e752ff384a586bdb682af6b2e7c68dba69c92d9251bcfa3332321258a
healthy_fpr,41021,RISE,182,182,22,0,0,0,0,0,/home/zhupl25/chiplet_side_channel/chiplet_gds_data/power_macro/delay_chain/ftc/analysis/b_fe_frontend/bfe8_d02_arch0_pilot/BFE8_D02_HEALTHY_FPR.csv,4a50c05e752ff384a586bdb682af6b2e7c68dba69c92d9251bcfa3332321258a
healthy_fpr,41021,FALL,135,141,24,-6,6,0,0,0,/home/zhupl25/chiplet_side_channel/chiplet_gds_data/power_macro/delay_chain/ftc/analysis/b_fe_frontend/bfe8_d02_arch0_pilot/BFE8_D02_HEALTHY_FPR.csv,4a50c05e752ff384a586bdb682af6b2e7c68dba69c92d9251bcfa3332321258a
healthy_fpr,41021,RISE,182,182,22,0,0,0,0,0,/home/zhupl25/chiplet_side_channel/chiplet_gds_data/power_macro/delay_chain/ftc/analysis/b_fe_frontend/bfe8_d02_arch0_pilot/BFE8_D02_HEALTHY_FPR.csv,4a50c05e752ff384a586bdb682af6b2e7c68dba69c92d9251bcfa3332321258a
healthy_fpr,41021,FALL,135,141,24,-6,6,0,0,0,/home/zhupl25/chiplet_side_channel/chiplet_gds_data/power_macro/delay_chain/ftc/analysis/b_fe_frontend/bfe8_d02_arch0_pilot/BFE8_D02_HEALTHY_FPR.csv,4a50c05e752ff384a586bdb682af6b2e7c68dba69c92d9251bcfa3332321258a
healthy_fpr,41021,RISE,182,182,22,0,0,0,0,0,/home/zhupl25/chiplet_side_channel/chiplet_gds_data/power_macro/delay_chain/ftc/analysis/b_fe_frontend/bfe8_d02_arch0_pilot/BFE8_D02_HEALTHY_FPR.csv,4a50c05e752ff384a586bdb682af6b2e7c68dba69c92d9251bcfa3332321258a
healthy_fpr,41021,FALL,135,141,24,-6,6,0,0,0,/home/zhupl25/chiplet_side_channel/chiplet_gds_data/power_macro/delay_chain/ftc/analysis/b_fe_frontend/bfe8_d02_arch0_pilot/BFE8_D02_HEALTHY_FPR.csv,4a50c05e752ff384a586bdb682af6b2e7c68dba69c92d9251bcfa3332321258a
healthy_fpr,41022,RISE,204,204,22,0,0,0,0,0,/home/zhupl25/chiplet_side_channel/chiplet_gds_data/power_macro/delay_chain/ftc/analysis/b_fe_frontend/bfe8_d02_arch0_pilot/BFE8_D02_HEALTHY_FPR.csv,4a50c05e752ff384a586bdb682af6b2e7c68dba69c92d9251bcfa3332321258a
healthy_fpr,41022,FALL,159,159,24,0,0,0,0,0,/home/zhupl25/chiplet_side_channel/chiplet_gds_data/power_macro/delay_chain/ftc/analysis/b_fe_frontend/bfe8_d02_arch0_pilot/BFE8_D02_HEALTHY_FPR.csv,4a50c05e752ff384a586bdb682af6b2e7c68dba69c92d9251bcfa3332321258a
healthy_fpr,41022,RISE,204,204,22,0,0,0,0,0,/home/zhupl25/chiplet_side_channel/chiplet_gds_data/power_macro/delay_chain/ftc/analysis/b_fe_frontend/bfe8_d02_arch0_pilot/BFE8_D02_HEALTHY_FPR.csv,4a50c05e752ff384a586bdb682af6b2e7c68dba69c92d9251bcfa3332321258a
healthy_fpr,41022,FALL,159,159,24,0,0,0,0,0,/home/zhupl25/chiplet_side_channel/chiplet_gds_data/power_macro/delay_chain/ftc/analysis/b_fe_frontend/bfe8_d02_arch0_pilot/BFE8_D02_HEALTHY_FPR.csv,4a50c05e752ff384a586bdb682af6b2e7c68dba69c92d9251bcfa3332321258a
healthy_fpr,41022,RISE,182,204,22,-22,22,0,0,0,/home/zhupl25/chiplet_side_channel/chiplet_gds_data/power_macro/delay_chain/ftc/analysis/b_fe_frontend/bfe8_d02_arch0_pilot/BFE8_D02_HEALTHY_FPR.csv,4a50c05e752ff384a586bdb682af6b2e7c68dba69c92d9251bcfa3332321258a
healthy_fpr,41022,FALL,159,159,24,0,0,0,0,0,/home/zhupl25/chiplet_side_channel/chiplet_gds_data/power_macro/delay_chain/ftc/analysis/b_fe_frontend/bfe8_d02_arch0_pilot/BFE8_D02_HEALTHY_FPR.csv,4a50c05e752ff384a586bdb682af6b2e7c68dba69c92d9251bcfa3332321258a
healthy_fpr,41022,RISE,204,204,22,0,0,0,0,0,/home/zhupl25/chiplet_side_channel/chiplet_gds_data/power_macro/delay_chain/ftc/analysis/b_fe_frontend/bfe8_d02_arch0_pilot/BFE8_D02_HEALTHY_FPR.csv,4a50c05e752ff384a586bdb682af6b2e7c68dba69c92d9251bcfa3332321258a
healthy_fpr,41022,FALL,159,159,24,0,0,0,0,0,/home/zhupl25/chiplet_side_channel/chiplet_gds_data/power_macro/delay_chain/ftc/analysis/b_fe_frontend/bfe8_d02_arch0_pilot/BFE8_D02_HEALTHY_FPR.csv,4a50c05e752ff384a586bdb682af6b2e7c68dba69c92d9251bcfa3332321258a
healthy_fpr,41023,RISE,204,209,22,-5,5,0,0,0,/home/zhupl25/chiplet_side_channel/chiplet_gds_data/power_macro/delay_chain/ftc/analysis/b_fe_frontend/bfe8_d02_arch0_pilot/BFE8_D02_HEALTHY_FPR.csv,4a50c05e752ff384a586bdb682af6b2e7c68dba69c92d9251bcfa3332321258a
healthy_fpr,41023,FALL,182,182,24,0,0,0,0,0,/home/zhupl25/chiplet_side_channel/chiplet_gds_data/power_macro/delay_chain/ftc/analysis/b_fe_frontend/bfe8_d02_arch0_pilot/BFE8_D02_HEALTHY_FPR.csv,4a50c05e752ff384a586bdb682af6b2e7c68dba69c92d9251bcfa3332321258a
healthy_fpr,41023,RISE,204,209,22,-5,5,0,0,0,/home/zhupl25/chiplet_side_channel/chiplet_gds_data/power_macro/delay_chain/ftc/analysis/b_fe_frontend/bfe8_d02_arch0_pilot/BFE8_D02_HEALTHY_FPR.csv,4a50c05e752ff384a586bdb682af6b2e7c68dba69c92d9251bcfa3332321258a
healthy_fpr,41023,FALL,182,182,24,0,0,0,0,0,/home/zhupl25/chiplet_side_channel/chiplet_gds_data/power_macro/delay_chain/ftc/analysis/b_fe_frontend/bfe8_d02_arch0_pilot/BFE8_D02_HEALTHY_FPR.csv,4a50c05e752ff384a586bdb682af6b2e7c68dba69c92d9251bcfa3332321258a
healthy_fpr,41023,RISE,204,209,22,-5,5,0,0,0,/home/zhupl25/chiplet_side_channel/chiplet_gds_data/power_macro/delay_chain/ftc/analysis/b_fe_frontend/bfe8_d02_arch0_pilot/BFE8_D02_HEALTHY_FPR.csv,4a50c05e752ff384a586bdb682af6b2e7c68dba69c92d9251bcfa3332321258a
healthy_fpr,41023,FALL,182,182,24,0,0,0,0,0,/home/zhupl25/chiplet_side_channel/chiplet_gds_data/power_macro/delay_chain/ftc/analysis/b_fe_frontend/bfe8_d02_arch0_pilot/BFE8_D02_HEALTHY_FPR.csv,4a50c05e752ff384a586bdb682af6b2e7c68dba69c92d9251bcfa3332321258a
healthy_fpr,41023,RISE,204,209,22,-5,5,0,0,0,/home/zhupl25/chiplet_side_channel/chiplet_gds_data/power_macro/delay_chain/ftc/analysis/b_fe_frontend/bfe8_d02_arch0_pilot/BFE8_D02_HEALTHY_FPR.csv,4a50c05e752ff384a586bdb682af6b2e7c68dba69c92d9251bcfa3332321258a
healthy_fpr,41023,FALL,182,182,24,0,0,0,0,0,/home/zhupl25/chiplet_side_channel/chiplet_gds_data/power_macro/delay_chain/ftc/analysis/b_fe_frontend/bfe8_d02_arch0_pilot/BFE8_D02_HEALTHY_FPR.csv,4a50c05e752ff384a586bdb682af6b2e7c68dba69c92d9251bcfa3332321258a
healthy_fpr,41024,RISE,159,164,22,-5,5,0,0,0,/home/zhupl25/chiplet_side_channel/chiplet_gds_data/power_macro/delay_chain/ftc/analysis/b_fe_frontend/bfe8_d02_arch0_pilot/BFE8_D02_HEALTHY_FPR.csv,4a50c05e752ff384a586bdb682af6b2e7c68dba69c92d9251bcfa3332321258a
healthy_fpr,41024,FALL,135,147,24,-12,12,0,0,0,/home/zhupl25/chiplet_side_channel/chiplet_gds_data/power_macro/delay_chain/ftc/analysis/b_fe_frontend/bfe8_d02_arch0_pilot/BFE8_D02_HEALTHY_FPR.csv,4a50c05e752ff384a586bdb682af6b2e7c68dba69c92d9251bcfa3332321258a
healthy_fpr,41024,RISE,159,164,22,-5,5,0,0,0,/home/zhupl25/chiplet_side_channel/chiplet_gds_data/power_macro/delay_chain/ftc/analysis/b_fe_frontend/bfe8_d02_arch0_pilot/BFE8_D02_HEALTHY_FPR.csv,4a50c05e752ff384a586bdb682af6b2e7c68dba69c92d9251bcfa3332321258a
healthy_fpr,41024,FALL,135,147,24,-12,12,0,0,0,/home/zhupl25/chiplet_side_channel/chiplet_gds_data/power_macro/delay_chain/ftc/analysis/b_fe_frontend/bfe8_d02_arch0_pilot/BFE8_D02_HEALTHY_FPR.csv,4a50c05e752ff384a586bdb682af6b2e7c68dba69c92d9251bcfa3332321258a
healthy_fpr,41024,RISE,159,164,22,-5,5,0,0,0,/home/zhupl25/chiplet_side_channel/chiplet_gds_data/power_macro/delay_chain/ftc/analysis/b_fe_frontend/bfe8_d02_arch0_pilot/BFE8_D02_HEALTHY_FPR.csv,4a50c05e752ff384a586bdb682af6b2e7c68dba69c92d9251bcfa3332321258a
healthy_fpr,41024,FALL,135,147,24,-12,12,0,0,0,/home/zhupl25/chiplet_side_channel/chiplet_gds_data/power_macro/delay_chain/ftc/analysis/b_fe_frontend/bfe8_d02_arch0_pilot/BFE8_D02_HEALTHY_FPR.csv,4a50c05e752ff384a586bdb682af6b2e7c68dba69c92d9251bcfa3332321258a
healthy_fpr,41024,RISE,159,164,22,-5,5,0,0,0,/home/zhupl25/chiplet_side_channel/chiplet_gds_data/power_macro/delay_chain/ftc/analysis/b_fe_frontend/bfe8_d02_arch0_pilot/BFE8_D02_HEALTHY_FPR.csv,4a50c05e752ff384a586bdb682af6b2e7c68dba69c92d9251bcfa3332321258a
healthy_fpr,41024,FALL,135,147,24,-12,12,0,0,0,/home/zhupl25/chiplet_side_channel/chiplet_gds_data/power_macro/delay_chain/ftc/analysis/b_fe_frontend/bfe8_d02_arch0_pilot/BFE8_D02_HEALTHY_FPR.csv,4a50c05e752ff384a586bdb682af6b2e7c68dba69c92d9251bcfa3332321258a
healthy_fpr,41025,RISE,225,225,22,0,0,0,0,0,/home/zhupl25/chiplet_side_channel/chiplet_gds_data/power_macro/delay_chain/ftc/analysis/b_fe_frontend/bfe8_d02_arch0_pilot/BFE8_D02_HEALTHY_FPR.csv,4a50c05e752ff384a586bdb682af6b2e7c68dba69c92d9251bcfa3332321258a
healthy_fpr,41025,FALL,204,204,24,0,0,0,0,0,/home/zhupl25/chiplet_side_channel/chiplet_gds_data/power_macro/delay_chain/ftc/analysis/b_fe_frontend/bfe8_d02_arch0_pilot/BFE8_D02_HEALTHY_FPR.csv,4a50c05e752ff384a586bdb682af6b2e7c68dba69c92d9251bcfa3332321258a
healthy_fpr,41025,RISE,225,225,22,0,0,0,0,0,/home/zhupl25/chiplet_side_channel/chiplet_gds_data/power_macro/delay_chain/ftc/analysis/b_fe_frontend/bfe8_d02_arch0_pilot/BFE8_D02_HEALTHY_FPR.csv,4a50c05e752ff384a586bdb682af6b2e7c68dba69c92d9251bcfa3332321258a
healthy_fpr,41025,FALL,204,204,24,0,0,0,0,0,/home/zhupl25/chiplet_side_channel/chiplet_gds_data/power_macro/delay_chain/ftc/analysis/b_fe_frontend/bfe8_d02_arch0_pilot/BFE8_D02_HEALTHY_FPR.csv,4a50c05e752ff384a586bdb682af6b2e7c68dba69c92d9251bcfa3332321258a
healthy_fpr,41025,RISE,204,225,22,-21,21,0,0,0,/home/zhupl25/chiplet_side_channel/chiplet_gds_data/power_macro/delay_chain/ftc/analysis/b_fe_frontend/bfe8_d02_arch0_pilot/BFE8_D02_HEALTHY_FPR.csv,4a50c05e752ff384a586bdb682af6b2e7c68dba69c92d9251bcfa3332321258a
healthy_fpr,41025,FALL,182,204,24,-22,22,0,0,0,/home/zhupl25/chiplet_side_channel/chiplet_gds_data/power_macro/delay_chain/ftc/analysis/b_fe_frontend/bfe8_d02_arch0_pilot/BFE8_D02_HEALTHY_FPR.csv,4a50c05e752ff384a586bdb682af6b2e7c68dba69c92d9251bcfa3332321258a
healthy_fpr,41025,RISE,225,225,22,0,0,0,0,0,/home/zhupl25/chiplet_side_channel/chiplet_gds_data/power_macro/delay_chain/ftc/analysis/b_fe_frontend/bfe8_d02_arch0_pilot/BFE8_D02_HEALTHY_FPR.csv,4a50c05e752ff384a586bdb682af6b2e7c68dba69c92d9251bcfa3332321258a
healthy_fpr,41025,FALL,204,204,24,0,0,0,0,0,/home/zhupl25/chiplet_side_channel/chiplet_gds_data/power_macro/delay_chain/ftc/analysis/b_fe_frontend/bfe8_d02_arch0_pilot/BFE8_D02_HEALTHY_FPR.csv,4a50c05e752ff384a586bdb682af6b2e7c68dba69c92d9251bcfa3332321258a
healthy_fpr,41026,RISE,159,164,22,-5,5,0,0,0,/home/zhupl25/chiplet_side_channel/chiplet_gds_data/power_macro/delay_chain/ftc/analysis/b_fe_frontend/bfe8_d02_arch0_pilot/BFE8_D02_HEALTHY_FPR.csv,4a50c05e752ff384a586bdb682af6b2e7c68dba69c92d9251bcfa3332321258a
healthy_fpr,41026,FALL,159,153,24,6,6,0,0,0,/home/zhupl25/chiplet_side_channel/chiplet_gds_data/power_macro/delay_chain/ftc/analysis/b_fe_frontend/bfe8_d02_arch0_pilot/BFE8_D02_HEALTHY_FPR.csv,4a50c05e752ff384a586bdb682af6b2e7c68dba69c92d9251bcfa3332321258a
healthy_fpr,41026,RISE,159,164,22,-5,5,0,0,0,/home/zhupl25/chiplet_side_channel/chiplet_gds_data/power_macro/delay_chain/ftc/analysis/b_fe_frontend/bfe8_d02_arch0_pilot/BFE8_D02_HEALTHY_FPR.csv,4a50c05e752ff384a586bdb682af6b2e7c68dba69c92d9251bcfa3332321258a
healthy_fpr,41026,FALL,159,153,24,6,6,0,0,0,/home/zhupl25/chiplet_side_channel/chiplet_gds_data/power_macro/delay_chain/ftc/analysis/b_fe_frontend/bfe8_d02_arch0_pilot/BFE8_D02_HEALTHY_FPR.csv,4a50c05e752ff384a586bdb682af6b2e7c68dba69c92d9251bcfa3332321258a
healthy_fpr,41026,RISE,159,164,22,-5,5,0,0,0,/home/zhupl25/chiplet_side_channel/chiplet_gds_data/power_macro/delay_chain/ftc/analysis/b_fe_frontend/bfe8_d02_arch0_pilot/BFE8_D02_HEALTHY_FPR.csv,4a50c05e752ff384a586bdb682af6b2e7c68dba69c92d9251bcfa3332321258a
healthy_fpr,41026,FALL,135,153,24,-18,18,0,0,0,/home/zhupl25/chiplet_side_channel/chiplet_gds_data/power_macro/delay_chain/ftc/analysis/b_fe_frontend/bfe8_d02_arch0_pilot/BFE8_D02_HEALTHY_FPR.csv,4a50c05e752ff384a586bdb682af6b2e7c68dba69c92d9251bcfa3332321258a
healthy_fpr,41026,RISE,159,164,22,-5,5,0,0,0,/home/zhupl25/chiplet_side_channel/chiplet_gds_data/power_macro/delay_chain/ftc/analysis/b_fe_frontend/bfe8_d02_arch0_pilot/BFE8_D02_HEALTHY_FPR.csv,4a50c05e752ff384a586bdb682af6b2e7c68dba69c92d9251bcfa3332321258a
healthy_fpr,41026,FALL,159,153,24,6,6,0,0,0,/home/zhupl25/chiplet_side_channel/chiplet_gds_data/power_macro/delay_chain/ftc/analysis/b_fe_frontend/bfe8_d02_arch0_pilot/BFE8_D02_HEALTHY_FPR.csv,4a50c05e752ff384a586bdb682af6b2e7c68dba69c92d9251bcfa3332321258a
healthy_fpr,41027,RISE,135,153,22,-18,18,0,0,0,/home/zhupl25/chiplet_side_channel/chiplet_gds_data/power_macro/delay_chain/ftc/analysis/b_fe_frontend/bfe8_d02_arch0_pilot/BFE8_D02_HEALTHY_FPR.csv,4a50c05e752ff384a586bdb682af6b2e7c68dba69c92d9251bcfa3332321258a
healthy_fpr,41027,FALL,135,135,24,0,0,0,0,0,/home/zhupl25/chiplet_side_channel/chiplet_gds_data/power_macro/delay_chain/ftc/analysis/b_fe_frontend/bfe8_d02_arch0_pilot/BFE8_D02_HEALTHY_FPR.csv,4a50c05e752ff384a586bdb682af6b2e7c68dba69c92d9251bcfa3332321258a
healthy_fpr,41027,RISE,135,153,22,-18,18,0,0,0,/home/zhupl25/chiplet_side_channel/chiplet_gds_data/power_macro/delay_chain/ftc/analysis/b_fe_frontend/bfe8_d02_arch0_pilot/BFE8_D02_HEALTHY_FPR.csv,4a50c05e752ff384a586bdb682af6b2e7c68dba69c92d9251bcfa3332321258a
healthy_fpr,41027,FALL,135,135,24,0,0,0,0,0,/home/zhupl25/chiplet_side_channel/chiplet_gds_data/power_macro/delay_chain/ftc/analysis/b_fe_frontend/bfe8_d02_arch0_pilot/BFE8_D02_HEALTHY_FPR.csv,4a50c05e752ff384a586bdb682af6b2e7c68dba69c92d9251bcfa3332321258a
healthy_fpr,41027,RISE,135,153,22,-18,18,0,0,0,/home/zhupl25/chiplet_side_channel/chiplet_gds_data/power_macro/delay_chain/ftc/analysis/b_fe_frontend/bfe8_d02_arch0_pilot/BFE8_D02_HEALTHY_FPR.csv,4a50c05e752ff384a586bdb682af6b2e7c68dba69c92d9251bcfa3332321258a
healthy_fpr,41027,FALL,135,135,24,0,0,0,0,0,/home/zhupl25/chiplet_side_channel/chiplet_gds_data/power_macro/delay_chain/ftc/analysis/b_fe_frontend/bfe8_d02_arch0_pilot/BFE8_D02_HEALTHY_FPR.csv,4a50c05e752ff384a586bdb682af6b2e7c68dba69c92d9251bcfa3332321258a
healthy_fpr,41027,RISE,159,153,22,6,6,0,0,0,/home/zhupl25/chiplet_side_channel/chiplet_gds_data/power_macro/delay_chain/ftc/analysis/b_fe_frontend/bfe8_d02_arch0_pilot/BFE8_D02_HEALTHY_FPR.csv,4a50c05e752ff384a586bdb682af6b2e7c68dba69c92d9251bcfa3332321258a
healthy_fpr,41027,FALL,135,135,24,0,0,0,0,0,/home/zhupl25/chiplet_side_channel/chiplet_gds_data/power_macro/delay_chain/ftc/analysis/b_fe_frontend/bfe8_d02_arch0_pilot/BFE8_D02_HEALTHY_FPR.csv,4a50c05e752ff384a586bdb682af6b2e7c68dba69c92d9251bcfa3332321258a
healthy_fpr,41028,RISE,204,204,22,0,0,0,0,0,/home/zhupl25/chiplet_side_channel/chiplet_gds_data/power_macro/delay_chain/ftc/analysis/b_fe_frontend/bfe8_d02_arch0_pilot/BFE8_D02_HEALTHY_FPR.csv,4a50c05e752ff384a586bdb682af6b2e7c68dba69c92d9251bcfa3332321258a
healthy_fpr,41028,FALL,182,176,24,6,6,0,0,0,/home/zhupl25/chiplet_side_channel/chiplet_gds_data/power_macro/delay_chain/ftc/analysis/b_fe_frontend/bfe8_d02_arch0_pilot/BFE8_D02_HEALTHY_FPR.csv,4a50c05e752ff384a586bdb682af6b2e7c68dba69c92d9251bcfa3332321258a
healthy_fpr,41028,RISE,204,204,22,0,0,0,0,0,/home/zhupl25/chiplet_side_channel/chiplet_gds_data/power_macro/delay_chain/ftc/analysis/b_fe_frontend/bfe8_d02_arch0_pilot/BFE8_D02_HEALTHY_FPR.csv,4a50c05e752ff384a586bdb682af6b2e7c68dba69c92d9251bcfa3332321258a
healthy_fpr,41028,FALL,182,176,24,6,6,0,0,0,/home/zhupl25/chiplet_side_channel/chiplet_gds_data/power_macro/delay_chain/ftc/analysis/b_fe_frontend/bfe8_d02_arch0_pilot/BFE8_D02_HEALTHY_FPR.csv,4a50c05e752ff384a586bdb682af6b2e7c68dba69c92d9251bcfa3332321258a
healthy_fpr,41028,RISE,204,204,22,0,0,0,0,0,/home/zhupl25/chiplet_side_channel/chiplet_gds_data/power_macro/delay_chain/ftc/analysis/b_fe_frontend/bfe8_d02_arch0_pilot/BFE8_D02_HEALTHY_FPR.csv,4a50c05e752ff384a586bdb682af6b2e7c68dba69c92d9251bcfa3332321258a
healthy_fpr,41028,FALL,159,176,24,-17,17,0,0,0,/home/zhupl25/chiplet_side_channel/chiplet_gds_data/power_macro/delay_chain/ftc/analysis/b_fe_frontend/bfe8_d02_arch0_pilot/BFE8_D02_HEALTHY_FPR.csv,4a50c05e752ff384a586bdb682af6b2e7c68dba69c92d9251bcfa3332321258a
healthy_fpr,41028,RISE,204,204,22,0,0,0,0,0,/home/zhupl25/chiplet_side_channel/chiplet_gds_data/power_macro/delay_chain/ftc/analysis/b_fe_frontend/bfe8_d02_arch0_pilot/BFE8_D02_HEALTHY_FPR.csv,4a50c05e752ff384a586bdb682af6b2e7c68dba69c92d9251bcfa3332321258a
healthy_fpr,41028,FALL,182,176,24,6,6,0,0,0,/home/zhupl25/chiplet_side_channel/chiplet_gds_data/power_macro/delay_chain/ftc/analysis/b_fe_frontend/bfe8_d02_arch0_pilot/BFE8_D02_HEALTHY_FPR.csv,4a50c05e752ff384a586bdb682af6b2e7c68dba69c92d9251bcfa3332321258a
healthy_fpr,41029,RISE,159,159,22,0,0,0,0,0,/home/zhupl25/chiplet_side_channel/chiplet_gds_data/power_macro/delay_chain/ftc/analysis/b_fe_frontend/bfe8_d02_arch0_pilot/BFE8_D02_HEALTHY_FPR.csv,4a50c05e752ff384a586bdb682af6b2e7c68dba69c92d9251bcfa3332321258a
healthy_fpr,41029,FALL,159,153,24,6,6,0,0,0,/home/zhupl25/chiplet_side_channel/chiplet_gds_data/power_macro/delay_chain/ftc/analysis/b_fe_frontend/bfe8_d02_arch0_pilot/BFE8_D02_HEALTHY_FPR.csv,4a50c05e752ff384a586bdb682af6b2e7c68dba69c92d9251bcfa3332321258a
healthy_fpr,41029,RISE,159,159,22,0,0,0,0,0,/home/zhupl25/chiplet_side_channel/chiplet_gds_data/power_macro/delay_chain/ftc/analysis/b_fe_frontend/bfe8_d02_arch0_pilot/BFE8_D02_HEALTHY_FPR.csv,4a50c05e752ff384a586bdb682af6b2e7c68dba69c92d9251bcfa3332321258a
healthy_fpr,41029,FALL,159,153,24,6,6,0,0,0,/home/zhupl25/chiplet_side_channel/chiplet_gds_data/power_macro/delay_chain/ftc/analysis/b_fe_frontend/bfe8_d02_arch0_pilot/BFE8_D02_HEALTHY_FPR.csv,4a50c05e752ff384a586bdb682af6b2e7c68dba69c92d9251bcfa3332321258a
healthy_fpr,41029,RISE,159,159,22,0,0,0,0,0,/home/zhupl25/chiplet_side_channel/chiplet_gds_data/power_macro/delay_chain/ftc/analysis/b_fe_frontend/bfe8_d02_arch0_pilot/BFE8_D02_HEALTHY_FPR.csv,4a50c05e752ff384a586bdb682af6b2e7c68dba69c92d9251bcfa3332321258a
healthy_fpr,41029,FALL,135,153,24,-18,18,0,0,0,/home/zhupl25/chiplet_side_channel/chiplet_gds_data/power_macro/delay_chain/ftc/analysis/b_fe_frontend/bfe8_d02_arch0_pilot/BFE8_D02_HEALTHY_FPR.csv,4a50c05e752ff384a586bdb682af6b2e7c68dba69c92d9251bcfa3332321258a
healthy_fpr,41029,RISE,159,159,22,0,0,0,0,0,/home/zhupl25/chiplet_side_channel/chiplet_gds_data/power_macro/delay_chain/ftc/analysis/b_fe_frontend/bfe8_d02_arch0_pilot/BFE8_D02_HEALTHY_FPR.csv,4a50c05e752ff384a586bdb682af6b2e7c68dba69c92d9251bcfa3332321258a
healthy_fpr,41029,FALL,159,153,24,6,6,0,0,0,/home/zhupl25/chiplet_side_channel/chiplet_gds_data/power_macro/delay_chain/ftc/analysis/b_fe_frontend/bfe8_d02_arch0_pilot/BFE8_D02_HEALTHY_FPR.csv,4a50c05e752ff384a586bdb682af6b2e7c68dba69c92d9251bcfa3332321258a
healthy_fpr,41030,RISE,182,198,22,-16,16,0,0,0,/home/zhupl25/chiplet_side_channel/chiplet_gds_data/power_macro/delay_chain/ftc/analysis/b_fe_frontend/bfe8_d02_arch0_pilot/BFE8_D02_HEALTHY_FPR.csv,4a50c05e752ff384a586bdb682af6b2e7c68dba69c92d9251bcfa3332321258a
healthy_fpr,41030,FALL,182,182,24,0,0,0,0,0,/home/zhupl25/chiplet_side_channel/chiplet_gds_data/power_macro/delay_chain/ftc/analysis/b_fe_frontend/bfe8_d02_arch0_pilot/BFE8_D02_HEALTHY_FPR.csv,4a50c05e752ff384a586bdb682af6b2e7c68dba69c92d9251bcfa3332321258a
healthy_fpr,41030,RISE,182,198,22,-16,16,0,0,0,/home/zhupl25/chiplet_side_channel/chiplet_gds_data/power_macro/delay_chain/ftc/analysis/b_fe_frontend/bfe8_d02_arch0_pilot/BFE8_D02_HEALTHY_FPR.csv,4a50c05e752ff384a586bdb682af6b2e7c68dba69c92d9251bcfa3332321258a
healthy_fpr,41030,FALL,182,182,24,0,0,0,0,0,/home/zhupl25/chiplet_side_channel/chiplet_gds_data/power_macro/delay_chain/ftc/analysis/b_fe_frontend/bfe8_d02_arch0_pilot/BFE8_D02_HEALTHY_FPR.csv,4a50c05e752ff384a586bdb682af6b2e7c68dba69c92d9251bcfa3332321258a
healthy_fpr,41030,RISE,182,198,22,-16,16,0,0,0,/home/zhupl25/chiplet_side_channel/chiplet_gds_data/power_macro/delay_chain/ftc/analysis/b_fe_frontend/bfe8_d02_arch0_pilot/BFE8_D02_HEALTHY_FPR.csv,4a50c05e752ff384a586bdb682af6b2e7c68dba69c92d9251bcfa3332321258a
healthy_fpr,41030,FALL,182,182,24,0,0,0,0,0,/home/zhupl25/chiplet_side_channel/chiplet_gds_data/power_macro/delay_chain/ftc/analysis/b_fe_frontend/bfe8_d02_arch0_pilot/BFE8_D02_HEALTHY_FPR.csv,4a50c05e752ff384a586bdb682af6b2e7c68dba69c92d9251bcfa3332321258a
healthy_fpr,41030,RISE,204,198,22,6,6,0,0,0,/home/zhupl25/chiplet_side_channel/chiplet_gds_data/power_macro/delay_chain/ftc/analysis/b_fe_frontend/bfe8_d02_arch0_pilot/BFE8_D02_HEALTHY_FPR.csv,4a50c05e752ff384a586bdb682af6b2e7c68dba69c92d9251bcfa3332321258a
healthy_fpr,41030,FALL,182,182,24,0,0,0,0,0,/home/zhupl25/chiplet_side_channel/chiplet_gds_data/power_macro/delay_chain/ftc/analysis/b_fe_frontend/bfe8_d02_arch0_pilot/BFE8_D02_HEALTHY_FPR.csv,4a50c05e752ff384a586bdb682af6b2e7c68dba69c92d9251bcfa3332321258a
healthy_signed_rise,41001,RISE,204,198,22,6,6,0,0,0,/home/zhupl25/chiplet_side_channel/chiplet_gds_data/power_macro/delay_chain/ftc/analysis/b_fe_frontend/arch1_signed_error_separability_audit/ARCH1_SIGNED_ERROR_PER_SAMPLE.csv,cb659cdf09c65219e76d90376ac58e9cd2b2da57d8667241d69a03ae86fdca3f
healthy_signed_rise,41001,RISE,204,198,22,6,6,0,0,0,/home/zhupl25/chiplet_side_channel/chiplet_gds_data/power_macro/delay_chain/ftc/analysis/b_fe_frontend/arch1_signed_error_separability_audit/ARCH1_SIGNED_ERROR_PER_SAMPLE.csv,cb659cdf09c65219e76d90376ac58e9cd2b2da57d8667241d69a03ae86fdca3f
healthy_signed_rise,41001,RISE,204,198,22,6,6,0,0,0,/home/zhupl25/chiplet_side_channel/chiplet_gds_data/power_macro/delay_chain/ftc/analysis/b_fe_frontend/arch1_signed_error_separability_audit/ARCH1_SIGNED_ERROR_PER_SAMPLE.csv,cb659cdf09c65219e76d90376ac58e9cd2b2da57d8667241d69a03ae86fdca3f
healthy_signed_rise,41001,RISE,182,198,22,-16,16,0,0,0,/home/zhupl25/chiplet_side_channel/chiplet_gds_data/power_macro/delay_chain/ftc/analysis/b_fe_frontend/arch1_signed_error_separability_audit/ARCH1_SIGNED_ERROR_PER_SAMPLE.csv,cb659cdf09c65219e76d90376ac58e9cd2b2da57d8667241d69a03ae86fdca3f
healthy_signed_rise,41001,RISE,182,198,22,-16,16,0,0,0,/home/zhupl25/chiplet_side_channel/chiplet_gds_data/power_macro/delay_chain/ftc/analysis/b_fe_frontend/arch1_signed_error_separability_audit/ARCH1_SIGNED_ERROR_PER_SAMPLE.csv,cb659cdf09c65219e76d90376ac58e9cd2b2da57d8667241d69a03ae86fdca3f
healthy_signed_rise,41001,RISE,204,198,22,6,6,0,0,0,/home/zhupl25/chiplet_side_channel/chiplet_gds_data/power_macro/delay_chain/ftc/analysis/b_fe_frontend/arch1_signed_error_separability_audit/ARCH1_SIGNED_ERROR_PER_SAMPLE.csv,cb659cdf09c65219e76d90376ac58e9cd2b2da57d8667241d69a03ae86fdca3f
healthy_signed_rise,41001,RISE,182,198,22,-16,16,0,0,0,/home/zhupl25/chiplet_side_channel/chiplet_gds_data/power_macro/delay_chain/ftc/analysis/b_fe_frontend/arch1_signed_error_separability_audit/ARCH1_SIGNED_ERROR_PER_SAMPLE.csv,cb659cdf09c65219e76d90376ac58e9cd2b2da57d8667241d69a03ae86fdca3f
healthy_signed_rise,41001,RISE,182,198,22,-16,16,0,0,0,/home/zhupl25/chiplet_side_channel/chiplet_gds_data/power_macro/delay_chain/ftc/analysis/b_fe_frontend/arch1_signed_error_separability_audit/ARCH1_SIGNED_ERROR_PER_SAMPLE.csv,cb659cdf09c65219e76d90376ac58e9cd2b2da57d8667241d69a03ae86fdca3f
healthy_signed_rise,41001,RISE,182,198,22,-16,16,0,0,0,/home/zhupl25/chiplet_side_channel/chiplet_gds_data/power_macro/delay_chain/ftc/analysis/b_fe_frontend/arch1_signed_error_separability_audit/ARCH1_SIGNED_ERROR_PER_SAMPLE.csv,cb659cdf09c65219e76d90376ac58e9cd2b2da57d8667241d69a03ae86fdca3f
healthy_signed_rise,41001,RISE,182,198,22,-16,16,0,0,0,/home/zhupl25/chiplet_side_channel/chiplet_gds_data/power_macro/delay_chain/ftc/analysis/b_fe_frontend/arch1_signed_error_separability_audit/ARCH1_SIGNED_ERROR_PER_SAMPLE.csv,cb659cdf09c65219e76d90376ac58e9cd2b2da57d8667241d69a03ae86fdca3f
healthy_signed_rise,41001,RISE,182,198,22,-16,16,0,0,0,/home/zhupl25/chiplet_side_channel/chiplet_gds_data/power_macro/delay_chain/ftc/analysis/b_fe_frontend/arch1_signed_error_separability_audit/ARCH1_SIGNED_ERROR_PER_SAMPLE.csv,cb659cdf09c65219e76d90376ac58e9cd2b2da57d8667241d69a03ae86fdca3f
healthy_signed_rise,41001,RISE,204,198,22,6,6,0,0,0,/home/zhupl25/chiplet_side_channel/chiplet_gds_data/power_macro/delay_chain/ftc/analysis/b_fe_frontend/arch1_signed_error_separability_audit/ARCH1_SIGNED_ERROR_PER_SAMPLE.csv,cb659cdf09c65219e76d90376ac58e9cd2b2da57d8667241d69a03ae86fdca3f
healthy_signed_rise,41002,RISE,204,198,22,6,6,0,0,0,/home/zhupl25/chiplet_side_channel/chiplet_gds_data/power_macro/delay_chain/ftc/analysis/b_fe_frontend/arch1_signed_error_separability_audit/ARCH1_SIGNED_ERROR_PER_SAMPLE.csv,cb659cdf09c65219e76d90376ac58e9cd2b2da57d8667241d69a03ae86fdca3f
healthy_signed_rise,41002,RISE,204,198,22,6,6,0,0,0,/home/zhupl25/chiplet_side_channel/chiplet_gds_data/power_macro/delay_chain/ftc/analysis/b_fe_frontend/arch1_signed_error_separability_audit/ARCH1_SIGNED_ERROR_PER_SAMPLE.csv,cb659cdf09c65219e76d90376ac58e9cd2b2da57d8667241d69a03ae86fdca3f
healthy_signed_rise,41002,RISE,204,198,22,6,6,0,0,0,/home/zhupl25/chiplet_side_channel/chiplet_gds_data/power_macro/delay_chain/ftc/analysis/b_fe_frontend/arch1_signed_error_separability_audit/ARCH1_SIGNED_ERROR_PER_SAMPLE.csv,cb659cdf09c65219e76d90376ac58e9cd2b2da57d8667241d69a03ae86fdca3f
healthy_signed_rise,41002,RISE,182,198,22,-16,16,0,0,0,/home/zhupl25/chiplet_side_channel/chiplet_gds_data/power_macro/delay_chain/ftc/analysis/b_fe_frontend/arch1_signed_error_separability_audit/ARCH1_SIGNED_ERROR_PER_SAMPLE.csv,cb659cdf09c65219e76d90376ac58e9cd2b2da57d8667241d69a03ae86fdca3f
healthy_signed_rise,41002,RISE,182,198,22,-16,16,0,0,0,/home/zhupl25/chiplet_side_channel/chiplet_gds_data/power_macro/delay_chain/ftc/analysis/b_fe_frontend/arch1_signed_error_separability_audit/ARCH1_SIGNED_ERROR_PER_SAMPLE.csv,cb659cdf09c65219e76d90376ac58e9cd2b2da57d8667241d69a03ae86fdca3f
healthy_signed_rise,41002,RISE,204,198,22,6,6,0,0,0,/home/zhupl25/chiplet_side_channel/chiplet_gds_data/power_macro/delay_chain/ftc/analysis/b_fe_frontend/arch1_signed_error_separability_audit/ARCH1_SIGNED_ERROR_PER_SAMPLE.csv,cb659cdf09c65219e76d90376ac58e9cd2b2da57d8667241d69a03ae86fdca3f
healthy_signed_rise,41002,RISE,182,198,22,-16,16,0,0,0,/home/zhupl25/chiplet_side_channel/chiplet_gds_data/power_macro/delay_chain/ftc/analysis/b_fe_frontend/arch1_signed_error_separability_audit/ARCH1_SIGNED_ERROR_PER_SAMPLE.csv,cb659cdf09c65219e76d90376ac58e9cd2b2da57d8667241d69a03ae86fdca3f
healthy_signed_rise,41002,RISE,204,198,22,6,6,0,0,0,/home/zhupl25/chiplet_side_channel/chiplet_gds_data/power_macro/delay_chain/ftc/analysis/b_fe_frontend/arch1_signed_error_separability_audit/ARCH1_SIGNED_ERROR_PER_SAMPLE.csv,cb659cdf09c65219e76d90376ac58e9cd2b2da57d8667241d69a03ae86fdca3f
healthy_signed_rise,41002,RISE,182,198,22,-16,16,0,0,0,/home/zhupl25/chiplet_side_channel/chiplet_gds_data/power_macro/delay_chain/ftc/analysis/b_fe_frontend/arch1_signed_error_separability_audit/ARCH1_SIGNED_ERROR_PER_SAMPLE.csv,cb659cdf09c65219e76d90376ac58e9cd2b2da57d8667241d69a03ae86fdca3f
healthy_signed_rise,41002,RISE,182,198,22,-16,16,0,0,0,/home/zhupl25/chiplet_side_channel/chiplet_gds_data/power_macro/delay_chain/ftc/analysis/b_fe_frontend/arch1_signed_error_separability_audit/ARCH1_SIGNED_ERROR_PER_SAMPLE.csv,cb659cdf09c65219e76d90376ac58e9cd2b2da57d8667241d69a03ae86fdca3f
healthy_signed_rise,41002,RISE,182,198,22,-16,16,0,0,0,/home/zhupl25/chiplet_side_channel/chiplet_gds_data/power_macro/delay_chain/ftc/analysis/b_fe_frontend/arch1_signed_error_separability_audit/ARCH1_SIGNED_ERROR_PER_SAMPLE.csv,cb659cdf09c65219e76d90376ac58e9cd2b2da57d8667241d69a03ae86fdca3f
healthy_signed_rise,41002,RISE,204,198,22,6,6,0,0,0,/home/zhupl25/chiplet_side_channel/chiplet_gds_data/power_macro/delay_chain/ftc/analysis/b_fe_frontend/arch1_signed_error_separability_audit/ARCH1_SIGNED_ERROR_PER_SAMPLE.csv,cb659cdf09c65219e76d90376ac58e9cd2b2da57d8667241d69a03ae86fdca3f
healthy_signed_rise,41003,RISE,159,159,22,0,0,0,0,0,/home/zhupl25/chiplet_side_channel/chiplet_gds_data/power_macro/delay_chain/ftc/analysis/b_fe_frontend/arch1_signed_error_separability_audit/ARCH1_SIGNED_ERROR_PER_SAMPLE.csv,cb659cdf09c65219e76d90376ac58e9cd2b2da57d8667241d69a03ae86fdca3f
healthy_signed_rise,41003,RISE,159,159,22,0,0,0,0,0,/home/zhupl25/chiplet_side_channel/chiplet_gds_data/power_macro/delay_chain/ftc/analysis/b_fe_frontend/arch1_signed_error_separability_audit/ARCH1_SIGNED_ERROR_PER_SAMPLE.csv,cb659cdf09c65219e76d90376ac58e9cd2b2da57d8667241d69a03ae86fdca3f
healthy_signed_rise,41003,RISE,159,159,22,0,0,0,0,0,/home/zhupl25/chiplet_side_channel/chiplet_gds_data/power_macro/delay_chain/ftc/analysis/b_fe_frontend/arch1_signed_error_separability_audit/ARCH1_SIGNED_ERROR_PER_SAMPLE.csv,cb659cdf09c65219e76d90376ac58e9cd2b2da57d8667241d69a03ae86fdca3f
healthy_signed_rise,41003,RISE,159,159,22,0,0,0,0,0,/home/zhupl25/chiplet_side_channel/chiplet_gds_data/power_macro/delay_chain/ftc/analysis/b_fe_frontend/arch1_signed_error_separability_audit/ARCH1_SIGNED_ERROR_PER_SAMPLE.csv,cb659cdf09c65219e76d90376ac58e9cd2b2da57d8667241d69a03ae86fdca3f
healthy_signed_rise,41003,RISE,159,159,22,0,0,0,0,0,/home/zhupl25/chiplet_side_channel/chiplet_gds_data/power_macro/delay_chain/ftc/analysis/b_fe_frontend/arch1_signed_error_separability_audit/ARCH1_SIGNED_ERROR_PER_SAMPLE.csv,cb659cdf09c65219e76d90376ac58e9cd2b2da57d8667241d69a03ae86fdca3f
healthy_signed_rise,41003,RISE,159,159,22,0,0,0,0,0,/home/zhupl25/chiplet_side_channel/chiplet_gds_data/power_macro/delay_chain/ftc/analysis/b_fe_frontend/arch1_signed_error_separability_audit/ARCH1_SIGNED_ERROR_PER_SAMPLE.csv,cb659cdf09c65219e76d90376ac58e9cd2b2da57d8667241d69a03ae86fdca3f
healthy_signed_rise,41003,RISE,159,159,22,0,0,0,0,0,/home/zhupl25/chiplet_side_channel/chiplet_gds_data/power_macro/delay_chain/ftc/analysis/b_fe_frontend/arch1_signed_error_separability_audit/ARCH1_SIGNED_ERROR_PER_SAMPLE.csv,cb659cdf09c65219e76d90376ac58e9cd2b2da57d8667241d69a03ae86fdca3f
healthy_signed_rise,41003,RISE,159,159,22,0,0,0,0,0,/home/zhupl25/chiplet_side_channel/chiplet_gds_data/power_macro/delay_chain/ftc/analysis/b_fe_frontend/arch1_signed_error_separability_audit/ARCH1_SIGNED_ERROR_PER_SAMPLE.csv,cb659cdf09c65219e76d90376ac58e9cd2b2da57d8667241d69a03ae86fdca3f
healthy_signed_rise,41003,RISE,159,159,22,0,0,0,0,0,/home/zhupl25/chiplet_side_channel/chiplet_gds_data/power_macro/delay_chain/ftc/analysis/b_fe_frontend/arch1_signed_error_separability_audit/ARCH1_SIGNED_ERROR_PER_SAMPLE.csv,cb659cdf09c65219e76d90376ac58e9cd2b2da57d8667241d69a03ae86fdca3f
healthy_signed_rise,41003,RISE,159,159,22,0,0,0,0,0,/home/zhupl25/chiplet_side_channel/chiplet_gds_data/power_macro/delay_chain/ftc/analysis/b_fe_frontend/arch1_signed_error_separability_audit/ARCH1_SIGNED_ERROR_PER_SAMPLE.csv,cb659cdf09c65219e76d90376ac58e9cd2b2da57d8667241d69a03ae86fdca3f
healthy_signed_rise,41003,RISE,159,159,22,0,0,0,0,0,/home/zhupl25/chiplet_side_channel/chiplet_gds_data/power_macro/delay_chain/ftc/analysis/b_fe_frontend/arch1_signed_error_separability_audit/ARCH1_SIGNED_ERROR_PER_SAMPLE.csv,cb659cdf09c65219e76d90376ac58e9cd2b2da57d8667241d69a03ae86fdca3f
healthy_signed_rise,41003,RISE,159,159,22,0,0,0,0,0,/home/zhupl25/chiplet_side_channel/chiplet_gds_data/power_macro/delay_chain/ftc/analysis/b_fe_frontend/arch1_signed_error_separability_audit/ARCH1_SIGNED_ERROR_PER_SAMPLE.csv,cb659cdf09c65219e76d90376ac58e9cd2b2da57d8667241d69a03ae86fdca3f
healthy_signed_rise,41004,RISE,182,187,22,-5,5,0,0,0,/home/zhupl25/chiplet_side_channel/chiplet_gds_data/power_macro/delay_chain/ftc/analysis/b_fe_frontend/arch1_signed_error_separability_audit/ARCH1_SIGNED_ERROR_PER_SAMPLE.csv,cb659cdf09c65219e76d90376ac58e9cd2b2da57d8667241d69a03ae86fdca3f
healthy_signed_rise,41004,RISE,182,187,22,-5,5,0,0,0,/home/zhupl25/chiplet_side_channel/chiplet_gds_data/power_macro/delay_chain/ftc/analysis/b_fe_frontend/arch1_signed_error_separability_audit/ARCH1_SIGNED_ERROR_PER_SAMPLE.csv,cb659cdf09c65219e76d90376ac58e9cd2b2da57d8667241d69a03ae86fdca3f
healthy_signed_rise,41004,RISE,204,187,22,17,17,0,0,0,/home/zhupl25/chiplet_side_channel/chiplet_gds_data/power_macro/delay_chain/ftc/analysis/b_fe_frontend/arch1_signed_error_separability_audit/ARCH1_SIGNED_ERROR_PER_SAMPLE.csv,cb659cdf09c65219e76d90376ac58e9cd2b2da57d8667241d69a03ae86fdca3f
healthy_signed_rise,41004,RISE,182,187,22,-5,5,0,0,0,/home/zhupl25/chiplet_side_channel/chiplet_gds_data/power_macro/delay_chain/ftc/analysis/b_fe_frontend/arch1_signed_error_separability_audit/ARCH1_SIGNED_ERROR_PER_SAMPLE.csv,cb659cdf09c65219e76d90376ac58e9cd2b2da57d8667241d69a03ae86fdca3f
healthy_signed_rise,41004,RISE,182,187,22,-5,5,0,0,0,/home/zhupl25/chiplet_side_channel/chiplet_gds_data/power_macro/delay_chain/ftc/analysis/b_fe_frontend/arch1_signed_error_separability_audit/ARCH1_SIGNED_ERROR_PER_SAMPLE.csv,cb659cdf09c65219e76d90376ac58e9cd2b2da57d8667241d69a03ae86fdca3f
healthy_signed_rise,41004,RISE,182,187,22,-5,5,0,0,0,/home/zhupl25/chiplet_side_channel/chiplet_gds_data/power_macro/delay_chain/ftc/analysis/b_fe_frontend/arch1_signed_error_separability_audit/ARCH1_SIGNED_ERROR_PER_SAMPLE.csv,cb659cdf09c65219e76d90376ac58e9cd2b2da57d8667241d69a03ae86fdca3f
healthy_signed_rise,41004,RISE,182,187,22,-5,5,0,0,0,/home/zhupl25/chiplet_side_channel/chiplet_gds_data/power_macro/delay_chain/ftc/analysis/b_fe_frontend/arch1_signed_error_separability_audit/ARCH1_SIGNED_ERROR_PER_SAMPLE.csv,cb659cdf09c65219e76d90376ac58e9cd2b2da57d8667241d69a03ae86fdca3f
healthy_signed_rise,41004,RISE,182,187,22,-5,5,0,0,0,/home/zhupl25/chiplet_side_channel/chiplet_gds_data/power_macro/delay_chain/ftc/analysis/b_fe_frontend/arch1_signed_error_separability_audit/ARCH1_SIGNED_ERROR_PER_SAMPLE.csv,cb659cdf09c65219e76d90376ac58e9cd2b2da57d8667241d69a03ae86fdca3f
healthy_signed_rise,41004,RISE,182,187,22,-5,5,0,0,0,/home/zhupl25/chiplet_side_channel/chiplet_gds_data/power_macro/delay_chain/ftc/analysis/b_fe_frontend/arch1_signed_error_separability_audit/ARCH1_SIGNED_ERROR_PER_SAMPLE.csv,cb659cdf09c65219e76d90376ac58e9cd2b2da57d8667241d69a03ae86fdca3f
healthy_signed_rise,41004,RISE,182,187,22,-5,5,0,0,0,/home/zhupl25/chiplet_side_channel/chiplet_gds_data/power_macro/delay_chain/ftc/analysis/b_fe_frontend/arch1_signed_error_separability_audit/ARCH1_SIGNED_ERROR_PER_SAMPLE.csv,cb659cdf09c65219e76d90376ac58e9cd2b2da57d8667241d69a03ae86fdca3f
healthy_signed_rise,41004,RISE,182,187,22,-5,5,0,0,0,/home/zhupl25/chiplet_side_channel/chiplet_gds_data/power_macro/delay_chain/ftc/analysis/b_fe_frontend/arch1_signed_error_separability_audit/ARCH1_SIGNED_ERROR_PER_SAMPLE.csv,cb659cdf09c65219e76d90376ac58e9cd2b2da57d8667241d69a03ae86fdca3f
healthy_signed_rise,41004,RISE,182,187,22,-5,5,0,0,0,/home/zhupl25/chiplet_side_channel/chiplet_gds_data/power_macro/delay_chain/ftc/analysis/b_fe_frontend/arch1_signed_error_separability_audit/ARCH1_SIGNED_ERROR_PER_SAMPLE.csv,cb659cdf09c65219e76d90376ac58e9cd2b2da57d8667241d69a03ae86fdca3f
healthy_signed_rise,41005,RISE,204,204,22,0,0,0,0,0,/home/zhupl25/chiplet_side_channel/chiplet_gds_data/power_macro/delay_chain/ftc/analysis/b_fe_frontend/arch1_signed_error_separability_audit/ARCH1_SIGNED_ERROR_PER_SAMPLE.csv,cb659cdf09c65219e76d90376ac58e9cd2b2da57d8667241d69a03ae86fdca3f
healthy_signed_rise,41005,RISE,204,204,22,0,0,0,0,0,/home/zhupl25/chiplet_side_channel/chiplet_gds_data/power_macro/delay_chain/ftc/analysis/b_fe_frontend/arch1_signed_error_separability_audit/ARCH1_SIGNED_ERROR_PER_SAMPLE.csv,cb659cdf09c65219e76d90376ac58e9cd2b2da57d8667241d69a03ae86fdca3f
healthy_signed_rise,41005,RISE,204,204,22,0,0,0,0,0,/home/zhupl25/chiplet_side_channel/chiplet_gds_data/power_macro/delay_chain/ftc/analysis/b_fe_frontend/arch1_signed_error_separability_audit/ARCH1_SIGNED_ERROR_PER_SAMPLE.csv,cb659cdf09c65219e76d90376ac58e9cd2b2da57d8667241d69a03ae86fdca3f
healthy_signed_rise,41005,RISE,204,204,22,0,0,0,0,0,/home/zhupl25/chiplet_side_channel/chiplet_gds_data/power_macro/delay_chain/ftc/analysis/b_fe_frontend/arch1_signed_error_separability_audit/ARCH1_SIGNED_ERROR_PER_SAMPLE.csv,cb659cdf09c65219e76d90376ac58e9cd2b2da57d8667241d69a03ae86fdca3f
healthy_signed_rise,41005,RISE,204,204,22,0,0,0,0,0,/home/zhupl25/chiplet_side_channel/chiplet_gds_data/power_macro/delay_chain/ftc/analysis/b_fe_frontend/arch1_signed_error_separability_audit/ARCH1_SIGNED_ERROR_PER_SAMPLE.csv,cb659cdf09c65219e76d90376ac58e9cd2b2da57d8667241d69a03ae86fdca3f
healthy_signed_rise,41005,RISE,204,204,22,0,0,0,0,0,/home/zhupl25/chiplet_side_channel/chiplet_gds_data/power_macro/delay_chain/ftc/analysis/b_fe_frontend/arch1_signed_error_separability_audit/ARCH1_SIGNED_ERROR_PER_SAMPLE.csv,cb659cdf09c65219e76d90376ac58e9cd2b2da57d8667241d69a03ae86fdca3f
healthy_signed_rise,41005,RISE,204,204,22,0,0,0,0,0,/home/zhupl25/chiplet_side_channel/chiplet_gds_data/power_macro/delay_chain/ftc/analysis/b_fe_frontend/arch1_signed_error_separability_audit/ARCH1_SIGNED_ERROR_PER_SAMPLE.csv,cb659cdf09c65219e76d90376ac58e9cd2b2da57d8667241d69a03ae86fdca3f
healthy_signed_rise,41005,RISE,204,204,22,0,0,0,0,0,/home/zhupl25/chiplet_side_channel/chiplet_gds_data/power_macro/delay_chain/ftc/analysis/b_fe_frontend/arch1_signed_error_separability_audit/ARCH1_SIGNED_ERROR_PER_SAMPLE.csv,cb659cdf09c65219e76d90376ac58e9cd2b2da57d8667241d69a03ae86fdca3f
healthy_signed_rise,41005,RISE,204,204,22,0,0,0,0,0,/home/zhupl25/chiplet_side_channel/chiplet_gds_data/power_macro/delay_chain/ftc/analysis/b_fe_frontend/arch1_signed_error_separability_audit/ARCH1_SIGNED_ERROR_PER_SAMPLE.csv,cb659cdf09c65219e76d90376ac58e9cd2b2da57d8667241d69a03ae86fdca3f
healthy_signed_rise,41005,RISE,204,204,22,0,0,0,0,0,/home/zhupl25/chiplet_side_channel/chiplet_gds_data/power_macro/delay_chain/ftc/analysis/b_fe_frontend/arch1_signed_error_separability_audit/ARCH1_SIGNED_ERROR_PER_SAMPLE.csv,cb659cdf09c65219e76d90376ac58e9cd2b2da57d8667241d69a03ae86fdca3f
healthy_signed_rise,41005,RISE,204,204,22,0,0,0,0,0,/home/zhupl25/chiplet_side_channel/chiplet_gds_data/power_macro/delay_chain/ftc/analysis/b_fe_frontend/arch1_signed_error_separability_audit/ARCH1_SIGNED_ERROR_PER_SAMPLE.csv,cb659cdf09c65219e76d90376ac58e9cd2b2da57d8667241d69a03ae86fdca3f
healthy_signed_rise,41005,RISE,204,204,22,0,0,0,0,0,/home/zhupl25/chiplet_side_channel/chiplet_gds_data/power_macro/delay_chain/ftc/analysis/b_fe_frontend/arch1_signed_error_separability_audit/ARCH1_SIGNED_ERROR_PER_SAMPLE.csv,cb659cdf09c65219e76d90376ac58e9cd2b2da57d8667241d69a03ae86fdca3f
healthy_signed_rise,41006,RISE,182,182,22,0,0,0,0,0,/home/zhupl25/chiplet_side_channel/chiplet_gds_data/power_macro/delay_chain/ftc/analysis/b_fe_frontend/arch1_signed_error_separability_audit/ARCH1_SIGNED_ERROR_PER_SAMPLE.csv,cb659cdf09c65219e76d90376ac58e9cd2b2da57d8667241d69a03ae86fdca3f
healthy_signed_rise,41006,RISE,182,182,22,0,0,0,0,0,/home/zhupl25/chiplet_side_channel/chiplet_gds_data/power_macro/delay_chain/ftc/analysis/b_fe_frontend/arch1_signed_error_separability_audit/ARCH1_SIGNED_ERROR_PER_SAMPLE.csv,cb659cdf09c65219e76d90376ac58e9cd2b2da57d8667241d69a03ae86fdca3f
healthy_signed_rise,41006,RISE,182,182,22,0,0,0,0,0,/home/zhupl25/chiplet_side_channel/chiplet_gds_data/power_macro/delay_chain/ftc/analysis/b_fe_frontend/arch1_signed_error_separability_audit/ARCH1_SIGNED_ERROR_PER_SAMPLE.csv,cb659cdf09c65219e76d90376ac58e9cd2b2da57d8667241d69a03ae86fdca3f
healthy_signed_rise,41006,RISE,182,182,22,0,0,0,0,0,/home/zhupl25/chiplet_side_channel/chiplet_gds_data/power_macro/delay_chain/ftc/analysis/b_fe_frontend/arch1_signed_error_separability_audit/ARCH1_SIGNED_ERROR_PER_SAMPLE.csv,cb659cdf09c65219e76d90376ac58e9cd2b2da57d8667241d69a03ae86fdca3f
healthy_signed_rise,41006,RISE,182,182,22,0,0,0,0,0,/home/zhupl25/chiplet_side_channel/chiplet_gds_data/power_macro/delay_chain/ftc/analysis/b_fe_frontend/arch1_signed_error_separability_audit/ARCH1_SIGNED_ERROR_PER_SAMPLE.csv,cb659cdf09c65219e76d90376ac58e9cd2b2da57d8667241d69a03ae86fdca3f
healthy_signed_rise,41006,RISE,182,182,22,0,0,0,0,0,/home/zhupl25/chiplet_side_channel/chiplet_gds_data/power_macro/delay_chain/ftc/analysis/b_fe_frontend/arch1_signed_error_separability_audit/ARCH1_SIGNED_ERROR_PER_SAMPLE.csv,cb659cdf09c65219e76d90376ac58e9cd2b2da57d8667241d69a03ae86fdca3f
healthy_signed_rise,41006,RISE,182,182,22,0,0,0,0,0,/home/zhupl25/chiplet_side_channel/chiplet_gds_data/power_macro/delay_chain/ftc/analysis/b_fe_frontend/arch1_signed_error_separability_audit/ARCH1_SIGNED_ERROR_PER_SAMPLE.csv,cb659cdf09c65219e76d90376ac58e9cd2b2da57d8667241d69a03ae86fdca3f
healthy_signed_rise,41006,RISE,182,182,22,0,0,0,0,0,/home/zhupl25/chiplet_side_channel/chiplet_gds_data/power_macro/delay_chain/ftc/analysis/b_fe_frontend/arch1_signed_error_separability_audit/ARCH1_SIGNED_ERROR_PER_SAMPLE.csv,cb659cdf09c65219e76d90376ac58e9cd2b2da57d8667241d69a03ae86fdca3f
healthy_signed_rise,41006,RISE,182,182,22,0,0,0,0,0,/home/zhupl25/chiplet_side_channel/chiplet_gds_data/power_macro/delay_chain/ftc/analysis/b_fe_frontend/arch1_signed_error_separability_audit/ARCH1_SIGNED_ERROR_PER_SAMPLE.csv,cb659cdf09c65219e76d90376ac58e9cd2b2da57d8667241d69a03ae86fdca3f
healthy_signed_rise,41006,RISE,182,182,22,0,0,0,0,0,/home/zhupl25/chiplet_side_channel/chiplet_gds_data/power_macro/delay_chain/ftc/analysis/b_fe_frontend/arch1_signed_error_separability_audit/ARCH1_SIGNED_ERROR_PER_SAMPLE.csv,cb659cdf09c65219e76d90376ac58e9cd2b2da57d8667241d69a03ae86fdca3f
healthy_signed_rise,41006,RISE,182,182,22,0,0,0,0,0,/home/zhupl25/chiplet_side_channel/chiplet_gds_data/power_macro/delay_chain/ftc/analysis/b_fe_frontend/arch1_signed_error_separability_audit/ARCH1_SIGNED_ERROR_PER_SAMPLE.csv,cb659cdf09c65219e76d90376ac58e9cd2b2da57d8667241d69a03ae86fdca3f
healthy_signed_rise,41006,RISE,182,182,22,0,0,0,0,0,/home/zhupl25/chiplet_side_channel/chiplet_gds_data/power_macro/delay_chain/ftc/analysis/b_fe_frontend/arch1_signed_error_separability_audit/ARCH1_SIGNED_ERROR_PER_SAMPLE.csv,cb659cdf09c65219e76d90376ac58e9cd2b2da57d8667241d69a03ae86fdca3f
healthy_signed_rise,41007,RISE,204,204,22,0,0,0,0,0,/home/zhupl25/chiplet_side_channel/chiplet_gds_data/power_macro/delay_chain/ftc/analysis/b_fe_frontend/arch1_signed_error_separability_audit/ARCH1_SIGNED_ERROR_PER_SAMPLE.csv,cb659cdf09c65219e76d90376ac58e9cd2b2da57d8667241d69a03ae86fdca3f
healthy_signed_rise,41007,RISE,204,204,22,0,0,0,0,0,/home/zhupl25/chiplet_side_channel/chiplet_gds_data/power_macro/delay_chain/ftc/analysis/b_fe_frontend/arch1_signed_error_separability_audit/ARCH1_SIGNED_ERROR_PER_SAMPLE.csv,cb659cdf09c65219e76d90376ac58e9cd2b2da57d8667241d69a03ae86fdca3f
healthy_signed_rise,41007,RISE,204,204,22,0,0,0,0,0,/home/zhupl25/chiplet_side_channel/chiplet_gds_data/power_macro/delay_chain/ftc/analysis/b_fe_frontend/arch1_signed_error_separability_audit/ARCH1_SIGNED_ERROR_PER_SAMPLE.csv,cb659cdf09c65219e76d90376ac58e9cd2b2da57d8667241d69a03ae86fdca3f
healthy_signed_rise,41007,RISE,204,204,22,0,0,0,0,0,/home/zhupl25/chiplet_side_channel/chiplet_gds_data/power_macro/delay_chain/ftc/analysis/b_fe_frontend/arch1_signed_error_separability_audit/ARCH1_SIGNED_ERROR_PER_SAMPLE.csv,cb659cdf09c65219e76d90376ac58e9cd2b2da57d8667241d69a03ae86fdca3f
healthy_signed_rise,41007,RISE,204,204,22,0,0,0,0,0,/home/zhupl25/chiplet_side_channel/chiplet_gds_data/power_macro/delay_chain/ftc/analysis/b_fe_frontend/arch1_signed_error_separability_audit/ARCH1_SIGNED_ERROR_PER_SAMPLE.csv,cb659cdf09c65219e76d90376ac58e9cd2b2da57d8667241d69a03ae86fdca3f
healthy_signed_rise,41007,RISE,204,204,22,0,0,0,0,0,/home/zhupl25/chiplet_side_channel/chiplet_gds_data/power_macro/delay_chain/ftc/analysis/b_fe_frontend/arch1_signed_error_separability_audit/ARCH1_SIGNED_ERROR_PER_SAMPLE.csv,cb659cdf09c65219e76d90376ac58e9cd2b2da57d8667241d69a03ae86fdca3f
healthy_signed_rise,41007,RISE,182,204,22,-22,22,0,0,0,/home/zhupl25/chiplet_side_channel/chiplet_gds_data/power_macro/delay_chain/ftc/analysis/b_fe_frontend/arch1_signed_error_separability_audit/ARCH1_SIGNED_ERROR_PER_SAMPLE.csv,cb659cdf09c65219e76d90376ac58e9cd2b2da57d8667241d69a03ae86fdca3f
healthy_signed_rise,41007,RISE,204,204,22,0,0,0,0,0,/home/zhupl25/chiplet_side_channel/chiplet_gds_data/power_macro/delay_chain/ftc/analysis/b_fe_frontend/arch1_signed_error_separability_audit/ARCH1_SIGNED_ERROR_PER_SAMPLE.csv,cb659cdf09c65219e76d90376ac58e9cd2b2da57d8667241d69a03ae86fdca3f
healthy_signed_rise,41007,RISE,204,204,22,0,0,0,0,0,/home/zhupl25/chiplet_side_channel/chiplet_gds_data/power_macro/delay_chain/ftc/analysis/b_fe_frontend/arch1_signed_error_separability_audit/ARCH1_SIGNED_ERROR_PER_SAMPLE.csv,cb659cdf09c65219e76d90376ac58e9cd2b2da57d8667241d69a03ae86fdca3f
healthy_signed_rise,41007,RISE,204,204,22,0,0,0,0,0,/home/zhupl25/chiplet_side_channel/chiplet_gds_data/power_macro/delay_chain/ftc/analysis/b_fe_frontend/arch1_signed_error_separability_audit/ARCH1_SIGNED_ERROR_PER_SAMPLE.csv,cb659cdf09c65219e76d90376ac58e9cd2b2da57d8667241d69a03ae86fdca3f
healthy_signed_rise,41007,RISE,182,204,22,-22,22,0,0,0,/home/zhupl25/chiplet_side_channel/chiplet_gds_data/power_macro/delay_chain/ftc/analysis/b_fe_frontend/arch1_signed_error_separability_audit/ARCH1_SIGNED_ERROR_PER_SAMPLE.csv,cb659cdf09c65219e76d90376ac58e9cd2b2da57d8667241d69a03ae86fdca3f
healthy_signed_rise,41007,RISE,204,204,22,0,0,0,0,0,/home/zhupl25/chiplet_side_channel/chiplet_gds_data/power_macro/delay_chain/ftc/analysis/b_fe_frontend/arch1_signed_error_separability_audit/ARCH1_SIGNED_ERROR_PER_SAMPLE.csv,cb659cdf09c65219e76d90376ac58e9cd2b2da57d8667241d69a03ae86fdca3f
healthy_signed_rise,41008,RISE,182,182,22,0,0,0,0,0,/home/zhupl25/chiplet_side_channel/chiplet_gds_data/power_macro/delay_chain/ftc/analysis/b_fe_frontend/arch1_signed_error_separability_audit/ARCH1_SIGNED_ERROR_PER_SAMPLE.csv,cb659cdf09c65219e76d90376ac58e9cd2b2da57d8667241d69a03ae86fdca3f
healthy_signed_rise,41008,RISE,182,182,22,0,0,0,0,0,/home/zhupl25/chiplet_side_channel/chiplet_gds_data/power_macro/delay_chain/ftc/analysis/b_fe_frontend/arch1_signed_error_separability_audit/ARCH1_SIGNED_ERROR_PER_SAMPLE.csv,cb659cdf09c65219e76d90376ac58e9cd2b2da57d8667241d69a03ae86fdca3f
healthy_signed_rise,41008,RISE,182,182,22,0,0,0,0,0,/home/zhupl25/chiplet_side_channel/chiplet_gds_data/power_macro/delay_chain/ftc/analysis/b_fe_frontend/arch1_signed_error_separability_audit/ARCH1_SIGNED_ERROR_PER_SAMPLE.csv,cb659cdf09c65219e76d90376ac58e9cd2b2da57d8667241d69a03ae86fdca3f
healthy_signed_rise,41008,RISE,182,182,22,0,0,0,0,0,/home/zhupl25/chiplet_side_channel/chiplet_gds_data/power_macro/delay_chain/ftc/analysis/b_fe_frontend/arch1_signed_error_separability_audit/ARCH1_SIGNED_ERROR_PER_SAMPLE.csv,cb659cdf09c65219e76d90376ac58e9cd2b2da57d8667241d69a03ae86fdca3f
healthy_signed_rise,41008,RISE,182,182,22,0,0,0,0,0,/home/zhupl25/chiplet_side_channel/chiplet_gds_data/power_macro/delay_chain/ftc/analysis/b_fe_frontend/arch1_signed_error_separability_audit/ARCH1_SIGNED_ERROR_PER_SAMPLE.csv,cb659cdf09c65219e76d90376ac58e9cd2b2da57d8667241d69a03ae86fdca3f
healthy_signed_rise,41008,RISE,182,182,22,0,0,0,0,0,/home/zhupl25/chiplet_side_channel/chiplet_gds_data/power_macro/delay_chain/ftc/analysis/b_fe_frontend/arch1_signed_error_separability_audit/ARCH1_SIGNED_ERROR_PER_SAMPLE.csv,cb659cdf09c65219e76d90376ac58e9cd2b2da57d8667241d69a03ae86fdca3f
healthy_signed_rise,41008,RISE,182,182,22,0,0,0,0,0,/home/zhupl25/chiplet_side_channel/chiplet_gds_data/power_macro/delay_chain/ftc/analysis/b_fe_frontend/arch1_signed_error_separability_audit/ARCH1_SIGNED_ERROR_PER_SAMPLE.csv,cb659cdf09c65219e76d90376ac58e9cd2b2da57d8667241d69a03ae86fdca3f
healthy_signed_rise,41008,RISE,182,182,22,0,0,0,0,0,/home/zhupl25/chiplet_side_channel/chiplet_gds_data/power_macro/delay_chain/ftc/analysis/b_fe_frontend/arch1_signed_error_separability_audit/ARCH1_SIGNED_ERROR_PER_SAMPLE.csv,cb659cdf09c65219e76d90376ac58e9cd2b2da57d8667241d69a03ae86fdca3f
healthy_signed_rise,41008,RISE,182,182,22,0,0,0,0,0,/home/zhupl25/chiplet_side_channel/chiplet_gds_data/power_macro/delay_chain/ftc/analysis/b_fe_frontend/arch1_signed_error_separability_audit/ARCH1_SIGNED_ERROR_PER_SAMPLE.csv,cb659cdf09c65219e76d90376ac58e9cd2b2da57d8667241d69a03ae86fdca3f
healthy_signed_rise,41008,RISE,182,182,22,0,0,0,0,0,/home/zhupl25/chiplet_side_channel/chiplet_gds_data/power_macro/delay_chain/ftc/analysis/b_fe_frontend/arch1_signed_error_separability_audit/ARCH1_SIGNED_ERROR_PER_SAMPLE.csv,cb659cdf09c65219e76d90376ac58e9cd2b2da57d8667241d69a03ae86fdca3f
healthy_signed_rise,41008,RISE,182,182,22,0,0,0,0,0,/home/zhupl25/chiplet_side_channel/chiplet_gds_data/power_macro/delay_chain/ftc/analysis/b_fe_frontend/arch1_signed_error_separability_audit/ARCH1_SIGNED_ERROR_PER_SAMPLE.csv,cb659cdf09c65219e76d90376ac58e9cd2b2da57d8667241d69a03ae86fdca3f
healthy_signed_rise,41008,RISE,182,182,22,0,0,0,0,0,/home/zhupl25/chiplet_side_channel/chiplet_gds_data/power_macro/delay_chain/ftc/analysis/b_fe_frontend/arch1_signed_error_separability_audit/ARCH1_SIGNED_ERROR_PER_SAMPLE.csv,cb659cdf09c65219e76d90376ac58e9cd2b2da57d8667241d69a03ae86fdca3f
healthy_signed_rise,41009,RISE,182,187,22,-5,5,0,0,0,/home/zhupl25/chiplet_side_channel/chiplet_gds_data/power_macro/delay_chain/ftc/analysis/b_fe_frontend/arch1_signed_error_separability_audit/ARCH1_SIGNED_ERROR_PER_SAMPLE.csv,cb659cdf09c65219e76d90376ac58e9cd2b2da57d8667241d69a03ae86fdca3f
healthy_signed_rise,41009,RISE,182,187,22,-5,5,0,0,0,/home/zhupl25/chiplet_side_channel/chiplet_gds_data/power_macro/delay_chain/ftc/analysis/b_fe_frontend/arch1_signed_error_separability_audit/ARCH1_SIGNED_ERROR_PER_SAMPLE.csv,cb659cdf09c65219e76d90376ac58e9cd2b2da57d8667241d69a03ae86fdca3f
healthy_signed_rise,41009,RISE,204,187,22,17,17,0,0,0,/home/zhupl25/chiplet_side_channel/chiplet_gds_data/power_macro/delay_chain/ftc/analysis/b_fe_frontend/arch1_signed_error_separability_audit/ARCH1_SIGNED_ERROR_PER_SAMPLE.csv,cb659cdf09c65219e76d90376ac58e9cd2b2da57d8667241d69a03ae86fdca3f
healthy_signed_rise,41009,RISE,182,187,22,-5,5,0,0,0,/home/zhupl25/chiplet_side_channel/chiplet_gds_data/power_macro/delay_chain/ftc/analysis/b_fe_frontend/arch1_signed_error_separability_audit/ARCH1_SIGNED_ERROR_PER_SAMPLE.csv,cb659cdf09c65219e76d90376ac58e9cd2b2da57d8667241d69a03ae86fdca3f
healthy_signed_rise,41009,RISE,182,187,22,-5,5,0,0,0,/home/zhupl25/chiplet_side_channel/chiplet_gds_data/power_macro/delay_chain/ftc/analysis/b_fe_frontend/arch1_signed_error_separability_audit/ARCH1_SIGNED_ERROR_PER_SAMPLE.csv,cb659cdf09c65219e76d90376ac58e9cd2b2da57d8667241d69a03ae86fdca3f
healthy_signed_rise,41009,RISE,182,187,22,-5,5,0,0,0,/home/zhupl25/chiplet_side_channel/chiplet_gds_data/power_macro/delay_chain/ftc/analysis/b_fe_frontend/arch1_signed_error_separability_audit/ARCH1_SIGNED_ERROR_PER_SAMPLE.csv,cb659cdf09c65219e76d90376ac58e9cd2b2da57d8667241d69a03ae86fdca3f
healthy_signed_rise,41009,RISE,182,187,22,-5,5,0,0,0,/home/zhupl25/chiplet_side_channel/chiplet_gds_data/power_macro/delay_chain/ftc/analysis/b_fe_frontend/arch1_signed_error_separability_audit/ARCH1_SIGNED_ERROR_PER_SAMPLE.csv,cb659cdf09c65219e76d90376ac58e9cd2b2da57d8667241d69a03ae86fdca3f
healthy_signed_rise,41009,RISE,182,187,22,-5,5,0,0,0,/home/zhupl25/chiplet_side_channel/chiplet_gds_data/power_macro/delay_chain/ftc/analysis/b_fe_frontend/arch1_signed_error_separability_audit/ARCH1_SIGNED_ERROR_PER_SAMPLE.csv,cb659cdf09c65219e76d90376ac58e9cd2b2da57d8667241d69a03ae86fdca3f
healthy_signed_rise,41009,RISE,182,187,22,-5,5,0,0,0,/home/zhupl25/chiplet_side_channel/chiplet_gds_data/power_macro/delay_chain/ftc/analysis/b_fe_frontend/arch1_signed_error_separability_audit/ARCH1_SIGNED_ERROR_PER_SAMPLE.csv,cb659cdf09c65219e76d90376ac58e9cd2b2da57d8667241d69a03ae86fdca3f
healthy_signed_rise,41009,RISE,182,187,22,-5,5,0,0,0,/home/zhupl25/chiplet_side_channel/chiplet_gds_data/power_macro/delay_chain/ftc/analysis/b_fe_frontend/arch1_signed_error_separability_audit/ARCH1_SIGNED_ERROR_PER_SAMPLE.csv,cb659cdf09c65219e76d90376ac58e9cd2b2da57d8667241d69a03ae86fdca3f
healthy_signed_rise,41009,RISE,182,187,22,-5,5,0,0,0,/home/zhupl25/chiplet_side_channel/chiplet_gds_data/power_macro/delay_chain/ftc/analysis/b_fe_frontend/arch1_signed_error_separability_audit/ARCH1_SIGNED_ERROR_PER_SAMPLE.csv,cb659cdf09c65219e76d90376ac58e9cd2b2da57d8667241d69a03ae86fdca3f
healthy_signed_rise,41009,RISE,182,187,22,-5,5,0,0,0,/home/zhupl25/chiplet_side_channel/chiplet_gds_data/power_macro/delay_chain/ftc/analysis/b_fe_frontend/arch1_signed_error_separability_audit/ARCH1_SIGNED_ERROR_PER_SAMPLE.csv,cb659cdf09c65219e76d90376ac58e9cd2b2da57d8667241d69a03ae86fdca3f
healthy_signed_rise,41010,RISE,182,182,22,0,0,0,0,0,/home/zhupl25/chiplet_side_channel/chiplet_gds_data/power_macro/delay_chain/ftc/analysis/b_fe_frontend/arch1_signed_error_separability_audit/ARCH1_SIGNED_ERROR_PER_SAMPLE.csv,cb659cdf09c65219e76d90376ac58e9cd2b2da57d8667241d69a03ae86fdca3f
healthy_signed_rise,41010,RISE,182,182,22,0,0,0,0,0,/home/zhupl25/chiplet_side_channel/chiplet_gds_data/power_macro/delay_chain/ftc/analysis/b_fe_frontend/arch1_signed_error_separability_audit/ARCH1_SIGNED_ERROR_PER_SAMPLE.csv,cb659cdf09c65219e76d90376ac58e9cd2b2da57d8667241d69a03ae86fdca3f
healthy_signed_rise,41010,RISE,182,182,22,0,0,0,0,0,/home/zhupl25/chiplet_side_channel/chiplet_gds_data/power_macro/delay_chain/ftc/analysis/b_fe_frontend/arch1_signed_error_separability_audit/ARCH1_SIGNED_ERROR_PER_SAMPLE.csv,cb659cdf09c65219e76d90376ac58e9cd2b2da57d8667241d69a03ae86fdca3f
healthy_signed_rise,41010,RISE,182,182,22,0,0,0,0,0,/home/zhupl25/chiplet_side_channel/chiplet_gds_data/power_macro/delay_chain/ftc/analysis/b_fe_frontend/arch1_signed_error_separability_audit/ARCH1_SIGNED_ERROR_PER_SAMPLE.csv,cb659cdf09c65219e76d90376ac58e9cd2b2da57d8667241d69a03ae86fdca3f
healthy_signed_rise,41010,RISE,182,182,22,0,0,0,0,0,/home/zhupl25/chiplet_side_channel/chiplet_gds_data/power_macro/delay_chain/ftc/analysis/b_fe_frontend/arch1_signed_error_separability_audit/ARCH1_SIGNED_ERROR_PER_SAMPLE.csv,cb659cdf09c65219e76d90376ac58e9cd2b2da57d8667241d69a03ae86fdca3f
healthy_signed_rise,41010,RISE,182,182,22,0,0,0,0,0,/home/zhupl25/chiplet_side_channel/chiplet_gds_data/power_macro/delay_chain/ftc/analysis/b_fe_frontend/arch1_signed_error_separability_audit/ARCH1_SIGNED_ERROR_PER_SAMPLE.csv,cb659cdf09c65219e76d90376ac58e9cd2b2da57d8667241d69a03ae86fdca3f
healthy_signed_rise,41010,RISE,182,182,22,0,0,0,0,0,/home/zhupl25/chiplet_side_channel/chiplet_gds_data/power_macro/delay_chain/ftc/analysis/b_fe_frontend/arch1_signed_error_separability_audit/ARCH1_SIGNED_ERROR_PER_SAMPLE.csv,cb659cdf09c65219e76d90376ac58e9cd2b2da57d8667241d69a03ae86fdca3f
healthy_signed_rise,41010,RISE,182,182,22,0,0,0,0,0,/home/zhupl25/chiplet_side_channel/chiplet_gds_data/power_macro/delay_chain/ftc/analysis/b_fe_frontend/arch1_signed_error_separability_audit/ARCH1_SIGNED_ERROR_PER_SAMPLE.csv,cb659cdf09c65219e76d90376ac58e9cd2b2da57d8667241d69a03ae86fdca3f
healthy_signed_rise,41010,RISE,182,182,22,0,0,0,0,0,/home/zhupl25/chiplet_side_channel/chiplet_gds_data/power_macro/delay_chain/ftc/analysis/b_fe_frontend/arch1_signed_error_separability_audit/ARCH1_SIGNED_ERROR_PER_SAMPLE.csv,cb659cdf09c65219e76d90376ac58e9cd2b2da57d8667241d69a03ae86fdca3f
healthy_signed_rise,41010,RISE,182,182,22,0,0,0,0,0,/home/zhupl25/chiplet_side_channel/chiplet_gds_data/power_macro/delay_chain/ftc/analysis/b_fe_frontend/arch1_signed_error_separability_audit/ARCH1_SIGNED_ERROR_PER_SAMPLE.csv,cb659cdf09c65219e76d90376ac58e9cd2b2da57d8667241d69a03ae86fdca3f
healthy_signed_rise,41010,RISE,182,182,22,0,0,0,0,0,/home/zhupl25/chiplet_side_channel/chiplet_gds_data/power_macro/delay_chain/ftc/analysis/b_fe_frontend/arch1_signed_error_separability_audit/ARCH1_SIGNED_ERROR_PER_SAMPLE.csv,cb659cdf09c65219e76d90376ac58e9cd2b2da57d8667241d69a03ae86fdca3f
healthy_signed_rise,41010,RISE,182,182,22,0,0,0,0,0,/home/zhupl25/chiplet_side_channel/chiplet_gds_data/power_macro/delay_chain/ftc/analysis/b_fe_frontend/arch1_signed_error_separability_audit/ARCH1_SIGNED_ERROR_PER_SAMPLE.csv,cb659cdf09c65219e76d90376ac58e9cd2b2da57d8667241d69a03ae86fdca3f
healthy_signed_rise,41011,RISE,182,176,22,6,6,0,0,0,/home/zhupl25/chiplet_side_channel/chiplet_gds_data/power_macro/delay_chain/ftc/analysis/b_fe_frontend/arch1_signed_error_separability_audit/ARCH1_SIGNED_ERROR_PER_SAMPLE.csv,cb659cdf09c65219e76d90376ac58e9cd2b2da57d8667241d69a03ae86fdca3f
healthy_signed_rise,41011,RISE,182,176,22,6,6,0,0,0,/home/zhupl25/chiplet_side_channel/chiplet_gds_data/power_macro/delay_chain/ftc/analysis/b_fe_frontend/arch1_signed_error_separability_audit/ARCH1_SIGNED_ERROR_PER_SAMPLE.csv,cb659cdf09c65219e76d90376ac58e9cd2b2da57d8667241d69a03ae86fdca3f
healthy_signed_rise,41011,RISE,182,176,22,6,6,0,0,0,/home/zhupl25/chiplet_side_channel/chiplet_gds_data/power_macro/delay_chain/ftc/analysis/b_fe_frontend/arch1_signed_error_separability_audit/ARCH1_SIGNED_ERROR_PER_SAMPLE.csv,cb659cdf09c65219e76d90376ac58e9cd2b2da57d8667241d69a03ae86fdca3f
healthy_signed_rise,41011,RISE,159,176,22,-17,17,0,0,0,/home/zhupl25/chiplet_side_channel/chiplet_gds_data/power_macro/delay_chain/ftc/analysis/b_fe_frontend/arch1_signed_error_separability_audit/ARCH1_SIGNED_ERROR_PER_SAMPLE.csv,cb659cdf09c65219e76d90376ac58e9cd2b2da57d8667241d69a03ae86fdca3f
healthy_signed_rise,41011,RISE,159,176,22,-17,17,0,0,0,/home/zhupl25/chiplet_side_channel/chiplet_gds_data/power_macro/delay_chain/ftc/analysis/b_fe_frontend/arch1_signed_error_separability_audit/ARCH1_SIGNED_ERROR_PER_SAMPLE.csv,cb659cdf09c65219e76d90376ac58e9cd2b2da57d8667241d69a03ae86fdca3f
healthy_signed_rise,41011,RISE,182,176,22,6,6,0,0,0,/home/zhupl25/chiplet_side_channel/chiplet_gds_data/power_macro/delay_chain/ftc/analysis/b_fe_frontend/arch1_signed_error_separability_audit/ARCH1_SIGNED_ERROR_PER_SAMPLE.csv,cb659cdf09c65219e76d90376ac58e9cd2b2da57d8667241d69a03ae86fdca3f
healthy_signed_rise,41011,RISE,159,176,22,-17,17,0,0,0,/home/zhupl25/chiplet_side_channel/chiplet_gds_data/power_macro/delay_chain/ftc/analysis/b_fe_frontend/arch1_signed_error_separability_audit/ARCH1_SIGNED_ERROR_PER_SAMPLE.csv,cb659cdf09c65219e76d90376ac58e9cd2b2da57d8667241d69a03ae86fdca3f
healthy_signed_rise,41011,RISE,159,176,22,-17,17,0,0,0,/home/zhupl25/chiplet_side_channel/chiplet_gds_data/power_macro/delay_chain/ftc/analysis/b_fe_frontend/arch1_signed_error_separability_audit/ARCH1_SIGNED_ERROR_PER_SAMPLE.csv,cb659cdf09c65219e76d90376ac58e9cd2b2da57d8667241d69a03ae86fdca3f
healthy_signed_rise,41011,RISE,159,176,22,-17,17,0,0,0,/home/zhupl25/chiplet_side_channel/chiplet_gds_data/power_macro/delay_chain/ftc/analysis/b_fe_frontend/arch1_signed_error_separability_audit/ARCH1_SIGNED_ERROR_PER_SAMPLE.csv,cb659cdf09c65219e76d90376ac58e9cd2b2da57d8667241d69a03ae86fdca3f
healthy_signed_rise,41011,RISE,159,176,22,-17,17,0,0,0,/home/zhupl25/chiplet_side_channel/chiplet_gds_data/power_macro/delay_chain/ftc/analysis/b_fe_frontend/arch1_signed_error_separability_audit/ARCH1_SIGNED_ERROR_PER_SAMPLE.csv,cb659cdf09c65219e76d90376ac58e9cd2b2da57d8667241d69a03ae86fdca3f
healthy_signed_rise,41011,RISE,159,176,22,-17,17,0,0,0,/home/zhupl25/chiplet_side_channel/chiplet_gds_data/power_macro/delay_chain/ftc/analysis/b_fe_frontend/arch1_signed_error_separability_audit/ARCH1_SIGNED_ERROR_PER_SAMPLE.csv,cb659cdf09c65219e76d90376ac58e9cd2b2da57d8667241d69a03ae86fdca3f
healthy_signed_rise,41011,RISE,182,176,22,6,6,0,0,0,/home/zhupl25/chiplet_side_channel/chiplet_gds_data/power_macro/delay_chain/ftc/analysis/b_fe_frontend/arch1_signed_error_separability_audit/ARCH1_SIGNED_ERROR_PER_SAMPLE.csv,cb659cdf09c65219e76d90376ac58e9cd2b2da57d8667241d69a03ae86fdca3f
healthy_signed_rise,41012,RISE,204,204,22,0,0,0,0,0,/home/zhupl25/chiplet_side_channel/chiplet_gds_data/power_macro/delay_chain/ftc/analysis/b_fe_frontend/arch1_signed_error_separability_audit/ARCH1_SIGNED_ERROR_PER_SAMPLE.csv,cb659cdf09c65219e76d90376ac58e9cd2b2da57d8667241d69a03ae86fdca3f
healthy_signed_rise,41012,RISE,204,204,22,0,0,0,0,0,/home/zhupl25/chiplet_side_channel/chiplet_gds_data/power_macro/delay_chain/ftc/analysis/b_fe_frontend/arch1_signed_error_separability_audit/ARCH1_SIGNED_ERROR_PER_SAMPLE.csv,cb659cdf09c65219e76d90376ac58e9cd2b2da57d8667241d69a03ae86fdca3f
healthy_signed_rise,41012,RISE,204,204,22,0,0,0,0,0,/home/zhupl25/chiplet_side_channel/chiplet_gds_data/power_macro/delay_chain/ftc/analysis/b_fe_frontend/arch1_signed_error_separability_audit/ARCH1_SIGNED_ERROR_PER_SAMPLE.csv,cb659cdf09c65219e76d90376ac58e9cd2b2da57d8667241d69a03ae86fdca3f
healthy_signed_rise,41012,RISE,204,204,22,0,0,0,0,0,/home/zhupl25/chiplet_side_channel/chiplet_gds_data/power_macro/delay_chain/ftc/analysis/b_fe_frontend/arch1_signed_error_separability_audit/ARCH1_SIGNED_ERROR_PER_SAMPLE.csv,cb659cdf09c65219e76d90376ac58e9cd2b2da57d8667241d69a03ae86fdca3f
healthy_signed_rise,41012,RISE,204,204,22,0,0,0,0,0,/home/zhupl25/chiplet_side_channel/chiplet_gds_data/power_macro/delay_chain/ftc/analysis/b_fe_frontend/arch1_signed_error_separability_audit/ARCH1_SIGNED_ERROR_PER_SAMPLE.csv,cb659cdf09c65219e76d90376ac58e9cd2b2da57d8667241d69a03ae86fdca3f
healthy_signed_rise,41012,RISE,204,204,22,0,0,0,0,0,/home/zhupl25/chiplet_side_channel/chiplet_gds_data/power_macro/delay_chain/ftc/analysis/b_fe_frontend/arch1_signed_error_separability_audit/ARCH1_SIGNED_ERROR_PER_SAMPLE.csv,cb659cdf09c65219e76d90376ac58e9cd2b2da57d8667241d69a03ae86fdca3f
healthy_signed_rise,41012,RISE,182,204,22,-22,22,0,0,0,/home/zhupl25/chiplet_side_channel/chiplet_gds_data/power_macro/delay_chain/ftc/analysis/b_fe_frontend/arch1_signed_error_separability_audit/ARCH1_SIGNED_ERROR_PER_SAMPLE.csv,cb659cdf09c65219e76d90376ac58e9cd2b2da57d8667241d69a03ae86fdca3f
healthy_signed_rise,41012,RISE,204,204,22,0,0,0,0,0,/home/zhupl25/chiplet_side_channel/chiplet_gds_data/power_macro/delay_chain/ftc/analysis/b_fe_frontend/arch1_signed_error_separability_audit/ARCH1_SIGNED_ERROR_PER_SAMPLE.csv,cb659cdf09c65219e76d90376ac58e9cd2b2da57d8667241d69a03ae86fdca3f
healthy_signed_rise,41012,RISE,204,204,22,0,0,0,0,0,/home/zhupl25/chiplet_side_channel/chiplet_gds_data/power_macro/delay_chain/ftc/analysis/b_fe_frontend/arch1_signed_error_separability_audit/ARCH1_SIGNED_ERROR_PER_SAMPLE.csv,cb659cdf09c65219e76d90376ac58e9cd2b2da57d8667241d69a03ae86fdca3f
healthy_signed_rise,41012,RISE,204,204,22,0,0,0,0,0,/home/zhupl25/chiplet_side_channel/chiplet_gds_data/power_macro/delay_chain/ftc/analysis/b_fe_frontend/arch1_signed_error_separability_audit/ARCH1_SIGNED_ERROR_PER_SAMPLE.csv,cb659cdf09c65219e76d90376ac58e9cd2b2da57d8667241d69a03ae86fdca3f
healthy_signed_rise,41012,RISE,182,204,22,-22,22,0,0,0,/home/zhupl25/chiplet_side_channel/chiplet_gds_data/power_macro/delay_chain/ftc/analysis/b_fe_frontend/arch1_signed_error_separability_audit/ARCH1_SIGNED_ERROR_PER_SAMPLE.csv,cb659cdf09c65219e76d90376ac58e9cd2b2da57d8667241d69a03ae86fdca3f
healthy_signed_rise,41012,RISE,204,204,22,0,0,0,0,0,/home/zhupl25/chiplet_side_channel/chiplet_gds_data/power_macro/delay_chain/ftc/analysis/b_fe_frontend/arch1_signed_error_separability_audit/ARCH1_SIGNED_ERROR_PER_SAMPLE.csv,cb659cdf09c65219e76d90376ac58e9cd2b2da57d8667241d69a03ae86fdca3f
healthy_signed_rise,41013,RISE,245,235,22,10,10,0,0,0,/home/zhupl25/chiplet_side_channel/chiplet_gds_data/power_macro/delay_chain/ftc/analysis/b_fe_frontend/arch1_signed_error_separability_audit/ARCH1_SIGNED_ERROR_PER_SAMPLE.csv,cb659cdf09c65219e76d90376ac58e9cd2b2da57d8667241d69a03ae86fdca3f
healthy_signed_rise,41013,RISE,225,235,22,-10,10,0,0,0,/home/zhupl25/chiplet_side_channel/chiplet_gds_data/power_macro/delay_chain/ftc/analysis/b_fe_frontend/arch1_signed_error_separability_audit/ARCH1_SIGNED_ERROR_PER_SAMPLE.csv,cb659cdf09c65219e76d90376ac58e9cd2b2da57d8667241d69a03ae86fdca3f
healthy_signed_rise,41013,RISE,245,235,22,10,10,0,0,0,/home/zhupl25/chiplet_side_channel/chiplet_gds_data/power_macro/delay_chain/ftc/analysis/b_fe_frontend/arch1_signed_error_separability_audit/ARCH1_SIGNED_ERROR_PER_SAMPLE.csv,cb659cdf09c65219e76d90376ac58e9cd2b2da57d8667241d69a03ae86fdca3f
healthy_signed_rise,41013,RISE,225,235,22,-10,10,0,0,0,/home/zhupl25/chiplet_side_channel/chiplet_gds_data/power_macro/delay_chain/ftc/analysis/b_fe_frontend/arch1_signed_error_separability_audit/ARCH1_SIGNED_ERROR_PER_SAMPLE.csv,cb659cdf09c65219e76d90376ac58e9cd2b2da57d8667241d69a03ae86fdca3f
healthy_signed_rise,41013,RISE,225,235,22,-10,10,0,0,0,/home/zhupl25/chiplet_side_channel/chiplet_gds_data/power_macro/delay_chain/ftc/analysis/b_fe_frontend/arch1_signed_error_separability_audit/ARCH1_SIGNED_ERROR_PER_SAMPLE.csv,cb659cdf09c65219e76d90376ac58e9cd2b2da57d8667241d69a03ae86fdca3f
healthy_signed_rise,41013,RISE,245,235,22,10,10,0,0,0,/home/zhupl25/chiplet_side_channel/chiplet_gds_data/power_macro/delay_chain/ftc/analysis/b_fe_frontend/arch1_signed_error_separability_audit/ARCH1_SIGNED_ERROR_PER_SAMPLE.csv,cb659cdf09c65219e76d90376ac58e9cd2b2da57d8667241d69a03ae86fdca3f
healthy_signed_rise,41013,RISE,225,235,22,-10,10,0,0,0,/home/zhupl25/chiplet_side_channel/chiplet_gds_data/power_macro/delay_chain/ftc/analysis/b_fe_frontend/arch1_signed_error_separability_audit/ARCH1_SIGNED_ERROR_PER_SAMPLE.csv,cb659cdf09c65219e76d90376ac58e9cd2b2da57d8667241d69a03ae86fdca3f
healthy_signed_rise,41013,RISE,225,235,22,-10,10,0,0,0,/home/zhupl25/chiplet_side_channel/chiplet_gds_data/power_macro/delay_chain/ftc/analysis/b_fe_frontend/arch1_signed_error_separability_audit/ARCH1_SIGNED_ERROR_PER_SAMPLE.csv,cb659cdf09c65219e76d90376ac58e9cd2b2da57d8667241d69a03ae86fdca3f
healthy_signed_rise,41013,RISE,225,235,22,-10,10,0,0,0,/home/zhupl25/chiplet_side_channel/chiplet_gds_data/power_macro/delay_chain/ftc/analysis/b_fe_frontend/arch1_signed_error_separability_audit/ARCH1_SIGNED_ERROR_PER_SAMPLE.csv,cb659cdf09c65219e76d90376ac58e9cd2b2da57d8667241d69a03ae86fdca3f
healthy_signed_rise,41013,RISE,225,235,22,-10,10,0,0,0,/home/zhupl25/chiplet_side_channel/chiplet_gds_data/power_macro/delay_chain/ftc/analysis/b_fe_frontend/arch1_signed_error_separability_audit/ARCH1_SIGNED_ERROR_PER_SAMPLE.csv,cb659cdf09c65219e76d90376ac58e9cd2b2da57d8667241d69a03ae86fdca3f
healthy_signed_rise,41013,RISE,225,235,22,-10,10,0,0,0,/home/zhupl25/chiplet_side_channel/chiplet_gds_data/power_macro/delay_chain/ftc/analysis/b_fe_frontend/arch1_signed_error_separability_audit/ARCH1_SIGNED_ERROR_PER_SAMPLE.csv,cb659cdf09c65219e76d90376ac58e9cd2b2da57d8667241d69a03ae86fdca3f
healthy_signed_rise,41013,RISE,245,235,22,10,10,0,0,0,/home/zhupl25/chiplet_side_channel/chiplet_gds_data/power_macro/delay_chain/ftc/analysis/b_fe_frontend/arch1_signed_error_separability_audit/ARCH1_SIGNED_ERROR_PER_SAMPLE.csv,cb659cdf09c65219e76d90376ac58e9cd2b2da57d8667241d69a03ae86fdca3f
healthy_signed_rise,41014,RISE,182,182,22,0,0,0,0,0,/home/zhupl25/chiplet_side_channel/chiplet_gds_data/power_macro/delay_chain/ftc/analysis/b_fe_frontend/arch1_signed_error_separability_audit/ARCH1_SIGNED_ERROR_PER_SAMPLE.csv,cb659cdf09c65219e76d90376ac58e9cd2b2da57d8667241d69a03ae86fdca3f
healthy_signed_rise,41014,RISE,182,182,22,0,0,0,0,0,/home/zhupl25/chiplet_side_channel/chiplet_gds_data/power_macro/delay_chain/ftc/analysis/b_fe_frontend/arch1_signed_error_separability_audit/ARCH1_SIGNED_ERROR_PER_SAMPLE.csv,cb659cdf09c65219e76d90376ac58e9cd2b2da57d8667241d69a03ae86fdca3f
healthy_signed_rise,41014,RISE,182,182,22,0,0,0,0,0,/home/zhupl25/chiplet_side_channel/chiplet_gds_data/power_macro/delay_chain/ftc/analysis/b_fe_frontend/arch1_signed_error_separability_audit/ARCH1_SIGNED_ERROR_PER_SAMPLE.csv,cb659cdf09c65219e76d90376ac58e9cd2b2da57d8667241d69a03ae86fdca3f
healthy_signed_rise,41014,RISE,182,182,22,0,0,0,0,0,/home/zhupl25/chiplet_side_channel/chiplet_gds_data/power_macro/delay_chain/ftc/analysis/b_fe_frontend/arch1_signed_error_separability_audit/ARCH1_SIGNED_ERROR_PER_SAMPLE.csv,cb659cdf09c65219e76d90376ac58e9cd2b2da57d8667241d69a03ae86fdca3f
healthy_signed_rise,41014,RISE,182,182,22,0,0,0,0,0,/home/zhupl25/chiplet_side_channel/chiplet_gds_data/power_macro/delay_chain/ftc/analysis/b_fe_frontend/arch1_signed_error_separability_audit/ARCH1_SIGNED_ERROR_PER_SAMPLE.csv,cb659cdf09c65219e76d90376ac58e9cd2b2da57d8667241d69a03ae86fdca3f
healthy_signed_rise,41014,RISE,182,182,22,0,0,0,0,0,/home/zhupl25/chiplet_side_channel/chiplet_gds_data/power_macro/delay_chain/ftc/analysis/b_fe_frontend/arch1_signed_error_separability_audit/ARCH1_SIGNED_ERROR_PER_SAMPLE.csv,cb659cdf09c65219e76d90376ac58e9cd2b2da57d8667241d69a03ae86fdca3f
healthy_signed_rise,41014,RISE,182,182,22,0,0,0,0,0,/home/zhupl25/chiplet_side_channel/chiplet_gds_data/power_macro/delay_chain/ftc/analysis/b_fe_frontend/arch1_signed_error_separability_audit/ARCH1_SIGNED_ERROR_PER_SAMPLE.csv,cb659cdf09c65219e76d90376ac58e9cd2b2da57d8667241d69a03ae86fdca3f
healthy_signed_rise,41014,RISE,182,182,22,0,0,0,0,0,/home/zhupl25/chiplet_side_channel/chiplet_gds_data/power_macro/delay_chain/ftc/analysis/b_fe_frontend/arch1_signed_error_separability_audit/ARCH1_SIGNED_ERROR_PER_SAMPLE.csv,cb659cdf09c65219e76d90376ac58e9cd2b2da57d8667241d69a03ae86fdca3f
healthy_signed_rise,41014,RISE,182,182,22,0,0,0,0,0,/home/zhupl25/chiplet_side_channel/chiplet_gds_data/power_macro/delay_chain/ftc/analysis/b_fe_frontend/arch1_signed_error_separability_audit/ARCH1_SIGNED_ERROR_PER_SAMPLE.csv,cb659cdf09c65219e76d90376ac58e9cd2b2da57d8667241d69a03ae86fdca3f
healthy_signed_rise,41014,RISE,182,182,22,0,0,0,0,0,/home/zhupl25/chiplet_side_channel/chiplet_gds_data/power_macro/delay_chain/ftc/analysis/b_fe_frontend/arch1_signed_error_separability_audit/ARCH1_SIGNED_ERROR_PER_SAMPLE.csv,cb659cdf09c65219e76d90376ac58e9cd2b2da57d8667241d69a03ae86fdca3f
healthy_signed_rise,41014,RISE,182,182,22,0,0,0,0,0,/home/zhupl25/chiplet_side_channel/chiplet_gds_data/power_macro/delay_chain/ftc/analysis/b_fe_frontend/arch1_signed_error_separability_audit/ARCH1_SIGNED_ERROR_PER_SAMPLE.csv,cb659cdf09c65219e76d90376ac58e9cd2b2da57d8667241d69a03ae86fdca3f
healthy_signed_rise,41014,RISE,182,182,22,0,0,0,0,0,/home/zhupl25/chiplet_side_channel/chiplet_gds_data/power_macro/delay_chain/ftc/analysis/b_fe_frontend/arch1_signed_error_separability_audit/ARCH1_SIGNED_ERROR_PER_SAMPLE.csv,cb659cdf09c65219e76d90376ac58e9cd2b2da57d8667241d69a03ae86fdca3f
healthy_signed_rise,41015,RISE,204,204,22,0,0,0,0,0,/home/zhupl25/chiplet_side_channel/chiplet_gds_data/power_macro/delay_chain/ftc/analysis/b_fe_frontend/arch1_signed_error_separability_audit/ARCH1_SIGNED_ERROR_PER_SAMPLE.csv,cb659cdf09c65219e76d90376ac58e9cd2b2da57d8667241d69a03ae86fdca3f
healthy_signed_rise,41015,RISE,204,204,22,0,0,0,0,0,/home/zhupl25/chiplet_side_channel/chiplet_gds_data/power_macro/delay_chain/ftc/analysis/b_fe_frontend/arch1_signed_error_separability_audit/ARCH1_SIGNED_ERROR_PER_SAMPLE.csv,cb659cdf09c65219e76d90376ac58e9cd2b2da57d8667241d69a03ae86fdca3f
healthy_signed_rise,41015,RISE,204,204,22,0,0,0,0,0,/home/zhupl25/chiplet_side_channel/chiplet_gds_data/power_macro/delay_chain/ftc/analysis/b_fe_frontend/arch1_signed_error_separability_audit/ARCH1_SIGNED_ERROR_PER_SAMPLE.csv,cb659cdf09c65219e76d90376ac58e9cd2b2da57d8667241d69a03ae86fdca3f
healthy_signed_rise,41015,RISE,204,204,22,0,0,0,0,0,/home/zhupl25/chiplet_side_channel/chiplet_gds_data/power_macro/delay_chain/ftc/analysis/b_fe_frontend/arch1_signed_error_separability_audit/ARCH1_SIGNED_ERROR_PER_SAMPLE.csv,cb659cdf09c65219e76d90376ac58e9cd2b2da57d8667241d69a03ae86fdca3f
healthy_signed_rise,41015,RISE,204,204,22,0,0,0,0,0,/home/zhupl25/chiplet_side_channel/chiplet_gds_data/power_macro/delay_chain/ftc/analysis/b_fe_frontend/arch1_signed_error_separability_audit/ARCH1_SIGNED_ERROR_PER_SAMPLE.csv,cb659cdf09c65219e76d90376ac58e9cd2b2da57d8667241d69a03ae86fdca3f
healthy_signed_rise,41015,RISE,204,204,22,0,0,0,0,0,/home/zhupl25/chiplet_side_channel/chiplet_gds_data/power_macro/delay_chain/ftc/analysis/b_fe_frontend/arch1_signed_error_separability_audit/ARCH1_SIGNED_ERROR_PER_SAMPLE.csv,cb659cdf09c65219e76d90376ac58e9cd2b2da57d8667241d69a03ae86fdca3f
healthy_signed_rise,41015,RISE,204,204,22,0,0,0,0,0,/home/zhupl25/chiplet_side_channel/chiplet_gds_data/power_macro/delay_chain/ftc/analysis/b_fe_frontend/arch1_signed_error_separability_audit/ARCH1_SIGNED_ERROR_PER_SAMPLE.csv,cb659cdf09c65219e76d90376ac58e9cd2b2da57d8667241d69a03ae86fdca3f
healthy_signed_rise,41015,RISE,204,204,22,0,0,0,0,0,/home/zhupl25/chiplet_side_channel/chiplet_gds_data/power_macro/delay_chain/ftc/analysis/b_fe_frontend/arch1_signed_error_separability_audit/ARCH1_SIGNED_ERROR_PER_SAMPLE.csv,cb659cdf09c65219e76d90376ac58e9cd2b2da57d8667241d69a03ae86fdca3f
healthy_signed_rise,41015,RISE,204,204,22,0,0,0,0,0,/home/zhupl25/chiplet_side_channel/chiplet_gds_data/power_macro/delay_chain/ftc/analysis/b_fe_frontend/arch1_signed_error_separability_audit/ARCH1_SIGNED_ERROR_PER_SAMPLE.csv,cb659cdf09c65219e76d90376ac58e9cd2b2da57d8667241d69a03ae86fdca3f
healthy_signed_rise,41015,RISE,204,204,22,0,0,0,0,0,/home/zhupl25/chiplet_side_channel/chiplet_gds_data/power_macro/delay_chain/ftc/analysis/b_fe_frontend/arch1_signed_error_separability_audit/ARCH1_SIGNED_ERROR_PER_SAMPLE.csv,cb659cdf09c65219e76d90376ac58e9cd2b2da57d8667241d69a03ae86fdca3f
healthy_signed_rise,41015,RISE,204,204,22,0,0,0,0,0,/home/zhupl25/chiplet_side_channel/chiplet_gds_data/power_macro/delay_chain/ftc/analysis/b_fe_frontend/arch1_signed_error_separability_audit/ARCH1_SIGNED_ERROR_PER_SAMPLE.csv,cb659cdf09c65219e76d90376ac58e9cd2b2da57d8667241d69a03ae86fdca3f
healthy_signed_rise,41015,RISE,204,204,22,0,0,0,0,0,/home/zhupl25/chiplet_side_channel/chiplet_gds_data/power_macro/delay_chain/ftc/analysis/b_fe_frontend/arch1_signed_error_separability_audit/ARCH1_SIGNED_ERROR_PER_SAMPLE.csv,cb659cdf09c65219e76d90376ac58e9cd2b2da57d8667241d69a03ae86fdca3f
healthy_signed_rise,41016,RISE,182,182,22,0,0,0,0,0,/home/zhupl25/chiplet_side_channel/chiplet_gds_data/power_macro/delay_chain/ftc/analysis/b_fe_frontend/arch1_signed_error_separability_audit/ARCH1_SIGNED_ERROR_PER_SAMPLE.csv,cb659cdf09c65219e76d90376ac58e9cd2b2da57d8667241d69a03ae86fdca3f
healthy_signed_rise,41016,RISE,182,182,22,0,0,0,0,0,/home/zhupl25/chiplet_side_channel/chiplet_gds_data/power_macro/delay_chain/ftc/analysis/b_fe_frontend/arch1_signed_error_separability_audit/ARCH1_SIGNED_ERROR_PER_SAMPLE.csv,cb659cdf09c65219e76d90376ac58e9cd2b2da57d8667241d69a03ae86fdca3f
healthy_signed_rise,41016,RISE,182,182,22,0,0,0,0,0,/home/zhupl25/chiplet_side_channel/chiplet_gds_data/power_macro/delay_chain/ftc/analysis/b_fe_frontend/arch1_signed_error_separability_audit/ARCH1_SIGNED_ERROR_PER_SAMPLE.csv,cb659cdf09c65219e76d90376ac58e9cd2b2da57d8667241d69a03ae86fdca3f
healthy_signed_rise,41016,RISE,182,182,22,0,0,0,0,0,/home/zhupl25/chiplet_side_channel/chiplet_gds_data/power_macro/delay_chain/ftc/analysis/b_fe_frontend/arch1_signed_error_separability_audit/ARCH1_SIGNED_ERROR_PER_SAMPLE.csv,cb659cdf09c65219e76d90376ac58e9cd2b2da57d8667241d69a03ae86fdca3f
healthy_signed_rise,41016,RISE,182,182,22,0,0,0,0,0,/home/zhupl25/chiplet_side_channel/chiplet_gds_data/power_macro/delay_chain/ftc/analysis/b_fe_frontend/arch1_signed_error_separability_audit/ARCH1_SIGNED_ERROR_PER_SAMPLE.csv,cb659cdf09c65219e76d90376ac58e9cd2b2da57d8667241d69a03ae86fdca3f
healthy_signed_rise,41016,RISE,182,182,22,0,0,0,0,0,/home/zhupl25/chiplet_side_channel/chiplet_gds_data/power_macro/delay_chain/ftc/analysis/b_fe_frontend/arch1_signed_error_separability_audit/ARCH1_SIGNED_ERROR_PER_SAMPLE.csv,cb659cdf09c65219e76d90376ac58e9cd2b2da57d8667241d69a03ae86fdca3f
healthy_signed_rise,41016,RISE,182,182,22,0,0,0,0,0,/home/zhupl25/chiplet_side_channel/chiplet_gds_data/power_macro/delay_chain/ftc/analysis/b_fe_frontend/arch1_signed_error_separability_audit/ARCH1_SIGNED_ERROR_PER_SAMPLE.csv,cb659cdf09c65219e76d90376ac58e9cd2b2da57d8667241d69a03ae86fdca3f
healthy_signed_rise,41016,RISE,182,182,22,0,0,0,0,0,/home/zhupl25/chiplet_side_channel/chiplet_gds_data/power_macro/delay_chain/ftc/analysis/b_fe_frontend/arch1_signed_error_separability_audit/ARCH1_SIGNED_ERROR_PER_SAMPLE.csv,cb659cdf09c65219e76d90376ac58e9cd2b2da57d8667241d69a03ae86fdca3f
healthy_signed_rise,41016,RISE,182,182,22,0,0,0,0,0,/home/zhupl25/chiplet_side_channel/chiplet_gds_data/power_macro/delay_chain/ftc/analysis/b_fe_frontend/arch1_signed_error_separability_audit/ARCH1_SIGNED_ERROR_PER_SAMPLE.csv,cb659cdf09c65219e76d90376ac58e9cd2b2da57d8667241d69a03ae86fdca3f
healthy_signed_rise,41016,RISE,182,182,22,0,0,0,0,0,/home/zhupl25/chiplet_side_channel/chiplet_gds_data/power_macro/delay_chain/ftc/analysis/b_fe_frontend/arch1_signed_error_separability_audit/ARCH1_SIGNED_ERROR_PER_SAMPLE.csv,cb659cdf09c65219e76d90376ac58e9cd2b2da57d8667241d69a03ae86fdca3f
healthy_signed_rise,41016,RISE,182,182,22,0,0,0,0,0,/home/zhupl25/chiplet_side_channel/chiplet_gds_data/power_macro/delay_chain/ftc/analysis/b_fe_frontend/arch1_signed_error_separability_audit/ARCH1_SIGNED_ERROR_PER_SAMPLE.csv,cb659cdf09c65219e76d90376ac58e9cd2b2da57d8667241d69a03ae86fdca3f
healthy_signed_rise,41016,RISE,182,182,22,0,0,0,0,0,/home/zhupl25/chiplet_side_channel/chiplet_gds_data/power_macro/delay_chain/ftc/analysis/b_fe_frontend/arch1_signed_error_separability_audit/ARCH1_SIGNED_ERROR_PER_SAMPLE.csv,cb659cdf09c65219e76d90376ac58e9cd2b2da57d8667241d69a03ae86fdca3f
healthy_signed_rise,41017,RISE,204,198,22,6,6,0,0,0,/home/zhupl25/chiplet_side_channel/chiplet_gds_data/power_macro/delay_chain/ftc/analysis/b_fe_frontend/arch1_signed_error_separability_audit/ARCH1_SIGNED_ERROR_PER_SAMPLE.csv,cb659cdf09c65219e76d90376ac58e9cd2b2da57d8667241d69a03ae86fdca3f
healthy_signed_rise,41017,RISE,204,198,22,6,6,0,0,0,/home/zhupl25/chiplet_side_channel/chiplet_gds_data/power_macro/delay_chain/ftc/analysis/b_fe_frontend/arch1_signed_error_separability_audit/ARCH1_SIGNED_ERROR_PER_SAMPLE.csv,cb659cdf09c65219e76d90376ac58e9cd2b2da57d8667241d69a03ae86fdca3f
healthy_signed_rise,41017,RISE,204,198,22,6,6,0,0,0,/home/zhupl25/chiplet_side_channel/chiplet_gds_data/power_macro/delay_chain/ftc/analysis/b_fe_frontend/arch1_signed_error_separability_audit/ARCH1_SIGNED_ERROR_PER_SAMPLE.csv,cb659cdf09c65219e76d90376ac58e9cd2b2da57d8667241d69a03ae86fdca3f
healthy_signed_rise,41017,RISE,182,198,22,-16,16,0,0,0,/home/zhupl25/chiplet_side_channel/chiplet_gds_data/power_macro/delay_chain/ftc/analysis/b_fe_frontend/arch1_signed_error_separability_audit/ARCH1_SIGNED_ERROR_PER_SAMPLE.csv,cb659cdf09c65219e76d90376ac58e9cd2b2da57d8667241d69a03ae86fdca3f
healthy_signed_rise,41017,RISE,182,198,22,-16,16,0,0,0,/home/zhupl25/chiplet_side_channel/chiplet_gds_data/power_macro/delay_chain/ftc/analysis/b_fe_frontend/arch1_signed_error_separability_audit/ARCH1_SIGNED_ERROR_PER_SAMPLE.csv,cb659cdf09c65219e76d90376ac58e9cd2b2da57d8667241d69a03ae86fdca3f
healthy_signed_rise,41017,RISE,204,198,22,6,6,0,0,0,/home/zhupl25/chiplet_side_channel/chiplet_gds_data/power_macro/delay_chain/ftc/analysis/b_fe_frontend/arch1_signed_error_separability_audit/ARCH1_SIGNED_ERROR_PER_SAMPLE.csv,cb659cdf09c65219e76d90376ac58e9cd2b2da57d8667241d69a03ae86fdca3f
healthy_signed_rise,41017,RISE,182,198,22,-16,16,0,0,0,/home/zhupl25/chiplet_side_channel/chiplet_gds_data/power_macro/delay_chain/ftc/analysis/b_fe_frontend/arch1_signed_error_separability_audit/ARCH1_SIGNED_ERROR_PER_SAMPLE.csv,cb659cdf09c65219e76d90376ac58e9cd2b2da57d8667241d69a03ae86fdca3f
healthy_signed_rise,41017,RISE,182,198,22,-16,16,0,0,0,/home/zhupl25/chiplet_side_channel/chiplet_gds_data/power_macro/delay_chain/ftc/analysis/b_fe_frontend/arch1_signed_error_separability_audit/ARCH1_SIGNED_ERROR_PER_SAMPLE.csv,cb659cdf09c65219e76d90376ac58e9cd2b2da57d8667241d69a03ae86fdca3f
healthy_signed_rise,41017,RISE,182,198,22,-16,16,0,0,0,/home/zhupl25/chiplet_side_channel/chiplet_gds_data/power_macro/delay_chain/ftc/analysis/b_fe_frontend/arch1_signed_error_separability_audit/ARCH1_SIGNED_ERROR_PER_SAMPLE.csv,cb659cdf09c65219e76d90376ac58e9cd2b2da57d8667241d69a03ae86fdca3f
healthy_signed_rise,41017,RISE,182,198,22,-16,16,0,0,0,/home/zhupl25/chiplet_side_channel/chiplet_gds_data/power_macro/delay_chain/ftc/analysis/b_fe_frontend/arch1_signed_error_separability_audit/ARCH1_SIGNED_ERROR_PER_SAMPLE.csv,cb659cdf09c65219e76d90376ac58e9cd2b2da57d8667241d69a03ae86fdca3f
healthy_signed_rise,41017,RISE,182,198,22,-16,16,0,0,0,/home/zhupl25/chiplet_side_channel/chiplet_gds_data/power_macro/delay_chain/ftc/analysis/b_fe_frontend/arch1_signed_error_separability_audit/ARCH1_SIGNED_ERROR_PER_SAMPLE.csv,cb659cdf09c65219e76d90376ac58e9cd2b2da57d8667241d69a03ae86fdca3f
healthy_signed_rise,41017,RISE,204,198,22,6,6,0,0,0,/home/zhupl25/chiplet_side_channel/chiplet_gds_data/power_macro/delay_chain/ftc/analysis/b_fe_frontend/arch1_signed_error_separability_audit/ARCH1_SIGNED_ERROR_PER_SAMPLE.csv,cb659cdf09c65219e76d90376ac58e9cd2b2da57d8667241d69a03ae86fdca3f
healthy_signed_rise,41018,RISE,225,219,22,6,6,0,0,0,/home/zhupl25/chiplet_side_channel/chiplet_gds_data/power_macro/delay_chain/ftc/analysis/b_fe_frontend/arch1_signed_error_separability_audit/ARCH1_SIGNED_ERROR_PER_SAMPLE.csv,cb659cdf09c65219e76d90376ac58e9cd2b2da57d8667241d69a03ae86fdca3f
healthy_signed_rise,41018,RISE,225,219,22,6,6,0,0,0,/home/zhupl25/chiplet_side_channel/chiplet_gds_data/power_macro/delay_chain/ftc/analysis/b_fe_frontend/arch1_signed_error_separability_audit/ARCH1_SIGNED_ERROR_PER_SAMPLE.csv,cb659cdf09c65219e76d90376ac58e9cd2b2da57d8667241d69a03ae86fdca3f
healthy_signed_rise,41018,RISE,225,219,22,6,6,0,0,0,/home/zhupl25/chiplet_side_channel/chiplet_gds_data/power_macro/delay_chain/ftc/analysis/b_fe_frontend/arch1_signed_error_separability_audit/ARCH1_SIGNED_ERROR_PER_SAMPLE.csv,cb659cdf09c65219e76d90376ac58e9cd2b2da57d8667241d69a03ae86fdca3f
healthy_signed_rise,41018,RISE,204,219,22,-15,15,0,0,0,/home/zhupl25/chiplet_side_channel/chiplet_gds_data/power_macro/delay_chain/ftc/analysis/b_fe_frontend/arch1_signed_error_separability_audit/ARCH1_SIGNED_ERROR_PER_SAMPLE.csv,cb659cdf09c65219e76d90376ac58e9cd2b2da57d8667241d69a03ae86fdca3f
healthy_signed_rise,41018,RISE,204,219,22,-15,15,0,0,0,/home/zhupl25/chiplet_side_channel/chiplet_gds_data/power_macro/delay_chain/ftc/analysis/b_fe_frontend/arch1_signed_error_separability_audit/ARCH1_SIGNED_ERROR_PER_SAMPLE.csv,cb659cdf09c65219e76d90376ac58e9cd2b2da57d8667241d69a03ae86fdca3f
healthy_signed_rise,41018,RISE,225,219,22,6,6,0,0,0,/home/zhupl25/chiplet_side_channel/chiplet_gds_data/power_macro/delay_chain/ftc/analysis/b_fe_frontend/arch1_signed_error_separability_audit/ARCH1_SIGNED_ERROR_PER_SAMPLE.csv,cb659cdf09c65219e76d90376ac58e9cd2b2da57d8667241d69a03ae86fdca3f
healthy_signed_rise,41018,RISE,204,219,22,-15,15,0,0,0,/home/zhupl25/chiplet_side_channel/chiplet_gds_data/power_macro/delay_chain/ftc/analysis/b_fe_frontend/arch1_signed_error_separability_audit/ARCH1_SIGNED_ERROR_PER_SAMPLE.csv,cb659cdf09c65219e76d90376ac58e9cd2b2da57d8667241d69a03ae86fdca3f
healthy_signed_rise,41018,RISE,204,219,22,-15,15,0,0,0,/home/zhupl25/chiplet_side_channel/chiplet_gds_data/power_macro/delay_chain/ftc/analysis/b_fe_frontend/arch1_signed_error_separability_audit/ARCH1_SIGNED_ERROR_PER_SAMPLE.csv,cb659cdf09c65219e76d90376ac58e9cd2b2da57d8667241d69a03ae86fdca3f
healthy_signed_rise,41018,RISE,204,219,22,-15,15,0,0,0,/home/zhupl25/chiplet_side_channel/chiplet_gds_data/power_macro/delay_chain/ftc/analysis/b_fe_frontend/arch1_signed_error_separability_audit/ARCH1_SIGNED_ERROR_PER_SAMPLE.csv,cb659cdf09c65219e76d90376ac58e9cd2b2da57d8667241d69a03ae86fdca3f
healthy_signed_rise,41018,RISE,204,219,22,-15,15,0,0,0,/home/zhupl25/chiplet_side_channel/chiplet_gds_data/power_macro/delay_chain/ftc/analysis/b_fe_frontend/arch1_signed_error_separability_audit/ARCH1_SIGNED_ERROR_PER_SAMPLE.csv,cb659cdf09c65219e76d90376ac58e9cd2b2da57d8667241d69a03ae86fdca3f
healthy_signed_rise,41018,RISE,204,219,22,-15,15,0,0,0,/home/zhupl25/chiplet_side_channel/chiplet_gds_data/power_macro/delay_chain/ftc/analysis/b_fe_frontend/arch1_signed_error_separability_audit/ARCH1_SIGNED_ERROR_PER_SAMPLE.csv,cb659cdf09c65219e76d90376ac58e9cd2b2da57d8667241d69a03ae86fdca3f
healthy_signed_rise,41018,RISE,225,219,22,6,6,0,0,0,/home/zhupl25/chiplet_side_channel/chiplet_gds_data/power_macro/delay_chain/ftc/analysis/b_fe_frontend/arch1_signed_error_separability_audit/ARCH1_SIGNED_ERROR_PER_SAMPLE.csv,cb659cdf09c65219e76d90376ac58e9cd2b2da57d8667241d69a03ae86fdca3f
healthy_signed_rise,41019,RISE,182,187,22,-5,5,0,0,0,/home/zhupl25/chiplet_side_channel/chiplet_gds_data/power_macro/delay_chain/ftc/analysis/b_fe_frontend/arch1_signed_error_separability_audit/ARCH1_SIGNED_ERROR_PER_SAMPLE.csv,cb659cdf09c65219e76d90376ac58e9cd2b2da57d8667241d69a03ae86fdca3f
healthy_signed_rise,41019,RISE,182,187,22,-5,5,0,0,0,/home/zhupl25/chiplet_side_channel/chiplet_gds_data/power_macro/delay_chain/ftc/analysis/b_fe_frontend/arch1_signed_error_separability_audit/ARCH1_SIGNED_ERROR_PER_SAMPLE.csv,cb659cdf09c65219e76d90376ac58e9cd2b2da57d8667241d69a03ae86fdca3f
healthy_signed_rise,41019,RISE,204,187,22,17,17,0,0,0,/home/zhupl25/chiplet_side_channel/chiplet_gds_data/power_macro/delay_chain/ftc/analysis/b_fe_frontend/arch1_signed_error_separability_audit/ARCH1_SIGNED_ERROR_PER_SAMPLE.csv,cb659cdf09c65219e76d90376ac58e9cd2b2da57d8667241d69a03ae86fdca3f
healthy_signed_rise,41019,RISE,182,187,22,-5,5,0,0,0,/home/zhupl25/chiplet_side_channel/chiplet_gds_data/power_macro/delay_chain/ftc/analysis/b_fe_frontend/arch1_signed_error_separability_audit/ARCH1_SIGNED_ERROR_PER_SAMPLE.csv,cb659cdf09c65219e76d90376ac58e9cd2b2da57d8667241d69a03ae86fdca3f
healthy_signed_rise,41019,RISE,182,187,22,-5,5,0,0,0,/home/zhupl25/chiplet_side_channel/chiplet_gds_data/power_macro/delay_chain/ftc/analysis/b_fe_frontend/arch1_signed_error_separability_audit/ARCH1_SIGNED_ERROR_PER_SAMPLE.csv,cb659cdf09c65219e76d90376ac58e9cd2b2da57d8667241d69a03ae86fdca3f
healthy_signed_rise,41019,RISE,182,187,22,-5,5,0,0,0,/home/zhupl25/chiplet_side_channel/chiplet_gds_data/power_macro/delay_chain/ftc/analysis/b_fe_frontend/arch1_signed_error_separability_audit/ARCH1_SIGNED_ERROR_PER_SAMPLE.csv,cb659cdf09c65219e76d90376ac58e9cd2b2da57d8667241d69a03ae86fdca3f
healthy_signed_rise,41019,RISE,182,187,22,-5,5,0,0,0,/home/zhupl25/chiplet_side_channel/chiplet_gds_data/power_macro/delay_chain/ftc/analysis/b_fe_frontend/arch1_signed_error_separability_audit/ARCH1_SIGNED_ERROR_PER_SAMPLE.csv,cb659cdf09c65219e76d90376ac58e9cd2b2da57d8667241d69a03ae86fdca3f
healthy_signed_rise,41019,RISE,182,187,22,-5,5,0,0,0,/home/zhupl25/chiplet_side_channel/chiplet_gds_data/power_macro/delay_chain/ftc/analysis/b_fe_frontend/arch1_signed_error_separability_audit/ARCH1_SIGNED_ERROR_PER_SAMPLE.csv,cb659cdf09c65219e76d90376ac58e9cd2b2da57d8667241d69a03ae86fdca3f
healthy_signed_rise,41019,RISE,182,187,22,-5,5,0,0,0,/home/zhupl25/chiplet_side_channel/chiplet_gds_data/power_macro/delay_chain/ftc/analysis/b_fe_frontend/arch1_signed_error_separability_audit/ARCH1_SIGNED_ERROR_PER_SAMPLE.csv,cb659cdf09c65219e76d90376ac58e9cd2b2da57d8667241d69a03ae86fdca3f
healthy_signed_rise,41019,RISE,182,187,22,-5,5,0,0,0,/home/zhupl25/chiplet_side_channel/chiplet_gds_data/power_macro/delay_chain/ftc/analysis/b_fe_frontend/arch1_signed_error_separability_audit/ARCH1_SIGNED_ERROR_PER_SAMPLE.csv,cb659cdf09c65219e76d90376ac58e9cd2b2da57d8667241d69a03ae86fdca3f
healthy_signed_rise,41019,RISE,182,187,22,-5,5,0,0,0,/home/zhupl25/chiplet_side_channel/chiplet_gds_data/power_macro/delay_chain/ftc/analysis/b_fe_frontend/arch1_signed_error_separability_audit/ARCH1_SIGNED_ERROR_PER_SAMPLE.csv,cb659cdf09c65219e76d90376ac58e9cd2b2da57d8667241d69a03ae86fdca3f
healthy_signed_rise,41019,RISE,182,187,22,-5,5,0,0,0,/home/zhupl25/chiplet_side_channel/chiplet_gds_data/power_macro/delay_chain/ftc/analysis/b_fe_frontend/arch1_signed_error_separability_audit/ARCH1_SIGNED_ERROR_PER_SAMPLE.csv,cb659cdf09c65219e76d90376ac58e9cd2b2da57d8667241d69a03ae86fdca3f
healthy_signed_rise,41020,RISE,159,159,22,0,0,0,0,0,/home/zhupl25/chiplet_side_channel/chiplet_gds_data/power_macro/delay_chain/ftc/analysis/b_fe_frontend/arch1_signed_error_separability_audit/ARCH1_SIGNED_ERROR_PER_SAMPLE.csv,cb659cdf09c65219e76d90376ac58e9cd2b2da57d8667241d69a03ae86fdca3f
healthy_signed_rise,41020,RISE,159,159,22,0,0,0,0,0,/home/zhupl25/chiplet_side_channel/chiplet_gds_data/power_macro/delay_chain/ftc/analysis/b_fe_frontend/arch1_signed_error_separability_audit/ARCH1_SIGNED_ERROR_PER_SAMPLE.csv,cb659cdf09c65219e76d90376ac58e9cd2b2da57d8667241d69a03ae86fdca3f
healthy_signed_rise,41020,RISE,159,159,22,0,0,0,0,0,/home/zhupl25/chiplet_side_channel/chiplet_gds_data/power_macro/delay_chain/ftc/analysis/b_fe_frontend/arch1_signed_error_separability_audit/ARCH1_SIGNED_ERROR_PER_SAMPLE.csv,cb659cdf09c65219e76d90376ac58e9cd2b2da57d8667241d69a03ae86fdca3f
healthy_signed_rise,41020,RISE,159,159,22,0,0,0,0,0,/home/zhupl25/chiplet_side_channel/chiplet_gds_data/power_macro/delay_chain/ftc/analysis/b_fe_frontend/arch1_signed_error_separability_audit/ARCH1_SIGNED_ERROR_PER_SAMPLE.csv,cb659cdf09c65219e76d90376ac58e9cd2b2da57d8667241d69a03ae86fdca3f
healthy_signed_rise,41020,RISE,159,159,22,0,0,0,0,0,/home/zhupl25/chiplet_side_channel/chiplet_gds_data/power_macro/delay_chain/ftc/analysis/b_fe_frontend/arch1_signed_error_separability_audit/ARCH1_SIGNED_ERROR_PER_SAMPLE.csv,cb659cdf09c65219e76d90376ac58e9cd2b2da57d8667241d69a03ae86fdca3f
healthy_signed_rise,41020,RISE,159,159,22,0,0,0,0,0,/home/zhupl25/chiplet_side_channel/chiplet_gds_data/power_macro/delay_chain/ftc/analysis/b_fe_frontend/arch1_signed_error_separability_audit/ARCH1_SIGNED_ERROR_PER_SAMPLE.csv,cb659cdf09c65219e76d90376ac58e9cd2b2da57d8667241d69a03ae86fdca3f
healthy_signed_rise,41020,RISE,159,159,22,0,0,0,0,0,/home/zhupl25/chiplet_side_channel/chiplet_gds_data/power_macro/delay_chain/ftc/analysis/b_fe_frontend/arch1_signed_error_separability_audit/ARCH1_SIGNED_ERROR_PER_SAMPLE.csv,cb659cdf09c65219e76d90376ac58e9cd2b2da57d8667241d69a03ae86fdca3f
healthy_signed_rise,41020,RISE,159,159,22,0,0,0,0,0,/home/zhupl25/chiplet_side_channel/chiplet_gds_data/power_macro/delay_chain/ftc/analysis/b_fe_frontend/arch1_signed_error_separability_audit/ARCH1_SIGNED_ERROR_PER_SAMPLE.csv,cb659cdf09c65219e76d90376ac58e9cd2b2da57d8667241d69a03ae86fdca3f
healthy_signed_rise,41020,RISE,159,159,22,0,0,0,0,0,/home/zhupl25/chiplet_side_channel/chiplet_gds_data/power_macro/delay_chain/ftc/analysis/b_fe_frontend/arch1_signed_error_separability_audit/ARCH1_SIGNED_ERROR_PER_SAMPLE.csv,cb659cdf09c65219e76d90376ac58e9cd2b2da57d8667241d69a03ae86fdca3f
healthy_signed_rise,41020,RISE,159,159,22,0,0,0,0,0,/home/zhupl25/chiplet_side_channel/chiplet_gds_data/power_macro/delay_chain/ftc/analysis/b_fe_frontend/arch1_signed_error_separability_audit/ARCH1_SIGNED_ERROR_PER_SAMPLE.csv,cb659cdf09c65219e76d90376ac58e9cd2b2da57d8667241d69a03ae86fdca3f
healthy_signed_rise,41020,RISE,159,159,22,0,0,0,0,0,/home/zhupl25/chiplet_side_channel/chiplet_gds_data/power_macro/delay_chain/ftc/analysis/b_fe_frontend/arch1_signed_error_separability_audit/ARCH1_SIGNED_ERROR_PER_SAMPLE.csv,cb659cdf09c65219e76d90376ac58e9cd2b2da57d8667241d69a03ae86fdca3f
healthy_signed_rise,41020,RISE,159,159,22,0,0,0,0,0,/home/zhupl25/chiplet_side_channel/chiplet_gds_data/power_macro/delay_chain/ftc/analysis/b_fe_frontend/arch1_signed_error_separability_audit/ARCH1_SIGNED_ERROR_PER_SAMPLE.csv,cb659cdf09c65219e76d90376ac58e9cd2b2da57d8667241d69a03ae86fdca3f
healthy_signed_rise,41021,RISE,182,182,22,0,0,0,0,0,/home/zhupl25/chiplet_side_channel/chiplet_gds_data/power_macro/delay_chain/ftc/analysis/b_fe_frontend/arch1_signed_error_separability_audit/ARCH1_SIGNED_ERROR_PER_SAMPLE.csv,cb659cdf09c65219e76d90376ac58e9cd2b2da57d8667241d69a03ae86fdca3f
healthy_signed_rise,41021,RISE,182,182,22,0,0,0,0,0,/home/zhupl25/chiplet_side_channel/chiplet_gds_data/power_macro/delay_chain/ftc/analysis/b_fe_frontend/arch1_signed_error_separability_audit/ARCH1_SIGNED_ERROR_PER_SAMPLE.csv,cb659cdf09c65219e76d90376ac58e9cd2b2da57d8667241d69a03ae86fdca3f
healthy_signed_rise,41021,RISE,182,182,22,0,0,0,0,0,/home/zhupl25/chiplet_side_channel/chiplet_gds_data/power_macro/delay_chain/ftc/analysis/b_fe_frontend/arch1_signed_error_separability_audit/ARCH1_SIGNED_ERROR_PER_SAMPLE.csv,cb659cdf09c65219e76d90376ac58e9cd2b2da57d8667241d69a03ae86fdca3f
healthy_signed_rise,41021,RISE,182,182,22,0,0,0,0,0,/home/zhupl25/chiplet_side_channel/chiplet_gds_data/power_macro/delay_chain/ftc/analysis/b_fe_frontend/arch1_signed_error_separability_audit/ARCH1_SIGNED_ERROR_PER_SAMPLE.csv,cb659cdf09c65219e76d90376ac58e9cd2b2da57d8667241d69a03ae86fdca3f
healthy_signed_rise,41021,RISE,182,182,22,0,0,0,0,0,/home/zhupl25/chiplet_side_channel/chiplet_gds_data/power_macro/delay_chain/ftc/analysis/b_fe_frontend/arch1_signed_error_separability_audit/ARCH1_SIGNED_ERROR_PER_SAMPLE.csv,cb659cdf09c65219e76d90376ac58e9cd2b2da57d8667241d69a03ae86fdca3f
healthy_signed_rise,41021,RISE,182,182,22,0,0,0,0,0,/home/zhupl25/chiplet_side_channel/chiplet_gds_data/power_macro/delay_chain/ftc/analysis/b_fe_frontend/arch1_signed_error_separability_audit/ARCH1_SIGNED_ERROR_PER_SAMPLE.csv,cb659cdf09c65219e76d90376ac58e9cd2b2da57d8667241d69a03ae86fdca3f
healthy_signed_rise,41021,RISE,182,182,22,0,0,0,0,0,/home/zhupl25/chiplet_side_channel/chiplet_gds_data/power_macro/delay_chain/ftc/analysis/b_fe_frontend/arch1_signed_error_separability_audit/ARCH1_SIGNED_ERROR_PER_SAMPLE.csv,cb659cdf09c65219e76d90376ac58e9cd2b2da57d8667241d69a03ae86fdca3f
healthy_signed_rise,41021,RISE,182,182,22,0,0,0,0,0,/home/zhupl25/chiplet_side_channel/chiplet_gds_data/power_macro/delay_chain/ftc/analysis/b_fe_frontend/arch1_signed_error_separability_audit/ARCH1_SIGNED_ERROR_PER_SAMPLE.csv,cb659cdf09c65219e76d90376ac58e9cd2b2da57d8667241d69a03ae86fdca3f
healthy_signed_rise,41021,RISE,182,182,22,0,0,0,0,0,/home/zhupl25/chiplet_side_channel/chiplet_gds_data/power_macro/delay_chain/ftc/analysis/b_fe_frontend/arch1_signed_error_separability_audit/ARCH1_SIGNED_ERROR_PER_SAMPLE.csv,cb659cdf09c65219e76d90376ac58e9cd2b2da57d8667241d69a03ae86fdca3f
healthy_signed_rise,41021,RISE,182,182,22,0,0,0,0,0,/home/zhupl25/chiplet_side_channel/chiplet_gds_data/power_macro/delay_chain/ftc/analysis/b_fe_frontend/arch1_signed_error_separability_audit/ARCH1_SIGNED_ERROR_PER_SAMPLE.csv,cb659cdf09c65219e76d90376ac58e9cd2b2da57d8667241d69a03ae86fdca3f
healthy_signed_rise,41021,RISE,182,182,22,0,0,0,0,0,/home/zhupl25/chiplet_side_channel/chiplet_gds_data/power_macro/delay_chain/ftc/analysis/b_fe_frontend/arch1_signed_error_separability_audit/ARCH1_SIGNED_ERROR_PER_SAMPLE.csv,cb659cdf09c65219e76d90376ac58e9cd2b2da57d8667241d69a03ae86fdca3f
healthy_signed_rise,41021,RISE,182,182,22,0,0,0,0,0,/home/zhupl25/chiplet_side_channel/chiplet_gds_data/power_macro/delay_chain/ftc/analysis/b_fe_frontend/arch1_signed_error_separability_audit/ARCH1_SIGNED_ERROR_PER_SAMPLE.csv,cb659cdf09c65219e76d90376ac58e9cd2b2da57d8667241d69a03ae86fdca3f
healthy_signed_rise,41022,RISE,204,204,22,0,0,0,0,0,/home/zhupl25/chiplet_side_channel/chiplet_gds_data/power_macro/delay_chain/ftc/analysis/b_fe_frontend/arch1_signed_error_separability_audit/ARCH1_SIGNED_ERROR_PER_SAMPLE.csv,cb659cdf09c65219e76d90376ac58e9cd2b2da57d8667241d69a03ae86fdca3f
healthy_signed_rise,41022,RISE,204,204,22,0,0,0,0,0,/home/zhupl25/chiplet_side_channel/chiplet_gds_data/power_macro/delay_chain/ftc/analysis/b_fe_frontend/arch1_signed_error_separability_audit/ARCH1_SIGNED_ERROR_PER_SAMPLE.csv,cb659cdf09c65219e76d90376ac58e9cd2b2da57d8667241d69a03ae86fdca3f
healthy_signed_rise,41022,RISE,204,204,22,0,0,0,0,0,/home/zhupl25/chiplet_side_channel/chiplet_gds_data/power_macro/delay_chain/ftc/analysis/b_fe_frontend/arch1_signed_error_separability_audit/ARCH1_SIGNED_ERROR_PER_SAMPLE.csv,cb659cdf09c65219e76d90376ac58e9cd2b2da57d8667241d69a03ae86fdca3f
healthy_signed_rise,41022,RISE,204,204,22,0,0,0,0,0,/home/zhupl25/chiplet_side_channel/chiplet_gds_data/power_macro/delay_chain/ftc/analysis/b_fe_frontend/arch1_signed_error_separability_audit/ARCH1_SIGNED_ERROR_PER_SAMPLE.csv,cb659cdf09c65219e76d90376ac58e9cd2b2da57d8667241d69a03ae86fdca3f
healthy_signed_rise,41022,RISE,204,204,22,0,0,0,0,0,/home/zhupl25/chiplet_side_channel/chiplet_gds_data/power_macro/delay_chain/ftc/analysis/b_fe_frontend/arch1_signed_error_separability_audit/ARCH1_SIGNED_ERROR_PER_SAMPLE.csv,cb659cdf09c65219e76d90376ac58e9cd2b2da57d8667241d69a03ae86fdca3f
healthy_signed_rise,41022,RISE,204,204,22,0,0,0,0,0,/home/zhupl25/chiplet_side_channel/chiplet_gds_data/power_macro/delay_chain/ftc/analysis/b_fe_frontend/arch1_signed_error_separability_audit/ARCH1_SIGNED_ERROR_PER_SAMPLE.csv,cb659cdf09c65219e76d90376ac58e9cd2b2da57d8667241d69a03ae86fdca3f
healthy_signed_rise,41022,RISE,182,204,22,-22,22,0,0,0,/home/zhupl25/chiplet_side_channel/chiplet_gds_data/power_macro/delay_chain/ftc/analysis/b_fe_frontend/arch1_signed_error_separability_audit/ARCH1_SIGNED_ERROR_PER_SAMPLE.csv,cb659cdf09c65219e76d90376ac58e9cd2b2da57d8667241d69a03ae86fdca3f
healthy_signed_rise,41022,RISE,204,204,22,0,0,0,0,0,/home/zhupl25/chiplet_side_channel/chiplet_gds_data/power_macro/delay_chain/ftc/analysis/b_fe_frontend/arch1_signed_error_separability_audit/ARCH1_SIGNED_ERROR_PER_SAMPLE.csv,cb659cdf09c65219e76d90376ac58e9cd2b2da57d8667241d69a03ae86fdca3f
healthy_signed_rise,41022,RISE,204,204,22,0,0,0,0,0,/home/zhupl25/chiplet_side_channel/chiplet_gds_data/power_macro/delay_chain/ftc/analysis/b_fe_frontend/arch1_signed_error_separability_audit/ARCH1_SIGNED_ERROR_PER_SAMPLE.csv,cb659cdf09c65219e76d90376ac58e9cd2b2da57d8667241d69a03ae86fdca3f
healthy_signed_rise,41022,RISE,204,204,22,0,0,0,0,0,/home/zhupl25/chiplet_side_channel/chiplet_gds_data/power_macro/delay_chain/ftc/analysis/b_fe_frontend/arch1_signed_error_separability_audit/ARCH1_SIGNED_ERROR_PER_SAMPLE.csv,cb659cdf09c65219e76d90376ac58e9cd2b2da57d8667241d69a03ae86fdca3f
healthy_signed_rise,41022,RISE,182,204,22,-22,22,0,0,0,/home/zhupl25/chiplet_side_channel/chiplet_gds_data/power_macro/delay_chain/ftc/analysis/b_fe_frontend/arch1_signed_error_separability_audit/ARCH1_SIGNED_ERROR_PER_SAMPLE.csv,cb659cdf09c65219e76d90376ac58e9cd2b2da57d8667241d69a03ae86fdca3f
healthy_signed_rise,41022,RISE,204,204,22,0,0,0,0,0,/home/zhupl25/chiplet_side_channel/chiplet_gds_data/power_macro/delay_chain/ftc/analysis/b_fe_frontend/arch1_signed_error_separability_audit/ARCH1_SIGNED_ERROR_PER_SAMPLE.csv,cb659cdf09c65219e76d90376ac58e9cd2b2da57d8667241d69a03ae86fdca3f
healthy_signed_rise,41023,RISE,204,209,22,-5,5,0,0,0,/home/zhupl25/chiplet_side_channel/chiplet_gds_data/power_macro/delay_chain/ftc/analysis/b_fe_frontend/arch1_signed_error_separability_audit/ARCH1_SIGNED_ERROR_PER_SAMPLE.csv,cb659cdf09c65219e76d90376ac58e9cd2b2da57d8667241d69a03ae86fdca3f
healthy_signed_rise,41023,RISE,204,209,22,-5,5,0,0,0,/home/zhupl25/chiplet_side_channel/chiplet_gds_data/power_macro/delay_chain/ftc/analysis/b_fe_frontend/arch1_signed_error_separability_audit/ARCH1_SIGNED_ERROR_PER_SAMPLE.csv,cb659cdf09c65219e76d90376ac58e9cd2b2da57d8667241d69a03ae86fdca3f
healthy_signed_rise,41023,RISE,225,209,22,16,16,0,0,0,/home/zhupl25/chiplet_side_channel/chiplet_gds_data/power_macro/delay_chain/ftc/analysis/b_fe_frontend/arch1_signed_error_separability_audit/ARCH1_SIGNED_ERROR_PER_SAMPLE.csv,cb659cdf09c65219e76d90376ac58e9cd2b2da57d8667241d69a03ae86fdca3f
healthy_signed_rise,41023,RISE,204,209,22,-5,5,0,0,0,/home/zhupl25/chiplet_side_channel/chiplet_gds_data/power_macro/delay_chain/ftc/analysis/b_fe_frontend/arch1_signed_error_separability_audit/ARCH1_SIGNED_ERROR_PER_SAMPLE.csv,cb659cdf09c65219e76d90376ac58e9cd2b2da57d8667241d69a03ae86fdca3f
healthy_signed_rise,41023,RISE,204,209,22,-5,5,0,0,0,/home/zhupl25/chiplet_side_channel/chiplet_gds_data/power_macro/delay_chain/ftc/analysis/b_fe_frontend/arch1_signed_error_separability_audit/ARCH1_SIGNED_ERROR_PER_SAMPLE.csv,cb659cdf09c65219e76d90376ac58e9cd2b2da57d8667241d69a03ae86fdca3f
healthy_signed_rise,41023,RISE,204,209,22,-5,5,0,0,0,/home/zhupl25/chiplet_side_channel/chiplet_gds_data/power_macro/delay_chain/ftc/analysis/b_fe_frontend/arch1_signed_error_separability_audit/ARCH1_SIGNED_ERROR_PER_SAMPLE.csv,cb659cdf09c65219e76d90376ac58e9cd2b2da57d8667241d69a03ae86fdca3f
healthy_signed_rise,41023,RISE,204,209,22,-5,5,0,0,0,/home/zhupl25/chiplet_side_channel/chiplet_gds_data/power_macro/delay_chain/ftc/analysis/b_fe_frontend/arch1_signed_error_separability_audit/ARCH1_SIGNED_ERROR_PER_SAMPLE.csv,cb659cdf09c65219e76d90376ac58e9cd2b2da57d8667241d69a03ae86fdca3f
healthy_signed_rise,41023,RISE,204,209,22,-5,5,0,0,0,/home/zhupl25/chiplet_side_channel/chiplet_gds_data/power_macro/delay_chain/ftc/analysis/b_fe_frontend/arch1_signed_error_separability_audit/ARCH1_SIGNED_ERROR_PER_SAMPLE.csv,cb659cdf09c65219e76d90376ac58e9cd2b2da57d8667241d69a03ae86fdca3f
healthy_signed_rise,41023,RISE,204,209,22,-5,5,0,0,0,/home/zhupl25/chiplet_side_channel/chiplet_gds_data/power_macro/delay_chain/ftc/analysis/b_fe_frontend/arch1_signed_error_separability_audit/ARCH1_SIGNED_ERROR_PER_SAMPLE.csv,cb659cdf09c65219e76d90376ac58e9cd2b2da57d8667241d69a03ae86fdca3f
healthy_signed_rise,41023,RISE,204,209,22,-5,5,0,0,0,/home/zhupl25/chiplet_side_channel/chiplet_gds_data/power_macro/delay_chain/ftc/analysis/b_fe_frontend/arch1_signed_error_separability_audit/ARCH1_SIGNED_ERROR_PER_SAMPLE.csv,cb659cdf09c65219e76d90376ac58e9cd2b2da57d8667241d69a03ae86fdca3f
healthy_signed_rise,41023,RISE,204,209,22,-5,5,0,0,0,/home/zhupl25/chiplet_side_channel/chiplet_gds_data/power_macro/delay_chain/ftc/analysis/b_fe_frontend/arch1_signed_error_separability_audit/ARCH1_SIGNED_ERROR_PER_SAMPLE.csv,cb659cdf09c65219e76d90376ac58e9cd2b2da57d8667241d69a03ae86fdca3f
healthy_signed_rise,41023,RISE,204,209,22,-5,5,0,0,0,/home/zhupl25/chiplet_side_channel/chiplet_gds_data/power_macro/delay_chain/ftc/analysis/b_fe_frontend/arch1_signed_error_separability_audit/ARCH1_SIGNED_ERROR_PER_SAMPLE.csv,cb659cdf09c65219e76d90376ac58e9cd2b2da57d8667241d69a03ae86fdca3f
healthy_signed_rise,41024,RISE,159,164,22,-5,5,0,0,0,/home/zhupl25/chiplet_side_channel/chiplet_gds_data/power_macro/delay_chain/ftc/analysis/b_fe_frontend/arch1_signed_error_separability_audit/ARCH1_SIGNED_ERROR_PER_SAMPLE.csv,cb659cdf09c65219e76d90376ac58e9cd2b2da57d8667241d69a03ae86fdca3f
healthy_signed_rise,41024,RISE,159,164,22,-5,5,0,0,0,/home/zhupl25/chiplet_side_channel/chiplet_gds_data/power_macro/delay_chain/ftc/analysis/b_fe_frontend/arch1_signed_error_separability_audit/ARCH1_SIGNED_ERROR_PER_SAMPLE.csv,cb659cdf09c65219e76d90376ac58e9cd2b2da57d8667241d69a03ae86fdca3f
healthy_signed_rise,41024,RISE,182,164,22,18,18,0,0,0,/home/zhupl25/chiplet_side_channel/chiplet_gds_data/power_macro/delay_chain/ftc/analysis/b_fe_frontend/arch1_signed_error_separability_audit/ARCH1_SIGNED_ERROR_PER_SAMPLE.csv,cb659cdf09c65219e76d90376ac58e9cd2b2da57d8667241d69a03ae86fdca3f
healthy_signed_rise,41024,RISE,159,164,22,-5,5,0,0,0,/home/zhupl25/chiplet_side_channel/chiplet_gds_data/power_macro/delay_chain/ftc/analysis/b_fe_frontend/arch1_signed_error_separability_audit/ARCH1_SIGNED_ERROR_PER_SAMPLE.csv,cb659cdf09c65219e76d90376ac58e9cd2b2da57d8667241d69a03ae86fdca3f
healthy_signed_rise,41024,RISE,159,164,22,-5,5,0,0,0,/home/zhupl25/chiplet_side_channel/chiplet_gds_data/power_macro/delay_chain/ftc/analysis/b_fe_frontend/arch1_signed_error_separability_audit/ARCH1_SIGNED_ERROR_PER_SAMPLE.csv,cb659cdf09c65219e76d90376ac58e9cd2b2da57d8667241d69a03ae86fdca3f
healthy_signed_rise,41024,RISE,159,164,22,-5,5,0,0,0,/home/zhupl25/chiplet_side_channel/chiplet_gds_data/power_macro/delay_chain/ftc/analysis/b_fe_frontend/arch1_signed_error_separability_audit/ARCH1_SIGNED_ERROR_PER_SAMPLE.csv,cb659cdf09c65219e76d90376ac58e9cd2b2da57d8667241d69a03ae86fdca3f
healthy_signed_rise,41024,RISE,159,164,22,-5,5,0,0,0,/home/zhupl25/chiplet_side_channel/chiplet_gds_data/power_macro/delay_chain/ftc/analysis/b_fe_frontend/arch1_signed_error_separability_audit/ARCH1_SIGNED_ERROR_PER_SAMPLE.csv,cb659cdf09c65219e76d90376ac58e9cd2b2da57d8667241d69a03ae86fdca3f
healthy_signed_rise,41024,RISE,159,164,22,-5,5,0,0,0,/home/zhupl25/chiplet_side_channel/chiplet_gds_data/power_macro/delay_chain/ftc/analysis/b_fe_frontend/arch1_signed_error_separability_audit/ARCH1_SIGNED_ERROR_PER_SAMPLE.csv,cb659cdf09c65219e76d90376ac58e9cd2b2da57d8667241d69a03ae86fdca3f
healthy_signed_rise,41024,RISE,159,164,22,-5,5,0,0,0,/home/zhupl25/chiplet_side_channel/chiplet_gds_data/power_macro/delay_chain/ftc/analysis/b_fe_frontend/arch1_signed_error_separability_audit/ARCH1_SIGNED_ERROR_PER_SAMPLE.csv,cb659cdf09c65219e76d90376ac58e9cd2b2da57d8667241d69a03ae86fdca3f
healthy_signed_rise,41024,RISE,159,164,22,-5,5,0,0,0,/home/zhupl25/chiplet_side_channel/chiplet_gds_data/power_macro/delay_chain/ftc/analysis/b_fe_frontend/arch1_signed_error_separability_audit/ARCH1_SIGNED_ERROR_PER_SAMPLE.csv,cb659cdf09c65219e76d90376ac58e9cd2b2da57d8667241d69a03ae86fdca3f
healthy_signed_rise,41024,RISE,159,164,22,-5,5,0,0,0,/home/zhupl25/chiplet_side_channel/chiplet_gds_data/power_macro/delay_chain/ftc/analysis/b_fe_frontend/arch1_signed_error_separability_audit/ARCH1_SIGNED_ERROR_PER_SAMPLE.csv,cb659cdf09c65219e76d90376ac58e9cd2b2da57d8667241d69a03ae86fdca3f
healthy_signed_rise,41024,RISE,159,164,22,-5,5,0,0,0,/home/zhupl25/chiplet_side_channel/chiplet_gds_data/power_macro/delay_chain/ftc/analysis/b_fe_frontend/arch1_signed_error_separability_audit/ARCH1_SIGNED_ERROR_PER_SAMPLE.csv,cb659cdf09c65219e76d90376ac58e9cd2b2da57d8667241d69a03ae86fdca3f
healthy_signed_rise,41025,RISE,225,225,22,0,0,0,0,0,/home/zhupl25/chiplet_side_channel/chiplet_gds_data/power_macro/delay_chain/ftc/analysis/b_fe_frontend/arch1_signed_error_separability_audit/ARCH1_SIGNED_ERROR_PER_SAMPLE.csv,cb659cdf09c65219e76d90376ac58e9cd2b2da57d8667241d69a03ae86fdca3f
healthy_signed_rise,41025,RISE,225,225,22,0,0,0,0,0,/home/zhupl25/chiplet_side_channel/chiplet_gds_data/power_macro/delay_chain/ftc/analysis/b_fe_frontend/arch1_signed_error_separability_audit/ARCH1_SIGNED_ERROR_PER_SAMPLE.csv,cb659cdf09c65219e76d90376ac58e9cd2b2da57d8667241d69a03ae86fdca3f
healthy_signed_rise,41025,RISE,225,225,22,0,0,0,0,0,/home/zhupl25/chiplet_side_channel/chiplet_gds_data/power_macro/delay_chain/ftc/analysis/b_fe_frontend/arch1_signed_error_separability_audit/ARCH1_SIGNED_ERROR_PER_SAMPLE.csv,cb659cdf09c65219e76d90376ac58e9cd2b2da57d8667241d69a03ae86fdca3f
healthy_signed_rise,41025,RISE,225,225,22,0,0,0,0,0,/home/zhupl25/chiplet_side_channel/chiplet_gds_data/power_macro/delay_chain/ftc/analysis/b_fe_frontend/arch1_signed_error_separability_audit/ARCH1_SIGNED_ERROR_PER_SAMPLE.csv,cb659cdf09c65219e76d90376ac58e9cd2b2da57d8667241d69a03ae86fdca3f
healthy_signed_rise,41025,RISE,225,225,22,0,0,0,0,0,/home/zhupl25/chiplet_side_channel/chiplet_gds_data/power_macro/delay_chain/ftc/analysis/b_fe_frontend/arch1_signed_error_separability_audit/ARCH1_SIGNED_ERROR_PER_SAMPLE.csv,cb659cdf09c65219e76d90376ac58e9cd2b2da57d8667241d69a03ae86fdca3f
healthy_signed_rise,41025,RISE,225,225,22,0,0,0,0,0,/home/zhupl25/chiplet_side_channel/chiplet_gds_data/power_macro/delay_chain/ftc/analysis/b_fe_frontend/arch1_signed_error_separability_audit/ARCH1_SIGNED_ERROR_PER_SAMPLE.csv,cb659cdf09c65219e76d90376ac58e9cd2b2da57d8667241d69a03ae86fdca3f
healthy_signed_rise,41025,RISE,204,225,22,-21,21,0,0,0,/home/zhupl25/chiplet_side_channel/chiplet_gds_data/power_macro/delay_chain/ftc/analysis/b_fe_frontend/arch1_signed_error_separability_audit/ARCH1_SIGNED_ERROR_PER_SAMPLE.csv,cb659cdf09c65219e76d90376ac58e9cd2b2da57d8667241d69a03ae86fdca3f
healthy_signed_rise,41025,RISE,225,225,22,0,0,0,0,0,/home/zhupl25/chiplet_side_channel/chiplet_gds_data/power_macro/delay_chain/ftc/analysis/b_fe_frontend/arch1_signed_error_separability_audit/ARCH1_SIGNED_ERROR_PER_SAMPLE.csv,cb659cdf09c65219e76d90376ac58e9cd2b2da57d8667241d69a03ae86fdca3f
healthy_signed_rise,41025,RISE,225,225,22,0,0,0,0,0,/home/zhupl25/chiplet_side_channel/chiplet_gds_data/power_macro/delay_chain/ftc/analysis/b_fe_frontend/arch1_signed_error_separability_audit/ARCH1_SIGNED_ERROR_PER_SAMPLE.csv,cb659cdf09c65219e76d90376ac58e9cd2b2da57d8667241d69a03ae86fdca3f
healthy_signed_rise,41025,RISE,225,225,22,0,0,0,0,0,/home/zhupl25/chiplet_side_channel/chiplet_gds_data/power_macro/delay_chain/ftc/analysis/b_fe_frontend/arch1_signed_error_separability_audit/ARCH1_SIGNED_ERROR_PER_SAMPLE.csv,cb659cdf09c65219e76d90376ac58e9cd2b2da57d8667241d69a03ae86fdca3f
healthy_signed_rise,41025,RISE,204,225,22,-21,21,0,0,0,/home/zhupl25/chiplet_side_channel/chiplet_gds_data/power_macro/delay_chain/ftc/analysis/b_fe_frontend/arch1_signed_error_separability_audit/ARCH1_SIGNED_ERROR_PER_SAMPLE.csv,cb659cdf09c65219e76d90376ac58e9cd2b2da57d8667241d69a03ae86fdca3f
healthy_signed_rise,41025,RISE,225,225,22,0,0,0,0,0,/home/zhupl25/chiplet_side_channel/chiplet_gds_data/power_macro/delay_chain/ftc/analysis/b_fe_frontend/arch1_signed_error_separability_audit/ARCH1_SIGNED_ERROR_PER_SAMPLE.csv,cb659cdf09c65219e76d90376ac58e9cd2b2da57d8667241d69a03ae86fdca3f
healthy_signed_rise,41026,RISE,159,164,22,-5,5,0,0,0,/home/zhupl25/chiplet_side_channel/chiplet_gds_data/power_macro/delay_chain/ftc/analysis/b_fe_frontend/arch1_signed_error_separability_audit/ARCH1_SIGNED_ERROR_PER_SAMPLE.csv,cb659cdf09c65219e76d90376ac58e9cd2b2da57d8667241d69a03ae86fdca3f
healthy_signed_rise,41026,RISE,159,164,22,-5,5,0,0,0,/home/zhupl25/chiplet_side_channel/chiplet_gds_data/power_macro/delay_chain/ftc/analysis/b_fe_frontend/arch1_signed_error_separability_audit/ARCH1_SIGNED_ERROR_PER_SAMPLE.csv,cb659cdf09c65219e76d90376ac58e9cd2b2da57d8667241d69a03ae86fdca3f
healthy_signed_rise,41026,RISE,182,164,22,18,18,0,0,0,/home/zhupl25/chiplet_side_channel/chiplet_gds_data/power_macro/delay_chain/ftc/analysis/b_fe_frontend/arch1_signed_error_separability_audit/ARCH1_SIGNED_ERROR_PER_SAMPLE.csv,cb659cdf09c65219e76d90376ac58e9cd2b2da57d8667241d69a03ae86fdca3f
healthy_signed_rise,41026,RISE,159,164,22,-5,5,0,0,0,/home/zhupl25/chiplet_side_channel/chiplet_gds_data/power_macro/delay_chain/ftc/analysis/b_fe_frontend/arch1_signed_error_separability_audit/ARCH1_SIGNED_ERROR_PER_SAMPLE.csv,cb659cdf09c65219e76d90376ac58e9cd2b2da57d8667241d69a03ae86fdca3f
healthy_signed_rise,41026,RISE,159,164,22,-5,5,0,0,0,/home/zhupl25/chiplet_side_channel/chiplet_gds_data/power_macro/delay_chain/ftc/analysis/b_fe_frontend/arch1_signed_error_separability_audit/ARCH1_SIGNED_ERROR_PER_SAMPLE.csv,cb659cdf09c65219e76d90376ac58e9cd2b2da57d8667241d69a03ae86fdca3f
healthy_signed_rise,41026,RISE,159,164,22,-5,5,0,0,0,/home/zhupl25/chiplet_side_channel/chiplet_gds_data/power_macro/delay_chain/ftc/analysis/b_fe_frontend/arch1_signed_error_separability_audit/ARCH1_SIGNED_ERROR_PER_SAMPLE.csv,cb659cdf09c65219e76d90376ac58e9cd2b2da57d8667241d69a03ae86fdca3f
healthy_signed_rise,41026,RISE,159,164,22,-5,5,0,0,0,/home/zhupl25/chiplet_side_channel/chiplet_gds_data/power_macro/delay_chain/ftc/analysis/b_fe_frontend/arch1_signed_error_separability_audit/ARCH1_SIGNED_ERROR_PER_SAMPLE.csv,cb659cdf09c65219e76d90376ac58e9cd2b2da57d8667241d69a03ae86fdca3f
healthy_signed_rise,41026,RISE,159,164,22,-5,5,0,0,0,/home/zhupl25/chiplet_side_channel/chiplet_gds_data/power_macro/delay_chain/ftc/analysis/b_fe_frontend/arch1_signed_error_separability_audit/ARCH1_SIGNED_ERROR_PER_SAMPLE.csv,cb659cdf09c65219e76d90376ac58e9cd2b2da57d8667241d69a03ae86fdca3f
healthy_signed_rise,41026,RISE,159,164,22,-5,5,0,0,0,/home/zhupl25/chiplet_side_channel/chiplet_gds_data/power_macro/delay_chain/ftc/analysis/b_fe_frontend/arch1_signed_error_separability_audit/ARCH1_SIGNED_ERROR_PER_SAMPLE.csv,cb659cdf09c65219e76d90376ac58e9cd2b2da57d8667241d69a03ae86fdca3f
healthy_signed_rise,41026,RISE,159,164,22,-5,5,0,0,0,/home/zhupl25/chiplet_side_channel/chiplet_gds_data/power_macro/delay_chain/ftc/analysis/b_fe_frontend/arch1_signed_error_separability_audit/ARCH1_SIGNED_ERROR_PER_SAMPLE.csv,cb659cdf09c65219e76d90376ac58e9cd2b2da57d8667241d69a03ae86fdca3f
healthy_signed_rise,41026,RISE,159,164,22,-5,5,0,0,0,/home/zhupl25/chiplet_side_channel/chiplet_gds_data/power_macro/delay_chain/ftc/analysis/b_fe_frontend/arch1_signed_error_separability_audit/ARCH1_SIGNED_ERROR_PER_SAMPLE.csv,cb659cdf09c65219e76d90376ac58e9cd2b2da57d8667241d69a03ae86fdca3f
healthy_signed_rise,41026,RISE,159,164,22,-5,5,0,0,0,/home/zhupl25/chiplet_side_channel/chiplet_gds_data/power_macro/delay_chain/ftc/analysis/b_fe_frontend/arch1_signed_error_separability_audit/ARCH1_SIGNED_ERROR_PER_SAMPLE.csv,cb659cdf09c65219e76d90376ac58e9cd2b2da57d8667241d69a03ae86fdca3f
healthy_signed_rise,41027,RISE,159,153,22,6,6,0,0,0,/home/zhupl25/chiplet_side_channel/chiplet_gds_data/power_macro/delay_chain/ftc/analysis/b_fe_frontend/arch1_signed_error_separability_audit/ARCH1_SIGNED_ERROR_PER_SAMPLE.csv,cb659cdf09c65219e76d90376ac58e9cd2b2da57d8667241d69a03ae86fdca3f
healthy_signed_rise,41027,RISE,159,153,22,6,6,0,0,0,/home/zhupl25/chiplet_side_channel/chiplet_gds_data/power_macro/delay_chain/ftc/analysis/b_fe_frontend/arch1_signed_error_separability_audit/ARCH1_SIGNED_ERROR_PER_SAMPLE.csv,cb659cdf09c65219e76d90376ac58e9cd2b2da57d8667241d69a03ae86fdca3f
healthy_signed_rise,41027,RISE,159,153,22,6,6,0,0,0,/home/zhupl25/chiplet_side_channel/chiplet_gds_data/power_macro/delay_chain/ftc/analysis/b_fe_frontend/arch1_signed_error_separability_audit/ARCH1_SIGNED_ERROR_PER_SAMPLE.csv,cb659cdf09c65219e76d90376ac58e9cd2b2da57d8667241d69a03ae86fdca3f
healthy_signed_rise,41027,RISE,135,153,22,-18,18,0,0,0,/home/zhupl25/chiplet_side_channel/chiplet_gds_data/power_macro/delay_chain/ftc/analysis/b_fe_frontend/arch1_signed_error_separability_audit/ARCH1_SIGNED_ERROR_PER_SAMPLE.csv,cb659cdf09c65219e76d90376ac58e9cd2b2da57d8667241d69a03ae86fdca3f
healthy_signed_rise,41027,RISE,159,153,22,6,6,0,0,0,/home/zhupl25/chiplet_side_channel/chiplet_gds_data/power_macro/delay_chain/ftc/analysis/b_fe_frontend/arch1_signed_error_separability_audit/ARCH1_SIGNED_ERROR_PER_SAMPLE.csv,cb659cdf09c65219e76d90376ac58e9cd2b2da57d8667241d69a03ae86fdca3f
healthy_signed_rise,41027,RISE,159,153,22,6,6,0,0,0,/home/zhupl25/chiplet_side_channel/chiplet_gds_data/power_macro/delay_chain/ftc/analysis/b_fe_frontend/arch1_signed_error_separability_audit/ARCH1_SIGNED_ERROR_PER_SAMPLE.csv,cb659cdf09c65219e76d90376ac58e9cd2b2da57d8667241d69a03ae86fdca3f
healthy_signed_rise,41027,RISE,135,153,22,-18,18,0,0,0,/home/zhupl25/chiplet_side_channel/chiplet_gds_data/power_macro/delay_chain/ftc/analysis/b_fe_frontend/arch1_signed_error_separability_audit/ARCH1_SIGNED_ERROR_PER_SAMPLE.csv,cb659cdf09c65219e76d90376ac58e9cd2b2da57d8667241d69a03ae86fdca3f
healthy_signed_rise,41027,RISE,159,153,22,6,6,0,0,0,/home/zhupl25/chiplet_side_channel/chiplet_gds_data/power_macro/delay_chain/ftc/analysis/b_fe_frontend/arch1_signed_error_separability_audit/ARCH1_SIGNED_ERROR_PER_SAMPLE.csv,cb659cdf09c65219e76d90376ac58e9cd2b2da57d8667241d69a03ae86fdca3f
healthy_signed_rise,41027,RISE,135,153,22,-18,18,0,0,0,/home/zhupl25/chiplet_side_channel/chiplet_gds_data/power_macro/delay_chain/ftc/analysis/b_fe_frontend/arch1_signed_error_separability_audit/ARCH1_SIGNED_ERROR_PER_SAMPLE.csv,cb659cdf09c65219e76d90376ac58e9cd2b2da57d8667241d69a03ae86fdca3f
healthy_signed_rise,41027,RISE,135,153,22,-18,18,0,0,0,/home/zhupl25/chiplet_side_channel/chiplet_gds_data/power_macro/delay_chain/ftc/analysis/b_fe_frontend/arch1_signed_error_separability_audit/ARCH1_SIGNED_ERROR_PER_SAMPLE.csv,cb659cdf09c65219e76d90376ac58e9cd2b2da57d8667241d69a03ae86fdca3f
healthy_signed_rise,41027,RISE,135,153,22,-18,18,0,0,0,/home/zhupl25/chiplet_side_channel/chiplet_gds_data/power_macro/delay_chain/ftc/analysis/b_fe_frontend/arch1_signed_error_separability_audit/ARCH1_SIGNED_ERROR_PER_SAMPLE.csv,cb659cdf09c65219e76d90376ac58e9cd2b2da57d8667241d69a03ae86fdca3f
healthy_signed_rise,41027,RISE,159,153,22,6,6,0,0,0,/home/zhupl25/chiplet_side_channel/chiplet_gds_data/power_macro/delay_chain/ftc/analysis/b_fe_frontend/arch1_signed_error_separability_audit/ARCH1_SIGNED_ERROR_PER_SAMPLE.csv,cb659cdf09c65219e76d90376ac58e9cd2b2da57d8667241d69a03ae86fdca3f
healthy_signed_rise,41028,RISE,204,204,22,0,0,0,0,0,/home/zhupl25/chiplet_side_channel/chiplet_gds_data/power_macro/delay_chain/ftc/analysis/b_fe_frontend/arch1_signed_error_separability_audit/ARCH1_SIGNED_ERROR_PER_SAMPLE.csv,cb659cdf09c65219e76d90376ac58e9cd2b2da57d8667241d69a03ae86fdca3f
healthy_signed_rise,41028,RISE,204,204,22,0,0,0,0,0,/home/zhupl25/chiplet_side_channel/chiplet_gds_data/power_macro/delay_chain/ftc/analysis/b_fe_frontend/arch1_signed_error_separability_audit/ARCH1_SIGNED_ERROR_PER_SAMPLE.csv,cb659cdf09c65219e76d90376ac58e9cd2b2da57d8667241d69a03ae86fdca3f
healthy_signed_rise,41028,RISE,204,204,22,0,0,0,0,0,/home/zhupl25/chiplet_side_channel/chiplet_gds_data/power_macro/delay_chain/ftc/analysis/b_fe_frontend/arch1_signed_error_separability_audit/ARCH1_SIGNED_ERROR_PER_SAMPLE.csv,cb659cdf09c65219e76d90376ac58e9cd2b2da57d8667241d69a03ae86fdca3f
healthy_signed_rise,41028,RISE,204,204,22,0,0,0,0,0,/home/zhupl25/chiplet_side_channel/chiplet_gds_data/power_macro/delay_chain/ftc/analysis/b_fe_frontend/arch1_signed_error_separability_audit/ARCH1_SIGNED_ERROR_PER_SAMPLE.csv,cb659cdf09c65219e76d90376ac58e9cd2b2da57d8667241d69a03ae86fdca3f
healthy_signed_rise,41028,RISE,204,204,22,0,0,0,0,0,/home/zhupl25/chiplet_side_channel/chiplet_gds_data/power_macro/delay_chain/ftc/analysis/b_fe_frontend/arch1_signed_error_separability_audit/ARCH1_SIGNED_ERROR_PER_SAMPLE.csv,cb659cdf09c65219e76d90376ac58e9cd2b2da57d8667241d69a03ae86fdca3f
healthy_signed_rise,41028,RISE,204,204,22,0,0,0,0,0,/home/zhupl25/chiplet_side_channel/chiplet_gds_data/power_macro/delay_chain/ftc/analysis/b_fe_frontend/arch1_signed_error_separability_audit/ARCH1_SIGNED_ERROR_PER_SAMPLE.csv,cb659cdf09c65219e76d90376ac58e9cd2b2da57d8667241d69a03ae86fdca3f
healthy_signed_rise,41028,RISE,204,204,22,0,0,0,0,0,/home/zhupl25/chiplet_side_channel/chiplet_gds_data/power_macro/delay_chain/ftc/analysis/b_fe_frontend/arch1_signed_error_separability_audit/ARCH1_SIGNED_ERROR_PER_SAMPLE.csv,cb659cdf09c65219e76d90376ac58e9cd2b2da57d8667241d69a03ae86fdca3f
healthy_signed_rise,41028,RISE,204,204,22,0,0,0,0,0,/home/zhupl25/chiplet_side_channel/chiplet_gds_data/power_macro/delay_chain/ftc/analysis/b_fe_frontend/arch1_signed_error_separability_audit/ARCH1_SIGNED_ERROR_PER_SAMPLE.csv,cb659cdf09c65219e76d90376ac58e9cd2b2da57d8667241d69a03ae86fdca3f
healthy_signed_rise,41028,RISE,204,204,22,0,0,0,0,0,/home/zhupl25/chiplet_side_channel/chiplet_gds_data/power_macro/delay_chain/ftc/analysis/b_fe_frontend/arch1_signed_error_separability_audit/ARCH1_SIGNED_ERROR_PER_SAMPLE.csv,cb659cdf09c65219e76d90376ac58e9cd2b2da57d8667241d69a03ae86fdca3f
healthy_signed_rise,41028,RISE,204,204,22,0,0,0,0,0,/home/zhupl25/chiplet_side_channel/chiplet_gds_data/power_macro/delay_chain/ftc/analysis/b_fe_frontend/arch1_signed_error_separability_audit/ARCH1_SIGNED_ERROR_PER_SAMPLE.csv,cb659cdf09c65219e76d90376ac58e9cd2b2da57d8667241d69a03ae86fdca3f
healthy_signed_rise,41028,RISE,204,204,22,0,0,0,0,0,/home/zhupl25/chiplet_side_channel/chiplet_gds_data/power_macro/delay_chain/ftc/analysis/b_fe_frontend/arch1_signed_error_separability_audit/ARCH1_SIGNED_ERROR_PER_SAMPLE.csv,cb659cdf09c65219e76d90376ac58e9cd2b2da57d8667241d69a03ae86fdca3f
healthy_signed_rise,41028,RISE,204,204,22,0,0,0,0,0,/home/zhupl25/chiplet_side_channel/chiplet_gds_data/power_macro/delay_chain/ftc/analysis/b_fe_frontend/arch1_signed_error_separability_audit/ARCH1_SIGNED_ERROR_PER_SAMPLE.csv,cb659cdf09c65219e76d90376ac58e9cd2b2da57d8667241d69a03ae86fdca3f
healthy_signed_rise,41029,RISE,159,159,22,0,0,0,0,0,/home/zhupl25/chiplet_side_channel/chiplet_gds_data/power_macro/delay_chain/ftc/analysis/b_fe_frontend/arch1_signed_error_separability_audit/ARCH1_SIGNED_ERROR_PER_SAMPLE.csv,cb659cdf09c65219e76d90376ac58e9cd2b2da57d8667241d69a03ae86fdca3f
healthy_signed_rise,41029,RISE,159,159,22,0,0,0,0,0,/home/zhupl25/chiplet_side_channel/chiplet_gds_data/power_macro/delay_chain/ftc/analysis/b_fe_frontend/arch1_signed_error_separability_audit/ARCH1_SIGNED_ERROR_PER_SAMPLE.csv,cb659cdf09c65219e76d90376ac58e9cd2b2da57d8667241d69a03ae86fdca3f
healthy_signed_rise,41029,RISE,159,159,22,0,0,0,0,0,/home/zhupl25/chiplet_side_channel/chiplet_gds_data/power_macro/delay_chain/ftc/analysis/b_fe_frontend/arch1_signed_error_separability_audit/ARCH1_SIGNED_ERROR_PER_SAMPLE.csv,cb659cdf09c65219e76d90376ac58e9cd2b2da57d8667241d69a03ae86fdca3f
healthy_signed_rise,41029,RISE,159,159,22,0,0,0,0,0,/home/zhupl25/chiplet_side_channel/chiplet_gds_data/power_macro/delay_chain/ftc/analysis/b_fe_frontend/arch1_signed_error_separability_audit/ARCH1_SIGNED_ERROR_PER_SAMPLE.csv,cb659cdf09c65219e76d90376ac58e9cd2b2da57d8667241d69a03ae86fdca3f
healthy_signed_rise,41029,RISE,159,159,22,0,0,0,0,0,/home/zhupl25/chiplet_side_channel/chiplet_gds_data/power_macro/delay_chain/ftc/analysis/b_fe_frontend/arch1_signed_error_separability_audit/ARCH1_SIGNED_ERROR_PER_SAMPLE.csv,cb659cdf09c65219e76d90376ac58e9cd2b2da57d8667241d69a03ae86fdca3f
healthy_signed_rise,41029,RISE,159,159,22,0,0,0,0,0,/home/zhupl25/chiplet_side_channel/chiplet_gds_data/power_macro/delay_chain/ftc/analysis/b_fe_frontend/arch1_signed_error_separability_audit/ARCH1_SIGNED_ERROR_PER_SAMPLE.csv,cb659cdf09c65219e76d90376ac58e9cd2b2da57d8667241d69a03ae86fdca3f
healthy_signed_rise,41029,RISE,159,159,22,0,0,0,0,0,/home/zhupl25/chiplet_side_channel/chiplet_gds_data/power_macro/delay_chain/ftc/analysis/b_fe_frontend/arch1_signed_error_separability_audit/ARCH1_SIGNED_ERROR_PER_SAMPLE.csv,cb659cdf09c65219e76d90376ac58e9cd2b2da57d8667241d69a03ae86fdca3f
healthy_signed_rise,41029,RISE,159,159,22,0,0,0,0,0,/home/zhupl25/chiplet_side_channel/chiplet_gds_data/power_macro/delay_chain/ftc/analysis/b_fe_frontend/arch1_signed_error_separability_audit/ARCH1_SIGNED_ERROR_PER_SAMPLE.csv,cb659cdf09c65219e76d90376ac58e9cd2b2da57d8667241d69a03ae86fdca3f
healthy_signed_rise,41029,RISE,159,159,22,0,0,0,0,0,/home/zhupl25/chiplet_side_channel/chiplet_gds_data/power_macro/delay_chain/ftc/analysis/b_fe_frontend/arch1_signed_error_separability_audit/ARCH1_SIGNED_ERROR_PER_SAMPLE.csv,cb659cdf09c65219e76d90376ac58e9cd2b2da57d8667241d69a03ae86fdca3f
healthy_signed_rise,41029,RISE,159,159,22,0,0,0,0,0,/home/zhupl25/chiplet_side_channel/chiplet_gds_data/power_macro/delay_chain/ftc/analysis/b_fe_frontend/arch1_signed_error_separability_audit/ARCH1_SIGNED_ERROR_PER_SAMPLE.csv,cb659cdf09c65219e76d90376ac58e9cd2b2da57d8667241d69a03ae86fdca3f
healthy_signed_rise,41029,RISE,159,159,22,0,0,0,0,0,/home/zhupl25/chiplet_side_channel/chiplet_gds_data/power_macro/delay_chain/ftc/analysis/b_fe_frontend/arch1_signed_error_separability_audit/ARCH1_SIGNED_ERROR_PER_SAMPLE.csv,cb659cdf09c65219e76d90376ac58e9cd2b2da57d8667241d69a03ae86fdca3f
healthy_signed_rise,41029,RISE,159,159,22,0,0,0,0,0,/home/zhupl25/chiplet_side_channel/chiplet_gds_data/power_macro/delay_chain/ftc/analysis/b_fe_frontend/arch1_signed_error_separability_audit/ARCH1_SIGNED_ERROR_PER_SAMPLE.csv,cb659cdf09c65219e76d90376ac58e9cd2b2da57d8667241d69a03ae86fdca3f
healthy_signed_rise,41030,RISE,204,198,22,6,6,0,0,0,/home/zhupl25/chiplet_side_channel/chiplet_gds_data/power_macro/delay_chain/ftc/analysis/b_fe_frontend/arch1_signed_error_separability_audit/ARCH1_SIGNED_ERROR_PER_SAMPLE.csv,cb659cdf09c65219e76d90376ac58e9cd2b2da57d8667241d69a03ae86fdca3f
healthy_signed_rise,41030,RISE,204,198,22,6,6,0,0,0,/home/zhupl25/chiplet_side_channel/chiplet_gds_data/power_macro/delay_chain/ftc/analysis/b_fe_frontend/arch1_signed_error_separability_audit/ARCH1_SIGNED_ERROR_PER_SAMPLE.csv,cb659cdf09c65219e76d90376ac58e9cd2b2da57d8667241d69a03ae86fdca3f
healthy_signed_rise,41030,RISE,204,198,22,6,6,0,0,0,/home/zhupl25/chiplet_side_channel/chiplet_gds_data/power_macro/delay_chain/ftc/analysis/b_fe_frontend/arch1_signed_error_separability_audit/ARCH1_SIGNED_ERROR_PER_SAMPLE.csv,cb659cdf09c65219e76d90376ac58e9cd2b2da57d8667241d69a03ae86fdca3f
healthy_signed_rise,41030,RISE,182,198,22,-16,16,0,0,0,/home/zhupl25/chiplet_side_channel/chiplet_gds_data/power_macro/delay_chain/ftc/analysis/b_fe_frontend/arch1_signed_error_separability_audit/ARCH1_SIGNED_ERROR_PER_SAMPLE.csv,cb659cdf09c65219e76d90376ac58e9cd2b2da57d8667241d69a03ae86fdca3f
healthy_signed_rise,41030,RISE,204,198,22,6,6,0,0,0,/home/zhupl25/chiplet_side_channel/chiplet_gds_data/power_macro/delay_chain/ftc/analysis/b_fe_frontend/arch1_signed_error_separability_audit/ARCH1_SIGNED_ERROR_PER_SAMPLE.csv,cb659cdf09c65219e76d90376ac58e9cd2b2da57d8667241d69a03ae86fdca3f
healthy_signed_rise,41030,RISE,204,198,22,6,6,0,0,0,/home/zhupl25/chiplet_side_channel/chiplet_gds_data/power_macro/delay_chain/ftc/analysis/b_fe_frontend/arch1_signed_error_separability_audit/ARCH1_SIGNED_ERROR_PER_SAMPLE.csv,cb659cdf09c65219e76d90376ac58e9cd2b2da57d8667241d69a03ae86fdca3f
healthy_signed_rise,41030,RISE,182,198,22,-16,16,0,0,0,/home/zhupl25/chiplet_side_channel/chiplet_gds_data/power_macro/delay_chain/ftc/analysis/b_fe_frontend/arch1_signed_error_separability_audit/ARCH1_SIGNED_ERROR_PER_SAMPLE.csv,cb659cdf09c65219e76d90376ac58e9cd2b2da57d8667241d69a03ae86fdca3f
healthy_signed_rise,41030,RISE,204,198,22,6,6,0,0,0,/home/zhupl25/chiplet_side_channel/chiplet_gds_data/power_macro/delay_chain/ftc/analysis/b_fe_frontend/arch1_signed_error_separability_audit/ARCH1_SIGNED_ERROR_PER_SAMPLE.csv,cb659cdf09c65219e76d90376ac58e9cd2b2da57d8667241d69a03ae86fdca3f
healthy_signed_rise,41030,RISE,182,198,22,-16,16,0,0,0,/home/zhupl25/chiplet_side_channel/chiplet_gds_data/power_macro/delay_chain/ftc/analysis/b_fe_frontend/arch1_signed_error_separability_audit/ARCH1_SIGNED_ERROR_PER_SAMPLE.csv,cb659cdf09c65219e76d90376ac58e9cd2b2da57d8667241d69a03ae86fdca3f
healthy_signed_rise,41030,RISE,182,198,22,-16,16,0,0,0,/home/zhupl25/chiplet_side_channel/chiplet_gds_data/power_macro/delay_chain/ftc/analysis/b_fe_frontend/arch1_signed_error_separability_audit/ARCH1_SIGNED_ERROR_PER_SAMPLE.csv,cb659cdf09c65219e76d90376ac58e9cd2b2da57d8667241d69a03ae86fdca3f
healthy_signed_rise,41030,RISE,182,198,22,-16,16,0,0,0,/home/zhupl25/chiplet_side_channel/chiplet_gds_data/power_macro/delay_chain/ftc/analysis/b_fe_frontend/arch1_signed_error_separability_audit/ARCH1_SIGNED_ERROR_PER_SAMPLE.csv,cb659cdf09c65219e76d90376ac58e9cd2b2da57d8667241d69a03ae86fdca3f
healthy_signed_rise,41030,RISE,204,198,22,6,6,0,0,0,/home/zhupl25/chiplet_side_channel/chiplet_gds_data/power_macro/delay_chain/ftc/analysis/b_fe_frontend/arch1_signed_error_separability_audit/ARCH1_SIGNED_ERROR_PER_SAMPLE.csv,cb659cdf09c65219e76d90376ac58e9cd2b2da57d8667241d69a03ae86fdca3f
d01_target,41001,RISE,225,198,22,27,27,1,1,1,/home/zhupl25/chiplet_side_channel/chiplet_gds_data/power_macro/delay_chain/ftc/analysis/b_fe_frontend/bfe9_d01_arch0_amplitude_sensitivity/BFE9_D01_PER_SEED.csv,01f9578d1a4bbaae351d1796b47c4057d104cb420a72e05265b80adc25f86674
d01_target,41002,RISE,225,198,22,27,27,1,1,1,/home/zhupl25/chiplet_side_channel/chiplet_gds_data/power_macro/delay_chain/ftc/analysis/b_fe_frontend/bfe9_d01_arch0_amplitude_sensitivity/BFE9_D01_PER_SEED.csv,01f9578d1a4bbaae351d1796b47c4057d104cb420a72e05265b80adc25f86674
d01_target,41003,RISE,204,159,22,45,45,1,1,1,/home/zhupl25/chiplet_side_channel/chiplet_gds_data/power_macro/delay_chain/ftc/analysis/b_fe_frontend/bfe9_d01_arch0_amplitude_sensitivity/BFE9_D01_PER_SEED.csv,01f9578d1a4bbaae351d1796b47c4057d104cb420a72e05265b80adc25f86674
d01_target,41004,RISE,225,187,22,38,38,1,1,1,/home/zhupl25/chiplet_side_channel/chiplet_gds_data/power_macro/delay_chain/ftc/analysis/b_fe_frontend/bfe9_d01_arch0_amplitude_sensitivity/BFE9_D01_PER_SEED.csv,01f9578d1a4bbaae351d1796b47c4057d104cb420a72e05265b80adc25f86674
d01_target,41005,RISE,225,204,22,21,21,0,1,1,/home/zhupl25/chiplet_side_channel/chiplet_gds_data/power_macro/delay_chain/ftc/analysis/b_fe_frontend/bfe9_d01_arch0_amplitude_sensitivity/BFE9_D01_PER_SEED.csv,01f9578d1a4bbaae351d1796b47c4057d104cb420a72e05265b80adc25f86674
d01_target,41006,RISE,225,182,22,43,43,1,1,1,/home/zhupl25/chiplet_side_channel/chiplet_gds_data/power_macro/delay_chain/ftc/analysis/b_fe_frontend/bfe9_d01_arch0_amplitude_sensitivity/BFE9_D01_PER_SEED.csv,01f9578d1a4bbaae351d1796b47c4057d104cb420a72e05265b80adc25f86674
d01_target,41007,RISE,225,204,22,21,21,0,1,1,/home/zhupl25/chiplet_side_channel/chiplet_gds_data/power_macro/delay_chain/ftc/analysis/b_fe_frontend/bfe9_d01_arch0_amplitude_sensitivity/BFE9_D01_PER_SEED.csv,01f9578d1a4bbaae351d1796b47c4057d104cb420a72e05265b80adc25f86674
d01_target,41008,RISE,225,182,22,43,43,1,1,1,/home/zhupl25/chiplet_side_channel/chiplet_gds_data/power_macro/delay_chain/ftc/analysis/b_fe_frontend/bfe9_d01_arch0_amplitude_sensitivity/BFE9_D01_PER_SEED.csv,01f9578d1a4bbaae351d1796b47c4057d104cb420a72e05265b80adc25f86674
d01_target,41009,RISE,225,187,22,38,38,1,1,1,/home/zhupl25/chiplet_side_channel/chiplet_gds_data/power_macro/delay_chain/ftc/analysis/b_fe_frontend/bfe9_d01_arch0_amplitude_sensitivity/BFE9_D01_PER_SEED.csv,01f9578d1a4bbaae351d1796b47c4057d104cb420a72e05265b80adc25f86674
d01_target,41010,RISE,225,182,22,43,43,1,1,1,/home/zhupl25/chiplet_side_channel/chiplet_gds_data/power_macro/delay_chain/ftc/analysis/b_fe_frontend/bfe9_d01_arch0_amplitude_sensitivity/BFE9_D01_PER_SEED.csv,01f9578d1a4bbaae351d1796b47c4057d104cb420a72e05265b80adc25f86674
d01_target,41011,RISE,204,176,22,28,28,1,1,1,/home/zhupl25/chiplet_side_channel/chiplet_gds_data/power_macro/delay_chain/ftc/analysis/b_fe_frontend/bfe9_d01_arch0_amplitude_sensitivity/BFE9_D01_PER_SEED.csv,01f9578d1a4bbaae351d1796b47c4057d104cb420a72e05265b80adc25f86674
d01_target,41012,RISE,225,204,22,21,21,0,1,1,/home/zhupl25/chiplet_side_channel/chiplet_gds_data/power_macro/delay_chain/ftc/analysis/b_fe_frontend/bfe9_d01_arch0_amplitude_sensitivity/BFE9_D01_PER_SEED.csv,01f9578d1a4bbaae351d1796b47c4057d104cb420a72e05265b80adc25f86674
d01_target,41013,RISE,264,235,22,29,29,1,1,1,/home/zhupl25/chiplet_side_channel/chiplet_gds_data/power_macro/delay_chain/ftc/analysis/b_fe_frontend/bfe9_d01_arch0_amplitude_sensitivity/BFE9_D01_PER_SEED.csv,01f9578d1a4bbaae351d1796b47c4057d104cb420a72e05265b80adc25f86674
d01_target,41014,RISE,225,182,22,43,43,1,1,1,/home/zhupl25/chiplet_side_channel/chiplet_gds_data/power_macro/delay_chain/ftc/analysis/b_fe_frontend/bfe9_d01_arch0_amplitude_sensitivity/BFE9_D01_PER_SEED.csv,01f9578d1a4bbaae351d1796b47c4057d104cb420a72e05265b80adc25f86674
d01_target,41015,RISE,225,204,22,21,21,0,1,1,/home/zhupl25/chiplet_side_channel/chiplet_gds_data/power_macro/delay_chain/ftc/analysis/b_fe_frontend/bfe9_d01_arch0_amplitude_sensitivity/BFE9_D01_PER_SEED.csv,01f9578d1a4bbaae351d1796b47c4057d104cb420a72e05265b80adc25f86674
d01_target,41016,RISE,204,182,22,22,22,0,1,1,/home/zhupl25/chiplet_side_channel/chiplet_gds_data/power_macro/delay_chain/ftc/analysis/b_fe_frontend/bfe9_d01_arch0_amplitude_sensitivity/BFE9_D01_PER_SEED.csv,01f9578d1a4bbaae351d1796b47c4057d104cb420a72e05265b80adc25f86674
d01_target,41017,RISE,225,198,22,27,27,1,1,1,/home/zhupl25/chiplet_side_channel/chiplet_gds_data/power_macro/delay_chain/ftc/analysis/b_fe_frontend/bfe9_d01_arch0_amplitude_sensitivity/BFE9_D01_PER_SEED.csv,01f9578d1a4bbaae351d1796b47c4057d104cb420a72e05265b80adc25f86674
d01_target,41018,RISE,245,219,22,26,26,1,1,1,/home/zhupl25/chiplet_side_channel/chiplet_gds_data/power_macro/delay_chain/ftc/analysis/b_fe_frontend/bfe9_d01_arch0_amplitude_sensitivity/BFE9_D01_PER_SEED.csv,01f9578d1a4bbaae351d1796b47c4057d104cb420a72e05265b80adc25f86674
d01_target,41019,RISE,225,187,22,38,38,1,1,1,/home/zhupl25/chiplet_side_channel/chiplet_gds_data/power_macro/delay_chain/ftc/analysis/b_fe_frontend/bfe9_d01_arch0_amplitude_sensitivity/BFE9_D01_PER_SEED.csv,01f9578d1a4bbaae351d1796b47c4057d104cb420a72e05265b80adc25f86674
d01_target,41020,RISE,182,159,22,23,23,1,1,1,/home/zhupl25/chiplet_side_channel/chiplet_gds_data/power_macro/delay_chain/ftc/analysis/b_fe_frontend/bfe9_d01_arch0_amplitude_sensitivity/BFE9_D01_PER_SEED.csv,01f9578d1a4bbaae351d1796b47c4057d104cb420a72e05265b80adc25f86674
d01_target,41021,RISE,225,182,22,43,43,1,1,1,/home/zhupl25/chiplet_side_channel/chiplet_gds_data/power_macro/delay_chain/ftc/analysis/b_fe_frontend/bfe9_d01_arch0_amplitude_sensitivity/BFE9_D01_PER_SEED.csv,01f9578d1a4bbaae351d1796b47c4057d104cb420a72e05265b80adc25f86674
d01_target,41022,RISE,225,204,22,21,21,0,1,1,/home/zhupl25/chiplet_side_channel/chiplet_gds_data/power_macro/delay_chain/ftc/analysis/b_fe_frontend/bfe9_d01_arch0_amplitude_sensitivity/BFE9_D01_PER_SEED.csv,01f9578d1a4bbaae351d1796b47c4057d104cb420a72e05265b80adc25f86674
d01_target,41023,RISE,245,209,22,36,36,1,1,1,/home/zhupl25/chiplet_side_channel/chiplet_gds_data/power_macro/delay_chain/ftc/analysis/b_fe_frontend/bfe9_d01_arch0_amplitude_sensitivity/BFE9_D01_PER_SEED.csv,01f9578d1a4bbaae351d1796b47c4057d104cb420a72e05265b80adc25f86674
d01_target,41024,RISE,204,164,22,40,40,1,1,1,/home/zhupl25/chiplet_side_channel/chiplet_gds_data/power_macro/delay_chain/ftc/analysis/b_fe_frontend/bfe9_d01_arch0_amplitude_sensitivity/BFE9_D01_PER_SEED.csv,01f9578d1a4bbaae351d1796b47c4057d104cb420a72e05265b80adc25f86674
d01_target,41025,RISE,245,225,22,20,20,0,1,1,/home/zhupl25/chiplet_side_channel/chiplet_gds_data/power_macro/delay_chain/ftc/analysis/b_fe_frontend/bfe9_d01_arch0_amplitude_sensitivity/BFE9_D01_PER_SEED.csv,01f9578d1a4bbaae351d1796b47c4057d104cb420a72e05265b80adc25f86674
d01_target,41026,RISE,204,164,22,40,40,1,1,1,/home/zhupl25/chiplet_side_channel/chiplet_gds_data/power_macro/delay_chain/ftc/analysis/b_fe_frontend/bfe9_d01_arch0_amplitude_sensitivity/BFE9_D01_PER_SEED.csv,01f9578d1a4bbaae351d1796b47c4057d104cb420a72e05265b80adc25f86674
d01_target,41027,RISE,182,153,22,29,29,1,1,1,/home/zhupl25/chiplet_side_channel/chiplet_gds_data/power_macro/delay_chain/ftc/analysis/b_fe_frontend/bfe9_d01_arch0_amplitude_sensitivity/BFE9_D01_PER_SEED.csv,01f9578d1a4bbaae351d1796b47c4057d104cb420a72e05265b80adc25f86674
d01_target,41028,RISE,225,204,22,21,21,0,1,1,/home/zhupl25/chiplet_side_channel/chiplet_gds_data/power_macro/delay_chain/ftc/analysis/b_fe_frontend/bfe9_d01_arch0_amplitude_sensitivity/BFE9_D01_PER_SEED.csv,01f9578d1a4bbaae351d1796b47c4057d104cb420a72e05265b80adc25f86674
d01_target,41029,RISE,204,159,22,45,45,1,1,1,/home/zhupl25/chiplet_side_channel/chiplet_gds_data/power_macro/delay_chain/ftc/analysis/b_fe_frontend/bfe9_d01_arch0_amplitude_sensitivity/BFE9_D01_PER_SEED.csv,01f9578d1a4bbaae351d1796b47c4057d104cb420a72e05265b80adc25f86674
d01_target,41030,RISE,225,198,22,27,27,1,1,1,/home/zhupl25/chiplet_side_channel/chiplet_gds_data/power_macro/delay_chain/ftc/analysis/b_fe_frontend/bfe9_d01_arch0_amplitude_sensitivity/BFE9_D01_PER_SEED.csv,01f9578d1a4bbaae351d1796b47c4057d104cb420a72e05265b80adc25f86674
d02_target,41001,RISE,245,198,22,47,47,1,1,1,/home/zhupl25/chiplet_side_channel/chiplet_gds_data/power_macro/delay_chain/ftc/analysis/b_fe_frontend/bfe8_d02_arch0_pilot/BFE8_D02_PER_SEED.csv,f77f35ff7e1f0c97cffa68b45cdd009d76074a2a99c0ce234cf1f258d968de9a
d02_target,41002,RISE,245,198,22,47,47,1,1,1,/home/zhupl25/chiplet_side_channel/chiplet_gds_data/power_macro/delay_chain/ftc/analysis/b_fe_frontend/bfe8_d02_arch0_pilot/BFE8_D02_PER_SEED.csv,f77f35ff7e1f0c97cffa68b45cdd009d76074a2a99c0ce234cf1f258d968de9a
d02_target,41003,RISE,225,159,22,66,66,1,1,1,/home/zhupl25/chiplet_side_channel/chiplet_gds_data/power_macro/delay_chain/ftc/analysis/b_fe_frontend/bfe8_d02_arch0_pilot/BFE8_D02_PER_SEED.csv,f77f35ff7e1f0c97cffa68b45cdd009d76074a2a99c0ce234cf1f258d968de9a
d02_target,41004,RISE,245,187,22,58,58,1,1,1,/home/zhupl25/chiplet_side_channel/chiplet_gds_data/power_macro/delay_chain/ftc/analysis/b_fe_frontend/bfe8_d02_arch0_pilot/BFE8_D02_PER_SEED.csv,f77f35ff7e1f0c97cffa68b45cdd009d76074a2a99c0ce234cf1f258d968de9a
d02_target,41005,RISE,264,204,22,60,60,1,1,1,/home/zhupl25/chiplet_side_channel/chiplet_gds_data/power_macro/delay_chain/ftc/analysis/b_fe_frontend/bfe8_d02_arch0_pilot/BFE8_D02_PER_SEED.csv,f77f35ff7e1f0c97cffa68b45cdd009d76074a2a99c0ce234cf1f258d968de9a
d02_target,41006,RISE,245,182,22,63,63,1,1,1,/home/zhupl25/chiplet_side_channel/chiplet_gds_data/power_macro/delay_chain/ftc/analysis/b_fe_frontend/bfe8_d02_arch0_pilot/BFE8_D02_PER_SEED.csv,f77f35ff7e1f0c97cffa68b45cdd009d76074a2a99c0ce234cf1f258d968de9a
d02_target,41007,RISE,264,204,22,60,60,1,1,1,/home/zhupl25/chiplet_side_channel/chiplet_gds_data/power_macro/delay_chain/ftc/analysis/b_fe_frontend/bfe8_d02_arch0_pilot/BFE8_D02_PER_SEED.csv,f77f35ff7e1f0c97cffa68b45cdd009d76074a2a99c0ce234cf1f258d968de9a
d02_target,41008,RISE,245,182,22,63,63,1,1,1,/home/zhupl25/chiplet_side_channel/chiplet_gds_data/power_macro/delay_chain/ftc/analysis/b_fe_frontend/bfe8_d02_arch0_pilot/BFE8_D02_PER_SEED.csv,f77f35ff7e1f0c97cffa68b45cdd009d76074a2a99c0ce234cf1f258d968de9a
d02_target,41009,RISE,245,187,22,58,58,1,1,1,/home/zhupl25/chiplet_side_channel/chiplet_gds_data/power_macro/delay_chain/ftc/analysis/b_fe_frontend/bfe8_d02_arch0_pilot/BFE8_D02_PER_SEED.csv,f77f35ff7e1f0c97cffa68b45cdd009d76074a2a99c0ce234cf1f258d968de9a
d02_target,41010,RISE,245,182,22,63,63,1,1,1,/home/zhupl25/chiplet_side_channel/chiplet_gds_data/power_macro/delay_chain/ftc/analysis/b_fe_frontend/bfe8_d02_arch0_pilot/BFE8_D02_PER_SEED.csv,f77f35ff7e1f0c97cffa68b45cdd009d76074a2a99c0ce234cf1f258d968de9a
d02_target,41011,RISE,245,176,22,69,69,1,1,1,/home/zhupl25/chiplet_side_channel/chiplet_gds_data/power_macro/delay_chain/ftc/analysis/b_fe_frontend/bfe8_d02_arch0_pilot/BFE8_D02_PER_SEED.csv,f77f35ff7e1f0c97cffa68b45cdd009d76074a2a99c0ce234cf1f258d968de9a
d02_target,41012,RISE,264,204,22,60,60,1,1,1,/home/zhupl25/chiplet_side_channel/chiplet_gds_data/power_macro/delay_chain/ftc/analysis/b_fe_frontend/bfe8_d02_arch0_pilot/BFE8_D02_PER_SEED.csv,f77f35ff7e1f0c97cffa68b45cdd009d76074a2a99c0ce234cf1f258d968de9a
d02_target,41013,RISE,282,235,22,47,47,1,1,1,/home/zhupl25/chiplet_side_channel/chiplet_gds_data/power_macro/delay_chain/ftc/analysis/b_fe_frontend/bfe8_d02_arch0_pilot/BFE8_D02_PER_SEED.csv,f77f35ff7e1f0c97cffa68b45cdd009d76074a2a99c0ce234cf1f258d968de9a
d02_target,41014,RISE,245,182,22,63,63,1,1,1,/home/zhupl25/chiplet_side_channel/chiplet_gds_data/power_macro/delay_chain/ftc/analysis/b_fe_frontend/bfe8_d02_arch0_pilot/BFE8_D02_PER_SEED.csv,f77f35ff7e1f0c97cffa68b45cdd009d76074a2a99c0ce234cf1f258d968de9a
d02_target,41015,RISE,264,204,22,60,60,1,1,1,/home/zhupl25/chiplet_side_channel/chiplet_gds_data/power_macro/delay_chain/ftc/analysis/b_fe_frontend/bfe8_d02_arch0_pilot/BFE8_D02_PER_SEED.csv,f77f35ff7e1f0c97cffa68b45cdd009d76074a2a99c0ce234cf1f258d968de9a
d02_target,41016,RISE,245,182,22,63,63,1,1,1,/home/zhupl25/chiplet_side_channel/chiplet_gds_data/power_macro/delay_chain/ftc/analysis/b_fe_frontend/bfe8_d02_arch0_pilot/BFE8_D02_PER_SEED.csv,f77f35ff7e1f0c97cffa68b45cdd009d76074a2a99c0ce234cf1f258d968de9a
d02_target,41017,RISE,245,198,22,47,47,1,1,1,/home/zhupl25/chiplet_side_channel/chiplet_gds_data/power_macro/delay_chain/ftc/analysis/b_fe_frontend/bfe8_d02_arch0_pilot/BFE8_D02_PER_SEED.csv,f77f35ff7e1f0c97cffa68b45cdd009d76074a2a99c0ce234cf1f258d968de9a
d02_target,41018,RISE,264,219,22,45,45,1,1,1,/home/zhupl25/chiplet_side_channel/chiplet_gds_data/power_macro/delay_chain/ftc/analysis/b_fe_frontend/bfe8_d02_arch0_pilot/BFE8_D02_PER_SEED.csv,f77f35ff7e1f0c97cffa68b45cdd009d76074a2a99c0ce234cf1f258d968de9a
d02_target,41019,RISE,245,187,22,58,58,1,1,1,/home/zhupl25/chiplet_side_channel/chiplet_gds_data/power_macro/delay_chain/ftc/analysis/b_fe_frontend/bfe8_d02_arch0_pilot/BFE8_D02_PER_SEED.csv,f77f35ff7e1f0c97cffa68b45cdd009d76074a2a99c0ce234cf1f258d968de9a
d02_target,41020,RISE,225,159,22,66,66,1,1,1,/home/zhupl25/chiplet_side_channel/chiplet_gds_data/power_macro/delay_chain/ftc/analysis/b_fe_frontend/bfe8_d02_arch0_pilot/BFE8_D02_PER_SEED.csv,f77f35ff7e1f0c97cffa68b45cdd009d76074a2a99c0ce234cf1f258d968de9a
d02_target,41021,RISE,245,182,22,63,63,1,1,1,/home/zhupl25/chiplet_side_channel/chiplet_gds_data/power_macro/delay_chain/ftc/analysis/b_fe_frontend/bfe8_d02_arch0_pilot/BFE8_D02_PER_SEED.csv,f77f35ff7e1f0c97cffa68b45cdd009d76074a2a99c0ce234cf1f258d968de9a
d02_target,41022,RISE,245,204,22,41,41,1,1,1,/home/zhupl25/chiplet_side_channel/chiplet_gds_data/power_macro/delay_chain/ftc/analysis/b_fe_frontend/bfe8_d02_arch0_pilot/BFE8_D02_PER_SEED.csv,f77f35ff7e1f0c97cffa68b45cdd009d76074a2a99c0ce234cf1f258d968de9a
d02_target,41023,RISE,264,209,22,55,55,1,1,1,/home/zhupl25/chiplet_side_channel/chiplet_gds_data/power_macro/delay_chain/ftc/analysis/b_fe_frontend/bfe8_d02_arch0_pilot/BFE8_D02_PER_SEED.csv,f77f35ff7e1f0c97cffa68b45cdd009d76074a2a99c0ce234cf1f258d968de9a
d02_target,41024,RISE,225,164,22,61,61,1,1,1,/home/zhupl25/chiplet_side_channel/chiplet_gds_data/power_macro/delay_chain/ftc/analysis/b_fe_frontend/bfe8_d02_arch0_pilot/BFE8_D02_PER_SEED.csv,f77f35ff7e1f0c97cffa68b45cdd009d76074a2a99c0ce234cf1f258d968de9a
d02_target,41025,RISE,282,225,22,57,57,1,1,1,/home/zhupl25/chiplet_side_channel/chiplet_gds_data/power_macro/delay_chain/ftc/analysis/b_fe_frontend/bfe8_d02_arch0_pilot/BFE8_D02_PER_SEED.csv,f77f35ff7e1f0c97cffa68b45cdd009d76074a2a99c0ce234cf1f258d968de9a
d02_target,41026,RISE,225,164,22,61,61,1,1,1,/home/zhupl25/chiplet_side_channel/chiplet_gds_data/power_macro/delay_chain/ftc/analysis/b_fe_frontend/bfe8_d02_arch0_pilot/BFE8_D02_PER_SEED.csv,f77f35ff7e1f0c97cffa68b45cdd009d76074a2a99c0ce234cf1f258d968de9a
d02_target,41027,RISE,225,153,22,72,72,1,1,1,/home/zhupl25/chiplet_side_channel/chiplet_gds_data/power_macro/delay_chain/ftc/analysis/b_fe_frontend/bfe8_d02_arch0_pilot/BFE8_D02_PER_SEED.csv,f77f35ff7e1f0c97cffa68b45cdd009d76074a2a99c0ce234cf1f258d968de9a
d02_target,41028,RISE,264,204,22,60,60,1,1,1,/home/zhupl25/chiplet_side_channel/chiplet_gds_data/power_macro/delay_chain/ftc/analysis/b_fe_frontend/bfe8_d02_arch0_pilot/BFE8_D02_PER_SEED.csv,f77f35ff7e1f0c97cffa68b45cdd009d76074a2a99c0ce234cf1f258d968de9a
d02_target,41029,RISE,225,159,22,66,66,1,1,1,/home/zhupl25/chiplet_side_channel/chiplet_gds_data/power_macro/delay_chain/ftc/analysis/b_fe_frontend/bfe8_d02_arch0_pilot/BFE8_D02_PER_SEED.csv,f77f35ff7e1f0c97cffa68b45cdd009d76074a2a99c0ce234cf1f258d968de9a
d02_target,41030,RISE,264,198,22,66,66,1,1,1,/home/zhupl25/chiplet_side_channel/chiplet_gds_data/power_macro/delay_chain/ftc/analysis/b_fe_frontend/bfe8_d02_arch0_pilot/BFE8_D02_PER_SEED.csv,f77f35ff7e1f0c97cffa68b45cdd009d76074a2a99c0ce234cf1f258d968de9a
d04_target,41001,RISE,225,198,22,27,27,1,1,1,/home/zhupl25/chiplet_side_channel/chiplet_gds_data/power_macro/delay_chain/ftc/analysis/b_fe_frontend/bfe11_d04_arch0_duration_sensitivity/BFE11_D04_PER_SEED.csv,15e1c869fc691037b4f71fcac57eebaf46a92207181729d396c0a89e6aca4183
d04_target,41002,RISE,225,198,22,27,27,1,1,1,/home/zhupl25/chiplet_side_channel/chiplet_gds_data/power_macro/delay_chain/ftc/analysis/b_fe_frontend/bfe11_d04_arch0_duration_sensitivity/BFE11_D04_PER_SEED.csv,15e1c869fc691037b4f71fcac57eebaf46a92207181729d396c0a89e6aca4183
d04_target,41003,RISE,204,159,22,45,45,1,1,1,/home/zhupl25/chiplet_side_channel/chiplet_gds_data/power_macro/delay_chain/ftc/analysis/b_fe_frontend/bfe11_d04_arch0_duration_sensitivity/BFE11_D04_PER_SEED.csv,15e1c869fc691037b4f71fcac57eebaf46a92207181729d396c0a89e6aca4183
d04_target,41004,RISE,225,187,22,38,38,1,1,1,/home/zhupl25/chiplet_side_channel/chiplet_gds_data/power_macro/delay_chain/ftc/analysis/b_fe_frontend/bfe11_d04_arch0_duration_sensitivity/BFE11_D04_PER_SEED.csv,15e1c869fc691037b4f71fcac57eebaf46a92207181729d396c0a89e6aca4183
d04_target,41005,RISE,245,204,22,41,41,1,1,1,/home/zhupl25/chiplet_side_channel/chiplet_gds_data/power_macro/delay_chain/ftc/analysis/b_fe_frontend/bfe11_d04_arch0_duration_sensitivity/BFE11_D04_PER_SEED.csv,15e1c869fc691037b4f71fcac57eebaf46a92207181729d396c0a89e6aca4183
d04_target,41006,RISE,225,182,22,43,43,1,1,1,/home/zhupl25/chiplet_side_channel/chiplet_gds_data/power_macro/delay_chain/ftc/analysis/b_fe_frontend/bfe11_d04_arch0_duration_sensitivity/BFE11_D04_PER_SEED.csv,15e1c869fc691037b4f71fcac57eebaf46a92207181729d396c0a89e6aca4183
d04_target,41007,RISE,225,204,22,21,21,0,1,1,/home/zhupl25/chiplet_side_channel/chiplet_gds_data/power_macro/delay_chain/ftc/analysis/b_fe_frontend/bfe11_d04_arch0_duration_sensitivity/BFE11_D04_PER_SEED.csv,15e1c869fc691037b4f71fcac57eebaf46a92207181729d396c0a89e6aca4183
d04_target,41008,RISE,225,182,22,43,43,1,1,1,/home/zhupl25/chiplet_side_channel/chiplet_gds_data/power_macro/delay_chain/ftc/analysis/b_fe_frontend/bfe11_d04_arch0_duration_sensitivity/BFE11_D04_PER_SEED.csv,15e1c869fc691037b4f71fcac57eebaf46a92207181729d396c0a89e6aca4183
d04_target,41009,RISE,225,187,22,38,38,1,1,1,/home/zhupl25/chiplet_side_channel/chiplet_gds_data/power_macro/delay_chain/ftc/analysis/b_fe_frontend/bfe11_d04_arch0_duration_sensitivity/BFE11_D04_PER_SEED.csv,15e1c869fc691037b4f71fcac57eebaf46a92207181729d396c0a89e6aca4183
d04_target,41010,RISE,225,182,22,43,43,1,1,1,/home/zhupl25/chiplet_side_channel/chiplet_gds_data/power_macro/delay_chain/ftc/analysis/b_fe_frontend/bfe11_d04_arch0_duration_sensitivity/BFE11_D04_PER_SEED.csv,15e1c869fc691037b4f71fcac57eebaf46a92207181729d396c0a89e6aca4183
d04_target,41011,RISE,204,176,22,28,28,1,1,1,/home/zhupl25/chiplet_side_channel/chiplet_gds_data/power_macro/delay_chain/ftc/analysis/b_fe_frontend/bfe11_d04_arch0_duration_sensitivity/BFE11_D04_PER_SEED.csv,15e1c869fc691037b4f71fcac57eebaf46a92207181729d396c0a89e6aca4183
d04_target,41012,RISE,225,204,22,21,21,0,1,1,/home/zhupl25/chiplet_side_channel/chiplet_gds_data/power_macro/delay_chain/ftc/analysis/b_fe_frontend/bfe11_d04_arch0_duration_sensitivity/BFE11_D04_PER_SEED.csv,15e1c869fc691037b4f71fcac57eebaf46a92207181729d396c0a89e6aca4183
d04_target,41013,RISE,264,235,22,29,29,1,1,1,/home/zhupl25/chiplet_side_channel/chiplet_gds_data/power_macro/delay_chain/ftc/analysis/b_fe_frontend/bfe11_d04_arch0_duration_sensitivity/BFE11_D04_PER_SEED.csv,15e1c869fc691037b4f71fcac57eebaf46a92207181729d396c0a89e6aca4183
d04_target,41014,RISE,225,182,22,43,43,1,1,1,/home/zhupl25/chiplet_side_channel/chiplet_gds_data/power_macro/delay_chain/ftc/analysis/b_fe_frontend/bfe11_d04_arch0_duration_sensitivity/BFE11_D04_PER_SEED.csv,15e1c869fc691037b4f71fcac57eebaf46a92207181729d396c0a89e6aca4183
d04_target,41015,RISE,225,204,22,21,21,0,1,1,/home/zhupl25/chiplet_side_channel/chiplet_gds_data/power_macro/delay_chain/ftc/analysis/b_fe_frontend/bfe11_d04_arch0_duration_sensitivity/BFE11_D04_PER_SEED.csv,15e1c869fc691037b4f71fcac57eebaf46a92207181729d396c0a89e6aca4183
d04_target,41016,RISE,204,182,22,22,22,0,1,1,/home/zhupl25/chiplet_side_channel/chiplet_gds_data/power_macro/delay_chain/ftc/analysis/b_fe_frontend/bfe11_d04_arch0_duration_sensitivity/BFE11_D04_PER_SEED.csv,15e1c869fc691037b4f71fcac57eebaf46a92207181729d396c0a89e6aca4183
d04_target,41017,RISE,225,198,22,27,27,1,1,1,/home/zhupl25/chiplet_side_channel/chiplet_gds_data/power_macro/delay_chain/ftc/analysis/b_fe_frontend/bfe11_d04_arch0_duration_sensitivity/BFE11_D04_PER_SEED.csv,15e1c869fc691037b4f71fcac57eebaf46a92207181729d396c0a89e6aca4183
d04_target,41018,RISE,245,219,22,26,26,1,1,1,/home/zhupl25/chiplet_side_channel/chiplet_gds_data/power_macro/delay_chain/ftc/analysis/b_fe_frontend/bfe11_d04_arch0_duration_sensitivity/BFE11_D04_PER_SEED.csv,15e1c869fc691037b4f71fcac57eebaf46a92207181729d396c0a89e6aca4183
d04_target,41019,RISE,225,187,22,38,38,1,1,1,/home/zhupl25/chiplet_side_channel/chiplet_gds_data/power_macro/delay_chain/ftc/analysis/b_fe_frontend/bfe11_d04_arch0_duration_sensitivity/BFE11_D04_PER_SEED.csv,15e1c869fc691037b4f71fcac57eebaf46a92207181729d396c0a89e6aca4183
d04_target,41020,RISE,182,159,22,23,23,1,1,1,/home/zhupl25/chiplet_side_channel/chiplet_gds_data/power_macro/delay_chain/ftc/analysis/b_fe_frontend/bfe11_d04_arch0_duration_sensitivity/BFE11_D04_PER_SEED.csv,15e1c869fc691037b4f71fcac57eebaf46a92207181729d396c0a89e6aca4183
d04_target,41021,RISE,225,182,22,43,43,1,1,1,/home/zhupl25/chiplet_side_channel/chiplet_gds_data/power_macro/delay_chain/ftc/analysis/b_fe_frontend/bfe11_d04_arch0_duration_sensitivity/BFE11_D04_PER_SEED.csv,15e1c869fc691037b4f71fcac57eebaf46a92207181729d396c0a89e6aca4183
d04_target,41022,RISE,225,204,22,21,21,0,1,1,/home/zhupl25/chiplet_side_channel/chiplet_gds_data/power_macro/delay_chain/ftc/analysis/b_fe_frontend/bfe11_d04_arch0_duration_sensitivity/BFE11_D04_PER_SEED.csv,15e1c869fc691037b4f71fcac57eebaf46a92207181729d396c0a89e6aca4183
d04_target,41023,RISE,245,209,22,36,36,1,1,1,/home/zhupl25/chiplet_side_channel/chiplet_gds_data/power_macro/delay_chain/ftc/analysis/b_fe_frontend/bfe11_d04_arch0_duration_sensitivity/BFE11_D04_PER_SEED.csv,15e1c869fc691037b4f71fcac57eebaf46a92207181729d396c0a89e6aca4183
d04_target,41024,RISE,204,164,22,40,40,1,1,1,/home/zhupl25/chiplet_side_channel/chiplet_gds_data/power_macro/delay_chain/ftc/analysis/b_fe_frontend/bfe11_d04_arch0_duration_sensitivity/BFE11_D04_PER_SEED.csv,15e1c869fc691037b4f71fcac57eebaf46a92207181729d396c0a89e6aca4183
d04_target,41025,RISE,245,225,22,20,20,0,1,1,/home/zhupl25/chiplet_side_channel/chiplet_gds_data/power_macro/delay_chain/ftc/analysis/b_fe_frontend/bfe11_d04_arch0_duration_sensitivity/BFE11_D04_PER_SEED.csv,15e1c869fc691037b4f71fcac57eebaf46a92207181729d396c0a89e6aca4183
d04_target,41026,RISE,204,164,22,40,40,1,1,1,/home/zhupl25/chiplet_side_channel/chiplet_gds_data/power_macro/delay_chain/ftc/analysis/b_fe_frontend/bfe11_d04_arch0_duration_sensitivity/BFE11_D04_PER_SEED.csv,15e1c869fc691037b4f71fcac57eebaf46a92207181729d396c0a89e6aca4183
d04_target,41027,RISE,182,153,22,29,29,1,1,1,/home/zhupl25/chiplet_side_channel/chiplet_gds_data/power_macro/delay_chain/ftc/analysis/b_fe_frontend/bfe11_d04_arch0_duration_sensitivity/BFE11_D04_PER_SEED.csv,15e1c869fc691037b4f71fcac57eebaf46a92207181729d396c0a89e6aca4183
d04_target,41028,RISE,245,204,22,41,41,1,1,1,/home/zhupl25/chiplet_side_channel/chiplet_gds_data/power_macro/delay_chain/ftc/analysis/b_fe_frontend/bfe11_d04_arch0_duration_sensitivity/BFE11_D04_PER_SEED.csv,15e1c869fc691037b4f71fcac57eebaf46a92207181729d396c0a89e6aca4183
d04_target,41029,RISE,204,159,22,45,45,1,1,1,/home/zhupl25/chiplet_side_channel/chiplet_gds_data/power_macro/delay_chain/ftc/analysis/b_fe_frontend/bfe11_d04_arch0_duration_sensitivity/BFE11_D04_PER_SEED.csv,15e1c869fc691037b4f71fcac57eebaf46a92207181729d396c0a89e6aca4183
d04_target,41030,RISE,225,198,22,27,27,1,1,1,/home/zhupl25/chiplet_side_channel/chiplet_gds_data/power_macro/delay_chain/ftc/analysis/b_fe_frontend/bfe11_d04_arch0_duration_sensitivity/BFE11_D04_PER_SEED.csv,15e1c869fc691037b4f71fcac57eebaf46a92207181729d396c0a89e6aca4183
