scenario_key,scenario_family,baseline_vdd_v,margin_level,Vdroop_v,total_pulse_ps,is_target_threat,probe_period_ps,guaranteed_clean_measure_ps,clean_coverage_fraction,stable_blind_measure_ps,stable_blind_coverage_fraction,recovery_ambiguous_measure_ps,recovery_ambiguous_coverage_fraction,other_invalid_ambiguous_measure_ps,other_invalid_ambiguous_coverage_fraction,boundary_uncertainty_measure_ps,boundary_uncertainty_coverage_fraction,non_guarantee_measure_ps,non_guarantee_coverage_fraction,maximum_non_guarantee_window_ps,worst_attack_phase_ps,full_phase_guaranteed,recovery_ambiguous_event_count,other_invalid_ambiguous_event_count
t0_5a_0p95_l2_boundary,L2_BOUNDARY_MINIMUM,0.95,L2,0.86,1456.0,False,25.0,25.0,1.0,0,0.0,0,0.0,0,0.0,0,0.0,0,0.0,0.0,,True,0,0
t0_5a_0p95_l2_boundary,L2_BOUNDARY_MINIMUM,0.95,L2,0.86,1456.0,False,50.0,50.0,1.0,0,0.0,0,0.0,0,0.0,0,0.0,0,0.0,0.0,,True,0,0
t0_5a_0p95_l2_boundary,L2_BOUNDARY_MINIMUM,0.95,L2,0.86,1456.0,False,75.0,75.0,1.0,0,0.0,0,0.0,0,0.0,0,0.0,0,0.0,0.0,,True,0,0
t0_5a_0p95_l2_boundary,L2_BOUNDARY_MINIMUM,0.95,L2,0.86,1456.0,False,100.0,100.0,1.0,0,0.0,0,0.0,0,0.0,0,0.0,0,0.0,0.0,,True,0,0
t0_5a_0p95_l2_boundary,L2_BOUNDARY_MINIMUM,0.95,L2,0.86,1456.0,False,125.0,125.0,1.0,0,0.0,0,0.0,0,0.0,0,0.0,0,0.0,0.0,,True,0,0
t0_5a_0p95_l2_boundary,L2_BOUNDARY_MINIMUM,0.95,L2,0.86,1456.0,False,150.0,150.0,1.0,0,0.0,0,0.0,0,0.0,0,0.0,0,0.0,0.0,,True,0,0
t0_5a_0p95_l2_boundary,L2_BOUNDARY_MINIMUM,0.95,L2,0.86,1456.0,False,175.0,175.0,1.0,0,0.0,0,0.0,0,0.0,0,0.0,0,0.0,0.0,,True,0,0
t0_5a_0p95_l2_boundary,L2_BOUNDARY_MINIMUM,0.95,L2,0.86,1456.0,False,200.0,200.0,1.0,0,0.0,0,0.0,0,0.0,0,0.0,0,0.0,0.0,,True,0,0
t0_5a_0p95_l2_boundary,L2_BOUNDARY_MINIMUM,0.95,L2,0.86,1456.0,False,225.0,225.0,1.0,0,0.0,0,0.0,0,0.0,0,0.0,0,0.0,0.0,,True,0,0
t0_5a_0p95_l2_boundary,L2_BOUNDARY_MINIMUM,0.95,L2,0.86,1456.0,False,250.0,250.0,1.0,0,0.0,0,0.0,0,0.0,0,0.0,0,0.0,0.0,,True,0,0
t0_5a_0p95_l2_boundary,L2_BOUNDARY_MINIMUM,0.95,L2,0.86,1456.0,False,275.0,275.0,1.0,0,0.0,0,0.0,0,0.0,0,0.0,0,0.0,0.0,,True,0,0
t0_5a_0p95_l2_boundary,L2_BOUNDARY_MINIMUM,0.95,L2,0.86,1456.0,False,300.0,300.0,1.0,0,0.0,0,0.0,0,0.0,0,0.0,0,0.0,0.0,,True,0,0
t0_5a_0p95_l2_boundary,L2_BOUNDARY_MINIMUM,0.95,L2,0.86,1456.0,False,325.0,325.0,1.0,0,0.0,0,0.0,0,0.0,0,0.0,0,0.0,0.0,,True,0,0
t0_5a_0p95_l2_boundary,L2_BOUNDARY_MINIMUM,0.95,L2,0.86,1456.0,False,350.0,350.0,1.0,0,0.0,0,0.0,0,0.0,0,0.0,0,0.0,0.0,,True,0,0
t0_5a_0p95_l2_boundary,L2_BOUNDARY_MINIMUM,0.95,L2,0.86,1456.0,False,375.0,375.0,1.0,0,0.0,0,0.0,0,0.0,0,0.0,0,0.0,0.0,,True,0,0
t0_5a_0p95_l2_boundary,L2_BOUNDARY_MINIMUM,0.95,L2,0.86,1456.0,False,400.0,400.0,1.0,0,0.0,0,0.0,0,0.0,0,0.0,0,0.0,0.0,,True,0,0
t0_5a_0p95_l2_boundary,L2_BOUNDARY_MINIMUM,0.95,L2,0.86,1456.0,False,425.0,425.0,1.0,0,0.0,0,0.0,0,0.0,0,0.0,0,0.0,0.0,,True,0,0
t0_5a_0p95_l2_boundary,L2_BOUNDARY_MINIMUM,0.95,L2,0.86,1456.0,False,450.0,450.0,1.0,0,0.0,0,0.0,0,0.0,0,0.0,0,0.0,0.0,,True,0,0
t0_5a_0p95_l2_boundary,L2_BOUNDARY_MINIMUM,0.95,L2,0.86,1456.0,False,475.0,475.0,1.0,0,0.0,0,0.0,0,0.0,0,0.0,0,0.0,0.0,,True,0,0
t0_5a_0p95_l2_boundary,L2_BOUNDARY_MINIMUM,0.95,L2,0.86,1456.0,False,500.0,500.0,1.0,0,0.0,0,0.0,0,0.0,0,0.0,0,0.0,0.0,,True,0,0
t0_5a_0p95_l2_boundary,L2_BOUNDARY_MINIMUM,0.95,L2,0.86,1456.0,False,525.0,525.0,1.0,0,0.0,0,0.0,0,0.0,0,0.0,0,0.0,0.0,,True,0,0
t0_5a_0p95_l2_boundary,L2_BOUNDARY_MINIMUM,0.95,L2,0.86,1456.0,False,550.0,525.0,0.9545454545454546,0,0.0,0,0.0,0,0.0,25.0,0.045454545454545456,25.0,0.045454545454545456,25.0,75.0,False,0,0
t0_5a_0p95_l2_boundary,L2_BOUNDARY_MINIMUM,0.95,L2,0.86,1456.0,False,575.0,525.0,0.9130434782608695,0,0.0,0,0.0,0,0.0,50.0,0.08695652173913043,50.0,0.08695652173913043,50.0,75.0,False,0,0
t0_5a_0p95_l2_boundary,L2_BOUNDARY_MINIMUM,0.95,L2,0.86,1456.0,False,600.0,525.0,0.875,25.0,0.041666666666666664,0,0.0,0,0.0,50.0,0.08333333333333333,75.0,0.125,75.0,75.0,False,0,0
t0_5a_0p95_l2_boundary,L2_BOUNDARY_MINIMUM,0.95,L2,0.86,1456.0,False,625.0,525.0,0.84,50.0,0.08,0,0.0,0,0.0,50.0,0.08,100.0,0.16,100.0,75.0,False,0,0
t0_5a_0p95_l2_boundary,L2_BOUNDARY_MINIMUM,0.95,L2,0.86,1456.0,False,650.0,525.0,0.8076923076923077,75.0,0.11538461538461539,0,0.0,0,0.0,50.0,0.07692307692307693,125.0,0.19230769230769232,125.0,75.0,False,0,0
t0_5a_0p95_l2_boundary,L2_BOUNDARY_MINIMUM,0.95,L2,0.86,1456.0,False,675.0,525.0,0.7777777777777778,100.0,0.14814814814814814,0,0.0,0,0.0,50.0,0.07407407407407407,150.0,0.2222222222222222,150.0,75.0,False,0,0
t0_5a_0p95_l2_boundary,L2_BOUNDARY_MINIMUM,0.95,L2,0.86,1456.0,False,700.0,525.0,0.75,125.0,0.17857142857142858,0,0.0,0,0.0,50.0,0.07142857142857142,175.0,0.25,175.0,75.0,False,0,0
t0_5a_0p95_l2_boundary,L2_BOUNDARY_MINIMUM,0.95,L2,0.86,1456.0,False,725.0,525.0,0.7241379310344828,150.0,0.20689655172413793,0,0.0,0,0.0,50.0,0.06896551724137931,200.0,0.27586206896551724,200.0,75.0,False,0,0
t0_5a_0p95_l2_boundary,L2_BOUNDARY_MINIMUM,0.95,L2,0.86,1456.0,False,750.0,525.0,0.7,175.0,0.23333333333333334,0,0.0,0,0.0,50.0,0.06666666666666667,225.0,0.3,225.0,75.0,False,0,0
t0_5a_0p95_l2_boundary,L2_BOUNDARY_MINIMUM,0.95,L2,0.86,1456.0,False,775.0,525.0,0.6774193548387096,200.0,0.25806451612903225,0,0.0,0,0.0,50.0,0.06451612903225806,250.0,0.3225806451612903,250.0,75.0,False,0,0
t0_5a_0p95_l2_boundary,L2_BOUNDARY_MINIMUM,0.95,L2,0.86,1456.0,False,800.0,525.0,0.65625,225.0,0.28125,0,0.0,0,0.0,50.0,0.0625,275.0,0.34375,275.0,75.0,False,0,0
t0_5a_0p95_l2_boundary,L2_BOUNDARY_MINIMUM,0.95,L2,0.86,1456.0,False,825.0,525.0,0.6363636363636364,250.0,0.30303030303030304,0,0.0,0,0.0,50.0,0.06060606060606061,300.0,0.36363636363636365,300.0,75.0,False,0,0
t0_5a_0p95_l2_boundary,L2_BOUNDARY_MINIMUM,0.95,L2,0.86,1456.0,False,850.0,525.0,0.6176470588235294,275.0,0.3235294117647059,0,0.0,0,0.0,50.0,0.058823529411764705,325.0,0.38235294117647056,325.0,75.0,False,0,0
t0_5a_0p95_l2_boundary,L2_BOUNDARY_MINIMUM,0.95,L2,0.86,1456.0,False,875.0,525.0,0.6,300.0,0.34285714285714286,0,0.0,0,0.0,50.0,0.05714285714285714,350.0,0.4,350.0,75.0,False,0,0
t0_5a_0p95_l2_boundary,L2_BOUNDARY_MINIMUM,0.95,L2,0.86,1456.0,False,900.0,525.0,0.5833333333333334,325.0,0.3611111111111111,0,0.0,0,0.0,50.0,0.05555555555555555,375.0,0.4166666666666667,375.0,75.0,False,0,0
t0_5a_0p95_l2_boundary,L2_BOUNDARY_MINIMUM,0.95,L2,0.86,1456.0,False,925.0,525.0,0.5675675675675675,350.0,0.3783783783783784,0,0.0,0,0.0,50.0,0.05405405405405406,400.0,0.43243243243243246,400.0,75.0,False,0,0
t0_5a_0p95_l2_boundary,L2_BOUNDARY_MINIMUM,0.95,L2,0.86,1456.0,False,950.0,525.0,0.5526315789473685,375.0,0.39473684210526316,0,0.0,0,0.0,50.0,0.05263157894736842,425.0,0.4473684210526316,425.0,75.0,False,0,0
t0_5a_0p95_l2_boundary,L2_BOUNDARY_MINIMUM,0.95,L2,0.86,1456.0,False,975.0,525.0,0.5384615384615384,400.0,0.41025641025641024,0,0.0,0,0.0,50.0,0.05128205128205128,450.0,0.46153846153846156,450.0,75.0,False,0,0
t0_5a_0p95_l2_boundary,L2_BOUNDARY_MINIMUM,0.95,L2,0.86,1456.0,False,1000.0,525.0,0.525,425.0,0.425,0,0.0,0,0.0,50.0,0.05,475.0,0.475,475.0,75.0,False,0,0
t0_5a_0p95_l2_boundary,L2_BOUNDARY_MINIMUM,0.95,L2,0.86,1456.0,False,1025.0,525.0,0.5121951219512195,450.0,0.43902439024390244,0,0.0,0,0.0,50.0,0.04878048780487805,500.0,0.4878048780487805,500.0,75.0,False,0,0
t0_5a_0p95_l2_boundary,L2_BOUNDARY_MINIMUM,0.95,L2,0.86,1456.0,False,1050.0,525.0,0.5,475.0,0.4523809523809524,0,0.0,0,0.0,50.0,0.047619047619047616,525.0,0.5,525.0,75.0,False,0,0
t0_5a_0p95_l2_boundary,L2_BOUNDARY_MINIMUM,0.95,L2,0.86,1456.0,False,1075.0,525.0,0.4883720930232558,500.0,0.46511627906976744,0,0.0,0,0.0,50.0,0.046511627906976744,550.0,0.5116279069767442,550.0,75.0,False,0,0
t0_5a_0p95_l2_boundary,L2_BOUNDARY_MINIMUM,0.95,L2,0.86,1456.0,False,1100.0,525.0,0.4772727272727273,525.0,0.4772727272727273,0,0.0,0,0.0,50.0,0.045454545454545456,575.0,0.5227272727272727,575.0,75.0,False,0,0
t0_5a_0p95_l2_boundary,L2_BOUNDARY_MINIMUM,0.95,L2,0.86,1456.0,False,1125.0,525.0,0.4666666666666667,550.0,0.4888888888888889,0,0.0,0,0.0,50.0,0.044444444444444446,600.0,0.5333333333333333,600.0,75.0,False,0,0
t0_5a_0p95_l2_boundary,L2_BOUNDARY_MINIMUM,0.95,L2,0.86,1456.0,False,1150.0,525.0,0.45652173913043476,575.0,0.5,0,0.0,0,0.0,50.0,0.043478260869565216,625.0,0.5434782608695652,625.0,75.0,False,0,0
t0_5a_0p95_l2_boundary,L2_BOUNDARY_MINIMUM,0.95,L2,0.86,1456.0,False,1175.0,525.0,0.44680851063829785,600.0,0.5106382978723404,0,0.0,0,0.0,50.0,0.0425531914893617,650.0,0.5531914893617021,650.0,75.0,False,0,0
t0_5a_0p95_l2_boundary,L2_BOUNDARY_MINIMUM,0.95,L2,0.86,1456.0,False,1200.0,525.0,0.4375,625.0,0.5208333333333334,0,0.0,0,0.0,50.0,0.041666666666666664,675.0,0.5625,675.0,75.0,False,0,0
t0_5a_0p95_l2_boundary,L2_BOUNDARY_MINIMUM,0.95,L2,0.86,1456.0,False,1225.0,525.0,0.42857142857142855,650.0,0.5306122448979592,0,0.0,0,0.0,50.0,0.04081632653061224,700.0,0.5714285714285714,700.0,75.0,False,0,0
t0_5a_0p95_l2_boundary,L2_BOUNDARY_MINIMUM,0.95,L2,0.86,1456.0,False,1250.0,525.0,0.42,675.0,0.54,0,0.0,0,0.0,50.0,0.04,725.0,0.58,725.0,75.0,False,0,0
t0_5a_0p95_l2_boundary,L2_BOUNDARY_MINIMUM,0.95,L2,0.86,1456.0,False,1275.0,525.0,0.4117647058823529,700.0,0.5490196078431373,0,0.0,0,0.0,50.0,0.0392156862745098,750.0,0.5882352941176471,750.0,75.0,False,0,0
t0_5a_0p95_l2_boundary,L2_BOUNDARY_MINIMUM,0.95,L2,0.86,1456.0,False,1300.0,525.0,0.40384615384615385,725.0,0.5576923076923077,0,0.0,0,0.0,50.0,0.038461538461538464,775.0,0.5961538461538461,775.0,75.0,False,0,0
t0_5a_0p95_l2_boundary,L2_BOUNDARY_MINIMUM,0.95,L2,0.86,1456.0,False,1325.0,525.0,0.39622641509433965,750.0,0.5660377358490566,0,0.0,0,0.0,50.0,0.03773584905660377,800.0,0.6037735849056604,800.0,75.0,False,0,0
t0_5a_0p95_l2_boundary,L2_BOUNDARY_MINIMUM,0.95,L2,0.86,1456.0,False,1350.0,525.0,0.3888888888888889,775.0,0.5740740740740741,0,0.0,0,0.0,50.0,0.037037037037037035,825.0,0.6111111111111112,825.0,75.0,False,0,0
t0_5a_0p95_l2_boundary,L2_BOUNDARY_MINIMUM,0.95,L2,0.86,1456.0,False,1375.0,525.0,0.38181818181818183,800.0,0.5818181818181818,0,0.0,0,0.0,50.0,0.03636363636363636,850.0,0.6181818181818182,850.0,75.0,False,0,0
t0_5a_0p95_l2_boundary,L2_BOUNDARY_MINIMUM,0.95,L2,0.86,1456.0,False,1400.0,525.0,0.375,825.0,0.5892857142857143,0,0.0,0,0.0,50.0,0.03571428571428571,875.0,0.625,875.0,75.0,False,0,0
t0_5a_0p95_l2_boundary,L2_BOUNDARY_MINIMUM,0.95,L2,0.86,1456.0,False,1425.0,525.0,0.3684210526315789,850.0,0.5964912280701754,0,0.0,0,0.0,50.0,0.03508771929824561,900.0,0.631578947368421,900.0,75.0,False,0,0
t0_5a_0p95_l2_boundary,L2_BOUNDARY_MINIMUM,0.95,L2,0.86,1456.0,False,1450.0,525.0,0.3620689655172414,875.0,0.603448275862069,0,0.0,0,0.0,50.0,0.034482758620689655,925.0,0.6379310344827587,925.0,75.0,False,0,0
t0_5a_0p95_l2_boundary,L2_BOUNDARY_MINIMUM,0.95,L2,0.86,1456.0,False,1475.0,525.0,0.3559322033898305,900.0,0.6101694915254238,0,0.0,0,0.0,50.0,0.03389830508474576,950.0,0.6440677966101694,950.0,75.0,False,0,0
t0_5a_0p95_l2_boundary,L2_BOUNDARY_MINIMUM,0.95,L2,0.86,1456.0,False,1500.0,525.0,0.35,925.0,0.6166666666666667,0,0.0,0,0.0,50.0,0.03333333333333333,975.0,0.65,975.0,75.0,False,0,0
t0_5a_0p95_l2_boundary,L2_BOUNDARY_MINIMUM,0.95,L2,0.86,1456.0,False,1525.0,525.0,0.3442622950819672,950.0,0.6229508196721312,0,0.0,0,0.0,50.0,0.03278688524590164,1000.0,0.6557377049180327,1000.0,75.0,False,0,0
t0_5a_0p95_l2_boundary,L2_BOUNDARY_MINIMUM,0.95,L2,0.86,1456.0,False,1550.0,525.0,0.3387096774193548,975.0,0.6290322580645161,0,0.0,0,0.0,50.0,0.03225806451612903,1025.0,0.6612903225806451,1025.0,75.0,False,0,0
t0_5a_0p95_l2_boundary,L2_BOUNDARY_MINIMUM,0.95,L2,0.86,1456.0,False,1575.0,525.0,0.3333333333333333,1000.0,0.6349206349206349,0,0.0,0,0.0,50.0,0.031746031746031744,1050.0,0.6666666666666666,1050.0,75.0,False,0,0
t0_5a_0p95_l2_boundary,L2_BOUNDARY_MINIMUM,0.95,L2,0.86,1456.0,False,1600.0,525.0,0.328125,1025.0,0.640625,0,0.0,0,0.0,50.0,0.03125,1075.0,0.671875,1075.0,75.0,False,0,0
t0_5a_0p95_l2_boundary,L2_BOUNDARY_MINIMUM,0.95,L2,0.86,1456.0,False,1625.0,525.0,0.3230769230769231,1050.0,0.6461538461538462,0,0.0,0,0.0,50.0,0.03076923076923077,1100.0,0.676923076923077,1100.0,75.0,False,0,0
t0_5a_0p95_l2_boundary,L2_BOUNDARY_MINIMUM,0.95,L2,0.86,1456.0,False,1650.0,525.0,0.3181818181818182,1075.0,0.6515151515151515,0,0.0,0,0.0,50.0,0.030303030303030304,1125.0,0.6818181818181818,1125.0,75.0,False,0,0
t0_5a_0p95_l2_boundary,L2_BOUNDARY_MINIMUM,0.95,L2,0.86,1456.0,False,1675.0,525.0,0.31343283582089554,1100.0,0.6567164179104478,0,0.0,0,0.0,50.0,0.029850746268656716,1150.0,0.6865671641791045,1150.0,75.0,False,0,0
t0_5a_0p95_l2_boundary,L2_BOUNDARY_MINIMUM,0.95,L2,0.86,1456.0,False,1700.0,525.0,0.3088235294117647,1125.0,0.6617647058823529,0,0.0,0,0.0,50.0,0.029411764705882353,1175.0,0.6911764705882353,1175.0,75.0,False,0,0
t0_5a_0p95_l2_boundary,L2_BOUNDARY_MINIMUM,0.95,L2,0.86,1456.0,False,1725.0,525.0,0.30434782608695654,1150.0,0.6666666666666666,0,0.0,0,0.0,50.0,0.028985507246376812,1200.0,0.6956521739130435,1200.0,75.0,False,0,0
t0_5a_0p95_l2_boundary,L2_BOUNDARY_MINIMUM,0.95,L2,0.86,1456.0,False,1750.0,525.0,0.3,1175.0,0.6714285714285714,0,0.0,0,0.0,50.0,0.02857142857142857,1225.0,0.7,1225.0,75.0,False,0,0
t0_5a_0p95_l2_boundary,L2_BOUNDARY_MINIMUM,0.95,L2,0.86,1456.0,False,1775.0,525.0,0.29577464788732394,1200.0,0.676056338028169,0,0.0,0,0.0,50.0,0.028169014084507043,1250.0,0.704225352112676,1250.0,75.0,False,0,0
t0_5a_0p95_l2_boundary,L2_BOUNDARY_MINIMUM,0.95,L2,0.86,1456.0,False,1800.0,525.0,0.2916666666666667,1225.0,0.6805555555555556,0,0.0,0,0.0,50.0,0.027777777777777776,1275.0,0.7083333333333334,1275.0,75.0,False,0,0
t0_5a_0p95_l2_boundary,L2_BOUNDARY_MINIMUM,0.95,L2,0.86,1456.0,False,1825.0,525.0,0.2876712328767123,1250.0,0.684931506849315,0,0.0,0,0.0,50.0,0.0273972602739726,1300.0,0.7123287671232876,1300.0,75.0,False,0,0
t0_5a_0p95_l2_boundary,L2_BOUNDARY_MINIMUM,0.95,L2,0.86,1456.0,False,1850.0,525.0,0.28378378378378377,1275.0,0.6891891891891891,0,0.0,0,0.0,50.0,0.02702702702702703,1325.0,0.7162162162162162,1325.0,75.0,False,0,0
t0_5a_0p95_l2_boundary,L2_BOUNDARY_MINIMUM,0.95,L2,0.86,1456.0,False,1875.0,525.0,0.28,1300.0,0.6933333333333334,0,0.0,0,0.0,50.0,0.02666666666666667,1350.0,0.72,1350.0,75.0,False,0,0
t0_5a_0p95_l2_boundary,L2_BOUNDARY_MINIMUM,0.95,L2,0.86,1456.0,False,1900.0,525.0,0.27631578947368424,1325.0,0.6973684210526315,0,0.0,0,0.0,50.0,0.02631578947368421,1375.0,0.7236842105263158,1375.0,75.0,False,0,0
t0_5a_0p95_l2_boundary,L2_BOUNDARY_MINIMUM,0.95,L2,0.86,1456.0,False,1925.0,525.0,0.2727272727272727,1350.0,0.7012987012987013,0,0.0,0,0.0,50.0,0.025974025974025976,1400.0,0.7272727272727273,1400.0,75.0,False,0,0
t0_5a_0p95_l2_boundary,L2_BOUNDARY_MINIMUM,0.95,L2,0.86,1456.0,False,1950.0,525.0,0.2692307692307692,1375.0,0.7051282051282052,0,0.0,0,0.0,50.0,0.02564102564102564,1425.0,0.7307692307692307,1425.0,75.0,False,0,0
t0_5a_0p95_l2_boundary,L2_BOUNDARY_MINIMUM,0.95,L2,0.86,1456.0,False,1975.0,525.0,0.26582278481012656,1400.0,0.7088607594936709,0,0.0,0,0.0,50.0,0.02531645569620253,1450.0,0.7341772151898734,1450.0,75.0,False,0,0
t0_5a_0p95_l2_boundary,L2_BOUNDARY_MINIMUM,0.95,L2,0.86,1456.0,False,2000.0,525.0,0.2625,1425.0,0.7125,0,0.0,0,0.0,50.0,0.025,1475.0,0.7375,1475.0,75.0,False,0,0
t0_5a_0p95_l2_boundary,L2_BOUNDARY_MINIMUM,0.95,L2,0.86,1456.0,False,2025.0,525.0,0.25925925925925924,1450.0,0.7160493827160493,0,0.0,0,0.0,50.0,0.024691358024691357,1500.0,0.7407407407407407,1500.0,75.0,False,0,0
t0_5a_0p95_l2_boundary,L2_BOUNDARY_MINIMUM,0.95,L2,0.86,1456.0,False,2050.0,525.0,0.25609756097560976,1475.0,0.7195121951219512,0,0.0,0,0.0,50.0,0.024390243902439025,1525.0,0.7439024390243902,1525.0,75.0,False,0,0
t0_5a_0p95_l2_boundary,L2_BOUNDARY_MINIMUM,0.95,L2,0.86,1456.0,False,2075.0,525.0,0.25301204819277107,1500.0,0.7228915662650602,0,0.0,0,0.0,50.0,0.024096385542168676,1550.0,0.7469879518072289,1550.0,75.0,False,0,0
t0_5a_0p95_l2_boundary,L2_BOUNDARY_MINIMUM,0.95,L2,0.86,1456.0,False,2100.0,525.0,0.25,1525.0,0.7261904761904762,0,0.0,0,0.0,50.0,0.023809523809523808,1575.0,0.75,1575.0,75.0,False,0,0
t0_5a_0p95_l2_boundary,L2_BOUNDARY_MINIMUM,0.95,L2,0.86,1456.0,False,2125.0,525.0,0.24705882352941178,1550.0,0.7294117647058823,0,0.0,0,0.0,50.0,0.023529411764705882,1600.0,0.7529411764705882,1600.0,75.0,False,0,0
t0_5a_0p95_l2_boundary,L2_BOUNDARY_MINIMUM,0.95,L2,0.86,1456.0,False,2150.0,525.0,0.2441860465116279,1575.0,0.7325581395348837,0,0.0,0,0.0,50.0,0.023255813953488372,1625.0,0.7558139534883721,1625.0,75.0,False,0,0
t0_5a_0p95_l2_boundary,L2_BOUNDARY_MINIMUM,0.95,L2,0.86,1456.0,False,2175.0,525.0,0.2413793103448276,1600.0,0.735632183908046,0,0.0,0,0.0,50.0,0.022988505747126436,1650.0,0.7586206896551724,1650.0,75.0,False,0,0
t0_5a_0p95_l2_boundary,L2_BOUNDARY_MINIMUM,0.95,L2,0.86,1456.0,False,2200.0,525.0,0.23863636363636365,1625.0,0.7386363636363636,0,0.0,0,0.0,50.0,0.022727272727272728,1675.0,0.7613636363636364,1675.0,75.0,False,0,0
t0_5a_0p95_l2_boundary,L2_BOUNDARY_MINIMUM,0.95,L2,0.86,1456.0,False,2225.0,525.0,0.23595505617977527,1650.0,0.7415730337078652,0,0.0,0,0.0,50.0,0.02247191011235955,1700.0,0.7640449438202247,1700.0,75.0,False,0,0
t0_5a_0p95_l2_boundary,L2_BOUNDARY_MINIMUM,0.95,L2,0.86,1456.0,False,2250.0,525.0,0.23333333333333334,1675.0,0.7444444444444445,0,0.0,0,0.0,50.0,0.022222222222222223,1725.0,0.7666666666666667,1725.0,75.0,False,0,0
t0_5a_0p95_l2_boundary,L2_BOUNDARY_MINIMUM,0.95,L2,0.86,1456.0,False,2275.0,525.0,0.23076923076923078,1700.0,0.7472527472527473,0,0.0,0,0.0,50.0,0.02197802197802198,1750.0,0.7692307692307693,1750.0,75.0,False,0,0
t0_5a_0p95_l2_boundary,L2_BOUNDARY_MINIMUM,0.95,L2,0.86,1456.0,False,2300.0,525.0,0.22826086956521738,1725.0,0.75,0,0.0,0,0.0,50.0,0.021739130434782608,1775.0,0.7717391304347826,1775.0,75.0,False,0,0
t0_5a_0p95_l2_boundary,L2_BOUNDARY_MINIMUM,0.95,L2,0.86,1456.0,False,2325.0,525.0,0.22580645161290322,1750.0,0.7526881720430108,0,0.0,0,0.0,50.0,0.021505376344086023,1800.0,0.7741935483870968,1800.0,75.0,False,0,0
t0_5a_0p95_l2_boundary,L2_BOUNDARY_MINIMUM,0.95,L2,0.86,1456.0,False,2350.0,525.0,0.22340425531914893,1775.0,0.7553191489361702,0,0.0,0,0.0,50.0,0.02127659574468085,1825.0,0.776595744680851,1825.0,75.0,False,0,0
t0_5a_0p95_l2_boundary,L2_BOUNDARY_MINIMUM,0.95,L2,0.86,1456.0,False,2375.0,525.0,0.22105263157894736,1800.0,0.7578947368421053,0,0.0,0,0.0,50.0,0.021052631578947368,1850.0,0.7789473684210526,1850.0,75.0,False,0,0
t0_5a_0p95_l2_boundary,L2_BOUNDARY_MINIMUM,0.95,L2,0.86,1456.0,False,2400.0,525.0,0.21875,1825.0,0.7604166666666666,0,0.0,0,0.0,50.0,0.020833333333333332,1875.0,0.78125,1875.0,75.0,False,0,0
t0_5a_0p95_l2_boundary,L2_BOUNDARY_MINIMUM,0.95,L2,0.86,1456.0,False,2425.0,525.0,0.21649484536082475,1850.0,0.7628865979381443,0,0.0,0,0.0,50.0,0.020618556701030927,1900.0,0.7835051546391752,1900.0,75.0,False,0,0
t0_5a_0p95_l2_boundary,L2_BOUNDARY_MINIMUM,0.95,L2,0.86,1456.0,False,2450.0,525.0,0.21428571428571427,1875.0,0.7653061224489796,0,0.0,0,0.0,50.0,0.02040816326530612,1925.0,0.7857142857142857,1925.0,75.0,False,0,0
t0_5a_0p95_l2_boundary,L2_BOUNDARY_MINIMUM,0.95,L2,0.86,1456.0,False,2475.0,525.0,0.21212121212121213,1900.0,0.7676767676767676,0,0.0,0,0.0,50.0,0.020202020202020204,1950.0,0.7878787878787878,1950.0,75.0,False,0,0
t0_5a_0p95_l2_boundary,L2_BOUNDARY_MINIMUM,0.95,L2,0.86,1456.0,False,2500.0,525.0,0.21,1925.0,0.77,0,0.0,0,0.0,50.0,0.02,1975.0,0.79,1975.0,75.0,False,0,0
t0_5a_0p95_l2_boundary,L2_BOUNDARY_MINIMUM,0.95,L2,0.86,1456.0,False,2525.0,525.0,0.2079207920792079,1950.0,0.7722772277227723,0,0.0,0,0.0,50.0,0.019801980198019802,2000.0,0.7920792079207921,2000.0,75.0,False,0,0
t0_5a_0p95_l2_boundary,L2_BOUNDARY_MINIMUM,0.95,L2,0.86,1456.0,False,2550.0,525.0,0.20588235294117646,1975.0,0.7745098039215687,0,0.0,0,0.0,50.0,0.0196078431372549,2025.0,0.7941176470588235,2025.0,75.0,False,0,0
t0_5a_0p95_l2_boundary,L2_BOUNDARY_MINIMUM,0.95,L2,0.86,1456.0,False,2575.0,525.0,0.20388349514563106,2000.0,0.7766990291262136,0,0.0,0,0.0,50.0,0.019417475728155338,2050.0,0.7961165048543689,2050.0,75.0,False,0,0
t0_5a_0p95_l2_boundary,L2_BOUNDARY_MINIMUM,0.95,L2,0.86,1456.0,False,2600.0,525.0,0.20192307692307693,2025.0,0.7788461538461539,0,0.0,0,0.0,50.0,0.019230769230769232,2075.0,0.7980769230769231,2075.0,75.0,False,0,0
t0_5a_0p95_l2_boundary,L2_BOUNDARY_MINIMUM,0.95,L2,0.86,1456.0,False,2625.0,525.0,0.2,2050.0,0.780952380952381,0,0.0,0,0.0,50.0,0.01904761904761905,2100.0,0.8,2100.0,75.0,False,0,0
t0_5a_0p95_l2_boundary,L2_BOUNDARY_MINIMUM,0.95,L2,0.86,1456.0,False,2650.0,525.0,0.19811320754716982,2075.0,0.7830188679245284,0,0.0,0,0.0,50.0,0.018867924528301886,2125.0,0.8018867924528302,2125.0,75.0,False,0,0
t0_5a_0p95_l2_boundary,L2_BOUNDARY_MINIMUM,0.95,L2,0.86,1456.0,False,2675.0,525.0,0.19626168224299065,2100.0,0.7850467289719626,0,0.0,0,0.0,50.0,0.018691588785046728,2150.0,0.8037383177570093,2150.0,75.0,False,0,0
t0_5a_0p95_l2_boundary,L2_BOUNDARY_MINIMUM,0.95,L2,0.86,1456.0,False,2700.0,525.0,0.19444444444444445,2125.0,0.7870370370370371,0,0.0,0,0.0,50.0,0.018518518518518517,2175.0,0.8055555555555556,2175.0,75.0,False,0,0
t0_5a_0p95_l2_boundary,L2_BOUNDARY_MINIMUM,0.95,L2,0.86,1456.0,False,2725.0,525.0,0.1926605504587156,2150.0,0.7889908256880734,0,0.0,0,0.0,50.0,0.01834862385321101,2200.0,0.8073394495412844,2200.0,75.0,False,0,0
t0_5a_0p95_l2_boundary,L2_BOUNDARY_MINIMUM,0.95,L2,0.86,1456.0,False,2750.0,525.0,0.19090909090909092,2175.0,0.7909090909090909,0,0.0,0,0.0,50.0,0.01818181818181818,2225.0,0.8090909090909091,2225.0,75.0,False,0,0
t0_5a_0p95_l2_boundary,L2_BOUNDARY_MINIMUM,0.95,L2,0.86,1456.0,False,2775.0,525.0,0.1891891891891892,2200.0,0.7927927927927928,0,0.0,0,0.0,50.0,0.018018018018018018,2250.0,0.8108108108108109,2250.0,75.0,False,0,0
t0_5a_0p95_l2_boundary,L2_BOUNDARY_MINIMUM,0.95,L2,0.86,1456.0,False,2800.0,525.0,0.1875,2225.0,0.7946428571428571,0,0.0,0,0.0,50.0,0.017857142857142856,2275.0,0.8125,2275.0,75.0,False,0,0
t0_5a_0p95_l2_boundary,L2_BOUNDARY_MINIMUM,0.95,L2,0.86,1456.0,False,2825.0,525.0,0.18584070796460178,2250.0,0.7964601769911505,0,0.0,0,0.0,50.0,0.017699115044247787,2300.0,0.8141592920353983,2300.0,75.0,False,0,0
t0_5a_0p95_l2_boundary,L2_BOUNDARY_MINIMUM,0.95,L2,0.86,1456.0,False,2850.0,525.0,0.18421052631578946,2275.0,0.7982456140350878,0,0.0,0,0.0,50.0,0.017543859649122806,2325.0,0.8157894736842105,2325.0,75.0,False,0,0
t0_5a_0p95_l2_boundary,L2_BOUNDARY_MINIMUM,0.95,L2,0.86,1456.0,False,2875.0,525.0,0.1826086956521739,2300.0,0.8,0,0.0,0,0.0,50.0,0.017391304347826087,2350.0,0.8173913043478261,2350.0,75.0,False,0,0
t0_5a_0p95_l2_boundary,L2_BOUNDARY_MINIMUM,0.95,L2,0.86,1456.0,False,2900.0,525.0,0.1810344827586207,2325.0,0.8017241379310345,0,0.0,0,0.0,50.0,0.017241379310344827,2375.0,0.8189655172413793,2375.0,75.0,False,0,0
t0_5a_0p95_l2_boundary,L2_BOUNDARY_MINIMUM,0.95,L2,0.86,1456.0,False,2925.0,525.0,0.1794871794871795,2350.0,0.8034188034188035,0,0.0,0,0.0,50.0,0.017094017094017096,2400.0,0.8205128205128205,2400.0,75.0,False,0,0
t0_5a_0p95_l2_boundary,L2_BOUNDARY_MINIMUM,0.95,L2,0.86,1456.0,False,2950.0,525.0,0.17796610169491525,2375.0,0.8050847457627118,0,0.0,0,0.0,50.0,0.01694915254237288,2425.0,0.8220338983050848,2425.0,75.0,False,0,0
t0_5a_0p95_l2_boundary,L2_BOUNDARY_MINIMUM,0.95,L2,0.86,1456.0,False,2975.0,525.0,0.17647058823529413,2400.0,0.8067226890756303,0,0.0,0,0.0,50.0,0.01680672268907563,2450.0,0.8235294117647058,2450.0,75.0,False,0,0
t0_5a_0p95_l2_boundary,L2_BOUNDARY_MINIMUM,0.95,L2,0.86,1456.0,False,3000.0,525.0,0.175,2425.0,0.8083333333333333,0,0.0,0,0.0,50.0,0.016666666666666666,2475.0,0.825,2475.0,75.0,False,0,0
t0_5a_0p95_l2_boundary,L2_BOUNDARY_MINIMUM,0.95,L2,0.86,1456.0,False,3025.0,525.0,0.17355371900826447,2450.0,0.8099173553719008,0,0.0,0,0.0,50.0,0.01652892561983471,2500.0,0.8264462809917356,2500.0,75.0,False,0,0
t0_5a_0p95_l2_boundary,L2_BOUNDARY_MINIMUM,0.95,L2,0.86,1456.0,False,3050.0,525.0,0.1721311475409836,2475.0,0.8114754098360656,0,0.0,0,0.0,50.0,0.01639344262295082,2525.0,0.8278688524590164,2525.0,75.0,False,0,0
t0_5a_0p95_l2_boundary,L2_BOUNDARY_MINIMUM,0.95,L2,0.86,1456.0,False,3075.0,525.0,0.17073170731707318,2500.0,0.8130081300813008,0,0.0,0,0.0,50.0,0.016260162601626018,2550.0,0.8292682926829268,2550.0,75.0,False,0,0
t0_5a_0p95_l2_boundary,L2_BOUNDARY_MINIMUM,0.95,L2,0.86,1456.0,False,3100.0,525.0,0.1693548387096774,2525.0,0.8145161290322581,0,0.0,0,0.0,50.0,0.016129032258064516,2575.0,0.8306451612903226,2575.0,75.0,False,0,0
t0_5a_0p95_l2_boundary,L2_BOUNDARY_MINIMUM,0.95,L2,0.86,1456.0,False,3125.0,525.0,0.168,2550.0,0.816,0,0.0,0,0.0,50.0,0.016,2600.0,0.832,2600.0,75.0,False,0,0
t0_5a_0p95_l2_boundary,L2_BOUNDARY_MINIMUM,0.95,L2,0.86,1456.0,False,3150.0,525.0,0.16666666666666666,2575.0,0.8174603174603174,0,0.0,0,0.0,50.0,0.015873015873015872,2625.0,0.8333333333333334,2625.0,75.0,False,0,0
t0_5a_0p95_l2_boundary,L2_BOUNDARY_MINIMUM,0.95,L2,0.86,1456.0,False,3175.0,525.0,0.16535433070866143,2600.0,0.8188976377952756,0,0.0,0,0.0,50.0,0.015748031496062992,2650.0,0.8346456692913385,2650.0,75.0,False,0,0
t0_5a_0p95_l2_boundary,L2_BOUNDARY_MINIMUM,0.95,L2,0.86,1456.0,False,3200.0,525.0,0.1640625,2625.0,0.8203125,0,0.0,0,0.0,50.0,0.015625,2675.0,0.8359375,2675.0,75.0,False,0,0
t0_5a_0p95_l2_boundary,L2_BOUNDARY_MINIMUM,0.95,L2,0.86,1456.0,False,3225.0,525.0,0.16279069767441862,2650.0,0.8217054263565892,0,0.0,0,0.0,50.0,0.015503875968992248,2700.0,0.8372093023255814,2700.0,75.0,False,0,0
t0_5a_0p95_l2_boundary,L2_BOUNDARY_MINIMUM,0.95,L2,0.86,1456.0,False,3250.0,525.0,0.16153846153846155,2675.0,0.823076923076923,0,0.0,0,0.0,50.0,0.015384615384615385,2725.0,0.8384615384615385,2725.0,75.0,False,0,0
t0_5a_0p95_l2_boundary,L2_BOUNDARY_MINIMUM,0.95,L2,0.86,1456.0,False,3275.0,525.0,0.16030534351145037,2700.0,0.8244274809160306,0,0.0,0,0.0,50.0,0.015267175572519083,2750.0,0.8396946564885496,2750.0,75.0,False,0,0
t0_5a_0p95_l2_boundary,L2_BOUNDARY_MINIMUM,0.95,L2,0.86,1456.0,False,3300.0,525.0,0.1590909090909091,2725.0,0.8257575757575758,0,0.0,0,0.0,50.0,0.015151515151515152,2775.0,0.8409090909090909,2775.0,75.0,False,0,0
t0_5a_0p95_l2_boundary,L2_BOUNDARY_MINIMUM,0.95,L2,0.86,1456.0,False,3325.0,525.0,0.15789473684210525,2750.0,0.8270676691729323,0,0.0,0,0.0,50.0,0.015037593984962405,2800.0,0.8421052631578947,2800.0,75.0,False,0,0
t0_5a_0p95_l2_boundary,L2_BOUNDARY_MINIMUM,0.95,L2,0.86,1456.0,False,3350.0,525.0,0.15671641791044777,2775.0,0.8283582089552238,0,0.0,0,0.0,50.0,0.014925373134328358,2825.0,0.8432835820895522,2825.0,75.0,False,0,0
t0_5a_0p95_l2_boundary,L2_BOUNDARY_MINIMUM,0.95,L2,0.86,1456.0,False,3375.0,525.0,0.15555555555555556,2800.0,0.8296296296296296,0,0.0,0,0.0,50.0,0.014814814814814815,2850.0,0.8444444444444444,2850.0,75.0,False,0,0
t0_5a_0p95_l2_boundary,L2_BOUNDARY_MINIMUM,0.95,L2,0.86,1456.0,False,3400.0,525.0,0.15441176470588236,2825.0,0.8308823529411765,0,0.0,0,0.0,50.0,0.014705882352941176,2875.0,0.8455882352941176,2875.0,75.0,False,0,0
t0_5a_0p95_l2_boundary,L2_BOUNDARY_MINIMUM,0.95,L2,0.86,1456.0,False,3425.0,525.0,0.15328467153284672,2850.0,0.8321167883211679,0,0.0,0,0.0,50.0,0.014598540145985401,2900.0,0.8467153284671532,2900.0,75.0,False,0,0
t0_5a_0p95_l2_boundary,L2_BOUNDARY_MINIMUM,0.95,L2,0.86,1456.0,False,3450.0,525.0,0.15217391304347827,2875.0,0.8333333333333334,0,0.0,0,0.0,50.0,0.014492753623188406,2925.0,0.8478260869565217,2925.0,75.0,False,0,0
t0_5a_0p95_l2_boundary,L2_BOUNDARY_MINIMUM,0.95,L2,0.86,1456.0,False,3475.0,525.0,0.1510791366906475,2900.0,0.8345323741007195,0,0.0,0,0.0,50.0,0.014388489208633094,2950.0,0.8489208633093526,2950.0,75.0,False,0,0
t0_5a_0p95_l2_boundary,L2_BOUNDARY_MINIMUM,0.95,L2,0.86,1456.0,False,3500.0,525.0,0.15,2925.0,0.8357142857142857,0,0.0,0,0.0,50.0,0.014285714285714285,2975.0,0.85,2975.0,75.0,False,0,0
t0_5a_0p95_l2_boundary,L2_BOUNDARY_MINIMUM,0.95,L2,0.86,1456.0,False,3525.0,525.0,0.14893617021276595,2950.0,0.8368794326241135,0,0.0,0,0.0,50.0,0.014184397163120567,3000.0,0.851063829787234,3000.0,75.0,False,0,0
t0_5a_0p95_l2_boundary,L2_BOUNDARY_MINIMUM,0.95,L2,0.86,1456.0,False,3550.0,525.0,0.14788732394366197,2975.0,0.8380281690140845,0,0.0,0,0.0,50.0,0.014084507042253521,3025.0,0.852112676056338,3025.0,75.0,False,0,0
t0_5a_0p95_l2_boundary,L2_BOUNDARY_MINIMUM,0.95,L2,0.86,1456.0,False,3575.0,525.0,0.14685314685314685,3000.0,0.8391608391608392,0,0.0,0,0.0,50.0,0.013986013986013986,3050.0,0.8531468531468531,3050.0,75.0,False,0,0
t0_5a_0p95_l2_boundary,L2_BOUNDARY_MINIMUM,0.95,L2,0.86,1456.0,False,3600.0,525.0,0.14583333333333334,3025.0,0.8402777777777778,0,0.0,0,0.0,50.0,0.013888888888888888,3075.0,0.8541666666666666,3075.0,75.0,False,0,0
t0_5a_0p95_l2_boundary,L2_BOUNDARY_MINIMUM,0.95,L2,0.86,1456.0,False,3625.0,525.0,0.14482758620689656,3050.0,0.8413793103448276,0,0.0,0,0.0,50.0,0.013793103448275862,3100.0,0.8551724137931035,3100.0,75.0,False,0,0
t0_5a_0p95_l2_boundary,L2_BOUNDARY_MINIMUM,0.95,L2,0.86,1456.0,False,3650.0,525.0,0.14383561643835616,3075.0,0.8424657534246576,0,0.0,0,0.0,50.0,0.0136986301369863,3125.0,0.8561643835616438,3125.0,75.0,False,0,0
t0_5a_0p95_l2_boundary,L2_BOUNDARY_MINIMUM,0.95,L2,0.86,1456.0,False,3675.0,525.0,0.14285714285714285,3100.0,0.8435374149659864,0,0.0,0,0.0,50.0,0.013605442176870748,3150.0,0.8571428571428571,3150.0,75.0,False,0,0
t0_5a_0p95_l2_boundary,L2_BOUNDARY_MINIMUM,0.95,L2,0.86,1456.0,False,3700.0,525.0,0.14189189189189189,3125.0,0.8445945945945946,0,0.0,0,0.0,50.0,0.013513513513513514,3175.0,0.8581081081081081,3175.0,75.0,False,0,0
t0_5a_0p95_l2_boundary,L2_BOUNDARY_MINIMUM,0.95,L2,0.86,1456.0,False,3725.0,525.0,0.14093959731543623,3150.0,0.8456375838926175,0,0.0,0,0.0,50.0,0.013422818791946308,3200.0,0.8590604026845637,3200.0,75.0,False,0,0
t0_5a_0p95_l2_boundary,L2_BOUNDARY_MINIMUM,0.95,L2,0.86,1456.0,False,3750.0,525.0,0.14,3175.0,0.8466666666666667,0,0.0,0,0.0,50.0,0.013333333333333334,3225.0,0.86,3225.0,75.0,False,0,0
t0_5a_0p95_l2_boundary,L2_BOUNDARY_MINIMUM,0.95,L2,0.86,1456.0,False,3775.0,525.0,0.1390728476821192,3200.0,0.847682119205298,0,0.0,0,0.0,50.0,0.013245033112582781,3250.0,0.8609271523178808,3250.0,75.0,False,0,0
t0_5a_0p95_l2_boundary,L2_BOUNDARY_MINIMUM,0.95,L2,0.86,1456.0,False,3800.0,525.0,0.13815789473684212,3225.0,0.8486842105263158,0,0.0,0,0.0,50.0,0.013157894736842105,3275.0,0.8618421052631579,3275.0,75.0,False,0,0
t0_5a_0p95_l2_boundary,L2_BOUNDARY_MINIMUM,0.95,L2,0.86,1456.0,False,3825.0,525.0,0.13725490196078433,3250.0,0.8496732026143791,0,0.0,0,0.0,50.0,0.013071895424836602,3300.0,0.8627450980392157,3300.0,75.0,False,0,0
t0_5a_0p95_l2_boundary,L2_BOUNDARY_MINIMUM,0.95,L2,0.86,1456.0,False,3850.0,525.0,0.13636363636363635,3275.0,0.8506493506493507,0,0.0,0,0.0,50.0,0.012987012987012988,3325.0,0.8636363636363636,3325.0,75.0,False,0,0
t0_5a_0p95_l2_boundary,L2_BOUNDARY_MINIMUM,0.95,L2,0.86,1456.0,False,3875.0,525.0,0.13548387096774195,3300.0,0.8516129032258064,0,0.0,0,0.0,50.0,0.012903225806451613,3350.0,0.864516129032258,3350.0,75.0,False,0,0
t0_5a_0p95_l2_boundary,L2_BOUNDARY_MINIMUM,0.95,L2,0.86,1456.0,False,3900.0,525.0,0.1346153846153846,3325.0,0.8525641025641025,0,0.0,0,0.0,50.0,0.01282051282051282,3375.0,0.8653846153846154,3375.0,75.0,False,0,0
t0_5a_0p95_l2_boundary,L2_BOUNDARY_MINIMUM,0.95,L2,0.86,1456.0,False,3925.0,525.0,0.1337579617834395,3350.0,0.8535031847133758,0,0.0,0,0.0,50.0,0.012738853503184714,3400.0,0.8662420382165605,3400.0,75.0,False,0,0
t0_5a_0p95_l2_boundary,L2_BOUNDARY_MINIMUM,0.95,L2,0.86,1456.0,False,3950.0,525.0,0.13291139240506328,3375.0,0.8544303797468354,0,0.0,0,0.0,50.0,0.012658227848101266,3425.0,0.8670886075949367,3425.0,75.0,False,0,0
t0_5a_0p95_l2_boundary,L2_BOUNDARY_MINIMUM,0.95,L2,0.86,1456.0,False,3975.0,525.0,0.1320754716981132,3400.0,0.8553459119496856,0,0.0,0,0.0,50.0,0.012578616352201259,3450.0,0.8679245283018868,3450.0,75.0,False,0,0
t0_5a_0p95_l2_boundary,L2_BOUNDARY_MINIMUM,0.95,L2,0.86,1456.0,False,4000.0,525.0,0.13125,3425.0,0.85625,0,0.0,0,0.0,50.0,0.0125,3475.0,0.86875,3475.0,75.0,False,0,0
t0_5a_0p95_l2_boundary,L2_BOUNDARY_MINIMUM,0.95,L2,0.86,1456.0,False,4025.0,525.0,0.13043478260869565,3450.0,0.8571428571428571,0,0.0,0,0.0,50.0,0.012422360248447204,3500.0,0.8695652173913043,3500.0,75.0,False,0,0
t0_5a_0p95_l2_boundary,L2_BOUNDARY_MINIMUM,0.95,L2,0.86,1456.0,False,4050.0,525.0,0.12962962962962962,3475.0,0.8580246913580247,0,0.0,0,0.0,50.0,0.012345679012345678,3525.0,0.8703703703703703,3525.0,75.0,False,0,0
t0_5a_0p95_l2_boundary,L2_BOUNDARY_MINIMUM,0.95,L2,0.86,1456.0,False,4075.0,525.0,0.12883435582822086,3500.0,0.8588957055214724,0,0.0,0,0.0,50.0,0.012269938650306749,3550.0,0.8711656441717791,3550.0,75.0,False,0,0
t0_5a_0p95_l2_boundary,L2_BOUNDARY_MINIMUM,0.95,L2,0.86,1456.0,False,4100.0,525.0,0.12804878048780488,3525.0,0.8597560975609756,0,0.0,0,0.0,50.0,0.012195121951219513,3575.0,0.8719512195121951,3575.0,75.0,False,0,0
t0_5a_0p95_l2_boundary,L2_BOUNDARY_MINIMUM,0.95,L2,0.86,1456.0,False,4125.0,525.0,0.12727272727272726,3550.0,0.8606060606060606,0,0.0,0,0.0,50.0,0.012121212121212121,3600.0,0.8727272727272727,3600.0,75.0,False,0,0
t0_5a_0p95_l2_boundary,L2_BOUNDARY_MINIMUM,0.95,L2,0.86,1456.0,False,4150.0,525.0,0.12650602409638553,3575.0,0.8614457831325302,0,0.0,0,0.0,50.0,0.012048192771084338,3625.0,0.8734939759036144,3625.0,75.0,False,0,0
t0_5a_0p95_l2_boundary,L2_BOUNDARY_MINIMUM,0.95,L2,0.86,1456.0,False,4175.0,525.0,0.12574850299401197,3600.0,0.8622754491017964,0,0.0,0,0.0,50.0,0.011976047904191617,3650.0,0.874251497005988,3650.0,75.0,False,0,0
t0_5a_0p95_l2_boundary,L2_BOUNDARY_MINIMUM,0.95,L2,0.86,1456.0,False,4200.0,525.0,0.125,3625.0,0.8630952380952381,0,0.0,0,0.0,50.0,0.011904761904761904,3675.0,0.875,3675.0,75.0,False,0,0
t0_5a_0p95_l2_boundary,L2_BOUNDARY_MINIMUM,0.95,L2,0.86,1456.0,False,4225.0,525.0,0.1242603550295858,3650.0,0.863905325443787,0,0.0,0,0.0,50.0,0.011834319526627219,3700.0,0.8757396449704142,3700.0,75.0,False,0,0
t0_5a_0p95_l2_boundary,L2_BOUNDARY_MINIMUM,0.95,L2,0.86,1456.0,False,4250.0,525.0,0.12352941176470589,3675.0,0.8647058823529412,0,0.0,0,0.0,50.0,0.011764705882352941,3725.0,0.8764705882352941,3725.0,75.0,False,0,0
t0_5a_0p95_l2_boundary,L2_BOUNDARY_MINIMUM,0.95,L2,0.86,1456.0,False,4275.0,525.0,0.12280701754385964,3700.0,0.8654970760233918,0,0.0,0,0.0,50.0,0.011695906432748537,3750.0,0.8771929824561403,3750.0,75.0,False,0,0
t0_5a_0p95_l2_boundary,L2_BOUNDARY_MINIMUM,0.95,L2,0.86,1456.0,False,4300.0,525.0,0.12209302325581395,3725.0,0.8662790697674418,0,0.0,0,0.0,50.0,0.011627906976744186,3775.0,0.877906976744186,3775.0,75.0,False,0,0
t0_5a_0p95_l2_boundary,L2_BOUNDARY_MINIMUM,0.95,L2,0.86,1456.0,False,4325.0,525.0,0.12138728323699421,3750.0,0.8670520231213873,0,0.0,0,0.0,50.0,0.011560693641618497,3800.0,0.8786127167630058,3800.0,75.0,False,0,0
t0_5a_0p95_l2_boundary,L2_BOUNDARY_MINIMUM,0.95,L2,0.86,1456.0,False,4350.0,525.0,0.1206896551724138,3775.0,0.867816091954023,0,0.0,0,0.0,50.0,0.011494252873563218,3825.0,0.8793103448275862,3825.0,75.0,False,0,0
t0_5a_0p95_l2_boundary,L2_BOUNDARY_MINIMUM,0.95,L2,0.86,1456.0,False,4375.0,525.0,0.12,3800.0,0.8685714285714285,0,0.0,0,0.0,50.0,0.011428571428571429,3850.0,0.88,3850.0,75.0,False,0,0
t0_5a_0p95_l2_boundary,L2_BOUNDARY_MINIMUM,0.95,L2,0.86,1456.0,False,4400.0,525.0,0.11931818181818182,3825.0,0.8693181818181818,0,0.0,0,0.0,50.0,0.011363636363636364,3875.0,0.8806818181818182,3875.0,75.0,False,0,0
t0_5a_0p95_l2_boundary,L2_BOUNDARY_MINIMUM,0.95,L2,0.86,1456.0,False,4425.0,525.0,0.11864406779661017,3850.0,0.8700564971751412,0,0.0,0,0.0,50.0,0.011299435028248588,3900.0,0.8813559322033898,3900.0,75.0,False,0,0
t0_5a_0p95_l2_boundary,L2_BOUNDARY_MINIMUM,0.95,L2,0.86,1456.0,False,4450.0,525.0,0.11797752808988764,3875.0,0.8707865168539326,0,0.0,0,0.0,50.0,0.011235955056179775,3925.0,0.8820224719101124,3925.0,75.0,False,0,0
t0_5a_0p95_l2_boundary,L2_BOUNDARY_MINIMUM,0.95,L2,0.86,1456.0,False,4475.0,525.0,0.11731843575418995,3900.0,0.8715083798882681,0,0.0,0,0.0,50.0,0.0111731843575419,3950.0,0.88268156424581,3950.0,75.0,False,0,0
t0_5a_0p95_l2_boundary,L2_BOUNDARY_MINIMUM,0.95,L2,0.86,1456.0,False,4500.0,525.0,0.11666666666666667,3925.0,0.8722222222222222,0,0.0,0,0.0,50.0,0.011111111111111112,3975.0,0.8833333333333333,3975.0,75.0,False,0,0
t0_5a_0p95_l2_boundary,L2_BOUNDARY_MINIMUM,0.95,L2,0.86,1456.0,False,4525.0,525.0,0.11602209944751381,3950.0,0.8729281767955801,0,0.0,0,0.0,50.0,0.011049723756906077,4000.0,0.8839779005524862,4000.0,75.0,False,0,0
t0_5a_0p95_l2_boundary,L2_BOUNDARY_MINIMUM,0.95,L2,0.86,1456.0,False,4550.0,525.0,0.11538461538461539,3975.0,0.8736263736263736,0,0.0,0,0.0,50.0,0.01098901098901099,4025.0,0.8846153846153846,4025.0,75.0,False,0,0
t0_5a_0p95_l2_boundary,L2_BOUNDARY_MINIMUM,0.95,L2,0.86,1456.0,False,4575.0,525.0,0.11475409836065574,4000.0,0.8743169398907104,0,0.0,0,0.0,50.0,0.01092896174863388,4050.0,0.8852459016393442,4050.0,75.0,False,0,0
t0_5a_0p95_l2_boundary,L2_BOUNDARY_MINIMUM,0.95,L2,0.86,1456.0,False,4600.0,525.0,0.11413043478260869,4025.0,0.875,0,0.0,0,0.0,50.0,0.010869565217391304,4075.0,0.8858695652173914,4075.0,75.0,False,0,0
t0_5a_0p95_l2_boundary,L2_BOUNDARY_MINIMUM,0.95,L2,0.86,1456.0,False,4625.0,525.0,0.11351351351351352,4050.0,0.8756756756756757,0,0.0,0,0.0,50.0,0.010810810810810811,4100.0,0.8864864864864865,4100.0,75.0,False,0,0
t0_5a_0p95_l2_boundary,L2_BOUNDARY_MINIMUM,0.95,L2,0.86,1456.0,False,4650.0,525.0,0.11290322580645161,4075.0,0.8763440860215054,0,0.0,0,0.0,50.0,0.010752688172043012,4125.0,0.8870967741935484,4125.0,75.0,False,0,0
t0_5a_0p95_l2_boundary,L2_BOUNDARY_MINIMUM,0.95,L2,0.86,1456.0,False,4675.0,525.0,0.11229946524064172,4100.0,0.8770053475935828,0,0.0,0,0.0,50.0,0.0106951871657754,4150.0,0.8877005347593583,4150.0,75.0,False,0,0
t0_5a_0p95_l2_boundary,L2_BOUNDARY_MINIMUM,0.95,L2,0.86,1456.0,False,4700.0,525.0,0.11170212765957446,4125.0,0.8776595744680851,0,0.0,0,0.0,50.0,0.010638297872340425,4175.0,0.8882978723404256,4175.0,75.0,False,0,0
t0_5a_0p95_l2_boundary,L2_BOUNDARY_MINIMUM,0.95,L2,0.86,1456.0,False,4725.0,525.0,0.1111111111111111,4150.0,0.8783068783068783,0,0.0,0,0.0,50.0,0.010582010582010581,4200.0,0.8888888888888888,4200.0,75.0,False,0,0
t0_5a_0p95_l2_boundary,L2_BOUNDARY_MINIMUM,0.95,L2,0.86,1456.0,False,4750.0,525.0,0.11052631578947368,4175.0,0.8789473684210526,0,0.0,0,0.0,50.0,0.010526315789473684,4225.0,0.8894736842105263,4225.0,75.0,False,0,0
t0_5a_0p95_l2_boundary,L2_BOUNDARY_MINIMUM,0.95,L2,0.86,1456.0,False,4775.0,525.0,0.1099476439790576,4200.0,0.8795811518324608,0,0.0,0,0.0,50.0,0.010471204188481676,4250.0,0.8900523560209425,4250.0,75.0,False,0,0
t0_5a_0p95_l2_boundary,L2_BOUNDARY_MINIMUM,0.95,L2,0.86,1456.0,False,4800.0,525.0,0.109375,4225.0,0.8802083333333334,0,0.0,0,0.0,50.0,0.010416666666666666,4275.0,0.890625,4275.0,75.0,False,0,0
t0_5a_0p95_l2_boundary,L2_BOUNDARY_MINIMUM,0.95,L2,0.86,1456.0,False,4825.0,525.0,0.10880829015544041,4250.0,0.8808290155440415,0,0.0,0,0.0,50.0,0.010362694300518135,4300.0,0.8911917098445595,4300.0,75.0,False,0,0
t0_5a_0p95_l2_boundary,L2_BOUNDARY_MINIMUM,0.95,L2,0.86,1456.0,False,4850.0,525.0,0.10824742268041238,4275.0,0.8814432989690721,0,0.0,0,0.0,50.0,0.010309278350515464,4325.0,0.8917525773195877,4325.0,75.0,False,0,0
t0_5a_0p95_l2_boundary,L2_BOUNDARY_MINIMUM,0.95,L2,0.86,1456.0,False,4875.0,525.0,0.1076923076923077,4300.0,0.882051282051282,0,0.0,0,0.0,50.0,0.010256410256410256,4350.0,0.8923076923076924,4350.0,75.0,False,0,0
t0_5a_0p95_l2_boundary,L2_BOUNDARY_MINIMUM,0.95,L2,0.86,1456.0,False,4900.0,525.0,0.10714285714285714,4325.0,0.8826530612244898,0,0.0,0,0.0,50.0,0.01020408163265306,4375.0,0.8928571428571429,4375.0,75.0,False,0,0
t0_5a_0p95_l2_boundary,L2_BOUNDARY_MINIMUM,0.95,L2,0.86,1456.0,False,4925.0,525.0,0.1065989847715736,4350.0,0.883248730964467,0,0.0,0,0.0,50.0,0.01015228426395939,4400.0,0.8934010152284264,4400.0,75.0,False,0,0
t0_5a_0p95_l2_boundary,L2_BOUNDARY_MINIMUM,0.95,L2,0.86,1456.0,False,4950.0,525.0,0.10606060606060606,4375.0,0.8838383838383839,0,0.0,0,0.0,50.0,0.010101010101010102,4425.0,0.8939393939393939,4425.0,75.0,False,0,0
t0_5a_0p95_l2_boundary,L2_BOUNDARY_MINIMUM,0.95,L2,0.86,1456.0,False,4975.0,525.0,0.10552763819095477,4400.0,0.8844221105527639,0,0.0,0,0.0,50.0,0.010050251256281407,4450.0,0.8944723618090452,4450.0,75.0,False,0,0
t0_5a_0p95_l2_boundary,L2_BOUNDARY_MINIMUM,0.95,L2,0.86,1456.0,False,5000.0,525.0,0.105,4425.0,0.885,0,0.0,0,0.0,50.0,0.01,4475.0,0.895,4475.0,75.0,False,0,0
t0_5a_0p95_l2_boundary,L2_BOUNDARY_MINIMUM,0.95,L2,0.86,1456.0,False,5025.0,525.0,0.1044776119402985,4450.0,0.8855721393034826,0,0.0,0,0.0,50.0,0.009950248756218905,4500.0,0.8955223880597015,4500.0,75.0,False,0,0
t0_5a_0p95_l2_boundary,L2_BOUNDARY_MINIMUM,0.95,L2,0.86,1456.0,False,5050.0,525.0,0.10396039603960396,4475.0,0.8861386138613861,0,0.0,0,0.0,50.0,0.009900990099009901,4525.0,0.8960396039603961,4525.0,75.0,False,0,0
t0_5a_0p95_l2_boundary,L2_BOUNDARY_MINIMUM,0.95,L2,0.86,1456.0,False,5075.0,525.0,0.10344827586206896,4500.0,0.8866995073891626,0,0.0,0,0.0,50.0,0.009852216748768473,4550.0,0.896551724137931,4550.0,75.0,False,0,0
t0_5a_0p95_l2_boundary,L2_BOUNDARY_MINIMUM,0.95,L2,0.86,1456.0,False,5100.0,525.0,0.10294117647058823,4525.0,0.8872549019607843,0,0.0,0,0.0,50.0,0.00980392156862745,4575.0,0.8970588235294118,4575.0,75.0,False,0,0
t0_5a_0p95_l2_boundary,L2_BOUNDARY_MINIMUM,0.95,L2,0.86,1456.0,False,5125.0,525.0,0.1024390243902439,4550.0,0.8878048780487805,0,0.0,0,0.0,50.0,0.00975609756097561,4600.0,0.8975609756097561,4600.0,75.0,False,0,0
t0_5a_0p95_l2_boundary,L2_BOUNDARY_MINIMUM,0.95,L2,0.86,1456.0,False,5150.0,525.0,0.10194174757281553,4575.0,0.8883495145631068,0,0.0,0,0.0,50.0,0.009708737864077669,4625.0,0.8980582524271845,4625.0,75.0,False,0,0
t0_5a_0p95_l2_boundary,L2_BOUNDARY_MINIMUM,0.95,L2,0.86,1456.0,False,5175.0,525.0,0.10144927536231885,4600.0,0.8888888888888888,0,0.0,0,0.0,50.0,0.00966183574879227,4650.0,0.8985507246376812,4650.0,75.0,False,0,0
t0_5a_0p95_l2_boundary,L2_BOUNDARY_MINIMUM,0.95,L2,0.86,1456.0,False,5200.0,525.0,0.10096153846153846,4625.0,0.8894230769230769,0,0.0,0,0.0,50.0,0.009615384615384616,4675.0,0.8990384615384616,4675.0,75.0,False,0,0
t0_5a_0p95_l2_boundary,L2_BOUNDARY_MINIMUM,0.95,L2,0.86,1456.0,False,5225.0,525.0,0.10047846889952153,4650.0,0.8899521531100478,0,0.0,0,0.0,50.0,0.009569377990430622,4700.0,0.8995215311004785,4700.0,75.0,False,0,0
t0_5a_0p95_l2_boundary,L2_BOUNDARY_MINIMUM,0.95,L2,0.86,1456.0,False,5250.0,525.0,0.1,4675.0,0.8904761904761904,0,0.0,0,0.0,50.0,0.009523809523809525,4725.0,0.9,4725.0,75.0,False,0,0
t0_5a_0p95_l2_boundary,L2_BOUNDARY_MINIMUM,0.95,L2,0.86,1456.0,False,5275.0,525.0,0.0995260663507109,4700.0,0.8909952606635071,0,0.0,0,0.0,50.0,0.009478672985781991,4750.0,0.9004739336492891,4750.0,75.0,False,0,0
t0_5a_0p95_l2_boundary,L2_BOUNDARY_MINIMUM,0.95,L2,0.86,1456.0,False,5300.0,525.0,0.09905660377358491,4725.0,0.8915094339622641,0,0.0,0,0.0,50.0,0.009433962264150943,4775.0,0.9009433962264151,4775.0,75.0,False,0,0
t0_5a_0p95_l2_boundary,L2_BOUNDARY_MINIMUM,0.95,L2,0.86,1456.0,False,5325.0,525.0,0.09859154929577464,4750.0,0.892018779342723,0,0.0,0,0.0,50.0,0.009389671361502348,4800.0,0.9014084507042254,4800.0,75.0,False,0,0
t0_5a_0p95_l2_boundary,L2_BOUNDARY_MINIMUM,0.95,L2,0.86,1456.0,False,5350.0,525.0,0.09813084112149532,4775.0,0.8925233644859814,0,0.0,0,0.0,50.0,0.009345794392523364,4825.0,0.9018691588785047,4825.0,75.0,False,0,0
t0_5a_0p95_l2_boundary,L2_BOUNDARY_MINIMUM,0.95,L2,0.86,1456.0,False,5375.0,525.0,0.09767441860465116,4800.0,0.8930232558139535,0,0.0,0,0.0,50.0,0.009302325581395349,4850.0,0.9023255813953488,4850.0,75.0,False,0,0
t0_5a_0p95_l2_boundary,L2_BOUNDARY_MINIMUM,0.95,L2,0.86,1456.0,False,5400.0,525.0,0.09722222222222222,4825.0,0.8935185185185185,0,0.0,0,0.0,50.0,0.009259259259259259,4875.0,0.9027777777777778,4875.0,75.0,False,0,0
t0_5a_0p95_l2_boundary,L2_BOUNDARY_MINIMUM,0.95,L2,0.86,1456.0,False,5425.0,525.0,0.0967741935483871,4850.0,0.8940092165898618,0,0.0,0,0.0,50.0,0.009216589861751152,4900.0,0.9032258064516129,4900.0,75.0,False,0,0
t0_5a_0p95_l2_boundary,L2_BOUNDARY_MINIMUM,0.95,L2,0.86,1456.0,False,5450.0,525.0,0.0963302752293578,4875.0,0.8944954128440367,0,0.0,0,0.0,50.0,0.009174311926605505,4925.0,0.9036697247706422,4925.0,75.0,False,0,0
t0_5a_0p95_l2_boundary,L2_BOUNDARY_MINIMUM,0.95,L2,0.86,1456.0,False,5475.0,525.0,0.0958904109589041,4900.0,0.8949771689497716,0,0.0,0,0.0,50.0,0.0091324200913242,4950.0,0.9041095890410958,4950.0,75.0,False,0,0
t0_5a_0p95_l2_boundary,L2_BOUNDARY_MINIMUM,0.95,L2,0.86,1456.0,False,5500.0,525.0,0.09545454545454546,4925.0,0.8954545454545455,0,0.0,0,0.0,50.0,0.00909090909090909,4975.0,0.9045454545454545,4975.0,75.0,False,0,0
t0_5a_0p95_l2_boundary,L2_BOUNDARY_MINIMUM,0.95,L2,0.86,1456.0,False,5525.0,525.0,0.09502262443438914,4950.0,0.8959276018099548,0,0.0,0,0.0,50.0,0.00904977375565611,5000.0,0.9049773755656109,5000.0,75.0,False,0,0
t0_5a_0p95_l2_boundary,L2_BOUNDARY_MINIMUM,0.95,L2,0.86,1456.0,False,5550.0,525.0,0.0945945945945946,4975.0,0.8963963963963963,0,0.0,0,0.0,50.0,0.009009009009009009,5025.0,0.9054054054054054,5025.0,75.0,False,0,0
t0_5a_0p95_l2_boundary,L2_BOUNDARY_MINIMUM,0.95,L2,0.86,1456.0,False,5575.0,525.0,0.09417040358744394,5000.0,0.8968609865470852,0,0.0,0,0.0,50.0,0.008968609865470852,5050.0,0.905829596412556,5050.0,75.0,False,0,0
t0_5a_0p95_l2_boundary,L2_BOUNDARY_MINIMUM,0.95,L2,0.86,1456.0,False,5600.0,525.0,0.09375,5025.0,0.8973214285714286,0,0.0,0,0.0,50.0,0.008928571428571428,5075.0,0.90625,5075.0,75.0,False,0,0
t0_5a_0p95_l2_boundary,L2_BOUNDARY_MINIMUM,0.95,L2,0.86,1456.0,False,5625.0,525.0,0.09333333333333334,5050.0,0.8977777777777778,0,0.0,0,0.0,50.0,0.008888888888888889,5100.0,0.9066666666666666,5100.0,75.0,False,0,0
t0_5a_0p95_l2_boundary,L2_BOUNDARY_MINIMUM,0.95,L2,0.86,1456.0,False,5650.0,525.0,0.09292035398230089,5075.0,0.8982300884955752,0,0.0,0,0.0,50.0,0.008849557522123894,5125.0,0.9070796460176991,5125.0,75.0,False,0,0
t0_5a_0p95_l2_boundary,L2_BOUNDARY_MINIMUM,0.95,L2,0.86,1456.0,False,5675.0,525.0,0.09251101321585903,5100.0,0.8986784140969163,0,0.0,0,0.0,50.0,0.00881057268722467,5150.0,0.9074889867841409,5150.0,75.0,False,0,0
t0_5a_0p95_l2_boundary,L2_BOUNDARY_MINIMUM,0.95,L2,0.86,1456.0,False,5700.0,525.0,0.09210526315789473,5125.0,0.8991228070175439,0,0.0,0,0.0,50.0,0.008771929824561403,5175.0,0.9078947368421053,5175.0,75.0,False,0,0
t0_5a_0p95_l2_boundary,L2_BOUNDARY_MINIMUM,0.95,L2,0.86,1456.0,False,5725.0,525.0,0.09170305676855896,5150.0,0.8995633187772926,0,0.0,0,0.0,50.0,0.008733624454148471,5200.0,0.9082969432314411,5200.0,75.0,False,0,0
t0_5a_0p95_l2_boundary,L2_BOUNDARY_MINIMUM,0.95,L2,0.86,1456.0,False,5750.0,525.0,0.09130434782608696,5175.0,0.9,0,0.0,0,0.0,50.0,0.008695652173913044,5225.0,0.908695652173913,5225.0,75.0,False,0,0
t0_5a_0p95_l2_boundary,L2_BOUNDARY_MINIMUM,0.95,L2,0.86,1456.0,False,5775.0,525.0,0.09090909090909091,5200.0,0.9004329004329005,0,0.0,0,0.0,50.0,0.008658008658008658,5250.0,0.9090909090909091,5250.0,75.0,False,0,0
t0_5a_0p95_l2_boundary,L2_BOUNDARY_MINIMUM,0.95,L2,0.86,1456.0,False,5800.0,525.0,0.09051724137931035,5225.0,0.9008620689655172,0,0.0,0,0.0,50.0,0.008620689655172414,5275.0,0.9094827586206896,5275.0,75.0,False,0,0
t0_5a_0p95_l2_boundary,L2_BOUNDARY_MINIMUM,0.95,L2,0.86,1456.0,False,5825.0,525.0,0.09012875536480687,5250.0,0.9012875536480687,0,0.0,0,0.0,50.0,0.008583690987124463,5300.0,0.9098712446351931,5300.0,75.0,False,0,0
t0_5a_0p95_l2_boundary,L2_BOUNDARY_MINIMUM,0.95,L2,0.86,1456.0,False,5850.0,525.0,0.08974358974358974,5275.0,0.9017094017094017,0,0.0,0,0.0,50.0,0.008547008547008548,5325.0,0.9102564102564102,5325.0,75.0,False,0,0
t0_5a_0p95_l2_boundary,L2_BOUNDARY_MINIMUM,0.95,L2,0.86,1456.0,False,5875.0,525.0,0.08936170212765958,5300.0,0.902127659574468,0,0.0,0,0.0,50.0,0.00851063829787234,5350.0,0.9106382978723404,5350.0,75.0,False,0,0
t0_5a_0p95_l2_boundary,L2_BOUNDARY_MINIMUM,0.95,L2,0.86,1456.0,False,5900.0,525.0,0.08898305084745763,5325.0,0.902542372881356,0,0.0,0,0.0,50.0,0.00847457627118644,5375.0,0.9110169491525424,5375.0,75.0,False,0,0
t0_5a_0p95_l2_boundary,L2_BOUNDARY_MINIMUM,0.95,L2,0.86,1456.0,False,5925.0,525.0,0.08860759493670886,5350.0,0.9029535864978903,0,0.0,0,0.0,50.0,0.008438818565400843,5400.0,0.9113924050632911,5400.0,75.0,False,0,0
t0_5a_0p95_l2_boundary,L2_BOUNDARY_MINIMUM,0.95,L2,0.86,1456.0,False,5950.0,525.0,0.08823529411764706,5375.0,0.9033613445378151,0,0.0,0,0.0,50.0,0.008403361344537815,5425.0,0.9117647058823529,5425.0,75.0,False,0,0
t0_5a_0p95_l2_boundary,L2_BOUNDARY_MINIMUM,0.95,L2,0.86,1456.0,False,5975.0,525.0,0.08786610878661087,5400.0,0.9037656903765691,0,0.0,0,0.0,50.0,0.008368200836820083,5450.0,0.9121338912133892,5450.0,75.0,False,0,0
t0_5a_0p95_l2_boundary,L2_BOUNDARY_MINIMUM,0.95,L2,0.86,1456.0,False,6000.0,525.0,0.0875,5425.0,0.9041666666666667,0,0.0,0,0.0,50.0,0.008333333333333333,5475.0,0.9125,5475.0,75.0,False,0,0
t0_5a_0p95_l2_long,L2_LONG_PULSE,0.95,L2,0.86,3002.0,True,25.0,25.0,1.0,0,0.0,0,0.0,0,0.0,0,0.0,0,0.0,0.0,,True,0,0
t0_5a_0p95_l2_long,L2_LONG_PULSE,0.95,L2,0.86,3002.0,True,50.0,50.0,1.0,0,0.0,0,0.0,0,0.0,0,0.0,0,0.0,0.0,,True,0,0
t0_5a_0p95_l2_long,L2_LONG_PULSE,0.95,L2,0.86,3002.0,True,75.0,75.0,1.0,0,0.0,0,0.0,0,0.0,0,0.0,0,0.0,0.0,,True,0,0
t0_5a_0p95_l2_long,L2_LONG_PULSE,0.95,L2,0.86,3002.0,True,100.0,100.0,1.0,0,0.0,0,0.0,0,0.0,0,0.0,0,0.0,0.0,,True,0,0
t0_5a_0p95_l2_long,L2_LONG_PULSE,0.95,L2,0.86,3002.0,True,125.0,125.0,1.0,0,0.0,0,0.0,0,0.0,0,0.0,0,0.0,0.0,,True,0,0
t0_5a_0p95_l2_long,L2_LONG_PULSE,0.95,L2,0.86,3002.0,True,150.0,150.0,1.0,0,0.0,0,0.0,0,0.0,0,0.0,0,0.0,0.0,,True,0,0
t0_5a_0p95_l2_long,L2_LONG_PULSE,0.95,L2,0.86,3002.0,True,175.0,175.0,1.0,0,0.0,0,0.0,0,0.0,0,0.0,0,0.0,0.0,,True,0,0
t0_5a_0p95_l2_long,L2_LONG_PULSE,0.95,L2,0.86,3002.0,True,200.0,200.0,1.0,0,0.0,0,0.0,0,0.0,0,0.0,0,0.0,0.0,,True,0,0
t0_5a_0p95_l2_long,L2_LONG_PULSE,0.95,L2,0.86,3002.0,True,225.0,225.0,1.0,0,0.0,0,0.0,0,0.0,0,0.0,0,0.0,0.0,,True,0,0
t0_5a_0p95_l2_long,L2_LONG_PULSE,0.95,L2,0.86,3002.0,True,250.0,250.0,1.0,0,0.0,0,0.0,0,0.0,0,0.0,0,0.0,0.0,,True,0,0
t0_5a_0p95_l2_long,L2_LONG_PULSE,0.95,L2,0.86,3002.0,True,275.0,275.0,1.0,0,0.0,0,0.0,0,0.0,0,0.0,0,0.0,0.0,,True,0,0
t0_5a_0p95_l2_long,L2_LONG_PULSE,0.95,L2,0.86,3002.0,True,300.0,300.0,1.0,0,0.0,0,0.0,0,0.0,0,0.0,0,0.0,0.0,,True,0,0
t0_5a_0p95_l2_long,L2_LONG_PULSE,0.95,L2,0.86,3002.0,True,325.0,325.0,1.0,0,0.0,0,0.0,0,0.0,0,0.0,0,0.0,0.0,,True,0,0
t0_5a_0p95_l2_long,L2_LONG_PULSE,0.95,L2,0.86,3002.0,True,350.0,350.0,1.0,0,0.0,0,0.0,0,0.0,0,0.0,0,0.0,0.0,,True,0,0
t0_5a_0p95_l2_long,L2_LONG_PULSE,0.95,L2,0.86,3002.0,True,375.0,375.0,1.0,0,0.0,0,0.0,0,0.0,0,0.0,0,0.0,0.0,,True,0,0
t0_5a_0p95_l2_long,L2_LONG_PULSE,0.95,L2,0.86,3002.0,True,400.0,400.0,1.0,0,0.0,0,0.0,0,0.0,0,0.0,0,0.0,0.0,,True,0,0
t0_5a_0p95_l2_long,L2_LONG_PULSE,0.95,L2,0.86,3002.0,True,425.0,425.0,1.0,0,0.0,0,0.0,0,0.0,0,0.0,0,0.0,0.0,,True,0,0
t0_5a_0p95_l2_long,L2_LONG_PULSE,0.95,L2,0.86,3002.0,True,450.0,450.0,1.0,0,0.0,0,0.0,0,0.0,0,0.0,0,0.0,0.0,,True,0,0
t0_5a_0p95_l2_long,L2_LONG_PULSE,0.95,L2,0.86,3002.0,True,475.0,475.0,1.0,0,0.0,0,0.0,0,0.0,0,0.0,0,0.0,0.0,,True,0,0
t0_5a_0p95_l2_long,L2_LONG_PULSE,0.95,L2,0.86,3002.0,True,500.0,500.0,1.0,0,0.0,0,0.0,0,0.0,0,0.0,0,0.0,0.0,,True,0,0
t0_5a_0p95_l2_long,L2_LONG_PULSE,0.95,L2,0.86,3002.0,True,525.0,525.0,1.0,0,0.0,0,0.0,0,0.0,0,0.0,0,0.0,0.0,,True,0,0
t0_5a_0p95_l2_long,L2_LONG_PULSE,0.95,L2,0.86,3002.0,True,550.0,550.0,1.0,0,0.0,0,0.0,0,0.0,0,0.0,0,0.0,0.0,,True,0,0
t0_5a_0p95_l2_long,L2_LONG_PULSE,0.95,L2,0.86,3002.0,True,575.0,575.0,1.0,0,0.0,0,0.0,0,0.0,0,0.0,0,0.0,0.0,,True,0,0
t0_5a_0p95_l2_long,L2_LONG_PULSE,0.95,L2,0.86,3002.0,True,600.0,600.0,1.0,0,0.0,0,0.0,0,0.0,0,0.0,0,0.0,0.0,,True,0,0
t0_5a_0p95_l2_long,L2_LONG_PULSE,0.95,L2,0.86,3002.0,True,625.0,625.0,1.0,0,0.0,0,0.0,0,0.0,0,0.0,0,0.0,0.0,,True,0,0
t0_5a_0p95_l2_long,L2_LONG_PULSE,0.95,L2,0.86,3002.0,True,650.0,650.0,1.0,0,0.0,0,0.0,0,0.0,0,0.0,0,0.0,0.0,,True,0,0
t0_5a_0p95_l2_long,L2_LONG_PULSE,0.95,L2,0.86,3002.0,True,675.0,675.0,1.0,0,0.0,0,0.0,0,0.0,0,0.0,0,0.0,0.0,,True,0,0
t0_5a_0p95_l2_long,L2_LONG_PULSE,0.95,L2,0.86,3002.0,True,700.0,700.0,1.0,0,0.0,0,0.0,0,0.0,0,0.0,0,0.0,0.0,,True,0,0
t0_5a_0p95_l2_long,L2_LONG_PULSE,0.95,L2,0.86,3002.0,True,725.0,725.0,1.0,0,0.0,0,0.0,0,0.0,0,0.0,0,0.0,0.0,,True,0,0
t0_5a_0p95_l2_long,L2_LONG_PULSE,0.95,L2,0.86,3002.0,True,750.0,750.0,1.0,0,0.0,0,0.0,0,0.0,0,0.0,0,0.0,0.0,,True,0,0
t0_5a_0p95_l2_long,L2_LONG_PULSE,0.95,L2,0.86,3002.0,True,775.0,775.0,1.0,0,0.0,0,0.0,0,0.0,0,0.0,0,0.0,0.0,,True,0,0
t0_5a_0p95_l2_long,L2_LONG_PULSE,0.95,L2,0.86,3002.0,True,800.0,800.0,1.0,0,0.0,0,0.0,0,0.0,0,0.0,0,0.0,0.0,,True,0,0
t0_5a_0p95_l2_long,L2_LONG_PULSE,0.95,L2,0.86,3002.0,True,825.0,825.0,1.0,0,0.0,0,0.0,0,0.0,0,0.0,0,0.0,0.0,,True,0,0
t0_5a_0p95_l2_long,L2_LONG_PULSE,0.95,L2,0.86,3002.0,True,850.0,850.0,1.0,0,0.0,0,0.0,0,0.0,0,0.0,0,0.0,0.0,,True,0,0
t0_5a_0p95_l2_long,L2_LONG_PULSE,0.95,L2,0.86,3002.0,True,875.0,875.0,1.0,0,0.0,0,0.0,0,0.0,0,0.0,0,0.0,0.0,,True,0,0
t0_5a_0p95_l2_long,L2_LONG_PULSE,0.95,L2,0.86,3002.0,True,900.0,900.0,1.0,0,0.0,0,0.0,0,0.0,0,0.0,0,0.0,0.0,,True,0,0
t0_5a_0p95_l2_long,L2_LONG_PULSE,0.95,L2,0.86,3002.0,True,925.0,925.0,1.0,0,0.0,0,0.0,0,0.0,0,0.0,0,0.0,0.0,,True,0,0
t0_5a_0p95_l2_long,L2_LONG_PULSE,0.95,L2,0.86,3002.0,True,950.0,950.0,1.0,0,0.0,0,0.0,0,0.0,0,0.0,0,0.0,0.0,,True,0,0
t0_5a_0p95_l2_long,L2_LONG_PULSE,0.95,L2,0.86,3002.0,True,975.0,975.0,1.0,0,0.0,0,0.0,0,0.0,0,0.0,0,0.0,0.0,,True,0,0
t0_5a_0p95_l2_long,L2_LONG_PULSE,0.95,L2,0.86,3002.0,True,1000.0,1000.0,1.0,0,0.0,0,0.0,0,0.0,0,0.0,0,0.0,0.0,,True,0,0
t0_5a_0p95_l2_long,L2_LONG_PULSE,0.95,L2,0.86,3002.0,True,1025.0,1025.0,1.0,0,0.0,0,0.0,0,0.0,0,0.0,0,0.0,0.0,,True,0,0
t0_5a_0p95_l2_long,L2_LONG_PULSE,0.95,L2,0.86,3002.0,True,1050.0,1050.0,1.0,0,0.0,0,0.0,0,0.0,0,0.0,0,0.0,0.0,,True,0,0
t0_5a_0p95_l2_long,L2_LONG_PULSE,0.95,L2,0.86,3002.0,True,1075.0,1075.0,1.0,0,0.0,0,0.0,0,0.0,0,0.0,0,0.0,0.0,,True,0,0
t0_5a_0p95_l2_long,L2_LONG_PULSE,0.95,L2,0.86,3002.0,True,1100.0,1100.0,1.0,0,0.0,0,0.0,0,0.0,0,0.0,0,0.0,0.0,,True,0,0
t0_5a_0p95_l2_long,L2_LONG_PULSE,0.95,L2,0.86,3002.0,True,1125.0,1125.0,1.0,0,0.0,0,0.0,0,0.0,0,0.0,0,0.0,0.0,,True,0,0
t0_5a_0p95_l2_long,L2_LONG_PULSE,0.95,L2,0.86,3002.0,True,1150.0,1150.0,1.0,0,0.0,0,0.0,0,0.0,0,0.0,0,0.0,0.0,,True,0,0
t0_5a_0p95_l2_long,L2_LONG_PULSE,0.95,L2,0.86,3002.0,True,1175.0,1175.0,1.0,0,0.0,0,0.0,0,0.0,0,0.0,0,0.0,0.0,,True,0,0
t0_5a_0p95_l2_long,L2_LONG_PULSE,0.95,L2,0.86,3002.0,True,1200.0,1200.0,1.0,0,0.0,0,0.0,0,0.0,0,0.0,0,0.0,0.0,,True,0,0
t0_5a_0p95_l2_long,L2_LONG_PULSE,0.95,L2,0.86,3002.0,True,1225.0,1225.0,1.0,0,0.0,0,0.0,0,0.0,0,0.0,0,0.0,0.0,,True,0,0
t0_5a_0p95_l2_long,L2_LONG_PULSE,0.95,L2,0.86,3002.0,True,1250.0,1250.0,1.0,0,0.0,0,0.0,0,0.0,0,0.0,0,0.0,0.0,,True,0,0
t0_5a_0p95_l2_long,L2_LONG_PULSE,0.95,L2,0.86,3002.0,True,1275.0,1275.0,1.0,0,0.0,0,0.0,0,0.0,0,0.0,0,0.0,0.0,,True,0,0
t0_5a_0p95_l2_long,L2_LONG_PULSE,0.95,L2,0.86,3002.0,True,1300.0,1300.0,1.0,0,0.0,0,0.0,0,0.0,0,0.0,0,0.0,0.0,,True,0,0
t0_5a_0p95_l2_long,L2_LONG_PULSE,0.95,L2,0.86,3002.0,True,1325.0,1325.0,1.0,0,0.0,0,0.0,0,0.0,0,0.0,0,0.0,0.0,,True,0,0
t0_5a_0p95_l2_long,L2_LONG_PULSE,0.95,L2,0.86,3002.0,True,1350.0,1350.0,1.0,0,0.0,0,0.0,0,0.0,0,0.0,0,0.0,0.0,,True,0,0
t0_5a_0p95_l2_long,L2_LONG_PULSE,0.95,L2,0.86,3002.0,True,1375.0,1375.0,1.0,0,0.0,0,0.0,0,0.0,0,0.0,0,0.0,0.0,,True,0,0
t0_5a_0p95_l2_long,L2_LONG_PULSE,0.95,L2,0.86,3002.0,True,1400.0,1400.0,1.0,0,0.0,0,0.0,0,0.0,0,0.0,0,0.0,0.0,,True,0,0
t0_5a_0p95_l2_long,L2_LONG_PULSE,0.95,L2,0.86,3002.0,True,1425.0,1425.0,1.0,0,0.0,0,0.0,0,0.0,0,0.0,0,0.0,0.0,,True,0,0
t0_5a_0p95_l2_long,L2_LONG_PULSE,0.95,L2,0.86,3002.0,True,1450.0,1450.0,1.0,0,0.0,0,0.0,0,0.0,0,0.0,0,0.0,0.0,,True,0,0
t0_5a_0p95_l2_long,L2_LONG_PULSE,0.95,L2,0.86,3002.0,True,1475.0,1475.0,1.0,0,0.0,0,0.0,0,0.0,0,0.0,0,0.0,0.0,,True,0,0
t0_5a_0p95_l2_long,L2_LONG_PULSE,0.95,L2,0.86,3002.0,True,1500.0,1500.0,1.0,0,0.0,0,0.0,0,0.0,0,0.0,0,0.0,0.0,,True,0,0
t0_5a_0p95_l2_long,L2_LONG_PULSE,0.95,L2,0.86,3002.0,True,1525.0,1525.0,1.0,0,0.0,0,0.0,0,0.0,0,0.0,0,0.0,0.0,,True,0,0
t0_5a_0p95_l2_long,L2_LONG_PULSE,0.95,L2,0.86,3002.0,True,1550.0,1550.0,1.0,0,0.0,0,0.0,0,0.0,0,0.0,0,0.0,0.0,,True,0,0
t0_5a_0p95_l2_long,L2_LONG_PULSE,0.95,L2,0.86,3002.0,True,1575.0,1575.0,1.0,0,0.0,0,0.0,0,0.0,0,0.0,0,0.0,0.0,,True,0,0
t0_5a_0p95_l2_long,L2_LONG_PULSE,0.95,L2,0.86,3002.0,True,1600.0,1600.0,1.0,0,0.0,0,0.0,0,0.0,0,0.0,0,0.0,0.0,,True,0,0
t0_5a_0p95_l2_long,L2_LONG_PULSE,0.95,L2,0.86,3002.0,True,1625.0,1625.0,1.0,0,0.0,0,0.0,0,0.0,0,0.0,0,0.0,0.0,,True,0,0
t0_5a_0p95_l2_long,L2_LONG_PULSE,0.95,L2,0.86,3002.0,True,1650.0,1650.0,1.0,0,0.0,0,0.0,0,0.0,0,0.0,0,0.0,0.0,,True,0,0
t0_5a_0p95_l2_long,L2_LONG_PULSE,0.95,L2,0.86,3002.0,True,1675.0,1675.0,1.0,0,0.0,0,0.0,0,0.0,0,0.0,0,0.0,0.0,,True,0,0
t0_5a_0p95_l2_long,L2_LONG_PULSE,0.95,L2,0.86,3002.0,True,1700.0,1700.0,1.0,0,0.0,0,0.0,0,0.0,0,0.0,0,0.0,0.0,,True,0,0
t0_5a_0p95_l2_long,L2_LONG_PULSE,0.95,L2,0.86,3002.0,True,1725.0,1725.0,1.0,0,0.0,0,0.0,0,0.0,0,0.0,0,0.0,0.0,,True,0,0
t0_5a_0p95_l2_long,L2_LONG_PULSE,0.95,L2,0.86,3002.0,True,1750.0,1750.0,1.0,0,0.0,0,0.0,0,0.0,0,0.0,0,0.0,0.0,,True,0,0
t0_5a_0p95_l2_long,L2_LONG_PULSE,0.95,L2,0.86,3002.0,True,1775.0,1775.0,1.0,0,0.0,0,0.0,0,0.0,0,0.0,0,0.0,0.0,,True,0,0
t0_5a_0p95_l2_long,L2_LONG_PULSE,0.95,L2,0.86,3002.0,True,1800.0,1800.0,1.0,0,0.0,0,0.0,0,0.0,0,0.0,0,0.0,0.0,,True,0,0
t0_5a_0p95_l2_long,L2_LONG_PULSE,0.95,L2,0.86,3002.0,True,1825.0,1825.0,1.0,0,0.0,0,0.0,0,0.0,0,0.0,0,0.0,0.0,,True,0,0
t0_5a_0p95_l2_long,L2_LONG_PULSE,0.95,L2,0.86,3002.0,True,1850.0,1850.0,1.0,0,0.0,0,0.0,0,0.0,0,0.0,0,0.0,0.0,,True,0,0
t0_5a_0p95_l2_long,L2_LONG_PULSE,0.95,L2,0.86,3002.0,True,1875.0,1875.0,1.0,0,0.0,0,0.0,0,0.0,0,0.0,0,0.0,0.0,,True,0,0
t0_5a_0p95_l2_long,L2_LONG_PULSE,0.95,L2,0.86,3002.0,True,1900.0,1900.0,1.0,0,0.0,0,0.0,0,0.0,0,0.0,0,0.0,0.0,,True,0,0
t0_5a_0p95_l2_long,L2_LONG_PULSE,0.95,L2,0.86,3002.0,True,1925.0,1925.0,1.0,0,0.0,0,0.0,0,0.0,0,0.0,0,0.0,0.0,,True,0,0
t0_5a_0p95_l2_long,L2_LONG_PULSE,0.95,L2,0.86,3002.0,True,1950.0,1950.0,1.0,0,0.0,0,0.0,0,0.0,0,0.0,0,0.0,0.0,,True,0,0
t0_5a_0p95_l2_long,L2_LONG_PULSE,0.95,L2,0.86,3002.0,True,1975.0,1975.0,1.0,0,0.0,0,0.0,0,0.0,0,0.0,0,0.0,0.0,,True,0,0
t0_5a_0p95_l2_long,L2_LONG_PULSE,0.95,L2,0.86,3002.0,True,2000.0,2000.0,1.0,0,0.0,0,0.0,0,0.0,0,0.0,0,0.0,0.0,,True,0,0
t0_5a_0p95_l2_long,L2_LONG_PULSE,0.95,L2,0.86,3002.0,True,2025.0,2025.0,1.0,0,0.0,0,0.0,0,0.0,0,0.0,0,0.0,0.0,,True,0,0
t0_5a_0p95_l2_long,L2_LONG_PULSE,0.95,L2,0.86,3002.0,True,2050.0,2050.0,1.0,0,0.0,0,0.0,0,0.0,0,0.0,0,0.0,0.0,,True,0,0
t0_5a_0p95_l2_long,L2_LONG_PULSE,0.95,L2,0.86,3002.0,True,2075.0,2075.0,1.0,0,0.0,0,0.0,0,0.0,0,0.0,0,0.0,0.0,,True,0,0
t0_5a_0p95_l2_long,L2_LONG_PULSE,0.95,L2,0.86,3002.0,True,2100.0,2075.0,0.9880952380952381,0,0.0,0,0.0,0,0.0,25.0,0.011904761904761904,25.0,0.011904761904761904,25.0,75.0,False,0,0
t0_5a_0p95_l2_long,L2_LONG_PULSE,0.95,L2,0.86,3002.0,True,2125.0,2075.0,0.9764705882352941,0,0.0,0,0.0,0,0.0,50.0,0.023529411764705882,50.0,0.023529411764705882,50.0,75.0,False,0,0
t0_5a_0p95_l2_long,L2_LONG_PULSE,0.95,L2,0.86,3002.0,True,2150.0,2075.0,0.9651162790697675,25.0,0.011627906976744186,0,0.0,0,0.0,50.0,0.023255813953488372,75.0,0.03488372093023256,75.0,75.0,False,0,0
t0_5a_0p95_l2_long,L2_LONG_PULSE,0.95,L2,0.86,3002.0,True,2175.0,2075.0,0.9540229885057471,50.0,0.022988505747126436,0,0.0,0,0.0,50.0,0.022988505747126436,100.0,0.04597701149425287,100.0,75.0,False,0,0
t0_5a_0p95_l2_long,L2_LONG_PULSE,0.95,L2,0.86,3002.0,True,2200.0,2075.0,0.9431818181818182,75.0,0.03409090909090909,0,0.0,0,0.0,50.0,0.022727272727272728,125.0,0.056818181818181816,125.0,75.0,False,0,0
t0_5a_0p95_l2_long,L2_LONG_PULSE,0.95,L2,0.86,3002.0,True,2225.0,2075.0,0.9325842696629213,100.0,0.0449438202247191,0,0.0,0,0.0,50.0,0.02247191011235955,150.0,0.06741573033707865,150.0,75.0,False,0,0
t0_5a_0p95_l2_long,L2_LONG_PULSE,0.95,L2,0.86,3002.0,True,2250.0,2075.0,0.9222222222222223,125.0,0.05555555555555555,0,0.0,0,0.0,50.0,0.022222222222222223,175.0,0.07777777777777778,175.0,75.0,False,0,0
t0_5a_0p95_l2_long,L2_LONG_PULSE,0.95,L2,0.86,3002.0,True,2275.0,2075.0,0.9120879120879121,150.0,0.06593406593406594,0,0.0,0,0.0,50.0,0.02197802197802198,200.0,0.08791208791208792,200.0,75.0,False,0,0
t0_5a_0p95_l2_long,L2_LONG_PULSE,0.95,L2,0.86,3002.0,True,2300.0,2075.0,0.9021739130434783,175.0,0.07608695652173914,0,0.0,0,0.0,50.0,0.021739130434782608,225.0,0.09782608695652174,225.0,75.0,False,0,0
t0_5a_0p95_l2_long,L2_LONG_PULSE,0.95,L2,0.86,3002.0,True,2325.0,2075.0,0.8924731182795699,200.0,0.08602150537634409,0,0.0,0,0.0,50.0,0.021505376344086023,250.0,0.10752688172043011,250.0,75.0,False,0,0
t0_5a_0p95_l2_long,L2_LONG_PULSE,0.95,L2,0.86,3002.0,True,2350.0,2075.0,0.8829787234042553,225.0,0.09574468085106383,0,0.0,0,0.0,50.0,0.02127659574468085,275.0,0.11702127659574468,275.0,75.0,False,0,0
t0_5a_0p95_l2_long,L2_LONG_PULSE,0.95,L2,0.86,3002.0,True,2375.0,2075.0,0.8736842105263158,250.0,0.10526315789473684,0,0.0,0,0.0,50.0,0.021052631578947368,300.0,0.12631578947368421,300.0,75.0,False,0,0
t0_5a_0p95_l2_long,L2_LONG_PULSE,0.95,L2,0.86,3002.0,True,2400.0,2075.0,0.8645833333333334,275.0,0.11458333333333333,0,0.0,0,0.0,50.0,0.020833333333333332,325.0,0.13541666666666666,325.0,75.0,False,0,0
t0_5a_0p95_l2_long,L2_LONG_PULSE,0.95,L2,0.86,3002.0,True,2425.0,2075.0,0.8556701030927835,300.0,0.12371134020618557,0,0.0,0,0.0,50.0,0.020618556701030927,350.0,0.14432989690721648,350.0,75.0,False,0,0
t0_5a_0p95_l2_long,L2_LONG_PULSE,0.95,L2,0.86,3002.0,True,2450.0,2075.0,0.8469387755102041,325.0,0.1326530612244898,0,0.0,0,0.0,50.0,0.02040816326530612,375.0,0.15306122448979592,375.0,75.0,False,0,0
t0_5a_0p95_l2_long,L2_LONG_PULSE,0.95,L2,0.86,3002.0,True,2475.0,2075.0,0.8383838383838383,350.0,0.1414141414141414,0,0.0,0,0.0,50.0,0.020202020202020204,400.0,0.16161616161616163,400.0,75.0,False,0,0
t0_5a_0p95_l2_long,L2_LONG_PULSE,0.95,L2,0.86,3002.0,True,2500.0,2075.0,0.83,375.0,0.15,0,0.0,0,0.0,50.0,0.02,425.0,0.17,425.0,75.0,False,0,0
t0_5a_0p95_l2_long,L2_LONG_PULSE,0.95,L2,0.86,3002.0,True,2525.0,2075.0,0.8217821782178217,400.0,0.15841584158415842,0,0.0,0,0.0,50.0,0.019801980198019802,450.0,0.1782178217821782,450.0,75.0,False,0,0
t0_5a_0p95_l2_long,L2_LONG_PULSE,0.95,L2,0.86,3002.0,True,2550.0,2075.0,0.8137254901960784,425.0,0.16666666666666666,0,0.0,0,0.0,50.0,0.0196078431372549,475.0,0.18627450980392157,475.0,75.0,False,0,0
t0_5a_0p95_l2_long,L2_LONG_PULSE,0.95,L2,0.86,3002.0,True,2575.0,2075.0,0.8058252427184466,450.0,0.17475728155339806,0,0.0,0,0.0,50.0,0.019417475728155338,500.0,0.1941747572815534,500.0,75.0,False,0,0
t0_5a_0p95_l2_long,L2_LONG_PULSE,0.95,L2,0.86,3002.0,True,2600.0,2075.0,0.7980769230769231,475.0,0.18269230769230768,0,0.0,0,0.0,50.0,0.019230769230769232,525.0,0.20192307692307693,525.0,75.0,False,0,0
t0_5a_0p95_l2_long,L2_LONG_PULSE,0.95,L2,0.86,3002.0,True,2625.0,2075.0,0.7904761904761904,500.0,0.19047619047619047,0,0.0,0,0.0,50.0,0.01904761904761905,550.0,0.20952380952380953,550.0,75.0,False,0,0
t0_5a_0p95_l2_long,L2_LONG_PULSE,0.95,L2,0.86,3002.0,True,2650.0,2075.0,0.7830188679245284,525.0,0.19811320754716982,0,0.0,0,0.0,50.0,0.018867924528301886,575.0,0.2169811320754717,575.0,75.0,False,0,0
t0_5a_0p95_l2_long,L2_LONG_PULSE,0.95,L2,0.86,3002.0,True,2675.0,2075.0,0.7757009345794392,550.0,0.205607476635514,0,0.0,0,0.0,50.0,0.018691588785046728,600.0,0.22429906542056074,600.0,75.0,False,0,0
t0_5a_0p95_l2_long,L2_LONG_PULSE,0.95,L2,0.86,3002.0,True,2700.0,2075.0,0.7685185185185185,575.0,0.21296296296296297,0,0.0,0,0.0,50.0,0.018518518518518517,625.0,0.23148148148148148,625.0,75.0,False,0,0
t0_5a_0p95_l2_long,L2_LONG_PULSE,0.95,L2,0.86,3002.0,True,2725.0,2075.0,0.7614678899082569,600.0,0.22018348623853212,0,0.0,0,0.0,50.0,0.01834862385321101,650.0,0.23853211009174313,650.0,75.0,False,0,0
t0_5a_0p95_l2_long,L2_LONG_PULSE,0.95,L2,0.86,3002.0,True,2750.0,2075.0,0.7545454545454545,625.0,0.22727272727272727,0,0.0,0,0.0,50.0,0.01818181818181818,675.0,0.24545454545454545,675.0,75.0,False,0,0
t0_5a_0p95_l2_long,L2_LONG_PULSE,0.95,L2,0.86,3002.0,True,2775.0,2075.0,0.7477477477477478,650.0,0.23423423423423423,0,0.0,0,0.0,50.0,0.018018018018018018,700.0,0.25225225225225223,700.0,75.0,False,0,0
t0_5a_0p95_l2_long,L2_LONG_PULSE,0.95,L2,0.86,3002.0,True,2800.0,2075.0,0.7410714285714286,675.0,0.24107142857142858,0,0.0,0,0.0,50.0,0.017857142857142856,725.0,0.25892857142857145,725.0,75.0,False,0,0
t0_5a_0p95_l2_long,L2_LONG_PULSE,0.95,L2,0.86,3002.0,True,2825.0,2075.0,0.7345132743362832,700.0,0.24778761061946902,0,0.0,0,0.0,50.0,0.017699115044247787,750.0,0.26548672566371684,750.0,75.0,False,0,0
t0_5a_0p95_l2_long,L2_LONG_PULSE,0.95,L2,0.86,3002.0,True,2850.0,2075.0,0.7280701754385965,725.0,0.2543859649122807,0,0.0,0,0.0,50.0,0.017543859649122806,775.0,0.2719298245614035,775.0,75.0,False,0,0
t0_5a_0p95_l2_long,L2_LONG_PULSE,0.95,L2,0.86,3002.0,True,2875.0,2075.0,0.7217391304347827,750.0,0.2608695652173913,0,0.0,0,0.0,50.0,0.017391304347826087,800.0,0.2782608695652174,800.0,75.0,False,0,0
t0_5a_0p95_l2_long,L2_LONG_PULSE,0.95,L2,0.86,3002.0,True,2900.0,2075.0,0.7155172413793104,775.0,0.2672413793103448,0,0.0,0,0.0,50.0,0.017241379310344827,825.0,0.28448275862068967,825.0,75.0,False,0,0
t0_5a_0p95_l2_long,L2_LONG_PULSE,0.95,L2,0.86,3002.0,True,2925.0,2075.0,0.7094017094017094,800.0,0.27350427350427353,0,0.0,0,0.0,50.0,0.017094017094017096,850.0,0.2905982905982906,850.0,75.0,False,0,0
t0_5a_0p95_l2_long,L2_LONG_PULSE,0.95,L2,0.86,3002.0,True,2950.0,2075.0,0.7033898305084746,825.0,0.2796610169491525,0,0.0,0,0.0,50.0,0.01694915254237288,875.0,0.2966101694915254,875.0,75.0,False,0,0
t0_5a_0p95_l2_long,L2_LONG_PULSE,0.95,L2,0.86,3002.0,True,2975.0,2075.0,0.6974789915966386,850.0,0.2857142857142857,0,0.0,0,0.0,50.0,0.01680672268907563,900.0,0.3025210084033613,900.0,75.0,False,0,0
t0_5a_0p95_l2_long,L2_LONG_PULSE,0.95,L2,0.86,3002.0,True,3000.0,2075.0,0.6916666666666667,875.0,0.2916666666666667,0,0.0,0,0.0,50.0,0.016666666666666666,925.0,0.30833333333333335,925.0,75.0,False,0,0
t0_5a_0p95_l2_long,L2_LONG_PULSE,0.95,L2,0.86,3002.0,True,3025.0,2075.0,0.6859504132231405,900.0,0.2975206611570248,0,0.0,0,0.0,50.0,0.01652892561983471,950.0,0.3140495867768595,950.0,75.0,False,0,0
t0_5a_0p95_l2_long,L2_LONG_PULSE,0.95,L2,0.86,3002.0,True,3050.0,2075.0,0.680327868852459,925.0,0.30327868852459017,0,0.0,0,0.0,50.0,0.01639344262295082,975.0,0.319672131147541,975.0,75.0,False,0,0
t0_5a_0p95_l2_long,L2_LONG_PULSE,0.95,L2,0.86,3002.0,True,3075.0,2075.0,0.6747967479674797,950.0,0.3089430894308943,0,0.0,0,0.0,50.0,0.016260162601626018,1000.0,0.3252032520325203,1000.0,75.0,False,0,0
t0_5a_0p95_l2_long,L2_LONG_PULSE,0.95,L2,0.86,3002.0,True,3100.0,2075.0,0.6693548387096774,975.0,0.31451612903225806,0,0.0,0,0.0,50.0,0.016129032258064516,1025.0,0.33064516129032256,1025.0,75.0,False,0,0
t0_5a_0p95_l2_long,L2_LONG_PULSE,0.95,L2,0.86,3002.0,True,3125.0,2075.0,0.664,1000.0,0.32,0,0.0,0,0.0,50.0,0.016,1050.0,0.336,1050.0,75.0,False,0,0
t0_5a_0p95_l2_long,L2_LONG_PULSE,0.95,L2,0.86,3002.0,True,3150.0,2075.0,0.6587301587301587,1025.0,0.3253968253968254,0,0.0,0,0.0,50.0,0.015873015873015872,1075.0,0.3412698412698413,1075.0,75.0,False,0,0
t0_5a_0p95_l2_long,L2_LONG_PULSE,0.95,L2,0.86,3002.0,True,3175.0,2075.0,0.6535433070866141,1050.0,0.33070866141732286,0,0.0,0,0.0,50.0,0.015748031496062992,1100.0,0.3464566929133858,1100.0,75.0,False,0,0
t0_5a_0p95_l2_long,L2_LONG_PULSE,0.95,L2,0.86,3002.0,True,3200.0,2075.0,0.6484375,1075.0,0.3359375,0,0.0,0,0.0,50.0,0.015625,1125.0,0.3515625,1125.0,75.0,False,0,0
t0_5a_0p95_l2_long,L2_LONG_PULSE,0.95,L2,0.86,3002.0,True,3225.0,2075.0,0.6434108527131783,1100.0,0.34108527131782945,0,0.0,0,0.0,50.0,0.015503875968992248,1150.0,0.35658914728682173,1150.0,75.0,False,0,0
t0_5a_0p95_l2_long,L2_LONG_PULSE,0.95,L2,0.86,3002.0,True,3250.0,2075.0,0.6384615384615384,1125.0,0.34615384615384615,0,0.0,0,0.0,50.0,0.015384615384615385,1175.0,0.36153846153846153,1175.0,75.0,False,0,0
t0_5a_0p95_l2_long,L2_LONG_PULSE,0.95,L2,0.86,3002.0,True,3275.0,2075.0,0.6335877862595419,1150.0,0.3511450381679389,0,0.0,0,0.0,50.0,0.015267175572519083,1200.0,0.366412213740458,1200.0,75.0,False,0,0
t0_5a_0p95_l2_long,L2_LONG_PULSE,0.95,L2,0.86,3002.0,True,3300.0,2075.0,0.6287878787878788,1175.0,0.3560606060606061,0,0.0,0,0.0,50.0,0.015151515151515152,1225.0,0.3712121212121212,1225.0,75.0,False,0,0
t0_5a_0p95_l2_long,L2_LONG_PULSE,0.95,L2,0.86,3002.0,True,3325.0,2075.0,0.6240601503759399,1200.0,0.3609022556390977,0,0.0,0,0.0,50.0,0.015037593984962405,1250.0,0.37593984962406013,1250.0,75.0,False,0,0
t0_5a_0p95_l2_long,L2_LONG_PULSE,0.95,L2,0.86,3002.0,True,3350.0,2075.0,0.6194029850746269,1225.0,0.3656716417910448,0,0.0,0,0.0,50.0,0.014925373134328358,1275.0,0.3805970149253731,1275.0,75.0,False,0,0
t0_5a_0p95_l2_long,L2_LONG_PULSE,0.95,L2,0.86,3002.0,True,3375.0,2075.0,0.6148148148148148,1250.0,0.37037037037037035,0,0.0,0,0.0,50.0,0.014814814814814815,1300.0,0.3851851851851852,1300.0,75.0,False,0,0
t0_5a_0p95_l2_long,L2_LONG_PULSE,0.95,L2,0.86,3002.0,True,3400.0,2075.0,0.6102941176470589,1275.0,0.375,0,0.0,0,0.0,50.0,0.014705882352941176,1325.0,0.3897058823529412,1325.0,75.0,False,0,0
t0_5a_0p95_l2_long,L2_LONG_PULSE,0.95,L2,0.86,3002.0,True,3425.0,2075.0,0.6058394160583942,1300.0,0.3795620437956204,0,0.0,0,0.0,50.0,0.014598540145985401,1350.0,0.39416058394160586,1350.0,75.0,False,0,0
t0_5a_0p95_l2_long,L2_LONG_PULSE,0.95,L2,0.86,3002.0,True,3450.0,2075.0,0.6014492753623188,1325.0,0.38405797101449274,0,0.0,0,0.0,50.0,0.014492753623188406,1375.0,0.39855072463768115,1375.0,75.0,False,0,0
t0_5a_0p95_l2_long,L2_LONG_PULSE,0.95,L2,0.86,3002.0,True,3475.0,2075.0,0.5971223021582733,1350.0,0.38848920863309355,0,0.0,0,0.0,50.0,0.014388489208633094,1400.0,0.4028776978417266,1400.0,75.0,False,0,0
t0_5a_0p95_l2_long,L2_LONG_PULSE,0.95,L2,0.86,3002.0,True,3500.0,2075.0,0.5928571428571429,1375.0,0.39285714285714285,0,0.0,0,0.0,50.0,0.014285714285714285,1425.0,0.40714285714285714,1425.0,75.0,False,0,0
t0_5a_0p95_l2_long,L2_LONG_PULSE,0.95,L2,0.86,3002.0,True,3525.0,2075.0,0.5886524822695035,1400.0,0.3971631205673759,0,0.0,0,0.0,50.0,0.014184397163120567,1450.0,0.41134751773049644,1450.0,75.0,False,0,0
t0_5a_0p95_l2_long,L2_LONG_PULSE,0.95,L2,0.86,3002.0,True,3550.0,2075.0,0.5845070422535211,1425.0,0.4014084507042254,0,0.0,0,0.0,50.0,0.014084507042253521,1475.0,0.4154929577464789,1475.0,75.0,False,0,0
t0_5a_0p95_l2_long,L2_LONG_PULSE,0.95,L2,0.86,3002.0,True,3575.0,2075.0,0.5804195804195804,1450.0,0.40559440559440557,0,0.0,0,0.0,50.0,0.013986013986013986,1500.0,0.4195804195804196,1500.0,75.0,False,0,0
t0_5a_0p95_l2_long,L2_LONG_PULSE,0.95,L2,0.86,3002.0,True,3600.0,2075.0,0.5763888888888888,1475.0,0.4097222222222222,0,0.0,0,0.0,50.0,0.013888888888888888,1525.0,0.4236111111111111,1525.0,75.0,False,0,0
t0_5a_0p95_l2_long,L2_LONG_PULSE,0.95,L2,0.86,3002.0,True,3625.0,2075.0,0.5724137931034483,1500.0,0.41379310344827586,0,0.0,0,0.0,50.0,0.013793103448275862,1550.0,0.42758620689655175,1550.0,75.0,False,0,0
t0_5a_0p95_l2_long,L2_LONG_PULSE,0.95,L2,0.86,3002.0,True,3650.0,2075.0,0.5684931506849316,1525.0,0.4178082191780822,0,0.0,0,0.0,50.0,0.0136986301369863,1575.0,0.4315068493150685,1575.0,75.0,False,0,0
t0_5a_0p95_l2_long,L2_LONG_PULSE,0.95,L2,0.86,3002.0,True,3675.0,2075.0,0.564625850340136,1550.0,0.4217687074829932,0,0.0,0,0.0,50.0,0.013605442176870748,1600.0,0.43537414965986393,1600.0,75.0,False,0,0
t0_5a_0p95_l2_long,L2_LONG_PULSE,0.95,L2,0.86,3002.0,True,3700.0,2075.0,0.5608108108108109,1575.0,0.42567567567567566,0,0.0,0,0.0,50.0,0.013513513513513514,1625.0,0.4391891891891892,1625.0,75.0,False,0,0
t0_5a_0p95_l2_long,L2_LONG_PULSE,0.95,L2,0.86,3002.0,True,3725.0,2075.0,0.5570469798657718,1600.0,0.42953020134228187,0,0.0,0,0.0,50.0,0.013422818791946308,1650.0,0.4429530201342282,1650.0,75.0,False,0,0
t0_5a_0p95_l2_long,L2_LONG_PULSE,0.95,L2,0.86,3002.0,True,3750.0,2075.0,0.5533333333333333,1625.0,0.43333333333333335,0,0.0,0,0.0,50.0,0.013333333333333334,1675.0,0.44666666666666666,1675.0,75.0,False,0,0
t0_5a_0p95_l2_long,L2_LONG_PULSE,0.95,L2,0.86,3002.0,True,3775.0,2075.0,0.5496688741721855,1650.0,0.4370860927152318,0,0.0,0,0.0,50.0,0.013245033112582781,1700.0,0.4503311258278146,1700.0,75.0,False,0,0
t0_5a_0p95_l2_long,L2_LONG_PULSE,0.95,L2,0.86,3002.0,True,3800.0,2075.0,0.5460526315789473,1675.0,0.4407894736842105,0,0.0,0,0.0,50.0,0.013157894736842105,1725.0,0.45394736842105265,1725.0,75.0,False,0,0
t0_5a_0p95_l2_long,L2_LONG_PULSE,0.95,L2,0.86,3002.0,True,3825.0,2075.0,0.5424836601307189,1700.0,0.4444444444444444,0,0.0,0,0.0,50.0,0.013071895424836602,1750.0,0.45751633986928103,1750.0,75.0,False,0,0
t0_5a_0p95_l2_long,L2_LONG_PULSE,0.95,L2,0.86,3002.0,True,3850.0,2075.0,0.538961038961039,1725.0,0.44805194805194803,0,0.0,0,0.0,50.0,0.012987012987012988,1775.0,0.461038961038961,1775.0,75.0,False,0,0
t0_5a_0p95_l2_long,L2_LONG_PULSE,0.95,L2,0.86,3002.0,True,3875.0,2075.0,0.535483870967742,1750.0,0.45161290322580644,0,0.0,0,0.0,50.0,0.012903225806451613,1800.0,0.4645161290322581,1800.0,75.0,False,0,0
t0_5a_0p95_l2_long,L2_LONG_PULSE,0.95,L2,0.86,3002.0,True,3900.0,2075.0,0.532051282051282,1775.0,0.4551282051282051,0,0.0,0,0.0,50.0,0.01282051282051282,1825.0,0.46794871794871795,1825.0,75.0,False,0,0
t0_5a_0p95_l2_long,L2_LONG_PULSE,0.95,L2,0.86,3002.0,True,3925.0,2075.0,0.5286624203821656,1800.0,0.4585987261146497,0,0.0,0,0.0,50.0,0.012738853503184714,1850.0,0.4713375796178344,1850.0,75.0,False,0,0
t0_5a_0p95_l2_long,L2_LONG_PULSE,0.95,L2,0.86,3002.0,True,3950.0,2075.0,0.5253164556962026,1825.0,0.4620253164556962,0,0.0,0,0.0,50.0,0.012658227848101266,1875.0,0.47468354430379744,1875.0,75.0,False,0,0
t0_5a_0p95_l2_long,L2_LONG_PULSE,0.95,L2,0.86,3002.0,True,3975.0,2075.0,0.5220125786163522,1850.0,0.46540880503144655,0,0.0,0,0.0,50.0,0.012578616352201259,1900.0,0.4779874213836478,1900.0,75.0,False,0,0
t0_5a_0p95_l2_long,L2_LONG_PULSE,0.95,L2,0.86,3002.0,True,4000.0,2075.0,0.51875,1875.0,0.46875,0,0.0,0,0.0,50.0,0.0125,1925.0,0.48125,1925.0,75.0,False,0,0
t0_5a_0p95_l2_long,L2_LONG_PULSE,0.95,L2,0.86,3002.0,True,4025.0,2075.0,0.515527950310559,1900.0,0.4720496894409938,0,0.0,0,0.0,50.0,0.012422360248447204,1950.0,0.484472049689441,1950.0,75.0,False,0,0
t0_5a_0p95_l2_long,L2_LONG_PULSE,0.95,L2,0.86,3002.0,True,4050.0,2075.0,0.5123456790123457,1925.0,0.47530864197530864,0,0.0,0,0.0,50.0,0.012345679012345678,1975.0,0.4876543209876543,1975.0,75.0,False,0,0
t0_5a_0p95_l2_long,L2_LONG_PULSE,0.95,L2,0.86,3002.0,True,4075.0,2075.0,0.50920245398773,1950.0,0.4785276073619632,0,0.0,0,0.0,50.0,0.012269938650306749,2000.0,0.49079754601226994,2000.0,75.0,False,0,0
t0_5a_0p95_l2_long,L2_LONG_PULSE,0.95,L2,0.86,3002.0,True,4100.0,2075.0,0.5060975609756098,1975.0,0.4817073170731707,0,0.0,0,0.0,50.0,0.012195121951219513,2025.0,0.49390243902439024,2025.0,75.0,False,0,0
t0_5a_0p95_l2_long,L2_LONG_PULSE,0.95,L2,0.86,3002.0,True,4125.0,2075.0,0.503030303030303,2000.0,0.48484848484848486,0,0.0,0,0.0,50.0,0.012121212121212121,2050.0,0.49696969696969695,2050.0,75.0,False,0,0
t0_5a_0p95_l2_long,L2_LONG_PULSE,0.95,L2,0.86,3002.0,True,4150.0,2075.0,0.5,2025.0,0.4879518072289157,0,0.0,0,0.0,50.0,0.012048192771084338,2075.0,0.5,2075.0,75.0,False,0,0
t0_5a_0p95_l2_long,L2_LONG_PULSE,0.95,L2,0.86,3002.0,True,4175.0,2075.0,0.49700598802395207,2050.0,0.49101796407185627,0,0.0,0,0.0,50.0,0.011976047904191617,2100.0,0.5029940119760479,2100.0,75.0,False,0,0
t0_5a_0p95_l2_long,L2_LONG_PULSE,0.95,L2,0.86,3002.0,True,4200.0,2075.0,0.49404761904761907,2075.0,0.49404761904761907,0,0.0,0,0.0,50.0,0.011904761904761904,2125.0,0.5059523809523809,2125.0,75.0,False,0,0
t0_5a_0p95_l2_long,L2_LONG_PULSE,0.95,L2,0.86,3002.0,True,4225.0,2075.0,0.4911242603550296,2100.0,0.4970414201183432,0,0.0,0,0.0,50.0,0.011834319526627219,2150.0,0.5088757396449705,2150.0,75.0,False,0,0
t0_5a_0p95_l2_long,L2_LONG_PULSE,0.95,L2,0.86,3002.0,True,4250.0,2075.0,0.48823529411764705,2125.0,0.5,0,0.0,0,0.0,50.0,0.011764705882352941,2175.0,0.5117647058823529,2175.0,75.0,False,0,0
t0_5a_0p95_l2_long,L2_LONG_PULSE,0.95,L2,0.86,3002.0,True,4275.0,2075.0,0.4853801169590643,2150.0,0.5029239766081871,0,0.0,0,0.0,50.0,0.011695906432748537,2200.0,0.5146198830409356,2200.0,75.0,False,0,0
t0_5a_0p95_l2_long,L2_LONG_PULSE,0.95,L2,0.86,3002.0,True,4300.0,2075.0,0.48255813953488375,2175.0,0.5058139534883721,0,0.0,0,0.0,50.0,0.011627906976744186,2225.0,0.5174418604651163,2225.0,75.0,False,0,0
t0_5a_0p95_l2_long,L2_LONG_PULSE,0.95,L2,0.86,3002.0,True,4325.0,2075.0,0.4797687861271676,2200.0,0.5086705202312138,0,0.0,0,0.0,50.0,0.011560693641618497,2250.0,0.5202312138728323,2250.0,75.0,False,0,0
t0_5a_0p95_l2_long,L2_LONG_PULSE,0.95,L2,0.86,3002.0,True,4350.0,2075.0,0.47701149425287354,2225.0,0.5114942528735632,0,0.0,0,0.0,50.0,0.011494252873563218,2275.0,0.5229885057471264,2275.0,75.0,False,0,0
t0_5a_0p95_l2_long,L2_LONG_PULSE,0.95,L2,0.86,3002.0,True,4375.0,2075.0,0.4742857142857143,2250.0,0.5142857142857142,0,0.0,0,0.0,50.0,0.011428571428571429,2300.0,0.5257142857142857,2300.0,75.0,False,0,0
t0_5a_0p95_l2_long,L2_LONG_PULSE,0.95,L2,0.86,3002.0,True,4400.0,2075.0,0.4715909090909091,2275.0,0.5170454545454546,0,0.0,0,0.0,50.0,0.011363636363636364,2325.0,0.5284090909090909,2325.0,75.0,False,0,0
t0_5a_0p95_l2_long,L2_LONG_PULSE,0.95,L2,0.86,3002.0,True,4425.0,2075.0,0.4689265536723164,2300.0,0.519774011299435,0,0.0,0,0.0,50.0,0.011299435028248588,2350.0,0.5310734463276836,2350.0,75.0,False,0,0
t0_5a_0p95_l2_long,L2_LONG_PULSE,0.95,L2,0.86,3002.0,True,4450.0,2075.0,0.46629213483146065,2325.0,0.5224719101123596,0,0.0,0,0.0,50.0,0.011235955056179775,2375.0,0.5337078651685393,2375.0,75.0,False,0,0
t0_5a_0p95_l2_long,L2_LONG_PULSE,0.95,L2,0.86,3002.0,True,4475.0,2075.0,0.46368715083798884,2350.0,0.5251396648044693,0,0.0,0,0.0,50.0,0.0111731843575419,2400.0,0.5363128491620112,2400.0,75.0,False,0,0
t0_5a_0p95_l2_long,L2_LONG_PULSE,0.95,L2,0.86,3002.0,True,4500.0,2075.0,0.46111111111111114,2375.0,0.5277777777777778,0,0.0,0,0.0,50.0,0.011111111111111112,2425.0,0.5388888888888889,2425.0,75.0,False,0,0
t0_5a_0p95_l2_long,L2_LONG_PULSE,0.95,L2,0.86,3002.0,True,4525.0,2075.0,0.4585635359116022,2400.0,0.5303867403314917,0,0.0,0,0.0,50.0,0.011049723756906077,2450.0,0.5414364640883977,2450.0,75.0,False,0,0
t0_5a_0p95_l2_long,L2_LONG_PULSE,0.95,L2,0.86,3002.0,True,4550.0,2075.0,0.45604395604395603,2425.0,0.532967032967033,0,0.0,0,0.0,50.0,0.01098901098901099,2475.0,0.5439560439560439,2475.0,75.0,False,0,0
t0_5a_0p95_l2_long,L2_LONG_PULSE,0.95,L2,0.86,3002.0,True,4575.0,2075.0,0.453551912568306,2450.0,0.5355191256830601,0,0.0,0,0.0,50.0,0.01092896174863388,2500.0,0.546448087431694,2500.0,75.0,False,0,0
t0_5a_0p95_l2_long,L2_LONG_PULSE,0.95,L2,0.86,3002.0,True,4600.0,2075.0,0.45108695652173914,2475.0,0.5380434782608695,0,0.0,0,0.0,50.0,0.010869565217391304,2525.0,0.5489130434782609,2525.0,75.0,False,0,0
t0_5a_0p95_l2_long,L2_LONG_PULSE,0.95,L2,0.86,3002.0,True,4625.0,2075.0,0.4486486486486487,2500.0,0.5405405405405406,0,0.0,0,0.0,50.0,0.010810810810810811,2550.0,0.5513513513513514,2550.0,75.0,False,0,0
t0_5a_0p95_l2_long,L2_LONG_PULSE,0.95,L2,0.86,3002.0,True,4650.0,2075.0,0.44623655913978494,2525.0,0.543010752688172,0,0.0,0,0.0,50.0,0.010752688172043012,2575.0,0.553763440860215,2575.0,75.0,False,0,0
t0_5a_0p95_l2_long,L2_LONG_PULSE,0.95,L2,0.86,3002.0,True,4675.0,2075.0,0.44385026737967914,2550.0,0.5454545454545454,0,0.0,0,0.0,50.0,0.0106951871657754,2600.0,0.5561497326203209,2600.0,75.0,False,0,0
t0_5a_0p95_l2_long,L2_LONG_PULSE,0.95,L2,0.86,3002.0,True,4700.0,2075.0,0.44148936170212766,2575.0,0.5478723404255319,0,0.0,0,0.0,50.0,0.010638297872340425,2625.0,0.5585106382978723,2625.0,75.0,False,0,0
t0_5a_0p95_l2_long,L2_LONG_PULSE,0.95,L2,0.86,3002.0,True,4725.0,2075.0,0.43915343915343913,2600.0,0.5502645502645502,0,0.0,0,0.0,50.0,0.010582010582010581,2650.0,0.5608465608465608,2650.0,75.0,False,0,0
t0_5a_0p95_l2_long,L2_LONG_PULSE,0.95,L2,0.86,3002.0,True,4750.0,2075.0,0.4368421052631579,2625.0,0.5526315789473685,0,0.0,0,0.0,50.0,0.010526315789473684,2675.0,0.5631578947368421,2675.0,75.0,False,0,0
t0_5a_0p95_l2_long,L2_LONG_PULSE,0.95,L2,0.86,3002.0,True,4775.0,2075.0,0.43455497382198954,2650.0,0.5549738219895288,0,0.0,0,0.0,50.0,0.010471204188481676,2700.0,0.5654450261780105,2700.0,75.0,False,0,0
t0_5a_0p95_l2_long,L2_LONG_PULSE,0.95,L2,0.86,3002.0,True,4800.0,2075.0,0.4322916666666667,2675.0,0.5572916666666666,0,0.0,0,0.0,50.0,0.010416666666666666,2725.0,0.5677083333333334,2725.0,75.0,False,0,0
t0_5a_0p95_l2_long,L2_LONG_PULSE,0.95,L2,0.86,3002.0,True,4825.0,2075.0,0.43005181347150256,2700.0,0.5595854922279793,0,0.0,0,0.0,50.0,0.010362694300518135,2750.0,0.5699481865284974,2750.0,75.0,False,0,0
t0_5a_0p95_l2_long,L2_LONG_PULSE,0.95,L2,0.86,3002.0,True,4850.0,2075.0,0.42783505154639173,2725.0,0.5618556701030928,0,0.0,0,0.0,50.0,0.010309278350515464,2775.0,0.5721649484536082,2775.0,75.0,False,0,0
t0_5a_0p95_l2_long,L2_LONG_PULSE,0.95,L2,0.86,3002.0,True,4875.0,2075.0,0.4256410256410256,2750.0,0.5641025641025641,0,0.0,0,0.0,50.0,0.010256410256410256,2800.0,0.5743589743589743,2800.0,75.0,False,0,0
t0_5a_0p95_l2_long,L2_LONG_PULSE,0.95,L2,0.86,3002.0,True,4900.0,2075.0,0.42346938775510207,2775.0,0.5663265306122449,0,0.0,0,0.0,50.0,0.01020408163265306,2825.0,0.576530612244898,2825.0,75.0,False,0,0
t0_5a_0p95_l2_long,L2_LONG_PULSE,0.95,L2,0.86,3002.0,True,4925.0,2075.0,0.4213197969543147,2800.0,0.5685279187817259,0,0.0,0,0.0,50.0,0.01015228426395939,2850.0,0.5786802030456852,2850.0,75.0,False,0,0
t0_5a_0p95_l2_long,L2_LONG_PULSE,0.95,L2,0.86,3002.0,True,4950.0,2075.0,0.41919191919191917,2825.0,0.5707070707070707,0,0.0,0,0.0,50.0,0.010101010101010102,2875.0,0.5808080808080808,2875.0,75.0,False,0,0
t0_5a_0p95_l2_long,L2_LONG_PULSE,0.95,L2,0.86,3002.0,True,4975.0,2075.0,0.41708542713567837,2850.0,0.5728643216080402,0,0.0,0,0.0,50.0,0.010050251256281407,2900.0,0.5829145728643216,2900.0,75.0,False,0,0
t0_5a_0p95_l2_long,L2_LONG_PULSE,0.95,L2,0.86,3002.0,True,5000.0,2075.0,0.415,2875.0,0.575,0,0.0,0,0.0,50.0,0.01,2925.0,0.585,2925.0,75.0,False,0,0
t0_5a_0p95_l2_long,L2_LONG_PULSE,0.95,L2,0.86,3002.0,True,5025.0,2075.0,0.4129353233830846,2900.0,0.5771144278606966,0,0.0,0,0.0,50.0,0.009950248756218905,2950.0,0.5870646766169154,2950.0,75.0,False,0,0
t0_5a_0p95_l2_long,L2_LONG_PULSE,0.95,L2,0.86,3002.0,True,5050.0,2075.0,0.41089108910891087,2925.0,0.5792079207920792,0,0.0,0,0.0,50.0,0.009900990099009901,2975.0,0.5891089108910891,2975.0,75.0,False,0,0
t0_5a_0p95_l2_long,L2_LONG_PULSE,0.95,L2,0.86,3002.0,True,5075.0,2075.0,0.4088669950738916,2950.0,0.5812807881773399,0,0.0,0,0.0,50.0,0.009852216748768473,3000.0,0.5911330049261084,3000.0,75.0,False,0,0
t0_5a_0p95_l2_long,L2_LONG_PULSE,0.95,L2,0.86,3002.0,True,5100.0,2075.0,0.4068627450980392,2975.0,0.5833333333333334,0,0.0,0,0.0,50.0,0.00980392156862745,3025.0,0.5931372549019608,3025.0,75.0,False,0,0
t0_5a_0p95_l2_long,L2_LONG_PULSE,0.95,L2,0.86,3002.0,True,5125.0,2075.0,0.40487804878048783,3000.0,0.5853658536585366,0,0.0,0,0.0,50.0,0.00975609756097561,3050.0,0.5951219512195122,3050.0,75.0,False,0,0
t0_5a_0p95_l2_long,L2_LONG_PULSE,0.95,L2,0.86,3002.0,True,5150.0,2075.0,0.4029126213592233,3025.0,0.587378640776699,0,0.0,0,0.0,50.0,0.009708737864077669,3075.0,0.5970873786407767,3075.0,75.0,False,0,0
t0_5a_0p95_l2_long,L2_LONG_PULSE,0.95,L2,0.86,3002.0,True,5175.0,2075.0,0.40096618357487923,3050.0,0.5893719806763285,0,0.0,0,0.0,50.0,0.00966183574879227,3100.0,0.5990338164251208,3100.0,75.0,False,0,0
t0_5a_0p95_l2_long,L2_LONG_PULSE,0.95,L2,0.86,3002.0,True,5200.0,2075.0,0.39903846153846156,3075.0,0.5913461538461539,0,0.0,0,0.0,50.0,0.009615384615384616,3125.0,0.6009615384615384,3125.0,75.0,False,0,0
t0_5a_0p95_l2_long,L2_LONG_PULSE,0.95,L2,0.86,3002.0,True,5225.0,2075.0,0.39712918660287083,3100.0,0.5933014354066986,0,0.0,0,0.0,50.0,0.009569377990430622,3150.0,0.6028708133971292,3150.0,75.0,False,0,0
t0_5a_0p95_l2_long,L2_LONG_PULSE,0.95,L2,0.86,3002.0,True,5250.0,2075.0,0.3952380952380952,3125.0,0.5952380952380952,0,0.0,0,0.0,50.0,0.009523809523809525,3175.0,0.6047619047619047,3175.0,75.0,False,0,0
t0_5a_0p95_l2_long,L2_LONG_PULSE,0.95,L2,0.86,3002.0,True,5275.0,2075.0,0.3933649289099526,3150.0,0.5971563981042654,0,0.0,0,0.0,50.0,0.009478672985781991,3200.0,0.6066350710900474,3200.0,75.0,False,0,0
t0_5a_0p95_l2_long,L2_LONG_PULSE,0.95,L2,0.86,3002.0,True,5300.0,2075.0,0.3915094339622642,3175.0,0.5990566037735849,0,0.0,0,0.0,50.0,0.009433962264150943,3225.0,0.6084905660377359,3225.0,75.0,False,0,0
t0_5a_0p95_l2_long,L2_LONG_PULSE,0.95,L2,0.86,3002.0,True,5325.0,2075.0,0.38967136150234744,3200.0,0.6009389671361502,0,0.0,0,0.0,50.0,0.009389671361502348,3250.0,0.6103286384976526,3250.0,75.0,False,0,0
t0_5a_0p95_l2_long,L2_LONG_PULSE,0.95,L2,0.86,3002.0,True,5350.0,2075.0,0.3878504672897196,3225.0,0.602803738317757,0,0.0,0,0.0,50.0,0.009345794392523364,3275.0,0.6121495327102804,3275.0,75.0,False,0,0
t0_5a_0p95_l2_long,L2_LONG_PULSE,0.95,L2,0.86,3002.0,True,5375.0,2075.0,0.386046511627907,3250.0,0.6046511627906976,0,0.0,0,0.0,50.0,0.009302325581395349,3300.0,0.6139534883720931,3300.0,75.0,False,0,0
t0_5a_0p95_l2_long,L2_LONG_PULSE,0.95,L2,0.86,3002.0,True,5400.0,2075.0,0.38425925925925924,3275.0,0.6064814814814815,0,0.0,0,0.0,50.0,0.009259259259259259,3325.0,0.6157407407407407,3325.0,75.0,False,0,0
t0_5a_0p95_l2_long,L2_LONG_PULSE,0.95,L2,0.86,3002.0,True,5425.0,2075.0,0.3824884792626728,3300.0,0.6082949308755761,0,0.0,0,0.0,50.0,0.009216589861751152,3350.0,0.6175115207373272,3350.0,75.0,False,0,0
t0_5a_0p95_l2_long,L2_LONG_PULSE,0.95,L2,0.86,3002.0,True,5450.0,2075.0,0.38073394495412843,3325.0,0.6100917431192661,0,0.0,0,0.0,50.0,0.009174311926605505,3375.0,0.6192660550458715,3375.0,75.0,False,0,0
t0_5a_0p95_l2_long,L2_LONG_PULSE,0.95,L2,0.86,3002.0,True,5475.0,2075.0,0.3789954337899543,3350.0,0.6118721461187214,0,0.0,0,0.0,50.0,0.0091324200913242,3400.0,0.6210045662100456,3400.0,75.0,False,0,0
t0_5a_0p95_l2_long,L2_LONG_PULSE,0.95,L2,0.86,3002.0,True,5500.0,2075.0,0.37727272727272726,3375.0,0.6136363636363636,0,0.0,0,0.0,50.0,0.00909090909090909,3425.0,0.6227272727272727,3425.0,75.0,False,0,0
t0_5a_0p95_l2_long,L2_LONG_PULSE,0.95,L2,0.86,3002.0,True,5525.0,2075.0,0.3755656108597285,3400.0,0.6153846153846154,0,0.0,0,0.0,50.0,0.00904977375565611,3450.0,0.6244343891402715,3450.0,75.0,False,0,0
t0_5a_0p95_l2_long,L2_LONG_PULSE,0.95,L2,0.86,3002.0,True,5550.0,2075.0,0.3738738738738739,3425.0,0.6171171171171171,0,0.0,0,0.0,50.0,0.009009009009009009,3475.0,0.6261261261261262,3475.0,75.0,False,0,0
t0_5a_0p95_l2_long,L2_LONG_PULSE,0.95,L2,0.86,3002.0,True,5575.0,2075.0,0.3721973094170404,3450.0,0.6188340807174888,0,0.0,0,0.0,50.0,0.008968609865470852,3500.0,0.6278026905829597,3500.0,75.0,False,0,0
t0_5a_0p95_l2_long,L2_LONG_PULSE,0.95,L2,0.86,3002.0,True,5600.0,2075.0,0.3705357142857143,3475.0,0.6205357142857143,0,0.0,0,0.0,50.0,0.008928571428571428,3525.0,0.6294642857142857,3525.0,75.0,False,0,0
t0_5a_0p95_l2_long,L2_LONG_PULSE,0.95,L2,0.86,3002.0,True,5625.0,2075.0,0.3688888888888889,3500.0,0.6222222222222222,0,0.0,0,0.0,50.0,0.008888888888888889,3550.0,0.6311111111111111,3550.0,75.0,False,0,0
t0_5a_0p95_l2_long,L2_LONG_PULSE,0.95,L2,0.86,3002.0,True,5650.0,2075.0,0.3672566371681416,3525.0,0.6238938053097345,0,0.0,0,0.0,50.0,0.008849557522123894,3575.0,0.6327433628318584,3575.0,75.0,False,0,0
t0_5a_0p95_l2_long,L2_LONG_PULSE,0.95,L2,0.86,3002.0,True,5675.0,2075.0,0.3656387665198238,3550.0,0.6255506607929515,0,0.0,0,0.0,50.0,0.00881057268722467,3600.0,0.6343612334801763,3600.0,75.0,False,0,0
t0_5a_0p95_l2_long,L2_LONG_PULSE,0.95,L2,0.86,3002.0,True,5700.0,2075.0,0.36403508771929827,3575.0,0.6271929824561403,0,0.0,0,0.0,50.0,0.008771929824561403,3625.0,0.6359649122807017,3625.0,75.0,False,0,0
t0_5a_0p95_l2_long,L2_LONG_PULSE,0.95,L2,0.86,3002.0,True,5725.0,2075.0,0.3624454148471616,3600.0,0.62882096069869,0,0.0,0,0.0,50.0,0.008733624454148471,3650.0,0.6375545851528385,3650.0,75.0,False,0,0
t0_5a_0p95_l2_long,L2_LONG_PULSE,0.95,L2,0.86,3002.0,True,5750.0,2075.0,0.36086956521739133,3625.0,0.6304347826086957,0,0.0,0,0.0,50.0,0.008695652173913044,3675.0,0.6391304347826087,3675.0,75.0,False,0,0
t0_5a_0p95_l2_long,L2_LONG_PULSE,0.95,L2,0.86,3002.0,True,5775.0,2075.0,0.3593073593073593,3650.0,0.6320346320346321,0,0.0,0,0.0,50.0,0.008658008658008658,3700.0,0.6406926406926406,3700.0,75.0,False,0,0
t0_5a_0p95_l2_long,L2_LONG_PULSE,0.95,L2,0.86,3002.0,True,5800.0,2075.0,0.3577586206896552,3675.0,0.6336206896551724,0,0.0,0,0.0,50.0,0.008620689655172414,3725.0,0.6422413793103449,3725.0,75.0,False,0,0
t0_5a_0p95_l2_long,L2_LONG_PULSE,0.95,L2,0.86,3002.0,True,5825.0,2075.0,0.3562231759656652,3700.0,0.6351931330472103,0,0.0,0,0.0,50.0,0.008583690987124463,3750.0,0.6437768240343348,3750.0,75.0,False,0,0
t0_5a_0p95_l2_long,L2_LONG_PULSE,0.95,L2,0.86,3002.0,True,5850.0,2075.0,0.3547008547008547,3725.0,0.6367521367521367,0,0.0,0,0.0,50.0,0.008547008547008548,3775.0,0.6452991452991453,3775.0,75.0,False,0,0
t0_5a_0p95_l2_long,L2_LONG_PULSE,0.95,L2,0.86,3002.0,True,5875.0,2075.0,0.35319148936170214,3750.0,0.6382978723404256,0,0.0,0,0.0,50.0,0.00851063829787234,3800.0,0.6468085106382979,3800.0,75.0,False,0,0
t0_5a_0p95_l2_long,L2_LONG_PULSE,0.95,L2,0.86,3002.0,True,5900.0,2075.0,0.3516949152542373,3775.0,0.6398305084745762,0,0.0,0,0.0,50.0,0.00847457627118644,3825.0,0.6483050847457628,3825.0,75.0,False,0,0
t0_5a_0p95_l2_long,L2_LONG_PULSE,0.95,L2,0.86,3002.0,True,5925.0,2075.0,0.350210970464135,3800.0,0.6413502109704642,0,0.0,0,0.0,50.0,0.008438818565400843,3850.0,0.6497890295358649,3850.0,75.0,False,0,0
t0_5a_0p95_l2_long,L2_LONG_PULSE,0.95,L2,0.86,3002.0,True,5950.0,2075.0,0.3487394957983193,3825.0,0.6428571428571429,0,0.0,0,0.0,50.0,0.008403361344537815,3875.0,0.6512605042016807,3875.0,75.0,False,0,0
t0_5a_0p95_l2_long,L2_LONG_PULSE,0.95,L2,0.86,3002.0,True,5975.0,2075.0,0.3472803347280335,3850.0,0.6443514644351465,0,0.0,0,0.0,50.0,0.008368200836820083,3900.0,0.6527196652719666,3900.0,75.0,False,0,0
t0_5a_0p95_l2_long,L2_LONG_PULSE,0.95,L2,0.86,3002.0,True,6000.0,2075.0,0.3458333333333333,3875.0,0.6458333333333334,0,0.0,0,0.0,50.0,0.008333333333333333,3925.0,0.6541666666666667,3925.0,75.0,False,0,0
t0_5a_1p10_l2_boundary,L2_BOUNDARY_MINIMUM,1.1,L2,0.96,1190.0,False,25.0,25.0,1.0,0,0.0,0,0.0,0,0.0,0,0.0,0,0.0,0.0,,True,0,0
t0_5a_1p10_l2_boundary,L2_BOUNDARY_MINIMUM,1.1,L2,0.96,1190.0,False,50.0,50.0,1.0,0,0.0,0,0.0,0,0.0,0,0.0,0,0.0,0.0,,True,0,0
t0_5a_1p10_l2_boundary,L2_BOUNDARY_MINIMUM,1.1,L2,0.96,1190.0,False,75.0,75.0,1.0,0,0.0,0,0.0,0,0.0,0,0.0,0,0.0,0.0,,True,0,0
t0_5a_1p10_l2_boundary,L2_BOUNDARY_MINIMUM,1.1,L2,0.96,1190.0,False,100.0,100.0,1.0,0,0.0,0,0.0,0,0.0,0,0.0,0,0.0,0.0,,True,0,0
t0_5a_1p10_l2_boundary,L2_BOUNDARY_MINIMUM,1.1,L2,0.96,1190.0,False,125.0,125.0,1.0,0,0.0,0,0.0,0,0.0,0,0.0,0,0.0,0.0,,True,0,0
t0_5a_1p10_l2_boundary,L2_BOUNDARY_MINIMUM,1.1,L2,0.96,1190.0,False,150.0,150.0,1.0,0,0.0,0,0.0,0,0.0,0,0.0,0,0.0,0.0,,True,0,0
t0_5a_1p10_l2_boundary,L2_BOUNDARY_MINIMUM,1.1,L2,0.96,1190.0,False,175.0,175.0,1.0,0,0.0,0,0.0,0,0.0,0,0.0,0,0.0,0.0,,True,0,0
t0_5a_1p10_l2_boundary,L2_BOUNDARY_MINIMUM,1.1,L2,0.96,1190.0,False,200.0,200.0,1.0,0,0.0,0,0.0,0,0.0,0,0.0,0,0.0,0.0,,True,0,0
t0_5a_1p10_l2_boundary,L2_BOUNDARY_MINIMUM,1.1,L2,0.96,1190.0,False,225.0,225.0,1.0,0,0.0,0,0.0,0,0.0,0,0.0,0,0.0,0.0,,True,0,0
t0_5a_1p10_l2_boundary,L2_BOUNDARY_MINIMUM,1.1,L2,0.96,1190.0,False,250.0,250.0,1.0,0,0.0,0,0.0,0,0.0,0,0.0,0,0.0,0.0,,True,0,0
t0_5a_1p10_l2_boundary,L2_BOUNDARY_MINIMUM,1.1,L2,0.96,1190.0,False,275.0,275.0,1.0,0,0.0,0,0.0,0,0.0,0,0.0,0,0.0,0.0,,True,0,0
t0_5a_1p10_l2_boundary,L2_BOUNDARY_MINIMUM,1.1,L2,0.96,1190.0,False,300.0,300.0,1.0,0,0.0,0,0.0,0,0.0,0,0.0,0,0.0,0.0,,True,0,0
t0_5a_1p10_l2_boundary,L2_BOUNDARY_MINIMUM,1.1,L2,0.96,1190.0,False,325.0,325.0,1.0,0,0.0,0,0.0,0,0.0,0,0.0,0,0.0,0.0,,True,0,0
t0_5a_1p10_l2_boundary,L2_BOUNDARY_MINIMUM,1.1,L2,0.96,1190.0,False,350.0,350.0,1.0,0,0.0,0,0.0,0,0.0,0,0.0,0,0.0,0.0,,True,0,0
t0_5a_1p10_l2_boundary,L2_BOUNDARY_MINIMUM,1.1,L2,0.96,1190.0,False,375.0,375.0,1.0,0,0.0,0,0.0,0,0.0,0,0.0,0,0.0,0.0,,True,0,0
t0_5a_1p10_l2_boundary,L2_BOUNDARY_MINIMUM,1.1,L2,0.96,1190.0,False,400.0,400.0,1.0,0,0.0,0,0.0,0,0.0,0,0.0,0,0.0,0.0,,True,0,0
t0_5a_1p10_l2_boundary,L2_BOUNDARY_MINIMUM,1.1,L2,0.96,1190.0,False,425.0,425.0,1.0,0,0.0,0,0.0,0,0.0,0,0.0,0,0.0,0.0,,True,0,0
t0_5a_1p10_l2_boundary,L2_BOUNDARY_MINIMUM,1.1,L2,0.96,1190.0,False,450.0,450.0,1.0,0,0.0,0,0.0,0,0.0,0,0.0,0,0.0,0.0,,True,0,0
t0_5a_1p10_l2_boundary,L2_BOUNDARY_MINIMUM,1.1,L2,0.96,1190.0,False,475.0,475.0,1.0,0,0.0,0,0.0,0,0.0,0,0.0,0,0.0,0.0,,True,0,0
t0_5a_1p10_l2_boundary,L2_BOUNDARY_MINIMUM,1.1,L2,0.96,1190.0,False,500.0,500.0,1.0,0,0.0,0,0.0,0,0.0,0,0.0,0,0.0,0.0,,True,0,0
t0_5a_1p10_l2_boundary,L2_BOUNDARY_MINIMUM,1.1,L2,0.96,1190.0,False,525.0,525.0,1.0,0,0.0,0,0.0,0,0.0,0,0.0,0,0.0,0.0,,True,0,0
t0_5a_1p10_l2_boundary,L2_BOUNDARY_MINIMUM,1.1,L2,0.96,1190.0,False,550.0,525.0,0.9545454545454546,0,0.0,0,0.0,0,0.0,25.0,0.045454545454545456,25.0,0.045454545454545456,25.0,25.0,False,0,0
t0_5a_1p10_l2_boundary,L2_BOUNDARY_MINIMUM,1.1,L2,0.96,1190.0,False,575.0,525.0,0.9130434782608695,0,0.0,0,0.0,0,0.0,50.0,0.08695652173913043,50.0,0.08695652173913043,50.0,25.0,False,0,0
t0_5a_1p10_l2_boundary,L2_BOUNDARY_MINIMUM,1.1,L2,0.96,1190.0,False,600.0,525.0,0.875,25.0,0.041666666666666664,0,0.0,0,0.0,50.0,0.08333333333333333,75.0,0.125,75.0,25.0,False,0,0
t0_5a_1p10_l2_boundary,L2_BOUNDARY_MINIMUM,1.1,L2,0.96,1190.0,False,625.0,525.0,0.84,50.0,0.08,0,0.0,0,0.0,50.0,0.08,100.0,0.16,100.0,25.0,False,0,0
t0_5a_1p10_l2_boundary,L2_BOUNDARY_MINIMUM,1.1,L2,0.96,1190.0,False,650.0,525.0,0.8076923076923077,75.0,0.11538461538461539,0,0.0,0,0.0,50.0,0.07692307692307693,125.0,0.19230769230769232,125.0,25.0,False,0,0
t0_5a_1p10_l2_boundary,L2_BOUNDARY_MINIMUM,1.1,L2,0.96,1190.0,False,675.0,525.0,0.7777777777777778,100.0,0.14814814814814814,0,0.0,0,0.0,50.0,0.07407407407407407,150.0,0.2222222222222222,150.0,25.0,False,0,0
t0_5a_1p10_l2_boundary,L2_BOUNDARY_MINIMUM,1.1,L2,0.96,1190.0,False,700.0,525.0,0.75,125.0,0.17857142857142858,0,0.0,0,0.0,50.0,0.07142857142857142,175.0,0.25,175.0,25.0,False,0,0
t0_5a_1p10_l2_boundary,L2_BOUNDARY_MINIMUM,1.1,L2,0.96,1190.0,False,725.0,525.0,0.7241379310344828,150.0,0.20689655172413793,0,0.0,0,0.0,50.0,0.06896551724137931,200.0,0.27586206896551724,200.0,25.0,False,0,0
t0_5a_1p10_l2_boundary,L2_BOUNDARY_MINIMUM,1.1,L2,0.96,1190.0,False,750.0,525.0,0.7,175.0,0.23333333333333334,0,0.0,0,0.0,50.0,0.06666666666666667,225.0,0.3,225.0,25.0,False,0,0
t0_5a_1p10_l2_boundary,L2_BOUNDARY_MINIMUM,1.1,L2,0.96,1190.0,False,775.0,525.0,0.6774193548387096,200.0,0.25806451612903225,0,0.0,0,0.0,50.0,0.06451612903225806,250.0,0.3225806451612903,250.0,25.0,False,0,0
t0_5a_1p10_l2_boundary,L2_BOUNDARY_MINIMUM,1.1,L2,0.96,1190.0,False,800.0,525.0,0.65625,225.0,0.28125,0,0.0,0,0.0,50.0,0.0625,275.0,0.34375,275.0,25.0,False,0,0
t0_5a_1p10_l2_boundary,L2_BOUNDARY_MINIMUM,1.1,L2,0.96,1190.0,False,825.0,525.0,0.6363636363636364,250.0,0.30303030303030304,0,0.0,0,0.0,50.0,0.06060606060606061,300.0,0.36363636363636365,300.0,25.0,False,0,0
t0_5a_1p10_l2_boundary,L2_BOUNDARY_MINIMUM,1.1,L2,0.96,1190.0,False,850.0,525.0,0.6176470588235294,275.0,0.3235294117647059,0,0.0,0,0.0,50.0,0.058823529411764705,325.0,0.38235294117647056,325.0,25.0,False,0,0
t0_5a_1p10_l2_boundary,L2_BOUNDARY_MINIMUM,1.1,L2,0.96,1190.0,False,875.0,525.0,0.6,300.0,0.34285714285714286,0,0.0,0,0.0,50.0,0.05714285714285714,350.0,0.4,350.0,25.0,False,0,0
t0_5a_1p10_l2_boundary,L2_BOUNDARY_MINIMUM,1.1,L2,0.96,1190.0,False,900.0,525.0,0.5833333333333334,325.0,0.3611111111111111,0,0.0,0,0.0,50.0,0.05555555555555555,375.0,0.4166666666666667,375.0,25.0,False,0,0
t0_5a_1p10_l2_boundary,L2_BOUNDARY_MINIMUM,1.1,L2,0.96,1190.0,False,925.0,525.0,0.5675675675675675,350.0,0.3783783783783784,0,0.0,0,0.0,50.0,0.05405405405405406,400.0,0.43243243243243246,400.0,25.0,False,0,0
t0_5a_1p10_l2_boundary,L2_BOUNDARY_MINIMUM,1.1,L2,0.96,1190.0,False,950.0,525.0,0.5526315789473685,375.0,0.39473684210526316,0,0.0,0,0.0,50.0,0.05263157894736842,425.0,0.4473684210526316,425.0,25.0,False,0,0
t0_5a_1p10_l2_boundary,L2_BOUNDARY_MINIMUM,1.1,L2,0.96,1190.0,False,975.0,525.0,0.5384615384615384,400.0,0.41025641025641024,0,0.0,0,0.0,50.0,0.05128205128205128,450.0,0.46153846153846156,450.0,25.0,False,0,0
t0_5a_1p10_l2_boundary,L2_BOUNDARY_MINIMUM,1.1,L2,0.96,1190.0,False,1000.0,525.0,0.525,425.0,0.425,0,0.0,0,0.0,50.0,0.05,475.0,0.475,475.0,25.0,False,0,0
t0_5a_1p10_l2_boundary,L2_BOUNDARY_MINIMUM,1.1,L2,0.96,1190.0,False,1025.0,525.0,0.5121951219512195,450.0,0.43902439024390244,0,0.0,0,0.0,50.0,0.04878048780487805,500.0,0.4878048780487805,500.0,25.0,False,0,0
t0_5a_1p10_l2_boundary,L2_BOUNDARY_MINIMUM,1.1,L2,0.96,1190.0,False,1050.0,525.0,0.5,475.0,0.4523809523809524,0,0.0,0,0.0,50.0,0.047619047619047616,525.0,0.5,525.0,25.0,False,0,0
t0_5a_1p10_l2_boundary,L2_BOUNDARY_MINIMUM,1.1,L2,0.96,1190.0,False,1075.0,525.0,0.4883720930232558,500.0,0.46511627906976744,0,0.0,0,0.0,50.0,0.046511627906976744,550.0,0.5116279069767442,550.0,25.0,False,0,0
t0_5a_1p10_l2_boundary,L2_BOUNDARY_MINIMUM,1.1,L2,0.96,1190.0,False,1100.0,525.0,0.4772727272727273,525.0,0.4772727272727273,0,0.0,0,0.0,50.0,0.045454545454545456,575.0,0.5227272727272727,575.0,25.0,False,0,0
t0_5a_1p10_l2_boundary,L2_BOUNDARY_MINIMUM,1.1,L2,0.96,1190.0,False,1125.0,525.0,0.4666666666666667,550.0,0.4888888888888889,0,0.0,0,0.0,50.0,0.044444444444444446,600.0,0.5333333333333333,600.0,25.0,False,0,0
t0_5a_1p10_l2_boundary,L2_BOUNDARY_MINIMUM,1.1,L2,0.96,1190.0,False,1150.0,525.0,0.45652173913043476,575.0,0.5,0,0.0,0,0.0,50.0,0.043478260869565216,625.0,0.5434782608695652,625.0,25.0,False,0,0
t0_5a_1p10_l2_boundary,L2_BOUNDARY_MINIMUM,1.1,L2,0.96,1190.0,False,1175.0,525.0,0.44680851063829785,600.0,0.5106382978723404,0,0.0,0,0.0,50.0,0.0425531914893617,650.0,0.5531914893617021,650.0,25.0,False,0,0
t0_5a_1p10_l2_boundary,L2_BOUNDARY_MINIMUM,1.1,L2,0.96,1190.0,False,1200.0,525.0,0.4375,625.0,0.5208333333333334,0,0.0,0,0.0,50.0,0.041666666666666664,675.0,0.5625,675.0,25.0,False,0,0
t0_5a_1p10_l2_boundary,L2_BOUNDARY_MINIMUM,1.1,L2,0.96,1190.0,False,1225.0,525.0,0.42857142857142855,650.0,0.5306122448979592,0,0.0,0,0.0,50.0,0.04081632653061224,700.0,0.5714285714285714,700.0,25.0,False,0,0
t0_5a_1p10_l2_boundary,L2_BOUNDARY_MINIMUM,1.1,L2,0.96,1190.0,False,1250.0,525.0,0.42,675.0,0.54,0,0.0,0,0.0,50.0,0.04,725.0,0.58,725.0,25.0,False,0,0
t0_5a_1p10_l2_boundary,L2_BOUNDARY_MINIMUM,1.1,L2,0.96,1190.0,False,1275.0,525.0,0.4117647058823529,700.0,0.5490196078431373,0,0.0,0,0.0,50.0,0.0392156862745098,750.0,0.5882352941176471,750.0,25.0,False,0,0
t0_5a_1p10_l2_boundary,L2_BOUNDARY_MINIMUM,1.1,L2,0.96,1190.0,False,1300.0,525.0,0.40384615384615385,725.0,0.5576923076923077,0,0.0,0,0.0,50.0,0.038461538461538464,775.0,0.5961538461538461,775.0,25.0,False,0,0
t0_5a_1p10_l2_boundary,L2_BOUNDARY_MINIMUM,1.1,L2,0.96,1190.0,False,1325.0,525.0,0.39622641509433965,750.0,0.5660377358490566,0,0.0,0,0.0,50.0,0.03773584905660377,800.0,0.6037735849056604,800.0,25.0,False,0,0
t0_5a_1p10_l2_boundary,L2_BOUNDARY_MINIMUM,1.1,L2,0.96,1190.0,False,1350.0,525.0,0.3888888888888889,775.0,0.5740740740740741,0,0.0,0,0.0,50.0,0.037037037037037035,825.0,0.6111111111111112,825.0,25.0,False,0,0
t0_5a_1p10_l2_boundary,L2_BOUNDARY_MINIMUM,1.1,L2,0.96,1190.0,False,1375.0,525.0,0.38181818181818183,800.0,0.5818181818181818,0,0.0,0,0.0,50.0,0.03636363636363636,850.0,0.6181818181818182,850.0,25.0,False,0,0
t0_5a_1p10_l2_boundary,L2_BOUNDARY_MINIMUM,1.1,L2,0.96,1190.0,False,1400.0,525.0,0.375,825.0,0.5892857142857143,0,0.0,0,0.0,50.0,0.03571428571428571,875.0,0.625,875.0,25.0,False,0,0
t0_5a_1p10_l2_boundary,L2_BOUNDARY_MINIMUM,1.1,L2,0.96,1190.0,False,1425.0,525.0,0.3684210526315789,850.0,0.5964912280701754,0,0.0,0,0.0,50.0,0.03508771929824561,900.0,0.631578947368421,900.0,25.0,False,0,0
t0_5a_1p10_l2_boundary,L2_BOUNDARY_MINIMUM,1.1,L2,0.96,1190.0,False,1450.0,525.0,0.3620689655172414,875.0,0.603448275862069,0,0.0,0,0.0,50.0,0.034482758620689655,925.0,0.6379310344827587,925.0,25.0,False,0,0
t0_5a_1p10_l2_boundary,L2_BOUNDARY_MINIMUM,1.1,L2,0.96,1190.0,False,1475.0,525.0,0.3559322033898305,900.0,0.6101694915254238,0,0.0,0,0.0,50.0,0.03389830508474576,950.0,0.6440677966101694,950.0,25.0,False,0,0
t0_5a_1p10_l2_boundary,L2_BOUNDARY_MINIMUM,1.1,L2,0.96,1190.0,False,1500.0,525.0,0.35,925.0,0.6166666666666667,0,0.0,0,0.0,50.0,0.03333333333333333,975.0,0.65,975.0,25.0,False,0,0
t0_5a_1p10_l2_boundary,L2_BOUNDARY_MINIMUM,1.1,L2,0.96,1190.0,False,1525.0,525.0,0.3442622950819672,950.0,0.6229508196721312,0,0.0,0,0.0,50.0,0.03278688524590164,1000.0,0.6557377049180327,1000.0,25.0,False,0,0
t0_5a_1p10_l2_boundary,L2_BOUNDARY_MINIMUM,1.1,L2,0.96,1190.0,False,1550.0,525.0,0.3387096774193548,975.0,0.6290322580645161,0,0.0,0,0.0,50.0,0.03225806451612903,1025.0,0.6612903225806451,1025.0,25.0,False,0,0
t0_5a_1p10_l2_boundary,L2_BOUNDARY_MINIMUM,1.1,L2,0.96,1190.0,False,1575.0,525.0,0.3333333333333333,1000.0,0.6349206349206349,0,0.0,0,0.0,50.0,0.031746031746031744,1050.0,0.6666666666666666,1050.0,25.0,False,0,0
t0_5a_1p10_l2_boundary,L2_BOUNDARY_MINIMUM,1.1,L2,0.96,1190.0,False,1600.0,525.0,0.328125,1025.0,0.640625,0,0.0,0,0.0,50.0,0.03125,1075.0,0.671875,1075.0,25.0,False,0,0
t0_5a_1p10_l2_boundary,L2_BOUNDARY_MINIMUM,1.1,L2,0.96,1190.0,False,1625.0,525.0,0.3230769230769231,1050.0,0.6461538461538462,0,0.0,0,0.0,50.0,0.03076923076923077,1100.0,0.676923076923077,1100.0,25.0,False,0,0
t0_5a_1p10_l2_boundary,L2_BOUNDARY_MINIMUM,1.1,L2,0.96,1190.0,False,1650.0,525.0,0.3181818181818182,1075.0,0.6515151515151515,0,0.0,0,0.0,50.0,0.030303030303030304,1125.0,0.6818181818181818,1125.0,25.0,False,0,0
t0_5a_1p10_l2_boundary,L2_BOUNDARY_MINIMUM,1.1,L2,0.96,1190.0,False,1675.0,525.0,0.31343283582089554,1100.0,0.6567164179104478,0,0.0,0,0.0,50.0,0.029850746268656716,1150.0,0.6865671641791045,1150.0,25.0,False,0,0
t0_5a_1p10_l2_boundary,L2_BOUNDARY_MINIMUM,1.1,L2,0.96,1190.0,False,1700.0,525.0,0.3088235294117647,1125.0,0.6617647058823529,0,0.0,0,0.0,50.0,0.029411764705882353,1175.0,0.6911764705882353,1175.0,25.0,False,0,0
t0_5a_1p10_l2_boundary,L2_BOUNDARY_MINIMUM,1.1,L2,0.96,1190.0,False,1725.0,525.0,0.30434782608695654,1150.0,0.6666666666666666,0,0.0,0,0.0,50.0,0.028985507246376812,1200.0,0.6956521739130435,1200.0,25.0,False,0,0
t0_5a_1p10_l2_boundary,L2_BOUNDARY_MINIMUM,1.1,L2,0.96,1190.0,False,1750.0,525.0,0.3,1175.0,0.6714285714285714,0,0.0,0,0.0,50.0,0.02857142857142857,1225.0,0.7,1225.0,25.0,False,0,0
t0_5a_1p10_l2_boundary,L2_BOUNDARY_MINIMUM,1.1,L2,0.96,1190.0,False,1775.0,525.0,0.29577464788732394,1200.0,0.676056338028169,0,0.0,0,0.0,50.0,0.028169014084507043,1250.0,0.704225352112676,1250.0,25.0,False,0,0
t0_5a_1p10_l2_boundary,L2_BOUNDARY_MINIMUM,1.1,L2,0.96,1190.0,False,1800.0,525.0,0.2916666666666667,1225.0,0.6805555555555556,0,0.0,0,0.0,50.0,0.027777777777777776,1275.0,0.7083333333333334,1275.0,25.0,False,0,0
t0_5a_1p10_l2_boundary,L2_BOUNDARY_MINIMUM,1.1,L2,0.96,1190.0,False,1825.0,525.0,0.2876712328767123,1250.0,0.684931506849315,0,0.0,0,0.0,50.0,0.0273972602739726,1300.0,0.7123287671232876,1300.0,25.0,False,0,0
t0_5a_1p10_l2_boundary,L2_BOUNDARY_MINIMUM,1.1,L2,0.96,1190.0,False,1850.0,525.0,0.28378378378378377,1275.0,0.6891891891891891,0,0.0,0,0.0,50.0,0.02702702702702703,1325.0,0.7162162162162162,1325.0,25.0,False,0,0
t0_5a_1p10_l2_boundary,L2_BOUNDARY_MINIMUM,1.1,L2,0.96,1190.0,False,1875.0,525.0,0.28,1300.0,0.6933333333333334,0,0.0,0,0.0,50.0,0.02666666666666667,1350.0,0.72,1350.0,25.0,False,0,0
t0_5a_1p10_l2_boundary,L2_BOUNDARY_MINIMUM,1.1,L2,0.96,1190.0,False,1900.0,525.0,0.27631578947368424,1325.0,0.6973684210526315,0,0.0,0,0.0,50.0,0.02631578947368421,1375.0,0.7236842105263158,1375.0,25.0,False,0,0
t0_5a_1p10_l2_boundary,L2_BOUNDARY_MINIMUM,1.1,L2,0.96,1190.0,False,1925.0,525.0,0.2727272727272727,1350.0,0.7012987012987013,0,0.0,0,0.0,50.0,0.025974025974025976,1400.0,0.7272727272727273,1400.0,25.0,False,0,0
t0_5a_1p10_l2_boundary,L2_BOUNDARY_MINIMUM,1.1,L2,0.96,1190.0,False,1950.0,525.0,0.2692307692307692,1375.0,0.7051282051282052,0,0.0,0,0.0,50.0,0.02564102564102564,1425.0,0.7307692307692307,1425.0,25.0,False,0,0
t0_5a_1p10_l2_boundary,L2_BOUNDARY_MINIMUM,1.1,L2,0.96,1190.0,False,1975.0,525.0,0.26582278481012656,1400.0,0.7088607594936709,0,0.0,0,0.0,50.0,0.02531645569620253,1450.0,0.7341772151898734,1450.0,25.0,False,0,0
t0_5a_1p10_l2_boundary,L2_BOUNDARY_MINIMUM,1.1,L2,0.96,1190.0,False,2000.0,525.0,0.2625,1425.0,0.7125,0,0.0,0,0.0,50.0,0.025,1475.0,0.7375,1475.0,25.0,False,0,0
t0_5a_1p10_l2_boundary,L2_BOUNDARY_MINIMUM,1.1,L2,0.96,1190.0,False,2025.0,525.0,0.25925925925925924,1450.0,0.7160493827160493,0,0.0,0,0.0,50.0,0.024691358024691357,1500.0,0.7407407407407407,1500.0,25.0,False,0,0
t0_5a_1p10_l2_boundary,L2_BOUNDARY_MINIMUM,1.1,L2,0.96,1190.0,False,2050.0,525.0,0.25609756097560976,1475.0,0.7195121951219512,0,0.0,0,0.0,50.0,0.024390243902439025,1525.0,0.7439024390243902,1525.0,25.0,False,0,0
t0_5a_1p10_l2_boundary,L2_BOUNDARY_MINIMUM,1.1,L2,0.96,1190.0,False,2075.0,525.0,0.25301204819277107,1500.0,0.7228915662650602,0,0.0,0,0.0,50.0,0.024096385542168676,1550.0,0.7469879518072289,1550.0,25.0,False,0,0
t0_5a_1p10_l2_boundary,L2_BOUNDARY_MINIMUM,1.1,L2,0.96,1190.0,False,2100.0,525.0,0.25,1525.0,0.7261904761904762,0,0.0,0,0.0,50.0,0.023809523809523808,1575.0,0.75,1575.0,25.0,False,0,0
t0_5a_1p10_l2_boundary,L2_BOUNDARY_MINIMUM,1.1,L2,0.96,1190.0,False,2125.0,525.0,0.24705882352941178,1550.0,0.7294117647058823,0,0.0,0,0.0,50.0,0.023529411764705882,1600.0,0.7529411764705882,1600.0,25.0,False,0,0
t0_5a_1p10_l2_boundary,L2_BOUNDARY_MINIMUM,1.1,L2,0.96,1190.0,False,2150.0,525.0,0.2441860465116279,1575.0,0.7325581395348837,0,0.0,0,0.0,50.0,0.023255813953488372,1625.0,0.7558139534883721,1625.0,25.0,False,0,0
t0_5a_1p10_l2_boundary,L2_BOUNDARY_MINIMUM,1.1,L2,0.96,1190.0,False,2175.0,525.0,0.2413793103448276,1600.0,0.735632183908046,0,0.0,0,0.0,50.0,0.022988505747126436,1650.0,0.7586206896551724,1650.0,25.0,False,0,0
t0_5a_1p10_l2_boundary,L2_BOUNDARY_MINIMUM,1.1,L2,0.96,1190.0,False,2200.0,525.0,0.23863636363636365,1625.0,0.7386363636363636,0,0.0,0,0.0,50.0,0.022727272727272728,1675.0,0.7613636363636364,1675.0,25.0,False,0,0
t0_5a_1p10_l2_boundary,L2_BOUNDARY_MINIMUM,1.1,L2,0.96,1190.0,False,2225.0,525.0,0.23595505617977527,1650.0,0.7415730337078652,0,0.0,0,0.0,50.0,0.02247191011235955,1700.0,0.7640449438202247,1700.0,25.0,False,0,0
t0_5a_1p10_l2_boundary,L2_BOUNDARY_MINIMUM,1.1,L2,0.96,1190.0,False,2250.0,525.0,0.23333333333333334,1675.0,0.7444444444444445,0,0.0,0,0.0,50.0,0.022222222222222223,1725.0,0.7666666666666667,1725.0,25.0,False,0,0
t0_5a_1p10_l2_boundary,L2_BOUNDARY_MINIMUM,1.1,L2,0.96,1190.0,False,2275.0,525.0,0.23076923076923078,1700.0,0.7472527472527473,0,0.0,0,0.0,50.0,0.02197802197802198,1750.0,0.7692307692307693,1750.0,25.0,False,0,0
t0_5a_1p10_l2_boundary,L2_BOUNDARY_MINIMUM,1.1,L2,0.96,1190.0,False,2300.0,525.0,0.22826086956521738,1725.0,0.75,0,0.0,0,0.0,50.0,0.021739130434782608,1775.0,0.7717391304347826,1775.0,25.0,False,0,0
t0_5a_1p10_l2_boundary,L2_BOUNDARY_MINIMUM,1.1,L2,0.96,1190.0,False,2325.0,525.0,0.22580645161290322,1750.0,0.7526881720430108,0,0.0,0,0.0,50.0,0.021505376344086023,1800.0,0.7741935483870968,1800.0,25.0,False,0,0
t0_5a_1p10_l2_boundary,L2_BOUNDARY_MINIMUM,1.1,L2,0.96,1190.0,False,2350.0,525.0,0.22340425531914893,1775.0,0.7553191489361702,0,0.0,0,0.0,50.0,0.02127659574468085,1825.0,0.776595744680851,1825.0,25.0,False,0,0
t0_5a_1p10_l2_boundary,L2_BOUNDARY_MINIMUM,1.1,L2,0.96,1190.0,False,2375.0,525.0,0.22105263157894736,1800.0,0.7578947368421053,0,0.0,0,0.0,50.0,0.021052631578947368,1850.0,0.7789473684210526,1850.0,25.0,False,0,0
t0_5a_1p10_l2_boundary,L2_BOUNDARY_MINIMUM,1.1,L2,0.96,1190.0,False,2400.0,525.0,0.21875,1825.0,0.7604166666666666,0,0.0,0,0.0,50.0,0.020833333333333332,1875.0,0.78125,1875.0,25.0,False,0,0
t0_5a_1p10_l2_boundary,L2_BOUNDARY_MINIMUM,1.1,L2,0.96,1190.0,False,2425.0,525.0,0.21649484536082475,1850.0,0.7628865979381443,0,0.0,0,0.0,50.0,0.020618556701030927,1900.0,0.7835051546391752,1900.0,25.0,False,0,0
t0_5a_1p10_l2_boundary,L2_BOUNDARY_MINIMUM,1.1,L2,0.96,1190.0,False,2450.0,525.0,0.21428571428571427,1875.0,0.7653061224489796,0,0.0,0,0.0,50.0,0.02040816326530612,1925.0,0.7857142857142857,1925.0,25.0,False,0,0
t0_5a_1p10_l2_boundary,L2_BOUNDARY_MINIMUM,1.1,L2,0.96,1190.0,False,2475.0,525.0,0.21212121212121213,1900.0,0.7676767676767676,0,0.0,0,0.0,50.0,0.020202020202020204,1950.0,0.7878787878787878,1950.0,25.0,False,0,0
t0_5a_1p10_l2_boundary,L2_BOUNDARY_MINIMUM,1.1,L2,0.96,1190.0,False,2500.0,525.0,0.21,1925.0,0.77,0,0.0,0,0.0,50.0,0.02,1975.0,0.79,1975.0,25.0,False,0,0
t0_5a_1p10_l2_boundary,L2_BOUNDARY_MINIMUM,1.1,L2,0.96,1190.0,False,2525.0,525.0,0.2079207920792079,1950.0,0.7722772277227723,0,0.0,0,0.0,50.0,0.019801980198019802,2000.0,0.7920792079207921,2000.0,25.0,False,0,0
t0_5a_1p10_l2_boundary,L2_BOUNDARY_MINIMUM,1.1,L2,0.96,1190.0,False,2550.0,525.0,0.20588235294117646,1975.0,0.7745098039215687,0,0.0,0,0.0,50.0,0.0196078431372549,2025.0,0.7941176470588235,2025.0,25.0,False,0,0
t0_5a_1p10_l2_boundary,L2_BOUNDARY_MINIMUM,1.1,L2,0.96,1190.0,False,2575.0,525.0,0.20388349514563106,2000.0,0.7766990291262136,0,0.0,0,0.0,50.0,0.019417475728155338,2050.0,0.7961165048543689,2050.0,25.0,False,0,0
t0_5a_1p10_l2_boundary,L2_BOUNDARY_MINIMUM,1.1,L2,0.96,1190.0,False,2600.0,525.0,0.20192307692307693,2025.0,0.7788461538461539,0,0.0,0,0.0,50.0,0.019230769230769232,2075.0,0.7980769230769231,2075.0,25.0,False,0,0
t0_5a_1p10_l2_boundary,L2_BOUNDARY_MINIMUM,1.1,L2,0.96,1190.0,False,2625.0,525.0,0.2,2050.0,0.780952380952381,0,0.0,0,0.0,50.0,0.01904761904761905,2100.0,0.8,2100.0,25.0,False,0,0
t0_5a_1p10_l2_boundary,L2_BOUNDARY_MINIMUM,1.1,L2,0.96,1190.0,False,2650.0,525.0,0.19811320754716982,2075.0,0.7830188679245284,0,0.0,0,0.0,50.0,0.018867924528301886,2125.0,0.8018867924528302,2125.0,25.0,False,0,0
t0_5a_1p10_l2_boundary,L2_BOUNDARY_MINIMUM,1.1,L2,0.96,1190.0,False,2675.0,525.0,0.19626168224299065,2100.0,0.7850467289719626,0,0.0,0,0.0,50.0,0.018691588785046728,2150.0,0.8037383177570093,2150.0,25.0,False,0,0
t0_5a_1p10_l2_boundary,L2_BOUNDARY_MINIMUM,1.1,L2,0.96,1190.0,False,2700.0,525.0,0.19444444444444445,2125.0,0.7870370370370371,0,0.0,0,0.0,50.0,0.018518518518518517,2175.0,0.8055555555555556,2175.0,25.0,False,0,0
t0_5a_1p10_l2_boundary,L2_BOUNDARY_MINIMUM,1.1,L2,0.96,1190.0,False,2725.0,525.0,0.1926605504587156,2150.0,0.7889908256880734,0,0.0,0,0.0,50.0,0.01834862385321101,2200.0,0.8073394495412844,2200.0,25.0,False,0,0
t0_5a_1p10_l2_boundary,L2_BOUNDARY_MINIMUM,1.1,L2,0.96,1190.0,False,2750.0,525.0,0.19090909090909092,2175.0,0.7909090909090909,0,0.0,0,0.0,50.0,0.01818181818181818,2225.0,0.8090909090909091,2225.0,25.0,False,0,0
t0_5a_1p10_l2_boundary,L2_BOUNDARY_MINIMUM,1.1,L2,0.96,1190.0,False,2775.0,525.0,0.1891891891891892,2200.0,0.7927927927927928,0,0.0,0,0.0,50.0,0.018018018018018018,2250.0,0.8108108108108109,2250.0,25.0,False,0,0
t0_5a_1p10_l2_boundary,L2_BOUNDARY_MINIMUM,1.1,L2,0.96,1190.0,False,2800.0,525.0,0.1875,2225.0,0.7946428571428571,0,0.0,0,0.0,50.0,0.017857142857142856,2275.0,0.8125,2275.0,25.0,False,0,0
t0_5a_1p10_l2_boundary,L2_BOUNDARY_MINIMUM,1.1,L2,0.96,1190.0,False,2825.0,525.0,0.18584070796460178,2250.0,0.7964601769911505,0,0.0,0,0.0,50.0,0.017699115044247787,2300.0,0.8141592920353983,2300.0,25.0,False,0,0
t0_5a_1p10_l2_boundary,L2_BOUNDARY_MINIMUM,1.1,L2,0.96,1190.0,False,2850.0,525.0,0.18421052631578946,2275.0,0.7982456140350878,0,0.0,0,0.0,50.0,0.017543859649122806,2325.0,0.8157894736842105,2325.0,25.0,False,0,0
t0_5a_1p10_l2_boundary,L2_BOUNDARY_MINIMUM,1.1,L2,0.96,1190.0,False,2875.0,525.0,0.1826086956521739,2300.0,0.8,0,0.0,0,0.0,50.0,0.017391304347826087,2350.0,0.8173913043478261,2350.0,25.0,False,0,0
t0_5a_1p10_l2_boundary,L2_BOUNDARY_MINIMUM,1.1,L2,0.96,1190.0,False,2900.0,525.0,0.1810344827586207,2325.0,0.8017241379310345,0,0.0,0,0.0,50.0,0.017241379310344827,2375.0,0.8189655172413793,2375.0,25.0,False,0,0
t0_5a_1p10_l2_boundary,L2_BOUNDARY_MINIMUM,1.1,L2,0.96,1190.0,False,2925.0,525.0,0.1794871794871795,2350.0,0.8034188034188035,0,0.0,0,0.0,50.0,0.017094017094017096,2400.0,0.8205128205128205,2400.0,25.0,False,0,0
t0_5a_1p10_l2_boundary,L2_BOUNDARY_MINIMUM,1.1,L2,0.96,1190.0,False,2950.0,525.0,0.17796610169491525,2375.0,0.8050847457627118,0,0.0,0,0.0,50.0,0.01694915254237288,2425.0,0.8220338983050848,2425.0,25.0,False,0,0
t0_5a_1p10_l2_boundary,L2_BOUNDARY_MINIMUM,1.1,L2,0.96,1190.0,False,2975.0,525.0,0.17647058823529413,2400.0,0.8067226890756303,0,0.0,0,0.0,50.0,0.01680672268907563,2450.0,0.8235294117647058,2450.0,25.0,False,0,0
t0_5a_1p10_l2_boundary,L2_BOUNDARY_MINIMUM,1.1,L2,0.96,1190.0,False,3000.0,525.0,0.175,2425.0,0.8083333333333333,0,0.0,0,0.0,50.0,0.016666666666666666,2475.0,0.825,2475.0,25.0,False,0,0
t0_5a_1p10_l2_boundary,L2_BOUNDARY_MINIMUM,1.1,L2,0.96,1190.0,False,3025.0,525.0,0.17355371900826447,2450.0,0.8099173553719008,0,0.0,0,0.0,50.0,0.01652892561983471,2500.0,0.8264462809917356,2500.0,25.0,False,0,0
t0_5a_1p10_l2_boundary,L2_BOUNDARY_MINIMUM,1.1,L2,0.96,1190.0,False,3050.0,525.0,0.1721311475409836,2475.0,0.8114754098360656,0,0.0,0,0.0,50.0,0.01639344262295082,2525.0,0.8278688524590164,2525.0,25.0,False,0,0
t0_5a_1p10_l2_boundary,L2_BOUNDARY_MINIMUM,1.1,L2,0.96,1190.0,False,3075.0,525.0,0.17073170731707318,2500.0,0.8130081300813008,0,0.0,0,0.0,50.0,0.016260162601626018,2550.0,0.8292682926829268,2550.0,25.0,False,0,0
t0_5a_1p10_l2_boundary,L2_BOUNDARY_MINIMUM,1.1,L2,0.96,1190.0,False,3100.0,525.0,0.1693548387096774,2525.0,0.8145161290322581,0,0.0,0,0.0,50.0,0.016129032258064516,2575.0,0.8306451612903226,2575.0,25.0,False,0,0
t0_5a_1p10_l2_boundary,L2_BOUNDARY_MINIMUM,1.1,L2,0.96,1190.0,False,3125.0,525.0,0.168,2550.0,0.816,0,0.0,0,0.0,50.0,0.016,2600.0,0.832,2600.0,25.0,False,0,0
t0_5a_1p10_l2_boundary,L2_BOUNDARY_MINIMUM,1.1,L2,0.96,1190.0,False,3150.0,525.0,0.16666666666666666,2575.0,0.8174603174603174,0,0.0,0,0.0,50.0,0.015873015873015872,2625.0,0.8333333333333334,2625.0,25.0,False,0,0
t0_5a_1p10_l2_boundary,L2_BOUNDARY_MINIMUM,1.1,L2,0.96,1190.0,False,3175.0,525.0,0.16535433070866143,2600.0,0.8188976377952756,0,0.0,0,0.0,50.0,0.015748031496062992,2650.0,0.8346456692913385,2650.0,25.0,False,0,0
t0_5a_1p10_l2_boundary,L2_BOUNDARY_MINIMUM,1.1,L2,0.96,1190.0,False,3200.0,525.0,0.1640625,2625.0,0.8203125,0,0.0,0,0.0,50.0,0.015625,2675.0,0.8359375,2675.0,25.0,False,0,0
t0_5a_1p10_l2_boundary,L2_BOUNDARY_MINIMUM,1.1,L2,0.96,1190.0,False,3225.0,525.0,0.16279069767441862,2650.0,0.8217054263565892,0,0.0,0,0.0,50.0,0.015503875968992248,2700.0,0.8372093023255814,2700.0,25.0,False,0,0
t0_5a_1p10_l2_boundary,L2_BOUNDARY_MINIMUM,1.1,L2,0.96,1190.0,False,3250.0,525.0,0.16153846153846155,2675.0,0.823076923076923,0,0.0,0,0.0,50.0,0.015384615384615385,2725.0,0.8384615384615385,2725.0,25.0,False,0,0
t0_5a_1p10_l2_boundary,L2_BOUNDARY_MINIMUM,1.1,L2,0.96,1190.0,False,3275.0,525.0,0.16030534351145037,2700.0,0.8244274809160306,0,0.0,0,0.0,50.0,0.015267175572519083,2750.0,0.8396946564885496,2750.0,25.0,False,0,0
t0_5a_1p10_l2_boundary,L2_BOUNDARY_MINIMUM,1.1,L2,0.96,1190.0,False,3300.0,525.0,0.1590909090909091,2725.0,0.8257575757575758,0,0.0,0,0.0,50.0,0.015151515151515152,2775.0,0.8409090909090909,2775.0,25.0,False,0,0
t0_5a_1p10_l2_boundary,L2_BOUNDARY_MINIMUM,1.1,L2,0.96,1190.0,False,3325.0,525.0,0.15789473684210525,2750.0,0.8270676691729323,0,0.0,0,0.0,50.0,0.015037593984962405,2800.0,0.8421052631578947,2800.0,25.0,False,0,0
t0_5a_1p10_l2_boundary,L2_BOUNDARY_MINIMUM,1.1,L2,0.96,1190.0,False,3350.0,525.0,0.15671641791044777,2775.0,0.8283582089552238,0,0.0,0,0.0,50.0,0.014925373134328358,2825.0,0.8432835820895522,2825.0,25.0,False,0,0
t0_5a_1p10_l2_boundary,L2_BOUNDARY_MINIMUM,1.1,L2,0.96,1190.0,False,3375.0,525.0,0.15555555555555556,2800.0,0.8296296296296296,0,0.0,0,0.0,50.0,0.014814814814814815,2850.0,0.8444444444444444,2850.0,25.0,False,0,0
t0_5a_1p10_l2_boundary,L2_BOUNDARY_MINIMUM,1.1,L2,0.96,1190.0,False,3400.0,525.0,0.15441176470588236,2825.0,0.8308823529411765,0,0.0,0,0.0,50.0,0.014705882352941176,2875.0,0.8455882352941176,2875.0,25.0,False,0,0
t0_5a_1p10_l2_boundary,L2_BOUNDARY_MINIMUM,1.1,L2,0.96,1190.0,False,3425.0,525.0,0.15328467153284672,2850.0,0.8321167883211679,0,0.0,0,0.0,50.0,0.014598540145985401,2900.0,0.8467153284671532,2900.0,25.0,False,0,0
t0_5a_1p10_l2_boundary,L2_BOUNDARY_MINIMUM,1.1,L2,0.96,1190.0,False,3450.0,525.0,0.15217391304347827,2875.0,0.8333333333333334,0,0.0,0,0.0,50.0,0.014492753623188406,2925.0,0.8478260869565217,2925.0,25.0,False,0,0
t0_5a_1p10_l2_boundary,L2_BOUNDARY_MINIMUM,1.1,L2,0.96,1190.0,False,3475.0,525.0,0.1510791366906475,2900.0,0.8345323741007195,0,0.0,0,0.0,50.0,0.014388489208633094,2950.0,0.8489208633093526,2950.0,25.0,False,0,0
t0_5a_1p10_l2_boundary,L2_BOUNDARY_MINIMUM,1.1,L2,0.96,1190.0,False,3500.0,525.0,0.15,2925.0,0.8357142857142857,0,0.0,0,0.0,50.0,0.014285714285714285,2975.0,0.85,2975.0,25.0,False,0,0
t0_5a_1p10_l2_boundary,L2_BOUNDARY_MINIMUM,1.1,L2,0.96,1190.0,False,3525.0,525.0,0.14893617021276595,2950.0,0.8368794326241135,0,0.0,0,0.0,50.0,0.014184397163120567,3000.0,0.851063829787234,3000.0,25.0,False,0,0
t0_5a_1p10_l2_boundary,L2_BOUNDARY_MINIMUM,1.1,L2,0.96,1190.0,False,3550.0,525.0,0.14788732394366197,2975.0,0.8380281690140845,0,0.0,0,0.0,50.0,0.014084507042253521,3025.0,0.852112676056338,3025.0,25.0,False,0,0
t0_5a_1p10_l2_boundary,L2_BOUNDARY_MINIMUM,1.1,L2,0.96,1190.0,False,3575.0,525.0,0.14685314685314685,3000.0,0.8391608391608392,0,0.0,0,0.0,50.0,0.013986013986013986,3050.0,0.8531468531468531,3050.0,25.0,False,0,0
t0_5a_1p10_l2_boundary,L2_BOUNDARY_MINIMUM,1.1,L2,0.96,1190.0,False,3600.0,525.0,0.14583333333333334,3025.0,0.8402777777777778,0,0.0,0,0.0,50.0,0.013888888888888888,3075.0,0.8541666666666666,3075.0,25.0,False,0,0
t0_5a_1p10_l2_boundary,L2_BOUNDARY_MINIMUM,1.1,L2,0.96,1190.0,False,3625.0,525.0,0.14482758620689656,3050.0,0.8413793103448276,0,0.0,0,0.0,50.0,0.013793103448275862,3100.0,0.8551724137931035,3100.0,25.0,False,0,0
t0_5a_1p10_l2_boundary,L2_BOUNDARY_MINIMUM,1.1,L2,0.96,1190.0,False,3650.0,525.0,0.14383561643835616,3075.0,0.8424657534246576,0,0.0,0,0.0,50.0,0.0136986301369863,3125.0,0.8561643835616438,3125.0,25.0,False,0,0
t0_5a_1p10_l2_boundary,L2_BOUNDARY_MINIMUM,1.1,L2,0.96,1190.0,False,3675.0,525.0,0.14285714285714285,3100.0,0.8435374149659864,0,0.0,0,0.0,50.0,0.013605442176870748,3150.0,0.8571428571428571,3150.0,25.0,False,0,0
t0_5a_1p10_l2_boundary,L2_BOUNDARY_MINIMUM,1.1,L2,0.96,1190.0,False,3700.0,525.0,0.14189189189189189,3125.0,0.8445945945945946,0,0.0,0,0.0,50.0,0.013513513513513514,3175.0,0.8581081081081081,3175.0,25.0,False,0,0
t0_5a_1p10_l2_boundary,L2_BOUNDARY_MINIMUM,1.1,L2,0.96,1190.0,False,3725.0,525.0,0.14093959731543623,3150.0,0.8456375838926175,0,0.0,0,0.0,50.0,0.013422818791946308,3200.0,0.8590604026845637,3200.0,25.0,False,0,0
t0_5a_1p10_l2_boundary,L2_BOUNDARY_MINIMUM,1.1,L2,0.96,1190.0,False,3750.0,525.0,0.14,3175.0,0.8466666666666667,0,0.0,0,0.0,50.0,0.013333333333333334,3225.0,0.86,3225.0,25.0,False,0,0
t0_5a_1p10_l2_boundary,L2_BOUNDARY_MINIMUM,1.1,L2,0.96,1190.0,False,3775.0,525.0,0.1390728476821192,3200.0,0.847682119205298,0,0.0,0,0.0,50.0,0.013245033112582781,3250.0,0.8609271523178808,3250.0,25.0,False,0,0
t0_5a_1p10_l2_boundary,L2_BOUNDARY_MINIMUM,1.1,L2,0.96,1190.0,False,3800.0,525.0,0.13815789473684212,3225.0,0.8486842105263158,0,0.0,0,0.0,50.0,0.013157894736842105,3275.0,0.8618421052631579,3275.0,25.0,False,0,0
t0_5a_1p10_l2_boundary,L2_BOUNDARY_MINIMUM,1.1,L2,0.96,1190.0,False,3825.0,525.0,0.13725490196078433,3250.0,0.8496732026143791,0,0.0,0,0.0,50.0,0.013071895424836602,3300.0,0.8627450980392157,3300.0,25.0,False,0,0
t0_5a_1p10_l2_boundary,L2_BOUNDARY_MINIMUM,1.1,L2,0.96,1190.0,False,3850.0,525.0,0.13636363636363635,3275.0,0.8506493506493507,0,0.0,0,0.0,50.0,0.012987012987012988,3325.0,0.8636363636363636,3325.0,25.0,False,0,0
t0_5a_1p10_l2_boundary,L2_BOUNDARY_MINIMUM,1.1,L2,0.96,1190.0,False,3875.0,525.0,0.13548387096774195,3300.0,0.8516129032258064,0,0.0,0,0.0,50.0,0.012903225806451613,3350.0,0.864516129032258,3350.0,25.0,False,0,0
t0_5a_1p10_l2_boundary,L2_BOUNDARY_MINIMUM,1.1,L2,0.96,1190.0,False,3900.0,525.0,0.1346153846153846,3325.0,0.8525641025641025,0,0.0,0,0.0,50.0,0.01282051282051282,3375.0,0.8653846153846154,3375.0,25.0,False,0,0
t0_5a_1p10_l2_boundary,L2_BOUNDARY_MINIMUM,1.1,L2,0.96,1190.0,False,3925.0,525.0,0.1337579617834395,3350.0,0.8535031847133758,0,0.0,0,0.0,50.0,0.012738853503184714,3400.0,0.8662420382165605,3400.0,25.0,False,0,0
t0_5a_1p10_l2_boundary,L2_BOUNDARY_MINIMUM,1.1,L2,0.96,1190.0,False,3950.0,525.0,0.13291139240506328,3375.0,0.8544303797468354,0,0.0,0,0.0,50.0,0.012658227848101266,3425.0,0.8670886075949367,3425.0,25.0,False,0,0
t0_5a_1p10_l2_boundary,L2_BOUNDARY_MINIMUM,1.1,L2,0.96,1190.0,False,3975.0,525.0,0.1320754716981132,3400.0,0.8553459119496856,0,0.0,0,0.0,50.0,0.012578616352201259,3450.0,0.8679245283018868,3450.0,25.0,False,0,0
t0_5a_1p10_l2_boundary,L2_BOUNDARY_MINIMUM,1.1,L2,0.96,1190.0,False,4000.0,525.0,0.13125,3425.0,0.85625,0,0.0,0,0.0,50.0,0.0125,3475.0,0.86875,3475.0,25.0,False,0,0
t0_5a_1p10_l2_boundary,L2_BOUNDARY_MINIMUM,1.1,L2,0.96,1190.0,False,4025.0,525.0,0.13043478260869565,3450.0,0.8571428571428571,0,0.0,0,0.0,50.0,0.012422360248447204,3500.0,0.8695652173913043,3500.0,25.0,False,0,0
t0_5a_1p10_l2_boundary,L2_BOUNDARY_MINIMUM,1.1,L2,0.96,1190.0,False,4050.0,525.0,0.12962962962962962,3475.0,0.8580246913580247,0,0.0,0,0.0,50.0,0.012345679012345678,3525.0,0.8703703703703703,3525.0,25.0,False,0,0
t0_5a_1p10_l2_boundary,L2_BOUNDARY_MINIMUM,1.1,L2,0.96,1190.0,False,4075.0,525.0,0.12883435582822086,3500.0,0.8588957055214724,0,0.0,0,0.0,50.0,0.012269938650306749,3550.0,0.8711656441717791,3550.0,25.0,False,0,0
t0_5a_1p10_l2_boundary,L2_BOUNDARY_MINIMUM,1.1,L2,0.96,1190.0,False,4100.0,525.0,0.12804878048780488,3525.0,0.8597560975609756,0,0.0,0,0.0,50.0,0.012195121951219513,3575.0,0.8719512195121951,3575.0,25.0,False,0,0
t0_5a_1p10_l2_boundary,L2_BOUNDARY_MINIMUM,1.1,L2,0.96,1190.0,False,4125.0,525.0,0.12727272727272726,3550.0,0.8606060606060606,0,0.0,0,0.0,50.0,0.012121212121212121,3600.0,0.8727272727272727,3600.0,25.0,False,0,0
t0_5a_1p10_l2_boundary,L2_BOUNDARY_MINIMUM,1.1,L2,0.96,1190.0,False,4150.0,525.0,0.12650602409638553,3575.0,0.8614457831325302,0,0.0,0,0.0,50.0,0.012048192771084338,3625.0,0.8734939759036144,3625.0,25.0,False,0,0
t0_5a_1p10_l2_boundary,L2_BOUNDARY_MINIMUM,1.1,L2,0.96,1190.0,False,4175.0,525.0,0.12574850299401197,3600.0,0.8622754491017964,0,0.0,0,0.0,50.0,0.011976047904191617,3650.0,0.874251497005988,3650.0,25.0,False,0,0
t0_5a_1p10_l2_boundary,L2_BOUNDARY_MINIMUM,1.1,L2,0.96,1190.0,False,4200.0,525.0,0.125,3625.0,0.8630952380952381,0,0.0,0,0.0,50.0,0.011904761904761904,3675.0,0.875,3675.0,25.0,False,0,0
t0_5a_1p10_l2_boundary,L2_BOUNDARY_MINIMUM,1.1,L2,0.96,1190.0,False,4225.0,525.0,0.1242603550295858,3650.0,0.863905325443787,0,0.0,0,0.0,50.0,0.011834319526627219,3700.0,0.8757396449704142,3700.0,25.0,False,0,0
t0_5a_1p10_l2_boundary,L2_BOUNDARY_MINIMUM,1.1,L2,0.96,1190.0,False,4250.0,525.0,0.12352941176470589,3675.0,0.8647058823529412,0,0.0,0,0.0,50.0,0.011764705882352941,3725.0,0.8764705882352941,3725.0,25.0,False,0,0
t0_5a_1p10_l2_boundary,L2_BOUNDARY_MINIMUM,1.1,L2,0.96,1190.0,False,4275.0,525.0,0.12280701754385964,3700.0,0.8654970760233918,0,0.0,0,0.0,50.0,0.011695906432748537,3750.0,0.8771929824561403,3750.0,25.0,False,0,0
t0_5a_1p10_l2_boundary,L2_BOUNDARY_MINIMUM,1.1,L2,0.96,1190.0,False,4300.0,525.0,0.12209302325581395,3725.0,0.8662790697674418,0,0.0,0,0.0,50.0,0.011627906976744186,3775.0,0.877906976744186,3775.0,25.0,False,0,0
t0_5a_1p10_l2_boundary,L2_BOUNDARY_MINIMUM,1.1,L2,0.96,1190.0,False,4325.0,525.0,0.12138728323699421,3750.0,0.8670520231213873,0,0.0,0,0.0,50.0,0.011560693641618497,3800.0,0.8786127167630058,3800.0,25.0,False,0,0
t0_5a_1p10_l2_boundary,L2_BOUNDARY_MINIMUM,1.1,L2,0.96,1190.0,False,4350.0,525.0,0.1206896551724138,3775.0,0.867816091954023,0,0.0,0,0.0,50.0,0.011494252873563218,3825.0,0.8793103448275862,3825.0,25.0,False,0,0
t0_5a_1p10_l2_boundary,L2_BOUNDARY_MINIMUM,1.1,L2,0.96,1190.0,False,4375.0,525.0,0.12,3800.0,0.8685714285714285,0,0.0,0,0.0,50.0,0.011428571428571429,3850.0,0.88,3850.0,25.0,False,0,0
t0_5a_1p10_l2_boundary,L2_BOUNDARY_MINIMUM,1.1,L2,0.96,1190.0,False,4400.0,525.0,0.11931818181818182,3825.0,0.8693181818181818,0,0.0,0,0.0,50.0,0.011363636363636364,3875.0,0.8806818181818182,3875.0,25.0,False,0,0
t0_5a_1p10_l2_boundary,L2_BOUNDARY_MINIMUM,1.1,L2,0.96,1190.0,False,4425.0,525.0,0.11864406779661017,3850.0,0.8700564971751412,0,0.0,0,0.0,50.0,0.011299435028248588,3900.0,0.8813559322033898,3900.0,25.0,False,0,0
t0_5a_1p10_l2_boundary,L2_BOUNDARY_MINIMUM,1.1,L2,0.96,1190.0,False,4450.0,525.0,0.11797752808988764,3875.0,0.8707865168539326,0,0.0,0,0.0,50.0,0.011235955056179775,3925.0,0.8820224719101124,3925.0,25.0,False,0,0
t0_5a_1p10_l2_boundary,L2_BOUNDARY_MINIMUM,1.1,L2,0.96,1190.0,False,4475.0,525.0,0.11731843575418995,3900.0,0.8715083798882681,0,0.0,0,0.0,50.0,0.0111731843575419,3950.0,0.88268156424581,3950.0,25.0,False,0,0
t0_5a_1p10_l2_boundary,L2_BOUNDARY_MINIMUM,1.1,L2,0.96,1190.0,False,4500.0,525.0,0.11666666666666667,3925.0,0.8722222222222222,0,0.0,0,0.0,50.0,0.011111111111111112,3975.0,0.8833333333333333,3975.0,25.0,False,0,0
t0_5a_1p10_l2_boundary,L2_BOUNDARY_MINIMUM,1.1,L2,0.96,1190.0,False,4525.0,525.0,0.11602209944751381,3950.0,0.8729281767955801,0,0.0,0,0.0,50.0,0.011049723756906077,4000.0,0.8839779005524862,4000.0,25.0,False,0,0
t0_5a_1p10_l2_boundary,L2_BOUNDARY_MINIMUM,1.1,L2,0.96,1190.0,False,4550.0,525.0,0.11538461538461539,3975.0,0.8736263736263736,0,0.0,0,0.0,50.0,0.01098901098901099,4025.0,0.8846153846153846,4025.0,25.0,False,0,0
t0_5a_1p10_l2_boundary,L2_BOUNDARY_MINIMUM,1.1,L2,0.96,1190.0,False,4575.0,525.0,0.11475409836065574,4000.0,0.8743169398907104,0,0.0,0,0.0,50.0,0.01092896174863388,4050.0,0.8852459016393442,4050.0,25.0,False,0,0
t0_5a_1p10_l2_boundary,L2_BOUNDARY_MINIMUM,1.1,L2,0.96,1190.0,False,4600.0,525.0,0.11413043478260869,4025.0,0.875,0,0.0,0,0.0,50.0,0.010869565217391304,4075.0,0.8858695652173914,4075.0,25.0,False,0,0
t0_5a_1p10_l2_boundary,L2_BOUNDARY_MINIMUM,1.1,L2,0.96,1190.0,False,4625.0,525.0,0.11351351351351352,4050.0,0.8756756756756757,0,0.0,0,0.0,50.0,0.010810810810810811,4100.0,0.8864864864864865,4100.0,25.0,False,0,0
t0_5a_1p10_l2_boundary,L2_BOUNDARY_MINIMUM,1.1,L2,0.96,1190.0,False,4650.0,525.0,0.11290322580645161,4075.0,0.8763440860215054,0,0.0,0,0.0,50.0,0.010752688172043012,4125.0,0.8870967741935484,4125.0,25.0,False,0,0
t0_5a_1p10_l2_boundary,L2_BOUNDARY_MINIMUM,1.1,L2,0.96,1190.0,False,4675.0,525.0,0.11229946524064172,4100.0,0.8770053475935828,0,0.0,0,0.0,50.0,0.0106951871657754,4150.0,0.8877005347593583,4150.0,25.0,False,0,0
t0_5a_1p10_l2_boundary,L2_BOUNDARY_MINIMUM,1.1,L2,0.96,1190.0,False,4700.0,525.0,0.11170212765957446,4125.0,0.8776595744680851,0,0.0,0,0.0,50.0,0.010638297872340425,4175.0,0.8882978723404256,4175.0,25.0,False,0,0
t0_5a_1p10_l2_boundary,L2_BOUNDARY_MINIMUM,1.1,L2,0.96,1190.0,False,4725.0,525.0,0.1111111111111111,4150.0,0.8783068783068783,0,0.0,0,0.0,50.0,0.010582010582010581,4200.0,0.8888888888888888,4200.0,25.0,False,0,0
t0_5a_1p10_l2_boundary,L2_BOUNDARY_MINIMUM,1.1,L2,0.96,1190.0,False,4750.0,525.0,0.11052631578947368,4175.0,0.8789473684210526,0,0.0,0,0.0,50.0,0.010526315789473684,4225.0,0.8894736842105263,4225.0,25.0,False,0,0
t0_5a_1p10_l2_boundary,L2_BOUNDARY_MINIMUM,1.1,L2,0.96,1190.0,False,4775.0,525.0,0.1099476439790576,4200.0,0.8795811518324608,0,0.0,0,0.0,50.0,0.010471204188481676,4250.0,0.8900523560209425,4250.0,25.0,False,0,0
t0_5a_1p10_l2_boundary,L2_BOUNDARY_MINIMUM,1.1,L2,0.96,1190.0,False,4800.0,525.0,0.109375,4225.0,0.8802083333333334,0,0.0,0,0.0,50.0,0.010416666666666666,4275.0,0.890625,4275.0,25.0,False,0,0
t0_5a_1p10_l2_boundary,L2_BOUNDARY_MINIMUM,1.1,L2,0.96,1190.0,False,4825.0,525.0,0.10880829015544041,4250.0,0.8808290155440415,0,0.0,0,0.0,50.0,0.010362694300518135,4300.0,0.8911917098445595,4300.0,25.0,False,0,0
t0_5a_1p10_l2_boundary,L2_BOUNDARY_MINIMUM,1.1,L2,0.96,1190.0,False,4850.0,525.0,0.10824742268041238,4275.0,0.8814432989690721,0,0.0,0,0.0,50.0,0.010309278350515464,4325.0,0.8917525773195877,4325.0,25.0,False,0,0
t0_5a_1p10_l2_boundary,L2_BOUNDARY_MINIMUM,1.1,L2,0.96,1190.0,False,4875.0,525.0,0.1076923076923077,4300.0,0.882051282051282,0,0.0,0,0.0,50.0,0.010256410256410256,4350.0,0.8923076923076924,4350.0,25.0,False,0,0
t0_5a_1p10_l2_boundary,L2_BOUNDARY_MINIMUM,1.1,L2,0.96,1190.0,False,4900.0,525.0,0.10714285714285714,4325.0,0.8826530612244898,0,0.0,0,0.0,50.0,0.01020408163265306,4375.0,0.8928571428571429,4375.0,25.0,False,0,0
t0_5a_1p10_l2_boundary,L2_BOUNDARY_MINIMUM,1.1,L2,0.96,1190.0,False,4925.0,525.0,0.1065989847715736,4350.0,0.883248730964467,0,0.0,0,0.0,50.0,0.01015228426395939,4400.0,0.8934010152284264,4400.0,25.0,False,0,0
t0_5a_1p10_l2_boundary,L2_BOUNDARY_MINIMUM,1.1,L2,0.96,1190.0,False,4950.0,525.0,0.10606060606060606,4375.0,0.8838383838383839,0,0.0,0,0.0,50.0,0.010101010101010102,4425.0,0.8939393939393939,4425.0,25.0,False,0,0
t0_5a_1p10_l2_boundary,L2_BOUNDARY_MINIMUM,1.1,L2,0.96,1190.0,False,4975.0,525.0,0.10552763819095477,4400.0,0.8844221105527639,0,0.0,0,0.0,50.0,0.010050251256281407,4450.0,0.8944723618090452,4450.0,25.0,False,0,0
t0_5a_1p10_l2_boundary,L2_BOUNDARY_MINIMUM,1.1,L2,0.96,1190.0,False,5000.0,525.0,0.105,4425.0,0.885,0,0.0,0,0.0,50.0,0.01,4475.0,0.895,4475.0,25.0,False,0,0
t0_5a_1p10_l2_boundary,L2_BOUNDARY_MINIMUM,1.1,L2,0.96,1190.0,False,5025.0,525.0,0.1044776119402985,4450.0,0.8855721393034826,0,0.0,0,0.0,50.0,0.009950248756218905,4500.0,0.8955223880597015,4500.0,25.0,False,0,0
t0_5a_1p10_l2_boundary,L2_BOUNDARY_MINIMUM,1.1,L2,0.96,1190.0,False,5050.0,525.0,0.10396039603960396,4475.0,0.8861386138613861,0,0.0,0,0.0,50.0,0.009900990099009901,4525.0,0.8960396039603961,4525.0,25.0,False,0,0
t0_5a_1p10_l2_boundary,L2_BOUNDARY_MINIMUM,1.1,L2,0.96,1190.0,False,5075.0,525.0,0.10344827586206896,4500.0,0.8866995073891626,0,0.0,0,0.0,50.0,0.009852216748768473,4550.0,0.896551724137931,4550.0,25.0,False,0,0
t0_5a_1p10_l2_boundary,L2_BOUNDARY_MINIMUM,1.1,L2,0.96,1190.0,False,5100.0,525.0,0.10294117647058823,4525.0,0.8872549019607843,0,0.0,0,0.0,50.0,0.00980392156862745,4575.0,0.8970588235294118,4575.0,25.0,False,0,0
t0_5a_1p10_l2_boundary,L2_BOUNDARY_MINIMUM,1.1,L2,0.96,1190.0,False,5125.0,525.0,0.1024390243902439,4550.0,0.8878048780487805,0,0.0,0,0.0,50.0,0.00975609756097561,4600.0,0.8975609756097561,4600.0,25.0,False,0,0
t0_5a_1p10_l2_boundary,L2_BOUNDARY_MINIMUM,1.1,L2,0.96,1190.0,False,5150.0,525.0,0.10194174757281553,4575.0,0.8883495145631068,0,0.0,0,0.0,50.0,0.009708737864077669,4625.0,0.8980582524271845,4625.0,25.0,False,0,0
t0_5a_1p10_l2_boundary,L2_BOUNDARY_MINIMUM,1.1,L2,0.96,1190.0,False,5175.0,525.0,0.10144927536231885,4600.0,0.8888888888888888,0,0.0,0,0.0,50.0,0.00966183574879227,4650.0,0.8985507246376812,4650.0,25.0,False,0,0
t0_5a_1p10_l2_boundary,L2_BOUNDARY_MINIMUM,1.1,L2,0.96,1190.0,False,5200.0,525.0,0.10096153846153846,4625.0,0.8894230769230769,0,0.0,0,0.0,50.0,0.009615384615384616,4675.0,0.8990384615384616,4675.0,25.0,False,0,0
t0_5a_1p10_l2_boundary,L2_BOUNDARY_MINIMUM,1.1,L2,0.96,1190.0,False,5225.0,525.0,0.10047846889952153,4650.0,0.8899521531100478,0,0.0,0,0.0,50.0,0.009569377990430622,4700.0,0.8995215311004785,4700.0,25.0,False,0,0
t0_5a_1p10_l2_boundary,L2_BOUNDARY_MINIMUM,1.1,L2,0.96,1190.0,False,5250.0,525.0,0.1,4675.0,0.8904761904761904,0,0.0,0,0.0,50.0,0.009523809523809525,4725.0,0.9,4725.0,25.0,False,0,0
t0_5a_1p10_l2_boundary,L2_BOUNDARY_MINIMUM,1.1,L2,0.96,1190.0,False,5275.0,525.0,0.0995260663507109,4700.0,0.8909952606635071,0,0.0,0,0.0,50.0,0.009478672985781991,4750.0,0.9004739336492891,4750.0,25.0,False,0,0
t0_5a_1p10_l2_boundary,L2_BOUNDARY_MINIMUM,1.1,L2,0.96,1190.0,False,5300.0,525.0,0.09905660377358491,4725.0,0.8915094339622641,0,0.0,0,0.0,50.0,0.009433962264150943,4775.0,0.9009433962264151,4775.0,25.0,False,0,0
t0_5a_1p10_l2_boundary,L2_BOUNDARY_MINIMUM,1.1,L2,0.96,1190.0,False,5325.0,525.0,0.09859154929577464,4750.0,0.892018779342723,0,0.0,0,0.0,50.0,0.009389671361502348,4800.0,0.9014084507042254,4800.0,25.0,False,0,0
t0_5a_1p10_l2_boundary,L2_BOUNDARY_MINIMUM,1.1,L2,0.96,1190.0,False,5350.0,525.0,0.09813084112149532,4775.0,0.8925233644859814,0,0.0,0,0.0,50.0,0.009345794392523364,4825.0,0.9018691588785047,4825.0,25.0,False,0,0
t0_5a_1p10_l2_boundary,L2_BOUNDARY_MINIMUM,1.1,L2,0.96,1190.0,False,5375.0,525.0,0.09767441860465116,4800.0,0.8930232558139535,0,0.0,0,0.0,50.0,0.009302325581395349,4850.0,0.9023255813953488,4850.0,25.0,False,0,0
t0_5a_1p10_l2_boundary,L2_BOUNDARY_MINIMUM,1.1,L2,0.96,1190.0,False,5400.0,525.0,0.09722222222222222,4825.0,0.8935185185185185,0,0.0,0,0.0,50.0,0.009259259259259259,4875.0,0.9027777777777778,4875.0,25.0,False,0,0
t0_5a_1p10_l2_boundary,L2_BOUNDARY_MINIMUM,1.1,L2,0.96,1190.0,False,5425.0,525.0,0.0967741935483871,4850.0,0.8940092165898618,0,0.0,0,0.0,50.0,0.009216589861751152,4900.0,0.9032258064516129,4900.0,25.0,False,0,0
t0_5a_1p10_l2_boundary,L2_BOUNDARY_MINIMUM,1.1,L2,0.96,1190.0,False,5450.0,525.0,0.0963302752293578,4875.0,0.8944954128440367,0,0.0,0,0.0,50.0,0.009174311926605505,4925.0,0.9036697247706422,4925.0,25.0,False,0,0
t0_5a_1p10_l2_boundary,L2_BOUNDARY_MINIMUM,1.1,L2,0.96,1190.0,False,5475.0,525.0,0.0958904109589041,4900.0,0.8949771689497716,0,0.0,0,0.0,50.0,0.0091324200913242,4950.0,0.9041095890410958,4950.0,25.0,False,0,0
t0_5a_1p10_l2_boundary,L2_BOUNDARY_MINIMUM,1.1,L2,0.96,1190.0,False,5500.0,525.0,0.09545454545454546,4925.0,0.8954545454545455,0,0.0,0,0.0,50.0,0.00909090909090909,4975.0,0.9045454545454545,4975.0,25.0,False,0,0
t0_5a_1p10_l2_boundary,L2_BOUNDARY_MINIMUM,1.1,L2,0.96,1190.0,False,5525.0,525.0,0.09502262443438914,4950.0,0.8959276018099548,0,0.0,0,0.0,50.0,0.00904977375565611,5000.0,0.9049773755656109,5000.0,25.0,False,0,0
t0_5a_1p10_l2_boundary,L2_BOUNDARY_MINIMUM,1.1,L2,0.96,1190.0,False,5550.0,525.0,0.0945945945945946,4975.0,0.8963963963963963,0,0.0,0,0.0,50.0,0.009009009009009009,5025.0,0.9054054054054054,5025.0,25.0,False,0,0
t0_5a_1p10_l2_boundary,L2_BOUNDARY_MINIMUM,1.1,L2,0.96,1190.0,False,5575.0,525.0,0.09417040358744394,5000.0,0.8968609865470852,0,0.0,0,0.0,50.0,0.008968609865470852,5050.0,0.905829596412556,5050.0,25.0,False,0,0
t0_5a_1p10_l2_boundary,L2_BOUNDARY_MINIMUM,1.1,L2,0.96,1190.0,False,5600.0,525.0,0.09375,5025.0,0.8973214285714286,0,0.0,0,0.0,50.0,0.008928571428571428,5075.0,0.90625,5075.0,25.0,False,0,0
t0_5a_1p10_l2_boundary,L2_BOUNDARY_MINIMUM,1.1,L2,0.96,1190.0,False,5625.0,525.0,0.09333333333333334,5050.0,0.8977777777777778,0,0.0,0,0.0,50.0,0.008888888888888889,5100.0,0.9066666666666666,5100.0,25.0,False,0,0
t0_5a_1p10_l2_boundary,L2_BOUNDARY_MINIMUM,1.1,L2,0.96,1190.0,False,5650.0,525.0,0.09292035398230089,5075.0,0.8982300884955752,0,0.0,0,0.0,50.0,0.008849557522123894,5125.0,0.9070796460176991,5125.0,25.0,False,0,0
t0_5a_1p10_l2_boundary,L2_BOUNDARY_MINIMUM,1.1,L2,0.96,1190.0,False,5675.0,525.0,0.09251101321585903,5100.0,0.8986784140969163,0,0.0,0,0.0,50.0,0.00881057268722467,5150.0,0.9074889867841409,5150.0,25.0,False,0,0
t0_5a_1p10_l2_boundary,L2_BOUNDARY_MINIMUM,1.1,L2,0.96,1190.0,False,5700.0,525.0,0.09210526315789473,5125.0,0.8991228070175439,0,0.0,0,0.0,50.0,0.008771929824561403,5175.0,0.9078947368421053,5175.0,25.0,False,0,0
t0_5a_1p10_l2_boundary,L2_BOUNDARY_MINIMUM,1.1,L2,0.96,1190.0,False,5725.0,525.0,0.09170305676855896,5150.0,0.8995633187772926,0,0.0,0,0.0,50.0,0.008733624454148471,5200.0,0.9082969432314411,5200.0,25.0,False,0,0
t0_5a_1p10_l2_boundary,L2_BOUNDARY_MINIMUM,1.1,L2,0.96,1190.0,False,5750.0,525.0,0.09130434782608696,5175.0,0.9,0,0.0,0,0.0,50.0,0.008695652173913044,5225.0,0.908695652173913,5225.0,25.0,False,0,0
t0_5a_1p10_l2_boundary,L2_BOUNDARY_MINIMUM,1.1,L2,0.96,1190.0,False,5775.0,525.0,0.09090909090909091,5200.0,0.9004329004329005,0,0.0,0,0.0,50.0,0.008658008658008658,5250.0,0.9090909090909091,5250.0,25.0,False,0,0
t0_5a_1p10_l2_boundary,L2_BOUNDARY_MINIMUM,1.1,L2,0.96,1190.0,False,5800.0,525.0,0.09051724137931035,5225.0,0.9008620689655172,0,0.0,0,0.0,50.0,0.008620689655172414,5275.0,0.9094827586206896,5275.0,25.0,False,0,0
t0_5a_1p10_l2_boundary,L2_BOUNDARY_MINIMUM,1.1,L2,0.96,1190.0,False,5825.0,525.0,0.09012875536480687,5250.0,0.9012875536480687,0,0.0,0,0.0,50.0,0.008583690987124463,5300.0,0.9098712446351931,5300.0,25.0,False,0,0
t0_5a_1p10_l2_boundary,L2_BOUNDARY_MINIMUM,1.1,L2,0.96,1190.0,False,5850.0,525.0,0.08974358974358974,5275.0,0.9017094017094017,0,0.0,0,0.0,50.0,0.008547008547008548,5325.0,0.9102564102564102,5325.0,25.0,False,0,0
t0_5a_1p10_l2_boundary,L2_BOUNDARY_MINIMUM,1.1,L2,0.96,1190.0,False,5875.0,525.0,0.08936170212765958,5300.0,0.902127659574468,0,0.0,0,0.0,50.0,0.00851063829787234,5350.0,0.9106382978723404,5350.0,25.0,False,0,0
t0_5a_1p10_l2_boundary,L2_BOUNDARY_MINIMUM,1.1,L2,0.96,1190.0,False,5900.0,525.0,0.08898305084745763,5325.0,0.902542372881356,0,0.0,0,0.0,50.0,0.00847457627118644,5375.0,0.9110169491525424,5375.0,25.0,False,0,0
t0_5a_1p10_l2_boundary,L2_BOUNDARY_MINIMUM,1.1,L2,0.96,1190.0,False,5925.0,525.0,0.08860759493670886,5350.0,0.9029535864978903,0,0.0,0,0.0,50.0,0.008438818565400843,5400.0,0.9113924050632911,5400.0,25.0,False,0,0
t0_5a_1p10_l2_boundary,L2_BOUNDARY_MINIMUM,1.1,L2,0.96,1190.0,False,5950.0,525.0,0.08823529411764706,5375.0,0.9033613445378151,0,0.0,0,0.0,50.0,0.008403361344537815,5425.0,0.9117647058823529,5425.0,25.0,False,0,0
t0_5a_1p10_l2_boundary,L2_BOUNDARY_MINIMUM,1.1,L2,0.96,1190.0,False,5975.0,525.0,0.08786610878661087,5400.0,0.9037656903765691,0,0.0,0,0.0,50.0,0.008368200836820083,5450.0,0.9121338912133892,5450.0,25.0,False,0,0
t0_5a_1p10_l2_boundary,L2_BOUNDARY_MINIMUM,1.1,L2,0.96,1190.0,False,6000.0,525.0,0.0875,5425.0,0.9041666666666667,0,0.0,0,0.0,50.0,0.008333333333333333,5475.0,0.9125,5475.0,25.0,False,0,0
t0_5a_1p10_l2_long,L2_LONG_PULSE,1.1,L2,0.96,3002.0,True,25.0,25.0,1.0,0,0.0,0,0.0,0,0.0,0,0.0,0,0.0,0.0,,True,0,0
t0_5a_1p10_l2_long,L2_LONG_PULSE,1.1,L2,0.96,3002.0,True,50.0,50.0,1.0,0,0.0,0,0.0,0,0.0,0,0.0,0,0.0,0.0,,True,0,0
t0_5a_1p10_l2_long,L2_LONG_PULSE,1.1,L2,0.96,3002.0,True,75.0,75.0,1.0,0,0.0,0,0.0,0,0.0,0,0.0,0,0.0,0.0,,True,0,0
t0_5a_1p10_l2_long,L2_LONG_PULSE,1.1,L2,0.96,3002.0,True,100.0,100.0,1.0,0,0.0,0,0.0,0,0.0,0,0.0,0,0.0,0.0,,True,0,0
t0_5a_1p10_l2_long,L2_LONG_PULSE,1.1,L2,0.96,3002.0,True,125.0,125.0,1.0,0,0.0,0,0.0,0,0.0,0,0.0,0,0.0,0.0,,True,0,0
t0_5a_1p10_l2_long,L2_LONG_PULSE,1.1,L2,0.96,3002.0,True,150.0,150.0,1.0,0,0.0,0,0.0,0,0.0,0,0.0,0,0.0,0.0,,True,0,0
t0_5a_1p10_l2_long,L2_LONG_PULSE,1.1,L2,0.96,3002.0,True,175.0,175.0,1.0,0,0.0,0,0.0,0,0.0,0,0.0,0,0.0,0.0,,True,0,0
t0_5a_1p10_l2_long,L2_LONG_PULSE,1.1,L2,0.96,3002.0,True,200.0,200.0,1.0,0,0.0,0,0.0,0,0.0,0,0.0,0,0.0,0.0,,True,0,0
t0_5a_1p10_l2_long,L2_LONG_PULSE,1.1,L2,0.96,3002.0,True,225.0,225.0,1.0,0,0.0,0,0.0,0,0.0,0,0.0,0,0.0,0.0,,True,0,0
t0_5a_1p10_l2_long,L2_LONG_PULSE,1.1,L2,0.96,3002.0,True,250.0,250.0,1.0,0,0.0,0,0.0,0,0.0,0,0.0,0,0.0,0.0,,True,0,0
t0_5a_1p10_l2_long,L2_LONG_PULSE,1.1,L2,0.96,3002.0,True,275.0,275.0,1.0,0,0.0,0,0.0,0,0.0,0,0.0,0,0.0,0.0,,True,0,0
t0_5a_1p10_l2_long,L2_LONG_PULSE,1.1,L2,0.96,3002.0,True,300.0,300.0,1.0,0,0.0,0,0.0,0,0.0,0,0.0,0,0.0,0.0,,True,0,0
t0_5a_1p10_l2_long,L2_LONG_PULSE,1.1,L2,0.96,3002.0,True,325.0,325.0,1.0,0,0.0,0,0.0,0,0.0,0,0.0,0,0.0,0.0,,True,0,0
t0_5a_1p10_l2_long,L2_LONG_PULSE,1.1,L2,0.96,3002.0,True,350.0,350.0,1.0,0,0.0,0,0.0,0,0.0,0,0.0,0,0.0,0.0,,True,0,0
t0_5a_1p10_l2_long,L2_LONG_PULSE,1.1,L2,0.96,3002.0,True,375.0,375.0,1.0,0,0.0,0,0.0,0,0.0,0,0.0,0,0.0,0.0,,True,0,0
t0_5a_1p10_l2_long,L2_LONG_PULSE,1.1,L2,0.96,3002.0,True,400.0,400.0,1.0,0,0.0,0,0.0,0,0.0,0,0.0,0,0.0,0.0,,True,0,0
t0_5a_1p10_l2_long,L2_LONG_PULSE,1.1,L2,0.96,3002.0,True,425.0,425.0,1.0,0,0.0,0,0.0,0,0.0,0,0.0,0,0.0,0.0,,True,0,0
t0_5a_1p10_l2_long,L2_LONG_PULSE,1.1,L2,0.96,3002.0,True,450.0,450.0,1.0,0,0.0,0,0.0,0,0.0,0,0.0,0,0.0,0.0,,True,0,0
t0_5a_1p10_l2_long,L2_LONG_PULSE,1.1,L2,0.96,3002.0,True,475.0,475.0,1.0,0,0.0,0,0.0,0,0.0,0,0.0,0,0.0,0.0,,True,0,0
t0_5a_1p10_l2_long,L2_LONG_PULSE,1.1,L2,0.96,3002.0,True,500.0,500.0,1.0,0,0.0,0,0.0,0,0.0,0,0.0,0,0.0,0.0,,True,0,0
t0_5a_1p10_l2_long,L2_LONG_PULSE,1.1,L2,0.96,3002.0,True,525.0,525.0,1.0,0,0.0,0,0.0,0,0.0,0,0.0,0,0.0,0.0,,True,0,0
t0_5a_1p10_l2_long,L2_LONG_PULSE,1.1,L2,0.96,3002.0,True,550.0,550.0,1.0,0,0.0,0,0.0,0,0.0,0,0.0,0,0.0,0.0,,True,0,0
t0_5a_1p10_l2_long,L2_LONG_PULSE,1.1,L2,0.96,3002.0,True,575.0,575.0,1.0,0,0.0,0,0.0,0,0.0,0,0.0,0,0.0,0.0,,True,0,0
t0_5a_1p10_l2_long,L2_LONG_PULSE,1.1,L2,0.96,3002.0,True,600.0,600.0,1.0,0,0.0,0,0.0,0,0.0,0,0.0,0,0.0,0.0,,True,0,0
t0_5a_1p10_l2_long,L2_LONG_PULSE,1.1,L2,0.96,3002.0,True,625.0,625.0,1.0,0,0.0,0,0.0,0,0.0,0,0.0,0,0.0,0.0,,True,0,0
t0_5a_1p10_l2_long,L2_LONG_PULSE,1.1,L2,0.96,3002.0,True,650.0,650.0,1.0,0,0.0,0,0.0,0,0.0,0,0.0,0,0.0,0.0,,True,0,0
t0_5a_1p10_l2_long,L2_LONG_PULSE,1.1,L2,0.96,3002.0,True,675.0,675.0,1.0,0,0.0,0,0.0,0,0.0,0,0.0,0,0.0,0.0,,True,0,0
t0_5a_1p10_l2_long,L2_LONG_PULSE,1.1,L2,0.96,3002.0,True,700.0,700.0,1.0,0,0.0,0,0.0,0,0.0,0,0.0,0,0.0,0.0,,True,0,0
t0_5a_1p10_l2_long,L2_LONG_PULSE,1.1,L2,0.96,3002.0,True,725.0,725.0,1.0,0,0.0,0,0.0,0,0.0,0,0.0,0,0.0,0.0,,True,0,0
t0_5a_1p10_l2_long,L2_LONG_PULSE,1.1,L2,0.96,3002.0,True,750.0,750.0,1.0,0,0.0,0,0.0,0,0.0,0,0.0,0,0.0,0.0,,True,0,0
t0_5a_1p10_l2_long,L2_LONG_PULSE,1.1,L2,0.96,3002.0,True,775.0,775.0,1.0,0,0.0,0,0.0,0,0.0,0,0.0,0,0.0,0.0,,True,0,0
t0_5a_1p10_l2_long,L2_LONG_PULSE,1.1,L2,0.96,3002.0,True,800.0,800.0,1.0,0,0.0,0,0.0,0,0.0,0,0.0,0,0.0,0.0,,True,0,0
t0_5a_1p10_l2_long,L2_LONG_PULSE,1.1,L2,0.96,3002.0,True,825.0,825.0,1.0,0,0.0,0,0.0,0,0.0,0,0.0,0,0.0,0.0,,True,0,0
t0_5a_1p10_l2_long,L2_LONG_PULSE,1.1,L2,0.96,3002.0,True,850.0,850.0,1.0,0,0.0,0,0.0,0,0.0,0,0.0,0,0.0,0.0,,True,0,0
t0_5a_1p10_l2_long,L2_LONG_PULSE,1.1,L2,0.96,3002.0,True,875.0,875.0,1.0,0,0.0,0,0.0,0,0.0,0,0.0,0,0.0,0.0,,True,0,0
t0_5a_1p10_l2_long,L2_LONG_PULSE,1.1,L2,0.96,3002.0,True,900.0,900.0,1.0,0,0.0,0,0.0,0,0.0,0,0.0,0,0.0,0.0,,True,0,0
t0_5a_1p10_l2_long,L2_LONG_PULSE,1.1,L2,0.96,3002.0,True,925.0,925.0,1.0,0,0.0,0,0.0,0,0.0,0,0.0,0,0.0,0.0,,True,0,0
t0_5a_1p10_l2_long,L2_LONG_PULSE,1.1,L2,0.96,3002.0,True,950.0,950.0,1.0,0,0.0,0,0.0,0,0.0,0,0.0,0,0.0,0.0,,True,0,0
t0_5a_1p10_l2_long,L2_LONG_PULSE,1.1,L2,0.96,3002.0,True,975.0,975.0,1.0,0,0.0,0,0.0,0,0.0,0,0.0,0,0.0,0.0,,True,0,0
t0_5a_1p10_l2_long,L2_LONG_PULSE,1.1,L2,0.96,3002.0,True,1000.0,1000.0,1.0,0,0.0,0,0.0,0,0.0,0,0.0,0,0.0,0.0,,True,0,0
t0_5a_1p10_l2_long,L2_LONG_PULSE,1.1,L2,0.96,3002.0,True,1025.0,1025.0,1.0,0,0.0,0,0.0,0,0.0,0,0.0,0,0.0,0.0,,True,0,0
t0_5a_1p10_l2_long,L2_LONG_PULSE,1.1,L2,0.96,3002.0,True,1050.0,1050.0,1.0,0,0.0,0,0.0,0,0.0,0,0.0,0,0.0,0.0,,True,0,0
t0_5a_1p10_l2_long,L2_LONG_PULSE,1.1,L2,0.96,3002.0,True,1075.0,1075.0,1.0,0,0.0,0,0.0,0,0.0,0,0.0,0,0.0,0.0,,True,0,0
t0_5a_1p10_l2_long,L2_LONG_PULSE,1.1,L2,0.96,3002.0,True,1100.0,1100.0,1.0,0,0.0,0,0.0,0,0.0,0,0.0,0,0.0,0.0,,True,0,0
t0_5a_1p10_l2_long,L2_LONG_PULSE,1.1,L2,0.96,3002.0,True,1125.0,1125.0,1.0,0,0.0,0,0.0,0,0.0,0,0.0,0,0.0,0.0,,True,0,0
t0_5a_1p10_l2_long,L2_LONG_PULSE,1.1,L2,0.96,3002.0,True,1150.0,1150.0,1.0,0,0.0,0,0.0,0,0.0,0,0.0,0,0.0,0.0,,True,0,0
t0_5a_1p10_l2_long,L2_LONG_PULSE,1.1,L2,0.96,3002.0,True,1175.0,1175.0,1.0,0,0.0,0,0.0,0,0.0,0,0.0,0,0.0,0.0,,True,0,0
t0_5a_1p10_l2_long,L2_LONG_PULSE,1.1,L2,0.96,3002.0,True,1200.0,1200.0,1.0,0,0.0,0,0.0,0,0.0,0,0.0,0,0.0,0.0,,True,0,0
t0_5a_1p10_l2_long,L2_LONG_PULSE,1.1,L2,0.96,3002.0,True,1225.0,1225.0,1.0,0,0.0,0,0.0,0,0.0,0,0.0,0,0.0,0.0,,True,0,0
t0_5a_1p10_l2_long,L2_LONG_PULSE,1.1,L2,0.96,3002.0,True,1250.0,1250.0,1.0,0,0.0,0,0.0,0,0.0,0,0.0,0,0.0,0.0,,True,0,0
t0_5a_1p10_l2_long,L2_LONG_PULSE,1.1,L2,0.96,3002.0,True,1275.0,1275.0,1.0,0,0.0,0,0.0,0,0.0,0,0.0,0,0.0,0.0,,True,0,0
t0_5a_1p10_l2_long,L2_LONG_PULSE,1.1,L2,0.96,3002.0,True,1300.0,1300.0,1.0,0,0.0,0,0.0,0,0.0,0,0.0,0,0.0,0.0,,True,0,0
t0_5a_1p10_l2_long,L2_LONG_PULSE,1.1,L2,0.96,3002.0,True,1325.0,1325.0,1.0,0,0.0,0,0.0,0,0.0,0,0.0,0,0.0,0.0,,True,0,0
t0_5a_1p10_l2_long,L2_LONG_PULSE,1.1,L2,0.96,3002.0,True,1350.0,1350.0,1.0,0,0.0,0,0.0,0,0.0,0,0.0,0,0.0,0.0,,True,0,0
t0_5a_1p10_l2_long,L2_LONG_PULSE,1.1,L2,0.96,3002.0,True,1375.0,1375.0,1.0,0,0.0,0,0.0,0,0.0,0,0.0,0,0.0,0.0,,True,0,0
t0_5a_1p10_l2_long,L2_LONG_PULSE,1.1,L2,0.96,3002.0,True,1400.0,1400.0,1.0,0,0.0,0,0.0,0,0.0,0,0.0,0,0.0,0.0,,True,0,0
t0_5a_1p10_l2_long,L2_LONG_PULSE,1.1,L2,0.96,3002.0,True,1425.0,1425.0,1.0,0,0.0,0,0.0,0,0.0,0,0.0,0,0.0,0.0,,True,0,0
t0_5a_1p10_l2_long,L2_LONG_PULSE,1.1,L2,0.96,3002.0,True,1450.0,1450.0,1.0,0,0.0,0,0.0,0,0.0,0,0.0,0,0.0,0.0,,True,0,0
t0_5a_1p10_l2_long,L2_LONG_PULSE,1.1,L2,0.96,3002.0,True,1475.0,1475.0,1.0,0,0.0,0,0.0,0,0.0,0,0.0,0,0.0,0.0,,True,0,0
t0_5a_1p10_l2_long,L2_LONG_PULSE,1.1,L2,0.96,3002.0,True,1500.0,1500.0,1.0,0,0.0,0,0.0,0,0.0,0,0.0,0,0.0,0.0,,True,0,0
t0_5a_1p10_l2_long,L2_LONG_PULSE,1.1,L2,0.96,3002.0,True,1525.0,1525.0,1.0,0,0.0,0,0.0,0,0.0,0,0.0,0,0.0,0.0,,True,0,0
t0_5a_1p10_l2_long,L2_LONG_PULSE,1.1,L2,0.96,3002.0,True,1550.0,1550.0,1.0,0,0.0,0,0.0,0,0.0,0,0.0,0,0.0,0.0,,True,0,0
t0_5a_1p10_l2_long,L2_LONG_PULSE,1.1,L2,0.96,3002.0,True,1575.0,1575.0,1.0,0,0.0,0,0.0,0,0.0,0,0.0,0,0.0,0.0,,True,0,0
t0_5a_1p10_l2_long,L2_LONG_PULSE,1.1,L2,0.96,3002.0,True,1600.0,1600.0,1.0,0,0.0,0,0.0,0,0.0,0,0.0,0,0.0,0.0,,True,0,0
t0_5a_1p10_l2_long,L2_LONG_PULSE,1.1,L2,0.96,3002.0,True,1625.0,1625.0,1.0,0,0.0,0,0.0,0,0.0,0,0.0,0,0.0,0.0,,True,0,0
t0_5a_1p10_l2_long,L2_LONG_PULSE,1.1,L2,0.96,3002.0,True,1650.0,1650.0,1.0,0,0.0,0,0.0,0,0.0,0,0.0,0,0.0,0.0,,True,0,0
t0_5a_1p10_l2_long,L2_LONG_PULSE,1.1,L2,0.96,3002.0,True,1675.0,1675.0,1.0,0,0.0,0,0.0,0,0.0,0,0.0,0,0.0,0.0,,True,0,0
t0_5a_1p10_l2_long,L2_LONG_PULSE,1.1,L2,0.96,3002.0,True,1700.0,1700.0,1.0,0,0.0,0,0.0,0,0.0,0,0.0,0,0.0,0.0,,True,0,0
t0_5a_1p10_l2_long,L2_LONG_PULSE,1.1,L2,0.96,3002.0,True,1725.0,1725.0,1.0,0,0.0,0,0.0,0,0.0,0,0.0,0,0.0,0.0,,True,0,0
t0_5a_1p10_l2_long,L2_LONG_PULSE,1.1,L2,0.96,3002.0,True,1750.0,1750.0,1.0,0,0.0,0,0.0,0,0.0,0,0.0,0,0.0,0.0,,True,0,0
t0_5a_1p10_l2_long,L2_LONG_PULSE,1.1,L2,0.96,3002.0,True,1775.0,1775.0,1.0,0,0.0,0,0.0,0,0.0,0,0.0,0,0.0,0.0,,True,0,0
t0_5a_1p10_l2_long,L2_LONG_PULSE,1.1,L2,0.96,3002.0,True,1800.0,1800.0,1.0,0,0.0,0,0.0,0,0.0,0,0.0,0,0.0,0.0,,True,0,0
t0_5a_1p10_l2_long,L2_LONG_PULSE,1.1,L2,0.96,3002.0,True,1825.0,1825.0,1.0,0,0.0,0,0.0,0,0.0,0,0.0,0,0.0,0.0,,True,0,0
t0_5a_1p10_l2_long,L2_LONG_PULSE,1.1,L2,0.96,3002.0,True,1850.0,1850.0,1.0,0,0.0,0,0.0,0,0.0,0,0.0,0,0.0,0.0,,True,0,0
t0_5a_1p10_l2_long,L2_LONG_PULSE,1.1,L2,0.96,3002.0,True,1875.0,1875.0,1.0,0,0.0,0,0.0,0,0.0,0,0.0,0,0.0,0.0,,True,0,0
t0_5a_1p10_l2_long,L2_LONG_PULSE,1.1,L2,0.96,3002.0,True,1900.0,1900.0,1.0,0,0.0,0,0.0,0,0.0,0,0.0,0,0.0,0.0,,True,0,0
t0_5a_1p10_l2_long,L2_LONG_PULSE,1.1,L2,0.96,3002.0,True,1925.0,1925.0,1.0,0,0.0,0,0.0,0,0.0,0,0.0,0,0.0,0.0,,True,0,0
t0_5a_1p10_l2_long,L2_LONG_PULSE,1.1,L2,0.96,3002.0,True,1950.0,1950.0,1.0,0,0.0,0,0.0,0,0.0,0,0.0,0,0.0,0.0,,True,0,0
t0_5a_1p10_l2_long,L2_LONG_PULSE,1.1,L2,0.96,3002.0,True,1975.0,1975.0,1.0,0,0.0,0,0.0,0,0.0,0,0.0,0,0.0,0.0,,True,0,0
t0_5a_1p10_l2_long,L2_LONG_PULSE,1.1,L2,0.96,3002.0,True,2000.0,2000.0,1.0,0,0.0,0,0.0,0,0.0,0,0.0,0,0.0,0.0,,True,0,0
t0_5a_1p10_l2_long,L2_LONG_PULSE,1.1,L2,0.96,3002.0,True,2025.0,2025.0,1.0,0,0.0,0,0.0,0,0.0,0,0.0,0,0.0,0.0,,True,0,0
t0_5a_1p10_l2_long,L2_LONG_PULSE,1.1,L2,0.96,3002.0,True,2050.0,2050.0,1.0,0,0.0,0,0.0,0,0.0,0,0.0,0,0.0,0.0,,True,0,0
t0_5a_1p10_l2_long,L2_LONG_PULSE,1.1,L2,0.96,3002.0,True,2075.0,2075.0,1.0,0,0.0,0,0.0,0,0.0,0,0.0,0,0.0,0.0,,True,0,0
t0_5a_1p10_l2_long,L2_LONG_PULSE,1.1,L2,0.96,3002.0,True,2100.0,2100.0,1.0,0,0.0,0,0.0,0,0.0,0,0.0,0,0.0,0.0,,True,0,0
t0_5a_1p10_l2_long,L2_LONG_PULSE,1.1,L2,0.96,3002.0,True,2125.0,2125.0,1.0,0,0.0,0,0.0,0,0.0,0,0.0,0,0.0,0.0,,True,0,0
t0_5a_1p10_l2_long,L2_LONG_PULSE,1.1,L2,0.96,3002.0,True,2150.0,2150.0,1.0,0,0.0,0,0.0,0,0.0,0,0.0,0,0.0,0.0,,True,0,0
t0_5a_1p10_l2_long,L2_LONG_PULSE,1.1,L2,0.96,3002.0,True,2175.0,2175.0,1.0,0,0.0,0,0.0,0,0.0,0,0.0,0,0.0,0.0,,True,0,0
t0_5a_1p10_l2_long,L2_LONG_PULSE,1.1,L2,0.96,3002.0,True,2200.0,2200.0,1.0,0,0.0,0,0.0,0,0.0,0,0.0,0,0.0,0.0,,True,0,0
t0_5a_1p10_l2_long,L2_LONG_PULSE,1.1,L2,0.96,3002.0,True,2225.0,2225.0,1.0,0,0.0,0,0.0,0,0.0,0,0.0,0,0.0,0.0,,True,0,0
t0_5a_1p10_l2_long,L2_LONG_PULSE,1.1,L2,0.96,3002.0,True,2250.0,2250.0,1.0,0,0.0,0,0.0,0,0.0,0,0.0,0,0.0,0.0,,True,0,0
t0_5a_1p10_l2_long,L2_LONG_PULSE,1.1,L2,0.96,3002.0,True,2275.0,2275.0,1.0,0,0.0,0,0.0,0,0.0,0,0.0,0,0.0,0.0,,True,0,0
t0_5a_1p10_l2_long,L2_LONG_PULSE,1.1,L2,0.96,3002.0,True,2300.0,2300.0,1.0,0,0.0,0,0.0,0,0.0,0,0.0,0,0.0,0.0,,True,0,0
t0_5a_1p10_l2_long,L2_LONG_PULSE,1.1,L2,0.96,3002.0,True,2325.0,2325.0,1.0,0,0.0,0,0.0,0,0.0,0,0.0,0,0.0,0.0,,True,0,0
t0_5a_1p10_l2_long,L2_LONG_PULSE,1.1,L2,0.96,3002.0,True,2350.0,2325.0,0.9893617021276596,0,0.0,0,0.0,0,0.0,25.0,0.010638297872340425,25.0,0.010638297872340425,25.0,25.0,False,0,0
t0_5a_1p10_l2_long,L2_LONG_PULSE,1.1,L2,0.96,3002.0,True,2375.0,2325.0,0.9789473684210527,0,0.0,0,0.0,0,0.0,50.0,0.021052631578947368,50.0,0.021052631578947368,50.0,25.0,False,0,0
t0_5a_1p10_l2_long,L2_LONG_PULSE,1.1,L2,0.96,3002.0,True,2400.0,2325.0,0.96875,25.0,0.010416666666666666,0,0.0,0,0.0,50.0,0.020833333333333332,75.0,0.03125,75.0,25.0,False,0,0
t0_5a_1p10_l2_long,L2_LONG_PULSE,1.1,L2,0.96,3002.0,True,2425.0,2325.0,0.9587628865979382,50.0,0.020618556701030927,0,0.0,0,0.0,50.0,0.020618556701030927,100.0,0.041237113402061855,100.0,25.0,False,0,0
t0_5a_1p10_l2_long,L2_LONG_PULSE,1.1,L2,0.96,3002.0,True,2450.0,2325.0,0.9489795918367347,75.0,0.030612244897959183,0,0.0,0,0.0,50.0,0.02040816326530612,125.0,0.05102040816326531,125.0,25.0,False,0,0
t0_5a_1p10_l2_long,L2_LONG_PULSE,1.1,L2,0.96,3002.0,True,2475.0,2325.0,0.9393939393939394,100.0,0.04040404040404041,0,0.0,0,0.0,50.0,0.020202020202020204,150.0,0.06060606060606061,150.0,25.0,False,0,0
t0_5a_1p10_l2_long,L2_LONG_PULSE,1.1,L2,0.96,3002.0,True,2500.0,2325.0,0.93,125.0,0.05,0,0.0,0,0.0,50.0,0.02,175.0,0.07,175.0,25.0,False,0,0
t0_5a_1p10_l2_long,L2_LONG_PULSE,1.1,L2,0.96,3002.0,True,2525.0,2325.0,0.9207920792079208,150.0,0.0594059405940594,0,0.0,0,0.0,50.0,0.019801980198019802,200.0,0.07920792079207921,200.0,25.0,False,0,0
t0_5a_1p10_l2_long,L2_LONG_PULSE,1.1,L2,0.96,3002.0,True,2550.0,2325.0,0.9117647058823529,175.0,0.06862745098039216,0,0.0,0,0.0,50.0,0.0196078431372549,225.0,0.08823529411764706,225.0,25.0,False,0,0
t0_5a_1p10_l2_long,L2_LONG_PULSE,1.1,L2,0.96,3002.0,True,2575.0,2325.0,0.9029126213592233,200.0,0.07766990291262135,0,0.0,0,0.0,50.0,0.019417475728155338,250.0,0.0970873786407767,250.0,25.0,False,0,0
t0_5a_1p10_l2_long,L2_LONG_PULSE,1.1,L2,0.96,3002.0,True,2600.0,2325.0,0.8942307692307693,225.0,0.08653846153846154,0,0.0,0,0.0,50.0,0.019230769230769232,275.0,0.10576923076923077,275.0,25.0,False,0,0
t0_5a_1p10_l2_long,L2_LONG_PULSE,1.1,L2,0.96,3002.0,True,2625.0,2325.0,0.8857142857142857,250.0,0.09523809523809523,0,0.0,0,0.0,50.0,0.01904761904761905,300.0,0.11428571428571428,300.0,25.0,False,0,0
t0_5a_1p10_l2_long,L2_LONG_PULSE,1.1,L2,0.96,3002.0,True,2650.0,2325.0,0.8773584905660378,275.0,0.10377358490566038,0,0.0,0,0.0,50.0,0.018867924528301886,325.0,0.12264150943396226,325.0,25.0,False,0,0
t0_5a_1p10_l2_long,L2_LONG_PULSE,1.1,L2,0.96,3002.0,True,2675.0,2325.0,0.8691588785046729,300.0,0.11214953271028037,0,0.0,0,0.0,50.0,0.018691588785046728,350.0,0.1308411214953271,350.0,25.0,False,0,0
t0_5a_1p10_l2_long,L2_LONG_PULSE,1.1,L2,0.96,3002.0,True,2700.0,2325.0,0.8611111111111112,325.0,0.12037037037037036,0,0.0,0,0.0,50.0,0.018518518518518517,375.0,0.1388888888888889,375.0,25.0,False,0,0
t0_5a_1p10_l2_long,L2_LONG_PULSE,1.1,L2,0.96,3002.0,True,2725.0,2325.0,0.8532110091743119,350.0,0.12844036697247707,0,0.0,0,0.0,50.0,0.01834862385321101,400.0,0.14678899082568808,400.0,25.0,False,0,0
t0_5a_1p10_l2_long,L2_LONG_PULSE,1.1,L2,0.96,3002.0,True,2750.0,2325.0,0.8454545454545455,375.0,0.13636363636363635,0,0.0,0,0.0,50.0,0.01818181818181818,425.0,0.15454545454545454,425.0,25.0,False,0,0
t0_5a_1p10_l2_long,L2_LONG_PULSE,1.1,L2,0.96,3002.0,True,2775.0,2325.0,0.8378378378378378,400.0,0.14414414414414414,0,0.0,0,0.0,50.0,0.018018018018018018,450.0,0.16216216216216217,450.0,25.0,False,0,0
t0_5a_1p10_l2_long,L2_LONG_PULSE,1.1,L2,0.96,3002.0,True,2800.0,2325.0,0.8303571428571429,425.0,0.15178571428571427,0,0.0,0,0.0,50.0,0.017857142857142856,475.0,0.16964285714285715,475.0,25.0,False,0,0
t0_5a_1p10_l2_long,L2_LONG_PULSE,1.1,L2,0.96,3002.0,True,2825.0,2325.0,0.8230088495575221,450.0,0.1592920353982301,0,0.0,0,0.0,50.0,0.017699115044247787,500.0,0.17699115044247787,500.0,25.0,False,0,0
t0_5a_1p10_l2_long,L2_LONG_PULSE,1.1,L2,0.96,3002.0,True,2850.0,2325.0,0.8157894736842105,475.0,0.16666666666666666,0,0.0,0,0.0,50.0,0.017543859649122806,525.0,0.18421052631578946,525.0,25.0,False,0,0
t0_5a_1p10_l2_long,L2_LONG_PULSE,1.1,L2,0.96,3002.0,True,2875.0,2325.0,0.808695652173913,500.0,0.17391304347826086,0,0.0,0,0.0,50.0,0.017391304347826087,550.0,0.19130434782608696,550.0,25.0,False,0,0
t0_5a_1p10_l2_long,L2_LONG_PULSE,1.1,L2,0.96,3002.0,True,2900.0,2325.0,0.8017241379310345,525.0,0.1810344827586207,0,0.0,0,0.0,50.0,0.017241379310344827,575.0,0.19827586206896552,575.0,25.0,False,0,0
t0_5a_1p10_l2_long,L2_LONG_PULSE,1.1,L2,0.96,3002.0,True,2925.0,2325.0,0.7948717948717948,550.0,0.18803418803418803,0,0.0,0,0.0,50.0,0.017094017094017096,600.0,0.20512820512820512,600.0,25.0,False,0,0
t0_5a_1p10_l2_long,L2_LONG_PULSE,1.1,L2,0.96,3002.0,True,2950.0,2325.0,0.788135593220339,575.0,0.19491525423728814,0,0.0,0,0.0,50.0,0.01694915254237288,625.0,0.211864406779661,625.0,25.0,False,0,0
t0_5a_1p10_l2_long,L2_LONG_PULSE,1.1,L2,0.96,3002.0,True,2975.0,2325.0,0.7815126050420168,600.0,0.20168067226890757,0,0.0,0,0.0,50.0,0.01680672268907563,650.0,0.2184873949579832,650.0,25.0,False,0,0
t0_5a_1p10_l2_long,L2_LONG_PULSE,1.1,L2,0.96,3002.0,True,3000.0,2325.0,0.775,625.0,0.20833333333333334,0,0.0,0,0.0,50.0,0.016666666666666666,675.0,0.225,675.0,25.0,False,0,0
t0_5a_1p10_l2_long,L2_LONG_PULSE,1.1,L2,0.96,3002.0,True,3025.0,2325.0,0.768595041322314,650.0,0.21487603305785125,0,0.0,0,0.0,50.0,0.01652892561983471,700.0,0.23140495867768596,700.0,25.0,False,0,0
t0_5a_1p10_l2_long,L2_LONG_PULSE,1.1,L2,0.96,3002.0,True,3050.0,2325.0,0.7622950819672131,675.0,0.22131147540983606,0,0.0,0,0.0,50.0,0.01639344262295082,725.0,0.23770491803278687,725.0,25.0,False,0,0
t0_5a_1p10_l2_long,L2_LONG_PULSE,1.1,L2,0.96,3002.0,True,3075.0,2325.0,0.7560975609756098,700.0,0.22764227642276422,0,0.0,0,0.0,50.0,0.016260162601626018,750.0,0.24390243902439024,750.0,25.0,False,0,0
t0_5a_1p10_l2_long,L2_LONG_PULSE,1.1,L2,0.96,3002.0,True,3100.0,2325.0,0.75,725.0,0.23387096774193547,0,0.0,0,0.0,50.0,0.016129032258064516,775.0,0.25,775.0,25.0,False,0,0
t0_5a_1p10_l2_long,L2_LONG_PULSE,1.1,L2,0.96,3002.0,True,3125.0,2325.0,0.744,750.0,0.24,0,0.0,0,0.0,50.0,0.016,800.0,0.256,800.0,25.0,False,0,0
t0_5a_1p10_l2_long,L2_LONG_PULSE,1.1,L2,0.96,3002.0,True,3150.0,2325.0,0.7380952380952381,775.0,0.24603174603174602,0,0.0,0,0.0,50.0,0.015873015873015872,825.0,0.2619047619047619,825.0,25.0,False,0,0
t0_5a_1p10_l2_long,L2_LONG_PULSE,1.1,L2,0.96,3002.0,True,3175.0,2325.0,0.7322834645669292,800.0,0.25196850393700787,0,0.0,0,0.0,50.0,0.015748031496062992,850.0,0.2677165354330709,850.0,25.0,False,0,0
t0_5a_1p10_l2_long,L2_LONG_PULSE,1.1,L2,0.96,3002.0,True,3200.0,2325.0,0.7265625,825.0,0.2578125,0,0.0,0,0.0,50.0,0.015625,875.0,0.2734375,875.0,25.0,False,0,0
t0_5a_1p10_l2_long,L2_LONG_PULSE,1.1,L2,0.96,3002.0,True,3225.0,2325.0,0.7209302325581395,850.0,0.26356589147286824,0,0.0,0,0.0,50.0,0.015503875968992248,900.0,0.27906976744186046,900.0,25.0,False,0,0
t0_5a_1p10_l2_long,L2_LONG_PULSE,1.1,L2,0.96,3002.0,True,3250.0,2325.0,0.7153846153846154,875.0,0.2692307692307692,0,0.0,0,0.0,50.0,0.015384615384615385,925.0,0.2846153846153846,925.0,25.0,False,0,0
t0_5a_1p10_l2_long,L2_LONG_PULSE,1.1,L2,0.96,3002.0,True,3275.0,2325.0,0.7099236641221374,900.0,0.2748091603053435,0,0.0,0,0.0,50.0,0.015267175572519083,950.0,0.2900763358778626,950.0,25.0,False,0,0
t0_5a_1p10_l2_long,L2_LONG_PULSE,1.1,L2,0.96,3002.0,True,3300.0,2325.0,0.7045454545454546,925.0,0.2803030303030303,0,0.0,0,0.0,50.0,0.015151515151515152,975.0,0.29545454545454547,975.0,25.0,False,0,0
t0_5a_1p10_l2_long,L2_LONG_PULSE,1.1,L2,0.96,3002.0,True,3325.0,2325.0,0.6992481203007519,950.0,0.2857142857142857,0,0.0,0,0.0,50.0,0.015037593984962405,1000.0,0.3007518796992481,1000.0,25.0,False,0,0
t0_5a_1p10_l2_long,L2_LONG_PULSE,1.1,L2,0.96,3002.0,True,3350.0,2325.0,0.6940298507462687,975.0,0.291044776119403,0,0.0,0,0.0,50.0,0.014925373134328358,1025.0,0.30597014925373134,1025.0,25.0,False,0,0
t0_5a_1p10_l2_long,L2_LONG_PULSE,1.1,L2,0.96,3002.0,True,3375.0,2325.0,0.6888888888888889,1000.0,0.2962962962962963,0,0.0,0,0.0,50.0,0.014814814814814815,1050.0,0.3111111111111111,1050.0,25.0,False,0,0
t0_5a_1p10_l2_long,L2_LONG_PULSE,1.1,L2,0.96,3002.0,True,3400.0,2325.0,0.6838235294117647,1025.0,0.3014705882352941,0,0.0,0,0.0,50.0,0.014705882352941176,1075.0,0.3161764705882353,1075.0,25.0,False,0,0
t0_5a_1p10_l2_long,L2_LONG_PULSE,1.1,L2,0.96,3002.0,True,3425.0,2325.0,0.6788321167883211,1050.0,0.30656934306569344,0,0.0,0,0.0,50.0,0.014598540145985401,1100.0,0.32116788321167883,1100.0,25.0,False,0,0
t0_5a_1p10_l2_long,L2_LONG_PULSE,1.1,L2,0.96,3002.0,True,3450.0,2325.0,0.6739130434782609,1075.0,0.3115942028985507,0,0.0,0,0.0,50.0,0.014492753623188406,1125.0,0.32608695652173914,1125.0,25.0,False,0,0
t0_5a_1p10_l2_long,L2_LONG_PULSE,1.1,L2,0.96,3002.0,True,3475.0,2325.0,0.6690647482014388,1100.0,0.31654676258992803,0,0.0,0,0.0,50.0,0.014388489208633094,1150.0,0.33093525179856115,1150.0,25.0,False,0,0
t0_5a_1p10_l2_long,L2_LONG_PULSE,1.1,L2,0.96,3002.0,True,3500.0,2325.0,0.6642857142857143,1125.0,0.32142857142857145,0,0.0,0,0.0,50.0,0.014285714285714285,1175.0,0.3357142857142857,1175.0,25.0,False,0,0
t0_5a_1p10_l2_long,L2_LONG_PULSE,1.1,L2,0.96,3002.0,True,3525.0,2325.0,0.6595744680851063,1150.0,0.3262411347517731,0,0.0,0,0.0,50.0,0.014184397163120567,1200.0,0.3404255319148936,1200.0,25.0,False,0,0
t0_5a_1p10_l2_long,L2_LONG_PULSE,1.1,L2,0.96,3002.0,True,3550.0,2325.0,0.6549295774647887,1175.0,0.33098591549295775,0,0.0,0,0.0,50.0,0.014084507042253521,1225.0,0.34507042253521125,1225.0,25.0,False,0,0
t0_5a_1p10_l2_long,L2_LONG_PULSE,1.1,L2,0.96,3002.0,True,3575.0,2325.0,0.6503496503496503,1200.0,0.3356643356643357,0,0.0,0,0.0,50.0,0.013986013986013986,1250.0,0.34965034965034963,1250.0,25.0,False,0,0
t0_5a_1p10_l2_long,L2_LONG_PULSE,1.1,L2,0.96,3002.0,True,3600.0,2325.0,0.6458333333333334,1225.0,0.3402777777777778,0,0.0,0,0.0,50.0,0.013888888888888888,1275.0,0.3541666666666667,1275.0,25.0,False,0,0
t0_5a_1p10_l2_long,L2_LONG_PULSE,1.1,L2,0.96,3002.0,True,3625.0,2325.0,0.6413793103448275,1250.0,0.3448275862068966,0,0.0,0,0.0,50.0,0.013793103448275862,1300.0,0.3586206896551724,1300.0,25.0,False,0,0
t0_5a_1p10_l2_long,L2_LONG_PULSE,1.1,L2,0.96,3002.0,True,3650.0,2325.0,0.636986301369863,1275.0,0.3493150684931507,0,0.0,0,0.0,50.0,0.0136986301369863,1325.0,0.363013698630137,1325.0,25.0,False,0,0
t0_5a_1p10_l2_long,L2_LONG_PULSE,1.1,L2,0.96,3002.0,True,3675.0,2325.0,0.6326530612244898,1300.0,0.35374149659863946,0,0.0,0,0.0,50.0,0.013605442176870748,1350.0,0.3673469387755102,1350.0,25.0,False,0,0
t0_5a_1p10_l2_long,L2_LONG_PULSE,1.1,L2,0.96,3002.0,True,3700.0,2325.0,0.6283783783783784,1325.0,0.3581081081081081,0,0.0,0,0.0,50.0,0.013513513513513514,1375.0,0.3716216216216216,1375.0,25.0,False,0,0
t0_5a_1p10_l2_long,L2_LONG_PULSE,1.1,L2,0.96,3002.0,True,3725.0,2325.0,0.6241610738255033,1350.0,0.3624161073825503,0,0.0,0,0.0,50.0,0.013422818791946308,1400.0,0.37583892617449666,1400.0,25.0,False,0,0
t0_5a_1p10_l2_long,L2_LONG_PULSE,1.1,L2,0.96,3002.0,True,3750.0,2325.0,0.62,1375.0,0.36666666666666664,0,0.0,0,0.0,50.0,0.013333333333333334,1425.0,0.38,1425.0,25.0,False,0,0
t0_5a_1p10_l2_long,L2_LONG_PULSE,1.1,L2,0.96,3002.0,True,3775.0,2325.0,0.6158940397350994,1400.0,0.3708609271523179,0,0.0,0,0.0,50.0,0.013245033112582781,1450.0,0.3841059602649007,1450.0,25.0,False,0,0
t0_5a_1p10_l2_long,L2_LONG_PULSE,1.1,L2,0.96,3002.0,True,3800.0,2325.0,0.6118421052631579,1425.0,0.375,0,0.0,0,0.0,50.0,0.013157894736842105,1475.0,0.3881578947368421,1475.0,25.0,False,0,0
t0_5a_1p10_l2_long,L2_LONG_PULSE,1.1,L2,0.96,3002.0,True,3825.0,2325.0,0.6078431372549019,1450.0,0.3790849673202614,0,0.0,0,0.0,50.0,0.013071895424836602,1500.0,0.39215686274509803,1500.0,25.0,False,0,0
t0_5a_1p10_l2_long,L2_LONG_PULSE,1.1,L2,0.96,3002.0,True,3850.0,2325.0,0.6038961038961039,1475.0,0.38311688311688313,0,0.0,0,0.0,50.0,0.012987012987012988,1525.0,0.3961038961038961,1525.0,25.0,False,0,0
t0_5a_1p10_l2_long,L2_LONG_PULSE,1.1,L2,0.96,3002.0,True,3875.0,2325.0,0.6,1500.0,0.3870967741935484,0,0.0,0,0.0,50.0,0.012903225806451613,1550.0,0.4,1550.0,25.0,False,0,0
t0_5a_1p10_l2_long,L2_LONG_PULSE,1.1,L2,0.96,3002.0,True,3900.0,2325.0,0.5961538461538461,1525.0,0.391025641025641,0,0.0,0,0.0,50.0,0.01282051282051282,1575.0,0.40384615384615385,1575.0,25.0,False,0,0
t0_5a_1p10_l2_long,L2_LONG_PULSE,1.1,L2,0.96,3002.0,True,3925.0,2325.0,0.5923566878980892,1550.0,0.39490445859872614,0,0.0,0,0.0,50.0,0.012738853503184714,1600.0,0.40764331210191085,1600.0,25.0,False,0,0
t0_5a_1p10_l2_long,L2_LONG_PULSE,1.1,L2,0.96,3002.0,True,3950.0,2325.0,0.5886075949367089,1575.0,0.3987341772151899,0,0.0,0,0.0,50.0,0.012658227848101266,1625.0,0.41139240506329117,1625.0,25.0,False,0,0
t0_5a_1p10_l2_long,L2_LONG_PULSE,1.1,L2,0.96,3002.0,True,3975.0,2325.0,0.5849056603773585,1600.0,0.4025157232704403,0,0.0,0,0.0,50.0,0.012578616352201259,1650.0,0.41509433962264153,1650.0,25.0,False,0,0
t0_5a_1p10_l2_long,L2_LONG_PULSE,1.1,L2,0.96,3002.0,True,4000.0,2325.0,0.58125,1625.0,0.40625,0,0.0,0,0.0,50.0,0.0125,1675.0,0.41875,1675.0,25.0,False,0,0
t0_5a_1p10_l2_long,L2_LONG_PULSE,1.1,L2,0.96,3002.0,True,4025.0,2325.0,0.577639751552795,1650.0,0.40993788819875776,0,0.0,0,0.0,50.0,0.012422360248447204,1700.0,0.422360248447205,1700.0,25.0,False,0,0
t0_5a_1p10_l2_long,L2_LONG_PULSE,1.1,L2,0.96,3002.0,True,4050.0,2325.0,0.5740740740740741,1675.0,0.41358024691358025,0,0.0,0,0.0,50.0,0.012345679012345678,1725.0,0.42592592592592593,1725.0,25.0,False,0,0
t0_5a_1p10_l2_long,L2_LONG_PULSE,1.1,L2,0.96,3002.0,True,4075.0,2325.0,0.5705521472392638,1700.0,0.4171779141104294,0,0.0,0,0.0,50.0,0.012269938650306749,1750.0,0.4294478527607362,1750.0,25.0,False,0,0
t0_5a_1p10_l2_long,L2_LONG_PULSE,1.1,L2,0.96,3002.0,True,4100.0,2325.0,0.5670731707317073,1725.0,0.42073170731707316,0,0.0,0,0.0,50.0,0.012195121951219513,1775.0,0.4329268292682927,1775.0,25.0,False,0,0
t0_5a_1p10_l2_long,L2_LONG_PULSE,1.1,L2,0.96,3002.0,True,4125.0,2325.0,0.5636363636363636,1750.0,0.42424242424242425,0,0.0,0,0.0,50.0,0.012121212121212121,1800.0,0.43636363636363634,1800.0,25.0,False,0,0
t0_5a_1p10_l2_long,L2_LONG_PULSE,1.1,L2,0.96,3002.0,True,4150.0,2325.0,0.5602409638554217,1775.0,0.42771084337349397,0,0.0,0,0.0,50.0,0.012048192771084338,1825.0,0.4397590361445783,1825.0,25.0,False,0,0
t0_5a_1p10_l2_long,L2_LONG_PULSE,1.1,L2,0.96,3002.0,True,4175.0,2325.0,0.5568862275449101,1800.0,0.4311377245508982,0,0.0,0,0.0,50.0,0.011976047904191617,1850.0,0.4431137724550898,1850.0,25.0,False,0,0
t0_5a_1p10_l2_long,L2_LONG_PULSE,1.1,L2,0.96,3002.0,True,4200.0,2325.0,0.5535714285714286,1825.0,0.43452380952380953,0,0.0,0,0.0,50.0,0.011904761904761904,1875.0,0.44642857142857145,1875.0,25.0,False,0,0
t0_5a_1p10_l2_long,L2_LONG_PULSE,1.1,L2,0.96,3002.0,True,4225.0,2325.0,0.5502958579881657,1850.0,0.4378698224852071,0,0.0,0,0.0,50.0,0.011834319526627219,1900.0,0.44970414201183434,1900.0,25.0,False,0,0
t0_5a_1p10_l2_long,L2_LONG_PULSE,1.1,L2,0.96,3002.0,True,4250.0,2325.0,0.5470588235294118,1875.0,0.4411764705882353,0,0.0,0,0.0,50.0,0.011764705882352941,1925.0,0.45294117647058824,1925.0,25.0,False,0,0
t0_5a_1p10_l2_long,L2_LONG_PULSE,1.1,L2,0.96,3002.0,True,4275.0,2325.0,0.543859649122807,1900.0,0.4444444444444444,0,0.0,0,0.0,50.0,0.011695906432748537,1950.0,0.45614035087719296,1950.0,25.0,False,0,0
t0_5a_1p10_l2_long,L2_LONG_PULSE,1.1,L2,0.96,3002.0,True,4300.0,2325.0,0.5406976744186046,1925.0,0.4476744186046512,0,0.0,0,0.0,50.0,0.011627906976744186,1975.0,0.45930232558139533,1975.0,25.0,False,0,0
t0_5a_1p10_l2_long,L2_LONG_PULSE,1.1,L2,0.96,3002.0,True,4325.0,2325.0,0.5375722543352601,1950.0,0.4508670520231214,0,0.0,0,0.0,50.0,0.011560693641618497,2000.0,0.4624277456647399,2000.0,25.0,False,0,0
t0_5a_1p10_l2_long,L2_LONG_PULSE,1.1,L2,0.96,3002.0,True,4350.0,2325.0,0.5344827586206896,1975.0,0.4540229885057471,0,0.0,0,0.0,50.0,0.011494252873563218,2025.0,0.46551724137931033,2025.0,25.0,False,0,0
t0_5a_1p10_l2_long,L2_LONG_PULSE,1.1,L2,0.96,3002.0,True,4375.0,2325.0,0.5314285714285715,2000.0,0.45714285714285713,0,0.0,0,0.0,50.0,0.011428571428571429,2050.0,0.4685714285714286,2050.0,25.0,False,0,0
t0_5a_1p10_l2_long,L2_LONG_PULSE,1.1,L2,0.96,3002.0,True,4400.0,2325.0,0.5284090909090909,2025.0,0.4602272727272727,0,0.0,0,0.0,50.0,0.011363636363636364,2075.0,0.4715909090909091,2075.0,25.0,False,0,0
t0_5a_1p10_l2_long,L2_LONG_PULSE,1.1,L2,0.96,3002.0,True,4425.0,2325.0,0.5254237288135594,2050.0,0.4632768361581921,0,0.0,0,0.0,50.0,0.011299435028248588,2100.0,0.4745762711864407,2100.0,25.0,False,0,0
t0_5a_1p10_l2_long,L2_LONG_PULSE,1.1,L2,0.96,3002.0,True,4450.0,2325.0,0.5224719101123596,2075.0,0.46629213483146065,0,0.0,0,0.0,50.0,0.011235955056179775,2125.0,0.47752808988764045,2125.0,25.0,False,0,0
t0_5a_1p10_l2_long,L2_LONG_PULSE,1.1,L2,0.96,3002.0,True,4475.0,2325.0,0.5195530726256983,2100.0,0.4692737430167598,0,0.0,0,0.0,50.0,0.0111731843575419,2150.0,0.48044692737430167,2150.0,25.0,False,0,0
t0_5a_1p10_l2_long,L2_LONG_PULSE,1.1,L2,0.96,3002.0,True,4500.0,2325.0,0.5166666666666667,2125.0,0.4722222222222222,0,0.0,0,0.0,50.0,0.011111111111111112,2175.0,0.48333333333333334,2175.0,25.0,False,0,0
t0_5a_1p10_l2_long,L2_LONG_PULSE,1.1,L2,0.96,3002.0,True,4525.0,2325.0,0.5138121546961326,2150.0,0.47513812154696133,0,0.0,0,0.0,50.0,0.011049723756906077,2200.0,0.4861878453038674,2200.0,25.0,False,0,0
t0_5a_1p10_l2_long,L2_LONG_PULSE,1.1,L2,0.96,3002.0,True,4550.0,2325.0,0.510989010989011,2175.0,0.47802197802197804,0,0.0,0,0.0,50.0,0.01098901098901099,2225.0,0.489010989010989,2225.0,25.0,False,0,0
t0_5a_1p10_l2_long,L2_LONG_PULSE,1.1,L2,0.96,3002.0,True,4575.0,2325.0,0.5081967213114754,2200.0,0.4808743169398907,0,0.0,0,0.0,50.0,0.01092896174863388,2250.0,0.4918032786885246,2250.0,25.0,False,0,0
t0_5a_1p10_l2_long,L2_LONG_PULSE,1.1,L2,0.96,3002.0,True,4600.0,2325.0,0.5054347826086957,2225.0,0.483695652173913,0,0.0,0,0.0,50.0,0.010869565217391304,2275.0,0.4945652173913043,2275.0,25.0,False,0,0
t0_5a_1p10_l2_long,L2_LONG_PULSE,1.1,L2,0.96,3002.0,True,4625.0,2325.0,0.5027027027027027,2250.0,0.4864864864864865,0,0.0,0,0.0,50.0,0.010810810810810811,2300.0,0.4972972972972973,2300.0,25.0,False,0,0
t0_5a_1p10_l2_long,L2_LONG_PULSE,1.1,L2,0.96,3002.0,True,4650.0,2325.0,0.5,2275.0,0.489247311827957,0,0.0,0,0.0,50.0,0.010752688172043012,2325.0,0.5,2325.0,25.0,False,0,0
t0_5a_1p10_l2_long,L2_LONG_PULSE,1.1,L2,0.96,3002.0,True,4675.0,2325.0,0.49732620320855614,2300.0,0.4919786096256685,0,0.0,0,0.0,50.0,0.0106951871657754,2350.0,0.5026737967914439,2350.0,25.0,False,0,0
t0_5a_1p10_l2_long,L2_LONG_PULSE,1.1,L2,0.96,3002.0,True,4700.0,2325.0,0.4946808510638298,2325.0,0.4946808510638298,0,0.0,0,0.0,50.0,0.010638297872340425,2375.0,0.5053191489361702,2375.0,25.0,False,0,0
t0_5a_1p10_l2_long,L2_LONG_PULSE,1.1,L2,0.96,3002.0,True,4725.0,2325.0,0.49206349206349204,2350.0,0.4973544973544973,0,0.0,0,0.0,50.0,0.010582010582010581,2400.0,0.5079365079365079,2400.0,25.0,False,0,0
t0_5a_1p10_l2_long,L2_LONG_PULSE,1.1,L2,0.96,3002.0,True,4750.0,2325.0,0.48947368421052634,2375.0,0.5,0,0.0,0,0.0,50.0,0.010526315789473684,2425.0,0.5105263157894737,2425.0,25.0,False,0,0
t0_5a_1p10_l2_long,L2_LONG_PULSE,1.1,L2,0.96,3002.0,True,4775.0,2325.0,0.4869109947643979,2400.0,0.5026178010471204,0,0.0,0,0.0,50.0,0.010471204188481676,2450.0,0.5130890052356021,2450.0,25.0,False,0,0
t0_5a_1p10_l2_long,L2_LONG_PULSE,1.1,L2,0.96,3002.0,True,4800.0,2325.0,0.484375,2425.0,0.5052083333333334,0,0.0,0,0.0,50.0,0.010416666666666666,2475.0,0.515625,2475.0,25.0,False,0,0
t0_5a_1p10_l2_long,L2_LONG_PULSE,1.1,L2,0.96,3002.0,True,4825.0,2325.0,0.48186528497409326,2450.0,0.5077720207253886,0,0.0,0,0.0,50.0,0.010362694300518135,2500.0,0.5181347150259067,2500.0,25.0,False,0,0
t0_5a_1p10_l2_long,L2_LONG_PULSE,1.1,L2,0.96,3002.0,True,4850.0,2325.0,0.4793814432989691,2475.0,0.5103092783505154,0,0.0,0,0.0,50.0,0.010309278350515464,2525.0,0.520618556701031,2525.0,25.0,False,0,0
t0_5a_1p10_l2_long,L2_LONG_PULSE,1.1,L2,0.96,3002.0,True,4875.0,2325.0,0.47692307692307695,2500.0,0.5128205128205128,0,0.0,0,0.0,50.0,0.010256410256410256,2550.0,0.5230769230769231,2550.0,25.0,False,0,0
t0_5a_1p10_l2_long,L2_LONG_PULSE,1.1,L2,0.96,3002.0,True,4900.0,2325.0,0.4744897959183674,2525.0,0.5153061224489796,0,0.0,0,0.0,50.0,0.01020408163265306,2575.0,0.5255102040816326,2575.0,25.0,False,0,0
t0_5a_1p10_l2_long,L2_LONG_PULSE,1.1,L2,0.96,3002.0,True,4925.0,2325.0,0.4720812182741117,2550.0,0.5177664974619289,0,0.0,0,0.0,50.0,0.01015228426395939,2600.0,0.5279187817258884,2600.0,25.0,False,0,0
t0_5a_1p10_l2_long,L2_LONG_PULSE,1.1,L2,0.96,3002.0,True,4950.0,2325.0,0.4696969696969697,2575.0,0.5202020202020202,0,0.0,0,0.0,50.0,0.010101010101010102,2625.0,0.5303030303030303,2625.0,25.0,False,0,0
t0_5a_1p10_l2_long,L2_LONG_PULSE,1.1,L2,0.96,3002.0,True,4975.0,2325.0,0.46733668341708545,2600.0,0.5226130653266332,0,0.0,0,0.0,50.0,0.010050251256281407,2650.0,0.5326633165829145,2650.0,25.0,False,0,0
t0_5a_1p10_l2_long,L2_LONG_PULSE,1.1,L2,0.96,3002.0,True,5000.0,2325.0,0.465,2625.0,0.525,0,0.0,0,0.0,50.0,0.01,2675.0,0.535,2675.0,25.0,False,0,0
t0_5a_1p10_l2_long,L2_LONG_PULSE,1.1,L2,0.96,3002.0,True,5025.0,2325.0,0.4626865671641791,2650.0,0.527363184079602,0,0.0,0,0.0,50.0,0.009950248756218905,2700.0,0.5373134328358209,2700.0,25.0,False,0,0
t0_5a_1p10_l2_long,L2_LONG_PULSE,1.1,L2,0.96,3002.0,True,5050.0,2325.0,0.4603960396039604,2675.0,0.5297029702970297,0,0.0,0,0.0,50.0,0.009900990099009901,2725.0,0.5396039603960396,2725.0,25.0,False,0,0
t0_5a_1p10_l2_long,L2_LONG_PULSE,1.1,L2,0.96,3002.0,True,5075.0,2325.0,0.458128078817734,2700.0,0.5320197044334976,0,0.0,0,0.0,50.0,0.009852216748768473,2750.0,0.541871921182266,2750.0,25.0,False,0,0
t0_5a_1p10_l2_long,L2_LONG_PULSE,1.1,L2,0.96,3002.0,True,5100.0,2325.0,0.45588235294117646,2725.0,0.5343137254901961,0,0.0,0,0.0,50.0,0.00980392156862745,2775.0,0.5441176470588235,2775.0,25.0,False,0,0
t0_5a_1p10_l2_long,L2_LONG_PULSE,1.1,L2,0.96,3002.0,True,5125.0,2325.0,0.45365853658536587,2750.0,0.5365853658536586,0,0.0,0,0.0,50.0,0.00975609756097561,2800.0,0.5463414634146342,2800.0,25.0,False,0,0
t0_5a_1p10_l2_long,L2_LONG_PULSE,1.1,L2,0.96,3002.0,True,5150.0,2325.0,0.45145631067961167,2775.0,0.5388349514563107,0,0.0,0,0.0,50.0,0.009708737864077669,2825.0,0.5485436893203883,2825.0,25.0,False,0,0
t0_5a_1p10_l2_long,L2_LONG_PULSE,1.1,L2,0.96,3002.0,True,5175.0,2325.0,0.4492753623188406,2800.0,0.5410628019323671,0,0.0,0,0.0,50.0,0.00966183574879227,2850.0,0.5507246376811594,2850.0,25.0,False,0,0
t0_5a_1p10_l2_long,L2_LONG_PULSE,1.1,L2,0.96,3002.0,True,5200.0,2325.0,0.44711538461538464,2825.0,0.5432692307692307,0,0.0,0,0.0,50.0,0.009615384615384616,2875.0,0.5528846153846154,2875.0,25.0,False,0,0
t0_5a_1p10_l2_long,L2_LONG_PULSE,1.1,L2,0.96,3002.0,True,5225.0,2325.0,0.4449760765550239,2850.0,0.5454545454545454,0,0.0,0,0.0,50.0,0.009569377990430622,2900.0,0.5550239234449761,2900.0,25.0,False,0,0
t0_5a_1p10_l2_long,L2_LONG_PULSE,1.1,L2,0.96,3002.0,True,5250.0,2325.0,0.44285714285714284,2875.0,0.5476190476190477,0,0.0,0,0.0,50.0,0.009523809523809525,2925.0,0.5571428571428572,2925.0,25.0,False,0,0
t0_5a_1p10_l2_long,L2_LONG_PULSE,1.1,L2,0.96,3002.0,True,5275.0,2325.0,0.44075829383886256,2900.0,0.5497630331753555,0,0.0,0,0.0,50.0,0.009478672985781991,2950.0,0.5592417061611374,2950.0,25.0,False,0,0
t0_5a_1p10_l2_long,L2_LONG_PULSE,1.1,L2,0.96,3002.0,True,5300.0,2325.0,0.4386792452830189,2925.0,0.5518867924528302,0,0.0,0,0.0,50.0,0.009433962264150943,2975.0,0.5613207547169812,2975.0,25.0,False,0,0
t0_5a_1p10_l2_long,L2_LONG_PULSE,1.1,L2,0.96,3002.0,True,5325.0,2325.0,0.43661971830985913,2950.0,0.5539906103286385,0,0.0,0,0.0,50.0,0.009389671361502348,3000.0,0.5633802816901409,3000.0,25.0,False,0,0
t0_5a_1p10_l2_long,L2_LONG_PULSE,1.1,L2,0.96,3002.0,True,5350.0,2325.0,0.43457943925233644,2975.0,0.5560747663551402,0,0.0,0,0.0,50.0,0.009345794392523364,3025.0,0.5654205607476636,3025.0,25.0,False,0,0
t0_5a_1p10_l2_long,L2_LONG_PULSE,1.1,L2,0.96,3002.0,True,5375.0,2325.0,0.4325581395348837,3000.0,0.5581395348837209,0,0.0,0,0.0,50.0,0.009302325581395349,3050.0,0.5674418604651162,3050.0,25.0,False,0,0
t0_5a_1p10_l2_long,L2_LONG_PULSE,1.1,L2,0.96,3002.0,True,5400.0,2325.0,0.4305555555555556,3025.0,0.5601851851851852,0,0.0,0,0.0,50.0,0.009259259259259259,3075.0,0.5694444444444444,3075.0,25.0,False,0,0
t0_5a_1p10_l2_long,L2_LONG_PULSE,1.1,L2,0.96,3002.0,True,5425.0,2325.0,0.42857142857142855,3050.0,0.5622119815668203,0,0.0,0,0.0,50.0,0.009216589861751152,3100.0,0.5714285714285714,3100.0,25.0,False,0,0
t0_5a_1p10_l2_long,L2_LONG_PULSE,1.1,L2,0.96,3002.0,True,5450.0,2325.0,0.42660550458715596,3075.0,0.5642201834862385,0,0.0,0,0.0,50.0,0.009174311926605505,3125.0,0.573394495412844,3125.0,25.0,False,0,0
t0_5a_1p10_l2_long,L2_LONG_PULSE,1.1,L2,0.96,3002.0,True,5475.0,2325.0,0.4246575342465753,3100.0,0.5662100456621004,0,0.0,0,0.0,50.0,0.0091324200913242,3150.0,0.5753424657534246,3150.0,25.0,False,0,0
t0_5a_1p10_l2_long,L2_LONG_PULSE,1.1,L2,0.96,3002.0,True,5500.0,2325.0,0.42272727272727273,3125.0,0.5681818181818182,0,0.0,0,0.0,50.0,0.00909090909090909,3175.0,0.5772727272727273,3175.0,25.0,False,0,0
t0_5a_1p10_l2_long,L2_LONG_PULSE,1.1,L2,0.96,3002.0,True,5525.0,2325.0,0.42081447963800905,3150.0,0.5701357466063348,0,0.0,0,0.0,50.0,0.00904977375565611,3200.0,0.579185520361991,3200.0,25.0,False,0,0
t0_5a_1p10_l2_long,L2_LONG_PULSE,1.1,L2,0.96,3002.0,True,5550.0,2325.0,0.4189189189189189,3175.0,0.5720720720720721,0,0.0,0,0.0,50.0,0.009009009009009009,3225.0,0.581081081081081,3225.0,25.0,False,0,0
t0_5a_1p10_l2_long,L2_LONG_PULSE,1.1,L2,0.96,3002.0,True,5575.0,2325.0,0.4170403587443946,3200.0,0.5739910313901345,0,0.0,0,0.0,50.0,0.008968609865470852,3250.0,0.5829596412556054,3250.0,25.0,False,0,0
t0_5a_1p10_l2_long,L2_LONG_PULSE,1.1,L2,0.96,3002.0,True,5600.0,2325.0,0.41517857142857145,3225.0,0.5758928571428571,0,0.0,0,0.0,50.0,0.008928571428571428,3275.0,0.5848214285714286,3275.0,25.0,False,0,0
t0_5a_1p10_l2_long,L2_LONG_PULSE,1.1,L2,0.96,3002.0,True,5625.0,2325.0,0.41333333333333333,3250.0,0.5777777777777777,0,0.0,0,0.0,50.0,0.008888888888888889,3300.0,0.5866666666666667,3300.0,25.0,False,0,0
t0_5a_1p10_l2_long,L2_LONG_PULSE,1.1,L2,0.96,3002.0,True,5650.0,2325.0,0.41150442477876104,3275.0,0.5796460176991151,0,0.0,0,0.0,50.0,0.008849557522123894,3325.0,0.588495575221239,3325.0,25.0,False,0,0
t0_5a_1p10_l2_long,L2_LONG_PULSE,1.1,L2,0.96,3002.0,True,5675.0,2325.0,0.40969162995594716,3300.0,0.5814977973568282,0,0.0,0,0.0,50.0,0.00881057268722467,3350.0,0.5903083700440529,3350.0,25.0,False,0,0
t0_5a_1p10_l2_long,L2_LONG_PULSE,1.1,L2,0.96,3002.0,True,5700.0,2325.0,0.40789473684210525,3325.0,0.5833333333333334,0,0.0,0,0.0,50.0,0.008771929824561403,3375.0,0.5921052631578947,3375.0,25.0,False,0,0
t0_5a_1p10_l2_long,L2_LONG_PULSE,1.1,L2,0.96,3002.0,True,5725.0,2325.0,0.40611353711790393,3350.0,0.5851528384279476,0,0.0,0,0.0,50.0,0.008733624454148471,3400.0,0.5938864628820961,3400.0,25.0,False,0,0
t0_5a_1p10_l2_long,L2_LONG_PULSE,1.1,L2,0.96,3002.0,True,5750.0,2325.0,0.4043478260869565,3375.0,0.5869565217391305,0,0.0,0,0.0,50.0,0.008695652173913044,3425.0,0.5956521739130435,3425.0,25.0,False,0,0
t0_5a_1p10_l2_long,L2_LONG_PULSE,1.1,L2,0.96,3002.0,True,5775.0,2325.0,0.4025974025974026,3400.0,0.5887445887445888,0,0.0,0,0.0,50.0,0.008658008658008658,3450.0,0.5974025974025974,3450.0,25.0,False,0,0
t0_5a_1p10_l2_long,L2_LONG_PULSE,1.1,L2,0.96,3002.0,True,5800.0,2325.0,0.40086206896551724,3425.0,0.5905172413793104,0,0.0,0,0.0,50.0,0.008620689655172414,3475.0,0.5991379310344828,3475.0,25.0,False,0,0
t0_5a_1p10_l2_long,L2_LONG_PULSE,1.1,L2,0.96,3002.0,True,5825.0,2325.0,0.39914163090128757,3450.0,0.592274678111588,0,0.0,0,0.0,50.0,0.008583690987124463,3500.0,0.6008583690987125,3500.0,25.0,False,0,0
t0_5a_1p10_l2_long,L2_LONG_PULSE,1.1,L2,0.96,3002.0,True,5850.0,2325.0,0.3974358974358974,3475.0,0.594017094017094,0,0.0,0,0.0,50.0,0.008547008547008548,3525.0,0.6025641025641025,3525.0,25.0,False,0,0
t0_5a_1p10_l2_long,L2_LONG_PULSE,1.1,L2,0.96,3002.0,True,5875.0,2325.0,0.39574468085106385,3500.0,0.5957446808510638,0,0.0,0,0.0,50.0,0.00851063829787234,3550.0,0.6042553191489362,3550.0,25.0,False,0,0
t0_5a_1p10_l2_long,L2_LONG_PULSE,1.1,L2,0.96,3002.0,True,5900.0,2325.0,0.3940677966101695,3525.0,0.597457627118644,0,0.0,0,0.0,50.0,0.00847457627118644,3575.0,0.6059322033898306,3575.0,25.0,False,0,0
t0_5a_1p10_l2_long,L2_LONG_PULSE,1.1,L2,0.96,3002.0,True,5925.0,2325.0,0.3924050632911392,3550.0,0.5991561181434599,0,0.0,0,0.0,50.0,0.008438818565400843,3600.0,0.6075949367088608,3600.0,25.0,False,0,0
t0_5a_1p10_l2_long,L2_LONG_PULSE,1.1,L2,0.96,3002.0,True,5950.0,2325.0,0.3907563025210084,3575.0,0.6008403361344538,0,0.0,0,0.0,50.0,0.008403361344537815,3625.0,0.6092436974789915,3625.0,25.0,False,0,0
t0_5a_1p10_l2_long,L2_LONG_PULSE,1.1,L2,0.96,3002.0,True,5975.0,2325.0,0.3891213389121339,3600.0,0.602510460251046,0,0.0,0,0.0,50.0,0.008368200836820083,3650.0,0.6108786610878661,3650.0,25.0,False,0,0
t0_5a_1p10_l2_long,L2_LONG_PULSE,1.1,L2,0.96,3002.0,True,6000.0,2325.0,0.3875,3625.0,0.6041666666666666,0,0.0,0,0.0,50.0,0.008333333333333333,3675.0,0.6125,3675.0,25.0,False,0,0
t0_5b_0p95_l3_recovery,RECOVERY_EDGE_SPECIAL_MARGIN,0.95,L3,0.83,2002.0,False,25.0,25.0,1.0,0,0.0,0,0.0,0,0.0,0,0.0,0,0.0,0.0,,True,1,0
t0_5b_0p95_l3_recovery,RECOVERY_EDGE_SPECIAL_MARGIN,0.95,L3,0.83,2002.0,False,50.0,50.0,1.0,0,0.0,0,0.0,0,0.0,0,0.0,0,0.0,0.0,,True,1,0
t0_5b_0p95_l3_recovery,RECOVERY_EDGE_SPECIAL_MARGIN,0.95,L3,0.83,2002.0,False,75.0,75.0,1.0,0,0.0,0,0.0,0,0.0,0,0.0,0,0.0,0.0,,True,1,0
t0_5b_0p95_l3_recovery,RECOVERY_EDGE_SPECIAL_MARGIN,0.95,L3,0.83,2002.0,False,100.0,100.0,1.0,0,0.0,0,0.0,0,0.0,0,0.0,0,0.0,0.0,,True,1,0
t0_5b_0p95_l3_recovery,RECOVERY_EDGE_SPECIAL_MARGIN,0.95,L3,0.83,2002.0,False,125.0,125.0,1.0,0,0.0,0,0.0,0,0.0,0,0.0,0,0.0,0.0,,True,1,0
t0_5b_0p95_l3_recovery,RECOVERY_EDGE_SPECIAL_MARGIN,0.95,L3,0.83,2002.0,False,150.0,150.0,1.0,0,0.0,0,0.0,0,0.0,0,0.0,0,0.0,0.0,,True,1,0
t0_5b_0p95_l3_recovery,RECOVERY_EDGE_SPECIAL_MARGIN,0.95,L3,0.83,2002.0,False,175.0,175.0,1.0,0,0.0,0,0.0,0,0.0,0,0.0,0,0.0,0.0,,True,1,0
t0_5b_0p95_l3_recovery,RECOVERY_EDGE_SPECIAL_MARGIN,0.95,L3,0.83,2002.0,False,200.0,200.0,1.0,0,0.0,0,0.0,0,0.0,0,0.0,0,0.0,0.0,,True,1,0
t0_5b_0p95_l3_recovery,RECOVERY_EDGE_SPECIAL_MARGIN,0.95,L3,0.83,2002.0,False,225.0,225.0,1.0,0,0.0,0,0.0,0,0.0,0,0.0,0,0.0,0.0,,True,1,0
t0_5b_0p95_l3_recovery,RECOVERY_EDGE_SPECIAL_MARGIN,0.95,L3,0.83,2002.0,False,250.0,250.0,1.0,0,0.0,0,0.0,0,0.0,0,0.0,0,0.0,0.0,,True,1,0
t0_5b_0p95_l3_recovery,RECOVERY_EDGE_SPECIAL_MARGIN,0.95,L3,0.83,2002.0,False,275.0,275.0,1.0,0,0.0,0,0.0,0,0.0,0,0.0,0,0.0,0.0,,True,1,0
t0_5b_0p95_l3_recovery,RECOVERY_EDGE_SPECIAL_MARGIN,0.95,L3,0.83,2002.0,False,300.0,300.0,1.0,0,0.0,0,0.0,0,0.0,0,0.0,0,0.0,0.0,,True,1,0
t0_5b_0p95_l3_recovery,RECOVERY_EDGE_SPECIAL_MARGIN,0.95,L3,0.83,2002.0,False,325.0,325.0,1.0,0,0.0,0,0.0,0,0.0,0,0.0,0,0.0,0.0,,True,1,0
t0_5b_0p95_l3_recovery,RECOVERY_EDGE_SPECIAL_MARGIN,0.95,L3,0.83,2002.0,False,350.0,350.0,1.0,0,0.0,0,0.0,0,0.0,0,0.0,0,0.0,0.0,,True,1,0
t0_5b_0p95_l3_recovery,RECOVERY_EDGE_SPECIAL_MARGIN,0.95,L3,0.83,2002.0,False,375.0,375.0,1.0,0,0.0,0,0.0,0,0.0,0,0.0,0,0.0,0.0,,True,1,0
t0_5b_0p95_l3_recovery,RECOVERY_EDGE_SPECIAL_MARGIN,0.95,L3,0.83,2002.0,False,400.0,400.0,1.0,0,0.0,0,0.0,0,0.0,0,0.0,0,0.0,0.0,,True,1,0
t0_5b_0p95_l3_recovery,RECOVERY_EDGE_SPECIAL_MARGIN,0.95,L3,0.83,2002.0,False,425.0,425.0,1.0,0,0.0,0,0.0,0,0.0,0,0.0,0,0.0,0.0,,True,1,0
t0_5b_0p95_l3_recovery,RECOVERY_EDGE_SPECIAL_MARGIN,0.95,L3,0.83,2002.0,False,450.0,450.0,1.0,0,0.0,0,0.0,0,0.0,0,0.0,0,0.0,0.0,,True,1,0
t0_5b_0p95_l3_recovery,RECOVERY_EDGE_SPECIAL_MARGIN,0.95,L3,0.83,2002.0,False,475.0,475.0,1.0,0,0.0,0,0.0,0,0.0,0,0.0,0,0.0,0.0,,True,1,0
t0_5b_0p95_l3_recovery,RECOVERY_EDGE_SPECIAL_MARGIN,0.95,L3,0.83,2002.0,False,500.0,500.0,1.0,0,0.0,0,0.0,0,0.0,0,0.0,0,0.0,0.0,,True,1,0
t0_5b_0p95_l3_recovery,RECOVERY_EDGE_SPECIAL_MARGIN,0.95,L3,0.83,2002.0,False,525.0,525.0,1.0,0,0.0,0,0.0,0,0.0,0,0.0,0,0.0,0.0,,True,1,0
t0_5b_0p95_l3_recovery,RECOVERY_EDGE_SPECIAL_MARGIN,0.95,L3,0.83,2002.0,False,550.0,550.0,1.0,0,0.0,0,0.0,0,0.0,0,0.0,0,0.0,0.0,,True,1,0
t0_5b_0p95_l3_recovery,RECOVERY_EDGE_SPECIAL_MARGIN,0.95,L3,0.83,2002.0,False,575.0,575.0,1.0,0,0.0,0,0.0,0,0.0,0,0.0,0,0.0,0.0,,True,1,0
t0_5b_0p95_l3_recovery,RECOVERY_EDGE_SPECIAL_MARGIN,0.95,L3,0.83,2002.0,False,600.0,600.0,1.0,0,0.0,0,0.0,0,0.0,0,0.0,0,0.0,0.0,,True,1,0
t0_5b_0p95_l3_recovery,RECOVERY_EDGE_SPECIAL_MARGIN,0.95,L3,0.83,2002.0,False,625.0,625.0,1.0,0,0.0,0,0.0,0,0.0,0,0.0,0,0.0,0.0,,True,1,0
t0_5b_0p95_l3_recovery,RECOVERY_EDGE_SPECIAL_MARGIN,0.95,L3,0.83,2002.0,False,650.0,650.0,1.0,0,0.0,0,0.0,0,0.0,0,0.0,0,0.0,0.0,,True,1,0
t0_5b_0p95_l3_recovery,RECOVERY_EDGE_SPECIAL_MARGIN,0.95,L3,0.83,2002.0,False,675.0,675.0,1.0,0,0.0,0,0.0,0,0.0,0,0.0,0,0.0,0.0,,True,1,0
t0_5b_0p95_l3_recovery,RECOVERY_EDGE_SPECIAL_MARGIN,0.95,L3,0.83,2002.0,False,700.0,700.0,1.0,0,0.0,0,0.0,0,0.0,0,0.0,0,0.0,0.0,,True,1,0
t0_5b_0p95_l3_recovery,RECOVERY_EDGE_SPECIAL_MARGIN,0.95,L3,0.83,2002.0,False,725.0,725.0,1.0,0,0.0,0,0.0,0,0.0,0,0.0,0,0.0,0.0,,True,1,0
t0_5b_0p95_l3_recovery,RECOVERY_EDGE_SPECIAL_MARGIN,0.95,L3,0.83,2002.0,False,750.0,725.0,0.9666666666666667,0,0.0,0,0.0,0,0.0,25.0,0.03333333333333333,25.0,0.03333333333333333,25.0,50.0,False,1,0
t0_5b_0p95_l3_recovery,RECOVERY_EDGE_SPECIAL_MARGIN,0.95,L3,0.83,2002.0,False,775.0,725.0,0.9354838709677419,0,0.0,0,0.0,0,0.0,50.0,0.06451612903225806,50.0,0.06451612903225806,50.0,50.0,False,1,0
t0_5b_0p95_l3_recovery,RECOVERY_EDGE_SPECIAL_MARGIN,0.95,L3,0.83,2002.0,False,800.0,750.0,0.9375,0,0.0,0,0.0,0,0.0,50.0,0.0625,50.0,0.0625,50.0,75.0,False,1,0
t0_5b_0p95_l3_recovery,RECOVERY_EDGE_SPECIAL_MARGIN,0.95,L3,0.83,2002.0,False,825.0,775.0,0.9393939393939394,0,0.0,0,0.0,0,0.0,50.0,0.06060606060606061,50.0,0.06060606060606061,50.0,100.0,False,1,0
t0_5b_0p95_l3_recovery,RECOVERY_EDGE_SPECIAL_MARGIN,0.95,L3,0.83,2002.0,False,850.0,800.0,0.9411764705882353,0,0.0,0,0.0,0,0.0,50.0,0.058823529411764705,50.0,0.058823529411764705,50.0,125.0,False,1,0
t0_5b_0p95_l3_recovery,RECOVERY_EDGE_SPECIAL_MARGIN,0.95,L3,0.83,2002.0,False,875.0,825.0,0.9428571428571428,0,0.0,0,0.0,0,0.0,50.0,0.05714285714285714,50.0,0.05714285714285714,50.0,150.0,False,1,0
t0_5b_0p95_l3_recovery,RECOVERY_EDGE_SPECIAL_MARGIN,0.95,L3,0.83,2002.0,False,900.0,850.0,0.9444444444444444,0,0.0,0,0.0,0,0.0,50.0,0.05555555555555555,50.0,0.05555555555555555,50.0,175.0,False,1,0
t0_5b_0p95_l3_recovery,RECOVERY_EDGE_SPECIAL_MARGIN,0.95,L3,0.83,2002.0,False,925.0,875.0,0.9459459459459459,0,0.0,0,0.0,0,0.0,50.0,0.05405405405405406,50.0,0.05405405405405406,50.0,200.0,False,1,0
t0_5b_0p95_l3_recovery,RECOVERY_EDGE_SPECIAL_MARGIN,0.95,L3,0.83,2002.0,False,950.0,875.0,0.9210526315789473,0,0.0,0,0.0,0,0.0,75.0,0.07894736842105263,75.0,0.07894736842105263,50.0,225.0,False,1,0
t0_5b_0p95_l3_recovery,RECOVERY_EDGE_SPECIAL_MARGIN,0.95,L3,0.83,2002.0,False,975.0,875.0,0.8974358974358975,0,0.0,0,0.0,0,0.0,100.0,0.10256410256410256,100.0,0.10256410256410256,50.0,50.0,False,1,0
t0_5b_0p95_l3_recovery,RECOVERY_EDGE_SPECIAL_MARGIN,0.95,L3,0.83,2002.0,False,1000.0,875.0,0.875,25.0,0.025,0,0.0,0,0.0,100.0,0.1,125.0,0.125,75.0,50.0,False,1,0
t0_5b_0p95_l3_recovery,RECOVERY_EDGE_SPECIAL_MARGIN,0.95,L3,0.83,2002.0,False,1025.0,875.0,0.8536585365853658,50.0,0.04878048780487805,0,0.0,0,0.0,100.0,0.0975609756097561,150.0,0.14634146341463414,100.0,50.0,False,1,0
t0_5b_0p95_l3_recovery,RECOVERY_EDGE_SPECIAL_MARGIN,0.95,L3,0.83,2002.0,False,1050.0,875.0,0.8333333333333334,75.0,0.07142857142857142,0,0.0,0,0.0,100.0,0.09523809523809523,175.0,0.16666666666666666,125.0,50.0,False,1,0
t0_5b_0p95_l3_recovery,RECOVERY_EDGE_SPECIAL_MARGIN,0.95,L3,0.83,2002.0,False,1075.0,875.0,0.813953488372093,100.0,0.09302325581395349,0,0.0,0,0.0,100.0,0.09302325581395349,200.0,0.18604651162790697,150.0,50.0,False,1,0
t0_5b_0p95_l3_recovery,RECOVERY_EDGE_SPECIAL_MARGIN,0.95,L3,0.83,2002.0,False,1100.0,875.0,0.7954545454545454,125.0,0.11363636363636363,0,0.0,0,0.0,100.0,0.09090909090909091,225.0,0.20454545454545456,175.0,50.0,False,1,0
t0_5b_0p95_l3_recovery,RECOVERY_EDGE_SPECIAL_MARGIN,0.95,L3,0.83,2002.0,False,1125.0,875.0,0.7777777777777778,150.0,0.13333333333333333,0,0.0,0,0.0,100.0,0.08888888888888889,250.0,0.2222222222222222,200.0,50.0,False,1,0
t0_5b_0p95_l3_recovery,RECOVERY_EDGE_SPECIAL_MARGIN,0.95,L3,0.83,2002.0,False,1150.0,875.0,0.7608695652173914,175.0,0.15217391304347827,0,0.0,0,0.0,100.0,0.08695652173913043,275.0,0.2391304347826087,225.0,50.0,False,1,0
t0_5b_0p95_l3_recovery,RECOVERY_EDGE_SPECIAL_MARGIN,0.95,L3,0.83,2002.0,False,1175.0,875.0,0.7446808510638298,200.0,0.1702127659574468,0,0.0,0,0.0,100.0,0.0851063829787234,300.0,0.2553191489361702,250.0,50.0,False,1,0
t0_5b_0p95_l3_recovery,RECOVERY_EDGE_SPECIAL_MARGIN,0.95,L3,0.83,2002.0,False,1200.0,875.0,0.7291666666666666,225.0,0.1875,0,0.0,0,0.0,100.0,0.08333333333333333,325.0,0.2708333333333333,275.0,50.0,False,1,0
t0_5b_0p95_l3_recovery,RECOVERY_EDGE_SPECIAL_MARGIN,0.95,L3,0.83,2002.0,False,1225.0,875.0,0.7142857142857143,250.0,0.20408163265306123,0,0.0,0,0.0,100.0,0.08163265306122448,350.0,0.2857142857142857,300.0,50.0,False,1,0
t0_5b_0p95_l3_recovery,RECOVERY_EDGE_SPECIAL_MARGIN,0.95,L3,0.83,2002.0,False,1250.0,875.0,0.7,275.0,0.22,0,0.0,0,0.0,100.0,0.08,375.0,0.3,325.0,50.0,False,1,0
t0_5b_0p95_l3_recovery,RECOVERY_EDGE_SPECIAL_MARGIN,0.95,L3,0.83,2002.0,False,1275.0,875.0,0.6862745098039216,300.0,0.23529411764705882,0,0.0,0,0.0,100.0,0.0784313725490196,400.0,0.3137254901960784,350.0,50.0,False,1,0
t0_5b_0p95_l3_recovery,RECOVERY_EDGE_SPECIAL_MARGIN,0.95,L3,0.83,2002.0,False,1300.0,875.0,0.6730769230769231,325.0,0.25,0,0.0,0,0.0,100.0,0.07692307692307693,425.0,0.3269230769230769,375.0,50.0,False,1,0
t0_5b_0p95_l3_recovery,RECOVERY_EDGE_SPECIAL_MARGIN,0.95,L3,0.83,2002.0,False,1325.0,875.0,0.660377358490566,350.0,0.2641509433962264,0,0.0,0,0.0,100.0,0.07547169811320754,450.0,0.33962264150943394,400.0,50.0,False,1,0
t0_5b_0p95_l3_recovery,RECOVERY_EDGE_SPECIAL_MARGIN,0.95,L3,0.83,2002.0,False,1350.0,875.0,0.6481481481481481,375.0,0.2777777777777778,0,0.0,0,0.0,100.0,0.07407407407407407,475.0,0.35185185185185186,425.0,50.0,False,1,0
t0_5b_0p95_l3_recovery,RECOVERY_EDGE_SPECIAL_MARGIN,0.95,L3,0.83,2002.0,False,1375.0,875.0,0.6363636363636364,400.0,0.2909090909090909,0,0.0,0,0.0,100.0,0.07272727272727272,500.0,0.36363636363636365,450.0,50.0,False,1,0
t0_5b_0p95_l3_recovery,RECOVERY_EDGE_SPECIAL_MARGIN,0.95,L3,0.83,2002.0,False,1400.0,875.0,0.625,425.0,0.30357142857142855,0,0.0,0,0.0,100.0,0.07142857142857142,525.0,0.375,475.0,50.0,False,1,0
t0_5b_0p95_l3_recovery,RECOVERY_EDGE_SPECIAL_MARGIN,0.95,L3,0.83,2002.0,False,1425.0,875.0,0.6140350877192983,450.0,0.3157894736842105,0,0.0,0,0.0,100.0,0.07017543859649122,550.0,0.38596491228070173,500.0,50.0,False,1,0
t0_5b_0p95_l3_recovery,RECOVERY_EDGE_SPECIAL_MARGIN,0.95,L3,0.83,2002.0,False,1450.0,875.0,0.603448275862069,475.0,0.3275862068965517,0,0.0,0,0.0,100.0,0.06896551724137931,575.0,0.39655172413793105,525.0,50.0,False,1,0
t0_5b_0p95_l3_recovery,RECOVERY_EDGE_SPECIAL_MARGIN,0.95,L3,0.83,2002.0,False,1475.0,875.0,0.5932203389830508,500.0,0.3389830508474576,0,0.0,0,0.0,100.0,0.06779661016949153,600.0,0.4067796610169492,550.0,50.0,False,1,0
t0_5b_0p95_l3_recovery,RECOVERY_EDGE_SPECIAL_MARGIN,0.95,L3,0.83,2002.0,False,1500.0,875.0,0.5833333333333334,525.0,0.35,0,0.0,0,0.0,100.0,0.06666666666666667,625.0,0.4166666666666667,575.0,50.0,False,1,0
t0_5b_0p95_l3_recovery,RECOVERY_EDGE_SPECIAL_MARGIN,0.95,L3,0.83,2002.0,False,1525.0,875.0,0.5737704918032787,550.0,0.36065573770491804,0,0.0,0,0.0,100.0,0.06557377049180328,650.0,0.4262295081967213,600.0,50.0,False,1,0
t0_5b_0p95_l3_recovery,RECOVERY_EDGE_SPECIAL_MARGIN,0.95,L3,0.83,2002.0,False,1550.0,875.0,0.5645161290322581,575.0,0.3709677419354839,0,0.0,0,0.0,100.0,0.06451612903225806,675.0,0.43548387096774194,625.0,50.0,False,1,0
t0_5b_0p95_l3_recovery,RECOVERY_EDGE_SPECIAL_MARGIN,0.95,L3,0.83,2002.0,False,1575.0,875.0,0.5555555555555556,600.0,0.38095238095238093,0,0.0,0,0.0,100.0,0.06349206349206349,700.0,0.4444444444444444,650.0,50.0,False,1,0
t0_5b_0p95_l3_recovery,RECOVERY_EDGE_SPECIAL_MARGIN,0.95,L3,0.83,2002.0,False,1600.0,875.0,0.546875,625.0,0.390625,0,0.0,0,0.0,100.0,0.0625,725.0,0.453125,675.0,50.0,False,1,0
t0_5b_0p95_l3_recovery,RECOVERY_EDGE_SPECIAL_MARGIN,0.95,L3,0.83,2002.0,False,1625.0,875.0,0.5384615384615384,650.0,0.4,0,0.0,0,0.0,100.0,0.06153846153846154,750.0,0.46153846153846156,700.0,50.0,False,1,0
t0_5b_0p95_l3_recovery,RECOVERY_EDGE_SPECIAL_MARGIN,0.95,L3,0.83,2002.0,False,1650.0,875.0,0.5303030303030303,675.0,0.4090909090909091,0,0.0,0,0.0,100.0,0.06060606060606061,775.0,0.4696969696969697,725.0,50.0,False,1,0
t0_5b_0p95_l3_recovery,RECOVERY_EDGE_SPECIAL_MARGIN,0.95,L3,0.83,2002.0,False,1675.0,875.0,0.5223880597014925,700.0,0.417910447761194,0,0.0,0,0.0,100.0,0.05970149253731343,800.0,0.47761194029850745,750.0,50.0,False,1,0
t0_5b_0p95_l3_recovery,RECOVERY_EDGE_SPECIAL_MARGIN,0.95,L3,0.83,2002.0,False,1700.0,875.0,0.5147058823529411,725.0,0.4264705882352941,0,0.0,0,0.0,100.0,0.058823529411764705,825.0,0.4852941176470588,775.0,50.0,False,1,0
t0_5b_0p95_l3_recovery,RECOVERY_EDGE_SPECIAL_MARGIN,0.95,L3,0.83,2002.0,False,1725.0,875.0,0.5072463768115942,750.0,0.43478260869565216,0,0.0,0,0.0,100.0,0.057971014492753624,850.0,0.4927536231884058,800.0,50.0,False,1,0
t0_5b_0p95_l3_recovery,RECOVERY_EDGE_SPECIAL_MARGIN,0.95,L3,0.83,2002.0,False,1750.0,875.0,0.5,775.0,0.44285714285714284,0,0.0,0,0.0,100.0,0.05714285714285714,875.0,0.5,825.0,50.0,False,1,0
t0_5b_0p95_l3_recovery,RECOVERY_EDGE_SPECIAL_MARGIN,0.95,L3,0.83,2002.0,False,1775.0,875.0,0.49295774647887325,800.0,0.4507042253521127,0,0.0,0,0.0,100.0,0.056338028169014086,900.0,0.5070422535211268,850.0,50.0,False,1,0
t0_5b_0p95_l3_recovery,RECOVERY_EDGE_SPECIAL_MARGIN,0.95,L3,0.83,2002.0,False,1800.0,875.0,0.4861111111111111,825.0,0.4583333333333333,0,0.0,0,0.0,100.0,0.05555555555555555,925.0,0.5138888888888888,875.0,50.0,False,1,0
t0_5b_0p95_l3_recovery,RECOVERY_EDGE_SPECIAL_MARGIN,0.95,L3,0.83,2002.0,False,1825.0,875.0,0.4794520547945205,850.0,0.4657534246575342,0,0.0,0,0.0,100.0,0.0547945205479452,950.0,0.5205479452054794,900.0,50.0,False,1,0
t0_5b_0p95_l3_recovery,RECOVERY_EDGE_SPECIAL_MARGIN,0.95,L3,0.83,2002.0,False,1850.0,875.0,0.47297297297297297,875.0,0.47297297297297297,0,0.0,0,0.0,100.0,0.05405405405405406,975.0,0.527027027027027,925.0,50.0,False,1,0
t0_5b_0p95_l3_recovery,RECOVERY_EDGE_SPECIAL_MARGIN,0.95,L3,0.83,2002.0,False,1875.0,875.0,0.4666666666666667,900.0,0.48,0,0.0,0,0.0,100.0,0.05333333333333334,1000.0,0.5333333333333333,950.0,50.0,False,1,0
t0_5b_0p95_l3_recovery,RECOVERY_EDGE_SPECIAL_MARGIN,0.95,L3,0.83,2002.0,False,1900.0,875.0,0.4605263157894737,925.0,0.4868421052631579,0,0.0,0,0.0,100.0,0.05263157894736842,1025.0,0.5394736842105263,975.0,50.0,False,1,0
t0_5b_0p95_l3_recovery,RECOVERY_EDGE_SPECIAL_MARGIN,0.95,L3,0.83,2002.0,False,1925.0,875.0,0.45454545454545453,950.0,0.4935064935064935,0,0.0,0,0.0,100.0,0.05194805194805195,1050.0,0.5454545454545454,1000.0,50.0,False,1,0
t0_5b_0p95_l3_recovery,RECOVERY_EDGE_SPECIAL_MARGIN,0.95,L3,0.83,2002.0,False,1950.0,875.0,0.44871794871794873,975.0,0.5,0,0.0,0,0.0,100.0,0.05128205128205128,1075.0,0.5512820512820513,1025.0,50.0,False,1,0
t0_5b_0p95_l3_recovery,RECOVERY_EDGE_SPECIAL_MARGIN,0.95,L3,0.83,2002.0,False,1975.0,875.0,0.4430379746835443,1000.0,0.5063291139240507,0,0.0,0,0.0,100.0,0.05063291139240506,1100.0,0.5569620253164557,1050.0,50.0,False,1,0
t0_5b_0p95_l3_recovery,RECOVERY_EDGE_SPECIAL_MARGIN,0.95,L3,0.83,2002.0,False,2000.0,875.0,0.4375,1025.0,0.5125,0,0.0,0,0.0,100.0,0.05,1125.0,0.5625,1075.0,50.0,False,1,0
t0_5b_0p95_l3_recovery,RECOVERY_EDGE_SPECIAL_MARGIN,0.95,L3,0.83,2002.0,False,2025.0,875.0,0.43209876543209874,1050.0,0.5185185185185185,0,0.0,0,0.0,100.0,0.04938271604938271,1150.0,0.5679012345679012,1100.0,50.0,False,1,0
t0_5b_0p95_l3_recovery,RECOVERY_EDGE_SPECIAL_MARGIN,0.95,L3,0.83,2002.0,False,2050.0,875.0,0.4268292682926829,1075.0,0.524390243902439,0,0.0,0,0.0,100.0,0.04878048780487805,1175.0,0.573170731707317,1125.0,50.0,False,1,0
t0_5b_0p95_l3_recovery,RECOVERY_EDGE_SPECIAL_MARGIN,0.95,L3,0.83,2002.0,False,2075.0,875.0,0.42168674698795183,1100.0,0.5301204819277109,0,0.0,0,0.0,100.0,0.04819277108433735,1200.0,0.5783132530120482,1150.0,50.0,False,1,0
t0_5b_0p95_l3_recovery,RECOVERY_EDGE_SPECIAL_MARGIN,0.95,L3,0.83,2002.0,False,2100.0,875.0,0.4166666666666667,1125.0,0.5357142857142857,0,0.0,0,0.0,100.0,0.047619047619047616,1225.0,0.5833333333333334,1175.0,50.0,False,1,0
t0_5b_0p95_l3_recovery,RECOVERY_EDGE_SPECIAL_MARGIN,0.95,L3,0.83,2002.0,False,2125.0,875.0,0.4117647058823529,1150.0,0.5411764705882353,0,0.0,0,0.0,100.0,0.047058823529411764,1250.0,0.5882352941176471,1200.0,50.0,False,1,0
t0_5b_0p95_l3_recovery,RECOVERY_EDGE_SPECIAL_MARGIN,0.95,L3,0.83,2002.0,False,2150.0,875.0,0.4069767441860465,1175.0,0.5465116279069767,0,0.0,0,0.0,100.0,0.046511627906976744,1275.0,0.5930232558139535,1225.0,50.0,False,1,0
t0_5b_0p95_l3_recovery,RECOVERY_EDGE_SPECIAL_MARGIN,0.95,L3,0.83,2002.0,False,2175.0,875.0,0.40229885057471265,1200.0,0.5517241379310345,0,0.0,0,0.0,100.0,0.04597701149425287,1300.0,0.5977011494252874,1250.0,50.0,False,1,0
t0_5b_0p95_l3_recovery,RECOVERY_EDGE_SPECIAL_MARGIN,0.95,L3,0.83,2002.0,False,2200.0,875.0,0.3977272727272727,1225.0,0.5568181818181818,0,0.0,0,0.0,100.0,0.045454545454545456,1325.0,0.6022727272727273,1275.0,50.0,False,1,0
t0_5b_0p95_l3_recovery,RECOVERY_EDGE_SPECIAL_MARGIN,0.95,L3,0.83,2002.0,False,2225.0,875.0,0.39325842696629215,1250.0,0.5617977528089888,0,0.0,0,0.0,100.0,0.0449438202247191,1350.0,0.6067415730337079,1300.0,50.0,False,1,0
t0_5b_0p95_l3_recovery,RECOVERY_EDGE_SPECIAL_MARGIN,0.95,L3,0.83,2002.0,False,2250.0,875.0,0.3888888888888889,1275.0,0.5666666666666667,0,0.0,0,0.0,100.0,0.044444444444444446,1375.0,0.6111111111111112,1325.0,50.0,False,1,0
t0_5b_0p95_l3_recovery,RECOVERY_EDGE_SPECIAL_MARGIN,0.95,L3,0.83,2002.0,False,2275.0,875.0,0.38461538461538464,1300.0,0.5714285714285714,0,0.0,0,0.0,100.0,0.04395604395604396,1400.0,0.6153846153846154,1350.0,50.0,False,1,0
t0_5b_0p95_l3_recovery,RECOVERY_EDGE_SPECIAL_MARGIN,0.95,L3,0.83,2002.0,False,2300.0,875.0,0.3804347826086957,1325.0,0.5760869565217391,0,0.0,0,0.0,100.0,0.043478260869565216,1425.0,0.6195652173913043,1375.0,50.0,False,1,0
t0_5b_0p95_l3_recovery,RECOVERY_EDGE_SPECIAL_MARGIN,0.95,L3,0.83,2002.0,False,2325.0,875.0,0.3763440860215054,1350.0,0.5806451612903226,0,0.0,0,0.0,100.0,0.043010752688172046,1450.0,0.6236559139784946,1400.0,50.0,False,1,0
t0_5b_0p95_l3_recovery,RECOVERY_EDGE_SPECIAL_MARGIN,0.95,L3,0.83,2002.0,False,2350.0,875.0,0.3723404255319149,1375.0,0.5851063829787234,0,0.0,0,0.0,100.0,0.0425531914893617,1475.0,0.6276595744680851,1425.0,50.0,False,1,0
t0_5b_0p95_l3_recovery,RECOVERY_EDGE_SPECIAL_MARGIN,0.95,L3,0.83,2002.0,False,2375.0,875.0,0.3684210526315789,1400.0,0.5894736842105263,0,0.0,0,0.0,100.0,0.042105263157894736,1500.0,0.631578947368421,1450.0,50.0,False,1,0
t0_5b_0p95_l3_recovery,RECOVERY_EDGE_SPECIAL_MARGIN,0.95,L3,0.83,2002.0,False,2400.0,875.0,0.3645833333333333,1425.0,0.59375,0,0.0,0,0.0,100.0,0.041666666666666664,1525.0,0.6354166666666666,1475.0,50.0,False,1,0
t0_5b_0p95_l3_recovery,RECOVERY_EDGE_SPECIAL_MARGIN,0.95,L3,0.83,2002.0,False,2425.0,875.0,0.36082474226804123,1450.0,0.5979381443298969,0,0.0,0,0.0,100.0,0.041237113402061855,1550.0,0.6391752577319587,1500.0,50.0,False,1,0
t0_5b_0p95_l3_recovery,RECOVERY_EDGE_SPECIAL_MARGIN,0.95,L3,0.83,2002.0,False,2450.0,875.0,0.35714285714285715,1475.0,0.6020408163265306,0,0.0,0,0.0,100.0,0.04081632653061224,1575.0,0.6428571428571429,1525.0,50.0,False,1,0
t0_5b_0p95_l3_recovery,RECOVERY_EDGE_SPECIAL_MARGIN,0.95,L3,0.83,2002.0,False,2475.0,875.0,0.35353535353535354,1500.0,0.6060606060606061,0,0.0,0,0.0,100.0,0.04040404040404041,1600.0,0.6464646464646465,1550.0,50.0,False,1,0
t0_5b_0p95_l3_recovery,RECOVERY_EDGE_SPECIAL_MARGIN,0.95,L3,0.83,2002.0,False,2500.0,875.0,0.35,1525.0,0.61,0,0.0,0,0.0,100.0,0.04,1625.0,0.65,1575.0,50.0,False,1,0
t0_5b_0p95_l3_recovery,RECOVERY_EDGE_SPECIAL_MARGIN,0.95,L3,0.83,2002.0,False,2525.0,875.0,0.3465346534653465,1550.0,0.6138613861386139,0,0.0,0,0.0,100.0,0.039603960396039604,1650.0,0.6534653465346535,1600.0,50.0,False,1,0
t0_5b_0p95_l3_recovery,RECOVERY_EDGE_SPECIAL_MARGIN,0.95,L3,0.83,2002.0,False,2550.0,875.0,0.3431372549019608,1575.0,0.6176470588235294,0,0.0,0,0.0,100.0,0.0392156862745098,1675.0,0.6568627450980392,1625.0,50.0,False,1,0
t0_5b_0p95_l3_recovery,RECOVERY_EDGE_SPECIAL_MARGIN,0.95,L3,0.83,2002.0,False,2575.0,875.0,0.33980582524271846,1600.0,0.6213592233009708,0,0.0,0,0.0,100.0,0.038834951456310676,1700.0,0.6601941747572816,1650.0,50.0,False,1,0
t0_5b_0p95_l3_recovery,RECOVERY_EDGE_SPECIAL_MARGIN,0.95,L3,0.83,2002.0,False,2600.0,875.0,0.33653846153846156,1625.0,0.625,0,0.0,0,0.0,100.0,0.038461538461538464,1725.0,0.6634615384615384,1675.0,50.0,False,1,0
t0_5b_0p95_l3_recovery,RECOVERY_EDGE_SPECIAL_MARGIN,0.95,L3,0.83,2002.0,False,2625.0,875.0,0.3333333333333333,1650.0,0.6285714285714286,0,0.0,0,0.0,100.0,0.0380952380952381,1750.0,0.6666666666666666,1700.0,50.0,False,1,0
t0_5b_0p95_l3_recovery,RECOVERY_EDGE_SPECIAL_MARGIN,0.95,L3,0.83,2002.0,False,2650.0,875.0,0.330188679245283,1675.0,0.6320754716981132,0,0.0,0,0.0,100.0,0.03773584905660377,1775.0,0.6698113207547169,1725.0,50.0,False,1,0
t0_5b_0p95_l3_recovery,RECOVERY_EDGE_SPECIAL_MARGIN,0.95,L3,0.83,2002.0,False,2675.0,875.0,0.32710280373831774,1700.0,0.6355140186915887,0,0.0,0,0.0,100.0,0.037383177570093455,1800.0,0.6728971962616822,1750.0,50.0,False,1,0
t0_5b_0p95_l3_recovery,RECOVERY_EDGE_SPECIAL_MARGIN,0.95,L3,0.83,2002.0,False,2700.0,875.0,0.32407407407407407,1725.0,0.6388888888888888,0,0.0,0,0.0,100.0,0.037037037037037035,1825.0,0.6759259259259259,1775.0,50.0,False,1,0
t0_5b_0p95_l3_recovery,RECOVERY_EDGE_SPECIAL_MARGIN,0.95,L3,0.83,2002.0,False,2725.0,875.0,0.3211009174311927,1750.0,0.6422018348623854,0,0.0,0,0.0,100.0,0.03669724770642202,1850.0,0.6788990825688074,1800.0,50.0,False,1,0
t0_5b_0p95_l3_recovery,RECOVERY_EDGE_SPECIAL_MARGIN,0.95,L3,0.83,2002.0,False,2750.0,875.0,0.3181818181818182,1775.0,0.6454545454545455,0,0.0,0,0.0,100.0,0.03636363636363636,1875.0,0.6818181818181818,1825.0,50.0,False,1,0
t0_5b_0p95_l3_recovery,RECOVERY_EDGE_SPECIAL_MARGIN,0.95,L3,0.83,2002.0,False,2775.0,875.0,0.3153153153153153,1800.0,0.6486486486486487,0,0.0,0,0.0,100.0,0.036036036036036036,1900.0,0.6846846846846847,1850.0,50.0,False,1,0
t0_5b_0p95_l3_recovery,RECOVERY_EDGE_SPECIAL_MARGIN,0.95,L3,0.83,2002.0,False,2800.0,875.0,0.3125,1825.0,0.6517857142857143,0,0.0,0,0.0,100.0,0.03571428571428571,1925.0,0.6875,1875.0,50.0,False,1,0
t0_5b_0p95_l3_recovery,RECOVERY_EDGE_SPECIAL_MARGIN,0.95,L3,0.83,2002.0,False,2825.0,875.0,0.30973451327433627,1850.0,0.6548672566371682,0,0.0,0,0.0,100.0,0.035398230088495575,1950.0,0.6902654867256637,1900.0,50.0,False,1,0
t0_5b_0p95_l3_recovery,RECOVERY_EDGE_SPECIAL_MARGIN,0.95,L3,0.83,2002.0,False,2850.0,875.0,0.30701754385964913,1875.0,0.6578947368421053,0,0.0,0,0.0,100.0,0.03508771929824561,1975.0,0.6929824561403509,1925.0,50.0,False,1,0
t0_5b_0p95_l3_recovery,RECOVERY_EDGE_SPECIAL_MARGIN,0.95,L3,0.83,2002.0,False,2875.0,875.0,0.30434782608695654,1900.0,0.6608695652173913,0,0.0,0,0.0,100.0,0.034782608695652174,2000.0,0.6956521739130435,1950.0,50.0,False,1,0
t0_5b_0p95_l3_recovery,RECOVERY_EDGE_SPECIAL_MARGIN,0.95,L3,0.83,2002.0,False,2900.0,875.0,0.3017241379310345,1925.0,0.6637931034482759,0,0.0,0,0.0,100.0,0.034482758620689655,2025.0,0.6982758620689655,1975.0,50.0,False,1,0
t0_5b_0p95_l3_recovery,RECOVERY_EDGE_SPECIAL_MARGIN,0.95,L3,0.83,2002.0,False,2925.0,875.0,0.29914529914529914,1950.0,0.6666666666666666,0,0.0,0,0.0,100.0,0.03418803418803419,2050.0,0.7008547008547008,2000.0,50.0,False,1,0
t0_5b_0p95_l3_recovery,RECOVERY_EDGE_SPECIAL_MARGIN,0.95,L3,0.83,2002.0,False,2950.0,875.0,0.2966101694915254,1975.0,0.6694915254237288,0,0.0,0,0.0,100.0,0.03389830508474576,2075.0,0.7033898305084746,2025.0,50.0,False,1,0
t0_5b_0p95_l3_recovery,RECOVERY_EDGE_SPECIAL_MARGIN,0.95,L3,0.83,2002.0,False,2975.0,875.0,0.29411764705882354,2000.0,0.6722689075630253,0,0.0,0,0.0,100.0,0.03361344537815126,2100.0,0.7058823529411765,2050.0,50.0,False,1,0
t0_5b_0p95_l3_recovery,RECOVERY_EDGE_SPECIAL_MARGIN,0.95,L3,0.83,2002.0,False,3000.0,875.0,0.2916666666666667,2025.0,0.675,0,0.0,0,0.0,100.0,0.03333333333333333,2125.0,0.7083333333333334,2075.0,50.0,False,1,0
t0_5b_0p95_l3_recovery,RECOVERY_EDGE_SPECIAL_MARGIN,0.95,L3,0.83,2002.0,False,3025.0,875.0,0.2892561983471074,2050.0,0.6776859504132231,0,0.0,0,0.0,100.0,0.03305785123966942,2150.0,0.7107438016528925,2100.0,50.0,False,1,0
t0_5b_0p95_l3_recovery,RECOVERY_EDGE_SPECIAL_MARGIN,0.95,L3,0.83,2002.0,False,3050.0,875.0,0.28688524590163933,2075.0,0.680327868852459,0,0.0,0,0.0,100.0,0.03278688524590164,2175.0,0.7131147540983607,2125.0,50.0,False,1,0
t0_5b_0p95_l3_recovery,RECOVERY_EDGE_SPECIAL_MARGIN,0.95,L3,0.83,2002.0,False,3075.0,875.0,0.2845528455284553,2100.0,0.6829268292682927,0,0.0,0,0.0,100.0,0.032520325203252036,2200.0,0.7154471544715447,2150.0,50.0,False,1,0
t0_5b_0p95_l3_recovery,RECOVERY_EDGE_SPECIAL_MARGIN,0.95,L3,0.83,2002.0,False,3100.0,875.0,0.28225806451612906,2125.0,0.6854838709677419,0,0.0,0,0.0,100.0,0.03225806451612903,2225.0,0.717741935483871,2175.0,50.0,False,1,0
t0_5b_0p95_l3_recovery,RECOVERY_EDGE_SPECIAL_MARGIN,0.95,L3,0.83,2002.0,False,3125.0,875.0,0.28,2150.0,0.688,0,0.0,0,0.0,100.0,0.032,2250.0,0.72,2200.0,50.0,False,1,0
t0_5b_0p95_l3_recovery,RECOVERY_EDGE_SPECIAL_MARGIN,0.95,L3,0.83,2002.0,False,3150.0,875.0,0.2777777777777778,2175.0,0.6904761904761905,0,0.0,0,0.0,100.0,0.031746031746031744,2275.0,0.7222222222222222,2225.0,50.0,False,1,0
t0_5b_0p95_l3_recovery,RECOVERY_EDGE_SPECIAL_MARGIN,0.95,L3,0.83,2002.0,False,3175.0,875.0,0.2755905511811024,2200.0,0.6929133858267716,0,0.0,0,0.0,100.0,0.031496062992125984,2300.0,0.7244094488188977,2250.0,50.0,False,1,0
t0_5b_0p95_l3_recovery,RECOVERY_EDGE_SPECIAL_MARGIN,0.95,L3,0.83,2002.0,False,3200.0,875.0,0.2734375,2225.0,0.6953125,0,0.0,0,0.0,100.0,0.03125,2325.0,0.7265625,2275.0,50.0,False,1,0
t0_5b_0p95_l3_recovery,RECOVERY_EDGE_SPECIAL_MARGIN,0.95,L3,0.83,2002.0,False,3225.0,875.0,0.2713178294573643,2250.0,0.6976744186046512,0,0.0,0,0.0,100.0,0.031007751937984496,2350.0,0.7286821705426356,2300.0,50.0,False,1,0
t0_5b_0p95_l3_recovery,RECOVERY_EDGE_SPECIAL_MARGIN,0.95,L3,0.83,2002.0,False,3250.0,875.0,0.2692307692307692,2275.0,0.7,0,0.0,0,0.0,100.0,0.03076923076923077,2375.0,0.7307692307692307,2325.0,50.0,False,1,0
t0_5b_0p95_l3_recovery,RECOVERY_EDGE_SPECIAL_MARGIN,0.95,L3,0.83,2002.0,False,3275.0,875.0,0.26717557251908397,2300.0,0.7022900763358778,0,0.0,0,0.0,100.0,0.030534351145038167,2400.0,0.732824427480916,2350.0,50.0,False,1,0
t0_5b_0p95_l3_recovery,RECOVERY_EDGE_SPECIAL_MARGIN,0.95,L3,0.83,2002.0,False,3300.0,875.0,0.26515151515151514,2325.0,0.7045454545454546,0,0.0,0,0.0,100.0,0.030303030303030304,2425.0,0.7348484848484849,2375.0,50.0,False,1,0
t0_5b_0p95_l3_recovery,RECOVERY_EDGE_SPECIAL_MARGIN,0.95,L3,0.83,2002.0,False,3325.0,875.0,0.2631578947368421,2350.0,0.706766917293233,0,0.0,0,0.0,100.0,0.03007518796992481,2450.0,0.7368421052631579,2400.0,50.0,False,1,0
t0_5b_0p95_l3_recovery,RECOVERY_EDGE_SPECIAL_MARGIN,0.95,L3,0.83,2002.0,False,3350.0,875.0,0.26119402985074625,2375.0,0.7089552238805971,0,0.0,0,0.0,100.0,0.029850746268656716,2475.0,0.7388059701492538,2425.0,50.0,False,1,0
t0_5b_0p95_l3_recovery,RECOVERY_EDGE_SPECIAL_MARGIN,0.95,L3,0.83,2002.0,False,3375.0,875.0,0.25925925925925924,2400.0,0.7111111111111111,0,0.0,0,0.0,100.0,0.02962962962962963,2500.0,0.7407407407407407,2450.0,50.0,False,1,0
t0_5b_0p95_l3_recovery,RECOVERY_EDGE_SPECIAL_MARGIN,0.95,L3,0.83,2002.0,False,3400.0,875.0,0.25735294117647056,2425.0,0.7132352941176471,0,0.0,0,0.0,100.0,0.029411764705882353,2525.0,0.7426470588235294,2475.0,50.0,False,1,0
t0_5b_0p95_l3_recovery,RECOVERY_EDGE_SPECIAL_MARGIN,0.95,L3,0.83,2002.0,False,3425.0,875.0,0.25547445255474455,2450.0,0.7153284671532847,0,0.0,0,0.0,100.0,0.029197080291970802,2550.0,0.7445255474452555,2500.0,50.0,False,1,0
t0_5b_0p95_l3_recovery,RECOVERY_EDGE_SPECIAL_MARGIN,0.95,L3,0.83,2002.0,False,3450.0,875.0,0.2536231884057971,2475.0,0.717391304347826,0,0.0,0,0.0,100.0,0.028985507246376812,2575.0,0.7463768115942029,2525.0,50.0,False,1,0
t0_5b_0p95_l3_recovery,RECOVERY_EDGE_SPECIAL_MARGIN,0.95,L3,0.83,2002.0,False,3475.0,875.0,0.2517985611510791,2500.0,0.7194244604316546,0,0.0,0,0.0,100.0,0.02877697841726619,2600.0,0.7482014388489209,2550.0,50.0,False,1,0
t0_5b_0p95_l3_recovery,RECOVERY_EDGE_SPECIAL_MARGIN,0.95,L3,0.83,2002.0,False,3500.0,875.0,0.25,2525.0,0.7214285714285714,0,0.0,0,0.0,100.0,0.02857142857142857,2625.0,0.75,2575.0,50.0,False,1,0
t0_5b_0p95_l3_recovery,RECOVERY_EDGE_SPECIAL_MARGIN,0.95,L3,0.83,2002.0,False,3525.0,875.0,0.24822695035460993,2550.0,0.723404255319149,0,0.0,0,0.0,100.0,0.028368794326241134,2650.0,0.75177304964539,2600.0,50.0,False,1,0
t0_5b_0p95_l3_recovery,RECOVERY_EDGE_SPECIAL_MARGIN,0.95,L3,0.83,2002.0,False,3550.0,875.0,0.24647887323943662,2575.0,0.7253521126760564,0,0.0,0,0.0,100.0,0.028169014084507043,2675.0,0.7535211267605634,2625.0,50.0,False,1,0
t0_5b_0p95_l3_recovery,RECOVERY_EDGE_SPECIAL_MARGIN,0.95,L3,0.83,2002.0,False,3575.0,875.0,0.24475524475524477,2600.0,0.7272727272727273,0,0.0,0,0.0,100.0,0.027972027972027972,2700.0,0.7552447552447552,2650.0,50.0,False,1,0
t0_5b_0p95_l3_recovery,RECOVERY_EDGE_SPECIAL_MARGIN,0.95,L3,0.83,2002.0,False,3600.0,875.0,0.24305555555555555,2625.0,0.7291666666666666,0,0.0,0,0.0,100.0,0.027777777777777776,2725.0,0.7569444444444444,2675.0,50.0,False,1,0
t0_5b_0p95_l3_recovery,RECOVERY_EDGE_SPECIAL_MARGIN,0.95,L3,0.83,2002.0,False,3625.0,875.0,0.2413793103448276,2650.0,0.7310344827586207,0,0.0,0,0.0,100.0,0.027586206896551724,2750.0,0.7586206896551724,2700.0,50.0,False,1,0
t0_5b_0p95_l3_recovery,RECOVERY_EDGE_SPECIAL_MARGIN,0.95,L3,0.83,2002.0,False,3650.0,875.0,0.23972602739726026,2675.0,0.7328767123287672,0,0.0,0,0.0,100.0,0.0273972602739726,2775.0,0.7602739726027398,2725.0,50.0,False,1,0
t0_5b_0p95_l3_recovery,RECOVERY_EDGE_SPECIAL_MARGIN,0.95,L3,0.83,2002.0,False,3675.0,875.0,0.23809523809523808,2700.0,0.7346938775510204,0,0.0,0,0.0,100.0,0.027210884353741496,2800.0,0.7619047619047619,2750.0,50.0,False,1,0
t0_5b_0p95_l3_recovery,RECOVERY_EDGE_SPECIAL_MARGIN,0.95,L3,0.83,2002.0,False,3700.0,875.0,0.23648648648648649,2725.0,0.7364864864864865,0,0.0,0,0.0,100.0,0.02702702702702703,2825.0,0.7635135135135135,2775.0,50.0,False,1,0
t0_5b_0p95_l3_recovery,RECOVERY_EDGE_SPECIAL_MARGIN,0.95,L3,0.83,2002.0,False,3725.0,875.0,0.2348993288590604,2750.0,0.738255033557047,0,0.0,0,0.0,100.0,0.026845637583892617,2850.0,0.7651006711409396,2800.0,50.0,False,1,0
t0_5b_0p95_l3_recovery,RECOVERY_EDGE_SPECIAL_MARGIN,0.95,L3,0.83,2002.0,False,3750.0,875.0,0.23333333333333334,2775.0,0.74,0,0.0,0,0.0,100.0,0.02666666666666667,2875.0,0.7666666666666667,2825.0,50.0,False,1,0
t0_5b_0p95_l3_recovery,RECOVERY_EDGE_SPECIAL_MARGIN,0.95,L3,0.83,2002.0,False,3775.0,875.0,0.23178807947019867,2800.0,0.7417218543046358,0,0.0,0,0.0,100.0,0.026490066225165563,2900.0,0.7682119205298014,2850.0,50.0,False,1,0
t0_5b_0p95_l3_recovery,RECOVERY_EDGE_SPECIAL_MARGIN,0.95,L3,0.83,2002.0,False,3800.0,875.0,0.23026315789473684,2825.0,0.743421052631579,0,0.0,0,0.0,100.0,0.02631578947368421,2925.0,0.7697368421052632,2875.0,50.0,False,1,0
t0_5b_0p95_l3_recovery,RECOVERY_EDGE_SPECIAL_MARGIN,0.95,L3,0.83,2002.0,False,3825.0,875.0,0.22875816993464052,2850.0,0.7450980392156863,0,0.0,0,0.0,100.0,0.026143790849673203,2950.0,0.7712418300653595,2900.0,50.0,False,1,0
t0_5b_0p95_l3_recovery,RECOVERY_EDGE_SPECIAL_MARGIN,0.95,L3,0.83,2002.0,False,3850.0,875.0,0.22727272727272727,2875.0,0.7467532467532467,0,0.0,0,0.0,100.0,0.025974025974025976,2975.0,0.7727272727272727,2925.0,50.0,False,1,0
t0_5b_0p95_l3_recovery,RECOVERY_EDGE_SPECIAL_MARGIN,0.95,L3,0.83,2002.0,False,3875.0,875.0,0.22580645161290322,2900.0,0.7483870967741936,0,0.0,0,0.0,100.0,0.025806451612903226,3000.0,0.7741935483870968,2950.0,50.0,False,1,0
t0_5b_0p95_l3_recovery,RECOVERY_EDGE_SPECIAL_MARGIN,0.95,L3,0.83,2002.0,False,3900.0,875.0,0.22435897435897437,2925.0,0.75,0,0.0,0,0.0,100.0,0.02564102564102564,3025.0,0.7756410256410257,2975.0,50.0,False,1,0
t0_5b_0p95_l3_recovery,RECOVERY_EDGE_SPECIAL_MARGIN,0.95,L3,0.83,2002.0,False,3925.0,875.0,0.2229299363057325,2950.0,0.7515923566878981,0,0.0,0,0.0,100.0,0.025477707006369428,3050.0,0.7770700636942676,3000.0,50.0,False,1,0
t0_5b_0p95_l3_recovery,RECOVERY_EDGE_SPECIAL_MARGIN,0.95,L3,0.83,2002.0,False,3950.0,875.0,0.22151898734177214,2975.0,0.7531645569620253,0,0.0,0,0.0,100.0,0.02531645569620253,3075.0,0.7784810126582279,3025.0,50.0,False,1,0
t0_5b_0p95_l3_recovery,RECOVERY_EDGE_SPECIAL_MARGIN,0.95,L3,0.83,2002.0,False,3975.0,875.0,0.22012578616352202,3000.0,0.7547169811320755,0,0.0,0,0.0,100.0,0.025157232704402517,3100.0,0.779874213836478,3050.0,50.0,False,1,0
t0_5b_0p95_l3_recovery,RECOVERY_EDGE_SPECIAL_MARGIN,0.95,L3,0.83,2002.0,False,4000.0,875.0,0.21875,3025.0,0.75625,0,0.0,0,0.0,100.0,0.025,3125.0,0.78125,3075.0,50.0,False,1,0
t0_5b_0p95_l3_recovery,RECOVERY_EDGE_SPECIAL_MARGIN,0.95,L3,0.83,2002.0,False,4025.0,875.0,0.21739130434782608,3050.0,0.7577639751552795,0,0.0,0,0.0,100.0,0.024844720496894408,3150.0,0.782608695652174,3100.0,50.0,False,1,0
t0_5b_0p95_l3_recovery,RECOVERY_EDGE_SPECIAL_MARGIN,0.95,L3,0.83,2002.0,False,4050.0,875.0,0.21604938271604937,3075.0,0.7592592592592593,0,0.0,0,0.0,100.0,0.024691358024691357,3175.0,0.7839506172839507,3125.0,50.0,False,1,0
t0_5b_0p95_l3_recovery,RECOVERY_EDGE_SPECIAL_MARGIN,0.95,L3,0.83,2002.0,False,4075.0,875.0,0.2147239263803681,3100.0,0.7607361963190185,0,0.0,0,0.0,100.0,0.024539877300613498,3200.0,0.7852760736196319,3150.0,50.0,False,1,0
t0_5b_0p95_l3_recovery,RECOVERY_EDGE_SPECIAL_MARGIN,0.95,L3,0.83,2002.0,False,4100.0,875.0,0.21341463414634146,3125.0,0.7621951219512195,0,0.0,0,0.0,100.0,0.024390243902439025,3225.0,0.7865853658536586,3175.0,50.0,False,1,0
t0_5b_0p95_l3_recovery,RECOVERY_EDGE_SPECIAL_MARGIN,0.95,L3,0.83,2002.0,False,4125.0,875.0,0.21212121212121213,3150.0,0.7636363636363637,0,0.0,0,0.0,100.0,0.024242424242424242,3250.0,0.7878787878787878,3200.0,50.0,False,1,0
t0_5b_0p95_l3_recovery,RECOVERY_EDGE_SPECIAL_MARGIN,0.95,L3,0.83,2002.0,False,4150.0,875.0,0.21084337349397592,3175.0,0.7650602409638554,0,0.0,0,0.0,100.0,0.024096385542168676,3275.0,0.7891566265060241,3225.0,50.0,False,1,0
t0_5b_0p95_l3_recovery,RECOVERY_EDGE_SPECIAL_MARGIN,0.95,L3,0.83,2002.0,False,4175.0,875.0,0.20958083832335328,3200.0,0.7664670658682635,0,0.0,0,0.0,100.0,0.023952095808383235,3300.0,0.7904191616766467,3250.0,50.0,False,1,0
t0_5b_0p95_l3_recovery,RECOVERY_EDGE_SPECIAL_MARGIN,0.95,L3,0.83,2002.0,False,4200.0,875.0,0.20833333333333334,3225.0,0.7678571428571429,0,0.0,0,0.0,100.0,0.023809523809523808,3325.0,0.7916666666666666,3275.0,50.0,False,1,0
t0_5b_0p95_l3_recovery,RECOVERY_EDGE_SPECIAL_MARGIN,0.95,L3,0.83,2002.0,False,4225.0,875.0,0.20710059171597633,3250.0,0.7692307692307693,0,0.0,0,0.0,100.0,0.023668639053254437,3350.0,0.7928994082840237,3300.0,50.0,False,1,0
t0_5b_0p95_l3_recovery,RECOVERY_EDGE_SPECIAL_MARGIN,0.95,L3,0.83,2002.0,False,4250.0,875.0,0.20588235294117646,3275.0,0.7705882352941177,0,0.0,0,0.0,100.0,0.023529411764705882,3375.0,0.7941176470588235,3325.0,50.0,False,1,0
t0_5b_0p95_l3_recovery,RECOVERY_EDGE_SPECIAL_MARGIN,0.95,L3,0.83,2002.0,False,4275.0,875.0,0.2046783625730994,3300.0,0.7719298245614035,0,0.0,0,0.0,100.0,0.023391812865497075,3400.0,0.7953216374269005,3350.0,50.0,False,1,0
t0_5b_0p95_l3_recovery,RECOVERY_EDGE_SPECIAL_MARGIN,0.95,L3,0.83,2002.0,False,4300.0,875.0,0.20348837209302326,3325.0,0.7732558139534884,0,0.0,0,0.0,100.0,0.023255813953488372,3425.0,0.7965116279069767,3375.0,50.0,False,1,0
t0_5b_0p95_l3_recovery,RECOVERY_EDGE_SPECIAL_MARGIN,0.95,L3,0.83,2002.0,False,4325.0,875.0,0.2023121387283237,3350.0,0.7745664739884393,0,0.0,0,0.0,100.0,0.023121387283236993,3450.0,0.7976878612716763,3400.0,50.0,False,1,0
t0_5b_0p95_l3_recovery,RECOVERY_EDGE_SPECIAL_MARGIN,0.95,L3,0.83,2002.0,False,4350.0,875.0,0.20114942528735633,3375.0,0.7758620689655172,0,0.0,0,0.0,100.0,0.022988505747126436,3475.0,0.7988505747126436,3425.0,50.0,False,1,0
t0_5b_0p95_l3_recovery,RECOVERY_EDGE_SPECIAL_MARGIN,0.95,L3,0.83,2002.0,False,4375.0,875.0,0.2,3400.0,0.7771428571428571,0,0.0,0,0.0,100.0,0.022857142857142857,3500.0,0.8,3450.0,50.0,False,1,0
t0_5b_0p95_l3_recovery,RECOVERY_EDGE_SPECIAL_MARGIN,0.95,L3,0.83,2002.0,False,4400.0,875.0,0.19886363636363635,3425.0,0.7784090909090909,0,0.0,0,0.0,100.0,0.022727272727272728,3525.0,0.8011363636363636,3475.0,50.0,False,1,0
t0_5b_0p95_l3_recovery,RECOVERY_EDGE_SPECIAL_MARGIN,0.95,L3,0.83,2002.0,False,4425.0,875.0,0.1977401129943503,3450.0,0.7796610169491526,0,0.0,0,0.0,100.0,0.022598870056497175,3550.0,0.8022598870056498,3500.0,50.0,False,1,0
t0_5b_0p95_l3_recovery,RECOVERY_EDGE_SPECIAL_MARGIN,0.95,L3,0.83,2002.0,False,4450.0,875.0,0.19662921348314608,3475.0,0.7808988764044944,0,0.0,0,0.0,100.0,0.02247191011235955,3575.0,0.8033707865168539,3525.0,50.0,False,1,0
t0_5b_0p95_l3_recovery,RECOVERY_EDGE_SPECIAL_MARGIN,0.95,L3,0.83,2002.0,False,4475.0,875.0,0.19553072625698323,3500.0,0.7821229050279329,0,0.0,0,0.0,100.0,0.0223463687150838,3600.0,0.8044692737430168,3550.0,50.0,False,1,0
t0_5b_0p95_l3_recovery,RECOVERY_EDGE_SPECIAL_MARGIN,0.95,L3,0.83,2002.0,False,4500.0,875.0,0.19444444444444445,3525.0,0.7833333333333333,0,0.0,0,0.0,100.0,0.022222222222222223,3625.0,0.8055555555555556,3575.0,50.0,False,1,0
t0_5b_0p95_l3_recovery,RECOVERY_EDGE_SPECIAL_MARGIN,0.95,L3,0.83,2002.0,False,4525.0,875.0,0.19337016574585636,3550.0,0.7845303867403315,0,0.0,0,0.0,100.0,0.022099447513812154,3650.0,0.8066298342541437,3600.0,50.0,False,1,0
t0_5b_0p95_l3_recovery,RECOVERY_EDGE_SPECIAL_MARGIN,0.95,L3,0.83,2002.0,False,4550.0,875.0,0.19230769230769232,3575.0,0.7857142857142857,0,0.0,0,0.0,100.0,0.02197802197802198,3675.0,0.8076923076923077,3625.0,50.0,False,1,0
t0_5b_0p95_l3_recovery,RECOVERY_EDGE_SPECIAL_MARGIN,0.95,L3,0.83,2002.0,False,4575.0,875.0,0.1912568306010929,3600.0,0.7868852459016393,0,0.0,0,0.0,100.0,0.02185792349726776,3700.0,0.8087431693989071,3650.0,50.0,False,1,0
t0_5b_0p95_l3_recovery,RECOVERY_EDGE_SPECIAL_MARGIN,0.95,L3,0.83,2002.0,False,4600.0,875.0,0.19021739130434784,3625.0,0.7880434782608695,0,0.0,0,0.0,100.0,0.021739130434782608,3725.0,0.8097826086956522,3675.0,50.0,False,1,0
t0_5b_0p95_l3_recovery,RECOVERY_EDGE_SPECIAL_MARGIN,0.95,L3,0.83,2002.0,False,4625.0,875.0,0.1891891891891892,3650.0,0.7891891891891892,0,0.0,0,0.0,100.0,0.021621621621621623,3750.0,0.8108108108108109,3700.0,50.0,False,1,0
t0_5b_0p95_l3_recovery,RECOVERY_EDGE_SPECIAL_MARGIN,0.95,L3,0.83,2002.0,False,4650.0,875.0,0.1881720430107527,3675.0,0.7903225806451613,0,0.0,0,0.0,100.0,0.021505376344086023,3775.0,0.8118279569892473,3725.0,50.0,False,1,0
t0_5b_0p95_l3_recovery,RECOVERY_EDGE_SPECIAL_MARGIN,0.95,L3,0.83,2002.0,False,4675.0,875.0,0.18716577540106952,3700.0,0.7914438502673797,0,0.0,0,0.0,100.0,0.0213903743315508,3800.0,0.8128342245989305,3750.0,50.0,False,1,0
t0_5b_0p95_l3_recovery,RECOVERY_EDGE_SPECIAL_MARGIN,0.95,L3,0.83,2002.0,False,4700.0,875.0,0.18617021276595744,3725.0,0.7925531914893617,0,0.0,0,0.0,100.0,0.02127659574468085,3825.0,0.8138297872340425,3775.0,50.0,False,1,0
t0_5b_0p95_l3_recovery,RECOVERY_EDGE_SPECIAL_MARGIN,0.95,L3,0.83,2002.0,False,4725.0,875.0,0.18518518518518517,3750.0,0.7936507936507936,0,0.0,0,0.0,100.0,0.021164021164021163,3850.0,0.8148148148148148,3800.0,50.0,False,1,0
t0_5b_0p95_l3_recovery,RECOVERY_EDGE_SPECIAL_MARGIN,0.95,L3,0.83,2002.0,False,4750.0,875.0,0.18421052631578946,3775.0,0.7947368421052632,0,0.0,0,0.0,100.0,0.021052631578947368,3875.0,0.8157894736842105,3825.0,50.0,False,1,0
t0_5b_0p95_l3_recovery,RECOVERY_EDGE_SPECIAL_MARGIN,0.95,L3,0.83,2002.0,False,4775.0,875.0,0.18324607329842932,3800.0,0.7958115183246073,0,0.0,0,0.0,100.0,0.020942408376963352,3900.0,0.8167539267015707,3850.0,50.0,False,1,0
t0_5b_0p95_l3_recovery,RECOVERY_EDGE_SPECIAL_MARGIN,0.95,L3,0.83,2002.0,False,4800.0,875.0,0.18229166666666666,3825.0,0.796875,0,0.0,0,0.0,100.0,0.020833333333333332,3925.0,0.8177083333333334,3875.0,50.0,False,1,0
t0_5b_0p95_l3_recovery,RECOVERY_EDGE_SPECIAL_MARGIN,0.95,L3,0.83,2002.0,False,4825.0,875.0,0.18134715025906736,3850.0,0.7979274611398963,0,0.0,0,0.0,100.0,0.02072538860103627,3950.0,0.8186528497409327,3900.0,50.0,False,1,0
t0_5b_0p95_l3_recovery,RECOVERY_EDGE_SPECIAL_MARGIN,0.95,L3,0.83,2002.0,False,4850.0,875.0,0.18041237113402062,3875.0,0.7989690721649485,0,0.0,0,0.0,100.0,0.020618556701030927,3975.0,0.8195876288659794,3925.0,50.0,False,1,0
t0_5b_0p95_l3_recovery,RECOVERY_EDGE_SPECIAL_MARGIN,0.95,L3,0.83,2002.0,False,4875.0,875.0,0.1794871794871795,3900.0,0.8,0,0.0,0,0.0,100.0,0.020512820512820513,4000.0,0.8205128205128205,3950.0,50.0,False,1,0
t0_5b_0p95_l3_recovery,RECOVERY_EDGE_SPECIAL_MARGIN,0.95,L3,0.83,2002.0,False,4900.0,875.0,0.17857142857142858,3925.0,0.8010204081632653,0,0.0,0,0.0,100.0,0.02040816326530612,4025.0,0.8214285714285714,3975.0,50.0,False,1,0
t0_5b_0p95_l3_recovery,RECOVERY_EDGE_SPECIAL_MARGIN,0.95,L3,0.83,2002.0,False,4925.0,875.0,0.17766497461928935,3950.0,0.8020304568527918,0,0.0,0,0.0,100.0,0.02030456852791878,4050.0,0.8223350253807107,4000.0,50.0,False,1,0
t0_5b_0p95_l3_recovery,RECOVERY_EDGE_SPECIAL_MARGIN,0.95,L3,0.83,2002.0,False,4950.0,875.0,0.17676767676767677,3975.0,0.803030303030303,0,0.0,0,0.0,100.0,0.020202020202020204,4075.0,0.8232323232323232,4025.0,50.0,False,1,0
t0_5b_0p95_l3_recovery,RECOVERY_EDGE_SPECIAL_MARGIN,0.95,L3,0.83,2002.0,False,4975.0,875.0,0.17587939698492464,4000.0,0.8040201005025126,0,0.0,0,0.0,100.0,0.020100502512562814,4100.0,0.8241206030150754,4050.0,50.0,False,1,0
t0_5b_0p95_l3_recovery,RECOVERY_EDGE_SPECIAL_MARGIN,0.95,L3,0.83,2002.0,False,5000.0,875.0,0.175,4025.0,0.805,0,0.0,0,0.0,100.0,0.02,4125.0,0.825,4075.0,50.0,False,1,0
t0_5b_0p95_l3_recovery,RECOVERY_EDGE_SPECIAL_MARGIN,0.95,L3,0.83,2002.0,False,5025.0,875.0,0.17412935323383086,4050.0,0.8059701492537313,0,0.0,0,0.0,100.0,0.01990049751243781,4150.0,0.8258706467661692,4100.0,50.0,False,1,0
t0_5b_0p95_l3_recovery,RECOVERY_EDGE_SPECIAL_MARGIN,0.95,L3,0.83,2002.0,False,5050.0,875.0,0.17326732673267325,4075.0,0.806930693069307,0,0.0,0,0.0,100.0,0.019801980198019802,4175.0,0.8267326732673267,4125.0,50.0,False,1,0
t0_5b_0p95_l3_recovery,RECOVERY_EDGE_SPECIAL_MARGIN,0.95,L3,0.83,2002.0,False,5075.0,875.0,0.1724137931034483,4100.0,0.8078817733990148,0,0.0,0,0.0,100.0,0.019704433497536946,4200.0,0.8275862068965517,4150.0,50.0,False,1,0
t0_5b_0p95_l3_recovery,RECOVERY_EDGE_SPECIAL_MARGIN,0.95,L3,0.83,2002.0,False,5100.0,875.0,0.1715686274509804,4125.0,0.8088235294117647,0,0.0,0,0.0,100.0,0.0196078431372549,4225.0,0.8284313725490197,4175.0,50.0,False,1,0
t0_5b_0p95_l3_recovery,RECOVERY_EDGE_SPECIAL_MARGIN,0.95,L3,0.83,2002.0,False,5125.0,875.0,0.17073170731707318,4150.0,0.8097560975609757,0,0.0,0,0.0,100.0,0.01951219512195122,4250.0,0.8292682926829268,4200.0,50.0,False,1,0
t0_5b_0p95_l3_recovery,RECOVERY_EDGE_SPECIAL_MARGIN,0.95,L3,0.83,2002.0,False,5150.0,875.0,0.16990291262135923,4175.0,0.8106796116504854,0,0.0,0,0.0,100.0,0.019417475728155338,4275.0,0.8300970873786407,4225.0,50.0,False,1,0
t0_5b_0p95_l3_recovery,RECOVERY_EDGE_SPECIAL_MARGIN,0.95,L3,0.83,2002.0,False,5175.0,875.0,0.16908212560386474,4200.0,0.8115942028985508,0,0.0,0,0.0,100.0,0.01932367149758454,4300.0,0.8309178743961353,4250.0,50.0,False,1,0
t0_5b_0p95_l3_recovery,RECOVERY_EDGE_SPECIAL_MARGIN,0.95,L3,0.83,2002.0,False,5200.0,875.0,0.16826923076923078,4225.0,0.8125,0,0.0,0,0.0,100.0,0.019230769230769232,4325.0,0.8317307692307693,4275.0,50.0,False,1,0
t0_5b_0p95_l3_recovery,RECOVERY_EDGE_SPECIAL_MARGIN,0.95,L3,0.83,2002.0,False,5225.0,875.0,0.1674641148325359,4250.0,0.8133971291866029,0,0.0,0,0.0,100.0,0.019138755980861243,4350.0,0.8325358851674641,4300.0,50.0,False,1,0
t0_5b_0p95_l3_recovery,RECOVERY_EDGE_SPECIAL_MARGIN,0.95,L3,0.83,2002.0,False,5250.0,875.0,0.16666666666666666,4275.0,0.8142857142857143,0,0.0,0,0.0,100.0,0.01904761904761905,4375.0,0.8333333333333334,4325.0,50.0,False,1,0
t0_5b_0p95_l3_recovery,RECOVERY_EDGE_SPECIAL_MARGIN,0.95,L3,0.83,2002.0,False,5275.0,875.0,0.16587677725118483,4300.0,0.8151658767772512,0,0.0,0,0.0,100.0,0.018957345971563982,4400.0,0.8341232227488151,4350.0,50.0,False,1,0
t0_5b_0p95_l3_recovery,RECOVERY_EDGE_SPECIAL_MARGIN,0.95,L3,0.83,2002.0,False,5300.0,875.0,0.1650943396226415,4325.0,0.8160377358490566,0,0.0,0,0.0,100.0,0.018867924528301886,4425.0,0.8349056603773585,4375.0,50.0,False,1,0
t0_5b_0p95_l3_recovery,RECOVERY_EDGE_SPECIAL_MARGIN,0.95,L3,0.83,2002.0,False,5325.0,875.0,0.1643192488262911,4350.0,0.8169014084507042,0,0.0,0,0.0,100.0,0.018779342723004695,4450.0,0.8356807511737089,4400.0,50.0,False,1,0
t0_5b_0p95_l3_recovery,RECOVERY_EDGE_SPECIAL_MARGIN,0.95,L3,0.83,2002.0,False,5350.0,875.0,0.16355140186915887,4375.0,0.8177570093457944,0,0.0,0,0.0,100.0,0.018691588785046728,4475.0,0.8364485981308412,4425.0,50.0,False,1,0
t0_5b_0p95_l3_recovery,RECOVERY_EDGE_SPECIAL_MARGIN,0.95,L3,0.83,2002.0,False,5375.0,875.0,0.16279069767441862,4400.0,0.8186046511627907,0,0.0,0,0.0,100.0,0.018604651162790697,4500.0,0.8372093023255814,4450.0,50.0,False,1,0
t0_5b_0p95_l3_recovery,RECOVERY_EDGE_SPECIAL_MARGIN,0.95,L3,0.83,2002.0,False,5400.0,875.0,0.16203703703703703,4425.0,0.8194444444444444,0,0.0,0,0.0,100.0,0.018518518518518517,4525.0,0.8379629629629629,4475.0,50.0,False,1,0
t0_5b_0p95_l3_recovery,RECOVERY_EDGE_SPECIAL_MARGIN,0.95,L3,0.83,2002.0,False,5425.0,875.0,0.16129032258064516,4450.0,0.8202764976958525,0,0.0,0,0.0,100.0,0.018433179723502304,4550.0,0.8387096774193549,4500.0,50.0,False,1,0
t0_5b_0p95_l3_recovery,RECOVERY_EDGE_SPECIAL_MARGIN,0.95,L3,0.83,2002.0,False,5450.0,875.0,0.16055045871559634,4475.0,0.8211009174311926,0,0.0,0,0.0,100.0,0.01834862385321101,4575.0,0.8394495412844036,4525.0,50.0,False,1,0
t0_5b_0p95_l3_recovery,RECOVERY_EDGE_SPECIAL_MARGIN,0.95,L3,0.83,2002.0,False,5475.0,875.0,0.1598173515981735,4500.0,0.821917808219178,0,0.0,0,0.0,100.0,0.0182648401826484,4600.0,0.8401826484018264,4550.0,50.0,False,1,0
t0_5b_0p95_l3_recovery,RECOVERY_EDGE_SPECIAL_MARGIN,0.95,L3,0.83,2002.0,False,5500.0,875.0,0.1590909090909091,4525.0,0.8227272727272728,0,0.0,0,0.0,100.0,0.01818181818181818,4625.0,0.8409090909090909,4575.0,50.0,False,1,0
t0_5b_0p95_l3_recovery,RECOVERY_EDGE_SPECIAL_MARGIN,0.95,L3,0.83,2002.0,False,5525.0,875.0,0.1583710407239819,4550.0,0.8235294117647058,0,0.0,0,0.0,100.0,0.01809954751131222,4650.0,0.8416289592760181,4600.0,50.0,False,1,0
t0_5b_0p95_l3_recovery,RECOVERY_EDGE_SPECIAL_MARGIN,0.95,L3,0.83,2002.0,False,5550.0,875.0,0.15765765765765766,4575.0,0.8243243243243243,0,0.0,0,0.0,100.0,0.018018018018018018,4675.0,0.8423423423423423,4625.0,50.0,False,1,0
t0_5b_0p95_l3_recovery,RECOVERY_EDGE_SPECIAL_MARGIN,0.95,L3,0.83,2002.0,False,5575.0,875.0,0.15695067264573992,4600.0,0.8251121076233184,0,0.0,0,0.0,100.0,0.017937219730941704,4700.0,0.8430493273542601,4650.0,50.0,False,1,0
t0_5b_0p95_l3_recovery,RECOVERY_EDGE_SPECIAL_MARGIN,0.95,L3,0.83,2002.0,False,5600.0,875.0,0.15625,4625.0,0.8258928571428571,0,0.0,0,0.0,100.0,0.017857142857142856,4725.0,0.84375,4675.0,50.0,False,1,0
t0_5b_0p95_l3_recovery,RECOVERY_EDGE_SPECIAL_MARGIN,0.95,L3,0.83,2002.0,False,5625.0,875.0,0.15555555555555556,4650.0,0.8266666666666667,0,0.0,0,0.0,100.0,0.017777777777777778,4750.0,0.8444444444444444,4700.0,50.0,False,1,0
t0_5b_0p95_l3_recovery,RECOVERY_EDGE_SPECIAL_MARGIN,0.95,L3,0.83,2002.0,False,5650.0,875.0,0.15486725663716813,4675.0,0.827433628318584,0,0.0,0,0.0,100.0,0.017699115044247787,4775.0,0.8451327433628318,4725.0,50.0,False,1,0
t0_5b_0p95_l3_recovery,RECOVERY_EDGE_SPECIAL_MARGIN,0.95,L3,0.83,2002.0,False,5675.0,875.0,0.15418502202643172,4700.0,0.8281938325991189,0,0.0,0,0.0,100.0,0.01762114537444934,4800.0,0.8458149779735683,4750.0,50.0,False,1,0
t0_5b_0p95_l3_recovery,RECOVERY_EDGE_SPECIAL_MARGIN,0.95,L3,0.83,2002.0,False,5700.0,875.0,0.15350877192982457,4725.0,0.8289473684210527,0,0.0,0,0.0,100.0,0.017543859649122806,4825.0,0.8464912280701754,4775.0,50.0,False,1,0
t0_5b_0p95_l3_recovery,RECOVERY_EDGE_SPECIAL_MARGIN,0.95,L3,0.83,2002.0,False,5725.0,875.0,0.15283842794759825,4750.0,0.8296943231441049,0,0.0,0,0.0,100.0,0.017467248908296942,4850.0,0.8471615720524017,4800.0,50.0,False,1,0
t0_5b_0p95_l3_recovery,RECOVERY_EDGE_SPECIAL_MARGIN,0.95,L3,0.83,2002.0,False,5750.0,875.0,0.15217391304347827,4775.0,0.8304347826086956,0,0.0,0,0.0,100.0,0.017391304347826087,4875.0,0.8478260869565217,4825.0,50.0,False,1,0
t0_5b_0p95_l3_recovery,RECOVERY_EDGE_SPECIAL_MARGIN,0.95,L3,0.83,2002.0,False,5775.0,875.0,0.15151515151515152,4800.0,0.8311688311688312,0,0.0,0,0.0,100.0,0.017316017316017316,4900.0,0.8484848484848485,4850.0,50.0,False,1,0
t0_5b_0p95_l3_recovery,RECOVERY_EDGE_SPECIAL_MARGIN,0.95,L3,0.83,2002.0,False,5800.0,875.0,0.15086206896551724,4825.0,0.8318965517241379,0,0.0,0,0.0,100.0,0.017241379310344827,4925.0,0.8491379310344828,4875.0,50.0,False,1,0
t0_5b_0p95_l3_recovery,RECOVERY_EDGE_SPECIAL_MARGIN,0.95,L3,0.83,2002.0,False,5825.0,875.0,0.15021459227467812,4850.0,0.8326180257510729,0,0.0,0,0.0,100.0,0.017167381974248927,4950.0,0.8497854077253219,4900.0,50.0,False,1,0
t0_5b_0p95_l3_recovery,RECOVERY_EDGE_SPECIAL_MARGIN,0.95,L3,0.83,2002.0,False,5850.0,875.0,0.14957264957264957,4875.0,0.8333333333333334,0,0.0,0,0.0,100.0,0.017094017094017096,4975.0,0.8504273504273504,4925.0,50.0,False,1,0
t0_5b_0p95_l3_recovery,RECOVERY_EDGE_SPECIAL_MARGIN,0.95,L3,0.83,2002.0,False,5875.0,875.0,0.14893617021276595,4900.0,0.8340425531914893,0,0.0,0,0.0,100.0,0.01702127659574468,5000.0,0.851063829787234,4950.0,50.0,False,1,0
t0_5b_0p95_l3_recovery,RECOVERY_EDGE_SPECIAL_MARGIN,0.95,L3,0.83,2002.0,False,5900.0,875.0,0.1483050847457627,4925.0,0.8347457627118644,0,0.0,0,0.0,100.0,0.01694915254237288,5025.0,0.8516949152542372,4975.0,50.0,False,1,0
t0_5b_0p95_l3_recovery,RECOVERY_EDGE_SPECIAL_MARGIN,0.95,L3,0.83,2002.0,False,5925.0,875.0,0.14767932489451477,4950.0,0.8354430379746836,0,0.0,0,0.0,100.0,0.016877637130801686,5050.0,0.8523206751054853,5000.0,50.0,False,1,0
t0_5b_0p95_l3_recovery,RECOVERY_EDGE_SPECIAL_MARGIN,0.95,L3,0.83,2002.0,False,5950.0,875.0,0.14705882352941177,4975.0,0.8361344537815126,0,0.0,0,0.0,100.0,0.01680672268907563,5075.0,0.8529411764705882,5025.0,50.0,False,1,0
t0_5b_0p95_l3_recovery,RECOVERY_EDGE_SPECIAL_MARGIN,0.95,L3,0.83,2002.0,False,5975.0,875.0,0.14644351464435146,5000.0,0.8368200836820083,0,0.0,0,0.0,100.0,0.016736401673640166,5100.0,0.8535564853556485,5050.0,50.0,False,1,0
t0_5b_0p95_l3_recovery,RECOVERY_EDGE_SPECIAL_MARGIN,0.95,L3,0.83,2002.0,False,6000.0,875.0,0.14583333333333334,5025.0,0.8375,0,0.0,0,0.0,100.0,0.016666666666666666,5125.0,0.8541666666666666,5075.0,50.0,False,1,0
t0_5b_1p10_l1_recovery,RECOVERY_EDGE_SPECIAL_MARGIN,1.1,L1,1.01,1502.0,False,25.0,25.0,1.0,0,0.0,0,0.0,0,0.0,0,0.0,0,0.0,0.0,,True,1,0
t0_5b_1p10_l1_recovery,RECOVERY_EDGE_SPECIAL_MARGIN,1.1,L1,1.01,1502.0,False,50.0,50.0,1.0,0,0.0,0,0.0,0,0.0,0,0.0,0,0.0,0.0,,True,1,0
t0_5b_1p10_l1_recovery,RECOVERY_EDGE_SPECIAL_MARGIN,1.1,L1,1.01,1502.0,False,75.0,75.0,1.0,0,0.0,0,0.0,0,0.0,0,0.0,0,0.0,0.0,,True,1,0
t0_5b_1p10_l1_recovery,RECOVERY_EDGE_SPECIAL_MARGIN,1.1,L1,1.01,1502.0,False,100.0,100.0,1.0,0,0.0,0,0.0,0,0.0,0,0.0,0,0.0,0.0,,True,1,0
t0_5b_1p10_l1_recovery,RECOVERY_EDGE_SPECIAL_MARGIN,1.1,L1,1.01,1502.0,False,125.0,125.0,1.0,0,0.0,0,0.0,0,0.0,0,0.0,0,0.0,0.0,,True,1,0
t0_5b_1p10_l1_recovery,RECOVERY_EDGE_SPECIAL_MARGIN,1.1,L1,1.01,1502.0,False,150.0,150.0,1.0,0,0.0,0,0.0,0,0.0,0,0.0,0,0.0,0.0,,True,1,0
t0_5b_1p10_l1_recovery,RECOVERY_EDGE_SPECIAL_MARGIN,1.1,L1,1.01,1502.0,False,175.0,175.0,1.0,0,0.0,0,0.0,0,0.0,0,0.0,0,0.0,0.0,,True,1,0
t0_5b_1p10_l1_recovery,RECOVERY_EDGE_SPECIAL_MARGIN,1.1,L1,1.01,1502.0,False,200.0,200.0,1.0,0,0.0,0,0.0,0,0.0,0,0.0,0,0.0,0.0,,True,1,0
t0_5b_1p10_l1_recovery,RECOVERY_EDGE_SPECIAL_MARGIN,1.1,L1,1.01,1502.0,False,225.0,225.0,1.0,0,0.0,0,0.0,0,0.0,0,0.0,0,0.0,0.0,,True,1,0
t0_5b_1p10_l1_recovery,RECOVERY_EDGE_SPECIAL_MARGIN,1.1,L1,1.01,1502.0,False,250.0,250.0,1.0,0,0.0,0,0.0,0,0.0,0,0.0,0,0.0,0.0,,True,1,0
t0_5b_1p10_l1_recovery,RECOVERY_EDGE_SPECIAL_MARGIN,1.1,L1,1.01,1502.0,False,275.0,275.0,1.0,0,0.0,0,0.0,0,0.0,0,0.0,0,0.0,0.0,,True,1,0
t0_5b_1p10_l1_recovery,RECOVERY_EDGE_SPECIAL_MARGIN,1.1,L1,1.01,1502.0,False,300.0,300.0,1.0,0,0.0,0,0.0,0,0.0,0,0.0,0,0.0,0.0,,True,1,0
t0_5b_1p10_l1_recovery,RECOVERY_EDGE_SPECIAL_MARGIN,1.1,L1,1.01,1502.0,False,325.0,325.0,1.0,0,0.0,0,0.0,0,0.0,0,0.0,0,0.0,0.0,,True,1,0
t0_5b_1p10_l1_recovery,RECOVERY_EDGE_SPECIAL_MARGIN,1.1,L1,1.01,1502.0,False,350.0,350.0,1.0,0,0.0,0,0.0,0,0.0,0,0.0,0,0.0,0.0,,True,1,0
t0_5b_1p10_l1_recovery,RECOVERY_EDGE_SPECIAL_MARGIN,1.1,L1,1.01,1502.0,False,375.0,375.0,1.0,0,0.0,0,0.0,0,0.0,0,0.0,0,0.0,0.0,,True,1,0
t0_5b_1p10_l1_recovery,RECOVERY_EDGE_SPECIAL_MARGIN,1.1,L1,1.01,1502.0,False,400.0,400.0,1.0,0,0.0,0,0.0,0,0.0,0,0.0,0,0.0,0.0,,True,1,0
t0_5b_1p10_l1_recovery,RECOVERY_EDGE_SPECIAL_MARGIN,1.1,L1,1.01,1502.0,False,425.0,425.0,1.0,0,0.0,0,0.0,0,0.0,0,0.0,0,0.0,0.0,,True,1,0
t0_5b_1p10_l1_recovery,RECOVERY_EDGE_SPECIAL_MARGIN,1.1,L1,1.01,1502.0,False,450.0,450.0,1.0,0,0.0,0,0.0,0,0.0,0,0.0,0,0.0,0.0,,True,1,0
t0_5b_1p10_l1_recovery,RECOVERY_EDGE_SPECIAL_MARGIN,1.1,L1,1.01,1502.0,False,475.0,475.0,1.0,0,0.0,0,0.0,0,0.0,0,0.0,0,0.0,0.0,,True,1,0
t0_5b_1p10_l1_recovery,RECOVERY_EDGE_SPECIAL_MARGIN,1.1,L1,1.01,1502.0,False,500.0,500.0,1.0,0,0.0,0,0.0,0,0.0,0,0.0,0,0.0,0.0,,True,1,0
t0_5b_1p10_l1_recovery,RECOVERY_EDGE_SPECIAL_MARGIN,1.1,L1,1.01,1502.0,False,525.0,525.0,1.0,0,0.0,0,0.0,0,0.0,0,0.0,0,0.0,0.0,,True,1,0
t0_5b_1p10_l1_recovery,RECOVERY_EDGE_SPECIAL_MARGIN,1.1,L1,1.01,1502.0,False,550.0,550.0,1.0,0,0.0,0,0.0,0,0.0,0,0.0,0,0.0,0.0,,True,1,0
t0_5b_1p10_l1_recovery,RECOVERY_EDGE_SPECIAL_MARGIN,1.1,L1,1.01,1502.0,False,575.0,575.0,1.0,0,0.0,0,0.0,0,0.0,0,0.0,0,0.0,0.0,,True,1,0
t0_5b_1p10_l1_recovery,RECOVERY_EDGE_SPECIAL_MARGIN,1.1,L1,1.01,1502.0,False,600.0,600.0,1.0,0,0.0,0,0.0,0,0.0,0,0.0,0,0.0,0.0,,True,1,0
t0_5b_1p10_l1_recovery,RECOVERY_EDGE_SPECIAL_MARGIN,1.1,L1,1.01,1502.0,False,625.0,625.0,1.0,0,0.0,0,0.0,0,0.0,0,0.0,0,0.0,0.0,,True,1,0
t0_5b_1p10_l1_recovery,RECOVERY_EDGE_SPECIAL_MARGIN,1.1,L1,1.01,1502.0,False,650.0,650.0,1.0,0,0.0,0,0.0,0,0.0,0,0.0,0,0.0,0.0,,True,1,0
t0_5b_1p10_l1_recovery,RECOVERY_EDGE_SPECIAL_MARGIN,1.1,L1,1.01,1502.0,False,675.0,675.0,1.0,0,0.0,0,0.0,0,0.0,0,0.0,0,0.0,0.0,,True,1,0
t0_5b_1p10_l1_recovery,RECOVERY_EDGE_SPECIAL_MARGIN,1.1,L1,1.01,1502.0,False,700.0,700.0,1.0,0,0.0,0,0.0,0,0.0,0,0.0,0,0.0,0.0,,True,1,0
t0_5b_1p10_l1_recovery,RECOVERY_EDGE_SPECIAL_MARGIN,1.1,L1,1.01,1502.0,False,725.0,725.0,1.0,0,0.0,0,0.0,0,0.0,0,0.0,0,0.0,0.0,,True,1,0
t0_5b_1p10_l1_recovery,RECOVERY_EDGE_SPECIAL_MARGIN,1.1,L1,1.01,1502.0,False,750.0,750.0,1.0,0,0.0,0,0.0,0,0.0,0,0.0,0,0.0,0.0,,True,1,0
t0_5b_1p10_l1_recovery,RECOVERY_EDGE_SPECIAL_MARGIN,1.1,L1,1.01,1502.0,False,775.0,775.0,1.0,0,0.0,0,0.0,0,0.0,0,0.0,0,0.0,0.0,,True,1,0
t0_5b_1p10_l1_recovery,RECOVERY_EDGE_SPECIAL_MARGIN,1.1,L1,1.01,1502.0,False,800.0,800.0,1.0,0,0.0,0,0.0,0,0.0,0,0.0,0,0.0,0.0,,True,1,0
t0_5b_1p10_l1_recovery,RECOVERY_EDGE_SPECIAL_MARGIN,1.1,L1,1.01,1502.0,False,825.0,800.0,0.9696969696969697,0,0.0,0,0.0,0,0.0,25.0,0.030303030303030304,25.0,0.030303030303030304,25.0,75.0,False,1,0
t0_5b_1p10_l1_recovery,RECOVERY_EDGE_SPECIAL_MARGIN,1.1,L1,1.01,1502.0,False,850.0,800.0,0.9411764705882353,0,0.0,0,0.0,0,0.0,50.0,0.058823529411764705,50.0,0.058823529411764705,50.0,75.0,False,1,0
t0_5b_1p10_l1_recovery,RECOVERY_EDGE_SPECIAL_MARGIN,1.1,L1,1.01,1502.0,False,875.0,825.0,0.9428571428571428,0,0.0,0,0.0,0,0.0,50.0,0.05714285714285714,50.0,0.05714285714285714,50.0,100.0,False,1,0
t0_5b_1p10_l1_recovery,RECOVERY_EDGE_SPECIAL_MARGIN,1.1,L1,1.01,1502.0,False,900.0,850.0,0.9444444444444444,0,0.0,0,0.0,0,0.0,50.0,0.05555555555555555,50.0,0.05555555555555555,50.0,125.0,False,1,0
t0_5b_1p10_l1_recovery,RECOVERY_EDGE_SPECIAL_MARGIN,1.1,L1,1.01,1502.0,False,925.0,875.0,0.9459459459459459,0,0.0,0,0.0,0,0.0,50.0,0.05405405405405406,50.0,0.05405405405405406,50.0,150.0,False,1,0
t0_5b_1p10_l1_recovery,RECOVERY_EDGE_SPECIAL_MARGIN,1.1,L1,1.01,1502.0,False,950.0,900.0,0.9473684210526315,0,0.0,0,0.0,0,0.0,50.0,0.05263157894736842,50.0,0.05263157894736842,50.0,175.0,False,1,0
t0_5b_1p10_l1_recovery,RECOVERY_EDGE_SPECIAL_MARGIN,1.1,L1,1.01,1502.0,False,975.0,925.0,0.9487179487179487,0,0.0,0,0.0,0,0.0,50.0,0.05128205128205128,50.0,0.05128205128205128,50.0,200.0,False,1,0
t0_5b_1p10_l1_recovery,RECOVERY_EDGE_SPECIAL_MARGIN,1.1,L1,1.01,1502.0,False,1000.0,950.0,0.95,0,0.0,0,0.0,0,0.0,50.0,0.05,50.0,0.05,50.0,225.0,False,1,0
t0_5b_1p10_l1_recovery,RECOVERY_EDGE_SPECIAL_MARGIN,1.1,L1,1.01,1502.0,False,1025.0,950.0,0.926829268292683,0,0.0,0,0.0,0,0.0,75.0,0.07317073170731707,75.0,0.07317073170731707,50.0,250.0,False,1,0
t0_5b_1p10_l1_recovery,RECOVERY_EDGE_SPECIAL_MARGIN,1.1,L1,1.01,1502.0,False,1050.0,950.0,0.9047619047619048,0,0.0,0,0.0,0,0.0,100.0,0.09523809523809523,100.0,0.09523809523809523,50.0,75.0,False,1,0
t0_5b_1p10_l1_recovery,RECOVERY_EDGE_SPECIAL_MARGIN,1.1,L1,1.01,1502.0,False,1075.0,950.0,0.8837209302325582,25.0,0.023255813953488372,0,0.0,0,0.0,100.0,0.09302325581395349,125.0,0.11627906976744186,75.0,75.0,False,1,0
t0_5b_1p10_l1_recovery,RECOVERY_EDGE_SPECIAL_MARGIN,1.1,L1,1.01,1502.0,False,1100.0,950.0,0.8636363636363636,50.0,0.045454545454545456,0,0.0,0,0.0,100.0,0.09090909090909091,150.0,0.13636363636363635,100.0,75.0,False,1,0
t0_5b_1p10_l1_recovery,RECOVERY_EDGE_SPECIAL_MARGIN,1.1,L1,1.01,1502.0,False,1125.0,950.0,0.8444444444444444,75.0,0.06666666666666667,0,0.0,0,0.0,100.0,0.08888888888888889,175.0,0.15555555555555556,125.0,75.0,False,1,0
t0_5b_1p10_l1_recovery,RECOVERY_EDGE_SPECIAL_MARGIN,1.1,L1,1.01,1502.0,False,1150.0,950.0,0.8260869565217391,100.0,0.08695652173913043,0,0.0,0,0.0,100.0,0.08695652173913043,200.0,0.17391304347826086,150.0,75.0,False,1,0
t0_5b_1p10_l1_recovery,RECOVERY_EDGE_SPECIAL_MARGIN,1.1,L1,1.01,1502.0,False,1175.0,950.0,0.8085106382978723,125.0,0.10638297872340426,0,0.0,0,0.0,100.0,0.0851063829787234,225.0,0.19148936170212766,175.0,75.0,False,1,0
t0_5b_1p10_l1_recovery,RECOVERY_EDGE_SPECIAL_MARGIN,1.1,L1,1.01,1502.0,False,1200.0,950.0,0.7916666666666666,150.0,0.125,0,0.0,0,0.0,100.0,0.08333333333333333,250.0,0.20833333333333334,200.0,75.0,False,1,0
t0_5b_1p10_l1_recovery,RECOVERY_EDGE_SPECIAL_MARGIN,1.1,L1,1.01,1502.0,False,1225.0,950.0,0.7755102040816326,175.0,0.14285714285714285,0,0.0,0,0.0,100.0,0.08163265306122448,275.0,0.22448979591836735,225.0,75.0,False,1,0
t0_5b_1p10_l1_recovery,RECOVERY_EDGE_SPECIAL_MARGIN,1.1,L1,1.01,1502.0,False,1250.0,950.0,0.76,200.0,0.16,0,0.0,0,0.0,100.0,0.08,300.0,0.24,250.0,75.0,False,1,0
t0_5b_1p10_l1_recovery,RECOVERY_EDGE_SPECIAL_MARGIN,1.1,L1,1.01,1502.0,False,1275.0,950.0,0.7450980392156863,225.0,0.17647058823529413,0,0.0,0,0.0,100.0,0.0784313725490196,325.0,0.2549019607843137,275.0,75.0,False,1,0
t0_5b_1p10_l1_recovery,RECOVERY_EDGE_SPECIAL_MARGIN,1.1,L1,1.01,1502.0,False,1300.0,950.0,0.7307692307692307,250.0,0.19230769230769232,0,0.0,0,0.0,100.0,0.07692307692307693,350.0,0.2692307692307692,300.0,75.0,False,1,0
t0_5b_1p10_l1_recovery,RECOVERY_EDGE_SPECIAL_MARGIN,1.1,L1,1.01,1502.0,False,1325.0,950.0,0.7169811320754716,275.0,0.20754716981132076,0,0.0,0,0.0,100.0,0.07547169811320754,375.0,0.2830188679245283,325.0,75.0,False,1,0
t0_5b_1p10_l1_recovery,RECOVERY_EDGE_SPECIAL_MARGIN,1.1,L1,1.01,1502.0,False,1350.0,950.0,0.7037037037037037,300.0,0.2222222222222222,0,0.0,0,0.0,100.0,0.07407407407407407,400.0,0.2962962962962963,350.0,75.0,False,1,0
t0_5b_1p10_l1_recovery,RECOVERY_EDGE_SPECIAL_MARGIN,1.1,L1,1.01,1502.0,False,1375.0,950.0,0.6909090909090909,325.0,0.23636363636363636,0,0.0,0,0.0,100.0,0.07272727272727272,425.0,0.3090909090909091,375.0,75.0,False,1,0
t0_5b_1p10_l1_recovery,RECOVERY_EDGE_SPECIAL_MARGIN,1.1,L1,1.01,1502.0,False,1400.0,950.0,0.6785714285714286,350.0,0.25,0,0.0,0,0.0,100.0,0.07142857142857142,450.0,0.32142857142857145,400.0,75.0,False,1,0
t0_5b_1p10_l1_recovery,RECOVERY_EDGE_SPECIAL_MARGIN,1.1,L1,1.01,1502.0,False,1425.0,950.0,0.6666666666666666,375.0,0.2631578947368421,0,0.0,0,0.0,100.0,0.07017543859649122,475.0,0.3333333333333333,425.0,75.0,False,1,0
t0_5b_1p10_l1_recovery,RECOVERY_EDGE_SPECIAL_MARGIN,1.1,L1,1.01,1502.0,False,1450.0,950.0,0.6551724137931034,400.0,0.27586206896551724,0,0.0,0,0.0,100.0,0.06896551724137931,500.0,0.3448275862068966,450.0,75.0,False,1,0
t0_5b_1p10_l1_recovery,RECOVERY_EDGE_SPECIAL_MARGIN,1.1,L1,1.01,1502.0,False,1475.0,950.0,0.6440677966101694,425.0,0.288135593220339,0,0.0,0,0.0,100.0,0.06779661016949153,525.0,0.3559322033898305,475.0,75.0,False,1,0
t0_5b_1p10_l1_recovery,RECOVERY_EDGE_SPECIAL_MARGIN,1.1,L1,1.01,1502.0,False,1500.0,950.0,0.6333333333333333,450.0,0.3,0,0.0,0,0.0,100.0,0.06666666666666667,550.0,0.36666666666666664,500.0,75.0,False,1,0
t0_5b_1p10_l1_recovery,RECOVERY_EDGE_SPECIAL_MARGIN,1.1,L1,1.01,1502.0,False,1525.0,950.0,0.6229508196721312,475.0,0.3114754098360656,0,0.0,0,0.0,100.0,0.06557377049180328,575.0,0.3770491803278688,525.0,75.0,False,1,0
t0_5b_1p10_l1_recovery,RECOVERY_EDGE_SPECIAL_MARGIN,1.1,L1,1.01,1502.0,False,1550.0,950.0,0.6129032258064516,500.0,0.3225806451612903,0,0.0,0,0.0,100.0,0.06451612903225806,600.0,0.3870967741935484,550.0,75.0,False,1,0
t0_5b_1p10_l1_recovery,RECOVERY_EDGE_SPECIAL_MARGIN,1.1,L1,1.01,1502.0,False,1575.0,950.0,0.6031746031746031,525.0,0.3333333333333333,0,0.0,0,0.0,100.0,0.06349206349206349,625.0,0.3968253968253968,575.0,75.0,False,1,0
t0_5b_1p10_l1_recovery,RECOVERY_EDGE_SPECIAL_MARGIN,1.1,L1,1.01,1502.0,False,1600.0,950.0,0.59375,550.0,0.34375,0,0.0,0,0.0,100.0,0.0625,650.0,0.40625,600.0,75.0,False,1,0
t0_5b_1p10_l1_recovery,RECOVERY_EDGE_SPECIAL_MARGIN,1.1,L1,1.01,1502.0,False,1625.0,950.0,0.5846153846153846,575.0,0.35384615384615387,0,0.0,0,0.0,100.0,0.06153846153846154,675.0,0.4153846153846154,625.0,75.0,False,1,0
t0_5b_1p10_l1_recovery,RECOVERY_EDGE_SPECIAL_MARGIN,1.1,L1,1.01,1502.0,False,1650.0,950.0,0.5757575757575758,600.0,0.36363636363636365,0,0.0,0,0.0,100.0,0.06060606060606061,700.0,0.42424242424242425,650.0,75.0,False,1,0
t0_5b_1p10_l1_recovery,RECOVERY_EDGE_SPECIAL_MARGIN,1.1,L1,1.01,1502.0,False,1675.0,950.0,0.5671641791044776,625.0,0.373134328358209,0,0.0,0,0.0,100.0,0.05970149253731343,725.0,0.43283582089552236,675.0,75.0,False,1,0
t0_5b_1p10_l1_recovery,RECOVERY_EDGE_SPECIAL_MARGIN,1.1,L1,1.01,1502.0,False,1700.0,950.0,0.5588235294117647,650.0,0.38235294117647056,0,0.0,0,0.0,100.0,0.058823529411764705,750.0,0.4411764705882353,700.0,75.0,False,1,0
t0_5b_1p10_l1_recovery,RECOVERY_EDGE_SPECIAL_MARGIN,1.1,L1,1.01,1502.0,False,1725.0,950.0,0.5507246376811594,675.0,0.391304347826087,0,0.0,0,0.0,100.0,0.057971014492753624,775.0,0.4492753623188406,725.0,75.0,False,1,0
t0_5b_1p10_l1_recovery,RECOVERY_EDGE_SPECIAL_MARGIN,1.1,L1,1.01,1502.0,False,1750.0,950.0,0.5428571428571428,700.0,0.4,0,0.0,0,0.0,100.0,0.05714285714285714,800.0,0.45714285714285713,750.0,75.0,False,1,0
t0_5b_1p10_l1_recovery,RECOVERY_EDGE_SPECIAL_MARGIN,1.1,L1,1.01,1502.0,False,1775.0,950.0,0.5352112676056338,725.0,0.4084507042253521,0,0.0,0,0.0,100.0,0.056338028169014086,825.0,0.4647887323943662,775.0,75.0,False,1,0
t0_5b_1p10_l1_recovery,RECOVERY_EDGE_SPECIAL_MARGIN,1.1,L1,1.01,1502.0,False,1800.0,950.0,0.5277777777777778,750.0,0.4166666666666667,0,0.0,0,0.0,100.0,0.05555555555555555,850.0,0.4722222222222222,800.0,75.0,False,1,0
t0_5b_1p10_l1_recovery,RECOVERY_EDGE_SPECIAL_MARGIN,1.1,L1,1.01,1502.0,False,1825.0,950.0,0.5205479452054794,775.0,0.4246575342465753,0,0.0,0,0.0,100.0,0.0547945205479452,875.0,0.4794520547945205,825.0,75.0,False,1,0
t0_5b_1p10_l1_recovery,RECOVERY_EDGE_SPECIAL_MARGIN,1.1,L1,1.01,1502.0,False,1850.0,950.0,0.5135135135135135,800.0,0.43243243243243246,0,0.0,0,0.0,100.0,0.05405405405405406,900.0,0.4864864864864865,850.0,75.0,False,1,0
t0_5b_1p10_l1_recovery,RECOVERY_EDGE_SPECIAL_MARGIN,1.1,L1,1.01,1502.0,False,1875.0,950.0,0.5066666666666667,825.0,0.44,0,0.0,0,0.0,100.0,0.05333333333333334,925.0,0.49333333333333335,875.0,75.0,False,1,0
t0_5b_1p10_l1_recovery,RECOVERY_EDGE_SPECIAL_MARGIN,1.1,L1,1.01,1502.0,False,1900.0,950.0,0.5,850.0,0.4473684210526316,0,0.0,0,0.0,100.0,0.05263157894736842,950.0,0.5,900.0,75.0,False,1,0
t0_5b_1p10_l1_recovery,RECOVERY_EDGE_SPECIAL_MARGIN,1.1,L1,1.01,1502.0,False,1925.0,950.0,0.4935064935064935,875.0,0.45454545454545453,0,0.0,0,0.0,100.0,0.05194805194805195,975.0,0.5064935064935064,925.0,75.0,False,1,0
t0_5b_1p10_l1_recovery,RECOVERY_EDGE_SPECIAL_MARGIN,1.1,L1,1.01,1502.0,False,1950.0,950.0,0.48717948717948717,900.0,0.46153846153846156,0,0.0,0,0.0,100.0,0.05128205128205128,1000.0,0.5128205128205128,950.0,75.0,False,1,0
t0_5b_1p10_l1_recovery,RECOVERY_EDGE_SPECIAL_MARGIN,1.1,L1,1.01,1502.0,False,1975.0,950.0,0.4810126582278481,925.0,0.46835443037974683,0,0.0,0,0.0,100.0,0.05063291139240506,1025.0,0.5189873417721519,975.0,75.0,False,1,0
t0_5b_1p10_l1_recovery,RECOVERY_EDGE_SPECIAL_MARGIN,1.1,L1,1.01,1502.0,False,2000.0,950.0,0.475,950.0,0.475,0,0.0,0,0.0,100.0,0.05,1050.0,0.525,1000.0,75.0,False,1,0
t0_5b_1p10_l1_recovery,RECOVERY_EDGE_SPECIAL_MARGIN,1.1,L1,1.01,1502.0,False,2025.0,950.0,0.4691358024691358,975.0,0.48148148148148145,0,0.0,0,0.0,100.0,0.04938271604938271,1075.0,0.5308641975308642,1025.0,75.0,False,1,0
t0_5b_1p10_l1_recovery,RECOVERY_EDGE_SPECIAL_MARGIN,1.1,L1,1.01,1502.0,False,2050.0,950.0,0.4634146341463415,1000.0,0.4878048780487805,0,0.0,0,0.0,100.0,0.04878048780487805,1100.0,0.5365853658536586,1050.0,75.0,False,1,0
t0_5b_1p10_l1_recovery,RECOVERY_EDGE_SPECIAL_MARGIN,1.1,L1,1.01,1502.0,False,2075.0,950.0,0.4578313253012048,1025.0,0.4939759036144578,0,0.0,0,0.0,100.0,0.04819277108433735,1125.0,0.5421686746987951,1075.0,75.0,False,1,0
t0_5b_1p10_l1_recovery,RECOVERY_EDGE_SPECIAL_MARGIN,1.1,L1,1.01,1502.0,False,2100.0,950.0,0.4523809523809524,1050.0,0.5,0,0.0,0,0.0,100.0,0.047619047619047616,1150.0,0.5476190476190477,1100.0,75.0,False,1,0
t0_5b_1p10_l1_recovery,RECOVERY_EDGE_SPECIAL_MARGIN,1.1,L1,1.01,1502.0,False,2125.0,950.0,0.4470588235294118,1075.0,0.5058823529411764,0,0.0,0,0.0,100.0,0.047058823529411764,1175.0,0.5529411764705883,1125.0,75.0,False,1,0
t0_5b_1p10_l1_recovery,RECOVERY_EDGE_SPECIAL_MARGIN,1.1,L1,1.01,1502.0,False,2150.0,950.0,0.4418604651162791,1100.0,0.5116279069767442,0,0.0,0,0.0,100.0,0.046511627906976744,1200.0,0.5581395348837209,1150.0,75.0,False,1,0
t0_5b_1p10_l1_recovery,RECOVERY_EDGE_SPECIAL_MARGIN,1.1,L1,1.01,1502.0,False,2175.0,950.0,0.4367816091954023,1125.0,0.5172413793103449,0,0.0,0,0.0,100.0,0.04597701149425287,1225.0,0.5632183908045977,1175.0,75.0,False,1,0
t0_5b_1p10_l1_recovery,RECOVERY_EDGE_SPECIAL_MARGIN,1.1,L1,1.01,1502.0,False,2200.0,950.0,0.4318181818181818,1150.0,0.5227272727272727,0,0.0,0,0.0,100.0,0.045454545454545456,1250.0,0.5681818181818182,1200.0,75.0,False,1,0
t0_5b_1p10_l1_recovery,RECOVERY_EDGE_SPECIAL_MARGIN,1.1,L1,1.01,1502.0,False,2225.0,950.0,0.42696629213483145,1175.0,0.5280898876404494,0,0.0,0,0.0,100.0,0.0449438202247191,1275.0,0.5730337078651685,1225.0,75.0,False,1,0
t0_5b_1p10_l1_recovery,RECOVERY_EDGE_SPECIAL_MARGIN,1.1,L1,1.01,1502.0,False,2250.0,950.0,0.4222222222222222,1200.0,0.5333333333333333,0,0.0,0,0.0,100.0,0.044444444444444446,1300.0,0.5777777777777777,1250.0,75.0,False,1,0
t0_5b_1p10_l1_recovery,RECOVERY_EDGE_SPECIAL_MARGIN,1.1,L1,1.01,1502.0,False,2275.0,950.0,0.4175824175824176,1225.0,0.5384615384615384,0,0.0,0,0.0,100.0,0.04395604395604396,1325.0,0.5824175824175825,1275.0,75.0,False,1,0
t0_5b_1p10_l1_recovery,RECOVERY_EDGE_SPECIAL_MARGIN,1.1,L1,1.01,1502.0,False,2300.0,950.0,0.41304347826086957,1250.0,0.5434782608695652,0,0.0,0,0.0,100.0,0.043478260869565216,1350.0,0.5869565217391305,1300.0,75.0,False,1,0
t0_5b_1p10_l1_recovery,RECOVERY_EDGE_SPECIAL_MARGIN,1.1,L1,1.01,1502.0,False,2325.0,950.0,0.40860215053763443,1275.0,0.5483870967741935,0,0.0,0,0.0,100.0,0.043010752688172046,1375.0,0.5913978494623656,1325.0,75.0,False,1,0
t0_5b_1p10_l1_recovery,RECOVERY_EDGE_SPECIAL_MARGIN,1.1,L1,1.01,1502.0,False,2350.0,950.0,0.40425531914893614,1300.0,0.5531914893617021,0,0.0,0,0.0,100.0,0.0425531914893617,1400.0,0.5957446808510638,1350.0,75.0,False,1,0
t0_5b_1p10_l1_recovery,RECOVERY_EDGE_SPECIAL_MARGIN,1.1,L1,1.01,1502.0,False,2375.0,950.0,0.4,1325.0,0.5578947368421052,0,0.0,0,0.0,100.0,0.042105263157894736,1425.0,0.6,1375.0,75.0,False,1,0
t0_5b_1p10_l1_recovery,RECOVERY_EDGE_SPECIAL_MARGIN,1.1,L1,1.01,1502.0,False,2400.0,950.0,0.3958333333333333,1350.0,0.5625,0,0.0,0,0.0,100.0,0.041666666666666664,1450.0,0.6041666666666666,1400.0,75.0,False,1,0
t0_5b_1p10_l1_recovery,RECOVERY_EDGE_SPECIAL_MARGIN,1.1,L1,1.01,1502.0,False,2425.0,950.0,0.3917525773195876,1375.0,0.5670103092783505,0,0.0,0,0.0,100.0,0.041237113402061855,1475.0,0.6082474226804123,1425.0,75.0,False,1,0
t0_5b_1p10_l1_recovery,RECOVERY_EDGE_SPECIAL_MARGIN,1.1,L1,1.01,1502.0,False,2450.0,950.0,0.3877551020408163,1400.0,0.5714285714285714,0,0.0,0,0.0,100.0,0.04081632653061224,1500.0,0.6122448979591837,1450.0,75.0,False,1,0
t0_5b_1p10_l1_recovery,RECOVERY_EDGE_SPECIAL_MARGIN,1.1,L1,1.01,1502.0,False,2475.0,950.0,0.3838383838383838,1425.0,0.5757575757575758,0,0.0,0,0.0,100.0,0.04040404040404041,1525.0,0.6161616161616161,1475.0,75.0,False,1,0
t0_5b_1p10_l1_recovery,RECOVERY_EDGE_SPECIAL_MARGIN,1.1,L1,1.01,1502.0,False,2500.0,950.0,0.38,1450.0,0.58,0,0.0,0,0.0,100.0,0.04,1550.0,0.62,1500.0,75.0,False,1,0
t0_5b_1p10_l1_recovery,RECOVERY_EDGE_SPECIAL_MARGIN,1.1,L1,1.01,1502.0,False,2525.0,950.0,0.37623762376237624,1475.0,0.5841584158415841,0,0.0,0,0.0,100.0,0.039603960396039604,1575.0,0.6237623762376238,1525.0,75.0,False,1,0
t0_5b_1p10_l1_recovery,RECOVERY_EDGE_SPECIAL_MARGIN,1.1,L1,1.01,1502.0,False,2550.0,950.0,0.37254901960784315,1500.0,0.5882352941176471,0,0.0,0,0.0,100.0,0.0392156862745098,1600.0,0.6274509803921569,1550.0,75.0,False,1,0
t0_5b_1p10_l1_recovery,RECOVERY_EDGE_SPECIAL_MARGIN,1.1,L1,1.01,1502.0,False,2575.0,950.0,0.36893203883495146,1525.0,0.5922330097087378,0,0.0,0,0.0,100.0,0.038834951456310676,1625.0,0.6310679611650486,1575.0,75.0,False,1,0
t0_5b_1p10_l1_recovery,RECOVERY_EDGE_SPECIAL_MARGIN,1.1,L1,1.01,1502.0,False,2600.0,950.0,0.36538461538461536,1550.0,0.5961538461538461,0,0.0,0,0.0,100.0,0.038461538461538464,1650.0,0.6346153846153846,1600.0,75.0,False,1,0
t0_5b_1p10_l1_recovery,RECOVERY_EDGE_SPECIAL_MARGIN,1.1,L1,1.01,1502.0,False,2625.0,950.0,0.3619047619047619,1575.0,0.6,0,0.0,0,0.0,100.0,0.0380952380952381,1675.0,0.638095238095238,1625.0,75.0,False,1,0
t0_5b_1p10_l1_recovery,RECOVERY_EDGE_SPECIAL_MARGIN,1.1,L1,1.01,1502.0,False,2650.0,950.0,0.3584905660377358,1600.0,0.6037735849056604,0,0.0,0,0.0,100.0,0.03773584905660377,1700.0,0.6415094339622641,1650.0,75.0,False,1,0
t0_5b_1p10_l1_recovery,RECOVERY_EDGE_SPECIAL_MARGIN,1.1,L1,1.01,1502.0,False,2675.0,950.0,0.35514018691588783,1625.0,0.6074766355140186,0,0.0,0,0.0,100.0,0.037383177570093455,1725.0,0.6448598130841121,1675.0,75.0,False,1,0
t0_5b_1p10_l1_recovery,RECOVERY_EDGE_SPECIAL_MARGIN,1.1,L1,1.01,1502.0,False,2700.0,950.0,0.35185185185185186,1650.0,0.6111111111111112,0,0.0,0,0.0,100.0,0.037037037037037035,1750.0,0.6481481481481481,1700.0,75.0,False,1,0
t0_5b_1p10_l1_recovery,RECOVERY_EDGE_SPECIAL_MARGIN,1.1,L1,1.01,1502.0,False,2725.0,950.0,0.3486238532110092,1675.0,0.6146788990825688,0,0.0,0,0.0,100.0,0.03669724770642202,1775.0,0.6513761467889908,1725.0,75.0,False,1,0
t0_5b_1p10_l1_recovery,RECOVERY_EDGE_SPECIAL_MARGIN,1.1,L1,1.01,1502.0,False,2750.0,950.0,0.34545454545454546,1700.0,0.6181818181818182,0,0.0,0,0.0,100.0,0.03636363636363636,1800.0,0.6545454545454545,1750.0,75.0,False,1,0
t0_5b_1p10_l1_recovery,RECOVERY_EDGE_SPECIAL_MARGIN,1.1,L1,1.01,1502.0,False,2775.0,950.0,0.34234234234234234,1725.0,0.6216216216216216,0,0.0,0,0.0,100.0,0.036036036036036036,1825.0,0.6576576576576577,1775.0,75.0,False,1,0
t0_5b_1p10_l1_recovery,RECOVERY_EDGE_SPECIAL_MARGIN,1.1,L1,1.01,1502.0,False,2800.0,950.0,0.3392857142857143,1750.0,0.625,0,0.0,0,0.0,100.0,0.03571428571428571,1850.0,0.6607142857142857,1800.0,75.0,False,1,0
t0_5b_1p10_l1_recovery,RECOVERY_EDGE_SPECIAL_MARGIN,1.1,L1,1.01,1502.0,False,2825.0,950.0,0.336283185840708,1775.0,0.6283185840707964,0,0.0,0,0.0,100.0,0.035398230088495575,1875.0,0.6637168141592921,1825.0,75.0,False,1,0
t0_5b_1p10_l1_recovery,RECOVERY_EDGE_SPECIAL_MARGIN,1.1,L1,1.01,1502.0,False,2850.0,950.0,0.3333333333333333,1800.0,0.631578947368421,0,0.0,0,0.0,100.0,0.03508771929824561,1900.0,0.6666666666666666,1850.0,75.0,False,1,0
t0_5b_1p10_l1_recovery,RECOVERY_EDGE_SPECIAL_MARGIN,1.1,L1,1.01,1502.0,False,2875.0,950.0,0.33043478260869563,1825.0,0.6347826086956522,0,0.0,0,0.0,100.0,0.034782608695652174,1925.0,0.6695652173913044,1875.0,75.0,False,1,0
t0_5b_1p10_l1_recovery,RECOVERY_EDGE_SPECIAL_MARGIN,1.1,L1,1.01,1502.0,False,2900.0,950.0,0.3275862068965517,1850.0,0.6379310344827587,0,0.0,0,0.0,100.0,0.034482758620689655,1950.0,0.6724137931034483,1900.0,75.0,False,1,0
t0_5b_1p10_l1_recovery,RECOVERY_EDGE_SPECIAL_MARGIN,1.1,L1,1.01,1502.0,False,2925.0,950.0,0.3247863247863248,1875.0,0.6410256410256411,0,0.0,0,0.0,100.0,0.03418803418803419,1975.0,0.6752136752136753,1925.0,75.0,False,1,0
t0_5b_1p10_l1_recovery,RECOVERY_EDGE_SPECIAL_MARGIN,1.1,L1,1.01,1502.0,False,2950.0,950.0,0.3220338983050847,1900.0,0.6440677966101694,0,0.0,0,0.0,100.0,0.03389830508474576,2000.0,0.6779661016949152,1950.0,75.0,False,1,0
t0_5b_1p10_l1_recovery,RECOVERY_EDGE_SPECIAL_MARGIN,1.1,L1,1.01,1502.0,False,2975.0,950.0,0.31932773109243695,1925.0,0.6470588235294118,0,0.0,0,0.0,100.0,0.03361344537815126,2025.0,0.680672268907563,1975.0,75.0,False,1,0
t0_5b_1p10_l1_recovery,RECOVERY_EDGE_SPECIAL_MARGIN,1.1,L1,1.01,1502.0,False,3000.0,950.0,0.31666666666666665,1950.0,0.65,0,0.0,0,0.0,100.0,0.03333333333333333,2050.0,0.6833333333333333,2000.0,75.0,False,1,0
t0_5b_1p10_l1_recovery,RECOVERY_EDGE_SPECIAL_MARGIN,1.1,L1,1.01,1502.0,False,3025.0,950.0,0.3140495867768595,1975.0,0.6528925619834711,0,0.0,0,0.0,100.0,0.03305785123966942,2075.0,0.6859504132231405,2025.0,75.0,False,1,0
t0_5b_1p10_l1_recovery,RECOVERY_EDGE_SPECIAL_MARGIN,1.1,L1,1.01,1502.0,False,3050.0,950.0,0.3114754098360656,2000.0,0.6557377049180327,0,0.0,0,0.0,100.0,0.03278688524590164,2100.0,0.6885245901639344,2050.0,75.0,False,1,0
t0_5b_1p10_l1_recovery,RECOVERY_EDGE_SPECIAL_MARGIN,1.1,L1,1.01,1502.0,False,3075.0,950.0,0.3089430894308943,2025.0,0.6585365853658537,0,0.0,0,0.0,100.0,0.032520325203252036,2125.0,0.6910569105691057,2075.0,75.0,False,1,0
t0_5b_1p10_l1_recovery,RECOVERY_EDGE_SPECIAL_MARGIN,1.1,L1,1.01,1502.0,False,3100.0,950.0,0.3064516129032258,2050.0,0.6612903225806451,0,0.0,0,0.0,100.0,0.03225806451612903,2150.0,0.6935483870967742,2100.0,75.0,False,1,0
t0_5b_1p10_l1_recovery,RECOVERY_EDGE_SPECIAL_MARGIN,1.1,L1,1.01,1502.0,False,3125.0,950.0,0.304,2075.0,0.664,0,0.0,0,0.0,100.0,0.032,2175.0,0.696,2125.0,75.0,False,1,0
t0_5b_1p10_l1_recovery,RECOVERY_EDGE_SPECIAL_MARGIN,1.1,L1,1.01,1502.0,False,3150.0,950.0,0.30158730158730157,2100.0,0.6666666666666666,0,0.0,0,0.0,100.0,0.031746031746031744,2200.0,0.6984126984126984,2150.0,75.0,False,1,0
t0_5b_1p10_l1_recovery,RECOVERY_EDGE_SPECIAL_MARGIN,1.1,L1,1.01,1502.0,False,3175.0,950.0,0.2992125984251969,2125.0,0.6692913385826772,0,0.0,0,0.0,100.0,0.031496062992125984,2225.0,0.7007874015748031,2175.0,75.0,False,1,0
t0_5b_1p10_l1_recovery,RECOVERY_EDGE_SPECIAL_MARGIN,1.1,L1,1.01,1502.0,False,3200.0,950.0,0.296875,2150.0,0.671875,0,0.0,0,0.0,100.0,0.03125,2250.0,0.703125,2200.0,75.0,False,1,0
t0_5b_1p10_l1_recovery,RECOVERY_EDGE_SPECIAL_MARGIN,1.1,L1,1.01,1502.0,False,3225.0,950.0,0.29457364341085274,2175.0,0.6744186046511628,0,0.0,0,0.0,100.0,0.031007751937984496,2275.0,0.7054263565891473,2225.0,75.0,False,1,0
t0_5b_1p10_l1_recovery,RECOVERY_EDGE_SPECIAL_MARGIN,1.1,L1,1.01,1502.0,False,3250.0,950.0,0.2923076923076923,2200.0,0.676923076923077,0,0.0,0,0.0,100.0,0.03076923076923077,2300.0,0.7076923076923077,2250.0,75.0,False,1,0
t0_5b_1p10_l1_recovery,RECOVERY_EDGE_SPECIAL_MARGIN,1.1,L1,1.01,1502.0,False,3275.0,950.0,0.2900763358778626,2225.0,0.6793893129770993,0,0.0,0,0.0,100.0,0.030534351145038167,2325.0,0.7099236641221374,2275.0,75.0,False,1,0
t0_5b_1p10_l1_recovery,RECOVERY_EDGE_SPECIAL_MARGIN,1.1,L1,1.01,1502.0,False,3300.0,950.0,0.2878787878787879,2250.0,0.6818181818181818,0,0.0,0,0.0,100.0,0.030303030303030304,2350.0,0.7121212121212122,2300.0,75.0,False,1,0
t0_5b_1p10_l1_recovery,RECOVERY_EDGE_SPECIAL_MARGIN,1.1,L1,1.01,1502.0,False,3325.0,950.0,0.2857142857142857,2275.0,0.6842105263157895,0,0.0,0,0.0,100.0,0.03007518796992481,2375.0,0.7142857142857143,2325.0,75.0,False,1,0
t0_5b_1p10_l1_recovery,RECOVERY_EDGE_SPECIAL_MARGIN,1.1,L1,1.01,1502.0,False,3350.0,950.0,0.2835820895522388,2300.0,0.6865671641791045,0,0.0,0,0.0,100.0,0.029850746268656716,2400.0,0.7164179104477612,2350.0,75.0,False,1,0
t0_5b_1p10_l1_recovery,RECOVERY_EDGE_SPECIAL_MARGIN,1.1,L1,1.01,1502.0,False,3375.0,950.0,0.2814814814814815,2325.0,0.6888888888888889,0,0.0,0,0.0,100.0,0.02962962962962963,2425.0,0.7185185185185186,2375.0,75.0,False,1,0
t0_5b_1p10_l1_recovery,RECOVERY_EDGE_SPECIAL_MARGIN,1.1,L1,1.01,1502.0,False,3400.0,950.0,0.27941176470588236,2350.0,0.6911764705882353,0,0.0,0,0.0,100.0,0.029411764705882353,2450.0,0.7205882352941176,2400.0,75.0,False,1,0
t0_5b_1p10_l1_recovery,RECOVERY_EDGE_SPECIAL_MARGIN,1.1,L1,1.01,1502.0,False,3425.0,950.0,0.2773722627737226,2375.0,0.6934306569343066,0,0.0,0,0.0,100.0,0.029197080291970802,2475.0,0.7226277372262774,2425.0,75.0,False,1,0
t0_5b_1p10_l1_recovery,RECOVERY_EDGE_SPECIAL_MARGIN,1.1,L1,1.01,1502.0,False,3450.0,950.0,0.2753623188405797,2400.0,0.6956521739130435,0,0.0,0,0.0,100.0,0.028985507246376812,2500.0,0.7246376811594203,2450.0,75.0,False,1,0
t0_5b_1p10_l1_recovery,RECOVERY_EDGE_SPECIAL_MARGIN,1.1,L1,1.01,1502.0,False,3475.0,950.0,0.2733812949640288,2425.0,0.697841726618705,0,0.0,0,0.0,100.0,0.02877697841726619,2525.0,0.7266187050359713,2475.0,75.0,False,1,0
t0_5b_1p10_l1_recovery,RECOVERY_EDGE_SPECIAL_MARGIN,1.1,L1,1.01,1502.0,False,3500.0,950.0,0.2714285714285714,2450.0,0.7,0,0.0,0,0.0,100.0,0.02857142857142857,2550.0,0.7285714285714285,2500.0,75.0,False,1,0
t0_5b_1p10_l1_recovery,RECOVERY_EDGE_SPECIAL_MARGIN,1.1,L1,1.01,1502.0,False,3525.0,950.0,0.2695035460992908,2475.0,0.7021276595744681,0,0.0,0,0.0,100.0,0.028368794326241134,2575.0,0.7304964539007093,2525.0,75.0,False,1,0
t0_5b_1p10_l1_recovery,RECOVERY_EDGE_SPECIAL_MARGIN,1.1,L1,1.01,1502.0,False,3550.0,950.0,0.2676056338028169,2500.0,0.704225352112676,0,0.0,0,0.0,100.0,0.028169014084507043,2600.0,0.7323943661971831,2550.0,75.0,False,1,0
t0_5b_1p10_l1_recovery,RECOVERY_EDGE_SPECIAL_MARGIN,1.1,L1,1.01,1502.0,False,3575.0,950.0,0.26573426573426573,2525.0,0.7062937062937062,0,0.0,0,0.0,100.0,0.027972027972027972,2625.0,0.7342657342657343,2575.0,75.0,False,1,0
t0_5b_1p10_l1_recovery,RECOVERY_EDGE_SPECIAL_MARGIN,1.1,L1,1.01,1502.0,False,3600.0,950.0,0.2638888888888889,2550.0,0.7083333333333334,0,0.0,0,0.0,100.0,0.027777777777777776,2650.0,0.7361111111111112,2600.0,75.0,False,1,0
t0_5b_1p10_l1_recovery,RECOVERY_EDGE_SPECIAL_MARGIN,1.1,L1,1.01,1502.0,False,3625.0,950.0,0.2620689655172414,2575.0,0.7103448275862069,0,0.0,0,0.0,100.0,0.027586206896551724,2675.0,0.7379310344827587,2625.0,75.0,False,1,0
t0_5b_1p10_l1_recovery,RECOVERY_EDGE_SPECIAL_MARGIN,1.1,L1,1.01,1502.0,False,3650.0,950.0,0.2602739726027397,2600.0,0.7123287671232876,0,0.0,0,0.0,100.0,0.0273972602739726,2700.0,0.7397260273972602,2650.0,75.0,False,1,0
t0_5b_1p10_l1_recovery,RECOVERY_EDGE_SPECIAL_MARGIN,1.1,L1,1.01,1502.0,False,3675.0,950.0,0.2585034013605442,2625.0,0.7142857142857143,0,0.0,0,0.0,100.0,0.027210884353741496,2725.0,0.7414965986394558,2675.0,75.0,False,1,0
t0_5b_1p10_l1_recovery,RECOVERY_EDGE_SPECIAL_MARGIN,1.1,L1,1.01,1502.0,False,3700.0,950.0,0.25675675675675674,2650.0,0.7162162162162162,0,0.0,0,0.0,100.0,0.02702702702702703,2750.0,0.7432432432432432,2700.0,75.0,False,1,0
t0_5b_1p10_l1_recovery,RECOVERY_EDGE_SPECIAL_MARGIN,1.1,L1,1.01,1502.0,False,3725.0,950.0,0.2550335570469799,2675.0,0.7181208053691275,0,0.0,0,0.0,100.0,0.026845637583892617,2775.0,0.7449664429530202,2725.0,75.0,False,1,0
t0_5b_1p10_l1_recovery,RECOVERY_EDGE_SPECIAL_MARGIN,1.1,L1,1.01,1502.0,False,3750.0,950.0,0.25333333333333335,2700.0,0.72,0,0.0,0,0.0,100.0,0.02666666666666667,2800.0,0.7466666666666667,2750.0,75.0,False,1,0
t0_5b_1p10_l1_recovery,RECOVERY_EDGE_SPECIAL_MARGIN,1.1,L1,1.01,1502.0,False,3775.0,950.0,0.25165562913907286,2725.0,0.7218543046357616,0,0.0,0,0.0,100.0,0.026490066225165563,2825.0,0.7483443708609272,2775.0,75.0,False,1,0
t0_5b_1p10_l1_recovery,RECOVERY_EDGE_SPECIAL_MARGIN,1.1,L1,1.01,1502.0,False,3800.0,950.0,0.25,2750.0,0.7236842105263158,0,0.0,0,0.0,100.0,0.02631578947368421,2850.0,0.75,2800.0,75.0,False,1,0
t0_5b_1p10_l1_recovery,RECOVERY_EDGE_SPECIAL_MARGIN,1.1,L1,1.01,1502.0,False,3825.0,950.0,0.24836601307189543,2775.0,0.7254901960784313,0,0.0,0,0.0,100.0,0.026143790849673203,2875.0,0.7516339869281046,2825.0,75.0,False,1,0
t0_5b_1p10_l1_recovery,RECOVERY_EDGE_SPECIAL_MARGIN,1.1,L1,1.01,1502.0,False,3850.0,950.0,0.24675324675324675,2800.0,0.7272727272727273,0,0.0,0,0.0,100.0,0.025974025974025976,2900.0,0.7532467532467533,2850.0,75.0,False,1,0
t0_5b_1p10_l1_recovery,RECOVERY_EDGE_SPECIAL_MARGIN,1.1,L1,1.01,1502.0,False,3875.0,950.0,0.24516129032258063,2825.0,0.7290322580645161,0,0.0,0,0.0,100.0,0.025806451612903226,2925.0,0.7548387096774194,2875.0,75.0,False,1,0
t0_5b_1p10_l1_recovery,RECOVERY_EDGE_SPECIAL_MARGIN,1.1,L1,1.01,1502.0,False,3900.0,950.0,0.24358974358974358,2850.0,0.7307692307692307,0,0.0,0,0.0,100.0,0.02564102564102564,2950.0,0.7564102564102564,2900.0,75.0,False,1,0
t0_5b_1p10_l1_recovery,RECOVERY_EDGE_SPECIAL_MARGIN,1.1,L1,1.01,1502.0,False,3925.0,950.0,0.24203821656050956,2875.0,0.732484076433121,0,0.0,0,0.0,100.0,0.025477707006369428,2975.0,0.7579617834394905,2925.0,75.0,False,1,0
t0_5b_1p10_l1_recovery,RECOVERY_EDGE_SPECIAL_MARGIN,1.1,L1,1.01,1502.0,False,3950.0,950.0,0.24050632911392406,2900.0,0.7341772151898734,0,0.0,0,0.0,100.0,0.02531645569620253,3000.0,0.759493670886076,2950.0,75.0,False,1,0
t0_5b_1p10_l1_recovery,RECOVERY_EDGE_SPECIAL_MARGIN,1.1,L1,1.01,1502.0,False,3975.0,950.0,0.2389937106918239,2925.0,0.7358490566037735,0,0.0,0,0.0,100.0,0.025157232704402517,3025.0,0.7610062893081762,2975.0,75.0,False,1,0
t0_5b_1p10_l1_recovery,RECOVERY_EDGE_SPECIAL_MARGIN,1.1,L1,1.01,1502.0,False,4000.0,950.0,0.2375,2950.0,0.7375,0,0.0,0,0.0,100.0,0.025,3050.0,0.7625,3000.0,75.0,False,1,0
t0_5b_1p10_l1_recovery,RECOVERY_EDGE_SPECIAL_MARGIN,1.1,L1,1.01,1502.0,False,4025.0,950.0,0.2360248447204969,2975.0,0.7391304347826086,0,0.0,0,0.0,100.0,0.024844720496894408,3075.0,0.7639751552795031,3025.0,75.0,False,1,0
t0_5b_1p10_l1_recovery,RECOVERY_EDGE_SPECIAL_MARGIN,1.1,L1,1.01,1502.0,False,4050.0,950.0,0.2345679012345679,3000.0,0.7407407407407407,0,0.0,0,0.0,100.0,0.024691358024691357,3100.0,0.7654320987654321,3050.0,75.0,False,1,0
t0_5b_1p10_l1_recovery,RECOVERY_EDGE_SPECIAL_MARGIN,1.1,L1,1.01,1502.0,False,4075.0,950.0,0.2331288343558282,3025.0,0.7423312883435583,0,0.0,0,0.0,100.0,0.024539877300613498,3125.0,0.7668711656441718,3075.0,75.0,False,1,0
t0_5b_1p10_l1_recovery,RECOVERY_EDGE_SPECIAL_MARGIN,1.1,L1,1.01,1502.0,False,4100.0,950.0,0.23170731707317074,3050.0,0.7439024390243902,0,0.0,0,0.0,100.0,0.024390243902439025,3150.0,0.7682926829268293,3100.0,75.0,False,1,0
t0_5b_1p10_l1_recovery,RECOVERY_EDGE_SPECIAL_MARGIN,1.1,L1,1.01,1502.0,False,4125.0,950.0,0.23030303030303031,3075.0,0.7454545454545455,0,0.0,0,0.0,100.0,0.024242424242424242,3175.0,0.7696969696969697,3125.0,75.0,False,1,0
t0_5b_1p10_l1_recovery,RECOVERY_EDGE_SPECIAL_MARGIN,1.1,L1,1.01,1502.0,False,4150.0,950.0,0.2289156626506024,3100.0,0.7469879518072289,0,0.0,0,0.0,100.0,0.024096385542168676,3200.0,0.7710843373493976,3150.0,75.0,False,1,0
t0_5b_1p10_l1_recovery,RECOVERY_EDGE_SPECIAL_MARGIN,1.1,L1,1.01,1502.0,False,4175.0,950.0,0.2275449101796407,3125.0,0.7485029940119761,0,0.0,0,0.0,100.0,0.023952095808383235,3225.0,0.7724550898203593,3175.0,75.0,False,1,0
t0_5b_1p10_l1_recovery,RECOVERY_EDGE_SPECIAL_MARGIN,1.1,L1,1.01,1502.0,False,4200.0,950.0,0.2261904761904762,3150.0,0.75,0,0.0,0,0.0,100.0,0.023809523809523808,3250.0,0.7738095238095238,3200.0,75.0,False,1,0
t0_5b_1p10_l1_recovery,RECOVERY_EDGE_SPECIAL_MARGIN,1.1,L1,1.01,1502.0,False,4225.0,950.0,0.22485207100591717,3175.0,0.7514792899408284,0,0.0,0,0.0,100.0,0.023668639053254437,3275.0,0.7751479289940828,3225.0,75.0,False,1,0
t0_5b_1p10_l1_recovery,RECOVERY_EDGE_SPECIAL_MARGIN,1.1,L1,1.01,1502.0,False,4250.0,950.0,0.2235294117647059,3200.0,0.7529411764705882,0,0.0,0,0.0,100.0,0.023529411764705882,3300.0,0.7764705882352941,3250.0,75.0,False,1,0
t0_5b_1p10_l1_recovery,RECOVERY_EDGE_SPECIAL_MARGIN,1.1,L1,1.01,1502.0,False,4275.0,950.0,0.2222222222222222,3225.0,0.7543859649122807,0,0.0,0,0.0,100.0,0.023391812865497075,3325.0,0.7777777777777778,3275.0,75.0,False,1,0
t0_5b_1p10_l1_recovery,RECOVERY_EDGE_SPECIAL_MARGIN,1.1,L1,1.01,1502.0,False,4300.0,950.0,0.22093023255813954,3250.0,0.7558139534883721,0,0.0,0,0.0,100.0,0.023255813953488372,3350.0,0.7790697674418605,3300.0,75.0,False,1,0
t0_5b_1p10_l1_recovery,RECOVERY_EDGE_SPECIAL_MARGIN,1.1,L1,1.01,1502.0,False,4325.0,950.0,0.21965317919075145,3275.0,0.7572254335260116,0,0.0,0,0.0,100.0,0.023121387283236993,3375.0,0.7803468208092486,3325.0,75.0,False,1,0
t0_5b_1p10_l1_recovery,RECOVERY_EDGE_SPECIAL_MARGIN,1.1,L1,1.01,1502.0,False,4350.0,950.0,0.21839080459770116,3300.0,0.7586206896551724,0,0.0,0,0.0,100.0,0.022988505747126436,3400.0,0.7816091954022989,3350.0,75.0,False,1,0
t0_5b_1p10_l1_recovery,RECOVERY_EDGE_SPECIAL_MARGIN,1.1,L1,1.01,1502.0,False,4375.0,950.0,0.21714285714285714,3325.0,0.76,0,0.0,0,0.0,100.0,0.022857142857142857,3425.0,0.7828571428571428,3375.0,75.0,False,1,0
t0_5b_1p10_l1_recovery,RECOVERY_EDGE_SPECIAL_MARGIN,1.1,L1,1.01,1502.0,False,4400.0,950.0,0.2159090909090909,3350.0,0.7613636363636364,0,0.0,0,0.0,100.0,0.022727272727272728,3450.0,0.7840909090909091,3400.0,75.0,False,1,0
t0_5b_1p10_l1_recovery,RECOVERY_EDGE_SPECIAL_MARGIN,1.1,L1,1.01,1502.0,False,4425.0,950.0,0.21468926553672316,3375.0,0.7627118644067796,0,0.0,0,0.0,100.0,0.022598870056497175,3475.0,0.7853107344632768,3425.0,75.0,False,1,0
t0_5b_1p10_l1_recovery,RECOVERY_EDGE_SPECIAL_MARGIN,1.1,L1,1.01,1502.0,False,4450.0,950.0,0.21348314606741572,3400.0,0.7640449438202247,0,0.0,0,0.0,100.0,0.02247191011235955,3500.0,0.7865168539325843,3450.0,75.0,False,1,0
t0_5b_1p10_l1_recovery,RECOVERY_EDGE_SPECIAL_MARGIN,1.1,L1,1.01,1502.0,False,4475.0,950.0,0.2122905027932961,3425.0,0.7653631284916201,0,0.0,0,0.0,100.0,0.0223463687150838,3525.0,0.7877094972067039,3475.0,75.0,False,1,0
t0_5b_1p10_l1_recovery,RECOVERY_EDGE_SPECIAL_MARGIN,1.1,L1,1.01,1502.0,False,4500.0,950.0,0.2111111111111111,3450.0,0.7666666666666667,0,0.0,0,0.0,100.0,0.022222222222222223,3550.0,0.7888888888888889,3500.0,75.0,False,1,0
t0_5b_1p10_l1_recovery,RECOVERY_EDGE_SPECIAL_MARGIN,1.1,L1,1.01,1502.0,False,4525.0,950.0,0.20994475138121546,3475.0,0.7679558011049724,0,0.0,0,0.0,100.0,0.022099447513812154,3575.0,0.7900552486187845,3525.0,75.0,False,1,0
t0_5b_1p10_l1_recovery,RECOVERY_EDGE_SPECIAL_MARGIN,1.1,L1,1.01,1502.0,False,4550.0,950.0,0.2087912087912088,3500.0,0.7692307692307693,0,0.0,0,0.0,100.0,0.02197802197802198,3600.0,0.7912087912087912,3550.0,75.0,False,1,0
t0_5b_1p10_l1_recovery,RECOVERY_EDGE_SPECIAL_MARGIN,1.1,L1,1.01,1502.0,False,4575.0,950.0,0.20765027322404372,3525.0,0.7704918032786885,0,0.0,0,0.0,100.0,0.02185792349726776,3625.0,0.7923497267759563,3575.0,75.0,False,1,0
t0_5b_1p10_l1_recovery,RECOVERY_EDGE_SPECIAL_MARGIN,1.1,L1,1.01,1502.0,False,4600.0,950.0,0.20652173913043478,3550.0,0.7717391304347826,0,0.0,0,0.0,100.0,0.021739130434782608,3650.0,0.7934782608695652,3600.0,75.0,False,1,0
t0_5b_1p10_l1_recovery,RECOVERY_EDGE_SPECIAL_MARGIN,1.1,L1,1.01,1502.0,False,4625.0,950.0,0.20540540540540542,3575.0,0.772972972972973,0,0.0,0,0.0,100.0,0.021621621621621623,3675.0,0.7945945945945946,3625.0,75.0,False,1,0
t0_5b_1p10_l1_recovery,RECOVERY_EDGE_SPECIAL_MARGIN,1.1,L1,1.01,1502.0,False,4650.0,950.0,0.20430107526881722,3600.0,0.7741935483870968,0,0.0,0,0.0,100.0,0.021505376344086023,3700.0,0.7956989247311828,3650.0,75.0,False,1,0
t0_5b_1p10_l1_recovery,RECOVERY_EDGE_SPECIAL_MARGIN,1.1,L1,1.01,1502.0,False,4675.0,950.0,0.20320855614973263,3625.0,0.7754010695187166,0,0.0,0,0.0,100.0,0.0213903743315508,3725.0,0.7967914438502673,3675.0,75.0,False,1,0
t0_5b_1p10_l1_recovery,RECOVERY_EDGE_SPECIAL_MARGIN,1.1,L1,1.01,1502.0,False,4700.0,950.0,0.20212765957446807,3650.0,0.776595744680851,0,0.0,0,0.0,100.0,0.02127659574468085,3750.0,0.7978723404255319,3700.0,75.0,False,1,0
t0_5b_1p10_l1_recovery,RECOVERY_EDGE_SPECIAL_MARGIN,1.1,L1,1.01,1502.0,False,4725.0,950.0,0.20105820105820105,3675.0,0.7777777777777778,0,0.0,0,0.0,100.0,0.021164021164021163,3775.0,0.798941798941799,3725.0,75.0,False,1,0
t0_5b_1p10_l1_recovery,RECOVERY_EDGE_SPECIAL_MARGIN,1.1,L1,1.01,1502.0,False,4750.0,950.0,0.2,3700.0,0.7789473684210526,0,0.0,0,0.0,100.0,0.021052631578947368,3800.0,0.8,3750.0,75.0,False,1,0
t0_5b_1p10_l1_recovery,RECOVERY_EDGE_SPECIAL_MARGIN,1.1,L1,1.01,1502.0,False,4775.0,950.0,0.19895287958115182,3725.0,0.7801047120418848,0,0.0,0,0.0,100.0,0.020942408376963352,3825.0,0.8010471204188482,3775.0,75.0,False,1,0
t0_5b_1p10_l1_recovery,RECOVERY_EDGE_SPECIAL_MARGIN,1.1,L1,1.01,1502.0,False,4800.0,950.0,0.19791666666666666,3750.0,0.78125,0,0.0,0,0.0,100.0,0.020833333333333332,3850.0,0.8020833333333334,3800.0,75.0,False,1,0
t0_5b_1p10_l1_recovery,RECOVERY_EDGE_SPECIAL_MARGIN,1.1,L1,1.01,1502.0,False,4825.0,950.0,0.19689119170984457,3775.0,0.7823834196891192,0,0.0,0,0.0,100.0,0.02072538860103627,3875.0,0.8031088082901554,3825.0,75.0,False,1,0
t0_5b_1p10_l1_recovery,RECOVERY_EDGE_SPECIAL_MARGIN,1.1,L1,1.01,1502.0,False,4850.0,950.0,0.1958762886597938,3800.0,0.7835051546391752,0,0.0,0,0.0,100.0,0.020618556701030927,3900.0,0.8041237113402062,3850.0,75.0,False,1,0
t0_5b_1p10_l1_recovery,RECOVERY_EDGE_SPECIAL_MARGIN,1.1,L1,1.01,1502.0,False,4875.0,950.0,0.19487179487179487,3825.0,0.7846153846153846,0,0.0,0,0.0,100.0,0.020512820512820513,3925.0,0.8051282051282052,3875.0,75.0,False,1,0
t0_5b_1p10_l1_recovery,RECOVERY_EDGE_SPECIAL_MARGIN,1.1,L1,1.01,1502.0,False,4900.0,950.0,0.19387755102040816,3850.0,0.7857142857142857,0,0.0,0,0.0,100.0,0.02040816326530612,3950.0,0.8061224489795918,3900.0,75.0,False,1,0
t0_5b_1p10_l1_recovery,RECOVERY_EDGE_SPECIAL_MARGIN,1.1,L1,1.01,1502.0,False,4925.0,950.0,0.19289340101522842,3875.0,0.7868020304568528,0,0.0,0,0.0,100.0,0.02030456852791878,3975.0,0.8071065989847716,3925.0,75.0,False,1,0
t0_5b_1p10_l1_recovery,RECOVERY_EDGE_SPECIAL_MARGIN,1.1,L1,1.01,1502.0,False,4950.0,950.0,0.1919191919191919,3900.0,0.7878787878787878,0,0.0,0,0.0,100.0,0.020202020202020204,4000.0,0.8080808080808081,3950.0,75.0,False,1,0
t0_5b_1p10_l1_recovery,RECOVERY_EDGE_SPECIAL_MARGIN,1.1,L1,1.01,1502.0,False,4975.0,950.0,0.19095477386934673,3925.0,0.7889447236180904,0,0.0,0,0.0,100.0,0.020100502512562814,4025.0,0.8090452261306532,3975.0,75.0,False,1,0
t0_5b_1p10_l1_recovery,RECOVERY_EDGE_SPECIAL_MARGIN,1.1,L1,1.01,1502.0,False,5000.0,950.0,0.19,3950.0,0.79,0,0.0,0,0.0,100.0,0.02,4050.0,0.81,4000.0,75.0,False,1,0
t0_5b_1p10_l1_recovery,RECOVERY_EDGE_SPECIAL_MARGIN,1.1,L1,1.01,1502.0,False,5025.0,950.0,0.1890547263681592,3975.0,0.7910447761194029,0,0.0,0,0.0,100.0,0.01990049751243781,4075.0,0.8109452736318408,4025.0,75.0,False,1,0
t0_5b_1p10_l1_recovery,RECOVERY_EDGE_SPECIAL_MARGIN,1.1,L1,1.01,1502.0,False,5050.0,950.0,0.18811881188118812,4000.0,0.7920792079207921,0,0.0,0,0.0,100.0,0.019801980198019802,4100.0,0.8118811881188119,4050.0,75.0,False,1,0
t0_5b_1p10_l1_recovery,RECOVERY_EDGE_SPECIAL_MARGIN,1.1,L1,1.01,1502.0,False,5075.0,950.0,0.18719211822660098,4025.0,0.7931034482758621,0,0.0,0,0.0,100.0,0.019704433497536946,4125.0,0.812807881773399,4075.0,75.0,False,1,0
t0_5b_1p10_l1_recovery,RECOVERY_EDGE_SPECIAL_MARGIN,1.1,L1,1.01,1502.0,False,5100.0,950.0,0.18627450980392157,4050.0,0.7941176470588235,0,0.0,0,0.0,100.0,0.0196078431372549,4150.0,0.8137254901960784,4100.0,75.0,False,1,0
t0_5b_1p10_l1_recovery,RECOVERY_EDGE_SPECIAL_MARGIN,1.1,L1,1.01,1502.0,False,5125.0,950.0,0.18536585365853658,4075.0,0.7951219512195122,0,0.0,0,0.0,100.0,0.01951219512195122,4175.0,0.8146341463414634,4125.0,75.0,False,1,0
t0_5b_1p10_l1_recovery,RECOVERY_EDGE_SPECIAL_MARGIN,1.1,L1,1.01,1502.0,False,5150.0,950.0,0.18446601941747573,4100.0,0.7961165048543689,0,0.0,0,0.0,100.0,0.019417475728155338,4200.0,0.8155339805825242,4150.0,75.0,False,1,0
t0_5b_1p10_l1_recovery,RECOVERY_EDGE_SPECIAL_MARGIN,1.1,L1,1.01,1502.0,False,5175.0,950.0,0.18357487922705315,4125.0,0.7971014492753623,0,0.0,0,0.0,100.0,0.01932367149758454,4225.0,0.8164251207729468,4175.0,75.0,False,1,0
t0_5b_1p10_l1_recovery,RECOVERY_EDGE_SPECIAL_MARGIN,1.1,L1,1.01,1502.0,False,5200.0,950.0,0.18269230769230768,4150.0,0.7980769230769231,0,0.0,0,0.0,100.0,0.019230769230769232,4250.0,0.8173076923076923,4200.0,75.0,False,1,0
t0_5b_1p10_l1_recovery,RECOVERY_EDGE_SPECIAL_MARGIN,1.1,L1,1.01,1502.0,False,5225.0,950.0,0.18181818181818182,4175.0,0.7990430622009569,0,0.0,0,0.0,100.0,0.019138755980861243,4275.0,0.8181818181818182,4225.0,75.0,False,1,0
t0_5b_1p10_l1_recovery,RECOVERY_EDGE_SPECIAL_MARGIN,1.1,L1,1.01,1502.0,False,5250.0,950.0,0.18095238095238095,4200.0,0.8,0,0.0,0,0.0,100.0,0.01904761904761905,4300.0,0.819047619047619,4250.0,75.0,False,1,0
t0_5b_1p10_l1_recovery,RECOVERY_EDGE_SPECIAL_MARGIN,1.1,L1,1.01,1502.0,False,5275.0,950.0,0.18009478672985782,4225.0,0.8009478672985783,0,0.0,0,0.0,100.0,0.018957345971563982,4325.0,0.8199052132701422,4275.0,75.0,False,1,0
t0_5b_1p10_l1_recovery,RECOVERY_EDGE_SPECIAL_MARGIN,1.1,L1,1.01,1502.0,False,5300.0,950.0,0.1792452830188679,4250.0,0.8018867924528302,0,0.0,0,0.0,100.0,0.018867924528301886,4350.0,0.8207547169811321,4300.0,75.0,False,1,0
t0_5b_1p10_l1_recovery,RECOVERY_EDGE_SPECIAL_MARGIN,1.1,L1,1.01,1502.0,False,5325.0,950.0,0.1784037558685446,4275.0,0.8028169014084507,0,0.0,0,0.0,100.0,0.018779342723004695,4375.0,0.8215962441314554,4325.0,75.0,False,1,0
t0_5b_1p10_l1_recovery,RECOVERY_EDGE_SPECIAL_MARGIN,1.1,L1,1.01,1502.0,False,5350.0,950.0,0.17757009345794392,4300.0,0.8037383177570093,0,0.0,0,0.0,100.0,0.018691588785046728,4400.0,0.822429906542056,4350.0,75.0,False,1,0
t0_5b_1p10_l1_recovery,RECOVERY_EDGE_SPECIAL_MARGIN,1.1,L1,1.01,1502.0,False,5375.0,950.0,0.17674418604651163,4325.0,0.8046511627906977,0,0.0,0,0.0,100.0,0.018604651162790697,4425.0,0.8232558139534883,4375.0,75.0,False,1,0
t0_5b_1p10_l1_recovery,RECOVERY_EDGE_SPECIAL_MARGIN,1.1,L1,1.01,1502.0,False,5400.0,950.0,0.17592592592592593,4350.0,0.8055555555555556,0,0.0,0,0.0,100.0,0.018518518518518517,4450.0,0.8240740740740741,4400.0,75.0,False,1,0
t0_5b_1p10_l1_recovery,RECOVERY_EDGE_SPECIAL_MARGIN,1.1,L1,1.01,1502.0,False,5425.0,950.0,0.17511520737327188,4375.0,0.8064516129032258,0,0.0,0,0.0,100.0,0.018433179723502304,4475.0,0.8248847926267281,4425.0,75.0,False,1,0
t0_5b_1p10_l1_recovery,RECOVERY_EDGE_SPECIAL_MARGIN,1.1,L1,1.01,1502.0,False,5450.0,950.0,0.1743119266055046,4400.0,0.8073394495412844,0,0.0,0,0.0,100.0,0.01834862385321101,4500.0,0.8256880733944955,4450.0,75.0,False,1,0
t0_5b_1p10_l1_recovery,RECOVERY_EDGE_SPECIAL_MARGIN,1.1,L1,1.01,1502.0,False,5475.0,950.0,0.1735159817351598,4425.0,0.8082191780821918,0,0.0,0,0.0,100.0,0.0182648401826484,4525.0,0.8264840182648402,4475.0,75.0,False,1,0
t0_5b_1p10_l1_recovery,RECOVERY_EDGE_SPECIAL_MARGIN,1.1,L1,1.01,1502.0,False,5500.0,950.0,0.17272727272727273,4450.0,0.8090909090909091,0,0.0,0,0.0,100.0,0.01818181818181818,4550.0,0.8272727272727273,4500.0,75.0,False,1,0
t0_5b_1p10_l1_recovery,RECOVERY_EDGE_SPECIAL_MARGIN,1.1,L1,1.01,1502.0,False,5525.0,950.0,0.17194570135746606,4475.0,0.8099547511312217,0,0.0,0,0.0,100.0,0.01809954751131222,4575.0,0.8280542986425339,4525.0,75.0,False,1,0
t0_5b_1p10_l1_recovery,RECOVERY_EDGE_SPECIAL_MARGIN,1.1,L1,1.01,1502.0,False,5550.0,950.0,0.17117117117117117,4500.0,0.8108108108108109,0,0.0,0,0.0,100.0,0.018018018018018018,4600.0,0.8288288288288288,4550.0,75.0,False,1,0
t0_5b_1p10_l1_recovery,RECOVERY_EDGE_SPECIAL_MARGIN,1.1,L1,1.01,1502.0,False,5575.0,950.0,0.17040358744394618,4525.0,0.8116591928251121,0,0.0,0,0.0,100.0,0.017937219730941704,4625.0,0.8295964125560538,4575.0,75.0,False,1,0
t0_5b_1p10_l1_recovery,RECOVERY_EDGE_SPECIAL_MARGIN,1.1,L1,1.01,1502.0,False,5600.0,950.0,0.16964285714285715,4550.0,0.8125,0,0.0,0,0.0,100.0,0.017857142857142856,4650.0,0.8303571428571429,4600.0,75.0,False,1,0
t0_5b_1p10_l1_recovery,RECOVERY_EDGE_SPECIAL_MARGIN,1.1,L1,1.01,1502.0,False,5625.0,950.0,0.1688888888888889,4575.0,0.8133333333333334,0,0.0,0,0.0,100.0,0.017777777777777778,4675.0,0.8311111111111111,4625.0,75.0,False,1,0
t0_5b_1p10_l1_recovery,RECOVERY_EDGE_SPECIAL_MARGIN,1.1,L1,1.01,1502.0,False,5650.0,950.0,0.168141592920354,4600.0,0.8141592920353983,0,0.0,0,0.0,100.0,0.017699115044247787,4700.0,0.831858407079646,4650.0,75.0,False,1,0
t0_5b_1p10_l1_recovery,RECOVERY_EDGE_SPECIAL_MARGIN,1.1,L1,1.01,1502.0,False,5675.0,950.0,0.16740088105726872,4625.0,0.8149779735682819,0,0.0,0,0.0,100.0,0.01762114537444934,4725.0,0.8325991189427313,4675.0,75.0,False,1,0
t0_5b_1p10_l1_recovery,RECOVERY_EDGE_SPECIAL_MARGIN,1.1,L1,1.01,1502.0,False,5700.0,950.0,0.16666666666666666,4650.0,0.8157894736842105,0,0.0,0,0.0,100.0,0.017543859649122806,4750.0,0.8333333333333334,4700.0,75.0,False,1,0
t0_5b_1p10_l1_recovery,RECOVERY_EDGE_SPECIAL_MARGIN,1.1,L1,1.01,1502.0,False,5725.0,950.0,0.16593886462882096,4675.0,0.8165938864628821,0,0.0,0,0.0,100.0,0.017467248908296942,4775.0,0.834061135371179,4725.0,75.0,False,1,0
t0_5b_1p10_l1_recovery,RECOVERY_EDGE_SPECIAL_MARGIN,1.1,L1,1.01,1502.0,False,5750.0,950.0,0.16521739130434782,4700.0,0.8173913043478261,0,0.0,0,0.0,100.0,0.017391304347826087,4800.0,0.8347826086956521,4750.0,75.0,False,1,0
t0_5b_1p10_l1_recovery,RECOVERY_EDGE_SPECIAL_MARGIN,1.1,L1,1.01,1502.0,False,5775.0,950.0,0.1645021645021645,4725.0,0.8181818181818182,0,0.0,0,0.0,100.0,0.017316017316017316,4825.0,0.8354978354978355,4775.0,75.0,False,1,0
t0_5b_1p10_l1_recovery,RECOVERY_EDGE_SPECIAL_MARGIN,1.1,L1,1.01,1502.0,False,5800.0,950.0,0.16379310344827586,4750.0,0.8189655172413793,0,0.0,0,0.0,100.0,0.017241379310344827,4850.0,0.8362068965517241,4800.0,75.0,False,1,0
t0_5b_1p10_l1_recovery,RECOVERY_EDGE_SPECIAL_MARGIN,1.1,L1,1.01,1502.0,False,5825.0,950.0,0.1630901287553648,4775.0,0.8197424892703863,0,0.0,0,0.0,100.0,0.017167381974248927,4875.0,0.8369098712446352,4825.0,75.0,False,1,0
t0_5b_1p10_l1_recovery,RECOVERY_EDGE_SPECIAL_MARGIN,1.1,L1,1.01,1502.0,False,5850.0,950.0,0.1623931623931624,4800.0,0.8205128205128205,0,0.0,0,0.0,100.0,0.017094017094017096,4900.0,0.8376068376068376,4850.0,75.0,False,1,0
t0_5b_1p10_l1_recovery,RECOVERY_EDGE_SPECIAL_MARGIN,1.1,L1,1.01,1502.0,False,5875.0,950.0,0.16170212765957448,4825.0,0.8212765957446808,0,0.0,0,0.0,100.0,0.01702127659574468,4925.0,0.8382978723404255,4875.0,75.0,False,1,0
t0_5b_1p10_l1_recovery,RECOVERY_EDGE_SPECIAL_MARGIN,1.1,L1,1.01,1502.0,False,5900.0,950.0,0.16101694915254236,4850.0,0.8220338983050848,0,0.0,0,0.0,100.0,0.01694915254237288,4950.0,0.8389830508474576,4900.0,75.0,False,1,0
t0_5b_1p10_l1_recovery,RECOVERY_EDGE_SPECIAL_MARGIN,1.1,L1,1.01,1502.0,False,5925.0,950.0,0.16033755274261605,4875.0,0.8227848101265823,0,0.0,0,0.0,100.0,0.016877637130801686,4975.0,0.8396624472573839,4925.0,75.0,False,1,0
t0_5b_1p10_l1_recovery,RECOVERY_EDGE_SPECIAL_MARGIN,1.1,L1,1.01,1502.0,False,5950.0,950.0,0.15966386554621848,4900.0,0.8235294117647058,0,0.0,0,0.0,100.0,0.01680672268907563,5000.0,0.8403361344537815,4950.0,75.0,False,1,0
t0_5b_1p10_l1_recovery,RECOVERY_EDGE_SPECIAL_MARGIN,1.1,L1,1.01,1502.0,False,5975.0,950.0,0.1589958158995816,4925.0,0.8242677824267782,0,0.0,0,0.0,100.0,0.016736401673640166,5025.0,0.8410041841004184,4975.0,75.0,False,1,0
t0_5b_1p10_l1_recovery,RECOVERY_EDGE_SPECIAL_MARGIN,1.1,L1,1.01,1502.0,False,6000.0,950.0,0.15833333333333333,4950.0,0.825,0,0.0,0,0.0,100.0,0.016666666666666666,5050.0,0.8416666666666667,5000.0,75.0,False,1,0
