*** Using c compiler /home/zhupl25/synopsys/pt_xa/xa/W-2024.09/GNU/linux64/gcc/bin/gcc instead of cc ...
                         Chronologic VCS (TM)
         Version W-2024.09_Full64 -- Tue Aug 25 12:54:59 2026

                    Copyright (c) 1991 - 2024 Synopsys, Inc.
   This software and the associated documentation are proprietary to Synopsys,
 Inc. This software may only be used in accordance with the terms and conditions
 of a written license agreement with Synopsys, Inc. All other use, reproduction,
   or distribution of this software is strictly prohibited.  Licensed Products
     communicate with Synopsys servers for the purpose of providing software
    updates, detecting software piracy and verifying that customers are using
    Licensed Products in conformity with the applicable License Key for such
  Licensed Products. Synopsys will use information gathered in connection with
    this process to deliver software updates and pursue software pirates and
                                   infringers.

 Inclusivity & Diversity - Visit SolvNetPlus to read the "Synopsys Statement on
            Inclusivity and Diversity" (Refer to article 000036315 at
                        https://solvnetplus.synopsys.com)


   LIB_GENIE TIMESTAMP: Aug 24 2024 03:17:24


   VCS_HOME: /home/synopsys/vcs/W-2024.09
   VCS_ARCH: linux64
   XA_HOME: /home/zhupl25/synopsys/pt_xa/xa/W-2024.09
   XA_ARCH: linux64
WORKING-DIR: pillar:/home/zhupl25/chiplet_side_channel/chiplet_gds_data/power_macro/delay_chain/ftc/runs/b_fe_frontend/bfe2_real_latch/l1a_vcs_xa_1p10/bfe2l_095_n

   LIB_GENIE TIMESTAMP: Aug 24 2024 03:17:24


Begin Analog Netlist Compilation ...

Info-[MSV-CASE-INSEN] Netlist compilation will be case insensitive. All letters will be converted to lower case.
      Using "set_sim_case -case lower|upper|sensitive" in '/home/zhupl25/chiplet_side_channel/chiplet_gds_data/power_macro/delay_chain/ftc/runs/b_fe_frontend/bfe2_real_latch/l1a_vcs_xa_1p10/bfe2l_095_n/xa.cfg' file to set a case.
[MSV-NPF]: Build id: 9124738
[MSV-NPF]: Command line: 
[MSV-NPF]: XA-HSPICE parser started.
[MSV-NPF]: Start to parse netlist ...
[MSV-NPF]: Parse "/home/zhupl25/chiplet_side_channel/chiplet_gds_data/power_macro/delay_chain/ftc/runs/b_fe_frontend/bfe2_real_latch/l1a_vcs_xa_1p10/bfe2l_095_n/bfe2_l1a_ams.sp"
[MSV-NPF]: Parse "/host/data/libtech/SMIC_40LL/PDK/SPDK40LL_1125_2TM_OA_CDS_V1.4/smic40ll_1125_2tm_oa_cds_1P7M_2012_10_11_v1.4/models/hspice/l0040ll_v1p4_1r.lib"
[MSV-NPF]: Parse "/host/data/libtech/SMIC_40LL/PDK/SPDK40LL_1125_2TM_OA_CDS_V1.4/smic40ll_1125_2tm_oa_cds_1P7M_2012_10_11_v1.4/models/hspice/l0040ll_v1p4_1r.mdl"
[MSV-NPF]: Parse "/host/data/libtech/SMIC_40LL/PDK/SPDK40LL_1125_2TM_OA_CDS_V1.4/smic40ll_1125_2tm_oa_cds_1P7M_2012_10_11_v1.4/models/hspice/l0040ll_lpe_v1p4_1r_n11ll.mdl"
[MSV-NPF]: Parse "/host/data/libtech/SMIC_40LL/PDK/SPDK40LL_1125_2TM_OA_CDS_V1.4/smic40ll_1125_2tm_oa_cds_1P7M_2012_10_11_v1.4/models/hspice/l0040ll_v1p4_1r.mdl"
[MSV-NPF]: Parse "/host/data/libtech/SMIC_40LL/PDK/SPDK40LL_1125_2TM_OA_CDS_V1.4/smic40ll_1125_2tm_oa_cds_1P7M_2012_10_11_v1.4/models/hspice/l0040ll_lpe_v1p4_1r_p11ll.mdl"
[MSV-NPF]: Parse "/host/data/libtech/SMIC_40LL/PDK/SPDK40LL_1125_2TM_OA_CDS_V1.4/smic40ll_1125_2tm_oa_cds_1P7M_2012_10_11_v1.4/models/hspice/l0040ll_v1p4_1r.mdl"
[MSV-NPF]: Parse "/host/data/libtech/SMIC_40LL/PDK/SPDK40LL_1125_2TM_OA_CDS_V1.4/smic40ll_1125_2tm_oa_cds_1P7M_2012_10_11_v1.4/models/hspice/l0040ll_lpe_v1p4_1r_nhvt11ll.mdl"
[MSV-NPF]: Parse "/host/data/libtech/SMIC_40LL/PDK/SPDK40LL_1125_2TM_OA_CDS_V1.4/smic40ll_1125_2tm_oa_cds_1P7M_2012_10_11_v1.4/models/hspice/l0040ll_v1p4_1r.mdl"
[MSV-NPF]: Parse "/host/data/libtech/SMIC_40LL/PDK/SPDK40LL_1125_2TM_OA_CDS_V1.4/smic40ll_1125_2tm_oa_cds_1P7M_2012_10_11_v1.4/models/hspice/l0040ll_lpe_v1p4_1r_phvt11ll.mdl"
[MSV-NPF]: Parse "/host/data/libtech/SMIC_40LL/PDK/SPDK40LL_1125_2TM_OA_CDS_V1.4/smic40ll_1125_2tm_oa_cds_1P7M_2012_10_11_v1.4/models/hspice/l0040ll_v1p4_1r.mdl"
[MSV-NPF]: Parse "/host/data/libtech/SMIC_40LL/PDK/SPDK40LL_1125_2TM_OA_CDS_V1.4/smic40ll_1125_2tm_oa_cds_1P7M_2012_10_11_v1.4/models/hspice/l0040ll_lpe_v1p4_1r_nlvt11ll.mdl"
[MSV-NPF]: Parse "/host/data/libtech/SMIC_40LL/PDK/SPDK40LL_1125_2TM_OA_CDS_V1.4/smic40ll_1125_2tm_oa_cds_1P7M_2012_10_11_v1.4/models/hspice/l0040ll_v1p4_1r.mdl"
[MSV-NPF]: Parse "/host/data/libtech/SMIC_40LL/PDK/SPDK40LL_1125_2TM_OA_CDS_V1.4/smic40ll_1125_2tm_oa_cds_1P7M_2012_10_11_v1.4/models/hspice/l0040ll_lpe_v1p4_1r_plvt11ll.mdl"
[MSV-NPF]: Parse "/host/data/libtech/SMIC_40LL/PDK/SPDK40LL_1125_2TM_OA_CDS_V1.4/smic40ll_1125_2tm_oa_cds_1P7M_2012_10_11_v1.4/models/hspice/l0040ll_v1p4_1r.mdl"
[MSV-NPF]: Parse "/host/data/libtech/SMIC_40LL/PDK/SPDK40LL_1125_2TM_OA_CDS_V1.4/smic40ll_1125_2tm_oa_cds_1P7M_2012_10_11_v1.4/models/hspice/l0040ll_v1p4_1r.mdl"
[MSV-NPF]: Parse "/host/data/libtech/SMIC_40LL/PDK/SPDK40LL_1125_2TM_OA_CDS_V1.4/smic40ll_1125_2tm_oa_cds_1P7M_2012_10_11_v1.4/models/hspice/l0040ll_lpe_v1p4_1r_n25ll.mdl"
[MSV-NPF]: Parse "/host/data/libtech/SMIC_40LL/PDK/SPDK40LL_1125_2TM_OA_CDS_V1.4/smic40ll_1125_2tm_oa_cds_1P7M_2012_10_11_v1.4/models/hspice/l0040ll_v1p4_1r.mdl"
[MSV-NPF]: Parse "/host/data/libtech/SMIC_40LL/PDK/SPDK40LL_1125_2TM_OA_CDS_V1.4/smic40ll_1125_2tm_oa_cds_1P7M_2012_10_11_v1.4/models/hspice/l0040ll_lpe_v1p4_1r_nod33ll.mdl"
[MSV-NPF]: Parse "/host/data/libtech/SMIC_40LL/PDK/SPDK40LL_1125_2TM_OA_CDS_V1.4/smic40ll_1125_2tm_oa_cds_1P7M_2012_10_11_v1.4/models/hspice/l0040ll_v1p4_1r.mdl"
[MSV-NPF]: Parse "/host/data/libtech/SMIC_40LL/PDK/SPDK40LL_1125_2TM_OA_CDS_V1.4/smic40ll_1125_2tm_oa_cds_1P7M_2012_10_11_v1.4/models/hspice/l0040ll_lpe_v1p4_1r_nud18ll.mdl"
[MSV-NPF]: Parse "/host/data/libtech/SMIC_40LL/PDK/SPDK40LL_1125_2TM_OA_CDS_V1.4/smic40ll_1125_2tm_oa_cds_1P7M_2012_10_11_v1.4/models/hspice/l0040ll_v1p4_1r.mdl"
[MSV-NPF]: Parse "/host/data/libtech/SMIC_40LL/PDK/SPDK40LL_1125_2TM_OA_CDS_V1.4/smic40ll_1125_2tm_oa_cds_1P7M_2012_10_11_v1.4/models/hspice/l0040ll_lpe_v1p4_1r_p25ll.mdl"
[MSV-NPF]: Parse "/host/data/libtech/SMIC_40LL/PDK/SPDK40LL_1125_2TM_OA_CDS_V1.4/smic40ll_1125_2tm_oa_cds_1P7M_2012_10_11_v1.4/models/hspice/l0040ll_v1p4_1r.mdl"
[MSV-NPF]: Parse "/host/data/libtech/SMIC_40LL/PDK/SPDK40LL_1125_2TM_OA_CDS_V1.4/smic40ll_1125_2tm_oa_cds_1P7M_2012_10_11_v1.4/models/hspice/l0040ll_lpe_v1p4_1r_pod33ll.mdl"
[MSV-NPF]: Parse "/host/data/libtech/SMIC_40LL/PDK/SPDK40LL_1125_2TM_OA_CDS_V1.4/smic40ll_1125_2tm_oa_cds_1P7M_2012_10_11_v1.4/models/hspice/l0040ll_v1p4_1r.mdl"
[MSV-NPF]: Parse "/host/data/libtech/SMIC_40LL/PDK/SPDK40LL_1125_2TM_OA_CDS_V1.4/smic40ll_1125_2tm_oa_cds_1P7M_2012_10_11_v1.4/models/hspice/l0040ll_lpe_v1p4_1r_pud18ll.mdl"
[MSV-NPF]: Parse "/host/data/libtech/SMIC_40LL/PDK/SPDK40LL_1125_2TM_OA_CDS_V1.4/smic40ll_1125_2tm_oa_cds_1P7M_2012_10_11_v1.4/models/hspice/l0040ll_v1p4_1r.mdl"
[MSV-NPF]: Parse "/host/data/libtech/SMIC_40LL/PDK/SPDK40LL_1125_2TM_OA_CDS_V1.4/smic40ll_1125_2tm_oa_cds_1P7M_2012_10_11_v1.4/models/hspice/l0040ll_v1p4_1r.mdl"
[MSV-NPF]: Parse "/host/data/libtech/SMIC_40LL/PDK/SPDK40LL_1125_2TM_OA_CDS_V1.4/smic40ll_1125_2tm_oa_cds_1P7M_2012_10_11_v1.4/models/hspice/l0040ll_v1p4_1r.mdl"
[MSV-NPF]: Parse "/host/data/libtech/SMIC_40LL/PDK/SPDK40LL_1125_2TM_OA_CDS_V1.4/smic40ll_1125_2tm_oa_cds_1P7M_2012_10_11_v1.4/models/hspice/l0040ll_v1p4_1r.mdl"
[MSV-NPF]: Parse "/host/data/libtech/SMIC_40LL/PDK/SPDK40LL_1125_2TM_OA_CDS_V1.4/smic40ll_1125_2tm_oa_cds_1P7M_2012_10_11_v1.4/models/hspice/l0040ll_lpe_v1p4_1r_n11ll.mdl"
[MSV-NPF]: Parse "/host/data/libtech/SMIC_40LL/PDK/SPDK40LL_1125_2TM_OA_CDS_V1.4/smic40ll_1125_2tm_oa_cds_1P7M_2012_10_11_v1.4/models/hspice/l0040ll_v1p4_1r.mdl"
[MSV-NPF]: Parse "/host/data/libtech/SMIC_40LL/PDK/SPDK40LL_1125_2TM_OA_CDS_V1.4/smic40ll_1125_2tm_oa_cds_1P7M_2012_10_11_v1.4/models/hspice/l0040ll_lpe_v1p4_1r_nhvt11ll.mdl"
[MSV-NPF]: Parse "/host/data/libtech/SMIC_40LL/PDK/SPDK40LL_1125_2TM_OA_CDS_V1.4/smic40ll_1125_2tm_oa_cds_1P7M_2012_10_11_v1.4/models/hspice/l0040ll_v1p4_1r.mdl"
[MSV-NPF]: Parse "/host/data/libtech/SMIC_40LL/PDK/SPDK40LL_1125_2TM_OA_CDS_V1.4/smic40ll_1125_2tm_oa_cds_1P7M_2012_10_11_v1.4/models/hspice/l0040ll_lpe_v1p4_1r_nlvt11ll.mdl"
[MSV-NPF]: Parse "/host/data/libtech/SMIC_40LL/PDK/SPDK40LL_1125_2TM_OA_CDS_V1.4/smic40ll_1125_2tm_oa_cds_1P7M_2012_10_11_v1.4/models/hspice/l0040ll_v1p4_1r.mdl"
[MSV-NPF]: Parse "/host/data/libtech/SMIC_40LL/PDK/SPDK40LL_1125_2TM_OA_CDS_V1.4/smic40ll_1125_2tm_oa_cds_1P7M_2012_10_11_v1.4/models/hspice/l0040ll_lpe_v1p4_1r_n25ll.mdl"
[MSV-NPF]: Parse "/host/data/libtech/SMIC_40LL/PDK/SPDK40LL_1125_2TM_OA_CDS_V1.4/smic40ll_1125_2tm_oa_cds_1P7M_2012_10_11_v1.4/models/hspice/l0040ll_v1p4_1r.mdl"
[MSV-NPF]: Parse "/host/data/libtech/SMIC_40LL/PDK/SPDK40LL_1125_2TM_OA_CDS_V1.4/smic40ll_1125_2tm_oa_cds_1P7M_2012_10_11_v1.4/models/hspice/l0040ll_lpe_v1p4_1r_nod33ll.mdl"
[MSV-NPF]: Parse "/host/data/libtech/SMIC_40LL/PDK/SPDK40LL_1125_2TM_OA_CDS_V1.4/smic40ll_1125_2tm_oa_cds_1P7M_2012_10_11_v1.4/models/hspice/l0040ll_v1p4_1r.mdl"
[MSV-NPF]: Parse "/host/data/libtech/SMIC_40LL/PDK/SPDK40LL_1125_2TM_OA_CDS_V1.4/smic40ll_1125_2tm_oa_cds_1P7M_2012_10_11_v1.4/models/hspice/l0040ll_lpe_v1p4_1r_nud18ll.mdl"
[MSV-NPF]: Parse "/home/zhupl25/chiplet_side_channel/chiplet_gds_data/chiplets/FIR/syn/runs/fir_smic40ll_tt_1310ps_spice_20260722_r1/spice/sc9mc_logic0040ll_base_rvt_c40.hspice.cdl"
[MSV-NPF]: Parse "/host/data/libtech/SMIC_40LL/ARM_SMIC40LL_Library_20131105/SMIC_log40ll_sc9mc/arm/smic/logic0040ll/sc9mc_base_lvt_c40/r0p1/cdl/sc9mc_logic0040ll_base_lvt_c40.cdl"
[MSV-NPF]: Parse "empty_subckt.sp_cal"
[MSV-NPF]: Parse "/home/zhupl25/chiplet_side_channel/chiplet_gds_data/power_macro/delay_chain/ftc/spice/empty_subckt.sp_cal"
[MSV-NPF]: Parse "/home/zhupl25/chiplet_side_channel/chiplet_gds_data/power_macro/delay_chain/ftc/runs/b_fe_frontend/bfe2_real_latch/l1a_vcs_xa_1p10/bfe2l_095_n/bfe2_l1a_ams_wrapper.sp"
[MSV-NPF]: Parse netlist done. Stage cpu time: 0 s, wall time: 0 s. Memory: 27 MB Peak Memory: 28 MB
[MSV-NPF]: Start to build NTL DB ...
[MSV-NPF]: Launching parser 2.0
[MSV-NPF]:  Start to build database ... 
[MSV-NPF]: <NOTE>:d_diode_xd0 processed as generic-model element
[MSV-NPF]: <NOTE>:d_diode_xd0 processed as generic-model element
DVP: [MSV-NPF]: Clean up ND database.
[MSV-NPF]:   Building connectivity for subckt  ... 
[MSV-NPF]:   Building connectivity for subckt nand3_x6a_a9tl40 ... 
[MSV-NPF]:   Building connectivity for subckt nlvt11ll_ckt ... 
[MSV-NPF]:   Building connectivity for subckt plvt11ll_ckt ... 
[MSV-NPF]:   Building connectivity for subckt endcaptie3_a9tl40 ... 
[MSV-NPF]:   Building connectivity for subckt nand4b_x0p7m_a9tr40 ... 
[MSV-NPF]:   Building connectivity for subckt n11ll_ckt ... 
[MSV-NPF]:   Building connectivity for subckt p11ll_ckt ... 
[MSV-NPF]:   Building connectivity for subckt oai2xb1_x4m_a9tl40 ... 
[MSV-NPF]:   Building connectivity for subckt inv_x7p5b_a9tr40 ... 
[MSV-NPF]:   Building connectivity for subckt oai2xb1_x6m_a9tl40 ... 
[MSV-NPF]:   Building connectivity for subckt oai22_x0p5m_a9tl40 ... 
[MSV-NPF]:   Building connectivity for subckt sdffqn_x1m_a9tr40 ... 
[MSV-NPF]:   Building connectivity for subckt buf_x6b_a9tr40 ... 
[MSV-NPF]:   Building connectivity for subckt nhvt11ll_ckt ... 
[MSV-NPF]:   Building connectivity for subckt benc_x6m_a9tl40 ... 
[MSV-NPF]:   Building connectivity for subckt phvt11ll_ckt ... 
[MSV-NPF]:   Building connectivity for subckt a2sdffq_x0p5m_a9tl40 ... 
[MSV-NPF]:   Building connectivity for subckt sdffsrpq_x4m_a9tl40 ... 
[MSV-NPF]:   Building connectivity for subckt oa21a1oi2_x1p4m_a9tr40 ... 
[MSV-NPF]:   Building connectivity for subckt nt11ll_ckt ... 
[MSV-NPF]:   Building connectivity for subckt oai211_x3m_a9tl40 ... 
[MSV-NPF]:   Building connectivity for subckt n25ll_ckt ... 
[MSV-NPF]:   Building connectivity for subckt inv_x0p5m_a9tr40 ... 
[MSV-NPF]:   Building connectivity for subckt nod33ll_ckt ... 
[MSV-NPF]:   Building connectivity for subckt posticg_x6b_a9tr40 ... 
[MSV-NPF]:   Building connectivity for subckt nud18ll_ckt ... 
[MSV-NPF]:   Building connectivity for subckt oai22bb_x8m_a9tl40 ... 
[MSV-NPF]:   Building connectivity for subckt p25ll_ckt ... 
[MSV-NPF]:   Building connectivity for subckt inv_x2p5m_a9tr40 ... 
[MSV-NPF]:   Building connectivity for subckt buf_x9b_a9tr40 ... 
[MSV-NPF]:   Building connectivity for subckt pod33ll_ckt ... 
[MSV-NPF]:   Building connectivity for subckt oa21b_x1m_a9tl40 ... 
[MSV-NPF]:   Building connectivity for subckt cgeni_x1p4m_a9tr40 ... 
[MSV-NPF]:   Building connectivity for subckt pud18ll_ckt ... 
[MSV-NPF]:   Building connectivity for subckt bmxit_x1p4m_a9tl40 ... 
[MSV-NPF]:   Building connectivity for subckt or2_x0p7b_a9tr40 ... 
[MSV-NPF]:   Building connectivity for subckt oa22_x6m_a9tr40 ... 
[MSV-NPF]:   Building connectivity for subckt nt25ll_ckt ... 
[MSV-NPF]:   Building connectivity for subckt ntod33ll_ckt ... 
[MSV-NPF]:   Building connectivity for subckt ntud18ll_ckt ... 
[MSV-NPF]:   Building connectivity for subckt inv_x0p7b_a9tl40 ... 
[MSV-NPF]:   Building connectivity for subckt and3_x4m_a9tl40 ... 
[MSV-NPF]:   Building connectivity for subckt addf_x1p4m_a9tl40 ... 
[MSV-NPF]:   Building connectivity for subckt sdffnsrpq_x3m_a9tr40 ... 
[MSV-NPF]:   Building connectivity for subckt n11ll_dnw_ckt ... 
[MSV-NPF]:   Building connectivity for subckt xor3_x2m_a9tl40 ... 
[MSV-NPF]:   Building connectivity for subckt oai21b_x3m_a9tl40 ... 
[MSV-NPF]:   Building connectivity for subckt nand3_x3m_a9tl40 ... 
[MSV-NPF]:   Building connectivity for subckt buf_x1b_a9tl40 ... 
[MSV-NPF]:   Building connectivity for subckt nhvt11ll_dnw_ckt ... 
[MSV-NPF]:   Building connectivity for subckt and2_x8m_a9tr40 ... 
[MSV-NPF]:   Building connectivity for subckt nlvt11ll_dnw_ckt ... 
[MSV-NPF]:   Building connectivity for subckt fill16_a9tl40 ... 
[MSV-NPF]:   Building connectivity for subckt n25ll_dnw_ckt ... 
[MSV-NPF]:   Building connectivity for subckt bufz_x1p4m_a9tr40 ... 
[MSV-NPF]:   Building connectivity for subckt nod33ll_dnw_ckt ... 
[MSV-NPF]:   Building connectivity for subckt sdffsqn_x0p5m_a9tl40 ... 
[MSV-NPF]:   Building connectivity for subckt nud18ll_dnw_ckt ... 
[MSV-NPF]:   Building connectivity for subckt dffsq_x2m_a9tl40 ... 
[MSV-NPF]:   Building connectivity for subckt a2sdffqn_x0p5m_a9tr40 ... 
[MSV-NPF]:   Building connectivity for subckt ao1b2_x4m_a9tr40 ... 
[MSV-NPF]:   Building connectivity for subckt a2sdffqn_x1m_a9tr40 ... 
[MSV-NPF]:   Building connectivity for subckt a2sdffqn_x2m_a9tr40 ... 
[MSV-NPF]:   Building connectivity for subckt a2sdffqn_x3m_a9tr40 ... 
[MSV-NPF]:   Building connectivity for subckt oai31_x1m_a9tl40 ... 
[MSV-NPF]:   Building connectivity for subckt dffqn_x2m_a9tl40 ... 
[MSV-NPF]:   Building connectivity for subckt a2sdffq_x0p5m_a9tr40 ... 
[MSV-NPF]:   Building connectivity for subckt a2sdffq_x1m_a9tr40 ... 
[MSV-NPF]:   Building connectivity for subckt a2sdffq_x2m_a9tr40 ... 
[MSV-NPF]:   Building connectivity for subckt oa21a1oi2_x1m_a9tl40 ... 
[MSV-NPF]:   Building connectivity for subckt dlyclk8s4_x1b_a9tl40 ... 
[MSV-NPF]:   Building connectivity for subckt a2sdffq_x3m_a9tr40 ... 
[MSV-NPF]:   Building connectivity for subckt oa21a1oi2_x2m_a9tl40 ... 
[MSV-NPF]:   Building connectivity for subckt a2sdffq_x4m_a9tr40 ... 
[MSV-NPF]:   Building connectivity for subckt addfcin_x1m_a9tr40 ... 
[MSV-NPF]:   Building connectivity for subckt addfcin_x1p4m_a9tr40 ... 
[MSV-NPF]:   Building connectivity for subckt xor2_x0p7m_a9tr40 ... 
[MSV-NPF]:   Building connectivity for subckt posticg_x0p8b_a9tr40 ... 
[MSV-NPF]:   Building connectivity for subckt addfcin_x2m_a9tr40 ... 
[MSV-NPF]:   Building connectivity for subckt posticg_x0p6b_a9tr40 ... 
[MSV-NPF]:   Building connectivity for subckt addfh_x1m_a9tr40 ... 
[MSV-NPF]:   Building connectivity for subckt preicg_x3b_a9tl40 ... 
[MSV-NPF]:   Building connectivity for subckt dffrpq_x1m_a9tr40 ... 
[MSV-NPF]:   Building connectivity for subckt addfh_x1p4m_a9tr40 ... 
[MSV-NPF]:   Building connectivity for subckt xor3_x0p7m_a9tl40 ... 
[MSV-NPF]:   Building connectivity for subckt posticg_x0p7b_a9tr40 ... 
[MSV-NPF]:   Building connectivity for subckt buf_x2p5m_a9tr40 ... 
[MSV-NPF]:   Building connectivity for subckt addfh_x2m_a9tr40 ... 
[MSV-NPF]:   Building connectivity for subckt addf_x1m_a9tr40 ... 
[MSV-NPF]:   Building connectivity for subckt mxit2_x1m_a9tl40 ... 
[MSV-NPF]:   Building connectivity for subckt aoi2xb1_x1m_a9tl40 ... 
[MSV-NPF]:   Building connectivity for subckt inv_x0p7b_a9tr40 ... 
[MSV-NPF]:   Building connectivity for subckt and3_x4m_a9tr40 ... 
[MSV-NPF]:   Building connectivity for subckt addf_x1p4m_a9tr40 ... 
[MSV-NPF]:   Building connectivity for subckt addf_x2m_a9tr40 ... 
[MSV-NPF]:   Building connectivity for subckt mxit2_x0p5m_a9tl40 ... 
[MSV-NPF]:   Building connectivity for subckt addh_x1m_a9tr40 ... 
[MSV-NPF]:   Building connectivity for subckt xor2_x1p4m_a9tr40 ... 
[MSV-NPF]:   Building connectivity for subckt nand2xb_x0p7m_a9tr40 ... 
[MSV-NPF]:   Building connectivity for subckt addh_x1p4m_a9tr40 ... 
[MSV-NPF]:   Building connectivity for subckt addh_x2m_a9tr40 ... 
[MSV-NPF]:   Building connectivity for subckt bufh_x11m_a9tr40 ... 
[MSV-NPF]:   Building connectivity for subckt and2_x0p5b_a9tr40 ... 
[MSV-NPF]:   Building connectivity for subckt oa1b2_x1p4m_a9tr40 ... 
[MSV-NPF]:   Building connectivity for subckt nand2xb_x2m_a9tr40 ... 
[MSV-NPF]:   Building connectivity for subckt latnspq_x3m_a9tr40 ... 
[MSV-NPF]:   Building connectivity for subckt and2_x0p5m_a9tr40 ... 
[MSV-NPF]:   Building connectivity for subckt bufh_x13m_a9tr40 ... 
[MSV-NPF]:   Building connectivity for subckt and2_x0p7b_a9tr40 ... 
[MSV-NPF]:   Building connectivity for subckt nand2xb_x4m_a9tr40 ... 
[MSV-NPF]:   Building connectivity for subckt and2_x0p7m_a9tr40 ... 
[MSV-NPF]:   Building connectivity for subckt oai221_x1m_a9tl40 ... 
[MSV-NPF]:   Building connectivity for subckt and2_x11b_a9tr40 ... 
[MSV-NPF]:   Building connectivity for subckt and2_x11m_a9tr40 ... 
[MSV-NPF]:   Building connectivity for subckt fricg_x0p6b_a9tl40 ... 
[MSV-NPF]:   Building connectivity for subckt cgencin_x1m_a9tr40 ... 
[MSV-NPF]:   Building connectivity for subckt and2_x1b_a9tr40 ... 
[MSV-NPF]:   Building connectivity for subckt latnsqn_x4m_a9tl40 ... 
[MSV-NPF]:   Building connectivity for subckt latnrpqn_x2m_a9tl40 ... 
[MSV-NPF]:   Building connectivity for subckt and2_x1m_a9tr40 ... 
[MSV-NPF]:   Building connectivity for subckt oai211_x4m_a9tl40 ... 
[MSV-NPF]:   Building connectivity for subckt nand3bb_x1m_a9tl40 ... 
[MSV-NPF]:   Building connectivity for subckt fillsgcap4_a9tr40 ... 
[MSV-NPF]:   Building connectivity for subckt and2_x1p4b_a9tr40 ... 
[MSV-NPF]:   Building connectivity for subckt nor3_x1m_a9tl40 ... 
[MSV-NPF]:   Building connectivity for subckt aoi21b_x0p7m_a9tl40 ... 
[MSV-NPF]:   Building connectivity for subckt and2_x1p4m_a9tr40 ... 
[MSV-NPF]:   Building connectivity for subckt fricg_x0p7b_a9tl40 ... 
[MSV-NPF]:   Building connectivity for subckt cgencin_x2m_a9tr40 ... 
[MSV-NPF]:   Building connectivity for subckt bufh_x0p7m_a9tr40 ... 
[MSV-NPF]:   Building connectivity for subckt and2_x2b_a9tr40 ... 
[MSV-NPF]:   Building connectivity for subckt nor3_x1p4a_a9tl40 ... 
[MSV-NPF]:   Building connectivity for subckt and2_x2m_a9tr40 ... 
[MSV-NPF]:   Building connectivity for subckt fricg_x0p8b_a9tl40 ... 
[MSV-NPF]:   Building connectivity for subckt bufh_x0p8m_a9tr40 ... 
[MSV-NPF]:   Building connectivity for subckt and2_x3b_a9tr40 ... 
[MSV-NPF]:   Building connectivity for subckt and2_x3m_a9tr40 ... 
[MSV-NPF]:   Building connectivity for subckt and2_x4b_a9tr40 ... 
[MSV-NPF]:   Building connectivity for subckt and2_x4m_a9tr40 ... 
[MSV-NPF]:   Building connectivity for subckt mxgl2_x0p5b_a9tl40 ... 
[MSV-NPF]:   Building connectivity for subckt or3_x2m_a9tr40 ... 
[MSV-NPF]:   Building connectivity for subckt and2_x6b_a9tr40 ... 
[MSV-NPF]:   Building connectivity for subckt oa21a1oi2_x0p5m_a9tl40 ... 
[MSV-NPF]:   Building connectivity for subckt and2_x6m_a9tr40 ... 
[MSV-NPF]:   Building connectivity for subckt mxgl2_x0p7b_a9tl40 ... 
[MSV-NPF]:   Building connectivity for subckt or3_x4m_a9tr40 ... 
[MSV-NPF]:   Building connectivity for subckt antenna1_a9tr40 ... 
[MSV-NPF]:   Building connectivity for subckt and2_x8b_a9tr40 ... 
[MSV-NPF]:   Building connectivity for subckt buf_x3m_a9tl40 ... 
[MSV-NPF]:   Building connectivity for subckt bufz_x4m_a9tl40 ... 
[MSV-NPF]:   Building connectivity for subckt and3_x0p5m_a9tr40 ... 
[MSV-NPF]:   Building connectivity for subckt buf_x5m_a9tl40 ... 
[MSV-NPF]:   Building connectivity for subckt bufz_x6m_a9tl40 ... 
[MSV-NPF]:   Building connectivity for subckt ao21b_x0p5m_a9tr40 ... 
[MSV-NPF]:   Building connectivity for subckt and3_x0p7m_a9tr40 ... 
[MSV-NPF]:   Building connectivity for subckt and3_x11m_a9tr40 ... 
[MSV-NPF]:   Building connectivity for subckt a2sdffq_x2m_a9tl40 ... 
[MSV-NPF]:   Building connectivity for subckt and3_x1m_a9tr40 ... 
[MSV-NPF]:   Building connectivity for subckt aoi32_x6m_a9tr40 ... 
[MSV-NPF]:   Building connectivity for subckt and3_x1p4m_a9tr40 ... 
[MSV-NPF]:   Building connectivity for subckt inv_x0p5b_a9tr40 ... 
[MSV-NPF]:   Building connectivity for subckt and3_x2m_a9tr40 ... 
[MSV-NPF]:   Building connectivity for subckt a2sdffq_x4m_a9tl40 ... 
[MSV-NPF]:   Building connectivity for subckt and3_x3m_a9tr40 ... 
[MSV-NPF]:   Building connectivity for subckt mxit2_x3m_a9tl40 ... 
[MSV-NPF]:   Building connectivity for subckt and3_x6m_a9tr40 ... 
[MSV-NPF]:   Building connectivity for subckt rf1r1ws_x1m_a9tl40 ... 
[MSV-NPF]:   Building connectivity for subckt ao21b_x1m_a9tr40 ... 
[MSV-NPF]:   Building connectivity for subckt and3_x8m_a9tr40 ... 
[MSV-NPF]:   Building connectivity for subckt oai31_x0p5m_a9tr40 ... 
[MSV-NPF]:   Building connectivity for subckt mxgl2_x1p4b_a9tr40 ... 
[MSV-NPF]:   Building connectivity for subckt and4_x0p5m_a9tr40 ... 
[MSV-NPF]:   Building connectivity for subckt oai31_x0p7m_a9tr40 ... 
[MSV-NPF]:   Building connectivity for subckt and4_x0p7m_a9tr40 ... 
[MSV-NPF]:   Building connectivity for subckt and4_x1m_a9tr40 ... 
[MSV-NPF]:   Building connectivity for subckt and4_x1p4m_a9tr40 ... 
[MSV-NPF]:   Building connectivity for subckt and2_x1m_a9tl40 ... 
[MSV-NPF]:   Building connectivity for subckt ao21_x2m_a9tr40 ... 
[MSV-NPF]:   Building connectivity for subckt and4_x2m_a9tr40 ... 
[MSV-NPF]:   Building connectivity for subckt and2_x2m_a9tl40 ... 
[MSV-NPF]:   Building connectivity for subckt and4_x3m_a9tr40 ... 
[MSV-NPF]:   Building connectivity for subckt and2_x3m_a9tl40 ... 
[MSV-NPF]:   Building connectivity for subckt and4_x4m_a9tr40 ... 
[MSV-NPF]:   Building connectivity for subckt fillsgcap64_a9tl40 ... 
[MSV-NPF]:   Building connectivity for subckt and4_x6m_a9tr40 ... 
[MSV-NPF]:   Building connectivity for subckt and4_x8m_a9tr40 ... 
[MSV-NPF]:   Building connectivity for subckt mxit2_x1p4m_a9tr40 ... 
[MSV-NPF]:   Building connectivity for subckt ao1b2_x0p5m_a9tr40 ... 
[MSV-NPF]:   Building connectivity for subckt latspq_x1m_a9tl40 ... 
[MSV-NPF]:   Building connectivity for subckt ao21_x6m_a9tr40 ... 
[MSV-NPF]:   Building connectivity for subckt ao1b2_x0p7m_a9tr40 ... 
[MSV-NPF]:   Building connectivity for subckt ao1b2_x1m_a9tr40 ... 
[MSV-NPF]:   Building connectivity for subckt aoi222_x0p7m_a9tr40 ... 
[MSV-NPF]:   Building connectivity for subckt ao1b2_x1p4m_a9tr40 ... 
[MSV-NPF]:   Building connectivity for subckt ao1b2_x2m_a9tr40 ... 
[MSV-NPF]:   Building connectivity for subckt oa211_x1p4m_a9tr40 ... 
[MSV-NPF]:   Building connectivity for subckt ao1b2_x3m_a9tr40 ... 
[MSV-NPF]:   Building connectivity for subckt nand4b_x0p7m_a9tl40 ... 
[MSV-NPF]:   Building connectivity for subckt ao1b2_x6m_a9tr40 ... 
[MSV-NPF]:   Building connectivity for subckt latnrpqn_x3m_a9tr40 ... 
[MSV-NPF]:   Building connectivity for subckt ao21a1ai2_x0p5m_a9tr40 ... 
[MSV-NPF]:   Building connectivity for subckt ao21a1ai2_x0p7m_a9tr40 ... 
[MSV-NPF]:   Building connectivity for subckt nand2b_x4m_a9tl40 ... 
[MSV-NPF]:   Building connectivity for subckt nand2_x8m_a9tr40 ... 
[MSV-NPF]:   Building connectivity for subckt ao21a1ai2_x1m_a9tr40 ... 
[MSV-NPF]:   Building connectivity for subckt ao21b_x2m_a9tl40 ... 
[MSV-NPF]:   Building connectivity for subckt oa1b2_x3m_a9tr40 ... 
[MSV-NPF]:   Building connectivity for subckt ao21a1ai2_x1p4m_a9tr40 ... 
[MSV-NPF]:   Building connectivity for subckt nor2b_x8m_a9tl40 ... 
[MSV-NPF]:   Building connectivity for subckt or2_x3b_a9tr40 ... 
[MSV-NPF]:   Building connectivity for subckt ao21a1ai2_x2m_a9tr40 ... 
[MSV-NPF]:   Building connectivity for subckt nand2b_x6m_a9tl40 ... 
[MSV-NPF]:   Building connectivity for subckt ao21a1ai2_x3m_a9tr40 ... 
[MSV-NPF]:   Building connectivity for subckt sdffsrpq_x1m_a9tl40 ... 
[MSV-NPF]:   Building connectivity for subckt fillcap64_a9tl40 ... 
[MSV-NPF]:   Building connectivity for subckt ao21a1ai2_x4m_a9tr40 ... 
[MSV-NPF]:   Building connectivity for subckt sdffsrpq_x3m_a9tl40 ... 
[MSV-NPF]:   Building connectivity for subckt ao21a1ai2_x6m_a9tr40 ... 
[MSV-NPF]:   Building connectivity for subckt bufz_x8m_a9tl40 ... 
[MSV-NPF]:   Building connectivity for subckt esdffq_x1m_a9tr40 ... 
[MSV-NPF]:   Building connectivity for subckt ao21b_x0p7m_a9tr40 ... 
[MSV-NPF]:   Building connectivity for subckt sdffnsq_x2m_a9tl40 ... 
[MSV-NPF]:   Building connectivity for subckt ao21b_x1p4m_a9tr40 ... 
[MSV-NPF]:   Building connectivity for subckt rf1r1ws_x2m_a9tl40 ... 
[MSV-NPF]:   Building connectivity for subckt or2_x1m_a9tl40 ... 
[MSV-NPF]:   Building connectivity for subckt ao21b_x2m_a9tr40 ... 
[MSV-NPF]:   Building connectivity for subckt or2_x2m_a9tl40 ... 
[MSV-NPF]:   Building connectivity for subckt ao21b_x3m_a9tr40 ... 
[MSV-NPF]:   Building connectivity for subckt or2_x3m_a9tl40 ... 
[MSV-NPF]:   Building connectivity for subckt ao21b_x4m_a9tr40 ... 
[MSV-NPF]:   Building connectivity for subckt ao21b_x6m_a9tr40 ... 
[MSV-NPF]:   Building connectivity for subckt ao21_x0p5m_a9tr40 ... 
[MSV-NPF]:   Building connectivity for subckt nand2_x2a_a9tl40 ... 
[MSV-NPF]:   Building connectivity for subckt aoi222_x2m_a9tr40 ... 
[MSV-NPF]:   Building connectivity for subckt aoi221_x1p4m_a9tr40 ... 
[MSV-NPF]:   Building connectivity for subckt ao21_x0p7m_a9tr40 ... 
[MSV-NPF]:   Building connectivity for subckt ao21_x1m_a9tr40 ... 
[MSV-NPF]:   Building connectivity for subckt ao21_x1p4m_a9tr40 ... 
[MSV-NPF]:   Building connectivity for subckt ao21_x3m_a9tr40 ... 
[MSV-NPF]:   Building connectivity for subckt nor2_x1p4a_a9tl40 ... 
[MSV-NPF]:   Building connectivity for subckt ao21_x4m_a9tr40 ... 
[MSV-NPF]:   Building connectivity for subckt oa21_x4m_a9tl40 ... 
[MSV-NPF]:   Building connectivity for subckt ao22_x0p5m_a9tr40 ... 
[MSV-NPF]:   Building connectivity for subckt oa21_x6m_a9tl40 ... 
[MSV-NPF]:   Building connectivity for subckt aoi222_x1p4m_a9tr40 ... 
[MSV-NPF]:   Building connectivity for subckt ao22_x0p7m_a9tr40 ... 
[MSV-NPF]:   Building connectivity for subckt ao22_x1m_a9tr40 ... 
[MSV-NPF]:   Building connectivity for subckt ao22_x1p4m_a9tr40 ... 
[MSV-NPF]:   Building connectivity for subckt ao22_x2m_a9tr40 ... 
[MSV-NPF]:   Building connectivity for subckt ao22_x3m_a9tr40 ... 
[MSV-NPF]:   Building connectivity for subckt inv_x13b_a9tl40 ... 
[MSV-NPF]:   Building connectivity for subckt inv_x0p6b_a9tl40 ... 
[MSV-NPF]:   Building connectivity for subckt sdffnsrpq_x2m_a9tr40 ... 
[MSV-NPF]:   Building connectivity for subckt ao22_x4m_a9tr40 ... 
[MSV-NPF]:   Building connectivity for subckt or6_x0p5m_a9tr40 ... 
[MSV-NPF]:   Building connectivity for subckt ao22_x6m_a9tr40 ... 
[MSV-NPF]:   Building connectivity for subckt posticg_x3p5b_a9tl40 ... 
[MSV-NPF]:   Building connectivity for subckt oai221_x2m_a9tl40 ... 
[MSV-NPF]:   Building connectivity for subckt aoi211_x0p5m_a9tr40 ... 
[MSV-NPF]:   Building connectivity for subckt oai221_x4m_a9tl40 ... 
[MSV-NPF]:   Building connectivity for subckt aoi211_x0p7m_a9tr40 ... 
[MSV-NPF]:   Building connectivity for subckt nand3bb_x3m_a9tl40 ... 
[MSV-NPF]:   Building connectivity for subckt aoi211_x1m_a9tr40 ... 
[MSV-NPF]:   Building connectivity for subckt aoi211_x1p4m_a9tr40 ... 
[MSV-NPF]:   Building connectivity for subckt aoi211_x2m_a9tr40 ... 
[MSV-NPF]:   Building connectivity for subckt aoi211_x3m_a9tr40 ... 
[MSV-NPF]:   Building connectivity for subckt nand3bb_x6m_a9tl40 ... 
[MSV-NPF]:   Building connectivity for subckt fillcap8_a9tr40 ... 
[MSV-NPF]:   Building connectivity for subckt aoi211_x4m_a9tr40 ... 
[MSV-NPF]:   Building connectivity for subckt mxt4_x0p7m_a9tl40 ... 
[MSV-NPF]:   Building connectivity for subckt aoi21b_x0p5m_a9tr40 ... 
[MSV-NPF]:   Building connectivity for subckt nor3_x1m_a9tr40 ... 
[MSV-NPF]:   Building connectivity for subckt aoi21b_x0p7m_a9tr40 ... 
[MSV-NPF]:   Building connectivity for subckt fillcap32_a9tr40 ... 
[MSV-NPF]:   Building connectivity for subckt aoi21b_x1m_a9tr40 ... 
[MSV-NPF]:   Building connectivity for subckt aoi21b_x1p4m_a9tr40 ... 
[MSV-NPF]:   Building connectivity for subckt aoi21b_x2m_a9tr40 ... 
[MSV-NPF]:   Building connectivity for subckt sdffqn_x1m_a9tl40 ... 
[MSV-NPF]:   Building connectivity for subckt buf_x6b_a9tl40 ... 
[MSV-NPF]:   Building connectivity for subckt aoi21b_x3m_a9tr40 ... 
[MSV-NPF]:   Building connectivity for subckt sdffqn_x2m_a9tl40 ... 
[MSV-NPF]:   Building connectivity for subckt aoi21b_x4m_a9tr40 ... 
[MSV-NPF]:   Building connectivity for subckt inv_x2p5m_a9tl40 ... 
[MSV-NPF]:   Building connectivity for subckt buf_x9b_a9tl40 ... 
[MSV-NPF]:   Building connectivity for subckt aoi21b_x6m_a9tr40 ... 
[MSV-NPF]:   Building connectivity for subckt aoi21b_x8m_a9tr40 ... 
[MSV-NPF]:   Building connectivity for subckt buf_x2m_a9tr40 ... 
[MSV-NPF]:   Building connectivity for subckt bufz_x3m_a9tr40 ... 
[MSV-NPF]:   Building connectivity for subckt aoi21_x0p5m_a9tr40 ... 
[MSV-NPF]:   Building connectivity for subckt buf_x4m_a9tr40 ... 
[MSV-NPF]:   Building connectivity for subckt aoi21_x0p7m_a9tr40 ... 
[MSV-NPF]:   Building connectivity for subckt aoi21_x1m_a9tr40 ... 
[MSV-NPF]:   Building connectivity for subckt fill32_a9tl40 ... 
[MSV-NPF]:   Building connectivity for subckt aoi21_x1p4m_a9tr40 ... 
[MSV-NPF]:   Building connectivity for subckt nor2_x0p7b_a9tl40 ... 
[MSV-NPF]:   Building connectivity for subckt aoi21_x2m_a9tr40 ... 
[MSV-NPF]:   Building connectivity for subckt buf_x7p5m_a9tl40 ... 
[MSV-NPF]:   Building connectivity for subckt aoi21_x3m_a9tr40 ... 
[MSV-NPF]:   Building connectivity for subckt aoi21_x4m_a9tr40 ... 
[MSV-NPF]:   Building connectivity for subckt nor3_x0p5a_a9tl40 ... 
[MSV-NPF]:   Building connectivity for subckt mx2_x2b_a9tr40 ... 
[MSV-NPF]:   Building connectivity for subckt aoi21_x6m_a9tr40 ... 
[MSV-NPF]:   Building connectivity for subckt nor3_x0p7a_a9tl40 ... 
[MSV-NPF]:   Building connectivity for subckt aoi21_x8m_a9tr40 ... 
[MSV-NPF]:   Building connectivity for subckt aoi221_x0p5m_a9tr40 ... 
[MSV-NPF]:   Building connectivity for subckt aoi221_x0p7m_a9tr40 ... 
[MSV-NPF]:   Building connectivity for subckt aoi221_x1m_a9tr40 ... 
[MSV-NPF]:   Building connectivity for subckt preicg_x7p5b_a9tr40 ... 
[MSV-NPF]:   Building connectivity for subckt aoi221_x2m_a9tr40 ... 
[MSV-NPF]:   Building connectivity for subckt cgencon_x2m_a9tr40 ... 
[MSV-NPF]:   Building connectivity for subckt aoi221_x3m_a9tr40 ... 
[MSV-NPF]:   Building connectivity for subckt nand2xb_x8m_a9tl40 ... 
[MSV-NPF]:   Building connectivity for subckt aoi221_x4m_a9tr40 ... 
[MSV-NPF]:   Building connectivity for subckt fricg_x0p5b_a9tl40 ... 
[MSV-NPF]:   Building connectivity for subckt aoi222_x0p5m_a9tr40 ... 
[MSV-NPF]:   Building connectivity for subckt nand2_x1a_a9tl40 ... 
[MSV-NPF]:   Building connectivity for subckt aoi222_x1m_a9tr40 ... 
[MSV-NPF]:   Building connectivity for subckt aoi222_x3m_a9tr40 ... 
[MSV-NPF]:   Building connectivity for subckt nand2_x4a_a9tl40 ... 
[MSV-NPF]:   Building connectivity for subckt benc_x3m_a9tr40 ... 
[MSV-NPF]:   Building connectivity for subckt aoi222_x4m_a9tr40 ... 
[MSV-NPF]:   Building connectivity for subckt aoi22bb_x0p5m_a9tr40 ... 
[MSV-NPF]:   Building connectivity for subckt aoi22bb_x1m_a9tl40 ... 
[MSV-NPF]:   Building connectivity for subckt aoi22bb_x0p7m_a9tr40 ... 
[MSV-NPF]:   Building connectivity for subckt aoi22bb_x1m_a9tr40 ... 
[MSV-NPF]:   Building connectivity for subckt aoi22bb_x1p4m_a9tr40 ... 
[MSV-NPF]:   Building connectivity for subckt aoi22bb_x2m_a9tr40 ... 
[MSV-NPF]:   Building connectivity for subckt aoi22bb_x3m_a9tr40 ... 
[MSV-NPF]:   Building connectivity for subckt aoi22bb_x4m_a9tr40 ... 
[MSV-NPF]:   Building connectivity for subckt bufh_x1p2m_a9tl40 ... 
[MSV-NPF]:   Building connectivity for subckt aoi22bb_x6m_a9tr40 ... 
[MSV-NPF]:   Building connectivity for subckt bufh_x1p4m_a9tl40 ... 
[MSV-NPF]:   Building connectivity for subckt aoi22bb_x8m_a9tr40 ... 
[MSV-NPF]:   Building connectivity for subckt nand4xxxb_x2m_a9tr40 ... 
[MSV-NPF]:   Building connectivity for subckt aoi22_x0p5m_a9tr40 ... 
[MSV-NPF]:   Building connectivity for subckt nand4xxxb_x4m_a9tr40 ... 
[MSV-NPF]:   Building connectivity for subckt aoi22_x0p7m_a9tr40 ... 
[MSV-NPF]:   Building connectivity for subckt nor4bb_x2m_a9tl40 ... 
[MSV-NPF]:   Building connectivity for subckt buf_x1p2m_a9tl40 ... 
[MSV-NPF]:   Building connectivity for subckt aoi22_x1m_a9tr40 ... 
[MSV-NPF]:   Building connectivity for subckt oa211_x0p5m_a9tl40 ... 
[MSV-NPF]:   Building connectivity for subckt aoi22_x1p4m_a9tr40 ... 
[MSV-NPF]:   Building connectivity for subckt nor4bb_x3m_a9tl40 ... 
[MSV-NPF]:   Building connectivity for subckt m2sdffq_x2m_a9tl40 ... 
[MSV-NPF]:   Building connectivity for subckt aoi22_x2m_a9tr40 ... 
[MSV-NPF]:   Building connectivity for subckt aoi22_x3m_a9tr40 ... 
[MSV-NPF]:   Building connectivity for subckt buf_x1p2b_a9tl40 ... 
[MSV-NPF]:   Building connectivity for subckt aoi22_x4m_a9tr40 ... 
[MSV-NPF]:   Building connectivity for subckt buf_x1p4b_a9tl40 ... 
[MSV-NPF]:   Building connectivity for subckt aoi22_x6m_a9tr40 ... 
[MSV-NPF]:   Building connectivity for subckt aoi22_x8m_a9tr40 ... 
[MSV-NPF]:   Building connectivity for subckt aoi2xb1_x0p5m_a9tr40 ... 
[MSV-NPF]:   Building connectivity for subckt aoi2xb1_x0p7m_a9tr40 ... 
[MSV-NPF]:   Building connectivity for subckt mxit2_x1m_a9tr40 ... 
[MSV-NPF]:   Building connectivity for subckt aoi2xb1_x1m_a9tr40 ... 
[MSV-NPF]:   Building connectivity for subckt nand4xxxb_x0p5m_a9tl40 ... 
[MSV-NPF]:   Building connectivity for subckt aoi2xb1_x1p4m_a9tr40 ... 
[MSV-NPF]:   Building connectivity for subckt oa21a1oi2_x4m_a9tl40 ... 
[MSV-NPF]:   Building connectivity for subckt mxit2_x2m_a9tr40 ... 
[MSV-NPF]:   Building connectivity for subckt aoi2xb1_x2m_a9tr40 ... 
[MSV-NPF]:   Building connectivity for subckt aoi2xb1_x3m_a9tr40 ... 
[MSV-NPF]:   Building connectivity for subckt mxit2_x4m_a9tr40 ... 
[MSV-NPF]:   Building connectivity for subckt aoi2xb1_x4m_a9tr40 ... 
[MSV-NPF]:   Building connectivity for subckt tielo_x1m_a9tr40 ... 
[MSV-NPF]:   Building connectivity for subckt nand2b_x1p4m_a9tr40 ... 
[MSV-NPF]:   Building connectivity for subckt aoi2xb1_x6m_a9tr40 ... 
[MSV-NPF]:   Building connectivity for subckt aoi2xb1_x8m_a9tr40 ... 
[MSV-NPF]:   Building connectivity for subckt aoi31_x0p5m_a9tr40 ... 
[MSV-NPF]:   Building connectivity for subckt aoi31_x0p7m_a9tr40 ... 
[MSV-NPF]:   Building connectivity for subckt aoi31_x1m_a9tr40 ... 
[MSV-NPF]:   Building connectivity for subckt aoi31_x1p4m_a9tr40 ... 
[MSV-NPF]:   Building connectivity for subckt oai21_x0p7m_a9tl40 ... 
[MSV-NPF]:   Building connectivity for subckt mxt4_x1m_a9tr40 ... 
[MSV-NPF]:   Building connectivity for subckt aoi31_x2m_a9tr40 ... 
[MSV-NPF]:   Building connectivity for subckt dlyclk8s8_x1b_a9tl40 ... 
[MSV-NPF]:   Building connectivity for subckt oa21b_x0p5m_a9tr40 ... 
[MSV-NPF]:   Building connectivity for subckt aoi31_x3m_a9tr40 ... 
[MSV-NPF]:   Building connectivity for subckt aoi31_x4m_a9tr40 ... 
[MSV-NPF]:   Building connectivity for subckt aoi31_x6m_a9tr40 ... 
[MSV-NPF]:   Building connectivity for subckt aoi32_x0p5m_a9tr40 ... 
[MSV-NPF]:   Building connectivity for subckt oai31_x4m_a9tl40 ... 
[MSV-NPF]:   Building connectivity for subckt aoi32_x0p7m_a9tr40 ... 
[MSV-NPF]:   Building connectivity for subckt aoi32_x1m_a9tr40 ... 
[MSV-NPF]:   Building connectivity for subckt and3_x3m_a9tl40 ... 
[MSV-NPF]:   Building connectivity for subckt aoi32_x1p4m_a9tr40 ... 
[MSV-NPF]:   Building connectivity for subckt aoi32_x2m_a9tr40 ... 
[MSV-NPF]:   Building connectivity for subckt dffrpq_x3m_a9tl40 ... 
[MSV-NPF]:   Building connectivity for subckt aoi32_x3m_a9tr40 ... 
[MSV-NPF]:   Building connectivity for subckt aoi32_x4m_a9tr40 ... 
[MSV-NPF]:   Building connectivity for subckt rf1r2ws_x2m_a9tl40 ... 
[MSV-NPF]:   Building connectivity for subckt benc_x11m_a9tr40 ... 
[MSV-NPF]:   Building connectivity for subckt aoi32_x0p5m_a9tl40 ... 
[MSV-NPF]:   Building connectivity for subckt benc_x16m_a9tr40 ... 
[MSV-NPF]:   Building connectivity for subckt nor3_x0p5m_a9tl40 ... 
[MSV-NPF]:   Building connectivity for subckt nand2_x3a_a9tl40 ... 
[MSV-NPF]:   Building connectivity for subckt benc_x2m_a9tr40 ... 
[MSV-NPF]:   Building connectivity for subckt or3_x0p5m_a9tl40 ... 
[MSV-NPF]:   Building connectivity for subckt latsqn_x1m_a9tl40 ... 
[MSV-NPF]:   Building connectivity for subckt benc_x4m_a9tr40 ... 
[MSV-NPF]:   Building connectivity for subckt or3_x0p7m_a9tl40 ... 
[MSV-NPF]:   Building connectivity for subckt benc_x6m_a9tr40 ... 
[MSV-NPF]:   Building connectivity for subckt oai21_x0p5m_a9tr40 ... 
[MSV-NPF]:   Building connectivity for subckt benc_x8m_a9tr40 ... 
[MSV-NPF]:   Building connectivity for subckt bmxit_x0p7m_a9tr40 ... 
[MSV-NPF]:   Building connectivity for subckt oai22bb_x1m_a9tl40 ... 
[MSV-NPF]:   Building connectivity for subckt nand4_x3a_a9tl40 ... 
[MSV-NPF]:   Building connectivity for subckt bmxit_x1m_a9tr40 ... 
[MSV-NPF]:   Building connectivity for subckt bmxit_x1p4m_a9tr40 ... 
[MSV-NPF]:   Building connectivity for subckt oai22bb_x2m_a9tl40 ... 
[MSV-NPF]:   Building connectivity for subckt mxt2_x0p5m_a9tr40 ... 
[MSV-NPF]:   Building connectivity for subckt bmxit_x2m_a9tr40 ... 
[MSV-NPF]:   Building connectivity for subckt latrq_x1m_a9tr40 ... 
[MSV-NPF]:   Building connectivity for subckt bmxt_x0p7m_a9tr40 ... 
[MSV-NPF]:   Building connectivity for subckt preicg_x6b_a9tr40 ... 
[MSV-NPF]:   Building connectivity for subckt bmxt_x1m_a9tr40 ... 
[MSV-NPF]:   Building connectivity for subckt bmxt_x1p4m_a9tr40 ... 
[MSV-NPF]:   Building connectivity for subckt bmxt_x2m_a9tr40 ... 
[MSV-NPF]:   Building connectivity for subckt bufh_x16m_a9tr40 ... 
[MSV-NPF]:   Building connectivity for subckt bufh_x1m_a9tr40 ... 
[MSV-NPF]:   Building connectivity for subckt nand2_x6b_a9tl40 ... 
[MSV-NPF]:   Building connectivity for subckt fricg_x1p2b_a9tl40 ... 
[MSV-NPF]:   Building connectivity for subckt bufh_x1p2m_a9tr40 ... 
[MSV-NPF]:   Building connectivity for subckt fricg_x1p4b_a9tl40 ... 
[MSV-NPF]:   Building connectivity for subckt bufh_x1p4m_a9tr40 ... 
[MSV-NPF]:   Building connectivity for subckt or4_x0p5m_a9tl40 ... 
[MSV-NPF]:   Building connectivity for subckt fricg_x1p7b_a9tl40 ... 
[MSV-NPF]:   Building connectivity for subckt bufh_x1p7m_a9tr40 ... 
[MSV-NPF]:   Building connectivity for subckt bufh_x2m_a9tr40 ... 
[MSV-NPF]:   Building connectivity for subckt oai222_x4m_a9tl40 ... 
[MSV-NPF]:   Building connectivity for subckt fricg_x2p5b_a9tl40 ... 
[MSV-NPF]:   Building connectivity for subckt buf_x0p7m_a9tr40 ... 
[MSV-NPF]:   Building connectivity for subckt bufh_x2p5m_a9tr40 ... 
[MSV-NPF]:   Building connectivity for subckt nor2b_x0p5m_a9tl40 ... 
[MSV-NPF]:   Building connectivity for subckt bufh_x3m_a9tr40 ... 
[MSV-NPF]:   Building connectivity for subckt fricg_x3p5b_a9tl40 ... 
[MSV-NPF]:   Building connectivity for subckt buf_x1p7m_a9tr40 ... 
[MSV-NPF]:   Building connectivity for subckt bufh_x3p5m_a9tr40 ... 
[MSV-NPF]:   Building connectivity for subckt bufh_x4m_a9tr40 ... 
[MSV-NPF]:   Building connectivity for subckt nor2b_x0p7m_a9tl40 ... 
[MSV-NPF]:   Building connectivity for subckt bufh_x5m_a9tr40 ... 
[MSV-NPF]:   Building connectivity for subckt m2sdffqn_x1m_a9tl40 ... 
[MSV-NPF]:   Building connectivity for subckt bufh_x6m_a9tr40 ... 
[MSV-NPF]:   Building connectivity for subckt sdffsqa_x1m_a9tl40 ... 
[MSV-NPF]:   Building connectivity for subckt fricg_x7p5b_a9tl40 ... 
[MSV-NPF]:   Building connectivity for subckt bufh_x7p5m_a9tr40 ... 
[MSV-NPF]:   Building connectivity for subckt dlyclk8s2_x1b_a9tr40 ... 
[MSV-NPF]:   Building connectivity for subckt bufh_x9m_a9tr40 ... 
[MSV-NPF]:   Building connectivity for subckt esdffqn_x0p5m_a9tl40 ... 
[MSV-NPF]:   Building connectivity for subckt nand2xb_x6m_a9tr40 ... 
[MSV-NPF]:   Building connectivity for subckt bufz_x11m_a9tr40 ... 
[MSV-NPF]:   Building connectivity for subckt bufz_x16m_a9tr40 ... 
[MSV-NPF]:   Building connectivity for subckt bufz_x1m_a9tr40 ... 
[MSV-NPF]:   Building connectivity for subckt or4_x0p7m_a9tr40 ... 
[MSV-NPF]:   Building connectivity for subckt bufz_x2m_a9tr40 ... 
[MSV-NPF]:   Building connectivity for subckt buf_x3m_a9tr40 ... 
[MSV-NPF]:   Building connectivity for subckt bufz_x4m_a9tr40 ... 
[MSV-NPF]:   Building connectivity for subckt buf_x5m_a9tr40 ... 
[MSV-NPF]:   Building connectivity for subckt bufz_x6m_a9tr40 ... 
[MSV-NPF]:   Building connectivity for subckt bufz_x8m_a9tr40 ... 
[MSV-NPF]:   Building connectivity for subckt buf_x0p7b_a9tr40 ... 
[MSV-NPF]:   Building connectivity for subckt buf_x0p8b_a9tr40 ... 
[MSV-NPF]:   Building connectivity for subckt or4_x1p4m_a9tl40 ... 
[MSV-NPF]:   Building connectivity for subckt buf_x0p8m_a9tr40 ... 
[MSV-NPF]:   Building connectivity for subckt buf_x11b_a9tr40 ... 
[MSV-NPF]:   Building connectivity for subckt buf_x11m_a9tr40 ... 
[MSV-NPF]:   Building connectivity for subckt buf_x13b_a9tr40 ... 
[MSV-NPF]:   Building connectivity for subckt addfcin_x1m_a9tl40 ... 
[MSV-NPF]:   Building connectivity for subckt buf_x13m_a9tr40 ... 
[MSV-NPF]:   Building connectivity for subckt nor2_x1p4b_a9tr40 ... 
[MSV-NPF]:   Building connectivity for subckt nand3b_x2m_a9tr40 ... 
[MSV-NPF]:   Building connectivity for subckt buf_x16b_a9tr40 ... 
[MSV-NPF]:   Building connectivity for subckt nor2_x1p4m_a9tr40 ... 
[MSV-NPF]:   Building connectivity for subckt buf_x16m_a9tr40 ... 
[MSV-NPF]:   Building connectivity for subckt xor3_x2m_a9tr40 ... 
[MSV-NPF]:   Building connectivity for subckt oai21b_x3m_a9tr40 ... 
[MSV-NPF]:   Building connectivity for subckt nand3_x3m_a9tr40 ... 
[MSV-NPF]:   Building connectivity for subckt buf_x1b_a9tr40 ... 
[MSV-NPF]:   Building connectivity for subckt or4_x8m_a9tl40 ... 
[MSV-NPF]:   Building connectivity for subckt buf_x1m_a9tr40 ... 
[MSV-NPF]:   Building connectivity for subckt posticg_x16b_a9tl40 ... 
[MSV-NPF]:   Building connectivity for subckt buf_x1p2b_a9tr40 ... 
[MSV-NPF]:   Building connectivity for subckt ao1b2_x2m_a9tl40 ... 
[MSV-NPF]:   Building connectivity for subckt nor4bb_x2m_a9tr40 ... 
[MSV-NPF]:   Building connectivity for subckt buf_x1p2m_a9tr40 ... 
[MSV-NPF]:   Building connectivity for subckt xor2_x0p5m_a9tl40 ... 
[MSV-NPF]:   Building connectivity for subckt buf_x1p4b_a9tr40 ... 
[MSV-NPF]:   Building connectivity for subckt ao1b2_x4m_a9tl40 ... 
[MSV-NPF]:   Building connectivity for subckt a2sdffqn_x1m_a9tl40 ... 
[MSV-NPF]:   Building connectivity for subckt nor4bb_x4m_a9tr40 ... 
[MSV-NPF]:   Building connectivity for subckt buf_x1p4m_a9tr40 ... 
[MSV-NPF]:   Building connectivity for subckt buf_x1p7b_a9tr40 ... 
[MSV-NPF]:   Building connectivity for subckt bufh_x1p7m_a9tl40 ... 
[MSV-NPF]:   Building connectivity for subckt xor3_x3m_a9tr40 ... 
[MSV-NPF]:   Building connectivity for subckt buf_x2b_a9tr40 ... 
[MSV-NPF]:   Building connectivity for subckt buf_x2p5b_a9tr40 ... 
[MSV-NPF]:   Building connectivity for subckt buf_x3b_a9tr40 ... 
[MSV-NPF]:   Building connectivity for subckt nand3xxb_x4m_a9tr40 ... 
[MSV-NPF]:   Building connectivity for subckt latq_x3m_a9tr40 ... 
[MSV-NPF]:   Building connectivity for subckt buf_x3p5b_a9tr40 ... 
[MSV-NPF]:   Building connectivity for subckt posticg_x1p7b_a9tr40 ... 
[MSV-NPF]:   Building connectivity for subckt buf_x3p5m_a9tr40 ... 
[MSV-NPF]:   Building connectivity for subckt oai21b_x6m_a9tr40 ... 
[MSV-NPF]:   Building connectivity for subckt nand3_x6m_a9tr40 ... 
[MSV-NPF]:   Building connectivity for subckt buf_x4b_a9tr40 ... 
[MSV-NPF]:   Building connectivity for subckt buf_x5b_a9tr40 ... 
[MSV-NPF]:   Building connectivity for subckt buf_x6m_a9tr40 ... 
[MSV-NPF]:   Building connectivity for subckt sdffrpq_x4m_a9tr40 ... 
[MSV-NPF]:   Building connectivity for subckt buf_x7p5b_a9tr40 ... 
[MSV-NPF]:   Building connectivity for subckt buf_x7p5m_a9tr40 ... 
[MSV-NPF]:   Building connectivity for subckt nand2xb_x1p4m_a9tl40 ... 
[MSV-NPF]:   Building connectivity for subckt sdffqn_x0p5m_a9tr40 ... 
[MSV-NPF]:   Building connectivity for subckt buf_x9m_a9tr40 ... 
[MSV-NPF]:   Building connectivity for subckt xnor2_x0p7m_a9tr40 ... 
[MSV-NPF]:   Building connectivity for subckt cgencin_x1p4m_a9tr40 ... 
[MSV-NPF]:   Building connectivity for subckt nand2xb_x6m_a9tl40 ... 
[MSV-NPF]:   Building connectivity for subckt bufz_x11m_a9tl40 ... 
[MSV-NPF]:   Building connectivity for subckt cgencon_x1m_a9tr40 ... 
[MSV-NPF]:   Building connectivity for subckt mxgl2_x4b_a9tl40 ... 
[MSV-NPF]:   Building connectivity for subckt latq_x0p5m_a9tr40 ... 
[MSV-NPF]:   Building connectivity for subckt cgencon_x1p4m_a9tr40 ... 
[MSV-NPF]:   Building connectivity for subckt cgeni_x1m_a9tr40 ... 
[MSV-NPF]:   Building connectivity for subckt nor2b_x1p4m_a9tr40 ... 
[MSV-NPF]:   Building connectivity for subckt nand4xxxb_x1m_a9tr40 ... 
[MSV-NPF]:   Building connectivity for subckt cgeni_x2m_a9tr40 ... 
[MSV-NPF]:   Building connectivity for subckt cgen_x1m_a9tr40 ... 
[MSV-NPF]:   Building connectivity for subckt rf2r1ws_x2m_a9tl40 ... 
[MSV-NPF]:   Building connectivity for subckt nor3_x3m_a9tl40 ... 
[MSV-NPF]:   Building connectivity for subckt oa21b_x2m_a9tr40 ... 
[MSV-NPF]:   Building connectivity for subckt cgen_x1p4m_a9tr40 ... 
[MSV-NPF]:   Building connectivity for subckt cgen_x2m_a9tr40 ... 
[MSV-NPF]:   Building connectivity for subckt cmpr42_x1m_a9tr40 ... 
[MSV-NPF]:   Building connectivity for subckt oa21b_x6m_a9tl40 ... 
[MSV-NPF]:   Building connectivity for subckt cmpr42_x1p4m_a9tr40 ... 
[MSV-NPF]:   Building connectivity for subckt cmpr42_x2m_a9tr40 ... 
[MSV-NPF]:   Building connectivity for subckt fillcap4_a9tr40 ... 
[MSV-NPF]:   Building connectivity for subckt dffnq_x1m_a9tr40 ... 
[MSV-NPF]:   Building connectivity for subckt nand3xxb_x1m_a9tr40 ... 
[MSV-NPF]:   Building connectivity for subckt dffnq_x2m_a9tr40 ... 
[MSV-NPF]:   Building connectivity for subckt latq_x1m_a9tr40 ... 
[MSV-NPF]:   Building connectivity for subckt dffnq_x3m_a9tr40 ... 
[MSV-NPF]:   Building connectivity for subckt dffnsrpq_x1m_a9tr40 ... 
[MSV-NPF]:   Building connectivity for subckt cmpr42_x1p4m_a9tl40 ... 
[MSV-NPF]:   Building connectivity for subckt dffnsrpq_x2m_a9tr40 ... 
[MSV-NPF]:   Building connectivity for subckt nand4bb_x1p4m_a9tl40 ... 
[MSV-NPF]:   Building connectivity for subckt nand2_x0p5b_a9tl40 ... 
[MSV-NPF]:   Building connectivity for subckt dffnsrpq_x3m_a9tr40 ... 
[MSV-NPF]:   Building connectivity for subckt oa211_x1m_a9tl40 ... 
[MSV-NPF]:   Building connectivity for subckt dffqn_x0p5m_a9tr40 ... 
[MSV-NPF]:   Building connectivity for subckt dffqn_x1m_a9tr40 ... 
[MSV-NPF]:   Building connectivity for subckt inv_x13m_a9tl40 ... 
[MSV-NPF]:   Building connectivity for subckt oai31_x1m_a9tr40 ... 
[MSV-NPF]:   Building connectivity for subckt dffqn_x2m_a9tr40 ... 
[MSV-NPF]:   Building connectivity for subckt oai31_x2m_a9tr40 ... 
[MSV-NPF]:   Building connectivity for subckt dffqn_x3m_a9tr40 ... 
[MSV-NPF]:   Building connectivity for subckt inv_x0p8m_a9tr40 ... 
[MSV-NPF]:   Building connectivity for subckt dffq_x0p5m_a9tr40 ... 
[MSV-NPF]:   Building connectivity for subckt dffq_x1m_a9tr40 ... 
[MSV-NPF]:   Building connectivity for subckt dffq_x2m_a9tr40 ... 
[MSV-NPF]:   Building connectivity for subckt dffq_x3m_a9tr40 ... 
[MSV-NPF]:   Building connectivity for subckt nor2_x1b_a9tr40 ... 
[MSV-NPF]:   Building connectivity for subckt dffq_x4m_a9tr40 ... 
[MSV-NPF]:   Building connectivity for subckt dffrpqn_x0p5m_a9tr40 ... 
[MSV-NPF]:   Building connectivity for subckt m2sdffq_x4m_a9tl40 ... 
[MSV-NPF]:   Building connectivity for subckt dffrpqn_x1m_a9tr40 ... 
[MSV-NPF]:   Building connectivity for subckt dffrpqn_x2m_a9tr40 ... 
[MSV-NPF]:   Building connectivity for subckt dffrpqn_x3m_a9tr40 ... 
[MSV-NPF]:   Building connectivity for subckt dffrpq_x0p5m_a9tr40 ... 
[MSV-NPF]:   Building connectivity for subckt dffrpq_x2m_a9tr40 ... 
[MSV-NPF]:   Building connectivity for subckt dffrpq_x3m_a9tr40 ... 
[MSV-NPF]:   Building connectivity for subckt preicg_x6b_a9tl40 ... 
[MSV-NPF]:   Building connectivity for subckt bmxt_x1m_a9tl40 ... 
[MSV-NPF]:   Building connectivity for subckt dffrpq_x4m_a9tr40 ... 
[MSV-NPF]:   Building connectivity for subckt dffsqn_x0p5m_a9tr40 ... 
[MSV-NPF]:   Building connectivity for subckt latrpqn_x3m_a9tl40 ... 
[MSV-NPF]:   Building connectivity for subckt dffsqn_x1m_a9tr40 ... 
[MSV-NPF]:   Building connectivity for subckt latrpqn_x4m_a9tl40 ... 
[MSV-NPF]:   Building connectivity for subckt dffsqn_x2m_a9tr40 ... 
[MSV-NPF]:   Building connectivity for subckt fill128_a9tr40 ... 
[MSV-NPF]:   Building connectivity for subckt dffsqn_x3m_a9tr40 ... 
[MSV-NPF]:   Building connectivity for subckt aoi221_x1m_a9tl40 ... 
[MSV-NPF]:   Building connectivity for subckt dffsq_x0p5m_a9tr40 ... 
[MSV-NPF]:   Building connectivity for subckt dffsq_x1m_a9tr40 ... 
[MSV-NPF]:   Building connectivity for subckt addf_x1m_a9tl40 ... 
[MSV-NPF]:   Building connectivity for subckt dffsq_x2m_a9tr40 ... 
[MSV-NPF]:   Building connectivity for subckt dffsq_x3m_a9tr40 ... 
[MSV-NPF]:   Building connectivity for subckt nor4bb_x1m_a9tl40 ... 
[MSV-NPF]:   Building connectivity for subckt dffsq_x4m_a9tr40 ... 
[MSV-NPF]:   Building connectivity for subckt aoi21b_x6m_a9tl40 ... 
[MSV-NPF]:   Building connectivity for subckt dffsrpq_x0p5m_a9tr40 ... 
[MSV-NPF]:   Building connectivity for subckt mxt4_x1p4m_a9tl40 ... 
[MSV-NPF]:   Building connectivity for subckt dffsrpq_x1m_a9tr40 ... 
[MSV-NPF]:   Building connectivity for subckt sdffrpq_x0p5m_a9tl40 ... 
[MSV-NPF]:   Building connectivity for subckt dffsrpq_x2m_a9tr40 ... 
[MSV-NPF]:   Building connectivity for subckt aoi22_x3m_a9tl40 ... 
[MSV-NPF]:   Building connectivity for subckt dffsrpq_x3m_a9tr40 ... 
[MSV-NPF]:   Building connectivity for subckt aoi22_x4m_a9tl40 ... 
[MSV-NPF]:   Building connectivity for subckt dffsrpq_x4m_a9tr40 ... 
[MSV-NPF]:   Building connectivity for subckt or4_x1m_a9tl40 ... 
[MSV-NPF]:   Building connectivity for subckt oai2xb1_x3m_a9tr40 ... 
[MSV-NPF]:   Building connectivity for subckt dly2_x0p5m_a9tr40 ... 
[MSV-NPF]:   Building connectivity for subckt latnqn_x1m_a9tr40 ... 
[MSV-NPF]:   Building connectivity for subckt dly2_x1m_a9tr40 ... 
[MSV-NPF]:   Building connectivity for subckt latnqn_x2m_a9tr40 ... 
[MSV-NPF]:   Building connectivity for subckt dly2_x2m_a9tr40 ... 
[MSV-NPF]:   Building connectivity for subckt latnqn_x4m_a9tr40 ... 
[MSV-NPF]:   Building connectivity for subckt dly2_x4m_a9tr40 ... 
[MSV-NPF]:   Building connectivity for subckt aoi2xb1_x1p4m_a9tl40 ... 
[MSV-NPF]:   Building connectivity for subckt dly4_x0p5m_a9tr40 ... 
[MSV-NPF]:   Building connectivity for subckt dly4_x1m_a9tr40 ... 
[MSV-NPF]:   Building connectivity for subckt latnqn_x1m_a9tl40 ... 
[MSV-NPF]:   Building connectivity for subckt dly2_x1m_a9tl40 ... 
[MSV-NPF]:   Building connectivity for subckt dly4_x2m_a9tr40 ... 
[MSV-NPF]:   Building connectivity for subckt latnqn_x3m_a9tl40 ... 
[MSV-NPF]:   Building connectivity for subckt dly4_x4m_a9tr40 ... 
[MSV-NPF]:   Building connectivity for subckt oa21a1oi2_x1m_a9tr40 ... 
[MSV-NPF]:   Building connectivity for subckt dlyclk8s4_x1b_a9tr40 ... 
[MSV-NPF]:   Building connectivity for subckt posticg_x1b_a9tl40 ... 
[MSV-NPF]:   Building connectivity for subckt oa1b2_x0p5m_a9tr40 ... 
[MSV-NPF]:   Building connectivity for subckt dlyclk8s6_x1b_a9tr40 ... 
[MSV-NPF]:   Building connectivity for subckt dlyclk8s8_x1b_a9tr40 ... 
[MSV-NPF]:   Building connectivity for subckt nand3_x6a_a9tr40 ... 
[MSV-NPF]:   Building connectivity for subckt endcaptie3_a9tr40 ... 
[MSV-NPF]:   Building connectivity for subckt esdffqn_x0p5m_a9tr40 ... 
[MSV-NPF]:   Building connectivity for subckt oai22bb_x4m_a9tl40 ... 
[MSV-NPF]:   Building connectivity for subckt esdffqn_x1m_a9tr40 ... 
[MSV-NPF]:   Building connectivity for subckt oai211_x2m_a9tl40 ... 
[MSV-NPF]:   Building connectivity for subckt esdffqn_x2m_a9tr40 ... 
[MSV-NPF]:   Building connectivity for subckt oai22bb_x6m_a9tl40 ... 
[MSV-NPF]:   Building connectivity for subckt oa22_x2m_a9tl40 ... 
[MSV-NPF]:   Building connectivity for subckt esdffqn_x3m_a9tr40 ... 
[MSV-NPF]:   Building connectivity for subckt sdffyq_x1m_a9tl40 ... 
[MSV-NPF]:   Building connectivity for subckt esdffq_x0p5m_a9tr40 ... 
[MSV-NPF]:   Building connectivity for subckt esdffq_x2m_a9tr40 ... 
[MSV-NPF]:   Building connectivity for subckt esdffq_x3m_a9tr40 ... 
[MSV-NPF]:   Building connectivity for subckt fill16_a9tr40 ... 
[MSV-NPF]:   Building connectivity for subckt fill32_a9tr40 ... 
[MSV-NPF]:   Building connectivity for subckt fill1_a9tr40 ... 
[MSV-NPF]:   Building connectivity for subckt nor2b_x4m_a9tr40 ... 
[MSV-NPF]:   Building connectivity for subckt nand2b_x1m_a9tr40 ... 
[MSV-NPF]:   Building connectivity for subckt fill2_a9tr40 ... 
[MSV-NPF]:   Building connectivity for subckt fill4_a9tr40 ... 
[MSV-NPF]:   Building connectivity for subckt fill64_a9tr40 ... 
[MSV-NPF]:   Building connectivity for subckt ao21_x0p5m_a9tl40 ... 
[MSV-NPF]:   Building connectivity for subckt fill8_a9tr40 ... 
[MSV-NPF]:   Building connectivity for subckt fillcap128_a9tr40 ... 
[MSV-NPF]:   Building connectivity for subckt fillcap16_a9tr40 ... 
[MSV-NPF]:   Building connectivity for subckt sdffsrpq_x1m_a9tr40 ... 
[MSV-NPF]:   Building connectivity for subckt fillcap64_a9tr40 ... 
[MSV-NPF]:   Building connectivity for subckt sdffyq_x4m_a9tr40 ... 
[MSV-NPF]:   Building connectivity for subckt nand4bb_x0p5m_a9tr40 ... 
[MSV-NPF]:   Building connectivity for subckt fillsgcap128_a9tr40 ... 
[MSV-NPF]:   Building connectivity for subckt fillsgcap16_a9tr40 ... 
[MSV-NPF]:   Building connectivity for subckt fillsgcap32_a9tr40 ... 
[MSV-NPF]:   Building connectivity for subckt fillsgcap64_a9tr40 ... 
[MSV-NPF]:   Building connectivity for subckt fillsgcap8_a9tr40 ... 
[MSV-NPF]:   Building connectivity for subckt filltie128_a9tr40 ... 
[MSV-NPF]:   Building connectivity for subckt filltie16_a9tr40 ... 
[MSV-NPF]:   Building connectivity for subckt filltie32_a9tr40 ... 
[MSV-NPF]:   Building connectivity for subckt filltie3_a9tr40 ... 
[MSV-NPF]:   Building connectivity for subckt cgen_x1m_a9tl40 ... 
[MSV-NPF]:   Building connectivity for subckt mxgl2_x3b_a9tr40 ... 
[MSV-NPF]:   Building connectivity for subckt filltie4_a9tr40 ... 
[MSV-NPF]:   Building connectivity for subckt oai21b_x6m_a9tl40 ... 
[MSV-NPF]:   Building connectivity for subckt nand3_x6m_a9tl40 ... 
[MSV-NPF]:   Building connectivity for subckt buf_x4b_a9tl40 ... 
[MSV-NPF]:   Building connectivity for subckt latnqn_x0p5m_a9tr40 ... 
[MSV-NPF]:   Building connectivity for subckt filltie64_a9tr40 ... 
[MSV-NPF]:   Building connectivity for subckt filltie8_a9tr40 ... 
[MSV-NPF]:   Building connectivity for subckt oa1b2_x2m_a9tl40 ... 
[MSV-NPF]:   Building connectivity for subckt fricg_x0p5b_a9tr40 ... 
[MSV-NPF]:   Building connectivity for subckt fricg_x0p6b_a9tr40 ... 
[MSV-NPF]:   Building connectivity for subckt fricg_x0p7b_a9tr40 ... 
[MSV-NPF]:   Building connectivity for subckt fricg_x0p8b_a9tr40 ... 
[MSV-NPF]:   Building connectivity for subckt nand3xxb_x6m_a9tr40 ... 
[MSV-NPF]:   Building connectivity for subckt fricg_x11b_a9tr40 ... 
[MSV-NPF]:   Building connectivity for subckt dffqn_x1m_a9tl40 ... 
[MSV-NPF]:   Building connectivity for subckt fricg_x13b_a9tr40 ... 
[MSV-NPF]:   Building connectivity for subckt oai31_x3m_a9tl40 ... 
[MSV-NPF]:   Building connectivity for subckt fricg_x16b_a9tr40 ... 
[MSV-NPF]:   Building connectivity for subckt fricg_x1b_a9tr40 ... 
[MSV-NPF]:   Building connectivity for subckt nand2_x6b_a9tr40 ... 
[MSV-NPF]:   Building connectivity for subckt fricg_x1p2b_a9tr40 ... 
[MSV-NPF]:   Building connectivity for subckt fricg_x1p4b_a9tr40 ... 
[MSV-NPF]:   Building connectivity for subckt or4_x0p5m_a9tr40 ... 
[MSV-NPF]:   Building connectivity for subckt fricg_x1p7b_a9tr40 ... 
[MSV-NPF]:   Building connectivity for subckt mxt2_x0p7b_a9tl40 ... 
[MSV-NPF]:   Building connectivity for subckt fricg_x2b_a9tr40 ... 
[MSV-NPF]:   Building connectivity for subckt oai222_x4m_a9tr40 ... 
[MSV-NPF]:   Building connectivity for subckt fricg_x2p5b_a9tr40 ... 
[MSV-NPF]:   Building connectivity for subckt fricg_x3b_a9tr40 ... 
[MSV-NPF]:   Building connectivity for subckt fricg_x3p5b_a9tr40 ... 
[MSV-NPF]:   Building connectivity for subckt fricg_x4b_a9tr40 ... 
[MSV-NPF]:   Building connectivity for subckt fricg_x5b_a9tr40 ... 
[MSV-NPF]:   Building connectivity for subckt m2sdffqn_x2m_a9tr40 ... 
[MSV-NPF]:   Building connectivity for subckt fricg_x6b_a9tr40 ... 
[MSV-NPF]:   Building connectivity for subckt oai22_x8m_a9tl40 ... 
[MSV-NPF]:   Building connectivity for subckt sdffsqa_x1m_a9tr40 ... 
[MSV-NPF]:   Building connectivity for subckt fricg_x7p5b_a9tr40 ... 
[MSV-NPF]:   Building connectivity for subckt nor3_x1a_a9tl40 ... 
[MSV-NPF]:   Building connectivity for subckt fricg_x9b_a9tr40 ... 
[MSV-NPF]:   Building connectivity for subckt inv_x13b_a9tr40 ... 
[MSV-NPF]:   Building connectivity for subckt inv_x0p6b_a9tr40 ... 
[MSV-NPF]:   Building connectivity for subckt inv_x0p6m_a9tr40 ... 
[MSV-NPF]:   Building connectivity for subckt inv_x0p7m_a9tr40 ... 
[MSV-NPF]:   Building connectivity for subckt mxit2_x2m_a9tl40 ... 
[MSV-NPF]:   Building connectivity for subckt aoi2xb1_x2m_a9tl40 ... 
[MSV-NPF]:   Building connectivity for subckt inv_x0p8b_a9tr40 ... 
[MSV-NPF]:   Building connectivity for subckt inv_x11b_a9tr40 ... 
[MSV-NPF]:   Building connectivity for subckt dly4_x1m_a9tl40 ... 
[MSV-NPF]:   Building connectivity for subckt inv_x11m_a9tr40 ... 
[MSV-NPF]:   Building connectivity for subckt inv_x13m_a9tr40 ... 
[MSV-NPF]:   Building connectivity for subckt inv_x16b_a9tr40 ... 
[MSV-NPF]:   Building connectivity for subckt inv_x16m_a9tr40 ... 
[MSV-NPF]:   Building connectivity for subckt aoi2xb1_x0p5m_a9tl40 ... 
[MSV-NPF]:   Building connectivity for subckt inv_x1b_a9tr40 ... 
[MSV-NPF]:   Building connectivity for subckt oai2xb1_x0p7m_a9tl40 ... 
[MSV-NPF]:   Building connectivity for subckt nor3bb_x1m_a9tl40 ... 
[MSV-NPF]:   Building connectivity for subckt inv_x1m_a9tr40 ... 
[MSV-NPF]:   Building connectivity for subckt inv_x1p2b_a9tr40 ... 
[MSV-NPF]:   Building connectivity for subckt or3_x2m_a9tl40 ... 
[MSV-NPF]:   Building connectivity for subckt and2_x6b_a9tl40 ... 
[MSV-NPF]:   Building connectivity for subckt inv_x1p2m_a9tr40 ... 
[MSV-NPF]:   Building connectivity for subckt oai21_x1m_a9tr40 ... 
[MSV-NPF]:   Building connectivity for subckt nand3_x0p7m_a9tr40 ... 
[MSV-NPF]:   Building connectivity for subckt inv_x1p4b_a9tr40 ... 
[MSV-NPF]:   Building connectivity for subckt or3_x4m_a9tl40 ... 
[MSV-NPF]:   Building connectivity for subckt antenna1_a9tl40 ... 
[MSV-NPF]:   Building connectivity for subckt and2_x8b_a9tl40 ... 
[MSV-NPF]:   Building connectivity for subckt inv_x1p4m_a9tr40 ... 
[MSV-NPF]:   Building connectivity for subckt nor2b_x1m_a9tl40 ... 
[MSV-NPF]:   Building connectivity for subckt xor2_x1m_a9tr40 ... 
[MSV-NPF]:   Building connectivity for subckt nand2_x2m_a9tr40 ... 
[MSV-NPF]:   Building connectivity for subckt inv_x1p7b_a9tr40 ... 
[MSV-NPF]:   Building connectivity for subckt nand3xxb_x1m_a9tl40 ... 
[MSV-NPF]:   Building connectivity for subckt dffnq_x2m_a9tl40 ... 
[MSV-NPF]:   Building connectivity for subckt inv_x1p7m_a9tr40 ... 
[MSV-NPF]:   Building connectivity for subckt inv_x2b_a9tr40 ... 
[MSV-NPF]:   Building connectivity for subckt sdffrpqa_x1m_a9tl40 ... 
[MSV-NPF]:   Building connectivity for subckt nor3bb_x2m_a9tl40 ... 
[MSV-NPF]:   Building connectivity for subckt inv_x2m_a9tr40 ... 
[MSV-NPF]:   Building connectivity for subckt latnrpqn_x0p5m_a9tr40 ... 
[MSV-NPF]:   Building connectivity for subckt inv_x2p5b_a9tr40 ... 
[MSV-NPF]:   Building connectivity for subckt aoi2xb1_x0p7m_a9tl40 ... 
[MSV-NPF]:   Building connectivity for subckt inv_x3b_a9tr40 ... 
[MSV-NPF]:   Building connectivity for subckt inv_x3m_a9tr40 ... 
[MSV-NPF]:   Building connectivity for subckt nand3_x1a_a9tr40 ... 
[MSV-NPF]:   Building connectivity for subckt inv_x3p5b_a9tr40 ... 
[MSV-NPF]:   Building connectivity for subckt nand2xb_x1m_a9tl40 ... 
[MSV-NPF]:   Building connectivity for subckt latnspq_x2m_a9tl40 ... 
[MSV-NPF]:   Building connectivity for subckt inv_x3p5m_a9tr40 ... 
[MSV-NPF]:   Building connectivity for subckt inv_x4b_a9tr40 ... 
[MSV-NPF]:   Building connectivity for subckt nor3bb_x4m_a9tl40 ... 
[MSV-NPF]:   Building connectivity for subckt inv_x4m_a9tr40 ... 
[MSV-NPF]:   Building connectivity for subckt inv_x5b_a9tr40 ... 
[MSV-NPF]:   Building connectivity for subckt inv_x5m_a9tr40 ... 
[MSV-NPF]:   Building connectivity for subckt sdffq_x1m_a9tr40 ... 
[MSV-NPF]:   Building connectivity for subckt inv_x6b_a9tr40 ... 
[MSV-NPF]:   Building connectivity for subckt inv_x6m_a9tr40 ... 
[MSV-NPF]:   Building connectivity for subckt inv_x7p5m_a9tr40 ... 
[MSV-NPF]:   Building connectivity for subckt sdffq_x4m_a9tr40 ... 
[MSV-NPF]:   Building connectivity for subckt inv_x9b_a9tr40 ... 
[MSV-NPF]:   Building connectivity for subckt inv_x9m_a9tr40 ... 
[MSV-NPF]:   Building connectivity for subckt latnqn_x3m_a9tr40 ... 
[MSV-NPF]:   Building connectivity for subckt or2_x6b_a9tl40 ... 
[MSV-NPF]:   Building connectivity for subckt preicg_x16b_a9tr40 ... 
[MSV-NPF]:   Building connectivity for subckt latnq_x0p5m_a9tr40 ... 
[MSV-NPF]:   Building connectivity for subckt latnq_x1m_a9tr40 ... 
[MSV-NPF]:   Building connectivity for subckt latnq_x2m_a9tr40 ... 
[MSV-NPF]:   Building connectivity for subckt sdffsq_x4m_a9tl40 ... 
[MSV-NPF]:   Building connectivity for subckt latnq_x3m_a9tr40 ... 
[MSV-NPF]:   Building connectivity for subckt latnsqn_x3m_a9tr40 ... 
[MSV-NPF]:   Building connectivity for subckt latnrpqn_x1m_a9tr40 ... 
[MSV-NPF]:   Building connectivity for subckt latnsqn_x4m_a9tr40 ... 
[MSV-NPF]:   Building connectivity for subckt latnrpqn_x2m_a9tr40 ... 
[MSV-NPF]:   Building connectivity for subckt latnrpqn_x4m_a9tr40 ... 
[MSV-NPF]:   Building connectivity for subckt buf_x13b_a9tl40 ... 
[MSV-NPF]:   Building connectivity for subckt latnrq_x0p5m_a9tr40 ... 
[MSV-NPF]:   Building connectivity for subckt latnrq_x1m_a9tr40 ... 
[MSV-NPF]:   Building connectivity for subckt latnrq_x2m_a9tr40 ... 
[MSV-NPF]:   Building connectivity for subckt latnrq_x3m_a9tr40 ... 
[MSV-NPF]:   Building connectivity for subckt oai31_x6m_a9tl40 ... 
[MSV-NPF]:   Building connectivity for subckt latnspq_x0p5m_a9tr40 ... 
[MSV-NPF]:   Building connectivity for subckt sdffnq_x2m_a9tl40 ... 
[MSV-NPF]:   Building connectivity for subckt latsqn_x3m_a9tl40 ... 
[MSV-NPF]:   Building connectivity for subckt latnspq_x1m_a9tr40 ... 
[MSV-NPF]:   Building connectivity for subckt latsqn_x4m_a9tl40 ... 
[MSV-NPF]:   Building connectivity for subckt nand2xb_x1m_a9tr40 ... 
[MSV-NPF]:   Building connectivity for subckt latnspq_x2m_a9tr40 ... 
[MSV-NPF]:   Building connectivity for subckt latnsqn_x0p5m_a9tr40 ... 
[MSV-NPF]:   Building connectivity for subckt latnsqn_x1m_a9tr40 ... 
[MSV-NPF]:   Building connectivity for subckt latnrq_x0p5m_a9tl40 ... 
[MSV-NPF]:   Building connectivity for subckt latnsqn_x2m_a9tr40 ... 
[MSV-NPF]:   Building connectivity for subckt inv_x0p5b_a9tl40 ... 
[MSV-NPF]:   Building connectivity for subckt and3_x2m_a9tl40 ... 
[MSV-NPF]:   Building connectivity for subckt sdffnsrpq_x1m_a9tr40 ... 
[MSV-NPF]:   Building connectivity for subckt latqn_x0p5m_a9tr40 ... 
[MSV-NPF]:   Building connectivity for subckt nand3_x1p4a_a9tl40 ... 
[MSV-NPF]:   Building connectivity for subckt latqn_x1m_a9tr40 ... 
[MSV-NPF]:   Building connectivity for subckt latqn_x2m_a9tr40 ... 
[MSV-NPF]:   Building connectivity for subckt latqn_x3m_a9tr40 ... 
[MSV-NPF]:   Building connectivity for subckt posticg_x0p6b_a9tl40 ... 
[MSV-NPF]:   Building connectivity for subckt addfh_x1m_a9tl40 ... 
[MSV-NPF]:   Building connectivity for subckt latqn_x4m_a9tr40 ... 
[MSV-NPF]:   Building connectivity for subckt and3_x11m_a9tl40 ... 
[MSV-NPF]:   Building connectivity for subckt nand3xxb_x3m_a9tr40 ... 
[MSV-NPF]:   Building connectivity for subckt latq_x2m_a9tr40 ... 
[MSV-NPF]:   Building connectivity for subckt nand2_x0p5m_a9tl40 ... 
[MSV-NPF]:   Building connectivity for subckt oa22_x0p5m_a9tr40 ... 
[MSV-NPF]:   Building connectivity for subckt latrpqn_x0p5m_a9tr40 ... 
[MSV-NPF]:   Building connectivity for subckt oai211_x0p5m_a9tl40 ... 
[MSV-NPF]:   Building connectivity for subckt latrpqn_x1m_a9tr40 ... 
[MSV-NPF]:   Building connectivity for subckt latrq_x1m_a9tl40 ... 
[MSV-NPF]:   Building connectivity for subckt bmxt_x0p7m_a9tl40 ... 
[MSV-NPF]:   Building connectivity for subckt latrpqn_x2m_a9tr40 ... 
[MSV-NPF]:   Building connectivity for subckt oai211_x0p7m_a9tl40 ... 
[MSV-NPF]:   Building connectivity for subckt latrpqn_x3m_a9tr40 ... 
[MSV-NPF]:   Building connectivity for subckt latrpqn_x4m_a9tr40 ... 
[MSV-NPF]:   Building connectivity for subckt latrq_x0p5m_a9tr40 ... 
[MSV-NPF]:   Building connectivity for subckt aoi211_x2m_a9tl40 ... 
[MSV-NPF]:   Building connectivity for subckt latrq_x2m_a9tr40 ... 
[MSV-NPF]:   Building connectivity for subckt aoi211_x3m_a9tl40 ... 
[MSV-NPF]:   Building connectivity for subckt latrq_x3m_a9tr40 ... 
[MSV-NPF]:   Building connectivity for subckt aoi221_x0p5m_a9tl40 ... 
[MSV-NPF]:   Building connectivity for subckt latspq_x0p5m_a9tr40 ... 
[MSV-NPF]:   Building connectivity for subckt bufh_x1m_a9tl40 ... 
[MSV-NPF]:   Building connectivity for subckt latspq_x1m_a9tr40 ... 
[MSV-NPF]:   Building connectivity for subckt latspq_x2m_a9tr40 ... 
[MSV-NPF]:   Building connectivity for subckt nand3bb_x0p5m_a9tl40 ... 
[MSV-NPF]:   Building connectivity for subckt latspq_x3m_a9tr40 ... 
[MSV-NPF]:   Building connectivity for subckt latnspq_x1m_a9tl40 ... 
[MSV-NPF]:   Building connectivity for subckt latsqn_x0p5m_a9tr40 ... 
[MSV-NPF]:   Building connectivity for subckt aoi22bb_x6m_a9tl40 ... 
[MSV-NPF]:   Building connectivity for subckt or3_x0p5m_a9tr40 ... 
[MSV-NPF]:   Building connectivity for subckt latsqn_x1m_a9tr40 ... 
[MSV-NPF]:   Building connectivity for subckt latsqn_x2m_a9tr40 ... 
[MSV-NPF]:   Building connectivity for subckt aoi22bb_x8m_a9tl40 ... 
[MSV-NPF]:   Building connectivity for subckt sdffnq_x2m_a9tr40 ... 
[MSV-NPF]:   Building connectivity for subckt latsqn_x3m_a9tr40 ... 
[MSV-NPF]:   Building connectivity for subckt xor3_x1m_a9tl40 ... 
[MSV-NPF]:   Building connectivity for subckt oai22_x4m_a9tl40 ... 
[MSV-NPF]:   Building connectivity for subckt oai21b_x2m_a9tl40 ... 
[MSV-NPF]:   Building connectivity for subckt nand3_x2m_a9tl40 ... 
[MSV-NPF]:   Building connectivity for subckt latsqn_x4m_a9tr40 ... 
[MSV-NPF]:   Building connectivity for subckt m2sdffqn_x0p5m_a9tr40 ... 
[MSV-NPF]:   Building connectivity for subckt m2sdffqn_x1m_a9tr40 ... 
[MSV-NPF]:   Building connectivity for subckt m2sdffqn_x3m_a9tr40 ... 
[MSV-NPF]:   Building connectivity for subckt esdffq_x1m_a9tl40 ... 
[MSV-NPF]:   Building connectivity for subckt ao21b_x0p7m_a9tl40 ... 
[MSV-NPF]:   Building connectivity for subckt mxt2_x1m_a9tr40 ... 
[MSV-NPF]:   Building connectivity for subckt m2sdffq_x0p5m_a9tr40 ... 
[MSV-NPF]:   Building connectivity for subckt m2sdffq_x1m_a9tr40 ... 
[MSV-NPF]:   Building connectivity for subckt oa211_x1p4m_a9tl40 ... 
[MSV-NPF]:   Building connectivity for subckt ao1b2_x3m_a9tl40 ... 
[MSV-NPF]:   Building connectivity for subckt nor4bb_x3m_a9tr40 ... 
[MSV-NPF]:   Building connectivity for subckt m2sdffq_x2m_a9tr40 ... 
[MSV-NPF]:   Building connectivity for subckt m2sdffq_x3m_a9tr40 ... 
[MSV-NPF]:   Building connectivity for subckt m2sdffq_x4m_a9tr40 ... 
[MSV-NPF]:   Building connectivity for subckt nand4xxxb_x2m_a9tl40 ... 
[MSV-NPF]:   Building connectivity for subckt aoi22_x0p5m_a9tl40 ... 
[MSV-NPF]:   Building connectivity for subckt mx2_x0p5b_a9tr40 ... 
[MSV-NPF]:   Building connectivity for subckt nand4xxxb_x4m_a9tl40 ... 
[MSV-NPF]:   Building connectivity for subckt aoi22_x0p7m_a9tl40 ... 
[MSV-NPF]:   Building connectivity for subckt mx2_x0p7b_a9tr40 ... 
[MSV-NPF]:   Building connectivity for subckt mx2_x1b_a9tr40 ... 
[MSV-NPF]:   Building connectivity for subckt mx2_x1p4b_a9tr40 ... 
[MSV-NPF]:   Building connectivity for subckt mx2_x3b_a9tr40 ... 
[MSV-NPF]:   Building connectivity for subckt mx2_x4b_a9tr40 ... 
[MSV-NPF]:   Building connectivity for subckt mx2_x6b_a9tr40 ... 
[MSV-NPF]:   Building connectivity for subckt mx2_x8b_a9tr40 ... 
[MSV-NPF]:   Building connectivity for subckt oa1b2_x8m_a9tl40 ... 
[MSV-NPF]:   Building connectivity for subckt nand3bb_x1p4m_a9tl40 ... 
[MSV-NPF]:   Building connectivity for subckt mxgl2_x0p5b_a9tr40 ... 
[MSV-NPF]:   Building connectivity for subckt mxgl2_x0p7b_a9tr40 ... 
[MSV-NPF]:   Building connectivity for subckt mxgl2_x1b_a9tr40 ... 
[MSV-NPF]:   Building connectivity for subckt oai211_x1m_a9tr40 ... 
[MSV-NPF]:   Building connectivity for subckt mxgl2_x2b_a9tr40 ... 
[MSV-NPF]:   Building connectivity for subckt nor2_x3a_a9tl40 ... 
[MSV-NPF]:   Building connectivity for subckt mxgl2_x4b_a9tr40 ... 
[MSV-NPF]:   Building connectivity for subckt nand3bb_x2m_a9tr40 ... 
[MSV-NPF]:   Building connectivity for subckt mxgl2_x6b_a9tr40 ... 
[MSV-NPF]:   Building connectivity for subckt nor2_x0p5a_a9tl40 ... 
[MSV-NPF]:   Building connectivity for subckt mxit2_x0p5m_a9tr40 ... 
[MSV-NPF]:   Building connectivity for subckt posticg_x11b_a9tl40 ... 
[MSV-NPF]:   Building connectivity for subckt mxit2_x0p7m_a9tr40 ... 
[MSV-NPF]:   Building connectivity for subckt mxit2_x3m_a9tr40 ... 
[MSV-NPF]:   Building connectivity for subckt esdffqn_x2m_a9tl40 ... 
[MSV-NPF]:   Building connectivity for subckt mxit4_x0p5m_a9tr40 ... 
[MSV-NPF]:   Building connectivity for subckt mxit4_x0p7m_a9tr40 ... 
[MSV-NPF]:   Building connectivity for subckt oa1b2_x0p7m_a9tl40 ... 
[MSV-NPF]:   Building connectivity for subckt mxit4_x1m_a9tr40 ... 
[MSV-NPF]:   Building connectivity for subckt mxit4_x1p4m_a9tr40 ... 
[MSV-NPF]:   Building connectivity for subckt mxit4_x2m_a9tr40 ... 
[MSV-NPF]:   Building connectivity for subckt mxt2_x6m_a9tr40 ... 
[MSV-NPF]:   Building connectivity for subckt mxit4_x3m_a9tr40 ... 
[MSV-NPF]:   Building connectivity for subckt mxt2_x0p5b_a9tr40 ... 
[MSV-NPF]:   Building connectivity for subckt mxt2_x0p7b_a9tr40 ... 
[MSV-NPF]:   Building connectivity for subckt oai211_x1m_a9tl40 ... 
[MSV-NPF]:   Building connectivity for subckt mxgl2_x2b_a9tl40 ... 
[MSV-NPF]:   Building connectivity for subckt mxt2_x0p7m_a9tr40 ... 
[MSV-NPF]:   Building connectivity for subckt aoi21b_x4m_a9tl40 ... 
[MSV-NPF]:   Building connectivity for subckt mxt2_x1b_a9tr40 ... 
[MSV-NPF]:   Building connectivity for subckt inv_x3b_a9tl40 ... 
[MSV-NPF]:   Building connectivity for subckt posticg_x7p5b_a9tr40 ... 
[MSV-NPF]:   Building connectivity for subckt mxt2_x1p4b_a9tr40 ... 
[MSV-NPF]:   Building connectivity for subckt inv_x3m_a9tl40 ... 
[MSV-NPF]:   Building connectivity for subckt mxt2_x1p4m_a9tr40 ... 
[MSV-NPF]:   Building connectivity for subckt mxt2_x2b_a9tr40 ... 
[MSV-NPF]:   Building connectivity for subckt mxt2_x2m_a9tr40 ... 
[MSV-NPF]:   Building connectivity for subckt mxt2_x3b_a9tr40 ... 
[MSV-NPF]:   Building connectivity for subckt mxt2_x3m_a9tr40 ... 
[MSV-NPF]:   Building connectivity for subckt mxt2_x4b_a9tr40 ... 
[MSV-NPF]:   Building connectivity for subckt mxt2_x4m_a9tr40 ... 
[MSV-NPF]:   Building connectivity for subckt mxt2_x6b_a9tr40 ... 
[MSV-NPF]:   Building connectivity for subckt mxt4_x0p5m_a9tr40 ... 
[MSV-NPF]:   Building connectivity for subckt mxt4_x0p7m_a9tr40 ... 
[MSV-NPF]:   Building connectivity for subckt dffsqn_x2m_a9tl40 ... 
[MSV-NPF]:   Building connectivity for subckt mxt4_x1p4m_a9tr40 ... 
[MSV-NPF]:   Building connectivity for subckt mxt4_x2m_a9tr40 ... 
[MSV-NPF]:   Building connectivity for subckt mxt4_x3m_a9tr40 ... 
[MSV-NPF]:   Building connectivity for subckt preicg_x3p5b_a9tl40 ... 
[MSV-NPF]:   Building connectivity for subckt oai221_x1p4m_a9tr40 ... 
[MSV-NPF]:   Building connectivity for subckt nand2b_x0p5m_a9tr40 ... 
[MSV-NPF]:   Building connectivity for subckt nand2b_x0p7m_a9tr40 ... 
[MSV-NPF]:   Building connectivity for subckt nand2b_x2m_a9tr40 ... 
[MSV-NPF]:   Building connectivity for subckt dly4_x0p5m_a9tl40 ... 
[MSV-NPF]:   Building connectivity for subckt nor2b_x6m_a9tr40 ... 
[MSV-NPF]:   Building connectivity for subckt nand2b_x3m_a9tr40 ... 
[MSV-NPF]:   Building connectivity for subckt nand2b_x4m_a9tr40 ... 
[MSV-NPF]:   Building connectivity for subckt nand2b_x6m_a9tr40 ... 
[MSV-NPF]:   Building connectivity for subckt sdffsrpq_x2m_a9tr40 ... 
[MSV-NPF]:   Building connectivity for subckt nand2b_x8m_a9tr40 ... 
[MSV-NPF]:   Building connectivity for subckt bufh_x6m_a9tl40 ... 
[MSV-NPF]:   Building connectivity for subckt nand2xb_x0p5m_a9tr40 ... 
[MSV-NPF]:   Building connectivity for subckt mx2_x0p7b_a9tl40 ... 
[MSV-NPF]:   Building connectivity for subckt nand2xb_x1p4m_a9tr40 ... 
[MSV-NPF]:   Building connectivity for subckt nand2xb_x3m_a9tr40 ... 
[MSV-NPF]:   Building connectivity for subckt nand2xb_x8m_a9tr40 ... 
[MSV-NPF]:   Building connectivity for subckt nand2_x0p5a_a9tr40 ... 
[MSV-NPF]:   Building connectivity for subckt nand4bb_x1p4m_a9tr40 ... 
[MSV-NPF]:   Building connectivity for subckt nand2_x0p5b_a9tr40 ... 
[MSV-NPF]:   Building connectivity for subckt nand2_x0p5m_a9tr40 ... 
[MSV-NPF]:   Building connectivity for subckt nand2_x0p7a_a9tr40 ... 
[MSV-NPF]:   Building connectivity for subckt oai22bb_x0p5m_a9tr40 ... 
[MSV-NPF]:   Building connectivity for subckt nand2_x0p7b_a9tr40 ... 
[MSV-NPF]:   Building connectivity for subckt nand2_x0p7m_a9tr40 ... 
[MSV-NPF]:   Building connectivity for subckt aoi22bb_x2m_a9tl40 ... 
[MSV-NPF]:   Building connectivity for subckt nand2_x1a_a9tr40 ... 
[MSV-NPF]:   Building connectivity for subckt nand2_x1b_a9tr40 ... 
[MSV-NPF]:   Building connectivity for subckt oai21_x3m_a9tr40 ... 
[MSV-NPF]:   Building connectivity for subckt nand2_x1m_a9tr40 ... 
[MSV-NPF]:   Building connectivity for subckt aoi22bb_x1p4m_a9tl40 ... 
[MSV-NPF]:   Building connectivity for subckt nand2_x1p4a_a9tr40 ... 
[MSV-NPF]:   Building connectivity for subckt mxit4_x0p7m_a9tl40 ... 
[MSV-NPF]:   Building connectivity for subckt nand2_x1p4b_a9tr40 ... 
[MSV-NPF]:   Building connectivity for subckt or2_x0p7b_a9tl40 ... 
[MSV-NPF]:   Building connectivity for subckt oa22_x6m_a9tl40 ... 
[MSV-NPF]:   Building connectivity for subckt nand2_x1p4m_a9tr40 ... 
[MSV-NPF]:   Building connectivity for subckt nand2_x2a_a9tr40 ... 
[MSV-NPF]:   Building connectivity for subckt nand2_x2b_a9tr40 ... 
[MSV-NPF]:   Building connectivity for subckt aoi22bb_x4m_a9tl40 ... 
[MSV-NPF]:   Building connectivity for subckt nor3_x0p5m_a9tr40 ... 
[MSV-NPF]:   Building connectivity for subckt nand2_x3a_a9tr40 ... 
[MSV-NPF]:   Building connectivity for subckt nand2_x3b_a9tr40 ... 
[MSV-NPF]:   Building connectivity for subckt filltie16_a9tl40 ... 
[MSV-NPF]:   Building connectivity for subckt nand2_x3m_a9tr40 ... 
[MSV-NPF]:   Building connectivity for subckt nand2_x4a_a9tr40 ... 
[MSV-NPF]:   Building connectivity for subckt bufz_x16m_a9tl40 ... 
[MSV-NPF]:   Building connectivity for subckt nand2_x4b_a9tr40 ... 
[MSV-NPF]:   Building connectivity for subckt nor2b_x3m_a9tl40 ... 
[MSV-NPF]:   Building connectivity for subckt xor2_x3m_a9tr40 ... 
[MSV-NPF]:   Building connectivity for subckt oai21_x6m_a9tr40 ... 
[MSV-NPF]:   Building connectivity for subckt nand2_x4m_a9tr40 ... 
[MSV-NPF]:   Building connectivity for subckt sdffnq_x1m_a9tr40 ... 
[MSV-NPF]:   Building connectivity for subckt nand2_x6a_a9tr40 ... 
[MSV-NPF]:   Building connectivity for subckt nand2b_x2m_a9tl40 ... 
[MSV-NPF]:   Building connectivity for subckt oai21_x8m_a9tr40 ... 
[MSV-NPF]:   Building connectivity for subckt nand2_x6m_a9tr40 ... 
[MSV-NPF]:   Building connectivity for subckt preicg_x1p4b_a9tl40 ... 
[MSV-NPF]:   Building connectivity for subckt nand2_x8a_a9tr40 ... 
[MSV-NPF]:   Building connectivity for subckt preicg_x5b_a9tr40 ... 
[MSV-NPF]:   Building connectivity for subckt nand2_x8b_a9tr40 ... 
[MSV-NPF]:   Building connectivity for subckt nand3bb_x0p5m_a9tr40 ... 
[MSV-NPF]:   Building connectivity for subckt nand3bb_x0p7m_a9tr40 ... 
[MSV-NPF]:   Building connectivity for subckt or2_x1p4m_a9tl40 ... 
[MSV-NPF]:   Building connectivity for subckt oai211_x4m_a9tr40 ... 
[MSV-NPF]:   Building connectivity for subckt nand3bb_x1m_a9tr40 ... 
[MSV-NPF]:   Building connectivity for subckt oa1b2_x8m_a9tr40 ... 
[MSV-NPF]:   Building connectivity for subckt nand3bb_x1p4m_a9tr40 ... 
[MSV-NPF]:   Building connectivity for subckt nor2_x6a_a9tl40 ... 
[MSV-NPF]:   Building connectivity for subckt nand3bb_x3m_a9tr40 ... 
[MSV-NPF]:   Building connectivity for subckt sdffsrpq_x0p5m_a9tl40 ... 
[MSV-NPF]:   Building connectivity for subckt nand3bb_x4m_a9tr40 ... 
[MSV-NPF]:   Building connectivity for subckt nand3bb_x6m_a9tr40 ... 
[MSV-NPF]:   Building connectivity for subckt oa21b_x4m_a9tl40 ... 
[MSV-NPF]:   Building connectivity for subckt nand3bb_x8m_a9tr40 ... 
[MSV-NPF]:   Building connectivity for subckt ao1b2_x6m_a9tl40 ... 
[MSV-NPF]:   Building connectivity for subckt nand3b_x0p5m_a9tr40 ... 
[MSV-NPF]:   Building connectivity for subckt nand3b_x0p7m_a9tr40 ... 
[MSV-NPF]:   Building connectivity for subckt nand3b_x1m_a9tr40 ... 
[MSV-NPF]:   Building connectivity for subckt nand3b_x1p4m_a9tr40 ... 
[MSV-NPF]:   Building connectivity for subckt oai21b_x0p5m_a9tr40 ... 
[MSV-NPF]:   Building connectivity for subckt nand3b_x3m_a9tr40 ... 
[MSV-NPF]:   Building connectivity for subckt nand3b_x4m_a9tr40 ... 
[MSV-NPF]:   Building connectivity for subckt nand3b_x6m_a9tr40 ... 
[MSV-NPF]:   Building connectivity for subckt nand3xxb_x0p5m_a9tr40 ... 
[MSV-NPF]:   Building connectivity for subckt nand3xxb_x0p7m_a9tr40 ... 
[MSV-NPF]:   Building connectivity for subckt sdffnq_x3m_a9tr40 ... 
[MSV-NPF]:   Building connectivity for subckt nand3xxb_x1p4m_a9tr40 ... 
[MSV-NPF]:   Building connectivity for subckt or3_x8m_a9tr40 ... 
[MSV-NPF]:   Building connectivity for subckt nand3xxb_x2m_a9tr40 ... 
[MSV-NPF]:   Building connectivity for subckt oa21_x0p7m_a9tr40 ... 
[MSV-NPF]:   Building connectivity for subckt nand3_x0p5a_a9tr40 ... 
[MSV-NPF]:   Building connectivity for subckt nand3xxb_x0p7m_a9tl40 ... 
[MSV-NPF]:   Building connectivity for subckt nand3_x0p5m_a9tr40 ... 
[MSV-NPF]:   Building connectivity for subckt nand3_x0p7a_a9tr40 ... 
[MSV-NPF]:   Building connectivity for subckt oai22_x3m_a9tr40 ... 
[MSV-NPF]:   Building connectivity for subckt oai21b_x1m_a9tr40 ... 
[MSV-NPF]:   Building connectivity for subckt nand3_x1m_a9tr40 ... 
[MSV-NPF]:   Building connectivity for subckt nand3_x1p4a_a9tr40 ... 
[MSV-NPF]:   Building connectivity for subckt nand3_x1p4m_a9tr40 ... 
[MSV-NPF]:   Building connectivity for subckt bufh_x11m_a9tl40 ... 
[MSV-NPF]:   Building connectivity for subckt and2_x0p5b_a9tl40 ... 
[MSV-NPF]:   Building connectivity for subckt nand3_x2a_a9tr40 ... 
[MSV-NPF]:   Building connectivity for subckt xor3_x1m_a9tr40 ... 
[MSV-NPF]:   Building connectivity for subckt oai22_x4m_a9tr40 ... 
[MSV-NPF]:   Building connectivity for subckt oai21b_x2m_a9tr40 ... 
[MSV-NPF]:   Building connectivity for subckt nand3_x2m_a9tr40 ... 
[MSV-NPF]:   Building connectivity for subckt oa22_x8m_a9tl40 ... 
[MSV-NPF]:   Building connectivity for subckt nand3_x3a_a9tr40 ... 
[MSV-NPF]:   Building connectivity for subckt bufh_x13m_a9tl40 ... 
[MSV-NPF]:   Building connectivity for subckt and2_x0p7b_a9tl40 ... 
[MSV-NPF]:   Building connectivity for subckt nand3_x4a_a9tr40 ... 
[MSV-NPF]:   Building connectivity for subckt oai22_x6m_a9tr40 ... 
[MSV-NPF]:   Building connectivity for subckt oai21b_x4m_a9tr40 ... 
[MSV-NPF]:   Building connectivity for subckt nand3_x4m_a9tr40 ... 
[MSV-NPF]:   Building connectivity for subckt dffrpqn_x0p5m_a9tl40 ... 
[MSV-NPF]:   Building connectivity for subckt nand4bb_x0p7m_a9tr40 ... 
[MSV-NPF]:   Building connectivity for subckt nand4bb_x1m_a9tr40 ... 
[MSV-NPF]:   Building connectivity for subckt nand4bb_x2m_a9tr40 ... 
[MSV-NPF]:   Building connectivity for subckt nand4bb_x3m_a9tr40 ... 
[MSV-NPF]:   Building connectivity for subckt nand4bb_x4m_a9tr40 ... 
[MSV-NPF]:   Building connectivity for subckt or2_x0p5m_a9tl40 ... 
[MSV-NPF]:   Building connectivity for subckt nand4b_x3m_a9tr40 ... 
[MSV-NPF]:   Building connectivity for subckt nand4bb_x6m_a9tr40 ... 
[MSV-NPF]:   Building connectivity for subckt nand4b_x0p5m_a9tr40 ... 
[MSV-NPF]:   Building connectivity for subckt xnor3_x0p7m_a9tr40 ... 
[MSV-NPF]:   Building connectivity for subckt nand4b_x1m_a9tr40 ... 
[MSV-NPF]:   Building connectivity for subckt nor3_x2a_a9tr40 ... 
[MSV-NPF]:   Building connectivity for subckt nand4b_x1p4m_a9tr40 ... 
[MSV-NPF]:   Building connectivity for subckt benc_x4m_a9tl40 ... 
[MSV-NPF]:   Building connectivity for subckt nand4b_x2m_a9tr40 ... 
[MSV-NPF]:   Building connectivity for subckt nand4b_x4m_a9tr40 ... 
[MSV-NPF]:   Building connectivity for subckt nand4xxxb_x0p5m_a9tr40 ... 
[MSV-NPF]:   Building connectivity for subckt nand4xxxb_x0p7m_a9tr40 ... 
[MSV-NPF]:   Building connectivity for subckt posticg_x2b_a9tr40 ... 
[MSV-NPF]:   Building connectivity for subckt nand4xxxb_x1p4m_a9tr40 ... 
[MSV-NPF]:   Building connectivity for subckt or2_x8m_a9tl40 ... 
[MSV-NPF]:   Building connectivity for subckt nand4xxxb_x3m_a9tr40 ... 
[MSV-NPF]:   Building connectivity for subckt nand4_x1m_a9tl40 ... 
[MSV-NPF]:   Building connectivity for subckt oa22_x0p7m_a9tr40 ... 
[MSV-NPF]:   Building connectivity for subckt nand4_x0p5a_a9tr40 ... 
[MSV-NPF]:   Building connectivity for subckt preicg_x0p6b_a9tl40 ... 
[MSV-NPF]:   Building connectivity for subckt nand4_x0p5m_a9tr40 ... 
[MSV-NPF]:   Building connectivity for subckt oa21_x3m_a9tr40 ... 
[MSV-NPF]:   Building connectivity for subckt nand4_x0p7a_a9tr40 ... 
[MSV-NPF]:   Building connectivity for subckt preicg_x0p8b_a9tl40 ... 
[MSV-NPF]:   Building connectivity for subckt nand4_x0p7m_a9tr40 ... 
[MSV-NPF]:   Building connectivity for subckt nand4_x1a_a9tr40 ... 
[MSV-NPF]:   Building connectivity for subckt nand4_x1m_a9tr40 ... 
[MSV-NPF]:   Building connectivity for subckt nand4_x1p4a_a9tr40 ... 
[MSV-NPF]:   Building connectivity for subckt nand4_x1p4m_a9tr40 ... 
[MSV-NPF]:   Building connectivity for subckt nand4_x2a_a9tr40 ... 
[MSV-NPF]:   Building connectivity for subckt nand4_x2m_a9tr40 ... 
[MSV-NPF]:   Building connectivity for subckt buf_x1p7m_a9tl40 ... 
[MSV-NPF]:   Building connectivity for subckt bufh_x3p5m_a9tl40 ... 
[MSV-NPF]:   Building connectivity for subckt oai22bb_x1m_a9tr40 ... 
[MSV-NPF]:   Building connectivity for subckt nand4_x3a_a9tr40 ... 
[MSV-NPF]:   Building connectivity for subckt cgencon_x1m_a9tl40 ... 
[MSV-NPF]:   Building connectivity for subckt nand4_x3m_a9tr40 ... 
[MSV-NPF]:   Building connectivity for subckt nand4_x4a_a9tr40 ... 
[MSV-NPF]:   Building connectivity for subckt cgencon_x2m_a9tl40 ... 
[MSV-NPF]:   Building connectivity for subckt aoi221_x3m_a9tl40 ... 
[MSV-NPF]:   Building connectivity for subckt nand4_x4m_a9tr40 ... 
[MSV-NPF]:   Building connectivity for subckt xnor2_x3m_a9tl40 ... 
[MSV-NPF]:   Building connectivity for subckt nor2b_x0p5m_a9tr40 ... 
[MSV-NPF]:   Building connectivity for subckt nor2b_x0p7m_a9tr40 ... 
[MSV-NPF]:   Building connectivity for subckt nor2b_x1m_a9tr40 ... 
[MSV-NPF]:   Building connectivity for subckt nor2b_x2m_a9tr40 ... 
[MSV-NPF]:   Building connectivity for subckt nor2b_x3m_a9tr40 ... 
[MSV-NPF]:   Building connectivity for subckt nor2b_x8m_a9tr40 ... 
[MSV-NPF]:   Building connectivity for subckt nor2xb_x0p5m_a9tr40 ... 
[MSV-NPF]:   Building connectivity for subckt nand4_x1p4m_a9tl40 ... 
[MSV-NPF]:   Building connectivity for subckt nor2xb_x0p7m_a9tr40 ... 
[MSV-NPF]:   Building connectivity for subckt nor2xb_x1m_a9tr40 ... 
[MSV-NPF]:   Building connectivity for subckt buf_x0p8b_a9tl40 ... 
[MSV-NPF]:   Building connectivity for subckt nor2xb_x1p4m_a9tr40 ... 
[MSV-NPF]:   Building connectivity for subckt nor2xb_x2m_a9tr40 ... 
[MSV-NPF]:   Building connectivity for subckt ao22_x0p5m_a9tl40 ... 
[MSV-NPF]:   Building connectivity for subckt nor2xb_x3m_a9tr40 ... 
[MSV-NPF]:   Building connectivity for subckt nor2xb_x4m_a9tr40 ... 
[MSV-NPF]:   Building connectivity for subckt nor2xb_x6m_a9tr40 ... 
[MSV-NPF]:   Building connectivity for subckt nor2xb_x8m_a9tr40 ... 
[MSV-NPF]:   Building connectivity for subckt nor2_x0p5a_a9tr40 ... 
[MSV-NPF]:   Building connectivity for subckt nor2_x0p5b_a9tr40 ... 
[MSV-NPF]:   Building connectivity for subckt oai22_x1p4m_a9tr40 ... 
[MSV-NPF]:   Building connectivity for subckt nor2_x0p5m_a9tr40 ... 
[MSV-NPF]:   Building connectivity for subckt nor2_x0p7a_a9tr40 ... 
[MSV-NPF]:   Building connectivity for subckt mxt2_x0p5m_a9tl40 ... 
[MSV-NPF]:   Building connectivity for subckt bmxit_x2m_a9tl40 ... 
[MSV-NPF]:   Building connectivity for subckt nor2_x0p7b_a9tr40 ... 
[MSV-NPF]:   Building connectivity for subckt fill8_a9tl40 ... 
[MSV-NPF]:   Building connectivity for subckt oa22_x1m_a9tr40 ... 
[MSV-NPF]:   Building connectivity for subckt nor2_x0p7m_a9tr40 ... 
[MSV-NPF]:   Building connectivity for subckt nor2_x1a_a9tr40 ... 
[MSV-NPF]:   Building connectivity for subckt mxt2_x2b_a9tl40 ... 
[MSV-NPF]:   Building connectivity for subckt nor2_x1m_a9tr40 ... 
[MSV-NPF]:   Building connectivity for subckt latnrpqn_x4m_a9tl40 ... 
[MSV-NPF]:   Building connectivity for subckt nor2_x1p4a_a9tr40 ... 
[MSV-NPF]:   Building connectivity for subckt nor3bb_x1p4m_a9tl40 ... 
[MSV-NPF]:   Building connectivity for subckt nor2_x2a_a9tr40 ... 
[MSV-NPF]:   Building connectivity for subckt nor2_x2b_a9tr40 ... 
[MSV-NPF]:   Building connectivity for subckt mxt2_x3b_a9tl40 ... 
[MSV-NPF]:   Building connectivity for subckt nor2_x2m_a9tr40 ... 
[MSV-NPF]:   Building connectivity for subckt or3_x1p4m_a9tl40 ... 
[MSV-NPF]:   Building connectivity for subckt nor2_x3a_a9tr40 ... 
[MSV-NPF]:   Building connectivity for subckt nor2_x3b_a9tr40 ... 
[MSV-NPF]:   Building connectivity for subckt nor2_x3m_a9tr40 ... 
[MSV-NPF]:   Building connectivity for subckt buf_x0p7b_a9tl40 ... 
[MSV-NPF]:   Building connectivity for subckt nor2_x4a_a9tr40 ... 
[MSV-NPF]:   Building connectivity for subckt oa21_x0p5m_a9tl40 ... 
[MSV-NPF]:   Building connectivity for subckt nor2_x4b_a9tr40 ... 
[MSV-NPF]:   Building connectivity for subckt nor2_x4m_a9tr40 ... 
[MSV-NPF]:   Building connectivity for subckt sdffnrpq_x3m_a9tl40 ... 
[MSV-NPF]:   Building connectivity for subckt nor2_x6a_a9tr40 ... 
[MSV-NPF]:   Building connectivity for subckt oa21_x0p7m_a9tl40 ... 
[MSV-NPF]:   Building connectivity for subckt nand3_x0p5a_a9tl40 ... 
[MSV-NPF]:   Building connectivity for subckt nor2_x6b_a9tr40 ... 
[MSV-NPF]:   Building connectivity for subckt nor2_x6m_a9tr40 ... 
[MSV-NPF]:   Building connectivity for subckt nor2_x8a_a9tr40 ... 
[MSV-NPF]:   Building connectivity for subckt nor2_x8b_a9tr40 ... 
[MSV-NPF]:   Building connectivity for subckt nor2_x8m_a9tr40 ... 
[MSV-NPF]:   Building connectivity for subckt nor3bb_x0p5m_a9tr40 ... 
[MSV-NPF]:   Building connectivity for subckt preicg_x1p2b_a9tl40 ... 
[MSV-NPF]:   Building connectivity for subckt nor3bb_x0p7m_a9tr40 ... 
[MSV-NPF]:   Building connectivity for subckt oai2xb1_x0p7m_a9tr40 ... 
[MSV-NPF]:   Building connectivity for subckt nor3bb_x1m_a9tr40 ... 
[MSV-NPF]:   Building connectivity for subckt nor3bb_x1p4m_a9tr40 ... 
[MSV-NPF]:   Building connectivity for subckt fill128_a9tl40 ... 
[MSV-NPF]:   Building connectivity for subckt dffsqn_x3m_a9tl40 ... 
[MSV-NPF]:   Building connectivity for subckt sdffrpqa_x1m_a9tr40 ... 
[MSV-NPF]:   Building connectivity for subckt nor3bb_x2m_a9tr40 ... 
[MSV-NPF]:   Building connectivity for subckt nor3bb_x3m_a9tr40 ... 
[MSV-NPF]:   Building connectivity for subckt a2sdffqn_x0p5m_a9tl40 ... 
[MSV-NPF]:   Building connectivity for subckt nor3bb_x4m_a9tr40 ... 
[MSV-NPF]:   Building connectivity for subckt nor3bb_x6m_a9tr40 ... 
[MSV-NPF]:   Building connectivity for subckt nor3bb_x8m_a9tr40 ... 
[MSV-NPF]:   Building connectivity for subckt esdffqn_x3m_a9tl40 ... 
[MSV-NPF]:   Building connectivity for subckt nor3_x0p5a_a9tr40 ... 
[MSV-NPF]:   Building connectivity for subckt nor3_x0p7a_a9tr40 ... 
[MSV-NPF]:   Building connectivity for subckt nor3_x0p7m_a9tr40 ... 
[MSV-NPF]:   Building connectivity for subckt nor3_x1a_a9tr40 ... 
[MSV-NPF]:   Building connectivity for subckt nor3_x1p4a_a9tr40 ... 
[MSV-NPF]:   Building connectivity for subckt nor3_x1p4m_a9tr40 ... 
[MSV-NPF]:   Building connectivity for subckt nor3_x2m_a9tr40 ... 
[MSV-NPF]:   Building connectivity for subckt latrq_x2m_a9tl40 ... 
[MSV-NPF]:   Building connectivity for subckt nor3_x3a_a9tr40 ... 
[MSV-NPF]:   Building connectivity for subckt nand4bb_x1m_a9tl40 ... 
[MSV-NPF]:   Building connectivity for subckt rf2r1ws_x2m_a9tr40 ... 
[MSV-NPF]:   Building connectivity for subckt nor3_x3m_a9tr40 ... 
[MSV-NPF]:   Building connectivity for subckt nor3_x4a_a9tr40 ... 
[MSV-NPF]:   Building connectivity for subckt nor3_x4m_a9tr40 ... 
[MSV-NPF]:   Building connectivity for subckt sdffsq_x1m_a9tl40 ... 
[MSV-NPF]:   Building connectivity for subckt nor4bb_x0p5m_a9tr40 ... 
[MSV-NPF]:   Building connectivity for subckt sdffsq_x3m_a9tl40 ... 
[MSV-NPF]:   Building connectivity for subckt nor4bb_x0p7m_a9tr40 ... 
[MSV-NPF]:   Building connectivity for subckt ao1b2_x1m_a9tl40 ... 
[MSV-NPF]:   Building connectivity for subckt nor4bb_x1m_a9tr40 ... 
[MSV-NPF]:   Building connectivity for subckt ao21_x1m_a9tl40 ... 
[MSV-NPF]:   Building connectivity for subckt nor4bb_x1p4m_a9tr40 ... 
[MSV-NPF]:   Building connectivity for subckt posticg_x3b_a9tl40 ... 
[MSV-NPF]:   Building connectivity for subckt oa1b2_x0p7m_a9tr40 ... 
[MSV-NPF]:   Building connectivity for subckt oa1b2_x1m_a9tr40 ... 
[MSV-NPF]:   Building connectivity for subckt ao21b_x1m_a9tl40 ... 
[MSV-NPF]:   Building connectivity for subckt and3_x8m_a9tl40 ... 
[MSV-NPF]:   Building connectivity for subckt oa1b2_x2m_a9tr40 ... 
[MSV-NPF]:   Building connectivity for subckt ao21b_x3m_a9tl40 ... 
[MSV-NPF]:   Building connectivity for subckt oa1b2_x4m_a9tr40 ... 
[MSV-NPF]:   Building connectivity for subckt oa1b2_x6m_a9tr40 ... 
[MSV-NPF]:   Building connectivity for subckt sdffsqn_x1m_a9tl40 ... 
[MSV-NPF]:   Building connectivity for subckt oa211_x0p5m_a9tr40 ... 
[MSV-NPF]:   Building connectivity for subckt sdffsqn_x3m_a9tl40 ... 
[MSV-NPF]:   Building connectivity for subckt oai2xb1_x2m_a9tl40 ... 
[MSV-NPF]:   Building connectivity for subckt oa211_x0p7m_a9tr40 ... 
[MSV-NPF]:   Building connectivity for subckt sdffrpq_x1m_a9tl40 ... 
[MSV-NPF]:   Building connectivity for subckt oa211_x1m_a9tr40 ... 
[MSV-NPF]:   Building connectivity for subckt sdffrpq_x2m_a9tl40 ... 
[MSV-NPF]:   Building connectivity for subckt oa211_x2m_a9tr40 ... 
[MSV-NPF]:   Building connectivity for subckt oa211_x3m_a9tr40 ... 
[MSV-NPF]:   Building connectivity for subckt sdffrpq_x4m_a9tl40 ... 
[MSV-NPF]:   Building connectivity for subckt buf_x7p5b_a9tl40 ... 
[MSV-NPF]:   Building connectivity for subckt oa211_x4m_a9tr40 ... 
[MSV-NPF]:   Building connectivity for subckt oa211_x6m_a9tr40 ... 
[MSV-NPF]:   Building connectivity for subckt oa21a1oi2_x0p5m_a9tr40 ... 
[MSV-NPF]:   Building connectivity for subckt oa21a1oi2_x0p7m_a9tr40 ... 
[MSV-NPF]:   Building connectivity for subckt and4_x8m_a9tl40 ... 
[MSV-NPF]:   Building connectivity for subckt oa21a1oi2_x2m_a9tr40 ... 
[MSV-NPF]:   Building connectivity for subckt oa21a1oi2_x3m_a9tr40 ... 
[MSV-NPF]:   Building connectivity for subckt xnor3_x1m_a9tl40 ... 
[MSV-NPF]:   Building connectivity for subckt oa21a1oi2_x4m_a9tr40 ... 
[MSV-NPF]:   Building connectivity for subckt xnor3_x3m_a9tl40 ... 
[MSV-NPF]:   Building connectivity for subckt rf1r2ws_x1m_a9tr40 ... 
[MSV-NPF]:   Building connectivity for subckt oa21a1oi2_x6m_a9tr40 ... 
[MSV-NPF]:   Building connectivity for subckt latnrpqn_x0p5m_a9tl40 ... 
[MSV-NPF]:   Building connectivity for subckt inv_x2p5b_a9tl40 ... 
[MSV-NPF]:   Building connectivity for subckt oa21b_x0p7m_a9tr40 ... 
[MSV-NPF]:   Building connectivity for subckt rf2r1ws_x1m_a9tl40 ... 
[MSV-NPF]:   Building connectivity for subckt oa21b_x1m_a9tr40 ... 
[MSV-NPF]:   Building connectivity for subckt oa21b_x1p4m_a9tr40 ... 
[MSV-NPF]:   Building connectivity for subckt oa21b_x3m_a9tr40 ... 
[MSV-NPF]:   Building connectivity for subckt xnor2_x0p5m_a9tl40 ... 
[MSV-NPF]:   Building connectivity for subckt oa21b_x4m_a9tr40 ... 
[MSV-NPF]:   Building connectivity for subckt xnor2_x0p7m_a9tl40 ... 
[MSV-NPF]:   Building connectivity for subckt cgencin_x1p4m_a9tl40 ... 
[MSV-NPF]:   Building connectivity for subckt oa21b_x6m_a9tr40 ... 
[MSV-NPF]:   Building connectivity for subckt oa21b_x8m_a9tr40 ... 
[MSV-NPF]:   Building connectivity for subckt oa21_x0p5m_a9tr40 ... 
[MSV-NPF]:   Building connectivity for subckt bufh_x16m_a9tl40 ... 
[MSV-NPF]:   Building connectivity for subckt oa21_x1m_a9tr40 ... 
[MSV-NPF]:   Building connectivity for subckt posticg_x13b_a9tr40 ... 
[MSV-NPF]:   Building connectivity for subckt oa21_x1p4m_a9tr40 ... 
[MSV-NPF]:   Building connectivity for subckt dffsq_x0p5m_a9tl40 ... 
[MSV-NPF]:   Building connectivity for subckt oa21_x2m_a9tr40 ... 
[MSV-NPF]:   Building connectivity for subckt oa21_x4m_a9tr40 ... 
[MSV-NPF]:   Building connectivity for subckt oa21_x6m_a9tr40 ... 
[MSV-NPF]:   Building connectivity for subckt oa21_x8m_a9tr40 ... 
[MSV-NPF]:   Building connectivity for subckt oa22_x1p4m_a9tr40 ... 
[MSV-NPF]:   Building connectivity for subckt oai22bb_x6m_a9tr40 ... 
[MSV-NPF]:   Building connectivity for subckt oa22_x2m_a9tr40 ... 
[MSV-NPF]:   Building connectivity for subckt oa22_x3m_a9tr40 ... 
[MSV-NPF]:   Building connectivity for subckt or2_x0p5b_a9tr40 ... 
[MSV-NPF]:   Building connectivity for subckt oa22_x4m_a9tr40 ... 
[MSV-NPF]:   Building connectivity for subckt oa22_x8m_a9tr40 ... 
[MSV-NPF]:   Building connectivity for subckt oai211_x0p5m_a9tr40 ... 
[MSV-NPF]:   Building connectivity for subckt oai211_x0p7m_a9tr40 ... 
[MSV-NPF]:   Building connectivity for subckt oai211_x1p4m_a9tr40 ... 
[MSV-NPF]:   Building connectivity for subckt oai211_x2m_a9tr40 ... 
[MSV-NPF]:   Building connectivity for subckt cgen_x2m_a9tl40 ... 
[MSV-NPF]:   Building connectivity for subckt oai211_x3m_a9tr40 ... 
[MSV-NPF]:   Building connectivity for subckt oai21b_x0p7m_a9tr40 ... 
[MSV-NPF]:   Building connectivity for subckt oai21b_x1p4m_a9tr40 ... 
[MSV-NPF]:   Building connectivity for subckt and3_x0p5m_a9tl40 ... 
[MSV-NPF]:   Building connectivity for subckt oai21b_x8m_a9tr40 ... 
[MSV-NPF]:   Building connectivity for subckt oai21_x0p7m_a9tr40 ... 
[MSV-NPF]:   Building connectivity for subckt oai21_x1p4m_a9tr40 ... 
[MSV-NPF]:   Building connectivity for subckt oai21_x2m_a9tr40 ... 
[MSV-NPF]:   Building connectivity for subckt oai21_x4m_a9tr40 ... 
[MSV-NPF]:   Building connectivity for subckt oai221_x0p5m_a9tr40 ... 
[MSV-NPF]:   Building connectivity for subckt oai221_x0p7m_a9tr40 ... 
[MSV-NPF]:   Building connectivity for subckt oai221_x1m_a9tr40 ... 
[MSV-NPF]:   Building connectivity for subckt aoi221_x0p7m_a9tl40 ... 
[MSV-NPF]:   Building connectivity for subckt posticg_x3p5b_a9tr40 ... 
[MSV-NPF]:   Building connectivity for subckt oai221_x2m_a9tr40 ... 
[MSV-NPF]:   Building connectivity for subckt fillcap128_a9tl40 ... 
[MSV-NPF]:   Building connectivity for subckt oai221_x3m_a9tr40 ... 
[MSV-NPF]:   Building connectivity for subckt oai221_x4m_a9tr40 ... 
[MSV-NPF]:   Building connectivity for subckt oai222_x0p5m_a9tr40 ... 
[MSV-NPF]:   Building connectivity for subckt xnor3_x0p5m_a9tr40 ... 
[MSV-NPF]:   Building connectivity for subckt oai222_x0p7m_a9tr40 ... 
[MSV-NPF]:   Building connectivity for subckt oai222_x1m_a9tr40 ... 
[MSV-NPF]:   Building connectivity for subckt oai222_x1p4m_a9tr40 ... 
[MSV-NPF]:   Building connectivity for subckt nor2_x3m_a9tl40 ... 
[MSV-NPF]:   Building connectivity for subckt oai222_x2m_a9tr40 ... 
[MSV-NPF]:   Building connectivity for subckt or6_x1m_a9tl40 ... 
[MSV-NPF]:   Building connectivity for subckt oai222_x3m_a9tr40 ... 
[MSV-NPF]:   Building connectivity for subckt oai22bb_x0p7m_a9tr40 ... 
[MSV-NPF]:   Building connectivity for subckt oai22bb_x1p4m_a9tr40 ... 
[MSV-NPF]:   Building connectivity for subckt oai22bb_x2m_a9tr40 ... 
[MSV-NPF]:   Building connectivity for subckt oai22bb_x3m_a9tr40 ... 
[MSV-NPF]:   Building connectivity for subckt oai22bb_x4m_a9tr40 ... 
[MSV-NPF]:   Building connectivity for subckt oai22bb_x8m_a9tr40 ... 
[MSV-NPF]:   Building connectivity for subckt oai22_x0p5m_a9tr40 ... 
[MSV-NPF]:   Building connectivity for subckt oai22_x0p7m_a9tr40 ... 
[MSV-NPF]:   Building connectivity for subckt oai22_x1m_a9tr40 ... 
[MSV-NPF]:   Building connectivity for subckt inv_x7p5b_a9tl40 ... 
[MSV-NPF]:   Building connectivity for subckt oai22_x2m_a9tr40 ... 
[MSV-NPF]:   Building connectivity for subckt preicg_x0p5b_a9tl40 ... 
[MSV-NPF]:   Building connectivity for subckt oai22_x8m_a9tr40 ... 
[MSV-NPF]:   Building connectivity for subckt oai2xb1_x0p5m_a9tr40 ... 
[MSV-NPF]:   Building connectivity for subckt fillsgcap32_a9tl40 ... 
[MSV-NPF]:   Building connectivity for subckt sdffsqn_x2m_a9tr40 ... 
[MSV-NPF]:   Building connectivity for subckt oai2xb1_x1m_a9tr40 ... 
[MSV-NPF]:   Building connectivity for subckt oai2xb1_x1p4m_a9tr40 ... 
[MSV-NPF]:   Building connectivity for subckt sdffsqn_x3m_a9tr40 ... 
[MSV-NPF]:   Building connectivity for subckt oai2xb1_x2m_a9tr40 ... 
[MSV-NPF]:   Building connectivity for subckt or4_x2m_a9tl40 ... 
[MSV-NPF]:   Building connectivity for subckt oai2xb1_x4m_a9tr40 ... 
[MSV-NPF]:   Building connectivity for subckt or4_x4m_a9tl40 ... 
[MSV-NPF]:   Building connectivity for subckt oai2xb1_x6m_a9tr40 ... 
[MSV-NPF]:   Building connectivity for subckt or4_x6m_a9tl40 ... 
[MSV-NPF]:   Building connectivity for subckt oai2xb1_x8m_a9tr40 ... 
[MSV-NPF]:   Building connectivity for subckt oai31_x1p4m_a9tr40 ... 
[MSV-NPF]:   Building connectivity for subckt buf_x11b_a9tl40 ... 
[MSV-NPF]:   Building connectivity for subckt oai31_x3m_a9tr40 ... 
[MSV-NPF]:   Building connectivity for subckt inv_x16m_a9tl40 ... 
[MSV-NPF]:   Building connectivity for subckt oai31_x4m_a9tr40 ... 
[MSV-NPF]:   Building connectivity for subckt oai31_x6m_a9tr40 ... 
[MSV-NPF]:   Building connectivity for subckt latsqn_x2m_a9tl40 ... 
[MSV-NPF]:   Building connectivity for subckt or2_x0p5m_a9tr40 ... 
[MSV-NPF]:   Building connectivity for subckt sdffnq_x3m_a9tl40 ... 
[MSV-NPF]:   Building connectivity for subckt nand3xxb_x1p4m_a9tl40 ... 
[MSV-NPF]:   Building connectivity for subckt or2_x0p7m_a9tr40 ... 
[MSV-NPF]:   Building connectivity for subckt or2_x11b_a9tr40 ... 
[MSV-NPF]:   Building connectivity for subckt or2_x11m_a9tr40 ... 
[MSV-NPF]:   Building connectivity for subckt or2_x1b_a9tr40 ... 
[MSV-NPF]:   Building connectivity for subckt rf1r1ws_x2m_a9tr40 ... 
[MSV-NPF]:   Building connectivity for subckt or2_x1m_a9tr40 ... 
[MSV-NPF]:   Building connectivity for subckt or2_x1p4b_a9tr40 ... 
[MSV-NPF]:   Building connectivity for subckt sdffnrpq_x1m_a9tl40 ... 
[MSV-NPF]:   Building connectivity for subckt or2_x1p4m_a9tr40 ... 
[MSV-NPF]:   Building connectivity for subckt or2_x2b_a9tr40 ... 
[MSV-NPF]:   Building connectivity for subckt or2_x2m_a9tr40 ... 
[MSV-NPF]:   Building connectivity for subckt inv_x2b_a9tl40 ... 
[MSV-NPF]:   Building connectivity for subckt or2_x3m_a9tr40 ... 
[MSV-NPF]:   Building connectivity for subckt or2_x4b_a9tr40 ... 
[MSV-NPF]:   Building connectivity for subckt or2_x4m_a9tr40 ... 
[MSV-NPF]:   Building connectivity for subckt or2_x6b_a9tr40 ... 
[MSV-NPF]:   Building connectivity for subckt inv_x5b_a9tl40 ... 
[MSV-NPF]:   Building connectivity for subckt or2_x6m_a9tr40 ... 
[MSV-NPF]:   Building connectivity for subckt cgeni_x1m_a9tl40 ... 
[MSV-NPF]:   Building connectivity for subckt or2_x8b_a9tr40 ... 
[MSV-NPF]:   Building connectivity for subckt cmpr42_x2m_a9tl40 ... 
[MSV-NPF]:   Building connectivity for subckt or2_x8m_a9tr40 ... 
[MSV-NPF]:   Building connectivity for subckt or3_x0p7m_a9tr40 ... 
[MSV-NPF]:   Building connectivity for subckt or3_x1m_a9tr40 ... 
[MSV-NPF]:   Building connectivity for subckt or3_x1p4m_a9tr40 ... 
[MSV-NPF]:   Building connectivity for subckt or3_x3m_a9tr40 ... 
[MSV-NPF]:   Building connectivity for subckt or3_x6m_a9tr40 ... 
[MSV-NPF]:   Building connectivity for subckt nand2_x3m_a9tl40 ... 
[MSV-NPF]:   Building connectivity for subckt or4_x1m_a9tr40 ... 
[MSV-NPF]:   Building connectivity for subckt or6_x3m_a9tl40 ... 
[MSV-NPF]:   Building connectivity for subckt or4_x1p4m_a9tr40 ... 
[MSV-NPF]:   Building connectivity for subckt or4_x2m_a9tr40 ... 
[MSV-NPF]:   Building connectivity for subckt or4_x3m_a9tr40 ... 
[MSV-NPF]:   Building connectivity for subckt or4_x4m_a9tr40 ... 
[MSV-NPF]:   Building connectivity for subckt or2_x2b_a9tl40 ... 
[MSV-NPF]:   Building connectivity for subckt or4_x6m_a9tr40 ... 
[MSV-NPF]:   Building connectivity for subckt or2_x4b_a9tl40 ... 
[MSV-NPF]:   Building connectivity for subckt or4_x8m_a9tr40 ... 
[MSV-NPF]:   Building connectivity for subckt or6_x0p7m_a9tr40 ... 
[MSV-NPF]:   Building connectivity for subckt or6_x1m_a9tr40 ... 
[MSV-NPF]:   Building connectivity for subckt xor2_x1m_a9tl40 ... 
[MSV-NPF]:   Building connectivity for subckt nand2_x2m_a9tl40 ... 
[MSV-NPF]:   Building connectivity for subckt inv_x1p7b_a9tl40 ... 
[MSV-NPF]:   Building connectivity for subckt or6_x1p4m_a9tr40 ... 
[MSV-NPF]:   Building connectivity for subckt sdffsqna_x1m_a9tr40 ... 
[MSV-NPF]:   Building connectivity for subckt or6_x2m_a9tr40 ... 
[MSV-NPF]:   Building connectivity for subckt or6_x3m_a9tr40 ... 
[MSV-NPF]:   Building connectivity for subckt or6_x4m_a9tr40 ... 
[MSV-NPF]:   Building connectivity for subckt or6_x6m_a9tr40 ... 
[MSV-NPF]:   Building connectivity for subckt xor3_x0p5m_a9tl40 ... 
[MSV-NPF]:   Building connectivity for subckt posticg_x0p5b_a9tr40 ... 
[MSV-NPF]:   Building connectivity for subckt posticg_x11b_a9tr40 ... 
[MSV-NPF]:   Building connectivity for subckt posticg_x16b_a9tr40 ... 
[MSV-NPF]:   Building connectivity for subckt posticg_x1b_a9tr40 ... 
[MSV-NPF]:   Building connectivity for subckt bufh_x5m_a9tl40 ... 
[MSV-NPF]:   Building connectivity for subckt posticg_x1p2b_a9tr40 ... 
[MSV-NPF]:   Building connectivity for subckt xor3_x1p4m_a9tl40 ... 
[MSV-NPF]:   Building connectivity for subckt posticg_x1p4b_a9tr40 ... 
[MSV-NPF]:   Building connectivity for subckt posticg_x2p5b_a9tr40 ... 
[MSV-NPF]:   Building connectivity for subckt posticg_x3b_a9tr40 ... 
[MSV-NPF]:   Building connectivity for subckt posticg_x4b_a9tr40 ... 
[MSV-NPF]:   Building connectivity for subckt posticg_x5b_a9tr40 ... 
[MSV-NPF]:   Building connectivity for subckt posticg_x9b_a9tr40 ... 
[MSV-NPF]:   Building connectivity for subckt buf_x1m_a9tl40 ... 
[MSV-NPF]:   Building connectivity for subckt preicg_x0p5b_a9tr40 ... 
[MSV-NPF]:   Building connectivity for subckt aoi222_x0p7m_a9tl40 ... 
[MSV-NPF]:   Building connectivity for subckt ao1b2_x1p4m_a9tl40 ... 
[MSV-NPF]:   Building connectivity for subckt preicg_x0p6b_a9tr40 ... 
[MSV-NPF]:   Building connectivity for subckt preicg_x0p7b_a9tr40 ... 
[MSV-NPF]:   Building connectivity for subckt buf_x4m_a9tl40 ... 
[MSV-NPF]:   Building connectivity for subckt aoi21_x0p7m_a9tl40 ... 
[MSV-NPF]:   Building connectivity for subckt preicg_x0p8b_a9tr40 ... 
[MSV-NPF]:   Building connectivity for subckt or2_x1b_a9tl40 ... 
[MSV-NPF]:   Building connectivity for subckt preicg_x11b_a9tr40 ... 
[MSV-NPF]:   Building connectivity for subckt aoi31_x0p5m_a9tl40 ... 
[MSV-NPF]:   Building connectivity for subckt preicg_x13b_a9tr40 ... 
[MSV-NPF]:   Building connectivity for subckt preicg_x1b_a9tr40 ... 
[MSV-NPF]:   Building connectivity for subckt dffrpq_x2m_a9tl40 ... 
[MSV-NPF]:   Building connectivity for subckt preicg_x1p2b_a9tr40 ... 
[MSV-NPF]:   Building connectivity for subckt dffrpq_x4m_a9tl40 ... 
[MSV-NPF]:   Building connectivity for subckt preicg_x1p4b_a9tr40 ... 
[MSV-NPF]:   Building connectivity for subckt preicg_x1p7b_a9tr40 ... 
[MSV-NPF]:   Building connectivity for subckt preicg_x2b_a9tr40 ... 
[MSV-NPF]:   Building connectivity for subckt nand2_x0p7a_a9tl40 ... 
[MSV-NPF]:   Building connectivity for subckt preicg_x2p5b_a9tr40 ... 
[MSV-NPF]:   Building connectivity for subckt preicg_x3b_a9tr40 ... 
[MSV-NPF]:   Building connectivity for subckt buf_x13m_a9tl40 ... 
[MSV-NPF]:   Building connectivity for subckt preicg_x3p5b_a9tr40 ... 
[MSV-NPF]:   Building connectivity for subckt preicg_x4b_a9tr40 ... 
[MSV-NPF]:   Building connectivity for subckt filltie8_a9tl40 ... 
[MSV-NPF]:   Building connectivity for subckt preicg_x9b_a9tr40 ... 
[MSV-NPF]:   Building connectivity for subckt rf1r1ws_x1m_a9tr40 ... 
[MSV-NPF]:   Building connectivity for subckt rf1r1ws_x1p4m_a9tr40 ... 
[MSV-NPF]:   Building connectivity for subckt nor2b_x4m_a9tl40 ... 
[MSV-NPF]:   Building connectivity for subckt nand2b_x1m_a9tl40 ... 
[MSV-NPF]:   Building connectivity for subckt fill2_a9tl40 ... 
[MSV-NPF]:   Building connectivity for subckt xor2_x4m_a9tr40 ... 
[MSV-NPF]:   Building connectivity for subckt rf1r2ws_x1p4m_a9tr40 ... 
[MSV-NPF]:   Building connectivity for subckt rf1r2ws_x2m_a9tr40 ... 
[MSV-NPF]:   Building connectivity for subckt rf2r2ws_x2m_a9tl40 ... 
[MSV-NPF]:   Building connectivity for subckt rf2r1ws_x1m_a9tr40 ... 
[MSV-NPF]:   Building connectivity for subckt rf2r1ws_x1p4m_a9tr40 ... 
[MSV-NPF]:   Building connectivity for subckt nor2_x8b_a9tl40 ... 
[MSV-NPF]:   Building connectivity for subckt rf2r2ws_x1m_a9tr40 ... 
[MSV-NPF]:   Building connectivity for subckt rf2r2ws_x1p4m_a9tr40 ... 
[MSV-NPF]:   Building connectivity for subckt buf_x0p8m_a9tl40 ... 
[MSV-NPF]:   Building connectivity for subckt rf2r2ws_x2m_a9tr40 ... 
[MSV-NPF]:   Building connectivity for subckt sdffnrpq_x1m_a9tr40 ... 
[MSV-NPF]:   Building connectivity for subckt oai31_x1p4m_a9tl40 ... 
[MSV-NPF]:   Building connectivity for subckt sdffnrpq_x2m_a9tr40 ... 
[MSV-NPF]:   Building connectivity for subckt sdffnrpq_x3m_a9tr40 ... 
[MSV-NPF]:   Building connectivity for subckt oai22_x1m_a9tl40 ... 
[MSV-NPF]:   Building connectivity for subckt sdffnsq_x1m_a9tr40 ... 
[MSV-NPF]:   Building connectivity for subckt oai22_x2m_a9tl40 ... 
[MSV-NPF]:   Building connectivity for subckt sdffnsq_x2m_a9tr40 ... 
[MSV-NPF]:   Building connectivity for subckt oai22_x3m_a9tl40 ... 
[MSV-NPF]:   Building connectivity for subckt oai21b_x1m_a9tl40 ... 
[MSV-NPF]:   Building connectivity for subckt nand3_x1m_a9tl40 ... 
[MSV-NPF]:   Building connectivity for subckt sdffnsq_x3m_a9tr40 ... 
[MSV-NPF]:   Building connectivity for subckt inv_x7p5m_a9tl40 ... 
[MSV-NPF]:   Building connectivity for subckt sdffqa_x1m_a9tr40 ... 
[MSV-NPF]:   Building connectivity for subckt sdffsqn_x2m_a9tl40 ... 
[MSV-NPF]:   Building connectivity for subckt oai2xb1_x1m_a9tl40 ... 
[MSV-NPF]:   Building connectivity for subckt sdffqna_x1m_a9tr40 ... 
[MSV-NPF]:   Building connectivity for subckt sdffqn_x2m_a9tr40 ... 
[MSV-NPF]:   Building connectivity for subckt oai22_x0p7m_a9tl40 ... 
[MSV-NPF]:   Building connectivity for subckt sdffqn_x3m_a9tr40 ... 
[MSV-NPF]:   Building connectivity for subckt sdffq_x0p5m_a9tr40 ... 
[MSV-NPF]:   Building connectivity for subckt xnor2_x1m_a9tr40 ... 
[MSV-NPF]:   Building connectivity for subckt sdffq_x2m_a9tr40 ... 
[MSV-NPF]:   Building connectivity for subckt xnor2_x2m_a9tr40 ... 
[MSV-NPF]:   Building connectivity for subckt sdffq_x3m_a9tr40 ... 
[MSV-NPF]:   Building connectivity for subckt sdffrpqna_x1m_a9tr40 ... 
[MSV-NPF]:   Building connectivity for subckt ao21b_x1p4m_a9tl40 ... 
[MSV-NPF]:   Building connectivity for subckt sdffrpqn_x0p5m_a9tr40 ... 
[MSV-NPF]:   Building connectivity for subckt dffsqn_x0p5m_a9tl40 ... 
[MSV-NPF]:   Building connectivity for subckt sdffrpqn_x1m_a9tr40 ... 
[MSV-NPF]:   Building connectivity for subckt sdffrpqn_x2m_a9tr40 ... 
[MSV-NPF]:   Building connectivity for subckt sdffrpqn_x3m_a9tr40 ... 
[MSV-NPF]:   Building connectivity for subckt sdffrpq_x0p5m_a9tr40 ... 
[MSV-NPF]:   Building connectivity for subckt sdffrpq_x1m_a9tr40 ... 
[MSV-NPF]:   Building connectivity for subckt xnor2_x1p4m_a9tl40 ... 
[MSV-NPF]:   Building connectivity for subckt sdffrpq_x2m_a9tr40 ... 
[MSV-NPF]:   Building connectivity for subckt mxt2_x0p5b_a9tl40 ... 
[MSV-NPF]:   Building connectivity for subckt sdffrpq_x3m_a9tr40 ... 
[MSV-NPF]:   Building connectivity for subckt fillsgcap8_a9tl40 ... 
[MSV-NPF]:   Building connectivity for subckt sdffsqn_x0p5m_a9tr40 ... 
[MSV-NPF]:   Building connectivity for subckt mxt2_x6m_a9tl40 ... 
[MSV-NPF]:   Building connectivity for subckt mxit4_x3m_a9tl40 ... 
[MSV-NPF]:   Building connectivity for subckt sdffsqn_x1m_a9tr40 ... 
[MSV-NPF]:   Building connectivity for subckt sdffsq_x0p5m_a9tr40 ... 
[MSV-NPF]:   Building connectivity for subckt oa211_x2m_a9tl40 ... 
[MSV-NPF]:   Building connectivity for subckt sdffsq_x1m_a9tr40 ... 
[MSV-NPF]:   Building connectivity for subckt oa211_x3m_a9tl40 ... 
[MSV-NPF]:   Building connectivity for subckt sdffsq_x2m_a9tr40 ... 
[MSV-NPF]:   Building connectivity for subckt oa211_x4m_a9tl40 ... 
[MSV-NPF]:   Building connectivity for subckt sdffsq_x3m_a9tr40 ... 
[MSV-NPF]:   Building connectivity for subckt sdffsq_x4m_a9tr40 ... 
[MSV-NPF]:   Building connectivity for subckt latnq_x1m_a9tl40 ... 
[MSV-NPF]:   Building connectivity for subckt sdffsrpqa_x1m_a9tr40 ... 
[MSV-NPF]:   Building connectivity for subckt sdffsrpq_x0p5m_a9tr40 ... 
[MSV-NPF]:   Building connectivity for subckt sdffsrpq_x3m_a9tr40 ... 
[MSV-NPF]:   Building connectivity for subckt or6_x0p7m_a9tl40 ... 
[MSV-NPF]:   Building connectivity for subckt sdffsrpq_x4m_a9tr40 ... 
[MSV-NPF]:   Building connectivity for subckt mxt2_x2m_a9tl40 ... 
[MSV-NPF]:   Building connectivity for subckt sdffyq_x1m_a9tr40 ... 
[MSV-NPF]:   Building connectivity for subckt sdffyq_x2m_a9tr40 ... 
[MSV-NPF]:   Building connectivity for subckt mxt2_x4m_a9tl40 ... 
[MSV-NPF]:   Building connectivity for subckt sdffyq_x3m_a9tr40 ... 
[MSV-NPF]:   Building connectivity for subckt xnor3_x1p4m_a9tr40 ... 
[MSV-NPF]:   Building connectivity for subckt tiehi_x1m_a9tr40 ... 
[MSV-NPF]:   Building connectivity for subckt nand4bb_x3m_a9tl40 ... 
[MSV-NPF]:   Building connectivity for subckt xnor2_x0p5m_a9tr40 ... 
[MSV-NPF]:   Building connectivity for subckt xnor2_x1p4m_a9tr40 ... 
[MSV-NPF]:   Building connectivity for subckt xnor2_x3m_a9tr40 ... 
[MSV-NPF]:   Building connectivity for subckt xnor2_x4m_a9tr40 ... 
[MSV-NPF]:   Building connectivity for subckt posticg_x1p2b_a9tl40 ... 
[MSV-NPF]:   Building connectivity for subckt xnor3_x1m_a9tr40 ... 
[MSV-NPF]:   Building connectivity for subckt xnor3_x2m_a9tr40 ... 
[MSV-NPF]:   Building connectivity for subckt posticg_x1p4b_a9tl40 ... 
[MSV-NPF]:   Building connectivity for subckt xnor3_x3m_a9tr40 ... 
[MSV-NPF]:   Building connectivity for subckt xor2_x1p4m_a9tl40 ... 
[MSV-NPF]:   Building connectivity for subckt nand2xb_x0p7m_a9tl40 ... 
[MSV-NPF]:   Building connectivity for subckt addh_x1p4m_a9tl40 ... 
[MSV-NPF]:   Building connectivity for subckt xnor3_x4m_a9tr40 ... 
[MSV-NPF]:   Building connectivity for subckt xor2_x0p5m_a9tr40 ... 
[MSV-NPF]:   Building connectivity for subckt nor2b_x2m_a9tl40 ... 
[MSV-NPF]:   Building connectivity for subckt xor2_x2m_a9tr40 ... 
[MSV-NPF]:   Building connectivity for subckt xor3_x0p5m_a9tr40 ... 
[MSV-NPF]:   Building connectivity for subckt nor3_x4a_a9tl40 ... 
[MSV-NPF]:   Building connectivity for subckt xor3_x0p7m_a9tr40 ... 
[MSV-NPF]:   Building connectivity for subckt sdffsq_x2m_a9tl40 ... 
[MSV-NPF]:   Building connectivity for subckt xor3_x1p4m_a9tr40 ... 
[MSV-NPF]:   Building connectivity for subckt xor3_x4m_a9tr40 ... 
[MSV-NPF]:   Building connectivity for subckt a2sdffqn_x2m_a9tl40 ... 
[MSV-NPF]:   Building connectivity for subckt a2sdffqn_x3m_a9tl40 ... 
[MSV-NPF]:   Building connectivity for subckt a2sdffq_x1m_a9tl40 ... 
[MSV-NPF]:   Building connectivity for subckt a2sdffq_x3m_a9tl40 ... 
[MSV-NPF]:   Building connectivity for subckt addfcin_x1p4m_a9tl40 ... 
[MSV-NPF]:   Building connectivity for subckt xor2_x0p7m_a9tl40 ... 
[MSV-NPF]:   Building connectivity for subckt posticg_x0p8b_a9tl40 ... 
[MSV-NPF]:   Building connectivity for subckt addfcin_x2m_a9tl40 ... 
[MSV-NPF]:   Building connectivity for subckt dffrpq_x1m_a9tl40 ... 
[MSV-NPF]:   Building connectivity for subckt addfh_x1p4m_a9tl40 ... 
[MSV-NPF]:   Building connectivity for subckt posticg_x0p7b_a9tl40 ... 
[MSV-NPF]:   Building connectivity for subckt buf_x2p5m_a9tl40 ... 
[MSV-NPF]:   Building connectivity for subckt addfh_x2m_a9tl40 ... 
[MSV-NPF]:   Building connectivity for subckt addf_x2m_a9tl40 ... 
[MSV-NPF]:   Building connectivity for subckt addh_x1m_a9tl40 ... 
[MSV-NPF]:   Building connectivity for subckt addh_x2m_a9tl40 ... 
[MSV-NPF]:   Building connectivity for subckt oa1b2_x1p4m_a9tl40 ... 
[MSV-NPF]:   Building connectivity for subckt nand2xb_x2m_a9tl40 ... 
[MSV-NPF]:   Building connectivity for subckt latnspq_x3m_a9tl40 ... 
[MSV-NPF]:   Building connectivity for subckt and2_x0p5m_a9tl40 ... 
[MSV-NPF]:   Building connectivity for subckt nand2xb_x4m_a9tl40 ... 
[MSV-NPF]:   Building connectivity for subckt and2_x0p7m_a9tl40 ... 
[MSV-NPF]:   Building connectivity for subckt and2_x11b_a9tl40 ... 
[MSV-NPF]:   Building connectivity for subckt and2_x11m_a9tl40 ... 
[MSV-NPF]:   Building connectivity for subckt cgencin_x1m_a9tl40 ... 
[MSV-NPF]:   Building connectivity for subckt and2_x1b_a9tl40 ... 
[MSV-NPF]:   Building connectivity for subckt fillsgcap4_a9tl40 ... 
[MSV-NPF]:   Building connectivity for subckt and2_x1p4b_a9tl40 ... 
[MSV-NPF]:   Building connectivity for subckt and2_x1p4m_a9tl40 ... 
[MSV-NPF]:   Building connectivity for subckt cgencin_x2m_a9tl40 ... 
[MSV-NPF]:   Building connectivity for subckt bufh_x0p7m_a9tl40 ... 
[MSV-NPF]:   Building connectivity for subckt and2_x2b_a9tl40 ... 
[MSV-NPF]:   Building connectivity for subckt bufh_x0p8m_a9tl40 ... 
[MSV-NPF]:   Building connectivity for subckt and2_x3b_a9tl40 ... 
[MSV-NPF]:   Building connectivity for subckt and2_x4b_a9tl40 ... 
[MSV-NPF]:   Building connectivity for subckt and2_x4m_a9tl40 ... 
[MSV-NPF]:   Building connectivity for subckt and2_x6m_a9tl40 ... 
[MSV-NPF]:   Building connectivity for subckt and2_x8m_a9tl40 ... 
[MSV-NPF]:   Building connectivity for subckt ao21b_x0p5m_a9tl40 ... 
[MSV-NPF]:   Building connectivity for subckt and3_x0p7m_a9tl40 ... 
[MSV-NPF]:   Building connectivity for subckt and3_x1m_a9tl40 ... 
[MSV-NPF]:   Building connectivity for subckt aoi32_x6m_a9tl40 ... 
[MSV-NPF]:   Building connectivity for subckt and3_x1p4m_a9tl40 ... 
[MSV-NPF]:   Building connectivity for subckt and3_x6m_a9tl40 ... 
[MSV-NPF]:   Building connectivity for subckt oai31_x0p5m_a9tl40 ... 
[MSV-NPF]:   Building connectivity for subckt mxgl2_x1p4b_a9tl40 ... 
[MSV-NPF]:   Building connectivity for subckt and4_x0p5m_a9tl40 ... 
[MSV-NPF]:   Building connectivity for subckt oai31_x0p7m_a9tl40 ... 
[MSV-NPF]:   Building connectivity for subckt and4_x0p7m_a9tl40 ... 
[MSV-NPF]:   Building connectivity for subckt and4_x1m_a9tl40 ... 
[MSV-NPF]:   Building connectivity for subckt and4_x1p4m_a9tl40 ... 
[MSV-NPF]:   Building connectivity for subckt ao21_x2m_a9tl40 ... 
[MSV-NPF]:   Building connectivity for subckt and4_x2m_a9tl40 ... 
[MSV-NPF]:   Building connectivity for subckt and4_x3m_a9tl40 ... 
[MSV-NPF]:   Building connectivity for subckt and4_x4m_a9tl40 ... 
[MSV-NPF]:   Building connectivity for subckt and4_x6m_a9tl40 ... 
[MSV-NPF]:   Building connectivity for subckt mxit2_x1p4m_a9tl40 ... 
[MSV-NPF]:   Building connectivity for subckt ao1b2_x0p5m_a9tl40 ... 
[MSV-NPF]:   Building connectivity for subckt ao21_x6m_a9tl40 ... 
[MSV-NPF]:   Building connectivity for subckt ao1b2_x0p7m_a9tl40 ... 
[MSV-NPF]:   Building connectivity for subckt latnrpqn_x3m_a9tl40 ... 
[MSV-NPF]:   Building connectivity for subckt ao21a1ai2_x0p5m_a9tl40 ... 
[MSV-NPF]:   Building connectivity for subckt ao21a1ai2_x0p7m_a9tl40 ... 
[MSV-NPF]:   Building connectivity for subckt nand2_x8m_a9tl40 ... 
[MSV-NPF]:   Building connectivity for subckt ao21a1ai2_x1m_a9tl40 ... 
[MSV-NPF]:   Building connectivity for subckt oa1b2_x3m_a9tl40 ... 
[MSV-NPF]:   Building connectivity for subckt ao21a1ai2_x1p4m_a9tl40 ... 
[MSV-NPF]:   Building connectivity for subckt or2_x3b_a9tl40 ... 
[MSV-NPF]:   Building connectivity for subckt ao21a1ai2_x2m_a9tl40 ... 
[MSV-NPF]:   Building connectivity for subckt ao21a1ai2_x3m_a9tl40 ... 
[MSV-NPF]:   Building connectivity for subckt ao21a1ai2_x4m_a9tl40 ... 
[MSV-NPF]:   Building connectivity for subckt ao21a1ai2_x6m_a9tl40 ... 
[MSV-NPF]:   Building connectivity for subckt ao21b_x4m_a9tl40 ... 
[MSV-NPF]:   Building connectivity for subckt ao21b_x6m_a9tl40 ... 
[MSV-NPF]:   Building connectivity for subckt aoi222_x2m_a9tl40 ... 
[MSV-NPF]:   Building connectivity for subckt aoi221_x1p4m_a9tl40 ... 
[MSV-NPF]:   Building connectivity for subckt ao21_x0p7m_a9tl40 ... 
[MSV-NPF]:   Building connectivity for subckt ao21_x1p4m_a9tl40 ... 
[MSV-NPF]:   Building connectivity for subckt ao21_x3m_a9tl40 ... 
[MSV-NPF]:   Building connectivity for subckt ao21_x4m_a9tl40 ... 
[MSV-NPF]:   Building connectivity for subckt aoi222_x1p4m_a9tl40 ... 
[MSV-NPF]:   Building connectivity for subckt ao22_x0p7m_a9tl40 ... 
[MSV-NPF]:   Building connectivity for subckt ao22_x1m_a9tl40 ... 
[MSV-NPF]:   Building connectivity for subckt ao22_x1p4m_a9tl40 ... 
[MSV-NPF]:   Building connectivity for subckt ao22_x2m_a9tl40 ... 
[MSV-NPF]:   Building connectivity for subckt ao22_x3m_a9tl40 ... 
[MSV-NPF]:   Building connectivity for subckt sdffnsrpq_x2m_a9tl40 ... 
[MSV-NPF]:   Building connectivity for subckt ao22_x4m_a9tl40 ... 
[MSV-NPF]:   Building connectivity for subckt or6_x0p5m_a9tl40 ... 
[MSV-NPF]:   Building connectivity for subckt ao22_x6m_a9tl40 ... 
[MSV-NPF]:   Building connectivity for subckt aoi211_x0p5m_a9tl40 ... 
[MSV-NPF]:   Building connectivity for subckt aoi211_x0p7m_a9tl40 ... 
[MSV-NPF]:   Building connectivity for subckt aoi211_x1m_a9tl40 ... 
[MSV-NPF]:   Building connectivity for subckt aoi211_x1p4m_a9tl40 ... 
[MSV-NPF]:   Building connectivity for subckt fillcap8_a9tl40 ... 
[MSV-NPF]:   Building connectivity for subckt aoi211_x4m_a9tl40 ... 
[MSV-NPF]:   Building connectivity for subckt aoi21b_x0p5m_a9tl40 ... 
[MSV-NPF]:   Building connectivity for subckt fillcap32_a9tl40 ... 
[MSV-NPF]:   Building connectivity for subckt aoi21b_x1m_a9tl40 ... 
[MSV-NPF]:   Building connectivity for subckt aoi21b_x1p4m_a9tl40 ... 
[MSV-NPF]:   Building connectivity for subckt aoi21b_x2m_a9tl40 ... 
[MSV-NPF]:   Building connectivity for subckt aoi21b_x3m_a9tl40 ... 
[MSV-NPF]:   Building connectivity for subckt aoi21b_x8m_a9tl40 ... 
[MSV-NPF]:   Building connectivity for subckt buf_x2m_a9tl40 ... 
[MSV-NPF]:   Building connectivity for subckt bufz_x3m_a9tl40 ... 
[MSV-NPF]:   Building connectivity for subckt aoi21_x0p5m_a9tl40 ... 
[MSV-NPF]:   Building connectivity for subckt aoi21_x1m_a9tl40 ... 
[MSV-NPF]:   Building connectivity for subckt aoi21_x1p4m_a9tl40 ... 
[MSV-NPF]:   Building connectivity for subckt aoi21_x2m_a9tl40 ... 
[MSV-NPF]:   Building connectivity for subckt aoi21_x3m_a9tl40 ... 
[MSV-NPF]:   Building connectivity for subckt aoi21_x4m_a9tl40 ... 
[MSV-NPF]:   Building connectivity for subckt mx2_x2b_a9tl40 ... 
[MSV-NPF]:   Building connectivity for subckt aoi21_x6m_a9tl40 ... 
[MSV-NPF]:   Building connectivity for subckt aoi21_x8m_a9tl40 ... 
[MSV-NPF]:   Building connectivity for subckt preicg_x7p5b_a9tl40 ... 
[MSV-NPF]:   Building connectivity for subckt aoi221_x2m_a9tl40 ... 
[MSV-NPF]:   Building connectivity for subckt aoi221_x4m_a9tl40 ... 
[MSV-NPF]:   Building connectivity for subckt aoi222_x0p5m_a9tl40 ... 
[MSV-NPF]:   Building connectivity for subckt aoi222_x1m_a9tl40 ... 
[MSV-NPF]:   Building connectivity for subckt aoi222_x3m_a9tl40 ... 
[MSV-NPF]:   Building connectivity for subckt benc_x3m_a9tl40 ... 
[MSV-NPF]:   Building connectivity for subckt aoi222_x4m_a9tl40 ... 
[MSV-NPF]:   Building connectivity for subckt aoi22bb_x0p5m_a9tl40 ... 
[MSV-NPF]:   Building connectivity for subckt aoi22bb_x0p7m_a9tl40 ... 
[MSV-NPF]:   Building connectivity for subckt aoi22bb_x3m_a9tl40 ... 
[MSV-NPF]:   Building connectivity for subckt aoi22_x1m_a9tl40 ... 
[MSV-NPF]:   Building connectivity for subckt aoi22_x1p4m_a9tl40 ... 
[MSV-NPF]:   Building connectivity for subckt aoi22_x2m_a9tl40 ... 
[MSV-NPF]:   Building connectivity for subckt aoi22_x6m_a9tl40 ... 
[MSV-NPF]:   Building connectivity for subckt aoi22_x8m_a9tl40 ... 
[MSV-NPF]:   Building connectivity for subckt aoi2xb1_x3m_a9tl40 ... 
[MSV-NPF]:   Building connectivity for subckt mxit2_x4m_a9tl40 ... 
[MSV-NPF]:   Building connectivity for subckt aoi2xb1_x4m_a9tl40 ... 
[MSV-NPF]:   Building connectivity for subckt tielo_x1m_a9tl40 ... 
[MSV-NPF]:   Building connectivity for subckt nand2b_x1p4m_a9tl40 ... 
[MSV-NPF]:   Building connectivity for subckt aoi2xb1_x6m_a9tl40 ... 
[MSV-NPF]:   Building connectivity for subckt aoi2xb1_x8m_a9tl40 ... 
[MSV-NPF]:   Building connectivity for subckt aoi31_x0p7m_a9tl40 ... 
[MSV-NPF]:   Building connectivity for subckt aoi31_x1m_a9tl40 ... 
[MSV-NPF]:   Building connectivity for subckt aoi31_x1p4m_a9tl40 ... 
[MSV-NPF]:   Building connectivity for subckt mxt4_x1m_a9tl40 ... 
[MSV-NPF]:   Building connectivity for subckt aoi31_x2m_a9tl40 ... 
[MSV-NPF]:   Building connectivity for subckt oa21b_x0p5m_a9tl40 ... 
[MSV-NPF]:   Building connectivity for subckt aoi31_x3m_a9tl40 ... 
[MSV-NPF]:   Building connectivity for subckt aoi31_x4m_a9tl40 ... 
[MSV-NPF]:   Building connectivity for subckt aoi31_x6m_a9tl40 ... 
[MSV-NPF]:   Building connectivity for subckt aoi32_x0p7m_a9tl40 ... 
[MSV-NPF]:   Building connectivity for subckt aoi32_x1m_a9tl40 ... 
[MSV-NPF]:   Building connectivity for subckt aoi32_x1p4m_a9tl40 ... 
[MSV-NPF]:   Building connectivity for subckt aoi32_x2m_a9tl40 ... 
[MSV-NPF]:   Building connectivity for subckt aoi32_x3m_a9tl40 ... 
[MSV-NPF]:   Building connectivity for subckt aoi32_x4m_a9tl40 ... 
[MSV-NPF]:   Building connectivity for subckt benc_x11m_a9tl40 ... 
[MSV-NPF]:   Building connectivity for subckt benc_x16m_a9tl40 ... 
[MSV-NPF]:   Building connectivity for subckt benc_x2m_a9tl40 ... 
[MSV-NPF]:   Building connectivity for subckt oai21_x0p5m_a9tl40 ... 
[MSV-NPF]:   Building connectivity for subckt benc_x8m_a9tl40 ... 
[MSV-NPF]:   Building connectivity for subckt bmxit_x0p7m_a9tl40 ... 
[MSV-NPF]:   Building connectivity for subckt bmxit_x1m_a9tl40 ... 
[MSV-NPF]:   Building connectivity for subckt bmxt_x1p4m_a9tl40 ... 
[MSV-NPF]:   Building connectivity for subckt bmxt_x2m_a9tl40 ... 
[MSV-NPF]:   Building connectivity for subckt bufh_x2m_a9tl40 ... 
[MSV-NPF]:   Building connectivity for subckt buf_x0p7m_a9tl40 ... 
[MSV-NPF]:   Building connectivity for subckt bufh_x2p5m_a9tl40 ... 
[MSV-NPF]:   Building connectivity for subckt bufh_x3m_a9tl40 ... 
[MSV-NPF]:   Building connectivity for subckt bufh_x4m_a9tl40 ... 
[MSV-NPF]:   Building connectivity for subckt bufh_x7p5m_a9tl40 ... 
[MSV-NPF]:   Building connectivity for subckt dlyclk8s2_x1b_a9tl40 ... 
[MSV-NPF]:   Building connectivity for subckt bufh_x9m_a9tl40 ... 
[MSV-NPF]:   Building connectivity for subckt bufz_x1m_a9tl40 ... 
[MSV-NPF]:   Building connectivity for subckt bufz_x1p4m_a9tl40 ... 
[MSV-NPF]:   Building connectivity for subckt or4_x0p7m_a9tl40 ... 
[MSV-NPF]:   Building connectivity for subckt bufz_x2m_a9tl40 ... 
[MSV-NPF]:   Building connectivity for subckt buf_x11m_a9tl40 ... 
[MSV-NPF]:   Building connectivity for subckt nor2_x1p4b_a9tl40 ... 
[MSV-NPF]:   Building connectivity for subckt nand3b_x2m_a9tl40 ... 
[MSV-NPF]:   Building connectivity for subckt buf_x16b_a9tl40 ... 
[MSV-NPF]:   Building connectivity for subckt nor2_x1p4m_a9tl40 ... 
[MSV-NPF]:   Building connectivity for subckt buf_x16m_a9tl40 ... 
[MSV-NPF]:   Building connectivity for subckt nor4bb_x4m_a9tl40 ... 
[MSV-NPF]:   Building connectivity for subckt buf_x1p4m_a9tl40 ... 
[MSV-NPF]:   Building connectivity for subckt buf_x1p7b_a9tl40 ... 
[MSV-NPF]:   Building connectivity for subckt xor3_x3m_a9tl40 ... 
[MSV-NPF]:   Building connectivity for subckt buf_x2b_a9tl40 ... 
[MSV-NPF]:   Building connectivity for subckt buf_x2p5b_a9tl40 ... 
[MSV-NPF]:   Building connectivity for subckt buf_x3b_a9tl40 ... 
[MSV-NPF]:   Building connectivity for subckt nand3xxb_x4m_a9tl40 ... 
[MSV-NPF]:   Building connectivity for subckt latq_x3m_a9tl40 ... 
[MSV-NPF]:   Building connectivity for subckt buf_x3p5b_a9tl40 ... 
[MSV-NPF]:   Building connectivity for subckt posticg_x1p7b_a9tl40 ... 
[MSV-NPF]:   Building connectivity for subckt buf_x3p5m_a9tl40 ... 
[MSV-NPF]:   Building connectivity for subckt buf_x5b_a9tl40 ... 
[MSV-NPF]:   Building connectivity for subckt buf_x6m_a9tl40 ... 
[MSV-NPF]:   Building connectivity for subckt sdffqn_x0p5m_a9tl40 ... 
[MSV-NPF]:   Building connectivity for subckt buf_x9m_a9tl40 ... 
[MSV-NPF]:   Building connectivity for subckt latq_x0p5m_a9tl40 ... 
[MSV-NPF]:   Building connectivity for subckt cgencon_x1p4m_a9tl40 ... 
[MSV-NPF]:   Building connectivity for subckt cgeni_x1p4m_a9tl40 ... 
[MSV-NPF]:   Building connectivity for subckt nor2b_x1p4m_a9tl40 ... 
[MSV-NPF]:   Building connectivity for subckt nand4xxxb_x1m_a9tl40 ... 
[MSV-NPF]:   Building connectivity for subckt cgeni_x2m_a9tl40 ... 
[MSV-NPF]:   Building connectivity for subckt oa21b_x2m_a9tl40 ... 
[MSV-NPF]:   Building connectivity for subckt cgen_x1p4m_a9tl40 ... 
[MSV-NPF]:   Building connectivity for subckt cmpr42_x1m_a9tl40 ... 
[MSV-NPF]:   Building connectivity for subckt fillcap4_a9tl40 ... 
[MSV-NPF]:   Building connectivity for subckt dffnq_x1m_a9tl40 ... 
[MSV-NPF]:   Building connectivity for subckt latq_x1m_a9tl40 ... 
[MSV-NPF]:   Building connectivity for subckt dffnq_x3m_a9tl40 ... 
[MSV-NPF]:   Building connectivity for subckt dffnsrpq_x1m_a9tl40 ... 
[MSV-NPF]:   Building connectivity for subckt dffnsrpq_x2m_a9tl40 ... 
[MSV-NPF]:   Building connectivity for subckt dffnsrpq_x3m_a9tl40 ... 
[MSV-NPF]:   Building connectivity for subckt dffqn_x0p5m_a9tl40 ... 
[MSV-NPF]:   Building connectivity for subckt oai31_x2m_a9tl40 ... 
[MSV-NPF]:   Building connectivity for subckt dffqn_x3m_a9tl40 ... 
[MSV-NPF]:   Building connectivity for subckt inv_x0p8m_a9tl40 ... 
[MSV-NPF]:   Building connectivity for subckt dffq_x0p5m_a9tl40 ... 
[MSV-NPF]:   Building connectivity for subckt dffq_x1m_a9tl40 ... 
[MSV-NPF]:   Building connectivity for subckt dffq_x2m_a9tl40 ... 
[MSV-NPF]:   Building connectivity for subckt dffq_x3m_a9tl40 ... 
[MSV-NPF]:   Building connectivity for subckt nor2_x1b_a9tl40 ... 
[MSV-NPF]:   Building connectivity for subckt dffq_x4m_a9tl40 ... 
[MSV-NPF]:   Building connectivity for subckt dffrpqn_x1m_a9tl40 ... 
[MSV-NPF]:   Building connectivity for subckt dffrpqn_x2m_a9tl40 ... 
[MSV-NPF]:   Building connectivity for subckt dffrpqn_x3m_a9tl40 ... 
[MSV-NPF]:   Building connectivity for subckt dffrpq_x0p5m_a9tl40 ... 
[MSV-NPF]:   Building connectivity for subckt dffsqn_x1m_a9tl40 ... 
[MSV-NPF]:   Building connectivity for subckt dffsq_x1m_a9tl40 ... 
[MSV-NPF]:   Building connectivity for subckt dffsq_x3m_a9tl40 ... 
[MSV-NPF]:   Building connectivity for subckt dffsq_x4m_a9tl40 ... 
[MSV-NPF]:   Building connectivity for subckt dffsrpq_x0p5m_a9tl40 ... 
[MSV-NPF]:   Building connectivity for subckt dffsrpq_x1m_a9tl40 ... 
[MSV-NPF]:   Building connectivity for subckt dffsrpq_x2m_a9tl40 ... 
[MSV-NPF]:   Building connectivity for subckt dffsrpq_x3m_a9tl40 ... 
[MSV-NPF]:   Building connectivity for subckt dffsrpq_x4m_a9tl40 ... 
[MSV-NPF]:   Building connectivity for subckt oai2xb1_x3m_a9tl40 ... 
[MSV-NPF]:   Building connectivity for subckt dly2_x0p5m_a9tl40 ... 
[MSV-NPF]:   Building connectivity for subckt latnqn_x2m_a9tl40 ... 
[MSV-NPF]:   Building connectivity for subckt dly2_x2m_a9tl40 ... 
[MSV-NPF]:   Building connectivity for subckt latnqn_x4m_a9tl40 ... 
[MSV-NPF]:   Building connectivity for subckt dly2_x4m_a9tl40 ... 
[MSV-NPF]:   Building connectivity for subckt dly4_x2m_a9tl40 ... 
[MSV-NPF]:   Building connectivity for subckt dly4_x4m_a9tl40 ... 
[MSV-NPF]:   Building connectivity for subckt oa1b2_x0p5m_a9tl40 ... 
[MSV-NPF]:   Building connectivity for subckt dlyclk8s6_x1b_a9tl40 ... 
[MSV-NPF]:   Building connectivity for subckt esdffqn_x1m_a9tl40 ... 
[MSV-NPF]:   Building connectivity for subckt esdffq_x0p5m_a9tl40 ... 
[MSV-NPF]:   Building connectivity for subckt esdffq_x2m_a9tl40 ... 
[MSV-NPF]:   Building connectivity for subckt esdffq_x3m_a9tl40 ... 
[MSV-NPF]:   Building connectivity for subckt fill1_a9tl40 ... 
[MSV-NPF]:   Building connectivity for subckt fill4_a9tl40 ... 
[MSV-NPF]:   Building connectivity for subckt fill64_a9tl40 ... 
[MSV-NPF]:   Building connectivity for subckt fillcap16_a9tl40 ... 
[MSV-NPF]:   Building connectivity for subckt sdffyq_x4m_a9tl40 ... 
[MSV-NPF]:   Building connectivity for subckt nand4bb_x0p5m_a9tl40 ... 
[MSV-NPF]:   Building connectivity for subckt fillsgcap128_a9tl40 ... 
[MSV-NPF]:   Building connectivity for subckt fillsgcap16_a9tl40 ... 
[MSV-NPF]:   Building connectivity for subckt filltie128_a9tl40 ... 
[MSV-NPF]:   Building connectivity for subckt filltie32_a9tl40 ... 
[MSV-NPF]:   Building connectivity for subckt filltie3_a9tl40 ... 
[MSV-NPF]:   Building connectivity for subckt mxgl2_x3b_a9tl40 ... 
[MSV-NPF]:   Building connectivity for subckt filltie4_a9tl40 ... 
[MSV-NPF]:   Building connectivity for subckt latnqn_x0p5m_a9tl40 ... 
[MSV-NPF]:   Building connectivity for subckt filltie64_a9tl40 ... 
[MSV-NPF]:   Building connectivity for subckt nand3xxb_x6m_a9tl40 ... 
[MSV-NPF]:   Building connectivity for subckt fricg_x11b_a9tl40 ... 
[MSV-NPF]:   Building connectivity for subckt fricg_x13b_a9tl40 ... 
[MSV-NPF]:   Building connectivity for subckt fricg_x16b_a9tl40 ... 
[MSV-NPF]:   Building connectivity for subckt fricg_x1b_a9tl40 ... 
[MSV-NPF]:   Building connectivity for subckt fricg_x2b_a9tl40 ... 
[MSV-NPF]:   Building connectivity for subckt fricg_x3b_a9tl40 ... 
[MSV-NPF]:   Building connectivity for subckt fricg_x4b_a9tl40 ... 
[MSV-NPF]:   Building connectivity for subckt fricg_x5b_a9tl40 ... 
[MSV-NPF]:   Building connectivity for subckt m2sdffqn_x2m_a9tl40 ... 
[MSV-NPF]:   Building connectivity for subckt fricg_x6b_a9tl40 ... 
[MSV-NPF]:   Building connectivity for subckt fricg_x9b_a9tl40 ... 
[MSV-NPF]:   Building connectivity for subckt inv_x0p5m_a9tl40 ... 
[MSV-NPF]:   Building connectivity for subckt inv_x0p6m_a9tl40 ... 
[MSV-NPF]:   Building connectivity for subckt inv_x0p7m_a9tl40 ... 
[MSV-NPF]:   Building connectivity for subckt inv_x0p8b_a9tl40 ... 
[MSV-NPF]:   Building connectivity for subckt inv_x11b_a9tl40 ... 
[MSV-NPF]:   Building connectivity for subckt inv_x11m_a9tl40 ... 
[MSV-NPF]:   Building connectivity for subckt inv_x16b_a9tl40 ... 
[MSV-NPF]:   Building connectivity for subckt inv_x1b_a9tl40 ... 
[MSV-NPF]:   Building connectivity for subckt inv_x1m_a9tl40 ... 
[MSV-NPF]:   Building connectivity for subckt inv_x1p2b_a9tl40 ... 
[MSV-NPF]:   Building connectivity for subckt inv_x1p2m_a9tl40 ... 
[MSV-NPF]:   Building connectivity for subckt oai21_x1m_a9tl40 ... 
[MSV-NPF]:   Building connectivity for subckt nand3_x0p7m_a9tl40 ... 
[MSV-NPF]:   Building connectivity for subckt inv_x1p4b_a9tl40 ... 
[MSV-NPF]:   Building connectivity for subckt inv_x1p4m_a9tl40 ... 
[MSV-NPF]:   Building connectivity for subckt inv_x1p7m_a9tl40 ... 
[MSV-NPF]:   Building connectivity for subckt inv_x2m_a9tl40 ... 
[MSV-NPF]:   Building connectivity for subckt nand3_x1a_a9tl40 ... 
[MSV-NPF]:   Building connectivity for subckt inv_x3p5b_a9tl40 ... 
[MSV-NPF]:   Building connectivity for subckt inv_x3p5m_a9tl40 ... 
[MSV-NPF]:   Building connectivity for subckt inv_x4b_a9tl40 ... 
[MSV-NPF]:   Building connectivity for subckt inv_x4m_a9tl40 ... 
[MSV-NPF]:   Building connectivity for subckt inv_x5m_a9tl40 ... 
[MSV-NPF]:   Building connectivity for subckt sdffq_x1m_a9tl40 ... 
[MSV-NPF]:   Building connectivity for subckt inv_x6b_a9tl40 ... 
[MSV-NPF]:   Building connectivity for subckt inv_x6m_a9tl40 ... 
[MSV-NPF]:   Building connectivity for subckt sdffq_x4m_a9tl40 ... 
[MSV-NPF]:   Building connectivity for subckt inv_x9b_a9tl40 ... 
[MSV-NPF]:   Building connectivity for subckt inv_x9m_a9tl40 ... 
[MSV-NPF]:   Building connectivity for subckt preicg_x16b_a9tl40 ... 
[MSV-NPF]:   Building connectivity for subckt latnq_x0p5m_a9tl40 ... 
[MSV-NPF]:   Building connectivity for subckt latnq_x2m_a9tl40 ... 
[MSV-NPF]:   Building connectivity for subckt bfe2_l1a_ams ... 
[MSV-NPF]:   Building connectivity for subckt latnq_x3m_a9tl40 ... 
[MSV-NPF]:   Building connectivity for subckt latnsqn_x3m_a9tl40 ... 
[MSV-NPF]:   Building connectivity for subckt latnrpqn_x1m_a9tl40 ... 
[MSV-NPF]:   Building connectivity for subckt latnrq_x1m_a9tl40 ... 
[MSV-NPF]:   Building connectivity for subckt latnrq_x2m_a9tl40 ... 
[MSV-NPF]:   Building connectivity for subckt latnrq_x3m_a9tl40 ... 
[MSV-NPF]:   Building connectivity for subckt latnspq_x0p5m_a9tl40 ... 
[MSV-NPF]:   Building connectivity for subckt latnsqn_x0p5m_a9tl40 ... 
[MSV-NPF]:   Building connectivity for subckt latnsqn_x1m_a9tl40 ... 
[MSV-NPF]:   Building connectivity for subckt latnsqn_x2m_a9tl40 ... 
[MSV-NPF]:   Building connectivity for subckt sdffnsrpq_x1m_a9tl40 ... 
[MSV-NPF]:   Building connectivity for subckt latqn_x0p5m_a9tl40 ... 
[MSV-NPF]:   Building connectivity for subckt latqn_x1m_a9tl40 ... 
[MSV-NPF]:   Building connectivity for subckt latqn_x2m_a9tl40 ... 
[MSV-NPF]:   Building connectivity for subckt latqn_x3m_a9tl40 ... 
[MSV-NPF]:   Building connectivity for subckt latqn_x4m_a9tl40 ... 
[MSV-NPF]:   Building connectivity for subckt nand3xxb_x3m_a9tl40 ... 
[MSV-NPF]:   Building connectivity for subckt latq_x2m_a9tl40 ... 
[MSV-NPF]:   Building connectivity for subckt oa22_x0p5m_a9tl40 ... 
[MSV-NPF]:   Building connectivity for subckt latrpqn_x0p5m_a9tl40 ... 
[MSV-NPF]:   Building connectivity for subckt latrpqn_x1m_a9tl40 ... 
[MSV-NPF]:   Building connectivity for subckt latrpqn_x2m_a9tl40 ... 
[MSV-NPF]:   Building connectivity for subckt latrq_x0p5m_a9tl40 ... 
[MSV-NPF]:   Building connectivity for subckt latrq_x3m_a9tl40 ... 
[MSV-NPF]:   Building connectivity for subckt latspq_x0p5m_a9tl40 ... 
[MSV-NPF]:   Building connectivity for subckt latspq_x2m_a9tl40 ... 
[MSV-NPF]:   Building connectivity for subckt latspq_x3m_a9tl40 ... 
[MSV-NPF]:   Building connectivity for subckt latsqn_x0p5m_a9tl40 ... 
[MSV-NPF]:   Building connectivity for subckt m2sdffqn_x0p5m_a9tl40 ... 
[MSV-NPF]:   Building connectivity for subckt m2sdffqn_x3m_a9tl40 ... 
[MSV-NPF]:   Building connectivity for subckt mxt2_x1m_a9tl40 ... 
[MSV-NPF]:   Building connectivity for subckt m2sdffq_x0p5m_a9tl40 ... 
[MSV-NPF]:   Building connectivity for subckt m2sdffq_x1m_a9tl40 ... 
[MSV-NPF]:   Building connectivity for subckt m2sdffq_x3m_a9tl40 ... 
[MSV-NPF]:   Building connectivity for subckt mx2_x0p5b_a9tl40 ... 
[MSV-NPF]:   Building connectivity for subckt mx2_x1b_a9tl40 ... 
[MSV-NPF]:   Building connectivity for subckt mx2_x1p4b_a9tl40 ... 
[MSV-NPF]:   Building connectivity for subckt mx2_x3b_a9tl40 ... 
[MSV-NPF]:   Building connectivity for subckt mx2_x4b_a9tl40 ... 
[MSV-NPF]:   Building connectivity for subckt mx2_x6b_a9tl40 ... 
[MSV-NPF]:   Building connectivity for subckt mx2_x8b_a9tl40 ... 
[MSV-NPF]:   Building connectivity for subckt mxgl2_x1b_a9tl40 ... 
[MSV-NPF]:   Building connectivity for subckt nand3bb_x2m_a9tl40 ... 
[MSV-NPF]:   Building connectivity for subckt mxgl2_x6b_a9tl40 ... 
[MSV-NPF]:   Building connectivity for subckt mxit2_x0p7m_a9tl40 ... 
[MSV-NPF]:   Building connectivity for subckt mxit4_x0p5m_a9tl40 ... 
[MSV-NPF]:   Building connectivity for subckt mxit4_x1m_a9tl40 ... 
[MSV-NPF]:   Building connectivity for subckt mxit4_x1p4m_a9tl40 ... 
[MSV-NPF]:   Building connectivity for subckt mxit4_x2m_a9tl40 ... 
[MSV-NPF]:   Building connectivity for subckt mxt2_x0p7m_a9tl40 ... 
[MSV-NPF]:   Building connectivity for subckt mxt2_x1b_a9tl40 ... 
[MSV-NPF]:   Building connectivity for subckt posticg_x7p5b_a9tl40 ... 
[MSV-NPF]:   Building connectivity for subckt mxt2_x1p4b_a9tl40 ... 
[MSV-NPF]:   Building connectivity for subckt mxt2_x1p4m_a9tl40 ... 
[MSV-NPF]:   Building connectivity for subckt mxt2_x3m_a9tl40 ... 
[MSV-NPF]:   Building connectivity for subckt mxt2_x4b_a9tl40 ... 
[MSV-NPF]:   Building connectivity for subckt mxt2_x6b_a9tl40 ... 
[MSV-NPF]:   Building connectivity for subckt mxt4_x0p5m_a9tl40 ... 
[MSV-NPF]:   Building connectivity for subckt mxt4_x2m_a9tl40 ... 
[MSV-NPF]:   Building connectivity for subckt mxt4_x3m_a9tl40 ... 
[MSV-NPF]:   Building connectivity for subckt oai221_x1p4m_a9tl40 ... 
[MSV-NPF]:   Building connectivity for subckt nand2b_x0p5m_a9tl40 ... 
[MSV-NPF]:   Building connectivity for subckt nand2b_x0p7m_a9tl40 ... 
[MSV-NPF]:   Building connectivity for subckt nor2b_x6m_a9tl40 ... 
[MSV-NPF]:   Building connectivity for subckt nand2b_x3m_a9tl40 ... 
[MSV-NPF]:   Building connectivity for subckt sdffsrpq_x2m_a9tl40 ... 
[MSV-NPF]:   Building connectivity for subckt nand2b_x8m_a9tl40 ... 
[MSV-NPF]:   Building connectivity for subckt nand2xb_x0p5m_a9tl40 ... 
[MSV-NPF]:   Building connectivity for subckt nand2xb_x3m_a9tl40 ... 
[MSV-NPF]:   Building connectivity for subckt nand2_x0p5a_a9tl40 ... 
[MSV-NPF]:   Building connectivity for subckt oai22bb_x0p5m_a9tl40 ... 
[MSV-NPF]:   Building connectivity for subckt nand2_x0p7b_a9tl40 ... 
[MSV-NPF]:   Building connectivity for subckt nand2_x0p7m_a9tl40 ... 
[MSV-NPF]:   Building connectivity for subckt nand2_x1b_a9tl40 ... 
[MSV-NPF]:   Building connectivity for subckt oai21_x3m_a9tl40 ... 
[MSV-NPF]:   Building connectivity for subckt nand2_x1m_a9tl40 ... 
[MSV-NPF]:   Building connectivity for subckt nand2_x1p4a_a9tl40 ... 
[MSV-NPF]:   Building connectivity for subckt nand2_x1p4b_a9tl40 ... 
[MSV-NPF]:   Building connectivity for subckt nand2_x1p4m_a9tl40 ... 
[MSV-NPF]:   Building connectivity for subckt nand2_x2b_a9tl40 ... 
[MSV-NPF]:   Building connectivity for subckt nand2_x3b_a9tl40 ... 
[MSV-NPF]:   Building connectivity for subckt nand2_x4b_a9tl40 ... 
[MSV-NPF]:   Building connectivity for subckt xor2_x3m_a9tl40 ... 
[MSV-NPF]:   Building connectivity for subckt oai21_x6m_a9tl40 ... 
[MSV-NPF]:   Building connectivity for subckt nand2_x4m_a9tl40 ... 
[MSV-NPF]:   Building connectivity for subckt sdffnq_x1m_a9tl40 ... 
[MSV-NPF]:   Building connectivity for subckt nand2_x6a_a9tl40 ... 
[MSV-NPF]:   Building connectivity for subckt oai21_x8m_a9tl40 ... 
[MSV-NPF]:   Building connectivity for subckt nand2_x6m_a9tl40 ... 
[MSV-NPF]:   Building connectivity for subckt nand2_x8a_a9tl40 ... 
[MSV-NPF]:   Building connectivity for subckt preicg_x5b_a9tl40 ... 
[MSV-NPF]:   Building connectivity for subckt nand2_x8b_a9tl40 ... 
[MSV-NPF]:   Building connectivity for subckt nand3bb_x0p7m_a9tl40 ... 
[MSV-NPF]:   Building connectivity for subckt nand3bb_x4m_a9tl40 ... 
[MSV-NPF]:   Building connectivity for subckt nand3bb_x8m_a9tl40 ... 
[MSV-NPF]:   Building connectivity for subckt nand3b_x0p5m_a9tl40 ... 
[MSV-NPF]:   Building connectivity for subckt nand3b_x0p7m_a9tl40 ... 
[MSV-NPF]:   Building connectivity for subckt nand3b_x1m_a9tl40 ... 
[MSV-NPF]:   Building connectivity for subckt nand3b_x1p4m_a9tl40 ... 
[MSV-NPF]:   Building connectivity for subckt oai21b_x0p5m_a9tl40 ... 
[MSV-NPF]:   Building connectivity for subckt nand3b_x3m_a9tl40 ... 
[MSV-NPF]:   Building connectivity for subckt nand3b_x4m_a9tl40 ... 
[MSV-NPF]:   Building connectivity for subckt nand3b_x6m_a9tl40 ... 
[MSV-NPF]:   Building connectivity for subckt nand3xxb_x0p5m_a9tl40 ... 
[MSV-NPF]:   Building connectivity for subckt or3_x8m_a9tl40 ... 
[MSV-NPF]:   Building connectivity for subckt nand3xxb_x2m_a9tl40 ... 
[MSV-NPF]:   Building connectivity for subckt nand3_x0p5m_a9tl40 ... 
[MSV-NPF]:   Building connectivity for subckt nand3_x0p7a_a9tl40 ... 
[MSV-NPF]:   Building connectivity for subckt nand3_x1p4m_a9tl40 ... 
[MSV-NPF]:   Building connectivity for subckt nand3_x2a_a9tl40 ... 
[MSV-NPF]:   Building connectivity for subckt nand3_x3a_a9tl40 ... 
[MSV-NPF]:   Building connectivity for subckt nand3_x4a_a9tl40 ... 
[MSV-NPF]:   Building connectivity for subckt oai22_x6m_a9tl40 ... 
[MSV-NPF]:   Building connectivity for subckt oai21b_x4m_a9tl40 ... 
[MSV-NPF]:   Building connectivity for subckt nand3_x4m_a9tl40 ... 
[MSV-NPF]:   Building connectivity for subckt nand4bb_x0p7m_a9tl40 ... 
[MSV-NPF]:   Building connectivity for subckt nand4bb_x2m_a9tl40 ... 
[MSV-NPF]:   Building connectivity for subckt nand4bb_x4m_a9tl40 ... 
[MSV-NPF]:   Building connectivity for subckt nand4b_x3m_a9tl40 ... 
[MSV-NPF]:   Building connectivity for subckt nand4bb_x6m_a9tl40 ... 
[MSV-NPF]:   Building connectivity for subckt nand4b_x0p5m_a9tl40 ... 
[MSV-NPF]:   Building connectivity for subckt xnor3_x0p7m_a9tl40 ... 
[MSV-NPF]:   Building connectivity for subckt nand4b_x1m_a9tl40 ... 
[MSV-NPF]:   Building connectivity for subckt nor3_x2a_a9tl40 ... 
[MSV-NPF]:   Building connectivity for subckt nand4b_x1p4m_a9tl40 ... 
[MSV-NPF]:   Building connectivity for subckt nand4b_x2m_a9tl40 ... 
[MSV-NPF]:   Building connectivity for subckt nand4b_x4m_a9tl40 ... 
[MSV-NPF]:   Building connectivity for subckt nand4xxxb_x0p7m_a9tl40 ... 
[MSV-NPF]:   Building connectivity for subckt posticg_x2b_a9tl40 ... 
[MSV-NPF]:   Building connectivity for subckt nand4xxxb_x1p4m_a9tl40 ... 
[MSV-NPF]:   Building connectivity for subckt nand4xxxb_x3m_a9tl40 ... 
[MSV-NPF]:   Building connectivity for subckt oa22_x0p7m_a9tl40 ... 
[MSV-NPF]:   Building connectivity for subckt nand4_x0p5a_a9tl40 ... 
[MSV-NPF]:   Building connectivity for subckt nand4_x0p5m_a9tl40 ... 
[MSV-NPF]:   Building connectivity for subckt oa21_x3m_a9tl40 ... 
[MSV-NPF]:   Building connectivity for subckt nand4_x0p7a_a9tl40 ... 
[MSV-NPF]:   Building connectivity for subckt nand4_x0p7m_a9tl40 ... 
[MSV-NPF]:   Building connectivity for subckt nand4_x1a_a9tl40 ... 
[MSV-NPF]:   Building connectivity for subckt nand4_x1p4a_a9tl40 ... 
[MSV-NPF]:   Building connectivity for subckt nand4_x2a_a9tl40 ... 
[MSV-NPF]:   Building connectivity for subckt nand4_x2m_a9tl40 ... 
[MSV-NPF]:   Building connectivity for subckt nand4_x3m_a9tl40 ... 
[MSV-NPF]:   Building connectivity for subckt nand4_x4a_a9tl40 ... 
[MSV-NPF]:   Building connectivity for subckt nand4_x4m_a9tl40 ... 
[MSV-NPF]:   Building connectivity for subckt nor2xb_x0p5m_a9tl40 ... 
[MSV-NPF]:   Building connectivity for subckt nor2xb_x0p7m_a9tl40 ... 
[MSV-NPF]:   Building connectivity for subckt nor2xb_x1m_a9tl40 ... 
[MSV-NPF]:   Building connectivity for subckt nor2xb_x1p4m_a9tl40 ... 
[MSV-NPF]:   Building connectivity for subckt nor2xb_x2m_a9tl40 ... 
[MSV-NPF]:   Building connectivity for subckt nor2xb_x3m_a9tl40 ... 
[MSV-NPF]:   Building connectivity for subckt nor2xb_x4m_a9tl40 ... 
[MSV-NPF]:   Building connectivity for subckt nor2xb_x6m_a9tl40 ... 
[MSV-NPF]:   Building connectivity for subckt nor2xb_x8m_a9tl40 ... 
[MSV-NPF]:   Building connectivity for subckt nor2_x0p5b_a9tl40 ... 
[MSV-NPF]:   Building connectivity for subckt oai22_x1p4m_a9tl40 ... 
[MSV-NPF]:   Building connectivity for subckt nor2_x0p5m_a9tl40 ... 
[MSV-NPF]:   Building connectivity for subckt nor2_x0p7a_a9tl40 ... 
[MSV-NPF]:   Building connectivity for subckt oa22_x1m_a9tl40 ... 
[MSV-NPF]:   Building connectivity for subckt nor2_x0p7m_a9tl40 ... 
[MSV-NPF]:   Building connectivity for subckt nor2_x1a_a9tl40 ... 
[MSV-NPF]:   Building connectivity for subckt nor2_x1m_a9tl40 ... 
[MSV-NPF]:   Building connectivity for subckt nor2_x2a_a9tl40 ... 
[MSV-NPF]:   Building connectivity for subckt nor2_x2b_a9tl40 ... 
[MSV-NPF]:   Building connectivity for subckt nor2_x2m_a9tl40 ... 
[MSV-NPF]:   Building connectivity for subckt nor2_x3b_a9tl40 ... 
[MSV-NPF]:   Building connectivity for subckt nor2_x4a_a9tl40 ... 
[MSV-NPF]:   Building connectivity for subckt nor2_x4b_a9tl40 ... 
[MSV-NPF]:   Building connectivity for subckt nor2_x4m_a9tl40 ... 
[MSV-NPF]:   Building connectivity for subckt nor2_x6b_a9tl40 ... 
[MSV-NPF]:   Building connectivity for subckt nor2_x6m_a9tl40 ... 
[MSV-NPF]:   Building connectivity for subckt nor2_x8a_a9tl40 ... 
[MSV-NPF]:   Building connectivity for subckt nor2_x8m_a9tl40 ... 
[MSV-NPF]:   Building connectivity for subckt nor3bb_x0p5m_a9tl40 ... 
[MSV-NPF]:   Building connectivity for subckt nor3bb_x0p7m_a9tl40 ... 
[MSV-NPF]:   Building connectivity for subckt nor3bb_x3m_a9tl40 ... 
[MSV-NPF]:   Building connectivity for subckt nor3bb_x6m_a9tl40 ... 
[MSV-NPF]:   Building connectivity for subckt nor3bb_x8m_a9tl40 ... 
[MSV-NPF]:   Building connectivity for subckt nor3_x0p7m_a9tl40 ... 
[MSV-NPF]:   Building connectivity for subckt nor3_x1p4m_a9tl40 ... 
[MSV-NPF]:   Building connectivity for subckt nor3_x2m_a9tl40 ... 
[MSV-NPF]:   Building connectivity for subckt nor3_x3a_a9tl40 ... 
[MSV-NPF]:   Building connectivity for subckt nor3_x4m_a9tl40 ... 
[MSV-NPF]:   Building connectivity for subckt nor4bb_x0p5m_a9tl40 ... 
[MSV-NPF]:   Building connectivity for subckt nor4bb_x0p7m_a9tl40 ... 
[MSV-NPF]:   Building connectivity for subckt nor4bb_x1p4m_a9tl40 ... 
[MSV-NPF]:   Building connectivity for subckt oa1b2_x1m_a9tl40 ... 
[MSV-NPF]:   Building connectivity for subckt oa1b2_x4m_a9tl40 ... 
[MSV-NPF]:   Building connectivity for subckt oa1b2_x6m_a9tl40 ... 
[MSV-NPF]:   Building connectivity for subckt oa211_x0p7m_a9tl40 ... 
[MSV-NPF]:   Building connectivity for subckt oa211_x6m_a9tl40 ... 
[MSV-NPF]:   Building connectivity for subckt oa21a1oi2_x0p7m_a9tl40 ... 
[MSV-NPF]:   Building connectivity for subckt oa21a1oi2_x1p4m_a9tl40 ... 
[MSV-NPF]:   Building connectivity for subckt oa21a1oi2_x3m_a9tl40 ... 
[MSV-NPF]:   Building connectivity for subckt rf1r2ws_x1m_a9tl40 ... 
[MSV-NPF]:   Building connectivity for subckt oa21a1oi2_x6m_a9tl40 ... 
[MSV-NPF]:   Building connectivity for subckt oa21b_x0p7m_a9tl40 ... 
[MSV-NPF]:   Building connectivity for subckt oa21b_x1p4m_a9tl40 ... 
[MSV-NPF]:   Building connectivity for subckt oa21b_x3m_a9tl40 ... 
[MSV-NPF]:   Building connectivity for subckt oa21b_x8m_a9tl40 ... 
[MSV-NPF]:   Building connectivity for subckt oa21_x1m_a9tl40 ... 
[MSV-NPF]:   Building connectivity for subckt posticg_x13b_a9tl40 ... 
[MSV-NPF]:   Building connectivity for subckt oa21_x1p4m_a9tl40 ... 
[MSV-NPF]:   Building connectivity for subckt oa21_x2m_a9tl40 ... 
[MSV-NPF]:   Building connectivity for subckt oa21_x8m_a9tl40 ... 
[MSV-NPF]:   Building connectivity for subckt oa22_x1p4m_a9tl40 ... 
[MSV-NPF]:   Building connectivity for subckt oa22_x3m_a9tl40 ... 
[MSV-NPF]:   Building connectivity for subckt or2_x0p5b_a9tl40 ... 
[MSV-NPF]:   Building connectivity for subckt oa22_x4m_a9tl40 ... 
[MSV-NPF]:   Building connectivity for subckt oai211_x1p4m_a9tl40 ... 
[MSV-NPF]:   Building connectivity for subckt oai21b_x0p7m_a9tl40 ... 
[MSV-NPF]:   Building connectivity for subckt oai21b_x1p4m_a9tl40 ... 
[MSV-NPF]:   Building connectivity for subckt oai21b_x8m_a9tl40 ... 
[MSV-NPF]:   Building connectivity for subckt oai21_x1p4m_a9tl40 ... 
[MSV-NPF]:   Building connectivity for subckt oai21_x2m_a9tl40 ... 
[MSV-NPF]:   Building connectivity for subckt oai21_x4m_a9tl40 ... 
[MSV-NPF]:   Building connectivity for subckt oai221_x0p5m_a9tl40 ... 
[MSV-NPF]:   Building connectivity for subckt oai221_x0p7m_a9tl40 ... 
[MSV-NPF]:   Building connectivity for subckt oai221_x3m_a9tl40 ... 
[MSV-NPF]:   Building connectivity for subckt oai222_x0p5m_a9tl40 ... 
[MSV-NPF]:   Building connectivity for subckt xnor3_x0p5m_a9tl40 ... 
[MSV-NPF]:   Building connectivity for subckt oai222_x0p7m_a9tl40 ... 
[MSV-NPF]:   Building connectivity for subckt oai222_x1m_a9tl40 ... 
[MSV-NPF]:   Building connectivity for subckt oai222_x1p4m_a9tl40 ... 
[MSV-NPF]:   Building connectivity for subckt oai222_x2m_a9tl40 ... 
[MSV-NPF]:   Building connectivity for subckt oai222_x3m_a9tl40 ... 
[MSV-NPF]:   Building connectivity for subckt oai22bb_x0p7m_a9tl40 ... 
[MSV-NPF]:   Building connectivity for subckt oai22bb_x1p4m_a9tl40 ... 
[MSV-NPF]:   Building connectivity for subckt oai22bb_x3m_a9tl40 ... 
[MSV-NPF]:   Building connectivity for subckt oai2xb1_x0p5m_a9tl40 ... 
[MSV-NPF]:   Building connectivity for subckt oai2xb1_x1p4m_a9tl40 ... 
[MSV-NPF]:   Building connectivity for subckt oai2xb1_x8m_a9tl40 ... 
[MSV-NPF]:   Building connectivity for subckt or2_x0p7m_a9tl40 ... 
[MSV-NPF]:   Building connectivity for subckt or2_x11b_a9tl40 ... 
[MSV-NPF]:   Building connectivity for subckt or2_x11m_a9tl40 ... 
[MSV-NPF]:   Building connectivity for subckt or2_x1p4b_a9tl40 ... 
[MSV-NPF]:   Building connectivity for subckt or2_x4m_a9tl40 ... 
[MSV-NPF]:   Building connectivity for subckt or2_x6m_a9tl40 ... 
[MSV-NPF]:   Building connectivity for subckt or2_x8b_a9tl40 ... 
[MSV-NPF]:   Building connectivity for subckt or3_x1m_a9tl40 ... 
[MSV-NPF]:   Building connectivity for subckt or3_x3m_a9tl40 ... 
[MSV-NPF]:   Building connectivity for subckt or3_x6m_a9tl40 ... 
[MSV-NPF]:   Building connectivity for subckt or4_x3m_a9tl40 ... 
[MSV-NPF]:   Building connectivity for subckt or6_x1p4m_a9tl40 ... 
[MSV-NPF]:   Building connectivity for subckt sdffsqna_x1m_a9tl40 ... 
[MSV-NPF]:   Building connectivity for subckt or6_x2m_a9tl40 ... 
[MSV-NPF]:   Building connectivity for subckt or6_x4m_a9tl40 ... 
[MSV-NPF]:   Building connectivity for subckt or6_x6m_a9tl40 ... 
[MSV-NPF]:   Building connectivity for subckt posticg_x0p5b_a9tl40 ... 
[MSV-NPF]:   Building connectivity for subckt posticg_x2p5b_a9tl40 ... 
[MSV-NPF]:   Building connectivity for subckt posticg_x4b_a9tl40 ... 
[MSV-NPF]:   Building connectivity for subckt posticg_x5b_a9tl40 ... 
[MSV-NPF]:   Building connectivity for subckt posticg_x6b_a9tl40 ... 
[MSV-NPF]:   Building connectivity for subckt posticg_x9b_a9tl40 ... 
[MSV-NPF]:   Building connectivity for subckt preicg_x0p7b_a9tl40 ... 
[MSV-NPF]:   Building connectivity for subckt preicg_x11b_a9tl40 ... 
[MSV-NPF]:   Building connectivity for subckt preicg_x13b_a9tl40 ... 
[MSV-NPF]:   Building connectivity for subckt preicg_x1b_a9tl40 ... 
[MSV-NPF]:   Building connectivity for subckt preicg_x1p7b_a9tl40 ... 
[MSV-NPF]:   Building connectivity for subckt preicg_x2b_a9tl40 ... 
[MSV-NPF]:   Building connectivity for subckt preicg_x2p5b_a9tl40 ... 
[MSV-NPF]:   Building connectivity for subckt preicg_x4b_a9tl40 ... 
[MSV-NPF]:   Building connectivity for subckt preicg_x9b_a9tl40 ... 
[MSV-NPF]:   Building connectivity for subckt rf1r1ws_x1p4m_a9tl40 ... 
[MSV-NPF]:   Building connectivity for subckt xor2_x4m_a9tl40 ... 
[MSV-NPF]:   Building connectivity for subckt rf1r2ws_x1p4m_a9tl40 ... 
[MSV-NPF]:   Building connectivity for subckt rf2r1ws_x1p4m_a9tl40 ... 
[MSV-NPF]:   Building connectivity for subckt rf2r2ws_x1m_a9tl40 ... 
[MSV-NPF]:   Building connectivity for subckt rf2r2ws_x1p4m_a9tl40 ... 
[MSV-NPF]:   Building connectivity for subckt sdffnrpq_x2m_a9tl40 ... 
[MSV-NPF]:   Building connectivity for subckt sdffnsq_x1m_a9tl40 ... 
[MSV-NPF]:   Building connectivity for subckt sdffnsq_x3m_a9tl40 ... 
[MSV-NPF]:   Building connectivity for subckt sdffnsrpq_x3m_a9tl40 ... 
[MSV-NPF]:   Building connectivity for subckt sdffqa_x1m_a9tl40 ... 
[MSV-NPF]:   Building connectivity for subckt sdffqna_x1m_a9tl40 ... 
[MSV-NPF]:   Building connectivity for subckt sdffqn_x3m_a9tl40 ... 
[MSV-NPF]:   Building connectivity for subckt sdffq_x0p5m_a9tl40 ... 
[MSV-NPF]:   Building connectivity for subckt xnor2_x1m_a9tl40 ... 
[MSV-NPF]:   Building connectivity for subckt sdffq_x2m_a9tl40 ... 
[MSV-NPF]:   Building connectivity for subckt xnor2_x2m_a9tl40 ... 
[MSV-NPF]:   Building connectivity for subckt sdffq_x3m_a9tl40 ... 
[MSV-NPF]:   Building connectivity for subckt sdffrpqna_x1m_a9tl40 ... 
[MSV-NPF]:   Building connectivity for subckt sdffrpqn_x0p5m_a9tl40 ... 
[MSV-NPF]:   Building connectivity for subckt sdffrpqn_x1m_a9tl40 ... 
[MSV-NPF]:   Building connectivity for subckt sdffrpqn_x2m_a9tl40 ... 
[MSV-NPF]:   Building connectivity for subckt sdffrpqn_x3m_a9tl40 ... 
[MSV-NPF]:   Building connectivity for subckt sdffrpq_x3m_a9tl40 ... 
[MSV-NPF]:   Building connectivity for subckt sdffsq_x0p5m_a9tl40 ... 
[MSV-NPF]:   Building connectivity for subckt sdffsrpqa_x1m_a9tl40 ... 
[MSV-NPF]:   Building connectivity for subckt sdffyq_x2m_a9tl40 ... 
[MSV-NPF]:   Building connectivity for subckt sdffyq_x3m_a9tl40 ... 
[MSV-NPF]:   Building connectivity for subckt xnor3_x1p4m_a9tl40 ... 
[MSV-NPF]:   Building connectivity for subckt tiehi_x1m_a9tl40 ... 
[MSV-NPF]:   Building connectivity for subckt xnor2_x4m_a9tl40 ... 
[MSV-NPF]:   Building connectivity for subckt xnor3_x2m_a9tl40 ... 
[MSV-NPF]:   Building connectivity for subckt xnor3_x4m_a9tl40 ... 
[MSV-NPF]:   Building connectivity for subckt xor2_x2m_a9tl40 ... 
[MSV-NPF]:   Building connectivity for subckt xor3_x4m_a9tl40 ... 
[MSV-NPF]:  Build connection done. Stage cpu time: 0 s, wall time: 0 s. Memory: 2 MB, Peak Memory: 28 MB, PVM: 781 MB
[MSV-NPF]: Scanning hierarchy tree ...
[MSV-NPF]: done (max depth=1)
[MSV-NPF]: Expanding hierarchy tree ...
[MSV-NPF]: Done (dfs=13753)
[MSV-NPF]: 
[MSV-NPF]: 
[MSV-NPF]: Subckt Defined/Used            : 2110/2110
Subckt with parameterized elem : 2096
Subckt instantiated with param : 4
Maximum Circuit Level          : 0

[MSV-NPF]:  Circuit elabration done. Stage cpu time: 0 s, wall time: 0 s. Memory: 2 MB, Peak Memory: 28 MB, PVM: 781 MB
[MSV-NPF]: Creating netlist database ...
[MSV-NPF]:  Created 16 primary MOS device parameter sets
 use 16 index for primary MOS device parameter sets
 use 1 segments for primary MOS device parameter sets
 SegmentSizeShift: 11 and DirectorySizeShift: 12 for primary MOS device parameter sets
 Created 1 geometric MOS device parameter sets
done
[MSV-NPF]:  Build database done. Total cpu time: 2 s, wall time: 2 s. Memory: 2 MB, Peak Memory: 28 MB, PVM: 798 MB

MSV init commands
+------------------------------------------------------------------------------+
| Commands                                               | Location            |
+------------------------------------------------------------------------------+
| bus_format [%d] ;                                      | vcsAD.init:1        |
+------------------------------------------------------------------------------+
| use_spice -cell bfe2_l1a_ams ;                         | vcsAD.init:2        |
+------------------------------------------------------------------------------+
| choose xa -hspice /home/zhupl25/chiplet_side_channel/  | vcsAD.init:3        |
| chiplet_gds_data/power_macro/delay_chain/ftc/runs/b_fe |                     |
| _frontend/bfe2_real_latch/l1a_vcs_xa_1p10/bfe2l_095_n/ |                     |
| bfe2_l1a_ams.sp -c /home/zhupl25/chiplet_side_channel/ |                     |
| chiplet_gds_data/power_macro/delay_chain/ftc/runs/b_fe |                     |
| _frontend/bfe2_real_latch/l1a_vcs_xa_1p10/bfe2l_095_n/ |                     |
| xa.cfg...                                              |                     |
+------------------------------------------------------------------------------+


Begin Digital Netlist Compilation ...

Parsing design file 'tb_bfe2_l1a_vcs_xa.sv'

Top Level Modules:
       bfe2_l1a_vcs_xa


[MSV-SV-PD] - Notice: Single cell views found, spice port directions default to "inout".
	The mixed signal command "port_dir"can be used to specify spice port directions.
	Please review the "port.rpt" file in the "simv.msv" report directory
	for details of single cell view port directions.

TimeScale is 1 ps / 1 ps

[MSV-PTN-DONE] - Notice: Please note that all cosim related tasks for compilation and design elaboration are finished at Tue Aug 25 12:55:04 2026.

Starting vcs inline pass...
5 modules and 0 UDP read.
recompiling module bfe2_l1a_vcs_xa
recompiling module bfe2_l1a_ams
Both modules done.
	However, due to incremental compilation, only 2 modules need to be compiled. 
rm -f _cuarc*.so _csrc*.so pre_vcsobj_*.so share_vcsobj_*.so
if [ -x ../simv ]; then chmod a-x ../simv; fi
/home/zhupl25/synopsys/pt_xa/xa/W-2024.09/GNU/linux64/gcc/bin/g++  -o ../simv      -Wl,-E -rdynamic  -Wl,-rpath='$ORIGIN'/simv.daidir -Wl,-rpath=./simv.daidir -Wl,-rpath=/home/synopsys/vcs/W-2024.09/linux64/lib -L/home/synopsys/vcs/W-2024.09/linux64/lib  -Wl,-rpath-link=./  -Wl,-rpath=/home/zhupl25/synopsys/pt_xa/xa/W-2024.09/linux64/interfaces /usr/lib64/libnuma.so.1   objs/amcQw_d.o   _242271_archive_1.so _prev_archive_1.so   SIM_l.o   /home/zhupl25/synopsys/pt_xa/xa/W-2024.09/linux64/interfaces/libxa_cosim.so /home/zhupl25/synopsys/pt_xa/xa/W-2024.09/linux64/lib/libiomp5.so     rmapats_mop.o rmapats.o rmar.o rmar_nd.o  rmar_llvm_0_1.o rmar_llvm_0_0.o            -lvirsim -lerrorinf -lsnpsmalloc -lvfs    -lvcsnew -lsimprofile -luclinative /home/synopsys/vcs/W-2024.09/linux64/lib/vcs_tls.o   -Wl,-whole-archive  -lvcsucli    -Wl,-no-whole-archive    /home/synopsys/vcs/W-2024.09/linux64/lib/libcosimAD.a      _vcs_pli_stub_.o   /home/synopsys/vcs/W-2024.09/linux64/lib/vcs_save_restore_new.o /home/synopsys/verdi/W-2024.09/share/PLI/VCS/LINUX64/pli.a -ldl  -lc -lm -lpthread -ldl 
../simv up to date
CPU time: 6.439 seconds to compile + 1.152 seconds to elab + 1.631 seconds to link
