scenario_id,baseline_vdd_v,margin_level,M_det,F_det,DeltaV_mv,Vdroop_v,t_fall_ps,t_hold_ps,t_rise_ps,phase_ps,actual_min_vdd_v,t_xor_rise_s,t_xor_fall_s,t_ck_rise_s,t_ck_rise_2_s,W_xor_ps,D_ref_ps,R_ps,q_sample_1_v,q_sample_2_v,vdd_at_q_sample_1_v,vdd_at_q_sample_2_v,q_sample_1_ratio,q_sample_2_ratio,q_final,q_state,active_ck_edge_count,recovery_max_ratio,valid,reason,completion_status,scenario_path,deck_sha256,source_hash,search_stage,point_label,representative_phase_ps,anomaly
t0__b0p95__L1__dv60p0__h1p0__pm450p0__82285a013265fffcfa8a,0.95,L1,4,9,60.0,0.89,1.0,1.0,1.0,-450.0,0.89,2.022168748e-09,2.403664212e-09,2.405315643e-09,5.440874438e-09,381.4954640000002,383.1468950000002,-1.6514310000000023,1.116329366e-07,5.690885771e-09,0.95,0.95,1.1750835431578947e-07,5.990406074736843e-09,0,stable_low,1,2.0728651483146065e-06,1,,PASS,/home/zhupl25/chiplet_side_channel/chiplet_gds_data/power_macro/delay_chain/ftc/runs/t0_transient_droop/r132/scenarios/t0__b0p95__L1__dv60p0__h1p0__pm450p0__82285a013265fffcfa8a,dc53c0cb9f7136eaaaafe6298df27ee326e4d051da4a4f35c814f74f20d7e677,8990a002c0a888cec518799b3c75029b0536557fb43097a8ebf23117e094f1b3,coarse,last_q0_control,-450.0,
t0__b0p95__L1__dv60p0__h10p0__pm450p0__3cc57d70ff97a6ecc4f0,0.95,L1,4,9,60.0,0.89,1.0,10.0,1.0,-450.0,0.89,2.022085936e-09,2.403490258e-09,2.405074652e-09,5.441411957e-09,381.40432200000004,382.98871600000007,-1.5843940000000316,-1.326985549e-07,2.435812571e-07,0.95,0.95,-1.3968268936842106e-07,2.564013232631579e-07,0,stable_low,1,2.090223735955056e-06,1,,PASS,/home/zhupl25/chiplet_side_channel/chiplet_gds_data/power_macro/delay_chain/ftc/runs/t0_transient_droop/r133/scenarios/t0__b0p95__L1__dv60p0__h10p0__pm450p0__3cc57d70ff97a6ecc4f0,84391ea9202ecc2777a9a5b3941af36254136a606fef102a1927f9864cb9e702,8990a002c0a888cec518799b3c75029b0536557fb43097a8ebf23117e094f1b3,coarse,last_q0_control,-450.0,
t0__b0p95__L1__dv60p0__h100p0__pm450p0__f03111c503e0be8c2fab,0.95,L1,4,9,60.0,0.89,1.0,100.0,1.0,-450.0,0.89,2.022303374e-09,2.403855805e-09,2.405361638e-09,5.441082293e-09,381.5524309999998,383.058264,-1.505833000000223,1.65773305e-07,-8.107753246e-08,0.95,0.95,1.744982157894737e-07,-8.534477101052632e-08,0,stable_low,1,2.378663147191011e-06,1,,PASS,/home/zhupl25/chiplet_side_channel/chiplet_gds_data/power_macro/delay_chain/ftc/runs/t0_transient_droop/r134/scenarios/t0__b0p95__L1__dv60p0__h100p0__pm450p0__f03111c503e0be8c2fab,11badb1c0a05a0745edfffe2bfb2e3cfa1c7054553cce68ada143c654d89d1e8,8990a002c0a888cec518799b3c75029b0536557fb43097a8ebf23117e094f1b3,coarse,last_q0_control,-450.0,
t0__b0p95__L1__dv60p0__h1000p0__pm450p0__706af3c25cab3e01a331,0.95,L1,4,9,60.0,0.89,1.0,1000.0,1.0,-450.0,0.89,2.093284989e-09,2.497668941e-09,2.476376329e-09,5.441064906e-09,404.38395200000014,383.09133999999995,21.29261200000019,-1.636606048e-07,5.035535625e-09,0.95,0.95,-1.7227432084210527e-07,5.300563815789474e-09,0,stable_low,1,2.236396241573034e-06,1,,PASS,/home/zhupl25/chiplet_side_channel/chiplet_gds_data/power_macro/delay_chain/ftc/runs/t0_transient_droop/r135/scenarios/t0__b0p95__L1__dv60p0__h1000p0__pm450p0__706af3c25cab3e01a331,c82e82d62e44d9a1d6894614e8c200767dffbc64409bbcc6dec96cecb87a5e4c,8990a002c0a888cec518799b3c75029b0536557fb43097a8ebf23117e094f1b3,coarse,last_q0_control,-450.0,
t0__b0p95__L1__dv60p0__h3000p0__pm450p0__d08c27cd5c9390e0faaa,0.95,L1,4,9,60.0,0.89,1.0,3000.0,1.0,-450.0,0.89,2.103495473e-09,2.592134874e-09,2.537831993e-09,5.441022375e-09,488.639401,434.3365200000002,54.30288099999984,-2.435948511e-07,3.710806837e-07,0.89,0.89,-2.7370207988764044e-07,4.1694458842696627e-07,0,stable_low,1,2.270402880898876e-06,1,,PASS,/home/zhupl25/chiplet_side_channel/chiplet_gds_data/power_macro/delay_chain/ftc/runs/t0_transient_droop/r136/scenarios/t0__b0p95__L1__dv60p0__h3000p0__pm450p0__d08c27cd5c9390e0faaa,98b02cdff832c9f76810653a1da4d81f9e9bbebfd1cdd99097493211e3613ce3,8990a002c0a888cec518799b3c75029b0536557fb43097a8ebf23117e094f1b3,coarse,last_q0_control,-450.0,
t0__b0p95__L1__dv70p0__h1p0__pm450p0__0ea9843cae922020d3ff,0.95,L1,4,9,70.0,0.88,1.0,1.0,1.0,-450.0,0.88,2.022353774e-09,2.403877655e-09,2.405453071e-09,5.440874596e-09,381.5238810000002,383.0992970000002,-1.5754160000000184,1.609699595e-07,-8.210783004e-08,0.95,0.95,1.6944206263157895e-07,-8.642929477894736e-08,0,stable_low,1,2.09626295e-06,1,,PASS,/home/zhupl25/chiplet_side_channel/chiplet_gds_data/power_macro/delay_chain/ftc/runs/t0_transient_droop/r137/scenarios/t0__b0p95__L1__dv70p0__h1p0__pm450p0__0ea9843cae922020d3ff,f5cced861d7122b6ab181b49907850a102d09b466b5ba1e7140fd396dfc96801,8990a002c0a888cec518799b3c75029b0536557fb43097a8ebf23117e094f1b3,coarse,first_q1_anchor,-450.0,
t0__b0p95__L1__dv70p0__h10p0__pm450p0__6f989d1d10a209618e3e,0.95,L1,4,9,70.0,0.88,1.0,10.0,1.0,-450.0,0.88,2.02260003e-09,2.403970132e-09,2.405766831e-09,5.441474459e-09,381.3701020000002,383.16680099999996,-1.7966989999997622,-1.084603919e-07,8.120196768e-08,0.95,0.95,-1.1416883357894737e-07,8.547575545263158e-08,0,stable_low,1,2.0798494386363635e-06,1,,PASS,/home/zhupl25/chiplet_side_channel/chiplet_gds_data/power_macro/delay_chain/ftc/runs/t0_transient_droop/r138/scenarios/t0__b0p95__L1__dv70p0__h10p0__pm450p0__6f989d1d10a209618e3e,96c58b8ea52ea5ffe7d586ed03a5ecc8aabdd203216c5bdc67fd3bd544c75fcb,8990a002c0a888cec518799b3c75029b0536557fb43097a8ebf23117e094f1b3,coarse,first_q1_anchor,-450.0,
t0__b0p95__L1__dv70p0__h100p0__pm450p0__1f7fbe0d924bd6eec40e,0.95,L1,4,9,70.0,0.88,1.0,100.0,1.0,-450.0,0.88,2.022410811e-09,2.404097986e-09,2.405513435e-09,5.44148198e-09,381.6871750000001,383.10262399999993,-1.4154489999998532,-1.070649391e-07,8.24103519e-08,0.95,0.95,-1.1269993589473685e-07,8.674773884210527e-08,0,stable_low,1,2.0536937204545454e-06,1,,PASS,/home/zhupl25/chiplet_side_channel/chiplet_gds_data/power_macro/delay_chain/ftc/runs/t0_transient_droop/r139/scenarios/t0__b0p95__L1__dv70p0__h100p0__pm450p0__1f7fbe0d924bd6eec40e,edd8f3b9cf49b458a1ad328e03e7eae5054d36a543ac05e9f52611c9fc8c93a6,8990a002c0a888cec518799b3c75029b0536557fb43097a8ebf23117e094f1b3,coarse,first_q1_anchor,-450.0,
t0__b0p95__L1__dv70p0__h1000p0__pm450p0__9cb3f2969b289e5132b6,0.95,L1,4,9,70.0,0.88,1.0,1000.0,1.0,-450.0,0.88,2.105461312e-09,2.513566843e-09,2.488458423e-09,5.441065006e-09,408.10553100000004,382.9971109999999,25.108420000000137,-1.732180235e-07,-4.725180392e-10,0.95,0.95,-1.8233476157894737e-07,-4.973874096842106e-10,0,stable_low,1,2.256273259090909e-06,1,,PASS,/home/zhupl25/chiplet_side_channel/chiplet_gds_data/power_macro/delay_chain/ftc/runs/t0_transient_droop/r140/scenarios/t0__b0p95__L1__dv70p0__h1000p0__pm450p0__9cb3f2969b289e5132b6,83d09dacfe9cbbeac5960325f8fd915202cd6e02c26a0b20b5522828824bfb50,8990a002c0a888cec518799b3c75029b0536557fb43097a8ebf23117e094f1b3,coarse,first_q1_anchor,-450.0,
t0__b0p95__L1__dv70p0__h3000p0__pm450p0__62c3f9dcb946f15b069d,0.95,L1,4,9,70.0,0.88,1.0,3000.0,1.0,-450.0,0.88,2.1198399e-09,2.632176259e-09,2.564735329e-09,5.44084512e-09,512.3363590000001,444.8954289999999,67.44093000000021,0.8799996923,0.8799997028,0.88,0.88,0.9999996503409091,0.9999996622727272,1,stable_high,1,2.087087194318182e-06,1,,PASS,/home/zhupl25/chiplet_side_channel/chiplet_gds_data/power_macro/delay_chain/ftc/runs/t0_transient_droop/r141/scenarios/t0__b0p95__L1__dv70p0__h3000p0__pm450p0__62c3f9dcb946f15b069d,6e8edcfc59b3ec6fbb09a61e1a83c7f9fc190f8892f4b2028ca457b929b4fac7,8990a002c0a888cec518799b3c75029b0536557fb43097a8ebf23117e094f1b3,coarse,first_q1_anchor,-450.0,
t0__b0p95__L1__dv70p0__h2000p0__pm450p0__bb61ec471c1390818647,0.95,L1,4,9,70.0,0.88,1.0,2000.0,1.0,-450.0,0.88,2.1198399e-09,2.632176259e-09,2.564735329e-09,5.441395777e-09,512.3363590000001,444.8954289999999,67.44093000000021,0.9499996588,0.9499997231,0.95,0.95,0.9999996408421054,0.9999997085263158,1,stable_high,1,2.5729161125e-06,1,,PASS,/home/zhupl25/chiplet_side_channel/chiplet_gds_data/power_macro/delay_chain/ftc/runs/t0_transient_droop/r142/scenarios/t0__b0p95__L1__dv70p0__h2000p0__pm450p0__bb61ec471c1390818647,e7213b241bfe699940c710292f66716a8af183a928991a8513985036be993837,8990a002c0a888cec518799b3c75029b0536557fb43097a8ebf23117e094f1b3,refine,first_q1_anchor,-450.0,
t0__b0p95__L1__dv70p0__h1500p0__pm450p0__688d8aa5447eb334045c,0.95,L1,4,9,70.0,0.88,1.0,1500.0,1.0,-450.0,0.88,2.1198399e-09,2.613390567e-09,2.565594367e-09,5.4414927e-09,493.5506670000001,445.75446699999986,47.796200000000226,0.9499996361,0.949999706,0.95,0.95,0.9999996169473685,0.9999996905263159,1,stable_high,1,2.1904386238636363e-06,1,,PASS,/home/zhupl25/chiplet_side_channel/chiplet_gds_data/power_macro/delay_chain/ftc/runs/t0_transient_droop/r143/scenarios/t0__b0p95__L1__dv70p0__h1500p0__pm450p0__688d8aa5447eb334045c,9cd8dc384f2869bb4e978fa1e3b19e9818bc43ed3ca233b1b93ae55be96086ac,8990a002c0a888cec518799b3c75029b0536557fb43097a8ebf23117e094f1b3,refine,first_q1_anchor,-450.0,
t0__b0p95__L1__dv70p0__h1250p0__pm450p0__0d30372ae47961630014,0.95,L1,4,9,70.0,0.88,1.0,1250.0,1.0,-450.0,0.88,2.1198399e-09,2.56299379e-09,2.53060392e-09,5.44152773e-09,443.1538900000002,410.7640200000001,32.389870000000144,3.050790379e-07,-3.519676612e-07,0.95,0.95,3.211358293684211e-07,-3.7049227494736847e-07,0,stable_low,1,1.8021438624999999e-06,1,,PASS,/home/zhupl25/chiplet_side_channel/chiplet_gds_data/power_macro/delay_chain/ftc/runs/t0_transient_droop/r144/scenarios/t0__b0p95__L1__dv70p0__h1250p0__pm450p0__0d30372ae47961630014,c503379b8459648dbff7ee65609f1b3ab8157c9906ad71fe5951b3bc59df9049,8990a002c0a888cec518799b3c75029b0536557fb43097a8ebf23117e094f1b3,refine,first_q1_anchor,-450.0,
t0__b0p95__L1__dv70p0__h1375p0__pm450p0__f8ace6ba774a03e88d66,0.95,L1,4,9,70.0,0.88,1.0,1375.0,1.0,-450.0,0.88,2.1198399e-09,2.588170627e-09,2.541981023e-09,5.441615048e-09,468.3307269999999,422.141123,46.18960399999992,0.949999706,0.949999702,0.95,0.95,0.9999996905263159,0.9999996863157895,1,stable_high,1,2.1466677863636363e-06,1,,PASS,/home/zhupl25/chiplet_side_channel/chiplet_gds_data/power_macro/delay_chain/ftc/runs/t0_transient_droop/r145/scenarios/t0__b0p95__L1__dv70p0__h1375p0__pm450p0__f8ace6ba774a03e88d66,79be90c60493c9c574b8684a738615df9f96301cd81db25bb37ed3b5b764cc8a,8990a002c0a888cec518799b3c75029b0536557fb43097a8ebf23117e094f1b3,refine,first_q1_anchor,-450.0,
t0__b0p95__L1__dv70p0__h1312p0__pm450p0__e9c210f3d6a4329e4227,0.95,L1,4,9,70.0,0.88,1.0,1312.0,1.0,-450.0,0.88,2.1198399e-09,2.575578955e-09,2.538287618e-09,5.441412913e-09,455.73905499999995,418.44771800000024,37.291336999999714,-1.601562876e-07,9.29917665e-08,0.95,0.95,-1.6858556589473685e-07,9.788607000000001e-08,0,stable_low,1,2.002468669318182e-06,1,,PASS,/home/zhupl25/chiplet_side_channel/chiplet_gds_data/power_macro/delay_chain/ftc/runs/t0_transient_droop/r146/scenarios/t0__b0p95__L1__dv70p0__h1312p0__pm450p0__e9c210f3d6a4329e4227,431fc45799c8d2e08239030add4e98b992bbeb634656a3013f215360cf038f39,8990a002c0a888cec518799b3c75029b0536557fb43097a8ebf23117e094f1b3,refine,first_q1_anchor,-450.0,
t0__b0p95__L1__dv70p0__h1344p0__pm450p0__a08ce32bb5ea185a4f48,0.95,L1,4,9,70.0,0.88,1.0,1344.0,1.0,-450.0,0.88,2.1198399e-09,2.582162647e-09,2.539585994e-09,5.441151301e-09,462.3227470000001,419.74609399999986,42.57665300000025,-1.84429484e-07,1.398230334e-07,0.95,0.95,-1.9413629894736843e-07,1.4718214042105262e-07,0,stable_low,1,1.7283544022727273e-06,1,,PASS,/home/zhupl25/chiplet_side_channel/chiplet_gds_data/power_macro/delay_chain/ftc/runs/t0_transient_droop/r147/scenarios/t0__b0p95__L1__dv70p0__h1344p0__pm450p0__a08ce32bb5ea185a4f48,619b3c34ebcc342a37622a66160c001e6a5f08bfe9900ee4e3c71d18234e100e,8990a002c0a888cec518799b3c75029b0536557fb43097a8ebf23117e094f1b3,refine,first_q1_anchor,-450.0,
t0__b0p95__L1__dv70p0__h1360p0__pm450p0__e956cce6de06490965d1,0.95,L1,4,9,70.0,0.88,1.0,1360.0,1.0,-450.0,0.88,2.1198399e-09,2.585048714e-09,2.539543009e-09,5.441135346e-09,465.20881399999996,419.703109,45.50570499999998,0.9499997058,0.9499997019,0.95,0.95,0.9999996903157896,0.9999996862105264,1,stable_high,1,2.065863671590909e-06,1,,PASS,/home/zhupl25/chiplet_side_channel/chiplet_gds_data/power_macro/delay_chain/ftc/runs/t0_transient_droop/r148/scenarios/t0__b0p95__L1__dv70p0__h1360p0__pm450p0__e956cce6de06490965d1,4bf735a8fe3c6f895ff8b6b088e70b52a759acf5c65d73159fb48e9a421353ca,8990a002c0a888cec518799b3c75029b0536557fb43097a8ebf23117e094f1b3,refine,first_q1_anchor,-450.0,
t0__b0p95__L1__dv80p0__h1p0__pm450p0__f0e23b9b62b700ac5a43,0.95,L1,4,9,80.0,0.87,1.0,1.0,1.0,-450.0,0.87,2.022354889e-09,2.403877703e-09,2.405454053e-09,5.440874589e-09,381.5228139999998,383.0991639999998,-1.5763499999999908,1.601525131e-07,-8.219033318e-08,0.95,0.95,1.685815927368421e-07,-8.651614018947368e-08,0,stable_low,1,2.12053303908046e-06,1,,PASS,/home/zhupl25/chiplet_side_channel/chiplet_gds_data/power_macro/delay_chain/ftc/runs/t0_transient_droop/r149/scenarios/t0__b0p95__L1__dv80p0__h1p0__pm450p0__f0e23b9b62b700ac5a43,e296dd12ad1aa964142e232f9f5e22d0ddedcc8b752a68ebbd4ad9482f144220,8990a002c0a888cec518799b3c75029b0536557fb43097a8ebf23117e094f1b3,coarse,first_q1_minus_10mV,-450.0,
t0__b0p95__L1__dv80p0__h10p0__pm450p0__544fc6039a10439594af,0.95,L1,4,9,80.0,0.87,1.0,10.0,1.0,-450.0,0.87,2.022417113e-09,2.404105851e-09,2.405282735e-09,5.441411973e-09,381.68873800000006,382.86562200000014,-1.1768840000000864,-5.484591036e-08,1.519286618e-07,0.95,0.95,-5.7732537221052636e-08,1.5992490715789475e-07,0,stable_low,1,2.1380907781609194e-06,1,,PASS,/home/zhupl25/chiplet_side_channel/chiplet_gds_data/power_macro/delay_chain/ftc/runs/t0_transient_droop/r150/scenarios/t0__b0p95__L1__dv80p0__h10p0__pm450p0__544fc6039a10439594af,33e7aaeb22a7e0e524f7991e0cea333c8d1b5e25954874c6c07309b118dedbb1,8990a002c0a888cec518799b3c75029b0536557fb43097a8ebf23117e094f1b3,coarse,first_q1_minus_10mV,-450.0,
t0__b0p95__L1__dv80p0__h100p0__pm450p0__9446d9ea68862cb14f56,0.95,L1,4,9,80.0,0.87,1.0,100.0,1.0,-450.0,0.87,2.02249464e-09,2.403632742e-09,2.405458418e-09,5.441114429e-09,381.1381019999999,382.9637780000001,-1.8256760000002146,7.273744029e-08,3.692699242e-07,0.95,0.95,7.656572662105264e-08,3.887051833684211e-07,0,stable_low,1,1.900504703448276e-06,1,,PASS,/home/zhupl25/chiplet_side_channel/chiplet_gds_data/power_macro/delay_chain/ftc/runs/t0_transient_droop/r151/scenarios/t0__b0p95__L1__dv80p0__h100p0__pm450p0__9446d9ea68862cb14f56,a189ff48c69d336f265f0de3dcdbbb76c14c4b380f26233b1c60d7dd22f0f4c7,8990a002c0a888cec518799b3c75029b0536557fb43097a8ebf23117e094f1b3,coarse,first_q1_minus_10mV,-450.0,
t0__b0p95__L1__dv80p0__h1000p0__pm450p0__9520a4fcf020e286352e,0.95,L1,4,9,80.0,0.87,1.0,1000.0,1.0,-450.0,0.87,2.117255072e-09,2.528731239e-09,2.500021921e-09,5.441394099e-09,411.476167,382.766849,28.709317999999996,-2.182185959e-07,8.726567413e-08,0.95,0.95,-2.2970378515789474e-07,9.185860434736843e-08,0,stable_low,1,2.044738035632184e-06,1,,PASS,/home/zhupl25/chiplet_side_channel/chiplet_gds_data/power_macro/delay_chain/ftc/runs/t0_transient_droop/r152/scenarios/t0__b0p95__L1__dv80p0__h1000p0__pm450p0__9520a4fcf020e286352e,43417d13ddaabf235c0fa4f138cf348ee1e5613421bef2af85026221c4099a87,8990a002c0a888cec518799b3c75029b0536557fb43097a8ebf23117e094f1b3,coarse,first_q1_minus_10mV,-450.0,
t0__b0p95__L1__dv80p0__h3000p0__pm450p0__c79cb65f8c01873db45c,0.95,L1,4,9,80.0,0.87,1.0,3000.0,1.0,-450.0,0.87,2.136745833e-09,2.67358997e-09,2.592464861e-09,5.440936859e-09,536.8441370000002,455.71902799999987,81.1251090000003,0.8699996994,0.8699997335,0.87,0.87,0.9999996544827586,0.999999693678161,1,stable_high,1,1.6673508172413793e-06,1,,PASS,/home/zhupl25/chiplet_side_channel/chiplet_gds_data/power_macro/delay_chain/ftc/runs/t0_transient_droop/r153/scenarios/t0__b0p95__L1__dv80p0__h3000p0__pm450p0__c79cb65f8c01873db45c,9df75ec0f0047f30d2d1e691dfe304ea3d8c64063d2e07dff85f2fd06314c8b8,8990a002c0a888cec518799b3c75029b0536557fb43097a8ebf23117e094f1b3,coarse,first_q1_minus_10mV,-450.0,
t0__b0p95__L1__dv80p0__h2000p0__pm450p0__0beca2bcd36effa50ad0,0.95,L1,4,9,80.0,0.87,1.0,2000.0,1.0,-450.0,0.87,2.136745833e-09,2.67358997e-09,2.592464861e-09,5.441292686e-09,536.8441370000002,455.71902799999987,81.1251090000003,0.9499996873,0.9499997084,0.95,0.95,0.9999996708421053,0.9999996930526317,1,stable_high,1,2.2644652436781607e-06,1,,PASS,/home/zhupl25/chiplet_side_channel/chiplet_gds_data/power_macro/delay_chain/ftc/runs/t0_transient_droop/r154/scenarios/t0__b0p95__L1__dv80p0__h2000p0__pm450p0__0beca2bcd36effa50ad0,1c491d70df61a83b7b4ad79fdeb90289d52758522a3f2b0c9ec11f5af296d507,8990a002c0a888cec518799b3c75029b0536557fb43097a8ebf23117e094f1b3,refine,first_q1_minus_10mV,-450.0,
t0__b0p95__L1__dv80p0__h1500p0__pm450p0__4351458082ce0c688316,0.95,L1,4,9,80.0,0.87,1.0,1500.0,1.0,-450.0,0.87,2.136745833e-09,2.642917431e-09,2.587131052e-09,5.440847583e-09,506.1715979999999,450.3852190000002,55.78637899999973,0.9499996956,0.949999635,0.95,0.95,0.9999996795789474,0.9999996157894737,1,stable_high,1,1.984845696551724e-06,1,,PASS,/home/zhupl25/chiplet_side_channel/chiplet_gds_data/power_macro/delay_chain/ftc/runs/t0_transient_droop/r155/scenarios/t0__b0p95__L1__dv80p0__h1500p0__pm450p0__4351458082ce0c688316,e60cc2a4421e370142f42c7b2407e5b94082ce6ca1e6d3cd379610cfb5521e13,8990a002c0a888cec518799b3c75029b0536557fb43097a8ebf23117e094f1b3,refine,first_q1_minus_10mV,-450.0,
t0__b0p95__L1__dv80p0__h1250p0__pm450p0__37fdb7faa84a9c737487,0.95,L1,4,9,80.0,0.87,1.0,1250.0,1.0,-450.0,0.87,2.136745833e-09,2.58570259e-09,2.54865836e-09,5.441526574e-09,448.9567570000001,411.91252699999995,37.04423000000014,3.561328011e-07,-2.798253011e-07,0.95,0.95,3.7487663273684216e-07,-2.9455294852631583e-07,0,stable_low,1,1.8171875482758622e-06,1,,PASS,/home/zhupl25/chiplet_side_channel/chiplet_gds_data/power_macro/delay_chain/ftc/runs/t0_transient_droop/r156/scenarios/t0__b0p95__L1__dv80p0__h1250p0__pm450p0__37fdb7faa84a9c737487,c39170d1d7495013c2751eaa3687a73d1d3629a94a67c56c4099a7c2d47de8a6,8990a002c0a888cec518799b3c75029b0536557fb43097a8ebf23117e094f1b3,refine,first_q1_minus_10mV,-450.0,
t0__b0p95__L1__dv80p0__h1375p0__pm450p0__d3383a8400852149aac6,0.95,L1,4,9,80.0,0.87,1.0,1375.0,1.0,-450.0,0.87,2.136745833e-09,2.614360017e-09,2.563142194e-09,5.440758647e-09,477.61418400000014,426.3963610000002,51.21782299999995,0.9499997438,0.9499996831,0.95,0.95,0.9999997303157895,0.9999996664210528,1,stable_high,1,1.988610395402299e-06,1,,PASS,/home/zhupl25/chiplet_side_channel/chiplet_gds_data/power_macro/delay_chain/ftc/runs/t0_transient_droop/r157/scenarios/t0__b0p95__L1__dv80p0__h1375p0__pm450p0__d3383a8400852149aac6,87b6b123d2ec27e48ea75a6e5db5303ff859c3438218a350ae71d6bd3f523d93,8990a002c0a888cec518799b3c75029b0536557fb43097a8ebf23117e094f1b3,refine,first_q1_minus_10mV,-450.0,
t0__b0p95__L1__dv80p0__h1312p0__pm450p0__a4dfc8060ab76cda5dd9,0.95,L1,4,9,80.0,0.87,1.0,1312.0,1.0,-450.0,0.87,2.136745833e-09,2.599867517e-09,2.558931146e-09,5.441526976e-09,463.1216840000002,422.1853130000002,40.93637100000001,4.134815639e-07,-2.434296112e-07,0.95,0.95,4.3524375147368425e-07,-2.5624169600000003e-07,0,stable_low,1,1.811064008045977e-06,1,,PASS,/home/zhupl25/chiplet_side_channel/chiplet_gds_data/power_macro/delay_chain/ftc/runs/t0_transient_droop/r158/scenarios/t0__b0p95__L1__dv80p0__h1312p0__pm450p0__a4dfc8060ab76cda5dd9,a68700750c69744300d3bb205df3ba1a50fd96c4dfd6d73e27524a2e063b6a88,8990a002c0a888cec518799b3c75029b0536557fb43097a8ebf23117e094f1b3,refine,first_q1_minus_10mV,-450.0,
t0__b0p95__L1__dv80p0__h1344p0__pm450p0__53ee143f5e8c9e51f78e,0.95,L1,4,9,80.0,0.87,1.0,1344.0,1.0,-450.0,0.87,2.136745833e-09,2.607573906e-09,2.562431215e-09,5.440844855e-09,470.828073,425.685382,45.14269100000001,0.9499997571,0.9499995478,0.95,0.95,0.9999997443157894,0.999999524,1,stable_high,1,1.990497552873563e-06,1,,PASS,/home/zhupl25/chiplet_side_channel/chiplet_gds_data/power_macro/delay_chain/ftc/runs/t0_transient_droop/r159/scenarios/t0__b0p95__L1__dv80p0__h1344p0__pm450p0__53ee143f5e8c9e51f78e,6cc9694bec4a1630299cf7117c9cd2848495e69d46cfa3d17f41342c5a4003b2,8990a002c0a888cec518799b3c75029b0536557fb43097a8ebf23117e094f1b3,refine,first_q1_minus_10mV,-450.0,
t0__b0p95__L1__dv80p0__h1328p0__pm450p0__b77df2ea2b8b580e6f1f,0.95,L1,4,9,80.0,0.87,1.0,1328.0,1.0,-450.0,0.87,2.136745833e-09,2.603780291e-09,2.560825795e-09,5.441527033e-09,467.0344579999999,424.0799620000002,42.95449599999972,3.170796358e-07,-4.887997112e-07,0.95,0.95,3.3376803768421053e-07,-5.145260117894737e-07,0,stable_low,1,1.8097214999999999e-06,1,,PASS,/home/zhupl25/chiplet_side_channel/chiplet_gds_data/power_macro/delay_chain/ftc/runs/t0_transient_droop/r160/scenarios/t0__b0p95__L1__dv80p0__h1328p0__pm450p0__b77df2ea2b8b580e6f1f,9d59bd3a7a68240d9a844fcf8fc2e75b8a8bcd524b8363d63e19ae9b2c744331,8990a002c0a888cec518799b3c75029b0536557fb43097a8ebf23117e094f1b3,refine,first_q1_minus_10mV,-450.0,
t0__b0p95__L1__dv90p0__h1p0__pm450p0__2058f9d6fa65784c96a4,0.95,L1,4,9,90.0,0.86,1.0,1.0,1.0,-450.0,0.86,2.022635743e-09,2.403878353e-09,2.405685463e-09,5.441141788e-09,381.24261000000007,383.0497199999998,-1.8071099999997386,1.038599225e-07,8.773398194e-08,0.95,0.95,1.0932623421052632e-07,9.235155993684211e-08,0,stable_low,1,2.7383571976744186e-06,1,,PASS,/home/zhupl25/chiplet_side_channel/chiplet_gds_data/power_macro/delay_chain/ftc/runs/t0_transient_droop/r161/scenarios/t0__b0p95__L1__dv90p0__h1p0__pm450p0__2058f9d6fa65784c96a4,ed7c62d621caebb881f98af3830bdfdd98c85627f97668ba03d3b590716d4e6a,8990a002c0a888cec518799b3c75029b0536557fb43097a8ebf23117e094f1b3,coarse,first_q1_minus_20mV,-450.0,
t0__b0p95__L1__dv90p0__h10p0__pm450p0__80f8ee2909ada70d74a6,0.95,L1,4,9,90.0,0.86,1.0,10.0,1.0,-450.0,0.86,2.022417078e-09,2.404105833e-09,2.405282681e-09,5.44133831e-09,381.68875500000007,382.8656029999998,-1.1768479999997226,2.499553699e-07,1.19158095e-07,0.95,0.95,2.6311091568421057e-07,1.2542957368421052e-07,0,stable_low,1,1.9826293209302327e-06,1,,PASS,/home/zhupl25/chiplet_side_channel/chiplet_gds_data/power_macro/delay_chain/ftc/runs/t0_transient_droop/r162/scenarios/t0__b0p95__L1__dv90p0__h10p0__pm450p0__80f8ee2909ada70d74a6,36dd4eafec48bbfdd2c861ad740d6e2e8d38fa8dd7d47831302304001357bbc1,8990a002c0a888cec518799b3c75029b0536557fb43097a8ebf23117e094f1b3,coarse,first_q1_minus_20mV,-450.0,
t0__b0p95__L1__dv90p0__h100p0__pm450p0__4d4cac140e131bdabf54,0.95,L1,4,9,90.0,0.86,1.0,100.0,1.0,-450.0,0.86,2.022318968e-09,2.403802825e-09,2.405337069e-09,5.441117934e-09,381.483857,383.0181010000002,-1.5342440000001716,7.347472292e-08,3.702038198e-07,0.95,0.95,7.734181360000001e-08,3.896882313684211e-07,0,stable_low,1,1.9215347395348836e-06,1,,PASS,/home/zhupl25/chiplet_side_channel/chiplet_gds_data/power_macro/delay_chain/ftc/runs/t0_transient_droop/r163/scenarios/t0__b0p95__L1__dv90p0__h100p0__pm450p0__4d4cac140e131bdabf54,dea57aa62fe94473ef7de4725926cbc8ac2e67b53e9d85c9fb65738983c1ddb3,8990a002c0a888cec518799b3c75029b0536557fb43097a8ebf23117e094f1b3,coarse,first_q1_minus_20mV,-450.0,
t0__b0p95__L1__dv90p0__h1000p0__pm450p0__19c312499e14c1d7644e,0.95,L1,4,9,90.0,0.86,1.0,1000.0,1.0,-450.0,0.86,2.129839992e-09,2.544181831e-09,2.512796731e-09,5.441529569e-09,414.3418390000002,382.9567390000003,31.38509999999991,2.54805152e-07,-4.04327108e-07,0.95,0.95,2.682159494736842e-07,-4.256074821052632e-07,0,stable_low,1,1.859912538372093e-06,1,,PASS,/home/zhupl25/chiplet_side_channel/chiplet_gds_data/power_macro/delay_chain/ftc/runs/t0_transient_droop/r164/scenarios/t0__b0p95__L1__dv90p0__h1000p0__pm450p0__19c312499e14c1d7644e,41e6fe7c5c6fa8c73893996c535887f786649ad762c7d71383a646d7a0596716,8990a002c0a888cec518799b3c75029b0536557fb43097a8ebf23117e094f1b3,coarse,first_q1_minus_20mV,-450.0,
t0__b0p95__L1__dv90p0__h3000p0__pm450p0__6c271040ddac10b0d7d1,0.95,L1,4,9,90.0,0.86,1.0,3000.0,1.0,-450.0,0.86,2.155251416e-09,2.71831471e-09,2.622631441e-09,5.441014382e-09,563.063294,467.3800250000001,95.68326899999994,0.8599997315,0.8599996918,0.86,0.86,0.9999996877906977,0.999999641627907,1,stable_high,1,3.4435429511627906e-06,1,,PASS,/home/zhupl25/chiplet_side_channel/chiplet_gds_data/power_macro/delay_chain/ftc/runs/t0_transient_droop/r165/scenarios/t0__b0p95__L1__dv90p0__h3000p0__pm450p0__6c271040ddac10b0d7d1,0272dd7f8bcbeedc04f39bda486bb1b5a47ad5d26dfa9ccaafae9a3505ea2c5e,8990a002c0a888cec518799b3c75029b0536557fb43097a8ebf23117e094f1b3,coarse,first_q1_minus_20mV,-450.0,
t0__b0p95__L1__dv90p0__h2000p0__pm450p0__410c9386366cf580cbd5,0.95,L1,4,9,90.0,0.86,1.0,2000.0,1.0,-450.0,0.86,2.155251416e-09,2.71831471e-09,2.622631441e-09,5.441327979e-09,563.063294,467.3800250000001,95.68326899999994,0.9499996,0.9499997763,0.95,0.95,0.9999995789473686,0.9999997645263158,1,stable_high,1,2.0953246976744184e-06,1,,PASS,/home/zhupl25/chiplet_side_channel/chiplet_gds_data/power_macro/delay_chain/ftc/runs/t0_transient_droop/r166/scenarios/t0__b0p95__L1__dv90p0__h2000p0__pm450p0__410c9386366cf580cbd5,88e5dbf1a0574d4b938f5392262520159dcac9c925cd5b126169c1f03fbae961,8990a002c0a888cec518799b3c75029b0536557fb43097a8ebf23117e094f1b3,refine,first_q1_minus_20mV,-450.0,
t0__b0p95__L1__dv90p0__h1500p0__pm450p0__27a618284c58231c83a0,0.95,L1,4,9,90.0,0.86,1.0,1500.0,1.0,-450.0,0.86,2.155251416e-09,2.672750413e-09,2.609210364e-09,5.441057087e-09,517.498997,453.95894800000013,63.5400489999999,0.9499996753,0.9499997649,0.95,0.95,0.9999996582105263,0.9999997525263159,1,stable_high,1,1.7774519232558138e-06,1,,PASS,/home/zhupl25/chiplet_side_channel/chiplet_gds_data/power_macro/delay_chain/ftc/runs/t0_transient_droop/r167/scenarios/t0__b0p95__L1__dv90p0__h1500p0__pm450p0__27a618284c58231c83a0,e2a02b763783e22a57d518125fc6d1ef53024e9bf12bd655eb5f4e49ad94f7f3,8990a002c0a888cec518799b3c75029b0536557fb43097a8ebf23117e094f1b3,refine,first_q1_minus_20mV,-450.0,
t0__b0p95__L1__dv90p0__h1250p0__pm450p0__e59cf84b13fe0e768fc5,0.95,L1,4,9,90.0,0.86,1.0,1250.0,1.0,-450.0,0.86,2.155251416e-09,2.608193368e-09,2.567248453e-09,5.441475363e-09,452.94195199999996,411.99703700000026,40.944914999999696,1.124939192e-06,-8.637588199e-07,0.95,0.95,1.184146517894737e-06,-9.092198104210528e-07,0,stable_low,1,1.9799467627906975e-06,1,,PASS,/home/zhupl25/chiplet_side_channel/chiplet_gds_data/power_macro/delay_chain/ftc/runs/t0_transient_droop/r168/scenarios/t0__b0p95__L1__dv90p0__h1250p0__pm450p0__e59cf84b13fe0e768fc5,90b7aac40f206fa21f4cced96d86f29d790cb0be83448568813404fad528f6e0,8990a002c0a888cec518799b3c75029b0536557fb43097a8ebf23117e094f1b3,refine,first_q1_minus_20mV,-450.0,
t0__b0p95__L1__dv90p0__h1375p0__pm450p0__ffbc3accac86ef43c5c6,0.95,L1,4,9,90.0,0.86,1.0,1375.0,1.0,-450.0,0.86,2.155251416e-09,2.640640047e-09,2.588419374e-09,5.440846005e-09,485.38863100000015,433.16795800000017,52.22067299999998,0.9499997017,0.9499996424,0.95,0.95,0.9999996860000001,0.9999996235789474,1,stable_high,1,2.0052453941860466e-06,1,,PASS,/home/zhupl25/chiplet_side_channel/chiplet_gds_data/power_macro/delay_chain/ftc/runs/t0_transient_droop/r169/scenarios/t0__b0p95__L1__dv90p0__h1375p0__pm450p0__ffbc3accac86ef43c5c6,c96a94d514785939ae436285e28a24e298a2500e9404b981d9bc647f232f104f,8990a002c0a888cec518799b3c75029b0536557fb43097a8ebf23117e094f1b3,refine,first_q1_minus_20mV,-450.0,
t0__b0p95__L1__dv90p0__h1312p0__pm450p0__f50ef9275bce0f04d336,0.95,L1,4,9,90.0,0.86,1.0,1312.0,1.0,-450.0,0.86,2.155251416e-09,2.624048312e-09,2.579590477e-09,5.44108442e-09,468.79689599999995,424.3390609999999,44.457835000000046,0.9499998149,0.9499994973,0.95,0.95,0.9999998051578948,0.9999994708421053,1,stable_high,1,2.002641641860465e-06,1,,PASS,/home/zhupl25/chiplet_side_channel/chiplet_gds_data/power_macro/delay_chain/ftc/runs/t0_transient_droop/r170/scenarios/t0__b0p95__L1__dv90p0__h1312p0__pm450p0__f50ef9275bce0f04d336,fbb743f8ceb5ede9a2d8d249c20e210695789e6d9bae8682152b819d8c00ca2f,8990a002c0a888cec518799b3c75029b0536557fb43097a8ebf23117e094f1b3,refine,first_q1_minus_20mV,-450.0,
t0__b0p95__L1__dv90p0__h1281p0__pm450p0__359e583656ae5ac59551,0.95,L1,4,9,90.0,0.86,1.0,1281.0,1.0,-450.0,0.86,2.155251416e-09,2.616159453e-09,2.573565744e-09,5.44147436e-09,460.90803700000015,418.31432800000016,42.59370899999999,1.03932633e-06,-1.081449034e-06,0.95,0.95,1.0940277157894738e-06,-1.1383674042105263e-06,0,stable_low,1,1.9533511674418605e-06,1,,PASS,/home/zhupl25/chiplet_side_channel/chiplet_gds_data/power_macro/delay_chain/ftc/runs/t0_transient_droop/r171/scenarios/t0__b0p95__L1__dv90p0__h1281p0__pm450p0__359e583656ae5ac59551,db9033a61a57eb9b5d18c9f60e31ac2a18cb7f496827c2fa3e2a36b6ea3d5d8e,8990a002c0a888cec518799b3c75029b0536557fb43097a8ebf23117e094f1b3,refine,first_q1_minus_20mV,-450.0,
t0__b0p95__L1__dv90p0__h1296p0__pm450p0__fbfc7fd2704f5d3f6313,0.95,L1,4,9,90.0,0.86,1.0,1296.0,1.0,-450.0,0.86,2.155251416e-09,2.620092649e-09,2.576431069e-09,5.441116859e-09,464.84123300000016,421.1796529999999,43.66158000000024,0.9499998424,0.9499995106,0.95,0.95,0.9999998341052633,0.9999994848421053,1,stable_high,1,2.00252076627907e-06,1,,PASS,/home/zhupl25/chiplet_side_channel/chiplet_gds_data/power_macro/delay_chain/ftc/runs/t0_transient_droop/r172/scenarios/t0__b0p95__L1__dv90p0__h1296p0__pm450p0__fbfc7fd2704f5d3f6313,2dc4b1a9ff4fc22f7a9074544bbcdfd7398caf0ca135c21f66cac231f9cf008a,8990a002c0a888cec518799b3c75029b0536557fb43097a8ebf23117e094f1b3,refine,first_q1_minus_20mV,-450.0,
t0__b0p95__L2__dv80p0__h1p0__pm450p0__30f6dd4e4f086563990d,0.95,L2,5,6,80.0,0.87,1.0,1.0,1.0,-450.0,0.87,2.022354889e-09,2.403867806e-09,2.424751621e-09,5.460500175e-09,381.512917,402.39673199999976,-20.883814999999743,5.765518614e-08,-5.48879583e-07,0.95,0.95,6.068966962105264e-08,-5.777679821052632e-07,0,stable_low,1,2.1325254229885057e-06,1,,PASS,/home/zhupl25/chiplet_side_channel/chiplet_gds_data/power_macro/delay_chain/ftc/runs/t0_transient_droop/r173/scenarios/t0__b0p95__L2__dv80p0__h1p0__pm450p0__30f6dd4e4f086563990d,efaf2aee3f00452811f77d03b241ce3d84e59f2ed23defc27155e4e4bb6e12f1,8990a002c0a888cec518799b3c75029b0536557fb43097a8ebf23117e094f1b3,coarse,last_q0_control,-450.0,
t0__b0p95__L2__dv80p0__h10p0__pm450p0__0d4fe97075bc72c2b7bb,0.95,L2,5,6,80.0,0.87,1.0,10.0,1.0,-450.0,0.87,2.022415023e-09,2.404143564e-09,2.424796896e-09,5.461106671e-09,381.72854099999995,402.38187299999987,-20.65333199999992,-2.000376018e-07,-2.170874293e-07,0.95,0.95,-2.1056589663157895e-07,-2.285130834736842e-07,0,stable_low,1,3.796532702298851e-06,1,,PASS,/home/zhupl25/chiplet_side_channel/chiplet_gds_data/power_macro/delay_chain/ftc/runs/t0_transient_droop/r174/scenarios/t0__b0p95__L2__dv80p0__h10p0__pm450p0__0d4fe97075bc72c2b7bb,288d2610181c11a52e98ffb8e6e516deb1068f837898b5b19f9dc69f61b1d809,8990a002c0a888cec518799b3c75029b0536557fb43097a8ebf23117e094f1b3,coarse,last_q0_control,-450.0,
t0__b0p95__L2__dv80p0__h100p0__pm450p0__888eeb4070860e92c144,0.95,L2,5,6,80.0,0.87,1.0,100.0,1.0,-450.0,0.87,2.022410896e-09,2.404078146e-09,2.424791794e-09,5.46088743e-09,381.6672499999999,402.380898,-20.71364800000009,1.472992809e-07,-9.688666795e-07,0.95,0.95,1.5505187463157894e-07,-1.019859662631579e-06,0,stable_low,1,2.01074757816092e-06,1,,PASS,/home/zhupl25/chiplet_side_channel/chiplet_gds_data/power_macro/delay_chain/ftc/runs/t0_transient_droop/r175/scenarios/t0__b0p95__L2__dv80p0__h100p0__pm450p0__888eeb4070860e92c144,de1223a1510b08405a1b71e99b40b7a1783a2de8cbdf0da5d9057d2ca9c18a79,8990a002c0a888cec518799b3c75029b0536557fb43097a8ebf23117e094f1b3,coarse,last_q0_control,-450.0,
t0__b0p95__L2__dv80p0__h1000p0__pm450p0__8e68eba0dbee12fd8254,0.95,L2,5,6,80.0,0.87,1.0,1000.0,1.0,-450.0,0.87,2.117255062e-09,2.529086878e-09,2.51949132e-09,5.460511751e-09,411.8318159999999,402.236258,9.595557999999869,6.6145573e-07,1.140071897e-07,0.95,0.95,6.962691894736842e-07,1.2000756810526316e-07,0,stable_low,1,2.653259450574713e-06,1,,PASS,/home/zhupl25/chiplet_side_channel/chiplet_gds_data/power_macro/delay_chain/ftc/runs/t0_transient_droop/r176/scenarios/t0__b0p95__L2__dv80p0__h1000p0__pm450p0__8e68eba0dbee12fd8254,993737eaea838956a5e4e05326cee971ee4abf491dc7094454e4d3639d99a1e4,8990a002c0a888cec518799b3c75029b0536557fb43097a8ebf23117e094f1b3,coarse,last_q0_control,-450.0,
t0__b0p95__L2__dv80p0__h3000p0__pm450p0__a088664c8efea94a71ec,0.95,L2,5,6,80.0,0.87,1.0,3000.0,1.0,-450.0,0.87,2.136745813e-09,2.673924949e-09,2.619478786e-09,5.46044813e-09,537.1791360000001,482.7329730000003,54.446162999999785,1.810477544e-07,7.514036365e-08,0.87,0.87,2.081008671264368e-07,8.636823408045976e-08,0,stable_low,1,1.0240482495402298e-06,1,,PASS,/home/zhupl25/chiplet_side_channel/chiplet_gds_data/power_macro/delay_chain/ftc/runs/t0_transient_droop/r177/scenarios/t0__b0p95__L2__dv80p0__h3000p0__pm450p0__a088664c8efea94a71ec,21c8c3f6c9edad187c70babf0695cb4bd4fba31d69e71895e0edd3703264cae8,8990a002c0a888cec518799b3c75029b0536557fb43097a8ebf23117e094f1b3,coarse,last_q0_control,-450.0,
t0__b0p95__L2__dv90p0__h1p0__pm450p0__4524923cc32ff7624953,0.95,L2,5,6,90.0,0.86,1.0,1.0,1.0,-450.0,0.86,2.022625467e-09,2.403947574e-09,2.425192813e-09,5.460651094e-09,381.32210700000013,402.567346,-21.245238999999856,-2.010487478e-07,-6.999892969e-07,0.95,0.95,-2.116302608421053e-07,-7.368308388421054e-07,0,stable_low,1,3.489693868604651e-06,1,,PASS,/home/zhupl25/chiplet_side_channel/chiplet_gds_data/power_macro/delay_chain/ftc/runs/t0_transient_droop/r178/scenarios/t0__b0p95__L2__dv90p0__h1p0__pm450p0__4524923cc32ff7624953,1e7cb634b529dd5b5f8614ebbd6344bae01cb53a6ec58ec06749fd383076982c,8990a002c0a888cec518799b3c75029b0536557fb43097a8ebf23117e094f1b3,coarse,first_q1_anchor,-450.0,
t0__b0p95__L2__dv90p0__h10p0__pm450p0__b8198d54859348cdbc9b,0.95,L2,5,6,90.0,0.86,1.0,10.0,1.0,-450.0,0.86,2.022417078e-09,2.404144088e-09,2.42479848e-09,5.461106688e-09,381.7270099999998,402.3814019999999,-20.654392000000144,-2.002012499e-07,-2.172457599e-07,0.95,0.95,-2.1073815778947367e-07,-2.286797472631579e-07,0,stable_low,1,3.840688827906976e-06,1,,PASS,/home/zhupl25/chiplet_side_channel/chiplet_gds_data/power_macro/delay_chain/ftc/runs/t0_transient_droop/r179/scenarios/t0__b0p95__L2__dv90p0__h10p0__pm450p0__b8198d54859348cdbc9b,17958e7a19c21db7045d59b4437c336cf138f7767737b2c85327c67c8b7d31cd,8990a002c0a888cec518799b3c75029b0536557fb43097a8ebf23117e094f1b3,coarse,first_q1_anchor,-450.0,
t0__b0p95__L2__dv90p0__h100p0__pm450p0__f9d683478bd4c646ecbc,0.95,L2,5,6,90.0,0.86,1.0,100.0,1.0,-450.0,0.86,2.022607627e-09,2.403565189e-09,2.425041444e-09,5.460897897e-09,380.95756200000005,402.43381700000026,-21.476255000000208,-5.907364207e-08,-1.198882604e-06,0.95,0.95,-6.21827811263158e-08,-1.2619816884210527e-06,0,stable_low,1,1.964217512790698e-06,1,,PASS,/home/zhupl25/chiplet_side_channel/chiplet_gds_data/power_macro/delay_chain/ftc/runs/t0_transient_droop/r180/scenarios/t0__b0p95__L2__dv90p0__h100p0__pm450p0__f9d683478bd4c646ecbc,dd6ca638cfade845cd5859cbceb1b675ad222fcdde06fddf2712e2d74ca970ac,8990a002c0a888cec518799b3c75029b0536557fb43097a8ebf23117e094f1b3,coarse,first_q1_anchor,-450.0,
t0__b0p95__L2__dv90p0__h1000p0__pm450p0__89883629ff7bb9b5e335,0.95,L2,5,6,90.0,0.86,1.0,1000.0,1.0,-450.0,0.86,2.130047225e-09,2.544122526e-09,2.532349679e-09,5.460688512e-09,414.0753009999998,402.3024539999999,11.7728469999999,2.68348694e-08,3.758867193e-07,0.95,0.95,2.8247230947368422e-08,3.9567023084210526e-07,0,stable_low,1,1.9339845325581395e-06,1,,PASS,/home/zhupl25/chiplet_side_channel/chiplet_gds_data/power_macro/delay_chain/ftc/runs/t0_transient_droop/r181/scenarios/t0__b0p95__L2__dv90p0__h1000p0__pm450p0__89883629ff7bb9b5e335,4d9a79668598ca1dfc66540f12b4239fddce78231e8f6ea93802fa44ee836213,8990a002c0a888cec518799b3c75029b0536557fb43097a8ebf23117e094f1b3,coarse,first_q1_anchor,-450.0,
t0__b0p95__L2__dv90p0__h3000p0__pm450p0__7c9a71b0a067e6a94e01,0.95,L2,5,6,90.0,0.86,1.0,3000.0,1.0,-450.0,0.86,2.155723223e-09,2.718590194e-09,2.650838785e-09,5.460381938e-09,562.8669709999998,495.1155620000002,67.75140899999963,0.8599997862,0.8599997037,0.86,0.86,0.9999997513953488,0.9999996554651163,1,stable_high,1,2.755252808139535e-06,1,,PASS,/home/zhupl25/chiplet_side_channel/chiplet_gds_data/power_macro/delay_chain/ftc/runs/t0_transient_droop/r182/scenarios/t0__b0p95__L2__dv90p0__h3000p0__pm450p0__7c9a71b0a067e6a94e01,a3d84a7aacf0584a9ce4d669ddb00bfb99505df063d11552ed953ea812ed038f,8990a002c0a888cec518799b3c75029b0536557fb43097a8ebf23117e094f1b3,coarse,first_q1_anchor,-450.0,
t0__b0p95__L2__dv90p0__h2000p0__pm450p0__e9eac0df07780e953ef1,0.95,L2,5,6,90.0,0.86,1.0,2000.0,1.0,-450.0,0.86,2.155723223e-09,2.718590194e-09,2.650838785e-09,5.460881285e-09,562.8669709999998,495.1155620000002,67.75140899999963,0.9499996339,0.9499997573,0.95,0.95,0.9999996146315789,0.9999997445263158,1,stable_high,1,2.231275523255814e-06,1,,PASS,/home/zhupl25/chiplet_side_channel/chiplet_gds_data/power_macro/delay_chain/ftc/runs/t0_transient_droop/r183/scenarios/t0__b0p95__L2__dv90p0__h2000p0__pm450p0__e9eac0df07780e953ef1,7ad960de574b3cd7b7efc7c77bcd6b44a335ecb4ac718a025a713fe343ff59f7,8990a002c0a888cec518799b3c75029b0536557fb43097a8ebf23117e094f1b3,refine,first_q1_anchor,-450.0,
t0__b0p95__L2__dv90p0__h1500p0__pm450p0__5a17979e48af4b0ac6f9,0.95,L2,5,6,90.0,0.86,1.0,1500.0,1.0,-450.0,0.86,2.155723223e-09,2.672696236e-09,2.630682382e-09,5.461091127e-09,516.9730130000002,474.959159,42.01385400000015,0.9499995923,0.9499998103,0.95,0.95,0.9999995708421053,0.9999998003157895,1,stable_high,1,1.1973190651162792e-06,1,,PASS,/home/zhupl25/chiplet_side_channel/chiplet_gds_data/power_macro/delay_chain/ftc/runs/t0_transient_droop/r184/scenarios/t0__b0p95__L2__dv90p0__h1500p0__pm450p0__5a17979e48af4b0ac6f9,d596b05e5281a39a5a4ad35d8b6580b880660fadf8ddfad977216e8c1743d3fe,8990a002c0a888cec518799b3c75029b0536557fb43097a8ebf23117e094f1b3,refine,first_q1_anchor,-450.0,
t0__b0p95__L2__dv90p0__h1250p0__pm450p0__6384c426a8079fd82cac,0.95,L2,5,6,90.0,0.86,1.0,1250.0,1.0,-450.0,0.86,2.155723223e-09,2.608417209e-09,2.586509996e-09,5.46062326e-09,452.69398600000005,430.7867729999998,21.90721300000024,1.063224232e-06,6.832577431e-08,0.95,0.95,1.1191834021052633e-06,7.192186769473685e-08,0,stable_low,1,3.565501125581395e-06,1,,PASS,/home/zhupl25/chiplet_side_channel/chiplet_gds_data/power_macro/delay_chain/ftc/runs/t0_transient_droop/r185/scenarios/t0__b0p95__L2__dv90p0__h1250p0__pm450p0__6384c426a8079fd82cac,c6d15f0ae92a6be8128cf638c3df212d5590e8a5fa085d80f872d73bad6096c8,8990a002c0a888cec518799b3c75029b0536557fb43097a8ebf23117e094f1b3,refine,first_q1_anchor,-450.0,
t0__b0p95__L2__dv90p0__h1375p0__pm450p0__5c2408a01e301fa89277,0.95,L2,5,6,90.0,0.86,1.0,1375.0,1.0,-450.0,0.86,2.155723223e-09,2.640855162e-09,2.612299911e-09,5.460914572e-09,485.13193900000016,456.57668800000016,28.555251,1.500388702e-07,1.495292156e-07,0.95,0.95,1.5793565284210528e-07,1.573991743157895e-07,0,stable_low,1,2.058543888372093e-06,1,,PASS,/home/zhupl25/chiplet_side_channel/chiplet_gds_data/power_macro/delay_chain/ftc/runs/t0_transient_droop/r186/scenarios/t0__b0p95__L2__dv90p0__h1375p0__pm450p0__5c2408a01e301fa89277,2ea4e13eb02d095c862100914d90e7d43607fa2a3e2bad5bd3ebff9a817c7a9f,8990a002c0a888cec518799b3c75029b0536557fb43097a8ebf23117e094f1b3,refine,first_q1_anchor,-450.0,
t0__b0p95__L2__dv90p0__h1438p0__pm450p0__0cb49f3e5d0be73cdd09,0.95,L2,5,6,90.0,0.86,1.0,1438.0,1.0,-450.0,0.86,2.155723223e-09,2.657380043e-09,2.62184502e-09,5.460780648e-09,501.65682,466.1217970000002,35.535022999999796,-7.116418276e-07,1.03492286e-07,0.95,0.95,-7.49096660631579e-07,1.0893924842105263e-07,0,stable_low,1,4.301276658139535e-06,1,,PASS,/home/zhupl25/chiplet_side_channel/chiplet_gds_data/power_macro/delay_chain/ftc/runs/t0_transient_droop/r187/scenarios/t0__b0p95__L2__dv90p0__h1438p0__pm450p0__0cb49f3e5d0be73cdd09,91ff1370097f485990518ea687d1af9e6a8ea7a87664337ee3b30e620eace98d,8990a002c0a888cec518799b3c75029b0536557fb43097a8ebf23117e094f1b3,refine,first_q1_anchor,-450.0,
t0__b0p95__L2__dv90p0__h1469p0__pm450p0__56b394d82af57b70d0e1,0.95,L2,5,6,90.0,0.86,1.0,1469.0,1.0,-450.0,0.86,2.155723223e-09,2.665227902e-09,2.623705054e-09,5.461258648e-09,509.50467899999995,467.9818310000001,41.52284799999984,0.9499997111,0.9499996936,0.95,0.95,0.9999996958947369,0.9999996774736842,1,stable_high,1,1.6761871034883721e-06,1,,PASS,/home/zhupl25/chiplet_side_channel/chiplet_gds_data/power_macro/delay_chain/ftc/runs/t0_transient_droop/r188/scenarios/t0__b0p95__L2__dv90p0__h1469p0__pm450p0__56b394d82af57b70d0e1,a09c0d7c69ae594309892d4f9fdc57863ea2a76373b57d593698e485f0f1d2f6,8990a002c0a888cec518799b3c75029b0536557fb43097a8ebf23117e094f1b3,refine,first_q1_anchor,-450.0,
t0__b0p95__L2__dv90p0__h1454p0__pm450p0__58461561561c3bc53bec,0.95,L2,5,6,90.0,0.86,1.0,1454.0,1.0,-450.0,0.86,2.155723223e-09,2.661491545e-09,2.622752824e-09,5.461230971e-09,505.76832199999984,467.02960100000024,38.7387209999996,0.9499997185,0.9499996912,0.95,0.95,0.9999997036842105,0.9999996749473685,1,stable_high,1,1.6804627802325581e-06,1,,PASS,/home/zhupl25/chiplet_side_channel/chiplet_gds_data/power_macro/delay_chain/ftc/runs/t0_transient_droop/r189/scenarios/t0__b0p95__L2__dv90p0__h1454p0__pm450p0__58461561561c3bc53bec,21a9ec93ca5aba93c53be7fe93a4708d94c7f53607053e7d38ebd4e16a6420c9,8990a002c0a888cec518799b3c75029b0536557fb43097a8ebf23117e094f1b3,refine,first_q1_anchor,-450.0,
t0__b0p95__L2__dv100p0__h1p0__pm450p0__dc3602aaa966cb03c481,0.95,L2,5,6,100.0,0.85,1.0,1.0,1.0,-450.0,0.85,2.022572196e-09,2.403871948e-09,2.425147723e-09,5.460654119e-09,381.2997519999997,402.5755269999998,-21.275775000000067,-1.989499607e-07,-6.985761821e-07,0.95,0.95,-2.094210112631579e-07,-7.353433495789474e-07,0,stable_low,1,3.535671225882353e-06,1,,PASS,/home/zhupl25/chiplet_side_channel/chiplet_gds_data/power_macro/delay_chain/ftc/runs/t0_transient_droop/r190/scenarios/t0__b0p95__L2__dv100p0__h1p0__pm450p0__dc3602aaa966cb03c481,5a22b504d2c1ef04b3771da918e646a82b46bb7fe6e98efbf6e1a27501133375,8990a002c0a888cec518799b3c75029b0536557fb43097a8ebf23117e094f1b3,coarse,first_q1_minus_10mV,-450.0,
t0__b0p95__L2__dv100p0__h10p0__pm450p0__4483da8f90b3f92cc6c6,0.95,L2,5,6,100.0,0.85,1.0,10.0,1.0,-450.0,0.85,2.022417089e-09,2.404144158e-09,2.42479848e-09,5.461106692e-09,381.7270689999999,402.38139099999995,-20.654322000000036,-2.00194616e-07,-2.172393442e-07,0.95,0.95,-2.1073117473684212e-07,-2.2867299389473686e-07,0,stable_low,1,1.7391816482352942e-06,1,,PASS,/home/zhupl25/chiplet_side_channel/chiplet_gds_data/power_macro/delay_chain/ftc/runs/t0_transient_droop/r191/scenarios/t0__b0p95__L2__dv100p0__h10p0__pm450p0__4483da8f90b3f92cc6c6,bf0c8ad6c9968e41b9b37117d2878cfad2febdc97a5253f589ec720a85bcd5db,8990a002c0a888cec518799b3c75029b0536557fb43097a8ebf23117e094f1b3,coarse,first_q1_minus_10mV,-450.0,
t0__b0p95__L2__dv100p0__h100p0__pm450p0__e0f7b634b376d4e45bb6,0.95,L2,5,6,100.0,0.85,1.0,100.0,1.0,-450.0,0.85,2.02233908e-09,2.404092395e-09,2.424779962e-09,5.460885535e-09,381.7533150000002,402.4408820000002,-20.687567,1.575940771e-07,-9.481287368e-07,0.95,0.95,1.6588850221052634e-07,-9.980302492631578e-07,0,stable_low,1,2.11982662e-06,1,,PASS,/home/zhupl25/chiplet_side_channel/chiplet_gds_data/power_macro/delay_chain/ftc/runs/t0_transient_droop/r192/scenarios/t0__b0p95__L2__dv100p0__h100p0__pm450p0__e0f7b634b376d4e45bb6,b5fff20e6d87a5c2314e02c566fb6c0d795f6dbe5ba272ed81223d2156d7b163,8990a002c0a888cec518799b3c75029b0536557fb43097a8ebf23117e094f1b3,coarse,first_q1_minus_10mV,-450.0,
t0__b0p95__L2__dv100p0__h1000p0__pm450p0__1b324fb3ba1c2a4fd2be,0.95,L2,5,6,100.0,0.85,1.0,1000.0,1.0,-450.0,0.85,2.141733514e-09,2.559551943e-09,2.544152178e-09,5.460822279e-09,417.8184289999998,402.4186639999999,15.399764999999888,-1.917832785e-07,-2.056785324e-07,0.95,0.95,-2.018771352631579e-07,-2.1650371831578947e-07,0,stable_low,1,3.9092849070588235e-06,1,,PASS,/home/zhupl25/chiplet_side_channel/chiplet_gds_data/power_macro/delay_chain/ftc/runs/t0_transient_droop/r193/scenarios/t0__b0p95__L2__dv100p0__h1000p0__pm450p0__1b324fb3ba1c2a4fd2be,c70e82e28cc7c8130f33592bc0aeb6029f345fa0da2f146ab4b56d089f085fa8,8990a002c0a888cec518799b3c75029b0536557fb43097a8ebf23117e094f1b3,coarse,first_q1_minus_10mV,-450.0,
t0__b0p95__L2__dv100p0__h3000p0__pm450p0__6e58f8a5c6609cf3da7a,0.95,L2,5,6,100.0,0.85,1.0,3000.0,1.0,-450.0,0.85,2.174446874e-09,2.767847101e-09,2.683335578e-09,5.460640069e-09,593.400227,508.8887039999997,84.5115230000003,0.8499996706,0.8499997139,0.85,0.85,0.9999996124705883,0.9999996634117647,1,stable_high,1,9.667805664705882e-07,1,,PASS,/home/zhupl25/chiplet_side_channel/chiplet_gds_data/power_macro/delay_chain/ftc/runs/t0_transient_droop/r194/scenarios/t0__b0p95__L2__dv100p0__h3000p0__pm450p0__6e58f8a5c6609cf3da7a,abee369ad20fc0839f078821ab86ce0cbb11d97c72d98200eef11acbfa8ed028,8990a002c0a888cec518799b3c75029b0536557fb43097a8ebf23117e094f1b3,coarse,first_q1_minus_10mV,-450.0,
t0__b0p95__L2__dv100p0__h2000p0__pm450p0__656d011db4f425baf875,0.95,L2,5,6,100.0,0.85,1.0,2000.0,1.0,-450.0,0.85,2.174446874e-09,2.767847101e-09,2.683335578e-09,5.46081764e-09,593.400227,508.8887039999997,84.5115230000003,0.9499996819,0.9499997135,0.95,0.95,0.9999996651578947,0.9999996984210527,1,stable_high,1,2.6893283047058825e-06,1,,PASS,/home/zhupl25/chiplet_side_channel/chiplet_gds_data/power_macro/delay_chain/ftc/runs/t0_transient_droop/r195/scenarios/t0__b0p95__L2__dv100p0__h2000p0__pm450p0__656d011db4f425baf875,9354a6697f5517ba4eee442a9960f392ae4ef687f6ce061698c7ae98d66f7dc9,8990a002c0a888cec518799b3c75029b0536557fb43097a8ebf23117e094f1b3,refine,first_q1_minus_10mV,-450.0,
t0__b0p95__L2__dv100p0__h1500p0__pm450p0__0811faca21b62b969fa4,0.95,L2,5,6,100.0,0.85,1.0,1500.0,1.0,-450.0,0.85,2.174446874e-09,2.702379612e-09,2.652859047e-09,5.460633955e-09,527.9327379999997,478.41217299999977,49.520564999999976,0.9499996914,0.9499997044,0.95,0.95,0.9999996751578948,0.9999996888421053,1,stable_high,1,2.7967474223529414e-06,1,,PASS,/home/zhupl25/chiplet_side_channel/chiplet_gds_data/power_macro/delay_chain/ftc/runs/t0_transient_droop/r196/scenarios/t0__b0p95__L2__dv100p0__h1500p0__pm450p0__0811faca21b62b969fa4,eb5ce028e176c3949f336768290692e51369a181a18c1f4755db064cb3367647,8990a002c0a888cec518799b3c75029b0536557fb43097a8ebf23117e094f1b3,refine,first_q1_minus_10mV,-450.0,
t0__b0p95__L2__dv100p0__h1250p0__pm450p0__5bfd202d0b5a6276c421,0.95,L2,5,6,100.0,0.85,1.0,1250.0,1.0,-450.0,0.85,2.174446874e-09,2.630974864e-09,2.604856703e-09,5.460897668e-09,456.5279899999998,430.40982899999966,26.118161000000157,4.988686824e-07,1.128053085e-07,0.95,0.95,5.251249288421053e-07,1.1874243e-07,0,stable_low,1,3.441630547058824e-06,1,,PASS,/home/zhupl25/chiplet_side_channel/chiplet_gds_data/power_macro/delay_chain/ftc/runs/t0_transient_droop/r197/scenarios/t0__b0p95__L2__dv100p0__h1250p0__pm450p0__5bfd202d0b5a6276c421,429622e4348b314a9cacc1f906191c2f6951be6ad6756929e54a666effac08d3,8990a002c0a888cec518799b3c75029b0536557fb43097a8ebf23117e094f1b3,refine,first_q1_minus_10mV,-450.0,
t0__b0p95__L2__dv100p0__h1375p0__pm450p0__dbd970a7b463a964d657,0.95,L2,5,6,100.0,0.85,1.0,1375.0,1.0,-450.0,0.85,2.174446874e-09,2.667111235e-09,2.633152047e-09,5.460690018e-09,492.664361,458.7051729999998,33.95918800000021,-4.078432432e-07,4.064546847e-07,0.95,0.95,-4.293086770526316e-07,4.278470365263158e-07,0,stable_low,1,1.9566975847058825e-06,1,,PASS,/home/zhupl25/chiplet_side_channel/chiplet_gds_data/power_macro/delay_chain/ftc/runs/t0_transient_droop/r198/scenarios/t0__b0p95__L2__dv100p0__h1375p0__pm450p0__dbd970a7b463a964d657,4a64d8ffd726af6e5bad7648bf0e262d3c9dca8ed48799782024fcedce894b37,8990a002c0a888cec518799b3c75029b0536557fb43097a8ebf23117e094f1b3,refine,first_q1_minus_10mV,-450.0,
t0__b0p95__L2__dv100p0__h1438p0__pm450p0__7a7beaf695b2082282b6,0.95,L2,5,6,100.0,0.85,1.0,1438.0,1.0,-450.0,0.85,2.174446874e-09,2.684701845e-09,2.646084867e-09,5.460704392e-09,510.2549709999997,471.6379929999998,38.616977999999904,0.9499996968,0.9499997009,0.95,0.95,0.9999996808421052,0.9999996851578947,1,stable_high,1,2.7941302364705883e-06,1,,PASS,/home/zhupl25/chiplet_side_channel/chiplet_gds_data/power_macro/delay_chain/ftc/runs/t0_transient_droop/r199/scenarios/t0__b0p95__L2__dv100p0__h1438p0__pm450p0__7a7beaf695b2082282b6,515c61980fc35f1a4d971473b3967b40f186a4c83477b9f88b0b0e76c6879be1,8990a002c0a888cec518799b3c75029b0536557fb43097a8ebf23117e094f1b3,refine,first_q1_minus_10mV,-450.0,
t0__b0p95__L2__dv100p0__h1406p0__pm450p0__e4bdd7866fd9b721b40f,0.95,L2,5,6,100.0,0.85,1.0,1406.0,1.0,-450.0,0.85,2.174446874e-09,2.675173946e-09,2.63986341e-09,5.461111222e-09,500.7270719999996,465.41653599999995,35.31053599999967,5.402006367e-07,3.321484659e-07,0.95,0.95,5.686322491578948e-07,3.496299641052632e-07,0,stable_low,1,3.885820372941177e-06,1,,PASS,/home/zhupl25/chiplet_side_channel/chiplet_gds_data/power_macro/delay_chain/ftc/runs/t0_transient_droop/r200/scenarios/t0__b0p95__L2__dv100p0__h1406p0__pm450p0__e4bdd7866fd9b721b40f,62aa5b841f3199a023080f1338aa95a7da250f88717b555c13188fd55a481b8d,8990a002c0a888cec518799b3c75029b0536557fb43097a8ebf23117e094f1b3,refine,first_q1_minus_10mV,-450.0,
t0__b0p95__L2__dv100p0__h1422p0__pm450p0__f968b2ad0cbc2ee24c4b,0.95,L2,5,6,100.0,0.85,1.0,1422.0,1.0,-450.0,0.85,2.174446874e-09,2.680179034e-09,2.643332681e-09,5.460592863e-09,505.7321599999998,468.8858069999997,36.84635300000008,3.307096558e-07,5.738477345e-08,0.95,0.95,3.481154271578948e-07,6.040502468421053e-08,0,stable_low,1,2.726914322352941e-06,1,,PASS,/home/zhupl25/chiplet_side_channel/chiplet_gds_data/power_macro/delay_chain/ftc/runs/t0_transient_droop/r201/scenarios/t0__b0p95__L2__dv100p0__h1422p0__pm450p0__f968b2ad0cbc2ee24c4b,d081b70cb7580e0907fdb2f2bf44ca5be6edc1908a8a0684399938e5ac6673f7,8990a002c0a888cec518799b3c75029b0536557fb43097a8ebf23117e094f1b3,refine,first_q1_minus_10mV,-450.0,
t0__b0p95__L2__dv110p0__h1p0__pm450p0__7fdc0fdf58df7bc8c88d,0.95,L2,5,6,110.0,0.84,1.0,1.0,1.0,-450.0,0.84,2.022107084e-09,2.403772839e-09,2.424606001e-09,5.460519025e-09,381.66575499999976,402.4989169999999,-20.83316200000013,-1.078837774e-06,-5.602112048e-07,0.95,0.95,-1.1356187094736843e-06,-5.896960050526316e-07,0,stable_low,1,2.0071958333333334e-06,1,,PASS,/home/zhupl25/chiplet_side_channel/chiplet_gds_data/power_macro/delay_chain/ftc/runs/t0_transient_droop/r202/scenarios/t0__b0p95__L2__dv110p0__h1p0__pm450p0__7fdc0fdf58df7bc8c88d,f75bd3e99f3dcc68d7e753375641913d7100eb40c00900684f2fd38cef77379b,8990a002c0a888cec518799b3c75029b0536557fb43097a8ebf23117e094f1b3,coarse,first_q1_minus_20mV,-450.0,
t0__b0p95__L2__dv110p0__h10p0__pm450p0__8903a71c17609039aa46,0.95,L2,5,6,110.0,0.84,1.0,10.0,1.0,-450.0,0.84,2.022398648e-09,2.404073922e-09,2.424777499e-09,5.460912068e-09,381.6752739999999,402.37885099999977,-20.703576999999882,1.48177304e-07,-9.665518614e-07,0.95,0.95,1.5597610947368421e-07,-1.017423012e-06,0,stable_low,1,2.9611218333333335e-06,1,,PASS,/home/zhupl25/chiplet_side_channel/chiplet_gds_data/power_macro/delay_chain/ftc/runs/t0_transient_droop/r203/scenarios/t0__b0p95__L2__dv110p0__h10p0__pm450p0__8903a71c17609039aa46,120603e3e2aa1832c6d8f0c97836cdf3e1a934ace3f1ac761efd604c2c44711c,8990a002c0a888cec518799b3c75029b0536557fb43097a8ebf23117e094f1b3,coarse,first_q1_minus_20mV,-450.0,
t0__b0p95__L2__dv110p0__h100p0__pm450p0__e0f7e423372a071de762,0.95,L2,5,6,110.0,0.84,1.0,100.0,1.0,-450.0,0.84,2.022212025e-09,2.404009659e-09,2.424625867e-09,5.4608891e-09,381.79763399999985,402.4138420000001,-20.616208000000256,1.736996135e-07,-9.300074999e-07,0.95,0.95,1.8284169842105265e-07,-9.789552630526316e-07,0,stable_low,1,2.9588193023809525e-06,1,,PASS,/home/zhupl25/chiplet_side_channel/chiplet_gds_data/power_macro/delay_chain/ftc/runs/t0_transient_droop/r204/scenarios/t0__b0p95__L2__dv110p0__h100p0__pm450p0__e0f7e423372a071de762,21cdb9de393656513297c0cb7ad154e00c50560b5327cbceb580b27eeb7d3021,8990a002c0a888cec518799b3c75029b0536557fb43097a8ebf23117e094f1b3,coarse,first_q1_minus_20mV,-450.0,
t0__b0p95__L2__dv110p0__h1000p0__pm450p0__7344ffa62bf64ceab6de,0.95,L2,5,6,110.0,0.84,1.0,1000.0,1.0,-450.0,0.84,2.153778758e-09,2.574999326e-09,2.556103209e-09,5.461109879e-09,421.2205679999999,402.32445100000024,18.896116999999663,1.131126553e-06,-3.481874539e-08,0.95,0.95,1.1906595294736843e-06,-3.6651310936842105e-08,0,stable_low,1,1.4010244761904762e-06,1,,PASS,/home/zhupl25/chiplet_side_channel/chiplet_gds_data/power_macro/delay_chain/ftc/runs/t0_transient_droop/r205/scenarios/t0__b0p95__L2__dv110p0__h1000p0__pm450p0__7344ffa62bf64ceab6de,e4295eceddb5e9366cd778cac2a5a1f74d04aaaaa0c95517a7002e24bde067b1,8990a002c0a888cec518799b3c75029b0536557fb43097a8ebf23117e094f1b3,coarse,first_q1_minus_20mV,-450.0,
t0__b0p95__L2__dv110p0__h3000p0__pm450p0__4bb623942c1cdf2bddb1,0.95,L2,5,6,110.0,0.84,1.0,3000.0,1.0,-450.0,0.84,2.194829371e-09,2.820469063e-09,2.71828082e-09,5.460421278e-09,625.6396919999999,523.4514490000003,102.1882429999996,0.8399996679,0.8399996954,0.84,0.84,0.9999996046428572,0.9999996373809524,1,stable_high,1,1.4922132535714287e-06,1,,PASS,/home/zhupl25/chiplet_side_channel/chiplet_gds_data/power_macro/delay_chain/ftc/runs/t0_transient_droop/r206/scenarios/t0__b0p95__L2__dv110p0__h3000p0__pm450p0__4bb623942c1cdf2bddb1,e8f2871493b020d632bce0b0156fabcecdf11396a32a96af15a42131261b577d,8990a002c0a888cec518799b3c75029b0536557fb43097a8ebf23117e094f1b3,coarse,first_q1_minus_20mV,-450.0,
t0__b0p95__L2__dv110p0__h2000p0__pm450p0__47ba6d454ed2d9575c6f,0.95,L2,5,6,110.0,0.84,1.0,2000.0,1.0,-450.0,0.84,2.194829371e-09,2.820469063e-09,2.71828082e-09,5.460716116e-09,625.6396919999999,523.4514490000003,102.1882429999996,0.9499997014,0.9499996982,0.95,0.95,0.9999996856842106,0.9999996823157895,1,stable_high,1,1.568991804761905e-06,1,,PASS,/home/zhupl25/chiplet_side_channel/chiplet_gds_data/power_macro/delay_chain/ftc/runs/t0_transient_droop/r207/scenarios/t0__b0p95__L2__dv110p0__h2000p0__pm450p0__47ba6d454ed2d9575c6f,32afb46b3834284ad17065086724e0ba5d7089a5795618b3b529006c4b50f272,8990a002c0a888cec518799b3c75029b0536557fb43097a8ebf23117e094f1b3,refine,first_q1_minus_20mV,-450.0,
t0__b0p95__L2__dv110p0__h1500p0__pm450p0__dd0c2a1ef0e1be534e85,0.95,L2,5,6,110.0,0.84,1.0,1500.0,1.0,-450.0,0.84,2.194829371e-09,2.731963425e-09,2.681133728e-09,5.460529543e-09,537.134054,486.3043569999998,50.82969700000018,0.949999632,0.9499997506,0.95,0.95,0.999999612631579,0.9999997374736842,1,stable_high,1,3.923478083333333e-06,1,,PASS,/home/zhupl25/chiplet_side_channel/chiplet_gds_data/power_macro/delay_chain/ftc/runs/t0_transient_droop/r208/scenarios/t0__b0p95__L2__dv110p0__h1500p0__pm450p0__dd0c2a1ef0e1be534e85,47b9dbcd743e3f47ff7e13ff859317b095a138e5278ae02bb61780a4e556a006,8990a002c0a888cec518799b3c75029b0536557fb43097a8ebf23117e094f1b3,refine,first_q1_minus_20mV,-450.0,
t0__b0p95__L2__dv110p0__h1250p0__pm450p0__4975e9327c1468875f11,0.95,L2,5,6,110.0,0.84,1.0,1250.0,1.0,-450.0,0.84,2.194829371e-09,2.653831643e-09,2.623380016e-09,5.460925691e-09,459.00227200000006,428.55064500000003,30.45162700000003,3.244871017e-07,1.110190725e-07,0.95,0.95,3.4156537021052633e-07,1.1686218157894736e-07,0,stable_low,1,2.882269939285714e-06,1,,PASS,/home/zhupl25/chiplet_side_channel/chiplet_gds_data/power_macro/delay_chain/ftc/runs/t0_transient_droop/r209/scenarios/t0__b0p95__L2__dv110p0__h1250p0__pm450p0__4975e9327c1468875f11,3ced6bf8e73285f64e9352f224e4465e814f930622d49b4822a1957a52d3da42,8990a002c0a888cec518799b3c75029b0536557fb43097a8ebf23117e094f1b3,refine,first_q1_minus_20mV,-450.0,
t0__b0p95__L2__dv110p0__h1375p0__pm450p0__74fc75f797e01cce1a8a,0.95,L2,5,6,110.0,0.84,1.0,1375.0,1.0,-450.0,0.84,2.194829371e-09,2.692909683e-09,2.654448613e-09,5.46068644e-09,498.0803119999998,459.61924199999993,38.46106999999989,0.9499996941,0.9499997026,0.95,0.95,0.999999678,0.9999996869473685,1,stable_high,1,2.8300460976190475e-06,1,,PASS,/home/zhupl25/chiplet_side_channel/chiplet_gds_data/power_macro/delay_chain/ftc/runs/t0_transient_droop/r210/scenarios/t0__b0p95__L2__dv110p0__h1375p0__pm450p0__74fc75f797e01cce1a8a,ece3304e01c2b89a419196c3d34d64f59594982a38770ec879f9bc2a49295ef1,8990a002c0a888cec518799b3c75029b0536557fb43097a8ebf23117e094f1b3,refine,first_q1_minus_20mV,-450.0,
t0__b0p95__L2__dv110p0__h1312p0__pm450p0__60eed1effb4ffcbb8de2,0.95,L2,5,6,110.0,0.84,1.0,1312.0,1.0,-450.0,0.84,2.194829371e-09,2.673388755e-09,2.638276517e-09,5.460690596e-09,478.55938399999997,443.4471459999999,35.11223800000005,-4.421046455e-07,3.984744902e-07,0.95,0.95,-4.653733110526316e-07,4.1944683178947373e-07,0,stable_low,1,1.980594620238095e-06,1,,PASS,/home/zhupl25/chiplet_side_channel/chiplet_gds_data/power_macro/delay_chain/ftc/runs/t0_transient_droop/r211/scenarios/t0__b0p95__L2__dv110p0__h1312p0__pm450p0__60eed1effb4ffcbb8de2,3ebe498aabe184f19a286837fb3dc1b6f8ee34444f7e1358b4f6fd9f4978b079,8990a002c0a888cec518799b3c75029b0536557fb43097a8ebf23117e094f1b3,refine,first_q1_minus_20mV,-450.0,
t0__b0p95__L2__dv110p0__h1344p0__pm450p0__f8568751da65773e4ea7,0.95,L2,5,6,110.0,0.84,1.0,1344.0,1.0,-450.0,0.84,2.194829371e-09,2.683098373e-09,2.646614456e-09,5.460592624e-09,488.269002,451.7850850000001,36.483916999999906,3.374185428e-07,8.199680399e-08,0.95,0.95,3.551774134736842e-07,8.631242525263158e-08,0,stable_low,1,2.7531745273809524e-06,1,,PASS,/home/zhupl25/chiplet_side_channel/chiplet_gds_data/power_macro/delay_chain/ftc/runs/t0_transient_droop/r212/scenarios/t0__b0p95__L2__dv110p0__h1344p0__pm450p0__f8568751da65773e4ea7,74fd4c9c078a18c96f8d25e42593b1592006d11c982faaa63b2b2564aca002b2,8990a002c0a888cec518799b3c75029b0536557fb43097a8ebf23117e094f1b3,refine,first_q1_minus_20mV,-450.0,
t0__b0p95__L2__dv110p0__h1360p0__pm450p0__6fce3f837e6aa63d75b9,0.95,L2,5,6,110.0,0.84,1.0,1360.0,1.0,-450.0,0.84,2.194829371e-09,2.688247025e-09,2.650549817e-09,5.460439499e-09,493.41765399999997,455.7204460000001,37.697207999999875,0.9499996917,0.9499997096,0.95,0.95,0.9999996754736843,0.9999996943157895,1,stable_high,1,3.9278616607142855e-06,1,,PASS,/home/zhupl25/chiplet_side_channel/chiplet_gds_data/power_macro/delay_chain/ftc/runs/t0_transient_droop/r213/scenarios/t0__b0p95__L2__dv110p0__h1360p0__pm450p0__6fce3f837e6aa63d75b9,aed4a73cbf084d740a6aaf3aba14463f26aee09c4ac607ce10989828132a0d9c,8990a002c0a888cec518799b3c75029b0536557fb43097a8ebf23117e094f1b3,refine,first_q1_minus_20mV,-450.0,
t0__b0p95__L3__dv110p0__h1p0__pm450p0__32054103441e0c7d405c,0.95,L3,5,9,110.0,0.84,1.0,1.0,1.0,-450.0,0.84,2.022108596e-09,2.403774663e-09,2.448918714e-09,5.485428106e-09,381.666067,426.81011799999993,-45.14405099999993,-7.440476353e-07,-7.086258603e-07,0.95,0.95,-7.832080371578948e-07,-7.459219582105263e-07,0,stable_low,1,2.373582123809524e-06,1,,PASS,/home/zhupl25/chiplet_side_channel/chiplet_gds_data/power_macro/delay_chain/ftc/runs/t0_transient_droop/r214/scenarios/t0__b0p95__L3__dv110p0__h1p0__pm450p0__32054103441e0c7d405c,fe7a3b4fdc2211b0e7bc3aaeeb0faa18a39cf9fcbd6af0c99520ed048de0b2ae,8990a002c0a888cec518799b3c75029b0536557fb43097a8ebf23117e094f1b3,coarse,last_q0_control,-450.0,
t0__b0p95__L3__dv110p0__h10p0__pm450p0__f0580c97ae75d1b01cd0,0.95,L3,5,9,110.0,0.84,1.0,10.0,1.0,-450.0,0.84,2.022302039e-09,2.40397135e-09,2.448971621e-09,5.485229939e-09,381.66931099999977,426.6695819999998,-45.000271000000055,-5.521244736e-07,-2.242433899e-07,0.95,0.95,-5.811836564210527e-07,-2.3604567357894736e-07,0,stable_low,1,2.599259667857143e-06,1,,PASS,/home/zhupl25/chiplet_side_channel/chiplet_gds_data/power_macro/delay_chain/ftc/runs/t0_transient_droop/r215/scenarios/t0__b0p95__L3__dv110p0__h10p0__pm450p0__f0580c97ae75d1b01cd0,bbfeabe5cd64e0181508acfe722055186d7a73662ae1781dea508da8a8c3268f,8990a002c0a888cec518799b3c75029b0536557fb43097a8ebf23117e094f1b3,coarse,last_q0_control,-450.0,
t0__b0p95__L3__dv110p0__h100p0__pm450p0__0dc108afc1bde12e6f46,0.95,L3,5,9,110.0,0.84,1.0,100.0,1.0,-450.0,0.84,2.022211945e-09,2.404010031e-09,2.448934204e-09,5.485210077e-09,381.79808599999984,426.72225899999995,-44.92417300000011,-5.756734954e-07,-2.680342261e-07,0.95,0.95,-6.059721004210527e-07,-2.82141290631579e-07,0,stable_low,1,2.5712784714285718e-06,1,,PASS,/home/zhupl25/chiplet_side_channel/chiplet_gds_data/power_macro/delay_chain/ftc/runs/t0_transient_droop/r216/scenarios/t0__b0p95__L3__dv110p0__h100p0__pm450p0__0dc108afc1bde12e6f46,69c4b5cd6c74b514380f7f012ab34b35e282ee2b094567b987463b77d3de7b4f,8990a002c0a888cec518799b3c75029b0536557fb43097a8ebf23117e094f1b3,coarse,last_q0_control,-450.0,
t0__b0p95__L3__dv110p0__h1000p0__pm450p0__739232e357f3ac906a72,0.95,L3,5,9,110.0,0.84,1.0,1000.0,1.0,-450.0,0.84,2.153778774e-09,2.575003608e-09,2.580403249e-09,5.485232826e-09,421.2248340000003,426.62447500000013,-5.399640999999804,3.049710539e-07,-6.576875587e-07,0.95,0.95,3.21022162e-07,-6.923026933684212e-07,0,stable_low,1,2.5571526880952384e-06,1,,PASS,/home/zhupl25/chiplet_side_channel/chiplet_gds_data/power_macro/delay_chain/ftc/runs/t0_transient_droop/r217/scenarios/t0__b0p95__L3__dv110p0__h1000p0__pm450p0__739232e357f3ac906a72,67148f5010a53e5b43fce705f114f7be2392bd1fcf551e642aafc35c0ab9d151,8990a002c0a888cec518799b3c75029b0536557fb43097a8ebf23117e094f1b3,coarse,last_q0_control,-450.0,
t0__b0p95__L3__dv110p0__h3000p0__pm450p0__050492f937763d8bdbfc,0.95,L3,5,9,110.0,0.84,1.0,3000.0,1.0,-450.0,0.84,2.194829368e-09,2.820532621e-09,2.745707161e-09,5.484999051e-09,625.7032529999999,550.877793,74.82545999999991,1.973548724e-07,-3.545266923e-07,0.84,0.84,2.3494627666666666e-07,-4.220555860714286e-07,0,stable_low,1,1.8483620464285713e-06,1,,PASS,/home/zhupl25/chiplet_side_channel/chiplet_gds_data/power_macro/delay_chain/ftc/runs/t0_transient_droop/r218/scenarios/t0__b0p95__L3__dv110p0__h3000p0__pm450p0__050492f937763d8bdbfc,8035dbdf48314d0298fc4d5c3b4d8c05248cfa8f8cba6f494c0dea8f8045da29,8990a002c0a888cec518799b3c75029b0536557fb43097a8ebf23117e094f1b3,coarse,last_q0_control,-450.0,
t0__b0p95__L3__dv120p0__h1p0__pm450p0__9cc306100becc7a4f786,0.95,L3,5,9,120.0,0.83,1.0,1.0,1.0,-450.0,0.83,2.022547394e-09,2.403812979e-09,2.44908034e-09,5.484822796e-09,381.26558499999993,426.5329459999997,-45.26736099999977,2.777499295e-08,3.01464748e-08,0.95,0.95,2.9236834684210526e-08,3.173313136842106e-08,0,stable_low,1,2.203392961445783e-06,1,,PASS,/home/zhupl25/chiplet_side_channel/chiplet_gds_data/power_macro/delay_chain/ftc/runs/t0_transient_droop/r219/scenarios/t0__b0p95__L3__dv120p0__h1p0__pm450p0__9cc306100becc7a4f786,d736e4ab05f07965972a02b9e28353e3e4751642a755965303c3d2a2c3ef3aed,8990a002c0a888cec518799b3c75029b0536557fb43097a8ebf23117e094f1b3,coarse,first_q1_anchor,-450.0,
t0__b0p95__L3__dv120p0__h10p0__pm450p0__ba5310cb033cae696736,0.95,L3,5,9,120.0,0.83,1.0,10.0,1.0,-450.0,0.83,2.022531594e-09,2.404078811e-09,2.44931235e-09,5.485428193e-09,381.54721699999976,426.78075599999994,-45.23353900000018,6.417502877e-08,-8.852585912e-08,0.95,0.95,6.75526618631579e-08,-9.31851148631579e-08,0,stable_low,1,2.4006148746987953e-06,1,,PASS,/home/zhupl25/chiplet_side_channel/chiplet_gds_data/power_macro/delay_chain/ftc/runs/t0_transient_droop/r220/scenarios/t0__b0p95__L3__dv120p0__h10p0__pm450p0__ba5310cb033cae696736,f1f139606835da52f3c34d8b1609b7249e2e919aad9709cac89d20ef44a7a3b6,8990a002c0a888cec518799b3c75029b0536557fb43097a8ebf23117e094f1b3,coarse,first_q1_anchor,-450.0,
t0__b0p95__L3__dv120p0__h100p0__pm450p0__7259f968c3141b3b17b1,0.95,L3,5,9,120.0,0.83,1.0,100.0,1.0,-450.0,0.83,2.022356414e-09,2.403700506e-09,2.44915433e-09,5.484457406e-09,381.34409199999993,426.7979159999999,-45.45382399999994,-1.415840514e-07,-8.688627824e-08,0.95,0.95,-1.490358435789474e-07,-9.145924025263158e-08,0,stable_low,1,5.136782984337349e-06,1,,PASS,/home/zhupl25/chiplet_side_channel/chiplet_gds_data/power_macro/delay_chain/ftc/runs/t0_transient_droop/r221/scenarios/t0__b0p95__L3__dv120p0__h100p0__pm450p0__7259f968c3141b3b17b1,6480a0f115e700ef23bd37fec861bb0ad2b936d7e2442ad724f3fc675ce0fd86,8990a002c0a888cec518799b3c75029b0536557fb43097a8ebf23117e094f1b3,coarse,first_q1_anchor,-450.0,
t0__b0p95__L3__dv120p0__h1000p0__pm450p0__ae72d81ce74459c156e3,0.95,L3,5,9,120.0,0.83,1.0,1000.0,1.0,-450.0,0.83,2.165782477e-09,2.590654733e-09,2.592342312e-09,5.485148539e-09,424.87225599999994,426.5598349999996,-1.6875789999996869,9.976683316e-08,7.45947948e-08,0.95,0.95,1.0501771911578948e-07,7.852083663157894e-08,0,stable_low,1,2.0154332240963856e-06,1,,PASS,/home/zhupl25/chiplet_side_channel/chiplet_gds_data/power_macro/delay_chain/ftc/runs/t0_transient_droop/r222/scenarios/t0__b0p95__L3__dv120p0__h1000p0__pm450p0__ae72d81ce74459c156e3,74ccd20b06e237bc9842a4ed01f7263e2504dacb24cadf1c1d695f586ebc26ea,8990a002c0a888cec518799b3c75029b0536557fb43097a8ebf23117e094f1b3,coarse,first_q1_anchor,-450.0,
t0__b0p95__L3__dv120p0__h3000p0__pm450p0__4bf71ec44bccb779e232,0.95,L3,5,9,120.0,0.83,1.0,3000.0,1.0,-450.0,0.83,2.216691092e-09,2.878060348e-09,2.782291266e-09,5.485407636e-09,661.369256,565.6001739999997,95.76908200000025,0.8299995572,0.8299996491,0.83,0.83,0.9999994665060241,0.9999995772289157,1,stable_high,1,2.1381145457831324e-06,1,,PASS,/home/zhupl25/chiplet_side_channel/chiplet_gds_data/power_macro/delay_chain/ftc/runs/t0_transient_droop/r223/scenarios/t0__b0p95__L3__dv120p0__h3000p0__pm450p0__4bf71ec44bccb779e232,9935c308bd76bf329bd4c01ac78f5c67e5fb327edadb0604fdc1d96fa3011674,8990a002c0a888cec518799b3c75029b0536557fb43097a8ebf23117e094f1b3,coarse,first_q1_anchor,-450.0,
t0__b0p95__L3__dv120p0__h2000p0__pm450p0__3272856c2c5b9fa16ea7,0.95,L3,5,9,120.0,0.83,1.0,2000.0,1.0,-450.0,0.83,2.216691092e-09,2.878060348e-09,2.782291266e-09,5.48548939e-09,661.369256,565.6001739999997,95.76908200000025,0.949999724,0.9499997063,0.95,0.95,0.9999997094736842,0.9999996908421053,1,stable_high,1,2.229470121686747e-06,1,,PASS,/home/zhupl25/chiplet_side_channel/chiplet_gds_data/power_macro/delay_chain/ftc/runs/t0_transient_droop/r224/scenarios/t0__b0p95__L3__dv120p0__h2000p0__pm450p0__3272856c2c5b9fa16ea7,ede56adcf71b0ef6fa43a4bd25341cdaa1ba4f05bc46ed46cd4edd4338b0d581,8990a002c0a888cec518799b3c75029b0536557fb43097a8ebf23117e094f1b3,refine,first_q1_anchor,-450.0,
t0__b0p95__L3__dv120p0__h1500p0__pm450p0__3e6303c464c98018b9a2,0.95,L3,5,9,120.0,0.83,1.0,1500.0,1.0,-450.0,0.83,2.216691092e-09,2.761946429e-09,2.7300116e-09,5.484824003e-09,545.2553369999997,513.3205079999998,31.934828999999922,-2.574146365e-07,-3.052857421e-08,0.95,0.95,-2.7096277526315794e-07,-3.213534127368421e-08,0,stable_low,1,2.0406969361445785e-06,1,,PASS,/home/zhupl25/chiplet_side_channel/chiplet_gds_data/power_macro/delay_chain/ftc/runs/t0_transient_droop/r225/scenarios/t0__b0p95__L3__dv120p0__h1500p0__pm450p0__3e6303c464c98018b9a2,85261899c2fb477d77602b75b538c4082c0df25717bf3837229a316a6d3674ca,8990a002c0a888cec518799b3c75029b0536557fb43097a8ebf23117e094f1b3,refine,first_q1_anchor,-450.0,
t0__b0p95__L3__dv120p0__h1750p0__pm450p0__c2c8160f090a8f845ee7,0.95,L3,5,9,120.0,0.83,1.0,1750.0,1.0,-450.0,0.83,2.216691092e-09,2.847319004e-09,2.782291266e-09,2.791451298e-09,630.6279119999998,565.6001739999997,65.02773800000011,0.9499996802,0.9499996948,0.95,0.95,0.9999996633684212,0.9999996787368421,1,stable_high,2,1.8870087831325303e-06,0,active_ck_edge_count_not_one,PASS,/home/zhupl25/chiplet_side_channel/chiplet_gds_data/power_macro/delay_chain/ftc/runs/t0_transient_droop/r226/scenarios/t0__b0p95__L3__dv120p0__h1750p0__pm450p0__c2c8160f090a8f845ee7,145b3f5ba7ed7387003d6b93926316f89bb9b2e48f0e73b77cac633da4a011b7,8990a002c0a888cec518799b3c75029b0536557fb43097a8ebf23117e094f1b3,refine,first_q1_anchor,-450.0,ambiguous_duration_boundary
t0__b0p95__L3__dv130p0__h1p0__pm450p0__6553a4afa1ae924158c1,0.95,L3,5,9,130.0,0.82,1.0,1.0,1.0,-450.0,0.82,2.022546082e-09,2.403810589e-09,2.449078587e-09,5.484822796e-09,381.264507,426.53250500000007,-45.26799800000009,-1.280056634e-08,-9.904858562e-09,0.95,0.95,-1.3474280357894737e-08,-1.0426166907368423e-08,0,stable_low,1,2.2302403158536585e-06,1,,PASS,/home/zhupl25/chiplet_side_channel/chiplet_gds_data/power_macro/delay_chain/ftc/runs/t0_transient_droop/r227/scenarios/t0__b0p95__L3__dv130p0__h1p0__pm450p0__6553a4afa1ae924158c1,5117df9c6fa5a2e9d623857c6697b00a238f3afb31de445bd2b2de3f19bf1b98,8990a002c0a888cec518799b3c75029b0536557fb43097a8ebf23117e094f1b3,coarse,first_q1_minus_10mV,-450.0,
t0__b0p95__L3__dv130p0__h10p0__pm450p0__ab0f761adcfa88669f0d,0.95,L3,5,9,130.0,0.82,1.0,10.0,1.0,-450.0,0.82,2.022532233e-09,2.404079544e-09,2.449313053e-09,5.485428194e-09,381.54731100000015,426.78082,-45.233508999999856,6.417563611e-08,-8.85249819e-08,0.95,0.95,6.755330116842106e-08,-9.318419147368421e-08,0,stable_low,1,2.4297863195121954e-06,1,,PASS,/home/zhupl25/chiplet_side_channel/chiplet_gds_data/power_macro/delay_chain/ftc/runs/t0_transient_droop/r228/scenarios/t0__b0p95__L3__dv130p0__h10p0__pm450p0__ab0f761adcfa88669f0d,6a1110104b73179a4d4b4c0e66609a465ff5780a6d748504f8afc5fed58c6169,8990a002c0a888cec518799b3c75029b0536557fb43097a8ebf23117e094f1b3,coarse,first_q1_minus_10mV,-450.0,
t0__b0p95__L3__dv130p0__h100p0__pm450p0__43da89935d4ebfcb097e,0.95,L3,5,9,130.0,0.82,1.0,100.0,1.0,-450.0,0.82,2.022371248e-09,2.403983964e-09,2.449104594e-09,5.48490905e-09,381.6127159999998,426.73334599999987,-45.12063000000006,-6.467158378e-08,-3.561337227e-07,0.95,0.95,-6.807535134736842e-08,-3.748776028421053e-07,0,stable_low,1,2.4458234963414636e-06,1,,PASS,/home/zhupl25/chiplet_side_channel/chiplet_gds_data/power_macro/delay_chain/ftc/runs/t0_transient_droop/r229/scenarios/t0__b0p95__L3__dv130p0__h100p0__pm450p0__43da89935d4ebfcb097e,628986f7a9f5da5d09d5124d4e80dcfe5e5e028430f59da42f7f1431b108f4bc,8990a002c0a888cec518799b3c75029b0536557fb43097a8ebf23117e094f1b3,coarse,first_q1_minus_10mV,-450.0,
t0__b0p95__L3__dv130p0__h1000p0__pm450p0__fb498da1f42efd931814,0.95,L3,5,9,130.0,0.82,1.0,1000.0,1.0,-450.0,0.82,2.178634089e-09,2.605941714e-09,2.605539182e-09,5.484889826e-09,427.3076249999999,426.905093,0.4025319999998942,-2.510102586e-07,3.383865798e-07,0.95,0.95,-2.6422132484210523e-07,3.561963997894737e-07,0,stable_low,1,1.5008128512195124e-06,1,,PASS,/home/zhupl25/chiplet_side_channel/chiplet_gds_data/power_macro/delay_chain/ftc/runs/t0_transient_droop/r230/scenarios/t0__b0p95__L3__dv130p0__h1000p0__pm450p0__fb498da1f42efd931814,cd9bbbd60d81e27e1c9624906f57901bf0e8a0e2f1f1e8771e44c063611b3c57,8990a002c0a888cec518799b3c75029b0536557fb43097a8ebf23117e094f1b3,coarse,first_q1_minus_10mV,-450.0,
t0__b0p95__L3__dv130p0__h3000p0__pm450p0__24338e22f81ca56155a7,0.95,L3,5,9,130.0,0.82,1.0,3000.0,1.0,-450.0,0.82,2.240752284e-09,2.938230123e-09,2.823292939e-09,5.485391998e-09,697.4778389999997,582.540655,114.93718399999966,0.8199988413,0.8199996786,0.82,0.82,0.9999985869512196,0.9999996080487805,1,stable_high,1,2.1657360585365856e-06,1,,PASS,/home/zhupl25/chiplet_side_channel/chiplet_gds_data/power_macro/delay_chain/ftc/runs/t0_transient_droop/r231/scenarios/t0__b0p95__L3__dv130p0__h3000p0__pm450p0__24338e22f81ca56155a7,4cfbd40c22081ff5bd4ac09629f4147a5f8edc3c5bf79ad84b6ecb8eb4d983df,8990a002c0a888cec518799b3c75029b0536557fb43097a8ebf23117e094f1b3,coarse,first_q1_minus_10mV,-450.0,
t0__b0p95__L3__dv130p0__h2000p0__pm450p0__c583ae9d859a51b6bba5,0.95,L3,5,9,130.0,0.82,1.0,2000.0,1.0,-450.0,0.82,2.240752284e-09,2.938230123e-09,2.823292939e-09,5.485230459e-09,697.4778389999997,582.540655,114.93718399999966,0.9499996625,0.949999667,0.95,0.95,0.9999996447368421,0.9999996494736844,1,stable_high,1,2.4366769097560975e-06,1,,PASS,/home/zhupl25/chiplet_side_channel/chiplet_gds_data/power_macro/delay_chain/ftc/runs/t0_transient_droop/r232/scenarios/t0__b0p95__L3__dv130p0__h2000p0__pm450p0__c583ae9d859a51b6bba5,dd9b251d84c3e7b8c1df726d797b23ec976e5d0828e375485f65fde84f9ecd31,8990a002c0a888cec518799b3c75029b0536557fb43097a8ebf23117e094f1b3,refine,first_q1_minus_10mV,-450.0,
t0__b0p95__L3__dv130p0__h1500p0__pm450p0__49776d894ad53db5fafa,0.95,L3,5,9,130.0,0.82,1.0,1500.0,1.0,-450.0,0.82,2.240752284e-09,2.790299981e-09,2.757132315e-09,5.485101927e-09,549.5476969999996,516.3800309999999,33.16766599999971,4.225916021e-07,2.125833709e-07,0.95,0.95,4.4483326536842104e-07,2.2377196936842105e-07,0,stable_low,1,2.1033099060975612e-06,1,,PASS,/home/zhupl25/chiplet_side_channel/chiplet_gds_data/power_macro/delay_chain/ftc/runs/t0_transient_droop/r233/scenarios/t0__b0p95__L3__dv130p0__h1500p0__pm450p0__49776d894ad53db5fafa,65883f3a62bc519c831412c16ed2a234d3dad1cb3179e21a9a356ad85dfc0194,8990a002c0a888cec518799b3c75029b0536557fb43097a8ebf23117e094f1b3,refine,first_q1_minus_10mV,-450.0,
t0__b0p95__L3__dv130p0__h1750p0__pm450p0__bfa2b5c0f2e345ff4303,0.95,L3,5,9,130.0,0.82,1.0,1750.0,1.0,-450.0,0.82,2.240752284e-09,2.882898914e-09,2.822542624e-09,5.484778487e-09,642.14663,581.7903399999998,60.35629000000017,0.94999971,0.949999712,0.95,0.95,0.9999996947368422,0.9999996968421053,1,stable_high,1,1.828686174390244e-06,1,,PASS,/home/zhupl25/chiplet_side_channel/chiplet_gds_data/power_macro/delay_chain/ftc/runs/t0_transient_droop/r234/scenarios/t0__b0p95__L3__dv130p0__h1750p0__pm450p0__bfa2b5c0f2e345ff4303,13a9c985db5f7d3e38a24490edfd304c6972b849d8e1a853dc133997cf4573e1,8990a002c0a888cec518799b3c75029b0536557fb43097a8ebf23117e094f1b3,refine,first_q1_minus_10mV,-450.0,
t0__b0p95__L3__dv130p0__h1625p0__pm450p0__b87dcf848b2a915a2a5a,0.95,L3,5,9,130.0,0.82,1.0,1625.0,1.0,-450.0,0.82,2.240752284e-09,2.836723581e-09,2.779626355e-09,5.485045708e-09,595.9712969999999,538.8740709999997,57.097226000000205,0.949999662,0.9499997809,0.95,0.95,0.9999996442105263,0.9999997693684212,1,stable_high,1,2.7124451902439026e-06,1,,PASS,/home/zhupl25/chiplet_side_channel/chiplet_gds_data/power_macro/delay_chain/ftc/runs/t0_transient_droop/r235/scenarios/t0__b0p95__L3__dv130p0__h1625p0__pm450p0__b87dcf848b2a915a2a5a,f171ddf77bead0ab6b52986181ecdf9aed207ba0b0565f869c42e267ed7fe1ac,8990a002c0a888cec518799b3c75029b0536557fb43097a8ebf23117e094f1b3,refine,first_q1_minus_10mV,-450.0,
t0__b0p95__L3__dv130p0__h1562p0__pm450p0__b4daebd64ce5466a6713,0.95,L3,5,9,130.0,0.82,1.0,1562.0,1.0,-450.0,0.82,2.240752284e-09,2.813541406e-09,2.769663495e-09,5.485123608e-09,572.7891219999997,528.911211,43.8779109999997,0.9499996707,0.9499997174,0.95,0.95,0.9999996533684211,0.9999997025263159,1,stable_high,1,3.1033251914634147e-06,1,,PASS,/home/zhupl25/chiplet_side_channel/chiplet_gds_data/power_macro/delay_chain/ftc/runs/t0_transient_droop/r236/scenarios/t0__b0p95__L3__dv130p0__h1562p0__pm450p0__b4daebd64ce5466a6713,83474d6c4e0fc0d6a5b85eed76b7d5028299f29d933366237a2570b8a123c463,8990a002c0a888cec518799b3c75029b0536557fb43097a8ebf23117e094f1b3,refine,first_q1_minus_10mV,-450.0,
t0__b0p95__L3__dv130p0__h1531p0__pm450p0__a3b9fd66e0862c065766,0.95,L3,5,9,130.0,0.82,1.0,1531.0,1.0,-450.0,0.82,2.240752284e-09,2.802260027e-09,2.764431893e-09,5.485101924e-09,561.507743,523.6796089999999,37.82813400000009,2.410090265e-07,2.94248633e-07,0.95,0.95,2.536937121052631e-07,3.0973540315789474e-07,0,stable_low,1,2.099849530487805e-06,1,,PASS,/home/zhupl25/chiplet_side_channel/chiplet_gds_data/power_macro/delay_chain/ftc/runs/t0_transient_droop/r237/scenarios/t0__b0p95__L3__dv130p0__h1531p0__pm450p0__a3b9fd66e0862c065766,2681efc92f910f60e14fd58c2f9f6ca1534c0d5465286d73187a37593b93df23,8990a002c0a888cec518799b3c75029b0536557fb43097a8ebf23117e094f1b3,refine,first_q1_minus_10mV,-450.0,
t0__b0p95__L3__dv130p0__h1546p0__pm450p0__1f1b18ffee878d82abcc,0.95,L3,5,9,130.0,0.82,1.0,1546.0,1.0,-450.0,0.82,2.240752284e-09,2.807732958e-09,2.76724108e-09,5.484652267e-09,566.9806739999997,526.4887959999998,40.49187799999993,-3.285088864e-07,-3.478573555e-07,0.95,0.95,-3.457988277894737e-07,-3.6616563736842106e-07,0,stable_low,1,1.9014122975609757e-06,1,,PASS,/home/zhupl25/chiplet_side_channel/chiplet_gds_data/power_macro/delay_chain/ftc/runs/t0_transient_droop/r238/scenarios/t0__b0p95__L3__dv130p0__h1546p0__pm450p0__1f1b18ffee878d82abcc,7c91f0c1f0e9462ec3e81c7ca4f362ccb6522259038994a9cba82be65e887ac5,8990a002c0a888cec518799b3c75029b0536557fb43097a8ebf23117e094f1b3,refine,first_q1_minus_10mV,-450.0,
t0__b0p95__L3__dv140p0__h1p0__pm450p0__aa45f590bb75470e0ba7,0.95,L3,5,9,140.0,0.81,1.0,1.0,1.0,-450.0,0.81,2.022546048e-09,2.403811533e-09,2.449079101e-09,5.484822797e-09,381.2654849999999,426.53305299999994,-45.26756800000004,2.811834427e-08,3.048421668e-08,0.95,0.95,2.959825712631579e-08,3.208864913684211e-08,0,stable_low,1,2.2577510395061727e-06,1,,PASS,/home/zhupl25/chiplet_side_channel/chiplet_gds_data/power_macro/delay_chain/ftc/runs/t0_transient_droop/r239/scenarios/t0__b0p95__L3__dv140p0__h1p0__pm450p0__aa45f590bb75470e0ba7,e2ac6be273038cbddaa0173c81fc27eadd615718e7aba47c718cdd9d1a14a4eb,8990a002c0a888cec518799b3c75029b0536557fb43097a8ebf23117e094f1b3,coarse,first_q1_minus_20mV,-450.0,
t0__b0p95__L3__dv140p0__h10p0__pm450p0__79b02714b2a321085d93,0.95,L3,5,9,140.0,0.81,1.0,10.0,1.0,-450.0,0.81,2.022532264e-09,2.404079586e-09,2.449313038e-09,5.4854282e-09,381.5473220000001,426.7807740000001,-45.233452,6.41757018e-08,-8.85247272e-08,0.95,0.95,6.755337031578949e-08,-9.318392336842105e-08,0,stable_low,1,2.4596987024691356e-06,1,,PASS,/home/zhupl25/chiplet_side_channel/chiplet_gds_data/power_macro/delay_chain/ftc/runs/t0_transient_droop/r240/scenarios/t0__b0p95__L3__dv140p0__h10p0__pm450p0__79b02714b2a321085d93,8198d3b9ccbcbb73414280cc3b291c128a27daa5c4ad1e3a8db1fd2a88d7f0d7,8990a002c0a888cec518799b3c75029b0536557fb43097a8ebf23117e094f1b3,coarse,first_q1_minus_20mV,-450.0,
t0__b0p95__L3__dv140p0__h100p0__pm450p0__7ee472a24907e2e92a9f,0.95,L3,5,9,140.0,0.81,1.0,100.0,1.0,-450.0,0.81,2.022459288e-09,2.403740398e-09,2.449312093e-09,5.485430394e-09,381.28110999999996,426.852805,-45.571695000000034,1.972769805e-07,2.004650261e-07,0.95,0.95,2.0765997947368422e-07,2.1101581694736843e-07,0,stable_low,1,2.4487642938271604e-06,1,,PASS,/home/zhupl25/chiplet_side_channel/chiplet_gds_data/power_macro/delay_chain/ftc/runs/t0_transient_droop/r241/scenarios/t0__b0p95__L3__dv140p0__h100p0__pm450p0__7ee472a24907e2e92a9f,c4149df57afa26e82ae10def3125a3e6e43b89f740c687182f7915701d16315c,8990a002c0a888cec518799b3c75029b0536557fb43097a8ebf23117e094f1b3,coarse,first_q1_minus_20mV,-450.0,
t0__b0p95__L3__dv140p0__h1000p0__pm450p0__2fdbe00e8b7efaf4fd93,0.95,L3,5,9,140.0,0.81,1.0,1000.0,1.0,-450.0,0.81,2.191827668e-09,2.620624078e-09,2.618495459e-09,5.485232491e-09,428.7964099999999,426.66779099999974,2.1286190000001852,-1.349068869e-06,-2.128108383e-07,0.95,0.95,-1.4200724936842106e-06,-2.2401140873684212e-07,0,stable_low,1,2.6559530530864197e-06,1,,PASS,/home/zhupl25/chiplet_side_channel/chiplet_gds_data/power_macro/delay_chain/ftc/runs/t0_transient_droop/r242/scenarios/t0__b0p95__L3__dv140p0__h1000p0__pm450p0__2fdbe00e8b7efaf4fd93,b113eec6ce696376f403d47bfbed6f52088c93ab73d964e6f3879ebba16862af,8990a002c0a888cec518799b3c75029b0536557fb43097a8ebf23117e094f1b3,coarse,first_q1_minus_20mV,-450.0,
t0__b0p95__L3__dv140p0__h3000p0__pm450p0__c3ecebcb657644abec15,0.95,L3,5,9,140.0,0.81,1.0,3000.0,1.0,-450.0,0.81,2.267012874e-09,3.004440567e-09,2.867759787e-09,5.484886881e-09,737.4276929999999,600.7469130000002,136.6807799999997,0.8099901259,0.8099996161,0.81,0.81,0.9999878097530863,0.9999995260493827,1,stable_high,1,2.387303443209876e-06,1,,PASS,/home/zhupl25/chiplet_side_channel/chiplet_gds_data/power_macro/delay_chain/ftc/runs/t0_transient_droop/r243/scenarios/t0__b0p95__L3__dv140p0__h3000p0__pm450p0__c3ecebcb657644abec15,f36052a86f689336df1f7e2786e95a612d814b49798fecb55a224f373d984495,8990a002c0a888cec518799b3c75029b0536557fb43097a8ebf23117e094f1b3,coarse,first_q1_minus_20mV,-450.0,
t0__b0p95__L3__dv140p0__h2000p0__pm450p0__b8b08a6bfb5b2015b7e0,0.95,L3,5,9,140.0,0.81,1.0,2000.0,1.0,-450.0,0.81,2.267012874e-09,3.004440567e-09,2.867759787e-09,5.484793183e-09,737.4276929999999,600.7469130000002,136.6807799999997,0.9499996554,0.949999682,0.95,0.95,0.9999996372631579,0.9999996652631579,1,stable_high,1,1.3900052901234567e-06,1,,PASS,/home/zhupl25/chiplet_side_channel/chiplet_gds_data/power_macro/delay_chain/ftc/runs/t0_transient_droop/r244/scenarios/t0__b0p95__L3__dv140p0__h2000p0__pm450p0__b8b08a6bfb5b2015b7e0,ad5d1926fb8675764e5221fff9a7182449f0a6a6ce158559e74af06e45dbebae,8990a002c0a888cec518799b3c75029b0536557fb43097a8ebf23117e094f1b3,refine,first_q1_minus_20mV,-450.0,
t0__b0p95__L3__dv140p0__h1500p0__pm450p0__c8bdff64861ee62031de,0.95,L3,5,9,140.0,0.81,1.0,1500.0,1.0,-450.0,0.81,2.267012874e-09,2.819776772e-09,2.783295645e-09,5.484843551e-09,552.7638980000002,516.282771,36.48112700000013,-4.777334551e-08,4.690914993e-07,0.95,0.95,-5.028773211578948e-08,4.937805255789475e-07,0,stable_low,1,2.2524205901234565e-06,1,,PASS,/home/zhupl25/chiplet_side_channel/chiplet_gds_data/power_macro/delay_chain/ftc/runs/t0_transient_droop/r245/scenarios/t0__b0p95__L3__dv140p0__h1500p0__pm450p0__c8bdff64861ee62031de,8e3f31d19d413b8900527dba33a2b3a5feeb5bd8ca24930f9cd62df72fc3d3d8,8990a002c0a888cec518799b3c75029b0536557fb43097a8ebf23117e094f1b3,refine,first_q1_minus_20mV,-450.0,
t0__b0p95__L3__dv140p0__h1750p0__pm450p0__f76b131c9de568175ee8,0.95,L3,5,9,140.0,0.81,1.0,1750.0,1.0,-450.0,0.81,2.267012874e-09,2.9188343e-09,2.849945222e-09,5.484640804e-09,651.8214260000001,582.9323480000002,68.88907799999993,0.9499997376,0.9499996793,0.95,0.95,0.9999997237894738,0.9999996624210526,1,stable_high,1,4.4939763e-06,1,,PASS,/home/zhupl25/chiplet_side_channel/chiplet_gds_data/power_macro/delay_chain/ftc/runs/t0_transient_droop/r246/scenarios/t0__b0p95__L3__dv140p0__h1750p0__pm450p0__f76b131c9de568175ee8,f186ac9156c7dc8ff1ffc34a2e2b0654ac1cb6eb170603a7e39e30d8c1dc15ee,8990a002c0a888cec518799b3c75029b0536557fb43097a8ebf23117e094f1b3,refine,first_q1_minus_20mV,-450.0,
t0__b0p95__L3__dv140p0__h1625p0__pm450p0__5c888ac81c5767d3c660,0.95,L3,5,9,140.0,0.81,1.0,1625.0,1.0,-450.0,0.81,2.267012874e-09,2.86908698e-09,2.810396385e-09,5.484665627e-09,602.0741059999999,543.3835110000001,58.6905949999998,0.9499996964,0.9499997001,0.95,0.95,0.9999996804210527,0.9999996843157896,1,stable_high,1,2.5606231037037037e-06,1,,PASS,/home/zhupl25/chiplet_side_channel/chiplet_gds_data/power_macro/delay_chain/ftc/runs/t0_transient_droop/r247/scenarios/t0__b0p95__L3__dv140p0__h1625p0__pm450p0__5c888ac81c5767d3c660,2bc222c5254a83e239f0e3fc088c4374e2295b26ce82726bfea6dad33bdd9144,8990a002c0a888cec518799b3c75029b0536557fb43097a8ebf23117e094f1b3,refine,first_q1_minus_20mV,-450.0,
t0__b0p95__L3__dv140p0__h1562p0__pm450p0__af21b7dbfe8e5127aedf,0.95,L3,5,9,140.0,0.81,1.0,1562.0,1.0,-450.0,0.81,2.267012874e-09,2.843484529e-09,2.800937347e-09,5.484842752e-09,576.4716550000002,533.924473,42.547182000000134,-2.179560703e-07,5.558545112e-07,0.95,0.95,-2.2942744242105264e-07,5.851100117894738e-07,0,stable_low,1,1.999419111111111e-06,1,,PASS,/home/zhupl25/chiplet_side_channel/chiplet_gds_data/power_macro/delay_chain/ftc/runs/t0_transient_droop/r248/scenarios/t0__b0p95__L3__dv140p0__h1562p0__pm450p0__af21b7dbfe8e5127aedf,695800e0374f17cdb01138772ea9db3c4648479728264b24691d2d9c54d130a1,8990a002c0a888cec518799b3c75029b0536557fb43097a8ebf23117e094f1b3,refine,first_q1_minus_20mV,-450.0,
t0__b0p95__L3__dv140p0__h1594p0__pm450p0__4c0f8dad3b93bac7f401,0.95,L3,5,9,140.0,0.81,1.0,1594.0,1.0,-450.0,0.81,2.267012874e-09,2.856712307e-09,2.807300198e-09,5.484789408e-09,589.6994329999999,540.2873240000002,49.412108999999646,0.9499996948,0.9499997088,0.95,0.95,0.9999996787368421,0.9999996934736842,1,stable_high,1,2.5450198074074073e-06,1,,PASS,/home/zhupl25/chiplet_side_channel/chiplet_gds_data/power_macro/delay_chain/ftc/runs/t0_transient_droop/r249/scenarios/t0__b0p95__L3__dv140p0__h1594p0__pm450p0__4c0f8dad3b93bac7f401,a8df7377f92c0d851a6b7630b72bc6d7a063462b3e9cbe94f26a381892d4f77a,8990a002c0a888cec518799b3c75029b0536557fb43097a8ebf23117e094f1b3,refine,first_q1_minus_20mV,-450.0,
t0__b0p95__L3__dv140p0__h1578p0__pm450p0__32756c9c6f0471f91d20,0.95,L3,5,9,140.0,0.81,1.0,1578.0,1.0,-450.0,0.81,2.267012874e-09,2.850622342e-09,2.804100905e-09,5.484783504e-09,583.6094680000002,537.0880310000001,46.521437000000105,0.9499996918,0.949999711,0.95,0.95,0.9999996755789474,0.9999996957894738,1,stable_high,1,2.54651889382716e-06,1,,PASS,/home/zhupl25/chiplet_side_channel/chiplet_gds_data/power_macro/delay_chain/ftc/runs/t0_transient_droop/r250/scenarios/t0__b0p95__L3__dv140p0__h1578p0__pm450p0__32756c9c6f0471f91d20,31ddc37350bffd1c9761e673dea5ae0f05b26f10aee40158818638f7eafaed9e,8990a002c0a888cec518799b3c75029b0536557fb43097a8ebf23117e094f1b3,refine,first_q1_minus_20mV,-450.0,
t0__b1p1__L1__dv80p0__h1p0__pm500p0__a1e46e79e6911de51e95,1.1,L1,2,10,80.0,1.02,1.0,1.0,1.0,-500.0,1.02,1.896899886e-09,2.136543646e-09,2.139285459e-09,5.162120077e-09,239.64376000000001,242.38557299999997,-2.7418129999999508,1.151070313e-07,1.015219434e-07,1.1,1.1,1.0464275572727272e-07,9.22926758181818e-08,0,stable_low,1,3.272382395098039e-06,1,,PASS,/home/zhupl25/chiplet_side_channel/chiplet_gds_data/power_macro/delay_chain/ftc/runs/t0_transient_droop/r251/scenarios/t0__b1p1__L1__dv80p0__h1p0__pm500p0__a1e46e79e6911de51e95,6524e7884b56e18ad74fd3bbbb71e52c86d954cb628af1e1d3d728f7a2d45fcc,8990a002c0a888cec518799b3c75029b0536557fb43097a8ebf23117e094f1b3,coarse,last_q0_control,-500.0,
t0__b1p1__L1__dv80p0__h10p0__pm500p0__3a862acca3590f6e2175,1.1,L1,2,10,80.0,1.02,1.0,10.0,1.0,-500.0,1.02,1.896666895e-09,2.136190298e-09,2.139066858e-09,5.161616758e-09,239.5234029999999,242.39996299999976,-2.87655999999987,1.461923836e-07,1.168729167e-07,1.1,1.1,1.329021669090909e-07,1.0624810609090908e-07,0,stable_low,1,2.294406281372549e-06,1,,PASS,/home/zhupl25/chiplet_side_channel/chiplet_gds_data/power_macro/delay_chain/ftc/runs/t0_transient_droop/r252/scenarios/t0__b1p1__L1__dv80p0__h10p0__pm500p0__3a862acca3590f6e2175,acb4504a6d42e3b5a4959c4dd86165754a6f00a3ab16749fb6ee05dd9c9c1ae1,8990a002c0a888cec518799b3c75029b0536557fb43097a8ebf23117e094f1b3,coarse,last_q0_control,-500.0,
t0__b1p1__L1__dv80p0__h100p0__pm500p0__1990f49e6962e45f8945,1.1,L1,2,10,80.0,1.02,1.0,100.0,1.0,-500.0,1.02,1.896599858e-09,2.136323244e-09,2.138972604e-09,5.162132377e-09,239.7233859999999,242.37274599999972,-2.649359999999831,1.06648243e-07,1.226551464e-07,1.1,1.1,9.695294818181817e-08,1.1150467854545453e-07,0,stable_low,1,3.3915347490196078e-06,1,,PASS,/home/zhupl25/chiplet_side_channel/chiplet_gds_data/power_macro/delay_chain/ftc/runs/t0_transient_droop/r253/scenarios/t0__b1p1__L1__dv80p0__h100p0__pm500p0__1990f49e6962e45f8945,d0e52e0c44c876130784869c93ee7ebb54bfb9c3fa9b0d83a472575f42c66b4d,8990a002c0a888cec518799b3c75029b0536557fb43097a8ebf23117e094f1b3,coarse,last_q0_control,-500.0,
t0__b1p1__L1__dv80p0__h1000p0__pm500p0__eb636b59218555a88cea,1.1,L1,2,10,80.0,1.02,1.0,1000.0,1.0,-500.0,1.02,1.953679212e-09,2.212842433e-09,2.200884539e-09,5.161876204e-09,259.1632209999998,247.20532700000007,11.957893999999726,4.690662696e-08,1.324931762e-07,1.1,1.1,4.2642388145454546e-08,1.20448342e-07,0,stable_low,1,3.2781214549019606e-06,1,,PASS,/home/zhupl25/chiplet_side_channel/chiplet_gds_data/power_macro/delay_chain/ftc/runs/t0_transient_droop/r254/scenarios/t0__b1p1__L1__dv80p0__h1000p0__pm500p0__eb636b59218555a88cea,0fdc11159f3a335f18a00e5c1d6083074dc3f9f5c803b1d723e0993b62767c42,8990a002c0a888cec518799b3c75029b0536557fb43097a8ebf23117e094f1b3,coarse,last_q0_control,-500.0,
t0__b1p1__L1__dv80p0__h3000p0__pm500p0__2e219eac5565d465c1cb,1.1,L1,2,10,80.0,1.02,1.0,3000.0,1.0,-500.0,1.02,1.953679212e-09,2.253386402e-09,2.22406856e-09,5.161775582e-09,299.7071900000001,270.3893479999998,29.31784200000027,1.743996994e-07,8.884166051e-08,1.02,1.02,1.709800974509804e-07,8.709966716666666e-08,0,stable_low,1,3.0376857039215685e-06,1,,PASS,/home/zhupl25/chiplet_side_channel/chiplet_gds_data/power_macro/delay_chain/ftc/runs/t0_transient_droop/r255/scenarios/t0__b1p1__L1__dv80p0__h3000p0__pm500p0__2e219eac5565d465c1cb,c369011300aff43b7ed3c9bd42d619803a1dee9b1b17f839a22a3e7546483250,8990a002c0a888cec518799b3c75029b0536557fb43097a8ebf23117e094f1b3,coarse,last_q0_control,-500.0,
t0__b1p1__L1__dv90p0__h1p0__pm500p0__e0ec21f441c2d3a37fb2,1.1,L1,2,10,90.0,1.01,1.0,1.0,1.0,-500.0,1.01,1.896933103e-09,2.136694958e-09,2.139301579e-09,5.161919252e-09,239.76185499999968,242.36847599999993,-2.6066210000002457,2.220358513e-07,1.666646971e-07,1.1,1.1,2.018507739090909e-07,1.5151336099999997e-07,0,stable_low,1,2.543200233663366e-06,1,,PASS,/home/zhupl25/chiplet_side_channel/chiplet_gds_data/power_macro/delay_chain/ftc/runs/t0_transient_droop/r256/scenarios/t0__b1p1__L1__dv90p0__h1p0__pm500p0__e0ec21f441c2d3a37fb2,e3fb7ca65455f92b1f3db4a3f36a444eeccded49fe7daf63dda6d9a882a43e96,8990a002c0a888cec518799b3c75029b0536557fb43097a8ebf23117e094f1b3,coarse,first_q1_anchor,-500.0,
t0__b1p1__L1__dv90p0__h10p0__pm500p0__2347786cddefc02e420a,1.1,L1,2,10,90.0,1.01,1.0,10.0,1.0,-500.0,1.01,1.896666894e-09,2.136190305e-09,2.139066885e-09,5.16190537e-09,239.52341099999984,242.3999909999998,-2.8765799999999615,1.461923622e-07,1.168729404e-07,1.1,1.1,1.3290214745454545e-07,1.0624812763636363e-07,0,stable_low,1,2.5662902079207918e-06,1,,PASS,/home/zhupl25/chiplet_side_channel/chiplet_gds_data/power_macro/delay_chain/ftc/runs/t0_transient_droop/r257/scenarios/t0__b1p1__L1__dv90p0__h10p0__pm500p0__2347786cddefc02e420a,7cfb913ffdcd62d57bc5e5ee1c3f6fc5bc46eb4d8497818c737d7a698f0789a3,8990a002c0a888cec518799b3c75029b0536557fb43097a8ebf23117e094f1b3,coarse,first_q1_anchor,-500.0,
t0__b1p1__L1__dv90p0__h100p0__pm500p0__0d8488ce7542d4e2bea5,1.1,L1,2,10,90.0,1.01,1.0,100.0,1.0,-500.0,1.01,1.896811527e-09,2.136606552e-09,2.139184024e-09,5.161770292e-09,239.795025,242.37249699999978,-2.577471999999773,1.627507591e-07,1.503769902e-07,1.1,1.1,1.4795523554545453e-07,1.3670635472727273e-07,0,stable_low,1,2.3312561524752475e-06,1,,PASS,/home/zhupl25/chiplet_side_channel/chiplet_gds_data/power_macro/delay_chain/ftc/runs/t0_transient_droop/r258/scenarios/t0__b1p1__L1__dv90p0__h100p0__pm500p0__0d8488ce7542d4e2bea5,03704560a8e87061c391726c17f30050d0b34a45da72708f05394366d39e7e2e,8990a002c0a888cec518799b3c75029b0536557fb43097a8ebf23117e094f1b3,coarse,first_q1_anchor,-500.0,
t0__b1p1__L1__dv90p0__h1000p0__pm500p0__0455447ca37d5587eb31,1.1,L1,2,10,90.0,1.01,1.0,1000.0,1.0,-500.0,1.01,1.962109377e-09,2.222688448e-09,2.208830468e-09,5.161769817e-09,260.5790709999999,246.721091,13.857979999999884,1.740289441e-07,1.344526941e-07,1.1,1.1,1.5820813099999998e-07,1.222297219090909e-07,0,stable_low,1,2.2339871267326736e-06,1,,PASS,/home/zhupl25/chiplet_side_channel/chiplet_gds_data/power_macro/delay_chain/ftc/runs/t0_transient_droop/r259/scenarios/t0__b1p1__L1__dv90p0__h1000p0__pm500p0__0455447ca37d5587eb31,91c73c58e4b1c3ff2a7a389d936c2d60a1875e11fdca256ac12718b231521688,8990a002c0a888cec518799b3c75029b0536557fb43097a8ebf23117e094f1b3,coarse,first_q1_anchor,-500.0,
t0__b1p1__L1__dv90p0__h3000p0__pm500p0__1617b6ac79b58ced88e9,1.1,L1,2,10,90.0,1.01,1.0,3000.0,1.0,-500.0,1.01,1.962109377e-09,2.27177134e-09,2.236566875e-09,5.161763834e-09,309.661963,274.45749800000004,35.20446499999997,1.0099997099,1.0099996644,1.01,1.01,0.9999997127722772,0.9999996677227723,1,stable_high,1,3.3524312495049503e-06,1,,PASS,/home/zhupl25/chiplet_side_channel/chiplet_gds_data/power_macro/delay_chain/ftc/runs/t0_transient_droop/r260/scenarios/t0__b1p1__L1__dv90p0__h3000p0__pm500p0__1617b6ac79b58ced88e9,4764161e1b93db0a5440582d0106b71e34b77934d2e4fb7998507660dcec1023,8990a002c0a888cec518799b3c75029b0536557fb43097a8ebf23117e094f1b3,coarse,first_q1_anchor,-500.0,
t0__b1p1__L1__dv90p0__h2000p0__pm500p0__4640da559b56ec522dc0,1.1,L1,2,10,90.0,1.01,1.0,2000.0,1.0,-500.0,1.01,1.962109377e-09,2.27177134e-09,2.236566875e-09,5.161957846e-09,309.661963,274.45749800000004,35.20446499999997,1.0999987703,1.1000045991,1.1,1.1,0.999998882090909,1.000004181,1,stable_high,1,2.577201479207921e-06,1,,PASS,/home/zhupl25/chiplet_side_channel/chiplet_gds_data/power_macro/delay_chain/ftc/runs/t0_transient_droop/r261/scenarios/t0__b1p1__L1__dv90p0__h2000p0__pm500p0__4640da559b56ec522dc0,74ba93aba2ad610f8072ea1aeac8d187ff09cd2646bd8e424fdaafeca3706561,8990a002c0a888cec518799b3c75029b0536557fb43097a8ebf23117e094f1b3,refine,first_q1_anchor,-500.0,
t0__b1p1__L1__dv90p0__h1500p0__pm500p0__c1a378c11c84fe146290,1.1,L1,2,10,90.0,1.01,1.0,1500.0,1.0,-500.0,1.01,1.962109377e-09,2.27177134e-09,2.236566875e-09,5.161757097e-09,309.661963,274.45749800000004,35.20446499999997,1.099999604,1.0999996633,1.1,1.1,0.9999996399999999,0.9999996939090908,1,stable_high,1,2.5956172237623763e-06,1,,PASS,/home/zhupl25/chiplet_side_channel/chiplet_gds_data/power_macro/delay_chain/ftc/runs/t0_transient_droop/r262/scenarios/t0__b1p1__L1__dv90p0__h1500p0__pm500p0__c1a378c11c84fe146290,6e216a330700828dfec3e76f507c9270cfafd7b73369172186afa4729c8adb01,8990a002c0a888cec518799b3c75029b0536557fb43097a8ebf23117e094f1b3,refine,first_q1_anchor,-500.0,
t0__b1p1__L1__dv90p0__h1250p0__pm500p0__8a0d6b363c26677e2ad2,1.1,L1,2,10,90.0,1.01,1.0,1250.0,1.0,-500.0,1.01,1.962109377e-09,2.265781604e-09,2.236566875e-09,2.241593984e-09,303.6722269999998,274.45749800000004,29.21472899999975,1.0999995658,1.099999693,1.1,1.1,0.9999996052727271,0.9999997209090908,1,stable_high,2,3.659198084158416e-06,0,active_ck_edge_count_not_one,PASS,/home/zhupl25/chiplet_side_channel/chiplet_gds_data/power_macro/delay_chain/ftc/runs/t0_transient_droop/r263/scenarios/t0__b1p1__L1__dv90p0__h1250p0__pm500p0__8a0d6b363c26677e2ad2,56a160fa71a733bbb815ba9b62defe6f9e9b95e2c8eec21b7fd3767d39273af6,8990a002c0a888cec518799b3c75029b0536557fb43097a8ebf23117e094f1b3,refine,first_q1_anchor,-500.0,ambiguous_duration_boundary
t0__b1p1__L1__dv100p0__h1p0__pm500p0__703d0df8f5a905ccd1e9,1.1,L1,2,10,100.0,1.0,1.0,1.0,1.0,-500.0,1.0,1.896933088e-09,2.136694963e-09,2.139301565e-09,5.161919252e-09,239.7618750000002,242.36847700000007,-2.6066019999998673,2.220362291e-07,1.666647505e-07,1.1,1.1,2.0185111736363635e-07,1.5151340954545453e-07,0,stable_low,1,2.568632352e-06,1,,PASS,/home/zhupl25/chiplet_side_channel/chiplet_gds_data/power_macro/delay_chain/ftc/runs/t0_transient_droop/r264/scenarios/t0__b1p1__L1__dv100p0__h1p0__pm500p0__703d0df8f5a905ccd1e9,f39ed1e809f7aeca6b704c73c9a6adbd70b188741bff72f0bd2991a31dc6ebb4,8990a002c0a888cec518799b3c75029b0536557fb43097a8ebf23117e094f1b3,coarse,first_q1_minus_10mV,-500.0,
t0__b1p1__L1__dv100p0__h10p0__pm500p0__7edb032eabdad63f885b,1.1,L1,2,10,100.0,1.0,1.0,10.0,1.0,-500.0,1.0,1.896666892e-09,2.1361903e-09,2.139066914e-09,5.161905375e-09,239.52340799999982,242.4000219999999,-2.8766140000000746,1.461924323e-07,1.168730612e-07,1.1,1.1,1.3290221118181817e-07,1.0624823745454545e-07,0,stable_low,1,2.591951895e-06,1,,PASS,/home/zhupl25/chiplet_side_channel/chiplet_gds_data/power_macro/delay_chain/ftc/runs/t0_transient_droop/r265/scenarios/t0__b1p1__L1__dv100p0__h10p0__pm500p0__7edb032eabdad63f885b,ac6317d049295e7b2e72dcb531784124a00a55da9aa21835a2818e2fe7b8b500,8990a002c0a888cec518799b3c75029b0536557fb43097a8ebf23117e094f1b3,coarse,first_q1_minus_10mV,-500.0,
t0__b1p1__L1__dv100p0__h100p0__pm500p0__e398ab0806e35bc9f9c6,1.1,L1,2,10,100.0,1.0,1.0,100.0,1.0,-500.0,1.0,1.896716888e-09,2.136532046e-09,2.139132957e-09,5.162256852e-09,239.81515799999977,242.416069,-2.600911000000224,1.257913853e-07,1.312297803e-07,1.1,1.1,1.143558048181818e-07,1.1929980027272725e-07,0,stable_low,1,2.621210584e-06,1,,PASS,/home/zhupl25/chiplet_side_channel/chiplet_gds_data/power_macro/delay_chain/ftc/runs/t0_transient_droop/r266/scenarios/t0__b1p1__L1__dv100p0__h100p0__pm500p0__e398ab0806e35bc9f9c6,eec5293cd76ffc332555a0cc3eafd76fd351b0bedfeba5bab08cea88e6931541,8990a002c0a888cec518799b3c75029b0536557fb43097a8ebf23117e094f1b3,coarse,first_q1_minus_10mV,-500.0,
t0__b1p1__L1__dv100p0__h1000p0__pm500p0__fb39c553e818b8a0e6a8,1.1,L1,2,10,100.0,1.0,1.0,1000.0,1.0,-500.0,1.0,1.97142711e-09,2.232464748e-09,2.217275166e-09,5.161973033e-09,261.03763800000013,245.8480560000002,15.189581999999916,1.5613967e-07,1.561544035e-07,1.1,1.1,1.419451545454545e-07,1.419585486363636e-07,0,stable_low,1,2.990897186e-06,1,,PASS,/home/zhupl25/chiplet_side_channel/chiplet_gds_data/power_macro/delay_chain/ftc/runs/t0_transient_droop/r267/scenarios/t0__b1p1__L1__dv100p0__h1000p0__pm500p0__fb39c553e818b8a0e6a8,7864604fdcb1e75d87ef2a262706b622d8b8500572fb6610a31d31e40353fc6d,8990a002c0a888cec518799b3c75029b0536557fb43097a8ebf23117e094f1b3,coarse,first_q1_minus_10mV,-500.0,
t0__b1p1__L1__dv100p0__h3000p0__pm500p0__8d5615acb81970f98457,1.1,L1,2,10,100.0,1.0,1.0,3000.0,1.0,-500.0,1.0,1.97142711e-09,2.290866371e-09,2.250233982e-09,5.161807005e-09,319.43926100000004,278.806872,40.632389000000046,0.9999997015,0.9999996689,1.0,1.0,0.9999997015,0.9999996689,1,stable_high,1,2.429549154e-06,1,,PASS,/home/zhupl25/chiplet_side_channel/chiplet_gds_data/power_macro/delay_chain/ftc/runs/t0_transient_droop/r268/scenarios/t0__b1p1__L1__dv100p0__h3000p0__pm500p0__8d5615acb81970f98457,9a9b9689118533330b65956fd8666525ec976edebe757ae06317276a0787fdbb,8990a002c0a888cec518799b3c75029b0536557fb43097a8ebf23117e094f1b3,coarse,first_q1_minus_10mV,-500.0,
t0__b1p1__L1__dv100p0__h2000p0__pm500p0__09696e58d187720c559a,1.1,L1,2,10,100.0,1.0,1.0,2000.0,1.0,-500.0,1.0,1.97142711e-09,2.290866371e-09,2.250233982e-09,5.161854986e-09,319.43926100000004,278.806872,40.632389000000046,1.1000040761,1.10000074,1.1,1.1,1.0000037055454545,1.0000006727272728,1,stable_high,1,2.593228261e-06,1,,PASS,/home/zhupl25/chiplet_side_channel/chiplet_gds_data/power_macro/delay_chain/ftc/runs/t0_transient_droop/r269/scenarios/t0__b1p1__L1__dv100p0__h2000p0__pm500p0__09696e58d187720c559a,eba4ef04f5fbc7ab533bed9b0d723dd5fc6b707a6ecc86a823c7ed683d56e32b,8990a002c0a888cec518799b3c75029b0536557fb43097a8ebf23117e094f1b3,refine,first_q1_minus_10mV,-500.0,
t0__b1p1__L1__dv100p0__h1500p0__pm500p0__857085952dd13f06a81f,1.1,L1,2,10,100.0,1.0,1.0,1500.0,1.0,-500.0,1.0,1.97142711e-09,2.290866371e-09,2.250233982e-09,5.161758457e-09,319.43926100000004,278.806872,40.632389000000046,1.0999995673,1.0999996054,1.1,1.1,0.9999996066363636,0.9999996412727272,1,stable_high,1,2.486708601e-06,1,,PASS,/home/zhupl25/chiplet_side_channel/chiplet_gds_data/power_macro/delay_chain/ftc/runs/t0_transient_droop/r270/scenarios/t0__b1p1__L1__dv100p0__h1500p0__pm500p0__857085952dd13f06a81f,09886faac2191a6f2d68ce15f98ad95105aec3bd240e64baf06b4982ed5e37eb,8990a002c0a888cec518799b3c75029b0536557fb43097a8ebf23117e094f1b3,refine,first_q1_minus_10mV,-500.0,
t0__b1p1__L1__dv100p0__h1250p0__pm500p0__6ad16e2e241df4c9e515,1.1,L1,2,10,100.0,1.0,1.0,1250.0,1.0,-500.0,1.0,1.97142711e-09,2.280642079e-09,2.253199343e-09,5.161983737e-09,309.2149690000003,281.7722330000002,27.44273600000008,1.0999996435,1.0999996366,1.1,1.1,0.9999996759090908,0.9999996696363636,1,stable_high,1,2.584818005e-06,1,,PASS,/home/zhupl25/chiplet_side_channel/chiplet_gds_data/power_macro/delay_chain/ftc/runs/t0_transient_droop/r271/scenarios/t0__b1p1__L1__dv100p0__h1250p0__pm500p0__6ad16e2e241df4c9e515,8f5433f8b1951f3b2727f0e0c4158d50a14280f15d550ef8ddac66d5dfbe9bb3,8990a002c0a888cec518799b3c75029b0536557fb43097a8ebf23117e094f1b3,refine,first_q1_minus_10mV,-500.0,
t0__b1p1__L1__dv100p0__h1125p0__pm500p0__531583ae54d0e5b2c4ad,1.1,L1,2,10,100.0,1.0,1.0,1125.0,1.0,-500.0,1.0,1.97142711e-09,2.256424756e-09,2.22761387e-09,5.161940031e-09,284.99764600000003,256.18676000000016,28.81088599999987,1.0999996266,1.0999996318,1.1,1.1,0.9999996605454545,0.9999996652727272,1,stable_high,1,2.364386511e-06,1,,PASS,/home/zhupl25/chiplet_side_channel/chiplet_gds_data/power_macro/delay_chain/ftc/runs/t0_transient_droop/r272/scenarios/t0__b1p1__L1__dv100p0__h1125p0__pm500p0__531583ae54d0e5b2c4ad,e7a38a3dbee1a2202aaf8fb4da819920a1737739f73528ff40ab27a3db575384,8990a002c0a888cec518799b3c75029b0536557fb43097a8ebf23117e094f1b3,refine,first_q1_minus_10mV,-500.0,
t0__b1p1__L1__dv100p0__h1062p0__pm500p0__6576cac1f6bf36eb9cca,1.1,L1,2,10,100.0,1.0,1.0,1062.0,1.0,-500.0,1.0,1.97142711e-09,2.244251958e-09,2.225075577e-09,5.161884488e-09,272.8248480000003,253.64846700000024,19.176381000000077,1.0999996012,1.0999996558,1.1,1.1,0.9999996374545453,0.999999687090909,1,stable_high,1,2.588258797e-06,1,,PASS,/home/zhupl25/chiplet_side_channel/chiplet_gds_data/power_macro/delay_chain/ftc/runs/t0_transient_droop/r273/scenarios/t0__b1p1__L1__dv100p0__h1062p0__pm500p0__6576cac1f6bf36eb9cca,a6d54225c2ed26aadb500ddae6f429929135dd8fb269c8c0c341539e4b2e49ba,8990a002c0a888cec518799b3c75029b0536557fb43097a8ebf23117e094f1b3,refine,first_q1_minus_10mV,-500.0,
t0__b1p1__L1__dv100p0__h1031p0__pm500p0__5cfa738272909811e3b8,1.1,L1,2,10,100.0,1.0,1.0,1031.0,1.0,-500.0,1.0,1.97142711e-09,2.238435724e-09,2.221376497e-09,5.1614198e-09,267.0086140000003,249.94938700000029,17.05922700000002,1.399224289e-07,1.296030455e-07,1.1,1.1,1.2720220809090907e-07,1.1782095045454545e-07,0,stable_low,1,2.89876641e-06,1,,PASS,/home/zhupl25/chiplet_side_channel/chiplet_gds_data/power_macro/delay_chain/ftc/runs/t0_transient_droop/r274/scenarios/t0__b1p1__L1__dv100p0__h1031p0__pm500p0__5cfa738272909811e3b8,1e8345104cd5da7b86ab50ed5850b54df27fb0bc5885bb146ae921168a51aa99,8990a002c0a888cec518799b3c75029b0536557fb43097a8ebf23117e094f1b3,refine,first_q1_minus_10mV,-500.0,
t0__b1p1__L1__dv100p0__h1046p0__pm500p0__80323c4987a35e5d544b,1.1,L1,2,10,100.0,1.0,1.0,1046.0,1.0,-500.0,1.0,1.97142711e-09,2.241338242e-09,2.223457374e-09,5.16185634e-09,269.9111320000001,252.0302640000001,17.88086800000002,1.230126685e-07,1.732837186e-07,1.1,1.1,1.1182969863636363e-07,1.5753065327272727e-07,0,stable_low,1,2.267558709e-06,1,,PASS,/home/zhupl25/chiplet_side_channel/chiplet_gds_data/power_macro/delay_chain/ftc/runs/t0_transient_droop/r275/scenarios/t0__b1p1__L1__dv100p0__h1046p0__pm500p0__80323c4987a35e5d544b,1afe9b3057cb0b9678b398d92f44ee54c881755a1dde611c048894c4d95f5bec,8990a002c0a888cec518799b3c75029b0536557fb43097a8ebf23117e094f1b3,refine,first_q1_minus_10mV,-500.0,
t0__b1p1__L1__dv110p0__h1p0__pm500p0__042725eab769ce2ee13c,1.1,L1,2,10,110.0,0.99,1.0,1.0,1.0,-500.0,0.99,1.896933088e-09,2.136694949e-09,2.139301563e-09,5.161919254e-09,239.76186100000018,242.3684750000002,-2.6066140000000075,2.220356466e-07,1.666646312e-07,1.1,1.1,2.018505878181818e-07,1.5151330109090908e-07,0,stable_low,1,2.5945788303030305e-06,1,,PASS,/home/zhupl25/chiplet_side_channel/chiplet_gds_data/power_macro/delay_chain/ftc/runs/t0_transient_droop/r276/scenarios/t0__b1p1__L1__dv110p0__h1p0__pm500p0__042725eab769ce2ee13c,5f15f08bd29bbcb76ba2a4674da1cef927b01c7c693e244b6a018bc0d5ebfaf5,8990a002c0a888cec518799b3c75029b0536557fb43097a8ebf23117e094f1b3,coarse,first_q1_minus_20mV,-500.0,
t0__b1p1__L1__dv110p0__h10p0__pm500p0__71bcc1003cafb254cb19,1.1,L1,2,10,110.0,0.99,1.0,10.0,1.0,-500.0,0.99,1.89666689e-09,2.136190337e-09,2.139066887e-09,5.16190537e-09,239.52344700000026,242.3999970000003,-2.8765500000000372,1.461921089e-07,1.168727142e-07,1.1,1.1,1.3290191718181816e-07,1.06247922e-07,0,stable_low,1,2.618134421212121e-06,1,,PASS,/home/zhupl25/chiplet_side_channel/chiplet_gds_data/power_macro/delay_chain/ftc/runs/t0_transient_droop/r277/scenarios/t0__b1p1__L1__dv110p0__h10p0__pm500p0__71bcc1003cafb254cb19,ac6c3c0401f46206cbd2bec7bc4546061ba0dab197a5d663b485d06f0d1c8a96,8990a002c0a888cec518799b3c75029b0536557fb43097a8ebf23117e094f1b3,coarse,first_q1_minus_20mV,-500.0,
t0__b1p1__L1__dv110p0__h100p0__pm500p0__b2ffda1138037f9f68ab,1.1,L1,2,10,110.0,0.99,1.0,100.0,1.0,-500.0,0.99,1.896699295e-09,2.136127288e-09,2.139055946e-09,5.162118478e-09,239.42799299999984,242.35665099999989,-2.9286580000000413,1.311456269e-07,1.322313996e-07,1.1,1.1,1.1922329718181816e-07,1.2021036327272725e-07,0,stable_low,1,2.6505359181818185e-06,1,,PASS,/home/zhupl25/chiplet_side_channel/chiplet_gds_data/power_macro/delay_chain/ftc/runs/t0_transient_droop/r278/scenarios/t0__b1p1__L1__dv110p0__h100p0__pm500p0__b2ffda1138037f9f68ab,104491b9067bce1dcc3e752b194b7f0579a46cdfe5599e3c2cd126318209efea,8990a002c0a888cec518799b3c75029b0536557fb43097a8ebf23117e094f1b3,coarse,first_q1_minus_20mV,-500.0,
t0__b1p1__L1__dv110p0__h1000p0__pm500p0__59f766ef7f860ccba30b,1.1,L1,2,10,110.0,0.99,1.0,1000.0,1.0,-500.0,0.99,1.980535516e-09,2.242440778e-09,2.2252547e-09,5.161819032e-09,261.9052619999998,244.7191840000002,17.18607799999961,1.47924861e-07,1.380074842e-07,1.1,1.1,1.3447714636363635e-07,1.2546134927272725e-07,0,stable_low,1,2.52066427979798e-06,1,,PASS,/home/zhupl25/chiplet_side_channel/chiplet_gds_data/power_macro/delay_chain/ftc/runs/t0_transient_droop/r279/scenarios/t0__b1p1__L1__dv110p0__h1000p0__pm500p0__59f766ef7f860ccba30b,47e9ded00c4bab07613de08d39fbf2cb530e9d7612b804f6ccde1d7d9e76c260,8990a002c0a888cec518799b3c75029b0536557fb43097a8ebf23117e094f1b3,coarse,first_q1_minus_20mV,-500.0,
t0__b1p1__L1__dv110p0__h3000p0__pm500p0__ceeb722fe3814edc1287,1.1,L1,2,10,110.0,0.99,1.0,3000.0,1.0,-500.0,0.99,1.980535516e-09,2.311318894e-09,2.263945003e-09,5.161693466e-09,330.78337799999986,283.4094869999999,47.37389099999996,0.9899997021,0.9899996707,0.99,0.99,0.9999996990909091,0.9999996673737374,1,stable_high,1,3.7329473656565658e-06,1,,PASS,/home/zhupl25/chiplet_side_channel/chiplet_gds_data/power_macro/delay_chain/ftc/runs/t0_transient_droop/r280/scenarios/t0__b1p1__L1__dv110p0__h3000p0__pm500p0__ceeb722fe3814edc1287,ef8889b9d0f2c14fdf52f059cc955229e1a6ca89591efa453d734a8c8842399c,8990a002c0a888cec518799b3c75029b0536557fb43097a8ebf23117e094f1b3,coarse,first_q1_minus_20mV,-500.0,
t0__b1p1__L1__dv110p0__h2000p0__pm500p0__423523ec090fe5b34c2e,1.1,L1,2,10,110.0,0.99,1.0,2000.0,1.0,-500.0,0.99,1.980535516e-09,2.311318894e-09,2.263945003e-09,5.161667288e-09,330.78337799999986,283.4094869999999,47.37389099999996,1.1000045178,1.0999942313,1.1,1.1,1.000004107090909,0.9999947557272726,1,stable_high,1,3.7329274797979797e-06,1,,PASS,/home/zhupl25/chiplet_side_channel/chiplet_gds_data/power_macro/delay_chain/ftc/runs/t0_transient_droop/r281/scenarios/t0__b1p1__L1__dv110p0__h2000p0__pm500p0__423523ec090fe5b34c2e,e87d9cd8b362adfa13729605f02188eb3afc947025c8543ea8de0f3e5f1d01ae,8990a002c0a888cec518799b3c75029b0536557fb43097a8ebf23117e094f1b3,refine,first_q1_minus_20mV,-500.0,
t0__b1p1__L1__dv110p0__h1500p0__pm500p0__34614837b7e854d21d55,1.1,L1,2,10,110.0,0.99,1.0,1500.0,1.0,-500.0,0.99,1.980535516e-09,2.311318894e-09,2.263945003e-09,5.162138279e-09,330.78337799999986,283.4094869999999,47.37389099999996,1.0999996008,1.0999996583,1.1,1.1,0.9999996370909089,0.9999996893636363,1,stable_high,1,3.375541385858586e-06,1,,PASS,/home/zhupl25/chiplet_side_channel/chiplet_gds_data/power_macro/delay_chain/ftc/runs/t0_transient_droop/r282/scenarios/t0__b1p1__L1__dv110p0__h1500p0__pm500p0__34614837b7e854d21d55,b497960e6ae92738ac13c33e3e29c8856364d80f43c126c97432c65cc5707658,8990a002c0a888cec518799b3c75029b0536557fb43097a8ebf23117e094f1b3,refine,first_q1_minus_20mV,-500.0,
t0__b1p1__L1__dv110p0__h1250p0__pm500p0__67416b7782b8090e60ea,1.1,L1,2,10,110.0,0.99,1.0,1250.0,1.0,-500.0,0.99,1.980535516e-09,2.295656907e-09,2.263930782e-09,5.161957802e-09,315.12139099999996,283.3952660000001,31.726124999999854,1.0999996634,1.0999996612,1.1,1.1,0.9999996939999999,0.9999996919999999,1,stable_high,1,3.5115786626262626e-06,1,,PASS,/home/zhupl25/chiplet_side_channel/chiplet_gds_data/power_macro/delay_chain/ftc/runs/t0_transient_droop/r283/scenarios/t0__b1p1__L1__dv110p0__h1250p0__pm500p0__67416b7782b8090e60ea,ebeb9ee9876cbf20f72a3b1a6a38703b145929b073da848f9ed1aab1e4dc1893,8990a002c0a888cec518799b3c75029b0536557fb43097a8ebf23117e094f1b3,refine,first_q1_minus_20mV,-500.0,
t0__b1p1__L1__dv110p0__h1125p0__pm500p0__8fcde3a9ca9c7716de51,1.1,L1,2,10,110.0,0.99,1.0,1125.0,1.0,-500.0,0.99,1.980535516e-09,2.269201048e-09,2.236426212e-09,5.161927142e-09,288.66553200000004,255.89069600000008,32.774835999999965,1.0999997173,1.0999996659,1.1,1.1,0.9999997429999999,0.9999996962727272,1,stable_high,1,3.5052397515151513e-06,1,,PASS,/home/zhupl25/chiplet_side_channel/chiplet_gds_data/power_macro/delay_chain/ftc/runs/t0_transient_droop/r284/scenarios/t0__b1p1__L1__dv110p0__h1125p0__pm500p0__8fcde3a9ca9c7716de51,9f0f7e9d8ea3d9af220ca937ecd619414749fe4504e85a6dbd31a7cccc351e6b,8990a002c0a888cec518799b3c75029b0536557fb43097a8ebf23117e094f1b3,refine,first_q1_minus_20mV,-500.0,
t0__b1p1__L1__dv110p0__h1062p0__pm500p0__5353880e8a147188c062,1.1,L1,2,10,110.0,0.99,1.0,1062.0,1.0,-500.0,0.99,1.980535516e-09,2.255859188e-09,2.234465276e-09,5.161978878e-09,275.32367200000016,253.92975999999993,21.393912000000228,1.0999996547,1.0999996566,1.1,1.1,0.999999686090909,0.9999996878181818,1,stable_high,1,2.6815489414141416e-06,1,,PASS,/home/zhupl25/chiplet_side_channel/chiplet_gds_data/power_macro/delay_chain/ftc/runs/t0_transient_droop/r285/scenarios/t0__b1p1__L1__dv110p0__h1062p0__pm500p0__5353880e8a147188c062,0559780ab012cdbffad3d27496d5d413fb524088d975ac0af8d5df6631fa4a7c,8990a002c0a888cec518799b3c75029b0536557fb43097a8ebf23117e094f1b3,refine,first_q1_minus_20mV,-500.0,
t0__b1p1__L1__dv110p0__h1031p0__pm500p0__9d2f15e2106a2c78f768,1.1,L1,2,10,110.0,0.99,1.0,1031.0,1.0,-500.0,0.99,1.980535516e-09,2.249204414e-09,2.230278018e-09,5.161985491e-09,268.66889799999984,249.74250199999986,18.926395999999983,1.0999996524,1.0999996673,1.1,1.1,0.9999996839999999,0.9999996975454546,1,stable_high,1,2.6109101545454545e-06,1,,PASS,/home/zhupl25/chiplet_side_channel/chiplet_gds_data/power_macro/delay_chain/ftc/runs/t0_transient_droop/r286/scenarios/t0__b1p1__L1__dv110p0__h1031p0__pm500p0__9d2f15e2106a2c78f768,7e94c9c5b90e4d571060d2efc1eab4ce7961722dff5b2189d596fc9a41948f4a,8990a002c0a888cec518799b3c75029b0536557fb43097a8ebf23117e094f1b3,refine,first_q1_minus_20mV,-500.0,
t0__b1p1__L1__dv110p0__h1016p0__pm500p0__0cdcceeefc6627d791cf,1.1,L1,2,10,110.0,0.99,1.0,1016.0,1.0,-500.0,0.99,1.980535516e-09,2.24594689e-09,2.228106405e-09,5.161819001e-09,265.4113740000001,247.5708890000001,17.840484999999973,1.503283376e-07,1.360948379e-07,1.1,1.1,1.3666212509090907e-07,1.237225799090909e-07,0,stable_low,1,2.5206630545454544e-06,1,,PASS,/home/zhupl25/chiplet_side_channel/chiplet_gds_data/power_macro/delay_chain/ftc/runs/t0_transient_droop/r287/scenarios/t0__b1p1__L1__dv110p0__h1016p0__pm500p0__0cdcceeefc6627d791cf,de41f6a98f5c209541c1118ffcaab12c86b0697b6dde6f5e7e20809ce89a50e0,8990a002c0a888cec518799b3c75029b0536557fb43097a8ebf23117e094f1b3,refine,first_q1_minus_20mV,-500.0,
t0__b1p1__L2__dv130p0__h1p0__pm500p0__8e1f0193222eb009a5d9,1.1,L2,3,8,130.0,0.97,1.0,1.0,1.0,-500.0,0.97,1.896899885e-09,2.136524081e-09,2.158149191e-09,5.18063696e-09,239.62419599999996,261.24930599999993,-21.625109999999978,1.694137399e-07,1.690603469e-07,1.1,1.1,1.540124908181818e-07,1.5369122445454545e-07,0,stable_low,1,2.5022985793814433e-06,1,,PASS,/home/zhupl25/chiplet_side_channel/chiplet_gds_data/power_macro/delay_chain/ftc/runs/t0_transient_droop/r288/scenarios/t0__b1p1__L2__dv130p0__h1p0__pm500p0__8e1f0193222eb009a5d9,36885912aa2dde68d86671a2dbd7ec05fd50f1a029d21d232bcfe13fd316e606,8990a002c0a888cec518799b3c75029b0536557fb43097a8ebf23117e094f1b3,coarse,last_q0_control,-500.0,
t0__b1p1__L2__dv130p0__h10p0__pm500p0__e13abf59e33542eab020,1.1,L2,3,8,130.0,0.97,1.0,10.0,1.0,-500.0,0.97,1.896830609e-09,2.136737723e-09,2.157931008e-09,5.181030893e-09,239.90711400000018,261.10039900000027,-21.19328500000009,4.534430083e-07,9.318065114e-08,1.1,1.1,4.122209166363636e-07,8.470968285454545e-08,0,stable_low,1,2.5069234134020618e-06,1,,PASS,/home/zhupl25/chiplet_side_channel/chiplet_gds_data/power_macro/delay_chain/ftc/runs/t0_transient_droop/r289/scenarios/t0__b1p1__L2__dv130p0__h10p0__pm500p0__e13abf59e33542eab020,91a70357077947fa1450a92098a5e00a78e94f9e3efe8a2606fa6b20b06fd417,8990a002c0a888cec518799b3c75029b0536557fb43097a8ebf23117e094f1b3,coarse,last_q0_control,-500.0,
t0__b1p1__L2__dv130p0__h100p0__pm500p0__09611344164ed5fde09c,1.1,L2,3,8,130.0,0.97,1.0,100.0,1.0,-500.0,0.97,1.896657872e-09,2.136104751e-09,2.157789975e-09,5.180865302e-09,239.44687900000005,261.1321029999998,-21.68522399999975,-1.88952604e-07,-1.852124586e-07,1.1,1.1,-1.7177509454545453e-07,-1.6837496236363634e-07,0,stable_low,1,2.90326236185567e-06,1,,PASS,/home/zhupl25/chiplet_side_channel/chiplet_gds_data/power_macro/delay_chain/ftc/runs/t0_transient_droop/r290/scenarios/t0__b1p1__L2__dv130p0__h100p0__pm500p0__09611344164ed5fde09c,5e98606aafa48410b66136fcedd782ade8c137c80f5bf9b32a249f988317af5f,8990a002c0a888cec518799b3c75029b0536557fb43097a8ebf23117e094f1b3,coarse,last_q0_control,-500.0,
t0__b1p1__L2__dv130p0__h1000p0__pm500p0__b45903473de785ebeb54,1.1,L2,3,8,130.0,0.97,1.0,1000.0,1.0,-500.0,0.97,1.998262497e-09,2.262210792e-09,2.259130662e-09,5.180794094e-09,263.9482950000001,260.86816500000015,3.08012999999994,6.047661791e-08,-1.913168307e-07,1.1,1.1,5.4978743554545456e-08,-1.7392439154545452e-07,0,stable_low,1,2.073432025773196e-06,1,,PASS,/home/zhupl25/chiplet_side_channel/chiplet_gds_data/power_macro/delay_chain/ftc/runs/t0_transient_droop/r291/scenarios/t0__b1p1__L2__dv130p0__h1000p0__pm500p0__b45903473de785ebeb54,c1b5123701225181b1ab269d37a1054c7235446a4d798a83b5e513fc3800062f,8990a002c0a888cec518799b3c75029b0536557fb43097a8ebf23117e094f1b3,coarse,last_q0_control,-500.0,
t0__b1p1__L2__dv130p0__h3000p0__pm500p0__8376c41035edb33e7ce3,1.1,L2,3,8,130.0,0.97,1.0,3000.0,1.0,-500.0,0.97,2.000878288e-09,2.355079333e-09,2.319843915e-09,5.181024817e-09,354.20104499999985,318.9656269999999,35.235417999999925,4.045706462e-08,-2.729847905e-07,0.97,0.97,4.170831404123712e-08,-2.81427619072165e-07,0,stable_low,1,2.3913947536082476e-06,1,,PASS,/home/zhupl25/chiplet_side_channel/chiplet_gds_data/power_macro/delay_chain/ftc/runs/t0_transient_droop/r292/scenarios/t0__b1p1__L2__dv130p0__h3000p0__pm500p0__8376c41035edb33e7ce3,0dee0fa9361626b5a658f71cb2788d26855dd12d60437080399fdd49f921097e,8990a002c0a888cec518799b3c75029b0536557fb43097a8ebf23117e094f1b3,coarse,last_q0_control,-500.0,
t0__b1p1__L2__dv140p0__h1p0__pm500p0__48e8ed5c8e37c9579161,1.1,L2,3,8,140.0,0.96,1.0,1.0,1.0,-500.0,0.96,1.896899888e-09,2.13652408e-09,2.158149194e-09,5.180716518e-09,239.62419199999977,261.24930599999993,-21.625114000000167,1.694136511e-07,1.690602786e-07,1.1,1.1,1.5401241009090908e-07,1.5369116236363635e-07,0,stable_low,1,3.0795604e-06,1,,PASS,/home/zhupl25/chiplet_side_channel/chiplet_gds_data/power_macro/delay_chain/ftc/runs/t0_transient_droop/r293/scenarios/t0__b1p1__L2__dv140p0__h1p0__pm500p0__48e8ed5c8e37c9579161,5b445d090d8c21ba5c156ced932d3bcbdc433d24184753313c19d308d5f4c950,8990a002c0a888cec518799b3c75029b0536557fb43097a8ebf23117e094f1b3,coarse,first_q1_anchor,-500.0,
t0__b1p1__L2__dv140p0__h10p0__pm500p0__114f658705cf1e1a41ca,1.1,L2,3,8,140.0,0.96,1.0,10.0,1.0,-500.0,0.96,1.896831702e-09,2.136502367e-09,2.158008926e-09,5.181051446e-09,239.67066500000024,261.1772239999999,-21.50655899999967,-2.124977199e-07,-5.621537817e-08,1.1,1.1,-1.9317974536363634e-07,-5.1104889245454545e-08,0,stable_low,1,3.2972984885416668e-06,1,,PASS,/home/zhupl25/chiplet_side_channel/chiplet_gds_data/power_macro/delay_chain/ftc/runs/t0_transient_droop/r294/scenarios/t0__b1p1__L2__dv140p0__h10p0__pm500p0__114f658705cf1e1a41ca,b32d4439fb4d463be35621b49d1576badbea3e50007b032c47daf83190f54068,8990a002c0a888cec518799b3c75029b0536557fb43097a8ebf23117e094f1b3,coarse,first_q1_anchor,-500.0,
t0__b1p1__L2__dv140p0__h100p0__pm500p0__2e385b382ab8623e5bfa,1.1,L2,3,8,140.0,0.96,1.0,100.0,1.0,-500.0,0.96,1.896888441e-09,2.136534437e-09,2.15809493e-09,5.180920708e-09,239.64599600000028,261.2064890000003,-21.560493000000037,-9.989462658e-07,-9.03248884e-07,1.1,1.1,-9.081329689090909e-07,-8.211353490909089e-07,0,stable_low,1,2.1017396802083333e-06,1,,PASS,/home/zhupl25/chiplet_side_channel/chiplet_gds_data/power_macro/delay_chain/ftc/runs/t0_transient_droop/r295/scenarios/t0__b1p1__L2__dv140p0__h100p0__pm500p0__2e385b382ab8623e5bfa,c316ffd6a4c7318d3f67e39af2d4a8dc1ae17b7c4caac8889322ff7d24c5822f,8990a002c0a888cec518799b3c75029b0536557fb43097a8ebf23117e094f1b3,coarse,first_q1_anchor,-500.0,
t0__b1p1__L2__dv140p0__h1000p0__pm500p0__63e8993bc9a25793c6e8,1.1,L2,3,8,140.0,0.96,1.0,1000.0,1.0,-500.0,0.96,2.004852056e-09,2.272353789e-09,2.265907436e-09,5.180884833e-09,267.50173299999983,261.05538,6.446352999999817,6.957957308e-07,1.329327258e-07,1.1,1.1,6.325415734545454e-07,1.2084793254545456e-07,0,stable_low,1,2.9071210145833337e-06,1,,PASS,/home/zhupl25/chiplet_side_channel/chiplet_gds_data/power_macro/delay_chain/ftc/runs/t0_transient_droop/r296/scenarios/t0__b1p1__L2__dv140p0__h1000p0__pm500p0__63e8993bc9a25793c6e8,ddd712cc9d8429192f6485c11f2c4f79ee73cae84042c5ea07855c7bd348e995,8990a002c0a888cec518799b3c75029b0536557fb43097a8ebf23117e094f1b3,coarse,first_q1_anchor,-500.0,
t0__b1p1__L2__dv140p0__h3000p0__pm500p0__d0574d06d44b879f15ae,1.1,L2,3,8,140.0,0.96,1.0,3000.0,1.0,-500.0,0.96,2.011327428e-09,2.378783857e-09,2.336248153e-09,5.181176592e-09,367.4564290000002,324.92072499999995,42.53570400000024,0.9599995002,0.9600000084,0.96,0.96,0.9999994793750001,1.00000000875,1,stable_high,1,1.8071492250000002e-06,1,,PASS,/home/zhupl25/chiplet_side_channel/chiplet_gds_data/power_macro/delay_chain/ftc/runs/t0_transient_droop/r297/scenarios/t0__b1p1__L2__dv140p0__h3000p0__pm500p0__d0574d06d44b879f15ae,fc7fa01f6a308bdb401a54c801e0546149b3ff57576985cf04482c72cb2c853a,8990a002c0a888cec518799b3c75029b0536557fb43097a8ebf23117e094f1b3,coarse,first_q1_anchor,-500.0,
t0__b1p1__L2__dv140p0__h2000p0__pm500p0__c8ed0502a35f41007d8d,1.1,L2,3,8,140.0,0.96,1.0,2000.0,1.0,-500.0,0.96,2.011327428e-09,2.378783857e-09,2.336248153e-09,5.180969557e-09,367.4564290000002,324.92072499999995,42.53570400000024,1.1000166117,1.099995782,1.1,1.1,1.0000151015454546,0.9999961654545453,1,stable_high,1,1.954520525e-06,1,,PASS,/home/zhupl25/chiplet_side_channel/chiplet_gds_data/power_macro/delay_chain/ftc/runs/t0_transient_droop/r298/scenarios/t0__b1p1__L2__dv140p0__h2000p0__pm500p0__c8ed0502a35f41007d8d,941f31fc2a8937544a0b5162c6a4f5d22fb97f1b086bd607ce82c68f8f49f252,8990a002c0a888cec518799b3c75029b0536557fb43097a8ebf23117e094f1b3,refine,first_q1_anchor,-500.0,
t0__b1p1__L2__dv140p0__h1500p0__pm500p0__a9e53b5f22f203d44a56,1.1,L2,3,8,140.0,0.96,1.0,1500.0,1.0,-500.0,0.96,2.011327428e-09,2.378783857e-09,2.336248153e-09,5.180959527e-09,367.4564290000002,324.92072499999995,42.53570400000024,1.0999997314,1.0999995912,1.1,1.1,0.9999997558181818,0.9999996283636363,1,stable_high,1,1.9648682885416667e-06,1,,PASS,/home/zhupl25/chiplet_side_channel/chiplet_gds_data/power_macro/delay_chain/ftc/runs/t0_transient_droop/r299/scenarios/t0__b1p1__L2__dv140p0__h1500p0__pm500p0__a9e53b5f22f203d44a56,44ce262fdd270e0a63cf0c87faaa4005c29e98b9e45e38ccdf4e15361058a637,8990a002c0a888cec518799b3c75029b0536557fb43097a8ebf23117e094f1b3,refine,first_q1_anchor,-500.0,
t0__b1p1__L2__dv140p0__h1250p0__pm500p0__d08eed1fdfb0c301c067,1.1,L2,3,8,140.0,0.96,1.0,1250.0,1.0,-500.0,0.96,2.011327428e-09,2.340476117e-09,2.315496428e-09,5.181005028e-09,329.1486889999999,304.16899999999987,24.979689000000008,1.0999997569,1.0999995858,1.1,1.1,0.9999997789999999,0.9999996234545454,1,stable_high,1,2.8262279708333336e-06,1,,PASS,/home/zhupl25/chiplet_side_channel/chiplet_gds_data/power_macro/delay_chain/ftc/runs/t0_transient_droop/r300/scenarios/t0__b1p1__L2__dv140p0__h1250p0__pm500p0__d08eed1fdfb0c301c067,9afe9d0586fc1eceb6bf634f6dbe1bfbeafe55e08442dd8beeff66ad82c4ed7c,8990a002c0a888cec518799b3c75029b0536557fb43097a8ebf23117e094f1b3,refine,first_q1_anchor,-500.0,
t0__b1p1__L2__dv140p0__h1125p0__pm500p0__d37cac5f7abb2baa2648,1.1,L2,3,8,140.0,0.96,1.0,1125.0,1.0,-500.0,0.96,2.011327428e-09,2.306233226e-09,2.296172537e-09,5.180915087e-09,294.9057980000002,284.8451090000001,10.060689000000082,7.425646929e-08,-2.412590854e-07,1.1,1.1,6.750588117272726e-08,-2.1932644127272724e-07,0,stable_low,1,2.102782965625e-06,1,,PASS,/home/zhupl25/chiplet_side_channel/chiplet_gds_data/power_macro/delay_chain/ftc/runs/t0_transient_droop/r301/scenarios/t0__b1p1__L2__dv140p0__h1125p0__pm500p0__d37cac5f7abb2baa2648,60a2d1e0948ef1e743d9fb3275eb666c582ffd34a44352eef26f47eb5c2d28cc,8990a002c0a888cec518799b3c75029b0536557fb43097a8ebf23117e094f1b3,refine,first_q1_anchor,-500.0,
t0__b1p1__L2__dv140p0__h1188p0__pm500p0__e2fed6ee70a144fb2ff8,1.1,L2,3,8,140.0,0.96,1.0,1188.0,1.0,-500.0,0.96,2.011327428e-09,2.32372663e-09,2.304156052e-09,5.181005214e-09,312.3992019999999,292.82862399999993,19.570577999999955,1.0999997459,1.0999995948,1.1,1.1,0.9999997689999999,0.9999996316363636,1,stable_high,1,2.832988085416667e-06,1,,PASS,/home/zhupl25/chiplet_side_channel/chiplet_gds_data/power_macro/delay_chain/ftc/runs/t0_transient_droop/r302/scenarios/t0__b1p1__L2__dv140p0__h1188p0__pm500p0__e2fed6ee70a144fb2ff8,47dc9160b687d059f1b4881883b0d0cf13bc20c7c9c01fae45106dd2106f1f05,8990a002c0a888cec518799b3c75029b0536557fb43097a8ebf23117e094f1b3,refine,first_q1_anchor,-500.0,
t0__b1p1__L2__dv140p0__h1156p0__pm500p0__bc1708c724dfdb4ea7d9,1.1,L2,3,8,140.0,0.96,1.0,1156.0,1.0,-500.0,0.96,2.011327428e-09,2.314799035e-09,2.30168087e-09,5.181109649e-09,303.4716069999999,290.35344199999986,13.118165000000033,-1.081369836e-06,-9.075209598e-07,1.1,1.1,-9.830634872727272e-07,-8.250190543636362e-07,0,stable_low,1,2.3154727385416667e-06,1,,PASS,/home/zhupl25/chiplet_side_channel/chiplet_gds_data/power_macro/delay_chain/ftc/runs/t0_transient_droop/r303/scenarios/t0__b1p1__L2__dv140p0__h1156p0__pm500p0__bc1708c724dfdb4ea7d9,a07674440a4e061bed18fbab144c5604f09c747f1f14951159b0fcd8bfc4aa18,8990a002c0a888cec518799b3c75029b0536557fb43097a8ebf23117e094f1b3,refine,first_q1_anchor,-500.0,
t0__b1p1__L2__dv140p0__h1172p0__pm500p0__20e44d61d23923e3ca21,1.1,L2,3,8,140.0,0.96,1.0,1172.0,1.0,-500.0,0.96,2.011327428e-09,2.319163504e-09,2.303374923e-09,5.181223407e-09,307.83607600000016,292.04749500000014,15.788581000000022,-9.488339012e-08,6.934329855e-09,1.1,1.1,-8.625762738181818e-08,6.3039362318181815e-09,0,stable_low,1,1.6878354177083334e-06,1,,PASS,/home/zhupl25/chiplet_side_channel/chiplet_gds_data/power_macro/delay_chain/ftc/runs/t0_transient_droop/r304/scenarios/t0__b1p1__L2__dv140p0__h1172p0__pm500p0__20e44d61d23923e3ca21,4ff9032a658e87d697d53402ca5309162fba14ce19763972e9a8f73a4da8d873,8990a002c0a888cec518799b3c75029b0536557fb43097a8ebf23117e094f1b3,refine,first_q1_anchor,-500.0,
t0__b1p1__L2__dv150p0__h1p0__pm500p0__0e5aa5913f6f6c098aa3,1.1,L2,3,8,150.0,0.95,1.0,1.0,1.0,-500.0,0.95,1.896741176e-09,2.136502361e-09,2.157851e-09,5.181107733e-09,239.7611850000002,261.10982399999995,-21.348638999999736,-1.167669787e-06,-1.206501721e-07,1.1,1.1,-1.0615179881818181e-06,-1.0968197463636362e-07,0,stable_low,1,2.667137205263158e-06,1,,PASS,/home/zhupl25/chiplet_side_channel/chiplet_gds_data/power_macro/delay_chain/ftc/runs/t0_transient_droop/r305/scenarios/t0__b1p1__L2__dv150p0__h1p0__pm500p0__0e5aa5913f6f6c098aa3,59a774af414c087f3cd84b3e0c340d755955cdfad953975fccd3bf3bba55be73,8990a002c0a888cec518799b3c75029b0536557fb43097a8ebf23117e094f1b3,coarse,first_q1_minus_10mV,-500.0,
t0__b1p1__L2__dv150p0__h10p0__pm500p0__8a803d8101fa5926272d,1.1,L2,3,8,150.0,0.95,1.0,10.0,1.0,-500.0,0.95,1.896831705e-09,2.136502368e-09,2.158008954e-09,5.181051447e-09,239.67066299999993,261.1772489999999,-21.50658599999997,-2.124923635e-07,-5.621334763e-08,1.1,1.1,-1.9317487590909087e-07,-5.11030433e-08,0,stable_low,1,3.3318369410526317e-06,1,,PASS,/home/zhupl25/chiplet_side_channel/chiplet_gds_data/power_macro/delay_chain/ftc/runs/t0_transient_droop/r306/scenarios/t0__b1p1__L2__dv150p0__h10p0__pm500p0__8a803d8101fa5926272d,c0acf79542555a070aa1b9f149ff276de619c7b159a4e247cf4cc52a550f9e89,8990a002c0a888cec518799b3c75029b0536557fb43097a8ebf23117e094f1b3,coarse,first_q1_minus_10mV,-500.0,
t0__b1p1__L2__dv150p0__h100p0__pm500p0__667ea8dfc53ea03aada8,1.1,L2,3,8,150.0,0.95,1.0,100.0,1.0,-500.0,0.95,1.896722687e-09,2.136499822e-09,2.157872237e-09,5.180802348e-09,239.77713499999993,261.1495499999999,-21.37241499999999,-1.440369469e-08,5.525398104e-09,1.1,1.1,-1.3094267899999999e-08,5.023089185454545e-09,0,stable_low,1,2.2199656010526316e-06,1,,PASS,/home/zhupl25/chiplet_side_channel/chiplet_gds_data/power_macro/delay_chain/ftc/runs/t0_transient_droop/r307/scenarios/t0__b1p1__L2__dv150p0__h100p0__pm500p0__667ea8dfc53ea03aada8,30ef960cd9df5986675a099a4c83f74b21c5eb004b6dc7cc13156f2351f124c6,8990a002c0a888cec518799b3c75029b0536557fb43097a8ebf23117e094f1b3,coarse,first_q1_minus_10mV,-500.0,
t0__b1p1__L2__dv150p0__h1000p0__pm500p0__aa29cf368e8266e1af82,1.1,L2,3,8,150.0,0.95,1.0,1000.0,1.0,-500.0,0.95,2.011664519e-09,2.282056815e-09,2.272920627e-09,5.180523461e-09,270.39229599999965,261.2561079999999,9.13618799999972,1.437640904e-07,1.03971838e-07,1.1,1.1,1.3069462763636364e-07,9.451985272727271e-08,0,stable_low,1,2.8747428242105268e-06,1,,PASS,/home/zhupl25/chiplet_side_channel/chiplet_gds_data/power_macro/delay_chain/ftc/runs/t0_transient_droop/r308/scenarios/t0__b1p1__L2__dv150p0__h1000p0__pm500p0__aa29cf368e8266e1af82,96d44ffef7d31e556d52f9838c7ae38e9bc40bb9c5c11c486eb7d555c3f0eca0,8990a002c0a888cec518799b3c75029b0536557fb43097a8ebf23117e094f1b3,coarse,first_q1_minus_10mV,-500.0,
t0__b1p1__L2__dv150p0__h3000p0__pm500p0__61d4ad2fc98512ea7be8,1.1,L2,3,8,150.0,0.95,1.0,3000.0,1.0,-500.0,0.95,2.022217706e-09,2.403670269e-09,2.353284983e-09,5.181039114e-09,381.452563,331.06727700000005,50.38528599999995,0.9499997149,0.9499996808,0.95,0.95,0.9999996998947369,0.9999996640000001,1,stable_high,1,1.4056228494736842e-06,1,,PASS,/home/zhupl25/chiplet_side_channel/chiplet_gds_data/power_macro/delay_chain/ftc/runs/t0_transient_droop/r309/scenarios/t0__b1p1__L2__dv150p0__h3000p0__pm500p0__61d4ad2fc98512ea7be8,bce6efdf0c6e7f130addb50efd8e05f3ddab821a67df52b5949eb21f999acd32,8990a002c0a888cec518799b3c75029b0536557fb43097a8ebf23117e094f1b3,coarse,first_q1_minus_10mV,-500.0,
t0__b1p1__L2__dv150p0__h2000p0__pm500p0__e3f28911e5c7288e4656,1.1,L2,3,8,150.0,0.95,1.0,2000.0,1.0,-500.0,0.95,2.022217706e-09,2.403670269e-09,2.353284983e-09,5.180910771e-09,381.452563,331.06727700000005,50.38528599999995,1.1000141209,1.0999852055,1.1,1.1,1.0000128371818182,0.9999865504545453,1,stable_high,1,2.8838545284210527e-06,1,,PASS,/home/zhupl25/chiplet_side_channel/chiplet_gds_data/power_macro/delay_chain/ftc/runs/t0_transient_droop/r310/scenarios/t0__b1p1__L2__dv150p0__h2000p0__pm500p0__e3f28911e5c7288e4656,9b2f35488468bafe9adc9c52dd53d6f574ce623525fadfcb2b478a439f66ea6a,8990a002c0a888cec518799b3c75029b0536557fb43097a8ebf23117e094f1b3,refine,first_q1_minus_10mV,-500.0,
t0__b1p1__L2__dv150p0__h1500p0__pm500p0__4127eb3a0aec1d859544,1.1,L2,3,8,150.0,0.95,1.0,1500.0,1.0,-500.0,0.95,2.022217706e-09,2.403670269e-09,2.353284983e-09,5.180883468e-09,381.452563,331.06727700000005,50.38528599999995,1.0999995997,1.09999963,1.1,1.1,0.999999636090909,0.9999996636363635,1,stable_high,1,3.175339077894737e-06,1,,PASS,/home/zhupl25/chiplet_side_channel/chiplet_gds_data/power_macro/delay_chain/ftc/runs/t0_transient_droop/r311/scenarios/t0__b1p1__L2__dv150p0__h1500p0__pm500p0__4127eb3a0aec1d859544,fe1e740cafc828aae3193852c174fad06d453dbb2c30eb605ec29db665adecf6,8990a002c0a888cec518799b3c75029b0536557fb43097a8ebf23117e094f1b3,refine,first_q1_minus_10mV,-500.0,
t0__b1p1__L2__dv150p0__h1250p0__pm500p0__fce667881aca17a8c1c2,1.1,L2,3,8,150.0,0.95,1.0,1250.0,1.0,-500.0,0.95,2.022217706e-09,2.355273164e-09,2.326231581e-09,5.180844587e-09,333.05545800000027,304.01387500000004,29.04158300000023,1.0999996966,1.0999996041,1.1,1.1,0.9999997241818182,0.999999640090909,1,stable_high,1,3.1062449326315795e-06,1,,PASS,/home/zhupl25/chiplet_side_channel/chiplet_gds_data/power_macro/delay_chain/ftc/runs/t0_transient_droop/r312/scenarios/t0__b1p1__L2__dv150p0__h1250p0__pm500p0__fce667881aca17a8c1c2,61870104a673b648649b762e2fbb0c0951ec525711ca95314034d19c82f2baaf,8990a002c0a888cec518799b3c75029b0536557fb43097a8ebf23117e094f1b3,refine,first_q1_minus_10mV,-500.0,
t0__b1p1__L2__dv150p0__h1125p0__pm500p0__86022a2d6f802eeaf06a,1.1,L2,3,8,150.0,0.95,1.0,1125.0,1.0,-500.0,0.95,2.022217706e-09,2.318804459e-09,2.306429523e-09,5.180855372e-09,296.58675300000033,284.211817,12.374936000000332,1.23443185e-07,-1.416620141e-07,1.1,1.1,1.1222107727272727e-07,-1.2878364918181818e-07,0,stable_low,1,2.2031737652631583e-06,1,,PASS,/home/zhupl25/chiplet_side_channel/chiplet_gds_data/power_macro/delay_chain/ftc/runs/t0_transient_droop/r313/scenarios/t0__b1p1__L2__dv150p0__h1125p0__pm500p0__86022a2d6f802eeaf06a,b02279a32a2852d68c054b0057dbf5badad0a9cbe6f3c05da6f150b9825ed653,8990a002c0a888cec518799b3c75029b0536557fb43097a8ebf23117e094f1b3,refine,first_q1_minus_10mV,-500.0,
t0__b1p1__L2__dv150p0__h1188p0__pm500p0__ac1bf3da8592b8848d4b,1.1,L2,3,8,150.0,0.95,1.0,1188.0,1.0,-500.0,0.95,2.022217706e-09,2.337172182e-09,2.317492411e-09,5.180843909e-09,314.9544760000004,295.27470500000015,19.679771000000244,1.0999995085,1.0999996497,1.1,1.1,0.9999995531818181,0.9999996815454545,1,stable_high,1,2.467661613684211e-06,1,,PASS,/home/zhupl25/chiplet_side_channel/chiplet_gds_data/power_macro/delay_chain/ftc/runs/t0_transient_droop/r314/scenarios/t0__b1p1__L2__dv150p0__h1188p0__pm500p0__ac1bf3da8592b8848d4b,935c3e12acf0563c910602907b850bfc6a69b365b81377f26bd9d9dc7f0e563f,8990a002c0a888cec518799b3c75029b0536557fb43097a8ebf23117e094f1b3,refine,first_q1_minus_10mV,-500.0,
t0__b1p1__L2__dv150p0__h1156p0__pm500p0__bcfe96f694d27b78128d,1.1,L2,3,8,150.0,0.95,1.0,1156.0,1.0,-500.0,0.95,2.022217706e-09,2.327864602e-09,2.312953349e-09,5.180866232e-09,305.64689600000014,290.7356430000002,14.911252999999931,1.075349481e-07,-9.302665599e-08,1.1,1.1,9.775904372727271e-08,-8.456968726363636e-08,0,stable_low,1,2.204555455789474e-06,1,,PASS,/home/zhupl25/chiplet_side_channel/chiplet_gds_data/power_macro/delay_chain/ftc/runs/t0_transient_droop/r315/scenarios/t0__b1p1__L2__dv150p0__h1156p0__pm500p0__bcfe96f694d27b78128d,c6338f7045dee62ef7ab1aa06d2fbb117c77f2ab373aa8e4819dca70bf64797e,8990a002c0a888cec518799b3c75029b0536557fb43097a8ebf23117e094f1b3,refine,first_q1_minus_10mV,-500.0,
t0__b1p1__L2__dv150p0__h1172p0__pm500p0__bcb0e15164fff32870ef,1.1,L2,3,8,150.0,0.95,1.0,1172.0,1.0,-500.0,0.95,2.022217706e-09,2.332480156e-09,2.315718956e-09,5.180917716e-09,310.26245000000006,293.50125000000025,16.761199999999803,-1.775431751e-08,1.464767646e-07,1.1,1.1,-1.6140288645454544e-08,1.331606950909091e-07,0,stable_low,1,2.341336054736842e-06,1,,PASS,/home/zhupl25/chiplet_side_channel/chiplet_gds_data/power_macro/delay_chain/ftc/runs/t0_transient_droop/r316/scenarios/t0__b1p1__L2__dv150p0__h1172p0__pm500p0__bcb0e15164fff32870ef,438204e1e845054f0d0eefb56c0e14acbf7d4f4f92ba357bdbd9f68ad51cf53f,8990a002c0a888cec518799b3c75029b0536557fb43097a8ebf23117e094f1b3,refine,first_q1_minus_10mV,-500.0,
t0__b1p1__L2__dv160p0__h1p0__pm500p0__2735070b12665e79590d,1.1,L2,3,8,160.0,0.94,1.0,1.0,1.0,-500.0,0.94,1.896666846e-09,2.136225333e-09,2.157773993e-09,5.180883186e-09,239.558487,261.10714700000005,-21.54866000000004,-9.202425294e-08,1.385771795e-07,1.1,1.1,-8.365841176363636e-08,1.2597925409090907e-07,0,stable_low,1,3.2498793936170217e-06,1,,PASS,/home/zhupl25/chiplet_side_channel/chiplet_gds_data/power_macro/delay_chain/ftc/runs/t0_transient_droop/r317/scenarios/t0__b1p1__L2__dv160p0__h1p0__pm500p0__2735070b12665e79590d,fb4c17c9d1122e9fb5f8062b4f09f5c514b553ebc8639a0f404d9250c065a31e,8990a002c0a888cec518799b3c75029b0536557fb43097a8ebf23117e094f1b3,coarse,first_q1_minus_20mV,-500.0,
t0__b1p1__L2__dv160p0__h10p0__pm500p0__c5af97489ed03976f87a,1.1,L2,3,8,160.0,0.94,1.0,10.0,1.0,-500.0,0.94,1.896831706e-09,2.136502369e-09,2.158008958e-09,5.181051448e-09,239.67066299999993,261.17725199999995,-21.50658900000002,-2.124926424e-07,-5.621342639e-08,1.1,1.1,-1.9317512945454543e-07,-5.1103114899999996e-08,0,stable_low,1,3.3670861978723403e-06,1,,PASS,/home/zhupl25/chiplet_side_channel/chiplet_gds_data/power_macro/delay_chain/ftc/runs/t0_transient_droop/r318/scenarios/t0__b1p1__L2__dv160p0__h10p0__pm500p0__c5af97489ed03976f87a,401144df996b8b6b460c49c13d21a18fec9f9ce1885d54bbd596a81f71309270,8990a002c0a888cec518799b3c75029b0536557fb43097a8ebf23117e094f1b3,coarse,first_q1_minus_20mV,-500.0,
t0__b1p1__L2__dv160p0__h100p0__pm500p0__d0a302c3dc0b1621eb6b,1.1,L2,3,8,160.0,0.94,1.0,100.0,1.0,-500.0,0.94,1.896711103e-09,2.136635177e-09,2.157922889e-09,5.180875888e-09,239.92407400000005,261.2117859999999,-21.287711999999857,1.100485733e-07,1.014913184e-07,1.1,1.1,1.0004415754545455e-07,9.22648349090909e-08,0,stable_low,1,3.2342385914893616e-06,1,,PASS,/home/zhupl25/chiplet_side_channel/chiplet_gds_data/power_macro/delay_chain/ftc/runs/t0_transient_droop/r319/scenarios/t0__b1p1__L2__dv160p0__h100p0__pm500p0__d0a302c3dc0b1621eb6b,4b49aa2be81666e8e4f59509ab5c3a28eb432b38933aa16f3ce3372ab3e3ec3e,8990a002c0a888cec518799b3c75029b0536557fb43097a8ebf23117e094f1b3,coarse,first_q1_minus_20mV,-500.0,
t0__b1p1__L2__dv160p0__h1000p0__pm500p0__300a94a6d218308626b2,1.1,L2,3,8,160.0,0.94,1.0,1000.0,1.0,-500.0,0.94,2.019515513e-09,2.292468228e-09,2.280763925e-09,5.180992128e-09,272.9527149999998,261.24841199999975,11.704303000000039,1.065423165e-07,8.248901486e-08,1.1,1.1,9.685665136363635e-08,7.499001350909091e-08,0,stable_low,1,2.1931724276595745e-06,1,,PASS,/home/zhupl25/chiplet_side_channel/chiplet_gds_data/power_macro/delay_chain/ftc/runs/t0_transient_droop/r320/scenarios/t0__b1p1__L2__dv160p0__h1000p0__pm500p0__300a94a6d218308626b2,1d4f7552b860089d8bf47841e615f55cbc795ca392e68782ef91b416c014ac86,8990a002c0a888cec518799b3c75029b0536557fb43097a8ebf23117e094f1b3,coarse,first_q1_minus_20mV,-500.0,
t0__b1p1__L2__dv160p0__h3000p0__pm500p0__a036366bff928b0505a9,1.1,L2,3,8,160.0,0.94,1.0,3000.0,1.0,-500.0,0.94,2.033909039e-09,2.430419276e-09,2.371136787e-09,5.180923538e-09,396.5102369999997,337.2277479999999,59.28248899999977,0.9399997253,0.939999664,0.94,0.94,0.9999997077659575,0.9999996425531915,1,stable_high,1,1.5573731914893618e-06,1,,PASS,/home/zhupl25/chiplet_side_channel/chiplet_gds_data/power_macro/delay_chain/ftc/runs/t0_transient_droop/r321/scenarios/t0__b1p1__L2__dv160p0__h3000p0__pm500p0__a036366bff928b0505a9,c318403d4ca5759b3ed2de4ee21dbba52f3dbdd3112c85c7de720856dce9b2ba,8990a002c0a888cec518799b3c75029b0536557fb43097a8ebf23117e094f1b3,coarse,first_q1_minus_20mV,-500.0,
t0__b1p1__L2__dv160p0__h2000p0__pm500p0__a557649ad1677f40748c,1.1,L2,3,8,160.0,0.94,1.0,2000.0,1.0,-500.0,0.94,2.033909039e-09,2.430419276e-09,2.371136787e-09,5.181015092e-09,396.5102369999997,337.2277479999999,59.28248899999977,1.1000056167,1.0999848318,1.1,1.1,1.000005106090909,0.9999862107272727,1,stable_high,1,1.7832109085106386e-06,1,,PASS,/home/zhupl25/chiplet_side_channel/chiplet_gds_data/power_macro/delay_chain/ftc/runs/t0_transient_droop/r322/scenarios/t0__b1p1__L2__dv160p0__h2000p0__pm500p0__a557649ad1677f40748c,59613f2adae7ae597897e12a42747b91f9c437c96c34e00ca24a54a04a2c49d1,8990a002c0a888cec518799b3c75029b0536557fb43097a8ebf23117e094f1b3,refine,first_q1_minus_20mV,-500.0,
t0__b1p1__L2__dv160p0__h1500p0__pm500p0__b0ca5158b0c4aa41a141,1.1,L2,3,8,160.0,0.94,1.0,1500.0,1.0,-500.0,0.94,2.033909039e-09,2.430419276e-09,2.371136787e-09,5.180906536e-09,396.5102369999997,337.2277479999999,59.28248899999977,1.0999996108,1.0999996081,1.1,1.1,0.9999996461818181,0.9999996437272727,1,stable_high,1,3.223339870212766e-06,1,,PASS,/home/zhupl25/chiplet_side_channel/chiplet_gds_data/power_macro/delay_chain/ftc/runs/t0_transient_droop/r323/scenarios/t0__b1p1__L2__dv160p0__h1500p0__pm500p0__b0ca5158b0c4aa41a141,35ffdee14d0352e8d22218c15d58e38ea6ddba7570e0b32dfceb42da5eb41337,8990a002c0a888cec518799b3c75029b0536557fb43097a8ebf23117e094f1b3,refine,first_q1_minus_20mV,-500.0,
t0__b1p1__L2__dv160p0__h1250p0__pm500p0__fbce9da78e472fb4428e,1.1,L2,3,8,160.0,0.94,1.0,1250.0,1.0,-500.0,0.94,2.033909039e-09,2.370289604e-09,2.337032647e-09,5.180949783e-09,336.380565,303.12360799999993,33.25695700000006,1.0999997727,1.0999995713,1.1,1.1,0.9999997933636362,0.9999996102727271,1,stable_high,1,2.921931035106383e-06,1,,PASS,/home/zhupl25/chiplet_side_channel/chiplet_gds_data/power_macro/delay_chain/ftc/runs/t0_transient_droop/r324/scenarios/t0__b1p1__L2__dv160p0__h1250p0__pm500p0__fbce9da78e472fb4428e,ebf00f38a0eb9723671bc8911406da44d895a4e39b65ab0b2599c3d70527638e,8990a002c0a888cec518799b3c75029b0536557fb43097a8ebf23117e094f1b3,refine,first_q1_minus_20mV,-500.0,
t0__b1p1__L2__dv160p0__h1125p0__pm500p0__3b8feb7f100503401e10,1.1,L2,3,8,160.0,0.94,1.0,1125.0,1.0,-500.0,0.94,2.033909039e-09,2.331421997e-09,2.316783619e-09,5.181032654e-09,297.5129579999998,282.87458,14.638377999999818,2.453813513e-07,5.661268187e-08,1.1,1.1,2.230739557272727e-07,5.1466074427272723e-08,0,stable_low,1,2.2670413776595745e-06,1,,PASS,/home/zhupl25/chiplet_side_channel/chiplet_gds_data/power_macro/delay_chain/ftc/runs/t0_transient_droop/r325/scenarios/t0__b1p1__L2__dv160p0__h1125p0__pm500p0__3b8feb7f100503401e10,303eeda4f8eca681080affe6ae14f11653ef928c3cdc06248af873bdcd6465e0,8990a002c0a888cec518799b3c75029b0536557fb43097a8ebf23117e094f1b3,refine,first_q1_minus_20mV,-500.0,
t0__b1p1__L2__dv160p0__h1188p0__pm500p0__3af2e81b47fc008af1bb,1.1,L2,3,8,160.0,0.94,1.0,1188.0,1.0,-500.0,0.94,2.033909039e-09,2.350903228e-09,2.330362248e-09,5.180866751e-09,316.99418899999984,296.4532089999996,20.540980000000218,1.0999995223,1.0999996402,1.1,1.1,0.9999995657272728,0.9999996729090909,1,stable_high,1,2.355713746808511e-06,1,,PASS,/home/zhupl25/chiplet_side_channel/chiplet_gds_data/power_macro/delay_chain/ftc/runs/t0_transient_droop/r326/scenarios/t0__b1p1__L2__dv160p0__h1188p0__pm500p0__3af2e81b47fc008af1bb,2cd0f19ee6cc06c2f60c8a3b2d0abc0b62d7ba1f7c180a2c0bc9468c3e15c61e,8990a002c0a888cec518799b3c75029b0536557fb43097a8ebf23117e094f1b3,refine,first_q1_minus_20mV,-500.0,
t0__b1p1__L2__dv160p0__h1156p0__pm500p0__a31fbdc6fe4ffa508b08,1.1,L2,3,8,160.0,0.94,1.0,1156.0,1.0,-500.0,0.94,2.033909039e-09,2.341026243e-09,2.324301516e-09,5.180871536e-09,307.1172039999998,290.3924769999997,16.724727000000087,1.204932413e-07,1.734363237e-07,1.1,1.1,1.0953931027272727e-07,1.5766938518181816e-07,0,stable_low,1,2.101725655319149e-06,1,,PASS,/home/zhupl25/chiplet_side_channel/chiplet_gds_data/power_macro/delay_chain/ftc/runs/t0_transient_droop/r327/scenarios/t0__b1p1__L2__dv160p0__h1156p0__pm500p0__a31fbdc6fe4ffa508b08,8ce3d9ebe30d2f7c373866a96d666225e3dfa54b7b2471a9e80964b40389879f,8990a002c0a888cec518799b3c75029b0536557fb43097a8ebf23117e094f1b3,refine,first_q1_minus_20mV,-500.0,
t0__b1p1__L2__dv160p0__h1172p0__pm500p0__e7c979dff1215b5bc961,1.1,L2,3,8,160.0,0.94,1.0,1172.0,1.0,-500.0,0.94,2.033909039e-09,2.346196401e-09,2.327525665e-09,5.18109483e-09,312.2873619999997,293.61662599999994,18.67073599999975,1.0999995609,1.0999996391,1.1,1.1,0.9999996008181817,0.9999996719090908,1,stable_high,1,2.8397316521276594e-06,1,,PASS,/home/zhupl25/chiplet_side_channel/chiplet_gds_data/power_macro/delay_chain/ftc/runs/t0_transient_droop/r328/scenarios/t0__b1p1__L2__dv160p0__h1172p0__pm500p0__e7c979dff1215b5bc961,87e5abc53bafb40c211b7e8a04f316472cdeac9241d878fdfcf7d604a1b1648d,8990a002c0a888cec518799b3c75029b0536557fb43097a8ebf23117e094f1b3,refine,first_q1_minus_20mV,-500.0,
t0__b1p1__L3__dv160p0__h1p0__pm500p0__019977ef97d135aa17b3,1.1,L3,3,10,160.0,0.94,1.0,1.0,1.0,-500.0,0.94,1.896666846e-09,2.13622661e-09,2.172023676e-09,5.195588909e-09,239.5597640000003,275.35683000000034,-35.79706600000003,-4.14517497e-07,1.604814988e-08,1.1,1.1,-3.7683408818181814e-07,1.4589227163636362e-08,0,stable_low,1,4.123491145744682e-06,1,,PASS,/home/zhupl25/chiplet_side_channel/chiplet_gds_data/power_macro/delay_chain/ftc/runs/t0_transient_droop/r329/scenarios/t0__b1p1__L3__dv160p0__h1p0__pm500p0__019977ef97d135aa17b3,046ccc5dd3eb335accc9b67d0f61801d99df1113bf7d50cea1d932335e730919,8990a002c0a888cec518799b3c75029b0536557fb43097a8ebf23117e094f1b3,coarse,last_q0_control,-500.0,
t0__b1p1__L3__dv160p0__h10p0__pm500p0__87f011f554f9a4e295d0,1.1,L3,3,10,160.0,0.94,1.0,10.0,1.0,-500.0,0.94,1.896831706e-09,2.136503781e-09,2.172252622e-09,5.195136633e-09,239.6720749999997,275.42091600000003,-35.74884100000034,-2.580784707e-07,-1.913956858e-07,1.1,1.1,-2.3461679154545451e-07,-1.7399607799999998e-07,0,stable_low,1,3.363191644680851e-06,1,,PASS,/home/zhupl25/chiplet_side_channel/chiplet_gds_data/power_macro/delay_chain/ftc/runs/t0_transient_droop/r330/scenarios/t0__b1p1__L3__dv160p0__h10p0__pm500p0__87f011f554f9a4e295d0,6065223a8c690e859bd51d77eec6d02903e0487d0167b299a135a1e1425bb5c5,8990a002c0a888cec518799b3c75029b0536557fb43097a8ebf23117e094f1b3,coarse,last_q0_control,-500.0,
t0__b1p1__L3__dv160p0__h100p0__pm500p0__bba280a9c84d5283e72c,1.1,L3,3,10,160.0,0.94,1.0,100.0,1.0,-500.0,0.94,1.896708925e-09,2.136629321e-09,2.172161744e-09,5.194711571e-09,239.9203960000001,275.4528190000003,-35.53242300000022,1.368439033e-07,1.399146721e-07,1.1,1.1,1.2440354845454544e-07,1.2719515645454544e-07,0,stable_low,1,2.4864318638297875e-06,1,,PASS,/home/zhupl25/chiplet_side_channel/chiplet_gds_data/power_macro/delay_chain/ftc/runs/t0_transient_droop/r331/scenarios/t0__b1p1__L3__dv160p0__h100p0__pm500p0__bba280a9c84d5283e72c,c3cf7e417d6d243671f79f6b2136f2bd9159e69a261a457e3a0dd449b9d8cdd2,8990a002c0a888cec518799b3c75029b0536557fb43097a8ebf23117e094f1b3,coarse,last_q0_control,-500.0,
t0__b1p1__L3__dv160p0__h1000p0__pm500p0__0320495d76f596e55dd7,1.1,L3,3,10,160.0,0.94,1.0,1000.0,1.0,-500.0,0.94,2.020331512e-09,2.292234707e-09,2.295757536e-09,5.195265223e-09,271.90319500000015,275.426024,-3.522828999999831,1.950918777e-07,2.399281202e-07,1.1,1.1,1.7735625245454544e-07,2.181164729090909e-07,0,stable_low,1,2.553967476595745e-06,1,,PASS,/home/zhupl25/chiplet_side_channel/chiplet_gds_data/power_macro/delay_chain/ftc/runs/t0_transient_droop/r332/scenarios/t0__b1p1__L3__dv160p0__h1000p0__pm500p0__0320495d76f596e55dd7,670af9630ae775ce3180eda0075c5597b841d0fdc6d6478e40eedf4cc1a48a4f,8990a002c0a888cec518799b3c75029b0536557fb43097a8ebf23117e094f1b3,coarse,last_q0_control,-500.0,
t0__b1p1__L3__dv160p0__h3000p0__pm500p0__a35af2bbd0fac37535c5,1.1,L3,3,10,160.0,0.94,1.0,3000.0,1.0,-500.0,0.94,2.034781171e-09,2.430576945e-09,2.388998125e-09,5.194847567e-09,395.795774,354.2169540000001,41.578819999999894,-3.861628931e-07,-4.99707734e-07,0.94,0.94,-4.108115884042553e-07,-5.316039723404255e-07,0,stable_low,1,5.1729526053191495e-06,1,,PASS,/home/zhupl25/chiplet_side_channel/chiplet_gds_data/power_macro/delay_chain/ftc/runs/t0_transient_droop/r333/scenarios/t0__b1p1__L3__dv160p0__h3000p0__pm500p0__a35af2bbd0fac37535c5,4a9a8cbc3c2a73ae4ad221890fd06d23a801f5f72bf79fdbeddb602102ed1fad,8990a002c0a888cec518799b3c75029b0536557fb43097a8ebf23117e094f1b3,coarse,last_q0_control,-500.0,
t0__b1p1__L3__dv170p0__h1p0__pm500p0__f632fe5cab6a1d48a865,1.1,L3,3,10,170.0,0.93,1.0,1.0,1.0,-500.0,0.93,1.896774824e-09,2.136534148e-09,2.17219658e-09,5.195094704e-09,239.75932400000005,275.4217560000001,-35.662432000000024,1.433227958e-07,2.019127309e-07,1.1,1.1,1.302934507272727e-07,1.8355702809090908e-07,0,stable_low,1,4.021671327956989e-06,1,,PASS,/home/zhupl25/chiplet_side_channel/chiplet_gds_data/power_macro/delay_chain/ftc/runs/t0_transient_droop/r334/scenarios/t0__b1p1__L3__dv170p0__h1p0__pm500p0__f632fe5cab6a1d48a865,48584ca74a0e669aa09d384390d66c61ce02a3f72c3e14f2a6fe1a362c72a166,8990a002c0a888cec518799b3c75029b0536557fb43097a8ebf23117e094f1b3,coarse,first_q1_anchor,-500.0,
t0__b1p1__L3__dv170p0__h10p0__pm500p0__40a599b0772c45ae563e,1.1,L3,3,10,170.0,0.93,1.0,10.0,1.0,-500.0,0.93,1.896831705e-09,2.136503781e-09,2.172252616e-09,5.195136633e-09,239.67207599999983,275.42091100000016,-35.74883500000033,-2.580783144e-07,-1.913962181e-07,1.1,1.1,-2.3461664945454542e-07,-1.7399656190909088e-07,0,stable_low,1,3.3993550021505377e-06,1,,PASS,/home/zhupl25/chiplet_side_channel/chiplet_gds_data/power_macro/delay_chain/ftc/runs/t0_transient_droop/r335/scenarios/t0__b1p1__L3__dv170p0__h10p0__pm500p0__40a599b0772c45ae563e,05b6c5d5ec1cf7fceaa8849e5167a9321e3bb8f62712cf4740ce51b415672f48,8990a002c0a888cec518799b3c75029b0536557fb43097a8ebf23117e094f1b3,coarse,first_q1_anchor,-500.0,
t0__b1p1__L3__dv170p0__h100p0__pm500p0__303d2676dd1f723c28d9,1.1,L3,3,10,170.0,0.93,1.0,100.0,1.0,-500.0,0.93,1.896778736e-09,2.136342466e-09,2.172166309e-09,5.195237875e-09,239.56372999999982,275.387573,-35.82384300000015,4.919310661e-08,1.863524002e-07,1.1,1.1,4.47210060090909e-08,1.694112729090909e-07,0,stable_low,1,3.4996557021505374e-06,1,,PASS,/home/zhupl25/chiplet_side_channel/chiplet_gds_data/power_macro/delay_chain/ftc/runs/t0_transient_droop/r336/scenarios/t0__b1p1__L3__dv170p0__h100p0__pm500p0__303d2676dd1f723c28d9,b926f2dd999b68c31f3de3325f7c0fdc2e7777bc15215e16d8405ee86f5dd85b,8990a002c0a888cec518799b3c75029b0536557fb43097a8ebf23117e094f1b3,coarse,first_q1_anchor,-500.0,
t0__b1p1__L3__dv170p0__h1000p0__pm500p0__6c5e3a5786e3d02743da,1.1,L3,3,10,170.0,0.93,1.0,1000.0,1.0,-500.0,0.93,2.029007075e-09,2.302115198e-09,2.304356844e-09,5.195129228e-09,273.10812300000003,275.34976899999975,-2.2416459999997187,5.020131162e-08,-6.21500764e-08,1.1,1.1,4.563755601818181e-08,-5.650006945454545e-08,0,stable_low,1,3.590922275268817e-06,1,,PASS,/home/zhupl25/chiplet_side_channel/chiplet_gds_data/power_macro/delay_chain/ftc/runs/t0_transient_droop/r337/scenarios/t0__b1p1__L3__dv170p0__h1000p0__pm500p0__6c5e3a5786e3d02743da,84e264b9ad837eec4926fab30136af5f40b5ad0890a90a40f590f60b4916b56b,8990a002c0a888cec518799b3c75029b0536557fb43097a8ebf23117e094f1b3,coarse,first_q1_anchor,-500.0,
t0__b1p1__L3__dv170p0__h3000p0__pm500p0__1ca7812755bf63955994,1.1,L3,3,10,170.0,0.93,1.0,3000.0,1.0,-500.0,0.93,2.047064439e-09,2.459326744e-09,2.407735951e-09,5.194946672e-09,412.2623050000002,360.67151199999995,51.59079300000025,0.9299997705,0.9299996263,0.93,0.93,0.9999997532258065,0.999999598172043,1,stable_high,1,2.5321945129032256e-06,1,,PASS,/home/zhupl25/chiplet_side_channel/chiplet_gds_data/power_macro/delay_chain/ftc/runs/t0_transient_droop/r338/scenarios/t0__b1p1__L3__dv170p0__h3000p0__pm500p0__1ca7812755bf63955994,31686caa50be3cdb9ea4cb586dc711f18ea0a78e1253e9f6467b0d36089fd546,8990a002c0a888cec518799b3c75029b0536557fb43097a8ebf23117e094f1b3,coarse,first_q1_anchor,-500.0,
t0__b1p1__L3__dv170p0__h2000p0__pm500p0__620db27c146a022d9efe,1.1,L3,3,10,170.0,0.93,1.0,2000.0,1.0,-500.0,0.93,2.047064439e-09,2.459326744e-09,2.407735951e-09,5.195490846e-09,412.2623050000002,360.67151199999995,51.59079300000025,1.0999926476,1.0999947087,1.1,1.1,0.9999933159999999,0.9999951897272726,1,stable_high,1,3.6393593956989246e-06,1,,PASS,/home/zhupl25/chiplet_side_channel/chiplet_gds_data/power_macro/delay_chain/ftc/runs/t0_transient_droop/r339/scenarios/t0__b1p1__L3__dv170p0__h2000p0__pm500p0__620db27c146a022d9efe,65cd8e493824940f636ed36e89d363c8717dc064a6274d6929bcf8d356b74df1,8990a002c0a888cec518799b3c75029b0536557fb43097a8ebf23117e094f1b3,refine,first_q1_anchor,-500.0,
t0__b1p1__L3__dv170p0__h1500p0__pm500p0__41756d3cb88f225445fe,1.1,L3,3,10,170.0,0.93,1.0,1500.0,1.0,-500.0,0.93,2.047064439e-09,2.459326744e-09,2.407735951e-09,5.195121697e-09,412.2623050000002,360.67151199999995,51.59079300000025,1.0999996836,1.0999995496,1.1,1.1,0.9999997123636362,0.9999995905454544,1,stable_high,1,2.412195631182796e-06,1,,PASS,/home/zhupl25/chiplet_side_channel/chiplet_gds_data/power_macro/delay_chain/ftc/runs/t0_transient_droop/r340/scenarios/t0__b1p1__L3__dv170p0__h1500p0__pm500p0__41756d3cb88f225445fe,7e0eebe3f5d332dfcb757b10d88a7c7aa3e36da42a104ee45a3a9333937257a7,8990a002c0a888cec518799b3c75029b0536557fb43097a8ebf23117e094f1b3,refine,first_q1_anchor,-500.0,
t0__b1p1__L3__dv170p0__h1250p0__pm500p0__08db08e67364591e8230,1.1,L3,3,10,170.0,0.93,1.0,1250.0,1.0,-500.0,0.93,2.047064439e-09,2.385728531e-09,2.361241909e-09,5.195381644e-09,338.66409199999987,314.17746999999997,24.486621999999898,1.0999996793,1.0999996655,1.1,1.1,0.9999997084545453,0.9999996959090908,1,stable_high,1,4.056375044086022e-06,1,,PASS,/home/zhupl25/chiplet_side_channel/chiplet_gds_data/power_macro/delay_chain/ftc/runs/t0_transient_droop/r341/scenarios/t0__b1p1__L3__dv170p0__h1250p0__pm500p0__08db08e67364591e8230,03a9b715769e48f7f732499673256ccc4cef3d8fa989356c8694b908d0b4c3bb,8990a002c0a888cec518799b3c75029b0536557fb43097a8ebf23117e094f1b3,refine,first_q1_anchor,-500.0,
t0__b1p1__L3__dv170p0__h1125p0__pm500p0__b337b3e9b219d2ee7c61,1.1,L3,3,10,170.0,0.93,1.0,1125.0,1.0,-500.0,0.93,2.047064439e-09,2.343902103e-09,2.341776996e-09,5.195096719e-09,296.8376640000001,294.7125569999999,2.1251070000001846,-2.932082682e-07,-1.018807632e-07,1.1,1.1,-2.665529710909091e-07,-9.261887563636362e-08,0,stable_low,1,2.594921455913978e-06,1,,PASS,/home/zhupl25/chiplet_side_channel/chiplet_gds_data/power_macro/delay_chain/ftc/runs/t0_transient_droop/r342/scenarios/t0__b1p1__L3__dv170p0__h1125p0__pm500p0__b337b3e9b219d2ee7c61,8346cea68c92cc5dcaf44746ca7adcda5f923c2e44c8319f2c68b6afb03eb3bf,8990a002c0a888cec518799b3c75029b0536557fb43097a8ebf23117e094f1b3,refine,first_q1_anchor,-500.0,
t0__b1p1__L3__dv170p0__h1188p0__pm500p0__f4650a8492d134f480af,1.1,L3,3,10,170.0,0.93,1.0,1188.0,1.0,-500.0,0.93,2.047064439e-09,2.364878429e-09,2.356639006e-09,5.195589119e-09,317.81398999999993,309.57456700000006,8.239422999999874,3.368518015e-07,9.147971199e-08,1.1,1.1,3.0622891045454543e-07,8.316337453636364e-08,0,stable_low,1,4.168357373118279e-06,1,,PASS,/home/zhupl25/chiplet_side_channel/chiplet_gds_data/power_macro/delay_chain/ftc/runs/t0_transient_droop/r343/scenarios/t0__b1p1__L3__dv170p0__h1188p0__pm500p0__f4650a8492d134f480af,04afb5056bd185fb3418f6e5d7f5ee8682a506b66f915fcf021c42f44ef7e3f6,8990a002c0a888cec518799b3c75029b0536557fb43097a8ebf23117e094f1b3,refine,first_q1_anchor,-500.0,
t0__b1p1__L3__dv170p0__h1219p0__pm500p0__2a2ecf6c585c9992e701,1.1,L3,3,10,170.0,0.93,1.0,1219.0,1.0,-500.0,0.93,2.047064439e-09,2.375378431e-09,2.360925269e-09,5.195137638e-09,328.31399200000016,313.8608300000002,14.453161999999963,-1.920605758e-06,-1.792108237e-06,1.1,1.1,-1.7460052345454543e-06,-1.6291893063636363e-06,0,stable_low,1,3.3986431075268813e-06,1,,PASS,/home/zhupl25/chiplet_side_channel/chiplet_gds_data/power_macro/delay_chain/ftc/runs/t0_transient_droop/r344/scenarios/t0__b1p1__L3__dv170p0__h1219p0__pm500p0__2a2ecf6c585c9992e701,b122c2180bc611563d750f5748f502c9bdd00031b4b3d8582af6a5ffb2bf0bf7,8990a002c0a888cec518799b3c75029b0536557fb43097a8ebf23117e094f1b3,refine,first_q1_anchor,-500.0,
t0__b1p1__L3__dv170p0__h1234p0__pm500p0__db93c97f1e7b75899dfe,1.1,L3,3,10,170.0,0.93,1.0,1234.0,1.0,-500.0,0.93,2.047064439e-09,2.38027967e-09,2.361606759e-09,5.195088606e-09,333.215231,314.54232,18.672911,1.0999996383,1.0999996507,1.1,1.1,0.999999671181818,0.9999996824545454,1,stable_high,1,3.1648721548387095e-06,1,,PASS,/home/zhupl25/chiplet_side_channel/chiplet_gds_data/power_macro/delay_chain/ftc/runs/t0_transient_droop/r345/scenarios/t0__b1p1__L3__dv170p0__h1234p0__pm500p0__db93c97f1e7b75899dfe,51892accf4b81605fc0393527c11d6278228c47f73838bb81c6ad04e511d1277,8990a002c0a888cec518799b3c75029b0536557fb43097a8ebf23117e094f1b3,refine,first_q1_anchor,-500.0,
t0__b1p1__L3__dv180p0__h1p0__pm500p0__3b3dac20700a43c2c5e8,1.1,L3,3,10,180.0,0.92,1.0,1.0,1.0,-500.0,0.92,1.896734633e-09,2.136318818e-09,2.172190043e-09,5.195125641e-09,239.58418500000005,275.4554099999998,-35.871224999999754,-7.598718861e-08,-2.762684983e-09,1.1,1.1,-6.907926237272727e-08,-2.5115318027272725e-09,0,stable_low,1,4.030040068478261e-06,1,,PASS,/home/zhupl25/chiplet_side_channel/chiplet_gds_data/power_macro/delay_chain/ftc/runs/t0_transient_droop/r346/scenarios/t0__b1p1__L3__dv180p0__h1p0__pm500p0__3b3dac20700a43c2c5e8,7e9459f9471703d3fa617059400673520b0af3ae08e2f5b07b21aa9adac6fefc,8990a002c0a888cec518799b3c75029b0536557fb43097a8ebf23117e094f1b3,coarse,first_q1_minus_10mV,-500.0,
t0__b1p1__L3__dv180p0__h10p0__pm500p0__6fd69165057630a5e2cc,1.1,L3,3,10,180.0,0.92,1.0,10.0,1.0,-500.0,0.92,1.896831705e-09,2.136503781e-09,2.172252617e-09,5.195136633e-09,239.67207599999983,275.4209119999999,-35.74883600000004,-2.580783219e-07,-1.913961382e-07,1.1,1.1,-2.3461665627272728e-07,-1.7399648927272724e-07,0,stable_low,1,3.436304445652174e-06,1,,PASS,/home/zhupl25/chiplet_side_channel/chiplet_gds_data/power_macro/delay_chain/ftc/runs/t0_transient_droop/r347/scenarios/t0__b1p1__L3__dv180p0__h10p0__pm500p0__6fd69165057630a5e2cc,e58de551da33410110fa09ed26f069b9da5273e8460ac5c65b5aad3e605654db,8990a002c0a888cec518799b3c75029b0536557fb43097a8ebf23117e094f1b3,coarse,first_q1_minus_10mV,-500.0,
t0__b1p1__L3__dv180p0__h100p0__pm500p0__1cab01a58c96804d6214,1.1,L3,3,10,180.0,0.92,1.0,100.0,1.0,-500.0,0.92,1.896719093e-09,2.136345741e-09,2.172104497e-09,5.195588892e-09,239.62664800000022,275.38540400000016,-35.75875599999995,-4.165862676e-07,1.567393897e-08,1.1,1.1,-3.787147887272727e-07,1.4249035427272728e-08,0,stable_low,1,4.213137670652174e-06,1,,PASS,/home/zhupl25/chiplet_side_channel/chiplet_gds_data/power_macro/delay_chain/ftc/runs/t0_transient_droop/r348/scenarios/t0__b1p1__L3__dv180p0__h100p0__pm500p0__1cab01a58c96804d6214,3c1813a55c1a814e2efa0446319e8b83c5383c7b31bff96485c392b49d8ae962,8990a002c0a888cec518799b3c75029b0536557fb43097a8ebf23117e094f1b3,coarse,first_q1_minus_10mV,-500.0,
t0__b1p1__L3__dv180p0__h1000p0__pm500p0__1047a671ccec55bd7de3,1.1,L3,3,10,180.0,0.92,1.0,1000.0,1.0,-500.0,0.92,2.037176047e-09,2.312219073e-09,2.312619545e-09,5.194698021e-09,275.04302599999977,275.44349800000003,-0.4004720000002635,-5.198225096e-07,-3.868960731e-07,1.1,1.1,-4.725659178181818e-07,-3.517237028181818e-07,0,stable_low,1,2.6692433282608695e-06,1,,PASS,/home/zhupl25/chiplet_side_channel/chiplet_gds_data/power_macro/delay_chain/ftc/runs/t0_transient_droop/r349/scenarios/t0__b1p1__L3__dv180p0__h1000p0__pm500p0__1047a671ccec55bd7de3,ad826f09d02a1e934f7baad6b15a159b842818a240f1fcf6bee440c7351910fc,8990a002c0a888cec518799b3c75029b0536557fb43097a8ebf23117e094f1b3,coarse,first_q1_minus_10mV,-500.0,
t0__b1p1__L3__dv180p0__h3000p0__pm500p0__2398deac7f2fcbacb18b,1.1,L3,3,10,180.0,0.92,1.0,3000.0,1.0,-500.0,0.92,2.060209365e-09,2.48940287e-09,2.4289523e-09,5.194967636e-09,429.1935050000001,368.74293500000005,60.45057000000003,0.9199997904,0.9199995992,0.92,0.92,0.999999772173913,0.999999564347826,1,stable_high,1,2.5538462869565217e-06,1,,PASS,/home/zhupl25/chiplet_side_channel/chiplet_gds_data/power_macro/delay_chain/ftc/runs/t0_transient_droop/r350/scenarios/t0__b1p1__L3__dv180p0__h3000p0__pm500p0__2398deac7f2fcbacb18b,a1a3b83cdb64a79abbbf574390da8bca9f21f218dd78ff52be9b0c9201cd12a7,8990a002c0a888cec518799b3c75029b0536557fb43097a8ebf23117e094f1b3,coarse,first_q1_minus_10mV,-500.0,
t0__b1p1__L3__dv180p0__h2000p0__pm500p0__582769626449987ac221,1.1,L3,3,10,180.0,0.92,1.0,2000.0,1.0,-500.0,0.92,2.060209365e-09,2.48940287e-09,2.4289523e-09,5.194834577e-09,429.1935050000001,368.74293500000005,60.45057000000003,1.0999962639,1.1000068343,1.1,1.1,0.9999966035454545,1.000006213,1,stable_high,1,2.567974052173913e-06,1,,PASS,/home/zhupl25/chiplet_side_channel/chiplet_gds_data/power_macro/delay_chain/ftc/runs/t0_transient_droop/r351/scenarios/t0__b1p1__L3__dv180p0__h2000p0__pm500p0__582769626449987ac221,4ea67d589c5a0d35d25a187b50f50a313e723eb98b87bb31a10a11b05a0e2494,8990a002c0a888cec518799b3c75029b0536557fb43097a8ebf23117e094f1b3,refine,first_q1_minus_10mV,-500.0,
t0__b1p1__L3__dv180p0__h1500p0__pm500p0__2cbd7d7e81bae746e386,1.1,L3,3,10,180.0,0.92,1.0,1500.0,1.0,-500.0,0.92,2.060209365e-09,2.48940287e-09,2.4289523e-09,5.195104215e-09,429.1935050000001,368.74293500000005,60.45057000000003,1.0999997442,1.0999996089,1.1,1.1,0.9999997674545454,0.9999996444545453,1,stable_high,1,2.438506339130435e-06,1,,PASS,/home/zhupl25/chiplet_side_channel/chiplet_gds_data/power_macro/delay_chain/ftc/runs/t0_transient_droop/r352/scenarios/t0__b1p1__L3__dv180p0__h1500p0__pm500p0__2cbd7d7e81bae746e386,6a6c3dc69a4565e4099eea1c42873c45c7529cd54a31259df5a26dfba49f78de,8990a002c0a888cec518799b3c75029b0536557fb43097a8ebf23117e094f1b3,refine,first_q1_minus_10mV,-500.0,
t0__b1p1__L3__dv180p0__h1250p0__pm500p0__f833071ed5484629cbb5,1.1,L3,3,10,180.0,0.92,1.0,1250.0,1.0,-500.0,0.92,2.060209365e-09,2.400624073e-09,2.379317215e-09,5.195273858e-09,340.4147080000003,319.10785000000027,21.306858000000034,1.0999996448,1.0999996487,1.1,1.1,0.999999677090909,0.9999996806363637,1,stable_high,1,4.186010711956521e-06,1,,PASS,/home/zhupl25/chiplet_side_channel/chiplet_gds_data/power_macro/delay_chain/ftc/runs/t0_transient_droop/r353/scenarios/t0__b1p1__L3__dv180p0__h1250p0__pm500p0__f833071ed5484629cbb5,7f3cb95055b2814df25e477e9faced421c0c03337d46a23dace0b710d1d8e418,8990a002c0a888cec518799b3c75029b0536557fb43097a8ebf23117e094f1b3,refine,first_q1_minus_10mV,-500.0,
t0__b1p1__L3__dv180p0__h1125p0__pm500p0__637163863bc265ce4aa4,1.1,L3,3,10,180.0,0.92,1.0,1125.0,1.0,-500.0,0.92,2.060209365e-09,2.356335965e-09,2.353214198e-09,5.195055061e-09,296.12660000000005,293.00483300000036,3.121766999999693,-1.71150344e-07,-5.432921163e-08,1.1,1.1,-1.555912218181818e-07,-4.939019239090908e-08,0,stable_low,1,2.6084641760869566e-06,1,,PASS,/home/zhupl25/chiplet_side_channel/chiplet_gds_data/power_macro/delay_chain/ftc/runs/t0_transient_droop/r354/scenarios/t0__b1p1__L3__dv180p0__h1125p0__pm500p0__637163863bc265ce4aa4,b6e8acf23f5dfc8c3e3cefe6055d51cd05f551cf54505d45d1e0badf6ff14c3a,8990a002c0a888cec518799b3c75029b0536557fb43097a8ebf23117e094f1b3,refine,first_q1_minus_10mV,-500.0,
t0__b1p1__L3__dv180p0__h1188p0__pm500p0__a0767d4dff142e7ace64,1.1,L3,3,10,180.0,0.92,1.0,1188.0,1.0,-500.0,0.92,2.060209365e-09,2.378611415e-09,2.369888034e-09,5.195440799e-09,318.4020500000003,309.678669,8.723381000000302,-7.578216444e-07,-7.615553627e-07,1.1,1.1,-6.889287676363636e-07,-6.923230569999999e-07,0,stable_low,1,3.689330160869565e-06,1,,PASS,/home/zhupl25/chiplet_side_channel/chiplet_gds_data/power_macro/delay_chain/ftc/runs/t0_transient_droop/r355/scenarios/t0__b1p1__L3__dv180p0__h1188p0__pm500p0__a0767d4dff142e7ace64,aa3c28b99fc9030d1a241ebac610c33149af80b5d70e00d2ea497b9768a01a7b,8990a002c0a888cec518799b3c75029b0536557fb43097a8ebf23117e094f1b3,refine,first_q1_minus_10mV,-500.0,
t0__b1p1__L3__dv180p0__h1219p0__pm500p0__cb743caa818513c44cfe,1.1,L3,3,10,180.0,0.92,1.0,1219.0,1.0,-500.0,0.92,2.060209365e-09,2.389632866e-09,2.37628602e-09,5.195107665e-09,329.42350100000033,316.0766550000001,13.346846000000255,3.345266408e-08,3.319250016e-08,1.1,1.1,3.04115128e-08,3.0175000145454546e-08,0,stable_low,1,2.997263125e-06,1,,PASS,/home/zhupl25/chiplet_side_channel/chiplet_gds_data/power_macro/delay_chain/ftc/runs/t0_transient_droop/r356/scenarios/t0__b1p1__L3__dv180p0__h1219p0__pm500p0__cb743caa818513c44cfe,d5eff02a48787289ef3ea7f934eef17b352cdf8d7907e81a965d563eed3332ba,8990a002c0a888cec518799b3c75029b0536557fb43097a8ebf23117e094f1b3,refine,first_q1_minus_10mV,-500.0,
t0__b1p1__L3__dv180p0__h1234p0__pm500p0__6cd54ab6354f5a65670c,1.1,L3,3,10,180.0,0.92,1.0,1234.0,1.0,-500.0,0.92,2.060209365e-09,2.394849029e-09,2.378085051e-09,5.195220759e-09,334.6396640000003,317.875686,16.76397800000035,-4.121803432e-07,-3.710561422e-07,1.1,1.1,-3.7470940290909087e-07,-3.3732376563636363e-07,0,stable_low,1,2.945728635869565e-06,1,,PASS,/home/zhupl25/chiplet_side_channel/chiplet_gds_data/power_macro/delay_chain/ftc/runs/t0_transient_droop/r357/scenarios/t0__b1p1__L3__dv180p0__h1234p0__pm500p0__6cd54ab6354f5a65670c,070a210d6c91d22574eaaec0337b6d22640da055ddf43bec91b12cc4d379b1e6,8990a002c0a888cec518799b3c75029b0536557fb43097a8ebf23117e094f1b3,refine,first_q1_minus_10mV,-500.0,
t0__b1p1__L3__dv190p0__h1p0__pm500p0__e81fb70193538f006821,1.1,L3,3,10,190.0,0.91,1.0,1.0,1.0,-500.0,0.91,1.896701911e-09,2.136438215e-09,2.172079028e-09,5.195166699e-09,239.73630400000008,275.3771169999999,-35.64081299999981,4.834734962e-08,5.42171929e-07,1.1,1.1,4.395213601818181e-08,4.928835718181818e-07,0,stable_low,1,3.575961314285714e-06,1,,PASS,/home/zhupl25/chiplet_side_channel/chiplet_gds_data/power_macro/delay_chain/ftc/runs/t0_transient_droop/r358/scenarios/t0__b1p1__L3__dv190p0__h1p0__pm500p0__e81fb70193538f006821,b2bb5ae159845a761173b7f4f668aa26ec37d8c7067edeb854c9b4d14e2f83d4,8990a002c0a888cec518799b3c75029b0536557fb43097a8ebf23117e094f1b3,coarse,first_q1_minus_20mV,-500.0,
t0__b1p1__L3__dv190p0__h10p0__pm500p0__912803e801c11aa4dc64,1.1,L3,3,10,190.0,0.91,1.0,10.0,1.0,-500.0,0.91,1.896843871e-09,2.13643971e-09,2.172229661e-09,5.195588914e-09,239.5958389999998,275.3857899999999,-35.78995100000006,-4.152419673e-07,1.57905303e-08,1.1,1.1,-3.774926975454545e-07,1.4355027545454545e-08,0,stable_low,1,4.2594391659340655e-06,1,,PASS,/home/zhupl25/chiplet_side_channel/chiplet_gds_data/power_macro/delay_chain/ftc/runs/t0_transient_droop/r359/scenarios/t0__b1p1__L3__dv190p0__h10p0__pm500p0__912803e801c11aa4dc64,3cc4b324c4ca2e72e537787a0f66824a16c7b4baca183e3de0456d2e7b9d673d,8990a002c0a888cec518799b3c75029b0536557fb43097a8ebf23117e094f1b3,coarse,first_q1_minus_20mV,-500.0,
t0__b1p1__L3__dv190p0__h100p0__pm500p0__d6a1d39f7e3a5febc3f4,1.1,L3,3,10,190.0,0.91,1.0,100.0,1.0,-500.0,0.91,1.896968748e-09,2.136691061e-09,2.172381441e-09,5.195096739e-09,239.72231299999984,275.4126929999998,-35.690379999999976,1.244005916e-07,1.042271918e-07,1.1,1.1,1.130914469090909e-07,9.475199254545454e-08,0,stable_low,1,2.6522605846153844e-06,1,,PASS,/home/zhupl25/chiplet_side_channel/chiplet_gds_data/power_macro/delay_chain/ftc/runs/t0_transient_droop/r360/scenarios/t0__b1p1__L3__dv190p0__h100p0__pm500p0__d6a1d39f7e3a5febc3f4,83d0208e5491e98e0853b4ddee7e0d08b2d77ec023a7aa97f458a385c099a32a,8990a002c0a888cec518799b3c75029b0536557fb43097a8ebf23117e094f1b3,coarse,first_q1_minus_20mV,-500.0,
t0__b1p1__L3__dv190p0__h1000p0__pm500p0__1c20fe352355340705c3,1.1,L3,3,10,190.0,0.91,1.0,1000.0,1.0,-500.0,0.91,2.045581386e-09,2.322420373e-09,2.321070068e-09,5.194803485e-09,276.83898700000026,275.48868200000004,1.350305000000219,-1.635723889e-06,-1.671665656e-06,1.1,1.1,-1.4870217172727273e-06,-1.5196960509090907e-06,0,stable_low,1,2.672145954945055e-06,1,,PASS,/home/zhupl25/chiplet_side_channel/chiplet_gds_data/power_macro/delay_chain/ftc/runs/t0_transient_droop/r361/scenarios/t0__b1p1__L3__dv190p0__h1000p0__pm500p0__1c20fe352355340705c3,f20121beb7480158f6f015afcc687afe5e13067edd2f365eeee6dd2337084a04,8990a002c0a888cec518799b3c75029b0536557fb43097a8ebf23117e094f1b3,coarse,first_q1_minus_20mV,-500.0,
t0__b1p1__L3__dv190p0__h3000p0__pm500p0__a3b157668780007718b2,1.1,L3,3,10,190.0,0.91,1.0,3000.0,1.0,-500.0,0.91,2.073969744e-09,2.521548605e-09,2.45040042e-09,5.195390019e-09,447.57886100000024,376.43067600000006,71.14818500000018,0.9099997742,0.9099996413,0.91,0.91,0.9999997518681318,0.9999996058241758,1,stable_high,1,4.071089993406593e-06,1,,PASS,/home/zhupl25/chiplet_side_channel/chiplet_gds_data/power_macro/delay_chain/ftc/runs/t0_transient_droop/r362/scenarios/t0__b1p1__L3__dv190p0__h3000p0__pm500p0__a3b157668780007718b2,c79dd1f031630470ddcd3c9969958d3546acc2e61486100c21532b553fb45787,8990a002c0a888cec518799b3c75029b0536557fb43097a8ebf23117e094f1b3,coarse,first_q1_minus_20mV,-500.0,
t0__b1p1__L3__dv190p0__h2000p0__pm500p0__69958fda30fdcf403e0d,1.1,L3,3,10,190.0,0.91,1.0,2000.0,1.0,-500.0,0.91,2.073969744e-09,2.521548605e-09,2.45040042e-09,5.195193943e-09,447.57886100000024,376.43067600000006,71.14818500000018,1.1000071167,1.1000047214,1.1,1.1,1.0000064697272728,1.000004292181818,1,stable_high,1,3.346173598901099e-06,1,,PASS,/home/zhupl25/chiplet_side_channel/chiplet_gds_data/power_macro/delay_chain/ftc/runs/t0_transient_droop/r363/scenarios/t0__b1p1__L3__dv190p0__h2000p0__pm500p0__69958fda30fdcf403e0d,b97e37dd27bb3ca33c7b18ef298db385dc4cec705fae8f96d195129e42c645aa,8990a002c0a888cec518799b3c75029b0536557fb43097a8ebf23117e094f1b3,refine,first_q1_minus_20mV,-500.0,
t0__b1p1__L3__dv190p0__h1500p0__pm500p0__f69bb7791734767de5b2,1.1,L3,3,10,190.0,0.91,1.0,1500.0,1.0,-500.0,0.91,2.073969744e-09,2.508500886e-09,2.45040042e-09,5.194944017e-09,434.53114200000016,376.43067600000006,58.1004660000001,1.0999996611,1.0999996396,1.1,1.1,0.9999996919090909,0.9999996723636363,1,stable_high,1,3.544302379120879e-06,1,,PASS,/home/zhupl25/chiplet_side_channel/chiplet_gds_data/power_macro/delay_chain/ftc/runs/t0_transient_droop/r364/scenarios/t0__b1p1__L3__dv190p0__h1500p0__pm500p0__f69bb7791734767de5b2,e770d64c28c739b0c09d457535dbfcb1eb49e33b59f18179fcae150f549effef,8990a002c0a888cec518799b3c75029b0536557fb43097a8ebf23117e094f1b3,refine,first_q1_minus_20mV,-500.0,
t0__b1p1__L3__dv190p0__h1250p0__pm500p0__e46ac91e2217ddbccfe0,1.1,L3,3,10,190.0,0.91,1.0,1250.0,1.0,-500.0,0.91,2.073969744e-09,2.416001301e-09,2.395319805e-09,5.19521738e-09,342.0315570000002,321.3500609999999,20.681496000000266,1.0999996458,1.0999995179,1.1,1.1,0.999999678,0.9999995617272726,1,stable_high,1,3.1289832747252746e-06,1,,PASS,/home/zhupl25/chiplet_side_channel/chiplet_gds_data/power_macro/delay_chain/ftc/runs/t0_transient_droop/r365/scenarios/t0__b1p1__L3__dv190p0__h1250p0__pm500p0__e46ac91e2217ddbccfe0,2ad2df76cd38f90dfdb2c1fdaaa9f53e6584e614557cd983543c997774167912,8990a002c0a888cec518799b3c75029b0536557fb43097a8ebf23117e094f1b3,refine,first_q1_minus_20mV,-500.0,
t0__b1p1__L3__dv190p0__h1125p0__pm500p0__f1d4fe835d35755767ec,1.1,L3,3,10,190.0,0.91,1.0,1125.0,1.0,-500.0,0.91,2.073969744e-09,2.369201942e-09,2.363989746e-09,5.19511696e-09,295.23219800000004,290.0200020000001,5.212195999999949,3.707426938e-08,1.106699975e-07,1.1,1.1,3.370388125454545e-08,1.0060908863636362e-07,0,stable_low,1,2.34029850989011e-06,1,,PASS,/home/zhupl25/chiplet_side_channel/chiplet_gds_data/power_macro/delay_chain/ftc/runs/t0_transient_droop/r366/scenarios/t0__b1p1__L3__dv190p0__h1125p0__pm500p0__f1d4fe835d35755767ec,d701b5795c9bff4852bc7a580f2473732dffad940c2586857f7d5087f1a7453f,8990a002c0a888cec518799b3c75029b0536557fb43097a8ebf23117e094f1b3,refine,first_q1_minus_20mV,-500.0,
t0__b1p1__L3__dv190p0__h1188p0__pm500p0__24fbb9b5d406e4b69877,1.1,L3,3,10,190.0,0.91,1.0,1188.0,1.0,-500.0,0.91,2.073969744e-09,2.392816663e-09,2.381919267e-09,5.194843337e-09,318.8469190000002,307.94952299999994,10.897396000000242,-8.71490924e-08,-1.558680355e-06,1.1,1.1,-7.922644763636363e-08,-1.4169821409090908e-06,0,stable_low,1,3.0622158967032967e-06,1,,PASS,/home/zhupl25/chiplet_side_channel/chiplet_gds_data/power_macro/delay_chain/ftc/runs/t0_transient_droop/r367/scenarios/t0__b1p1__L3__dv190p0__h1188p0__pm500p0__24fbb9b5d406e4b69877,c7893aff69dd3710d284775be46a8f545a94bbaf663b3092ce1c03c82cc0615b,8990a002c0a888cec518799b3c75029b0536557fb43097a8ebf23117e094f1b3,refine,first_q1_minus_20mV,-500.0,
t0__b1p1__L3__dv190p0__h1219p0__pm500p0__14659a52a502df11f58d,1.1,L3,3,10,190.0,0.91,1.0,1219.0,1.0,-500.0,0.91,2.073969744e-09,2.404374533e-09,2.389789739e-09,5.195101706e-09,330.40478900000033,315.81999499999995,14.584794000000386,3.155251396e-07,4.871125061e-08,1.1,1.1,2.8684103599999994e-07,4.42829551e-08,0,stable_low,1,2.3420137637362637e-06,1,,PASS,/home/zhupl25/chiplet_side_channel/chiplet_gds_data/power_macro/delay_chain/ftc/runs/t0_transient_droop/r368/scenarios/t0__b1p1__L3__dv190p0__h1219p0__pm500p0__14659a52a502df11f58d,7474e15d42d79b5598b61457368d49575f46a14dad0cf8bd20c3cf61bd421482,8990a002c0a888cec518799b3c75029b0536557fb43097a8ebf23117e094f1b3,refine,first_q1_minus_20mV,-500.0,
t0__b1p1__L3__dv190p0__h1234p0__pm500p0__01584e3e93071459241b,1.1,L3,3,10,190.0,0.91,1.0,1234.0,1.0,-500.0,0.91,2.073969744e-09,2.410138086e-09,2.39311974e-09,5.195063494e-09,336.16834200000005,319.14999600000033,17.018345999999724,3.580028121e-08,1.039851022e-07,1.1,1.1,3.254571019090909e-08,9.453191109090909e-08,0,stable_low,1,3.6620543868131868e-06,1,,PASS,/home/zhupl25/chiplet_side_channel/chiplet_gds_data/power_macro/delay_chain/ftc/runs/t0_transient_droop/r369/scenarios/t0__b1p1__L3__dv190p0__h1234p0__pm500p0__01584e3e93071459241b,2f06ff8a90118d44457f8ea173b2e1f27a1e8ccc7ed506e7ae929168421bf0fc,8990a002c0a888cec518799b3c75029b0536557fb43097a8ebf23117e094f1b3,refine,first_q1_minus_20mV,-500.0,
