seed,temperature_c,event_index,polarity,m_ff,calibration,alarm_a18,alarm_b18,alarm_a19,alarm_b19,sticky_a18,sticky_b18,sticky_a19,sticky_b19,before_a18_rise,before_a18_fall,before_b18_rise,before_b18_fall,before_a19_rise,before_a19_fall,before_b19_rise,before_b19_fall,after_a18_rise,after_a18_fall,after_b18_rise,after_b18_fall,after_a19_rise,after_a19_fall,after_b19_rise,after_b19_fall,lock_a18,lock_b18,lock_a19,lock_b19,event_count
41001,-40,-1,0,204,1,0,0,0,0,0,0,0,0,0,0,0,0,0,0,0,0,0,0,0,0,0,0,0,0,0,0,0,0,0
41001,-40,-1,0,204,1,0,0,0,0,0,0,0,0,0,0,0,0,0,0,0,0,0,0,0,0,0,0,0,0,0,0,0,0,1
41001,-40,-1,0,204,1,0,0,0,0,0,0,0,0,0,0,0,0,0,0,0,0,0,0,0,0,0,0,0,0,0,0,0,0,2
41001,-40,-1,0,182,1,0,0,0,0,0,0,0,0,0,0,0,0,0,0,0,0,198,0,198,0,198,0,198,0,0,0,0,0,3
41001,-40,-1,1,182,1,0,0,0,0,0,0,0,0,198,0,198,0,198,0,198,0,198,0,198,0,198,0,198,0,0,0,0,0,4
41001,-40,-1,1,159,1,0,0,0,0,0,0,0,0,198,0,198,0,198,0,198,0,198,0,198,0,198,0,198,0,0,0,0,0,5
41001,-40,-1,1,182,1,0,0,0,0,0,0,0,0,198,0,198,0,198,0,198,0,198,0,198,0,198,0,198,0,0,0,0,0,6
41001,-40,-1,1,182,1,0,0,0,0,0,0,0,0,198,0,198,0,198,0,198,0,198,176,198,176,198,176,198,176,1,1,1,1,7
41001,-40,0,0,182,0,0,0,0,0,0,0,0,0,198,176,198,176,198,176,198,176,198,176,198,176,198,176,198,176,1,1,1,1,8
41001,-40,1,1,159,0,0,0,0,0,0,0,0,0,198,176,198,176,198,176,198,176,198,176,198,176,198,176,198,176,1,1,1,1,9
41001,-40,2,0,182,0,0,0,0,0,0,0,0,0,198,176,198,176,198,176,198,176,198,176,198,176,198,176,198,176,1,1,1,1,10
41001,-40,3,1,159,0,0,0,0,0,0,0,0,0,198,176,198,176,198,176,198,176,198,176,198,176,198,176,198,176,1,1,1,1,11
41001,-40,4,0,182,0,0,0,0,0,0,0,0,0,198,176,198,176,198,176,198,176,198,176,198,176,198,176,198,176,1,1,1,1,12
41001,-40,5,1,159,0,0,0,0,0,0,0,0,0,198,176,198,176,198,176,198,176,198,176,198,176,198,176,198,176,1,1,1,1,13
41001,-40,6,0,182,0,0,0,0,0,0,0,0,0,198,176,198,176,198,176,198,176,198,176,198,176,198,176,198,176,1,1,1,1,14
41001,-40,7,1,159,0,0,0,0,0,0,0,0,0,198,176,198,176,198,176,198,176,198,176,198,176,198,176,198,176,1,1,1,1,15
41001,-40,8,0,182,0,0,0,0,0,0,0,0,0,198,176,198,176,198,176,198,176,198,176,198,176,198,176,198,176,1,1,1,1,16
41001,-40,9,1,159,0,0,0,0,0,0,0,0,0,198,176,198,176,198,176,198,176,198,176,198,176,198,176,198,176,1,1,1,1,17
41001,-40,10,0,182,0,0,0,0,0,0,0,0,0,198,176,198,176,198,176,198,176,198,176,198,176,198,176,198,176,1,1,1,1,18
41001,-40,11,1,159,0,0,0,0,0,0,0,0,0,198,176,198,176,198,176,198,176,198,176,198,176,198,176,198,176,1,1,1,1,19
41001,-40,12,0,182,0,0,0,0,0,0,0,0,0,198,176,198,176,198,176,198,176,198,176,198,176,198,176,198,176,1,1,1,1,20
41001,-40,13,1,159,0,0,0,0,0,0,0,0,0,198,176,198,176,198,176,198,176,198,176,198,176,198,176,198,176,1,1,1,1,21
41001,-40,14,0,182,0,0,0,0,0,0,0,0,0,198,176,198,176,198,176,198,176,198,176,198,176,198,176,198,176,1,1,1,1,22
41001,-40,15,1,159,0,0,0,0,0,0,0,0,0,198,176,198,176,198,176,198,176,198,176,198,176,198,176,198,176,1,1,1,1,23
41001,-40,16,0,182,0,0,0,0,0,0,0,0,0,198,176,198,176,198,176,198,176,198,176,198,176,198,176,198,176,1,1,1,1,24
41001,-40,17,1,159,0,0,0,0,0,0,0,0,0,198,176,198,176,198,176,198,176,198,176,198,176,198,176,198,176,1,1,1,1,25
41001,-40,18,0,182,0,0,0,0,0,0,0,0,0,198,176,198,176,198,176,198,176,198,176,198,176,198,176,198,176,1,1,1,1,26
41001,-40,19,1,159,0,0,0,0,0,0,0,0,0,198,176,198,176,198,176,198,176,198,176,198,176,198,176,198,176,1,1,1,1,27
41001,-40,20,0,182,0,0,0,0,0,0,0,0,0,198,176,198,176,198,176,198,176,198,176,198,176,198,176,198,176,1,1,1,1,28
41001,-40,21,1,135,0,1,1,1,1,0,0,0,0,198,176,198,176,198,176,198,176,198,176,198,176,198,176,198,176,1,1,1,1,29
41001,-40,22,0,182,0,0,0,0,0,1,1,1,1,198,176,198,176,198,176,198,176,198,176,198,176,198,176,198,176,1,1,1,1,30
41001,-40,23,1,159,0,0,0,0,0,1,1,1,1,198,176,198,176,198,176,198,176,198,176,198,176,198,176,198,176,1,1,1,1,31
41001,125,-1,0,204,1,0,0,0,0,0,0,0,0,0,0,0,0,0,0,0,0,0,0,0,0,0,0,0,0,0,0,0,0,32
41001,125,-1,0,204,1,0,0,0,0,0,0,0,0,0,0,0,0,0,0,0,0,0,0,0,0,0,0,0,0,0,0,0,0,33
41001,125,-1,0,204,1,0,0,0,0,0,0,0,0,0,0,0,0,0,0,0,0,0,0,0,0,0,0,0,0,0,0,0,0,34
41001,125,-1,0,182,1,0,0,0,0,0,0,0,0,0,0,0,0,0,0,0,0,198,0,198,0,198,0,198,0,0,0,0,0,35
41001,125,-1,1,182,1,0,0,0,0,0,0,0,0,198,0,198,0,198,0,198,0,198,0,198,0,198,0,198,0,0,0,0,0,36
41001,125,-1,1,159,1,0,0,0,0,0,0,0,0,198,0,198,0,198,0,198,0,198,0,198,0,198,0,198,0,0,0,0,0,37
41001,125,-1,1,182,1,0,0,0,0,0,0,0,0,198,0,198,0,198,0,198,0,198,0,198,0,198,0,198,0,0,0,0,0,38
41001,125,-1,1,182,1,0,0,0,0,0,0,0,0,198,0,198,0,198,0,198,0,198,176,198,176,198,176,198,176,1,1,1,1,39
41001,125,0,0,204,0,0,0,0,0,0,0,0,0,198,176,198,176,198,176,198,176,198,176,198,176,198,176,198,176,1,1,1,1,40
41001,125,1,1,204,0,1,1,1,1,0,0,0,0,198,176,198,176,198,176,198,176,198,176,198,176,198,176,198,176,1,1,1,1,41
41001,125,2,0,204,0,0,0,0,0,1,1,1,1,198,176,198,176,198,176,198,176,198,176,198,176,198,176,198,176,1,1,1,1,42
41001,125,3,1,204,0,1,1,1,1,1,1,1,1,198,176,198,176,198,176,198,176,198,176,198,176,198,176,198,176,1,1,1,1,43
41001,125,4,0,225,0,1,1,1,1,1,1,1,1,198,176,198,176,198,176,198,176,198,176,198,176,198,176,198,176,1,1,1,1,44
41001,125,5,1,204,0,1,1,1,1,1,1,1,1,198,176,198,176,198,176,198,176,198,176,198,176,198,176,198,176,1,1,1,1,45
41001,125,6,0,204,0,0,0,0,0,1,1,1,1,198,176,198,176,198,176,198,176,198,176,198,176,198,176,198,176,1,1,1,1,46
41001,125,7,1,204,0,1,1,1,1,1,1,1,1,198,176,198,176,198,176,198,176,198,176,198,176,198,176,198,176,1,1,1,1,47
41001,125,8,0,204,0,0,0,0,0,1,1,1,1,198,176,198,176,198,176,198,176,198,176,198,176,198,176,198,176,1,1,1,1,48
41001,125,9,1,204,0,1,1,1,1,1,1,1,1,198,176,198,176,198,176,198,176,198,176,198,176,198,176,198,176,1,1,1,1,49
41001,125,10,0,204,0,0,0,0,0,1,1,1,1,198,176,198,176,198,176,198,176,198,176,198,176,198,176,198,176,1,1,1,1,50
41001,125,11,1,204,0,1,1,1,1,1,1,1,1,198,176,198,176,198,176,198,176,198,176,198,176,198,176,198,176,1,1,1,1,51
41001,125,12,0,204,0,0,0,0,0,1,1,1,1,198,176,198,176,198,176,198,176,198,176,198,176,198,176,198,176,1,1,1,1,52
41001,125,13,1,204,0,1,1,1,1,1,1,1,1,198,176,198,176,198,176,198,176,198,176,198,176,198,176,198,176,1,1,1,1,53
41001,125,14,0,204,0,0,0,0,0,1,1,1,1,198,176,198,176,198,176,198,176,198,176,198,176,198,176,198,176,1,1,1,1,54
41001,125,15,1,204,0,1,1,1,1,1,1,1,1,198,176,198,176,198,176,198,176,198,176,198,176,198,176,198,176,1,1,1,1,55
41001,125,16,0,204,0,0,0,0,0,1,1,1,1,198,176,198,176,198,176,198,176,198,176,198,176,198,176,198,176,1,1,1,1,56
41001,125,17,1,204,0,1,1,1,1,1,1,1,1,198,176,198,176,198,176,198,176,198,176,198,176,198,176,198,176,1,1,1,1,57
41001,125,18,0,204,0,0,0,0,0,1,1,1,1,198,176,198,176,198,176,198,176,198,176,198,176,198,176,198,176,1,1,1,1,58
41001,125,19,1,204,0,1,1,1,1,1,1,1,1,198,176,198,176,198,176,198,176,198,176,198,176,198,176,198,176,1,1,1,1,59
41001,125,20,0,204,0,0,0,0,0,1,1,1,1,198,176,198,176,198,176,198,176,198,176,198,176,198,176,198,176,1,1,1,1,60
41001,125,21,1,182,0,0,0,0,0,1,1,1,1,198,176,198,176,198,176,198,176,198,176,198,176,198,176,198,176,1,1,1,1,61
41001,125,22,0,204,0,0,0,0,0,1,1,1,1,198,176,198,176,198,176,198,176,198,176,198,176,198,176,198,176,1,1,1,1,62
41001,125,23,1,204,0,1,1,1,1,1,1,1,1,198,176,198,176,198,176,198,176,198,176,198,176,198,176,198,176,1,1,1,1,63
41002,-40,-1,0,204,1,0,0,0,0,0,0,0,0,0,0,0,0,0,0,0,0,0,0,0,0,0,0,0,0,0,0,0,0,64
41002,-40,-1,0,204,1,0,0,0,0,0,0,0,0,0,0,0,0,0,0,0,0,0,0,0,0,0,0,0,0,0,0,0,0,65
41002,-40,-1,0,204,1,0,0,0,0,0,0,0,0,0,0,0,0,0,0,0,0,0,0,0,0,0,0,0,0,0,0,0,0,66
41002,-40,-1,0,182,1,0,0,0,0,0,0,0,0,0,0,0,0,0,0,0,0,198,0,198,0,198,0,198,0,0,0,0,0,67
41002,-40,-1,1,182,1,0,0,0,0,0,0,0,0,198,0,198,0,198,0,198,0,198,0,198,0,198,0,198,0,0,0,0,0,68
41002,-40,-1,1,182,1,0,0,0,0,0,0,0,0,198,0,198,0,198,0,198,0,198,0,198,0,198,0,198,0,0,0,0,0,69
41002,-40,-1,1,182,1,0,0,0,0,0,0,0,0,198,0,198,0,198,0,198,0,198,0,198,0,198,0,198,0,0,0,0,0,70
41002,-40,-1,1,182,1,0,0,0,0,0,0,0,0,198,0,198,0,198,0,198,0,198,182,198,182,198,182,198,182,1,1,1,1,71
41002,-40,0,0,182,0,0,0,0,0,0,0,0,0,198,182,198,182,198,182,198,182,198,182,198,182,198,182,198,182,1,1,1,1,72
41002,-40,1,1,159,0,0,0,0,0,0,0,0,0,198,182,198,182,198,182,198,182,198,182,198,182,198,182,198,182,1,1,1,1,73
41002,-40,2,0,182,0,0,0,0,0,0,0,0,0,198,182,198,182,198,182,198,182,198,182,198,182,198,182,198,182,1,1,1,1,74
41002,-40,3,1,159,0,0,0,0,0,0,0,0,0,198,182,198,182,198,182,198,182,198,182,198,182,198,182,198,182,1,1,1,1,75
41002,-40,4,0,182,0,0,0,0,0,0,0,0,0,198,182,198,182,198,182,198,182,198,182,198,182,198,182,198,182,1,1,1,1,76
41002,-40,5,1,159,0,0,0,0,0,0,0,0,0,198,182,198,182,198,182,198,182,198,182,198,182,198,182,198,182,1,1,1,1,77
41002,-40,6,0,182,0,0,0,0,0,0,0,0,0,198,182,198,182,198,182,198,182,198,182,198,182,198,182,198,182,1,1,1,1,78
41002,-40,7,1,159,0,0,0,0,0,0,0,0,0,198,182,198,182,198,182,198,182,198,182,198,182,198,182,198,182,1,1,1,1,79
41002,-40,8,0,182,0,0,0,0,0,0,0,0,0,198,182,198,182,198,182,198,182,198,182,198,182,198,182,198,182,1,1,1,1,80
41002,-40,9,1,159,0,0,0,0,0,0,0,0,0,198,182,198,182,198,182,198,182,198,182,198,182,198,182,198,182,1,1,1,1,81
41002,-40,10,0,182,0,0,0,0,0,0,0,0,0,198,182,198,182,198,182,198,182,198,182,198,182,198,182,198,182,1,1,1,1,82
41002,-40,11,1,159,0,0,0,0,0,0,0,0,0,198,182,198,182,198,182,198,182,198,182,198,182,198,182,198,182,1,1,1,1,83
41002,-40,12,0,182,0,0,0,0,0,0,0,0,0,198,182,198,182,198,182,198,182,198,182,198,182,198,182,198,182,1,1,1,1,84
41002,-40,13,1,159,0,0,0,0,0,0,0,0,0,198,182,198,182,198,182,198,182,198,182,198,182,198,182,198,182,1,1,1,1,85
41002,-40,14,0,182,0,0,0,0,0,0,0,0,0,198,182,198,182,198,182,198,182,198,182,198,182,198,182,198,182,1,1,1,1,86
41002,-40,15,1,159,0,0,0,0,0,0,0,0,0,198,182,198,182,198,182,198,182,198,182,198,182,198,182,198,182,1,1,1,1,87
41002,-40,16,0,182,0,0,0,0,0,0,0,0,0,198,182,198,182,198,182,198,182,198,182,198,182,198,182,198,182,1,1,1,1,88
41002,-40,17,1,159,0,0,0,0,0,0,0,0,0,198,182,198,182,198,182,198,182,198,182,198,182,198,182,198,182,1,1,1,1,89
41002,-40,18,0,182,0,0,0,0,0,0,0,0,0,198,182,198,182,198,182,198,182,198,182,198,182,198,182,198,182,1,1,1,1,90
41002,-40,19,1,159,0,0,0,0,0,0,0,0,0,198,182,198,182,198,182,198,182,198,182,198,182,198,182,198,182,1,1,1,1,91
41002,-40,20,0,182,0,0,0,0,0,0,0,0,0,198,182,198,182,198,182,198,182,198,182,198,182,198,182,198,182,1,1,1,1,92
41002,-40,21,1,159,0,0,0,0,0,0,0,0,0,198,182,198,182,198,182,198,182,198,182,198,182,198,182,198,182,1,1,1,1,93
41002,-40,22,0,182,0,0,0,0,0,0,0,0,0,198,182,198,182,198,182,198,182,198,182,198,182,198,182,198,182,1,1,1,1,94
41002,-40,23,1,159,0,0,0,0,0,0,0,0,0,198,182,198,182,198,182,198,182,198,182,198,182,198,182,198,182,1,1,1,1,95
41002,125,-1,0,204,1,0,0,0,0,0,0,0,0,0,0,0,0,0,0,0,0,0,0,0,0,0,0,0,0,0,0,0,0,96
41002,125,-1,0,204,1,0,0,0,0,0,0,0,0,0,0,0,0,0,0,0,0,0,0,0,0,0,0,0,0,0,0,0,0,97
41002,125,-1,0,204,1,0,0,0,0,0,0,0,0,0,0,0,0,0,0,0,0,0,0,0,0,0,0,0,0,0,0,0,0,98
41002,125,-1,0,182,1,0,0,0,0,0,0,0,0,0,0,0,0,0,0,0,0,198,0,198,0,198,0,198,0,0,0,0,0,99
41002,125,-1,1,182,1,0,0,0,0,0,0,0,0,198,0,198,0,198,0,198,0,198,0,198,0,198,0,198,0,0,0,0,0,100
41002,125,-1,1,182,1,0,0,0,0,0,0,0,0,198,0,198,0,198,0,198,0,198,0,198,0,198,0,198,0,0,0,0,0,101
41002,125,-1,1,182,1,0,0,0,0,0,0,0,0,198,0,198,0,198,0,198,0,198,0,198,0,198,0,198,0,0,0,0,0,102
41002,125,-1,1,182,1,0,0,0,0,0,0,0,0,198,0,198,0,198,0,198,0,198,182,198,182,198,182,198,182,1,1,1,1,103
41002,125,0,0,204,0,0,0,0,0,0,0,0,0,198,182,198,182,198,182,198,182,198,182,198,182,198,182,198,182,1,1,1,1,104
41002,125,1,1,204,0,0,0,0,0,0,0,0,0,198,182,198,182,198,182,198,182,198,182,198,182,198,182,198,182,1,1,1,1,105
41002,125,2,0,204,0,0,0,0,0,0,0,0,0,198,182,198,182,198,182,198,182,198,182,198,182,198,182,198,182,1,1,1,1,106
41002,125,3,1,204,0,0,0,0,0,0,0,0,0,198,182,198,182,198,182,198,182,198,182,198,182,198,182,198,182,1,1,1,1,107
41002,125,4,0,225,0,1,1,1,1,0,0,0,0,198,182,198,182,198,182,198,182,198,182,198,182,198,182,198,182,1,1,1,1,108
41002,125,5,1,204,0,0,0,0,0,1,1,1,1,198,182,198,182,198,182,198,182,198,182,198,182,198,182,198,182,1,1,1,1,109
41002,125,6,0,204,0,0,0,0,0,1,1,1,1,198,182,198,182,198,182,198,182,198,182,198,182,198,182,198,182,1,1,1,1,110
41002,125,7,1,204,0,0,0,0,0,1,1,1,1,198,182,198,182,198,182,198,182,198,182,198,182,198,182,198,182,1,1,1,1,111
41002,125,8,0,204,0,0,0,0,0,1,1,1,1,198,182,198,182,198,182,198,182,198,182,198,182,198,182,198,182,1,1,1,1,112
41002,125,9,1,204,0,0,0,0,0,1,1,1,1,198,182,198,182,198,182,198,182,198,182,198,182,198,182,198,182,1,1,1,1,113
41002,125,10,0,204,0,0,0,0,0,1,1,1,1,198,182,198,182,198,182,198,182,198,182,198,182,198,182,198,182,1,1,1,1,114
41002,125,11,1,204,0,0,0,0,0,1,1,1,1,198,182,198,182,198,182,198,182,198,182,198,182,198,182,198,182,1,1,1,1,115
41002,125,12,0,204,0,0,0,0,0,1,1,1,1,198,182,198,182,198,182,198,182,198,182,198,182,198,182,198,182,1,1,1,1,116
41002,125,13,1,204,0,0,0,0,0,1,1,1,1,198,182,198,182,198,182,198,182,198,182,198,182,198,182,198,182,1,1,1,1,117
41002,125,14,0,204,0,0,0,0,0,1,1,1,1,198,182,198,182,198,182,198,182,198,182,198,182,198,182,198,182,1,1,1,1,118
41002,125,15,1,204,0,0,0,0,0,1,1,1,1,198,182,198,182,198,182,198,182,198,182,198,182,198,182,198,182,1,1,1,1,119
41002,125,16,0,204,0,0,0,0,0,1,1,1,1,198,182,198,182,198,182,198,182,198,182,198,182,198,182,198,182,1,1,1,1,120
41002,125,17,1,204,0,0,0,0,0,1,1,1,1,198,182,198,182,198,182,198,182,198,182,198,182,198,182,198,182,1,1,1,1,121
41002,125,18,0,204,0,0,0,0,0,1,1,1,1,198,182,198,182,198,182,198,182,198,182,198,182,198,182,198,182,1,1,1,1,122
41002,125,19,1,204,0,0,0,0,0,1,1,1,1,198,182,198,182,198,182,198,182,198,182,198,182,198,182,198,182,1,1,1,1,123
41002,125,20,0,204,0,0,0,0,0,1,1,1,1,198,182,198,182,198,182,198,182,198,182,198,182,198,182,198,182,1,1,1,1,124
41002,125,21,1,204,0,0,0,0,0,1,1,1,1,198,182,198,182,198,182,198,182,198,182,198,182,198,182,198,182,1,1,1,1,125
41002,125,22,0,204,0,0,0,0,0,1,1,1,1,198,182,198,182,198,182,198,182,198,182,198,182,198,182,198,182,1,1,1,1,126
41002,125,23,1,204,0,0,0,0,0,1,1,1,1,198,182,198,182,198,182,198,182,198,182,198,182,198,182,198,182,1,1,1,1,127
41003,-40,-1,0,159,1,0,0,0,0,0,0,0,0,0,0,0,0,0,0,0,0,0,0,0,0,0,0,0,0,0,0,0,0,128
41003,-40,-1,0,159,1,0,0,0,0,0,0,0,0,0,0,0,0,0,0,0,0,0,0,0,0,0,0,0,0,0,0,0,0,129
41003,-40,-1,0,159,1,0,0,0,0,0,0,0,0,0,0,0,0,0,0,0,0,0,0,0,0,0,0,0,0,0,0,0,0,130
41003,-40,-1,0,159,1,0,0,0,0,0,0,0,0,0,0,0,0,0,0,0,0,159,0,159,0,159,0,159,0,0,0,0,0,131
41003,-40,-1,1,135,1,0,0,0,0,0,0,0,0,159,0,159,0,159,0,159,0,159,0,159,0,159,0,159,0,0,0,0,0,132
41003,-40,-1,1,110,1,0,0,0,0,0,0,0,0,159,0,159,0,159,0,159,0,159,0,159,0,159,0,159,0,0,0,0,0,133
41003,-40,-1,1,135,1,0,0,0,0,0,0,0,0,159,0,159,0,159,0,159,0,159,0,159,0,159,0,159,0,0,0,0,0,134
41003,-40,-1,1,135,1,0,0,0,0,0,0,0,0,159,0,159,0,159,0,159,0,159,128,159,128,159,128,159,128,1,1,1,1,135
41003,-40,0,0,135,0,1,1,1,1,0,0,0,0,159,128,159,128,159,128,159,128,159,128,159,128,159,128,159,128,1,1,1,1,136
41003,-40,1,1,84,0,1,1,1,1,1,1,1,1,159,128,159,128,159,128,159,128,159,128,159,128,159,128,159,128,1,1,1,1,137
41003,-40,2,0,135,0,1,1,1,1,1,1,1,1,159,128,159,128,159,128,159,128,159,128,159,128,159,128,159,128,1,1,1,1,138
41003,-40,3,1,84,0,1,1,1,1,1,1,1,1,159,128,159,128,159,128,159,128,159,128,159,128,159,128,159,128,1,1,1,1,139
41003,-40,4,0,135,0,1,1,1,1,1,1,1,1,159,128,159,128,159,128,159,128,159,128,159,128,159,128,159,128,1,1,1,1,140
41003,-40,5,1,84,0,1,1,1,1,1,1,1,1,159,128,159,128,159,128,159,128,159,128,159,128,159,128,159,128,1,1,1,1,141
41003,-40,6,0,135,0,1,1,1,1,1,1,1,1,159,128,159,128,159,128,159,128,159,128,159,128,159,128,159,128,1,1,1,1,142
41003,-40,7,1,84,0,1,1,1,1,1,1,1,1,159,128,159,128,159,128,159,128,159,128,159,128,159,128,159,128,1,1,1,1,143
41003,-40,8,0,135,0,1,1,1,1,1,1,1,1,159,128,159,128,159,128,159,128,159,128,159,128,159,128,159,128,1,1,1,1,144
41003,-40,9,1,84,0,1,1,1,1,1,1,1,1,159,128,159,128,159,128,159,128,159,128,159,128,159,128,159,128,1,1,1,1,145
41003,-40,10,0,135,0,1,1,1,1,1,1,1,1,159,128,159,128,159,128,159,128,159,128,159,128,159,128,159,128,1,1,1,1,146
41003,-40,11,1,84,0,1,1,1,1,1,1,1,1,159,128,159,128,159,128,159,128,159,128,159,128,159,128,159,128,1,1,1,1,147
41003,-40,12,0,135,0,1,1,1,1,1,1,1,1,159,128,159,128,159,128,159,128,159,128,159,128,159,128,159,128,1,1,1,1,148
41003,-40,13,1,84,0,1,1,1,1,1,1,1,1,159,128,159,128,159,128,159,128,159,128,159,128,159,128,159,128,1,1,1,1,149
41003,-40,14,0,135,0,1,1,1,1,1,1,1,1,159,128,159,128,159,128,159,128,159,128,159,128,159,128,159,128,1,1,1,1,150
41003,-40,15,1,84,0,1,1,1,1,1,1,1,1,159,128,159,128,159,128,159,128,159,128,159,128,159,128,159,128,1,1,1,1,151
41003,-40,16,0,135,0,1,1,1,1,1,1,1,1,159,128,159,128,159,128,159,128,159,128,159,128,159,128,159,128,1,1,1,1,152
41003,-40,17,1,84,0,1,1,1,1,1,1,1,1,159,128,159,128,159,128,159,128,159,128,159,128,159,128,159,128,1,1,1,1,153
41003,-40,18,0,135,0,1,1,1,1,1,1,1,1,159,128,159,128,159,128,159,128,159,128,159,128,159,128,159,128,1,1,1,1,154
41003,-40,19,1,84,0,1,1,1,1,1,1,1,1,159,128,159,128,159,128,159,128,159,128,159,128,159,128,159,128,1,1,1,1,155
41003,-40,20,0,135,0,1,1,1,1,1,1,1,1,159,128,159,128,159,128,159,128,159,128,159,128,159,128,159,128,1,1,1,1,156
41003,-40,21,1,84,0,1,1,1,1,1,1,1,1,159,128,159,128,159,128,159,128,159,128,159,128,159,128,159,128,1,1,1,1,157
41003,-40,22,0,135,0,1,1,1,1,1,1,1,1,159,128,159,128,159,128,159,128,159,128,159,128,159,128,159,128,1,1,1,1,158
41003,-40,23,1,84,0,1,1,1,1,1,1,1,1,159,128,159,128,159,128,159,128,159,128,159,128,159,128,159,128,1,1,1,1,159
41003,125,-1,0,159,1,0,0,0,0,0,0,0,0,0,0,0,0,0,0,0,0,0,0,0,0,0,0,0,0,0,0,0,0,160
41003,125,-1,0,159,1,0,0,0,0,0,0,0,0,0,0,0,0,0,0,0,0,0,0,0,0,0,0,0,0,0,0,0,0,161
41003,125,-1,0,159,1,0,0,0,0,0,0,0,0,0,0,0,0,0,0,0,0,0,0,0,0,0,0,0,0,0,0,0,0,162
41003,125,-1,0,159,1,0,0,0,0,0,0,0,0,0,0,0,0,0,0,0,0,159,0,159,0,159,0,159,0,0,0,0,0,163
41003,125,-1,1,135,1,0,0,0,0,0,0,0,0,159,0,159,0,159,0,159,0,159,0,159,0,159,0,159,0,0,0,0,0,164
41003,125,-1,1,110,1,0,0,0,0,0,0,0,0,159,0,159,0,159,0,159,0,159,0,159,0,159,0,159,0,0,0,0,0,165
41003,125,-1,1,135,1,0,0,0,0,0,0,0,0,159,0,159,0,159,0,159,0,159,0,159,0,159,0,159,0,0,0,0,0,166
41003,125,-1,1,135,1,0,0,0,0,0,0,0,0,159,0,159,0,159,0,159,0,159,128,159,128,159,128,159,128,1,1,1,1,167
41003,125,0,0,204,0,1,1,1,1,0,0,0,0,159,128,159,128,159,128,159,128,159,128,159,128,159,128,159,128,1,1,1,1,168
41003,125,1,1,159,0,1,1,1,1,1,1,1,1,159,128,159,128,159,128,159,128,159,128,159,128,159,128,159,128,1,1,1,1,169
41003,125,2,0,204,0,1,1,1,1,1,1,1,1,159,128,159,128,159,128,159,128,159,128,159,128,159,128,159,128,1,1,1,1,170
41003,125,3,1,159,0,1,1,1,1,1,1,1,1,159,128,159,128,159,128,159,128,159,128,159,128,159,128,159,128,1,1,1,1,171
41003,125,4,0,204,0,1,1,1,1,1,1,1,1,159,128,159,128,159,128,159,128,159,128,159,128,159,128,159,128,1,1,1,1,172
41003,125,5,1,159,0,1,1,1,1,1,1,1,1,159,128,159,128,159,128,159,128,159,128,159,128,159,128,159,128,1,1,1,1,173
41003,125,6,0,182,0,1,1,1,1,1,1,1,1,159,128,159,128,159,128,159,128,159,128,159,128,159,128,159,128,1,1,1,1,174
41003,125,7,1,159,0,1,1,1,1,1,1,1,1,159,128,159,128,159,128,159,128,159,128,159,128,159,128,159,128,1,1,1,1,175
41003,125,8,0,182,0,1,1,1,1,1,1,1,1,159,128,159,128,159,128,159,128,159,128,159,128,159,128,159,128,1,1,1,1,176
41003,125,9,1,159,0,1,1,1,1,1,1,1,1,159,128,159,128,159,128,159,128,159,128,159,128,159,128,159,128,1,1,1,1,177
41003,125,10,0,204,0,1,1,1,1,1,1,1,1,159,128,159,128,159,128,159,128,159,128,159,128,159,128,159,128,1,1,1,1,178
41003,125,11,1,159,0,1,1,1,1,1,1,1,1,159,128,159,128,159,128,159,128,159,128,159,128,159,128,159,128,1,1,1,1,179
41003,125,12,0,182,0,1,1,1,1,1,1,1,1,159,128,159,128,159,128,159,128,159,128,159,128,159,128,159,128,1,1,1,1,180
41003,125,13,1,159,0,1,1,1,1,1,1,1,1,159,128,159,128,159,128,159,128,159,128,159,128,159,128,159,128,1,1,1,1,181
41003,125,14,0,182,0,1,1,1,1,1,1,1,1,159,128,159,128,159,128,159,128,159,128,159,128,159,128,159,128,1,1,1,1,182
41003,125,15,1,159,0,1,1,1,1,1,1,1,1,159,128,159,128,159,128,159,128,159,128,159,128,159,128,159,128,1,1,1,1,183
41003,125,16,0,182,0,1,1,1,1,1,1,1,1,159,128,159,128,159,128,159,128,159,128,159,128,159,128,159,128,1,1,1,1,184
41003,125,17,1,159,0,1,1,1,1,1,1,1,1,159,128,159,128,159,128,159,128,159,128,159,128,159,128,159,128,1,1,1,1,185
41003,125,18,0,182,0,1,1,1,1,1,1,1,1,159,128,159,128,159,128,159,128,159,128,159,128,159,128,159,128,1,1,1,1,186
41003,125,19,1,159,0,1,1,1,1,1,1,1,1,159,128,159,128,159,128,159,128,159,128,159,128,159,128,159,128,1,1,1,1,187
41003,125,20,0,182,0,1,1,1,1,1,1,1,1,159,128,159,128,159,128,159,128,159,128,159,128,159,128,159,128,1,1,1,1,188
41003,125,21,1,159,0,1,1,1,1,1,1,1,1,159,128,159,128,159,128,159,128,159,128,159,128,159,128,159,128,1,1,1,1,189
41003,125,22,0,204,0,1,1,1,1,1,1,1,1,159,128,159,128,159,128,159,128,159,128,159,128,159,128,159,128,1,1,1,1,190
41003,125,23,1,159,0,1,1,1,1,1,1,1,1,159,128,159,128,159,128,159,128,159,128,159,128,159,128,159,128,1,1,1,1,191
41004,-40,-1,0,182,1,0,0,0,0,0,0,0,0,0,0,0,0,0,0,0,0,0,0,0,0,0,0,0,0,0,0,0,0,192
41004,-40,-1,0,182,1,0,0,0,0,0,0,0,0,0,0,0,0,0,0,0,0,0,0,0,0,0,0,0,0,0,0,0,0,193
41004,-40,-1,0,204,1,0,0,0,0,0,0,0,0,0,0,0,0,0,0,0,0,0,0,0,0,0,0,0,0,0,0,0,0,194
41004,-40,-1,0,182,1,0,0,0,0,0,0,0,0,0,0,0,0,0,0,0,0,187,0,187,0,187,0,187,0,0,0,0,0,195
41004,-40,-1,1,159,1,0,0,0,0,0,0,0,0,187,0,187,0,187,0,187,0,187,0,187,0,187,0,187,0,0,0,0,0,196
41004,-40,-1,1,159,1,0,0,0,0,0,0,0,0,187,0,187,0,187,0,187,0,187,0,187,0,187,0,187,0,0,0,0,0,197
41004,-40,-1,1,159,1,0,0,0,0,0,0,0,0,187,0,187,0,187,0,187,0,187,0,187,0,187,0,187,0,0,0,0,0,198
41004,-40,-1,1,159,1,0,0,0,0,0,0,0,0,187,0,187,0,187,0,187,0,187,159,187,159,187,159,187,159,1,1,1,1,199
41004,-40,0,0,182,0,0,0,0,0,0,0,0,0,187,159,187,159,187,159,187,159,187,159,187,159,187,159,187,159,1,1,1,1,200
41004,-40,1,1,135,0,0,0,0,0,0,0,0,0,187,159,187,159,187,159,187,159,187,159,187,159,187,159,187,159,1,1,1,1,201
41004,-40,2,0,182,0,0,0,0,0,0,0,0,0,187,159,187,159,187,159,187,159,187,159,187,159,187,159,187,159,1,1,1,1,202
41004,-40,3,1,135,0,0,0,0,0,0,0,0,0,187,159,187,159,187,159,187,159,187,159,186,159,187,159,186,159,1,1,1,1,203
41004,-40,4,0,182,0,0,0,0,0,0,0,0,0,187,159,186,159,187,159,186,159,187,159,186,159,187,159,186,159,1,1,1,1,204
41004,-40,5,1,135,0,0,0,0,0,0,0,0,0,187,159,186,159,187,159,186,159,187,159,186,159,187,159,186,159,1,1,1,1,205
41004,-40,6,0,182,0,0,0,0,0,0,0,0,0,187,159,186,159,187,159,186,159,187,159,186,159,187,159,186,159,1,1,1,1,206
41004,-40,7,1,135,0,0,0,0,0,0,0,0,0,187,159,186,159,187,159,186,159,187,159,185,159,187,159,185,159,1,1,1,1,207
41004,-40,8,0,182,0,0,0,0,0,0,0,0,0,187,159,185,159,187,159,185,159,187,159,185,159,187,159,185,159,1,1,1,1,208
41004,-40,9,1,135,0,0,0,0,0,0,0,0,0,187,159,185,159,187,159,185,159,187,159,185,159,187,159,185,159,1,1,1,1,209
41004,-40,10,0,182,0,0,0,0,0,0,0,0,0,187,159,185,159,187,159,185,159,187,159,185,159,187,159,185,159,1,1,1,1,210
41004,-40,11,1,135,0,0,0,0,0,0,0,0,0,187,159,185,159,187,159,185,159,187,159,185,159,187,159,185,159,1,1,1,1,211
41004,-40,12,0,182,0,0,0,0,0,0,0,0,0,187,159,185,159,187,159,185,159,187,159,185,159,187,159,185,159,1,1,1,1,212
41004,-40,13,1,135,0,0,0,0,0,0,0,0,0,187,159,185,159,187,159,185,159,187,159,185,159,187,159,185,159,1,1,1,1,213
41004,-40,14,0,182,0,0,0,0,0,0,0,0,0,187,159,185,159,187,159,185,159,187,159,185,159,187,159,185,159,1,1,1,1,214
41004,-40,15,1,135,0,0,0,0,0,0,0,0,0,187,159,185,159,187,159,185,159,187,159,185,159,187,159,185,159,1,1,1,1,215
41004,-40,16,0,182,0,0,0,0,0,0,0,0,0,187,159,185,159,187,159,185,159,187,159,185,159,187,159,185,159,1,1,1,1,216
41004,-40,17,1,135,0,0,0,0,0,0,0,0,0,187,159,185,159,187,159,185,159,187,159,185,159,187,159,185,159,1,1,1,1,217
41004,-40,18,0,182,0,0,0,0,0,0,0,0,0,187,159,185,159,187,159,185,159,187,159,185,159,187,159,185,159,1,1,1,1,218
41004,-40,19,1,135,0,0,0,0,0,0,0,0,0,187,159,185,159,187,159,185,159,187,159,185,159,187,159,185,159,1,1,1,1,219
41004,-40,20,0,159,0,1,1,1,1,0,0,0,0,187,159,185,159,187,159,185,159,187,159,185,159,187,159,185,159,1,1,1,1,220
41004,-40,21,1,135,0,0,0,0,0,1,1,1,1,187,159,185,159,187,159,185,159,187,159,185,159,187,159,185,159,1,1,1,1,221
41004,-40,22,0,182,0,0,0,0,0,1,1,1,1,187,159,185,159,187,159,185,159,187,159,185,159,187,159,185,159,1,1,1,1,222
41004,-40,23,1,135,0,0,0,0,0,1,1,1,1,187,159,185,159,187,159,185,159,187,159,185,159,187,159,185,159,1,1,1,1,223
41004,125,-1,0,182,1,0,0,0,0,0,0,0,0,0,0,0,0,0,0,0,0,0,0,0,0,0,0,0,0,0,0,0,0,224
41004,125,-1,0,182,1,0,0,0,0,0,0,0,0,0,0,0,0,0,0,0,0,0,0,0,0,0,0,0,0,0,0,0,0,225
41004,125,-1,0,204,1,0,0,0,0,0,0,0,0,0,0,0,0,0,0,0,0,0,0,0,0,0,0,0,0,0,0,0,0,226
41004,125,-1,0,182,1,0,0,0,0,0,0,0,0,0,0,0,0,0,0,0,0,187,0,187,0,187,0,187,0,0,0,0,0,227
41004,125,-1,1,159,1,0,0,0,0,0,0,0,0,187,0,187,0,187,0,187,0,187,0,187,0,187,0,187,0,0,0,0,0,228
41004,125,-1,1,159,1,0,0,0,0,0,0,0,0,187,0,187,0,187,0,187,0,187,0,187,0,187,0,187,0,0,0,0,0,229
41004,125,-1,1,159,1,0,0,0,0,0,0,0,0,187,0,187,0,187,0,187,0,187,0,187,0,187,0,187,0,0,0,0,0,230
41004,125,-1,1,159,1,0,0,0,0,0,0,0,0,187,0,187,0,187,0,187,0,187,159,187,159,187,159,187,159,1,1,1,1,231
41004,125,0,0,204,0,0,0,0,0,0,0,0,0,187,159,187,159,187,159,187,159,187,159,187,159,187,159,187,159,1,1,1,1,232
41004,125,1,1,182,0,0,0,0,0,0,0,0,0,187,159,187,159,187,159,187,159,187,159,187,159,187,159,187,159,1,1,1,1,233
41004,125,2,0,204,0,0,0,0,0,0,0,0,0,187,159,187,159,187,159,187,159,187,159,187,159,187,159,187,159,1,1,1,1,234
41004,125,3,1,182,0,0,0,0,0,0,0,0,0,187,159,187,159,187,159,187,159,187,159,187,159,187,159,187,159,1,1,1,1,235
41004,125,4,0,225,0,1,1,1,1,0,0,0,0,187,159,187,159,187,159,187,159,187,159,187,159,187,159,187,159,1,1,1,1,236
41004,125,5,1,182,0,0,0,0,0,1,1,1,1,187,159,187,159,187,159,187,159,187,159,187,159,187,159,187,159,1,1,1,1,237
41004,125,6,0,204,0,0,0,0,0,1,1,1,1,187,159,187,159,187,159,187,159,187,159,187,159,187,159,187,159,1,1,1,1,238
41004,125,7,1,182,0,0,0,0,0,1,1,1,1,187,159,187,159,187,159,187,159,187,159,187,159,187,159,187,159,1,1,1,1,239
41004,125,8,0,204,0,0,0,0,0,1,1,1,1,187,159,187,159,187,159,187,159,187,159,187,159,187,159,187,159,1,1,1,1,240
41004,125,9,1,182,0,0,0,0,0,1,1,1,1,187,159,187,159,187,159,187,159,187,159,187,159,187,159,187,159,1,1,1,1,241
41004,125,10,0,204,0,0,0,0,0,1,1,1,1,187,159,187,159,187,159,187,159,187,159,187,159,187,159,187,159,1,1,1,1,242
41004,125,11,1,182,0,0,0,0,0,1,1,1,1,187,159,187,159,187,159,187,159,187,159,187,159,187,159,187,159,1,1,1,1,243
41004,125,12,0,204,0,0,0,0,0,1,1,1,1,187,159,187,159,187,159,187,159,187,159,187,159,187,159,187,159,1,1,1,1,244
41004,125,13,1,182,0,0,0,0,0,1,1,1,1,187,159,187,159,187,159,187,159,187,159,187,159,187,159,187,159,1,1,1,1,245
41004,125,14,0,204,0,0,0,0,0,1,1,1,1,187,159,187,159,187,159,187,159,187,159,187,159,187,159,187,159,1,1,1,1,246
41004,125,15,1,182,0,0,0,0,0,1,1,1,1,187,159,187,159,187,159,187,159,187,159,187,159,187,159,187,159,1,1,1,1,247
41004,125,16,0,204,0,0,0,0,0,1,1,1,1,187,159,187,159,187,159,187,159,187,159,187,159,187,159,187,159,1,1,1,1,248
41004,125,17,1,182,0,0,0,0,0,1,1,1,1,187,159,187,159,187,159,187,159,187,159,187,159,187,159,187,159,1,1,1,1,249
41004,125,18,0,204,0,0,0,0,0,1,1,1,1,187,159,187,159,187,159,187,159,187,159,187,159,187,159,187,159,1,1,1,1,250
41004,125,19,1,182,0,0,0,0,0,1,1,1,1,187,159,187,159,187,159,187,159,187,159,187,159,187,159,187,159,1,1,1,1,251
41004,125,20,0,204,0,0,0,0,0,1,1,1,1,187,159,187,159,187,159,187,159,187,159,187,159,187,159,187,159,1,1,1,1,252
41004,125,21,1,182,0,0,0,0,0,1,1,1,1,187,159,187,159,187,159,187,159,187,159,187,159,187,159,187,159,1,1,1,1,253
41004,125,22,0,204,0,0,0,0,0,1,1,1,1,187,159,187,159,187,159,187,159,187,159,187,159,187,159,187,159,1,1,1,1,254
41004,125,23,1,182,0,0,0,0,0,1,1,1,1,187,159,187,159,187,159,187,159,187,159,187,159,187,159,187,159,1,1,1,1,255
41005,-40,-1,0,204,1,0,0,0,0,0,0,0,0,0,0,0,0,0,0,0,0,0,0,0,0,0,0,0,0,0,0,0,0,256
41005,-40,-1,0,204,1,0,0,0,0,0,0,0,0,0,0,0,0,0,0,0,0,0,0,0,0,0,0,0,0,0,0,0,0,257
41005,-40,-1,0,204,1,0,0,0,0,0,0,0,0,0,0,0,0,0,0,0,0,0,0,0,0,0,0,0,0,0,0,0,0,258
41005,-40,-1,0,204,1,0,0,0,0,0,0,0,0,0,0,0,0,0,0,0,0,204,0,204,0,204,0,204,0,0,0,0,0,259
41005,-40,-1,1,182,1,0,0,0,0,0,0,0,0,204,0,204,0,204,0,204,0,204,0,204,0,204,0,204,0,0,0,0,0,260
41005,-40,-1,1,159,1,0,0,0,0,0,0,0,0,204,0,204,0,204,0,204,0,204,0,204,0,204,0,204,0,0,0,0,0,261
41005,-40,-1,1,182,1,0,0,0,0,0,0,0,0,204,0,204,0,204,0,204,0,204,0,204,0,204,0,204,0,0,0,0,0,262
41005,-40,-1,1,182,1,0,0,0,0,0,0,0,0,204,0,204,0,204,0,204,0,204,176,204,176,204,176,204,176,1,1,1,1,263
41005,-40,0,0,182,0,0,0,0,0,0,0,0,0,204,176,204,176,204,176,204,176,204,176,204,176,204,176,204,176,1,1,1,1,264
41005,-40,1,1,159,0,0,0,0,0,0,0,0,0,204,176,204,176,204,176,204,176,204,176,204,176,204,176,204,176,1,1,1,1,265
41005,-40,2,0,182,0,0,0,0,0,0,0,0,0,204,176,204,176,204,176,204,176,204,176,204,176,204,176,204,176,1,1,1,1,266
41005,-40,3,1,135,0,1,1,1,1,0,0,0,0,204,176,204,176,204,176,204,176,204,176,204,176,204,176,204,176,1,1,1,1,267
41005,-40,4,0,204,0,0,0,0,0,1,1,1,1,204,176,204,176,204,176,204,176,204,176,204,176,204,176,204,176,1,1,1,1,268
41005,-40,5,1,159,0,0,0,0,0,1,1,1,1,204,176,204,176,204,176,204,176,204,176,204,176,204,176,204,176,1,1,1,1,269
41005,-40,6,0,182,0,0,0,0,0,1,1,1,1,204,176,204,176,204,176,204,176,204,176,204,176,204,176,204,176,1,1,1,1,270
41005,-40,7,1,159,0,0,0,0,0,1,1,1,1,204,176,204,176,204,176,204,176,204,176,204,176,204,176,204,176,1,1,1,1,271
41005,-40,8,0,182,0,0,0,0,0,1,1,1,1,204,176,204,176,204,176,204,176,204,176,204,176,204,176,204,176,1,1,1,1,272
41005,-40,9,1,159,0,0,0,0,0,1,1,1,1,204,176,204,176,204,176,204,176,204,176,204,176,204,176,204,176,1,1,1,1,273
41005,-40,10,0,182,0,0,0,0,0,1,1,1,1,204,176,204,176,204,176,204,176,204,176,204,176,204,176,204,176,1,1,1,1,274
41005,-40,11,1,159,0,0,0,0,0,1,1,1,1,204,176,204,176,204,176,204,176,204,176,204,176,204,176,204,176,1,1,1,1,275
41005,-40,12,0,182,0,0,0,0,0,1,1,1,1,204,176,204,176,204,176,204,176,204,176,204,176,204,176,204,176,1,1,1,1,276
41005,-40,13,1,135,0,1,1,1,1,1,1,1,1,204,176,204,176,204,176,204,176,204,176,204,176,204,176,204,176,1,1,1,1,277
41005,-40,14,0,182,0,0,0,0,0,1,1,1,1,204,176,204,176,204,176,204,176,204,176,204,176,204,176,204,176,1,1,1,1,278
41005,-40,15,1,159,0,0,0,0,0,1,1,1,1,204,176,204,176,204,176,204,176,204,176,204,176,204,176,204,176,1,1,1,1,279
41005,-40,16,0,182,0,0,0,0,0,1,1,1,1,204,176,204,176,204,176,204,176,204,176,204,176,204,176,204,176,1,1,1,1,280
41005,-40,17,1,159,0,0,0,0,0,1,1,1,1,204,176,204,176,204,176,204,176,204,176,204,176,204,176,204,176,1,1,1,1,281
41005,-40,18,0,182,0,0,0,0,0,1,1,1,1,204,176,204,176,204,176,204,176,204,176,204,176,204,176,204,176,1,1,1,1,282
41005,-40,19,1,159,0,0,0,0,0,1,1,1,1,204,176,204,176,204,176,204,176,204,176,204,176,204,176,204,176,1,1,1,1,283
41005,-40,20,0,182,0,0,0,0,0,1,1,1,1,204,176,204,176,204,176,204,176,204,176,204,176,204,176,204,176,1,1,1,1,284
41005,-40,21,1,135,0,1,1,1,1,1,1,1,1,204,176,204,176,204,176,204,176,204,176,204,176,204,176,204,176,1,1,1,1,285
41005,-40,22,0,182,0,0,0,0,0,1,1,1,1,204,176,204,176,204,176,204,176,204,176,204,176,204,176,204,176,1,1,1,1,286
41005,-40,23,1,159,0,0,0,0,0,1,1,1,1,204,176,204,176,204,176,204,176,204,176,204,176,204,176,204,176,1,1,1,1,287
41005,125,-1,0,204,1,0,0,0,0,0,0,0,0,0,0,0,0,0,0,0,0,0,0,0,0,0,0,0,0,0,0,0,0,288
41005,125,-1,0,204,1,0,0,0,0,0,0,0,0,0,0,0,0,0,0,0,0,0,0,0,0,0,0,0,0,0,0,0,0,289
41005,125,-1,0,204,1,0,0,0,0,0,0,0,0,0,0,0,0,0,0,0,0,0,0,0,0,0,0,0,0,0,0,0,0,290
41005,125,-1,0,204,1,0,0,0,0,0,0,0,0,0,0,0,0,0,0,0,0,204,0,204,0,204,0,204,0,0,0,0,0,291
41005,125,-1,1,182,1,0,0,0,0,0,0,0,0,204,0,204,0,204,0,204,0,204,0,204,0,204,0,204,0,0,0,0,0,292
41005,125,-1,1,159,1,0,0,0,0,0,0,0,0,204,0,204,0,204,0,204,0,204,0,204,0,204,0,204,0,0,0,0,0,293
41005,125,-1,1,182,1,0,0,0,0,0,0,0,0,204,0,204,0,204,0,204,0,204,0,204,0,204,0,204,0,0,0,0,0,294
41005,125,-1,1,182,1,0,0,0,0,0,0,0,0,204,0,204,0,204,0,204,0,204,176,204,176,204,176,204,176,1,1,1,1,295
41005,125,0,0,225,0,1,1,1,1,0,0,0,0,204,176,204,176,204,176,204,176,204,176,204,176,204,176,204,176,1,1,1,1,296
41005,125,1,1,204,0,1,1,1,1,1,1,1,1,204,176,204,176,204,176,204,176,204,176,204,176,204,176,204,176,1,1,1,1,297
41005,125,2,0,225,0,1,1,1,1,1,1,1,1,204,176,204,176,204,176,204,176,204,176,204,176,204,176,204,176,1,1,1,1,298
41005,125,3,1,204,0,1,1,1,1,1,1,1,1,204,176,204,176,204,176,204,176,204,176,204,176,204,176,204,176,1,1,1,1,299
41005,125,4,0,225,0,1,1,1,1,1,1,1,1,204,176,204,176,204,176,204,176,204,176,204,176,204,176,204,176,1,1,1,1,300
41005,125,5,1,204,0,1,1,1,1,1,1,1,1,204,176,204,176,204,176,204,176,204,176,204,176,204,176,204,176,1,1,1,1,301
41005,125,6,0,225,0,1,1,1,1,1,1,1,1,204,176,204,176,204,176,204,176,204,176,204,176,204,176,204,176,1,1,1,1,302
41005,125,7,1,204,0,1,1,1,1,1,1,1,1,204,176,204,176,204,176,204,176,204,176,204,176,204,176,204,176,1,1,1,1,303
41005,125,8,0,225,0,1,1,1,1,1,1,1,1,204,176,204,176,204,176,204,176,204,176,204,176,204,176,204,176,1,1,1,1,304
41005,125,9,1,204,0,1,1,1,1,1,1,1,1,204,176,204,176,204,176,204,176,204,176,204,176,204,176,204,176,1,1,1,1,305
41005,125,10,0,225,0,1,1,1,1,1,1,1,1,204,176,204,176,204,176,204,176,204,176,204,176,204,176,204,176,1,1,1,1,306
41005,125,11,1,204,0,1,1,1,1,1,1,1,1,204,176,204,176,204,176,204,176,204,176,204,176,204,176,204,176,1,1,1,1,307
41005,125,12,0,225,0,1,1,1,1,1,1,1,1,204,176,204,176,204,176,204,176,204,176,204,176,204,176,204,176,1,1,1,1,308
41005,125,13,1,204,0,1,1,1,1,1,1,1,1,204,176,204,176,204,176,204,176,204,176,204,176,204,176,204,176,1,1,1,1,309
41005,125,14,0,225,0,1,1,1,1,1,1,1,1,204,176,204,176,204,176,204,176,204,176,204,176,204,176,204,176,1,1,1,1,310
41005,125,15,1,204,0,1,1,1,1,1,1,1,1,204,176,204,176,204,176,204,176,204,176,204,176,204,176,204,176,1,1,1,1,311
41005,125,16,0,225,0,1,1,1,1,1,1,1,1,204,176,204,176,204,176,204,176,204,176,204,176,204,176,204,176,1,1,1,1,312
41005,125,17,1,204,0,1,1,1,1,1,1,1,1,204,176,204,176,204,176,204,176,204,176,204,176,204,176,204,176,1,1,1,1,313
41005,125,18,0,225,0,1,1,1,1,1,1,1,1,204,176,204,176,204,176,204,176,204,176,204,176,204,176,204,176,1,1,1,1,314
41005,125,19,1,204,0,1,1,1,1,1,1,1,1,204,176,204,176,204,176,204,176,204,176,204,176,204,176,204,176,1,1,1,1,315
41005,125,20,0,225,0,1,1,1,1,1,1,1,1,204,176,204,176,204,176,204,176,204,176,204,176,204,176,204,176,1,1,1,1,316
41005,125,21,1,182,0,0,0,0,0,1,1,1,1,204,176,204,176,204,176,204,176,204,176,204,176,204,176,204,176,1,1,1,1,317
41005,125,22,0,225,0,1,1,1,1,1,1,1,1,204,176,204,176,204,176,204,176,204,176,204,176,204,176,204,176,1,1,1,1,318
41005,125,23,1,204,0,1,1,1,1,1,1,1,1,204,176,204,176,204,176,204,176,204,176,204,176,204,176,204,176,1,1,1,1,319
41006,-40,-1,0,182,1,0,0,0,0,0,0,0,0,0,0,0,0,0,0,0,0,0,0,0,0,0,0,0,0,0,0,0,0,320
41006,-40,-1,0,182,1,0,0,0,0,0,0,0,0,0,0,0,0,0,0,0,0,0,0,0,0,0,0,0,0,0,0,0,0,321
41006,-40,-1,0,182,1,0,0,0,0,0,0,0,0,0,0,0,0,0,0,0,0,0,0,0,0,0,0,0,0,0,0,0,0,322
41006,-40,-1,0,182,1,0,0,0,0,0,0,0,0,0,0,0,0,0,0,0,0,182,0,182,0,182,0,182,0,0,0,0,0,323
41006,-40,-1,1,182,1,0,0,0,0,0,0,0,0,182,0,182,0,182,0,182,0,182,0,182,0,182,0,182,0,0,0,0,0,324
41006,-40,-1,1,182,1,0,0,0,0,0,0,0,0,182,0,182,0,182,0,182,0,182,0,182,0,182,0,182,0,0,0,0,0,325
41006,-40,-1,1,182,1,0,0,0,0,0,0,0,0,182,0,182,0,182,0,182,0,182,0,182,0,182,0,182,0,0,0,0,0,326
41006,-40,-1,1,182,1,0,0,0,0,0,0,0,0,182,0,182,0,182,0,182,0,182,182,182,182,182,182,182,182,1,1,1,1,327
41006,-40,0,0,159,0,1,1,1,1,0,0,0,0,182,182,182,182,182,182,182,182,182,182,182,182,182,182,182,182,1,1,1,1,328
41006,-40,1,1,159,0,0,0,0,0,1,1,1,1,182,182,182,182,182,182,182,182,182,182,182,182,182,182,182,182,1,1,1,1,329
41006,-40,2,0,159,0,1,1,1,1,1,1,1,1,182,182,182,182,182,182,182,182,182,182,182,182,182,182,182,182,1,1,1,1,330
41006,-40,3,1,159,0,0,0,0,0,1,1,1,1,182,182,182,182,182,182,182,182,182,182,182,182,182,182,182,182,1,1,1,1,331
41006,-40,4,0,182,0,0,0,0,0,1,1,1,1,182,182,182,182,182,182,182,182,182,182,182,182,182,182,182,182,1,1,1,1,332
41006,-40,5,1,159,0,0,0,0,0,1,1,1,1,182,182,182,182,182,182,182,182,182,182,182,182,182,182,182,182,1,1,1,1,333
41006,-40,6,0,159,0,1,1,1,1,1,1,1,1,182,182,182,182,182,182,182,182,182,182,182,182,182,182,182,182,1,1,1,1,334
41006,-40,7,1,159,0,0,0,0,0,1,1,1,1,182,182,182,182,182,182,182,182,182,182,182,182,182,182,182,182,1,1,1,1,335
41006,-40,8,0,159,0,1,1,1,1,1,1,1,1,182,182,182,182,182,182,182,182,182,182,182,182,182,182,182,182,1,1,1,1,336
41006,-40,9,1,159,0,0,0,0,0,1,1,1,1,182,182,182,182,182,182,182,182,182,182,182,182,182,182,182,182,1,1,1,1,337
41006,-40,10,0,159,0,1,1,1,1,1,1,1,1,182,182,182,182,182,182,182,182,182,182,182,182,182,182,182,182,1,1,1,1,338
41006,-40,11,1,159,0,0,0,0,0,1,1,1,1,182,182,182,182,182,182,182,182,182,182,182,182,182,182,182,182,1,1,1,1,339
41006,-40,12,0,159,0,1,1,1,1,1,1,1,1,182,182,182,182,182,182,182,182,182,182,182,182,182,182,182,182,1,1,1,1,340
41006,-40,13,1,159,0,0,0,0,0,1,1,1,1,182,182,182,182,182,182,182,182,182,182,182,182,182,182,182,182,1,1,1,1,341
41006,-40,14,0,159,0,1,1,1,1,1,1,1,1,182,182,182,182,182,182,182,182,182,182,182,182,182,182,182,182,1,1,1,1,342
41006,-40,15,1,159,0,0,0,0,0,1,1,1,1,182,182,182,182,182,182,182,182,182,182,182,182,182,182,182,182,1,1,1,1,343
41006,-40,16,0,159,0,1,1,1,1,1,1,1,1,182,182,182,182,182,182,182,182,182,182,182,182,182,182,182,182,1,1,1,1,344
41006,-40,17,1,159,0,0,0,0,0,1,1,1,1,182,182,182,182,182,182,182,182,182,182,182,182,182,182,182,182,1,1,1,1,345
41006,-40,18,0,159,0,1,1,1,1,1,1,1,1,182,182,182,182,182,182,182,182,182,182,182,182,182,182,182,182,1,1,1,1,346
41006,-40,19,1,159,0,0,0,0,0,1,1,1,1,182,182,182,182,182,182,182,182,182,182,182,182,182,182,182,182,1,1,1,1,347
41006,-40,20,0,159,0,1,1,1,1,1,1,1,1,182,182,182,182,182,182,182,182,182,182,182,182,182,182,182,182,1,1,1,1,348
41006,-40,21,1,135,0,1,1,1,1,1,1,1,1,182,182,182,182,182,182,182,182,182,182,182,182,182,182,182,182,1,1,1,1,349
41006,-40,22,0,159,0,1,1,1,1,1,1,1,1,182,182,182,182,182,182,182,182,182,182,182,182,182,182,182,182,1,1,1,1,350
41006,-40,23,1,159,0,0,0,0,0,1,1,1,1,182,182,182,182,182,182,182,182,182,182,182,182,182,182,182,182,1,1,1,1,351
41006,125,-1,0,182,1,0,0,0,0,0,0,0,0,0,0,0,0,0,0,0,0,0,0,0,0,0,0,0,0,0,0,0,0,352
41006,125,-1,0,182,1,0,0,0,0,0,0,0,0,0,0,0,0,0,0,0,0,0,0,0,0,0,0,0,0,0,0,0,0,353
41006,125,-1,0,182,1,0,0,0,0,0,0,0,0,0,0,0,0,0,0,0,0,0,0,0,0,0,0,0,0,0,0,0,0,354
41006,125,-1,0,182,1,0,0,0,0,0,0,0,0,0,0,0,0,0,0,0,0,182,0,182,0,182,0,182,0,0,0,0,0,355
41006,125,-1,1,182,1,0,0,0,0,0,0,0,0,182,0,182,0,182,0,182,0,182,0,182,0,182,0,182,0,0,0,0,0,356
41006,125,-1,1,182,1,0,0,0,0,0,0,0,0,182,0,182,0,182,0,182,0,182,0,182,0,182,0,182,0,0,0,0,0,357
41006,125,-1,1,182,1,0,0,0,0,0,0,0,0,182,0,182,0,182,0,182,0,182,0,182,0,182,0,182,0,0,0,0,0,358
41006,125,-1,1,182,1,0,0,0,0,0,0,0,0,182,0,182,0,182,0,182,0,182,182,182,182,182,182,182,182,1,1,1,1,359
41006,125,0,0,204,0,1,1,1,1,0,0,0,0,182,182,182,182,182,182,182,182,182,182,182,182,182,182,182,182,1,1,1,1,360
41006,125,1,1,204,0,0,0,0,0,1,1,1,1,182,182,182,182,182,182,182,182,182,182,182,182,182,182,182,182,1,1,1,1,361
41006,125,2,0,204,0,1,1,1,1,1,1,1,1,182,182,182,182,182,182,182,182,182,182,182,182,182,182,182,182,1,1,1,1,362
41006,125,3,1,204,0,0,0,0,0,1,1,1,1,182,182,182,182,182,182,182,182,182,182,182,182,182,182,182,182,1,1,1,1,363
41006,125,4,0,204,0,1,1,1,1,1,1,1,1,182,182,182,182,182,182,182,182,182,182,182,182,182,182,182,182,1,1,1,1,364
41006,125,5,1,204,0,0,0,0,0,1,1,1,1,182,182,182,182,182,182,182,182,182,182,182,182,182,182,182,182,1,1,1,1,365
41006,125,6,0,204,0,1,1,1,1,1,1,1,1,182,182,182,182,182,182,182,182,182,182,182,182,182,182,182,182,1,1,1,1,366
41006,125,7,1,204,0,0,0,0,0,1,1,1,1,182,182,182,182,182,182,182,182,182,182,182,182,182,182,182,182,1,1,1,1,367
41006,125,8,0,204,0,1,1,1,1,1,1,1,1,182,182,182,182,182,182,182,182,182,182,182,182,182,182,182,182,1,1,1,1,368
41006,125,9,1,204,0,0,0,0,0,1,1,1,1,182,182,182,182,182,182,182,182,182,182,182,182,182,182,182,182,1,1,1,1,369
41006,125,10,0,204,0,1,1,1,1,1,1,1,1,182,182,182,182,182,182,182,182,182,182,182,182,182,182,182,182,1,1,1,1,370
41006,125,11,1,204,0,0,0,0,0,1,1,1,1,182,182,182,182,182,182,182,182,182,182,182,182,182,182,182,182,1,1,1,1,371
41006,125,12,0,204,0,1,1,1,1,1,1,1,1,182,182,182,182,182,182,182,182,182,182,182,182,182,182,182,182,1,1,1,1,372
41006,125,13,1,204,0,0,0,0,0,1,1,1,1,182,182,182,182,182,182,182,182,182,182,182,182,182,182,182,182,1,1,1,1,373
41006,125,14,0,204,0,1,1,1,1,1,1,1,1,182,182,182,182,182,182,182,182,182,182,182,182,182,182,182,182,1,1,1,1,374
41006,125,15,1,204,0,0,0,0,0,1,1,1,1,182,182,182,182,182,182,182,182,182,182,182,182,182,182,182,182,1,1,1,1,375
41006,125,16,0,204,0,1,1,1,1,1,1,1,1,182,182,182,182,182,182,182,182,182,182,182,182,182,182,182,182,1,1,1,1,376
41006,125,17,1,204,0,0,0,0,0,1,1,1,1,182,182,182,182,182,182,182,182,182,182,182,182,182,182,182,182,1,1,1,1,377
41006,125,18,0,204,0,1,1,1,1,1,1,1,1,182,182,182,182,182,182,182,182,182,182,182,182,182,182,182,182,1,1,1,1,378
41006,125,19,1,204,0,0,0,0,0,1,1,1,1,182,182,182,182,182,182,182,182,182,182,182,182,182,182,182,182,1,1,1,1,379
41006,125,20,0,204,0,1,1,1,1,1,1,1,1,182,182,182,182,182,182,182,182,182,182,182,182,182,182,182,182,1,1,1,1,380
41006,125,21,1,204,0,0,0,0,0,1,1,1,1,182,182,182,182,182,182,182,182,182,182,182,182,182,182,182,182,1,1,1,1,381
41006,125,22,0,204,0,1,1,1,1,1,1,1,1,182,182,182,182,182,182,182,182,182,182,182,182,182,182,182,182,1,1,1,1,382
41006,125,23,1,204,0,0,0,0,0,1,1,1,1,182,182,182,182,182,182,182,182,182,182,182,182,182,182,182,182,1,1,1,1,383
41007,-40,-1,0,204,1,0,0,0,0,0,0,0,0,0,0,0,0,0,0,0,0,0,0,0,0,0,0,0,0,0,0,0,0,384
41007,-40,-1,0,204,1,0,0,0,0,0,0,0,0,0,0,0,0,0,0,0,0,0,0,0,0,0,0,0,0,0,0,0,0,385
41007,-40,-1,0,204,1,0,0,0,0,0,0,0,0,0,0,0,0,0,0,0,0,0,0,0,0,0,0,0,0,0,0,0,0,386
41007,-40,-1,0,204,1,0,0,0,0,0,0,0,0,0,0,0,0,0,0,0,0,204,0,204,0,204,0,204,0,0,0,0,0,387
41007,-40,-1,1,182,1,0,0,0,0,0,0,0,0,204,0,204,0,204,0,204,0,204,0,204,0,204,0,204,0,0,0,0,0,388
41007,-40,-1,1,182,1,0,0,0,0,0,0,0,0,204,0,204,0,204,0,204,0,204,0,204,0,204,0,204,0,0,0,0,0,389
41007,-40,-1,1,182,1,0,0,0,0,0,0,0,0,204,0,204,0,204,0,204,0,204,0,204,0,204,0,204,0,0,0,0,0,390
41007,-40,-1,1,182,1,0,0,0,0,0,0,0,0,204,0,204,0,204,0,204,0,204,182,204,182,204,182,204,182,1,1,1,1,391
41007,-40,0,0,182,0,0,0,0,0,0,0,0,0,204,182,204,182,204,182,204,182,204,182,204,182,204,182,204,182,1,1,1,1,392
41007,-40,1,1,159,0,0,0,0,0,0,0,0,0,204,182,204,182,204,182,204,182,204,182,204,182,204,182,204,182,1,1,1,1,393
41007,-40,2,0,182,0,0,0,0,0,0,0,0,0,204,182,204,182,204,182,204,182,204,182,204,182,204,182,204,182,1,1,1,1,394
41007,-40,3,1,159,0,0,0,0,0,0,0,0,0,204,182,204,182,204,182,204,182,204,182,204,182,204,182,204,182,1,1,1,1,395
41007,-40,4,0,182,0,0,0,0,0,0,0,0,0,204,182,204,182,204,182,204,182,204,182,204,182,204,182,204,182,1,1,1,1,396
41007,-40,5,1,159,0,0,0,0,0,0,0,0,0,204,182,204,182,204,182,204,182,204,182,204,182,204,182,204,182,1,1,1,1,397
41007,-40,6,0,182,0,0,0,0,0,0,0,0,0,204,182,204,182,204,182,204,182,204,182,204,182,204,182,204,182,1,1,1,1,398
41007,-40,7,1,159,0,0,0,0,0,0,0,0,0,204,182,204,182,204,182,204,182,204,182,204,182,204,182,204,182,1,1,1,1,399
41007,-40,8,0,182,0,0,0,0,0,0,0,0,0,204,182,204,182,204,182,204,182,204,182,204,182,204,182,204,182,1,1,1,1,400
41007,-40,9,1,159,0,0,0,0,0,0,0,0,0,204,182,204,182,204,182,204,182,204,182,204,182,204,182,204,182,1,1,1,1,401
41007,-40,10,0,182,0,0,0,0,0,0,0,0,0,204,182,204,182,204,182,204,182,204,182,204,182,204,182,204,182,1,1,1,1,402
41007,-40,11,1,159,0,0,0,0,0,0,0,0,0,204,182,204,182,204,182,204,182,204,182,204,182,204,182,204,182,1,1,1,1,403
41007,-40,12,0,182,0,0,0,0,0,0,0,0,0,204,182,204,182,204,182,204,182,204,182,204,182,204,182,204,182,1,1,1,1,404
41007,-40,13,1,159,0,0,0,0,0,0,0,0,0,204,182,204,182,204,182,204,182,204,182,204,182,204,182,204,182,1,1,1,1,405
41007,-40,14,0,182,0,0,0,0,0,0,0,0,0,204,182,204,182,204,182,204,182,204,182,204,182,204,182,204,182,1,1,1,1,406
41007,-40,15,1,159,0,0,0,0,0,0,0,0,0,204,182,204,182,204,182,204,182,204,182,204,182,204,182,204,182,1,1,1,1,407
41007,-40,16,0,182,0,0,0,0,0,0,0,0,0,204,182,204,182,204,182,204,182,204,182,204,182,204,182,204,182,1,1,1,1,408
41007,-40,17,1,159,0,0,0,0,0,0,0,0,0,204,182,204,182,204,182,204,182,204,182,204,182,204,182,204,182,1,1,1,1,409
41007,-40,18,0,182,0,0,0,0,0,0,0,0,0,204,182,204,182,204,182,204,182,204,182,204,182,204,182,204,182,1,1,1,1,410
41007,-40,19,1,159,0,0,0,0,0,0,0,0,0,204,182,204,182,204,182,204,182,204,182,204,182,204,182,204,182,1,1,1,1,411
41007,-40,20,0,182,0,0,0,0,0,0,0,0,0,204,182,204,182,204,182,204,182,204,182,204,182,204,182,204,182,1,1,1,1,412
41007,-40,21,1,135,0,1,1,1,1,0,0,0,0,204,182,204,182,204,182,204,182,204,182,204,182,204,182,204,182,1,1,1,1,413
41007,-40,22,0,182,0,0,0,0,0,1,1,1,1,204,182,204,182,204,182,204,182,204,182,204,182,204,182,204,182,1,1,1,1,414
41007,-40,23,1,159,0,0,0,0,0,1,1,1,1,204,182,204,182,204,182,204,182,204,182,204,182,204,182,204,182,1,1,1,1,415
41007,125,-1,0,204,1,0,0,0,0,0,0,0,0,0,0,0,0,0,0,0,0,0,0,0,0,0,0,0,0,0,0,0,0,416
41007,125,-1,0,204,1,0,0,0,0,0,0,0,0,0,0,0,0,0,0,0,0,0,0,0,0,0,0,0,0,0,0,0,0,417
41007,125,-1,0,204,1,0,0,0,0,0,0,0,0,0,0,0,0,0,0,0,0,0,0,0,0,0,0,0,0,0,0,0,0,418
41007,125,-1,0,204,1,0,0,0,0,0,0,0,0,0,0,0,0,0,0,0,0,204,0,204,0,204,0,204,0,0,0,0,0,419
41007,125,-1,1,182,1,0,0,0,0,0,0,0,0,204,0,204,0,204,0,204,0,204,0,204,0,204,0,204,0,0,0,0,0,420
41007,125,-1,1,182,1,0,0,0,0,0,0,0,0,204,0,204,0,204,0,204,0,204,0,204,0,204,0,204,0,0,0,0,0,421
41007,125,-1,1,182,1,0,0,0,0,0,0,0,0,204,0,204,0,204,0,204,0,204,0,204,0,204,0,204,0,0,0,0,0,422
41007,125,-1,1,182,1,0,0,0,0,0,0,0,0,204,0,204,0,204,0,204,0,204,182,204,182,204,182,204,182,1,1,1,1,423
41007,125,0,0,204,0,0,0,0,0,0,0,0,0,204,182,204,182,204,182,204,182,204,182,204,182,204,182,204,182,1,1,1,1,424
41007,125,1,1,204,0,0,0,0,0,0,0,0,0,204,182,204,182,204,182,204,182,204,182,204,182,204,182,204,182,1,1,1,1,425
41007,125,2,0,204,0,0,0,0,0,0,0,0,0,204,182,204,182,204,182,204,182,204,182,204,182,204,182,204,182,1,1,1,1,426
41007,125,3,1,204,0,0,0,0,0,0,0,0,0,204,182,204,182,204,182,204,182,204,182,204,182,204,182,204,182,1,1,1,1,427
41007,125,4,0,225,0,1,1,1,1,0,0,0,0,204,182,204,182,204,182,204,182,204,182,204,182,204,182,204,182,1,1,1,1,428
41007,125,5,1,204,0,0,0,0,0,1,1,1,1,204,182,204,182,204,182,204,182,204,182,204,182,204,182,204,182,1,1,1,1,429
41007,125,6,0,204,0,0,0,0,0,1,1,1,1,204,182,204,182,204,182,204,182,204,182,204,182,204,182,204,182,1,1,1,1,430
41007,125,7,1,204,0,0,0,0,0,1,1,1,1,204,182,204,182,204,182,204,182,204,182,204,182,204,182,204,182,1,1,1,1,431
41007,125,8,0,204,0,0,0,0,0,1,1,1,1,204,182,204,182,204,182,204,182,204,182,204,182,204,182,204,182,1,1,1,1,432
41007,125,9,1,204,0,0,0,0,0,1,1,1,1,204,182,204,182,204,182,204,182,204,182,204,182,204,182,204,182,1,1,1,1,433
41007,125,10,0,204,0,0,0,0,0,1,1,1,1,204,182,204,182,204,182,204,182,204,182,204,182,204,182,204,182,1,1,1,1,434
41007,125,11,1,204,0,0,0,0,0,1,1,1,1,204,182,204,182,204,182,204,182,204,182,204,182,204,182,204,182,1,1,1,1,435
41007,125,12,0,204,0,0,0,0,0,1,1,1,1,204,182,204,182,204,182,204,182,204,182,204,182,204,182,204,182,1,1,1,1,436
41007,125,13,1,204,0,0,0,0,0,1,1,1,1,204,182,204,182,204,182,204,182,204,182,204,182,204,182,204,182,1,1,1,1,437
41007,125,14,0,204,0,0,0,0,0,1,1,1,1,204,182,204,182,204,182,204,182,204,182,204,182,204,182,204,182,1,1,1,1,438
41007,125,15,1,204,0,0,0,0,0,1,1,1,1,204,182,204,182,204,182,204,182,204,182,204,182,204,182,204,182,1,1,1,1,439
41007,125,16,0,204,0,0,0,0,0,1,1,1,1,204,182,204,182,204,182,204,182,204,182,204,182,204,182,204,182,1,1,1,1,440
41007,125,17,1,204,0,0,0,0,0,1,1,1,1,204,182,204,182,204,182,204,182,204,182,204,182,204,182,204,182,1,1,1,1,441
41007,125,18,0,204,0,0,0,0,0,1,1,1,1,204,182,204,182,204,182,204,182,204,182,204,182,204,182,204,182,1,1,1,1,442
41007,125,19,1,204,0,0,0,0,0,1,1,1,1,204,182,204,182,204,182,204,182,204,182,204,182,204,182,204,182,1,1,1,1,443
41007,125,20,0,204,0,0,0,0,0,1,1,1,1,204,182,204,182,204,182,204,182,204,182,204,182,204,182,204,182,1,1,1,1,444
41007,125,21,1,204,0,0,0,0,0,1,1,1,1,204,182,204,182,204,182,204,182,204,182,204,182,204,182,204,182,1,1,1,1,445
41007,125,22,0,204,0,0,0,0,0,1,1,1,1,204,182,204,182,204,182,204,182,204,182,204,182,204,182,204,182,1,1,1,1,446
41007,125,23,1,204,0,0,0,0,0,1,1,1,1,204,182,204,182,204,182,204,182,204,182,204,182,204,182,204,182,1,1,1,1,447
41008,-40,-1,0,182,1,0,0,0,0,0,0,0,0,0,0,0,0,0,0,0,0,0,0,0,0,0,0,0,0,0,0,0,0,448
41008,-40,-1,0,182,1,0,0,0,0,0,0,0,0,0,0,0,0,0,0,0,0,0,0,0,0,0,0,0,0,0,0,0,0,449
41008,-40,-1,0,182,1,0,0,0,0,0,0,0,0,0,0,0,0,0,0,0,0,0,0,0,0,0,0,0,0,0,0,0,0,450
41008,-40,-1,0,182,1,0,0,0,0,0,0,0,0,0,0,0,0,0,0,0,0,182,0,182,0,182,0,182,0,0,0,0,0,451
41008,-40,-1,1,159,1,0,0,0,0,0,0,0,0,182,0,182,0,182,0,182,0,182,0,182,0,182,0,182,0,0,0,0,0,452
41008,-40,-1,1,159,1,0,0,0,0,0,0,0,0,182,0,182,0,182,0,182,0,182,0,182,0,182,0,182,0,0,0,0,0,453
41008,-40,-1,1,159,1,0,0,0,0,0,0,0,0,182,0,182,0,182,0,182,0,182,0,182,0,182,0,182,0,0,0,0,0,454
41008,-40,-1,1,159,1,0,0,0,0,0,0,0,0,182,0,182,0,182,0,182,0,182,159,182,159,182,159,182,159,1,1,1,1,455
41008,-40,0,0,182,0,0,0,0,0,0,0,0,0,182,159,182,159,182,159,182,159,182,159,182,159,182,159,182,159,1,1,1,1,456
41008,-40,1,1,159,0,0,0,0,0,0,0,0,0,182,159,182,159,182,159,182,159,182,159,182,159,182,159,182,159,1,1,1,1,457
41008,-40,2,0,159,0,1,1,1,1,0,0,0,0,182,159,182,159,182,159,182,159,182,159,182,159,182,159,182,159,1,1,1,1,458
41008,-40,3,1,135,0,0,0,0,0,1,1,1,1,182,159,182,159,182,159,182,159,182,159,182,159,182,159,182,159,1,1,1,1,459
41008,-40,4,0,182,0,0,0,0,0,1,1,1,1,182,159,182,159,182,159,182,159,182,159,182,159,182,159,182,159,1,1,1,1,460
41008,-40,5,1,159,0,0,0,0,0,1,1,1,1,182,159,182,159,182,159,182,159,182,159,182,159,182,159,182,159,1,1,1,1,461
41008,-40,6,0,159,0,1,1,1,1,1,1,1,1,182,159,182,159,182,159,182,159,182,159,182,159,182,159,182,159,1,1,1,1,462
41008,-40,7,1,159,0,0,0,0,0,1,1,1,1,182,159,182,159,182,159,182,159,182,159,182,159,182,159,182,159,1,1,1,1,463
41008,-40,8,0,159,0,1,1,1,1,1,1,1,1,182,159,182,159,182,159,182,159,182,159,182,159,182,159,182,159,1,1,1,1,464
41008,-40,9,1,159,0,0,0,0,0,1,1,1,1,182,159,182,159,182,159,182,159,182,159,182,159,182,159,182,159,1,1,1,1,465
41008,-40,10,0,182,0,0,0,0,0,1,1,1,1,182,159,182,159,182,159,182,159,182,159,182,159,182,159,182,159,1,1,1,1,466
41008,-40,11,1,135,0,0,0,0,0,1,1,1,1,182,159,182,159,182,159,182,159,182,159,182,159,182,159,182,159,1,1,1,1,467
41008,-40,12,0,159,0,1,1,1,1,1,1,1,1,182,159,182,159,182,159,182,159,182,159,182,159,182,159,182,159,1,1,1,1,468
41008,-40,13,1,135,0,0,0,0,0,1,1,1,1,182,159,182,159,182,159,182,159,182,159,182,159,182,159,182,159,1,1,1,1,469
41008,-40,14,0,159,0,1,1,1,1,1,1,1,1,182,159,182,159,182,159,182,159,182,159,182,159,182,159,182,159,1,1,1,1,470
41008,-40,15,1,135,0,0,0,0,0,1,1,1,1,182,159,182,159,182,159,182,159,182,159,182,159,182,159,182,159,1,1,1,1,471
41008,-40,16,0,159,0,1,1,1,1,1,1,1,1,182,159,182,159,182,159,182,159,182,159,182,159,182,159,182,159,1,1,1,1,472
41008,-40,17,1,159,0,0,0,0,0,1,1,1,1,182,159,182,159,182,159,182,159,182,159,182,159,182,159,182,159,1,1,1,1,473
41008,-40,18,0,159,0,1,1,1,1,1,1,1,1,182,159,182,159,182,159,182,159,182,159,182,159,182,159,182,159,1,1,1,1,474
41008,-40,19,1,135,0,0,0,0,0,1,1,1,1,182,159,182,159,182,159,182,159,182,159,182,159,182,159,182,159,1,1,1,1,475
41008,-40,20,0,159,0,1,1,1,1,1,1,1,1,182,159,182,159,182,159,182,159,182,159,182,159,182,159,182,159,1,1,1,1,476
41008,-40,21,1,135,0,0,0,0,0,1,1,1,1,182,159,182,159,182,159,182,159,182,159,182,159,182,159,182,159,1,1,1,1,477
41008,-40,22,0,182,0,0,0,0,0,1,1,1,1,182,159,182,159,182,159,182,159,182,159,182,159,182,159,182,159,1,1,1,1,478
41008,-40,23,1,159,0,0,0,0,0,1,1,1,1,182,159,182,159,182,159,182,159,182,159,182,159,182,159,182,159,1,1,1,1,479
41008,125,-1,0,182,1,0,0,0,0,0,0,0,0,0,0,0,0,0,0,0,0,0,0,0,0,0,0,0,0,0,0,0,0,480
41008,125,-1,0,182,1,0,0,0,0,0,0,0,0,0,0,0,0,0,0,0,0,0,0,0,0,0,0,0,0,0,0,0,0,481
41008,125,-1,0,182,1,0,0,0,0,0,0,0,0,0,0,0,0,0,0,0,0,0,0,0,0,0,0,0,0,0,0,0,0,482
41008,125,-1,0,182,1,0,0,0,0,0,0,0,0,0,0,0,0,0,0,0,0,182,0,182,0,182,0,182,0,0,0,0,0,483
41008,125,-1,1,159,1,0,0,0,0,0,0,0,0,182,0,182,0,182,0,182,0,182,0,182,0,182,0,182,0,0,0,0,0,484
41008,125,-1,1,159,1,0,0,0,0,0,0,0,0,182,0,182,0,182,0,182,0,182,0,182,0,182,0,182,0,0,0,0,0,485
41008,125,-1,1,159,1,0,0,0,0,0,0,0,0,182,0,182,0,182,0,182,0,182,0,182,0,182,0,182,0,0,0,0,0,486
41008,125,-1,1,159,1,0,0,0,0,0,0,0,0,182,0,182,0,182,0,182,0,182,159,182,159,182,159,182,159,1,1,1,1,487
41008,125,0,0,204,0,1,1,1,1,0,0,0,0,182,159,182,159,182,159,182,159,182,159,182,159,182,159,182,159,1,1,1,1,488
41008,125,1,1,204,0,1,1,1,1,1,1,1,1,182,159,182,159,182,159,182,159,182,159,182,159,182,159,182,159,1,1,1,1,489
41008,125,2,0,204,0,1,1,1,1,1,1,1,1,182,159,182,159,182,159,182,159,182,159,182,159,182,159,182,159,1,1,1,1,490
41008,125,3,1,182,0,0,0,0,0,1,1,1,1,182,159,182,159,182,159,182,159,182,159,182,159,182,159,182,159,1,1,1,1,491
41008,125,4,0,204,0,1,1,1,1,1,1,1,1,182,159,182,159,182,159,182,159,182,159,182,159,182,159,182,159,1,1,1,1,492
41008,125,5,1,204,0,1,1,1,1,1,1,1,1,182,159,182,159,182,159,182,159,182,159,182,159,182,159,182,159,1,1,1,1,493
41008,125,6,0,204,0,1,1,1,1,1,1,1,1,182,159,182,159,182,159,182,159,182,159,182,159,182,159,182,159,1,1,1,1,494
41008,125,7,1,204,0,1,1,1,1,1,1,1,1,182,159,182,159,182,159,182,159,182,159,182,159,182,159,182,159,1,1,1,1,495
41008,125,8,0,204,0,1,1,1,1,1,1,1,1,182,159,182,159,182,159,182,159,182,159,182,159,182,159,182,159,1,1,1,1,496
41008,125,9,1,204,0,1,1,1,1,1,1,1,1,182,159,182,159,182,159,182,159,182,159,182,159,182,159,182,159,1,1,1,1,497
41008,125,10,0,204,0,1,1,1,1,1,1,1,1,182,159,182,159,182,159,182,159,182,159,182,159,182,159,182,159,1,1,1,1,498
41008,125,11,1,182,0,0,0,0,0,1,1,1,1,182,159,182,159,182,159,182,159,182,159,182,159,182,159,182,159,1,1,1,1,499
41008,125,12,0,204,0,1,1,1,1,1,1,1,1,182,159,182,159,182,159,182,159,182,159,182,159,182,159,182,159,1,1,1,1,500
41008,125,13,1,182,0,0,0,0,0,1,1,1,1,182,159,182,159,182,159,182,159,182,159,182,159,182,159,182,159,1,1,1,1,501
41008,125,14,0,204,0,1,1,1,1,1,1,1,1,182,159,182,159,182,159,182,159,182,159,182,159,182,159,182,159,1,1,1,1,502
41008,125,15,1,182,0,0,0,0,0,1,1,1,1,182,159,182,159,182,159,182,159,182,159,182,159,182,159,182,159,1,1,1,1,503
41008,125,16,0,204,0,1,1,1,1,1,1,1,1,182,159,182,159,182,159,182,159,182,159,182,159,182,159,182,159,1,1,1,1,504
41008,125,17,1,204,0,1,1,1,1,1,1,1,1,182,159,182,159,182,159,182,159,182,159,182,159,182,159,182,159,1,1,1,1,505
41008,125,18,0,204,0,1,1,1,1,1,1,1,1,182,159,182,159,182,159,182,159,182,159,182,159,182,159,182,159,1,1,1,1,506
41008,125,19,1,182,0,0,0,0,0,1,1,1,1,182,159,182,159,182,159,182,159,182,159,182,159,182,159,182,159,1,1,1,1,507
41008,125,20,0,204,0,1,1,1,1,1,1,1,1,182,159,182,159,182,159,182,159,182,159,182,159,182,159,182,159,1,1,1,1,508
41008,125,21,1,182,0,0,0,0,0,1,1,1,1,182,159,182,159,182,159,182,159,182,159,182,159,182,159,182,159,1,1,1,1,509
41008,125,22,0,204,0,1,1,1,1,1,1,1,1,182,159,182,159,182,159,182,159,182,159,182,159,182,159,182,159,1,1,1,1,510
41008,125,23,1,204,0,1,1,1,1,1,1,1,1,182,159,182,159,182,159,182,159,182,159,182,159,182,159,182,159,1,1,1,1,511
41009,-40,-1,0,182,1,0,0,0,0,0,0,0,0,0,0,0,0,0,0,0,0,0,0,0,0,0,0,0,0,0,0,0,0,512
41009,-40,-1,0,182,1,0,0,0,0,0,0,0,0,0,0,0,0,0,0,0,0,0,0,0,0,0,0,0,0,0,0,0,0,513
41009,-40,-1,0,204,1,0,0,0,0,0,0,0,0,0,0,0,0,0,0,0,0,0,0,0,0,0,0,0,0,0,0,0,0,514
41009,-40,-1,0,182,1,0,0,0,0,0,0,0,0,0,0,0,0,0,0,0,0,187,0,187,0,187,0,187,0,0,0,0,0,515
41009,-40,-1,1,159,1,0,0,0,0,0,0,0,0,187,0,187,0,187,0,187,0,187,0,187,0,187,0,187,0,0,0,0,0,516
41009,-40,-1,1,159,1,0,0,0,0,0,0,0,0,187,0,187,0,187,0,187,0,187,0,187,0,187,0,187,0,0,0,0,0,517
41009,-40,-1,1,159,1,0,0,0,0,0,0,0,0,187,0,187,0,187,0,187,0,187,0,187,0,187,0,187,0,0,0,0,0,518
41009,-40,-1,1,159,1,0,0,0,0,0,0,0,0,187,0,187,0,187,0,187,0,187,159,187,159,187,159,187,159,1,1,1,1,519
41009,-40,0,0,182,0,0,0,0,0,0,0,0,0,187,159,187,159,187,159,187,159,187,159,187,159,187,159,187,159,1,1,1,1,520
41009,-40,1,1,135,0,0,0,0,0,0,0,0,0,187,159,187,159,187,159,187,159,187,159,187,159,187,159,187,159,1,1,1,1,521
41009,-40,2,0,182,0,0,0,0,0,0,0,0,0,187,159,187,159,187,159,187,159,187,159,187,159,187,159,187,159,1,1,1,1,522
41009,-40,3,1,135,0,0,0,0,0,0,0,0,0,187,159,187,159,187,159,187,159,187,159,186,159,187,159,186,159,1,1,1,1,523
41009,-40,4,0,182,0,0,0,0,0,0,0,0,0,187,159,186,159,187,159,186,159,187,159,186,159,187,159,186,159,1,1,1,1,524
41009,-40,5,1,135,0,0,0,0,0,0,0,0,0,187,159,186,159,187,159,186,159,187,159,186,159,187,159,186,159,1,1,1,1,525
41009,-40,6,0,159,0,1,1,1,1,0,0,0,0,187,159,186,159,187,159,186,159,187,159,186,159,187,159,186,159,1,1,1,1,526
41009,-40,7,1,135,0,0,0,0,0,1,1,1,1,187,159,186,159,187,159,186,159,187,159,186,159,187,159,186,159,1,1,1,1,527
41009,-40,8,0,182,0,0,0,0,0,1,1,1,1,187,159,186,159,187,159,186,159,187,159,186,159,187,159,186,159,1,1,1,1,528
41009,-40,9,1,135,0,0,0,0,0,1,1,1,1,187,159,186,159,187,159,186,159,187,159,186,159,187,159,186,159,1,1,1,1,529
41009,-40,10,0,182,0,0,0,0,0,1,1,1,1,187,159,186,159,187,159,186,159,187,159,186,159,187,159,186,159,1,1,1,1,530
41009,-40,11,1,135,0,0,0,0,0,1,1,1,1,187,159,186,159,187,159,186,159,187,159,186,159,187,159,186,159,1,1,1,1,531
41009,-40,12,0,159,0,1,1,1,1,1,1,1,1,187,159,186,159,187,159,186,159,187,159,186,159,187,159,186,159,1,1,1,1,532
41009,-40,13,1,135,0,0,0,0,0,1,1,1,1,187,159,186,159,187,159,186,159,187,159,186,159,187,159,186,159,1,1,1,1,533
41009,-40,14,0,182,0,0,0,0,0,1,1,1,1,187,159,186,159,187,159,186,159,187,159,186,159,187,159,186,159,1,1,1,1,534
41009,-40,15,1,135,0,0,0,0,0,1,1,1,1,187,159,186,159,187,159,186,159,187,159,186,159,187,159,186,159,1,1,1,1,535
41009,-40,16,0,159,0,1,1,1,1,1,1,1,1,187,159,186,159,187,159,186,159,187,159,186,159,187,159,186,159,1,1,1,1,536
41009,-40,17,1,135,0,0,0,0,0,1,1,1,1,187,159,186,159,187,159,186,159,187,159,186,159,187,159,186,159,1,1,1,1,537
41009,-40,18,0,159,0,1,1,1,1,1,1,1,1,187,159,186,159,187,159,186,159,187,159,186,159,187,159,186,159,1,1,1,1,538
41009,-40,19,1,135,0,0,0,0,0,1,1,1,1,187,159,186,159,187,159,186,159,187,159,186,159,187,159,186,159,1,1,1,1,539
41009,-40,20,0,159,0,1,1,1,1,1,1,1,1,187,159,186,159,187,159,186,159,187,159,186,159,187,159,186,159,1,1,1,1,540
41009,-40,21,1,135,0,0,0,0,0,1,1,1,1,187,159,186,159,187,159,186,159,187,159,186,159,187,159,186,159,1,1,1,1,541
41009,-40,22,0,182,0,0,0,0,0,1,1,1,1,187,159,186,159,187,159,186,159,187,159,186,159,187,159,186,159,1,1,1,1,542
41009,-40,23,1,135,0,0,0,0,0,1,1,1,1,187,159,186,159,187,159,186,159,187,159,186,159,187,159,186,159,1,1,1,1,543
41009,125,-1,0,182,1,0,0,0,0,0,0,0,0,0,0,0,0,0,0,0,0,0,0,0,0,0,0,0,0,0,0,0,0,544
41009,125,-1,0,182,1,0,0,0,0,0,0,0,0,0,0,0,0,0,0,0,0,0,0,0,0,0,0,0,0,0,0,0,0,545
41009,125,-1,0,204,1,0,0,0,0,0,0,0,0,0,0,0,0,0,0,0,0,0,0,0,0,0,0,0,0,0,0,0,0,546
41009,125,-1,0,182,1,0,0,0,0,0,0,0,0,0,0,0,0,0,0,0,0,187,0,187,0,187,0,187,0,0,0,0,0,547
41009,125,-1,1,159,1,0,0,0,0,0,0,0,0,187,0,187,0,187,0,187,0,187,0,187,0,187,0,187,0,0,0,0,0,548
41009,125,-1,1,159,1,0,0,0,0,0,0,0,0,187,0,187,0,187,0,187,0,187,0,187,0,187,0,187,0,0,0,0,0,549
41009,125,-1,1,159,1,0,0,0,0,0,0,0,0,187,0,187,0,187,0,187,0,187,0,187,0,187,0,187,0,0,0,0,0,550
41009,125,-1,1,159,1,0,0,0,0,0,0,0,0,187,0,187,0,187,0,187,0,187,159,187,159,187,159,187,159,1,1,1,1,551
41009,125,0,0,204,0,0,0,0,0,0,0,0,0,187,159,187,159,187,159,187,159,187,159,187,159,187,159,187,159,1,1,1,1,552
41009,125,1,1,204,0,1,1,1,1,0,0,0,0,187,159,187,159,187,159,187,159,187,159,187,159,187,159,187,159,1,1,1,1,553
41009,125,2,0,204,0,0,0,0,0,1,1,1,1,187,159,187,159,187,159,187,159,187,159,187,159,187,159,187,159,1,1,1,1,554
41009,125,3,1,182,0,0,0,0,0,1,1,1,1,187,159,187,159,187,159,187,159,187,159,187,159,187,159,187,159,1,1,1,1,555
41009,125,4,0,225,0,1,1,1,1,1,1,1,1,187,159,187,159,187,159,187,159,187,159,187,159,187,159,187,159,1,1,1,1,556
41009,125,5,1,182,0,0,0,0,0,1,1,1,1,187,159,187,159,187,159,187,159,187,159,187,159,187,159,187,159,1,1,1,1,557
41009,125,6,0,204,0,0,0,0,0,1,1,1,1,187,159,187,159,187,159,187,159,187,159,187,159,187,159,187,159,1,1,1,1,558
41009,125,7,1,182,0,0,0,0,0,1,1,1,1,187,159,187,159,187,159,187,159,187,159,187,159,187,159,187,159,1,1,1,1,559
41009,125,8,0,204,0,0,0,0,0,1,1,1,1,187,159,187,159,187,159,187,159,187,159,187,159,187,159,187,159,1,1,1,1,560
41009,125,9,1,204,0,1,1,1,1,1,1,1,1,187,159,187,159,187,159,187,159,187,159,187,159,187,159,187,159,1,1,1,1,561
41009,125,10,0,204,0,0,0,0,0,1,1,1,1,187,159,187,159,187,159,187,159,187,159,187,159,187,159,187,159,1,1,1,1,562
41009,125,11,1,182,0,0,0,0,0,1,1,1,1,187,159,187,159,187,159,187,159,187,159,187,159,187,159,187,159,1,1,1,1,563
41009,125,12,0,204,0,0,0,0,0,1,1,1,1,187,159,187,159,187,159,187,159,187,159,187,159,187,159,187,159,1,1,1,1,564
41009,125,13,1,182,0,0,0,0,0,1,1,1,1,187,159,187,159,187,159,187,159,187,159,187,159,187,159,187,159,1,1,1,1,565
41009,125,14,0,204,0,0,0,0,0,1,1,1,1,187,159,187,159,187,159,187,159,187,159,187,159,187,159,187,159,1,1,1,1,566
41009,125,15,1,182,0,0,0,0,0,1,1,1,1,187,159,187,159,187,159,187,159,187,159,187,159,187,159,187,159,1,1,1,1,567
41009,125,16,0,204,0,0,0,0,0,1,1,1,1,187,159,187,159,187,159,187,159,187,159,187,159,187,159,187,159,1,1,1,1,568
41009,125,17,1,182,0,0,0,0,0,1,1,1,1,187,159,187,159,187,159,187,159,187,159,187,159,187,159,187,159,1,1,1,1,569
41009,125,18,0,204,0,0,0,0,0,1,1,1,1,187,159,187,159,187,159,187,159,187,159,187,159,187,159,187,159,1,1,1,1,570
41009,125,19,1,182,0,0,0,0,0,1,1,1,1,187,159,187,159,187,159,187,159,187,159,187,159,187,159,187,159,1,1,1,1,571
41009,125,20,0,204,0,0,0,0,0,1,1,1,1,187,159,187,159,187,159,187,159,187,159,187,159,187,159,187,159,1,1,1,1,572
41009,125,21,1,182,0,0,0,0,0,1,1,1,1,187,159,187,159,187,159,187,159,187,159,187,159,187,159,187,159,1,1,1,1,573
41009,125,22,0,204,0,0,0,0,0,1,1,1,1,187,159,187,159,187,159,187,159,187,159,187,159,187,159,187,159,1,1,1,1,574
41009,125,23,1,182,0,0,0,0,0,1,1,1,1,187,159,187,159,187,159,187,159,187,159,187,159,187,159,187,159,1,1,1,1,575
41010,-40,-1,0,182,1,0,0,0,0,0,0,0,0,0,0,0,0,0,0,0,0,0,0,0,0,0,0,0,0,0,0,0,0,576
41010,-40,-1,0,182,1,0,0,0,0,0,0,0,0,0,0,0,0,0,0,0,0,0,0,0,0,0,0,0,0,0,0,0,0,577
41010,-40,-1,0,182,1,0,0,0,0,0,0,0,0,0,0,0,0,0,0,0,0,0,0,0,0,0,0,0,0,0,0,0,0,578
41010,-40,-1,0,182,1,0,0,0,0,0,0,0,0,0,0,0,0,0,0,0,0,182,0,182,0,182,0,182,0,0,0,0,0,579
41010,-40,-1,1,159,1,0,0,0,0,0,0,0,0,182,0,182,0,182,0,182,0,182,0,182,0,182,0,182,0,0,0,0,0,580
41010,-40,-1,1,159,1,0,0,0,0,0,0,0,0,182,0,182,0,182,0,182,0,182,0,182,0,182,0,182,0,0,0,0,0,581
41010,-40,-1,1,159,1,0,0,0,0,0,0,0,0,182,0,182,0,182,0,182,0,182,0,182,0,182,0,182,0,0,0,0,0,582
41010,-40,-1,1,159,1,0,0,0,0,0,0,0,0,182,0,182,0,182,0,182,0,182,159,182,159,182,159,182,159,1,1,1,1,583
41010,-40,0,0,159,0,1,1,1,1,0,0,0,0,182,159,182,159,182,159,182,159,182,159,182,159,182,159,182,159,1,1,1,1,584
41010,-40,1,1,135,0,0,0,0,0,1,1,1,1,182,159,182,159,182,159,182,159,182,159,182,159,182,159,182,159,1,1,1,1,585
41010,-40,2,0,159,0,1,1,1,1,1,1,1,1,182,159,182,159,182,159,182,159,182,159,182,159,182,159,182,159,1,1,1,1,586
41010,-40,3,1,135,0,0,0,0,0,1,1,1,1,182,159,182,159,182,159,182,159,182,159,182,159,182,159,182,159,1,1,1,1,587
41010,-40,4,0,159,0,1,1,1,1,1,1,1,1,182,159,182,159,182,159,182,159,182,159,182,159,182,159,182,159,1,1,1,1,588
41010,-40,5,1,135,0,0,0,0,0,1,1,1,1,182,159,182,159,182,159,182,159,182,159,182,159,182,159,182,159,1,1,1,1,589
41010,-40,6,0,159,0,1,1,1,1,1,1,1,1,182,159,182,159,182,159,182,159,182,159,182,159,182,159,182,159,1,1,1,1,590
41010,-40,7,1,135,0,0,0,0,0,1,1,1,1,182,159,182,159,182,159,182,159,182,159,182,159,182,159,182,159,1,1,1,1,591
41010,-40,8,0,159,0,1,1,1,1,1,1,1,1,182,159,182,159,182,159,182,159,182,159,182,159,182,159,182,159,1,1,1,1,592
41010,-40,9,1,135,0,0,0,0,0,1,1,1,1,182,159,182,159,182,159,182,159,182,159,182,159,182,159,182,159,1,1,1,1,593
41010,-40,10,0,159,0,1,1,1,1,1,1,1,1,182,159,182,159,182,159,182,159,182,159,182,159,182,159,182,159,1,1,1,1,594
41010,-40,11,1,135,0,0,0,0,0,1,1,1,1,182,159,182,159,182,159,182,159,182,159,182,159,182,159,182,159,1,1,1,1,595
41010,-40,12,0,159,0,1,1,1,1,1,1,1,1,182,159,182,159,182,159,182,159,182,159,182,159,182,159,182,159,1,1,1,1,596
41010,-40,13,1,135,0,0,0,0,0,1,1,1,1,182,159,182,159,182,159,182,159,182,159,182,159,182,159,182,159,1,1,1,1,597
41010,-40,14,0,159,0,1,1,1,1,1,1,1,1,182,159,182,159,182,159,182,159,182,159,182,159,182,159,182,159,1,1,1,1,598
41010,-40,15,1,135,0,0,0,0,0,1,1,1,1,182,159,182,159,182,159,182,159,182,159,182,159,182,159,182,159,1,1,1,1,599
41010,-40,16,0,159,0,1,1,1,1,1,1,1,1,182,159,182,159,182,159,182,159,182,159,182,159,182,159,182,159,1,1,1,1,600
41010,-40,17,1,135,0,0,0,0,0,1,1,1,1,182,159,182,159,182,159,182,159,182,159,182,159,182,159,182,159,1,1,1,1,601
41010,-40,18,0,159,0,1,1,1,1,1,1,1,1,182,159,182,159,182,159,182,159,182,159,182,159,182,159,182,159,1,1,1,1,602
41010,-40,19,1,135,0,0,0,0,0,1,1,1,1,182,159,182,159,182,159,182,159,182,159,182,159,182,159,182,159,1,1,1,1,603
41010,-40,20,0,159,0,1,1,1,1,1,1,1,1,182,159,182,159,182,159,182,159,182,159,182,159,182,159,182,159,1,1,1,1,604
41010,-40,21,1,110,0,1,1,1,1,1,1,1,1,182,159,182,159,182,159,182,159,182,159,182,159,182,159,182,159,1,1,1,1,605
41010,-40,22,0,159,0,1,1,1,1,1,1,1,1,182,159,182,159,182,159,182,159,182,159,182,159,182,159,182,159,1,1,1,1,606
41010,-40,23,1,135,0,0,0,0,0,1,1,1,1,182,159,182,159,182,159,182,159,182,159,182,159,182,159,182,159,1,1,1,1,607
41010,125,-1,0,182,1,0,0,0,0,0,0,0,0,0,0,0,0,0,0,0,0,0,0,0,0,0,0,0,0,0,0,0,0,608
41010,125,-1,0,182,1,0,0,0,0,0,0,0,0,0,0,0,0,0,0,0,0,0,0,0,0,0,0,0,0,0,0,0,0,609
41010,125,-1,0,182,1,0,0,0,0,0,0,0,0,0,0,0,0,0,0,0,0,0,0,0,0,0,0,0,0,0,0,0,0,610
41010,125,-1,0,182,1,0,0,0,0,0,0,0,0,0,0,0,0,0,0,0,0,182,0,182,0,182,0,182,0,0,0,0,0,611
41010,125,-1,1,159,1,0,0,0,0,0,0,0,0,182,0,182,0,182,0,182,0,182,0,182,0,182,0,182,0,0,0,0,0,612
41010,125,-1,1,159,1,0,0,0,0,0,0,0,0,182,0,182,0,182,0,182,0,182,0,182,0,182,0,182,0,0,0,0,0,613
41010,125,-1,1,159,1,0,0,0,0,0,0,0,0,182,0,182,0,182,0,182,0,182,0,182,0,182,0,182,0,0,0,0,0,614
41010,125,-1,1,159,1,0,0,0,0,0,0,0,0,182,0,182,0,182,0,182,0,182,159,182,159,182,159,182,159,1,1,1,1,615
41010,125,0,0,204,0,1,1,1,1,0,0,0,0,182,159,182,159,182,159,182,159,182,159,182,159,182,159,182,159,1,1,1,1,616
41010,125,1,1,204,0,1,1,1,1,1,1,1,1,182,159,182,159,182,159,182,159,182,159,182,159,182,159,182,159,1,1,1,1,617
41010,125,2,0,204,0,1,1,1,1,1,1,1,1,182,159,182,159,182,159,182,159,182,159,182,159,182,159,182,159,1,1,1,1,618
41010,125,3,1,182,0,0,0,0,0,1,1,1,1,182,159,182,159,182,159,182,159,182,159,182,159,182,159,182,159,1,1,1,1,619
41010,125,4,0,204,0,1,1,1,1,1,1,1,1,182,159,182,159,182,159,182,159,182,159,182,159,182,159,182,159,1,1,1,1,620
41010,125,5,1,204,0,1,1,1,1,1,1,1,1,182,159,182,159,182,159,182,159,182,159,182,159,182,159,182,159,1,1,1,1,621
41010,125,6,0,204,0,1,1,1,1,1,1,1,1,182,159,182,159,182,159,182,159,182,159,182,159,182,159,182,159,1,1,1,1,622
41010,125,7,1,182,0,0,0,0,0,1,1,1,1,182,159,182,159,182,159,182,159,182,159,182,159,182,159,182,159,1,1,1,1,623
41010,125,8,0,204,0,1,1,1,1,1,1,1,1,182,159,182,159,182,159,182,159,182,159,182,159,182,159,182,159,1,1,1,1,624
41010,125,9,1,204,0,1,1,1,1,1,1,1,1,182,159,182,159,182,159,182,159,182,159,182,159,182,159,182,159,1,1,1,1,625
41010,125,10,0,204,0,1,1,1,1,1,1,1,1,182,159,182,159,182,159,182,159,182,159,182,159,182,159,182,159,1,1,1,1,626
41010,125,11,1,182,0,0,0,0,0,1,1,1,1,182,159,182,159,182,159,182,159,182,159,182,159,182,159,182,159,1,1,1,1,627
41010,125,12,0,204,0,1,1,1,1,1,1,1,1,182,159,182,159,182,159,182,159,182,159,182,159,182,159,182,159,1,1,1,1,628
41010,125,13,1,182,0,0,0,0,0,1,1,1,1,182,159,182,159,182,159,182,159,182,159,182,159,182,159,182,159,1,1,1,1,629
41010,125,14,0,204,0,1,1,1,1,1,1,1,1,182,159,182,159,182,159,182,159,182,159,182,159,182,159,182,159,1,1,1,1,630
41010,125,15,1,182,0,0,0,0,0,1,1,1,1,182,159,182,159,182,159,182,159,182,159,182,159,182,159,182,159,1,1,1,1,631
41010,125,16,0,204,0,1,1,1,1,1,1,1,1,182,159,182,159,182,159,182,159,182,159,182,159,182,159,182,159,1,1,1,1,632
41010,125,17,1,204,0,1,1,1,1,1,1,1,1,182,159,182,159,182,159,182,159,182,159,182,159,182,159,182,159,1,1,1,1,633
41010,125,18,0,204,0,1,1,1,1,1,1,1,1,182,159,182,159,182,159,182,159,182,159,182,159,182,159,182,159,1,1,1,1,634
41010,125,19,1,182,0,0,0,0,0,1,1,1,1,182,159,182,159,182,159,182,159,182,159,182,159,182,159,182,159,1,1,1,1,635
41010,125,20,0,204,0,1,1,1,1,1,1,1,1,182,159,182,159,182,159,182,159,182,159,182,159,182,159,182,159,1,1,1,1,636
41010,125,21,1,182,0,0,0,0,0,1,1,1,1,182,159,182,159,182,159,182,159,182,159,182,159,182,159,182,159,1,1,1,1,637
41010,125,22,0,204,0,1,1,1,1,1,1,1,1,182,159,182,159,182,159,182,159,182,159,182,159,182,159,182,159,1,1,1,1,638
41010,125,23,1,182,0,0,0,0,0,1,1,1,1,182,159,182,159,182,159,182,159,182,159,182,159,182,159,182,159,1,1,1,1,639
41011,-40,-1,0,182,1,0,0,0,0,0,0,0,0,0,0,0,0,0,0,0,0,0,0,0,0,0,0,0,0,0,0,0,0,640
41011,-40,-1,0,182,1,0,0,0,0,0,0,0,0,0,0,0,0,0,0,0,0,0,0,0,0,0,0,0,0,0,0,0,0,641
41011,-40,-1,0,182,1,0,0,0,0,0,0,0,0,0,0,0,0,0,0,0,0,0,0,0,0,0,0,0,0,0,0,0,0,642
41011,-40,-1,0,159,1,0,0,0,0,0,0,0,0,0,0,0,0,0,0,0,0,176,0,176,0,176,0,176,0,0,0,0,0,643
41011,-40,-1,1,159,1,0,0,0,0,0,0,0,0,176,0,176,0,176,0,176,0,176,0,176,0,176,0,176,0,0,0,0,0,644
41011,-40,-1,1,159,1,0,0,0,0,0,0,0,0,176,0,176,0,176,0,176,0,176,0,176,0,176,0,176,0,0,0,0,0,645
41011,-40,-1,1,159,1,0,0,0,0,0,0,0,0,176,0,176,0,176,0,176,0,176,0,176,0,176,0,176,0,0,0,0,0,646
41011,-40,-1,1,159,1,0,0,0,0,0,0,0,0,176,0,176,0,176,0,176,0,176,159,176,159,176,159,176,159,1,1,1,1,647
41011,-40,0,0,159,0,0,0,0,0,0,0,0,0,176,159,176,159,176,159,176,159,176,159,176,159,176,159,176,159,1,1,1,1,648
41011,-40,1,1,135,0,0,0,0,0,0,0,0,0,176,159,176,159,176,159,176,159,176,159,176,159,176,159,176,159,1,1,1,1,649
41011,-40,2,0,159,0,0,0,0,0,0,0,0,0,176,159,176,159,176,159,176,159,176,159,176,159,176,159,176,159,1,1,1,1,650
41011,-40,3,1,135,0,0,0,0,0,0,0,0,0,176,159,176,159,176,159,176,159,176,159,176,159,176,159,176,159,1,1,1,1,651
41011,-40,4,0,159,0,0,0,0,0,0,0,0,0,176,159,176,159,176,159,176,159,176,159,176,159,176,159,176,159,1,1,1,1,652
41011,-40,5,1,135,0,0,0,0,0,0,0,0,0,176,159,176,159,176,159,176,159,176,159,176,159,176,159,176,159,1,1,1,1,653
41011,-40,6,0,135,0,1,1,1,1,0,0,0,0,176,159,176,159,176,159,176,159,176,159,176,159,176,159,176,159,1,1,1,1,654
41011,-40,7,1,135,0,0,0,0,0,1,1,1,1,176,159,176,159,176,159,176,159,176,159,176,159,176,159,176,159,1,1,1,1,655
41011,-40,8,0,159,0,0,0,0,0,1,1,1,1,176,159,176,159,176,159,176,159,176,159,176,159,176,159,176,159,1,1,1,1,656
41011,-40,9,1,135,0,0,0,0,0,1,1,1,1,176,159,176,159,176,159,176,159,176,159,176,159,176,159,176,159,1,1,1,1,657
41011,-40,10,0,159,0,0,0,0,0,1,1,1,1,176,159,176,159,176,159,176,159,176,159,176,159,176,159,176,159,1,1,1,1,658
41011,-40,11,1,135,0,0,0,0,0,1,1,1,1,176,159,176,159,176,159,176,159,176,159,176,159,176,159,176,159,1,1,1,1,659
41011,-40,12,0,135,0,1,1,1,1,1,1,1,1,176,159,176,159,176,159,176,159,176,159,176,159,176,159,176,159,1,1,1,1,660
41011,-40,13,1,135,0,0,0,0,0,1,1,1,1,176,159,176,159,176,159,176,159,176,159,176,159,176,159,176,159,1,1,1,1,661
41011,-40,14,0,159,0,0,0,0,0,1,1,1,1,176,159,176,159,176,159,176,159,176,159,176,159,176,159,176,159,1,1,1,1,662
41011,-40,15,1,135,0,0,0,0,0,1,1,1,1,176,159,176,159,176,159,176,159,176,159,176,159,176,159,176,159,1,1,1,1,663
41011,-40,16,0,135,0,1,1,1,1,1,1,1,1,176,159,176,159,176,159,176,159,176,159,176,159,176,159,176,159,1,1,1,1,664
41011,-40,17,1,135,0,0,0,0,0,1,1,1,1,176,159,176,159,176,159,176,159,176,159,176,159,176,159,176,159,1,1,1,1,665
41011,-40,18,0,135,0,1,1,1,1,1,1,1,1,176,159,176,159,176,159,176,159,176,159,176,159,176,159,176,159,1,1,1,1,666
41011,-40,19,1,135,0,0,0,0,0,1,1,1,1,176,159,176,159,176,159,176,159,176,159,176,159,176,159,176,159,1,1,1,1,667
41011,-40,20,0,135,0,1,1,1,1,1,1,1,1,176,159,176,159,176,159,176,159,176,159,176,159,176,159,176,159,1,1,1,1,668
41011,-40,21,1,135,0,0,0,0,0,1,1,1,1,176,159,176,159,176,159,176,159,176,159,176,159,176,159,176,159,1,1,1,1,669
41011,-40,22,0,159,0,0,0,0,0,1,1,1,1,176,159,176,159,176,159,176,159,176,159,176,159,176,159,176,159,1,1,1,1,670
41011,-40,23,1,135,0,0,0,0,0,1,1,1,1,176,159,176,159,176,159,176,159,176,159,176,159,176,159,176,159,1,1,1,1,671
41011,125,-1,0,182,1,0,0,0,0,0,0,0,0,0,0,0,0,0,0,0,0,0,0,0,0,0,0,0,0,0,0,0,0,672
41011,125,-1,0,182,1,0,0,0,0,0,0,0,0,0,0,0,0,0,0,0,0,0,0,0,0,0,0,0,0,0,0,0,0,673
41011,125,-1,0,182,1,0,0,0,0,0,0,0,0,0,0,0,0,0,0,0,0,0,0,0,0,0,0,0,0,0,0,0,0,674
41011,125,-1,0,159,1,0,0,0,0,0,0,0,0,0,0,0,0,0,0,0,0,176,0,176,0,176,0,176,0,0,0,0,0,675
41011,125,-1,1,159,1,0,0,0,0,0,0,0,0,176,0,176,0,176,0,176,0,176,0,176,0,176,0,176,0,0,0,0,0,676
41011,125,-1,1,159,1,0,0,0,0,0,0,0,0,176,0,176,0,176,0,176,0,176,0,176,0,176,0,176,0,0,0,0,0,677
41011,125,-1,1,159,1,0,0,0,0,0,0,0,0,176,0,176,0,176,0,176,0,176,0,176,0,176,0,176,0,0,0,0,0,678
41011,125,-1,1,159,1,0,0,0,0,0,0,0,0,176,0,176,0,176,0,176,0,176,159,176,159,176,159,176,159,1,1,1,1,679
41011,125,0,0,204,0,1,1,1,1,0,0,0,0,176,159,176,159,176,159,176,159,176,159,176,159,176,159,176,159,1,1,1,1,680
41011,125,1,1,204,0,1,1,1,1,1,1,1,1,176,159,176,159,176,159,176,159,176,159,176,159,176,159,176,159,1,1,1,1,681
41011,125,2,0,204,0,1,1,1,1,1,1,1,1,176,159,176,159,176,159,176,159,176,159,176,159,176,159,176,159,1,1,1,1,682
41011,125,3,1,182,0,0,0,0,0,1,1,1,1,176,159,176,159,176,159,176,159,176,159,176,159,176,159,176,159,1,1,1,1,683
41011,125,4,0,204,0,1,1,1,1,1,1,1,1,176,159,176,159,176,159,176,159,176,159,176,159,176,159,176,159,1,1,1,1,684
41011,125,5,1,204,0,1,1,1,1,1,1,1,1,176,159,176,159,176,159,176,159,176,159,176,159,176,159,176,159,1,1,1,1,685
41011,125,6,0,182,0,0,0,0,0,1,1,1,1,176,159,176,159,176,159,176,159,176,159,176,159,176,159,176,159,1,1,1,1,686
41011,125,7,1,204,0,1,1,1,1,1,1,1,1,176,159,176,159,176,159,176,159,176,159,176,159,176,159,176,159,1,1,1,1,687
41011,125,8,0,182,0,0,0,0,0,1,1,1,1,176,159,176,159,176,159,176,159,176,159,176,159,176,159,176,159,1,1,1,1,688
41011,125,9,1,204,0,1,1,1,1,1,1,1,1,176,159,176,159,176,159,176,159,176,159,176,159,176,159,176,159,1,1,1,1,689
41011,125,10,0,204,0,1,1,1,1,1,1,1,1,176,159,176,159,176,159,176,159,176,159,176,159,176,159,176,159,1,1,1,1,690
41011,125,11,1,182,0,0,0,0,0,1,1,1,1,176,159,176,159,176,159,176,159,176,159,176,159,176,159,176,159,1,1,1,1,691
41011,125,12,0,182,0,0,0,0,0,1,1,1,1,176,159,176,159,176,159,176,159,176,159,176,159,176,159,176,159,1,1,1,1,692
41011,125,13,1,182,0,0,0,0,0,1,1,1,1,176,159,176,159,176,159,176,159,176,159,176,159,176,159,176,159,1,1,1,1,693
41011,125,14,0,204,0,1,1,1,1,1,1,1,1,176,159,176,159,176,159,176,159,176,159,176,159,176,159,176,159,1,1,1,1,694
41011,125,15,1,182,0,0,0,0,0,1,1,1,1,176,159,176,159,176,159,176,159,176,159,176,159,176,159,176,159,1,1,1,1,695
41011,125,16,0,182,0,0,0,0,0,1,1,1,1,176,159,176,159,176,159,176,159,176,159,176,159,176,159,176,159,1,1,1,1,696
41011,125,17,1,204,0,1,1,1,1,1,1,1,1,176,159,176,159,176,159,176,159,176,159,176,159,176,159,176,159,1,1,1,1,697
41011,125,18,0,182,0,0,0,0,0,1,1,1,1,176,159,176,159,176,159,176,159,176,159,176,159,176,159,176,159,1,1,1,1,698
41011,125,19,1,182,0,0,0,0,0,1,1,1,1,176,159,176,159,176,159,176,159,176,159,176,159,176,159,176,159,1,1,1,1,699
41011,125,20,0,182,0,0,0,0,0,1,1,1,1,176,159,176,159,176,159,176,159,176,159,176,159,176,159,176,159,1,1,1,1,700
41011,125,21,1,182,0,0,0,0,0,1,1,1,1,176,159,176,159,176,159,176,159,176,159,176,159,176,159,176,159,1,1,1,1,701
41011,125,22,0,204,0,1,1,1,1,1,1,1,1,176,159,176,159,176,159,176,159,176,159,176,159,176,159,176,159,1,1,1,1,702
41011,125,23,1,182,0,0,0,0,0,1,1,1,1,176,159,176,159,176,159,176,159,176,159,176,159,176,159,176,159,1,1,1,1,703
41012,-40,-1,0,204,1,0,0,0,0,0,0,0,0,0,0,0,0,0,0,0,0,0,0,0,0,0,0,0,0,0,0,0,0,704
41012,-40,-1,0,204,1,0,0,0,0,0,0,0,0,0,0,0,0,0,0,0,0,0,0,0,0,0,0,0,0,0,0,0,0,705
41012,-40,-1,0,204,1,0,0,0,0,0,0,0,0,0,0,0,0,0,0,0,0,0,0,0,0,0,0,0,0,0,0,0,0,706
41012,-40,-1,0,204,1,0,0,0,0,0,0,0,0,0,0,0,0,0,0,0,0,204,0,204,0,204,0,204,0,0,0,0,0,707
41012,-40,-1,1,182,1,0,0,0,0,0,0,0,0,204,0,204,0,204,0,204,0,204,0,204,0,204,0,204,0,0,0,0,0,708
41012,-40,-1,1,182,1,0,0,0,0,0,0,0,0,204,0,204,0,204,0,204,0,204,0,204,0,204,0,204,0,0,0,0,0,709
41012,-40,-1,1,182,1,0,0,0,0,0,0,0,0,204,0,204,0,204,0,204,0,204,0,204,0,204,0,204,0,0,0,0,0,710
41012,-40,-1,1,182,1,0,0,0,0,0,0,0,0,204,0,204,0,204,0,204,0,204,182,204,182,204,182,204,182,1,1,1,1,711
41012,-40,0,0,182,0,0,0,0,0,0,0,0,0,204,182,204,182,204,182,204,182,204,182,204,182,204,182,204,182,1,1,1,1,712
41012,-40,1,1,159,0,0,0,0,0,0,0,0,0,204,182,204,182,204,182,204,182,204,182,204,182,204,182,204,182,1,1,1,1,713
41012,-40,2,0,182,0,0,0,0,0,0,0,0,0,204,182,204,182,204,182,204,182,204,182,204,182,204,182,204,182,1,1,1,1,714
41012,-40,3,1,159,0,0,0,0,0,0,0,0,0,204,182,204,182,204,182,204,182,204,182,204,182,204,182,204,182,1,1,1,1,715
41012,-40,4,0,182,0,0,0,0,0,0,0,0,0,204,182,204,182,204,182,204,182,204,182,204,182,204,182,204,182,1,1,1,1,716
41012,-40,5,1,159,0,0,0,0,0,0,0,0,0,204,182,204,182,204,182,204,182,204,182,204,182,204,182,204,182,1,1,1,1,717
41012,-40,6,0,182,0,0,0,0,0,0,0,0,0,204,182,204,182,204,182,204,182,204,182,204,182,204,182,204,182,1,1,1,1,718
41012,-40,7,1,159,0,0,0,0,0,0,0,0,0,204,182,204,182,204,182,204,182,204,182,204,182,204,182,204,182,1,1,1,1,719
41012,-40,8,0,182,0,0,0,0,0,0,0,0,0,204,182,204,182,204,182,204,182,204,182,204,182,204,182,204,182,1,1,1,1,720
41012,-40,9,1,159,0,0,0,0,0,0,0,0,0,204,182,204,182,204,182,204,182,204,182,204,182,204,182,204,182,1,1,1,1,721
41012,-40,10,0,182,0,0,0,0,0,0,0,0,0,204,182,204,182,204,182,204,182,204,182,204,182,204,182,204,182,1,1,1,1,722
41012,-40,11,1,159,0,0,0,0,0,0,0,0,0,204,182,204,182,204,182,204,182,204,182,204,182,204,182,204,182,1,1,1,1,723
41012,-40,12,0,182,0,0,0,0,0,0,0,0,0,204,182,204,182,204,182,204,182,204,182,204,182,204,182,204,182,1,1,1,1,724
41012,-40,13,1,159,0,0,0,0,0,0,0,0,0,204,182,204,182,204,182,204,182,204,182,204,182,204,182,204,182,1,1,1,1,725
41012,-40,14,0,182,0,0,0,0,0,0,0,0,0,204,182,204,182,204,182,204,182,204,182,204,182,204,182,204,182,1,1,1,1,726
41012,-40,15,1,159,0,0,0,0,0,0,0,0,0,204,182,204,182,204,182,204,182,204,182,204,182,204,182,204,182,1,1,1,1,727
41012,-40,16,0,182,0,0,0,0,0,0,0,0,0,204,182,204,182,204,182,204,182,204,182,204,182,204,182,204,182,1,1,1,1,728
41012,-40,17,1,159,0,0,0,0,0,0,0,0,0,204,182,204,182,204,182,204,182,204,182,204,182,204,182,204,182,1,1,1,1,729
41012,-40,18,0,182,0,0,0,0,0,0,0,0,0,204,182,204,182,204,182,204,182,204,182,204,182,204,182,204,182,1,1,1,1,730
41012,-40,19,1,159,0,0,0,0,0,0,0,0,0,204,182,204,182,204,182,204,182,204,182,204,182,204,182,204,182,1,1,1,1,731
41012,-40,20,0,182,0,0,0,0,0,0,0,0,0,204,182,204,182,204,182,204,182,204,182,204,182,204,182,204,182,1,1,1,1,732
41012,-40,21,1,159,0,0,0,0,0,0,0,0,0,204,182,204,182,204,182,204,182,204,182,204,182,204,182,204,182,1,1,1,1,733
41012,-40,22,0,182,0,0,0,0,0,0,0,0,0,204,182,204,182,204,182,204,182,204,182,204,182,204,182,204,182,1,1,1,1,734
41012,-40,23,1,159,0,0,0,0,0,0,0,0,0,204,182,204,182,204,182,204,182,204,182,204,182,204,182,204,182,1,1,1,1,735
41012,125,-1,0,204,1,0,0,0,0,0,0,0,0,0,0,0,0,0,0,0,0,0,0,0,0,0,0,0,0,0,0,0,0,736
41012,125,-1,0,204,1,0,0,0,0,0,0,0,0,0,0,0,0,0,0,0,0,0,0,0,0,0,0,0,0,0,0,0,0,737
41012,125,-1,0,204,1,0,0,0,0,0,0,0,0,0,0,0,0,0,0,0,0,0,0,0,0,0,0,0,0,0,0,0,0,738
41012,125,-1,0,204,1,0,0,0,0,0,0,0,0,0,0,0,0,0,0,0,0,204,0,204,0,204,0,204,0,0,0,0,0,739
41012,125,-1,1,182,1,0,0,0,0,0,0,0,0,204,0,204,0,204,0,204,0,204,0,204,0,204,0,204,0,0,0,0,0,740
41012,125,-1,1,182,1,0,0,0,0,0,0,0,0,204,0,204,0,204,0,204,0,204,0,204,0,204,0,204,0,0,0,0,0,741
41012,125,-1,1,182,1,0,0,0,0,0,0,0,0,204,0,204,0,204,0,204,0,204,0,204,0,204,0,204,0,0,0,0,0,742
41012,125,-1,1,182,1,0,0,0,0,0,0,0,0,204,0,204,0,204,0,204,0,204,182,204,182,204,182,204,182,1,1,1,1,743
41012,125,0,0,225,0,1,1,1,1,0,0,0,0,204,182,204,182,204,182,204,182,204,182,204,182,204,182,204,182,1,1,1,1,744
41012,125,1,1,204,0,0,0,0,0,1,1,1,1,204,182,204,182,204,182,204,182,204,182,204,182,204,182,204,182,1,1,1,1,745
41012,125,2,0,225,0,1,1,1,1,1,1,1,1,204,182,204,182,204,182,204,182,204,182,204,182,204,182,204,182,1,1,1,1,746
41012,125,3,1,204,0,0,0,0,0,1,1,1,1,204,182,204,182,204,182,204,182,204,182,204,182,204,182,204,182,1,1,1,1,747
41012,125,4,0,225,0,1,1,1,1,1,1,1,1,204,182,204,182,204,182,204,182,204,182,204,182,204,182,204,182,1,1,1,1,748
41012,125,5,1,204,0,0,0,0,0,1,1,1,1,204,182,204,182,204,182,204,182,204,182,204,182,204,182,204,182,1,1,1,1,749
41012,125,6,0,204,0,0,0,0,0,1,1,1,1,204,182,204,182,204,182,204,182,204,182,204,182,204,182,204,182,1,1,1,1,750
41012,125,7,1,204,0,0,0,0,0,1,1,1,1,204,182,204,182,204,182,204,182,204,182,204,182,204,182,204,182,1,1,1,1,751
41012,125,8,0,225,0,1,1,1,1,1,1,1,1,204,182,204,182,204,182,204,182,204,182,204,182,204,182,204,182,1,1,1,1,752
41012,125,9,1,204,0,0,0,0,0,1,1,1,1,204,182,204,182,204,182,204,182,204,182,204,182,204,182,204,182,1,1,1,1,753
41012,125,10,0,225,0,1,1,1,1,1,1,1,1,204,182,204,182,204,182,204,182,204,182,204,182,204,182,204,182,1,1,1,1,754
41012,125,11,1,204,0,0,0,0,0,1,1,1,1,204,182,204,182,204,182,204,182,204,182,204,182,204,182,204,182,1,1,1,1,755
41012,125,12,0,204,0,0,0,0,0,1,1,1,1,204,182,204,182,204,182,204,182,204,182,204,182,204,182,204,182,1,1,1,1,756
41012,125,13,1,204,0,0,0,0,0,1,1,1,1,204,182,204,182,204,182,204,182,204,182,204,182,204,182,204,182,1,1,1,1,757
41012,125,14,0,225,0,1,1,1,1,1,1,1,1,204,182,204,182,204,182,204,182,204,182,204,182,204,182,204,182,1,1,1,1,758
41012,125,15,1,204,0,0,0,0,0,1,1,1,1,204,182,204,182,204,182,204,182,204,182,204,182,204,182,204,182,1,1,1,1,759
41012,125,16,0,204,0,0,0,0,0,1,1,1,1,204,182,204,182,204,182,204,182,204,182,204,182,204,182,204,182,1,1,1,1,760
41012,125,17,1,204,0,0,0,0,0,1,1,1,1,204,182,204,182,204,182,204,182,204,182,204,182,204,182,204,182,1,1,1,1,761
41012,125,18,0,204,0,0,0,0,0,1,1,1,1,204,182,204,182,204,182,204,182,204,182,204,182,204,182,204,182,1,1,1,1,762
41012,125,19,1,204,0,0,0,0,0,1,1,1,1,204,182,204,182,204,182,204,182,204,182,204,182,204,182,204,182,1,1,1,1,763
41012,125,20,0,204,0,0,0,0,0,1,1,1,1,204,182,204,182,204,182,204,182,204,182,204,182,204,182,204,182,1,1,1,1,764
41012,125,21,1,204,0,0,0,0,0,1,1,1,1,204,182,204,182,204,182,204,182,204,182,204,182,204,182,204,182,1,1,1,1,765
41012,125,22,0,225,0,1,1,1,1,1,1,1,1,204,182,204,182,204,182,204,182,204,182,204,182,204,182,204,182,1,1,1,1,766
41012,125,23,1,204,0,0,0,0,0,1,1,1,1,204,182,204,182,204,182,204,182,204,182,204,182,204,182,204,182,1,1,1,1,767
41013,-40,-1,0,245,1,0,0,0,0,0,0,0,0,0,0,0,0,0,0,0,0,0,0,0,0,0,0,0,0,0,0,0,0,768
41013,-40,-1,0,225,1,0,0,0,0,0,0,0,0,0,0,0,0,0,0,0,0,0,0,0,0,0,0,0,0,0,0,0,0,769
41013,-40,-1,0,245,1,0,0,0,0,0,0,0,0,0,0,0,0,0,0,0,0,0,0,0,0,0,0,0,0,0,0,0,0,770
41013,-40,-1,0,225,1,0,0,0,0,0,0,0,0,0,0,0,0,0,0,0,0,235,0,235,0,235,0,235,0,0,0,0,0,771
41013,-40,-1,1,204,1,0,0,0,0,0,0,0,0,235,0,235,0,235,0,235,0,235,0,235,0,235,0,235,0,0,0,0,0,772
41013,-40,-1,1,204,1,0,0,0,0,0,0,0,0,235,0,235,0,235,0,235,0,235,0,235,0,235,0,235,0,0,0,0,0,773
41013,-40,-1,1,204,1,0,0,0,0,0,0,0,0,235,0,235,0,235,0,235,0,235,0,235,0,235,0,235,0,0,0,0,0,774
41013,-40,-1,1,204,1,0,0,0,0,0,0,0,0,235,0,235,0,235,0,235,0,235,204,235,204,235,204,235,204,1,1,1,1,775
41013,-40,0,0,225,0,0,0,0,0,0,0,0,0,235,204,235,204,235,204,235,204,235,204,235,204,235,204,235,204,1,1,1,1,776
41013,-40,1,1,204,0,0,0,0,0,0,0,0,0,235,204,235,204,235,204,235,204,235,204,235,204,235,204,235,204,1,1,1,1,777
41013,-40,2,0,225,0,0,0,0,0,0,0,0,0,235,204,235,204,235,204,235,204,235,204,235,204,235,204,235,204,1,1,1,1,778
41013,-40,3,1,182,0,0,0,0,0,0,0,0,0,235,204,235,204,235,204,235,204,235,204,235,204,235,204,235,204,1,1,1,1,779
41013,-40,4,0,225,0,0,0,0,0,0,0,0,0,235,204,235,204,235,204,235,204,235,204,235,204,235,204,235,204,1,1,1,1,780
41013,-40,5,1,204,0,0,0,0,0,0,0,0,0,235,204,235,204,235,204,235,204,235,204,235,204,235,204,235,204,1,1,1,1,781
41013,-40,6,0,225,0,0,0,0,0,0,0,0,0,235,204,235,204,235,204,235,204,235,204,235,204,235,204,235,204,1,1,1,1,782
41013,-40,7,1,204,0,0,0,0,0,0,0,0,0,235,204,235,204,235,204,235,204,235,204,235,204,235,204,235,204,1,1,1,1,783
41013,-40,8,0,225,0,0,0,0,0,0,0,0,0,235,204,235,204,235,204,235,204,235,204,235,204,235,204,235,204,1,1,1,1,784
41013,-40,9,1,204,0,0,0,0,0,0,0,0,0,235,204,235,204,235,204,235,204,235,204,235,204,235,204,235,204,1,1,1,1,785
41013,-40,10,0,225,0,0,0,0,0,0,0,0,0,235,204,235,204,235,204,235,204,235,204,235,204,235,204,235,204,1,1,1,1,786
41013,-40,11,1,182,0,0,0,0,0,0,0,0,0,235,204,235,204,235,204,235,204,235,204,235,204,235,204,235,204,1,1,1,1,787
41013,-40,12,0,225,0,0,0,0,0,0,0,0,0,235,204,235,204,235,204,235,204,235,204,235,204,235,204,235,204,1,1,1,1,788
41013,-40,13,1,182,0,0,0,0,0,0,0,0,0,235,204,235,204,235,204,235,204,235,204,235,204,235,204,235,204,1,1,1,1,789
41013,-40,14,0,225,0,0,0,0,0,0,0,0,0,235,204,235,204,235,204,235,204,235,204,235,204,235,204,235,204,1,1,1,1,790
41013,-40,15,1,182,0,0,0,0,0,0,0,0,0,235,204,235,204,235,204,235,204,235,204,235,204,235,204,235,204,1,1,1,1,791
41013,-40,16,0,225,0,0,0,0,0,0,0,0,0,235,204,235,204,235,204,235,204,235,204,235,204,235,204,235,204,1,1,1,1,792
41013,-40,17,1,204,0,0,0,0,0,0,0,0,0,235,204,235,204,235,204,235,204,235,204,235,204,235,204,235,204,1,1,1,1,793
41013,-40,18,0,225,0,0,0,0,0,0,0,0,0,235,204,235,204,235,204,235,204,235,204,235,204,235,204,235,204,1,1,1,1,794
41013,-40,19,1,204,0,0,0,0,0,0,0,0,0,235,204,235,204,235,204,235,204,235,204,235,204,235,204,235,204,1,1,1,1,795
41013,-40,20,0,225,0,0,0,0,0,0,0,0,0,235,204,235,204,235,204,235,204,235,204,235,204,235,204,235,204,1,1,1,1,796
41013,-40,21,1,182,0,0,0,0,0,0,0,0,0,235,204,235,204,235,204,235,204,235,204,235,204,235,204,235,204,1,1,1,1,797
41013,-40,22,0,225,0,0,0,0,0,0,0,0,0,235,204,235,204,235,204,235,204,235,204,235,204,235,204,235,204,1,1,1,1,798
41013,-40,23,1,204,0,0,0,0,0,0,0,0,0,235,204,235,204,235,204,235,204,235,204,235,204,235,204,235,204,1,1,1,1,799
41013,125,-1,0,245,1,0,0,0,0,0,0,0,0,0,0,0,0,0,0,0,0,0,0,0,0,0,0,0,0,0,0,0,0,800
41013,125,-1,0,225,1,0,0,0,0,0,0,0,0,0,0,0,0,0,0,0,0,0,0,0,0,0,0,0,0,0,0,0,0,801
41013,125,-1,0,245,1,0,0,0,0,0,0,0,0,0,0,0,0,0,0,0,0,0,0,0,0,0,0,0,0,0,0,0,0,802
41013,125,-1,0,225,1,0,0,0,0,0,0,0,0,0,0,0,0,0,0,0,0,235,0,235,0,235,0,235,0,0,0,0,0,803
41013,125,-1,1,204,1,0,0,0,0,0,0,0,0,235,0,235,0,235,0,235,0,235,0,235,0,235,0,235,0,0,0,0,0,804
41013,125,-1,1,204,1,0,0,0,0,0,0,0,0,235,0,235,0,235,0,235,0,235,0,235,0,235,0,235,0,0,0,0,0,805
41013,125,-1,1,204,1,0,0,0,0,0,0,0,0,235,0,235,0,235,0,235,0,235,0,235,0,235,0,235,0,0,0,0,0,806
41013,125,-1,1,204,1,0,0,0,0,0,0,0,0,235,0,235,0,235,0,235,0,235,204,235,204,235,204,235,204,1,1,1,1,807
41013,125,0,0,245,0,0,0,0,0,0,0,0,0,235,204,235,204,235,204,235,204,235,204,235,204,235,204,235,204,1,1,1,1,808
41013,125,1,1,225,0,0,0,0,0,0,0,0,0,235,204,235,204,235,204,235,204,235,204,235,204,235,204,235,204,1,1,1,1,809
41013,125,2,0,245,0,0,0,0,0,0,0,0,0,235,204,235,204,235,204,235,204,235,204,235,204,235,204,235,204,1,1,1,1,810
41013,125,3,1,225,0,0,0,0,0,0,0,0,0,235,204,235,204,235,204,235,204,235,204,235,204,235,204,235,204,1,1,1,1,811
41013,125,4,0,245,0,0,0,0,0,0,0,0,0,235,204,235,204,235,204,235,204,235,204,235,204,235,204,235,204,1,1,1,1,812
41013,125,5,1,225,0,0,0,0,0,0,0,0,0,235,204,235,204,235,204,235,204,235,204,235,204,235,204,235,204,1,1,1,1,813
41013,125,6,0,245,0,0,0,0,0,0,0,0,0,235,204,235,204,235,204,235,204,235,204,235,204,235,204,235,204,1,1,1,1,814
41013,125,7,1,225,0,0,0,0,0,0,0,0,0,235,204,235,204,235,204,235,204,235,204,235,204,235,204,235,204,1,1,1,1,815
41013,125,8,0,245,0,0,0,0,0,0,0,0,0,235,204,235,204,235,204,235,204,235,204,235,204,235,204,235,204,1,1,1,1,816
41013,125,9,1,225,0,0,0,0,0,0,0,0,0,235,204,235,204,235,204,235,204,235,204,235,204,235,204,235,204,1,1,1,1,817
41013,125,10,0,245,0,0,0,0,0,0,0,0,0,235,204,235,204,235,204,235,204,235,204,235,204,235,204,235,204,1,1,1,1,818
41013,125,11,1,225,0,0,0,0,0,0,0,0,0,235,204,235,204,235,204,235,204,235,204,235,204,235,204,235,204,1,1,1,1,819
41013,125,12,0,245,0,0,0,0,0,0,0,0,0,235,204,235,204,235,204,235,204,235,204,235,204,235,204,235,204,1,1,1,1,820
41013,125,13,1,225,0,0,0,0,0,0,0,0,0,235,204,235,204,235,204,235,204,235,204,235,204,235,204,235,204,1,1,1,1,821
41013,125,14,0,245,0,0,0,0,0,0,0,0,0,235,204,235,204,235,204,235,204,235,204,235,204,235,204,235,204,1,1,1,1,822
41013,125,15,1,225,0,0,0,0,0,0,0,0,0,235,204,235,204,235,204,235,204,235,204,235,204,235,204,235,204,1,1,1,1,823
41013,125,16,0,245,0,0,0,0,0,0,0,0,0,235,204,235,204,235,204,235,204,235,204,235,204,235,204,235,204,1,1,1,1,824
41013,125,17,1,225,0,0,0,0,0,0,0,0,0,235,204,235,204,235,204,235,204,235,204,235,204,235,204,235,204,1,1,1,1,825
41013,125,18,0,245,0,0,0,0,0,0,0,0,0,235,204,235,204,235,204,235,204,235,204,235,204,235,204,235,204,1,1,1,1,826
41013,125,19,1,225,0,0,0,0,0,0,0,0,0,235,204,235,204,235,204,235,204,235,204,235,204,235,204,235,204,1,1,1,1,827
41013,125,20,0,245,0,0,0,0,0,0,0,0,0,235,204,235,204,235,204,235,204,235,204,235,204,235,204,235,204,1,1,1,1,828
41013,125,21,1,225,0,0,0,0,0,0,0,0,0,235,204,235,204,235,204,235,204,235,204,235,204,235,204,235,204,1,1,1,1,829
41013,125,22,0,245,0,0,0,0,0,0,0,0,0,235,204,235,204,235,204,235,204,235,204,235,204,235,204,235,204,1,1,1,1,830
41013,125,23,1,225,0,0,0,0,0,0,0,0,0,235,204,235,204,235,204,235,204,235,204,235,204,235,204,235,204,1,1,1,1,831
41014,-40,-1,0,182,1,0,0,0,0,0,0,0,0,0,0,0,0,0,0,0,0,0,0,0,0,0,0,0,0,0,0,0,0,832
41014,-40,-1,0,182,1,0,0,0,0,0,0,0,0,0,0,0,0,0,0,0,0,0,0,0,0,0,0,0,0,0,0,0,0,833
41014,-40,-1,0,182,1,0,0,0,0,0,0,0,0,0,0,0,0,0,0,0,0,0,0,0,0,0,0,0,0,0,0,0,0,834
41014,-40,-1,0,182,1,0,0,0,0,0,0,0,0,0,0,0,0,0,0,0,0,182,0,182,0,182,0,182,0,0,0,0,0,835
41014,-40,-1,1,159,1,0,0,0,0,0,0,0,0,182,0,182,0,182,0,182,0,182,0,182,0,182,0,182,0,0,0,0,0,836
41014,-40,-1,1,159,1,0,0,0,0,0,0,0,0,182,0,182,0,182,0,182,0,182,0,182,0,182,0,182,0,0,0,0,0,837
41014,-40,-1,1,159,1,0,0,0,0,0,0,0,0,182,0,182,0,182,0,182,0,182,0,182,0,182,0,182,0,0,0,0,0,838
41014,-40,-1,1,159,1,0,0,0,0,0,0,0,0,182,0,182,0,182,0,182,0,182,159,182,159,182,159,182,159,1,1,1,1,839
41014,-40,0,0,159,0,1,1,1,1,0,0,0,0,182,159,182,159,182,159,182,159,182,159,182,159,182,159,182,159,1,1,1,1,840
41014,-40,1,1,135,0,0,0,0,0,1,1,1,1,182,159,182,159,182,159,182,159,182,159,182,159,182,159,182,159,1,1,1,1,841
41014,-40,2,0,159,0,1,1,1,1,1,1,1,1,182,159,182,159,182,159,182,159,182,159,182,159,182,159,182,159,1,1,1,1,842
41014,-40,3,1,135,0,0,0,0,0,1,1,1,1,182,159,182,159,182,159,182,159,182,159,182,159,182,159,182,159,1,1,1,1,843
41014,-40,4,0,182,0,0,0,0,0,1,1,1,1,182,159,182,159,182,159,182,159,182,159,182,159,182,159,182,159,1,1,1,1,844
41014,-40,5,1,135,0,0,0,0,0,1,1,1,1,182,159,182,159,182,159,182,159,182,159,182,159,182,159,182,159,1,1,1,1,845
41014,-40,6,0,159,0,1,1,1,1,1,1,1,1,182,159,182,159,182,159,182,159,182,159,182,159,182,159,182,159,1,1,1,1,846
41014,-40,7,1,135,0,0,0,0,0,1,1,1,1,182,159,182,159,182,159,182,159,182,159,182,159,182,159,182,159,1,1,1,1,847
41014,-40,8,0,159,0,1,1,1,1,1,1,1,1,182,159,182,159,182,159,182,159,182,159,182,159,182,159,182,159,1,1,1,1,848
41014,-40,9,1,135,0,0,0,0,0,1,1,1,1,182,159,182,159,182,159,182,159,182,159,182,159,182,159,182,159,1,1,1,1,849
41014,-40,10,0,159,0,1,1,1,1,1,1,1,1,182,159,182,159,182,159,182,159,182,159,182,159,182,159,182,159,1,1,1,1,850
41014,-40,11,1,135,0,0,0,0,0,1,1,1,1,182,159,182,159,182,159,182,159,182,159,182,159,182,159,182,159,1,1,1,1,851
41014,-40,12,0,159,0,1,1,1,1,1,1,1,1,182,159,182,159,182,159,182,159,182,159,182,159,182,159,182,159,1,1,1,1,852
41014,-40,13,1,135,0,0,0,0,0,1,1,1,1,182,159,182,159,182,159,182,159,182,159,182,159,182,159,182,159,1,1,1,1,853
41014,-40,14,0,159,0,1,1,1,1,1,1,1,1,182,159,182,159,182,159,182,159,182,159,182,159,182,159,182,159,1,1,1,1,854
41014,-40,15,1,135,0,0,0,0,0,1,1,1,1,182,159,182,159,182,159,182,159,182,159,182,159,182,159,182,159,1,1,1,1,855
41014,-40,16,0,159,0,1,1,1,1,1,1,1,1,182,159,182,159,182,159,182,159,182,159,182,159,182,159,182,159,1,1,1,1,856
41014,-40,17,1,135,0,0,0,0,0,1,1,1,1,182,159,182,159,182,159,182,159,182,159,182,159,182,159,182,159,1,1,1,1,857
41014,-40,18,0,159,0,1,1,1,1,1,1,1,1,182,159,182,159,182,159,182,159,182,159,182,159,182,159,182,159,1,1,1,1,858
41014,-40,19,1,135,0,0,0,0,0,1,1,1,1,182,159,182,159,182,159,182,159,182,159,182,159,182,159,182,159,1,1,1,1,859
41014,-40,20,0,159,0,1,1,1,1,1,1,1,1,182,159,182,159,182,159,182,159,182,159,182,159,182,159,182,159,1,1,1,1,860
41014,-40,21,1,135,0,0,0,0,0,1,1,1,1,182,159,182,159,182,159,182,159,182,159,182,159,182,159,182,159,1,1,1,1,861
41014,-40,22,0,159,0,1,1,1,1,1,1,1,1,182,159,182,159,182,159,182,159,182,159,182,159,182,159,182,159,1,1,1,1,862
41014,-40,23,1,135,0,0,0,0,0,1,1,1,1,182,159,182,159,182,159,182,159,182,159,182,159,182,159,182,159,1,1,1,1,863
41014,125,-1,0,182,1,0,0,0,0,0,0,0,0,0,0,0,0,0,0,0,0,0,0,0,0,0,0,0,0,0,0,0,0,864
41014,125,-1,0,182,1,0,0,0,0,0,0,0,0,0,0,0,0,0,0,0,0,0,0,0,0,0,0,0,0,0,0,0,0,865
41014,125,-1,0,182,1,0,0,0,0,0,0,0,0,0,0,0,0,0,0,0,0,0,0,0,0,0,0,0,0,0,0,0,0,866
41014,125,-1,0,182,1,0,0,0,0,0,0,0,0,0,0,0,0,0,0,0,0,182,0,182,0,182,0,182,0,0,0,0,0,867
41014,125,-1,1,159,1,0,0,0,0,0,0,0,0,182,0,182,0,182,0,182,0,182,0,182,0,182,0,182,0,0,0,0,0,868
41014,125,-1,1,159,1,0,0,0,0,0,0,0,0,182,0,182,0,182,0,182,0,182,0,182,0,182,0,182,0,0,0,0,0,869
41014,125,-1,1,159,1,0,0,0,0,0,0,0,0,182,0,182,0,182,0,182,0,182,0,182,0,182,0,182,0,0,0,0,0,870
41014,125,-1,1,159,1,0,0,0,0,0,0,0,0,182,0,182,0,182,0,182,0,182,159,182,159,182,159,182,159,1,1,1,1,871
41014,125,0,0,204,0,1,1,1,1,0,0,0,0,182,159,182,159,182,159,182,159,182,159,182,159,182,159,182,159,1,1,1,1,872
41014,125,1,1,204,0,1,1,1,1,1,1,1,1,182,159,182,159,182,159,182,159,182,159,182,159,182,159,182,159,1,1,1,1,873
41014,125,2,0,204,0,1,1,1,1,1,1,1,1,182,159,182,159,182,159,182,159,182,159,182,159,182,159,182,159,1,1,1,1,874
41014,125,3,1,182,0,0,0,0,0,1,1,1,1,182,159,182,159,182,159,182,159,182,159,182,159,182,159,182,159,1,1,1,1,875
41014,125,4,0,225,0,1,1,1,1,1,1,1,1,182,159,182,159,182,159,182,159,182,159,182,159,182,159,182,159,1,1,1,1,876
41014,125,5,1,204,0,1,1,1,1,1,1,1,1,182,159,182,159,182,159,182,159,182,159,182,159,182,159,182,159,1,1,1,1,877
41014,125,6,0,204,0,1,1,1,1,1,1,1,1,182,159,182,159,182,159,182,159,182,159,182,159,182,159,182,159,1,1,1,1,878
41014,125,7,1,204,0,1,1,1,1,1,1,1,1,182,159,182,159,182,159,182,159,182,159,182,159,182,159,182,159,1,1,1,1,879
41014,125,8,0,204,0,1,1,1,1,1,1,1,1,182,159,182,159,182,159,182,159,182,159,182,159,182,159,182,159,1,1,1,1,880
41014,125,9,1,204,0,1,1,1,1,1,1,1,1,182,159,182,159,182,159,182,159,182,159,182,159,182,159,182,159,1,1,1,1,881
41014,125,10,0,204,0,1,1,1,1,1,1,1,1,182,159,182,159,182,159,182,159,182,159,182,159,182,159,182,159,1,1,1,1,882
41014,125,11,1,182,0,0,0,0,0,1,1,1,1,182,159,182,159,182,159,182,159,182,159,182,159,182,159,182,159,1,1,1,1,883
41014,125,12,0,204,0,1,1,1,1,1,1,1,1,182,159,182,159,182,159,182,159,182,159,182,159,182,159,182,159,1,1,1,1,884
41014,125,13,1,182,0,0,0,0,0,1,1,1,1,182,159,182,159,182,159,182,159,182,159,182,159,182,159,182,159,1,1,1,1,885
41014,125,14,0,204,0,1,1,1,1,1,1,1,1,182,159,182,159,182,159,182,159,182,159,182,159,182,159,182,159,1,1,1,1,886
41014,125,15,1,182,0,0,0,0,0,1,1,1,1,182,159,182,159,182,159,182,159,182,159,182,159,182,159,182,159,1,1,1,1,887
41014,125,16,0,204,0,1,1,1,1,1,1,1,1,182,159,182,159,182,159,182,159,182,159,182,159,182,159,182,159,1,1,1,1,888
41014,125,17,1,204,0,1,1,1,1,1,1,1,1,182,159,182,159,182,159,182,159,182,159,182,159,182,159,182,159,1,1,1,1,889
41014,125,18,0,204,0,1,1,1,1,1,1,1,1,182,159,182,159,182,159,182,159,182,159,182,159,182,159,182,159,1,1,1,1,890
41014,125,19,1,182,0,0,0,0,0,1,1,1,1,182,159,182,159,182,159,182,159,182,159,182,159,182,159,182,159,1,1,1,1,891
41014,125,20,0,204,0,1,1,1,1,1,1,1,1,182,159,182,159,182,159,182,159,182,159,182,159,182,159,182,159,1,1,1,1,892
41014,125,21,1,182,0,0,0,0,0,1,1,1,1,182,159,182,159,182,159,182,159,182,159,182,159,182,159,182,159,1,1,1,1,893
41014,125,22,0,204,0,1,1,1,1,1,1,1,1,182,159,182,159,182,159,182,159,182,159,182,159,182,159,182,159,1,1,1,1,894
41014,125,23,1,204,0,1,1,1,1,1,1,1,1,182,159,182,159,182,159,182,159,182,159,182,159,182,159,182,159,1,1,1,1,895
41015,-40,-1,0,204,1,0,0,0,0,0,0,0,0,0,0,0,0,0,0,0,0,0,0,0,0,0,0,0,0,0,0,0,0,896
41015,-40,-1,0,204,1,0,0,0,0,0,0,0,0,0,0,0,0,0,0,0,0,0,0,0,0,0,0,0,0,0,0,0,0,897
41015,-40,-1,0,204,1,0,0,0,0,0,0,0,0,0,0,0,0,0,0,0,0,0,0,0,0,0,0,0,0,0,0,0,0,898
41015,-40,-1,0,204,1,0,0,0,0,0,0,0,0,0,0,0,0,0,0,0,0,204,0,204,0,204,0,204,0,0,0,0,0,899
41015,-40,-1,1,159,1,0,0,0,0,0,0,0,0,204,0,204,0,204,0,204,0,204,0,204,0,204,0,204,0,0,0,0,0,900
41015,-40,-1,1,159,1,0,0,0,0,0,0,0,0,204,0,204,0,204,0,204,0,204,0,204,0,204,0,204,0,0,0,0,0,901
41015,-40,-1,1,159,1,0,0,0,0,0,0,0,0,204,0,204,0,204,0,204,0,204,0,204,0,204,0,204,0,0,0,0,0,902
41015,-40,-1,1,159,1,0,0,0,0,0,0,0,0,204,0,204,0,204,0,204,0,204,159,204,159,204,159,204,159,1,1,1,1,903
41015,-40,0,0,182,0,0,0,0,0,0,0,0,0,204,159,204,159,204,159,204,159,204,159,204,159,204,159,204,159,1,1,1,1,904
41015,-40,1,1,135,0,0,0,0,0,0,0,0,0,204,159,204,159,204,159,204,159,204,159,204,159,204,159,204,159,1,1,1,1,905
41015,-40,2,0,182,0,0,0,0,0,0,0,0,0,204,159,204,159,204,159,204,159,204,159,204,159,204,159,204,159,1,1,1,1,906
41015,-40,3,1,135,0,0,0,0,0,0,0,0,0,204,159,204,159,204,159,204,159,204,159,204,159,204,159,204,159,1,1,1,1,907
41015,-40,4,0,182,0,0,0,0,0,0,0,0,0,204,159,204,159,204,159,204,159,204,159,204,159,204,159,204,159,1,1,1,1,908
41015,-40,5,1,135,0,0,0,0,0,0,0,0,0,204,159,204,159,204,159,204,159,204,159,204,159,204,159,204,159,1,1,1,1,909
41015,-40,6,0,182,0,0,0,0,0,0,0,0,0,204,159,204,159,204,159,204,159,204,159,204,159,204,159,204,159,1,1,1,1,910
41015,-40,7,1,135,0,0,0,0,0,0,0,0,0,204,159,204,159,204,159,204,159,204,159,204,159,204,159,204,159,1,1,1,1,911
41015,-40,8,0,182,0,0,0,0,0,0,0,0,0,204,159,204,159,204,159,204,159,204,159,204,159,204,159,204,159,1,1,1,1,912
41015,-40,9,1,135,0,0,0,0,0,0,0,0,0,204,159,204,159,204,159,204,159,204,159,204,159,204,159,204,159,1,1,1,1,913
41015,-40,10,0,182,0,0,0,0,0,0,0,0,0,204,159,204,159,204,159,204,159,204,159,204,159,204,159,204,159,1,1,1,1,914
41015,-40,11,1,135,0,0,0,0,0,0,0,0,0,204,159,204,159,204,159,204,159,204,159,204,159,204,159,204,159,1,1,1,1,915
41015,-40,12,0,182,0,0,0,0,0,0,0,0,0,204,159,204,159,204,159,204,159,204,159,204,159,204,159,204,159,1,1,1,1,916
41015,-40,13,1,135,0,0,0,0,0,0,0,0,0,204,159,204,159,204,159,204,159,204,159,204,159,204,159,204,159,1,1,1,1,917
41015,-40,14,0,182,0,0,0,0,0,0,0,0,0,204,159,204,159,204,159,204,159,204,159,204,159,204,159,204,159,1,1,1,1,918
41015,-40,15,1,135,0,0,0,0,0,0,0,0,0,204,159,204,159,204,159,204,159,204,159,204,159,204,159,204,159,1,1,1,1,919
41015,-40,16,0,182,0,0,0,0,0,0,0,0,0,204,159,204,159,204,159,204,159,204,159,204,159,204,159,204,159,1,1,1,1,920
41015,-40,17,1,135,0,0,0,0,0,0,0,0,0,204,159,204,159,204,159,204,159,204,159,204,159,204,159,204,159,1,1,1,1,921
41015,-40,18,0,182,0,0,0,0,0,0,0,0,0,204,159,204,159,204,159,204,159,204,159,204,159,204,159,204,159,1,1,1,1,922
41015,-40,19,1,135,0,0,0,0,0,0,0,0,0,204,159,204,159,204,159,204,159,204,159,204,159,204,159,204,159,1,1,1,1,923
41015,-40,20,0,182,0,0,0,0,0,0,0,0,0,204,159,204,159,204,159,204,159,204,159,204,159,204,159,204,159,1,1,1,1,924
41015,-40,21,1,110,0,1,1,1,1,0,0,0,0,204,159,204,159,204,159,204,159,204,159,204,159,204,159,204,159,1,1,1,1,925
41015,-40,22,0,182,0,0,0,0,0,1,1,1,1,204,159,204,159,204,159,204,159,204,159,204,159,204,159,204,159,1,1,1,1,926
41015,-40,23,1,135,0,0,0,0,0,1,1,1,1,204,159,204,159,204,159,204,159,204,159,204,159,204,159,204,159,1,1,1,1,927
41015,125,-1,0,204,1,0,0,0,0,0,0,0,0,0,0,0,0,0,0,0,0,0,0,0,0,0,0,0,0,0,0,0,0,928
41015,125,-1,0,204,1,0,0,0,0,0,0,0,0,0,0,0,0,0,0,0,0,0,0,0,0,0,0,0,0,0,0,0,0,929
41015,125,-1,0,204,1,0,0,0,0,0,0,0,0,0,0,0,0,0,0,0,0,0,0,0,0,0,0,0,0,0,0,0,0,930
41015,125,-1,0,204,1,0,0,0,0,0,0,0,0,0,0,0,0,0,0,0,0,204,0,204,0,204,0,204,0,0,0,0,0,931
41015,125,-1,1,159,1,0,0,0,0,0,0,0,0,204,0,204,0,204,0,204,0,204,0,204,0,204,0,204,0,0,0,0,0,932
41015,125,-1,1,159,1,0,0,0,0,0,0,0,0,204,0,204,0,204,0,204,0,204,0,204,0,204,0,204,0,0,0,0,0,933
41015,125,-1,1,159,1,0,0,0,0,0,0,0,0,204,0,204,0,204,0,204,0,204,0,204,0,204,0,204,0,0,0,0,0,934
41015,125,-1,1,159,1,0,0,0,0,0,0,0,0,204,0,204,0,204,0,204,0,204,159,204,159,204,159,204,159,1,1,1,1,935
41015,125,0,0,225,0,1,1,1,1,0,0,0,0,204,159,204,159,204,159,204,159,204,159,204,159,204,159,204,159,1,1,1,1,936
41015,125,1,1,182,0,0,0,0,0,1,1,1,1,204,159,204,159,204,159,204,159,204,159,204,159,204,159,204,159,1,1,1,1,937
41015,125,2,0,225,0,1,1,1,1,1,1,1,1,204,159,204,159,204,159,204,159,204,159,204,159,204,159,204,159,1,1,1,1,938
41015,125,3,1,182,0,0,0,0,0,1,1,1,1,204,159,204,159,204,159,204,159,204,159,204,159,204,159,204,159,1,1,1,1,939
41015,125,4,0,225,0,1,1,1,1,1,1,1,1,204,159,204,159,204,159,204,159,204,159,204,159,204,159,204,159,1,1,1,1,940
41015,125,5,1,182,0,0,0,0,0,1,1,1,1,204,159,204,159,204,159,204,159,204,159,204,159,204,159,204,159,1,1,1,1,941
41015,125,6,0,225,0,1,1,1,1,1,1,1,1,204,159,204,159,204,159,204,159,204,159,204,159,204,159,204,159,1,1,1,1,942
41015,125,7,1,182,0,0,0,0,0,1,1,1,1,204,159,204,159,204,159,204,159,204,159,204,159,204,159,204,159,1,1,1,1,943
41015,125,8,0,225,0,1,1,1,1,1,1,1,1,204,159,204,159,204,159,204,159,204,159,204,159,204,159,204,159,1,1,1,1,944
41015,125,9,1,182,0,0,0,0,0,1,1,1,1,204,159,204,159,204,159,204,159,204,159,204,159,204,159,204,159,1,1,1,1,945
41015,125,10,0,225,0,1,1,1,1,1,1,1,1,204,159,204,159,204,159,204,159,204,159,204,159,204,159,204,159,1,1,1,1,946
41015,125,11,1,182,0,0,0,0,0,1,1,1,1,204,159,204,159,204,159,204,159,204,159,204,159,204,159,204,159,1,1,1,1,947
41015,125,12,0,225,0,1,1,1,1,1,1,1,1,204,159,204,159,204,159,204,159,204,159,204,159,204,159,204,159,1,1,1,1,948
41015,125,13,1,182,0,0,0,0,0,1,1,1,1,204,159,204,159,204,159,204,159,204,159,204,159,204,159,204,159,1,1,1,1,949
41015,125,14,0,225,0,1,1,1,1,1,1,1,1,204,159,204,159,204,159,204,159,204,159,204,159,204,159,204,159,1,1,1,1,950
41015,125,15,1,182,0,0,0,0,0,1,1,1,1,204,159,204,159,204,159,204,159,204,159,204,159,204,159,204,159,1,1,1,1,951
41015,125,16,0,225,0,1,1,1,1,1,1,1,1,204,159,204,159,204,159,204,159,204,159,204,159,204,159,204,159,1,1,1,1,952
41015,125,17,1,182,0,0,0,0,0,1,1,1,1,204,159,204,159,204,159,204,159,204,159,204,159,204,159,204,159,1,1,1,1,953
41015,125,18,0,225,0,1,1,1,1,1,1,1,1,204,159,204,159,204,159,204,159,204,159,204,159,204,159,204,159,1,1,1,1,954
41015,125,19,1,182,0,0,0,0,0,1,1,1,1,204,159,204,159,204,159,204,159,204,159,204,159,204,159,204,159,1,1,1,1,955
41015,125,20,0,225,0,1,1,1,1,1,1,1,1,204,159,204,159,204,159,204,159,204,159,204,159,204,159,204,159,1,1,1,1,956
41015,125,21,1,182,0,0,0,0,0,1,1,1,1,204,159,204,159,204,159,204,159,204,159,204,159,204,159,204,159,1,1,1,1,957
41015,125,22,0,225,0,1,1,1,1,1,1,1,1,204,159,204,159,204,159,204,159,204,159,204,159,204,159,204,159,1,1,1,1,958
41015,125,23,1,182,0,0,0,0,0,1,1,1,1,204,159,204,159,204,159,204,159,204,159,204,159,204,159,204,159,1,1,1,1,959
41016,-40,-1,0,182,1,0,0,0,0,0,0,0,0,0,0,0,0,0,0,0,0,0,0,0,0,0,0,0,0,0,0,0,0,960
41016,-40,-1,0,182,1,0,0,0,0,0,0,0,0,0,0,0,0,0,0,0,0,0,0,0,0,0,0,0,0,0,0,0,0,961
41016,-40,-1,0,182,1,0,0,0,0,0,0,0,0,0,0,0,0,0,0,0,0,0,0,0,0,0,0,0,0,0,0,0,0,962
41016,-40,-1,0,182,1,0,0,0,0,0,0,0,0,0,0,0,0,0,0,0,0,182,0,182,0,182,0,182,0,0,0,0,0,963
41016,-40,-1,1,159,1,0,0,0,0,0,0,0,0,182,0,182,0,182,0,182,0,182,0,182,0,182,0,182,0,0,0,0,0,964
41016,-40,-1,1,159,1,0,0,0,0,0,0,0,0,182,0,182,0,182,0,182,0,182,0,182,0,182,0,182,0,0,0,0,0,965
41016,-40,-1,1,159,1,0,0,0,0,0,0,0,0,182,0,182,0,182,0,182,0,182,0,182,0,182,0,182,0,0,0,0,0,966
41016,-40,-1,1,159,1,0,0,0,0,0,0,0,0,182,0,182,0,182,0,182,0,182,159,182,159,182,159,182,159,1,1,1,1,967
41016,-40,0,0,159,0,1,1,1,1,0,0,0,0,182,159,182,159,182,159,182,159,182,159,182,159,182,159,182,159,1,1,1,1,968
41016,-40,1,1,159,0,0,0,0,0,1,1,1,1,182,159,182,159,182,159,182,159,182,159,182,159,182,159,182,159,1,1,1,1,969
41016,-40,2,0,159,0,1,1,1,1,1,1,1,1,182,159,182,159,182,159,182,159,182,159,182,159,182,159,182,159,1,1,1,1,970
41016,-40,3,1,135,0,0,0,0,0,1,1,1,1,182,159,182,159,182,159,182,159,182,159,182,159,182,159,182,159,1,1,1,1,971
41016,-40,4,0,159,0,1,1,1,1,1,1,1,1,182,159,182,159,182,159,182,159,182,159,182,159,182,159,182,159,1,1,1,1,972
41016,-40,5,1,135,0,0,0,0,0,1,1,1,1,182,159,182,159,182,159,182,159,182,159,182,159,182,159,182,159,1,1,1,1,973
41016,-40,6,0,159,0,1,1,1,1,1,1,1,1,182,159,182,159,182,159,182,159,182,159,182,159,182,159,182,159,1,1,1,1,974
41016,-40,7,1,135,0,0,0,0,0,1,1,1,1,182,159,182,159,182,159,182,159,182,159,182,159,182,159,182,159,1,1,1,1,975
41016,-40,8,0,159,0,1,1,1,1,1,1,1,1,182,159,182,159,182,159,182,159,182,159,182,159,182,159,182,159,1,1,1,1,976
41016,-40,9,1,135,0,0,0,0,0,1,1,1,1,182,159,182,159,182,159,182,159,182,159,182,159,182,159,182,159,1,1,1,1,977
41016,-40,10,0,159,0,1,1,1,1,1,1,1,1,182,159,182,159,182,159,182,159,182,159,182,159,182,159,182,159,1,1,1,1,978
41016,-40,11,1,135,0,0,0,0,0,1,1,1,1,182,159,182,159,182,159,182,159,182,159,182,159,182,159,182,159,1,1,1,1,979
41016,-40,12,0,159,0,1,1,1,1,1,1,1,1,182,159,182,159,182,159,182,159,182,159,182,159,182,159,182,159,1,1,1,1,980
41016,-40,13,1,135,0,0,0,0,0,1,1,1,1,182,159,182,159,182,159,182,159,182,159,182,159,182,159,182,159,1,1,1,1,981
41016,-40,14,0,159,0,1,1,1,1,1,1,1,1,182,159,182,159,182,159,182,159,182,159,182,159,182,159,182,159,1,1,1,1,982
41016,-40,15,1,135,0,0,0,0,0,1,1,1,1,182,159,182,159,182,159,182,159,182,159,182,159,182,159,182,159,1,1,1,1,983
41016,-40,16,0,159,0,1,1,1,1,1,1,1,1,182,159,182,159,182,159,182,159,182,159,182,159,182,159,182,159,1,1,1,1,984
41016,-40,17,1,135,0,0,0,0,0,1,1,1,1,182,159,182,159,182,159,182,159,182,159,182,159,182,159,182,159,1,1,1,1,985
41016,-40,18,0,159,0,1,1,1,1,1,1,1,1,182,159,182,159,182,159,182,159,182,159,182,159,182,159,182,159,1,1,1,1,986
41016,-40,19,1,135,0,0,0,0,0,1,1,1,1,182,159,182,159,182,159,182,159,182,159,182,159,182,159,182,159,1,1,1,1,987
41016,-40,20,0,159,0,1,1,1,1,1,1,1,1,182,159,182,159,182,159,182,159,182,159,182,159,182,159,182,159,1,1,1,1,988
41016,-40,21,1,135,0,0,0,0,0,1,1,1,1,182,159,182,159,182,159,182,159,182,159,182,159,182,159,182,159,1,1,1,1,989
41016,-40,22,0,159,0,1,1,1,1,1,1,1,1,182,159,182,159,182,159,182,159,182,159,182,159,182,159,182,159,1,1,1,1,990
41016,-40,23,1,135,0,0,0,0,0,1,1,1,1,182,159,182,159,182,159,182,159,182,159,182,159,182,159,182,159,1,1,1,1,991
41016,125,-1,0,182,1,0,0,0,0,0,0,0,0,0,0,0,0,0,0,0,0,0,0,0,0,0,0,0,0,0,0,0,0,992
41016,125,-1,0,182,1,0,0,0,0,0,0,0,0,0,0,0,0,0,0,0,0,0,0,0,0,0,0,0,0,0,0,0,0,993
41016,125,-1,0,182,1,0,0,0,0,0,0,0,0,0,0,0,0,0,0,0,0,0,0,0,0,0,0,0,0,0,0,0,0,994
41016,125,-1,0,182,1,0,0,0,0,0,0,0,0,0,0,0,0,0,0,0,0,182,0,182,0,182,0,182,0,0,0,0,0,995
41016,125,-1,1,159,1,0,0,0,0,0,0,0,0,182,0,182,0,182,0,182,0,182,0,182,0,182,0,182,0,0,0,0,0,996
41016,125,-1,1,159,1,0,0,0,0,0,0,0,0,182,0,182,0,182,0,182,0,182,0,182,0,182,0,182,0,0,0,0,0,997
41016,125,-1,1,159,1,0,0,0,0,0,0,0,0,182,0,182,0,182,0,182,0,182,0,182,0,182,0,182,0,0,0,0,0,998
41016,125,-1,1,159,1,0,0,0,0,0,0,0,0,182,0,182,0,182,0,182,0,182,159,182,159,182,159,182,159,1,1,1,1,999
41016,125,0,0,204,0,1,1,1,1,0,0,0,0,182,159,182,159,182,159,182,159,182,159,182,159,182,159,182,159,1,1,1,1,1000
41016,125,1,1,204,0,1,1,1,1,1,1,1,1,182,159,182,159,182,159,182,159,182,159,182,159,182,159,182,159,1,1,1,1,1001
41016,125,2,0,204,0,1,1,1,1,1,1,1,1,182,159,182,159,182,159,182,159,182,159,182,159,182,159,182,159,1,1,1,1,1002
41016,125,3,1,182,0,0,0,0,0,1,1,1,1,182,159,182,159,182,159,182,159,182,159,182,159,182,159,182,159,1,1,1,1,1003
41016,125,4,0,204,0,1,1,1,1,1,1,1,1,182,159,182,159,182,159,182,159,182,159,182,159,182,159,182,159,1,1,1,1,1004
41016,125,5,1,204,0,1,1,1,1,1,1,1,1,182,159,182,159,182,159,182,159,182,159,182,159,182,159,182,159,1,1,1,1,1005
41016,125,6,0,204,0,1,1,1,1,1,1,1,1,182,159,182,159,182,159,182,159,182,159,182,159,182,159,182,159,1,1,1,1,1006
41016,125,7,1,204,0,1,1,1,1,1,1,1,1,182,159,182,159,182,159,182,159,182,159,182,159,182,159,182,159,1,1,1,1,1007
41016,125,8,0,204,0,1,1,1,1,1,1,1,1,182,159,182,159,182,159,182,159,182,159,182,159,182,159,182,159,1,1,1,1,1008
41016,125,9,1,204,0,1,1,1,1,1,1,1,1,182,159,182,159,182,159,182,159,182,159,182,159,182,159,182,159,1,1,1,1,1009
41016,125,10,0,204,0,1,1,1,1,1,1,1,1,182,159,182,159,182,159,182,159,182,159,182,159,182,159,182,159,1,1,1,1,1010
41016,125,11,1,182,0,0,0,0,0,1,1,1,1,182,159,182,159,182,159,182,159,182,159,182,159,182,159,182,159,1,1,1,1,1011
41016,125,12,0,204,0,1,1,1,1,1,1,1,1,182,159,182,159,182,159,182,159,182,159,182,159,182,159,182,159,1,1,1,1,1012
41016,125,13,1,182,0,0,0,0,0,1,1,1,1,182,159,182,159,182,159,182,159,182,159,182,159,182,159,182,159,1,1,1,1,1013
41016,125,14,0,204,0,1,1,1,1,1,1,1,1,182,159,182,159,182,159,182,159,182,159,182,159,182,159,182,159,1,1,1,1,1014
41016,125,15,1,182,0,0,0,0,0,1,1,1,1,182,159,182,159,182,159,182,159,182,159,182,159,182,159,182,159,1,1,1,1,1015
41016,125,16,0,204,0,1,1,1,1,1,1,1,1,182,159,182,159,182,159,182,159,182,159,182,159,182,159,182,159,1,1,1,1,1016
41016,125,17,1,204,0,1,1,1,1,1,1,1,1,182,159,182,159,182,159,182,159,182,159,182,159,182,159,182,159,1,1,1,1,1017
41016,125,18,0,204,0,1,1,1,1,1,1,1,1,182,159,182,159,182,159,182,159,182,159,182,159,182,159,182,159,1,1,1,1,1018
41016,125,19,1,182,0,0,0,0,0,1,1,1,1,182,159,182,159,182,159,182,159,182,159,182,159,182,159,182,159,1,1,1,1,1019
41016,125,20,0,182,0,0,0,0,0,1,1,1,1,182,159,182,159,182,159,182,159,182,159,182,159,182,159,182,159,1,1,1,1,1020
41016,125,21,1,182,0,0,0,0,0,1,1,1,1,182,159,182,159,182,159,182,159,182,159,182,159,182,159,182,159,1,1,1,1,1021
41016,125,22,0,204,0,1,1,1,1,1,1,1,1,182,159,182,159,182,159,182,159,182,159,182,159,182,159,182,159,1,1,1,1,1022
41016,125,23,1,204,0,1,1,1,1,1,1,1,1,182,159,182,159,182,159,182,159,182,159,182,159,182,159,182,159,1,1,1,1,1023
41017,-40,-1,0,204,1,0,0,0,0,0,0,0,0,0,0,0,0,0,0,0,0,0,0,0,0,0,0,0,0,0,0,0,0,1024
41017,-40,-1,0,204,1,0,0,0,0,0,0,0,0,0,0,0,0,0,0,0,0,0,0,0,0,0,0,0,0,0,0,0,0,1025
41017,-40,-1,0,204,1,0,0,0,0,0,0,0,0,0,0,0,0,0,0,0,0,0,0,0,0,0,0,0,0,0,0,0,0,1026
41017,-40,-1,0,182,1,0,0,0,0,0,0,0,0,0,0,0,0,0,0,0,0,198,0,198,0,198,0,198,0,0,0,0,0,1027
41017,-40,-1,1,182,1,0,0,0,0,0,0,0,0,198,0,198,0,198,0,198,0,198,0,198,0,198,0,198,0,0,0,0,0,1028
41017,-40,-1,1,159,1,0,0,0,0,0,0,0,0,198,0,198,0,198,0,198,0,198,0,198,0,198,0,198,0,0,0,0,0,1029
41017,-40,-1,1,182,1,0,0,0,0,0,0,0,0,198,0,198,0,198,0,198,0,198,0,198,0,198,0,198,0,0,0,0,0,1030
41017,-40,-1,1,159,1,0,0,0,0,0,0,0,0,198,0,198,0,198,0,198,0,198,170,198,170,198,170,198,170,1,1,1,1,1031
41017,-40,0,0,182,0,0,0,0,0,0,0,0,0,198,170,198,170,198,170,198,170,198,170,198,170,198,170,198,170,1,1,1,1,1032
41017,-40,1,1,159,0,0,0,0,0,0,0,0,0,198,170,198,170,198,170,198,170,198,170,198,170,198,170,198,170,1,1,1,1,1033
41017,-40,2,0,182,0,0,0,0,0,0,0,0,0,198,170,198,170,198,170,198,170,198,170,198,170,198,170,198,170,1,1,1,1,1034
41017,-40,3,1,135,0,1,1,1,1,0,0,0,0,198,170,198,170,198,170,198,170,198,170,198,170,198,170,198,170,1,1,1,1,1035
41017,-40,4,0,182,0,0,0,0,0,1,1,1,1,198,170,198,170,198,170,198,170,198,170,198,170,198,170,198,170,1,1,1,1,1036
41017,-40,5,1,159,0,0,0,0,0,1,1,1,1,198,170,198,170,198,170,198,170,198,170,198,170,198,170,198,170,1,1,1,1,1037
41017,-40,6,0,182,0,0,0,0,0,1,1,1,1,198,170,198,170,198,170,198,170,198,170,198,170,198,170,198,170,1,1,1,1,1038
41017,-40,7,1,135,0,1,1,1,1,1,1,1,1,198,170,198,170,198,170,198,170,198,170,198,170,198,170,198,170,1,1,1,1,1039
41017,-40,8,0,182,0,0,0,0,0,1,1,1,1,198,170,198,170,198,170,198,170,198,170,198,170,198,170,198,170,1,1,1,1,1040
41017,-40,9,1,159,0,0,0,0,0,1,1,1,1,198,170,198,170,198,170,198,170,198,170,198,170,198,170,198,170,1,1,1,1,1041
41017,-40,10,0,182,0,0,0,0,0,1,1,1,1,198,170,198,170,198,170,198,170,198,170,198,170,198,170,198,170,1,1,1,1,1042
41017,-40,11,1,135,0,1,1,1,1,1,1,1,1,198,170,198,170,198,170,198,170,198,170,198,170,198,170,198,170,1,1,1,1,1043
41017,-40,12,0,182,0,0,0,0,0,1,1,1,1,198,170,198,170,198,170,198,170,198,170,198,170,198,170,198,170,1,1,1,1,1044
41017,-40,13,1,135,0,1,1,1,1,1,1,1,1,198,170,198,170,198,170,198,170,198,170,198,170,198,170,198,170,1,1,1,1,1045
41017,-40,14,0,182,0,0,0,0,0,1,1,1,1,198,170,198,170,198,170,198,170,198,170,198,170,198,170,198,170,1,1,1,1,1046
41017,-40,15,1,135,0,1,1,1,1,1,1,1,1,198,170,198,170,198,170,198,170,198,170,198,170,198,170,198,170,1,1,1,1,1047
41017,-40,16,0,182,0,0,0,0,0,1,1,1,1,198,170,198,170,198,170,198,170,198,170,198,170,198,170,198,170,1,1,1,1,1048
41017,-40,17,1,159,0,0,0,0,0,1,1,1,1,198,170,198,170,198,170,198,170,198,170,198,170,198,170,198,170,1,1,1,1,1049
41017,-40,18,0,182,0,0,0,0,0,1,1,1,1,198,170,198,170,198,170,198,170,198,170,198,170,198,170,198,170,1,1,1,1,1050
41017,-40,19,1,135,0,1,1,1,1,1,1,1,1,198,170,198,170,198,170,198,170,198,170,198,170,198,170,198,170,1,1,1,1,1051
41017,-40,20,0,182,0,0,0,0,0,1,1,1,1,198,170,198,170,198,170,198,170,198,170,198,170,198,170,198,170,1,1,1,1,1052
41017,-40,21,1,135,0,1,1,1,1,1,1,1,1,198,170,198,170,198,170,198,170,198,170,198,170,198,170,198,170,1,1,1,1,1053
41017,-40,22,0,182,0,0,0,0,0,1,1,1,1,198,170,198,170,198,170,198,170,198,170,198,170,198,170,198,170,1,1,1,1,1054
41017,-40,23,1,135,0,1,1,1,1,1,1,1,1,198,170,198,170,198,170,198,170,198,170,198,170,198,170,198,170,1,1,1,1,1055
41017,125,-1,0,204,1,0,0,0,0,0,0,0,0,0,0,0,0,0,0,0,0,0,0,0,0,0,0,0,0,0,0,0,0,1056
41017,125,-1,0,204,1,0,0,0,0,0,0,0,0,0,0,0,0,0,0,0,0,0,0,0,0,0,0,0,0,0,0,0,0,1057
41017,125,-1,0,204,1,0,0,0,0,0,0,0,0,0,0,0,0,0,0,0,0,0,0,0,0,0,0,0,0,0,0,0,0,1058
41017,125,-1,0,182,1,0,0,0,0,0,0,0,0,0,0,0,0,0,0,0,0,198,0,198,0,198,0,198,0,0,0,0,0,1059
41017,125,-1,1,182,1,0,0,0,0,0,0,0,0,198,0,198,0,198,0,198,0,198,0,198,0,198,0,198,0,0,0,0,0,1060
41017,125,-1,1,159,1,0,0,0,0,0,0,0,0,198,0,198,0,198,0,198,0,198,0,198,0,198,0,198,0,0,0,0,0,1061
41017,125,-1,1,182,1,0,0,0,0,0,0,0,0,198,0,198,0,198,0,198,0,198,0,198,0,198,0,198,0,0,0,0,0,1062
41017,125,-1,1,159,1,0,0,0,0,0,0,0,0,198,0,198,0,198,0,198,0,198,170,198,170,198,170,198,170,1,1,1,1,1063
41017,125,0,0,225,0,1,1,1,1,0,0,0,0,198,170,198,170,198,170,198,170,198,170,198,170,198,170,198,170,1,1,1,1,1064
41017,125,1,1,204,0,1,1,1,1,1,1,1,1,198,170,198,170,198,170,198,170,198,170,198,170,198,170,198,170,1,1,1,1,1065
41017,125,2,0,225,0,1,1,1,1,1,1,1,1,198,170,198,170,198,170,198,170,198,170,198,170,198,170,198,170,1,1,1,1,1066
41017,125,3,1,204,0,1,1,1,1,1,1,1,1,198,170,198,170,198,170,198,170,198,170,198,170,198,170,198,170,1,1,1,1,1067
41017,125,4,0,225,0,1,1,1,1,1,1,1,1,198,170,198,170,198,170,198,170,198,170,198,170,198,170,198,170,1,1,1,1,1068
41017,125,5,1,204,0,1,1,1,1,1,1,1,1,198,170,198,170,198,170,198,170,198,170,198,170,198,170,198,170,1,1,1,1,1069
41017,125,6,0,204,0,0,0,0,0,1,1,1,1,198,170,198,170,198,170,198,170,198,170,198,170,198,170,198,170,1,1,1,1,1070
41017,125,7,1,204,0,1,1,1,1,1,1,1,1,198,170,198,170,198,170,198,170,198,170,198,170,198,170,198,170,1,1,1,1,1071
41017,125,8,0,204,0,0,0,0,0,1,1,1,1,198,170,198,170,198,170,198,170,198,170,198,170,198,170,198,170,1,1,1,1,1072
41017,125,9,1,204,0,1,1,1,1,1,1,1,1,198,170,198,170,198,170,198,170,198,170,198,170,198,170,198,170,1,1,1,1,1073
41017,125,10,0,225,0,1,1,1,1,1,1,1,1,198,170,198,170,198,170,198,170,198,170,198,170,198,170,198,170,1,1,1,1,1074
41017,125,11,1,204,0,1,1,1,1,1,1,1,1,198,170,198,170,198,170,198,170,198,170,198,170,198,170,198,170,1,1,1,1,1075
41017,125,12,0,204,0,0,0,0,0,1,1,1,1,198,170,198,170,198,170,198,170,198,170,198,170,198,170,198,170,1,1,1,1,1076
41017,125,13,1,204,0,1,1,1,1,1,1,1,1,198,170,198,170,198,170,198,170,198,170,198,170,198,170,198,170,1,1,1,1,1077
41017,125,14,0,204,0,0,0,0,0,1,1,1,1,198,170,198,170,198,170,198,170,198,170,198,170,198,170,198,170,1,1,1,1,1078
41017,125,15,1,204,0,1,1,1,1,1,1,1,1,198,170,198,170,198,170,198,170,198,170,198,170,198,170,198,170,1,1,1,1,1079
41017,125,16,0,204,0,0,0,0,0,1,1,1,1,198,170,198,170,198,170,198,170,198,170,198,170,198,170,198,170,1,1,1,1,1080
41017,125,17,1,204,0,1,1,1,1,1,1,1,1,198,170,198,170,198,170,198,170,198,170,198,170,198,170,198,170,1,1,1,1,1081
41017,125,18,0,204,0,0,0,0,0,1,1,1,1,198,170,198,170,198,170,198,170,198,170,198,170,198,170,198,170,1,1,1,1,1082
41017,125,19,1,204,0,1,1,1,1,1,1,1,1,198,170,198,170,198,170,198,170,198,170,198,170,198,170,198,170,1,1,1,1,1083
41017,125,20,0,204,0,0,0,0,0,1,1,1,1,198,170,198,170,198,170,198,170,198,170,198,170,198,170,198,170,1,1,1,1,1084
41017,125,21,1,182,0,0,0,0,0,1,1,1,1,198,170,198,170,198,170,198,170,198,170,198,170,198,170,198,170,1,1,1,1,1085
41017,125,22,0,225,0,1,1,1,1,1,1,1,1,198,170,198,170,198,170,198,170,198,170,198,170,198,170,198,170,1,1,1,1,1086
41017,125,23,1,204,0,1,1,1,1,1,1,1,1,198,170,198,170,198,170,198,170,198,170,198,170,198,170,198,170,1,1,1,1,1087
41018,-40,-1,0,225,1,0,0,0,0,0,0,0,0,0,0,0,0,0,0,0,0,0,0,0,0,0,0,0,0,0,0,0,0,1088
41018,-40,-1,0,225,1,0,0,0,0,0,0,0,0,0,0,0,0,0,0,0,0,0,0,0,0,0,0,0,0,0,0,0,0,1089
41018,-40,-1,0,225,1,0,0,0,0,0,0,0,0,0,0,0,0,0,0,0,0,0,0,0,0,0,0,0,0,0,0,0,0,1090
41018,-40,-1,0,204,1,0,0,0,0,0,0,0,0,0,0,0,0,0,0,0,0,219,0,219,0,219,0,219,0,0,0,0,0,1091
41018,-40,-1,1,204,1,0,0,0,0,0,0,0,0,219,0,219,0,219,0,219,0,219,0,219,0,219,0,219,0,0,0,0,0,1092
41018,-40,-1,1,182,1,0,0,0,0,0,0,0,0,219,0,219,0,219,0,219,0,219,0,219,0,219,0,219,0,0,0,0,0,1093
41018,-40,-1,1,204,1,0,0,0,0,0,0,0,0,219,0,219,0,219,0,219,0,219,0,219,0,219,0,219,0,0,0,0,0,1094
41018,-40,-1,1,182,1,0,0,0,0,0,0,0,0,219,0,219,0,219,0,219,0,219,193,219,193,219,193,219,193,1,1,1,1,1095
41018,-40,0,0,204,0,0,0,0,0,0,0,0,0,219,193,219,193,219,193,219,193,219,193,219,193,219,193,219,193,1,1,1,1,1096
41018,-40,1,1,182,0,0,0,0,0,0,0,0,0,219,193,219,193,219,193,219,193,219,193,219,193,219,193,219,193,1,1,1,1,1097
41018,-40,2,0,204,0,0,0,0,0,0,0,0,0,219,193,219,193,219,193,219,193,219,193,219,193,219,193,219,193,1,1,1,1,1098
41018,-40,3,1,182,0,0,0,0,0,0,0,0,0,219,193,219,193,219,193,219,193,219,193,219,193,219,193,219,193,1,1,1,1,1099
41018,-40,4,0,204,0,0,0,0,0,0,0,0,0,219,193,219,193,219,193,219,193,219,193,219,193,219,193,219,193,1,1,1,1,1100
41018,-40,5,1,182,0,0,0,0,0,0,0,0,0,219,193,219,193,219,193,219,193,219,193,219,193,219,193,219,193,1,1,1,1,1101
41018,-40,6,0,204,0,0,0,0,0,0,0,0,0,219,193,219,193,219,193,219,193,219,193,219,193,219,193,219,193,1,1,1,1,1102
41018,-40,7,1,182,0,0,0,0,0,0,0,0,0,219,193,219,193,219,193,219,193,219,193,219,193,219,193,219,193,1,1,1,1,1103
41018,-40,8,0,204,0,0,0,0,0,0,0,0,0,219,193,219,193,219,193,219,193,219,193,219,193,219,193,219,193,1,1,1,1,1104
41018,-40,9,1,182,0,0,0,0,0,0,0,0,0,219,193,219,193,219,193,219,193,219,193,219,193,219,193,219,193,1,1,1,1,1105
41018,-40,10,0,204,0,0,0,0,0,0,0,0,0,219,193,219,193,219,193,219,193,219,193,219,193,219,193,219,193,1,1,1,1,1106
41018,-40,11,1,182,0,0,0,0,0,0,0,0,0,219,193,219,193,219,193,219,193,219,193,219,193,219,193,219,193,1,1,1,1,1107
41018,-40,12,0,204,0,0,0,0,0,0,0,0,0,219,193,219,193,219,193,219,193,219,193,219,193,219,193,219,193,1,1,1,1,1108
41018,-40,13,1,182,0,0,0,0,0,0,0,0,0,219,193,219,193,219,193,219,193,219,193,219,193,219,193,219,193,1,1,1,1,1109
41018,-40,14,0,204,0,0,0,0,0,0,0,0,0,219,193,219,193,219,193,219,193,219,193,219,193,219,193,219,193,1,1,1,1,1110
41018,-40,15,1,182,0,0,0,0,0,0,0,0,0,219,193,219,193,219,193,219,193,219,193,219,193,219,193,219,193,1,1,1,1,1111
41018,-40,16,0,204,0,0,0,0,0,0,0,0,0,219,193,219,193,219,193,219,193,219,193,219,193,219,193,219,193,1,1,1,1,1112
41018,-40,17,1,182,0,0,0,0,0,0,0,0,0,219,193,219,193,219,193,219,193,219,193,219,193,219,193,219,193,1,1,1,1,1113
41018,-40,18,0,204,0,0,0,0,0,0,0,0,0,219,193,219,193,219,193,219,193,219,193,219,193,219,193,219,193,1,1,1,1,1114
41018,-40,19,1,182,0,0,0,0,0,0,0,0,0,219,193,219,193,219,193,219,193,219,193,219,193,219,193,219,193,1,1,1,1,1115
41018,-40,20,0,204,0,0,0,0,0,0,0,0,0,219,193,219,193,219,193,219,193,219,193,219,193,219,193,219,193,1,1,1,1,1116
41018,-40,21,1,159,0,1,1,1,1,0,0,0,0,219,193,219,193,219,193,219,193,219,193,219,193,219,193,219,193,1,1,1,1,1117
41018,-40,22,0,204,0,0,0,0,0,1,1,1,1,219,193,219,193,219,193,219,193,219,193,219,193,219,193,219,193,1,1,1,1,1118
41018,-40,23,1,182,0,0,0,0,0,1,1,1,1,219,193,219,193,219,193,219,193,219,193,219,193,219,193,219,193,1,1,1,1,1119
41018,125,-1,0,225,1,0,0,0,0,0,0,0,0,0,0,0,0,0,0,0,0,0,0,0,0,0,0,0,0,0,0,0,0,1120
41018,125,-1,0,225,1,0,0,0,0,0,0,0,0,0,0,0,0,0,0,0,0,0,0,0,0,0,0,0,0,0,0,0,0,1121
41018,125,-1,0,225,1,0,0,0,0,0,0,0,0,0,0,0,0,0,0,0,0,0,0,0,0,0,0,0,0,0,0,0,0,1122
41018,125,-1,0,204,1,0,0,0,0,0,0,0,0,0,0,0,0,0,0,0,0,219,0,219,0,219,0,219,0,0,0,0,0,1123
41018,125,-1,1,204,1,0,0,0,0,0,0,0,0,219,0,219,0,219,0,219,0,219,0,219,0,219,0,219,0,0,0,0,0,1124
41018,125,-1,1,182,1,0,0,0,0,0,0,0,0,219,0,219,0,219,0,219,0,219,0,219,0,219,0,219,0,0,0,0,0,1125
41018,125,-1,1,204,1,0,0,0,0,0,0,0,0,219,0,219,0,219,0,219,0,219,0,219,0,219,0,219,0,0,0,0,0,1126
41018,125,-1,1,182,1,0,0,0,0,0,0,0,0,219,0,219,0,219,0,219,0,219,193,219,193,219,193,219,193,1,1,1,1,1127
41018,125,0,0,225,0,0,0,0,0,0,0,0,0,219,193,219,193,219,193,219,193,219,193,219,193,219,193,219,193,1,1,1,1,1128
41018,125,1,1,225,0,1,1,1,1,0,0,0,0,219,193,219,193,219,193,219,193,219,193,219,193,219,193,219,193,1,1,1,1,1129
41018,125,2,0,225,0,0,0,0,0,1,1,1,1,219,193,219,193,219,193,219,193,219,193,219,193,219,193,219,193,1,1,1,1,1130
41018,125,3,1,204,0,0,0,0,0,1,1,1,1,219,193,219,193,219,193,219,193,219,193,219,193,219,193,219,193,1,1,1,1,1131
41018,125,4,0,225,0,0,0,0,0,1,1,1,1,219,193,219,193,219,193,219,193,219,193,219,193,219,193,219,193,1,1,1,1,1132
41018,125,5,1,225,0,1,1,1,1,1,1,1,1,219,193,219,193,219,193,219,193,219,193,219,193,219,193,219,193,1,1,1,1,1133
41018,125,6,0,225,0,0,0,0,0,1,1,1,1,219,193,219,193,219,193,219,193,219,193,219,193,219,193,219,193,1,1,1,1,1134
41018,125,7,1,204,0,0,0,0,0,1,1,1,1,219,193,219,193,219,193,219,193,219,193,219,193,219,193,219,193,1,1,1,1,1135
41018,125,8,0,225,0,0,0,0,0,1,1,1,1,219,193,219,193,219,193,219,193,219,193,219,193,219,193,219,193,1,1,1,1,1136
41018,125,9,1,225,0,1,1,1,1,1,1,1,1,219,193,219,193,219,193,219,193,219,193,219,193,219,193,219,193,1,1,1,1,1137
41018,125,10,0,225,0,0,0,0,0,1,1,1,1,219,193,219,193,219,193,219,193,219,193,219,193,219,193,219,193,1,1,1,1,1138
41018,125,11,1,204,0,0,0,0,0,1,1,1,1,219,193,219,193,219,193,219,193,219,193,219,193,219,193,219,193,1,1,1,1,1139
41018,125,12,0,225,0,0,0,0,0,1,1,1,1,219,193,219,193,219,193,219,193,219,193,219,193,219,193,219,193,1,1,1,1,1140
41018,125,13,1,204,0,0,0,0,0,1,1,1,1,219,193,219,193,219,193,219,193,219,193,219,193,219,193,219,193,1,1,1,1,1141
41018,125,14,0,225,0,0,0,0,0,1,1,1,1,219,193,219,193,219,193,219,193,219,193,219,193,219,193,219,193,1,1,1,1,1142
41018,125,15,1,204,0,0,0,0,0,1,1,1,1,219,193,219,193,219,193,219,193,219,193,219,193,219,193,219,193,1,1,1,1,1143
41018,125,16,0,225,0,0,0,0,0,1,1,1,1,219,193,219,193,219,193,219,193,219,193,219,193,219,193,219,193,1,1,1,1,1144
41018,125,17,1,225,0,1,1,1,1,1,1,1,1,219,193,219,193,219,193,219,193,219,193,219,193,219,193,219,193,1,1,1,1,1145
41018,125,18,0,225,0,0,0,0,0,1,1,1,1,219,193,219,193,219,193,219,193,219,193,219,193,219,193,219,193,1,1,1,1,1146
41018,125,19,1,204,0,0,0,0,0,1,1,1,1,219,193,219,193,219,193,219,193,219,193,219,193,219,193,219,193,1,1,1,1,1147
41018,125,20,0,225,0,0,0,0,0,1,1,1,1,219,193,219,193,219,193,219,193,219,193,219,193,219,193,219,193,1,1,1,1,1148
41018,125,21,1,204,0,0,0,0,0,1,1,1,1,219,193,219,193,219,193,219,193,219,193,219,193,219,193,219,193,1,1,1,1,1149
41018,125,22,0,225,0,0,0,0,0,1,1,1,1,219,193,219,193,219,193,219,193,219,193,219,193,219,193,219,193,1,1,1,1,1150
41018,125,23,1,204,0,0,0,0,0,1,1,1,1,219,193,219,193,219,193,219,193,219,193,219,193,219,193,219,193,1,1,1,1,1151
41019,-40,-1,0,182,1,0,0,0,0,0,0,0,0,0,0,0,0,0,0,0,0,0,0,0,0,0,0,0,0,0,0,0,0,1152
41019,-40,-1,0,182,1,0,0,0,0,0,0,0,0,0,0,0,0,0,0,0,0,0,0,0,0,0,0,0,0,0,0,0,0,1153
41019,-40,-1,0,204,1,0,0,0,0,0,0,0,0,0,0,0,0,0,0,0,0,0,0,0,0,0,0,0,0,0,0,0,0,1154
41019,-40,-1,0,182,1,0,0,0,0,0,0,0,0,0,0,0,0,0,0,0,0,187,0,187,0,187,0,187,0,0,0,0,0,1155
41019,-40,-1,1,159,1,0,0,0,0,0,0,0,0,187,0,187,0,187,0,187,0,187,0,187,0,187,0,187,0,0,0,0,0,1156
41019,-40,-1,1,159,1,0,0,0,0,0,0,0,0,187,0,187,0,187,0,187,0,187,0,187,0,187,0,187,0,0,0,0,0,1157
41019,-40,-1,1,159,1,0,0,0,0,0,0,0,0,187,0,187,0,187,0,187,0,187,0,187,0,187,0,187,0,0,0,0,0,1158
41019,-40,-1,1,159,1,0,0,0,0,0,0,0,0,187,0,187,0,187,0,187,0,187,159,187,159,187,159,187,159,1,1,1,1,1159
41019,-40,0,0,182,0,0,0,0,0,0,0,0,0,187,159,187,159,187,159,187,159,187,159,187,159,187,159,187,159,1,1,1,1,1160
41019,-40,1,1,135,0,0,0,0,0,0,0,0,0,187,159,187,159,187,159,187,159,187,159,187,159,187,159,187,159,1,1,1,1,1161
41019,-40,2,0,182,0,0,0,0,0,0,0,0,0,187,159,187,159,187,159,187,159,187,159,187,159,187,159,187,159,1,1,1,1,1162
41019,-40,3,1,110,0,1,1,1,1,0,0,0,0,187,159,187,159,187,159,187,159,187,159,186,159,187,159,186,159,1,1,1,1,1163
41019,-40,4,0,182,0,0,0,0,0,1,1,1,1,187,159,186,159,187,159,186,159,187,159,186,159,187,159,186,159,1,1,1,1,1164
41019,-40,5,1,135,0,0,0,0,0,1,1,1,1,187,159,186,159,187,159,186,159,187,159,186,159,187,159,186,159,1,1,1,1,1165
41019,-40,6,0,159,0,1,1,1,1,1,1,1,1,187,159,186,159,187,159,186,159,187,159,186,159,187,159,186,159,1,1,1,1,1166
41019,-40,7,1,135,0,0,0,0,0,1,1,1,1,187,159,186,159,187,159,186,159,187,159,186,159,187,159,186,159,1,1,1,1,1167
41019,-40,8,0,159,0,1,1,1,1,1,1,1,1,187,159,186,159,187,159,186,159,187,159,186,159,187,159,186,159,1,1,1,1,1168
41019,-40,9,1,135,0,0,0,0,0,1,1,1,1,187,159,186,159,187,159,186,159,187,159,186,159,187,159,186,159,1,1,1,1,1169
41019,-40,10,0,182,0,0,0,0,0,1,1,1,1,187,159,186,159,187,159,186,159,187,159,186,159,187,159,186,159,1,1,1,1,1170
41019,-40,11,1,135,0,0,0,0,0,1,1,1,1,187,159,186,159,187,159,186,159,187,159,186,159,187,159,186,159,1,1,1,1,1171
41019,-40,12,0,159,0,1,1,1,1,1,1,1,1,187,159,186,159,187,159,186,159,187,159,186,159,187,159,186,159,1,1,1,1,1172
41019,-40,13,1,135,0,0,0,0,0,1,1,1,1,187,159,186,159,187,159,186,159,187,159,186,159,187,159,186,159,1,1,1,1,1173
41019,-40,14,0,159,0,1,1,1,1,1,1,1,1,187,159,186,159,187,159,186,159,187,159,186,159,187,159,186,159,1,1,1,1,1174
41019,-40,15,1,135,0,0,0,0,0,1,1,1,1,187,159,186,159,187,159,186,159,187,159,186,159,187,159,186,159,1,1,1,1,1175
41019,-40,16,0,159,0,1,1,1,1,1,1,1,1,187,159,186,159,187,159,186,159,187,159,186,159,187,159,186,159,1,1,1,1,1176
41019,-40,17,1,135,0,0,0,0,0,1,1,1,1,187,159,186,159,187,159,186,159,187,159,186,159,187,159,186,159,1,1,1,1,1177
41019,-40,18,0,159,0,1,1,1,1,1,1,1,1,187,159,186,159,187,159,186,159,187,159,186,159,187,159,186,159,1,1,1,1,1178
41019,-40,19,1,135,0,0,0,0,0,1,1,1,1,187,159,186,159,187,159,186,159,187,159,186,159,187,159,186,159,1,1,1,1,1179
41019,-40,20,0,159,0,1,1,1,1,1,1,1,1,187,159,186,159,187,159,186,159,187,159,186,159,187,159,186,159,1,1,1,1,1180
41019,-40,21,1,110,0,1,1,1,1,1,1,1,1,187,159,186,159,187,159,186,159,187,159,186,159,187,159,186,159,1,1,1,1,1181
41019,-40,22,0,182,0,0,0,0,0,1,1,1,1,187,159,186,159,187,159,186,159,187,159,186,159,187,159,186,159,1,1,1,1,1182
41019,-40,23,1,135,0,0,0,0,0,1,1,1,1,187,159,186,159,187,159,186,159,187,159,186,159,187,159,186,159,1,1,1,1,1183
41019,125,-1,0,182,1,0,0,0,0,0,0,0,0,0,0,0,0,0,0,0,0,0,0,0,0,0,0,0,0,0,0,0,0,1184
41019,125,-1,0,182,1,0,0,0,0,0,0,0,0,0,0,0,0,0,0,0,0,0,0,0,0,0,0,0,0,0,0,0,0,1185
41019,125,-1,0,204,1,0,0,0,0,0,0,0,0,0,0,0,0,0,0,0,0,0,0,0,0,0,0,0,0,0,0,0,0,1186
41019,125,-1,0,182,1,0,0,0,0,0,0,0,0,0,0,0,0,0,0,0,0,187,0,187,0,187,0,187,0,0,0,0,0,1187
41019,125,-1,1,159,1,0,0,0,0,0,0,0,0,187,0,187,0,187,0,187,0,187,0,187,0,187,0,187,0,0,0,0,0,1188
41019,125,-1,1,159,1,0,0,0,0,0,0,0,0,187,0,187,0,187,0,187,0,187,0,187,0,187,0,187,0,0,0,0,0,1189
41019,125,-1,1,159,1,0,0,0,0,0,0,0,0,187,0,187,0,187,0,187,0,187,0,187,0,187,0,187,0,0,0,0,0,1190
41019,125,-1,1,159,1,0,0,0,0,0,0,0,0,187,0,187,0,187,0,187,0,187,159,187,159,187,159,187,159,1,1,1,1,1191
41019,125,0,0,204,0,0,0,0,0,0,0,0,0,187,159,187,159,187,159,187,159,187,159,187,159,187,159,187,159,1,1,1,1,1192
41019,125,1,1,182,0,0,0,0,0,0,0,0,0,187,159,187,159,187,159,187,159,187,159,187,159,187,159,187,159,1,1,1,1,1193
41019,125,2,0,204,0,0,0,0,0,0,0,0,0,187,159,187,159,187,159,187,159,187,159,187,159,187,159,187,159,1,1,1,1,1194
41019,125,3,1,182,0,0,0,0,0,0,0,0,0,187,159,187,159,187,159,187,159,187,159,187,159,187,159,187,159,1,1,1,1,1195
41019,125,4,0,204,0,0,0,0,0,0,0,0,0,187,159,187,159,187,159,187,159,187,159,187,159,187,159,187,159,1,1,1,1,1196
41019,125,5,1,182,0,0,0,0,0,0,0,0,0,187,159,187,159,187,159,187,159,187,159,187,159,187,159,187,159,1,1,1,1,1197
41019,125,6,0,204,0,0,0,0,0,0,0,0,0,187,159,187,159,187,159,187,159,187,159,187,159,187,159,187,159,1,1,1,1,1198
41019,125,7,1,182,0,0,0,0,0,0,0,0,0,187,159,187,159,187,159,187,159,187,159,187,159,187,159,187,159,1,1,1,1,1199
41019,125,8,0,204,0,0,0,0,0,0,0,0,0,187,159,187,159,187,159,187,159,187,159,187,159,187,159,187,159,1,1,1,1,1200
41019,125,9,1,182,0,0,0,0,0,0,0,0,0,187,159,187,159,187,159,187,159,187,159,187,159,187,159,187,159,1,1,1,1,1201
41019,125,10,0,204,0,0,0,0,0,0,0,0,0,187,159,187,159,187,159,187,159,187,159,187,159,187,159,187,159,1,1,1,1,1202
41019,125,11,1,182,0,0,0,0,0,0,0,0,0,187,159,187,159,187,159,187,159,187,159,187,159,187,159,187,159,1,1,1,1,1203
41019,125,12,0,204,0,0,0,0,0,0,0,0,0,187,159,187,159,187,159,187,159,187,159,187,159,187,159,187,159,1,1,1,1,1204
41019,125,13,1,182,0,0,0,0,0,0,0,0,0,187,159,187,159,187,159,187,159,187,159,187,159,187,159,187,159,1,1,1,1,1205
41019,125,14,0,204,0,0,0,0,0,0,0,0,0,187,159,187,159,187,159,187,159,187,159,187,159,187,159,187,159,1,1,1,1,1206
41019,125,15,1,182,0,0,0,0,0,0,0,0,0,187,159,187,159,187,159,187,159,187,159,187,159,187,159,187,159,1,1,1,1,1207
41019,125,16,0,204,0,0,0,0,0,0,0,0,0,187,159,187,159,187,159,187,159,187,159,187,159,187,159,187,159,1,1,1,1,1208
41019,125,17,1,182,0,0,0,0,0,0,0,0,0,187,159,187,159,187,159,187,159,187,159,187,159,187,159,187,159,1,1,1,1,1209
41019,125,18,0,204,0,0,0,0,0,0,0,0,0,187,159,187,159,187,159,187,159,187,159,187,159,187,159,187,159,1,1,1,1,1210
41019,125,19,1,182,0,0,0,0,0,0,0,0,0,187,159,187,159,187,159,187,159,187,159,187,159,187,159,187,159,1,1,1,1,1211
41019,125,20,0,204,0,0,0,0,0,0,0,0,0,187,159,187,159,187,159,187,159,187,159,187,159,187,159,187,159,1,1,1,1,1212
41019,125,21,1,182,0,0,0,0,0,0,0,0,0,187,159,187,159,187,159,187,159,187,159,187,159,187,159,187,159,1,1,1,1,1213
41019,125,22,0,204,0,0,0,0,0,0,0,0,0,187,159,187,159,187,159,187,159,187,159,187,159,187,159,187,159,1,1,1,1,1214
41019,125,23,1,182,0,0,0,0,0,0,0,0,0,187,159,187,159,187,159,187,159,187,159,187,159,187,159,187,159,1,1,1,1,1215
41020,-40,-1,0,159,1,0,0,0,0,0,0,0,0,0,0,0,0,0,0,0,0,0,0,0,0,0,0,0,0,0,0,0,0,1216
41020,-40,-1,0,159,1,0,0,0,0,0,0,0,0,0,0,0,0,0,0,0,0,0,0,0,0,0,0,0,0,0,0,0,0,1217
41020,-40,-1,0,159,1,0,0,0,0,0,0,0,0,0,0,0,0,0,0,0,0,0,0,0,0,0,0,0,0,0,0,0,0,1218
41020,-40,-1,0,159,1,0,0,0,0,0,0,0,0,0,0,0,0,0,0,0,0,159,0,159,0,159,0,159,0,0,0,0,0,1219
41020,-40,-1,1,135,1,0,0,0,0,0,0,0,0,159,0,159,0,159,0,159,0,159,0,159,0,159,0,159,0,0,0,0,0,1220
41020,-40,-1,1,135,1,0,0,0,0,0,0,0,0,159,0,159,0,159,0,159,0,159,0,159,0,159,0,159,0,0,0,0,0,1221
41020,-40,-1,1,135,1,0,0,0,0,0,0,0,0,159,0,159,0,159,0,159,0,159,0,159,0,159,0,159,0,0,0,0,0,1222
41020,-40,-1,1,135,1,0,0,0,0,0,0,0,0,159,0,159,0,159,0,159,0,159,135,159,135,159,135,159,135,1,1,1,1,1223
41020,-40,0,0,135,0,1,1,1,1,0,0,0,0,159,135,159,135,159,135,159,135,159,135,159,135,159,135,159,135,1,1,1,1,1224
41020,-40,1,1,110,0,1,1,1,1,1,1,1,1,159,135,159,135,159,135,159,135,159,135,159,135,159,135,159,135,1,1,1,1,1225
41020,-40,2,0,135,0,1,1,1,1,1,1,1,1,159,135,159,135,159,135,159,135,159,135,159,135,159,135,159,135,1,1,1,1,1226
41020,-40,3,1,110,0,1,1,1,1,1,1,1,1,159,135,159,135,159,135,159,135,159,135,159,135,159,135,159,135,1,1,1,1,1227
41020,-40,4,0,135,0,1,1,1,1,1,1,1,1,159,135,159,135,159,135,159,135,159,135,159,135,159,135,159,135,1,1,1,1,1228
41020,-40,5,1,110,0,1,1,1,1,1,1,1,1,159,135,159,135,159,135,159,135,159,135,159,135,159,135,159,135,1,1,1,1,1229
41020,-40,6,0,135,0,1,1,1,1,1,1,1,1,159,135,159,135,159,135,159,135,159,135,159,135,159,135,159,135,1,1,1,1,1230
41020,-40,7,1,110,0,1,1,1,1,1,1,1,1,159,135,159,135,159,135,159,135,159,135,159,135,159,135,159,135,1,1,1,1,1231
41020,-40,8,0,135,0,1,1,1,1,1,1,1,1,159,135,159,135,159,135,159,135,159,135,159,135,159,135,159,135,1,1,1,1,1232
41020,-40,9,1,110,0,1,1,1,1,1,1,1,1,159,135,159,135,159,135,159,135,159,135,159,135,159,135,159,135,1,1,1,1,1233
41020,-40,10,0,135,0,1,1,1,1,1,1,1,1,159,135,159,135,159,135,159,135,159,135,159,135,159,135,159,135,1,1,1,1,1234
41020,-40,11,1,110,0,1,1,1,1,1,1,1,1,159,135,159,135,159,135,159,135,159,135,159,135,159,135,159,135,1,1,1,1,1235
41020,-40,12,0,135,0,1,1,1,1,1,1,1,1,159,135,159,135,159,135,159,135,159,135,159,135,159,135,159,135,1,1,1,1,1236
41020,-40,13,1,110,0,1,1,1,1,1,1,1,1,159,135,159,135,159,135,159,135,159,135,159,135,159,135,159,135,1,1,1,1,1237
41020,-40,14,0,135,0,1,1,1,1,1,1,1,1,159,135,159,135,159,135,159,135,159,135,159,135,159,135,159,135,1,1,1,1,1238
41020,-40,15,1,110,0,1,1,1,1,1,1,1,1,159,135,159,135,159,135,159,135,159,135,159,135,159,135,159,135,1,1,1,1,1239
41020,-40,16,0,135,0,1,1,1,1,1,1,1,1,159,135,159,135,159,135,159,135,159,135,159,135,159,135,159,135,1,1,1,1,1240
41020,-40,17,1,110,0,1,1,1,1,1,1,1,1,159,135,159,135,159,135,159,135,159,135,159,135,159,135,159,135,1,1,1,1,1241
41020,-40,18,0,135,0,1,1,1,1,1,1,1,1,159,135,159,135,159,135,159,135,159,135,159,135,159,135,159,135,1,1,1,1,1242
41020,-40,19,1,110,0,1,1,1,1,1,1,1,1,159,135,159,135,159,135,159,135,159,135,159,135,159,135,159,135,1,1,1,1,1243
41020,-40,20,0,135,0,1,1,1,1,1,1,1,1,159,135,159,135,159,135,159,135,159,135,159,135,159,135,159,135,1,1,1,1,1244
41020,-40,21,1,84,0,1,1,1,1,1,1,1,1,159,135,159,135,159,135,159,135,159,135,159,135,159,135,159,135,1,1,1,1,1245
41020,-40,22,0,135,0,1,1,1,1,1,1,1,1,159,135,159,135,159,135,159,135,159,135,159,135,159,135,159,135,1,1,1,1,1246
41020,-40,23,1,110,0,1,1,1,1,1,1,1,1,159,135,159,135,159,135,159,135,159,135,159,135,159,135,159,135,1,1,1,1,1247
41020,125,-1,0,159,1,0,0,0,0,0,0,0,0,0,0,0,0,0,0,0,0,0,0,0,0,0,0,0,0,0,0,0,0,1248
41020,125,-1,0,159,1,0,0,0,0,0,0,0,0,0,0,0,0,0,0,0,0,0,0,0,0,0,0,0,0,0,0,0,0,1249
41020,125,-1,0,159,1,0,0,0,0,0,0,0,0,0,0,0,0,0,0,0,0,0,0,0,0,0,0,0,0,0,0,0,0,1250
41020,125,-1,0,159,1,0,0,0,0,0,0,0,0,0,0,0,0,0,0,0,0,159,0,159,0,159,0,159,0,0,0,0,0,1251
41020,125,-1,1,135,1,0,0,0,0,0,0,0,0,159,0,159,0,159,0,159,0,159,0,159,0,159,0,159,0,0,0,0,0,1252
41020,125,-1,1,135,1,0,0,0,0,0,0,0,0,159,0,159,0,159,0,159,0,159,0,159,0,159,0,159,0,0,0,0,0,1253
41020,125,-1,1,135,1,0,0,0,0,0,0,0,0,159,0,159,0,159,0,159,0,159,0,159,0,159,0,159,0,0,0,0,0,1254
41020,125,-1,1,135,1,0,0,0,0,0,0,0,0,159,0,159,0,159,0,159,0,159,135,159,135,159,135,159,135,1,1,1,1,1255
41020,125,0,0,182,0,1,1,1,1,0,0,0,0,159,135,159,135,159,135,159,135,159,135,159,135,159,135,159,135,1,1,1,1,1256
41020,125,1,1,159,0,0,0,0,0,1,1,1,1,159,135,159,135,159,135,159,135,159,135,159,135,159,135,159,135,1,1,1,1,1257
41020,125,2,0,182,0,1,1,1,1,1,1,1,1,159,135,159,135,159,135,159,135,159,135,159,135,159,135,159,135,1,1,1,1,1258
41020,125,3,1,159,0,0,0,0,0,1,1,1,1,159,135,159,135,159,135,159,135,159,135,159,135,159,135,159,135,1,1,1,1,1259
41020,125,4,0,182,0,1,1,1,1,1,1,1,1,159,135,159,135,159,135,159,135,159,135,159,135,159,135,159,135,1,1,1,1,1260
41020,125,5,1,159,0,0,0,0,0,1,1,1,1,159,135,159,135,159,135,159,135,159,135,159,135,159,135,159,135,1,1,1,1,1261
41020,125,6,0,182,0,1,1,1,1,1,1,1,1,159,135,159,135,159,135,159,135,159,135,159,135,159,135,159,135,1,1,1,1,1262
41020,125,7,1,159,0,0,0,0,0,1,1,1,1,159,135,159,135,159,135,159,135,159,135,159,135,159,135,159,135,1,1,1,1,1263
41020,125,8,0,182,0,1,1,1,1,1,1,1,1,159,135,159,135,159,135,159,135,159,135,159,135,159,135,159,135,1,1,1,1,1264
41020,125,9,1,159,0,0,0,0,0,1,1,1,1,159,135,159,135,159,135,159,135,159,135,159,135,159,135,159,135,1,1,1,1,1265
41020,125,10,0,182,0,1,1,1,1,1,1,1,1,159,135,159,135,159,135,159,135,159,135,159,135,159,135,159,135,1,1,1,1,1266
41020,125,11,1,159,0,0,0,0,0,1,1,1,1,159,135,159,135,159,135,159,135,159,135,159,135,159,135,159,135,1,1,1,1,1267
41020,125,12,0,182,0,1,1,1,1,1,1,1,1,159,135,159,135,159,135,159,135,159,135,159,135,159,135,159,135,1,1,1,1,1268
41020,125,13,1,159,0,0,0,0,0,1,1,1,1,159,135,159,135,159,135,159,135,159,135,159,135,159,135,159,135,1,1,1,1,1269
41020,125,14,0,182,0,1,1,1,1,1,1,1,1,159,135,159,135,159,135,159,135,159,135,159,135,159,135,159,135,1,1,1,1,1270
41020,125,15,1,159,0,0,0,0,0,1,1,1,1,159,135,159,135,159,135,159,135,159,135,159,135,159,135,159,135,1,1,1,1,1271
41020,125,16,0,182,0,1,1,1,1,1,1,1,1,159,135,159,135,159,135,159,135,159,135,159,135,159,135,159,135,1,1,1,1,1272
41020,125,17,1,159,0,0,0,0,0,1,1,1,1,159,135,159,135,159,135,159,135,159,135,159,135,159,135,159,135,1,1,1,1,1273
41020,125,18,0,182,0,1,1,1,1,1,1,1,1,159,135,159,135,159,135,159,135,159,135,159,135,159,135,159,135,1,1,1,1,1274
41020,125,19,1,159,0,0,0,0,0,1,1,1,1,159,135,159,135,159,135,159,135,159,135,159,135,159,135,159,135,1,1,1,1,1275
41020,125,20,0,182,0,1,1,1,1,1,1,1,1,159,135,159,135,159,135,159,135,159,135,159,135,159,135,159,135,1,1,1,1,1276
41020,125,21,1,159,0,0,0,0,0,1,1,1,1,159,135,159,135,159,135,159,135,159,135,159,135,159,135,159,135,1,1,1,1,1277
41020,125,22,0,182,0,1,1,1,1,1,1,1,1,159,135,159,135,159,135,159,135,159,135,159,135,159,135,159,135,1,1,1,1,1278
41020,125,23,1,159,0,0,0,0,0,1,1,1,1,159,135,159,135,159,135,159,135,159,135,159,135,159,135,159,135,1,1,1,1,1279
41021,-40,-1,0,182,1,0,0,0,0,0,0,0,0,0,0,0,0,0,0,0,0,0,0,0,0,0,0,0,0,0,0,0,0,1280
41021,-40,-1,0,182,1,0,0,0,0,0,0,0,0,0,0,0,0,0,0,0,0,0,0,0,0,0,0,0,0,0,0,0,0,1281
41021,-40,-1,0,182,1,0,0,0,0,0,0,0,0,0,0,0,0,0,0,0,0,0,0,0,0,0,0,0,0,0,0,0,0,1282
41021,-40,-1,0,182,1,0,0,0,0,0,0,0,0,0,0,0,0,0,0,0,0,182,0,182,0,182,0,182,0,0,0,0,0,1283
41021,-40,-1,1,159,1,0,0,0,0,0,0,0,0,182,0,182,0,182,0,182,0,182,0,182,0,182,0,182,0,0,0,0,0,1284
41021,-40,-1,1,135,1,0,0,0,0,0,0,0,0,182,0,182,0,182,0,182,0,182,0,182,0,182,0,182,0,0,0,0,0,1285
41021,-40,-1,1,135,1,0,0,0,0,0,0,0,0,182,0,182,0,182,0,182,0,182,0,182,0,182,0,182,0,0,0,0,0,1286
41021,-40,-1,1,135,1,0,0,0,0,0,0,0,0,182,0,182,0,182,0,182,0,182,141,182,141,182,141,182,141,1,1,1,1,1287
41021,-40,0,0,159,0,1,1,1,1,0,0,0,0,182,141,182,141,182,141,182,141,182,141,182,141,182,141,182,141,1,1,1,1,1288
41021,-40,1,1,110,0,1,1,1,1,1,1,1,1,182,141,182,141,182,141,182,141,182,141,182,141,182,141,182,141,1,1,1,1,1289
41021,-40,2,0,159,0,1,1,1,1,1,1,1,1,182,141,182,141,182,141,182,141,182,141,182,141,182,141,182,141,1,1,1,1,1290
41021,-40,3,1,110,0,1,1,1,1,1,1,1,1,182,141,182,141,182,141,182,141,182,141,182,141,182,141,182,141,1,1,1,1,1291
41021,-40,4,0,159,0,1,1,1,1,1,1,1,1,182,141,182,141,182,141,182,141,182,141,182,141,182,141,182,141,1,1,1,1,1292
41021,-40,5,1,110,0,1,1,1,1,1,1,1,1,182,141,182,141,182,141,182,141,182,141,182,141,182,141,182,141,1,1,1,1,1293
41021,-40,6,0,159,0,1,1,1,1,1,1,1,1,182,141,182,141,182,141,182,141,182,141,182,141,182,141,182,141,1,1,1,1,1294
41021,-40,7,1,110,0,1,1,1,1,1,1,1,1,182,141,182,141,182,141,182,141,182,141,182,141,182,141,182,141,1,1,1,1,1295
41021,-40,8,0,159,0,1,1,1,1,1,1,1,1,182,141,182,141,182,141,182,141,182,141,182,141,182,141,182,141,1,1,1,1,1296
41021,-40,9,1,110,0,1,1,1,1,1,1,1,1,182,141,182,141,182,141,182,141,182,141,182,141,182,141,182,141,1,1,1,1,1297
41021,-40,10,0,159,0,1,1,1,1,1,1,1,1,182,141,182,141,182,141,182,141,182,141,182,141,182,141,182,141,1,1,1,1,1298
41021,-40,11,1,110,0,1,1,1,1,1,1,1,1,182,141,182,141,182,141,182,141,182,141,182,141,182,141,182,141,1,1,1,1,1299
41021,-40,12,0,159,0,1,1,1,1,1,1,1,1,182,141,182,141,182,141,182,141,182,141,182,141,182,141,182,141,1,1,1,1,1300
41021,-40,13,1,110,0,1,1,1,1,1,1,1,1,182,141,182,141,182,141,182,141,182,141,182,141,182,141,182,141,1,1,1,1,1301
41021,-40,14,0,159,0,1,1,1,1,1,1,1,1,182,141,182,141,182,141,182,141,182,141,182,141,182,141,182,141,1,1,1,1,1302
41021,-40,15,1,110,0,1,1,1,1,1,1,1,1,182,141,182,141,182,141,182,141,182,141,182,141,182,141,182,141,1,1,1,1,1303
41021,-40,16,0,159,0,1,1,1,1,1,1,1,1,182,141,182,141,182,141,182,141,182,141,182,141,182,141,182,141,1,1,1,1,1304
41021,-40,17,1,110,0,1,1,1,1,1,1,1,1,182,141,182,141,182,141,182,141,182,141,182,141,182,141,182,141,1,1,1,1,1305
41021,-40,18,0,159,0,1,1,1,1,1,1,1,1,182,141,182,141,182,141,182,141,182,141,182,141,182,141,182,141,1,1,1,1,1306
41021,-40,19,1,110,0,1,1,1,1,1,1,1,1,182,141,182,141,182,141,182,141,182,141,182,141,182,141,182,141,1,1,1,1,1307
41021,-40,20,0,159,0,1,1,1,1,1,1,1,1,182,141,182,141,182,141,182,141,182,141,182,141,182,141,182,141,1,1,1,1,1308
41021,-40,21,1,110,0,1,1,1,1,1,1,1,1,182,141,182,141,182,141,182,141,182,141,182,141,182,141,182,141,1,1,1,1,1309
41021,-40,22,0,159,0,1,1,1,1,1,1,1,1,182,141,182,141,182,141,182,141,182,141,182,141,182,141,182,141,1,1,1,1,1310
41021,-40,23,1,110,0,1,1,1,1,1,1,1,1,182,141,182,141,182,141,182,141,182,141,182,141,182,141,182,141,1,1,1,1,1311
41021,125,-1,0,182,1,0,0,0,0,0,0,0,0,0,0,0,0,0,0,0,0,0,0,0,0,0,0,0,0,0,0,0,0,1312
41021,125,-1,0,182,1,0,0,0,0,0,0,0,0,0,0,0,0,0,0,0,0,0,0,0,0,0,0,0,0,0,0,0,0,1313
41021,125,-1,0,182,1,0,0,0,0,0,0,0,0,0,0,0,0,0,0,0,0,0,0,0,0,0,0,0,0,0,0,0,0,1314
41021,125,-1,0,182,1,0,0,0,0,0,0,0,0,0,0,0,0,0,0,0,0,182,0,182,0,182,0,182,0,0,0,0,0,1315
41021,125,-1,1,159,1,0,0,0,0,0,0,0,0,182,0,182,0,182,0,182,0,182,0,182,0,182,0,182,0,0,0,0,0,1316
41021,125,-1,1,135,1,0,0,0,0,0,0,0,0,182,0,182,0,182,0,182,0,182,0,182,0,182,0,182,0,0,0,0,0,1317
41021,125,-1,1,135,1,0,0,0,0,0,0,0,0,182,0,182,0,182,0,182,0,182,0,182,0,182,0,182,0,0,0,0,0,1318
41021,125,-1,1,135,1,0,0,0,0,0,0,0,0,182,0,182,0,182,0,182,0,182,141,182,141,182,141,182,141,1,1,1,1,1319
41021,125,0,0,204,0,1,1,1,1,0,0,0,0,182,141,182,141,182,141,182,141,182,141,182,141,182,141,182,141,1,1,1,1,1320
41021,125,1,1,182,0,1,1,1,1,1,1,1,1,182,141,182,141,182,141,182,141,182,141,182,141,182,141,182,141,1,1,1,1,1321
41021,125,2,0,204,0,1,1,1,1,1,1,1,1,182,141,182,141,182,141,182,141,182,141,182,141,182,141,182,141,1,1,1,1,1322
41021,125,3,1,182,0,1,1,1,1,1,1,1,1,182,141,182,141,182,141,182,141,182,141,182,141,182,141,182,141,1,1,1,1,1323
41021,125,4,0,204,0,1,1,1,1,1,1,1,1,182,141,182,141,182,141,182,141,182,141,182,141,182,141,182,141,1,1,1,1,1324
41021,125,5,1,182,0,1,1,1,1,1,1,1,1,182,141,182,141,182,141,182,141,182,141,182,141,182,141,182,141,1,1,1,1,1325
41021,125,6,0,204,0,1,1,1,1,1,1,1,1,182,141,182,141,182,141,182,141,182,141,182,141,182,141,182,141,1,1,1,1,1326
41021,125,7,1,182,0,1,1,1,1,1,1,1,1,182,141,182,141,182,141,182,141,182,141,182,141,182,141,182,141,1,1,1,1,1327
41021,125,8,0,204,0,1,1,1,1,1,1,1,1,182,141,182,141,182,141,182,141,182,141,182,141,182,141,182,141,1,1,1,1,1328
41021,125,9,1,182,0,1,1,1,1,1,1,1,1,182,141,182,141,182,141,182,141,182,141,182,141,182,141,182,141,1,1,1,1,1329
41021,125,10,0,204,0,1,1,1,1,1,1,1,1,182,141,182,141,182,141,182,141,182,141,182,141,182,141,182,141,1,1,1,1,1330
41021,125,11,1,182,0,1,1,1,1,1,1,1,1,182,141,182,141,182,141,182,141,182,141,182,141,182,141,182,141,1,1,1,1,1331
41021,125,12,0,204,0,1,1,1,1,1,1,1,1,182,141,182,141,182,141,182,141,182,141,182,141,182,141,182,141,1,1,1,1,1332
41021,125,13,1,182,0,1,1,1,1,1,1,1,1,182,141,182,141,182,141,182,141,182,141,182,141,182,141,182,141,1,1,1,1,1333
41021,125,14,0,204,0,1,1,1,1,1,1,1,1,182,141,182,141,182,141,182,141,182,141,182,141,182,141,182,141,1,1,1,1,1334
41021,125,15,1,182,0,1,1,1,1,1,1,1,1,182,141,182,141,182,141,182,141,182,141,182,141,182,141,182,141,1,1,1,1,1335
41021,125,16,0,204,0,1,1,1,1,1,1,1,1,182,141,182,141,182,141,182,141,182,141,182,141,182,141,182,141,1,1,1,1,1336
41021,125,17,1,182,0,1,1,1,1,1,1,1,1,182,141,182,141,182,141,182,141,182,141,182,141,182,141,182,141,1,1,1,1,1337
41021,125,18,0,204,0,1,1,1,1,1,1,1,1,182,141,182,141,182,141,182,141,182,141,182,141,182,141,182,141,1,1,1,1,1338
41021,125,19,1,182,0,1,1,1,1,1,1,1,1,182,141,182,141,182,141,182,141,182,141,182,141,182,141,182,141,1,1,1,1,1339
41021,125,20,0,204,0,1,1,1,1,1,1,1,1,182,141,182,141,182,141,182,141,182,141,182,141,182,141,182,141,1,1,1,1,1340
41021,125,21,1,182,0,1,1,1,1,1,1,1,1,182,141,182,141,182,141,182,141,182,141,182,141,182,141,182,141,1,1,1,1,1341
41021,125,22,0,204,0,1,1,1,1,1,1,1,1,182,141,182,141,182,141,182,141,182,141,182,141,182,141,182,141,1,1,1,1,1342
41021,125,23,1,182,0,1,1,1,1,1,1,1,1,182,141,182,141,182,141,182,141,182,141,182,141,182,141,182,141,1,1,1,1,1343
41022,-40,-1,0,204,1,0,0,0,0,0,0,0,0,0,0,0,0,0,0,0,0,0,0,0,0,0,0,0,0,0,0,0,0,1344
41022,-40,-1,0,204,1,0,0,0,0,0,0,0,0,0,0,0,0,0,0,0,0,0,0,0,0,0,0,0,0,0,0,0,0,1345
41022,-40,-1,0,204,1,0,0,0,0,0,0,0,0,0,0,0,0,0,0,0,0,0,0,0,0,0,0,0,0,0,0,0,0,1346
41022,-40,-1,0,204,1,0,0,0,0,0,0,0,0,0,0,0,0,0,0,0,0,204,0,204,0,204,0,204,0,0,0,0,0,1347
41022,-40,-1,1,159,1,0,0,0,0,0,0,0,0,204,0,204,0,204,0,204,0,204,0,204,0,204,0,204,0,0,0,0,0,1348
41022,-40,-1,1,159,1,0,0,0,0,0,0,0,0,204,0,204,0,204,0,204,0,204,0,204,0,204,0,204,0,0,0,0,0,1349
41022,-40,-1,1,159,1,0,0,0,0,0,0,0,0,204,0,204,0,204,0,204,0,204,0,204,0,204,0,204,0,0,0,0,0,1350
41022,-40,-1,1,159,1,0,0,0,0,0,0,0,0,204,0,204,0,204,0,204,0,204,159,204,159,204,159,204,159,1,1,1,1,1351
41022,-40,0,0,182,0,0,0,0,0,0,0,0,0,204,159,204,159,204,159,204,159,204,159,204,159,204,159,204,159,1,1,1,1,1352
41022,-40,1,1,135,0,0,0,0,0,0,0,0,0,204,159,204,159,204,159,204,159,204,159,204,159,204,159,204,159,1,1,1,1,1353
41022,-40,2,0,182,0,0,0,0,0,0,0,0,0,204,159,204,159,204,159,204,159,204,159,204,159,204,159,204,159,1,1,1,1,1354
41022,-40,3,1,135,0,0,0,0,0,0,0,0,0,204,159,204,159,204,159,204,159,204,159,204,159,204,159,204,159,1,1,1,1,1355
41022,-40,4,0,182,0,0,0,0,0,0,0,0,0,204,159,204,159,204,159,204,159,204,159,204,159,204,159,204,159,1,1,1,1,1356
41022,-40,5,1,135,0,0,0,0,0,0,0,0,0,204,159,204,159,204,159,204,159,204,159,204,159,204,159,204,159,1,1,1,1,1357
41022,-40,6,0,182,0,0,0,0,0,0,0,0,0,204,159,204,159,204,159,204,159,204,159,204,159,204,159,204,159,1,1,1,1,1358
41022,-40,7,1,135,0,0,0,0,0,0,0,0,0,204,159,204,159,204,159,204,159,204,159,204,159,204,159,204,159,1,1,1,1,1359
41022,-40,8,0,182,0,0,0,0,0,0,0,0,0,204,159,204,159,204,159,204,159,204,159,204,159,204,159,204,159,1,1,1,1,1360
41022,-40,9,1,135,0,0,0,0,0,0,0,0,0,204,159,204,159,204,159,204,159,204,159,204,159,204,159,204,159,1,1,1,1,1361
41022,-40,10,0,182,0,0,0,0,0,0,0,0,0,204,159,204,159,204,159,204,159,204,159,204,159,204,159,204,159,1,1,1,1,1362
41022,-40,11,1,135,0,0,0,0,0,0,0,0,0,204,159,204,159,204,159,204,159,204,159,204,159,204,159,204,159,1,1,1,1,1363
41022,-40,12,0,182,0,0,0,0,0,0,0,0,0,204,159,204,159,204,159,204,159,204,159,204,159,204,159,204,159,1,1,1,1,1364
41022,-40,13,1,135,0,0,0,0,0,0,0,0,0,204,159,204,159,204,159,204,159,204,159,204,159,204,159,204,159,1,1,1,1,1365
41022,-40,14,0,182,0,0,0,0,0,0,0,0,0,204,159,204,159,204,159,204,159,204,159,204,159,204,159,204,159,1,1,1,1,1366
41022,-40,15,1,135,0,0,0,0,0,0,0,0,0,204,159,204,159,204,159,204,159,204,159,204,159,204,159,204,159,1,1,1,1,1367
41022,-40,16,0,182,0,0,0,0,0,0,0,0,0,204,159,204,159,204,159,204,159,204,159,204,159,204,159,204,159,1,1,1,1,1368
41022,-40,17,1,135,0,0,0,0,0,0,0,0,0,204,159,204,159,204,159,204,159,204,159,204,159,204,159,204,159,1,1,1,1,1369
41022,-40,18,0,182,0,0,0,0,0,0,0,0,0,204,159,204,159,204,159,204,159,204,159,204,159,204,159,204,159,1,1,1,1,1370
41022,-40,19,1,135,0,0,0,0,0,0,0,0,0,204,159,204,159,204,159,204,159,204,159,204,159,204,159,204,159,1,1,1,1,1371
41022,-40,20,0,182,0,0,0,0,0,0,0,0,0,204,159,204,159,204,159,204,159,204,159,204,159,204,159,204,159,1,1,1,1,1372
41022,-40,21,1,135,0,0,0,0,0,0,0,0,0,204,159,204,159,204,159,204,159,204,159,204,159,204,159,204,159,1,1,1,1,1373
41022,-40,22,0,182,0,0,0,0,0,0,0,0,0,204,159,204,159,204,159,204,159,204,159,204,159,204,159,204,159,1,1,1,1,1374
41022,-40,23,1,135,0,0,0,0,0,0,0,0,0,204,159,204,159,204,159,204,159,204,159,204,159,204,159,204,159,1,1,1,1,1375
41022,125,-1,0,204,1,0,0,0,0,0,0,0,0,0,0,0,0,0,0,0,0,0,0,0,0,0,0,0,0,0,0,0,0,1376
41022,125,-1,0,204,1,0,0,0,0,0,0,0,0,0,0,0,0,0,0,0,0,0,0,0,0,0,0,0,0,0,0,0,0,1377
41022,125,-1,0,204,1,0,0,0,0,0,0,0,0,0,0,0,0,0,0,0,0,0,0,0,0,0,0,0,0,0,0,0,0,1378
41022,125,-1,0,204,1,0,0,0,0,0,0,0,0,0,0,0,0,0,0,0,0,204,0,204,0,204,0,204,0,0,0,0,0,1379
41022,125,-1,1,159,1,0,0,0,0,0,0,0,0,204,0,204,0,204,0,204,0,204,0,204,0,204,0,204,0,0,0,0,0,1380
41022,125,-1,1,159,1,0,0,0,0,0,0,0,0,204,0,204,0,204,0,204,0,204,0,204,0,204,0,204,0,0,0,0,0,1381
41022,125,-1,1,159,1,0,0,0,0,0,0,0,0,204,0,204,0,204,0,204,0,204,0,204,0,204,0,204,0,0,0,0,0,1382
41022,125,-1,1,159,1,0,0,0,0,0,0,0,0,204,0,204,0,204,0,204,0,204,159,204,159,204,159,204,159,1,1,1,1,1383
41022,125,0,0,225,0,1,1,1,1,0,0,0,0,204,159,204,159,204,159,204,159,204,159,204,159,204,159,204,159,1,1,1,1,1384
41022,125,1,1,204,0,1,1,1,1,1,1,1,1,204,159,204,159,204,159,204,159,204,159,204,159,204,159,204,159,1,1,1,1,1385
41022,125,2,0,225,0,1,1,1,1,1,1,1,1,204,159,204,159,204,159,204,159,204,159,204,159,204,159,204,159,1,1,1,1,1386
41022,125,3,1,182,0,0,0,0,0,1,1,1,1,204,159,204,159,204,159,204,159,204,159,204,159,204,159,204,159,1,1,1,1,1387
41022,125,4,0,225,0,1,1,1,1,1,1,1,1,204,159,204,159,204,159,204,159,204,159,204,159,204,159,204,159,1,1,1,1,1388
41022,125,5,1,204,0,1,1,1,1,1,1,1,1,204,159,204,159,204,159,204,159,204,159,204,159,204,159,204,159,1,1,1,1,1389
41022,125,6,0,204,0,0,0,0,0,1,1,1,1,204,159,204,159,204,159,204,159,204,159,204,159,204,159,204,159,1,1,1,1,1390
41022,125,7,1,204,0,1,1,1,1,1,1,1,1,204,159,204,159,204,159,204,159,204,159,204,159,204,159,204,159,1,1,1,1,1391
41022,125,8,0,225,0,1,1,1,1,1,1,1,1,204,159,204,159,204,159,204,159,204,159,204,159,204,159,204,159,1,1,1,1,1392
41022,125,9,1,204,0,1,1,1,1,1,1,1,1,204,159,204,159,204,159,204,159,204,159,204,159,204,159,204,159,1,1,1,1,1393
41022,125,10,0,225,0,1,1,1,1,1,1,1,1,204,159,204,159,204,159,204,159,204,159,204,159,204,159,204,159,1,1,1,1,1394
41022,125,11,1,182,0,0,0,0,0,1,1,1,1,204,159,204,159,204,159,204,159,204,159,204,159,204,159,204,159,1,1,1,1,1395
41022,125,12,0,204,0,0,0,0,0,1,1,1,1,204,159,204,159,204,159,204,159,204,159,204,159,204,159,204,159,1,1,1,1,1396
41022,125,13,1,182,0,0,0,0,0,1,1,1,1,204,159,204,159,204,159,204,159,204,159,204,159,204,159,204,159,1,1,1,1,1397
41022,125,14,0,225,0,1,1,1,1,1,1,1,1,204,159,204,159,204,159,204,159,204,159,204,159,204,159,204,159,1,1,1,1,1398
41022,125,15,1,182,0,0,0,0,0,1,1,1,1,204,159,204,159,204,159,204,159,204,159,204,159,204,159,204,159,1,1,1,1,1399
41022,125,16,0,204,0,0,0,0,0,1,1,1,1,204,159,204,159,204,159,204,159,204,159,204,159,204,159,204,159,1,1,1,1,1400
41022,125,17,1,204,0,1,1,1,1,1,1,1,1,204,159,204,159,204,159,204,159,204,159,204,159,204,159,204,159,1,1,1,1,1401
41022,125,18,0,204,0,0,0,0,0,1,1,1,1,204,159,204,159,204,159,204,159,204,159,204,159,204,159,204,159,1,1,1,1,1402
41022,125,19,1,182,0,0,0,0,0,1,1,1,1,204,159,204,159,204,159,204,159,204,159,204,159,204,159,204,159,1,1,1,1,1403
41022,125,20,0,204,0,0,0,0,0,1,1,1,1,204,159,204,159,204,159,204,159,204,159,204,159,204,159,204,159,1,1,1,1,1404
41022,125,21,1,182,0,0,0,0,0,1,1,1,1,204,159,204,159,204,159,204,159,204,159,204,159,204,159,204,159,1,1,1,1,1405
41022,125,22,0,225,0,1,1,1,1,1,1,1,1,204,159,204,159,204,159,204,159,204,159,204,159,204,159,204,159,1,1,1,1,1406
41022,125,23,1,204,0,1,1,1,1,1,1,1,1,204,159,204,159,204,159,204,159,204,159,204,159,204,159,204,159,1,1,1,1,1407
41023,-40,-1,0,204,1,0,0,0,0,0,0,0,0,0,0,0,0,0,0,0,0,0,0,0,0,0,0,0,0,0,0,0,0,1408
41023,-40,-1,0,204,1,0,0,0,0,0,0,0,0,0,0,0,0,0,0,0,0,0,0,0,0,0,0,0,0,0,0,0,0,1409
41023,-40,-1,0,225,1,0,0,0,0,0,0,0,0,0,0,0,0,0,0,0,0,0,0,0,0,0,0,0,0,0,0,0,0,1410
41023,-40,-1,0,204,1,0,0,0,0,0,0,0,0,0,0,0,0,0,0,0,0,209,0,209,0,209,0,209,0,0,0,0,0,1411
41023,-40,-1,1,182,1,0,0,0,0,0,0,0,0,209,0,209,0,209,0,209,0,209,0,209,0,209,0,209,0,0,0,0,0,1412
41023,-40,-1,1,182,1,0,0,0,0,0,0,0,0,209,0,209,0,209,0,209,0,209,0,209,0,209,0,209,0,0,0,0,0,1413
41023,-40,-1,1,182,1,0,0,0,0,0,0,0,0,209,0,209,0,209,0,209,0,209,0,209,0,209,0,209,0,0,0,0,0,1414
41023,-40,-1,1,182,1,0,0,0,0,0,0,0,0,209,0,209,0,209,0,209,0,209,182,209,182,209,182,209,182,1,1,1,1,1415
41023,-40,0,0,204,0,0,0,0,0,0,0,0,0,209,182,209,182,209,182,209,182,209,182,209,182,209,182,209,182,1,1,1,1,1416
41023,-40,1,1,159,0,0,0,0,0,0,0,0,0,209,182,209,182,209,182,209,182,209,182,209,182,209,182,209,182,1,1,1,1,1417
41023,-40,2,0,204,0,0,0,0,0,0,0,0,0,209,182,209,182,209,182,209,182,209,182,209,182,209,182,209,182,1,1,1,1,1418
41023,-40,3,1,159,0,0,0,0,0,0,0,0,0,209,182,209,182,209,182,209,182,209,182,208,182,209,182,208,182,1,1,1,1,1419
41023,-40,4,0,204,0,0,0,0,0,0,0,0,0,209,182,208,182,209,182,208,182,209,182,208,182,209,182,208,182,1,1,1,1,1420
41023,-40,5,1,159,0,0,0,0,0,0,0,0,0,209,182,208,182,209,182,208,182,209,182,208,182,209,182,208,182,1,1,1,1,1421
41023,-40,6,0,204,0,0,0,0,0,0,0,0,0,209,182,208,182,209,182,208,182,209,182,208,182,209,182,208,182,1,1,1,1,1422
41023,-40,7,1,159,0,0,0,0,0,0,0,0,0,209,182,208,182,209,182,208,182,209,182,207,182,209,182,207,182,1,1,1,1,1423
41023,-40,8,0,204,0,0,0,0,0,0,0,0,0,209,182,207,182,209,182,207,182,209,182,207,182,209,182,207,182,1,1,1,1,1424
41023,-40,9,1,159,0,0,0,0,0,0,0,0,0,209,182,207,182,209,182,207,182,209,182,207,182,209,182,207,182,1,1,1,1,1425
41023,-40,10,0,204,0,0,0,0,0,0,0,0,0,209,182,207,182,209,182,207,182,209,182,207,182,209,182,207,182,1,1,1,1,1426
41023,-40,11,1,159,0,0,0,0,0,0,0,0,0,209,182,207,182,209,182,207,182,209,182,207,182,209,182,207,182,1,1,1,1,1427
41023,-40,12,0,204,0,0,0,0,0,0,0,0,0,209,182,207,182,209,182,207,182,209,182,207,182,209,182,207,182,1,1,1,1,1428
41023,-40,13,1,159,0,0,0,0,0,0,0,0,0,209,182,207,182,209,182,207,182,209,182,207,182,209,182,207,182,1,1,1,1,1429
41023,-40,14,0,204,0,0,0,0,0,0,0,0,0,209,182,207,182,209,182,207,182,209,182,207,182,209,182,207,182,1,1,1,1,1430
41023,-40,15,1,159,0,0,0,0,0,0,0,0,0,209,182,207,182,209,182,207,182,209,182,207,182,209,182,207,182,1,1,1,1,1431
41023,-40,16,0,204,0,0,0,0,0,0,0,0,0,209,182,207,182,209,182,207,182,209,182,207,182,209,182,207,182,1,1,1,1,1432
41023,-40,17,1,159,0,0,0,0,0,0,0,0,0,209,182,207,182,209,182,207,182,209,182,207,182,209,182,207,182,1,1,1,1,1433
41023,-40,18,0,204,0,0,0,0,0,0,0,0,0,209,182,207,182,209,182,207,182,209,182,207,182,209,182,207,182,1,1,1,1,1434
41023,-40,19,1,159,0,0,0,0,0,0,0,0,0,209,182,207,182,209,182,207,182,209,182,207,182,209,182,207,182,1,1,1,1,1435
41023,-40,20,0,204,0,0,0,0,0,0,0,0,0,209,182,207,182,209,182,207,182,209,182,207,182,209,182,207,182,1,1,1,1,1436
41023,-40,21,1,159,0,0,0,0,0,0,0,0,0,209,182,207,182,209,182,207,182,209,182,207,182,209,182,207,182,1,1,1,1,1437
41023,-40,22,0,204,0,0,0,0,0,0,0,0,0,209,182,207,182,209,182,207,182,209,182,207,182,209,182,207,182,1,1,1,1,1438
41023,-40,23,1,159,0,0,0,0,0,0,0,0,0,209,182,207,182,209,182,207,182,209,182,207,182,209,182,207,182,1,1,1,1,1439
41023,125,-1,0,204,1,0,0,0,0,0,0,0,0,0,0,0,0,0,0,0,0,0,0,0,0,0,0,0,0,0,0,0,0,1440
41023,125,-1,0,204,1,0,0,0,0,0,0,0,0,0,0,0,0,0,0,0,0,0,0,0,0,0,0,0,0,0,0,0,0,1441
41023,125,-1,0,225,1,0,0,0,0,0,0,0,0,0,0,0,0,0,0,0,0,0,0,0,0,0,0,0,0,0,0,0,0,1442
41023,125,-1,0,204,1,0,0,0,0,0,0,0,0,0,0,0,0,0,0,0,0,209,0,209,0,209,0,209,0,0,0,0,0,1443
41023,125,-1,1,182,1,0,0,0,0,0,0,0,0,209,0,209,0,209,0,209,0,209,0,209,0,209,0,209,0,0,0,0,0,1444
41023,125,-1,1,182,1,0,0,0,0,0,0,0,0,209,0,209,0,209,0,209,0,209,0,209,0,209,0,209,0,0,0,0,0,1445
41023,125,-1,1,182,1,0,0,0,0,0,0,0,0,209,0,209,0,209,0,209,0,209,0,209,0,209,0,209,0,0,0,0,0,1446
41023,125,-1,1,182,1,0,0,0,0,0,0,0,0,209,0,209,0,209,0,209,0,209,182,209,182,209,182,209,182,1,1,1,1,1447
41023,125,0,0,225,0,0,0,0,0,0,0,0,0,209,182,209,182,209,182,209,182,209,182,209,182,209,182,209,182,1,1,1,1,1448
41023,125,1,1,204,0,0,0,0,0,0,0,0,0,209,182,209,182,209,182,209,182,209,182,209,182,209,182,209,182,1,1,1,1,1449
41023,125,2,0,225,0,0,0,0,0,0,0,0,0,209,182,209,182,209,182,209,182,209,182,209,182,209,182,209,182,1,1,1,1,1450
41023,125,3,1,204,0,0,0,0,0,0,0,0,0,209,182,209,182,209,182,209,182,209,182,209,182,209,182,209,182,1,1,1,1,1451
41023,125,4,0,225,0,0,0,0,0,0,0,0,0,209,182,209,182,209,182,209,182,209,182,209,182,209,182,209,182,1,1,1,1,1452
41023,125,5,1,204,0,0,0,0,0,0,0,0,0,209,182,209,182,209,182,209,182,209,182,209,182,209,182,209,182,1,1,1,1,1453
41023,125,6,0,225,0,0,0,0,0,0,0,0,0,209,182,209,182,209,182,209,182,209,182,209,182,209,182,209,182,1,1,1,1,1454
41023,125,7,1,204,0,0,0,0,0,0,0,0,0,209,182,209,182,209,182,209,182,209,182,209,182,209,182,209,182,1,1,1,1,1455
41023,125,8,0,225,0,0,0,0,0,0,0,0,0,209,182,209,182,209,182,209,182,209,182,209,182,209,182,209,182,1,1,1,1,1456
41023,125,9,1,204,0,0,0,0,0,0,0,0,0,209,182,209,182,209,182,209,182,209,182,209,182,209,182,209,182,1,1,1,1,1457
41023,125,10,0,225,0,0,0,0,0,0,0,0,0,209,182,209,182,209,182,209,182,209,182,209,182,209,182,209,182,1,1,1,1,1458
41023,125,11,1,204,0,0,0,0,0,0,0,0,0,209,182,209,182,209,182,209,182,209,182,209,182,209,182,209,182,1,1,1,1,1459
41023,125,12,0,225,0,0,0,0,0,0,0,0,0,209,182,209,182,209,182,209,182,209,182,209,182,209,182,209,182,1,1,1,1,1460
41023,125,13,1,204,0,0,0,0,0,0,0,0,0,209,182,209,182,209,182,209,182,209,182,209,182,209,182,209,182,1,1,1,1,1461
41023,125,14,0,225,0,0,0,0,0,0,0,0,0,209,182,209,182,209,182,209,182,209,182,209,182,209,182,209,182,1,1,1,1,1462
41023,125,15,1,204,0,0,0,0,0,0,0,0,0,209,182,209,182,209,182,209,182,209,182,209,182,209,182,209,182,1,1,1,1,1463
41023,125,16,0,225,0,0,0,0,0,0,0,0,0,209,182,209,182,209,182,209,182,209,182,209,182,209,182,209,182,1,1,1,1,1464
41023,125,17,1,204,0,0,0,0,0,0,0,0,0,209,182,209,182,209,182,209,182,209,182,209,182,209,182,209,182,1,1,1,1,1465
41023,125,18,0,225,0,0,0,0,0,0,0,0,0,209,182,209,182,209,182,209,182,209,182,209,182,209,182,209,182,1,1,1,1,1466
41023,125,19,1,204,0,0,0,0,0,0,0,0,0,209,182,209,182,209,182,209,182,209,182,209,182,209,182,209,182,1,1,1,1,1467
41023,125,20,0,225,0,0,0,0,0,0,0,0,0,209,182,209,182,209,182,209,182,209,182,209,182,209,182,209,182,1,1,1,1,1468
41023,125,21,1,204,0,0,0,0,0,0,0,0,0,209,182,209,182,209,182,209,182,209,182,209,182,209,182,209,182,1,1,1,1,1469
41023,125,22,0,225,0,0,0,0,0,0,0,0,0,209,182,209,182,209,182,209,182,209,182,209,182,209,182,209,182,1,1,1,1,1470
41023,125,23,1,204,0,0,0,0,0,0,0,0,0,209,182,209,182,209,182,209,182,209,182,209,182,209,182,209,182,1,1,1,1,1471
41024,-40,-1,0,159,1,0,0,0,0,0,0,0,0,0,0,0,0,0,0,0,0,0,0,0,0,0,0,0,0,0,0,0,0,1472
41024,-40,-1,0,159,1,0,0,0,0,0,0,0,0,0,0,0,0,0,0,0,0,0,0,0,0,0,0,0,0,0,0,0,0,1473
41024,-40,-1,0,182,1,0,0,0,0,0,0,0,0,0,0,0,0,0,0,0,0,0,0,0,0,0,0,0,0,0,0,0,0,1474
41024,-40,-1,0,159,1,0,0,0,0,0,0,0,0,0,0,0,0,0,0,0,0,164,0,164,0,164,0,164,0,0,0,0,0,1475
41024,-40,-1,1,159,1,0,0,0,0,0,0,0,0,164,0,164,0,164,0,164,0,164,0,164,0,164,0,164,0,0,0,0,0,1476
41024,-40,-1,1,135,1,0,0,0,0,0,0,0,0,164,0,164,0,164,0,164,0,164,0,164,0,164,0,164,0,0,0,0,0,1477
41024,-40,-1,1,159,1,0,0,0,0,0,0,0,0,164,0,164,0,164,0,164,0,164,0,164,0,164,0,164,0,0,0,0,0,1478
41024,-40,-1,1,135,1,0,0,0,0,0,0,0,0,164,0,164,0,164,0,164,0,164,147,164,147,164,147,164,147,1,1,1,1,1479
41024,-40,0,0,159,0,0,0,0,0,0,0,0,0,164,147,164,147,164,147,164,147,164,147,164,147,164,147,164,147,1,1,1,1,1480
41024,-40,1,1,110,0,1,1,1,1,0,0,0,0,164,147,164,147,164,147,164,147,164,147,164,147,164,147,164,147,1,1,1,1,1481
41024,-40,2,0,159,0,0,0,0,0,1,1,1,1,164,147,164,147,164,147,164,147,164,147,164,147,164,147,164,147,1,1,1,1,1482
41024,-40,3,1,110,0,1,1,1,1,1,1,1,1,164,147,164,147,164,147,164,147,164,147,164,147,164,147,164,147,1,1,1,1,1483
41024,-40,4,0,159,0,0,0,0,0,1,1,1,1,164,147,164,147,164,147,164,147,164,147,164,147,164,147,164,147,1,1,1,1,1484
41024,-40,5,1,110,0,1,1,1,1,1,1,1,1,164,147,164,147,164,147,164,147,164,147,164,147,164,147,164,147,1,1,1,1,1485
41024,-40,6,0,135,0,1,1,1,1,1,1,1,1,164,147,164,147,164,147,164,147,164,147,164,147,164,147,164,147,1,1,1,1,1486
41024,-40,7,1,110,0,1,1,1,1,1,1,1,1,164,147,164,147,164,147,164,147,164,147,164,147,164,147,164,147,1,1,1,1,1487
41024,-40,8,0,135,0,1,1,1,1,1,1,1,1,164,147,164,147,164,147,164,147,164,147,164,147,164,147,164,147,1,1,1,1,1488
41024,-40,9,1,110,0,1,1,1,1,1,1,1,1,164,147,164,147,164,147,164,147,164,147,164,147,164,147,164,147,1,1,1,1,1489
41024,-40,10,0,159,0,0,0,0,0,1,1,1,1,164,147,164,147,164,147,164,147,164,147,164,147,164,147,164,147,1,1,1,1,1490
41024,-40,11,1,110,0,1,1,1,1,1,1,1,1,164,147,164,147,164,147,164,147,164,147,164,147,164,147,164,147,1,1,1,1,1491
41024,-40,12,0,135,0,1,1,1,1,1,1,1,1,164,147,164,147,164,147,164,147,164,147,164,147,164,147,164,147,1,1,1,1,1492
41024,-40,13,1,110,0,1,1,1,1,1,1,1,1,164,147,164,147,164,147,164,147,164,147,164,147,164,147,164,147,1,1,1,1,1493
41024,-40,14,0,159,0,0,0,0,0,1,1,1,1,164,147,164,147,164,147,164,147,164,147,164,147,164,147,164,147,1,1,1,1,1494
41024,-40,15,1,110,0,1,1,1,1,1,1,1,1,164,147,164,147,164,147,164,147,164,147,164,147,164,147,164,147,1,1,1,1,1495
41024,-40,16,0,135,0,1,1,1,1,1,1,1,1,164,147,164,147,164,147,164,147,164,147,164,147,164,147,164,147,1,1,1,1,1496
41024,-40,17,1,110,0,1,1,1,1,1,1,1,1,164,147,164,147,164,147,164,147,164,147,164,147,164,147,164,147,1,1,1,1,1497
41024,-40,18,0,135,0,1,1,1,1,1,1,1,1,164,147,164,147,164,147,164,147,164,147,164,147,164,147,164,147,1,1,1,1,1498
41024,-40,19,1,110,0,1,1,1,1,1,1,1,1,164,147,164,147,164,147,164,147,164,147,164,147,164,147,164,147,1,1,1,1,1499
41024,-40,20,0,135,0,1,1,1,1,1,1,1,1,164,147,164,147,164,147,164,147,164,147,164,147,164,147,164,147,1,1,1,1,1500
41024,-40,21,1,110,0,1,1,1,1,1,1,1,1,164,147,164,147,164,147,164,147,164,147,164,147,164,147,164,147,1,1,1,1,1501
41024,-40,22,0,159,0,0,0,0,0,1,1,1,1,164,147,164,147,164,147,164,147,164,147,164,147,164,147,164,147,1,1,1,1,1502
41024,-40,23,1,110,0,1,1,1,1,1,1,1,1,164,147,164,147,164,147,164,147,164,147,164,147,164,147,164,147,1,1,1,1,1503
41024,125,-1,0,159,1,0,0,0,0,0,0,0,0,0,0,0,0,0,0,0,0,0,0,0,0,0,0,0,0,0,0,0,0,1504
41024,125,-1,0,159,1,0,0,0,0,0,0,0,0,0,0,0,0,0,0,0,0,0,0,0,0,0,0,0,0,0,0,0,0,1505
41024,125,-1,0,182,1,0,0,0,0,0,0,0,0,0,0,0,0,0,0,0,0,0,0,0,0,0,0,0,0,0,0,0,0,1506
41024,125,-1,0,159,1,0,0,0,0,0,0,0,0,0,0,0,0,0,0,0,0,164,0,164,0,164,0,164,0,0,0,0,0,1507
41024,125,-1,1,159,1,0,0,0,0,0,0,0,0,164,0,164,0,164,0,164,0,164,0,164,0,164,0,164,0,0,0,0,0,1508
41024,125,-1,1,135,1,0,0,0,0,0,0,0,0,164,0,164,0,164,0,164,0,164,0,164,0,164,0,164,0,0,0,0,0,1509
41024,125,-1,1,159,1,0,0,0,0,0,0,0,0,164,0,164,0,164,0,164,0,164,0,164,0,164,0,164,0,0,0,0,0,1510
41024,125,-1,1,135,1,0,0,0,0,0,0,0,0,164,0,164,0,164,0,164,0,164,147,164,147,164,147,164,147,1,1,1,1,1511
41024,125,0,0,182,0,0,0,0,0,0,0,0,0,164,147,164,147,164,147,164,147,164,147,164,147,164,147,164,147,1,1,1,1,1512
41024,125,1,1,182,0,1,1,1,1,0,0,0,0,164,147,164,147,164,147,164,147,164,147,164,147,164,147,164,147,1,1,1,1,1513
41024,125,2,0,182,0,0,0,0,0,1,1,1,1,164,147,164,147,164,147,164,147,164,147,164,147,164,147,164,147,1,1,1,1,1514
41024,125,3,1,182,0,1,1,1,1,1,1,1,1,164,147,164,147,164,147,164,147,164,147,164,147,164,147,164,147,1,1,1,1,1515
41024,125,4,0,182,0,0,0,0,0,1,1,1,1,164,147,164,147,164,147,164,147,164,147,164,147,164,147,164,147,1,1,1,1,1516
41024,125,5,1,182,0,1,1,1,1,1,1,1,1,164,147,164,147,164,147,164,147,164,147,164,147,164,147,164,147,1,1,1,1,1517
41024,125,6,0,182,0,0,0,0,0,1,1,1,1,164,147,164,147,164,147,164,147,164,147,164,147,164,147,164,147,1,1,1,1,1518
41024,125,7,1,182,0,1,1,1,1,1,1,1,1,164,147,164,147,164,147,164,147,164,147,164,147,164,147,164,147,1,1,1,1,1519
41024,125,8,0,182,0,0,0,0,0,1,1,1,1,164,147,164,147,164,147,164,147,164,147,164,147,164,147,164,147,1,1,1,1,1520
41024,125,9,1,182,0,1,1,1,1,1,1,1,1,164,147,164,147,164,147,164,147,164,147,164,147,164,147,164,147,1,1,1,1,1521
41024,125,10,0,182,0,0,0,0,0,1,1,1,1,164,147,164,147,164,147,164,147,164,147,164,147,164,147,164,147,1,1,1,1,1522
41024,125,11,1,182,0,1,1,1,1,1,1,1,1,164,147,164,147,164,147,164,147,164,147,164,147,164,147,164,147,1,1,1,1,1523
41024,125,12,0,182,0,0,0,0,0,1,1,1,1,164,147,164,147,164,147,164,147,164,147,164,147,164,147,164,147,1,1,1,1,1524
41024,125,13,1,182,0,1,1,1,1,1,1,1,1,164,147,164,147,164,147,164,147,164,147,164,147,164,147,164,147,1,1,1,1,1525
41024,125,14,0,182,0,0,0,0,0,1,1,1,1,164,147,164,147,164,147,164,147,164,147,164,147,164,147,164,147,1,1,1,1,1526
41024,125,15,1,182,0,1,1,1,1,1,1,1,1,164,147,164,147,164,147,164,147,164,147,164,147,164,147,164,147,1,1,1,1,1527
41024,125,16,0,182,0,0,0,0,0,1,1,1,1,164,147,164,147,164,147,164,147,164,147,164,147,164,147,164,147,1,1,1,1,1528
41024,125,17,1,182,0,1,1,1,1,1,1,1,1,164,147,164,147,164,147,164,147,164,147,164,147,164,147,164,147,1,1,1,1,1529
41024,125,18,0,182,0,0,0,0,0,1,1,1,1,164,147,164,147,164,147,164,147,164,147,164,147,164,147,164,147,1,1,1,1,1530
41024,125,19,1,182,0,1,1,1,1,1,1,1,1,164,147,164,147,164,147,164,147,164,147,164,147,164,147,164,147,1,1,1,1,1531
41024,125,20,0,182,0,0,0,0,0,1,1,1,1,164,147,164,147,164,147,164,147,164,147,164,147,164,147,164,147,1,1,1,1,1532
41024,125,21,1,159,0,0,0,0,0,1,1,1,1,164,147,164,147,164,147,164,147,164,147,164,147,164,147,164,147,1,1,1,1,1533
41024,125,22,0,182,0,0,0,0,0,1,1,1,1,164,147,164,147,164,147,164,147,164,147,164,147,164,147,164,147,1,1,1,1,1534
41024,125,23,1,182,0,1,1,1,1,1,1,1,1,164,147,164,147,164,147,164,147,164,147,164,147,164,147,164,147,1,1,1,1,1535
41025,-40,-1,0,225,1,0,0,0,0,0,0,0,0,0,0,0,0,0,0,0,0,0,0,0,0,0,0,0,0,0,0,0,0,1536
41025,-40,-1,0,225,1,0,0,0,0,0,0,0,0,0,0,0,0,0,0,0,0,0,0,0,0,0,0,0,0,0,0,0,0,1537
41025,-40,-1,0,225,1,0,0,0,0,0,0,0,0,0,0,0,0,0,0,0,0,0,0,0,0,0,0,0,0,0,0,0,0,1538
41025,-40,-1,0,225,1,0,0,0,0,0,0,0,0,0,0,0,0,0,0,0,0,225,0,225,0,225,0,225,0,0,0,0,0,1539
41025,-40,-1,1,204,1,0,0,0,0,0,0,0,0,225,0,225,0,225,0,225,0,225,0,225,0,225,0,225,0,0,0,0,0,1540
41025,-40,-1,1,204,1,0,0,0,0,0,0,0,0,225,0,225,0,225,0,225,0,225,0,225,0,225,0,225,0,0,0,0,0,1541
41025,-40,-1,1,204,1,0,0,0,0,0,0,0,0,225,0,225,0,225,0,225,0,225,0,225,0,225,0,225,0,0,0,0,0,1542
41025,-40,-1,1,204,1,0,0,0,0,0,0,0,0,225,0,225,0,225,0,225,0,225,204,225,204,225,204,225,204,1,1,1,1,1543
41025,-40,0,0,204,0,0,0,0,0,0,0,0,0,225,204,225,204,225,204,225,204,225,204,225,204,225,204,225,204,1,1,1,1,1544
41025,-40,1,1,182,0,0,0,0,0,0,0,0,0,225,204,225,204,225,204,225,204,225,204,225,204,225,204,225,204,1,1,1,1,1545
41025,-40,2,0,204,0,0,0,0,0,0,0,0,0,225,204,225,204,225,204,225,204,225,204,225,204,225,204,225,204,1,1,1,1,1546
41025,-40,3,1,182,0,0,0,0,0,0,0,0,0,225,204,225,204,225,204,225,204,225,204,225,204,225,204,225,204,1,1,1,1,1547
41025,-40,4,0,204,0,0,0,0,0,0,0,0,0,225,204,225,204,225,204,225,204,225,204,225,204,225,204,225,204,1,1,1,1,1548
41025,-40,5,1,182,0,0,0,0,0,0,0,0,0,225,204,225,204,225,204,225,204,225,204,225,204,225,204,225,204,1,1,1,1,1549
41025,-40,6,0,204,0,0,0,0,0,0,0,0,0,225,204,225,204,225,204,225,204,225,204,225,204,225,204,225,204,1,1,1,1,1550
41025,-40,7,1,182,0,0,0,0,0,0,0,0,0,225,204,225,204,225,204,225,204,225,204,225,204,225,204,225,204,1,1,1,1,1551
41025,-40,8,0,204,0,0,0,0,0,0,0,0,0,225,204,225,204,225,204,225,204,225,204,225,204,225,204,225,204,1,1,1,1,1552
41025,-40,9,1,182,0,0,0,0,0,0,0,0,0,225,204,225,204,225,204,225,204,225,204,225,204,225,204,225,204,1,1,1,1,1553
41025,-40,10,0,204,0,0,0,0,0,0,0,0,0,225,204,225,204,225,204,225,204,225,204,225,204,225,204,225,204,1,1,1,1,1554
41025,-40,11,1,182,0,0,0,0,0,0,0,0,0,225,204,225,204,225,204,225,204,225,204,225,204,225,204,225,204,1,1,1,1,1555
41025,-40,12,0,204,0,0,0,0,0,0,0,0,0,225,204,225,204,225,204,225,204,225,204,225,204,225,204,225,204,1,1,1,1,1556
41025,-40,13,1,182,0,0,0,0,0,0,0,0,0,225,204,225,204,225,204,225,204,225,204,225,204,225,204,225,204,1,1,1,1,1557
41025,-40,14,0,204,0,0,0,0,0,0,0,0,0,225,204,225,204,225,204,225,204,225,204,225,204,225,204,225,204,1,1,1,1,1558
41025,-40,15,1,182,0,0,0,0,0,0,0,0,0,225,204,225,204,225,204,225,204,225,204,225,204,225,204,225,204,1,1,1,1,1559
41025,-40,16,0,204,0,0,0,0,0,0,0,0,0,225,204,225,204,225,204,225,204,225,204,225,204,225,204,225,204,1,1,1,1,1560
41025,-40,17,1,182,0,0,0,0,0,0,0,0,0,225,204,225,204,225,204,225,204,225,204,225,204,225,204,225,204,1,1,1,1,1561
41025,-40,18,0,204,0,0,0,0,0,0,0,0,0,225,204,225,204,225,204,225,204,225,204,225,204,225,204,225,204,1,1,1,1,1562
41025,-40,19,1,182,0,0,0,0,0,0,0,0,0,225,204,225,204,225,204,225,204,225,204,225,204,225,204,225,204,1,1,1,1,1563
41025,-40,20,0,204,0,0,0,0,0,0,0,0,0,225,204,225,204,225,204,225,204,225,204,225,204,225,204,225,204,1,1,1,1,1564
41025,-40,21,1,159,0,1,1,1,1,0,0,0,0,225,204,225,204,225,204,225,204,225,204,225,204,225,204,225,204,1,1,1,1,1565
41025,-40,22,0,204,0,0,0,0,0,1,1,1,1,225,204,225,204,225,204,225,204,225,204,225,204,225,204,225,204,1,1,1,1,1566
41025,-40,23,1,182,0,0,0,0,0,1,1,1,1,225,204,225,204,225,204,225,204,225,204,225,204,225,204,225,204,1,1,1,1,1567
41025,125,-1,0,225,1,0,0,0,0,0,0,0,0,0,0,0,0,0,0,0,0,0,0,0,0,0,0,0,0,0,0,0,0,1568
41025,125,-1,0,225,1,0,0,0,0,0,0,0,0,0,0,0,0,0,0,0,0,0,0,0,0,0,0,0,0,0,0,0,0,1569
41025,125,-1,0,225,1,0,0,0,0,0,0,0,0,0,0,0,0,0,0,0,0,0,0,0,0,0,0,0,0,0,0,0,0,1570
41025,125,-1,0,225,1,0,0,0,0,0,0,0,0,0,0,0,0,0,0,0,0,225,0,225,0,225,0,225,0,0,0,0,0,1571
41025,125,-1,1,204,1,0,0,0,0,0,0,0,0,225,0,225,0,225,0,225,0,225,0,225,0,225,0,225,0,0,0,0,0,1572
41025,125,-1,1,204,1,0,0,0,0,0,0,0,0,225,0,225,0,225,0,225,0,225,0,225,0,225,0,225,0,0,0,0,0,1573
41025,125,-1,1,204,1,0,0,0,0,0,0,0,0,225,0,225,0,225,0,225,0,225,0,225,0,225,0,225,0,0,0,0,0,1574
41025,125,-1,1,204,1,0,0,0,0,0,0,0,0,225,0,225,0,225,0,225,0,225,204,225,204,225,204,225,204,1,1,1,1,1575
41025,125,0,0,225,0,0,0,0,0,0,0,0,0,225,204,225,204,225,204,225,204,225,204,225,204,225,204,225,204,1,1,1,1,1576
41025,125,1,1,225,0,0,0,0,0,0,0,0,0,225,204,225,204,225,204,225,204,225,204,225,204,225,204,225,204,1,1,1,1,1577
41025,125,2,0,225,0,0,0,0,0,0,0,0,0,225,204,225,204,225,204,225,204,225,204,225,204,225,204,225,204,1,1,1,1,1578
41025,125,3,1,225,0,0,0,0,0,0,0,0,0,225,204,225,204,225,204,225,204,225,204,225,204,225,204,225,204,1,1,1,1,1579
41025,125,4,0,245,0,1,1,1,1,0,0,0,0,225,204,225,204,225,204,225,204,225,204,225,204,225,204,225,204,1,1,1,1,1580
41025,125,5,1,225,0,0,0,0,0,1,1,1,1,225,204,225,204,225,204,225,204,225,204,225,204,225,204,225,204,1,1,1,1,1581
41025,125,6,0,225,0,0,0,0,0,1,1,1,1,225,204,225,204,225,204,225,204,225,204,225,204,225,204,225,204,1,1,1,1,1582
41025,125,7,1,225,0,0,0,0,0,1,1,1,1,225,204,225,204,225,204,225,204,225,204,225,204,225,204,225,204,1,1,1,1,1583
41025,125,8,0,225,0,0,0,0,0,1,1,1,1,225,204,225,204,225,204,225,204,225,204,225,204,225,204,225,204,1,1,1,1,1584
41025,125,9,1,225,0,0,0,0,0,1,1,1,1,225,204,225,204,225,204,225,204,225,204,225,204,225,204,225,204,1,1,1,1,1585
41025,125,10,0,225,0,0,0,0,0,1,1,1,1,225,204,225,204,225,204,225,204,225,204,225,204,225,204,225,204,1,1,1,1,1586
41025,125,11,1,225,0,0,0,0,0,1,1,1,1,225,204,225,204,225,204,225,204,225,204,225,204,225,204,225,204,1,1,1,1,1587
41025,125,12,0,225,0,0,0,0,0,1,1,1,1,225,204,225,204,225,204,225,204,225,204,225,204,225,204,225,204,1,1,1,1,1588
41025,125,13,1,225,0,0,0,0,0,1,1,1,1,225,204,225,204,225,204,225,204,225,204,225,204,225,204,225,204,1,1,1,1,1589
41025,125,14,0,225,0,0,0,0,0,1,1,1,1,225,204,225,204,225,204,225,204,225,204,225,204,225,204,225,204,1,1,1,1,1590
41025,125,15,1,225,0,0,0,0,0,1,1,1,1,225,204,225,204,225,204,225,204,225,204,225,204,225,204,225,204,1,1,1,1,1591
41025,125,16,0,225,0,0,0,0,0,1,1,1,1,225,204,225,204,225,204,225,204,225,204,225,204,225,204,225,204,1,1,1,1,1592
41025,125,17,1,225,0,0,0,0,0,1,1,1,1,225,204,225,204,225,204,225,204,225,204,225,204,225,204,225,204,1,1,1,1,1593
41025,125,18,0,225,0,0,0,0,0,1,1,1,1,225,204,225,204,225,204,225,204,225,204,225,204,225,204,225,204,1,1,1,1,1594
41025,125,19,1,225,0,0,0,0,0,1,1,1,1,225,204,225,204,225,204,225,204,225,204,225,204,225,204,225,204,1,1,1,1,1595
41025,125,20,0,225,0,0,0,0,0,1,1,1,1,225,204,225,204,225,204,225,204,225,204,225,204,225,204,225,204,1,1,1,1,1596
41025,125,21,1,225,0,0,0,0,0,1,1,1,1,225,204,225,204,225,204,225,204,225,204,225,204,225,204,225,204,1,1,1,1,1597
41025,125,22,0,225,0,0,0,0,0,1,1,1,1,225,204,225,204,225,204,225,204,225,204,225,204,225,204,225,204,1,1,1,1,1598
41025,125,23,1,225,0,0,0,0,0,1,1,1,1,225,204,225,204,225,204,225,204,225,204,225,204,225,204,225,204,1,1,1,1,1599
41026,-40,-1,0,159,1,0,0,0,0,0,0,0,0,0,0,0,0,0,0,0,0,0,0,0,0,0,0,0,0,0,0,0,0,1600
41026,-40,-1,0,159,1,0,0,0,0,0,0,0,0,0,0,0,0,0,0,0,0,0,0,0,0,0,0,0,0,0,0,0,0,1601
41026,-40,-1,0,182,1,0,0,0,0,0,0,0,0,0,0,0,0,0,0,0,0,0,0,0,0,0,0,0,0,0,0,0,0,1602
41026,-40,-1,0,159,1,0,0,0,0,0,0,0,0,0,0,0,0,0,0,0,0,164,0,164,0,164,0,164,0,0,0,0,0,1603
41026,-40,-1,1,159,1,0,0,0,0,0,0,0,0,164,0,164,0,164,0,164,0,164,0,164,0,164,0,164,0,0,0,0,0,1604
41026,-40,-1,1,135,1,0,0,0,0,0,0,0,0,164,0,164,0,164,0,164,0,164,0,164,0,164,0,164,0,0,0,0,0,1605
41026,-40,-1,1,159,1,0,0,0,0,0,0,0,0,164,0,164,0,164,0,164,0,164,0,164,0,164,0,164,0,0,0,0,0,1606
41026,-40,-1,1,159,1,0,0,0,0,0,0,0,0,164,0,164,0,164,0,164,0,164,153,164,153,164,153,164,153,1,1,1,1,1607
41026,-40,0,0,159,0,0,0,0,0,0,0,0,0,164,153,164,153,164,153,164,153,164,153,164,153,164,153,164,153,1,1,1,1,1608
41026,-40,1,1,135,0,0,0,0,0,0,0,0,0,164,153,164,153,164,153,164,153,164,153,164,153,164,153,164,153,1,1,1,1,1609
41026,-40,2,0,159,0,0,0,0,0,0,0,0,0,164,153,164,153,164,153,164,153,164,153,164,153,164,153,164,153,1,1,1,1,1610
41026,-40,3,1,110,0,1,1,1,1,0,0,0,0,164,153,164,153,164,153,164,153,164,153,163,153,164,153,163,153,1,1,1,1,1611
41026,-40,4,0,159,0,0,0,0,0,1,1,1,1,164,153,163,153,164,153,163,153,164,153,163,153,164,153,163,153,1,1,1,1,1612
41026,-40,5,1,135,0,0,0,0,0,1,1,1,1,164,153,163,153,164,153,163,153,164,153,163,153,164,153,163,153,1,1,1,1,1613
41026,-40,6,0,135,0,1,1,1,1,1,1,1,1,164,153,163,153,164,153,163,153,164,153,163,153,164,153,163,153,1,1,1,1,1614
41026,-40,7,1,135,0,0,0,0,0,1,1,1,1,164,153,163,153,164,153,163,153,164,153,163,153,164,153,163,153,1,1,1,1,1615
41026,-40,8,0,135,0,1,1,1,1,1,1,1,1,164,153,163,153,164,153,163,153,164,153,163,153,164,153,163,153,1,1,1,1,1616
41026,-40,9,1,135,0,0,0,0,0,1,1,1,1,164,153,163,153,164,153,163,153,164,153,163,153,164,153,163,153,1,1,1,1,1617
41026,-40,10,0,159,0,0,0,0,0,1,1,1,1,164,153,163,153,164,153,163,153,164,153,163,153,164,153,163,153,1,1,1,1,1618
41026,-40,11,1,135,0,0,0,0,0,1,1,1,1,164,153,163,153,164,153,163,153,164,153,163,153,164,153,163,153,1,1,1,1,1619
41026,-40,12,0,135,0,1,1,1,1,1,1,1,1,164,153,163,153,164,153,163,153,164,153,163,153,164,153,163,153,1,1,1,1,1620
41026,-40,13,1,110,0,1,1,1,1,1,1,1,1,164,153,163,153,164,153,163,153,164,153,163,153,164,153,163,153,1,1,1,1,1621
41026,-40,14,0,159,0,0,0,0,0,1,1,1,1,164,153,163,153,164,153,163,153,164,153,163,153,164,153,163,153,1,1,1,1,1622
41026,-40,15,1,110,0,1,1,1,1,1,1,1,1,164,153,163,153,164,153,163,153,164,153,163,153,164,153,163,153,1,1,1,1,1623
41026,-40,16,0,135,0,1,1,1,1,1,1,1,1,164,153,163,153,164,153,163,153,164,153,163,153,164,153,163,153,1,1,1,1,1624
41026,-40,17,1,135,0,0,0,0,0,1,1,1,1,164,153,163,153,164,153,163,153,164,153,163,153,164,153,163,153,1,1,1,1,1625
41026,-40,18,0,135,0,1,1,1,1,1,1,1,1,164,153,163,153,164,153,163,153,164,153,163,153,164,153,163,153,1,1,1,1,1626
41026,-40,19,1,135,0,0,0,0,0,1,1,1,1,164,153,163,153,164,153,163,153,164,153,163,153,164,153,163,153,1,1,1,1,1627
41026,-40,20,0,135,0,1,1,1,1,1,1,1,1,164,153,163,153,164,153,163,153,164,153,163,153,164,153,163,153,1,1,1,1,1628
41026,-40,21,1,110,0,1,1,1,1,1,1,1,1,164,153,163,153,164,153,163,153,164,153,163,153,164,153,163,153,1,1,1,1,1629
41026,-40,22,0,159,0,0,0,0,0,1,1,1,1,164,153,163,153,164,153,163,153,164,153,163,153,164,153,163,153,1,1,1,1,1630
41026,-40,23,1,135,0,0,0,0,0,1,1,1,1,164,153,163,153,164,153,163,153,164,153,163,153,164,153,163,153,1,1,1,1,1631
41026,125,-1,0,159,1,0,0,0,0,0,0,0,0,0,0,0,0,0,0,0,0,0,0,0,0,0,0,0,0,0,0,0,0,1632
41026,125,-1,0,159,1,0,0,0,0,0,0,0,0,0,0,0,0,0,0,0,0,0,0,0,0,0,0,0,0,0,0,0,0,1633
41026,125,-1,0,182,1,0,0,0,0,0,0,0,0,0,0,0,0,0,0,0,0,0,0,0,0,0,0,0,0,0,0,0,0,1634
41026,125,-1,0,159,1,0,0,0,0,0,0,0,0,0,0,0,0,0,0,0,0,164,0,164,0,164,0,164,0,0,0,0,0,1635
41026,125,-1,1,159,1,0,0,0,0,0,0,0,0,164,0,164,0,164,0,164,0,164,0,164,0,164,0,164,0,0,0,0,0,1636
41026,125,-1,1,135,1,0,0,0,0,0,0,0,0,164,0,164,0,164,0,164,0,164,0,164,0,164,0,164,0,0,0,0,0,1637
41026,125,-1,1,159,1,0,0,0,0,0,0,0,0,164,0,164,0,164,0,164,0,164,0,164,0,164,0,164,0,0,0,0,0,1638
41026,125,-1,1,159,1,0,0,0,0,0,0,0,0,164,0,164,0,164,0,164,0,164,153,164,153,164,153,164,153,1,1,1,1,1639
41026,125,0,0,182,0,0,0,0,0,0,0,0,0,164,153,164,153,164,153,164,153,164,153,164,153,164,153,164,153,1,1,1,1,1640
41026,125,1,1,182,0,1,1,1,1,0,0,0,0,164,153,164,153,164,153,164,153,164,153,164,153,164,153,164,153,1,1,1,1,1641
41026,125,2,0,182,0,0,0,0,0,1,1,1,1,164,153,164,153,164,153,164,153,164,153,164,153,164,153,164,153,1,1,1,1,1642
41026,125,3,1,182,0,1,1,1,1,1,1,1,1,164,153,164,153,164,153,164,153,164,153,164,153,164,153,164,153,1,1,1,1,1643
41026,125,4,0,204,0,1,1,1,1,1,1,1,1,164,153,164,153,164,153,164,153,164,153,164,153,164,153,164,153,1,1,1,1,1644
41026,125,5,1,182,0,1,1,1,1,1,1,1,1,164,153,164,153,164,153,164,153,164,153,164,153,164,153,164,153,1,1,1,1,1645
41026,125,6,0,182,0,0,0,0,0,1,1,1,1,164,153,164,153,164,153,164,153,164,153,164,153,164,153,164,153,1,1,1,1,1646
41026,125,7,1,182,0,1,1,1,1,1,1,1,1,164,153,164,153,164,153,164,153,164,153,164,153,164,153,164,153,1,1,1,1,1647
41026,125,8,0,182,0,0,0,0,0,1,1,1,1,164,153,164,153,164,153,164,153,164,153,164,153,164,153,164,153,1,1,1,1,1648
41026,125,9,1,182,0,1,1,1,1,1,1,1,1,164,153,164,153,164,153,164,153,164,153,164,153,164,153,164,153,1,1,1,1,1649
41026,125,10,0,204,0,1,1,1,1,1,1,1,1,164,153,164,153,164,153,164,153,164,153,164,153,164,153,164,153,1,1,1,1,1650
41026,125,11,1,182,0,1,1,1,1,1,1,1,1,164,153,164,153,164,153,164,153,164,153,164,153,164,153,164,153,1,1,1,1,1651
41026,125,12,0,182,0,0,0,0,0,1,1,1,1,164,153,164,153,164,153,164,153,164,153,164,153,164,153,164,153,1,1,1,1,1652
41026,125,13,1,182,0,1,1,1,1,1,1,1,1,164,153,164,153,164,153,164,153,164,153,164,153,164,153,164,153,1,1,1,1,1653
41026,125,14,0,182,0,0,0,0,0,1,1,1,1,164,153,164,153,164,153,164,153,164,153,164,153,164,153,164,153,1,1,1,1,1654
41026,125,15,1,182,0,1,1,1,1,1,1,1,1,164,153,164,153,164,153,164,153,164,153,164,153,164,153,164,153,1,1,1,1,1655
41026,125,16,0,182,0,0,0,0,0,1,1,1,1,164,153,164,153,164,153,164,153,164,153,164,153,164,153,164,153,1,1,1,1,1656
41026,125,17,1,182,0,1,1,1,1,1,1,1,1,164,153,164,153,164,153,164,153,164,153,164,153,164,153,164,153,1,1,1,1,1657
41026,125,18,0,182,0,0,0,0,0,1,1,1,1,164,153,164,153,164,153,164,153,164,153,164,153,164,153,164,153,1,1,1,1,1658
41026,125,19,1,182,0,1,1,1,1,1,1,1,1,164,153,164,153,164,153,164,153,164,153,164,153,164,153,164,153,1,1,1,1,1659
41026,125,20,0,182,0,0,0,0,0,1,1,1,1,164,153,164,153,164,153,164,153,164,153,164,153,164,153,164,153,1,1,1,1,1660
41026,125,21,1,182,0,1,1,1,1,1,1,1,1,164,153,164,153,164,153,164,153,164,153,164,153,164,153,164,153,1,1,1,1,1661
41026,125,22,0,204,0,1,1,1,1,1,1,1,1,164,153,164,153,164,153,164,153,164,153,164,153,164,153,164,153,1,1,1,1,1662
41026,125,23,1,182,0,1,1,1,1,1,1,1,1,164,153,164,153,164,153,164,153,164,153,164,153,164,153,164,153,1,1,1,1,1663
41027,-40,-1,0,159,1,0,0,0,0,0,0,0,0,0,0,0,0,0,0,0,0,0,0,0,0,0,0,0,0,0,0,0,0,1664
41027,-40,-1,0,159,1,0,0,0,0,0,0,0,0,0,0,0,0,0,0,0,0,0,0,0,0,0,0,0,0,0,0,0,0,1665
41027,-40,-1,0,159,1,0,0,0,0,0,0,0,0,0,0,0,0,0,0,0,0,0,0,0,0,0,0,0,0,0,0,0,0,1666
41027,-40,-1,0,135,1,0,0,0,0,0,0,0,0,0,0,0,0,0,0,0,0,153,0,153,0,153,0,153,0,0,0,0,0,1667
41027,-40,-1,1,135,1,0,0,0,0,0,0,0,0,153,0,153,0,153,0,153,0,153,0,153,0,153,0,153,0,0,0,0,0,1668
41027,-40,-1,1,135,1,0,0,0,0,0,0,0,0,153,0,153,0,153,0,153,0,153,0,153,0,153,0,153,0,0,0,0,0,1669
41027,-40,-1,1,135,1,0,0,0,0,0,0,0,0,153,0,153,0,153,0,153,0,153,0,153,0,153,0,153,0,0,0,0,0,1670
41027,-40,-1,1,135,1,0,0,0,0,0,0,0,0,153,0,153,0,153,0,153,0,153,135,153,135,153,135,153,135,1,1,1,1,1671
41027,-40,0,0,135,0,0,0,0,0,0,0,0,0,153,135,153,135,153,135,153,135,153,135,153,135,153,135,153,135,1,1,1,1,1672
41027,-40,1,1,110,0,1,1,1,1,0,0,0,0,153,135,153,135,153,135,153,135,153,135,153,135,153,135,153,135,1,1,1,1,1673
41027,-40,2,0,135,0,0,0,0,0,1,1,1,1,153,135,153,135,153,135,153,135,153,135,153,135,153,135,153,135,1,1,1,1,1674
41027,-40,3,1,110,0,1,1,1,1,1,1,1,1,153,135,153,135,153,135,153,135,153,135,153,135,153,135,153,135,1,1,1,1,1675
41027,-40,4,0,135,0,0,0,0,0,1,1,1,1,153,135,153,135,153,135,153,135,153,135,153,135,153,135,153,135,1,1,1,1,1676
41027,-40,5,1,110,0,1,1,1,1,1,1,1,1,153,135,153,135,153,135,153,135,153,135,153,135,153,135,153,135,1,1,1,1,1677
41027,-40,6,0,135,0,0,0,0,0,1,1,1,1,153,135,153,135,153,135,153,135,153,135,153,135,153,135,153,135,1,1,1,1,1678
41027,-40,7,1,110,0,1,1,1,1,1,1,1,1,153,135,153,135,153,135,153,135,153,135,153,135,153,135,153,135,1,1,1,1,1679
41027,-40,8,0,135,0,0,0,0,0,1,1,1,1,153,135,153,135,153,135,153,135,153,135,153,135,153,135,153,135,1,1,1,1,1680
41027,-40,9,1,110,0,1,1,1,1,1,1,1,1,153,135,153,135,153,135,153,135,153,135,153,135,153,135,153,135,1,1,1,1,1681
41027,-40,10,0,135,0,0,0,0,0,1,1,1,1,153,135,153,135,153,135,153,135,153,135,153,135,153,135,153,135,1,1,1,1,1682
41027,-40,11,1,110,0,1,1,1,1,1,1,1,1,153,135,153,135,153,135,153,135,153,135,153,135,153,135,153,135,1,1,1,1,1683
41027,-40,12,0,135,0,0,0,0,0,1,1,1,1,153,135,153,135,153,135,153,135,153,135,153,135,153,135,153,135,1,1,1,1,1684
41027,-40,13,1,110,0,1,1,1,1,1,1,1,1,153,135,153,135,153,135,153,135,153,135,153,135,153,135,153,135,1,1,1,1,1685
41027,-40,14,0,135,0,0,0,0,0,1,1,1,1,153,135,153,135,153,135,153,135,153,135,153,135,153,135,153,135,1,1,1,1,1686
41027,-40,15,1,110,0,1,1,1,1,1,1,1,1,153,135,153,135,153,135,153,135,153,135,153,135,153,135,153,135,1,1,1,1,1687
41027,-40,16,0,135,0,0,0,0,0,1,1,1,1,153,135,153,135,153,135,153,135,153,135,153,135,153,135,153,135,1,1,1,1,1688
41027,-40,17,1,110,0,1,1,1,1,1,1,1,1,153,135,153,135,153,135,153,135,153,135,153,135,153,135,153,135,1,1,1,1,1689
41027,-40,18,0,135,0,0,0,0,0,1,1,1,1,153,135,153,135,153,135,153,135,153,135,153,135,153,135,153,135,1,1,1,1,1690
41027,-40,19,1,110,0,1,1,1,1,1,1,1,1,153,135,153,135,153,135,153,135,153,135,153,135,153,135,153,135,1,1,1,1,1691
41027,-40,20,0,135,0,0,0,0,0,1,1,1,1,153,135,153,135,153,135,153,135,153,135,153,135,153,135,153,135,1,1,1,1,1692
41027,-40,21,1,84,0,1,1,1,1,1,1,1,1,153,135,153,135,153,135,153,135,153,135,153,135,153,135,153,135,1,1,1,1,1693
41027,-40,22,0,135,0,0,0,0,0,1,1,1,1,153,135,153,135,153,135,153,135,153,135,153,135,153,135,153,135,1,1,1,1,1694
41027,-40,23,1,110,0,1,1,1,1,1,1,1,1,153,135,153,135,153,135,153,135,153,135,153,135,153,135,153,135,1,1,1,1,1695
41027,125,-1,0,159,1,0,0,0,0,0,0,0,0,0,0,0,0,0,0,0,0,0,0,0,0,0,0,0,0,0,0,0,0,1696
41027,125,-1,0,159,1,0,0,0,0,0,0,0,0,0,0,0,0,0,0,0,0,0,0,0,0,0,0,0,0,0,0,0,0,1697
41027,125,-1,0,159,1,0,0,0,0,0,0,0,0,0,0,0,0,0,0,0,0,0,0,0,0,0,0,0,0,0,0,0,0,1698
41027,125,-1,0,135,1,0,0,0,0,0,0,0,0,0,0,0,0,0,0,0,0,153,0,153,0,153,0,153,0,0,0,0,0,1699
41027,125,-1,1,135,1,0,0,0,0,0,0,0,0,153,0,153,0,153,0,153,0,153,0,153,0,153,0,153,0,0,0,0,0,1700
41027,125,-1,1,135,1,0,0,0,0,0,0,0,0,153,0,153,0,153,0,153,0,153,0,153,0,153,0,153,0,0,0,0,0,1701
41027,125,-1,1,135,1,0,0,0,0,0,0,0,0,153,0,153,0,153,0,153,0,153,0,153,0,153,0,153,0,0,0,0,0,1702
41027,125,-1,1,135,1,0,0,0,0,0,0,0,0,153,0,153,0,153,0,153,0,153,135,153,135,153,135,153,135,1,1,1,1,1703
41027,125,0,0,182,0,1,1,1,1,0,0,0,0,153,135,153,135,153,135,153,135,153,135,153,135,153,135,153,135,1,1,1,1,1704
41027,125,1,1,159,0,0,0,0,0,1,1,1,1,153,135,153,135,153,135,153,135,153,135,153,135,153,135,153,135,1,1,1,1,1705
41027,125,2,0,182,0,1,1,1,1,1,1,1,1,153,135,153,135,153,135,153,135,153,135,153,135,153,135,153,135,1,1,1,1,1706
41027,125,3,1,159,0,0,0,0,0,1,1,1,1,153,135,153,135,153,135,153,135,153,135,153,135,153,135,153,135,1,1,1,1,1707
41027,125,4,0,182,0,1,1,1,1,1,1,1,1,153,135,153,135,153,135,153,135,153,135,153,135,153,135,153,135,1,1,1,1,1708
41027,125,5,1,159,0,0,0,0,0,1,1,1,1,153,135,153,135,153,135,153,135,153,135,153,135,153,135,153,135,1,1,1,1,1709
41027,125,6,0,182,0,1,1,1,1,1,1,1,1,153,135,153,135,153,135,153,135,153,135,153,135,153,135,153,135,1,1,1,1,1710
41027,125,7,1,159,0,0,0,0,0,1,1,1,1,153,135,153,135,153,135,153,135,153,135,153,135,153,135,153,135,1,1,1,1,1711
41027,125,8,0,182,0,1,1,1,1,1,1,1,1,153,135,153,135,153,135,153,135,153,135,153,135,153,135,153,135,1,1,1,1,1712
41027,125,9,1,159,0,0,0,0,0,1,1,1,1,153,135,153,135,153,135,153,135,153,135,153,135,153,135,153,135,1,1,1,1,1713
41027,125,10,0,182,0,1,1,1,1,1,1,1,1,153,135,153,135,153,135,153,135,153,135,153,135,153,135,153,135,1,1,1,1,1714
41027,125,11,1,159,0,0,0,0,0,1,1,1,1,153,135,153,135,153,135,153,135,153,135,153,135,153,135,153,135,1,1,1,1,1715
41027,125,12,0,159,0,0,0,0,0,1,1,1,1,153,135,153,135,153,135,153,135,153,135,153,135,153,135,153,135,1,1,1,1,1716
41027,125,13,1,159,0,0,0,0,0,1,1,1,1,153,135,153,135,153,135,153,135,153,135,153,135,153,135,153,135,1,1,1,1,1717
41027,125,14,0,182,0,1,1,1,1,1,1,1,1,153,135,153,135,153,135,153,135,153,135,153,135,153,135,153,135,1,1,1,1,1718
41027,125,15,1,159,0,0,0,0,0,1,1,1,1,153,135,153,135,153,135,153,135,153,135,153,135,153,135,153,135,1,1,1,1,1719
41027,125,16,0,182,0,1,1,1,1,1,1,1,1,153,135,153,135,153,135,153,135,153,135,153,135,153,135,153,135,1,1,1,1,1720
41027,125,17,1,159,0,0,0,0,0,1,1,1,1,153,135,153,135,153,135,153,135,153,135,153,135,153,135,153,135,1,1,1,1,1721
41027,125,18,0,182,0,1,1,1,1,1,1,1,1,153,135,153,135,153,135,153,135,153,135,153,135,153,135,153,135,1,1,1,1,1722
41027,125,19,1,159,0,0,0,0,0,1,1,1,1,153,135,153,135,153,135,153,135,153,135,153,135,153,135,153,135,1,1,1,1,1723
41027,125,20,0,159,0,0,0,0,0,1,1,1,1,153,135,153,135,153,135,153,135,153,135,153,135,153,135,153,135,1,1,1,1,1724
41027,125,21,1,159,0,0,0,0,0,1,1,1,1,153,135,153,135,153,135,153,135,153,135,153,135,153,135,153,135,1,1,1,1,1725
41027,125,22,0,182,0,1,1,1,1,1,1,1,1,153,135,153,135,153,135,153,135,153,135,153,135,153,135,153,135,1,1,1,1,1726
41027,125,23,1,159,0,0,0,0,0,1,1,1,1,153,135,153,135,153,135,153,135,153,135,153,135,153,135,153,135,1,1,1,1,1727
41028,-40,-1,0,204,1,0,0,0,0,0,0,0,0,0,0,0,0,0,0,0,0,0,0,0,0,0,0,0,0,0,0,0,0,1728
41028,-40,-1,0,204,1,0,0,0,0,0,0,0,0,0,0,0,0,0,0,0,0,0,0,0,0,0,0,0,0,0,0,0,0,1729
41028,-40,-1,0,204,1,0,0,0,0,0,0,0,0,0,0,0,0,0,0,0,0,0,0,0,0,0,0,0,0,0,0,0,0,1730
41028,-40,-1,0,204,1,0,0,0,0,0,0,0,0,0,0,0,0,0,0,0,0,204,0,204,0,204,0,204,0,0,0,0,0,1731
41028,-40,-1,1,182,1,0,0,0,0,0,0,0,0,204,0,204,0,204,0,204,0,204,0,204,0,204,0,204,0,0,0,0,0,1732
41028,-40,-1,1,159,1,0,0,0,0,0,0,0,0,204,0,204,0,204,0,204,0,204,0,204,0,204,0,204,0,0,0,0,0,1733
41028,-40,-1,1,182,1,0,0,0,0,0,0,0,0,204,0,204,0,204,0,204,0,204,0,204,0,204,0,204,0,0,0,0,0,1734
41028,-40,-1,1,182,1,0,0,0,0,0,0,0,0,204,0,204,0,204,0,204,0,204,176,204,176,204,176,204,176,1,1,1,1,1735
41028,-40,0,0,182,0,0,0,0,0,0,0,0,0,204,176,204,176,204,176,204,176,204,176,204,176,204,176,204,176,1,1,1,1,1736
41028,-40,1,1,159,0,0,0,0,0,0,0,0,0,204,176,204,176,204,176,204,176,204,176,204,176,204,176,204,176,1,1,1,1,1737
41028,-40,2,0,182,0,0,0,0,0,0,0,0,0,204,176,204,176,204,176,204,176,204,176,204,176,204,176,204,176,1,1,1,1,1738
41028,-40,3,1,159,0,0,0,0,0,0,0,0,0,204,176,204,176,204,176,204,176,204,176,204,176,204,176,204,176,1,1,1,1,1739
41028,-40,4,0,204,0,0,0,0,0,0,0,0,0,204,176,204,176,204,176,204,176,204,176,204,176,204,176,204,176,1,1,1,1,1740
41028,-40,5,1,159,0,0,0,0,0,0,0,0,0,204,176,204,176,204,176,204,176,204,176,204,176,204,176,204,176,1,1,1,1,1741
41028,-40,6,0,182,0,0,0,0,0,0,0,0,0,204,176,204,176,204,176,204,176,204,176,204,176,204,176,204,176,1,1,1,1,1742
41028,-40,7,1,159,0,0,0,0,0,0,0,0,0,204,176,204,176,204,176,204,176,204,176,204,176,204,176,204,176,1,1,1,1,1743
41028,-40,8,0,182,0,0,0,0,0,0,0,0,0,204,176,204,176,204,176,204,176,204,176,204,176,204,176,204,176,1,1,1,1,1744
41028,-40,9,1,159,0,0,0,0,0,0,0,0,0,204,176,204,176,204,176,204,176,204,176,204,176,204,176,204,176,1,1,1,1,1745
41028,-40,10,0,182,0,0,0,0,0,0,0,0,0,204,176,204,176,204,176,204,176,204,176,204,176,204,176,204,176,1,1,1,1,1746
41028,-40,11,1,159,0,0,0,0,0,0,0,0,0,204,176,204,176,204,176,204,176,204,176,204,176,204,176,204,176,1,1,1,1,1747
41028,-40,12,0,182,0,0,0,0,0,0,0,0,0,204,176,204,176,204,176,204,176,204,176,204,176,204,176,204,176,1,1,1,1,1748
41028,-40,13,1,159,0,0,0,0,0,0,0,0,0,204,176,204,176,204,176,204,176,204,176,204,176,204,176,204,176,1,1,1,1,1749
41028,-40,14,0,182,0,0,0,0,0,0,0,0,0,204,176,204,176,204,176,204,176,204,176,204,176,204,176,204,176,1,1,1,1,1750
41028,-40,15,1,159,0,0,0,0,0,0,0,0,0,204,176,204,176,204,176,204,176,204,176,204,176,204,176,204,176,1,1,1,1,1751
41028,-40,16,0,182,0,0,0,0,0,0,0,0,0,204,176,204,176,204,176,204,176,204,176,204,176,204,176,204,176,1,1,1,1,1752
41028,-40,17,1,159,0,0,0,0,0,0,0,0,0,204,176,204,176,204,176,204,176,204,176,204,176,204,176,204,176,1,1,1,1,1753
41028,-40,18,0,182,0,0,0,0,0,0,0,0,0,204,176,204,176,204,176,204,176,204,176,204,176,204,176,204,176,1,1,1,1,1754
41028,-40,19,1,159,0,0,0,0,0,0,0,0,0,204,176,204,176,204,176,204,176,204,176,204,176,204,176,204,176,1,1,1,1,1755
41028,-40,20,0,182,0,0,0,0,0,0,0,0,0,204,176,204,176,204,176,204,176,204,176,204,176,204,176,204,176,1,1,1,1,1756
41028,-40,21,1,135,0,1,1,1,1,0,0,0,0,204,176,204,176,204,176,204,176,204,176,204,176,204,176,204,176,1,1,1,1,1757
41028,-40,22,0,182,0,0,0,0,0,1,1,1,1,204,176,204,176,204,176,204,176,204,176,204,176,204,176,204,176,1,1,1,1,1758
41028,-40,23,1,159,0,0,0,0,0,1,1,1,1,204,176,204,176,204,176,204,176,204,176,204,176,204,176,204,176,1,1,1,1,1759
41028,125,-1,0,204,1,0,0,0,0,0,0,0,0,0,0,0,0,0,0,0,0,0,0,0,0,0,0,0,0,0,0,0,0,1760
41028,125,-1,0,204,1,0,0,0,0,0,0,0,0,0,0,0,0,0,0,0,0,0,0,0,0,0,0,0,0,0,0,0,0,1761
41028,125,-1,0,204,1,0,0,0,0,0,0,0,0,0,0,0,0,0,0,0,0,0,0,0,0,0,0,0,0,0,0,0,0,1762
41028,125,-1,0,204,1,0,0,0,0,0,0,0,0,0,0,0,0,0,0,0,0,204,0,204,0,204,0,204,0,0,0,0,0,1763
41028,125,-1,1,182,1,0,0,0,0,0,0,0,0,204,0,204,0,204,0,204,0,204,0,204,0,204,0,204,0,0,0,0,0,1764
41028,125,-1,1,159,1,0,0,0,0,0,0,0,0,204,0,204,0,204,0,204,0,204,0,204,0,204,0,204,0,0,0,0,0,1765
41028,125,-1,1,182,1,0,0,0,0,0,0,0,0,204,0,204,0,204,0,204,0,204,0,204,0,204,0,204,0,0,0,0,0,1766
41028,125,-1,1,182,1,0,0,0,0,0,0,0,0,204,0,204,0,204,0,204,0,204,176,204,176,204,176,204,176,1,1,1,1,1767
41028,125,0,0,225,0,1,1,1,1,0,0,0,0,204,176,204,176,204,176,204,176,204,176,204,176,204,176,204,176,1,1,1,1,1768
41028,125,1,1,204,0,1,1,1,1,1,1,1,1,204,176,204,176,204,176,204,176,204,176,204,176,204,176,204,176,1,1,1,1,1769
41028,125,2,0,225,0,1,1,1,1,1,1,1,1,204,176,204,176,204,176,204,176,204,176,204,176,204,176,204,176,1,1,1,1,1770
41028,125,3,1,204,0,1,1,1,1,1,1,1,1,204,176,204,176,204,176,204,176,204,176,204,176,204,176,204,176,1,1,1,1,1771
41028,125,4,0,225,0,1,1,1,1,1,1,1,1,204,176,204,176,204,176,204,176,204,176,204,176,204,176,204,176,1,1,1,1,1772
41028,125,5,1,204,0,1,1,1,1,1,1,1,1,204,176,204,176,204,176,204,176,204,176,204,176,204,176,204,176,1,1,1,1,1773
41028,125,6,0,225,0,1,1,1,1,1,1,1,1,204,176,204,176,204,176,204,176,204,176,204,176,204,176,204,176,1,1,1,1,1774
41028,125,7,1,204,0,1,1,1,1,1,1,1,1,204,176,204,176,204,176,204,176,204,176,204,176,204,176,204,176,1,1,1,1,1775
41028,125,8,0,225,0,1,1,1,1,1,1,1,1,204,176,204,176,204,176,204,176,204,176,204,176,204,176,204,176,1,1,1,1,1776
41028,125,9,1,204,0,1,1,1,1,1,1,1,1,204,176,204,176,204,176,204,176,204,176,204,176,204,176,204,176,1,1,1,1,1777
41028,125,10,0,225,0,1,1,1,1,1,1,1,1,204,176,204,176,204,176,204,176,204,176,204,176,204,176,204,176,1,1,1,1,1778
41028,125,11,1,204,0,1,1,1,1,1,1,1,1,204,176,204,176,204,176,204,176,204,176,204,176,204,176,204,176,1,1,1,1,1779
41028,125,12,0,225,0,1,1,1,1,1,1,1,1,204,176,204,176,204,176,204,176,204,176,204,176,204,176,204,176,1,1,1,1,1780
41028,125,13,1,204,0,1,1,1,1,1,1,1,1,204,176,204,176,204,176,204,176,204,176,204,176,204,176,204,176,1,1,1,1,1781
41028,125,14,0,225,0,1,1,1,1,1,1,1,1,204,176,204,176,204,176,204,176,204,176,204,176,204,176,204,176,1,1,1,1,1782
41028,125,15,1,204,0,1,1,1,1,1,1,1,1,204,176,204,176,204,176,204,176,204,176,204,176,204,176,204,176,1,1,1,1,1783
41028,125,16,0,225,0,1,1,1,1,1,1,1,1,204,176,204,176,204,176,204,176,204,176,204,176,204,176,204,176,1,1,1,1,1784
41028,125,17,1,204,0,1,1,1,1,1,1,1,1,204,176,204,176,204,176,204,176,204,176,204,176,204,176,204,176,1,1,1,1,1785
41028,125,18,0,225,0,1,1,1,1,1,1,1,1,204,176,204,176,204,176,204,176,204,176,204,176,204,176,204,176,1,1,1,1,1786
41028,125,19,1,204,0,1,1,1,1,1,1,1,1,204,176,204,176,204,176,204,176,204,176,204,176,204,176,204,176,1,1,1,1,1787
41028,125,20,0,225,0,1,1,1,1,1,1,1,1,204,176,204,176,204,176,204,176,204,176,204,176,204,176,204,176,1,1,1,1,1788
41028,125,21,1,204,0,1,1,1,1,1,1,1,1,204,176,204,176,204,176,204,176,204,176,204,176,204,176,204,176,1,1,1,1,1789
41028,125,22,0,225,0,1,1,1,1,1,1,1,1,204,176,204,176,204,176,204,176,204,176,204,176,204,176,204,176,1,1,1,1,1790
41028,125,23,1,204,0,1,1,1,1,1,1,1,1,204,176,204,176,204,176,204,176,204,176,204,176,204,176,204,176,1,1,1,1,1791
41029,-40,-1,0,159,1,0,0,0,0,0,0,0,0,0,0,0,0,0,0,0,0,0,0,0,0,0,0,0,0,0,0,0,0,1792
41029,-40,-1,0,159,1,0,0,0,0,0,0,0,0,0,0,0,0,0,0,0,0,0,0,0,0,0,0,0,0,0,0,0,0,1793
41029,-40,-1,0,159,1,0,0,0,0,0,0,0,0,0,0,0,0,0,0,0,0,0,0,0,0,0,0,0,0,0,0,0,0,1794
41029,-40,-1,0,159,1,0,0,0,0,0,0,0,0,0,0,0,0,0,0,0,0,159,0,159,0,159,0,159,0,0,0,0,0,1795
41029,-40,-1,1,159,1,0,0,0,0,0,0,0,0,159,0,159,0,159,0,159,0,159,0,159,0,159,0,159,0,0,0,0,0,1796
41029,-40,-1,1,135,1,0,0,0,0,0,0,0,0,159,0,159,0,159,0,159,0,159,0,159,0,159,0,159,0,0,0,0,0,1797
41029,-40,-1,1,159,1,0,0,0,0,0,0,0,0,159,0,159,0,159,0,159,0,159,0,159,0,159,0,159,0,0,0,0,0,1798
41029,-40,-1,1,159,1,0,0,0,0,0,0,0,0,159,0,159,0,159,0,159,0,159,153,159,153,159,153,159,153,1,1,1,1,1799
41029,-40,0,0,135,0,1,1,1,1,0,0,0,0,159,153,159,153,159,153,159,153,159,153,159,153,159,153,159,153,1,1,1,1,1800
41029,-40,1,1,135,0,0,0,0,0,1,1,1,1,159,153,159,153,159,153,159,153,159,153,159,153,159,153,159,153,1,1,1,1,1801
41029,-40,2,0,135,0,1,1,1,1,1,1,1,1,159,153,159,153,159,153,159,153,159,153,159,153,159,153,159,153,1,1,1,1,1802
41029,-40,3,1,110,0,1,1,1,1,1,1,1,1,159,153,159,153,159,153,159,153,159,153,159,153,159,153,159,153,1,1,1,1,1803
41029,-40,4,0,135,0,1,1,1,1,1,1,1,1,159,153,159,153,159,153,159,153,159,153,159,153,159,153,159,153,1,1,1,1,1804
41029,-40,5,1,135,0,0,0,0,0,1,1,1,1,159,153,159,153,159,153,159,153,159,153,159,153,159,153,159,153,1,1,1,1,1805
41029,-40,6,0,135,0,1,1,1,1,1,1,1,1,159,153,159,153,159,153,159,153,159,153,159,153,159,153,159,153,1,1,1,1,1806
41029,-40,7,1,135,0,0,0,0,0,1,1,1,1,159,153,159,153,159,153,159,153,159,153,159,153,159,153,159,153,1,1,1,1,1807
41029,-40,8,0,135,0,1,1,1,1,1,1,1,1,159,153,159,153,159,153,159,153,159,153,159,153,159,153,159,153,1,1,1,1,1808
41029,-40,9,1,135,0,0,0,0,0,1,1,1,1,159,153,159,153,159,153,159,153,159,153,159,153,159,153,159,153,1,1,1,1,1809
41029,-40,10,0,135,0,1,1,1,1,1,1,1,1,159,153,159,153,159,153,159,153,159,153,159,153,159,153,159,153,1,1,1,1,1810
41029,-40,11,1,110,0,1,1,1,1,1,1,1,1,159,153,159,153,159,153,159,153,159,153,159,153,159,153,159,153,1,1,1,1,1811
41029,-40,12,0,135,0,1,1,1,1,1,1,1,1,159,153,159,153,159,153,159,153,159,153,159,153,159,153,159,153,1,1,1,1,1812
41029,-40,13,1,110,0,1,1,1,1,1,1,1,1,159,153,159,153,159,153,159,153,159,153,159,153,159,153,159,153,1,1,1,1,1813
41029,-40,14,0,135,0,1,1,1,1,1,1,1,1,159,153,159,153,159,153,159,153,159,153,159,153,159,153,159,153,1,1,1,1,1814
41029,-40,15,1,110,0,1,1,1,1,1,1,1,1,159,153,159,153,159,153,159,153,159,153,159,153,159,153,159,153,1,1,1,1,1815
41029,-40,16,0,135,0,1,1,1,1,1,1,1,1,159,153,159,153,159,153,159,153,159,153,159,153,159,153,159,153,1,1,1,1,1816
41029,-40,17,1,135,0,0,0,0,0,1,1,1,1,159,153,159,153,159,153,159,153,159,153,159,153,159,153,159,153,1,1,1,1,1817
41029,-40,18,0,135,0,1,1,1,1,1,1,1,1,159,153,159,153,159,153,159,153,159,153,159,153,159,153,159,153,1,1,1,1,1818
41029,-40,19,1,110,0,1,1,1,1,1,1,1,1,159,153,159,153,159,153,159,153,159,153,159,153,159,153,159,153,1,1,1,1,1819
41029,-40,20,0,135,0,1,1,1,1,1,1,1,1,159,153,159,153,159,153,159,153,159,153,159,153,159,153,159,153,1,1,1,1,1820
41029,-40,21,1,110,0,1,1,1,1,1,1,1,1,159,153,159,153,159,153,159,153,159,153,159,153,159,153,159,153,1,1,1,1,1821
41029,-40,22,0,135,0,1,1,1,1,1,1,1,1,159,153,159,153,159,153,159,153,159,153,159,153,159,153,159,153,1,1,1,1,1822
41029,-40,23,1,135,0,0,0,0,0,1,1,1,1,159,153,159,153,159,153,159,153,159,153,159,153,159,153,159,153,1,1,1,1,1823
41029,125,-1,0,159,1,0,0,0,0,0,0,0,0,0,0,0,0,0,0,0,0,0,0,0,0,0,0,0,0,0,0,0,0,1824
41029,125,-1,0,159,1,0,0,0,0,0,0,0,0,0,0,0,0,0,0,0,0,0,0,0,0,0,0,0,0,0,0,0,0,1825
41029,125,-1,0,159,1,0,0,0,0,0,0,0,0,0,0,0,0,0,0,0,0,0,0,0,0,0,0,0,0,0,0,0,0,1826
41029,125,-1,0,159,1,0,0,0,0,0,0,0,0,0,0,0,0,0,0,0,0,159,0,159,0,159,0,159,0,0,0,0,0,1827
41029,125,-1,1,159,1,0,0,0,0,0,0,0,0,159,0,159,0,159,0,159,0,159,0,159,0,159,0,159,0,0,0,0,0,1828
41029,125,-1,1,135,1,0,0,0,0,0,0,0,0,159,0,159,0,159,0,159,0,159,0,159,0,159,0,159,0,0,0,0,0,1829
41029,125,-1,1,159,1,0,0,0,0,0,0,0,0,159,0,159,0,159,0,159,0,159,0,159,0,159,0,159,0,0,0,0,0,1830
41029,125,-1,1,159,1,0,0,0,0,0,0,0,0,159,0,159,0,159,0,159,0,159,153,159,153,159,153,159,153,1,1,1,1,1831
41029,125,0,0,182,0,1,1,1,1,0,0,0,0,159,153,159,153,159,153,159,153,159,153,159,153,159,153,159,153,1,1,1,1,1832
41029,125,1,1,182,0,1,1,1,1,1,1,1,1,159,153,159,153,159,153,159,153,159,153,159,153,159,153,159,153,1,1,1,1,1833
41029,125,2,0,182,0,1,1,1,1,1,1,1,1,159,153,159,153,159,153,159,153,159,153,159,153,159,153,159,153,1,1,1,1,1834
41029,125,3,1,182,0,1,1,1,1,1,1,1,1,159,153,159,153,159,153,159,153,159,153,159,153,159,153,159,153,1,1,1,1,1835
41029,125,4,0,204,0,1,1,1,1,1,1,1,1,159,153,159,153,159,153,159,153,159,153,159,153,159,153,159,153,1,1,1,1,1836
41029,125,5,1,182,0,1,1,1,1,1,1,1,1,159,153,159,153,159,153,159,153,159,153,159,153,159,153,159,153,1,1,1,1,1837
41029,125,6,0,182,0,1,1,1,1,1,1,1,1,159,153,159,153,159,153,159,153,159,153,159,153,159,153,159,153,1,1,1,1,1838
41029,125,7,1,182,0,1,1,1,1,1,1,1,1,159,153,159,153,159,153,159,153,159,153,159,153,159,153,159,153,1,1,1,1,1839
41029,125,8,0,182,0,1,1,1,1,1,1,1,1,159,153,159,153,159,153,159,153,159,153,159,153,159,153,159,153,1,1,1,1,1840
41029,125,9,1,182,0,1,1,1,1,1,1,1,1,159,153,159,153,159,153,159,153,159,153,159,153,159,153,159,153,1,1,1,1,1841
41029,125,10,0,182,0,1,1,1,1,1,1,1,1,159,153,159,153,159,153,159,153,159,153,159,153,159,153,159,153,1,1,1,1,1842
41029,125,11,1,182,0,1,1,1,1,1,1,1,1,159,153,159,153,159,153,159,153,159,153,159,153,159,153,159,153,1,1,1,1,1843
41029,125,12,0,182,0,1,1,1,1,1,1,1,1,159,153,159,153,159,153,159,153,159,153,159,153,159,153,159,153,1,1,1,1,1844
41029,125,13,1,182,0,1,1,1,1,1,1,1,1,159,153,159,153,159,153,159,153,159,153,159,153,159,153,159,153,1,1,1,1,1845
41029,125,14,0,182,0,1,1,1,1,1,1,1,1,159,153,159,153,159,153,159,153,159,153,159,153,159,153,159,153,1,1,1,1,1846
41029,125,15,1,182,0,1,1,1,1,1,1,1,1,159,153,159,153,159,153,159,153,159,153,159,153,159,153,159,153,1,1,1,1,1847
41029,125,16,0,182,0,1,1,1,1,1,1,1,1,159,153,159,153,159,153,159,153,159,153,159,153,159,153,159,153,1,1,1,1,1848
41029,125,17,1,182,0,1,1,1,1,1,1,1,1,159,153,159,153,159,153,159,153,159,153,159,153,159,153,159,153,1,1,1,1,1849
41029,125,18,0,182,0,1,1,1,1,1,1,1,1,159,153,159,153,159,153,159,153,159,153,159,153,159,153,159,153,1,1,1,1,1850
41029,125,19,1,182,0,1,1,1,1,1,1,1,1,159,153,159,153,159,153,159,153,159,153,159,153,159,153,159,153,1,1,1,1,1851
41029,125,20,0,182,0,1,1,1,1,1,1,1,1,159,153,159,153,159,153,159,153,159,153,159,153,159,153,159,153,1,1,1,1,1852
41029,125,21,1,182,0,1,1,1,1,1,1,1,1,159,153,159,153,159,153,159,153,159,153,159,153,159,153,159,153,1,1,1,1,1853
41029,125,22,0,182,0,1,1,1,1,1,1,1,1,159,153,159,153,159,153,159,153,159,153,159,153,159,153,159,153,1,1,1,1,1854
41029,125,23,1,182,0,1,1,1,1,1,1,1,1,159,153,159,153,159,153,159,153,159,153,159,153,159,153,159,153,1,1,1,1,1855
41030,-40,-1,0,204,1,0,0,0,0,0,0,0,0,0,0,0,0,0,0,0,0,0,0,0,0,0,0,0,0,0,0,0,0,1856
41030,-40,-1,0,204,1,0,0,0,0,0,0,0,0,0,0,0,0,0,0,0,0,0,0,0,0,0,0,0,0,0,0,0,0,1857
41030,-40,-1,0,204,1,0,0,0,0,0,0,0,0,0,0,0,0,0,0,0,0,0,0,0,0,0,0,0,0,0,0,0,0,1858
41030,-40,-1,0,182,1,0,0,0,0,0,0,0,0,0,0,0,0,0,0,0,0,198,0,198,0,198,0,198,0,0,0,0,0,1859
41030,-40,-1,1,182,1,0,0,0,0,0,0,0,0,198,0,198,0,198,0,198,0,198,0,198,0,198,0,198,0,0,0,0,0,1860
41030,-40,-1,1,182,1,0,0,0,0,0,0,0,0,198,0,198,0,198,0,198,0,198,0,198,0,198,0,198,0,0,0,0,0,1861
41030,-40,-1,1,182,1,0,0,0,0,0,0,0,0,198,0,198,0,198,0,198,0,198,0,198,0,198,0,198,0,0,0,0,0,1862
41030,-40,-1,1,182,1,0,0,0,0,0,0,0,0,198,0,198,0,198,0,198,0,198,182,198,182,198,182,198,182,1,1,1,1,1863
41030,-40,0,0,182,0,0,0,0,0,0,0,0,0,198,182,198,182,198,182,198,182,198,182,198,182,198,182,198,182,1,1,1,1,1864
41030,-40,1,1,182,0,0,0,0,0,0,0,0,0,198,182,198,182,198,182,198,182,198,182,198,182,198,182,198,182,1,1,1,1,1865
41030,-40,2,0,182,0,0,0,0,0,0,0,0,0,198,182,198,182,198,182,198,182,198,182,198,182,198,182,198,182,1,1,1,1,1866
41030,-40,3,1,159,0,0,0,0,0,0,0,0,0,198,182,198,182,198,182,198,182,198,182,198,182,198,182,198,182,1,1,1,1,1867
41030,-40,4,0,182,0,0,0,0,0,0,0,0,0,198,182,198,182,198,182,198,182,198,182,198,182,198,182,198,182,1,1,1,1,1868
41030,-40,5,1,182,0,0,0,0,0,0,0,0,0,198,182,198,182,198,182,198,182,198,182,198,182,198,182,198,182,1,1,1,1,1869
41030,-40,6,0,182,0,0,0,0,0,0,0,0,0,198,182,198,182,198,182,198,182,198,182,198,182,198,182,198,182,1,1,1,1,1870
41030,-40,7,1,182,0,0,0,0,0,0,0,0,0,198,182,198,182,198,182,198,182,198,182,198,182,198,182,198,182,1,1,1,1,1871
41030,-40,8,0,182,0,0,0,0,0,0,0,0,0,198,182,198,182,198,182,198,182,198,182,198,182,198,182,198,182,1,1,1,1,1872
41030,-40,9,1,182,0,0,0,0,0,0,0,0,0,198,182,198,182,198,182,198,182,198,182,198,182,198,182,198,182,1,1,1,1,1873
41030,-40,10,0,182,0,0,0,0,0,0,0,0,0,198,182,198,182,198,182,198,182,198,182,198,182,198,182,198,182,1,1,1,1,1874
41030,-40,11,1,159,0,0,0,0,0,0,0,0,0,198,182,198,182,198,182,198,182,198,182,198,182,198,182,198,182,1,1,1,1,1875
41030,-40,12,0,182,0,0,0,0,0,0,0,0,0,198,182,198,182,198,182,198,182,198,182,198,182,198,182,198,182,1,1,1,1,1876
41030,-40,13,1,159,0,0,0,0,0,0,0,0,0,198,182,198,182,198,182,198,182,198,182,198,182,198,182,198,182,1,1,1,1,1877
41030,-40,14,0,182,0,0,0,0,0,0,0,0,0,198,182,198,182,198,182,198,182,198,182,198,182,198,182,198,182,1,1,1,1,1878
41030,-40,15,1,159,0,0,0,0,0,0,0,0,0,198,182,198,182,198,182,198,182,198,182,198,182,198,182,198,182,1,1,1,1,1879
41030,-40,16,0,182,0,0,0,0,0,0,0,0,0,198,182,198,182,198,182,198,182,198,182,198,182,198,182,198,182,1,1,1,1,1880
41030,-40,17,1,182,0,0,0,0,0,0,0,0,0,198,182,198,182,198,182,198,182,198,182,198,182,198,182,198,182,1,1,1,1,1881
41030,-40,18,0,182,0,0,0,0,0,0,0,0,0,198,182,198,182,198,182,198,182,198,182,198,182,198,182,198,182,1,1,1,1,1882
41030,-40,19,1,159,0,0,0,0,0,0,0,0,0,198,182,198,182,198,182,198,182,198,182,198,182,198,182,198,182,1,1,1,1,1883
41030,-40,20,0,182,0,0,0,0,0,0,0,0,0,198,182,198,182,198,182,198,182,198,182,198,182,198,182,198,182,1,1,1,1,1884
41030,-40,21,1,159,0,0,0,0,0,0,0,0,0,198,182,198,182,198,182,198,182,198,182,198,182,198,182,198,182,1,1,1,1,1885
41030,-40,22,0,182,0,0,0,0,0,0,0,0,0,198,182,198,182,198,182,198,182,198,182,198,182,198,182,198,182,1,1,1,1,1886
41030,-40,23,1,159,0,0,0,0,0,0,0,0,0,198,182,198,182,198,182,198,182,198,182,198,182,198,182,198,182,1,1,1,1,1887
41030,125,-1,0,204,1,0,0,0,0,0,0,0,0,0,0,0,0,0,0,0,0,0,0,0,0,0,0,0,0,0,0,0,0,1888
41030,125,-1,0,204,1,0,0,0,0,0,0,0,0,0,0,0,0,0,0,0,0,0,0,0,0,0,0,0,0,0,0,0,0,1889
41030,125,-1,0,204,1,0,0,0,0,0,0,0,0,0,0,0,0,0,0,0,0,0,0,0,0,0,0,0,0,0,0,0,0,1890
41030,125,-1,0,182,1,0,0,0,0,0,0,0,0,0,0,0,0,0,0,0,0,198,0,198,0,198,0,198,0,0,0,0,0,1891
41030,125,-1,1,182,1,0,0,0,0,0,0,0,0,198,0,198,0,198,0,198,0,198,0,198,0,198,0,198,0,0,0,0,0,1892
41030,125,-1,1,182,1,0,0,0,0,0,0,0,0,198,0,198,0,198,0,198,0,198,0,198,0,198,0,198,0,0,0,0,0,1893
41030,125,-1,1,182,1,0,0,0,0,0,0,0,0,198,0,198,0,198,0,198,0,198,0,198,0,198,0,198,0,0,0,0,0,1894
41030,125,-1,1,182,1,0,0,0,0,0,0,0,0,198,0,198,0,198,0,198,0,198,182,198,182,198,182,198,182,1,1,1,1,1895
41030,125,0,0,204,0,0,0,0,0,0,0,0,0,198,182,198,182,198,182,198,182,198,182,198,182,198,182,198,182,1,1,1,1,1896
41030,125,1,1,204,0,0,0,0,0,0,0,0,0,198,182,198,182,198,182,198,182,198,182,198,182,198,182,198,182,1,1,1,1,1897
41030,125,2,0,204,0,0,0,0,0,0,0,0,0,198,182,198,182,198,182,198,182,198,182,198,182,198,182,198,182,1,1,1,1,1898
41030,125,3,1,204,0,0,0,0,0,0,0,0,0,198,182,198,182,198,182,198,182,198,182,198,182,198,182,198,182,1,1,1,1,1899
41030,125,4,0,225,0,1,1,1,1,0,0,0,0,198,182,198,182,198,182,198,182,198,182,198,182,198,182,198,182,1,1,1,1,1900
41030,125,5,1,204,0,0,0,0,0,1,1,1,1,198,182,198,182,198,182,198,182,198,182,198,182,198,182,198,182,1,1,1,1,1901
41030,125,6,0,204,0,0,0,0,0,1,1,1,1,198,182,198,182,198,182,198,182,198,182,198,182,198,182,198,182,1,1,1,1,1902
41030,125,7,1,204,0,0,0,0,0,1,1,1,1,198,182,198,182,198,182,198,182,198,182,198,182,198,182,198,182,1,1,1,1,1903
41030,125,8,0,204,0,0,0,0,0,1,1,1,1,198,182,198,182,198,182,198,182,198,182,198,182,198,182,198,182,1,1,1,1,1904
41030,125,9,1,204,0,0,0,0,0,1,1,1,1,198,182,198,182,198,182,198,182,198,182,198,182,198,182,198,182,1,1,1,1,1905
41030,125,10,0,204,0,0,0,0,0,1,1,1,1,198,182,198,182,198,182,198,182,198,182,198,182,198,182,198,182,1,1,1,1,1906
41030,125,11,1,204,0,0,0,0,0,1,1,1,1,198,182,198,182,198,182,198,182,198,182,198,182,198,182,198,182,1,1,1,1,1907
41030,125,12,0,204,0,0,0,0,0,1,1,1,1,198,182,198,182,198,182,198,182,198,182,198,182,198,182,198,182,1,1,1,1,1908
41030,125,13,1,204,0,0,0,0,0,1,1,1,1,198,182,198,182,198,182,198,182,198,182,198,182,198,182,198,182,1,1,1,1,1909
41030,125,14,0,204,0,0,0,0,0,1,1,1,1,198,182,198,182,198,182,198,182,198,182,198,182,198,182,198,182,1,1,1,1,1910
41030,125,15,1,204,0,0,0,0,0,1,1,1,1,198,182,198,182,198,182,198,182,198,182,198,182,198,182,198,182,1,1,1,1,1911
41030,125,16,0,204,0,0,0,0,0,1,1,1,1,198,182,198,182,198,182,198,182,198,182,198,182,198,182,198,182,1,1,1,1,1912
41030,125,17,1,204,0,0,0,0,0,1,1,1,1,198,182,198,182,198,182,198,182,198,182,198,182,198,182,198,182,1,1,1,1,1913
41030,125,18,0,204,0,0,0,0,0,1,1,1,1,198,182,198,182,198,182,198,182,198,182,198,182,198,182,198,182,1,1,1,1,1914
41030,125,19,1,204,0,0,0,0,0,1,1,1,1,198,182,198,182,198,182,198,182,198,182,198,182,198,182,198,182,1,1,1,1,1915
41030,125,20,0,204,0,0,0,0,0,1,1,1,1,198,182,198,182,198,182,198,182,198,182,198,182,198,182,198,182,1,1,1,1,1916
41030,125,21,1,204,0,0,0,0,0,1,1,1,1,198,182,198,182,198,182,198,182,198,182,198,182,198,182,198,182,1,1,1,1,1917
41030,125,22,0,204,0,0,0,0,0,1,1,1,1,198,182,198,182,198,182,198,182,198,182,198,182,198,182,198,182,1,1,1,1,1918
41030,125,23,1,204,0,0,0,0,0,1,1,1,1,198,182,198,182,198,182,198,182,198,182,198,182,198,182,198,182,1,1,1,1,1919
41027,85,-1,0,159,1,0,0,0,0,0,0,0,0,0,0,0,0,0,0,0,0,0,0,0,0,0,0,0,0,0,0,0,0,1920
41027,85,-1,0,159,1,0,0,0,0,0,0,0,0,0,0,0,0,0,0,0,0,0,0,0,0,0,0,0,0,0,0,0,0,1921
41027,85,-1,0,159,1,0,0,0,0,0,0,0,0,0,0,0,0,0,0,0,0,0,0,0,0,0,0,0,0,0,0,0,0,1922
41027,85,-1,0,135,1,0,0,0,0,0,0,0,0,0,0,0,0,0,0,0,0,153,0,153,0,153,0,153,0,0,0,0,0,1923
41027,85,-1,1,135,1,0,0,0,0,0,0,0,0,153,0,153,0,153,0,153,0,153,0,153,0,153,0,153,0,0,0,0,0,1924
41027,85,-1,1,135,1,0,0,0,0,0,0,0,0,153,0,153,0,153,0,153,0,153,0,153,0,153,0,153,0,0,0,0,0,1925
41027,85,-1,1,135,1,0,0,0,0,0,0,0,0,153,0,153,0,153,0,153,0,153,0,153,0,153,0,153,0,0,0,0,0,1926
41027,85,-1,1,135,1,0,0,0,0,0,0,0,0,153,0,153,0,153,0,153,0,153,135,153,135,153,135,153,135,1,1,1,1,1927
41027,85,0,0,159,0,0,0,0,0,0,0,0,0,153,135,153,135,153,135,153,135,153,135,153,135,153,135,153,135,1,1,1,1,1928
41027,85,1,1,159,0,0,0,0,0,0,0,0,0,153,135,153,135,153,135,153,135,153,135,153,135,153,135,153,135,1,1,1,1,1929
41027,85,2,0,159,0,0,0,0,0,0,0,0,0,153,135,153,135,153,135,153,135,153,135,153,135,153,135,153,135,1,1,1,1,1930
41027,85,3,1,135,0,0,0,0,0,0,0,0,0,153,135,153,135,153,135,153,135,153,135,153,135,153,135,153,135,1,1,1,1,1931
41027,85,4,0,159,0,0,0,0,0,0,0,0,0,153,135,153,135,153,135,153,135,153,135,153,135,153,135,153,135,1,1,1,1,1932
41027,85,5,1,159,0,0,0,0,0,0,0,0,0,153,135,153,135,153,135,153,135,153,135,153,135,153,135,153,135,1,1,1,1,1933
41027,85,6,0,159,0,0,0,0,0,0,0,0,0,153,135,153,135,153,135,153,135,153,135,153,135,153,135,153,135,1,1,1,1,1934
41027,85,7,1,159,0,0,0,0,0,0,0,0,0,153,135,153,135,153,135,153,135,153,135,153,135,153,135,153,135,1,1,1,1,1935
41027,85,8,0,159,0,0,0,0,0,0,0,0,0,153,135,153,135,153,135,153,135,153,135,153,135,153,135,153,135,1,1,1,1,1936
41027,85,9,1,159,0,0,0,0,0,0,0,0,0,153,135,153,135,153,135,153,135,153,135,153,135,153,135,153,135,1,1,1,1,1937
41027,85,10,0,159,0,0,0,0,0,0,0,0,0,153,135,153,135,153,135,153,135,153,135,153,135,153,135,153,135,1,1,1,1,1938
41027,85,11,1,159,0,0,0,0,0,0,0,0,0,153,135,153,135,153,135,153,135,153,135,153,135,153,135,153,135,1,1,1,1,1939
41027,85,12,0,159,0,0,0,0,0,0,0,0,0,153,135,153,135,153,135,153,135,153,135,153,135,153,135,153,135,1,1,1,1,1940
41027,85,13,1,135,0,0,0,0,0,0,0,0,0,153,135,153,135,153,135,153,135,153,135,153,135,153,135,153,135,1,1,1,1,1941
41027,85,14,0,159,0,0,0,0,0,0,0,0,0,153,135,153,135,153,135,153,135,153,135,153,135,153,135,153,135,1,1,1,1,1942
41027,85,15,1,159,0,0,0,0,0,0,0,0,0,153,135,153,135,153,135,153,135,153,135,153,135,153,135,153,135,1,1,1,1,1943
41027,85,16,0,159,0,0,0,0,0,0,0,0,0,153,135,153,135,153,135,153,135,153,135,153,135,153,135,153,135,1,1,1,1,1944
41027,85,17,1,159,0,0,0,0,0,0,0,0,0,153,135,153,135,153,135,153,135,153,135,153,135,153,135,153,135,1,1,1,1,1945
41027,85,18,0,159,0,0,0,0,0,0,0,0,0,153,135,153,135,153,135,153,135,153,135,153,135,153,135,153,135,1,1,1,1,1946
41027,85,19,1,159,0,0,0,0,0,0,0,0,0,153,135,153,135,153,135,153,135,153,135,153,135,153,135,153,135,1,1,1,1,1947
41027,85,20,0,159,0,0,0,0,0,0,0,0,0,153,135,153,135,153,135,153,135,153,135,153,135,153,135,153,135,1,1,1,1,1948
41027,85,21,1,135,0,0,0,0,0,0,0,0,0,153,135,153,135,153,135,153,135,153,135,153,135,153,135,153,135,1,1,1,1,1949
41027,85,22,0,159,0,0,0,0,0,0,0,0,0,153,135,153,135,153,135,153,135,153,135,153,135,153,135,153,135,1,1,1,1,1950
41027,85,23,1,159,0,0,0,0,0,0,0,0,0,153,135,153,135,153,135,153,135,153,135,153,135,153,135,153,135,1,1,1,1,1951
41019,85,-1,0,182,1,0,0,0,0,0,0,0,0,0,0,0,0,0,0,0,0,0,0,0,0,0,0,0,0,0,0,0,0,1952
41019,85,-1,0,182,1,0,0,0,0,0,0,0,0,0,0,0,0,0,0,0,0,0,0,0,0,0,0,0,0,0,0,0,0,1953
41019,85,-1,0,204,1,0,0,0,0,0,0,0,0,0,0,0,0,0,0,0,0,0,0,0,0,0,0,0,0,0,0,0,0,1954
41019,85,-1,0,182,1,0,0,0,0,0,0,0,0,0,0,0,0,0,0,0,0,187,0,187,0,187,0,187,0,0,0,0,0,1955
41019,85,-1,1,159,1,0,0,0,0,0,0,0,0,187,0,187,0,187,0,187,0,187,0,187,0,187,0,187,0,0,0,0,0,1956
41019,85,-1,1,159,1,0,0,0,0,0,0,0,0,187,0,187,0,187,0,187,0,187,0,187,0,187,0,187,0,0,0,0,0,1957
41019,85,-1,1,159,1,0,0,0,0,0,0,0,0,187,0,187,0,187,0,187,0,187,0,187,0,187,0,187,0,0,0,0,0,1958
41019,85,-1,1,159,1,0,0,0,0,0,0,0,0,187,0,187,0,187,0,187,0,187,159,187,159,187,159,187,159,1,1,1,1,1959
41019,85,0,0,204,0,0,0,0,0,0,0,0,0,187,159,187,159,187,159,187,159,187,159,187,159,187,159,187,159,1,1,1,1,1960
41019,85,1,1,159,0,0,0,0,0,0,0,0,0,187,159,187,159,187,159,187,159,187,159,187,159,187,159,187,159,1,1,1,1,1961
41019,85,2,0,204,0,0,0,0,0,0,0,0,0,187,159,187,159,187,159,187,159,187,159,187,159,187,159,187,159,1,1,1,1,1962
41019,85,3,1,159,0,0,0,0,0,0,0,0,0,187,159,187,159,187,159,187,159,187,159,187,159,187,159,187,159,1,1,1,1,1963
41019,85,4,0,204,0,0,0,0,0,0,0,0,0,187,159,187,159,187,159,187,159,187,159,187,159,187,159,187,159,1,1,1,1,1964
41019,85,5,1,159,0,0,0,0,0,0,0,0,0,187,159,187,159,187,159,187,159,187,159,187,159,187,159,187,159,1,1,1,1,1965
41019,85,6,0,204,0,0,0,0,0,0,0,0,0,187,159,187,159,187,159,187,159,187,159,187,159,187,159,187,159,1,1,1,1,1966
41019,85,7,1,159,0,0,0,0,0,0,0,0,0,187,159,187,159,187,159,187,159,187,159,187,159,187,159,187,159,1,1,1,1,1967
41019,85,8,0,204,0,0,0,0,0,0,0,0,0,187,159,187,159,187,159,187,159,187,159,187,159,187,159,187,159,1,1,1,1,1968
41019,85,9,1,159,0,0,0,0,0,0,0,0,0,187,159,187,159,187,159,187,159,187,159,187,159,187,159,187,159,1,1,1,1,1969
41019,85,10,0,204,0,0,0,0,0,0,0,0,0,187,159,187,159,187,159,187,159,187,159,187,159,187,159,187,159,1,1,1,1,1970
41019,85,11,1,159,0,0,0,0,0,0,0,0,0,187,159,187,159,187,159,187,159,187,159,187,159,187,159,187,159,1,1,1,1,1971
41019,85,12,0,204,0,0,0,0,0,0,0,0,0,187,159,187,159,187,159,187,159,187,159,187,159,187,159,187,159,1,1,1,1,1972
41019,85,13,1,159,0,0,0,0,0,0,0,0,0,187,159,187,159,187,159,187,159,187,159,187,159,187,159,187,159,1,1,1,1,1973
41019,85,14,0,204,0,0,0,0,0,0,0,0,0,187,159,187,159,187,159,187,159,187,159,187,159,187,159,187,159,1,1,1,1,1974
41019,85,15,1,159,0,0,0,0,0,0,0,0,0,187,159,187,159,187,159,187,159,187,159,187,159,187,159,187,159,1,1,1,1,1975
41019,85,16,0,204,0,0,0,0,0,0,0,0,0,187,159,187,159,187,159,187,159,187,159,187,159,187,159,187,159,1,1,1,1,1976
41019,85,17,1,159,0,0,0,0,0,0,0,0,0,187,159,187,159,187,159,187,159,187,159,187,159,187,159,187,159,1,1,1,1,1977
41019,85,18,0,204,0,0,0,0,0,0,0,0,0,187,159,187,159,187,159,187,159,187,159,187,159,187,159,187,159,1,1,1,1,1978
41019,85,19,1,159,0,0,0,0,0,0,0,0,0,187,159,187,159,187,159,187,159,187,159,187,159,187,159,187,159,1,1,1,1,1979
41019,85,20,0,204,0,0,0,0,0,0,0,0,0,187,159,187,159,187,159,187,159,187,159,187,159,187,159,187,159,1,1,1,1,1980
41019,85,21,1,159,0,0,0,0,0,0,0,0,0,187,159,187,159,187,159,187,159,187,159,187,159,187,159,187,159,1,1,1,1,1981
41019,85,22,0,204,0,0,0,0,0,0,0,0,0,187,159,187,159,187,159,187,159,187,159,187,159,187,159,187,159,1,1,1,1,1982
41019,85,23,1,159,0,0,0,0,0,0,0,0,0,187,159,187,159,187,159,187,159,187,159,187,159,187,159,187,159,1,1,1,1,1983
41013,85,-1,0,245,1,0,0,0,0,0,0,0,0,0,0,0,0,0,0,0,0,0,0,0,0,0,0,0,0,0,0,0,0,1984
41013,85,-1,0,225,1,0,0,0,0,0,0,0,0,0,0,0,0,0,0,0,0,0,0,0,0,0,0,0,0,0,0,0,0,1985
41013,85,-1,0,245,1,0,0,0,0,0,0,0,0,0,0,0,0,0,0,0,0,0,0,0,0,0,0,0,0,0,0,0,0,1986
41013,85,-1,0,225,1,0,0,0,0,0,0,0,0,0,0,0,0,0,0,0,0,235,0,235,0,235,0,235,0,0,0,0,0,1987
41013,85,-1,1,204,1,0,0,0,0,0,0,0,0,235,0,235,0,235,0,235,0,235,0,235,0,235,0,235,0,0,0,0,0,1988
41013,85,-1,1,204,1,0,0,0,0,0,0,0,0,235,0,235,0,235,0,235,0,235,0,235,0,235,0,235,0,0,0,0,0,1989
41013,85,-1,1,204,1,0,0,0,0,0,0,0,0,235,0,235,0,235,0,235,0,235,0,235,0,235,0,235,0,0,0,0,0,1990
41013,85,-1,1,204,1,0,0,0,0,0,0,0,0,235,0,235,0,235,0,235,0,235,204,235,204,235,204,235,204,1,1,1,1,1991
41013,85,0,0,245,0,0,0,0,0,0,0,0,0,235,204,235,204,235,204,235,204,235,204,235,204,235,204,235,204,1,1,1,1,1992
41013,85,1,1,225,0,0,0,0,0,0,0,0,0,235,204,235,204,235,204,235,204,235,204,235,204,235,204,235,204,1,1,1,1,1993
41013,85,2,0,245,0,0,0,0,0,0,0,0,0,235,204,235,204,235,204,235,204,235,204,235,204,235,204,235,204,1,1,1,1,1994
41013,85,3,1,204,0,0,0,0,0,0,0,0,0,235,204,235,204,235,204,235,204,235,204,235,204,235,204,235,204,1,1,1,1,1995
41013,85,4,0,245,0,0,0,0,0,0,0,0,0,235,204,235,204,235,204,235,204,235,204,235,204,235,204,235,204,1,1,1,1,1996
41013,85,5,1,225,0,0,0,0,0,0,0,0,0,235,204,235,204,235,204,235,204,235,204,235,204,235,204,235,204,1,1,1,1,1997
41013,85,6,0,245,0,0,0,0,0,0,0,0,0,235,204,235,204,235,204,235,204,235,204,235,204,235,204,235,204,1,1,1,1,1998
41013,85,7,1,225,0,0,0,0,0,0,0,0,0,235,204,235,204,235,204,235,204,235,204,235,204,235,204,235,204,1,1,1,1,1999
41013,85,8,0,245,0,0,0,0,0,0,0,0,0,235,204,235,204,235,204,235,204,235,204,235,204,235,204,235,204,1,1,1,1,2000
41013,85,9,1,225,0,0,0,0,0,0,0,0,0,235,204,235,204,235,204,235,204,235,204,235,204,235,204,235,204,1,1,1,1,2001
41013,85,10,0,245,0,0,0,0,0,0,0,0,0,235,204,235,204,235,204,235,204,235,204,235,204,235,204,235,204,1,1,1,1,2002
41013,85,11,1,225,0,0,0,0,0,0,0,0,0,235,204,235,204,235,204,235,204,235,204,235,204,235,204,235,204,1,1,1,1,2003
41013,85,12,0,245,0,0,0,0,0,0,0,0,0,235,204,235,204,235,204,235,204,235,204,235,204,235,204,235,204,1,1,1,1,2004
41013,85,13,1,204,0,0,0,0,0,0,0,0,0,235,204,235,204,235,204,235,204,235,204,235,204,235,204,235,204,1,1,1,1,2005
41013,85,14,0,245,0,0,0,0,0,0,0,0,0,235,204,235,204,235,204,235,204,235,204,235,204,235,204,235,204,1,1,1,1,2006
41013,85,15,1,225,0,0,0,0,0,0,0,0,0,235,204,235,204,235,204,235,204,235,204,235,204,235,204,235,204,1,1,1,1,2007
41013,85,16,0,245,0,0,0,0,0,0,0,0,0,235,204,235,204,235,204,235,204,235,204,235,204,235,204,235,204,1,1,1,1,2008
41013,85,17,1,225,0,0,0,0,0,0,0,0,0,235,204,235,204,235,204,235,204,235,204,235,204,235,204,235,204,1,1,1,1,2009
41013,85,18,0,245,0,0,0,0,0,0,0,0,0,235,204,235,204,235,204,235,204,235,204,235,204,235,204,235,204,1,1,1,1,2010
41013,85,19,1,225,0,0,0,0,0,0,0,0,0,235,204,235,204,235,204,235,204,235,204,235,204,235,204,235,204,1,1,1,1,2011
41013,85,20,0,245,0,0,0,0,0,0,0,0,0,235,204,235,204,235,204,235,204,235,204,235,204,235,204,235,204,1,1,1,1,2012
41013,85,21,1,204,0,0,0,0,0,0,0,0,0,235,204,235,204,235,204,235,204,235,204,235,204,235,204,235,204,1,1,1,1,2013
41013,85,22,0,245,0,0,0,0,0,0,0,0,0,235,204,235,204,235,204,235,204,235,204,235,204,235,204,235,204,1,1,1,1,2014
41013,85,23,1,225,0,0,0,0,0,0,0,0,0,235,204,235,204,235,204,235,204,235,204,235,204,235,204,235,204,1,1,1,1,2015
