scenario,mode,vdd_v,initial_rvt_stages,initial_lvt_stages,capture_phase_s,sample_time_s,rvt_crossings_s,lvt_crossings_s,vdd_a_min_v,raw_xor_word,latch_word,captured_xor_word,corrected_xor_word,raw_bubble_count,start_index,end_index,one_run_length,valid,run_count,bubble_count,touches_left_boundary,touches_right_boundary,phase_id,phase_multiplier,case_id,glitch_depth_v,glitch_width_s,glitch_start_s,glitch_onset_rel_s,full_word_changed,encoded_state_changed,boundary_distance
scenarios/000_glitch_medium_200mv_200ps_phi_m04_o0000_v1p100000000000,capture,1.1,4,0,2.4512626e-10,1.2451262600000001e-09,"[1.068081343e-09,1.087320758e-09,1.10662463e-09,1.125954334e-09,1.145299344e-09,1.164646803e-09,1.183982275e-09,1.203293762e-09,1.2226357e-09,1.241987012e-09,1.261370644e-09,1.280716018e-09,1.300070028e-09,1.319386231e-09,1.338712974e-09,1.358064841e-09,1.377418489e-09,1.396768509e-09,1.416059792e-09,1.435424475e-09,1.454753e-09,1.474096132e-09,1.4934261e-09,1.51277217e-09,1.532014897e-09,1.551347778e-09,1.570644883e-09,1.589995074e-09,1.609210512e-09,1.627297257e-09]","[1.00976677e-09,1.022339886e-09,1.035115895e-09,1.047878782e-09,1.060603099e-09,1.073353874e-09,1.086126812e-09,1.098866289e-09,1.111588442e-09,1.124368606e-09,1.13711629e-09,1.149865294e-09,1.16261327e-09,1.175363084e-09,1.188116813e-09,1.200810676e-09,1.213594595e-09,1.226318083e-09,1.239034798e-09,1.251683026e-09,1.264480906e-09,1.277192029e-09,1.289952312e-09,1.3027121e-09,1.315436569e-09,1.328188179e-09,1.340903339e-09,1.353634654e-09,1.366356378e-09,1.377884058e-09]",0.9,000000000111111110000000000000,000000011111111000000000000000,000000001111111000000000000000,000000001111111000000000000000,0,8,14,7,1,1,0,0,0,phi_m04,-4,medium_200mv_200ps,0.2,2e-10,8e-10,-2e-10,0,0,0
scenarios/001_glitch_medium_200mv_200ps_phi_m02_o0001_v1p100000000000,capture,1.1,4,0,2.7256313e-10,1.27256313e-09,"[1.068081343e-09,1.087320758e-09,1.10662463e-09,1.125954334e-09,1.145299344e-09,1.164646803e-09,1.183982275e-09,1.203293762e-09,1.2226357e-09,1.241987012e-09,1.261346624e-09,1.280653664e-09,1.299987036e-09,1.319339043e-09,1.338692098e-09,1.358045847e-09,1.37732476e-09,1.396745621e-09,1.415912372e-09,1.435220713e-09,1.454593248e-09,1.473891401e-09,1.493331352e-09,1.512593055e-09,1.531999993e-09,1.551269191e-09,1.570560604e-09,1.589897121e-09,1.609150613e-09,1.627277469e-09]","[1.00976677e-09,1.022339886e-09,1.035115895e-09,1.047878782e-09,1.060603099e-09,1.073353874e-09,1.086126812e-09,1.098866289e-09,1.111588442e-09,1.124368606e-09,1.13711629e-09,1.149865294e-09,1.16261327e-09,1.175363084e-09,1.188116813e-09,1.200810676e-09,1.213594595e-09,1.226318083e-09,1.239034798e-09,1.251788395e-09,1.264426669e-09,1.277083845e-09,1.289898588e-09,1.302618664e-09,1.315357266e-09,1.328120969e-09,1.340879789e-09,1.353607253e-09,1.366348581e-09,1.377792836e-09]",0.9,000000000011111111100000000000,000000000111111110000000000000,000000000111111110000000000000,000000000111111110000000000000,0,9,16,8,1,1,0,0,0,phi_m02,-2,medium_200mv_200ps,0.2,2e-10,8e-10,-2e-10,0,0,0
scenarios/002_glitch_medium_200mv_200ps_phi_p00_o0002_v1p100000000000,capture,1.1,4,0,3e-10,1.3e-09,"[1.068081343e-09,1.087320758e-09,1.10662463e-09,1.125954334e-09,1.145299344e-09,1.164646803e-09,1.183982275e-09,1.203293762e-09,1.2226357e-09,1.241987012e-09,1.261346624e-09,1.280695518e-09,1.300027716e-09,1.31942194e-09,1.338765643e-09,1.358074829e-09,1.37743945e-09,1.396793593e-09,1.416093149e-09,1.435330945e-09,1.454587269e-09,1.47389309e-09,1.493173508e-09,1.512553947e-09,1.531862425e-09,1.551169061e-09,1.570426859e-09,1.589747495e-09,1.609107613e-09,1.627091652e-09]","[1.00976677e-09,1.022339886e-09,1.035115895e-09,1.047878782e-09,1.060603099e-09,1.073353874e-09,1.086126812e-09,1.098866289e-09,1.111588442e-09,1.124368606e-09,1.13711629e-09,1.149865294e-09,1.16261327e-09,1.175363084e-09,1.188116813e-09,1.200810676e-09,1.213594595e-09,1.226318083e-09,1.239034798e-09,1.251788395e-09,1.264426669e-09,1.2772259e-09,1.289975486e-09,1.302619364e-09,1.315386058e-09,1.32816795e-09,1.340918505e-09,1.353596451e-09,1.366308164e-09,1.377856085e-09]",0.9,000000000000111111111000000000,000000000011111111100000000000,000000000001111111100000000000,000000000001111111100000000000,0,11,18,8,1,1,0,0,0,phi_p00,0,medium_200mv_200ps,0.2,2e-10,8e-10,-2e-10,1,1,1
scenarios/003_glitch_medium_200mv_200ps_phi_p02_o0003_v1p100000000000,capture,1.1,4,0,3.2743686999999997e-10,1.32743687e-09,"[1.068081343e-09,1.087320758e-09,1.10662463e-09,1.125954334e-09,1.145299344e-09,1.164646803e-09,1.183982275e-09,1.203293762e-09,1.2226357e-09,1.241987012e-09,1.261346624e-09,1.280695518e-09,1.300050871e-09,1.319376227e-09,1.338768351e-09,1.358117957e-09,1.377435133e-09,1.396784666e-09,1.416147585e-09,1.435483028e-09,1.454811675e-09,1.474165496e-09,1.493527765e-09,1.512825143e-09,1.532079266e-09,1.551487137e-09,1.570809916e-09,1.590173095e-09,1.60944885e-09,1.627537884e-09]","[1.00976677e-09,1.022339886e-09,1.035115895e-09,1.047878782e-09,1.060603099e-09,1.073353874e-09,1.086126812e-09,1.098866289e-09,1.111588442e-09,1.124368606e-09,1.13711629e-09,1.149865294e-09,1.16261327e-09,1.175363084e-09,1.188116813e-09,1.200810676e-09,1.213594595e-09,1.226318083e-09,1.239034798e-09,1.251788395e-09,1.264426669e-09,1.2772259e-09,1.289975486e-09,1.30265596e-09,1.315462123e-09,1.3281139e-09,1.340888344e-09,1.353655419e-09,1.366406887e-09,1.377899933e-09]",0.9,000000000000011111111110000000,000000000000111111111000000000,000000000000111111111000000000,000000000000111111111000000000,0,12,20,9,1,1,0,0,0,phi_p02,2,medium_200mv_200ps,0.2,2e-10,8e-10,-2e-10,0,0,0
scenarios/004_glitch_medium_200mv_200ps_phi_p04_o0004_v1p100000000000,capture,1.1,4,0,3.5487374e-10,1.35487374e-09,"[1.068081343e-09,1.087320758e-09,1.10662463e-09,1.125954334e-09,1.145299344e-09,1.164646803e-09,1.183982275e-09,1.203293762e-09,1.2226357e-09,1.241987012e-09,1.261346624e-09,1.280695518e-09,1.300050871e-09,1.319376227e-09,1.338741731e-09,1.358049336e-09,1.377447141e-09,1.396829326e-09,1.416145067e-09,1.435476414e-09,1.454847111e-09,1.474218256e-09,1.493429752e-09,1.512796857e-09,1.532187181e-09,1.551489596e-09,1.570758489e-09,1.590125413e-09,1.609470891e-09,1.627557458e-09]","[1.00976677e-09,1.022339886e-09,1.035115895e-09,1.047878782e-09,1.060603099e-09,1.073353874e-09,1.086126812e-09,1.098866289e-09,1.111588442e-09,1.124368606e-09,1.13711629e-09,1.149865294e-09,1.16261327e-09,1.175363084e-09,1.188116813e-09,1.200810676e-09,1.213594595e-09,1.226318083e-09,1.239034798e-09,1.251788395e-09,1.264426669e-09,1.2772259e-09,1.289975486e-09,1.30265596e-09,1.315462123e-09,1.32815551e-09,1.340858582e-09,1.353603552e-09,1.366305571e-09,1.377837385e-09]",0.9,000000000000000111111111110000,000000000000011111111110000000,000000000000011111111111000000,000000000000011111111111000000,0,13,23,11,1,1,0,0,0,phi_p04,4,medium_200mv_200ps,0.2,2e-10,8e-10,-2e-10,1,1,1
scenarios/005_glitch_medium_200mv_200ps_phi_m04_o0005_v1p100000000000,capture,1.1,4,0,2.4512626e-10,1.2451262600000001e-09,"[1.070762933e-09,1.090000733e-09,1.109308275e-09,1.12861958e-09,1.147965163e-09,1.167318251e-09,1.186655598e-09,1.206005776e-09,1.225343982e-09,1.244670548e-09,1.264020455e-09,1.283399051e-09,1.302755769e-09,1.322090471e-09,1.341400328e-09,1.36076858e-09,1.380114371e-09,1.399497053e-09,1.418894979e-09,1.438253698e-09,1.457665517e-09,1.477008747e-09,1.496348081e-09,1.515690441e-09,1.535037089e-09,1.554334405e-09,1.57369379e-09,1.593086267e-09,1.612436773e-09,1.63041233e-09]","[1.013539143e-09,1.025088708e-09,1.037806162e-09,1.050563005e-09,1.063288848e-09,1.07603438e-09,1.088814222e-09,1.101552247e-09,1.114278989e-09,1.127056296e-09,1.139803674e-09,1.152529028e-09,1.165294048e-09,1.178047207e-09,1.190792191e-09,1.203543538e-09,1.216300719e-09,1.229008768e-09,1.241769944e-09,1.254456774e-09,1.267199692e-09,1.279952112e-09,1.292704033e-09,1.305452283e-09,1.318177104e-09,1.330919141e-09,1.343588495e-09,1.356389587e-09,1.369118857e-09,1.38055339e-09]",0.9,000000000111111110000000000000,000000011111111000000000000000,000000001111111000000000000000,000000001111111000000000000000,0,8,14,7,1,1,0,0,0,phi_m04,-4,medium_200mv_200ps,0.2,2e-10,8.137184350000001e-10,-1.86281565e-10,0,0,0
scenarios/006_glitch_medium_200mv_200ps_phi_m02_o0006_v1p100000000000,capture,1.1,4,0,2.7256313e-10,1.27256313e-09,"[1.070762933e-09,1.090000733e-09,1.109308275e-09,1.12861958e-09,1.147965163e-09,1.167318251e-09,1.186655598e-09,1.206005776e-09,1.225343982e-09,1.244705764e-09,1.263946077e-09,1.28330119e-09,1.302646529e-09,1.321999338e-09,1.341354156e-09,1.360702196e-09,1.379979037e-09,1.399359002e-09,1.418735574e-09,1.438071028e-09,1.457456006e-09,1.476712362e-09,1.496122574e-09,1.515403497e-09,1.534727912e-09,1.554030726e-09,1.573398756e-09,1.592737129e-09,1.612037279e-09,1.630100104e-09]","[1.013539143e-09,1.025088708e-09,1.037806162e-09,1.050563005e-09,1.063288848e-09,1.07603438e-09,1.088814222e-09,1.101552247e-09,1.114278989e-09,1.127056296e-09,1.139803674e-09,1.152529028e-09,1.165294048e-09,1.178047207e-09,1.190792191e-09,1.203543538e-09,1.216300719e-09,1.229008768e-09,1.241769944e-09,1.254542361e-09,1.267220304e-09,1.279909548e-09,1.292702312e-09,1.305425643e-09,1.318165117e-09,1.330925465e-09,1.343681978e-09,1.356408455e-09,1.369089672e-09,1.380560743e-09]",0.9,000000000011111111100000000000,000000000111111110000000000000,000000000111111110000000000000,000000000111111110000000000000,0,9,16,8,1,1,0,0,0,phi_m02,-2,medium_200mv_200ps,0.2,2e-10,8.137184350000001e-10,-1.86281565e-10,0,0,0
scenarios/007_glitch_medium_200mv_200ps_phi_p00_o0007_v1p100000000000,capture,1.1,4,0,3e-10,1.3e-09,"[1.070762933e-09,1.090000733e-09,1.109308275e-09,1.12861958e-09,1.147965163e-09,1.167318251e-09,1.186655598e-09,1.206005776e-09,1.225343982e-09,1.244705764e-09,1.263946077e-09,1.283311225e-09,1.302546302e-09,1.32196823e-09,1.341313239e-09,1.360659412e-09,1.379966442e-09,1.39937356e-09,1.418736075e-09,1.438072893e-09,1.457402669e-09,1.476704506e-09,1.49604342e-09,1.515353381e-09,1.534685288e-09,1.554016796e-09,1.573378063e-09,1.592765038e-09,1.61212112e-09,1.630179757e-09]","[1.013539143e-09,1.025088708e-09,1.037806162e-09,1.050563005e-09,1.063288848e-09,1.07603438e-09,1.088814222e-09,1.101552247e-09,1.114278989e-09,1.127056296e-09,1.139803674e-09,1.152529028e-09,1.165294048e-09,1.178047207e-09,1.190792191e-09,1.203543538e-09,1.216300719e-09,1.229008768e-09,1.241769944e-09,1.254542361e-09,1.267220304e-09,1.279985014e-09,1.292738186e-09,1.305331639e-09,1.31810284e-09,1.330879396e-09,1.343629916e-09,1.35635615e-09,1.369100005e-09,1.380529369e-09]",0.9,000000000000111111111000000000,000000000011111111100000000000,000000000011111111100000000000,000000000011111111100000000000,0,10,18,9,1,1,0,0,0,phi_p00,0,medium_200mv_200ps,0.2,2e-10,8.137184350000001e-10,-1.86281565e-10,0,0,0
scenarios/008_glitch_medium_200mv_200ps_phi_p02_o0008_v1p100000000000,capture,1.1,4,0,3.2743686999999997e-10,1.32743687e-09,"[1.070762933e-09,1.090000733e-09,1.109308275e-09,1.12861958e-09,1.147965163e-09,1.167318251e-09,1.186655598e-09,1.206005776e-09,1.225343982e-09,1.244705764e-09,1.263946077e-09,1.283311225e-09,1.302603913e-09,1.321884882e-09,1.341224692e-09,1.36055367e-09,1.379886398e-09,1.399203355e-09,1.418567002e-09,1.437906141e-09,1.457208813e-09,1.476572831e-09,1.49595519e-09,1.515232769e-09,1.534453311e-09,1.553763805e-09,1.573120895e-09,1.592448977e-09,1.611789962e-09,1.629782607e-09]","[1.013539143e-09,1.025088708e-09,1.037806162e-09,1.050563005e-09,1.063288848e-09,1.07603438e-09,1.088814222e-09,1.101552247e-09,1.114278989e-09,1.127056296e-09,1.139803674e-09,1.152529028e-09,1.165294048e-09,1.178047207e-09,1.190792191e-09,1.203543538e-09,1.216300719e-09,1.229008768e-09,1.241769944e-09,1.254542361e-09,1.267220304e-09,1.279985014e-09,1.292738186e-09,1.305444031e-09,1.318123192e-09,1.330841723e-09,1.343637069e-09,1.356366059e-09,1.369139423e-09,1.38060838e-09]",0.9,000000000000011111111110000000,000000000000111111111000000000,000000000000111111111000000000,000000000000111111111000000000,0,12,20,9,1,1,0,0,0,phi_p02,2,medium_200mv_200ps,0.2,2e-10,8.137184350000001e-10,-1.86281565e-10,0,0,0
scenarios/009_glitch_medium_200mv_200ps_phi_p04_o0009_v1p100000000000,capture,1.1,4,0,3.5487374e-10,1.35487374e-09,"[1.070762933e-09,1.090000733e-09,1.109308275e-09,1.12861958e-09,1.147965163e-09,1.167318251e-09,1.186655598e-09,1.206005776e-09,1.225343982e-09,1.244705764e-09,1.263946077e-09,1.283311225e-09,1.302603913e-09,1.321884882e-09,1.34117549e-09,1.360405161e-09,1.379804069e-09,1.399160189e-09,1.418460224e-09,1.437895339e-09,1.45715675e-09,1.476456386e-09,1.495675376e-09,1.514928781e-09,1.534339716e-09,1.553673573e-09,1.572952441e-09,1.592306527e-09,1.611691767e-09,1.629770866e-09]","[1.013539143e-09,1.025088708e-09,1.037806162e-09,1.050563005e-09,1.063288848e-09,1.07603438e-09,1.088814222e-09,1.101552247e-09,1.114278989e-09,1.127056296e-09,1.139803674e-09,1.152529028e-09,1.165294048e-09,1.178047207e-09,1.190792191e-09,1.203543538e-09,1.216300719e-09,1.229008768e-09,1.241769944e-09,1.254542361e-09,1.267220304e-09,1.279985014e-09,1.292738186e-09,1.305444031e-09,1.318123192e-09,1.330958561e-09,1.343667312e-09,1.356335629e-09,1.369120597e-09,1.380613932e-09]",0.9,000000000000000111111111100000,000000000000011111111110000000,000000000000011111111110000000,000000000000011111111110000000,0,13,22,10,1,1,0,0,0,phi_p04,4,medium_200mv_200ps,0.2,2e-10,8.137184350000001e-10,-1.86281565e-10,0,0,0
scenarios/010_glitch_medium_200mv_200ps_phi_m04_o0010_v1p100000000000,capture,1.1,4,0,2.4512626e-10,1.2451262600000001e-09,"[1.076101629e-09,1.095365965e-09,1.11467838e-09,1.134019936e-09,1.15335328e-09,1.172714004e-09,1.192065044e-09,1.211401003e-09,1.230750061e-09,1.250044355e-09,1.269432142e-09,1.288740419e-09,1.308064587e-09,1.327402697e-09,1.346724387e-09,1.366104746e-09,1.385436988e-09,1.404861281e-09,1.424200319e-09,1.443526563e-09,1.462830351e-09,1.48215127e-09,1.501467107e-09,1.520807553e-09,1.540159424e-09,1.559432297e-09,1.578827051e-09,1.598092342e-09,1.617412716e-09,1.635505625e-09]","[1.013550823e-09,1.029745259e-09,1.042015699e-09,1.054747684e-09,1.06750908e-09,1.080281006e-09,1.092994625e-09,1.105734115e-09,1.118503907e-09,1.13123146e-09,1.143973957e-09,1.156705198e-09,1.169462902e-09,1.182215022e-09,1.194958963e-09,1.207681829e-09,1.220413493e-09,1.23317372e-09,1.245849939e-09,1.258631279e-09,1.271344049e-09,1.284087103e-09,1.296861431e-09,1.309620238e-09,1.322333066e-09,1.335086844e-09,1.347793269e-09,1.360544468e-09,1.373335798e-09,1.384729872e-09]",0.9,000000000111111100000000000000,000000011111110000000000000000,000000011111110000000000000000,000000011111110000000000000000,0,7,13,7,1,1,0,0,0,phi_m04,-4,medium_200mv_200ps,0.2,2e-10,8.274368700000001e-10,-1.7256313e-10,1,1,2
scenarios/011_glitch_medium_200mv_200ps_phi_m02_o0011_v1p100000000000,capture,1.1,4,0,2.7256313e-10,1.27256313e-09,"[1.076101629e-09,1.095365965e-09,1.11467838e-09,1.134019936e-09,1.15335328e-09,1.172714004e-09,1.192065044e-09,1.211401003e-09,1.230750061e-09,1.25009976e-09,1.269411619e-09,1.288704439e-09,1.30803732e-09,1.327368108e-09,1.346702003e-09,1.366048825e-09,1.385411398e-09,1.404821453e-09,1.424097649e-09,1.443377872e-09,1.462728848e-09,1.481992003e-09,1.501378463e-09,1.52067334e-09,1.539969614e-09,1.559240137e-09,1.578557067e-09,1.597866873e-09,1.617152847e-09,1.635261711e-09]","[1.013550823e-09,1.029745259e-09,1.042015699e-09,1.054747684e-09,1.06750908e-09,1.080281006e-09,1.092994625e-09,1.105734115e-09,1.118503907e-09,1.13123146e-09,1.143973957e-09,1.156705198e-09,1.169462902e-09,1.182215022e-09,1.194958963e-09,1.207681829e-09,1.220413493e-09,1.23317372e-09,1.245894494e-09,1.258667153e-09,1.271352522e-09,1.284018141e-09,1.296774703e-09,1.309551854e-09,1.322264769e-09,1.335014852e-09,1.34781265e-09,1.360515275e-09,1.373247043e-09,1.384675578e-09]",0.9,000000000011111111100000000000,000000001111111100000000000000,000000000111111110000000000000,000000000111111110000000000000,0,9,16,8,1,1,0,0,0,phi_m02,-2,medium_200mv_200ps,0.2,2e-10,8.274368700000001e-10,-1.7256313e-10,0,0,0
scenarios/012_glitch_medium_200mv_200ps_phi_p00_o0012_v1p100000000000,capture,1.1,4,0,3e-10,1.3e-09,"[1.076101629e-09,1.095365965e-09,1.11467838e-09,1.134019936e-09,1.15335328e-09,1.172714004e-09,1.192065044e-09,1.211401003e-09,1.230750061e-09,1.25009976e-09,1.269411619e-09,1.288775034e-09,1.308026684e-09,1.327350576e-09,1.346675552e-09,1.366053585e-09,1.385387827e-09,1.404740875e-09,1.424089888e-09,1.443454596e-09,1.462786548e-09,1.482116119e-09,1.501353789e-09,1.520810344e-09,1.540059382e-09,1.55946796e-09,1.578762638e-09,1.598131172e-09,1.617468644e-09,1.635460525e-09]","[1.013550823e-09,1.029745259e-09,1.042015699e-09,1.054747684e-09,1.06750908e-09,1.080281006e-09,1.092994625e-09,1.105734115e-09,1.118503907e-09,1.13123146e-09,1.143973957e-09,1.156705198e-09,1.169462902e-09,1.182215022e-09,1.194958963e-09,1.207681829e-09,1.220413493e-09,1.23317372e-09,1.245894494e-09,1.258667153e-09,1.271379151e-09,1.284114723e-09,1.296857657e-09,1.309562775e-09,1.322308362e-09,1.335064306e-09,1.347768689e-09,1.36052188e-09,1.373314864e-09,1.384709878e-09]",0.9,000000000001111111111000000000,000000000011111111100000000000,000000000011111111100000000000,000000000011111111100000000000,0,10,18,9,1,1,0,0,0,phi_p00,0,medium_200mv_200ps,0.2,2e-10,8.274368700000001e-10,-1.7256313e-10,0,0,0
scenarios/013_glitch_medium_200mv_200ps_phi_p02_o0013_v1p100000000000,capture,1.1,4,0,3.2743686999999997e-10,1.32743687e-09,"[1.076101629e-09,1.095365965e-09,1.11467838e-09,1.134019936e-09,1.15335328e-09,1.172714004e-09,1.192065044e-09,1.211401003e-09,1.230750061e-09,1.25009976e-09,1.269411619e-09,1.288775034e-09,1.308043843e-09,1.327315223e-09,1.346678704e-09,1.366031802e-09,1.385358267e-09,1.404649862e-09,1.424051247e-09,1.443333739e-09,1.462685448e-09,1.482039378e-09,1.501314454e-09,1.520690258e-09,1.540051946e-09,1.559344085e-09,1.57864881e-09,1.597883903e-09,1.617234312e-09,1.635265733e-09]","[1.013550823e-09,1.029745259e-09,1.042015699e-09,1.054747684e-09,1.06750908e-09,1.080281006e-09,1.092994625e-09,1.105734115e-09,1.118503907e-09,1.13123146e-09,1.143973957e-09,1.156705198e-09,1.169462902e-09,1.182215022e-09,1.194958963e-09,1.207681829e-09,1.220413493e-09,1.23317372e-09,1.245894494e-09,1.258667153e-09,1.271379151e-09,1.284114723e-09,1.296857657e-09,1.309616977e-09,1.322280453e-09,1.334987604e-09,1.347802665e-09,1.360511425e-09,1.373280087e-09,1.38478362e-09]",0.9,000000000000011111111110000000,000000000001111111111000000000,000000000000111111111000000000,000000000000111111111000000000,0,12,20,9,1,1,0,0,0,phi_p02,2,medium_200mv_200ps,0.2,2e-10,8.274368700000001e-10,-1.7256313e-10,0,0,0
scenarios/014_glitch_medium_200mv_200ps_phi_p04_o0014_v1p100000000000,capture,1.1,4,0,3.5487374e-10,1.35487374e-09,"[1.076101629e-09,1.095365965e-09,1.11467838e-09,1.134019936e-09,1.15335328e-09,1.172714004e-09,1.192065044e-09,1.211401003e-09,1.230750061e-09,1.25009976e-09,1.269411619e-09,1.288775034e-09,1.308043843e-09,1.327335298e-09,1.346629448e-09,1.366011033e-09,1.385322709e-09,1.404733305e-09,1.42396542e-09,1.44338814e-09,1.462660283e-09,1.482011671e-09,1.501173529e-09,1.520491525e-09,1.539750908e-09,1.559089502e-09,1.578501376e-09,1.597752422e-09,1.61706687e-09,1.635123462e-09]","[1.013550823e-09,1.029745259e-09,1.042015699e-09,1.054747684e-09,1.06750908e-09,1.080281006e-09,1.092994625e-09,1.105734115e-09,1.118503907e-09,1.13123146e-09,1.143973957e-09,1.156705198e-09,1.169462902e-09,1.182215022e-09,1.194958963e-09,1.207681829e-09,1.220413493e-09,1.23317372e-09,1.245894494e-09,1.258667153e-09,1.271379151e-09,1.284114723e-09,1.296857657e-09,1.309616977e-09,1.322280453e-09,1.335051942e-09,1.347809315e-09,1.360404337e-09,1.373215051e-09,1.38466925e-09]",0.9,000000000000001111111111100000,000000000000011111111110000000,000000000000011111111110000000,000000000000011111111110000000,0,13,22,10,1,1,0,0,0,phi_p04,4,medium_200mv_200ps,0.2,2e-10,8.274368700000001e-10,-1.7256313e-10,0,0,0
scenarios/015_glitch_medium_200mv_200ps_phi_m04_o0015_v1p100000000000,capture,1.1,4,0,2.4512626e-10,1.2451262600000001e-09,"[1.08161981e-09,1.100903599e-09,1.120234787e-09,1.139566008e-09,1.15892239e-09,1.178222737e-09,1.197529277e-09,1.216856012e-09,1.236182468e-09,1.255563539e-09,1.274875822e-09,1.294224076e-09,1.313597793e-09,1.332941465e-09,1.352221948e-09,1.371592462e-09,1.390945835e-09,1.410310402e-09,1.429684333e-09,1.44894192e-09,1.468350441e-09,1.487700177e-09,1.507027921e-09,1.526407504e-09,1.545682498e-09,1.565057297e-09,1.584382816e-09,1.603557942e-09,1.622912145e-09,1.641009606e-09]","[1.013534521e-09,1.032245749e-09,1.046488833e-09,1.058989382e-09,1.071713028e-09,1.084433612e-09,1.097199016e-09,1.109948747e-09,1.122698045e-09,1.135424704e-09,1.148159444e-09,1.160902721e-09,1.173650219e-09,1.186418941e-09,1.19916213e-09,1.211873994e-09,1.224629256e-09,1.237422956e-09,1.249984447e-09,1.262800975e-09,1.275550455e-09,1.288276307e-09,1.301033406e-09,1.313802509e-09,1.32653122e-09,1.339273226e-09,1.351994923e-09,1.364764183e-09,1.377505001e-09,1.388979609e-09]",0.9,000000001111111100000000000000,000000011111110000000000000000,000000011111110000000000000000,000000011111110000000000000000,0,7,13,7,1,1,0,0,0,phi_m04,-4,medium_200mv_200ps,0.2,2e-10,8.411553050000001e-10,-1.5884469500000002e-10,1,1,2
scenarios/016_glitch_medium_200mv_200ps_phi_m02_o0016_v1p100000000000,capture,1.1,4,0,2.7256313e-10,1.27256313e-09,"[1.08161981e-09,1.100903599e-09,1.120234787e-09,1.139566008e-09,1.15892239e-09,1.178222737e-09,1.197529277e-09,1.216856012e-09,1.236182468e-09,1.255535901e-09,1.274815441e-09,1.294257633e-09,1.313586211e-09,1.332944344e-09,1.352263273e-09,1.371573308e-09,1.390855327e-09,1.410269877e-09,1.42962125e-09,1.448975566e-09,1.46830648e-09,1.487647034e-09,1.506979107e-09,1.526302892e-09,1.545651683e-09,1.564952609e-09,1.584305135e-09,1.603602598e-09,1.622948876e-09,1.641057022e-09]","[1.013534521e-09,1.032245749e-09,1.046488833e-09,1.058989382e-09,1.071713028e-09,1.084433612e-09,1.097199016e-09,1.109948747e-09,1.122698045e-09,1.135424704e-09,1.148159444e-09,1.160902721e-09,1.173650219e-09,1.186418941e-09,1.19916213e-09,1.211873994e-09,1.224629256e-09,1.237422956e-09,1.250069837e-09,1.262825962e-09,1.275454819e-09,1.288238323e-09,1.301042418e-09,1.313781682e-09,1.32649285e-09,1.339263654e-09,1.352051273e-09,1.364767173e-09,1.37749046e-09,1.388930164e-09]",0.9,000000000011111111000000000000,000000001111111100000000000000,000000001111111100000000000000,000000001111111100000000000000,0,8,15,8,1,1,0,0,0,phi_m02,-2,medium_200mv_200ps,0.2,2e-10,8.411553050000001e-10,-1.5884469500000002e-10,1,1,2
scenarios/017_glitch_medium_200mv_200ps_phi_p00_o0017_v1p100000000000,capture,1.1,4,0,3e-10,1.3e-09,"[1.08161981e-09,1.100903599e-09,1.120234787e-09,1.139566008e-09,1.15892239e-09,1.178222737e-09,1.197529277e-09,1.216856012e-09,1.236182468e-09,1.255535901e-09,1.274893902e-09,1.294246391e-09,1.313518787e-09,1.332882405e-09,1.352246071e-09,1.371543787e-09,1.390838773e-09,1.410250988e-09,1.429596587e-09,1.448946771e-09,1.468284556e-09,1.487586584e-09,1.506691978e-09,1.526118282e-09,1.54539394e-09,1.564784624e-09,1.584004341e-09,1.60333567e-09,1.622699802e-09,1.640725424e-09]","[1.013534521e-09,1.032245749e-09,1.046488833e-09,1.058989382e-09,1.071713028e-09,1.084433612e-09,1.097199016e-09,1.109948747e-09,1.122698045e-09,1.135424704e-09,1.148159444e-09,1.160902721e-09,1.173650219e-09,1.186418941e-09,1.19916213e-09,1.211873994e-09,1.224629256e-09,1.237422956e-09,1.250069837e-09,1.262825962e-09,1.275568902e-09,1.288282923e-09,1.300979862e-09,1.313769475e-09,1.326506558e-09,1.339250137e-09,1.352049098e-09,1.364763046e-09,1.377495349e-09,1.388929208e-09]",0.9,000000000001111111110000000000,000000000011111111000000000000,000000000011111111000000000000,000000000011111111000000000000,0,10,17,8,1,1,0,0,0,phi_p00,0,medium_200mv_200ps,0.2,2e-10,8.411553050000001e-10,-1.5884469500000002e-10,1,1,1
scenarios/018_glitch_medium_200mv_200ps_phi_p02_o0018_v1p100000000000,capture,1.1,4,0,3.2743686999999997e-10,1.32743687e-09,"[1.08161981e-09,1.100903599e-09,1.120234787e-09,1.139566008e-09,1.15892239e-09,1.178222737e-09,1.197529277e-09,1.216856012e-09,1.236182468e-09,1.255535901e-09,1.274893902e-09,1.294246391e-09,1.313500918e-09,1.332704431e-09,1.352112408e-09,1.37146456e-09,1.390791451e-09,1.410131862e-09,1.429491019e-09,1.448748796e-09,1.468055855e-09,1.487372368e-09,1.506692799e-09,1.525949599e-09,1.545357255e-09,1.564679596e-09,1.583999008e-09,1.603328736e-09,1.622669422e-09,1.640756037e-09]","[1.013534521e-09,1.032245749e-09,1.046488833e-09,1.058989382e-09,1.071713028e-09,1.084433612e-09,1.097199016e-09,1.109948747e-09,1.122698045e-09,1.135424704e-09,1.148159444e-09,1.160902721e-09,1.173650219e-09,1.186418941e-09,1.19916213e-09,1.211873994e-09,1.224629256e-09,1.237422956e-09,1.250069837e-09,1.262825962e-09,1.275568902e-09,1.288282923e-09,1.301043723e-09,1.313809813e-09,1.326513547e-09,1.339265307e-09,1.352039233e-09,1.364753662e-09,1.377534721e-09,1.38902521e-09]",0.9,000000000000011111111110000000,000000000001111111110000000000,000000000001111111110000000000,000000000001111111110000000000,0,11,19,9,1,1,0,0,0,phi_p02,2,medium_200mv_200ps,0.2,2e-10,8.411553050000001e-10,-1.5884469500000002e-10,1,1,2
scenarios/019_glitch_medium_200mv_200ps_phi_p04_o0019_v1p100000000000,capture,1.1,4,0,3.5487374e-10,1.35487374e-09,"[1.08161981e-09,1.100903599e-09,1.120234787e-09,1.139566008e-09,1.15892239e-09,1.178222737e-09,1.197529277e-09,1.216856012e-09,1.236182468e-09,1.255535901e-09,1.274893902e-09,1.294246391e-09,1.313500918e-09,1.332800805e-09,1.352061956e-09,1.371398744e-09,1.390723475e-09,1.41005382e-09,1.429435149e-09,1.448784586e-09,1.468085087e-09,1.487436327e-09,1.506843787e-09,1.526034107e-09,1.545415528e-09,1.56476225e-09,1.584095986e-09,1.603447802e-09,1.622795496e-09,1.640784654e-09]","[1.013534521e-09,1.032245749e-09,1.046488833e-09,1.058989382e-09,1.071713028e-09,1.084433612e-09,1.097199016e-09,1.109948747e-09,1.122698045e-09,1.135424704e-09,1.148159444e-09,1.160902721e-09,1.173650219e-09,1.186418941e-09,1.19916213e-09,1.211873994e-09,1.224629256e-09,1.237422956e-09,1.250069837e-09,1.262825962e-09,1.275568902e-09,1.288282923e-09,1.301043723e-09,1.313809813e-09,1.326513547e-09,1.339336886e-09,1.352041399e-09,1.364742917e-09,1.377503076e-09,1.388971992e-09]",0.9,000000000000001111111111100000,000000000000111111111100000000,000000000000011111111110000000,000000000000011111111110000000,0,13,22,10,1,1,0,0,0,phi_p04,4,medium_200mv_200ps,0.2,2e-10,8.411553050000001e-10,-1.5884469500000002e-10,0,0,0
scenarios/020_glitch_medium_200mv_200ps_phi_m04_o0020_v1p100000000000,capture,1.1,4,0,2.4512626e-10,1.2451262600000001e-09,"[1.086789053e-09,1.106060865e-09,1.12539261e-09,1.144708998e-09,1.163979458e-09,1.183328881e-09,1.202649892e-09,1.22198795e-09,1.241339235e-09,1.26067512e-09,1.279998616e-09,1.299317822e-09,1.318645813e-09,1.338019158e-09,1.35733782e-09,1.376674169e-09,1.395985578e-09,1.415323522e-09,1.434696407e-09,1.454017254e-09,1.473368819e-09,1.492648246e-09,1.512035494e-09,1.531330257e-09,1.550668506e-09,1.570022048e-09,1.589383931e-09,1.608771825e-09,1.628067534e-09,1.645944563e-09]","[1.013562619e-09,1.032184483e-09,1.050945991e-09,1.063556765e-09,1.076163443e-09,1.08895207e-09,1.101679487e-09,1.114424171e-09,1.127135229e-09,1.139896828e-09,1.15266724e-09,1.165413581e-09,1.17812476e-09,1.190880456e-09,1.20367641e-09,1.216389655e-09,1.229139974e-09,1.241939334e-09,1.25455631e-09,1.267358768e-09,1.280121901e-09,1.292757621e-09,1.305583818e-09,1.318224822e-09,1.330894228e-09,1.343651915e-09,1.356406806e-09,1.369059324e-09,1.381793421e-09,1.393324247e-09]",0.9,000000001111111100000000000000,000000111111110000000000000000,000000011111110000000000000000,000000011111110000000000000000,0,7,13,7,1,1,0,0,0,phi_m04,-4,medium_200mv_200ps,0.2,2e-10,8.548737400000001e-10,-1.4512626e-10,1,1,2
scenarios/021_glitch_medium_200mv_200ps_phi_m02_o0021_v1p100000000000,capture,1.1,4,0,2.7256313e-10,1.27256313e-09,"[1.086789053e-09,1.106060865e-09,1.12539261e-09,1.144708998e-09,1.163979458e-09,1.183328881e-09,1.202649892e-09,1.22198795e-09,1.241339235e-09,1.260685766e-09,1.27990772e-09,1.299313972e-09,1.318632612e-09,1.337961328e-09,1.357294529e-09,1.376517393e-09,1.395835242e-09,1.415156639e-09,1.434491728e-09,1.453822532e-09,1.473071985e-09,1.492535752e-09,1.511788833e-09,1.531182059e-09,1.550490048e-09,1.569771655e-09,1.589136867e-09,1.608450909e-09,1.62771956e-09,1.645764647e-09]","[1.013562619e-09,1.032184483e-09,1.050945991e-09,1.063556765e-09,1.076163443e-09,1.08895207e-09,1.101679487e-09,1.114424171e-09,1.127135229e-09,1.139896828e-09,1.15266724e-09,1.165413581e-09,1.17812476e-09,1.190880456e-09,1.20367641e-09,1.216389655e-09,1.229139974e-09,1.241939334e-09,1.254624124e-09,1.267373594e-09,1.280051098e-09,1.292807187e-09,1.305562847e-09,1.318361926e-09,1.331077679e-09,1.343822829e-09,1.356620147e-09,1.369340822e-09,1.382068812e-09,1.393458905e-09]",0.9,000000000011111111000000000000,000000001111111100000000000000,000000001111111100000000000000,000000001111111100000000000000,0,8,15,8,1,1,0,0,0,phi_m02,-2,medium_200mv_200ps,0.2,2e-10,8.548737400000001e-10,-1.4512626e-10,1,1,2
scenarios/022_glitch_medium_200mv_200ps_phi_p00_o0022_v1p100000000000,capture,1.1,4,0,3e-10,1.3e-09,"[1.086789053e-09,1.106060865e-09,1.12539261e-09,1.144708998e-09,1.163979458e-09,1.183328881e-09,1.202649892e-09,1.22198795e-09,1.241339235e-09,1.260685766e-09,1.280001811e-09,1.299322705e-09,1.318632195e-09,1.337988681e-09,1.35735338e-09,1.376611246e-09,1.395938359e-09,1.415265844e-09,1.434586711e-09,1.453849455e-09,1.473189983e-09,1.492512701e-09,1.511861826e-09,1.531204881e-09,1.550531025e-09,1.569907513e-09,1.589220708e-09,1.608603487e-09,1.627939078e-09,1.645925883e-09]","[1.013562619e-09,1.032184483e-09,1.050945991e-09,1.063556765e-09,1.076163443e-09,1.08895207e-09,1.101679487e-09,1.114424171e-09,1.127135229e-09,1.139896828e-09,1.15266724e-09,1.165413581e-09,1.17812476e-09,1.190880456e-09,1.20367641e-09,1.216389655e-09,1.229139974e-09,1.241939334e-09,1.254624124e-09,1.267373594e-09,1.280118894e-09,1.29283199e-09,1.305484384e-09,1.318289705e-09,1.33101945e-09,1.343804394e-09,1.356503586e-09,1.36924098e-09,1.382005683e-09,1.393478303e-09]",0.9,000000000001111111110000000000,000000000111111111000000000000,000000000011111111000000000000,000000000011111111000000000000,0,10,17,8,1,1,0,0,0,phi_p00,0,medium_200mv_200ps,0.2,2e-10,8.548737400000001e-10,-1.4512626e-10,1,1,1
scenarios/023_glitch_medium_200mv_200ps_phi_p02_o0023_v1p100000000000,capture,1.1,4,0,3.2743686999999997e-10,1.32743687e-09,"[1.086789053e-09,1.106060865e-09,1.12539261e-09,1.144708998e-09,1.163979458e-09,1.183328881e-09,1.202649892e-09,1.22198795e-09,1.241339235e-09,1.260685766e-09,1.280001811e-09,1.29936037e-09,1.318637524e-09,1.337998738e-09,1.357344222e-09,1.376675834e-09,1.396033679e-09,1.41536064e-09,1.43468127e-09,1.453937239e-09,1.473263687e-09,1.492594135e-09,1.511951822e-09,1.531119689e-09,1.550544424e-09,1.569798181e-09,1.58918608e-09,1.608493749e-09,1.627833112e-09,1.64586738e-09]","[1.013562619e-09,1.032184483e-09,1.050945991e-09,1.063556765e-09,1.076163443e-09,1.08895207e-09,1.101679487e-09,1.114424171e-09,1.127135229e-09,1.139896828e-09,1.15266724e-09,1.165413581e-09,1.17812476e-09,1.190880456e-09,1.20367641e-09,1.216389655e-09,1.229139974e-09,1.241939334e-09,1.254624124e-09,1.267373594e-09,1.280118894e-09,1.29283199e-09,1.305608018e-09,1.318307943e-09,1.330914723e-09,1.343726887e-09,1.356488637e-09,1.369216515e-09,1.381999302e-09,1.393470263e-09]",0.9,000000000000111111111100000000,000000000001111111110000000000,000000000001111111110000000000,000000000001111111110000000000,0,11,19,9,1,1,0,0,0,phi_p02,2,medium_200mv_200ps,0.2,2e-10,8.548737400000001e-10,-1.4512626e-10,1,1,2
scenarios/024_glitch_medium_200mv_200ps_phi_p04_o0024_v1p100000000000,capture,1.1,4,0,3.5487374e-10,1.35487374e-09,"[1.086789053e-09,1.106060865e-09,1.12539261e-09,1.144708998e-09,1.163979458e-09,1.183328881e-09,1.202649892e-09,1.22198795e-09,1.241339235e-09,1.260685766e-09,1.280001811e-09,1.29936037e-09,1.318637524e-09,1.338030433e-09,1.357317409e-09,1.376729085e-09,1.396023112e-09,1.415442184e-09,1.434767083e-09,1.454078759e-09,1.473447492e-09,1.492801599e-09,1.512102551e-09,1.53150307e-09,1.550745357e-09,1.570050008e-09,1.589378153e-09,1.608704995e-09,1.628059812e-09,1.646170787e-09]","[1.013562619e-09,1.032184483e-09,1.050945991e-09,1.063556765e-09,1.076163443e-09,1.08895207e-09,1.101679487e-09,1.114424171e-09,1.127135229e-09,1.139896828e-09,1.15266724e-09,1.165413581e-09,1.17812476e-09,1.190880456e-09,1.20367641e-09,1.216389655e-09,1.229139974e-09,1.241939334e-09,1.254624124e-09,1.267373594e-09,1.280118894e-09,1.29283199e-09,1.305608018e-09,1.318307943e-09,1.330967128e-09,1.343744702e-09,1.35637624e-09,1.369173138e-09,1.381921651e-09,1.393390706e-09]",0.9,000000000000001111111111000000,000000000000111111111100000000,000000000000111111111100000000,000000000000111111111100000000,0,12,21,10,1,1,0,0,0,phi_p04,4,medium_200mv_200ps,0.2,2e-10,8.548737400000001e-10,-1.4512626e-10,1,1,2
scenarios/025_glitch_medium_200mv_200ps_phi_m04_o0025_v1p100000000000,capture,1.1,4,0,2.4512626e-10,1.2451262600000001e-09,"[1.092180011e-09,1.111468635e-09,1.130764667e-09,1.150098101e-09,1.169408458e-09,1.188764936e-09,1.208135105e-09,1.227462822e-09,1.246720843e-09,1.266136905e-09,1.285464737e-09,1.304807223e-09,1.324128872e-09,1.343405699e-09,1.362707419e-09,1.38198948e-09,1.401319807e-09,1.4206981e-09,1.43999822e-09,1.459314685e-09,1.478664622e-09,1.497975607e-09,1.517303771e-09,1.536565443e-09,1.55586671e-09,1.57514551e-09,1.594536288e-09,1.613914481e-09,1.633228986e-09,1.65126763e-09]","[1.013553843e-09,1.032181573e-09,1.050943647e-09,1.068885014e-09,1.080570176e-09,1.09333672e-09,1.106051269e-09,1.118817999e-09,1.13153658e-09,1.144279734e-09,1.157047402e-09,1.169790836e-09,1.182524236e-09,1.195273275e-09,1.208060123e-09,1.220780961e-09,1.233523856e-09,1.246230696e-09,1.258997443e-09,1.271742739e-09,1.284535978e-09,1.297265318e-09,1.310005605e-09,1.322785588e-09,1.335523162e-09,1.348237907e-09,1.360872797e-09,1.373621007e-09,1.38636376e-09,1.397819583e-09]",0.9,000000001111111000000000000000,000000111111100000000000000000,000000111111100000000000000000,000000111111100000000000000000,0,6,12,7,1,1,0,0,0,phi_m04,-4,medium_200mv_200ps,0.2,2e-10,8.685921750000001e-10,-1.31407825e-10,1,1,4
scenarios/026_glitch_medium_200mv_200ps_phi_m02_o0026_v1p100000000000,capture,1.1,4,0,2.7256313e-10,1.27256313e-09,"[1.092180011e-09,1.111468635e-09,1.130764667e-09,1.150098101e-09,1.169408458e-09,1.188764936e-09,1.208135105e-09,1.227462822e-09,1.246806713e-09,1.266060951e-09,1.285399281e-09,1.304760505e-09,1.324110585e-09,1.343452335e-09,1.362793569e-09,1.382156459e-09,1.40146037e-09,1.420861337e-09,1.440209128e-09,1.45958593e-09,1.47878369e-09,1.498126531e-09,1.517460494e-09,1.536762307e-09,1.556043803e-09,1.575313512e-09,1.594630617e-09,1.61385029e-09,1.633212507e-09,1.651270718e-09]","[1.013553843e-09,1.032181573e-09,1.050943647e-09,1.068885014e-09,1.080570176e-09,1.09333672e-09,1.106051269e-09,1.118817999e-09,1.13153658e-09,1.144279734e-09,1.157047402e-09,1.169790836e-09,1.182524236e-09,1.195273275e-09,1.208060123e-09,1.220780961e-09,1.233523856e-09,1.246327798e-09,1.258957283e-09,1.271683523e-09,1.284413441e-09,1.29713162e-09,1.309920271e-09,1.322631228e-09,1.335392579e-09,1.348164271e-09,1.360878019e-09,1.37357716e-09,1.386357152e-09,1.397819097e-09]",0.9,000000000111111111000000000000,000000001111111000000000000000,000000001111111000000000000000,000000001111111000000000000000,0,8,14,7,1,1,0,0,0,phi_m02,-2,medium_200mv_200ps,0.2,2e-10,8.685921750000001e-10,-1.31407825e-10,1,1,3
scenarios/027_glitch_medium_200mv_200ps_phi_p00_o0027_v1p100000000000,capture,1.1,4,0,3e-10,1.3e-09,"[1.092180011e-09,1.111468635e-09,1.130764667e-09,1.150098101e-09,1.169408458e-09,1.188764936e-09,1.208135105e-09,1.227462822e-09,1.246806713e-09,1.266060951e-09,1.285412281e-09,1.304661114e-09,1.324062801e-09,1.343405952e-09,1.362746868e-09,1.382106627e-09,1.401411202e-09,1.420810278e-09,1.440156401e-09,1.459548931e-09,1.478772405e-09,1.498123356e-09,1.517411127e-09,1.536785473e-09,1.55608962e-09,1.575428784e-09,1.594778828e-09,1.614161956e-09,1.633394457e-09,1.651441384e-09]","[1.013553843e-09,1.032181573e-09,1.050943647e-09,1.068885014e-09,1.080570176e-09,1.09333672e-09,1.106051269e-09,1.118817999e-09,1.13153658e-09,1.144279734e-09,1.157047402e-09,1.169790836e-09,1.182524236e-09,1.195273275e-09,1.208060123e-09,1.220780961e-09,1.233523856e-09,1.246327798e-09,1.258957283e-09,1.271688566e-09,1.284456601e-09,1.297217358e-09,1.309904963e-09,1.322642925e-09,1.335402302e-09,1.348175205e-09,1.360888705e-09,1.373588734e-09,1.386366231e-09,1.397831202e-09]",0.9,000000000001111111110000000000,000000000111111110000000000000,000000000111111111000000000000,000000000111111111000000000000,0,9,17,9,1,1,0,0,0,phi_p00,0,medium_200mv_200ps,0.2,2e-10,8.685921750000001e-10,-1.31407825e-10,1,1,2
scenarios/028_glitch_medium_200mv_200ps_phi_p02_o0028_v1p100000000000,capture,1.1,4,0,3.2743686999999997e-10,1.32743687e-09,"[1.092180011e-09,1.111468635e-09,1.130764667e-09,1.150098101e-09,1.169408458e-09,1.188764936e-09,1.208135105e-09,1.227462822e-09,1.246806713e-09,1.266060951e-09,1.285412281e-09,1.304752921e-09,1.324056068e-09,1.343361446e-09,1.362714024e-09,1.382064701e-09,1.401391051e-09,1.420784575e-09,1.440037859e-09,1.459395866e-09,1.478777628e-09,1.498147636e-09,1.517457504e-09,1.536730812e-09,1.556111988e-09,1.575380317e-09,1.594706523e-09,1.614034623e-09,1.633375299e-09,1.651388385e-09]","[1.013553843e-09,1.032181573e-09,1.050943647e-09,1.068885014e-09,1.080570176e-09,1.09333672e-09,1.106051269e-09,1.118817999e-09,1.13153658e-09,1.144279734e-09,1.157047402e-09,1.169790836e-09,1.182524236e-09,1.195273275e-09,1.208060123e-09,1.220780961e-09,1.233523856e-09,1.246327798e-09,1.258957283e-09,1.271688566e-09,1.284456601e-09,1.297217358e-09,1.309927132e-09,1.322731588e-09,1.33540943e-09,1.348160435e-09,1.360933056e-09,1.373683966e-09,1.386406605e-09,1.397873923e-09]",0.9,000000000000111111111100000000,000000000011111111110000000000,000000000001111111110000000000,000000000001111111110000000000,0,11,19,9,1,1,0,0,0,phi_p02,2,medium_200mv_200ps,0.2,2e-10,8.685921750000001e-10,-1.31407825e-10,1,1,2
scenarios/029_glitch_medium_200mv_200ps_phi_p04_o0029_v1p100000000000,capture,1.1,4,0,3.5487374e-10,1.35487374e-09,"[1.092180011e-09,1.111468635e-09,1.130764667e-09,1.150098101e-09,1.169408458e-09,1.188764936e-09,1.208135105e-09,1.227462822e-09,1.246806713e-09,1.266060951e-09,1.285412281e-09,1.304752921e-09,1.324056068e-09,1.343392929e-09,1.362659686e-09,1.382001551e-09,1.401322367e-09,1.420703097e-09,1.440044843e-09,1.459422557e-09,1.478627547e-09,1.49797857e-09,1.517368068e-09,1.53666956e-09,1.555954993e-09,1.575410187e-09,1.594686772e-09,1.614091928e-09,1.633344077e-09,1.651442676e-09]","[1.013553843e-09,1.032181573e-09,1.050943647e-09,1.068885014e-09,1.080570176e-09,1.09333672e-09,1.106051269e-09,1.118817999e-09,1.13153658e-09,1.144279734e-09,1.157047402e-09,1.169790836e-09,1.182524236e-09,1.195273275e-09,1.208060123e-09,1.220780961e-09,1.233523856e-09,1.246327798e-09,1.258957283e-09,1.271688566e-09,1.284456601e-09,1.297217358e-09,1.309927132e-09,1.322731588e-09,1.335431154e-09,1.348139326e-09,1.360833992e-09,1.373623254e-09,1.386396863e-09,1.397894921e-09]",0.9,000000000000001111111111000000,000000000000111111111100000000,000000000000111111111100000000,000000000000111111111100000000,0,12,21,10,1,1,0,0,0,phi_p04,4,medium_200mv_200ps,0.2,2e-10,8.685921750000001e-10,-1.31407825e-10,1,1,2
scenarios/030_glitch_medium_200mv_200ps_phi_m04_o0030_v1p100000000000,capture,1.1,4,0,2.4512626e-10,1.2451262600000001e-09,"[1.097416091e-09,1.116627076e-09,1.135914479e-09,1.155230613e-09,1.174561559e-09,1.193878908e-09,1.213216986e-09,1.232538813e-09,1.251792429e-09,1.271140886e-09,1.290480221e-09,1.309832893e-09,1.329189661e-09,1.348454398e-09,1.367699247e-09,1.387049896e-09,1.40635932e-09,1.425702376e-09,1.444992792e-09,1.464368927e-09,1.483702956e-09,1.503106912e-09,1.522368263e-09,1.541705546e-09,1.561035629e-09,1.580363772e-09,1.599664636e-09,1.619026562e-09,1.638260832e-09,1.656332763e-09]","[1.013554855e-09,1.032184023e-09,1.050943511e-09,1.069578806e-09,1.085246391e-09,1.097584728e-09,1.110289749e-09,1.123051935e-09,1.135845575e-09,1.148560779e-09,1.161301425e-09,1.17410908e-09,1.186824883e-09,1.199569548e-09,1.212364666e-09,1.225088247e-09,1.237836124e-09,1.250469637e-09,1.26327064e-09,1.276001061e-09,1.288773565e-09,1.301522771e-09,1.314239808e-09,1.327011232e-09,1.339767506e-09,1.352480972e-09,1.365102289e-09,1.377852716e-09,1.390575723e-09,1.402043687e-09]",0.9,000000001111111000000000000000,000000111111100000000000000000,000000111111100000000000000000,000000111111100000000000000000,0,6,12,7,1,1,0,0,0,phi_m04,-4,medium_200mv_200ps,0.2,2e-10,8.823106100000001e-10,-1.1768939e-10,1,1,4
scenarios/031_glitch_medium_200mv_200ps_phi_m02_o0031_v1p100000000000,capture,1.1,4,0,2.7256313e-10,1.27256313e-09,"[1.097416091e-09,1.116627076e-09,1.135914479e-09,1.155230613e-09,1.174561559e-09,1.193878908e-09,1.213216986e-09,1.232538813e-09,1.251874341e-09,1.271172721e-09,1.290513765e-09,1.309857049e-09,1.329208166e-09,1.348546326e-09,1.367844885e-09,1.38712353e-09,1.406399582e-09,1.4256972e-09,1.445094405e-09,1.464404117e-09,1.483709016e-09,1.503108629e-09,1.522350934e-09,1.541704676e-09,1.560969795e-09,1.580318835e-09,1.599637948e-09,1.618813564e-09,1.638134573e-09,1.656128821e-09]","[1.013554855e-09,1.032184023e-09,1.050943511e-09,1.069578806e-09,1.085246391e-09,1.097584728e-09,1.110289749e-09,1.123051935e-09,1.135845575e-09,1.148560779e-09,1.161301425e-09,1.17410908e-09,1.186824883e-09,1.199569548e-09,1.212364666e-09,1.225088247e-09,1.237836124e-09,1.250610895e-09,1.26332644e-09,1.275989036e-09,1.28879023e-09,1.301534589e-09,1.314302773e-09,1.327039838e-09,1.339781758e-09,1.352544145e-09,1.365222085e-09,1.377999263e-09,1.390755299e-09,1.402143343e-09]",0.9,000000000111111110000000000000,000000011111111000000000000000,000000001111111000000000000000,000000001111111000000000000000,0,8,14,7,1,1,0,0,0,phi_m02,-2,medium_200mv_200ps,0.2,2e-10,8.823106100000001e-10,-1.1768939e-10,1,1,3
scenarios/032_glitch_medium_200mv_200ps_phi_p00_o0032_v1p100000000000,capture,1.1,4,0,3e-10,1.3e-09,"[1.097416091e-09,1.116627076e-09,1.135914479e-09,1.155230613e-09,1.174561559e-09,1.193878908e-09,1.213216986e-09,1.232538813e-09,1.251874341e-09,1.271180012e-09,1.290516373e-09,1.30984219e-09,1.329196499e-09,1.348534263e-09,1.367893213e-09,1.387137867e-09,1.406409604e-09,1.425719968e-09,1.445066464e-09,1.464389511e-09,1.483759742e-09,1.503067113e-09,1.522481149e-09,1.541799683e-09,1.561152199e-09,1.580445833e-09,1.599777062e-09,1.619155112e-09,1.638436554e-09,1.656447422e-09]","[1.013554855e-09,1.032184023e-09,1.050943511e-09,1.069578806e-09,1.085246391e-09,1.097584728e-09,1.110289749e-09,1.123051935e-09,1.135845575e-09,1.148560779e-09,1.161301425e-09,1.17410908e-09,1.186824883e-09,1.199569548e-09,1.212364666e-09,1.225088247e-09,1.237836124e-09,1.250610895e-09,1.26332644e-09,1.276050673e-09,1.28879895e-09,1.301476651e-09,1.314301671e-09,1.327039358e-09,1.339773256e-09,1.352543882e-09,1.365288687e-09,1.378040789e-09,1.390737699e-09,1.402086917e-09]",0.9,000000000011111111100000000000,000000000111111110000000000000,000000000111111110000000000000,000000000111111110000000000000,0,9,16,8,1,1,0,0,0,phi_p00,0,medium_200mv_200ps,0.2,2e-10,8.823106100000001e-10,-1.1768939e-10,1,1,3
scenarios/033_glitch_medium_200mv_200ps_phi_p02_o0033_v1p100000000000,capture,1.1,4,0,3.2743686999999997e-10,1.32743687e-09,"[1.097416091e-09,1.116627076e-09,1.135914479e-09,1.155230613e-09,1.174561559e-09,1.193878908e-09,1.213216986e-09,1.232538813e-09,1.251874341e-09,1.271180012e-09,1.290516373e-09,1.309851196e-09,1.329147927e-09,1.34853851e-09,1.367898239e-09,1.387240095e-09,1.406540825e-09,1.425873544e-09,1.445155829e-09,1.464485838e-09,1.483860831e-09,1.50324785e-09,1.522554423e-09,1.541902607e-09,1.561206867e-09,1.580544762e-09,1.599907827e-09,1.619254282e-09,1.638544319e-09,1.656473681e-09]","[1.013554855e-09,1.032184023e-09,1.050943511e-09,1.069578806e-09,1.085246391e-09,1.097584728e-09,1.110289749e-09,1.123051935e-09,1.135845575e-09,1.148560779e-09,1.161301425e-09,1.17410908e-09,1.186824883e-09,1.199569548e-09,1.212364666e-09,1.225088247e-09,1.237836124e-09,1.250610895e-09,1.26332644e-09,1.276050673e-09,1.28879895e-09,1.301560678e-09,1.314325264e-09,1.326961344e-09,1.339715569e-09,1.352461527e-09,1.365173639e-09,1.377933433e-09,1.390684202e-09,1.402091493e-09]",0.9,000000000000111111111000000000,000000000011111111100000000000,000000000011111111100000000000,000000000011111111100000000000,0,10,18,9,1,1,0,0,0,phi_p02,2,medium_200mv_200ps,0.2,2e-10,8.823106100000001e-10,-1.1768939e-10,1,1,4
scenarios/034_glitch_medium_200mv_200ps_phi_p04_o0034_v1p100000000000,capture,1.1,4,0,3.5487374e-10,1.35487374e-09,"[1.097416091e-09,1.116627076e-09,1.135914479e-09,1.155230613e-09,1.174561559e-09,1.193878908e-09,1.213216986e-09,1.232538813e-09,1.251874341e-09,1.271180012e-09,1.290516373e-09,1.309851196e-09,1.329206316e-09,1.348523719e-09,1.36788241e-09,1.387216251e-09,1.406537413e-09,1.425925056e-09,1.445252844e-09,1.464507081e-09,1.483810775e-09,1.503165435e-09,1.522460577e-09,1.541813247e-09,1.561146135e-09,1.58049164e-09,1.599826886e-09,1.619131247e-09,1.638399567e-09,1.656357039e-09]","[1.013554855e-09,1.032184023e-09,1.050943511e-09,1.069578806e-09,1.085246391e-09,1.097584728e-09,1.110289749e-09,1.123051935e-09,1.135845575e-09,1.148560779e-09,1.161301425e-09,1.17410908e-09,1.186824883e-09,1.199569548e-09,1.212364666e-09,1.225088247e-09,1.237836124e-09,1.250610895e-09,1.26332644e-09,1.276050673e-09,1.28879895e-09,1.301560678e-09,1.314325264e-09,1.327002186e-09,1.339654233e-09,1.352384826e-09,1.365117802e-09,1.377881684e-09,1.390608575e-09,1.402073162e-09]",0.9,000000000000011111111111000000,000000000000111111111000000000,000000000000111111111100000000,000000000000111111111100000000,0,12,21,10,1,1,0,0,0,phi_p04,4,medium_200mv_200ps,0.2,2e-10,8.823106100000001e-10,-1.1768939e-10,1,1,2
scenarios/035_glitch_medium_200mv_200ps_phi_m04_o0035_v1p100000000000,capture,1.1,4,0,2.4512626e-10,1.2451262600000001e-09,"[1.102720895e-09,1.12155307e-09,1.140858575e-09,1.160167733e-09,1.179509293e-09,1.198869245e-09,1.218222253e-09,1.237559852e-09,1.256909423e-09,1.27624687e-09,1.295605652e-09,1.314948467e-09,1.334303282e-09,1.353596137e-09,1.372883713e-09,1.392185622e-09,1.411450912e-09,1.430877375e-09,1.45005307e-09,1.469424656e-09,1.488660811e-09,1.50800717e-09,1.527347396e-09,1.546687883e-09,1.566068988e-09,1.585361142e-09,1.604649626e-09,1.62387642e-09,1.643228963e-09,1.661279031e-09]","[1.013557013e-09,1.032180436e-09,1.05094599e-09,1.06958441e-09,1.088119901e-09,1.101992721e-09,1.114532217e-09,1.127291883e-09,1.140050417e-09,1.152778005e-09,1.16555133e-09,1.178293848e-09,1.191029372e-09,1.203806263e-09,1.216532704e-09,1.229261481e-09,1.242048285e-09,1.254705134e-09,1.267445666e-09,1.280226786e-09,1.292966653e-09,1.305713167e-09,1.318424142e-09,1.331200322e-09,1.343952568e-09,1.356662885e-09,1.369345019e-09,1.382173931e-09,1.39488067e-09,1.406325558e-09]",0.9,000000011111111000000000000000,000000111111100000000000000000,000000111111100000000000000000,000000111111100000000000000000,0,6,12,7,1,1,0,0,0,phi_m04,-4,medium_200mv_200ps,0.2,2e-10,8.96029045e-10,-1.03970955e-10,1,1,4
scenarios/036_glitch_medium_200mv_200ps_phi_m02_o0036_v1p100000000000,capture,1.1,4,0,2.7256313e-10,1.27256313e-09,"[1.102720895e-09,1.12155307e-09,1.140858575e-09,1.160167733e-09,1.179509293e-09,1.198869245e-09,1.218222253e-09,1.237559852e-09,1.256909211e-09,1.276157003e-09,1.295533579e-09,1.314876213e-09,1.334214734e-09,1.353551191e-09,1.372855403e-09,1.392139291e-09,1.411436509e-09,1.43082108e-09,1.450045938e-09,1.469366149e-09,1.488701262e-09,1.508030642e-09,1.527336546e-09,1.546667284e-09,1.566040284e-09,1.585423418e-09,1.604737769e-09,1.623910512e-09,1.643206986e-09,1.661216104e-09]","[1.013557013e-09,1.032180436e-09,1.05094599e-09,1.06958441e-09,1.088119901e-09,1.101992721e-09,1.114532217e-09,1.127291883e-09,1.140050417e-09,1.152778005e-09,1.16555133e-09,1.178293848e-09,1.191029372e-09,1.203806263e-09,1.216532704e-09,1.229261481e-09,1.242048285e-09,1.254783918e-09,1.267490873e-09,1.280176139e-09,1.29292585e-09,1.305685687e-09,1.31844098e-09,1.331161401e-09,1.343891343e-09,1.356655617e-09,1.36932193e-09,1.382131386e-09,1.394822246e-09,1.406269554e-09]",0.9,000000000111111110000000000000,000000011111111000000000000000,000000011111111000000000000000,000000011111111000000000000000,0,7,14,8,1,1,0,0,0,phi_m02,-2,medium_200mv_200ps,0.2,2e-10,8.96029045e-10,-1.03970955e-10,1,1,4
scenarios/037_glitch_medium_200mv_200ps_phi_p00_o0037_v1p100000000000,capture,1.1,4,0,3e-10,1.3e-09,"[1.102720895e-09,1.12155307e-09,1.140858575e-09,1.160167733e-09,1.179509293e-09,1.198869245e-09,1.218222253e-09,1.237559852e-09,1.256909211e-09,1.276204003e-09,1.295559713e-09,1.314871389e-09,1.334235249e-09,1.353589669e-09,1.372937778e-09,1.392208903e-09,1.4114769e-09,1.43075652e-09,1.450122246e-09,1.469489306e-09,1.488844533e-09,1.508090412e-09,1.527430396e-09,1.546765034e-09,1.566074455e-09,1.585420955e-09,1.604704964e-09,1.624091678e-09,1.643418964e-09,1.661356618e-09]","[1.013557013e-09,1.032180436e-09,1.05094599e-09,1.06958441e-09,1.088119901e-09,1.101992721e-09,1.114532217e-09,1.127291883e-09,1.140050417e-09,1.152778005e-09,1.16555133e-09,1.178293848e-09,1.191029372e-09,1.203806263e-09,1.216532704e-09,1.229261481e-09,1.242048285e-09,1.254783918e-09,1.267490873e-09,1.280239557e-09,1.292941461e-09,1.305589992e-09,1.318396958e-09,1.3311427e-09,1.343893627e-09,1.356621867e-09,1.369344019e-09,1.382103432e-09,1.394817908e-09,1.406220612e-09]",0.9,000000000011111111100000000000,000000001111111110000000000000,000000000111111110000000000000,000000000111111110000000000000,0,9,16,8,1,1,0,0,0,phi_p00,0,medium_200mv_200ps,0.2,2e-10,8.96029045e-10,-1.03970955e-10,1,1,3
scenarios/038_glitch_medium_200mv_200ps_phi_p02_o0038_v1p100000000000,capture,1.1,4,0,3.2743686999999997e-10,1.32743687e-09,"[1.102720895e-09,1.12155307e-09,1.140858575e-09,1.160167733e-09,1.179509293e-09,1.198869245e-09,1.218222253e-09,1.237559852e-09,1.256909211e-09,1.276204003e-09,1.295559713e-09,1.3148968e-09,1.334166284e-09,1.353503666e-09,1.372895354e-09,1.392251974e-09,1.41156678e-09,1.430970696e-09,1.450223256e-09,1.469573105e-09,1.48895642e-09,1.508230791e-09,1.527527767e-09,1.546964222e-09,1.566226905e-09,1.585628206e-09,1.60494306e-09,1.624264852e-09,1.643643726e-09,1.661650642e-09]","[1.013557013e-09,1.032180436e-09,1.05094599e-09,1.06958441e-09,1.088119901e-09,1.101992721e-09,1.114532217e-09,1.127291883e-09,1.140050417e-09,1.152778005e-09,1.16555133e-09,1.178293848e-09,1.191029372e-09,1.203806263e-09,1.216532704e-09,1.229261481e-09,1.242048285e-09,1.254783918e-09,1.267490873e-09,1.280239557e-09,1.292941461e-09,1.305691866e-09,1.318445352e-09,1.331039925e-09,1.343839261e-09,1.356603617e-09,1.369341818e-09,1.382075875e-09,1.394827638e-09,1.406286169e-09]",0.9,000000000000111111111000000000,000000000011111111100000000000,000000000011111111100000000000,000000000011111111100000000000,0,10,18,9,1,1,0,0,0,phi_p02,2,medium_200mv_200ps,0.2,2e-10,8.96029045e-10,-1.03970955e-10,1,1,4
scenarios/039_glitch_medium_200mv_200ps_phi_p04_o0039_v1p100000000000,capture,1.1,4,0,3.5487374e-10,1.35487374e-09,"[1.102720895e-09,1.12155307e-09,1.140858575e-09,1.160167733e-09,1.179509293e-09,1.198869245e-09,1.218222253e-09,1.237559852e-09,1.256909211e-09,1.276204003e-09,1.295559713e-09,1.3148968e-09,1.334230944e-09,1.353601042e-09,1.372939913e-09,1.392289826e-09,1.411601418e-09,1.430937389e-09,1.450215901e-09,1.469565086e-09,1.488892579e-09,1.508302741e-09,1.527501423e-09,1.54684446e-09,1.56617963e-09,1.58550636e-09,1.604830727e-09,1.624066789e-09,1.643431497e-09,1.661457543e-09]","[1.013557013e-09,1.032180436e-09,1.05094599e-09,1.06958441e-09,1.088119901e-09,1.101992721e-09,1.114532217e-09,1.127291883e-09,1.140050417e-09,1.152778005e-09,1.16555133e-09,1.178293848e-09,1.191029372e-09,1.203806263e-09,1.216532704e-09,1.229261481e-09,1.242048285e-09,1.254783918e-09,1.267490873e-09,1.280239557e-09,1.292941461e-09,1.305691866e-09,1.318445352e-09,1.331137639e-09,1.343799156e-09,1.356502769e-09,1.369261251e-09,1.382047123e-09,1.394791101e-09,1.406297246e-09]",0.9,000000000000011111111110000000,000000000001111111111000000000,000000000000111111111000000000,000000000000111111111000000000,0,12,20,9,1,1,0,0,0,phi_p04,4,medium_200mv_200ps,0.2,2e-10,8.96029045e-10,-1.03970955e-10,1,1,3
scenarios/040_glitch_medium_200mv_200ps_phi_m04_o0040_v1p100000000000,capture,1.1,4,0,2.4512626e-10,1.2451262600000001e-09,"[1.109563403e-09,1.127076123e-09,1.146360817e-09,1.165688939e-09,1.185034578e-09,1.204369085e-09,1.223721765e-09,1.243064514e-09,1.262383774e-09,1.281724582e-09,1.301075159e-09,1.320431533e-09,1.339773155e-09,1.359077658e-09,1.378400005e-09,1.397687478e-09,1.416997263e-09,1.436344219e-09,1.455706517e-09,1.475074267e-09,1.49440837e-09,1.513765559e-09,1.533104542e-09,1.552490708e-09,1.571840896e-09,1.591247892e-09,1.610476567e-09,1.629842724e-09,1.649183742e-09,1.667265894e-09]","[1.013555004e-09,1.032182755e-09,1.050944863e-09,1.069581394e-09,1.088120844e-09,1.106765698e-09,1.119079273e-09,1.131741701e-09,1.144491872e-09,1.157240776e-09,1.169997118e-09,1.182741715e-09,1.195493984e-09,1.208228353e-09,1.220987097e-09,1.233744164e-09,1.246401095e-09,1.259199067e-09,1.271967417e-09,1.28468539e-09,1.297433932e-09,1.310187897e-09,1.322939503e-09,1.33566509e-09,1.348407132e-09,1.361133437e-09,1.373824301e-09,1.386623625e-09,1.399319653e-09,1.410785709e-09]",0.9,000000011111110000000000000000,000001111111000000000000000000,000000111111000000000000000000,000000111111000000000000000000,0,6,11,6,1,1,0,0,0,phi_m04,-4,medium_200mv_200ps,0.2,2e-10,9.0974748e-10,-9.025252e-11,1,1,5
scenarios/041_glitch_medium_200mv_200ps_phi_m02_o0041_v1p100000000000,capture,1.1,4,0,2.7256313e-10,1.27256313e-09,"[1.109563403e-09,1.127076123e-09,1.146360817e-09,1.165688939e-09,1.185034578e-09,1.204369085e-09,1.223721765e-09,1.243064514e-09,1.262415599e-09,1.281691073e-09,1.301047337e-09,1.320397802e-09,1.339709123e-09,1.359062171e-09,1.378375929e-09,1.397689342e-09,1.417038356e-09,1.436375266e-09,1.455744241e-09,1.475053481e-09,1.494472909e-09,1.513810774e-09,1.533157623e-09,1.552539409e-09,1.571877843e-09,1.591282711e-09,1.610507569e-09,1.629872344e-09,1.649226268e-09,1.667283964e-09]","[1.013555004e-09,1.032182755e-09,1.050944863e-09,1.069581394e-09,1.088120844e-09,1.106765698e-09,1.119079273e-09,1.131741701e-09,1.144491872e-09,1.157240776e-09,1.169997118e-09,1.182741715e-09,1.195493984e-09,1.208228353e-09,1.220987097e-09,1.233744164e-09,1.246462507e-09,1.259217142e-09,1.271855418e-09,1.284611927e-09,1.297339172e-09,1.310070291e-09,1.322831436e-09,1.335569908e-09,1.34832147e-09,1.361073251e-09,1.37379383e-09,1.386517935e-09,1.399180681e-09,1.410676857e-09]",0.9,000000001111111110000000000000,000000011111110000000000000000,000000011111110000000000000000,000000011111110000000000000000,0,7,13,7,1,1,0,0,0,phi_m02,-2,medium_200mv_200ps,0.2,2e-10,9.0974748e-10,-9.025252e-11,1,1,5
scenarios/042_glitch_medium_200mv_200ps_phi_p00_o0042_v1p100000000000,capture,1.1,4,0,3e-10,1.3e-09,"[1.109563403e-09,1.127076123e-09,1.146360817e-09,1.165688939e-09,1.185034578e-09,1.204369085e-09,1.223721765e-09,1.243064514e-09,1.262415599e-09,1.281712653e-09,1.301034949e-09,1.320393755e-09,1.339735245e-09,1.359086252e-09,1.378433983e-09,1.397744101e-09,1.41709668e-09,1.436447798e-09,1.455767938e-09,1.475116108e-09,1.494434261e-09,1.513748456e-09,1.533151617e-09,1.552479269e-09,1.571761929e-09,1.5909671e-09,1.610226889e-09,1.629662498e-09,1.64895475e-09,1.667034438e-09]","[1.013555004e-09,1.032182755e-09,1.050944863e-09,1.069581394e-09,1.088120844e-09,1.106765698e-09,1.119079273e-09,1.131741701e-09,1.144491872e-09,1.157240776e-09,1.169997118e-09,1.182741715e-09,1.195493984e-09,1.208228353e-09,1.220987097e-09,1.233744164e-09,1.246462507e-09,1.259217142e-09,1.271872099e-09,1.284608855e-09,1.297351686e-09,1.310029567e-09,1.32275998e-09,1.335505605e-09,1.348271746e-09,1.361026982e-09,1.373746686e-09,1.386496814e-09,1.399156306e-09,1.410679963e-09]",0.9,000000000011111111100000000000,000000001111111100000000000000,000000001111111110000000000000,000000001111111110000000000000,0,8,16,9,1,1,0,0,0,phi_p00,0,medium_200mv_200ps,0.2,2e-10,9.0974748e-10,-9.025252e-11,1,1,4
scenarios/043_glitch_medium_200mv_200ps_phi_p02_o0043_v1p100000000000,capture,1.1,4,0,3.2743686999999997e-10,1.32743687e-09,"[1.109563403e-09,1.127076123e-09,1.146360817e-09,1.165688939e-09,1.185034578e-09,1.204369085e-09,1.223721765e-09,1.243064514e-09,1.262415599e-09,1.281712653e-09,1.301068357e-09,1.320407916e-09,1.339782141e-09,1.359143813e-09,1.378441226e-09,1.397736278e-09,1.417038683e-09,1.436368327e-09,1.455695329e-09,1.4750577e-09,1.494366016e-09,1.513690806e-09,1.532961763e-09,1.552323642e-09,1.571604868e-09,1.590897746e-09,1.610161229e-09,1.629407277e-09,1.648789215e-09,1.666862282e-09]","[1.013555004e-09,1.032182755e-09,1.050944863e-09,1.069581394e-09,1.088120844e-09,1.106765698e-09,1.119079273e-09,1.131741701e-09,1.144491872e-09,1.157240776e-09,1.169997118e-09,1.182741715e-09,1.195493984e-09,1.208228353e-09,1.220987097e-09,1.233744164e-09,1.246462507e-09,1.259217142e-09,1.271872099e-09,1.284608855e-09,1.297351686e-09,1.310093952e-09,1.322810699e-09,1.335518293e-09,1.348286614e-09,1.361046059e-09,1.373722686e-09,1.386509107e-09,1.399205992e-09,1.410671067e-09]",0.9,000000000001111111111000000000,000000000011111111100000000000,000000000011111111100000000000,000000000011111111100000000000,0,10,18,9,1,1,0,0,0,phi_p02,2,medium_200mv_200ps,0.2,2e-10,9.0974748e-10,-9.025252e-11,1,1,4
scenarios/044_glitch_medium_200mv_200ps_phi_p04_o0044_v1p100000000000,capture,1.1,4,0,3.5487374e-10,1.35487374e-09,"[1.109563403e-09,1.127076123e-09,1.146360817e-09,1.165688939e-09,1.185034578e-09,1.204369085e-09,1.223721765e-09,1.243064514e-09,1.262415599e-09,1.281712653e-09,1.301068357e-09,1.320407916e-09,1.339754279e-09,1.359060354e-09,1.378444101e-09,1.397759344e-09,1.417118522e-09,1.436458803e-09,1.455644626e-09,1.475000475e-09,1.494361378e-09,1.513747905e-09,1.533024599e-09,1.552234777e-09,1.571589684e-09,1.590986152e-09,1.610317882e-09,1.629657935e-09,1.648998798e-09,1.66710097e-09]","[1.013555004e-09,1.032182755e-09,1.050944863e-09,1.069581394e-09,1.088120844e-09,1.106765698e-09,1.119079273e-09,1.131741701e-09,1.144491872e-09,1.157240776e-09,1.169997118e-09,1.182741715e-09,1.195493984e-09,1.208228353e-09,1.220987097e-09,1.233744164e-09,1.246462507e-09,1.259217142e-09,1.271872099e-09,1.284608855e-09,1.297351686e-09,1.310093952e-09,1.322810699e-09,1.335557135e-09,1.34828065e-09,1.360957154e-09,1.373748305e-09,1.386532559e-09,1.39926754e-09,1.410759104e-09]",0.9,000000000000011111111110000000,000000000001111111111000000000,000000000001111111111000000000,000000000001111111111000000000,0,11,20,10,1,1,0,0,0,phi_p04,4,medium_200mv_200ps,0.2,2e-10,9.0974748e-10,-9.025252e-11,1,1,4
scenarios/045_glitch_medium_200mv_200ps_phi_m04_o0045_v1p100000000000,capture,1.1,4,0,2.4512626e-10,1.2451262600000001e-09,"[1.109681182e-09,1.132632327e-09,1.151722933e-09,1.17105085e-09,1.190386395e-09,1.209735693e-09,1.229057582e-09,1.248327471e-09,1.267701566e-09,1.287038761e-09,1.306364234e-09,1.325703014e-09,1.345045055e-09,1.364361312e-09,1.383745265e-09,1.403081211e-09,1.42242607e-09,1.441760425e-09,1.461112938e-09,1.480477952e-09,1.499821161e-09,1.519176121e-09,1.53856074e-09,1.557915251e-09,1.577146704e-09,1.596472655e-09,1.615836104e-09,1.635205786e-09,1.654522396e-09,1.672573321e-09]","[1.013554371e-09,1.032183573e-09,1.050943048e-09,1.069578344e-09,1.088121068e-09,1.1067667e-09,1.124103334e-09,1.136125783e-09,1.148830723e-09,1.161571792e-09,1.174312599e-09,1.187021959e-09,1.199782693e-09,1.212539166e-09,1.225264083e-09,1.238007794e-09,1.250637053e-09,1.263428545e-09,1.276210682e-09,1.288945479e-09,1.30166048e-09,1.314421158e-09,1.32720715e-09,1.339920089e-09,1.352670667e-09,1.365379957e-09,1.37812891e-09,1.390918519e-09,1.403540293e-09,1.415043007e-09]",0.9,000000011111110000000000000000,000001111111000000000000000000,000001111111000000000000000000,000001111111000000000000000000,0,5,11,7,1,1,0,0,0,phi_m04,-4,medium_200mv_200ps,0.2,2e-10,9.23465915e-10,-7.653408500000002e-11,1,1,6
scenarios/046_glitch_medium_200mv_200ps_phi_m02_o0046_v1p100000000000,capture,1.1,4,0,2.7256313e-10,1.27256313e-09,"[1.109681182e-09,1.132632327e-09,1.151722933e-09,1.17105085e-09,1.190386395e-09,1.209735693e-09,1.229057582e-09,1.248397418e-09,1.267719835e-09,1.287046033e-09,1.306375057e-09,1.325694792e-09,1.345028382e-09,1.364363508e-09,1.383714293e-09,1.403066386e-09,1.422419868e-09,1.441796325e-09,1.461106187e-09,1.480414581e-09,1.499737459e-09,1.519088733e-09,1.538412203e-09,1.557773987e-09,1.577088139e-09,1.596369821e-09,1.615703811e-09,1.634983534e-09,1.654367307e-09,1.672457899e-09]","[1.013554371e-09,1.032183573e-09,1.050943048e-09,1.069578344e-09,1.088121068e-09,1.1067667e-09,1.124103334e-09,1.136125783e-09,1.148830723e-09,1.161571792e-09,1.174312599e-09,1.187021959e-09,1.199782693e-09,1.212539166e-09,1.225264083e-09,1.238007794e-09,1.250718746e-09,1.263478265e-09,1.276113752e-09,1.288911754e-09,1.30164365e-09,1.314420888e-09,1.327183519e-09,1.33989605e-09,1.352649645e-09,1.36536876e-09,1.378119398e-09,1.39088048e-09,1.403584054e-09,1.415070569e-09]",0.9,000000001111111100000000000000,000000111111110000000000000000,000000011111110000000000000000,000000011111110000000000000000,0,7,13,7,1,1,0,0,0,phi_m02,-2,medium_200mv_200ps,0.2,2e-10,9.23465915e-10,-7.653408500000002e-11,1,1,5
scenarios/047_glitch_medium_200mv_200ps_phi_p00_o0047_v1p100000000000,capture,1.1,4,0,3e-10,1.3e-09,"[1.109681182e-09,1.132632327e-09,1.151722933e-09,1.17105085e-09,1.190386395e-09,1.209735693e-09,1.229057582e-09,1.248397418e-09,1.267719835e-09,1.28709853e-09,1.306325507e-09,1.325701423e-09,1.345010792e-09,1.364329447e-09,1.383672979e-09,1.402988333e-09,1.422331026e-09,1.441734984e-09,1.461039459e-09,1.480353314e-09,1.499577801e-09,1.518875258e-09,1.538256652e-09,1.557618615e-09,1.576945946e-09,1.596227006e-09,1.615496685e-09,1.634846067e-09,1.654139937e-09,1.672235062e-09]","[1.013554371e-09,1.032183573e-09,1.050943048e-09,1.069578344e-09,1.088121068e-09,1.1067667e-09,1.124103334e-09,1.136125783e-09,1.148830723e-09,1.161571792e-09,1.174312599e-09,1.187021959e-09,1.199782693e-09,1.212539166e-09,1.225264083e-09,1.238007794e-09,1.250718746e-09,1.263478265e-09,1.276192555e-09,1.288959847e-09,1.30158411e-09,1.314423702e-09,1.327151409e-09,1.339872434e-09,1.352636782e-09,1.365427158e-09,1.378140178e-09,1.390892234e-09,1.403614475e-09,1.415110802e-09]",0.9,000000000011111111000000000000,000000001111111100000000000000,000000001111111100000000000000,000000001111111100000000000000,0,8,15,8,1,1,0,0,0,phi_p00,0,medium_200mv_200ps,0.2,2e-10,9.23465915e-10,-7.653408500000002e-11,1,1,5
scenarios/048_glitch_medium_200mv_200ps_phi_p02_o0048_v1p100000000000,capture,1.1,4,0,3.2743686999999997e-10,1.32743687e-09,"[1.109681182e-09,1.132632327e-09,1.151722933e-09,1.17105085e-09,1.190386395e-09,1.209735693e-09,1.229057582e-09,1.248397418e-09,1.267719835e-09,1.28709853e-09,1.306373761e-09,1.325708712e-09,1.345053358e-09,1.364366896e-09,1.383726974e-09,1.403049844e-09,1.422438333e-09,1.441759941e-09,1.461130678e-09,1.480511969e-09,1.499852722e-09,1.519072004e-09,1.538358815e-09,1.557761577e-09,1.576999885e-09,1.596373606e-09,1.615724408e-09,1.635022324e-09,1.654391299e-09,1.672479954e-09]","[1.013554371e-09,1.032183573e-09,1.050943048e-09,1.069578344e-09,1.088121068e-09,1.1067667e-09,1.124103334e-09,1.136125783e-09,1.148830723e-09,1.161571792e-09,1.174312599e-09,1.187021959e-09,1.199782693e-09,1.212539166e-09,1.225264083e-09,1.238007794e-09,1.250718746e-09,1.263478265e-09,1.276192555e-09,1.288959847e-09,1.301622514e-09,1.314401012e-09,1.327111097e-09,1.339858973e-09,1.352607009e-09,1.365394286e-09,1.378101012e-09,1.390852109e-09,1.40356225e-09,1.415094353e-09]",0.9,000000000001111111110000000000,000000000111111111000000000000,000000000011111111000000000000,000000000011111111000000000000,0,10,17,8,1,1,0,0,0,phi_p02,2,medium_200mv_200ps,0.2,2e-10,9.23465915e-10,-7.653408500000002e-11,1,1,5
scenarios/049_glitch_medium_200mv_200ps_phi_p04_o0049_v1p100000000000,capture,1.1,4,0,3.5487374e-10,1.35487374e-09,"[1.109681182e-09,1.132632327e-09,1.151722933e-09,1.17105085e-09,1.190386395e-09,1.209735693e-09,1.229057582e-09,1.248397418e-09,1.267719835e-09,1.28709853e-09,1.306373761e-09,1.325708712e-09,1.344995773e-09,1.364300547e-09,1.383682005e-09,1.402996911e-09,1.422334183e-09,1.441678055e-09,1.460980133e-09,1.480155559e-09,1.499475719e-09,1.51870353e-09,1.538052643e-09,1.557290718e-09,1.576725092e-09,1.596023183e-09,1.615385925e-09,1.634734263e-09,1.653863099e-09,1.671883372e-09]","[1.013554371e-09,1.032183573e-09,1.050943048e-09,1.069578344e-09,1.088121068e-09,1.1067667e-09,1.124103334e-09,1.136125783e-09,1.148830723e-09,1.161571792e-09,1.174312599e-09,1.187021959e-09,1.199782693e-09,1.212539166e-09,1.225264083e-09,1.238007794e-09,1.250718746e-09,1.263478265e-09,1.276192555e-09,1.288959847e-09,1.301622514e-09,1.314401012e-09,1.327173634e-09,1.339868675e-09,1.352665624e-09,1.365361452e-09,1.378084906e-09,1.390852641e-09,1.403641688e-09,1.415107843e-09]",0.9,000000000000111111111110000000,000000000001111111110000000000,000000000001111111111000000000,000000000001111111111000000000,0,11,20,10,1,1,0,0,0,phi_p04,4,medium_200mv_200ps,0.2,2e-10,9.23465915e-10,-7.653408500000002e-11,1,1,4
scenarios/050_glitch_medium_200mv_200ps_phi_m04_o0050_v1p100000000000,capture,1.1,4,0,2.4512626e-10,1.2451262600000001e-09,"[1.109679906e-09,1.13842286e-09,1.157051658e-09,1.17638009e-09,1.195703269e-09,1.214992345e-09,1.234317039e-09,1.253621631e-09,1.272943754e-09,1.292282935e-09,1.311622067e-09,1.330994774e-09,1.350327138e-09,1.369616705e-09,1.388895245e-09,1.408219539e-09,1.427531805e-09,1.446755877e-09,1.466219268e-09,1.485472475e-09,1.504792831e-09,1.524179987e-09,1.543533279e-09,1.562823507e-09,1.582141559e-09,1.601492588e-09,1.620779008e-09,1.640090611e-09,1.65937069e-09,1.677395744e-09]","[1.01355508e-09,1.032184011e-09,1.050943963e-09,1.069579467e-09,1.088121625e-09,1.106767069e-09,1.125337276e-09,1.140648767e-09,1.152976217e-09,1.165718927e-09,1.178503713e-09,1.191234596e-09,1.203985021e-09,1.216721942e-09,1.229434514e-09,1.242202909e-09,1.254896058e-09,1.267638481e-09,1.280390991e-09,1.293186414e-09,1.305891813e-09,1.318642861e-09,1.331429581e-09,1.344145587e-09,1.35688898e-09,1.369578032e-09,1.382319288e-09,1.395072902e-09,1.407789343e-09,1.41926151e-09]",0.9,000000111111110000000000000000,000001111110000000000000000000,000001111111000000000000000000,000001111111000000000000000000,0,5,11,7,1,1,0,0,0,phi_m04,-4,medium_200mv_200ps,0.2,2e-10,9.3718435e-10,-6.281565e-11,1,1,6
scenarios/051_glitch_medium_200mv_200ps_phi_m02_o0051_v1p100000000000,capture,1.1,4,0,2.7256313e-10,1.27256313e-09,"[1.109679906e-09,1.13842286e-09,1.157051658e-09,1.17638009e-09,1.195703269e-09,1.214992345e-09,1.234317039e-09,1.253648453e-09,1.272985632e-09,1.292352062e-09,1.311676846e-09,1.33105453e-09,1.350374917e-09,1.36966491e-09,1.388945572e-09,1.408267059e-09,1.427580592e-09,1.446889404e-09,1.466201992e-09,1.485611098e-09,1.504891712e-09,1.524203169e-09,1.543533603e-09,1.562780939e-09,1.582124743e-09,1.601446665e-09,1.620617817e-09,1.639968265e-09,1.659318248e-09,1.677333209e-09]","[1.01355508e-09,1.032184011e-09,1.050943963e-09,1.069579467e-09,1.088121625e-09,1.106767069e-09,1.125337276e-09,1.140648767e-09,1.152976217e-09,1.165718927e-09,1.178503713e-09,1.191234596e-09,1.203985021e-09,1.216721942e-09,1.229434514e-09,1.242202909e-09,1.254986765e-09,1.267699805e-09,1.280393968e-09,1.293213289e-09,1.305921247e-09,1.318668112e-09,1.331467498e-09,1.344177399e-09,1.356920567e-09,1.369609344e-09,1.382350872e-09,1.395103623e-09,1.407820936e-09,1.419293114e-09]",0.9,000000001111111100000000000000,000000111111110000000000000000,000000011111110000000000000000,000000011111110000000000000000,0,7,13,7,1,1,0,0,0,phi_m02,-2,medium_200mv_200ps,0.2,2e-10,9.3718435e-10,-6.281565e-11,1,1,5
scenarios/052_glitch_medium_200mv_200ps_phi_p00_o0052_v1p100000000000,capture,1.1,4,0,3e-10,1.3e-09,"[1.109679906e-09,1.13842286e-09,1.157051658e-09,1.17638009e-09,1.195703269e-09,1.214992345e-09,1.234317039e-09,1.253648453e-09,1.27298305e-09,1.292358719e-09,1.31167892e-09,1.331035068e-09,1.350380885e-09,1.369698959e-09,1.389033074e-09,1.408276548e-09,1.427579846e-09,1.446892235e-09,1.46620265e-09,1.485485099e-09,1.504690186e-09,1.524101058e-09,1.543383298e-09,1.562629032e-09,1.581944519e-09,1.60122877e-09,1.62056027e-09,1.639922064e-09,1.659269306e-09,1.677324684e-09]","[1.01355508e-09,1.032184011e-09,1.050943963e-09,1.069579467e-09,1.088121625e-09,1.106767069e-09,1.125337276e-09,1.140648767e-09,1.152976217e-09,1.165718927e-09,1.178503713e-09,1.191234596e-09,1.203985021e-09,1.216721942e-09,1.229434514e-09,1.242202909e-09,1.254986765e-09,1.267699805e-09,1.280408163e-09,1.293222261e-09,1.305867554e-09,1.31864049e-09,1.331431173e-09,1.344144181e-09,1.356892593e-09,1.369694495e-09,1.382409216e-09,1.395156592e-09,1.407915835e-09,1.419375788e-09]",0.9,000000000111111111000000000000,000000001111111100000000000000,000000001111111100000000000000,000000001111111100000000000000,0,8,15,8,1,1,0,0,0,phi_p00,0,medium_200mv_200ps,0.2,2e-10,9.3718435e-10,-6.281565e-11,1,1,5
scenarios/053_glitch_medium_200mv_200ps_phi_p02_o0053_v1p100000000000,capture,1.1,4,0,3.2743686999999997e-10,1.32743687e-09,"[1.109679906e-09,1.13842286e-09,1.157051658e-09,1.17638009e-09,1.195703269e-09,1.214992345e-09,1.234317039e-09,1.253648453e-09,1.27298305e-09,1.292358719e-09,1.311699657e-09,1.330953406e-09,1.350371465e-09,1.36969522e-09,1.389041648e-09,1.40834959e-09,1.427641421e-09,1.446979858e-09,1.466273386e-09,1.485591065e-09,1.504926773e-09,1.524226412e-09,1.543562583e-09,1.562935729e-09,1.582279011e-09,1.60161956e-09,1.620994877e-09,1.640373713e-09,1.659590055e-09,1.677551546e-09]","[1.01355508e-09,1.032184011e-09,1.050943963e-09,1.069579467e-09,1.088121625e-09,1.106767069e-09,1.125337276e-09,1.140648767e-09,1.152976217e-09,1.165718927e-09,1.178503713e-09,1.191234596e-09,1.203985021e-09,1.216721942e-09,1.229434514e-09,1.242202909e-09,1.254986765e-09,1.267699805e-09,1.280408163e-09,1.293222261e-09,1.305915346e-09,1.318729999e-09,1.331357842e-09,1.344153788e-09,1.356941525e-09,1.369653142e-09,1.382380669e-09,1.395175596e-09,1.407823497e-09,1.419308469e-09]",0.9,000000000001111111110000000000,000000000111111111000000000000,000000000111111111000000000000,000000000111111111000000000000,0,9,17,9,1,1,0,0,0,phi_p02,2,medium_200mv_200ps,0.2,2e-10,9.3718435e-10,-6.281565e-11,1,1,6
scenarios/054_glitch_medium_200mv_200ps_phi_p04_o0054_v1p100000000000,capture,1.1,4,0,3.5487374e-10,1.35487374e-09,"[1.109679906e-09,1.13842286e-09,1.157051658e-09,1.17638009e-09,1.195703269e-09,1.214992345e-09,1.234317039e-09,1.253648453e-09,1.27298305e-09,1.292358719e-09,1.311699657e-09,1.331029021e-09,1.350345861e-09,1.369638939e-09,1.38898961e-09,1.408359757e-09,1.42761924e-09,1.446949149e-09,1.466302484e-09,1.485654585e-09,1.505047217e-09,1.524366637e-09,1.54358781e-09,1.562797517e-09,1.582153024e-09,1.601437451e-09,1.620775387e-09,1.640066979e-09,1.659364834e-09,1.677473007e-09]","[1.01355508e-09,1.032184011e-09,1.050943963e-09,1.069579467e-09,1.088121625e-09,1.106767069e-09,1.125337276e-09,1.140648767e-09,1.152976217e-09,1.165718927e-09,1.178503713e-09,1.191234596e-09,1.203985021e-09,1.216721942e-09,1.229434514e-09,1.242202909e-09,1.254986765e-09,1.267699805e-09,1.280408163e-09,1.293222261e-09,1.305915346e-09,1.318729999e-09,1.331460709e-09,1.344119375e-09,1.356813165e-09,1.369596767e-09,1.38234133e-09,1.395116284e-09,1.407841737e-09,1.41931318e-09]",0.9,000000000000111111111100000000,000000000011111111110000000000,000000000001111111110000000000,000000000001111111110000000000,0,11,19,9,1,1,0,0,0,phi_p04,4,medium_200mv_200ps,0.2,2e-10,9.3718435e-10,-6.281565e-11,1,1,5
scenarios/055_glitch_medium_200mv_200ps_phi_m04_o0055_v1p100000000000,capture,1.1,4,0,2.4512626e-10,1.2451262600000001e-09,"[1.109680099e-09,1.141437753e-09,1.162637842e-09,1.181802375e-09,1.201127219e-09,1.220487977e-09,1.239805389e-09,1.259143048e-09,1.278491523e-09,1.29785101e-09,1.317165176e-09,1.336509133e-09,1.355825648e-09,1.37508452e-09,1.394394193e-09,1.413691186e-09,1.433021283e-09,1.452339568e-09,1.471649983e-09,1.491008173e-09,1.51033753e-09,1.529630222e-09,1.548922422e-09,1.568210176e-09,1.587572609e-09,1.606960967e-09,1.626258248e-09,1.645447405e-09,1.664766033e-09,1.682809934e-09]","[1.013555167e-09,1.032183682e-09,1.050944405e-09,1.069580263e-09,1.088121427e-09,1.10676665e-09,1.125337411e-09,1.143959893e-09,1.157422893e-09,1.169976398e-09,1.182779893e-09,1.195492322e-09,1.208240543e-09,1.221042259e-09,1.233749486e-09,1.246434068e-09,1.259251202e-09,1.27198524e-09,1.28472729e-09,1.297527064e-09,1.310241456e-09,1.322983685e-09,1.335783679e-09,1.348502794e-09,1.361247894e-09,1.373929513e-09,1.386691124e-09,1.399415852e-09,1.412124139e-09,1.423599959e-09]",0.9,000000111111100000000000000000,000001111110000000000000000000,000001111110000000000000000000,000001111110000000000000000000,0,5,10,6,1,1,0,0,0,phi_m04,-4,medium_200mv_200ps,0.2,2e-10,9.50902785e-10,-4.909721499999999e-11,1,1,7
scenarios/056_glitch_medium_200mv_200ps_phi_m02_o0056_v1p100000000000,capture,1.1,4,0,2.7256313e-10,1.27256313e-09,"[1.109680099e-09,1.141437753e-09,1.162637842e-09,1.181802375e-09,1.201127219e-09,1.220487977e-09,1.239805389e-09,1.25917615e-09,1.278391627e-09,1.297757111e-09,1.317106614e-09,1.336476653e-09,1.355823939e-09,1.375088662e-09,1.394399857e-09,1.41369044e-09,1.433028068e-09,1.452295478e-09,1.471660776e-09,1.490977616e-09,1.510359911e-09,1.529715329e-09,1.54901419e-09,1.568310787e-09,1.587665529e-09,1.607029514e-09,1.62635152e-09,1.645659149e-09,1.665003807e-09,1.682959662e-09]","[1.013555167e-09,1.032183682e-09,1.050944405e-09,1.069580263e-09,1.088121427e-09,1.10676665e-09,1.125337411e-09,1.143959893e-09,1.157422893e-09,1.169976398e-09,1.182779893e-09,1.195492322e-09,1.208240543e-09,1.221042259e-09,1.233749486e-09,1.246494486e-09,1.259294236e-09,1.271989141e-09,1.284747528e-09,1.297470008e-09,1.310199463e-09,1.322988002e-09,1.335681461e-09,1.348457984e-09,1.36120956e-09,1.373885313e-09,1.386651347e-09,1.399376786e-09,1.412079141e-09,1.423559864e-09]",0.9,000000001111111000000000000000,000000111111100000000000000000,000000111111100000000000000000,000000111111100000000000000000,0,6,12,7,1,1,0,0,0,phi_m02,-2,medium_200mv_200ps,0.2,2e-10,9.50902785e-10,-4.909721499999999e-11,1,1,7
scenarios/057_glitch_medium_200mv_200ps_phi_p00_o0057_v1p100000000000,capture,1.1,4,0,3e-10,1.3e-09,"[1.109680099e-09,1.141437753e-09,1.162637842e-09,1.181802375e-09,1.201127219e-09,1.220487977e-09,1.239805389e-09,1.25917615e-09,1.278493054e-09,1.29779193e-09,1.317134679e-09,1.336463647e-09,1.355794773e-09,1.375125614e-09,1.394437976e-09,1.413749886e-09,1.433100013e-09,1.452421127e-09,1.471740969e-09,1.491017241e-09,1.510374914e-09,1.529747366e-09,1.549074471e-09,1.568447015e-09,1.587773053e-09,1.607109779e-09,1.626411797e-09,1.645721491e-09,1.665089321e-09,1.683124294e-09]","[1.013555167e-09,1.032183682e-09,1.050944405e-09,1.069580263e-09,1.088121427e-09,1.10676665e-09,1.125337411e-09,1.143959893e-09,1.157422893e-09,1.169976398e-09,1.182779893e-09,1.195492322e-09,1.208240543e-09,1.221042259e-09,1.233749486e-09,1.246494486e-09,1.259294236e-09,1.272007454e-09,1.28470982e-09,1.297532401e-09,1.310189526e-09,1.32294391e-09,1.335744039e-09,1.348465399e-09,1.36121107e-09,1.373994792e-09,1.386726128e-09,1.39945241e-09,1.412156194e-09,1.423712398e-09]",0.9,000000000111111111000000000000,000000011111111000000000000000,000000001111111100000000000000,000000001111111100000000000000,0,8,15,8,1,1,0,0,0,phi_p00,0,medium_200mv_200ps,0.2,2e-10,9.50902785e-10,-4.909721499999999e-11,1,1,5
scenarios/058_glitch_medium_200mv_200ps_phi_p02_o0058_v1p100000000000,capture,1.1,4,0,3.2743686999999997e-10,1.32743687e-09,"[1.109680099e-09,1.141437753e-09,1.162637842e-09,1.181802375e-09,1.201127219e-09,1.220487977e-09,1.239805389e-09,1.25917615e-09,1.278493054e-09,1.29779193e-09,1.317117265e-09,1.336419254e-09,1.355791548e-09,1.37513273e-09,1.394473263e-09,1.413764937e-09,1.433089319e-09,1.4523749e-09,1.471725738e-09,1.491064038e-09,1.510442101e-09,1.529729362e-09,1.549188921e-09,1.568412236e-09,1.587786397e-09,1.607114138e-09,1.626447709e-09,1.645747501e-09,1.664952229e-09,1.683007826e-09]","[1.013555167e-09,1.032183682e-09,1.050944405e-09,1.069580263e-09,1.088121427e-09,1.10676665e-09,1.125337411e-09,1.143959893e-09,1.157422893e-09,1.169976398e-09,1.182779893e-09,1.195492322e-09,1.208240543e-09,1.221042259e-09,1.233749486e-09,1.246494486e-09,1.259294236e-09,1.272007454e-09,1.28470982e-09,1.297532401e-09,1.310228213e-09,1.323015526e-09,1.335676818e-09,1.34844803e-09,1.361215297e-09,1.37394671e-09,1.386702001e-09,1.399454808e-09,1.412168715e-09,1.423641939e-09]",0.9,000000000011111111110000000000,000000000111111111000000000000,000000000111111111000000000000,000000000111111111000000000000,0,9,17,9,1,1,0,0,0,phi_p02,2,medium_200mv_200ps,0.2,2e-10,9.50902785e-10,-4.909721499999999e-11,1,1,6
scenarios/059_glitch_medium_200mv_200ps_phi_p04_o0059_v1p100000000000,capture,1.1,4,0,3.5487374e-10,1.35487374e-09,"[1.109680099e-09,1.141437753e-09,1.162637842e-09,1.181802375e-09,1.201127219e-09,1.220487977e-09,1.239805389e-09,1.25917615e-09,1.278493054e-09,1.29779193e-09,1.317117265e-09,1.336478131e-09,1.355784623e-09,1.375178953e-09,1.394512236e-09,1.41384234e-09,1.433176045e-09,1.452464872e-09,1.471792861e-09,1.491106701e-09,1.510384468e-09,1.529762788e-09,1.549085197e-09,1.56836743e-09,1.587768179e-09,1.607091735e-09,1.626353461e-09,1.645695406e-09,1.664964282e-09,1.682884059e-09]","[1.013555167e-09,1.032183682e-09,1.050944405e-09,1.069580263e-09,1.088121427e-09,1.10676665e-09,1.125337411e-09,1.143959893e-09,1.157422893e-09,1.169976398e-09,1.182779893e-09,1.195492322e-09,1.208240543e-09,1.221042259e-09,1.233749486e-09,1.246494486e-09,1.259294236e-09,1.272007454e-09,1.28470982e-09,1.297532401e-09,1.310228213e-09,1.323015526e-09,1.335740319e-09,1.348410943e-09,1.361092975e-09,1.373916191e-09,1.386651834e-09,1.399399229e-09,1.412155978e-09,1.423602634e-09]",0.9,000000000000111111111100000000,000000000011111111110000000000,000000000011111111110000000000,000000000011111111110000000000,0,10,19,10,1,1,0,0,0,phi_p04,4,medium_200mv_200ps,0.2,2e-10,9.50902785e-10,-4.909721499999999e-11,1,1,6
scenarios/060_glitch_medium_200mv_200ps_phi_m04_o0060_v1p100000000000,capture,1.1,4,0,2.4512626e-10,1.2451262600000001e-09,"[1.109680195e-09,1.141436154e-09,1.168549629e-09,1.187160176e-09,1.206499433e-09,1.225856987e-09,1.24510264e-09,1.264500523e-09,1.283841432e-09,1.303177286e-09,1.322509606e-09,1.34184042e-09,1.361179339e-09,1.380503166e-09,1.399852098e-09,1.419210154e-09,1.43858788e-09,1.458010558e-09,1.477304106e-09,1.496610029e-09,1.515902208e-09,1.535198825e-09,1.554536753e-09,1.573892596e-09,1.59316632e-09,1.612536683e-09,1.631760463e-09,1.651102811e-09,1.670425969e-09,1.688273179e-09]","[1.013555182e-09,1.032184184e-09,1.050943954e-09,1.069579377e-09,1.088121765e-09,1.106767269e-09,1.12533733e-09,1.143959942e-09,1.162444821e-09,1.174579828e-09,1.187263484e-09,1.200004268e-09,1.212747293e-09,1.225546805e-09,1.238261806e-09,1.250917692e-09,1.263718345e-09,1.276466968e-09,1.289213714e-09,1.301994095e-09,1.314726488e-09,1.327474058e-09,1.340235286e-09,1.352977477e-09,1.365724017e-09,1.378461347e-09,1.391156873e-09,1.403820159e-09,1.416575602e-09,1.428006669e-09]",0.9,000000111111100000000000000000,000011111110000000000000000000,000001111110000000000000000000,000001111110000000000000000000,0,5,10,6,1,1,0,0,0,phi_m04,-4,medium_200mv_200ps,0.2,2e-10,9.6462122e-10,-3.5378780000000005e-11,1,1,7
scenarios/061_glitch_medium_200mv_200ps_phi_m02_o0061_v1p100000000000,capture,1.1,4,0,2.7256313e-10,1.27256313e-09,"[1.109680195e-09,1.141436154e-09,1.168549629e-09,1.187160176e-09,1.206499433e-09,1.225856987e-09,1.245171204e-09,1.264516146e-09,1.283817361e-09,1.303161009e-09,1.32249724e-09,1.341835747e-09,1.361190638e-09,1.380493711e-09,1.39984648e-09,1.419201104e-09,1.438592784e-09,1.457880796e-09,1.477158645e-09,1.496569907e-09,1.515826289e-09,1.53513628e-09,1.55444675e-09,1.573702732e-09,1.593082733e-09,1.612305197e-09,1.631654707e-09,1.650973734e-09,1.670098902e-09,1.688178628e-09]","[1.013555182e-09,1.032184184e-09,1.050943954e-09,1.069579377e-09,1.088121765e-09,1.106767269e-09,1.12533733e-09,1.143959942e-09,1.162444821e-09,1.174579828e-09,1.187263484e-09,1.200004268e-09,1.212747293e-09,1.225546805e-09,1.238261806e-09,1.251004218e-09,1.263804434e-09,1.276397535e-09,1.289193791e-09,1.301982471e-09,1.314719346e-09,1.327444217e-09,1.340221781e-09,1.352970226e-09,1.365702455e-09,1.378409129e-09,1.391193145e-09,1.40391719e-09,1.416631352e-09,1.42813207e-09]",0.9,000000011111111000000000000000,000000111111100000000000000000,000000111111100000000000000000,000000111111100000000000000000,0,6,12,7,1,1,0,0,0,phi_m02,-2,medium_200mv_200ps,0.2,2e-10,9.6462122e-10,-3.5378780000000005e-11,1,1,7
scenarios/062_glitch_medium_200mv_200ps_phi_p00_o0062_v1p100000000000,capture,1.1,4,0,3e-10,1.3e-09,"[1.109680195e-09,1.141436154e-09,1.168549629e-09,1.187160176e-09,1.206499433e-09,1.225856987e-09,1.245171204e-09,1.264516146e-09,1.283834013e-09,1.30311612e-09,1.322492838e-09,1.341859138e-09,1.361208392e-09,1.380559859e-09,1.399869907e-09,1.419219982e-09,1.438591991e-09,1.457895325e-09,1.4772776e-09,1.496594107e-09,1.515864437e-09,1.53522749e-09,1.554574868e-09,1.573915311e-09,1.593299964e-09,1.612594363e-09,1.631968584e-09,1.651181163e-09,1.670460171e-09,1.688562217e-09]","[1.013555182e-09,1.032184184e-09,1.050943954e-09,1.069579377e-09,1.088121765e-09,1.106767269e-09,1.12533733e-09,1.143959942e-09,1.162444821e-09,1.174579828e-09,1.187263484e-09,1.200004268e-09,1.212747293e-09,1.225546805e-09,1.238261806e-09,1.251004218e-09,1.263804434e-09,1.276523899e-09,1.289269587e-09,1.301926873e-09,1.314728669e-09,1.327476331e-09,1.340232512e-09,1.35297677e-09,1.36574201e-09,1.37847872e-09,1.391223284e-09,1.403944015e-09,1.416657045e-09,1.428200623e-09]",0.9,000000000111111110000000000000,000000011111111000000000000000,000000011111111000000000000000,000000011111111000000000000000,0,7,14,8,1,1,0,0,0,phi_p00,0,medium_200mv_200ps,0.2,2e-10,9.6462122e-10,-3.5378780000000005e-11,1,1,7
scenarios/063_glitch_medium_200mv_200ps_phi_p02_o0063_v1p100000000000,capture,1.1,4,0,3.2743686999999997e-10,1.32743687e-09,"[1.109680195e-09,1.141436154e-09,1.168549629e-09,1.187160176e-09,1.206499433e-09,1.225856987e-09,1.245171204e-09,1.264516146e-09,1.283834013e-09,1.303161876e-09,1.322537901e-09,1.341865309e-09,1.361204259e-09,1.380530655e-09,1.399870674e-09,1.419218213e-09,1.438600814e-09,1.45788187e-09,1.47729573e-09,1.496573336e-09,1.515938045e-09,1.535278764e-09,1.554605497e-09,1.573953181e-09,1.593272846e-09,1.612632309e-09,1.63189411e-09,1.651227462e-09,1.670555415e-09,1.688591372e-09]","[1.013555182e-09,1.032184184e-09,1.050943954e-09,1.069579377e-09,1.088121765e-09,1.106767269e-09,1.12533733e-09,1.143959942e-09,1.162444821e-09,1.174579828e-09,1.187263484e-09,1.200004268e-09,1.212747293e-09,1.225546805e-09,1.238261806e-09,1.251004218e-09,1.263804434e-09,1.276523899e-09,1.289269587e-09,1.302021918e-09,1.314672577e-09,1.327420656e-09,1.340152609e-09,1.352927572e-09,1.365684299e-09,1.378387391e-09,1.391157791e-09,1.403909825e-09,1.416614369e-09,1.428078949e-09]",0.9,000000000011111111100000000000,000000001111111110000000000000,000000000111111110000000000000,000000000111111110000000000000,0,9,16,8,1,1,0,0,0,phi_p02,2,medium_200mv_200ps,0.2,2e-10,9.6462122e-10,-3.5378780000000005e-11,1,1,7
scenarios/064_glitch_medium_200mv_200ps_phi_p04_o0064_v1p100000000000,capture,1.1,4,0,3.5487374e-10,1.35487374e-09,"[1.109680195e-09,1.141436154e-09,1.168549629e-09,1.187160176e-09,1.206499433e-09,1.225856987e-09,1.245171204e-09,1.264516146e-09,1.283834013e-09,1.303161876e-09,1.322537901e-09,1.341882946e-09,1.361114198e-09,1.380505739e-09,1.399848867e-09,1.419199163e-09,1.438494255e-09,1.457908632e-09,1.477185133e-09,1.496573668e-09,1.515945453e-09,1.53526286e-09,1.554619325e-09,1.574029145e-09,1.59336958e-09,1.612708044e-09,1.632041578e-09,1.651298763e-09,1.67060066e-09,1.688630439e-09]","[1.013555182e-09,1.032184184e-09,1.050943954e-09,1.069579377e-09,1.088121765e-09,1.106767269e-09,1.12533733e-09,1.143959942e-09,1.162444821e-09,1.174579828e-09,1.187263484e-09,1.200004268e-09,1.212747293e-09,1.225546805e-09,1.238261806e-09,1.251004218e-09,1.263804434e-09,1.276523899e-09,1.289269587e-09,1.302021918e-09,1.314672577e-09,1.327482819e-09,1.340201307e-09,1.352931711e-09,1.365630859e-09,1.378397446e-09,1.391153219e-09,1.403864169e-09,1.416639224e-09,1.428142347e-09]",0.9,000000000000111111111100000000,000000000011111111100000000000,000000000011111111110000000000,000000000011111111110000000000,0,10,19,10,1,1,0,0,0,phi_p04,4,medium_200mv_200ps,0.2,2e-10,9.6462122e-10,-3.5378780000000005e-11,1,1,6
scenarios/065_glitch_medium_200mv_200ps_phi_m04_o0065_v1p100000000000,capture,1.1,4,0,2.4512626e-10,1.2451262600000001e-09,"[1.109818879e-09,1.141507052e-09,1.173481114e-09,1.1929217e-09,1.212187564e-09,1.231536425e-09,1.250780365e-09,1.270179129e-09,1.289517849e-09,1.308877708e-09,1.328220369e-09,1.347574831e-09,1.366923375e-09,1.386260855e-09,1.40556938e-09,1.424873921e-09,1.44414954e-09,1.463510537e-09,1.482851346e-09,1.502175272e-09,1.521456994e-09,1.540704689e-09,1.560024796e-09,1.579368387e-09,1.598666289e-09,1.618027405e-09,1.637415974e-09,1.656774707e-09,1.675983698e-09,1.694085879e-09]","[1.013608923e-09,1.03229066e-09,1.050873345e-09,1.069558927e-09,1.088191016e-09,1.106870303e-09,1.125397153e-09,1.144038384e-09,1.1625666e-09,1.179305491e-09,1.191566109e-09,1.204282584e-09,1.217053013e-09,1.229781645e-09,1.24251553e-09,1.255206817e-09,1.267972849e-09,1.280712107e-09,1.293479635e-09,1.306225048e-09,1.31897915e-09,1.331690402e-09,1.344457264e-09,1.357208021e-09,1.369952713e-09,1.382671924e-09,1.395401084e-09,1.408161535e-09,1.420850801e-09,1.432405235e-09]",0.9,000000111111100000000000000000,000011111100000000000000000000,000011111110000000000000000000,000011111110000000000000000000,0,4,10,7,1,1,0,0,0,phi_m04,-4,medium_200mv_200ps,0.2,2e-10,9.78339655e-10,-2.1660345000000018e-11,1,1,8
scenarios/066_glitch_medium_200mv_200ps_phi_m02_o0066_v1p100000000000,capture,1.1,4,0,2.7256313e-10,1.27256313e-09,"[1.109818879e-09,1.141507052e-09,1.173481114e-09,1.1929217e-09,1.212187564e-09,1.231536425e-09,1.250873437e-09,1.27022351e-09,1.289527768e-09,1.308876811e-09,1.328218657e-09,1.347585437e-09,1.366938284e-09,1.386277446e-09,1.405584334e-09,1.424949859e-09,1.444322143e-09,1.46366507e-09,1.483057414e-09,1.502422124e-09,1.52175604e-09,1.541118063e-09,1.560468446e-09,1.579855863e-09,1.599150384e-09,1.618496944e-09,1.637724363e-09,1.657084788e-09,1.676463023e-09,1.694556838e-09]","[1.013608923e-09,1.03229066e-09,1.050873345e-09,1.069558927e-09,1.088191016e-09,1.106870303e-09,1.125397153e-09,1.144038384e-09,1.1625666e-09,1.179305491e-09,1.191566109e-09,1.204282584e-09,1.217053013e-09,1.229781645e-09,1.24251553e-09,1.255295212e-09,1.268032449e-09,1.280703031e-09,1.293500546e-09,1.306234311e-09,1.318974612e-09,1.331717983e-09,1.344467484e-09,1.35721693e-09,1.369958905e-09,1.382676146e-09,1.395407167e-09,1.4080967e-09,1.420862337e-09,1.432349747e-09]",0.9,000000011111111000000000000000,000001111111100000000000000000,000000111111100000000000000000,000000111111100000000000000000,0,6,12,7,1,1,0,0,0,phi_m02,-2,medium_200mv_200ps,0.2,2e-10,9.78339655e-10,-2.1660345000000018e-11,1,1,7
scenarios/067_glitch_medium_200mv_200ps_phi_p00_o0067_v1p100000000000,capture,1.1,4,0,3e-10,1.3e-09,"[1.109818879e-09,1.141507052e-09,1.173481114e-09,1.1929217e-09,1.212187564e-09,1.231536425e-09,1.250873437e-09,1.27022351e-09,1.289561517e-09,1.308853176e-09,1.328190271e-09,1.347564569e-09,1.366918916e-09,1.386258352e-09,1.405561172e-09,1.424946658e-09,1.444275082e-09,1.463613973e-09,1.48299339e-09,1.502286652e-09,1.521744168e-09,1.540972206e-09,1.560337821e-09,1.579669911e-09,1.598954405e-09,1.618273016e-09,1.637582313e-09,1.656865771e-09,1.676253212e-09,1.69423811e-09]","[1.013608923e-09,1.03229066e-09,1.050873345e-09,1.069558927e-09,1.088191016e-09,1.106870303e-09,1.125397153e-09,1.144038384e-09,1.1625666e-09,1.179305491e-09,1.191566109e-09,1.204282584e-09,1.217053013e-09,1.229781645e-09,1.24251553e-09,1.255295212e-09,1.268032449e-09,1.280764967e-09,1.293535316e-09,1.306169636e-09,1.318948205e-09,1.331715525e-09,1.344452063e-09,1.357196916e-09,1.369938231e-09,1.382655094e-09,1.395388626e-09,1.408047223e-09,1.420809997e-09,1.432220835e-09]",0.9,000000001111111110000000000000,000000011111111000000000000000,000000011111111000000000000000,000000011111111000000000000000,0,7,14,8,1,1,0,0,0,phi_p00,0,medium_200mv_200ps,0.2,2e-10,9.78339655e-10,-2.1660345000000018e-11,1,1,7
scenarios/068_glitch_medium_200mv_200ps_phi_p02_o0068_v1p100000000000,capture,1.1,4,0,3.2743686999999997e-10,1.32743687e-09,"[1.109818879e-09,1.141507052e-09,1.173481114e-09,1.1929217e-09,1.212187564e-09,1.231536425e-09,1.250873437e-09,1.27022351e-09,1.289561517e-09,1.30892136e-09,1.328220857e-09,1.347600464e-09,1.366946585e-09,1.386299974e-09,1.40565608e-09,1.424960379e-09,1.444304008e-09,1.463643071e-09,1.483021938e-09,1.502386826e-09,1.521615015e-09,1.540987072e-09,1.560278118e-09,1.579598624e-09,1.598978926e-09,1.61833424e-09,1.63763113e-09,1.65697922e-09,1.676348696e-09,1.694431734e-09]","[1.013608923e-09,1.03229066e-09,1.050873345e-09,1.069558927e-09,1.088191016e-09,1.106870303e-09,1.125397153e-09,1.144038384e-09,1.1625666e-09,1.179305491e-09,1.191566109e-09,1.204282584e-09,1.217053013e-09,1.229781645e-09,1.24251553e-09,1.255295212e-09,1.268032449e-09,1.280764967e-09,1.293535316e-09,1.306281208e-09,1.318987086e-09,1.331643204e-09,1.344450784e-09,1.357205901e-09,1.369921136e-09,1.38267716e-09,1.395428178e-09,1.40817918e-09,1.420904868e-09,1.432303429e-09]",0.9,000000000011111111100000000000,000000001111111110000000000000,000000001111111110000000000000,000000001111111110000000000000,0,8,16,9,1,1,0,0,0,phi_p02,2,medium_200mv_200ps,0.2,2e-10,9.78339655e-10,-2.1660345000000018e-11,1,1,8
scenarios/069_glitch_medium_200mv_200ps_phi_p04_o0069_v1p100000000000,capture,1.1,4,0,3.5487374e-10,1.35487374e-09,"[1.109818879e-09,1.141507052e-09,1.173481114e-09,1.1929217e-09,1.212187564e-09,1.231536425e-09,1.250873437e-09,1.27022351e-09,1.289561517e-09,1.30892136e-09,1.328233693e-09,1.347606705e-09,1.366940867e-09,1.386291121e-09,1.405647602e-09,1.424932646e-09,1.444313527e-09,1.463658253e-09,1.483094029e-09,1.502420391e-09,1.521679912e-09,1.541055902e-09,1.560206347e-09,1.579628009e-09,1.598934606e-09,1.618299947e-09,1.637600884e-09,1.656957347e-09,1.676318395e-09,1.694297426e-09]","[1.013608923e-09,1.03229066e-09,1.050873345e-09,1.069558927e-09,1.088191016e-09,1.106870303e-09,1.125397153e-09,1.144038384e-09,1.1625666e-09,1.179305491e-09,1.191566109e-09,1.204282584e-09,1.217053013e-09,1.229781645e-09,1.24251553e-09,1.255295212e-09,1.268032449e-09,1.280764967e-09,1.293535316e-09,1.306281208e-09,1.318987086e-09,1.331763052e-09,1.344521479e-09,1.357155938e-09,1.369955746e-09,1.382702311e-09,1.395456317e-09,1.408206417e-09,1.420932041e-09,1.432356396e-09]",0.9,000000000001111111111000000000,000000000011111111100000000000,000000000011111111100000000000,000000000011111111100000000000,0,10,18,9,1,1,0,0,0,phi_p04,4,medium_200mv_200ps,0.2,2e-10,9.78339655e-10,-2.1660345000000018e-11,1,1,7
scenarios/070_glitch_medium_200mv_200ps_phi_m04_o0070_v1p100000000000,capture,1.1,4,0,2.4512626e-10,1.2451262600000001e-09,"[1.109832519e-09,1.141592324e-09,1.173502742e-09,1.198565301e-09,1.217462232e-09,1.236812871e-09,1.256142622e-09,1.275501601e-09,1.294852194e-09,1.314188403e-09,1.333522495e-09,1.352849235e-09,1.37220107e-09,1.391545982e-09,1.41083514e-09,1.430127376e-09,1.449409303e-09,1.468796853e-09,1.488146168e-09,1.507492038e-09,1.526861791e-09,1.546190834e-09,1.565410424e-09,1.584810168e-09,1.604083431e-09,1.623463328e-09,1.642783157e-09,1.662162127e-09,1.681490126e-09,1.69944595e-09]","[1.013737224e-09,1.03236036e-09,1.051153105e-09,1.069827961e-09,1.088317372e-09,1.106959372e-09,1.125533282e-09,1.144155517e-09,1.162643334e-09,1.18127551e-09,1.196164416e-09,1.208564203e-09,1.221311671e-09,1.234057713e-09,1.246712172e-09,1.25950534e-09,1.272251038e-09,1.285003309e-09,1.297750573e-09,1.310474675e-09,1.323220121e-09,1.33594317e-09,1.348696989e-09,1.361456397e-09,1.374208047e-09,1.386927935e-09,1.399683235e-09,1.412449299e-09,1.425107825e-09,1.436661339e-09]",0.9,000001111111000000000000000000,000011111100000000000000000000,000011111100000000000000000000,000011111100000000000000000000,0,4,9,6,1,1,0,0,0,phi_m04,-4,medium_200mv_200ps,0.2,2e-10,9.9205809e-10,-7.941910000000004e-12,1,1,9
scenarios/071_glitch_medium_200mv_200ps_phi_m02_o0071_v1p100000000000,capture,1.1,4,0,2.7256313e-10,1.27256313e-09,"[1.109832519e-09,1.141592324e-09,1.173502742e-09,1.198565301e-09,1.217462232e-09,1.236812871e-09,1.256155031e-09,1.275429783e-09,1.294859466e-09,1.314200301e-09,1.333557311e-09,1.352865436e-09,1.372220132e-09,1.391569309e-09,1.41085201e-09,1.430149166e-09,1.449497442e-09,1.468733222e-09,1.488030892e-09,1.507396711e-09,1.52674568e-09,1.546082474e-09,1.565422231e-09,1.584771852e-09,1.604020567e-09,1.62341407e-09,1.642789915e-09,1.662114841e-09,1.681282393e-09,1.699372813e-09]","[1.013737224e-09,1.03236036e-09,1.051153105e-09,1.069827961e-09,1.088317372e-09,1.106959372e-09,1.125533282e-09,1.144155517e-09,1.162643334e-09,1.18127551e-09,1.196164416e-09,1.208564203e-09,1.221311671e-09,1.234057713e-09,1.246811817e-09,1.25953895e-09,1.272252565e-09,1.285008411e-09,1.29775241e-09,1.310470242e-09,1.323209792e-09,1.335984995e-09,1.348712824e-09,1.361457586e-09,1.374210828e-09,1.386932038e-09,1.399680768e-09,1.412453246e-09,1.42510773e-09,1.436661931e-09]",0.9,000000011111110000000000000000,000001111111000000000000000000,000001111111000000000000000000,000001111111000000000000000000,0,5,11,7,1,1,0,0,0,phi_m02,-2,medium_200mv_200ps,0.2,2e-10,9.9205809e-10,-7.941910000000004e-12,1,1,9
scenarios/072_glitch_medium_200mv_200ps_phi_p00_o0072_v1p100000000000,capture,1.1,4,0,3e-10,1.3e-09,"[1.109832519e-09,1.141592324e-09,1.173502742e-09,1.198565301e-09,1.217462232e-09,1.236812871e-09,1.256155031e-09,1.2755026e-09,1.294851803e-09,1.314180434e-09,1.333524107e-09,1.352841664e-09,1.37219388e-09,1.391538795e-09,1.410827072e-09,1.430122306e-09,1.449472973e-09,1.468704368e-09,1.48801202e-09,1.507219191e-09,1.526612659e-09,1.545841499e-09,1.56516798e-09,1.584541291e-09,1.603914849e-09,1.623185233e-09,1.642415375e-09,1.661641039e-09,1.680987963e-09,1.699041886e-09]","[1.013737224e-09,1.03236036e-09,1.051153105e-09,1.069827961e-09,1.088317372e-09,1.106959372e-09,1.125533282e-09,1.144155517e-09,1.162643334e-09,1.18127551e-09,1.196164416e-09,1.208564203e-09,1.221311671e-09,1.234057713e-09,1.246811817e-09,1.25953895e-09,1.272277403e-09,1.285031899e-09,1.297780326e-09,1.310428136e-09,1.323178745e-09,1.335905989e-09,1.348657067e-09,1.361416158e-09,1.374167611e-09,1.3868869e-09,1.399641305e-09,1.412409405e-09,1.425067247e-09,1.436621077e-09]",0.9,000000001111111110000000000000,000000111111110000000000000000,000000011111111000000000000000,000000011111111000000000000000,0,7,14,8,1,1,0,0,0,phi_p00,0,medium_200mv_200ps,0.2,2e-10,9.9205809e-10,-7.941910000000004e-12,1,1,7
scenarios/073_glitch_medium_200mv_200ps_phi_p02_o0073_v1p100000000000,capture,1.1,4,0,3.2743686999999997e-10,1.32743687e-09,"[1.109832519e-09,1.141592324e-09,1.173502742e-09,1.198565301e-09,1.217462232e-09,1.236812871e-09,1.256155031e-09,1.2755026e-09,1.294851803e-09,1.314141553e-09,1.333447671e-09,1.352799623e-09,1.372151259e-09,1.391488918e-09,1.410842203e-09,1.430164148e-09,1.449531753e-09,1.468909581e-09,1.488159879e-09,1.507427704e-09,1.526698703e-09,1.546017724e-09,1.565383453e-09,1.584721544e-09,1.603952895e-09,1.623312017e-09,1.642617389e-09,1.661839999e-09,1.681087574e-09,1.69921214e-09]","[1.013737224e-09,1.03236036e-09,1.051153105e-09,1.069827961e-09,1.088317372e-09,1.106959372e-09,1.125533282e-09,1.144155517e-09,1.162643334e-09,1.18127551e-09,1.196164416e-09,1.208564203e-09,1.221311671e-09,1.234057713e-09,1.246811817e-09,1.25953895e-09,1.272277403e-09,1.285031899e-09,1.297780326e-09,1.310504892e-09,1.323252961e-09,1.335915301e-09,1.348691576e-09,1.3614533e-09,1.374198551e-09,1.386916224e-09,1.399660977e-09,1.412443662e-09,1.425059134e-09,1.436600735e-09]",0.9,000000000011111111100000000000,000000001111111110000000000000,000000001111111110000000000000,000000001111111110000000000000,0,8,16,9,1,1,0,0,0,phi_p02,2,medium_200mv_200ps,0.2,2e-10,9.9205809e-10,-7.941910000000004e-12,1,1,8
scenarios/074_glitch_medium_200mv_200ps_phi_p04_o0074_v1p100000000000,capture,1.1,4,0,3.5487374e-10,1.35487374e-09,"[1.109832519e-09,1.141592324e-09,1.173502742e-09,1.198565301e-09,1.217462232e-09,1.236812871e-09,1.256155031e-09,1.2755026e-09,1.294851803e-09,1.314141553e-09,1.333506784e-09,1.352868549e-09,1.372187571e-09,1.391505415e-09,1.410847149e-09,1.430180862e-09,1.449565931e-09,1.468945885e-09,1.48819633e-09,1.507474191e-09,1.526825869e-09,1.546159893e-09,1.565501917e-09,1.584836092e-09,1.60420644e-09,1.623547961e-09,1.642774096e-09,1.662159598e-09,1.681478705e-09,1.699477845e-09]","[1.013737224e-09,1.03236036e-09,1.051153105e-09,1.069827961e-09,1.088317372e-09,1.106959372e-09,1.125533282e-09,1.144155517e-09,1.162643334e-09,1.18127551e-09,1.196164416e-09,1.208564203e-09,1.221311671e-09,1.234057713e-09,1.246811817e-09,1.25953895e-09,1.272277403e-09,1.285031899e-09,1.297780326e-09,1.310504892e-09,1.323252961e-09,1.335913355e-09,1.34868544e-09,1.361345163e-09,1.374151355e-09,1.386857751e-09,1.399645184e-09,1.412412224e-09,1.425125379e-09,1.436658571e-09]",0.9,000000000001111111111000000000,000000000111111111100000000000,000000000011111111100000000000,000000000011111111100000000000,0,10,18,9,1,1,0,0,0,phi_p04,4,medium_200mv_200ps,0.2,2e-10,9.9205809e-10,-7.941910000000004e-12,1,1,7
scenarios/075_glitch_medium_200mv_200ps_phi_m04_o0075_v1p100000000000,capture,1.1,4,0,2.4512626e-10,1.2451262600000001e-09,"[1.111086707e-09,1.142804914e-09,1.174758913e-09,1.205968862e-09,1.223696141e-09,1.243004084e-09,1.262336736e-09,1.281681187e-09,1.301047656e-09,1.320398766e-09,1.339667128e-09,1.359021252e-09,1.378351792e-09,1.397681915e-09,1.417009776e-09,1.436314491e-09,1.455653417e-09,1.475051552e-09,1.494350595e-09,1.513636771e-09,1.532967777e-09,1.552375855e-09,1.57168439e-09,1.590976505e-09,1.61029105e-09,1.6296669e-09,1.649014496e-09,1.668287689e-09,1.687679779e-09,1.705687026e-09]","[1.014160103e-09,1.033267651e-09,1.051856628e-09,1.070429064e-09,1.089145187e-09,1.107852937e-09,1.126374739e-09,1.144972011e-09,1.16354511e-09,1.182148494e-09,1.200778344e-09,1.213710894e-09,1.226322008e-09,1.239041252e-09,1.251716619e-09,1.264537445e-09,1.277261465e-09,1.290008068e-09,1.302762825e-09,1.315513233e-09,1.328262382e-09,1.341013273e-09,1.353726173e-09,1.366471385e-09,1.379276554e-09,1.391986587e-09,1.40473389e-09,1.417419053e-09,1.430157438e-09,1.441678657e-09]",0.9,000001111111000000000000000000,000111111100000000000000000000,000011111100000000000000000000,000011111100000000000000000000,0,4,9,6,1,1,0,0,0,phi_m04,-4,medium_200mv_200ps,0.2,2e-10,1.0057765250000001e-09,5.776525000000009e-12,1,1,9
scenarios/076_glitch_medium_200mv_200ps_phi_m02_o0076_v1p100000000000,capture,1.1,4,0,2.7256313e-10,1.27256313e-09,"[1.111086707e-09,1.142804914e-09,1.174758913e-09,1.205968862e-09,1.223696141e-09,1.243004084e-09,1.262355986e-09,1.281635033e-09,1.301028147e-09,1.320343888e-09,1.339628625e-09,1.358964198e-09,1.378304405e-09,1.39765033e-09,1.416984374e-09,1.436348304e-09,1.455689747e-09,1.474988465e-09,1.494428471e-09,1.513708268e-09,1.533079419e-09,1.552351057e-09,1.571671696e-09,1.591012402e-09,1.610373093e-09,1.629724938e-09,1.648999363e-09,1.668372466e-09,1.687621405e-09,1.705622164e-09]","[1.014160103e-09,1.033267651e-09,1.051856628e-09,1.070429064e-09,1.089145187e-09,1.107852937e-09,1.126374739e-09,1.144972011e-09,1.16354511e-09,1.182148494e-09,1.200778344e-09,1.213710894e-09,1.226322008e-09,1.239041252e-09,1.251812293e-09,1.264574304e-09,1.277155543e-09,1.289970015e-09,1.302689638e-09,1.315432412e-09,1.32820901e-09,1.340970546e-09,1.353682792e-09,1.366437373e-09,1.379227019e-09,1.39193528e-09,1.40468593e-09,1.417397776e-09,1.430150755e-09,1.44165746e-09]",0.9,000000111111110000000000000000,000001111111000000000000000000,000001111111000000000000000000,000001111111000000000000000000,0,5,11,7,1,1,0,0,0,phi_m02,-2,medium_200mv_200ps,0.2,2e-10,1.0057765250000001e-09,5.776525000000009e-12,1,1,9
scenarios/077_glitch_medium_200mv_200ps_phi_p00_o0077_v1p100000000000,capture,1.1,4,0,3e-10,1.3e-09,"[1.111086707e-09,1.142804914e-09,1.174758913e-09,1.205968862e-09,1.223696141e-09,1.243004084e-09,1.262355986e-09,1.281707524e-09,1.301015069e-09,1.320439573e-09,1.339765028e-09,1.359114369e-09,1.378396192e-09,1.397730243e-09,1.417040738e-09,1.436401624e-09,1.455745656e-09,1.475090757e-09,1.494432587e-09,1.513845653e-09,1.533156723e-09,1.552459474e-09,1.571839981e-09,1.591198522e-09,1.610505728e-09,1.629831495e-09,1.649219626e-09,1.668470208e-09,1.687809469e-09,1.705886664e-09]","[1.014160103e-09,1.033267651e-09,1.051856628e-09,1.070429064e-09,1.089145187e-09,1.107852937e-09,1.126374739e-09,1.144972011e-09,1.16354511e-09,1.182148494e-09,1.200778344e-09,1.213710894e-09,1.226322008e-09,1.239041252e-09,1.251812293e-09,1.264574304e-09,1.277300619e-09,1.290042143e-09,1.302691812e-09,1.315521322e-09,1.328277622e-09,1.340991998e-09,1.353729662e-09,1.366511618e-09,1.379274557e-09,1.391987231e-09,1.404736362e-09,1.417455321e-09,1.43020643e-09,1.441715498e-09]",0.9,000000001111111100000000000000,000000111111110000000000000000,000000111111110000000000000000,000000111111110000000000000000,0,6,13,8,1,1,0,0,0,phi_p00,0,medium_200mv_200ps,0.2,2e-10,1.0057765250000001e-09,5.776525000000009e-12,1,1,9
scenarios/078_glitch_medium_200mv_200ps_phi_p02_o0078_v1p100000000000,capture,1.1,4,0,3.2743686999999997e-10,1.32743687e-09,"[1.111086707e-09,1.142804914e-09,1.174758913e-09,1.205968862e-09,1.223696141e-09,1.243004084e-09,1.262355986e-09,1.281707524e-09,1.301066664e-09,1.320399109e-09,1.339727796e-09,1.359097234e-09,1.378421309e-09,1.397782752e-09,1.417088599e-09,1.436360641e-09,1.455736512e-09,1.475113234e-09,1.494494085e-09,1.513853725e-09,1.533133428e-09,1.552475333e-09,1.5717275e-09,1.591084408e-09,1.610383076e-09,1.629721606e-09,1.649015323e-09,1.668347424e-09,1.687653887e-09,1.70566724e-09]","[1.014160103e-09,1.033267651e-09,1.051856628e-09,1.070429064e-09,1.089145187e-09,1.107852937e-09,1.126374739e-09,1.144972011e-09,1.16354511e-09,1.182148494e-09,1.200778344e-09,1.213710894e-09,1.226322008e-09,1.239041252e-09,1.251812293e-09,1.264574304e-09,1.277300619e-09,1.290042143e-09,1.302771503e-09,1.315526049e-09,1.328169356e-09,1.340929703e-09,1.353697322e-09,1.36646442e-09,1.379185898e-09,1.391905146e-09,1.404689704e-09,1.417462458e-09,1.430176871e-09,1.44169897e-09]",0.9,000000000111111111000000000000,000000001111111100000000000000,000000001111111100000000000000,000000001111111100000000000000,0,8,15,8,1,1,0,0,0,phi_p02,2,medium_200mv_200ps,0.2,2e-10,1.0057765250000001e-09,5.776525000000009e-12,1,1,9
scenarios/079_glitch_medium_200mv_200ps_phi_p04_o0079_v1p100000000000,capture,1.1,4,0,3.5487374e-10,1.35487374e-09,"[1.111086707e-09,1.142804914e-09,1.174758913e-09,1.205968862e-09,1.223696141e-09,1.243004084e-09,1.262355986e-09,1.281707524e-09,1.301066664e-09,1.320399109e-09,1.339729845e-09,1.358977607e-09,1.378414034e-09,1.397786486e-09,1.417092007e-09,1.436389608e-09,1.455737254e-09,1.474966391e-09,1.494343552e-09,1.513694984e-09,1.532980131e-09,1.552221317e-09,1.571510258e-09,1.590906456e-09,1.610236796e-09,1.629576611e-09,1.648927117e-09,1.668227236e-09,1.687507656e-09,1.705602314e-09]","[1.014160103e-09,1.033267651e-09,1.051856628e-09,1.070429064e-09,1.089145187e-09,1.107852937e-09,1.126374739e-09,1.144972011e-09,1.16354511e-09,1.182148494e-09,1.200778344e-09,1.213710894e-09,1.226322008e-09,1.239041252e-09,1.251812293e-09,1.264574304e-09,1.277300619e-09,1.290042143e-09,1.302771503e-09,1.315526049e-09,1.328206764e-09,1.340960109e-09,1.353703611e-09,1.366420922e-09,1.379145788e-09,1.391880501e-09,1.404657247e-09,1.417423598e-09,1.430137972e-09,1.441665525e-09]",0.9,000000000001111111111000000000,000000000111111111000000000000,000000000111111111000000000000,000000000111111111000000000000,0,9,17,9,1,1,0,0,0,phi_p04,4,medium_200mv_200ps,0.2,2e-10,1.0057765250000001e-09,5.776525000000009e-12,1,1,9
scenarios/080_glitch_medium_200mv_200ps_phi_m04_o0080_v1p100000000000,capture,1.1,4,0,2.4512626e-10,1.2451262600000001e-09,"[1.102722184e-09,1.134554742e-09,1.166493331e-09,1.198275382e-09,1.224495094e-09,1.243217712e-09,1.262553667e-09,1.28189438e-09,1.301254087e-09,1.320628866e-09,1.339948713e-09,1.359298722e-09,1.378594186e-09,1.397929707e-09,1.417213271e-09,1.436569958e-09,1.455942487e-09,1.475341879e-09,1.494620351e-09,1.513963064e-09,1.533304501e-09,1.552653254e-09,1.572053982e-09,1.59125881e-09,1.610613385e-09,1.629963807e-09,1.649319066e-09,1.668617854e-09,1.687923127e-09,1.706017492e-09]","[1.010558565e-09,1.026391786e-09,1.04567189e-09,1.06426484e-09,1.0828137e-09,1.10156245e-09,1.120181887e-09,1.138804192e-09,1.157388336e-09,1.1759745e-09,1.19460356e-09,1.213227373e-09,1.226515227e-09,1.239083127e-09,1.251752438e-09,1.264573526e-09,1.277293732e-09,1.290044973e-09,1.302808288e-09,1.315543368e-09,1.328302892e-09,1.341021763e-09,1.353747559e-09,1.366532228e-09,1.379300359e-09,1.392016179e-09,1.404766381e-09,1.417489383e-09,1.43025383e-09,1.441759081e-09]",0.9,000001111111000000000000000000,000111111000000000000000000000,000011111100000000000000000000,000011111100000000000000000000,0,4,9,6,1,1,0,0,0,phi_m04,-4,medium_200mv_200ps,0.2,2e-10,1.0194949600000001e-09,1.9494959999999996e-11,1,1,9
scenarios/081_glitch_medium_200mv_200ps_phi_m02_o0081_v1p100000000000,capture,1.1,4,0,2.7256313e-10,1.27256313e-09,"[1.102722184e-09,1.134554742e-09,1.166493331e-09,1.198275382e-09,1.224495094e-09,1.243217712e-09,1.262557541e-09,1.281867003e-09,1.301222071e-09,1.320599147e-09,1.339926335e-09,1.359283326e-09,1.378575139e-09,1.397909997e-09,1.417191584e-09,1.436548098e-09,1.455919747e-09,1.47525738e-09,1.494654124e-09,1.514011121e-09,1.533411917e-09,1.552705857e-09,1.57204387e-09,1.591339286e-09,1.610677341e-09,1.629930461e-09,1.649305487e-09,1.66868756e-09,1.68797977e-09,1.706064968e-09]","[1.010558565e-09,1.026391786e-09,1.04567189e-09,1.06426484e-09,1.0828137e-09,1.10156245e-09,1.120181887e-09,1.138804192e-09,1.157388336e-09,1.1759745e-09,1.19460356e-09,1.213227373e-09,1.226515227e-09,1.239083127e-09,1.251855438e-09,1.26461195e-09,1.277194567e-09,1.290006822e-09,1.302772244e-09,1.315501555e-09,1.328262088e-09,1.340977548e-09,1.353713435e-09,1.36649455e-09,1.37925757e-09,1.391973409e-09,1.404723025e-09,1.417446047e-09,1.430211234e-09,1.441717249e-09]",0.9,000000111111110000000000000000,000001111111000000000000000000,000001111111000000000000000000,000001111111000000000000000000,0,5,11,7,1,1,0,0,0,phi_m02,-2,medium_200mv_200ps,0.2,2e-10,1.0194949600000001e-09,1.9494959999999996e-11,1,1,9
scenarios/082_glitch_medium_200mv_200ps_phi_p00_o0082_v1p100000000000,capture,1.1,4,0,3e-10,1.3e-09,"[1.102722184e-09,1.134554742e-09,1.166493331e-09,1.198275382e-09,1.224495094e-09,1.243217712e-09,1.262557541e-09,1.281906889e-09,1.301201677e-09,1.320611407e-09,1.33989814e-09,1.359248638e-09,1.378574989e-09,1.39790387e-09,1.417206937e-09,1.436562358e-09,1.455935739e-09,1.475312083e-09,1.494687438e-09,1.51401252e-09,1.533383611e-09,1.552716568e-09,1.572001909e-09,1.591219092e-09,1.610559429e-09,1.629923745e-09,1.649148424e-09,1.668511463e-09,1.687901149e-09,1.705855539e-09]","[1.010558565e-09,1.026391786e-09,1.04567189e-09,1.06426484e-09,1.0828137e-09,1.10156245e-09,1.120181887e-09,1.138804192e-09,1.157388336e-09,1.1759745e-09,1.19460356e-09,1.213227373e-09,1.226515227e-09,1.239083127e-09,1.251855438e-09,1.26461195e-09,1.277335502e-09,1.290070266e-09,1.30273505e-09,1.315506347e-09,1.328313612e-09,1.341064864e-09,1.353777783e-09,1.366521577e-09,1.379329386e-09,1.392040779e-09,1.404788223e-09,1.417510771e-09,1.430277503e-09,1.44179208e-09]",0.9,000000001111111100000000000000,000000111111110000000000000000,000000111111110000000000000000,000000111111110000000000000000,0,6,13,8,1,1,0,0,0,phi_p00,0,medium_200mv_200ps,0.2,2e-10,1.0194949600000001e-09,1.9494959999999996e-11,1,1,9
scenarios/083_glitch_medium_200mv_200ps_phi_p02_o0083_v1p100000000000,capture,1.1,4,0,3.2743686999999997e-10,1.32743687e-09,"[1.102722184e-09,1.134554742e-09,1.166493331e-09,1.198275382e-09,1.224495094e-09,1.243217712e-09,1.262557541e-09,1.281906889e-09,1.301244434e-09,1.320626315e-09,1.33994024e-09,1.359297443e-09,1.378607613e-09,1.397957293e-09,1.41727508e-09,1.436651864e-09,1.455987657e-09,1.475304958e-09,1.494660275e-09,1.514034043e-09,1.533327474e-09,1.552669192e-09,1.571992447e-09,1.591273853e-09,1.610557769e-09,1.629892977e-09,1.649301364e-09,1.668611624e-09,1.687902872e-09,1.705941589e-09]","[1.010558565e-09,1.026391786e-09,1.04567189e-09,1.06426484e-09,1.0828137e-09,1.10156245e-09,1.120181887e-09,1.138804192e-09,1.157388336e-09,1.1759745e-09,1.19460356e-09,1.213227373e-09,1.226515227e-09,1.239083127e-09,1.251855438e-09,1.26461195e-09,1.277335502e-09,1.290070266e-09,1.302859061e-09,1.31557654e-09,1.328257607e-09,1.341034363e-09,1.353777067e-09,1.36654324e-09,1.379278043e-09,1.392008469e-09,1.404772918e-09,1.417465356e-09,1.430236874e-09,1.441689552e-09]",0.9,000000000111111111000000000000,000000001111111100000000000000,000000001111111100000000000000,000000001111111100000000000000,0,8,15,8,1,1,0,0,0,phi_p02,2,medium_200mv_200ps,0.2,2e-10,1.0194949600000001e-09,1.9494959999999996e-11,1,1,9
scenarios/084_glitch_medium_200mv_200ps_phi_p04_o0084_v1p100000000000,capture,1.1,4,0,3.5487374e-10,1.35487374e-09,"[1.102722184e-09,1.134554742e-09,1.166493331e-09,1.198275382e-09,1.224495094e-09,1.243217712e-09,1.262557541e-09,1.281906889e-09,1.301244434e-09,1.320626315e-09,1.339891602e-09,1.3592111e-09,1.378619481e-09,1.397977323e-09,1.417290012e-09,1.436582379e-09,1.455922433e-09,1.475208762e-09,1.494501944e-09,1.513872039e-09,1.533245592e-09,1.552609878e-09,1.571941062e-09,1.591354783e-09,1.610667955e-09,1.630007077e-09,1.649360686e-09,1.668608377e-09,1.687999576e-09,1.706084768e-09]","[1.010558565e-09,1.026391786e-09,1.04567189e-09,1.06426484e-09,1.0828137e-09,1.10156245e-09,1.120181887e-09,1.138804192e-09,1.157388336e-09,1.1759745e-09,1.19460356e-09,1.213227373e-09,1.226515227e-09,1.239083127e-09,1.251855438e-09,1.26461195e-09,1.277335502e-09,1.290070266e-09,1.302859061e-09,1.31557654e-09,1.328335754e-09,1.341024146e-09,1.353667869e-09,1.366359449e-09,1.379136834e-09,1.391847491e-09,1.404626887e-09,1.417407442e-09,1.430122132e-09,1.441650267e-09]",0.9,000000000001111111111000000000,000000000111111111000000000000,000000000111111111000000000000,000000000111111111000000000000,0,9,17,9,1,1,0,0,0,phi_p04,4,medium_200mv_200ps,0.2,2e-10,1.0194949600000001e-09,1.9494959999999996e-11,1,1,9
scenarios/085_glitch_medium_200mv_200ps_phi_m04_o0085_v1p100000000000,capture,1.1,4,0,2.4512626e-10,1.2451262600000001e-09,"[1.093808822e-09,1.125624685e-09,1.157488911e-09,1.189318261e-09,1.221264128e-09,1.243506239e-09,1.262643943e-09,1.281980691e-09,1.301254332e-09,1.320602092e-09,1.339933456e-09,1.359265726e-09,1.378637987e-09,1.39795837e-09,1.417259324e-09,1.43661309e-09,1.455995509e-09,1.475396258e-09,1.494660177e-09,1.514002449e-09,1.533351408e-09,1.552739534e-09,1.572044918e-09,1.591267445e-09,1.610515134e-09,1.629901121e-09,1.649288209e-09,1.668590078e-09,1.68796821e-09,1.705906679e-09]","[1.010558565e-09,1.023283949e-09,1.038520317e-09,1.05801176e-09,1.076722024e-09,1.095265117e-09,1.113808817e-09,1.132455012e-09,1.151047015e-09,1.169611784e-09,1.188227644e-09,1.20680353e-09,1.225450724e-09,1.239232598e-09,1.251650744e-09,1.26443955e-09,1.277188474e-09,1.289938694e-09,1.302688409e-09,1.315400876e-09,1.328145806e-09,1.340950113e-09,1.353660055e-09,1.366407515e-09,1.379208457e-09,1.391915938e-09,1.404661038e-09,1.417381008e-09,1.430150109e-09,1.441670858e-09]",0.9,000001111111000000000000000000,000111111000000000000000000000,000011111000000000000000000000,000011111000000000000000000000,0,4,8,5,1,1,0,0,0,phi_m04,-4,medium_200mv_200ps,0.2,2e-10,1.0332133950000001e-09,3.321339499999998e-11,1,1,10
scenarios/086_glitch_medium_200mv_200ps_phi_m02_o0086_v1p100000000000,capture,1.1,4,0,2.7256313e-10,1.27256313e-09,"[1.093808822e-09,1.125624685e-09,1.157488911e-09,1.189318261e-09,1.221264128e-09,1.243517496e-09,1.262635622e-09,1.281889991e-09,1.301255732e-09,1.320592131e-09,1.3398751e-09,1.359219871e-09,1.378555179e-09,1.397882629e-09,1.41725821e-09,1.436584378e-09,1.455858975e-09,1.475104683e-09,1.494501981e-09,1.513883424e-09,1.533259752e-09,1.552595746e-09,1.571934846e-09,1.59123538e-09,1.610584752e-09,1.629835571e-09,1.649230058e-09,1.668615783e-09,1.687922492e-09,1.705775538e-09]","[1.010558565e-09,1.023283949e-09,1.038520317e-09,1.05801176e-09,1.076722024e-09,1.095265117e-09,1.113808817e-09,1.132455012e-09,1.151047015e-09,1.169611784e-09,1.188227644e-09,1.20680353e-09,1.225450724e-09,1.239232598e-09,1.251779972e-09,1.264491646e-09,1.277139044e-09,1.289958095e-09,1.302675348e-09,1.315406474e-09,1.32818784e-09,1.340952169e-09,1.353665376e-09,1.366419429e-09,1.379212646e-09,1.391923002e-09,1.404669773e-09,1.417465828e-09,1.430143497e-09,1.441602657e-09]",0.9,000000111111110000000000000000,000001111111000000000000000000,000001111111000000000000000000,000001111111000000000000000000,0,5,11,7,1,1,0,0,0,phi_m02,-2,medium_200mv_200ps,0.2,2e-10,1.0332133950000001e-09,3.321339499999998e-11,1,1,9
scenarios/087_glitch_medium_200mv_200ps_phi_p00_o0087_v1p100000000000,capture,1.1,4,0,3e-10,1.3e-09,"[1.093808822e-09,1.125624685e-09,1.157488911e-09,1.189318261e-09,1.221264128e-09,1.243517496e-09,1.262635622e-09,1.281945669e-09,1.301234072e-09,1.320649389e-09,1.339930284e-09,1.359273835e-09,1.378610636e-09,1.397937578e-09,1.417249015e-09,1.436604238e-09,1.455981561e-09,1.475359217e-09,1.494725266e-09,1.514040895e-09,1.533441273e-09,1.552772587e-09,1.572056579e-09,1.59128119e-09,1.610604322e-09,1.629997524e-09,1.649219113e-09,1.66857246e-09,1.687891117e-09,1.705916611e-09]","[1.010558565e-09,1.023283949e-09,1.038520317e-09,1.05801176e-09,1.076722024e-09,1.095265117e-09,1.113808817e-09,1.132455012e-09,1.151047015e-09,1.169611784e-09,1.188227644e-09,1.20680353e-09,1.225450724e-09,1.239232598e-09,1.251779972e-09,1.264491646e-09,1.277237386e-09,1.29001151e-09,1.302648914e-09,1.315416338e-09,1.32822695e-09,1.340985091e-09,1.353698187e-09,1.366451732e-09,1.379245942e-09,1.391956145e-09,1.404702429e-09,1.417421935e-09,1.430189147e-09,1.441701197e-09]",0.9,000000001111111100000000000000,000000111111110000000000000000,000000111111110000000000000000,000000111111110000000000000000,0,6,13,8,1,1,0,0,0,phi_p00,0,medium_200mv_200ps,0.2,2e-10,1.0332133950000001e-09,3.321339499999998e-11,1,1,9
scenarios/088_glitch_medium_200mv_200ps_phi_p02_o0088_v1p100000000000,capture,1.1,4,0,3.2743686999999997e-10,1.32743687e-09,"[1.093808822e-09,1.125624685e-09,1.157488911e-09,1.189318261e-09,1.221264128e-09,1.243517496e-09,1.262635622e-09,1.281945669e-09,1.301257848e-09,1.320596443e-09,1.339965605e-09,1.359328662e-09,1.37864882e-09,1.398005622e-09,1.417324765e-09,1.436659211e-09,1.45595473e-09,1.475386707e-09,1.49465729e-09,1.51403374e-09,1.533264409e-09,1.552608405e-09,1.571851629e-09,1.591178779e-09,1.610537385e-09,1.629866973e-09,1.649218583e-09,1.668431572e-09,1.68770024e-09,1.705782467e-09]","[1.010558565e-09,1.023283949e-09,1.038520317e-09,1.05801176e-09,1.076722024e-09,1.095265117e-09,1.113808817e-09,1.132455012e-09,1.151047015e-09,1.169611784e-09,1.188227644e-09,1.20680353e-09,1.225450724e-09,1.239232598e-09,1.251779972e-09,1.264491646e-09,1.277237386e-09,1.29001151e-09,1.302770252e-09,1.315482998e-09,1.328178392e-09,1.340939711e-09,1.353694889e-09,1.366467305e-09,1.379170667e-09,1.391918592e-09,1.404700107e-09,1.417404756e-09,1.430140656e-09,1.441562276e-09]",0.9,000000000111111111000000000000,000000001111111100000000000000,000000001111111100000000000000,000000001111111100000000000000,0,8,15,8,1,1,0,0,0,phi_p02,2,medium_200mv_200ps,0.2,2e-10,1.0332133950000001e-09,3.321339499999998e-11,1,1,9
scenarios/089_glitch_medium_200mv_200ps_phi_p04_o0089_v1p100000000000,capture,1.1,4,0,3.5487374e-10,1.35487374e-09,"[1.093808822e-09,1.125624685e-09,1.157488911e-09,1.189318261e-09,1.221264128e-09,1.243517496e-09,1.262635622e-09,1.281945669e-09,1.301257848e-09,1.320596443e-09,1.339903677e-09,1.35918851e-09,1.378593137e-09,1.397941788e-09,1.417258121e-09,1.43655165e-09,1.45589381e-09,1.475168691e-09,1.494472176e-09,1.513848765e-09,1.533209141e-09,1.552593721e-09,1.571918423e-09,1.591330501e-09,1.610639781e-09,1.629978876e-09,1.649334608e-09,1.668581712e-09,1.687971561e-09,1.706057093e-09]","[1.010558565e-09,1.023283949e-09,1.038520317e-09,1.05801176e-09,1.076722024e-09,1.095265117e-09,1.113808817e-09,1.132455012e-09,1.151047015e-09,1.169611784e-09,1.188227644e-09,1.20680353e-09,1.225450724e-09,1.239232598e-09,1.251779972e-09,1.264491646e-09,1.277237386e-09,1.29001151e-09,1.302770252e-09,1.315482998e-09,1.328229175e-09,1.340986861e-09,1.353657709e-09,1.366343765e-09,1.379142659e-09,1.391852546e-09,1.404616152e-09,1.417405369e-09,1.430120003e-09,1.441648359e-09]",0.9,000000000001111111111000000000,000000000111111111000000000000,000000000111111111100000000000,000000000111111111100000000000,0,9,18,10,1,1,0,0,0,phi_p04,4,medium_200mv_200ps,0.2,2e-10,1.0332133950000001e-09,3.321339499999998e-11,1,1,8
scenarios/090_glitch_medium_200mv_200ps_phi_m04_o0090_v1p100000000000,capture,1.1,4,0,2.4512626e-10,1.2451262600000001e-09,"[1.085080176e-09,1.116879613e-09,1.148730229e-09,1.180637087e-09,1.212509137e-09,1.244408945e-09,1.2629447e-09,1.282218073e-09,1.301555261e-09,1.320893426e-09,1.340227151e-09,1.359587881e-09,1.378928866e-09,1.398264042e-09,1.417638607e-09,1.436939432e-09,1.456320422e-09,1.475643284e-09,1.494998632e-09,1.514358187e-09,1.533666928e-09,1.552921528e-09,1.572323734e-09,1.591624915e-09,1.610921575e-09,1.630224238e-09,1.649611656e-09,1.668958892e-09,1.688231924e-09,1.706309703e-09]","[1.010558565e-09,1.023283949e-09,1.036022632e-09,1.050672832e-09,1.070246701e-09,1.088853199e-09,1.107477618e-09,1.126212875e-09,1.144806807e-09,1.163500339e-09,1.182113276e-09,1.200680657e-09,1.219396701e-09,1.237987398e-09,1.252345671e-09,1.264825247e-09,1.277538854e-09,1.290312401e-09,1.303091316e-09,1.315804463e-09,1.328558054e-09,1.341343454e-09,1.354051922e-09,1.366804278e-09,1.37958573e-09,1.392299883e-09,1.405046293e-09,1.417844093e-09,1.430474067e-09,1.442010296e-09]",0.9,000001111110000000000000000000,000111111000000000000000000000,000011111000000000000000000000,000011111000000000000000000000,0,4,8,5,1,1,0,0,0,phi_m04,-4,medium_200mv_200ps,0.2,2e-10,1.0469318300000001e-09,4.693182999999997e-11,1,1,10
scenarios/091_glitch_medium_200mv_200ps_phi_m02_o0091_v1p100000000000,capture,1.1,4,0,2.7256313e-10,1.27256313e-09,"[1.085080176e-09,1.116879613e-09,1.148730229e-09,1.180637087e-09,1.212509137e-09,1.24441259e-09,1.262925126e-09,1.28220755e-09,1.301576371e-09,1.320932493e-09,1.340222054e-09,1.359571659e-09,1.37888855e-09,1.398223019e-09,1.41749903e-09,1.436854359e-09,1.456231644e-09,1.47557845e-09,1.494989792e-09,1.514322885e-09,1.533671031e-09,1.552966676e-09,1.57230521e-09,1.591600084e-09,1.610935978e-09,1.630189557e-09,1.649570067e-09,1.668942837e-09,1.68823612e-09,1.706320717e-09]","[1.010558565e-09,1.023283949e-09,1.036022632e-09,1.050672832e-09,1.070246701e-09,1.088853199e-09,1.107477618e-09,1.126212875e-09,1.144806807e-09,1.163500339e-09,1.182113276e-09,1.200680657e-09,1.219396701e-09,1.237987398e-09,1.252300171e-09,1.264815966e-09,1.277407068e-09,1.290224349e-09,1.302930819e-09,1.315695599e-09,1.328461993e-09,1.341210626e-09,1.353919637e-09,1.366682471e-09,1.379475421e-09,1.392190606e-09,1.404938958e-09,1.417661677e-09,1.43042855e-09,1.441938795e-09]",0.9,000000111111110000000000000000,000001111111000000000000000000,000001111111000000000000000000,000001111111000000000000000000,0,5,11,7,1,1,0,0,0,phi_m02,-2,medium_200mv_200ps,0.2,2e-10,1.0469318300000001e-09,4.693182999999997e-11,1,1,9
scenarios/092_glitch_medium_200mv_200ps_phi_p00_o0092_v1p100000000000,capture,1.1,4,0,3e-10,1.3e-09,"[1.085080176e-09,1.116879613e-09,1.148730229e-09,1.180637087e-09,1.212509137e-09,1.24441259e-09,1.262925126e-09,1.282210958e-09,1.301509595e-09,1.320902241e-09,1.34022455e-09,1.359567082e-09,1.378910678e-09,1.398235183e-09,1.417550227e-09,1.436840597e-09,1.456203938e-09,1.475467399e-09,1.494715488e-09,1.514076399e-09,1.533436906e-09,1.552762429e-09,1.571996244e-09,1.591344457e-09,1.61069477e-09,1.629842621e-09,1.649176242e-09,1.668432935e-09,1.687837923e-09,1.705863515e-09]","[1.010558565e-09,1.023283949e-09,1.036022632e-09,1.050672832e-09,1.070246701e-09,1.088853199e-09,1.107477618e-09,1.126212875e-09,1.144806807e-09,1.163500339e-09,1.182113276e-09,1.200680657e-09,1.219396701e-09,1.237987398e-09,1.252300171e-09,1.264815966e-09,1.277528326e-09,1.290274627e-09,1.302944498e-09,1.315719728e-09,1.328477248e-09,1.341268115e-09,1.353981435e-09,1.366733436e-09,1.379529599e-09,1.392238784e-09,1.404984718e-09,1.4176699e-09,1.430410017e-09,1.44192726e-09]",0.9,000000001111111100000000000000,000000111111110000000000000000,000000111111110000000000000000,000000111111110000000000000000,0,6,13,8,1,1,0,0,0,phi_p00,0,medium_200mv_200ps,0.2,2e-10,1.0469318300000001e-09,4.693182999999997e-11,1,1,9
scenarios/093_glitch_medium_200mv_200ps_phi_p02_o0093_v1p100000000000,capture,1.1,4,0,3.2743686999999997e-10,1.32743687e-09,"[1.085080176e-09,1.116879613e-09,1.148730229e-09,1.180637087e-09,1.212509137e-09,1.24441259e-09,1.262925126e-09,1.282210958e-09,1.301556065e-09,1.320933842e-09,1.340237124e-09,1.359582987e-09,1.378923356e-09,1.398263895e-09,1.417568696e-09,1.436922925e-09,1.45630437e-09,1.475681548e-09,1.49504917e-09,1.514437288e-09,1.533630366e-09,1.55299199e-09,1.572341051e-09,1.591652165e-09,1.610896744e-09,1.630228795e-09,1.649553172e-09,1.668833601e-09,1.688187299e-09,1.706225711e-09]","[1.010558565e-09,1.023283949e-09,1.036022632e-09,1.050672832e-09,1.070246701e-09,1.088853199e-09,1.107477618e-09,1.126212875e-09,1.144806807e-09,1.163500339e-09,1.182113276e-09,1.200680657e-09,1.219396701e-09,1.237987398e-09,1.252300171e-09,1.264815966e-09,1.277528326e-09,1.290274627e-09,1.303065831e-09,1.315779579e-09,1.328464292e-09,1.34126119e-09,1.353992569e-09,1.366747332e-09,1.37952415e-09,1.392241394e-09,1.404986819e-09,1.417706393e-09,1.430474837e-09,1.441992479e-09]",0.9,000000000111111111000000000000,000000001111111100000000000000,000000001111111100000000000000,000000001111111100000000000000,0,8,15,8,1,1,0,0,0,phi_p02,2,medium_200mv_200ps,0.2,2e-10,1.0469318300000001e-09,4.693182999999997e-11,1,1,9
scenarios/094_glitch_medium_200mv_200ps_phi_p04_o0094_v1p100000000000,capture,1.1,4,0,3.5487374e-10,1.35487374e-09,"[1.085080176e-09,1.116879613e-09,1.148730229e-09,1.180637087e-09,1.212509137e-09,1.24441259e-09,1.262925126e-09,1.282210958e-09,1.301556065e-09,1.320933842e-09,1.340228008e-09,1.359536782e-09,1.378897286e-09,1.398258115e-09,1.417635287e-09,1.436931814e-09,1.45628983e-09,1.475599656e-09,1.49501223e-09,1.514285052e-09,1.533629756e-09,1.553022401e-09,1.572380838e-09,1.591704443e-09,1.611020323e-09,1.630360773e-09,1.649712758e-09,1.668985653e-09,1.688380358e-09,1.706382975e-09]","[1.010558565e-09,1.023283949e-09,1.036022632e-09,1.050672832e-09,1.070246701e-09,1.088853199e-09,1.107477618e-09,1.126212875e-09,1.144806807e-09,1.163500339e-09,1.182113276e-09,1.200680657e-09,1.219396701e-09,1.237987398e-09,1.252300171e-09,1.264815966e-09,1.277528326e-09,1.290274627e-09,1.303065831e-09,1.315779579e-09,1.328538628e-09,1.341240272e-09,1.353896767e-09,1.36660836e-09,1.379350515e-09,1.392081564e-09,1.404834443e-09,1.417611539e-09,1.430337507e-09,1.44186156e-09]",0.9,000000000001111111111000000000,000000000111111111000000000000,000000000111111111000000000000,000000000111111111000000000000,0,9,17,9,1,1,0,0,0,phi_p04,4,medium_200mv_200ps,0.2,2e-10,1.0469318300000001e-09,4.693182999999997e-11,1,1,9
scenarios/095_glitch_medium_200mv_200ps_phi_m04_o0095_v1p100000000000,capture,1.1,4,0,2.4512626e-10,1.2451262600000001e-09,"[1.076866073e-09,1.109160328e-09,1.14087991e-09,1.172747676e-09,1.204657536e-09,1.236512365e-09,1.264060612e-09,1.282691478e-09,1.302004437e-09,1.321359879e-09,1.340667231e-09,1.360008117e-09,1.379333558e-09,1.398650277e-09,1.41793871e-09,1.437307115e-09,1.45670594e-09,1.476043447e-09,1.495357711e-09,1.51459074e-09,1.533943621e-09,1.553297405e-09,1.572469886e-09,1.591775972e-09,1.611037875e-09,1.630473383e-09,1.649766114e-09,1.669094293e-09,1.688453658e-09,1.706455594e-09]","[1.010558565e-09,1.023283949e-09,1.036022632e-09,1.048775095e-09,1.062864534e-09,1.082515776e-09,1.101181115e-09,1.119754529e-09,1.138363924e-09,1.156955287e-09,1.175591358e-09,1.194144798e-09,1.212732367e-09,1.231369883e-09,1.249796151e-09,1.264877378e-09,1.277288297e-09,1.290063557e-09,1.302786137e-09,1.31549724e-09,1.328286362e-09,1.341061725e-09,1.353776069e-09,1.366523844e-09,1.379326887e-09,1.392040678e-09,1.404781965e-09,1.417505953e-09,1.430273824e-09,1.441790329e-09]",0.9,000001111111000000000000000000,000011111000000000000000000000,000011111100000000000000000000,000011111100000000000000000000,0,4,9,6,1,1,0,0,0,phi_m04,-4,medium_200mv_200ps,0.2,2e-10,1.060650265e-09,6.065026500000001e-11,1,1,9
scenarios/096_glitch_medium_200mv_200ps_phi_m02_o0096_v1p100000000000,capture,1.1,4,0,2.7256313e-10,1.27256313e-09,"[1.076866073e-09,1.109160328e-09,1.14087991e-09,1.172747676e-09,1.204657536e-09,1.236512365e-09,1.264035335e-09,1.282654606e-09,1.301978862e-09,1.32135193e-09,1.340661609e-09,1.360003109e-09,1.379327442e-09,1.398643076e-09,1.417929032e-09,1.437251553e-09,1.456619042e-09,1.475861623e-09,1.495284248e-09,1.514545517e-09,1.533867242e-09,1.553248594e-09,1.57259515e-09,1.591853422e-09,1.611159512e-09,1.630476536e-09,1.649798403e-09,1.669055056e-09,1.688459596e-09,1.706515183e-09]","[1.010558565e-09,1.023283949e-09,1.036022632e-09,1.048775095e-09,1.062864534e-09,1.082515776e-09,1.101181115e-09,1.119754529e-09,1.138363924e-09,1.156955287e-09,1.175591358e-09,1.194144798e-09,1.212732367e-09,1.231369883e-09,1.249991162e-09,1.264849243e-09,1.277123928e-09,1.289933279e-09,1.302649253e-09,1.315384957e-09,1.328167676e-09,1.340927557e-09,1.353641834e-09,1.36638833e-09,1.37919351e-09,1.391907217e-09,1.404648687e-09,1.417368852e-09,1.430128857e-09,1.441623526e-09]",0.9,000000111111110000000000000000,000001111110000000000000000000,000001111111000000000000000000,000001111111000000000000000000,0,5,11,7,1,1,0,0,0,phi_m02,-2,medium_200mv_200ps,0.2,2e-10,1.060650265e-09,6.065026500000001e-11,1,1,9
scenarios/097_glitch_medium_200mv_200ps_phi_p00_o0097_v1p100000000000,capture,1.1,4,0,3e-10,1.3e-09,"[1.076866073e-09,1.109160328e-09,1.14087991e-09,1.172747676e-09,1.204657536e-09,1.236512365e-09,1.264035335e-09,1.282630162e-09,1.301898039e-09,1.321331588e-09,1.340657169e-09,1.360009858e-09,1.379324941e-09,1.398664437e-09,1.417897381e-09,1.437212231e-09,1.456523871e-09,1.475838288e-09,1.495158124e-09,1.514454904e-09,1.533789232e-09,1.55308941e-09,1.572466203e-09,1.591820096e-09,1.611072754e-09,1.630426802e-09,1.649744306e-09,1.669153114e-09,1.688422005e-09,1.706375884e-09]","[1.010558565e-09,1.023283949e-09,1.036022632e-09,1.048775095e-09,1.062864534e-09,1.082515776e-09,1.101181115e-09,1.119754529e-09,1.138363924e-09,1.156955287e-09,1.175591358e-09,1.194144798e-09,1.212732367e-09,1.231369883e-09,1.249991162e-09,1.264849243e-09,1.277236175e-09,1.289979837e-09,1.302658205e-09,1.315420099e-09,1.328241788e-09,1.340984164e-09,1.353693712e-09,1.366460915e-09,1.379249464e-09,1.391964694e-09,1.404714743e-09,1.417401643e-09,1.430151503e-09,1.441644843e-09]",0.9,000000001111111100000000000000,000000111111110000000000000000,000000111111110000000000000000,000000111111110000000000000000,0,6,13,8,1,1,0,0,0,phi_p00,0,medium_200mv_200ps,0.2,2e-10,1.060650265e-09,6.065026500000001e-11,1,1,9
scenarios/098_glitch_medium_200mv_200ps_phi_p02_o0098_v1p100000000000,capture,1.1,4,0,3.2743686999999997e-10,1.32743687e-09,"[1.076866073e-09,1.109160328e-09,1.14087991e-09,1.172747676e-09,1.204657536e-09,1.236512365e-09,1.264035335e-09,1.282630162e-09,1.301944906e-09,1.321264183e-09,1.340652409e-09,1.360007944e-09,1.379322593e-09,1.398662937e-09,1.417980463e-09,1.437220444e-09,1.456598745e-09,1.475809443e-09,1.495067308e-09,1.514365083e-09,1.53358801e-09,1.552922935e-09,1.572253163e-09,1.591551679e-09,1.610826131e-09,1.630144927e-09,1.649524124e-09,1.668650029e-09,1.688008344e-09,1.706076707e-09]","[1.010558565e-09,1.023283949e-09,1.036022632e-09,1.048775095e-09,1.062864534e-09,1.082515776e-09,1.101181115e-09,1.119754529e-09,1.138363924e-09,1.156955287e-09,1.175591358e-09,1.194144798e-09,1.212732367e-09,1.231369883e-09,1.249991162e-09,1.264849243e-09,1.277236175e-09,1.289979837e-09,1.302782825e-09,1.315487772e-09,1.32817949e-09,1.340992298e-09,1.353701768e-09,1.366472106e-09,1.379258782e-09,1.391973962e-09,1.404724401e-09,1.417516847e-09,1.430205438e-09,1.441703016e-09]",0.9,000000000111111111000000000000,000000001111111100000000000000,000000001111111100000000000000,000000001111111100000000000000,0,8,15,8,1,1,0,0,0,phi_p02,2,medium_200mv_200ps,0.2,2e-10,1.060650265e-09,6.065026500000001e-11,1,1,9
scenarios/099_glitch_medium_200mv_200ps_phi_p04_o0099_v1p100000000000,capture,1.1,4,0,3.5487374e-10,1.35487374e-09,"[1.076866073e-09,1.109160328e-09,1.14087991e-09,1.172747676e-09,1.204657536e-09,1.236512365e-09,1.264035335e-09,1.282630162e-09,1.301944906e-09,1.321264183e-09,1.340641005e-09,1.359841443e-09,1.379260758e-09,1.398613131e-09,1.417951589e-09,1.437262511e-09,1.4565572e-09,1.475933966e-09,1.495149123e-09,1.514477622e-09,1.533847629e-09,1.553124614e-09,1.572495312e-09,1.591817263e-09,1.61113349e-09,1.630473958e-09,1.649864754e-09,1.669184757e-09,1.688461307e-09,1.706546015e-09]","[1.010558565e-09,1.023283949e-09,1.036022632e-09,1.048775095e-09,1.062864534e-09,1.082515776e-09,1.101181115e-09,1.119754529e-09,1.138363924e-09,1.156955287e-09,1.175591358e-09,1.194144798e-09,1.212732367e-09,1.231369883e-09,1.249991162e-09,1.264849243e-09,1.277236175e-09,1.289979837e-09,1.302782825e-09,1.315487772e-09,1.328205634e-09,1.341023866e-09,1.353701168e-09,1.366411966e-09,1.37919261e-09,1.391906929e-09,1.404687822e-09,1.41746562e-09,1.430184895e-09,1.441716069e-09]",0.9,000000000001111111111000000000,000000000111111111000000000000,000000000111111111100000000000,000000000111111111100000000000,0,9,18,10,1,1,0,0,0,phi_p04,4,medium_200mv_200ps,0.2,2e-10,1.060650265e-09,6.065026500000001e-11,1,1,8
scenarios/100_glitch_medium_200mv_200ps_phi_m04_o0100_v1p100000000000,capture,1.1,4,0,2.4512626e-10,1.2451262600000001e-09,"[1.069020134e-09,1.099721497e-09,1.131846563e-09,1.163577952e-09,1.195629035e-09,1.227372283e-09,1.259215602e-09,1.282828429e-09,1.301858588e-09,1.321202754e-09,1.340542934e-09,1.35989989e-09,1.379263037e-09,1.398578904e-09,1.417870307e-09,1.437236775e-09,1.456607465e-09,1.475996181e-09,1.495284312e-09,1.51462865e-09,1.533970208e-09,1.553362984e-09,1.572681235e-09,1.591958604e-09,1.611339855e-09,1.630658036e-09,1.650046704e-09,1.669296384e-09,1.688621332e-09,1.706598236e-09]","[1.010558565e-09,1.023283949e-09,1.036022632e-09,1.048775095e-09,1.061550847e-09,1.074274387e-09,1.094610774e-09,1.113327198e-09,1.131941369e-09,1.150430843e-09,1.169059524e-09,1.187715589e-09,1.206236082e-09,1.2248519e-09,1.24343635e-09,1.261956385e-09,1.277484405e-09,1.289819192e-09,1.302542124e-09,1.315276619e-09,1.328042144e-09,1.340789746e-09,1.353525078e-09,1.366268276e-09,1.379067243e-09,1.391781262e-09,1.404523337e-09,1.417249531e-09,1.430014816e-09,1.44153353e-09]",0.9,000000111111000000000000000000,000011111100000000000000000000,000011111100000000000000000000,000011111100000000000000000000,0,4,9,6,1,1,0,0,0,phi_m04,-4,medium_200mv_200ps,0.2,2e-10,1.0743687e-09,7.43687e-11,1,1,9
scenarios/101_glitch_medium_200mv_200ps_phi_m02_o0101_v1p100000000000,capture,1.1,4,0,2.7256313e-10,1.27256313e-09,"[1.069020134e-09,1.099721497e-09,1.131846563e-09,1.163577952e-09,1.195629035e-09,1.227372283e-09,1.259260979e-09,1.282971669e-09,1.302022136e-09,1.321391558e-09,1.340707337e-09,1.360049068e-09,1.379370983e-09,1.398623562e-09,1.417978497e-09,1.437357352e-09,1.456704527e-09,1.476067815e-09,1.495482206e-09,1.514735979e-09,1.534122234e-09,1.553429601e-09,1.572768896e-09,1.592062252e-09,1.6113933e-09,1.630647729e-09,1.650040671e-09,1.669395893e-09,1.688692042e-09,1.706776161e-09]","[1.010558565e-09,1.023283949e-09,1.036022632e-09,1.048775095e-09,1.061550847e-09,1.074274387e-09,1.094610774e-09,1.113327198e-09,1.131941369e-09,1.150430843e-09,1.169059524e-09,1.187715589e-09,1.206236082e-09,1.2248519e-09,1.243454672e-09,1.262092029e-09,1.277549286e-09,1.289892521e-09,1.302601484e-09,1.315332917e-09,1.328120029e-09,1.340879098e-09,1.353593614e-09,1.366339613e-09,1.379145424e-09,1.391859334e-09,1.404610112e-09,1.417322142e-09,1.430073039e-09,1.44158004e-09]",0.9,000000111111110000000000000000,000001111110000000000000000000,000001111111000000000000000000,000001111111000000000000000000,0,5,11,7,1,1,0,0,0,phi_m02,-2,medium_200mv_200ps,0.2,2e-10,1.0743687e-09,7.43687e-11,1,1,9
scenarios/102_glitch_medium_200mv_200ps_phi_p00_o0102_v1p100000000000,capture,1.1,4,0,3e-10,1.3e-09,"[1.069020134e-09,1.099721497e-09,1.131846563e-09,1.163577952e-09,1.195629035e-09,1.227372283e-09,1.259260979e-09,1.282899019e-09,1.301880552e-09,1.321317165e-09,1.340633795e-09,1.359986194e-09,1.379303719e-09,1.398635845e-09,1.417913482e-09,1.437281491e-09,1.456634619e-09,1.476006877e-09,1.495385565e-09,1.514726456e-09,1.534031713e-09,1.553404296e-09,1.572760531e-09,1.592100744e-09,1.611441756e-09,1.630737371e-09,1.650075795e-09,1.669328832e-09,1.688704557e-09,1.706747135e-09]","[1.010558565e-09,1.023283949e-09,1.036022632e-09,1.048775095e-09,1.061550847e-09,1.074274387e-09,1.094610774e-09,1.113327198e-09,1.131941369e-09,1.150430843e-09,1.169059524e-09,1.187715589e-09,1.206236082e-09,1.2248519e-09,1.243454672e-09,1.262092029e-09,1.277516697e-09,1.289862152e-09,1.302498532e-09,1.31529091e-09,1.328085534e-09,1.340830781e-09,1.353542008e-09,1.366300047e-09,1.379097101e-09,1.391812815e-09,1.404559783e-09,1.417285892e-09,1.430048842e-09,1.441567828e-09]",0.9,000000001111111100000000000000,000000111111110000000000000000,000000111111110000000000000000,000000111111110000000000000000,0,6,13,8,1,1,0,0,0,phi_p00,0,medium_200mv_200ps,0.2,2e-10,1.0743687e-09,7.43687e-11,1,1,9
scenarios/103_glitch_medium_200mv_200ps_phi_p02_o0103_v1p100000000000,capture,1.1,4,0,3.2743686999999997e-10,1.32743687e-09,"[1.069020134e-09,1.099721497e-09,1.131846563e-09,1.163577952e-09,1.195629035e-09,1.227372283e-09,1.259260979e-09,1.282899019e-09,1.301945008e-09,1.321301649e-09,1.340590049e-09,1.359963699e-09,1.379327153e-09,1.398651363e-09,1.417993367e-09,1.437283092e-09,1.456584953e-09,1.475950076e-09,1.495301394e-09,1.514679436e-09,1.533989395e-09,1.553311959e-09,1.572660392e-09,1.591979215e-09,1.611265864e-09,1.630576128e-09,1.649857084e-09,1.669173915e-09,1.688483746e-09,1.706498092e-09]","[1.010558565e-09,1.023283949e-09,1.036022632e-09,1.048775095e-09,1.061550847e-09,1.074274387e-09,1.094610774e-09,1.113327198e-09,1.131941369e-09,1.150430843e-09,1.169059524e-09,1.187715589e-09,1.206236082e-09,1.2248519e-09,1.243454672e-09,1.262092029e-09,1.277516697e-09,1.289862152e-09,1.302560577e-09,1.31530831e-09,1.328018519e-09,1.340762404e-09,1.35350682e-09,1.366253442e-09,1.379043343e-09,1.391762946e-09,1.404506041e-09,1.417306946e-09,1.430025605e-09,1.441504662e-09]",0.9,000000000111111111000000000000,000000001111111100000000000000,000000001111111100000000000000,000000001111111100000000000000,0,8,15,8,1,1,0,0,0,phi_p02,2,medium_200mv_200ps,0.2,2e-10,1.0743687e-09,7.43687e-11,1,1,9
scenarios/104_glitch_medium_200mv_200ps_phi_p04_o0104_v1p100000000000,capture,1.1,4,0,3.5487374e-10,1.35487374e-09,"[1.069020134e-09,1.099721497e-09,1.131846563e-09,1.163577952e-09,1.195629035e-09,1.227372283e-09,1.259260979e-09,1.282899019e-09,1.301945008e-09,1.321301649e-09,1.34059578e-09,1.359872675e-09,1.379279385e-09,1.398620852e-09,1.417960722e-09,1.437278431e-09,1.456624009e-09,1.475946197e-09,1.495314252e-09,1.514593303e-09,1.533869706e-09,1.553271049e-09,1.572635804e-09,1.591960591e-09,1.611262419e-09,1.630601773e-09,1.649948392e-09,1.669348708e-09,1.688582403e-09,1.706604159e-09]","[1.010558565e-09,1.023283949e-09,1.036022632e-09,1.048775095e-09,1.061550847e-09,1.074274387e-09,1.094610774e-09,1.113327198e-09,1.131941369e-09,1.150430843e-09,1.169059524e-09,1.187715589e-09,1.206236082e-09,1.2248519e-09,1.243454672e-09,1.262092029e-09,1.277516697e-09,1.289862152e-09,1.302560577e-09,1.31530831e-09,1.328018057e-09,1.340773961e-09,1.35352292e-09,1.366219752e-09,1.378984352e-09,1.391718946e-09,1.404462704e-09,1.417263066e-09,1.429894978e-09,1.441420942e-09]",0.9,000000000001111111111000000000,000000000111111111000000000000,000000000111111111100000000000,000000000111111111100000000000,0,9,18,10,1,1,0,0,0,phi_p04,4,medium_200mv_200ps,0.2,2e-10,1.0743687e-09,7.43687e-11,1,1,8
scenarios/105_glitch_medium_200mv_200ps_phi_m04_o0105_v1p100000000000,capture,1.1,4,0,2.4512626e-10,1.2451262600000001e-09,"[1.069020134e-09,1.090074113e-09,1.123382853e-09,1.155192475e-09,1.187075869e-09,1.218930623e-09,1.250787276e-09,1.282833399e-09,1.302428046e-09,1.321693042e-09,1.341075764e-09,1.360421445e-09,1.379767764e-09,1.399082913e-09,1.41836241e-09,1.437690946e-09,1.457062248e-09,1.476459361e-09,1.495736464e-09,1.515065571e-09,1.534403266e-09,1.553774111e-09,1.573112031e-09,1.592400831e-09,1.611773983e-09,1.631066397e-09,1.650410555e-09,1.669817385e-09,1.689031918e-09,1.707138894e-09]","[1.010558565e-09,1.023283949e-09,1.036022632e-09,1.048775095e-09,1.061550847e-09,1.074298039e-09,1.087041408e-09,1.106732063e-09,1.125390976e-09,1.144044516e-09,1.162766023e-09,1.181331887e-09,1.199994765e-09,1.218654431e-09,1.237395733e-09,1.255874604e-09,1.274521819e-09,1.290544105e-09,1.302833731e-09,1.315550201e-09,1.328309234e-09,1.341070559e-09,1.353804857e-09,1.366546646e-09,1.379349465e-09,1.392064378e-09,1.404807361e-09,1.417525346e-09,1.430292685e-09,1.441772477e-09]",0.9,000000111111000000000000000000,000011111100000000000000000000,000011111110000000000000000000,000011111110000000000000000000,0,4,10,7,1,1,0,0,0,phi_m04,-4,medium_200mv_200ps,0.2,2e-10,1.088087135e-09,8.808713499999998e-11,1,1,8
scenarios/106_glitch_medium_200mv_200ps_phi_m02_o0106_v1p100000000000,capture,1.1,4,0,2.7256313e-10,1.27256313e-09,"[1.069020134e-09,1.090074113e-09,1.123382853e-09,1.155192475e-09,1.187075869e-09,1.218930623e-09,1.250940615e-09,1.282721051e-09,1.302371772e-09,1.321648916e-09,1.341002007e-09,1.360355163e-09,1.379711035e-09,1.399029461e-09,1.418273602e-09,1.437584528e-09,1.457022071e-09,1.476173122e-09,1.495592091e-09,1.514851413e-09,1.534187654e-09,1.553557195e-09,1.572929944e-09,1.592269987e-09,1.61165211e-09,1.630753009e-09,1.65012036e-09,1.669368752e-09,1.688761887e-09,1.706794302e-09]","[1.010558565e-09,1.023283949e-09,1.036022632e-09,1.048775095e-09,1.061550847e-09,1.074298039e-09,1.087041408e-09,1.106732063e-09,1.125390976e-09,1.144044516e-09,1.162766023e-09,1.181331887e-09,1.199994765e-09,1.218654431e-09,1.237395733e-09,1.256045674e-09,1.274520438e-09,1.29064242e-09,1.302931962e-09,1.315652881e-09,1.328416962e-09,1.341167925e-09,1.353904314e-09,1.366646379e-09,1.379446826e-09,1.392161492e-09,1.404904491e-09,1.417656772e-09,1.430373395e-09,1.441897654e-09]",0.9,000000011111110000000000000000,000001111111000000000000000000,000001111111000000000000000000,000001111111000000000000000000,0,5,11,7,1,1,0,0,0,phi_m02,-2,medium_200mv_200ps,0.2,2e-10,1.088087135e-09,8.808713499999998e-11,1,1,9
scenarios/107_glitch_medium_200mv_200ps_phi_p00_o0107_v1p100000000000,capture,1.1,4,0,3e-10,1.3e-09,"[1.069020134e-09,1.090074113e-09,1.123382853e-09,1.155192475e-09,1.187075869e-09,1.218930623e-09,1.250940615e-09,1.282771688e-09,1.302371568e-09,1.321678009e-09,1.341053492e-09,1.36037782e-09,1.379724458e-09,1.399044202e-09,1.418323498e-09,1.437649324e-09,1.457005375e-09,1.476361441e-09,1.495554948e-09,1.51485913e-09,1.534237376e-09,1.553565536e-09,1.572819529e-09,1.592196968e-09,1.611565341e-09,1.6308723e-09,1.650256465e-09,1.66960349e-09,1.688876519e-09,1.706916028e-09]","[1.010558565e-09,1.023283949e-09,1.036022632e-09,1.048775095e-09,1.061550847e-09,1.074298039e-09,1.087041408e-09,1.106732063e-09,1.125390976e-09,1.144044516e-09,1.162766023e-09,1.181331887e-09,1.199994765e-09,1.218654431e-09,1.237395733e-09,1.256045674e-09,1.274673736e-09,1.290646915e-09,1.302850407e-09,1.315633095e-09,1.328383793e-09,1.341175897e-09,1.353892854e-09,1.36663475e-09,1.379436608e-09,1.392151402e-09,1.404894634e-09,1.417614354e-09,1.430378258e-09,1.44186534e-09]",0.9,000000001111111100000000000000,000000111111110000000000000000,000000111111110000000000000000,000000111111110000000000000000,0,6,13,8,1,1,0,0,0,phi_p00,0,medium_200mv_200ps,0.2,2e-10,1.088087135e-09,8.808713499999998e-11,1,1,9
scenarios/108_glitch_medium_200mv_200ps_phi_p02_o0108_v1p100000000000,capture,1.1,4,0,3.2743686999999997e-10,1.32743687e-09,"[1.069020134e-09,1.090074113e-09,1.123382853e-09,1.155192475e-09,1.187075869e-09,1.218930623e-09,1.250940615e-09,1.282771688e-09,1.302401047e-09,1.321679239e-09,1.340998114e-09,1.360373026e-09,1.379735927e-09,1.399069083e-09,1.418407349e-09,1.437698887e-09,1.457003483e-09,1.476363429e-09,1.495716068e-09,1.515093857e-09,1.534391246e-09,1.553770953e-09,1.572989953e-09,1.592366897e-09,1.611689588e-09,1.631028677e-09,1.650318636e-09,1.669643083e-09,1.688951824e-09,1.706965791e-09]","[1.010558565e-09,1.023283949e-09,1.036022632e-09,1.048775095e-09,1.061550847e-09,1.074298039e-09,1.087041408e-09,1.106732063e-09,1.125390976e-09,1.144044516e-09,1.162766023e-09,1.181331887e-09,1.199994765e-09,1.218654431e-09,1.237395733e-09,1.256045674e-09,1.274673736e-09,1.290646915e-09,1.302944174e-09,1.31565875e-09,1.328356296e-09,1.34112611e-09,1.353873708e-09,1.366625364e-09,1.379402598e-09,1.392129691e-09,1.404873959e-09,1.417672763e-09,1.430393164e-09,1.441872262e-09]",0.9,000000000111111111000000000000,000000001111111100000000000000,000000001111111100000000000000,000000001111111100000000000000,0,8,15,8,1,1,0,0,0,phi_p02,2,medium_200mv_200ps,0.2,2e-10,1.088087135e-09,8.808713499999998e-11,1,1,9
scenarios/109_glitch_medium_200mv_200ps_phi_p04_o0109_v1p100000000000,capture,1.1,4,0,3.5487374e-10,1.35487374e-09,"[1.069020134e-09,1.090074113e-09,1.123382853e-09,1.155192475e-09,1.187075869e-09,1.218930623e-09,1.250940615e-09,1.282771688e-09,1.302401047e-09,1.321679239e-09,1.341057153e-09,1.360256861e-09,1.379654352e-09,1.398994966e-09,1.418341178e-09,1.437678714e-09,1.456980981e-09,1.476287546e-09,1.495585719e-09,1.514986126e-09,1.534299934e-09,1.55354481e-09,1.572825548e-09,1.592183027e-09,1.611540932e-09,1.630930005e-09,1.650239174e-09,1.669461175e-09,1.688761672e-09,1.706774588e-09]","[1.010558565e-09,1.023283949e-09,1.036022632e-09,1.048775095e-09,1.061550847e-09,1.074298039e-09,1.087041408e-09,1.106732063e-09,1.125390976e-09,1.144044516e-09,1.162766023e-09,1.181331887e-09,1.199994765e-09,1.218654431e-09,1.237395733e-09,1.256045674e-09,1.274673736e-09,1.290646915e-09,1.302944174e-09,1.31565875e-09,1.328385444e-09,1.341206363e-09,1.353877737e-09,1.366602801e-09,1.37938021e-09,1.39209678e-09,1.404882959e-09,1.41764477e-09,1.430370575e-09,1.441870016e-09]",0.9,000000000001111111111000000000,000000000111111111000000000000,000000000111111111100000000000,000000000111111111100000000000,0,9,18,10,1,1,0,0,0,phi_p04,4,medium_200mv_200ps,0.2,2e-10,1.088087135e-09,8.808713499999998e-11,1,1,8
scenarios/110_glitch_medium_200mv_200ps_phi_m04_o0110_v1p100000000000,capture,1.1,4,0,2.4512626e-10,1.2451262600000001e-09,"[1.069020134e-09,1.088269675e-09,1.113597699e-09,1.146283459e-09,1.178075992e-09,1.20990496e-09,1.241875404e-09,1.273691144e-09,1.302788007e-09,1.321463312e-09,1.340769173e-09,1.360101541e-09,1.37944945e-09,1.398769453e-09,1.41801129e-09,1.437333375e-09,1.456719525e-09,1.476054012e-09,1.495366281e-09,1.514607483e-09,1.53394386e-09,1.553276724e-09,1.572584233e-09,1.591911846e-09,1.611261784e-09,1.630475203e-09,1.649739557e-09,1.669181372e-09,1.688461903e-09,1.706500014e-09]","[1.010558565e-09,1.023283949e-09,1.036022632e-09,1.048775095e-09,1.061550847e-09,1.074298039e-09,1.087076059e-09,1.099810623e-09,1.119010209e-09,1.137732415e-09,1.156341486e-09,1.174954487e-09,1.193552843e-09,1.21215783e-09,1.230731879e-09,1.249133297e-09,1.267900096e-09,1.286516818e-09,1.303162825e-09,1.315430117e-09,1.328164458e-09,1.340950209e-09,1.353672784e-09,1.366414816e-09,1.379216222e-09,1.391930921e-09,1.404674237e-09,1.417363885e-09,1.430115245e-09,1.4416027e-09]",0.9,000000111111100000000000000000,000011111100000000000000000000,000001111110000000000000000000,000001111110000000000000000000,0,5,10,6,1,1,0,0,0,phi_m04,-4,medium_200mv_200ps,0.2,2e-10,1.10180557e-09,1.0180557000000002e-10,1,1,7
scenarios/111_glitch_medium_200mv_200ps_phi_m02_o0111_v1p100000000000,capture,1.1,4,0,2.7256313e-10,1.27256313e-09,"[1.069020134e-09,1.088269675e-09,1.113597699e-09,1.146283459e-09,1.178075992e-09,1.20990496e-09,1.241875404e-09,1.273674666e-09,1.302793601e-09,1.321484671e-09,1.340786891e-09,1.360111591e-09,1.379458458e-09,1.398776865e-09,1.418019351e-09,1.437334704e-09,1.45676837e-09,1.47590725e-09,1.495317418e-09,1.514639781e-09,1.533993285e-09,1.553348368e-09,1.572644139e-09,1.591930878e-09,1.611182512e-09,1.630557833e-09,1.649939942e-09,1.669232088e-09,1.688524349e-09,1.706504853e-09]","[1.010558565e-09,1.023283949e-09,1.036022632e-09,1.048775095e-09,1.061550847e-09,1.074298039e-09,1.087076059e-09,1.099810623e-09,1.119010209e-09,1.137732415e-09,1.156341486e-09,1.174954487e-09,1.193552843e-09,1.21215783e-09,1.230731879e-09,1.249332409e-09,1.267963404e-09,1.286452145e-09,1.303104692e-09,1.315371313e-09,1.328102199e-09,1.340896555e-09,1.353614847e-09,1.36635664e-09,1.37915848e-09,1.391873312e-09,1.404616456e-09,1.417367345e-09,1.430085111e-09,1.44160798e-09]",0.9,000000011111110000000000000000,000001111111000000000000000000,000000111111000000000000000000,000000111111000000000000000000,0,6,11,6,1,1,0,0,0,phi_m02,-2,medium_200mv_200ps,0.2,2e-10,1.10180557e-09,1.0180557000000002e-10,1,1,8
scenarios/112_glitch_medium_200mv_200ps_phi_p00_o0112_v1p100000000000,capture,1.1,4,0,3e-10,1.3e-09,"[1.069020134e-09,1.088269675e-09,1.113597699e-09,1.146283459e-09,1.178075992e-09,1.20990496e-09,1.241875404e-09,1.273658203e-09,1.302781546e-09,1.321455469e-09,1.340753153e-09,1.360107779e-09,1.379478013e-09,1.398824254e-09,1.418169725e-09,1.437480416e-09,1.456896429e-09,1.476270094e-09,1.495465448e-09,1.514808333e-09,1.534131771e-09,1.55345059e-09,1.572806988e-09,1.592187524e-09,1.611556442e-09,1.630916617e-09,1.650214112e-09,1.669521887e-09,1.688914486e-09,1.706895294e-09]","[1.010558565e-09,1.023283949e-09,1.036022632e-09,1.048775095e-09,1.061550847e-09,1.074298039e-09,1.087076059e-09,1.099810623e-09,1.119010209e-09,1.137732415e-09,1.156341486e-09,1.174954487e-09,1.193552843e-09,1.21215783e-09,1.230731879e-09,1.249332409e-09,1.267963404e-09,1.286580373e-09,1.303106529e-09,1.31538084e-09,1.328134653e-09,1.340833345e-09,1.353588989e-09,1.366356462e-09,1.37909942e-09,1.391845303e-09,1.404587602e-09,1.417385238e-09,1.43003299e-09,1.441545677e-09]",0.9,000000001111111100000000000000,000000111111110000000000000000,000000111111110000000000000000,000000111111110000000000000000,0,6,13,8,1,1,0,0,0,phi_p00,0,medium_200mv_200ps,0.2,2e-10,1.10180557e-09,1.0180557000000002e-10,1,1,9
scenarios/113_glitch_medium_200mv_200ps_phi_p02_o0113_v1p100000000000,capture,1.1,4,0,3.2743686999999997e-10,1.32743687e-09,"[1.069020134e-09,1.088269675e-09,1.113597699e-09,1.146283459e-09,1.178075992e-09,1.20990496e-09,1.241875404e-09,1.273658203e-09,1.302768916e-09,1.321430419e-09,1.340744418e-09,1.360088412e-09,1.379410926e-09,1.398725402e-09,1.418070852e-09,1.437361058e-09,1.456664991e-09,1.476026279e-09,1.495378618e-09,1.514756441e-09,1.534056307e-09,1.553397231e-09,1.572661427e-09,1.592008396e-09,1.611261059e-09,1.630637919e-09,1.649985001e-09,1.669257944e-09,1.688625702e-09,1.706579662e-09]","[1.010558565e-09,1.023283949e-09,1.036022632e-09,1.048775095e-09,1.061550847e-09,1.074298039e-09,1.087076059e-09,1.099810623e-09,1.119010209e-09,1.137732415e-09,1.156341486e-09,1.174954487e-09,1.193552843e-09,1.21215783e-09,1.230731879e-09,1.249332409e-09,1.267963404e-09,1.286580373e-09,1.303090424e-09,1.315346826e-09,1.328037092e-09,1.340824515e-09,1.353539572e-09,1.366285461e-09,1.379092725e-09,1.391807044e-09,1.404549113e-09,1.417349186e-09,1.430068283e-09,1.441547346e-09]",0.9,000000000111111111000000000000,000000011111111100000000000000,000000001111111100000000000000,000000001111111100000000000000,0,8,15,8,1,1,0,0,0,phi_p02,2,medium_200mv_200ps,0.2,2e-10,1.10180557e-09,1.0180557000000002e-10,1,1,9
scenarios/114_glitch_medium_200mv_200ps_phi_p04_o0114_v1p100000000000,capture,1.1,4,0,3.5487374e-10,1.35487374e-09,"[1.069020134e-09,1.088269675e-09,1.113597699e-09,1.146283459e-09,1.178075992e-09,1.20990496e-09,1.241875404e-09,1.273658203e-09,1.302768916e-09,1.321430419e-09,1.340736648e-09,1.359932338e-09,1.379342819e-09,1.398682478e-09,1.418027233e-09,1.437369739e-09,1.45665024e-09,1.47598799e-09,1.495263716e-09,1.51468816e-09,1.533999851e-09,1.55326779e-09,1.572552051e-09,1.591886968e-09,1.611127832e-09,1.63046576e-09,1.649754161e-09,1.668988202e-09,1.688340929e-09,1.706380209e-09]","[1.010558565e-09,1.023283949e-09,1.036022632e-09,1.048775095e-09,1.061550847e-09,1.074298039e-09,1.087076059e-09,1.099810623e-09,1.119010209e-09,1.137732415e-09,1.156341486e-09,1.174954487e-09,1.193552843e-09,1.21215783e-09,1.230731879e-09,1.249332409e-09,1.267963404e-09,1.286580373e-09,1.303090424e-09,1.315346826e-09,1.328094259e-09,1.34087081e-09,1.353540819e-09,1.366247393e-09,1.379039961e-09,1.391756457e-09,1.404536954e-09,1.417304673e-09,1.43003117e-09,1.441546436e-09]",0.9,000000000001111111111000000000,000000000111111111000000000000,000000000111111111100000000000,000000000111111111100000000000,0,9,18,10,1,1,0,0,0,phi_p04,4,medium_200mv_200ps,0.2,2e-10,1.10180557e-09,1.0180557000000002e-10,1,1,8
scenarios/115_glitch_medium_200mv_200ps_phi_m04_o0115_v1p100000000000,capture,1.1,4,0,2.4512626e-10,1.2451262600000001e-09,"[1.069020134e-09,1.088269675e-09,1.107572288e-09,1.137063334e-09,1.169184277e-09,1.201033557e-09,1.233045737e-09,1.264846243e-09,1.296735731e-09,1.321969202e-09,1.340869824e-09,1.360224276e-09,1.379556369e-09,1.398899662e-09,1.418174776e-09,1.437544007e-09,1.456950557e-09,1.476261023e-09,1.495585823e-09,1.514927415e-09,1.534174431e-09,1.553496172e-09,1.572895763e-09,1.592160022e-09,1.611412408e-09,1.630719019e-09,1.650002369e-09,1.669360389e-09,1.68865723e-09,1.70668001e-09]","[1.010558565e-09,1.023283949e-09,1.036022632e-09,1.048775095e-09,1.061550847e-09,1.074298039e-09,1.087076059e-09,1.099810623e-09,1.112560234e-09,1.131378958e-09,1.150194488e-09,1.168840662e-09,1.187362892e-09,1.205990354e-09,1.224634581e-09,1.243104079e-09,1.26164802e-09,1.280289502e-09,1.298892639e-09,1.316186308e-09,1.328211754e-09,1.340917657e-09,1.353633663e-09,1.366415183e-09,1.3791943e-09,1.391911935e-09,1.404663597e-09,1.417390753e-09,1.430149133e-09,1.441659845e-09]",0.9,000000111111100000000000000000,000001111110000000000000000000,000001111110000000000000000000,000001111110000000000000000000,0,5,10,6,1,1,0,0,0,phi_m04,-4,medium_200mv_200ps,0.2,2e-10,1.115524005e-09,1.1552400500000001e-10,1,1,7
scenarios/116_glitch_medium_200mv_200ps_phi_m02_o0116_v1p100000000000,capture,1.1,4,0,2.7256313e-10,1.27256313e-09,"[1.069020134e-09,1.088269675e-09,1.107572288e-09,1.137063334e-09,1.169184277e-09,1.201033557e-09,1.233045737e-09,1.264840558e-09,1.296790091e-09,1.321939256e-09,1.340813628e-09,1.360128543e-09,1.379473551e-09,1.398793248e-09,1.418035842e-09,1.437357665e-09,1.456683235e-09,1.475937266e-09,1.495359762e-09,1.51461596e-09,1.533989457e-09,1.553314385e-09,1.572654925e-09,1.591993796e-09,1.611377238e-09,1.630723724e-09,1.649996607e-09,1.669364095e-09,1.68860117e-09,1.706629223e-09]","[1.010558565e-09,1.023283949e-09,1.036022632e-09,1.048775095e-09,1.061550847e-09,1.074298039e-09,1.087076059e-09,1.099810623e-09,1.112560234e-09,1.131378958e-09,1.150194488e-09,1.168840662e-09,1.187362892e-09,1.205990354e-09,1.224634581e-09,1.243157986e-09,1.26176939e-09,1.28010593e-09,1.298714784e-09,1.316212933e-09,1.328248525e-09,1.34100804e-09,1.353721035e-09,1.366463529e-09,1.37926514e-09,1.391979682e-09,1.404722813e-09,1.417412192e-09,1.430163023e-09,1.441650908e-09]",0.9,000000011111111000000000000000,000000111111000000000000000000,000000111111100000000000000000,000000111111100000000000000000,0,6,12,7,1,1,0,0,0,phi_m02,-2,medium_200mv_200ps,0.2,2e-10,1.115524005e-09,1.1552400500000001e-10,1,1,7
scenarios/117_glitch_medium_200mv_200ps_phi_p00_o0117_v1p100000000000,capture,1.1,4,0,3e-10,1.3e-09,"[1.069020134e-09,1.088269675e-09,1.107572288e-09,1.137063334e-09,1.169184277e-09,1.201033557e-09,1.233045737e-09,1.264840558e-09,1.296635138e-09,1.321851479e-09,1.340707295e-09,1.360070304e-09,1.379436833e-09,1.398778558e-09,1.418056468e-09,1.437382801e-09,1.456736884e-09,1.476094428e-09,1.495283247e-09,1.514637484e-09,1.533954724e-09,1.55327867e-09,1.572639642e-09,1.591990594e-09,1.611377762e-09,1.630721394e-09,1.650128122e-09,1.66933702e-09,1.688657377e-09,1.706698346e-09]","[1.010558565e-09,1.023283949e-09,1.036022632e-09,1.048775095e-09,1.061550847e-09,1.074298039e-09,1.087076059e-09,1.099810623e-09,1.112560234e-09,1.131378958e-09,1.150194488e-09,1.168840662e-09,1.187362892e-09,1.205990354e-09,1.224634581e-09,1.243157986e-09,1.26176939e-09,1.280374484e-09,1.298874794e-09,1.316172898e-09,1.32816334e-09,1.340846637e-09,1.353602639e-09,1.366360182e-09,1.379124664e-09,1.39185881e-09,1.404602766e-09,1.417322292e-09,1.4300869e-09,1.441572619e-09]",0.9,000000001111111100000000000000,000000111111110000000000000000,000000011111110000000000000000,000000011111110000000000000000,0,7,13,7,1,1,0,0,0,phi_p00,0,medium_200mv_200ps,0.2,2e-10,1.115524005e-09,1.1552400500000001e-10,1,1,8
scenarios/118_glitch_medium_200mv_200ps_phi_p02_o0118_v1p100000000000,capture,1.1,4,0,3.2743686999999997e-10,1.32743687e-09,"[1.069020134e-09,1.088269675e-09,1.107572288e-09,1.137063334e-09,1.169184277e-09,1.201033557e-09,1.233045737e-09,1.264840558e-09,1.296650204e-09,1.321877207e-09,1.340748179e-09,1.360106237e-09,1.379434801e-09,1.39877518e-09,1.418093834e-09,1.437417619e-09,1.456721787e-09,1.476099218e-09,1.495428654e-09,1.514708505e-09,1.534029064e-09,1.553339084e-09,1.572677106e-09,1.591988356e-09,1.611275079e-09,1.630585141e-09,1.64986611e-09,1.66918297e-09,1.688492793e-09,1.706507136e-09]","[1.010558565e-09,1.023283949e-09,1.036022632e-09,1.048775095e-09,1.061550847e-09,1.074298039e-09,1.087076059e-09,1.099810623e-09,1.112560234e-09,1.131378958e-09,1.150194488e-09,1.168840662e-09,1.187362892e-09,1.205990354e-09,1.224634581e-09,1.243157986e-09,1.26176939e-09,1.280374484e-09,1.298937009e-09,1.316172907e-09,1.328122024e-09,1.340850868e-09,1.353565479e-09,1.366343635e-09,1.379126373e-09,1.391843276e-09,1.404594367e-09,1.417383479e-09,1.430109712e-09,1.441638093e-09]",0.9,000000000111111111000000000000,000000001111111100000000000000,000000001111111100000000000000,000000001111111100000000000000,0,8,15,8,1,1,0,0,0,phi_p02,2,medium_200mv_200ps,0.2,2e-10,1.115524005e-09,1.1552400500000001e-10,1,1,9
scenarios/119_glitch_medium_200mv_200ps_phi_p04_o0119_v1p100000000000,capture,1.1,4,0,3.5487374e-10,1.35487374e-09,"[1.069020134e-09,1.088269675e-09,1.107572288e-09,1.137063334e-09,1.169184277e-09,1.201033557e-09,1.233045737e-09,1.264840558e-09,1.296650204e-09,1.321877207e-09,1.340762776e-09,1.359967867e-09,1.379382004e-09,1.398724471e-09,1.418065207e-09,1.437390382e-09,1.45669309e-09,1.476090777e-09,1.495432628e-09,1.514792353e-09,1.534113986e-09,1.553405997e-09,1.572718995e-09,1.592102801e-09,1.61147907e-09,1.630828424e-09,1.650143931e-09,1.66953634e-09,1.688805746e-09,1.706776752e-09]","[1.010558565e-09,1.023283949e-09,1.036022632e-09,1.048775095e-09,1.061550847e-09,1.074298039e-09,1.087076059e-09,1.099810623e-09,1.112560234e-09,1.131378958e-09,1.150194488e-09,1.168840662e-09,1.187362892e-09,1.205990354e-09,1.224634581e-09,1.243157986e-09,1.26176939e-09,1.280374484e-09,1.298937009e-09,1.316172907e-09,1.328195969e-09,1.34093339e-09,1.353646749e-09,1.366317957e-09,1.379114573e-09,1.391830567e-09,1.404606417e-09,1.417379761e-09,1.430104627e-09,1.441627371e-09]",0.9,000000000001111111111000000000,000000000111111111000000000000,000000000111111111100000000000,000000000111111111100000000000,0,9,18,10,1,1,0,0,0,phi_p04,4,medium_200mv_200ps,0.2,2e-10,1.115524005e-09,1.1552400500000001e-10,1,1,8
scenarios/120_glitch_medium_200mv_200ps_phi_m04_o0120_v1p100000000000,capture,1.1,4,0,2.4512626e-10,1.2451262600000001e-09,"[1.069020134e-09,1.088269675e-09,1.107572288e-09,1.12688832e-09,1.159759648e-09,1.191799808e-09,1.223580636e-09,1.255454303e-09,1.28739073e-09,1.31939703e-09,1.340696164e-09,1.359925089e-09,1.379236954e-09,1.39857537e-09,1.417810505e-09,1.437121835e-09,1.456483461e-09,1.475857025e-09,1.49509291e-09,1.514443864e-09,1.533832636e-09,1.553191222e-09,1.572495712e-09,1.591864884e-09,1.61123725e-09,1.630516128e-09,1.649878157e-09,1.669082848e-09,1.688424606e-09,1.706455455e-09]","[1.010558565e-09,1.023283949e-09,1.036022632e-09,1.048775095e-09,1.061550847e-09,1.074298039e-09,1.087076059e-09,1.099810623e-09,1.112560234e-09,1.125318458e-09,1.143851946e-09,1.162664529e-09,1.181148666e-09,1.199809276e-09,1.218344507e-09,1.236954726e-09,1.255399662e-09,1.27400631e-09,1.292629043e-09,1.311268987e-09,1.329364064e-09,1.340975166e-09,1.353669804e-09,1.36643386e-09,1.379226176e-09,1.39194117e-09,1.404691016e-09,1.417378125e-09,1.430126909e-09,1.441622864e-09]",0.9,000000011111100000000000000000,000001111110000000000000000000,000001111111000000000000000000,000001111111000000000000000000,0,5,11,7,1,1,0,0,0,phi_m04,-4,medium_200mv_200ps,0.2,2e-10,1.12924244e-09,1.2924244e-10,1,1,6
scenarios/121_glitch_medium_200mv_200ps_phi_m02_o0121_v1p100000000000,capture,1.1,4,0,2.7256313e-10,1.27256313e-09,"[1.069020134e-09,1.088269675e-09,1.107572288e-09,1.12688832e-09,1.159759648e-09,1.191799808e-09,1.223580636e-09,1.25560708e-09,1.287274011e-09,1.319341503e-09,1.340651033e-09,1.359870942e-09,1.379178545e-09,1.398517884e-09,1.41783533e-09,1.437085044e-09,1.456451526e-09,1.475800312e-09,1.495213955e-09,1.514503163e-09,1.533872614e-09,1.553156793e-09,1.572492358e-09,1.591792996e-09,1.611143148e-09,1.63039378e-09,1.649789973e-09,1.669174042e-09,1.688483641e-09,1.706491926e-09]","[1.010558565e-09,1.023283949e-09,1.036022632e-09,1.048775095e-09,1.061550847e-09,1.074298039e-09,1.087076059e-09,1.099810623e-09,1.112560234e-09,1.125318458e-09,1.143851946e-09,1.162664529e-09,1.181148666e-09,1.199809276e-09,1.218344507e-09,1.236954726e-09,1.255543057e-09,1.273914771e-09,1.292632841e-09,1.311279223e-09,1.329402062e-09,1.341021912e-09,1.353712741e-09,1.366479915e-09,1.379269526e-09,1.391984012e-09,1.404733909e-09,1.417527895e-09,1.430165395e-09,1.441586196e-09]",0.9,000000001111111000000000000000,000000111111100000000000000000,000000111111100000000000000000,000000111111100000000000000000,0,6,12,7,1,1,0,0,0,phi_m02,-2,medium_200mv_200ps,0.2,2e-10,1.12924244e-09,1.2924244e-10,1,1,7
scenarios/122_glitch_medium_200mv_200ps_phi_p00_o0122_v1p100000000000,capture,1.1,4,0,3e-10,1.3e-09,"[1.069020134e-09,1.088269675e-09,1.107572288e-09,1.12688832e-09,1.159759648e-09,1.191799808e-09,1.223580636e-09,1.25560708e-09,1.287412071e-09,1.319285353e-09,1.340738396e-09,1.359893087e-09,1.379267646e-09,1.398604836e-09,1.417948046e-09,1.43720457e-09,1.45658951e-09,1.475963527e-09,1.495339297e-09,1.514656727e-09,1.534045128e-09,1.553365838e-09,1.572666497e-09,1.592005218e-09,1.611352537e-09,1.630752988e-09,1.649978564e-09,1.669294392e-09,1.688661257e-09,1.706710388e-09]","[1.010558565e-09,1.023283949e-09,1.036022632e-09,1.048775095e-09,1.061550847e-09,1.074298039e-09,1.087076059e-09,1.099810623e-09,1.112560234e-09,1.125318458e-09,1.143851946e-09,1.162664529e-09,1.181148666e-09,1.199809276e-09,1.218344507e-09,1.236954726e-09,1.255543057e-09,1.274088059e-09,1.292578975e-09,1.311018028e-09,1.329387242e-09,1.341020439e-09,1.353694985e-09,1.366445788e-09,1.379222197e-09,1.391948427e-09,1.40469127e-09,1.417495177e-09,1.430210089e-09,1.441696869e-09]",0.9,000000001111111100000000000000,000000011111110000000000000000,000000011111110000000000000000,000000011111110000000000000000,0,7,13,7,1,1,0,0,0,phi_p00,0,medium_200mv_200ps,0.2,2e-10,1.12924244e-09,1.2924244e-10,1,1,8
scenarios/123_glitch_medium_200mv_200ps_phi_p02_o0123_v1p100000000000,capture,1.1,4,0,3.2743686999999997e-10,1.32743687e-09,"[1.069020134e-09,1.088269675e-09,1.107572288e-09,1.12688832e-09,1.159759648e-09,1.191799808e-09,1.223580636e-09,1.25560708e-09,1.287412071e-09,1.319214833e-09,1.340652467e-09,1.359856629e-09,1.379197345e-09,1.398556237e-09,1.417917539e-09,1.43723405e-09,1.45654528e-09,1.475893679e-09,1.495263339e-09,1.514538882e-09,1.533817161e-09,1.553193035e-09,1.572472292e-09,1.591741975e-09,1.610998161e-09,1.630385576e-09,1.649641224e-09,1.668913297e-09,1.688265522e-09,1.706296791e-09]","[1.010558565e-09,1.023283949e-09,1.036022632e-09,1.048775095e-09,1.061550847e-09,1.074298039e-09,1.087076059e-09,1.099810623e-09,1.112560234e-09,1.125318458e-09,1.143851946e-09,1.162664529e-09,1.181148666e-09,1.199809276e-09,1.218344507e-09,1.236954726e-09,1.255543057e-09,1.274088059e-09,1.292578975e-09,1.31110248e-09,1.329402846e-09,1.341130728e-09,1.353823394e-09,1.366591545e-09,1.379330202e-09,1.392069942e-09,1.404813453e-09,1.417610421e-09,1.430326229e-09,1.441850765e-09]",0.9,000000000111111111000000000000,000000001111111100000000000000,000000001111111100000000000000,000000001111111100000000000000,0,8,15,8,1,1,0,0,0,phi_p02,2,medium_200mv_200ps,0.2,2e-10,1.12924244e-09,1.2924244e-10,1,1,9
scenarios/124_glitch_medium_200mv_200ps_phi_p04_o0124_v1p100000000000,capture,1.1,4,0,3.5487374e-10,1.35487374e-09,"[1.069020134e-09,1.088269675e-09,1.107572288e-09,1.12688832e-09,1.159759648e-09,1.191799808e-09,1.223580636e-09,1.25560708e-09,1.287412071e-09,1.319214833e-09,1.340671577e-09,1.359784832e-09,1.379140586e-09,1.398505244e-09,1.417871121e-09,1.437214648e-09,1.456494567e-09,1.47587184e-09,1.495089609e-09,1.514445875e-09,1.533857213e-09,1.553116139e-09,1.572497608e-09,1.591822312e-09,1.611128419e-09,1.630468162e-09,1.649863442e-09,1.669176024e-09,1.688455488e-09,1.706540903e-09]","[1.010558565e-09,1.023283949e-09,1.036022632e-09,1.048775095e-09,1.061550847e-09,1.074298039e-09,1.087076059e-09,1.099810623e-09,1.112560234e-09,1.125318458e-09,1.143851946e-09,1.162664529e-09,1.181148666e-09,1.199809276e-09,1.218344507e-09,1.236954726e-09,1.255543057e-09,1.274088059e-09,1.292578975e-09,1.31110248e-09,1.329419637e-09,1.341066642e-09,1.353747618e-09,1.366453443e-09,1.37915936e-09,1.391915947e-09,1.404681771e-09,1.417428518e-09,1.430173434e-09,1.441698923e-09]",0.9,000000000001111111111000000000,000000000111111111000000000000,000000000111111111000000000000,000000000111111111000000000000,0,9,17,9,1,1,0,0,0,phi_p04,4,medium_200mv_200ps,0.2,2e-10,1.12924244e-09,1.2924244e-10,1,1,9
scenarios/125_glitch_medium_200mv_200ps_phi_m04_o0125_v1p100000000000,capture,1.1,4,0,2.4512626e-10,1.2451262600000001e-09,"[1.069020134e-09,1.088269675e-09,1.107572288e-09,1.12688832e-09,1.150284932e-09,1.183493538e-09,1.215354459e-09,1.247189962e-09,1.279233422e-09,1.31101246e-09,1.34288379e-09,1.360451783e-09,1.379750232e-09,1.399092156e-09,1.418321229e-09,1.43760963e-09,1.457007342e-09,1.476358239e-09,1.495702411e-09,1.515045851e-09,1.534387252e-09,1.553682324e-09,1.573018522e-09,1.592272039e-09,1.611651548e-09,1.631025785e-09,1.650318875e-09,1.66966514e-09,1.689072218e-09,1.70699991e-09]","[1.010558565e-09,1.023283949e-09,1.036022632e-09,1.048775095e-09,1.061550847e-09,1.074298039e-09,1.087076059e-09,1.099810623e-09,1.112560234e-09,1.125318458e-09,1.13806122e-09,1.156140111e-09,1.175011016e-09,1.19360041e-09,1.212318677e-09,1.230964615e-09,1.249337031e-09,1.268118964e-09,1.286760774e-09,1.305377729e-09,1.323989082e-09,1.342429023e-09,1.354121395e-09,1.366801847e-09,1.379606304e-09,1.392322277e-09,1.405074343e-09,1.417825862e-09,1.430543535e-09,1.442048532e-09]",0.9,000000011111110000000000000000,000001111110000000000000000000,000000111111000000000000000000,000000111111000000000000000000,0,6,11,6,1,1,0,0,0,phi_m04,-4,medium_200mv_200ps,0.2,2e-10,1.142960875e-09,1.4296087499999998e-10,1,1,5
scenarios/126_glitch_medium_200mv_200ps_phi_m02_o0126_v1p100000000000,capture,1.1,4,0,2.7256313e-10,1.27256313e-09,"[1.069020134e-09,1.088269675e-09,1.107572288e-09,1.12688832e-09,1.150284932e-09,1.183493538e-09,1.215354459e-09,1.247284481e-09,1.279097773e-09,1.311112341e-09,1.342836805e-09,1.360400525e-09,1.379714031e-09,1.399058535e-09,1.418389656e-09,1.437614302e-09,1.456981742e-09,1.47617422e-09,1.495587434e-09,1.514826408e-09,1.534170876e-09,1.553507534e-09,1.57285722e-09,1.592255737e-09,1.611610472e-09,1.630887619e-09,1.650258078e-09,1.669581653e-09,1.688809248e-09,1.706858188e-09]","[1.010558565e-09,1.023283949e-09,1.036022632e-09,1.048775095e-09,1.061550847e-09,1.074298039e-09,1.087076059e-09,1.099810623e-09,1.112560234e-09,1.125318458e-09,1.13806122e-09,1.156140111e-09,1.175011016e-09,1.19360041e-09,1.212318677e-09,1.230964615e-09,1.249573716e-09,1.268015029e-09,1.286624216e-09,1.305303228e-09,1.323936916e-09,1.342342798e-09,1.354028585e-09,1.366751911e-09,1.379513241e-09,1.392229132e-09,1.404981019e-09,1.41778087e-09,1.430499149e-09,1.441916691e-09]",0.9,000000001111111000000000000000,000000111111100000000000000000,000000111111100000000000000000,000000111111100000000000000000,0,6,12,7,1,1,0,0,0,phi_m02,-2,medium_200mv_200ps,0.2,2e-10,1.142960875e-09,1.4296087499999998e-10,1,1,7
scenarios/127_glitch_medium_200mv_200ps_phi_p00_o0127_v1p100000000000,capture,1.1,4,0,3e-10,1.3e-09,"[1.069020134e-09,1.088269675e-09,1.107572288e-09,1.12688832e-09,1.150284932e-09,1.183493538e-09,1.215354459e-09,1.247284481e-09,1.279165295e-09,1.310945201e-09,1.342750833e-09,1.36036613e-09,1.379661406e-09,1.398993085e-09,1.418334716e-09,1.437648735e-09,1.456924085e-09,1.476299796e-09,1.49553045e-09,1.514871386e-09,1.534261424e-09,1.553586416e-09,1.572858481e-09,1.592208491e-09,1.611593846e-09,1.630936573e-09,1.650343232e-09,1.669553569e-09,1.688863283e-09,1.70691004e-09]","[1.010558565e-09,1.023283949e-09,1.036022632e-09,1.048775095e-09,1.061550847e-09,1.074298039e-09,1.087076059e-09,1.099810623e-09,1.112560234e-09,1.125318458e-09,1.13806122e-09,1.156140111e-09,1.175011016e-09,1.19360041e-09,1.212318677e-09,1.230964615e-09,1.249573716e-09,1.268015029e-09,1.28670697e-09,1.305019251e-09,1.323745635e-09,1.342276238e-09,1.35401854e-09,1.36671891e-09,1.379498744e-09,1.392224419e-09,1.404967531e-09,1.417769621e-09,1.430486418e-09,1.442012848e-09]",0.9,000000000111111110000000000000,000000011111110000000000000000,000000011111111000000000000000,000000011111111000000000000000,0,7,14,8,1,1,0,0,0,phi_p00,0,medium_200mv_200ps,0.2,2e-10,1.142960875e-09,1.4296087499999998e-10,1,1,7
scenarios/128_glitch_medium_200mv_200ps_phi_p02_o0128_v1p100000000000,capture,1.1,4,0,3.2743686999999997e-10,1.32743687e-09,"[1.069020134e-09,1.088269675e-09,1.107572288e-09,1.12688832e-09,1.150284932e-09,1.183493538e-09,1.215354459e-09,1.247284481e-09,1.279165295e-09,1.311034763e-09,1.342703265e-09,1.360309245e-09,1.379623542e-09,1.398967374e-09,1.418298848e-09,1.437605045e-09,1.45693991e-09,1.476326041e-09,1.495676098e-09,1.51495417e-09,1.534211851e-09,1.553547317e-09,1.572906968e-09,1.592244629e-09,1.611574264e-09,1.630848248e-09,1.650043352e-09,1.669392008e-09,1.688745408e-09,1.706775484e-09]","[1.010558565e-09,1.023283949e-09,1.036022632e-09,1.048775095e-09,1.061550847e-09,1.074298039e-09,1.087076059e-09,1.099810623e-09,1.112560234e-09,1.125318458e-09,1.13806122e-09,1.156140111e-09,1.175011016e-09,1.19360041e-09,1.212318677e-09,1.230964615e-09,1.249573716e-09,1.268015029e-09,1.28670697e-09,1.305108478e-09,1.323761673e-09,1.342187584e-09,1.353909902e-09,1.36663145e-09,1.379391755e-09,1.392107949e-09,1.404861373e-09,1.417658267e-09,1.430378108e-09,1.4419065e-09]",0.9,000000000011111111000000000000,000000001111111100000000000000,000000001111111100000000000000,000000001111111100000000000000,0,8,15,8,1,1,0,0,0,phi_p02,2,medium_200mv_200ps,0.2,2e-10,1.142960875e-09,1.4296087499999998e-10,1,1,9
scenarios/129_glitch_medium_200mv_200ps_phi_p04_o0129_v1p100000000000,capture,1.1,4,0,3.5487374e-10,1.35487374e-09,"[1.069020134e-09,1.088269675e-09,1.107572288e-09,1.12688832e-09,1.150284932e-09,1.183493538e-09,1.215354459e-09,1.247284481e-09,1.279165295e-09,1.311034763e-09,1.342713617e-09,1.360232595e-09,1.379586207e-09,1.398927744e-09,1.418275454e-09,1.437616826e-09,1.456948664e-09,1.476317552e-09,1.495666531e-09,1.515040637e-09,1.534369725e-09,1.553697027e-09,1.573061718e-09,1.592400166e-09,1.611784731e-09,1.631105226e-09,1.650444381e-09,1.669734499e-09,1.689059248e-09,1.707027457e-09]","[1.010558565e-09,1.023283949e-09,1.036022632e-09,1.048775095e-09,1.061550847e-09,1.074298039e-09,1.087076059e-09,1.099810623e-09,1.112560234e-09,1.125318458e-09,1.13806122e-09,1.156140111e-09,1.175011016e-09,1.19360041e-09,1.212318677e-09,1.230964615e-09,1.249573716e-09,1.268015029e-09,1.28670697e-09,1.305108478e-09,1.323761673e-09,1.342160567e-09,1.353927285e-09,1.366579068e-09,1.379347908e-09,1.392064685e-09,1.404852226e-09,1.417615049e-09,1.43033989e-09,1.441850038e-09]",0.9,000000000001111111110000000000,000000000111111111000000000000,000000000111111111000000000000,000000000111111111000000000000,0,9,17,9,1,1,0,0,0,phi_p04,4,medium_200mv_200ps,0.2,2e-10,1.142960875e-09,1.4296087499999998e-10,1,1,9
scenarios/130_glitch_medium_200mv_200ps_phi_m04_o0130_v1p100000000000,capture,1.1,4,0,2.4512626e-10,1.2451262600000001e-09,"[1.069020134e-09,1.088269675e-09,1.107572288e-09,1.12688832e-09,1.146218733e-09,1.173837223e-09,1.206010969e-09,1.237982801e-09,1.269923707e-09,1.30176196e-09,1.333655576e-09,1.360701377e-09,1.379374748e-09,1.398722373e-09,1.417962364e-09,1.437276186e-09,1.456656229e-09,1.476006473e-09,1.495349357e-09,1.514711263e-09,1.53406452e-09,1.553463206e-09,1.572655532e-09,1.592010267e-09,1.611350124e-09,1.630693643e-09,1.650057763e-09,1.669336397e-09,1.688707551e-09,1.706627988e-09]","[1.010558565e-09,1.023283949e-09,1.036022632e-09,1.048775095e-09,1.061550847e-09,1.074298039e-09,1.087076059e-09,1.099810623e-09,1.112560234e-09,1.125318458e-09,1.13806122e-09,1.150811045e-09,1.168503659e-09,1.18728628e-09,1.205917869e-09,1.224556103e-09,1.243207374e-09,1.26175408e-09,1.28047116e-09,1.299028862e-09,1.317599997e-09,1.336196796e-09,1.354718211e-09,1.366836618e-09,1.379507792e-09,1.392219588e-09,1.404995859e-09,1.417670231e-09,1.430414663e-09,1.441912598e-09]",0.9,000000011111110000000000000000,000001111111000000000000000000,000000111111000000000000000000,000000111111000000000000000000,0,6,11,6,1,1,0,0,0,phi_m04,-4,medium_200mv_200ps,0.2,2e-10,1.15667931e-09,1.5667930999999997e-10,1,1,5
scenarios/131_glitch_medium_200mv_200ps_phi_m02_o0131_v1p100000000000,capture,1.1,4,0,2.7256313e-10,1.27256313e-09,"[1.069020134e-09,1.088269675e-09,1.107572288e-09,1.12688832e-09,1.146218733e-09,1.173837223e-09,1.206010969e-09,1.237982801e-09,1.269721532e-09,1.301663276e-09,1.333532066e-09,1.36062388e-09,1.379259735e-09,1.398581038e-09,1.417882278e-09,1.437253579e-09,1.456650549e-09,1.47590876e-09,1.495332083e-09,1.514668568e-09,1.5340209e-09,1.553306042e-09,1.57264212e-09,1.591942331e-09,1.611291117e-09,1.630542074e-09,1.649935312e-09,1.66932209e-09,1.688627226e-09,1.706480885e-09]","[1.010558565e-09,1.023283949e-09,1.036022632e-09,1.048775095e-09,1.061550847e-09,1.074298039e-09,1.087076059e-09,1.099810623e-09,1.112560234e-09,1.125318458e-09,1.13806122e-09,1.150811045e-09,1.168503659e-09,1.18728628e-09,1.205917869e-09,1.224556103e-09,1.243207374e-09,1.261829194e-09,1.280417292e-09,1.299059155e-09,1.317670668e-09,1.336282692e-09,1.354818223e-09,1.366894633e-09,1.3796257e-09,1.392343457e-09,1.405086291e-09,1.417801539e-09,1.430467548e-09,1.442013546e-09]",0.9,000000001111111100000000000000,000000111111100000000000000000,000000011111110000000000000000,000000011111110000000000000000,0,7,13,7,1,1,0,0,0,phi_m02,-2,medium_200mv_200ps,0.2,2e-10,1.15667931e-09,1.5667930999999997e-10,1,1,5
scenarios/132_glitch_medium_200mv_200ps_phi_p00_o0132_v1p100000000000,capture,1.1,4,0,3e-10,1.3e-09,"[1.069020134e-09,1.088269675e-09,1.107572288e-09,1.12688832e-09,1.146218733e-09,1.173837223e-09,1.206010969e-09,1.237982801e-09,1.269724354e-09,1.3014944e-09,1.333489212e-09,1.360616756e-09,1.379280334e-09,1.398640866e-09,1.417952224e-09,1.437240352e-09,1.456564681e-09,1.47583798e-09,1.495198451e-09,1.514478263e-09,1.533796248e-09,1.553109425e-09,1.572468269e-09,1.591847314e-09,1.611217241e-09,1.630578936e-09,1.649876677e-09,1.669184174e-09,1.688577395e-09,1.70655536e-09]","[1.010558565e-09,1.023283949e-09,1.036022632e-09,1.048775095e-09,1.061550847e-09,1.074298039e-09,1.087076059e-09,1.099810623e-09,1.112560234e-09,1.125318458e-09,1.13806122e-09,1.150811045e-09,1.168503659e-09,1.18728628e-09,1.205917869e-09,1.224556103e-09,1.243207374e-09,1.261829194e-09,1.280506979e-09,1.299098482e-09,1.31771798e-09,1.336395422e-09,1.354878041e-09,1.366945959e-09,1.379608891e-09,1.39232876e-09,1.405097048e-09,1.417887272e-09,1.430602495e-09,1.442131245e-09]",0.9,000000000111111110000000000000,000000011111111000000000000000,000000001111111000000000000000,000000001111111000000000000000,0,8,14,7,1,1,0,0,0,phi_p00,0,medium_200mv_200ps,0.2,2e-10,1.15667931e-09,1.5667930999999997e-10,1,1,6
scenarios/133_glitch_medium_200mv_200ps_phi_p02_o0133_v1p100000000000,capture,1.1,4,0,3.2743686999999997e-10,1.32743687e-09,"[1.069020134e-09,1.088269675e-09,1.107572288e-09,1.12688832e-09,1.146218733e-09,1.173837223e-09,1.206010969e-09,1.237982801e-09,1.269724354e-09,1.301589013e-09,1.333362813e-09,1.360608209e-09,1.379265693e-09,1.398601816e-09,1.417917715e-09,1.437206016e-09,1.456559734e-09,1.475839773e-09,1.495200544e-09,1.514402277e-09,1.53361374e-09,1.553016154e-09,1.572316883e-09,1.591684459e-09,1.610944022e-09,1.630311474e-09,1.649676088e-09,1.669054065e-09,1.688426892e-09,1.706365226e-09]","[1.010558565e-09,1.023283949e-09,1.036022632e-09,1.048775095e-09,1.061550847e-09,1.074298039e-09,1.087076059e-09,1.099810623e-09,1.112560234e-09,1.125318458e-09,1.13806122e-09,1.150811045e-09,1.168503659e-09,1.18728628e-09,1.205917869e-09,1.224556103e-09,1.243207374e-09,1.261829194e-09,1.280506979e-09,1.299166208e-09,1.317689797e-09,1.336118836e-09,1.354873796e-09,1.366958463e-09,1.379653359e-09,1.392364404e-09,1.40511982e-09,1.417915885e-09,1.430630906e-09,1.442159864e-09]",0.9,000000000011111111100000000000,000000001111111100000000000000,000000001111111110000000000000,000000001111111110000000000000,0,8,16,9,1,1,0,0,0,phi_p02,2,medium_200mv_200ps,0.2,2e-10,1.15667931e-09,1.5667930999999997e-10,1,1,8
scenarios/134_glitch_medium_200mv_200ps_phi_p04_o0134_v1p100000000000,capture,1.1,4,0,3.5487374e-10,1.35487374e-09,"[1.069020134e-09,1.088269675e-09,1.107572288e-09,1.12688832e-09,1.146218733e-09,1.173837223e-09,1.206010969e-09,1.237982801e-09,1.269724354e-09,1.301589013e-09,1.333417303e-09,1.360616838e-09,1.379269165e-09,1.398589018e-09,1.417927821e-09,1.437206602e-09,1.456567114e-09,1.475914807e-09,1.495286034e-09,1.514500906e-09,1.533777598e-09,1.55315709e-09,1.572492506e-09,1.591873337e-09,1.611187062e-09,1.630526416e-09,1.649876579e-09,1.669234927e-09,1.688616809e-09,1.706554978e-09]","[1.010558565e-09,1.023283949e-09,1.036022632e-09,1.048775095e-09,1.061550847e-09,1.074298039e-09,1.087076059e-09,1.099810623e-09,1.112560234e-09,1.125318458e-09,1.13806122e-09,1.150811045e-09,1.168503659e-09,1.18728628e-09,1.205917869e-09,1.224556103e-09,1.243207374e-09,1.261829194e-09,1.280506979e-09,1.299166208e-09,1.317689797e-09,1.336471767e-09,1.354679497e-09,1.36690472e-09,1.379628308e-09,1.392342052e-09,1.405087526e-09,1.41788939e-09,1.43060304e-09,1.442126517e-09]",0.9,000000000001111111110000000000,000000000111111111000000000000,000000000111111111000000000000,000000000111111111000000000000,0,9,17,9,1,1,0,0,0,phi_p04,4,medium_200mv_200ps,0.2,2e-10,1.15667931e-09,1.5667930999999997e-10,1,1,9
scenarios/135_glitch_medium_200mv_200ps_phi_m04_o0135_v1p100000000000,capture,1.1,4,0,2.4512626e-10,1.2451262600000001e-09,"[1.069020134e-09,1.088269675e-09,1.107572288e-09,1.12688832e-09,1.146218733e-09,1.16553804e-09,1.196757001e-09,1.228837874e-09,1.260603546e-09,1.292604198e-09,1.324412644e-09,1.356449076e-09,1.379474133e-09,1.398585541e-09,1.417868272e-09,1.437232804e-09,1.456635139e-09,1.475936375e-09,1.495312815e-09,1.514683376e-09,1.534016268e-09,1.55327463e-09,1.572582345e-09,1.591946109e-09,1.611156526e-09,1.630456472e-09,1.649867381e-09,1.669140311e-09,1.688516079e-09,1.706486982e-09]","[1.010558565e-09,1.023283949e-09,1.036022632e-09,1.048775095e-09,1.061550847e-09,1.074298039e-09,1.087076059e-09,1.099810623e-09,1.112560234e-09,1.125318458e-09,1.13806122e-09,1.150811045e-09,1.16354372e-09,1.180634378e-09,1.199674913e-09,1.218158527e-09,1.236825887e-09,1.255203079e-09,1.273919784e-09,1.292499508e-09,1.311012777e-09,1.329639522e-09,1.348287836e-09,1.366809076e-09,1.379305468e-09,1.391943724e-09,1.404700789e-09,1.417414817e-09,1.430185218e-09,1.441681624e-09]",0.9,000000001111110000000000000000,000000111111000000000000000000,000000111111000000000000000000,000000111111000000000000000000,0,6,11,6,1,1,0,0,0,phi_m04,-4,medium_200mv_200ps,0.2,2e-10,1.170397745e-09,1.70397745e-10,1,1,5
scenarios/136_glitch_medium_200mv_200ps_phi_m02_o0136_v1p100000000000,capture,1.1,4,0,2.7256313e-10,1.27256313e-09,"[1.069020134e-09,1.088269675e-09,1.107572288e-09,1.12688832e-09,1.146218733e-09,1.16553804e-09,1.196757001e-09,1.228837874e-09,1.260695003e-09,1.292659627e-09,1.324553368e-09,1.356590652e-09,1.37954954e-09,1.39866332e-09,1.417992956e-09,1.437226696e-09,1.456593787e-09,1.475762421e-09,1.495179387e-09,1.514529558e-09,1.533887798e-09,1.553172791e-09,1.57251291e-09,1.591793189e-09,1.611152158e-09,1.630400374e-09,1.649792765e-09,1.669165831e-09,1.688490279e-09,1.70640687e-09]","[1.010558565e-09,1.023283949e-09,1.036022632e-09,1.048775095e-09,1.061550847e-09,1.074298039e-09,1.087076059e-09,1.099810623e-09,1.112560234e-09,1.125318458e-09,1.13806122e-09,1.150811045e-09,1.16354372e-09,1.180634378e-09,1.199674913e-09,1.218158527e-09,1.236825887e-09,1.255155728e-09,1.27375415e-09,1.292498741e-09,1.311093152e-09,1.329725322e-09,1.3483626e-09,1.366892752e-09,1.379370843e-09,1.392010806e-09,1.404770399e-09,1.417558888e-09,1.430277732e-09,1.441708703e-09]",0.9,000000001111111100000000000000,000000011111110000000000000000,000000011111110000000000000000,000000011111110000000000000000,0,7,13,7,1,1,0,0,0,phi_m02,-2,medium_200mv_200ps,0.2,2e-10,1.170397745e-09,1.70397745e-10,1,1,5
scenarios/137_glitch_medium_200mv_200ps_phi_p00_o0137_v1p100000000000,capture,1.1,4,0,3e-10,1.3e-09,"[1.069020134e-09,1.088269675e-09,1.107572288e-09,1.12688832e-09,1.146218733e-09,1.16553804e-09,1.196757001e-09,1.228837874e-09,1.260695003e-09,1.292533508e-09,1.324507962e-09,1.356382147e-09,1.379504949e-09,1.398583887e-09,1.417950173e-09,1.4372945e-09,1.45660528e-09,1.475964465e-09,1.495320148e-09,1.514612064e-09,1.533929252e-09,1.553259645e-09,1.57262123e-09,1.591960685e-09,1.611348882e-09,1.630677438e-09,1.649898317e-09,1.66914596e-09,1.688532409e-09,1.706545109e-09]","[1.010558565e-09,1.023283949e-09,1.036022632e-09,1.048775095e-09,1.061550847e-09,1.074298039e-09,1.087076059e-09,1.099810623e-09,1.112560234e-09,1.125318458e-09,1.13806122e-09,1.150811045e-09,1.16354372e-09,1.180634378e-09,1.199674913e-09,1.218158527e-09,1.236825887e-09,1.255155728e-09,1.273941806e-09,1.292332169e-09,1.310887237e-09,1.329522816e-09,1.34813724e-09,1.366891424e-09,1.379387076e-09,1.39203338e-09,1.404799481e-09,1.417538414e-09,1.430286713e-09,1.441811708e-09]",0.9,000000000111111110000000000000,000000001111111000000000000000,000000001111111000000000000000,000000001111111000000000000000,0,8,14,7,1,1,0,0,0,phi_p00,0,medium_200mv_200ps,0.2,2e-10,1.170397745e-09,1.70397745e-10,1,1,6
scenarios/138_glitch_medium_200mv_200ps_phi_p02_o0138_v1p100000000000,capture,1.1,4,0,3.2743686999999997e-10,1.32743687e-09,"[1.069020134e-09,1.088269675e-09,1.107572288e-09,1.12688832e-09,1.146218733e-09,1.16553804e-09,1.196757001e-09,1.228837874e-09,1.260695003e-09,1.292533508e-09,1.324338869e-09,1.35635611e-09,1.3794669e-09,1.398577387e-09,1.417928628e-09,1.437269584e-09,1.456590578e-09,1.475962764e-09,1.495311804e-09,1.51468451e-09,1.533935804e-09,1.553275374e-09,1.57261564e-09,1.591928102e-09,1.611189098e-09,1.630509669e-09,1.649804203e-09,1.66914012e-09,1.688445862e-09,1.706459034e-09]","[1.010558565e-09,1.023283949e-09,1.036022632e-09,1.048775095e-09,1.061550847e-09,1.074298039e-09,1.087076059e-09,1.099810623e-09,1.112560234e-09,1.125318458e-09,1.13806122e-09,1.150811045e-09,1.16354372e-09,1.180634378e-09,1.199674913e-09,1.218158527e-09,1.236825887e-09,1.255155728e-09,1.273941806e-09,1.292332169e-09,1.310969904e-09,1.329397326e-09,1.348186217e-09,1.366879623e-09,1.379282765e-09,1.391919574e-09,1.404714355e-09,1.417466819e-09,1.430186973e-09,1.441689485e-09]",0.9,000000000011111111100000000000,000000001111111110000000000000,000000000111111110000000000000,000000000111111110000000000000,0,9,16,8,1,1,0,0,0,phi_p02,2,medium_200mv_200ps,0.2,2e-10,1.170397745e-09,1.70397745e-10,1,1,7
scenarios/139_glitch_medium_200mv_200ps_phi_p04_o0139_v1p100000000000,capture,1.1,4,0,3.5487374e-10,1.35487374e-09,"[1.069020134e-09,1.088269675e-09,1.107572288e-09,1.12688832e-09,1.146218733e-09,1.16553804e-09,1.196757001e-09,1.228837874e-09,1.260695003e-09,1.292533508e-09,1.324338869e-09,1.356151036e-09,1.379447796e-09,1.398554913e-09,1.417879844e-09,1.437195807e-09,1.456514088e-09,1.475881302e-09,1.495257723e-09,1.514438803e-09,1.533792831e-09,1.553021956e-09,1.572325197e-09,1.591689212e-09,1.611015129e-09,1.630295164e-09,1.649603342e-09,1.668928937e-09,1.688156407e-09,1.70623309e-09]","[1.010558565e-09,1.023283949e-09,1.036022632e-09,1.048775095e-09,1.061550847e-09,1.074298039e-09,1.087076059e-09,1.099810623e-09,1.112560234e-09,1.125318458e-09,1.13806122e-09,1.150811045e-09,1.16354372e-09,1.180634378e-09,1.199674913e-09,1.218158527e-09,1.236825887e-09,1.255155728e-09,1.273941806e-09,1.292332169e-09,1.310969904e-09,1.329589979e-09,1.348037137e-09,1.36656783e-09,1.379244053e-09,1.391881212e-09,1.404622454e-09,1.417431032e-09,1.430146411e-09,1.441672144e-09]",0.9,000000000001111111110000000000,000000000111111111000000000000,000000000011111111000000000000,000000000011111111000000000000,0,10,17,8,1,1,0,0,0,phi_p04,4,medium_200mv_200ps,0.2,2e-10,1.170397745e-09,1.70397745e-10,1,1,8
scenarios/140_glitch_medium_200mv_200ps_phi_m04_o0140_v1p100000000000,capture,1.1,4,0,2.4512626e-10,1.2451262600000001e-09,"[1.069020134e-09,1.088269675e-09,1.107572288e-09,1.12688832e-09,1.146218733e-09,1.16553804e-09,1.187087704e-09,1.220519733e-09,1.252289861e-09,1.284299691e-09,1.31628728e-09,1.348053916e-09,1.38007317e-09,1.399184496e-09,1.418459611e-09,1.43777217e-09,1.457196212e-09,1.476485083e-09,1.495847032e-09,1.515221663e-09,1.534608935e-09,1.553869862e-09,1.573242595e-09,1.592464706e-09,1.61173798e-09,1.631106907e-09,1.650400009e-09,1.669746412e-09,1.689153498e-09,1.707092145e-09]","[1.010558565e-09,1.023283949e-09,1.036022632e-09,1.048775095e-09,1.061550847e-09,1.074298039e-09,1.087076059e-09,1.099810623e-09,1.112560234e-09,1.125318458e-09,1.13806122e-09,1.150811045e-09,1.16354372e-09,1.176295987e-09,1.192809063e-09,1.211787674e-09,1.230421077e-09,1.248976603e-09,1.267785863e-09,1.286479793e-09,1.304985505e-09,1.323593478e-09,1.342201221e-09,1.360798019e-09,1.379480515e-09,1.39225387e-09,1.404859948e-09,1.417641603e-09,1.43037153e-09,1.441825911e-09]",0.9,000000001111111000000000000000,000000111111100000000000000000,000000111111100000000000000000,000000111111100000000000000000,0,6,12,7,1,1,0,0,0,phi_m04,-4,medium_200mv_200ps,0.2,2e-10,1.18411618e-09,1.8411618e-10,1,1,4
scenarios/141_glitch_medium_200mv_200ps_phi_m02_o0141_v1p100000000000,capture,1.1,4,0,2.7256313e-10,1.27256313e-09,"[1.069020134e-09,1.088269675e-09,1.107572288e-09,1.12688832e-09,1.146218733e-09,1.16553804e-09,1.187087704e-09,1.220519733e-09,1.252396591e-09,1.284132128e-09,1.316100085e-09,1.347990411e-09,1.379915287e-09,1.39918506e-09,1.418451988e-09,1.437691007e-09,1.45705525e-09,1.476247687e-09,1.495661517e-09,1.514902176e-09,1.53423871e-09,1.553573627e-09,1.5729616e-09,1.592284678e-09,1.611715997e-09,1.63098996e-09,1.650350548e-09,1.669645332e-09,1.68901862e-09,1.706988835e-09]","[1.010558565e-09,1.023283949e-09,1.036022632e-09,1.048775095e-09,1.061550847e-09,1.074298039e-09,1.087076059e-09,1.099810623e-09,1.112560234e-09,1.125318458e-09,1.13806122e-09,1.150811045e-09,1.16354372e-09,1.176295987e-09,1.192809063e-09,1.211787674e-09,1.230421077e-09,1.248990542e-09,1.26780004e-09,1.286290214e-09,1.304874108e-09,1.323499923e-09,1.342203486e-09,1.360814807e-09,1.379362187e-09,1.392336398e-09,1.404960532e-09,1.417715714e-09,1.430459105e-09,1.44187364e-09]",0.9,000000000111111100000000000000,000000011111110000000000000000,000000011111110000000000000000,000000011111110000000000000000,0,7,13,7,1,1,0,0,0,phi_m02,-2,medium_200mv_200ps,0.2,2e-10,1.18411618e-09,1.8411618e-10,1,1,5
scenarios/142_glitch_medium_200mv_200ps_phi_p00_o0142_v1p100000000000,capture,1.1,4,0,3e-10,1.3e-09,"[1.069020134e-09,1.088269675e-09,1.107572288e-09,1.12688832e-09,1.146218733e-09,1.16553804e-09,1.187087704e-09,1.220519733e-09,1.252396591e-09,1.284195568e-09,1.316099586e-09,1.347995512e-09,1.379924655e-09,1.399104237e-09,1.418372797e-09,1.437698881e-09,1.456992398e-09,1.476302444e-09,1.495610843e-09,1.514882396e-09,1.534253842e-09,1.553579608e-09,1.572848779e-09,1.592203014e-09,1.611585747e-09,1.630956113e-09,1.65026795e-09,1.669572777e-09,1.688968458e-09,1.706952405e-09]","[1.010558565e-09,1.023283949e-09,1.036022632e-09,1.048775095e-09,1.061550847e-09,1.074298039e-09,1.087076059e-09,1.099810623e-09,1.112560234e-09,1.125318458e-09,1.13806122e-09,1.150811045e-09,1.16354372e-09,1.176295987e-09,1.192809063e-09,1.211787674e-09,1.230421077e-09,1.248990542e-09,1.26780004e-09,1.286379353e-09,1.304816357e-09,1.32361651e-09,1.342246414e-09,1.360885301e-09,1.379457484e-09,1.392262234e-09,1.404872982e-09,1.417652622e-09,1.430383478e-09,1.441912279e-09]",0.9,000000000011111111000000000000,000000001111111000000000000000,000000001111111100000000000000,000000001111111100000000000000,0,8,15,8,1,1,0,0,0,phi_p00,0,medium_200mv_200ps,0.2,2e-10,1.18411618e-09,1.8411618e-10,1,1,5
scenarios/143_glitch_medium_200mv_200ps_phi_p02_o0143_v1p100000000000,capture,1.1,4,0,3.2743686999999997e-10,1.32743687e-09,"[1.069020134e-09,1.088269675e-09,1.107572288e-09,1.12688832e-09,1.146218733e-09,1.16553804e-09,1.187087704e-09,1.220519733e-09,1.252396591e-09,1.284195568e-09,1.316046479e-09,1.347958224e-09,1.379977067e-09,1.399156307e-09,1.418421471e-09,1.437752135e-09,1.457067415e-09,1.476364004e-09,1.49571655e-09,1.514967791e-09,1.534274318e-09,1.553681463e-09,1.572960173e-09,1.592243459e-09,1.611493612e-09,1.630814262e-09,1.650026845e-09,1.669388126e-09,1.688734592e-09,1.706754896e-09]","[1.010558565e-09,1.023283949e-09,1.036022632e-09,1.048775095e-09,1.061550847e-09,1.074298039e-09,1.087076059e-09,1.099810623e-09,1.112560234e-09,1.125318458e-09,1.13806122e-09,1.150811045e-09,1.16354372e-09,1.176295987e-09,1.192809063e-09,1.211787674e-09,1.230421077e-09,1.248990542e-09,1.26780004e-09,1.286379353e-09,1.304910171e-09,1.323511266e-09,1.342131264e-09,1.36079207e-09,1.379417058e-09,1.392256995e-09,1.404871077e-09,1.417641299e-09,1.43037753e-09,1.441907312e-09]",0.9,000000000011111111100000000000,000000000111111110000000000000,000000000111111110000000000000,000000000111111110000000000000,0,9,16,8,1,1,0,0,0,phi_p02,2,medium_200mv_200ps,0.2,2e-10,1.18411618e-09,1.8411618e-10,1,1,7
scenarios/144_glitch_medium_200mv_200ps_phi_p04_o0144_v1p100000000000,capture,1.1,4,0,3.5487374e-10,1.35487374e-09,"[1.069020134e-09,1.088269675e-09,1.107572288e-09,1.12688832e-09,1.146218733e-09,1.16553804e-09,1.187087704e-09,1.220519733e-09,1.252396591e-09,1.284195568e-09,1.316046479e-09,1.34791919e-09,1.379895987e-09,1.399072028e-09,1.418347233e-09,1.4376658e-09,1.456991777e-09,1.476366065e-09,1.495741992e-09,1.515103571e-09,1.534379855e-09,1.553722925e-09,1.573122825e-09,1.59244348e-09,1.611778964e-09,1.631033605e-09,1.650409909e-09,1.66970351e-09,1.689078486e-09,1.707013759e-09]","[1.010558565e-09,1.023283949e-09,1.036022632e-09,1.048775095e-09,1.061550847e-09,1.074298039e-09,1.087076059e-09,1.099810623e-09,1.112560234e-09,1.125318458e-09,1.13806122e-09,1.150811045e-09,1.16354372e-09,1.176295987e-09,1.192809063e-09,1.211787674e-09,1.230421077e-09,1.248990542e-09,1.26780004e-09,1.286379353e-09,1.304910171e-09,1.323511266e-09,1.342097011e-09,1.360645682e-09,1.379469828e-09,1.392243556e-09,1.404833448e-09,1.417637649e-09,1.430361949e-09,1.441890941e-09]",0.9,000000000001111111111000000000,000000000111111111000000000000,000000000011111111100000000000,000000000011111111100000000000,0,10,18,9,1,1,0,0,0,phi_p04,4,medium_200mv_200ps,0.2,2e-10,1.18411618e-09,1.8411618e-10,1,1,7
scenarios/145_glitch_medium_200mv_200ps_phi_m04_o0145_v1p100000000000,capture,1.1,4,0,2.4512626e-10,1.2451262600000001e-09,"[1.069020134e-09,1.088269675e-09,1.107572288e-09,1.12688832e-09,1.146218733e-09,1.16553804e-09,1.184878294e-09,1.210722119e-09,1.243346603e-09,1.274959202e-09,1.307057722e-09,1.338824946e-09,1.370669866e-09,1.399410336e-09,1.418050219e-09,1.437300429e-09,1.456719265e-09,1.476055092e-09,1.495369882e-09,1.51459435e-09,1.533957103e-09,1.553325613e-09,1.572575062e-09,1.591817645e-09,1.611023377e-09,1.630380306e-09,1.649685347e-09,1.669056801e-09,1.688425277e-09,1.70641434e-09]","[1.010558565e-09,1.023283949e-09,1.036022632e-09,1.048775095e-09,1.061550847e-09,1.074298039e-09,1.087076059e-09,1.099810623e-09,1.112560234e-09,1.125318458e-09,1.13806122e-09,1.150811045e-09,1.16354372e-09,1.176295987e-09,1.189044266e-09,1.204891285e-09,1.224224739e-09,1.2429477e-09,1.261321671e-09,1.279990234e-09,1.298610077e-09,1.317197421e-09,1.335822699e-09,1.354435786e-09,1.373045038e-09,1.391593963e-09,1.404920963e-09,1.417530807e-09,1.430258815e-09,1.441722268e-09]",0.9,000000001111111000000000000000,000000111111100000000000000000,000000011111100000000000000000,000000011111100000000000000000,0,7,12,6,1,1,0,0,0,phi_m04,-4,medium_200mv_200ps,0.2,2e-10,1.197834615e-09,1.9783461499999999e-10,1,1,3
scenarios/146_glitch_medium_200mv_200ps_phi_m02_o0146_v1p100000000000,capture,1.1,4,0,2.7256313e-10,1.27256313e-09,"[1.069020134e-09,1.088269675e-09,1.107572288e-09,1.12688832e-09,1.146218733e-09,1.16553804e-09,1.184878294e-09,1.210722119e-09,1.243293543e-09,1.27500185e-09,1.30703723e-09,1.338883565e-09,1.370878996e-09,1.399522489e-09,1.418116723e-09,1.437423877e-09,1.456786819e-09,1.475981565e-09,1.495403295e-09,1.514660705e-09,1.5340225e-09,1.553357781e-09,1.572698378e-09,1.592069125e-09,1.611434921e-09,1.630810134e-09,1.650088718e-09,1.66944263e-09,1.688654062e-09,1.706686009e-09]","[1.010558565e-09,1.023283949e-09,1.036022632e-09,1.048775095e-09,1.061550847e-09,1.074298039e-09,1.087076059e-09,1.099810623e-09,1.112560234e-09,1.125318458e-09,1.13806122e-09,1.150811045e-09,1.16354372e-09,1.176295987e-09,1.189044266e-09,1.204891285e-09,1.224224739e-09,1.242881437e-09,1.26139165e-09,1.279831553e-09,1.298456486e-09,1.317135897e-09,1.335760745e-09,1.354438015e-09,1.373051411e-09,1.391641747e-09,1.404962826e-09,1.417533641e-09,1.430257348e-09,1.441730981e-09]",0.9,000000000111111110000000000000,000000011111110000000000000000,000000011111111000000000000000,000000011111111000000000000000,0,7,14,8,1,1,0,0,0,phi_m02,-2,medium_200mv_200ps,0.2,2e-10,1.197834615e-09,1.9783461499999999e-10,1,1,4
scenarios/147_glitch_medium_200mv_200ps_phi_p00_o0147_v1p100000000000,capture,1.1,4,0,3e-10,1.3e-09,"[1.069020134e-09,1.088269675e-09,1.107572288e-09,1.12688832e-09,1.146218733e-09,1.16553804e-09,1.184878294e-09,1.210722119e-09,1.243293543e-09,1.275169557e-09,1.306903292e-09,1.338903818e-09,1.370716859e-09,1.399454967e-09,1.418086158e-09,1.437394144e-09,1.456722356e-09,1.476118246e-09,1.495328236e-09,1.514716714e-09,1.534036587e-09,1.553355261e-09,1.572713474e-09,1.592085719e-09,1.611459998e-09,1.630796665e-09,1.650193702e-09,1.669408674e-09,1.688672013e-09,1.706767636e-09]","[1.010558565e-09,1.023283949e-09,1.036022632e-09,1.048775095e-09,1.061550847e-09,1.074298039e-09,1.087076059e-09,1.099810623e-09,1.112560234e-09,1.125318458e-09,1.13806122e-09,1.150811045e-09,1.16354372e-09,1.176295987e-09,1.189044266e-09,1.204891285e-09,1.224224739e-09,1.242881437e-09,1.26139165e-09,1.279988769e-09,1.298539317e-09,1.31720763e-09,1.335858598e-09,1.354420813e-09,1.373069723e-09,1.391568968e-09,1.404870459e-09,1.417469999e-09,1.430203935e-09,1.441729558e-09]",0.9,000000000011111111000000000000,000000001111111100000000000000,000000001111111100000000000000,000000001111111100000000000000,0,8,15,8,1,1,0,0,0,phi_p00,0,medium_200mv_200ps,0.2,2e-10,1.197834615e-09,1.9783461499999999e-10,1,1,5
scenarios/148_glitch_medium_200mv_200ps_phi_p02_o0148_v1p100000000000,capture,1.1,4,0,3.2743686999999997e-10,1.32743687e-09,"[1.069020134e-09,1.088269675e-09,1.107572288e-09,1.12688832e-09,1.146218733e-09,1.16553804e-09,1.184878294e-09,1.210722119e-09,1.243293543e-09,1.275169557e-09,1.30705026e-09,1.33871289e-09,1.370761368e-09,1.399372233e-09,1.418006598e-09,1.437306466e-09,1.456639454e-09,1.476005527e-09,1.495352347e-09,1.514688781e-09,1.533972588e-09,1.553328231e-09,1.57268592e-09,1.592016278e-09,1.611330207e-09,1.630590919e-09,1.64995165e-09,1.669290953e-09,1.688699048e-09,1.706640154e-09]","[1.010558565e-09,1.023283949e-09,1.036022632e-09,1.048775095e-09,1.061550847e-09,1.074298039e-09,1.087076059e-09,1.099810623e-09,1.112560234e-09,1.125318458e-09,1.13806122e-09,1.150811045e-09,1.16354372e-09,1.176295987e-09,1.189044266e-09,1.204891285e-09,1.224224739e-09,1.242881437e-09,1.26139165e-09,1.279988769e-09,1.298580286e-09,1.31729685e-09,1.335546792e-09,1.35426281e-09,1.372856739e-09,1.391609355e-09,1.404952733e-09,1.4175492e-09,1.430274175e-09,1.441803774e-09]",0.9,000000000001111111110000000000,000000000111111110000000000000,000000000111111111000000000000,000000000111111111000000000000,0,9,17,9,1,1,0,0,0,phi_p02,2,medium_200mv_200ps,0.2,2e-10,1.197834615e-09,1.9783461499999999e-10,1,1,6
scenarios/149_glitch_medium_200mv_200ps_phi_p04_o0149_v1p100000000000,capture,1.1,4,0,3.5487374e-10,1.35487374e-09,"[1.069020134e-09,1.088269675e-09,1.107572288e-09,1.12688832e-09,1.146218733e-09,1.16553804e-09,1.184878294e-09,1.210722119e-09,1.243293543e-09,1.275169557e-09,1.30705026e-09,1.338785864e-09,1.37053122e-09,1.399327997e-09,1.417973622e-09,1.437279251e-09,1.456603863e-09,1.475973556e-09,1.495323813e-09,1.514687537e-09,1.534010167e-09,1.55328028e-09,1.572652979e-09,1.591982804e-09,1.611271635e-09,1.630602722e-09,1.649952015e-09,1.669200745e-09,1.688594335e-09,1.70667917e-09]","[1.010558565e-09,1.023283949e-09,1.036022632e-09,1.048775095e-09,1.061550847e-09,1.074298039e-09,1.087076059e-09,1.099810623e-09,1.112560234e-09,1.125318458e-09,1.13806122e-09,1.150811045e-09,1.16354372e-09,1.176295987e-09,1.189044266e-09,1.204891285e-09,1.224224739e-09,1.242881437e-09,1.26139165e-09,1.279988769e-09,1.298580286e-09,1.31729685e-09,1.335627172e-09,1.354247893e-09,1.372811073e-09,1.391352268e-09,1.40475523e-09,1.417354295e-09,1.430083126e-09,1.441609969e-09]",0.9,000000000000111111111000000000,000000000011111111100000000000,000000000011111111100000000000,000000000011111111100000000000,0,10,18,9,1,1,0,0,0,phi_p04,4,medium_200mv_200ps,0.2,2e-10,1.197834615e-09,1.9783461499999999e-10,1,1,7
scenarios/150_glitch_medium_200mv_200ps_phi_m04_o0150_v1p100000000000,capture,1.1,4,0,2.4512626e-10,1.2451262600000001e-09,"[1.069020134e-09,1.088269675e-09,1.107572288e-09,1.12688832e-09,1.146218733e-09,1.16553804e-09,1.184878294e-09,1.204218388e-09,1.234147953e-09,1.266153404e-09,1.298006491e-09,1.329941529e-09,1.361821138e-09,1.393694264e-09,1.418514211e-09,1.437460369e-09,1.456834281e-09,1.476154242e-09,1.495474514e-09,1.514792396e-09,1.534062482e-09,1.553395434e-09,1.572697799e-09,1.592058559e-09,1.611447946e-09,1.630723583e-09,1.649942676e-09,1.669320111e-09,1.688687509e-09,1.706715779e-09]","[1.010558565e-09,1.023283949e-09,1.036022632e-09,1.048775095e-09,1.061550847e-09,1.074298039e-09,1.087076059e-09,1.099810623e-09,1.112560234e-09,1.125318458e-09,1.13806122e-09,1.150811045e-09,1.16354372e-09,1.176295987e-09,1.189044266e-09,1.201730463e-09,1.216942592e-09,1.236436864e-09,1.254948645e-09,1.273635161e-09,1.29219973e-09,1.310800396e-09,1.329389675e-09,1.347932684e-09,1.366565452e-09,1.385179108e-09,1.403728325e-09,1.417586774e-09,1.430121645e-09,1.44161858e-09]",0.9,000000001111111100000000000000,000000011111110000000000000000,000000011111110000000000000000,000000011111110000000000000000,0,7,13,7,1,1,0,0,0,phi_m04,-4,medium_200mv_200ps,0.2,2e-10,1.2115530500000002e-09,2.1155305000000002e-10,1,1,2
scenarios/151_glitch_medium_200mv_200ps_phi_m02_o0151_v1p100000000000,capture,1.1,4,0,2.7256313e-10,1.27256313e-09,"[1.069020134e-09,1.088269675e-09,1.107572288e-09,1.12688832e-09,1.146218733e-09,1.16553804e-09,1.184878294e-09,1.204218388e-09,1.234147953e-09,1.266091722e-09,1.297939058e-09,1.329950256e-09,1.361847915e-09,1.393848713e-09,1.418487338e-09,1.437433077e-09,1.456742565e-09,1.476114176e-09,1.49552852e-09,1.514783824e-09,1.534163149e-09,1.553481728e-09,1.572821682e-09,1.592113595e-09,1.611441353e-09,1.630697411e-09,1.650094274e-09,1.669444834e-09,1.688742005e-09,1.706826247e-09]","[1.010558565e-09,1.023283949e-09,1.036022632e-09,1.048775095e-09,1.061550847e-09,1.074298039e-09,1.087076059e-09,1.099810623e-09,1.112560234e-09,1.125318458e-09,1.13806122e-09,1.150811045e-09,1.16354372e-09,1.176295987e-09,1.189044266e-09,1.201730463e-09,1.216942592e-09,1.236436864e-09,1.255066166e-09,1.273517252e-09,1.292151748e-09,1.310785803e-09,1.329414094e-09,1.347990893e-09,1.366627444e-09,1.385227904e-09,1.403653176e-09,1.417596676e-09,1.430135305e-09,1.441625238e-09]",0.9,000000000111111110000000000000,000000001111111000000000000000,000000001111111000000000000000,000000001111111000000000000000,0,8,14,7,1,1,0,0,0,phi_m02,-2,medium_200mv_200ps,0.2,2e-10,1.2115530500000002e-09,2.1155305000000002e-10,1,1,3
scenarios/152_glitch_medium_200mv_200ps_phi_p00_o0152_v1p100000000000,capture,1.1,4,0,3e-10,1.3e-09,"[1.069020134e-09,1.088269675e-09,1.107572288e-09,1.12688832e-09,1.146218733e-09,1.16553804e-09,1.184878294e-09,1.204218388e-09,1.234147953e-09,1.266091722e-09,1.297931751e-09,1.329893692e-09,1.36178234e-09,1.393795156e-09,1.418495065e-09,1.437412119e-09,1.456797357e-09,1.476174038e-09,1.495405354e-09,1.514733213e-09,1.534058308e-09,1.553362307e-09,1.572732261e-09,1.592117578e-09,1.611472334e-09,1.630774716e-09,1.650135933e-09,1.669524305e-09,1.688800415e-09,1.706732648e-09]","[1.010558565e-09,1.023283949e-09,1.036022632e-09,1.048775095e-09,1.061550847e-09,1.074298039e-09,1.087076059e-09,1.099810623e-09,1.112560234e-09,1.125318458e-09,1.13806122e-09,1.150811045e-09,1.16354372e-09,1.176295987e-09,1.189044266e-09,1.201730463e-09,1.216942592e-09,1.236436864e-09,1.255066166e-09,1.27366773e-09,1.292188665e-09,1.310714595e-09,1.329442201e-09,1.348001656e-09,1.366632624e-09,1.385263519e-09,1.403791963e-09,1.417644863e-09,1.430171514e-09,1.441689926e-09]",0.9,000000000011111111000000000000,000000001111111100000000000000,000000000111111100000000000000,000000000111111100000000000000,0,9,15,7,1,1,0,0,0,phi_p00,0,medium_200mv_200ps,0.2,2e-10,1.2115530500000002e-09,2.1155305000000002e-10,1,1,4
scenarios/153_glitch_medium_200mv_200ps_phi_p02_o0153_v1p100000000000,capture,1.1,4,0,3.2743686999999997e-10,1.32743687e-09,"[1.069020134e-09,1.088269675e-09,1.107572288e-09,1.12688832e-09,1.146218733e-09,1.16553804e-09,1.184878294e-09,1.204218388e-09,1.234147953e-09,1.266091722e-09,1.298001433e-09,1.329641535e-09,1.361693561e-09,1.393693179e-09,1.418431409e-09,1.437347949e-09,1.456681501e-09,1.476051344e-09,1.495430881e-09,1.514610055e-09,1.533874707e-09,1.553225267e-09,1.572557225e-09,1.591864041e-09,1.611099584e-09,1.630448543e-09,1.649833466e-09,1.669041223e-09,1.688370318e-09,1.706449979e-09]","[1.010558565e-09,1.023283949e-09,1.036022632e-09,1.048775095e-09,1.061550847e-09,1.074298039e-09,1.087076059e-09,1.099810623e-09,1.112560234e-09,1.125318458e-09,1.13806122e-09,1.150811045e-09,1.16354372e-09,1.176295987e-09,1.189044266e-09,1.201730463e-09,1.216942592e-09,1.236436864e-09,1.255066166e-09,1.27366773e-09,1.292188665e-09,1.310868162e-09,1.329248065e-09,1.348061768e-09,1.366703515e-09,1.385342327e-09,1.40387979e-09,1.417659614e-09,1.43019141e-09,1.441709889e-09]",0.9,000000000001111111110000000000,000000000111111111000000000000,000000000011111111000000000000,000000000011111111000000000000,0,10,17,8,1,1,0,0,0,phi_p02,2,medium_200mv_200ps,0.2,2e-10,1.2115530500000002e-09,2.1155305000000002e-10,1,1,5
scenarios/154_glitch_medium_200mv_200ps_phi_p04_o0154_v1p100000000000,capture,1.1,4,0,3.5487374e-10,1.35487374e-09,"[1.069020134e-09,1.088269675e-09,1.107572288e-09,1.12688832e-09,1.146218733e-09,1.16553804e-09,1.184878294e-09,1.204218388e-09,1.234147953e-09,1.266091722e-09,1.298001433e-09,1.329720845e-09,1.361586183e-09,1.393544225e-09,1.418411159e-09,1.437300782e-09,1.456678327e-09,1.476013477e-09,1.495295133e-09,1.514733008e-09,1.534057835e-09,1.553320029e-09,1.572642737e-09,1.592030133e-09,1.611387925e-09,1.630693501e-09,1.65006545e-09,1.669292084e-09,1.688623702e-09,1.706707726e-09]","[1.010558565e-09,1.023283949e-09,1.036022632e-09,1.048775095e-09,1.061550847e-09,1.074298039e-09,1.087076059e-09,1.099810623e-09,1.112560234e-09,1.125318458e-09,1.13806122e-09,1.150811045e-09,1.16354372e-09,1.176295987e-09,1.189044266e-09,1.201730463e-09,1.216942592e-09,1.236436864e-09,1.255066166e-09,1.27366773e-09,1.292188665e-09,1.310868162e-09,1.329388864e-09,1.347997543e-09,1.36645356e-09,1.385227883e-09,1.403875624e-09,1.417686661e-09,1.430212878e-09,1.441728682e-09]",0.9,000000000000111111111000000000,000000000011111111100000000000,000000000011111111100000000000,000000000011111111100000000000,0,10,18,9,1,1,0,0,0,phi_p04,4,medium_200mv_200ps,0.2,2e-10,1.2115530500000002e-09,2.1155305000000002e-10,1,1,7
scenarios/155_glitch_medium_200mv_200ps_phi_m04_o0155_v1p100000000000,capture,1.1,4,0,2.4512626e-10,1.2451262600000001e-09,"[1.069020134e-09,1.088269675e-09,1.107572288e-09,1.12688832e-09,1.146218733e-09,1.16553804e-09,1.184878294e-09,1.204218388e-09,1.223543704e-09,1.256861985e-09,1.288884883e-09,1.320795709e-09,1.352701608e-09,1.384549824e-09,1.416440779e-09,1.437454157e-09,1.456664699e-09,1.476057663e-09,1.495311882e-09,1.514658225e-09,1.533999888e-09,1.553348555e-09,1.572736851e-09,1.592080973e-09,1.611487738e-09,1.630695005e-09,1.650022568e-09,1.669407277e-09,1.68868154e-09,1.706711611e-09]","[1.010558565e-09,1.023283949e-09,1.036022632e-09,1.048775095e-09,1.061550847e-09,1.074298039e-09,1.087076059e-09,1.099810623e-09,1.112560234e-09,1.125318458e-09,1.13806122e-09,1.150811045e-09,1.16354372e-09,1.176295987e-09,1.189044266e-09,1.201730463e-09,1.214472561e-09,1.229167423e-09,1.248575619e-09,1.267275891e-09,1.286005752e-09,1.304642611e-09,1.323244648e-09,1.341820342e-09,1.36041347e-09,1.379053055e-09,1.397670127e-09,1.416096786e-09,1.430541294e-09,1.441801487e-09]",0.9,000000000111111100000000000000,000000011111110000000000000000,000000011111110000000000000000,000000011111110000000000000000,0,7,13,7,1,1,0,0,0,phi_m04,-4,medium_200mv_200ps,0.2,2e-10,1.2252714850000002e-09,2.25271485e-10,1,1,2
scenarios/156_glitch_medium_200mv_200ps_phi_m02_o0156_v1p100000000000,capture,1.1,4,0,2.7256313e-10,1.27256313e-09,"[1.069020134e-09,1.088269675e-09,1.107572288e-09,1.12688832e-09,1.146218733e-09,1.16553804e-09,1.184878294e-09,1.204218388e-09,1.223543704e-09,1.256988941e-09,1.288939861e-09,1.320763225e-09,1.352787833e-09,1.384557421e-09,1.416506318e-09,1.437471474e-09,1.456708954e-09,1.475970009e-09,1.495390864e-09,1.514652154e-09,1.533974177e-09,1.55333418e-09,1.572643989e-09,1.591968671e-09,1.611365487e-09,1.63059604e-09,1.649924113e-09,1.669180518e-09,1.688581818e-09,1.706609963e-09]","[1.010558565e-09,1.023283949e-09,1.036022632e-09,1.048775095e-09,1.061550847e-09,1.074298039e-09,1.087076059e-09,1.099810623e-09,1.112560234e-09,1.125318458e-09,1.13806122e-09,1.150811045e-09,1.16354372e-09,1.176295987e-09,1.189044266e-09,1.201730463e-09,1.214472561e-09,1.229167423e-09,1.248785783e-09,1.267393913e-09,1.285891826e-09,1.304538836e-09,1.323197509e-09,1.341709043e-09,1.360308666e-09,1.378919009e-09,1.397527037e-09,1.415935492e-09,1.43045598e-09,1.441706366e-09]",0.9,000000000011111110000000000000,000000001111111000000000000000,000000001111111100000000000000,000000001111111100000000000000,0,8,15,8,1,1,0,0,0,phi_m02,-2,medium_200mv_200ps,0.2,2e-10,1.2252714850000002e-09,2.25271485e-10,1,1,2
scenarios/157_glitch_medium_200mv_200ps_phi_p00_o0157_v1p100000000000,capture,1.1,4,0,3e-10,1.3e-09,"[1.069020134e-09,1.088269675e-09,1.107572288e-09,1.12688832e-09,1.146218733e-09,1.16553804e-09,1.184878294e-09,1.204218388e-09,1.223543704e-09,1.256988941e-09,1.288981873e-09,1.320895287e-09,1.35282901e-09,1.384805469e-09,1.416578166e-09,1.437512013e-09,1.4567939e-09,1.475973245e-09,1.49525905e-09,1.51456111e-09,1.533892452e-09,1.55319244e-09,1.572575452e-09,1.591938137e-09,1.611204367e-09,1.630563939e-09,1.649871683e-09,1.669199475e-09,1.688487168e-09,1.706563067e-09]","[1.010558565e-09,1.023283949e-09,1.036022632e-09,1.048775095e-09,1.061550847e-09,1.074298039e-09,1.087076059e-09,1.099810623e-09,1.112560234e-09,1.125318458e-09,1.13806122e-09,1.150811045e-09,1.16354372e-09,1.176295987e-09,1.189044266e-09,1.201730463e-09,1.214472561e-09,1.229167423e-09,1.248785783e-09,1.267393913e-09,1.285883184e-09,1.304262798e-09,1.323083464e-09,1.34160773e-09,1.360230592e-09,1.378832469e-09,1.397444126e-09,1.416036384e-09,1.430378288e-09,1.441587478e-09]",0.9,000000000011111111100000000000,000000000111111100000000000000,000000000111111110000000000000,000000000111111110000000000000,0,9,16,8,1,1,0,0,0,phi_p00,0,medium_200mv_200ps,0.2,2e-10,1.2252714850000002e-09,2.25271485e-10,1,1,3
scenarios/158_glitch_medium_200mv_200ps_phi_p02_o0158_v1p100000000000,capture,1.1,4,0,3.2743686999999997e-10,1.32743687e-09,"[1.069020134e-09,1.088269675e-09,1.107572288e-09,1.12688832e-09,1.146218733e-09,1.16553804e-09,1.184878294e-09,1.204218388e-09,1.223543704e-09,1.256988941e-09,1.288981873e-09,1.320886885e-09,1.352688608e-09,1.384598326e-09,1.416510629e-09,1.437403488e-09,1.456613553e-09,1.47596055e-09,1.495334678e-09,1.514556366e-09,1.533788605e-09,1.553113535e-09,1.572436818e-09,1.591740518e-09,1.611008421e-09,1.630294017e-09,1.649461315e-09,1.668827659e-09,1.688124412e-09,1.706136349e-09]","[1.010558565e-09,1.023283949e-09,1.036022632e-09,1.048775095e-09,1.061550847e-09,1.074298039e-09,1.087076059e-09,1.099810623e-09,1.112560234e-09,1.125318458e-09,1.13806122e-09,1.150811045e-09,1.16354372e-09,1.176295987e-09,1.189044266e-09,1.201730463e-09,1.214472561e-09,1.229167423e-09,1.248785783e-09,1.267393913e-09,1.285883184e-09,1.304495304e-09,1.322990548e-09,1.341571959e-09,1.360253762e-09,1.378840714e-09,1.397473855e-09,1.416061863e-09,1.430329274e-09,1.441576154e-09]",0.9,000000000001111111110000000000,000000000111111111000000000000,000000000011111111000000000000,000000000011111111000000000000,0,10,17,8,1,1,0,0,0,phi_p02,2,medium_200mv_200ps,0.2,2e-10,1.2252714850000002e-09,2.25271485e-10,1,1,5
scenarios/159_glitch_medium_200mv_200ps_phi_p04_o0159_v1p100000000000,capture,1.1,4,0,3.5487374e-10,1.35487374e-09,"[1.069020134e-09,1.088269675e-09,1.107572288e-09,1.12688832e-09,1.146218733e-09,1.16553804e-09,1.184878294e-09,1.204218388e-09,1.223543704e-09,1.256988941e-09,1.288981873e-09,1.320886885e-09,1.352673429e-09,1.384441178e-09,1.41646775e-09,1.437393595e-09,1.456607927e-09,1.475945475e-09,1.495314545e-09,1.5145228e-09,1.533889787e-09,1.553150086e-09,1.572490952e-09,1.591842282e-09,1.611158561e-09,1.63049848e-09,1.649850367e-09,1.669207469e-09,1.688589804e-09,1.706529436e-09]","[1.010558565e-09,1.023283949e-09,1.036022632e-09,1.048775095e-09,1.061550847e-09,1.074298039e-09,1.087076059e-09,1.099810623e-09,1.112560234e-09,1.125318458e-09,1.13806122e-09,1.150811045e-09,1.16354372e-09,1.176295987e-09,1.189044266e-09,1.201730463e-09,1.214472561e-09,1.229167423e-09,1.248785783e-09,1.267393913e-09,1.285883184e-09,1.304495304e-09,1.322990548e-09,1.341624098e-09,1.360187668e-09,1.379020515e-09,1.397654892e-09,1.416242025e-09,1.430473848e-09,1.441735938e-09]",0.9,000000000000111111111100000000,000000000011111111100000000000,000000000001111111110000000000,000000000001111111110000000000,0,11,19,9,1,1,0,0,0,phi_p04,4,medium_200mv_200ps,0.2,2e-10,1.2252714850000002e-09,2.25271485e-10,1,1,5
scenarios/160_glitch_medium_200mv_200ps_phi_m04_o0160_v1p100000000000,capture,1.1,4,0,2.4512626e-10,1.2451262600000001e-09,"[1.069020134e-09,1.088269675e-09,1.107572288e-09,1.12688832e-09,1.146218733e-09,1.16553804e-09,1.184878294e-09,1.204218388e-09,1.223543704e-09,1.247527995e-09,1.280614432e-09,1.312556261e-09,1.344520727e-09,1.37640421e-09,1.408213324e-09,1.439295228e-09,1.457162357e-09,1.476472309e-09,1.495783959e-09,1.515041229e-09,1.53440702e-09,1.553782109e-09,1.573125287e-09,1.592350655e-09,1.611704282e-09,1.631082967e-09,1.650404834e-09,1.669775225e-09,1.689043595e-09,1.707093449e-09]","[1.010558565e-09,1.023283949e-09,1.036022632e-09,1.048775095e-09,1.061550847e-09,1.074298039e-09,1.087076059e-09,1.099810623e-09,1.112560234e-09,1.125318458e-09,1.13806122e-09,1.150811045e-09,1.16354372e-09,1.176295987e-09,1.189044266e-09,1.201730463e-09,1.214472561e-09,1.227249316e-09,1.241369134e-09,1.260948068e-09,1.279640301e-09,1.298154415e-09,1.316803606e-09,1.33541609e-09,1.353949652e-09,1.372546552e-09,1.391157679e-09,1.409736631e-09,1.428323535e-09,1.44214519e-09]",0.9,000000000111111110000000000000,000000011111110000000000000000,000000011111111000000000000000,000000011111111000000000000000,0,7,14,8,1,1,0,0,0,phi_m04,-4,medium_200mv_200ps,0.2,2e-10,1.2389899200000001e-09,2.3898991999999997e-10,1,1,1
scenarios/161_glitch_medium_200mv_200ps_phi_m02_o0161_v1p100000000000,capture,1.1,4,0,2.7256313e-10,1.27256313e-09,"[1.069020134e-09,1.088269675e-09,1.107572288e-09,1.12688832e-09,1.146218733e-09,1.16553804e-09,1.184878294e-09,1.204218388e-09,1.223543704e-09,1.247595059e-09,1.280521336e-09,1.312502404e-09,1.344407387e-09,1.376309351e-09,1.408243405e-09,1.439280724e-09,1.457092116e-09,1.476373639e-09,1.495798034e-09,1.515054192e-09,1.534428649e-09,1.553757101e-09,1.573097947e-09,1.592452433e-09,1.611807802e-09,1.631083352e-09,1.650460666e-09,1.669655714e-09,1.689010561e-09,1.707050037e-09]","[1.010558565e-09,1.023283949e-09,1.036022632e-09,1.048775095e-09,1.061550847e-09,1.074298039e-09,1.087076059e-09,1.099810623e-09,1.112560234e-09,1.125318458e-09,1.13806122e-09,1.150811045e-09,1.16354372e-09,1.176295987e-09,1.189044266e-09,1.201730463e-09,1.214472561e-09,1.227249316e-09,1.241369134e-09,1.260976532e-09,1.279448049e-09,1.298088348e-09,1.316701103e-09,1.335324619e-09,1.353981672e-09,1.372579527e-09,1.391268184e-09,1.409880996e-09,1.428459479e-09,1.442275042e-09]",0.9,000000000011111111000000000000,000000001111111100000000000000,000000001111111100000000000000,000000001111111100000000000000,0,8,15,8,1,1,0,0,0,phi_m02,-2,medium_200mv_200ps,0.2,2e-10,1.2389899200000001e-09,2.3898991999999997e-10,1,1,2
scenarios/162_glitch_medium_200mv_200ps_phi_p00_o0162_v1p100000000000,capture,1.1,4,0,3e-10,1.3e-09,"[1.069020134e-09,1.088269675e-09,1.107572288e-09,1.12688832e-09,1.146218733e-09,1.16553804e-09,1.184878294e-09,1.204218388e-09,1.223543704e-09,1.247595059e-09,1.28058765e-09,1.312453216e-09,1.344321249e-09,1.376277975e-09,1.408115542e-09,1.439259632e-09,1.45703205e-09,1.476364821e-09,1.49571682e-09,1.51508582e-09,1.534410091e-09,1.553750197e-09,1.573107372e-09,1.592454094e-09,1.611842702e-09,1.631188028e-09,1.650594902e-09,1.669797925e-09,1.689141495e-09,1.707175518e-09]","[1.010558565e-09,1.023283949e-09,1.036022632e-09,1.048775095e-09,1.061550847e-09,1.074298039e-09,1.087076059e-09,1.099810623e-09,1.112560234e-09,1.125318458e-09,1.13806122e-09,1.150811045e-09,1.16354372e-09,1.176295987e-09,1.189044266e-09,1.201730463e-09,1.214472561e-09,1.227249316e-09,1.241369134e-09,1.260976532e-09,1.279572881e-09,1.29818051e-09,1.316715785e-09,1.335338559e-09,1.354005224e-09,1.372548836e-09,1.39114421e-09,1.409721611e-09,1.428311129e-09,1.442152254e-09]",0.9,000000000001111111100000000000,000000000111111110000000000000,000000000111111110000000000000,000000000111111110000000000000,0,9,16,8,1,1,0,0,0,phi_p00,0,medium_200mv_200ps,0.2,2e-10,1.2389899200000001e-09,2.3898991999999997e-10,1,1,3
scenarios/163_glitch_medium_200mv_200ps_phi_p02_o0163_v1p100000000000,capture,1.1,4,0,3.2743686999999997e-10,1.32743687e-09,"[1.069020134e-09,1.088269675e-09,1.107572288e-09,1.12688832e-09,1.146218733e-09,1.16553804e-09,1.184878294e-09,1.204218388e-09,1.223543704e-09,1.247595059e-09,1.28058765e-09,1.312503484e-09,1.344433264e-09,1.376319753e-09,1.408148189e-09,1.43927566e-09,1.457084822e-09,1.476392531e-09,1.49573165e-09,1.515112736e-09,1.534311357e-09,1.55366795e-09,1.573039858e-09,1.59242346e-09,1.61176426e-09,1.631105749e-09,1.650496568e-09,1.669816592e-09,1.689093142e-09,1.707114783e-09]","[1.010558565e-09,1.023283949e-09,1.036022632e-09,1.048775095e-09,1.061550847e-09,1.074298039e-09,1.087076059e-09,1.099810623e-09,1.112560234e-09,1.125318458e-09,1.13806122e-09,1.150811045e-09,1.16354372e-09,1.176295987e-09,1.189044266e-09,1.201730463e-09,1.214472561e-09,1.227249316e-09,1.241369134e-09,1.260976532e-09,1.279572881e-09,1.29818051e-09,1.316652106e-09,1.335219446e-09,1.353838474e-09,1.372573484e-09,1.391211461e-09,1.409801226e-09,1.428388399e-09,1.442179348e-09]",0.9,000000000000111111111000000000,000000000011111111000000000000,000000000011111111100000000000,000000000011111111100000000000,0,10,18,9,1,1,0,0,0,phi_p02,2,medium_200mv_200ps,0.2,2e-10,1.2389899200000001e-09,2.3898991999999997e-10,1,1,4
scenarios/164_glitch_medium_200mv_200ps_phi_p04_o0164_v1p100000000000,capture,1.1,4,0,3.5487374e-10,1.35487374e-09,"[1.069020134e-09,1.088269675e-09,1.107572288e-09,1.12688832e-09,1.146218733e-09,1.16553804e-09,1.184878294e-09,1.204218388e-09,1.223543704e-09,1.247595059e-09,1.28058765e-09,1.312503484e-09,1.344474239e-09,1.376404261e-09,1.408216862e-09,1.439301228e-09,1.457148029e-09,1.476448246e-09,1.4957839e-09,1.515114789e-09,1.534487622e-09,1.553838081e-09,1.573240131e-09,1.592560498e-09,1.61189399e-09,1.631152176e-09,1.650517345e-09,1.669810782e-09,1.68911873e-09,1.707139255e-09]","[1.010558565e-09,1.023283949e-09,1.036022632e-09,1.048775095e-09,1.061550847e-09,1.074298039e-09,1.087076059e-09,1.099810623e-09,1.112560234e-09,1.125318458e-09,1.13806122e-09,1.150811045e-09,1.16354372e-09,1.176295987e-09,1.189044266e-09,1.201730463e-09,1.214472561e-09,1.227249316e-09,1.241369134e-09,1.260976532e-09,1.279572881e-09,1.29818051e-09,1.316652106e-09,1.335345201e-09,1.353888433e-09,1.372482419e-09,1.391134126e-09,1.409730244e-09,1.428312448e-09,1.442129228e-09]",0.9,000000000000111111111100000000,000000000001111111110000000000,000000000001111111110000000000,000000000001111111110000000000,0,11,19,9,1,1,0,0,0,phi_p04,4,medium_200mv_200ps,0.2,2e-10,1.2389899200000001e-09,2.3898991999999997e-10,1,1,5
scenarios/165_glitch_medium_200mv_200ps_phi_m04_o0165_v1p100000000000,capture,1.1,4,0,2.4512626e-10,1.2451262600000001e-09,"[1.069020134e-09,1.088269675e-09,1.107572288e-09,1.12688832e-09,1.146218733e-09,1.16553804e-09,1.184878294e-09,1.204218388e-09,1.223543704e-09,1.242899939e-09,1.271101326e-09,1.303186551e-09,1.334995232e-09,1.366960792e-09,1.398883819e-09,1.43077198e-09,1.457297423e-09,1.476003425e-09,1.495339701e-09,1.514678269e-09,1.534019532e-09,1.553358756e-09,1.572742414e-09,1.592110033e-09,1.611467135e-09,1.630765181e-09,1.650071817e-09,1.669455499e-09,1.68880256e-09,1.706870945e-09]","[1.010558565e-09,1.023283949e-09,1.036022632e-09,1.048775095e-09,1.061550847e-09,1.074298039e-09,1.087076059e-09,1.099810623e-09,1.112560234e-09,1.125318458e-09,1.13806122e-09,1.150811045e-09,1.16354372e-09,1.176295987e-09,1.189044266e-09,1.201730463e-09,1.214472561e-09,1.227249316e-09,1.239981027e-09,1.252632843e-09,1.273038889e-09,1.291681331e-09,1.310291049e-09,1.328939401e-09,1.347555467e-09,1.366172428e-09,1.384741207e-09,1.403378782e-09,1.421958447e-09,1.438271826e-09]",0.9,000000000111111110000000000000,000000011111111000000000000000,000000001111111000000000000000,000000001111111000000000000000,0,8,14,7,1,1,0,0,0,phi_m04,-4,medium_200mv_200ps,0.2,2e-10,1.2527083550000001e-09,2.5270835499999996e-10,0,0,0
scenarios/166_glitch_medium_200mv_200ps_phi_m02_o0166_v1p100000000000,capture,1.1,4,0,2.7256313e-10,1.27256313e-09,"[1.069020134e-09,1.088269675e-09,1.107572288e-09,1.12688832e-09,1.146218733e-09,1.16553804e-09,1.184878294e-09,1.204218388e-09,1.223543704e-09,1.242899939e-09,1.271174944e-09,1.303201436e-09,1.335037587e-09,1.36694747e-09,1.398871025e-09,1.430762656e-09,1.457329889e-09,1.475947412e-09,1.495347753e-09,1.514646714e-09,1.534010671e-09,1.553316093e-09,1.572580275e-09,1.591948632e-09,1.611295746e-09,1.630568841e-09,1.649937027e-09,1.669170491e-09,1.688525912e-09,1.706498399e-09]","[1.010558565e-09,1.023283949e-09,1.036022632e-09,1.048775095e-09,1.061550847e-09,1.074298039e-09,1.087076059e-09,1.099810623e-09,1.112560234e-09,1.125318458e-09,1.13806122e-09,1.150811045e-09,1.16354372e-09,1.176295987e-09,1.189044266e-09,1.201730463e-09,1.214472561e-09,1.227249316e-09,1.239981027e-09,1.252679087e-09,1.273045028e-09,1.291639812e-09,1.310289817e-09,1.32889661e-09,1.347500105e-09,1.366107904e-09,1.384665304e-09,1.403303268e-09,1.421883954e-09,1.438282272e-09]",0.9,000000000011111111000000000000,000000001111111100000000000000,000000000111111110000000000000,000000000111111110000000000000,0,9,16,8,1,1,0,0,0,phi_m02,-2,medium_200mv_200ps,0.2,2e-10,1.2527083550000001e-09,2.5270835499999996e-10,0,0,0
scenarios/167_glitch_medium_200mv_200ps_phi_p00_o0167_v1p100000000000,capture,1.1,4,0,3e-10,1.3e-09,"[1.069020134e-09,1.088269675e-09,1.107572288e-09,1.12688832e-09,1.146218733e-09,1.16553804e-09,1.184878294e-09,1.204218388e-09,1.223543704e-09,1.242899939e-09,1.271143473e-09,1.303113362e-09,1.335115026e-09,1.367098728e-09,1.399027191e-09,1.430895303e-09,1.457441374e-09,1.476163545e-09,1.495515702e-09,1.514738506e-09,1.53413214e-09,1.553448426e-09,1.572753713e-09,1.592117269e-09,1.611458047e-09,1.630766512e-09,1.650116035e-09,1.669412096e-09,1.688766801e-09,1.706794826e-09]","[1.010558565e-09,1.023283949e-09,1.036022632e-09,1.048775095e-09,1.061550847e-09,1.074298039e-09,1.087076059e-09,1.099810623e-09,1.112560234e-09,1.125318458e-09,1.13806122e-09,1.150811045e-09,1.16354372e-09,1.176295987e-09,1.189044266e-09,1.201730463e-09,1.214472561e-09,1.227249316e-09,1.239981027e-09,1.252679087e-09,1.27313436e-09,1.291784762e-09,1.310165893e-09,1.328926161e-09,1.347556991e-09,1.366187488e-09,1.38492901e-09,1.403576611e-09,1.422194604e-09,1.438968132e-09]",0.9,000000000001111111100000000000,000000000111111110000000000000,000000000011111111000000000000,000000000011111111000000000000,0,10,17,8,1,1,0,0,0,phi_p00,0,medium_200mv_200ps,0.2,2e-10,1.2527083550000001e-09,2.5270835499999996e-10,1,1,1
scenarios/168_glitch_medium_200mv_200ps_phi_p02_o0168_v1p100000000000,capture,1.1,4,0,3.2743686999999997e-10,1.32743687e-09,"[1.069020134e-09,1.088269675e-09,1.107572288e-09,1.12688832e-09,1.146218733e-09,1.16553804e-09,1.184878294e-09,1.204218388e-09,1.223543704e-09,1.242899939e-09,1.271143473e-09,1.303249883e-09,1.335043592e-09,1.367056957e-09,1.398926141e-09,1.430818089e-09,1.457374824e-09,1.47605221e-09,1.495411894e-09,1.514776388e-09,1.534051113e-09,1.553384128e-09,1.57273498e-09,1.592057799e-09,1.611362512e-09,1.630630924e-09,1.64992217e-09,1.669260306e-09,1.688565525e-09,1.706578584e-09]","[1.010558565e-09,1.023283949e-09,1.036022632e-09,1.048775095e-09,1.061550847e-09,1.074298039e-09,1.087076059e-09,1.099810623e-09,1.112560234e-09,1.125318458e-09,1.13806122e-09,1.150811045e-09,1.16354372e-09,1.176295987e-09,1.189044266e-09,1.201730463e-09,1.214472561e-09,1.227249316e-09,1.239981027e-09,1.252679087e-09,1.27313436e-09,1.291784762e-09,1.310391468e-09,1.328812412e-09,1.347550132e-09,1.36626068e-09,1.384742247e-09,1.403378511e-09,1.421961147e-09,1.438414635e-09]",0.9,000000000000111111111000000000,000000000011111111100000000000,000000000011111111100000000000,000000000011111111100000000000,0,10,18,9,1,1,0,0,0,phi_p02,2,medium_200mv_200ps,0.2,2e-10,1.2527083550000001e-09,2.5270835499999996e-10,1,1,4
scenarios/169_glitch_medium_200mv_200ps_phi_p04_o0169_v1p100000000000,capture,1.1,4,0,3.5487374e-10,1.35487374e-09,"[1.069020134e-09,1.088269675e-09,1.107572288e-09,1.12688832e-09,1.146218733e-09,1.16553804e-09,1.184878294e-09,1.204218388e-09,1.223543704e-09,1.242899939e-09,1.271143473e-09,1.303249883e-09,1.335071451e-09,1.366855631e-09,1.398708471e-09,1.430651773e-09,1.45726446e-09,1.475999746e-09,1.495295324e-09,1.514716091e-09,1.533988909e-09,1.553330866e-09,1.572692577e-09,1.592039441e-09,1.611341183e-09,1.630619798e-09,1.649957299e-09,1.669254255e-09,1.688610968e-09,1.706566659e-09]","[1.010558565e-09,1.023283949e-09,1.036022632e-09,1.048775095e-09,1.061550847e-09,1.074298039e-09,1.087076059e-09,1.099810623e-09,1.112560234e-09,1.125318458e-09,1.13806122e-09,1.150811045e-09,1.16354372e-09,1.176295987e-09,1.189044266e-09,1.201730463e-09,1.214472561e-09,1.227249316e-09,1.239981027e-09,1.252679087e-09,1.27313436e-09,1.291784762e-09,1.310391468e-09,1.329013817e-09,1.347624938e-09,1.366033615e-09,1.38477062e-09,1.403465932e-09,1.42209153e-09,1.438675341e-09]",0.9,000000000000011111111100000000,000000000001111111110000000000,000000000001111111110000000000,000000000001111111110000000000,0,11,19,9,1,1,0,0,0,phi_p04,4,medium_200mv_200ps,0.2,2e-10,1.2527083550000001e-09,2.5270835499999996e-10,1,1,5
scenarios/170_glitch_medium_200mv_200ps_phi_m04_o0170_v1p100000000000,capture,1.1,4,0,2.4512626e-10,1.2451262600000001e-09,"[1.069020134e-09,1.088269675e-09,1.107572288e-09,1.12688832e-09,1.146218733e-09,1.16553804e-09,1.184878294e-09,1.204218388e-09,1.223543704e-09,1.242899939e-09,1.26220638e-09,1.293887966e-09,1.325824385e-09,1.357753308e-09,1.389695889e-09,1.421464386e-09,1.453519482e-09,1.47615175e-09,1.495314977e-09,1.514635549e-09,1.533915186e-09,1.553173552e-09,1.572488049e-09,1.591828094e-09,1.611166672e-09,1.630560035e-09,1.649835407e-09,1.669058489e-09,1.688434238e-09,1.706495638e-09]","[1.010558565e-09,1.023283949e-09,1.036022632e-09,1.048775095e-09,1.061550847e-09,1.074298039e-09,1.087076059e-09,1.099810623e-09,1.112560234e-09,1.125318458e-09,1.13806122e-09,1.150811045e-09,1.16354372e-09,1.176295987e-09,1.189044266e-09,1.201730463e-09,1.214472561e-09,1.227249316e-09,1.239981027e-09,1.252668274e-09,1.265419788e-09,1.285145149e-09,1.30380455e-09,1.322444685e-09,1.341110171e-09,1.359722031e-09,1.378310933e-09,1.396922562e-09,1.415571106e-09,1.432151513e-09]",0.9,000000000111111110000000000000,000000011111111000000000000000,000000001111111000000000000000,000000001111111000000000000000,0,8,14,7,1,1,0,0,0,phi_m04,-4,medium_200mv_200ps,0.2,2e-10,1.2664267900000001e-09,2.6642678999999995e-10,0,0,0
scenarios/171_glitch_medium_200mv_200ps_phi_m02_o0171_v1p100000000000,capture,1.1,4,0,2.7256313e-10,1.27256313e-09,"[1.069020134e-09,1.088269675e-09,1.107572288e-09,1.12688832e-09,1.146218733e-09,1.16553804e-09,1.184878294e-09,1.204218388e-09,1.223543704e-09,1.242899939e-09,1.26226352e-09,1.294020924e-09,1.325948096e-09,1.357782358e-09,1.389785722e-09,1.421594049e-09,1.453631068e-09,1.476145059e-09,1.495281991e-09,1.514661098e-09,1.533998631e-09,1.553391155e-09,1.572751489e-09,1.592064208e-09,1.611322113e-09,1.630689076e-09,1.649982655e-09,1.669316696e-09,1.688608225e-09,1.706694078e-09]","[1.010558565e-09,1.023283949e-09,1.036022632e-09,1.048775095e-09,1.061550847e-09,1.074298039e-09,1.087076059e-09,1.099810623e-09,1.112560234e-09,1.125318458e-09,1.13806122e-09,1.150811045e-09,1.16354372e-09,1.176295987e-09,1.189044266e-09,1.201730463e-09,1.214472561e-09,1.227249316e-09,1.239981027e-09,1.252704267e-09,1.26549529e-09,1.285168168e-09,1.303936058e-09,1.322626731e-09,1.341254912e-09,1.359852311e-09,1.378427561e-09,1.397033498e-09,1.41566067e-09,1.432122124e-09]",0.9,000000000011111111100000000000,000000000111111100000000000000,000000000111111110000000000000,000000000111111110000000000000,0,9,16,8,1,1,0,0,0,phi_m02,-2,medium_200mv_200ps,0.2,2e-10,1.2664267900000001e-09,2.6642678999999995e-10,0,0,0
scenarios/172_glitch_medium_200mv_200ps_phi_p00_o0172_v1p100000000000,capture,1.1,4,0,3e-10,1.3e-09,"[1.069020134e-09,1.088269675e-09,1.107572288e-09,1.12688832e-09,1.146218733e-09,1.16553804e-09,1.184878294e-09,1.204218388e-09,1.223543704e-09,1.242899939e-09,1.26226352e-09,1.294003416e-09,1.32581696e-09,1.357812619e-09,1.389686852e-09,1.421553802e-09,1.453461869e-09,1.476186397e-09,1.495329461e-09,1.514614421e-09,1.534017196e-09,1.553349285e-09,1.572609505e-09,1.591969095e-09,1.611315061e-09,1.630664415e-09,1.649924409e-09,1.669154724e-09,1.688380491e-09,1.706399145e-09]","[1.010558565e-09,1.023283949e-09,1.036022632e-09,1.048775095e-09,1.061550847e-09,1.074298039e-09,1.087076059e-09,1.099810623e-09,1.112560234e-09,1.125318458e-09,1.13806122e-09,1.150811045e-09,1.16354372e-09,1.176295987e-09,1.189044266e-09,1.201730463e-09,1.214472561e-09,1.227249316e-09,1.239981027e-09,1.252704267e-09,1.26549529e-09,1.285225874e-09,1.303795449e-09,1.322554906e-09,1.341239513e-09,1.359853566e-09,1.378440403e-09,1.397023224e-09,1.415723348e-09,1.432449783e-09]",0.9,000000000001111111110000000000,000000000011111111000000000000,000000000011111111000000000000,000000000011111111000000000000,0,10,17,8,1,1,0,0,0,phi_p00,0,medium_200mv_200ps,0.2,2e-10,1.2664267900000001e-09,2.6642678999999995e-10,1,1,1
scenarios/173_glitch_medium_200mv_200ps_phi_p02_o0173_v1p100000000000,capture,1.1,4,0,3.2743686999999997e-10,1.32743687e-09,"[1.069020134e-09,1.088269675e-09,1.107572288e-09,1.12688832e-09,1.146218733e-09,1.16553804e-09,1.184878294e-09,1.204218388e-09,1.223543704e-09,1.242899939e-09,1.26226352e-09,1.294003416e-09,1.325879115e-09,1.357835089e-09,1.389649231e-09,1.421554519e-09,1.453429797e-09,1.476151043e-09,1.49527532e-09,1.514619359e-09,1.533904028e-09,1.553256983e-09,1.572603803e-09,1.591920021e-09,1.611186641e-09,1.63050843e-09,1.649799435e-09,1.669126331e-09,1.68843475e-09,1.706448607e-09]","[1.010558565e-09,1.023283949e-09,1.036022632e-09,1.048775095e-09,1.061550847e-09,1.074298039e-09,1.087076059e-09,1.099810623e-09,1.112560234e-09,1.125318458e-09,1.13806122e-09,1.150811045e-09,1.16354372e-09,1.176295987e-09,1.189044266e-09,1.201730463e-09,1.214472561e-09,1.227249316e-09,1.239981027e-09,1.252704267e-09,1.26549529e-09,1.285225874e-09,1.303894559e-09,1.322597407e-09,1.341132593e-09,1.359762187e-09,1.37828055e-09,1.396897778e-09,1.415578379e-09,1.432337473e-09]",0.9,000000000000111111111000000000,000000000011111111100000000000,000000000001111111100000000000,000000000001111111100000000000,0,11,18,8,1,1,0,0,0,phi_p02,2,medium_200mv_200ps,0.2,2e-10,1.2664267900000001e-09,2.6642678999999995e-10,1,1,3
scenarios/174_glitch_medium_200mv_200ps_phi_p04_o0174_v1p100000000000,capture,1.1,4,0,3.5487374e-10,1.35487374e-09,"[1.069020134e-09,1.088269675e-09,1.107572288e-09,1.12688832e-09,1.146218733e-09,1.16553804e-09,1.184878294e-09,1.204218388e-09,1.223543704e-09,1.242899939e-09,1.26226352e-09,1.294003416e-09,1.325923043e-09,1.357719724e-09,1.389799589e-09,1.421613981e-09,1.453652217e-09,1.47619285e-09,1.495357294e-09,1.51467144e-09,1.533949736e-09,1.553296193e-09,1.572647815e-09,1.592008801e-09,1.611332108e-09,1.630609316e-09,1.649919784e-09,1.669157839e-09,1.688375649e-09,1.706390174e-09]","[1.010558565e-09,1.023283949e-09,1.036022632e-09,1.048775095e-09,1.061550847e-09,1.074298039e-09,1.087076059e-09,1.099810623e-09,1.112560234e-09,1.125318458e-09,1.13806122e-09,1.150811045e-09,1.16354372e-09,1.176295987e-09,1.189044266e-09,1.201730463e-09,1.214472561e-09,1.227249316e-09,1.239981027e-09,1.252704267e-09,1.26549529e-09,1.285225874e-09,1.303894559e-09,1.322597407e-09,1.341229346e-09,1.359495044e-09,1.378291899e-09,1.396950802e-09,1.415527712e-09,1.431960454e-09]",0.9,000000000000011111111110000000,000000000001111111110000000000,000000000001111111111000000000,000000000001111111111000000000,0,11,20,10,1,1,0,0,0,phi_p04,4,medium_200mv_200ps,0.2,2e-10,1.2664267900000001e-09,2.6642678999999995e-10,1,1,4
scenarios/175_glitch_medium_200mv_200ps_phi_m04_o0175_v1p100000000000,capture,1.1,4,0,2.4512626e-10,1.2451262600000001e-09,"[1.069020134e-09,1.088269675e-09,1.107572288e-09,1.12688832e-09,1.146218733e-09,1.16553804e-09,1.184878294e-09,1.204218388e-09,1.223543704e-09,1.242899939e-09,1.26220638e-09,1.284202456e-09,1.317634289e-09,1.349553497e-09,1.381455504e-09,1.413428811e-09,1.445219609e-09,1.47721862e-09,1.495930383e-09,1.515216133e-09,1.53444041e-09,1.553795145e-09,1.573150588e-09,1.592385091e-09,1.611705472e-09,1.631070931e-09,1.650441226e-09,1.669747459e-09,1.689050327e-09,1.70713113e-09]","[1.010558565e-09,1.023283949e-09,1.036022632e-09,1.048775095e-09,1.061550847e-09,1.074298039e-09,1.087076059e-09,1.099810623e-09,1.112560234e-09,1.125318458e-09,1.13806122e-09,1.150811045e-09,1.16354372e-09,1.176295987e-09,1.189044266e-09,1.201730463e-09,1.214472561e-09,1.227249316e-09,1.239981027e-09,1.252668274e-09,1.265454483e-09,1.278207745e-09,1.297452976e-09,1.316167076e-09,1.334697663e-09,1.35333947e-09,1.371892897e-09,1.390536526e-09,1.409075709e-09,1.425559759e-09]",0.9,000000000111111110000000000000,000000011111111000000000000000,000000001111111000000000000000,000000001111111000000000000000,0,8,14,7,1,1,0,0,0,phi_m04,-4,medium_200mv_200ps,0.2,2e-10,1.280145225e-09,2.8014522499999994e-10,0,0,0
scenarios/176_glitch_medium_200mv_200ps_phi_m02_o0176_v1p100000000000,capture,1.1,4,0,2.7256313e-10,1.27256313e-09,"[1.069020134e-09,1.088269675e-09,1.107572288e-09,1.12688832e-09,1.146218733e-09,1.16553804e-09,1.184878294e-09,1.204218388e-09,1.223543704e-09,1.242899939e-09,1.26226352e-09,1.284234604e-09,1.317689303e-09,1.349685469e-09,1.381624863e-09,1.413440368e-09,1.445459646e-09,1.477204746e-09,1.496015651e-09,1.515238568e-09,1.534602664e-09,1.553901241e-09,1.573239984e-09,1.592586957e-09,1.6119687e-09,1.63126144e-09,1.650596319e-09,1.669986258e-09,1.689198805e-09,1.707224985e-09]","[1.010558565e-09,1.023283949e-09,1.036022632e-09,1.048775095e-09,1.061550847e-09,1.074298039e-09,1.087076059e-09,1.099810623e-09,1.112560234e-09,1.125318458e-09,1.13806122e-09,1.150811045e-09,1.16354372e-09,1.176295987e-09,1.189044266e-09,1.201730463e-09,1.214472561e-09,1.227249316e-09,1.239981027e-09,1.252704267e-09,1.265525025e-09,1.278131497e-09,1.297386368e-09,1.316083085e-09,1.334699361e-09,1.353318423e-09,1.371891997e-09,1.390480968e-09,1.409119538e-09,1.425562602e-09]",0.9,000000000011111111100000000000,000000000111111110000000000000,000000000111111110000000000000,000000000111111110000000000000,0,9,16,8,1,1,0,0,0,phi_m02,-2,medium_200mv_200ps,0.2,2e-10,1.280145225e-09,2.8014522499999994e-10,0,0,0
scenarios/177_glitch_medium_200mv_200ps_phi_p00_o0177_v1p100000000000,capture,1.1,4,0,3e-10,1.3e-09,"[1.069020134e-09,1.088269675e-09,1.107572288e-09,1.12688832e-09,1.146218733e-09,1.16553804e-09,1.184878294e-09,1.204218388e-09,1.223543704e-09,1.242899939e-09,1.26226352e-09,1.284307147e-09,1.317694139e-09,1.349695228e-09,1.381636307e-09,1.413449122e-09,1.445464629e-09,1.477311787e-09,1.495971259e-09,1.515246515e-09,1.534574451e-09,1.553893309e-09,1.573269627e-09,1.59264776e-09,1.611995872e-09,1.631210165e-09,1.650550054e-09,1.669925425e-09,1.689200664e-09,1.707234353e-09]","[1.010558565e-09,1.023283949e-09,1.036022632e-09,1.048775095e-09,1.061550847e-09,1.074298039e-09,1.087076059e-09,1.099810623e-09,1.112560234e-09,1.125318458e-09,1.13806122e-09,1.150811045e-09,1.16354372e-09,1.176295987e-09,1.189044266e-09,1.201730463e-09,1.214472561e-09,1.227249316e-09,1.239981027e-09,1.252704267e-09,1.265525025e-09,1.278199626e-09,1.297518212e-09,1.316094667e-09,1.33472532e-09,1.353343844e-09,1.371918855e-09,1.39050807e-09,1.409147941e-09,1.425591872e-09]",0.9,000000000001111111110000000000,000000000011111111000000000000,000000000011111111100000000000,000000000011111111100000000000,0,10,18,9,1,1,0,0,0,phi_p00,0,medium_200mv_200ps,0.2,2e-10,1.280145225e-09,2.8014522499999994e-10,0,0,0
scenarios/178_glitch_medium_200mv_200ps_phi_p02_o0178_v1p100000000000,capture,1.1,4,0,3.2743686999999997e-10,1.32743687e-09,"[1.069020134e-09,1.088269675e-09,1.107572288e-09,1.12688832e-09,1.146218733e-09,1.16553804e-09,1.184878294e-09,1.204218388e-09,1.223543704e-09,1.242899939e-09,1.26226352e-09,1.284307147e-09,1.317704071e-09,1.349726341e-09,1.381621667e-09,1.413480228e-09,1.44548112e-09,1.477451927e-09,1.4959604e-09,1.515271796e-09,1.534489686e-09,1.553913998e-09,1.573177621e-09,1.592504985e-09,1.611840963e-09,1.631087433e-09,1.650449777e-09,1.669670913e-09,1.688934025e-09,1.707021979e-09]","[1.010558565e-09,1.023283949e-09,1.036022632e-09,1.048775095e-09,1.061550847e-09,1.074298039e-09,1.087076059e-09,1.099810623e-09,1.112560234e-09,1.125318458e-09,1.13806122e-09,1.150811045e-09,1.16354372e-09,1.176295987e-09,1.189044266e-09,1.201730463e-09,1.214472561e-09,1.227249316e-09,1.239981027e-09,1.252704267e-09,1.265525025e-09,1.278199626e-09,1.297507861e-09,1.316195464e-09,1.334479199e-09,1.353244429e-09,1.37187491e-09,1.390451473e-09,1.40914344e-09,1.42564734e-09]",0.9,000000000000111111111100000000,000000000001111111110000000000,000000000001111111110000000000,000000000001111111110000000000,0,11,19,9,1,1,0,0,0,phi_p02,2,medium_200mv_200ps,0.2,2e-10,1.280145225e-09,2.8014522499999994e-10,1,1,2
scenarios/179_glitch_medium_200mv_200ps_phi_p04_o0179_v1p100000000000,capture,1.1,4,0,3.5487374e-10,1.35487374e-09,"[1.069020134e-09,1.088269675e-09,1.107572288e-09,1.12688832e-09,1.146218733e-09,1.16553804e-09,1.184878294e-09,1.204218388e-09,1.223543704e-09,1.242899939e-09,1.26226352e-09,1.284307147e-09,1.317704071e-09,1.3497017e-09,1.381545507e-09,1.413474898e-09,1.445513377e-09,1.477356382e-09,1.495988687e-09,1.515264407e-09,1.534579119e-09,1.553866454e-09,1.573140603e-09,1.592483206e-09,1.611800581e-09,1.6310664e-09,1.650376187e-09,1.669799916e-09,1.689072917e-09,1.707158559e-09]","[1.010558565e-09,1.023283949e-09,1.036022632e-09,1.048775095e-09,1.061550847e-09,1.074298039e-09,1.087076059e-09,1.099810623e-09,1.112560234e-09,1.125318458e-09,1.13806122e-09,1.150811045e-09,1.16354372e-09,1.176295987e-09,1.189044266e-09,1.201730463e-09,1.214472561e-09,1.227249316e-09,1.239981027e-09,1.252704267e-09,1.265525025e-09,1.278199626e-09,1.297507861e-09,1.316195464e-09,1.33475772e-09,1.353325283e-09,1.371822629e-09,1.390539089e-09,1.409073997e-09,1.425457731e-09]",0.9,000000000000011111111110000000,000000000001111111111000000000,000000000000111111111000000000,000000000000111111111000000000,0,12,20,9,1,1,0,0,0,phi_p04,4,medium_200mv_200ps,0.2,2e-10,1.280145225e-09,2.8014522499999994e-10,1,1,3
scenarios/180_glitch_medium_200mv_200ps_phi_m04_o0180_v1p100000000000,capture,1.1,4,0,2.4512626e-10,1.2451262600000001e-09,"[1.069020134e-09,1.088269675e-09,1.107572288e-09,1.12688832e-09,1.146218733e-09,1.16553804e-09,1.184878294e-09,1.204218388e-09,1.223543704e-09,1.242899939e-09,1.26220638e-09,1.281586789e-09,1.307836959e-09,1.340195762e-09,1.372057961e-09,1.404040507e-09,1.435854939e-09,1.467751947e-09,1.49607338e-09,1.514672647e-09,1.533999159e-09,1.553330887e-09,1.572671571e-09,1.59201126e-09,1.611393216e-09,1.630778713e-09,1.650084573e-09,1.66948643e-09,1.688740712e-09,1.706678807e-09]","[1.010558565e-09,1.023283949e-09,1.036022632e-09,1.048775095e-09,1.061550847e-09,1.074298039e-09,1.087076059e-09,1.099810623e-09,1.112560234e-09,1.125318458e-09,1.13806122e-09,1.150811045e-09,1.16354372e-09,1.176295987e-09,1.189044266e-09,1.201730463e-09,1.214472561e-09,1.227249316e-09,1.239981027e-09,1.252668274e-09,1.265454483e-09,1.278205831e-09,1.290939913e-09,1.309755334e-09,1.32840175e-09,1.347095847e-09,1.365747396e-09,1.384414242e-09,1.403054322e-09,1.419644365e-09]",0.9,000000000111111110000000000000,000000011111111000000000000000,000000001111111000000000000000,000000001111111000000000000000,0,8,14,7,1,1,0,0,0,phi_m04,-4,medium_200mv_200ps,0.2,2e-10,1.29386366e-09,2.938636599999999e-10,0,0,0
scenarios/181_glitch_medium_200mv_200ps_phi_m02_o0181_v1p100000000000,capture,1.1,4,0,2.7256313e-10,1.27256313e-09,"[1.069020134e-09,1.088269675e-09,1.107572288e-09,1.12688832e-09,1.146218733e-09,1.16553804e-09,1.184878294e-09,1.204218388e-09,1.223543704e-09,1.242899939e-09,1.26226352e-09,1.281549499e-09,1.307858244e-09,1.340220774e-09,1.372072902e-09,1.404079267e-09,1.435945033e-09,1.467832182e-09,1.49611018e-09,1.514677016e-09,1.534042403e-09,1.553398584e-09,1.572685916e-09,1.59199542e-09,1.611334597e-09,1.630673791e-09,1.65006098e-09,1.669338425e-09,1.688587345e-09,1.706605195e-09]","[1.010558565e-09,1.023283949e-09,1.036022632e-09,1.048775095e-09,1.061550847e-09,1.074298039e-09,1.087076059e-09,1.099810623e-09,1.112560234e-09,1.125318458e-09,1.13806122e-09,1.150811045e-09,1.16354372e-09,1.176295987e-09,1.189044266e-09,1.201730463e-09,1.214472561e-09,1.227249316e-09,1.239981027e-09,1.252704267e-09,1.265525025e-09,1.278131497e-09,1.290912056e-09,1.309784402e-09,1.328428936e-09,1.347108751e-09,1.365780739e-09,1.384413394e-09,1.403031062e-09,1.419955421e-09]",0.9,000000000011111111100000000000,000000000111111110000000000000,000000000111111110000000000000,000000000111111110000000000000,0,9,16,8,1,1,0,0,0,phi_m02,-2,medium_200mv_200ps,0.2,2e-10,1.29386366e-09,2.938636599999999e-10,0,0,0
scenarios/182_glitch_medium_200mv_200ps_phi_p00_o0182_v1p100000000000,capture,1.1,4,0,3e-10,1.3e-09,"[1.069020134e-09,1.088269675e-09,1.107572288e-09,1.12688832e-09,1.146218733e-09,1.16553804e-09,1.184878294e-09,1.204218388e-09,1.223543704e-09,1.242899939e-09,1.26226352e-09,1.281639938e-09,1.307870561e-09,1.340372933e-09,1.372181624e-09,1.404214831e-09,1.436164487e-09,1.468192806e-09,1.496224218e-09,1.514787625e-09,1.534101814e-09,1.553428068e-09,1.572792633e-09,1.592118129e-09,1.611397697e-09,1.630688338e-09,1.649972862e-09,1.669311045e-09,1.688604823e-09,1.706641044e-09]","[1.010558565e-09,1.023283949e-09,1.036022632e-09,1.048775095e-09,1.061550847e-09,1.074298039e-09,1.087076059e-09,1.099810623e-09,1.112560234e-09,1.125318458e-09,1.13806122e-09,1.150811045e-09,1.16354372e-09,1.176295987e-09,1.189044266e-09,1.201730463e-09,1.214472561e-09,1.227249316e-09,1.239981027e-09,1.252704267e-09,1.265525025e-09,1.278199626e-09,1.290907729e-09,1.30973254e-09,1.328374392e-09,1.347037071e-09,1.365723802e-09,1.384320556e-09,1.403000329e-09,1.419686886e-09]",0.9,000000000000111111111000000000,000000000011111111100000000000,000000000011111111100000000000,000000000011111111100000000000,0,10,18,9,1,1,0,0,0,phi_p00,0,medium_200mv_200ps,0.2,2e-10,1.29386366e-09,2.938636599999999e-10,0,0,0
scenarios/183_glitch_medium_200mv_200ps_phi_p02_o0183_v1p100000000000,capture,1.1,4,0,3.2743686999999997e-10,1.32743687e-09,"[1.069020134e-09,1.088269675e-09,1.107572288e-09,1.12688832e-09,1.146218733e-09,1.16553804e-09,1.184878294e-09,1.204218388e-09,1.223543704e-09,1.242899939e-09,1.26226352e-09,1.281639938e-09,1.307963431e-09,1.340244303e-09,1.372196115e-09,1.404016366e-09,1.436003249e-09,1.468017815e-09,1.496117187e-09,1.514710651e-09,1.533894405e-09,1.553233392e-09,1.572570085e-09,1.591879543e-09,1.611109238e-09,1.630465396e-09,1.649825446e-09,1.669214003e-09,1.688572833e-09,1.706535258e-09]","[1.010558565e-09,1.023283949e-09,1.036022632e-09,1.048775095e-09,1.061550847e-09,1.074298039e-09,1.087076059e-09,1.099810623e-09,1.112560234e-09,1.125318458e-09,1.13806122e-09,1.150811045e-09,1.16354372e-09,1.176295987e-09,1.189044266e-09,1.201730463e-09,1.214472561e-09,1.227249316e-09,1.239981027e-09,1.252704267e-09,1.265525025e-09,1.278199626e-09,1.290907729e-09,1.3097998e-09,1.328395049e-09,1.347164439e-09,1.365824769e-09,1.384412629e-09,1.403002018e-09,1.419367391e-09]",0.9,000000000000011111111100000000,000000000001111111110000000000,000000000001111111110000000000,000000000001111111110000000000,0,11,19,9,1,1,0,0,0,phi_p02,2,medium_200mv_200ps,0.2,2e-10,1.29386366e-09,2.938636599999999e-10,1,1,2
scenarios/184_glitch_medium_200mv_200ps_phi_p04_o0184_v1p100000000000,capture,1.1,4,0,3.5487374e-10,1.35487374e-09,"[1.069020134e-09,1.088269675e-09,1.107572288e-09,1.12688832e-09,1.146218733e-09,1.16553804e-09,1.184878294e-09,1.204218388e-09,1.223543704e-09,1.242899939e-09,1.26226352e-09,1.281639938e-09,1.307963431e-09,1.340301481e-09,1.372228085e-09,1.404084614e-09,1.435889949e-09,1.467917284e-09,1.49612579e-09,1.514724771e-09,1.533995044e-09,1.553326102e-09,1.5726983e-09,1.5920278e-09,1.611324833e-09,1.630651333e-09,1.649992258e-09,1.669286067e-09,1.688618225e-09,1.706587571e-09]","[1.010558565e-09,1.023283949e-09,1.036022632e-09,1.048775095e-09,1.061550847e-09,1.074298039e-09,1.087076059e-09,1.099810623e-09,1.112560234e-09,1.125318458e-09,1.13806122e-09,1.150811045e-09,1.16354372e-09,1.176295987e-09,1.189044266e-09,1.201730463e-09,1.214472561e-09,1.227249316e-09,1.239981027e-09,1.252704267e-09,1.265525025e-09,1.278199626e-09,1.290907729e-09,1.3097998e-09,1.328447706e-09,1.34716168e-09,1.365679182e-09,1.384304106e-09,1.402933977e-09,1.419776102e-09]",0.9,000000000000001111111110000000,000000000000111111111000000000,000000000000111111111000000000,000000000000111111111000000000,0,12,20,9,1,1,0,0,0,phi_p04,4,medium_200mv_200ps,0.2,2e-10,1.29386366e-09,2.938636599999999e-10,1,1,3
scenarios/185_glitch_medium_200mv_200ps_phi_m04_o0185_v1p100000000000,capture,1.1,4,0,2.4512626e-10,1.2451262600000001e-09,"[1.069020134e-09,1.088269675e-09,1.107572288e-09,1.12688832e-09,1.146218733e-09,1.16553804e-09,1.184878294e-09,1.204218388e-09,1.223543704e-09,1.242899939e-09,1.26220638e-09,1.281586789e-09,1.300945735e-09,1.331253009e-09,1.363241783e-09,1.395069732e-09,1.426994342e-09,1.458828946e-09,1.490647947e-09,1.515011866e-09,1.533984897e-09,1.553280955e-09,1.572569356e-09,1.591905962e-09,1.611273464e-09,1.630660463e-09,1.649963491e-09,1.669376052e-09,1.688634041e-09,1.706590348e-09]","[1.010558565e-09,1.023283949e-09,1.036022632e-09,1.048775095e-09,1.061550847e-09,1.074298039e-09,1.087076059e-09,1.099810623e-09,1.112560234e-09,1.125318458e-09,1.13806122e-09,1.150811045e-09,1.16354372e-09,1.176295987e-09,1.189044266e-09,1.201730463e-09,1.214472561e-09,1.227249316e-09,1.239981027e-09,1.252668274e-09,1.265454483e-09,1.278205831e-09,1.290939913e-09,1.303683852e-09,1.3221831e-09,1.34096289e-09,1.359596501e-09,1.378227409e-09,1.396812628e-09,1.413236706e-09]",0.9,000000000111111110000000000000,000000011111111000000000000000,000000001111111000000000000000,000000001111111000000000000000,0,8,14,7,1,1,0,0,0,phi_m04,-4,medium_200mv_200ps,0.2,2e-10,1.307582095e-09,3.07582095e-10,0,0,0
scenarios/186_glitch_medium_200mv_200ps_phi_m02_o0186_v1p100000000000,capture,1.1,4,0,2.7256313e-10,1.27256313e-09,"[1.069020134e-09,1.088269675e-09,1.107572288e-09,1.12688832e-09,1.146218733e-09,1.16553804e-09,1.184878294e-09,1.204218388e-09,1.223543704e-09,1.242899939e-09,1.26226352e-09,1.281549499e-09,1.300933238e-09,1.331232951e-09,1.363294012e-09,1.395114619e-09,1.427112494e-09,1.459074795e-09,1.490762346e-09,1.51518259e-09,1.534125965e-09,1.553454499e-09,1.572795139e-09,1.592150773e-09,1.611534836e-09,1.63088905e-09,1.650191158e-09,1.669550574e-09,1.688846712e-09,1.706932823e-09]","[1.010558565e-09,1.023283949e-09,1.036022632e-09,1.048775095e-09,1.061550847e-09,1.074298039e-09,1.087076059e-09,1.099810623e-09,1.112560234e-09,1.125318458e-09,1.13806122e-09,1.150811045e-09,1.16354372e-09,1.176295987e-09,1.189044266e-09,1.201730463e-09,1.214472561e-09,1.227249316e-09,1.239981027e-09,1.252704267e-09,1.265525025e-09,1.278131497e-09,1.290912056e-09,1.303691551e-09,1.322204849e-09,1.341027795e-09,1.359585777e-09,1.37815881e-09,1.396737882e-09,1.413288824e-09]",0.9,000000000011111111100000000000,000000000111111110000000000000,000000000111111110000000000000,000000000111111110000000000000,0,9,16,8,1,1,0,0,0,phi_m02,-2,medium_200mv_200ps,0.2,2e-10,1.307582095e-09,3.07582095e-10,0,0,0
scenarios/187_glitch_medium_200mv_200ps_phi_p00_o0187_v1p100000000000,capture,1.1,4,0,3e-10,1.3e-09,"[1.069020134e-09,1.088269675e-09,1.107572288e-09,1.12688832e-09,1.146218733e-09,1.16553804e-09,1.184878294e-09,1.204218388e-09,1.223543704e-09,1.242899939e-09,1.26226352e-09,1.281639938e-09,1.300948554e-09,1.33128865e-09,1.363387101e-09,1.395235129e-09,1.427170492e-09,1.459083517e-09,1.491008163e-09,1.515153004e-09,1.534134214e-09,1.553475629e-09,1.572803022e-09,1.592139496e-09,1.611480834e-09,1.630828602e-09,1.650217211e-09,1.669574673e-09,1.688878493e-09,1.706963336e-09]","[1.010558565e-09,1.023283949e-09,1.036022632e-09,1.048775095e-09,1.061550847e-09,1.074298039e-09,1.087076059e-09,1.099810623e-09,1.112560234e-09,1.125318458e-09,1.13806122e-09,1.150811045e-09,1.16354372e-09,1.176295987e-09,1.189044266e-09,1.201730463e-09,1.214472561e-09,1.227249316e-09,1.239981027e-09,1.252704267e-09,1.265525025e-09,1.278199626e-09,1.290907729e-09,1.303574622e-09,1.322164561e-09,1.341006259e-09,1.359554616e-09,1.378135827e-09,1.396727041e-09,1.413196252e-09]",0.9,000000000000111111111000000000,000000000011111111100000000000,000000000011111111100000000000,000000000011111111100000000000,0,10,18,9,1,1,0,0,0,phi_p00,0,medium_200mv_200ps,0.2,2e-10,1.307582095e-09,3.07582095e-10,0,0,0
scenarios/188_glitch_medium_200mv_200ps_phi_p02_o0188_v1p100000000000,capture,1.1,4,0,3.2743686999999997e-10,1.32743687e-09,"[1.069020134e-09,1.088269675e-09,1.107572288e-09,1.12688832e-09,1.146218733e-09,1.16553804e-09,1.184878294e-09,1.204218388e-09,1.223543704e-09,1.242899939e-09,1.26226352e-09,1.281639938e-09,1.300963571e-09,1.331221212e-09,1.363389733e-09,1.395230285e-09,1.427180566e-09,1.459352795e-09,1.490903514e-09,1.51521901e-09,1.534127001e-09,1.553439816e-09,1.572764856e-09,1.592070574e-09,1.611344402e-09,1.630664935e-09,1.650005639e-09,1.66935759e-09,1.688630526e-09,1.706670209e-09]","[1.010558565e-09,1.023283949e-09,1.036022632e-09,1.048775095e-09,1.061550847e-09,1.074298039e-09,1.087076059e-09,1.099810623e-09,1.112560234e-09,1.125318458e-09,1.13806122e-09,1.150811045e-09,1.16354372e-09,1.176295987e-09,1.189044266e-09,1.201730463e-09,1.214472561e-09,1.227249316e-09,1.239981027e-09,1.252704267e-09,1.265525025e-09,1.278199626e-09,1.290907729e-09,1.303676268e-09,1.322241043e-09,1.340907881e-09,1.359628921e-09,1.378231557e-09,1.396837298e-09,1.413293423e-09]",0.9,000000000000011111111100000000,000000000001111111110000000000,000000000001111111111000000000,000000000001111111111000000000,0,11,20,10,1,1,0,0,0,phi_p02,2,medium_200mv_200ps,0.2,2e-10,1.307582095e-09,3.07582095e-10,1,1,1
scenarios/189_glitch_medium_200mv_200ps_phi_p04_o0189_v1p100000000000,capture,1.1,4,0,3.5487374e-10,1.35487374e-09,"[1.069020134e-09,1.088269675e-09,1.107572288e-09,1.12688832e-09,1.146218733e-09,1.16553804e-09,1.184878294e-09,1.204218388e-09,1.223543704e-09,1.242899939e-09,1.26226352e-09,1.281639938e-09,1.300963571e-09,1.331264453e-09,1.363216693e-09,1.395202717e-09,1.427164208e-09,1.459079137e-09,1.490980906e-09,1.515133576e-09,1.53407573e-09,1.553387341e-09,1.572756345e-09,1.592088215e-09,1.611378042e-09,1.630699348e-09,1.65003971e-09,1.669437248e-09,1.688742849e-09,1.706745256e-09]","[1.010558565e-09,1.023283949e-09,1.036022632e-09,1.048775095e-09,1.061550847e-09,1.074298039e-09,1.087076059e-09,1.099810623e-09,1.112560234e-09,1.125318458e-09,1.13806122e-09,1.150811045e-09,1.16354372e-09,1.176295987e-09,1.189044266e-09,1.201730463e-09,1.214472561e-09,1.227249316e-09,1.239981027e-09,1.252704267e-09,1.265525025e-09,1.278199626e-09,1.290907729e-09,1.303676268e-09,1.322241043e-09,1.341088713e-09,1.359384282e-09,1.378179439e-09,1.396823277e-09,1.413282388e-09]",0.9,000000000000001111111111000000,000000000000111111111100000000,000000000000111111111100000000,000000000000111111111100000000,0,12,21,10,1,1,0,0,0,phi_p04,4,medium_200mv_200ps,0.2,2e-10,1.307582095e-09,3.07582095e-10,1,1,2
scenarios/190_glitch_medium_200mv_200ps_phi_m04_o0190_v1p100000000000,capture,1.1,4,0,2.4512626e-10,1.2451262600000001e-09,"[1.069020134e-09,1.088269675e-09,1.107572288e-09,1.12688832e-09,1.146218733e-09,1.16553804e-09,1.184878294e-09,1.204218388e-09,1.223543704e-09,1.242899939e-09,1.26220638e-09,1.281586789e-09,1.300945735e-09,1.320266062e-09,1.354421618e-09,1.386317427e-09,1.418270027e-09,1.450028759e-09,1.482197824e-09,1.513960703e-09,1.534403202e-09,1.553598822e-09,1.572931974e-09,1.592273324e-09,1.611654586e-09,1.630946784e-09,1.650284966e-09,1.669690728e-09,1.688909986e-09,1.706886414e-09]","[1.010558565e-09,1.023283949e-09,1.036022632e-09,1.048775095e-09,1.061550847e-09,1.074298039e-09,1.087076059e-09,1.099810623e-09,1.112560234e-09,1.125318458e-09,1.13806122e-09,1.150811045e-09,1.16354372e-09,1.176295987e-09,1.189044266e-09,1.201730463e-09,1.214472561e-09,1.227249316e-09,1.239981027e-09,1.252668274e-09,1.265454483e-09,1.278205831e-09,1.290939913e-09,1.303683852e-09,1.316408325e-09,1.334517375e-09,1.353407004e-09,1.372023163e-09,1.390658942e-09,1.407196433e-09]",0.9,000000000111111110000000000000,000000011111111000000000000000,000000001111111000000000000000,000000001111111000000000000000,0,8,14,7,1,1,0,0,0,phi_m04,-4,medium_200mv_200ps,0.2,2e-10,1.32130053e-09,3.2130053e-10,0,0,0
scenarios/191_glitch_medium_200mv_200ps_phi_m02_o0191_v1p100000000000,capture,1.1,4,0,2.7256313e-10,1.27256313e-09,"[1.069020134e-09,1.088269675e-09,1.107572288e-09,1.12688832e-09,1.146218733e-09,1.16553804e-09,1.184878294e-09,1.204218388e-09,1.223543704e-09,1.242899939e-09,1.26226352e-09,1.281549499e-09,1.300933238e-09,1.320271018e-09,1.354376703e-09,1.386239022e-09,1.418228707e-09,1.449970725e-09,1.481817687e-09,1.513944941e-09,1.534317382e-09,1.553528329e-09,1.572827747e-09,1.592166426e-09,1.611506351e-09,1.630894409e-09,1.650277084e-09,1.669588315e-09,1.688750469e-09,1.706717958e-09]","[1.010558565e-09,1.023283949e-09,1.036022632e-09,1.048775095e-09,1.061550847e-09,1.074298039e-09,1.087076059e-09,1.099810623e-09,1.112560234e-09,1.125318458e-09,1.13806122e-09,1.150811045e-09,1.16354372e-09,1.176295987e-09,1.189044266e-09,1.201730463e-09,1.214472561e-09,1.227249316e-09,1.239981027e-09,1.252704267e-09,1.265525025e-09,1.278131497e-09,1.290912056e-09,1.303691551e-09,1.316428159e-09,1.334522455e-09,1.353355236e-09,1.371996096e-09,1.390673869e-09,1.407242775e-09]",0.9,000000000011111111100000000000,000000000111111110000000000000,000000000111111110000000000000,000000000111111110000000000000,0,9,16,8,1,1,0,0,0,phi_m02,-2,medium_200mv_200ps,0.2,2e-10,1.32130053e-09,3.2130053e-10,0,0,0
scenarios/192_glitch_medium_200mv_200ps_phi_p00_o0192_v1p100000000000,capture,1.1,4,0,3e-10,1.3e-09,"[1.069020134e-09,1.088269675e-09,1.107572288e-09,1.12688832e-09,1.146218733e-09,1.16553804e-09,1.184878294e-09,1.204218388e-09,1.223543704e-09,1.242899939e-09,1.26226352e-09,1.281639938e-09,1.300948554e-09,1.320312367e-09,1.35450357e-09,1.38639838e-09,1.41832809e-09,1.450220522e-09,1.482046473e-09,1.513792628e-09,1.534271283e-09,1.55345172e-09,1.572823851e-09,1.592127139e-09,1.611466043e-09,1.630810467e-09,1.650199069e-09,1.669513725e-09,1.688741445e-09,1.706821198e-09]","[1.010558565e-09,1.023283949e-09,1.036022632e-09,1.048775095e-09,1.061550847e-09,1.074298039e-09,1.087076059e-09,1.099810623e-09,1.112560234e-09,1.125318458e-09,1.13806122e-09,1.150811045e-09,1.16354372e-09,1.176295987e-09,1.189044266e-09,1.201730463e-09,1.214472561e-09,1.227249316e-09,1.239981027e-09,1.252704267e-09,1.265525025e-09,1.278199626e-09,1.290907729e-09,1.303574622e-09,1.316385506e-09,1.334482338e-09,1.353320489e-09,1.371972092e-09,1.39064009e-09,1.407173242e-09]",0.9,000000000000111111111000000000,000000000011111111100000000000,000000000011111111100000000000,000000000011111111100000000000,0,10,18,9,1,1,0,0,0,phi_p00,0,medium_200mv_200ps,0.2,2e-10,1.32130053e-09,3.2130053e-10,0,0,0
scenarios/193_glitch_medium_200mv_200ps_phi_p02_o0193_v1p100000000000,capture,1.1,4,0,3.2743686999999997e-10,1.32743687e-09,"[1.069020134e-09,1.088269675e-09,1.107572288e-09,1.12688832e-09,1.146218733e-09,1.16553804e-09,1.184878294e-09,1.204218388e-09,1.223543704e-09,1.242899939e-09,1.26226352e-09,1.281639938e-09,1.300963571e-09,1.320313059e-09,1.354417669e-09,1.386381194e-09,1.418269241e-09,1.450241044e-09,1.481993902e-09,1.513899077e-09,1.534287926e-09,1.553489599e-09,1.572856e-09,1.592219667e-09,1.611580586e-09,1.630894173e-09,1.650152997e-09,1.669534826e-09,1.688742312e-09,1.706782898e-09]","[1.010558565e-09,1.023283949e-09,1.036022632e-09,1.048775095e-09,1.061550847e-09,1.074298039e-09,1.087076059e-09,1.099810623e-09,1.112560234e-09,1.125318458e-09,1.13806122e-09,1.150811045e-09,1.16354372e-09,1.176295987e-09,1.189044266e-09,1.201730463e-09,1.214472561e-09,1.227249316e-09,1.239981027e-09,1.252704267e-09,1.265525025e-09,1.278199626e-09,1.290907729e-09,1.303676268e-09,1.316433281e-09,1.334521688e-09,1.353443223e-09,1.372046046e-09,1.390686879e-09,1.40710522e-09]",0.9,000000000000011111111110000000,000000000001111111111000000000,000000000000111111111000000000,000000000000111111111000000000,0,12,20,9,1,1,0,0,0,phi_p02,2,medium_200mv_200ps,0.2,2e-10,1.32130053e-09,3.2130053e-10,0,0,0
scenarios/194_glitch_medium_200mv_200ps_phi_p04_o0194_v1p100000000000,capture,1.1,4,0,3.5487374e-10,1.35487374e-09,"[1.069020134e-09,1.088269675e-09,1.107572288e-09,1.12688832e-09,1.146218733e-09,1.16553804e-09,1.184878294e-09,1.204218388e-09,1.223543704e-09,1.242899939e-09,1.26226352e-09,1.281639938e-09,1.300963571e-09,1.320313059e-09,1.354351757e-09,1.386315678e-09,1.418307799e-09,1.450239744e-09,1.482082602e-09,1.513993881e-09,1.534350192e-09,1.553530063e-09,1.572872558e-09,1.59220586e-09,1.611507007e-09,1.630813001e-09,1.650152651e-09,1.669546275e-09,1.688862753e-09,1.706869031e-09]","[1.010558565e-09,1.023283949e-09,1.036022632e-09,1.048775095e-09,1.061550847e-09,1.074298039e-09,1.087076059e-09,1.099810623e-09,1.112560234e-09,1.125318458e-09,1.13806122e-09,1.150811045e-09,1.16354372e-09,1.176295987e-09,1.189044266e-09,1.201730463e-09,1.214472561e-09,1.227249316e-09,1.239981027e-09,1.252704267e-09,1.265525025e-09,1.278199626e-09,1.290907729e-09,1.303676268e-09,1.316433281e-09,1.334571214e-09,1.353362588e-09,1.371937924e-09,1.390569597e-09,1.407294404e-09]",0.9,000000000000001111111111000000,000000000000111111111100000000,000000000000011111111110000000,000000000000011111111110000000,0,13,22,10,1,1,0,0,0,phi_p04,4,medium_200mv_200ps,0.2,2e-10,1.32130053e-09,3.2130053e-10,0,0,0
scenarios/195_glitch_medium_200mv_200ps_phi_m04_o0195_v1p100000000000,capture,1.1,4,0,2.4512626e-10,1.2451262600000001e-09,"[1.069020134e-09,1.088269675e-09,1.107572288e-09,1.12688832e-09,1.146218733e-09,1.16553804e-09,1.184878294e-09,1.204218388e-09,1.223543704e-09,1.242899939e-09,1.26220638e-09,1.281586789e-09,1.300945735e-09,1.320284239e-09,1.344754674e-09,1.37764457e-09,1.409654234e-09,1.44139191e-09,1.47340739e-09,1.505146501e-09,1.535519117e-09,1.553550631e-09,1.572895048e-09,1.592241313e-09,1.611468577e-09,1.63084219e-09,1.650105669e-09,1.669363354e-09,1.688686762e-09,1.706648678e-09]","[1.010558565e-09,1.023283949e-09,1.036022632e-09,1.048775095e-09,1.061550847e-09,1.074298039e-09,1.087076059e-09,1.099810623e-09,1.112560234e-09,1.125318458e-09,1.13806122e-09,1.150811045e-09,1.16354372e-09,1.176295987e-09,1.189044266e-09,1.201730463e-09,1.214472561e-09,1.227249316e-09,1.239981027e-09,1.252668274e-09,1.265454483e-09,1.278205831e-09,1.290939913e-09,1.303683852e-09,1.316408325e-09,1.329149469e-09,1.346854928e-09,1.365585718e-09,1.384199776e-09,1.400689673e-09]",0.9,000000000111111110000000000000,000000011111111000000000000000,000000001111111000000000000000,000000001111111000000000000000,0,8,14,7,1,1,0,0,0,phi_m04,-4,medium_200mv_200ps,0.2,2e-10,1.335018965e-09,3.35018965e-10,0,0,0
scenarios/196_glitch_medium_200mv_200ps_phi_m02_o0196_v1p100000000000,capture,1.1,4,0,2.7256313e-10,1.27256313e-09,"[1.069020134e-09,1.088269675e-09,1.107572288e-09,1.12688832e-09,1.146218733e-09,1.16553804e-09,1.184878294e-09,1.204218388e-09,1.223543704e-09,1.242899939e-09,1.26226352e-09,1.281549499e-09,1.300933238e-09,1.320271018e-09,1.344724383e-09,1.377648844e-09,1.409607482e-09,1.441659086e-09,1.473291333e-09,1.505345053e-09,1.535556625e-09,1.553699845e-09,1.573009874e-09,1.592338863e-09,1.611679453e-09,1.631019203e-09,1.650398835e-09,1.66974513e-09,1.689129081e-09,1.707080497e-09]","[1.010558565e-09,1.023283949e-09,1.036022632e-09,1.048775095e-09,1.061550847e-09,1.074298039e-09,1.087076059e-09,1.099810623e-09,1.112560234e-09,1.125318458e-09,1.13806122e-09,1.150811045e-09,1.16354372e-09,1.176295987e-09,1.189044266e-09,1.201730463e-09,1.214472561e-09,1.227249316e-09,1.239981027e-09,1.252704267e-09,1.265525025e-09,1.278131497e-09,1.290912056e-09,1.303691551e-09,1.316428159e-09,1.329160204e-09,1.346806826e-09,1.365537733e-09,1.384223144e-09,1.400995161e-09]",0.9,000000000011111111100000000000,000000000111111110000000000000,000000000111111110000000000000,000000000111111110000000000000,0,9,16,8,1,1,0,0,0,phi_m02,-2,medium_200mv_200ps,0.2,2e-10,1.335018965e-09,3.35018965e-10,0,0,0
scenarios/197_glitch_medium_200mv_200ps_phi_p00_o0197_v1p100000000000,capture,1.1,4,0,3e-10,1.3e-09,"[1.069020134e-09,1.088269675e-09,1.107572288e-09,1.12688832e-09,1.146218733e-09,1.16553804e-09,1.184878294e-09,1.204218388e-09,1.223543704e-09,1.242899939e-09,1.26226352e-09,1.281639938e-09,1.300948554e-09,1.320312367e-09,1.34487654e-09,1.377802054e-09,1.409804419e-09,1.441690694e-09,1.473519771e-09,1.505237892e-09,1.535599627e-09,1.553809358e-09,1.573133261e-09,1.592378207e-09,1.61169044e-09,1.630953747e-09,1.650275843e-09,1.669525657e-09,1.688922951e-09,1.706946263e-09]","[1.010558565e-09,1.023283949e-09,1.036022632e-09,1.048775095e-09,1.061550847e-09,1.074298039e-09,1.087076059e-09,1.099810623e-09,1.112560234e-09,1.125318458e-09,1.13806122e-09,1.150811045e-09,1.16354372e-09,1.176295987e-09,1.189044266e-09,1.201730463e-09,1.214472561e-09,1.227249316e-09,1.239981027e-09,1.252704267e-09,1.265525025e-09,1.278199626e-09,1.290907729e-09,1.303574622e-09,1.316385506e-09,1.329155226e-09,1.346762853e-09,1.365613564e-09,1.384274979e-09,1.400882859e-09]",0.9,000000000000111111111000000000,000000000011111111100000000000,000000000011111111100000000000,000000000011111111100000000000,0,10,18,9,1,1,0,0,0,phi_p00,0,medium_200mv_200ps,0.2,2e-10,1.335018965e-09,3.35018965e-10,0,0,0
scenarios/198_glitch_medium_200mv_200ps_phi_p02_o0198_v1p100000000000,capture,1.1,4,0,3.2743686999999997e-10,1.32743687e-09,"[1.069020134e-09,1.088269675e-09,1.107572288e-09,1.12688832e-09,1.146218733e-09,1.16553804e-09,1.184878294e-09,1.204218388e-09,1.223543704e-09,1.242899939e-09,1.26226352e-09,1.281639938e-09,1.300963571e-09,1.320313059e-09,1.344812267e-09,1.377755843e-09,1.409742407e-09,1.441680869e-09,1.47349079e-09,1.505263046e-09,1.535474417e-09,1.553526385e-09,1.572832671e-09,1.59213961e-09,1.611444223e-09,1.630712137e-09,1.650066443e-09,1.669448435e-09,1.688800689e-09,1.706671574e-09]","[1.010558565e-09,1.023283949e-09,1.036022632e-09,1.048775095e-09,1.061550847e-09,1.074298039e-09,1.087076059e-09,1.099810623e-09,1.112560234e-09,1.125318458e-09,1.13806122e-09,1.150811045e-09,1.16354372e-09,1.176295987e-09,1.189044266e-09,1.201730463e-09,1.214472561e-09,1.227249316e-09,1.239981027e-09,1.252704267e-09,1.265525025e-09,1.278199626e-09,1.290907729e-09,1.303676268e-09,1.316433281e-09,1.329086842e-09,1.346826352e-09,1.365617305e-09,1.38427629e-09,1.400948035e-09]",0.9,000000000000011111111110000000,000000000000111111111000000000,000000000000111111111000000000,000000000000111111111000000000,0,12,20,9,1,1,0,0,0,phi_p02,2,medium_200mv_200ps,0.2,2e-10,1.335018965e-09,3.35018965e-10,0,0,0
scenarios/199_glitch_medium_200mv_200ps_phi_p04_o0199_v1p100000000000,capture,1.1,4,0,3.5487374e-10,1.35487374e-09,"[1.069020134e-09,1.088269675e-09,1.107572288e-09,1.12688832e-09,1.146218733e-09,1.16553804e-09,1.184878294e-09,1.204218388e-09,1.223543704e-09,1.242899939e-09,1.26226352e-09,1.281639938e-09,1.300963571e-09,1.320313059e-09,1.344724109e-09,1.37765667e-09,1.409706571e-09,1.441620051e-09,1.47342267e-09,1.505191579e-09,1.535508821e-09,1.55359065e-09,1.57290392e-09,1.592235603e-09,1.611545664e-09,1.630838148e-09,1.650176299e-09,1.669541973e-09,1.688920096e-09,1.706891131e-09]","[1.010558565e-09,1.023283949e-09,1.036022632e-09,1.048775095e-09,1.061550847e-09,1.074298039e-09,1.087076059e-09,1.099810623e-09,1.112560234e-09,1.125318458e-09,1.13806122e-09,1.150811045e-09,1.16354372e-09,1.176295987e-09,1.189044266e-09,1.201730463e-09,1.214472561e-09,1.227249316e-09,1.239981027e-09,1.252704267e-09,1.265525025e-09,1.278199626e-09,1.290907729e-09,1.303676268e-09,1.316433281e-09,1.329201964e-09,1.346809653e-09,1.365465708e-09,1.384133658e-09,1.400826093e-09]",0.9,000000000000001111111111100000,000000000000011111111110000000,000000000000011111111110000000,000000000000011111111110000000,0,13,22,10,1,1,0,0,0,phi_p04,4,medium_200mv_200ps,0.2,2e-10,1.335018965e-09,3.35018965e-10,0,0,0
scenarios/200_glitch_medium_200mv_200ps_phi_m04_o0200_v1p100000000000,capture,1.1,4,0,2.4512626e-10,1.2451262600000001e-09,"[1.069020134e-09,1.088269675e-09,1.107572288e-09,1.12688832e-09,1.146218733e-09,1.16553804e-09,1.184878294e-09,1.204218388e-09,1.223543704e-09,1.242899939e-09,1.26220638e-09,1.281586789e-09,1.300945735e-09,1.320284239e-09,1.339592926e-09,1.368364969e-09,1.400358061e-09,1.432544141e-09,1.464192124e-09,1.496351189e-09,1.528045242e-09,1.554030246e-09,1.572815421e-09,1.592056839e-09,1.611372227e-09,1.630657317e-09,1.649970257e-09,1.669326231e-09,1.688690975e-09,1.706693202e-09]","[1.010558565e-09,1.023283949e-09,1.036022632e-09,1.048775095e-09,1.061550847e-09,1.074298039e-09,1.087076059e-09,1.099810623e-09,1.112560234e-09,1.125318458e-09,1.13806122e-09,1.150811045e-09,1.16354372e-09,1.176295987e-09,1.189044266e-09,1.201730463e-09,1.214472561e-09,1.227249316e-09,1.239981027e-09,1.252668274e-09,1.265454483e-09,1.278205831e-09,1.290939913e-09,1.303683852e-09,1.316408325e-09,1.329149469e-09,1.341826353e-09,1.358873906e-09,1.377908745e-09,1.394419774e-09]",0.9,000000000111111110000000000000,000000011111111000000000000000,000000001111111000000000000000,000000001111111000000000000000,0,8,14,7,1,1,0,0,0,phi_m04,-4,medium_200mv_200ps,0.2,2e-10,1.3487374e-09,3.487374e-10,0,0,0
scenarios/201_glitch_medium_200mv_200ps_phi_m02_o0201_v1p100000000000,capture,1.1,4,0,2.7256313e-10,1.27256313e-09,"[1.069020134e-09,1.088269675e-09,1.107572288e-09,1.12688832e-09,1.146218733e-09,1.16553804e-09,1.184878294e-09,1.204218388e-09,1.223543704e-09,1.242899939e-09,1.26226352e-09,1.281549499e-09,1.300933238e-09,1.320271018e-09,1.339627999e-09,1.368324996e-09,1.400322739e-09,1.432524749e-09,1.46445064e-09,1.496163435e-09,1.528050069e-09,1.554021842e-09,1.572806191e-09,1.592048143e-09,1.611360801e-09,1.630559231e-09,1.649945159e-09,1.669227193e-09,1.688539337e-09,1.706575745e-09]","[1.010558565e-09,1.023283949e-09,1.036022632e-09,1.048775095e-09,1.061550847e-09,1.074298039e-09,1.087076059e-09,1.099810623e-09,1.112560234e-09,1.125318458e-09,1.13806122e-09,1.150811045e-09,1.16354372e-09,1.176295987e-09,1.189044266e-09,1.201730463e-09,1.214472561e-09,1.227249316e-09,1.239981027e-09,1.252704267e-09,1.265525025e-09,1.278131497e-09,1.290912056e-09,1.303691551e-09,1.316428159e-09,1.329160204e-09,1.341909104e-09,1.358883309e-09,1.377914509e-09,1.394423386e-09]",0.9,000000000011111111100000000000,000000000111111110000000000000,000000000111111110000000000000,000000000111111110000000000000,0,9,16,8,1,1,0,0,0,phi_m02,-2,medium_200mv_200ps,0.2,2e-10,1.3487374e-09,3.487374e-10,0,0,0
scenarios/202_glitch_medium_200mv_200ps_phi_p00_o0202_v1p100000000000,capture,1.1,4,0,3e-10,1.3e-09,"[1.069020134e-09,1.088269675e-09,1.107572288e-09,1.12688832e-09,1.146218733e-09,1.16553804e-09,1.184878294e-09,1.204218388e-09,1.223543704e-09,1.242899939e-09,1.26226352e-09,1.281639938e-09,1.300948554e-09,1.320312367e-09,1.339647566e-09,1.368431685e-09,1.400413033e-09,1.432621122e-09,1.464433188e-09,1.496221888e-09,1.528247511e-09,1.554078032e-09,1.572874678e-09,1.592165863e-09,1.611455646e-09,1.63079208e-09,1.650154821e-09,1.669554071e-09,1.688760138e-09,1.706771448e-09]","[1.010558565e-09,1.023283949e-09,1.036022632e-09,1.048775095e-09,1.061550847e-09,1.074298039e-09,1.087076059e-09,1.099810623e-09,1.112560234e-09,1.125318458e-09,1.13806122e-09,1.150811045e-09,1.16354372e-09,1.176295987e-09,1.189044266e-09,1.201730463e-09,1.214472561e-09,1.227249316e-09,1.239981027e-09,1.252704267e-09,1.265525025e-09,1.278199626e-09,1.290907729e-09,1.303574622e-09,1.316385506e-09,1.329155226e-09,1.341877345e-09,1.358903057e-09,1.377926345e-09,1.394424159e-09]",0.9,000000000000111111111000000000,000000000011111111100000000000,000000000011111111100000000000,000000000011111111100000000000,0,10,18,9,1,1,0,0,0,phi_p00,0,medium_200mv_200ps,0.2,2e-10,1.3487374e-09,3.487374e-10,0,0,0
scenarios/203_glitch_medium_200mv_200ps_phi_p02_o0203_v1p100000000000,capture,1.1,4,0,3.2743686999999997e-10,1.32743687e-09,"[1.069020134e-09,1.088269675e-09,1.107572288e-09,1.12688832e-09,1.146218733e-09,1.16553804e-09,1.184878294e-09,1.204218388e-09,1.223543704e-09,1.242899939e-09,1.26226352e-09,1.281639938e-09,1.300963571e-09,1.320313059e-09,1.339660123e-09,1.368371196e-09,1.400372664e-09,1.432573151e-09,1.464373621e-09,1.496174412e-09,1.527728284e-09,1.553867725e-09,1.572655897e-09,1.591983989e-09,1.611340096e-09,1.63063103e-09,1.649935259e-09,1.669261173e-09,1.688632909e-09,1.706657754e-09]","[1.010558565e-09,1.023283949e-09,1.036022632e-09,1.048775095e-09,1.061550847e-09,1.074298039e-09,1.087076059e-09,1.099810623e-09,1.112560234e-09,1.125318458e-09,1.13806122e-09,1.150811045e-09,1.16354372e-09,1.176295987e-09,1.189044266e-09,1.201730463e-09,1.214472561e-09,1.227249316e-09,1.239981027e-09,1.252704267e-09,1.265525025e-09,1.278199626e-09,1.290907729e-09,1.303676268e-09,1.316433281e-09,1.329086842e-09,1.341923152e-09,1.358860902e-09,1.37790735e-09,1.394437951e-09]",0.9,000000000000011111111110000000,000000000000111111111000000000,000000000000111111111000000000,000000000000111111111000000000,0,12,20,9,1,1,0,0,0,phi_p02,2,medium_200mv_200ps,0.2,2e-10,1.3487374e-09,3.487374e-10,0,0,0
scenarios/204_glitch_medium_200mv_200ps_phi_p04_o0204_v1p100000000000,capture,1.1,4,0,3.5487374e-10,1.35487374e-09,"[1.069020134e-09,1.088269675e-09,1.107572288e-09,1.12688832e-09,1.146218733e-09,1.16553804e-09,1.184878294e-09,1.204218388e-09,1.223543704e-09,1.242899939e-09,1.26226352e-09,1.281639938e-09,1.300963571e-09,1.320313059e-09,1.339572386e-09,1.368188761e-09,1.400228028e-09,1.432351416e-09,1.464116568e-09,1.495928023e-09,1.527694904e-09,1.553728148e-09,1.572431177e-09,1.591814036e-09,1.611170699e-09,1.630463755e-09,1.649764355e-09,1.669102721e-09,1.688445985e-09,1.706532399e-09]","[1.010558565e-09,1.023283949e-09,1.036022632e-09,1.048775095e-09,1.061550847e-09,1.074298039e-09,1.087076059e-09,1.099810623e-09,1.112560234e-09,1.125318458e-09,1.13806122e-09,1.150811045e-09,1.16354372e-09,1.176295987e-09,1.189044266e-09,1.201730463e-09,1.214472561e-09,1.227249316e-09,1.239981027e-09,1.252704267e-09,1.265525025e-09,1.278199626e-09,1.290907729e-09,1.303676268e-09,1.316433281e-09,1.329201964e-09,1.341876697e-09,1.358838668e-09,1.377945948e-09,1.394579045e-09]",0.9,000000000000000111111111100000,000000000000011111111110000000,000000000000011111111110000000,000000000000011111111110000000,0,13,22,10,1,1,0,0,0,phi_p04,4,medium_200mv_200ps,0.2,2e-10,1.3487374e-09,3.487374e-10,0,0,0
scenarios/205_glitch_medium_200mv_200ps_phi_m04_o0205_v1p100000000000,capture,1.1,4,0,2.4512626e-10,1.2451262600000001e-09,"[1.069020134e-09,1.088269675e-09,1.107572288e-09,1.12688832e-09,1.146218733e-09,1.16553804e-09,1.184878294e-09,1.204218388e-09,1.223543704e-09,1.242899939e-09,1.26220638e-09,1.281586789e-09,1.300945735e-09,1.320284239e-09,1.339592926e-09,1.358962455e-09,1.391118173e-09,1.423289208e-09,1.454908818e-09,1.487133534e-09,1.518838409e-09,1.550755966e-09,1.572891586e-09,1.592078448e-09,1.611397881e-09,1.630568822e-09,1.649940667e-09,1.669147105e-09,1.688504674e-09,1.70654217e-09]","[1.010558565e-09,1.023283949e-09,1.036022632e-09,1.048775095e-09,1.061550847e-09,1.074298039e-09,1.087076059e-09,1.099810623e-09,1.112560234e-09,1.125318458e-09,1.13806122e-09,1.150811045e-09,1.16354372e-09,1.176295987e-09,1.189044266e-09,1.201730463e-09,1.214472561e-09,1.227249316e-09,1.239981027e-09,1.252668274e-09,1.265454483e-09,1.278205831e-09,1.290939913e-09,1.303683852e-09,1.316408325e-09,1.329149469e-09,1.341826353e-09,1.354621546e-09,1.371131888e-09,1.388230233e-09]",0.9,000000000111111110000000000000,000000011111111000000000000000,000000001111111000000000000000,000000001111111000000000000000,0,8,14,7,1,1,0,0,0,phi_m04,-4,medium_200mv_200ps,0.2,2e-10,1.362455835e-09,3.6245583499999996e-10,0,0,0
scenarios/206_glitch_medium_200mv_200ps_phi_m02_o0206_v1p100000000000,capture,1.1,4,0,2.7256313e-10,1.27256313e-09,"[1.069020134e-09,1.088269675e-09,1.107572288e-09,1.12688832e-09,1.146218733e-09,1.16553804e-09,1.184878294e-09,1.204218388e-09,1.223543704e-09,1.242899939e-09,1.26226352e-09,1.281549499e-09,1.300933238e-09,1.320271018e-09,1.339627999e-09,1.358978012e-09,1.391058991e-09,1.423147683e-09,1.455195603e-09,1.486855665e-09,1.518674123e-09,1.550576223e-09,1.572777138e-09,1.591954857e-09,1.611264641e-09,1.630536656e-09,1.649782716e-09,1.669174821e-09,1.688546901e-09,1.706530801e-09]","[1.010558565e-09,1.023283949e-09,1.036022632e-09,1.048775095e-09,1.061550847e-09,1.074298039e-09,1.087076059e-09,1.099810623e-09,1.112560234e-09,1.125318458e-09,1.13806122e-09,1.150811045e-09,1.16354372e-09,1.176295987e-09,1.189044266e-09,1.201730463e-09,1.214472561e-09,1.227249316e-09,1.239981027e-09,1.252704267e-09,1.265525025e-09,1.278131497e-09,1.290912056e-09,1.303691551e-09,1.316428159e-09,1.329160204e-09,1.341909104e-09,1.354637446e-09,1.371155409e-09,1.388193327e-09]",0.9,000000000011111111100000000000,000000000111111110000000000000,000000000111111110000000000000,000000000111111110000000000000,0,9,16,8,1,1,0,0,0,phi_m02,-2,medium_200mv_200ps,0.2,2e-10,1.362455835e-09,3.6245583499999996e-10,0,0,0
scenarios/207_glitch_medium_200mv_200ps_phi_p00_o0207_v1p100000000000,capture,1.1,4,0,3e-10,1.3e-09,"[1.069020134e-09,1.088269675e-09,1.107572288e-09,1.12688832e-09,1.146218733e-09,1.16553804e-09,1.184878294e-09,1.204218388e-09,1.223543704e-09,1.242899939e-09,1.26226352e-09,1.281639938e-09,1.300948554e-09,1.320312367e-09,1.339647566e-09,1.358983608e-09,1.391105633e-09,1.423130036e-09,1.455072438e-09,1.486929539e-09,1.518667894e-09,1.550785612e-09,1.57285701e-09,1.592004691e-09,1.611285268e-09,1.63052208e-09,1.649842947e-09,1.669194002e-09,1.688558465e-09,1.706584641e-09]","[1.010558565e-09,1.023283949e-09,1.036022632e-09,1.048775095e-09,1.061550847e-09,1.074298039e-09,1.087076059e-09,1.099810623e-09,1.112560234e-09,1.125318458e-09,1.13806122e-09,1.150811045e-09,1.16354372e-09,1.176295987e-09,1.189044266e-09,1.201730463e-09,1.214472561e-09,1.227249316e-09,1.239981027e-09,1.252704267e-09,1.265525025e-09,1.278199626e-09,1.290907729e-09,1.303574622e-09,1.316385506e-09,1.329155226e-09,1.341877345e-09,1.354592825e-09,1.371102429e-09,1.388116272e-09]",0.9,000000000000111111111000000000,000000000011111111100000000000,000000000011111111100000000000,000000000011111111100000000000,0,10,18,9,1,1,0,0,0,phi_p00,0,medium_200mv_200ps,0.2,2e-10,1.362455835e-09,3.6245583499999996e-10,0,0,0
scenarios/208_glitch_medium_200mv_200ps_phi_p02_o0208_v1p100000000000,capture,1.1,4,0,3.2743686999999997e-10,1.32743687e-09,"[1.069020134e-09,1.088269675e-09,1.107572288e-09,1.12688832e-09,1.146218733e-09,1.16553804e-09,1.184878294e-09,1.204218388e-09,1.223543704e-09,1.242899939e-09,1.26226352e-09,1.281639938e-09,1.300963571e-09,1.320313059e-09,1.339660123e-09,1.359020254e-09,1.391121249e-09,1.423230214e-09,1.454973902e-09,1.486771532e-09,1.518532008e-09,1.550303979e-09,1.572719221e-09,1.591845346e-09,1.611169149e-09,1.630509411e-09,1.649849106e-09,1.669230938e-09,1.688598942e-09,1.706637948e-09]","[1.010558565e-09,1.023283949e-09,1.036022632e-09,1.048775095e-09,1.061550847e-09,1.074298039e-09,1.087076059e-09,1.099810623e-09,1.112560234e-09,1.125318458e-09,1.13806122e-09,1.150811045e-09,1.16354372e-09,1.176295987e-09,1.189044266e-09,1.201730463e-09,1.214472561e-09,1.227249316e-09,1.239981027e-09,1.252704267e-09,1.265525025e-09,1.278199626e-09,1.290907729e-09,1.303676268e-09,1.316433281e-09,1.329086842e-09,1.341923152e-09,1.354648641e-09,1.371173584e-09,1.388218463e-09]",0.9,000000000000011111111110000000,000000000000111111111000000000,000000000000111111111000000000,000000000000111111111000000000,0,12,20,9,1,1,0,0,0,phi_p02,2,medium_200mv_200ps,0.2,2e-10,1.362455835e-09,3.6245583499999996e-10,0,0,0
scenarios/209_glitch_medium_200mv_200ps_phi_p04_o0209_v1p100000000000,capture,1.1,4,0,3.5487374e-10,1.35487374e-09,"[1.069020134e-09,1.088269675e-09,1.107572288e-09,1.12688832e-09,1.146218733e-09,1.16553804e-09,1.184878294e-09,1.204218388e-09,1.223543704e-09,1.242899939e-09,1.26226352e-09,1.281639938e-09,1.300963571e-09,1.320313059e-09,1.339572386e-09,1.358803181e-09,1.390878694e-09,1.42307458e-09,1.454877662e-09,1.486691723e-09,1.518646126e-09,1.55035756e-09,1.572551599e-09,1.591666014e-09,1.611004918e-09,1.63036295e-09,1.649745477e-09,1.669098372e-09,1.688314761e-09,1.706432689e-09]","[1.010558565e-09,1.023283949e-09,1.036022632e-09,1.048775095e-09,1.061550847e-09,1.074298039e-09,1.087076059e-09,1.099810623e-09,1.112560234e-09,1.125318458e-09,1.13806122e-09,1.150811045e-09,1.16354372e-09,1.176295987e-09,1.189044266e-09,1.201730463e-09,1.214472561e-09,1.227249316e-09,1.239981027e-09,1.252704267e-09,1.265525025e-09,1.278199626e-09,1.290907729e-09,1.303676268e-09,1.316433281e-09,1.329201964e-09,1.341876697e-09,1.354518258e-09,1.371023949e-09,1.38810199e-09]",0.9,000000000000000111111111100000,000000000000011111111110000000,000000000000011111111110000000,000000000000011111111110000000,0,13,22,10,1,1,0,0,0,phi_p04,4,medium_200mv_200ps,0.2,2e-10,1.362455835e-09,3.6245583499999996e-10,0,0,0
scenarios/210_glitch_medium_200mv_200ps_phi_m04_o0210_v1p100000000000,capture,1.1,4,0,2.4512626e-10,1.2451262600000001e-09,"[1.069020134e-09,1.088269675e-09,1.107572288e-09,1.12688832e-09,1.146218733e-09,1.16553804e-09,1.184878294e-09,1.204218388e-09,1.223543704e-09,1.242899939e-09,1.26220638e-09,1.281586789e-09,1.300945735e-09,1.320284239e-09,1.339592926e-09,1.358962455e-09,1.381460976e-09,1.415081901e-09,1.446546764e-09,1.478724011e-09,1.510411901e-09,1.542327006e-09,1.574374957e-09,1.592470202e-09,1.611775799e-09,1.631113239e-09,1.650522932e-09,1.669841739e-09,1.689127164e-09,1.707208788e-09]","[1.010558565e-09,1.023283949e-09,1.036022632e-09,1.048775095e-09,1.061550847e-09,1.074298039e-09,1.087076059e-09,1.099810623e-09,1.112560234e-09,1.125318458e-09,1.13806122e-09,1.150811045e-09,1.16354372e-09,1.176295987e-09,1.189044266e-09,1.201730463e-09,1.214472561e-09,1.227249316e-09,1.239981027e-09,1.252668274e-09,1.265454483e-09,1.278205831e-09,1.290939913e-09,1.303683852e-09,1.316408325e-09,1.329149469e-09,1.341826353e-09,1.354621546e-09,1.367362986e-09,1.380839607e-09]",0.9,000000000111111110000000000000,000000011111111000000000000000,000000001111111000000000000000,000000001111111000000000000000,0,8,14,7,1,1,0,0,0,phi_m04,-4,medium_200mv_200ps,0.2,2e-10,1.37617427e-09,3.7617426999999995e-10,0,0,0
scenarios/211_glitch_medium_200mv_200ps_phi_m02_o0211_v1p100000000000,capture,1.1,4,0,2.7256313e-10,1.27256313e-09,"[1.069020134e-09,1.088269675e-09,1.107572288e-09,1.12688832e-09,1.146218733e-09,1.16553804e-09,1.184878294e-09,1.204218388e-09,1.223543704e-09,1.242899939e-09,1.26226352e-09,1.281549499e-09,1.300933238e-09,1.320271018e-09,1.339627999e-09,1.358978012e-09,1.381451848e-09,1.415055586e-09,1.446995129e-09,1.478597588e-09,1.510904237e-09,1.542717239e-09,1.57455054e-09,1.592736282e-09,1.612017013e-09,1.631279952e-09,1.650554478e-09,1.669930511e-09,1.689129513e-09,1.707143954e-09]","[1.010558565e-09,1.023283949e-09,1.036022632e-09,1.048775095e-09,1.061550847e-09,1.074298039e-09,1.087076059e-09,1.099810623e-09,1.112560234e-09,1.125318458e-09,1.13806122e-09,1.150811045e-09,1.16354372e-09,1.176295987e-09,1.189044266e-09,1.201730463e-09,1.214472561e-09,1.227249316e-09,1.239981027e-09,1.252704267e-09,1.265525025e-09,1.278131497e-09,1.290912056e-09,1.303691551e-09,1.316428159e-09,1.329160204e-09,1.341909104e-09,1.354637446e-09,1.367389312e-09,1.380823704e-09]",0.9,000000000011111111100000000000,000000000111111110000000000000,000000000111111110000000000000,000000000111111110000000000000,0,9,16,8,1,1,0,0,0,phi_m02,-2,medium_200mv_200ps,0.2,2e-10,1.37617427e-09,3.7617426999999995e-10,0,0,0
scenarios/212_glitch_medium_200mv_200ps_phi_p00_o0212_v1p100000000000,capture,1.1,4,0,3e-10,1.3e-09,"[1.069020134e-09,1.088269675e-09,1.107572288e-09,1.12688832e-09,1.146218733e-09,1.16553804e-09,1.184878294e-09,1.204218388e-09,1.223543704e-09,1.242899939e-09,1.26226352e-09,1.281639938e-09,1.300948554e-09,1.320312367e-09,1.339647566e-09,1.358983608e-09,1.381546171e-09,1.414915953e-09,1.44687358e-09,1.478564232e-09,1.510154483e-09,1.542359865e-09,1.574078002e-09,1.592458934e-09,1.611734108e-09,1.630988071e-09,1.650363612e-09,1.669681681e-09,1.689116884e-09,1.707067851e-09]","[1.010558565e-09,1.023283949e-09,1.036022632e-09,1.048775095e-09,1.061550847e-09,1.074298039e-09,1.087076059e-09,1.099810623e-09,1.112560234e-09,1.125318458e-09,1.13806122e-09,1.150811045e-09,1.16354372e-09,1.176295987e-09,1.189044266e-09,1.201730463e-09,1.214472561e-09,1.227249316e-09,1.239981027e-09,1.252704267e-09,1.265525025e-09,1.278199626e-09,1.290907729e-09,1.303574622e-09,1.316385506e-09,1.329155226e-09,1.341877345e-09,1.354592825e-09,1.3673704e-09,1.380842133e-09]",0.9,000000000000111111111000000000,000000000011111111100000000000,000000000011111111100000000000,000000000011111111100000000000,0,10,18,9,1,1,0,0,0,phi_p00,0,medium_200mv_200ps,0.2,2e-10,1.37617427e-09,3.7617426999999995e-10,0,0,0
scenarios/213_glitch_medium_200mv_200ps_phi_p02_o0213_v1p100000000000,capture,1.1,4,0,3.2743686999999997e-10,1.32743687e-09,"[1.069020134e-09,1.088269675e-09,1.107572288e-09,1.12688832e-09,1.146218733e-09,1.16553804e-09,1.184878294e-09,1.204218388e-09,1.223543704e-09,1.242899939e-09,1.26226352e-09,1.281639938e-09,1.300963571e-09,1.320313059e-09,1.339660123e-09,1.359020254e-09,1.381568783e-09,1.41510071e-09,1.446962435e-09,1.47891796e-09,1.510395181e-09,1.542246525e-09,1.574119919e-09,1.592476247e-09,1.611754253e-09,1.631064081e-09,1.650319639e-09,1.669694931e-09,1.68905964e-09,1.707128276e-09]","[1.010558565e-09,1.023283949e-09,1.036022632e-09,1.048775095e-09,1.061550847e-09,1.074298039e-09,1.087076059e-09,1.099810623e-09,1.112560234e-09,1.125318458e-09,1.13806122e-09,1.150811045e-09,1.16354372e-09,1.176295987e-09,1.189044266e-09,1.201730463e-09,1.214472561e-09,1.227249316e-09,1.239981027e-09,1.252704267e-09,1.265525025e-09,1.278199626e-09,1.290907729e-09,1.303676268e-09,1.316433281e-09,1.329086842e-09,1.341923152e-09,1.354648641e-09,1.367390392e-09,1.380867769e-09]",0.9,000000000000011111111110000000,000000000000111111111000000000,000000000000111111111000000000,000000000000111111111000000000,0,12,20,9,1,1,0,0,0,phi_p02,2,medium_200mv_200ps,0.2,2e-10,1.37617427e-09,3.7617426999999995e-10,0,0,0
scenarios/214_glitch_medium_200mv_200ps_phi_p04_o0214_v1p100000000000,capture,1.1,4,0,3.5487374e-10,1.35487374e-09,"[1.069020134e-09,1.088269675e-09,1.107572288e-09,1.12688832e-09,1.146218733e-09,1.16553804e-09,1.184878294e-09,1.204218388e-09,1.223543704e-09,1.242899939e-09,1.26226352e-09,1.281639938e-09,1.300963571e-09,1.320313059e-09,1.339572386e-09,1.358803181e-09,1.381308555e-09,1.414754919e-09,1.44673973e-09,1.47854953e-09,1.510337457e-09,1.542309752e-09,1.573988759e-09,1.592442883e-09,1.61172583e-09,1.63098071e-09,1.650348521e-09,1.669722326e-09,1.689063698e-09,1.706969535e-09]","[1.010558565e-09,1.023283949e-09,1.036022632e-09,1.048775095e-09,1.061550847e-09,1.074298039e-09,1.087076059e-09,1.099810623e-09,1.112560234e-09,1.125318458e-09,1.13806122e-09,1.150811045e-09,1.16354372e-09,1.176295987e-09,1.189044266e-09,1.201730463e-09,1.214472561e-09,1.227249316e-09,1.239981027e-09,1.252704267e-09,1.265525025e-09,1.278199626e-09,1.290907729e-09,1.303676268e-09,1.316433281e-09,1.329201964e-09,1.341876697e-09,1.354518258e-09,1.367252226e-09,1.38068912e-09]",0.9,000000000000000111111111100000,000000000000011111111110000000,000000000000011111111110000000,000000000000011111111110000000,0,13,22,10,1,1,0,0,0,phi_p04,4,medium_200mv_200ps,0.2,2e-10,1.37617427e-09,3.7617426999999995e-10,0,0,0
scenarios/215_glitch_medium_200mv_200ps_phi_m04_o0215_v1p100000000000,capture,1.1,4,0,2.4512626e-10,1.2451262600000001e-09,"[1.069020134e-09,1.088269675e-09,1.107572288e-09,1.12688832e-09,1.146218733e-09,1.16553804e-09,1.184878294e-09,1.204218388e-09,1.223543704e-09,1.242899939e-09,1.26220638e-09,1.281586789e-09,1.300945735e-09,1.320284239e-09,1.339592926e-09,1.358962455e-09,1.378305771e-09,1.405277211e-09,1.437422235e-09,1.469189668e-09,1.500954642e-09,1.532845763e-09,1.564852958e-09,1.592591243e-09,1.611157915e-09,1.630494579e-09,1.649895475e-09,1.669245173e-09,1.688523238e-09,1.706561427e-09]","[1.010558565e-09,1.023283949e-09,1.036022632e-09,1.048775095e-09,1.061550847e-09,1.074298039e-09,1.087076059e-09,1.099810623e-09,1.112560234e-09,1.125318458e-09,1.13806122e-09,1.150811045e-09,1.16354372e-09,1.176295987e-09,1.189044266e-09,1.201730463e-09,1.214472561e-09,1.227249316e-09,1.239981027e-09,1.252668274e-09,1.265454483e-09,1.278205831e-09,1.290939913e-09,1.303683852e-09,1.316408325e-09,1.329149469e-09,1.341826353e-09,1.354621546e-09,1.367362986e-09,1.378790142e-09]",0.9,000000000111111110000000000000,000000011111111000000000000000,000000001111111000000000000000,000000001111111000000000000000,0,8,14,7,1,1,0,0,0,phi_m04,-4,medium_200mv_200ps,0.2,2e-10,1.389892705e-09,3.8989270499999994e-10,0,0,0
scenarios/216_glitch_medium_200mv_200ps_phi_m02_o0216_v1p100000000000,capture,1.1,4,0,2.7256313e-10,1.27256313e-09,"[1.069020134e-09,1.088269675e-09,1.107572288e-09,1.12688832e-09,1.146218733e-09,1.16553804e-09,1.184878294e-09,1.204218388e-09,1.223543704e-09,1.242899939e-09,1.26226352e-09,1.281549499e-09,1.300933238e-09,1.320271018e-09,1.339627999e-09,1.358978012e-09,1.378287307e-09,1.40526441e-09,1.437407698e-09,1.469367006e-09,1.501042061e-09,1.532933772e-09,1.564614158e-09,1.592577665e-09,1.611149109e-09,1.630500857e-09,1.64983557e-09,1.669093841e-09,1.688392988e-09,1.706457171e-09]","[1.010558565e-09,1.023283949e-09,1.036022632e-09,1.048775095e-09,1.061550847e-09,1.074298039e-09,1.087076059e-09,1.099810623e-09,1.112560234e-09,1.125318458e-09,1.13806122e-09,1.150811045e-09,1.16354372e-09,1.176295987e-09,1.189044266e-09,1.201730463e-09,1.214472561e-09,1.227249316e-09,1.239981027e-09,1.252704267e-09,1.265525025e-09,1.278131497e-09,1.290912056e-09,1.303691551e-09,1.316428159e-09,1.329160204e-09,1.341909104e-09,1.354637446e-09,1.367389312e-09,1.378818515e-09]",0.9,000000000011111111100000000000,000000000111111110000000000000,000000000111111110000000000000,000000000111111110000000000000,0,9,16,8,1,1,0,0,0,phi_m02,-2,medium_200mv_200ps,0.2,2e-10,1.389892705e-09,3.8989270499999994e-10,0,0,0
scenarios/217_glitch_medium_200mv_200ps_phi_p00_o0217_v1p100000000000,capture,1.1,4,0,3e-10,1.3e-09,"[1.069020134e-09,1.088269675e-09,1.107572288e-09,1.12688832e-09,1.146218733e-09,1.16553804e-09,1.184878294e-09,1.204218388e-09,1.223543704e-09,1.242899939e-09,1.26226352e-09,1.281639938e-09,1.300948554e-09,1.320312367e-09,1.339647566e-09,1.358983608e-09,1.378311366e-09,1.405159286e-09,1.437380944e-09,1.468977898e-09,1.500734739e-09,1.532902027e-09,1.564593323e-09,1.59260415e-09,1.611199949e-09,1.630518204e-09,1.649847834e-09,1.669188448e-09,1.688528091e-09,1.706568463e-09]","[1.010558565e-09,1.023283949e-09,1.036022632e-09,1.048775095e-09,1.061550847e-09,1.074298039e-09,1.087076059e-09,1.099810623e-09,1.112560234e-09,1.125318458e-09,1.13806122e-09,1.150811045e-09,1.16354372e-09,1.176295987e-09,1.189044266e-09,1.201730463e-09,1.214472561e-09,1.227249316e-09,1.239981027e-09,1.252704267e-09,1.265525025e-09,1.278199626e-09,1.290907729e-09,1.303574622e-09,1.316385506e-09,1.329155226e-09,1.341877345e-09,1.354592825e-09,1.3673704e-09,1.378848127e-09]",0.9,000000000000111111111000000000,000000000011111111100000000000,000000000011111111100000000000,000000000011111111100000000000,0,10,18,9,1,1,0,0,0,phi_p00,0,medium_200mv_200ps,0.2,2e-10,1.389892705e-09,3.8989270499999994e-10,0,0,0
scenarios/218_glitch_medium_200mv_200ps_phi_p02_o0218_v1p100000000000,capture,1.1,4,0,3.2743686999999997e-10,1.32743687e-09,"[1.069020134e-09,1.088269675e-09,1.107572288e-09,1.12688832e-09,1.146218733e-09,1.16553804e-09,1.184878294e-09,1.204218388e-09,1.223543704e-09,1.242899939e-09,1.26226352e-09,1.281639938e-09,1.300963571e-09,1.320313059e-09,1.339660123e-09,1.359020254e-09,1.378372104e-09,1.405282594e-09,1.437425383e-09,1.46938614e-09,1.500881194e-09,1.532716892e-09,1.564947384e-09,1.592684737e-09,1.61130349e-09,1.630575317e-09,1.649829599e-09,1.66914605e-09,1.688472022e-09,1.706558934e-09]","[1.010558565e-09,1.023283949e-09,1.036022632e-09,1.048775095e-09,1.061550847e-09,1.074298039e-09,1.087076059e-09,1.099810623e-09,1.112560234e-09,1.125318458e-09,1.13806122e-09,1.150811045e-09,1.16354372e-09,1.176295987e-09,1.189044266e-09,1.201730463e-09,1.214472561e-09,1.227249316e-09,1.239981027e-09,1.252704267e-09,1.265525025e-09,1.278199626e-09,1.290907729e-09,1.303676268e-09,1.316433281e-09,1.329086842e-09,1.341923152e-09,1.354648641e-09,1.367390392e-09,1.37885432e-09]",0.9,000000000000011111111110000000,000000000000111111111000000000,000000000000111111111000000000,000000000000111111111000000000,0,12,20,9,1,1,0,0,0,phi_p02,2,medium_200mv_200ps,0.2,2e-10,1.389892705e-09,3.8989270499999994e-10,0,0,0
scenarios/219_glitch_medium_200mv_200ps_phi_p04_o0219_v1p100000000000,capture,1.1,4,0,3.5487374e-10,1.35487374e-09,"[1.069020134e-09,1.088269675e-09,1.107572288e-09,1.12688832e-09,1.146218733e-09,1.16553804e-09,1.184878294e-09,1.204218388e-09,1.223543704e-09,1.242899939e-09,1.26226352e-09,1.281639938e-09,1.300963571e-09,1.320313059e-09,1.339572386e-09,1.358803181e-09,1.378195554e-09,1.404987376e-09,1.437192361e-09,1.468867032e-09,1.500850939e-09,1.532747492e-09,1.564349566e-09,1.592482773e-09,1.611073536e-09,1.630313966e-09,1.64963594e-09,1.668907172e-09,1.68824106e-09,1.706290688e-09]","[1.010558565e-09,1.023283949e-09,1.036022632e-09,1.048775095e-09,1.061550847e-09,1.074298039e-09,1.087076059e-09,1.099810623e-09,1.112560234e-09,1.125318458e-09,1.13806122e-09,1.150811045e-09,1.16354372e-09,1.176295987e-09,1.189044266e-09,1.201730463e-09,1.214472561e-09,1.227249316e-09,1.239981027e-09,1.252704267e-09,1.265525025e-09,1.278199626e-09,1.290907729e-09,1.303676268e-09,1.316433281e-09,1.329201964e-09,1.341876697e-09,1.354518258e-09,1.367252226e-09,1.378726944e-09]",0.9,000000000000000111111111100000,000000000000011111111110000000,000000000000011111111110000000,000000000000011111111110000000,0,13,22,10,1,1,0,0,0,phi_p04,4,medium_200mv_200ps,0.2,2e-10,1.389892705e-09,3.8989270499999994e-10,0,0,0
scenarios/220_glitch_medium_200mv_200ps_phi_m04_o0220_v1p100000000000,capture,1.1,4,0,2.4512626e-10,1.2451262600000001e-09,"[1.069020134e-09,1.088269675e-09,1.107572288e-09,1.12688832e-09,1.146218733e-09,1.16553804e-09,1.184878294e-09,1.204218388e-09,1.223543704e-09,1.242899939e-09,1.26220638e-09,1.281586789e-09,1.300945735e-09,1.320284239e-09,1.339592926e-09,1.358962455e-09,1.378305771e-09,1.397692846e-09,1.428552308e-09,1.460294565e-09,1.492327787e-09,1.524036458e-09,1.555955842e-09,1.587955012e-09,1.611714594e-09,1.630710275e-09,1.650008354e-09,1.66937616e-09,1.688700937e-09,1.706771613e-09]","[1.010558565e-09,1.023283949e-09,1.036022632e-09,1.048775095e-09,1.061550847e-09,1.074298039e-09,1.087076059e-09,1.099810623e-09,1.112560234e-09,1.125318458e-09,1.13806122e-09,1.150811045e-09,1.16354372e-09,1.176295987e-09,1.189044266e-09,1.201730463e-09,1.214472561e-09,1.227249316e-09,1.239981027e-09,1.252668274e-09,1.265454483e-09,1.278205831e-09,1.290939913e-09,1.303683852e-09,1.316408325e-09,1.329149469e-09,1.341826353e-09,1.354621546e-09,1.367362986e-09,1.378790142e-09]",0.9,000000000111111110000000000000,000000011111111000000000000000,000000001111111000000000000000,000000001111111000000000000000,0,8,14,7,1,1,0,0,0,phi_m04,-4,medium_200mv_200ps,0.2,2e-10,1.40361114e-09,4.0361114000000003e-10,0,0,0
scenarios/221_glitch_medium_200mv_200ps_phi_m02_o0221_v1p100000000000,capture,1.1,4,0,2.7256313e-10,1.27256313e-09,"[1.069020134e-09,1.088269675e-09,1.107572288e-09,1.12688832e-09,1.146218733e-09,1.16553804e-09,1.184878294e-09,1.204218388e-09,1.223543704e-09,1.242899939e-09,1.26226352e-09,1.281549499e-09,1.300933238e-09,1.320271018e-09,1.339627999e-09,1.358978012e-09,1.378287307e-09,1.397681884e-09,1.428604501e-09,1.460498022e-09,1.492298228e-09,1.524511474e-09,1.556334707e-09,1.588123748e-09,1.611880697e-09,1.630863828e-09,1.650237177e-09,1.669592685e-09,1.68890606e-09,1.706931935e-09]","[1.010558565e-09,1.023283949e-09,1.036022632e-09,1.048775095e-09,1.061550847e-09,1.074298039e-09,1.087076059e-09,1.099810623e-09,1.112560234e-09,1.125318458e-09,1.13806122e-09,1.150811045e-09,1.16354372e-09,1.176295987e-09,1.189044266e-09,1.201730463e-09,1.214472561e-09,1.227249316e-09,1.239981027e-09,1.252704267e-09,1.265525025e-09,1.278131497e-09,1.290912056e-09,1.303691551e-09,1.316428159e-09,1.329160204e-09,1.341909104e-09,1.354637446e-09,1.367389312e-09,1.378818515e-09]",0.9,000000000011111111100000000000,000000000111111110000000000000,000000000111111110000000000000,000000000111111110000000000000,0,9,16,8,1,1,0,0,0,phi_m02,-2,medium_200mv_200ps,0.2,2e-10,1.40361114e-09,4.0361114000000003e-10,0,0,0
scenarios/222_glitch_medium_200mv_200ps_phi_p00_o0222_v1p100000000000,capture,1.1,4,0,3e-10,1.3e-09,"[1.069020134e-09,1.088269675e-09,1.107572288e-09,1.12688832e-09,1.146218733e-09,1.16553804e-09,1.184878294e-09,1.204218388e-09,1.223543704e-09,1.242899939e-09,1.26226352e-09,1.281639938e-09,1.300948554e-09,1.320312367e-09,1.339647566e-09,1.358983608e-09,1.378311366e-09,1.397629271e-09,1.428474694e-09,1.46039887e-09,1.492399089e-09,1.524087803e-09,1.55601249e-09,1.587885434e-09,1.611688303e-09,1.630652227e-09,1.650026192e-09,1.669389404e-09,1.688656596e-09,1.706677307e-09]","[1.010558565e-09,1.023283949e-09,1.036022632e-09,1.048775095e-09,1.061550847e-09,1.074298039e-09,1.087076059e-09,1.099810623e-09,1.112560234e-09,1.125318458e-09,1.13806122e-09,1.150811045e-09,1.16354372e-09,1.176295987e-09,1.189044266e-09,1.201730463e-09,1.214472561e-09,1.227249316e-09,1.239981027e-09,1.252704267e-09,1.265525025e-09,1.278199626e-09,1.290907729e-09,1.303574622e-09,1.316385506e-09,1.329155226e-09,1.341877345e-09,1.354592825e-09,1.3673704e-09,1.378848127e-09]",0.9,000000000000111111111000000000,000000000011111111100000000000,000000000011111111100000000000,000000000011111111100000000000,0,10,18,9,1,1,0,0,0,phi_p00,0,medium_200mv_200ps,0.2,2e-10,1.40361114e-09,4.0361114000000003e-10,0,0,0
scenarios/223_glitch_medium_200mv_200ps_phi_p02_o0223_v1p100000000000,capture,1.1,4,0,3.2743686999999997e-10,1.32743687e-09,"[1.069020134e-09,1.088269675e-09,1.107572288e-09,1.12688832e-09,1.146218733e-09,1.16553804e-09,1.184878294e-09,1.204218388e-09,1.223543704e-09,1.242899939e-09,1.26226352e-09,1.281639938e-09,1.300963571e-09,1.320313059e-09,1.339660123e-09,1.359020254e-09,1.378372104e-09,1.397705941e-09,1.428627366e-09,1.460548363e-09,1.492452212e-09,1.524387928e-09,1.556349498e-09,1.588056659e-09,1.611845567e-09,1.630833898e-09,1.650160568e-09,1.669500922e-09,1.688866148e-09,1.706891218e-09]","[1.010558565e-09,1.023283949e-09,1.036022632e-09,1.048775095e-09,1.061550847e-09,1.074298039e-09,1.087076059e-09,1.099810623e-09,1.112560234e-09,1.125318458e-09,1.13806122e-09,1.150811045e-09,1.16354372e-09,1.176295987e-09,1.189044266e-09,1.201730463e-09,1.214472561e-09,1.227249316e-09,1.239981027e-09,1.252704267e-09,1.265525025e-09,1.278199626e-09,1.290907729e-09,1.303676268e-09,1.316433281e-09,1.329086842e-09,1.341923152e-09,1.354648641e-09,1.367390392e-09,1.37885432e-09]",0.9,000000000000011111111110000000,000000000000111111111000000000,000000000000111111111000000000,000000000000111111111000000000,0,12,20,9,1,1,0,0,0,phi_p02,2,medium_200mv_200ps,0.2,2e-10,1.40361114e-09,4.0361114000000003e-10,0,0,0
scenarios/224_glitch_medium_200mv_200ps_phi_p04_o0224_v1p100000000000,capture,1.1,4,0,3.5487374e-10,1.35487374e-09,"[1.069020134e-09,1.088269675e-09,1.107572288e-09,1.12688832e-09,1.146218733e-09,1.16553804e-09,1.184878294e-09,1.204218388e-09,1.223543704e-09,1.242899939e-09,1.26226352e-09,1.281639938e-09,1.300963571e-09,1.320313059e-09,1.339572386e-09,1.358803181e-09,1.378195554e-09,1.397552445e-09,1.42837546e-09,1.460321739e-09,1.492242759e-09,1.524050327e-09,1.555655656e-09,1.587653987e-09,1.611530072e-09,1.6305744e-09,1.649882914e-09,1.669137903e-09,1.688516892e-09,1.706470981e-09]","[1.010558565e-09,1.023283949e-09,1.036022632e-09,1.048775095e-09,1.061550847e-09,1.074298039e-09,1.087076059e-09,1.099810623e-09,1.112560234e-09,1.125318458e-09,1.13806122e-09,1.150811045e-09,1.16354372e-09,1.176295987e-09,1.189044266e-09,1.201730463e-09,1.214472561e-09,1.227249316e-09,1.239981027e-09,1.252704267e-09,1.265525025e-09,1.278199626e-09,1.290907729e-09,1.303676268e-09,1.316433281e-09,1.329201964e-09,1.341876697e-09,1.354518258e-09,1.367252226e-09,1.378726944e-09]",0.9,000000000000000111111111100000,000000000000011111111110000000,000000000000011111111110000000,000000000000011111111110000000,0,13,22,10,1,1,0,0,0,phi_p04,4,medium_200mv_200ps,0.2,2e-10,1.40361114e-09,4.0361114000000003e-10,0,0,0
scenarios/225_glitch_medium_200mv_200ps_phi_m04_o0225_v1p100000000000,capture,1.1,4,0,2.4512626e-10,1.2451262600000001e-09,"[1.069020134e-09,1.088269675e-09,1.107572288e-09,1.12688832e-09,1.146218733e-09,1.16553804e-09,1.184878294e-09,1.204218388e-09,1.223543704e-09,1.242899939e-09,1.26220638e-09,1.281586789e-09,1.300945735e-09,1.320284239e-09,1.339592926e-09,1.358962455e-09,1.378305771e-09,1.397692846e-09,1.41707262e-09,1.451796526e-09,1.484020623e-09,1.515774395e-09,1.547679687e-09,1.579520219e-09,1.611277972e-09,1.63122757e-09,1.650406226e-09,1.669763234e-09,1.689150192e-09,1.707096403e-09]","[1.010558565e-09,1.023283949e-09,1.036022632e-09,1.048775095e-09,1.061550847e-09,1.074298039e-09,1.087076059e-09,1.099810623e-09,1.112560234e-09,1.125318458e-09,1.13806122e-09,1.150811045e-09,1.16354372e-09,1.176295987e-09,1.189044266e-09,1.201730463e-09,1.214472561e-09,1.227249316e-09,1.239981027e-09,1.252668274e-09,1.265454483e-09,1.278205831e-09,1.290939913e-09,1.303683852e-09,1.316408325e-09,1.329149469e-09,1.341826353e-09,1.354621546e-09,1.367362986e-09,1.378790142e-09]",0.9,000000000111111110000000000000,000000011111111000000000000000,000000001111111000000000000000,000000001111111000000000000000,0,8,14,7,1,1,0,0,0,phi_m04,-4,medium_200mv_200ps,0.2,2e-10,1.417329575e-09,4.17329575e-10,0,0,0
scenarios/226_glitch_medium_200mv_200ps_phi_m02_o0226_v1p100000000000,capture,1.1,4,0,2.7256313e-10,1.27256313e-09,"[1.069020134e-09,1.088269675e-09,1.107572288e-09,1.12688832e-09,1.146218733e-09,1.16553804e-09,1.184878294e-09,1.204218388e-09,1.223543704e-09,1.242899939e-09,1.26226352e-09,1.281549499e-09,1.300933238e-09,1.320271018e-09,1.339627999e-09,1.358978012e-09,1.378287307e-09,1.397681884e-09,1.416984754e-09,1.451913757e-09,1.483539691e-09,1.515626127e-09,1.547315658e-09,1.579164484e-09,1.611167271e-09,1.631000559e-09,1.650259929e-09,1.669578064e-09,1.688854912e-09,1.706879061e-09]","[1.010558565e-09,1.023283949e-09,1.036022632e-09,1.048775095e-09,1.061550847e-09,1.074298039e-09,1.087076059e-09,1.099810623e-09,1.112560234e-09,1.125318458e-09,1.13806122e-09,1.150811045e-09,1.16354372e-09,1.176295987e-09,1.189044266e-09,1.201730463e-09,1.214472561e-09,1.227249316e-09,1.239981027e-09,1.252704267e-09,1.265525025e-09,1.278131497e-09,1.290912056e-09,1.303691551e-09,1.316428159e-09,1.329160204e-09,1.341909104e-09,1.354637446e-09,1.367389312e-09,1.378818515e-09]",0.9,000000000011111111100000000000,000000000111111110000000000000,000000000111111110000000000000,000000000111111110000000000000,0,9,16,8,1,1,0,0,0,phi_m02,-2,medium_200mv_200ps,0.2,2e-10,1.417329575e-09,4.17329575e-10,0,0,0
scenarios/227_glitch_medium_200mv_200ps_phi_p00_o0227_v1p100000000000,capture,1.1,4,0,3e-10,1.3e-09,"[1.069020134e-09,1.088269675e-09,1.107572288e-09,1.12688832e-09,1.146218733e-09,1.16553804e-09,1.184878294e-09,1.204218388e-09,1.223543704e-09,1.242899939e-09,1.26226352e-09,1.281639938e-09,1.300948554e-09,1.320312367e-09,1.339647566e-09,1.358983608e-09,1.378311366e-09,1.397629271e-09,1.416960262e-09,1.45192567e-09,1.483756568e-09,1.515434723e-09,1.547327886e-09,1.579224242e-09,1.611142026e-09,1.631054515e-09,1.650273265e-09,1.669586514e-09,1.688953231e-09,1.706971822e-09]","[1.010558565e-09,1.023283949e-09,1.036022632e-09,1.048775095e-09,1.061550847e-09,1.074298039e-09,1.087076059e-09,1.099810623e-09,1.112560234e-09,1.125318458e-09,1.13806122e-09,1.150811045e-09,1.16354372e-09,1.176295987e-09,1.189044266e-09,1.201730463e-09,1.214472561e-09,1.227249316e-09,1.239981027e-09,1.252704267e-09,1.265525025e-09,1.278199626e-09,1.290907729e-09,1.303574622e-09,1.316385506e-09,1.329155226e-09,1.341877345e-09,1.354592825e-09,1.3673704e-09,1.378848127e-09]",0.9,000000000000111111111000000000,000000000011111111100000000000,000000000011111111100000000000,000000000011111111100000000000,0,10,18,9,1,1,0,0,0,phi_p00,0,medium_200mv_200ps,0.2,2e-10,1.417329575e-09,4.17329575e-10,0,0,0
scenarios/228_glitch_medium_200mv_200ps_phi_p02_o0228_v1p100000000000,capture,1.1,4,0,3.2743686999999997e-10,1.32743687e-09,"[1.069020134e-09,1.088269675e-09,1.107572288e-09,1.12688832e-09,1.146218733e-09,1.16553804e-09,1.184878294e-09,1.204218388e-09,1.223543704e-09,1.242899939e-09,1.26226352e-09,1.281639938e-09,1.300963571e-09,1.320313059e-09,1.339660123e-09,1.359020254e-09,1.378372104e-09,1.397705941e-09,1.416982108e-09,1.451897648e-09,1.483794732e-09,1.515533169e-09,1.547173104e-09,1.579381572e-09,1.611208596e-09,1.631135293e-09,1.650350177e-09,1.669670222e-09,1.689010694e-09,1.707107441e-09]","[1.010558565e-09,1.023283949e-09,1.036022632e-09,1.048775095e-09,1.061550847e-09,1.074298039e-09,1.087076059e-09,1.099810623e-09,1.112560234e-09,1.125318458e-09,1.13806122e-09,1.150811045e-09,1.16354372e-09,1.176295987e-09,1.189044266e-09,1.201730463e-09,1.214472561e-09,1.227249316e-09,1.239981027e-09,1.252704267e-09,1.265525025e-09,1.278199626e-09,1.290907729e-09,1.303676268e-09,1.316433281e-09,1.329086842e-09,1.341923152e-09,1.354648641e-09,1.367390392e-09,1.37885432e-09]",0.9,000000000000011111111110000000,000000000000111111111000000000,000000000000111111111000000000,000000000000111111111000000000,0,12,20,9,1,1,0,0,0,phi_p02,2,medium_200mv_200ps,0.2,2e-10,1.417329575e-09,4.17329575e-10,0,0,0
scenarios/229_glitch_medium_200mv_200ps_phi_p04_o0229_v1p100000000000,capture,1.1,4,0,3.5487374e-10,1.35487374e-09,"[1.069020134e-09,1.088269675e-09,1.107572288e-09,1.12688832e-09,1.146218733e-09,1.16553804e-09,1.184878294e-09,1.204218388e-09,1.223543704e-09,1.242899939e-09,1.26226352e-09,1.281639938e-09,1.300963571e-09,1.320313059e-09,1.339572386e-09,1.358803181e-09,1.378195554e-09,1.397552445e-09,1.416835543e-09,1.451608591e-09,1.483450237e-09,1.515224662e-09,1.547029939e-09,1.578837808e-09,1.610615529e-09,1.630852622e-09,1.650051295e-09,1.66937845e-09,1.688716435e-09,1.706777201e-09]","[1.010558565e-09,1.023283949e-09,1.036022632e-09,1.048775095e-09,1.061550847e-09,1.074298039e-09,1.087076059e-09,1.099810623e-09,1.112560234e-09,1.125318458e-09,1.13806122e-09,1.150811045e-09,1.16354372e-09,1.176295987e-09,1.189044266e-09,1.201730463e-09,1.214472561e-09,1.227249316e-09,1.239981027e-09,1.252704267e-09,1.265525025e-09,1.278199626e-09,1.290907729e-09,1.303676268e-09,1.316433281e-09,1.329201964e-09,1.341876697e-09,1.354518258e-09,1.367252226e-09,1.378726944e-09]",0.9,000000000000000111111111100000,000000000000011111111110000000,000000000000011111111110000000,000000000000011111111110000000,0,13,22,10,1,1,0,0,0,phi_p04,4,medium_200mv_200ps,0.2,2e-10,1.417329575e-09,4.17329575e-10,0,0,0
scenarios/230_glitch_medium_200mv_200ps_phi_m04_o0230_v1p100000000000,capture,1.1,4,0,2.4512626e-10,1.2451262600000001e-09,"[1.069020134e-09,1.088269675e-09,1.107572288e-09,1.12688832e-09,1.146218733e-09,1.16553804e-09,1.184878294e-09,1.204218388e-09,1.223543704e-09,1.242899939e-09,1.26220638e-09,1.281586789e-09,1.300945735e-09,1.320284239e-09,1.339592926e-09,1.358962455e-09,1.378305771e-09,1.397692846e-09,1.417072492e-09,1.442183768e-09,1.474996244e-09,1.506760239e-09,1.538590548e-09,1.570606897e-09,1.602436859e-09,1.631858617e-09,1.650309872e-09,1.669633074e-09,1.688971919e-09,1.70703081e-09]","[1.010558565e-09,1.023283949e-09,1.036022632e-09,1.048775095e-09,1.061550847e-09,1.074298039e-09,1.087076059e-09,1.099810623e-09,1.112560234e-09,1.125318458e-09,1.13806122e-09,1.150811045e-09,1.16354372e-09,1.176295987e-09,1.189044266e-09,1.201730463e-09,1.214472561e-09,1.227249316e-09,1.239981027e-09,1.252668274e-09,1.265454483e-09,1.278205831e-09,1.290939913e-09,1.303683852e-09,1.316408325e-09,1.329149469e-09,1.341826353e-09,1.354621546e-09,1.367362986e-09,1.378790142e-09]",0.9,000000000111111110000000000000,000000011111111000000000000000,000000001111111000000000000000,000000001111111000000000000000,0,8,14,7,1,1,0,0,0,phi_m04,-4,medium_200mv_200ps,0.2,2e-10,1.43104801e-09,4.3104801e-10,0,0,0
scenarios/231_glitch_medium_200mv_200ps_phi_m02_o0231_v1p100000000000,capture,1.1,4,0,2.7256313e-10,1.27256313e-09,"[1.069020134e-09,1.088269675e-09,1.107572288e-09,1.12688832e-09,1.146218733e-09,1.16553804e-09,1.184878294e-09,1.204218388e-09,1.223543704e-09,1.242899939e-09,1.26226352e-09,1.281549499e-09,1.300933238e-09,1.320271018e-09,1.339627999e-09,1.358978012e-09,1.378287307e-09,1.397681884e-09,1.417048187e-09,1.441956647e-09,1.474607304e-09,1.50689388e-09,1.538632905e-09,1.570634518e-09,1.602451436e-09,1.63185674e-09,1.650326988e-09,1.669621231e-09,1.688879294e-09,1.706949738e-09]","[1.010558565e-09,1.023283949e-09,1.036022632e-09,1.048775095e-09,1.061550847e-09,1.074298039e-09,1.087076059e-09,1.099810623e-09,1.112560234e-09,1.125318458e-09,1.13806122e-09,1.150811045e-09,1.16354372e-09,1.176295987e-09,1.189044266e-09,1.201730463e-09,1.214472561e-09,1.227249316e-09,1.239981027e-09,1.252704267e-09,1.265525025e-09,1.278131497e-09,1.290912056e-09,1.303691551e-09,1.316428159e-09,1.329160204e-09,1.341909104e-09,1.354637446e-09,1.367389312e-09,1.378818515e-09]",0.9,000000000011111111100000000000,000000000111111110000000000000,000000000111111110000000000000,000000000111111110000000000000,0,9,16,8,1,1,0,0,0,phi_m02,-2,medium_200mv_200ps,0.2,2e-10,1.43104801e-09,4.3104801e-10,0,0,0
scenarios/232_glitch_medium_200mv_200ps_phi_p00_o0232_v1p100000000000,capture,1.1,4,0,3e-10,1.3e-09,"[1.069020134e-09,1.088269675e-09,1.107572288e-09,1.12688832e-09,1.146218733e-09,1.16553804e-09,1.184878294e-09,1.204218388e-09,1.223543704e-09,1.242899939e-09,1.26226352e-09,1.281639938e-09,1.300948554e-09,1.320312367e-09,1.339647566e-09,1.358983608e-09,1.378311366e-09,1.397629271e-09,1.416992927e-09,1.442046573e-09,1.474567825e-09,1.506132812e-09,1.538437026e-09,1.570250689e-09,1.602201388e-09,1.631798248e-09,1.650178703e-09,1.669501193e-09,1.688834602e-09,1.706854927e-09]","[1.010558565e-09,1.023283949e-09,1.036022632e-09,1.048775095e-09,1.061550847e-09,1.074298039e-09,1.087076059e-09,1.099810623e-09,1.112560234e-09,1.125318458e-09,1.13806122e-09,1.150811045e-09,1.16354372e-09,1.176295987e-09,1.189044266e-09,1.201730463e-09,1.214472561e-09,1.227249316e-09,1.239981027e-09,1.252704267e-09,1.265525025e-09,1.278199626e-09,1.290907729e-09,1.303574622e-09,1.316385506e-09,1.329155226e-09,1.341877345e-09,1.354592825e-09,1.3673704e-09,1.378848127e-09]",0.9,000000000000111111111000000000,000000000011111111100000000000,000000000011111111100000000000,000000000011111111100000000000,0,10,18,9,1,1,0,0,0,phi_p00,0,medium_200mv_200ps,0.2,2e-10,1.43104801e-09,4.3104801e-10,0,0,0
scenarios/233_glitch_medium_200mv_200ps_phi_p02_o0233_v1p100000000000,capture,1.1,4,0,3.2743686999999997e-10,1.32743687e-09,"[1.069020134e-09,1.088269675e-09,1.107572288e-09,1.12688832e-09,1.146218733e-09,1.16553804e-09,1.184878294e-09,1.204218388e-09,1.223543704e-09,1.242899939e-09,1.26226352e-09,1.281639938e-09,1.300963571e-09,1.320313059e-09,1.339660123e-09,1.359020254e-09,1.378372104e-09,1.397705941e-09,1.417043569e-09,1.441944309e-09,1.474683249e-09,1.50665269e-09,1.538186415e-09,1.570187159e-09,1.601925882e-09,1.631743403e-09,1.65007249e-09,1.669383934e-09,1.688712846e-09,1.706780912e-09]","[1.010558565e-09,1.023283949e-09,1.036022632e-09,1.048775095e-09,1.061550847e-09,1.074298039e-09,1.087076059e-09,1.099810623e-09,1.112560234e-09,1.125318458e-09,1.13806122e-09,1.150811045e-09,1.16354372e-09,1.176295987e-09,1.189044266e-09,1.201730463e-09,1.214472561e-09,1.227249316e-09,1.239981027e-09,1.252704267e-09,1.265525025e-09,1.278199626e-09,1.290907729e-09,1.303676268e-09,1.316433281e-09,1.329086842e-09,1.341923152e-09,1.354648641e-09,1.367390392e-09,1.37885432e-09]",0.9,000000000000011111111110000000,000000000000111111111000000000,000000000000111111111000000000,000000000000111111111000000000,0,12,20,9,1,1,0,0,0,phi_p02,2,medium_200mv_200ps,0.2,2e-10,1.43104801e-09,4.3104801e-10,0,0,0
scenarios/234_glitch_medium_200mv_200ps_phi_p04_o0234_v1p100000000000,capture,1.1,4,0,3.5487374e-10,1.35487374e-09,"[1.069020134e-09,1.088269675e-09,1.107572288e-09,1.12688832e-09,1.146218733e-09,1.16553804e-09,1.184878294e-09,1.204218388e-09,1.223543704e-09,1.242899939e-09,1.26226352e-09,1.281639938e-09,1.300963571e-09,1.320313059e-09,1.339572386e-09,1.358803181e-09,1.378195554e-09,1.397552445e-09,1.416890294e-09,1.441627368e-09,1.474635124e-09,1.506374361e-09,1.538320025e-09,1.570005697e-09,1.602033326e-09,1.631750193e-09,1.650082646e-09,1.669399307e-09,1.688750096e-09,1.706697687e-09]","[1.010558565e-09,1.023283949e-09,1.036022632e-09,1.048775095e-09,1.061550847e-09,1.074298039e-09,1.087076059e-09,1.099810623e-09,1.112560234e-09,1.125318458e-09,1.13806122e-09,1.150811045e-09,1.16354372e-09,1.176295987e-09,1.189044266e-09,1.201730463e-09,1.214472561e-09,1.227249316e-09,1.239981027e-09,1.252704267e-09,1.265525025e-09,1.278199626e-09,1.290907729e-09,1.303676268e-09,1.316433281e-09,1.329201964e-09,1.341876697e-09,1.354518258e-09,1.367252226e-09,1.378726944e-09]",0.9,000000000000000111111111100000,000000000000011111111110000000,000000000000011111111110000000,000000000000011111111110000000,0,13,22,10,1,1,0,0,0,phi_p04,4,medium_200mv_200ps,0.2,2e-10,1.43104801e-09,4.3104801e-10,0,0,0
scenarios/235_glitch_medium_200mv_200ps_phi_m04_o0235_v1p100000000000,capture,1.1,4,0,2.4512626e-10,1.2451262600000001e-09,"[1.069020134e-09,1.088269675e-09,1.107572288e-09,1.12688832e-09,1.146218733e-09,1.16553804e-09,1.184878294e-09,1.204218388e-09,1.223543704e-09,1.242899939e-09,1.26220638e-09,1.281586789e-09,1.300945735e-09,1.320284239e-09,1.339592926e-09,1.358962455e-09,1.378305771e-09,1.397692846e-09,1.417072492e-09,1.436439711e-09,1.465542313e-09,1.497926879e-09,1.529666401e-09,1.561593935e-09,1.593338529e-09,1.62519676e-09,1.650626721e-09,1.669387486e-09,1.688750461e-09,1.706782553e-09]","[1.010558565e-09,1.023283949e-09,1.036022632e-09,1.048775095e-09,1.061550847e-09,1.074298039e-09,1.087076059e-09,1.099810623e-09,1.112560234e-09,1.125318458e-09,1.13806122e-09,1.150811045e-09,1.16354372e-09,1.176295987e-09,1.189044266e-09,1.201730463e-09,1.214472561e-09,1.227249316e-09,1.239981027e-09,1.252668274e-09,1.265454483e-09,1.278205831e-09,1.290939913e-09,1.303683852e-09,1.316408325e-09,1.329149469e-09,1.341826353e-09,1.354621546e-09,1.367362986e-09,1.378790142e-09]",0.9,000000000111111110000000000000,000000011111111000000000000000,000000001111111000000000000000,000000001111111000000000000000,0,8,14,7,1,1,0,0,0,phi_m04,-4,medium_200mv_200ps,0.2,2e-10,1.444766445e-09,4.44766445e-10,0,0,0
scenarios/236_glitch_medium_200mv_200ps_phi_m02_o0236_v1p100000000000,capture,1.1,4,0,2.7256313e-10,1.27256313e-09,"[1.069020134e-09,1.088269675e-09,1.107572288e-09,1.12688832e-09,1.146218733e-09,1.16553804e-09,1.184878294e-09,1.204218388e-09,1.223543704e-09,1.242899939e-09,1.26226352e-09,1.281549499e-09,1.300933238e-09,1.320271018e-09,1.339627999e-09,1.358978012e-09,1.378287307e-09,1.397681884e-09,1.417048187e-09,1.436324259e-09,1.465735361e-09,1.497700049e-09,1.529606916e-09,1.561463589e-09,1.593247224e-09,1.625242036e-09,1.650651409e-09,1.669427606e-09,1.68879005e-09,1.706827516e-09]","[1.010558565e-09,1.023283949e-09,1.036022632e-09,1.048775095e-09,1.061550847e-09,1.074298039e-09,1.087076059e-09,1.099810623e-09,1.112560234e-09,1.125318458e-09,1.13806122e-09,1.150811045e-09,1.16354372e-09,1.176295987e-09,1.189044266e-09,1.201730463e-09,1.214472561e-09,1.227249316e-09,1.239981027e-09,1.252704267e-09,1.265525025e-09,1.278131497e-09,1.290912056e-09,1.303691551e-09,1.316428159e-09,1.329160204e-09,1.341909104e-09,1.354637446e-09,1.367389312e-09,1.378818515e-09]",0.9,000000000011111111100000000000,000000000111111110000000000000,000000000111111110000000000000,000000000111111110000000000000,0,9,16,8,1,1,0,0,0,phi_m02,-2,medium_200mv_200ps,0.2,2e-10,1.444766445e-09,4.44766445e-10,0,0,0
scenarios/237_glitch_medium_200mv_200ps_phi_p00_o0237_v1p100000000000,capture,1.1,4,0,3e-10,1.3e-09,"[1.069020134e-09,1.088269675e-09,1.107572288e-09,1.12688832e-09,1.146218733e-09,1.16553804e-09,1.184878294e-09,1.204218388e-09,1.223543704e-09,1.242899939e-09,1.26226352e-09,1.281639938e-09,1.300948554e-09,1.320312367e-09,1.339647566e-09,1.358983608e-09,1.378311366e-09,1.397629271e-09,1.416992927e-09,1.436376043e-09,1.465717486e-09,1.497522353e-09,1.529568147e-09,1.561321719e-09,1.593180064e-09,1.625178417e-09,1.65061665e-09,1.66938834e-09,1.688750053e-09,1.706777031e-09]","[1.010558565e-09,1.023283949e-09,1.036022632e-09,1.048775095e-09,1.061550847e-09,1.074298039e-09,1.087076059e-09,1.099810623e-09,1.112560234e-09,1.125318458e-09,1.13806122e-09,1.150811045e-09,1.16354372e-09,1.176295987e-09,1.189044266e-09,1.201730463e-09,1.214472561e-09,1.227249316e-09,1.239981027e-09,1.252704267e-09,1.265525025e-09,1.278199626e-09,1.290907729e-09,1.303574622e-09,1.316385506e-09,1.329155226e-09,1.341877345e-09,1.354592825e-09,1.3673704e-09,1.378848127e-09]",0.9,000000000000111111111000000000,000000000011111111100000000000,000000000011111111100000000000,000000000011111111100000000000,0,10,18,9,1,1,0,0,0,phi_p00,0,medium_200mv_200ps,0.2,2e-10,1.444766445e-09,4.44766445e-10,0,0,0
scenarios/238_glitch_medium_200mv_200ps_phi_p02_o0238_v1p100000000000,capture,1.1,4,0,3.2743686999999997e-10,1.32743687e-09,"[1.069020134e-09,1.088269675e-09,1.107572288e-09,1.12688832e-09,1.146218733e-09,1.16553804e-09,1.184878294e-09,1.204218388e-09,1.223543704e-09,1.242899939e-09,1.26226352e-09,1.281639938e-09,1.300963571e-09,1.320313059e-09,1.339660123e-09,1.359020254e-09,1.378372104e-09,1.397705941e-09,1.417043569e-09,1.436322714e-09,1.465730868e-09,1.49769417e-09,1.529352907e-09,1.561623812e-09,1.593357949e-09,1.625352283e-09,1.650766059e-09,1.669612754e-09,1.688854008e-09,1.706844201e-09]","[1.010558565e-09,1.023283949e-09,1.036022632e-09,1.048775095e-09,1.061550847e-09,1.074298039e-09,1.087076059e-09,1.099810623e-09,1.112560234e-09,1.125318458e-09,1.13806122e-09,1.150811045e-09,1.16354372e-09,1.176295987e-09,1.189044266e-09,1.201730463e-09,1.214472561e-09,1.227249316e-09,1.239981027e-09,1.252704267e-09,1.265525025e-09,1.278199626e-09,1.290907729e-09,1.303676268e-09,1.316433281e-09,1.329086842e-09,1.341923152e-09,1.354648641e-09,1.367390392e-09,1.37885432e-09]",0.9,000000000000011111111110000000,000000000000111111111000000000,000000000000111111111000000000,000000000000111111111000000000,0,12,20,9,1,1,0,0,0,phi_p02,2,medium_200mv_200ps,0.2,2e-10,1.444766445e-09,4.44766445e-10,0,0,0
scenarios/239_glitch_medium_200mv_200ps_phi_p04_o0239_v1p100000000000,capture,1.1,4,0,3.5487374e-10,1.35487374e-09,"[1.069020134e-09,1.088269675e-09,1.107572288e-09,1.12688832e-09,1.146218733e-09,1.16553804e-09,1.184878294e-09,1.204218388e-09,1.223543704e-09,1.242899939e-09,1.26226352e-09,1.281639938e-09,1.300963571e-09,1.320313059e-09,1.339572386e-09,1.358803181e-09,1.378195554e-09,1.397552445e-09,1.416890294e-09,1.436149893e-09,1.465300205e-09,1.497261131e-09,1.529025061e-09,1.560707879e-09,1.592991042e-09,1.624792237e-09,1.65048949e-09,1.669247154e-09,1.688607891e-09,1.70662306e-09]","[1.010558565e-09,1.023283949e-09,1.036022632e-09,1.048775095e-09,1.061550847e-09,1.074298039e-09,1.087076059e-09,1.099810623e-09,1.112560234e-09,1.125318458e-09,1.13806122e-09,1.150811045e-09,1.16354372e-09,1.176295987e-09,1.189044266e-09,1.201730463e-09,1.214472561e-09,1.227249316e-09,1.239981027e-09,1.252704267e-09,1.265525025e-09,1.278199626e-09,1.290907729e-09,1.303676268e-09,1.316433281e-09,1.329201964e-09,1.341876697e-09,1.354518258e-09,1.367252226e-09,1.378726944e-09]",0.9,000000000000000111111111100000,000000000000011111111110000000,000000000000011111111110000000,000000000000011111111110000000,0,13,22,10,1,1,0,0,0,phi_p04,4,medium_200mv_200ps,0.2,2e-10,1.444766445e-09,4.44766445e-10,0,0,0
scenarios/240_glitch_medium_200mv_200ps_phi_m04_o0240_v1p100000000000,capture,1.1,4,0,2.4512626e-10,1.2451262600000001e-09,"[1.069020134e-09,1.088269675e-09,1.107572288e-09,1.12688832e-09,1.146218733e-09,1.16553804e-09,1.184878294e-09,1.204218388e-09,1.223543704e-09,1.242899939e-09,1.26220638e-09,1.281586789e-09,1.300945735e-09,1.320284239e-09,1.339592926e-09,1.358962455e-09,1.378305771e-09,1.397692846e-09,1.417072492e-09,1.436439711e-09,1.455783204e-09,1.488646668e-09,1.520460444e-09,1.552344014e-09,1.584260371e-09,1.616043209e-09,1.647846059e-09,1.669554436e-09,1.688698246e-09,1.70674396e-09]","[1.010558565e-09,1.023283949e-09,1.036022632e-09,1.048775095e-09,1.061550847e-09,1.074298039e-09,1.087076059e-09,1.099810623e-09,1.112560234e-09,1.125318458e-09,1.13806122e-09,1.150811045e-09,1.16354372e-09,1.176295987e-09,1.189044266e-09,1.201730463e-09,1.214472561e-09,1.227249316e-09,1.239981027e-09,1.252668274e-09,1.265454483e-09,1.278205831e-09,1.290939913e-09,1.303683852e-09,1.316408325e-09,1.329149469e-09,1.341826353e-09,1.354621546e-09,1.367362986e-09,1.378790142e-09]",0.9,000000000111111110000000000000,000000011111111000000000000000,000000001111111000000000000000,000000001111111000000000000000,0,8,14,7,1,1,0,0,0,phi_m04,-4,medium_200mv_200ps,0.2,2e-10,1.45848488e-09,4.5848488e-10,0,0,0
scenarios/241_glitch_medium_200mv_200ps_phi_m02_o0241_v1p100000000000,capture,1.1,4,0,2.7256313e-10,1.27256313e-09,"[1.069020134e-09,1.088269675e-09,1.107572288e-09,1.12688832e-09,1.146218733e-09,1.16553804e-09,1.184878294e-09,1.204218388e-09,1.223543704e-09,1.242899939e-09,1.26226352e-09,1.281549499e-09,1.300933238e-09,1.320271018e-09,1.339627999e-09,1.358978012e-09,1.378287307e-09,1.397681884e-09,1.417048187e-09,1.436324259e-09,1.455708271e-09,1.488174239e-09,1.520321923e-09,1.552080864e-09,1.583960134e-09,1.615901095e-09,1.647672952e-09,1.669413772e-09,1.688560502e-09,1.706592634e-09]","[1.010558565e-09,1.023283949e-09,1.036022632e-09,1.048775095e-09,1.061550847e-09,1.074298039e-09,1.087076059e-09,1.099810623e-09,1.112560234e-09,1.125318458e-09,1.13806122e-09,1.150811045e-09,1.16354372e-09,1.176295987e-09,1.189044266e-09,1.201730463e-09,1.214472561e-09,1.227249316e-09,1.239981027e-09,1.252704267e-09,1.265525025e-09,1.278131497e-09,1.290912056e-09,1.303691551e-09,1.316428159e-09,1.329160204e-09,1.341909104e-09,1.354637446e-09,1.367389312e-09,1.378818515e-09]",0.9,000000000011111111100000000000,000000000111111110000000000000,000000000111111110000000000000,000000000111111110000000000000,0,9,16,8,1,1,0,0,0,phi_m02,-2,medium_200mv_200ps,0.2,2e-10,1.45848488e-09,4.5848488e-10,0,0,0
scenarios/242_glitch_medium_200mv_200ps_phi_p00_o0242_v1p100000000000,capture,1.1,4,0,3e-10,1.3e-09,"[1.069020134e-09,1.088269675e-09,1.107572288e-09,1.12688832e-09,1.146218733e-09,1.16553804e-09,1.184878294e-09,1.204218388e-09,1.223543704e-09,1.242899939e-09,1.26226352e-09,1.281639938e-09,1.300948554e-09,1.320312367e-09,1.339647566e-09,1.358983608e-09,1.378311366e-09,1.397629271e-09,1.416992927e-09,1.436376043e-09,1.455650451e-09,1.488431271e-09,1.520244199e-09,1.552399887e-09,1.584242684e-09,1.615985864e-09,1.647819723e-09,1.669568044e-09,1.688698508e-09,1.706771317e-09]","[1.010558565e-09,1.023283949e-09,1.036022632e-09,1.048775095e-09,1.061550847e-09,1.074298039e-09,1.087076059e-09,1.099810623e-09,1.112560234e-09,1.125318458e-09,1.13806122e-09,1.150811045e-09,1.16354372e-09,1.176295987e-09,1.189044266e-09,1.201730463e-09,1.214472561e-09,1.227249316e-09,1.239981027e-09,1.252704267e-09,1.265525025e-09,1.278199626e-09,1.290907729e-09,1.303574622e-09,1.316385506e-09,1.329155226e-09,1.341877345e-09,1.354592825e-09,1.3673704e-09,1.378848127e-09]",0.9,000000000000111111111000000000,000000000011111111100000000000,000000000011111111100000000000,000000000011111111100000000000,0,10,18,9,1,1,0,0,0,phi_p00,0,medium_200mv_200ps,0.2,2e-10,1.45848488e-09,4.5848488e-10,0,0,0
scenarios/243_glitch_medium_200mv_200ps_phi_p02_o0243_v1p100000000000,capture,1.1,4,0,3.2743686999999997e-10,1.32743687e-09,"[1.069020134e-09,1.088269675e-09,1.107572288e-09,1.12688832e-09,1.146218733e-09,1.16553804e-09,1.184878294e-09,1.204218388e-09,1.223543704e-09,1.242899939e-09,1.26226352e-09,1.281639938e-09,1.300963571e-09,1.320313059e-09,1.339660123e-09,1.359020254e-09,1.378372104e-09,1.397705941e-09,1.417043569e-09,1.436322714e-09,1.455696251e-09,1.488150441e-09,1.520166294e-09,1.551979898e-09,1.583812866e-09,1.615674869e-09,1.647513137e-09,1.669307568e-09,1.688459673e-09,1.706508031e-09]","[1.010558565e-09,1.023283949e-09,1.036022632e-09,1.048775095e-09,1.061550847e-09,1.074298039e-09,1.087076059e-09,1.099810623e-09,1.112560234e-09,1.125318458e-09,1.13806122e-09,1.150811045e-09,1.16354372e-09,1.176295987e-09,1.189044266e-09,1.201730463e-09,1.214472561e-09,1.227249316e-09,1.239981027e-09,1.252704267e-09,1.265525025e-09,1.278199626e-09,1.290907729e-09,1.303676268e-09,1.316433281e-09,1.329086842e-09,1.341923152e-09,1.354648641e-09,1.367390392e-09,1.37885432e-09]",0.9,000000000000011111111110000000,000000000000111111111000000000,000000000000111111111000000000,000000000000111111111000000000,0,12,20,9,1,1,0,0,0,phi_p02,2,medium_200mv_200ps,0.2,2e-10,1.45848488e-09,4.5848488e-10,0,0,0
scenarios/244_glitch_medium_200mv_200ps_phi_p04_o0244_v1p100000000000,capture,1.1,4,0,3.5487374e-10,1.35487374e-09,"[1.069020134e-09,1.088269675e-09,1.107572288e-09,1.12688832e-09,1.146218733e-09,1.16553804e-09,1.184878294e-09,1.204218388e-09,1.223543704e-09,1.242899939e-09,1.26226352e-09,1.281639938e-09,1.300963571e-09,1.320313059e-09,1.339572386e-09,1.358803181e-09,1.378195554e-09,1.397552445e-09,1.416890294e-09,1.436149893e-09,1.455402896e-09,1.487976458e-09,1.519840477e-09,1.551646472e-09,1.583639392e-09,1.615323816e-09,1.64733207e-09,1.669184383e-09,1.68838582e-09,1.706378044e-09]","[1.010558565e-09,1.023283949e-09,1.036022632e-09,1.048775095e-09,1.061550847e-09,1.074298039e-09,1.087076059e-09,1.099810623e-09,1.112560234e-09,1.125318458e-09,1.13806122e-09,1.150811045e-09,1.16354372e-09,1.176295987e-09,1.189044266e-09,1.201730463e-09,1.214472561e-09,1.227249316e-09,1.239981027e-09,1.252704267e-09,1.265525025e-09,1.278199626e-09,1.290907729e-09,1.303676268e-09,1.316433281e-09,1.329201964e-09,1.341876697e-09,1.354518258e-09,1.367252226e-09,1.378726944e-09]",0.9,000000000000000111111111100000,000000000000011111111110000000,000000000000011111111110000000,000000000000011111111110000000,0,13,22,10,1,1,0,0,0,phi_p04,4,medium_200mv_200ps,0.2,2e-10,1.45848488e-09,4.5848488e-10,0,0,0
scenarios/245_glitch_medium_200mv_200ps_phi_m04_o0245_v1p100000000000,capture,1.1,4,0,2.4512626e-10,1.2451262600000001e-09,"[1.069020134e-09,1.088269675e-09,1.107572288e-09,1.12688832e-09,1.146218733e-09,1.16553804e-09,1.184878294e-09,1.204218388e-09,1.223543704e-09,1.242899939e-09,1.26220638e-09,1.281586789e-09,1.300945735e-09,1.320284239e-09,1.339592926e-09,1.358962455e-09,1.378305771e-09,1.397692846e-09,1.417072492e-09,1.436439711e-09,1.455783204e-09,1.478930445e-09,1.512463422e-09,1.544264694e-09,1.576124415e-09,1.608030328e-09,1.639692662e-09,1.671567935e-09,1.689277669e-09,1.707330764e-09]","[1.010558565e-09,1.023283949e-09,1.036022632e-09,1.048775095e-09,1.061550847e-09,1.074298039e-09,1.087076059e-09,1.099810623e-09,1.112560234e-09,1.125318458e-09,1.13806122e-09,1.150811045e-09,1.16354372e-09,1.176295987e-09,1.189044266e-09,1.201730463e-09,1.214472561e-09,1.227249316e-09,1.239981027e-09,1.252668274e-09,1.265454483e-09,1.278205831e-09,1.290939913e-09,1.303683852e-09,1.316408325e-09,1.329149469e-09,1.341826353e-09,1.354621546e-09,1.367362986e-09,1.378790142e-09]",0.9,000000000111111110000000000000,000000011111111000000000000000,000000001111111000000000000000,000000001111111000000000000000,0,8,14,7,1,1,0,0,0,phi_m04,-4,medium_200mv_200ps,0.2,2e-10,1.472203315e-09,4.72203315e-10,0,0,0
scenarios/246_glitch_medium_200mv_200ps_phi_m02_o0246_v1p100000000000,capture,1.1,4,0,2.7256313e-10,1.27256313e-09,"[1.069020134e-09,1.088269675e-09,1.107572288e-09,1.12688832e-09,1.146218733e-09,1.16553804e-09,1.184878294e-09,1.204218388e-09,1.223543704e-09,1.242899939e-09,1.26226352e-09,1.281549499e-09,1.300933238e-09,1.320271018e-09,1.339627999e-09,1.358978012e-09,1.378287307e-09,1.397681884e-09,1.417048187e-09,1.436324259e-09,1.455708271e-09,1.478777806e-09,1.512247678e-09,1.544057282e-09,1.575996552e-09,1.607750802e-09,1.639754151e-09,1.671417231e-09,1.689257256e-09,1.707229637e-09]","[1.010558565e-09,1.023283949e-09,1.036022632e-09,1.048775095e-09,1.061550847e-09,1.074298039e-09,1.087076059e-09,1.099810623e-09,1.112560234e-09,1.125318458e-09,1.13806122e-09,1.150811045e-09,1.16354372e-09,1.176295987e-09,1.189044266e-09,1.201730463e-09,1.214472561e-09,1.227249316e-09,1.239981027e-09,1.252704267e-09,1.265525025e-09,1.278131497e-09,1.290912056e-09,1.303691551e-09,1.316428159e-09,1.329160204e-09,1.341909104e-09,1.354637446e-09,1.367389312e-09,1.378818515e-09]",0.9,000000000011111111100000000000,000000000111111110000000000000,000000000111111110000000000000,000000000111111110000000000000,0,9,16,8,1,1,0,0,0,phi_m02,-2,medium_200mv_200ps,0.2,2e-10,1.472203315e-09,4.72203315e-10,0,0,0
scenarios/247_glitch_medium_200mv_200ps_phi_p00_o0247_v1p100000000000,capture,1.1,4,0,3e-10,1.3e-09,"[1.069020134e-09,1.088269675e-09,1.107572288e-09,1.12688832e-09,1.146218733e-09,1.16553804e-09,1.184878294e-09,1.204218388e-09,1.223543704e-09,1.242899939e-09,1.26226352e-09,1.281639938e-09,1.300948554e-09,1.320312367e-09,1.339647566e-09,1.358983608e-09,1.378311366e-09,1.397629271e-09,1.416992927e-09,1.436376043e-09,1.455650451e-09,1.478745064e-09,1.511953692e-09,1.543961128e-09,1.575746945e-09,1.607690736e-09,1.639487125e-09,1.67126094e-09,1.689109434e-09,1.707136087e-09]","[1.010558565e-09,1.023283949e-09,1.036022632e-09,1.048775095e-09,1.061550847e-09,1.074298039e-09,1.087076059e-09,1.099810623e-09,1.112560234e-09,1.125318458e-09,1.13806122e-09,1.150811045e-09,1.16354372e-09,1.176295987e-09,1.189044266e-09,1.201730463e-09,1.214472561e-09,1.227249316e-09,1.239981027e-09,1.252704267e-09,1.265525025e-09,1.278199626e-09,1.290907729e-09,1.303574622e-09,1.316385506e-09,1.329155226e-09,1.341877345e-09,1.354592825e-09,1.3673704e-09,1.378848127e-09]",0.9,000000000000111111111000000000,000000000011111111100000000000,000000000011111111100000000000,000000000011111111100000000000,0,10,18,9,1,1,0,0,0,phi_p00,0,medium_200mv_200ps,0.2,2e-10,1.472203315e-09,4.72203315e-10,0,0,0
scenarios/248_glitch_medium_200mv_200ps_phi_p02_o0248_v1p100000000000,capture,1.1,4,0,3.2743686999999997e-10,1.32743687e-09,"[1.069020134e-09,1.088269675e-09,1.107572288e-09,1.12688832e-09,1.146218733e-09,1.16553804e-09,1.184878294e-09,1.204218388e-09,1.223543704e-09,1.242899939e-09,1.26226352e-09,1.281639938e-09,1.300963571e-09,1.320313059e-09,1.339660123e-09,1.359020254e-09,1.378372104e-09,1.397705941e-09,1.417043569e-09,1.436322714e-09,1.455696251e-09,1.478733659e-09,1.511929017e-09,1.543684748e-09,1.57586205e-09,1.60767319e-09,1.639498046e-09,1.671372111e-09,1.689147724e-09,1.707172872e-09]","[1.010558565e-09,1.023283949e-09,1.036022632e-09,1.048775095e-09,1.061550847e-09,1.074298039e-09,1.087076059e-09,1.099810623e-09,1.112560234e-09,1.125318458e-09,1.13806122e-09,1.150811045e-09,1.16354372e-09,1.176295987e-09,1.189044266e-09,1.201730463e-09,1.214472561e-09,1.227249316e-09,1.239981027e-09,1.252704267e-09,1.265525025e-09,1.278199626e-09,1.290907729e-09,1.303676268e-09,1.316433281e-09,1.329086842e-09,1.341923152e-09,1.354648641e-09,1.367390392e-09,1.37885432e-09]",0.9,000000000000011111111110000000,000000000000111111111000000000,000000000000111111111000000000,000000000000111111111000000000,0,12,20,9,1,1,0,0,0,phi_p02,2,medium_200mv_200ps,0.2,2e-10,1.472203315e-09,4.72203315e-10,0,0,0
scenarios/249_glitch_medium_200mv_200ps_phi_p04_o0249_v1p100000000000,capture,1.1,4,0,3.5487374e-10,1.35487374e-09,"[1.069020134e-09,1.088269675e-09,1.107572288e-09,1.12688832e-09,1.146218733e-09,1.16553804e-09,1.184878294e-09,1.204218388e-09,1.223543704e-09,1.242899939e-09,1.26226352e-09,1.281639938e-09,1.300963571e-09,1.320313059e-09,1.339572386e-09,1.358803181e-09,1.378195554e-09,1.397552445e-09,1.416890294e-09,1.436149893e-09,1.455402896e-09,1.478152274e-09,1.511467584e-09,1.543483251e-09,1.575236943e-09,1.607375624e-09,1.639219988e-09,1.670954956e-09,1.688960877e-09,1.706938631e-09]","[1.010558565e-09,1.023283949e-09,1.036022632e-09,1.048775095e-09,1.061550847e-09,1.074298039e-09,1.087076059e-09,1.099810623e-09,1.112560234e-09,1.125318458e-09,1.13806122e-09,1.150811045e-09,1.16354372e-09,1.176295987e-09,1.189044266e-09,1.201730463e-09,1.214472561e-09,1.227249316e-09,1.239981027e-09,1.252704267e-09,1.265525025e-09,1.278199626e-09,1.290907729e-09,1.303676268e-09,1.316433281e-09,1.329201964e-09,1.341876697e-09,1.354518258e-09,1.367252226e-09,1.378726944e-09]",0.9,000000000000000111111111100000,000000000000011111111110000000,000000000000011111111110000000,000000000000011111111110000000,0,13,22,10,1,1,0,0,0,phi_p04,4,medium_200mv_200ps,0.2,2e-10,1.472203315e-09,4.72203315e-10,0,0,0
scenarios/250_glitch_medium_200mv_200ps_phi_m04_o0250_v1p100000000000,capture,1.1,4,0,2.4512626e-10,1.2451262600000001e-09,"[1.069020134e-09,1.088269675e-09,1.107572288e-09,1.12688832e-09,1.146218733e-09,1.16553804e-09,1.184878294e-09,1.204218388e-09,1.223543704e-09,1.242899939e-09,1.26220638e-09,1.281586789e-09,1.300945735e-09,1.320284239e-09,1.339592926e-09,1.358962455e-09,1.378305771e-09,1.397692846e-09,1.417072492e-09,1.436439711e-09,1.455783204e-09,1.475116465e-09,1.502597925e-09,1.534608361e-09,1.566620705e-09,1.598447933e-09,1.630204673e-09,1.662189244e-09,1.689393415e-09,1.70670987e-09]","[1.010558565e-09,1.023283949e-09,1.036022632e-09,1.048775095e-09,1.061550847e-09,1.074298039e-09,1.087076059e-09,1.099810623e-09,1.112560234e-09,1.125318458e-09,1.13806122e-09,1.150811045e-09,1.16354372e-09,1.176295987e-09,1.189044266e-09,1.201730463e-09,1.214472561e-09,1.227249316e-09,1.239981027e-09,1.252668274e-09,1.265454483e-09,1.278205831e-09,1.290939913e-09,1.303683852e-09,1.316408325e-09,1.329149469e-09,1.341826353e-09,1.354621546e-09,1.367362986e-09,1.378790142e-09]",0.9,000000000111111110000000000000,000000011111111000000000000000,000000001111111000000000000000,000000001111111000000000000000,0,8,14,7,1,1,0,0,0,phi_m04,-4,medium_200mv_200ps,0.2,2e-10,1.48592175e-09,4.8592175e-10,0,0,0
scenarios/251_glitch_medium_200mv_200ps_phi_m02_o0251_v1p100000000000,capture,1.1,4,0,2.7256313e-10,1.27256313e-09,"[1.069020134e-09,1.088269675e-09,1.107572288e-09,1.12688832e-09,1.146218733e-09,1.16553804e-09,1.184878294e-09,1.204218388e-09,1.223543704e-09,1.242899939e-09,1.26226352e-09,1.281549499e-09,1.300933238e-09,1.320271018e-09,1.339627999e-09,1.358978012e-09,1.378287307e-09,1.397681884e-09,1.417048187e-09,1.436324259e-09,1.455708271e-09,1.474993876e-09,1.502420606e-09,1.534419671e-09,1.566294133e-09,1.59814612e-09,1.630056103e-09,1.661730277e-09,1.689240328e-09,1.706600774e-09]","[1.010558565e-09,1.023283949e-09,1.036022632e-09,1.048775095e-09,1.061550847e-09,1.074298039e-09,1.087076059e-09,1.099810623e-09,1.112560234e-09,1.125318458e-09,1.13806122e-09,1.150811045e-09,1.16354372e-09,1.176295987e-09,1.189044266e-09,1.201730463e-09,1.214472561e-09,1.227249316e-09,1.239981027e-09,1.252704267e-09,1.265525025e-09,1.278131497e-09,1.290912056e-09,1.303691551e-09,1.316428159e-09,1.329160204e-09,1.341909104e-09,1.354637446e-09,1.367389312e-09,1.378818515e-09]",0.9,000000000011111111100000000000,000000000111111110000000000000,000000000111111110000000000000,000000000111111110000000000000,0,9,16,8,1,1,0,0,0,phi_m02,-2,medium_200mv_200ps,0.2,2e-10,1.48592175e-09,4.8592175e-10,0,0,0
scenarios/252_glitch_medium_200mv_200ps_phi_p00_o0252_v1p100000000000,capture,1.1,4,0,3e-10,1.3e-09,"[1.069020134e-09,1.088269675e-09,1.107572288e-09,1.12688832e-09,1.146218733e-09,1.16553804e-09,1.184878294e-09,1.204218388e-09,1.223543704e-09,1.242899939e-09,1.26226352e-09,1.281639938e-09,1.300948554e-09,1.320312367e-09,1.339647566e-09,1.358983608e-09,1.378311366e-09,1.397629271e-09,1.416992927e-09,1.436376043e-09,1.455650451e-09,1.474995948e-09,1.502241226e-09,1.534817107e-09,1.566551497e-09,1.59854649e-09,1.630336451e-09,1.66231403e-09,1.689473211e-09,1.706809635e-09]","[1.010558565e-09,1.023283949e-09,1.036022632e-09,1.048775095e-09,1.061550847e-09,1.074298039e-09,1.087076059e-09,1.099810623e-09,1.112560234e-09,1.125318458e-09,1.13806122e-09,1.150811045e-09,1.16354372e-09,1.176295987e-09,1.189044266e-09,1.201730463e-09,1.214472561e-09,1.227249316e-09,1.239981027e-09,1.252704267e-09,1.265525025e-09,1.278199626e-09,1.290907729e-09,1.303574622e-09,1.316385506e-09,1.329155226e-09,1.341877345e-09,1.354592825e-09,1.3673704e-09,1.378848127e-09]",0.9,000000000000111111111000000000,000000000011111111100000000000,000000000011111111100000000000,000000000011111111100000000000,0,10,18,9,1,1,0,0,0,phi_p00,0,medium_200mv_200ps,0.2,2e-10,1.48592175e-09,4.8592175e-10,0,0,0
scenarios/253_glitch_medium_200mv_200ps_phi_p02_o0253_v1p100000000000,capture,1.1,4,0,3.2743686999999997e-10,1.32743687e-09,"[1.069020134e-09,1.088269675e-09,1.107572288e-09,1.12688832e-09,1.146218733e-09,1.16553804e-09,1.184878294e-09,1.204218388e-09,1.223543704e-09,1.242899939e-09,1.26226352e-09,1.281639938e-09,1.300963571e-09,1.320313059e-09,1.339660123e-09,1.359020254e-09,1.378372104e-09,1.397705941e-09,1.417043569e-09,1.436322714e-09,1.455696251e-09,1.475020443e-09,1.502267647e-09,1.534252655e-09,1.566162943e-09,1.598145734e-09,1.629960548e-09,1.661669112e-09,1.689179739e-09,1.706489486e-09]","[1.010558565e-09,1.023283949e-09,1.036022632e-09,1.048775095e-09,1.061550847e-09,1.074298039e-09,1.087076059e-09,1.099810623e-09,1.112560234e-09,1.125318458e-09,1.13806122e-09,1.150811045e-09,1.16354372e-09,1.176295987e-09,1.189044266e-09,1.201730463e-09,1.214472561e-09,1.227249316e-09,1.239981027e-09,1.252704267e-09,1.265525025e-09,1.278199626e-09,1.290907729e-09,1.303676268e-09,1.316433281e-09,1.329086842e-09,1.341923152e-09,1.354648641e-09,1.367390392e-09,1.37885432e-09]",0.9,000000000000011111111110000000,000000000000111111111000000000,000000000000111111111000000000,000000000000111111111000000000,0,12,20,9,1,1,0,0,0,phi_p02,2,medium_200mv_200ps,0.2,2e-10,1.48592175e-09,4.8592175e-10,0,0,0
scenarios/254_glitch_medium_200mv_200ps_phi_p04_o0254_v1p100000000000,capture,1.1,4,0,3.5487374e-10,1.35487374e-09,"[1.069020134e-09,1.088269675e-09,1.107572288e-09,1.12688832e-09,1.146218733e-09,1.16553804e-09,1.184878294e-09,1.204218388e-09,1.223543704e-09,1.242899939e-09,1.26226352e-09,1.281639938e-09,1.300963571e-09,1.320313059e-09,1.339572386e-09,1.358803181e-09,1.378195554e-09,1.397552445e-09,1.416890294e-09,1.436149893e-09,1.455402896e-09,1.474706222e-09,1.501830062e-09,1.534080174e-09,1.565686588e-09,1.597802182e-09,1.629511671e-09,1.661338565e-09,1.689011687e-09,1.706325887e-09]","[1.010558565e-09,1.023283949e-09,1.036022632e-09,1.048775095e-09,1.061550847e-09,1.074298039e-09,1.087076059e-09,1.099810623e-09,1.112560234e-09,1.125318458e-09,1.13806122e-09,1.150811045e-09,1.16354372e-09,1.176295987e-09,1.189044266e-09,1.201730463e-09,1.214472561e-09,1.227249316e-09,1.239981027e-09,1.252704267e-09,1.265525025e-09,1.278199626e-09,1.290907729e-09,1.303676268e-09,1.316433281e-09,1.329201964e-09,1.341876697e-09,1.354518258e-09,1.367252226e-09,1.378726944e-09]",0.9,000000000000000111111111100000,000000000000011111111110000000,000000000000011111111110000000,000000000000011111111110000000,0,13,22,10,1,1,0,0,0,phi_p04,4,medium_200mv_200ps,0.2,2e-10,1.48592175e-09,4.8592175e-10,0,0,0
scenarios/255_glitch_medium_200mv_200ps_phi_m04_o0255_v1p100000000000,capture,1.1,4,0,2.4512626e-10,1.2451262600000001e-09,"[1.069020134e-09,1.088269675e-09,1.107572288e-09,1.12688832e-09,1.146218733e-09,1.16553804e-09,1.184878294e-09,1.204218388e-09,1.223543704e-09,1.242899939e-09,1.26220638e-09,1.281586789e-09,1.300945735e-09,1.320284239e-09,1.339592926e-09,1.358962455e-09,1.378305771e-09,1.397692846e-09,1.417072492e-09,1.436439711e-09,1.455783204e-09,1.475116465e-09,1.494479472e-09,1.525696385e-09,1.557589614e-09,1.58931358e-09,1.621327479e-09,1.653143263e-09,1.685042629e-09,1.707291566e-09]","[1.010558565e-09,1.023283949e-09,1.036022632e-09,1.048775095e-09,1.061550847e-09,1.074298039e-09,1.087076059e-09,1.099810623e-09,1.112560234e-09,1.125318458e-09,1.13806122e-09,1.150811045e-09,1.16354372e-09,1.176295987e-09,1.189044266e-09,1.201730463e-09,1.214472561e-09,1.227249316e-09,1.239981027e-09,1.252668274e-09,1.265454483e-09,1.278205831e-09,1.290939913e-09,1.303683852e-09,1.316408325e-09,1.329149469e-09,1.341826353e-09,1.354621546e-09,1.367362986e-09,1.378790142e-09]",0.9,000000000111111110000000000000,000000011111111000000000000000,000000001111111000000000000000,000000001111111000000000000000,0,8,14,7,1,1,0,0,0,phi_m04,-4,medium_200mv_200ps,0.2,2e-10,1.499640185e-09,4.996401849999999e-10,0,0,0
scenarios/256_glitch_medium_200mv_200ps_phi_m02_o0256_v1p100000000000,capture,1.1,4,0,2.7256313e-10,1.27256313e-09,"[1.069020134e-09,1.088269675e-09,1.107572288e-09,1.12688832e-09,1.146218733e-09,1.16553804e-09,1.184878294e-09,1.204218388e-09,1.223543704e-09,1.242899939e-09,1.26226352e-09,1.281549499e-09,1.300933238e-09,1.320271018e-09,1.339627999e-09,1.358978012e-09,1.378287307e-09,1.397681884e-09,1.417048187e-09,1.436324259e-09,1.455708271e-09,1.474993876e-09,1.49438885e-09,1.525490259e-09,1.557481689e-09,1.589428639e-09,1.621175168e-09,1.653051634e-09,1.684919942e-09,1.707178914e-09]","[1.010558565e-09,1.023283949e-09,1.036022632e-09,1.048775095e-09,1.061550847e-09,1.074298039e-09,1.087076059e-09,1.099810623e-09,1.112560234e-09,1.125318458e-09,1.13806122e-09,1.150811045e-09,1.16354372e-09,1.176295987e-09,1.189044266e-09,1.201730463e-09,1.214472561e-09,1.227249316e-09,1.239981027e-09,1.252704267e-09,1.265525025e-09,1.278131497e-09,1.290912056e-09,1.303691551e-09,1.316428159e-09,1.329160204e-09,1.341909104e-09,1.354637446e-09,1.367389312e-09,1.378818515e-09]",0.9,000000000011111111100000000000,000000000111111110000000000000,000000000111111110000000000000,000000000111111110000000000000,0,9,16,8,1,1,0,0,0,phi_m02,-2,medium_200mv_200ps,0.2,2e-10,1.499640185e-09,4.996401849999999e-10,0,0,0
scenarios/257_glitch_medium_200mv_200ps_phi_p00_o0257_v1p100000000000,capture,1.1,4,0,3e-10,1.3e-09,"[1.069020134e-09,1.088269675e-09,1.107572288e-09,1.12688832e-09,1.146218733e-09,1.16553804e-09,1.184878294e-09,1.204218388e-09,1.223543704e-09,1.242899939e-09,1.26226352e-09,1.281639938e-09,1.300948554e-09,1.320312367e-09,1.339647566e-09,1.358983608e-09,1.378311366e-09,1.397629271e-09,1.416992927e-09,1.436376043e-09,1.455650451e-09,1.474995948e-09,1.494388778e-09,1.525493796e-09,1.557394332e-09,1.58928622e-09,1.62107666e-09,1.653069622e-09,1.684846348e-09,1.707189036e-09]","[1.010558565e-09,1.023283949e-09,1.036022632e-09,1.048775095e-09,1.061550847e-09,1.074298039e-09,1.087076059e-09,1.099810623e-09,1.112560234e-09,1.125318458e-09,1.13806122e-09,1.150811045e-09,1.16354372e-09,1.176295987e-09,1.189044266e-09,1.201730463e-09,1.214472561e-09,1.227249316e-09,1.239981027e-09,1.252704267e-09,1.265525025e-09,1.278199626e-09,1.290907729e-09,1.303574622e-09,1.316385506e-09,1.329155226e-09,1.341877345e-09,1.354592825e-09,1.3673704e-09,1.378848127e-09]",0.9,000000000000111111111000000000,000000000011111111100000000000,000000000011111111100000000000,000000000011111111100000000000,0,10,18,9,1,1,0,0,0,phi_p00,0,medium_200mv_200ps,0.2,2e-10,1.499640185e-09,4.996401849999999e-10,0,0,0
scenarios/258_glitch_medium_200mv_200ps_phi_p02_o0258_v1p100000000000,capture,1.1,4,0,3.2743686999999997e-10,1.32743687e-09,"[1.069020134e-09,1.088269675e-09,1.107572288e-09,1.12688832e-09,1.146218733e-09,1.16553804e-09,1.184878294e-09,1.204218388e-09,1.223543704e-09,1.242899939e-09,1.26226352e-09,1.281639938e-09,1.300963571e-09,1.320313059e-09,1.339660123e-09,1.359020254e-09,1.378372104e-09,1.397705941e-09,1.417043569e-09,1.436322714e-09,1.455696251e-09,1.475020443e-09,1.494216562e-09,1.525216911e-09,1.557278713e-09,1.589036544e-09,1.620872968e-09,1.652887183e-09,1.684705231e-09,1.707089205e-09]","[1.010558565e-09,1.023283949e-09,1.036022632e-09,1.048775095e-09,1.061550847e-09,1.074298039e-09,1.087076059e-09,1.099810623e-09,1.112560234e-09,1.125318458e-09,1.13806122e-09,1.150811045e-09,1.16354372e-09,1.176295987e-09,1.189044266e-09,1.201730463e-09,1.214472561e-09,1.227249316e-09,1.239981027e-09,1.252704267e-09,1.265525025e-09,1.278199626e-09,1.290907729e-09,1.303676268e-09,1.316433281e-09,1.329086842e-09,1.341923152e-09,1.354648641e-09,1.367390392e-09,1.37885432e-09]",0.9,000000000000011111111110000000,000000000000111111111000000000,000000000000111111111000000000,000000000000111111111000000000,0,12,20,9,1,1,0,0,0,phi_p02,2,medium_200mv_200ps,0.2,2e-10,1.499640185e-09,4.996401849999999e-10,0,0,0
scenarios/259_glitch_medium_200mv_200ps_phi_p04_o0259_v1p100000000000,capture,1.1,4,0,3.5487374e-10,1.35487374e-09,"[1.069020134e-09,1.088269675e-09,1.107572288e-09,1.12688832e-09,1.146218733e-09,1.16553804e-09,1.184878294e-09,1.204218388e-09,1.223543704e-09,1.242899939e-09,1.26226352e-09,1.281639938e-09,1.300963571e-09,1.320313059e-09,1.339572386e-09,1.358803181e-09,1.378195554e-09,1.397552445e-09,1.416890294e-09,1.436149893e-09,1.455402896e-09,1.474706222e-09,1.49403302e-09,1.525009904e-09,1.556703845e-09,1.588973105e-09,1.620703433e-09,1.652690066e-09,1.684543294e-09,1.707042499e-09]","[1.010558565e-09,1.023283949e-09,1.036022632e-09,1.048775095e-09,1.061550847e-09,1.074298039e-09,1.087076059e-09,1.099810623e-09,1.112560234e-09,1.125318458e-09,1.13806122e-09,1.150811045e-09,1.16354372e-09,1.176295987e-09,1.189044266e-09,1.201730463e-09,1.214472561e-09,1.227249316e-09,1.239981027e-09,1.252704267e-09,1.265525025e-09,1.278199626e-09,1.290907729e-09,1.303676268e-09,1.316433281e-09,1.329201964e-09,1.341876697e-09,1.354518258e-09,1.367252226e-09,1.378726944e-09]",0.9,000000000000000111111111100000,000000000000011111111110000000,000000000000011111111110000000,000000000000011111111110000000,0,13,22,10,1,1,0,0,0,phi_p04,4,medium_200mv_200ps,0.2,2e-10,1.499640185e-09,4.996401849999999e-10,0,0,0
scenarios/260_glitch_medium_200mv_200ps_phi_m04_o0260_v1p100000000000,capture,1.1,4,0,2.4512626e-10,1.2451262600000001e-09,"[1.069020134e-09,1.088269675e-09,1.107572288e-09,1.12688832e-09,1.146218733e-09,1.16553804e-09,1.184878294e-09,1.204218388e-09,1.223543704e-09,1.242899939e-09,1.26220638e-09,1.281586789e-09,1.300945735e-09,1.320284239e-09,1.339592926e-09,1.358962455e-09,1.378305771e-09,1.397692846e-09,1.417072492e-09,1.436439711e-09,1.455783204e-09,1.475116465e-09,1.494479472e-09,1.515759838e-09,1.549315513e-09,1.581148242e-09,1.612902985e-09,1.644902794e-09,1.676685341e-09,1.70622794e-09]","[1.010558565e-09,1.023283949e-09,1.036022632e-09,1.048775095e-09,1.061550847e-09,1.074298039e-09,1.087076059e-09,1.099810623e-09,1.112560234e-09,1.125318458e-09,1.13806122e-09,1.150811045e-09,1.16354372e-09,1.176295987e-09,1.189044266e-09,1.201730463e-09,1.214472561e-09,1.227249316e-09,1.239981027e-09,1.252668274e-09,1.265454483e-09,1.278205831e-09,1.290939913e-09,1.303683852e-09,1.316408325e-09,1.329149469e-09,1.341826353e-09,1.354621546e-09,1.367362986e-09,1.378790142e-09]",0.9,000000000111111110000000000000,000000011111111000000000000000,000000001111111000000000000000,000000001111111000000000000000,0,8,14,7,1,1,0,0,0,phi_m04,-4,medium_200mv_200ps,0.2,2e-10,1.5133586199999999e-09,5.133586199999999e-10,0,0,0
scenarios/261_glitch_medium_200mv_200ps_phi_m02_o0261_v1p100000000000,capture,1.1,4,0,2.7256313e-10,1.27256313e-09,"[1.069020134e-09,1.088269675e-09,1.107572288e-09,1.12688832e-09,1.146218733e-09,1.16553804e-09,1.184878294e-09,1.204218388e-09,1.223543704e-09,1.242899939e-09,1.26226352e-09,1.281549499e-09,1.300933238e-09,1.320271018e-09,1.339627999e-09,1.358978012e-09,1.378287307e-09,1.397681884e-09,1.417048187e-09,1.436324259e-09,1.455708271e-09,1.474993876e-09,1.49438885e-09,1.515755158e-09,1.5491125e-09,1.581102747e-09,1.612902843e-09,1.644706211e-09,1.676664219e-09,1.706062507e-09]","[1.010558565e-09,1.023283949e-09,1.036022632e-09,1.048775095e-09,1.061550847e-09,1.074298039e-09,1.087076059e-09,1.099810623e-09,1.112560234e-09,1.125318458e-09,1.13806122e-09,1.150811045e-09,1.16354372e-09,1.176295987e-09,1.189044266e-09,1.201730463e-09,1.214472561e-09,1.227249316e-09,1.239981027e-09,1.252704267e-09,1.265525025e-09,1.278131497e-09,1.290912056e-09,1.303691551e-09,1.316428159e-09,1.329160204e-09,1.341909104e-09,1.354637446e-09,1.367389312e-09,1.378818515e-09]",0.9,000000000011111111100000000000,000000000111111110000000000000,000000000111111110000000000000,000000000111111110000000000000,0,9,16,8,1,1,0,0,0,phi_m02,-2,medium_200mv_200ps,0.2,2e-10,1.5133586199999999e-09,5.133586199999999e-10,0,0,0
scenarios/262_glitch_medium_200mv_200ps_phi_p00_o0262_v1p100000000000,capture,1.1,4,0,3e-10,1.3e-09,"[1.069020134e-09,1.088269675e-09,1.107572288e-09,1.12688832e-09,1.146218733e-09,1.16553804e-09,1.184878294e-09,1.204218388e-09,1.223543704e-09,1.242899939e-09,1.26226352e-09,1.281639938e-09,1.300948554e-09,1.320312367e-09,1.339647566e-09,1.358983608e-09,1.378311366e-09,1.397629271e-09,1.416992927e-09,1.436376043e-09,1.455650451e-09,1.474995948e-09,1.494388778e-09,1.515672779e-09,1.549158149e-09,1.581082352e-09,1.612914699e-09,1.644674221e-09,1.676670637e-09,1.706314917e-09]","[1.010558565e-09,1.023283949e-09,1.036022632e-09,1.048775095e-09,1.061550847e-09,1.074298039e-09,1.087076059e-09,1.099810623e-09,1.112560234e-09,1.125318458e-09,1.13806122e-09,1.150811045e-09,1.16354372e-09,1.176295987e-09,1.189044266e-09,1.201730463e-09,1.214472561e-09,1.227249316e-09,1.239981027e-09,1.252704267e-09,1.265525025e-09,1.278199626e-09,1.290907729e-09,1.303574622e-09,1.316385506e-09,1.329155226e-09,1.341877345e-09,1.354592825e-09,1.3673704e-09,1.378848127e-09]",0.9,000000000000111111111000000000,000000000011111111100000000000,000000000011111111100000000000,000000000011111111100000000000,0,10,18,9,1,1,0,0,0,phi_p00,0,medium_200mv_200ps,0.2,2e-10,1.5133586199999999e-09,5.133586199999999e-10,0,0,0
scenarios/263_glitch_medium_200mv_200ps_phi_p02_o0263_v1p100000000000,capture,1.1,4,0,3.2743686999999997e-10,1.32743687e-09,"[1.069020134e-09,1.088269675e-09,1.107572288e-09,1.12688832e-09,1.146218733e-09,1.16553804e-09,1.184878294e-09,1.204218388e-09,1.223543704e-09,1.242899939e-09,1.26226352e-09,1.281639938e-09,1.300963571e-09,1.320313059e-09,1.339660123e-09,1.359020254e-09,1.378372104e-09,1.397705941e-09,1.417043569e-09,1.436322714e-09,1.455696251e-09,1.475020443e-09,1.494216562e-09,1.515431866e-09,1.548783829e-09,1.580830199e-09,1.612669896e-09,1.644380776e-09,1.676398701e-09,1.705947266e-09]","[1.010558565e-09,1.023283949e-09,1.036022632e-09,1.048775095e-09,1.061550847e-09,1.074298039e-09,1.087076059e-09,1.099810623e-09,1.112560234e-09,1.125318458e-09,1.13806122e-09,1.150811045e-09,1.16354372e-09,1.176295987e-09,1.189044266e-09,1.201730463e-09,1.214472561e-09,1.227249316e-09,1.239981027e-09,1.252704267e-09,1.265525025e-09,1.278199626e-09,1.290907729e-09,1.303676268e-09,1.316433281e-09,1.329086842e-09,1.341923152e-09,1.354648641e-09,1.367390392e-09,1.37885432e-09]",0.9,000000000000011111111110000000,000000000000111111111000000000,000000000000111111111000000000,000000000000111111111000000000,0,12,20,9,1,1,0,0,0,phi_p02,2,medium_200mv_200ps,0.2,2e-10,1.5133586199999999e-09,5.133586199999999e-10,0,0,0
scenarios/264_glitch_medium_200mv_200ps_phi_p04_o0264_v1p100000000000,capture,1.1,4,0,3.5487374e-10,1.35487374e-09,"[1.069020134e-09,1.088269675e-09,1.107572288e-09,1.12688832e-09,1.146218733e-09,1.16553804e-09,1.184878294e-09,1.204218388e-09,1.223543704e-09,1.242899939e-09,1.26226352e-09,1.281639938e-09,1.300963571e-09,1.320313059e-09,1.339572386e-09,1.358803181e-09,1.378195554e-09,1.397552445e-09,1.416890294e-09,1.436149893e-09,1.455402896e-09,1.474706222e-09,1.49403302e-09,1.513298756e-09,1.548344078e-09,1.580304393e-09,1.612226298e-09,1.644082345e-09,1.67582464e-09,1.705595056e-09]","[1.010558565e-09,1.023283949e-09,1.036022632e-09,1.048775095e-09,1.061550847e-09,1.074298039e-09,1.087076059e-09,1.099810623e-09,1.112560234e-09,1.125318458e-09,1.13806122e-09,1.150811045e-09,1.16354372e-09,1.176295987e-09,1.189044266e-09,1.201730463e-09,1.214472561e-09,1.227249316e-09,1.239981027e-09,1.252704267e-09,1.265525025e-09,1.278199626e-09,1.290907729e-09,1.303676268e-09,1.316433281e-09,1.329201964e-09,1.341876697e-09,1.354518258e-09,1.367252226e-09,1.378726944e-09]",0.9,000000000000000111111111100000,000000000000011111111110000000,000000000000011111111110000000,000000000000011111111110000000,0,13,22,10,1,1,0,0,0,phi_p04,4,medium_200mv_200ps,0.2,2e-10,1.5133586199999999e-09,5.133586199999999e-10,0,0,0
scenarios/265_glitch_medium_200mv_200ps_phi_m04_o0265_v1p100000000000,capture,1.1,4,0,2.4512626e-10,1.2451262600000001e-09,"[1.069020134e-09,1.088269675e-09,1.107572288e-09,1.12688832e-09,1.146218733e-09,1.16553804e-09,1.184878294e-09,1.204218388e-09,1.223543704e-09,1.242899939e-09,1.26220638e-09,1.281586789e-09,1.300945735e-09,1.320284239e-09,1.339592926e-09,1.358962455e-09,1.378305771e-09,1.397692846e-09,1.417072492e-09,1.436439711e-09,1.455783204e-09,1.475116465e-09,1.494479472e-09,1.513815153e-09,1.539268612e-09,1.571968635e-09,1.603673176e-09,1.635680625e-09,1.667610501e-09,1.697025597e-09]","[1.010558565e-09,1.023283949e-09,1.036022632e-09,1.048775095e-09,1.061550847e-09,1.074298039e-09,1.087076059e-09,1.099810623e-09,1.112560234e-09,1.125318458e-09,1.13806122e-09,1.150811045e-09,1.16354372e-09,1.176295987e-09,1.189044266e-09,1.201730463e-09,1.214472561e-09,1.227249316e-09,1.239981027e-09,1.252668274e-09,1.265454483e-09,1.278205831e-09,1.290939913e-09,1.303683852e-09,1.316408325e-09,1.329149469e-09,1.341826353e-09,1.354621546e-09,1.367362986e-09,1.378790142e-09]",0.9,000000000111111110000000000000,000000011111111000000000000000,000000001111111000000000000000,000000001111111000000000000000,0,8,14,7,1,1,0,0,0,phi_m04,-4,medium_200mv_200ps,0.2,2e-10,1.527077055e-09,5.27077055e-10,0,0,0
scenarios/266_glitch_medium_200mv_200ps_phi_m02_o0266_v1p100000000000,capture,1.1,4,0,2.7256313e-10,1.27256313e-09,"[1.069020134e-09,1.088269675e-09,1.107572288e-09,1.12688832e-09,1.146218733e-09,1.16553804e-09,1.184878294e-09,1.204218388e-09,1.223543704e-09,1.242899939e-09,1.26226352e-09,1.281549499e-09,1.300933238e-09,1.320271018e-09,1.339627999e-09,1.358978012e-09,1.378287307e-09,1.397681884e-09,1.417048187e-09,1.436324259e-09,1.455708271e-09,1.474993876e-09,1.49438885e-09,1.513771015e-09,1.539516612e-09,1.572167642e-09,1.603942425e-09,1.635817239e-09,1.667699165e-09,1.697169646e-09]","[1.010558565e-09,1.023283949e-09,1.036022632e-09,1.048775095e-09,1.061550847e-09,1.074298039e-09,1.087076059e-09,1.099810623e-09,1.112560234e-09,1.125318458e-09,1.13806122e-09,1.150811045e-09,1.16354372e-09,1.176295987e-09,1.189044266e-09,1.201730463e-09,1.214472561e-09,1.227249316e-09,1.239981027e-09,1.252704267e-09,1.265525025e-09,1.278131497e-09,1.290912056e-09,1.303691551e-09,1.316428159e-09,1.329160204e-09,1.341909104e-09,1.354637446e-09,1.367389312e-09,1.378818515e-09]",0.9,000000000011111111100000000000,000000000111111110000000000000,000000000111111110000000000000,000000000111111110000000000000,0,9,16,8,1,1,0,0,0,phi_m02,-2,medium_200mv_200ps,0.2,2e-10,1.527077055e-09,5.27077055e-10,0,0,0
scenarios/267_glitch_medium_200mv_200ps_phi_p00_o0267_v1p100000000000,capture,1.1,4,0,3e-10,1.3e-09,"[1.069020134e-09,1.088269675e-09,1.107572288e-09,1.12688832e-09,1.146218733e-09,1.16553804e-09,1.184878294e-09,1.204218388e-09,1.223543704e-09,1.242899939e-09,1.26226352e-09,1.281639938e-09,1.300948554e-09,1.320312367e-09,1.339647566e-09,1.358983608e-09,1.378311366e-09,1.397629271e-09,1.416992927e-09,1.436376043e-09,1.455650451e-09,1.474995948e-09,1.494388778e-09,1.513709711e-09,1.539207199e-09,1.571978447e-09,1.603853048e-09,1.635549674e-09,1.667568782e-09,1.697028172e-09]","[1.010558565e-09,1.023283949e-09,1.036022632e-09,1.048775095e-09,1.061550847e-09,1.074298039e-09,1.087076059e-09,1.099810623e-09,1.112560234e-09,1.125318458e-09,1.13806122e-09,1.150811045e-09,1.16354372e-09,1.176295987e-09,1.189044266e-09,1.201730463e-09,1.214472561e-09,1.227249316e-09,1.239981027e-09,1.252704267e-09,1.265525025e-09,1.278199626e-09,1.290907729e-09,1.303574622e-09,1.316385506e-09,1.329155226e-09,1.341877345e-09,1.354592825e-09,1.3673704e-09,1.378848127e-09]",0.9,000000000000111111111000000000,000000000011111111100000000000,000000000011111111100000000000,000000000011111111100000000000,0,10,18,9,1,1,0,0,0,phi_p00,0,medium_200mv_200ps,0.2,2e-10,1.527077055e-09,5.27077055e-10,0,0,0
scenarios/268_glitch_medium_200mv_200ps_phi_p02_o0268_v1p100000000000,capture,1.1,4,0,3.2743686999999997e-10,1.32743687e-09,"[1.069020134e-09,1.088269675e-09,1.107572288e-09,1.12688832e-09,1.146218733e-09,1.16553804e-09,1.184878294e-09,1.204218388e-09,1.223543704e-09,1.242899939e-09,1.26226352e-09,1.281639938e-09,1.300963571e-09,1.320313059e-09,1.339660123e-09,1.359020254e-09,1.378372104e-09,1.397705941e-09,1.417043569e-09,1.436322714e-09,1.455696251e-09,1.475020443e-09,1.494216562e-09,1.513572878e-09,1.538897652e-09,1.571711086e-09,1.603371956e-09,1.63526606e-09,1.667215808e-09,1.696776879e-09]","[1.010558565e-09,1.023283949e-09,1.036022632e-09,1.048775095e-09,1.061550847e-09,1.074298039e-09,1.087076059e-09,1.099810623e-09,1.112560234e-09,1.125318458e-09,1.13806122e-09,1.150811045e-09,1.16354372e-09,1.176295987e-09,1.189044266e-09,1.201730463e-09,1.214472561e-09,1.227249316e-09,1.239981027e-09,1.252704267e-09,1.265525025e-09,1.278199626e-09,1.290907729e-09,1.303676268e-09,1.316433281e-09,1.329086842e-09,1.341923152e-09,1.354648641e-09,1.367390392e-09,1.37885432e-09]",0.9,000000000000011111111110000000,000000000000111111111000000000,000000000000111111111000000000,000000000000111111111000000000,0,12,20,9,1,1,0,0,0,phi_p02,2,medium_200mv_200ps,0.2,2e-10,1.527077055e-09,5.27077055e-10,0,0,0
scenarios/269_glitch_medium_200mv_200ps_phi_p04_o0269_v1p100000000000,capture,1.1,4,0,3.5487374e-10,1.35487374e-09,"[1.069020134e-09,1.088269675e-09,1.107572288e-09,1.12688832e-09,1.146218733e-09,1.16553804e-09,1.184878294e-09,1.204218388e-09,1.223543704e-09,1.242899939e-09,1.26226352e-09,1.281639938e-09,1.300963571e-09,1.320313059e-09,1.339572386e-09,1.358803181e-09,1.378195554e-09,1.397552445e-09,1.416890294e-09,1.436149893e-09,1.455402896e-09,1.474706222e-09,1.49403302e-09,1.51329753e-09,1.538550556e-09,1.570898913e-09,1.603061408e-09,1.634868272e-09,1.666721174e-09,1.696441084e-09]","[1.010558565e-09,1.023283949e-09,1.036022632e-09,1.048775095e-09,1.061550847e-09,1.074298039e-09,1.087076059e-09,1.099810623e-09,1.112560234e-09,1.125318458e-09,1.13806122e-09,1.150811045e-09,1.16354372e-09,1.176295987e-09,1.189044266e-09,1.201730463e-09,1.214472561e-09,1.227249316e-09,1.239981027e-09,1.252704267e-09,1.265525025e-09,1.278199626e-09,1.290907729e-09,1.303676268e-09,1.316433281e-09,1.329201964e-09,1.341876697e-09,1.354518258e-09,1.367252226e-09,1.378726944e-09]",0.9,000000000000000111111111100000,000000000000011111111110000000,000000000000011111111110000000,000000000000011111111110000000,0,13,22,10,1,1,0,0,0,phi_p04,4,medium_200mv_200ps,0.2,2e-10,1.527077055e-09,5.27077055e-10,0,0,0
scenarios/270_glitch_medium_200mv_200ps_phi_m04_o0270_v1p100000000000,capture,1.1,4,0,2.4512626e-10,1.2451262600000001e-09,"[1.069020134e-09,1.088269675e-09,1.107572288e-09,1.12688832e-09,1.146218733e-09,1.16553804e-09,1.184878294e-09,1.204218388e-09,1.223543704e-09,1.242899939e-09,1.26220638e-09,1.281586789e-09,1.300945735e-09,1.320284239e-09,1.339592926e-09,1.358962455e-09,1.378305771e-09,1.397692846e-09,1.417072492e-09,1.436439711e-09,1.455783204e-09,1.475116465e-09,1.494479472e-09,1.513815153e-09,1.533065564e-09,1.562854457e-09,1.594738618e-09,1.626533249e-09,1.658489721e-09,1.687878661e-09]","[1.010558565e-09,1.023283949e-09,1.036022632e-09,1.048775095e-09,1.061550847e-09,1.074298039e-09,1.087076059e-09,1.099810623e-09,1.112560234e-09,1.125318458e-09,1.13806122e-09,1.150811045e-09,1.16354372e-09,1.176295987e-09,1.189044266e-09,1.201730463e-09,1.214472561e-09,1.227249316e-09,1.239981027e-09,1.252668274e-09,1.265454483e-09,1.278205831e-09,1.290939913e-09,1.303683852e-09,1.316408325e-09,1.329149469e-09,1.341826353e-09,1.354621546e-09,1.367362986e-09,1.378790142e-09]",0.9,000000000111111110000000000000,000000011111111000000000000000,000000001111111000000000000000,000000001111111000000000000000,0,8,14,7,1,1,0,0,0,phi_m04,-4,medium_200mv_200ps,0.2,2e-10,1.54079549e-09,5.4079549e-10,0,0,0
scenarios/271_glitch_medium_200mv_200ps_phi_m02_o0271_v1p100000000000,capture,1.1,4,0,2.7256313e-10,1.27256313e-09,"[1.069020134e-09,1.088269675e-09,1.107572288e-09,1.12688832e-09,1.146218733e-09,1.16553804e-09,1.184878294e-09,1.204218388e-09,1.223543704e-09,1.242899939e-09,1.26226352e-09,1.281549499e-09,1.300933238e-09,1.320271018e-09,1.339627999e-09,1.358978012e-09,1.378287307e-09,1.397681884e-09,1.417048187e-09,1.436324259e-09,1.455708271e-09,1.474993876e-09,1.49438885e-09,1.513771015e-09,1.533156889e-09,1.562919572e-09,1.594912962e-09,1.626659487e-09,1.658479058e-09,1.687960983e-09]","[1.010558565e-09,1.023283949e-09,1.036022632e-09,1.048775095e-09,1.061550847e-09,1.074298039e-09,1.087076059e-09,1.099810623e-09,1.112560234e-09,1.125318458e-09,1.13806122e-09,1.150811045e-09,1.16354372e-09,1.176295987e-09,1.189044266e-09,1.201730463e-09,1.214472561e-09,1.227249316e-09,1.239981027e-09,1.252704267e-09,1.265525025e-09,1.278131497e-09,1.290912056e-09,1.303691551e-09,1.316428159e-09,1.329160204e-09,1.341909104e-09,1.354637446e-09,1.367389312e-09,1.378818515e-09]",0.9,000000000011111111100000000000,000000000111111110000000000000,000000000111111110000000000000,000000000111111110000000000000,0,9,16,8,1,1,0,0,0,phi_m02,-2,medium_200mv_200ps,0.2,2e-10,1.54079549e-09,5.4079549e-10,0,0,0
scenarios/272_glitch_medium_200mv_200ps_phi_p00_o0272_v1p100000000000,capture,1.1,4,0,3e-10,1.3e-09,"[1.069020134e-09,1.088269675e-09,1.107572288e-09,1.12688832e-09,1.146218733e-09,1.16553804e-09,1.184878294e-09,1.204218388e-09,1.223543704e-09,1.242899939e-09,1.26226352e-09,1.281639938e-09,1.300948554e-09,1.320312367e-09,1.339647566e-09,1.358983608e-09,1.378311366e-09,1.397629271e-09,1.416992927e-09,1.436376043e-09,1.455650451e-09,1.474995948e-09,1.494388778e-09,1.513709711e-09,1.533111566e-09,1.562738284e-09,1.594696814e-09,1.626376089e-09,1.658276152e-09,1.687679215e-09]","[1.010558565e-09,1.023283949e-09,1.036022632e-09,1.048775095e-09,1.061550847e-09,1.074298039e-09,1.087076059e-09,1.099810623e-09,1.112560234e-09,1.125318458e-09,1.13806122e-09,1.150811045e-09,1.16354372e-09,1.176295987e-09,1.189044266e-09,1.201730463e-09,1.214472561e-09,1.227249316e-09,1.239981027e-09,1.252704267e-09,1.265525025e-09,1.278199626e-09,1.290907729e-09,1.303574622e-09,1.316385506e-09,1.329155226e-09,1.341877345e-09,1.354592825e-09,1.3673704e-09,1.378848127e-09]",0.9,000000000000111111111000000000,000000000011111111100000000000,000000000011111111100000000000,000000000011111111100000000000,0,10,18,9,1,1,0,0,0,phi_p00,0,medium_200mv_200ps,0.2,2e-10,1.54079549e-09,5.4079549e-10,0,0,0
scenarios/273_glitch_medium_200mv_200ps_phi_p02_o0273_v1p100000000000,capture,1.1,4,0,3.2743686999999997e-10,1.32743687e-09,"[1.069020134e-09,1.088269675e-09,1.107572288e-09,1.12688832e-09,1.146218733e-09,1.16553804e-09,1.184878294e-09,1.204218388e-09,1.223543704e-09,1.242899939e-09,1.26226352e-09,1.281639938e-09,1.300963571e-09,1.320313059e-09,1.339660123e-09,1.359020254e-09,1.378372104e-09,1.397705941e-09,1.417043569e-09,1.436322714e-09,1.455696251e-09,1.475020443e-09,1.494216562e-09,1.513572878e-09,1.532877517e-09,1.56265877e-09,1.594615939e-09,1.626512425e-09,1.658280644e-09,1.687824301e-09]","[1.010558565e-09,1.023283949e-09,1.036022632e-09,1.048775095e-09,1.061550847e-09,1.074298039e-09,1.087076059e-09,1.099810623e-09,1.112560234e-09,1.125318458e-09,1.13806122e-09,1.150811045e-09,1.16354372e-09,1.176295987e-09,1.189044266e-09,1.201730463e-09,1.214472561e-09,1.227249316e-09,1.239981027e-09,1.252704267e-09,1.265525025e-09,1.278199626e-09,1.290907729e-09,1.303676268e-09,1.316433281e-09,1.329086842e-09,1.341923152e-09,1.354648641e-09,1.367390392e-09,1.37885432e-09]",0.9,000000000000011111111110000000,000000000000111111111000000000,000000000000111111111000000000,000000000000111111111000000000,0,12,20,9,1,1,0,0,0,phi_p02,2,medium_200mv_200ps,0.2,2e-10,1.54079549e-09,5.4079549e-10,0,0,0
scenarios/274_glitch_medium_200mv_200ps_phi_p04_o0274_v1p100000000000,capture,1.1,4,0,3.5487374e-10,1.35487374e-09,"[1.069020134e-09,1.088269675e-09,1.107572288e-09,1.12688832e-09,1.146218733e-09,1.16553804e-09,1.184878294e-09,1.204218388e-09,1.223543704e-09,1.242899939e-09,1.26226352e-09,1.281639938e-09,1.300963571e-09,1.320313059e-09,1.339572386e-09,1.358803181e-09,1.378195554e-09,1.397552445e-09,1.416890294e-09,1.436149893e-09,1.455402896e-09,1.474706222e-09,1.49403302e-09,1.51329753e-09,1.532668519e-09,1.562040514e-09,1.594172187e-09,1.626137277e-09,1.657994352e-09,1.687599003e-09]","[1.010558565e-09,1.023283949e-09,1.036022632e-09,1.048775095e-09,1.061550847e-09,1.074298039e-09,1.087076059e-09,1.099810623e-09,1.112560234e-09,1.125318458e-09,1.13806122e-09,1.150811045e-09,1.16354372e-09,1.176295987e-09,1.189044266e-09,1.201730463e-09,1.214472561e-09,1.227249316e-09,1.239981027e-09,1.252704267e-09,1.265525025e-09,1.278199626e-09,1.290907729e-09,1.303676268e-09,1.316433281e-09,1.329201964e-09,1.341876697e-09,1.354518258e-09,1.367252226e-09,1.378726944e-09]",0.9,000000000000000111111111100000,000000000000011111111110000000,000000000000011111111110000000,000000000000011111111110000000,0,13,22,10,1,1,0,0,0,phi_p04,4,medium_200mv_200ps,0.2,2e-10,1.54079549e-09,5.4079549e-10,0,0,0
scenarios/275_glitch_medium_200mv_200ps_phi_m04_o0275_v1p100000000000,capture,1.1,4,0,2.4512626e-10,1.2451262600000001e-09,"[1.069020134e-09,1.088269675e-09,1.107572288e-09,1.12688832e-09,1.146218733e-09,1.16553804e-09,1.184878294e-09,1.204218388e-09,1.223543704e-09,1.242899939e-09,1.26220638e-09,1.281586789e-09,1.300945735e-09,1.320284239e-09,1.339592926e-09,1.358962455e-09,1.378305771e-09,1.397692846e-09,1.417072492e-09,1.436439711e-09,1.455783204e-09,1.475116465e-09,1.494479472e-09,1.513815153e-09,1.533065564e-09,1.55238709e-09,1.585658158e-09,1.617444048e-09,1.649335404e-09,1.678867543e-09]","[1.010558565e-09,1.023283949e-09,1.036022632e-09,1.048775095e-09,1.061550847e-09,1.074298039e-09,1.087076059e-09,1.099810623e-09,1.112560234e-09,1.125318458e-09,1.13806122e-09,1.150811045e-09,1.16354372e-09,1.176295987e-09,1.189044266e-09,1.201730463e-09,1.214472561e-09,1.227249316e-09,1.239981027e-09,1.252668274e-09,1.265454483e-09,1.278205831e-09,1.290939913e-09,1.303683852e-09,1.316408325e-09,1.329149469e-09,1.341826353e-09,1.354621546e-09,1.367362986e-09,1.378790142e-09]",0.9,000000000111111110000000000000,000000011111111000000000000000,000000001111111000000000000000,000000001111111000000000000000,0,8,14,7,1,1,0,0,0,phi_m04,-4,medium_200mv_200ps,0.2,2e-10,1.554513925e-09,5.54513925e-10,0,0,0
scenarios/276_glitch_medium_200mv_200ps_phi_m02_o0276_v1p100000000000,capture,1.1,4,0,2.7256313e-10,1.27256313e-09,"[1.069020134e-09,1.088269675e-09,1.107572288e-09,1.12688832e-09,1.146218733e-09,1.16553804e-09,1.184878294e-09,1.204218388e-09,1.223543704e-09,1.242899939e-09,1.26226352e-09,1.281549499e-09,1.300933238e-09,1.320271018e-09,1.339627999e-09,1.358978012e-09,1.378287307e-09,1.397681884e-09,1.417048187e-09,1.436324259e-09,1.455708271e-09,1.474993876e-09,1.49438885e-09,1.513771015e-09,1.533156889e-09,1.552477087e-09,1.585797582e-09,1.617628649e-09,1.649329864e-09,1.678706634e-09]","[1.010558565e-09,1.023283949e-09,1.036022632e-09,1.048775095e-09,1.061550847e-09,1.074298039e-09,1.087076059e-09,1.099810623e-09,1.112560234e-09,1.125318458e-09,1.13806122e-09,1.150811045e-09,1.16354372e-09,1.176295987e-09,1.189044266e-09,1.201730463e-09,1.214472561e-09,1.227249316e-09,1.239981027e-09,1.252704267e-09,1.265525025e-09,1.278131497e-09,1.290912056e-09,1.303691551e-09,1.316428159e-09,1.329160204e-09,1.341909104e-09,1.354637446e-09,1.367389312e-09,1.378818515e-09]",0.9,000000000011111111100000000000,000000000111111110000000000000,000000000111111110000000000000,000000000111111110000000000000,0,9,16,8,1,1,0,0,0,phi_m02,-2,medium_200mv_200ps,0.2,2e-10,1.554513925e-09,5.54513925e-10,0,0,0
scenarios/277_glitch_medium_200mv_200ps_phi_p00_o0277_v1p100000000000,capture,1.1,4,0,3e-10,1.3e-09,"[1.069020134e-09,1.088269675e-09,1.107572288e-09,1.12688832e-09,1.146218733e-09,1.16553804e-09,1.184878294e-09,1.204218388e-09,1.223543704e-09,1.242899939e-09,1.26226352e-09,1.281639938e-09,1.300948554e-09,1.320312367e-09,1.339647566e-09,1.358983608e-09,1.378311366e-09,1.397629271e-09,1.416992927e-09,1.436376043e-09,1.455650451e-09,1.474995948e-09,1.494388778e-09,1.513709711e-09,1.533111566e-09,1.552438259e-09,1.585719725e-09,1.617544175e-09,1.649317335e-09,1.67870866e-09]","[1.010558565e-09,1.023283949e-09,1.036022632e-09,1.048775095e-09,1.061550847e-09,1.074298039e-09,1.087076059e-09,1.099810623e-09,1.112560234e-09,1.125318458e-09,1.13806122e-09,1.150811045e-09,1.16354372e-09,1.176295987e-09,1.189044266e-09,1.201730463e-09,1.214472561e-09,1.227249316e-09,1.239981027e-09,1.252704267e-09,1.265525025e-09,1.278199626e-09,1.290907729e-09,1.303574622e-09,1.316385506e-09,1.329155226e-09,1.341877345e-09,1.354592825e-09,1.3673704e-09,1.378848127e-09]",0.9,000000000000111111111000000000,000000000011111111100000000000,000000000011111111100000000000,000000000011111111100000000000,0,10,18,9,1,1,0,0,0,phi_p00,0,medium_200mv_200ps,0.2,2e-10,1.554513925e-09,5.54513925e-10,0,0,0
scenarios/278_glitch_medium_200mv_200ps_phi_p02_o0278_v1p100000000000,capture,1.1,4,0,3.2743686999999997e-10,1.32743687e-09,"[1.069020134e-09,1.088269675e-09,1.107572288e-09,1.12688832e-09,1.146218733e-09,1.16553804e-09,1.184878294e-09,1.204218388e-09,1.223543704e-09,1.242899939e-09,1.26226352e-09,1.281639938e-09,1.300963571e-09,1.320313059e-09,1.339660123e-09,1.359020254e-09,1.378372104e-09,1.397705941e-09,1.417043569e-09,1.436322714e-09,1.455696251e-09,1.475020443e-09,1.494216562e-09,1.513572878e-09,1.532877517e-09,1.552230442e-09,1.585385317e-09,1.617273451e-09,1.649079583e-09,1.678741419e-09]","[1.010558565e-09,1.023283949e-09,1.036022632e-09,1.048775095e-09,1.061550847e-09,1.074298039e-09,1.087076059e-09,1.099810623e-09,1.112560234e-09,1.125318458e-09,1.13806122e-09,1.150811045e-09,1.16354372e-09,1.176295987e-09,1.189044266e-09,1.201730463e-09,1.214472561e-09,1.227249316e-09,1.239981027e-09,1.252704267e-09,1.265525025e-09,1.278199626e-09,1.290907729e-09,1.303676268e-09,1.316433281e-09,1.329086842e-09,1.341923152e-09,1.354648641e-09,1.367390392e-09,1.37885432e-09]",0.9,000000000000011111111110000000,000000000000111111111000000000,000000000000111111111000000000,000000000000111111111000000000,0,12,20,9,1,1,0,0,0,phi_p02,2,medium_200mv_200ps,0.2,2e-10,1.554513925e-09,5.54513925e-10,0,0,0
scenarios/279_glitch_medium_200mv_200ps_phi_p04_o0279_v1p100000000000,capture,1.1,4,0,3.5487374e-10,1.35487374e-09,"[1.069020134e-09,1.088269675e-09,1.107572288e-09,1.12688832e-09,1.146218733e-09,1.16553804e-09,1.184878294e-09,1.204218388e-09,1.223543704e-09,1.242899939e-09,1.26226352e-09,1.281639938e-09,1.300963571e-09,1.320313059e-09,1.339572386e-09,1.358803181e-09,1.378195554e-09,1.397552445e-09,1.416890294e-09,1.436149893e-09,1.455402896e-09,1.474706222e-09,1.49403302e-09,1.51329753e-09,1.532668519e-09,1.551907514e-09,1.584800875e-09,1.616545601e-09,1.648463975e-09,1.678004709e-09]","[1.010558565e-09,1.023283949e-09,1.036022632e-09,1.048775095e-09,1.061550847e-09,1.074298039e-09,1.087076059e-09,1.099810623e-09,1.112560234e-09,1.125318458e-09,1.13806122e-09,1.150811045e-09,1.16354372e-09,1.176295987e-09,1.189044266e-09,1.201730463e-09,1.214472561e-09,1.227249316e-09,1.239981027e-09,1.252704267e-09,1.265525025e-09,1.278199626e-09,1.290907729e-09,1.303676268e-09,1.316433281e-09,1.329201964e-09,1.341876697e-09,1.354518258e-09,1.367252226e-09,1.378726944e-09]",0.9,000000000000000111111111100000,000000000000011111111110000000,000000000000011111111110000000,000000000000011111111110000000,0,13,22,10,1,1,0,0,0,phi_p04,4,medium_200mv_200ps,0.2,2e-10,1.554513925e-09,5.54513925e-10,0,0,0
scenarios/280_glitch_medium_200mv_200ps_phi_m04_o0280_v1p100000000000,capture,1.1,4,0,2.4512626e-10,1.2451262600000001e-09,"[1.069020134e-09,1.088269675e-09,1.107572288e-09,1.12688832e-09,1.146218733e-09,1.16553804e-09,1.184878294e-09,1.204218388e-09,1.223543704e-09,1.242899939e-09,1.26220638e-09,1.281586789e-09,1.300945735e-09,1.320284239e-09,1.339592926e-09,1.358962455e-09,1.378305771e-09,1.397692846e-09,1.417072492e-09,1.436439711e-09,1.455783204e-09,1.475116465e-09,1.494479472e-09,1.513815153e-09,1.533065564e-09,1.55238709e-09,1.575673421e-09,1.609129959e-09,1.640865385e-09,1.670451408e-09]","[1.010558565e-09,1.023283949e-09,1.036022632e-09,1.048775095e-09,1.061550847e-09,1.074298039e-09,1.087076059e-09,1.099810623e-09,1.112560234e-09,1.125318458e-09,1.13806122e-09,1.150811045e-09,1.16354372e-09,1.176295987e-09,1.189044266e-09,1.201730463e-09,1.214472561e-09,1.227249316e-09,1.239981027e-09,1.252668274e-09,1.265454483e-09,1.278205831e-09,1.290939913e-09,1.303683852e-09,1.316408325e-09,1.329149469e-09,1.341826353e-09,1.354621546e-09,1.367362986e-09,1.378790142e-09]",0.9,000000000111111110000000000000,000000011111111000000000000000,000000001111111000000000000000,000000001111111000000000000000,0,8,14,7,1,1,0,0,0,phi_m04,-4,medium_200mv_200ps,0.2,2e-10,1.56823236e-09,5.6823236e-10,0,0,0
scenarios/281_glitch_medium_200mv_200ps_phi_m02_o0281_v1p100000000000,capture,1.1,4,0,2.7256313e-10,1.27256313e-09,"[1.069020134e-09,1.088269675e-09,1.107572288e-09,1.12688832e-09,1.146218733e-09,1.16553804e-09,1.184878294e-09,1.204218388e-09,1.223543704e-09,1.242899939e-09,1.26226352e-09,1.281549499e-09,1.300933238e-09,1.320271018e-09,1.339627999e-09,1.358978012e-09,1.378287307e-09,1.397681884e-09,1.417048187e-09,1.436324259e-09,1.455708271e-09,1.474993876e-09,1.49438885e-09,1.513771015e-09,1.533156889e-09,1.552486949e-09,1.576208169e-09,1.609450948e-09,1.641230789e-09,1.670736926e-09]","[1.010558565e-09,1.023283949e-09,1.036022632e-09,1.048775095e-09,1.061550847e-09,1.074298039e-09,1.087076059e-09,1.099810623e-09,1.112560234e-09,1.125318458e-09,1.13806122e-09,1.150811045e-09,1.16354372e-09,1.176295987e-09,1.189044266e-09,1.201730463e-09,1.214472561e-09,1.227249316e-09,1.239981027e-09,1.252704267e-09,1.265525025e-09,1.278131497e-09,1.290912056e-09,1.303691551e-09,1.316428159e-09,1.329160204e-09,1.341909104e-09,1.354637446e-09,1.367389312e-09,1.378818515e-09]",0.9,000000000011111111100000000000,000000000111111110000000000000,000000000111111110000000000000,000000000111111110000000000000,0,9,16,8,1,1,0,0,0,phi_m02,-2,medium_200mv_200ps,0.2,2e-10,1.56823236e-09,5.6823236e-10,0,0,0
scenarios/282_glitch_medium_200mv_200ps_phi_p00_o0282_v1p100000000000,capture,1.1,4,0,3e-10,1.3e-09,"[1.069020134e-09,1.088269675e-09,1.107572288e-09,1.12688832e-09,1.146218733e-09,1.16553804e-09,1.184878294e-09,1.204218388e-09,1.223543704e-09,1.242899939e-09,1.26226352e-09,1.281639938e-09,1.300948554e-09,1.320312367e-09,1.339647566e-09,1.358983608e-09,1.378311366e-09,1.397629271e-09,1.416992927e-09,1.436376043e-09,1.455650451e-09,1.474995948e-09,1.494388778e-09,1.513709711e-09,1.533111566e-09,1.552438259e-09,1.575859429e-09,1.609275254e-09,1.640982115e-09,1.670571369e-09]","[1.010558565e-09,1.023283949e-09,1.036022632e-09,1.048775095e-09,1.061550847e-09,1.074298039e-09,1.087076059e-09,1.099810623e-09,1.112560234e-09,1.125318458e-09,1.13806122e-09,1.150811045e-09,1.16354372e-09,1.176295987e-09,1.189044266e-09,1.201730463e-09,1.214472561e-09,1.227249316e-09,1.239981027e-09,1.252704267e-09,1.265525025e-09,1.278199626e-09,1.290907729e-09,1.303574622e-09,1.316385506e-09,1.329155226e-09,1.341877345e-09,1.354592825e-09,1.3673704e-09,1.378848127e-09]",0.9,000000000000111111111000000000,000000000011111111100000000000,000000000011111111100000000000,000000000011111111100000000000,0,10,18,9,1,1,0,0,0,phi_p00,0,medium_200mv_200ps,0.2,2e-10,1.56823236e-09,5.6823236e-10,0,0,0
scenarios/283_glitch_medium_200mv_200ps_phi_p02_o0283_v1p100000000000,capture,1.1,4,0,3.2743686999999997e-10,1.32743687e-09,"[1.069020134e-09,1.088269675e-09,1.107572288e-09,1.12688832e-09,1.146218733e-09,1.16553804e-09,1.184878294e-09,1.204218388e-09,1.223543704e-09,1.242899939e-09,1.26226352e-09,1.281639938e-09,1.300963571e-09,1.320313059e-09,1.339660123e-09,1.359020254e-09,1.378372104e-09,1.397705941e-09,1.417043569e-09,1.436322714e-09,1.455696251e-09,1.475020443e-09,1.494216562e-09,1.513572878e-09,1.532877517e-09,1.552230442e-09,1.575567166e-09,1.608873208e-09,1.640773834e-09,1.670361074e-09]","[1.010558565e-09,1.023283949e-09,1.036022632e-09,1.048775095e-09,1.061550847e-09,1.074298039e-09,1.087076059e-09,1.099810623e-09,1.112560234e-09,1.125318458e-09,1.13806122e-09,1.150811045e-09,1.16354372e-09,1.176295987e-09,1.189044266e-09,1.201730463e-09,1.214472561e-09,1.227249316e-09,1.239981027e-09,1.252704267e-09,1.265525025e-09,1.278199626e-09,1.290907729e-09,1.303676268e-09,1.316433281e-09,1.329086842e-09,1.341923152e-09,1.354648641e-09,1.367390392e-09,1.37885432e-09]",0.9,000000000000011111111110000000,000000000000111111111000000000,000000000000111111111000000000,000000000000111111111000000000,0,12,20,9,1,1,0,0,0,phi_p02,2,medium_200mv_200ps,0.2,2e-10,1.56823236e-09,5.6823236e-10,0,0,0
scenarios/284_glitch_medium_200mv_200ps_phi_p04_o0284_v1p100000000000,capture,1.1,4,0,3.5487374e-10,1.35487374e-09,"[1.069020134e-09,1.088269675e-09,1.107572288e-09,1.12688832e-09,1.146218733e-09,1.16553804e-09,1.184878294e-09,1.204218388e-09,1.223543704e-09,1.242899939e-09,1.26226352e-09,1.281639938e-09,1.300963571e-09,1.320313059e-09,1.339572386e-09,1.358803181e-09,1.378195554e-09,1.397552445e-09,1.416890294e-09,1.436149893e-09,1.455402896e-09,1.474706222e-09,1.49403302e-09,1.51329753e-09,1.532668519e-09,1.551907514e-09,1.575173481e-09,1.608646894e-09,1.64050374e-09,1.670121425e-09]","[1.010558565e-09,1.023283949e-09,1.036022632e-09,1.048775095e-09,1.061550847e-09,1.074298039e-09,1.087076059e-09,1.099810623e-09,1.112560234e-09,1.125318458e-09,1.13806122e-09,1.150811045e-09,1.16354372e-09,1.176295987e-09,1.189044266e-09,1.201730463e-09,1.214472561e-09,1.227249316e-09,1.239981027e-09,1.252704267e-09,1.265525025e-09,1.278199626e-09,1.290907729e-09,1.303676268e-09,1.316433281e-09,1.329201964e-09,1.341876697e-09,1.354518258e-09,1.367252226e-09,1.378726944e-09]",0.9,000000000000000111111111100000,000000000000011111111110000000,000000000000011111111110000000,000000000000011111111110000000,0,13,22,10,1,1,0,0,0,phi_p04,4,medium_200mv_200ps,0.2,2e-10,1.56823236e-09,5.6823236e-10,0,0,0
scenarios/285_glitch_medium_200mv_200ps_phi_m04_o0285_v1p100000000000,capture,1.1,4,0,2.4512626e-10,1.2451262600000001e-09,"[1.069020134e-09,1.088269675e-09,1.107572288e-09,1.12688832e-09,1.146218733e-09,1.16553804e-09,1.184878294e-09,1.204218388e-09,1.223543704e-09,1.242899939e-09,1.26220638e-09,1.281586789e-09,1.300945735e-09,1.320284239e-09,1.339592926e-09,1.358962455e-09,1.378305771e-09,1.397692846e-09,1.417072492e-09,1.436439711e-09,1.455783204e-09,1.475116465e-09,1.494479472e-09,1.513815153e-09,1.533065564e-09,1.55238709e-09,1.571558206e-09,1.599440758e-09,1.631542009e-09,1.661005447e-09]","[1.010558565e-09,1.023283949e-09,1.036022632e-09,1.048775095e-09,1.061550847e-09,1.074298039e-09,1.087076059e-09,1.099810623e-09,1.112560234e-09,1.125318458e-09,1.13806122e-09,1.150811045e-09,1.16354372e-09,1.176295987e-09,1.189044266e-09,1.201730463e-09,1.214472561e-09,1.227249316e-09,1.239981027e-09,1.252668274e-09,1.265454483e-09,1.278205831e-09,1.290939913e-09,1.303683852e-09,1.316408325e-09,1.329149469e-09,1.341826353e-09,1.354621546e-09,1.367362986e-09,1.378790142e-09]",0.9,000000000111111110000000000000,000000011111111000000000000000,000000001111111000000000000000,000000001111111000000000000000,0,8,14,7,1,1,0,0,0,phi_m04,-4,medium_200mv_200ps,0.2,2e-10,1.581950795e-09,5.81950795e-10,0,0,0
scenarios/286_glitch_medium_200mv_200ps_phi_m02_o0286_v1p100000000000,capture,1.1,4,0,2.7256313e-10,1.27256313e-09,"[1.069020134e-09,1.088269675e-09,1.107572288e-09,1.12688832e-09,1.146218733e-09,1.16553804e-09,1.184878294e-09,1.204218388e-09,1.223543704e-09,1.242899939e-09,1.26226352e-09,1.281549499e-09,1.300933238e-09,1.320271018e-09,1.339627999e-09,1.358978012e-09,1.378287307e-09,1.397681884e-09,1.417048187e-09,1.436324259e-09,1.455708271e-09,1.474993876e-09,1.49438885e-09,1.513771015e-09,1.533156889e-09,1.552486949e-09,1.57182801e-09,1.599973542e-09,1.632014547e-09,1.661570107e-09]","[1.010558565e-09,1.023283949e-09,1.036022632e-09,1.048775095e-09,1.061550847e-09,1.074298039e-09,1.087076059e-09,1.099810623e-09,1.112560234e-09,1.125318458e-09,1.13806122e-09,1.150811045e-09,1.16354372e-09,1.176295987e-09,1.189044266e-09,1.201730463e-09,1.214472561e-09,1.227249316e-09,1.239981027e-09,1.252704267e-09,1.265525025e-09,1.278131497e-09,1.290912056e-09,1.303691551e-09,1.316428159e-09,1.329160204e-09,1.341909104e-09,1.354637446e-09,1.367389312e-09,1.378818515e-09]",0.9,000000000011111111100000000000,000000000111111110000000000000,000000000111111110000000000000,000000000111111110000000000000,0,9,16,8,1,1,0,0,0,phi_m02,-2,medium_200mv_200ps,0.2,2e-10,1.581950795e-09,5.81950795e-10,0,0,0
scenarios/287_glitch_medium_200mv_200ps_phi_p00_o0287_v1p100000000000,capture,1.1,4,0,3e-10,1.3e-09,"[1.069020134e-09,1.088269675e-09,1.107572288e-09,1.12688832e-09,1.146218733e-09,1.16553804e-09,1.184878294e-09,1.204218388e-09,1.223543704e-09,1.242899939e-09,1.26226352e-09,1.281639938e-09,1.300948554e-09,1.320312367e-09,1.339647566e-09,1.358983608e-09,1.378311366e-09,1.397629271e-09,1.416992927e-09,1.436376043e-09,1.455650451e-09,1.474995948e-09,1.494388778e-09,1.513709711e-09,1.533111566e-09,1.552438259e-09,1.571716952e-09,1.599435974e-09,1.631429094e-09,1.660768723e-09]","[1.010558565e-09,1.023283949e-09,1.036022632e-09,1.048775095e-09,1.061550847e-09,1.074298039e-09,1.087076059e-09,1.099810623e-09,1.112560234e-09,1.125318458e-09,1.13806122e-09,1.150811045e-09,1.16354372e-09,1.176295987e-09,1.189044266e-09,1.201730463e-09,1.214472561e-09,1.227249316e-09,1.239981027e-09,1.252704267e-09,1.265525025e-09,1.278199626e-09,1.290907729e-09,1.303574622e-09,1.316385506e-09,1.329155226e-09,1.341877345e-09,1.354592825e-09,1.3673704e-09,1.378848127e-09]",0.9,000000000000111111111000000000,000000000011111111100000000000,000000000011111111100000000000,000000000011111111100000000000,0,10,18,9,1,1,0,0,0,phi_p00,0,medium_200mv_200ps,0.2,2e-10,1.581950795e-09,5.81950795e-10,0,0,0
scenarios/288_glitch_medium_200mv_200ps_phi_p02_o0288_v1p100000000000,capture,1.1,4,0,3.2743686999999997e-10,1.32743687e-09,"[1.069020134e-09,1.088269675e-09,1.107572288e-09,1.12688832e-09,1.146218733e-09,1.16553804e-09,1.184878294e-09,1.204218388e-09,1.223543704e-09,1.242899939e-09,1.26226352e-09,1.281639938e-09,1.300963571e-09,1.320313059e-09,1.339660123e-09,1.359020254e-09,1.378372104e-09,1.397705941e-09,1.417043569e-09,1.436322714e-09,1.455696251e-09,1.475020443e-09,1.494216562e-09,1.513572878e-09,1.532877517e-09,1.552230442e-09,1.571488648e-09,1.599304873e-09,1.631418577e-09,1.661028088e-09]","[1.010558565e-09,1.023283949e-09,1.036022632e-09,1.048775095e-09,1.061550847e-09,1.074298039e-09,1.087076059e-09,1.099810623e-09,1.112560234e-09,1.125318458e-09,1.13806122e-09,1.150811045e-09,1.16354372e-09,1.176295987e-09,1.189044266e-09,1.201730463e-09,1.214472561e-09,1.227249316e-09,1.239981027e-09,1.252704267e-09,1.265525025e-09,1.278199626e-09,1.290907729e-09,1.303676268e-09,1.316433281e-09,1.329086842e-09,1.341923152e-09,1.354648641e-09,1.367390392e-09,1.37885432e-09]",0.9,000000000000011111111110000000,000000000000111111111000000000,000000000000111111111000000000,000000000000111111111000000000,0,12,20,9,1,1,0,0,0,phi_p02,2,medium_200mv_200ps,0.2,2e-10,1.581950795e-09,5.81950795e-10,0,0,0
scenarios/289_glitch_medium_200mv_200ps_phi_p04_o0289_v1p100000000000,capture,1.1,4,0,3.5487374e-10,1.35487374e-09,"[1.069020134e-09,1.088269675e-09,1.107572288e-09,1.12688832e-09,1.146218733e-09,1.16553804e-09,1.184878294e-09,1.204218388e-09,1.223543704e-09,1.242899939e-09,1.26226352e-09,1.281639938e-09,1.300963571e-09,1.320313059e-09,1.339572386e-09,1.358803181e-09,1.378195554e-09,1.397552445e-09,1.416890294e-09,1.436149893e-09,1.455402896e-09,1.474706222e-09,1.49403302e-09,1.51329753e-09,1.532668519e-09,1.551907514e-09,1.571262085e-09,1.598963772e-09,1.631121011e-09,1.66076249e-09]","[1.010558565e-09,1.023283949e-09,1.036022632e-09,1.048775095e-09,1.061550847e-09,1.074298039e-09,1.087076059e-09,1.099810623e-09,1.112560234e-09,1.125318458e-09,1.13806122e-09,1.150811045e-09,1.16354372e-09,1.176295987e-09,1.189044266e-09,1.201730463e-09,1.214472561e-09,1.227249316e-09,1.239981027e-09,1.252704267e-09,1.265525025e-09,1.278199626e-09,1.290907729e-09,1.303676268e-09,1.316433281e-09,1.329201964e-09,1.341876697e-09,1.354518258e-09,1.367252226e-09,1.378726944e-09]",0.9,000000000000000111111111100000,000000000000011111111110000000,000000000000011111111110000000,000000000000011111111110000000,0,13,22,10,1,1,0,0,0,phi_p04,4,medium_200mv_200ps,0.2,2e-10,1.581950795e-09,5.81950795e-10,0,0,0
scenarios/290_glitch_medium_200mv_200ps_phi_m04_o0290_v1p100000000000,capture,1.1,4,0,2.4512626e-10,1.2451262600000001e-09,"[1.069020134e-09,1.088269675e-09,1.107572288e-09,1.12688832e-09,1.146218733e-09,1.16553804e-09,1.184878294e-09,1.204218388e-09,1.223543704e-09,1.242899939e-09,1.26220638e-09,1.281586789e-09,1.300945735e-09,1.320284239e-09,1.339592926e-09,1.358962455e-09,1.378305771e-09,1.397692846e-09,1.417072492e-09,1.436439711e-09,1.455783204e-09,1.475116465e-09,1.494479472e-09,1.513815153e-09,1.533065564e-09,1.55238709e-09,1.571558206e-09,1.590865881e-09,1.622208668e-09,1.651844732e-09]","[1.010558565e-09,1.023283949e-09,1.036022632e-09,1.048775095e-09,1.061550847e-09,1.074298039e-09,1.087076059e-09,1.099810623e-09,1.112560234e-09,1.125318458e-09,1.13806122e-09,1.150811045e-09,1.16354372e-09,1.176295987e-09,1.189044266e-09,1.201730463e-09,1.214472561e-09,1.227249316e-09,1.239981027e-09,1.252668274e-09,1.265454483e-09,1.278205831e-09,1.290939913e-09,1.303683852e-09,1.316408325e-09,1.329149469e-09,1.341826353e-09,1.354621546e-09,1.367362986e-09,1.378790142e-09]",0.9,000000000111111110000000000000,000000011111111000000000000000,000000001111111000000000000000,000000001111111000000000000000,0,8,14,7,1,1,0,0,0,phi_m04,-4,medium_200mv_200ps,0.2,2e-10,1.59566923e-09,5.9566923e-10,0,0,0
scenarios/291_glitch_medium_200mv_200ps_phi_m02_o0291_v1p100000000000,capture,1.1,4,0,2.7256313e-10,1.27256313e-09,"[1.069020134e-09,1.088269675e-09,1.107572288e-09,1.12688832e-09,1.146218733e-09,1.16553804e-09,1.184878294e-09,1.204218388e-09,1.223543704e-09,1.242899939e-09,1.26226352e-09,1.281549499e-09,1.300933238e-09,1.320271018e-09,1.339627999e-09,1.358978012e-09,1.378287307e-09,1.397681884e-09,1.417048187e-09,1.436324259e-09,1.455708271e-09,1.474993876e-09,1.49438885e-09,1.513771015e-09,1.533156889e-09,1.552486949e-09,1.57182801e-09,1.591121309e-09,1.622587121e-09,1.652237379e-09]","[1.010558565e-09,1.023283949e-09,1.036022632e-09,1.048775095e-09,1.061550847e-09,1.074298039e-09,1.087076059e-09,1.099810623e-09,1.112560234e-09,1.125318458e-09,1.13806122e-09,1.150811045e-09,1.16354372e-09,1.176295987e-09,1.189044266e-09,1.201730463e-09,1.214472561e-09,1.227249316e-09,1.239981027e-09,1.252704267e-09,1.265525025e-09,1.278131497e-09,1.290912056e-09,1.303691551e-09,1.316428159e-09,1.329160204e-09,1.341909104e-09,1.354637446e-09,1.367389312e-09,1.378818515e-09]",0.9,000000000011111111100000000000,000000000111111110000000000000,000000000111111110000000000000,000000000111111110000000000000,0,9,16,8,1,1,0,0,0,phi_m02,-2,medium_200mv_200ps,0.2,2e-10,1.59566923e-09,5.9566923e-10,0,0,0
scenarios/292_glitch_medium_200mv_200ps_phi_p00_o0292_v1p100000000000,capture,1.1,4,0,3e-10,1.3e-09,"[1.069020134e-09,1.088269675e-09,1.107572288e-09,1.12688832e-09,1.146218733e-09,1.16553804e-09,1.184878294e-09,1.204218388e-09,1.223543704e-09,1.242899939e-09,1.26226352e-09,1.281639938e-09,1.300948554e-09,1.320312367e-09,1.339647566e-09,1.358983608e-09,1.378311366e-09,1.397629271e-09,1.416992927e-09,1.436376043e-09,1.455650451e-09,1.474995948e-09,1.494388778e-09,1.513709711e-09,1.533111566e-09,1.552438259e-09,1.571716952e-09,1.590927392e-09,1.62238461e-09,1.652047709e-09]","[1.010558565e-09,1.023283949e-09,1.036022632e-09,1.048775095e-09,1.061550847e-09,1.074298039e-09,1.087076059e-09,1.099810623e-09,1.112560234e-09,1.125318458e-09,1.13806122e-09,1.150811045e-09,1.16354372e-09,1.176295987e-09,1.189044266e-09,1.201730463e-09,1.214472561e-09,1.227249316e-09,1.239981027e-09,1.252704267e-09,1.265525025e-09,1.278199626e-09,1.290907729e-09,1.303574622e-09,1.316385506e-09,1.329155226e-09,1.341877345e-09,1.354592825e-09,1.3673704e-09,1.378848127e-09]",0.9,000000000000111111111000000000,000000000011111111100000000000,000000000011111111100000000000,000000000011111111100000000000,0,10,18,9,1,1,0,0,0,phi_p00,0,medium_200mv_200ps,0.2,2e-10,1.59566923e-09,5.9566923e-10,0,0,0
scenarios/293_glitch_medium_200mv_200ps_phi_p02_o0293_v1p100000000000,capture,1.1,4,0,3.2743686999999997e-10,1.32743687e-09,"[1.069020134e-09,1.088269675e-09,1.107572288e-09,1.12688832e-09,1.146218733e-09,1.16553804e-09,1.184878294e-09,1.204218388e-09,1.223543704e-09,1.242899939e-09,1.26226352e-09,1.281639938e-09,1.300963571e-09,1.320313059e-09,1.339660123e-09,1.359020254e-09,1.378372104e-09,1.397705941e-09,1.417043569e-09,1.436322714e-09,1.455696251e-09,1.475020443e-09,1.494216562e-09,1.513572878e-09,1.532877517e-09,1.552230442e-09,1.571488648e-09,1.590840249e-09,1.622062153e-09,1.651698132e-09]","[1.010558565e-09,1.023283949e-09,1.036022632e-09,1.048775095e-09,1.061550847e-09,1.074298039e-09,1.087076059e-09,1.099810623e-09,1.112560234e-09,1.125318458e-09,1.13806122e-09,1.150811045e-09,1.16354372e-09,1.176295987e-09,1.189044266e-09,1.201730463e-09,1.214472561e-09,1.227249316e-09,1.239981027e-09,1.252704267e-09,1.265525025e-09,1.278199626e-09,1.290907729e-09,1.303676268e-09,1.316433281e-09,1.329086842e-09,1.341923152e-09,1.354648641e-09,1.367390392e-09,1.37885432e-09]",0.9,000000000000011111111110000000,000000000000111111111000000000,000000000000111111111000000000,000000000000111111111000000000,0,12,20,9,1,1,0,0,0,phi_p02,2,medium_200mv_200ps,0.2,2e-10,1.59566923e-09,5.9566923e-10,0,0,0
scenarios/294_glitch_medium_200mv_200ps_phi_p04_o0294_v1p100000000000,capture,1.1,4,0,3.5487374e-10,1.35487374e-09,"[1.069020134e-09,1.088269675e-09,1.107572288e-09,1.12688832e-09,1.146218733e-09,1.16553804e-09,1.184878294e-09,1.204218388e-09,1.223543704e-09,1.242899939e-09,1.26226352e-09,1.281639938e-09,1.300963571e-09,1.320313059e-09,1.339572386e-09,1.358803181e-09,1.378195554e-09,1.397552445e-09,1.416890294e-09,1.436149893e-09,1.455402896e-09,1.474706222e-09,1.49403302e-09,1.51329753e-09,1.532668519e-09,1.551907514e-09,1.571262085e-09,1.590631468e-09,1.621841477e-09,1.651509218e-09]","[1.010558565e-09,1.023283949e-09,1.036022632e-09,1.048775095e-09,1.061550847e-09,1.074298039e-09,1.087076059e-09,1.099810623e-09,1.112560234e-09,1.125318458e-09,1.13806122e-09,1.150811045e-09,1.16354372e-09,1.176295987e-09,1.189044266e-09,1.201730463e-09,1.214472561e-09,1.227249316e-09,1.239981027e-09,1.252704267e-09,1.265525025e-09,1.278199626e-09,1.290907729e-09,1.303676268e-09,1.316433281e-09,1.329201964e-09,1.341876697e-09,1.354518258e-09,1.367252226e-09,1.378726944e-09]",0.9,000000000000000111111111100000,000000000000011111111110000000,000000000000011111111110000000,000000000000011111111110000000,0,13,22,10,1,1,0,0,0,phi_p04,4,medium_200mv_200ps,0.2,2e-10,1.59566923e-09,5.9566923e-10,0,0,0
scenarios/295_glitch_medium_200mv_200ps_phi_m04_o0295_v1p100000000000,capture,1.1,4,0,2.4512626e-10,1.2451262600000001e-09,"[1.069020134e-09,1.088269675e-09,1.107572288e-09,1.12688832e-09,1.146218733e-09,1.16553804e-09,1.184878294e-09,1.204218388e-09,1.223543704e-09,1.242899939e-09,1.26220638e-09,1.281586789e-09,1.300945735e-09,1.320284239e-09,1.339592926e-09,1.358962455e-09,1.378305771e-09,1.397692846e-09,1.417072492e-09,1.436439711e-09,1.455783204e-09,1.475116465e-09,1.494479472e-09,1.513815153e-09,1.533065564e-09,1.55238709e-09,1.571558206e-09,1.590865881e-09,1.612232976e-09,1.643519272e-09]","[1.010558565e-09,1.023283949e-09,1.036022632e-09,1.048775095e-09,1.061550847e-09,1.074298039e-09,1.087076059e-09,1.099810623e-09,1.112560234e-09,1.125318458e-09,1.13806122e-09,1.150811045e-09,1.16354372e-09,1.176295987e-09,1.189044266e-09,1.201730463e-09,1.214472561e-09,1.227249316e-09,1.239981027e-09,1.252668274e-09,1.265454483e-09,1.278205831e-09,1.290939913e-09,1.303683852e-09,1.316408325e-09,1.329149469e-09,1.341826353e-09,1.354621546e-09,1.367362986e-09,1.378790142e-09]",0.9,000000000111111110000000000000,000000011111111000000000000000,000000001111111000000000000000,000000001111111000000000000000,0,8,14,7,1,1,0,0,0,phi_m04,-4,medium_200mv_200ps,0.2,2e-10,1.609387665e-09,6.093876649999999e-10,0,0,0
scenarios/296_glitch_medium_200mv_200ps_phi_m02_o0296_v1p100000000000,capture,1.1,4,0,2.7256313e-10,1.27256313e-09,"[1.069020134e-09,1.088269675e-09,1.107572288e-09,1.12688832e-09,1.146218733e-09,1.16553804e-09,1.184878294e-09,1.204218388e-09,1.223543704e-09,1.242899939e-09,1.26226352e-09,1.281549499e-09,1.300933238e-09,1.320271018e-09,1.339627999e-09,1.358978012e-09,1.378287307e-09,1.397681884e-09,1.417048187e-09,1.436324259e-09,1.455708271e-09,1.474993876e-09,1.49438885e-09,1.513771015e-09,1.533156889e-09,1.552486949e-09,1.57182801e-09,1.591121309e-09,1.612733326e-09,1.644101641e-09]","[1.010558565e-09,1.023283949e-09,1.036022632e-09,1.048775095e-09,1.061550847e-09,1.074298039e-09,1.087076059e-09,1.099810623e-09,1.112560234e-09,1.125318458e-09,1.13806122e-09,1.150811045e-09,1.16354372e-09,1.176295987e-09,1.189044266e-09,1.201730463e-09,1.214472561e-09,1.227249316e-09,1.239981027e-09,1.252704267e-09,1.265525025e-09,1.278131497e-09,1.290912056e-09,1.303691551e-09,1.316428159e-09,1.329160204e-09,1.341909104e-09,1.354637446e-09,1.367389312e-09,1.378818515e-09]",0.9,000000000011111111100000000000,000000000111111110000000000000,000000000111111110000000000000,000000000111111110000000000000,0,9,16,8,1,1,0,0,0,phi_m02,-2,medium_200mv_200ps,0.2,2e-10,1.609387665e-09,6.093876649999999e-10,0,0,0
scenarios/297_glitch_medium_200mv_200ps_phi_p00_o0297_v1p100000000000,capture,1.1,4,0,3e-10,1.3e-09,"[1.069020134e-09,1.088269675e-09,1.107572288e-09,1.12688832e-09,1.146218733e-09,1.16553804e-09,1.184878294e-09,1.204218388e-09,1.223543704e-09,1.242899939e-09,1.26226352e-09,1.281639938e-09,1.300948554e-09,1.320312367e-09,1.339647566e-09,1.358983608e-09,1.378311366e-09,1.397629271e-09,1.416992927e-09,1.436376043e-09,1.455650451e-09,1.474995948e-09,1.494388778e-09,1.513709711e-09,1.533111566e-09,1.552438259e-09,1.571716952e-09,1.590927392e-09,1.61255939e-09,1.64381778e-09]","[1.010558565e-09,1.023283949e-09,1.036022632e-09,1.048775095e-09,1.061550847e-09,1.074298039e-09,1.087076059e-09,1.099810623e-09,1.112560234e-09,1.125318458e-09,1.13806122e-09,1.150811045e-09,1.16354372e-09,1.176295987e-09,1.189044266e-09,1.201730463e-09,1.214472561e-09,1.227249316e-09,1.239981027e-09,1.252704267e-09,1.265525025e-09,1.278199626e-09,1.290907729e-09,1.303574622e-09,1.316385506e-09,1.329155226e-09,1.341877345e-09,1.354592825e-09,1.3673704e-09,1.378848127e-09]",0.9,000000000000111111111000000000,000000000011111111100000000000,000000000011111111100000000000,000000000011111111100000000000,0,10,18,9,1,1,0,0,0,phi_p00,0,medium_200mv_200ps,0.2,2e-10,1.609387665e-09,6.093876649999999e-10,0,0,0
scenarios/298_glitch_medium_200mv_200ps_phi_p02_o0298_v1p100000000000,capture,1.1,4,0,3.2743686999999997e-10,1.32743687e-09,"[1.069020134e-09,1.088269675e-09,1.107572288e-09,1.12688832e-09,1.146218733e-09,1.16553804e-09,1.184878294e-09,1.204218388e-09,1.223543704e-09,1.242899939e-09,1.26226352e-09,1.281639938e-09,1.300963571e-09,1.320313059e-09,1.339660123e-09,1.359020254e-09,1.378372104e-09,1.397705941e-09,1.417043569e-09,1.436322714e-09,1.455696251e-09,1.475020443e-09,1.494216562e-09,1.513572878e-09,1.532877517e-09,1.552230442e-09,1.571488648e-09,1.590840249e-09,1.612283126e-09,1.643590313e-09]","[1.010558565e-09,1.023283949e-09,1.036022632e-09,1.048775095e-09,1.061550847e-09,1.074298039e-09,1.087076059e-09,1.099810623e-09,1.112560234e-09,1.125318458e-09,1.13806122e-09,1.150811045e-09,1.16354372e-09,1.176295987e-09,1.189044266e-09,1.201730463e-09,1.214472561e-09,1.227249316e-09,1.239981027e-09,1.252704267e-09,1.265525025e-09,1.278199626e-09,1.290907729e-09,1.303676268e-09,1.316433281e-09,1.329086842e-09,1.341923152e-09,1.354648641e-09,1.367390392e-09,1.37885432e-09]",0.9,000000000000011111111110000000,000000000000111111111000000000,000000000000111111111000000000,000000000000111111111000000000,0,12,20,9,1,1,0,0,0,phi_p02,2,medium_200mv_200ps,0.2,2e-10,1.609387665e-09,6.093876649999999e-10,0,0,0
scenarios/299_glitch_medium_200mv_200ps_phi_p04_o0299_v1p100000000000,capture,1.1,4,0,3.5487374e-10,1.35487374e-09,"[1.069020134e-09,1.088269675e-09,1.107572288e-09,1.12688832e-09,1.146218733e-09,1.16553804e-09,1.184878294e-09,1.204218388e-09,1.223543704e-09,1.242899939e-09,1.26226352e-09,1.281639938e-09,1.300963571e-09,1.320313059e-09,1.339572386e-09,1.358803181e-09,1.378195554e-09,1.397552445e-09,1.416890294e-09,1.436149893e-09,1.455402896e-09,1.474706222e-09,1.49403302e-09,1.51329753e-09,1.532668519e-09,1.551907514e-09,1.571262085e-09,1.590631468e-09,1.612063771e-09,1.643327962e-09]","[1.010558565e-09,1.023283949e-09,1.036022632e-09,1.048775095e-09,1.061550847e-09,1.074298039e-09,1.087076059e-09,1.099810623e-09,1.112560234e-09,1.125318458e-09,1.13806122e-09,1.150811045e-09,1.16354372e-09,1.176295987e-09,1.189044266e-09,1.201730463e-09,1.214472561e-09,1.227249316e-09,1.239981027e-09,1.252704267e-09,1.265525025e-09,1.278199626e-09,1.290907729e-09,1.303676268e-09,1.316433281e-09,1.329201964e-09,1.341876697e-09,1.354518258e-09,1.367252226e-09,1.378726944e-09]",0.9,000000000000000111111111100000,000000000000011111111110000000,000000000000011111111110000000,000000000000011111111110000000,0,13,22,10,1,1,0,0,0,phi_p04,4,medium_200mv_200ps,0.2,2e-10,1.609387665e-09,6.093876649999999e-10,0,0,0
scenarios/300_glitch_medium_200mv_200ps_phi_m04_o0300_v1p100000000000,capture,1.1,4,0,2.4512626e-10,1.2451262600000001e-09,"[1.069020134e-09,1.088269675e-09,1.107572288e-09,1.12688832e-09,1.146218733e-09,1.16553804e-09,1.184878294e-09,1.204218388e-09,1.223543704e-09,1.242899939e-09,1.26220638e-09,1.281586789e-09,1.300945735e-09,1.320284239e-09,1.339592926e-09,1.358962455e-09,1.378305771e-09,1.397692846e-09,1.417072492e-09,1.436439711e-09,1.455783204e-09,1.475116465e-09,1.494479472e-09,1.513815153e-09,1.533065564e-09,1.55238709e-09,1.571558206e-09,1.590865881e-09,1.610127519e-09,1.633275667e-09]","[1.010558565e-09,1.023283949e-09,1.036022632e-09,1.048775095e-09,1.061550847e-09,1.074298039e-09,1.087076059e-09,1.099810623e-09,1.112560234e-09,1.125318458e-09,1.13806122e-09,1.150811045e-09,1.16354372e-09,1.176295987e-09,1.189044266e-09,1.201730463e-09,1.214472561e-09,1.227249316e-09,1.239981027e-09,1.252668274e-09,1.265454483e-09,1.278205831e-09,1.290939913e-09,1.303683852e-09,1.316408325e-09,1.329149469e-09,1.341826353e-09,1.354621546e-09,1.367362986e-09,1.378790142e-09]",0.9,000000000111111110000000000000,000000011111111000000000000000,000000001111111000000000000000,000000001111111000000000000000,0,8,14,7,1,1,0,0,0,phi_m04,-4,medium_200mv_200ps,0.2,2e-10,1.6231061000000002e-09,6.231061e-10,0,0,0
scenarios/301_glitch_medium_200mv_200ps_phi_m02_o0301_v1p100000000000,capture,1.1,4,0,2.7256313e-10,1.27256313e-09,"[1.069020134e-09,1.088269675e-09,1.107572288e-09,1.12688832e-09,1.146218733e-09,1.16553804e-09,1.184878294e-09,1.204218388e-09,1.223543704e-09,1.242899939e-09,1.26226352e-09,1.281549499e-09,1.300933238e-09,1.320271018e-09,1.339627999e-09,1.358978012e-09,1.378287307e-09,1.397681884e-09,1.417048187e-09,1.436324259e-09,1.455708271e-09,1.474993876e-09,1.49438885e-09,1.513771015e-09,1.533156889e-09,1.552486949e-09,1.57182801e-09,1.591121309e-09,1.610452095e-09,1.633541408e-09]","[1.010558565e-09,1.023283949e-09,1.036022632e-09,1.048775095e-09,1.061550847e-09,1.074298039e-09,1.087076059e-09,1.099810623e-09,1.112560234e-09,1.125318458e-09,1.13806122e-09,1.150811045e-09,1.16354372e-09,1.176295987e-09,1.189044266e-09,1.201730463e-09,1.214472561e-09,1.227249316e-09,1.239981027e-09,1.252704267e-09,1.265525025e-09,1.278131497e-09,1.290912056e-09,1.303691551e-09,1.316428159e-09,1.329160204e-09,1.341909104e-09,1.354637446e-09,1.367389312e-09,1.378818515e-09]",0.9,000000000011111111100000000000,000000000111111110000000000000,000000000111111110000000000000,000000000111111110000000000000,0,9,16,8,1,1,0,0,0,phi_m02,-2,medium_200mv_200ps,0.2,2e-10,1.6231061000000002e-09,6.231061e-10,0,0,0
scenarios/302_glitch_medium_200mv_200ps_phi_p00_o0302_v1p100000000000,capture,1.1,4,0,3e-10,1.3e-09,"[1.069020134e-09,1.088269675e-09,1.107572288e-09,1.12688832e-09,1.146218733e-09,1.16553804e-09,1.184878294e-09,1.204218388e-09,1.223543704e-09,1.242899939e-09,1.26226352e-09,1.281639938e-09,1.300948554e-09,1.320312367e-09,1.339647566e-09,1.358983608e-09,1.378311366e-09,1.397629271e-09,1.416992927e-09,1.436376043e-09,1.455650451e-09,1.474995948e-09,1.494388778e-09,1.513709711e-09,1.533111566e-09,1.552438259e-09,1.571716952e-09,1.590927392e-09,1.610288725e-09,1.633504196e-09]","[1.010558565e-09,1.023283949e-09,1.036022632e-09,1.048775095e-09,1.061550847e-09,1.074298039e-09,1.087076059e-09,1.099810623e-09,1.112560234e-09,1.125318458e-09,1.13806122e-09,1.150811045e-09,1.16354372e-09,1.176295987e-09,1.189044266e-09,1.201730463e-09,1.214472561e-09,1.227249316e-09,1.239981027e-09,1.252704267e-09,1.265525025e-09,1.278199626e-09,1.290907729e-09,1.303574622e-09,1.316385506e-09,1.329155226e-09,1.341877345e-09,1.354592825e-09,1.3673704e-09,1.378848127e-09]",0.9,000000000000111111111000000000,000000000011111111100000000000,000000000011111111100000000000,000000000011111111100000000000,0,10,18,9,1,1,0,0,0,phi_p00,0,medium_200mv_200ps,0.2,2e-10,1.6231061000000002e-09,6.231061e-10,0,0,0
scenarios/303_glitch_medium_200mv_200ps_phi_p02_o0303_v1p100000000000,capture,1.1,4,0,3.2743686999999997e-10,1.32743687e-09,"[1.069020134e-09,1.088269675e-09,1.107572288e-09,1.12688832e-09,1.146218733e-09,1.16553804e-09,1.184878294e-09,1.204218388e-09,1.223543704e-09,1.242899939e-09,1.26226352e-09,1.281639938e-09,1.300963571e-09,1.320313059e-09,1.339660123e-09,1.359020254e-09,1.378372104e-09,1.397705941e-09,1.417043569e-09,1.436322714e-09,1.455696251e-09,1.475020443e-09,1.494216562e-09,1.513572878e-09,1.532877517e-09,1.552230442e-09,1.571488648e-09,1.590840249e-09,1.610135258e-09,1.633187505e-09]","[1.010558565e-09,1.023283949e-09,1.036022632e-09,1.048775095e-09,1.061550847e-09,1.074298039e-09,1.087076059e-09,1.099810623e-09,1.112560234e-09,1.125318458e-09,1.13806122e-09,1.150811045e-09,1.16354372e-09,1.176295987e-09,1.189044266e-09,1.201730463e-09,1.214472561e-09,1.227249316e-09,1.239981027e-09,1.252704267e-09,1.265525025e-09,1.278199626e-09,1.290907729e-09,1.303676268e-09,1.316433281e-09,1.329086842e-09,1.341923152e-09,1.354648641e-09,1.367390392e-09,1.37885432e-09]",0.9,000000000000011111111110000000,000000000000111111111000000000,000000000000111111111000000000,000000000000111111111000000000,0,12,20,9,1,1,0,0,0,phi_p02,2,medium_200mv_200ps,0.2,2e-10,1.6231061000000002e-09,6.231061e-10,0,0,0
scenarios/304_glitch_medium_200mv_200ps_phi_p04_o0304_v1p100000000000,capture,1.1,4,0,3.5487374e-10,1.35487374e-09,"[1.069020134e-09,1.088269675e-09,1.107572288e-09,1.12688832e-09,1.146218733e-09,1.16553804e-09,1.184878294e-09,1.204218388e-09,1.223543704e-09,1.242899939e-09,1.26226352e-09,1.281639938e-09,1.300963571e-09,1.320313059e-09,1.339572386e-09,1.358803181e-09,1.378195554e-09,1.397552445e-09,1.416890294e-09,1.436149893e-09,1.455402896e-09,1.474706222e-09,1.49403302e-09,1.51329753e-09,1.532668519e-09,1.551907514e-09,1.571262085e-09,1.590631468e-09,1.60997411e-09,1.632974243e-09]","[1.010558565e-09,1.023283949e-09,1.036022632e-09,1.048775095e-09,1.061550847e-09,1.074298039e-09,1.087076059e-09,1.099810623e-09,1.112560234e-09,1.125318458e-09,1.13806122e-09,1.150811045e-09,1.16354372e-09,1.176295987e-09,1.189044266e-09,1.201730463e-09,1.214472561e-09,1.227249316e-09,1.239981027e-09,1.252704267e-09,1.265525025e-09,1.278199626e-09,1.290907729e-09,1.303676268e-09,1.316433281e-09,1.329201964e-09,1.341876697e-09,1.354518258e-09,1.367252226e-09,1.378726944e-09]",0.9,000000000000000111111111100000,000000000000011111111110000000,000000000000011111111110000000,000000000000011111111110000000,0,13,22,10,1,1,0,0,0,phi_p04,4,medium_200mv_200ps,0.2,2e-10,1.6231061000000002e-09,6.231061e-10,0,0,0
scenarios/305_glitch_medium_200mv_200ps_phi_m04_o0305_v1p100000000000,capture,1.1,4,0,2.4512626e-10,1.2451262600000001e-09,"[1.069020134e-09,1.088269675e-09,1.107572288e-09,1.12688832e-09,1.146218733e-09,1.16553804e-09,1.184878294e-09,1.204218388e-09,1.223543704e-09,1.242899939e-09,1.26220638e-09,1.281586789e-09,1.300945735e-09,1.320284239e-09,1.339592926e-09,1.358962455e-09,1.378305771e-09,1.397692846e-09,1.417072492e-09,1.436439711e-09,1.455783204e-09,1.475116465e-09,1.494479472e-09,1.513815153e-09,1.533065564e-09,1.55238709e-09,1.571558206e-09,1.590865881e-09,1.610127519e-09,1.6282357e-09]","[1.010558565e-09,1.023283949e-09,1.036022632e-09,1.048775095e-09,1.061550847e-09,1.074298039e-09,1.087076059e-09,1.099810623e-09,1.112560234e-09,1.125318458e-09,1.13806122e-09,1.150811045e-09,1.16354372e-09,1.176295987e-09,1.189044266e-09,1.201730463e-09,1.214472561e-09,1.227249316e-09,1.239981027e-09,1.252668274e-09,1.265454483e-09,1.278205831e-09,1.290939913e-09,1.303683852e-09,1.316408325e-09,1.329149469e-09,1.341826353e-09,1.354621546e-09,1.367362986e-09,1.378790142e-09]",0.9,000000000111111110000000000000,000000011111111000000000000000,000000001111111000000000000000,000000001111111000000000000000,0,8,14,7,1,1,0,0,0,phi_m04,-4,medium_200mv_200ps,0.2,2e-10,1.6368245350000002e-09,6.36824535e-10,0,0,0
scenarios/306_glitch_medium_200mv_200ps_phi_m02_o0306_v1p100000000000,capture,1.1,4,0,2.7256313e-10,1.27256313e-09,"[1.069020134e-09,1.088269675e-09,1.107572288e-09,1.12688832e-09,1.146218733e-09,1.16553804e-09,1.184878294e-09,1.204218388e-09,1.223543704e-09,1.242899939e-09,1.26226352e-09,1.281549499e-09,1.300933238e-09,1.320271018e-09,1.339627999e-09,1.358978012e-09,1.378287307e-09,1.397681884e-09,1.417048187e-09,1.436324259e-09,1.455708271e-09,1.474993876e-09,1.49438885e-09,1.513771015e-09,1.533156889e-09,1.552486949e-09,1.57182801e-09,1.591121309e-09,1.610452095e-09,1.628423556e-09]","[1.010558565e-09,1.023283949e-09,1.036022632e-09,1.048775095e-09,1.061550847e-09,1.074298039e-09,1.087076059e-09,1.099810623e-09,1.112560234e-09,1.125318458e-09,1.13806122e-09,1.150811045e-09,1.16354372e-09,1.176295987e-09,1.189044266e-09,1.201730463e-09,1.214472561e-09,1.227249316e-09,1.239981027e-09,1.252704267e-09,1.265525025e-09,1.278131497e-09,1.290912056e-09,1.303691551e-09,1.316428159e-09,1.329160204e-09,1.341909104e-09,1.354637446e-09,1.367389312e-09,1.378818515e-09]",0.9,000000000011111111100000000000,000000000111111110000000000000,000000000111111110000000000000,000000000111111110000000000000,0,9,16,8,1,1,0,0,0,phi_m02,-2,medium_200mv_200ps,0.2,2e-10,1.6368245350000002e-09,6.36824535e-10,0,0,0
scenarios/307_glitch_medium_200mv_200ps_phi_p00_o0307_v1p100000000000,capture,1.1,4,0,3e-10,1.3e-09,"[1.069020134e-09,1.088269675e-09,1.107572288e-09,1.12688832e-09,1.146218733e-09,1.16553804e-09,1.184878294e-09,1.204218388e-09,1.223543704e-09,1.242899939e-09,1.26226352e-09,1.281639938e-09,1.300948554e-09,1.320312367e-09,1.339647566e-09,1.358983608e-09,1.378311366e-09,1.397629271e-09,1.416992927e-09,1.436376043e-09,1.455650451e-09,1.474995948e-09,1.494388778e-09,1.513709711e-09,1.533111566e-09,1.552438259e-09,1.571716952e-09,1.590927392e-09,1.610288725e-09,1.628390173e-09]","[1.010558565e-09,1.023283949e-09,1.036022632e-09,1.048775095e-09,1.061550847e-09,1.074298039e-09,1.087076059e-09,1.099810623e-09,1.112560234e-09,1.125318458e-09,1.13806122e-09,1.150811045e-09,1.16354372e-09,1.176295987e-09,1.189044266e-09,1.201730463e-09,1.214472561e-09,1.227249316e-09,1.239981027e-09,1.252704267e-09,1.265525025e-09,1.278199626e-09,1.290907729e-09,1.303574622e-09,1.316385506e-09,1.329155226e-09,1.341877345e-09,1.354592825e-09,1.3673704e-09,1.378848127e-09]",0.9,000000000000111111111000000000,000000000011111111100000000000,000000000011111111100000000000,000000000011111111100000000000,0,10,18,9,1,1,0,0,0,phi_p00,0,medium_200mv_200ps,0.2,2e-10,1.6368245350000002e-09,6.36824535e-10,0,0,0
scenarios/308_glitch_medium_200mv_200ps_phi_p02_o0308_v1p100000000000,capture,1.1,4,0,3.2743686999999997e-10,1.32743687e-09,"[1.069020134e-09,1.088269675e-09,1.107572288e-09,1.12688832e-09,1.146218733e-09,1.16553804e-09,1.184878294e-09,1.204218388e-09,1.223543704e-09,1.242899939e-09,1.26226352e-09,1.281639938e-09,1.300963571e-09,1.320313059e-09,1.339660123e-09,1.359020254e-09,1.378372104e-09,1.397705941e-09,1.417043569e-09,1.436322714e-09,1.455696251e-09,1.475020443e-09,1.494216562e-09,1.513572878e-09,1.532877517e-09,1.552230442e-09,1.571488648e-09,1.590840249e-09,1.610135258e-09,1.628156255e-09]","[1.010558565e-09,1.023283949e-09,1.036022632e-09,1.048775095e-09,1.061550847e-09,1.074298039e-09,1.087076059e-09,1.099810623e-09,1.112560234e-09,1.125318458e-09,1.13806122e-09,1.150811045e-09,1.16354372e-09,1.176295987e-09,1.189044266e-09,1.201730463e-09,1.214472561e-09,1.227249316e-09,1.239981027e-09,1.252704267e-09,1.265525025e-09,1.278199626e-09,1.290907729e-09,1.303676268e-09,1.316433281e-09,1.329086842e-09,1.341923152e-09,1.354648641e-09,1.367390392e-09,1.37885432e-09]",0.9,000000000000011111111110000000,000000000000111111111000000000,000000000000111111111000000000,000000000000111111111000000000,0,12,20,9,1,1,0,0,0,phi_p02,2,medium_200mv_200ps,0.2,2e-10,1.6368245350000002e-09,6.36824535e-10,0,0,0
scenarios/309_glitch_medium_200mv_200ps_phi_p04_o0309_v1p100000000000,capture,1.1,4,0,3.5487374e-10,1.35487374e-09,"[1.069020134e-09,1.088269675e-09,1.107572288e-09,1.12688832e-09,1.146218733e-09,1.16553804e-09,1.184878294e-09,1.204218388e-09,1.223543704e-09,1.242899939e-09,1.26226352e-09,1.281639938e-09,1.300963571e-09,1.320313059e-09,1.339572386e-09,1.358803181e-09,1.378195554e-09,1.397552445e-09,1.416890294e-09,1.436149893e-09,1.455402896e-09,1.474706222e-09,1.49403302e-09,1.51329753e-09,1.532668519e-09,1.551907514e-09,1.571262085e-09,1.590631468e-09,1.60997411e-09,1.628072725e-09]","[1.010558565e-09,1.023283949e-09,1.036022632e-09,1.048775095e-09,1.061550847e-09,1.074298039e-09,1.087076059e-09,1.099810623e-09,1.112560234e-09,1.125318458e-09,1.13806122e-09,1.150811045e-09,1.16354372e-09,1.176295987e-09,1.189044266e-09,1.201730463e-09,1.214472561e-09,1.227249316e-09,1.239981027e-09,1.252704267e-09,1.265525025e-09,1.278199626e-09,1.290907729e-09,1.303676268e-09,1.316433281e-09,1.329201964e-09,1.341876697e-09,1.354518258e-09,1.367252226e-09,1.378726944e-09]",0.9,000000000000000111111111100000,000000000000011111111110000000,000000000000011111111110000000,000000000000011111111110000000,0,13,22,10,1,1,0,0,0,phi_p04,4,medium_200mv_200ps,0.2,2e-10,1.6368245350000002e-09,6.36824535e-10,0,0,0
scenarios/310_glitch_medium_200mv_200ps_phi_m04_o0310_v1p100000000000,capture,1.1,4,0,2.4512626e-10,1.2451262600000001e-09,"[1.069020134e-09,1.088269675e-09,1.107572288e-09,1.12688832e-09,1.146218733e-09,1.16553804e-09,1.184878294e-09,1.204218388e-09,1.223543704e-09,1.242899939e-09,1.26220638e-09,1.281586789e-09,1.300945735e-09,1.320284239e-09,1.339592926e-09,1.358962455e-09,1.378305771e-09,1.397692846e-09,1.417072492e-09,1.436439711e-09,1.455783204e-09,1.475116465e-09,1.494479472e-09,1.513815153e-09,1.533065564e-09,1.55238709e-09,1.571558206e-09,1.590865881e-09,1.610127519e-09,1.6282357e-09]","[1.010558565e-09,1.023283949e-09,1.036022632e-09,1.048775095e-09,1.061550847e-09,1.074298039e-09,1.087076059e-09,1.099810623e-09,1.112560234e-09,1.125318458e-09,1.13806122e-09,1.150811045e-09,1.16354372e-09,1.176295987e-09,1.189044266e-09,1.201730463e-09,1.214472561e-09,1.227249316e-09,1.239981027e-09,1.252668274e-09,1.265454483e-09,1.278205831e-09,1.290939913e-09,1.303683852e-09,1.316408325e-09,1.329149469e-09,1.341826353e-09,1.354621546e-09,1.367362986e-09,1.378790142e-09]",0.9,000000000111111110000000000000,000000011111111000000000000000,000000001111111000000000000000,000000001111111000000000000000,0,8,14,7,1,1,0,0,0,phi_m04,-4,medium_200mv_200ps,0.2,2e-10,1.6505429700000002e-09,6.5054297e-10,0,0,0
scenarios/311_glitch_medium_200mv_200ps_phi_m02_o0311_v1p100000000000,capture,1.1,4,0,2.7256313e-10,1.27256313e-09,"[1.069020134e-09,1.088269675e-09,1.107572288e-09,1.12688832e-09,1.146218733e-09,1.16553804e-09,1.184878294e-09,1.204218388e-09,1.223543704e-09,1.242899939e-09,1.26226352e-09,1.281549499e-09,1.300933238e-09,1.320271018e-09,1.339627999e-09,1.358978012e-09,1.378287307e-09,1.397681884e-09,1.417048187e-09,1.436324259e-09,1.455708271e-09,1.474993876e-09,1.49438885e-09,1.513771015e-09,1.533156889e-09,1.552486949e-09,1.57182801e-09,1.591121309e-09,1.610452095e-09,1.628423556e-09]","[1.010558565e-09,1.023283949e-09,1.036022632e-09,1.048775095e-09,1.061550847e-09,1.074298039e-09,1.087076059e-09,1.099810623e-09,1.112560234e-09,1.125318458e-09,1.13806122e-09,1.150811045e-09,1.16354372e-09,1.176295987e-09,1.189044266e-09,1.201730463e-09,1.214472561e-09,1.227249316e-09,1.239981027e-09,1.252704267e-09,1.265525025e-09,1.278131497e-09,1.290912056e-09,1.303691551e-09,1.316428159e-09,1.329160204e-09,1.341909104e-09,1.354637446e-09,1.367389312e-09,1.378818515e-09]",0.9,000000000011111111100000000000,000000000111111110000000000000,000000000111111110000000000000,000000000111111110000000000000,0,9,16,8,1,1,0,0,0,phi_m02,-2,medium_200mv_200ps,0.2,2e-10,1.6505429700000002e-09,6.5054297e-10,0,0,0
scenarios/312_glitch_medium_200mv_200ps_phi_p00_o0312_v1p100000000000,capture,1.1,4,0,3e-10,1.3e-09,"[1.069020134e-09,1.088269675e-09,1.107572288e-09,1.12688832e-09,1.146218733e-09,1.16553804e-09,1.184878294e-09,1.204218388e-09,1.223543704e-09,1.242899939e-09,1.26226352e-09,1.281639938e-09,1.300948554e-09,1.320312367e-09,1.339647566e-09,1.358983608e-09,1.378311366e-09,1.397629271e-09,1.416992927e-09,1.436376043e-09,1.455650451e-09,1.474995948e-09,1.494388778e-09,1.513709711e-09,1.533111566e-09,1.552438259e-09,1.571716952e-09,1.590927392e-09,1.610288725e-09,1.628390173e-09]","[1.010558565e-09,1.023283949e-09,1.036022632e-09,1.048775095e-09,1.061550847e-09,1.074298039e-09,1.087076059e-09,1.099810623e-09,1.112560234e-09,1.125318458e-09,1.13806122e-09,1.150811045e-09,1.16354372e-09,1.176295987e-09,1.189044266e-09,1.201730463e-09,1.214472561e-09,1.227249316e-09,1.239981027e-09,1.252704267e-09,1.265525025e-09,1.278199626e-09,1.290907729e-09,1.303574622e-09,1.316385506e-09,1.329155226e-09,1.341877345e-09,1.354592825e-09,1.3673704e-09,1.378848127e-09]",0.9,000000000000111111111000000000,000000000011111111100000000000,000000000011111111100000000000,000000000011111111100000000000,0,10,18,9,1,1,0,0,0,phi_p00,0,medium_200mv_200ps,0.2,2e-10,1.6505429700000002e-09,6.5054297e-10,0,0,0
scenarios/313_glitch_medium_200mv_200ps_phi_p02_o0313_v1p100000000000,capture,1.1,4,0,3.2743686999999997e-10,1.32743687e-09,"[1.069020134e-09,1.088269675e-09,1.107572288e-09,1.12688832e-09,1.146218733e-09,1.16553804e-09,1.184878294e-09,1.204218388e-09,1.223543704e-09,1.242899939e-09,1.26226352e-09,1.281639938e-09,1.300963571e-09,1.320313059e-09,1.339660123e-09,1.359020254e-09,1.378372104e-09,1.397705941e-09,1.417043569e-09,1.436322714e-09,1.455696251e-09,1.475020443e-09,1.494216562e-09,1.513572878e-09,1.532877517e-09,1.552230442e-09,1.571488648e-09,1.590840249e-09,1.610135258e-09,1.628156255e-09]","[1.010558565e-09,1.023283949e-09,1.036022632e-09,1.048775095e-09,1.061550847e-09,1.074298039e-09,1.087076059e-09,1.099810623e-09,1.112560234e-09,1.125318458e-09,1.13806122e-09,1.150811045e-09,1.16354372e-09,1.176295987e-09,1.189044266e-09,1.201730463e-09,1.214472561e-09,1.227249316e-09,1.239981027e-09,1.252704267e-09,1.265525025e-09,1.278199626e-09,1.290907729e-09,1.303676268e-09,1.316433281e-09,1.329086842e-09,1.341923152e-09,1.354648641e-09,1.367390392e-09,1.37885432e-09]",0.9,000000000000011111111110000000,000000000000111111111000000000,000000000000111111111000000000,000000000000111111111000000000,0,12,20,9,1,1,0,0,0,phi_p02,2,medium_200mv_200ps,0.2,2e-10,1.6505429700000002e-09,6.5054297e-10,0,0,0
scenarios/314_glitch_medium_200mv_200ps_phi_p04_o0314_v1p100000000000,capture,1.1,4,0,3.5487374e-10,1.35487374e-09,"[1.069020134e-09,1.088269675e-09,1.107572288e-09,1.12688832e-09,1.146218733e-09,1.16553804e-09,1.184878294e-09,1.204218388e-09,1.223543704e-09,1.242899939e-09,1.26226352e-09,1.281639938e-09,1.300963571e-09,1.320313059e-09,1.339572386e-09,1.358803181e-09,1.378195554e-09,1.397552445e-09,1.416890294e-09,1.436149893e-09,1.455402896e-09,1.474706222e-09,1.49403302e-09,1.51329753e-09,1.532668519e-09,1.551907514e-09,1.571262085e-09,1.590631468e-09,1.60997411e-09,1.628072725e-09]","[1.010558565e-09,1.023283949e-09,1.036022632e-09,1.048775095e-09,1.061550847e-09,1.074298039e-09,1.087076059e-09,1.099810623e-09,1.112560234e-09,1.125318458e-09,1.13806122e-09,1.150811045e-09,1.16354372e-09,1.176295987e-09,1.189044266e-09,1.201730463e-09,1.214472561e-09,1.227249316e-09,1.239981027e-09,1.252704267e-09,1.265525025e-09,1.278199626e-09,1.290907729e-09,1.303676268e-09,1.316433281e-09,1.329201964e-09,1.341876697e-09,1.354518258e-09,1.367252226e-09,1.378726944e-09]",0.9,000000000000000111111111100000,000000000000011111111110000000,000000000000011111111110000000,000000000000011111111110000000,0,13,22,10,1,1,0,0,0,phi_p04,4,medium_200mv_200ps,0.2,2e-10,1.6505429700000002e-09,6.5054297e-10,0,0,0
scenarios/315_glitch_medium_200mv_200ps_phi_m04_o0315_v1p100000000000,capture,1.1,4,0,2.4512626e-10,1.2451262600000001e-09,"[1.069020134e-09,1.088269675e-09,1.107572288e-09,1.12688832e-09,1.146218733e-09,1.16553804e-09,1.184878294e-09,1.204218388e-09,1.223543704e-09,1.242899939e-09,1.26220638e-09,1.281586789e-09,1.300945735e-09,1.320284239e-09,1.339592926e-09,1.358962455e-09,1.378305771e-09,1.397692846e-09,1.417072492e-09,1.436439711e-09,1.455783204e-09,1.475116465e-09,1.494479472e-09,1.513815153e-09,1.533065564e-09,1.55238709e-09,1.571558206e-09,1.590865881e-09,1.610127519e-09,1.6282357e-09]","[1.010558565e-09,1.023283949e-09,1.036022632e-09,1.048775095e-09,1.061550847e-09,1.074298039e-09,1.087076059e-09,1.099810623e-09,1.112560234e-09,1.125318458e-09,1.13806122e-09,1.150811045e-09,1.16354372e-09,1.176295987e-09,1.189044266e-09,1.201730463e-09,1.214472561e-09,1.227249316e-09,1.239981027e-09,1.252668274e-09,1.265454483e-09,1.278205831e-09,1.290939913e-09,1.303683852e-09,1.316408325e-09,1.329149469e-09,1.341826353e-09,1.354621546e-09,1.367362986e-09,1.378790142e-09]",0.9,000000000111111110000000000000,000000011111111000000000000000,000000001111111000000000000000,000000001111111000000000000000,0,8,14,7,1,1,0,0,0,phi_m04,-4,medium_200mv_200ps,0.2,2e-10,1.6642614050000002e-09,6.64261405e-10,0,0,0
scenarios/316_glitch_medium_200mv_200ps_phi_m02_o0316_v1p100000000000,capture,1.1,4,0,2.7256313e-10,1.27256313e-09,"[1.069020134e-09,1.088269675e-09,1.107572288e-09,1.12688832e-09,1.146218733e-09,1.16553804e-09,1.184878294e-09,1.204218388e-09,1.223543704e-09,1.242899939e-09,1.26226352e-09,1.281549499e-09,1.300933238e-09,1.320271018e-09,1.339627999e-09,1.358978012e-09,1.378287307e-09,1.397681884e-09,1.417048187e-09,1.436324259e-09,1.455708271e-09,1.474993876e-09,1.49438885e-09,1.513771015e-09,1.533156889e-09,1.552486949e-09,1.57182801e-09,1.591121309e-09,1.610452095e-09,1.628423556e-09]","[1.010558565e-09,1.023283949e-09,1.036022632e-09,1.048775095e-09,1.061550847e-09,1.074298039e-09,1.087076059e-09,1.099810623e-09,1.112560234e-09,1.125318458e-09,1.13806122e-09,1.150811045e-09,1.16354372e-09,1.176295987e-09,1.189044266e-09,1.201730463e-09,1.214472561e-09,1.227249316e-09,1.239981027e-09,1.252704267e-09,1.265525025e-09,1.278131497e-09,1.290912056e-09,1.303691551e-09,1.316428159e-09,1.329160204e-09,1.341909104e-09,1.354637446e-09,1.367389312e-09,1.378818515e-09]",0.9,000000000011111111100000000000,000000000111111110000000000000,000000000111111110000000000000,000000000111111110000000000000,0,9,16,8,1,1,0,0,0,phi_m02,-2,medium_200mv_200ps,0.2,2e-10,1.6642614050000002e-09,6.64261405e-10,0,0,0
scenarios/317_glitch_medium_200mv_200ps_phi_p00_o0317_v1p100000000000,capture,1.1,4,0,3e-10,1.3e-09,"[1.069020134e-09,1.088269675e-09,1.107572288e-09,1.12688832e-09,1.146218733e-09,1.16553804e-09,1.184878294e-09,1.204218388e-09,1.223543704e-09,1.242899939e-09,1.26226352e-09,1.281639938e-09,1.300948554e-09,1.320312367e-09,1.339647566e-09,1.358983608e-09,1.378311366e-09,1.397629271e-09,1.416992927e-09,1.436376043e-09,1.455650451e-09,1.474995948e-09,1.494388778e-09,1.513709711e-09,1.533111566e-09,1.552438259e-09,1.571716952e-09,1.590927392e-09,1.610288725e-09,1.628390173e-09]","[1.010558565e-09,1.023283949e-09,1.036022632e-09,1.048775095e-09,1.061550847e-09,1.074298039e-09,1.087076059e-09,1.099810623e-09,1.112560234e-09,1.125318458e-09,1.13806122e-09,1.150811045e-09,1.16354372e-09,1.176295987e-09,1.189044266e-09,1.201730463e-09,1.214472561e-09,1.227249316e-09,1.239981027e-09,1.252704267e-09,1.265525025e-09,1.278199626e-09,1.290907729e-09,1.303574622e-09,1.316385506e-09,1.329155226e-09,1.341877345e-09,1.354592825e-09,1.3673704e-09,1.378848127e-09]",0.9,000000000000111111111000000000,000000000011111111100000000000,000000000011111111100000000000,000000000011111111100000000000,0,10,18,9,1,1,0,0,0,phi_p00,0,medium_200mv_200ps,0.2,2e-10,1.6642614050000002e-09,6.64261405e-10,0,0,0
scenarios/318_glitch_medium_200mv_200ps_phi_p02_o0318_v1p100000000000,capture,1.1,4,0,3.2743686999999997e-10,1.32743687e-09,"[1.069020134e-09,1.088269675e-09,1.107572288e-09,1.12688832e-09,1.146218733e-09,1.16553804e-09,1.184878294e-09,1.204218388e-09,1.223543704e-09,1.242899939e-09,1.26226352e-09,1.281639938e-09,1.300963571e-09,1.320313059e-09,1.339660123e-09,1.359020254e-09,1.378372104e-09,1.397705941e-09,1.417043569e-09,1.436322714e-09,1.455696251e-09,1.475020443e-09,1.494216562e-09,1.513572878e-09,1.532877517e-09,1.552230442e-09,1.571488648e-09,1.590840249e-09,1.610135258e-09,1.628156255e-09]","[1.010558565e-09,1.023283949e-09,1.036022632e-09,1.048775095e-09,1.061550847e-09,1.074298039e-09,1.087076059e-09,1.099810623e-09,1.112560234e-09,1.125318458e-09,1.13806122e-09,1.150811045e-09,1.16354372e-09,1.176295987e-09,1.189044266e-09,1.201730463e-09,1.214472561e-09,1.227249316e-09,1.239981027e-09,1.252704267e-09,1.265525025e-09,1.278199626e-09,1.290907729e-09,1.303676268e-09,1.316433281e-09,1.329086842e-09,1.341923152e-09,1.354648641e-09,1.367390392e-09,1.37885432e-09]",0.9,000000000000011111111110000000,000000000000111111111000000000,000000000000111111111000000000,000000000000111111111000000000,0,12,20,9,1,1,0,0,0,phi_p02,2,medium_200mv_200ps,0.2,2e-10,1.6642614050000002e-09,6.64261405e-10,0,0,0
scenarios/319_glitch_medium_200mv_200ps_phi_p04_o0319_v1p100000000000,capture,1.1,4,0,3.5487374e-10,1.35487374e-09,"[1.069020134e-09,1.088269675e-09,1.107572288e-09,1.12688832e-09,1.146218733e-09,1.16553804e-09,1.184878294e-09,1.204218388e-09,1.223543704e-09,1.242899939e-09,1.26226352e-09,1.281639938e-09,1.300963571e-09,1.320313059e-09,1.339572386e-09,1.358803181e-09,1.378195554e-09,1.397552445e-09,1.416890294e-09,1.436149893e-09,1.455402896e-09,1.474706222e-09,1.49403302e-09,1.51329753e-09,1.532668519e-09,1.551907514e-09,1.571262085e-09,1.590631468e-09,1.60997411e-09,1.628072725e-09]","[1.010558565e-09,1.023283949e-09,1.036022632e-09,1.048775095e-09,1.061550847e-09,1.074298039e-09,1.087076059e-09,1.099810623e-09,1.112560234e-09,1.125318458e-09,1.13806122e-09,1.150811045e-09,1.16354372e-09,1.176295987e-09,1.189044266e-09,1.201730463e-09,1.214472561e-09,1.227249316e-09,1.239981027e-09,1.252704267e-09,1.265525025e-09,1.278199626e-09,1.290907729e-09,1.303676268e-09,1.316433281e-09,1.329201964e-09,1.341876697e-09,1.354518258e-09,1.367252226e-09,1.378726944e-09]",0.9,000000000000000111111111100000,000000000000011111111110000000,000000000000011111111110000000,000000000000011111111110000000,0,13,22,10,1,1,0,0,0,phi_p04,4,medium_200mv_200ps,0.2,2e-10,1.6642614050000002e-09,6.64261405e-10,0,0,0
scenarios/320_glitch_medium_200mv_200ps_phi_m04_o0320_v1p100000000000,capture,1.1,4,0,2.4512626e-10,1.2451262600000001e-09,"[1.069020134e-09,1.088269675e-09,1.107572288e-09,1.12688832e-09,1.146218733e-09,1.16553804e-09,1.184878294e-09,1.204218388e-09,1.223543704e-09,1.242899939e-09,1.26220638e-09,1.281586789e-09,1.300945735e-09,1.320284239e-09,1.339592926e-09,1.358962455e-09,1.378305771e-09,1.397692846e-09,1.417072492e-09,1.436439711e-09,1.455783204e-09,1.475116465e-09,1.494479472e-09,1.513815153e-09,1.533065564e-09,1.55238709e-09,1.571558206e-09,1.590865881e-09,1.610127519e-09,1.6282357e-09]","[1.010558565e-09,1.023283949e-09,1.036022632e-09,1.048775095e-09,1.061550847e-09,1.074298039e-09,1.087076059e-09,1.099810623e-09,1.112560234e-09,1.125318458e-09,1.13806122e-09,1.150811045e-09,1.16354372e-09,1.176295987e-09,1.189044266e-09,1.201730463e-09,1.214472561e-09,1.227249316e-09,1.239981027e-09,1.252668274e-09,1.265454483e-09,1.278205831e-09,1.290939913e-09,1.303683852e-09,1.316408325e-09,1.329149469e-09,1.341826353e-09,1.354621546e-09,1.367362986e-09,1.378790142e-09]",0.9,000000000111111110000000000000,000000011111111000000000000000,000000001111111000000000000000,000000001111111000000000000000,0,8,14,7,1,1,0,0,0,phi_m04,-4,medium_200mv_200ps,0.2,2e-10,1.6779798400000001e-09,6.7797984e-10,0,0,0
scenarios/321_glitch_medium_200mv_200ps_phi_m02_o0321_v1p100000000000,capture,1.1,4,0,2.7256313e-10,1.27256313e-09,"[1.069020134e-09,1.088269675e-09,1.107572288e-09,1.12688832e-09,1.146218733e-09,1.16553804e-09,1.184878294e-09,1.204218388e-09,1.223543704e-09,1.242899939e-09,1.26226352e-09,1.281549499e-09,1.300933238e-09,1.320271018e-09,1.339627999e-09,1.358978012e-09,1.378287307e-09,1.397681884e-09,1.417048187e-09,1.436324259e-09,1.455708271e-09,1.474993876e-09,1.49438885e-09,1.513771015e-09,1.533156889e-09,1.552486949e-09,1.57182801e-09,1.591121309e-09,1.610452095e-09,1.628423556e-09]","[1.010558565e-09,1.023283949e-09,1.036022632e-09,1.048775095e-09,1.061550847e-09,1.074298039e-09,1.087076059e-09,1.099810623e-09,1.112560234e-09,1.125318458e-09,1.13806122e-09,1.150811045e-09,1.16354372e-09,1.176295987e-09,1.189044266e-09,1.201730463e-09,1.214472561e-09,1.227249316e-09,1.239981027e-09,1.252704267e-09,1.265525025e-09,1.278131497e-09,1.290912056e-09,1.303691551e-09,1.316428159e-09,1.329160204e-09,1.341909104e-09,1.354637446e-09,1.367389312e-09,1.378818515e-09]",0.9,000000000011111111100000000000,000000000111111110000000000000,000000000111111110000000000000,000000000111111110000000000000,0,9,16,8,1,1,0,0,0,phi_m02,-2,medium_200mv_200ps,0.2,2e-10,1.6779798400000001e-09,6.7797984e-10,0,0,0
scenarios/322_glitch_medium_200mv_200ps_phi_p00_o0322_v1p100000000000,capture,1.1,4,0,3e-10,1.3e-09,"[1.069020134e-09,1.088269675e-09,1.107572288e-09,1.12688832e-09,1.146218733e-09,1.16553804e-09,1.184878294e-09,1.204218388e-09,1.223543704e-09,1.242899939e-09,1.26226352e-09,1.281639938e-09,1.300948554e-09,1.320312367e-09,1.339647566e-09,1.358983608e-09,1.378311366e-09,1.397629271e-09,1.416992927e-09,1.436376043e-09,1.455650451e-09,1.474995948e-09,1.494388778e-09,1.513709711e-09,1.533111566e-09,1.552438259e-09,1.571716952e-09,1.590927392e-09,1.610288725e-09,1.628390173e-09]","[1.010558565e-09,1.023283949e-09,1.036022632e-09,1.048775095e-09,1.061550847e-09,1.074298039e-09,1.087076059e-09,1.099810623e-09,1.112560234e-09,1.125318458e-09,1.13806122e-09,1.150811045e-09,1.16354372e-09,1.176295987e-09,1.189044266e-09,1.201730463e-09,1.214472561e-09,1.227249316e-09,1.239981027e-09,1.252704267e-09,1.265525025e-09,1.278199626e-09,1.290907729e-09,1.303574622e-09,1.316385506e-09,1.329155226e-09,1.341877345e-09,1.354592825e-09,1.3673704e-09,1.378848127e-09]",0.9,000000000000111111111000000000,000000000011111111100000000000,000000000011111111100000000000,000000000011111111100000000000,0,10,18,9,1,1,0,0,0,phi_p00,0,medium_200mv_200ps,0.2,2e-10,1.6779798400000001e-09,6.7797984e-10,0,0,0
scenarios/323_glitch_medium_200mv_200ps_phi_p02_o0323_v1p100000000000,capture,1.1,4,0,3.2743686999999997e-10,1.32743687e-09,"[1.069020134e-09,1.088269675e-09,1.107572288e-09,1.12688832e-09,1.146218733e-09,1.16553804e-09,1.184878294e-09,1.204218388e-09,1.223543704e-09,1.242899939e-09,1.26226352e-09,1.281639938e-09,1.300963571e-09,1.320313059e-09,1.339660123e-09,1.359020254e-09,1.378372104e-09,1.397705941e-09,1.417043569e-09,1.436322714e-09,1.455696251e-09,1.475020443e-09,1.494216562e-09,1.513572878e-09,1.532877517e-09,1.552230442e-09,1.571488648e-09,1.590840249e-09,1.610135258e-09,1.628156255e-09]","[1.010558565e-09,1.023283949e-09,1.036022632e-09,1.048775095e-09,1.061550847e-09,1.074298039e-09,1.087076059e-09,1.099810623e-09,1.112560234e-09,1.125318458e-09,1.13806122e-09,1.150811045e-09,1.16354372e-09,1.176295987e-09,1.189044266e-09,1.201730463e-09,1.214472561e-09,1.227249316e-09,1.239981027e-09,1.252704267e-09,1.265525025e-09,1.278199626e-09,1.290907729e-09,1.303676268e-09,1.316433281e-09,1.329086842e-09,1.341923152e-09,1.354648641e-09,1.367390392e-09,1.37885432e-09]",0.9,000000000000011111111110000000,000000000000111111111000000000,000000000000111111111000000000,000000000000111111111000000000,0,12,20,9,1,1,0,0,0,phi_p02,2,medium_200mv_200ps,0.2,2e-10,1.6779798400000001e-09,6.7797984e-10,0,0,0
scenarios/324_glitch_medium_200mv_200ps_phi_p04_o0324_v1p100000000000,capture,1.1,4,0,3.5487374e-10,1.35487374e-09,"[1.069020134e-09,1.088269675e-09,1.107572288e-09,1.12688832e-09,1.146218733e-09,1.16553804e-09,1.184878294e-09,1.204218388e-09,1.223543704e-09,1.242899939e-09,1.26226352e-09,1.281639938e-09,1.300963571e-09,1.320313059e-09,1.339572386e-09,1.358803181e-09,1.378195554e-09,1.397552445e-09,1.416890294e-09,1.436149893e-09,1.455402896e-09,1.474706222e-09,1.49403302e-09,1.51329753e-09,1.532668519e-09,1.551907514e-09,1.571262085e-09,1.590631468e-09,1.60997411e-09,1.628072725e-09]","[1.010558565e-09,1.023283949e-09,1.036022632e-09,1.048775095e-09,1.061550847e-09,1.074298039e-09,1.087076059e-09,1.099810623e-09,1.112560234e-09,1.125318458e-09,1.13806122e-09,1.150811045e-09,1.16354372e-09,1.176295987e-09,1.189044266e-09,1.201730463e-09,1.214472561e-09,1.227249316e-09,1.239981027e-09,1.252704267e-09,1.265525025e-09,1.278199626e-09,1.290907729e-09,1.303676268e-09,1.316433281e-09,1.329201964e-09,1.341876697e-09,1.354518258e-09,1.367252226e-09,1.378726944e-09]",0.9,000000000000000111111111100000,000000000000011111111110000000,000000000000011111111110000000,000000000000011111111110000000,0,13,22,10,1,1,0,0,0,phi_p04,4,medium_200mv_200ps,0.2,2e-10,1.6779798400000001e-09,6.7797984e-10,0,0,0
scenarios/325_glitch_medium_200mv_200ps_phi_m04_o0325_v1p100000000000,capture,1.1,4,0,2.4512626e-10,1.2451262600000001e-09,"[1.069020134e-09,1.088269675e-09,1.107572288e-09,1.12688832e-09,1.146218733e-09,1.16553804e-09,1.184878294e-09,1.204218388e-09,1.223543704e-09,1.242899939e-09,1.26220638e-09,1.281586789e-09,1.300945735e-09,1.320284239e-09,1.339592926e-09,1.358962455e-09,1.378305771e-09,1.397692846e-09,1.417072492e-09,1.436439711e-09,1.455783204e-09,1.475116465e-09,1.494479472e-09,1.513815153e-09,1.533065564e-09,1.55238709e-09,1.571558206e-09,1.590865881e-09,1.610127519e-09,1.6282357e-09]","[1.010558565e-09,1.023283949e-09,1.036022632e-09,1.048775095e-09,1.061550847e-09,1.074298039e-09,1.087076059e-09,1.099810623e-09,1.112560234e-09,1.125318458e-09,1.13806122e-09,1.150811045e-09,1.16354372e-09,1.176295987e-09,1.189044266e-09,1.201730463e-09,1.214472561e-09,1.227249316e-09,1.239981027e-09,1.252668274e-09,1.265454483e-09,1.278205831e-09,1.290939913e-09,1.303683852e-09,1.316408325e-09,1.329149469e-09,1.341826353e-09,1.354621546e-09,1.367362986e-09,1.378790142e-09]",0.9,000000000111111110000000000000,000000011111111000000000000000,000000001111111000000000000000,000000001111111000000000000000,0,8,14,7,1,1,0,0,0,phi_m04,-4,medium_200mv_200ps,0.2,2e-10,1.6916982750000001e-09,6.91698275e-10,0,0,0
scenarios/326_glitch_medium_200mv_200ps_phi_m02_o0326_v1p100000000000,capture,1.1,4,0,2.7256313e-10,1.27256313e-09,"[1.069020134e-09,1.088269675e-09,1.107572288e-09,1.12688832e-09,1.146218733e-09,1.16553804e-09,1.184878294e-09,1.204218388e-09,1.223543704e-09,1.242899939e-09,1.26226352e-09,1.281549499e-09,1.300933238e-09,1.320271018e-09,1.339627999e-09,1.358978012e-09,1.378287307e-09,1.397681884e-09,1.417048187e-09,1.436324259e-09,1.455708271e-09,1.474993876e-09,1.49438885e-09,1.513771015e-09,1.533156889e-09,1.552486949e-09,1.57182801e-09,1.591121309e-09,1.610452095e-09,1.628423556e-09]","[1.010558565e-09,1.023283949e-09,1.036022632e-09,1.048775095e-09,1.061550847e-09,1.074298039e-09,1.087076059e-09,1.099810623e-09,1.112560234e-09,1.125318458e-09,1.13806122e-09,1.150811045e-09,1.16354372e-09,1.176295987e-09,1.189044266e-09,1.201730463e-09,1.214472561e-09,1.227249316e-09,1.239981027e-09,1.252704267e-09,1.265525025e-09,1.278131497e-09,1.290912056e-09,1.303691551e-09,1.316428159e-09,1.329160204e-09,1.341909104e-09,1.354637446e-09,1.367389312e-09,1.378818515e-09]",0.9,000000000011111111100000000000,000000000111111110000000000000,000000000111111110000000000000,000000000111111110000000000000,0,9,16,8,1,1,0,0,0,phi_m02,-2,medium_200mv_200ps,0.2,2e-10,1.6916982750000001e-09,6.91698275e-10,0,0,0
scenarios/327_glitch_medium_200mv_200ps_phi_p00_o0327_v1p100000000000,capture,1.1,4,0,3e-10,1.3e-09,"[1.069020134e-09,1.088269675e-09,1.107572288e-09,1.12688832e-09,1.146218733e-09,1.16553804e-09,1.184878294e-09,1.204218388e-09,1.223543704e-09,1.242899939e-09,1.26226352e-09,1.281639938e-09,1.300948554e-09,1.320312367e-09,1.339647566e-09,1.358983608e-09,1.378311366e-09,1.397629271e-09,1.416992927e-09,1.436376043e-09,1.455650451e-09,1.474995948e-09,1.494388778e-09,1.513709711e-09,1.533111566e-09,1.552438259e-09,1.571716952e-09,1.590927392e-09,1.610288725e-09,1.628390173e-09]","[1.010558565e-09,1.023283949e-09,1.036022632e-09,1.048775095e-09,1.061550847e-09,1.074298039e-09,1.087076059e-09,1.099810623e-09,1.112560234e-09,1.125318458e-09,1.13806122e-09,1.150811045e-09,1.16354372e-09,1.176295987e-09,1.189044266e-09,1.201730463e-09,1.214472561e-09,1.227249316e-09,1.239981027e-09,1.252704267e-09,1.265525025e-09,1.278199626e-09,1.290907729e-09,1.303574622e-09,1.316385506e-09,1.329155226e-09,1.341877345e-09,1.354592825e-09,1.3673704e-09,1.378848127e-09]",0.9,000000000000111111111000000000,000000000011111111100000000000,000000000011111111100000000000,000000000011111111100000000000,0,10,18,9,1,1,0,0,0,phi_p00,0,medium_200mv_200ps,0.2,2e-10,1.6916982750000001e-09,6.91698275e-10,0,0,0
scenarios/328_glitch_medium_200mv_200ps_phi_p02_o0328_v1p100000000000,capture,1.1,4,0,3.2743686999999997e-10,1.32743687e-09,"[1.069020134e-09,1.088269675e-09,1.107572288e-09,1.12688832e-09,1.146218733e-09,1.16553804e-09,1.184878294e-09,1.204218388e-09,1.223543704e-09,1.242899939e-09,1.26226352e-09,1.281639938e-09,1.300963571e-09,1.320313059e-09,1.339660123e-09,1.359020254e-09,1.378372104e-09,1.397705941e-09,1.417043569e-09,1.436322714e-09,1.455696251e-09,1.475020443e-09,1.494216562e-09,1.513572878e-09,1.532877517e-09,1.552230442e-09,1.571488648e-09,1.590840249e-09,1.610135258e-09,1.628156255e-09]","[1.010558565e-09,1.023283949e-09,1.036022632e-09,1.048775095e-09,1.061550847e-09,1.074298039e-09,1.087076059e-09,1.099810623e-09,1.112560234e-09,1.125318458e-09,1.13806122e-09,1.150811045e-09,1.16354372e-09,1.176295987e-09,1.189044266e-09,1.201730463e-09,1.214472561e-09,1.227249316e-09,1.239981027e-09,1.252704267e-09,1.265525025e-09,1.278199626e-09,1.290907729e-09,1.303676268e-09,1.316433281e-09,1.329086842e-09,1.341923152e-09,1.354648641e-09,1.367390392e-09,1.37885432e-09]",0.9,000000000000011111111110000000,000000000000111111111000000000,000000000000111111111000000000,000000000000111111111000000000,0,12,20,9,1,1,0,0,0,phi_p02,2,medium_200mv_200ps,0.2,2e-10,1.6916982750000001e-09,6.91698275e-10,0,0,0
scenarios/329_glitch_medium_200mv_200ps_phi_p04_o0329_v1p100000000000,capture,1.1,4,0,3.5487374e-10,1.35487374e-09,"[1.069020134e-09,1.088269675e-09,1.107572288e-09,1.12688832e-09,1.146218733e-09,1.16553804e-09,1.184878294e-09,1.204218388e-09,1.223543704e-09,1.242899939e-09,1.26226352e-09,1.281639938e-09,1.300963571e-09,1.320313059e-09,1.339572386e-09,1.358803181e-09,1.378195554e-09,1.397552445e-09,1.416890294e-09,1.436149893e-09,1.455402896e-09,1.474706222e-09,1.49403302e-09,1.51329753e-09,1.532668519e-09,1.551907514e-09,1.571262085e-09,1.590631468e-09,1.60997411e-09,1.628072725e-09]","[1.010558565e-09,1.023283949e-09,1.036022632e-09,1.048775095e-09,1.061550847e-09,1.074298039e-09,1.087076059e-09,1.099810623e-09,1.112560234e-09,1.125318458e-09,1.13806122e-09,1.150811045e-09,1.16354372e-09,1.176295987e-09,1.189044266e-09,1.201730463e-09,1.214472561e-09,1.227249316e-09,1.239981027e-09,1.252704267e-09,1.265525025e-09,1.278199626e-09,1.290907729e-09,1.303676268e-09,1.316433281e-09,1.329201964e-09,1.341876697e-09,1.354518258e-09,1.367252226e-09,1.378726944e-09]",0.9,000000000000000111111111100000,000000000000011111111110000000,000000000000011111111110000000,000000000000011111111110000000,0,13,22,10,1,1,0,0,0,phi_p04,4,medium_200mv_200ps,0.2,2e-10,1.6916982750000001e-09,6.91698275e-10,0,0,0
scenarios/330_glitch_medium_200mv_200ps_phi_m04_o0330_v1p100000000000,capture,1.1,4,0,2.4512626e-10,1.2451262600000001e-09,"[1.069020134e-09,1.088269675e-09,1.107572288e-09,1.12688832e-09,1.146218733e-09,1.16553804e-09,1.184878294e-09,1.204218388e-09,1.223543704e-09,1.242899939e-09,1.26220638e-09,1.281586789e-09,1.300945735e-09,1.320284239e-09,1.339592926e-09,1.358962455e-09,1.378305771e-09,1.397692846e-09,1.417072492e-09,1.436439711e-09,1.455783204e-09,1.475116465e-09,1.494479472e-09,1.513815153e-09,1.533065564e-09,1.55238709e-09,1.571558206e-09,1.590865881e-09,1.610127519e-09,1.6282357e-09]","[1.010558565e-09,1.023283949e-09,1.036022632e-09,1.048775095e-09,1.061550847e-09,1.074298039e-09,1.087076059e-09,1.099810623e-09,1.112560234e-09,1.125318458e-09,1.13806122e-09,1.150811045e-09,1.16354372e-09,1.176295987e-09,1.189044266e-09,1.201730463e-09,1.214472561e-09,1.227249316e-09,1.239981027e-09,1.252668274e-09,1.265454483e-09,1.278205831e-09,1.290939913e-09,1.303683852e-09,1.316408325e-09,1.329149469e-09,1.341826353e-09,1.354621546e-09,1.367362986e-09,1.378790142e-09]",0.9,000000000111111110000000000000,000000011111111000000000000000,000000001111111000000000000000,000000001111111000000000000000,0,8,14,7,1,1,0,0,0,phi_m04,-4,medium_200mv_200ps,0.2,2e-10,1.7054167100000001e-09,7.0541671e-10,0,0,0
scenarios/331_glitch_medium_200mv_200ps_phi_m02_o0331_v1p100000000000,capture,1.1,4,0,2.7256313e-10,1.27256313e-09,"[1.069020134e-09,1.088269675e-09,1.107572288e-09,1.12688832e-09,1.146218733e-09,1.16553804e-09,1.184878294e-09,1.204218388e-09,1.223543704e-09,1.242899939e-09,1.26226352e-09,1.281549499e-09,1.300933238e-09,1.320271018e-09,1.339627999e-09,1.358978012e-09,1.378287307e-09,1.397681884e-09,1.417048187e-09,1.436324259e-09,1.455708271e-09,1.474993876e-09,1.49438885e-09,1.513771015e-09,1.533156889e-09,1.552486949e-09,1.57182801e-09,1.591121309e-09,1.610452095e-09,1.628423556e-09]","[1.010558565e-09,1.023283949e-09,1.036022632e-09,1.048775095e-09,1.061550847e-09,1.074298039e-09,1.087076059e-09,1.099810623e-09,1.112560234e-09,1.125318458e-09,1.13806122e-09,1.150811045e-09,1.16354372e-09,1.176295987e-09,1.189044266e-09,1.201730463e-09,1.214472561e-09,1.227249316e-09,1.239981027e-09,1.252704267e-09,1.265525025e-09,1.278131497e-09,1.290912056e-09,1.303691551e-09,1.316428159e-09,1.329160204e-09,1.341909104e-09,1.354637446e-09,1.367389312e-09,1.378818515e-09]",0.9,000000000011111111100000000000,000000000111111110000000000000,000000000111111110000000000000,000000000111111110000000000000,0,9,16,8,1,1,0,0,0,phi_m02,-2,medium_200mv_200ps,0.2,2e-10,1.7054167100000001e-09,7.0541671e-10,0,0,0
scenarios/332_glitch_medium_200mv_200ps_phi_p00_o0332_v1p100000000000,capture,1.1,4,0,3e-10,1.3e-09,"[1.069020134e-09,1.088269675e-09,1.107572288e-09,1.12688832e-09,1.146218733e-09,1.16553804e-09,1.184878294e-09,1.204218388e-09,1.223543704e-09,1.242899939e-09,1.26226352e-09,1.281639938e-09,1.300948554e-09,1.320312367e-09,1.339647566e-09,1.358983608e-09,1.378311366e-09,1.397629271e-09,1.416992927e-09,1.436376043e-09,1.455650451e-09,1.474995948e-09,1.494388778e-09,1.513709711e-09,1.533111566e-09,1.552438259e-09,1.571716952e-09,1.590927392e-09,1.610288725e-09,1.628390173e-09]","[1.010558565e-09,1.023283949e-09,1.036022632e-09,1.048775095e-09,1.061550847e-09,1.074298039e-09,1.087076059e-09,1.099810623e-09,1.112560234e-09,1.125318458e-09,1.13806122e-09,1.150811045e-09,1.16354372e-09,1.176295987e-09,1.189044266e-09,1.201730463e-09,1.214472561e-09,1.227249316e-09,1.239981027e-09,1.252704267e-09,1.265525025e-09,1.278199626e-09,1.290907729e-09,1.303574622e-09,1.316385506e-09,1.329155226e-09,1.341877345e-09,1.354592825e-09,1.3673704e-09,1.378848127e-09]",0.9,000000000000111111111000000000,000000000011111111100000000000,000000000011111111100000000000,000000000011111111100000000000,0,10,18,9,1,1,0,0,0,phi_p00,0,medium_200mv_200ps,0.2,2e-10,1.7054167100000001e-09,7.0541671e-10,0,0,0
scenarios/333_glitch_medium_200mv_200ps_phi_p02_o0333_v1p100000000000,capture,1.1,4,0,3.2743686999999997e-10,1.32743687e-09,"[1.069020134e-09,1.088269675e-09,1.107572288e-09,1.12688832e-09,1.146218733e-09,1.16553804e-09,1.184878294e-09,1.204218388e-09,1.223543704e-09,1.242899939e-09,1.26226352e-09,1.281639938e-09,1.300963571e-09,1.320313059e-09,1.339660123e-09,1.359020254e-09,1.378372104e-09,1.397705941e-09,1.417043569e-09,1.436322714e-09,1.455696251e-09,1.475020443e-09,1.494216562e-09,1.513572878e-09,1.532877517e-09,1.552230442e-09,1.571488648e-09,1.590840249e-09,1.610135258e-09,1.628156255e-09]","[1.010558565e-09,1.023283949e-09,1.036022632e-09,1.048775095e-09,1.061550847e-09,1.074298039e-09,1.087076059e-09,1.099810623e-09,1.112560234e-09,1.125318458e-09,1.13806122e-09,1.150811045e-09,1.16354372e-09,1.176295987e-09,1.189044266e-09,1.201730463e-09,1.214472561e-09,1.227249316e-09,1.239981027e-09,1.252704267e-09,1.265525025e-09,1.278199626e-09,1.290907729e-09,1.303676268e-09,1.316433281e-09,1.329086842e-09,1.341923152e-09,1.354648641e-09,1.367390392e-09,1.37885432e-09]",0.9,000000000000011111111110000000,000000000000111111111000000000,000000000000111111111000000000,000000000000111111111000000000,0,12,20,9,1,1,0,0,0,phi_p02,2,medium_200mv_200ps,0.2,2e-10,1.7054167100000001e-09,7.0541671e-10,0,0,0
scenarios/334_glitch_medium_200mv_200ps_phi_p04_o0334_v1p100000000000,capture,1.1,4,0,3.5487374e-10,1.35487374e-09,"[1.069020134e-09,1.088269675e-09,1.107572288e-09,1.12688832e-09,1.146218733e-09,1.16553804e-09,1.184878294e-09,1.204218388e-09,1.223543704e-09,1.242899939e-09,1.26226352e-09,1.281639938e-09,1.300963571e-09,1.320313059e-09,1.339572386e-09,1.358803181e-09,1.378195554e-09,1.397552445e-09,1.416890294e-09,1.436149893e-09,1.455402896e-09,1.474706222e-09,1.49403302e-09,1.51329753e-09,1.532668519e-09,1.551907514e-09,1.571262085e-09,1.590631468e-09,1.60997411e-09,1.628072725e-09]","[1.010558565e-09,1.023283949e-09,1.036022632e-09,1.048775095e-09,1.061550847e-09,1.074298039e-09,1.087076059e-09,1.099810623e-09,1.112560234e-09,1.125318458e-09,1.13806122e-09,1.150811045e-09,1.16354372e-09,1.176295987e-09,1.189044266e-09,1.201730463e-09,1.214472561e-09,1.227249316e-09,1.239981027e-09,1.252704267e-09,1.265525025e-09,1.278199626e-09,1.290907729e-09,1.303676268e-09,1.316433281e-09,1.329201964e-09,1.341876697e-09,1.354518258e-09,1.367252226e-09,1.378726944e-09]",0.9,000000000000000111111111100000,000000000000011111111110000000,000000000000011111111110000000,000000000000011111111110000000,0,13,22,10,1,1,0,0,0,phi_p04,4,medium_200mv_200ps,0.2,2e-10,1.7054167100000001e-09,7.0541671e-10,0,0,0
scenarios/335_glitch_medium_200mv_200ps_phi_m04_o0335_v1p100000000000,capture,1.1,4,0,2.4512626e-10,1.2451262600000001e-09,"[1.069020134e-09,1.088269675e-09,1.107572288e-09,1.12688832e-09,1.146218733e-09,1.16553804e-09,1.184878294e-09,1.204218388e-09,1.223543704e-09,1.242899939e-09,1.26220638e-09,1.281586789e-09,1.300945735e-09,1.320284239e-09,1.339592926e-09,1.358962455e-09,1.378305771e-09,1.397692846e-09,1.417072492e-09,1.436439711e-09,1.455783204e-09,1.475116465e-09,1.494479472e-09,1.513815153e-09,1.533065564e-09,1.55238709e-09,1.571558206e-09,1.590865881e-09,1.610127519e-09,1.6282357e-09]","[1.010558565e-09,1.023283949e-09,1.036022632e-09,1.048775095e-09,1.061550847e-09,1.074298039e-09,1.087076059e-09,1.099810623e-09,1.112560234e-09,1.125318458e-09,1.13806122e-09,1.150811045e-09,1.16354372e-09,1.176295987e-09,1.189044266e-09,1.201730463e-09,1.214472561e-09,1.227249316e-09,1.239981027e-09,1.252668274e-09,1.265454483e-09,1.278205831e-09,1.290939913e-09,1.303683852e-09,1.316408325e-09,1.329149469e-09,1.341826353e-09,1.354621546e-09,1.367362986e-09,1.378790142e-09]",0.9,000000000111111110000000000000,000000011111111000000000000000,000000001111111000000000000000,000000001111111000000000000000,0,8,14,7,1,1,0,0,0,phi_m04,-4,medium_200mv_200ps,0.2,2e-10,1.7191351450000001e-09,7.191351449999999e-10,0,0,0
scenarios/336_glitch_medium_200mv_200ps_phi_m02_o0336_v1p100000000000,capture,1.1,4,0,2.7256313e-10,1.27256313e-09,"[1.069020134e-09,1.088269675e-09,1.107572288e-09,1.12688832e-09,1.146218733e-09,1.16553804e-09,1.184878294e-09,1.204218388e-09,1.223543704e-09,1.242899939e-09,1.26226352e-09,1.281549499e-09,1.300933238e-09,1.320271018e-09,1.339627999e-09,1.358978012e-09,1.378287307e-09,1.397681884e-09,1.417048187e-09,1.436324259e-09,1.455708271e-09,1.474993876e-09,1.49438885e-09,1.513771015e-09,1.533156889e-09,1.552486949e-09,1.57182801e-09,1.591121309e-09,1.610452095e-09,1.628423556e-09]","[1.010558565e-09,1.023283949e-09,1.036022632e-09,1.048775095e-09,1.061550847e-09,1.074298039e-09,1.087076059e-09,1.099810623e-09,1.112560234e-09,1.125318458e-09,1.13806122e-09,1.150811045e-09,1.16354372e-09,1.176295987e-09,1.189044266e-09,1.201730463e-09,1.214472561e-09,1.227249316e-09,1.239981027e-09,1.252704267e-09,1.265525025e-09,1.278131497e-09,1.290912056e-09,1.303691551e-09,1.316428159e-09,1.329160204e-09,1.341909104e-09,1.354637446e-09,1.367389312e-09,1.378818515e-09]",0.9,000000000011111111100000000000,000000000111111110000000000000,000000000111111110000000000000,000000000111111110000000000000,0,9,16,8,1,1,0,0,0,phi_m02,-2,medium_200mv_200ps,0.2,2e-10,1.7191351450000001e-09,7.191351449999999e-10,0,0,0
scenarios/337_glitch_medium_200mv_200ps_phi_p00_o0337_v1p100000000000,capture,1.1,4,0,3e-10,1.3e-09,"[1.069020134e-09,1.088269675e-09,1.107572288e-09,1.12688832e-09,1.146218733e-09,1.16553804e-09,1.184878294e-09,1.204218388e-09,1.223543704e-09,1.242899939e-09,1.26226352e-09,1.281639938e-09,1.300948554e-09,1.320312367e-09,1.339647566e-09,1.358983608e-09,1.378311366e-09,1.397629271e-09,1.416992927e-09,1.436376043e-09,1.455650451e-09,1.474995948e-09,1.494388778e-09,1.513709711e-09,1.533111566e-09,1.552438259e-09,1.571716952e-09,1.590927392e-09,1.610288725e-09,1.628390173e-09]","[1.010558565e-09,1.023283949e-09,1.036022632e-09,1.048775095e-09,1.061550847e-09,1.074298039e-09,1.087076059e-09,1.099810623e-09,1.112560234e-09,1.125318458e-09,1.13806122e-09,1.150811045e-09,1.16354372e-09,1.176295987e-09,1.189044266e-09,1.201730463e-09,1.214472561e-09,1.227249316e-09,1.239981027e-09,1.252704267e-09,1.265525025e-09,1.278199626e-09,1.290907729e-09,1.303574622e-09,1.316385506e-09,1.329155226e-09,1.341877345e-09,1.354592825e-09,1.3673704e-09,1.378848127e-09]",0.9,000000000000111111111000000000,000000000011111111100000000000,000000000011111111100000000000,000000000011111111100000000000,0,10,18,9,1,1,0,0,0,phi_p00,0,medium_200mv_200ps,0.2,2e-10,1.7191351450000001e-09,7.191351449999999e-10,0,0,0
scenarios/338_glitch_medium_200mv_200ps_phi_p02_o0338_v1p100000000000,capture,1.1,4,0,3.2743686999999997e-10,1.32743687e-09,"[1.069020134e-09,1.088269675e-09,1.107572288e-09,1.12688832e-09,1.146218733e-09,1.16553804e-09,1.184878294e-09,1.204218388e-09,1.223543704e-09,1.242899939e-09,1.26226352e-09,1.281639938e-09,1.300963571e-09,1.320313059e-09,1.339660123e-09,1.359020254e-09,1.378372104e-09,1.397705941e-09,1.417043569e-09,1.436322714e-09,1.455696251e-09,1.475020443e-09,1.494216562e-09,1.513572878e-09,1.532877517e-09,1.552230442e-09,1.571488648e-09,1.590840249e-09,1.610135258e-09,1.628156255e-09]","[1.010558565e-09,1.023283949e-09,1.036022632e-09,1.048775095e-09,1.061550847e-09,1.074298039e-09,1.087076059e-09,1.099810623e-09,1.112560234e-09,1.125318458e-09,1.13806122e-09,1.150811045e-09,1.16354372e-09,1.176295987e-09,1.189044266e-09,1.201730463e-09,1.214472561e-09,1.227249316e-09,1.239981027e-09,1.252704267e-09,1.265525025e-09,1.278199626e-09,1.290907729e-09,1.303676268e-09,1.316433281e-09,1.329086842e-09,1.341923152e-09,1.354648641e-09,1.367390392e-09,1.37885432e-09]",0.9,000000000000011111111110000000,000000000000111111111000000000,000000000000111111111000000000,000000000000111111111000000000,0,12,20,9,1,1,0,0,0,phi_p02,2,medium_200mv_200ps,0.2,2e-10,1.7191351450000001e-09,7.191351449999999e-10,0,0,0
scenarios/339_glitch_medium_200mv_200ps_phi_p04_o0339_v1p100000000000,capture,1.1,4,0,3.5487374e-10,1.35487374e-09,"[1.069020134e-09,1.088269675e-09,1.107572288e-09,1.12688832e-09,1.146218733e-09,1.16553804e-09,1.184878294e-09,1.204218388e-09,1.223543704e-09,1.242899939e-09,1.26226352e-09,1.281639938e-09,1.300963571e-09,1.320313059e-09,1.339572386e-09,1.358803181e-09,1.378195554e-09,1.397552445e-09,1.416890294e-09,1.436149893e-09,1.455402896e-09,1.474706222e-09,1.49403302e-09,1.51329753e-09,1.532668519e-09,1.551907514e-09,1.571262085e-09,1.590631468e-09,1.60997411e-09,1.628072725e-09]","[1.010558565e-09,1.023283949e-09,1.036022632e-09,1.048775095e-09,1.061550847e-09,1.074298039e-09,1.087076059e-09,1.099810623e-09,1.112560234e-09,1.125318458e-09,1.13806122e-09,1.150811045e-09,1.16354372e-09,1.176295987e-09,1.189044266e-09,1.201730463e-09,1.214472561e-09,1.227249316e-09,1.239981027e-09,1.252704267e-09,1.265525025e-09,1.278199626e-09,1.290907729e-09,1.303676268e-09,1.316433281e-09,1.329201964e-09,1.341876697e-09,1.354518258e-09,1.367252226e-09,1.378726944e-09]",0.9,000000000000000111111111100000,000000000000011111111110000000,000000000000011111111110000000,000000000000011111111110000000,0,13,22,10,1,1,0,0,0,phi_p04,4,medium_200mv_200ps,0.2,2e-10,1.7191351450000001e-09,7.191351449999999e-10,0,0,0
scenarios/340_glitch_medium_200mv_200ps_phi_m04_o0340_v1p100000000000,capture,1.1,4,0,2.4512626e-10,1.2451262600000001e-09,"[1.069020134e-09,1.088269675e-09,1.107572288e-09,1.12688832e-09,1.146218733e-09,1.16553804e-09,1.184878294e-09,1.204218388e-09,1.223543704e-09,1.242899939e-09,1.26220638e-09,1.281586789e-09,1.300945735e-09,1.320284239e-09,1.339592926e-09,1.358962455e-09,1.378305771e-09,1.397692846e-09,1.417072492e-09,1.436439711e-09,1.455783204e-09,1.475116465e-09,1.494479472e-09,1.513815153e-09,1.533065564e-09,1.55238709e-09,1.571558206e-09,1.590865881e-09,1.610127519e-09,1.6282357e-09]","[1.010558565e-09,1.023283949e-09,1.036022632e-09,1.048775095e-09,1.061550847e-09,1.074298039e-09,1.087076059e-09,1.099810623e-09,1.112560234e-09,1.125318458e-09,1.13806122e-09,1.150811045e-09,1.16354372e-09,1.176295987e-09,1.189044266e-09,1.201730463e-09,1.214472561e-09,1.227249316e-09,1.239981027e-09,1.252668274e-09,1.265454483e-09,1.278205831e-09,1.290939913e-09,1.303683852e-09,1.316408325e-09,1.329149469e-09,1.341826353e-09,1.354621546e-09,1.367362986e-09,1.378790142e-09]",0.9,000000000111111110000000000000,000000011111111000000000000000,000000001111111000000000000000,000000001111111000000000000000,0,8,14,7,1,1,0,0,0,phi_m04,-4,medium_200mv_200ps,0.2,2e-10,1.73285358e-09,7.328535799999999e-10,0,0,0
scenarios/341_glitch_medium_200mv_200ps_phi_m02_o0341_v1p100000000000,capture,1.1,4,0,2.7256313e-10,1.27256313e-09,"[1.069020134e-09,1.088269675e-09,1.107572288e-09,1.12688832e-09,1.146218733e-09,1.16553804e-09,1.184878294e-09,1.204218388e-09,1.223543704e-09,1.242899939e-09,1.26226352e-09,1.281549499e-09,1.300933238e-09,1.320271018e-09,1.339627999e-09,1.358978012e-09,1.378287307e-09,1.397681884e-09,1.417048187e-09,1.436324259e-09,1.455708271e-09,1.474993876e-09,1.49438885e-09,1.513771015e-09,1.533156889e-09,1.552486949e-09,1.57182801e-09,1.591121309e-09,1.610452095e-09,1.628423556e-09]","[1.010558565e-09,1.023283949e-09,1.036022632e-09,1.048775095e-09,1.061550847e-09,1.074298039e-09,1.087076059e-09,1.099810623e-09,1.112560234e-09,1.125318458e-09,1.13806122e-09,1.150811045e-09,1.16354372e-09,1.176295987e-09,1.189044266e-09,1.201730463e-09,1.214472561e-09,1.227249316e-09,1.239981027e-09,1.252704267e-09,1.265525025e-09,1.278131497e-09,1.290912056e-09,1.303691551e-09,1.316428159e-09,1.329160204e-09,1.341909104e-09,1.354637446e-09,1.367389312e-09,1.378818515e-09]",0.9,000000000011111111100000000000,000000000111111110000000000000,000000000111111110000000000000,000000000111111110000000000000,0,9,16,8,1,1,0,0,0,phi_m02,-2,medium_200mv_200ps,0.2,2e-10,1.73285358e-09,7.328535799999999e-10,0,0,0
scenarios/342_glitch_medium_200mv_200ps_phi_p00_o0342_v1p100000000000,capture,1.1,4,0,3e-10,1.3e-09,"[1.069020134e-09,1.088269675e-09,1.107572288e-09,1.12688832e-09,1.146218733e-09,1.16553804e-09,1.184878294e-09,1.204218388e-09,1.223543704e-09,1.242899939e-09,1.26226352e-09,1.281639938e-09,1.300948554e-09,1.320312367e-09,1.339647566e-09,1.358983608e-09,1.378311366e-09,1.397629271e-09,1.416992927e-09,1.436376043e-09,1.455650451e-09,1.474995948e-09,1.494388778e-09,1.513709711e-09,1.533111566e-09,1.552438259e-09,1.571716952e-09,1.590927392e-09,1.610288725e-09,1.628390173e-09]","[1.010558565e-09,1.023283949e-09,1.036022632e-09,1.048775095e-09,1.061550847e-09,1.074298039e-09,1.087076059e-09,1.099810623e-09,1.112560234e-09,1.125318458e-09,1.13806122e-09,1.150811045e-09,1.16354372e-09,1.176295987e-09,1.189044266e-09,1.201730463e-09,1.214472561e-09,1.227249316e-09,1.239981027e-09,1.252704267e-09,1.265525025e-09,1.278199626e-09,1.290907729e-09,1.303574622e-09,1.316385506e-09,1.329155226e-09,1.341877345e-09,1.354592825e-09,1.3673704e-09,1.378848127e-09]",0.9,000000000000111111111000000000,000000000011111111100000000000,000000000011111111100000000000,000000000011111111100000000000,0,10,18,9,1,1,0,0,0,phi_p00,0,medium_200mv_200ps,0.2,2e-10,1.73285358e-09,7.328535799999999e-10,0,0,0
scenarios/343_glitch_medium_200mv_200ps_phi_p02_o0343_v1p100000000000,capture,1.1,4,0,3.2743686999999997e-10,1.32743687e-09,"[1.069020134e-09,1.088269675e-09,1.107572288e-09,1.12688832e-09,1.146218733e-09,1.16553804e-09,1.184878294e-09,1.204218388e-09,1.223543704e-09,1.242899939e-09,1.26226352e-09,1.281639938e-09,1.300963571e-09,1.320313059e-09,1.339660123e-09,1.359020254e-09,1.378372104e-09,1.397705941e-09,1.417043569e-09,1.436322714e-09,1.455696251e-09,1.475020443e-09,1.494216562e-09,1.513572878e-09,1.532877517e-09,1.552230442e-09,1.571488648e-09,1.590840249e-09,1.610135258e-09,1.628156255e-09]","[1.010558565e-09,1.023283949e-09,1.036022632e-09,1.048775095e-09,1.061550847e-09,1.074298039e-09,1.087076059e-09,1.099810623e-09,1.112560234e-09,1.125318458e-09,1.13806122e-09,1.150811045e-09,1.16354372e-09,1.176295987e-09,1.189044266e-09,1.201730463e-09,1.214472561e-09,1.227249316e-09,1.239981027e-09,1.252704267e-09,1.265525025e-09,1.278199626e-09,1.290907729e-09,1.303676268e-09,1.316433281e-09,1.329086842e-09,1.341923152e-09,1.354648641e-09,1.367390392e-09,1.37885432e-09]",0.9,000000000000011111111110000000,000000000000111111111000000000,000000000000111111111000000000,000000000000111111111000000000,0,12,20,9,1,1,0,0,0,phi_p02,2,medium_200mv_200ps,0.2,2e-10,1.73285358e-09,7.328535799999999e-10,0,0,0
scenarios/344_glitch_medium_200mv_200ps_phi_p04_o0344_v1p100000000000,capture,1.1,4,0,3.5487374e-10,1.35487374e-09,"[1.069020134e-09,1.088269675e-09,1.107572288e-09,1.12688832e-09,1.146218733e-09,1.16553804e-09,1.184878294e-09,1.204218388e-09,1.223543704e-09,1.242899939e-09,1.26226352e-09,1.281639938e-09,1.300963571e-09,1.320313059e-09,1.339572386e-09,1.358803181e-09,1.378195554e-09,1.397552445e-09,1.416890294e-09,1.436149893e-09,1.455402896e-09,1.474706222e-09,1.49403302e-09,1.51329753e-09,1.532668519e-09,1.551907514e-09,1.571262085e-09,1.590631468e-09,1.60997411e-09,1.628072725e-09]","[1.010558565e-09,1.023283949e-09,1.036022632e-09,1.048775095e-09,1.061550847e-09,1.074298039e-09,1.087076059e-09,1.099810623e-09,1.112560234e-09,1.125318458e-09,1.13806122e-09,1.150811045e-09,1.16354372e-09,1.176295987e-09,1.189044266e-09,1.201730463e-09,1.214472561e-09,1.227249316e-09,1.239981027e-09,1.252704267e-09,1.265525025e-09,1.278199626e-09,1.290907729e-09,1.303676268e-09,1.316433281e-09,1.329201964e-09,1.341876697e-09,1.354518258e-09,1.367252226e-09,1.378726944e-09]",0.9,000000000000000111111111100000,000000000000011111111110000000,000000000000011111111110000000,000000000000011111111110000000,0,13,22,10,1,1,0,0,0,phi_p04,4,medium_200mv_200ps,0.2,2e-10,1.73285358e-09,7.328535799999999e-10,0,0,0
scenarios/345_glitch_medium_200mv_200ps_phi_m04_o0345_v1p100000000000,capture,1.1,4,0,2.4512626e-10,1.2451262600000001e-09,"[1.069020134e-09,1.088269675e-09,1.107572288e-09,1.12688832e-09,1.146218733e-09,1.16553804e-09,1.184878294e-09,1.204218388e-09,1.223543704e-09,1.242899939e-09,1.26220638e-09,1.281586789e-09,1.300945735e-09,1.320284239e-09,1.339592926e-09,1.358962455e-09,1.378305771e-09,1.397692846e-09,1.417072492e-09,1.436439711e-09,1.455783204e-09,1.475116465e-09,1.494479472e-09,1.513815153e-09,1.533065564e-09,1.55238709e-09,1.571558206e-09,1.590865881e-09,1.610127519e-09,1.6282357e-09]","[1.010558565e-09,1.023283949e-09,1.036022632e-09,1.048775095e-09,1.061550847e-09,1.074298039e-09,1.087076059e-09,1.099810623e-09,1.112560234e-09,1.125318458e-09,1.13806122e-09,1.150811045e-09,1.16354372e-09,1.176295987e-09,1.189044266e-09,1.201730463e-09,1.214472561e-09,1.227249316e-09,1.239981027e-09,1.252668274e-09,1.265454483e-09,1.278205831e-09,1.290939913e-09,1.303683852e-09,1.316408325e-09,1.329149469e-09,1.341826353e-09,1.354621546e-09,1.367362986e-09,1.378790142e-09]",0.9,000000000111111110000000000000,000000011111111000000000000000,000000001111111000000000000000,000000001111111000000000000000,0,8,14,7,1,1,0,0,0,phi_m04,-4,medium_200mv_200ps,0.2,2e-10,1.746572015e-09,7.465720149999999e-10,0,0,0
scenarios/346_glitch_medium_200mv_200ps_phi_m02_o0346_v1p100000000000,capture,1.1,4,0,2.7256313e-10,1.27256313e-09,"[1.069020134e-09,1.088269675e-09,1.107572288e-09,1.12688832e-09,1.146218733e-09,1.16553804e-09,1.184878294e-09,1.204218388e-09,1.223543704e-09,1.242899939e-09,1.26226352e-09,1.281549499e-09,1.300933238e-09,1.320271018e-09,1.339627999e-09,1.358978012e-09,1.378287307e-09,1.397681884e-09,1.417048187e-09,1.436324259e-09,1.455708271e-09,1.474993876e-09,1.49438885e-09,1.513771015e-09,1.533156889e-09,1.552486949e-09,1.57182801e-09,1.591121309e-09,1.610452095e-09,1.628423556e-09]","[1.010558565e-09,1.023283949e-09,1.036022632e-09,1.048775095e-09,1.061550847e-09,1.074298039e-09,1.087076059e-09,1.099810623e-09,1.112560234e-09,1.125318458e-09,1.13806122e-09,1.150811045e-09,1.16354372e-09,1.176295987e-09,1.189044266e-09,1.201730463e-09,1.214472561e-09,1.227249316e-09,1.239981027e-09,1.252704267e-09,1.265525025e-09,1.278131497e-09,1.290912056e-09,1.303691551e-09,1.316428159e-09,1.329160204e-09,1.341909104e-09,1.354637446e-09,1.367389312e-09,1.378818515e-09]",0.9,000000000011111111100000000000,000000000111111110000000000000,000000000111111110000000000000,000000000111111110000000000000,0,9,16,8,1,1,0,0,0,phi_m02,-2,medium_200mv_200ps,0.2,2e-10,1.746572015e-09,7.465720149999999e-10,0,0,0
scenarios/347_glitch_medium_200mv_200ps_phi_p00_o0347_v1p100000000000,capture,1.1,4,0,3e-10,1.3e-09,"[1.069020134e-09,1.088269675e-09,1.107572288e-09,1.12688832e-09,1.146218733e-09,1.16553804e-09,1.184878294e-09,1.204218388e-09,1.223543704e-09,1.242899939e-09,1.26226352e-09,1.281639938e-09,1.300948554e-09,1.320312367e-09,1.339647566e-09,1.358983608e-09,1.378311366e-09,1.397629271e-09,1.416992927e-09,1.436376043e-09,1.455650451e-09,1.474995948e-09,1.494388778e-09,1.513709711e-09,1.533111566e-09,1.552438259e-09,1.571716952e-09,1.590927392e-09,1.610288725e-09,1.628390173e-09]","[1.010558565e-09,1.023283949e-09,1.036022632e-09,1.048775095e-09,1.061550847e-09,1.074298039e-09,1.087076059e-09,1.099810623e-09,1.112560234e-09,1.125318458e-09,1.13806122e-09,1.150811045e-09,1.16354372e-09,1.176295987e-09,1.189044266e-09,1.201730463e-09,1.214472561e-09,1.227249316e-09,1.239981027e-09,1.252704267e-09,1.265525025e-09,1.278199626e-09,1.290907729e-09,1.303574622e-09,1.316385506e-09,1.329155226e-09,1.341877345e-09,1.354592825e-09,1.3673704e-09,1.378848127e-09]",0.9,000000000000111111111000000000,000000000011111111100000000000,000000000011111111100000000000,000000000011111111100000000000,0,10,18,9,1,1,0,0,0,phi_p00,0,medium_200mv_200ps,0.2,2e-10,1.746572015e-09,7.465720149999999e-10,0,0,0
scenarios/348_glitch_medium_200mv_200ps_phi_p02_o0348_v1p100000000000,capture,1.1,4,0,3.2743686999999997e-10,1.32743687e-09,"[1.069020134e-09,1.088269675e-09,1.107572288e-09,1.12688832e-09,1.146218733e-09,1.16553804e-09,1.184878294e-09,1.204218388e-09,1.223543704e-09,1.242899939e-09,1.26226352e-09,1.281639938e-09,1.300963571e-09,1.320313059e-09,1.339660123e-09,1.359020254e-09,1.378372104e-09,1.397705941e-09,1.417043569e-09,1.436322714e-09,1.455696251e-09,1.475020443e-09,1.494216562e-09,1.513572878e-09,1.532877517e-09,1.552230442e-09,1.571488648e-09,1.590840249e-09,1.610135258e-09,1.628156255e-09]","[1.010558565e-09,1.023283949e-09,1.036022632e-09,1.048775095e-09,1.061550847e-09,1.074298039e-09,1.087076059e-09,1.099810623e-09,1.112560234e-09,1.125318458e-09,1.13806122e-09,1.150811045e-09,1.16354372e-09,1.176295987e-09,1.189044266e-09,1.201730463e-09,1.214472561e-09,1.227249316e-09,1.239981027e-09,1.252704267e-09,1.265525025e-09,1.278199626e-09,1.290907729e-09,1.303676268e-09,1.316433281e-09,1.329086842e-09,1.341923152e-09,1.354648641e-09,1.367390392e-09,1.37885432e-09]",0.9,000000000000011111111110000000,000000000000111111111000000000,000000000000111111111000000000,000000000000111111111000000000,0,12,20,9,1,1,0,0,0,phi_p02,2,medium_200mv_200ps,0.2,2e-10,1.746572015e-09,7.465720149999999e-10,0,0,0
scenarios/349_glitch_medium_200mv_200ps_phi_p04_o0349_v1p100000000000,capture,1.1,4,0,3.5487374e-10,1.35487374e-09,"[1.069020134e-09,1.088269675e-09,1.107572288e-09,1.12688832e-09,1.146218733e-09,1.16553804e-09,1.184878294e-09,1.204218388e-09,1.223543704e-09,1.242899939e-09,1.26226352e-09,1.281639938e-09,1.300963571e-09,1.320313059e-09,1.339572386e-09,1.358803181e-09,1.378195554e-09,1.397552445e-09,1.416890294e-09,1.436149893e-09,1.455402896e-09,1.474706222e-09,1.49403302e-09,1.51329753e-09,1.532668519e-09,1.551907514e-09,1.571262085e-09,1.590631468e-09,1.60997411e-09,1.628072725e-09]","[1.010558565e-09,1.023283949e-09,1.036022632e-09,1.048775095e-09,1.061550847e-09,1.074298039e-09,1.087076059e-09,1.099810623e-09,1.112560234e-09,1.125318458e-09,1.13806122e-09,1.150811045e-09,1.16354372e-09,1.176295987e-09,1.189044266e-09,1.201730463e-09,1.214472561e-09,1.227249316e-09,1.239981027e-09,1.252704267e-09,1.265525025e-09,1.278199626e-09,1.290907729e-09,1.303676268e-09,1.316433281e-09,1.329201964e-09,1.341876697e-09,1.354518258e-09,1.367252226e-09,1.378726944e-09]",0.9,000000000000000111111111100000,000000000000011111111110000000,000000000000011111111110000000,000000000000011111111110000000,0,13,22,10,1,1,0,0,0,phi_p04,4,medium_200mv_200ps,0.2,2e-10,1.746572015e-09,7.465720149999999e-10,0,0,0
