scenario,mode,vdd_v,initial_rvt_stages,initial_lvt_stages,capture_phase_s,sample_time_s,rvt_crossings_s,lvt_crossings_s,vdd_a_min_v,raw_xor_word,latch_word,captured_xor_word,corrected_xor_word,raw_bubble_count,start_index,end_index,one_run_length,valid,run_count,bubble_count,touches_left_boundary,touches_right_boundary,phase_id,phase_multiplier,case_id,glitch_depth_v,glitch_width_s,glitch_start_s,glitch_onset_rel_s,full_word_changed,encoded_state_changed,boundary_distance,jitter_boundary_distance,jitter_envelope,jitter_aware_detected
scenarios/000_glitch_medium_200mv_200ps_phi_m04_o0000_v1p100000000000,capture,1.1,4,0,2.4512626e-10,1.2451262600000001e-09,"[1.068081343e-09,1.087320758e-09,1.10662463e-09,1.125954334e-09,1.145299344e-09,1.164646803e-09,1.183982275e-09,1.203293762e-09,1.2226357e-09,1.241987012e-09,1.261370644e-09,1.280716018e-09,1.300070028e-09,1.319386231e-09,1.338712974e-09,1.358064841e-09,1.377418489e-09,1.396768509e-09,1.416059792e-09,1.435424475e-09,1.454753e-09,1.474096132e-09,1.4934261e-09,1.51277217e-09,1.532014897e-09,1.551347778e-09,1.570644883e-09,1.589995074e-09,1.609210512e-09,1.627297257e-09]","[1.00976677e-09,1.022339886e-09,1.035115895e-09,1.047878782e-09,1.060603099e-09,1.073353874e-09,1.086126812e-09,1.098866289e-09,1.111588442e-09,1.124368606e-09,1.13711629e-09,1.149865294e-09,1.16261327e-09,1.175363084e-09,1.188116813e-09,1.200810676e-09,1.213594595e-09,1.226318083e-09,1.239034798e-09,1.251683026e-09,1.264480906e-09,1.277192029e-09,1.289952312e-09,1.3027121e-09,1.315436569e-09,1.328188179e-09,1.340903339e-09,1.353634654e-09,1.366356378e-09,1.377884058e-09]",0.9,000000000111111110000000000000,000000011111111000000000000000,000000001111111000000000000000,000000001111111000000000000000,0,8,14,7,1,1,0,0,0,phi_m04,-4,medium_200mv_200ps,0.2,2e-10,8e-10,-2e-10,0,0,0,0,2,0
scenarios/004_glitch_medium_200mv_200ps_phi_p04_o0004_v1p100000000000,capture,1.1,4,0,3.5487374e-10,1.35487374e-09,"[1.068081343e-09,1.087320758e-09,1.10662463e-09,1.125954334e-09,1.145299344e-09,1.164646803e-09,1.183982275e-09,1.203293762e-09,1.2226357e-09,1.241987012e-09,1.261346624e-09,1.280695518e-09,1.300050871e-09,1.319376227e-09,1.338741731e-09,1.358049336e-09,1.377447141e-09,1.396829326e-09,1.416145067e-09,1.435476414e-09,1.454847111e-09,1.474218256e-09,1.493429752e-09,1.512796857e-09,1.532187181e-09,1.551489596e-09,1.570758489e-09,1.590125413e-09,1.609470891e-09,1.627557458e-09]","[1.00976677e-09,1.022339886e-09,1.035115895e-09,1.047878782e-09,1.060603099e-09,1.073353874e-09,1.086126812e-09,1.098866289e-09,1.111588442e-09,1.124368606e-09,1.13711629e-09,1.149865294e-09,1.16261327e-09,1.175363084e-09,1.188116813e-09,1.200810676e-09,1.213594595e-09,1.226318083e-09,1.239034798e-09,1.251788395e-09,1.264426669e-09,1.2772259e-09,1.289975486e-09,1.30265596e-09,1.315462123e-09,1.32815551e-09,1.340858582e-09,1.353603552e-09,1.366305571e-09,1.377837385e-09]",0.9,000000000000000111111111110000,000000000000011111111110000000,000000000000011111111111000000,000000000000011111111111000000,0,13,23,11,1,1,0,0,0,phi_p04,4,medium_200mv_200ps,0.2,2e-10,8e-10,-2e-10,1,1,1,1,2,0
scenarios/005_glitch_medium_200mv_200ps_phi_m04_o0005_v1p100000000000,capture,1.1,4,0,2.4512626e-10,1.2451262600000001e-09,"[1.070762933e-09,1.090000733e-09,1.109308275e-09,1.12861958e-09,1.147965163e-09,1.167318251e-09,1.186655598e-09,1.206005776e-09,1.225343982e-09,1.244670548e-09,1.264020455e-09,1.283399051e-09,1.302755769e-09,1.322090471e-09,1.341400328e-09,1.36076858e-09,1.380114371e-09,1.399497053e-09,1.418894979e-09,1.438253698e-09,1.457665517e-09,1.477008747e-09,1.496348081e-09,1.515690441e-09,1.535037089e-09,1.554334405e-09,1.57369379e-09,1.593086267e-09,1.612436773e-09,1.63041233e-09]","[1.013539143e-09,1.025088708e-09,1.037806162e-09,1.050563005e-09,1.063288848e-09,1.07603438e-09,1.088814222e-09,1.101552247e-09,1.114278989e-09,1.127056296e-09,1.139803674e-09,1.152529028e-09,1.165294048e-09,1.178047207e-09,1.190792191e-09,1.203543538e-09,1.216300719e-09,1.229008768e-09,1.241769944e-09,1.254456774e-09,1.267199692e-09,1.279952112e-09,1.292704033e-09,1.305452283e-09,1.318177104e-09,1.330919141e-09,1.343588495e-09,1.356389587e-09,1.369118857e-09,1.38055339e-09]",0.9,000000000111111110000000000000,000000011111111000000000000000,000000001111111000000000000000,000000001111111000000000000000,0,8,14,7,1,1,0,0,0,phi_m04,-4,medium_200mv_200ps,0.2,2e-10,8.137184350000001e-10,-1.86281565e-10,0,0,0,0,2,0
scenarios/009_glitch_medium_200mv_200ps_phi_p04_o0009_v1p100000000000,capture,1.1,4,0,3.5487374e-10,1.35487374e-09,"[1.070762933e-09,1.090000733e-09,1.109308275e-09,1.12861958e-09,1.147965163e-09,1.167318251e-09,1.186655598e-09,1.206005776e-09,1.225343982e-09,1.244705764e-09,1.263946077e-09,1.283311225e-09,1.302603913e-09,1.321884882e-09,1.34117549e-09,1.360405161e-09,1.379804069e-09,1.399160189e-09,1.418460224e-09,1.437895339e-09,1.45715675e-09,1.476456386e-09,1.495675376e-09,1.514928781e-09,1.534339716e-09,1.553673573e-09,1.572952441e-09,1.592306527e-09,1.611691767e-09,1.629770866e-09]","[1.013539143e-09,1.025088708e-09,1.037806162e-09,1.050563005e-09,1.063288848e-09,1.07603438e-09,1.088814222e-09,1.101552247e-09,1.114278989e-09,1.127056296e-09,1.139803674e-09,1.152529028e-09,1.165294048e-09,1.178047207e-09,1.190792191e-09,1.203543538e-09,1.216300719e-09,1.229008768e-09,1.241769944e-09,1.254542361e-09,1.267220304e-09,1.279985014e-09,1.292738186e-09,1.305444031e-09,1.318123192e-09,1.330958561e-09,1.343667312e-09,1.356335629e-09,1.369120597e-09,1.380613932e-09]",0.9,000000000000000111111111100000,000000000000011111111110000000,000000000000011111111110000000,000000000000011111111110000000,0,13,22,10,1,1,0,0,0,phi_p04,4,medium_200mv_200ps,0.2,2e-10,8.137184350000001e-10,-1.86281565e-10,0,0,0,0,2,0
scenarios/010_glitch_medium_200mv_200ps_phi_m04_o0010_v1p100000000000,capture,1.1,4,0,2.4512626e-10,1.2451262600000001e-09,"[1.076101629e-09,1.095365965e-09,1.11467838e-09,1.134019936e-09,1.15335328e-09,1.172714004e-09,1.192065044e-09,1.211401003e-09,1.230750061e-09,1.250044355e-09,1.269432142e-09,1.288740419e-09,1.308064587e-09,1.327402697e-09,1.346724387e-09,1.366104746e-09,1.385436988e-09,1.404861281e-09,1.424200319e-09,1.443526563e-09,1.462830351e-09,1.48215127e-09,1.501467107e-09,1.520807553e-09,1.540159424e-09,1.559432297e-09,1.578827051e-09,1.598092342e-09,1.617412716e-09,1.635505625e-09]","[1.013550823e-09,1.029745259e-09,1.042015699e-09,1.054747684e-09,1.06750908e-09,1.080281006e-09,1.092994625e-09,1.105734115e-09,1.118503907e-09,1.13123146e-09,1.143973957e-09,1.156705198e-09,1.169462902e-09,1.182215022e-09,1.194958963e-09,1.207681829e-09,1.220413493e-09,1.23317372e-09,1.245849939e-09,1.258631279e-09,1.271344049e-09,1.284087103e-09,1.296861431e-09,1.309620238e-09,1.322333066e-09,1.335086844e-09,1.347793269e-09,1.360544468e-09,1.373335798e-09,1.384729872e-09]",0.9,000000000111111100000000000000,000000011111110000000000000000,000000011111110000000000000000,000000011111110000000000000000,0,7,13,7,1,1,0,0,0,phi_m04,-4,medium_200mv_200ps,0.2,2e-10,8.274368700000001e-10,-1.7256313e-10,1,1,2,2,2,0
scenarios/014_glitch_medium_200mv_200ps_phi_p04_o0014_v1p100000000000,capture,1.1,4,0,3.5487374e-10,1.35487374e-09,"[1.076101629e-09,1.095365965e-09,1.11467838e-09,1.134019936e-09,1.15335328e-09,1.172714004e-09,1.192065044e-09,1.211401003e-09,1.230750061e-09,1.25009976e-09,1.269411619e-09,1.288775034e-09,1.308043843e-09,1.327335298e-09,1.346629448e-09,1.366011033e-09,1.385322709e-09,1.404733305e-09,1.42396542e-09,1.44338814e-09,1.462660283e-09,1.482011671e-09,1.501173529e-09,1.520491525e-09,1.539750908e-09,1.559089502e-09,1.578501376e-09,1.597752422e-09,1.61706687e-09,1.635123462e-09]","[1.013550823e-09,1.029745259e-09,1.042015699e-09,1.054747684e-09,1.06750908e-09,1.080281006e-09,1.092994625e-09,1.105734115e-09,1.118503907e-09,1.13123146e-09,1.143973957e-09,1.156705198e-09,1.169462902e-09,1.182215022e-09,1.194958963e-09,1.207681829e-09,1.220413493e-09,1.23317372e-09,1.245894494e-09,1.258667153e-09,1.271379151e-09,1.284114723e-09,1.296857657e-09,1.309616977e-09,1.322280453e-09,1.335051942e-09,1.347809315e-09,1.360404337e-09,1.373215051e-09,1.38466925e-09]",0.9,000000000000001111111111100000,000000000000011111111110000000,000000000000011111111110000000,000000000000011111111110000000,0,13,22,10,1,1,0,0,0,phi_p04,4,medium_200mv_200ps,0.2,2e-10,8.274368700000001e-10,-1.7256313e-10,0,0,0,0,2,0
scenarios/015_glitch_medium_200mv_200ps_phi_m04_o0015_v1p100000000000,capture,1.1,4,0,2.4512626e-10,1.2451262600000001e-09,"[1.08161981e-09,1.100903599e-09,1.120234787e-09,1.139566008e-09,1.15892239e-09,1.178222737e-09,1.197529277e-09,1.216856012e-09,1.236182468e-09,1.255563539e-09,1.274875822e-09,1.294224076e-09,1.313597793e-09,1.332941465e-09,1.352221948e-09,1.371592462e-09,1.390945835e-09,1.410310402e-09,1.429684333e-09,1.44894192e-09,1.468350441e-09,1.487700177e-09,1.507027921e-09,1.526407504e-09,1.545682498e-09,1.565057297e-09,1.584382816e-09,1.603557942e-09,1.622912145e-09,1.641009606e-09]","[1.013534521e-09,1.032245749e-09,1.046488833e-09,1.058989382e-09,1.071713028e-09,1.084433612e-09,1.097199016e-09,1.109948747e-09,1.122698045e-09,1.135424704e-09,1.148159444e-09,1.160902721e-09,1.173650219e-09,1.186418941e-09,1.19916213e-09,1.211873994e-09,1.224629256e-09,1.237422956e-09,1.249984447e-09,1.262800975e-09,1.275550455e-09,1.288276307e-09,1.301033406e-09,1.313802509e-09,1.32653122e-09,1.339273226e-09,1.351994923e-09,1.364764183e-09,1.377505001e-09,1.388979609e-09]",0.9,000000001111111100000000000000,000000011111110000000000000000,000000011111110000000000000000,000000011111110000000000000000,0,7,13,7,1,1,0,0,0,phi_m04,-4,medium_200mv_200ps,0.2,2e-10,8.411553050000001e-10,-1.5884469500000002e-10,1,1,2,2,2,0
scenarios/019_glitch_medium_200mv_200ps_phi_p04_o0019_v1p100000000000,capture,1.1,4,0,3.5487374e-10,1.35487374e-09,"[1.08161981e-09,1.100903599e-09,1.120234787e-09,1.139566008e-09,1.15892239e-09,1.178222737e-09,1.197529277e-09,1.216856012e-09,1.236182468e-09,1.255535901e-09,1.274893902e-09,1.294246391e-09,1.313500918e-09,1.332800805e-09,1.352061956e-09,1.371398744e-09,1.390723475e-09,1.41005382e-09,1.429435149e-09,1.448784586e-09,1.468085087e-09,1.487436327e-09,1.506843787e-09,1.526034107e-09,1.545415528e-09,1.56476225e-09,1.584095986e-09,1.603447802e-09,1.622795496e-09,1.640784654e-09]","[1.013534521e-09,1.032245749e-09,1.046488833e-09,1.058989382e-09,1.071713028e-09,1.084433612e-09,1.097199016e-09,1.109948747e-09,1.122698045e-09,1.135424704e-09,1.148159444e-09,1.160902721e-09,1.173650219e-09,1.186418941e-09,1.19916213e-09,1.211873994e-09,1.224629256e-09,1.237422956e-09,1.250069837e-09,1.262825962e-09,1.275568902e-09,1.288282923e-09,1.301043723e-09,1.313809813e-09,1.326513547e-09,1.339336886e-09,1.352041399e-09,1.364742917e-09,1.377503076e-09,1.388971992e-09]",0.9,000000000000001111111111100000,000000000000111111111100000000,000000000000011111111110000000,000000000000011111111110000000,0,13,22,10,1,1,0,0,0,phi_p04,4,medium_200mv_200ps,0.2,2e-10,8.411553050000001e-10,-1.5884469500000002e-10,0,0,0,0,2,0
scenarios/020_glitch_medium_200mv_200ps_phi_m04_o0020_v1p100000000000,capture,1.1,4,0,2.4512626e-10,1.2451262600000001e-09,"[1.086789053e-09,1.106060865e-09,1.12539261e-09,1.144708998e-09,1.163979458e-09,1.183328881e-09,1.202649892e-09,1.22198795e-09,1.241339235e-09,1.26067512e-09,1.279998616e-09,1.299317822e-09,1.318645813e-09,1.338019158e-09,1.35733782e-09,1.376674169e-09,1.395985578e-09,1.415323522e-09,1.434696407e-09,1.454017254e-09,1.473368819e-09,1.492648246e-09,1.512035494e-09,1.531330257e-09,1.550668506e-09,1.570022048e-09,1.589383931e-09,1.608771825e-09,1.628067534e-09,1.645944563e-09]","[1.013562619e-09,1.032184483e-09,1.050945991e-09,1.063556765e-09,1.076163443e-09,1.08895207e-09,1.101679487e-09,1.114424171e-09,1.127135229e-09,1.139896828e-09,1.15266724e-09,1.165413581e-09,1.17812476e-09,1.190880456e-09,1.20367641e-09,1.216389655e-09,1.229139974e-09,1.241939334e-09,1.25455631e-09,1.267358768e-09,1.280121901e-09,1.292757621e-09,1.305583818e-09,1.318224822e-09,1.330894228e-09,1.343651915e-09,1.356406806e-09,1.369059324e-09,1.381793421e-09,1.393324247e-09]",0.9,000000001111111100000000000000,000000111111110000000000000000,000000011111110000000000000000,000000011111110000000000000000,0,7,13,7,1,1,0,0,0,phi_m04,-4,medium_200mv_200ps,0.2,2e-10,8.548737400000001e-10,-1.4512626e-10,1,1,2,2,2,0
scenarios/024_glitch_medium_200mv_200ps_phi_p04_o0024_v1p100000000000,capture,1.1,4,0,3.5487374e-10,1.35487374e-09,"[1.086789053e-09,1.106060865e-09,1.12539261e-09,1.144708998e-09,1.163979458e-09,1.183328881e-09,1.202649892e-09,1.22198795e-09,1.241339235e-09,1.260685766e-09,1.280001811e-09,1.29936037e-09,1.318637524e-09,1.338030433e-09,1.357317409e-09,1.376729085e-09,1.396023112e-09,1.415442184e-09,1.434767083e-09,1.454078759e-09,1.473447492e-09,1.492801599e-09,1.512102551e-09,1.53150307e-09,1.550745357e-09,1.570050008e-09,1.589378153e-09,1.608704995e-09,1.628059812e-09,1.646170787e-09]","[1.013562619e-09,1.032184483e-09,1.050945991e-09,1.063556765e-09,1.076163443e-09,1.08895207e-09,1.101679487e-09,1.114424171e-09,1.127135229e-09,1.139896828e-09,1.15266724e-09,1.165413581e-09,1.17812476e-09,1.190880456e-09,1.20367641e-09,1.216389655e-09,1.229139974e-09,1.241939334e-09,1.254624124e-09,1.267373594e-09,1.280118894e-09,1.29283199e-09,1.305608018e-09,1.318307943e-09,1.330967128e-09,1.343744702e-09,1.35637624e-09,1.369173138e-09,1.381921651e-09,1.393390706e-09]",0.9,000000000000001111111111000000,000000000000111111111100000000,000000000000111111111100000000,000000000000111111111100000000,0,12,21,10,1,1,0,0,0,phi_p04,4,medium_200mv_200ps,0.2,2e-10,8.548737400000001e-10,-1.4512626e-10,1,1,2,2,2,0
scenarios/025_glitch_medium_200mv_200ps_phi_m04_o0025_v1p100000000000,capture,1.1,4,0,2.4512626e-10,1.2451262600000001e-09,"[1.092180011e-09,1.111468635e-09,1.130764667e-09,1.150098101e-09,1.169408458e-09,1.188764936e-09,1.208135105e-09,1.227462822e-09,1.246720843e-09,1.266136905e-09,1.285464737e-09,1.304807223e-09,1.324128872e-09,1.343405699e-09,1.362707419e-09,1.38198948e-09,1.401319807e-09,1.4206981e-09,1.43999822e-09,1.459314685e-09,1.478664622e-09,1.497975607e-09,1.517303771e-09,1.536565443e-09,1.55586671e-09,1.57514551e-09,1.594536288e-09,1.613914481e-09,1.633228986e-09,1.65126763e-09]","[1.013553843e-09,1.032181573e-09,1.050943647e-09,1.068885014e-09,1.080570176e-09,1.09333672e-09,1.106051269e-09,1.118817999e-09,1.13153658e-09,1.144279734e-09,1.157047402e-09,1.169790836e-09,1.182524236e-09,1.195273275e-09,1.208060123e-09,1.220780961e-09,1.233523856e-09,1.246230696e-09,1.258997443e-09,1.271742739e-09,1.284535978e-09,1.297265318e-09,1.310005605e-09,1.322785588e-09,1.335523162e-09,1.348237907e-09,1.360872797e-09,1.373621007e-09,1.38636376e-09,1.397819583e-09]",0.9,000000001111111000000000000000,000000111111100000000000000000,000000111111100000000000000000,000000111111100000000000000000,0,6,12,7,1,1,0,0,0,phi_m04,-4,medium_200mv_200ps,0.2,2e-10,8.685921750000001e-10,-1.31407825e-10,1,1,4,4,2,1
scenarios/029_glitch_medium_200mv_200ps_phi_p04_o0029_v1p100000000000,capture,1.1,4,0,3.5487374e-10,1.35487374e-09,"[1.092180011e-09,1.111468635e-09,1.130764667e-09,1.150098101e-09,1.169408458e-09,1.188764936e-09,1.208135105e-09,1.227462822e-09,1.246806713e-09,1.266060951e-09,1.285412281e-09,1.304752921e-09,1.324056068e-09,1.343392929e-09,1.362659686e-09,1.382001551e-09,1.401322367e-09,1.420703097e-09,1.440044843e-09,1.459422557e-09,1.478627547e-09,1.49797857e-09,1.517368068e-09,1.53666956e-09,1.555954993e-09,1.575410187e-09,1.594686772e-09,1.614091928e-09,1.633344077e-09,1.651442676e-09]","[1.013553843e-09,1.032181573e-09,1.050943647e-09,1.068885014e-09,1.080570176e-09,1.09333672e-09,1.106051269e-09,1.118817999e-09,1.13153658e-09,1.144279734e-09,1.157047402e-09,1.169790836e-09,1.182524236e-09,1.195273275e-09,1.208060123e-09,1.220780961e-09,1.233523856e-09,1.246327798e-09,1.258957283e-09,1.271688566e-09,1.284456601e-09,1.297217358e-09,1.309927132e-09,1.322731588e-09,1.335431154e-09,1.348139326e-09,1.360833992e-09,1.373623254e-09,1.386396863e-09,1.397894921e-09]",0.9,000000000000001111111111000000,000000000000111111111100000000,000000000000111111111100000000,000000000000111111111100000000,0,12,21,10,1,1,0,0,0,phi_p04,4,medium_200mv_200ps,0.2,2e-10,8.685921750000001e-10,-1.31407825e-10,1,1,2,2,2,0
scenarios/030_glitch_medium_200mv_200ps_phi_m04_o0030_v1p100000000000,capture,1.1,4,0,2.4512626e-10,1.2451262600000001e-09,"[1.097416091e-09,1.116627076e-09,1.135914479e-09,1.155230613e-09,1.174561559e-09,1.193878908e-09,1.213216986e-09,1.232538813e-09,1.251792429e-09,1.271140886e-09,1.290480221e-09,1.309832893e-09,1.329189661e-09,1.348454398e-09,1.367699247e-09,1.387049896e-09,1.40635932e-09,1.425702376e-09,1.444992792e-09,1.464368927e-09,1.483702956e-09,1.503106912e-09,1.522368263e-09,1.541705546e-09,1.561035629e-09,1.580363772e-09,1.599664636e-09,1.619026562e-09,1.638260832e-09,1.656332763e-09]","[1.013554855e-09,1.032184023e-09,1.050943511e-09,1.069578806e-09,1.085246391e-09,1.097584728e-09,1.110289749e-09,1.123051935e-09,1.135845575e-09,1.148560779e-09,1.161301425e-09,1.17410908e-09,1.186824883e-09,1.199569548e-09,1.212364666e-09,1.225088247e-09,1.237836124e-09,1.250469637e-09,1.26327064e-09,1.276001061e-09,1.288773565e-09,1.301522771e-09,1.314239808e-09,1.327011232e-09,1.339767506e-09,1.352480972e-09,1.365102289e-09,1.377852716e-09,1.390575723e-09,1.402043687e-09]",0.9,000000001111111000000000000000,000000111111100000000000000000,000000111111100000000000000000,000000111111100000000000000000,0,6,12,7,1,1,0,0,0,phi_m04,-4,medium_200mv_200ps,0.2,2e-10,8.823106100000001e-10,-1.1768939e-10,1,1,4,4,2,1
scenarios/034_glitch_medium_200mv_200ps_phi_p04_o0034_v1p100000000000,capture,1.1,4,0,3.5487374e-10,1.35487374e-09,"[1.097416091e-09,1.116627076e-09,1.135914479e-09,1.155230613e-09,1.174561559e-09,1.193878908e-09,1.213216986e-09,1.232538813e-09,1.251874341e-09,1.271180012e-09,1.290516373e-09,1.309851196e-09,1.329206316e-09,1.348523719e-09,1.36788241e-09,1.387216251e-09,1.406537413e-09,1.425925056e-09,1.445252844e-09,1.464507081e-09,1.483810775e-09,1.503165435e-09,1.522460577e-09,1.541813247e-09,1.561146135e-09,1.58049164e-09,1.599826886e-09,1.619131247e-09,1.638399567e-09,1.656357039e-09]","[1.013554855e-09,1.032184023e-09,1.050943511e-09,1.069578806e-09,1.085246391e-09,1.097584728e-09,1.110289749e-09,1.123051935e-09,1.135845575e-09,1.148560779e-09,1.161301425e-09,1.17410908e-09,1.186824883e-09,1.199569548e-09,1.212364666e-09,1.225088247e-09,1.237836124e-09,1.250610895e-09,1.26332644e-09,1.276050673e-09,1.28879895e-09,1.301560678e-09,1.314325264e-09,1.327002186e-09,1.339654233e-09,1.352384826e-09,1.365117802e-09,1.377881684e-09,1.390608575e-09,1.402073162e-09]",0.9,000000000000011111111111000000,000000000000111111111000000000,000000000000111111111100000000,000000000000111111111100000000,0,12,21,10,1,1,0,0,0,phi_p04,4,medium_200mv_200ps,0.2,2e-10,8.823106100000001e-10,-1.1768939e-10,1,1,2,2,2,0
scenarios/035_glitch_medium_200mv_200ps_phi_m04_o0035_v1p100000000000,capture,1.1,4,0,2.4512626e-10,1.2451262600000001e-09,"[1.102720895e-09,1.12155307e-09,1.140858575e-09,1.160167733e-09,1.179509293e-09,1.198869245e-09,1.218222253e-09,1.237559852e-09,1.256909423e-09,1.27624687e-09,1.295605652e-09,1.314948467e-09,1.334303282e-09,1.353596137e-09,1.372883713e-09,1.392185622e-09,1.411450912e-09,1.430877375e-09,1.45005307e-09,1.469424656e-09,1.488660811e-09,1.50800717e-09,1.527347396e-09,1.546687883e-09,1.566068988e-09,1.585361142e-09,1.604649626e-09,1.62387642e-09,1.643228963e-09,1.661279031e-09]","[1.013557013e-09,1.032180436e-09,1.05094599e-09,1.06958441e-09,1.088119901e-09,1.101992721e-09,1.114532217e-09,1.127291883e-09,1.140050417e-09,1.152778005e-09,1.16555133e-09,1.178293848e-09,1.191029372e-09,1.203806263e-09,1.216532704e-09,1.229261481e-09,1.242048285e-09,1.254705134e-09,1.267445666e-09,1.280226786e-09,1.292966653e-09,1.305713167e-09,1.318424142e-09,1.331200322e-09,1.343952568e-09,1.356662885e-09,1.369345019e-09,1.382173931e-09,1.39488067e-09,1.406325558e-09]",0.9,000000011111111000000000000000,000000111111100000000000000000,000000111111100000000000000000,000000111111100000000000000000,0,6,12,7,1,1,0,0,0,phi_m04,-4,medium_200mv_200ps,0.2,2e-10,8.96029045e-10,-1.03970955e-10,1,1,4,4,2,1
scenarios/039_glitch_medium_200mv_200ps_phi_p04_o0039_v1p100000000000,capture,1.1,4,0,3.5487374e-10,1.35487374e-09,"[1.102720895e-09,1.12155307e-09,1.140858575e-09,1.160167733e-09,1.179509293e-09,1.198869245e-09,1.218222253e-09,1.237559852e-09,1.256909211e-09,1.276204003e-09,1.295559713e-09,1.3148968e-09,1.334230944e-09,1.353601042e-09,1.372939913e-09,1.392289826e-09,1.411601418e-09,1.430937389e-09,1.450215901e-09,1.469565086e-09,1.488892579e-09,1.508302741e-09,1.527501423e-09,1.54684446e-09,1.56617963e-09,1.58550636e-09,1.604830727e-09,1.624066789e-09,1.643431497e-09,1.661457543e-09]","[1.013557013e-09,1.032180436e-09,1.05094599e-09,1.06958441e-09,1.088119901e-09,1.101992721e-09,1.114532217e-09,1.127291883e-09,1.140050417e-09,1.152778005e-09,1.16555133e-09,1.178293848e-09,1.191029372e-09,1.203806263e-09,1.216532704e-09,1.229261481e-09,1.242048285e-09,1.254783918e-09,1.267490873e-09,1.280239557e-09,1.292941461e-09,1.305691866e-09,1.318445352e-09,1.331137639e-09,1.343799156e-09,1.356502769e-09,1.369261251e-09,1.382047123e-09,1.394791101e-09,1.406297246e-09]",0.9,000000000000011111111110000000,000000000001111111111000000000,000000000000111111111000000000,000000000000111111111000000000,0,12,20,9,1,1,0,0,0,phi_p04,4,medium_200mv_200ps,0.2,2e-10,8.96029045e-10,-1.03970955e-10,1,1,3,3,2,1
scenarios/040_glitch_medium_200mv_200ps_phi_m04_o0040_v1p100000000000,capture,1.1,4,0,2.4512626e-10,1.2451262600000001e-09,"[1.109563403e-09,1.127076123e-09,1.146360817e-09,1.165688939e-09,1.185034578e-09,1.204369085e-09,1.223721765e-09,1.243064514e-09,1.262383774e-09,1.281724582e-09,1.301075159e-09,1.320431533e-09,1.339773155e-09,1.359077658e-09,1.378400005e-09,1.397687478e-09,1.416997263e-09,1.436344219e-09,1.455706517e-09,1.475074267e-09,1.49440837e-09,1.513765559e-09,1.533104542e-09,1.552490708e-09,1.571840896e-09,1.591247892e-09,1.610476567e-09,1.629842724e-09,1.649183742e-09,1.667265894e-09]","[1.013555004e-09,1.032182755e-09,1.050944863e-09,1.069581394e-09,1.088120844e-09,1.106765698e-09,1.119079273e-09,1.131741701e-09,1.144491872e-09,1.157240776e-09,1.169997118e-09,1.182741715e-09,1.195493984e-09,1.208228353e-09,1.220987097e-09,1.233744164e-09,1.246401095e-09,1.259199067e-09,1.271967417e-09,1.28468539e-09,1.297433932e-09,1.310187897e-09,1.322939503e-09,1.33566509e-09,1.348407132e-09,1.361133437e-09,1.373824301e-09,1.386623625e-09,1.399319653e-09,1.410785709e-09]",0.9,000000011111110000000000000000,000001111111000000000000000000,000000111111000000000000000000,000000111111000000000000000000,0,6,11,6,1,1,0,0,0,phi_m04,-4,medium_200mv_200ps,0.2,2e-10,9.0974748e-10,-9.025252e-11,1,1,5,5,2,1
scenarios/044_glitch_medium_200mv_200ps_phi_p04_o0044_v1p100000000000,capture,1.1,4,0,3.5487374e-10,1.35487374e-09,"[1.109563403e-09,1.127076123e-09,1.146360817e-09,1.165688939e-09,1.185034578e-09,1.204369085e-09,1.223721765e-09,1.243064514e-09,1.262415599e-09,1.281712653e-09,1.301068357e-09,1.320407916e-09,1.339754279e-09,1.359060354e-09,1.378444101e-09,1.397759344e-09,1.417118522e-09,1.436458803e-09,1.455644626e-09,1.475000475e-09,1.494361378e-09,1.513747905e-09,1.533024599e-09,1.552234777e-09,1.571589684e-09,1.590986152e-09,1.610317882e-09,1.629657935e-09,1.648998798e-09,1.66710097e-09]","[1.013555004e-09,1.032182755e-09,1.050944863e-09,1.069581394e-09,1.088120844e-09,1.106765698e-09,1.119079273e-09,1.131741701e-09,1.144491872e-09,1.157240776e-09,1.169997118e-09,1.182741715e-09,1.195493984e-09,1.208228353e-09,1.220987097e-09,1.233744164e-09,1.246462507e-09,1.259217142e-09,1.271872099e-09,1.284608855e-09,1.297351686e-09,1.310093952e-09,1.322810699e-09,1.335557135e-09,1.34828065e-09,1.360957154e-09,1.373748305e-09,1.386532559e-09,1.39926754e-09,1.410759104e-09]",0.9,000000000000011111111110000000,000000000001111111111000000000,000000000001111111111000000000,000000000001111111111000000000,0,11,20,10,1,1,0,0,0,phi_p04,4,medium_200mv_200ps,0.2,2e-10,9.0974748e-10,-9.025252e-11,1,1,4,4,2,1
scenarios/045_glitch_medium_200mv_200ps_phi_m04_o0045_v1p100000000000,capture,1.1,4,0,2.4512626e-10,1.2451262600000001e-09,"[1.109681182e-09,1.132632327e-09,1.151722933e-09,1.17105085e-09,1.190386395e-09,1.209735693e-09,1.229057582e-09,1.248327471e-09,1.267701566e-09,1.287038761e-09,1.306364234e-09,1.325703014e-09,1.345045055e-09,1.364361312e-09,1.383745265e-09,1.403081211e-09,1.42242607e-09,1.441760425e-09,1.461112938e-09,1.480477952e-09,1.499821161e-09,1.519176121e-09,1.53856074e-09,1.557915251e-09,1.577146704e-09,1.596472655e-09,1.615836104e-09,1.635205786e-09,1.654522396e-09,1.672573321e-09]","[1.013554371e-09,1.032183573e-09,1.050943048e-09,1.069578344e-09,1.088121068e-09,1.1067667e-09,1.124103334e-09,1.136125783e-09,1.148830723e-09,1.161571792e-09,1.174312599e-09,1.187021959e-09,1.199782693e-09,1.212539166e-09,1.225264083e-09,1.238007794e-09,1.250637053e-09,1.263428545e-09,1.276210682e-09,1.288945479e-09,1.30166048e-09,1.314421158e-09,1.32720715e-09,1.339920089e-09,1.352670667e-09,1.365379957e-09,1.37812891e-09,1.390918519e-09,1.403540293e-09,1.415043007e-09]",0.9,000000011111110000000000000000,000001111111000000000000000000,000001111111000000000000000000,000001111111000000000000000000,0,5,11,7,1,1,0,0,0,phi_m04,-4,medium_200mv_200ps,0.2,2e-10,9.23465915e-10,-7.653408500000002e-11,1,1,6,6,2,1
scenarios/049_glitch_medium_200mv_200ps_phi_p04_o0049_v1p100000000000,capture,1.1,4,0,3.5487374e-10,1.35487374e-09,"[1.109681182e-09,1.132632327e-09,1.151722933e-09,1.17105085e-09,1.190386395e-09,1.209735693e-09,1.229057582e-09,1.248397418e-09,1.267719835e-09,1.28709853e-09,1.306373761e-09,1.325708712e-09,1.344995773e-09,1.364300547e-09,1.383682005e-09,1.402996911e-09,1.422334183e-09,1.441678055e-09,1.460980133e-09,1.480155559e-09,1.499475719e-09,1.51870353e-09,1.538052643e-09,1.557290718e-09,1.576725092e-09,1.596023183e-09,1.615385925e-09,1.634734263e-09,1.653863099e-09,1.671883372e-09]","[1.013554371e-09,1.032183573e-09,1.050943048e-09,1.069578344e-09,1.088121068e-09,1.1067667e-09,1.124103334e-09,1.136125783e-09,1.148830723e-09,1.161571792e-09,1.174312599e-09,1.187021959e-09,1.199782693e-09,1.212539166e-09,1.225264083e-09,1.238007794e-09,1.250718746e-09,1.263478265e-09,1.276192555e-09,1.288959847e-09,1.301622514e-09,1.314401012e-09,1.327173634e-09,1.339868675e-09,1.352665624e-09,1.365361452e-09,1.378084906e-09,1.390852641e-09,1.403641688e-09,1.415107843e-09]",0.9,000000000000111111111110000000,000000000001111111110000000000,000000000001111111111000000000,000000000001111111111000000000,0,11,20,10,1,1,0,0,0,phi_p04,4,medium_200mv_200ps,0.2,2e-10,9.23465915e-10,-7.653408500000002e-11,1,1,4,4,2,1
scenarios/050_glitch_medium_200mv_200ps_phi_m04_o0050_v1p100000000000,capture,1.1,4,0,2.4512626e-10,1.2451262600000001e-09,"[1.109679906e-09,1.13842286e-09,1.157051658e-09,1.17638009e-09,1.195703269e-09,1.214992345e-09,1.234317039e-09,1.253621631e-09,1.272943754e-09,1.292282935e-09,1.311622067e-09,1.330994774e-09,1.350327138e-09,1.369616705e-09,1.388895245e-09,1.408219539e-09,1.427531805e-09,1.446755877e-09,1.466219268e-09,1.485472475e-09,1.504792831e-09,1.524179987e-09,1.543533279e-09,1.562823507e-09,1.582141559e-09,1.601492588e-09,1.620779008e-09,1.640090611e-09,1.65937069e-09,1.677395744e-09]","[1.01355508e-09,1.032184011e-09,1.050943963e-09,1.069579467e-09,1.088121625e-09,1.106767069e-09,1.125337276e-09,1.140648767e-09,1.152976217e-09,1.165718927e-09,1.178503713e-09,1.191234596e-09,1.203985021e-09,1.216721942e-09,1.229434514e-09,1.242202909e-09,1.254896058e-09,1.267638481e-09,1.280390991e-09,1.293186414e-09,1.305891813e-09,1.318642861e-09,1.331429581e-09,1.344145587e-09,1.35688898e-09,1.369578032e-09,1.382319288e-09,1.395072902e-09,1.407789343e-09,1.41926151e-09]",0.9,000000111111110000000000000000,000001111110000000000000000000,000001111111000000000000000000,000001111111000000000000000000,0,5,11,7,1,1,0,0,0,phi_m04,-4,medium_200mv_200ps,0.2,2e-10,9.3718435e-10,-6.281565e-11,1,1,6,6,2,1
scenarios/054_glitch_medium_200mv_200ps_phi_p04_o0054_v1p100000000000,capture,1.1,4,0,3.5487374e-10,1.35487374e-09,"[1.109679906e-09,1.13842286e-09,1.157051658e-09,1.17638009e-09,1.195703269e-09,1.214992345e-09,1.234317039e-09,1.253648453e-09,1.27298305e-09,1.292358719e-09,1.311699657e-09,1.331029021e-09,1.350345861e-09,1.369638939e-09,1.38898961e-09,1.408359757e-09,1.42761924e-09,1.446949149e-09,1.466302484e-09,1.485654585e-09,1.505047217e-09,1.524366637e-09,1.54358781e-09,1.562797517e-09,1.582153024e-09,1.601437451e-09,1.620775387e-09,1.640066979e-09,1.659364834e-09,1.677473007e-09]","[1.01355508e-09,1.032184011e-09,1.050943963e-09,1.069579467e-09,1.088121625e-09,1.106767069e-09,1.125337276e-09,1.140648767e-09,1.152976217e-09,1.165718927e-09,1.178503713e-09,1.191234596e-09,1.203985021e-09,1.216721942e-09,1.229434514e-09,1.242202909e-09,1.254986765e-09,1.267699805e-09,1.280408163e-09,1.293222261e-09,1.305915346e-09,1.318729999e-09,1.331460709e-09,1.344119375e-09,1.356813165e-09,1.369596767e-09,1.38234133e-09,1.395116284e-09,1.407841737e-09,1.41931318e-09]",0.9,000000000000111111111100000000,000000000011111111110000000000,000000000001111111110000000000,000000000001111111110000000000,0,11,19,9,1,1,0,0,0,phi_p04,4,medium_200mv_200ps,0.2,2e-10,9.3718435e-10,-6.281565e-11,1,1,5,5,2,1
scenarios/055_glitch_medium_200mv_200ps_phi_m04_o0055_v1p100000000000,capture,1.1,4,0,2.4512626e-10,1.2451262600000001e-09,"[1.109680099e-09,1.141437753e-09,1.162637842e-09,1.181802375e-09,1.201127219e-09,1.220487977e-09,1.239805389e-09,1.259143048e-09,1.278491523e-09,1.29785101e-09,1.317165176e-09,1.336509133e-09,1.355825648e-09,1.37508452e-09,1.394394193e-09,1.413691186e-09,1.433021283e-09,1.452339568e-09,1.471649983e-09,1.491008173e-09,1.51033753e-09,1.529630222e-09,1.548922422e-09,1.568210176e-09,1.587572609e-09,1.606960967e-09,1.626258248e-09,1.645447405e-09,1.664766033e-09,1.682809934e-09]","[1.013555167e-09,1.032183682e-09,1.050944405e-09,1.069580263e-09,1.088121427e-09,1.10676665e-09,1.125337411e-09,1.143959893e-09,1.157422893e-09,1.169976398e-09,1.182779893e-09,1.195492322e-09,1.208240543e-09,1.221042259e-09,1.233749486e-09,1.246434068e-09,1.259251202e-09,1.27198524e-09,1.28472729e-09,1.297527064e-09,1.310241456e-09,1.322983685e-09,1.335783679e-09,1.348502794e-09,1.361247894e-09,1.373929513e-09,1.386691124e-09,1.399415852e-09,1.412124139e-09,1.423599959e-09]",0.9,000000111111100000000000000000,000001111110000000000000000000,000001111110000000000000000000,000001111110000000000000000000,0,5,10,6,1,1,0,0,0,phi_m04,-4,medium_200mv_200ps,0.2,2e-10,9.50902785e-10,-4.909721499999999e-11,1,1,7,7,2,1
scenarios/059_glitch_medium_200mv_200ps_phi_p04_o0059_v1p100000000000,capture,1.1,4,0,3.5487374e-10,1.35487374e-09,"[1.109680099e-09,1.141437753e-09,1.162637842e-09,1.181802375e-09,1.201127219e-09,1.220487977e-09,1.239805389e-09,1.25917615e-09,1.278493054e-09,1.29779193e-09,1.317117265e-09,1.336478131e-09,1.355784623e-09,1.375178953e-09,1.394512236e-09,1.41384234e-09,1.433176045e-09,1.452464872e-09,1.471792861e-09,1.491106701e-09,1.510384468e-09,1.529762788e-09,1.549085197e-09,1.56836743e-09,1.587768179e-09,1.607091735e-09,1.626353461e-09,1.645695406e-09,1.664964282e-09,1.682884059e-09]","[1.013555167e-09,1.032183682e-09,1.050944405e-09,1.069580263e-09,1.088121427e-09,1.10676665e-09,1.125337411e-09,1.143959893e-09,1.157422893e-09,1.169976398e-09,1.182779893e-09,1.195492322e-09,1.208240543e-09,1.221042259e-09,1.233749486e-09,1.246494486e-09,1.259294236e-09,1.272007454e-09,1.28470982e-09,1.297532401e-09,1.310228213e-09,1.323015526e-09,1.335740319e-09,1.348410943e-09,1.361092975e-09,1.373916191e-09,1.386651834e-09,1.399399229e-09,1.412155978e-09,1.423602634e-09]",0.9,000000000000111111111100000000,000000000011111111110000000000,000000000011111111110000000000,000000000011111111110000000000,0,10,19,10,1,1,0,0,0,phi_p04,4,medium_200mv_200ps,0.2,2e-10,9.50902785e-10,-4.909721499999999e-11,1,1,6,6,2,1
scenarios/060_glitch_medium_200mv_200ps_phi_m04_o0060_v1p100000000000,capture,1.1,4,0,2.4512626e-10,1.2451262600000001e-09,"[1.109680195e-09,1.141436154e-09,1.168549629e-09,1.187160176e-09,1.206499433e-09,1.225856987e-09,1.24510264e-09,1.264500523e-09,1.283841432e-09,1.303177286e-09,1.322509606e-09,1.34184042e-09,1.361179339e-09,1.380503166e-09,1.399852098e-09,1.419210154e-09,1.43858788e-09,1.458010558e-09,1.477304106e-09,1.496610029e-09,1.515902208e-09,1.535198825e-09,1.554536753e-09,1.573892596e-09,1.59316632e-09,1.612536683e-09,1.631760463e-09,1.651102811e-09,1.670425969e-09,1.688273179e-09]","[1.013555182e-09,1.032184184e-09,1.050943954e-09,1.069579377e-09,1.088121765e-09,1.106767269e-09,1.12533733e-09,1.143959942e-09,1.162444821e-09,1.174579828e-09,1.187263484e-09,1.200004268e-09,1.212747293e-09,1.225546805e-09,1.238261806e-09,1.250917692e-09,1.263718345e-09,1.276466968e-09,1.289213714e-09,1.301994095e-09,1.314726488e-09,1.327474058e-09,1.340235286e-09,1.352977477e-09,1.365724017e-09,1.378461347e-09,1.391156873e-09,1.403820159e-09,1.416575602e-09,1.428006669e-09]",0.9,000000111111100000000000000000,000011111110000000000000000000,000001111110000000000000000000,000001111110000000000000000000,0,5,10,6,1,1,0,0,0,phi_m04,-4,medium_200mv_200ps,0.2,2e-10,9.6462122e-10,-3.5378780000000005e-11,1,1,7,7,2,1
scenarios/064_glitch_medium_200mv_200ps_phi_p04_o0064_v1p100000000000,capture,1.1,4,0,3.5487374e-10,1.35487374e-09,"[1.109680195e-09,1.141436154e-09,1.168549629e-09,1.187160176e-09,1.206499433e-09,1.225856987e-09,1.245171204e-09,1.264516146e-09,1.283834013e-09,1.303161876e-09,1.322537901e-09,1.341882946e-09,1.361114198e-09,1.380505739e-09,1.399848867e-09,1.419199163e-09,1.438494255e-09,1.457908632e-09,1.477185133e-09,1.496573668e-09,1.515945453e-09,1.53526286e-09,1.554619325e-09,1.574029145e-09,1.59336958e-09,1.612708044e-09,1.632041578e-09,1.651298763e-09,1.67060066e-09,1.688630439e-09]","[1.013555182e-09,1.032184184e-09,1.050943954e-09,1.069579377e-09,1.088121765e-09,1.106767269e-09,1.12533733e-09,1.143959942e-09,1.162444821e-09,1.174579828e-09,1.187263484e-09,1.200004268e-09,1.212747293e-09,1.225546805e-09,1.238261806e-09,1.251004218e-09,1.263804434e-09,1.276523899e-09,1.289269587e-09,1.302021918e-09,1.314672577e-09,1.327482819e-09,1.340201307e-09,1.352931711e-09,1.365630859e-09,1.378397446e-09,1.391153219e-09,1.403864169e-09,1.416639224e-09,1.428142347e-09]",0.9,000000000000111111111100000000,000000000011111111100000000000,000000000011111111110000000000,000000000011111111110000000000,0,10,19,10,1,1,0,0,0,phi_p04,4,medium_200mv_200ps,0.2,2e-10,9.6462122e-10,-3.5378780000000005e-11,1,1,6,6,2,1
scenarios/065_glitch_medium_200mv_200ps_phi_m04_o0065_v1p100000000000,capture,1.1,4,0,2.4512626e-10,1.2451262600000001e-09,"[1.109818879e-09,1.141507052e-09,1.173481114e-09,1.1929217e-09,1.212187564e-09,1.231536425e-09,1.250780365e-09,1.270179129e-09,1.289517849e-09,1.308877708e-09,1.328220369e-09,1.347574831e-09,1.366923375e-09,1.386260855e-09,1.40556938e-09,1.424873921e-09,1.44414954e-09,1.463510537e-09,1.482851346e-09,1.502175272e-09,1.521456994e-09,1.540704689e-09,1.560024796e-09,1.579368387e-09,1.598666289e-09,1.618027405e-09,1.637415974e-09,1.656774707e-09,1.675983698e-09,1.694085879e-09]","[1.013608923e-09,1.03229066e-09,1.050873345e-09,1.069558927e-09,1.088191016e-09,1.106870303e-09,1.125397153e-09,1.144038384e-09,1.1625666e-09,1.179305491e-09,1.191566109e-09,1.204282584e-09,1.217053013e-09,1.229781645e-09,1.24251553e-09,1.255206817e-09,1.267972849e-09,1.280712107e-09,1.293479635e-09,1.306225048e-09,1.31897915e-09,1.331690402e-09,1.344457264e-09,1.357208021e-09,1.369952713e-09,1.382671924e-09,1.395401084e-09,1.408161535e-09,1.420850801e-09,1.432405235e-09]",0.9,000000111111100000000000000000,000011111100000000000000000000,000011111110000000000000000000,000011111110000000000000000000,0,4,10,7,1,1,0,0,0,phi_m04,-4,medium_200mv_200ps,0.2,2e-10,9.78339655e-10,-2.1660345000000018e-11,1,1,8,8,2,1
scenarios/069_glitch_medium_200mv_200ps_phi_p04_o0069_v1p100000000000,capture,1.1,4,0,3.5487374e-10,1.35487374e-09,"[1.109818879e-09,1.141507052e-09,1.173481114e-09,1.1929217e-09,1.212187564e-09,1.231536425e-09,1.250873437e-09,1.27022351e-09,1.289561517e-09,1.30892136e-09,1.328233693e-09,1.347606705e-09,1.366940867e-09,1.386291121e-09,1.405647602e-09,1.424932646e-09,1.444313527e-09,1.463658253e-09,1.483094029e-09,1.502420391e-09,1.521679912e-09,1.541055902e-09,1.560206347e-09,1.579628009e-09,1.598934606e-09,1.618299947e-09,1.637600884e-09,1.656957347e-09,1.676318395e-09,1.694297426e-09]","[1.013608923e-09,1.03229066e-09,1.050873345e-09,1.069558927e-09,1.088191016e-09,1.106870303e-09,1.125397153e-09,1.144038384e-09,1.1625666e-09,1.179305491e-09,1.191566109e-09,1.204282584e-09,1.217053013e-09,1.229781645e-09,1.24251553e-09,1.255295212e-09,1.268032449e-09,1.280764967e-09,1.293535316e-09,1.306281208e-09,1.318987086e-09,1.331763052e-09,1.344521479e-09,1.357155938e-09,1.369955746e-09,1.382702311e-09,1.395456317e-09,1.408206417e-09,1.420932041e-09,1.432356396e-09]",0.9,000000000001111111111000000000,000000000011111111100000000000,000000000011111111100000000000,000000000011111111100000000000,0,10,18,9,1,1,0,0,0,phi_p04,4,medium_200mv_200ps,0.2,2e-10,9.78339655e-10,-2.1660345000000018e-11,1,1,7,7,2,1
scenarios/070_glitch_medium_200mv_200ps_phi_m04_o0070_v1p100000000000,capture,1.1,4,0,2.4512626e-10,1.2451262600000001e-09,"[1.109832519e-09,1.141592324e-09,1.173502742e-09,1.198565301e-09,1.217462232e-09,1.236812871e-09,1.256142622e-09,1.275501601e-09,1.294852194e-09,1.314188403e-09,1.333522495e-09,1.352849235e-09,1.37220107e-09,1.391545982e-09,1.41083514e-09,1.430127376e-09,1.449409303e-09,1.468796853e-09,1.488146168e-09,1.507492038e-09,1.526861791e-09,1.546190834e-09,1.565410424e-09,1.584810168e-09,1.604083431e-09,1.623463328e-09,1.642783157e-09,1.662162127e-09,1.681490126e-09,1.69944595e-09]","[1.013737224e-09,1.03236036e-09,1.051153105e-09,1.069827961e-09,1.088317372e-09,1.106959372e-09,1.125533282e-09,1.144155517e-09,1.162643334e-09,1.18127551e-09,1.196164416e-09,1.208564203e-09,1.221311671e-09,1.234057713e-09,1.246712172e-09,1.25950534e-09,1.272251038e-09,1.285003309e-09,1.297750573e-09,1.310474675e-09,1.323220121e-09,1.33594317e-09,1.348696989e-09,1.361456397e-09,1.374208047e-09,1.386927935e-09,1.399683235e-09,1.412449299e-09,1.425107825e-09,1.436661339e-09]",0.9,000001111111000000000000000000,000011111100000000000000000000,000011111100000000000000000000,000011111100000000000000000000,0,4,9,6,1,1,0,0,0,phi_m04,-4,medium_200mv_200ps,0.2,2e-10,9.9205809e-10,-7.941910000000004e-12,1,1,9,9,2,1
scenarios/074_glitch_medium_200mv_200ps_phi_p04_o0074_v1p100000000000,capture,1.1,4,0,3.5487374e-10,1.35487374e-09,"[1.109832519e-09,1.141592324e-09,1.173502742e-09,1.198565301e-09,1.217462232e-09,1.236812871e-09,1.256155031e-09,1.2755026e-09,1.294851803e-09,1.314141553e-09,1.333506784e-09,1.352868549e-09,1.372187571e-09,1.391505415e-09,1.410847149e-09,1.430180862e-09,1.449565931e-09,1.468945885e-09,1.48819633e-09,1.507474191e-09,1.526825869e-09,1.546159893e-09,1.565501917e-09,1.584836092e-09,1.60420644e-09,1.623547961e-09,1.642774096e-09,1.662159598e-09,1.681478705e-09,1.699477845e-09]","[1.013737224e-09,1.03236036e-09,1.051153105e-09,1.069827961e-09,1.088317372e-09,1.106959372e-09,1.125533282e-09,1.144155517e-09,1.162643334e-09,1.18127551e-09,1.196164416e-09,1.208564203e-09,1.221311671e-09,1.234057713e-09,1.246811817e-09,1.25953895e-09,1.272277403e-09,1.285031899e-09,1.297780326e-09,1.310504892e-09,1.323252961e-09,1.335913355e-09,1.34868544e-09,1.361345163e-09,1.374151355e-09,1.386857751e-09,1.399645184e-09,1.412412224e-09,1.425125379e-09,1.436658571e-09]",0.9,000000000001111111111000000000,000000000111111111100000000000,000000000011111111100000000000,000000000011111111100000000000,0,10,18,9,1,1,0,0,0,phi_p04,4,medium_200mv_200ps,0.2,2e-10,9.9205809e-10,-7.941910000000004e-12,1,1,7,7,2,1
scenarios/075_glitch_medium_200mv_200ps_phi_m04_o0075_v1p100000000000,capture,1.1,4,0,2.4512626e-10,1.2451262600000001e-09,"[1.111086707e-09,1.142804914e-09,1.174758913e-09,1.205968862e-09,1.223696141e-09,1.243004084e-09,1.262336736e-09,1.281681187e-09,1.301047656e-09,1.320398766e-09,1.339667128e-09,1.359021252e-09,1.378351792e-09,1.397681915e-09,1.417009776e-09,1.436314491e-09,1.455653417e-09,1.475051552e-09,1.494350595e-09,1.513636771e-09,1.532967777e-09,1.552375855e-09,1.57168439e-09,1.590976505e-09,1.61029105e-09,1.6296669e-09,1.649014496e-09,1.668287689e-09,1.687679779e-09,1.705687026e-09]","[1.014160103e-09,1.033267651e-09,1.051856628e-09,1.070429064e-09,1.089145187e-09,1.107852937e-09,1.126374739e-09,1.144972011e-09,1.16354511e-09,1.182148494e-09,1.200778344e-09,1.213710894e-09,1.226322008e-09,1.239041252e-09,1.251716619e-09,1.264537445e-09,1.277261465e-09,1.290008068e-09,1.302762825e-09,1.315513233e-09,1.328262382e-09,1.341013273e-09,1.353726173e-09,1.366471385e-09,1.379276554e-09,1.391986587e-09,1.40473389e-09,1.417419053e-09,1.430157438e-09,1.441678657e-09]",0.9,000001111111000000000000000000,000111111100000000000000000000,000011111100000000000000000000,000011111100000000000000000000,0,4,9,6,1,1,0,0,0,phi_m04,-4,medium_200mv_200ps,0.2,2e-10,1.0057765250000001e-09,5.776525000000009e-12,1,1,9,9,2,1
scenarios/079_glitch_medium_200mv_200ps_phi_p04_o0079_v1p100000000000,capture,1.1,4,0,3.5487374e-10,1.35487374e-09,"[1.111086707e-09,1.142804914e-09,1.174758913e-09,1.205968862e-09,1.223696141e-09,1.243004084e-09,1.262355986e-09,1.281707524e-09,1.301066664e-09,1.320399109e-09,1.339729845e-09,1.358977607e-09,1.378414034e-09,1.397786486e-09,1.417092007e-09,1.436389608e-09,1.455737254e-09,1.474966391e-09,1.494343552e-09,1.513694984e-09,1.532980131e-09,1.552221317e-09,1.571510258e-09,1.590906456e-09,1.610236796e-09,1.629576611e-09,1.648927117e-09,1.668227236e-09,1.687507656e-09,1.705602314e-09]","[1.014160103e-09,1.033267651e-09,1.051856628e-09,1.070429064e-09,1.089145187e-09,1.107852937e-09,1.126374739e-09,1.144972011e-09,1.16354511e-09,1.182148494e-09,1.200778344e-09,1.213710894e-09,1.226322008e-09,1.239041252e-09,1.251812293e-09,1.264574304e-09,1.277300619e-09,1.290042143e-09,1.302771503e-09,1.315526049e-09,1.328206764e-09,1.340960109e-09,1.353703611e-09,1.366420922e-09,1.379145788e-09,1.391880501e-09,1.404657247e-09,1.417423598e-09,1.430137972e-09,1.441665525e-09]",0.9,000000000001111111111000000000,000000000111111111000000000000,000000000111111111000000000000,000000000111111111000000000000,0,9,17,9,1,1,0,0,0,phi_p04,4,medium_200mv_200ps,0.2,2e-10,1.0057765250000001e-09,5.776525000000009e-12,1,1,9,9,2,1
scenarios/080_glitch_medium_200mv_200ps_phi_m04_o0080_v1p100000000000,capture,1.1,4,0,2.4512626e-10,1.2451262600000001e-09,"[1.102722184e-09,1.134554742e-09,1.166493331e-09,1.198275382e-09,1.224495094e-09,1.243217712e-09,1.262553667e-09,1.28189438e-09,1.301254087e-09,1.320628866e-09,1.339948713e-09,1.359298722e-09,1.378594186e-09,1.397929707e-09,1.417213271e-09,1.436569958e-09,1.455942487e-09,1.475341879e-09,1.494620351e-09,1.513963064e-09,1.533304501e-09,1.552653254e-09,1.572053982e-09,1.59125881e-09,1.610613385e-09,1.629963807e-09,1.649319066e-09,1.668617854e-09,1.687923127e-09,1.706017492e-09]","[1.010558565e-09,1.026391786e-09,1.04567189e-09,1.06426484e-09,1.0828137e-09,1.10156245e-09,1.120181887e-09,1.138804192e-09,1.157388336e-09,1.1759745e-09,1.19460356e-09,1.213227373e-09,1.226515227e-09,1.239083127e-09,1.251752438e-09,1.264573526e-09,1.277293732e-09,1.290044973e-09,1.302808288e-09,1.315543368e-09,1.328302892e-09,1.341021763e-09,1.353747559e-09,1.366532228e-09,1.379300359e-09,1.392016179e-09,1.404766381e-09,1.417489383e-09,1.43025383e-09,1.441759081e-09]",0.9,000001111111000000000000000000,000111111000000000000000000000,000011111100000000000000000000,000011111100000000000000000000,0,4,9,6,1,1,0,0,0,phi_m04,-4,medium_200mv_200ps,0.2,2e-10,1.0194949600000001e-09,1.9494959999999996e-11,1,1,9,9,2,1
scenarios/084_glitch_medium_200mv_200ps_phi_p04_o0084_v1p100000000000,capture,1.1,4,0,3.5487374e-10,1.35487374e-09,"[1.102722184e-09,1.134554742e-09,1.166493331e-09,1.198275382e-09,1.224495094e-09,1.243217712e-09,1.262557541e-09,1.281906889e-09,1.301244434e-09,1.320626315e-09,1.339891602e-09,1.3592111e-09,1.378619481e-09,1.397977323e-09,1.417290012e-09,1.436582379e-09,1.455922433e-09,1.475208762e-09,1.494501944e-09,1.513872039e-09,1.533245592e-09,1.552609878e-09,1.571941062e-09,1.591354783e-09,1.610667955e-09,1.630007077e-09,1.649360686e-09,1.668608377e-09,1.687999576e-09,1.706084768e-09]","[1.010558565e-09,1.026391786e-09,1.04567189e-09,1.06426484e-09,1.0828137e-09,1.10156245e-09,1.120181887e-09,1.138804192e-09,1.157388336e-09,1.1759745e-09,1.19460356e-09,1.213227373e-09,1.226515227e-09,1.239083127e-09,1.251855438e-09,1.26461195e-09,1.277335502e-09,1.290070266e-09,1.302859061e-09,1.31557654e-09,1.328335754e-09,1.341024146e-09,1.353667869e-09,1.366359449e-09,1.379136834e-09,1.391847491e-09,1.404626887e-09,1.417407442e-09,1.430122132e-09,1.441650267e-09]",0.9,000000000001111111111000000000,000000000111111111000000000000,000000000111111111000000000000,000000000111111111000000000000,0,9,17,9,1,1,0,0,0,phi_p04,4,medium_200mv_200ps,0.2,2e-10,1.0194949600000001e-09,1.9494959999999996e-11,1,1,9,9,2,1
scenarios/085_glitch_medium_200mv_200ps_phi_m04_o0085_v1p100000000000,capture,1.1,4,0,2.4512626e-10,1.2451262600000001e-09,"[1.093808822e-09,1.125624685e-09,1.157488911e-09,1.189318261e-09,1.221264128e-09,1.243506239e-09,1.262643943e-09,1.281980691e-09,1.301254332e-09,1.320602092e-09,1.339933456e-09,1.359265726e-09,1.378637987e-09,1.39795837e-09,1.417259324e-09,1.43661309e-09,1.455995509e-09,1.475396258e-09,1.494660177e-09,1.514002449e-09,1.533351408e-09,1.552739534e-09,1.572044918e-09,1.591267445e-09,1.610515134e-09,1.629901121e-09,1.649288209e-09,1.668590078e-09,1.68796821e-09,1.705906679e-09]","[1.010558565e-09,1.023283949e-09,1.038520317e-09,1.05801176e-09,1.076722024e-09,1.095265117e-09,1.113808817e-09,1.132455012e-09,1.151047015e-09,1.169611784e-09,1.188227644e-09,1.20680353e-09,1.225450724e-09,1.239232598e-09,1.251650744e-09,1.26443955e-09,1.277188474e-09,1.289938694e-09,1.302688409e-09,1.315400876e-09,1.328145806e-09,1.340950113e-09,1.353660055e-09,1.366407515e-09,1.379208457e-09,1.391915938e-09,1.404661038e-09,1.417381008e-09,1.430150109e-09,1.441670858e-09]",0.9,000001111111000000000000000000,000111111000000000000000000000,000011111000000000000000000000,000011111000000000000000000000,0,4,8,5,1,1,0,0,0,phi_m04,-4,medium_200mv_200ps,0.2,2e-10,1.0332133950000001e-09,3.321339499999998e-11,1,1,10,10,2,1
scenarios/089_glitch_medium_200mv_200ps_phi_p04_o0089_v1p100000000000,capture,1.1,4,0,3.5487374e-10,1.35487374e-09,"[1.093808822e-09,1.125624685e-09,1.157488911e-09,1.189318261e-09,1.221264128e-09,1.243517496e-09,1.262635622e-09,1.281945669e-09,1.301257848e-09,1.320596443e-09,1.339903677e-09,1.35918851e-09,1.378593137e-09,1.397941788e-09,1.417258121e-09,1.43655165e-09,1.45589381e-09,1.475168691e-09,1.494472176e-09,1.513848765e-09,1.533209141e-09,1.552593721e-09,1.571918423e-09,1.591330501e-09,1.610639781e-09,1.629978876e-09,1.649334608e-09,1.668581712e-09,1.687971561e-09,1.706057093e-09]","[1.010558565e-09,1.023283949e-09,1.038520317e-09,1.05801176e-09,1.076722024e-09,1.095265117e-09,1.113808817e-09,1.132455012e-09,1.151047015e-09,1.169611784e-09,1.188227644e-09,1.20680353e-09,1.225450724e-09,1.239232598e-09,1.251779972e-09,1.264491646e-09,1.277237386e-09,1.29001151e-09,1.302770252e-09,1.315482998e-09,1.328229175e-09,1.340986861e-09,1.353657709e-09,1.366343765e-09,1.379142659e-09,1.391852546e-09,1.404616152e-09,1.417405369e-09,1.430120003e-09,1.441648359e-09]",0.9,000000000001111111111000000000,000000000111111111000000000000,000000000111111111100000000000,000000000111111111100000000000,0,9,18,10,1,1,0,0,0,phi_p04,4,medium_200mv_200ps,0.2,2e-10,1.0332133950000001e-09,3.321339499999998e-11,1,1,8,8,2,1
scenarios/090_glitch_medium_200mv_200ps_phi_m04_o0090_v1p100000000000,capture,1.1,4,0,2.4512626e-10,1.2451262600000001e-09,"[1.085080176e-09,1.116879613e-09,1.148730229e-09,1.180637087e-09,1.212509137e-09,1.244408945e-09,1.2629447e-09,1.282218073e-09,1.301555261e-09,1.320893426e-09,1.340227151e-09,1.359587881e-09,1.378928866e-09,1.398264042e-09,1.417638607e-09,1.436939432e-09,1.456320422e-09,1.475643284e-09,1.494998632e-09,1.514358187e-09,1.533666928e-09,1.552921528e-09,1.572323734e-09,1.591624915e-09,1.610921575e-09,1.630224238e-09,1.649611656e-09,1.668958892e-09,1.688231924e-09,1.706309703e-09]","[1.010558565e-09,1.023283949e-09,1.036022632e-09,1.050672832e-09,1.070246701e-09,1.088853199e-09,1.107477618e-09,1.126212875e-09,1.144806807e-09,1.163500339e-09,1.182113276e-09,1.200680657e-09,1.219396701e-09,1.237987398e-09,1.252345671e-09,1.264825247e-09,1.277538854e-09,1.290312401e-09,1.303091316e-09,1.315804463e-09,1.328558054e-09,1.341343454e-09,1.354051922e-09,1.366804278e-09,1.37958573e-09,1.392299883e-09,1.405046293e-09,1.417844093e-09,1.430474067e-09,1.442010296e-09]",0.9,000001111110000000000000000000,000111111000000000000000000000,000011111000000000000000000000,000011111000000000000000000000,0,4,8,5,1,1,0,0,0,phi_m04,-4,medium_200mv_200ps,0.2,2e-10,1.0469318300000001e-09,4.693182999999997e-11,1,1,10,10,2,1
scenarios/094_glitch_medium_200mv_200ps_phi_p04_o0094_v1p100000000000,capture,1.1,4,0,3.5487374e-10,1.35487374e-09,"[1.085080176e-09,1.116879613e-09,1.148730229e-09,1.180637087e-09,1.212509137e-09,1.24441259e-09,1.262925126e-09,1.282210958e-09,1.301556065e-09,1.320933842e-09,1.340228008e-09,1.359536782e-09,1.378897286e-09,1.398258115e-09,1.417635287e-09,1.436931814e-09,1.45628983e-09,1.475599656e-09,1.49501223e-09,1.514285052e-09,1.533629756e-09,1.553022401e-09,1.572380838e-09,1.591704443e-09,1.611020323e-09,1.630360773e-09,1.649712758e-09,1.668985653e-09,1.688380358e-09,1.706382975e-09]","[1.010558565e-09,1.023283949e-09,1.036022632e-09,1.050672832e-09,1.070246701e-09,1.088853199e-09,1.107477618e-09,1.126212875e-09,1.144806807e-09,1.163500339e-09,1.182113276e-09,1.200680657e-09,1.219396701e-09,1.237987398e-09,1.252300171e-09,1.264815966e-09,1.277528326e-09,1.290274627e-09,1.303065831e-09,1.315779579e-09,1.328538628e-09,1.341240272e-09,1.353896767e-09,1.36660836e-09,1.379350515e-09,1.392081564e-09,1.404834443e-09,1.417611539e-09,1.430337507e-09,1.44186156e-09]",0.9,000000000001111111111000000000,000000000111111111000000000000,000000000111111111000000000000,000000000111111111000000000000,0,9,17,9,1,1,0,0,0,phi_p04,4,medium_200mv_200ps,0.2,2e-10,1.0469318300000001e-09,4.693182999999997e-11,1,1,9,9,2,1
scenarios/095_glitch_medium_200mv_200ps_phi_m04_o0095_v1p100000000000,capture,1.1,4,0,2.4512626e-10,1.2451262600000001e-09,"[1.076866073e-09,1.109160328e-09,1.14087991e-09,1.172747676e-09,1.204657536e-09,1.236512365e-09,1.264060612e-09,1.282691478e-09,1.302004437e-09,1.321359879e-09,1.340667231e-09,1.360008117e-09,1.379333558e-09,1.398650277e-09,1.41793871e-09,1.437307115e-09,1.45670594e-09,1.476043447e-09,1.495357711e-09,1.51459074e-09,1.533943621e-09,1.553297405e-09,1.572469886e-09,1.591775972e-09,1.611037875e-09,1.630473383e-09,1.649766114e-09,1.669094293e-09,1.688453658e-09,1.706455594e-09]","[1.010558565e-09,1.023283949e-09,1.036022632e-09,1.048775095e-09,1.062864534e-09,1.082515776e-09,1.101181115e-09,1.119754529e-09,1.138363924e-09,1.156955287e-09,1.175591358e-09,1.194144798e-09,1.212732367e-09,1.231369883e-09,1.249796151e-09,1.264877378e-09,1.277288297e-09,1.290063557e-09,1.302786137e-09,1.31549724e-09,1.328286362e-09,1.341061725e-09,1.353776069e-09,1.366523844e-09,1.379326887e-09,1.392040678e-09,1.404781965e-09,1.417505953e-09,1.430273824e-09,1.441790329e-09]",0.9,000001111111000000000000000000,000011111000000000000000000000,000011111100000000000000000000,000011111100000000000000000000,0,4,9,6,1,1,0,0,0,phi_m04,-4,medium_200mv_200ps,0.2,2e-10,1.060650265e-09,6.065026500000001e-11,1,1,9,9,2,1
scenarios/099_glitch_medium_200mv_200ps_phi_p04_o0099_v1p100000000000,capture,1.1,4,0,3.5487374e-10,1.35487374e-09,"[1.076866073e-09,1.109160328e-09,1.14087991e-09,1.172747676e-09,1.204657536e-09,1.236512365e-09,1.264035335e-09,1.282630162e-09,1.301944906e-09,1.321264183e-09,1.340641005e-09,1.359841443e-09,1.379260758e-09,1.398613131e-09,1.417951589e-09,1.437262511e-09,1.4565572e-09,1.475933966e-09,1.495149123e-09,1.514477622e-09,1.533847629e-09,1.553124614e-09,1.572495312e-09,1.591817263e-09,1.61113349e-09,1.630473958e-09,1.649864754e-09,1.669184757e-09,1.688461307e-09,1.706546015e-09]","[1.010558565e-09,1.023283949e-09,1.036022632e-09,1.048775095e-09,1.062864534e-09,1.082515776e-09,1.101181115e-09,1.119754529e-09,1.138363924e-09,1.156955287e-09,1.175591358e-09,1.194144798e-09,1.212732367e-09,1.231369883e-09,1.249991162e-09,1.264849243e-09,1.277236175e-09,1.289979837e-09,1.302782825e-09,1.315487772e-09,1.328205634e-09,1.341023866e-09,1.353701168e-09,1.366411966e-09,1.37919261e-09,1.391906929e-09,1.404687822e-09,1.41746562e-09,1.430184895e-09,1.441716069e-09]",0.9,000000000001111111111000000000,000000000111111111000000000000,000000000111111111100000000000,000000000111111111100000000000,0,9,18,10,1,1,0,0,0,phi_p04,4,medium_200mv_200ps,0.2,2e-10,1.060650265e-09,6.065026500000001e-11,1,1,8,8,2,1
scenarios/100_glitch_medium_200mv_200ps_phi_m04_o0100_v1p100000000000,capture,1.1,4,0,2.4512626e-10,1.2451262600000001e-09,"[1.069020134e-09,1.099721497e-09,1.131846563e-09,1.163577952e-09,1.195629035e-09,1.227372283e-09,1.259215602e-09,1.282828429e-09,1.301858588e-09,1.321202754e-09,1.340542934e-09,1.35989989e-09,1.379263037e-09,1.398578904e-09,1.417870307e-09,1.437236775e-09,1.456607465e-09,1.475996181e-09,1.495284312e-09,1.51462865e-09,1.533970208e-09,1.553362984e-09,1.572681235e-09,1.591958604e-09,1.611339855e-09,1.630658036e-09,1.650046704e-09,1.669296384e-09,1.688621332e-09,1.706598236e-09]","[1.010558565e-09,1.023283949e-09,1.036022632e-09,1.048775095e-09,1.061550847e-09,1.074274387e-09,1.094610774e-09,1.113327198e-09,1.131941369e-09,1.150430843e-09,1.169059524e-09,1.187715589e-09,1.206236082e-09,1.2248519e-09,1.24343635e-09,1.261956385e-09,1.277484405e-09,1.289819192e-09,1.302542124e-09,1.315276619e-09,1.328042144e-09,1.340789746e-09,1.353525078e-09,1.366268276e-09,1.379067243e-09,1.391781262e-09,1.404523337e-09,1.417249531e-09,1.430014816e-09,1.44153353e-09]",0.9,000000111111000000000000000000,000011111100000000000000000000,000011111100000000000000000000,000011111100000000000000000000,0,4,9,6,1,1,0,0,0,phi_m04,-4,medium_200mv_200ps,0.2,2e-10,1.0743687e-09,7.43687e-11,1,1,9,9,2,1
scenarios/104_glitch_medium_200mv_200ps_phi_p04_o0104_v1p100000000000,capture,1.1,4,0,3.5487374e-10,1.35487374e-09,"[1.069020134e-09,1.099721497e-09,1.131846563e-09,1.163577952e-09,1.195629035e-09,1.227372283e-09,1.259260979e-09,1.282899019e-09,1.301945008e-09,1.321301649e-09,1.34059578e-09,1.359872675e-09,1.379279385e-09,1.398620852e-09,1.417960722e-09,1.437278431e-09,1.456624009e-09,1.475946197e-09,1.495314252e-09,1.514593303e-09,1.533869706e-09,1.553271049e-09,1.572635804e-09,1.591960591e-09,1.611262419e-09,1.630601773e-09,1.649948392e-09,1.669348708e-09,1.688582403e-09,1.706604159e-09]","[1.010558565e-09,1.023283949e-09,1.036022632e-09,1.048775095e-09,1.061550847e-09,1.074274387e-09,1.094610774e-09,1.113327198e-09,1.131941369e-09,1.150430843e-09,1.169059524e-09,1.187715589e-09,1.206236082e-09,1.2248519e-09,1.243454672e-09,1.262092029e-09,1.277516697e-09,1.289862152e-09,1.302560577e-09,1.31530831e-09,1.328018057e-09,1.340773961e-09,1.35352292e-09,1.366219752e-09,1.378984352e-09,1.391718946e-09,1.404462704e-09,1.417263066e-09,1.429894978e-09,1.441420942e-09]",0.9,000000000001111111111000000000,000000000111111111000000000000,000000000111111111100000000000,000000000111111111100000000000,0,9,18,10,1,1,0,0,0,phi_p04,4,medium_200mv_200ps,0.2,2e-10,1.0743687e-09,7.43687e-11,1,1,8,8,2,1
scenarios/105_glitch_medium_200mv_200ps_phi_m04_o0105_v1p100000000000,capture,1.1,4,0,2.4512626e-10,1.2451262600000001e-09,"[1.069020134e-09,1.090074113e-09,1.123382853e-09,1.155192475e-09,1.187075869e-09,1.218930623e-09,1.250787276e-09,1.282833399e-09,1.302428046e-09,1.321693042e-09,1.341075764e-09,1.360421445e-09,1.379767764e-09,1.399082913e-09,1.41836241e-09,1.437690946e-09,1.457062248e-09,1.476459361e-09,1.495736464e-09,1.515065571e-09,1.534403266e-09,1.553774111e-09,1.573112031e-09,1.592400831e-09,1.611773983e-09,1.631066397e-09,1.650410555e-09,1.669817385e-09,1.689031918e-09,1.707138894e-09]","[1.010558565e-09,1.023283949e-09,1.036022632e-09,1.048775095e-09,1.061550847e-09,1.074298039e-09,1.087041408e-09,1.106732063e-09,1.125390976e-09,1.144044516e-09,1.162766023e-09,1.181331887e-09,1.199994765e-09,1.218654431e-09,1.237395733e-09,1.255874604e-09,1.274521819e-09,1.290544105e-09,1.302833731e-09,1.315550201e-09,1.328309234e-09,1.341070559e-09,1.353804857e-09,1.366546646e-09,1.379349465e-09,1.392064378e-09,1.404807361e-09,1.417525346e-09,1.430292685e-09,1.441772477e-09]",0.9,000000111111000000000000000000,000011111100000000000000000000,000011111110000000000000000000,000011111110000000000000000000,0,4,10,7,1,1,0,0,0,phi_m04,-4,medium_200mv_200ps,0.2,2e-10,1.088087135e-09,8.808713499999998e-11,1,1,8,8,2,1
scenarios/109_glitch_medium_200mv_200ps_phi_p04_o0109_v1p100000000000,capture,1.1,4,0,3.5487374e-10,1.35487374e-09,"[1.069020134e-09,1.090074113e-09,1.123382853e-09,1.155192475e-09,1.187075869e-09,1.218930623e-09,1.250940615e-09,1.282771688e-09,1.302401047e-09,1.321679239e-09,1.341057153e-09,1.360256861e-09,1.379654352e-09,1.398994966e-09,1.418341178e-09,1.437678714e-09,1.456980981e-09,1.476287546e-09,1.495585719e-09,1.514986126e-09,1.534299934e-09,1.55354481e-09,1.572825548e-09,1.592183027e-09,1.611540932e-09,1.630930005e-09,1.650239174e-09,1.669461175e-09,1.688761672e-09,1.706774588e-09]","[1.010558565e-09,1.023283949e-09,1.036022632e-09,1.048775095e-09,1.061550847e-09,1.074298039e-09,1.087041408e-09,1.106732063e-09,1.125390976e-09,1.144044516e-09,1.162766023e-09,1.181331887e-09,1.199994765e-09,1.218654431e-09,1.237395733e-09,1.256045674e-09,1.274673736e-09,1.290646915e-09,1.302944174e-09,1.31565875e-09,1.328385444e-09,1.341206363e-09,1.353877737e-09,1.366602801e-09,1.37938021e-09,1.39209678e-09,1.404882959e-09,1.41764477e-09,1.430370575e-09,1.441870016e-09]",0.9,000000000001111111111000000000,000000000111111111000000000000,000000000111111111100000000000,000000000111111111100000000000,0,9,18,10,1,1,0,0,0,phi_p04,4,medium_200mv_200ps,0.2,2e-10,1.088087135e-09,8.808713499999998e-11,1,1,8,8,2,1
scenarios/110_glitch_medium_200mv_200ps_phi_m04_o0110_v1p100000000000,capture,1.1,4,0,2.4512626e-10,1.2451262600000001e-09,"[1.069020134e-09,1.088269675e-09,1.113597699e-09,1.146283459e-09,1.178075992e-09,1.20990496e-09,1.241875404e-09,1.273691144e-09,1.302788007e-09,1.321463312e-09,1.340769173e-09,1.360101541e-09,1.37944945e-09,1.398769453e-09,1.41801129e-09,1.437333375e-09,1.456719525e-09,1.476054012e-09,1.495366281e-09,1.514607483e-09,1.53394386e-09,1.553276724e-09,1.572584233e-09,1.591911846e-09,1.611261784e-09,1.630475203e-09,1.649739557e-09,1.669181372e-09,1.688461903e-09,1.706500014e-09]","[1.010558565e-09,1.023283949e-09,1.036022632e-09,1.048775095e-09,1.061550847e-09,1.074298039e-09,1.087076059e-09,1.099810623e-09,1.119010209e-09,1.137732415e-09,1.156341486e-09,1.174954487e-09,1.193552843e-09,1.21215783e-09,1.230731879e-09,1.249133297e-09,1.267900096e-09,1.286516818e-09,1.303162825e-09,1.315430117e-09,1.328164458e-09,1.340950209e-09,1.353672784e-09,1.366414816e-09,1.379216222e-09,1.391930921e-09,1.404674237e-09,1.417363885e-09,1.430115245e-09,1.4416027e-09]",0.9,000000111111100000000000000000,000011111100000000000000000000,000001111110000000000000000000,000001111110000000000000000000,0,5,10,6,1,1,0,0,0,phi_m04,-4,medium_200mv_200ps,0.2,2e-10,1.10180557e-09,1.0180557000000002e-10,1,1,7,7,2,1
scenarios/114_glitch_medium_200mv_200ps_phi_p04_o0114_v1p100000000000,capture,1.1,4,0,3.5487374e-10,1.35487374e-09,"[1.069020134e-09,1.088269675e-09,1.113597699e-09,1.146283459e-09,1.178075992e-09,1.20990496e-09,1.241875404e-09,1.273658203e-09,1.302768916e-09,1.321430419e-09,1.340736648e-09,1.359932338e-09,1.379342819e-09,1.398682478e-09,1.418027233e-09,1.437369739e-09,1.45665024e-09,1.47598799e-09,1.495263716e-09,1.51468816e-09,1.533999851e-09,1.55326779e-09,1.572552051e-09,1.591886968e-09,1.611127832e-09,1.63046576e-09,1.649754161e-09,1.668988202e-09,1.688340929e-09,1.706380209e-09]","[1.010558565e-09,1.023283949e-09,1.036022632e-09,1.048775095e-09,1.061550847e-09,1.074298039e-09,1.087076059e-09,1.099810623e-09,1.119010209e-09,1.137732415e-09,1.156341486e-09,1.174954487e-09,1.193552843e-09,1.21215783e-09,1.230731879e-09,1.249332409e-09,1.267963404e-09,1.286580373e-09,1.303090424e-09,1.315346826e-09,1.328094259e-09,1.34087081e-09,1.353540819e-09,1.366247393e-09,1.379039961e-09,1.391756457e-09,1.404536954e-09,1.417304673e-09,1.43003117e-09,1.441546436e-09]",0.9,000000000001111111111000000000,000000000111111111000000000000,000000000111111111100000000000,000000000111111111100000000000,0,9,18,10,1,1,0,0,0,phi_p04,4,medium_200mv_200ps,0.2,2e-10,1.10180557e-09,1.0180557000000002e-10,1,1,8,8,2,1
scenarios/115_glitch_medium_200mv_200ps_phi_m04_o0115_v1p100000000000,capture,1.1,4,0,2.4512626e-10,1.2451262600000001e-09,"[1.069020134e-09,1.088269675e-09,1.107572288e-09,1.137063334e-09,1.169184277e-09,1.201033557e-09,1.233045737e-09,1.264846243e-09,1.296735731e-09,1.321969202e-09,1.340869824e-09,1.360224276e-09,1.379556369e-09,1.398899662e-09,1.418174776e-09,1.437544007e-09,1.456950557e-09,1.476261023e-09,1.495585823e-09,1.514927415e-09,1.534174431e-09,1.553496172e-09,1.572895763e-09,1.592160022e-09,1.611412408e-09,1.630719019e-09,1.650002369e-09,1.669360389e-09,1.68865723e-09,1.70668001e-09]","[1.010558565e-09,1.023283949e-09,1.036022632e-09,1.048775095e-09,1.061550847e-09,1.074298039e-09,1.087076059e-09,1.099810623e-09,1.112560234e-09,1.131378958e-09,1.150194488e-09,1.168840662e-09,1.187362892e-09,1.205990354e-09,1.224634581e-09,1.243104079e-09,1.26164802e-09,1.280289502e-09,1.298892639e-09,1.316186308e-09,1.328211754e-09,1.340917657e-09,1.353633663e-09,1.366415183e-09,1.3791943e-09,1.391911935e-09,1.404663597e-09,1.417390753e-09,1.430149133e-09,1.441659845e-09]",0.9,000000111111100000000000000000,000001111110000000000000000000,000001111110000000000000000000,000001111110000000000000000000,0,5,10,6,1,1,0,0,0,phi_m04,-4,medium_200mv_200ps,0.2,2e-10,1.115524005e-09,1.1552400500000001e-10,1,1,7,7,2,1
scenarios/119_glitch_medium_200mv_200ps_phi_p04_o0119_v1p100000000000,capture,1.1,4,0,3.5487374e-10,1.35487374e-09,"[1.069020134e-09,1.088269675e-09,1.107572288e-09,1.137063334e-09,1.169184277e-09,1.201033557e-09,1.233045737e-09,1.264840558e-09,1.296650204e-09,1.321877207e-09,1.340762776e-09,1.359967867e-09,1.379382004e-09,1.398724471e-09,1.418065207e-09,1.437390382e-09,1.45669309e-09,1.476090777e-09,1.495432628e-09,1.514792353e-09,1.534113986e-09,1.553405997e-09,1.572718995e-09,1.592102801e-09,1.61147907e-09,1.630828424e-09,1.650143931e-09,1.66953634e-09,1.688805746e-09,1.706776752e-09]","[1.010558565e-09,1.023283949e-09,1.036022632e-09,1.048775095e-09,1.061550847e-09,1.074298039e-09,1.087076059e-09,1.099810623e-09,1.112560234e-09,1.131378958e-09,1.150194488e-09,1.168840662e-09,1.187362892e-09,1.205990354e-09,1.224634581e-09,1.243157986e-09,1.26176939e-09,1.280374484e-09,1.298937009e-09,1.316172907e-09,1.328195969e-09,1.34093339e-09,1.353646749e-09,1.366317957e-09,1.379114573e-09,1.391830567e-09,1.404606417e-09,1.417379761e-09,1.430104627e-09,1.441627371e-09]",0.9,000000000001111111111000000000,000000000111111111000000000000,000000000111111111100000000000,000000000111111111100000000000,0,9,18,10,1,1,0,0,0,phi_p04,4,medium_200mv_200ps,0.2,2e-10,1.115524005e-09,1.1552400500000001e-10,1,1,8,8,2,1
scenarios/120_glitch_medium_200mv_200ps_phi_m04_o0120_v1p100000000000,capture,1.1,4,0,2.4512626e-10,1.2451262600000001e-09,"[1.069020134e-09,1.088269675e-09,1.107572288e-09,1.12688832e-09,1.159759648e-09,1.191799808e-09,1.223580636e-09,1.255454303e-09,1.28739073e-09,1.31939703e-09,1.340696164e-09,1.359925089e-09,1.379236954e-09,1.39857537e-09,1.417810505e-09,1.437121835e-09,1.456483461e-09,1.475857025e-09,1.49509291e-09,1.514443864e-09,1.533832636e-09,1.553191222e-09,1.572495712e-09,1.591864884e-09,1.61123725e-09,1.630516128e-09,1.649878157e-09,1.669082848e-09,1.688424606e-09,1.706455455e-09]","[1.010558565e-09,1.023283949e-09,1.036022632e-09,1.048775095e-09,1.061550847e-09,1.074298039e-09,1.087076059e-09,1.099810623e-09,1.112560234e-09,1.125318458e-09,1.143851946e-09,1.162664529e-09,1.181148666e-09,1.199809276e-09,1.218344507e-09,1.236954726e-09,1.255399662e-09,1.27400631e-09,1.292629043e-09,1.311268987e-09,1.329364064e-09,1.340975166e-09,1.353669804e-09,1.36643386e-09,1.379226176e-09,1.39194117e-09,1.404691016e-09,1.417378125e-09,1.430126909e-09,1.441622864e-09]",0.9,000000011111100000000000000000,000001111110000000000000000000,000001111111000000000000000000,000001111111000000000000000000,0,5,11,7,1,1,0,0,0,phi_m04,-4,medium_200mv_200ps,0.2,2e-10,1.12924244e-09,1.2924244e-10,1,1,6,6,2,1
scenarios/124_glitch_medium_200mv_200ps_phi_p04_o0124_v1p100000000000,capture,1.1,4,0,3.5487374e-10,1.35487374e-09,"[1.069020134e-09,1.088269675e-09,1.107572288e-09,1.12688832e-09,1.159759648e-09,1.191799808e-09,1.223580636e-09,1.25560708e-09,1.287412071e-09,1.319214833e-09,1.340671577e-09,1.359784832e-09,1.379140586e-09,1.398505244e-09,1.417871121e-09,1.437214648e-09,1.456494567e-09,1.47587184e-09,1.495089609e-09,1.514445875e-09,1.533857213e-09,1.553116139e-09,1.572497608e-09,1.591822312e-09,1.611128419e-09,1.630468162e-09,1.649863442e-09,1.669176024e-09,1.688455488e-09,1.706540903e-09]","[1.010558565e-09,1.023283949e-09,1.036022632e-09,1.048775095e-09,1.061550847e-09,1.074298039e-09,1.087076059e-09,1.099810623e-09,1.112560234e-09,1.125318458e-09,1.143851946e-09,1.162664529e-09,1.181148666e-09,1.199809276e-09,1.218344507e-09,1.236954726e-09,1.255543057e-09,1.274088059e-09,1.292578975e-09,1.31110248e-09,1.329419637e-09,1.341066642e-09,1.353747618e-09,1.366453443e-09,1.37915936e-09,1.391915947e-09,1.404681771e-09,1.417428518e-09,1.430173434e-09,1.441698923e-09]",0.9,000000000001111111111000000000,000000000111111111000000000000,000000000111111111000000000000,000000000111111111000000000000,0,9,17,9,1,1,0,0,0,phi_p04,4,medium_200mv_200ps,0.2,2e-10,1.12924244e-09,1.2924244e-10,1,1,9,9,2,1
scenarios/125_glitch_medium_200mv_200ps_phi_m04_o0125_v1p100000000000,capture,1.1,4,0,2.4512626e-10,1.2451262600000001e-09,"[1.069020134e-09,1.088269675e-09,1.107572288e-09,1.12688832e-09,1.150284932e-09,1.183493538e-09,1.215354459e-09,1.247189962e-09,1.279233422e-09,1.31101246e-09,1.34288379e-09,1.360451783e-09,1.379750232e-09,1.399092156e-09,1.418321229e-09,1.43760963e-09,1.457007342e-09,1.476358239e-09,1.495702411e-09,1.515045851e-09,1.534387252e-09,1.553682324e-09,1.573018522e-09,1.592272039e-09,1.611651548e-09,1.631025785e-09,1.650318875e-09,1.66966514e-09,1.689072218e-09,1.70699991e-09]","[1.010558565e-09,1.023283949e-09,1.036022632e-09,1.048775095e-09,1.061550847e-09,1.074298039e-09,1.087076059e-09,1.099810623e-09,1.112560234e-09,1.125318458e-09,1.13806122e-09,1.156140111e-09,1.175011016e-09,1.19360041e-09,1.212318677e-09,1.230964615e-09,1.249337031e-09,1.268118964e-09,1.286760774e-09,1.305377729e-09,1.323989082e-09,1.342429023e-09,1.354121395e-09,1.366801847e-09,1.379606304e-09,1.392322277e-09,1.405074343e-09,1.417825862e-09,1.430543535e-09,1.442048532e-09]",0.9,000000011111110000000000000000,000001111110000000000000000000,000000111111000000000000000000,000000111111000000000000000000,0,6,11,6,1,1,0,0,0,phi_m04,-4,medium_200mv_200ps,0.2,2e-10,1.142960875e-09,1.4296087499999998e-10,1,1,5,5,2,1
scenarios/129_glitch_medium_200mv_200ps_phi_p04_o0129_v1p100000000000,capture,1.1,4,0,3.5487374e-10,1.35487374e-09,"[1.069020134e-09,1.088269675e-09,1.107572288e-09,1.12688832e-09,1.150284932e-09,1.183493538e-09,1.215354459e-09,1.247284481e-09,1.279165295e-09,1.311034763e-09,1.342713617e-09,1.360232595e-09,1.379586207e-09,1.398927744e-09,1.418275454e-09,1.437616826e-09,1.456948664e-09,1.476317552e-09,1.495666531e-09,1.515040637e-09,1.534369725e-09,1.553697027e-09,1.573061718e-09,1.592400166e-09,1.611784731e-09,1.631105226e-09,1.650444381e-09,1.669734499e-09,1.689059248e-09,1.707027457e-09]","[1.010558565e-09,1.023283949e-09,1.036022632e-09,1.048775095e-09,1.061550847e-09,1.074298039e-09,1.087076059e-09,1.099810623e-09,1.112560234e-09,1.125318458e-09,1.13806122e-09,1.156140111e-09,1.175011016e-09,1.19360041e-09,1.212318677e-09,1.230964615e-09,1.249573716e-09,1.268015029e-09,1.28670697e-09,1.305108478e-09,1.323761673e-09,1.342160567e-09,1.353927285e-09,1.366579068e-09,1.379347908e-09,1.392064685e-09,1.404852226e-09,1.417615049e-09,1.43033989e-09,1.441850038e-09]",0.9,000000000001111111110000000000,000000000111111111000000000000,000000000111111111000000000000,000000000111111111000000000000,0,9,17,9,1,1,0,0,0,phi_p04,4,medium_200mv_200ps,0.2,2e-10,1.142960875e-09,1.4296087499999998e-10,1,1,9,9,2,1
scenarios/130_glitch_medium_200mv_200ps_phi_m04_o0130_v1p100000000000,capture,1.1,4,0,2.4512626e-10,1.2451262600000001e-09,"[1.069020134e-09,1.088269675e-09,1.107572288e-09,1.12688832e-09,1.146218733e-09,1.173837223e-09,1.206010969e-09,1.237982801e-09,1.269923707e-09,1.30176196e-09,1.333655576e-09,1.360701377e-09,1.379374748e-09,1.398722373e-09,1.417962364e-09,1.437276186e-09,1.456656229e-09,1.476006473e-09,1.495349357e-09,1.514711263e-09,1.53406452e-09,1.553463206e-09,1.572655532e-09,1.592010267e-09,1.611350124e-09,1.630693643e-09,1.650057763e-09,1.669336397e-09,1.688707551e-09,1.706627988e-09]","[1.010558565e-09,1.023283949e-09,1.036022632e-09,1.048775095e-09,1.061550847e-09,1.074298039e-09,1.087076059e-09,1.099810623e-09,1.112560234e-09,1.125318458e-09,1.13806122e-09,1.150811045e-09,1.168503659e-09,1.18728628e-09,1.205917869e-09,1.224556103e-09,1.243207374e-09,1.26175408e-09,1.28047116e-09,1.299028862e-09,1.317599997e-09,1.336196796e-09,1.354718211e-09,1.366836618e-09,1.379507792e-09,1.392219588e-09,1.404995859e-09,1.417670231e-09,1.430414663e-09,1.441912598e-09]",0.9,000000011111110000000000000000,000001111111000000000000000000,000000111111000000000000000000,000000111111000000000000000000,0,6,11,6,1,1,0,0,0,phi_m04,-4,medium_200mv_200ps,0.2,2e-10,1.15667931e-09,1.5667930999999997e-10,1,1,5,5,2,1
scenarios/134_glitch_medium_200mv_200ps_phi_p04_o0134_v1p100000000000,capture,1.1,4,0,3.5487374e-10,1.35487374e-09,"[1.069020134e-09,1.088269675e-09,1.107572288e-09,1.12688832e-09,1.146218733e-09,1.173837223e-09,1.206010969e-09,1.237982801e-09,1.269724354e-09,1.301589013e-09,1.333417303e-09,1.360616838e-09,1.379269165e-09,1.398589018e-09,1.417927821e-09,1.437206602e-09,1.456567114e-09,1.475914807e-09,1.495286034e-09,1.514500906e-09,1.533777598e-09,1.55315709e-09,1.572492506e-09,1.591873337e-09,1.611187062e-09,1.630526416e-09,1.649876579e-09,1.669234927e-09,1.688616809e-09,1.706554978e-09]","[1.010558565e-09,1.023283949e-09,1.036022632e-09,1.048775095e-09,1.061550847e-09,1.074298039e-09,1.087076059e-09,1.099810623e-09,1.112560234e-09,1.125318458e-09,1.13806122e-09,1.150811045e-09,1.168503659e-09,1.18728628e-09,1.205917869e-09,1.224556103e-09,1.243207374e-09,1.261829194e-09,1.280506979e-09,1.299166208e-09,1.317689797e-09,1.336471767e-09,1.354679497e-09,1.36690472e-09,1.379628308e-09,1.392342052e-09,1.405087526e-09,1.41788939e-09,1.43060304e-09,1.442126517e-09]",0.9,000000000001111111110000000000,000000000111111111000000000000,000000000111111111000000000000,000000000111111111000000000000,0,9,17,9,1,1,0,0,0,phi_p04,4,medium_200mv_200ps,0.2,2e-10,1.15667931e-09,1.5667930999999997e-10,1,1,9,9,2,1
scenarios/135_glitch_medium_200mv_200ps_phi_m04_o0135_v1p100000000000,capture,1.1,4,0,2.4512626e-10,1.2451262600000001e-09,"[1.069020134e-09,1.088269675e-09,1.107572288e-09,1.12688832e-09,1.146218733e-09,1.16553804e-09,1.196757001e-09,1.228837874e-09,1.260603546e-09,1.292604198e-09,1.324412644e-09,1.356449076e-09,1.379474133e-09,1.398585541e-09,1.417868272e-09,1.437232804e-09,1.456635139e-09,1.475936375e-09,1.495312815e-09,1.514683376e-09,1.534016268e-09,1.55327463e-09,1.572582345e-09,1.591946109e-09,1.611156526e-09,1.630456472e-09,1.649867381e-09,1.669140311e-09,1.688516079e-09,1.706486982e-09]","[1.010558565e-09,1.023283949e-09,1.036022632e-09,1.048775095e-09,1.061550847e-09,1.074298039e-09,1.087076059e-09,1.099810623e-09,1.112560234e-09,1.125318458e-09,1.13806122e-09,1.150811045e-09,1.16354372e-09,1.180634378e-09,1.199674913e-09,1.218158527e-09,1.236825887e-09,1.255203079e-09,1.273919784e-09,1.292499508e-09,1.311012777e-09,1.329639522e-09,1.348287836e-09,1.366809076e-09,1.379305468e-09,1.391943724e-09,1.404700789e-09,1.417414817e-09,1.430185218e-09,1.441681624e-09]",0.9,000000001111110000000000000000,000000111111000000000000000000,000000111111000000000000000000,000000111111000000000000000000,0,6,11,6,1,1,0,0,0,phi_m04,-4,medium_200mv_200ps,0.2,2e-10,1.170397745e-09,1.70397745e-10,1,1,5,5,2,1
scenarios/139_glitch_medium_200mv_200ps_phi_p04_o0139_v1p100000000000,capture,1.1,4,0,3.5487374e-10,1.35487374e-09,"[1.069020134e-09,1.088269675e-09,1.107572288e-09,1.12688832e-09,1.146218733e-09,1.16553804e-09,1.196757001e-09,1.228837874e-09,1.260695003e-09,1.292533508e-09,1.324338869e-09,1.356151036e-09,1.379447796e-09,1.398554913e-09,1.417879844e-09,1.437195807e-09,1.456514088e-09,1.475881302e-09,1.495257723e-09,1.514438803e-09,1.533792831e-09,1.553021956e-09,1.572325197e-09,1.591689212e-09,1.611015129e-09,1.630295164e-09,1.649603342e-09,1.668928937e-09,1.688156407e-09,1.70623309e-09]","[1.010558565e-09,1.023283949e-09,1.036022632e-09,1.048775095e-09,1.061550847e-09,1.074298039e-09,1.087076059e-09,1.099810623e-09,1.112560234e-09,1.125318458e-09,1.13806122e-09,1.150811045e-09,1.16354372e-09,1.180634378e-09,1.199674913e-09,1.218158527e-09,1.236825887e-09,1.255155728e-09,1.273941806e-09,1.292332169e-09,1.310969904e-09,1.329589979e-09,1.348037137e-09,1.36656783e-09,1.379244053e-09,1.391881212e-09,1.404622454e-09,1.417431032e-09,1.430146411e-09,1.441672144e-09]",0.9,000000000001111111110000000000,000000000111111111000000000000,000000000011111111000000000000,000000000011111111000000000000,0,10,17,8,1,1,0,0,0,phi_p04,4,medium_200mv_200ps,0.2,2e-10,1.170397745e-09,1.70397745e-10,1,1,8,8,2,1
scenarios/140_glitch_medium_200mv_200ps_phi_m04_o0140_v1p100000000000,capture,1.1,4,0,2.4512626e-10,1.2451262600000001e-09,"[1.069020134e-09,1.088269675e-09,1.107572288e-09,1.12688832e-09,1.146218733e-09,1.16553804e-09,1.187087704e-09,1.220519733e-09,1.252289861e-09,1.284299691e-09,1.31628728e-09,1.348053916e-09,1.38007317e-09,1.399184496e-09,1.418459611e-09,1.43777217e-09,1.457196212e-09,1.476485083e-09,1.495847032e-09,1.515221663e-09,1.534608935e-09,1.553869862e-09,1.573242595e-09,1.592464706e-09,1.61173798e-09,1.631106907e-09,1.650400009e-09,1.669746412e-09,1.689153498e-09,1.707092145e-09]","[1.010558565e-09,1.023283949e-09,1.036022632e-09,1.048775095e-09,1.061550847e-09,1.074298039e-09,1.087076059e-09,1.099810623e-09,1.112560234e-09,1.125318458e-09,1.13806122e-09,1.150811045e-09,1.16354372e-09,1.176295987e-09,1.192809063e-09,1.211787674e-09,1.230421077e-09,1.248976603e-09,1.267785863e-09,1.286479793e-09,1.304985505e-09,1.323593478e-09,1.342201221e-09,1.360798019e-09,1.379480515e-09,1.39225387e-09,1.404859948e-09,1.417641603e-09,1.43037153e-09,1.441825911e-09]",0.9,000000001111111000000000000000,000000111111100000000000000000,000000111111100000000000000000,000000111111100000000000000000,0,6,12,7,1,1,0,0,0,phi_m04,-4,medium_200mv_200ps,0.2,2e-10,1.18411618e-09,1.8411618e-10,1,1,4,4,2,1
scenarios/144_glitch_medium_200mv_200ps_phi_p04_o0144_v1p100000000000,capture,1.1,4,0,3.5487374e-10,1.35487374e-09,"[1.069020134e-09,1.088269675e-09,1.107572288e-09,1.12688832e-09,1.146218733e-09,1.16553804e-09,1.187087704e-09,1.220519733e-09,1.252396591e-09,1.284195568e-09,1.316046479e-09,1.34791919e-09,1.379895987e-09,1.399072028e-09,1.418347233e-09,1.4376658e-09,1.456991777e-09,1.476366065e-09,1.495741992e-09,1.515103571e-09,1.534379855e-09,1.553722925e-09,1.573122825e-09,1.59244348e-09,1.611778964e-09,1.631033605e-09,1.650409909e-09,1.66970351e-09,1.689078486e-09,1.707013759e-09]","[1.010558565e-09,1.023283949e-09,1.036022632e-09,1.048775095e-09,1.061550847e-09,1.074298039e-09,1.087076059e-09,1.099810623e-09,1.112560234e-09,1.125318458e-09,1.13806122e-09,1.150811045e-09,1.16354372e-09,1.176295987e-09,1.192809063e-09,1.211787674e-09,1.230421077e-09,1.248990542e-09,1.26780004e-09,1.286379353e-09,1.304910171e-09,1.323511266e-09,1.342097011e-09,1.360645682e-09,1.379469828e-09,1.392243556e-09,1.404833448e-09,1.417637649e-09,1.430361949e-09,1.441890941e-09]",0.9,000000000001111111111000000000,000000000111111111000000000000,000000000011111111100000000000,000000000011111111100000000000,0,10,18,9,1,1,0,0,0,phi_p04,4,medium_200mv_200ps,0.2,2e-10,1.18411618e-09,1.8411618e-10,1,1,7,7,2,1
scenarios/145_glitch_medium_200mv_200ps_phi_m04_o0145_v1p100000000000,capture,1.1,4,0,2.4512626e-10,1.2451262600000001e-09,"[1.069020134e-09,1.088269675e-09,1.107572288e-09,1.12688832e-09,1.146218733e-09,1.16553804e-09,1.184878294e-09,1.210722119e-09,1.243346603e-09,1.274959202e-09,1.307057722e-09,1.338824946e-09,1.370669866e-09,1.399410336e-09,1.418050219e-09,1.437300429e-09,1.456719265e-09,1.476055092e-09,1.495369882e-09,1.51459435e-09,1.533957103e-09,1.553325613e-09,1.572575062e-09,1.591817645e-09,1.611023377e-09,1.630380306e-09,1.649685347e-09,1.669056801e-09,1.688425277e-09,1.70641434e-09]","[1.010558565e-09,1.023283949e-09,1.036022632e-09,1.048775095e-09,1.061550847e-09,1.074298039e-09,1.087076059e-09,1.099810623e-09,1.112560234e-09,1.125318458e-09,1.13806122e-09,1.150811045e-09,1.16354372e-09,1.176295987e-09,1.189044266e-09,1.204891285e-09,1.224224739e-09,1.2429477e-09,1.261321671e-09,1.279990234e-09,1.298610077e-09,1.317197421e-09,1.335822699e-09,1.354435786e-09,1.373045038e-09,1.391593963e-09,1.404920963e-09,1.417530807e-09,1.430258815e-09,1.441722268e-09]",0.9,000000001111111000000000000000,000000111111100000000000000000,000000011111100000000000000000,000000011111100000000000000000,0,7,12,6,1,1,0,0,0,phi_m04,-4,medium_200mv_200ps,0.2,2e-10,1.197834615e-09,1.9783461499999999e-10,1,1,3,3,2,1
scenarios/149_glitch_medium_200mv_200ps_phi_p04_o0149_v1p100000000000,capture,1.1,4,0,3.5487374e-10,1.35487374e-09,"[1.069020134e-09,1.088269675e-09,1.107572288e-09,1.12688832e-09,1.146218733e-09,1.16553804e-09,1.184878294e-09,1.210722119e-09,1.243293543e-09,1.275169557e-09,1.30705026e-09,1.338785864e-09,1.37053122e-09,1.399327997e-09,1.417973622e-09,1.437279251e-09,1.456603863e-09,1.475973556e-09,1.495323813e-09,1.514687537e-09,1.534010167e-09,1.55328028e-09,1.572652979e-09,1.591982804e-09,1.611271635e-09,1.630602722e-09,1.649952015e-09,1.669200745e-09,1.688594335e-09,1.70667917e-09]","[1.010558565e-09,1.023283949e-09,1.036022632e-09,1.048775095e-09,1.061550847e-09,1.074298039e-09,1.087076059e-09,1.099810623e-09,1.112560234e-09,1.125318458e-09,1.13806122e-09,1.150811045e-09,1.16354372e-09,1.176295987e-09,1.189044266e-09,1.204891285e-09,1.224224739e-09,1.242881437e-09,1.26139165e-09,1.279988769e-09,1.298580286e-09,1.31729685e-09,1.335627172e-09,1.354247893e-09,1.372811073e-09,1.391352268e-09,1.40475523e-09,1.417354295e-09,1.430083126e-09,1.441609969e-09]",0.9,000000000000111111111000000000,000000000011111111100000000000,000000000011111111100000000000,000000000011111111100000000000,0,10,18,9,1,1,0,0,0,phi_p04,4,medium_200mv_200ps,0.2,2e-10,1.197834615e-09,1.9783461499999999e-10,1,1,7,7,2,1
scenarios/150_glitch_medium_200mv_200ps_phi_m04_o0150_v1p100000000000,capture,1.1,4,0,2.4512626e-10,1.2451262600000001e-09,"[1.069020134e-09,1.088269675e-09,1.107572288e-09,1.12688832e-09,1.146218733e-09,1.16553804e-09,1.184878294e-09,1.204218388e-09,1.234147953e-09,1.266153404e-09,1.298006491e-09,1.329941529e-09,1.361821138e-09,1.393694264e-09,1.418514211e-09,1.437460369e-09,1.456834281e-09,1.476154242e-09,1.495474514e-09,1.514792396e-09,1.534062482e-09,1.553395434e-09,1.572697799e-09,1.592058559e-09,1.611447946e-09,1.630723583e-09,1.649942676e-09,1.669320111e-09,1.688687509e-09,1.706715779e-09]","[1.010558565e-09,1.023283949e-09,1.036022632e-09,1.048775095e-09,1.061550847e-09,1.074298039e-09,1.087076059e-09,1.099810623e-09,1.112560234e-09,1.125318458e-09,1.13806122e-09,1.150811045e-09,1.16354372e-09,1.176295987e-09,1.189044266e-09,1.201730463e-09,1.216942592e-09,1.236436864e-09,1.254948645e-09,1.273635161e-09,1.29219973e-09,1.310800396e-09,1.329389675e-09,1.347932684e-09,1.366565452e-09,1.385179108e-09,1.403728325e-09,1.417586774e-09,1.430121645e-09,1.44161858e-09]",0.9,000000001111111100000000000000,000000011111110000000000000000,000000011111110000000000000000,000000011111110000000000000000,0,7,13,7,1,1,0,0,0,phi_m04,-4,medium_200mv_200ps,0.2,2e-10,1.2115530500000002e-09,2.1155305000000002e-10,1,1,2,2,2,0
scenarios/154_glitch_medium_200mv_200ps_phi_p04_o0154_v1p100000000000,capture,1.1,4,0,3.5487374e-10,1.35487374e-09,"[1.069020134e-09,1.088269675e-09,1.107572288e-09,1.12688832e-09,1.146218733e-09,1.16553804e-09,1.184878294e-09,1.204218388e-09,1.234147953e-09,1.266091722e-09,1.298001433e-09,1.329720845e-09,1.361586183e-09,1.393544225e-09,1.418411159e-09,1.437300782e-09,1.456678327e-09,1.476013477e-09,1.495295133e-09,1.514733008e-09,1.534057835e-09,1.553320029e-09,1.572642737e-09,1.592030133e-09,1.611387925e-09,1.630693501e-09,1.65006545e-09,1.669292084e-09,1.688623702e-09,1.706707726e-09]","[1.010558565e-09,1.023283949e-09,1.036022632e-09,1.048775095e-09,1.061550847e-09,1.074298039e-09,1.087076059e-09,1.099810623e-09,1.112560234e-09,1.125318458e-09,1.13806122e-09,1.150811045e-09,1.16354372e-09,1.176295987e-09,1.189044266e-09,1.201730463e-09,1.216942592e-09,1.236436864e-09,1.255066166e-09,1.27366773e-09,1.292188665e-09,1.310868162e-09,1.329388864e-09,1.347997543e-09,1.36645356e-09,1.385227883e-09,1.403875624e-09,1.417686661e-09,1.430212878e-09,1.441728682e-09]",0.9,000000000000111111111000000000,000000000011111111100000000000,000000000011111111100000000000,000000000011111111100000000000,0,10,18,9,1,1,0,0,0,phi_p04,4,medium_200mv_200ps,0.2,2e-10,1.2115530500000002e-09,2.1155305000000002e-10,1,1,7,7,2,1
scenarios/155_glitch_medium_200mv_200ps_phi_m04_o0155_v1p100000000000,capture,1.1,4,0,2.4512626e-10,1.2451262600000001e-09,"[1.069020134e-09,1.088269675e-09,1.107572288e-09,1.12688832e-09,1.146218733e-09,1.16553804e-09,1.184878294e-09,1.204218388e-09,1.223543704e-09,1.256861985e-09,1.288884883e-09,1.320795709e-09,1.352701608e-09,1.384549824e-09,1.416440779e-09,1.437454157e-09,1.456664699e-09,1.476057663e-09,1.495311882e-09,1.514658225e-09,1.533999888e-09,1.553348555e-09,1.572736851e-09,1.592080973e-09,1.611487738e-09,1.630695005e-09,1.650022568e-09,1.669407277e-09,1.68868154e-09,1.706711611e-09]","[1.010558565e-09,1.023283949e-09,1.036022632e-09,1.048775095e-09,1.061550847e-09,1.074298039e-09,1.087076059e-09,1.099810623e-09,1.112560234e-09,1.125318458e-09,1.13806122e-09,1.150811045e-09,1.16354372e-09,1.176295987e-09,1.189044266e-09,1.201730463e-09,1.214472561e-09,1.229167423e-09,1.248575619e-09,1.267275891e-09,1.286005752e-09,1.304642611e-09,1.323244648e-09,1.341820342e-09,1.36041347e-09,1.379053055e-09,1.397670127e-09,1.416096786e-09,1.430541294e-09,1.441801487e-09]",0.9,000000000111111100000000000000,000000011111110000000000000000,000000011111110000000000000000,000000011111110000000000000000,0,7,13,7,1,1,0,0,0,phi_m04,-4,medium_200mv_200ps,0.2,2e-10,1.2252714850000002e-09,2.25271485e-10,1,1,2,2,2,0
scenarios/159_glitch_medium_200mv_200ps_phi_p04_o0159_v1p100000000000,capture,1.1,4,0,3.5487374e-10,1.35487374e-09,"[1.069020134e-09,1.088269675e-09,1.107572288e-09,1.12688832e-09,1.146218733e-09,1.16553804e-09,1.184878294e-09,1.204218388e-09,1.223543704e-09,1.256988941e-09,1.288981873e-09,1.320886885e-09,1.352673429e-09,1.384441178e-09,1.41646775e-09,1.437393595e-09,1.456607927e-09,1.475945475e-09,1.495314545e-09,1.5145228e-09,1.533889787e-09,1.553150086e-09,1.572490952e-09,1.591842282e-09,1.611158561e-09,1.63049848e-09,1.649850367e-09,1.669207469e-09,1.688589804e-09,1.706529436e-09]","[1.010558565e-09,1.023283949e-09,1.036022632e-09,1.048775095e-09,1.061550847e-09,1.074298039e-09,1.087076059e-09,1.099810623e-09,1.112560234e-09,1.125318458e-09,1.13806122e-09,1.150811045e-09,1.16354372e-09,1.176295987e-09,1.189044266e-09,1.201730463e-09,1.214472561e-09,1.229167423e-09,1.248785783e-09,1.267393913e-09,1.285883184e-09,1.304495304e-09,1.322990548e-09,1.341624098e-09,1.360187668e-09,1.379020515e-09,1.397654892e-09,1.416242025e-09,1.430473848e-09,1.441735938e-09]",0.9,000000000000111111111100000000,000000000011111111100000000000,000000000001111111110000000000,000000000001111111110000000000,0,11,19,9,1,1,0,0,0,phi_p04,4,medium_200mv_200ps,0.2,2e-10,1.2252714850000002e-09,2.25271485e-10,1,1,5,5,2,1
scenarios/160_glitch_medium_200mv_200ps_phi_m04_o0160_v1p100000000000,capture,1.1,4,0,2.4512626e-10,1.2451262600000001e-09,"[1.069020134e-09,1.088269675e-09,1.107572288e-09,1.12688832e-09,1.146218733e-09,1.16553804e-09,1.184878294e-09,1.204218388e-09,1.223543704e-09,1.247527995e-09,1.280614432e-09,1.312556261e-09,1.344520727e-09,1.37640421e-09,1.408213324e-09,1.439295228e-09,1.457162357e-09,1.476472309e-09,1.495783959e-09,1.515041229e-09,1.53440702e-09,1.553782109e-09,1.573125287e-09,1.592350655e-09,1.611704282e-09,1.631082967e-09,1.650404834e-09,1.669775225e-09,1.689043595e-09,1.707093449e-09]","[1.010558565e-09,1.023283949e-09,1.036022632e-09,1.048775095e-09,1.061550847e-09,1.074298039e-09,1.087076059e-09,1.099810623e-09,1.112560234e-09,1.125318458e-09,1.13806122e-09,1.150811045e-09,1.16354372e-09,1.176295987e-09,1.189044266e-09,1.201730463e-09,1.214472561e-09,1.227249316e-09,1.241369134e-09,1.260948068e-09,1.279640301e-09,1.298154415e-09,1.316803606e-09,1.33541609e-09,1.353949652e-09,1.372546552e-09,1.391157679e-09,1.409736631e-09,1.428323535e-09,1.44214519e-09]",0.9,000000000111111110000000000000,000000011111110000000000000000,000000011111111000000000000000,000000011111111000000000000000,0,7,14,8,1,1,0,0,0,phi_m04,-4,medium_200mv_200ps,0.2,2e-10,1.2389899200000001e-09,2.3898991999999997e-10,1,1,1,1,2,0
scenarios/164_glitch_medium_200mv_200ps_phi_p04_o0164_v1p100000000000,capture,1.1,4,0,3.5487374e-10,1.35487374e-09,"[1.069020134e-09,1.088269675e-09,1.107572288e-09,1.12688832e-09,1.146218733e-09,1.16553804e-09,1.184878294e-09,1.204218388e-09,1.223543704e-09,1.247595059e-09,1.28058765e-09,1.312503484e-09,1.344474239e-09,1.376404261e-09,1.408216862e-09,1.439301228e-09,1.457148029e-09,1.476448246e-09,1.4957839e-09,1.515114789e-09,1.534487622e-09,1.553838081e-09,1.573240131e-09,1.592560498e-09,1.61189399e-09,1.631152176e-09,1.650517345e-09,1.669810782e-09,1.68911873e-09,1.707139255e-09]","[1.010558565e-09,1.023283949e-09,1.036022632e-09,1.048775095e-09,1.061550847e-09,1.074298039e-09,1.087076059e-09,1.099810623e-09,1.112560234e-09,1.125318458e-09,1.13806122e-09,1.150811045e-09,1.16354372e-09,1.176295987e-09,1.189044266e-09,1.201730463e-09,1.214472561e-09,1.227249316e-09,1.241369134e-09,1.260976532e-09,1.279572881e-09,1.29818051e-09,1.316652106e-09,1.335345201e-09,1.353888433e-09,1.372482419e-09,1.391134126e-09,1.409730244e-09,1.428312448e-09,1.442129228e-09]",0.9,000000000000111111111100000000,000000000001111111110000000000,000000000001111111110000000000,000000000001111111110000000000,0,11,19,9,1,1,0,0,0,phi_p04,4,medium_200mv_200ps,0.2,2e-10,1.2389899200000001e-09,2.3898991999999997e-10,1,1,5,5,2,1
scenarios/165_glitch_medium_200mv_200ps_phi_m04_o0165_v1p100000000000,capture,1.1,4,0,2.4512626e-10,1.2451262600000001e-09,"[1.069020134e-09,1.088269675e-09,1.107572288e-09,1.12688832e-09,1.146218733e-09,1.16553804e-09,1.184878294e-09,1.204218388e-09,1.223543704e-09,1.242899939e-09,1.271101326e-09,1.303186551e-09,1.334995232e-09,1.366960792e-09,1.398883819e-09,1.43077198e-09,1.457297423e-09,1.476003425e-09,1.495339701e-09,1.514678269e-09,1.534019532e-09,1.553358756e-09,1.572742414e-09,1.592110033e-09,1.611467135e-09,1.630765181e-09,1.650071817e-09,1.669455499e-09,1.68880256e-09,1.706870945e-09]","[1.010558565e-09,1.023283949e-09,1.036022632e-09,1.048775095e-09,1.061550847e-09,1.074298039e-09,1.087076059e-09,1.099810623e-09,1.112560234e-09,1.125318458e-09,1.13806122e-09,1.150811045e-09,1.16354372e-09,1.176295987e-09,1.189044266e-09,1.201730463e-09,1.214472561e-09,1.227249316e-09,1.239981027e-09,1.252632843e-09,1.273038889e-09,1.291681331e-09,1.310291049e-09,1.328939401e-09,1.347555467e-09,1.366172428e-09,1.384741207e-09,1.403378782e-09,1.421958447e-09,1.438271826e-09]",0.9,000000000111111110000000000000,000000011111111000000000000000,000000001111111000000000000000,000000001111111000000000000000,0,8,14,7,1,1,0,0,0,phi_m04,-4,medium_200mv_200ps,0.2,2e-10,1.2527083550000001e-09,2.5270835499999996e-10,0,0,0,0,2,0
scenarios/169_glitch_medium_200mv_200ps_phi_p04_o0169_v1p100000000000,capture,1.1,4,0,3.5487374e-10,1.35487374e-09,"[1.069020134e-09,1.088269675e-09,1.107572288e-09,1.12688832e-09,1.146218733e-09,1.16553804e-09,1.184878294e-09,1.204218388e-09,1.223543704e-09,1.242899939e-09,1.271143473e-09,1.303249883e-09,1.335071451e-09,1.366855631e-09,1.398708471e-09,1.430651773e-09,1.45726446e-09,1.475999746e-09,1.495295324e-09,1.514716091e-09,1.533988909e-09,1.553330866e-09,1.572692577e-09,1.592039441e-09,1.611341183e-09,1.630619798e-09,1.649957299e-09,1.669254255e-09,1.688610968e-09,1.706566659e-09]","[1.010558565e-09,1.023283949e-09,1.036022632e-09,1.048775095e-09,1.061550847e-09,1.074298039e-09,1.087076059e-09,1.099810623e-09,1.112560234e-09,1.125318458e-09,1.13806122e-09,1.150811045e-09,1.16354372e-09,1.176295987e-09,1.189044266e-09,1.201730463e-09,1.214472561e-09,1.227249316e-09,1.239981027e-09,1.252679087e-09,1.27313436e-09,1.291784762e-09,1.310391468e-09,1.329013817e-09,1.347624938e-09,1.366033615e-09,1.38477062e-09,1.403465932e-09,1.42209153e-09,1.438675341e-09]",0.9,000000000000011111111100000000,000000000001111111110000000000,000000000001111111110000000000,000000000001111111110000000000,0,11,19,9,1,1,0,0,0,phi_p04,4,medium_200mv_200ps,0.2,2e-10,1.2527083550000001e-09,2.5270835499999996e-10,1,1,5,5,2,1
scenarios/170_glitch_medium_200mv_200ps_phi_m04_o0170_v1p100000000000,capture,1.1,4,0,2.4512626e-10,1.2451262600000001e-09,"[1.069020134e-09,1.088269675e-09,1.107572288e-09,1.12688832e-09,1.146218733e-09,1.16553804e-09,1.184878294e-09,1.204218388e-09,1.223543704e-09,1.242899939e-09,1.26220638e-09,1.293887966e-09,1.325824385e-09,1.357753308e-09,1.389695889e-09,1.421464386e-09,1.453519482e-09,1.47615175e-09,1.495314977e-09,1.514635549e-09,1.533915186e-09,1.553173552e-09,1.572488049e-09,1.591828094e-09,1.611166672e-09,1.630560035e-09,1.649835407e-09,1.669058489e-09,1.688434238e-09,1.706495638e-09]","[1.010558565e-09,1.023283949e-09,1.036022632e-09,1.048775095e-09,1.061550847e-09,1.074298039e-09,1.087076059e-09,1.099810623e-09,1.112560234e-09,1.125318458e-09,1.13806122e-09,1.150811045e-09,1.16354372e-09,1.176295987e-09,1.189044266e-09,1.201730463e-09,1.214472561e-09,1.227249316e-09,1.239981027e-09,1.252668274e-09,1.265419788e-09,1.285145149e-09,1.30380455e-09,1.322444685e-09,1.341110171e-09,1.359722031e-09,1.378310933e-09,1.396922562e-09,1.415571106e-09,1.432151513e-09]",0.9,000000000111111110000000000000,000000011111111000000000000000,000000001111111000000000000000,000000001111111000000000000000,0,8,14,7,1,1,0,0,0,phi_m04,-4,medium_200mv_200ps,0.2,2e-10,1.2664267900000001e-09,2.6642678999999995e-10,0,0,0,0,2,0
scenarios/174_glitch_medium_200mv_200ps_phi_p04_o0174_v1p100000000000,capture,1.1,4,0,3.5487374e-10,1.35487374e-09,"[1.069020134e-09,1.088269675e-09,1.107572288e-09,1.12688832e-09,1.146218733e-09,1.16553804e-09,1.184878294e-09,1.204218388e-09,1.223543704e-09,1.242899939e-09,1.26226352e-09,1.294003416e-09,1.325923043e-09,1.357719724e-09,1.389799589e-09,1.421613981e-09,1.453652217e-09,1.47619285e-09,1.495357294e-09,1.51467144e-09,1.533949736e-09,1.553296193e-09,1.572647815e-09,1.592008801e-09,1.611332108e-09,1.630609316e-09,1.649919784e-09,1.669157839e-09,1.688375649e-09,1.706390174e-09]","[1.010558565e-09,1.023283949e-09,1.036022632e-09,1.048775095e-09,1.061550847e-09,1.074298039e-09,1.087076059e-09,1.099810623e-09,1.112560234e-09,1.125318458e-09,1.13806122e-09,1.150811045e-09,1.16354372e-09,1.176295987e-09,1.189044266e-09,1.201730463e-09,1.214472561e-09,1.227249316e-09,1.239981027e-09,1.252704267e-09,1.26549529e-09,1.285225874e-09,1.303894559e-09,1.322597407e-09,1.341229346e-09,1.359495044e-09,1.378291899e-09,1.396950802e-09,1.415527712e-09,1.431960454e-09]",0.9,000000000000011111111110000000,000000000001111111110000000000,000000000001111111111000000000,000000000001111111111000000000,0,11,20,10,1,1,0,0,0,phi_p04,4,medium_200mv_200ps,0.2,2e-10,1.2664267900000001e-09,2.6642678999999995e-10,1,1,4,4,2,1
scenarios/175_glitch_medium_200mv_200ps_phi_m04_o0175_v1p100000000000,capture,1.1,4,0,2.4512626e-10,1.2451262600000001e-09,"[1.069020134e-09,1.088269675e-09,1.107572288e-09,1.12688832e-09,1.146218733e-09,1.16553804e-09,1.184878294e-09,1.204218388e-09,1.223543704e-09,1.242899939e-09,1.26220638e-09,1.284202456e-09,1.317634289e-09,1.349553497e-09,1.381455504e-09,1.413428811e-09,1.445219609e-09,1.47721862e-09,1.495930383e-09,1.515216133e-09,1.53444041e-09,1.553795145e-09,1.573150588e-09,1.592385091e-09,1.611705472e-09,1.631070931e-09,1.650441226e-09,1.669747459e-09,1.689050327e-09,1.70713113e-09]","[1.010558565e-09,1.023283949e-09,1.036022632e-09,1.048775095e-09,1.061550847e-09,1.074298039e-09,1.087076059e-09,1.099810623e-09,1.112560234e-09,1.125318458e-09,1.13806122e-09,1.150811045e-09,1.16354372e-09,1.176295987e-09,1.189044266e-09,1.201730463e-09,1.214472561e-09,1.227249316e-09,1.239981027e-09,1.252668274e-09,1.265454483e-09,1.278207745e-09,1.297452976e-09,1.316167076e-09,1.334697663e-09,1.35333947e-09,1.371892897e-09,1.390536526e-09,1.409075709e-09,1.425559759e-09]",0.9,000000000111111110000000000000,000000011111111000000000000000,000000001111111000000000000000,000000001111111000000000000000,0,8,14,7,1,1,0,0,0,phi_m04,-4,medium_200mv_200ps,0.2,2e-10,1.280145225e-09,2.8014522499999994e-10,0,0,0,0,2,0
scenarios/179_glitch_medium_200mv_200ps_phi_p04_o0179_v1p100000000000,capture,1.1,4,0,3.5487374e-10,1.35487374e-09,"[1.069020134e-09,1.088269675e-09,1.107572288e-09,1.12688832e-09,1.146218733e-09,1.16553804e-09,1.184878294e-09,1.204218388e-09,1.223543704e-09,1.242899939e-09,1.26226352e-09,1.284307147e-09,1.317704071e-09,1.3497017e-09,1.381545507e-09,1.413474898e-09,1.445513377e-09,1.477356382e-09,1.495988687e-09,1.515264407e-09,1.534579119e-09,1.553866454e-09,1.573140603e-09,1.592483206e-09,1.611800581e-09,1.6310664e-09,1.650376187e-09,1.669799916e-09,1.689072917e-09,1.707158559e-09]","[1.010558565e-09,1.023283949e-09,1.036022632e-09,1.048775095e-09,1.061550847e-09,1.074298039e-09,1.087076059e-09,1.099810623e-09,1.112560234e-09,1.125318458e-09,1.13806122e-09,1.150811045e-09,1.16354372e-09,1.176295987e-09,1.189044266e-09,1.201730463e-09,1.214472561e-09,1.227249316e-09,1.239981027e-09,1.252704267e-09,1.265525025e-09,1.278199626e-09,1.297507861e-09,1.316195464e-09,1.33475772e-09,1.353325283e-09,1.371822629e-09,1.390539089e-09,1.409073997e-09,1.425457731e-09]",0.9,000000000000011111111110000000,000000000001111111111000000000,000000000000111111111000000000,000000000000111111111000000000,0,12,20,9,1,1,0,0,0,phi_p04,4,medium_200mv_200ps,0.2,2e-10,1.280145225e-09,2.8014522499999994e-10,1,1,3,3,2,1
scenarios/180_glitch_medium_200mv_200ps_phi_m04_o0180_v1p100000000000,capture,1.1,4,0,2.4512626e-10,1.2451262600000001e-09,"[1.069020134e-09,1.088269675e-09,1.107572288e-09,1.12688832e-09,1.146218733e-09,1.16553804e-09,1.184878294e-09,1.204218388e-09,1.223543704e-09,1.242899939e-09,1.26220638e-09,1.281586789e-09,1.307836959e-09,1.340195762e-09,1.372057961e-09,1.404040507e-09,1.435854939e-09,1.467751947e-09,1.49607338e-09,1.514672647e-09,1.533999159e-09,1.553330887e-09,1.572671571e-09,1.59201126e-09,1.611393216e-09,1.630778713e-09,1.650084573e-09,1.66948643e-09,1.688740712e-09,1.706678807e-09]","[1.010558565e-09,1.023283949e-09,1.036022632e-09,1.048775095e-09,1.061550847e-09,1.074298039e-09,1.087076059e-09,1.099810623e-09,1.112560234e-09,1.125318458e-09,1.13806122e-09,1.150811045e-09,1.16354372e-09,1.176295987e-09,1.189044266e-09,1.201730463e-09,1.214472561e-09,1.227249316e-09,1.239981027e-09,1.252668274e-09,1.265454483e-09,1.278205831e-09,1.290939913e-09,1.309755334e-09,1.32840175e-09,1.347095847e-09,1.365747396e-09,1.384414242e-09,1.403054322e-09,1.419644365e-09]",0.9,000000000111111110000000000000,000000011111111000000000000000,000000001111111000000000000000,000000001111111000000000000000,0,8,14,7,1,1,0,0,0,phi_m04,-4,medium_200mv_200ps,0.2,2e-10,1.29386366e-09,2.938636599999999e-10,0,0,0,0,2,0
scenarios/184_glitch_medium_200mv_200ps_phi_p04_o0184_v1p100000000000,capture,1.1,4,0,3.5487374e-10,1.35487374e-09,"[1.069020134e-09,1.088269675e-09,1.107572288e-09,1.12688832e-09,1.146218733e-09,1.16553804e-09,1.184878294e-09,1.204218388e-09,1.223543704e-09,1.242899939e-09,1.26226352e-09,1.281639938e-09,1.307963431e-09,1.340301481e-09,1.372228085e-09,1.404084614e-09,1.435889949e-09,1.467917284e-09,1.49612579e-09,1.514724771e-09,1.533995044e-09,1.553326102e-09,1.5726983e-09,1.5920278e-09,1.611324833e-09,1.630651333e-09,1.649992258e-09,1.669286067e-09,1.688618225e-09,1.706587571e-09]","[1.010558565e-09,1.023283949e-09,1.036022632e-09,1.048775095e-09,1.061550847e-09,1.074298039e-09,1.087076059e-09,1.099810623e-09,1.112560234e-09,1.125318458e-09,1.13806122e-09,1.150811045e-09,1.16354372e-09,1.176295987e-09,1.189044266e-09,1.201730463e-09,1.214472561e-09,1.227249316e-09,1.239981027e-09,1.252704267e-09,1.265525025e-09,1.278199626e-09,1.290907729e-09,1.3097998e-09,1.328447706e-09,1.34716168e-09,1.365679182e-09,1.384304106e-09,1.402933977e-09,1.419776102e-09]",0.9,000000000000001111111110000000,000000000000111111111000000000,000000000000111111111000000000,000000000000111111111000000000,0,12,20,9,1,1,0,0,0,phi_p04,4,medium_200mv_200ps,0.2,2e-10,1.29386366e-09,2.938636599999999e-10,1,1,3,3,2,1
scenarios/185_glitch_medium_200mv_200ps_phi_m04_o0185_v1p100000000000,capture,1.1,4,0,2.4512626e-10,1.2451262600000001e-09,"[1.069020134e-09,1.088269675e-09,1.107572288e-09,1.12688832e-09,1.146218733e-09,1.16553804e-09,1.184878294e-09,1.204218388e-09,1.223543704e-09,1.242899939e-09,1.26220638e-09,1.281586789e-09,1.300945735e-09,1.331253009e-09,1.363241783e-09,1.395069732e-09,1.426994342e-09,1.458828946e-09,1.490647947e-09,1.515011866e-09,1.533984897e-09,1.553280955e-09,1.572569356e-09,1.591905962e-09,1.611273464e-09,1.630660463e-09,1.649963491e-09,1.669376052e-09,1.688634041e-09,1.706590348e-09]","[1.010558565e-09,1.023283949e-09,1.036022632e-09,1.048775095e-09,1.061550847e-09,1.074298039e-09,1.087076059e-09,1.099810623e-09,1.112560234e-09,1.125318458e-09,1.13806122e-09,1.150811045e-09,1.16354372e-09,1.176295987e-09,1.189044266e-09,1.201730463e-09,1.214472561e-09,1.227249316e-09,1.239981027e-09,1.252668274e-09,1.265454483e-09,1.278205831e-09,1.290939913e-09,1.303683852e-09,1.3221831e-09,1.34096289e-09,1.359596501e-09,1.378227409e-09,1.396812628e-09,1.413236706e-09]",0.9,000000000111111110000000000000,000000011111111000000000000000,000000001111111000000000000000,000000001111111000000000000000,0,8,14,7,1,1,0,0,0,phi_m04,-4,medium_200mv_200ps,0.2,2e-10,1.307582095e-09,3.07582095e-10,0,0,0,0,2,0
scenarios/189_glitch_medium_200mv_200ps_phi_p04_o0189_v1p100000000000,capture,1.1,4,0,3.5487374e-10,1.35487374e-09,"[1.069020134e-09,1.088269675e-09,1.107572288e-09,1.12688832e-09,1.146218733e-09,1.16553804e-09,1.184878294e-09,1.204218388e-09,1.223543704e-09,1.242899939e-09,1.26226352e-09,1.281639938e-09,1.300963571e-09,1.331264453e-09,1.363216693e-09,1.395202717e-09,1.427164208e-09,1.459079137e-09,1.490980906e-09,1.515133576e-09,1.53407573e-09,1.553387341e-09,1.572756345e-09,1.592088215e-09,1.611378042e-09,1.630699348e-09,1.65003971e-09,1.669437248e-09,1.688742849e-09,1.706745256e-09]","[1.010558565e-09,1.023283949e-09,1.036022632e-09,1.048775095e-09,1.061550847e-09,1.074298039e-09,1.087076059e-09,1.099810623e-09,1.112560234e-09,1.125318458e-09,1.13806122e-09,1.150811045e-09,1.16354372e-09,1.176295987e-09,1.189044266e-09,1.201730463e-09,1.214472561e-09,1.227249316e-09,1.239981027e-09,1.252704267e-09,1.265525025e-09,1.278199626e-09,1.290907729e-09,1.303676268e-09,1.322241043e-09,1.341088713e-09,1.359384282e-09,1.378179439e-09,1.396823277e-09,1.413282388e-09]",0.9,000000000000001111111111000000,000000000000111111111100000000,000000000000111111111100000000,000000000000111111111100000000,0,12,21,10,1,1,0,0,0,phi_p04,4,medium_200mv_200ps,0.2,2e-10,1.307582095e-09,3.07582095e-10,1,1,2,2,2,0
scenarios/190_glitch_medium_200mv_200ps_phi_m04_o0190_v1p100000000000,capture,1.1,4,0,2.4512626e-10,1.2451262600000001e-09,"[1.069020134e-09,1.088269675e-09,1.107572288e-09,1.12688832e-09,1.146218733e-09,1.16553804e-09,1.184878294e-09,1.204218388e-09,1.223543704e-09,1.242899939e-09,1.26220638e-09,1.281586789e-09,1.300945735e-09,1.320266062e-09,1.354421618e-09,1.386317427e-09,1.418270027e-09,1.450028759e-09,1.482197824e-09,1.513960703e-09,1.534403202e-09,1.553598822e-09,1.572931974e-09,1.592273324e-09,1.611654586e-09,1.630946784e-09,1.650284966e-09,1.669690728e-09,1.688909986e-09,1.706886414e-09]","[1.010558565e-09,1.023283949e-09,1.036022632e-09,1.048775095e-09,1.061550847e-09,1.074298039e-09,1.087076059e-09,1.099810623e-09,1.112560234e-09,1.125318458e-09,1.13806122e-09,1.150811045e-09,1.16354372e-09,1.176295987e-09,1.189044266e-09,1.201730463e-09,1.214472561e-09,1.227249316e-09,1.239981027e-09,1.252668274e-09,1.265454483e-09,1.278205831e-09,1.290939913e-09,1.303683852e-09,1.316408325e-09,1.334517375e-09,1.353407004e-09,1.372023163e-09,1.390658942e-09,1.407196433e-09]",0.9,000000000111111110000000000000,000000011111111000000000000000,000000001111111000000000000000,000000001111111000000000000000,0,8,14,7,1,1,0,0,0,phi_m04,-4,medium_200mv_200ps,0.2,2e-10,1.32130053e-09,3.2130053e-10,0,0,0,0,2,0
scenarios/194_glitch_medium_200mv_200ps_phi_p04_o0194_v1p100000000000,capture,1.1,4,0,3.5487374e-10,1.35487374e-09,"[1.069020134e-09,1.088269675e-09,1.107572288e-09,1.12688832e-09,1.146218733e-09,1.16553804e-09,1.184878294e-09,1.204218388e-09,1.223543704e-09,1.242899939e-09,1.26226352e-09,1.281639938e-09,1.300963571e-09,1.320313059e-09,1.354351757e-09,1.386315678e-09,1.418307799e-09,1.450239744e-09,1.482082602e-09,1.513993881e-09,1.534350192e-09,1.553530063e-09,1.572872558e-09,1.59220586e-09,1.611507007e-09,1.630813001e-09,1.650152651e-09,1.669546275e-09,1.688862753e-09,1.706869031e-09]","[1.010558565e-09,1.023283949e-09,1.036022632e-09,1.048775095e-09,1.061550847e-09,1.074298039e-09,1.087076059e-09,1.099810623e-09,1.112560234e-09,1.125318458e-09,1.13806122e-09,1.150811045e-09,1.16354372e-09,1.176295987e-09,1.189044266e-09,1.201730463e-09,1.214472561e-09,1.227249316e-09,1.239981027e-09,1.252704267e-09,1.265525025e-09,1.278199626e-09,1.290907729e-09,1.303676268e-09,1.316433281e-09,1.334571214e-09,1.353362588e-09,1.371937924e-09,1.390569597e-09,1.407294404e-09]",0.9,000000000000001111111111000000,000000000000111111111100000000,000000000000011111111110000000,000000000000011111111110000000,0,13,22,10,1,1,0,0,0,phi_p04,4,medium_200mv_200ps,0.2,2e-10,1.32130053e-09,3.2130053e-10,0,0,0,0,2,0
scenarios/195_glitch_medium_200mv_200ps_phi_m04_o0195_v1p100000000000,capture,1.1,4,0,2.4512626e-10,1.2451262600000001e-09,"[1.069020134e-09,1.088269675e-09,1.107572288e-09,1.12688832e-09,1.146218733e-09,1.16553804e-09,1.184878294e-09,1.204218388e-09,1.223543704e-09,1.242899939e-09,1.26220638e-09,1.281586789e-09,1.300945735e-09,1.320284239e-09,1.344754674e-09,1.37764457e-09,1.409654234e-09,1.44139191e-09,1.47340739e-09,1.505146501e-09,1.535519117e-09,1.553550631e-09,1.572895048e-09,1.592241313e-09,1.611468577e-09,1.63084219e-09,1.650105669e-09,1.669363354e-09,1.688686762e-09,1.706648678e-09]","[1.010558565e-09,1.023283949e-09,1.036022632e-09,1.048775095e-09,1.061550847e-09,1.074298039e-09,1.087076059e-09,1.099810623e-09,1.112560234e-09,1.125318458e-09,1.13806122e-09,1.150811045e-09,1.16354372e-09,1.176295987e-09,1.189044266e-09,1.201730463e-09,1.214472561e-09,1.227249316e-09,1.239981027e-09,1.252668274e-09,1.265454483e-09,1.278205831e-09,1.290939913e-09,1.303683852e-09,1.316408325e-09,1.329149469e-09,1.346854928e-09,1.365585718e-09,1.384199776e-09,1.400689673e-09]",0.9,000000000111111110000000000000,000000011111111000000000000000,000000001111111000000000000000,000000001111111000000000000000,0,8,14,7,1,1,0,0,0,phi_m04,-4,medium_200mv_200ps,0.2,2e-10,1.335018965e-09,3.35018965e-10,0,0,0,0,2,0
scenarios/199_glitch_medium_200mv_200ps_phi_p04_o0199_v1p100000000000,capture,1.1,4,0,3.5487374e-10,1.35487374e-09,"[1.069020134e-09,1.088269675e-09,1.107572288e-09,1.12688832e-09,1.146218733e-09,1.16553804e-09,1.184878294e-09,1.204218388e-09,1.223543704e-09,1.242899939e-09,1.26226352e-09,1.281639938e-09,1.300963571e-09,1.320313059e-09,1.344724109e-09,1.37765667e-09,1.409706571e-09,1.441620051e-09,1.47342267e-09,1.505191579e-09,1.535508821e-09,1.55359065e-09,1.57290392e-09,1.592235603e-09,1.611545664e-09,1.630838148e-09,1.650176299e-09,1.669541973e-09,1.688920096e-09,1.706891131e-09]","[1.010558565e-09,1.023283949e-09,1.036022632e-09,1.048775095e-09,1.061550847e-09,1.074298039e-09,1.087076059e-09,1.099810623e-09,1.112560234e-09,1.125318458e-09,1.13806122e-09,1.150811045e-09,1.16354372e-09,1.176295987e-09,1.189044266e-09,1.201730463e-09,1.214472561e-09,1.227249316e-09,1.239981027e-09,1.252704267e-09,1.265525025e-09,1.278199626e-09,1.290907729e-09,1.303676268e-09,1.316433281e-09,1.329201964e-09,1.346809653e-09,1.365465708e-09,1.384133658e-09,1.400826093e-09]",0.9,000000000000001111111111100000,000000000000011111111110000000,000000000000011111111110000000,000000000000011111111110000000,0,13,22,10,1,1,0,0,0,phi_p04,4,medium_200mv_200ps,0.2,2e-10,1.335018965e-09,3.35018965e-10,0,0,0,0,2,0
scenarios/200_glitch_medium_200mv_200ps_phi_m04_o0200_v1p100000000000,capture,1.1,4,0,2.4512626e-10,1.2451262600000001e-09,"[1.069020134e-09,1.088269675e-09,1.107572288e-09,1.12688832e-09,1.146218733e-09,1.16553804e-09,1.184878294e-09,1.204218388e-09,1.223543704e-09,1.242899939e-09,1.26220638e-09,1.281586789e-09,1.300945735e-09,1.320284239e-09,1.339592926e-09,1.368364969e-09,1.400358061e-09,1.432544141e-09,1.464192124e-09,1.496351189e-09,1.528045242e-09,1.554030246e-09,1.572815421e-09,1.592056839e-09,1.611372227e-09,1.630657317e-09,1.649970257e-09,1.669326231e-09,1.688690975e-09,1.706693202e-09]","[1.010558565e-09,1.023283949e-09,1.036022632e-09,1.048775095e-09,1.061550847e-09,1.074298039e-09,1.087076059e-09,1.099810623e-09,1.112560234e-09,1.125318458e-09,1.13806122e-09,1.150811045e-09,1.16354372e-09,1.176295987e-09,1.189044266e-09,1.201730463e-09,1.214472561e-09,1.227249316e-09,1.239981027e-09,1.252668274e-09,1.265454483e-09,1.278205831e-09,1.290939913e-09,1.303683852e-09,1.316408325e-09,1.329149469e-09,1.341826353e-09,1.358873906e-09,1.377908745e-09,1.394419774e-09]",0.9,000000000111111110000000000000,000000011111111000000000000000,000000001111111000000000000000,000000001111111000000000000000,0,8,14,7,1,1,0,0,0,phi_m04,-4,medium_200mv_200ps,0.2,2e-10,1.3487374e-09,3.487374e-10,0,0,0,0,2,0
scenarios/204_glitch_medium_200mv_200ps_phi_p04_o0204_v1p100000000000,capture,1.1,4,0,3.5487374e-10,1.35487374e-09,"[1.069020134e-09,1.088269675e-09,1.107572288e-09,1.12688832e-09,1.146218733e-09,1.16553804e-09,1.184878294e-09,1.204218388e-09,1.223543704e-09,1.242899939e-09,1.26226352e-09,1.281639938e-09,1.300963571e-09,1.320313059e-09,1.339572386e-09,1.368188761e-09,1.400228028e-09,1.432351416e-09,1.464116568e-09,1.495928023e-09,1.527694904e-09,1.553728148e-09,1.572431177e-09,1.591814036e-09,1.611170699e-09,1.630463755e-09,1.649764355e-09,1.669102721e-09,1.688445985e-09,1.706532399e-09]","[1.010558565e-09,1.023283949e-09,1.036022632e-09,1.048775095e-09,1.061550847e-09,1.074298039e-09,1.087076059e-09,1.099810623e-09,1.112560234e-09,1.125318458e-09,1.13806122e-09,1.150811045e-09,1.16354372e-09,1.176295987e-09,1.189044266e-09,1.201730463e-09,1.214472561e-09,1.227249316e-09,1.239981027e-09,1.252704267e-09,1.265525025e-09,1.278199626e-09,1.290907729e-09,1.303676268e-09,1.316433281e-09,1.329201964e-09,1.341876697e-09,1.358838668e-09,1.377945948e-09,1.394579045e-09]",0.9,000000000000000111111111100000,000000000000011111111110000000,000000000000011111111110000000,000000000000011111111110000000,0,13,22,10,1,1,0,0,0,phi_p04,4,medium_200mv_200ps,0.2,2e-10,1.3487374e-09,3.487374e-10,0,0,0,0,2,0
scenarios/205_glitch_medium_200mv_200ps_phi_m04_o0205_v1p100000000000,capture,1.1,4,0,2.4512626e-10,1.2451262600000001e-09,"[1.069020134e-09,1.088269675e-09,1.107572288e-09,1.12688832e-09,1.146218733e-09,1.16553804e-09,1.184878294e-09,1.204218388e-09,1.223543704e-09,1.242899939e-09,1.26220638e-09,1.281586789e-09,1.300945735e-09,1.320284239e-09,1.339592926e-09,1.358962455e-09,1.391118173e-09,1.423289208e-09,1.454908818e-09,1.487133534e-09,1.518838409e-09,1.550755966e-09,1.572891586e-09,1.592078448e-09,1.611397881e-09,1.630568822e-09,1.649940667e-09,1.669147105e-09,1.688504674e-09,1.70654217e-09]","[1.010558565e-09,1.023283949e-09,1.036022632e-09,1.048775095e-09,1.061550847e-09,1.074298039e-09,1.087076059e-09,1.099810623e-09,1.112560234e-09,1.125318458e-09,1.13806122e-09,1.150811045e-09,1.16354372e-09,1.176295987e-09,1.189044266e-09,1.201730463e-09,1.214472561e-09,1.227249316e-09,1.239981027e-09,1.252668274e-09,1.265454483e-09,1.278205831e-09,1.290939913e-09,1.303683852e-09,1.316408325e-09,1.329149469e-09,1.341826353e-09,1.354621546e-09,1.371131888e-09,1.388230233e-09]",0.9,000000000111111110000000000000,000000011111111000000000000000,000000001111111000000000000000,000000001111111000000000000000,0,8,14,7,1,1,0,0,0,phi_m04,-4,medium_200mv_200ps,0.2,2e-10,1.362455835e-09,3.6245583499999996e-10,0,0,0,0,2,0
scenarios/209_glitch_medium_200mv_200ps_phi_p04_o0209_v1p100000000000,capture,1.1,4,0,3.5487374e-10,1.35487374e-09,"[1.069020134e-09,1.088269675e-09,1.107572288e-09,1.12688832e-09,1.146218733e-09,1.16553804e-09,1.184878294e-09,1.204218388e-09,1.223543704e-09,1.242899939e-09,1.26226352e-09,1.281639938e-09,1.300963571e-09,1.320313059e-09,1.339572386e-09,1.358803181e-09,1.390878694e-09,1.42307458e-09,1.454877662e-09,1.486691723e-09,1.518646126e-09,1.55035756e-09,1.572551599e-09,1.591666014e-09,1.611004918e-09,1.63036295e-09,1.649745477e-09,1.669098372e-09,1.688314761e-09,1.706432689e-09]","[1.010558565e-09,1.023283949e-09,1.036022632e-09,1.048775095e-09,1.061550847e-09,1.074298039e-09,1.087076059e-09,1.099810623e-09,1.112560234e-09,1.125318458e-09,1.13806122e-09,1.150811045e-09,1.16354372e-09,1.176295987e-09,1.189044266e-09,1.201730463e-09,1.214472561e-09,1.227249316e-09,1.239981027e-09,1.252704267e-09,1.265525025e-09,1.278199626e-09,1.290907729e-09,1.303676268e-09,1.316433281e-09,1.329201964e-09,1.341876697e-09,1.354518258e-09,1.371023949e-09,1.38810199e-09]",0.9,000000000000000111111111100000,000000000000011111111110000000,000000000000011111111110000000,000000000000011111111110000000,0,13,22,10,1,1,0,0,0,phi_p04,4,medium_200mv_200ps,0.2,2e-10,1.362455835e-09,3.6245583499999996e-10,0,0,0,0,2,0
scenarios/210_glitch_medium_200mv_200ps_phi_m04_o0210_v1p100000000000,capture,1.1,4,0,2.4512626e-10,1.2451262600000001e-09,"[1.069020134e-09,1.088269675e-09,1.107572288e-09,1.12688832e-09,1.146218733e-09,1.16553804e-09,1.184878294e-09,1.204218388e-09,1.223543704e-09,1.242899939e-09,1.26220638e-09,1.281586789e-09,1.300945735e-09,1.320284239e-09,1.339592926e-09,1.358962455e-09,1.381460976e-09,1.415081901e-09,1.446546764e-09,1.478724011e-09,1.510411901e-09,1.542327006e-09,1.574374957e-09,1.592470202e-09,1.611775799e-09,1.631113239e-09,1.650522932e-09,1.669841739e-09,1.689127164e-09,1.707208788e-09]","[1.010558565e-09,1.023283949e-09,1.036022632e-09,1.048775095e-09,1.061550847e-09,1.074298039e-09,1.087076059e-09,1.099810623e-09,1.112560234e-09,1.125318458e-09,1.13806122e-09,1.150811045e-09,1.16354372e-09,1.176295987e-09,1.189044266e-09,1.201730463e-09,1.214472561e-09,1.227249316e-09,1.239981027e-09,1.252668274e-09,1.265454483e-09,1.278205831e-09,1.290939913e-09,1.303683852e-09,1.316408325e-09,1.329149469e-09,1.341826353e-09,1.354621546e-09,1.367362986e-09,1.380839607e-09]",0.9,000000000111111110000000000000,000000011111111000000000000000,000000001111111000000000000000,000000001111111000000000000000,0,8,14,7,1,1,0,0,0,phi_m04,-4,medium_200mv_200ps,0.2,2e-10,1.37617427e-09,3.7617426999999995e-10,0,0,0,0,2,0
scenarios/214_glitch_medium_200mv_200ps_phi_p04_o0214_v1p100000000000,capture,1.1,4,0,3.5487374e-10,1.35487374e-09,"[1.069020134e-09,1.088269675e-09,1.107572288e-09,1.12688832e-09,1.146218733e-09,1.16553804e-09,1.184878294e-09,1.204218388e-09,1.223543704e-09,1.242899939e-09,1.26226352e-09,1.281639938e-09,1.300963571e-09,1.320313059e-09,1.339572386e-09,1.358803181e-09,1.381308555e-09,1.414754919e-09,1.44673973e-09,1.47854953e-09,1.510337457e-09,1.542309752e-09,1.573988759e-09,1.592442883e-09,1.61172583e-09,1.63098071e-09,1.650348521e-09,1.669722326e-09,1.689063698e-09,1.706969535e-09]","[1.010558565e-09,1.023283949e-09,1.036022632e-09,1.048775095e-09,1.061550847e-09,1.074298039e-09,1.087076059e-09,1.099810623e-09,1.112560234e-09,1.125318458e-09,1.13806122e-09,1.150811045e-09,1.16354372e-09,1.176295987e-09,1.189044266e-09,1.201730463e-09,1.214472561e-09,1.227249316e-09,1.239981027e-09,1.252704267e-09,1.265525025e-09,1.278199626e-09,1.290907729e-09,1.303676268e-09,1.316433281e-09,1.329201964e-09,1.341876697e-09,1.354518258e-09,1.367252226e-09,1.38068912e-09]",0.9,000000000000000111111111100000,000000000000011111111110000000,000000000000011111111110000000,000000000000011111111110000000,0,13,22,10,1,1,0,0,0,phi_p04,4,medium_200mv_200ps,0.2,2e-10,1.37617427e-09,3.7617426999999995e-10,0,0,0,0,2,0
scenarios/215_glitch_medium_200mv_200ps_phi_m04_o0215_v1p100000000000,capture,1.1,4,0,2.4512626e-10,1.2451262600000001e-09,"[1.069020134e-09,1.088269675e-09,1.107572288e-09,1.12688832e-09,1.146218733e-09,1.16553804e-09,1.184878294e-09,1.204218388e-09,1.223543704e-09,1.242899939e-09,1.26220638e-09,1.281586789e-09,1.300945735e-09,1.320284239e-09,1.339592926e-09,1.358962455e-09,1.378305771e-09,1.405277211e-09,1.437422235e-09,1.469189668e-09,1.500954642e-09,1.532845763e-09,1.564852958e-09,1.592591243e-09,1.611157915e-09,1.630494579e-09,1.649895475e-09,1.669245173e-09,1.688523238e-09,1.706561427e-09]","[1.010558565e-09,1.023283949e-09,1.036022632e-09,1.048775095e-09,1.061550847e-09,1.074298039e-09,1.087076059e-09,1.099810623e-09,1.112560234e-09,1.125318458e-09,1.13806122e-09,1.150811045e-09,1.16354372e-09,1.176295987e-09,1.189044266e-09,1.201730463e-09,1.214472561e-09,1.227249316e-09,1.239981027e-09,1.252668274e-09,1.265454483e-09,1.278205831e-09,1.290939913e-09,1.303683852e-09,1.316408325e-09,1.329149469e-09,1.341826353e-09,1.354621546e-09,1.367362986e-09,1.378790142e-09]",0.9,000000000111111110000000000000,000000011111111000000000000000,000000001111111000000000000000,000000001111111000000000000000,0,8,14,7,1,1,0,0,0,phi_m04,-4,medium_200mv_200ps,0.2,2e-10,1.389892705e-09,3.8989270499999994e-10,0,0,0,0,2,0
scenarios/219_glitch_medium_200mv_200ps_phi_p04_o0219_v1p100000000000,capture,1.1,4,0,3.5487374e-10,1.35487374e-09,"[1.069020134e-09,1.088269675e-09,1.107572288e-09,1.12688832e-09,1.146218733e-09,1.16553804e-09,1.184878294e-09,1.204218388e-09,1.223543704e-09,1.242899939e-09,1.26226352e-09,1.281639938e-09,1.300963571e-09,1.320313059e-09,1.339572386e-09,1.358803181e-09,1.378195554e-09,1.404987376e-09,1.437192361e-09,1.468867032e-09,1.500850939e-09,1.532747492e-09,1.564349566e-09,1.592482773e-09,1.611073536e-09,1.630313966e-09,1.64963594e-09,1.668907172e-09,1.68824106e-09,1.706290688e-09]","[1.010558565e-09,1.023283949e-09,1.036022632e-09,1.048775095e-09,1.061550847e-09,1.074298039e-09,1.087076059e-09,1.099810623e-09,1.112560234e-09,1.125318458e-09,1.13806122e-09,1.150811045e-09,1.16354372e-09,1.176295987e-09,1.189044266e-09,1.201730463e-09,1.214472561e-09,1.227249316e-09,1.239981027e-09,1.252704267e-09,1.265525025e-09,1.278199626e-09,1.290907729e-09,1.303676268e-09,1.316433281e-09,1.329201964e-09,1.341876697e-09,1.354518258e-09,1.367252226e-09,1.378726944e-09]",0.9,000000000000000111111111100000,000000000000011111111110000000,000000000000011111111110000000,000000000000011111111110000000,0,13,22,10,1,1,0,0,0,phi_p04,4,medium_200mv_200ps,0.2,2e-10,1.389892705e-09,3.8989270499999994e-10,0,0,0,0,2,0
scenarios/220_glitch_medium_200mv_200ps_phi_m04_o0220_v1p100000000000,capture,1.1,4,0,2.4512626e-10,1.2451262600000001e-09,"[1.069020134e-09,1.088269675e-09,1.107572288e-09,1.12688832e-09,1.146218733e-09,1.16553804e-09,1.184878294e-09,1.204218388e-09,1.223543704e-09,1.242899939e-09,1.26220638e-09,1.281586789e-09,1.300945735e-09,1.320284239e-09,1.339592926e-09,1.358962455e-09,1.378305771e-09,1.397692846e-09,1.428552308e-09,1.460294565e-09,1.492327787e-09,1.524036458e-09,1.555955842e-09,1.587955012e-09,1.611714594e-09,1.630710275e-09,1.650008354e-09,1.66937616e-09,1.688700937e-09,1.706771613e-09]","[1.010558565e-09,1.023283949e-09,1.036022632e-09,1.048775095e-09,1.061550847e-09,1.074298039e-09,1.087076059e-09,1.099810623e-09,1.112560234e-09,1.125318458e-09,1.13806122e-09,1.150811045e-09,1.16354372e-09,1.176295987e-09,1.189044266e-09,1.201730463e-09,1.214472561e-09,1.227249316e-09,1.239981027e-09,1.252668274e-09,1.265454483e-09,1.278205831e-09,1.290939913e-09,1.303683852e-09,1.316408325e-09,1.329149469e-09,1.341826353e-09,1.354621546e-09,1.367362986e-09,1.378790142e-09]",0.9,000000000111111110000000000000,000000011111111000000000000000,000000001111111000000000000000,000000001111111000000000000000,0,8,14,7,1,1,0,0,0,phi_m04,-4,medium_200mv_200ps,0.2,2e-10,1.40361114e-09,4.0361114000000003e-10,0,0,0,0,2,0
scenarios/224_glitch_medium_200mv_200ps_phi_p04_o0224_v1p100000000000,capture,1.1,4,0,3.5487374e-10,1.35487374e-09,"[1.069020134e-09,1.088269675e-09,1.107572288e-09,1.12688832e-09,1.146218733e-09,1.16553804e-09,1.184878294e-09,1.204218388e-09,1.223543704e-09,1.242899939e-09,1.26226352e-09,1.281639938e-09,1.300963571e-09,1.320313059e-09,1.339572386e-09,1.358803181e-09,1.378195554e-09,1.397552445e-09,1.42837546e-09,1.460321739e-09,1.492242759e-09,1.524050327e-09,1.555655656e-09,1.587653987e-09,1.611530072e-09,1.6305744e-09,1.649882914e-09,1.669137903e-09,1.688516892e-09,1.706470981e-09]","[1.010558565e-09,1.023283949e-09,1.036022632e-09,1.048775095e-09,1.061550847e-09,1.074298039e-09,1.087076059e-09,1.099810623e-09,1.112560234e-09,1.125318458e-09,1.13806122e-09,1.150811045e-09,1.16354372e-09,1.176295987e-09,1.189044266e-09,1.201730463e-09,1.214472561e-09,1.227249316e-09,1.239981027e-09,1.252704267e-09,1.265525025e-09,1.278199626e-09,1.290907729e-09,1.303676268e-09,1.316433281e-09,1.329201964e-09,1.341876697e-09,1.354518258e-09,1.367252226e-09,1.378726944e-09]",0.9,000000000000000111111111100000,000000000000011111111110000000,000000000000011111111110000000,000000000000011111111110000000,0,13,22,10,1,1,0,0,0,phi_p04,4,medium_200mv_200ps,0.2,2e-10,1.40361114e-09,4.0361114000000003e-10,0,0,0,0,2,0
scenarios/225_glitch_medium_200mv_200ps_phi_m04_o0225_v1p100000000000,capture,1.1,4,0,2.4512626e-10,1.2451262600000001e-09,"[1.069020134e-09,1.088269675e-09,1.107572288e-09,1.12688832e-09,1.146218733e-09,1.16553804e-09,1.184878294e-09,1.204218388e-09,1.223543704e-09,1.242899939e-09,1.26220638e-09,1.281586789e-09,1.300945735e-09,1.320284239e-09,1.339592926e-09,1.358962455e-09,1.378305771e-09,1.397692846e-09,1.41707262e-09,1.451796526e-09,1.484020623e-09,1.515774395e-09,1.547679687e-09,1.579520219e-09,1.611277972e-09,1.63122757e-09,1.650406226e-09,1.669763234e-09,1.689150192e-09,1.707096403e-09]","[1.010558565e-09,1.023283949e-09,1.036022632e-09,1.048775095e-09,1.061550847e-09,1.074298039e-09,1.087076059e-09,1.099810623e-09,1.112560234e-09,1.125318458e-09,1.13806122e-09,1.150811045e-09,1.16354372e-09,1.176295987e-09,1.189044266e-09,1.201730463e-09,1.214472561e-09,1.227249316e-09,1.239981027e-09,1.252668274e-09,1.265454483e-09,1.278205831e-09,1.290939913e-09,1.303683852e-09,1.316408325e-09,1.329149469e-09,1.341826353e-09,1.354621546e-09,1.367362986e-09,1.378790142e-09]",0.9,000000000111111110000000000000,000000011111111000000000000000,000000001111111000000000000000,000000001111111000000000000000,0,8,14,7,1,1,0,0,0,phi_m04,-4,medium_200mv_200ps,0.2,2e-10,1.417329575e-09,4.17329575e-10,0,0,0,0,2,0
scenarios/229_glitch_medium_200mv_200ps_phi_p04_o0229_v1p100000000000,capture,1.1,4,0,3.5487374e-10,1.35487374e-09,"[1.069020134e-09,1.088269675e-09,1.107572288e-09,1.12688832e-09,1.146218733e-09,1.16553804e-09,1.184878294e-09,1.204218388e-09,1.223543704e-09,1.242899939e-09,1.26226352e-09,1.281639938e-09,1.300963571e-09,1.320313059e-09,1.339572386e-09,1.358803181e-09,1.378195554e-09,1.397552445e-09,1.416835543e-09,1.451608591e-09,1.483450237e-09,1.515224662e-09,1.547029939e-09,1.578837808e-09,1.610615529e-09,1.630852622e-09,1.650051295e-09,1.66937845e-09,1.688716435e-09,1.706777201e-09]","[1.010558565e-09,1.023283949e-09,1.036022632e-09,1.048775095e-09,1.061550847e-09,1.074298039e-09,1.087076059e-09,1.099810623e-09,1.112560234e-09,1.125318458e-09,1.13806122e-09,1.150811045e-09,1.16354372e-09,1.176295987e-09,1.189044266e-09,1.201730463e-09,1.214472561e-09,1.227249316e-09,1.239981027e-09,1.252704267e-09,1.265525025e-09,1.278199626e-09,1.290907729e-09,1.303676268e-09,1.316433281e-09,1.329201964e-09,1.341876697e-09,1.354518258e-09,1.367252226e-09,1.378726944e-09]",0.9,000000000000000111111111100000,000000000000011111111110000000,000000000000011111111110000000,000000000000011111111110000000,0,13,22,10,1,1,0,0,0,phi_p04,4,medium_200mv_200ps,0.2,2e-10,1.417329575e-09,4.17329575e-10,0,0,0,0,2,0
scenarios/230_glitch_medium_200mv_200ps_phi_m04_o0230_v1p100000000000,capture,1.1,4,0,2.4512626e-10,1.2451262600000001e-09,"[1.069020134e-09,1.088269675e-09,1.107572288e-09,1.12688832e-09,1.146218733e-09,1.16553804e-09,1.184878294e-09,1.204218388e-09,1.223543704e-09,1.242899939e-09,1.26220638e-09,1.281586789e-09,1.300945735e-09,1.320284239e-09,1.339592926e-09,1.358962455e-09,1.378305771e-09,1.397692846e-09,1.417072492e-09,1.442183768e-09,1.474996244e-09,1.506760239e-09,1.538590548e-09,1.570606897e-09,1.602436859e-09,1.631858617e-09,1.650309872e-09,1.669633074e-09,1.688971919e-09,1.70703081e-09]","[1.010558565e-09,1.023283949e-09,1.036022632e-09,1.048775095e-09,1.061550847e-09,1.074298039e-09,1.087076059e-09,1.099810623e-09,1.112560234e-09,1.125318458e-09,1.13806122e-09,1.150811045e-09,1.16354372e-09,1.176295987e-09,1.189044266e-09,1.201730463e-09,1.214472561e-09,1.227249316e-09,1.239981027e-09,1.252668274e-09,1.265454483e-09,1.278205831e-09,1.290939913e-09,1.303683852e-09,1.316408325e-09,1.329149469e-09,1.341826353e-09,1.354621546e-09,1.367362986e-09,1.378790142e-09]",0.9,000000000111111110000000000000,000000011111111000000000000000,000000001111111000000000000000,000000001111111000000000000000,0,8,14,7,1,1,0,0,0,phi_m04,-4,medium_200mv_200ps,0.2,2e-10,1.43104801e-09,4.3104801e-10,0,0,0,0,2,0
scenarios/234_glitch_medium_200mv_200ps_phi_p04_o0234_v1p100000000000,capture,1.1,4,0,3.5487374e-10,1.35487374e-09,"[1.069020134e-09,1.088269675e-09,1.107572288e-09,1.12688832e-09,1.146218733e-09,1.16553804e-09,1.184878294e-09,1.204218388e-09,1.223543704e-09,1.242899939e-09,1.26226352e-09,1.281639938e-09,1.300963571e-09,1.320313059e-09,1.339572386e-09,1.358803181e-09,1.378195554e-09,1.397552445e-09,1.416890294e-09,1.441627368e-09,1.474635124e-09,1.506374361e-09,1.538320025e-09,1.570005697e-09,1.602033326e-09,1.631750193e-09,1.650082646e-09,1.669399307e-09,1.688750096e-09,1.706697687e-09]","[1.010558565e-09,1.023283949e-09,1.036022632e-09,1.048775095e-09,1.061550847e-09,1.074298039e-09,1.087076059e-09,1.099810623e-09,1.112560234e-09,1.125318458e-09,1.13806122e-09,1.150811045e-09,1.16354372e-09,1.176295987e-09,1.189044266e-09,1.201730463e-09,1.214472561e-09,1.227249316e-09,1.239981027e-09,1.252704267e-09,1.265525025e-09,1.278199626e-09,1.290907729e-09,1.303676268e-09,1.316433281e-09,1.329201964e-09,1.341876697e-09,1.354518258e-09,1.367252226e-09,1.378726944e-09]",0.9,000000000000000111111111100000,000000000000011111111110000000,000000000000011111111110000000,000000000000011111111110000000,0,13,22,10,1,1,0,0,0,phi_p04,4,medium_200mv_200ps,0.2,2e-10,1.43104801e-09,4.3104801e-10,0,0,0,0,2,0
scenarios/235_glitch_medium_200mv_200ps_phi_m04_o0235_v1p100000000000,capture,1.1,4,0,2.4512626e-10,1.2451262600000001e-09,"[1.069020134e-09,1.088269675e-09,1.107572288e-09,1.12688832e-09,1.146218733e-09,1.16553804e-09,1.184878294e-09,1.204218388e-09,1.223543704e-09,1.242899939e-09,1.26220638e-09,1.281586789e-09,1.300945735e-09,1.320284239e-09,1.339592926e-09,1.358962455e-09,1.378305771e-09,1.397692846e-09,1.417072492e-09,1.436439711e-09,1.465542313e-09,1.497926879e-09,1.529666401e-09,1.561593935e-09,1.593338529e-09,1.62519676e-09,1.650626721e-09,1.669387486e-09,1.688750461e-09,1.706782553e-09]","[1.010558565e-09,1.023283949e-09,1.036022632e-09,1.048775095e-09,1.061550847e-09,1.074298039e-09,1.087076059e-09,1.099810623e-09,1.112560234e-09,1.125318458e-09,1.13806122e-09,1.150811045e-09,1.16354372e-09,1.176295987e-09,1.189044266e-09,1.201730463e-09,1.214472561e-09,1.227249316e-09,1.239981027e-09,1.252668274e-09,1.265454483e-09,1.278205831e-09,1.290939913e-09,1.303683852e-09,1.316408325e-09,1.329149469e-09,1.341826353e-09,1.354621546e-09,1.367362986e-09,1.378790142e-09]",0.9,000000000111111110000000000000,000000011111111000000000000000,000000001111111000000000000000,000000001111111000000000000000,0,8,14,7,1,1,0,0,0,phi_m04,-4,medium_200mv_200ps,0.2,2e-10,1.444766445e-09,4.44766445e-10,0,0,0,0,2,0
scenarios/239_glitch_medium_200mv_200ps_phi_p04_o0239_v1p100000000000,capture,1.1,4,0,3.5487374e-10,1.35487374e-09,"[1.069020134e-09,1.088269675e-09,1.107572288e-09,1.12688832e-09,1.146218733e-09,1.16553804e-09,1.184878294e-09,1.204218388e-09,1.223543704e-09,1.242899939e-09,1.26226352e-09,1.281639938e-09,1.300963571e-09,1.320313059e-09,1.339572386e-09,1.358803181e-09,1.378195554e-09,1.397552445e-09,1.416890294e-09,1.436149893e-09,1.465300205e-09,1.497261131e-09,1.529025061e-09,1.560707879e-09,1.592991042e-09,1.624792237e-09,1.65048949e-09,1.669247154e-09,1.688607891e-09,1.70662306e-09]","[1.010558565e-09,1.023283949e-09,1.036022632e-09,1.048775095e-09,1.061550847e-09,1.074298039e-09,1.087076059e-09,1.099810623e-09,1.112560234e-09,1.125318458e-09,1.13806122e-09,1.150811045e-09,1.16354372e-09,1.176295987e-09,1.189044266e-09,1.201730463e-09,1.214472561e-09,1.227249316e-09,1.239981027e-09,1.252704267e-09,1.265525025e-09,1.278199626e-09,1.290907729e-09,1.303676268e-09,1.316433281e-09,1.329201964e-09,1.341876697e-09,1.354518258e-09,1.367252226e-09,1.378726944e-09]",0.9,000000000000000111111111100000,000000000000011111111110000000,000000000000011111111110000000,000000000000011111111110000000,0,13,22,10,1,1,0,0,0,phi_p04,4,medium_200mv_200ps,0.2,2e-10,1.444766445e-09,4.44766445e-10,0,0,0,0,2,0
scenarios/240_glitch_medium_200mv_200ps_phi_m04_o0240_v1p100000000000,capture,1.1,4,0,2.4512626e-10,1.2451262600000001e-09,"[1.069020134e-09,1.088269675e-09,1.107572288e-09,1.12688832e-09,1.146218733e-09,1.16553804e-09,1.184878294e-09,1.204218388e-09,1.223543704e-09,1.242899939e-09,1.26220638e-09,1.281586789e-09,1.300945735e-09,1.320284239e-09,1.339592926e-09,1.358962455e-09,1.378305771e-09,1.397692846e-09,1.417072492e-09,1.436439711e-09,1.455783204e-09,1.488646668e-09,1.520460444e-09,1.552344014e-09,1.584260371e-09,1.616043209e-09,1.647846059e-09,1.669554436e-09,1.688698246e-09,1.70674396e-09]","[1.010558565e-09,1.023283949e-09,1.036022632e-09,1.048775095e-09,1.061550847e-09,1.074298039e-09,1.087076059e-09,1.099810623e-09,1.112560234e-09,1.125318458e-09,1.13806122e-09,1.150811045e-09,1.16354372e-09,1.176295987e-09,1.189044266e-09,1.201730463e-09,1.214472561e-09,1.227249316e-09,1.239981027e-09,1.252668274e-09,1.265454483e-09,1.278205831e-09,1.290939913e-09,1.303683852e-09,1.316408325e-09,1.329149469e-09,1.341826353e-09,1.354621546e-09,1.367362986e-09,1.378790142e-09]",0.9,000000000111111110000000000000,000000011111111000000000000000,000000001111111000000000000000,000000001111111000000000000000,0,8,14,7,1,1,0,0,0,phi_m04,-4,medium_200mv_200ps,0.2,2e-10,1.45848488e-09,4.5848488e-10,0,0,0,0,2,0
scenarios/244_glitch_medium_200mv_200ps_phi_p04_o0244_v1p100000000000,capture,1.1,4,0,3.5487374e-10,1.35487374e-09,"[1.069020134e-09,1.088269675e-09,1.107572288e-09,1.12688832e-09,1.146218733e-09,1.16553804e-09,1.184878294e-09,1.204218388e-09,1.223543704e-09,1.242899939e-09,1.26226352e-09,1.281639938e-09,1.300963571e-09,1.320313059e-09,1.339572386e-09,1.358803181e-09,1.378195554e-09,1.397552445e-09,1.416890294e-09,1.436149893e-09,1.455402896e-09,1.487976458e-09,1.519840477e-09,1.551646472e-09,1.583639392e-09,1.615323816e-09,1.64733207e-09,1.669184383e-09,1.68838582e-09,1.706378044e-09]","[1.010558565e-09,1.023283949e-09,1.036022632e-09,1.048775095e-09,1.061550847e-09,1.074298039e-09,1.087076059e-09,1.099810623e-09,1.112560234e-09,1.125318458e-09,1.13806122e-09,1.150811045e-09,1.16354372e-09,1.176295987e-09,1.189044266e-09,1.201730463e-09,1.214472561e-09,1.227249316e-09,1.239981027e-09,1.252704267e-09,1.265525025e-09,1.278199626e-09,1.290907729e-09,1.303676268e-09,1.316433281e-09,1.329201964e-09,1.341876697e-09,1.354518258e-09,1.367252226e-09,1.378726944e-09]",0.9,000000000000000111111111100000,000000000000011111111110000000,000000000000011111111110000000,000000000000011111111110000000,0,13,22,10,1,1,0,0,0,phi_p04,4,medium_200mv_200ps,0.2,2e-10,1.45848488e-09,4.5848488e-10,0,0,0,0,2,0
scenarios/245_glitch_medium_200mv_200ps_phi_m04_o0245_v1p100000000000,capture,1.1,4,0,2.4512626e-10,1.2451262600000001e-09,"[1.069020134e-09,1.088269675e-09,1.107572288e-09,1.12688832e-09,1.146218733e-09,1.16553804e-09,1.184878294e-09,1.204218388e-09,1.223543704e-09,1.242899939e-09,1.26220638e-09,1.281586789e-09,1.300945735e-09,1.320284239e-09,1.339592926e-09,1.358962455e-09,1.378305771e-09,1.397692846e-09,1.417072492e-09,1.436439711e-09,1.455783204e-09,1.478930445e-09,1.512463422e-09,1.544264694e-09,1.576124415e-09,1.608030328e-09,1.639692662e-09,1.671567935e-09,1.689277669e-09,1.707330764e-09]","[1.010558565e-09,1.023283949e-09,1.036022632e-09,1.048775095e-09,1.061550847e-09,1.074298039e-09,1.087076059e-09,1.099810623e-09,1.112560234e-09,1.125318458e-09,1.13806122e-09,1.150811045e-09,1.16354372e-09,1.176295987e-09,1.189044266e-09,1.201730463e-09,1.214472561e-09,1.227249316e-09,1.239981027e-09,1.252668274e-09,1.265454483e-09,1.278205831e-09,1.290939913e-09,1.303683852e-09,1.316408325e-09,1.329149469e-09,1.341826353e-09,1.354621546e-09,1.367362986e-09,1.378790142e-09]",0.9,000000000111111110000000000000,000000011111111000000000000000,000000001111111000000000000000,000000001111111000000000000000,0,8,14,7,1,1,0,0,0,phi_m04,-4,medium_200mv_200ps,0.2,2e-10,1.472203315e-09,4.72203315e-10,0,0,0,0,2,0
scenarios/249_glitch_medium_200mv_200ps_phi_p04_o0249_v1p100000000000,capture,1.1,4,0,3.5487374e-10,1.35487374e-09,"[1.069020134e-09,1.088269675e-09,1.107572288e-09,1.12688832e-09,1.146218733e-09,1.16553804e-09,1.184878294e-09,1.204218388e-09,1.223543704e-09,1.242899939e-09,1.26226352e-09,1.281639938e-09,1.300963571e-09,1.320313059e-09,1.339572386e-09,1.358803181e-09,1.378195554e-09,1.397552445e-09,1.416890294e-09,1.436149893e-09,1.455402896e-09,1.478152274e-09,1.511467584e-09,1.543483251e-09,1.575236943e-09,1.607375624e-09,1.639219988e-09,1.670954956e-09,1.688960877e-09,1.706938631e-09]","[1.010558565e-09,1.023283949e-09,1.036022632e-09,1.048775095e-09,1.061550847e-09,1.074298039e-09,1.087076059e-09,1.099810623e-09,1.112560234e-09,1.125318458e-09,1.13806122e-09,1.150811045e-09,1.16354372e-09,1.176295987e-09,1.189044266e-09,1.201730463e-09,1.214472561e-09,1.227249316e-09,1.239981027e-09,1.252704267e-09,1.265525025e-09,1.278199626e-09,1.290907729e-09,1.303676268e-09,1.316433281e-09,1.329201964e-09,1.341876697e-09,1.354518258e-09,1.367252226e-09,1.378726944e-09]",0.9,000000000000000111111111100000,000000000000011111111110000000,000000000000011111111110000000,000000000000011111111110000000,0,13,22,10,1,1,0,0,0,phi_p04,4,medium_200mv_200ps,0.2,2e-10,1.472203315e-09,4.72203315e-10,0,0,0,0,2,0
scenarios/250_glitch_medium_200mv_200ps_phi_m04_o0250_v1p100000000000,capture,1.1,4,0,2.4512626e-10,1.2451262600000001e-09,"[1.069020134e-09,1.088269675e-09,1.107572288e-09,1.12688832e-09,1.146218733e-09,1.16553804e-09,1.184878294e-09,1.204218388e-09,1.223543704e-09,1.242899939e-09,1.26220638e-09,1.281586789e-09,1.300945735e-09,1.320284239e-09,1.339592926e-09,1.358962455e-09,1.378305771e-09,1.397692846e-09,1.417072492e-09,1.436439711e-09,1.455783204e-09,1.475116465e-09,1.502597925e-09,1.534608361e-09,1.566620705e-09,1.598447933e-09,1.630204673e-09,1.662189244e-09,1.689393415e-09,1.70670987e-09]","[1.010558565e-09,1.023283949e-09,1.036022632e-09,1.048775095e-09,1.061550847e-09,1.074298039e-09,1.087076059e-09,1.099810623e-09,1.112560234e-09,1.125318458e-09,1.13806122e-09,1.150811045e-09,1.16354372e-09,1.176295987e-09,1.189044266e-09,1.201730463e-09,1.214472561e-09,1.227249316e-09,1.239981027e-09,1.252668274e-09,1.265454483e-09,1.278205831e-09,1.290939913e-09,1.303683852e-09,1.316408325e-09,1.329149469e-09,1.341826353e-09,1.354621546e-09,1.367362986e-09,1.378790142e-09]",0.9,000000000111111110000000000000,000000011111111000000000000000,000000001111111000000000000000,000000001111111000000000000000,0,8,14,7,1,1,0,0,0,phi_m04,-4,medium_200mv_200ps,0.2,2e-10,1.48592175e-09,4.8592175e-10,0,0,0,0,2,0
scenarios/254_glitch_medium_200mv_200ps_phi_p04_o0254_v1p100000000000,capture,1.1,4,0,3.5487374e-10,1.35487374e-09,"[1.069020134e-09,1.088269675e-09,1.107572288e-09,1.12688832e-09,1.146218733e-09,1.16553804e-09,1.184878294e-09,1.204218388e-09,1.223543704e-09,1.242899939e-09,1.26226352e-09,1.281639938e-09,1.300963571e-09,1.320313059e-09,1.339572386e-09,1.358803181e-09,1.378195554e-09,1.397552445e-09,1.416890294e-09,1.436149893e-09,1.455402896e-09,1.474706222e-09,1.501830062e-09,1.534080174e-09,1.565686588e-09,1.597802182e-09,1.629511671e-09,1.661338565e-09,1.689011687e-09,1.706325887e-09]","[1.010558565e-09,1.023283949e-09,1.036022632e-09,1.048775095e-09,1.061550847e-09,1.074298039e-09,1.087076059e-09,1.099810623e-09,1.112560234e-09,1.125318458e-09,1.13806122e-09,1.150811045e-09,1.16354372e-09,1.176295987e-09,1.189044266e-09,1.201730463e-09,1.214472561e-09,1.227249316e-09,1.239981027e-09,1.252704267e-09,1.265525025e-09,1.278199626e-09,1.290907729e-09,1.303676268e-09,1.316433281e-09,1.329201964e-09,1.341876697e-09,1.354518258e-09,1.367252226e-09,1.378726944e-09]",0.9,000000000000000111111111100000,000000000000011111111110000000,000000000000011111111110000000,000000000000011111111110000000,0,13,22,10,1,1,0,0,0,phi_p04,4,medium_200mv_200ps,0.2,2e-10,1.48592175e-09,4.8592175e-10,0,0,0,0,2,0
scenarios/255_glitch_medium_200mv_200ps_phi_m04_o0255_v1p100000000000,capture,1.1,4,0,2.4512626e-10,1.2451262600000001e-09,"[1.069020134e-09,1.088269675e-09,1.107572288e-09,1.12688832e-09,1.146218733e-09,1.16553804e-09,1.184878294e-09,1.204218388e-09,1.223543704e-09,1.242899939e-09,1.26220638e-09,1.281586789e-09,1.300945735e-09,1.320284239e-09,1.339592926e-09,1.358962455e-09,1.378305771e-09,1.397692846e-09,1.417072492e-09,1.436439711e-09,1.455783204e-09,1.475116465e-09,1.494479472e-09,1.525696385e-09,1.557589614e-09,1.58931358e-09,1.621327479e-09,1.653143263e-09,1.685042629e-09,1.707291566e-09]","[1.010558565e-09,1.023283949e-09,1.036022632e-09,1.048775095e-09,1.061550847e-09,1.074298039e-09,1.087076059e-09,1.099810623e-09,1.112560234e-09,1.125318458e-09,1.13806122e-09,1.150811045e-09,1.16354372e-09,1.176295987e-09,1.189044266e-09,1.201730463e-09,1.214472561e-09,1.227249316e-09,1.239981027e-09,1.252668274e-09,1.265454483e-09,1.278205831e-09,1.290939913e-09,1.303683852e-09,1.316408325e-09,1.329149469e-09,1.341826353e-09,1.354621546e-09,1.367362986e-09,1.378790142e-09]",0.9,000000000111111110000000000000,000000011111111000000000000000,000000001111111000000000000000,000000001111111000000000000000,0,8,14,7,1,1,0,0,0,phi_m04,-4,medium_200mv_200ps,0.2,2e-10,1.499640185e-09,4.996401849999999e-10,0,0,0,0,2,0
scenarios/259_glitch_medium_200mv_200ps_phi_p04_o0259_v1p100000000000,capture,1.1,4,0,3.5487374e-10,1.35487374e-09,"[1.069020134e-09,1.088269675e-09,1.107572288e-09,1.12688832e-09,1.146218733e-09,1.16553804e-09,1.184878294e-09,1.204218388e-09,1.223543704e-09,1.242899939e-09,1.26226352e-09,1.281639938e-09,1.300963571e-09,1.320313059e-09,1.339572386e-09,1.358803181e-09,1.378195554e-09,1.397552445e-09,1.416890294e-09,1.436149893e-09,1.455402896e-09,1.474706222e-09,1.49403302e-09,1.525009904e-09,1.556703845e-09,1.588973105e-09,1.620703433e-09,1.652690066e-09,1.684543294e-09,1.707042499e-09]","[1.010558565e-09,1.023283949e-09,1.036022632e-09,1.048775095e-09,1.061550847e-09,1.074298039e-09,1.087076059e-09,1.099810623e-09,1.112560234e-09,1.125318458e-09,1.13806122e-09,1.150811045e-09,1.16354372e-09,1.176295987e-09,1.189044266e-09,1.201730463e-09,1.214472561e-09,1.227249316e-09,1.239981027e-09,1.252704267e-09,1.265525025e-09,1.278199626e-09,1.290907729e-09,1.303676268e-09,1.316433281e-09,1.329201964e-09,1.341876697e-09,1.354518258e-09,1.367252226e-09,1.378726944e-09]",0.9,000000000000000111111111100000,000000000000011111111110000000,000000000000011111111110000000,000000000000011111111110000000,0,13,22,10,1,1,0,0,0,phi_p04,4,medium_200mv_200ps,0.2,2e-10,1.499640185e-09,4.996401849999999e-10,0,0,0,0,2,0
scenarios/260_glitch_medium_200mv_200ps_phi_m04_o0260_v1p100000000000,capture,1.1,4,0,2.4512626e-10,1.2451262600000001e-09,"[1.069020134e-09,1.088269675e-09,1.107572288e-09,1.12688832e-09,1.146218733e-09,1.16553804e-09,1.184878294e-09,1.204218388e-09,1.223543704e-09,1.242899939e-09,1.26220638e-09,1.281586789e-09,1.300945735e-09,1.320284239e-09,1.339592926e-09,1.358962455e-09,1.378305771e-09,1.397692846e-09,1.417072492e-09,1.436439711e-09,1.455783204e-09,1.475116465e-09,1.494479472e-09,1.515759838e-09,1.549315513e-09,1.581148242e-09,1.612902985e-09,1.644902794e-09,1.676685341e-09,1.70622794e-09]","[1.010558565e-09,1.023283949e-09,1.036022632e-09,1.048775095e-09,1.061550847e-09,1.074298039e-09,1.087076059e-09,1.099810623e-09,1.112560234e-09,1.125318458e-09,1.13806122e-09,1.150811045e-09,1.16354372e-09,1.176295987e-09,1.189044266e-09,1.201730463e-09,1.214472561e-09,1.227249316e-09,1.239981027e-09,1.252668274e-09,1.265454483e-09,1.278205831e-09,1.290939913e-09,1.303683852e-09,1.316408325e-09,1.329149469e-09,1.341826353e-09,1.354621546e-09,1.367362986e-09,1.378790142e-09]",0.9,000000000111111110000000000000,000000011111111000000000000000,000000001111111000000000000000,000000001111111000000000000000,0,8,14,7,1,1,0,0,0,phi_m04,-4,medium_200mv_200ps,0.2,2e-10,1.5133586199999999e-09,5.133586199999999e-10,0,0,0,0,2,0
scenarios/264_glitch_medium_200mv_200ps_phi_p04_o0264_v1p100000000000,capture,1.1,4,0,3.5487374e-10,1.35487374e-09,"[1.069020134e-09,1.088269675e-09,1.107572288e-09,1.12688832e-09,1.146218733e-09,1.16553804e-09,1.184878294e-09,1.204218388e-09,1.223543704e-09,1.242899939e-09,1.26226352e-09,1.281639938e-09,1.300963571e-09,1.320313059e-09,1.339572386e-09,1.358803181e-09,1.378195554e-09,1.397552445e-09,1.416890294e-09,1.436149893e-09,1.455402896e-09,1.474706222e-09,1.49403302e-09,1.513298756e-09,1.548344078e-09,1.580304393e-09,1.612226298e-09,1.644082345e-09,1.67582464e-09,1.705595056e-09]","[1.010558565e-09,1.023283949e-09,1.036022632e-09,1.048775095e-09,1.061550847e-09,1.074298039e-09,1.087076059e-09,1.099810623e-09,1.112560234e-09,1.125318458e-09,1.13806122e-09,1.150811045e-09,1.16354372e-09,1.176295987e-09,1.189044266e-09,1.201730463e-09,1.214472561e-09,1.227249316e-09,1.239981027e-09,1.252704267e-09,1.265525025e-09,1.278199626e-09,1.290907729e-09,1.303676268e-09,1.316433281e-09,1.329201964e-09,1.341876697e-09,1.354518258e-09,1.367252226e-09,1.378726944e-09]",0.9,000000000000000111111111100000,000000000000011111111110000000,000000000000011111111110000000,000000000000011111111110000000,0,13,22,10,1,1,0,0,0,phi_p04,4,medium_200mv_200ps,0.2,2e-10,1.5133586199999999e-09,5.133586199999999e-10,0,0,0,0,2,0
scenarios/265_glitch_medium_200mv_200ps_phi_m04_o0265_v1p100000000000,capture,1.1,4,0,2.4512626e-10,1.2451262600000001e-09,"[1.069020134e-09,1.088269675e-09,1.107572288e-09,1.12688832e-09,1.146218733e-09,1.16553804e-09,1.184878294e-09,1.204218388e-09,1.223543704e-09,1.242899939e-09,1.26220638e-09,1.281586789e-09,1.300945735e-09,1.320284239e-09,1.339592926e-09,1.358962455e-09,1.378305771e-09,1.397692846e-09,1.417072492e-09,1.436439711e-09,1.455783204e-09,1.475116465e-09,1.494479472e-09,1.513815153e-09,1.539268612e-09,1.571968635e-09,1.603673176e-09,1.635680625e-09,1.667610501e-09,1.697025597e-09]","[1.010558565e-09,1.023283949e-09,1.036022632e-09,1.048775095e-09,1.061550847e-09,1.074298039e-09,1.087076059e-09,1.099810623e-09,1.112560234e-09,1.125318458e-09,1.13806122e-09,1.150811045e-09,1.16354372e-09,1.176295987e-09,1.189044266e-09,1.201730463e-09,1.214472561e-09,1.227249316e-09,1.239981027e-09,1.252668274e-09,1.265454483e-09,1.278205831e-09,1.290939913e-09,1.303683852e-09,1.316408325e-09,1.329149469e-09,1.341826353e-09,1.354621546e-09,1.367362986e-09,1.378790142e-09]",0.9,000000000111111110000000000000,000000011111111000000000000000,000000001111111000000000000000,000000001111111000000000000000,0,8,14,7,1,1,0,0,0,phi_m04,-4,medium_200mv_200ps,0.2,2e-10,1.527077055e-09,5.27077055e-10,0,0,0,0,2,0
scenarios/269_glitch_medium_200mv_200ps_phi_p04_o0269_v1p100000000000,capture,1.1,4,0,3.5487374e-10,1.35487374e-09,"[1.069020134e-09,1.088269675e-09,1.107572288e-09,1.12688832e-09,1.146218733e-09,1.16553804e-09,1.184878294e-09,1.204218388e-09,1.223543704e-09,1.242899939e-09,1.26226352e-09,1.281639938e-09,1.300963571e-09,1.320313059e-09,1.339572386e-09,1.358803181e-09,1.378195554e-09,1.397552445e-09,1.416890294e-09,1.436149893e-09,1.455402896e-09,1.474706222e-09,1.49403302e-09,1.51329753e-09,1.538550556e-09,1.570898913e-09,1.603061408e-09,1.634868272e-09,1.666721174e-09,1.696441084e-09]","[1.010558565e-09,1.023283949e-09,1.036022632e-09,1.048775095e-09,1.061550847e-09,1.074298039e-09,1.087076059e-09,1.099810623e-09,1.112560234e-09,1.125318458e-09,1.13806122e-09,1.150811045e-09,1.16354372e-09,1.176295987e-09,1.189044266e-09,1.201730463e-09,1.214472561e-09,1.227249316e-09,1.239981027e-09,1.252704267e-09,1.265525025e-09,1.278199626e-09,1.290907729e-09,1.303676268e-09,1.316433281e-09,1.329201964e-09,1.341876697e-09,1.354518258e-09,1.367252226e-09,1.378726944e-09]",0.9,000000000000000111111111100000,000000000000011111111110000000,000000000000011111111110000000,000000000000011111111110000000,0,13,22,10,1,1,0,0,0,phi_p04,4,medium_200mv_200ps,0.2,2e-10,1.527077055e-09,5.27077055e-10,0,0,0,0,2,0
scenarios/270_glitch_medium_200mv_200ps_phi_m04_o0270_v1p100000000000,capture,1.1,4,0,2.4512626e-10,1.2451262600000001e-09,"[1.069020134e-09,1.088269675e-09,1.107572288e-09,1.12688832e-09,1.146218733e-09,1.16553804e-09,1.184878294e-09,1.204218388e-09,1.223543704e-09,1.242899939e-09,1.26220638e-09,1.281586789e-09,1.300945735e-09,1.320284239e-09,1.339592926e-09,1.358962455e-09,1.378305771e-09,1.397692846e-09,1.417072492e-09,1.436439711e-09,1.455783204e-09,1.475116465e-09,1.494479472e-09,1.513815153e-09,1.533065564e-09,1.562854457e-09,1.594738618e-09,1.626533249e-09,1.658489721e-09,1.687878661e-09]","[1.010558565e-09,1.023283949e-09,1.036022632e-09,1.048775095e-09,1.061550847e-09,1.074298039e-09,1.087076059e-09,1.099810623e-09,1.112560234e-09,1.125318458e-09,1.13806122e-09,1.150811045e-09,1.16354372e-09,1.176295987e-09,1.189044266e-09,1.201730463e-09,1.214472561e-09,1.227249316e-09,1.239981027e-09,1.252668274e-09,1.265454483e-09,1.278205831e-09,1.290939913e-09,1.303683852e-09,1.316408325e-09,1.329149469e-09,1.341826353e-09,1.354621546e-09,1.367362986e-09,1.378790142e-09]",0.9,000000000111111110000000000000,000000011111111000000000000000,000000001111111000000000000000,000000001111111000000000000000,0,8,14,7,1,1,0,0,0,phi_m04,-4,medium_200mv_200ps,0.2,2e-10,1.54079549e-09,5.4079549e-10,0,0,0,0,2,0
scenarios/274_glitch_medium_200mv_200ps_phi_p04_o0274_v1p100000000000,capture,1.1,4,0,3.5487374e-10,1.35487374e-09,"[1.069020134e-09,1.088269675e-09,1.107572288e-09,1.12688832e-09,1.146218733e-09,1.16553804e-09,1.184878294e-09,1.204218388e-09,1.223543704e-09,1.242899939e-09,1.26226352e-09,1.281639938e-09,1.300963571e-09,1.320313059e-09,1.339572386e-09,1.358803181e-09,1.378195554e-09,1.397552445e-09,1.416890294e-09,1.436149893e-09,1.455402896e-09,1.474706222e-09,1.49403302e-09,1.51329753e-09,1.532668519e-09,1.562040514e-09,1.594172187e-09,1.626137277e-09,1.657994352e-09,1.687599003e-09]","[1.010558565e-09,1.023283949e-09,1.036022632e-09,1.048775095e-09,1.061550847e-09,1.074298039e-09,1.087076059e-09,1.099810623e-09,1.112560234e-09,1.125318458e-09,1.13806122e-09,1.150811045e-09,1.16354372e-09,1.176295987e-09,1.189044266e-09,1.201730463e-09,1.214472561e-09,1.227249316e-09,1.239981027e-09,1.252704267e-09,1.265525025e-09,1.278199626e-09,1.290907729e-09,1.303676268e-09,1.316433281e-09,1.329201964e-09,1.341876697e-09,1.354518258e-09,1.367252226e-09,1.378726944e-09]",0.9,000000000000000111111111100000,000000000000011111111110000000,000000000000011111111110000000,000000000000011111111110000000,0,13,22,10,1,1,0,0,0,phi_p04,4,medium_200mv_200ps,0.2,2e-10,1.54079549e-09,5.4079549e-10,0,0,0,0,2,0
scenarios/275_glitch_medium_200mv_200ps_phi_m04_o0275_v1p100000000000,capture,1.1,4,0,2.4512626e-10,1.2451262600000001e-09,"[1.069020134e-09,1.088269675e-09,1.107572288e-09,1.12688832e-09,1.146218733e-09,1.16553804e-09,1.184878294e-09,1.204218388e-09,1.223543704e-09,1.242899939e-09,1.26220638e-09,1.281586789e-09,1.300945735e-09,1.320284239e-09,1.339592926e-09,1.358962455e-09,1.378305771e-09,1.397692846e-09,1.417072492e-09,1.436439711e-09,1.455783204e-09,1.475116465e-09,1.494479472e-09,1.513815153e-09,1.533065564e-09,1.55238709e-09,1.585658158e-09,1.617444048e-09,1.649335404e-09,1.678867543e-09]","[1.010558565e-09,1.023283949e-09,1.036022632e-09,1.048775095e-09,1.061550847e-09,1.074298039e-09,1.087076059e-09,1.099810623e-09,1.112560234e-09,1.125318458e-09,1.13806122e-09,1.150811045e-09,1.16354372e-09,1.176295987e-09,1.189044266e-09,1.201730463e-09,1.214472561e-09,1.227249316e-09,1.239981027e-09,1.252668274e-09,1.265454483e-09,1.278205831e-09,1.290939913e-09,1.303683852e-09,1.316408325e-09,1.329149469e-09,1.341826353e-09,1.354621546e-09,1.367362986e-09,1.378790142e-09]",0.9,000000000111111110000000000000,000000011111111000000000000000,000000001111111000000000000000,000000001111111000000000000000,0,8,14,7,1,1,0,0,0,phi_m04,-4,medium_200mv_200ps,0.2,2e-10,1.554513925e-09,5.54513925e-10,0,0,0,0,2,0
scenarios/279_glitch_medium_200mv_200ps_phi_p04_o0279_v1p100000000000,capture,1.1,4,0,3.5487374e-10,1.35487374e-09,"[1.069020134e-09,1.088269675e-09,1.107572288e-09,1.12688832e-09,1.146218733e-09,1.16553804e-09,1.184878294e-09,1.204218388e-09,1.223543704e-09,1.242899939e-09,1.26226352e-09,1.281639938e-09,1.300963571e-09,1.320313059e-09,1.339572386e-09,1.358803181e-09,1.378195554e-09,1.397552445e-09,1.416890294e-09,1.436149893e-09,1.455402896e-09,1.474706222e-09,1.49403302e-09,1.51329753e-09,1.532668519e-09,1.551907514e-09,1.584800875e-09,1.616545601e-09,1.648463975e-09,1.678004709e-09]","[1.010558565e-09,1.023283949e-09,1.036022632e-09,1.048775095e-09,1.061550847e-09,1.074298039e-09,1.087076059e-09,1.099810623e-09,1.112560234e-09,1.125318458e-09,1.13806122e-09,1.150811045e-09,1.16354372e-09,1.176295987e-09,1.189044266e-09,1.201730463e-09,1.214472561e-09,1.227249316e-09,1.239981027e-09,1.252704267e-09,1.265525025e-09,1.278199626e-09,1.290907729e-09,1.303676268e-09,1.316433281e-09,1.329201964e-09,1.341876697e-09,1.354518258e-09,1.367252226e-09,1.378726944e-09]",0.9,000000000000000111111111100000,000000000000011111111110000000,000000000000011111111110000000,000000000000011111111110000000,0,13,22,10,1,1,0,0,0,phi_p04,4,medium_200mv_200ps,0.2,2e-10,1.554513925e-09,5.54513925e-10,0,0,0,0,2,0
scenarios/280_glitch_medium_200mv_200ps_phi_m04_o0280_v1p100000000000,capture,1.1,4,0,2.4512626e-10,1.2451262600000001e-09,"[1.069020134e-09,1.088269675e-09,1.107572288e-09,1.12688832e-09,1.146218733e-09,1.16553804e-09,1.184878294e-09,1.204218388e-09,1.223543704e-09,1.242899939e-09,1.26220638e-09,1.281586789e-09,1.300945735e-09,1.320284239e-09,1.339592926e-09,1.358962455e-09,1.378305771e-09,1.397692846e-09,1.417072492e-09,1.436439711e-09,1.455783204e-09,1.475116465e-09,1.494479472e-09,1.513815153e-09,1.533065564e-09,1.55238709e-09,1.575673421e-09,1.609129959e-09,1.640865385e-09,1.670451408e-09]","[1.010558565e-09,1.023283949e-09,1.036022632e-09,1.048775095e-09,1.061550847e-09,1.074298039e-09,1.087076059e-09,1.099810623e-09,1.112560234e-09,1.125318458e-09,1.13806122e-09,1.150811045e-09,1.16354372e-09,1.176295987e-09,1.189044266e-09,1.201730463e-09,1.214472561e-09,1.227249316e-09,1.239981027e-09,1.252668274e-09,1.265454483e-09,1.278205831e-09,1.290939913e-09,1.303683852e-09,1.316408325e-09,1.329149469e-09,1.341826353e-09,1.354621546e-09,1.367362986e-09,1.378790142e-09]",0.9,000000000111111110000000000000,000000011111111000000000000000,000000001111111000000000000000,000000001111111000000000000000,0,8,14,7,1,1,0,0,0,phi_m04,-4,medium_200mv_200ps,0.2,2e-10,1.56823236e-09,5.6823236e-10,0,0,0,0,2,0
scenarios/284_glitch_medium_200mv_200ps_phi_p04_o0284_v1p100000000000,capture,1.1,4,0,3.5487374e-10,1.35487374e-09,"[1.069020134e-09,1.088269675e-09,1.107572288e-09,1.12688832e-09,1.146218733e-09,1.16553804e-09,1.184878294e-09,1.204218388e-09,1.223543704e-09,1.242899939e-09,1.26226352e-09,1.281639938e-09,1.300963571e-09,1.320313059e-09,1.339572386e-09,1.358803181e-09,1.378195554e-09,1.397552445e-09,1.416890294e-09,1.436149893e-09,1.455402896e-09,1.474706222e-09,1.49403302e-09,1.51329753e-09,1.532668519e-09,1.551907514e-09,1.575173481e-09,1.608646894e-09,1.64050374e-09,1.670121425e-09]","[1.010558565e-09,1.023283949e-09,1.036022632e-09,1.048775095e-09,1.061550847e-09,1.074298039e-09,1.087076059e-09,1.099810623e-09,1.112560234e-09,1.125318458e-09,1.13806122e-09,1.150811045e-09,1.16354372e-09,1.176295987e-09,1.189044266e-09,1.201730463e-09,1.214472561e-09,1.227249316e-09,1.239981027e-09,1.252704267e-09,1.265525025e-09,1.278199626e-09,1.290907729e-09,1.303676268e-09,1.316433281e-09,1.329201964e-09,1.341876697e-09,1.354518258e-09,1.367252226e-09,1.378726944e-09]",0.9,000000000000000111111111100000,000000000000011111111110000000,000000000000011111111110000000,000000000000011111111110000000,0,13,22,10,1,1,0,0,0,phi_p04,4,medium_200mv_200ps,0.2,2e-10,1.56823236e-09,5.6823236e-10,0,0,0,0,2,0
scenarios/285_glitch_medium_200mv_200ps_phi_m04_o0285_v1p100000000000,capture,1.1,4,0,2.4512626e-10,1.2451262600000001e-09,"[1.069020134e-09,1.088269675e-09,1.107572288e-09,1.12688832e-09,1.146218733e-09,1.16553804e-09,1.184878294e-09,1.204218388e-09,1.223543704e-09,1.242899939e-09,1.26220638e-09,1.281586789e-09,1.300945735e-09,1.320284239e-09,1.339592926e-09,1.358962455e-09,1.378305771e-09,1.397692846e-09,1.417072492e-09,1.436439711e-09,1.455783204e-09,1.475116465e-09,1.494479472e-09,1.513815153e-09,1.533065564e-09,1.55238709e-09,1.571558206e-09,1.599440758e-09,1.631542009e-09,1.661005447e-09]","[1.010558565e-09,1.023283949e-09,1.036022632e-09,1.048775095e-09,1.061550847e-09,1.074298039e-09,1.087076059e-09,1.099810623e-09,1.112560234e-09,1.125318458e-09,1.13806122e-09,1.150811045e-09,1.16354372e-09,1.176295987e-09,1.189044266e-09,1.201730463e-09,1.214472561e-09,1.227249316e-09,1.239981027e-09,1.252668274e-09,1.265454483e-09,1.278205831e-09,1.290939913e-09,1.303683852e-09,1.316408325e-09,1.329149469e-09,1.341826353e-09,1.354621546e-09,1.367362986e-09,1.378790142e-09]",0.9,000000000111111110000000000000,000000011111111000000000000000,000000001111111000000000000000,000000001111111000000000000000,0,8,14,7,1,1,0,0,0,phi_m04,-4,medium_200mv_200ps,0.2,2e-10,1.581950795e-09,5.81950795e-10,0,0,0,0,2,0
scenarios/289_glitch_medium_200mv_200ps_phi_p04_o0289_v1p100000000000,capture,1.1,4,0,3.5487374e-10,1.35487374e-09,"[1.069020134e-09,1.088269675e-09,1.107572288e-09,1.12688832e-09,1.146218733e-09,1.16553804e-09,1.184878294e-09,1.204218388e-09,1.223543704e-09,1.242899939e-09,1.26226352e-09,1.281639938e-09,1.300963571e-09,1.320313059e-09,1.339572386e-09,1.358803181e-09,1.378195554e-09,1.397552445e-09,1.416890294e-09,1.436149893e-09,1.455402896e-09,1.474706222e-09,1.49403302e-09,1.51329753e-09,1.532668519e-09,1.551907514e-09,1.571262085e-09,1.598963772e-09,1.631121011e-09,1.66076249e-09]","[1.010558565e-09,1.023283949e-09,1.036022632e-09,1.048775095e-09,1.061550847e-09,1.074298039e-09,1.087076059e-09,1.099810623e-09,1.112560234e-09,1.125318458e-09,1.13806122e-09,1.150811045e-09,1.16354372e-09,1.176295987e-09,1.189044266e-09,1.201730463e-09,1.214472561e-09,1.227249316e-09,1.239981027e-09,1.252704267e-09,1.265525025e-09,1.278199626e-09,1.290907729e-09,1.303676268e-09,1.316433281e-09,1.329201964e-09,1.341876697e-09,1.354518258e-09,1.367252226e-09,1.378726944e-09]",0.9,000000000000000111111111100000,000000000000011111111110000000,000000000000011111111110000000,000000000000011111111110000000,0,13,22,10,1,1,0,0,0,phi_p04,4,medium_200mv_200ps,0.2,2e-10,1.581950795e-09,5.81950795e-10,0,0,0,0,2,0
scenarios/290_glitch_medium_200mv_200ps_phi_m04_o0290_v1p100000000000,capture,1.1,4,0,2.4512626e-10,1.2451262600000001e-09,"[1.069020134e-09,1.088269675e-09,1.107572288e-09,1.12688832e-09,1.146218733e-09,1.16553804e-09,1.184878294e-09,1.204218388e-09,1.223543704e-09,1.242899939e-09,1.26220638e-09,1.281586789e-09,1.300945735e-09,1.320284239e-09,1.339592926e-09,1.358962455e-09,1.378305771e-09,1.397692846e-09,1.417072492e-09,1.436439711e-09,1.455783204e-09,1.475116465e-09,1.494479472e-09,1.513815153e-09,1.533065564e-09,1.55238709e-09,1.571558206e-09,1.590865881e-09,1.622208668e-09,1.651844732e-09]","[1.010558565e-09,1.023283949e-09,1.036022632e-09,1.048775095e-09,1.061550847e-09,1.074298039e-09,1.087076059e-09,1.099810623e-09,1.112560234e-09,1.125318458e-09,1.13806122e-09,1.150811045e-09,1.16354372e-09,1.176295987e-09,1.189044266e-09,1.201730463e-09,1.214472561e-09,1.227249316e-09,1.239981027e-09,1.252668274e-09,1.265454483e-09,1.278205831e-09,1.290939913e-09,1.303683852e-09,1.316408325e-09,1.329149469e-09,1.341826353e-09,1.354621546e-09,1.367362986e-09,1.378790142e-09]",0.9,000000000111111110000000000000,000000011111111000000000000000,000000001111111000000000000000,000000001111111000000000000000,0,8,14,7,1,1,0,0,0,phi_m04,-4,medium_200mv_200ps,0.2,2e-10,1.59566923e-09,5.9566923e-10,0,0,0,0,2,0
scenarios/294_glitch_medium_200mv_200ps_phi_p04_o0294_v1p100000000000,capture,1.1,4,0,3.5487374e-10,1.35487374e-09,"[1.069020134e-09,1.088269675e-09,1.107572288e-09,1.12688832e-09,1.146218733e-09,1.16553804e-09,1.184878294e-09,1.204218388e-09,1.223543704e-09,1.242899939e-09,1.26226352e-09,1.281639938e-09,1.300963571e-09,1.320313059e-09,1.339572386e-09,1.358803181e-09,1.378195554e-09,1.397552445e-09,1.416890294e-09,1.436149893e-09,1.455402896e-09,1.474706222e-09,1.49403302e-09,1.51329753e-09,1.532668519e-09,1.551907514e-09,1.571262085e-09,1.590631468e-09,1.621841477e-09,1.651509218e-09]","[1.010558565e-09,1.023283949e-09,1.036022632e-09,1.048775095e-09,1.061550847e-09,1.074298039e-09,1.087076059e-09,1.099810623e-09,1.112560234e-09,1.125318458e-09,1.13806122e-09,1.150811045e-09,1.16354372e-09,1.176295987e-09,1.189044266e-09,1.201730463e-09,1.214472561e-09,1.227249316e-09,1.239981027e-09,1.252704267e-09,1.265525025e-09,1.278199626e-09,1.290907729e-09,1.303676268e-09,1.316433281e-09,1.329201964e-09,1.341876697e-09,1.354518258e-09,1.367252226e-09,1.378726944e-09]",0.9,000000000000000111111111100000,000000000000011111111110000000,000000000000011111111110000000,000000000000011111111110000000,0,13,22,10,1,1,0,0,0,phi_p04,4,medium_200mv_200ps,0.2,2e-10,1.59566923e-09,5.9566923e-10,0,0,0,0,2,0
scenarios/295_glitch_medium_200mv_200ps_phi_m04_o0295_v1p100000000000,capture,1.1,4,0,2.4512626e-10,1.2451262600000001e-09,"[1.069020134e-09,1.088269675e-09,1.107572288e-09,1.12688832e-09,1.146218733e-09,1.16553804e-09,1.184878294e-09,1.204218388e-09,1.223543704e-09,1.242899939e-09,1.26220638e-09,1.281586789e-09,1.300945735e-09,1.320284239e-09,1.339592926e-09,1.358962455e-09,1.378305771e-09,1.397692846e-09,1.417072492e-09,1.436439711e-09,1.455783204e-09,1.475116465e-09,1.494479472e-09,1.513815153e-09,1.533065564e-09,1.55238709e-09,1.571558206e-09,1.590865881e-09,1.612232976e-09,1.643519272e-09]","[1.010558565e-09,1.023283949e-09,1.036022632e-09,1.048775095e-09,1.061550847e-09,1.074298039e-09,1.087076059e-09,1.099810623e-09,1.112560234e-09,1.125318458e-09,1.13806122e-09,1.150811045e-09,1.16354372e-09,1.176295987e-09,1.189044266e-09,1.201730463e-09,1.214472561e-09,1.227249316e-09,1.239981027e-09,1.252668274e-09,1.265454483e-09,1.278205831e-09,1.290939913e-09,1.303683852e-09,1.316408325e-09,1.329149469e-09,1.341826353e-09,1.354621546e-09,1.367362986e-09,1.378790142e-09]",0.9,000000000111111110000000000000,000000011111111000000000000000,000000001111111000000000000000,000000001111111000000000000000,0,8,14,7,1,1,0,0,0,phi_m04,-4,medium_200mv_200ps,0.2,2e-10,1.609387665e-09,6.093876649999999e-10,0,0,0,0,2,0
scenarios/299_glitch_medium_200mv_200ps_phi_p04_o0299_v1p100000000000,capture,1.1,4,0,3.5487374e-10,1.35487374e-09,"[1.069020134e-09,1.088269675e-09,1.107572288e-09,1.12688832e-09,1.146218733e-09,1.16553804e-09,1.184878294e-09,1.204218388e-09,1.223543704e-09,1.242899939e-09,1.26226352e-09,1.281639938e-09,1.300963571e-09,1.320313059e-09,1.339572386e-09,1.358803181e-09,1.378195554e-09,1.397552445e-09,1.416890294e-09,1.436149893e-09,1.455402896e-09,1.474706222e-09,1.49403302e-09,1.51329753e-09,1.532668519e-09,1.551907514e-09,1.571262085e-09,1.590631468e-09,1.612063771e-09,1.643327962e-09]","[1.010558565e-09,1.023283949e-09,1.036022632e-09,1.048775095e-09,1.061550847e-09,1.074298039e-09,1.087076059e-09,1.099810623e-09,1.112560234e-09,1.125318458e-09,1.13806122e-09,1.150811045e-09,1.16354372e-09,1.176295987e-09,1.189044266e-09,1.201730463e-09,1.214472561e-09,1.227249316e-09,1.239981027e-09,1.252704267e-09,1.265525025e-09,1.278199626e-09,1.290907729e-09,1.303676268e-09,1.316433281e-09,1.329201964e-09,1.341876697e-09,1.354518258e-09,1.367252226e-09,1.378726944e-09]",0.9,000000000000000111111111100000,000000000000011111111110000000,000000000000011111111110000000,000000000000011111111110000000,0,13,22,10,1,1,0,0,0,phi_p04,4,medium_200mv_200ps,0.2,2e-10,1.609387665e-09,6.093876649999999e-10,0,0,0,0,2,0
scenarios/300_glitch_medium_200mv_200ps_phi_m04_o0300_v1p100000000000,capture,1.1,4,0,2.4512626e-10,1.2451262600000001e-09,"[1.069020134e-09,1.088269675e-09,1.107572288e-09,1.12688832e-09,1.146218733e-09,1.16553804e-09,1.184878294e-09,1.204218388e-09,1.223543704e-09,1.242899939e-09,1.26220638e-09,1.281586789e-09,1.300945735e-09,1.320284239e-09,1.339592926e-09,1.358962455e-09,1.378305771e-09,1.397692846e-09,1.417072492e-09,1.436439711e-09,1.455783204e-09,1.475116465e-09,1.494479472e-09,1.513815153e-09,1.533065564e-09,1.55238709e-09,1.571558206e-09,1.590865881e-09,1.610127519e-09,1.633275667e-09]","[1.010558565e-09,1.023283949e-09,1.036022632e-09,1.048775095e-09,1.061550847e-09,1.074298039e-09,1.087076059e-09,1.099810623e-09,1.112560234e-09,1.125318458e-09,1.13806122e-09,1.150811045e-09,1.16354372e-09,1.176295987e-09,1.189044266e-09,1.201730463e-09,1.214472561e-09,1.227249316e-09,1.239981027e-09,1.252668274e-09,1.265454483e-09,1.278205831e-09,1.290939913e-09,1.303683852e-09,1.316408325e-09,1.329149469e-09,1.341826353e-09,1.354621546e-09,1.367362986e-09,1.378790142e-09]",0.9,000000000111111110000000000000,000000011111111000000000000000,000000001111111000000000000000,000000001111111000000000000000,0,8,14,7,1,1,0,0,0,phi_m04,-4,medium_200mv_200ps,0.2,2e-10,1.6231061000000002e-09,6.231061e-10,0,0,0,0,2,0
scenarios/304_glitch_medium_200mv_200ps_phi_p04_o0304_v1p100000000000,capture,1.1,4,0,3.5487374e-10,1.35487374e-09,"[1.069020134e-09,1.088269675e-09,1.107572288e-09,1.12688832e-09,1.146218733e-09,1.16553804e-09,1.184878294e-09,1.204218388e-09,1.223543704e-09,1.242899939e-09,1.26226352e-09,1.281639938e-09,1.300963571e-09,1.320313059e-09,1.339572386e-09,1.358803181e-09,1.378195554e-09,1.397552445e-09,1.416890294e-09,1.436149893e-09,1.455402896e-09,1.474706222e-09,1.49403302e-09,1.51329753e-09,1.532668519e-09,1.551907514e-09,1.571262085e-09,1.590631468e-09,1.60997411e-09,1.632974243e-09]","[1.010558565e-09,1.023283949e-09,1.036022632e-09,1.048775095e-09,1.061550847e-09,1.074298039e-09,1.087076059e-09,1.099810623e-09,1.112560234e-09,1.125318458e-09,1.13806122e-09,1.150811045e-09,1.16354372e-09,1.176295987e-09,1.189044266e-09,1.201730463e-09,1.214472561e-09,1.227249316e-09,1.239981027e-09,1.252704267e-09,1.265525025e-09,1.278199626e-09,1.290907729e-09,1.303676268e-09,1.316433281e-09,1.329201964e-09,1.341876697e-09,1.354518258e-09,1.367252226e-09,1.378726944e-09]",0.9,000000000000000111111111100000,000000000000011111111110000000,000000000000011111111110000000,000000000000011111111110000000,0,13,22,10,1,1,0,0,0,phi_p04,4,medium_200mv_200ps,0.2,2e-10,1.6231061000000002e-09,6.231061e-10,0,0,0,0,2,0
scenarios/305_glitch_medium_200mv_200ps_phi_m04_o0305_v1p100000000000,capture,1.1,4,0,2.4512626e-10,1.2451262600000001e-09,"[1.069020134e-09,1.088269675e-09,1.107572288e-09,1.12688832e-09,1.146218733e-09,1.16553804e-09,1.184878294e-09,1.204218388e-09,1.223543704e-09,1.242899939e-09,1.26220638e-09,1.281586789e-09,1.300945735e-09,1.320284239e-09,1.339592926e-09,1.358962455e-09,1.378305771e-09,1.397692846e-09,1.417072492e-09,1.436439711e-09,1.455783204e-09,1.475116465e-09,1.494479472e-09,1.513815153e-09,1.533065564e-09,1.55238709e-09,1.571558206e-09,1.590865881e-09,1.610127519e-09,1.6282357e-09]","[1.010558565e-09,1.023283949e-09,1.036022632e-09,1.048775095e-09,1.061550847e-09,1.074298039e-09,1.087076059e-09,1.099810623e-09,1.112560234e-09,1.125318458e-09,1.13806122e-09,1.150811045e-09,1.16354372e-09,1.176295987e-09,1.189044266e-09,1.201730463e-09,1.214472561e-09,1.227249316e-09,1.239981027e-09,1.252668274e-09,1.265454483e-09,1.278205831e-09,1.290939913e-09,1.303683852e-09,1.316408325e-09,1.329149469e-09,1.341826353e-09,1.354621546e-09,1.367362986e-09,1.378790142e-09]",0.9,000000000111111110000000000000,000000011111111000000000000000,000000001111111000000000000000,000000001111111000000000000000,0,8,14,7,1,1,0,0,0,phi_m04,-4,medium_200mv_200ps,0.2,2e-10,1.6368245350000002e-09,6.36824535e-10,0,0,0,0,2,0
scenarios/309_glitch_medium_200mv_200ps_phi_p04_o0309_v1p100000000000,capture,1.1,4,0,3.5487374e-10,1.35487374e-09,"[1.069020134e-09,1.088269675e-09,1.107572288e-09,1.12688832e-09,1.146218733e-09,1.16553804e-09,1.184878294e-09,1.204218388e-09,1.223543704e-09,1.242899939e-09,1.26226352e-09,1.281639938e-09,1.300963571e-09,1.320313059e-09,1.339572386e-09,1.358803181e-09,1.378195554e-09,1.397552445e-09,1.416890294e-09,1.436149893e-09,1.455402896e-09,1.474706222e-09,1.49403302e-09,1.51329753e-09,1.532668519e-09,1.551907514e-09,1.571262085e-09,1.590631468e-09,1.60997411e-09,1.628072725e-09]","[1.010558565e-09,1.023283949e-09,1.036022632e-09,1.048775095e-09,1.061550847e-09,1.074298039e-09,1.087076059e-09,1.099810623e-09,1.112560234e-09,1.125318458e-09,1.13806122e-09,1.150811045e-09,1.16354372e-09,1.176295987e-09,1.189044266e-09,1.201730463e-09,1.214472561e-09,1.227249316e-09,1.239981027e-09,1.252704267e-09,1.265525025e-09,1.278199626e-09,1.290907729e-09,1.303676268e-09,1.316433281e-09,1.329201964e-09,1.341876697e-09,1.354518258e-09,1.367252226e-09,1.378726944e-09]",0.9,000000000000000111111111100000,000000000000011111111110000000,000000000000011111111110000000,000000000000011111111110000000,0,13,22,10,1,1,0,0,0,phi_p04,4,medium_200mv_200ps,0.2,2e-10,1.6368245350000002e-09,6.36824535e-10,0,0,0,0,2,0
scenarios/310_glitch_medium_200mv_200ps_phi_m04_o0310_v1p100000000000,capture,1.1,4,0,2.4512626e-10,1.2451262600000001e-09,"[1.069020134e-09,1.088269675e-09,1.107572288e-09,1.12688832e-09,1.146218733e-09,1.16553804e-09,1.184878294e-09,1.204218388e-09,1.223543704e-09,1.242899939e-09,1.26220638e-09,1.281586789e-09,1.300945735e-09,1.320284239e-09,1.339592926e-09,1.358962455e-09,1.378305771e-09,1.397692846e-09,1.417072492e-09,1.436439711e-09,1.455783204e-09,1.475116465e-09,1.494479472e-09,1.513815153e-09,1.533065564e-09,1.55238709e-09,1.571558206e-09,1.590865881e-09,1.610127519e-09,1.6282357e-09]","[1.010558565e-09,1.023283949e-09,1.036022632e-09,1.048775095e-09,1.061550847e-09,1.074298039e-09,1.087076059e-09,1.099810623e-09,1.112560234e-09,1.125318458e-09,1.13806122e-09,1.150811045e-09,1.16354372e-09,1.176295987e-09,1.189044266e-09,1.201730463e-09,1.214472561e-09,1.227249316e-09,1.239981027e-09,1.252668274e-09,1.265454483e-09,1.278205831e-09,1.290939913e-09,1.303683852e-09,1.316408325e-09,1.329149469e-09,1.341826353e-09,1.354621546e-09,1.367362986e-09,1.378790142e-09]",0.9,000000000111111110000000000000,000000011111111000000000000000,000000001111111000000000000000,000000001111111000000000000000,0,8,14,7,1,1,0,0,0,phi_m04,-4,medium_200mv_200ps,0.2,2e-10,1.6505429700000002e-09,6.5054297e-10,0,0,0,0,2,0
scenarios/314_glitch_medium_200mv_200ps_phi_p04_o0314_v1p100000000000,capture,1.1,4,0,3.5487374e-10,1.35487374e-09,"[1.069020134e-09,1.088269675e-09,1.107572288e-09,1.12688832e-09,1.146218733e-09,1.16553804e-09,1.184878294e-09,1.204218388e-09,1.223543704e-09,1.242899939e-09,1.26226352e-09,1.281639938e-09,1.300963571e-09,1.320313059e-09,1.339572386e-09,1.358803181e-09,1.378195554e-09,1.397552445e-09,1.416890294e-09,1.436149893e-09,1.455402896e-09,1.474706222e-09,1.49403302e-09,1.51329753e-09,1.532668519e-09,1.551907514e-09,1.571262085e-09,1.590631468e-09,1.60997411e-09,1.628072725e-09]","[1.010558565e-09,1.023283949e-09,1.036022632e-09,1.048775095e-09,1.061550847e-09,1.074298039e-09,1.087076059e-09,1.099810623e-09,1.112560234e-09,1.125318458e-09,1.13806122e-09,1.150811045e-09,1.16354372e-09,1.176295987e-09,1.189044266e-09,1.201730463e-09,1.214472561e-09,1.227249316e-09,1.239981027e-09,1.252704267e-09,1.265525025e-09,1.278199626e-09,1.290907729e-09,1.303676268e-09,1.316433281e-09,1.329201964e-09,1.341876697e-09,1.354518258e-09,1.367252226e-09,1.378726944e-09]",0.9,000000000000000111111111100000,000000000000011111111110000000,000000000000011111111110000000,000000000000011111111110000000,0,13,22,10,1,1,0,0,0,phi_p04,4,medium_200mv_200ps,0.2,2e-10,1.6505429700000002e-09,6.5054297e-10,0,0,0,0,2,0
scenarios/315_glitch_medium_200mv_200ps_phi_m04_o0315_v1p100000000000,capture,1.1,4,0,2.4512626e-10,1.2451262600000001e-09,"[1.069020134e-09,1.088269675e-09,1.107572288e-09,1.12688832e-09,1.146218733e-09,1.16553804e-09,1.184878294e-09,1.204218388e-09,1.223543704e-09,1.242899939e-09,1.26220638e-09,1.281586789e-09,1.300945735e-09,1.320284239e-09,1.339592926e-09,1.358962455e-09,1.378305771e-09,1.397692846e-09,1.417072492e-09,1.436439711e-09,1.455783204e-09,1.475116465e-09,1.494479472e-09,1.513815153e-09,1.533065564e-09,1.55238709e-09,1.571558206e-09,1.590865881e-09,1.610127519e-09,1.6282357e-09]","[1.010558565e-09,1.023283949e-09,1.036022632e-09,1.048775095e-09,1.061550847e-09,1.074298039e-09,1.087076059e-09,1.099810623e-09,1.112560234e-09,1.125318458e-09,1.13806122e-09,1.150811045e-09,1.16354372e-09,1.176295987e-09,1.189044266e-09,1.201730463e-09,1.214472561e-09,1.227249316e-09,1.239981027e-09,1.252668274e-09,1.265454483e-09,1.278205831e-09,1.290939913e-09,1.303683852e-09,1.316408325e-09,1.329149469e-09,1.341826353e-09,1.354621546e-09,1.367362986e-09,1.378790142e-09]",0.9,000000000111111110000000000000,000000011111111000000000000000,000000001111111000000000000000,000000001111111000000000000000,0,8,14,7,1,1,0,0,0,phi_m04,-4,medium_200mv_200ps,0.2,2e-10,1.6642614050000002e-09,6.64261405e-10,0,0,0,0,2,0
scenarios/319_glitch_medium_200mv_200ps_phi_p04_o0319_v1p100000000000,capture,1.1,4,0,3.5487374e-10,1.35487374e-09,"[1.069020134e-09,1.088269675e-09,1.107572288e-09,1.12688832e-09,1.146218733e-09,1.16553804e-09,1.184878294e-09,1.204218388e-09,1.223543704e-09,1.242899939e-09,1.26226352e-09,1.281639938e-09,1.300963571e-09,1.320313059e-09,1.339572386e-09,1.358803181e-09,1.378195554e-09,1.397552445e-09,1.416890294e-09,1.436149893e-09,1.455402896e-09,1.474706222e-09,1.49403302e-09,1.51329753e-09,1.532668519e-09,1.551907514e-09,1.571262085e-09,1.590631468e-09,1.60997411e-09,1.628072725e-09]","[1.010558565e-09,1.023283949e-09,1.036022632e-09,1.048775095e-09,1.061550847e-09,1.074298039e-09,1.087076059e-09,1.099810623e-09,1.112560234e-09,1.125318458e-09,1.13806122e-09,1.150811045e-09,1.16354372e-09,1.176295987e-09,1.189044266e-09,1.201730463e-09,1.214472561e-09,1.227249316e-09,1.239981027e-09,1.252704267e-09,1.265525025e-09,1.278199626e-09,1.290907729e-09,1.303676268e-09,1.316433281e-09,1.329201964e-09,1.341876697e-09,1.354518258e-09,1.367252226e-09,1.378726944e-09]",0.9,000000000000000111111111100000,000000000000011111111110000000,000000000000011111111110000000,000000000000011111111110000000,0,13,22,10,1,1,0,0,0,phi_p04,4,medium_200mv_200ps,0.2,2e-10,1.6642614050000002e-09,6.64261405e-10,0,0,0,0,2,0
scenarios/320_glitch_medium_200mv_200ps_phi_m04_o0320_v1p100000000000,capture,1.1,4,0,2.4512626e-10,1.2451262600000001e-09,"[1.069020134e-09,1.088269675e-09,1.107572288e-09,1.12688832e-09,1.146218733e-09,1.16553804e-09,1.184878294e-09,1.204218388e-09,1.223543704e-09,1.242899939e-09,1.26220638e-09,1.281586789e-09,1.300945735e-09,1.320284239e-09,1.339592926e-09,1.358962455e-09,1.378305771e-09,1.397692846e-09,1.417072492e-09,1.436439711e-09,1.455783204e-09,1.475116465e-09,1.494479472e-09,1.513815153e-09,1.533065564e-09,1.55238709e-09,1.571558206e-09,1.590865881e-09,1.610127519e-09,1.6282357e-09]","[1.010558565e-09,1.023283949e-09,1.036022632e-09,1.048775095e-09,1.061550847e-09,1.074298039e-09,1.087076059e-09,1.099810623e-09,1.112560234e-09,1.125318458e-09,1.13806122e-09,1.150811045e-09,1.16354372e-09,1.176295987e-09,1.189044266e-09,1.201730463e-09,1.214472561e-09,1.227249316e-09,1.239981027e-09,1.252668274e-09,1.265454483e-09,1.278205831e-09,1.290939913e-09,1.303683852e-09,1.316408325e-09,1.329149469e-09,1.341826353e-09,1.354621546e-09,1.367362986e-09,1.378790142e-09]",0.9,000000000111111110000000000000,000000011111111000000000000000,000000001111111000000000000000,000000001111111000000000000000,0,8,14,7,1,1,0,0,0,phi_m04,-4,medium_200mv_200ps,0.2,2e-10,1.6779798400000001e-09,6.7797984e-10,0,0,0,0,2,0
scenarios/324_glitch_medium_200mv_200ps_phi_p04_o0324_v1p100000000000,capture,1.1,4,0,3.5487374e-10,1.35487374e-09,"[1.069020134e-09,1.088269675e-09,1.107572288e-09,1.12688832e-09,1.146218733e-09,1.16553804e-09,1.184878294e-09,1.204218388e-09,1.223543704e-09,1.242899939e-09,1.26226352e-09,1.281639938e-09,1.300963571e-09,1.320313059e-09,1.339572386e-09,1.358803181e-09,1.378195554e-09,1.397552445e-09,1.416890294e-09,1.436149893e-09,1.455402896e-09,1.474706222e-09,1.49403302e-09,1.51329753e-09,1.532668519e-09,1.551907514e-09,1.571262085e-09,1.590631468e-09,1.60997411e-09,1.628072725e-09]","[1.010558565e-09,1.023283949e-09,1.036022632e-09,1.048775095e-09,1.061550847e-09,1.074298039e-09,1.087076059e-09,1.099810623e-09,1.112560234e-09,1.125318458e-09,1.13806122e-09,1.150811045e-09,1.16354372e-09,1.176295987e-09,1.189044266e-09,1.201730463e-09,1.214472561e-09,1.227249316e-09,1.239981027e-09,1.252704267e-09,1.265525025e-09,1.278199626e-09,1.290907729e-09,1.303676268e-09,1.316433281e-09,1.329201964e-09,1.341876697e-09,1.354518258e-09,1.367252226e-09,1.378726944e-09]",0.9,000000000000000111111111100000,000000000000011111111110000000,000000000000011111111110000000,000000000000011111111110000000,0,13,22,10,1,1,0,0,0,phi_p04,4,medium_200mv_200ps,0.2,2e-10,1.6779798400000001e-09,6.7797984e-10,0,0,0,0,2,0
scenarios/325_glitch_medium_200mv_200ps_phi_m04_o0325_v1p100000000000,capture,1.1,4,0,2.4512626e-10,1.2451262600000001e-09,"[1.069020134e-09,1.088269675e-09,1.107572288e-09,1.12688832e-09,1.146218733e-09,1.16553804e-09,1.184878294e-09,1.204218388e-09,1.223543704e-09,1.242899939e-09,1.26220638e-09,1.281586789e-09,1.300945735e-09,1.320284239e-09,1.339592926e-09,1.358962455e-09,1.378305771e-09,1.397692846e-09,1.417072492e-09,1.436439711e-09,1.455783204e-09,1.475116465e-09,1.494479472e-09,1.513815153e-09,1.533065564e-09,1.55238709e-09,1.571558206e-09,1.590865881e-09,1.610127519e-09,1.6282357e-09]","[1.010558565e-09,1.023283949e-09,1.036022632e-09,1.048775095e-09,1.061550847e-09,1.074298039e-09,1.087076059e-09,1.099810623e-09,1.112560234e-09,1.125318458e-09,1.13806122e-09,1.150811045e-09,1.16354372e-09,1.176295987e-09,1.189044266e-09,1.201730463e-09,1.214472561e-09,1.227249316e-09,1.239981027e-09,1.252668274e-09,1.265454483e-09,1.278205831e-09,1.290939913e-09,1.303683852e-09,1.316408325e-09,1.329149469e-09,1.341826353e-09,1.354621546e-09,1.367362986e-09,1.378790142e-09]",0.9,000000000111111110000000000000,000000011111111000000000000000,000000001111111000000000000000,000000001111111000000000000000,0,8,14,7,1,1,0,0,0,phi_m04,-4,medium_200mv_200ps,0.2,2e-10,1.6916982750000001e-09,6.91698275e-10,0,0,0,0,2,0
scenarios/329_glitch_medium_200mv_200ps_phi_p04_o0329_v1p100000000000,capture,1.1,4,0,3.5487374e-10,1.35487374e-09,"[1.069020134e-09,1.088269675e-09,1.107572288e-09,1.12688832e-09,1.146218733e-09,1.16553804e-09,1.184878294e-09,1.204218388e-09,1.223543704e-09,1.242899939e-09,1.26226352e-09,1.281639938e-09,1.300963571e-09,1.320313059e-09,1.339572386e-09,1.358803181e-09,1.378195554e-09,1.397552445e-09,1.416890294e-09,1.436149893e-09,1.455402896e-09,1.474706222e-09,1.49403302e-09,1.51329753e-09,1.532668519e-09,1.551907514e-09,1.571262085e-09,1.590631468e-09,1.60997411e-09,1.628072725e-09]","[1.010558565e-09,1.023283949e-09,1.036022632e-09,1.048775095e-09,1.061550847e-09,1.074298039e-09,1.087076059e-09,1.099810623e-09,1.112560234e-09,1.125318458e-09,1.13806122e-09,1.150811045e-09,1.16354372e-09,1.176295987e-09,1.189044266e-09,1.201730463e-09,1.214472561e-09,1.227249316e-09,1.239981027e-09,1.252704267e-09,1.265525025e-09,1.278199626e-09,1.290907729e-09,1.303676268e-09,1.316433281e-09,1.329201964e-09,1.341876697e-09,1.354518258e-09,1.367252226e-09,1.378726944e-09]",0.9,000000000000000111111111100000,000000000000011111111110000000,000000000000011111111110000000,000000000000011111111110000000,0,13,22,10,1,1,0,0,0,phi_p04,4,medium_200mv_200ps,0.2,2e-10,1.6916982750000001e-09,6.91698275e-10,0,0,0,0,2,0
scenarios/330_glitch_medium_200mv_200ps_phi_m04_o0330_v1p100000000000,capture,1.1,4,0,2.4512626e-10,1.2451262600000001e-09,"[1.069020134e-09,1.088269675e-09,1.107572288e-09,1.12688832e-09,1.146218733e-09,1.16553804e-09,1.184878294e-09,1.204218388e-09,1.223543704e-09,1.242899939e-09,1.26220638e-09,1.281586789e-09,1.300945735e-09,1.320284239e-09,1.339592926e-09,1.358962455e-09,1.378305771e-09,1.397692846e-09,1.417072492e-09,1.436439711e-09,1.455783204e-09,1.475116465e-09,1.494479472e-09,1.513815153e-09,1.533065564e-09,1.55238709e-09,1.571558206e-09,1.590865881e-09,1.610127519e-09,1.6282357e-09]","[1.010558565e-09,1.023283949e-09,1.036022632e-09,1.048775095e-09,1.061550847e-09,1.074298039e-09,1.087076059e-09,1.099810623e-09,1.112560234e-09,1.125318458e-09,1.13806122e-09,1.150811045e-09,1.16354372e-09,1.176295987e-09,1.189044266e-09,1.201730463e-09,1.214472561e-09,1.227249316e-09,1.239981027e-09,1.252668274e-09,1.265454483e-09,1.278205831e-09,1.290939913e-09,1.303683852e-09,1.316408325e-09,1.329149469e-09,1.341826353e-09,1.354621546e-09,1.367362986e-09,1.378790142e-09]",0.9,000000000111111110000000000000,000000011111111000000000000000,000000001111111000000000000000,000000001111111000000000000000,0,8,14,7,1,1,0,0,0,phi_m04,-4,medium_200mv_200ps,0.2,2e-10,1.7054167100000001e-09,7.0541671e-10,0,0,0,0,2,0
scenarios/334_glitch_medium_200mv_200ps_phi_p04_o0334_v1p100000000000,capture,1.1,4,0,3.5487374e-10,1.35487374e-09,"[1.069020134e-09,1.088269675e-09,1.107572288e-09,1.12688832e-09,1.146218733e-09,1.16553804e-09,1.184878294e-09,1.204218388e-09,1.223543704e-09,1.242899939e-09,1.26226352e-09,1.281639938e-09,1.300963571e-09,1.320313059e-09,1.339572386e-09,1.358803181e-09,1.378195554e-09,1.397552445e-09,1.416890294e-09,1.436149893e-09,1.455402896e-09,1.474706222e-09,1.49403302e-09,1.51329753e-09,1.532668519e-09,1.551907514e-09,1.571262085e-09,1.590631468e-09,1.60997411e-09,1.628072725e-09]","[1.010558565e-09,1.023283949e-09,1.036022632e-09,1.048775095e-09,1.061550847e-09,1.074298039e-09,1.087076059e-09,1.099810623e-09,1.112560234e-09,1.125318458e-09,1.13806122e-09,1.150811045e-09,1.16354372e-09,1.176295987e-09,1.189044266e-09,1.201730463e-09,1.214472561e-09,1.227249316e-09,1.239981027e-09,1.252704267e-09,1.265525025e-09,1.278199626e-09,1.290907729e-09,1.303676268e-09,1.316433281e-09,1.329201964e-09,1.341876697e-09,1.354518258e-09,1.367252226e-09,1.378726944e-09]",0.9,000000000000000111111111100000,000000000000011111111110000000,000000000000011111111110000000,000000000000011111111110000000,0,13,22,10,1,1,0,0,0,phi_p04,4,medium_200mv_200ps,0.2,2e-10,1.7054167100000001e-09,7.0541671e-10,0,0,0,0,2,0
scenarios/335_glitch_medium_200mv_200ps_phi_m04_o0335_v1p100000000000,capture,1.1,4,0,2.4512626e-10,1.2451262600000001e-09,"[1.069020134e-09,1.088269675e-09,1.107572288e-09,1.12688832e-09,1.146218733e-09,1.16553804e-09,1.184878294e-09,1.204218388e-09,1.223543704e-09,1.242899939e-09,1.26220638e-09,1.281586789e-09,1.300945735e-09,1.320284239e-09,1.339592926e-09,1.358962455e-09,1.378305771e-09,1.397692846e-09,1.417072492e-09,1.436439711e-09,1.455783204e-09,1.475116465e-09,1.494479472e-09,1.513815153e-09,1.533065564e-09,1.55238709e-09,1.571558206e-09,1.590865881e-09,1.610127519e-09,1.6282357e-09]","[1.010558565e-09,1.023283949e-09,1.036022632e-09,1.048775095e-09,1.061550847e-09,1.074298039e-09,1.087076059e-09,1.099810623e-09,1.112560234e-09,1.125318458e-09,1.13806122e-09,1.150811045e-09,1.16354372e-09,1.176295987e-09,1.189044266e-09,1.201730463e-09,1.214472561e-09,1.227249316e-09,1.239981027e-09,1.252668274e-09,1.265454483e-09,1.278205831e-09,1.290939913e-09,1.303683852e-09,1.316408325e-09,1.329149469e-09,1.341826353e-09,1.354621546e-09,1.367362986e-09,1.378790142e-09]",0.9,000000000111111110000000000000,000000011111111000000000000000,000000001111111000000000000000,000000001111111000000000000000,0,8,14,7,1,1,0,0,0,phi_m04,-4,medium_200mv_200ps,0.2,2e-10,1.7191351450000001e-09,7.191351449999999e-10,0,0,0,0,2,0
scenarios/339_glitch_medium_200mv_200ps_phi_p04_o0339_v1p100000000000,capture,1.1,4,0,3.5487374e-10,1.35487374e-09,"[1.069020134e-09,1.088269675e-09,1.107572288e-09,1.12688832e-09,1.146218733e-09,1.16553804e-09,1.184878294e-09,1.204218388e-09,1.223543704e-09,1.242899939e-09,1.26226352e-09,1.281639938e-09,1.300963571e-09,1.320313059e-09,1.339572386e-09,1.358803181e-09,1.378195554e-09,1.397552445e-09,1.416890294e-09,1.436149893e-09,1.455402896e-09,1.474706222e-09,1.49403302e-09,1.51329753e-09,1.532668519e-09,1.551907514e-09,1.571262085e-09,1.590631468e-09,1.60997411e-09,1.628072725e-09]","[1.010558565e-09,1.023283949e-09,1.036022632e-09,1.048775095e-09,1.061550847e-09,1.074298039e-09,1.087076059e-09,1.099810623e-09,1.112560234e-09,1.125318458e-09,1.13806122e-09,1.150811045e-09,1.16354372e-09,1.176295987e-09,1.189044266e-09,1.201730463e-09,1.214472561e-09,1.227249316e-09,1.239981027e-09,1.252704267e-09,1.265525025e-09,1.278199626e-09,1.290907729e-09,1.303676268e-09,1.316433281e-09,1.329201964e-09,1.341876697e-09,1.354518258e-09,1.367252226e-09,1.378726944e-09]",0.9,000000000000000111111111100000,000000000000011111111110000000,000000000000011111111110000000,000000000000011111111110000000,0,13,22,10,1,1,0,0,0,phi_p04,4,medium_200mv_200ps,0.2,2e-10,1.7191351450000001e-09,7.191351449999999e-10,0,0,0,0,2,0
scenarios/340_glitch_medium_200mv_200ps_phi_m04_o0340_v1p100000000000,capture,1.1,4,0,2.4512626e-10,1.2451262600000001e-09,"[1.069020134e-09,1.088269675e-09,1.107572288e-09,1.12688832e-09,1.146218733e-09,1.16553804e-09,1.184878294e-09,1.204218388e-09,1.223543704e-09,1.242899939e-09,1.26220638e-09,1.281586789e-09,1.300945735e-09,1.320284239e-09,1.339592926e-09,1.358962455e-09,1.378305771e-09,1.397692846e-09,1.417072492e-09,1.436439711e-09,1.455783204e-09,1.475116465e-09,1.494479472e-09,1.513815153e-09,1.533065564e-09,1.55238709e-09,1.571558206e-09,1.590865881e-09,1.610127519e-09,1.6282357e-09]","[1.010558565e-09,1.023283949e-09,1.036022632e-09,1.048775095e-09,1.061550847e-09,1.074298039e-09,1.087076059e-09,1.099810623e-09,1.112560234e-09,1.125318458e-09,1.13806122e-09,1.150811045e-09,1.16354372e-09,1.176295987e-09,1.189044266e-09,1.201730463e-09,1.214472561e-09,1.227249316e-09,1.239981027e-09,1.252668274e-09,1.265454483e-09,1.278205831e-09,1.290939913e-09,1.303683852e-09,1.316408325e-09,1.329149469e-09,1.341826353e-09,1.354621546e-09,1.367362986e-09,1.378790142e-09]",0.9,000000000111111110000000000000,000000011111111000000000000000,000000001111111000000000000000,000000001111111000000000000000,0,8,14,7,1,1,0,0,0,phi_m04,-4,medium_200mv_200ps,0.2,2e-10,1.73285358e-09,7.328535799999999e-10,0,0,0,0,2,0
scenarios/344_glitch_medium_200mv_200ps_phi_p04_o0344_v1p100000000000,capture,1.1,4,0,3.5487374e-10,1.35487374e-09,"[1.069020134e-09,1.088269675e-09,1.107572288e-09,1.12688832e-09,1.146218733e-09,1.16553804e-09,1.184878294e-09,1.204218388e-09,1.223543704e-09,1.242899939e-09,1.26226352e-09,1.281639938e-09,1.300963571e-09,1.320313059e-09,1.339572386e-09,1.358803181e-09,1.378195554e-09,1.397552445e-09,1.416890294e-09,1.436149893e-09,1.455402896e-09,1.474706222e-09,1.49403302e-09,1.51329753e-09,1.532668519e-09,1.551907514e-09,1.571262085e-09,1.590631468e-09,1.60997411e-09,1.628072725e-09]","[1.010558565e-09,1.023283949e-09,1.036022632e-09,1.048775095e-09,1.061550847e-09,1.074298039e-09,1.087076059e-09,1.099810623e-09,1.112560234e-09,1.125318458e-09,1.13806122e-09,1.150811045e-09,1.16354372e-09,1.176295987e-09,1.189044266e-09,1.201730463e-09,1.214472561e-09,1.227249316e-09,1.239981027e-09,1.252704267e-09,1.265525025e-09,1.278199626e-09,1.290907729e-09,1.303676268e-09,1.316433281e-09,1.329201964e-09,1.341876697e-09,1.354518258e-09,1.367252226e-09,1.378726944e-09]",0.9,000000000000000111111111100000,000000000000011111111110000000,000000000000011111111110000000,000000000000011111111110000000,0,13,22,10,1,1,0,0,0,phi_p04,4,medium_200mv_200ps,0.2,2e-10,1.73285358e-09,7.328535799999999e-10,0,0,0,0,2,0
scenarios/345_glitch_medium_200mv_200ps_phi_m04_o0345_v1p100000000000,capture,1.1,4,0,2.4512626e-10,1.2451262600000001e-09,"[1.069020134e-09,1.088269675e-09,1.107572288e-09,1.12688832e-09,1.146218733e-09,1.16553804e-09,1.184878294e-09,1.204218388e-09,1.223543704e-09,1.242899939e-09,1.26220638e-09,1.281586789e-09,1.300945735e-09,1.320284239e-09,1.339592926e-09,1.358962455e-09,1.378305771e-09,1.397692846e-09,1.417072492e-09,1.436439711e-09,1.455783204e-09,1.475116465e-09,1.494479472e-09,1.513815153e-09,1.533065564e-09,1.55238709e-09,1.571558206e-09,1.590865881e-09,1.610127519e-09,1.6282357e-09]","[1.010558565e-09,1.023283949e-09,1.036022632e-09,1.048775095e-09,1.061550847e-09,1.074298039e-09,1.087076059e-09,1.099810623e-09,1.112560234e-09,1.125318458e-09,1.13806122e-09,1.150811045e-09,1.16354372e-09,1.176295987e-09,1.189044266e-09,1.201730463e-09,1.214472561e-09,1.227249316e-09,1.239981027e-09,1.252668274e-09,1.265454483e-09,1.278205831e-09,1.290939913e-09,1.303683852e-09,1.316408325e-09,1.329149469e-09,1.341826353e-09,1.354621546e-09,1.367362986e-09,1.378790142e-09]",0.9,000000000111111110000000000000,000000011111111000000000000000,000000001111111000000000000000,000000001111111000000000000000,0,8,14,7,1,1,0,0,0,phi_m04,-4,medium_200mv_200ps,0.2,2e-10,1.746572015e-09,7.465720149999999e-10,0,0,0,0,2,0
scenarios/349_glitch_medium_200mv_200ps_phi_p04_o0349_v1p100000000000,capture,1.1,4,0,3.5487374e-10,1.35487374e-09,"[1.069020134e-09,1.088269675e-09,1.107572288e-09,1.12688832e-09,1.146218733e-09,1.16553804e-09,1.184878294e-09,1.204218388e-09,1.223543704e-09,1.242899939e-09,1.26226352e-09,1.281639938e-09,1.300963571e-09,1.320313059e-09,1.339572386e-09,1.358803181e-09,1.378195554e-09,1.397552445e-09,1.416890294e-09,1.436149893e-09,1.455402896e-09,1.474706222e-09,1.49403302e-09,1.51329753e-09,1.532668519e-09,1.551907514e-09,1.571262085e-09,1.590631468e-09,1.60997411e-09,1.628072725e-09]","[1.010558565e-09,1.023283949e-09,1.036022632e-09,1.048775095e-09,1.061550847e-09,1.074298039e-09,1.087076059e-09,1.099810623e-09,1.112560234e-09,1.125318458e-09,1.13806122e-09,1.150811045e-09,1.16354372e-09,1.176295987e-09,1.189044266e-09,1.201730463e-09,1.214472561e-09,1.227249316e-09,1.239981027e-09,1.252704267e-09,1.265525025e-09,1.278199626e-09,1.290907729e-09,1.303676268e-09,1.316433281e-09,1.329201964e-09,1.341876697e-09,1.354518258e-09,1.367252226e-09,1.378726944e-09]",0.9,000000000000000111111111100000,000000000000011111111110000000,000000000000011111111110000000,000000000000011111111110000000,0,13,22,10,1,1,0,0,0,phi_p04,4,medium_200mv_200ps,0.2,2e-10,1.746572015e-09,7.465720149999999e-10,0,0,0,0,2,0
